frame,wall_ms,work_ms,game_ms,gx_ms,present_ms,aud_ms,drawn,rt_ms,dec_ms,gdec_ms,calls,verts,recs,vchit
0,21.337,5.184,5.184,0.000,0.000,0.000,0,2.440,0.000,0.000,0,0,2,0
1,12.060,1.948,1.948,0.000,0.000,0.000,1,2.440,0.000,0.000,0,0,6,0
2,16.604,9.619,9.619,0.000,0.000,0.000,0,2.440,0.000,0.000,0,0,0,0
3,18.360,16.005,15.964,0.000,0.000,0.041,1,2.440,0.000,0.000,0,0,0,0
4,15.036,0.613,0.598,0.000,0.000,0.016,0,2.440,0.000,0.000,0,0,0,0
5,22.853,22.853,22.830,0.000,0.000,0.023,1,2.440,0.000,0.000,0,0,0,0
6,13.018,3.629,3.501,0.058,0.064,0.006,0,2.440,0.000,0.000,0,4,1,0
7,16.626,16.626,10.071,3.917,2.624,0.014,1,3.715,0.000,0.000,1,4,74,0
8,14.218,10.203,10.162,0.013,0.016,0.013,0,3.715,0.000,0.000,0,8,0,0
9,60.692,60.692,1.579,58.400,0.693,0.020,1,3.715,0.000,0.000,2,8,108,0
10,30.992,30.992,30.937,0.006,0.026,0.023,0,52.301,0.000,0.000,0,8,0,0
11,1.535,1.535,1.504,0.013,0.010,0.007,0,52.301,0.000,0.000,0,8,0,0
12,0.450,0.450,0.435,0.005,0.006,0.005,0,52.301,0.000,0.000,0,8,0,0
13,0.368,0.368,0.355,0.004,0.005,0.004,0,52.301,0.000,0.000,0,8,0,0
14,6.051,0.452,0.439,0.004,0.005,0.005,0,52.301,0.000,0.000,0,8,0,0
15,23.543,23.543,1.690,9.268,12.573,0.013,1,1.763,0.000,0.000,2,8,103,0
16,14.618,5.559,5.538,0.009,0.007,0.005,0,1.763,0.000,0.000,0,8,0,0
17,12.326,4.388,3.240,0.286,0.844,0.018,1,1.378,0.000,0.000,2,8,103,0
18,22.736,7.325,7.284,0.015,0.014,0.011,0,1.378,0.000,0.000,0,8,0,0
19,20.235,20.235,1.721,17.399,1.094,0.021,1,10.743,0.000,0.000,2,8,103,0
20,13.356,7.460,7.422,0.015,0.014,0.009,0,10.743,0.000,0.000,0,8,0,0
21,11.919,5.400,3.971,0.231,1.181,0.017,1,1.156,0.000,0.000,2,8,103,0
22,14.746,1.459,1.425,0.010,0.009,0.016,0,1.156,0.000,0.000,0,8,0,0
23,19.965,6.191,5.155,0.219,0.795,0.023,1,0.986,0.000,0.000,2,8,103,0
24,13.409,2.380,2.332,0.014,0.012,0.021,0,0.986,0.000,0.000,0,8,0,0
25,16.678,3.556,2.454,0.245,0.834,0.022,1,1.216,0.000,0.000,2,8,103,0
26,16.688,1.095,1.059,0.012,0.013,0.012,0,1.216,0.000,0.000,0,8,0,0
27,16.676,3.404,2.728,0.276,0.385,0.015,1,1.892,0.000,0.000,2,8,103,0
28,16.799,1.086,1.056,0.008,0.009,0.013,0,1.892,0.000,0.000,0,8,0,0
29,16.567,2.958,2.303,0.211,0.420,0.023,1,0.888,0.000,0.000,2,8,103,0
30,16.702,0.965,0.927,0.014,0.015,0.009,0,0.888,0.000,0.000,0,8,0,0
31,16.669,5.440,2.415,1.962,1.045,0.018,1,0.737,0.000,0.000,2,8,103,0
32,16.674,0.899,0.866,0.011,0.010,0.013,0,0.737,0.000,0.000,0,8,0,0
33,16.691,4.479,1.535,1.981,0.953,0.010,1,0.674,0.000,0.000,2,8,103,0
34,16.670,0.577,0.559,0.006,0.007,0.006,0,0.674,0.000,0.000,0,8,0,0
35,16.690,1.444,0.870,0.226,0.330,0.018,1,0.498,0.000,0.000,2,8,103,0
36,16.675,0.281,0.264,0.005,0.006,0.006,0,0.498,0.000,0.000,0,8,0,0
37,16.685,1.131,0.725,0.127,0.269,0.010,1,0.810,0.000,0.000,2,8,103,0
38,16.683,0.312,0.295,0.005,0.006,0.007,0,0.810,0.000,0.000,0,8,0,0
39,131.119,131.119,129.288,1.247,0.561,0.023,1,1.056,0.000,0.000,1,4,83,0
40,0.869,0.869,0.846,0.007,0.008,0.007,0,1.056,0.000,0.000,0,4,0,0
41,0.675,0.675,0.640,0.007,0.011,0.017,0,1.056,0.000,0.000,0,4,0,0
42,0.298,0.298,0.284,0.003,0.006,0.005,0,1.056,0.000,0.000,0,4,0,0
43,0.263,0.263,0.251,0.002,0.006,0.005,0,1.056,0.000,0.000,0,4,0,0
44,0.257,0.257,0.243,0.003,0.006,0.005,0,1.056,0.000,0.000,0,4,0,0
45,1.234,1.234,0.898,0.150,0.178,0.008,1,0.425,0.000,0.000,1,4,83,0
46,0.383,0.383,0.370,0.003,0.006,0.004,0,0.425,0.000,0.000,0,4,0,0
47,15.059,0.695,0.480,0.089,0.120,0.006,1,0.575,0.000,0.000,1,4,83,0
48,16.677,0.459,0.440,0.004,0.007,0.007,0,0.575,0.000,0.000,0,4,0,0
49,16.689,1.061,0.754,0.100,0.200,0.007,1,0.318,0.000,0.000,1,4,83,0
50,16.678,0.400,0.384,0.003,0.006,0.006,0,0.318,0.000,0.000,0,4,0,0
51,16.683,0.842,0.586,0.078,0.172,0.006,1,0.254,0.000,0.000,1,4,83,0
52,16.683,0.377,0.362,0.003,0.006,0.005,0,0.254,0.000,0.000,0,4,0,0
53,16.682,0.958,0.682,0.088,0.180,0.008,1,0.244,0.000,0.000,1,4,83,0
54,16.683,0.483,0.462,0.005,0.008,0.008,0,0.244,0.000,0.000,0,4,0,0
55,16.688,1.019,0.741,0.099,0.171,0.008,1,0.296,0.000,0.000,1,4,83,0
56,16.678,0.394,0.378,0.004,0.006,0.006,0,0.296,0.000,0.000,0,4,0,0
57,16.687,0.820,0.561,0.079,0.173,0.006,1,0.261,0.000,0.000,1,4,83,0
58,16.679,0.369,0.355,0.004,0.006,0.005,0,0.261,0.000,0.000,0,4,0,0
59,16.685,1.432,1.142,0.095,0.188,0.007,1,0.254,0.000,0.000,1,4,83,0
60,16.682,0.475,0.455,0.005,0.007,0.008,0,0.254,0.000,0.000,0,4,0,0
61,16.687,1.000,0.736,0.095,0.163,0.007,1,0.291,0.000,0.000,1,4,83,0
62,16.681,0.389,0.374,0.003,0.006,0.006,0,0.291,0.000,0.000,0,4,0,0
63,16.686,0.798,0.548,0.077,0.167,0.006,1,0.287,0.000,0.000,1,4,83,0
64,16.681,0.384,0.369,0.004,0.006,0.005,0,0.287,0.000,0.000,0,4,0,0
65,16.693,0.843,0.596,0.077,0.165,0.006,1,0.237,0.000,0.000,1,4,83,0
66,16.675,0.484,0.465,0.005,0.007,0.008,0,0.237,0.000,0.000,0,4,0,0
67,16.685,0.933,0.670,0.094,0.162,0.007,1,0.295,0.000,0.000,1,4,83,0
68,16.680,0.379,0.364,0.004,0.006,0.006,0,0.295,0.000,0.000,0,4,0,0
69,16.687,0.805,0.552,0.078,0.168,0.006,1,0.231,0.000,0.000,1,4,83,0
70,16.682,0.372,0.359,0.003,0.006,0.005,0,0.231,0.000,0.000,0,4,0,0
71,16.685,0.875,0.631,0.074,0.164,0.006,1,0.227,0.000,0.000,1,4,83,0
72,16.682,0.368,0.354,0.003,0.006,0.005,0,0.227,0.000,0.000,0,4,0,0
73,16.686,1.236,0.609,0.168,0.447,0.012,1,0.860,0.000,0.000,1,4,83,0
74,16.678,0.360,0.343,0.004,0.007,0.006,0,0.860,0.000,0.000,0,4,0,0
75,16.687,0.593,0.334,0.075,0.178,0.006,1,0.373,0.000,0.000,1,4,83,0
76,16.684,0.391,0.377,0.003,0.006,0.005,0,0.373,0.000,0.000,0,4,0,0
77,16.684,0.925,0.579,0.109,0.226,0.011,1,0.419,0.000,0.000,1,4,83,0
78,16.680,0.374,0.357,0.004,0.007,0.006,0,0.419,0.000,0.000,0,4,0,0
79,16.687,0.674,0.402,0.081,0.184,0.007,1,0.254,0.000,0.000,1,4,83,0
80,16.682,0.351,0.335,0.004,0.006,0.007,0,0.254,0.000,0.000,0,4,0,0
81,16.689,0.598,0.351,0.075,0.165,0.006,1,0.246,0.000,0.000,1,4,83,0
82,16.676,0.522,0.503,0.005,0.007,0.008,0,0.246,0.000,0.000,0,4,0,0
83,16.685,0.734,0.479,0.091,0.156,0.008,1,0.291,0.000,0.000,1,4,83,0
84,16.683,0.344,0.329,0.003,0.006,0.006,0,0.291,0.000,0.000,0,4,0,0
85,16.681,0.585,0.344,0.073,0.162,0.006,1,0.259,0.000,0.000,1,4,83,0
86,16.686,0.345,0.327,0.004,0.006,0.007,0,0.259,0.000,0.000,0,4,0,0
87,16.684,0.650,0.349,0.073,0.221,0.006,1,0.316,0.000,0.000,1,4,83,0
88,16.682,0.337,0.322,0.003,0.006,0.006,0,0.316,0.000,0.000,0,4,0,0
89,16.684,0.613,0.362,0.078,0.166,0.007,1,0.263,0.000,0.000,1,4,83,0
90,16.680,0.332,0.317,0.003,0.006,0.005,0,0.263,0.000,0.000,0,4,0,0
91,16.702,0.587,0.354,0.071,0.155,0.006,1,0.240,0.000,0.000,1,4,83,0
92,16.669,0.537,0.512,0.006,0.008,0.011,0,0.240,0.000,0.000,0,4,0,0
93,16.678,0.770,0.369,0.109,0.285,0.007,1,0.418,0.000,0.000,1,4,83,0
94,16.682,0.339,0.324,0.003,0.006,0.006,0,0.418,0.000,0.000,0,4,0,0
95,16.685,0.579,0.329,0.075,0.166,0.008,1,0.305,0.000,0.000,1,4,83,0
96,16.681,0.320,0.306,0.003,0.006,0.005,0,0.305,0.000,0.000,0,4,0,0
97,16.688,0.564,0.328,0.070,0.160,0.006,1,0.383,0.000,0.000,1,4,83,0
98,16.679,0.328,0.312,0.004,0.006,0.007,0,0.383,0.000,0.000,0,4,0,0
99,16.688,0.558,0.325,0.070,0.158,0.006,1,0.345,0.000,0.000,1,4,83,0
100,16.681,0.324,0.310,0.004,0.006,0.005,0,0.345,0.000,0.000,0,4,0,0
101,16.683,0.591,0.347,0.071,0.166,0.007,1,0.280,0.000,0.000,1,4,83,0
102,16.682,0.318,0.304,0.003,0.006,0.005,0,0.280,0.000,0.000,0,4,0,0
103,16.686,0.554,0.324,0.067,0.155,0.008,1,0.271,0.000,0.000,1,4,83,0
104,16.683,0.308,0.294,0.003,0.006,0.005,0,0.271,0.000,0.000,0,4,0,0
105,16.687,0.536,0.314,0.066,0.150,0.006,1,0.269,0.000,0.000,1,4,83,0
106,16.680,0.333,0.318,0.003,0.006,0.006,0,0.269,0.000,0.000,0,4,0,0
107,16.685,0.543,0.316,0.064,0.157,0.006,1,0.267,0.000,0.000,1,4,83,0
108,16.696,0.329,0.315,0.003,0.006,0.005,0,0.267,0.000,0.000,0,4,0,0
109,16.677,1.519,0.998,0.157,0.347,0.017,1,0.655,0.000,0.000,1,4,83,0
110,16.680,0.430,0.413,0.005,0.007,0.006,0,0.655,0.000,0.000,0,4,0,0
111,16.685,0.854,0.531,0.101,0.212,0.009,1,0.486,0.000,0.000,1,4,83,0
112,16.679,0.357,0.339,0.004,0.006,0.007,0,0.486,0.000,0.000,0,4,0,0
113,16.684,0.583,0.330,0.079,0.168,0.006,1,0.290,0.000,0.000,1,4,83,0
114,16.686,0.319,0.305,0.003,0.006,0.005,0,0.290,0.000,0.000,0,4,0,0
115,16.682,0.836,0.595,0.074,0.161,0.006,1,0.269,0.000,0.000,1,4,83,0
116,16.688,0.368,0.355,0.003,0.005,0.005,0,0.269,0.000,0.000,0,4,0,0
117,16.682,0.961,0.575,0.122,0.255,0.009,1,0.447,0.000,0.000,1,4,83,0
118,16.678,0.365,0.348,0.004,0.006,0.007,0,0.447,0.000,0.000,0,4,0,0
119,16.686,0.806,0.508,0.114,0.177,0.007,1,0.273,0.000,0.000,1,4,83,0
120,16.682,0.341,0.326,0.003,0.006,0.006,0,0.273,0.000,0.000,0,4,0,0
121,16.684,0.601,0.352,0.074,0.166,0.008,1,0.245,0.000,0.000,1,4,83,0
122,16.681,0.330,0.315,0.003,0.006,0.006,0,0.245,0.000,0.000,0,4,0,0
123,16.685,0.589,0.347,0.073,0.163,0.006,1,0.265,0.000,0.000,1,4,83,0
124,16.684,0.338,0.322,0.004,0.006,0.007,0,0.265,0.000,0.000,0,4,0,0
125,16.683,0.579,0.341,0.071,0.161,0.006,1,0.245,0.000,0.000,1,4,83,0
126,16.684,0.343,0.327,0.004,0.006,0.006,0,0.245,0.000,0.000,0,4,0,0
127,16.683,0.592,0.348,0.074,0.163,0.007,1,0.239,0.000,0.000,1,4,83,0
128,16.684,0.335,0.319,0.003,0.006,0.006,0,0.239,0.000,0.000,0,4,0,0
129,16.682,0.583,0.339,0.073,0.164,0.007,1,0.257,0.000,0.000,1,4,83,0
130,16.680,0.697,0.679,0.004,0.006,0.008,0,0.257,0.000,0.000,0,4,0,0
131,16.685,0.775,0.532,0.073,0.164,0.006,1,0.284,0.000,0.000,1,4,83,0
132,16.687,0.375,0.361,0.003,0.006,0.005,0,0.284,0.000,0.000,0,4,0,0
133,16.681,1.023,0.620,0.120,0.270,0.013,1,0.480,0.000,0.000,1,4,83,0
134,16.683,0.369,0.353,0.004,0.006,0.006,0,0.480,0.000,0.000,0,4,0,0
135,16.683,0.621,0.360,0.081,0.174,0.007,1,0.254,0.000,0.000,1,4,83,0
136,16.685,0.344,0.328,0.003,0.006,0.007,0,0.254,0.000,0.000,0,4,0,0
137,16.684,0.596,0.350,0.075,0.165,0.006,1,0.262,0.000,0.000,1,4,83,0
138,16.681,0.336,0.320,0.003,0.006,0.006,0,0.262,0.000,0.000,0,4,0,0
139,16.684,0.712,0.466,0.074,0.165,0.008,1,0.267,0.000,0.000,1,4,83,0
140,16.684,0.343,0.328,0.003,0.006,0.006,0,0.267,0.000,0.000,0,4,0,0
141,16.683,0.592,0.351,0.075,0.160,0.006,1,0.242,0.000,0.000,1,4,83,0
142,16.682,0.342,0.326,0.003,0.006,0.007,0,0.242,0.000,0.000,0,4,0,0
143,16.685,0.636,0.396,0.072,0.162,0.006,1,0.230,0.000,0.000,1,4,83,0
144,16.682,0.334,0.319,0.003,0.006,0.006,0,0.230,0.000,0.000,0,4,0,0
145,16.684,0.600,0.356,0.073,0.163,0.007,1,0.232,0.000,0.000,1,4,83,0
146,16.681,0.332,0.317,0.003,0.006,0.006,0,0.232,0.000,0.000,0,4,0,0
147,16.685,0.582,0.347,0.070,0.159,0.006,1,0.236,0.000,0.000,1,4,83,0
148,16.681,0.332,0.316,0.003,0.006,0.007,0,0.236,0.000,0.000,0,4,0,0
149,16.686,0.585,0.350,0.070,0.158,0.006,1,0.246,0.000,0.000,1,4,83,0
150,16.681,0.329,0.315,0.003,0.006,0.006,0,0.246,0.000,0.000,0,4,0,0
151,16.732,0.643,0.406,0.073,0.157,0.007,1,0.228,0.000,0.000,1,4,83,0
152,16.640,0.535,0.510,0.007,0.008,0.011,0,0.228,0.000,0.000,0,4,0,0
153,16.681,0.844,0.462,0.107,0.267,0.008,1,0.443,0.000,0.000,1,4,83,0
154,16.680,0.362,0.345,0.003,0.006,0.007,0,0.443,0.000,0.000,0,4,0,0
155,16.686,0.615,0.353,0.078,0.177,0.006,1,0.268,0.000,0.000,1,4,83,0
156,16.680,0.357,0.340,0.004,0.006,0.006,0,0.268,0.000,0.000,0,4,0,0
157,16.685,0.603,0.351,0.076,0.168,0.008,1,0.241,0.000,0.000,1,4,83,0
158,16.681,0.334,0.319,0.003,0.006,0.006,0,0.241,0.000,0.000,0,4,0,0
159,16.686,0.593,0.351,0.074,0.162,0.006,1,0.228,0.000,0.000,1,4,83,0
160,16.681,0.337,0.321,0.003,0.006,0.007,0,0.228,0.000,0.000,0,4,0,0
161,16.684,0.577,0.342,0.072,0.157,0.006,1,0.228,0.000,0.000,1,4,83,0
162,16.683,0.338,0.323,0.004,0.006,0.006,0,0.228,0.000,0.000,0,4,0,0
163,16.685,0.596,0.351,0.074,0.164,0.007,1,0.228,0.000,0.000,1,4,83,0
164,16.681,0.326,0.312,0.003,0.006,0.006,0,0.228,0.000,0.000,0,4,0,0
165,16.686,0.582,0.343,0.073,0.160,0.006,1,0.222,0.000,0.000,1,4,83,0
166,16.681,0.331,0.315,0.004,0.006,0.007,0,0.222,0.000,0.000,0,4,0,0
167,16.688,0.594,0.356,0.072,0.159,0.007,1,0.228,0.000,0.000,1,4,83,0
168,16.686,0.338,0.323,0.003,0.006,0.006,0,0.228,0.000,0.000,0,4,0,0
169,16.677,1.459,0.981,0.146,0.319,0.014,1,0.622,0.000,0.000,1,4,83,0
170,16.683,0.402,0.387,0.004,0.006,0.005,0,0.622,0.000,0.000,0,4,0,0
171,16.684,0.852,0.527,0.106,0.211,0.009,1,0.398,0.000,0.000,1,4,83,0
172,16.681,0.358,0.341,0.004,0.006,0.007,0,0.398,0.000,0.000,0,4,0,0
173,16.686,0.633,0.375,0.079,0.172,0.007,1,0.260,0.000,0.000,1,4,83,0
174,16.680,0.339,0.324,0.003,0.006,0.006,0,0.260,0.000,0.000,0,4,0,0
175,16.686,0.590,0.351,0.072,0.158,0.008,1,0.241,0.000,0.000,1,4,83,0
176,16.680,0.345,0.330,0.003,0.006,0.006,0,0.241,0.000,0.000,0,4,0,0
177,16.686,0.574,0.340,0.072,0.157,0.006,1,0.231,0.000,0.000,1,4,83,0
178,16.681,0.340,0.324,0.004,0.006,0.007,0,0.231,0.000,0.000,0,4,0,0
179,16.687,0.749,0.471,0.112,0.160,0.007,1,0.248,0.000,0.000,1,4,83,0
180,16.680,0.522,0.463,0.042,0.010,0.007,0,0.248,0.000,0.000,0,4,0,0
181,16.683,0.677,0.430,0.074,0.164,0.008,1,0.285,0.000,0.000,1,4,83,0
182,16.687,0.335,0.321,0.003,0.006,0.006,0,0.285,0.000,0.000,0,4,0,0
183,16.680,0.584,0.344,0.073,0.160,0.006,1,0.245,0.000,0.000,1,4,83,0
184,16.689,0.351,0.334,0.003,0.006,0.007,0,0.245,0.000,0.000,0,4,0,0
185,16.678,1.104,0.739,0.104,0.252,0.009,1,0.464,0.000,0.000,1,4,83,0
186,16.685,0.376,0.363,0.003,0.006,0.005,0,0.464,0.000,0.000,0,4,0,0
187,16.685,0.844,0.521,0.106,0.207,0.009,1,0.374,0.000,0.000,1,4,83,0
188,16.681,0.507,0.488,0.005,0.007,0.007,0,0.374,0.000,0.000,0,4,0,0
189,16.685,0.734,0.458,0.099,0.168,0.008,1,0.286,0.000,0.000,1,4,83,0
190,16.682,0.345,0.328,0.003,0.006,0.007,0,0.286,0.000,0.000,0,4,0,0
191,16.684,0.586,0.345,0.074,0.161,0.006,1,0.256,0.000,0.000,1,4,83,0
192,16.682,0.333,0.318,0.003,0.006,0.006,0,0.256,0.000,0.000,0,4,0,0
193,16.687,0.586,0.349,0.072,0.157,0.008,1,0.229,0.000,0.000,1,4,83,0
194,16.681,0.329,0.314,0.003,0.006,0.006,0,0.229,0.000,0.000,0,4,0,0
195,16.685,0.583,0.349,0.071,0.157,0.006,1,0.226,0.000,0.000,1,4,83,0
196,16.682,0.335,0.319,0.003,0.006,0.006,0,0.226,0.000,0.000,0,4,0,0
197,16.687,0.571,0.340,0.071,0.154,0.006,1,0.251,0.000,0.000,1,4,83,0
198,16.678,0.329,0.314,0.004,0.006,0.006,0,0.251,0.000,0.000,0,4,0,0
199,16.687,0.584,0.351,0.071,0.155,0.007,1,0.229,0.000,0.000,1,4,83,0
200,16.689,0.338,0.323,0.003,0.006,0.006,0,0.229,0.000,0.000,0,4,0,0
201,16.674,1.084,0.737,0.104,0.235,0.009,1,0.428,0.000,0.000,1,4,83,0
202,16.688,0.384,0.369,0.004,0.006,0.006,0,0.428,0.000,0.000,0,4,0,0
203,16.683,0.864,0.553,0.101,0.202,0.008,1,0.371,0.000,0.000,1,4,83,0
204,16.680,0.350,0.333,0.003,0.006,0.007,0,0.371,0.000,0.000,0,4,0,0
205,16.687,0.597,0.346,0.077,0.166,0.007,1,0.247,0.000,0.000,1,4,83,0
206,16.682,0.344,0.329,0.003,0.006,0.006,0,0.247,0.000,0.000,0,4,0,0
207,16.685,0.651,0.404,0.073,0.166,0.008,1,0.258,0.000,0.000,1,4,83,0
208,16.680,0.335,0.320,0.003,0.006,0.006,0,0.258,0.000,0.000,0,4,0,0
209,16.686,0.581,0.344,0.072,0.159,0.006,1,0.255,0.000,0.000,1,4,83,0
210,16.681,0.333,0.317,0.003,0.006,0.007,0,0.255,0.000,0.000,0,4,0,0
211,16.687,0.579,0.343,0.071,0.158,0.007,1,0.234,0.000,0.000,1,4,83,0
212,16.687,0.344,0.328,0.003,0.006,0.006,0,0.234,0.000,0.000,0,4,0,0
213,16.682,1.004,0.576,0.138,0.279,0.012,1,0.414,0.000,0.000,1,4,83,0
214,16.678,0.373,0.356,0.004,0.006,0.007,0,0.414,0.000,0.000,0,4,0,0
215,16.686,0.632,0.364,0.080,0.182,0.006,1,0.261,0.000,0.000,1,4,83,0
216,16.682,0.342,0.327,0.003,0.006,0.007,0,0.261,0.000,0.000,0,4,0,0
217,16.684,1.644,1.112,0.223,0.297,0.012,1,0.601,0.000,0.000,1,4,83,0
218,16.684,0.451,0.435,0.004,0.006,0.005,0,0.601,0.000,0.000,0,4,0,0
219,16.683,0.955,0.579,0.141,0.223,0.012,1,0.485,0.000,0.000,2,8,103,0
220,16.685,0.361,0.344,0.005,0.006,0.006,0,0.485,0.000,0.000,0,8,0,0
221,16.682,0.698,0.419,0.101,0.172,0.006,1,0.304,0.000,0.000,2,8,103,0
222,16.684,0.355,0.338,0.005,0.006,0.007,0,0.304,0.000,0.000,0,8,0,0
223,16.683,0.673,0.401,0.097,0.168,0.007,1,0.304,0.000,0.000,2,8,103,0
224,16.685,0.428,0.412,0.005,0.006,0.006,0,0.304,0.000,0.000,0,8,0,0
225,16.679,0.639,0.365,0.098,0.169,0.007,1,0.397,0.000,0.000,2,8,103,0
226,16.684,0.347,0.331,0.005,0.006,0.006,0,0.397,0.000,0.000,0,8,0,0
227,16.687,0.667,0.396,0.097,0.167,0.007,1,0.298,0.000,0.000,2,8,103,0
228,16.683,0.346,0.328,0.004,0.006,0.007,0,0.298,0.000,0.000,0,8,0,0
229,16.684,0.683,0.408,0.097,0.171,0.006,1,0.309,0.000,0.000,2,8,103,0
230,16.681,0.341,0.324,0.005,0.006,0.006,0,0.309,0.000,0.000,0,8,0,0
231,16.686,0.654,0.392,0.094,0.162,0.007,1,0.281,0.000,0.000,2,8,103,0
232,16.682,0.338,0.322,0.004,0.006,0.005,0,0.281,0.000,0.000,0,8,0,0
233,16.686,1.389,0.939,0.163,0.275,0.011,1,0.548,0.000,0.000,2,8,103,0
234,16.682,0.509,0.491,0.005,0.006,0.007,0,0.548,0.000,0.000,0,8,0,0
235,16.684,0.898,0.549,0.129,0.211,0.010,1,0.456,0.000,0.000,2,8,103,0
236,16.680,0.355,0.339,0.004,0.006,0.006,0,0.456,0.000,0.000,0,8,0,0
237,16.685,0.667,0.394,0.098,0.167,0.008,1,0.295,0.000,0.000,2,8,103,0
238,16.727,0.393,0.377,0.005,0.006,0.006,0,0.295,0.000,0.000,0,8,0,0
239,16.646,1.330,0.810,0.190,0.316,0.014,1,0.549,0.000,0.000,2,8,103,0
240,16.675,0.436,0.415,0.005,0.007,0.008,0,0.549,0.000,0.000,0,8,0,0
241,16.685,0.707,0.375,0.108,0.218,0.007,1,0.568,0.000,0.000,2,8,103,0
242,16.681,0.360,0.344,0.004,0.006,0.006,0,0.568,0.000,0.000,0,8,0,0
243,16.685,0.612,0.338,0.092,0.174,0.008,1,0.428,0.000,0.000,2,8,103,0
244,16.680,0.329,0.313,0.005,0.006,0.005,0,0.428,0.000,0.000,0,8,0,0
245,16.687,0.581,0.327,0.086,0.161,0.007,1,0.406,0.000,0.000,2,8,103,0
246,16.682,0.332,0.315,0.005,0.006,0.007,0,0.406,0.000,0.000,0,8,0,0
247,16.686,0.595,0.335,0.094,0.159,0.007,1,0.396,0.000,0.000,2,8,103,0
248,16.679,0.326,0.311,0.004,0.006,0.005,0,0.396,0.000,0.000,0,8,0,0
249,16.693,1.477,1.004,0.085,0.370,0.018,1,1.003,0.000,0.000,2,8,103,0
250,16.679,0.666,0.644,0.010,0.006,0.006,0,1.003,0.000,0.000,0,8,0,0
251,38.604,38.604,12.389,25.723,0.476,0.016,1,1.003,0.000,0.000,2,8,108,0
252,1.005,1.005,0.978,0.011,0.008,0.008,0,1.003,0.000,0.000,0,8,0,0
253,10.444,4.540,4.525,0.004,0.006,0.005,0,1.003,0.000,0.000,0,8,0,0
254,16.681,4.552,4.536,0.005,0.006,0.005,0,30.708,0.000,0.000,0,8,0,0
255,16.683,0.952,0.610,0.168,0.167,0.007,1,0.440,0.000,0.000,2,8,103,0
256,16.689,0.452,0.435,0.005,0.006,0.006,0,0.440,0.000,0.000,0,8,0,0
257,16.680,1.447,0.868,0.198,0.362,0.020,1,0.738,0.000,0.000,2,8,103,0
258,16.677,0.376,0.358,0.005,0.007,0.007,0,0.738,0.000,0.000,0,8,0,0
259,16.687,0.637,0.354,0.099,0.176,0.007,1,0.420,0.000,0.000,2,8,103,0
260,16.681,0.336,0.320,0.004,0.006,0.005,0,0.420,0.000,0.000,0,8,0,0
261,16.688,0.597,0.333,0.089,0.169,0.007,1,0.403,0.000,0.000,2,8,103,0
262,16.678,0.346,0.329,0.005,0.006,0.006,0,0.403,0.000,0.000,0,8,0,0
263,16.686,0.587,0.330,0.088,0.163,0.006,1,0.380,0.000,0.000,2,8,103,0
264,16.681,0.325,0.309,0.004,0.006,0.007,0,0.380,0.000,0.000,0,8,0,0
265,16.686,0.576,0.323,0.090,0.156,0.006,1,0.712,0.000,0.000,2,8,103,0
266,16.684,0.382,0.367,0.004,0.006,0.005,0,0.712,0.000,0.000,0,8,0,0
267,16.684,1.065,0.641,0.152,0.260,0.012,1,0.553,0.000,0.000,2,8,103,0
268,16.681,0.371,0.354,0.005,0.006,0.006,0,0.553,0.000,0.000,0,8,0,0
269,16.685,0.661,0.372,0.104,0.177,0.007,1,0.335,0.000,0.000,2,8,103,0
270,16.681,0.352,0.335,0.005,0.006,0.007,0,0.335,0.000,0.000,0,8,0,0
271,16.687,0.735,0.458,0.100,0.171,0.006,1,0.288,0.000,0.000,2,8,103,0
272,16.683,0.346,0.329,0.005,0.006,0.006,0,0.288,0.000,0.000,0,8,0,0
273,16.686,0.900,0.530,0.118,0.240,0.012,1,0.661,0.000,0.000,2,8,103,0
274,16.678,0.376,0.359,0.005,0.006,0.006,0,0.661,0.000,0.000,0,8,0,0
275,16.684,0.706,0.412,0.103,0.185,0.006,1,0.352,0.000,0.000,2,8,103,0
276,16.683,0.350,0.333,0.004,0.006,0.007,0,0.352,0.000,0.000,0,8,0,0
277,16.684,0.686,0.414,0.097,0.168,0.007,1,0.297,0.000,0.000,2,8,103,0
278,16.683,0.340,0.324,0.004,0.006,0.006,0,0.297,0.000,0.000,0,8,0,0
279,16.686,0.679,0.408,0.097,0.167,0.007,1,0.291,0.000,0.000,2,8,103,0
280,16.680,0.342,0.326,0.005,0.006,0.006,0,0.291,0.000,0.000,0,8,0,0
281,16.685,1.198,0.458,0.094,0.634,0.012,1,0.283,0.000,0.000,2,8,103,0
282,16.682,0.375,0.357,0.004,0.006,0.008,0,0.283,0.000,0.000,0,8,0,0
283,16.686,0.653,0.375,0.094,0.177,0.006,1,0.331,0.000,0.000,2,8,103,0
284,16.681,0.348,0.332,0.005,0.006,0.006,0,0.331,0.000,0.000,0,8,0,0
285,16.684,0.659,0.390,0.097,0.165,0.007,1,0.284,0.000,0.000,2,8,103,0
286,16.684,0.343,0.327,0.005,0.006,0.006,0,0.284,0.000,0.000,0,8,0,0
287,16.691,0.652,0.388,0.096,0.162,0.006,1,0.276,0.000,0.000,2,8,103,0
288,16.674,0.683,0.657,0.009,0.009,0.008,0,0.276,0.000,0.000,0,8,0,0
289,16.684,0.777,0.488,0.116,0.165,0.008,1,0.371,0.000,0.000,2,8,103,0
290,16.685,0.346,0.330,0.005,0.006,0.006,0,0.371,0.000,0.000,0,8,0,0
291,16.683,0.674,0.403,0.097,0.166,0.008,1,0.310,0.000,0.000,2,8,103,0
292,16.683,0.339,0.323,0.004,0.006,0.006,0,0.310,0.000,0.000,0,8,0,0
293,16.684,0.654,0.392,0.096,0.161,0.006,1,0.280,0.000,0.000,2,8,103,0
294,16.683,0.343,0.326,0.004,0.006,0.006,0,0.280,0.000,0.000,0,8,0,0
295,16.685,0.659,0.396,0.095,0.162,0.006,1,0.276,0.000,0.000,2,8,103,0
296,16.679,0.336,0.320,0.005,0.006,0.006,0,0.276,0.000,0.000,0,8,0,0
297,16.686,0.679,0.420,0.094,0.157,0.007,1,0.272,0.000,0.000,2,8,103,0
298,16.681,0.339,0.323,0.005,0.006,0.006,0,0.272,0.000,0.000,0,8,0,0
299,16.686,0.810,0.509,0.133,0.162,0.006,1,0.354,0.000,0.000,2,8,103,0
300,16.680,0.346,0.329,0.004,0.006,0.007,0,0.354,0.000,0.000,0,8,0,0
301,16.686,0.660,0.393,0.095,0.165,0.007,1,0.286,0.000,0.000,2,8,103,0
302,16.681,0.343,0.326,0.004,0.006,0.007,0,0.286,0.000,0.000,0,8,0,0
303,16.690,0.650,0.389,0.094,0.162,0.006,1,0.272,0.000,0.000,2,8,103,0
304,16.677,0.566,0.542,0.008,0.008,0.008,0,0.272,0.000,0.000,0,8,0,0
305,16.684,0.810,0.508,0.119,0.175,0.008,1,0.354,0.000,0.000,2,8,103,0
306,16.681,0.356,0.340,0.005,0.006,0.006,0,0.354,0.000,0.000,0,8,0,0
307,16.687,0.675,0.405,0.098,0.166,0.006,1,0.303,0.000,0.000,2,8,103,0
308,16.682,0.345,0.329,0.004,0.005,0.007,0,0.303,0.000,0.000,0,8,0,0
309,16.682,0.651,0.386,0.096,0.162,0.006,1,0.285,0.000,0.000,2,8,103,0
310,16.685,0.341,0.325,0.005,0.006,0.006,0,0.285,0.000,0.000,0,8,0,0
311,16.685,0.661,0.399,0.095,0.161,0.007,1,0.275,0.000,0.000,2,8,103,0
312,16.681,0.346,0.330,0.005,0.006,0.006,0,0.275,0.000,0.000,0,8,0,0
313,16.682,0.641,0.380,0.094,0.161,0.007,1,0.272,0.000,0.000,2,8,103,0
314,16.684,0.348,0.331,0.004,0.006,0.007,0,0.272,0.000,0.000,0,8,0,0
315,16.685,0.640,0.381,0.095,0.157,0.006,1,0.270,0.000,0.000,2,8,103,0
316,16.684,0.363,0.347,0.005,0.006,0.006,0,0.270,0.000,0.000,0,8,0,0
317,16.684,0.655,0.385,0.097,0.165,0.008,1,0.266,0.000,0.000,2,8,103,0
318,16.680,0.352,0.336,0.005,0.006,0.006,0,0.266,0.000,0.000,0,8,0,0
319,16.685,0.649,0.385,0.094,0.164,0.006,1,0.274,0.000,0.000,2,8,103,0
320,16.685,0.700,0.682,0.004,0.006,0.007,0,0.274,0.000,0.000,0,8,0,0
321,16.684,1.234,0.632,0.274,0.316,0.012,1,0.747,0.000,0.000,2,8,103,0
322,16.681,0.384,0.368,0.005,0.006,0.006,0,0.747,0.000,0.000,0,8,0,0
323,16.685,0.686,0.387,0.107,0.184,0.008,1,0.353,0.000,0.000,2,8,103,0
324,16.680,0.347,0.331,0.004,0.006,0.006,0,0.353,0.000,0.000,0,8,0,0
325,16.687,0.665,0.396,0.097,0.165,0.007,1,0.300,0.000,0.000,2,8,103,0
326,16.682,0.349,0.332,0.004,0.006,0.007,0,0.300,0.000,0.000,0,8,0,0
327,16.685,0.661,0.395,0.096,0.163,0.006,1,0.297,0.000,0.000,2,8,103,0
328,16.684,0.346,0.330,0.005,0.006,0.006,0,0.297,0.000,0.000,0,8,0,0
329,16.681,0.691,0.415,0.099,0.169,0.007,1,0.296,0.000,0.000,2,8,103,0
330,16.685,0.352,0.336,0.005,0.006,0.006,0,0.296,0.000,0.000,0,8,0,0
331,16.683,0.655,0.388,0.097,0.164,0.007,1,0.288,0.000,0.000,2,8,103,0
332,16.702,0.367,0.350,0.005,0.006,0.006,0,0.288,0.000,0.000,0,8,0,0
333,16.667,1.085,0.584,0.154,0.274,0.073,1,0.445,0.000,0.000,2,8,103,0
334,16.680,0.399,0.381,0.005,0.007,0.006,0,0.445,0.000,0.000,0,8,0,0
335,16.837,0.830,0.529,0.104,0.188,0.008,1,0.330,0.000,0.000,2,8,103,0
336,16.543,0.643,0.622,0.006,0.007,0.008,0,0.330,0.000,0.000,0,8,0,0
337,16.683,2.252,1.759,0.184,0.296,0.013,1,0.634,0.000,0.000,2,8,103,0
338,16.673,0.628,0.596,0.010,0.010,0.013,0,0.634,0.000,0.000,0,8,0,0
339,16.685,0.799,0.400,0.147,0.244,0.007,1,0.830,0.000,0.000,2,8,103,0
340,16.680,0.403,0.385,0.005,0.007,0.006,0,0.830,0.000,0.000,0,8,0,0
341,16.683,0.700,0.361,0.101,0.229,0.009,1,0.519,0.000,0.000,2,8,103,0
342,38.717,38.717,38.669,0.012,0.019,0.017,0,0.519,0.000,0.000,0,4,0,0
343,1.191,1.191,1.138,0.009,0.019,0.025,0,0.519,0.000,0.000,0,4,0,0
344,10.142,1.411,0.694,0.189,0.515,0.013,1,0.905,0.000,0.000,1,4,83,0
345,16.691,0.481,0.465,0.004,0.007,0.005,0,0.905,0.000,0.000,0,4,0,0
346,16.679,1.383,0.825,0.193,0.349,0.017,1,0.922,0.000,0.000,1,4,83,0
347,16.680,0.408,0.390,0.004,0.007,0.008,0,0.922,0.000,0.000,0,4,0,0
348,16.683,0.762,0.398,0.084,0.274,0.007,1,0.351,0.000,0.000,1,4,83,0
349,16.681,0.406,0.390,0.004,0.006,0.006,0,0.351,0.000,0.000,0,4,0,0
350,16.685,1.006,0.604,0.124,0.267,0.011,1,0.539,0.000,0.000,1,4,83,0
351,16.680,0.361,0.345,0.004,0.007,0.006,0,0.539,0.000,0.000,0,4,0,0
352,16.685,0.811,0.557,0.077,0.171,0.006,1,0.389,0.000,0.000,1,4,83,0
353,16.682,0.337,0.321,0.003,0.006,0.007,0,0.389,0.000,0.000,0,4,0,0
354,16.684,0.553,0.317,0.065,0.164,0.006,1,0.288,0.000,0.000,1,4,83,0
355,16.681,0.322,0.307,0.003,0.006,0.005,0,0.288,0.000,0.000,0,4,0,0
356,16.686,0.554,0.323,0.069,0.156,0.007,1,0.276,0.000,0.000,1,4,83,0
357,16.682,0.331,0.317,0.003,0.006,0.005,0,0.276,0.000,0.000,0,4,0,0
358,16.683,0.549,0.317,0.067,0.159,0.006,1,0.267,0.000,0.000,1,4,83,0
359,16.688,0.455,0.440,0.003,0.006,0.007,0,0.267,0.000,0.000,0,4,0,0
360,16.681,0.663,0.393,0.081,0.182,0.007,1,0.285,0.000,0.000,1,4,83,0
361,16.683,0.330,0.315,0.004,0.006,0.005,0,0.285,0.000,0.000,0,4,0,0
362,16.684,0.605,0.350,0.075,0.173,0.007,1,0.268,0.000,0.000,1,4,83,0
363,16.681,0.323,0.309,0.003,0.006,0.005,0,0.268,0.000,0.000,0,4,0,0
364,16.684,0.549,0.317,0.070,0.156,0.006,1,0.266,0.000,0.000,1,4,83,0
365,16.682,0.316,0.301,0.003,0.006,0.006,0,0.266,0.000,0.000,0,4,0,0
366,16.685,0.540,0.315,0.068,0.150,0.006,1,0.264,0.000,0.000,1,4,83,0
367,16.685,0.314,0.300,0.003,0.006,0.005,0,0.264,0.000,0.000,0,4,0,0
368,16.682,0.907,0.667,0.071,0.161,0.007,1,0.631,0.000,0.000,1,4,83,0
369,16.691,0.386,0.372,0.004,0.006,0.005,0,0.631,0.000,0.000,0,4,0,0
370,16.677,1.153,0.809,0.176,0.163,0.005,1,0.382,0.000,0.000,1,4,83,0
371,16.687,0.429,0.414,0.004,0.006,0.006,0,0.382,0.000,0.000,0,4,0,0
372,16.682,1.007,0.566,0.117,0.313,0.011,1,0.528,0.000,0.000,1,4,83,0
373,16.680,0.366,0.349,0.004,0.006,0.007,0,0.528,0.000,0.000,0,4,0,0
374,16.687,0.627,0.354,0.083,0.182,0.007,1,0.280,0.000,0.000,1,4,83,0
375,16.684,0.342,0.326,0.004,0.006,0.006,0,0.280,0.000,0.000,0,4,0,0
376,16.684,0.624,0.369,0.079,0.170,0.007,1,0.245,0.000,0.000,1,4,83,0
377,16.683,0.342,0.325,0.004,0.006,0.007,0,0.245,0.000,0.000,0,4,0,0
378,16.684,0.651,0.345,0.075,0.225,0.006,1,0.297,0.000,0.000,1,4,83,0
379,16.683,0.346,0.331,0.003,0.006,0.006,0,0.297,0.000,0.000,0,4,0,0
380,16.683,0.600,0.352,0.074,0.166,0.008,1,0.244,0.000,0.000,1,4,83,0
381,16.680,0.329,0.314,0.003,0.006,0.006,0,0.244,0.000,0.000,0,4,0,0
382,16.687,0.589,0.349,0.072,0.162,0.006,1,0.232,0.000,0.000,1,4,83,0
383,16.682,0.346,0.331,0.003,0.006,0.006,0,0.232,0.000,0.000,0,4,0,0
384,16.684,1.129,0.412,0.076,0.632,0.009,1,0.247,0.000,0.000,1,4,83,0
385,16.684,0.371,0.355,0.003,0.006,0.007,0,0.247,0.000,0.000,0,4,0,0
386,16.680,0.642,0.371,0.078,0.185,0.007,1,0.282,0.000,0.000,1,4,83,0
387,16.687,0.543,0.523,0.006,0.009,0.006,0,0.282,0.000,0.000,0,4,0,0
388,16.682,0.689,0.438,0.076,0.168,0.008,1,0.284,0.000,0.000,1,4,83,0
389,16.684,0.369,0.351,0.004,0.006,0.008,0,0.284,0.000,0.000,0,4,0,0
390,16.689,0.631,0.375,0.078,0.172,0.006,1,0.261,0.000,0.000,1,4,83,0
391,16.677,0.540,0.522,0.004,0.007,0.006,0,0.261,0.000,0.000,0,4,0,0
392,16.732,0.791,0.531,0.091,0.161,0.008,1,0.298,0.000,0.000,1,4,83,0
393,16.644,1.204,1.171,0.009,0.013,0.011,0,0.298,0.000,0.000,0,4,0,0
394,16.672,1.382,0.852,0.152,0.367,0.011,1,0.569,0.000,0.000,1,4,83,0
395,16.688,0.424,0.408,0.004,0.006,0.006,0,0.569,0.000,0.000,0,4,0,0
396,16.679,1.010,0.619,0.125,0.250,0.016,1,0.659,0.000,0.000,1,4,83,0
397,16.687,0.369,0.353,0.004,0.006,0.006,0,0.659,0.000,0.000,0,4,0,0
398,16.683,0.664,0.381,0.087,0.187,0.009,1,0.301,0.000,0.000,1,4,83,0
399,16.680,0.341,0.325,0.004,0.006,0.006,0,0.301,0.000,0.000,0,4,0,0
400,16.685,0.953,0.709,0.074,0.164,0.006,1,0.243,0.000,0.000,1,4,83,0
401,16.684,0.345,0.328,0.004,0.006,0.007,0,0.243,0.000,0.000,0,4,0,0
402,16.685,0.580,0.341,0.072,0.160,0.006,1,0.253,0.000,0.000,1,4,83,0
403,16.680,0.340,0.324,0.003,0.006,0.007,0,0.253,0.000,0.000,0,4,0,0
404,16.685,0.576,0.339,0.072,0.159,0.006,1,0.236,0.000,0.000,1,4,83,0
405,16.684,0.333,0.318,0.003,0.006,0.006,0,0.236,0.000,0.000,0,4,0,0
406,16.687,0.585,0.344,0.071,0.162,0.008,1,0.230,0.000,0.000,1,4,83,0
407,16.679,0.574,0.552,0.006,0.008,0.007,0,0.230,0.000,0.000,0,4,0,0
408,16.684,0.808,0.542,0.093,0.165,0.007,1,0.308,0.000,0.000,1,4,83,0
409,16.683,0.348,0.333,0.003,0.005,0.007,0,0.308,0.000,0.000,0,4,0,0
410,16.683,0.602,0.357,0.075,0.164,0.006,1,0.238,0.000,0.000,1,4,83,0
411,16.684,0.332,0.318,0.004,0.006,0.005,0,0.238,0.000,0.000,0,4,0,0
412,16.680,0.581,0.341,0.072,0.161,0.007,1,0.256,0.000,0.000,1,4,83,0
413,16.685,0.330,0.315,0.003,0.006,0.006,0,0.256,0.000,0.000,0,4,0,0
414,16.684,0.580,0.344,0.073,0.157,0.006,1,0.239,0.000,0.000,1,4,83,0
415,16.684,0.337,0.321,0.003,0.006,0.007,0,0.239,0.000,0.000,0,4,0,0
416,16.683,0.575,0.340,0.072,0.157,0.006,1,0.234,0.000,0.000,1,4,83,0
417,16.683,0.335,0.319,0.003,0.006,0.006,0,0.234,0.000,0.000,0,4,0,0
418,16.683,0.612,0.352,0.091,0.161,0.007,1,0.233,0.000,0.000,1,4,83,0
419,16.681,0.532,0.515,0.004,0.006,0.007,0,0.233,0.000,0.000,0,4,0,0
420,16.686,0.604,0.355,0.077,0.166,0.006,1,0.267,0.000,0.000,1,4,83,0
421,16.681,0.340,0.324,0.003,0.006,0.006,0,0.267,0.000,0.000,0,4,0,0
422,16.692,0.590,0.350,0.074,0.160,0.006,1,0.239,0.000,0.000,1,4,83,0
423,16.676,0.566,0.544,0.006,0.008,0.009,0,0.239,0.000,0.000,0,4,0,0
424,16.683,0.733,0.475,0.090,0.160,0.008,1,0.304,0.000,0.000,1,4,83,0
425,16.683,0.339,0.325,0.003,0.006,0.005,0,0.304,0.000,0.000,0,4,0,0
426,16.684,0.588,0.348,0.074,0.160,0.006,1,0.241,0.000,0.000,1,4,83,0
427,16.683,0.339,0.324,0.003,0.006,0.007,0,0.241,0.000,0.000,0,4,0,0
428,16.684,0.591,0.350,0.072,0.162,0.007,1,0.234,0.000,0.000,1,4,83,0
429,16.683,0.332,0.317,0.003,0.006,0.006,0,0.234,0.000,0.000,0,4,0,0
430,16.685,0.598,0.352,0.072,0.167,0.007,1,0.247,0.000,0.000,1,4,83,0
431,16.682,0.385,0.370,0.004,0.006,0.006,0,0.247,0.000,0.000,0,4,0,0
432,16.680,0.583,0.339,0.072,0.166,0.006,1,0.243,0.000,0.000,1,4,83,0
433,16.682,0.319,0.304,0.003,0.006,0.007,0,0.243,0.000,0.000,0,4,0,0
434,16.687,0.537,0.312,0.063,0.156,0.006,1,0.350,0.000,0.000,1,4,83,0
435,16.685,0.317,0.303,0.003,0.005,0.005,0,0.350,0.000,0.000,0,4,0,0
436,16.679,0.581,0.343,0.071,0.159,0.008,1,0.293,0.000,0.000,1,4,83,0
437,16.682,0.313,0.300,0.003,0.006,0.005,0,0.293,0.000,0.000,0,4,0,0
438,16.685,0.544,0.318,0.068,0.153,0.006,1,0.272,0.000,0.000,1,4,83,0
439,16.686,0.317,0.302,0.003,0.006,0.006,0,0.272,0.000,0.000,0,4,0,0
440,16.680,0.759,0.526,0.070,0.158,0.005,1,0.267,0.000,0.000,1,4,83,0
441,16.690,0.383,0.369,0.004,0.006,0.005,0,0.267,0.000,0.000,0,4,0,0
442,16.681,1.144,0.649,0.150,0.333,0.013,1,0.577,0.000,0.000,1,4,83,0
443,16.682,0.373,0.357,0.004,0.006,0.006,0,0.577,0.000,0.000,0,4,0,0
444,16.684,0.638,0.362,0.085,0.185,0.006,1,0.258,0.000,0.000,1,4,83,0
445,16.685,0.348,0.332,0.003,0.006,0.007,0,0.258,0.000,0.000,0,4,0,0
446,16.681,0.610,0.359,0.078,0.166,0.006,1,0.248,0.000,0.000,1,4,83,0
447,16.683,0.333,0.318,0.004,0.006,0.006,0,0.248,0.000,0.000,0,4,0,0
448,16.685,0.582,0.345,0.072,0.158,0.007,1,0.230,0.000,0.000,1,4,83,0
449,16.682,0.337,0.322,0.003,0.006,0.006,0,0.230,0.000,0.000,0,4,0,0
450,16.685,0.584,0.343,0.073,0.162,0.006,1,0.251,0.000,0.000,1,4,83,0
451,16.682,0.346,0.330,0.003,0.006,0.007,0,0.251,0.000,0.000,0,4,0,0
452,16.683,0.578,0.341,0.072,0.159,0.007,1,0.233,0.000,0.000,1,4,83,0
453,16.686,0.343,0.328,0.003,0.006,0.006,0,0.233,0.000,0.000,0,4,0,0
454,16.683,0.878,0.519,0.100,0.247,0.012,1,0.563,0.000,0.000,1,4,83,0
455,16.680,0.646,0.629,0.003,0.007,0.007,0,0.563,0.000,0.000,0,4,0,0
456,16.685,0.813,0.543,0.080,0.185,0.006,1,0.325,0.000,0.000,1,4,83,0
457,16.689,0.413,0.398,0.003,0.005,0.006,0,0.325,0.000,0.000,0,4,0,0
458,16.680,1.226,0.736,0.146,0.330,0.013,1,0.576,0.000,0.000,1,4,83,0
459,16.682,0.376,0.360,0.004,0.006,0.006,0,0.576,0.000,0.000,0,4,0,0
460,16.684,0.654,0.375,0.083,0.189,0.008,1,0.259,0.000,0.000,1,4,83,0
461,16.682,0.343,0.327,0.004,0.006,0.006,0,0.259,0.000,0.000,0,4,0,0
462,16.683,0.600,0.352,0.076,0.167,0.006,1,0.258,0.000,0.000,1,4,83,0
463,16.684,0.339,0.324,0.003,0.006,0.007,0,0.258,0.000,0.000,0,4,0,0
464,16.683,0.579,0.339,0.073,0.161,0.006,1,0.249,0.000,0.000,1,4,83,0
465,16.684,0.336,0.321,0.004,0.006,0.006,0,0.249,0.000,0.000,0,4,0,0
466,16.683,0.581,0.342,0.073,0.158,0.007,1,0.235,0.000,0.000,1,4,83,0
467,16.682,0.332,0.317,0.003,0.006,0.006,0,0.235,0.000,0.000,0,4,0,0
468,16.685,0.585,0.346,0.072,0.162,0.006,1,0.246,0.000,0.000,1,4,83,0
469,16.684,0.341,0.325,0.003,0.006,0.007,0,0.246,0.000,0.000,0,4,0,0
470,16.683,0.579,0.340,0.072,0.161,0.006,1,0.237,0.000,0.000,1,4,83,0
471,16.679,0.609,0.594,0.003,0.006,0.006,0,0.237,0.000,0.000,0,4,0,0
472,16.684,0.821,0.581,0.073,0.161,0.006,1,0.269,0.000,0.000,1,4,83,0
473,16.688,0.370,0.356,0.003,0.006,0.004,0,0.269,0.000,0.000,0,4,0,0
474,16.684,1.036,0.628,0.127,0.272,0.010,1,0.508,0.000,0.000,1,4,83,0
475,16.681,0.375,0.358,0.003,0.006,0.007,0,0.508,0.000,0.000,0,4,0,0
476,16.685,0.642,0.370,0.082,0.183,0.006,1,0.257,0.000,0.000,1,4,83,0
477,16.683,0.333,0.317,0.003,0.006,0.006,0,0.257,0.000,0.000,0,4,0,0
478,16.684,0.597,0.351,0.074,0.164,0.008,1,0.232,0.000,0.000,1,4,83,0
479,16.682,0.467,0.451,0.004,0.007,0.006,0,0.232,0.000,0.000,0,4,0,0
480,16.733,0.643,0.395,0.075,0.168,0.006,1,0.247,0.000,0.000,1,4,83,0
481,16.644,0.445,0.423,0.005,0.007,0.009,0,0.247,0.000,0.000,0,4,0,0
482,16.681,1.327,0.874,0.140,0.300,0.013,1,0.784,0.000,0.000,1,4,83,0
483,16.683,0.513,0.491,0.005,0.008,0.009,0,0.784,0.000,0.000,0,4,0,0
484,16.681,1.888,1.474,0.130,0.273,0.011,1,0.585,0.000,0.000,1,4,83,0
485,16.680,0.459,0.439,0.005,0.008,0.007,0,0.585,0.000,0.000,0,4,0,0
486,16.684,1.529,1.203,0.105,0.214,0.008,1,0.400,0.000,0.000,1,4,83,0
487,16.680,0.786,0.767,0.004,0.007,0.008,0,0.400,0.000,0.000,0,4,0,0
488,16.687,1.455,1.166,0.095,0.187,0.007,1,0.352,0.000,0.000,1,4,83,0
489,16.682,0.357,0.342,0.004,0.006,0.006,0,0.352,0.000,0.000,0,4,0,0
490,16.683,1.432,1.156,0.091,0.177,0.008,1,0.333,0.000,0.000,1,4,83,0
491,16.683,0.363,0.347,0.004,0.006,0.006,0,0.333,0.000,0.000,0,4,0,0
492,16.684,1.422,1.147,0.090,0.178,0.007,1,0.339,0.000,0.000,1,4,83,0
493,16.707,0.393,0.376,0.004,0.006,0.007,0,0.339,0.000,0.000,0,4,0,0
494,16.665,1.607,1.060,0.175,0.358,0.014,1,0.382,0.000,0.000,1,4,83,0
495,16.675,0.609,0.593,0.004,0.006,0.005,0,0.382,0.000,0.000,0,4,0,0
496,16.688,0.878,0.591,0.086,0.193,0.008,1,0.343,0.000,0.000,1,4,83,0
497,16.687,0.516,0.501,0.004,0.006,0.005,0,0.343,0.000,0.000,0,4,0,0
498,16.679,0.838,0.566,0.079,0.186,0.006,1,0.271,0.000,0.000,1,4,83,0
499,16.706,0.426,0.410,0.004,0.007,0.006,0,0.271,0.000,0.000,0,4,0,0
500,16.669,2.472,1.869,0.175,0.411,0.017,1,0.893,0.000,0.000,1,4,83,0
501,16.678,0.517,0.494,0.006,0.008,0.009,0,0.893,0.000,0.000,0,4,0,0
502,16.700,2.262,1.743,0.129,0.370,0.019,1,0.636,0.000,0.000,1,4,83,0
503,16.665,1.020,0.989,0.010,0.011,0.010,0,0.636,0.000,0.000,0,4,0,0
504,16.683,1.247,0.708,0.162,0.368,0.010,1,0.558,0.000,0.000,1,4,83,0
505,16.694,0.623,0.606,0.004,0.006,0.007,0,0.558,0.000,0.000,0,4,0,0
506,16.685,1.203,0.779,0.135,0.280,0.009,1,0.347,0.000,0.000,1,4,83,0
507,16.686,0.772,0.748,0.007,0.008,0.009,0,0.347,0.000,0.000,0,4,0,0
508,16.694,1.558,0.989,0.191,0.362,0.016,1,0.666,0.000,0.000,1,4,83,0
509,16.668,0.798,0.773,0.007,0.010,0.008,0,0.666,0.000,0.000,0,4,0,0
510,16.762,1.545,1.026,0.144,0.362,0.013,1,0.652,0.000,0.000,1,4,83,0
511,16.620,1.149,1.118,0.009,0.010,0.013,0,0.652,0.000,0.000,0,4,0,0
512,16.671,1.676,1.097,0.196,0.370,0.013,1,1.301,0.000,0.000,1,4,83,0
513,16.686,0.822,0.795,0.007,0.009,0.012,0,1.301,0.000,0.000,0,4,0,0
514,16.680,2.291,1.826,0.149,0.305,0.012,1,0.556,0.000,0.000,1,4,83,0
515,16.675,0.774,0.753,0.005,0.008,0.008,0,0.556,0.000,0.000,0,4,0,0
516,16.676,1.048,0.668,0.111,0.209,0.060,1,0.631,0.000,0.000,1,4,83,0
517,16.681,0.557,0.540,0.005,0.006,0.006,0,0.631,0.000,0.000,0,4,0,0
518,16.684,0.845,0.543,0.082,0.214,0.006,1,0.312,0.000,0.000,1,4,83,0
519,16.699,0.569,0.555,0.003,0.006,0.005,0,0.312,0.000,0.000,0,4,0,0
520,16.673,0.885,0.614,0.085,0.180,0.006,1,0.286,0.000,0.000,1,4,83,0
521,16.681,0.546,0.530,0.004,0.006,0.006,0,0.286,0.000,0.000,0,4,0,0
522,16.684,0.946,0.658,0.109,0.172,0.007,1,0.337,0.000,0.000,2,8,103,0
523,16.688,0.535,0.519,0.005,0.006,0.005,0,0.337,0.000,0.000,0,8,0,0
524,16.682,0.864,0.569,0.104,0.184,0.006,1,0.375,0.000,0.000,2,8,103,0
525,16.900,0.838,0.819,0.005,0.007,0.007,0,0.375,0.000,0.000,0,8,0,0
526,16.463,0.925,0.622,0.106,0.191,0.005,1,0.328,0.000,0.000,2,8,103,0
527,16.689,0.526,0.511,0.004,0.006,0.005,0,0.328,0.000,0.000,0,8,0,0
528,16.683,0.935,0.652,0.101,0.176,0.006,1,0.311,0.000,0.000,2,8,103,0
529,16.705,0.479,0.460,0.006,0.006,0.007,0,0.311,0.000,0.000,0,8,0,0
530,16.666,1.586,0.935,0.242,0.390,0.019,1,0.874,0.000,0.000,2,8,103,0
531,16.694,0.516,0.490,0.008,0.008,0.010,0,0.874,0.000,0.000,0,8,0,0
532,16.692,0.988,0.561,0.137,0.278,0.011,1,0.746,0.000,0.000,2,8,103,0
533,16.680,0.715,0.687,0.008,0.008,0.013,0,0.746,0.000,0.000,0,8,0,0
534,16.671,1.174,0.640,0.190,0.330,0.014,1,0.714,0.000,0.000,2,8,103,0
535,16.681,0.451,0.432,0.005,0.007,0.007,0,0.714,0.000,0.000,0,8,0,0
536,16.674,0.830,0.469,0.120,0.232,0.009,1,0.640,0.000,0.000,2,8,103,0
537,16.708,0.409,0.390,0.005,0.006,0.007,0,0.640,0.000,0.000,0,8,0,0
538,16.932,1.727,1.176,0.206,0.332,0.013,1,0.978,0.000,0.000,2,8,103,0
539,16.422,0.645,0.623,0.006,0.008,0.008,0,0.978,0.000,0.000,0,8,0,0
540,16.725,1.720,1.135,0.186,0.384,0.015,1,0.864,0.000,0.000,2,8,103,0
541,16.653,0.823,0.792,0.009,0.011,0.012,0,0.864,0.000,0.000,0,8,0,0
542,16.670,1.982,1.299,0.205,0.463,0.014,1,1.102,0.000,0.000,2,8,103,0
543,16.672,0.567,0.541,0.007,0.008,0.010,0,1.102,0.000,0.000,0,8,0,0
544,16.684,0.869,0.379,0.137,0.345,0.009,1,0.675,0.000,0.000,2,8,103,0
545,17.101,0.780,0.764,0.004,0.006,0.005,0,0.675,0.000,0.000,0,8,0,0
546,16.277,1.833,1.200,0.220,0.395,0.018,1,0.791,0.000,0.000,2,8,103,0
547,16.692,0.840,0.811,0.008,0.010,0.011,0,0.791,0.000,0.000,0,8,0,0
548,16.673,1.456,0.907,0.185,0.352,0.011,1,0.640,0.000,0.000,2,8,103,0
549,16.673,0.676,0.654,0.006,0.007,0.009,0,0.640,0.000,0.000,0,8,0,0
550,16.683,1.012,0.595,0.126,0.283,0.007,1,0.403,0.000,0.000,2,8,103,0
551,16.683,0.530,0.515,0.004,0.006,0.005,0,0.403,0.000,0.000,0,8,0,0
552,16.683,0.942,0.654,0.103,0.179,0.006,1,0.328,0.000,0.000,2,8,103,0
553,16.693,7.873,7.831,0.011,0.016,0.015,0,0.328,0.000,0.000,0,8,0,0
554,16.677,1.377,0.785,0.204,0.379,0.008,1,0.395,0.000,0.000,2,8,103,0
555,16.679,0.621,0.605,0.005,0.006,0.006,0,0.395,0.000,0.000,0,8,0,0
556,16.687,0.914,0.607,0.110,0.190,0.006,1,0.358,0.000,0.000,2,8,103,0
557,16.686,0.530,0.515,0.005,0.006,0.005,0,0.358,0.000,0.000,0,8,0,0
558,16.682,1.440,1.086,0.136,0.209,0.009,1,0.384,0.000,0.000,2,8,103,0
559,16.679,0.595,0.579,0.005,0.006,0.005,0,0.384,0.000,0.000,0,8,0,0
560,16.687,0.882,0.597,0.102,0.178,0.006,1,0.346,0.000,0.000,2,8,103,0
561,16.689,0.570,0.554,0.005,0.006,0.006,0,0.346,0.000,0.000,0,8,0,0
562,16.679,0.953,0.603,0.100,0.245,0.006,1,0.335,0.000,0.000,2,8,103,0
563,16.734,0.519,0.500,0.006,0.007,0.006,0,0.335,0.000,0.000,0,8,0,0
564,16.640,1.620,0.952,0.232,0.417,0.020,1,0.953,0.000,0.000,2,8,103,0
565,16.694,0.614,0.590,0.007,0.008,0.009,0,0.953,0.000,0.000,0,8,0,0
566,16.678,1.478,0.895,0.196,0.369,0.018,1,0.789,0.000,0.000,2,8,103,0
567,16.676,0.588,0.561,0.007,0.008,0.012,0,0.789,0.000,0.000,0,8,0,0
568,16.687,1.141,0.612,0.181,0.335,0.012,1,0.797,0.000,0.000,2,8,103,0
569,16.674,0.486,0.463,0.006,0.008,0.009,0,0.797,0.000,0.000,0,8,0,0
570,16.687,1.781,1.407,0.139,0.226,0.010,1,0.630,0.000,0.000,2,8,103,0
571,16.731,0.508,0.488,0.006,0.007,0.006,0,0.630,0.000,0.000,0,8,0,0
572,16.663,1.456,0.883,0.205,0.353,0.015,1,0.975,0.000,0.000,2,8,103,0
573,16.684,0.601,0.576,0.008,0.007,0.010,0,0.975,0.000,0.000,0,8,0,0
574,16.772,1.553,0.884,0.148,0.508,0.012,1,1.653,0.000,0.000,2,8,103,0
575,16.625,0.913,0.879,0.011,0.011,0.013,0,1.653,0.000,0.000,0,8,0,0
576,16.688,2.221,1.576,0.198,0.424,0.023,1,0.846,0.000,0.000,2,8,103,0
577,16.669,1.762,1.723,0.012,0.010,0.017,0,0.846,0.000,0.000,0,8,0,0
578,16.674,1.734,1.145,0.195,0.379,0.015,1,1.008,0.000,0.000,2,8,103,0
579,16.651,1.074,1.039,0.008,0.012,0.015,0,1.008,0.000,0.000,0,8,0,0
580,16.681,1.655,1.026,0.208,0.405,0.017,1,0.781,0.000,0.000,2,8,103,0
581,16.694,0.907,0.875,0.010,0.010,0.013,0,0.781,0.000,0.000,0,8,0,0
582,16.693,1.664,1.092,0.181,0.373,0.018,1,0.762,0.000,0.000,2,8,103,0
583,16.671,1.690,1.657,0.010,0.009,0.014,0,0.762,0.000,0.000,0,8,0,0
584,16.685,1.542,0.876,0.204,0.446,0.016,1,1.182,0.000,0.000,2,8,103,0
585,16.712,0.737,0.701,0.010,0.012,0.014,0,1.182,0.000,0.000,0,8,0,0
586,16.660,1.322,0.729,0.202,0.374,0.017,1,0.858,0.000,0.000,2,8,103,0
587,16.676,0.716,0.684,0.008,0.009,0.015,0,0.858,0.000,0.000,0,8,0,0
588,16.691,1.352,0.753,0.208,0.374,0.016,1,1.033,0.000,0.000,2,8,103,0
589,16.692,0.751,0.717,0.010,0.010,0.014,0,1.033,0.000,0.000,0,8,0,0
590,16.698,1.925,1.328,0.203,0.375,0.018,1,1.011,0.000,0.000,2,8,103,0
591,16.658,0.708,0.679,0.007,0.009,0.013,0,1.011,0.000,0.000,0,8,0,0
592,16.676,1.368,0.750,0.213,0.390,0.015,1,0.832,0.000,0.000,2,8,103,0
593,16.687,1.178,1.136,0.013,0.016,0.014,0,0.832,0.000,0.000,0,8,0,0
594,16.704,1.810,1.143,0.246,0.405,0.016,1,0.810,0.000,0.000,2,8,103,0
595,16.748,0.968,0.928,0.012,0.012,0.016,0,0.810,0.000,0.000,0,8,0,0
596,16.597,1.402,0.761,0.231,0.391,0.018,1,0.923,0.000,0.000,2,8,103,0
597,16.671,0.789,0.755,0.010,0.011,0.013,0,0.923,0.000,0.000,0,8,0,0
598,16.676,1.206,0.733,0.165,0.293,0.014,1,0.724,0.000,0.000,2,8,103,0
599,16.682,0.519,0.501,0.005,0.007,0.006,0,0.724,0.000,0.000,0,8,0,0
600,16.686,0.750,0.441,0.107,0.193,0.008,1,0.345,0.000,0.000,2,8,103,0
601,16.685,0.403,0.387,0.005,0.006,0.006,0,0.345,0.000,0.000,0,8,0,0
602,16.680,0.705,0.420,0.103,0.175,0.008,1,0.304,0.000,0.000,2,8,103,0
603,16.685,0.351,0.335,0.005,0.006,0.005,0,0.304,0.000,0.000,0,8,0,0
604,16.682,0.668,0.395,0.098,0.169,0.006,1,0.290,0.000,0.000,2,8,103,0
605,16.681,0.347,0.330,0.004,0.006,0.006,0,0.290,0.000,0.000,0,8,0,0
606,16.686,1.041,0.388,0.097,0.550,0.006,1,0.280,0.000,0.000,2,8,103,0
607,16.682,0.359,0.343,0.005,0.006,0.006,0,0.280,0.000,0.000,0,8,0,0
608,16.684,0.684,0.401,0.100,0.175,0.007,1,0.285,0.000,0.000,2,8,103,0
609,16.683,0.355,0.338,0.004,0.006,0.006,0,0.285,0.000,0.000,0,8,0,0
610,16.685,0.651,0.387,0.096,0.162,0.006,1,0.279,0.000,0.000,2,8,103,0
611,16.680,0.350,0.332,0.005,0.006,0.007,0,0.279,0.000,0.000,0,8,0,0
612,16.693,0.660,0.393,0.097,0.164,0.006,1,0.278,0.000,0.000,2,8,103,0
613,16.676,1.083,1.058,0.007,0.009,0.009,0,0.278,0.000,0.000,0,8,0,0
614,16.697,5.931,2.261,3.400,0.258,0.012,1,5.360,0.000,0.000,2,8,125,0
615,16.668,0.666,0.638,0.010,0.009,0.010,0,5.360,0.000,0.000,0,8,0,0
616,16.684,0.906,0.544,0.161,0.194,0.007,1,0.630,0.000,0.000,2,8,120,0
617,16.682,0.385,0.368,0.005,0.006,0.006,0,0.630,0.000,0.000,0,8,0,0
618,16.683,0.778,0.449,0.120,0.202,0.006,1,0.381,0.000,0.000,2,8,120,0
619,16.680,0.371,0.356,0.005,0.006,0.005,0,0.381,0.000,0.000,0,8,0,0
620,16.686,0.691,0.411,0.113,0.160,0.007,1,0.382,0.000,0.000,2,8,120,0
621,16.682,0.360,0.345,0.004,0.006,0.005,0,0.382,0.000,0.000,0,8,0,0
622,16.688,0.671,0.399,0.109,0.157,0.006,1,0.729,0.000,0.000,2,8,120,0
623,16.685,0.490,0.472,0.005,0.006,0.006,0,0.729,0.000,0.000,0,8,0,0
624,16.679,1.446,0.869,0.223,0.342,0.012,1,0.623,0.000,0.000,2,8,120,0
625,16.687,0.450,0.431,0.005,0.007,0.006,0,0.623,0.000,0.000,0,8,0,0
626,16.681,0.801,0.465,0.133,0.195,0.007,1,0.352,0.000,0.000,2,8,120,0
627,16.681,0.391,0.374,0.005,0.006,0.006,0,0.352,0.000,0.000,0,8,0,0
628,16.691,0.714,0.421,0.117,0.171,0.006,1,0.316,0.000,0.000,2,8,120,0
629,16.676,0.628,0.603,0.007,0.009,0.009,0,0.316,0.000,0.000,0,8,0,0
630,16.686,0.928,0.603,0.150,0.168,0.007,1,0.384,0.000,0.000,2,8,120,0
631,16.680,0.387,0.371,0.005,0.006,0.006,0,0.384,0.000,0.000,0,8,0,0
632,16.685,0.712,0.418,0.120,0.167,0.007,1,0.315,0.000,0.000,2,8,120,0
633,16.685,0.391,0.374,0.005,0.006,0.006,0,0.315,0.000,0.000,0,8,0,0
634,16.698,0.738,0.443,0.119,0.170,0.006,1,0.308,0.000,0.000,2,8,120,0
635,16.666,0.604,0.576,0.007,0.009,0.011,0,0.308,0.000,0.000,0,8,0,0
636,16.683,1.016,0.500,0.163,0.346,0.007,1,0.477,0.000,0.000,2,8,120,0
637,16.682,0.404,0.387,0.005,0.006,0.006,0,0.477,0.000,0.000,0,8,0,0
638,16.683,1.051,0.740,0.122,0.182,0.008,1,0.738,0.000,0.000,2,8,120,0
639,16.694,0.437,0.421,0.005,0.006,0.005,0,0.738,0.000,0.000,0,8,0,0
640,16.679,1.520,0.855,0.201,0.455,0.010,1,0.714,0.000,0.000,2,8,120,0
641,16.682,0.451,0.432,0.005,0.007,0.008,0,0.714,0.000,0.000,0,8,0,0
642,16.682,0.762,0.433,0.135,0.187,0.006,1,0.343,0.000,0.000,2,8,120,0
643,16.682,0.391,0.373,0.005,0.006,0.006,0,0.343,0.000,0.000,0,8,0,0
644,16.691,0.832,0.493,0.163,0.167,0.008,1,0.453,0.000,0.000,2,8,120,0
645,16.676,0.561,0.539,0.006,0.008,0.008,0,0.453,0.000,0.000,0,8,0,0
646,16.686,0.876,0.541,0.149,0.179,0.007,1,0.396,0.000,0.000,2,8,120,0
647,16.681,0.364,0.345,0.005,0.006,0.007,0,0.396,0.000,0.000,0,8,0,0
648,16.684,0.753,0.396,0.128,0.223,0.006,1,0.328,0.000,0.000,2,8,120,0
649,16.681,0.352,0.335,0.005,0.006,0.006,0,0.328,0.000,0.000,0,8,0,0
650,16.686,0.669,0.377,0.122,0.162,0.007,1,0.296,0.000,0.000,2,8,120,0
651,16.683,0.345,0.329,0.004,0.006,0.006,0,0.296,0.000,0.000,0,8,0,0
652,16.684,0.660,0.370,0.121,0.163,0.006,1,0.305,0.000,0.000,2,8,120,0
653,16.680,0.347,0.331,0.004,0.006,0.007,0,0.305,0.000,0.000,0,8,0,0
654,16.687,0.653,0.367,0.119,0.161,0.006,1,0.291,0.000,0.000,2,8,120,0
655,16.679,0.352,0.336,0.005,0.006,0.006,0,0.291,0.000,0.000,0,8,0,0
656,16.686,0.660,0.369,0.120,0.162,0.008,1,0.294,0.000,0.000,2,8,120,0
657,16.681,0.362,0.344,0.005,0.007,0.006,0,0.294,0.000,0.000,0,8,0,0
658,16.686,0.727,0.373,0.123,0.225,0.006,1,0.315,0.000,0.000,2,8,120,0
659,16.683,0.464,0.446,0.005,0.006,0.007,0,0.315,0.000,0.000,0,8,0,0
660,16.683,0.710,0.418,0.125,0.161,0.006,1,0.315,0.000,0.000,2,8,120,0
661,16.678,0.628,0.612,0.004,0.006,0.006,0,0.315,0.000,0.000,0,4,0,0
662,16.686,0.821,0.585,0.063,0.167,0.007,1,0.275,0.000,0.000,1,4,74,0
663,16.687,0.378,0.363,0.004,0.006,0.005,0,0.275,0.000,0.000,0,4,0,0
664,16.683,1.035,0.605,0.118,0.303,0.010,1,0.512,0.000,0.000,1,4,74,0
665,16.683,0.360,0.342,0.004,0.006,0.007,0,0.512,0.000,0.000,0,4,0,0
666,16.683,0.615,0.361,0.068,0.180,0.007,1,0.248,0.000,0.000,1,4,74,0
667,16.682,0.327,0.312,0.004,0.006,0.006,0,0.248,0.000,0.000,0,4,0,0
668,16.684,0.577,0.341,0.062,0.167,0.007,1,0.250,0.000,0.000,1,4,74,0
669,16.692,0.330,0.315,0.004,0.006,0.006,0,0.250,0.000,0.000,0,4,0,0
670,16.677,1.463,0.718,0.118,0.618,0.009,1,0.247,0.000,0.000,1,4,74,0
671,16.679,0.428,0.407,0.004,0.007,0.011,0,0.247,0.000,0.000,0,4,0,0
672,16.686,0.671,0.354,0.096,0.215,0.007,1,0.271,0.000,0.000,1,4,74,0
673,16.685,0.345,0.329,0.004,0.006,0.006,0,0.271,0.000,0.000,0,4,0,0
674,16.684,0.603,0.354,0.065,0.176,0.008,1,0.234,0.000,0.000,1,4,74,0
675,16.681,0.351,0.335,0.004,0.006,0.006,0,0.234,0.000,0.000,0,4,0,0
676,16.683,0.580,0.337,0.064,0.173,0.006,1,0.228,0.000,0.000,1,4,74,0
677,16.686,0.679,0.663,0.004,0.006,0.007,0,0.228,0.000,0.000,0,4,0,0
678,16.682,0.962,0.600,0.110,0.240,0.012,1,0.640,0.000,0.000,1,4,74,0
679,16.680,0.349,0.334,0.004,0.006,0.006,0,0.640,0.000,0.000,0,4,0,0
680,16.685,0.602,0.350,0.067,0.176,0.009,1,0.297,0.000,0.000,1,4,74,0
681,16.685,0.327,0.311,0.004,0.006,0.006,0,0.297,0.000,0.000,0,4,0,0
682,16.681,0.559,0.330,0.062,0.161,0.006,1,0.234,0.000,0.000,1,4,74,0
683,16.684,0.323,0.307,0.003,0.006,0.007,0,0.234,0.000,0.000,0,4,0,0
684,16.685,0.608,0.383,0.061,0.158,0.006,1,0.228,0.000,0.000,1,4,74,0
685,16.681,0.326,0.311,0.004,0.006,0.006,0,0.228,0.000,0.000,0,4,0,0
686,16.684,0.564,0.338,0.061,0.158,0.007,1,0.237,0.000,0.000,1,4,74,0
687,16.685,0.382,0.366,0.004,0.006,0.006,0,0.237,0.000,0.000,0,4,0,0
688,16.682,0.559,0.328,0.060,0.164,0.007,1,0.228,0.000,0.000,1,4,74,0
689,16.683,0.327,0.312,0.004,0.006,0.006,0,0.228,0.000,0.000,0,4,0,0
690,16.684,0.552,0.328,0.063,0.155,0.006,1,0.222,0.000,0.000,1,4,74,0
691,16.685,0.323,0.309,0.004,0.006,0.006,0,0.222,0.000,0.000,0,4,0,0
692,16.682,0.557,0.329,0.062,0.159,0.008,1,0.241,0.000,0.000,1,4,74,0
693,16.681,0.595,0.579,0.004,0.006,0.006,0,0.241,0.000,0.000,0,4,0,0
694,16.707,0.771,0.540,0.063,0.162,0.005,1,0.267,0.000,0.000,1,4,74,0
695,16.668,0.557,0.532,0.006,0.009,0.009,0,0.267,0.000,0.000,0,4,0,0
696,16.680,1.167,0.711,0.124,0.317,0.014,1,0.601,0.000,0.000,1,4,74,0
697,16.682,0.365,0.348,0.004,0.006,0.007,0,0.601,0.000,0.000,0,4,0,0
698,16.683,0.616,0.350,0.068,0.191,0.008,1,0.256,0.000,0.000,1,4,74,0
699,16.683,0.328,0.312,0.003,0.006,0.006,0,0.256,0.000,0.000,0,4,0,0
700,16.684,0.570,0.336,0.063,0.165,0.007,1,0.230,0.000,0.000,1,4,74,0
701,16.684,0.329,0.312,0.004,0.006,0.007,0,0.230,0.000,0.000,0,4,0,0
702,16.683,0.554,0.329,0.061,0.158,0.006,1,0.250,0.000,0.000,1,4,74,0
703,16.683,0.355,0.338,0.004,0.006,0.007,0,0.250,0.000,0.000,0,4,0,0
704,16.683,0.571,0.332,0.064,0.168,0.007,1,0.233,0.000,0.000,1,4,74,0
705,16.682,0.326,0.311,0.003,0.006,0.006,0,0.233,0.000,0.000,0,4,0,0
706,16.684,0.586,0.357,0.060,0.163,0.007,1,0.227,0.000,0.000,1,4,74,0
707,16.683,0.324,0.309,0.004,0.006,0.006,0,0.227,0.000,0.000,0,4,0,0
708,16.685,0.566,0.336,0.061,0.162,0.006,1,0.277,0.000,0.000,1,4,74,0
709,16.682,0.325,0.308,0.004,0.006,0.007,0,0.277,0.000,0.000,0,4,0,0
710,16.682,0.557,0.332,0.060,0.159,0.006,1,0.233,0.000,0.000,1,4,74,0
711,16.687,0.323,0.308,0.003,0.006,0.006,0,0.233,0.000,0.000,0,4,0,0
712,16.683,0.564,0.337,0.061,0.158,0.007,1,0.224,0.000,0.000,1,4,74,0
713,16.684,0.326,0.311,0.004,0.006,0.006,0,0.224,0.000,0.000,0,4,0,0
714,16.680,0.559,0.330,0.060,0.162,0.006,1,0.220,0.000,0.000,1,4,74,0
715,16.685,0.325,0.309,0.003,0.006,0.007,0,0.220,0.000,0.000,0,4,0,0
716,16.685,0.562,0.333,0.061,0.161,0.006,1,0.223,0.000,0.000,1,4,74,0
717,16.683,0.322,0.307,0.003,0.006,0.005,0,0.223,0.000,0.000,0,4,0,0
718,16.684,0.692,0.449,0.076,0.159,0.007,1,0.239,0.000,0.000,1,4,74,0
719,16.680,0.453,0.437,0.004,0.006,0.006,0,0.239,0.000,0.000,0,4,0,0
720,16.686,0.568,0.334,0.061,0.166,0.006,1,0.241,0.000,0.000,1,4,74,0
721,16.684,0.330,0.314,0.004,0.006,0.007,0,0.241,0.000,0.000,0,4,0,0
722,16.683,0.554,0.325,0.061,0.162,0.007,1,0.226,0.000,0.000,1,4,74,0
723,16.684,2.601,2.570,0.011,0.011,0.009,0,0.226,0.000,0.000,0,12,0,0
724,296.535,296.535,6.514,289.480,0.407,0.134,1,0.226,0.000,0.000,232,97860,2861,0
725,2.303,2.303,2.235,0.010,0.010,0.049,0,0.226,0.000,0.000,0,12,0,0
726,1.555,1.555,1.388,0.008,0.007,0.153,0,0.226,0.000,0.000,0,12,0,0
727,2.155,2.155,2.067,0.016,0.012,0.060,0,0.226,0.000,0.000,0,12,0,0
728,1.379,1.379,1.324,0.008,0.007,0.040,0,0.226,0.000,0.000,0,12,0,0
729,1.301,1.301,1.249,0.006,0.006,0.039,0,0.226,0.000,0.000,0,12,0,0
730,60.422,60.422,28.369,30.193,1.791,0.068,1,252.156,15.155,8.291,247,97860,1300,29175
731,3.088,3.088,3.017,0.016,0.012,0.044,0,252.156,15.155,8.291,0,12,0,0
732,1.372,1.372,1.318,0.007,0.007,0.040,0,252.156,15.155,8.291,0,12,0,0
733,1.415,1.415,1.352,0.007,0.006,0.050,0,252.156,15.155,8.291,0,12,0,0
734,1.284,1.284,1.232,0.007,0.006,0.039,0,252.156,15.155,8.291,0,12,0,0
735,1.346,1.346,1.294,0.006,0.006,0.039,0,252.156,15.155,8.291,0,12,0,0
736,23.413,23.413,15.639,7.329,0.372,0.073,1,29.386,3.328,0.000,232,97860,2566,0
737,1.638,1.638,1.579,0.009,0.009,0.041,0,29.386,3.328,0.000,0,12,0,0
738,1.822,1.822,1.769,0.007,0.007,0.040,0,29.386,3.328,0.000,0,12,0,0
739,1.475,1.475,1.410,0.007,0.007,0.051,0,29.386,3.328,0.000,0,12,0,0
740,1.362,1.362,1.310,0.007,0.006,0.039,0,29.386,3.328,0.000,0,12,0,0
741,1.092,1.092,1.041,0.006,0.006,0.039,0,29.386,3.328,0.000,0,12,0,0
742,28.168,28.168,20.685,6.982,0.434,0.066,1,17.990,17.790,0.000,232,97860,2567,0
743,1.240,1.240,1.178,0.009,0.008,0.046,0,17.990,17.790,0.000,0,12,0,0
744,1.479,1.479,1.421,0.007,0.007,0.044,0,17.990,17.790,0.000,0,12,0,0
745,1.149,1.149,1.080,0.007,0.006,0.056,0,17.990,17.790,0.000,0,12,0,0
746,0.960,0.960,0.906,0.006,0.006,0.042,0,17.990,17.790,0.000,0,12,0,0
747,0.938,0.938,0.885,0.006,0.006,0.041,0,17.990,17.790,0.000,0,12,0,0
748,29.348,29.348,18.665,10.103,0.502,0.078,1,21.848,17.562,0.039,247,97860,1203,97518
749,1.697,1.697,1.639,0.009,0.008,0.041,0,21.848,17.562,0.039,0,12,0,0
750,1.377,1.377,1.322,0.008,0.007,0.041,0,21.848,17.562,0.039,0,12,0,0
751,1.143,1.143,1.080,0.007,0.007,0.050,0,11.587,0.063,0.039,0,12,0,0
752,13.252,13.252,3.751,9.203,0.244,0.053,1,11.587,0.063,0.000,247,97860,1206,97518
753,14.798,1.686,1.629,0.009,0.008,0.040,0,16.030,0.067,0.000,0,12,0,0
754,26.872,26.872,7.514,18.868,0.416,0.075,1,16.030,0.067,0.000,247,97860,1208,97518
755,7.506,4.951,4.883,0.013,0.010,0.045,0,16.030,0.067,0.000,0,12,0,0
756,15.671,12.948,3.292,9.299,0.304,0.053,1,19.802,0.066,0.000,247,97860,1203,97518
757,16.683,1.338,1.268,0.008,0.009,0.052,0,17.617,0.096,0.000,0,12,0,0
758,16.681,14.116,3.789,9.891,0.384,0.052,1,8.431,0.060,0.000,247,97860,1203,97518
759,16.687,1.290,1.233,0.008,0.007,0.042,0,8.431,0.060,0.000,0,12,0,0
760,16.681,13.161,3.884,8.896,0.321,0.060,1,8.656,0.048,0.000,247,97860,1203,97518
761,16.683,1.288,1.232,0.007,0.007,0.041,0,8.656,0.048,0.000,0,12,0,0
762,16.682,12.915,3.585,8.962,0.320,0.049,1,8.696,0.053,0.000,247,97860,1203,97518
763,16.693,1.357,1.289,0.007,0.007,0.054,0,8.696,0.053,0.000,0,12,0,0
764,18.445,18.445,10.937,6.908,0.543,0.058,1,8.696,0.053,0.000,232,97860,2564,0
765,14.924,1.479,1.413,0.011,0.009,0.046,0,13.363,15.950,0.000,0,12,0,0
766,16.679,12.333,2.925,9.078,0.267,0.063,1,6.832,0.060,0.000,247,97860,1203,97518
767,16.670,1.726,1.643,0.015,0.015,0.053,0,6.832,0.060,0.000,0,12,0,0
768,18.516,18.516,10.954,7.090,0.418,0.053,1,6.832,0.060,0.000,232,97860,2563,0
769,14.869,1.314,1.241,0.009,0.008,0.056,0,11.195,16.482,0.000,0,12,0,0
770,19.573,19.573,10.802,8.183,0.525,0.063,1,11.195,16.482,0.000,232,97860,2565,0
771,13.788,2.012,1.937,0.015,0.011,0.049,0,11.549,16.935,0.000,0,12,0,0
772,16.681,12.607,2.874,9.384,0.285,0.065,1,7.588,0.058,0.000,247,97860,1203,97518
773,16.681,1.308,1.243,0.008,0.009,0.047,0,7.588,0.058,0.000,0,12,0,0
774,18.408,18.408,10.926,6.845,0.573,0.065,1,7.588,0.058,0.000,232,97860,2564,0
775,14.963,2.224,2.143,0.015,0.009,0.057,0,11.287,15.895,0.000,0,12,0,0
776,19.095,19.095,10.580,7.905,0.546,0.064,1,11.287,15.895,0.000,232,97860,2563,0
777,14.276,1.887,1.812,0.018,0.011,0.046,0,11.074,16.780,0.000,0,12,0,0
778,19.839,19.839,11.837,7.385,0.540,0.076,1,11.074,16.780,0.000,232,97860,2565,0
779,13.515,3.642,3.563,0.021,0.012,0.047,0,11.076,16.898,0.000,0,12,0,0
780,19.975,19.975,11.853,7.501,0.559,0.063,1,11.076,16.898,0.000,232,97860,2564,0
781,13.413,2.416,2.331,0.017,0.010,0.058,0,12.049,16.698,0.000,0,12,0,0
782,16.666,12.823,3.192,9.287,0.291,0.053,1,7.297,0.062,0.000,247,97860,1203,97518
783,16.682,1.351,1.290,0.009,0.008,0.044,0,7.297,0.062,0.000,0,12,0,0
784,19.114,19.114,10.497,7.981,0.561,0.076,1,7.297,0.062,0.000,232,97860,2564,0
785,14.255,2.291,2.215,0.017,0.013,0.045,0,11.140,15.852,0.000,0,12,0,0
786,19.563,19.563,11.170,7.945,0.396,0.052,1,11.140,15.852,0.000,232,97860,2564,0
787,13.801,1.739,1.669,0.008,0.009,0.053,0,10.877,17.125,0.000,0,12,0,0
788,16.681,12.565,3.204,9.056,0.254,0.051,1,6.776,0.056,0.000,247,97860,1203,97518
789,16.688,1.443,1.385,0.009,0.008,0.042,0,6.776,0.056,0.000,0,12,0,0
790,18.671,18.671,10.405,7.706,0.488,0.073,1,6.776,0.056,0.000,233,97860,2566,0
791,14.695,1.873,1.810,0.009,0.009,0.044,0,11.477,16.101,0.000,0,12,0,0
792,18.943,18.943,11.163,7.316,0.406,0.058,1,11.477,16.101,0.000,232,97860,2563,0
793,14.424,1.294,1.221,0.008,0.009,0.056,0,10.758,16.724,0.000,0,12,0,0
794,18.681,18.681,11.372,6.773,0.477,0.058,1,10.758,16.724,0.000,232,97860,2564,0
795,14.691,1.711,1.642,0.015,0.009,0.045,0,11.412,16.709,0.000,0,12,0,0
796,16.679,12.916,3.262,9.300,0.283,0.071,1,7.770,0.059,0.000,247,97860,1203,97518
797,16.673,1.787,1.703,0.016,0.017,0.051,0,7.770,0.059,0.000,0,12,0,0
798,18.534,18.534,11.237,6.837,0.409,0.050,1,7.770,0.059,0.000,233,97860,2566,0
799,14.844,1.313,1.237,0.009,0.009,0.058,0,10.845,16.575,0.000,0,12,0,0
800,19.801,19.801,11.947,7.249,0.541,0.063,1,10.845,16.575,0.000,232,97860,2564,0
801,13.568,2.342,2.268,0.017,0.011,0.046,0,10.817,17.136,0.000,0,12,0,0
802,19.578,19.578,11.111,7.996,0.408,0.063,1,10.817,17.136,0.000,233,97860,2565,0
803,13.784,1.629,1.571,0.009,0.008,0.041,0,9.645,16.981,0.000,0,12,0,0
804,114.262,114.262,9.674,9.286,95.234,0.068,1,9.645,16.981,0.000,233,97864,2583,0
805,2.844,2.844,2.765,0.020,0.012,0.046,0,78.203,17.448,0.000,0,16,0,0
806,1.236,1.236,1.152,0.010,0.008,0.066,0,78.203,17.448,0.000,0,16,0,0
807,1.007,1.007,0.940,0.007,0.007,0.054,0,78.203,17.448,0.000,0,16,0,0
808,0.949,0.949,0.895,0.007,0.006,0.041,0,78.203,17.448,0.000,0,16,0,0
809,0.937,0.937,0.884,0.007,0.006,0.040,0,78.203,17.448,0.000,0,16,0,0
810,17.897,17.897,5.931,11.657,0.244,0.064,1,78.203,17.448,0.038,248,97864,1210,97518
811,1.542,1.542,1.483,0.008,0.009,0.042,0,78.203,17.448,0.038,0,16,0,0
812,41.907,41.907,28.518,12.765,0.552,0.072,1,6.671,0.032,0.000,233,97864,2577,0
813,2.272,2.272,2.180,0.019,0.012,0.060,0,6.671,0.032,0.000,0,16,0,0
814,1.066,1.066,1.010,0.007,0.007,0.042,0,6.671,0.032,0.000,0,16,0,0
815,14.320,5.035,4.980,0.008,0.007,0.041,0,6.671,0.032,0.000,0,16,0,0
816,16.775,15.980,4.193,10.772,0.951,0.065,1,19.673,18.392,0.049,248,97864,1199,97518
817,16.551,1.486,1.416,0.011,0.009,0.049,0,9.322,0.040,0.049,0,16,0,0
818,16.683,13.963,3.599,9.955,0.348,0.061,1,7.183,0.057,0.000,248,97864,1204,97518
819,16.686,1.423,1.353,0.009,0.008,0.052,0,7.183,0.057,0.000,0,16,0,0
820,18.812,18.812,10.172,7.670,0.909,0.060,1,7.183,0.057,0.000,233,97864,2564,0
821,14.556,1.304,1.243,0.009,0.009,0.043,0,10.830,16.096,0.000,0,16,0,0
822,19.826,19.826,11.526,7.690,0.533,0.077,1,10.830,16.096,0.000,233,97864,2565,0
823,13.540,2.455,2.374,0.018,0.014,0.048,0,11.108,17.096,0.000,0,16,0,0
824,16.690,13.290,3.066,9.862,0.306,0.057,1,6.851,0.057,0.000,248,97864,1204,97518
825,16.668,1.439,1.362,0.009,0.008,0.059,0,6.851,0.057,0.000,0,16,0,0
826,18.504,18.504,10.855,7.080,0.505,0.064,1,6.851,0.057,0.000,233,97864,2565,0
827,14.875,2.320,2.243,0.017,0.016,0.044,0,10.763,16.027,0.000,0,16,0,0
828,19.697,19.697,11.763,7.386,0.476,0.071,1,10.763,16.027,0.000,233,97864,2564,0
829,13.671,1.380,1.318,0.010,0.008,0.043,0,11.369,16.842,0.000,0,16,0,0
830,16.682,12.439,2.953,9.116,0.316,0.055,1,9.330,0.461,0.000,248,97864,1204,97518
831,16.678,1.293,1.219,0.009,0.009,0.055,0,9.330,0.461,0.000,0,16,0,0
832,16.679,12.044,2.974,8.687,0.335,0.047,1,6.035,0.047,0.000,248,97864,1204,97518
833,16.689,1.239,1.183,0.008,0.007,0.041,0,6.035,0.047,0.000,0,16,0,0
834,16.678,13.763,3.682,9.700,0.319,0.062,1,6.704,0.051,0.000,248,97864,1204,97518
835,16.687,1.304,1.248,0.009,0.007,0.040,0,6.704,0.051,0.000,0,16,0,0
836,16.699,13.146,3.553,9.240,0.305,0.048,1,6.763,0.048,0.000,248,97864,1204,97518
837,16.671,1.930,1.849,0.012,0.010,0.060,0,6.763,0.048,0.000,0,16,0,0
838,16.679,13.445,3.915,9.123,0.356,0.052,1,6.797,0.055,0.000,248,97864,1204,97518
839,16.769,1.811,1.731,0.012,0.013,0.055,0,6.797,0.055,0.000,0,16,0,0
840,16.618,13.375,3.210,9.694,0.406,0.065,1,7.780,0.053,0.000,248,97864,1204,97518
841,16.668,1.565,1.486,0.012,0.013,0.053,0,7.780,0.053,0.000,0,16,0,0
842,18.581,18.581,10.784,7.287,0.453,0.056,1,7.780,0.053,0.000,234,97864,2567,0
843,14.790,1.354,1.279,0.011,0.008,0.056,0,11.362,16.392,0.000,0,16,0,0
844,19.603,19.603,12.012,7.104,0.422,0.065,1,11.362,16.392,0.000,233,97864,2565,0
845,13.762,1.363,1.296,0.012,0.010,0.044,0,11.385,16.826,0.000,0,16,0,0
846,16.684,12.571,2.856,9.395,0.257,0.063,1,7.349,0.060,0.000,248,97864,1204,97518
847,16.669,1.709,1.625,0.017,0.015,0.052,0,7.349,0.060,0.000,0,16,0,0
848,18.327,18.327,11.035,6.833,0.404,0.054,1,7.349,0.060,0.000,233,97864,2564,0
849,15.056,1.771,1.514,0.010,0.008,0.239,0,11.159,16.432,0.000,0,16,0,0
850,20.669,20.669,11.837,8.172,0.477,0.183,1,11.159,16.432,0.000,233,97864,2576,0
851,12.693,2.248,2.099,0.011,0.008,0.130,0,10.008,17.215,0.000,0,16,0,0
852,20.279,20.279,12.676,7.029,0.302,0.272,1,10.008,17.215,0.000,233,97864,2575,0
853,13.100,2.179,2.032,0.012,0.008,0.127,0,10.744,16.811,0.000,0,16,0,0
854,20.935,20.935,12.861,7.441,0.448,0.184,1,10.744,16.811,0.000,233,97864,2575,0
855,12.422,3.101,2.897,0.017,0.009,0.178,0,11.567,16.774,0.000,0,16,0,0
856,16.685,13.738,3.304,9.912,0.350,0.171,1,6.900,0.059,0.000,248,97864,1214,97518
857,16.670,1.504,1.353,0.009,0.008,0.134,0,6.900,0.059,0.000,0,16,0,0
858,18.327,18.327,10.607,7.092,0.440,0.188,1,6.900,0.059,0.000,233,97864,2575,0
859,15.045,2.495,2.260,0.010,0.032,0.192,0,11.768,16.230,0.000,0,16,0,0
860,19.897,19.897,12.009,7.289,0.428,0.171,1,11.768,16.230,0.000,234,97864,2577,0
861,13.477,1.500,1.301,0.010,0.009,0.181,0,11.985,16.790,0.000,0,16,0,0
862,16.681,12.421,2.937,9.048,0.277,0.159,1,7.522,0.055,0.000,248,97864,1214,97518
863,16.674,1.382,1.229,0.009,0.008,0.135,0,7.522,0.055,0.000,0,16,0,0
864,18.548,18.548,11.080,6.736,0.509,0.223,1,7.522,0.055,0.000,233,97864,2575,0
865,14.831,1.980,1.809,0.018,0.009,0.144,0,12.191,16.316,0.000,0,16,0,0
866,16.682,14.462,4.059,9.933,0.306,0.164,1,6.784,0.059,0.000,248,97864,1214,97518
867,16.675,1.610,1.431,0.008,0.010,0.161,0,6.784,0.059,0.000,0,16,0,0
868,19.098,19.098,10.713,7.254,0.965,0.166,1,6.784,0.059,0.000,233,97864,2574,0
869,14.276,1.419,1.264,0.009,0.009,0.136,0,11.467,16.184,0.000,0,16,0,0
870,20.861,20.861,13.143,7.081,0.426,0.212,1,11.467,16.184,0.000,234,97864,2577,0
871,12.510,2.206,2.064,0.008,0.008,0.126,0,11.406,17.493,0.000,0,16,0,0
872,16.669,14.715,4.254,10.053,0.254,0.154,1,6.882,0.057,0.000,248,97864,1214,97518
873,16.688,1.516,1.335,0.010,0.008,0.162,0,6.882,0.057,0.000,0,16,0,0
874,18.776,18.776,10.982,7.102,0.504,0.187,1,6.882,0.057,0.000,233,97864,2575,0
875,14.597,1.386,1.227,0.010,0.011,0.138,0,12.278,16.233,0.000,0,16,0,0
876,16.680,12.582,3.071,9.027,0.285,0.200,1,6.854,0.056,0.000,248,97864,1214,97518
877,16.688,1.948,1.752,0.015,0.016,0.165,0,6.854,0.056,0.000,0,16,0,0
878,19.447,19.447,10.745,7.932,0.571,0.200,1,6.854,0.056,0.000,233,97864,2574,0
879,13.912,2.923,2.761,0.019,0.010,0.133,0,11.207,15.895,0.000,0,16,0,0
880,20.617,20.617,12.790,7.312,0.411,0.104,1,11.207,15.895,0.000,233,97864,2575,0
881,13.423,5.278,5.154,0.009,0.027,0.088,0,11.630,17.660,0.000,0,4,0,0
882,29.814,29.814,28.870,0.246,0.600,0.098,1,1.019,0.000,0.000,1,4,74,0
883,7.610,7.610,7.524,0.015,0.056,0.015,0,1.019,0.000,0.000,0,4,0,0
884,100.599,100.599,53.322,46.687,0.528,0.063,1,1.019,0.000,0.000,8,32,223,0
885,0.905,0.905,0.851,0.011,0.007,0.035,0,1.019,0.000,0.000,0,32,0,0
886,0.495,0.495,0.450,0.010,0.006,0.029,0,1.019,0.000,0.000,0,32,0,0
887,0.903,0.903,0.799,0.010,0.029,0.065,0,1.019,0.000,0.000,0,32,0,0
888,1.309,1.309,1.242,0.019,0.008,0.040,0,1.019,0.000,0.000,0,32,0,0
889,0.644,0.644,0.602,0.011,0.006,0.025,0,1.019,0.000,0.000,0,32,0,0
890,32.335,32.335,31.582,0.360,0.360,0.033,1,81.424,0.000,0.000,8,32,188,0
891,0.888,0.888,0.806,0.017,0.012,0.053,0,1.583,0.000,0.000,0,32,0,0
892,7.337,0.432,0.391,0.010,0.006,0.026,0,1.583,0.000,0.000,0,32,0,0
893,16.682,1.104,0.434,0.358,0.281,0.030,1,0.847,0.000,0.000,8,32,188,0
894,16.681,0.385,0.336,0.010,0.006,0.033,0,0.847,0.000,0.000,0,32,0,0
895,16.682,0.895,0.398,0.237,0.230,0.030,1,0.561,0.000,0.000,8,32,188,0
896,16.688,0.368,0.325,0.010,0.006,0.027,0,0.561,0.000,0.000,0,32,0,0
897,16.680,0.894,0.429,0.241,0.186,0.038,1,0.535,0.000,0.000,8,32,188,0
898,16.681,0.360,0.318,0.010,0.006,0.026,0,0.535,0.000,0.000,0,32,0,0
899,16.688,0.923,0.510,0.220,0.166,0.028,1,0.771,0.000,0.000,8,32,188,0
900,16.679,0.390,0.341,0.010,0.006,0.033,0,0.771,0.000,0.000,0,32,0,0
901,16.686,0.819,0.382,0.229,0.180,0.028,1,0.540,0.000,0.000,8,32,188,0
902,16.681,0.525,0.461,0.010,0.013,0.040,0,0.540,0.000,0.000,0,32,0,0
903,16.688,1.278,0.783,0.288,0.175,0.033,1,0.812,0.000,0.000,8,32,188,0
904,16.679,0.405,0.358,0.011,0.007,0.030,0,0.812,0.000,0.000,0,32,0,0
905,16.684,0.863,0.394,0.238,0.194,0.038,1,0.662,0.000,0.000,8,32,188,0
906,16.682,0.354,0.312,0.010,0.006,0.026,0,0.662,0.000,0.000,0,32,0,0
907,16.686,0.783,0.366,0.227,0.163,0.027,1,0.544,0.000,0.000,8,32,188,0
908,16.681,0.380,0.332,0.010,0.006,0.033,0,0.544,0.000,0.000,0,32,0,0
909,16.684,0.791,0.367,0.229,0.167,0.027,1,0.517,0.000,0.000,8,32,188,0
910,16.683,0.350,0.309,0.010,0.006,0.026,0,0.517,0.000,0.000,0,32,0,0
911,16.684,0.852,0.431,0.225,0.163,0.033,1,0.507,0.000,0.000,8,32,188,0
912,16.687,0.350,0.308,0.010,0.006,0.026,0,0.507,0.000,0.000,0,32,0,0
913,16.680,0.822,0.396,0.230,0.167,0.029,1,0.513,0.000,0.000,8,32,188,0
914,16.682,0.364,0.315,0.010,0.006,0.033,0,0.513,0.000,0.000,0,32,0,0
915,16.685,1.370,0.966,0.191,0.182,0.030,1,0.499,0.000,0.000,6,24,159,0
916,16.681,0.533,0.492,0.009,0.007,0.025,0,0.499,0.000,0.000,0,24,0,0
917,16.690,9.046,0.649,8.126,0.230,0.041,1,9.665,0.121,0.000,15,962,303,0
918,16.682,0.525,0.476,0.010,0.008,0.031,0,9.665,0.121,0.000,0,24,0,0
919,16.683,1.245,0.604,0.457,0.150,0.034,1,1.038,0.094,0.000,15,962,293,0
920,16.685,0.581,0.528,0.010,0.007,0.036,0,1.038,0.094,0.000,0,24,0,0
921,16.683,1.223,0.548,0.435,0.207,0.033,1,0.846,0.089,0.000,15,962,293,0
922,16.680,0.457,0.412,0.009,0.006,0.029,0,0.846,0.089,0.000,0,24,0,0
923,16.697,1.192,0.550,0.426,0.179,0.038,1,0.758,0.088,0.000,15,962,293,0
924,16.670,0.861,0.791,0.015,0.010,0.045,0,0.758,0.088,0.000,0,24,0,0
925,16.683,1.704,0.861,0.496,0.185,0.162,1,0.882,0.089,0.000,15,962,293,0
926,16.682,0.664,0.461,0.009,0.007,0.188,0,0.882,0.089,0.000,0,24,0,0
927,16.688,2.028,0.919,0.602,0.352,0.155,1,1.227,0.108,0.000,15,962,293,0
928,16.681,0.825,0.652,0.011,0.008,0.153,0,1.227,0.108,0.000,0,24,0,0
929,16.685,1.600,0.651,0.487,0.260,0.201,1,0.957,0.094,0.000,15,962,293,0
930,16.679,0.611,0.450,0.010,0.006,0.146,0,0.957,0.094,0.000,0,24,0,0
931,16.687,2.144,0.847,0.893,0.247,0.157,1,1.043,0.103,0.000,15,962,293,0
932,16.681,0.793,0.575,0.010,0.008,0.201,0,1.043,0.103,0.000,0,24,0,0
933,16.685,1.587,0.630,0.559,0.251,0.148,1,0.917,0.093,0.000,15,962,293,0
934,16.681,0.737,0.560,0.010,0.007,0.161,0,0.917,0.093,0.000,0,24,0,0
935,16.686,1.752,0.852,0.470,0.241,0.189,1,0.981,0.092,0.000,15,962,293,0
936,16.683,0.946,0.791,0.011,0.007,0.137,0,0.981,0.092,0.000,0,168,0,0
937,23.141,23.141,8.761,13.782,0.423,0.175,1,0.981,0.092,0.000,21,1622,380,0
938,10.260,9.967,9.718,0.018,0.016,0.215,0,0.981,0.092,0.000,0,684,0,0
939,17.508,6.980,6.802,0.020,0.008,0.150,0,31.718,0.100,0.000,0,684,0,0
940,15.845,3.880,2.333,1.120,0.245,0.181,1,1.770,0.121,0.000,21,1622,358,0
941,16.671,2.447,2.159,0.029,0.018,0.241,0,1.770,0.121,0.000,0,684,0,0
942,16.676,3.167,1.767,0.803,0.412,0.185,1,1.677,0.114,0.000,21,1622,358,0
943,16.682,1.038,0.860,0.016,0.007,0.155,0,1.677,0.114,0.000,0,684,0,0
944,16.684,2.095,1.069,0.612,0.218,0.197,1,1.117,0.092,0.000,21,1622,358,0
945,16.683,1.356,1.035,0.016,0.007,0.298,0,1.117,0.092,0.000,0,684,0,0
946,16.685,2.121,1.064,0.603,0.215,0.239,1,1.083,0.093,0.000,21,1622,358,0
947,16.677,1.242,0.842,0.015,0.007,0.377,0,1.083,0.093,0.000,0,684,0,0
948,16.686,2.101,0.953,0.644,0.247,0.257,1,1.206,0.096,0.000,21,1622,358,0
949,16.685,1.038,0.784,0.015,0.006,0.234,0,1.206,0.096,0.000,0,684,0,0
950,16.684,2.136,1.057,0.572,0.189,0.318,1,1.103,0.110,0.000,21,1622,358,0
951,16.684,1.035,0.780,0.015,0.006,0.233,0,1.103,0.110,0.000,0,684,0,0
952,16.683,2.047,1.043,0.586,0.187,0.232,1,1.069,0.093,0.000,21,1622,358,0
953,16.689,1.120,0.787,0.015,0.007,0.311,0,1.069,0.093,0.000,0,684,0,0
954,16.680,3.026,1.617,0.751,0.403,0.255,1,1.705,0.119,0.000,21,1622,358,0
955,16.679,1.247,0.952,0.016,0.009,0.269,0,1.705,0.119,0.000,0,684,0,0
956,16.689,2.823,1.462,0.722,0.231,0.408,1,1.443,0.096,0.000,21,1622,358,0
957,16.678,1.168,0.873,0.016,0.008,0.269,0,1.443,0.096,0.000,0,684,0,0
958,16.685,2.174,0.945,0.666,0.298,0.264,1,1.241,0.092,0.000,21,1622,358,0
959,16.681,1.310,0.946,0.015,0.007,0.342,0,1.241,0.092,0.000,0,684,0,0
960,16.685,2.109,1.064,0.584,0.198,0.263,1,1.075,0.091,0.000,21,1622,358,0
961,16.684,1.014,0.744,0.014,0.007,0.249,0,1.075,0.091,0.000,0,684,0,0
962,16.682,2.083,0.982,0.573,0.192,0.335,1,1.051,0.088,0.000,21,1622,358,0
963,16.684,1.327,1.034,0.023,0.010,0.261,0,1.051,0.088,0.000,0,684,0,0
964,16.685,2.051,1.032,0.569,0.185,0.266,1,1.136,0.090,0.000,21,1622,358,0
965,16.682,1.186,0.878,0.014,0.006,0.288,0,1.136,0.090,0.000,0,684,0,0
966,16.685,1.908,0.943,0.609,0.191,0.166,1,1.046,0.091,0.000,21,1622,358,0
967,16.682,0.946,0.768,0.015,0.007,0.156,0,1.046,0.091,0.000,0,684,0,0
968,16.686,1.937,0.958,0.579,0.187,0.214,1,1.143,0.089,0.000,21,1622,359,0
969,16.686,0.930,0.754,0.014,0.007,0.154,0,1.143,0.089,0.000,0,684,0,0
970,16.680,2.558,1.351,0.692,0.344,0.170,1,1.495,0.110,0.000,21,1622,358,0
971,16.680,1.138,0.898,0.016,0.009,0.216,0,1.495,0.110,0.000,0,684,0,0
972,16.686,2.716,1.657,0.677,0.216,0.166,1,1.450,0.096,0.000,21,1622,358,0
973,16.684,1.059,0.838,0.016,0.008,0.197,0,1.450,0.096,0.000,0,684,0,0
974,16.679,2.131,1.036,0.588,0.290,0.218,1,1.363,0.092,0.000,21,1622,358,0
975,16.686,1.033,0.837,0.014,0.007,0.174,0,1.363,0.092,0.000,0,684,0,0
976,16.684,1.950,0.954,0.617,0.201,0.178,1,1.099,0.091,0.000,21,1622,358,0
977,16.684,1.006,0.754,0.014,0.007,0.231,0,1.099,0.091,0.000,0,684,0,0
978,16.680,1.913,0.932,0.604,0.184,0.194,1,1.042,0.090,0.000,21,1622,358,0
979,16.690,1.338,1.124,0.014,0.007,0.192,0,1.042,0.090,0.000,0,684,0,0
980,16.684,2.684,1.472,0.666,0.302,0.245,1,1.432,0.100,0.000,21,1622,358,0
981,16.678,0.960,0.787,0.015,0.007,0.152,0,1.432,0.100,0.000,0,684,0,0
982,16.682,1.893,0.942,0.592,0.207,0.152,1,1.170,0.096,0.000,21,1622,358,0
983,16.685,0.982,0.763,0.015,0.007,0.197,0,1.170,0.096,0.000,0,684,0,0
984,16.683,1.912,0.988,0.572,0.195,0.157,1,1.122,0.086,0.000,21,1622,358,0
985,16.689,1.054,0.854,0.015,0.006,0.180,0,1.122,0.086,0.000,0,684,0,0
986,16.679,2.582,1.354,0.699,0.320,0.209,1,1.478,0.101,0.000,21,1622,358,0
987,16.683,1.073,0.900,0.016,0.008,0.150,0,1.478,0.101,0.000,0,684,0,0
988,16.683,2.594,1.522,0.684,0.232,0.156,1,1.325,0.093,0.000,21,1622,358,0
989,16.683,1.020,0.806,0.015,0.007,0.192,0,1.325,0.093,0.000,0,684,0,0
990,16.683,1.886,0.898,0.571,0.273,0.144,1,1.250,0.090,0.000,21,1622,358,0
991,16.681,0.941,0.778,0.014,0.007,0.143,0,1.250,0.090,0.000,0,684,0,0
992,16.685,1.895,0.933,0.566,0.205,0.192,1,1.143,0.092,0.000,21,1622,358,0
993,16.683,0.887,0.723,0.014,0.007,0.143,0,1.143,0.092,0.000,0,684,0,0
994,16.685,1.768,0.875,0.558,0.189,0.145,1,1.114,0.090,0.000,21,1622,358,0
995,16.692,1.396,1.181,0.015,0.007,0.194,0,1.114,0.090,0.000,0,684,0,0
996,16.677,2.617,1.482,0.688,0.310,0.137,1,1.435,0.097,0.000,21,1622,358,0
997,16.684,0.921,0.777,0.015,0.007,0.122,0,1.435,0.097,0.000,0,684,0,0
998,16.697,2.057,1.082,0.594,0.201,0.180,1,1.105,0.089,0.000,21,1622,358,0
999,16.675,1.186,1.003,0.017,0.007,0.158,0,1.105,0.089,0.000,0,684,0,0
1000,16.675,2.440,1.252,0.724,0.314,0.150,1,1.299,0.103,0.000,21,1622,358,0
1001,16.685,0.923,0.766,0.014,0.007,0.135,0,1.299,0.103,0.000,0,684,0,0
1002,16.680,1.903,0.919,0.642,0.225,0.116,1,1.217,0.092,0.000,21,1622,358,0
1003,16.680,0.870,0.713,0.014,0.006,0.137,0,1.217,0.092,0.000,0,684,0,0
1004,16.692,2.347,1.495,0.568,0.178,0.106,1,1.495,0.090,0.000,21,1622,358,0
1005,16.682,1.447,1.228,0.018,0.009,0.192,0,1.495,0.090,0.000,0,684,0,0
1006,16.684,2.457,1.072,0.765,0.362,0.258,1,1.515,0.104,0.000,21,1622,358,0
1007,16.680,0.976,0.764,0.015,0.007,0.191,0,1.515,0.104,0.000,0,684,0,0
1008,16.683,2.236,1.024,0.590,0.409,0.213,1,1.401,0.094,0.000,21,1622,358,0
1009,16.682,1.175,0.901,0.016,0.009,0.249,0,1.401,0.094,0.000,0,684,0,0
1010,16.685,2.034,0.912,0.704,0.222,0.197,1,1.291,0.092,0.000,21,1622,358,0
1011,16.684,0.926,0.716,0.014,0.007,0.190,0,1.291,0.092,0.000,0,684,0,0
1012,16.687,2.064,1.002,0.622,0.183,0.257,1,1.110,0.090,0.000,21,1622,358,0
1013,16.682,1.188,0.967,0.018,0.009,0.194,0,1.110,0.090,0.000,0,684,0,0
1014,16.687,2.219,1.037,0.715,0.289,0.178,1,1.412,0.096,0.000,21,1622,358,0
1015,16.679,1.065,0.816,0.014,0.006,0.228,0,1.412,0.096,0.000,0,684,0,0
1016,16.684,1.918,0.923,0.635,0.204,0.157,1,1.087,0.095,0.000,21,1622,358,0
1017,16.682,0.894,0.722,0.014,0.006,0.152,0,1.087,0.095,0.000,0,684,0,0
1018,16.687,2.739,1.229,1.023,0.272,0.215,1,1.372,0.102,0.000,21,1622,358,0
1019,16.681,1.217,1.028,0.016,0.008,0.165,0,1.372,0.102,0.000,0,684,0,0
1020,16.683,2.638,1.085,0.682,0.694,0.177,1,1.370,0.097,0.000,21,1622,358,0
1021,16.680,1.275,1.026,0.024,0.008,0.217,0,1.370,0.097,0.000,0,684,0,0
1022,16.685,2.221,1.098,0.679,0.255,0.188,1,1.341,0.094,0.000,21,1622,358,0
1023,16.685,0.986,0.793,0.015,0.007,0.171,0,1.341,0.094,0.000,0,684,0,0
1024,16.684,2.091,1.108,0.593,0.201,0.188,1,1.081,0.112,0.000,21,1622,358,0
1025,16.681,1.012,0.753,0.015,0.008,0.236,0,1.081,0.112,0.000,0,684,0,0
1026,16.683,2.017,0.952,0.644,0.190,0.231,1,1.125,0.092,0.000,21,1622,358,0
1027,16.688,1.538,1.198,0.015,0.006,0.319,0,1.125,0.092,0.000,0,684,0,0
1028,16.680,2.490,1.251,0.677,0.311,0.250,1,1.411,0.100,0.000,21,1622,358,0
1029,16.683,1.012,0.763,0.014,0.007,0.227,0,1.411,0.100,0.000,0,684,0,0
1030,16.683,2.084,0.971,0.596,0.211,0.307,1,1.145,0.089,0.000,21,1622,358,0
1031,16.681,0.982,0.736,0.014,0.007,0.225,0,1.145,0.089,0.000,0,684,0,0
1032,16.685,2.080,1.011,0.648,0.191,0.229,1,1.125,0.086,0.000,21,1622,358,0
1033,16.682,1.067,0.750,0.015,0.006,0.295,0,1.125,0.086,0.000,0,684,0,0
1034,16.688,2.863,1.589,0.725,0.305,0.243,1,1.436,0.107,0.000,21,1622,358,0
1035,16.680,1.207,0.930,0.016,0.008,0.254,0,1.436,0.107,0.000,0,684,0,0
1036,16.683,2.673,1.435,0.640,0.268,0.330,1,1.250,0.093,0.000,21,1622,358,0
1037,16.681,1.126,0.820,0.036,0.007,0.264,0,1.250,0.093,0.000,0,684,1,0
1038,16.686,2.018,0.962,0.621,0.187,0.247,1,1.181,0.090,0.000,21,1622,358,0
1039,16.684,1.215,0.879,0.014,0.007,0.315,0,1.181,0.090,0.000,0,684,0,0
1040,16.683,1.918,0.889,0.584,0.194,0.250,1,1.117,0.091,0.000,21,1622,358,0
1041,16.684,1.050,0.792,0.015,0.006,0.237,0,1.117,0.091,0.000,0,684,0,0
1042,16.683,2.025,0.947,0.576,0.183,0.318,1,1.076,0.090,0.000,21,1622,358,0
1043,16.687,1.042,0.792,0.015,0.006,0.229,0,1.076,0.090,0.000,0,684,0,0
1044,16.681,2.735,1.465,0.685,0.325,0.260,1,1.567,0.100,0.000,21,1622,358,0
1045,16.683,1.234,0.939,0.015,0.007,0.274,0,1.567,0.100,0.000,0,684,0,0
1046,16.683,1.967,0.998,0.595,0.215,0.159,1,1.151,0.088,0.000,21,1622,358,0
1047,16.683,0.940,0.766,0.015,0.007,0.153,0,1.151,0.088,0.000,0,684,0,0
1048,16.683,1.970,0.983,0.593,0.189,0.205,1,1.087,0.089,0.000,21,1622,358,0
1049,16.682,0.893,0.723,0.014,0.006,0.149,0,1.087,0.089,0.000,0,684,0,0
1050,16.685,2.313,0.968,1.005,0.185,0.155,1,1.142,0.087,0.000,21,1622,358,0
1051,16.683,0.954,0.737,0.014,0.006,0.196,0,1.142,0.087,0.000,0,684,0,0
1052,16.681,1.839,0.887,0.611,0.188,0.153,1,1.248,0.089,0.000,21,1622,358,0
1053,16.684,0.895,0.725,0.014,0.006,0.150,0,1.248,0.089,0.000,0,684,0,0
1054,16.685,1.879,0.935,0.555,0.187,0.201,1,1.111,0.089,0.000,21,1622,358,0
1055,16.680,0.934,0.740,0.014,0.007,0.173,0,1.111,0.089,0.000,0,684,0,0
1056,16.695,1.891,0.969,0.562,0.187,0.173,1,1.183,0.092,0.000,21,1622,358,0
1057,16.675,1.373,1.105,0.017,0.009,0.242,0,1.183,0.092,0.000,0,684,0,0
1058,16.682,2.040,1.109,0.566,0.187,0.178,1,1.176,0.090,0.000,21,1622,358,0
1059,16.691,0.922,0.735,0.014,0.007,0.166,0,1.176,0.090,0.000,0,684,0,0
1060,16.683,2.485,1.262,0.672,0.310,0.241,1,1.399,0.104,0.000,21,1622,358,0
1061,16.677,0.950,0.777,0.015,0.007,0.151,0,1.399,0.104,0.000,0,684,0,0
1062,16.684,1.959,0.998,0.599,0.207,0.155,1,1.102,0.088,0.000,21,1622,358,0
1063,16.682,0.982,0.763,0.014,0.007,0.198,0,1.102,0.088,0.000,0,684,0,0
1064,16.684,1.835,0.943,0.573,0.183,0.135,1,1.066,0.091,0.000,21,1622,358,0
1065,16.684,1.002,0.813,0.014,0.006,0.169,0,1.066,0.091,0.000,0,684,0,0
1066,16.682,3.221,1.318,1.247,0.398,0.258,1,1.688,0.126,0.000,21,1622,358,0
1067,16.683,1.147,0.965,0.021,0.007,0.154,0,1.688,0.126,0.000,0,684,0,0
1068,16.684,2.487,1.392,0.643,0.260,0.192,1,1.279,0.097,0.000,21,1622,358,0
1069,16.685,1.036,0.789,0.015,0.007,0.224,0,1.279,0.097,0.000,0,684,0,0
1070,16.683,1.900,0.906,0.627,0.199,0.168,1,1.158,0.092,0.000,21,1622,358,0
1071,16.682,0.921,0.736,0.014,0.007,0.164,0,1.158,0.092,0.000,0,684,0,0
1072,16.690,1.912,0.927,0.579,0.188,0.219,1,1.119,0.088,0.000,21,1622,358,0
1073,16.676,1.278,1.068,0.019,0.011,0.180,0,1.119,0.088,0.000,0,684,0,0
1074,16.684,2.027,1.085,0.576,0.187,0.180,1,1.158,0.087,0.000,21,1622,358,0
1075,16.683,1.044,0.799,0.014,0.007,0.225,0,1.158,0.087,0.000,0,684,0,0
1076,16.682,1.828,0.896,0.586,0.193,0.153,1,1.118,0.088,0.000,21,1622,358,0
1077,16.685,0.903,0.734,0.014,0.007,0.148,0,1.118,0.088,0.000,0,684,0,0
1078,16.681,1.861,0.905,0.564,0.193,0.199,1,1.091,0.090,0.000,21,1622,358,0
1079,16.686,1.029,0.861,0.014,0.007,0.148,0,1.091,0.090,0.000,0,684,0,0
1080,16.683,1.976,1.000,0.617,0.186,0.173,1,1.082,0.090,0.000,21,1622,358,0
1081,16.683,0.945,0.723,0.014,0.007,0.202,0,1.082,0.090,0.000,0,684,0,0
1082,16.683,2.255,0.935,0.985,0.184,0.151,1,1.105,0.090,0.000,21,1622,358,0
1083,16.684,0.878,0.709,0.014,0.006,0.148,0,1.105,0.090,0.000,0,684,0,0
1084,16.684,1.985,1.021,0.577,0.187,0.200,1,1.102,0.086,0.000,21,1622,358,0
1085,16.684,0.991,0.724,0.014,0.007,0.246,0,1.102,0.086,0.000,0,684,0,0
1086,16.681,1.981,0.964,0.598,0.189,0.230,1,1.072,0.090,0.000,21,1622,358,0
1087,16.685,1.069,0.753,0.014,0.007,0.295,0,1.072,0.090,0.000,0,684,0,0
1088,16.690,1.913,0.913,0.587,0.183,0.230,1,1.111,0.089,0.000,21,1622,358,0
1089,16.676,1.344,1.079,0.017,0.010,0.238,0,1.111,0.089,0.000,0,684,0,0
1090,16.684,2.160,1.055,0.612,0.183,0.310,1,1.157,0.093,0.000,21,1622,358,0
1091,16.687,1.062,0.821,0.015,0.007,0.219,0,1.157,0.093,0.000,0,684,0,0
1092,16.680,2.830,1.336,0.860,0.386,0.248,1,1.626,0.114,0.000,21,1622,358,0
1093,16.679,1.128,0.805,0.015,0.007,0.300,0,1.626,0.114,0.000,0,684,0,0
1094,16.688,2.004,0.965,0.595,0.214,0.230,1,1.173,0.091,0.000,21,1622,358,0
1095,16.681,1.055,0.793,0.015,0.007,0.240,0,1.173,0.091,0.000,0,684,0,0
1096,16.685,2.079,0.939,0.632,0.197,0.311,1,1.080,0.089,0.000,21,1622,358,0
1097,16.680,0.972,0.730,0.014,0.007,0.222,0,1.080,0.089,0.000,0,684,0,0
1098,16.686,2.416,0.923,1.075,0.192,0.226,1,1.158,0.089,0.000,21,1622,358,0
1099,16.684,1.099,0.794,0.014,0.007,0.283,0,1.158,0.089,0.000,0,684,0,0
1100,16.682,1.911,0.926,0.563,0.188,0.234,1,1.129,0.087,0.000,21,1622,358,0
1101,16.684,1.051,0.741,0.014,0.007,0.289,0,1.129,0.087,0.000,0,684,0,0
1102,16.684,1.908,0.942,0.562,0.184,0.220,1,1.052,0.089,0.000,21,1622,358,0
1103,16.683,1.039,0.801,0.014,0.006,0.217,0,1.052,0.089,0.000,0,684,0,0
1104,16.681,2.183,1.129,0.580,0.184,0.290,1,1.057,0.086,0.000,21,1622,358,0
1105,16.683,1.034,0.767,0.014,0.007,0.245,0,1.057,0.086,0.000,0,684,0,0
1106,16.683,1.935,0.954,0.579,0.187,0.215,1,1.104,0.089,0.000,21,1622,359,0
1107,16.686,1.022,0.726,0.014,0.007,0.276,0,1.104,0.089,0.000,0,684,0,0
1108,16.683,1.916,0.916,0.585,0.198,0.218,1,1.139,0.086,0.000,21,1622,358,0
1109,16.683,0.956,0.723,0.014,0.007,0.212,0,1.139,0.086,0.000,0,684,0,0
1110,16.684,2.002,0.904,0.632,0.179,0.287,1,1.066,0.086,0.000,21,1622,358,0
1111,16.684,0.939,0.709,0.014,0.006,0.209,0,1.066,0.086,0.000,0,684,0,0
1112,16.681,1.939,0.938,0.607,0.181,0.212,1,1.041,0.090,0.000,21,1622,358,0
1113,16.684,1.040,0.742,0.014,0.007,0.277,0,1.041,0.090,0.000,0,684,0,0
1114,16.686,3.128,1.365,1.162,0.367,0.234,1,1.528,0.088,0.000,21,1622,358,0
1115,16.679,1.128,0.861,0.016,0.008,0.243,0,1.528,0.088,0.000,0,684,0,0
1116,16.691,2.292,1.041,0.690,0.261,0.300,1,1.224,0.094,0.000,21,1622,358,0
1117,16.679,1.343,1.066,0.015,0.007,0.255,0,1.224,0.094,0.000,0,684,0,0
1118,16.684,2.388,1.127,0.736,0.286,0.239,1,1.413,0.107,0.000,21,1622,358,0
1119,16.690,1.187,0.866,0.015,0.007,0.299,0,1.413,0.107,0.000,0,684,0,0
1120,16.675,2.315,1.153,0.649,0.284,0.228,1,1.471,0.104,0.000,21,1622,358,0
1121,16.680,0.963,0.751,0.015,0.006,0.191,0,1.471,0.104,0.000,0,684,0,0
1122,16.684,1.964,0.935,0.575,0.198,0.256,1,1.221,0.115,0.000,21,1622,358,0
1123,16.685,0.912,0.703,0.014,0.007,0.188,0,1.221,0.115,0.000,0,684,0,0
1124,16.687,1.938,0.973,0.573,0.194,0.197,1,1.129,0.091,0.000,21,1622,358,0
1125,16.682,1.122,0.874,0.014,0.007,0.226,0,1.129,0.091,0.000,0,684,0,0
1126,16.682,1.843,0.899,0.615,0.190,0.138,1,1.089,0.105,0.000,21,1622,358,0
1127,16.684,0.875,0.719,0.014,0.006,0.136,0,1.089,0.105,0.000,0,684,0,0
1128,16.684,1.891,0.915,0.607,0.186,0.183,1,1.144,0.108,0.000,21,1622,358,0
1129,16.683,0.867,0.714,0.014,0.006,0.133,0,1.144,0.108,0.000,0,684,0,0
1130,16.686,2.953,1.332,1.070,0.398,0.154,1,1.513,0.086,0.000,21,1622,358,0
1131,16.682,1.072,0.864,0.016,0.008,0.184,0,1.513,0.086,0.000,0,684,0,0
1132,16.682,1.958,0.970,0.599,0.252,0.138,1,1.222,0.092,0.000,21,1622,358,0
1133,16.682,0.886,0.730,0.014,0.007,0.134,0,1.222,0.092,0.000,0,684,0,0
1134,16.685,2.026,1.020,0.636,0.191,0.180,1,1.069,0.092,0.000,21,1622,358,0
1135,16.686,0.897,0.738,0.014,0.007,0.138,0,1.069,0.092,0.000,0,684,0,0
1136,16.682,1.842,0.908,0.623,0.186,0.125,1,1.059,0.091,0.000,21,1622,358,0
1137,16.679,0.975,0.794,0.015,0.007,0.159,0,1.059,0.091,0.000,0,684,0,0
1138,16.683,1.792,0.873,0.615,0.183,0.120,1,1.091,0.091,0.000,21,1622,358,0
1139,16.683,0.977,0.840,0.014,0.007,0.116,0,1.091,0.091,0.000,0,684,0,0
1140,16.685,1.956,0.975,0.638,0.180,0.163,1,1.098,0.087,0.000,21,1622,358,0
1141,16.689,0.826,0.707,0.014,0.006,0.100,0,1.098,0.087,0.000,0,684,0,0
1142,16.685,2.609,1.447,0.690,0.354,0.118,1,1.493,0.109,0.000,21,1622,358,0
1143,16.678,1.319,1.147,0.020,0.010,0.142,0,1.493,0.109,0.000,0,684,0,0
1144,16.683,2.361,1.154,0.743,0.397,0.066,1,1.623,0.106,0.000,21,1622,358,0
1145,16.681,0.918,0.730,0.015,0.007,0.166,0,1.623,0.106,0.000,0,684,0,0
1146,16.687,2.050,0.938,0.700,0.203,0.209,1,1.618,0.092,0.000,21,1622,358,0
1147,16.680,0.879,0.707,0.014,0.006,0.152,0,1.618,0.092,0.000,0,684,0,0
1148,16.687,1.762,0.864,0.553,0.188,0.157,1,1.128,0.135,0.000,21,1622,358,0
1149,16.681,0.975,0.753,0.014,0.007,0.200,0,1.128,0.135,0.000,0,684,0,0
1150,16.686,1.868,0.896,0.620,0.194,0.158,1,1.074,0.089,0.000,21,1622,358,0
1151,16.683,0.953,0.779,0.014,0.006,0.153,0,1.074,0.089,0.000,0,684,0,0
1152,16.684,1.998,0.974,0.622,0.188,0.214,1,1.060,0.089,0.000,21,1622,358,0
1153,16.680,0.925,0.748,0.015,0.007,0.156,0,1.060,0.089,0.000,0,684,0,0
1154,16.688,1.807,0.906,0.562,0.182,0.157,1,1.101,0.093,0.000,21,1622,358,0
1155,16.682,1.009,0.782,0.014,0.006,0.207,0,1.101,0.093,0.000,0,684,0,0
1156,16.686,1.840,0.898,0.612,0.188,0.141,1,1.085,0.086,0.000,21,1622,358,0
1157,16.680,0.875,0.719,0.014,0.007,0.135,0,1.085,0.086,0.000,0,684,0,0
1158,16.685,1.943,0.949,0.613,0.181,0.200,1,1.100,0.161,0.000,21,1622,358,0
1159,16.683,1.816,1.589,0.020,0.013,0.194,0,1.100,0.161,0.000,0,536,0,0
1160,16.685,2.041,1.021,0.617,0.208,0.195,1,1.139,0.096,0.000,19,1474,340,0
1161,16.682,0.937,0.695,0.012,0.007,0.224,0,1.139,0.096,0.000,0,536,0,0
1162,16.682,2.763,1.085,1.097,0.390,0.190,1,1.465,0.086,0.000,19,1474,340,0
1163,16.686,0.998,0.790,0.014,0.007,0.186,0,1.465,0.086,0.000,0,536,0,0
1164,16.684,2.214,1.104,0.607,0.266,0.238,1,1.151,0.154,0.000,19,1474,340,0
1165,16.681,1.105,0.829,0.013,0.008,0.254,0,1.151,0.154,0.000,0,536,0,0
1166,16.682,1.974,0.918,0.610,0.202,0.244,1,1.017,0.088,0.000,19,1474,340,0
1167,16.685,1.058,0.730,0.012,0.007,0.309,0,1.017,0.088,0.000,0,536,0,0
1168,16.681,1.894,0.868,0.599,0.187,0.239,1,0.978,0.089,0.000,19,1474,340,0
1169,16.690,1.082,0.826,0.013,0.006,0.237,0,0.978,0.089,0.000,0,536,0,0
1170,16.681,2.850,1.488,0.715,0.315,0.332,1,1.435,0.113,0.000,19,1474,340,0
1171,16.678,1.025,0.766,0.013,0.007,0.238,0,1.435,0.113,0.000,0,536,0,0
1172,16.686,2.009,0.987,0.569,0.203,0.251,1,1.008,0.089,0.000,19,1474,340,0
1173,16.683,1.067,0.751,0.013,0.007,0.296,0,1.008,0.089,0.000,0,536,0,0
1174,16.684,1.896,0.937,0.550,0.192,0.217,1,1.020,0.089,0.000,19,1474,340,0
1175,16.688,0.932,0.680,0.012,0.006,0.233,0,1.020,0.089,0.000,0,536,0,0
1176,16.680,2.644,1.330,0.695,0.300,0.319,1,1.383,0.102,0.000,19,1474,340,0
1177,16.683,1.099,0.834,0.014,0.007,0.243,0,1.383,0.102,0.000,0,536,0,0
1178,16.682,2.408,1.315,0.615,0.243,0.235,1,1.146,0.095,0.000,19,1474,341,0
1179,16.700,1.117,0.794,0.012,0.007,0.304,0,1.146,0.095,0.000,0,536,0,0
1180,16.673,4.308,2.839,0.850,0.321,0.298,1,1.808,0.107,0.000,19,1474,340,0
1181,16.678,1.253,0.951,0.016,0.010,0.276,0,1.808,0.107,0.000,0,536,0,0
1182,16.684,2.471,1.134,0.653,0.345,0.339,1,1.340,0.102,0.000,19,1474,340,0
1183,16.681,0.969,0.723,0.013,0.006,0.227,0,1.340,0.102,0.000,0,536,0,0
1184,16.684,1.805,0.841,0.554,0.202,0.208,1,1.070,0.089,0.000,19,1474,340,0
1185,16.681,1.235,0.873,0.012,0.007,0.343,0,1.070,0.089,0.000,0,536,0,0
1186,16.684,1.861,0.861,0.567,0.193,0.239,1,1.035,0.094,0.000,19,1474,340,0
1187,16.688,0.988,0.734,0.013,0.007,0.235,0,1.035,0.094,0.000,0,536,0,0
1188,16.681,2.785,1.429,0.693,0.332,0.331,1,1.505,0.107,0.000,19,1474,340,0
1189,16.683,0.976,0.716,0.013,0.007,0.239,0,1.505,0.107,0.000,0,536,0,0
1190,16.683,2.000,0.930,0.614,0.213,0.244,1,1.022,0.090,0.000,19,1474,340,0
1191,16.689,1.045,0.713,0.013,0.007,0.312,0,1.022,0.090,0.000,0,536,0,0
1192,16.679,2.496,1.276,0.675,0.297,0.249,1,1.339,0.099,0.000,19,1474,340,0
1193,16.683,1.125,0.854,0.014,0.008,0.248,0,1.339,0.099,0.000,0,536,0,0
1194,16.685,2.696,1.383,0.729,0.270,0.315,1,1.279,0.095,0.000,19,1474,340,0
1195,16.680,0.968,0.692,0.012,0.007,0.256,0,1.279,0.095,0.000,0,536,0,0
1196,16.685,1.929,0.915,0.559,0.196,0.259,1,1.012,0.089,0.000,19,1474,340,0
1197,16.682,1.039,0.693,0.012,0.007,0.327,0,1.012,0.089,0.000,0,536,0,0
1198,16.684,1.862,0.838,0.589,0.178,0.257,1,1.025,0.087,0.000,19,1474,340,0
1199,16.683,1.070,0.799,0.013,0.007,0.252,0,1.025,0.087,0.000,0,536,0,0
1200,16.693,8.344,3.448,4.279,0.269,0.348,1,9.091,0.093,0.000,65,1162,549,0
1201,16.676,1.344,1.038,0.071,0.008,0.226,0,9.091,0.093,0.000,0,224,0,0
1202,38.666,38.666,2.692,35.185,0.470,0.318,1,9.091,0.093,0.000,83,8494,853,0
1203,3.707,3.707,3.367,0.053,0.034,0.253,0,9.091,0.093,0.000,0,224,0,0
1204,7.680,2.969,2.688,0.059,0.009,0.213,0,9.091,0.093,0.000,0,224,0,0
1205,16.686,7.570,2.644,4.414,0.240,0.272,1,5.337,1.057,0.000,83,8494,716,922
1206,16.678,1.951,1.721,0.061,0.009,0.161,0,5.337,1.057,0.000,0,224,0,0
1207,16.685,3.541,1.456,1.622,0.289,0.175,1,4.049,0.941,0.000,83,8494,733,0
1208,16.679,1.161,0.888,0.054,0.008,0.211,0,4.049,0.941,0.000,0,224,0,0
1209,16.687,3.287,1.248,1.581,0.295,0.163,1,3.804,0.918,0.000,83,8494,733,0
1210,16.682,1.040,0.826,0.053,0.007,0.155,0,3.804,0.918,0.000,0,224,0,0
1211,16.683,3.249,1.266,1.518,0.250,0.215,1,3.613,1.002,0.000,83,8494,733,0
1212,16.684,1.086,0.867,0.054,0.008,0.157,0,3.613,1.002,0.000,0,224,0,0
1213,16.685,3.386,1.408,1.572,0.240,0.166,1,3.698,0.920,0.000,83,8494,734,0
1214,16.681,1.187,0.923,0.053,0.008,0.202,0,3.698,0.920,0.000,0,224,0,0
1215,16.685,3.201,1.256,1.527,0.248,0.170,1,3.486,0.888,0.000,83,8494,733,0
1216,16.680,1.046,0.847,0.053,0.007,0.140,0,3.486,0.888,0.000,0,224,0,0
1217,16.685,3.643,1.216,2.012,0.240,0.174,1,3.355,0.870,0.000,83,8494,733,0
1218,16.683,1.016,0.836,0.053,0.009,0.119,0,3.355,0.870,0.000,0,224,0,0
1219,16.686,3.787,1.325,2.123,0.217,0.121,1,3.413,0.906,0.000,83,8494,733,0
1220,16.682,1.045,0.828,0.053,0.007,0.157,0,3.413,0.906,0.000,0,224,0,0
1221,16.686,4.337,1.420,2.135,0.218,0.563,1,4.274,0.880,0.000,85,8714,765,0
1222,16.682,1.170,0.998,0.055,0.008,0.108,0,4.274,0.880,0.000,0,444,0,0
1223,16.689,3.476,1.487,1.568,0.257,0.164,1,3.685,0.876,0.000,84,8710,747,0
1224,16.673,1.272,1.096,0.054,0.007,0.115,0,3.685,0.876,0.000,0,440,0,0
1225,16.695,14.164,4.485,9.107,0.373,0.199,1,11.545,1.101,0.000,89,9062,815,0
1226,16.680,1.560,1.297,0.059,0.007,0.197,0,11.545,1.101,0.000,0,792,0,0
1227,16.676,5.458,3.105,1.882,0.283,0.188,1,4.231,1.038,0.000,89,9062,801,0
1228,16.687,1.367,1.157,0.059,0.007,0.144,0,4.231,1.038,0.000,0,792,0,0
1229,16.683,4.443,1.995,1.861,0.367,0.220,1,4.074,1.041,0.000,89,9062,800,0
1230,16.681,1.624,1.391,0.062,0.011,0.160,0,4.074,1.041,0.000,0,792,0,0
1231,16.688,4.073,1.958,1.688,0.252,0.176,1,3.933,0.985,0.000,89,9062,800,0
1232,16.678,1.376,1.135,0.058,0.008,0.175,0,3.933,0.985,0.000,0,792,0,0
1233,16.688,4.070,1.564,2.146,0.222,0.138,1,3.636,0.904,0.000,89,9062,800,0
1234,16.680,1.359,1.155,0.060,0.007,0.137,0,3.636,0.904,0.000,0,792,0,0
1235,16.687,5.102,2.577,2.126,0.215,0.184,1,3.534,0.881,0.000,89,9062,800,0
1236,16.676,1.687,1.468,0.069,0.014,0.137,0,3.534,0.881,0.000,0,792,0,0
1237,16.691,4.398,1.811,2.095,0.367,0.124,1,4.461,1.064,0.000,89,9062,800,0
1238,16.676,1.365,1.141,0.060,0.007,0.157,0,4.461,1.064,0.000,0,792,0,0
1239,16.686,3.778,1.732,1.675,0.250,0.121,1,3.681,0.897,0.000,89,9062,801,0
1240,16.692,1.305,1.093,0.059,0.008,0.145,0,3.681,0.897,0.000,0,792,0,0
1241,16.675,4.011,1.765,1.743,0.320,0.183,1,3.985,0.974,0.000,89,9062,800,0
1242,16.683,1.304,1.101,0.059,0.008,0.137,0,3.985,0.974,0.000,0,792,0,0
1243,16.685,3.799,1.658,1.755,0.244,0.142,1,3.700,0.909,0.000,89,9062,800,0
1244,16.681,1.575,1.307,0.059,0.007,0.202,0,3.700,0.909,0.000,0,792,0,0
1245,16.681,3.846,1.631,1.691,0.237,0.287,1,3.629,0.898,0.000,89,9062,800,0
1246,16.686,1.431,1.104,0.058,0.008,0.261,0,3.629,0.898,0.000,0,792,0,0
1247,16.682,3.840,1.558,1.679,0.256,0.347,1,3.734,0.878,0.000,89,9062,800,0
1248,16.684,1.439,1.113,0.058,0.008,0.260,0,3.734,0.878,0.000,0,792,0,0
1249,16.685,4.218,2.031,1.712,0.213,0.263,1,3.571,0.893,0.000,89,9062,800,0
1250,16.683,1.547,1.137,0.059,0.007,0.344,0,3.571,0.893,0.000,0,792,0,0
1251,16.685,4.110,1.977,1.664,0.204,0.266,1,3.609,0.872,0.000,89,9062,800,0
1252,16.681,1.491,1.161,0.059,0.008,0.263,0,3.609,0.872,0.000,0,792,0,0
1253,16.683,3.816,1.598,1.639,0.228,0.351,1,4.076,0.901,0.000,89,9062,801,0
1254,16.685,1.479,1.152,0.059,0.007,0.261,0,4.076,0.901,0.000,0,792,0,0
1255,16.684,3.848,1.677,1.656,0.231,0.284,1,3.675,0.889,0.000,89,9062,800,0
1256,16.683,1.694,1.156,0.059,0.008,0.471,0,3.675,0.889,0.000,0,792,0,0
1257,16.682,3.836,1.618,1.692,0.247,0.280,1,3.746,0.889,0.000,89,9062,800,0
1258,16.683,2.305,1.923,0.074,0.015,0.293,0,3.746,0.889,0.000,0,792,0,0
1259,16.683,4.307,1.918,1.746,0.256,0.387,1,3.898,1.000,0.000,89,9062,800,0
1260,16.684,1.483,1.130,0.059,0.007,0.287,0,3.898,1.000,0.000,0,792,0,0
1261,16.682,3.856,1.635,1.701,0.238,0.281,1,3.687,0.891,0.000,89,9062,800,0
1262,16.684,1.566,1.138,0.059,0.007,0.362,0,3.687,0.891,0.000,0,792,0,0
1263,16.685,3.658,1.494,1.678,0.246,0.240,1,3.658,0.878,0.000,89,9062,800,0
1264,16.681,1.542,1.249,0.059,0.006,0.228,0,3.658,0.878,0.000,0,792,0,0
1265,16.686,4.316,1.544,2.156,0.217,0.399,1,3.667,0.878,0.000,89,9062,801,0
1266,16.679,1.446,1.097,0.059,0.007,0.282,0,3.667,0.878,0.000,0,792,0,0
1267,16.684,4.329,1.532,2.303,0.210,0.285,1,3.696,0.906,0.000,89,9062,800,0
1268,16.683,1.539,1.102,0.058,0.007,0.372,0,3.696,0.906,0.000,0,792,0,0
1269,16.687,3.710,1.556,1.635,0.229,0.290,1,4.310,0.879,0.000,89,9062,800,0
1270,16.683,1.461,1.108,0.059,0.007,0.286,0,4.310,0.879,0.000,0,792,0,0
1271,16.682,3.899,1.570,1.723,0.226,0.379,1,3.569,0.896,0.000,89,9062,800,0
1272,16.682,1.531,1.169,0.075,0.007,0.280,0,3.569,0.896,0.000,0,792,0,0
1273,16.691,3.706,1.494,1.695,0.235,0.283,1,3.629,0.884,0.000,89,9062,800,0
1274,16.678,1.622,1.168,0.065,0.008,0.382,0,3.629,0.884,0.000,0,792,0,0
1275,16.685,3.934,1.630,1.723,0.226,0.355,1,3.604,0.893,0.000,89,9062,800,0
1276,16.681,1.515,1.104,0.059,0.007,0.345,0,3.604,0.893,0.000,0,792,0,0
1277,16.686,4.097,1.636,1.712,0.231,0.518,1,3.640,0.857,0.000,89,9062,800,0
1278,16.689,1.527,1.113,0.059,0.008,0.347,0,3.640,0.857,0.000,0,792,0,0
1279,16.677,5.987,3.284,1.917,0.418,0.368,1,3.924,1.116,0.000,90,9062,803,0
1280,16.684,1.936,1.401,0.061,0.009,0.465,0,3.924,1.116,0.000,0,792,0,0
1281,16.684,5.283,2.348,2.303,0.298,0.335,1,3.620,0.952,0.000,89,9062,800,0
1282,16.683,1.802,1.392,0.062,0.009,0.339,0,3.620,0.952,0.000,0,792,0,0
1283,16.681,5.878,3.292,1.804,0.349,0.434,1,3.739,0.999,0.000,89,9062,800,0
1284,16.685,1.936,1.558,0.065,0.008,0.306,0,3.739,0.999,0.000,0,792,0,0
1285,16.684,5.286,1.912,2.255,0.781,0.338,1,3.917,0.977,0.000,89,9062,800,0
1286,16.679,1.578,1.169,0.059,0.007,0.342,0,3.917,0.977,0.000,0,792,0,0
1287,16.684,3.756,1.671,1.550,0.245,0.290,1,3.572,0.918,0.000,84,8870,749,0
1288,16.681,2.824,2.451,0.063,0.013,0.298,0,3.572,0.918,0.000,0,604,0,0
1289,16.694,6.169,1.844,3.515,0.373,0.436,1,5.821,0.950,0.000,85,8874,769,0
1290,16.677,1.448,1.103,0.056,0.008,0.282,0,5.821,0.950,0.000,0,604,0,0
1291,16.682,3.752,1.590,1.660,0.213,0.288,1,3.796,0.948,0.000,85,8874,765,0
1292,16.683,1.543,1.111,0.055,0.008,0.369,0,3.796,0.948,0.000,0,604,0,0
1293,16.684,3.649,1.487,1.605,0.268,0.289,1,3.547,0.912,0.000,85,8874,764,0
1294,16.691,1.437,1.101,0.056,0.007,0.272,0,3.547,0.912,0.000,0,604,0,0
1295,16.675,5.713,2.984,1.930,0.402,0.397,1,3.608,1.118,0.000,85,8874,764,0
1296,16.688,1.646,1.275,0.057,0.010,0.304,0,3.608,1.118,0.000,0,604,0,0
1297,16.681,4.470,1.606,2.291,0.285,0.287,1,3.856,0.984,0.000,85,8874,764,0
1298,16.681,1.511,1.073,0.056,0.008,0.375,0,3.856,0.984,0.000,0,604,0,0
1299,16.686,4.207,1.610,2.092,0.222,0.283,1,3.677,0.895,0.000,86,9042,778,0
1300,16.694,1.464,1.118,0.056,0.008,0.283,0,3.677,0.895,0.000,0,772,0,0
1301,16.673,4.112,1.720,1.751,0.294,0.348,1,4.561,0.967,0.000,86,9042,778,0
1302,16.684,1.514,1.193,0.056,0.008,0.257,0,4.561,0.967,0.000,0,772,0,0
1303,16.686,4.912,2.131,1.937,0.475,0.368,1,4.058,1.141,0.000,86,9042,779,0
1304,16.680,1.674,1.345,0.056,0.008,0.264,0,4.058,1.141,0.000,0,772,0,0
1305,16.684,4.532,2.104,1.782,0.316,0.330,1,3.852,0.996,0.000,86,9042,778,0
1306,16.681,1.580,1.144,0.057,0.008,0.371,0,3.852,0.996,0.000,0,772,0,0
1307,16.683,3.796,1.585,1.669,0.258,0.284,1,3.673,0.893,0.000,86,9042,778,0
1308,16.684,1.438,1.096,0.056,0.008,0.278,0,3.673,0.893,0.000,0,772,0,0
1309,16.684,3.812,1.588,1.607,0.243,0.374,1,3.647,0.881,0.000,86,9042,778,0
1310,16.691,1.421,1.096,0.056,0.007,0.263,0,3.647,0.881,0.000,0,772,0,0
1311,16.677,5.647,3.177,1.798,0.406,0.266,1,3.731,1.024,0.000,86,9042,778,0
1312,16.680,1.808,1.409,0.059,0.010,0.330,0,3.731,1.024,0.000,0,772,0,0
1313,16.686,4.378,1.563,2.281,0.291,0.243,1,3.828,0.962,0.000,86,9042,778,0
1314,16.679,1.457,1.156,0.056,0.008,0.238,0,3.828,0.962,0.000,0,772,0,0
1315,16.686,4.245,1.998,1.725,0.212,0.310,1,3.610,0.900,0.000,86,9042,778,0
1316,16.682,1.356,1.079,0.056,0.007,0.214,0,3.610,0.900,0.000,0,772,0,0
1317,16.685,3.625,1.563,1.597,0.241,0.223,1,4.227,0.880,0.000,86,9042,779,0
1318,16.682,1.557,1.187,0.056,0.007,0.308,0,4.227,0.880,0.000,0,772,0,0
1319,16.682,3.821,1.721,1.601,0.247,0.253,1,4.061,0.884,0.000,86,9042,778,0
1320,16.688,1.478,1.202,0.057,0.009,0.210,0,4.061,0.884,0.000,0,772,0,0
1321,16.686,4.765,2.112,1.970,0.400,0.282,1,3.972,1.121,0.000,86,9042,778,0
1322,16.676,1.898,1.618,0.058,0.011,0.212,0,3.972,1.121,0.000,0,772,0,0
1323,16.686,3.955,1.819,1.654,0.260,0.221,1,3.749,0.938,0.000,86,9042,778,0
1324,16.683,1.699,1.327,0.056,0.008,0.309,0,3.749,0.938,0.000,0,772,0,0
1325,16.685,3.780,1.560,1.690,0.262,0.267,1,3.644,0.885,0.000,86,9042,778,0
1326,16.682,1.459,1.141,0.055,0.007,0.256,0,3.644,0.885,0.000,0,772,0,0
1327,16.690,3.998,1.663,1.729,0.266,0.341,1,3.599,0.902,0.000,86,9042,778,0
1328,16.673,1.385,1.070,0.056,0.007,0.252,0,3.599,0.902,0.000,0,772,0,0
1329,16.691,3.685,1.603,1.598,0.227,0.258,1,3.720,1.345,0.000,86,9042,779,0
1330,16.676,1.520,1.122,0.056,0.007,0.336,0,3.720,1.345,0.000,0,772,0,0
1331,16.687,3.599,1.526,1.591,0.222,0.259,1,4.165,0.921,0.000,86,9042,778,0
1332,16.678,1.496,1.165,0.056,0.008,0.267,0,4.165,0.921,0.000,0,772,0,0
1333,16.690,3.683,1.528,1.584,0.248,0.323,1,3.635,0.883,0.000,86,9042,778,0
1334,16.676,1.412,1.107,0.057,0.008,0.241,0,3.635,0.883,0.000,0,772,0,0
1335,16.691,3.563,1.545,1.556,0.233,0.229,1,3.565,0.900,0.000,86,9042,778,0
1336,16.676,1.439,1.092,0.056,0.008,0.283,0,3.565,0.900,0.000,0,772,0,0
1337,16.689,3.573,1.488,1.648,0.218,0.219,1,3.579,0.878,0.000,86,9042,778,0
1338,16.680,1.352,1.074,0.056,0.007,0.216,0,3.579,0.878,0.000,0,772,0,0
1339,16.682,3.856,1.710,1.598,0.243,0.305,1,3.639,0.950,0.000,86,9042,778,0
1340,16.685,1.388,1.106,0.056,0.007,0.218,0,3.639,0.950,0.000,0,772,0,0
1341,16.687,3.626,1.510,1.673,0.244,0.199,1,3.607,0.880,0.000,86,9042,778,0
1342,16.681,1.447,1.128,0.056,0.008,0.255,0,3.607,0.880,0.000,0,772,0,0
1343,16.682,6.014,3.480,1.909,0.415,0.211,1,3.870,1.107,0.000,86,9042,779,0
1344,16.687,1.558,1.349,0.056,0.007,0.145,0,3.870,1.107,0.000,0,772,0,0
1345,16.683,4.821,1.960,2.246,0.284,0.331,1,3.966,0.987,0.000,86,9042,778,0
1346,16.681,1.397,1.115,0.056,0.008,0.217,0,3.966,0.987,0.000,0,772,0,0
1347,16.686,4.090,1.522,1.613,0.735,0.220,1,3.822,0.896,0.000,86,9042,778,0
1348,16.680,1.446,1.098,0.056,0.008,0.285,0,3.822,0.896,0.000,0,772,0,0
1349,16.685,3.571,1.501,1.596,0.241,0.233,1,3.977,0.895,0.000,86,9042,778,0
1350,16.682,1.380,1.096,0.056,0.007,0.221,0,3.977,0.895,0.000,0,772,0,0
1351,16.682,3.597,1.480,1.585,0.233,0.299,1,3.676,0.878,0.000,86,9042,778,0
1352,16.689,1.601,1.325,0.055,0.008,0.214,0,3.676,0.878,0.000,0,772,0,0
1353,16.682,4.653,2.158,1.854,0.398,0.243,1,3.991,1.086,0.000,86,9042,778,0
1354,16.681,1.632,1.270,0.056,0.008,0.298,0,3.991,1.086,0.000,0,772,0,0
1355,16.683,3.807,1.531,1.756,0.279,0.242,1,3.665,0.954,0.000,86,9042,779,0
1356,16.684,1.405,1.107,0.056,0.007,0.234,0,3.665,0.954,0.000,0,772,0,0
1357,16.686,3.907,1.639,1.707,0.251,0.311,1,3.589,0.895,0.000,86,9042,778,0
1358,16.678,1.385,1.085,0.056,0.008,0.236,0,3.589,0.895,0.000,0,772,0,0
1359,16.688,5.871,3.367,1.861,0.388,0.255,1,3.691,1.090,0.000,86,9042,778,0
1360,16.699,1.737,1.350,0.059,0.009,0.320,0,3.691,1.090,0.000,0,772,0,0
1361,16.667,5.722,2.282,2.852,0.364,0.224,1,4.026,1.026,0.000,86,9042,778,0
1362,16.682,1.530,1.249,0.056,0.009,0.216,0,4.026,1.026,0.000,0,772,0,0
1363,17.625,13.979,10.500,2.459,0.455,0.565,1,6.075,1.038,0.000,85,8874,760,0
1364,15.752,2.330,2.007,0.061,0.011,0.251,0,6.075,1.038,0.000,0,604,0,0
1365,16.721,4.366,1.955,1.894,0.266,0.252,1,4.885,1.161,0.000,85,8874,760,0
1366,16.647,1.935,1.588,0.060,0.011,0.276,0,4.885,1.161,0.000,0,604,0,0
1367,16.674,4.019,1.612,1.813,0.381,0.213,1,4.123,1.054,0.000,85,8874,761,0
1368,16.686,1.407,1.145,0.055,0.008,0.200,0,4.123,1.054,0.000,0,604,0,0
1369,16.699,4.351,1.937,1.753,0.347,0.314,1,3.921,1.007,0.000,85,8874,760,0
1370,16.665,1.482,1.212,0.057,0.009,0.204,0,3.921,1.007,0.000,0,604,0,0
1371,16.683,3.867,1.586,1.710,0.365,0.205,1,3.819,0.947,0.000,85,8874,760,0
1372,16.682,1.425,1.108,0.055,0.008,0.254,0,3.819,0.947,0.000,0,604,0,0
1373,16.686,3.609,1.541,1.602,0.264,0.202,1,3.615,0.884,0.000,85,8874,760,0
1374,16.683,1.348,1.091,0.054,0.007,0.195,0,3.615,0.884,0.000,0,600,0,0
1375,16.682,5.953,3.338,1.904,0.403,0.308,1,3.689,1.066,0.000,84,8870,745,0
1376,16.683,1.490,1.196,0.056,0.009,0.229,0,3.689,1.066,0.000,0,600,0,0
1377,16.691,3.768,1.573,1.672,0.294,0.228,1,3.909,1.442,0.000,84,8870,745,0
1378,16.674,1.404,1.055,0.055,0.009,0.285,0,3.909,1.442,0.000,0,600,0,0
1379,16.681,4.824,2.767,1.550,0.285,0.223,1,3.974,0.884,0.000,84,8870,745,0
1380,16.690,1.307,1.049,0.053,0.008,0.197,0,3.974,0.884,0.000,0,600,0,0
1381,16.686,4.483,2.032,1.826,0.344,0.282,1,4.409,1.035,0.000,84,8870,746,0
1382,16.676,1.529,1.262,0.057,0.009,0.201,0,4.409,1.035,0.000,0,600,0,0
1383,16.683,3.855,1.772,1.617,0.246,0.220,1,3.602,0.929,0.000,84,8870,745,0
1384,16.686,1.791,1.475,0.054,0.008,0.254,0,3.602,0.929,0.000,0,600,0,0
1385,18.180,5.728,3.408,1.701,0.386,0.233,1,3.817,0.995,0.000,84,8870,745,0
1386,17.645,4.370,4.072,0.062,0.012,0.226,0,3.817,0.995,0.000,0,600,0,0
1387,14.238,11.636,8.637,2.317,0.384,0.298,1,7.251,1.312,0.000,84,8870,745,0
1388,16.670,1.550,1.292,0.059,0.008,0.191,0,7.251,1.312,0.000,0,600,0,0
1389,16.682,3.764,1.633,1.711,0.218,0.203,1,4.156,1.153,0.000,84,8870,745,0
1390,16.689,1.402,1.085,0.055,0.007,0.255,0,4.156,1.153,0.000,0,600,0,0
1391,16.685,6.336,3.473,2.235,0.398,0.230,1,3.977,1.108,0.000,84,8870,745,0
1392,16.681,1.452,1.206,0.054,0.008,0.183,0,3.977,1.108,0.000,0,600,0,0
1393,16.686,5.784,3.589,1.646,0.294,0.255,1,4.020,1.032,0.000,84,8870,746,0
1394,16.734,1.547,1.275,0.055,0.008,0.208,0,4.020,1.032,0.000,0,600,0,0
1395,16.634,4.198,1.908,1.748,0.321,0.221,1,4.490,1.079,0.000,83,8494,731,0
1396,16.674,1.213,0.910,0.053,0.008,0.243,0,4.490,1.079,0.000,0,224,0,0
1397,16.687,3.250,1.280,1.518,0.267,0.185,1,3.707,0.908,0.000,83,8494,731,0
1398,16.677,1.085,0.846,0.053,0.007,0.178,0,3.707,0.908,0.000,0,224,0,0
1399,16.690,3.347,1.304,1.554,0.234,0.255,1,3.558,0.905,0.000,83,8494,731,0
1400,16.684,1.077,0.852,0.053,0.007,0.165,0,3.558,0.905,0.000,0,224,0,0
1401,16.683,4.178,1.720,1.819,0.389,0.251,1,3.769,1.031,0.000,83,8494,731,0
1402,16.680,1.119,0.891,0.054,0.009,0.165,0,3.769,1.031,0.000,0,224,0,0
1403,16.684,3.302,1.201,1.666,0.266,0.168,1,3.430,0.922,0.000,83,8494,731,0
1404,16.684,1.326,1.025,0.053,0.007,0.242,0,3.430,0.922,0.000,0,224,0,0
1405,16.684,3.249,1.264,1.574,0.237,0.174,1,3.457,0.884,0.000,83,8494,731,0
1406,16.680,1.250,1.027,0.052,0.008,0.163,0,3.457,0.884,0.000,0,220,0,0
1407,16.687,5.684,2.856,2.221,0.377,0.230,1,3.579,1.060,0.000,82,8490,716,0
1408,16.684,1.126,0.916,0.052,0.007,0.151,0,3.579,1.060,0.000,0,220,0,0
1409,91.140,91.140,2.932,87.542,0.450,0.215,1,3.579,1.060,0.000,110,9492,1059,0
1410,3.063,3.063,2.720,0.051,0.025,0.266,0,3.579,1.060,0.000,0,220,0,0
1411,2.741,2.741,2.393,0.060,0.008,0.279,0,3.579,1.060,0.000,0,220,0,0
1412,1.361,1.361,1.101,0.053,0.008,0.199,0,3.579,1.060,0.000,0,220,0,0
1413,2.815,2.815,2.478,0.052,0.021,0.265,0,3.579,1.060,0.000,0,220,0,0
1414,2.449,2.449,2.210,0.055,0.008,0.176,0,3.579,1.060,0.000,0,220,0,0
1415,17.420,17.420,13.121,3.837,0.271,0.191,1,76.129,1.304,0.000,110,9492,963,2530
1416,12.477,2.818,2.544,0.063,0.009,0.202,0,10.679,0.840,0.000,0,220,0,0
1417,16.692,4.653,1.803,2.237,0.425,0.188,1,4.385,1.174,0.000,110,9492,990,0
1418,16.671,1.175,0.953,0.053,0.008,0.161,0,4.385,1.174,0.000,0,220,0,0
1419,16.693,4.024,1.510,2.035,0.263,0.217,1,4.280,1.040,0.000,110,9492,990,0
1420,16.674,1.141,0.922,0.052,0.008,0.159,0,4.280,1.040,0.000,0,220,0,0
1421,16.701,3.854,1.414,2.019,0.256,0.165,1,4.386,1.108,0.000,110,9492,990,0
1422,16.667,1.402,1.119,0.053,0.009,0.222,0,4.386,1.108,0.000,0,220,0,0
1423,16.696,4.104,1.471,2.105,0.363,0.165,1,4.872,1.160,0.000,110,9492,990,0
1424,16.670,1.329,1.103,0.053,0.008,0.166,0,4.872,1.160,0.000,0,220,0,0
1425,16.692,4.051,1.446,2.082,0.277,0.246,1,4.312,1.640,0.000,110,9492,991,0
1426,16.677,1.153,0.925,0.052,0.007,0.169,0,4.312,1.640,0.000,0,220,0,0
1427,16.680,4.804,2.349,2.007,0.280,0.168,1,4.435,1.098,0.000,110,9492,990,0
1428,16.690,1.189,0.907,0.052,0.007,0.224,0,4.435,1.098,0.000,0,220,0,0
1429,16.694,5.536,2.572,2.341,0.415,0.208,1,5.057,1.218,0.000,110,9492,990,0
1430,16.672,1.384,1.141,0.056,0.009,0.178,0,5.057,1.218,0.000,0,220,0,0
1431,16.683,4.410,1.844,2.030,0.299,0.236,1,4.384,1.060,0.000,110,9492,990,0
1432,16.682,1.179,0.944,0.053,0.009,0.173,0,4.384,1.060,0.000,0,220,0,0
1433,16.687,3.976,1.465,2.081,0.257,0.174,1,4.155,1.009,0.000,110,9492,990,0
1434,16.681,1.271,0.983,0.052,0.008,0.228,0,4.155,1.009,0.000,0,220,0,0
1435,16.687,3.962,1.516,2.004,0.255,0.186,1,4.085,1.052,0.000,110,9492,990,0
1436,16.681,1.159,0.917,0.052,0.008,0.183,0,4.085,1.052,0.000,0,220,0,0
1437,16.684,4.073,1.498,2.072,0.258,0.245,1,4.159,1.052,0.000,110,9492,991,0
1438,16.680,1.154,0.910,0.053,0.007,0.185,0,4.159,1.052,0.000,0,220,0,0
1439,16.686,4.821,2.293,2.090,0.248,0.190,1,4.364,1.014,0.000,110,9492,990,0
1440,16.683,1.252,0.944,0.053,0.008,0.248,0,4.364,1.014,0.000,0,220,0,0
1441,16.700,4.417,1.493,2.475,0.261,0.188,1,4.044,1.027,0.000,110,9492,990,0
1442,16.673,1.749,1.483,0.059,0.010,0.197,0,4.044,1.027,0.000,0,220,0,0
1443,16.691,4.390,1.635,2.158,0.356,0.242,1,5.226,1.167,0.000,110,9492,990,0
1444,16.667,1.402,1.127,0.052,0.008,0.214,0,5.226,1.167,0.000,0,220,0,0
1445,16.690,4.109,1.540,2.059,0.298,0.211,1,4.268,1.037,0.000,110,9492,990,0
1446,16.678,1.262,0.950,0.053,0.007,0.253,0,4.268,1.037,0.000,0,220,0,0
1447,16.690,3.805,1.362,1.982,0.251,0.210,1,4.343,1.035,0.000,110,9492,990,0
1448,16.683,1.228,0.976,0.052,0.008,0.192,0,4.343,1.035,0.000,0,220,0,0
1449,16.682,5.204,2.117,2.362,0.405,0.319,1,4.424,1.282,0.000,110,9492,990,0
1450,16.679,1.204,0.950,0.052,0.008,0.194,0,4.424,1.282,0.000,0,220,0,0
1451,16.684,4.746,2.105,2.128,0.288,0.226,1,4.384,1.039,0.000,110,9492,991,0
1452,16.684,1.364,1.023,0.053,0.007,0.281,0,4.384,1.039,0.000,0,220,0,0
1453,16.687,4.124,1.602,2.033,0.267,0.224,1,4.167,1.030,0.000,110,9492,992,0
1454,16.681,1.318,1.032,0.053,0.009,0.225,0,4.167,1.030,0.000,0,220,0,0
1455,16.684,4.756,1.698,2.472,0.269,0.317,1,4.047,1.105,0.000,110,9492,992,0
1456,16.680,1.238,0.943,0.053,0.008,0.235,0,4.047,1.105,0.000,0,220,0,0
1457,16.688,4.677,2.100,2.080,0.251,0.246,1,4.136,1.050,0.000,110,9492,992,0
1458,16.691,1.344,0.977,0.053,0.007,0.308,0,4.136,1.050,0.000,0,220,0,0
1459,16.682,7.723,4.399,2.605,0.430,0.289,1,4.556,1.744,0.000,110,9492,992,0
1460,16.692,2.835,2.540,0.055,0.009,0.231,0,4.556,1.744,0.000,0,220,0,0
1461,16.677,6.400,3.622,2.189,0.281,0.308,1,5.002,1.186,0.000,110,9492,992,0
1462,16.696,1.450,1.175,0.055,0.008,0.211,0,5.002,1.186,0.000,0,220,0,0
1463,16.665,9.695,6.090,3.089,0.314,0.202,1,4.124,1.053,0.000,110,9492,993,0
1464,16.674,3.676,2.881,0.056,0.008,0.731,0,4.124,1.053,0.000,0,220,0,0
1465,16.689,5.475,2.901,2.141,0.193,0.240,1,3.864,1.090,0.000,110,9492,992,0
1466,16.683,2.419,2.141,0.052,0.007,0.219,0,3.864,1.090,0.000,0,220,0,0
1467,16.684,5.719,3.195,1.981,0.244,0.299,1,3.774,1.036,0.000,110,9492,992,0
1468,16.689,1.899,1.626,0.052,0.007,0.214,0,3.774,1.036,0.000,0,220,0,0
1469,16.684,5.385,2.312,2.385,0.421,0.266,1,4.753,1.239,0.000,110,9492,992,0
1470,16.674,1.442,1.077,0.054,0.008,0.303,0,4.753,1.239,0.000,0,220,0,0
1471,16.690,4.336,1.761,2.040,0.281,0.255,1,4.671,1.069,0.000,110,9492,992,0
1472,16.682,1.346,1.056,0.053,0.008,0.229,0,4.671,1.069,0.000,0,220,0,0
1473,16.695,4.713,1.604,2.516,0.285,0.309,1,4.086,1.123,0.000,110,9492,992,0
1474,16.669,1.353,1.051,0.053,0.008,0.241,0,4.086,1.123,0.000,0,220,0,0
1475,16.684,4.158,1.596,2.046,0.279,0.237,1,4.606,1.245,0.000,110,9492,993,0
1476,16.688,2.826,2.470,0.053,0.007,0.296,0,4.606,1.245,0.000,0,220,0,0
1477,16.677,5.335,2.877,2.011,0.242,0.206,1,3.812,1.057,0.000,110,9492,992,0
1478,16.683,2.888,2.602,0.052,0.008,0.226,0,3.812,1.057,0.000,0,220,0,0
1479,16.685,5.904,3.298,2.077,0.223,0.306,1,3.750,1.150,0.000,110,9492,992,0
1480,16.689,1.277,1.003,0.053,0.007,0.213,0,3.750,1.150,0.000,0,220,0,0
1481,16.697,5.612,2.585,2.371,0.419,0.237,1,4.584,1.243,0.000,110,9492,992,0
1482,16.666,1.525,1.172,0.055,0.009,0.289,0,4.584,1.243,0.000,0,220,0,0
1483,16.698,4.680,1.789,2.307,0.352,0.232,1,4.971,1.213,0.000,110,9492,992,0
1484,16.681,1.759,1.444,0.055,0.012,0.247,0,4.971,1.213,0.000,0,220,0,0
1485,16.676,5.307,2.289,2.227,0.410,0.382,1,6.383,1.175,0.000,110,9492,992,0
1486,16.675,1.404,1.100,0.053,0.009,0.242,0,6.383,1.175,0.000,0,220,0,0
1487,16.707,4.284,1.612,2.081,0.335,0.257,1,5.039,1.087,0.000,110,9492,993,0
1488,16.685,1.606,1.217,0.054,0.010,0.325,0,5.039,1.087,0.000,0,220,0,0
1489,16.667,5.466,2.543,2.296,0.370,0.258,1,4.682,1.306,0.000,110,9492,992,0
1490,16.684,1.361,1.053,0.053,0.010,0.245,0,4.682,1.306,0.000,0,220,0,0
1491,16.682,4.645,1.904,2.121,0.300,0.320,1,4.969,1.117,0.000,110,9492,992,0
1492,16.687,1.399,1.086,0.054,0.009,0.250,0,4.969,1.117,0.000,0,220,0,0
1493,16.677,4.900,2.137,2.154,0.354,0.255,1,4.366,1.106,0.000,110,9492,992,0
1494,17.319,2.134,1.769,0.053,0.008,0.304,0,4.366,1.106,0.000,0,220,0,0
1495,16.054,5.718,2.412,2.647,0.402,0.256,1,6.014,1.429,0.000,110,9492,992,0
1496,17.143,1.840,1.558,0.053,0.009,0.221,0,6.014,1.429,0.000,0,220,0,0
1497,16.230,4.810,2.020,2.120,0.365,0.305,1,6.616,1.178,0.000,110,9492,974,0
1498,16.680,1.445,1.157,0.055,0.009,0.224,0,6.616,1.178,0.000,0,220,0,0
1499,16.680,6.646,3.743,2.238,0.406,0.259,1,4.406,1.160,0.000,110,9492,972,0
1500,16.677,2.673,2.302,0.053,0.009,0.309,0,4.406,1.160,0.000,0,220,0,0
1501,16.690,4.269,1.727,2.011,0.283,0.249,1,4.633,1.134,0.000,110,9492,973,0
1502,16.671,1.417,1.041,0.053,0.008,0.314,0,4.633,1.134,0.000,0,220,0,0
1503,16.696,4.124,1.694,1.972,0.263,0.195,1,4.668,1.060,0.000,110,9492,972,0
1504,16.670,1.409,1.124,0.054,0.008,0.224,0,4.668,1.060,0.000,0,220,0,0
1505,16.698,4.085,1.550,1.953,0.266,0.317,1,4.614,1.047,0.000,110,9492,972,0
1506,16.669,1.242,0.960,0.053,0.007,0.221,0,4.614,1.047,0.000,0,220,0,0
1507,16.688,3.975,1.520,1.956,0.276,0.223,1,4.564,1.121,0.000,110,9492,972,0
1508,16.686,1.319,0.984,0.052,0.007,0.276,0,4.564,1.121,0.000,0,220,0,0
1509,16.683,6.154,2.633,2.306,0.479,0.735,1,4.438,1.214,0.000,110,9492,972,0
1510,16.674,1.305,1.019,0.054,0.008,0.224,0,4.438,1.214,0.000,0,220,0,0
1511,16.688,4.172,1.701,1.948,0.196,0.326,1,4.232,1.043,0.000,110,9492,972,0
1512,16.683,1.238,0.952,0.053,0.007,0.225,0,4.232,1.043,0.000,0,220,0,0
1513,16.687,4.047,1.594,1.943,0.283,0.228,1,4.069,1.038,0.000,110,9492,973,0
1514,16.679,1.389,1.027,0.052,0.007,0.303,0,4.069,1.038,0.000,0,220,0,0
1515,16.684,5.443,2.934,2.000,0.266,0.242,1,3.861,1.111,0.000,110,9492,972,0
1516,16.690,1.257,0.974,0.052,0.007,0.223,0,3.861,1.111,0.000,0,220,0,0
1517,16.684,5.264,2.313,2.197,0.392,0.363,1,4.421,1.249,0.000,110,9492,972,0
1518,16.673,1.277,0.976,0.053,0.008,0.239,0,4.421,1.249,0.000,0,220,0,0
1519,16.689,4.315,1.845,1.961,0.248,0.261,1,4.638,1.043,0.000,110,9492,972,0
1520,16.679,1.341,1.005,0.054,0.008,0.274,0,4.638,1.043,0.000,0,220,0,0
1521,16.694,4.015,1.583,1.966,0.262,0.203,1,4.674,1.040,0.000,110,9492,972,0
1522,16.672,1.232,0.972,0.053,0.008,0.199,0,4.674,1.040,0.000,0,220,0,0
1523,16.689,3.954,1.489,1.935,0.264,0.266,1,4.191,1.090,0.000,110,9492,971,0
1524,16.678,1.429,1.160,0.053,0.008,0.208,0,4.191,1.090,0.000,0,220,0,0
1525,16.689,3.980,1.571,2.016,0.241,0.151,1,4.459,1.080,0.000,110,9492,972,0
1526,16.683,1.312,1.075,0.053,0.007,0.177,0,4.459,1.080,0.000,0,220,0,0
1527,16.682,5.062,2.288,2.201,0.397,0.177,1,4.434,1.247,0.000,110,9492,971,0
1528,16.682,1.487,1.272,0.055,0.010,0.149,0,4.434,1.247,0.000,0,220,0,0
1529,16.682,4.408,1.902,2.019,0.280,0.207,1,4.260,1.068,0.000,110,9492,971,0
1530,16.684,1.183,0.982,0.053,0.008,0.140,0,4.260,1.068,0.000,0,220,0,0
1531,16.684,3.966,1.572,1.975,0.275,0.144,1,4.230,1.030,0.000,110,9492,971,0
1532,16.690,1.261,1.019,0.053,0.008,0.180,0,4.230,1.030,0.000,0,220,0,0
1533,16.677,5.972,3.167,2.248,0.397,0.159,1,4.052,1.219,0.000,110,9492,971,0
1534,16.685,1.268,1.071,0.052,0.007,0.138,0,4.052,1.219,0.000,0,220,0,0
1535,16.680,5.569,2.387,2.628,0.331,0.223,1,4.422,1.139,0.000,110,9492,971,0
1536,16.686,1.179,0.995,0.052,0.008,0.124,0,4.422,1.139,0.000,0,220,0,0
1537,16.683,4.494,1.631,2.480,0.256,0.128,1,4.133,1.033,0.000,110,9492,972,0
1538,16.683,1.185,0.964,0.052,0.007,0.161,0,4.133,1.033,0.000,0,220,0,0
1539,16.685,4.066,1.711,1.970,0.235,0.149,1,4.543,1.021,0.000,110,9492,971,0
1540,16.726,1.196,1.020,0.053,0.008,0.116,0,4.543,1.021,0.000,0,220,0,0
1541,16.733,5.438,2.218,2.676,0.385,0.160,1,4.773,1.127,0.000,110,9492,971,0
1542,16.733,1.722,1.530,0.056,0.010,0.126,0,4.773,1.127,0.000,0,220,0,0
1543,16.548,4.929,2.100,2.232,0.372,0.225,1,5.228,1.293,0.000,110,9492,971,0
1544,16.680,1.515,1.307,0.055,0.008,0.145,0,5.228,1.293,0.000,0,220,0,0
1545,16.682,5.213,2.262,2.368,0.399,0.184,1,4.732,1.285,0.000,110,9492,971,0
1546,16.681,1.221,1.019,0.054,0.008,0.141,0,4.732,1.285,0.000,0,220,0,0
1547,16.684,4.527,2.009,2.041,0.288,0.189,1,4.249,1.078,0.000,110,9492,971,0
1548,16.683,1.188,0.995,0.052,0.008,0.134,0,4.249,1.078,0.000,0,220,0,0
1549,16.692,5.054,2.308,2.180,0.406,0.160,1,4.483,1.262,0.000,110,9492,971,0
1550,16.670,1.224,0.988,0.052,0.007,0.176,0,4.483,1.262,0.000,0,220,0,0
1551,16.693,3.923,1.573,1.950,0.259,0.141,1,4.657,1.046,0.000,110,9492,972,0
1552,16.675,1.178,0.983,0.053,0.007,0.134,0,4.657,1.046,0.000,0,220,0,0
1553,16.688,4.203,1.760,2.005,0.256,0.182,1,4.768,1.058,0.000,110,9492,971,0
1554,16.676,1.593,1.310,0.109,0.014,0.161,0,4.768,1.058,0.000,0,220,0,0
1555,16.692,3.966,1.599,1.941,0.263,0.162,1,4.803,1.067,0.000,110,9492,971,0
1556,16.680,1.210,0.995,0.053,0.007,0.155,0,4.803,1.067,0.000,0,220,0,0
1557,16.688,4.920,2.130,2.235,0.415,0.140,1,4.434,1.249,0.000,110,9492,971,0
1558,16.676,1.169,0.987,0.053,0.008,0.121,0,4.434,1.249,0.000,0,220,0,0
1559,16.685,4.316,1.886,1.978,0.266,0.187,1,4.174,1.061,0.000,110,9492,971,0
1560,16.679,1.136,0.940,0.053,0.008,0.135,0,4.174,1.061,0.000,0,220,0,0
1561,16.698,3.867,1.503,1.967,0.253,0.145,1,4.175,1.041,0.000,110,9492,971,0
1562,16.670,1.213,0.979,0.052,0.008,0.174,0,4.175,1.041,0.000,0,220,0,0
1563,16.692,3.919,1.575,1.953,0.251,0.140,1,4.091,1.045,0.000,110,9492,972,0
1564,16.674,1.347,1.102,0.053,0.007,0.186,0,4.091,1.045,0.000,0,220,0,0
1565,16.687,4.071,1.513,1.996,0.250,0.311,1,4.147,1.054,0.000,110,9492,971,0
1566,16.680,1.249,0.972,0.052,0.007,0.219,0,4.147,1.054,0.000,0,220,0,0
1567,16.687,4.044,1.571,1.998,0.248,0.227,1,4.539,1.043,0.000,110,9492,971,0
1568,16.680,1.344,0.996,0.053,0.007,0.288,0,4.539,1.043,0.000,0,220,0,0
1569,16.691,4.277,1.864,1.943,0.243,0.228,1,4.607,1.107,0.000,110,9492,971,0
1570,16.675,1.258,0.975,0.053,0.008,0.222,0,4.607,1.107,0.000,0,220,0,0
1571,16.688,4.114,1.593,1.954,0.275,0.293,1,4.687,1.035,0.000,110,9492,971,0
1572,16.730,1.411,1.118,0.053,0.007,0.233,0,4.687,1.035,0.000,0,220,0,0
1573,16.683,4.024,1.546,1.987,0.244,0.248,1,4.008,1.043,0.000,110,9492,971,0
1574,16.638,1.992,1.553,0.056,0.012,0.371,0,4.008,1.043,0.000,0,220,0,0
1575,16.684,4.346,1.849,1.966,0.249,0.282,1,4.344,1.149,0.000,110,9492,972,0
1576,16.683,1.344,1.025,0.053,0.008,0.258,0,4.344,1.149,0.000,0,220,0,0
1577,16.682,4.269,1.649,2.004,0.270,0.345,1,4.022,1.048,0.000,110,9492,971,0
1578,16.685,1.271,0.958,0.053,0.007,0.253,0,4.022,1.048,0.000,0,220,0,0
1579,16.681,4.099,1.640,1.947,0.249,0.264,1,4.014,1.108,0.000,110,9492,971,0
1580,16.685,1.381,0.985,0.052,0.008,0.336,0,4.014,1.108,0.000,0,220,0,0
1581,16.686,6.598,3.563,2.321,0.415,0.299,1,4.207,1.232,0.000,110,9492,971,0
1582,16.680,1.542,1.211,0.055,0.008,0.268,0,4.207,1.232,0.000,0,220,0,0
1583,16.688,6.797,3.588,2.644,0.266,0.300,1,4.331,1.123,0.000,110,9492,971,0
1584,16.679,1.680,1.367,0.055,0.009,0.249,0,4.331,1.123,0.000,0,220,0,0
1585,16.686,4.964,1.666,2.650,0.373,0.274,1,4.290,1.101,0.000,110,9492,971,0
1586,16.681,1.417,1.013,0.052,0.008,0.343,0,4.290,1.101,0.000,0,220,0,0
1587,16.685,4.433,1.850,2.051,0.265,0.268,1,4.530,1.046,0.000,110,9492,972,0
1588,16.681,1.286,0.966,0.052,0.007,0.260,0,4.530,1.046,0.000,0,220,0,0
1589,16.682,4.137,1.548,1.992,0.244,0.353,1,3.966,1.009,0.000,110,9492,971,0
1590,16.689,1.675,1.347,0.052,0.007,0.269,0,3.966,1.009,0.000,0,220,0,0
1591,16.680,5.426,2.444,2.262,0.405,0.315,1,4.458,1.225,0.000,110,9492,971,0
1592,16.682,1.560,1.149,0.053,0.008,0.349,0,4.458,1.225,0.000,0,220,0,0
1593,16.685,4.208,1.686,1.985,0.267,0.271,1,4.238,1.055,0.000,110,9492,971,0
1594,16.682,1.406,1.073,0.053,0.007,0.273,0,4.238,1.055,0.000,0,220,0,0
1595,16.685,4.300,1.636,2.019,0.258,0.387,1,4.096,1.129,0.000,110,9492,971,0
1596,16.684,1.346,1.017,0.053,0.007,0.269,0,4.096,1.129,0.000,0,220,0,0
1597,16.688,5.189,2.181,2.308,0.392,0.308,1,4.385,1.212,0.000,110,9492,971,0
1598,16.676,1.452,1.024,0.052,0.008,0.367,0,4.385,1.212,0.000,0,220,0,0
1599,16.688,4.276,1.707,2.022,0.255,0.293,1,4.208,1.480,0.000,110,9492,971,0
1600,16.676,1.319,0.991,0.052,0.008,0.268,0,4.208,1.480,0.000,0,220,0,0
1601,16.690,4.089,1.525,1.959,0.247,0.358,1,5.030,1.037,0.000,110,9492,972,0
1602,16.683,1.356,1.032,0.053,0.008,0.264,0,5.030,1.037,0.000,0,220,0,0
1603,16.683,13.159,5.598,6.787,0.402,0.372,1,8.418,1.178,0.000,111,9496,990,0
1604,16.682,1.735,1.413,0.056,0.008,0.258,0,8.418,1.178,0.000,0,224,0,0
1605,16.688,4.944,2.218,2.183,0.306,0.237,1,4.661,1.143,0.000,111,9496,985,0
1606,16.678,1.488,1.166,0.054,0.008,0.261,0,4.661,1.143,0.000,0,224,0,0
1607,16.683,5.047,2.145,2.286,0.379,0.237,1,4.589,1.253,0.000,111,9496,985,0
1608,16.683,1.308,1.044,0.053,0.008,0.202,0,4.589,1.253,0.000,0,224,0,0
1609,16.685,4.339,1.658,2.123,0.281,0.276,1,4.137,1.071,0.000,111,9496,985,0
1610,16.680,1.244,0.987,0.053,0.008,0.196,0,4.137,1.071,0.000,0,224,0,0
1611,16.686,4.020,1.556,1.987,0.276,0.201,1,4.230,1.050,0.000,111,9496,985,0
1612,16.680,1.347,1.029,0.054,0.008,0.256,0,4.230,1.050,0.000,0,224,0,0
1613,16.685,4.490,1.987,2.039,0.262,0.203,1,4.078,1.089,0.000,111,9496,986,0
1614,16.686,1.646,1.389,0.056,0.008,0.194,0,4.078,1.089,0.000,0,476,0,0
1615,16.684,4.850,1.787,2.545,0.259,0.259,1,4.347,1.105,0.000,113,9748,1012,0
1616,16.682,1.387,1.122,0.055,0.007,0.203,0,4.347,1.105,0.000,0,476,0,0
1617,16.684,4.744,2.223,2.082,0.237,0.202,1,4.205,1.046,0.000,113,9748,1012,0
1618,16.683,1.447,1.123,0.055,0.007,0.262,0,4.205,1.046,0.000,0,476,0,0
1619,16.685,6.339,3.714,2.148,0.260,0.217,1,4.145,1.041,0.000,113,9748,1012,0
1620,16.679,1.821,1.531,0.059,0.011,0.220,0,4.145,1.041,0.000,0,476,0,0
1621,16.687,5.002,1.935,2.412,0.413,0.242,1,4.513,1.190,0.000,113,9748,1012,0
1622,16.681,1.914,1.644,0.058,0.016,0.197,0,4.513,1.190,0.000,0,476,0,0
1623,16.682,4.782,2.155,2.145,0.282,0.200,1,4.391,1.079,0.000,113,9748,1012,0
1624,16.685,1.638,1.304,0.056,0.007,0.271,0,4.391,1.079,0.000,0,476,0,0
1625,16.682,4.347,1.718,2.158,0.266,0.205,1,4.170,1.036,0.000,113,9748,1013,0
1626,16.684,1.384,1.120,0.056,0.008,0.200,0,4.170,1.036,0.000,0,476,0,0
1627,16.685,4.520,1.912,2.076,0.264,0.268,1,4.220,1.027,0.000,113,9748,1012,0
1628,16.685,1.347,1.090,0.055,0.008,0.194,0,4.220,1.027,0.000,0,476,0,0
1629,16.684,4.769,1.786,2.538,0.248,0.197,1,4.152,1.037,0.000,113,9748,1012,0
1630,16.681,1.475,1.159,0.054,0.008,0.253,0,4.152,1.037,0.000,0,476,0,0
1631,16.685,4.993,2.000,2.579,0.217,0.197,1,4.132,1.040,0.000,113,9748,1012,0
1632,16.682,1.376,1.114,0.056,0.008,0.199,0,4.132,1.040,0.000,0,476,0,0
1633,16.685,4.762,1.802,2.487,0.217,0.256,1,4.118,1.002,0.000,113,9748,1012,0
1634,16.683,1.414,1.149,0.055,0.007,0.203,0,4.118,1.002,0.000,0,476,0,0
1635,16.694,4.281,1.807,2.051,0.243,0.180,1,4.589,1.012,0.000,113,9748,1012,0
1636,16.671,1.878,1.556,0.060,0.011,0.252,0,4.589,1.012,0.000,0,476,0,0
1637,16.685,4.680,2.218,2.049,0.226,0.188,1,4.297,1.098,0.000,113,9748,1013,0
1638,16.685,2.002,1.716,0.055,0.007,0.224,0,4.297,1.098,0.000,0,476,0,0
1639,16.682,5.563,2.514,2.347,0.427,0.276,1,4.654,1.273,0.000,113,9748,1012,0
1640,16.682,1.394,1.170,0.056,0.008,0.160,0,4.654,1.273,0.000,0,476,0,0
1641,16.685,5.239,1.815,2.950,0.304,0.171,1,4.337,1.049,0.000,113,9748,1012,0
1642,16.682,1.412,1.146,0.055,0.008,0.203,0,4.337,1.049,0.000,0,476,0,0
1643,16.681,4.446,1.950,2.075,0.254,0.168,1,4.243,1.121,0.000,113,9748,1012,0
1644,16.686,1.520,1.257,0.055,0.008,0.201,0,4.243,1.121,0.000,0,476,0,0
1645,16.684,4.990,1.945,2.498,0.246,0.301,1,4.167,1.097,0.000,113,9748,1012,0
1646,16.681,1.352,1.076,0.055,0.007,0.213,0,4.167,1.097,0.000,0,476,0,0
1647,16.685,4.832,1.836,2.541,0.240,0.215,1,4.348,1.050,0.000,113,9748,1012,0
1648,16.681,1.477,1.141,0.056,0.007,0.273,0,4.348,1.050,0.000,0,476,0,0
1649,16.687,5.435,2.352,2.410,0.423,0.250,1,5.112,1.190,0.000,113,9748,1013,0
1650,16.676,1.420,1.143,0.055,0.008,0.213,0,5.112,1.190,0.000,0,476,0,0
1651,16.688,4.534,1.836,2.148,0.262,0.287,1,4.728,1.045,0.000,113,9748,1012,0
1652,16.685,1.404,1.132,0.056,0.007,0.208,0,4.728,1.045,0.000,0,476,0,0
1653,16.688,5.285,2.395,2.291,0.364,0.235,1,4.796,1.201,0.000,113,9748,1012,0
1654,16.677,1.556,1.219,0.055,0.008,0.274,0,4.796,1.201,0.000,0,476,0,0
1655,16.680,5.657,3.109,2.102,0.273,0.172,1,4.169,1.069,0.000,113,9748,1012,0
1656,16.689,1.297,1.073,0.055,0.006,0.163,0,4.169,1.069,0.000,0,476,0,0
1657,16.683,5.370,2.347,2.383,0.388,0.252,1,4.540,1.180,0.000,113,9748,1012,0
1658,16.681,1.365,1.127,0.055,0.007,0.176,0,4.540,1.180,0.000,0,476,0,0
1659,16.684,4.519,1.966,2.086,0.268,0.199,1,4.215,1.053,0.000,113,9748,1012,0
1660,16.680,1.409,1.097,0.055,0.007,0.250,0,4.215,1.053,0.000,0,476,0,0
1661,16.688,4.802,1.811,2.523,0.262,0.206,1,4.220,1.104,0.000,113,9748,1013,0
1662,16.686,1.361,1.106,0.055,0.007,0.194,0,4.220,1.104,0.000,0,476,0,0
1663,16.682,5.204,1.898,2.743,0.315,0.247,1,4.554,1.226,0.000,113,9748,1012,0
1664,16.681,1.521,1.253,0.055,0.007,0.205,0,4.554,1.226,0.000,0,476,0,0
1665,16.686,4.798,2.222,2.098,0.250,0.228,1,4.177,1.057,0.000,113,9748,1012,0
1666,16.680,1.452,1.104,0.055,0.008,0.285,0,4.177,1.057,0.000,0,476,0,0
1667,16.685,5.849,3.194,2.187,0.240,0.228,1,3.992,1.025,0.000,113,9748,1012,0
1668,16.681,1.794,1.486,0.059,0.011,0.238,0,3.992,1.025,0.000,0,476,0,0
1669,16.687,5.230,2.205,2.313,0.412,0.299,1,4.805,1.229,0.000,113,9748,1012,0
1670,16.682,2.188,1.856,0.058,0.012,0.263,0,4.805,1.229,0.000,0,476,0,0
1671,16.685,5.024,2.346,2.117,0.291,0.270,1,4.414,1.094,0.000,112,9744,999,0
1672,16.680,1.525,1.140,0.054,0.008,0.323,0,4.414,1.094,0.000,0,472,0,0
1673,16.687,6.192,1.822,3.804,0.304,0.262,1,7.231,1.036,0.000,113,9748,1013,0
1674,16.682,1.620,1.302,0.056,0.009,0.253,0,7.231,1.036,0.000,0,476,0,0
1675,16.685,4.656,1.929,2.146,0.239,0.341,1,4.390,1.088,0.000,113,9748,1007,0
1676,16.681,1.422,1.107,0.055,0.007,0.253,0,4.390,1.088,0.000,0,476,0,0
1677,16.686,4.897,2.247,2.102,0.289,0.260,1,4.154,1.049,0.000,113,9748,1007,0
1678,16.680,1.487,1.095,0.055,0.007,0.331,0,4.154,1.049,0.000,0,476,0,0
1679,16.685,5.018,1.996,2.529,0.236,0.256,1,4.249,1.044,0.000,113,9748,1007,0
1680,16.683,1.376,1.081,0.055,0.007,0.233,0,4.249,1.044,0.000,0,476,0,0
1681,16.684,5.003,2.359,2.092,0.239,0.312,1,4.186,1.208,0.000,113,9748,1007,0
1682,16.682,1.386,1.094,0.056,0.007,0.229,0,4.186,1.208,0.000,0,476,0,0
1683,16.682,4.402,1.894,2.032,0.240,0.236,1,4.633,1.052,0.000,113,9748,1007,0
1684,16.681,1.980,1.615,0.060,0.007,0.298,0,4.633,1.052,0.000,0,900,0,0
1685,16.691,9.436,4.053,4.716,0.460,0.206,1,7.714,1.050,0.000,118,10172,1064,0
1686,16.683,2.212,1.944,0.065,0.008,0.196,0,7.714,1.050,0.000,0,900,0,0
1687,16.684,5.243,2.418,2.274,0.267,0.284,1,5.161,1.118,0.000,118,10172,1058,0
1688,16.681,1.635,1.386,0.061,0.008,0.181,0,5.161,1.118,0.000,0,900,0,0
1689,16.691,5.477,2.420,2.472,0.382,0.203,1,4.956,1.206,0.000,118,10172,1058,0
1690,16.672,1.630,1.329,0.060,0.007,0.234,0,4.956,1.206,0.000,0,900,0,0
1691,16.688,4.677,1.916,2.326,0.258,0.177,1,4.536,1.111,0.000,118,10172,1058,0
1692,16.679,1.542,1.303,0.059,0.008,0.172,0,4.536,1.111,0.000,0,900,0,0
1693,16.692,4.930,2.144,2.296,0.256,0.234,1,4.506,1.456,0.000,118,10172,1058,0
1694,16.675,2.058,1.762,0.077,0.014,0.205,0,4.506,1.456,0.000,0,900,0,0
1695,16.694,4.741,2.085,2.208,0.235,0.213,1,4.584,1.559,0.000,118,10172,1058,0
1696,16.670,1.639,1.321,0.060,0.008,0.251,0,4.584,1.559,0.000,0,900,0,0
1697,16.692,6.599,3.697,2.228,0.456,0.219,1,4.942,1.042,0.000,118,10172,1059,0
1698,16.678,1.839,1.580,0.063,0.009,0.187,0,4.942,1.042,0.000,0,900,0,0
1699,16.689,5.184,2.394,2.184,0.311,0.295,1,5.224,1.078,0.000,118,10172,1058,0
1700,16.682,1.570,1.335,0.060,0.007,0.168,0,5.224,1.078,0.000,0,900,0,0
1701,16.686,5.565,2.478,2.474,0.365,0.248,1,4.870,1.201,0.000,118,10172,1058,0
1702,16.679,1.603,1.357,0.060,0.008,0.178,0,4.870,1.201,0.000,0,900,0,0
1703,16.687,4.652,1.955,2.229,0.286,0.181,1,4.555,1.047,0.000,118,10172,1058,0
1704,16.679,1.784,1.468,0.073,0.007,0.236,0,4.555,1.047,0.000,0,900,0,0
1705,16.685,4.587,1.886,2.212,0.280,0.209,1,4.601,1.065,0.000,118,10172,1058,0
1706,16.682,1.544,1.287,0.060,0.007,0.191,0,4.601,1.065,0.000,0,900,0,0
1707,16.684,4.623,1.907,2.182,0.273,0.261,1,4.462,1.036,0.000,118,10172,1059,0
1708,16.685,1.530,1.283,0.060,0.007,0.179,0,4.462,1.036,0.000,0,900,0,0
1709,16.688,5.851,2.681,2.565,0.395,0.210,1,5.280,1.227,0.000,118,10172,1058,0
1710,16.672,1.645,1.331,0.060,0.007,0.247,0,5.280,1.227,0.000,0,900,0,0
1711,16.689,4.706,1.993,2.179,0.338,0.197,1,4.634,1.534,0.000,118,10172,1058,0
1712,16.679,1.556,1.302,0.060,0.007,0.187,0,4.634,1.534,0.000,0,900,0,0
1713,16.693,4.685,2.018,2.173,0.243,0.251,1,4.955,1.047,0.000,118,10172,1058,0
1714,16.675,1.617,1.347,0.059,0.007,0.204,0,4.955,1.047,0.000,0,900,0,0
1715,16.687,4.766,2.050,2.291,0.247,0.178,1,4.527,1.052,0.000,118,10172,1058,0
1716,16.677,1.589,1.292,0.059,0.007,0.231,0,4.527,1.052,0.000,0,900,0,0
1717,16.693,4.541,1.900,2.211,0.255,0.176,1,4.418,1.047,0.000,118,10172,1058,0
1718,16.675,2.515,2.221,0.067,0.014,0.213,0,4.418,1.047,0.000,0,900,0,0
1719,16.686,4.955,2.272,2.177,0.250,0.256,1,4.589,1.064,0.000,118,10172,1059,0
1720,16.682,1.533,1.279,0.060,0.008,0.184,0,4.589,1.064,0.000,0,900,0,0
1721,16.685,4.653,2.051,2.186,0.243,0.172,1,4.390,1.025,0.000,118,10172,1058,0
1722,16.842,1.761,1.469,0.059,0.008,0.224,0,4.390,1.025,0.000,0,900,0,0
1723,16.527,7.114,4.010,2.551,0.342,0.210,1,5.148,1.121,0.000,118,10172,1058,0
1724,16.682,1.798,1.495,0.059,0.008,0.235,0,5.148,1.121,0.000,0,900,0,0
1725,16.684,5.294,2.479,2.286,0.189,0.341,1,4.484,1.070,0.000,118,10172,1058,0
1726,16.682,1.621,1.308,0.059,0.007,0.246,0,4.484,1.070,0.000,0,900,0,0
1727,16.685,5.091,2.398,2.206,0.236,0.251,1,4.421,1.033,0.000,118,10172,1058,0
1728,16.683,1.743,1.356,0.060,0.008,0.319,0,4.421,1.033,0.000,0,900,0,0
1729,16.690,5.791,2.605,2.468,0.434,0.285,1,5.404,1.226,0.000,118,10172,1058,0
1730,16.672,1.664,1.348,0.060,0.008,0.248,0,5.404,1.226,0.000,0,900,0,0
1731,16.691,4.830,2.020,2.208,0.270,0.332,1,4.770,1.080,0.000,118,10172,1059,0
1732,16.676,1.618,1.301,0.059,0.007,0.250,0,4.770,1.080,0.000,0,900,0,0
1733,16.696,4.568,1.880,2.157,0.274,0.256,1,4.591,1.065,0.000,118,10172,1058,0
1734,16.675,1.760,1.347,0.059,0.007,0.345,0,4.591,1.065,0.000,0,900,0,0
1735,16.684,4.774,2.055,2.157,0.279,0.282,1,4.611,1.058,0.000,118,10172,1058,0
1736,16.684,1.730,1.408,0.060,0.007,0.256,0,4.611,1.058,0.000,0,900,0,0
1737,16.690,6.006,2.660,2.629,0.345,0.373,1,4.840,1.210,0.000,118,10172,1058,0
1738,16.673,1.717,1.385,0.060,0.007,0.265,0,4.840,1.210,0.000,0,900,0,0
1739,16.687,5.246,2.442,2.294,0.240,0.270,1,4.541,1.104,0.000,118,10172,1058,0
1740,16.676,1.770,1.370,0.060,0.007,0.334,0,4.541,1.104,0.000,0,900,0,0
1741,16.694,4.990,2.229,2.257,0.255,0.250,1,4.674,1.465,0.000,118,10172,1058,0
1742,16.687,1.704,1.363,0.081,0.008,0.252,0,4.674,1.465,0.000,0,900,1,0
1743,16.677,6.782,3.118,3.012,0.301,0.352,1,4.638,1.228,0.000,118,10172,1058,0
1744,16.678,2.304,1.927,0.063,0.011,0.302,0,4.638,1.228,0.000,0,900,0,0
1745,16.689,7.076,4.043,2.438,0.329,0.266,1,5.357,1.194,0.000,118,10172,1058,0
1746,16.683,1.991,1.622,0.062,0.007,0.300,0,5.357,1.194,0.000,0,900,0,0
1747,16.683,5.176,2.280,2.207,0.428,0.261,1,4.810,1.111,0.000,118,10172,1058,0
1748,16.679,1.684,1.380,0.060,0.007,0.237,0,4.810,1.111,0.000,0,900,0,0
1749,16.691,4.747,1.980,2.169,0.279,0.319,1,4.526,1.060,0.000,118,10172,1058,0
1750,16.676,1.624,1.321,0.059,0.007,0.237,0,4.526,1.060,0.000,0,900,0,0
1751,16.686,4.748,2.051,2.171,0.282,0.244,1,4.558,1.045,0.000,118,10172,1058,0
1752,16.681,1.804,1.414,0.060,0.007,0.323,0,4.558,1.045,0.000,0,900,0,0
1753,16.684,4.623,1.946,2.158,0.273,0.245,1,4.498,1.042,0.000,118,10172,1059,0
1754,16.691,1.734,1.417,0.060,0.008,0.250,0,4.498,1.042,0.000,0,900,0,0
1755,16.678,6.834,3.572,2.569,0.343,0.350,1,4.503,1.207,0.000,118,10172,1058,0
1756,16.683,1.648,1.315,0.057,0.008,0.267,0,4.503,1.207,0.000,0,228,0,0
1757,16.685,5.354,2.446,2.291,0.349,0.269,1,4.484,1.120,0.000,112,9500,993,0
1758,16.680,1.458,1.067,0.054,0.007,0.329,0,4.484,1.120,0.000,0,228,0,0
1759,16.684,4.836,2.266,2.061,0.255,0.254,1,4.449,1.052,0.000,112,9500,993,0
1760,16.681,1.310,1.028,0.054,0.007,0.222,0,4.449,1.052,0.000,0,228,0,0
1761,16.686,4.206,1.638,2.004,0.262,0.303,1,4.548,1.032,0.000,112,9500,993,0
1762,16.682,1.306,1.028,0.054,0.007,0.216,0,4.548,1.032,0.000,0,228,0,0
1763,16.686,4.149,1.592,2.079,0.252,0.225,1,4.078,1.080,0.000,112,9500,993,0
1764,16.678,1.510,1.170,0.054,0.008,0.278,0,4.078,1.080,0.000,0,228,0,0
1765,16.691,3.966,1.559,1.995,0.252,0.160,1,4.264,1.116,0.000,112,9500,994,0
1766,16.676,1.236,1.016,0.054,0.007,0.158,0,4.264,1.116,0.000,0,228,0,0
1767,16.695,4.196,1.719,2.025,0.238,0.214,1,4.329,1.078,0.000,111,9496,979,0
1768,16.672,1.235,1.014,0.053,0.007,0.162,0,4.329,1.078,0.000,0,224,0,0
1769,16.692,4.058,1.688,1.966,0.236,0.167,1,4.117,1.051,0.000,111,9496,979,0
1770,16.676,1.322,1.053,0.051,0.007,0.212,0,4.117,1.051,0.000,0,220,0,0
1771,16.688,3.941,1.561,1.957,0.259,0.164,1,4.082,1.047,0.000,110,9492,957,0
1772,16.676,1.222,1.005,0.052,0.007,0.158,0,4.082,1.047,0.000,0,220,0,0
1773,16.691,3.886,1.527,1.900,0.245,0.213,1,4.677,1.061,0.000,110,9492,957,0
1774,16.676,1.298,1.071,0.052,0.007,0.169,0,4.677,1.061,0.000,0,220,0,0
1775,16.692,4.163,1.827,1.918,0.266,0.151,1,4.607,1.129,0.000,110,9492,957,0
1776,16.677,1.278,1.034,0.052,0.007,0.185,0,4.607,1.129,0.000,0,220,0,0
1777,16.685,3.870,1.525,1.933,0.263,0.150,1,4.355,1.045,0.000,110,9492,957,0
1778,16.681,1.203,0.996,0.052,0.008,0.147,0,4.355,1.045,0.000,0,220,0,0
1779,16.693,4.138,1.707,1.942,0.270,0.218,1,4.279,1.112,0.000,111,9492,960,0
1780,16.673,1.174,0.989,0.052,0.008,0.126,0,4.279,1.112,0.000,0,220,0,0
1781,16.696,10.172,3.267,6.437,0.324,0.144,1,11.665,1.157,0.000,112,9560,979,0
1782,16.679,1.435,1.211,0.053,0.008,0.162,0,11.665,1.157,0.000,0,220,0,0
1783,16.683,5.139,2.386,2.278,0.332,0.144,1,5.076,1.245,0.000,112,9560,969,0
1784,16.679,1.519,1.311,0.053,0.008,0.146,0,5.076,1.245,0.000,0,220,0,0
1785,16.683,4.469,1.693,2.089,0.446,0.241,1,4.479,1.145,0.000,112,9560,969,0
1786,16.683,1.278,1.035,0.053,0.008,0.182,0,4.479,1.145,0.000,0,220,0,0
1787,16.685,6.672,3.694,2.345,0.408,0.225,1,4.520,1.227,0.000,112,9560,969,0
1788,16.681,1.433,1.146,0.053,0.007,0.227,0,4.520,1.227,0.000,0,220,0,0
1789,16.688,7.249,2.978,2.817,1.277,0.177,1,4.581,1.120,0.000,112,9560,969,0
1790,16.675,1.528,1.269,0.055,0.010,0.195,0,4.581,1.120,0.000,0,220,0,0
1791,16.690,5.219,2.362,2.248,0.359,0.249,1,4.456,1.147,0.000,112,9560,970,0
1792,16.678,1.286,1.050,0.053,0.007,0.176,0,4.456,1.147,0.000,0,220,0,0
1793,16.689,4.412,1.849,2.129,0.251,0.184,1,4.499,1.063,0.000,112,9560,969,0
1794,16.678,1.198,0.950,0.053,0.007,0.188,0,4.499,1.063,0.000,0,220,0,0
1795,16.687,4.087,1.815,1.970,0.247,0.055,1,4.026,1.037,0.000,112,9560,969,0
1796,16.678,1.524,1.390,0.052,0.007,0.074,0,4.026,1.037,0.000,0,220,0,0
1797,16.689,7.524,2.168,4.964,0.318,0.074,1,4.291,1.065,0.000,112,9560,969,0
1798,16.684,1.265,1.167,0.052,0.015,0.031,0,4.291,1.065,0.000,0,220,0,0
1799,16.686,4.755,2.180,2.259,0.303,0.013,1,4.440,1.251,0.000,112,9560,969,0
1800,16.677,1.023,0.953,0.053,0.007,0.009,0,4.440,1.251,0.000,0,220,0,0
1801,16.686,3.833,1.478,2.027,0.318,0.010,1,4.151,1.061,0.000,112,9560,969,0
1802,16.691,1.000,0.931,0.052,0.007,0.009,0,4.151,1.061,0.000,0,220,0,0
1803,16.674,5.209,2.489,2.315,0.390,0.015,1,4.302,1.221,0.000,112,9560,970,0
1804,16.688,1.047,0.983,0.052,0.006,0.006,0,4.302,1.221,0.000,0,220,0,0
1805,16.675,5.477,2.493,2.726,0.248,0.010,1,4.207,1.120,0.000,112,9560,969,0
1806,16.692,1.015,0.952,0.052,0.006,0.005,0,4.207,1.120,0.000,0,220,0,0
1807,16.682,5.146,2.540,2.251,0.340,0.014,1,4.403,1.140,0.000,112,9560,969,0
1808,16.681,0.996,0.929,0.052,0.007,0.008,0,4.403,1.140,0.000,0,220,0,0
1809,16.691,3.630,1.448,1.987,0.186,0.009,1,4.456,1.041,0.000,112,9560,969,0
1810,16.671,0.984,0.917,0.052,0.008,0.008,0,4.456,1.041,0.000,0,220,0,0
1811,16.690,3.663,1.423,1.955,0.277,0.009,1,4.237,1.112,0.000,112,9560,969,0
1812,16.679,0.980,0.911,0.053,0.008,0.008,0,4.237,1.112,0.000,0,220,0,0
1813,16.686,3.835,1.575,1.980,0.271,0.008,1,4.145,1.108,0.000,112,9560,969,0
1814,16.682,1.400,1.313,0.060,0.013,0.013,0,4.145,1.108,0.000,0,220,0,0
1815,16.685,3.996,1.716,2.007,0.262,0.011,1,4.304,1.132,0.000,112,9560,970,0
1816,16.682,0.988,0.920,0.053,0.008,0.008,0,4.304,1.132,0.000,0,220,0,0
1817,16.684,4.054,1.795,1.990,0.260,0.009,1,4.067,1.022,0.000,112,9560,969,0
1818,16.681,0.952,0.884,0.052,0.007,0.008,0,4.067,1.022,0.000,0,220,0,0
1819,16.682,5.277,2.193,2.644,0.423,0.018,1,4.237,1.260,0.000,112,9560,969,0
1820,16.687,1.071,1.005,0.053,0.007,0.006,0,4.237,1.260,0.000,0,220,0,0
1821,16.681,5.136,2.641,2.220,0.266,0.009,1,4.188,1.225,0.000,112,9560,969,0
1822,16.685,1.024,0.960,0.052,0.007,0.005,0,4.188,1.225,0.000,0,220,0,0
1823,16.682,4.952,2.387,2.165,0.383,0.017,1,4.407,1.141,0.000,112,9560,969,0
1824,16.681,1.002,0.934,0.052,0.008,0.008,0,4.407,1.141,0.000,0,220,0,0
1825,16.688,3.752,1.464,1.999,0.280,0.008,1,4.341,1.045,0.000,112,9560,969,0
1826,16.677,0.989,0.921,0.052,0.007,0.009,0,4.341,1.045,0.000,0,220,0,0
1827,16.694,3.666,1.424,1.964,0.270,0.008,1,4.223,1.112,0.000,112,9560,969,0
1828,16.676,1.003,0.913,0.073,0.008,0.009,0,4.223,1.112,0.000,0,220,1,0
1829,16.685,4.092,1.742,2.080,0.261,0.009,1,4.036,1.085,0.000,112,9560,969,0
1830,16.680,0.962,0.894,0.052,0.008,0.007,0,4.036,1.085,0.000,0,220,0,0
1831,16.688,3.756,1.474,2.029,0.244,0.008,1,4.103,1.094,0.000,112,9560,969,0
1832,16.680,0.986,0.916,0.053,0.008,0.010,0,4.103,1.094,0.000,0,220,0,0
1833,16.686,3.835,1.592,1.997,0.237,0.009,1,4.140,1.144,0.000,112,9560,969,0
1834,16.680,0.976,0.909,0.052,0.007,0.008,0,4.140,1.144,0.000,0,220,0,0
1835,16.686,4.261,1.917,2.065,0.267,0.011,1,4.063,1.096,0.000,112,9560,969,0
1836,16.682,0.980,0.913,0.052,0.007,0.007,0,4.063,1.096,0.000,0,220,0,0
1837,16.686,4.643,1.705,2.664,0.265,0.008,1,4.120,1.093,0.000,112,9560,969,0
1838,16.681,0.960,0.894,0.052,0.007,0.007,0,4.120,1.093,0.000,0,220,0,0
1839,16.685,4.144,1.919,1.961,0.253,0.011,1,3.968,1.019,0.000,112,9560,969,0
1840,16.682,0.943,0.877,0.052,0.007,0.007,0,3.968,1.019,0.000,0,220,0,0
1841,16.686,3.776,1.572,1.967,0.225,0.012,1,4.371,1.025,0.000,112,9560,970,0
1842,16.677,0.975,0.908,0.053,0.007,0.008,0,4.371,1.025,0.000,0,220,0,0
1843,16.706,3.732,1.497,1.975,0.252,0.008,1,4.155,1.063,0.000,112,9560,969,0
1844,16.668,1.155,1.079,0.054,0.009,0.013,0,4.155,1.063,0.000,0,220,0,0
1845,16.681,4.130,1.666,2.103,0.352,0.010,1,4.424,1.174,0.000,112,9560,969,0
1846,16.682,1.006,0.938,0.053,0.007,0.008,0,4.424,1.174,0.000,0,220,0,0
1847,16.685,3.782,1.476,2.002,0.292,0.012,1,4.232,1.042,0.000,112,9560,969,0
1848,16.682,1.001,0.932,0.053,0.007,0.009,0,4.232,1.042,0.000,0,220,0,0
1849,16.686,3.772,1.515,1.992,0.257,0.008,1,4.079,1.116,0.000,112,9560,969,0
1850,16.679,0.988,0.920,0.053,0.007,0.008,0,4.079,1.116,0.000,0,220,0,0
1851,16.686,4.202,1.931,2.010,0.253,0.008,1,4.129,1.081,0.000,112,9560,969,0
1852,16.685,1.001,0.936,0.052,0.007,0.006,0,4.129,1.081,0.000,0,220,0,0
1853,16.684,4.922,2.148,2.345,0.406,0.022,1,5.014,1.196,0.000,112,9560,970,0
1854,16.675,1.041,0.971,0.053,0.008,0.009,0,5.014,1.196,0.000,0,220,0,0
1855,16.687,3.790,1.423,2.037,0.324,0.008,1,4.398,1.059,0.000,112,9560,969,0
1856,16.687,0.967,0.902,0.052,0.007,0.006,0,4.398,1.059,0.000,0,220,0,0
1857,16.688,4.619,2.041,2.185,0.378,0.015,1,4.597,1.210,0.000,112,9560,969,0
1858,16.672,1.004,0.936,0.053,0.008,0.007,0,4.597,1.210,0.000,0,220,0,0
1859,16.692,3.854,1.578,1.993,0.271,0.012,1,4.395,1.047,0.000,112,9560,969,0
1860,16.676,0.972,0.906,0.052,0.007,0.007,0,4.395,1.047,0.000,0,220,0,0
1861,16.688,3.652,1.406,1.967,0.271,0.008,1,4.422,1.046,0.000,112,9560,969,0
1862,16.679,0.966,0.897,0.052,0.006,0.009,0,4.422,1.046,0.000,0,220,0,0
1863,16.689,3.702,1.489,1.959,0.247,0.007,1,4.014,1.100,0.000,112,9560,969,0
1864,16.677,0.956,0.887,0.053,0.010,0.007,0,4.014,1.100,0.000,0,220,0,0
1865,16.689,3.632,1.415,1.956,0.251,0.009,1,4.159,1.111,0.000,112,9560,970,0
1866,16.677,0.964,0.897,0.052,0.007,0.007,0,4.159,1.111,0.000,0,220,0,0
1867,16.690,3.635,1.406,1.953,0.269,0.007,1,4.597,1.110,0.000,112,9560,969,0
1868,16.679,1.002,0.932,0.053,0.007,0.009,0,4.597,1.110,0.000,0,220,0,0
1869,16.694,3.787,1.536,1.967,0.274,0.010,1,4.175,1.515,0.000,112,9560,969,0
1870,16.671,0.985,0.916,0.052,0.008,0.008,0,4.175,1.515,0.000,0,220,0,0
1871,16.686,3.808,1.489,2.059,0.251,0.008,1,4.382,1.109,0.000,112,9560,969,0
1872,16.688,0.967,0.904,0.052,0.006,0.005,0,4.382,1.109,0.000,0,220,0,0
1873,16.687,5.612,2.833,2.350,0.413,0.016,1,4.450,1.220,0.000,112,9560,969,0
1874,16.675,1.219,1.147,0.053,0.008,0.011,0,4.450,1.220,0.000,0,220,0,0
1875,16.686,4.057,1.777,2.007,0.262,0.011,1,4.287,1.079,0.000,112,9560,969,0
1876,16.681,1.010,0.941,0.053,0.008,0.008,0,4.287,1.079,0.000,0,220,0,0
1877,16.681,4.026,1.738,2.018,0.261,0.009,1,4.132,1.025,0.000,112,9560,970,0
1878,16.684,0.973,0.905,0.053,0.007,0.007,0,4.132,1.025,0.000,0,220,0,0
1879,16.686,3.760,1.515,1.992,0.244,0.009,1,4.287,1.027,0.000,112,9560,969,0
1880,16.682,0.962,0.893,0.053,0.007,0.009,0,4.287,1.027,0.000,0,220,0,0
1881,16.686,4.037,1.787,1.981,0.260,0.009,1,3.994,1.035,0.000,112,9560,969,0
1882,16.683,0.971,0.904,0.052,0.008,0.007,0,3.994,1.035,0.000,0,220,0,0
1883,16.680,4.657,1.850,2.539,0.259,0.009,1,4.102,1.110,0.000,112,9560,969,0
1884,16.684,0.968,0.901,0.052,0.007,0.008,0,4.102,1.110,0.000,0,220,0,0
1885,16.685,4.306,1.531,2.521,0.246,0.009,1,3.956,1.016,0.000,112,9560,969,0
1886,16.679,0.938,0.871,0.052,0.007,0.008,0,3.956,1.016,0.000,0,220,0,0
1887,16.688,4.434,2.193,2.023,0.211,0.007,1,3.954,1.110,0.000,112,9560,969,0
1888,16.679,0.934,0.869,0.052,0.007,0.006,0,3.954,1.110,0.000,0,220,0,0
1889,16.687,3.666,1.440,1.983,0.234,0.009,1,4.218,1.016,0.000,112,9560,969,0
1890,16.677,0.972,0.905,0.053,0.007,0.008,0,4.218,1.016,0.000,0,220,0,0
1891,16.689,3.768,1.459,2.041,0.258,0.010,1,4.284,1.047,0.000,112,9560,970,0
1892,16.680,0.979,0.911,0.052,0.007,0.009,0,4.284,1.047,0.000,0,220,0,0
1893,38.940,38.940,2.486,36.039,0.400,0.015,1,35.194,1.599,0.000,112,9560,974,0
1894,1.318,1.318,1.239,0.057,0.010,0.012,0,35.194,1.599,0.000,0,220,0,0
1895,9.808,7.300,3.077,3.970,0.241,0.013,1,4.622,0.715,0.000,112,9560,926,3720
1896,16.668,1.928,1.850,0.056,0.013,0.010,0,4.622,0.715,0.000,0,220,0,0
1897,16.694,4.203,1.846,2.004,0.340,0.013,1,4.449,1.123,0.000,112,9560,974,0
1898,16.672,1.009,0.940,0.053,0.007,0.009,0,4.449,1.123,0.000,0,220,0,0
1899,16.698,3.828,1.592,1.993,0.234,0.009,1,4.400,1.426,0.000,112,9560,974,0
1900,16.669,1.014,0.945,0.053,0.008,0.008,0,4.400,1.426,0.000,0,220,0,0
1901,16.691,3.946,1.593,2.068,0.272,0.013,1,4.302,1.524,0.000,112,9560,974,0
1902,16.676,1.014,0.944,0.053,0.009,0.008,0,4.302,1.524,0.000,0,220,0,0
1903,16.693,5.290,2.750,2.078,0.446,0.016,1,4.583,1.062,0.000,112,9560,975,0
1904,16.680,1.691,1.610,0.064,0.008,0.008,0,4.583,1.062,0.000,0,220,0,0
1905,16.682,4.776,2.158,2.280,0.328,0.011,1,4.437,1.204,0.000,112,9560,974,0
1906,16.686,1.072,1.005,0.054,0.007,0.007,0,4.437,1.204,0.000,0,220,0,0
1907,16.679,5.372,2.658,2.306,0.392,0.016,1,4.758,1.211,0.000,112,9560,974,0
1908,16.680,1.010,0.943,0.053,0.007,0.007,0,4.758,1.211,0.000,0,220,0,0
1909,16.692,3.779,1.577,1.998,0.193,0.011,1,4.291,1.054,0.000,112,9560,974,0
1910,16.674,1.371,1.289,0.059,0.012,0.011,0,4.291,1.054,0.000,0,220,0,0
1911,16.691,4.059,1.776,1.994,0.279,0.011,1,4.344,1.066,0.000,112,9560,974,0
1912,16.676,0.997,0.928,0.053,0.008,0.009,0,4.344,1.066,0.000,0,220,0,0
1913,16.689,4.017,1.546,2.221,0.241,0.008,1,4.321,1.070,0.000,112,9560,974,0
1914,16.680,0.986,0.917,0.053,0.007,0.008,0,4.321,1.070,0.000,0,220,0,0
1915,16.686,3.915,1.601,2.062,0.244,0.008,1,4.843,1.055,0.000,112,9560,975,0
1916,16.678,1.001,0.934,0.053,0.008,0.007,0,4.843,1.055,0.000,0,220,0,0
1917,16.693,3.893,1.642,1.994,0.251,0.007,1,4.282,1.528,0.000,112,9560,974,0
1918,16.675,1.009,0.938,0.053,0.008,0.010,0,4.282,1.528,0.000,0,220,0,0
1919,16.691,5.356,2.814,2.087,0.437,0.018,1,4.651,1.076,0.000,112,9560,974,0
1920,16.681,1.316,1.244,0.057,0.009,0.006,0,4.651,1.076,0.000,0,220,0,0
1921,16.684,4.735,2.265,2.124,0.326,0.020,1,4.483,1.097,0.000,112,9560,974,0
1922,16.677,0.979,0.912,0.052,0.008,0.007,0,4.483,1.097,0.000,0,220,0,0
1923,16.689,3.836,1.549,2.042,0.238,0.008,1,4.223,1.040,0.000,112,9560,974,0
1924,16.678,0.981,0.914,0.052,0.007,0.008,0,4.223,1.040,0.000,0,220,0,0
1925,16.690,3.803,1.582,1.980,0.234,0.008,1,4.198,1.085,0.000,112,9560,974,0
1926,16.678,0.990,0.922,0.053,0.007,0.007,0,4.198,1.085,0.000,0,220,0,0
1927,16.691,3.894,1.582,2.051,0.250,0.011,1,4.368,1.065,0.000,112,9560,974,0
1928,16.673,0.968,0.902,0.051,0.007,0.007,0,4.368,1.065,0.000,0,220,0,0
1929,16.698,3.914,1.548,2.057,0.300,0.010,1,4.444,1.083,0.000,113,9560,977,0
1930,16.670,0.975,0.907,0.052,0.007,0.009,0,4.444,1.083,0.000,0,220,0,0
1931,16.693,3.952,1.668,2.038,0.237,0.010,1,4.662,1.092,0.000,112,9560,974,0
1932,16.672,1.011,0.943,0.053,0.008,0.008,0,4.662,1.092,0.000,0,220,0,0
1933,16.689,3.988,1.602,2.125,0.253,0.009,1,4.343,1.513,0.000,112,9560,974,0
1934,16.679,0.931,0.866,0.052,0.007,0.006,0,4.343,1.513,0.000,0,220,0,0
1935,16.698,3.821,1.596,2.006,0.211,0.008,1,4.487,1.046,0.000,112,9560,974,0
1936,16.681,1.064,0.995,0.052,0.008,0.008,0,4.487,1.046,0.000,0,220,0,0
1937,16.679,4.983,2.226,2.332,0.410,0.016,1,4.812,1.273,0.000,112,9560,974,0
1938,16.677,1.041,0.972,0.052,0.007,0.009,0,4.812,1.273,0.000,0,220,0,0
1939,16.694,3.900,1.606,2.018,0.266,0.010,1,4.327,1.074,0.000,112,9560,974,0
1940,16.673,0.979,0.913,0.052,0.007,0.007,0,4.327,1.074,0.000,0,220,0,0
1941,16.691,3.884,1.646,1.977,0.253,0.007,1,4.221,1.104,0.000,112,9560,975,0
1942,16.676,0.976,0.907,0.053,0.007,0.009,0,4.221,1.104,0.000,0,220,0,0
1943,16.690,3.833,1.619,1.969,0.237,0.009,1,4.255,1.094,0.000,112,9560,974,0
1944,16.676,0.983,0.914,0.053,0.008,0.008,0,4.255,1.094,0.000,0,220,0,0
1945,16.695,3.844,1.633,1.962,0.241,0.008,1,4.234,1.094,0.000,112,9560,974,0
1946,16.673,0.977,0.908,0.053,0.008,0.007,0,4.234,1.094,0.000,0,220,0,0
1947,16.695,3.758,1.546,1.956,0.249,0.007,1,4.482,1.479,0.000,112,9560,974,0
1948,16.671,1.002,0.932,0.052,0.007,0.010,0,4.482,1.479,0.000,0,220,0,0
1949,16.695,3.824,1.563,1.976,0.274,0.010,1,4.408,1.553,0.000,112,9560,974,0
1950,16.675,1.011,0.941,0.054,0.008,0.008,0,4.408,1.553,0.000,0,220,0,0
1951,16.684,4.034,1.718,2.025,0.282,0.009,1,4.384,1.127,0.000,112,9560,974,0
1952,16.682,0.938,0.872,0.052,0.007,0.006,0,4.384,1.127,0.000,0,220,0,0
1953,16.684,7.131,1.663,5.252,0.206,0.010,1,5.566,1.103,0.000,113,9564,993,0
1954,16.687,1.106,1.038,0.055,0.006,0.008,0,5.566,1.103,0.000,0,224,0,0
1955,16.680,5.267,2.635,2.298,0.318,0.016,1,4.823,1.193,0.000,113,9564,992,0
1956,16.684,1.026,0.957,0.054,0.008,0.007,0,4.823,1.193,0.000,0,224,0,0
1957,16.685,3.950,1.602,2.041,0.296,0.011,1,4.320,1.057,0.000,113,9564,992,0
1958,16.681,1.371,1.291,0.057,0.012,0.011,0,4.320,1.057,0.000,0,224,0,0
1959,16.684,4.430,2.040,2.118,0.263,0.009,1,4.340,1.068,0.000,113,9564,992,0
1960,16.691,1.028,0.958,0.055,0.007,0.008,0,4.340,1.068,0.000,0,224,0,0
1961,16.679,4.998,2.371,2.215,0.400,0.012,1,4.288,1.239,0.000,113,9564,992,0
1962,16.681,1.003,0.938,0.053,0.007,0.006,0,4.288,1.239,0.000,0,224,0,0
1963,16.684,5.500,2.806,2.325,0.354,0.014,1,4.585,1.122,0.000,113,9564,992,0
1964,16.685,1.820,1.766,0.007,0.037,0.010,0,4.585,1.122,0.000,0,4,0,0
1965,16.682,13.818,13.027,0.189,0.585,0.016,1,0.736,0.000,0.000,1,4,74,0
1966,120.311,120.311,120.171,0.108,0.017,0.016,0,0.736,0.000,0.000,0,432,0,0
1967,4.035,4.035,3.890,0.132,0.008,0.006,0,0.736,0.000,0.000,0,696,0,0
1968,2.926,2.926,2.802,0.110,0.008,0.006,0,0.736,0.000,0.000,0,696,0,0
1969,2.610,2.610,2.478,0.105,0.012,0.016,0,0.736,0.000,0.000,0,696,0,0
1970,2.467,2.467,2.349,0.105,0.007,0.007,0,0.736,0.000,0.000,0,696,0,0
1971,257.574,257.574,11.821,245.337,0.400,0.017,1,0.736,0.000,0.000,354,25489,3539,0
1972,3.736,3.736,3.609,0.107,0.010,0.010,0,0.736,0.000,0.000,0,696,0,0
1973,2.682,2.682,2.560,0.106,0.008,0.009,0,0.736,0.000,0.000,0,696,0,0
1974,2.540,2.540,2.421,0.105,0.008,0.007,0,0.736,0.000,0.000,0,696,0,0
1975,2.491,2.491,2.372,0.104,0.007,0.008,0,0.736,0.000,0.000,0,696,0,0
1976,2.412,2.412,2.296,0.103,0.007,0.006,0,0.736,0.000,0.000,0,696,0,0
1977,74.487,74.487,29.217,44.870,0.380,0.019,1,267.048,4.678,2.611,354,25489,1884,696
1978,4.431,4.431,4.290,0.111,0.014,0.015,0,19.435,1.008,2.611,0,696,0,0
1979,3.208,3.208,3.086,0.105,0.008,0.009,0,19.435,1.008,2.611,0,696,0,0
1980,3.248,3.248,3.121,0.107,0.010,0.009,0,19.435,1.008,2.611,0,696,0,0
1981,2.575,2.575,2.454,0.104,0.007,0.008,0,19.435,1.008,2.611,0,696,0,0
1982,2.443,2.443,2.326,0.104,0.007,0.006,0,19.435,1.008,2.611,0,696,0,0
1983,16.241,16.241,5.489,10.442,0.300,0.010,1,19.435,1.008,0.000,354,25489,3018,0
1984,2.783,2.783,2.660,0.104,0.010,0.009,0,19.435,1.008,0.000,0,696,0,0
1985,2.534,2.534,2.417,0.104,0.007,0.006,0,14.997,4.281,0.000,0,696,0,0
1986,2.418,2.418,2.301,0.103,0.007,0.006,0,14.997,4.281,0.000,0,696,0,0
1987,2.634,2.634,2.517,0.104,0.006,0.007,0,14.997,4.281,0.000,0,696,0,0
1988,3.488,3.488,3.355,0.110,0.012,0.012,0,14.997,4.281,0.000,0,696,0,0
1989,16.326,16.326,6.499,9.562,0.253,0.012,1,14.997,4.281,0.000,354,25489,3019,0
1990,3.417,3.417,3.288,0.109,0.010,0.010,0,14.997,4.281,0.000,0,696,0,0
1991,2.638,2.638,2.519,0.105,0.008,0.007,0,15.657,4.257,0.000,0,696,0,0
1992,2.436,2.436,2.319,0.104,0.007,0.006,0,15.657,4.257,0.000,0,696,0,0
1993,2.412,2.412,2.294,0.104,0.007,0.008,0,15.657,4.257,0.000,0,696,0,0
1994,2.421,2.421,2.288,0.120,0.007,0.006,0,15.657,4.257,0.000,0,696,0,0
1995,17.071,17.071,6.586,10.133,0.339,0.013,1,15.657,4.257,0.000,354,25489,3018,0
1996,3.210,3.210,3.085,0.106,0.011,0.008,0,15.657,4.257,0.000,0,696,0,0
1997,2.676,2.676,2.559,0.104,0.007,0.005,0,15.489,4.471,0.000,0,696,0,0
1998,3.657,3.657,3.520,0.111,0.013,0.013,0,15.489,4.471,0.000,0,696,0,0
1999,2.673,2.673,2.551,0.105,0.008,0.009,0,15.489,4.471,0.000,0,696,0,0
2000,2.449,2.449,2.331,0.103,0.007,0.006,0,15.489,4.471,0.000,0,696,0,0
2001,16.679,16.679,6.862,9.075,0.730,0.012,1,15.489,4.471,0.000,354,25489,3023,0
2002,14.947,3.212,3.082,0.109,0.012,0.009,0,14.501,4.220,0.000,0,696,0,0
2003,16.678,15.477,5.645,9.541,0.280,0.010,1,14.501,4.220,0.000,354,25489,3022,0
2004,16.688,3.505,3.379,0.109,0.009,0.008,0,14.277,4.024,0.000,0,696,0,0
2005,16.676,16.676,6.905,9.422,0.336,0.014,1,14.277,4.024,0.000,354,25489,3019,0
2006,16.695,2.982,2.857,0.106,0.011,0.008,0,16.097,4.400,0.000,0,696,0,0
2007,16.683,14.995,5.724,9.039,0.220,0.012,1,16.097,4.400,0.000,354,25489,3018,0
2008,16.679,2.878,2.752,0.105,0.009,0.011,0,15.316,4.161,0.000,0,696,0,0
2009,16.700,15.131,5.513,9.315,0.293,0.010,1,15.316,4.161,0.000,354,25489,3019,0
2010,16.663,3.861,3.716,0.112,0.015,0.018,0,15.365,4.224,0.000,0,696,0,0
2011,16.703,15.884,6.289,9.282,0.301,0.012,1,15.365,4.224,0.000,354,25489,3014,0
2012,16.665,3.854,3.716,0.111,0.013,0.013,0,15.339,4.768,0.000,0,696,0,0
2013,16.749,16.749,6.030,10.381,0.327,0.012,1,15.339,4.768,0.000,354,25489,3014,0
2014,16.617,3.084,2.956,0.110,0.010,0.008,0,14.087,4.280,0.000,0,696,1,0
2015,16.683,15.652,5.719,9.607,0.316,0.010,1,14.087,4.280,0.000,354,25489,3014,0
2016,16.684,3.111,2.982,0.106,0.013,0.010,0,14.206,4.389,0.000,0,696,0,0
2017,16.680,15.468,5.709,9.497,0.253,0.009,1,14.206,4.389,0.000,354,25489,3014,0
2018,16.687,3.393,3.271,0.106,0.009,0.007,0,13.934,4.101,0.000,0,696,0,0
2019,16.750,16.750,6.980,9.419,0.334,0.016,1,13.934,4.101,0.000,354,25489,3015,0
2020,16.619,3.115,2.994,0.104,0.008,0.008,0,16.278,4.373,0.000,0,696,0,0
2021,16.680,15.115,5.725,9.146,0.234,0.011,1,16.278,4.373,0.000,354,25489,3014,0
2022,16.683,3.022,2.900,0.105,0.009,0.008,0,14.871,4.183,0.000,0,696,0,0
2023,16.682,14.855,5.584,8.970,0.291,0.010,1,14.871,4.183,0.000,354,25489,3019,0
2024,16.697,3.046,2.927,0.105,0.008,0.007,0,14.145,4.790,0.000,0,696,0,0
2025,16.670,15.646,6.139,9.183,0.313,0.011,1,14.145,4.790,0.000,354,25489,3018,0
2026,16.681,3.025,2.902,0.106,0.010,0.007,0,15.034,4.277,0.000,0,696,0,0
2027,16.685,15.348,6.026,8.978,0.332,0.011,1,15.034,4.277,0.000,354,25489,3015,0
2028,16.685,3.915,3.738,0.108,0.012,0.056,0,15.177,4.629,0.000,0,696,0,0
2029,16.682,15.422,5.967,9.119,0.286,0.050,1,15.177,4.629,0.000,354,25489,3014,0
2030,16.681,3.126,2.972,0.104,0.009,0.042,0,14.996,4.278,0.000,0,696,0,0
2031,16.742,14.863,5.645,8.896,0.264,0.057,1,14.996,4.278,0.000,354,25489,3014,0
2032,16.628,3.928,3.741,0.113,0.018,0.056,0,14.686,4.676,0.000,0,696,0,0
2033,16.704,15.897,6.279,9.273,0.294,0.050,1,14.686,4.676,0.000,355,25489,3017,0
2034,16.661,4.376,4.182,0.114,0.014,0.066,0,14.552,4.946,0.000,0,696,0,0
2035,16.706,15.744,6.272,9.154,0.268,0.049,1,14.552,4.946,0.000,354,25489,3018,0
2036,16.663,4.370,3.595,0.705,0.016,0.054,0,15.154,4.308,0.000,0,696,0,0
2037,16.703,16.057,6.355,9.360,0.279,0.063,1,15.154,4.308,0.000,354,25489,3019,0
2038,16.663,4.603,4.397,0.112,0.022,0.072,0,15.506,4.356,0.000,0,696,0,0
2039,16.702,16.078,6.472,9.278,0.278,0.050,1,15.506,4.356,0.000,354,25489,3022,0
2040,16.670,4.217,4.024,0.111,0.016,0.067,0,15.502,4.369,0.000,0,696,0,0
2041,16.697,15.928,6.362,9.241,0.275,0.050,1,15.502,4.369,0.000,354,25489,3015,0
2042,16.725,4.226,4.048,0.112,0.014,0.053,0,15.352,4.319,0.000,0,696,0,0
2043,18.167,18.167,6.996,10.754,0.351,0.065,1,15.352,4.319,0.000,354,25489,3006,0
2044,15.151,3.375,3.214,0.105,0.011,0.045,0,14.606,4.399,0.000,0,696,0,0
2045,16.961,16.961,7.316,9.258,0.338,0.049,1,14.606,4.399,0.000,354,25489,3011,0
2046,16.402,3.382,3.205,0.106,0.011,0.059,0,14.547,4.443,0.000,0,696,0,0
2047,16.699,16.699,6.848,9.424,0.371,0.056,1,14.547,4.443,0.000,354,25489,3010,0
2048,16.668,2.907,2.749,0.104,0.008,0.045,0,16.577,4.468,0.000,0,696,0,0
2049,16.699,15.083,5.735,9.070,0.216,0.062,1,16.577,4.468,0.000,354,25489,3018,0
2050,16.661,4.399,4.218,0.117,0.013,0.052,0,14.439,4.143,0.000,0,696,0,0
2051,16.703,15.842,6.442,9.059,0.290,0.052,1,14.439,4.143,0.000,354,25489,3031,0
2052,16.662,4.450,4.256,0.117,0.013,0.063,0,15.260,4.316,0.000,0,696,0,0
2053,16.703,16.269,6.497,9.431,0.290,0.051,1,15.260,4.316,0.000,354,25489,3034,0
2054,16.672,4.766,4.584,0.111,0.016,0.054,0,15.929,4.300,0.000,0,696,0,0
2055,16.877,16.877,6.898,9.586,0.333,0.060,1,15.929,4.300,0.000,354,25489,3047,0
2056,16.485,3.338,3.178,0.106,0.009,0.045,0,14.727,4.203,0.000,0,696,0,0
2057,16.678,16.284,6.358,9.607,0.272,0.047,1,14.727,4.203,0.000,354,25489,3050,0
2058,16.687,3.350,3.171,0.107,0.011,0.061,0,14.214,4.210,0.000,0,696,0,0
2059,16.680,16.199,6.398,9.497,0.257,0.046,1,14.214,4.210,0.000,353,25485,3021,0
2060,16.691,2.977,2.824,0.104,0.008,0.042,0,14.143,4.061,0.000,0,692,0,0
2061,16.847,16.847,6.851,9.576,0.354,0.066,1,14.143,4.061,0.000,353,25485,3048,0
2062,16.522,2.861,2.704,0.103,0.010,0.044,0,16.810,4.446,0.000,0,692,0,0
2063,16.939,15.973,6.218,9.299,0.405,0.051,1,16.810,4.446,0.000,353,25485,3045,0
2064,16.421,4.092,3.892,0.110,0.021,0.070,0,14.826,4.773,0.000,0,692,0,0
2065,16.706,16.027,6.336,9.395,0.247,0.050,1,14.826,4.773,0.000,353,25485,3044,0
2066,16.661,4.347,4.169,0.111,0.014,0.053,0,14.489,4.967,0.000,0,692,0,0
2067,16.704,15.921,6.462,9.115,0.281,0.063,1,14.489,4.967,0.000,353,25485,3048,0
2068,16.659,4.398,4.218,0.114,0.014,0.051,0,15.199,4.270,0.000,0,692,0,0
2069,16.709,15.954,6.348,9.288,0.268,0.050,1,15.199,4.270,0.000,353,25485,3053,0
2070,16.664,4.608,4.394,0.111,0.019,0.084,0,15.316,4.259,0.000,0,692,0,0
2071,16.680,16.308,6.812,9.167,0.278,0.050,1,15.316,4.259,0.000,353,25485,3048,0
2072,16.680,3.182,3.024,0.105,0.010,0.044,0,14.872,4.312,0.000,0,692,0,0
2073,16.684,15.375,5.890,9.023,0.398,0.064,1,14.872,4.312,0.000,353,25485,3025,0
2074,16.685,3.146,2.992,0.104,0.008,0.042,0,15.276,4.138,0.000,0,692,0,0
2075,16.683,15.299,5.882,9.079,0.289,0.049,1,15.276,4.138,0.000,353,25485,3020,0
2076,16.684,3.189,3.023,0.103,0.009,0.055,0,14.865,4.550,0.000,0,692,0,0
2077,16.709,15.145,5.847,9.002,0.251,0.044,1,14.865,4.550,0.000,353,25485,3033,0
2078,16.662,4.103,3.922,0.113,0.013,0.056,0,15.224,4.151,0.000,0,692,0,0
2079,17.031,16.395,6.656,9.332,0.345,0.061,1,15.224,4.151,0.000,353,25485,3032,0
2080,16.333,3.004,2.842,0.105,0.010,0.047,0,14.516,4.311,0.000,0,692,0,0
2081,16.698,15.571,5.744,9.495,0.282,0.050,1,14.516,4.311,0.000,353,25485,3001,0
2082,16.670,4.143,3.943,0.110,0.020,0.070,0,15.327,4.192,0.000,0,692,0,0
2083,16.702,16.264,6.941,8.979,0.292,0.051,1,15.327,4.192,0.000,353,25485,2996,0
2084,16.674,4.151,3.959,0.112,0.019,0.061,0,15.104,4.218,0.000,0,692,0,0
2085,17.469,17.469,6.480,10.556,0.363,0.070,1,15.104,4.218,0.000,353,25485,3012,0
2086,15.896,2.860,2.705,0.103,0.009,0.044,0,15.790,4.257,0.000,0,692,0,0
2087,16.688,15.208,5.825,9.109,0.224,0.050,1,15.790,4.257,0.000,353,25485,3013,0
2088,16.670,4.427,4.214,0.111,0.022,0.081,0,15.304,4.221,0.000,0,692,0,0
2089,16.702,16.069,6.571,9.113,0.333,0.051,1,15.304,4.221,0.000,353,25485,3028,0
2090,16.669,4.050,3.867,0.109,0.015,0.058,0,15.640,4.333,0.000,0,692,0,0
2091,16.911,16.911,6.714,9.796,0.341,0.060,1,15.640,4.333,0.000,353,25485,3037,0
2092,16.453,2.979,2.822,0.104,0.009,0.044,0,14.098,4.233,0.000,0,692,0,0
2093,16.846,16.846,6.836,9.452,0.500,0.059,1,14.098,4.233,0.000,353,25485,3028,0
2094,16.579,2.930,2.762,0.104,0.009,0.056,0,17.386,4.331,0.000,0,692,0,0
2095,17.091,15.353,6.071,9.025,0.209,0.047,1,17.386,4.331,0.000,353,25485,3029,0
2096,16.214,3.961,3.787,0.110,0.012,0.052,0,14.524,4.722,0.000,0,692,0,0
2097,16.705,15.569,6.108,9.106,0.293,0.062,1,14.524,4.722,0.000,353,25485,3024,0
2098,16.665,4.359,4.184,0.112,0.013,0.051,0,14.478,4.845,0.000,0,692,0,0
2099,16.700,15.911,6.383,9.194,0.285,0.050,1,14.478,4.845,0.000,353,25485,3013,0
2100,16.664,4.567,4.375,0.112,0.013,0.066,0,15.436,4.214,0.000,0,692,0,0
2101,16.704,15.603,6.231,9.038,0.283,0.050,1,15.436,4.214,0.000,353,25485,2992,0
2102,16.661,4.183,3.976,0.110,0.020,0.077,0,15.230,4.214,0.000,0,692,0,0
2103,16.704,15.545,6.199,9.017,0.281,0.049,1,15.230,4.214,0.000,353,25485,3008,0
2104,16.668,4.127,3.932,0.110,0.022,0.063,0,15.205,4.197,0.000,0,692,0,0
2105,16.678,16.222,6.721,9.027,0.409,0.066,1,15.205,4.197,0.000,353,25485,2997,0
2106,16.682,3.204,3.047,0.104,0.009,0.043,0,15.659,4.296,0.000,0,692,0,0
2107,16.703,15.348,5.902,8.917,0.473,0.057,1,15.659,4.296,0.000,353,25485,3020,0
2108,16.669,3.354,3.156,0.125,0.011,0.062,0,15.437,4.534,0.000,0,692,0,0
2109,16.683,15.127,5.839,8.917,0.325,0.046,1,15.437,4.534,0.000,353,25485,3009,0
2110,16.682,3.320,3.155,0.104,0.015,0.047,0,14.691,4.128,0.000,0,692,0,0
2111,16.681,15.749,5.911,9.508,0.271,0.059,1,14.691,4.128,0.000,353,25485,3032,0
2112,16.688,3.381,3.225,0.106,0.009,0.042,0,13.869,4.085,0.000,0,692,0,0
2113,16.855,16.855,6.842,9.624,0.334,0.054,1,13.869,4.085,0.000,353,25485,3037,0
2114,16.520,2.877,2.707,0.104,0.009,0.057,0,16.320,5.069,0.000,0,692,0,0
2115,16.677,15.479,5.818,9.389,0.224,0.049,1,16.320,5.069,0.000,353,25485,3020,0
2116,16.679,2.875,2.713,0.104,0.010,0.048,0,15.739,4.132,0.000,0,692,0,0
2117,16.682,15.490,6.116,9.027,0.287,0.061,1,15.739,4.132,0.000,353,25485,3001,0
2118,16.681,3.231,3.068,0.105,0.013,0.046,0,14.563,4.181,0.000,0,692,0,0
2119,53.630,53.630,12.864,40.349,0.364,0.052,1,14.563,4.181,0.000,472,76051,4085,0
2120,4.568,4.568,4.393,0.106,0.011,0.058,0,36.713,12.715,0.000,0,692,0,0
2121,4.664,4.664,4.489,0.109,0.013,0.054,0,36.713,12.715,0.000,0,692,0,0
2122,3.874,3.809,3.654,0.105,0.007,0.042,0,36.713,12.715,0.000,0,692,0,0
2123,61.172,61.172,22.699,37.382,1.026,0.066,1,25.248,6.617,4.366,485,76051,2787,9046
2124,7.009,7.009,6.832,0.109,0.014,0.053,0,25.248,6.617,4.366,0,692,0,0
2125,4.479,4.479,4.287,0.133,0.010,0.049,0,25.248,6.617,4.366,0,692,0,0
2126,4.139,4.139,3.964,0.105,0.010,0.059,0,25.248,6.617,4.366,0,692,0,0
2127,6.621,3.494,3.341,0.103,0.008,0.043,0,25.248,6.617,4.366,0,692,0,0
2128,32.559,32.559,18.866,13.127,0.511,0.056,1,25.248,6.617,0.000,472,76051,4096,0
2129,4.580,4.580,4.410,0.104,0.010,0.056,0,25.248,6.617,0.000,0,692,0,0
2130,12.914,7.645,7.491,0.104,0.008,0.042,0,25.645,12.079,0.000,0,692,0,0
2131,29.203,29.203,14.545,14.128,0.464,0.066,1,25.645,12.079,0.000,472,76051,4108,0
2132,5.105,5.105,4.931,0.106,0.011,0.057,0,25.645,12.079,0.000,0,692,0,0
2133,15.742,7.621,7.465,0.104,0.008,0.044,0,25.816,12.140,0.000,0,692,0,0
2134,39.270,39.270,12.316,26.471,0.429,0.054,1,25.816,12.140,0.000,473,76051,3551,5976
2135,4.646,4.646,4.470,0.107,0.010,0.058,0,22.521,10.285,0.000,0,692,0,0
2136,6.129,3.981,3.804,0.112,0.015,0.050,0,22.521,10.285,0.000,0,692,0,0
2137,27.768,27.768,13.495,13.669,0.538,0.067,1,22.521,10.285,0.000,473,76051,4102,0
2138,5.602,5.223,5.050,0.105,0.011,0.058,0,22.521,10.285,0.000,0,692,0,0
2139,16.685,7.791,7.635,0.105,0.008,0.044,0,25.845,12.207,0.000,0,692,0,0
2140,29.706,29.706,13.321,15.933,0.396,0.056,1,25.845,12.207,1.109,473,76051,2591,25969
2141,4.175,4.175,4.001,0.108,0.009,0.057,0,24.082,7.310,1.109,0,692,0,0
2142,26.832,26.832,12.215,14.324,0.242,0.050,1,24.082,7.310,0.000,473,76051,2759,25969
2143,6.038,3.992,3.835,0.104,0.009,0.044,0,24.266,6.998,0.000,0,692,0,0
2144,27.394,27.394,12.300,14.699,0.332,0.063,1,24.266,6.998,0.000,473,76051,2740,25969
2145,5.968,3.951,3.789,0.105,0.010,0.046,0,24.383,7.191,0.000,0,692,0,0
2146,30.111,30.111,13.903,15.627,0.506,0.075,1,24.383,7.191,0.000,473,76051,2772,25969
2147,4.744,4.744,4.569,0.106,0.011,0.058,0,24.383,7.191,0.000,0,692,0,0
2148,42.780,42.780,23.340,18.976,0.408,0.057,1,32.067,7.497,4.057,474,76051,2258,25969
2149,6.174,6.174,6.003,0.110,0.010,0.051,0,24.516,5.402,4.057,0,692,0,0
2150,4.345,4.345,4.170,0.108,0.010,0.056,0,24.516,5.402,4.057,0,692,0,0
2151,45.388,45.388,21.182,23.679,0.446,0.081,1,27.164,7.319,0.000,473,76051,2764,25969
2152,4.219,4.219,4.058,0.105,0.010,0.045,0,27.164,7.319,0.000,0,692,0,0
2153,4.694,4.694,4.506,0.109,0.013,0.066,0,27.164,7.319,0.000,0,692,0,0
2154,7.680,3.540,3.385,0.103,0.009,0.043,0,27.164,7.319,0.000,0,692,0,0
2155,30.224,30.224,14.430,15.378,0.363,0.054,1,27.164,7.319,0.000,473,76051,2795,25969
2156,4.084,4.084,3.914,0.105,0.010,0.055,0,22.074,7.071,0.000,0,692,0,0
2157,28.461,28.461,14.381,13.521,0.492,0.067,1,22.074,7.071,0.000,472,76051,4081,0
2158,5.402,5.402,5.227,0.115,0.012,0.048,0,22.074,7.071,0.000,0,692,0,0
2159,15.248,9.657,9.473,0.108,0.013,0.063,0,25.913,11.846,0.000,0,692,0,0
2160,29.088,29.088,12.825,15.827,0.383,0.053,1,25.913,11.846,1.221,473,76051,2566,25969
2161,5.492,5.492,5.309,0.116,0.015,0.053,0,24.906,6.536,1.221,0,692,0,0
2162,31.045,31.045,14.753,15.829,0.399,0.065,1,24.906,6.536,0.000,473,76051,2785,25969
2163,4.150,4.150,3.992,0.106,0.009,0.043,0,22.394,7.195,0.000,0,692,0,0
2164,29.297,29.297,12.844,16.065,0.336,0.052,1,22.394,7.195,0.000,473,76051,2780,25969
2165,4.013,4.013,3.843,0.104,0.010,0.056,0,22.365,6.979,0.000,0,692,0,0
2166,28.810,28.810,13.883,14.516,0.357,0.053,1,22.365,6.979,0.000,473,76051,2776,25969
2167,4.089,4.089,3.930,0.105,0.010,0.044,0,22.481,7.105,0.000,0,692,0,0
2168,28.904,28.904,12.145,16.344,0.349,0.066,1,22.481,7.105,0.000,473,76051,2787,25969
2169,4.049,4.049,3.888,0.105,0.010,0.046,0,22.173,7.067,0.000,0,692,0,0
2170,29.777,29.777,13.693,15.199,0.830,0.054,1,22.173,7.067,0.000,473,76051,2788,25969
2171,4.055,4.055,3.882,0.104,0.011,0.057,0,22.283,7.365,0.000,0,692,0,0
2172,28.249,28.249,12.022,15.801,0.373,0.053,1,22.283,7.365,0.000,473,76051,2776,25969
2173,4.587,4.587,4.425,0.106,0.010,0.046,0,22.574,7.283,0.000,0,692,0,0
2174,28.242,28.242,12.734,15.091,0.351,0.066,1,22.574,7.283,0.000,473,76051,2800,25969
2175,4.279,4.279,4.116,0.105,0.010,0.048,0,22.310,7.427,0.000,0,692,0,0
2176,28.991,28.991,12.680,15.866,0.344,0.100,1,22.310,7.427,0.000,473,76051,2811,25969
2177,4.687,4.687,4.514,0.105,0.011,0.057,0,23.964,6.839,0.000,0,692,0,0
2178,30.129,30.129,13.256,16.455,0.364,0.055,1,23.964,6.839,0.000,473,76051,2792,25969
2179,4.131,4.131,3.970,0.106,0.010,0.046,0,22.626,7.344,0.000,0,692,0,0
2180,29.431,29.431,14.132,14.892,0.342,0.065,1,22.626,7.344,0.000,473,76051,2780,25969
2181,4.271,4.271,4.114,0.105,0.009,0.043,0,23.311,7.299,0.000,0,692,0,0
2182,28.012,28.012,12.939,14.494,0.519,0.060,1,23.311,7.299,0.000,474,76051,2810,25969
2183,4.450,4.450,4.278,0.104,0.011,0.056,0,23.311,7.299,0.000,0,692,0,0
2184,27.192,27.192,12.537,14.352,0.256,0.048,1,23.353,7.828,0.000,473,76051,2820,25969
2185,4.352,4.352,4.191,0.106,0.010,0.045,0,23.353,7.828,0.000,0,692,0,0
2186,27.929,27.929,13.158,14.394,0.315,0.063,1,22.562,8.333,0.000,473,76051,2811,25969
2187,5.432,4.426,4.265,0.105,0.009,0.047,0,23.429,7.002,0.000,0,692,0,0
2188,27.019,27.019,12.298,14.360,0.312,0.049,1,23.429,7.002,0.000,473,76051,2772,25969
2189,6.349,4.440,4.265,0.106,0.011,0.058,0,22.830,7.273,0.000,0,692,0,0
2190,27.178,27.178,12.324,14.495,0.310,0.049,1,22.830,7.273,0.000,473,76051,2796,25969
2191,6.187,4.397,4.232,0.105,0.010,0.050,0,22.858,7.290,0.000,0,692,0,0
2192,29.371,29.371,12.863,16.080,0.359,0.069,1,22.858,7.290,0.000,474,76051,2806,25969
2193,4.298,4.298,4.136,0.104,0.011,0.047,0,24.188,7.375,0.000,0,692,0,0
2194,36.367,36.367,12.313,23.547,0.453,0.054,1,22.003,6.543,0.000,473,76051,2779,25969
2195,5.176,5.176,4.996,0.116,0.009,0.055,0,22.003,6.543,0.000,0,692,0,0
2196,8.206,3.962,3.805,0.103,0.010,0.044,0,22.003,6.543,0.000,0,692,0,0
2197,26.636,26.636,11.939,14.141,0.503,0.053,1,22.003,6.543,0.000,472,76051,4080,0
2198,7.110,4.707,4.533,0.106,0.010,0.058,0,22.003,6.543,0.000,0,692,0,0
2199,16.301,7.813,7.654,0.103,0.009,0.047,0,24.707,11.655,0.000,0,692,0,0
2200,30.660,30.660,12.376,17.166,1.049,0.069,1,21.926,6.492,1.225,473,76051,2530,25969
2201,3.969,3.969,3.804,0.105,0.009,0.051,0,21.926,6.492,1.225,0,692,0,0
2202,28.775,28.775,13.118,15.277,0.327,0.053,1,21.926,6.492,0.000,473,76051,2788,25969
2203,4.665,4.665,4.493,0.105,0.009,0.057,0,22.439,6.938,0.000,0,692,0,0
2204,28.239,28.239,12.745,15.062,0.379,0.053,1,22.439,6.938,0.000,473,76051,2768,25969
2205,4.286,4.286,4.125,0.106,0.010,0.045,0,22.528,6.948,0.000,0,692,0,0
2206,26.412,26.412,11.827,14.289,0.234,0.062,1,22.528,6.948,0.000,473,76051,2771,25969
2207,6.523,4.050,3.890,0.105,0.010,0.045,0,23.171,6.752,0.000,0,692,0,0
2208,27.273,27.273,12.240,14.645,0.337,0.051,1,23.171,6.752,0.000,473,76051,2784,25969
2209,6.117,4.509,4.332,0.105,0.010,0.062,0,23.733,7.152,0.000,0,692,0,0
2210,31.890,31.890,14.876,16.586,0.368,0.061,1,23.733,7.152,0.000,473,76051,2780,25969
2211,4.421,4.421,4.258,0.107,0.011,0.045,0,22.512,7.429,0.000,0,692,0,0
2212,29.056,29.056,13.501,15.099,0.387,0.069,1,22.512,7.429,0.000,473,76051,2788,25969
2213,4.164,4.164,3.990,0.106,0.015,0.053,0,24.008,7.429,0.000,0,692,0,0
2214,27.196,27.196,12.188,14.712,0.245,0.050,1,24.008,7.294,0.000,473,76051,2783,25969
2215,3.947,3.947,3.774,0.104,0.010,0.059,0,24.008,7.294,0.000,0,692,0,0
2216,28.387,28.387,13.760,14.248,0.329,0.049,1,24.317,7.471,0.000,474,76051,2798,25969
2217,4.350,3.917,3.757,0.106,0.010,0.045,0,24.317,7.471,0.000,0,692,0,0
2218,34.330,34.330,17.218,16.642,0.397,0.072,1,22.237,7.680,0.000,473,76051,2792,25969
2219,4.180,4.180,4.019,0.105,0.010,0.045,0,22.237,7.680,0.000,0,692,0,0
2220,29.288,29.288,13.563,15.288,0.380,0.058,1,22.237,7.680,0.000,473,76051,2784,25969
2221,3.971,3.971,3.801,0.104,0.009,0.057,0,22.237,7.680,0.000,0,692,0,0
2222,27.830,27.830,13.193,14.334,0.254,0.049,1,25.150,7.209,0.000,473,76051,2772,25969
2223,4.456,4.456,4.291,0.105,0.010,0.049,0,25.150,7.209,0.000,0,692,0,0
2224,27.788,27.788,13.149,14.246,0.330,0.063,1,22.351,8.560,0.000,473,76051,2763,25969
2225,4.358,4.358,4.196,0.105,0.011,0.046,0,22.351,8.560,0.000,0,692,0,0
2226,27.534,27.534,12.684,14.561,0.237,0.052,1,22.452,7.708,0.000,473,76051,2760,25969
2227,4.473,4.473,4.301,0.106,0.010,0.057,0,22.734,7.450,0.000,0,692,0,0
2228,27.396,27.396,12.550,14.354,0.440,0.053,1,22.734,7.450,0.000,473,76051,2764,25969
2229,4.575,4.260,4.100,0.105,0.009,0.046,0,22.734,7.450,0.000,0,692,0,0
2230,27.795,27.795,12.932,14.413,0.387,0.063,1,22.868,7.874,0.000,473,76051,2768,25969
2231,5.570,4.465,4.300,0.105,0.012,0.048,0,22.531,8.502,0.000,0,692,0,0
2232,26.868,26.868,12.103,14.336,0.376,0.053,1,22.531,8.502,0.000,473,76051,2771,25969
2233,6.493,4.411,4.238,0.106,0.009,0.058,0,22.920,7.707,0.000,0,692,0,0
2234,26.740,26.740,12.113,14.264,0.315,0.049,1,22.920,7.707,0.000,473,76051,2772,25969
2235,6.631,4.309,4.150,0.105,0.009,0.045,0,22.682,7.260,0.000,0,692,0,0
2236,29.412,29.412,13.528,15.470,0.348,0.066,1,22.682,7.260,0.000,473,76051,2777,25969
2237,4.539,4.539,4.376,0.106,0.009,0.048,0,23.563,6.986,0.000,0,692,0,0
2238,27.685,27.685,12.295,14.933,0.405,0.053,1,23.563,6.986,0.000,473,76051,2776,25969
2239,5.116,4.069,3.890,0.106,0.012,0.060,0,23.971,7.336,0.000,0,692,0,0
2240,29.423,29.423,13.133,15.918,0.318,0.055,1,23.971,7.336,0.000,473,76051,2767,25969
2241,4.061,4.061,3.902,0.105,0.009,0.045,0,22.537,6.750,0.000,0,692,0,0
2242,29.229,29.229,12.372,16.450,0.342,0.065,1,22.537,6.750,0.000,473,76051,2760,25969
2243,4.070,4.070,3.912,0.105,0.009,0.045,0,22.425,7.053,0.000,0,692,0,0
2244,28.945,28.945,13.402,15.146,0.344,0.053,1,22.425,7.053,0.000,473,76051,2764,25969
2245,4.352,4.112,3.940,0.106,0.010,0.057,0,22.015,7.098,0.000,0,692,0,0
2246,28.160,28.160,12.168,15.596,0.341,0.055,1,22.015,7.098,0.000,474,76051,2766,25969
2247,5.208,4.628,4.468,0.107,0.008,0.046,0,22.368,6.932,0.000,0,692,0,0
2248,28.226,28.226,12.713,15.080,0.368,0.065,1,22.368,6.932,0.000,473,76051,2764,25969
2249,5.137,4.749,4.589,0.105,0.010,0.045,0,22.389,7.082,0.000,0,692,0,0
2250,28.693,28.693,13.285,15.007,0.348,0.053,1,22.389,7.082,0.000,473,76051,2755,25969
2251,4.673,4.135,3.960,0.106,0.011,0.058,0,22.102,6.919,0.000,0,692,0,0
2252,26.562,26.562,11.879,14.398,0.234,0.051,1,22.102,6.919,0.000,473,76051,2756,25969
2253,6.816,4.033,3.871,0.105,0.010,0.047,0,23.584,6.949,0.000,0,692,0,0
2254,34.022,34.022,12.408,21.138,0.405,0.071,1,22.639,6.649,0.000,473,76051,2768,25969
2255,4.155,4.155,3.991,0.104,0.012,0.048,0,22.639,6.649,0.000,0,692,0,0
2256,26.313,26.313,11.767,14.259,0.237,0.050,1,22.639,6.649,0.000,473,76051,2767,25969
2257,4.005,4.005,3.832,0.106,0.009,0.058,0,22.639,6.649,0.000,0,692,0,0
2258,28.506,28.506,13.873,14.267,0.315,0.050,1,24.239,6.943,0.000,473,76051,2780,25969
2259,3.892,3.892,3.728,0.104,0.012,0.047,0,24.239,6.943,0.000,0,692,0,0
2260,28.768,28.768,13.984,14.316,0.394,0.075,1,23.806,7.263,0.000,473,76051,2780,25969
2261,3.960,3.960,3.800,0.107,0.009,0.044,0,23.806,7.263,0.000,0,692,0,0
2262,29.390,29.390,14.669,14.177,0.493,0.051,1,24.493,7.381,0.000,473,76051,2772,25969
2263,4.498,4.498,4.327,0.107,0.010,0.055,0,24.493,7.381,0.000,0,692,0,0
2264,27.624,27.624,12.854,14.378,0.342,0.050,1,22.508,8.300,0.000,473,76051,2771,25969
2265,5.060,4.391,4.231,0.106,0.009,0.045,0,22.508,8.300,0.000,0,692,0,0
2266,27.223,27.223,12.619,14.274,0.268,0.062,1,23.584,7.114,0.000,473,76051,2776,25969
2267,6.149,4.265,4.106,0.105,0.009,0.044,0,23.255,7.328,0.000,0,692,0,0
2268,28.457,28.457,12.318,15.741,0.344,0.053,1,23.255,7.328,0.000,473,76051,2789,25969
2269,4.920,4.473,4.289,0.116,0.009,0.059,0,21.985,7.109,0.000,0,692,0,0
2270,27.156,27.156,12.495,14.338,0.265,0.058,1,21.985,7.109,0.000,473,76051,2780,25969
2271,6.196,3.829,3.666,0.108,0.010,0.044,0,23.039,7.051,0.000,0,692,0,0
2272,23.323,23.323,10.780,11.938,0.528,0.076,1,23.039,7.051,0.000,343,75531,2119,25449
2273,10.059,5.536,5.357,0.111,0.013,0.055,0,21.059,7.248,0.000,0,692,0,0
2274,26.883,26.883,12.330,13.577,0.922,0.054,1,21.059,7.248,0.000,343,75531,2120,25449
2275,6.470,3.822,3.650,0.106,0.009,0.056,0,19.210,7.216,0.000,0,692,0,0
2276,25.084,25.084,11.682,12.754,0.590,0.057,1,19.210,7.216,0.000,343,75531,2120,25449
2277,8.294,3.583,3.424,0.105,0.010,0.045,0,21.841,7.618,0.000,0,692,0,0
2278,23.108,23.108,10.464,12.201,0.358,0.085,1,21.841,7.618,0.000,344,75531,2122,25449
2279,10.244,6.267,6.084,0.111,0.017,0.055,0,20.913,8.413,0.000,0,692,0,0
2280,25.307,25.307,11.441,13.452,0.360,0.054,1,20.913,8.413,0.000,343,75531,2120,25449
2281,8.065,3.577,3.404,0.106,0.009,0.058,0,19.712,6.984,0.000,0,692,0,0
2282,25.742,25.742,11.681,13.461,0.529,0.070,1,19.712,6.984,0.000,343,75531,2119,25449
2283,7.627,4.046,3.886,0.105,0.010,0.044,0,21.732,7.574,0.000,0,692,0,0
2284,23.565,23.565,10.804,12.323,0.356,0.081,1,21.732,7.574,0.000,343,75531,2120,25449
2285,9.797,3.979,3.822,0.105,0.009,0.043,0,20.287,7.154,0.000,0,692,0,0
2286,23.107,23.107,10.523,12.066,0.456,0.061,1,20.287,7.154,0.000,343,75531,2120,25449
2287,10.259,4.017,3.846,0.104,0.010,0.056,0,20.360,6.877,0.000,0,692,0,0
2288,22.993,22.993,10.429,12.040,0.460,0.064,1,20.360,6.877,0.000,344,75531,2122,25449
2289,10.373,4.046,3.881,0.105,0.012,0.048,0,20.552,7.241,0.000,0,692,0,0
2290,22.792,22.792,10.516,11.767,0.439,0.071,1,20.552,7.241,0.000,343,75531,2119,25449
2291,10.572,4.073,3.911,0.107,0.011,0.045,0,20.211,6.731,0.000,0,692,0,0
2292,22.784,22.784,10.453,11.807,0.465,0.058,1,20.211,6.731,0.000,343,75531,2120,25449
2293,10.588,4.198,4.027,0.106,0.009,0.056,0,19.514,8.083,0.000,0,692,0,0
2294,24.435,24.435,11.360,12.608,0.400,0.067,1,19.514,8.083,0.000,343,75531,2120,25449
2295,8.935,3.642,3.477,0.105,0.018,0.043,0,18.999,7.050,0.000,0,692,0,0
2296,25.179,25.179,11.522,13.146,0.443,0.069,1,18.999,7.050,0.000,343,75531,2120,25449
2297,8.188,3.593,3.431,0.107,0.010,0.045,0,21.511,7.076,0.000,0,692,0,0
2298,23.662,23.662,11.036,12.182,0.390,0.054,1,21.511,7.076,0.000,343,75531,2119,25449
2299,9.712,3.556,3.383,0.106,0.009,0.057,0,20.856,6.907,0.000,0,692,0,0
2300,23.126,23.126,10.550,12.034,0.475,0.067,1,20.856,6.907,0.000,344,75531,2122,25449
2301,10.243,3.635,3.462,0.107,0.009,0.057,0,20.750,7.163,0.000,0,692,0,0
2302,24.055,24.055,11.391,12.194,0.416,0.053,1,20.750,7.163,0.000,343,75531,2120,25449
2303,9.294,4.070,3.911,0.105,0.010,0.044,0,20.314,6.971,0.000,0,692,0,0
2304,24.287,24.287,11.299,12.467,0.453,0.069,1,20.314,6.971,0.000,343,75531,2120,25449
2305,9.080,3.929,3.766,0.108,0.010,0.046,0,20.562,7.325,0.000,0,692,0,0
2306,23.193,23.193,10.502,12.094,0.536,0.061,1,20.562,7.325,0.000,343,75531,2116,25449
2307,10.174,4.051,3.875,0.104,0.011,0.061,0,19.621,7.727,0.000,0,692,0,0
2308,22.917,22.917,10.548,11.831,0.480,0.058,1,19.621,7.727,0.000,343,75531,2115,25449
2309,10.452,3.992,3.832,0.105,0.010,0.044,0,18.741,8.013,0.000,0,692,0,0
2310,24.953,24.953,11.899,12.584,0.400,0.070,1,18.741,8.013,0.000,343,75531,2116,25449
2311,8.414,3.536,3.377,0.106,0.010,0.043,0,18.715,7.093,0.000,0,692,0,0
2312,25.294,25.294,11.793,12.882,0.557,0.061,1,18.715,7.093,0.000,343,75531,2116,25449
2313,8.080,3.658,3.482,0.104,0.011,0.060,0,21.577,7.968,0.000,0,692,0,0
2314,29.634,29.634,10.552,18.652,0.379,0.051,1,21.577,7.968,0.000,343,75531,2115,25449
2315,3.757,3.757,3.597,0.106,0.009,0.045,0,20.449,6.609,0.000,0,692,0,0
2316,23.818,23.818,11.311,12.003,0.417,0.088,1,20.449,6.609,0.000,343,75531,2116,25449
2317,9.547,5.244,5.015,0.169,0.013,0.048,0,21.212,7.068,0.000,0,692,0,0
2318,24.453,24.453,11.684,12.271,0.439,0.059,1,21.212,7.068,0.000,343,75531,2116,25449
2319,8.894,3.814,3.641,0.105,0.009,0.059,0,21.253,7.071,0.000,0,692,0,0
2320,22.812,22.812,10.287,12.046,0.411,0.067,1,21.253,7.071,0.000,343,75531,2116,25449
2321,10.560,3.604,3.440,0.104,0.010,0.049,0,21.430,7.361,0.000,0,692,0,0
2322,23.278,23.278,10.401,12.089,0.709,0.079,1,21.430,7.361,0.000,343,75531,2115,25449
2323,10.080,3.605,3.443,0.104,0.009,0.048,0,20.658,7.481,0.000,0,692,0,0
2324,23.271,23.271,10.456,12.226,0.525,0.065,1,20.658,7.481,0.000,343,75531,2116,25449
2325,10.095,3.629,3.455,0.105,0.011,0.058,0,20.615,7.532,0.000,0,692,0,0
2326,23.340,23.340,10.698,12.080,0.491,0.070,1,20.615,7.532,0.000,343,75531,2116,25449
2327,10.033,3.685,3.524,0.103,0.012,0.046,0,20.940,7.808,0.000,0,692,0,0
2328,23.993,23.993,11.175,12.203,0.539,0.076,1,20.940,7.808,0.000,343,75531,2116,25449
2329,9.364,3.652,3.492,0.106,0.010,0.045,0,20.181,7.723,0.000,0,692,0,0
2330,23.002,23.002,10.462,11.941,0.536,0.063,1,20.181,7.723,0.000,343,75531,2115,25449
2331,10.370,3.620,3.443,0.107,0.011,0.059,0,20.904,6.903,0.000,0,692,0,0
2332,23.313,23.313,10.434,12.312,0.496,0.071,1,20.904,6.903,0.000,344,75531,2118,25449
2333,10.054,3.644,3.483,0.107,0.011,0.043,0,21.414,7.007,0.000,0,692,0,0
2334,23.430,23.430,10.739,12.115,0.504,0.071,1,21.414,7.007,0.000,343,75531,2116,25449
2335,9.959,3.498,3.340,0.104,0.008,0.045,0,20.943,7.097,0.000,0,692,0,0
2336,23.948,23.948,10.742,12.566,0.573,0.067,1,20.943,7.097,0.000,343,75531,2112,25449
2337,9.398,3.661,3.479,0.106,0.011,0.066,0,21.794,7.035,0.000,0,692,0,0
2338,23.298,23.298,10.528,12.162,0.537,0.071,1,21.794,7.035,0.000,343,75531,2112,25449
2339,10.062,4.004,3.841,0.106,0.009,0.048,0,21.244,8.042,0.000,0,692,0,0
2340,23.288,23.288,10.498,12.145,0.567,0.078,1,21.244,8.042,0.000,343,75531,2111,25449
2341,10.081,3.591,3.428,0.106,0.011,0.046,0,19.991,8.125,0.000,0,692,0,0
2342,23.191,23.191,10.567,12.035,0.521,0.068,1,19.991,8.125,0.000,343,75531,2112,25449
2343,10.174,3.647,3.475,0.107,0.009,0.057,0,21.145,7.117,0.000,0,692,0,0
2344,24.203,24.203,10.946,12.827,0.377,0.053,1,21.145,7.117,0.000,343,75531,2112,25449
2345,9.165,3.674,3.514,0.104,0.010,0.047,0,20.303,7.234,0.000,0,692,0,0
2346,24.701,24.701,10.555,13.691,0.384,0.071,1,20.303,7.234,0.000,343,75531,2112,25449
2347,8.688,3.542,3.382,0.105,0.009,0.046,0,20.535,7.198,0.000,0,692,0,0
2348,28.468,28.468,13.539,14.385,0.469,0.076,1,20.535,7.198,0.000,343,75531,2111,25449
2349,4.877,4.374,4.201,0.106,0.010,0.057,0,20.535,7.198,0.000,0,692,0,0
2350,28.674,28.674,13.108,15.153,0.362,0.051,1,19.338,6.121,2.423,343,75531,1664,25449
2351,4.686,3.548,3.389,0.105,0.010,0.044,0,19.338,6.121,2.423,0,692,0,0
2352,25.671,25.671,11.675,13.577,0.350,0.070,1,19.338,6.121,0.000,343,75531,2113,25449
2353,7.693,3.691,3.534,0.106,0.009,0.043,0,18.687,6.840,0.000,0,692,0,0
2354,24.844,24.844,11.611,12.749,0.435,0.050,1,18.687,6.840,0.000,343,75531,2108,25449
2355,8.519,4.325,4.152,0.106,0.010,0.057,0,18.957,6.874,0.000,0,692,0,0
2356,24.912,24.912,11.417,12.887,0.548,0.060,1,18.957,6.874,0.000,343,75531,2107,25449
2357,8.469,3.598,3.437,0.105,0.010,0.046,0,21.068,8.286,0.000,0,692,0,0
2358,23.487,23.487,10.824,12.206,0.374,0.083,1,21.068,8.286,0.000,343,75531,2108,25449
2359,9.873,3.661,3.502,0.105,0.009,0.045,0,20.749,7.939,0.000,0,692,0,0
2360,23.156,23.156,10.408,12.194,0.487,0.067,1,20.749,7.939,0.000,343,75531,2108,25449
2361,10.218,3.814,3.641,0.106,0.010,0.057,0,21.163,7.185,0.000,0,692,0,0
2362,24.087,24.087,11.030,12.284,0.706,0.068,1,21.163,7.185,0.000,344,75531,2110,25449
2363,9.268,5.327,5.149,0.114,0.014,0.049,0,21.257,7.147,0.000,0,692,0,0
2364,25.849,25.849,12.053,13.391,0.341,0.063,1,21.257,7.147,0.000,343,75531,2108,25449
2365,7.516,3.921,3.763,0.106,0.009,0.044,0,19.166,7.105,0.000,0,692,0,0
2366,25.466,25.466,11.394,13.614,0.407,0.051,1,19.166,7.105,0.000,343,75531,2107,25449
2367,7.904,3.744,3.571,0.106,0.010,0.057,0,19.143,6.782,0.000,0,692,0,0
2368,24.623,24.623,11.546,12.604,0.421,0.052,1,19.143,6.782,0.000,343,75531,2108,25449
2369,8.744,4.303,4.141,0.106,0.011,0.045,0,18.869,6.781,0.000,0,692,0,0
2370,25.157,25.157,11.793,12.730,0.561,0.073,1,18.869,6.781,0.000,343,75531,2108,25449
2371,8.209,4.391,4.230,0.106,0.011,0.044,0,19.201,6.768,0.000,0,692,0,0
2372,25.126,25.126,11.699,12.808,0.559,0.059,1,19.201,6.768,0.000,344,75531,2110,25449
2373,8.247,3.686,3.511,0.105,0.013,0.057,0,21.337,8.373,0.000,0,692,0,0
2374,31.156,31.156,11.478,19.243,0.382,0.053,1,21.337,8.373,0.000,343,75531,2107,25449
2375,3.677,3.677,3.518,0.105,0.010,0.044,0,20.293,7.091,0.000,0,692,0,0
2376,23.137,23.137,10.362,12.356,0.341,0.078,1,20.293,7.091,0.000,343,75531,2108,25449
2377,8.767,3.730,3.559,0.106,0.013,0.051,0,21.342,7.769,0.000,0,692,0,0
2378,25.131,25.131,11.535,13.114,0.421,0.061,1,21.342,7.769,0.000,344,76131,2136,25449
2379,8.234,4.266,4.088,0.107,0.010,0.060,0,20.506,7.081,0.000,0,692,0,0
2380,24.065,24.065,11.253,12.374,0.373,0.064,1,20.506,7.081,0.000,344,76131,2130,25449
2381,9.293,5.511,5.338,0.111,0.012,0.049,0,21.191,6.875,0.000,0,692,0,0
2382,25.790,25.790,12.975,12.261,0.440,0.114,1,21.191,6.875,0.000,344,76131,2131,25449
2383,7.581,4.505,4.312,0.111,0.010,0.072,0,20.892,7.192,0.000,0,692,0,0
2384,24.165,24.165,11.040,12.394,0.620,0.111,1,20.892,7.192,0.000,344,76131,2131,25449
2385,9.212,3.798,3.592,0.106,0.011,0.089,0,22.037,7.636,0.000,0,692,0,0
2386,23.827,23.827,11.004,12.345,0.420,0.057,1,22.037,7.636,0.000,344,76131,2131,25449
2387,9.534,3.685,3.515,0.105,0.011,0.053,0,21.349,7.550,0.000,0,692,0,0
2388,24.618,24.618,11.603,12.467,0.479,0.069,1,21.349,7.550,0.000,344,76131,2130,25449
2389,8.741,4.081,3.915,0.108,0.011,0.047,0,19.903,8.219,0.000,0,692,0,0
2390,23.423,23.423,10.744,11.991,0.631,0.056,1,19.903,8.219,0.000,344,76131,2131,25449
2391,9.945,4.113,3.943,0.104,0.010,0.056,0,19.637,7.654,0.000,0,692,0,0
2392,23.229,23.229,10.556,12.101,0.502,0.070,1,19.637,7.654,0.000,344,76131,2131,25449
2393,10.137,4.125,3.967,0.106,0.009,0.043,0,20.366,6.984,0.000,0,692,0,0
2394,23.395,23.395,10.837,12.014,0.462,0.082,1,20.366,6.984,0.000,345,76131,2133,25449
2395,9.970,4.093,3.932,0.107,0.010,0.044,0,20.503,7.058,0.000,0,692,0,0
2396,23.183,23.183,10.841,11.856,0.434,0.052,1,20.503,7.058,0.000,342,76011,2123,25329
2397,10.186,4.140,3.966,0.105,0.012,0.057,0,20.148,6.908,0.000,0,692,0,0
2398,24.298,24.298,11.103,12.678,0.459,0.058,1,20.148,6.908,0.000,342,76011,2122,25329
2399,9.071,4.574,4.413,0.107,0.009,0.044,0,21.216,7.065,0.000,0,692,0,0
2400,23.748,23.748,11.053,12.101,0.511,0.083,1,21.216,7.065,0.000,342,76011,2123,25329
2401,9.614,4.060,3.904,0.104,0.009,0.044,0,20.532,7.754,0.000,0,692,0,0
2402,23.344,23.344,10.887,11.910,0.475,0.071,1,20.532,7.754,0.000,342,76011,2123,25329
2403,10.023,4.162,4.002,0.105,0.011,0.044,0,20.151,7.609,0.000,0,692,0,0
2404,23.212,23.212,10.641,12.003,0.503,0.065,1,20.151,7.609,0.000,342,76011,2123,25329
2405,10.159,4.313,4.138,0.107,0.011,0.056,0,19.274,8.328,0.000,0,692,0,0
2406,25.035,25.035,11.604,12.814,0.557,0.060,1,19.274,8.328,0.000,342,76011,2122,25329
2407,8.345,3.695,3.537,0.104,0.010,0.044,0,21.146,8.019,0.000,0,692,0,0
2408,23.172,23.172,10.577,12.097,0.417,0.082,1,21.146,8.019,0.000,342,76011,2123,25329
2409,10.185,3.815,3.655,0.105,0.009,0.046,0,20.659,7.797,0.000,0,692,0,0
2410,23.057,23.057,10.473,12.000,0.515,0.069,1,20.659,7.797,0.000,342,76011,2123,25329
2411,10.311,3.862,3.687,0.106,0.010,0.058,0,21.348,7.080,0.000,0,692,0,0
2412,24.288,24.288,11.364,12.309,0.554,0.060,1,21.348,7.080,0.000,342,76011,2123,25329
2413,9.070,4.932,4.758,0.113,0.013,0.047,0,21.096,6.976,0.000,0,692,0,0
2414,24.424,24.424,11.157,12.679,0.518,0.070,1,21.096,6.976,0.000,343,76011,2125,25329
2415,8.942,4.132,3.972,0.107,0.010,0.043,0,20.670,7.167,0.000,0,692,0,0
2416,23.007,23.007,10.660,11.951,0.330,0.066,1,20.670,7.167,0.000,342,76011,2122,25329
2417,10.358,4.248,4.074,0.106,0.009,0.059,0,21.155,6.971,0.000,0,692,0,0
2418,22.934,22.934,10.604,11.792,0.473,0.065,1,21.155,6.971,0.000,342,76011,2123,25329
2419,10.445,4.086,3.928,0.106,0.009,0.044,0,20.838,7.064,0.000,0,692,0,0
2420,23.646,23.646,11.015,12.025,0.539,0.066,1,20.838,7.064,0.000,342,76011,2123,25329
2421,9.715,4.286,4.124,0.107,0.010,0.045,0,19.474,8.157,0.000,0,692,0,0
2422,24.830,24.830,11.591,12.769,0.411,0.058,1,19.474,8.157,0.000,342,76011,2123,25329
2423,8.534,3.808,3.634,0.109,0.009,0.056,0,18.979,7.044,0.000,0,692,0,0
2424,25.083,25.083,11.747,12.751,0.525,0.060,1,18.979,7.044,0.000,342,76011,2122,25329
2425,8.295,3.597,3.438,0.106,0.009,0.044,0,21.133,8.049,0.000,0,692,0,0
2426,29.040,29.040,11.851,16.671,0.441,0.077,1,21.133,8.049,0.000,343,76015,2143,25329
2427,4.644,4.589,4.417,0.107,0.012,0.053,0,21.133,8.049,0.000,0,696,0,0
2428,32.121,32.121,14.854,16.740,0.466,0.061,1,20.292,5.599,2.921,343,76015,1729,25329
2429,4.229,4.229,4.038,0.110,0.012,0.069,0,20.292,5.599,2.921,0,696,0,0
2430,24.020,24.020,10.659,12.905,0.382,0.074,1,20.292,5.599,0.000,343,76015,2138,25329
2431,6.059,3.794,3.631,0.105,0.009,0.049,0,20.292,5.599,0.000,0,696,0,0
2432,28.755,28.755,13.553,14.625,0.489,0.088,1,21.937,7.135,0.000,343,76015,2138,25329
2433,4.590,4.263,4.089,0.108,0.014,0.053,0,21.937,7.135,0.000,0,696,0,0
2434,33.286,33.286,12.988,19.783,0.459,0.057,1,19.252,6.804,0.000,343,76015,2137,25329
2435,4.381,4.381,4.113,0.112,0.012,0.144,0,19.252,6.804,0.000,0,696,0,0
2436,24.947,24.947,11.516,12.966,0.349,0.116,1,19.252,6.804,0.000,344,76015,2140,25329
2437,4.629,4.629,4.391,0.107,0.009,0.123,0,19.252,6.804,0.000,0,696,0,0
2438,24.775,24.775,11.911,12.148,0.486,0.231,1,21.505,7.039,0.000,343,76015,2146,25329
2439,8.097,4.909,4.621,0.109,0.011,0.169,0,20.888,7.948,0.000,0,696,0,0
2440,26.661,26.661,12.458,13.640,0.351,0.212,1,20.888,7.948,0.000,343,76015,2145,25329
2441,6.694,3.979,3.551,0.106,0.010,0.313,0,20.792,7.328,0.000,0,696,0,0
2442,24.650,24.650,11.164,12.916,0.298,0.272,1,20.792,7.328,0.000,343,76015,2146,25329
2443,8.716,4.023,3.614,0.107,0.009,0.293,0,21.043,7.015,0.000,0,720,0,0
2444,25.503,25.503,11.012,13.596,0.471,0.424,1,21.043,7.015,0.000,343,75463,2138,25329
2445,7.863,4.038,3.609,0.105,0.009,0.314,0,21.503,6.910,0.000,0,768,0,0
2446,23.894,23.894,10.648,12.462,0.368,0.416,1,21.503,6.910,0.000,344,75511,2140,25329
2447,9.473,6.064,5.578,0.107,0.011,0.368,0,20.660,6.899,0.000,0,816,0,0
2448,28.687,28.687,13.284,14.791,0.347,0.264,1,19.618,7.110,0.000,343,75559,2137,25329
2449,4.683,4.019,3.657,0.109,0.010,0.243,0,19.618,7.110,0.000,0,860,0,0
2450,27.478,27.478,13.901,12.852,0.429,0.296,1,19.618,7.110,0.000,344,75579,2146,25329
2451,5.885,4.069,3.730,0.110,0.010,0.219,0,21.561,7.243,0.000,0,860,0,0
2452,26.872,26.872,13.529,12.735,0.402,0.206,1,21.561,7.243,0.000,344,75579,2146,25329
2453,6.490,5.473,5.060,0.116,0.015,0.282,0,21.693,7.544,0.000,0,860,0,0
2454,26.476,26.476,12.925,12.846,0.425,0.281,1,21.693,7.544,0.000,344,75579,2142,25329
2455,6.894,4.637,4.304,0.107,0.010,0.216,0,20.944,7.963,0.000,0,860,0,0
2456,24.728,24.728,11.461,12.532,0.427,0.307,1,20.944,7.963,0.000,344,75579,2141,25329
2457,8.643,4.508,4.186,0.106,0.011,0.205,0,22.061,6.902,0.000,0,860,0,0
2458,34.169,34.169,12.166,20.840,0.958,0.205,1,20.960,7.159,0.000,344,75579,2143,25329
2459,4.263,4.263,3.870,0.107,0.009,0.276,0,20.960,7.159,0.000,0,860,0,0
2460,25.401,25.401,11.611,13.213,0.332,0.245,1,20.960,7.159,0.000,344,75579,2142,25329
2461,4.676,4.676,4.289,0.108,0.014,0.266,0,20.458,7.131,0.000,0,860,0,0
2462,28.243,28.243,12.646,14.690,0.596,0.311,1,20.458,7.131,0.000,344,75579,2142,25329
2463,3.977,3.977,3.637,0.107,0.009,0.223,0,20.458,7.131,0.000,0,860,0,0
2464,30.252,30.252,14.704,14.796,0.361,0.390,1,19.967,7.235,0.000,344,75579,2142,25329
2465,4.919,4.919,4.007,0.108,0.010,0.793,0,19.967,7.235,0.000,0,860,0,0
2466,26.630,26.630,12.534,13.267,0.360,0.470,1,19.967,7.235,0.000,344,75579,2141,25329
2467,6.145,5.792,5.250,0.108,0.010,0.425,0,22.052,7.057,0.000,0,860,0,0
2468,28.889,28.889,14.963,12.898,0.434,0.593,1,22.052,7.057,0.000,344,75579,2142,25329
2469,4.224,4.224,3.694,0.109,0.009,0.412,0,20.783,8.178,0.000,0,860,0,0
2470,27.509,27.509,13.135,13.195,0.696,0.483,1,20.783,8.178,0.000,344,75579,2142,25329
2471,4.891,4.891,4.197,0.109,0.010,0.576,0,22.028,7.638,0.000,0,860,0,0
2472,26.182,26.182,12.561,12.871,0.293,0.457,1,22.028,7.638,0.000,344,75579,2142,25329
2473,6.572,3.939,3.406,0.108,0.009,0.415,0,22.251,7.492,0.000,0,860,0,0
2474,25.427,25.427,11.442,12.990,0.423,0.572,1,22.251,7.492,0.000,344,75579,2141,25329
2475,7.942,4.031,3.504,0.108,0.010,0.409,0,22.451,7.036,0.000,0,860,0,0
2476,28.215,28.215,14.220,12.753,0.673,0.568,1,22.451,7.036,0.000,344,75579,2142,25329
2477,5.134,4.449,3.815,0.109,0.010,0.514,0,20.963,7.613,0.000,0,860,0,0
2478,27.943,27.943,14.736,12.415,0.386,0.407,1,20.963,7.613,0.000,344,75579,2143,25329
2479,5.427,4.465,3.979,0.109,0.009,0.369,0,20.201,6.819,0.000,0,860,0,0
2480,27.824,27.824,13.310,13.624,0.370,0.521,1,20.201,6.819,0.000,344,75579,2142,25329
2481,5.543,4.040,3.578,0.108,0.011,0.344,0,22.232,7.363,0.000,0,860,0,0
2482,27.170,27.170,13.496,12.967,0.321,0.387,1,22.232,7.363,0.000,344,75579,2134,25329
2483,6.189,5.269,4.663,0.114,0.014,0.478,0,20.525,7.017,0.000,0,860,0,0
2484,25.597,25.597,11.947,12.840,0.438,0.373,1,20.525,7.017,0.000,344,75579,2133,25329
2485,7.778,4.563,4.079,0.110,0.014,0.360,0,21.216,7.213,0.000,0,860,0,0
2486,25.114,25.114,11.510,12.727,0.395,0.481,1,21.216,7.213,0.000,344,75579,2134,25329
2487,8.256,3.891,3.387,0.107,0.010,0.388,0,22.264,7.141,0.000,0,860,0,0
2488,25.351,25.351,10.914,13.659,0.338,0.442,1,22.264,7.141,0.000,344,75579,2135,25329
2489,8.013,4.102,3.529,0.108,0.009,0.457,0,21.780,7.182,0.000,0,860,0,0
2490,25.047,25.047,10.685,13.598,0.416,0.349,1,21.780,7.182,0.000,344,75579,2134,25329
2491,8.335,3.876,3.439,0.107,0.011,0.321,0,21.250,6.954,0.000,0,860,0,0
2492,27.546,27.546,13.810,12.750,0.545,0.440,1,21.250,6.954,0.000,344,75579,2133,25329
2493,5.805,4.125,3.725,0.109,0.009,0.282,0,20.824,7.101,0.000,0,860,0,0
2494,32.245,32.245,12.176,19.381,0.398,0.290,1,20.707,6.891,0.000,344,75579,2134,25329
2495,4.784,4.784,4.228,0.113,0.013,0.430,0,20.707,6.891,0.000,0,860,0,0
2496,24.565,24.565,10.874,12.952,0.424,0.315,1,20.707,6.891,0.000,344,75579,2134,25329
2497,5.405,4.235,3.860,0.107,0.010,0.258,0,20.707,6.891,0.000,0,860,0,0
2498,29.051,29.051,15.632,12.540,0.500,0.379,1,23.023,7.127,0.000,344,75579,2133,25329
2499,4.051,4.026,3.664,0.107,0.011,0.243,0,20.597,7.269,0.000,0,860,0,0
2500,27.073,27.073,12.638,13.731,0.356,0.349,1,20.597,7.269,0.000,344,75579,2135,25329
2501,6.302,4.490,4.111,0.108,0.011,0.261,0,21.649,7.694,0.000,0,860,0,0
2502,25.231,25.231,12.379,12.237,0.322,0.293,1,21.649,7.694,0.000,344,75579,2134,25329
2503,8.127,4.051,3.597,0.106,0.009,0.339,0,21.106,7.166,0.000,0,856,0,0
2504,24.890,24.890,11.464,12.754,0.374,0.298,1,21.106,7.166,0.000,343,75575,2126,25329
2505,8.478,3.938,3.562,0.104,0.011,0.260,0,21.124,7.174,0.000,0,696,0,0
2506,27.219,27.219,13.413,12.841,0.520,0.444,1,21.124,7.174,0.000,342,75415,2110,25329
2507,6.154,4.029,3.661,0.106,0.009,0.253,0,20.566,7.268,0.000,0,696,0,0
2508,24.770,24.770,11.875,12.224,0.385,0.286,1,20.566,7.268,0.000,342,75415,2111,25329
2509,8.586,4.236,3.761,0.106,0.012,0.357,0,20.001,6.922,0.000,0,696,0,0
2510,26.073,26.073,12.064,13.237,0.414,0.358,1,20.001,6.922,0.000,342,75415,2111,25329
2511,7.305,3.854,3.427,0.107,0.011,0.309,0,22.727,7.060,0.000,0,696,0,0
2512,23.781,23.781,10.673,12.283,0.393,0.432,1,22.727,7.060,0.000,342,75415,2111,25329
2513,9.575,5.772,5.365,0.106,0.009,0.292,0,22.493,7.834,0.000,0,696,0,0
2514,24.726,24.726,11.846,12.021,0.544,0.315,1,22.493,7.834,0.000,342,75415,2111,25329
2515,8.639,4.574,4.081,0.107,0.011,0.375,0,20.196,7.437,0.000,0,696,0,0
2516,26.754,26.754,11.919,14.154,0.364,0.317,1,20.196,7.437,0.000,342,75415,2110,25329
2517,6.616,4.581,4.178,0.107,0.010,0.285,0,21.279,7.394,0.000,0,696,0,0
2518,24.901,24.901,11.287,12.882,0.317,0.415,1,21.279,7.394,0.000,342,75415,2111,25329
2519,8.486,4.169,3.777,0.105,0.009,0.278,0,21.497,7.189,0.000,0,696,0,0
2520,28.020,28.020,13.877,13.373,0.461,0.309,1,21.497,7.189,0.000,342,75415,2112,25329
2521,5.836,5.836,5.338,0.115,0.015,0.369,0,21.424,7.204,0.000,0,696,0,0
2522,24.411,24.411,11.107,12.633,0.409,0.262,1,21.424,7.204,0.000,342,75415,2111,25329
2523,8.754,4.681,4.379,0.107,0.012,0.183,0,22.625,7.141,0.000,0,696,0,0
2524,25.824,25.824,12.764,12.377,0.457,0.226,1,22.625,7.141,0.000,342,75415,2110,25329
2525,7.235,4.554,4.192,0.111,0.011,0.240,0,20.330,7.143,0.000,0,696,0,0
2526,24.862,24.862,11.323,12.764,0.533,0.242,1,20.330,7.143,0.000,342,75415,2111,25329
2527,8.518,3.769,3.364,0.106,0.009,0.290,0,22.018,7.135,0.000,0,696,0,0
2528,26.643,26.643,12.249,13.569,0.568,0.255,1,22.018,7.135,0.000,342,75415,2111,25329
2529,6.737,4.903,4.544,0.113,0.013,0.233,0,22.376,7.219,0.000,0,696,0,0
2530,26.431,26.431,11.417,14.140,0.531,0.342,1,22.376,7.219,0.000,342,75415,2111,25329
2531,6.912,4.420,4.081,0.107,0.010,0.222,0,21.337,7.392,0.000,0,696,0,0
2532,24.779,24.779,11.938,12.299,0.320,0.222,1,21.337,7.392,0.000,342,75415,2110,25329
2533,8.590,3.754,3.357,0.105,0.009,0.282,0,20.270,7.080,0.000,0,696,0,0
2534,24.390,24.390,11.143,12.605,0.418,0.225,1,20.270,7.080,0.000,342,75415,2111,25329
2535,8.973,3.701,3.391,0.106,0.010,0.194,0,20.088,7.021,0.000,0,696,0,0
2536,24.495,24.495,11.142,12.677,0.388,0.288,1,20.088,7.021,0.000,342,75415,2111,25329
2537,8.872,3.566,3.254,0.105,0.011,0.196,0,20.723,6.793,0.000,0,696,0,0
2538,25.430,25.430,12.223,12.506,0.489,0.212,1,20.723,6.793,0.000,342,75415,2111,25329
2539,7.950,3.802,3.455,0.105,0.011,0.231,0,20.567,6.921,0.000,0,696,0,0
2540,26.735,26.735,13.087,12.851,0.527,0.269,1,20.567,6.921,0.000,343,75439,2126,25329
2541,6.615,4.076,3.727,0.109,0.009,0.232,0,20.745,7.110,0.000,0,744,0,0
2542,26.367,26.367,12.657,12.906,0.485,0.319,1,20.745,7.110,0.000,343,75487,2125,25329
2543,7.003,4.076,3.734,0.107,0.012,0.223,0,20.373,7.090,0.000,0,792,0,0
2544,27.433,27.433,13.143,13.696,0.343,0.251,1,20.373,7.090,0.000,343,75535,2126,25329
2545,5.935,4.014,3.599,0.106,0.009,0.299,0,21.011,7.271,0.000,0,840,0,0
2546,27.270,27.270,11.313,15.320,0.387,0.249,1,21.011,7.271,0.000,344,75587,2140,25329
2547,6.098,4.805,4.468,0.109,0.010,0.217,0,22.002,6.973,0.000,0,892,0,0
2548,25.263,25.263,12.286,12.293,0.301,0.383,1,22.002,6.973,0.000,344,75635,2135,25329
2549,8.103,5.139,4.758,0.122,0.011,0.248,0,21.306,6.983,0.000,0,940,0,0
2550,25.621,25.621,11.925,12.932,0.488,0.276,1,21.306,6.983,0.000,344,75683,2134,25329
2551,7.755,4.109,3.663,0.108,0.009,0.328,0,22.910,7.336,0.000,0,988,0,0
2552,24.159,24.159,10.838,12.558,0.414,0.348,1,22.910,7.336,0.000,344,75731,2136,25329
2553,9.203,4.059,3.684,0.107,0.010,0.258,0,22.548,7.142,0.000,0,1028,0,0
2554,31.205,31.205,11.478,18.907,0.435,0.385,1,20.072,6.884,0.000,344,75747,2135,25329
2555,4.167,4.167,3.792,0.108,0.009,0.259,0,20.072,6.884,0.000,0,1028,0,0
2556,23.547,23.547,10.554,12.291,0.379,0.324,1,20.072,6.884,0.000,344,75747,2134,25329
2557,7.813,4.087,3.570,0.107,0.010,0.400,0,22.523,6.912,0.000,0,1028,0,0
2558,24.130,24.130,10.964,12.319,0.538,0.309,1,22.523,6.912,0.000,344,75747,2135,25329
2559,9.242,4.013,3.621,0.107,0.012,0.273,0,22.393,7.884,0.000,0,1028,0,0
2560,24.257,24.257,11.061,12.315,0.474,0.407,1,22.393,7.884,0.000,344,75747,2143,25329
2561,9.095,5.663,5.264,0.108,0.010,0.282,0,21.916,7.635,0.000,0,1028,0,0
2562,24.857,24.857,11.970,12.112,0.454,0.321,1,21.916,7.635,0.000,344,75747,2148,25329
2563,8.513,5.365,4.908,0.109,0.010,0.339,0,20.725,7.776,0.000,0,1068,0,0
2564,27.382,27.382,12.194,14.551,0.386,0.251,1,20.725,7.776,0.000,346,75791,2176,25329
2565,5.983,4.891,4.549,0.113,0.010,0.219,0,22.047,7.365,0.000,0,1072,0,0
2566,25.190,25.190,11.539,13.049,0.304,0.297,1,22.047,7.365,0.000,346,75791,2170,25329
2567,8.182,4.033,3.656,0.109,0.009,0.258,0,21.533,7.129,0.000,0,1072,0,0
2568,25.229,25.229,12.240,12.310,0.430,0.249,1,21.533,7.129,0.000,344,75747,2147,25329
2569,8.136,4.138,3.671,0.108,0.009,0.350,0,20.718,7.020,0.000,0,1028,0,0
2570,25.234,25.234,12.150,12.296,0.457,0.331,1,20.718,7.020,0.000,344,75747,2147,25329
2571,8.131,3.990,3.514,0.107,0.010,0.358,0,20.745,6.916,0.000,0,1028,0,0
2572,28.278,28.278,14.168,13.097,0.534,0.479,1,20.745,6.916,0.000,345,75747,2149,25329
2573,5.085,4.293,3.860,0.107,0.010,0.317,0,21.061,7.203,0.000,0,1028,0,0
2574,27.422,27.422,12.042,14.690,0.344,0.346,1,21.061,7.203,0.000,344,75747,2146,25329
2575,5.948,4.086,3.538,0.106,0.013,0.428,0,21.436,7.096,0.000,0,1028,0,0
2576,25.076,25.076,11.249,13.146,0.338,0.343,1,21.436,7.096,0.000,344,75747,2147,25329
2577,8.292,5.382,4.936,0.109,0.010,0.327,0,20.599,7.038,0.000,0,1028,0,0
2578,25.379,25.379,11.586,13.007,0.340,0.446,1,20.599,7.038,0.000,344,75747,2147,25329
2579,7.986,4.815,4.418,0.109,0.011,0.277,0,21.369,6.916,0.000,0,1028,0,0
2580,25.236,25.236,11.649,12.901,0.385,0.301,1,21.369,6.916,0.000,344,75747,2147,25329
2581,8.151,4.771,3.858,0.122,0.014,0.777,0,20.695,7.149,0.000,0,1028,0,0
2582,27.591,27.591,12.665,14.192,0.412,0.322,1,20.695,7.149,0.000,344,75747,2147,25329
2583,5.775,5.487,5.074,0.111,0.012,0.290,0,19.542,7.153,0.000,0,1028,0,0
2584,26.229,26.229,12.416,12.972,0.441,0.401,1,19.542,7.153,0.000,344,75747,2146,25329
2585,7.129,3.993,3.589,0.107,0.011,0.287,0,23.090,7.981,0.000,0,1028,0,0
2586,24.488,24.488,11.080,12.445,0.412,0.551,1,23.090,7.981,0.000,342,75415,2123,25329
2587,8.885,4.148,3.487,0.106,0.011,0.544,0,22.175,7.299,0.000,0,696,0,0
2588,26.448,26.448,13.189,12.270,0.482,0.507,1,22.175,7.299,0.000,342,75415,2123,25329
2589,6.903,4.196,3.659,0.106,0.010,0.422,0,20.637,7.263,0.000,0,696,0,0
2590,27.427,27.427,11.734,14.721,0.348,0.624,1,20.637,7.263,0.000,342,75415,2123,25329
2591,5.950,3.978,3.441,0.105,0.011,0.420,0,23.131,7.078,0.000,0,696,0,0
2592,25.158,25.158,12.016,12.361,0.337,0.445,1,23.131,7.078,0.000,342,75415,2122,25329
2593,8.197,4.764,4.080,0.106,0.012,0.566,0,21.218,7.161,0.000,0,696,0,0
2594,24.792,24.792,10.457,13.506,0.392,0.437,1,21.218,7.161,0.000,343,75415,2125,25329
2595,8.580,4.546,4.038,0.110,0.010,0.388,0,21.580,7.094,0.000,0,696,0,0
2596,28.497,28.497,14.329,13.126,0.513,0.529,1,21.580,7.094,0.000,342,75415,2123,25329
2597,4.862,4.029,3.560,0.107,0.010,0.353,0,20.165,8.631,0.000,0,696,0,0
2598,26.883,26.883,13.390,12.742,0.354,0.396,1,20.165,8.631,0.000,342,75415,2123,25329
2599,6.481,5.233,3.901,0.142,0.015,1.174,0,22.075,7.287,0.000,0,696,0,0
2600,24.807,24.807,11.150,12.960,0.286,0.411,1,22.075,7.287,0.000,342,75415,2122,25329
2601,8.572,6.268,5.659,0.106,0.009,0.494,0,19.006,6.886,0.000,0,696,0,0
2602,26.192,26.192,13.211,12.220,0.397,0.364,1,19.006,6.886,0.000,342,75415,2123,25329
2603,7.167,3.971,3.518,0.107,0.010,0.337,0,20.017,6.937,0.000,0,696,0,0
2604,24.700,24.700,11.629,12.057,0.509,0.504,1,20.017,6.937,0.000,342,75411,2110,25329
2605,8.676,4.545,4.074,0.110,0.011,0.349,0,22.757,6.737,0.000,0,692,0,0
2606,26.081,26.081,12.872,12.235,0.560,0.414,1,22.757,6.737,0.000,341,75411,2108,25329
2607,7.276,4.503,3.926,0.106,0.010,0.462,0,20.805,7.749,0.000,0,692,0,0
2608,25.020,25.020,12.072,12.001,0.601,0.346,1,20.805,7.749,0.000,341,75411,2109,25329
2609,8.349,4.008,3.549,0.105,0.013,0.341,0,19.359,7.958,0.000,0,692,0,0
2610,26.831,26.831,13.428,12.624,0.359,0.420,1,19.359,7.958,0.000,341,75411,2108,25329
2611,6.533,6.028,5.585,0.110,0.016,0.317,0,21.753,7.171,0.000,0,692,0,0
2612,28.371,28.371,13.727,13.890,0.415,0.339,1,21.753,7.171,0.000,341,75411,2109,25329
2613,5.590,5.590,5.040,0.110,0.015,0.424,0,20.524,7.842,0.000,0,692,0,0
2614,33.148,33.148,11.657,20.641,0.508,0.341,1,19.437,6.766,0.000,341,75411,2108,25329
2615,4.795,4.795,4.338,0.110,0.015,0.333,0,19.437,6.766,0.000,0,692,0,0
2616,28.872,28.872,15.775,12.278,0.345,0.475,1,19.339,6.937,0.000,341,75411,2110,25329
2617,4.485,4.485,4.007,0.109,0.014,0.356,0,19.339,6.937,0.000,0,692,0,0
2618,24.742,24.742,10.788,13.035,0.578,0.342,1,19.339,6.937,0.000,341,75411,2109,25329
2619,3.875,3.875,3.355,0.105,0.010,0.406,0,19.339,6.937,0.000,0,692,0,0
2620,28.510,28.510,15.635,12.171,0.366,0.339,1,21.860,8.167,0.000,341,75411,2113,25329
2621,4.654,4.654,4.239,0.104,0.012,0.299,0,20.640,7.237,0.000,0,692,0,0
2622,29.660,29.660,14.050,14.786,0.402,0.422,1,19.478,7.256,0.000,341,75411,2113,25329
2623,4.465,4.465,4.026,0.110,0.011,0.319,0,19.478,7.256,0.000,0,692,0,0
2624,24.545,24.545,10.626,13.046,0.502,0.371,1,19.478,7.256,0.000,341,75411,2112,25329
2625,7.860,6.967,6.477,0.105,0.010,0.377,0,22.162,7.020,0.000,0,692,0,0
2626,23.871,23.871,10.931,12.135,0.473,0.332,1,22.162,7.020,0.000,342,75411,2115,25329
2627,9.500,3.940,3.529,0.107,0.010,0.295,0,21.518,8.391,0.000,0,692,0,0
2628,25.471,25.471,12.630,11.957,0.452,0.432,1,21.518,8.391,0.000,341,75411,2113,25329
2629,7.894,3.994,3.601,0.105,0.010,0.278,0,19.668,7.860,0.000,0,692,0,0
2630,24.893,24.893,12.201,11.799,0.516,0.378,1,19.668,7.860,0.000,341,75411,2113,25329
2631,8.469,4.256,3.781,0.106,0.010,0.360,0,20.211,6.910,0.000,0,692,0,0
2632,26.591,26.591,13.135,12.715,0.383,0.357,1,20.211,6.910,0.000,341,75411,2112,25329
2633,6.776,3.996,3.573,0.105,0.009,0.308,0,18.921,7.095,0.000,0,692,0,0
2634,27.206,27.206,13.034,13.342,0.395,0.436,1,18.921,7.095,0.000,341,75411,2113,25329
2635,6.163,3.830,3.409,0.106,0.010,0.305,0,18.755,6.955,0.000,0,692,0,0
2636,25.543,25.543,12.040,12.744,0.411,0.348,1,18.755,6.955,0.000,342,75411,2115,25329
2637,7.836,4.644,4.098,0.110,0.012,0.424,0,22.949,7.070,0.000,0,692,0,0
2638,28.372,28.372,11.139,16.446,0.443,0.343,1,19.954,6.459,1.752,341,75411,1787,25329
2639,4.980,4.233,3.806,0.105,0.009,0.313,0,19.954,6.459,1.752,0,692,0,0
2640,24.985,24.985,10.683,13.598,0.287,0.416,1,19.954,6.459,0.000,341,75411,2112,25329
2641,8.384,4.575,4.160,0.105,0.016,0.294,0,21.199,6.813,0.000,0,692,0,0
2642,24.386,24.386,11.047,12.641,0.386,0.311,1,21.199,6.813,0.000,341,75411,2113,25329
2643,9.075,3.866,3.374,0.105,0.010,0.377,0,21.381,7.061,0.000,0,692,0,0
2644,25.769,25.769,12.091,12.952,0.425,0.301,1,21.381,7.061,0.000,341,75411,2113,25329
2645,7.549,3.743,3.343,0.104,0.010,0.286,0,21.514,7.236,0.000,0,692,0,0
2646,25.860,25.860,12.723,12.394,0.381,0.362,1,21.514,7.236,0.000,342,75411,2115,25329
2647,7.466,3.716,3.387,0.105,0.011,0.214,0,21.484,7.295,0.000,0,692,0,0
2648,23.337,23.337,10.662,12.090,0.420,0.165,1,21.484,7.295,0.000,341,75411,2113,25329
2649,10.028,3.812,3.519,0.105,0.010,0.179,0,21.713,6.954,0.000,0,692,0,0
2650,25.323,25.323,10.962,13.785,0.419,0.156,1,21.713,6.954,0.000,341,75411,2112,25329
2651,8.056,3.656,3.391,0.104,0.015,0.146,0,20.214,7.018,0.000,0,692,0,0
2652,24.608,24.608,10.939,13.107,0.367,0.195,1,20.214,7.018,0.000,341,75411,2113,25329
2653,8.763,3.620,3.387,0.104,0.010,0.120,0,22.145,7.297,0.000,0,692,0,0
2654,24.366,24.366,11.209,12.518,0.475,0.164,1,22.145,7.297,0.000,341,75411,2113,25329
2655,8.989,3.773,3.514,0.104,0.012,0.143,0,22.472,7.831,0.000,0,692,0,0
2656,27.500,27.500,13.255,13.706,0.416,0.123,1,22.472,7.831,0.000,342,75411,2115,25329
2657,5.861,4.132,3.911,0.105,0.010,0.105,0,21.393,7.298,0.000,0,692,0,0
2658,23.780,23.780,10.765,12.490,0.365,0.160,1,21.393,7.298,0.000,341,75411,2112,25329
2659,9.597,3.739,3.521,0.104,0.009,0.104,0,20.277,7.860,0.000,0,692,0,0
2660,23.771,23.771,10.977,12.175,0.480,0.140,1,20.277,7.860,0.000,341,75411,2113,25329
2661,9.593,3.739,3.499,0.105,0.010,0.125,0,20.552,7.855,0.000,0,692,0,0
2662,23.891,23.891,11.151,12.022,0.549,0.168,1,20.552,7.855,0.000,341,75411,2113,25329
2663,9.474,3.873,3.645,0.105,0.010,0.113,0,21.681,7.200,0.000,0,692,0,0
2664,23.336,23.336,10.593,12.057,0.511,0.176,1,21.681,7.200,0.000,341,75411,2113,25329
2665,10.027,3.627,3.399,0.105,0.010,0.114,0,21.491,6.979,0.000,0,692,0,0
2666,24.397,24.397,11.348,12.445,0.473,0.131,1,21.491,6.979,0.000,342,75415,2126,25329
2667,8.974,3.774,3.510,0.106,0.010,0.148,0,21.304,6.896,0.000,0,696,0,0
2668,23.569,23.569,10.545,12.293,0.586,0.145,1,21.304,6.896,0.000,342,75415,2128,25329
2669,9.796,3.882,3.658,0.108,0.009,0.107,0,21.563,7.135,0.000,0,696,0,0
2670,23.805,23.805,10.740,12.391,0.482,0.192,1,21.563,7.135,0.000,342,75415,2127,25329
2671,9.563,3.838,3.636,0.105,0.014,0.083,0,22.209,6.962,0.000,0,696,0,0
2672,23.730,23.730,10.769,12.359,0.490,0.112,1,22.209,6.962,0.000,342,75415,2127,25329
2673,9.639,3.843,3.619,0.107,0.010,0.107,0,21.883,7.815,0.000,0,696,0,0
2674,23.450,23.450,10.552,12.321,0.470,0.107,1,21.883,7.815,0.000,342,75415,2127,25329
2675,9.910,3.775,3.575,0.109,0.010,0.081,0,20.139,8.154,0.000,0,696,0,0
2676,23.445,23.445,10.566,12.215,0.530,0.134,1,20.139,8.154,0.000,342,75415,2126,25329
2677,9.920,3.790,3.591,0.107,0.010,0.082,0,20.697,7.621,0.000,0,696,0,0
2678,23.538,23.538,10.706,12.143,0.555,0.133,1,20.697,7.621,0.000,342,75415,2127,25329
2679,9.835,3.755,3.510,0.105,0.011,0.129,0,21.210,7.132,0.000,0,696,0,0
2680,23.496,23.496,10.816,12.037,0.522,0.120,1,21.210,7.132,0.000,342,75415,2127,25329
2681,9.874,3.840,3.625,0.106,0.012,0.098,0,21.457,7.062,0.000,0,696,0,0
2682,25.063,25.063,12.314,12.172,0.432,0.144,1,21.457,7.062,0.000,342,75415,2127,25329
2683,8.288,4.820,4.579,0.113,0.011,0.118,0,20.535,6.774,0.000,0,696,0,0
2684,24.183,24.183,11.238,12.213,0.604,0.128,1,20.535,6.774,0.000,342,75415,2126,25329
2685,9.198,3.934,3.690,0.108,0.010,0.126,0,21.454,7.046,0.000,0,720,0,0
2686,24.295,24.295,11.301,12.430,0.445,0.119,1,21.454,7.046,0.000,343,75463,2143,25329
2687,9.066,3.826,3.619,0.108,0.010,0.089,0,21.871,7.112,0.000,0,768,0,0
2688,24.210,24.210,11.166,12.381,0.516,0.147,1,21.871,7.112,0.000,343,75511,2144,25329
2689,9.166,3.867,3.666,0.106,0.010,0.085,0,21.096,8.148,0.000,0,816,0,0
2690,23.958,23.958,11.142,12.232,0.471,0.113,1,21.096,8.148,0.000,343,75559,2143,25329
2691,9.398,3.852,3.620,0.108,0.012,0.113,0,20.237,8.184,0.000,0,864,0,0
2692,24.659,24.659,11.826,12.230,0.503,0.100,1,20.237,8.184,0.000,343,75607,2142,25329
2693,8.708,4.431,4.134,0.109,0.013,0.174,0,19.737,7.640,0.000,0,912,0,0
2694,26.782,26.782,12.553,13.629,0.399,0.201,1,19.737,7.640,0.000,343,75655,2143,25329
2695,6.584,3.870,3.588,0.106,0.011,0.165,0,21.263,7.216,0.000,0,960,0,0
2696,24.732,24.732,10.743,13.496,0.309,0.185,1,21.263,7.216,0.000,344,75699,2151,25329
2697,8.633,3.928,3.611,0.107,0.016,0.194,0,20.091,7.100,0.000,0,980,0,0
2698,24.865,24.865,11.370,12.919,0.362,0.214,1,20.091,7.100,0.000,345,75699,2153,25329
2699,8.501,4.269,4.005,0.107,0.011,0.145,0,20.608,6.810,0.000,0,980,0,0
2700,27.093,27.093,12.830,13.628,0.414,0.220,1,20.608,6.810,0.000,344,75699,2151,25329
2701,6.287,4.151,3.947,0.108,0.009,0.087,0,21.042,7.147,0.000,0,980,0,0
2702,24.254,24.254,11.356,12.389,0.380,0.128,1,21.042,7.147,0.000,344,75699,2150,25329
2703,9.103,4.325,4.120,0.108,0.010,0.087,0,20.505,7.252,0.000,0,980,0,0
2704,23.660,23.660,11.064,11.999,0.464,0.133,1,20.505,7.252,0.000,344,75699,2151,25329
2705,9.700,5.330,5.025,0.110,0.010,0.185,0,20.253,7.481,0.000,0,980,0,0
2706,24.259,24.259,11.413,12.200,0.466,0.180,1,20.253,7.481,0.000,344,75699,2151,25329
2707,9.138,5.282,4.986,0.110,0.010,0.176,0,20.369,7.634,0.000,0,980,0,0
2708,26.432,26.432,13.233,12.239,0.472,0.489,1,20.369,7.634,0.000,344,75699,2151,25329
2709,6.915,5.755,5.303,0.110,0.039,0.303,0,19.693,7.666,0.000,0,980,0,0
2710,24.866,24.866,11.746,12.296,0.464,0.360,1,19.693,7.666,0.000,344,75699,2150,25329
2711,8.496,4.126,3.591,0.109,0.009,0.417,0,22.258,7.130,0.000,0,980,0,0
2712,25.715,25.715,11.254,13.691,0.431,0.338,1,22.258,7.130,0.000,344,75699,2151,25329
2713,7.666,3.909,3.478,0.107,0.009,0.315,0,21.376,7.582,0.000,0,980,0,0
2714,27.703,27.703,13.900,12.775,0.580,0.447,1,21.376,7.582,0.000,344,75699,2151,25329
2715,5.648,4.239,3.835,0.108,0.010,0.286,0,20.776,7.321,0.000,0,980,0,0
2716,26.123,26.123,11.950,13.393,0.451,0.329,1,20.776,7.321,0.000,344,75699,2151,25329
2717,7.254,4.170,3.666,0.107,0.011,0.387,0,23.205,7.168,0.000,0,980,0,0
2718,25.102,25.102,10.734,13.510,0.525,0.333,1,23.205,7.168,1.545,345,75699,1860,25329
2719,8.261,5.363,4.960,0.108,0.010,0.285,0,21.067,6.839,1.545,0,980,0,0
2720,25.783,25.783,12.839,12.089,0.371,0.483,1,21.067,6.839,0.000,344,75699,2150,25329
2721,7.577,3.979,3.578,0.108,0.009,0.284,0,19.258,8.009,0.000,0,980,0,0
2722,30.024,30.024,14.920,14.460,0.329,0.316,1,20.404,7.568,0.000,344,75699,2151,25329
2723,4.767,4.767,4.170,0.111,0.012,0.474,0,20.404,7.568,0.000,0,980,0,0
2724,24.622,24.622,10.933,12.940,0.422,0.327,1,20.404,7.568,0.000,344,75699,2151,25329
2725,7.326,3.983,3.570,0.108,0.011,0.295,0,20.404,7.568,0.000,0,980,0,0
2726,26.408,26.408,13.419,12.091,0.475,0.422,1,21.955,8.153,0.000,344,75699,2151,25329
2727,6.957,4.229,3.834,0.108,0.012,0.276,0,20.036,7.975,0.000,0,980,0,0
2728,26.938,26.938,12.779,13.490,0.343,0.326,1,20.036,7.975,0.000,344,75699,2150,25329
2729,6.437,4.061,3.551,0.108,0.009,0.393,0,21.226,7.208,0.000,0,980,0,0
2730,27.025,27.025,13.570,12.705,0.384,0.365,1,21.226,7.208,0.000,344,75699,2151,25329
2731,6.332,4.114,3.684,0.107,0.009,0.313,0,20.871,7.625,0.000,0,980,0,0
2732,26.331,26.331,11.838,13.586,0.484,0.422,1,20.871,7.625,0.000,344,75699,2151,25329
2733,7.046,3.914,3.504,0.108,0.012,0.289,0,23.345,7.430,0.000,0,980,0,0
2734,25.783,25.783,11.038,13.991,0.433,0.321,1,23.345,7.430,1.784,344,75699,1847,25329
2735,7.577,4.231,3.746,0.108,0.010,0.368,0,22.824,6.983,1.784,0,980,0,0
2736,25.385,25.385,10.921,13.850,0.339,0.275,1,22.824,6.983,1.871,344,75699,1784,25329
2737,7.980,3.884,3.501,0.107,0.010,0.265,0,21.572,7.164,1.871,0,980,0,0
2738,24.168,24.168,11.011,12.270,0.404,0.484,1,21.572,7.164,0.000,344,75699,2150,25329
2739,9.205,3.862,3.464,0.107,0.010,0.281,0,21.939,7.597,0.000,0,980,0,0
2740,24.023,24.023,10.856,12.365,0.488,0.315,1,21.939,7.597,0.000,344,75699,2152,25329
2741,9.335,4.063,3.573,0.109,0.011,0.370,0,22.397,7.120,0.000,0,980,0,0
2742,24.022,24.022,10.999,12.231,0.467,0.324,1,22.397,7.120,0.000,344,75699,2151,25329
2743,9.354,3.926,3.516,0.107,0.013,0.291,0,22.402,7.138,0.000,0,980,0,0
2744,24.388,24.388,10.864,12.641,0.493,0.390,1,22.402,7.138,0.000,344,75699,2151,25329
2745,8.976,3.846,3.461,0.107,0.009,0.268,0,22.691,7.113,0.000,0,980,0,0
2746,27.040,27.040,13.164,13.126,0.420,0.331,1,22.691,7.113,0.000,344,75699,2150,25329
2747,6.327,4.334,3.854,0.109,0.011,0.361,0,22.690,7.260,0.000,0,980,0,0
2748,27.102,27.102,11.382,15.121,0.326,0.274,1,22.690,7.260,0.000,344,75699,2151,25329
2749,6.258,3.864,3.483,0.108,0.010,0.263,0,20.888,7.234,0.000,0,980,0,0
2750,25.431,25.431,11.704,13.097,0.261,0.369,1,20.888,7.234,0.000,344,75699,2152,25329
2751,7.934,4.387,4.000,0.107,0.010,0.270,0,20.925,6.947,0.000,0,980,0,0
2752,25.307,25.307,11.614,12.824,0.591,0.278,1,20.925,6.947,0.000,344,75699,2151,25329
2753,8.085,4.981,4.468,0.108,0.012,0.392,0,20.586,6.949,0.000,0,980,0,0
2754,25.958,25.958,12.029,13.249,0.342,0.338,1,20.586,6.949,0.000,344,75699,2151,25329
2755,7.483,4.990,3.927,0.725,0.012,0.327,0,21.039,7.143,0.000,0,980,0,0
2756,30.691,30.691,15.039,14.762,0.448,0.442,1,21.039,7.143,0.000,344,75699,2150,25329
2757,6.397,6.397,5.967,0.108,0.012,0.310,0,21.641,7.007,0.000,0,980,0,0
2758,34.736,34.736,22.083,11.990,0.334,0.329,1,21.641,7.007,0.000,344,75699,2151,25329
2759,9.084,9.084,8.478,0.113,0.015,0.477,0,23.178,12.448,0.000,0,976,0,0
2760,4.548,4.548,4.094,0.112,0.010,0.333,0,23.178,12.448,0.000,0,976,0,0
2761,33.622,33.622,15.281,17.404,0.504,0.432,1,23.178,12.448,2.524,349,76071,1726,25329
2762,4.667,4.667,4.094,0.110,0.010,0.453,0,25.140,6.036,2.524,0,1528,0,0
2763,29.838,29.838,14.207,14.862,0.403,0.366,1,20.302,6.544,2.486,348,76247,1731,25329
2764,4.847,4.847,4.392,0.112,0.009,0.333,0,20.302,6.544,2.486,0,1528,0,0
2765,8.302,4.993,4.438,0.122,0.007,0.426,0,20.302,6.544,2.486,0,1528,0,0
2766,27.512,27.512,12.928,13.832,0.377,0.374,1,20.302,6.544,0.000,348,76247,2203,25329
2767,6.096,6.096,5.653,0.113,0.013,0.316,0,20.302,6.544,0.000,0,1528,0,0
2768,16.445,8.027,7.686,0.111,0.008,0.222,0,29.327,8.148,0.000,0,1528,0,0
2769,28.437,28.437,11.543,16.189,0.455,0.249,1,22.072,4.288,4.522,348,76247,1658,25329
2770,4.927,4.873,4.509,0.117,0.013,0.234,0,22.072,4.288,4.522,0,1528,0,0
2771,29.875,29.875,13.934,15.270,0.450,0.220,1,20.050,6.279,2.012,348,76247,1871,25329
2772,4.388,4.388,4.106,0.113,0.012,0.158,0,20.050,6.279,2.012,0,1528,0,0
2773,29.895,29.895,14.439,14.870,0.414,0.171,1,20.050,6.279,0.000,348,76247,2189,25329
2774,4.525,4.525,4.218,0.112,0.010,0.184,0,22.123,7.376,0.000,0,1528,0,0
2775,27.615,27.615,12.960,14.049,0.456,0.151,1,22.123,7.376,0.000,348,76247,2189,25329
2776,4.436,4.436,4.176,0.114,0.010,0.136,0,19.813,6.832,0.000,0,1528,0,0
2777,26.545,26.545,12.528,13.516,0.311,0.190,1,19.813,6.832,0.000,348,76247,2188,25329
2778,6.192,4.847,4.606,0.114,0.011,0.117,0,19.663,7.042,0.000,0,1528,0,0
2779,25.665,25.665,12.215,12.966,0.354,0.130,1,19.663,7.042,0.000,348,76247,2189,25329
2780,7.702,4.860,4.552,0.112,0.009,0.187,0,19.123,7.096,0.000,0,1528,0,0
2781,24.591,24.591,11.175,12.872,0.407,0.138,1,19.123,7.096,0.000,348,76247,2189,25329
2782,8.776,5.352,5.084,0.114,0.019,0.135,0,21.299,6.952,0.000,0,1528,0,0
2783,25.783,25.783,12.657,12.481,0.494,0.151,1,21.299,6.952,0.000,349,76247,2191,25329
2784,7.585,4.613,4.322,0.114,0.017,0.161,0,21.252,7.225,0.000,0,1528,0,0
2785,23.587,23.587,10.760,12.159,0.293,0.375,1,21.252,7.225,0.000,348,76247,2189,25329
2786,9.777,5.077,4.787,0.115,0.015,0.160,0,21.982,6.918,0.000,0,1528,0,0
2787,25.552,25.552,12.706,12.331,0.385,0.130,1,21.982,6.918,0.000,348,76247,2188,25329
2788,7.812,4.179,3.946,0.114,0.009,0.110,0,19.942,6.884,0.000,0,1528,0,0
2789,26.516,26.516,13.860,12.139,0.362,0.156,1,19.942,6.884,0.000,348,76247,2189,25329
2790,6.852,4.238,4.009,0.112,0.010,0.108,0,19.229,6.826,0.000,0,1528,0,0
2791,25.987,25.987,12.316,13.196,0.359,0.116,1,19.229,6.826,0.000,348,76247,2189,25329
2792,7.379,5.611,5.310,0.113,0.015,0.173,0,20.519,7.071,0.000,0,1528,0,0
2793,26.107,26.107,13.210,12.289,0.500,0.108,1,20.519,7.071,0.000,348,76247,2189,25329
2794,7.259,5.028,4.801,0.118,0.015,0.093,0,19.855,6.955,0.000,0,1528,0,0
2795,26.151,26.151,12.827,12.879,0.331,0.115,1,19.855,6.955,0.000,348,76247,2189,25329
2796,7.212,4.752,4.524,0.134,0.011,0.083,0,19.583,7.066,0.000,0,1528,0,0
2797,25.501,25.501,11.525,13.505,0.383,0.088,1,19.583,7.066,0.000,348,76247,2188,25329
2798,7.872,4.249,4.025,0.112,0.009,0.104,0,19.514,6.879,0.000,0,1528,0,0
2799,25.874,25.874,11.656,13.765,0.338,0.114,1,19.514,6.879,0.000,348,76247,2189,25329
2800,7.493,4.301,4.050,0.113,0.010,0.128,0,19.340,6.879,0.000,0,1528,0,0
2801,25.817,25.817,12.387,12.851,0.474,0.105,1,19.340,6.879,0.000,348,76247,2189,25329
2802,7.549,4.095,3.879,0.111,0.009,0.095,0,19.605,6.897,0.000,0,1528,0,0
2803,27.793,27.793,12.838,14.430,0.381,0.144,1,19.605,6.897,0.000,348,76247,2190,25329
2804,5.576,4.193,3.982,0.111,0.009,0.090,0,21.098,7.196,0.000,0,1528,0,0
2805,25.409,25.409,11.816,13.260,0.246,0.088,1,21.098,7.196,0.000,348,76247,2188,25329
2806,7.954,4.856,4.651,0.112,0.010,0.082,0,19.922,6.976,0.000,0,1528,0,0
2807,24.943,24.943,12.219,12.287,0.344,0.093,1,19.922,6.976,0.000,348,76247,2189,25329
2808,8.424,4.680,4.494,0.114,0.009,0.064,0,19.716,7.085,0.000,0,1528,0,0
2809,24.779,24.779,10.748,13.621,0.324,0.087,1,19.716,7.085,0.000,348,76247,2189,25329
2810,8.585,4.507,4.287,0.111,0.041,0.067,0,19.601,7.010,0.000,0,1528,0,0
2811,27.140,27.140,12.345,14.298,0.417,0.080,1,19.601,7.010,0.000,348,76247,2189,25329
2812,6.226,4.900,4.342,0.453,0.015,0.091,0,20.736,7.550,0.000,0,1528,0,0
2813,24.934,24.934,12.252,12.366,0.243,0.073,1,20.736,7.550,0.000,348,76247,2189,25329
2814,8.437,4.266,4.058,0.113,0.010,0.085,0,19.938,7.005,0.000,0,1528,0,0
2815,24.907,24.907,10.824,13.565,0.340,0.179,1,19.938,7.005,0.000,348,76247,2188,25329
2816,8.473,3.974,3.736,0.110,0.011,0.117,0,20.260,6.841,0.000,0,1528,0,0
2817,26.490,26.490,12.797,13.147,0.415,0.131,1,20.260,6.841,0.000,348,76247,2189,25329
2818,6.865,4.280,4.009,0.112,0.010,0.150,0,21.090,7.315,0.000,0,1528,0,0
2819,25.918,25.918,12.235,13.067,0.476,0.139,1,21.090,7.315,0.000,348,76247,2189,25329
2820,7.458,4.075,3.837,0.112,0.010,0.116,0,22.660,7.220,0.000,0,1528,0,0
2821,25.418,25.418,11.662,13.122,0.468,0.165,1,22.660,7.220,0.000,348,76247,2189,25329
2822,7.936,5.879,5.624,0.112,0.012,0.131,0,21.526,7.794,0.000,0,1528,0,0
2823,24.324,24.324,11.498,12.291,0.390,0.144,1,21.526,7.794,0.000,348,76247,2190,25329
2824,9.046,4.884,4.653,0.112,0.010,0.109,0,20.490,8.056,0.000,0,1528,0,0
2825,24.450,24.450,11.657,12.224,0.463,0.106,1,20.490,8.056,0.000,348,76247,2188,25329
2826,8.923,4.629,4.385,0.107,0.010,0.128,0,20.790,7.540,0.000,0,696,0,0
2827,24.681,24.681,11.540,12.425,0.537,0.180,1,20.790,7.540,0.000,342,75415,2127,25329
2828,8.679,4.491,4.241,0.118,0.010,0.121,0,19.659,7.795,0.000,0,696,0,0
2829,27.151,27.151,12.127,14.369,0.458,0.197,1,19.659,7.795,0.000,342,75415,2127,25329
2830,6.214,3.925,3.484,0.105,0.010,0.326,0,20.894,7.271,0.000,0,696,0,0
2831,26.564,26.564,12.392,13.640,0.300,0.232,1,20.894,7.271,0.000,342,75415,2127,25329
2832,6.844,3.891,3.572,0.105,0.009,0.205,0,19.028,6.921,0.000,0,696,0,0
2833,25.651,25.651,12.028,12.796,0.522,0.306,1,19.028,6.921,0.000,342,75415,2126,25329
2834,7.837,3.823,3.489,0.106,0.012,0.216,0,23.800,7.318,0.000,0,696,0,0
2835,26.280,26.280,11.232,14.367,0.422,0.259,1,23.800,7.318,2.230,342,75415,1728,25329
2836,6.941,3.820,3.422,0.105,0.010,0.283,0,22.179,6.506,2.230,0,696,0,0
2837,28.368,28.368,13.640,13.464,1.009,0.254,1,22.179,6.506,0.000,342,75415,2127,25329
2838,4.981,4.094,3.768,0.108,0.010,0.208,0,20.684,7.816,0.000,0,696,0,0
2839,25.462,25.462,11.188,13.626,0.328,0.320,1,20.684,7.816,0.000,342,75415,2127,25329
2840,7.906,5.064,4.748,0.115,0.011,0.190,0,20.453,7.275,0.000,0,696,0,0
2841,25.820,25.820,11.718,13.386,0.505,0.212,1,20.453,7.275,0.000,342,75415,2126,25329
2842,7.546,4.047,3.680,0.109,0.009,0.249,0,18.811,6.925,0.000,0,696,0,0
2843,24.292,24.292,11.496,12.125,0.396,0.274,1,18.811,6.925,0.000,342,75415,2127,25329
2844,9.076,4.531,4.225,0.105,0.009,0.192,0,19.648,7.496,0.000,0,692,0,0
2845,24.647,24.647,11.437,12.229,0.560,0.421,1,19.648,7.496,0.000,342,75411,2115,25329
2846,8.719,4.126,3.831,0.106,0.012,0.178,0,22.474,6.920,0.000,0,692,0,0
2847,26.689,26.689,11.823,14.143,0.499,0.223,1,22.474,6.920,0.000,341,75411,2113,25329
2848,6.687,4.044,3.691,0.105,0.014,0.234,0,21.136,7.537,0.000,0,692,0,0
2849,24.974,24.974,12.042,12.417,0.288,0.227,1,21.136,7.537,0.000,341,75411,2113,25329
2850,8.383,3.622,3.317,0.105,0.009,0.192,0,20.936,6.965,0.000,0,692,0,0
2851,25.232,25.232,10.715,13.277,0.383,0.858,1,20.936,6.965,0.000,341,75411,2112,25329
2852,8.137,3.792,3.473,0.104,0.009,0.205,0,20.326,7.184,0.000,0,692,0,0
2853,24.315,24.315,10.983,12.712,0.372,0.248,1,20.326,7.184,0.000,341,75411,2113,25329
2854,9.043,4.414,4.058,0.105,0.016,0.235,0,20.013,7.091,0.000,0,692,0,0
2855,24.383,24.383,11.668,12.144,0.360,0.211,1,20.013,7.091,0.000,341,75411,2113,25329
2856,8.990,4.438,3.592,0.654,0.010,0.182,0,20.595,7.064,0.000,0,692,0,0
2857,24.427,24.427,11.153,12.625,0.382,0.267,1,20.595,7.064,0.000,341,75411,2113,25329
2858,8.942,3.612,3.322,0.105,0.010,0.175,0,21.460,7.158,0.000,0,692,0,0
2859,24.577,24.577,11.377,12.603,0.409,0.187,1,21.460,7.158,0.000,341,75411,2112,25329
2860,8.787,3.874,3.505,0.105,0.015,0.249,0,19.863,6.876,0.000,0,692,0,0
2861,24.422,24.422,10.427,13.406,0.368,0.221,1,19.863,6.876,0.000,341,75411,2113,25329
2862,8.942,3.663,3.355,0.105,0.010,0.193,0,20.467,6.935,0.000,0,692,0,0
2863,24.519,24.519,11.197,12.624,0.406,0.291,1,20.467,6.935,0.000,341,75411,2113,25329
2864,8.862,3.601,3.290,0.104,0.010,0.196,0,20.723,6.794,0.000,0,692,0,0
2865,28.008,28.008,13.653,13.689,0.436,0.229,1,20.723,6.794,0.000,341,75411,2113,25329
2866,5.345,3.911,3.549,0.106,0.010,0.246,0,19.662,7.110,0.000,0,692,0,0
2867,25.624,25.624,11.723,13.318,0.370,0.214,1,19.662,7.110,0.000,341,75411,2112,25329
2868,7.757,3.731,3.416,0.105,0.010,0.200,0,22.270,7.368,0.000,0,692,0,0
2869,23.515,23.515,10.556,12.184,0.489,0.286,1,22.270,7.368,0.000,341,75411,2113,25329
2870,9.852,3.644,3.348,0.105,0.010,0.180,0,22.153,7.739,0.000,0,692,0,0
2871,23.758,23.758,10.567,12.434,0.548,0.210,1,22.153,7.739,0.000,341,75411,2113,25329
2872,9.597,3.827,3.474,0.106,0.010,0.237,0,21.180,8.150,0.000,0,692,0,0
2873,24.200,24.200,11.455,12.102,0.420,0.224,1,21.180,8.150,0.000,341,75411,2113,25329
2874,9.164,4.771,4.480,0.105,0.012,0.174,0,20.506,7.100,0.000,0,692,0,0
2875,24.481,24.481,11.915,11.784,0.466,0.315,1,20.506,7.100,0.000,341,75411,2113,25329
2876,8.889,4.143,3.782,0.106,0.011,0.244,0,19.486,7.475,0.000,0,692,0,0
2877,26.582,26.582,12.449,13.461,0.420,0.253,1,19.486,7.475,0.000,341,75411,2112,25329
2878,6.782,3.807,3.382,0.104,0.013,0.308,0,21.151,7.283,0.000,0,692,0,0
2879,24.938,24.938,10.722,13.626,0.308,0.283,1,21.151,7.283,0.000,341,75411,2113,25329
2880,8.442,3.664,3.317,0.104,0.009,0.233,0,20.515,7.083,0.000,0,692,0,0
2881,27.193,27.193,13.477,12.835,0.552,0.330,1,20.515,7.083,0.000,341,75411,2113,25329
2882,6.159,3.868,3.529,0.106,0.009,0.224,0,20.780,7.204,0.000,0,692,0,0
2883,25.837,25.837,12.454,12.612,0.498,0.273,1,20.780,7.204,0.000,341,75411,2113,25329
2884,7.528,4.042,3.634,0.105,0.010,0.293,0,20.463,6.862,0.000,0,692,0,0
2885,27.105,27.105,12.539,13.455,0.879,0.233,1,20.463,6.862,0.000,341,75411,2112,25329
2886,6.266,3.746,3.422,0.107,0.010,0.207,0,20.915,7.220,0.000,0,692,0,0
2887,25.932,25.932,13.225,12.123,0.314,0.270,1,20.915,7.220,0.000,341,75411,2113,25329
2888,7.436,3.821,3.518,0.105,0.009,0.189,0,18.767,7.072,0.000,0,692,0,0
2889,26.454,26.454,13.212,12.719,0.356,0.168,1,18.767,7.072,0.000,341,75411,2113,25329
2890,6.911,4.537,4.233,0.109,0.011,0.184,0,20.447,7.345,0.000,0,692,0,0
2891,24.404,24.404,11.900,12.012,0.277,0.215,1,20.447,7.345,0.000,341,75411,2113,25329
2892,8.964,3.973,3.679,0.106,0.010,0.179,0,20.416,7.220,0.000,0,692,0,0
2893,24.503,24.503,11.325,12.510,0.430,0.238,1,20.416,7.220,0.000,341,75411,2112,25329
2894,8.866,3.574,3.287,0.104,0.010,0.172,0,20.742,6.827,0.000,0,692,0,0
2895,24.402,24.402,10.483,13.335,0.388,0.197,1,20.742,6.827,0.000,341,75411,2113,25329
2896,8.970,3.752,3.424,0.106,0.009,0.213,0,20.030,6.908,0.000,0,692,0,0
2897,25.477,25.477,11.337,13.568,0.396,0.177,1,20.030,6.908,0.000,342,75411,2115,25329
2898,7.917,3.780,3.503,0.104,0.010,0.163,0,20.183,6.903,0.000,0,692,0,0
2899,26.474,26.474,11.988,13.840,0.434,0.211,1,20.183,6.903,0.000,341,75411,2113,25329
2900,6.861,3.701,3.449,0.105,0.009,0.137,0,20.387,7.130,0.000,0,692,0,0
2901,24.343,24.343,11.126,12.635,0.389,0.192,1,20.387,7.130,0.000,341,75411,2113,25329
2902,9.022,4.326,4.072,0.105,0.009,0.140,0,20.038,6.769,0.000,0,692,0,0
2903,24.195,24.195,10.878,12.791,0.370,0.156,1,20.038,6.769,0.000,341,75411,2112,25329
2904,9.166,4.405,3.397,0.104,0.009,0.895,0,19.700,7.070,0.000,0,692,0,0
2905,24.687,24.687,11.573,12.548,0.425,0.141,1,19.700,7.070,0.000,341,75411,2112,25329
2906,8.684,3.717,3.405,0.105,0.009,0.198,0,19.550,6.949,0.000,0,692,0,0
2907,24.715,24.715,11.173,12.808,0.472,0.262,1,19.550,6.949,0.000,341,75411,2112,25329
2908,8.652,3.576,3.294,0.105,0.010,0.166,0,20.573,6.830,0.000,0,692,0,0
2909,24.313,24.313,10.470,13.278,0.382,0.182,1,20.573,6.830,0.000,341,75411,2112,25329
2910,9.055,3.698,3.360,0.105,0.013,0.221,0,20.251,6.972,0.000,0,692,0,0
2911,26.343,26.343,12.985,12.665,0.499,0.194,1,20.251,6.972,0.000,341,75411,2111,25329
2912,7.023,3.854,3.578,0.106,0.010,0.160,0,20.689,7.341,0.000,0,692,0,0
2913,25.010,25.010,12.318,12.077,0.377,0.238,1,20.689,7.341,0.000,341,75411,2112,25329
2914,8.355,4.136,3.858,0.106,0.010,0.162,0,20.066,6.961,0.000,0,692,0,0
2915,26.964,26.964,11.664,14.812,0.341,0.147,1,20.066,6.961,0.000,341,75411,2112,25329
2916,6.405,3.643,3.353,0.106,0.010,0.173,0,20.419,7.085,0.000,0,692,0,0
2917,29.567,29.567,11.556,17.455,0.405,0.151,1,20.419,7.085,0.000,343,75419,2137,25329
2918,3.980,3.980,3.722,0.108,0.012,0.138,0,24.929,6.917,0.000,0,700,0,0
2919,24.677,24.677,11.193,12.951,0.328,0.204,1,24.929,6.917,0.000,343,75419,2127,25329
2920,8.510,4.348,4.076,0.109,0.016,0.146,0,20.452,7.092,0.000,0,700,0,0
2921,24.494,24.494,11.346,12.577,0.377,0.194,1,20.452,7.092,0.000,343,75419,2128,25329
2922,8.873,3.958,3.622,0.108,0.013,0.216,0,19.885,7.055,0.000,0,700,0,0
2923,24.341,24.341,11.040,12.734,0.397,0.171,1,19.885,7.055,0.000,343,75419,2128,25329
2924,9.023,3.557,3.286,0.107,0.010,0.155,0,19.851,6.988,0.000,0,700,0,0
2925,24.670,24.670,11.296,12.689,0.455,0.229,1,19.851,6.988,0.000,343,75419,2128,25329
2926,8.699,3.688,3.419,0.105,0.011,0.153,0,20.527,6.900,0.000,0,700,0,0
2927,24.822,24.822,10.680,13.621,0.378,0.143,1,20.527,6.900,0.000,343,75419,2128,25329
2928,8.539,3.780,3.506,0.106,0.010,0.158,0,19.892,6.939,0.000,0,700,0,0
2929,25.969,25.969,12.564,12.762,0.480,0.163,1,19.892,6.939,0.000,343,75419,2127,25329
2930,7.404,3.937,3.702,0.106,0.012,0.117,0,20.635,7.243,0.000,0,700,0,0
2931,27.015,27.015,12.392,14.114,0.343,0.166,1,20.635,7.243,0.000,343,75419,2128,25329
2932,6.353,3.584,3.351,0.106,0.010,0.117,0,20.355,7.404,0.000,0,700,0,0
2933,24.876,24.876,11.255,13.103,0.381,0.136,1,20.355,7.404,0.000,343,75419,2128,25329
2934,8.486,4.252,3.980,0.108,0.010,0.154,0,19.985,7.068,0.000,0,700,0,0
2935,23.889,23.889,11.472,11.883,0.399,0.135,1,19.985,7.068,0.000,343,75419,2128,25329
2936,9.477,3.870,3.612,0.107,0.011,0.141,0,20.267,6.964,0.000,0,700,0,0
2937,26.658,26.658,13.043,12.793,0.555,0.268,1,20.267,6.964,0.000,343,75419,2127,25329
2938,6.710,3.784,3.484,0.107,0.027,0.167,0,20.645,7.798,0.000,0,700,0,0
2939,27.305,27.305,13.233,13.378,0.488,0.207,1,20.645,7.798,0.000,343,75419,2128,25329
2940,6.062,4.767,4.426,0.109,0.011,0.220,0,21.841,7.978,0.000,0,700,0,0
2941,26.626,26.626,13.365,12.659,0.417,0.185,1,21.841,7.978,0.000,343,75419,2128,25329
2942,6.743,3.749,3.462,0.107,0.010,0.171,0,20.870,7.349,0.000,0,700,0,0
2943,24.350,24.350,11.044,12.765,0.268,0.274,1,20.870,7.349,0.000,343,75419,2128,25329
2944,9.018,4.058,3.760,0.106,0.011,0.181,0,20.802,7.027,0.000,0,700,0,0
2945,27.295,27.295,13.326,13.481,0.360,0.129,1,20.802,7.027,0.000,343,75419,2127,25329
2946,6.070,3.862,3.595,0.108,0.008,0.150,0,19.518,7.130,0.000,0,700,0,0
2947,25.965,25.965,12.559,12.865,0.401,0.139,1,19.518,7.130,0.000,343,75419,2128,25329
2948,7.401,4.451,4.220,0.107,0.009,0.115,0,21.045,7.638,0.000,0,700,0,0
2949,23.837,23.837,10.922,12.040,0.688,0.186,1,21.045,7.638,0.000,344,75419,2130,25329
2950,9.538,3.644,3.433,0.107,0.009,0.095,0,21.390,7.528,0.000,0,700,0,0
2951,23.789,23.789,10.831,12.323,0.535,0.099,1,21.390,7.528,0.000,343,75419,2128,25329
2952,9.571,4.201,3.659,0.108,0.010,0.424,0,20.698,8.174,0.000,0,700,0,0
2953,25.044,25.044,12.245,11.902,0.511,0.386,1,20.698,8.174,0.000,343,75419,2128,25329
2954,8.320,3.935,3.481,0.108,0.009,0.336,0,20.157,6.881,0.000,0,700,0,0
2955,26.869,26.869,12.589,13.446,0.360,0.474,1,20.157,6.881,0.000,343,75419,2127,25329
2956,6.542,3.933,3.469,0.107,0.009,0.348,0,22.556,7.276,0.000,0,700,0,0
2957,27.527,27.527,12.850,13.849,0.455,0.373,1,22.556,7.276,0.000,343,75419,2128,25329
2958,6.015,6.015,5.441,0.108,0.010,0.456,0,19.156,7.477,0.000,0,700,0,0
2959,31.944,31.944,15.772,15.257,0.528,0.386,1,19.156,7.477,0.000,343,75419,2128,25329
2960,6.549,6.549,6.059,0.118,0.018,0.354,0,19.818,6.971,0.000,0,700,0,0
2961,32.511,32.511,16.090,15.518,0.409,0.493,1,19.636,7.244,0.000,343,75419,2128,25329
2962,4.547,4.547,4.056,0.133,0.013,0.346,0,19.636,7.244,0.000,0,700,0,0
2963,7.650,4.136,3.691,0.107,0.010,0.328,0,19.636,7.244,0.000,0,700,0,0
2964,26.294,26.294,13.253,12.044,0.531,0.467,1,19.636,7.244,0.000,343,75419,2127,25329
2965,7.073,4.057,3.621,0.108,0.009,0.319,0,20.019,7.093,0.000,0,700,0,0
2966,26.827,26.827,12.724,13.407,0.361,0.334,1,20.019,7.093,0.000,343,75419,2128,25329
2967,6.933,6.071,5.515,0.108,0.009,0.439,0,20.217,7.373,0.000,0,700,0,0
2968,26.222,26.222,13.096,12.289,0.350,0.486,1,20.217,7.373,0.000,343,75419,2128,25329
2969,6.750,3.933,3.520,0.107,0.009,0.296,0,20.168,6.820,0.000,0,700,0,0
2970,25.288,25.288,12.440,11.942,0.463,0.444,1,20.168,6.820,0.000,344,75419,2130,25329
2971,8.074,4.414,3.994,0.108,0.011,0.302,0,20.518,7.484,0.000,0,700,0,0
2972,23.903,23.903,11.278,11.848,0.435,0.342,1,20.518,7.484,0.000,343,75419,2127,25329
2973,9.478,3.936,3.414,0.106,0.009,0.407,0,22.474,6.790,0.000,0,700,0,0
2974,28.829,28.829,15.371,12.761,0.363,0.334,1,19.384,7.355,0.000,343,75419,2128,25329
2975,4.527,4.483,4.010,0.111,0.013,0.349,0,19.384,7.355,0.000,0,700,0,0
2976,28.422,28.422,15.503,12.124,0.379,0.416,1,19.082,6.949,0.000,343,75419,2128,25329
2977,4.955,4.530,4.078,0.112,0.013,0.327,0,19.082,6.949,0.000,0,700,0,0
2978,25.608,25.608,12.604,12.243,0.401,0.360,1,19.082,6.949,0.000,343,75419,2128,25329
2979,7.751,3.882,3.356,0.106,0.012,0.408,0,21.105,7.179,0.000,0,700,0,0
2980,27.151,27.151,13.504,12.685,0.624,0.338,1,21.105,7.179,0.000,344,75419,2130,25329
2981,6.220,4.031,3.612,0.109,0.009,0.300,0,20.085,7.850,0.000,0,700,0,0
2982,25.971,25.971,13.278,11.915,0.330,0.448,1,20.085,7.850,0.000,343,75419,2127,25329
2983,7.400,3.942,3.513,0.106,0.009,0.314,0,19.916,6.997,0.000,0,700,0,0
2984,24.965,24.965,12.252,11.900,0.452,0.361,1,19.916,6.997,0.000,343,75419,2128,25329
2985,8.394,4.121,3.582,0.107,0.010,0.422,0,20.021,7.067,0.000,0,700,0,0
2986,28.197,28.197,14.174,13.224,0.448,0.350,1,20.021,7.067,0.000,343,75419,2128,25329
2987,5.165,4.616,4.175,0.111,0.011,0.319,0,21.180,7.190,0.000,0,700,0,0
2988,24.586,24.586,11.469,12.240,0.375,0.502,1,21.180,7.190,0.000,343,75419,2128,25329
2989,8.780,6.616,6.184,0.107,0.010,0.316,0,22.236,7.627,0.000,0,700,0,0
2990,26.290,26.290,13.063,12.426,0.449,0.352,1,22.236,7.627,0.000,344,75423,2142,25329
2991,7.088,6.176,5.650,0.108,0.011,0.407,0,19.289,8.220,0.000,0,704,0,0
2992,24.747,24.747,11.715,12.147,0.547,0.338,1,19.289,8.220,0.000,344,75423,2143,25329
2993,8.614,4.207,3.782,0.110,0.008,0.306,0,19.289,8.220,0.000,0,704,0,0
2994,30.673,30.673,13.820,16.040,0.370,0.444,1,25.153,7.666,3.671,344,75423,1655,25329
2995,4.695,4.695,4.242,0.113,0.015,0.326,0,24.202,6.016,3.671,0,704,0,0
2996,29.170,29.170,13.160,15.254,0.399,0.357,1,20.365,5.985,3.031,344,75423,1698,25329
2997,4.735,4.735,4.192,0.107,0.008,0.428,0,20.365,5.985,3.031,0,704,0,0
2998,26.551,26.551,11.689,14.133,0.334,0.395,1,20.365,5.985,0.000,344,75423,2142,25329
2999,5.783,5.783,5.187,0.107,0.009,0.479,0,20.365,5.985,0.000,0,704,0,0
3000,28.026,28.026,12.853,14.411,0.389,0.373,1,24.147,7.859,2.307,344,75423,1718,25329
3001,3.838,3.838,3.352,0.107,0.011,0.367,0,24.147,7.859,2.307,0,704,0,0
3002,30.146,30.146,14.849,14.393,0.389,0.515,1,20.143,6.493,2.086,345,75423,1745,25329
3003,3.962,3.962,3.482,0.107,0.011,0.361,0,20.143,6.493,2.086,0,704,0,0
3004,73.171,73.171,11.098,13.125,48.568,0.380,1,46.772,6.927,0.000,344,75423,2145,25329
3005,4.655,4.655,4.028,0.111,0.011,0.505,0,46.772,6.927,0.000,0,704,0,0
3006,3.751,3.751,3.271,0.108,0.009,0.364,0,46.772,6.927,0.000,0,704,0,0
3007,3.434,3.434,2.936,0.105,0.008,0.384,0,46.772,6.927,0.000,0,704,0,0
3008,3.589,3.589,2.962,0.108,0.007,0.512,0,46.772,6.927,0.000,0,728,0,0
3009,36.329,36.329,13.092,22.228,0.496,0.512,1,21.839,2.348,6.921,345,75471,1503,25329
3010,4.627,4.627,4.040,0.111,0.013,0.464,0,21.839,2.348,6.921,0,776,0,0
3011,3.992,3.992,3.305,0.107,0.009,0.572,0,21.839,2.348,6.921,0,800,0,0
3012,30.291,30.291,14.617,14.952,0.312,0.410,1,19.534,7.154,0.000,345,75543,2157,25329
3013,4.884,4.884,4.354,0.117,0.011,0.402,0,19.534,7.154,0.000,0,848,0,0
3014,28.583,28.583,15.113,12.618,0.309,0.542,1,19.044,6.905,0.000,345,75591,2158,25329
3015,4.828,4.828,4.315,0.114,0.013,0.387,0,19.044,6.905,0.000,0,896,0,0
3016,28.424,28.424,14.805,12.968,0.320,0.331,1,19.025,7.044,0.000,346,75639,2160,25329
3017,4.550,4.550,3.993,0.109,0.010,0.438,0,19.025,7.044,0.000,0,944,0,0
3018,26.827,26.827,13.725,12.304,0.468,0.330,1,19.025,7.044,0.000,345,75687,2158,25329
3019,4.240,4.240,3.839,0.109,0.010,0.282,0,20.250,6.928,0.000,0,992,0,0
3020,28.183,28.183,14.850,12.615,0.367,0.352,1,20.250,6.928,0.000,345,75735,2157,25329
3021,5.205,4.482,4.122,0.110,0.012,0.239,0,20.501,7.482,0.000,0,1040,0,0
3022,25.815,25.815,12.631,12.502,0.289,0.393,1,20.501,7.482,0.000,345,75783,2158,25329
3023,7.539,6.437,5.997,0.113,0.013,0.314,0,20.501,7.482,0.000,0,1080,0,0
3024,31.484,31.484,14.994,15.779,0.417,0.294,1,21.310,5.563,4.050,350,76175,1697,25329
3025,4.977,4.977,4.549,0.118,0.013,0.296,0,21.310,5.563,4.050,0,1456,0,0
3026,28.405,28.405,13.241,13.645,0.529,0.990,1,21.310,5.563,0.000,350,76175,2201,25329
3027,4.455,4.455,4.071,0.114,0.011,0.259,0,23.260,7.060,0.000,0,1456,0,0
3028,27.530,27.530,11.453,15.363,0.370,0.345,1,23.260,7.060,1.529,350,76175,1915,25329
3029,5.131,5.131,4.671,0.113,0.011,0.336,0,21.455,6.976,1.529,0,1456,0,0
3030,25.544,25.544,10.973,13.950,0.327,0.294,1,21.455,6.976,0.000,350,76175,2199,25329
3031,5.954,4.309,3.909,0.112,0.014,0.274,0,21.269,7.092,0.000,0,1456,0,0
3032,28.352,28.352,14.370,13.204,0.416,0.362,1,21.269,7.092,0.000,350,76175,2200,25329
3033,5.154,5.154,4.726,0.114,0.010,0.304,0,20.987,7.673,0.000,0,1456,0,0
3034,28.120,28.120,13.717,13.720,0.347,0.336,1,20.987,7.673,0.000,350,76175,2200,25329
3035,5.952,5.952,5.433,0.115,0.012,0.392,0,21.093,7.115,0.000,0,1456,0,0
3036,28.333,28.333,12.365,15.268,0.372,0.327,1,21.093,7.115,0.000,351,76175,2202,25329
3037,5.104,5.104,4.556,0.113,0.011,0.423,0,22.045,7.178,0.000,0,1456,0,0
3038,25.791,25.791,11.265,13.867,0.268,0.391,1,22.045,7.178,0.000,350,76175,2200,25329
3039,6.651,5.505,5.098,0.113,0.011,0.283,0,21.540,7.103,0.000,0,1456,0,0
3040,27.875,27.875,13.965,13.200,0.401,0.309,1,21.540,7.103,0.000,350,76175,2199,25329
3041,5.491,4.492,4.007,0.115,0.009,0.361,0,20.494,8.482,0.000,0,1456,0,0
3042,26.890,26.890,13.328,12.660,0.588,0.315,1,20.494,8.482,0.000,350,76175,2200,25329
3043,6.476,4.535,4.103,0.114,0.010,0.308,0,19.860,7.676,0.000,0,1456,0,0
3044,27.748,27.748,13.021,13.876,0.417,0.434,1,19.860,7.676,0.000,350,76175,2200,25329
3045,5.622,4.219,3.790,0.113,0.010,0.306,0,22.745,7.383,0.000,0,1456,0,0
3046,28.129,28.129,14.021,13.322,0.457,0.330,1,22.745,7.383,0.000,350,76175,2200,25329
3047,5.306,4.837,4.350,0.113,0.011,0.363,0,21.325,7.587,0.000,0,1456,0,0
3048,27.172,27.172,13.856,12.655,0.357,0.304,1,21.325,7.587,0.000,350,76175,2199,25329
3049,6.127,4.289,3.900,0.115,0.010,0.265,0,20.390,6.901,0.000,0,1456,0,0
3050,26.343,26.343,12.784,12.737,0.367,0.456,1,20.390,6.901,0.000,350,76175,2200,25329
3051,7.022,4.188,3.838,0.113,0.009,0.228,0,20.723,7.631,0.000,0,1456,0,0
3052,25.759,25.759,12.573,12.517,0.422,0.247,1,20.723,7.631,0.000,350,76175,2200,25329
3053,7.606,4.323,3.956,0.114,0.009,0.244,0,20.498,7.440,0.000,0,1456,0,0
3054,27.344,27.344,13.795,12.985,0.381,0.183,1,20.498,7.440,0.000,350,76175,2200,25329
3055,6.024,4.690,4.398,0.114,0.009,0.168,0,21.192,7.414,0.000,0,1456,0,0
3056,25.241,25.241,11.675,13.056,0.268,0.241,1,21.192,7.414,0.000,351,76175,2202,25329
3057,8.128,4.219,3.893,0.114,0.014,0.198,0,20.848,7.024,0.000,0,1456,0,0
3058,25.434,25.434,12.459,12.284,0.467,0.224,1,20.848,7.024,0.000,350,76175,2199,25329
3059,7.930,4.519,4.091,0.113,0.011,0.305,0,20.870,6.979,0.000,0,1456,0,0
3060,27.363,27.363,13.894,12.883,0.353,0.233,1,20.870,6.979,0.000,350,76175,2200,25329
3061,6.006,4.405,4.081,0.116,0.009,0.198,0,21.261,7.367,0.000,0,1456,0,0
3062,25.366,25.366,11.647,13.198,0.260,0.262,1,21.261,7.367,0.000,350,76175,2200,25329
3063,7.995,4.119,3.804,0.111,0.011,0.193,0,20.773,7.084,0.000,0,1456,0,0
3064,23.696,23.696,10.694,12.355,0.441,0.207,1,20.773,7.084,0.000,350,76175,2200,25329
3065,9.685,4.580,4.205,0.115,0.011,0.249,0,22.225,7.107,0.000,0,1456,0,0
3066,24.454,24.454,11.313,12.512,0.395,0.234,1,22.225,7.107,0.000,350,76175,2201,25329
3067,8.907,4.302,4.026,0.114,0.016,0.146,0,22.326,7.463,0.000,0,1456,0,0
3068,24.231,24.231,11.012,12.636,0.388,0.195,1,22.326,7.463,0.000,350,76175,2199,25329
3069,9.130,5.849,5.552,0.128,0.021,0.148,0,21.131,8.019,0.000,0,1456,0,0
3070,27.673,27.673,14.275,12.890,0.360,0.148,1,21.131,8.019,0.000,350,76175,2200,25329
3071,5.695,4.991,4.694,0.113,0.010,0.175,0,19.702,7.469,0.000,0,1456,0,0
3072,27.149,27.149,12.673,13.893,0.389,0.194,1,19.702,7.469,0.000,350,76175,2200,25329
3073,6.216,4.515,4.212,0.114,0.011,0.179,0,19.994,6.915,0.000,0,1456,0,0
3074,26.341,26.341,13.193,12.402,0.362,0.384,1,19.994,6.915,0.000,350,76175,2200,25329
3075,7.030,4.383,4.011,0.114,0.011,0.248,0,20.825,6.951,0.000,0,1456,0,0
3076,27.303,27.303,12.798,13.897,0.353,0.255,1,20.825,6.951,0.000,350,76175,2199,25329
3077,6.063,4.267,3.830,0.113,0.009,0.315,0,21.287,7.315,0.000,0,1456,0,0
3078,25.614,25.614,10.972,14.143,0.246,0.253,1,21.287,7.315,0.000,350,76175,2200,25329
3079,7.752,4.214,3.826,0.113,0.009,0.266,0,20.559,7.072,0.000,0,1456,0,0
3080,25.694,25.694,12.702,12.156,0.453,0.383,1,20.559,7.072,0.000,344,75423,2143,25329
3081,7.670,3.943,3.568,0.108,0.020,0.247,0,19.876,7.128,0.000,0,704,0,0
3082,28.134,28.134,13.957,13.524,0.388,0.266,1,19.876,7.128,0.000,344,75423,2143,25329
3083,5.258,4.095,3.644,0.107,0.014,0.330,0,21.621,7.293,0.000,0,704,0,0
3084,26.019,26.019,13.079,12.288,0.363,0.289,1,21.621,7.293,0.000,344,75423,2143,25329
3085,7.322,7.064,6.702,0.110,0.011,0.240,0,24.365,6.919,0.000,0,704,0,0
3086,25.856,25.856,11.791,13.159,0.544,0.361,1,24.365,6.919,0.000,344,75423,2142,25329
3087,7.529,3.869,3.492,0.107,0.011,0.260,0,22.423,8.608,0.000,0,704,0,0
3088,24.352,24.352,10.991,12.555,0.409,0.397,1,22.423,8.608,0.000,344,75423,2143,25329
3089,8.993,7.059,6.546,0.117,0.015,0.381,0,20.968,7.789,0.000,0,704,0,0
3090,24.575,24.575,11.393,12.409,0.485,0.288,1,20.968,7.789,0.000,344,75423,2143,25329
3091,8.798,3.782,3.416,0.107,0.012,0.248,0,21.805,7.869,0.000,0,704,0,0
3092,27.775,27.775,13.178,13.904,0.344,0.348,1,21.805,7.869,0.000,344,75423,2143,25329
3093,5.594,4.243,3.882,0.108,0.011,0.242,0,22.715,7.461,0.000,0,704,0,0
3094,25.925,25.925,11.841,13.513,0.306,0.266,1,22.715,7.461,0.000,344,75423,2142,25329
3095,7.438,4.965,4.493,0.115,0.015,0.341,0,22.495,7.289,0.000,0,704,0,0
3096,24.787,24.787,10.947,13.004,0.552,0.284,1,22.495,7.289,0.000,344,75423,2143,25329
3097,8.589,3.868,3.493,0.107,0.010,0.258,0,22.230,7.302,0.000,0,704,0,0
3098,24.147,24.147,10.945,12.344,0.487,0.372,1,22.230,7.302,0.000,344,75419,2130,25329
3099,9.205,6.608,6.246,0.110,0.012,0.240,0,21.482,7.761,0.000,0,704,0,0
3100,26.098,26.098,12.655,12.638,0.474,0.332,1,21.482,7.761,0.000,344,75423,2143,25329
3101,7.270,4.071,3.719,0.108,0.008,0.235,0,20.145,8.052,0.000,0,704,0,0
3102,27.000,27.000,13.396,12.861,0.477,0.266,1,20.145,8.052,0.000,344,75423,2142,25329
3103,6.365,4.373,3.945,0.111,0.009,0.307,0,21.607,7.692,0.000,0,704,1,0
3104,26.835,26.835,11.787,14.288,0.451,0.308,1,21.607,7.692,0.000,344,75423,2142,25329
3105,6.535,4.404,4.021,0.112,0.011,0.260,0,21.351,7.513,0.000,0,704,0,0
3106,24.742,24.742,10.380,13.663,0.300,0.398,1,21.351,7.513,0.000,344,75423,2143,25329
3107,8.628,3.671,3.300,0.107,0.011,0.254,0,21.706,7.179,0.000,0,704,0,0
3108,24.980,24.980,10.647,13.636,0.393,0.303,1,21.706,7.179,0.000,344,75423,2143,25329
3109,8.393,3.951,3.499,0.106,0.010,0.335,0,21.067,7.169,0.000,0,704,0,0
3110,24.603,24.603,11.155,12.750,0.418,0.280,1,21.067,7.169,0.000,344,75423,2143,25329
3111,8.757,3.822,3.463,0.107,0.011,0.241,0,20.823,6.997,0.000,0,704,0,0
3112,23.631,23.631,10.501,12.317,0.436,0.377,1,20.823,6.997,0.000,344,75423,2142,25329
3113,9.730,6.088,5.731,0.111,0.010,0.235,0,20.658,6.988,0.000,0,704,0,0
3114,27.076,27.076,12.955,13.555,0.301,0.265,1,20.658,6.988,0.000,344,75423,2143,25329
3115,6.293,3.967,3.532,0.108,0.010,0.317,0,20.884,7.071,0.000,0,704,0,0
3116,25.133,25.133,11.676,12.788,0.366,0.303,1,20.884,7.071,0.000,345,75447,2158,25329
3117,8.235,4.566,4.187,0.109,0.010,0.261,0,20.463,7.089,0.000,0,752,0,0
3118,24.731,24.731,11.785,12.134,0.424,0.388,1,20.463,7.089,0.000,345,75487,2158,25329
3119,8.632,5.211,4.776,0.113,0.013,0.309,0,21.108,6.952,0.000,0,792,0,0
3120,24.915,24.915,10.766,13.500,0.324,0.325,1,21.108,6.952,0.000,345,75535,2157,25329
3121,8.458,4.121,3.555,0.107,0.015,0.445,0,20.700,6.836,0.000,0,840,0,0
3122,25.015,25.015,11.472,12.754,0.435,0.353,1,20.700,6.836,0.000,345,75583,2158,25329
3123,8.350,3.903,3.460,0.108,0.010,0.326,0,21.184,6.997,0.000,0,888,0,0
3124,25.332,25.332,10.930,13.527,0.439,0.436,1,21.184,6.997,0.000,345,75631,2158,25329
3125,8.035,4.029,3.586,0.109,0.010,0.325,0,21.769,6.899,0.000,0,936,0,0
3126,25.541,25.541,11.541,13.096,0.547,0.357,1,21.769,6.899,0.000,345,75679,2158,25329
3127,7.824,4.352,3.785,0.107,0.010,0.449,0,21.089,6.946,0.000,0,984,0,0
3128,25.862,25.862,12.403,12.720,0.400,0.340,1,21.089,6.946,0.000,345,75727,2158,25329
3129,7.502,4.557,4.134,0.109,0.011,0.304,0,20.468,6.871,0.000,0,1032,0,0
3130,27.743,27.743,13.477,13.464,0.350,0.452,1,20.468,6.871,0.000,346,75755,2161,25329
3131,5.627,4.011,3.528,0.109,0.010,0.364,0,21.985,7.255,0.000,0,1036,0,0
3132,25.001,25.001,10.638,13.733,0.282,0.348,1,21.985,7.255,0.000,346,75755,2162,25329
3133,8.370,4.729,4.187,0.109,0.010,0.422,0,21.515,7.194,0.000,0,1036,0,0
3134,25.556,25.556,11.923,12.808,0.501,0.325,1,21.515,7.194,0.000,346,75755,2162,25329
3135,7.805,4.597,4.149,0.113,0.011,0.324,0,20.793,7.314,0.000,0,1036,0,0
3136,28.548,28.548,14.445,13.307,0.367,0.429,1,19.813,7.025,0.000,346,75755,2162,25329
3137,4.814,4.561,4.132,0.110,0.010,0.308,0,19.813,7.025,0.000,0,1036,0,0
3138,26.848,26.848,13.228,12.760,0.545,0.314,1,19.813,7.025,0.000,346,75755,2161,25329
3139,6.529,4.232,3.747,0.110,0.010,0.365,0,20.063,7.614,0.000,0,1036,0,0
3140,25.179,25.179,12.134,12.285,0.420,0.339,1,20.063,7.614,0.000,346,75755,2162,25329
3141,8.186,4.083,3.687,0.109,0.011,0.276,0,20.387,7.101,0.000,0,1036,0,0
3142,25.752,25.752,12.678,12.298,0.404,0.372,1,20.387,7.101,0.000,346,75755,2162,25329
3143,7.614,4.080,3.702,0.109,0.009,0.260,0,20.280,6.832,0.000,0,1032,0,0
3144,25.961,25.961,12.337,12.909,0.421,0.294,1,20.280,6.832,0.000,345,75751,2158,25329
3145,7.424,4.206,3.722,0.109,0.011,0.363,0,20.280,6.832,0.000,0,1032,0,0
3146,38.648,38.648,17.095,20.858,0.363,0.332,1,25.994,5.555,3.287,352,76135,1770,25329
3147,4.849,4.849,4.400,0.119,0.012,0.318,0,25.994,5.555,3.287,0,1520,0,0
3148,6.535,4.002,3.496,0.114,0.009,0.384,0,25.994,5.555,3.287,0,1520,0,0
3149,26.615,26.615,12.168,13.782,0.367,0.298,1,25.994,5.555,0.000,352,76239,2207,25329
3150,6.751,4.437,3.958,0.114,0.013,0.351,0,21.985,7.166,0.000,0,1520,0,0
3151,28.779,28.779,14.580,13.374,0.400,0.425,1,21.985,7.166,0.000,353,76239,2210,25329
3152,4.573,4.573,4.184,0.115,0.010,0.263,0,21.449,7.285,0.000,0,1520,0,0
3153,28.143,28.143,13.009,14.452,0.384,0.297,1,21.449,7.285,0.000,352,76239,2208,25329
3154,5.236,4.536,4.054,0.116,0.010,0.356,0,21.821,7.368,0.000,0,1520,0,0
3155,26.036,26.036,12.020,13.334,0.385,0.296,1,21.821,7.368,0.000,352,76239,2208,25329
3156,7.333,5.147,4.748,0.116,0.011,0.272,0,21.500,6.987,0.000,0,1520,0,0
3157,25.354,25.354,11.713,12.919,0.338,0.384,1,21.500,6.987,0.000,352,76239,2207,25329
3158,8.008,4.863,4.474,0.123,0.011,0.255,0,21.050,7.122,0.000,0,1520,1,0
3159,25.332,25.332,11.693,13.050,0.330,0.259,1,21.050,7.122,0.000,352,76239,2207,25329
3160,8.039,4.763,4.281,0.115,0.010,0.357,0,20.408,7.233,0.000,0,1520,0,0
3161,27.608,27.608,13.098,13.865,0.346,0.299,1,20.408,7.233,0.000,352,76239,2208,25329
3162,5.752,5.037,4.594,0.138,0.016,0.289,0,21.739,7.359,0.000,0,1520,0,0
3163,25.822,25.822,11.286,13.759,0.365,0.412,1,21.739,7.359,0.000,352,76239,2208,25329
3164,7.553,4.174,3.793,0.114,0.014,0.253,0,22.040,7.084,0.000,0,1520,0,0
3165,25.524,25.524,11.750,13.132,0.341,0.301,1,22.040,7.084,0.000,352,76239,2208,25329
3166,7.838,4.359,3.896,0.115,0.010,0.338,0,21.029,6.852,0.000,0,1520,0,0
3167,27.691,27.691,13.478,13.544,0.391,0.278,1,21.029,6.852,0.000,352,76239,2207,25329
3168,5.678,4.356,3.999,0.117,0.010,0.231,0,21.358,7.324,0.000,0,1520,0,0
3169,27.856,27.856,12.941,14.231,0.353,0.331,1,21.358,7.324,0.000,352,76239,2208,25329
3170,5.514,4.134,3.777,0.116,0.011,0.230,0,21.789,7.195,0.000,0,1520,0,0
3171,25.431,25.431,11.663,13.303,0.246,0.218,1,21.789,7.195,0.000,352,76239,2208,25329
3172,7.933,4.963,4.584,0.116,0.009,0.254,0,20.759,6.977,0.000,0,1520,0,0
3173,25.316,25.316,11.606,13.146,0.347,0.217,1,20.759,6.977,0.000,352,76239,2208,25329
3174,8.049,4.823,4.515,0.119,0.010,0.179,0,20.763,7.128,0.000,0,1520,0,0
3175,25.000,25.000,11.525,12.896,0.331,0.249,1,20.763,7.128,0.000,352,76239,2208,25329
3176,8.365,4.195,3.884,0.115,0.015,0.181,0,20.730,6.913,0.000,0,1520,0,0
3177,25.196,25.196,11.773,12.914,0.320,0.189,1,20.730,6.913,0.000,352,76239,2207,25329
3178,8.172,4.129,3.769,0.115,0.010,0.236,0,20.238,6.947,0.000,0,1520,0,0
3179,25.398,25.398,11.780,13.103,0.327,0.189,1,20.238,6.947,0.000,352,76239,2208,25329
3180,7.970,4.258,3.933,0.114,0.010,0.200,0,20.549,6.950,0.000,0,1520,0,0
3181,25.639,25.639,11.161,13.828,0.329,0.321,1,20.549,6.950,0.000,352,76239,2209,25329
3182,7.727,4.077,3.741,0.114,0.012,0.211,0,21.176,6.990,0.000,0,1520,0,0
3183,25.143,25.143,11.866,12.694,0.282,0.300,1,21.176,6.990,0.000,352,76239,2208,25329
3184,8.222,4.670,4.239,0.115,0.012,0.304,0,20.827,7.098,0.000,0,1520,0,0
3185,28.088,28.088,13.775,13.690,0.377,0.246,1,20.827,7.098,0.000,352,76239,2208,25329
3186,5.279,4.293,3.944,0.115,0.010,0.225,0,21.662,7.173,0.000,0,1520,0,0
3187,25.266,25.266,11.700,13.022,0.243,0.301,1,21.662,7.173,0.000,352,76239,2207,25329
3188,8.104,4.868,4.498,0.117,0.010,0.244,0,20.964,6.785,0.000,0,1520,0,0
3189,26.257,26.257,12.439,13.287,0.342,0.190,1,20.964,6.785,0.000,352,76239,2208,25329
3190,7.106,4.421,4.078,0.116,0.011,0.216,0,19.095,7.205,0.000,0,1520,0,0
3191,27.345,27.345,13.041,13.723,0.391,0.190,1,19.095,7.205,0.000,352,76239,2208,25329
3192,6.339,5.437,5.124,0.117,0.012,0.183,0,21.645,7.251,0.000,0,1520,0,0
3193,38.045,38.045,21.523,15.795,0.456,0.272,1,21.645,7.251,0.000,352,76239,2208,25329
3194,5.794,5.794,5.487,0.115,0.013,0.179,0,21.645,7.251,0.000,0,1520,0,0
3195,6.296,5.425,5.129,0.116,0.008,0.173,0,24.699,8.330,0.000,0,1520,0,0
3196,40.040,40.040,14.755,24.576,0.366,0.344,1,24.699,8.330,0.000,352,76239,2207,25329
3197,5.109,5.109,4.727,0.151,0.010,0.221,0,23.660,7.383,0.000,0,1520,1,0
3198,4.705,4.705,4.335,0.114,0.008,0.248,0,23.660,7.383,0.000,0,1520,0,0
3199,26.069,26.069,14.522,10.637,0.447,0.463,1,23.660,7.383,0.000,351,76239,3256,0
3200,7.096,6.324,5.890,0.115,0.010,0.309,0,23.660,7.383,0.000,0,1520,0,0
3201,16.677,8.215,7.698,0.116,0.010,0.391,0,22.094,14.671,0.000,0,1520,0,0
3202,27.849,27.849,12.702,14.434,0.385,0.328,1,19.508,6.662,1.392,352,76239,1970,25329
3203,5.512,5.140,4.718,0.116,0.012,0.295,0,19.508,6.662,1.392,0,1520,0,0
3204,26.998,26.998,13.762,12.442,0.384,0.411,1,19.508,6.662,0.000,352,76239,2207,25329
3205,6.388,4.330,3.926,0.116,0.010,0.279,0,20.418,7.049,0.000,0,1520,0,0
3206,23.914,23.914,10.887,12.225,0.496,0.306,1,20.418,7.049,0.000,352,76239,2208,25329
3207,9.517,4.446,3.909,0.116,0.010,0.410,0,23.034,7.245,0.000,0,1528,0,0
3208,39.140,39.140,16.615,21.188,1.002,0.335,1,23.034,7.245,1.713,354,76199,1937,25329
3209,4.659,4.659,4.226,0.118,0.011,0.304,0,30.074,6.660,1.713,0,1480,0,0
3210,6.172,5.216,4.642,0.120,0.014,0.440,0,30.074,6.660,1.713,0,1480,0,0
3211,30.517,30.517,13.918,15.786,0.423,0.389,1,20.780,5.636,2.829,354,76199,1776,25329
3212,4.769,4.769,4.326,0.119,0.012,0.311,0,20.780,5.636,2.829,0,1480,0,0
3213,29.063,29.063,15.176,13.224,0.243,0.419,1,19.634,6.979,0.000,354,76199,2235,25329
3214,5.022,5.022,4.505,0.201,0.009,0.306,0,19.634,6.979,0.000,0,1480,1,0
3215,39.524,39.524,12.767,26.012,0.418,0.328,1,20.146,10.788,0.000,354,76199,3228,904
3216,5.076,5.076,4.523,0.122,0.012,0.419,0,20.146,10.788,0.000,0,1480,0,0
3217,3.783,3.783,3.362,0.115,0.009,0.296,0,20.146,10.788,0.000,0,1480,0,0
3218,22.971,22.971,11.345,10.891,0.434,0.302,1,20.146,10.788,0.000,353,76199,3284,0
3219,9.448,4.567,4.084,0.119,0.009,0.354,0,20.146,10.788,0.000,0,1480,0,0
3220,16.667,9.161,8.755,0.119,0.013,0.273,0,24.302,12.427,0.000,0,1480,0,0
3221,29.009,29.009,13.148,15.100,0.422,0.338,1,20.358,6.152,1.966,353,76199,1873,24741
3222,4.353,4.306,3.838,0.115,0.010,0.343,0,20.358,6.152,1.966,0,1480,0,0
3223,26.339,26.339,13.067,12.699,0.303,0.270,1,20.358,6.152,0.000,353,76199,2235,25329
3224,7.027,6.128,5.715,0.131,0.016,0.266,0,20.063,7.007,0.000,0,1480,0,0
3225,27.424,27.424,13.043,13.646,0.393,0.342,1,20.063,7.007,0.000,353,76199,2235,25329
3226,5.943,4.852,4.421,0.116,0.013,0.303,0,21.760,7.269,0.000,0,1480,0,0
3227,27.353,27.353,12.256,14.455,0.357,0.286,1,21.760,7.269,0.000,353,76199,2234,25329
3228,6.016,4.472,3.915,0.117,0.011,0.428,0,21.814,7.314,0.000,0,1480,0,0
3229,25.555,25.555,10.964,13.985,0.255,0.350,1,21.814,7.314,0.000,353,76199,2235,25329
3230,7.814,4.233,3.764,0.116,0.012,0.340,0,21.476,7.138,0.000,0,1480,0,0
3231,26.932,26.932,13.358,12.602,0.490,0.482,1,21.476,7.138,0.000,353,76199,2235,25329
3232,6.432,4.331,3.885,0.117,0.009,0.319,0,20.775,7.150,0.000,0,1480,0,0
3233,28.356,28.356,13.155,14.472,0.382,0.346,1,20.775,7.150,0.000,353,76199,2235,25329
3234,5.063,4.507,3.946,0.116,0.011,0.434,0,22.007,7.088,0.000,0,1480,0,0
3235,25.969,25.969,11.911,13.275,0.436,0.347,1,22.007,7.088,0.000,353,76199,2234,25329
3236,7.355,4.289,3.811,0.122,0.012,0.345,0,22.007,7.088,0.000,0,1480,1,0
3237,24.948,24.948,11.286,12.717,0.503,0.441,1,22.838,7.838,0.000,353,76199,2234,25329
3238,8.414,4.153,3.705,0.116,0.009,0.323,0,22.783,7.942,0.000,0,1480,0,0
3239,27.920,27.920,13.024,14.093,0.445,0.359,1,22.783,7.942,1.604,353,76199,1945,25329
3240,5.436,4.611,4.073,0.118,0.010,0.409,0,20.627,7.147,1.604,0,1480,0,0
3241,27.905,27.905,13.240,13.892,0.389,0.385,1,20.627,7.147,0.000,353,76199,2235,25329
3242,5.459,5.087,4.556,0.134,0.015,0.382,0,22.084,7.409,0.000,0,1480,0,0
3243,26.068,26.068,11.213,13.940,0.370,0.545,1,22.084,7.409,0.000,353,76199,2235,25329
3244,7.307,4.330,3.809,0.116,0.010,0.394,0,22.620,6.870,0.000,0,1480,0,0
3245,25.887,25.887,11.809,13.291,0.331,0.457,1,22.620,6.870,0.000,353,76199,2234,25329
3246,7.477,4.373,3.793,0.117,0.015,0.449,0,21.527,6.910,0.000,0,1480,0,0
3247,26.268,26.268,12.667,12.710,0.378,0.513,1,21.527,6.910,0.000,353,76199,2236,25329
3248,7.100,4.375,3.910,0.116,0.010,0.339,0,20.790,6.963,0.000,0,1480,0,0
3249,28.297,28.297,12.432,14.987,0.357,0.520,1,20.790,6.963,0.000,353,76199,2235,25329
3250,5.070,4.309,3.844,0.117,0.008,0.339,0,22.603,7.220,0.000,0,1480,0,0
3251,26.013,26.013,11.379,13.900,0.354,0.380,1,22.603,7.220,0.000,353,76199,2235,25329
3252,7.350,5.443,4.855,0.116,0.010,0.462,0,21.752,6.968,0.000,0,1480,0,0
3253,25.734,25.734,11.998,13.010,0.369,0.357,1,21.752,6.968,0.000,353,76199,2235,25329
3254,7.631,5.067,4.524,0.119,0.009,0.415,0,21.103,7.103,0.000,0,1480,0,0
3255,25.692,25.692,11.714,13.168,0.321,0.489,1,21.103,7.103,0.000,353,76199,2234,25329
3256,7.687,4.994,3.898,0.116,0.010,0.970,0,22.139,7.021,0.000,0,1480,0,0
3257,26.752,26.752,12.101,13.798,0.432,0.421,1,22.139,7.021,0.000,354,76199,2237,25329
3258,6.619,4.460,3.833,0.116,0.011,0.501,0,23.069,7.523,0.000,0,1480,0,0
3259,26.333,26.333,11.340,14.234,0.427,0.332,1,23.069,7.523,0.000,353,76199,2235,25329
3260,7.025,4.192,3.743,0.116,0.009,0.325,0,21.636,7.246,0.000,0,1480,0,0
3261,25.729,25.729,11.630,13.328,0.336,0.434,1,21.636,7.246,0.000,353,76199,2235,25329
3262,7.642,4.253,3.818,0.116,0.010,0.309,0,22.479,7.082,0.000,0,1480,0,0
3263,26.176,26.176,12.452,12.884,0.519,0.322,1,22.479,7.082,0.000,353,76199,2234,25329
3264,7.192,4.797,4.275,0.123,0.010,0.389,0,21.062,6.955,0.000,0,1480,1,0
3265,26.575,26.575,11.759,14.094,0.410,0.312,1,21.062,6.955,0.000,353,76199,2234,25329
3266,6.993,4.562,4.129,0.120,0.014,0.300,0,21.062,6.955,0.000,0,1480,0,0
3267,33.991,33.991,17.689,15.475,0.426,0.402,1,20.323,6.619,1.608,353,76199,1940,25329
3268,5.413,5.413,4.944,0.124,0.017,0.329,0,20.323,6.619,1.608,0,1480,0,0
3269,26.957,26.957,11.410,13.917,0.381,1.248,1,20.323,6.619,0.000,353,76199,2235,25329
3270,4.450,4.450,3.911,0.116,0.012,0.411,0,20.323,6.619,0.000,0,1480,0,0
3271,12.396,11.857,11.412,0.116,0.011,0.317,0,28.496,7.106,0.000,0,1480,0,0
3272,34.601,34.601,13.126,20.711,0.357,0.406,1,28.496,7.106,3.695,355,76127,1757,25329
3273,4.954,4.954,4.369,0.120,0.010,0.454,0,29.976,5.981,3.695,0,1536,0,0
3274,31.586,31.586,12.745,18.024,0.432,0.385,1,21.524,5.050,3.549,355,76255,1736,25329
3275,5.126,5.126,4.661,0.129,0.010,0.327,0,21.524,5.050,3.549,0,1536,0,0
3276,7.158,3.901,3.352,0.117,0.008,0.424,0,21.524,5.050,3.549,0,1536,0,0
3277,25.853,25.853,11.747,13.440,0.327,0.339,1,21.524,5.050,0.000,355,76255,2240,25329
3278,7.503,4.265,3.809,0.116,0.013,0.327,0,21.230,7.070,0.000,0,1536,0,0
3279,26.812,26.812,12.097,13.934,0.326,0.454,1,21.230,7.070,0.000,355,76255,2241,25329
3280,6.558,4.270,3.820,0.118,0.011,0.321,0,21.794,6.926,0.000,0,1536,0,0
3281,25.853,25.853,12.835,12.324,0.367,0.328,1,21.794,6.926,0.000,355,76255,2240,25329
3282,7.515,4.458,3.919,0.118,0.009,0.412,0,22.132,7.114,0.000,0,1536,0,0
3283,29.558,29.558,15.765,13.044,0.389,0.359,1,20.237,7.082,0.000,355,76255,2240,25329
3284,4.563,4.563,4.133,0.119,0.010,0.301,0,20.237,7.082,0.000,0,1536,0,0
3285,26.106,26.106,11.810,13.411,0.449,0.436,1,20.237,7.082,0.000,355,76255,2239,25329
3286,6.517,4.875,4.436,0.118,0.011,0.311,0,21.719,7.077,0.000,0,1536,0,0
3287,27.592,27.592,12.926,13.981,0.343,0.342,1,21.719,7.077,0.000,355,76255,2240,25329
3288,5.757,4.665,4.118,0.121,0.010,0.416,0,19.474,7.282,0.000,0,1536,0,0
3289,27.219,27.219,13.804,12.659,0.394,0.361,1,19.474,7.282,0.000,355,76255,2241,25329
3290,6.150,5.024,4.580,0.118,0.010,0.316,0,20.064,7.572,0.000,0,1536,0,0
3291,26.503,26.503,13.254,12.439,0.377,0.433,1,20.064,7.572,0.000,355,76255,2240,25329
3292,6.873,4.438,4.029,0.120,0.010,0.279,0,20.793,7.051,0.000,0,1536,0,0
3293,27.788,27.788,12.448,14.657,0.399,0.284,1,20.793,7.051,0.000,355,76255,2240,25329
3294,5.570,4.418,4.042,0.118,0.011,0.247,0,21.806,7.159,0.000,0,1536,0,0
3295,27.041,27.041,13.166,13.362,0.308,0.205,1,21.806,7.159,0.000,355,76255,2239,25329
3296,6.327,4.239,3.948,0.119,0.008,0.164,0,21.234,7.106,0.000,0,1536,0,0
3297,25.519,25.519,12.193,12.588,0.500,0.238,1,21.234,7.106,0.000,355,76255,2240,25329
3298,7.848,4.605,4.314,0.118,0.011,0.163,0,20.173,8.233,0.000,0,1536,0,0
3299,26.420,26.420,11.885,13.807,0.465,0.263,1,20.173,8.233,0.000,355,76255,2240,25329
3300,6.948,5.036,4.729,0.119,0.010,0.177,0,21.604,7.951,0.000,0,1536,0,0
3301,28.233,28.233,13.557,14.061,0.419,0.196,1,21.604,7.951,0.000,355,76255,2240,25329
3302,5.764,5.764,5.322,0.121,0.015,0.306,0,20.626,7.702,0.000,0,1536,0,0
3303,26.283,26.283,11.274,14.411,0.363,0.235,1,20.626,7.702,0.000,355,76255,2240,25329
3304,6.450,4.857,4.501,0.123,0.011,0.222,0,21.027,7.042,0.000,0,1536,0,0
3305,27.654,27.654,13.409,13.490,0.475,0.280,1,21.027,7.042,0.000,355,76255,2239,25329
3306,5.713,4.706,4.385,0.120,0.011,0.190,0,21.424,7.399,0.000,0,1536,0,0
3307,25.471,25.471,12.409,12.480,0.368,0.214,1,21.424,7.399,0.000,355,76255,2240,25329
3308,7.907,4.395,4.016,0.119,0.011,0.249,0,20.709,7.236,0.000,0,1536,0,0
3309,25.032,25.032,11.919,12.511,0.403,0.198,1,20.709,7.236,0.000,355,76255,2241,25329
3310,8.326,4.563,4.219,0.121,0.012,0.211,0,20.721,7.159,0.000,0,1536,0,0
3311,26.489,26.489,12.382,13.461,0.429,0.218,1,20.721,7.159,0.000,355,76255,2240,25329
3312,6.891,4.587,4.312,0.120,0.010,0.145,0,23.393,7.111,0.000,0,1536,0,0
3313,24.276,24.276,10.984,12.828,0.294,0.170,1,23.393,7.111,0.000,355,76255,2239,25329
3314,9.091,4.197,3.886,0.118,0.010,0.183,0,22.678,6.878,0.000,0,1536,0,0
3315,24.318,24.318,11.112,12.557,0.487,0.162,1,22.678,6.878,0.000,355,76255,2240,25329
3316,9.045,4.137,3.866,0.119,0.010,0.142,0,22.157,7.605,0.000,0,1536,0,0
3317,25.413,25.413,11.779,12.979,0.400,0.255,1,22.157,7.605,0.000,355,76255,2240,25329
3318,7.958,4.183,3.866,0.117,0.011,0.189,0,22.043,8.742,0.000,0,1536,0,0
3319,26.180,26.180,11.609,13.856,0.500,0.215,1,22.043,8.742,1.465,355,76255,1968,25329
3320,7.176,4.324,3.911,0.118,0.010,0.285,0,22.458,6.463,1.465,0,1536,0,0
3321,26.702,26.702,12.000,14.121,0.379,0.203,1,22.458,6.463,1.581,355,76255,1930,25329
3322,6.660,4.722,4.414,0.119,0.011,0.178,0,22.827,6.109,1.581,0,1536,0,0
3323,28.018,28.018,12.581,14.792,0.386,0.259,1,20.032,6.399,1.564,355,76255,1937,25329
3324,5.364,4.125,3.829,0.119,0.010,0.167,0,20.032,6.399,1.564,0,1536,0,0
3325,26.976,26.976,13.237,13.229,0.298,0.212,1,20.032,6.399,0.000,355,76255,2240,25329
3326,6.374,4.329,3.994,0.120,0.009,0.207,0,21.348,7.063,0.000,0,1536,0,0
3327,26.296,26.296,12.218,13.406,0.474,0.199,1,21.348,7.063,0.000,355,76255,2240,25329
3328,7.083,4.164,3.869,0.117,0.009,0.169,0,22.836,7.270,0.000,0,1536,0,0
3329,29.735,29.735,13.723,15.396,0.377,0.240,1,20.332,7.427,0.000,356,76255,2242,25329
3330,4.131,4.131,3.846,0.120,0.009,0.157,0,20.332,7.427,0.000,0,1536,0,0
3331,32.433,32.433,18.165,13.709,0.377,0.182,1,22.837,6.861,0.000,355,76255,2240,25329
3332,6.887,6.887,6.496,0.125,0.014,0.252,0,22.837,6.861,0.000,0,1536,0,0
3333,27.617,27.617,13.410,13.582,0.410,0.215,1,22.837,6.861,0.000,355,76255,2239,25329
3334,4.308,4.308,4.028,0.121,0.009,0.150,0,21.198,7.145,0.000,0,1536,0,0
3335,27.222,27.222,13.878,12.752,0.372,0.220,1,21.198,7.145,0.000,357,76263,2252,25329
3336,5.634,5.634,5.217,0.125,0.012,0.280,0,22.239,7.185,0.000,0,1496,0,0
3337,25.288,25.288,11.971,12.580,0.547,0.188,1,22.239,7.185,0.000,357,76215,2252,25329
3338,4.367,4.367,4.030,0.121,0.012,0.204,0,22.239,7.185,0.000,0,1496,0,0
3339,27.554,27.554,14.542,12.468,0.367,0.177,1,22.743,8.466,0.000,357,76215,2252,25329
3340,5.775,5.105,4.822,0.121,0.010,0.151,0,22.743,8.466,0.000,0,1496,0,0
3341,29.399,29.399,14.273,14.466,0.444,0.215,1,22.507,7.028,0.000,357,76215,2252,25329
3342,4.208,4.208,3.931,0.121,0.022,0.134,0,19.832,7.368,0.000,0,1496,0,0
3343,26.029,26.029,13.082,12.521,0.246,0.179,1,19.832,7.368,0.000,357,76215,2251,25329
3344,6.332,4.240,3.931,0.122,0.010,0.176,0,20.306,6.889,0.000,0,1496,0,0
3345,25.215,25.215,11.503,13.212,0.342,0.158,1,20.306,6.889,0.000,357,76215,2252,25329
3346,8.152,5.387,5.113,0.121,0.011,0.142,0,20.267,7.172,0.000,0,1496,0,0
3347,25.586,25.586,11.900,13.067,0.422,0.197,1,20.267,7.172,0.000,357,76215,2252,25329
3348,7.780,4.731,4.425,0.120,0.010,0.176,0,20.545,7.126,0.000,0,1496,0,0
3349,25.707,25.707,12.153,13.029,0.356,0.169,1,20.545,7.126,0.000,357,76215,2253,25329
3350,7.659,4.283,3.950,0.121,0.011,0.201,0,20.304,6.981,0.000,0,1496,0,0
3351,23.993,23.993,10.927,12.533,0.363,0.170,1,20.304,6.981,0.000,357,76215,2251,25329
3352,9.383,4.136,3.855,0.119,0.010,0.153,0,21.059,7.516,0.000,0,1496,0,0
3353,24.622,24.622,11.092,12.794,0.518,0.218,1,21.059,7.516,0.000,357,76215,2252,25329
3354,8.747,4.056,3.770,0.122,0.009,0.155,0,22.600,7.079,0.000,0,1496,0,0
3355,24.588,24.588,11.257,12.652,0.485,0.194,1,22.600,7.079,0.000,357,76215,2252,25329
3356,8.776,4.157,3.837,0.120,0.010,0.191,0,22.168,7.235,0.000,0,1496,0,0
3357,25.866,25.866,12.597,12.679,0.429,0.161,1,22.168,7.235,0.000,357,76215,2252,25329
3358,7.493,5.196,4.919,0.127,0.011,0.139,0,21.212,7.276,0.000,0,1496,0,0
3359,25.356,25.356,11.772,12.930,0.452,0.202,1,21.212,7.276,0.000,357,76215,2252,25329
3360,8.486,4.594,4.320,0.119,0.012,0.143,0,24.433,7.131,0.000,0,1496,0,0
3361,28.266,28.266,12.516,15.143,0.451,0.157,1,24.433,7.131,2.285,357,76215,1827,25329
3362,6.619,6.619,6.311,0.121,0.011,0.176,0,21.691,6.618,2.285,0,1496,0,0
3363,26.007,26.007,12.403,12.798,0.584,0.222,1,21.691,6.618,0.000,357,76215,2252,25329
3364,5.376,5.343,5.008,0.123,0.010,0.202,0,21.163,7.756,0.000,0,1496,0,0
3365,28.826,28.826,15.559,12.816,0.177,0.274,1,21.163,7.756,0.000,357,76215,2252,25329
3366,4.749,4.749,4.423,0.123,0.011,0.193,0,21.948,7.392,0.000,0,1496,0,0
3367,28.723,28.723,13.904,14.128,0.431,0.260,1,21.948,7.392,0.000,357,76215,2252,25329
3368,5.122,5.122,4.707,0.121,0.010,0.285,0,21.948,7.392,0.000,0,1496,0,0
3369,34.299,34.299,16.876,16.797,0.388,0.239,1,21.542,6.393,2.666,357,76215,1789,25329
3370,5.463,5.463,5.109,0.120,0.014,0.219,0,21.542,6.393,2.666,0,1496,0,0
3371,28.557,28.557,13.913,13.930,0.355,0.360,1,21.542,6.393,0.000,357,76215,2251,25329
3372,5.817,5.817,5.431,0.126,0.015,0.246,0,22.220,7.479,0.000,0,1496,0,0
3373,33.549,33.549,14.409,18.527,0.339,0.274,1,22.220,7.479,0.000,357,76215,2252,25329
3374,5.684,5.684,5.222,0.124,0.011,0.328,0,21.293,12.878,0.000,0,1496,0,0
3375,3.961,3.961,3.559,0.120,0.010,0.272,0,21.293,12.878,0.000,0,1496,0,0
3376,29.326,29.326,13.522,15.051,0.473,0.279,1,21.293,12.878,0.000,357,76215,2252,25329
3377,5.696,5.696,5.040,0.146,0.017,0.494,0,21.998,7.568,0.000,0,1496,0,0
3378,31.977,31.977,15.264,15.921,0.416,0.376,1,21.998,7.568,0.000,357,76215,2252,25329
3379,6.874,6.874,6.337,0.125,0.014,0.399,0,22.242,10.696,0.000,0,1496,0,0
3380,8.298,4.707,4.115,0.121,0.010,0.460,0,22.242,10.696,0.000,0,1496,0,0
3381,28.878,28.878,13.909,14.241,0.352,0.376,1,19.757,7.151,0.000,357,76215,2252,25329
3382,5.075,5.075,4.605,0.119,0.011,0.340,0,19.757,7.151,0.000,0,1496,0,0
3383,26.482,26.482,12.485,13.203,0.331,0.463,1,19.757,7.151,0.000,357,76215,2251,25329
3384,6.299,6.279,5.799,0.127,0.015,0.338,0,22.200,7.075,0.000,0,1496,0,0
3385,28.230,28.230,13.936,13.544,0.403,0.347,1,22.200,7.075,0.000,357,76215,2252,25329
3386,5.135,4.819,4.245,0.120,0.009,0.445,0,20.464,7.983,0.000,0,1496,0,0
3387,28.469,28.469,13.763,13.979,0.393,0.335,1,20.464,7.983,0.000,357,76215,2252,25329
3388,4.902,4.371,3.933,0.119,0.011,0.308,0,22.362,7.247,0.000,0,1496,0,0
3389,29.258,29.258,15.463,13.068,0.295,0.433,1,22.362,7.247,0.000,357,76215,2252,25329
3390,4.576,4.576,4.112,0.120,0.009,0.335,0,21.409,7.429,0.000,0,1496,0,0
3391,30.373,30.373,15.426,14.096,0.450,0.401,1,21.409,7.429,0.000,357,76215,2251,25329
3392,4.840,4.840,4.251,0.120,0.010,0.459,0,21.905,7.088,0.000,0,1496,0,0
3393,31.472,31.472,15.811,14.910,0.409,0.343,1,21.905,7.088,0.000,357,76215,2253,25329
3394,5.663,5.663,5.152,0.125,0.011,0.375,0,20.347,7.225,0.000,0,1496,0,0
3395,29.654,29.654,14.616,14.190,0.391,0.458,1,20.347,7.225,0.000,357,76215,2252,25329
3396,4.592,4.592,4.140,0.121,0.010,0.322,0,21.423,7.234,0.000,0,1496,0,0
3397,27.220,27.220,13.697,12.582,0.595,0.345,1,21.423,7.234,0.000,357,76215,2252,25329
3398,4.686,4.686,4.134,0.121,0.009,0.421,0,20.944,7.047,0.000,0,1496,0,0
3399,28.766,28.766,13.421,14.537,0.416,0.392,1,20.944,7.047,0.000,357,76215,2246,25329
3400,5.068,5.068,4.444,0.120,0.010,0.493,0,22.232,7.187,0.000,0,1424,0,0
3401,27.103,27.103,12.504,13.311,0.346,0.942,1,22.232,7.187,0.000,359,76239,2251,25329
3402,4.356,4.356,3.844,0.122,0.018,0.372,0,22.232,7.187,0.000,0,1520,0,0
3403,30.106,30.106,15.783,13.392,0.423,0.507,1,22.261,6.985,0.000,359,76239,2252,25329
3404,4.676,4.676,4.199,0.123,0.009,0.344,0,20.767,8.777,0.000,0,1520,0,0
3405,27.429,27.429,13.892,12.667,0.497,0.373,1,20.767,8.777,0.000,359,76239,2252,25329
3406,4.655,4.655,4.067,0.121,0.011,0.456,0,21.181,7.605,0.000,0,1520,0,0
3407,27.924,27.924,13.947,13.170,0.421,0.386,1,21.181,7.605,0.000,359,76239,2252,25329
3408,4.608,4.608,4.139,0.137,0.009,0.323,0,20.344,7.800,0.000,0,1520,0,0
3409,26.651,26.651,13.056,12.647,0.407,0.542,1,20.344,7.800,0.000,359,76239,2252,25329
3410,4.661,4.661,4.174,0.122,0.011,0.354,0,20.344,7.800,0.000,0,1520,0,0
3411,31.332,31.332,16.461,14.039,0.460,0.373,1,24.226,6.839,1.997,359,76239,1878,25329
3412,4.614,4.614,4.051,0.123,0.009,0.431,0,21.308,6.302,1.997,0,1520,0,0
3413,27.418,27.418,13.722,12.957,0.382,0.357,1,21.308,6.302,0.000,359,76239,2252,25329
3414,4.387,4.387,3.946,0.122,0.010,0.309,0,21.478,6.936,0.000,0,1520,0,0
3415,29.251,29.251,13.542,14.729,0.563,0.417,1,21.478,6.936,0.000,359,76239,2252,25329
3416,4.378,4.378,3.935,0.123,0.012,0.308,0,23.765,7.209,0.000,0,1520,0,0
3417,25.941,25.941,11.894,13.387,0.318,0.341,1,23.765,7.209,0.000,359,76239,2252,25329
3418,6.740,6.740,6.174,0.132,0.015,0.419,0,21.484,7.210,0.000,0,1520,0,0
3419,26.561,26.561,12.539,13.307,0.420,0.296,1,21.484,7.210,0.000,359,76239,2251,25329
3420,6.094,5.390,4.972,0.126,0.010,0.282,0,21.484,7.210,0.000,0,1520,1,0
3421,28.674,28.674,14.141,13.792,0.355,0.386,1,23.462,7.240,0.000,359,76239,2251,25329
3422,4.170,4.170,3.757,0.122,0.012,0.280,0,22.071,7.514,0.000,0,1520,0,0
3423,26.529,26.529,11.695,14.300,0.241,0.294,1,22.071,7.514,0.000,359,76239,2252,25329
3424,6.649,6.649,6.061,0.131,0.016,0.442,0,20.855,7.148,0.000,0,1520,0,0
3425,28.507,28.507,13.920,13.838,0.388,0.361,1,20.855,7.148,0.000,359,76239,2252,25329
3426,4.375,4.375,3.945,0.122,0.010,0.298,0,21.696,7.258,0.000,0,1520,0,0
3427,27.586,27.586,14.144,12.700,0.305,0.436,1,21.696,7.258,0.000,359,76239,2252,25329
3428,5.782,4.505,4.075,0.123,0.009,0.298,0,20.096,8.231,0.000,0,1520,0,0
3429,26.012,26.012,12.806,12.393,0.485,0.328,1,20.096,8.231,0.000,359,76239,2251,25329
3430,7.360,4.570,4.043,0.125,0.010,0.392,0,19.864,7.755,0.000,0,1520,0,0
3431,25.163,25.163,11.791,12.629,0.419,0.324,1,19.864,7.755,0.000,359,76239,2252,25329
3432,8.204,6.669,6.229,0.125,0.014,0.301,0,22.381,6.965,0.000,0,1520,0,0
3433,26.866,26.866,12.892,13.246,0.380,0.348,1,22.381,6.965,0.000,359,76239,2252,25329
3434,6.503,4.575,4.216,0.125,0.011,0.224,0,20.659,7.360,0.000,0,1520,0,0
3435,25.926,25.926,12.735,12.465,0.483,0.243,1,20.659,7.360,0.000,359,76239,2252,25329
3436,7.438,4.487,4.073,0.122,0.010,0.281,0,20.893,7.119,0.000,0,1520,0,0
3437,27.586,27.586,12.886,14.093,0.373,0.234,1,20.893,7.119,0.000,359,76239,2252,25329
3438,5.777,4.534,4.134,0.122,0.009,0.268,0,19.599,6.872,0.000,0,1520,0,0
3439,26.688,26.688,12.235,13.527,0.436,0.490,1,19.599,6.872,0.000,359,76239,2251,25329
3440,6.701,4.708,4.156,0.123,0.010,0.418,0,19.599,6.872,0.000,0,1520,0,0
3441,32.223,32.223,14.626,16.745,0.409,0.444,1,21.101,6.029,2.435,359,76239,1800,25329
3442,4.881,4.881,4.200,0.122,0.010,0.548,0,21.101,6.029,2.435,0,1520,0,0
3443,28.343,28.343,11.786,15.765,0.346,0.445,1,21.101,6.029,0.000,359,76239,2253,25329
3444,4.478,4.478,3.901,0.121,0.014,0.442,0,22.452,6.905,0.000,0,1520,0,0
3445,27.373,27.373,11.956,13.805,0.337,1.275,1,22.452,6.905,0.000,359,76239,2252,25329
3446,4.405,4.405,3.844,0.121,0.011,0.428,0,22.452,6.905,0.000,0,1520,0,0
3447,31.389,31.389,15.388,14.483,1.076,0.442,1,19.635,6.285,1.698,359,76239,1941,25329
3448,4.541,4.541,3.869,0.123,0.009,0.541,0,19.635,6.285,1.698,0,1520,0,0
3449,26.392,26.392,10.912,14.716,0.305,0.458,1,19.635,6.285,0.000,359,76239,2251,25329
3450,7.480,7.480,6.946,0.122,0.010,0.401,0,19.832,7.094,0.000,0,1520,0,0
3451,30.776,30.776,15.138,14.733,0.342,0.564,1,20.434,7.541,0.000,359,76239,2252,25329
3452,4.920,4.920,4.364,0.126,0.012,0.419,0,20.434,7.541,0.000,0,1520,0,0
3453,29.666,29.666,15.817,13.104,0.332,0.413,1,20.064,6.958,0.000,359,76239,2252,25329
3454,5.923,5.923,5.063,0.127,0.011,0.722,0,20.064,6.958,0.000,0,1520,0,0
3455,7.445,6.759,6.172,0.123,0.013,0.451,0,20.064,6.958,0.000,0,1520,0,0
3456,28.031,28.031,13.623,13.641,0.389,0.378,1,20.064,6.958,0.000,359,76239,2252,25329
3457,5.330,4.817,4.118,0.124,0.011,0.565,0,22.243,7.315,0.000,0,1520,0,0
3458,25.722,25.722,10.941,14.129,0.295,0.358,1,22.243,7.315,0.000,359,76239,2251,25329
3459,7.647,6.301,5.816,0.153,0.010,0.321,0,20.000,7.005,0.000,0,1520,1,0
3460,29.273,29.273,14.961,13.412,0.396,0.504,1,20.000,7.005,0.000,359,76239,2251,25329
3461,5.218,5.218,4.659,0.139,0.016,0.404,0,21.353,7.074,0.000,0,1520,0,0
3462,28.216,28.216,13.358,14.103,0.355,0.400,1,21.353,7.074,0.000,359,76239,2252,25329
3463,4.525,4.525,3.944,0.124,0.009,0.448,0,22.307,7.160,0.000,0,1528,0,0
3464,27.392,27.392,13.089,12.870,1.016,0.417,1,22.307,7.160,0.000,362,76231,2266,25329
3465,5.482,4.308,3.823,0.123,0.011,0.351,0,21.949,7.218,0.000,0,1512,0,0
3466,25.938,25.938,11.910,13.176,0.360,0.493,1,21.949,7.218,0.000,361,76231,2264,25329
3467,7.427,5.083,4.606,0.123,0.011,0.342,0,22.244,7.375,0.000,0,1512,0,0
3468,25.274,25.274,11.582,13.006,0.343,0.342,1,22.244,7.375,0.000,361,76231,2263,25329
3469,8.092,5.209,4.052,0.125,0.014,1.018,0,21.418,7.026,0.000,0,1512,0,0
3470,25.386,25.386,10.914,13.752,0.334,0.386,1,21.418,7.026,0.000,361,76231,2264,25329
3471,7.985,4.527,4.015,0.123,0.011,0.378,0,21.693,7.178,0.000,0,1512,0,0
3472,25.809,25.809,10.998,13.955,0.376,0.480,1,21.693,7.178,0.000,361,76231,2264,25329
3473,7.553,4.386,3.885,0.122,0.015,0.364,0,22.716,6.973,0.000,0,1512,0,0
3474,25.976,25.976,11.235,13.981,0.393,0.367,1,22.716,6.973,0.000,362,76231,2266,25329
3475,7.388,4.655,4.056,0.123,0.010,0.467,0,21.632,7.137,0.000,0,1512,0,0
3476,28.175,28.175,14.097,13.300,0.402,0.377,1,21.632,7.137,0.000,361,76231,2264,25329
3477,5.188,4.958,4.524,0.125,0.010,0.299,0,20.757,7.115,0.000,0,1512,0,0
3478,28.008,28.008,12.296,14.947,0.347,0.419,1,20.757,7.115,0.000,361,76231,2263,25329
3479,5.366,4.450,4.012,0.123,0.010,0.305,0,22.600,7.220,0.000,0,1512,0,0
3480,25.697,25.697,12.503,12.593,0.249,0.352,1,22.600,7.220,0.000,361,76231,2264,25329
3481,7.668,5.099,4.525,0.124,0.010,0.440,0,21.238,7.397,0.000,0,1512,0,0
3482,25.488,25.488,10.932,13.839,0.373,0.344,1,21.238,7.397,0.000,361,76231,2264,25329
3483,7.878,4.892,4.426,0.127,0.010,0.329,0,21.284,7.093,0.000,0,1512,0,0
3484,25.945,25.945,11.887,13.131,0.475,0.452,1,21.284,7.093,0.000,362,76231,2266,25329
3485,7.420,5.221,4.676,0.127,0.011,0.407,0,22.180,7.230,0.000,0,1512,0,0
3486,25.435,25.435,11.594,13.082,0.337,0.422,1,22.180,7.230,0.000,361,76231,2264,25329
3487,7.930,4.532,3.869,0.123,0.013,0.527,0,21.551,7.047,0.000,0,1512,0,0
3488,25.434,25.434,11.583,13.112,0.330,0.409,1,21.551,7.047,0.000,361,76231,2263,25329
3489,7.938,4.351,3.810,0.123,0.013,0.405,0,21.814,7.114,0.000,0,1512,0,0
3490,26.163,26.163,11.958,13.319,0.339,0.547,1,21.814,7.114,0.000,361,76231,2264,25329
3491,7.211,4.377,3.853,0.123,0.010,0.390,0,23.050,7.072,0.000,0,1512,0,0
3492,28.674,28.674,14.276,13.586,0.401,0.411,1,23.050,7.072,0.000,361,76231,2264,25329
3493,4.748,4.748,4.101,0.124,0.010,0.513,0,21.519,7.340,0.000,0,1512,0,0
3494,28.154,28.154,12.743,14.635,0.360,0.416,1,21.519,7.340,0.000,361,76231,2265,25329
3495,5.153,4.567,4.039,0.123,0.011,0.394,0,22.743,7.117,0.000,0,1512,0,0
3496,29.442,29.442,14.725,13.901,0.290,0.525,1,22.743,7.117,0.000,361,76231,2263,25329
3497,4.743,4.743,4.271,0.126,0.010,0.336,0,21.543,7.946,0.000,0,1512,0,0
3498,27.915,27.915,13.497,13.193,0.352,0.873,1,21.543,7.946,0.000,361,76231,2264,25329
3499,4.628,4.386,3.912,0.123,0.009,0.341,0,21.691,7.310,0.000,0,1512,0,0
3500,26.055,26.055,11.897,13.550,0.309,0.299,1,21.691,7.310,0.000,361,76231,2264,25329
3501,7.312,7.228,6.649,0.130,0.015,0.433,0,20.213,7.351,0.000,0,1512,0,0
3502,26.421,26.421,11.961,13.696,0.434,0.330,1,20.213,7.351,0.000,361,76231,2264,25329
3503,6.971,4.393,3.944,0.123,0.010,0.316,0,23.005,7.837,0.000,0,1512,0,0
3504,24.669,24.669,11.125,12.740,0.304,0.499,1,23.005,7.837,0.000,361,76231,2264,25329
3505,8.683,4.420,3.978,0.124,0.010,0.308,0,23.022,7.226,0.000,0,1512,0,0
3506,28.975,28.975,14.493,13.829,0.353,0.300,1,19.731,7.483,0.000,361,76231,2263,25329
3507,4.457,4.457,4.005,0.124,0.010,0.317,0,19.731,7.483,0.000,0,1512,0,0
3508,26.338,26.338,11.899,13.832,0.358,0.249,1,19.731,7.483,0.000,361,76231,2264,25329
3509,6.958,4.200,3.847,0.123,0.011,0.219,0,20.953,7.024,0.000,0,1512,0,0
3510,26.142,26.142,11.802,13.221,0.297,0.822,1,20.953,7.024,0.000,361,76231,2264,25329
3511,7.218,4.220,3.891,0.124,0.010,0.195,0,21.118,7.010,0.000,0,1512,0,0
3512,25.664,25.664,12.441,12.495,0.485,0.243,1,21.118,7.010,0.000,361,76231,2264,25329
3513,7.707,4.968,4.567,0.124,0.009,0.268,0,21.076,7.039,0.000,0,1512,0,0
3514,26.243,26.243,13.331,12.370,0.324,0.218,1,21.076,7.039,0.000,362,76231,2266,25329
3515,7.125,5.575,5.201,0.142,0.011,0.221,0,19.559,7.001,0.000,0,1512,0,0
3516,26.029,26.029,11.937,13.363,0.407,0.322,1,19.559,7.001,0.000,361,76231,2263,25329
3517,7.383,4.367,4.036,0.125,0.009,0.197,0,19.559,7.001,0.000,0,1512,0,0
3518,27.101,27.101,12.263,14.198,0.453,0.187,1,23.888,7.832,1.516,361,76231,1980,25329
3519,8.616,8.616,8.242,0.130,0.014,0.230,0,21.974,7.344,1.516,0,1512,0,0
3520,25.166,25.166,11.643,12.934,0.392,0.198,1,21.974,7.344,0.000,361,76231,2264,25329
3521,5.808,4.312,3.994,0.123,0.010,0.186,0,21.974,7.344,0.000,0,1512,0,0
3522,26.895,26.895,13.585,12.537,0.382,0.391,1,22.477,7.775,0.000,361,76231,2264,25329
3523,6.461,4.816,4.466,0.127,0.010,0.213,0,20.876,7.255,0.000,0,1512,0,0
3524,28.560,28.560,14.132,13.861,0.354,0.214,1,20.876,7.255,0.000,361,76231,2263,25329
3525,4.812,4.485,4.087,0.123,0.010,0.264,0,20.253,7.146,0.000,0,1512,0,0
3526,29.769,29.769,15.060,14.135,0.352,0.222,1,20.253,7.146,0.000,361,76231,2264,25329
3527,4.438,4.438,4.085,0.118,0.010,0.225,0,21.195,7.306,0.000,0,752,0,0
3528,28.897,28.897,14.726,13.550,0.335,0.286,1,21.195,7.306,0.000,355,75471,2201,25329
3529,4.020,4.020,3.688,0.119,0.009,0.204,0,19.696,7.021,0.000,0,752,0,0
3530,27.596,27.596,14.598,12.397,0.358,0.243,1,19.696,7.021,0.000,355,75471,2201,25329
3531,5.376,4.702,4.290,0.118,0.009,0.285,0,19.705,6.963,0.000,0,752,0,0
3532,26.955,26.955,13.428,12.866,0.422,0.239,1,19.705,6.963,0.000,355,75471,2201,25329
3533,6.412,4.505,4.099,0.180,0.011,0.215,0,19.353,7.049,0.000,0,752,0,0
3534,26.499,26.499,12.223,13.586,0.390,0.300,1,19.353,7.049,0.000,355,75471,2200,25329
3535,6.876,4.053,3.720,0.120,0.009,0.204,0,19.318,6.931,0.000,0,752,0,0
3536,24.522,24.522,11.798,12.099,0.379,0.246,1,19.318,6.931,0.000,355,75471,2201,25329
3537,8.842,4.552,4.173,0.118,0.010,0.250,0,20.375,7.009,0.000,0,752,0,0
3538,24.279,24.279,11.552,12.101,0.457,0.169,1,20.375,7.009,0.000,355,75471,2201,25329
3539,9.084,5.058,4.784,0.120,0.011,0.143,0,20.743,7.075,0.000,0,752,0,0
3540,24.579,24.579,11.663,12.254,0.446,0.217,1,20.743,7.075,0.000,355,75471,2201,25329
3541,8.788,4.957,4.642,0.120,0.010,0.184,0,20.766,7.094,0.000,0,752,0,0
3542,24.664,24.664,11.769,12.172,0.452,0.271,1,20.766,7.094,0.000,355,75471,2200,25329
3543,8.706,4.864,4.458,0.118,0.009,0.280,0,21.039,6.805,0.000,0,752,0,0
3544,24.681,24.681,11.710,12.202,0.524,0.245,1,21.039,6.805,0.000,355,75471,2201,25329
3545,8.684,5.109,4.777,0.119,0.009,0.205,0,21.271,6.887,0.000,0,748,0,0
3546,25.600,25.600,12.675,12.084,0.443,0.398,1,21.271,6.887,0.000,355,75467,2188,25329
3547,7.766,4.386,3.956,0.118,0.016,0.296,0,20.768,7.550,0.000,0,748,0,0
3548,27.447,27.447,12.825,13.935,0.397,0.290,1,20.768,7.550,0.000,354,75467,2186,25329
3549,5.917,4.607,4.151,0.117,0.010,0.328,0,21.743,7.309,0.000,0,748,0,0
3550,25.359,25.359,11.110,13.688,0.250,0.310,1,21.743,7.309,0.000,354,75467,2186,25329
3551,8.013,4.200,3.762,0.116,0.011,0.311,0,20.799,6.980,0.000,0,748,0,0
3552,25.305,25.305,10.777,13.717,0.426,0.385,1,20.799,6.980,0.000,354,75467,2185,25329
3553,8.061,3.952,3.552,0.116,0.009,0.274,0,21.892,6.848,0.000,0,748,0,0
3554,27.012,27.012,13.082,13.226,0.403,0.302,1,21.892,6.848,0.000,354,75467,2186,25329
3555,6.353,4.112,3.709,0.118,0.010,0.274,0,20.885,7.161,0.000,0,748,0,0
3556,25.906,25.906,12.036,13.216,0.403,0.251,1,20.885,7.161,0.000,354,75467,2186,25329
3557,7.474,3.988,3.660,0.116,0.009,0.203,0,22.755,7.151,0.000,0,748,0,0
3558,24.332,24.332,10.983,12.668,0.382,0.298,1,22.755,7.151,0.000,354,75467,2186,25329
3559,9.020,5.802,5.455,0.118,0.012,0.216,0,22.264,6.946,0.000,0,748,0,0
3560,24.819,24.819,11.938,12.161,0.477,0.242,1,22.264,6.946,0.000,354,75467,2185,25329
3561,8.549,4.447,3.965,0.118,0.010,0.353,0,20.149,7.464,0.000,0,748,0,0
3562,27.042,27.042,12.597,13.663,0.454,0.328,1,20.149,7.464,0.000,354,75467,2186,25329
3563,6.323,5.646,5.201,0.117,0.011,0.317,0,21.545,7.329,0.000,0,748,0,0
3564,28.599,28.599,14.414,13.055,0.515,0.616,1,21.545,7.329,0.000,354,75467,2186,25329
3565,4.768,4.211,3.796,0.118,0.009,0.287,0,21.904,7.307,0.000,0,748,0,0
3566,26.438,26.438,13.335,12.289,0.333,0.481,1,21.904,7.307,0.000,354,75467,2186,25329
3567,6.932,4.515,3.958,0.124,0.009,0.425,0,19.749,7.594,0.000,0,748,0,0
3568,25.879,25.879,12.603,12.359,0.579,0.339,1,19.749,7.594,0.000,354,75467,2185,25329
3569,7.583,4.662,4.213,0.120,0.012,0.317,0,20.470,6.946,0.000,0,748,0,0
3570,25.914,25.914,11.084,13.967,0.444,0.419,1,20.470,6.946,0.000,354,75467,2186,25329
3571,7.405,4.305,3.881,0.117,0.012,0.295,0,24.015,7.017,0.000,0,748,0,0
3572,30.141,30.141,13.969,15.475,0.402,0.295,1,24.015,7.017,2.214,354,75467,1775,25329
3573,4.683,4.683,4.148,0.120,0.013,0.401,0,24.015,7.017,2.214,0,748,0,0
3574,31.306,31.306,15.192,15.425,0.406,0.284,1,21.535,5.846,3.357,354,75467,1748,25329
3575,3.909,3.909,3.524,0.119,0.010,0.256,0,21.535,5.846,3.357,0,748,0,0
3576,27.753,27.753,12.664,14.316,0.391,0.382,1,21.535,5.846,0.000,354,75467,2187,25329
3577,3.996,3.996,3.607,0.142,0.010,0.236,0,21.855,7.116,0.000,0,748,0,0
3578,25.098,25.098,12.084,12.275,0.525,0.215,1,21.855,7.116,0.000,354,75467,2185,25329
3579,6.548,4.572,4.204,0.118,0.012,0.239,0,20.214,6.964,0.000,0,748,0,0
3580,25.624,25.624,12.675,12.427,0.342,0.179,1,20.214,6.964,0.000,354,75467,2186,25329
3581,7.757,3.998,3.699,0.118,0.011,0.171,0,20.211,7.302,0.000,0,748,0,0
3582,26.247,26.247,12.369,13.211,0.393,0.275,1,20.211,7.302,0.000,354,75467,2186,25329
3583,7.090,3.915,3.556,0.131,0.010,0.218,0,20.806,7.187,0.000,0,748,0,0
3584,25.479,25.479,12.111,12.729,0.393,0.245,1,20.806,7.187,0.000,354,75467,2186,25329
3585,7.885,4.033,3.648,0.117,0.010,0.258,0,20.491,6.899,0.000,0,748,0,0
3586,25.417,25.417,11.642,12.912,0.655,0.208,1,20.491,6.899,0.000,354,75467,2185,25329
3587,7.956,3.845,3.480,0.116,0.015,0.234,0,21.234,6.819,0.000,0,748,0,0
3588,24.914,24.914,11.002,12.470,1.140,0.300,1,21.234,6.819,0.000,354,75467,2187,25329
3589,8.460,3.764,3.457,0.118,0.011,0.178,0,22.487,6.936,0.000,0,748,0,0
3590,24.361,24.361,10.973,12.737,0.448,0.203,1,22.487,6.936,0.000,354,75467,2186,25329
3591,8.993,4.044,3.727,0.117,0.010,0.190,0,22.743,7.131,0.000,0,748,0,0
3592,24.070,24.070,10.750,12.597,0.506,0.216,1,22.743,7.131,0.000,354,75467,2186,25329
3593,9.305,3.919,3.613,0.116,0.010,0.179,0,22.084,7.502,0.000,0,748,0,0
3594,23.895,23.895,10.647,12.499,0.496,0.252,1,22.084,7.502,0.000,354,75467,2185,25329
3595,9.474,3.735,3.434,0.117,0.011,0.173,0,21.305,7.568,0.000,0,748,0,0
3596,27.806,27.806,12.831,14.423,0.366,0.185,1,21.305,7.568,0.000,354,75467,2186,25329
3597,5.550,4.204,3.848,0.119,0.010,0.227,0,19.678,7.528,0.000,0,748,0,0
3598,24.899,24.899,12.063,12.297,0.345,0.194,1,19.678,7.528,0.000,354,75467,2186,25329
3599,8.469,4.995,4.698,0.118,0.012,0.166,0,20.996,6.815,0.000,0,748,0,0
3600,26.857,26.857,12.667,13.660,0.399,0.131,1,20.996,6.815,0.000,354,75467,2186,25329
3601,6.515,4.180,3.795,0.168,0.010,0.207,0,20.835,7.295,0.000,0,748,0,0
3602,26.130,26.130,12.696,12.801,0.424,0.209,1,20.835,7.295,0.000,354,75467,2186,25329
3603,7.227,4.166,3.874,0.117,0.012,0.163,0,21.168,7.087,0.000,0,748,0,0
3604,25.864,25.864,12.129,13.160,0.400,0.175,1,21.168,7.087,0.000,354,75467,2185,25329
3605,7.514,3.876,3.541,0.118,0.011,0.206,0,22.337,7.122,0.000,0,748,0,0
3606,24.338,24.338,11.210,12.268,0.672,0.189,1,22.337,7.122,0.000,342,75419,2126,25329
3607,9.032,3.972,3.602,0.111,0.010,0.249,0,21.621,7.735,0.000,0,724,0,0
3608,25.817,25.817,10.868,14.167,0.428,0.355,1,21.621,7.735,0.000,348,75443,2177,25329
3609,7.562,3.845,3.516,0.112,0.010,0.207,0,21.621,7.735,0.000,0,724,0,0
3610,16.656,8.524,8.183,0.121,0.011,0.210,0,28.805,8.266,0.000,0,724,0,0
3611,28.689,28.689,11.383,16.592,0.416,0.298,1,20.926,5.354,4.319,348,75443,1646,25329
3612,4.694,3.774,3.444,0.111,0.010,0.208,0,20.926,5.354,4.319,0,724,0,0
3613,28.314,28.314,13.073,14.633,0.381,0.228,1,20.926,5.354,1.581,348,75443,1850,25329
3614,5.039,3.979,3.590,0.112,0.010,0.267,0,21.103,6.328,1.581,0,724,0,0
3615,24.688,24.688,11.375,12.786,0.310,0.217,1,21.103,6.328,0.000,348,75443,2156,25329
3616,8.677,4.400,4.085,0.112,0.011,0.193,0,20.259,6.733,0.000,0,724,0,0
3617,24.488,24.488,11.800,12.001,0.404,0.283,1,20.259,6.733,0.000,348,75443,2156,25329
3618,8.885,4.665,4.364,0.113,0.009,0.178,0,21.210,6.823,0.000,0,724,0,0
3619,24.543,24.543,11.881,12.100,0.415,0.147,1,21.210,6.823,0.000,348,75443,2156,25329
3620,8.820,3.888,3.600,0.111,0.009,0.168,0,20.309,7.063,0.000,0,724,0,0
3621,24.670,24.670,11.375,12.762,0.399,0.134,1,20.309,7.063,0.000,348,75443,2155,25329
3622,8.698,3.906,3.612,0.111,0.012,0.170,0,19.784,7.029,0.000,0,724,0,0
3623,24.902,24.902,10.828,13.408,0.416,0.250,1,19.784,7.029,0.000,348,75443,2156,25329
3624,8.463,3.668,3.372,0.111,0.011,0.174,0,20.670,6.935,0.000,0,724,0,0
3625,24.557,24.557,11.079,12.905,0.381,0.192,1,20.670,6.935,0.000,348,75443,2156,25329
3626,8.811,3.793,3.443,0.112,0.010,0.228,0,20.415,6.956,0.000,0,724,0,0
3627,23.215,23.215,10.578,12.082,0.325,0.231,1,20.415,6.956,0.000,348,75443,2156,25329
3628,10.148,5.731,5.413,0.115,0.010,0.192,0,20.902,7.021,0.000,0,724,0,0
3629,25.031,25.031,12.085,12.165,0.549,0.232,1,20.902,7.021,0.000,349,75443,2158,25329
3630,8.335,4.700,4.415,0.113,0.011,0.161,0,20.944,7.384,0.000,0,724,0,0
3631,24.177,24.177,11.253,12.231,0.525,0.168,1,20.944,7.384,0.000,348,75443,2155,25329
3632,9.190,5.054,4.734,0.114,0.009,0.197,0,20.391,7.422,0.000,0,724,0,0
3633,24.079,24.079,11.433,11.959,0.521,0.165,1,20.391,7.422,0.000,348,75443,2156,25329
3634,9.287,4.592,4.330,0.112,0.010,0.139,0,19.472,8.268,0.000,0,724,0,0
3635,24.348,24.348,11.730,11.922,0.481,0.215,1,19.472,8.268,0.000,348,75443,2156,25329
3636,9.064,4.621,4.359,0.113,0.010,0.137,0,20.267,7.634,0.000,0,724,0,0
3637,26.959,26.959,13.679,12.684,0.412,0.184,1,20.267,7.634,0.000,348,75443,2156,25329
3638,6.360,4.563,4.227,0.112,0.009,0.214,0,20.741,7.201,0.000,0,724,0,0
3639,24.436,24.436,10.515,13.460,0.324,0.137,1,20.741,7.201,0.000,348,75443,2155,25329
3640,8.936,3.710,3.472,0.112,0.010,0.117,0,19.636,6.835,0.000,0,724,0,0
3641,24.640,24.640,10.597,13.477,0.408,0.158,1,19.636,6.835,0.000,348,75443,2156,25329
3642,8.767,3.800,3.541,0.111,0.014,0.134,0,19.863,6.916,0.000,0,724,0,0
3643,27.059,27.059,12.741,13.791,0.381,0.146,1,19.863,6.916,0.000,348,75443,2156,25329
3644,6.268,4.062,3.743,0.114,0.011,0.194,0,19.277,6.951,0.000,0,724,0,0
3645,25.624,25.624,12.089,12.815,0.522,0.198,1,19.277,6.951,0.000,348,75443,2156,25329
3646,7.749,3.860,3.594,0.111,0.011,0.143,0,22.848,7.684,0.000,0,724,0,0
3647,28.894,28.894,14.145,14.151,0.382,0.216,1,19.684,6.168,1.413,348,75443,1871,25329
3648,4.464,4.321,4.023,0.114,0.012,0.171,0,19.684,6.168,1.413,0,724,0,0
3649,26.804,26.804,14.126,12.253,0.255,0.170,1,19.684,6.168,0.000,348,75443,2156,25329
3650,6.568,4.844,4.521,0.117,0.012,0.194,0,20.184,7.041,0.000,0,724,0,0
3651,24.931,24.931,11.038,13.170,0.547,0.176,1,20.184,7.041,0.000,349,75443,2158,25329
3652,8.442,3.902,3.618,0.112,0.009,0.162,0,21.616,8.037,0.000,0,724,0,0
3653,25.634,25.634,12.317,12.416,0.604,0.297,1,21.616,8.037,0.000,348,75443,2156,25329
3654,7.724,4.178,3.865,0.112,0.015,0.186,0,20.189,7.839,0.000,0,724,0,0
3655,27.132,27.132,13.084,13.432,0.394,0.221,1,20.189,7.839,0.000,348,75443,2156,25329
3656,6.233,3.997,3.611,0.113,0.010,0.263,0,20.851,7.228,0.000,0,724,0,0
3657,24.815,24.815,11.324,12.953,0.297,0.241,1,20.851,7.228,0.000,348,75443,2155,25329
3658,8.555,3.788,3.438,0.111,0.010,0.229,0,20.519,6.870,0.000,0,724,0,0
3659,24.016,24.016,10.954,12.324,0.479,0.258,1,20.519,6.870,0.000,348,75443,2156,25329
3660,9.360,3.787,3.497,0.111,0.010,0.169,0,21.977,6.963,0.000,0,724,0,0
3661,24.050,24.050,10.963,12.435,0.455,0.197,1,21.977,6.963,0.000,349,75443,2158,25329
3662,9.319,4.002,3.647,0.110,0.010,0.235,0,21.886,7.896,0.000,0,724,0,0
3663,23.785,23.785,10.848,12.217,0.465,0.255,1,21.886,7.896,0.000,348,75443,2156,25329
3664,9.571,3.839,3.506,0.111,0.009,0.213,0,22.701,6.783,0.000,0,724,0,0
3665,24.372,24.372,11.351,12.250,0.460,0.312,1,22.701,6.783,0.000,348,75443,2155,25329
3666,8.997,3.663,3.343,0.111,0.010,0.198,0,21.443,8.174,0.000,0,724,0,0
3667,24.821,24.821,11.928,12.221,0.438,0.234,1,21.443,8.174,0.000,348,75443,2156,25329
3668,8.537,5.499,5.051,0.114,0.011,0.323,0,19.835,7.729,0.000,0,728,0,0
3669,27.021,27.021,12.800,13.595,0.348,0.279,1,19.835,7.729,0.000,349,75447,2171,25329
3670,6.349,3.791,3.443,0.113,0.010,0.226,0,21.214,7.143,0.000,0,728,0,0
3671,24.988,24.988,10.665,13.719,0.280,0.324,1,21.214,7.143,0.000,349,75447,2171,25329
3672,8.380,3.739,3.398,0.113,0.011,0.217,0,21.859,7.079,0.000,0,728,0,0
3673,25.131,25.131,10.745,13.819,0.339,0.229,1,21.859,7.079,0.000,349,75447,2170,25329
3674,8.231,3.802,3.445,0.112,0.011,0.235,0,20.320,6.812,0.000,0,728,0,0
3675,25.263,25.263,11.903,12.705,0.450,0.205,1,20.320,6.812,0.000,349,75447,2171,25329
3676,8.107,4.424,4.164,0.114,0.009,0.137,0,20.455,7.036,0.000,0,728,0,0
3677,27.362,27.362,12.048,14.789,0.351,0.174,1,20.455,7.036,0.000,349,75447,2171,25329
3678,6.005,3.748,3.499,0.113,0.010,0.126,0,20.507,7.347,0.000,0,728,0,0
3679,25.138,25.138,11.443,13.175,0.367,0.152,1,20.507,7.347,0.000,349,75447,2171,25329
3680,8.227,4.415,4.138,0.112,0.011,0.154,0,20.058,7.221,0.000,0,728,0,0
3681,24.532,24.532,10.477,13.487,0.427,0.141,1,20.058,7.221,0.000,350,75447,2173,25329
3682,8.834,3.706,3.430,0.113,0.013,0.149,0,20.695,7.124,0.000,0,728,0,0
3683,25.216,25.216,10.964,13.536,0.389,0.327,1,20.695,7.124,0.000,349,75447,2170,25329
3684,8.154,3.952,3.431,0.112,0.010,0.399,0,20.649,7.000,0.000,0,728,0,0
3685,25.015,25.015,10.557,13.675,0.390,0.393,1,20.649,7.000,0.000,349,75447,2171,25329
3686,8.351,4.165,3.521,0.113,0.011,0.520,0,21.512,7.214,0.000,0,752,0,0
3687,25.430,25.430,10.874,13.670,0.464,0.421,1,21.512,7.214,0.000,350,75495,2186,25329
3688,7.937,4.153,3.639,0.116,0.010,0.388,0,22.323,7.060,0.000,0,800,0,0
3689,25.731,25.731,11.156,13.715,0.326,0.534,1,22.323,7.060,0.000,350,75543,2186,25329
3690,7.637,4.202,3.697,0.113,0.010,0.382,0,22.512,6.832,0.000,0,848,0,0
3691,26.565,26.565,13.126,12.563,0.449,0.426,1,22.512,6.832,0.000,350,75591,2185,25329
3692,6.797,4.340,3.746,0.113,0.009,0.472,0,20.261,7.130,0.000,0,896,0,0
3693,27.700,27.700,12.903,14.045,0.353,0.400,1,20.261,7.130,0.000,350,75639,2187,25329
3694,5.671,4.110,3.588,0.141,0.010,0.371,0,21.769,7.176,0.000,0,944,0,0
3695,25.554,25.554,11.780,12.956,0.307,0.511,1,21.769,7.176,0.000,351,75683,2190,25329
3696,7.811,4.773,4.278,0.115,0.010,0.370,0,22.327,7.002,0.000,0,964,0,0
3697,25.391,25.391,11.576,12.909,0.523,0.383,1,22.327,7.002,0.000,351,75683,2190,25329
3698,7.975,5.132,4.545,0.120,0.014,0.453,0,21.239,7.223,0.000,0,964,0,0
3699,25.070,25.070,10.793,13.485,0.369,0.424,1,21.239,7.223,0.000,351,75683,2190,25329
3700,8.294,4.162,3.596,0.114,0.015,0.437,0,20.869,6.895,0.000,0,964,0,0
3701,24.962,24.962,11.334,12.866,0.415,0.347,1,20.869,6.895,0.000,351,75683,2189,25329
3702,8.409,3.859,3.424,0.114,0.010,0.312,0,21.308,7.174,0.000,0,964,0,0
3703,25.261,25.261,10.827,13.588,0.418,0.428,1,21.308,7.174,0.000,351,75683,2190,25329
3704,8.220,4.005,3.574,0.113,0.009,0.309,0,23.370,6.980,0.000,0,964,0,0
3705,26.748,26.748,11.682,14.192,0.525,0.348,1,23.370,6.980,1.883,351,75683,1852,25329
3706,6.801,4.579,4.000,0.114,0.011,0.454,0,23.028,6.206,1.883,0,964,0,0
3707,27.483,27.483,12.929,13.769,0.433,0.352,1,23.028,6.206,1.816,351,75683,1848,25329
3708,5.581,4.181,3.769,0.115,0.010,0.286,0,21.282,6.053,1.816,0,964,0,0
3709,27.604,27.604,13.158,13.693,0.347,0.406,1,21.282,6.053,0.000,351,75683,2189,25329
3710,5.769,3.912,3.493,0.116,0.010,0.293,0,21.812,7.078,0.000,0,964,0,0
3711,25.046,25.046,11.981,12.307,0.420,0.337,1,21.812,7.078,0.000,351,75683,2190,25329
3712,8.316,4.743,4.215,0.114,0.013,0.401,0,21.147,7.035,0.000,0,964,0,0
3713,25.308,25.308,11.593,13.003,0.421,0.291,1,21.147,7.035,0.000,351,75683,2191,25329
3714,8.061,4.629,4.162,0.114,0.016,0.337,0,20.801,7.348,0.000,0,964,0,0
3715,25.142,25.142,11.387,12.897,0.430,0.428,1,20.801,7.348,0.000,351,75683,2190,25329
3716,8.228,3.976,3.536,0.114,0.011,0.315,0,22.385,7.137,0.000,0,964,0,0
3717,25.388,25.388,11.658,13.071,0.336,0.323,1,22.385,7.137,0.000,351,75683,2189,25329
3718,7.977,4.113,3.521,0.119,0.017,0.455,0,20.971,6.952,0.000,0,964,1,0
3719,25.597,25.597,11.921,12.989,0.329,0.358,1,20.971,6.952,0.000,350,75679,2185,25329
3720,7.780,3.935,3.460,0.113,0.011,0.351,0,21.374,6.859,0.000,0,960,0,0
3721,28.989,28.989,15.062,13.053,0.399,0.474,1,21.374,6.859,0.000,355,76055,2228,25329
3722,4.559,4.559,4.126,0.120,0.010,0.303,0,21.099,7.231,0.000,0,1336,0,0
3723,25.957,25.957,12.622,12.561,0.428,0.346,1,21.099,7.231,0.000,355,76055,2228,25329
3724,7.226,5.260,4.707,0.124,0.012,0.417,0,23.097,7.058,0.000,0,1336,0,0
3725,25.392,25.392,11.942,12.476,0.630,0.345,1,23.097,7.058,0.000,355,76055,2228,25329
3726,7.962,6.218,5.671,0.119,0.012,0.416,0,22.402,7.205,0.000,0,1336,0,0
3727,28.211,28.211,13.774,13.083,0.347,1.007,1,22.402,7.205,0.000,355,76055,2227,25329
3728,5.159,4.468,4.049,0.122,0.010,0.288,0,22.257,7.035,0.000,0,1336,0,0
3729,27.852,27.852,13.259,13.751,0.438,0.403,1,22.257,7.035,0.000,355,76055,2228,25329
3730,5.512,5.112,4.481,0.120,0.011,0.499,0,22.909,7.516,0.000,0,1336,0,0
3731,27.517,27.517,13.103,13.729,0.307,0.378,1,22.909,7.516,0.000,355,76055,2228,25329
3732,5.848,4.853,4.359,0.121,0.011,0.363,0,21.676,7.477,0.000,0,1336,0,0
3733,29.507,29.507,15.277,13.324,0.416,0.491,1,21.676,7.477,0.000,355,76055,2228,25329
3734,4.588,4.588,4.123,0.120,0.010,0.335,0,20.907,8.073,0.000,0,1336,0,0
3735,25.465,25.465,11.953,12.767,0.385,0.360,1,20.907,8.073,0.000,355,76055,2228,25329
3736,7.193,4.490,3.926,0.119,0.010,0.435,0,22.875,7.010,0.000,0,1336,0,0
3737,29.331,29.331,14.888,13.753,0.351,0.340,1,19.858,7.348,0.000,355,76055,2227,25329
3738,4.630,4.630,4.153,0.133,0.015,0.330,0,19.858,7.348,0.000,0,1336,0,0
3739,28.569,28.569,13.748,14.037,0.358,0.427,1,19.858,7.348,0.000,355,76055,2228,25329
3740,5.082,5.082,4.606,0.118,0.014,0.344,0,23.347,7.193,0.000,0,1336,0,0
3741,28.940,28.940,14.448,13.868,0.330,0.294,1,23.347,7.193,0.000,355,76055,2228,25329
3742,4.391,4.391,3.977,0.123,0.009,0.283,0,19.850,7.201,0.000,0,1348,0,0
3743,42.543,42.543,15.956,25.923,0.442,0.223,1,19.850,7.201,0.000,358,76067,2300,25329
3744,6.960,6.960,6.562,0.133,0.015,0.250,0,19.850,7.201,0.000,0,1348,0,0
3745,4.700,4.700,4.241,0.123,0.010,0.326,0,40.337,7.921,0.000,0,1348,0,0
3746,31.174,31.174,12.334,18.117,0.448,0.275,1,40.337,7.921,5.518,358,76067,1637,25329
3747,4.301,4.301,3.882,0.159,0.010,0.250,0,25.633,3.027,5.518,0,1348,1,0
3748,24.667,24.667,10.941,12.972,0.393,0.361,1,25.633,3.027,0.000,358,76067,2284,25329
3749,4.172,4.172,3.823,0.122,0.011,0.217,0,25.633,3.027,0.000,0,1348,0,0
3750,31.536,31.536,17.558,13.390,0.342,0.245,1,23.108,7.704,0.000,358,76067,2285,25329
3751,4.901,4.901,4.488,0.122,0.009,0.282,0,21.693,7.595,0.000,0,1348,0,0
3752,26.415,26.415,13.215,12.602,0.371,0.226,1,21.693,7.595,0.000,358,76067,2285,25329
3753,4.488,4.488,4.163,0.123,0.011,0.190,0,20.928,7.253,0.000,0,1348,0,0
3754,26.763,26.763,13.203,12.778,0.515,0.266,1,20.928,7.253,0.000,359,76067,2287,25329
3755,4.586,4.586,4.253,0.124,0.013,0.196,0,21.557,7.068,0.000,0,1348,0,0
3756,27.880,27.880,13.009,14.140,0.352,0.380,1,21.557,7.068,0.000,358,76067,2284,25329
3757,4.945,4.945,4.556,0.123,0.012,0.253,0,21.555,7.452,0.000,0,1348,0,0
3758,26.071,26.071,11.956,13.663,0.239,0.212,1,21.555,7.452,0.000,359,76539,2298,25329
3759,6.657,4.697,4.334,0.122,0.011,0.230,0,21.555,7.351,0.000,0,1820,0,0
3760,25.758,25.758,11.283,13.796,0.336,0.342,1,21.555,7.351,0.000,359,76539,2293,25329
3761,7.604,4.519,4.150,0.123,0.013,0.233,0,21.452,7.166,0.000,0,1820,0,0
3762,27.650,27.650,13.658,13.338,0.400,0.254,1,21.452,7.166,0.000,359,76539,2293,25329
3763,5.721,4.689,4.266,0.125,0.011,0.286,0,21.738,7.345,0.000,0,1820,0,0
3764,27.137,27.137,12.950,13.538,0.388,0.261,1,21.738,7.345,0.000,359,76539,2294,25329
3765,6.224,4.608,4.253,0.124,0.010,0.221,0,21.340,7.031,0.000,0,1820,0,0
3766,28.487,28.487,13.814,13.979,0.369,0.325,1,21.340,7.031,0.000,359,76539,2292,25329
3767,4.988,4.988,4.580,0.128,0.011,0.269,0,22.142,7.023,0.000,0,1820,0,0
3768,25.968,25.968,12.037,13.406,0.262,0.263,1,22.142,7.023,0.000,359,76539,2293,25329
3769,7.346,5.423,4.824,0.126,0.013,0.461,0,21.128,7.092,0.000,0,1820,0,0
3770,26.587,26.587,12.294,13.685,0.342,0.266,1,21.128,7.092,0.000,359,76539,2293,25329
3771,6.737,5.252,4.851,0.126,0.014,0.261,0,21.278,7.097,0.000,0,1820,0,0
3772,26.386,26.386,12.147,13.343,0.408,0.488,1,21.278,7.097,0.000,359,76539,2293,25329
3773,6.973,4.494,4.107,0.124,0.010,0.253,0,21.628,7.215,0.000,0,1820,0,0
3774,26.197,26.197,11.655,13.899,0.361,0.281,1,21.628,7.215,0.000,359,76539,2293,25329
3775,7.170,4.643,4.126,0.124,0.011,0.382,0,21.204,6.891,0.000,0,1820,0,0
3776,25.621,25.621,11.180,13.836,0.322,0.282,1,21.204,6.891,0.000,359,76539,2292,25329
3777,7.743,4.340,3.939,0.122,0.012,0.267,0,21.090,6.808,0.000,0,1820,0,0
3778,26.456,26.456,12.872,12.887,0.265,0.432,1,21.090,6.808,0.000,359,76539,2293,25329
3779,6.915,4.781,4.387,0.125,0.009,0.260,0,20.736,6.971,0.000,0,1820,0,0
3780,25.816,25.816,12.506,12.621,0.406,0.282,1,20.736,6.971,0.000,359,76539,2293,25329
3781,7.552,4.769,4.290,0.124,0.010,0.345,0,21.555,6.978,0.000,0,1820,0,0
3782,24.405,24.405,10.985,12.782,0.361,0.277,1,21.555,6.978,0.000,359,76539,2293,25329
3783,8.970,3.951,3.566,0.116,0.010,0.259,0,22.317,7.548,0.000,0,740,0,0
3784,29.212,29.212,14.697,13.825,0.352,0.337,1,19.621,7.446,0.000,352,75459,2228,25329
3785,4.135,4.108,3.748,0.117,0.010,0.232,0,19.621,7.446,0.000,0,740,0,0
3786,27.236,27.236,12.868,13.679,0.443,0.246,1,19.621,7.446,0.000,352,75459,2227,25329
3787,6.138,4.133,3.705,0.118,0.009,0.300,0,19.363,6.899,0.000,0,740,0,0
3788,24.664,24.664,11.031,12.927,0.326,0.381,1,19.363,6.899,0.000,352,75459,2228,25329
3789,8.706,4.414,4.015,0.119,0.012,0.268,0,22.550,7.033,0.000,0,740,0,0
3790,27.882,27.882,14.303,12.611,0.515,0.453,1,22.550,7.033,0.000,352,75459,2228,25329
3791,5.485,4.109,3.664,0.117,0.010,0.319,0,20.823,7.502,0.000,0,740,0,0
3792,24.976,24.976,11.653,12.440,0.500,0.382,1,20.823,7.502,0.000,352,75459,2228,25329
3793,8.391,4.790,4.212,0.123,0.010,0.445,0,22.906,6.914,0.000,0,740,0,0
3794,28.033,28.033,13.239,13.970,0.481,0.343,1,22.906,6.914,1.871,352,75459,1865,25329
3795,5.329,4.150,3.707,0.118,0.010,0.315,0,20.931,6.083,1.871,0,740,0,0
3796,28.042,28.042,12.488,14.756,0.342,0.456,1,20.931,6.083,0.000,353,75459,2230,25329
3797,5.326,4.003,3.563,0.117,0.009,0.314,0,22.355,7.031,0.000,0,740,0,0
3798,25.253,25.253,11.408,13.135,0.351,0.359,1,22.355,7.031,0.000,352,75459,2228,25329
3799,8.114,4.687,4.178,0.140,0.009,0.359,0,21.134,7.263,0.000,0,740,0,0
3800,24.995,24.995,11.293,12.935,0.435,0.332,1,21.134,7.263,0.000,352,75459,2228,25329
3801,8.367,4.733,4.178,0.115,0.019,0.421,0,21.046,6.920,0.000,0,736,0,0
3802,24.775,24.775,11.331,12.723,0.377,0.344,1,21.046,6.920,0.000,351,75455,2212,25329
3803,8.599,3.813,3.411,0.116,0.011,0.275,0,21.248,7.287,0.000,0,736,0,0
3804,25.242,25.242,11.515,12.922,0.400,0.404,1,21.248,7.287,0.000,351,75455,2213,25329
3805,8.123,3.990,3.489,0.115,0.010,0.375,0,21.878,7.160,0.000,0,736,0,0
3806,25.307,25.307,10.803,13.647,0.424,0.433,1,21.878,7.160,0.000,352,75455,2215,25329
3807,8.059,4.137,3.440,0.117,0.009,0.572,0,21.993,6.980,0.000,0,736,0,0
3808,25.347,25.347,11.382,13.101,0.350,0.514,1,21.993,6.980,0.000,351,75455,2213,25329
3809,8.025,4.022,3.457,0.116,0.010,0.439,0,22.233,7.135,0.000,0,736,0,0
3810,27.445,27.445,13.666,12.723,0.445,0.611,1,22.233,7.135,0.000,351,75455,2213,25329
3811,5.911,4.270,3.662,0.117,0.010,0.481,0,20.413,7.105,0.000,0,736,0,0
3812,27.961,27.961,12.243,14.933,0.357,0.428,1,20.413,7.105,0.000,351,75455,2212,25329
3813,5.410,4.105,3.448,0.116,0.009,0.532,0,21.962,7.054,0.000,0,736,0,0
3814,25.347,25.347,11.470,13.161,0.306,0.411,1,21.962,7.054,0.000,351,75455,2213,25329
3815,8.014,5.947,5.452,0.117,0.010,0.367,0,20.337,7.193,0.000,0,736,0,0
3816,32.375,32.375,12.096,19.423,0.337,0.520,1,19.137,6.451,0.000,351,75455,2212,25329
3817,3.962,3.962,3.472,0.116,0.010,0.364,0,19.137,6.451,0.000,0,736,0,0
3818,25.386,25.386,10.785,13.890,0.291,0.420,1,19.137,6.451,0.000,351,75455,2213,25329
3819,6.755,6.755,6.150,0.118,0.010,0.477,0,19.366,7.023,0.000,0,736,0,0
3820,28.866,28.866,14.348,13.689,0.446,0.383,1,19.366,7.023,0.000,351,75455,2213,25329
3821,4.150,4.150,3.680,0.117,0.010,0.344,0,19.214,6.993,0.000,0,736,0,0
3822,27.737,27.737,14.336,12.526,0.366,0.509,1,19.214,6.993,0.000,351,75455,2213,25329
3823,4.387,4.387,3.936,0.117,0.009,0.324,0,19.813,7.561,0.000,0,736,0,0
3824,27.004,27.004,13.522,12.539,0.475,0.468,1,19.813,7.561,0.000,351,75455,2213,25329
3825,6.224,4.259,3.700,0.117,0.010,0.432,0,20.304,6.975,0.000,0,736,0,0
3826,23.482,23.482,10.668,12.045,0.385,0.384,1,20.304,6.975,0.000,351,75455,2212,25329
3827,9.880,6.897,6.456,0.117,0.010,0.314,0,21.699,6.982,0.000,0,736,0,0
3828,27.706,27.706,13.300,13.596,0.344,0.466,1,21.699,6.982,0.000,351,75455,2214,25329
3829,5.660,3.869,3.436,0.116,0.011,0.307,0,22.118,7.278,0.000,0,736,0,0
3830,25.155,25.155,11.287,13.240,0.293,0.336,1,22.118,7.278,0.000,351,75455,2213,25329
3831,8.233,4.741,4.210,0.117,0.010,0.405,0,21.647,7.469,0.000,0,736,0,0
3832,25.818,25.818,11.854,13.213,0.357,0.394,1,21.647,7.469,0.000,351,75455,2213,25329
3833,7.552,4.663,4.209,0.119,0.014,0.323,0,21.346,7.268,0.000,0,736,0,0
3834,25.997,25.997,12.528,12.658,0.392,0.419,1,21.346,7.268,0.000,351,75455,2212,25329
3835,7.353,3.988,3.509,0.146,0.011,0.322,0,22.785,6.998,0.000,0,736,0,0
3836,25.338,25.338,11.458,13.117,0.390,0.372,1,22.785,6.998,0.000,351,75455,2213,25329
3837,8.018,3.932,3.390,0.115,0.009,0.417,0,21.637,7.382,0.000,0,736,0,0
3838,25.321,25.321,10.849,13.746,0.403,0.323,1,21.637,7.382,0.000,351,75455,2214,25329
3839,8.061,3.951,3.523,0.116,0.010,0.302,0,21.514,7.274,0.000,0,736,0,0
3840,25.933,25.933,11.193,13.917,0.401,0.422,1,21.514,7.274,0.000,351,75455,2213,25329
3841,7.419,3.834,3.401,0.116,0.010,0.307,0,22.285,7.036,0.000,0,736,0,0
3842,27.771,27.771,13.345,13.680,0.401,0.344,1,22.285,7.036,0.000,351,75455,2212,25329
3843,5.717,4.389,3.853,0.149,0.010,0.378,0,20.911,7.075,0.000,0,736,1,0
3844,27.523,27.523,13.053,13.809,0.344,0.317,1,20.911,7.075,0.000,351,75455,2212,25329
3845,5.725,3.808,3.393,0.116,0.009,0.289,0,21.563,7.187,0.000,0,736,0,0
3846,25.156,25.156,12.221,12.209,0.306,0.420,1,21.563,7.187,0.000,351,75455,2213,25329
3847,8.218,4.416,4.014,0.116,0.010,0.276,0,21.584,7.171,0.000,0,736,0,0
3848,24.817,24.817,10.595,13.540,0.367,0.315,1,21.584,7.171,0.000,351,75455,2213,25329
3849,8.539,4.559,4.064,0.138,0.009,0.348,0,20.821,7.165,0.000,0,736,0,0
3850,24.946,24.946,11.466,12.803,0.408,0.269,1,20.821,7.165,0.000,351,75455,2213,25329
3851,8.422,4.034,3.564,0.117,0.010,0.342,0,21.187,6.824,0.000,0,736,0,0
3852,25.732,25.732,11.323,13.662,0.316,0.431,1,21.187,6.824,0.000,351,75455,2212,25329
3853,7.637,3.778,3.332,0.116,0.010,0.320,0,21.992,7.034,0.000,0,736,0,0
3854,25.214,25.214,10.723,13.756,0.401,0.334,1,21.992,7.034,0.000,351,75455,2213,25329
3855,8.168,3.916,3.367,0.116,0.009,0.424,0,21.406,6.990,0.000,0,736,0,0
3856,27.625,27.625,13.848,12.919,0.427,0.431,1,21.406,6.990,0.000,351,75455,2213,25329
3857,5.740,4.077,3.646,0.116,0.009,0.306,0,20.912,7.434,0.000,0,736,0,0
3858,23.810,23.810,10.641,12.369,0.339,0.462,1,20.912,7.434,0.000,351,75455,2213,25329
3859,9.539,6.498,6.053,0.120,0.011,0.313,0,21.161,7.446,0.000,0,736,0,0
3860,27.302,27.302,13.260,12.836,0.902,0.303,1,21.161,7.446,0.000,351,75455,2212,25329
3861,6.080,4.086,3.585,0.117,0.009,0.374,0,21.382,7.098,0.000,0,736,0,0
3862,25.667,25.667,11.906,12.957,0.414,0.391,1,21.382,7.098,0.000,351,75455,2213,25329
3863,7.698,3.884,3.467,0.116,0.011,0.290,0,23.281,7.691,0.000,0,736,0,0
3864,25.475,25.475,10.958,13.702,0.415,0.400,1,23.281,7.691,1.662,351,75455,1902,25329
3865,7.881,5.145,4.769,0.116,0.010,0.250,0,22.160,7.665,1.662,0,736,0,0
3866,26.691,26.691,12.134,13.823,0.484,0.250,1,22.160,7.665,2.024,351,75455,1835,25329
3867,6.674,4.587,4.216,0.128,0.020,0.223,0,20.599,6.062,2.024,0,736,0,0
3868,25.952,25.952,12.467,12.932,0.405,0.148,1,20.599,6.062,0.000,351,75455,2214,25329
3869,7.419,4.185,3.922,0.119,0.011,0.132,0,19.353,7.110,0.000,0,736,0,0
3870,25.220,25.220,11.162,13.426,0.429,0.203,1,19.353,7.110,0.000,351,75455,2212,25329
3871,8.149,4.055,3.791,0.115,0.010,0.139,0,21.841,7.145,0.000,0,736,0,0
3872,27.088,27.088,12.616,13.909,0.354,0.210,1,21.841,7.145,0.000,351,75455,2213,25329
3873,6.324,4.227,3.942,0.116,0.009,0.160,0,19.394,7.118,0.000,0,736,0,0
3874,30.190,30.190,12.606,17.007,0.427,0.150,1,19.394,7.118,0.000,351,75455,2213,25329
3875,3.908,3.908,3.676,0.117,0.010,0.104,0,19.394,7.118,0.000,0,736,0,0
3876,27.790,27.790,14.305,13.053,0.284,0.149,1,22.528,7.156,0.000,351,75455,2213,25329
3877,5.005,5.005,4.680,0.123,0.014,0.188,0,22.528,7.156,0.000,0,736,0,0
3878,27.290,27.290,14.041,12.588,0.489,0.172,1,23.639,7.327,0.000,351,75455,2212,25329
3879,5.874,5.034,4.745,0.117,0.008,0.164,0,21.027,7.866,0.000,0,736,0,0
3880,24.349,24.349,11.473,12.303,0.395,0.177,1,21.027,7.866,0.000,351,75455,2214,25329
3881,9.039,7.054,6.728,0.122,0.019,0.185,0,21.027,7.866,0.000,0,736,0,0
3882,31.202,31.202,14.769,15.815,0.389,0.230,1,20.540,5.956,2.749,351,75455,1752,25329
3883,3.877,3.877,3.612,0.117,0.010,0.138,0,20.540,5.956,2.749,0,736,0,0
3884,26.607,26.607,13.188,12.876,0.380,0.163,1,20.540,5.956,0.000,351,75455,2213,25329
3885,5.236,5.236,4.927,0.119,0.011,0.179,0,21.509,7.803,0.000,0,736,0,0
3886,24.423,24.423,11.586,12.190,0.476,0.171,1,21.509,7.803,0.000,351,75455,2212,25329
3887,8.731,4.705,4.442,0.116,0.009,0.138,0,20.568,7.114,0.000,0,736,0,0
3888,24.515,24.515,11.775,12.064,0.482,0.194,1,20.568,7.114,0.000,351,75455,2213,25329
3889,8.849,4.605,4.330,0.119,0.010,0.146,0,20.341,7.073,0.000,0,736,0,0
3890,25.017,25.017,11.761,12.633,0.496,0.127,1,20.341,7.073,0.000,351,75455,2213,25329
3891,8.350,4.815,4.551,0.118,0.009,0.137,0,20.962,6.750,0.000,0,736,0,0
3892,23.933,23.933,11.167,12.229,0.414,0.124,1,20.962,6.750,0.000,351,75455,2213,25329
3893,9.432,4.633,4.401,0.119,0.010,0.102,0,20.206,8.014,0.000,0,736,0,0
3894,24.065,24.065,11.288,12.208,0.403,0.165,1,20.206,8.014,0.000,352,76055,2236,25329
3895,9.348,4.528,4.292,0.118,0.013,0.105,0,19.996,8.110,0.000,0,736,0,0
3896,24.632,24.632,11.573,12.405,0.536,0.118,1,19.996,8.110,0.000,352,76055,2235,25329
3897,8.718,5.000,4.695,0.116,0.010,0.179,0,21.253,7.663,0.000,0,736,0,0
3898,25.717,25.717,12.173,12.863,0.513,0.168,1,21.253,7.663,0.000,352,76055,2236,25329
3899,7.625,4.699,4.369,0.117,0.010,0.203,0,20.492,7.820,0.000,0,736,0,0
3900,27.290,27.290,12.202,14.488,0.433,0.167,1,20.492,7.820,0.000,352,76055,2237,25329
3901,6.075,3.827,3.582,0.117,0.010,0.118,0,21.034,7.416,0.000,0,736,0,0
3902,25.067,25.067,11.405,13.252,0.248,0.163,1,21.034,7.416,0.000,352,76055,2236,25329
3903,8.296,3.895,3.660,0.117,0.010,0.108,0,20.353,6.893,0.000,0,736,0,0
3904,26.370,26.370,12.804,12.882,0.561,0.124,1,20.353,6.893,0.000,352,76055,2235,25329
3905,6.998,4.606,4.366,0.118,0.010,0.111,0,21.518,7.203,0.000,0,736,0,0
3906,24.190,24.190,11.310,12.402,0.357,0.120,1,21.518,7.203,0.000,352,76055,2236,25329
3907,9.177,4.270,4.059,0.116,0.008,0.086,0,20.856,7.654,0.000,0,736,0,0
3908,23.920,23.920,11.059,12.247,0.460,0.154,1,20.856,7.654,0.000,352,76055,2236,25329
3909,9.446,4.341,4.123,0.116,0.010,0.092,0,19.995,7.982,0.000,0,736,0,0
3910,23.848,23.848,11.086,12.211,0.438,0.113,1,19.995,7.982,0.000,353,76055,2238,25329
3911,9.518,4.687,4.455,0.119,0.010,0.104,0,20.046,8.265,0.000,0,736,0,0
3912,24.850,24.850,12.061,12.155,0.447,0.187,1,20.046,8.265,0.000,352,76055,2236,25329
3913,8.519,4.663,4.397,0.116,0.010,0.140,0,20.666,7.708,0.000,0,736,0,0
3914,26.977,26.977,12.669,13.751,0.359,0.199,1,20.666,7.708,0.000,352,76055,2235,25329
3915,6.393,4.430,4.148,0.116,0.013,0.153,0,21.064,7.548,0.000,0,736,0,0
3916,27.715,27.715,12.693,14.410,0.436,0.175,1,21.064,7.548,0.000,352,76055,2236,25329
3917,5.653,4.058,3.742,0.119,0.011,0.185,0,21.215,7.376,0.000,0,736,0,0
3918,27.198,27.198,12.145,14.379,0.510,0.164,1,21.215,7.376,0.000,352,76055,2236,25329
3919,6.162,4.152,3.876,0.117,0.010,0.150,0,21.296,7.232,0.000,0,736,0,0
3920,26.188,26.188,12.685,12.951,0.364,0.188,1,21.296,7.232,0.000,352,76055,2237,25329
3921,7.183,4.704,4.486,0.118,0.011,0.089,0,21.487,7.191,0.000,0,736,0,0
3922,23.857,23.857,10.983,12.235,0.523,0.116,1,21.487,7.191,0.000,352,76055,2235,25329
3923,9.514,4.628,4.390,0.119,0.011,0.109,0,21.210,7.494,0.000,0,736,0,0
3924,24.885,24.885,11.846,12.411,0.466,0.162,1,21.210,7.494,0.000,352,76055,2236,25329
3925,8.478,4.805,4.521,0.116,0.011,0.157,0,20.480,7.908,0.000,0,736,0,0
3926,24.849,24.849,11.842,12.127,0.600,0.280,1,20.480,7.908,0.000,352,76055,2236,25329
3927,8.514,5.051,4.601,0.116,0.010,0.324,0,19.980,8.240,0.000,0,736,0,0
3928,27.379,27.379,12.168,14.459,0.445,0.307,1,19.980,8.240,0.000,352,76055,2236,25329
3929,5.986,4.756,4.254,0.117,0.010,0.374,0,21.697,7.506,0.000,0,736,0,0
3930,25.286,25.286,11.713,12.967,0.312,0.294,1,21.697,7.506,0.000,352,76055,2237,25329
3931,8.085,3.945,3.523,0.127,0.010,0.285,0,21.000,7.318,0.000,0,736,0,0
3932,25.018,25.018,11.362,12.850,0.418,0.389,1,21.000,7.318,0.000,352,76055,2235,25329
3933,8.348,3.812,3.403,0.116,0.009,0.284,0,21.754,6.915,0.000,0,736,0,0
3934,25.638,25.638,11.851,13.082,0.369,0.336,1,21.754,6.915,0.000,352,76055,2236,25329
3935,7.726,4.002,3.481,0.114,0.010,0.396,0,21.039,6.956,0.000,0,736,0,0
3936,27.105,27.105,13.268,13.077,0.467,0.292,1,21.039,6.956,0.000,352,76055,2236,25329
3937,6.263,4.250,3.845,0.116,0.009,0.280,0,21.235,7.255,0.000,0,736,0,0
3938,27.819,27.819,12.228,14.784,0.402,0.405,1,21.235,7.255,0.000,352,76055,2236,25329
3939,5.547,4.001,3.578,0.115,0.010,0.298,0,22.044,7.203,0.000,0,736,0,0
3940,24.968,24.968,11.471,12.930,0.290,0.277,1,22.044,7.203,0.000,352,76055,2235,25329
3941,8.399,4.765,4.242,0.156,0.011,0.356,0,20.936,6.795,0.000,0,736,0,0
3942,24.998,24.998,11.452,12.800,0.420,0.326,1,20.936,6.795,0.000,352,76055,2236,25329
3943,8.366,4.502,4.084,0.119,0.011,0.288,0,21.051,7.033,0.000,0,736,0,0
3944,25.071,25.071,11.465,12.851,0.398,0.357,1,21.051,7.033,0.000,352,76055,2236,25329
3945,8.304,3.793,3.403,0.116,0.010,0.264,0,22.257,6.928,0.000,0,736,0,0
3946,26.055,26.055,11.328,13.870,0.580,0.277,1,22.257,6.928,0.000,352,76055,2236,25329
3947,7.309,4.152,3.646,0.116,0.015,0.374,0,21.306,7.008,0.000,0,736,0,0
3948,24.923,24.923,10.600,13.598,0.430,0.295,1,21.306,7.008,0.000,352,76055,2236,25329
3949,8.443,3.817,3.421,0.116,0.010,0.270,0,21.458,6.884,0.000,0,736,0,0
3950,24.164,24.164,10.732,12.550,0.484,0.398,1,21.458,6.884,0.000,352,76055,2235,25329
3951,9.210,3.828,3.433,0.115,0.010,0.270,0,22.312,6.923,0.000,0,736,0,0
3952,24.411,24.411,11.050,12.601,0.358,0.401,1,22.312,6.923,0.000,352,76055,2236,25329
3953,8.946,4.014,3.537,0.116,0.010,0.350,0,22.575,7.113,0.000,0,736,0,0
3954,24.403,24.403,10.875,12.766,0.476,0.287,1,22.575,7.113,0.000,352,76055,2236,25329
3955,8.976,3.961,3.452,0.116,0.011,0.382,0,22.815,7.639,0.000,0,736,0,0
3956,25.719,25.719,11.078,13.919,0.337,0.385,1,22.815,7.639,2.030,352,76055,1832,25329
3957,7.950,4.462,4.053,0.115,0.011,0.283,0,23.166,6.361,2.030,0,736,0,0
3958,26.640,26.640,11.213,14.765,0.329,0.333,1,23.166,6.361,2.448,352,76055,1797,25329
3959,7.982,7.982,7.478,0.122,0.011,0.371,0,22.427,5.640,2.448,0,736,0,0
3960,30.377,30.377,14.554,14.484,1.038,0.301,1,20.266,7.231,0.000,354,76175,2246,25389
3961,4.709,4.709,4.315,0.125,0.009,0.260,0,20.266,7.231,0.000,0,736,0,0
3962,28.901,28.901,14.495,13.607,0.421,0.377,1,19.636,6.966,0.000,354,76175,2245,25449
3963,4.220,4.220,3.824,0.116,0.010,0.270,0,19.636,6.966,0.000,0,736,0,0
3964,28.241,28.241,13.496,14.020,0.386,0.339,1,19.636,6.966,0.000,354,76175,2244,25449
3965,5.044,5.044,4.538,0.119,0.010,0.377,0,20.109,7.457,0.000,0,736,0,0
3966,27.986,27.986,14.168,13.104,0.416,0.298,1,20.109,7.457,0.000,354,76175,2244,25449
3967,4.860,4.860,4.423,0.134,0.017,0.287,0,19.621,6.981,0.000,0,736,0,0
3968,27.362,27.362,12.867,13.705,0.430,0.361,1,19.621,6.981,0.000,354,76175,2243,25449
3969,6.208,6.208,5.796,0.117,0.009,0.285,0,20.646,7.295,0.000,0,736,0,0
3970,26.578,26.578,13.125,12.802,0.366,0.285,1,20.646,7.295,0.000,354,76175,2244,25449
3971,4.209,4.209,3.719,0.117,0.010,0.364,0,20.618,7.059,0.000,0,736,0,0
3972,29.255,29.255,13.968,14.677,0.339,0.271,1,20.618,7.059,0.000,355,76175,2246,25449
3973,4.054,4.054,3.591,0.117,0.011,0.335,0,22.120,7.347,0.000,0,736,0,0
3974,25.679,25.679,11.484,13.398,0.313,0.483,1,22.120,7.347,0.000,354,76175,2244,25449
3975,7.682,5.242,4.790,0.116,0.011,0.325,0,21.756,7.174,0.000,0,736,0,0
3976,25.203,25.203,12.123,12.328,0.418,0.335,1,21.756,7.174,0.000,354,76175,2243,25449
3977,8.174,4.003,3.416,0.117,0.011,0.458,0,22.357,7.027,0.000,0,736,0,0
3978,27.874,27.874,11.428,15.606,0.468,0.373,1,22.357,7.027,0.000,354,76175,2244,25449
3979,6.615,5.898,5.440,0.123,0.011,0.324,0,22.357,7.027,0.000,0,736,0,0
3980,32.650,32.650,18.300,13.472,0.405,0.473,1,22.571,7.187,0.000,354,76175,2244,25449
3981,5.574,5.574,5.144,0.119,0.010,0.301,0,21.815,7.655,0.000,0,736,0,0
3982,27.693,27.693,13.056,13.928,0.370,0.338,1,21.815,7.655,0.000,355,76175,2246,25449
3983,7.200,7.200,6.669,0.118,0.010,0.402,0,21.637,7.516,0.000,0,736,0,0
3984,33.681,33.681,13.655,19.268,0.431,0.327,1,21.695,7.792,0.000,354,76175,2243,25449
3985,4.873,4.873,4.451,0.117,0.009,0.296,0,21.695,7.792,0.000,0,736,0,0
3986,5.628,5.628,4.516,0.677,0.018,0.416,0,21.695,7.792,0.000,0,736,1,0
3987,28.841,28.841,13.164,15.037,0.435,0.206,1,21.695,7.792,0.000,354,76175,2243,25449
3988,5.716,5.716,5.303,0.120,0.031,0.262,0,21.198,7.306,0.000,0,736,0,0
3989,26.146,26.146,12.115,13.207,0.528,0.297,1,21.198,7.306,0.000,354,76175,2244,25449
3990,4.897,4.338,3.950,0.225,0.010,0.154,0,21.198,7.306,0.000,0,736,0,0
3991,28.278,28.278,14.533,12.974,0.603,0.169,1,24.117,7.500,0.000,354,76175,2244,25449
3992,4.573,4.507,4.174,0.117,0.009,0.206,0,20.388,7.443,0.000,0,736,0,0
3993,27.124,27.124,13.442,13.155,0.294,0.234,1,20.388,7.443,0.000,354,76175,2245,25449
3994,6.241,4.061,3.802,0.116,0.010,0.132,0,19.621,7.081,0.000,0,736,0,0
3995,25.583,25.583,11.791,13.009,0.575,0.208,1,19.621,7.081,0.000,354,76175,2243,25449
3996,7.784,5.564,5.300,0.119,0.012,0.133,0,22.129,7.865,0.000,0,736,0,0
3997,24.324,24.324,11.384,12.385,0.407,0.149,1,22.129,7.865,0.000,354,76175,2244,25449
3998,9.043,4.826,4.545,0.116,0.010,0.155,0,20.802,7.872,0.000,0,736,0,0
3999,24.418,24.418,11.411,12.394,0.472,0.141,1,20.802,7.872,0.000,354,76175,2244,25449
4000,8.950,4.807,4.525,0.117,0.011,0.155,0,19.797,7.668,0.000,0,736,0,0
4001,24.150,24.150,11.167,12.325,0.512,0.146,1,19.797,7.668,0.000,354,76175,2244,25449
4002,9.214,4.453,4.216,0.116,0.009,0.112,0,20.276,7.777,0.000,0,736,0,0
4003,24.408,24.408,11.630,12.100,0.475,0.203,1,20.276,7.777,0.000,354,76175,2243,25449
4004,8.957,4.482,4.244,0.116,0.011,0.111,0,20.460,7.136,0.000,0,736,0,0
4005,24.110,24.110,11.406,12.136,0.432,0.136,1,20.460,7.136,0.000,354,76175,2244,25449
4006,9.259,4.742,4.471,0.116,0.010,0.144,0,20.571,7.072,0.000,0,736,0,0
4007,24.207,24.207,11.179,12.430,0.469,0.130,1,20.571,7.072,0.000,354,76175,2244,25449
4008,9.161,4.502,4.260,0.119,0.011,0.112,0,20.808,7.015,0.000,0,736,0,0
4009,24.193,24.193,11.407,12.095,0.523,0.167,1,20.808,7.015,0.000,354,76175,2244,25449
4010,9.172,4.559,4.333,0.116,0.009,0.101,0,20.838,7.505,0.000,0,736,0,0
4011,24.160,24.160,11.130,12.403,0.454,0.173,1,20.838,7.505,0.000,354,76175,2244,25449
4012,9.208,4.594,4.348,0.118,0.009,0.120,0,20.169,8.173,0.000,0,736,0,0
4013,24.096,24.096,11.170,12.336,0.488,0.102,1,20.169,8.173,0.000,354,76175,2243,25449
4014,9.270,4.329,4.119,0.117,0.010,0.083,0,20.253,8.209,0.000,0,736,0,0
4015,23.838,23.838,11.075,12.107,0.524,0.132,1,20.253,8.209,0.000,355,76175,2246,25449
4016,9.533,4.319,4.113,0.117,0.010,0.080,0,19.831,7.707,0.000,0,736,0,0
4017,25.502,25.502,12.074,12.882,0.441,0.104,1,19.831,7.707,0.000,354,76175,2244,25449
4018,7.861,3.974,3.744,0.117,0.010,0.103,0,19.479,7.008,0.000,0,736,0,0
4019,26.311,26.311,12.642,13.174,0.372,0.123,1,19.479,7.008,0.000,354,76175,2244,25449
4020,7.570,5.086,4.862,0.118,0.011,0.096,0,20.010,7.056,0.000,0,736,0,0
4021,24.937,24.937,11.721,12.567,0.497,0.151,1,20.010,7.056,0.000,354,76175,2243,25449
4022,7.933,4.645,4.395,0.122,0.013,0.114,0,23.051,7.265,0.000,0,736,0,0
4023,26.931,26.931,12.572,13.819,0.424,0.116,1,23.051,7.265,1.768,353,75575,1890,25449
4024,6.420,3.799,3.573,0.117,0.009,0.100,0,21.026,6.385,1.768,0,736,0,0
4025,25.265,25.265,11.548,13.321,0.302,0.094,1,21.026,6.385,0.000,354,75575,2223,25449
4026,8.106,4.436,4.226,0.118,0.011,0.081,0,20.960,7.026,0.000,0,736,0,0
4027,23.885,23.885,11.052,12.181,0.551,0.101,1,20.960,7.026,0.000,353,75575,2221,25449
4028,9.475,4.197,4.006,0.118,0.010,0.064,0,20.718,7.496,0.000,0,736,0,0
4029,23.501,23.501,10.864,12.040,0.515,0.082,1,20.718,7.496,0.000,353,75575,2221,25449
4030,9.872,4.330,4.122,0.118,0.011,0.080,0,19.934,8.140,0.000,0,736,0,0
4031,24.476,24.476,11.131,12.818,0.450,0.079,1,19.934,8.140,0.000,353,75575,2220,25449
4032,8.886,4.168,3.978,0.117,0.010,0.063,0,19.643,7.930,0.000,0,736,0,0
4033,24.314,24.314,11.506,12.220,0.453,0.135,1,19.643,7.930,0.000,353,75575,2221,25449
4034,9.051,4.571,4.316,0.117,0.009,0.129,0,19.682,7.801,0.000,0,736,0,0
4035,24.159,24.159,11.530,12.032,0.452,0.145,1,19.682,7.801,0.000,353,75575,2221,25449
4036,9.208,4.808,4.529,0.118,0.010,0.152,0,20.470,6.993,0.000,0,736,0,0
4037,24.169,24.169,11.412,12.105,0.509,0.143,1,20.470,6.993,0.000,353,75575,2221,25449
4038,9.200,4.616,4.357,0.125,0.012,0.123,0,22.101,6.943,0.000,0,736,0,0
4039,25.272,25.272,12.235,12.450,0.419,0.169,1,22.101,6.943,0.000,353,75575,2220,25449
4040,8.091,4.359,4.104,0.118,0.012,0.125,0,20.390,7.052,0.000,0,736,0,0
4041,27.700,27.700,12.122,15.105,0.344,0.129,1,20.390,7.052,0.000,353,75575,2221,25449
4042,5.666,4.283,4.018,0.128,0.015,0.122,0,20.584,7.261,0.000,0,736,0,0
4043,24.954,24.954,11.986,12.486,0.410,0.072,1,20.584,7.261,0.000,353,75575,2221,25449
4044,8.413,4.285,4.096,0.117,0.009,0.063,0,19.777,7.128,0.000,0,736,0,0
4045,24.540,24.540,11.805,12.186,0.414,0.135,1,19.777,7.128,0.000,354,75575,2223,25449
4046,8.828,4.503,4.274,0.121,0.011,0.098,0,19.918,7.118,0.000,0,736,0,0
4047,24.877,24.877,11.666,12.787,0.316,0.108,1,19.918,7.118,0.000,353,75575,2220,25449
4048,8.493,3.892,3.602,0.116,0.011,0.163,0,19.612,7.001,0.000,0,736,0,0
4049,24.717,24.717,11.209,12.870,0.396,0.244,1,19.612,7.001,0.000,353,75575,2221,25449
4050,8.647,3.858,3.528,0.116,0.013,0.202,0,20.397,7.049,0.000,0,736,0,0
4051,25.073,25.073,10.793,13.637,0.372,0.271,1,20.397,7.049,0.000,353,75575,2221,25449
4052,8.298,3.682,3.365,0.116,0.009,0.191,0,21.054,7.040,0.000,0,736,0,0
4053,26.263,26.263,11.873,13.731,0.447,0.212,1,21.054,7.040,0.000,353,75575,2221,25449
4054,7.102,4.018,3.652,0.116,0.009,0.242,0,19.474,7.097,0.000,0,736,0,0
4055,25.420,25.420,11.591,13.159,0.457,0.213,1,19.474,7.097,0.000,354,75575,2223,25449
4056,7.952,4.041,3.731,0.116,0.015,0.180,0,22.613,7.213,0.000,0,736,0,0
4057,28.615,28.615,13.853,14.150,0.347,0.266,1,22.613,7.213,0.000,353,75575,2220,25449
4058,4.747,3.843,3.548,0.115,0.010,0.170,0,19.226,7.222,0.000,0,736,0,0
4059,25.243,25.243,11.661,12.950,0.434,0.198,1,19.226,7.222,0.000,353,75575,2221,25449
4060,8.124,6.064,5.697,0.117,0.011,0.239,0,21.460,7.684,0.000,0,736,0,0
4061,27.202,27.202,13.528,12.919,0.546,0.210,1,21.460,7.684,0.000,353,75575,2221,25449
4062,6.160,4.477,4.177,0.116,0.010,0.175,0,21.449,7.340,0.000,0,736,0,0
4063,25.321,25.321,10.881,13.818,0.376,0.245,1,21.449,7.340,0.000,353,75575,2221,25449
4064,8.046,6.080,5.721,0.136,0.014,0.209,0,19.254,7.120,0.000,0,736,0,0
4065,25.122,25.122,11.480,12.890,0.571,0.181,1,19.254,7.120,0.000,353,75575,2220,25449
4066,8.249,3.791,3.472,0.115,0.011,0.194,0,21.645,7.874,0.000,0,736,0,0
4067,25.797,25.797,11.458,13.777,0.400,0.162,1,21.645,7.874,0.000,353,75575,2221,25449
4068,7.568,3.885,3.596,0.118,0.009,0.162,0,19.317,7.194,0.000,0,736,0,0
4069,25.588,25.588,11.774,13.029,0.539,0.246,1,19.317,7.194,0.000,353,75575,2221,25449
4070,7.786,3.739,3.447,0.117,0.008,0.166,0,22.863,7.283,0.000,0,736,0,0
4071,25.097,25.097,11.992,12.561,0.367,0.176,1,22.863,7.283,0.000,353,75575,2221,25449
4072,8.257,4.955,4.605,0.117,0.010,0.223,0,20.966,7.269,0.000,0,736,0,0
4073,27.303,27.303,13.139,13.656,0.342,0.165,1,20.966,7.269,0.000,353,75575,2220,25449
4074,6.070,3.761,3.483,0.115,0.010,0.152,0,20.733,7.236,0.000,0,736,0,0
4075,24.839,24.839,11.236,13.063,0.327,0.213,1,20.733,7.236,0.000,353,75575,2221,25449
4076,8.525,4.368,4.085,0.116,0.012,0.156,0,20.325,7.200,0.000,0,736,0,0
4077,24.358,24.358,11.007,12.791,0.379,0.182,1,20.325,7.200,0.000,354,75575,2223,25449
4078,9.013,3.762,3.431,0.117,0.010,0.204,0,20.660,7.143,0.000,0,736,0,0
4079,24.830,24.830,11.874,12.300,0.447,0.209,1,20.660,7.143,0.000,353,75575,2221,25449
4080,8.533,5.078,4.778,0.117,0.010,0.172,0,20.240,7.623,0.000,0,736,0,0
4081,26.899,26.899,12.033,14.244,0.385,0.236,1,20.240,7.623,0.000,371,75607,2292,25449
4082,6.484,5.168,4.867,0.126,0.009,0.166,0,20.240,7.623,0.000,0,768,0,0
4083,27.649,27.649,12.417,14.714,0.339,0.180,1,24.600,7.622,2.574,371,75607,1796,25449
4084,5.713,5.428,5.073,0.127,0.012,0.216,0,20.469,6.583,2.574,0,768,0,0
4085,27.297,27.297,13.586,13.178,0.351,0.182,1,20.469,6.583,0.000,371,75607,2272,25449
4086,6.068,3.807,3.504,0.123,0.009,0.171,0,21.140,7.555,0.000,0,768,0,0
4087,24.487,24.487,11.129,12.804,0.313,0.241,1,21.140,7.555,0.000,371,75607,2273,25449
4088,8.884,3.837,3.542,0.123,0.014,0.158,0,22.578,7.272,0.000,0,768,0,0
4089,25.309,25.309,10.788,13.870,0.462,0.188,1,22.578,7.272,1.451,371,75607,1998,25449
4090,8.051,3.840,3.507,0.123,0.010,0.199,0,22.860,6.334,1.451,0,768,0,0
4091,26.081,26.081,11.538,14.067,0.314,0.162,1,22.860,6.334,1.877,371,75607,1904,25449
4092,7.276,4.440,4.156,0.125,0.010,0.149,0,21.695,6.560,1.877,0,768,0,0
4093,23.835,23.835,10.786,12.457,0.375,0.217,1,21.695,6.560,0.000,371,75607,2272,25449
4094,9.547,3.978,3.699,0.133,0.010,0.136,0,21.883,8.338,0.000,0,768,0,0
4095,25.607,25.607,12.241,12.597,0.515,0.254,1,21.883,8.338,0.000,371,75607,2272,25449
4096,7.747,4.664,4.265,0.124,0.011,0.265,0,20.010,7.916,0.000,0,768,0,0
4097,27.377,27.377,12.927,13.784,0.440,0.226,1,20.010,7.916,0.000,371,75607,2273,25449
4098,5.987,4.469,4.023,0.126,0.025,0.295,0,21.504,7.585,0.000,0,768,0,0
4099,24.762,24.762,11.101,13.156,0.286,0.220,1,21.504,7.585,0.000,371,75607,2272,25449
4100,8.610,3.990,3.642,0.124,0.012,0.212,0,20.702,6.924,0.000,0,768,0,0
4101,25.138,25.138,10.671,13.785,0.401,0.281,1,20.702,6.924,0.000,371,75607,2271,25449
4102,8.232,3.925,3.560,0.123,0.009,0.232,0,21.322,6.930,0.000,0,768,0,0
4103,25.227,25.227,11.705,12.782,0.522,0.218,1,21.322,6.930,0.000,371,75607,2272,25449
4104,8.135,4.745,4.362,0.124,0.009,0.250,0,21.044,6.916,0.000,0,768,0,0
4105,25.662,25.662,12.512,12.492,0.452,0.205,1,21.044,6.916,0.000,371,75607,2272,25449
4106,7.704,5.079,4.756,0.125,0.010,0.187,0,21.115,7.459,0.000,0,768,0,0
4107,27.495,27.495,12.540,13.711,0.375,0.869,1,21.115,7.459,0.000,371,75607,2272,25449
4108,5.869,3.932,3.642,0.123,0.010,0.157,0,21.799,7.138,0.000,0,768,0,0
4109,24.823,24.823,11.248,13.081,0.338,0.156,1,21.799,7.138,0.000,371,75607,2271,25449
4110,8.544,4.666,4.305,0.124,0.010,0.227,0,20.332,7.012,0.000,0,768,0,0
4111,24.920,24.920,11.326,12.985,0.419,0.190,1,20.332,7.012,0.000,371,75607,2272,25449
4112,8.451,3.803,3.481,0.123,0.016,0.183,0,20.697,7.203,0.000,0,768,0,0
4113,25.640,25.640,11.701,13.197,0.483,0.258,1,20.697,7.203,0.000,371,75607,2272,25449
4114,7.726,3.808,3.496,0.124,0.011,0.177,0,21.135,7.011,0.000,0,768,0,0
4115,25.240,25.240,11.436,13.275,0.358,0.171,1,21.135,7.011,0.000,371,75607,2272,25449
4116,8.127,3.906,3.570,0.122,0.011,0.203,0,20.527,6.869,0.000,0,768,0,0
4117,24.857,24.857,10.642,13.635,0.415,0.165,1,20.527,6.869,0.000,371,75607,2271,25449
4118,8.511,3.734,3.447,0.123,0.011,0.153,0,20.211,6.993,0.000,0,768,0,0
4119,23.990,23.990,10.728,12.613,0.451,0.197,1,20.211,6.993,0.000,371,75607,2273,25449
4120,9.377,3.716,3.443,0.122,0.010,0.141,0,22.295,6.960,0.000,0,768,0,0
4121,24.494,24.494,11.139,12.728,0.469,0.158,1,22.295,6.960,0.000,371,75607,2272,25449
4122,8.881,3.811,3.499,0.121,0.010,0.181,0,22.721,7.148,0.000,0,768,0,0
4123,24.261,24.261,10.831,12.786,0.488,0.156,1,22.721,7.148,0.000,371,75607,2272,25449
4124,9.106,3.853,3.573,0.123,0.011,0.146,0,21.578,8.241,0.000,0,768,0,0
4125,24.521,24.521,10.978,12.785,0.505,0.253,1,21.578,8.241,0.000,371,75607,2272,25449
4126,8.841,3.768,3.463,0.123,0.011,0.171,0,21.494,8.185,0.000,0,768,0,0
4127,24.335,24.335,10.865,12.787,0.496,0.186,1,21.494,8.185,0.000,371,75607,2271,25449
4128,9.037,3.836,3.487,0.123,0.009,0.216,0,21.717,7.664,0.000,0,768,0,0
4129,24.123,24.123,10.904,12.558,0.457,0.204,1,21.717,7.664,0.000,372,75607,2274,25449
4130,9.245,3.776,3.476,0.124,0.010,0.167,0,21.782,7.871,0.000,0,768,0,0
4131,24.633,24.633,11.325,12.610,0.455,0.244,1,21.782,7.871,0.000,371,75607,2272,25449
4132,8.735,3.937,3.654,0.123,0.010,0.150,0,22.365,7.388,0.000,0,768,0,0
4133,24.226,24.226,10.915,12.681,0.429,0.201,1,22.365,7.388,0.000,371,75607,2272,25449
4134,9.134,3.853,3.542,0.123,0.010,0.178,0,22.093,7.002,0.000,0,768,0,0
4135,23.896,23.896,10.609,12.730,0.406,0.151,1,22.093,7.002,0.000,371,75607,2271,25449
4136,9.473,3.750,3.483,0.122,0.011,0.134,0,21.773,7.113,0.000,0,768,0,0
4137,24.573,24.573,11.066,12.814,0.498,0.196,1,21.773,7.113,0.000,371,75607,2272,25449
4138,8.788,3.752,3.485,0.122,0.011,0.134,0,22.568,7.562,0.000,0,768,0,0
4139,24.619,24.619,11.103,12.864,0.498,0.155,1,22.568,7.562,0.000,371,75607,2273,25449
4140,8.754,4.097,3.756,0.122,0.011,0.208,0,21.724,7.792,0.000,0,768,0,0
4141,24.531,24.531,11.311,12.574,0.469,0.176,1,21.724,7.792,0.000,371,75607,2272,25449
4142,8.834,5.256,4.961,0.125,0.011,0.158,0,21.919,8.279,0.000,0,772,0,0
4143,25.229,25.229,11.946,12.576,0.496,0.212,1,21.919,8.279,0.000,372,75611,2286,25449
4144,8.134,4.081,3.792,0.126,0.012,0.152,0,20.596,6.996,0.000,0,772,0,0
4145,25.208,25.208,11.343,13.381,0.324,0.160,1,20.596,6.996,0.000,372,75611,2287,25449
4146,8.190,3.901,3.577,0.125,0.012,0.188,0,20.353,7.120,0.000,0,772,0,0
4147,24.610,24.610,11.009,13.059,0.405,0.136,1,20.353,7.120,0.000,372,75611,2287,25449
4148,8.770,3.972,3.704,0.125,0.009,0.134,0,22.802,7.112,0.000,0,772,0,0
4149,28.654,28.654,13.178,14.815,0.490,0.171,1,22.802,7.112,1.753,373,75611,1975,25449
4150,4.663,3.953,3.700,0.129,0.009,0.115,0,21.053,7.307,1.753,0,772,0,0
4151,26.214,26.214,11.838,13.982,0.262,0.132,1,21.053,7.307,0.000,372,75611,2287,25449
4152,7.157,3.891,3.603,0.124,0.010,0.154,0,22.737,7.300,0.000,0,772,0,0
4153,24.165,24.165,10.759,12.758,0.514,0.135,1,22.737,7.300,0.000,372,75611,2286,25449
4154,9.208,3.768,3.515,0.125,0.010,0.118,0,22.068,7.537,0.000,0,772,0,0
4155,24.483,24.483,10.999,12.778,0.507,0.200,1,22.068,7.537,0.000,372,75611,2287,25449
4156,8.885,3.832,3.517,0.123,0.009,0.183,0,21.808,8.187,0.000,0,772,0,0
4157,24.572,24.572,11.159,12.746,0.474,0.192,1,21.808,8.187,0.000,372,75611,2287,25449
4158,8.787,3.941,3.581,0.124,0.011,0.225,0,22.438,7.731,0.000,0,772,0,0
4159,26.447,26.447,11.826,13.970,0.443,0.207,1,22.438,7.731,1.984,373,75611,1926,25449
4160,6.912,4.437,4.107,0.127,0.010,0.193,0,20.261,6.846,1.984,0,796,0,0
4161,27.444,27.444,13.416,13.414,0.347,0.267,1,20.261,6.846,0.000,373,75659,2301,25449
4162,5.927,3.956,3.629,0.125,0.009,0.193,0,21.515,7.368,0.000,0,844,0,0
4163,25.758,25.758,11.689,13.548,0.250,0.270,1,21.515,7.368,0.000,373,75707,2302,25449
4164,7.695,4.087,3.749,0.125,0.011,0.201,0,20.510,7.237,0.000,0,892,0,0
4165,26.662,26.662,12.797,13.245,0.439,0.180,1,20.510,7.237,0.000,373,75755,2302,25449
4166,6.620,4.320,4.034,0.126,0.011,0.150,0,21.679,7.228,0.000,0,940,0,0
4167,26.390,26.390,12.114,13.623,0.429,0.224,1,21.679,7.228,0.000,373,75803,2302,25449
4168,6.985,4.066,3.787,0.127,0.011,0.142,0,23.252,7.371,0.000,0,968,0,0
4169,24.647,24.647,11.188,12.979,0.309,0.171,1,23.252,7.371,0.000,374,75807,2305,25449
4170,8.712,4.195,3.935,0.126,0.010,0.124,0,22.335,7.643,0.000,0,968,0,0
4171,24.691,24.691,10.982,12.935,0.449,0.326,1,22.335,7.643,0.000,374,75807,2306,25449
4172,8.682,4.201,3.689,0.126,0.010,0.376,0,22.242,8.304,0.000,0,968,0,0
4173,26.270,26.270,11.073,14.238,0.450,0.508,1,22.242,8.304,1.560,374,75807,2018,25449
4174,7.099,4.150,3.627,0.126,0.011,0.386,0,24.344,7.087,1.560,0,968,0,0
4175,27.661,27.661,11.648,15.234,0.379,0.399,1,24.344,7.087,2.909,374,75807,1836,25449
4176,5.694,4.484,3.824,0.127,0.017,0.517,0,23.765,6.471,2.909,0,968,0,0
4177,26.578,26.578,11.045,14.675,0.469,0.390,1,23.765,6.471,2.624,374,75807,1837,25449
4178,6.791,4.334,3.805,0.126,0.016,0.387,0,22.499,6.324,2.624,0,968,0,0
4179,27.830,27.830,11.342,15.629,0.353,0.507,1,19.726,5.798,2.934,374,75807,1849,25449
4180,5.728,4.330,3.844,0.126,0.010,0.351,0,19.726,5.798,2.934,0,968,0,0
4181,25.486,25.486,11.387,13.488,0.245,0.367,1,19.726,5.798,0.000,375,75807,2308,25449
4182,7.694,4.206,3.590,0.126,0.009,0.480,0,21.694,7.009,0.000,0,968,0,0
4183,29.467,29.467,12.946,15.733,0.406,0.383,1,21.694,7.009,0.000,374,75807,2306,25449
4184,4.563,4.563,4.072,0.126,0.011,0.354,0,20.035,7.044,0.000,0,968,0,0
4185,26.499,26.499,12.153,13.351,0.477,0.518,1,20.035,7.044,0.000,374,75807,2306,25449
4186,7.054,7.054,6.559,0.126,0.011,0.359,0,23.240,7.956,0.000,0,968,0,0
4187,29.059,29.059,14.642,13.577,0.479,0.360,1,23.240,7.956,0.000,374,75807,2305,25449
4188,6.739,6.739,6.171,0.128,0.011,0.429,0,21.391,6.966,0.000,0,968,0,0
4189,24.917,24.917,11.337,12.654,0.526,0.401,1,21.391,6.966,0.000,374,75807,2306,25449
4190,7.582,7.582,7.098,0.129,0.014,0.341,0,23.464,7.045,0.000,0,968,0,0
4191,27.516,27.516,13.539,12.981,0.545,0.450,1,23.464,7.045,0.000,374,75807,2306,25449
4192,5.469,5.469,4.953,0.141,0.016,0.359,0,20.880,8.543,0.000,0,968,0,0
4193,27.200,27.200,11.590,14.858,0.366,0.386,1,20.880,8.543,0.000,374,75807,2306,25449
4194,7.111,7.111,6.465,0.133,0.013,0.500,0,21.466,7.510,0.000,0,968,0,0
4195,28.488,28.488,13.633,14.107,0.402,0.345,1,21.466,7.510,0.000,374,75807,2306,25449
4196,4.449,4.449,3.990,0.129,0.012,0.319,0,20.640,8.373,0.000,0,968,0,0
4197,27.776,27.776,14.166,12.702,0.357,0.551,1,20.640,8.373,0.000,374,75807,2305,25449
4198,4.239,4.239,3.782,0.126,0.010,0.321,0,20.870,7.208,0.000,0,968,0,0
4199,28.775,28.775,14.979,12.828,0.511,0.457,1,20.870,7.208,0.000,374,75807,2306,25449
4200,4.205,4.205,3.747,0.127,0.010,0.321,0,20.942,7.026,0.000,0,968,0,0
4201,29.328,29.328,13.763,14.733,0.472,0.361,1,20.942,7.026,0.000,374,75807,2306,25449
4202,4.363,4.363,3.763,0.129,0.009,0.462,0,19.869,7.081,0.000,0,968,0,0
4203,29.529,29.529,15.285,13.008,0.874,0.361,1,19.495,6.919,0.000,374,75807,2306,25449
4204,4.294,4.294,3.824,0.126,0.011,0.333,0,19.495,6.919,0.000,0,968,0,0
4205,28.909,28.909,15.291,12.825,0.311,0.481,1,19.523,6.889,0.000,374,75807,2305,25449
4206,4.797,4.797,4.278,0.131,0.012,0.376,0,19.523,6.889,0.000,0,968,0,0
4207,28.969,28.969,15.662,12.591,0.358,0.358,1,19.435,7.238,0.000,374,75807,2306,25449
4208,7.015,7.015,6.416,0.129,0.014,0.457,0,19.435,7.238,0.000,0,968,0,0
4209,27.203,27.203,13.212,13.161,0.435,0.396,1,19.435,7.238,0.000,374,75807,2306,25449
4210,6.434,6.434,5.971,0.127,0.011,0.326,0,22.503,7.260,0.000,0,968,0,0
4211,29.520,29.520,13.744,14.841,0.461,0.473,1,22.503,7.260,0.000,375,75807,2308,25449
4212,4.247,4.247,3.782,0.126,0.013,0.326,0,23.228,7.869,0.000,0,968,0,0
4213,28.217,28.217,14.067,13.524,0.297,0.330,1,23.228,7.869,0.000,374,75807,2306,25449
4214,4.577,4.577,4.030,0.140,0.010,0.396,0,21.105,8.460,0.000,0,968,0,0
4215,26.434,26.434,12.480,13.097,0.517,0.339,1,21.105,8.460,0.000,374,75807,2305,25449
4216,6.703,6.703,6.248,0.126,0.010,0.318,0,23.053,7.073,0.000,0,968,0,0
4217,25.596,25.596,11.979,12.678,0.376,0.563,1,23.053,7.073,0.000,374,75807,2306,25449
4218,4.068,4.068,3.564,0.124,0.012,0.368,0,23.053,7.073,0.000,0,968,0,0
4219,15.966,9.133,8.610,0.131,0.016,0.376,0,25.130,7.339,0.000,0,968,0,0
4220,28.721,28.721,12.995,14.737,0.400,0.589,1,20.230,6.210,2.137,374,75807,1890,25449
4221,4.775,4.775,4.233,0.132,0.012,0.398,0,20.230,6.210,2.137,0,968,0,0
4222,27.004,27.004,13.066,13.227,0.326,0.385,1,20.230,6.210,0.000,374,75807,2307,25449
4223,6.361,4.389,3.769,0.125,0.010,0.485,0,23.326,7.096,0.000,0,968,0,0
4224,30.390,30.390,13.780,15.779,0.433,0.398,1,20.243,6.619,1.445,374,75807,2034,25449
4225,4.840,4.840,4.311,0.131,0.012,0.386,0,20.243,6.619,1.445,0,968,0,0
4226,27.340,27.340,13.378,13.094,0.369,0.500,1,20.243,6.619,0.000,374,75807,2306,25449
4227,4.097,4.097,3.553,0.158,0.010,0.376,0,20.243,6.619,0.000,0,968,0,0
4228,29.754,29.754,15.575,13.478,0.300,0.402,1,22.697,7.116,0.000,374,75807,2306,25449
4229,4.536,4.536,3.874,0.126,0.011,0.526,0,21.429,8.071,0.000,0,968,0,0
4230,29.506,29.506,13.559,14.409,0.515,1.022,1,21.429,8.071,0.000,374,75807,2306,25449
4231,4.462,4.462,3.906,0.125,0.010,0.421,0,22.952,7.594,0.000,0,964,0,0
4232,26.361,26.361,11.865,13.618,0.294,0.584,1,22.952,7.594,0.000,373,75803,2303,25449
4233,5.882,5.882,5.352,0.140,0.012,0.377,0,22.298,7.217,0.000,0,1356,0,0
4234,26.612,26.612,11.989,13.773,0.440,0.409,1,22.298,7.217,0.000,381,76275,2366,25449
4235,6.369,4.635,4.045,0.133,0.010,0.447,0,22.414,7.444,0.000,0,1436,0,0
4236,26.692,26.692,11.564,14.460,0.333,0.334,1,22.414,7.444,0.000,381,76275,2367,25449
4237,6.598,4.416,3.959,0.132,0.010,0.314,0,21.687,7.365,0.000,0,1436,0,0
4238,30.257,30.257,14.628,14.849,0.356,0.425,1,20.727,7.340,0.000,381,76275,2367,25449
4239,5.188,5.188,4.780,0.139,0.013,0.256,0,20.727,7.340,0.000,0,1436,0,0
4240,29.015,29.015,13.602,14.747,0.419,0.247,1,20.727,7.340,0.000,381,76275,2367,25449
4241,4.694,4.694,4.254,0.133,0.015,0.293,0,23.302,7.232,0.000,0,1436,0,0
4242,26.722,26.722,11.905,14.349,0.241,0.227,1,23.302,7.232,0.000,381,76275,2366,25449
4243,6.757,6.757,6.362,0.150,0.016,0.229,0,20.573,7.036,0.000,0,1436,0,0
4244,27.049,27.049,11.713,14.123,0.873,0.340,1,20.573,7.036,0.000,381,76275,2368,25449
4245,4.356,4.356,3.970,0.134,0.010,0.243,0,21.822,7.204,0.000,0,1436,0,0
4246,26.114,26.114,11.154,14.405,0.297,0.258,1,21.822,7.204,0.000,381,76275,2367,25449
4247,6.679,5.502,4.997,0.136,0.010,0.360,0,21.474,7.372,0.000,0,1436,0,0
4248,26.011,26.011,12.539,12.800,0.422,0.250,1,21.474,7.372,0.000,381,76275,2367,25449
4249,7.359,4.382,3.999,0.134,0.011,0.239,0,21.377,7.234,0.000,0,1436,0,0
4250,26.340,26.340,11.594,14.081,0.338,0.328,1,21.377,7.234,0.000,381,76275,2367,25449
4251,7.026,4.292,3.919,0.131,0.010,0.233,0,21.512,6.981,0.000,0,1436,0,0
4252,26.076,26.076,11.364,14.144,0.323,0.246,1,21.512,6.981,0.000,381,76275,2366,25449
4253,7.289,4.555,4.022,0.133,0.011,0.389,0,21.072,7.121,0.000,0,1436,0,0
4254,26.176,26.176,12.519,13.090,0.286,0.281,1,21.072,7.121,0.000,381,76275,2367,25449
4255,7.192,4.527,4.095,0.135,0.011,0.286,0,21.171,7.007,0.000,0,1436,0,0
4256,28.646,28.646,13.182,14.746,0.355,0.363,1,21.171,7.007,0.000,381,76275,2367,25449
4257,4.720,4.259,3.857,0.132,0.011,0.259,0,22.342,7.433,0.000,0,1436,0,0
4258,26.141,26.141,11.914,13.585,0.355,0.287,1,22.342,7.433,0.000,381,76275,2367,25449
4259,7.224,6.932,6.454,0.133,0.009,0.335,0,20.503,7.351,0.000,0,1436,0,0
4260,28.318,28.318,14.027,13.627,0.380,0.285,1,20.503,7.351,0.000,381,76275,2367,25449
4261,5.050,5.009,4.606,0.137,0.009,0.257,0,20.634,7.060,0.000,0,1436,0,0
4262,29.160,29.160,14.811,13.543,0.402,0.404,1,20.634,7.060,0.000,381,76275,2366,25449
4263,4.782,4.782,4.264,0.135,0.010,0.372,0,21.686,7.971,0.000,0,1436,0,0
4264,27.719,27.719,13.683,13.285,0.373,0.379,1,21.686,7.971,0.000,381,76275,2368,25449
4265,5.070,4.580,4.072,0.135,0.010,0.362,0,20.676,7.784,0.000,0,1436,0,0
4266,27.115,27.115,13.472,12.837,0.533,0.274,1,20.676,7.784,0.000,381,76275,2367,25449
4267,6.265,4.638,4.209,0.133,0.019,0.278,0,21.116,7.193,0.000,0,1436,0,0
4268,26.284,26.284,12.939,12.683,0.308,0.354,1,21.116,7.193,0.000,381,76275,2367,25449
4269,7.078,5.013,4.606,0.147,0.015,0.245,0,20.912,7.122,0.000,0,1436,0,0
4270,27.705,27.705,13.519,13.550,0.400,0.236,1,20.912,7.122,0.000,381,76275,2366,25449
4271,5.750,5.091,4.607,0.135,0.013,0.337,0,21.710,7.278,0.000,0,1436,0,0
4272,28.583,28.583,13.220,14.820,0.355,0.187,1,21.710,7.278,0.000,381,76275,2367,25449
4273,4.697,4.484,4.187,0.133,0.009,0.155,0,21.658,7.437,0.000,0,1436,0,0
4274,28.151,28.151,14.020,13.613,0.306,0.212,1,21.658,7.437,0.000,381,76275,2368,25449
4275,5.230,4.764,4.474,0.133,0.010,0.147,0,22.061,7.806,0.000,0,1436,0,0
4276,30.123,30.123,15.963,13.601,0.371,0.188,1,22.061,7.806,0.000,381,76275,2367,25449
4277,4.685,4.685,4.303,0.133,0.011,0.239,0,22.699,8.234,0.000,0,1436,0,0
4278,26.397,26.397,11.272,14.595,0.288,0.241,1,22.699,8.234,0.000,381,76275,2367,25449
4279,6.226,6.226,5.847,0.139,0.015,0.225,0,21.550,7.128,0.000,0,1436,0,0
4280,27.737,27.737,13.481,13.573,0.405,0.277,1,21.550,7.128,0.000,381,76275,2366,25449
4281,4.907,4.396,4.064,0.134,0.010,0.188,0,22.233,7.100,0.000,0,1436,0,0
4282,26.143,26.143,12.646,13.006,0.290,0.201,1,22.233,7.100,0.000,381,76275,2367,25449
4283,7.235,4.480,4.082,0.134,0.009,0.256,0,21.117,7.364,0.000,0,1436,0,0
4284,27.814,27.814,12.457,14.802,0.349,0.206,1,21.117,7.364,0.000,382,76275,2369,25449
4285,5.540,4.931,4.553,0.144,0.015,0.219,0,21.664,7.399,0.000,0,1436,0,0
4286,28.187,28.187,12.778,14.767,0.434,0.207,1,21.664,7.399,0.000,381,76275,2367,25449
4287,5.190,4.420,4.132,0.134,0.013,0.142,0,23.506,7.448,0.000,0,1436,0,0
4288,27.958,27.958,13.466,13.935,0.401,0.156,1,23.506,7.448,0.000,381,76275,2367,25449
4289,5.413,4.442,4.113,0.133,0.014,0.183,0,23.021,8.069,0.000,0,1436,0,0
4290,29.566,29.566,14.314,13.975,1.125,0.152,1,23.021,8.069,0.000,381,76275,2366,25449
4291,5.167,5.167,4.852,0.138,0.013,0.164,0,21.550,7.997,0.000,0,1436,0,0
4292,28.720,28.720,13.931,13.577,0.983,0.229,1,21.550,7.997,0.000,381,76275,2367,25449
4293,4.327,4.327,3.888,0.134,0.011,0.295,0,22.380,7.574,0.000,0,1436,0,0
4294,28.028,28.028,12.937,14.481,0.311,0.299,1,22.380,7.574,0.000,381,76275,2368,25449
4295,5.546,5.546,5.028,0.153,0.011,0.355,0,21.576,7.350,0.000,0,1436,0,0
4296,27.872,27.872,13.401,13.750,0.420,0.301,1,21.576,7.350,0.000,381,76291,2367,25449
4297,4.538,4.538,4.133,0.135,0.009,0.260,0,21.995,7.740,0.000,0,1452,0,0
4298,24.726,24.726,10.938,13.034,0.384,0.371,1,21.995,7.740,0.000,381,76291,2366,25449
4299,8.352,4.284,3.870,0.133,0.010,0.271,0,23.455,6.946,0.000,0,1452,0,0
4300,25.333,25.333,11.381,13.167,0.403,0.382,1,23.455,6.946,0.000,381,76291,2367,25449
4301,8.027,4.312,3.919,0.134,0.011,0.248,0,23.846,7.294,0.000,0,1452,0,0
4302,26.877,26.877,11.807,14.408,0.402,0.259,1,23.846,7.294,1.757,381,76291,2042,25449
4303,6.480,4.548,4.066,0.134,0.014,0.333,0,23.525,6.429,1.757,0,1452,0,0
4304,26.339,26.339,11.221,14.355,0.486,0.277,1,23.525,6.429,1.718,381,76291,2045,25449
4305,7.033,4.396,3.997,0.134,0.013,0.251,0,23.190,6.897,1.718,0,1452,0,0
4306,27.063,27.063,11.759,14.530,0.430,0.344,1,23.190,6.897,1.938,381,76291,2013,25449
4307,6.291,6.221,5.843,0.134,0.009,0.234,0,21.479,6.794,1.938,0,1452,0,0
4308,27.696,27.696,13.668,13.362,0.351,0.315,1,21.479,6.794,0.000,381,76291,2366,25449
4309,5.677,5.043,4.577,0.135,0.011,0.320,0,22.335,7.284,0.000,0,1452,0,0
4310,25.855,25.855,11.683,13.554,0.328,0.290,1,22.335,7.284,0.000,381,76291,2367,25449
4311,7.518,4.271,3.869,0.133,0.013,0.255,0,22.419,7.423,0.000,0,1452,0,0
4312,25.983,25.983,11.124,14.200,0.333,0.325,1,22.419,7.423,0.000,381,76291,2367,25449
4313,7.379,4.262,3.870,0.133,0.011,0.248,0,21.554,7.229,0.000,0,1452,0,0
4314,26.068,26.068,11.986,13.360,0.463,0.258,1,21.554,7.229,0.000,381,76291,2367,25449
4315,7.306,4.583,4.096,0.132,0.015,0.340,0,21.598,7.161,0.000,0,1452,0,0
4316,26.006,26.006,11.427,13.965,0.316,0.298,1,21.598,7.161,0.000,381,76291,2367,25449
4317,7.348,5.594,5.172,0.133,0.010,0.278,0,20.664,6.934,0.000,0,1452,0,0
4318,27.914,27.914,14.519,12.740,0.314,0.340,1,20.664,6.934,0.000,381,76291,2366,25449
4319,5.550,4.683,4.300,0.134,0.011,0.238,0,20.055,6.903,0.000,0,1452,0,0
4320,26.343,26.343,12.160,13.518,0.394,0.270,1,20.055,6.903,0.000,381,76291,2367,25449
4321,6.931,6.356,5.892,0.134,0.010,0.320,0,23.512,7.137,0.000,0,1452,0,0
4322,28.549,28.549,13.824,13.528,0.935,0.262,1,23.512,7.137,0.000,381,76291,2367,25449
4323,4.818,4.385,3.999,0.133,0.010,0.243,0,22.320,7.462,0.000,0,1452,0,0
4324,25.800,25.800,11.796,13.386,0.252,0.366,1,22.320,7.462,0.000,381,76291,2367,25449
4325,7.724,7.724,7.283,0.142,0.015,0.283,0,20.537,7.195,0.000,0,1452,0,0
4326,25.865,25.865,11.431,13.747,0.398,0.289,1,20.537,7.195,0.000,381,76291,2366,25449
4327,7.358,4.376,3.887,0.132,0.011,0.346,0,22.830,7.899,0.000,0,1452,0,0
4328,25.145,25.145,11.445,13.047,0.374,0.279,1,22.830,7.899,0.000,381,76291,2367,25449
4329,8.219,4.299,3.896,0.133,0.010,0.260,0,23.262,7.246,0.000,0,1452,0,0
4330,25.395,25.395,11.667,12.985,0.384,0.358,1,23.262,7.246,0.000,381,76291,2367,25449
4331,7.971,4.345,3.928,0.132,0.009,0.276,0,23.760,7.326,0.000,0,1452,0,0
4332,26.581,26.581,11.424,14.377,0.504,0.277,1,23.760,7.326,1.707,381,76291,2067,25449
4333,6.776,4.640,4.127,0.164,0.009,0.339,0,23.095,6.581,1.707,0,1452,0,0
4334,27.699,27.699,12.999,14.005,0.414,0.281,1,23.095,6.581,1.441,382,76291,2088,25449
4335,5.661,5.224,4.824,0.142,0.011,0.247,0,21.568,6.847,1.441,0,1452,0,0
4336,25.786,25.786,11.775,13.269,0.383,0.359,1,21.568,6.847,0.000,381,76291,2366,25449
4337,7.606,7.058,6.663,0.134,0.013,0.248,0,21.831,7.615,0.000,0,1452,0,0
4338,29.750,29.750,13.975,15.070,0.415,0.290,1,21.831,7.615,0.000,381,76291,2367,25449
4339,4.477,4.477,3.922,0.133,0.012,0.411,0,21.831,7.615,0.000,0,1452,0,0
4340,29.570,29.570,16.007,12.930,0.324,0.309,1,24.630,7.152,0.000,381,76291,2367,25449
4341,4.250,4.250,3.811,0.133,0.010,0.297,0,21.504,7.239,0.000,0,1452,0,0
4342,26.206,26.206,11.024,14.493,0.279,0.411,1,21.504,7.239,0.000,381,76291,2367,25449
4343,6.556,5.679,5.234,0.135,0.010,0.300,0,22.881,7.649,0.000,0,1452,0,0
4344,28.137,28.137,13.711,13.669,0.418,0.339,1,22.881,7.649,0.000,381,76291,2368,25449
4345,4.807,4.807,4.269,0.133,0.010,0.394,0,20.772,8.030,0.000,0,1452,0,0
4346,27.909,27.909,12.220,14.981,0.360,0.348,1,20.772,8.030,0.000,381,76291,2366,25449
4347,5.157,4.355,3.899,0.132,0.010,0.314,0,22.687,7.375,0.000,0,1452,0,0
4348,26.578,26.578,11.683,14.206,0.247,0.442,1,22.687,7.375,0.000,381,76291,2367,25449
4349,6.798,4.321,3.877,0.132,0.010,0.302,0,22.854,7.183,0.000,0,1452,0,0
4350,26.962,26.962,12.669,13.601,0.344,0.348,1,22.854,7.183,0.000,381,76291,2367,25449
4351,6.399,4.562,3.982,0.132,0.011,0.437,0,22.079,7.208,0.000,0,1452,0,0
4352,25.954,25.954,11.821,13.409,0.356,0.369,1,22.079,7.208,0.000,381,76291,2367,25449
4353,7.406,5.127,4.743,0.134,0.011,0.238,0,21.704,7.149,0.000,0,1452,0,0
4354,25.747,25.747,11.730,13.246,0.336,0.435,1,21.704,7.149,0.000,381,76291,2366,25449
4355,7.618,4.953,4.511,0.134,0.010,0.298,0,21.982,7.125,0.000,0,1452,0,0
4356,25.769,25.769,11.780,13.349,0.325,0.316,1,21.982,7.125,0.000,381,76291,2367,25449
4357,7.599,5.091,4.582,0.137,0.012,0.360,0,21.497,7.408,0.000,0,1452,0,0
4358,25.730,25.730,12.443,12.673,0.341,0.273,1,21.497,7.408,0.000,381,76291,2367,25449
4359,7.638,4.395,3.949,0.132,0.012,0.303,0,21.399,7.569,0.000,0,1452,0,0
4360,26.020,26.020,11.801,13.407,0.459,0.353,1,21.399,7.569,0.000,381,76179,2367,25449
4361,7.345,4.306,3.911,0.133,0.010,0.252,0,22.229,7.299,0.000,0,1340,0,0
4362,26.081,26.081,11.374,14.076,0.357,0.274,1,22.229,7.299,0.000,381,76179,2367,25449
4363,7.283,4.351,3.890,0.132,0.010,0.318,0,21.237,7.083,0.000,0,1340,0,0
4364,28.202,28.202,13.974,13.486,0.475,0.268,1,21.237,7.083,0.000,381,76179,2366,25449
4365,5.166,5.121,4.673,0.154,0.022,0.273,0,21.590,7.286,0.000,0,1340,0,0
4366,28.071,28.071,13.290,14.070,0.348,0.362,1,21.590,7.286,0.000,381,76179,2368,25449
4367,5.298,4.327,3.907,0.133,0.012,0.275,0,22.619,7.414,0.000,0,1340,0,0
4368,25.670,25.670,12.364,12.760,0.275,0.271,1,22.619,7.414,0.000,381,76179,2367,25449
4369,7.695,5.071,4.524,0.132,0.010,0.405,0,21.163,7.250,0.000,0,1340,0,0
4370,25.966,25.966,11.829,13.347,0.502,0.289,1,21.163,7.250,0.000,381,76179,2367,25449
4371,7.399,4.910,4.500,0.134,0.010,0.266,0,21.706,7.189,0.000,0,1340,0,0
4372,25.615,25.615,11.602,13.322,0.327,0.364,1,21.706,7.189,0.000,381,76179,2367,25449
4373,7.759,4.909,4.507,0.132,0.012,0.258,0,21.687,6.996,0.000,0,1340,0,0
4374,27.799,27.799,13.587,13.442,0.396,0.374,1,21.687,6.996,0.000,381,76179,2366,25449
4375,5.558,4.730,4.254,0.136,0.011,0.329,0,21.014,7.909,0.000,0,1340,0,0
4376,27.951,27.951,13.899,13.413,0.355,0.284,1,21.014,7.909,0.000,382,76179,2369,25449
4377,5.429,4.804,4.412,0.134,0.010,0.249,0,22.033,7.621,0.000,0,1340,0,0
4378,26.908,26.908,12.523,13.580,0.480,0.325,1,22.033,7.621,0.000,381,76179,2367,25449
4379,6.468,4.365,3.987,0.132,0.011,0.235,0,23.956,7.520,0.000,0,1340,0,0
4380,25.960,25.960,11.904,13.333,0.434,0.289,1,23.956,7.520,0.000,381,76179,2367,25449
4381,7.395,6.116,5.615,0.135,0.010,0.356,0,22.681,7.188,0.000,0,1340,0,0
4382,25.854,25.854,12.244,12.978,0.289,0.343,1,22.681,7.188,0.000,381,76179,2366,25449
4383,7.503,4.485,4.071,0.133,0.011,0.269,0,21.152,7.478,0.000,0,1340,0,0
4384,28.556,28.556,13.832,13.998,0.350,0.376,1,21.152,7.478,0.000,381,76179,2367,25449
4385,4.812,4.244,3.824,0.133,0.011,0.276,0,22.700,7.437,0.000,0,1340,0,0
4386,25.920,25.920,11.795,13.530,0.305,0.291,1,22.700,7.437,0.000,382,76179,2369,25449
4387,7.445,6.267,5.776,0.135,0.010,0.345,0,21.048,7.305,0.000,0,1340,0,0
4388,26.543,26.543,12.182,13.548,0.514,0.299,1,21.048,7.305,0.000,381,76179,2367,25449
4389,6.847,4.389,3.977,0.132,0.011,0.270,0,22.962,8.650,0.000,0,1340,0,0
4390,29.853,29.853,14.374,14.757,0.386,0.336,1,20.215,7.520,0.000,381,76179,2367,25449
4391,4.510,4.510,4.164,0.133,0.010,0.203,0,20.215,7.520,0.000,0,1340,0,0
4392,27.916,27.916,13.968,13.309,0.398,0.241,1,20.215,7.520,0.000,381,76179,2366,25449
4393,4.432,4.397,3.988,0.134,0.012,0.263,0,21.608,7.429,0.000,0,1340,0,0
4394,25.181,25.181,11.419,13.177,0.363,0.222,1,21.608,7.429,0.000,381,76179,2367,25449
4395,8.198,4.211,3.865,0.133,0.009,0.203,0,22.891,7.424,0.000,0,1340,0,0
4396,25.335,25.335,11.183,13.479,0.378,0.295,1,22.891,7.424,0.000,381,76179,2367,25449
4397,8.029,4.266,3.916,0.133,0.010,0.207,0,23.298,7.303,0.000,0,1340,0,0
4398,24.943,24.943,11.054,13.225,0.362,0.302,1,23.298,7.303,0.000,381,76179,2367,25449
4399,8.460,4.453,4.082,0.132,0.012,0.227,0,24.077,7.589,0.000,0,1340,0,0
4400,31.896,31.896,13.536,17.642,0.431,0.287,1,22.752,6.362,2.635,381,76179,1995,25449
4401,4.914,4.914,4.453,0.134,0.010,0.317,0,22.752,6.362,2.635,0,1340,0,0
4402,27.500,27.500,13.634,13.256,0.351,0.260,1,22.752,6.362,0.000,381,76179,2366,25449
4403,5.076,5.076,4.679,0.139,0.011,0.247,0,21.832,7.060,0.000,0,1340,0,0
4404,25.908,25.908,11.964,13.175,0.410,0.360,1,21.832,7.060,0.000,381,76179,2367,25449
4405,6.672,6.672,6.281,0.132,0.010,0.249,0,22.424,8.086,0.000,0,1340,0,0
4406,26.363,26.363,12.635,13.060,0.306,0.362,1,22.424,8.086,0.000,381,76179,2368,25449
4407,5.092,4.800,4.313,0.134,0.010,0.344,0,20.759,8.505,0.000,0,1340,0,0
4408,28.020,28.020,14.051,13.362,0.390,0.217,1,20.759,8.505,0.000,381,76179,2367,25449
4409,5.350,4.274,3.937,0.133,0.010,0.195,0,21.877,7.831,0.000,0,1340,0,0
4410,25.531,25.531,11.577,13.441,0.248,0.265,1,21.877,7.831,0.000,381,76179,2366,25449
4411,7.835,4.865,4.526,0.134,0.010,0.195,0,21.180,6.993,0.000,0,1340,0,0
4412,29.017,29.017,13.390,15.067,0.346,0.214,1,21.180,6.993,0.000,381,76179,2367,25449
4413,4.364,4.364,3.975,0.132,0.010,0.247,0,20.414,7.381,0.000,0,1340,0,0
4414,28.195,28.195,13.576,14.094,0.317,0.208,1,20.414,7.381,0.000,381,76179,2367,25449
4415,5.155,4.316,3.867,0.162,0.009,0.277,0,20.981,7.037,0.000,0,1340,0,0
4416,33.491,33.491,12.962,19.688,0.468,0.373,1,22.032,6.851,0.000,381,76179,2366,25449
4417,5.450,5.450,4.933,0.149,0.014,0.353,0,22.032,6.851,0.000,0,1340,0,0
4418,26.215,26.215,11.547,14.074,0.240,0.354,1,22.032,6.851,0.000,381,76179,2368,25449
4419,4.375,4.375,3.781,0.133,0.012,0.450,0,21.817,7.063,0.000,0,1340,0,0
4420,29.785,29.785,14.744,13.796,0.900,0.345,1,19.733,7.152,0.000,381,76179,2367,25449
4421,4.294,4.294,3.832,0.133,0.010,0.319,0,19.733,7.152,0.000,0,1340,0,0
4422,29.555,29.555,15.134,13.613,0.358,0.451,1,19.922,6.934,0.000,381,76179,2367,25449
4423,4.928,4.928,4.446,0.138,0.012,0.332,0,19.922,6.934,0.000,0,1340,0,0
4424,26.022,26.022,11.274,13.815,0.589,0.344,1,19.922,6.934,0.000,381,76299,2367,25449
4425,4.493,4.493,3.913,0.133,0.008,0.439,0,19.922,6.934,0.000,0,1460,0,0
4426,14.908,7.903,7.457,0.131,0.008,0.306,0,26.635,6.846,0.000,0,1460,0,0
4427,28.246,28.246,12.092,15.383,0.434,0.336,1,20.196,5.787,2.300,381,76299,1906,25449
4428,5.117,5.062,4.506,0.134,0.010,0.412,0,20.196,5.787,2.300,0,1460,0,0
4429,26.505,26.505,11.261,14.616,0.304,0.324,1,20.196,5.787,0.000,381,76299,2367,25449
4430,6.865,5.163,4.649,0.135,0.011,0.367,0,21.632,6.991,0.000,0,1460,0,0
4431,26.417,26.417,11.998,13.695,0.331,0.393,1,21.632,6.991,0.000,381,76299,2367,25449
4432,6.951,4.455,4.010,0.135,0.012,0.299,0,21.890,7.189,0.000,0,1460,0,0
4433,26.286,26.286,12.006,13.605,0.344,0.331,1,21.890,7.189,0.000,381,76299,2367,25449
4434,7.093,4.601,3.978,0.132,0.009,0.482,0,21.501,7.133,0.000,0,1460,0,0
4435,26.681,26.681,11.909,14.104,0.343,0.325,1,21.501,7.133,0.000,381,76299,2367,25449
4436,6.675,4.455,4.007,0.135,0.009,0.305,0,21.461,6.938,0.000,0,1460,0,0
4437,27.133,27.133,12.799,13.532,0.394,0.407,1,21.461,6.938,0.000,381,76299,2366,25449
4438,6.256,4.775,4.327,0.133,0.011,0.304,0,21.461,6.938,0.000,0,1460,0,0
4439,27.349,27.349,13.578,12.916,0.573,0.282,1,24.919,7.155,0.000,381,76299,2368,25449
4440,6.064,4.856,4.382,0.134,0.011,0.329,0,21.684,7.945,0.000,0,1460,0,0
4441,30.560,30.560,14.127,15.796,0.357,0.280,1,21.313,7.494,0.000,381,76299,2367,25449
4442,4.923,4.923,4.497,0.137,0.012,0.277,0,21.313,7.494,0.000,0,1460,0,0
4443,29.327,29.327,14.620,13.445,0.341,0.921,1,19.928,6.996,0.000,381,76299,2367,25449
4444,4.465,4.465,4.079,0.133,0.010,0.243,0,19.928,6.996,0.000,0,1460,0,0
4445,29.046,29.046,14.957,13.480,0.323,0.286,1,19.534,7.035,0.000,381,76299,2366,25449
4446,5.048,5.048,4.516,0.138,0.013,0.381,0,19.534,7.035,0.000,0,1460,0,0
4447,26.026,26.026,11.541,13.607,0.489,0.389,1,19.534,7.035,0.000,381,76299,2367,25449
4448,4.295,4.295,3.808,0.132,0.013,0.342,0,19.534,7.035,0.000,0,1460,0,0
4449,16.394,8.031,7.460,0.131,0.008,0.431,0,25.322,8.189,0.000,0,1460,0,0
4450,28.104,28.104,11.431,15.866,0.420,0.386,1,20.396,5.942,2.900,381,76299,1925,25449
4451,5.949,5.949,5.434,0.139,0.015,0.361,0,20.396,5.942,2.900,0,1460,0,0
4452,26.141,26.141,11.732,13.649,0.304,0.457,1,20.396,5.942,0.000,381,76299,2367,25449
4453,6.544,4.648,3.905,0.133,0.016,0.594,0,20.396,5.942,0.000,0,1460,0,0
4454,27.941,27.941,13.014,14.212,0.362,0.352,1,24.164,7.615,1.644,381,76299,2067,25449
4455,5.851,4.993,4.423,0.134,0.012,0.425,0,23.327,7.061,1.644,0,1460,0,0
4456,30.089,30.089,13.781,15.528,0.442,0.338,1,20.968,6.251,1.782,381,76299,2034,25449
4457,5.038,5.038,4.548,0.138,0.012,0.340,0,20.968,6.251,1.782,0,1460,0,0
4458,29.599,29.599,15.388,13.447,0.328,0.435,1,19.899,7.279,0.000,381,76299,2367,25449
4459,4.999,4.999,4.499,0.137,0.013,0.350,0,19.899,7.279,0.000,0,1460,0,0
4460,28.949,28.949,14.094,14.181,0.315,0.359,1,19.899,7.279,0.000,381,76299,2367,25449
4461,5.942,5.942,4.809,0.525,0.022,0.586,0,20.075,7.077,0.000,0,1460,0,0
4462,27.825,27.825,12.224,14.584,0.576,0.441,1,20.075,7.077,0.000,381,76299,2367,25449
4463,6.570,6.570,6.046,0.134,0.012,0.377,0,20.075,7.077,0.000,0,1460,0,0
4464,31.802,31.802,17.567,13.381,0.358,0.496,1,23.617,8.174,0.000,381,76299,2367,25449
4465,4.657,4.657,4.184,0.136,0.010,0.327,0,21.175,7.975,0.000,0,1460,0,0
4466,7.610,5.070,4.565,0.135,0.013,0.357,0,21.175,7.975,0.000,0,1460,0,0
4467,28.083,28.083,14.246,12.965,0.378,0.494,1,21.175,7.975,0.000,381,76299,2366,25449
4468,5.284,4.868,4.361,0.134,0.010,0.363,0,21.158,7.184,0.000,0,1460,0,0
4469,29.831,29.831,14.945,14.186,0.309,0.390,1,19.804,7.070,0.000,381,76299,2367,25449
4470,4.663,4.663,4.028,0.133,0.009,0.492,0,19.804,7.070,0.000,0,1460,0,0
4471,30.024,30.024,13.938,15.351,0.337,0.399,1,19.804,7.070,0.000,381,76299,2368,25449
4472,4.414,4.414,3.907,0.133,0.011,0.364,0,23.459,7.335,0.000,0,1460,0,0
4473,27.575,27.575,12.569,14.115,0.312,0.579,1,23.459,7.335,0.000,381,76299,2367,25449
4474,4.513,4.513,3.979,0.133,0.009,0.392,0,23.459,7.335,0.000,0,1460,0,0
4475,29.940,29.940,15.471,13.677,0.418,0.373,1,23.018,7.338,0.000,381,76299,2367,25449
4476,4.917,4.917,4.247,0.133,0.010,0.529,0,22.261,7.858,0.000,0,1460,0,0
4477,28.529,28.529,14.385,13.319,0.369,0.456,1,22.261,7.858,0.000,381,76299,2366,25449
4478,4.485,4.485,4.011,0.133,0.010,0.331,0,20.416,8.065,0.000,0,1460,0,0
4479,28.266,28.266,14.435,12.881,0.471,0.478,1,20.416,8.065,0.000,381,76299,2367,25449
4480,4.554,4.554,4.083,0.134,0.010,0.328,0,21.206,7.821,0.000,0,1460,0,0
4481,29.275,29.275,13.110,15.462,0.352,0.351,1,21.206,7.821,0.000,381,76299,2367,25449
4482,5.161,5.161,4.590,0.136,0.010,0.425,0,23.347,7.498,0.000,0,1460,0,0
4483,26.736,26.736,11.348,14.662,0.303,0.424,1,23.347,7.498,0.000,381,76299,2367,25449
4484,4.358,4.358,3.906,0.133,0.010,0.309,0,23.347,7.498,0.000,0,1460,0,0
4485,28.294,28.294,13.357,14.197,0.325,0.414,1,23.440,7.266,0.000,381,76299,2366,25449
4486,4.770,4.447,3.983,0.133,0.012,0.319,0,21.978,7.046,0.000,0,1460,0,0
4487,26.930,26.930,13.471,12.890,0.245,0.324,1,21.978,7.046,0.000,381,76299,2367,25449
4488,6.433,4.493,3.870,0.134,0.011,0.477,0,21.457,7.315,0.000,0,1356,0,0
4489,25.726,25.726,11.628,13.423,0.329,0.345,1,21.457,7.315,0.000,383,76195,2376,25449
4490,7.661,5.002,4.532,0.136,0.012,0.322,0,21.294,7.298,0.000,0,1356,0,0
4491,28.291,28.291,12.362,15.046,0.372,0.511,1,21.294,7.298,0.000,386,76207,2419,25449
4492,5.247,5.247,4.737,0.140,0.010,0.361,0,21.294,7.298,0.000,0,1368,0,0
4493,37.077,37.077,16.438,19.885,0.375,0.379,1,21.035,5.730,3.818,386,76207,1975,25449
4494,4.766,4.766,4.167,0.140,0.011,0.448,0,21.035,5.730,3.818,0,1368,0,0
4495,8.033,4.548,4.070,0.137,0.011,0.329,0,21.035,5.730,3.818,0,1368,0,0
4496,27.102,27.102,12.361,14.047,0.344,0.350,1,21.035,5.730,0.000,386,76207,2403,25449
4497,7.314,7.314,6.702,0.142,0.014,0.456,0,21.540,7.175,0.000,0,1368,0,0
4498,28.852,28.852,14.325,13.775,0.404,0.347,1,21.540,7.175,0.000,386,76207,2401,25449
4499,4.726,4.726,4.166,0.137,0.010,0.413,0,21.815,7.682,0.000,0,1368,0,0
4500,26.282,26.282,12.048,13.201,0.688,0.346,1,21.815,7.682,0.000,386,76207,2401,25449
4501,5.822,5.822,5.348,0.142,0.014,0.319,0,21.815,7.682,0.000,0,1368,0,0
4502,30.344,30.344,14.245,15.149,0.502,0.447,1,22.976,8.149,0.000,387,76207,2403,25449
4503,7.046,7.046,6.552,0.143,0.015,0.336,0,23.965,7.524,0.000,0,1368,0,0
4504,28.643,28.643,14.017,13.893,0.335,0.398,1,23.965,7.524,0.000,386,76207,2401,25449
4505,7.045,7.045,6.467,0.143,0.015,0.420,0,22.505,7.719,0.000,0,1368,0,0
4506,28.439,28.439,13.885,13.772,0.426,0.357,1,22.505,7.719,0.000,386,76207,2400,25449
4507,4.937,4.937,4.423,0.152,0.015,0.346,0,21.380,7.568,0.000,0,1368,0,0
4508,27.227,27.227,12.734,13.622,0.414,0.458,1,21.380,7.568,0.000,386,76207,2401,25449
4509,5.255,5.255,4.755,0.158,0.011,0.331,0,21.380,7.568,0.000,0,1368,0,0
4510,29.738,29.738,15.214,13.720,0.458,0.345,1,23.729,8.382,0.000,386,76207,2401,25449
4511,6.644,6.644,6.119,0.139,0.011,0.375,0,22.323,8.120,0.000,0,1368,0,0
4512,8.183,4.903,4.473,0.141,0.012,0.276,0,22.323,8.120,0.000,0,1368,0,0
4513,28.256,28.256,13.030,14.662,0.364,0.200,1,22.323,8.120,0.000,386,76207,2401,25449
4514,5.107,4.534,4.144,0.139,0.009,0.241,0,20.154,7.400,0.000,0,1368,0,0
4515,26.787,26.787,12.692,13.588,0.328,0.178,1,20.154,7.400,0.000,386,76207,2400,25449
4516,6.585,4.114,3.798,0.141,0.010,0.164,0,20.779,7.076,0.000,0,1368,1,0
4517,26.249,26.249,12.335,12.772,0.917,0.225,1,20.779,7.076,0.000,386,76207,2400,25449
4518,7.116,4.149,3.833,0.138,0.011,0.166,0,20.984,7.205,0.000,0,1368,0,0
4519,25.476,25.476,11.552,13.462,0.282,0.179,1,20.984,7.205,0.000,386,76207,2401,25449
4520,7.889,6.234,5.839,0.144,0.017,0.234,0,21.294,7.034,0.000,0,1368,0,0
4521,27.150,27.150,12.758,13.733,0.403,0.256,1,21.294,7.034,0.000,386,76207,2401,25449
4522,6.275,4.744,4.368,0.137,0.011,0.229,0,20.938,7.836,0.000,0,1368,0,0
4523,28.444,28.444,12.676,15.061,0.389,0.317,1,20.938,7.836,0.000,387,76207,2403,25449
4524,5.054,5.054,4.703,0.138,0.012,0.201,0,22.379,7.426,0.000,0,1368,0,0
4525,25.853,25.853,12.476,12.920,0.249,0.208,1,22.379,7.426,0.000,386,76207,2400,25449
4526,7.355,4.318,3.890,0.136,0.010,0.282,0,21.429,7.052,0.000,0,1368,0,0
4527,26.684,26.684,11.632,14.446,0.397,0.209,1,21.429,7.052,0.000,386,76207,2401,25449
4528,6.656,4.199,3.857,0.136,0.010,0.195,0,21.025,7.335,0.000,0,1368,0,0
4529,25.978,25.978,11.959,13.424,0.329,0.266,1,21.025,7.335,0.000,386,76207,2401,25449
4530,7.390,4.167,3.814,0.187,0.010,0.156,0,21.696,6.943,0.000,0,1368,0,0
4531,26.251,26.251,12.360,13.245,0.465,0.181,1,21.696,6.943,0.000,386,76207,2401,25449
4532,7.113,5.337,4.993,0.143,0.010,0.191,0,21.402,7.071,0.000,0,1368,0,0
4533,25.263,25.263,11.582,13.133,0.390,0.158,1,21.402,7.071,0.000,386,76207,2402,25449
4534,8.108,4.342,4.048,0.137,0.012,0.145,0,22.904,7.680,0.000,0,1368,0,0
4535,24.778,24.778,11.113,13.097,0.366,0.202,1,22.904,7.680,0.000,386,76207,2400,25449
4536,8.599,4.364,4.062,0.137,0.010,0.155,0,22.069,8.184,0.000,0,1368,0,0
4537,25.257,25.257,11.546,13.079,0.385,0.247,1,22.069,8.184,0.000,386,76207,2401,25449
4538,8.108,4.217,3.840,0.137,0.009,0.231,0,22.966,7.687,0.000,0,1368,0,0
4539,26.429,26.429,11.461,14.199,0.531,0.238,1,22.966,7.687,1.492,386,76207,2128,25449
4540,6.931,4.341,4.008,0.138,0.012,0.183,0,22.846,7.233,1.492,0,1368,0,0
4541,26.053,26.053,11.214,14.212,0.331,0.294,1,22.846,7.233,1.591,386,76207,2091,25449
4542,7.310,4.511,4.179,0.138,0.012,0.181,0,22.060,6.842,1.591,0,1368,0,0
4543,27.415,27.415,11.638,15.194,0.383,0.202,1,19.650,6.364,2.032,386,76207,2142,25449
4544,5.946,4.374,4.003,0.138,0.010,0.223,0,19.650,6.364,2.032,0,1368,0,0
4545,25.666,25.666,11.856,13.396,0.238,0.176,1,19.650,6.364,0.000,386,76207,2402,25449
4546,7.703,5.215,4.885,0.159,0.010,0.161,0,20.282,6.911,0.000,0,1368,0,0
4547,26.337,26.337,12.115,13.579,0.404,0.239,1,20.282,6.911,0.000,386,76207,2401,25449
4548,7.042,4.309,3.988,0.145,0.010,0.167,0,23.472,7.486,0.000,0,1368,0,0
4549,24.888,24.888,11.278,13.071,0.340,0.200,1,23.472,7.486,0.000,386,76207,2401,25449
4550,8.480,4.369,4.005,0.139,0.011,0.214,0,23.069,7.330,0.000,0,1368,0,0
4551,24.577,24.577,11.173,12.847,0.386,0.170,1,23.069,7.330,0.000,378,76171,2344,25449
4552,8.780,4.142,3.773,0.125,0.011,0.232,0,21.733,8.038,0.000,0,796,0,0
4553,24.478,24.478,10.976,12.761,0.487,0.254,1,21.733,8.038,0.000,373,75659,2301,25449
4554,8.889,3.820,3.511,0.125,0.009,0.174,0,21.767,8.235,0.000,0,844,0,0
4555,24.725,24.725,11.632,12.468,0.419,0.206,1,21.767,8.235,0.000,373,75707,2303,25449
4556,8.641,4.891,4.534,0.126,0.010,0.221,0,20.243,7.693,0.000,0,892,0,0
4557,27.431,27.431,12.820,14.069,0.343,0.200,1,20.243,7.693,0.000,373,75755,2302,25449
4558,5.932,4.499,4.176,0.127,0.012,0.185,0,21.287,7.532,0.000,0,928,0,0
4559,26.166,26.166,11.153,14.450,0.288,0.274,1,21.287,7.532,0.000,374,75767,2321,25449
4560,7.216,4.002,3.689,0.125,0.012,0.176,0,24.053,7.177,0.000,0,928,0,0
4561,25.946,25.946,11.265,14.034,0.472,0.176,1,24.053,7.177,1.461,374,75767,2037,25449
4562,7.408,3.988,3.637,0.126,0.013,0.211,0,22.416,6.316,1.461,0,928,0,0
4563,23.860,23.860,10.718,12.670,0.297,0.175,1,22.416,6.316,0.000,374,75767,2316,25449
4564,9.519,4.021,3.726,0.126,0.009,0.160,0,22.227,7.014,0.000,0,928,0,0
4565,24.663,24.663,10.932,13.038,0.466,0.228,1,22.227,7.014,0.000,375,75767,2318,25449
4566,8.702,3.886,3.586,0.125,0.010,0.164,0,23.196,7.195,0.000,0,928,0,0
4567,26.418,26.418,11.249,14.436,0.509,0.225,1,23.196,7.195,1.826,374,75767,1979,25449
4568,6.939,4.092,3.702,0.126,0.009,0.255,0,23.289,6.287,1.826,0,928,0,0
4569,25.875,25.875,11.034,14.239,0.407,0.196,1,23.289,6.287,2.040,374,75767,1925,25449
4570,7.487,3.994,3.680,0.125,0.012,0.177,0,23.199,5.895,2.040,0,928,0,0
4571,25.968,25.968,10.975,14.406,0.350,0.237,1,23.199,5.895,2.192,374,75767,1887,25449
4572,7.405,3.901,3.581,0.125,0.013,0.182,0,21.947,6.513,2.192,0,928,0,0
4573,25.161,25.161,11.713,12.896,0.356,0.196,1,21.947,6.513,0.000,374,75767,2316,25449
4574,8.205,4.443,4.098,0.127,0.010,0.208,0,20.125,7.770,0.000,0,928,0,0
4575,27.950,27.950,13.006,14.390,0.347,0.207,1,20.125,7.770,0.000,375,75807,2332,25449
4576,5.413,3.996,3.697,0.128,0.009,0.163,0,21.719,7.535,0.000,0,972,0,0
4577,25.411,25.411,10.793,14.136,0.250,0.232,1,21.719,7.535,0.000,376,75811,2339,25449
4578,7.955,4.105,3.797,0.128,0.011,0.169,0,20.938,7.113,0.000,0,972,0,0
4579,24.036,24.036,10.560,12.862,0.434,0.180,1,20.938,7.113,0.000,376,75811,2338,25449
4580,9.332,6.113,5.768,0.129,0.010,0.205,0,21.047,6.904,0.000,0,972,0,0
4581,25.387,25.387,11.798,13.033,0.375,0.181,1,21.047,6.904,0.000,376,75811,2339,25449
4582,7.979,5.132,4.800,0.129,0.010,0.193,0,21.188,7.489,0.000,0,972,0,0
4583,28.233,28.233,12.065,14.904,0.952,0.312,1,21.188,7.489,0.000,376,75811,2339,25449
4584,5.133,4.029,3.674,0.128,0.010,0.217,0,22.000,7.447,0.000,0,972,0,0
4585,25.684,25.684,11.605,13.462,0.371,0.247,1,22.000,7.447,0.000,377,75811,2341,25449
4586,7.681,4.920,4.481,0.130,0.010,0.299,0,21.002,7.284,0.000,0,972,0,0
4587,25.821,25.821,11.786,13.365,0.414,0.256,1,21.002,7.284,0.000,376,75811,2339,25449
4588,8.671,8.671,8.252,0.141,0.018,0.261,0,21.002,7.284,0.000,0,972,0,0
4589,36.377,36.377,14.391,21.212,0.420,0.355,1,21.924,5.999,1.948,376,75811,1975,25449
4590,4.217,4.217,3.798,0.127,0.013,0.281,0,21.924,5.999,1.948,0,972,0,0
4591,8.349,4.603,4.219,0.131,0.009,0.245,0,21.924,5.999,1.948,0,972,0,0
4592,30.176,30.176,15.481,14.013,0.341,0.341,1,21.924,5.999,0.000,376,75811,2339,25449
4593,6.055,6.055,5.658,0.129,0.010,0.257,0,21.727,7.395,0.000,0,972,0,0
4594,29.235,29.235,13.753,14.642,0.501,0.338,1,21.727,7.395,0.000,376,75811,2339,25449
4595,4.887,4.887,4.373,0.128,0.011,0.374,0,22.240,7.359,0.000,0,972,0,0
4596,37.027,37.027,22.091,13.648,0.876,0.411,1,25.433,7.287,0.000,376,75811,2339,25449
4597,5.046,5.046,4.565,0.130,0.010,0.341,0,25.433,7.287,0.000,0,972,0,0
4598,4.335,3.968,3.308,0.127,0.008,0.525,0,25.433,7.287,0.000,0,972,0,0
4599,31.082,31.082,14.274,16.018,0.399,0.391,1,20.554,6.702,1.610,376,75811,2054,25449
4600,4.962,4.962,4.313,0.133,0.013,0.503,0,20.554,6.702,1.610,0,972,0,0
4601,30.023,30.023,14.100,15.220,0.318,0.385,1,19.684,7.056,0.000,376,75811,2339,25449
4602,4.237,4.237,3.746,0.128,0.010,0.353,0,19.684,7.056,0.000,0,972,0,0
4603,29.303,29.303,14.241,13.736,0.319,1.008,1,19.511,7.078,0.000,376,75811,2339,25449
4604,4.786,4.786,4.278,0.131,0.014,0.363,0,19.511,7.078,0.000,0,972,0,0
4605,28.151,28.151,13.305,14.083,0.408,0.356,1,19.511,7.078,0.000,376,75811,2339,25449
4606,4.431,4.431,3.865,0.128,0.014,0.424,0,23.148,6.934,0.000,0,972,0,0
4607,29.420,29.420,13.508,15.108,0.465,0.338,1,23.148,6.934,0.000,376,75811,2340,25449
4608,5.002,5.002,4.557,0.129,0.010,0.305,0,22.054,7.382,0.000,0,972,0,0
4609,29.501,29.501,15.062,13.687,0.294,0.457,1,19.353,7.461,0.000,376,75811,2338,25449
4610,4.246,4.246,3.776,0.129,0.010,0.332,0,19.353,7.461,0.000,0,972,0,0
4611,27.044,27.044,13.356,12.942,0.371,0.376,1,19.353,7.461,0.000,376,75811,2339,25449
4612,4.491,4.491,3.942,0.128,0.009,0.412,0,20.331,7.583,0.000,0,972,0,0
4613,28.081,28.081,13.768,13.460,0.461,0.391,1,20.331,7.583,0.000,376,75811,2339,25449
4614,4.147,4.147,3.699,0.128,0.011,0.309,0,21.030,7.141,0.000,0,972,0,0
4615,29.551,29.551,14.816,13.949,0.319,0.466,1,19.584,6.998,0.000,376,75811,2339,25449
4616,4.123,4.123,3.668,0.126,0.010,0.319,0,19.584,6.998,0.000,0,928,0,0
4617,28.695,28.695,14.585,13.448,0.322,0.339,1,19.540,6.829,0.000,374,75767,2315,25449
4618,4.335,4.335,3.758,0.126,0.011,0.440,0,19.540,6.829,0.000,0,928,0,0
4619,29.584,29.584,15.250,13.634,0.330,0.370,1,19.623,6.896,0.000,374,75767,2317,25449
4620,4.851,4.851,4.310,0.131,0.013,0.396,0,19.623,6.896,0.000,0,928,0,0
4621,29.213,29.213,15.086,13.321,0.321,0.484,1,19.675,7.010,0.000,374,75767,2316,25449
4622,4.736,4.736,4.232,0.129,0.012,0.363,0,19.675,7.010,0.000,0,928,0,0
4623,28.752,28.752,14.720,13.307,0.367,0.359,1,19.675,7.010,0.000,374,75767,2316,25449
4624,5.200,5.200,4.588,0.134,0.014,0.465,0,19.976,7.091,0.000,0,928,0,0
4625,29.151,29.151,14.649,13.785,0.339,0.379,1,19.976,7.091,0.000,374,75767,2316,25449
4626,5.315,5.315,4.807,0.137,0.014,0.357,0,19.936,7.124,0.000,0,928,0,0
4627,27.446,27.446,13.123,13.519,0.351,0.453,1,19.936,7.124,0.000,374,75767,2315,25449
4628,5.916,5.916,5.353,0.135,0.017,0.411,0,23.522,7.325,0.000,0,928,0,0
4629,28.887,28.887,14.446,13.654,0.408,0.379,1,23.522,7.325,0.000,375,75767,2318,25449
4630,4.486,4.486,3.886,0.127,0.010,0.463,0,20.828,8.243,0.000,0,928,0,0
4631,29.748,29.748,13.989,15.031,0.366,0.362,1,20.828,8.243,0.000,374,75767,2316,25449
4632,4.634,4.634,4.132,0.126,0.010,0.366,0,22.797,7.521,0.000,0,928,0,0
4633,29.946,29.946,15.106,14.019,0.375,0.446,1,20.149,7.358,0.000,374,75767,2316,25449
4634,4.722,4.722,4.302,0.124,0.012,0.284,0,20.149,7.358,0.000,0,772,0,0
4635,26.951,26.951,12.276,13.968,0.403,0.304,1,20.149,7.358,0.000,372,75611,2286,25449
4636,4.528,4.528,3.991,0.124,0.013,0.400,0,20.149,7.358,0.000,0,772,0,0
4637,31.060,31.060,15.684,14.717,0.357,0.303,1,24.628,7.113,0.000,372,75611,2287,25449
4638,4.128,4.128,3.723,0.125,0.009,0.272,0,20.531,7.581,0.000,0,772,0,0
4639,29.088,29.088,13.778,13.857,1.006,0.448,1,20.531,7.581,0.000,373,75611,2289,25449
4640,4.045,4.045,3.615,0.124,0.010,0.296,0,19.665,6.837,0.000,0,772,0,0
4641,28.567,28.567,15.122,12.824,0.325,0.296,1,19.665,6.837,0.000,372,75611,2287,25449
4642,4.212,4.212,3.725,0.123,0.010,0.354,0,19.714,6.930,0.000,0,772,0,0
4643,28.339,28.339,13.627,14.050,0.328,0.334,1,19.714,6.930,0.000,372,75611,2286,25449
4644,4.293,4.293,3.795,0.158,0.010,0.329,0,19.525,7.071,0.000,0,772,1,0
4645,27.670,27.670,14.338,12.501,0.368,0.462,1,19.525,7.071,0.000,372,75611,2286,25449
4646,4.489,4.489,4.057,0.125,0.009,0.299,0,19.969,7.683,0.000,0,772,0,0
4647,27.003,27.003,13.582,12.603,0.455,0.364,1,19.969,7.683,0.000,372,75611,2287,25449
4648,4.972,4.972,4.340,0.149,0.021,0.463,0,21.849,7.257,0.000,0,772,0,0
4649,29.412,29.412,12.303,16.308,0.475,0.326,1,21.849,7.257,0.000,372,75611,2287,25449
4650,4.112,4.112,3.670,0.123,0.010,0.309,0,23.244,7.579,0.000,0,772,0,0
4651,25.781,25.781,11.044,14.026,0.272,0.439,1,23.244,7.579,0.000,372,75611,2287,25449
4652,10.950,10.950,10.544,0.129,0.014,0.263,0,21.844,7.212,0.000,0,768,0,0
4653,26.754,26.754,12.768,13.210,0.518,0.258,1,21.844,7.212,0.000,371,75607,2271,25449
4654,4.550,4.550,4.124,0.124,0.014,0.288,0,21.326,7.767,0.000,0,768,0,0
4655,28.346,28.346,14.072,13.583,0.451,0.241,1,21.326,7.767,0.000,371,75607,2272,25449
4656,4.405,4.405,4.048,0.124,0.012,0.222,0,22.237,7.551,0.000,0,768,0,0
4657,25.658,25.658,11.549,13.360,0.346,0.402,1,22.237,7.551,0.000,371,75607,2272,25449
4658,4.196,4.196,3.741,0.125,0.008,0.323,0,22.237,7.551,0.000,0,768,0,0
4659,28.434,28.434,13.340,14.205,0.430,0.460,1,23.408,7.407,0.000,371,75607,2272,25449
4660,4.462,4.462,3.793,0.124,0.011,0.534,0,23.408,7.407,0.000,0,768,0,0
4661,30.811,30.811,14.403,15.588,0.385,0.435,1,19.475,6.104,2.037,371,75607,1888,25449
4662,4.042,4.042,3.496,0.123,0.009,0.414,0,19.475,6.104,2.037,0,768,0,0
4663,26.419,26.419,11.299,14.223,0.299,0.597,1,19.475,6.104,0.000,371,75607,2272,25449
4664,5.332,5.176,4.566,0.124,0.015,0.472,0,21.925,7.017,0.000,0,768,0,0
4665,26.385,26.385,11.702,13.824,0.390,0.469,1,21.925,7.017,0.000,371,75607,2272,25449
4666,6.888,4.975,3.697,0.676,0.010,0.591,0,22.363,7.552,0.000,0,768,0,0
4667,29.008,29.008,14.581,13.567,0.410,0.450,1,22.363,7.552,0.000,371,75607,2272,25449
4668,4.462,4.462,3.928,0.126,0.009,0.399,0,21.349,8.217,0.000,0,768,0,0
4669,28.306,28.306,14.432,12.878,0.376,0.619,1,21.349,8.217,0.000,371,75607,2273,25449
4670,5.107,4.558,4.014,0.126,0.010,0.408,0,20.268,7.622,0.000,0,768,0,0
4671,27.081,27.081,12.543,13.781,0.349,0.408,1,20.268,7.622,0.000,371,75607,2271,25449
4672,6.616,4.836,4.178,0.123,0.013,0.523,0,22.098,7.362,0.000,0,768,0,0
4673,25.599,25.599,11.003,13.897,0.296,0.403,1,22.098,7.362,0.000,371,75607,2272,25449
4674,7.285,4.073,3.506,0.122,0.010,0.436,0,21.900,7.107,0.000,0,768,0,0
4675,26.643,26.643,12.904,12.877,0.366,0.496,1,21.900,7.107,0.000,371,75607,2272,25449
4676,6.724,4.046,3.550,0.123,0.010,0.363,0,22.254,7.149,0.000,0,768,0,0
4677,25.553,25.553,12.249,12.599,0.330,0.375,1,22.254,7.149,0.000,371,75607,2272,25449
4678,7.803,5.166,4.572,0.123,0.010,0.462,0,21.304,6.929,0.000,0,768,0,0
4679,25.520,25.520,12.361,12.486,0.325,0.349,1,21.304,6.929,0.000,371,75607,2271,25449
4680,7.849,4.651,4.169,0.123,0.013,0.347,0,21.015,7.012,0.000,0,768,0,0
4681,25.758,25.758,10.964,13.934,0.379,0.481,1,21.015,7.012,0.000,371,75607,2273,25449
4682,7.624,4.488,4.022,0.122,0.011,0.334,0,22.466,7.143,0.000,0,768,0,0
4683,25.951,25.951,11.184,13.953,0.491,0.324,1,22.466,7.143,0.000,371,75607,2272,25449
4684,7.405,4.273,3.690,0.124,0.010,0.448,0,21.378,7.225,0.000,0,768,0,0
4685,25.484,25.484,11.541,13.270,0.321,0.351,1,21.378,7.225,0.000,371,75607,2272,25449
4686,7.883,3.985,3.541,0.123,0.009,0.313,0,21.520,6.972,0.000,0,768,0,0
4687,25.546,25.546,10.784,14.020,0.324,0.418,1,21.520,6.972,0.000,371,75607,2271,25449
4688,7.827,3.865,3.431,0.123,0.009,0.302,0,21.787,7.002,0.000,0,768,0,0
4689,28.036,28.036,14.164,13.063,0.452,0.358,1,21.787,7.002,0.000,371,75607,2272,25449
4690,5.323,4.277,3.729,0.124,0.009,0.415,0,21.013,7.383,0.000,0,768,0,0
4691,27.843,27.843,12.143,15.007,0.351,0.341,1,21.013,7.383,0.000,371,75607,2273,25449
4692,5.682,4.178,3.709,0.123,0.011,0.334,0,22.147,7.405,0.000,0,768,0,0
4693,26.042,26.042,11.839,13.308,0.376,0.519,1,22.147,7.405,0.000,371,75607,2272,25449
4694,7.402,7.402,6.917,0.128,0.013,0.344,0,20.509,7.301,0.000,0,768,0,0
4695,27.463,27.463,13.447,13.121,0.559,0.335,1,20.509,7.301,0.000,371,75607,2272,25449
4696,5.667,4.597,4.082,0.125,0.010,0.381,0,21.124,7.600,0.000,0,768,0,0
4697,25.907,25.907,12.753,12.353,0.347,0.454,1,21.124,7.600,0.000,371,75607,2271,25449
4698,7.466,4.937,4.325,0.123,0.031,0.458,0,20.529,7.559,0.000,0,768,0,0
4699,25.881,25.881,12.637,12.424,0.474,0.347,1,20.529,7.559,0.000,371,75607,2272,25449
4700,7.486,4.143,3.707,0.123,0.010,0.302,0,20.198,7.916,0.000,0,768,0,0
4701,26.777,26.777,13.403,12.478,0.446,0.450,1,20.198,7.916,0.000,371,75607,2272,25449
4702,6.588,4.100,3.665,0.124,0.009,0.302,0,20.912,7.113,0.000,0,768,0,0
4703,25.370,25.370,11.416,13.157,0.378,0.419,1,20.912,7.113,0.000,371,75607,2272,25449
4704,7.994,4.381,3.763,0.122,0.011,0.485,0,21.553,7.041,0.000,0,768,0,0
4705,28.000,28.000,14.149,13.006,0.420,0.424,1,21.553,7.041,0.000,371,75607,2271,25449
4706,5.367,4.319,3.818,0.127,0.010,0.364,0,21.083,7.256,0.000,0,768,0,0
4707,27.885,27.885,11.961,15.079,0.345,0.499,1,21.083,7.256,0.000,371,75607,2272,25449
4708,5.491,4.026,3.516,0.124,0.009,0.377,0,22.949,7.452,0.000,0,768,0,0
4709,25.939,25.939,12.512,12.708,0.312,0.408,1,22.949,7.452,0.000,371,75607,2272,25449
4710,7.421,4.751,4.116,0.122,0.010,0.503,0,21.720,7.548,0.000,0,768,0,0
4711,25.497,25.497,11.500,13.202,0.406,0.390,1,21.720,7.548,0.000,372,75607,2274,25449
4712,7.867,4.809,4.263,0.125,0.011,0.411,0,21.501,7.325,0.000,0,768,0,0
4713,34.761,34.761,9.861,23.989,0.417,0.495,1,20.432,1.370,0.000,306,35811,1678,25113
4714,4.145,4.145,3.444,0.316,0.012,0.373,0,20.432,1.370,0.000,0,768,0,0
4715,31.274,31.274,7.194,23.355,0.360,0.365,1,20.432,1.370,0.000,324,37847,2812,0
4716,3.467,3.467,2.906,0.122,0.009,0.429,0,23.754,5.989,0.000,0,768,0,0
4717,16.537,16.537,6.545,9.384,0.301,0.308,1,23.754,5.989,0.000,324,37847,2803,0
4718,9.919,4.836,4.458,0.122,0.011,0.245,0,16.797,5.937,0.000,0,768,0,0
4719,16.833,16.833,7.214,8.737,0.487,0.396,1,16.797,5.937,0.000,324,37847,2803,0
4720,16.537,4.004,3.553,0.123,0.013,0.315,0,18.068,5.900,0.000,0,768,0,0
4721,16.702,15.554,6.137,8.671,0.418,0.328,1,18.068,5.900,0.000,324,37847,2802,0
4722,16.661,3.888,3.359,0.124,0.011,0.395,0,17.279,5.851,0.000,0,768,0,0
4723,16.701,15.262,6.076,8.473,0.406,0.306,1,17.279,5.851,0.000,324,37847,2803,0
4724,16.673,3.888,3.480,0.124,0.010,0.273,0,16.807,6.243,0.000,0,768,0,0
4725,19.018,19.018,9.381,8.737,0.509,0.391,1,16.807,6.243,0.000,324,37847,2803,0
4726,14.349,4.686,4.316,0.125,0.011,0.234,0,16.969,6.294,0.000,0,768,0,0
4727,17.940,17.940,8.637,8.521,0.525,0.258,1,16.969,6.294,0.000,324,37847,2802,0
4728,15.413,5.060,4.672,0.125,0.011,0.252,0,17.034,5.875,0.000,0,768,0,0
4729,16.720,14.865,6.220,8.145,0.248,0.251,1,17.034,5.875,0.000,324,37847,2803,0
4730,16.654,5.479,5.125,0.135,0.014,0.205,0,16.601,6.327,0.000,0,768,0,0
4731,16.696,16.639,6.278,9.383,0.466,0.513,1,16.601,6.327,0.000,325,38447,2825,0
4732,16.668,3.967,3.637,0.124,0.012,0.195,0,17.475,6.165,0.000,0,768,0,0
4733,16.732,16.094,6.697,8.724,0.460,0.214,1,17.475,6.165,0.000,325,38447,2824,0
4734,16.633,3.947,3.531,0.123,0.010,0.282,0,17.116,5.926,0.000,0,768,0,0
4735,18.053,18.053,7.697,9.524,0.516,0.315,1,17.116,5.926,0.000,325,38447,2825,0
4736,15.322,4.744,4.393,0.138,0.010,0.202,0,17.066,6.169,0.000,0,768,0,0
4737,16.679,16.315,7.239,8.545,0.310,0.220,1,17.066,6.169,0.000,325,38447,2824,0
4738,16.678,4.340,4.061,0.124,0.009,0.145,0,16.028,6.280,0.000,0,768,0,0
4739,16.711,16.678,7.350,8.659,0.479,0.189,1,16.028,6.280,0.000,325,38447,2825,0
4740,16.670,3.638,3.259,0.122,0.013,0.243,0,17.854,6.467,0.000,0,768,0,0
4741,17.288,17.288,8.046,8.555,0.469,0.217,1,17.854,6.467,0.000,325,38447,2825,0
4742,16.063,5.771,5.448,0.136,0.009,0.177,0,16.195,6.482,0.000,0,768,0,0
4743,16.698,16.576,7.169,8.651,0.485,0.271,1,16.195,6.482,0.000,325,38447,2824,0
4744,16.673,4.840,4.504,0.133,0.013,0.189,0,17.384,6.733,0.000,0,768,0,0
4745,16.707,15.338,5.998,8.624,0.476,0.240,1,17.384,6.733,0.000,325,38447,2825,0
4746,16.665,3.893,3.473,0.122,0.013,0.285,0,16.986,5.961,0.000,0,768,0,0
4747,16.709,14.879,5.815,8.414,0.447,0.203,1,16.986,5.961,0.000,325,38447,2825,0
4748,16.654,3.894,3.577,0.126,0.012,0.179,0,16.956,6.433,0.000,0,768,0,0
4749,16.712,15.373,6.191,8.512,0.424,0.246,1,16.956,6.433,0.000,325,38447,2824,0
4750,16.653,3.825,3.466,0.125,0.010,0.224,0,17.054,5.858,0.000,0,768,0,0
4751,16.712,15.148,5.947,8.556,0.434,0.212,1,17.054,5.858,0.000,326,38447,2827,0
4752,16.654,3.931,3.538,0.125,0.011,0.257,0,17.386,5.830,0.000,0,768,0,0
4753,16.714,14.879,5.842,8.399,0.420,0.218,1,17.386,5.830,0.000,325,38447,2825,0
4754,16.661,3.886,3.553,0.126,0.011,0.196,0,17.192,5.784,0.000,0,768,0,0
4755,16.694,15.643,6.429,8.526,0.404,0.283,1,17.192,5.784,0.000,325,38447,2824,0
4756,16.668,3.721,3.386,0.124,0.013,0.198,0,18.111,5.871,0.000,0,768,0,0
4757,16.687,16.659,6.693,8.752,1.061,0.153,1,18.111,5.871,0.000,325,38447,2825,0
4758,16.677,3.410,3.103,0.123,0.009,0.174,0,16.919,5.962,0.000,0,768,0,0
4759,16.703,15.626,5.908,9.184,0.388,0.146,1,16.919,5.962,0.000,325,38447,2824,0
4760,16.660,3.654,3.377,0.123,0.010,0.143,0,16.789,5.882,0.000,0,768,0,0
4761,16.711,14.981,5.908,8.354,0.425,0.294,1,16.789,5.882,0.000,325,38447,2825,0
4762,16.658,6.811,6.414,0.132,0.016,0.249,0,16.817,6.457,0.000,0,768,0,0
4763,17.282,17.282,7.071,9.485,0.469,0.257,1,16.817,6.457,0.000,326,38447,2827,0
4764,16.088,5.609,4.647,0.709,0.010,0.244,0,15.590,6.004,0.000,0,768,0,0
4765,17.243,17.243,7.962,8.611,0.398,0.273,1,15.590,6.004,0.000,325,38447,2824,0
4766,16.121,4.208,3.813,0.124,0.009,0.262,0,16.255,5.877,0.000,0,768,0,0
4767,17.716,16.886,7.102,8.998,0.426,0.360,1,16.255,5.877,0.000,325,38447,2825,0
4768,15.648,5.730,5.344,0.136,0.013,0.238,0,16.980,5.816,0.000,0,768,0,0
4769,30.733,30.733,21.017,8.919,0.476,0.322,1,16.980,5.816,0.000,325,38447,2825,0
4770,3.991,3.991,3.474,0.123,0.014,0.380,0,16.980,5.816,0.000,0,768,0,0
4771,15.329,7.302,6.903,0.123,0.013,0.262,0,20.034,6.909,0.000,0,768,0,0
4772,16.948,15.739,6.014,9.001,0.455,0.268,1,20.034,6.909,0.000,325,38447,2824,0
4773,16.415,7.065,6.543,0.133,0.014,0.376,0,17.254,5.920,0.000,0,768,0,0
4774,16.685,16.561,7.196,8.609,0.527,0.229,1,17.254,5.920,0.000,325,38447,2825,0
4775,17.011,5.261,4.894,0.124,0.015,0.228,0,16.204,6.038,0.000,0,768,0,0
4776,17.593,17.593,7.782,9.095,0.433,0.284,1,16.204,6.038,0.000,325,38447,2825,0
4777,15.452,4.398,4.108,0.124,0.008,0.157,0,15.753,5.985,0.000,0,768,0,0
4778,18.021,18.021,8.205,9.184,0.398,0.235,1,15.753,5.985,0.000,325,38447,2824,0
4779,15.341,4.872,4.501,0.123,0.010,0.238,0,15.543,5.889,0.000,0,768,0,0
4780,17.263,17.263,7.537,8.381,1.087,0.258,1,15.543,5.889,0.000,325,38447,2825,0
4781,16.102,5.034,4.627,0.123,0.009,0.274,0,15.388,5.824,0.000,0,768,0,0
4782,17.955,17.795,8.564,8.489,0.325,0.416,1,15.388,5.824,0.000,325,38447,2824,0
4783,15.413,6.186,5.734,0.133,0.014,0.305,0,16.542,5.898,0.000,0,768,0,0
4784,18.293,18.162,8.172,9.248,0.421,0.320,1,16.542,5.898,0.000,325,38447,2825,0
4785,15.071,6.937,6.400,0.132,0.012,0.393,0,17.278,6.031,0.000,0,768,0,0
4786,17.348,17.348,7.590,8.841,0.587,0.329,1,17.278,6.031,0.000,325,38447,2825,0
4787,16.019,5.234,4.798,0.127,0.010,0.299,0,16.159,6.558,0.000,0,768,0,0
4788,16.847,15.373,6.379,8.233,0.368,0.392,1,16.159,6.558,0.000,325,38447,2824,0
4789,16.525,7.198,6.767,0.138,0.014,0.278,0,17.330,5.803,0.000,0,768,0,0
4790,17.196,17.196,7.782,8.714,0.406,0.294,1,17.330,5.803,0.000,325,38447,2825,0
4791,16.176,3.596,3.129,0.123,0.008,0.336,0,17.214,6.029,0.000,0,768,0,0
4792,16.690,14.878,5.849,8.318,0.306,0.406,1,17.214,6.029,0.000,325,38447,2825,0
4793,16.670,5.210,4.624,0.125,0.011,0.449,0,16.745,5.765,0.000,0,768,0,0
4794,18.103,18.103,8.922,8.365,0.483,0.334,1,16.745,5.765,0.000,325,38447,2824,0
4795,15.310,4.674,4.324,0.123,0.009,0.217,0,15.380,5.812,0.000,0,768,0,0
4796,18.626,18.626,8.359,9.491,0.483,0.294,1,15.380,5.812,0.000,325,38447,2825,0
4797,14.711,4.694,4.341,0.124,0.010,0.220,0,16.034,6.038,0.000,0,768,0,0
4798,18.202,18.202,7.437,9.472,1.125,0.169,1,16.034,6.038,0.000,325,38447,2825,0
4799,15.153,3.870,3.545,0.125,0.011,0.189,0,16.712,6.142,0.000,0,768,0,0
4800,21.363,21.363,7.154,13.651,0.400,0.157,1,16.712,6.142,0.000,326,38451,2844,0
4801,12.003,3.502,3.182,0.126,0.011,0.182,0,21.384,5.930,0.000,0,772,0,0
4802,16.995,15.784,6.535,8.637,0.321,0.291,1,21.384,5.930,0.000,327,38451,2843,0
4803,16.369,7.091,6.711,0.140,0.017,0.223,0,18.058,5.979,0.000,0,772,0,0
4804,17.648,17.648,7.137,9.775,0.544,0.192,1,18.058,5.979,0.000,326,38451,2840,0
4805,15.718,5.269,4.922,0.128,0.010,0.209,0,15.769,5.928,0.000,0,772,0,0
4806,16.683,16.344,6.653,9.075,0.405,0.210,1,15.769,5.928,0.000,326,38451,2841,0
4807,16.683,4.436,4.115,0.123,0.013,0.185,0,15.340,5.954,0.000,0,772,0,0
4808,17.153,17.153,7.523,8.847,0.548,0.234,1,15.340,5.954,0.000,326,38451,2841,0
4809,16.228,3.316,2.999,0.123,0.013,0.181,0,17.896,6.701,0.000,0,772,0,0
4810,16.768,16.768,7.447,8.746,0.394,0.181,1,17.896,6.701,0.000,326,38451,2840,0
4811,16.586,3.509,3.137,0.124,0.010,0.237,0,16.738,6.030,0.000,0,772,0,0
4812,16.686,16.022,7.086,8.460,0.268,0.208,1,16.738,6.030,0.000,326,38451,2841,0
4813,16.688,4.458,4.148,0.124,0.013,0.172,0,16.351,6.627,0.000,0,772,0,0
4814,16.874,16.253,7.296,8.322,0.376,0.259,1,16.351,6.627,0.000,326,38451,2842,0
4815,16.484,4.565,4.248,0.127,0.010,0.180,0,15.551,6.441,0.000,0,772,0,0
4816,16.685,16.504,6.897,8.962,0.434,0.211,1,15.551,6.441,0.000,326,38451,2840,0
4817,16.681,5.509,5.134,0.128,0.010,0.236,0,15.575,5.999,0.000,0,796,0,0
4818,16.686,16.419,6.887,8.969,0.381,0.181,1,15.575,5.999,0.000,327,38499,2856,0
4819,16.681,4.909,4.629,0.128,0.010,0.142,0,15.476,5.752,0.000,0,844,0,0
4820,16.717,15.561,6.570,8.386,0.407,0.198,1,15.476,5.752,0.000,327,38547,2856,0
4821,16.649,6.068,5.746,0.134,0.014,0.175,0,17.595,5.743,0.000,0,892,0,0
4822,17.081,17.081,7.549,8.787,0.557,0.187,1,17.595,5.743,0.000,327,38595,2855,0
4823,16.291,5.052,4.683,0.128,0.009,0.232,0,16.679,5.918,0.000,0,936,0,0
4824,16.682,16.175,6.973,8.545,0.445,0.212,1,16.679,5.918,0.000,328,38615,2860,0
4825,16.680,4.629,4.312,0.126,0.009,0.182,0,16.136,5.811,0.000,0,936,0,0
4826,18.349,18.349,7.815,9.840,0.362,0.333,1,16.136,5.811,0.000,328,38615,2859,0
4827,15.024,4.685,4.303,0.125,0.010,0.245,0,15.456,5.823,0.000,0,936,0,0
4828,16.686,16.674,7.079,8.860,0.458,0.276,1,15.456,5.823,0.000,328,38615,2861,0
4829,16.682,3.736,3.280,0.127,0.013,0.316,0,18.268,6.663,0.000,0,936,0,0
4830,17.618,17.226,7.917,8.564,0.472,0.273,1,18.268,6.663,0.000,328,38615,2860,0
4831,15.744,5.070,4.692,0.126,0.012,0.240,0,16.889,6.411,0.000,0,936,0,0
4832,16.687,16.233,7.376,8.294,0.253,0.310,1,16.889,6.411,0.000,327,38015,2837,0
4833,16.679,4.701,4.349,0.126,0.009,0.217,0,15.819,6.796,0.000,0,936,0,0
4834,16.835,15.962,7.066,8.262,0.349,0.286,1,15.819,6.796,0.000,327,38015,2838,0
4835,16.534,5.323,4.901,0.126,0.010,0.286,0,16.308,6.325,0.000,0,936,0,0
4836,16.684,16.073,6.984,8.456,0.383,0.250,1,16.308,6.325,0.000,327,38015,2838,0
4837,16.700,4.585,4.257,0.126,0.010,0.192,0,16.450,5.745,0.000,0,936,0,0
4838,16.703,16.703,7.430,8.564,0.465,0.245,1,16.450,5.745,0.000,327,38015,2837,0
4839,16.648,4.419,4.072,0.124,0.010,0.213,0,16.318,5.866,0.000,0,936,0,0
4840,17.595,17.568,7.916,8.932,0.541,0.179,1,16.318,5.866,0.000,327,38015,2838,0
4841,15.767,5.203,4.839,0.130,0.011,0.223,0,16.807,5.967,0.000,0,936,0,0
4842,17.452,17.452,7.217,9.633,0.369,0.233,1,16.807,5.967,0.000,327,38015,2838,0
4843,15.918,4.456,4.056,0.126,0.011,0.263,0,15.444,5.779,0.000,0,936,0,0
4844,17.681,17.681,7.935,8.462,0.996,0.288,1,15.444,5.779,0.000,327,38015,2837,0
4845,15.687,4.022,3.697,0.127,0.010,0.188,0,15.809,5.746,0.000,0,936,0,0
4846,17.043,16.178,6.405,9.151,0.377,0.244,1,15.809,5.746,0.000,327,38015,2838,0
4847,16.322,6.606,6.165,0.137,0.012,0.292,0,17.060,5.710,0.000,0,936,0,0
4848,16.684,16.521,6.952,8.794,0.547,0.228,1,17.060,5.710,0.000,327,38015,2837,0
4849,16.679,4.479,4.169,0.126,0.009,0.176,0,16.269,6.433,0.000,0,936,0,0
4850,16.691,15.748,6.946,8.220,0.342,0.239,1,16.269,6.433,0.000,327,38015,2838,0
4851,16.675,4.338,4.033,0.124,0.009,0.172,0,15.789,6.485,0.000,0,936,0,0
4852,16.687,15.258,6.575,8.152,0.337,0.194,1,15.789,6.485,0.000,328,38015,2840,0
4853,16.685,4.609,4.252,0.126,0.009,0.223,0,16.554,5.715,0.000,0,936,0,0
4854,16.687,15.636,6.662,8.413,0.368,0.193,1,16.554,5.715,0.000,327,38015,2837,0
4855,16.681,4.340,4.044,0.126,0.010,0.160,0,15.871,5.950,0.000,0,936,0,0
4856,16.683,16.188,7.206,8.373,0.345,0.264,1,15.871,5.950,0.000,327,38015,2838,0
4857,16.676,4.518,4.200,0.125,0.008,0.185,0,15.866,5.803,0.000,0,936,0,0
4858,16.686,15.067,6.284,8.237,0.371,0.174,1,15.866,5.803,0.000,327,38015,2838,0
4859,16.688,4.622,4.313,0.125,0.010,0.173,0,16.075,5.790,0.000,0,936,0,0
4860,16.683,15.594,6.577,8.407,0.435,0.175,1,16.075,5.790,0.000,327,38015,2837,0
4861,16.679,4.363,3.982,0.234,0.009,0.138,0,16.119,5.710,0.000,0,936,0,0
4862,17.243,16.208,7.359,8.245,0.361,0.244,1,16.119,5.710,0.000,327,38015,2838,0
4863,16.125,4.540,4.223,0.129,0.009,0.179,0,15.499,6.322,0.000,0,936,0,0
4864,16.686,16.562,7.480,8.524,0.360,0.197,1,15.499,6.322,0.000,327,38015,2837,0
4865,16.681,5.271,4.917,0.127,0.010,0.217,0,15.291,5.839,0.000,0,936,0,0
4866,16.688,16.145,7.241,8.329,0.407,0.167,1,15.291,5.839,0.000,327,38015,2838,0
4867,16.677,4.898,4.578,0.131,0.010,0.180,0,15.264,5.711,0.000,0,936,0,0
4868,16.684,16.619,7.646,8.357,0.353,0.263,1,15.264,5.711,0.000,327,38015,2838,0
4869,16.683,4.153,3.862,0.127,0.010,0.155,0,15.142,5.645,0.000,0,936,0,0
4870,16.687,16.163,6.602,8.961,0.398,0.202,1,15.142,5.645,0.000,327,38015,2837,0
4871,16.681,5.091,4.720,0.128,0.011,0.232,0,15.360,5.702,0.000,0,932,0,0
4872,16.685,16.004,7.026,8.371,0.358,0.249,1,15.360,5.702,0.000,326,38011,2834,0
4873,16.676,4.524,4.193,0.123,0.009,0.199,0,15.842,5.723,0.000,0,772,0,0
4874,16.687,15.854,7.031,8.160,0.361,0.301,1,15.842,5.723,0.000,325,37851,2819,0
4875,16.680,4.665,4.315,0.125,0.011,0.215,0,16.212,5.727,0.000,0,772,0,0
4876,17.721,17.721,6.912,10.046,0.485,0.278,1,16.212,5.727,0.000,325,37851,2818,0
4877,15.657,3.798,3.319,0.124,0.013,0.342,0,18.307,6.521,0.000,0,772,0,0
4878,17.030,16.217,6.370,9.166,0.318,0.364,1,18.307,6.521,0.000,325,37851,2819,0
4879,16.332,3.637,3.310,0.125,0.010,0.192,0,16.453,5.803,0.000,0,772,0,0
4880,16.705,15.890,5.955,9.228,0.446,0.261,1,16.453,5.803,0.000,325,37851,2819,0
4881,16.661,4.218,3.914,0.126,0.010,0.168,0,16.965,5.780,0.000,0,772,0,0
4882,16.700,16.227,6.636,8.915,0.456,0.220,1,16.965,5.780,0.000,325,37851,2818,0
4883,16.666,4.126,3.709,0.126,0.011,0.281,0,16.691,5.804,0.000,0,772,0,0
4884,17.266,17.266,7.730,8.845,0.446,0.245,1,16.691,5.804,0.000,325,37851,2819,0
4885,16.103,4.227,3.905,0.124,0.009,0.189,0,16.061,5.765,0.000,0,772,0,0
4886,17.627,17.627,7.844,8.876,0.608,0.298,1,16.061,5.765,0.000,325,37851,2818,0
4887,15.742,5.398,5.016,0.127,0.011,0.244,0,16.978,6.162,0.000,0,772,0,0
4888,16.908,16.908,7.259,8.786,0.555,0.309,1,16.978,6.162,0.000,325,37851,2819,0
4889,16.460,3.479,3.013,0.123,0.009,0.333,0,18.080,5.892,0.000,0,772,0,0
4890,17.129,16.088,6.902,8.529,0.412,0.245,1,18.080,5.892,0.000,326,37851,2821,0
4891,16.229,4.966,4.601,0.124,0.010,0.231,0,17.020,5.824,0.000,0,768,0,0
4892,16.772,15.075,6.268,8.189,0.281,0.337,1,17.020,5.824,0.000,324,37847,2803,0
4893,16.600,3.576,3.252,0.124,0.010,0.190,0,16.904,5.690,0.000,0,768,0,0
4894,16.771,16.039,7.051,8.391,0.392,0.205,1,16.904,5.690,0.000,324,37847,2804,0
4895,16.610,5.082,4.697,0.131,0.013,0.241,0,16.886,6.241,0.000,0,768,0,0
4896,16.698,15.278,5.872,8.791,0.464,0.150,1,16.886,6.241,0.000,324,37847,2804,0
4897,16.666,6.337,6.038,0.136,0.013,0.150,0,16.671,6.463,0.000,0,768,0,0
4898,17.420,17.420,7.962,8.762,0.498,0.199,1,16.671,6.463,0.000,324,37847,2803,0
4899,15.943,4.703,4.448,0.126,0.010,0.119,0,15.956,5.908,0.000,0,768,0,0
4900,16.935,16.935,7.688,8.621,0.438,0.187,1,15.956,5.908,0.000,324,37847,2804,0
4901,16.422,4.698,4.421,0.124,0.009,0.144,0,15.637,5.831,0.000,0,768,0,0
4902,16.904,15.810,6.299,8.907,0.356,0.249,1,15.637,5.831,0.000,324,37847,2803,0
4903,16.461,7.283,6.654,0.134,0.014,0.481,0,16.887,5.625,0.000,0,768,0,0
4904,18.273,17.799,8.362,8.579,0.442,0.415,1,16.887,5.625,0.000,325,37847,2806,0
4905,15.105,6.377,5.843,0.127,0.012,0.395,0,18.041,5.849,0.000,0,768,0,0
4906,17.017,17.017,6.582,9.383,0.531,0.521,1,18.041,5.849,0.000,324,37847,2804,0
4907,16.345,3.341,2.828,0.123,0.011,0.379,0,18.493,5.934,0.000,0,768,0,0
4908,17.944,16.426,7.192,8.515,0.316,0.403,1,18.493,5.934,0.000,324,37847,2803,0
4909,15.420,6.491,5.857,0.133,0.012,0.489,0,16.881,5.764,0.000,0,768,0,0
4910,16.692,16.572,6.936,8.708,0.507,0.421,1,16.881,5.764,0.000,324,37847,2804,0
4911,16.682,5.211,4.665,0.127,0.020,0.399,0,18.307,6.561,0.000,0,768,0,0
4912,16.688,16.588,6.219,9.392,0.466,0.511,1,18.307,6.561,0.000,324,37847,2804,0
4913,16.672,3.920,3.409,0.125,0.014,0.372,0,18.132,5.932,0.000,0,768,0,0
4914,18.649,18.649,8.866,8.825,0.567,0.392,1,18.132,5.932,0.000,324,37847,2803,0
4915,14.717,6.039,5.475,0.122,0.010,0.432,0,16.002,6.672,0.000,0,768,0,0
4916,17.143,17.143,6.692,9.542,0.529,0.379,1,16.002,6.672,0.000,325,37847,2806,0
4917,16.227,3.576,3.133,0.122,0.011,0.310,0,18.296,5.942,0.000,0,768,0,0
4918,18.744,18.510,8.993,8.616,0.446,0.455,1,18.296,5.942,0.000,324,37847,2803,0
4919,14.614,5.348,4.891,0.128,0.017,0.312,0,16.505,5.799,0.000,0,768,0,0
4920,17.450,16.548,7.220,8.575,0.428,0.325,1,16.505,5.799,0.000,324,37847,2804,0
4921,15.934,5.385,4.838,0.135,0.015,0.397,0,18.085,5.894,0.000,0,768,0,0
4922,16.852,16.852,6.689,9.406,0.431,0.326,1,18.085,5.894,0.000,322,37727,2792,0
4923,16.505,3.232,2.798,0.123,0.011,0.300,0,17.096,5.864,0.000,0,768,0,0
4924,18.538,18.187,7.862,8.904,0.360,1.062,1,17.096,5.864,0.000,322,37727,2791,0
4925,14.830,5.454,4.965,0.129,0.012,0.348,0,16.342,5.644,0.000,0,768,0,0
4926,18.169,17.963,8.737,8.442,0.444,0.341,1,16.342,5.644,0.000,322,37727,2792,0
4927,15.191,6.634,6.116,0.131,0.012,0.374,0,17.034,5.865,0.000,0,768,0,0
4928,16.687,16.371,7.078,8.617,0.339,0.337,1,17.034,5.865,0.000,322,37727,2793,0
4929,16.678,4.944,4.549,0.125,0.009,0.262,0,15.694,6.459,0.000,0,768,0,0
4930,16.686,15.973,7.192,8.044,0.357,0.381,1,15.694,6.459,0.000,322,37727,2791,0
4931,16.687,4.766,4.374,0.123,0.008,0.262,0,16.497,5.630,0.000,0,768,0,0
4932,16.694,16.694,7.582,8.369,0.387,0.356,1,16.497,5.630,0.000,322,37727,2792,0
4933,16.669,6.362,5.737,0.124,0.011,0.489,0,16.320,5.773,0.000,0,768,0,0
4934,16.682,16.201,7.374,8.115,0.337,0.375,1,16.320,5.773,0.000,322,37727,2791,0
4935,16.682,5.285,4.813,0.122,0.010,0.341,0,15.540,5.623,0.000,0,768,0,0
4936,17.016,17.016,8.006,8.195,0.327,0.488,1,15.540,5.623,0.000,322,37727,2792,0
4937,16.354,5.297,4.814,0.121,0.010,0.351,0,15.909,5.847,0.000,0,768,0,0
4938,16.687,16.064,7.236,8.116,0.342,0.370,1,15.909,5.847,0.000,322,37727,2792,0
4939,16.676,5.985,5.405,0.121,0.010,0.449,0,15.305,6.206,0.000,0,768,0,0
4940,16.690,16.088,7.271,8.065,0.383,0.370,1,15.305,6.206,0.000,322,37727,2791,0
4941,16.676,5.383,4.911,0.123,0.009,0.340,0,15.509,6.176,0.000,0,768,0,0
4942,16.782,16.782,7.871,8.103,0.337,0.470,1,15.509,6.176,0.000,322,37727,2792,0
4943,16.591,5.159,4.700,0.123,0.009,0.326,0,15.902,5.760,0.000,0,768,0,0
4944,16.681,16.136,7.207,8.112,0.459,0.357,1,15.902,5.760,0.000,322,37727,2792,0
4945,16.680,5.895,5.332,0.123,0.008,0.432,0,15.989,5.776,0.000,0,768,0,0
4946,16.687,16.042,7.239,8.113,0.328,0.362,1,15.989,5.776,0.000,322,37727,2791,0
4947,16.681,5.214,4.759,0.122,0.008,0.324,0,16.013,5.691,0.000,0,768,0,0
4948,17.199,17.199,8.206,8.140,0.321,0.531,1,16.013,5.691,0.000,322,37727,2792,0
4949,16.170,5.686,5.174,0.124,0.009,0.379,0,16.069,5.672,0.000,0,768,0,0
4950,16.685,16.394,7.411,8.225,0.334,0.425,1,16.069,5.672,0.000,322,37727,2792,0
4951,16.685,5.865,5.231,0.122,0.008,0.504,0,15.405,5.686,0.000,0,768,0,0
4952,17.922,16.876,7.323,8.785,0.348,0.420,1,15.405,5.686,0.000,322,37727,2791,0
4953,15.445,5.702,5.126,0.129,0.013,0.433,0,16.061,5.719,0.000,0,768,0,0
4954,17.790,17.790,7.150,9.641,0.418,0.581,1,16.061,5.719,0.000,323,37727,2794,0
4955,15.585,5.946,5.364,0.122,0.026,0.433,0,18.957,6.027,0.000,0,768,0,0
4956,18.718,18.718,9.080,8.667,0.544,0.427,1,18.957,6.027,0.000,322,37727,2791,0
4957,14.644,5.706,5.092,0.125,0.009,0.479,0,15.837,6.543,0.000,0,768,0,0
4958,17.921,17.921,6.806,9.444,0.559,1.112,1,15.837,6.543,0.000,322,37727,2792,0
4959,15.448,3.510,2.962,0.123,0.012,0.413,0,18.324,5.952,0.000,0,768,0,0
4960,19.806,19.627,9.827,8.704,0.558,0.538,1,18.324,5.952,0.000,322,37727,2792,0
4961,13.552,4.793,4.322,0.129,0.013,0.330,0,16.231,6.494,0.000,0,768,0,0
4962,17.306,16.326,7.157,8.428,0.429,0.311,1,16.231,6.494,0.000,322,37727,2791,0
4963,16.062,7.634,7.069,0.137,0.013,0.416,0,16.515,6.491,0.000,0,768,0,0
4964,17.628,16.678,7.384,8.480,0.440,0.374,1,16.515,6.491,0.000,322,37727,2793,0
4965,15.751,7.104,6.620,0.137,0.012,0.336,0,17.115,5.799,0.000,0,768,0,0
4966,18.941,18.800,9.169,8.671,0.483,0.477,1,17.115,5.799,0.000,322,37727,2794,0
4967,14.412,5.665,4.575,0.130,0.014,0.947,0,16.132,6.527,0.000,0,768,0,0
4968,17.273,16.261,7.115,8.401,0.415,0.330,1,16.132,6.527,0.000,322,37727,2792,0
4969,16.099,7.104,6.529,0.129,0.012,0.433,0,17.004,5.859,0.000,0,768,0,0
4970,18.063,18.063,7.424,9.808,0.538,0.294,1,17.004,5.859,0.000,322,37727,2793,0
4971,15.298,4.887,4.490,0.122,0.009,0.266,0,15.285,5.880,0.000,0,768,0,0
4972,17.306,16.909,8.011,8.192,0.320,0.386,1,15.285,5.880,0.000,322,37727,2792,0
4973,16.061,6.276,5.827,0.133,0.013,0.303,0,16.666,5.712,0.000,0,768,0,0
4974,16.900,16.900,7.285,8.804,0.498,0.312,1,16.666,5.712,0.000,322,37727,2793,0
4975,16.470,5.514,5.014,0.124,0.008,0.368,0,15.672,6.508,0.000,0,768,0,0
4976,16.715,15.807,6.987,8.080,0.440,0.300,1,15.672,6.508,0.000,322,37727,2793,0
4977,16.656,7.027,6.588,0.134,0.013,0.292,0,16.182,6.306,0.000,0,768,0,0
4978,18.320,18.320,8.136,9.287,0.470,0.427,1,16.182,6.306,0.000,322,37727,2792,0
4979,15.045,4.722,4.276,0.124,0.012,0.310,0,15.422,5.855,0.000,0,768,0,0
4980,16.763,16.763,7.294,8.592,0.537,0.340,1,15.422,5.855,0.000,322,37727,2793,0
4981,16.611,3.415,2.870,0.123,0.011,0.411,0,18.728,5.886,0.000,0,768,0,0
4982,16.672,16.533,7.317,8.487,0.316,0.413,1,18.728,5.886,0.000,322,37727,2793,0
4983,16.686,5.158,4.748,0.124,0.010,0.277,0,15.652,5.731,0.000,0,768,0,0
4984,18.089,18.089,7.787,9.456,0.440,0.406,1,15.652,5.731,0.000,322,37727,2792,0
4985,15.282,4.188,3.780,0.123,0.010,0.274,0,14.734,5.792,0.000,0,768,0,0
4986,18.087,17.826,8.398,8.660,0.401,0.367,1,14.734,5.792,0.000,322,37727,2793,0
4987,15.276,7.268,6.674,0.133,0.017,0.444,0,17.817,5.899,0.000,0,768,0,0
4988,18.617,18.617,7.690,9.449,0.531,0.947,1,17.817,5.899,0.000,322,37727,2792,0
4989,14.754,4.240,3.817,0.124,0.011,0.287,0,15.076,5.925,0.000,0,768,0,0
4990,19.414,19.116,9.474,8.686,0.505,0.451,1,15.076,5.925,0.000,322,37727,2793,0
4991,13.946,6.153,5.691,0.130,0.012,0.319,0,17.526,5.986,0.000,0,768,0,0
4992,18.111,17.716,7.540,9.331,0.519,0.326,1,17.526,5.986,0.000,323,37727,2795,0
4993,15.255,5.894,5.351,0.127,0.013,0.404,0,16.331,5.896,0.000,0,768,0,0
4994,16.806,16.806,7.323,8.606,0.482,0.395,1,16.331,5.896,0.000,322,37727,2792,0
4995,16.565,3.314,2.845,0.122,0.011,0.336,0,17.987,5.877,0.000,0,768,0,0
4996,18.779,18.500,8.275,9.313,0.433,0.479,1,17.987,5.877,0.000,322,37727,2793,0
4997,14.595,5.329,4.863,0.132,0.013,0.322,0,16.483,5.840,0.000,0,768,0,0
4998,17.151,17.151,7.786,8.479,0.490,0.396,1,16.483,5.840,0.000,322,37727,2793,0
4999,17.967,6.788,6.380,0.125,0.010,0.274,0,17.244,5.840,0.000,0,768,0,0
5000,43.218,43.218,9.255,33.320,0.336,0.306,1,17.839,6.930,0.000,322,37727,2792,0
5001,4.519,4.519,4.025,0.136,0.011,0.346,0,17.839,6.930,0.000,0,768,0,0
5002,3.372,3.372,2.955,0.122,0.013,0.282,0,17.839,6.930,0.000,0,768,0,0
5003,16.088,16.088,6.413,8.979,0.416,0.280,1,17.839,6.930,0.000,322,37727,2793,0
5004,14.478,4.150,3.685,0.126,0.015,0.323,0,17.322,6.207,0.000,0,768,0,0
5005,16.747,15.564,6.282,8.558,0.453,0.270,1,17.322,6.207,0.000,322,37727,2792,0
5006,16.607,3.847,3.463,0.127,0.011,0.246,0,17.142,6.237,0.000,0,768,0,0
5007,16.708,15.188,6.022,8.401,0.406,0.359,1,17.142,6.237,0.000,322,37727,2793,0
5008,16.658,3.831,3.425,0.125,0.012,0.269,0,16.931,5.781,0.000,0,768,0,0
5009,18.688,18.688,8.567,9.123,0.394,0.605,1,16.931,5.781,0.000,322,37727,2793,0
5010,14.678,4.865,4.306,0.128,0.013,0.419,0,15.954,5.799,0.000,0,768,0,0
5011,17.268,17.268,7.291,9.187,0.387,0.403,1,15.954,5.799,0.000,322,37727,2792,0
5012,16.101,3.509,3.000,0.123,0.014,0.372,0,17.460,5.965,0.000,0,768,0,0
5013,17.203,16.391,6.556,9.009,0.294,0.532,1,17.460,5.965,0.000,322,37727,2793,0
5014,16.161,3.705,3.232,0.128,0.011,0.334,0,17.306,5.774,0.000,0,768,0,0
5015,18.425,18.425,8.243,8.977,0.823,0.383,1,17.306,5.774,0.000,322,37727,2793,0
5016,14.941,5.656,5.096,0.132,0.013,0.416,0,16.524,5.785,0.000,0,768,0,0
5017,16.796,16.796,7.253,8.674,0.516,0.352,1,16.524,5.785,0.000,322,37727,2792,0
5018,16.571,4.015,2.913,0.122,0.010,0.969,0,17.384,5.976,0.000,0,768,0,0
5019,16.850,16.850,6.832,9.194,0.392,0.432,1,17.384,5.976,0.000,323,37727,2795,0
5020,16.519,3.305,2.866,0.124,0.012,0.304,0,18.607,5.709,0.000,0,768,0,0
5021,16.693,16.587,6.282,9.478,0.492,0.335,1,18.607,5.709,0.000,322,37727,2792,0
5022,16.677,3.511,2.970,0.123,0.011,0.406,0,17.192,5.967,0.000,0,768,0,0
5023,16.708,15.009,5.885,8.494,0.298,0.333,1,17.192,5.967,0.000,322,37727,2793,0
5024,16.653,6.913,6.420,0.131,0.014,0.348,0,16.759,5.769,0.000,0,768,0,0
5025,19.679,19.679,8.748,9.831,0.524,0.576,1,16.759,5.769,0.000,322,37727,2793,0
5026,13.686,3.521,2.974,0.122,0.010,0.414,0,15.095,5.941,0.000,0,768,0,0
5027,18.557,18.557,9.412,8.260,0.419,0.466,1,15.095,5.941,0.000,322,37727,2792,0
5028,14.813,4.395,3.700,0.122,0.010,0.563,0,15.050,5.892,0.000,0,768,0,0
5029,16.915,16.915,7.131,8.723,0.558,0.503,1,15.050,5.892,0.000,322,37727,2793,0
5030,16.454,6.210,5.541,0.122,0.029,0.519,0,18.994,6.605,0.000,0,768,0,0
5031,18.858,18.858,8.494,9.213,0.522,0.629,1,18.994,6.605,0.000,322,37727,2793,0
5032,14.507,3.479,2.919,0.122,0.009,0.429,0,17.976,5.977,0.000,0,768,0,0
5033,18.082,17.211,7.943,8.414,0.407,0.446,1,17.976,5.977,0.000,322,37727,2792,0
5034,15.282,6.110,5.424,0.133,0.013,0.540,0,16.694,5.752,0.000,0,768,0,0
5035,18.662,18.411,9.124,8.456,0.395,0.435,1,16.694,5.752,0.000,322,37727,2793,0
5036,14.707,5.775,5.227,0.129,0.013,0.406,0,16.677,5.818,0.000,0,768,0,0
5037,16.801,16.801,6.574,9.226,0.428,0.573,1,16.677,5.818,0.000,322,37727,2792,0
5038,16.565,5.444,4.935,0.120,0.009,0.380,0,18.036,6.099,0.000,0,768,0,0
5039,16.895,16.895,7.898,8.350,0.243,0.404,1,18.036,6.099,0.000,322,37727,2793,0
5040,16.477,6.255,5.633,0.123,0.010,0.490,0,15.869,5.771,0.000,0,768,0,0
5041,19.233,19.233,8.980,9.337,0.520,0.396,1,15.869,5.771,0.000,322,37727,2793,0
5042,14.124,5.329,4.879,0.123,0.009,0.318,0,16.782,5.865,0.000,0,768,0,0
5043,16.708,15.304,6.451,8.117,0.271,0.465,1,16.782,5.865,0.000,322,37727,2792,0
5044,16.665,5.232,4.775,0.123,0.009,0.325,0,16.662,5.644,0.000,0,768,0,0
5045,16.679,16.205,7.365,8.096,0.388,0.355,1,16.662,5.644,0.000,322,37727,2793,0
5046,16.677,5.644,5.114,0.121,0.009,0.400,0,15.527,6.304,0.000,0,768,0,0
5047,16.687,15.979,7.267,8.028,0.322,0.362,1,15.527,6.304,0.000,322,37727,2793,0
5048,16.678,5.030,4.596,0.122,0.010,0.302,0,16.033,5.692,0.000,0,768,0,0
5049,16.692,16.590,7.534,8.273,0.361,0.423,1,16.033,5.692,0.000,322,37727,2792,0
5050,16.675,5.022,4.594,0.123,0.009,0.296,0,16.036,6.124,0.000,0,768,0,0
5051,16.692,15.627,6.922,8.081,0.314,0.311,1,16.036,6.124,0.000,322,37727,2793,0
5052,16.676,5.575,5.052,0.125,0.009,0.390,0,15.486,6.541,0.000,0,768,0,0
5053,16.687,15.433,6.891,7.931,0.298,0.313,1,15.486,6.541,0.000,322,37727,2793,0
5054,16.681,5.013,4.598,0.124,0.009,0.283,0,15.319,5.672,0.000,0,768,0,0
5055,16.681,16.681,7.829,8.070,0.318,0.464,1,15.319,5.672,0.000,322,37727,2792,0
5056,16.694,4.920,4.483,0.123,0.010,0.304,0,16.095,6.199,0.000,0,768,0,0
5057,18.328,18.328,7.410,10.055,0.493,0.371,1,16.095,6.199,0.000,323,37727,2795,0
5058,15.048,3.556,3.015,0.123,0.011,0.408,0,18.001,5.986,0.000,0,768,0,0
5059,16.680,16.547,6.106,9.020,0.357,1.064,1,18.001,5.986,0.000,322,37727,2792,0
5060,16.685,3.484,3.029,0.121,0.012,0.322,0,19.119,5.900,0.000,0,768,0,0
5061,19.445,19.445,6.934,11.111,0.939,0.461,1,19.119,5.900,0.000,322,37727,2793,0
5062,13.926,3.588,3.054,0.124,0.011,0.398,0,19.119,5.900,0.000,0,768,0,0
5063,16.911,16.911,7.533,8.673,0.356,0.349,1,18.945,6.167,0.000,322,37727,2793,0
5064,16.447,5.742,5.153,0.130,0.021,0.437,0,19.797,6.805,0.000,0,768,0,0
5065,16.688,16.479,6.789,8.693,0.654,0.344,1,19.797,6.805,0.000,322,37727,2792,0
5066,16.672,4.135,3.691,0.122,0.011,0.311,0,16.994,5.822,0.000,0,768,0,0
5067,16.821,16.315,6.338,9.109,0.446,0.423,1,16.994,5.822,0.000,322,37727,2793,0
5068,16.548,6.476,6.011,0.130,0.019,0.315,0,16.452,5.783,0.000,0,768,0,0
5069,16.682,16.129,6.810,8.520,0.484,0.314,1,16.452,5.783,0.000,322,37727,2794,0
5070,16.682,4.987,4.511,0.122,0.009,0.345,0,15.390,5.921,0.000,0,768,0,0
5071,16.684,15.663,5.901,9.262,0.446,0.053,1,15.390,5.921,0.000,322,37727,2792,0
5072,16.680,3.438,3.272,0.124,0.008,0.034,0,15.160,5.812,0.000,0,768,0,0
5073,16.686,15.625,5.894,8.660,1.013,0.058,1,15.160,5.812,0.000,323,37731,2811,0
5074,16.680,3.391,3.222,0.125,0.009,0.035,0,15.070,5.850,0.000,0,772,0,0
5075,16.688,15.015,6.383,8.168,0.399,0.065,1,15.070,5.850,0.000,323,37731,2810,0
5076,16.680,3.449,3.269,0.124,0.011,0.044,0,15.190,5.618,0.000,0,772,0,0
5077,16.688,15.027,6.405,8.153,0.413,0.056,1,15.190,5.618,0.000,323,37731,2811,0
5078,16.678,3.853,3.685,0.123,0.010,0.035,0,14.796,5.998,0.000,0,772,0,0
5079,16.685,14.863,5.790,8.613,0.397,0.063,1,14.796,5.998,0.000,323,37731,2811,0
5080,16.689,3.834,3.661,0.127,0.011,0.035,0,14.790,5.756,0.000,0,772,0,0
5081,16.694,16.492,7.073,8.775,0.575,0.069,1,14.790,5.756,0.000,323,37731,2810,0
5082,16.702,4.395,4.214,0.125,0.010,0.045,0,18.094,5.918,0.000,0,772,0,0
5083,17.013,16.965,7.682,8.743,0.470,0.070,1,18.094,5.918,0.000,323,37731,2811,0
5084,16.331,4.924,4.723,0.134,0.017,0.051,0,17.320,5.976,0.000,0,772,0,0
5085,16.670,16.193,6.756,8.751,0.621,0.065,1,17.320,5.976,0.000,323,37731,2811,0
5086,16.683,3.569,3.400,0.126,0.010,0.034,0,16.075,5.842,0.000,0,772,0,0
5087,16.692,15.966,6.583,8.917,0.416,0.051,1,16.075,5.842,0.000,323,37731,2810,0
5088,16.673,3.434,3.261,0.124,0.008,0.041,0,14.931,5.724,0.000,0,772,0,0
5089,16.716,15.702,6.567,8.669,0.404,0.062,1,14.931,5.724,0.000,323,37731,2811,0
5090,16.656,5.078,4.869,0.136,0.017,0.055,0,17.789,5.963,0.000,0,772,0,0
5091,16.681,16.389,6.564,9.272,0.484,0.069,1,17.789,5.963,0.000,323,37731,2810,0
5092,16.686,3.245,3.073,0.125,0.009,0.037,0,15.951,5.759,0.000,0,772,0,0
5093,16.712,15.742,6.078,9.148,0.457,0.059,1,15.951,5.759,0.000,323,37731,2811,0
5094,16.664,5.047,4.835,0.132,0.016,0.065,0,17.318,5.705,0.000,0,772,0,0
5095,16.708,15.865,6.534,8.801,0.464,0.067,1,17.318,5.705,0.000,324,37731,2813,0
5096,16.663,3.869,3.682,0.126,0.012,0.049,0,16.328,6.825,0.000,0,772,0,0
5097,17.078,15.256,6.388,8.365,0.441,0.062,1,16.328,6.825,0.000,323,37731,2810,0
5098,16.503,5.808,5.606,0.136,0.013,0.053,0,18.940,5.727,0.000,0,772,0,0
5099,17.693,17.693,6.937,10.152,0.528,0.075,1,18.940,5.727,0.000,323,37731,2811,0
5100,15.819,3.542,3.368,0.126,0.011,0.036,0,17.261,6.161,0.000,0,772,0,0
5101,30.334,30.334,8.932,20.888,0.447,0.068,1,17.261,6.161,0.000,323,37731,2811,0
5102,4.653,4.653,4.466,0.126,0.012,0.049,0,17.261,6.161,0.000,0,772,0,0
5103,14.718,7.585,7.395,0.128,0.012,0.051,0,17.261,6.161,0.000,0,772,0,0
5104,16.656,7.760,7.422,0.200,0.009,0.128,0,27.958,6.733,0.000,0,772,0,0
5105,43.951,43.951,43.175,0.185,0.526,0.065,1,0.408,0.000,0.000,1,4,74,0
5106,13.735,13.735,13.641,0.008,0.044,0.042,0,0.408,0.000,0.000,0,4,0,0
5107,0.629,0.629,0.592,0.004,0.006,0.027,0,0.408,0.000,0.000,0,4,0,0
5108,683.950,683.950,365.896,317.612,0.357,0.085,1,0.408,0.000,0.000,337,48084,3372,0
5109,6.321,6.321,6.187,0.066,0.016,0.053,0,0.408,0.000,0.000,0,268,0,0
5110,5.025,5.025,4.915,0.064,0.009,0.038,0,0.408,0.000,0.000,0,268,0,0
5111,4.828,4.828,4.712,0.063,0.010,0.043,0,0.408,0.000,0.000,0,268,0,0
5112,4.763,4.763,4.653,0.065,0.009,0.036,0,0.408,0.000,0.000,0,268,0,0
5113,4.485,4.485,4.372,0.065,0.008,0.040,0,262.951,7.996,0.000,0,268,0,0
5114,177.982,177.982,15.281,162.230,0.406,0.066,1,262.951,7.996,0.000,813,59295,7458,0
5115,5.181,5.181,5.001,0.123,0.016,0.041,0,262.951,7.996,0.000,0,532,0,0
5116,4.160,4.160,3.996,0.120,0.010,0.034,0,262.951,7.996,0.000,0,532,0,0
5117,4.487,4.487,4.315,0.120,0.008,0.042,0,262.951,7.996,0.000,0,532,0,0
5118,3.971,3.971,3.810,0.120,0.007,0.033,0,262.951,7.996,0.000,0,532,0,0
5119,3.829,3.829,3.670,0.120,0.008,0.031,0,262.951,7.996,0.000,0,532,0,0
5120,42.917,42.917,26.572,15.669,0.603,0.072,1,180.259,9.325,0.000,814,59295,6796,0
5121,5.024,5.024,4.857,0.122,0.009,0.036,0,180.259,9.325,0.000,0,532,0,0
5122,4.465,4.465,4.291,0.121,0.012,0.040,0,180.259,9.325,0.000,0,532,0,0
5123,4.038,4.038,3.873,0.120,0.008,0.038,0,180.259,9.325,0.000,0,532,0,0
5124,5.985,5.985,5.796,0.125,0.013,0.051,0,32.733,9.162,0.000,0,532,0,0
5125,4.101,4.101,3.937,0.121,0.009,0.033,0,32.733,9.162,0.000,0,532,0,0
5126,29.003,29.003,12.154,16.368,0.417,0.063,1,32.733,9.162,0.000,813,59295,6810,0
5127,5.126,5.126,4.953,0.124,0.010,0.039,0,32.733,9.162,0.000,0,532,0,0
5128,4.236,4.236,4.074,0.120,0.008,0.034,0,27.881,8.650,0.000,0,532,0,0
5129,5.090,5.090,4.892,0.126,0.013,0.059,0,27.881,8.650,0.000,0,532,0,0
5130,4.355,4.355,4.190,0.127,0.008,0.030,0,27.881,8.650,0.000,0,532,0,0
5131,4.175,4.175,4.009,0.121,0.010,0.035,0,27.881,8.650,0.000,0,532,0,0
5132,29.226,29.226,12.655,16.037,0.458,0.076,1,27.881,8.650,0.000,813,59295,6810,0
5133,5.840,5.840,5.653,0.124,0.017,0.047,0,27.881,8.650,0.000,0,532,0,0
5134,4.201,4.201,4.038,0.121,0.008,0.034,0,26.901,9.353,0.000,0,532,0,0
5135,5.229,5.229,5.036,0.125,0.013,0.056,0,26.901,9.353,0.000,0,532,0,0
5136,4.041,4.041,3.877,0.120,0.010,0.034,0,26.901,9.353,0.000,0,532,0,0
5137,3.871,3.871,3.710,0.119,0.008,0.033,0,26.901,9.353,0.000,0,532,0,0
5138,26.965,26.965,11.182,15.312,0.414,0.057,1,26.901,9.353,0.000,813,59295,6810,0
5139,7.771,7.771,7.544,0.126,0.016,0.084,0,26.901,9.353,0.000,0,532,0,0
5140,5.183,5.183,4.986,0.123,0.009,0.065,0,27.329,9.813,0.000,0,532,0,0
5141,4.978,4.978,4.746,0.122,0.011,0.098,0,27.329,9.813,0.000,0,532,0,0
5142,4.060,4.060,3.865,0.119,0.008,0.068,0,27.329,9.813,0.000,0,532,0,0
5143,3.892,3.892,3.700,0.120,0.008,0.065,0,27.329,9.813,0.000,0,532,0,0
5144,30.976,30.976,10.808,19.652,0.408,0.107,1,27.329,9.813,0.000,813,59295,6777,0
5145,4.912,4.912,4.701,0.123,0.013,0.075,0,27.329,9.813,0.000,0,532,0,0
5146,4.281,4.281,4.076,0.120,0.010,0.074,0,27.329,9.813,0.000,0,532,0,0
5147,4.070,4.070,3.852,0.119,0.009,0.091,0,27.329,9.813,0.000,0,532,0,0
5148,3.878,3.878,3.688,0.119,0.008,0.064,0,33.846,9.419,0.000,0,532,0,0
5149,4.985,4.985,4.761,0.125,0.016,0.084,0,33.846,9.419,0.000,0,532,0,0
5150,51.394,51.394,13.193,37.663,0.411,0.127,1,26.736,7.054,1.247,816,59295,6250,2625
5151,8.553,8.553,8.328,0.127,0.015,0.084,0,26.736,7.054,1.247,0,532,0,0
5152,4.393,4.393,4.197,0.121,0.009,0.066,0,26.736,7.054,1.247,0,532,0,0
5153,4.619,4.619,4.386,0.129,0.010,0.093,0,26.736,7.054,1.247,0,532,0,0
5154,4.074,4.074,3.878,0.120,0.008,0.069,0,26.736,7.054,1.247,0,532,0,0
5155,3.860,3.860,3.667,0.120,0.008,0.066,0,26.736,7.054,1.247,0,532,0,0
5156,29.144,29.144,13.167,15.442,0.428,0.107,1,26.736,7.054,0.000,813,59295,6820,0
5157,4.567,4.567,4.363,0.122,0.011,0.071,0,26.736,7.054,0.000,0,532,0,0
5158,4.054,4.054,3.859,0.120,0.008,0.067,0,26.736,7.054,0.000,0,532,0,0
5159,4.093,4.093,3.881,0.120,0.008,0.084,0,27.810,9.853,0.000,0,532,0,0
5160,3.836,3.836,3.645,0.119,0.007,0.065,0,27.810,9.853,0.000,0,532,0,0
5161,3.796,3.796,3.590,0.119,0.007,0.080,0,27.810,9.853,0.000,0,532,0,0
5162,26.047,26.047,10.308,15.234,0.404,0.102,1,27.810,9.853,0.000,813,59295,6809,0
5163,4.561,4.561,4.360,0.121,0.011,0.069,0,27.810,9.853,0.000,0,532,0,0
5164,4.025,4.025,3.826,0.120,0.010,0.069,0,27.810,9.853,0.000,0,532,0,0
5165,3.921,3.921,3.708,0.120,0.008,0.086,0,27.810,9.853,0.000,0,532,0,0
5166,3.946,3.946,3.755,0.120,0.007,0.064,0,28.904,9.715,0.000,0,532,0,0
5167,5.000,5.000,4.777,0.125,0.015,0.082,0,28.904,9.715,0.000,0,532,0,0
5168,53.445,53.445,22.703,30.245,0.369,0.128,1,26.294,5.361,1.324,833,59295,5717,24951
5169,8.740,8.740,8.540,0.120,0.010,0.070,0,26.294,5.361,1.324,0,532,0,0
5170,4.279,4.279,4.081,0.121,0.009,0.068,0,26.294,5.361,1.324,0,532,0,0
5171,4.970,4.970,4.720,0.126,0.020,0.104,0,26.294,5.361,1.324,0,532,0,0
5172,4.326,4.326,4.123,0.120,0.009,0.074,0,26.294,5.361,1.324,0,532,0,0
5173,4.260,4.260,4.063,0.123,0.007,0.066,0,26.294,5.361,1.324,0,532,0,0
5174,30.443,30.443,13.676,16.339,0.325,0.103,1,26.294,5.361,0.000,813,59295,6761,0
5175,4.725,4.725,4.524,0.121,0.010,0.070,0,26.294,5.361,0.000,0,532,0,0
5176,4.075,4.075,3.882,0.119,0.008,0.066,0,26.787,8.688,0.000,0,532,0,0
5177,3.865,3.865,3.656,0.119,0.008,0.083,0,26.787,8.688,0.000,0,532,0,0
5178,5.031,5.031,4.796,0.128,0.016,0.092,0,26.787,8.688,0.000,0,532,0,0
5179,4.614,4.614,4.394,0.126,0.012,0.082,0,26.787,8.688,0.000,0,532,0,0
5180,26.431,26.431,10.735,15.184,0.406,0.106,1,26.787,8.688,0.000,813,59295,6762,0
5181,4.885,4.885,4.676,0.122,0.011,0.075,0,26.787,8.688,0.000,0,532,0,0
5182,4.181,4.181,3.972,0.129,0.009,0.070,0,26.787,8.688,0.000,0,532,0,0
5183,3.971,3.971,3.757,0.119,0.008,0.087,0,27.697,10.117,0.000,0,532,0,0
5184,4.001,4.001,3.807,0.121,0.008,0.065,0,27.697,10.117,0.000,0,532,0,0
5185,3.893,3.893,3.700,0.121,0.008,0.064,0,27.697,10.117,0.000,0,532,0,0
5186,37.215,37.215,13.646,23.032,0.417,0.121,1,23.270,1.599,0.380,833,59295,5364,47739
5187,5.597,5.597,5.353,0.123,0.020,0.102,0,23.270,1.599,0.380,0,532,0,0
5188,5.528,5.528,5.313,0.126,0.013,0.076,0,23.270,1.599,0.380,0,532,0,0
5189,4.303,4.303,4.086,0.120,0.009,0.087,0,23.270,1.599,0.380,0,532,0,0
5190,3.926,3.926,3.732,0.119,0.009,0.067,0,23.270,1.599,0.380,0,532,0,0
5191,3.977,3.977,3.781,0.121,0.008,0.068,0,23.270,1.599,0.380,0,532,0,0
5192,30.789,30.789,13.416,16.850,0.398,0.125,1,23.270,1.599,0.000,813,59295,6794,0
5193,5.162,5.162,4.959,0.121,0.010,0.071,0,23.270,1.599,0.000,0,532,0,0
5194,5.237,5.237,5.037,0.123,0.010,0.068,0,26.562,8.980,0.000,0,532,0,0
5195,4.412,4.412,4.199,0.122,0.008,0.083,0,26.562,8.980,0.000,0,532,0,0
5196,6.774,6.774,6.532,0.142,0.016,0.085,0,26.562,8.980,0.000,0,532,0,0
5197,4.705,4.705,4.494,0.122,0.009,0.081,0,26.562,8.980,0.000,0,532,0,0
5198,31.194,31.194,12.199,18.572,0.340,0.083,1,26.562,8.980,0.000,813,59295,6779,0
5199,5.196,5.196,4.994,0.121,0.011,0.071,0,26.562,8.980,0.000,0,532,0,0
5200,4.410,4.410,4.195,0.121,0.009,0.086,0,26.473,8.972,0.000,0,532,0,0
5201,5.524,5.524,5.303,0.124,0.012,0.084,0,26.473,8.972,0.000,0,532,0,0
5202,4.239,4.239,4.040,0.121,0.009,0.069,0,26.473,8.972,0.000,0,532,0,0
5203,4.015,4.015,3.803,0.120,0.008,0.085,0,26.473,8.972,0.000,0,532,0,0
5204,32.649,32.649,12.297,19.837,0.395,0.120,1,22.781,1.774,0.000,833,59295,5503,47739
5205,4.952,4.952,4.741,0.124,0.013,0.074,0,22.781,1.774,0.000,0,532,0,0
5206,4.108,4.108,3.894,0.121,0.009,0.085,0,22.781,1.774,0.000,0,532,0,0
5207,3.944,3.944,3.749,0.120,0.009,0.066,0,22.781,1.774,0.000,0,532,0,0
5208,3.837,3.837,3.645,0.120,0.007,0.065,0,22.781,1.774,0.000,0,532,0,0
5209,3.833,3.833,3.622,0.120,0.007,0.085,0,22.781,1.774,0.000,0,532,0,0
5210,32.560,32.560,12.835,19.271,0.352,0.102,1,22.527,1.681,0.000,833,59295,5433,48087
5211,5.081,5.081,4.861,0.124,0.012,0.084,0,22.527,1.681,0.000,0,532,0,0
5212,4.113,4.113,3.898,0.121,0.009,0.085,0,22.527,1.681,0.000,0,532,0,0
5213,3.884,3.884,3.691,0.120,0.008,0.065,0,22.527,1.681,0.000,0,532,0,0
5214,3.926,3.926,3.733,0.119,0.008,0.065,0,22.527,1.681,0.000,0,532,0,0
5215,3.818,3.818,3.608,0.119,0.008,0.082,0,22.527,1.681,0.000,0,532,0,0
5216,32.763,32.763,12.010,20.281,0.354,0.117,1,22.538,1.783,0.000,833,59295,5473,47739
5217,5.039,5.039,4.843,0.126,0.008,0.063,0,22.538,1.783,0.000,0,532,0,0
5218,4.312,4.312,4.072,0.121,0.012,0.107,0,22.538,1.783,0.000,0,532,0,0
5219,4.122,4.122,3.925,0.119,0.009,0.068,0,22.538,1.783,0.000,0,532,0,0
5220,28.890,28.890,13.164,15.264,0.375,0.087,1,22.538,1.783,0.000,814,59295,6803,0
5221,5.841,5.841,5.615,0.124,0.011,0.091,0,22.538,1.783,0.000,0,532,0,0
5222,33.743,33.743,13.735,19.531,0.376,0.100,1,22.353,1.721,0.000,833,59295,5473,47739
5223,5.103,5.103,4.879,0.126,0.013,0.086,0,22.353,1.721,0.000,0,532,0,0
5224,5.090,4.203,3.988,0.120,0.009,0.086,0,22.353,1.721,0.000,0,532,0,0
5225,31.792,31.792,11.637,19.669,0.364,0.122,1,21.987,1.752,0.000,833,59295,5445,47739
5226,5.045,5.045,4.824,0.124,0.012,0.086,0,21.987,1.752,0.000,0,532,0,0
5227,29.149,29.149,13.446,15.231,0.359,0.113,1,21.987,1.752,0.000,813,59295,6770,0
5228,5.646,5.646,5.444,0.122,0.010,0.070,0,21.987,1.752,0.000,0,532,0,0
5229,34.736,34.736,13.636,20.590,0.412,0.098,1,25.149,1.743,0.000,833,59295,5473,47739
5230,4.962,4.962,4.725,0.123,0.012,0.102,0,25.149,1.743,0.000,0,532,0,0
5231,5.453,4.144,3.948,0.122,0.008,0.066,0,25.149,1.743,0.000,0,532,0,0
5232,32.976,32.976,11.589,20.360,0.943,0.083,1,22.593,1.782,0.000,833,59295,5484,47739
5233,5.040,5.040,4.801,0.124,0.013,0.103,0,22.593,1.782,0.000,0,532,0,0
5234,29.425,29.425,12.716,16.306,0.321,0.083,1,22.593,1.782,0.000,813,59295,6807,0
5235,5.070,5.070,4.865,0.122,0.010,0.073,0,22.593,1.782,0.000,0,532,0,0
5236,33.795,33.795,13.271,20.013,0.383,0.128,1,22.110,1.723,0.000,833,59295,5483,47739
5237,4.927,4.927,4.725,0.130,0.008,0.063,0,22.110,1.723,0.000,0,532,0,0
5238,5.552,4.589,4.371,0.121,0.012,0.085,0,22.110,1.723,0.000,0,532,0,0
5239,28.684,28.684,11.878,16.364,0.341,0.101,1,22.110,1.723,0.000,813,59295,6801,0
5240,5.794,5.794,5.583,0.123,0.014,0.073,0,22.110,1.723,0.000,0,532,0,0
5241,33.332,33.332,12.212,20.643,0.376,0.101,1,22.272,1.732,0.000,833,59295,5491,47739
5242,5.159,5.159,4.918,0.126,0.013,0.102,0,22.272,1.732,0.000,0,532,0,0
5243,29.710,29.710,13.820,15.487,0.318,0.085,1,22.272,1.732,0.000,813,59295,6819,0
5244,5.047,5.047,4.843,0.122,0.010,0.072,0,22.272,1.732,0.000,0,532,0,0
5245,33.561,33.561,13.264,19.792,0.374,0.132,1,22.045,1.702,0.000,833,59295,5466,47739
5246,5.156,5.156,4.932,0.125,0.013,0.085,0,22.045,1.702,0.000,0,532,0,0
5247,4.105,4.105,3.908,0.120,0.009,0.068,0,22.045,1.702,0.000,0,532,0,0
5248,26.877,26.877,10.918,15.424,0.433,0.102,1,22.045,1.702,0.000,813,59295,6768,0
5249,6.090,5.513,5.302,0.121,0.012,0.078,0,22.045,1.702,0.000,0,532,0,0
5250,16.686,8.175,7.980,0.121,0.008,0.066,0,27.760,9.282,0.000,0,532,0,0
5251,34.910,34.910,12.019,22.352,0.416,0.123,1,23.495,1.522,0.521,833,59295,5329,47739
5252,5.039,5.039,4.815,0.124,0.013,0.087,0,23.495,1.522,0.521,0,532,0,0
5253,32.783,32.783,11.964,20.358,0.364,0.097,1,22.479,1.795,0.000,833,59295,5423,48087
5254,4.842,4.842,4.623,0.123,0.009,0.086,0,22.479,1.795,0.000,0,532,0,0
5255,5.841,4.714,4.494,0.124,0.012,0.084,0,22.479,1.795,0.000,0,532,0,0
5256,28.558,28.558,10.865,17.182,0.423,0.088,1,22.479,1.795,0.000,814,59295,6763,0
5257,5.247,5.060,4.831,0.121,0.010,0.098,0,22.479,1.795,0.000,0,532,0,0
5258,34.949,34.949,15.220,19.190,0.443,0.095,1,22.348,1.585,0.320,833,59295,5368,48087
5259,5.343,5.343,5.124,0.126,0.011,0.082,0,22.348,1.585,0.320,0,532,0,0
5260,32.144,32.144,11.936,19.676,0.420,0.113,1,23.021,1.699,0.000,833,59295,5422,48087
5261,5.355,5.355,5.132,0.123,0.012,0.087,0,23.021,1.699,0.000,0,532,0,0
5262,5.188,4.219,4.019,0.121,0.010,0.070,0,23.021,1.699,0.000,0,532,0,0
5263,30.270,30.270,10.910,18.786,0.440,0.134,1,22.940,2.206,0.000,833,59295,5433,47739
5264,4.801,4.801,4.594,0.124,0.010,0.073,0,22.940,2.206,0.000,0,532,0,0
5265,29.801,29.801,10.754,18.567,0.388,0.093,1,24.039,1.731,0.000,833,59295,5438,47739
5266,4.527,4.527,4.309,0.122,0.010,0.086,0,24.039,1.731,0.000,0,532,0,0
5267,29.742,29.742,10.592,18.681,0.370,0.099,1,23.446,1.725,0.000,833,59295,5456,47739
5268,4.345,4.345,4.148,0.120,0.010,0.067,0,23.446,1.725,0.000,0,532,0,0
5269,29.599,29.599,10.749,18.358,0.377,0.116,1,23.601,1.733,0.000,833,59295,5481,47739
5270,4.348,4.348,4.150,0.120,0.008,0.070,0,23.601,1.733,0.000,0,532,0,0
5271,29.723,29.723,10.621,18.632,0.361,0.108,1,23.004,1.746,0.000,833,59295,5481,47739
5272,4.402,4.402,4.184,0.120,0.009,0.090,0,23.004,1.746,0.000,0,532,0,0
5273,29.331,29.331,10.480,18.445,0.321,0.084,1,23.004,1.746,0.000,833,59295,5481,47739
5274,4.372,4.372,4.172,0.121,0.009,0.070,0,23.494,1.683,0.000,0,532,0,0
5275,29.555,29.555,10.453,18.636,0.363,0.102,1,23.494,1.683,0.000,833,59295,5481,47739
5276,4.358,4.358,4.160,0.120,0.010,0.068,0,24.241,1.673,0.000,0,532,0,0
5277,29.605,29.605,10.598,18.555,0.351,0.100,1,22.360,1.693,0.000,833,59295,5456,47739
5278,4.391,4.391,4.175,0.121,0.009,0.087,0,22.360,1.693,0.000,0,532,0,0
5279,29.492,29.492,10.633,18.382,0.369,0.107,1,23.111,1.687,0.000,833,59295,5447,47739
5280,5.055,5.055,4.832,0.126,0.015,0.083,0,23.111,1.687,0.000,0,532,0,0
5281,29.451,29.451,10.663,18.283,0.369,0.136,1,23.448,1.670,0.000,833,59295,5457,47739
5282,4.471,4.471,4.272,0.120,0.010,0.070,0,23.448,1.670,0.000,0,532,0,0
5283,29.334,29.334,10.532,18.326,0.379,0.097,1,22.662,1.706,0.000,833,59295,5457,47739
5284,4.768,4.768,4.524,0.129,0.015,0.100,0,22.662,1.706,0.000,0,532,0,0
5285,7.976,4.116,3.914,0.120,0.010,0.072,0,22.662,1.706,0.000,0,532,0,0
5286,29.354,29.354,10.485,18.392,0.378,0.097,1,23.239,1.705,0.000,833,59295,5470,47739
5287,4.380,4.380,4.163,0.121,0.010,0.087,0,23.239,1.705,0.000,0,532,0,0
5288,29.402,29.402,10.593,18.322,0.380,0.108,1,22.381,1.704,0.000,833,59295,5444,47739
5289,4.348,4.348,4.148,0.120,0.011,0.068,0,22.381,1.704,0.000,0,532,0,0
5290,29.978,29.978,10.585,18.918,0.346,0.129,1,23.647,1.743,0.000,833,59295,5443,47739
5291,4.465,4.465,4.266,0.120,0.009,0.069,0,23.647,1.743,0.000,0,532,0,0
5292,29.197,29.197,10.427,18.367,0.319,0.084,1,23.647,1.743,0.000,833,59295,5472,47739
5293,4.351,4.351,4.116,0.140,0.008,0.087,0,23.951,1.711,0.000,0,532,0,0
5294,30.168,30.168,11.011,18.716,0.338,0.102,1,23.951,1.711,0.000,833,59295,5472,47739
5295,4.377,4.377,4.178,0.121,0.010,0.068,0,24.098,1.684,0.000,0,532,0,0
5296,29.738,29.738,10.456,18.838,0.347,0.098,1,24.098,1.684,0.000,833,59295,5472,47739
5297,4.409,4.409,4.209,0.121,0.009,0.070,0,24.240,1.661,0.000,0,532,0,0
5298,29.802,29.802,10.589,18.713,0.369,0.131,1,22.229,1.688,0.000,834,59295,5475,47739
5299,4.389,4.389,4.190,0.120,0.010,0.069,0,22.229,1.688,0.000,0,532,0,0
5300,29.641,29.641,10.529,18.642,0.375,0.095,1,23.110,1.679,0.000,833,59295,5472,47739
5301,4.415,4.415,4.198,0.121,0.009,0.087,0,23.110,1.679,0.000,0,532,0,0
5302,29.541,29.541,10.664,18.411,0.366,0.100,1,23.067,1.652,0.000,833,59295,5472,47739
5303,4.370,4.370,4.172,0.120,0.009,0.069,0,23.067,1.652,0.000,0,532,0,0
5304,29.547,29.547,10.683,18.385,0.360,0.118,1,22.607,1.696,0.000,833,59295,5443,47739
5305,4.461,4.461,4.262,0.121,0.009,0.069,0,22.607,1.696,0.000,0,532,0,0
5306,29.294,29.294,10.479,18.327,0.387,0.102,1,22.930,1.687,0.000,833,59295,5441,47739
5307,4.381,4.381,4.161,0.120,0.010,0.090,0,22.930,1.687,0.000,0,532,0,0
5308,29.400,29.400,10.489,18.445,0.380,0.086,1,23.089,1.636,0.000,833,59295,5461,48087
5309,4.331,4.331,4.131,0.121,0.010,0.069,0,23.089,1.636,0.000,0,532,0,0
5310,30.237,30.237,10.805,18.949,0.372,0.111,1,22.425,1.710,0.000,833,59295,5467,48087
5311,4.348,4.348,4.147,0.120,0.011,0.070,0,22.425,1.710,0.000,0,532,0,0
5312,8.127,3.996,3.802,0.120,0.009,0.066,0,22.425,1.710,0.000,0,532,0,0
5313,31.466,31.466,10.721,20.245,0.381,0.120,1,23.030,1.744,0.000,833,59295,5483,47739
5314,4.367,4.367,4.166,0.120,0.011,0.070,0,23.030,1.744,0.000,0,532,0,0
5315,31.219,31.219,10.753,19.975,0.381,0.110,1,22.784,2.274,0.000,833,59295,5482,47739
5316,4.377,4.377,4.157,0.120,0.009,0.090,0,22.784,2.274,0.000,0,532,0,0
5317,29.453,29.453,10.506,18.488,0.365,0.095,1,23.159,1.675,0.000,833,59295,5471,47739
5318,4.354,4.354,4.156,0.120,0.009,0.069,0,23.159,1.675,0.000,0,532,0,0
5319,29.598,29.598,10.717,18.408,0.359,0.114,1,23.086,1.706,0.000,833,59295,5471,47739
5320,4.358,4.358,4.159,0.120,0.010,0.069,0,23.086,1.706,0.000,0,532,0,0
5321,33.139,33.139,12.015,20.617,0.425,0.082,1,23.864,1.679,0.000,833,59295,5472,47739
5322,4.820,4.820,4.583,0.124,0.015,0.099,0,23.864,1.679,0.000,0,532,0,0
5323,6.368,4.159,3.953,0.121,0.010,0.076,0,23.864,1.679,0.000,0,532,0,0
5324,29.932,29.932,10.490,18.965,0.384,0.092,1,23.864,1.679,0.000,833,59295,5471,47739
5325,4.408,4.408,4.188,0.121,0.010,0.089,0,24.487,1.719,0.000,0,532,0,0
5326,29.596,29.596,10.636,18.481,0.383,0.095,1,22.547,1.705,0.000,833,59295,5471,47739
5327,4.749,4.749,4.542,0.121,0.011,0.075,0,22.547,1.705,0.000,0,532,0,0
5328,29.902,29.902,10.585,18.847,0.358,0.112,1,22.812,1.666,0.000,833,59295,5445,47739
5329,4.507,4.507,4.307,0.121,0.011,0.069,0,22.812,1.666,0.000,0,532,0,0
5330,30.363,30.363,11.285,18.524,0.438,0.116,1,23.186,1.696,0.000,833,59295,5440,47739
5331,4.991,4.991,4.772,0.127,0.009,0.083,0,23.186,1.696,0.000,0,532,0,0
5332,30.036,30.036,10.934,18.576,0.423,0.102,1,23.020,1.736,0.000,833,59295,5441,47739
5333,4.385,4.385,4.183,0.121,0.010,0.071,0,23.020,1.736,0.000,0,532,0,0
5334,29.580,29.580,10.550,18.528,0.371,0.130,1,22.491,1.681,0.000,833,59295,5440,47739
5335,4.379,4.379,4.181,0.120,0.010,0.069,0,22.491,1.681,0.000,0,532,0,0
5336,29.500,29.500,10.720,18.322,0.364,0.094,1,21.886,2.258,0.000,833,59295,5440,47739
5337,4.383,4.383,4.165,0.122,0.009,0.087,0,21.886,2.258,0.000,0,532,0,0
5338,29.547,29.547,10.703,18.380,0.367,0.098,1,23.056,1.828,0.000,833,59295,5440,47739
5339,4.489,4.489,4.287,0.121,0.010,0.071,0,23.056,1.828,0.000,0,532,0,0
5340,29.668,29.668,10.657,18.530,0.364,0.118,1,21.986,1.675,0.000,833,59295,5440,47739
5341,4.377,4.377,4.169,0.122,0.010,0.077,0,21.986,1.675,0.000,0,532,0,0
5342,8.189,3.989,3.793,0.121,0.008,0.067,0,21.986,1.675,0.000,0,532,0,0
5343,29.699,29.699,10.501,18.678,0.412,0.108,1,23.773,1.705,0.000,834,59295,5443,47739
5344,4.327,4.327,4.130,0.120,0.010,0.067,0,23.773,1.705,0.000,0,532,0,0
5345,29.482,29.482,10.659,18.368,0.363,0.092,1,23.630,1.732,0.000,833,59295,5443,47739
5346,4.371,4.371,4.154,0.120,0.010,0.087,0,23.630,1.732,0.000,0,532,0,0
5347,29.147,29.147,10.379,18.353,0.326,0.089,1,23.630,1.732,0.000,833,59295,5444,47739
5348,5.039,5.039,4.815,0.126,0.015,0.083,0,24.018,1.689,0.000,0,532,0,0
5349,29.863,29.863,10.634,18.812,0.312,0.105,1,24.018,1.689,0.000,833,59295,5471,47739
5350,4.494,4.494,4.292,0.122,0.009,0.070,0,24.599,1.700,0.000,0,532,0,0
5351,29.927,29.927,11.037,18.438,0.370,0.082,1,24.599,1.700,0.000,833,59295,5451,48087
5352,4.458,4.458,4.238,0.123,0.009,0.089,0,23.933,1.627,0.000,0,532,0,0
5353,31.810,31.810,11.583,19.717,0.409,0.101,1,23.881,1.637,0.000,833,59295,5470,48087
5354,4.612,4.612,4.412,0.120,0.011,0.069,0,23.881,1.637,0.000,0,532,0,0
5355,32.242,32.242,11.734,20.006,0.385,0.116,1,22.409,1.757,0.000,833,59295,5471,48087
5356,5.158,5.158,4.935,0.125,0.015,0.084,0,22.409,1.757,0.000,0,532,0,0
5357,5.621,4.479,4.273,0.122,0.011,0.072,0,22.409,1.757,0.000,0,532,0,0
5358,28.235,28.235,11.894,15.818,0.411,0.113,1,22.409,1.757,0.000,813,59295,6794,0
5359,6.275,6.275,6.046,0.123,0.018,0.089,0,22.409,1.757,0.000,0,532,0,0
5360,34.715,34.715,14.984,19.220,0.430,0.080,1,24.392,1.575,0.393,833,59295,5384,48087
5361,4.633,4.633,4.446,0.120,0.010,0.057,0,24.392,1.575,0.393,0,532,0,0
5362,34.128,34.128,12.609,21.034,0.417,0.067,1,22.872,1.728,0.000,833,59295,5467,47739
5363,5.058,5.058,4.864,0.124,0.013,0.056,0,22.872,1.728,0.000,0,532,0,0
5364,4.033,4.033,3.847,0.120,0.010,0.055,0,22.872,1.728,0.000,0,532,0,0
5365,28.916,28.916,12.689,15.866,0.308,0.053,1,22.872,1.728,0.000,813,59295,6810,0
5366,5.502,5.502,5.324,0.122,0.011,0.046,0,22.872,1.728,0.000,0,532,0,0
5367,34.042,34.042,13.399,20.201,0.368,0.075,1,22.109,1.710,0.000,833,59295,5453,47739
5368,4.827,4.827,4.637,0.123,0.013,0.054,0,22.109,1.710,0.000,0,532,0,0
5369,28.476,28.476,12.289,15.751,0.374,0.061,1,22.109,1.710,0.000,813,59295,6782,0
5370,4.635,4.635,4.445,0.121,0.010,0.059,0,22.109,1.710,0.000,0,532,0,0
5371,10.091,9.445,9.255,0.125,0.015,0.051,0,28.188,9.568,0.000,0,532,0,0
5372,31.579,31.579,11.642,19.510,0.373,0.054,1,24.067,1.621,0.470,833,59295,5387,47739
5373,5.041,5.041,4.840,0.124,0.013,0.064,0,24.067,1.621,0.470,0,532,0,0
5374,30.961,30.961,11.906,18.626,0.366,0.063,1,23.247,1.796,0.000,833,59295,5466,47739
5375,4.981,4.981,4.792,0.124,0.012,0.052,0,23.247,1.796,0.000,0,532,0,0
5376,32.266,32.266,11.575,20.229,0.381,0.080,1,23.896,1.747,0.000,833,59295,5465,47739
5377,5.005,5.005,4.814,0.125,0.013,0.053,0,23.896,1.747,0.000,0,532,0,0
5378,6.953,4.099,3.926,0.120,0.010,0.043,0,23.896,1.747,0.000,0,532,0,0
5379,33.872,33.872,11.673,21.753,0.368,0.077,1,22.356,1.703,0.000,833,59295,5465,47739
5380,4.901,4.901,4.722,0.129,0.009,0.041,0,22.356,1.703,0.000,0,532,0,0
5381,30.109,30.109,12.867,16.822,0.358,0.062,1,22.356,1.703,0.000,813,59295,6793,0
5382,5.474,5.474,5.100,0.302,0.012,0.060,0,22.356,1.703,0.000,0,532,0,0
5383,29.691,29.691,12.864,16.395,0.377,0.055,1,25.756,8.773,0.000,813,59295,6764,0
5384,4.844,4.844,4.665,0.124,0.010,0.044,0,25.756,8.773,0.000,0,532,0,0
5385,7.897,4.746,4.562,0.120,0.009,0.055,0,24.874,8.653,0.000,0,532,0,0
5386,32.525,32.525,11.733,20.206,0.526,0.060,1,22.358,1.710,0.000,833,59295,5436,47739
5387,5.125,5.125,4.932,0.125,0.013,0.054,0,22.358,1.710,0.000,0,532,0,0
5388,29.901,29.901,12.735,16.410,0.693,0.064,1,22.358,1.710,0.000,814,59295,6795,0
5389,5.006,5.006,4.827,0.123,0.010,0.045,0,22.358,1.710,0.000,0,532,0,0
5390,34.178,34.178,13.489,20.211,0.416,0.062,1,23.362,2.408,0.000,833,59295,5478,47739
5391,5.763,5.763,5.571,0.124,0.011,0.057,0,23.362,2.408,0.000,0,532,0,0
5392,4.455,4.455,4.287,0.120,0.008,0.041,0,23.362,2.408,0.000,0,532,0,0
5393,33.117,33.117,11.387,21.277,0.389,0.065,1,22.553,1.736,0.000,833,59295,5478,47739
5394,5.009,5.009,4.799,0.132,0.013,0.065,0,22.553,1.736,0.000,0,532,0,0
5395,29.343,29.343,12.040,16.883,0.362,0.057,1,22.553,1.736,0.000,813,59295,6805,0
5396,4.856,4.856,4.678,0.124,0.010,0.043,0,22.553,1.736,0.000,0,532,0,0
5397,33.867,33.867,13.470,19.944,0.377,0.077,1,21.903,1.717,0.000,833,59295,5466,47739
5398,5.082,5.082,4.891,0.125,0.013,0.054,0,21.903,1.717,0.000,0,532,0,0
5399,5.338,4.385,4.200,0.121,0.009,0.054,0,21.903,1.717,0.000,0,532,0,0
5400,28.882,28.882,12.656,15.787,0.388,0.051,1,21.903,1.717,0.000,813,59295,6794,0
5401,4.912,4.912,4.737,0.122,0.009,0.044,0,21.903,1.717,0.000,0,532,0,0
5402,39.619,39.619,15.291,23.813,0.432,0.083,1,22.567,1.775,0.000,833,59295,5492,47739
5403,6.103,6.103,5.900,0.126,0.018,0.060,0,22.567,1.775,0.000,0,532,0,0
5404,4.229,4.229,4.058,0.119,0.009,0.042,0,22.567,1.775,0.000,0,532,0,0
5405,30.660,30.660,13.789,16.411,0.392,0.068,1,22.567,1.775,0.000,813,59295,6818,0
5406,4.912,4.912,4.733,0.121,0.010,0.048,0,22.567,1.775,0.000,0,532,0,0
5407,29.278,29.278,13.062,15.793,0.364,0.059,1,25.861,8.832,0.000,813,59295,6793,0
5408,4.992,4.992,4.806,0.121,0.010,0.055,0,25.861,8.832,0.000,0,532,0,0
5409,35.669,35.669,14.259,20.983,0.361,0.066,1,23.260,1.767,0.000,833,59295,5446,47739
5410,4.889,4.889,4.714,0.122,0.010,0.042,0,23.260,1.767,0.000,0,532,0,0
5411,6.054,4.489,4.289,0.123,0.013,0.065,0,23.260,1.767,0.000,0,532,0,0
5412,32.767,32.767,11.964,20.352,0.383,0.068,1,22.492,1.821,0.000,833,59295,5441,47739
5413,4.476,4.476,4.297,0.123,0.010,0.046,0,22.492,1.821,0.000,0,532,0,0
5414,25.740,25.740,10.303,15.064,0.302,0.070,1,22.492,1.821,0.000,813,59295,6769,0
5415,4.414,4.414,4.237,0.120,0.010,0.046,0,22.492,1.821,0.000,0,532,0,0
5416,16.020,9.547,9.354,0.126,0.015,0.052,0,27.536,9.198,0.000,0,532,0,0
5417,32.491,32.491,11.839,20.149,0.432,0.071,1,22.345,1.559,0.489,833,59295,5362,47739
5418,5.013,5.013,4.824,0.124,0.013,0.053,0,22.345,1.559,0.489,0,532,0,0
5419,32.257,32.257,12.455,19.315,0.424,0.063,1,22.345,1.559,0.000,833,59295,5441,47739
5420,5.041,5.041,4.849,0.123,0.011,0.058,0,23.293,1.738,0.000,0,532,0,0
5421,30.875,30.875,11.066,19.369,0.375,0.064,1,23.921,1.774,0.000,833,59295,5442,47739
5422,4.566,4.566,4.346,0.166,0.010,0.044,0,23.921,1.774,0.000,0,532,0,0
5423,6.542,4.126,3.882,0.121,0.060,0.063,0,23.921,1.774,0.000,0,532,0,0
5424,29.455,29.455,10.450,18.554,0.390,0.062,1,22.454,1.757,0.000,833,59295,5446,47739
5425,5.152,5.152,4.961,0.127,0.015,0.049,0,22.454,1.757,0.000,0,532,0,0
5426,31.599,31.599,12.066,19.020,0.439,0.074,1,22.689,1.803,0.000,833,59295,5446,47739
5427,5.011,5.011,4.822,0.123,0.012,0.053,0,22.689,1.803,0.000,0,532,0,0
5428,32.567,32.567,12.170,19.365,0.980,0.052,1,22.705,1.761,0.000,833,59295,5472,47739
5429,4.954,4.954,4.753,0.124,0.013,0.064,0,22.705,1.761,0.000,0,532,0,0
5430,8.046,4.042,3.869,0.121,0.009,0.043,0,22.705,1.761,0.000,0,532,0,0
5431,30.402,30.402,10.644,19.281,0.416,0.061,1,23.636,1.700,0.000,833,59295,5472,47739
5432,5.185,5.185,4.983,0.124,0.014,0.063,0,23.636,1.700,0.000,0,532,0,0
5433,33.055,33.055,12.336,20.239,0.406,0.073,1,23.636,1.700,0.000,833,59295,5473,47739
5434,4.964,4.964,4.783,0.125,0.010,0.046,0,24.071,1.644,0.000,0,532,0,0
5435,32.115,32.115,11.372,20.233,0.436,0.074,1,23.275,1.719,0.000,833,59295,5472,47739
5436,4.899,4.899,4.711,0.124,0.012,0.052,0,23.275,1.719,0.000,0,532,0,0
5437,6.164,4.130,3.956,0.120,0.009,0.044,0,23.275,1.719,0.000,0,532,0,0
5438,30.307,30.307,10.882,18.923,0.432,0.070,1,22.300,2.242,0.000,833,59295,5457,47739
5439,4.714,4.714,4.517,0.133,0.015,0.049,0,22.300,2.242,0.000,0,532,0,0
5440,31.379,31.379,10.710,20.228,0.374,0.067,1,23.212,1.687,0.000,833,59295,5477,47739
5441,4.781,4.781,4.593,0.119,0.009,0.059,0,23.212,1.687,0.000,0,528,0,0
5442,31.366,31.366,10.655,20.326,0.333,0.052,1,23.212,1.687,0.000,832,59291,5469,47739
5443,4.315,4.315,4.141,0.119,0.010,0.045,0,23.959,1.682,0.000,0,528,0,0
5444,29.832,29.832,10.528,18.867,0.374,0.062,1,23.959,1.682,0.000,832,59291,5482,47739
5445,4.335,4.335,4.162,0.119,0.010,0.044,0,23.964,1.661,0.000,0,528,0,0
5446,29.709,29.709,10.602,18.660,0.397,0.050,1,22.620,1.696,0.000,832,59291,5513,47739
5447,4.280,4.280,4.094,0.121,0.010,0.055,0,22.620,1.696,0.000,0,528,0,0
5448,29.596,29.596,10.634,18.533,0.365,0.064,1,22.850,1.685,0.000,832,59291,5478,47739
5449,4.875,4.875,4.681,0.128,0.015,0.051,0,22.850,1.685,0.000,0,528,0,0
5450,7.396,4.206,4.017,0.120,0.010,0.059,0,22.850,1.685,0.000,0,528,0,0
5451,29.555,29.555,10.514,18.622,0.359,0.060,1,22.948,1.661,0.000,832,59291,5467,48087
5452,4.665,4.665,4.489,0.121,0.010,0.046,0,22.948,1.661,0.000,0,528,0,0
5453,29.402,29.402,10.556,18.408,0.366,0.072,1,23.220,2.183,0.000,832,59291,5412,48087
5454,4.431,4.431,4.259,0.120,0.010,0.043,0,23.220,2.183,0.000,0,528,0,0
5455,29.628,29.628,10.580,18.623,0.364,0.062,1,23.745,1.650,0.000,832,59291,5459,48087
5456,5.167,5.167,4.963,0.125,0.015,0.064,0,23.745,1.650,0.000,0,528,0,0
5457,29.667,29.667,10.749,18.493,0.364,0.060,1,23.559,1.706,0.000,832,59291,5454,48087
5458,4.277,4.277,4.104,0.119,0.010,0.044,0,23.559,1.706,0.000,0,528,0,0
5459,29.463,29.463,10.695,18.329,0.360,0.079,1,22.326,1.647,0.000,830,59251,5427,48047
5460,4.286,4.286,4.112,0.119,0.010,0.044,0,22.326,1.647,0.000,0,528,0,0
5461,29.493,29.493,10.473,18.637,0.330,0.054,1,22.326,1.647,0.000,820,58611,5397,47059
5462,4.297,4.297,4.113,0.119,0.009,0.055,0,23.051,1.727,0.000,0,528,0,0
5463,30.288,30.288,11.559,18.224,0.438,0.067,1,23.171,1.663,0.000,815,58431,5391,46879
5464,4.688,4.688,4.505,0.120,0.013,0.050,0,23.171,1.663,0.000,0,528,0,0
5465,29.554,29.554,10.666,18.478,0.343,0.066,1,23.171,1.663,0.000,809,58191,5391,46639
5466,4.312,4.312,4.138,0.120,0.010,0.043,0,24.039,1.717,0.000,0,528,0,0
5467,28.947,28.947,10.286,18.239,0.359,0.063,1,22.143,1.667,0.000,807,58111,5390,46559
5468,4.325,4.325,4.141,0.119,0.010,0.055,0,22.143,1.667,0.000,0,528,0,0
5469,29.243,29.243,10.544,18.280,0.361,0.059,1,23.011,1.683,0.000,806,58107,5399,46555
5470,4.263,4.263,4.090,0.119,0.010,0.044,0,23.011,1.683,0.000,0,528,0,0
5471,29.257,29.257,10.384,18.406,0.393,0.074,1,22.119,2.219,0.000,799,57919,5432,46367
5472,4.267,4.267,4.094,0.120,0.010,0.044,0,22.119,2.219,0.000,0,528,0,0
5473,28.700,28.700,10.414,17.857,0.369,0.060,1,21.885,2.230,0.000,795,57823,5433,46271
5474,4.253,4.253,4.068,0.120,0.010,0.055,0,21.885,2.230,0.000,0,528,0,0
5475,28.676,28.676,10.229,18.024,0.360,0.064,1,22.330,1.704,0.000,794,57819,5409,46267
5476,4.220,4.220,4.047,0.119,0.010,0.044,0,22.330,1.704,0.000,0,528,0,0
5477,28.562,28.562,10.298,17.830,0.356,0.078,1,22.368,1.665,0.000,789,57719,5365,46167
5478,4.235,4.235,4.061,0.120,0.010,0.044,0,22.368,1.665,0.000,0,528,0,0
5479,28.733,28.733,10.552,17.780,0.352,0.050,1,22.368,1.665,0.000,786,57699,5344,46147
5480,4.596,4.596,4.397,0.120,0.015,0.063,0,22.887,1.667,0.000,0,528,0,0
5481,41.616,41.616,12.239,28.392,0.411,0.575,1,29.734,5.001,0.000,774,57687,6049,23922
5482,4.373,4.373,4.194,0.120,0.009,0.049,0,29.734,5.001,0.000,0,528,0,0
5483,3.879,3.879,3.698,0.120,0.008,0.054,0,29.734,5.001,0.000,0,528,0,0
5484,32.553,32.553,11.591,20.419,0.484,0.059,1,24.454,4.805,0.000,764,57683,5719,24786
5485,5.240,5.240,5.051,0.124,0.012,0.052,0,24.454,4.805,0.000,0,528,0,0
5486,7.483,4.726,4.536,0.120,0.012,0.058,0,24.454,4.805,0.000,0,528,0,0
5487,26.912,26.912,10.759,15.734,0.368,0.051,1,24.454,4.805,0.000,758,57624,6526,0
5488,6.480,4.909,4.732,0.120,0.010,0.047,0,24.454,4.805,0.000,0,528,0,0
5489,32.068,32.068,14.178,17.257,0.561,0.072,1,23.404,1.686,0.000,757,57620,5234,46458
5490,4.884,4.884,4.697,0.123,0.012,0.052,0,23.404,1.686,0.000,0,528,0,0
5491,28.913,28.913,11.185,17.318,0.341,0.068,1,21.710,1.665,0.000,755,57604,5161,46442
5492,4.907,4.907,4.705,0.123,0.013,0.065,0,21.710,1.665,0.000,0,528,0,0
5493,30.140,30.140,11.841,17.828,0.408,0.063,1,22.558,1.750,0.000,755,57604,5161,46442
5494,4.643,4.643,4.469,0.122,0.010,0.042,0,22.558,1.750,0.000,0,528,0,0
5495,30.316,30.316,11.464,18.354,0.413,0.085,1,21.826,1.664,0.000,751,57555,5149,46393
5496,4.425,4.425,4.238,0.121,0.012,0.053,0,21.826,1.664,0.000,0,528,0,0
5497,29.540,29.540,12.332,16.730,0.400,0.079,1,21.235,1.582,0.000,745,57455,5129,46293
5498,4.341,4.341,4.156,0.121,0.012,0.051,0,21.235,1.582,0.000,0,528,0,0
5499,28.695,28.695,10.919,17.318,0.403,0.054,1,20.648,1.237,0.000,715,53461,4916,44985
5500,4.937,4.937,4.751,0.120,0.010,0.056,0,20.648,1.237,0.000,0,528,0,0
5501,24.444,24.444,10.211,13.896,0.280,0.057,1,20.648,1.237,0.000,705,53139,6046,0
5502,4.782,4.782,4.606,0.122,0.010,0.044,0,20.648,1.237,0.000,0,528,0,0
5503,13.197,7.962,7.780,0.120,0.008,0.054,0,24.991,7.755,0.000,0,528,0,0
5504,28.926,28.926,10.875,17.567,0.431,0.052,1,20.148,1.050,0.215,689,51259,4721,44071
5505,5.317,5.317,5.092,0.123,0.013,0.088,0,20.148,1.050,0.215,0,528,0,0
5506,26.836,26.836,10.010,16.390,0.368,0.068,1,20.073,1.607,0.000,677,51039,4684,43851
5507,5.654,4.908,4.719,0.125,0.013,0.052,0,20.073,1.607,0.000,0,528,0,0
5508,26.042,26.042,10.402,15.217,0.370,0.053,1,19.693,1.039,0.000,674,51000,4627,43812
5509,7.320,4.334,4.147,0.121,0.010,0.055,0,19.693,1.039,0.000,0,528,0,0
5510,24.110,24.110,9.297,14.510,0.252,0.052,1,19.693,1.039,0.000,659,47270,4553,41450
5511,9.260,4.564,4.392,0.121,0.009,0.042,0,19.116,0.826,0.000,0,528,0,0
5512,26.856,26.856,11.203,15.195,0.391,0.067,1,18.656,0.761,0.000,644,46221,4486,41137
5513,6.510,4.740,4.550,0.123,0.013,0.054,0,18.656,0.761,0.000,0,528,0,0
5514,21.582,21.582,9.192,12.076,0.264,0.049,1,18.656,0.761,0.000,640,46000,5571,0
5515,11.795,4.306,4.118,0.121,0.010,0.058,0,23.187,6.430,0.000,0,528,0,0
5516,24.562,24.562,9.879,14.225,0.400,0.058,1,19.027,0.665,0.189,636,45922,4395,40838
5517,8.793,4.152,3.978,0.120,0.010,0.044,0,19.027,0.665,0.189,0,528,0,0
5518,22.934,22.934,8.988,13.631,0.251,0.064,1,19.027,0.665,0.000,632,45676,4417,40592
5519,10.432,4.433,4.259,0.119,0.010,0.045,0,18.655,0.698,0.000,0,528,0,0
5520,20.472,20.472,8.749,11.341,0.334,0.048,1,18.655,0.698,0.000,616,45052,5357,0
5521,12.902,4.088,3.901,0.120,0.011,0.057,0,21.404,6.343,0.000,0,528,0,0
5522,20.966,20.966,9.251,11.341,0.320,0.054,1,21.404,6.343,0.000,604,44871,5283,0
5523,12.399,4.148,3.971,0.120,0.012,0.046,0,21.201,6.233,0.000,0,528,0,0
5524,20.291,20.291,8.747,11.152,0.331,0.062,1,21.201,6.233,0.000,596,43716,5194,0
5525,13.086,4.120,3.942,0.120,0.013,0.046,0,20.955,6.006,0.000,0,528,0,0
5526,20.238,20.238,8.954,10.922,0.313,0.049,1,20.955,6.006,0.000,583,42948,5133,0
5527,13.128,4.073,3.883,0.119,0.012,0.060,0,19.574,6.374,0.000,0,528,0,0
5528,20.508,20.508,8.930,11.194,0.334,0.051,1,19.574,6.374,0.000,579,42872,5143,0
5529,12.852,4.233,4.055,0.123,0.010,0.046,0,20.298,6.388,0.000,0,528,0,0
5530,20.175,20.175,8.911,10.879,0.323,0.062,1,20.298,6.388,0.000,570,42407,5096,0
5531,13.200,4.222,4.044,0.121,0.011,0.046,0,21.062,5.742,0.000,0,528,0,0
5532,21.067,21.067,9.780,10.827,0.406,0.055,1,21.062,5.742,0.000,568,42396,5082,0
5533,12.288,5.774,5.576,0.126,0.013,0.059,0,20.484,5.746,0.000,0,528,0,0
5534,21.943,21.943,10.102,10.916,0.873,0.051,1,20.484,5.746,0.000,564,42354,5019,0
5535,11.423,4.442,4.270,0.119,0.010,0.043,0,18.582,5.914,0.000,0,528,0,0
5536,21.012,21.012,9.856,10.703,0.380,0.072,1,18.582,5.914,0.000,558,42304,4928,0
5537,12.363,4.160,3.985,0.119,0.011,0.045,0,20.897,5.976,0.000,0,528,0,0
5538,19.339,19.339,8.607,10.436,0.244,0.052,1,20.897,5.976,0.000,551,41673,4860,0
5539,14.022,4.405,4.213,0.121,0.012,0.059,0,19.097,6.241,0.000,0,528,0,0
5540,19.433,19.433,8.721,10.348,0.314,0.049,1,19.097,6.241,0.000,549,41405,4849,0
5541,13.932,4.380,4.209,0.120,0.009,0.041,0,19.227,5.641,0.000,0,528,0,0
5542,20.753,20.753,9.441,10.936,0.314,0.062,1,19.227,5.641,0.000,547,41382,4836,0
5543,12.611,4.278,4.105,0.121,0.010,0.042,0,17.385,5.636,0.000,0,528,0,0
5544,20.522,20.522,9.587,10.489,0.384,0.062,1,17.385,5.636,0.000,544,40824,4805,0
5545,12.849,4.167,3.975,0.120,0.011,0.061,0,19.752,6.417,0.000,0,528,0,0
5546,19.500,19.500,9.172,10.040,0.238,0.050,1,19.752,6.417,0.000,540,40706,4754,0
5547,13.860,4.386,4.213,0.121,0.011,0.042,0,18.030,5.495,0.000,0,528,0,0
5548,18.833,18.833,8.582,9.881,0.311,0.060,1,18.030,5.495,0.000,539,40616,4745,0
5549,14.537,4.398,4.225,0.120,0.009,0.044,0,18.020,6.058,0.000,0,528,0,0
5550,18.779,18.779,8.567,9.857,0.305,0.050,1,18.020,6.058,0.000,534,40458,4682,0
5551,14.583,4.576,4.389,0.120,0.011,0.057,0,18.299,5.556,0.000,0,528,0,0
5552,18.506,18.506,8.436,9.724,0.301,0.046,1,18.299,5.556,0.000,530,40375,4618,0
5553,14.867,4.320,4.151,0.119,0.009,0.042,0,18.447,5.386,0.000,0,528,0,0
5554,18.947,18.947,8.800,9.771,0.312,0.064,1,18.447,5.386,0.000,529,40375,4605,0
5555,14.417,4.395,4.221,0.121,0.011,0.042,0,18.080,5.367,0.000,0,528,0,0
5556,19.784,19.784,8.628,10.802,0.304,0.049,1,18.080,5.367,0.000,526,40343,4564,0
5557,13.584,4.239,4.052,0.121,0.012,0.054,0,16.909,5.431,0.000,0,528,0,0
5558,18.976,18.976,9.121,9.402,0.401,0.053,1,16.909,5.431,0.000,493,38012,4260,0
5559,14.400,4.058,3.883,0.121,0.009,0.045,0,17.740,5.852,0.000,0,528,0,0
5560,18.515,18.515,8.829,9.228,0.388,0.070,1,17.740,5.852,0.000,492,37980,4282,0
5561,14.845,4.075,3.897,0.122,0.010,0.045,0,16.934,5.578,0.000,0,528,0,0
5562,17.137,17.137,8.138,8.633,0.317,0.050,1,16.934,5.578,0.000,472,37517,4074,0
5563,16.228,3.871,3.680,0.120,0.010,0.061,0,17.529,4.954,0.000,0,528,0,0
5564,16.913,16.913,7.899,8.651,0.310,0.053,1,17.529,4.954,0.000,468,37067,3973,0
5565,16.455,3.859,3.687,0.119,0.010,0.044,0,16.308,5.554,0.000,0,528,0,0
5566,16.955,16.955,7.959,8.595,0.337,0.064,1,16.308,5.554,0.000,465,36987,3943,0
5567,16.410,3.889,3.718,0.119,0.009,0.043,0,16.805,4.937,0.000,0,528,0,0
5568,16.680,16.616,7.915,8.344,0.303,0.054,1,16.805,4.937,0.000,465,36987,3946,0
5569,16.682,3.905,3.714,0.121,0.010,0.060,0,16.337,4.885,0.000,0,528,0,0
5570,17.008,16.883,8.190,8.310,0.330,0.054,1,16.337,4.885,0.000,465,36987,3945,0
5571,16.360,5.613,5.414,0.129,0.013,0.056,0,16.631,4.904,0.000,0,528,0,0
5572,18.820,18.820,9.528,8.858,0.371,0.064,1,16.631,4.904,0.000,459,35619,3916,0
5573,14.548,4.030,3.857,0.121,0.010,0.042,0,14.968,4.896,0.000,0,528,0,0
5574,17.710,17.710,8.809,8.450,0.392,0.059,1,14.968,4.896,0.000,451,35129,3888,0
5575,15.703,4.037,3.846,0.121,0.010,0.059,0,16.434,5.315,0.000,0,528,0,0
5576,22.038,21.815,13.332,8.154,0.276,0.054,1,15.488,5.138,0.000,444,34463,3857,0
5577,11.279,4.185,4.005,0.121,0.011,0.048,0,15.488,5.138,0.000,0,528,0,0
5578,17.133,17.001,8.100,8.449,0.392,0.060,1,15.488,5.138,0.000,444,34463,3859,0
5579,16.233,6.042,5.843,0.130,0.014,0.054,0,16.052,4.722,0.000,0,528,0,0
5580,16.804,16.804,8.260,8.160,0.331,0.053,1,16.052,4.722,0.000,442,34455,3823,0
5581,16.574,3.996,3.808,0.121,0.009,0.058,0,16.755,4.608,0.000,0,524,0,0
5582,16.694,15.986,7.643,7.951,0.342,0.050,1,16.755,4.608,0.000,438,34355,3809,0
5583,16.661,5.380,5.187,0.135,0.010,0.047,0,15.689,4.449,0.000,0,524,0,0
5584,17.155,17.024,8.631,8.005,0.328,0.061,1,15.689,4.449,0.000,435,34153,3793,0
5585,16.212,5.069,4.879,0.126,0.012,0.052,0,15.932,4.563,0.000,0,520,0,0
5586,17.071,17.014,8.646,7.984,0.331,0.053,1,15.932,4.563,0.000,435,34153,3793,0
5587,16.296,5.174,4.963,0.129,0.015,0.066,0,15.831,4.542,0.000,0,520,0,0
5588,17.059,16.997,8.515,8.114,0.315,0.053,1,15.831,4.542,0.000,435,34153,3793,0
5589,16.310,5.433,5.226,0.121,0.014,0.072,0,15.280,5.647,0.000,0,504,0,0
5590,18.069,18.069,8.332,9.331,0.345,0.061,1,15.280,5.647,0.000,431,34137,3782,0
5591,15.297,3.984,3.818,0.115,0.010,0.042,0,14.817,4.676,0.000,0,504,0,0
5592,17.450,17.450,8.793,8.192,0.408,0.057,1,14.817,4.676,0.000,428,33917,3756,0
5593,15.919,3.947,3.763,0.115,0.011,0.058,0,16.046,5.267,0.000,0,500,1,0
5594,16.701,16.071,7.681,8.091,0.249,0.051,1,16.046,5.267,0.000,427,33914,3752,0
5595,16.665,5.629,5.441,0.119,0.015,0.054,0,15.407,4.461,0.000,0,492,0,0
5596,17.000,16.740,8.531,7.827,0.316,0.067,1,15.407,4.461,0.000,423,33898,3719,0
5597,16.363,5.448,5.265,0.117,0.013,0.053,0,15.497,4.497,0.000,0,488,0,0
5598,16.990,16.742,8.509,7.842,0.319,0.071,1,15.497,4.497,0.000,420,33887,3708,0
5599,16.377,5.162,4.981,0.122,0.012,0.047,0,14.831,5.136,0.000,0,480,0,0
5600,16.686,16.638,8.374,7.873,0.339,0.051,1,14.831,5.136,0.000,417,33875,3700,0
5601,16.681,3.810,3.634,0.108,0.009,0.058,0,15.870,4.507,0.000,0,468,0,0
5602,16.706,15.509,7.549,7.568,0.341,0.051,1,15.870,4.507,0.000,411,33806,3648,0
5603,16.660,5.005,4.827,0.108,0.013,0.056,0,14.936,4.937,0.000,0,456,0,0
5604,16.711,16.015,8.046,7.609,0.292,0.067,1,14.936,4.937,0.000,407,33790,3637,0
5605,16.655,4.893,4.724,0.103,0.014,0.052,0,15.051,5.046,0.000,0,432,0,0
5606,17.691,17.691,9.297,7.961,0.381,0.052,1,15.051,5.046,0.000,401,33766,3618,0
5607,15.679,3.865,3.705,0.096,0.010,0.054,0,13.782,4.522,0.000,0,420,0,0
5608,16.722,16.722,8.526,7.741,0.392,0.063,1,13.782,4.522,0.000,393,31886,3527,0
5609,16.648,3.782,3.632,0.096,0.010,0.044,0,15.099,4.971,0.000,0,420,0,0
5610,16.706,14.888,7.333,7.265,0.229,0.061,1,15.099,4.971,0.000,389,31444,3474,0
5611,16.657,5.459,5.293,0.101,0.014,0.052,0,14.517,4.011,0.000,0,416,0,0
5612,16.707,15.620,7.989,7.235,0.338,0.058,1,14.517,4.011,0.000,388,31440,3472,0
5613,16.671,4.810,4.631,0.109,0.011,0.059,0,14.538,4.178,0.000,0,408,0,0
5614,16.672,16.454,8.172,7.847,0.379,0.057,1,14.538,4.178,0.000,373,31144,3366,0
5615,16.685,3.849,3.705,0.092,0.010,0.042,0,13.165,4.102,0.000,0,396,0,0
5616,16.680,15.535,8.186,6.957,0.332,0.060,1,13.165,4.102,0.000,370,31128,3335,0
5617,16.689,3.626,3.482,0.092,0.009,0.043,0,12.569,3.895,0.000,0,396,0,0
5618,16.682,15.312,7.326,7.611,0.323,0.051,1,12.569,3.895,0.000,356,30133,3182,0
5619,16.683,3.593,3.440,0.090,0.009,0.053,0,12.240,3.705,0.000,0,392,0,0
5620,16.687,15.882,8.108,7.340,0.377,0.056,1,12.240,3.705,0.000,355,30130,3179,0
5621,16.677,4.335,4.189,0.092,0.011,0.044,0,13.489,3.706,0.000,0,388,0,0
5622,16.707,14.574,7.512,6.616,0.385,0.061,1,13.489,3.706,0.000,342,29333,3079,0
5623,16.659,4.477,4.323,0.091,0.012,0.051,0,12.663,4.360,0.000,0,376,0,0
5624,16.688,14.964,7.582,6.944,0.388,0.050,1,11.581,3.777,0.000,367,27921,3142,0
5625,16.683,3.540,3.391,0.086,0.010,0.053,0,11.581,3.777,0.000,0,372,0,0
5626,16.693,12.919,6.898,5.738,0.237,0.046,1,11.709,3.318,0.000,307,26635,2760,0
5627,16.675,3.571,3.429,0.086,0.010,0.047,0,11.709,3.318,0.000,0,364,0,0
5628,16.709,15.392,8.657,6.272,0.390,0.073,1,11.650,3.594,0.000,304,26624,2733,0
5629,16.652,4.181,4.033,0.086,0.012,0.051,0,11.650,3.594,0.000,0,352,0,0
5630,16.699,13.419,7.238,5.820,0.313,0.048,1,11.548,3.362,0.000,293,26090,2639,0
5631,16.674,3.552,3.403,0.081,0.010,0.058,0,11.548,3.362,0.000,0,344,0,0
5632,16.693,14.518,8.406,5.694,0.361,0.057,1,10.984,3.354,0.000,287,25624,2562,0
5633,16.669,3.962,3.816,0.082,0.014,0.049,0,10.984,3.354,0.000,0,340,0,0
5634,16.686,13.582,7.694,5.530,0.293,0.065,1,11.120,3.684,0.000,283,25284,2544,0
5635,16.683,4.108,3.959,0.082,0.014,0.053,0,11.120,3.684,0.000,0,336,0,0
5636,16.690,12.867,7.151,5.356,0.313,0.047,1,10.758,3.704,0.000,283,25540,2591,0
5637,16.684,3.458,3.314,0.077,0.010,0.057,0,10.758,3.704,0.000,0,328,0,0
5638,16.684,14.527,7.884,6.213,0.374,0.056,1,11.092,3.386,0.000,282,25536,2589,0
5639,16.672,4.368,4.227,0.084,0.010,0.046,0,11.092,3.386,0.000,0,320,0,0
5640,16.688,14.375,8.263,5.639,0.405,0.068,1,10.528,3.358,0.000,280,25528,2603,0
5641,16.684,3.411,3.286,0.074,0.010,0.042,0,10.528,3.358,0.000,0,316,0,0
5642,16.694,12.121,6.673,5.178,0.224,0.046,1,10.955,3.067,0.000,269,25133,2496,0
5643,16.670,3.428,3.290,0.071,0.009,0.058,0,10.955,3.067,0.000,0,300,0,0
5644,16.686,14.273,8.417,5.433,0.365,0.057,1,10.815,3.323,0.000,267,25121,2490,0
5645,16.684,3.771,3.644,0.072,0.009,0.046,0,10.815,3.323,0.000,0,300,0,0
5646,16.682,13.784,8.042,5.273,0.402,0.067,1,10.959,3.171,0.000,261,24675,2440,0
5647,16.690,3.343,3.220,0.070,0.010,0.043,0,10.959,3.171,0.000,0,296,0,0
5648,16.678,12.145,6.817,5.064,0.215,0.050,1,10.829,2.951,0.000,290,24603,2575,0
5649,16.683,4.002,3.852,0.073,0.012,0.064,0,10.829,2.951,0.000,0,296,0,0
5650,16.682,14.492,8.149,5.936,0.347,0.060,1,11.323,3.109,0.000,290,24603,2574,0
5651,16.686,3.829,3.704,0.071,0.011,0.043,0,11.323,3.109,0.000,0,296,0,0
5652,16.682,12.698,7.165,5.209,0.265,0.059,1,9.988,3.605,0.000,286,24595,2558,0
5653,16.680,3.302,3.182,0.068,0.009,0.043,0,9.988,3.605,0.000,0,288,0,0
5654,16.690,14.161,8.338,5.383,0.384,0.056,1,10.735,3.188,0.000,286,24595,2559,0
5655,16.680,3.383,3.247,0.068,0.010,0.058,0,10.735,3.188,0.000,0,288,0,0
5656,16.696,12.470,6.941,5.237,0.243,0.049,1,10.108,3.167,0.000,284,24591,2550,0
5657,16.667,3.309,3.187,0.067,0.009,0.047,0,10.108,3.167,0.000,0,280,0,0
5658,16.699,11.624,6.163,5.070,0.328,0.063,1,10.747,2.972,0.000,282,24587,2543,0
5659,16.666,3.310,3.187,0.067,0.010,0.047,0,10.747,2.972,0.000,0,280,0,0
5660,16.694,11.810,6.360,5.079,0.321,0.050,1,10.930,2.941,0.000,282,24587,2542,0
5661,16.678,3.228,3.095,0.066,0.009,0.058,0,10.930,2.941,0.000,0,280,0,0
5662,16.692,12.399,6.380,5.661,0.310,0.048,1,10.122,2.955,0.000,280,24583,2534,0
5663,16.680,3.276,3.157,0.065,0.009,0.045,0,10.122,2.955,0.000,0,276,0,0
5664,16.679,13.987,8.202,5.328,0.387,0.070,1,10.962,3.221,0.000,280,24583,2536,0
5665,16.683,3.297,3.182,0.064,0.010,0.042,0,10.962,3.221,0.000,0,272,0,0
5666,16.688,14.351,7.686,6.244,0.361,0.060,1,10.430,3.092,0.000,273,24239,2491,0
5667,16.679,3.278,3.150,0.063,0.009,0.056,0,10.430,3.092,0.000,0,268,0,0
5668,16.687,12.125,6.847,4.997,0.234,0.046,1,9.912,2.859,0.000,271,24235,2484,0
5669,16.675,3.204,3.088,0.062,0.009,0.045,0,9.912,2.859,0.000,0,260,0,0
5670,16.699,11.377,6.105,4.884,0.331,0.058,1,9.812,3.466,0.000,269,24231,2453,0
5671,16.668,3.271,3.152,0.062,0.010,0.047,0,9.812,3.466,0.000,0,260,0,0
5672,16.693,11.507,6.137,4.994,0.328,0.047,1,10.657,2.885,0.000,263,24219,2429,0
5673,16.675,3.243,3.116,0.058,0.010,0.058,0,10.657,2.885,0.000,0,244,0,0
5674,16.686,11.378,6.134,4.880,0.317,0.047,1,10.696,2.905,0.000,259,24211,2414,0
5675,16.679,3.259,3.144,0.059,0.010,0.046,0,10.696,2.905,0.000,0,236,0,0
5676,16.697,11.497,6.135,4.992,0.310,0.061,1,10.384,2.886,0.000,255,24203,2397,0
5677,16.670,3.227,3.114,0.056,0.009,0.047,0,10.384,2.886,0.000,0,232,0,0
5678,16.696,11.739,6.417,4.952,0.323,0.047,1,10.550,2.873,0.000,255,24203,2397,0
5679,16.674,3.326,3.202,0.055,0.009,0.060,0,10.550,2.873,0.000,0,228,0,0
5680,16.689,11.950,6.735,4.864,0.303,0.047,1,10.245,2.898,0.000,251,24195,2382,0
5681,16.677,3.715,3.584,0.064,0.014,0.053,0,10.245,2.898,0.000,0,220,0,0
5682,16.690,13.787,7.757,5.533,0.393,0.104,1,10.091,3.136,0.000,249,24191,2373,0
5683,16.675,3.287,3.169,0.053,0.009,0.057,0,10.091,3.136,0.000,0,220,0,0
5684,16.683,11.944,6.245,5.338,0.298,0.063,1,9.697,2.814,0.000,246,23855,2315,0
5685,16.681,3.240,3.107,0.054,0.009,0.071,0,9.697,2.814,0.000,0,220,0,0
5686,16.689,11.866,6.167,5.328,0.307,0.064,1,9.451,2.828,0.000,248,23859,2321,0
5687,16.680,3.192,3.069,0.055,0.010,0.058,0,9.451,2.828,0.000,0,224,0,0
5688,16.687,11.878,6.708,4.783,0.314,0.072,1,9.571,2.828,0.000,248,23859,2343,0
5689,16.679,3.230,3.107,0.054,0.010,0.059,0,9.571,2.828,0.000,0,224,0,0
5690,16.696,11.208,6.092,4.745,0.309,0.061,1,10.267,2.857,0.000,244,23743,2313,0
5691,16.668,3.248,3.106,0.054,0.010,0.078,0,10.267,2.857,0.000,0,220,0,0
5692,16.700,11.250,6.150,4.722,0.309,0.068,1,10.068,2.887,0.000,243,23687,2271,0
5693,16.669,3.202,3.080,0.053,0.009,0.060,0,10.068,2.887,0.000,0,220,0,0
5694,16.697,11.410,6.224,4.769,0.342,0.075,1,10.177,2.807,0.000,241,23599,2254,0
5695,16.666,3.840,3.699,0.059,0.014,0.068,0,10.177,2.807,0.000,0,220,0,0
5696,16.694,11.611,6.428,4.797,0.313,0.072,1,10.514,2.920,0.000,239,23595,2245,0
5697,16.694,3.239,3.110,0.053,0.009,0.068,0,10.514,2.920,0.000,0,220,0,0
5698,16.671,14.163,8.146,4.987,0.948,0.082,1,9.884,3.097,0.000,242,23547,2217,0
5699,16.677,3.403,3.267,0.053,0.010,0.074,0,9.884,3.097,0.000,0,224,0,0
5700,16.687,11.719,6.109,5.136,0.408,0.065,1,9.379,2.780,0.000,239,23211,2193,0
5701,16.681,3.988,3.846,0.058,0.015,0.069,0,9.379,2.780,0.000,0,224,0,0
5702,16.685,12.078,7.104,4.596,0.297,0.081,1,9.319,3.008,0.000,237,23207,2161,0
5703,16.682,3.186,3.065,0.052,0.011,0.059,0,9.319,3.008,0.000,0,220,0,0
5704,16.685,11.702,6.662,4.689,0.287,0.064,1,9.606,2.837,0.000,235,23203,2176,0
5705,16.685,4.212,4.065,0.055,0.011,0.080,0,9.606,2.837,0.000,0,216,0,0
5706,16.691,12.443,7.311,4.732,0.331,0.070,1,9.579,3.186,0.000,225,23271,2140,0
5707,16.667,3.300,3.178,0.053,0.010,0.059,0,9.579,3.186,0.000,0,212,0,0
5708,16.699,11.553,6.277,4.881,0.314,0.081,1,10.156,2.963,0.000,238,24100,2271,0
5709,16.668,3.197,3.077,0.051,0.010,0.059,0,10.156,2.963,0.000,0,208,0,0
5710,16.691,11.785,6.183,4.921,0.618,0.063,1,10.329,2.898,0.000,237,24096,2268,0
5711,16.682,3.207,3.078,0.052,0.009,0.069,0,10.329,2.898,0.000,0,208,0,0
5712,16.691,12.297,7.062,4.858,0.314,0.062,1,9.923,2.917,0.000,237,24096,2264,0
5713,16.676,3.237,3.120,0.050,0.010,0.058,0,9.923,2.917,0.000,0,208,0,0
5714,16.681,14.441,7.585,5.595,1.170,0.090,1,9.709,3.197,0.000,238,24298,2235,0
5715,16.681,3.229,3.113,0.052,0.009,0.055,0,9.709,3.197,0.000,0,208,0,0
5716,16.688,11.876,6.238,5.340,0.234,0.065,1,9.540,2.940,0.000,238,24298,2236,0
5717,16.683,3.227,3.088,0.051,0.010,0.079,0,9.540,2.940,0.000,0,208,0,0
5718,16.684,12.002,6.740,4.882,0.318,0.062,1,9.475,2.890,0.000,239,24301,2257,0
5719,16.684,3.182,3.064,0.050,0.010,0.057,0,9.475,2.890,0.000,0,208,0,0
5720,16.690,12.131,6.825,4.924,0.304,0.078,1,9.555,2.999,0.000,241,24681,2279,0
5721,16.670,3.222,3.103,0.050,0.010,0.059,0,9.555,2.999,0.000,0,208,0,0
5722,16.700,11.324,6.051,4.883,0.326,0.064,1,10.409,2.984,0.000,241,24681,2280,0
5723,16.668,3.272,3.139,0.050,0.010,0.072,0,10.409,2.984,0.000,0,208,0,0
5724,16.693,11.518,6.138,4.954,0.355,0.070,1,10.310,3.025,0.000,242,24684,2283,0
5725,16.675,3.259,3.137,0.051,0.010,0.061,0,10.310,3.025,0.000,0,208,0,0
5726,16.698,11.660,6.324,4.912,0.338,0.086,1,10.344,3.020,0.000,243,24687,2289,0
5727,16.669,3.214,3.095,0.050,0.010,0.058,0,10.344,3.020,0.000,0,208,0,0
5728,16.697,11.512,6.241,4.880,0.328,0.063,1,9.816,3.024,0.000,243,24687,2287,0
5729,16.668,3.220,3.089,0.051,0.010,0.071,0,9.816,3.024,0.000,0,208,0,0
5730,16.698,11.514,6.237,4.914,0.300,0.063,1,9.627,3.478,0.000,243,24687,2287,0
5731,16.668,3.197,3.077,0.050,0.010,0.060,0,9.627,3.478,0.000,0,208,0,0
5732,16.717,11.516,6.173,4.930,0.333,0.079,1,9.728,3.504,0.000,243,24687,2294,0
5733,16.649,3.983,3.846,0.054,0.013,0.071,0,9.728,3.504,0.000,0,204,0,0
5734,16.701,12.173,6.895,4.879,0.326,0.072,1,9.801,3.808,0.000,240,24491,2259,0
5735,16.668,3.295,3.156,0.051,0.009,0.078,0,9.801,3.808,0.000,0,208,0,0
5736,16.694,11.498,6.166,4.937,0.330,0.064,1,10.278,2.999,0.000,241,24495,2263,0
5737,16.674,3.234,3.116,0.051,0.010,0.058,0,10.278,2.999,0.000,0,208,0,0
5738,16.696,11.537,6.264,4.857,0.328,0.087,1,10.254,2.968,0.000,240,24491,2259,0
5739,16.672,3.239,3.118,0.051,0.010,0.060,0,10.254,2.968,0.000,0,208,0,0
5740,16.685,12.227,6.862,4.972,0.327,0.066,1,9.928,3.014,0.000,239,24487,2256,0
5741,16.677,3.143,3.017,0.049,0.009,0.068,0,9.928,3.014,0.000,0,196,0,0
5742,16.699,11.669,6.483,4.826,0.296,0.065,1,10.301,3.009,0.000,237,24479,2251,0
5743,16.670,3.291,3.172,0.049,0.010,0.060,0,10.301,3.009,0.000,0,196,0,0
5744,16.696,11.541,6.199,4.937,0.316,0.090,1,9.895,3.016,0.000,237,24479,2250,0
5745,16.675,3.255,3.138,0.048,0.009,0.060,0,9.895,3.016,0.000,0,196,0,0
5746,16.684,14.326,8.179,5.120,0.953,0.074,1,9.507,3.288,0.000,237,24479,2233,0
5747,16.681,3.224,3.098,0.050,0.009,0.067,0,9.507,3.288,0.000,0,200,0,0
5748,16.687,12.005,6.815,4.891,0.234,0.064,1,9.267,2.966,0.000,237,24479,2232,0
5749,16.679,3.208,3.090,0.049,0.010,0.059,0,9.267,2.966,0.000,0,196,0,0
5750,16.697,12.289,6.280,5.600,0.334,0.076,1,9.481,3.104,0.000,240,24491,2241,0
5751,16.671,4.011,3.860,0.054,0.013,0.085,0,9.481,3.104,0.000,0,208,0,0
5752,16.693,12.692,7.375,4.937,0.306,0.073,1,9.717,3.213,0.000,241,24495,2245,0
5753,16.669,3.251,3.113,0.052,0.009,0.077,0,9.717,3.213,0.000,0,212,0,0
5754,16.700,11.180,6.064,4.818,0.232,0.067,1,9.534,3.470,0.000,237,23387,2195,0
5755,16.666,3.235,3.113,0.052,0.011,0.059,0,9.534,3.470,0.000,0,208,0,0
5756,16.698,11.421,6.130,4.868,0.345,0.078,1,10.191,2.873,0.000,239,23395,2202,0
5757,16.675,3.213,3.093,0.053,0.009,0.058,0,10.191,2.873,0.000,0,216,0,0
5758,16.703,11.876,6.538,4.916,0.355,0.067,1,10.462,2.945,0.000,239,23395,2201,0
5759,16.659,3.669,3.527,0.054,0.011,0.077,0,10.462,2.945,0.000,0,220,0,0
5760,16.698,11.651,6.270,4.932,0.385,0.064,1,9.585,2.946,0.000,240,23399,2204,0
5761,16.669,3.250,3.125,0.055,0.010,0.060,0,9.585,2.946,0.000,0,224,0,0
5762,16.698,11.736,6.167,5.160,0.321,0.088,1,10.045,3.332,0.000,241,23403,2208,0
5763,16.673,3.285,3.160,0.056,0.010,0.059,0,10.045,3.332,0.000,0,228,0,0
5764,16.688,11.458,6.176,4.890,0.325,0.067,1,9.415,3.385,0.000,241,23404,2206,0
5765,16.673,3.239,3.102,0.056,0.010,0.071,0,9.415,3.385,0.000,0,228,0,0
5766,16.701,11.229,6.015,4.821,0.329,0.064,1,9.820,2.858,0.000,238,23313,2196,0
5767,16.666,3.233,3.109,0.055,0.010,0.058,0,9.820,2.858,0.000,0,228,0,0
5768,16.698,11.332,6.095,4.835,0.326,0.077,1,10.143,2.859,0.000,240,23360,2217,0
5769,16.669,3.236,3.111,0.056,0.009,0.061,0,10.143,2.859,0.000,0,228,0,0
5770,16.699,11.449,6.228,4.828,0.319,0.073,1,9.874,3.469,0.000,242,23367,2225,0
5771,16.669,3.287,3.138,0.056,0.011,0.082,0,9.874,3.469,0.000,0,228,0,0
5772,16.698,11.381,6.199,4.792,0.327,0.063,1,9.977,2.795,0.000,238,22925,2196,0
5773,16.671,4.020,3.874,0.060,0.016,0.070,0,9.977,2.795,0.000,0,228,0,0
5774,16.691,12.228,6.721,5.122,0.299,0.085,1,9.202,2.764,0.000,224,22093,2071,0
5775,16.672,3.171,3.051,0.056,0.009,0.056,0,9.202,2.764,0.000,0,228,0,0
5776,16.695,11.656,6.686,4.577,0.326,0.066,1,9.048,2.799,0.000,224,22093,2071,0
5777,16.670,3.189,3.031,0.055,0.009,0.093,0,9.048,2.799,0.000,0,228,0,0
5778,16.699,10.899,6.054,4.485,0.296,0.063,1,9.224,3.096,0.000,224,22093,2072,0
5779,16.668,3.197,3.073,0.055,0.009,0.060,0,9.224,3.096,0.000,0,228,0,0
5780,16.701,10.914,6.028,4.500,0.295,0.090,1,9.511,2.678,0.000,224,22093,2071,0
5781,16.664,3.191,3.068,0.055,0.010,0.058,0,9.511,2.678,0.000,0,224,0,0
5782,16.698,11.109,6.044,4.658,0.346,0.061,1,9.757,2.853,0.000,231,23595,2107,0
5783,16.671,3.261,3.125,0.054,0.010,0.072,0,9.757,2.853,0.000,0,224,0,0
5784,16.691,11.539,6.200,4.950,0.322,0.067,1,10.032,3.937,0.000,242,26483,2187,0
5785,16.676,3.260,3.137,0.054,0.009,0.059,0,10.032,3.937,0.000,0,220,0,0
5786,16.697,11.532,6.287,4.832,0.337,0.076,1,10.203,3.262,0.000,237,26037,2145,0
5787,16.679,3.382,3.256,0.053,0.011,0.062,0,10.203,3.262,0.000,0,216,0,0
5788,16.687,13.793,8.291,5.036,0.391,0.075,1,9.753,3.539,0.000,233,25953,2112,0
5789,16.674,3.596,3.437,0.062,0.013,0.085,0,9.753,3.539,0.000,0,216,0,0
5790,16.690,12.064,6.913,4.846,0.236,0.069,1,9.401,3.259,0.000,231,25877,2103,0
5791,16.676,3.196,3.077,0.051,0.009,0.059,0,9.401,3.259,0.000,0,212,0,0
5792,16.684,14.177,8.479,5.167,0.441,0.089,1,10.217,3.517,0.000,230,25873,2100,0
5793,16.684,3.322,3.207,0.051,0.009,0.055,0,10.217,3.517,0.000,0,208,0,0
5794,16.687,13.521,7.523,5.542,0.384,0.072,1,10.009,3.519,0.000,228,25785,2095,0
5795,16.678,3.226,3.095,0.049,0.011,0.071,0,10.009,3.519,0.000,0,208,0,0
5796,16.686,11.904,6.813,4.778,0.248,0.065,1,9.199,3.289,0.000,228,25785,2094,0
5797,16.680,3.214,3.075,0.051,0.010,0.077,0,9.199,3.289,0.000,0,208,0,0
5798,16.696,11.840,6.750,4.701,0.324,0.065,1,9.397,3.216,0.000,228,25785,2095,0
5799,16.666,3.249,3.130,0.051,0.009,0.059,0,9.397,3.216,0.000,0,208,0,0
5800,16.693,11.782,6.655,4.715,0.331,0.081,1,10.166,3.178,0.000,228,25785,2094,0
5801,16.676,3.308,3.184,0.051,0.010,0.062,0,10.166,3.178,0.000,0,208,0,0
5802,16.700,11.348,6.139,4.794,0.347,0.068,1,10.281,3.224,0.000,228,25785,2095,0
5803,16.672,3.488,3.354,0.051,0.010,0.073,0,10.281,3.224,0.000,0,208,0,0
5804,16.689,13.732,8.280,4.981,0.386,0.085,1,9.772,3.588,0.000,228,25785,2094,0
5805,16.676,3.253,3.132,0.051,0.009,0.061,0,9.772,3.588,0.000,0,208,0,0
5806,16.709,11.974,6.328,4.744,0.818,0.085,1,9.729,3.210,0.000,228,25785,2094,0
5807,17.963,5.098,4.962,0.053,0.013,0.071,0,9.729,3.210,0.000,0,208,0,0
5808,15.974,14.943,8.470,6.013,0.380,0.081,1,9.657,3.625,0.000,231,25877,2105,0
5809,16.097,4.361,4.205,0.056,0.014,0.085,0,9.657,3.625,0.000,0,212,0,0
5810,16.689,12.655,7.198,5.017,0.353,0.087,1,10.597,3.544,0.000,231,25877,2103,0
5811,16.666,3.321,3.198,0.053,0.010,0.060,0,10.597,3.544,0.000,0,220,0,0
5812,16.701,11.700,6.440,4.770,0.407,0.082,1,9.396,3.794,0.000,233,25885,2110,0
5813,16.665,3.244,3.119,0.054,0.010,0.061,0,9.396,3.794,0.000,0,220,0,0
5814,16.693,11.274,6.149,4.740,0.315,0.070,1,10.035,3.237,0.000,234,25889,2112,0
5815,16.674,3.285,3.142,0.055,0.010,0.078,0,10.035,3.237,0.000,0,228,0,0
5816,16.691,11.460,6.160,4.840,0.380,0.079,1,10.148,3.262,0.000,236,25897,2119,0
5817,16.674,3.257,3.131,0.057,0.010,0.058,0,10.148,3.262,0.000,0,236,0,0
5818,16.825,11.588,6.392,4.785,0.323,0.088,1,10.214,3.231,0.000,239,25909,2127,0
5819,16.555,3.968,3.826,0.062,0.013,0.067,0,10.214,3.231,0.000,0,248,0,0
5820,16.692,12.315,6.778,5.103,0.360,0.075,1,10.695,3.683,0.000,247,27789,2210,0
5821,16.663,3.409,3.262,0.064,0.009,0.073,0,10.695,3.683,0.000,0,264,0,0
5822,16.700,12.263,6.653,5.193,0.352,0.066,1,10.750,3.670,0.000,267,28101,2276,0
5823,16.667,3.946,3.786,0.077,0.014,0.069,0,10.750,3.670,0.000,0,264,0,0
5824,16.691,14.488,8.125,5.829,0.433,0.101,1,10.750,3.670,0.000,296,29071,2598,0
5825,16.677,4.271,4.119,0.071,0.013,0.068,0,12.067,3.803,0.000,0,264,0,0
5826,28.279,28.279,18.840,8.899,0.461,0.079,1,12.067,3.803,0.000,300,29175,2627,0
5827,5.130,5.130,4.986,0.063,0.010,0.071,0,12.671,4.726,0.000,0,264,0,0
5828,17.183,17.183,10.803,6.018,0.294,0.067,1,12.671,4.726,0.000,300,29175,2625,0
5829,16.145,4.959,4.828,0.063,0.010,0.058,0,12.226,3.961,0.000,0,264,0,0
5830,17.173,17.173,10.735,5.980,0.370,0.087,1,12.226,3.961,0.000,300,29175,2626,0
5831,16.193,5.025,4.890,0.064,0.010,0.061,0,12.579,4.345,0.000,0,264,0,0
5832,20.252,20.252,12.857,6.859,0.447,0.089,1,12.579,4.345,0.000,300,29175,2625,0
5833,13.117,5.212,5.058,0.064,0.012,0.077,0,11.496,4.242,0.000,0,264,0,0
5834,19.485,19.485,12.212,6.838,0.325,0.110,1,11.496,4.242,0.000,300,29175,2626,0
5835,13.882,5.707,5.511,0.064,0.011,0.121,0,11.404,4.031,0.000,0,264,0,0
5836,19.188,19.188,12.224,6.310,0.434,0.219,1,11.404,4.031,0.000,300,29175,2625,0
5837,14.178,5.382,5.150,0.066,0.010,0.156,0,13.364,4.683,0.000,0,264,0,0
5838,17.305,17.305,10.805,6.041,0.284,0.176,1,13.364,4.683,0.000,300,29175,2626,0
5839,16.063,5.059,4.791,0.062,0.009,0.196,0,12.610,3.869,0.000,0,264,0,0
5840,17.650,17.650,11.110,6.055,0.355,0.131,1,12.610,3.869,0.000,300,29175,2625,0
5841,15.714,5.036,4.840,0.062,0.010,0.124,0,12.273,3.919,0.000,0,264,0,0
5842,17.371,17.371,10.843,6.013,0.344,0.171,1,12.273,3.919,0.000,300,29175,2627,0
5843,15.997,4.961,4.779,0.062,0.010,0.111,0,12.488,3.862,0.000,0,264,0,0
5844,17.279,17.279,10.814,5.981,0.363,0.122,1,12.488,3.862,0.000,300,29175,2625,0
5845,16.086,4.987,4.768,0.063,0.010,0.146,0,12.416,3.879,0.000,0,264,0,0
5846,17.249,17.249,10.769,5.969,0.358,0.154,1,12.416,3.879,0.000,300,29175,2626,0
5847,16.118,5.097,4.877,0.064,0.010,0.147,0,12.442,4.295,0.000,0,264,0,0
5848,17.745,17.745,11.085,5.980,0.352,0.328,1,12.442,4.295,0.000,300,29175,2625,0
5849,15.624,5.132,4.808,0.062,0.011,0.251,0,13.943,3.863,0.000,0,264,0,0
5850,21.700,21.700,13.046,7.376,0.397,0.882,1,12.372,4.946,0.000,305,34717,2702,0
5851,11.668,5.865,5.437,0.067,0.014,0.348,0,12.372,4.946,0.000,0,264,0,0
5852,18.649,18.649,11.622,6.472,0.291,0.263,1,12.372,4.946,0.000,305,34717,2701,0
5853,14.720,5.259,4.940,0.063,0.011,0.245,0,14.534,4.751,0.000,0,264,0,0
5854,19.919,19.919,12.771,6.432,0.368,0.348,1,14.534,4.751,0.000,305,34717,2702,0
5855,13.442,5.096,4.784,0.064,0.011,0.236,0,11.536,5.400,0.000,0,264,0,0
5856,19.945,19.945,12.569,6.707,0.397,0.272,1,11.536,5.400,0.000,305,34717,2701,0
5857,13.423,5.564,5.163,0.064,0.013,0.323,0,14.089,5.209,0.000,0,264,0,0
5858,18.261,18.261,11.332,6.290,0.282,0.357,1,14.089,5.209,0.000,306,34717,2704,0
5859,15.105,5.450,5.072,0.064,0.010,0.304,0,14.302,4.746,0.000,0,264,0,0
5860,19.974,19.974,12.986,6.215,0.340,0.434,1,14.302,4.746,0.000,305,34717,2702,0
5861,13.395,5.596,5.216,0.064,0.011,0.305,0,12.904,4.592,0.000,0,264,0,0
5862,18.088,18.088,11.105,6.292,0.367,0.324,1,12.904,4.592,0.000,305,34717,2703,0
5863,15.278,5.715,5.159,0.063,0.010,0.482,0,14.311,4.806,0.000,0,264,0,0
5864,18.121,18.121,11.152,6.314,0.326,0.330,1,14.311,4.806,0.000,306,35317,2717,0
5865,15.245,5.489,5.070,0.066,0.012,0.341,0,14.109,5.344,0.000,0,264,0,0
5866,18.035,18.035,11.057,6.251,0.337,0.390,1,14.109,5.344,0.000,306,35317,2716,0
5867,15.338,5.255,4.891,0.065,0.012,0.287,0,15.576,4.735,0.000,0,264,0,0
5868,18.330,18.330,11.382,6.319,0.338,0.291,1,15.576,4.735,0.000,306,35317,2717,0
5869,15.035,5.490,5.033,0.063,0.011,0.383,0,14.666,4.725,0.000,0,264,0,0
5870,18.438,18.438,11.444,6.394,0.323,0.278,1,14.666,4.725,0.000,306,35317,2716,0
5871,14.923,5.569,5.210,0.064,0.009,0.286,0,13.785,4.701,0.000,0,264,0,0
5872,18.230,18.230,11.284,6.275,0.325,0.347,1,13.785,4.701,0.000,307,35317,2719,0
5873,15.138,5.794,5.452,0.064,0.009,0.269,0,14.242,4.676,0.000,0,264,0,0
5874,19.638,19.638,12.600,6.410,0.344,0.285,1,14.242,4.676,0.000,306,35317,2717,0
5875,13.728,5.552,5.097,0.063,0.009,0.383,0,13.383,4.743,0.000,0,264,0,0
5876,18.266,18.266,11.268,6.386,0.304,0.307,1,13.383,4.743,0.000,306,35317,2716,0
5877,15.097,5.376,5.016,0.064,0.009,0.288,0,14.072,4.763,0.000,0,264,0,0
5878,18.425,18.425,11.289,6.247,0.371,0.518,1,14.072,4.763,0.000,306,35317,2717,0
5879,14.952,5.489,5.102,0.063,0.010,0.314,0,15.210,4.716,0.000,0,264,0,0
5880,20.829,20.829,12.543,7.572,0.383,0.331,1,15.210,4.716,0.000,322,40269,2877,0
5881,12.532,5.307,4.868,0.063,0.010,0.366,0,14.796,5.678,0.000,0,264,0,0
5882,19.683,19.683,11.556,7.408,0.411,0.308,1,14.796,5.678,0.000,324,40413,2900,0
5883,13.682,5.865,5.492,0.063,0.010,0.299,0,13.847,5.573,0.000,0,264,0,0
5884,19.656,19.656,11.548,7.426,0.295,0.387,1,13.847,5.573,0.000,324,40413,2901,0
5885,13.720,6.041,5.700,0.063,0.010,0.268,0,14.669,5.715,0.000,0,264,0,0
5886,21.928,21.928,14.136,7.112,0.400,0.279,1,14.669,5.715,0.000,324,40413,2899,0
5887,11.428,5.803,5.446,0.064,0.011,0.282,0,14.114,5.925,0.000,0,264,0,0
5888,21.061,21.061,12.996,7.293,0.432,0.341,1,14.114,5.925,0.000,324,40413,2900,0
5889,12.307,5.648,5.291,0.065,0.010,0.282,0,15.044,6.543,0.000,0,264,0,0
5890,19.759,19.759,11.812,7.345,0.241,0.361,1,15.044,6.543,0.000,324,40413,2900,0
5891,13.611,5.332,5.003,0.063,0.012,0.255,0,15.946,5.617,0.000,0,264,0,0
5892,20.077,20.077,12.052,7.418,0.351,0.257,1,15.946,5.617,0.000,324,40413,2899,0
5893,13.290,5.741,5.221,0.062,0.010,0.448,0,13.942,5.543,0.000,0,264,0,0
5894,22.435,22.435,14.139,7.503,0.394,0.399,1,13.942,5.543,0.000,324,40413,2900,0
5895,10.934,5.877,5.458,0.064,0.011,0.344,0,13.457,5.864,0.000,0,264,0,0
5896,23.040,23.040,14.937,7.225,0.377,0.501,1,13.457,5.864,0.000,324,40413,2901,0
5897,10.324,5.583,5.167,0.063,0.010,0.342,0,14.185,5.678,0.000,0,264,0,0
5898,21.980,21.980,12.838,7.664,1.030,0.449,1,14.185,5.678,0.000,324,40413,2899,0
5899,11.386,5.465,5.067,0.062,0.010,0.326,0,15.209,5.778,0.000,0,264,0,0
5900,21.576,21.576,13.296,7.667,0.262,0.351,1,15.209,5.778,0.000,324,40413,2895,0
5901,11.790,6.757,6.270,0.068,0.015,0.404,0,12.668,5.560,0.000,0,264,0,0
5902,19.855,19.855,12.102,7.028,0.404,0.320,1,12.668,5.560,0.000,324,40413,2897,0
5903,13.512,5.788,5.414,0.063,0.011,0.300,0,15.182,6.322,0.000,0,264,0,0
5904,22.952,22.952,14.978,7.123,0.458,0.392,1,15.182,6.322,0.000,324,40413,2896,0
5905,10.412,5.603,5.291,0.063,0.010,0.238,0,13.001,6.515,0.000,0,264,0,0
5906,22.455,22.455,14.403,7.271,0.496,0.286,1,13.001,6.515,0.000,324,40413,2897,0
5907,10.912,6.085,5.518,0.063,0.011,0.493,0,14.277,5.877,0.000,0,264,0,0
5908,18.912,18.912,11.318,6.955,0.269,0.370,1,14.277,5.877,0.000,324,40413,2888,0
5909,14.457,5.524,5.145,0.066,0.017,0.296,0,15.326,5.542,0.000,0,264,0,0
5910,20.267,20.267,11.392,8.080,0.376,0.418,1,15.326,5.542,0.000,337,47054,3013,0
5911,13.101,5.411,5.022,0.064,0.017,0.309,0,17.434,6.613,0.000,0,264,0,0
5912,22.881,22.881,14.530,7.603,0.419,0.329,1,17.434,6.613,0.000,337,47054,3012,0
5913,10.485,6.036,5.483,0.064,0.012,0.477,0,15.019,6.994,0.000,0,264,0,0
5914,22.709,22.709,13.106,8.814,0.489,0.300,1,15.019,6.994,0.000,337,47054,3013,0
5915,10.658,5.623,5.263,0.066,0.010,0.283,0,15.559,6.968,0.000,0,264,0,0
5916,20.140,20.140,11.593,7.837,0.314,0.397,1,15.559,6.968,0.000,337,47054,3013,0
5917,13.224,6.459,6.042,0.063,0.011,0.343,0,15.452,6.490,0.000,0,264,0,0
5918,23.451,23.451,15.069,7.618,0.402,0.362,1,15.452,6.490,0.000,337,47054,3013,0
5919,9.912,6.097,5.586,0.064,0.013,0.434,0,15.212,6.832,0.000,0,264,0,0
5920,23.236,23.236,14.660,7.665,0.550,0.361,1,15.212,6.832,0.000,337,47054,3012,0
5921,10.136,5.665,5.263,0.066,0.010,0.327,0,15.251,7.543,0.000,0,264,0,0
5922,20.129,20.129,12.006,7.244,0.294,0.586,1,15.251,7.543,0.000,337,47054,3013,0
5923,13.241,5.645,5.255,0.063,0.013,0.314,0,17.105,7.181,0.000,0,264,0,0
5924,19.691,19.691,11.800,7.214,0.381,0.297,1,17.105,7.181,0.000,337,47054,3013,0
5925,13.675,5.621,5.184,0.063,0.010,0.364,0,15.261,7.265,0.000,0,264,0,0
5926,19.617,19.617,11.745,7.218,0.354,0.299,1,15.261,7.265,0.000,337,47054,3013,0
5927,13.757,5.457,5.082,0.065,0.016,0.294,0,16.091,6.476,0.000,0,264,0,0
5928,22.954,22.954,14.587,7.521,0.428,0.418,1,16.091,6.476,0.000,337,47054,3014,0
5929,10.403,6.621,6.263,0.068,0.012,0.277,0,15.166,6.577,0.000,0,264,0,0
5930,22.357,22.357,12.871,8.658,0.509,0.318,1,15.166,6.577,0.000,337,47054,3009,0
5931,11.011,5.586,5.226,0.064,0.011,0.285,0,15.221,6.800,0.000,0,264,0,0
5932,20.507,20.507,12.506,7.371,0.304,0.325,1,15.221,6.800,0.000,337,47054,3010,0
5933,12.856,7.198,6.825,0.065,0.011,0.296,0,13.799,6.692,0.000,0,264,0,0
5934,21.552,21.552,13.240,7.555,0.403,0.354,1,13.799,6.692,0.000,337,47054,3009,0
5935,11.823,5.637,5.316,0.063,0.014,0.244,0,17.989,7.095,0.000,0,264,0,0
5936,20.872,20.872,13.109,7.244,0.273,0.245,1,17.989,7.095,0.000,337,47054,3010,0
5937,12.486,5.827,5.451,0.065,0.009,0.302,0,14.161,7.006,0.000,0,264,0,0
5938,22.597,22.597,14.174,7.689,0.392,0.343,1,14.161,7.006,0.000,337,47054,3009,0
5939,10.797,6.277,5.939,0.065,0.012,0.261,0,15.335,6.839,0.000,0,264,0,0
5940,24.124,24.124,15.339,8.036,0.408,0.342,1,15.335,6.839,0.000,340,51516,3076,0
5941,9.216,5.543,5.243,0.066,0.011,0.224,0,14.241,7.446,0.000,0,264,0,0
5942,23.053,23.053,14.514,7.879,0.391,0.270,1,14.241,7.446,0.000,342,51804,3084,0
5943,10.313,6.885,6.383,0.145,0.014,0.342,0,14.267,8.249,0.000,0,264,0,0
5944,21.869,21.869,12.411,8.745,0.452,0.261,1,14.267,8.249,0.000,342,51804,3088,0
5945,11.499,5.776,5.271,0.064,0.011,0.429,0,15.631,7.352,0.000,0,264,0,0
5946,21.331,21.331,12.930,7.661,0.385,0.356,1,15.631,7.352,0.000,342,51804,3088,0
5947,12.038,5.778,5.418,0.063,0.011,0.285,0,15.589,7.250,0.000,0,264,0,0
5948,21.034,21.034,12.075,8.316,0.332,0.310,1,15.589,7.250,0.000,342,51804,3089,0
5949,12.327,6.355,5.905,0.063,0.010,0.377,0,15.495,7.156,0.000,0,264,0,0
5950,23.728,23.728,15.145,7.844,0.445,0.293,1,15.495,7.156,0.000,342,51804,3088,0
5951,9.637,5.890,5.563,0.065,0.011,0.252,0,15.364,8.491,0.000,0,264,0,0
5952,23.423,23.423,14.069,8.462,0.413,0.479,1,15.364,8.491,0.000,342,51804,3088,0
5953,9.947,6.280,5.847,0.063,0.010,0.359,0,16.619,7.652,0.000,0,264,0,0
5954,23.290,23.290,14.844,7.738,0.329,0.380,1,16.619,7.652,0.000,342,51804,3087,0
5955,10.077,5.806,5.289,0.064,0.011,0.442,0,15.292,7.688,0.000,0,264,0,0
5956,25.223,25.223,15.683,8.726,0.430,0.384,1,15.292,7.688,0.000,342,51804,3088,0
5957,8.144,5.695,5.248,0.064,0.010,0.373,0,14.396,7.655,0.000,0,264,0,0
5958,22.334,22.334,13.336,7.887,0.425,0.687,1,14.396,7.655,0.000,342,51804,3089,0
5959,11.036,5.591,5.162,0.065,0.012,0.352,0,17.895,8.628,0.000,0,264,0,0
5960,21.336,21.336,12.919,7.550,0.509,0.359,1,17.895,8.628,0.000,342,51804,3088,0
5961,20.311,20.311,19.882,0.067,0.012,0.349,0,16.956,7.423,0.000,0,264,0,0
5962,21.557,21.557,12.843,7.877,0.516,0.321,1,16.956,7.423,0.000,342,51804,3088,0
5963,6.184,6.184,5.826,0.063,0.016,0.279,0,16.956,7.423,0.000,0,264,0,0
5964,22.415,22.415,13.990,7.688,0.339,0.398,1,18.340,7.673,0.000,342,51804,3091,0
5965,8.301,5.338,4.983,0.063,0.012,0.281,0,17.153,7.297,0.000,0,264,0,0
5966,21.539,21.539,13.263,7.477,0.496,0.304,1,17.153,7.297,0.000,342,51804,3091,0
5967,11.823,6.069,5.505,0.064,0.011,0.489,0,14.420,7.942,0.000,0,264,0,0
5968,23.187,23.187,13.115,9.326,0.407,0.339,1,14.420,7.942,0.000,342,51804,3090,0
5969,10.179,6.460,6.065,0.070,0.011,0.314,0,16.278,7.598,0.000,0,264,0,0
5970,21.421,21.421,11.865,8.778,0.262,0.516,1,16.278,7.598,0.000,342,51804,3091,0
5971,11.941,6.211,5.752,0.064,0.011,0.384,0,15.704,7.339,0.000,0,264,0,0
5972,21.185,21.185,12.070,8.301,0.427,0.387,1,15.704,7.339,0.000,342,51804,3091,0
5973,12.189,6.034,5.556,0.065,0.011,0.402,0,15.566,7.403,0.000,0,264,0,0
5974,21.628,21.628,13.218,7.651,0.382,0.378,1,15.566,7.403,0.000,342,51804,3091,0
5975,11.733,5.454,5.122,0.063,0.010,0.259,0,15.482,7.229,0.000,0,264,0,0
5976,21.444,21.444,12.585,8.154,0.357,0.348,1,15.482,7.229,0.000,342,51804,3089,0
5977,11.925,5.587,5.233,0.063,0.011,0.280,0,15.637,7.181,0.000,0,264,0,0
5978,21.552,21.552,12.104,8.253,0.350,0.846,1,15.637,7.181,0.000,342,51804,3088,0
5979,11.814,5.920,5.426,0.068,0.011,0.415,0,15.269,7.263,0.000,0,264,0,0
5980,29.182,29.182,14.113,14.376,0.383,0.310,1,15.269,7.263,0.000,344,51812,3120,0
5981,6.785,6.785,6.416,0.081,0.016,0.274,0,22.180,7.263,0.000,0,272,0,0
5982,29.265,29.265,13.531,14.894,0.478,0.361,1,14.408,4.097,0.000,344,51812,2559,24485
5983,6.375,6.375,6.105,0.073,0.010,0.186,0,14.408,4.097,0.000,0,272,0,0
5984,26.150,26.150,17.367,8.141,0.425,0.218,1,14.408,4.097,0.000,344,51812,3109,0
5985,5.687,5.687,5.343,0.066,0.012,0.265,0,14.408,4.097,0.000,0,272,0,0
5986,24.114,24.114,14.426,8.527,0.326,0.836,1,17.231,7.533,0.000,344,51812,3110,0
5987,5.911,5.402,5.126,0.065,0.011,0.201,0,15.332,7.707,0.000,0,272,0,0
5988,20.448,20.448,11.958,7.679,0.542,0.269,1,15.332,7.707,0.000,344,51812,3111,0
5989,12.926,5.482,5.237,0.066,0.011,0.168,0,15.976,8.249,0.000,0,272,0,0
5990,20.350,20.350,12.066,7.613,0.470,0.200,1,15.976,8.249,0.000,344,51812,3110,0
5991,13.017,5.465,5.203,0.066,0.011,0.186,0,16.191,7.997,0.000,0,272,0,0
5992,20.215,20.215,11.943,7.618,0.429,0.225,1,16.191,7.997,0.000,344,51812,3110,0
5993,13.146,6.798,6.533,0.065,0.011,0.189,0,15.572,7.938,0.000,0,272,0,0
5994,23.366,23.366,13.381,9.162,0.521,0.303,1,15.572,7.938,0.000,344,51812,3110,0
5995,9.998,5.395,5.104,0.068,0.011,0.212,0,16.127,7.636,0.000,0,272,0,0
5996,23.320,23.320,14.754,7.931,0.333,0.302,1,16.127,7.636,0.000,344,51812,3110,0
5997,10.041,5.682,5.373,0.066,0.013,0.230,0,15.070,8.495,0.000,0,272,0,0
5998,21.970,21.970,13.199,7.942,0.573,0.257,1,15.070,8.495,0.000,344,51812,3109,0
5999,11.407,5.902,5.535,0.066,0.011,0.290,0,17.392,7.713,0.000,0,272,0,0
6000,20.284,20.284,11.969,7.762,0.313,0.240,1,17.392,7.713,0.000,344,51812,3110,0
6001,13.095,5.928,5.600,0.067,0.012,0.249,0,17.981,7.924,0.000,0,296,0,0
6002,21.585,21.585,12.582,8.184,0.427,0.392,1,17.981,7.924,0.000,345,51860,3126,0
6003,11.759,7.000,6.683,0.067,0.012,0.239,0,17.336,8.121,0.000,0,344,0,0
6004,23.330,23.330,14.486,8.102,0.481,0.261,1,17.336,8.121,0.000,344,51308,3113,0
6005,10.035,7.740,7.352,0.069,0.012,0.307,0,15.156,7.450,0.000,0,392,0,0
6006,22.148,22.148,13.537,7.997,0.346,0.268,1,15.156,7.450,0.000,344,51356,3114,0
6007,11.264,6.732,6.119,0.068,0.013,0.533,0,14.692,7.986,0.000,0,440,0,0
6008,23.716,23.716,14.225,8.569,0.536,0.387,1,14.692,7.986,0.000,344,51404,3113,0
6009,9.612,5.514,5.188,0.067,0.011,0.248,0,16.354,7.525,0.000,0,488,0,0
6010,23.168,23.168,13.882,8.105,0.287,0.894,1,16.354,7.525,0.000,344,51452,3113,0
6011,10.194,5.829,5.418,0.066,0.011,0.335,0,13.929,7.188,0.000,0,536,0,0
6012,23.061,23.061,14.099,8.244,0.339,0.379,1,13.929,7.188,0.000,344,51500,3113,0
6013,10.309,5.568,5.200,0.067,0.012,0.289,0,14.798,7.324,0.000,0,584,0,0
6014,20.070,20.070,11.790,7.581,0.295,0.405,1,14.798,7.324,0.000,344,51548,3112,0
6015,13.306,5.579,5.203,0.065,0.015,0.295,0,17.090,7.796,0.000,0,632,0,0
6016,20.387,20.387,12.072,7.578,0.423,0.314,1,17.090,7.796,0.000,344,51596,3113,0
6017,12.983,5.773,5.276,0.066,0.011,0.419,0,16.914,7.872,0.000,0,680,0,0
6018,20.624,20.624,12.202,7.656,0.423,0.343,1,16.914,7.872,0.000,344,51644,3113,0
6019,12.732,5.533,5.123,0.068,0.015,0.327,0,16.735,7.950,0.000,0,724,0,0
6020,20.648,20.648,12.253,7.638,0.377,0.381,1,16.735,7.950,0.000,345,51664,3121,0
6021,12.726,5.660,5.265,0.069,0.011,0.315,0,16.455,7.967,0.000,0,724,0,0
6022,20.461,20.461,12.071,7.573,0.474,0.343,1,16.455,7.967,0.000,345,51664,3121,0
6023,12.898,5.709,5.293,0.067,0.011,0.339,0,16.415,7.789,0.000,0,724,0,0
6024,21.397,21.397,13.167,7.558,0.406,0.267,1,16.415,7.789,0.000,345,51664,3122,0
6025,11.971,5.635,5.318,0.070,0.011,0.236,0,14.465,7.827,0.000,0,724,0,0
6026,24.094,24.094,13.996,9.270,0.410,0.417,1,14.465,7.827,0.000,345,51664,3121,0
6027,9.271,5.689,5.310,0.067,0.010,0.302,0,16.456,7.475,0.000,0,724,0,0
6028,21.398,21.398,12.784,8.056,0.290,0.269,1,16.456,7.475,0.000,345,51664,3120,0
6029,11.965,6.331,5.923,0.066,0.011,0.331,0,15.621,7.135,0.000,0,724,0,0
6030,20.160,20.160,11.806,7.724,0.367,0.263,1,15.621,7.135,0.000,345,51664,3121,0
6031,13.219,5.609,5.275,0.067,0.012,0.255,0,17.088,7.210,0.000,0,724,0,0
6032,20.721,20.721,12.162,7.846,0.380,0.334,1,17.088,7.210,0.000,345,51664,3121,0
6033,12.644,5.727,5.398,0.067,0.011,0.251,0,17.596,7.355,0.000,0,724,0,0
6034,21.043,21.043,12.354,8.029,0.387,0.274,1,17.596,7.355,0.000,346,51664,3123,0
6035,12.319,5.704,5.292,0.067,0.012,0.334,0,16.744,7.277,0.000,0,724,0,0
6036,21.912,21.912,13.633,7.593,0.388,0.298,1,16.744,7.277,0.000,345,51664,3121,0
6037,11.454,5.692,5.357,0.067,0.009,0.258,0,13.890,7.796,0.000,0,724,0,0
6038,23.439,23.439,13.318,9.335,0.386,0.400,1,13.890,7.796,0.000,350,52124,3160,0
6039,9.928,5.725,5.380,0.067,0.011,0.268,0,16.541,7.723,0.000,0,724,0,0
6040,21.740,21.740,12.843,8.352,0.282,0.263,1,16.541,7.723,0.000,351,52144,3166,0
6041,11.626,5.949,5.518,0.067,0.011,0.353,0,15.828,7.300,0.000,0,724,0,0
6042,20.901,20.901,12.030,8.270,0.364,0.236,1,15.828,7.300,0.000,351,52144,3166,0
6043,12.464,6.129,5.877,0.070,0.011,0.170,0,15.221,7.220,0.000,0,724,0,0
6044,23.372,23.372,13.836,8.898,0.395,0.244,1,15.221,7.220,0.000,355,52304,3177,0
6045,9.992,5.664,5.411,0.068,0.010,0.175,0,15.921,7.593,0.000,0,724,0,0
6046,20.477,20.477,12.073,7.936,0.285,0.183,1,15.921,7.593,0.000,355,52304,3178,0
6047,12.889,6.510,6.218,0.069,0.013,0.211,0,15.059,8.072,0.000,0,724,0,0
6048,23.023,23.023,14.360,8.041,0.468,0.154,1,15.059,8.072,0.000,355,52304,3178,0
6049,10.345,5.946,5.635,0.068,0.010,0.233,0,15.334,8.311,0.000,0,724,0,0
6050,23.780,23.780,14.767,8.053,0.450,0.509,1,15.334,8.311,0.000,355,52304,3178,0
6051,9.588,6.586,6.255,0.069,0.011,0.252,0,16.460,7.797,0.000,0,724,0,0
6052,25.102,25.102,15.378,9.027,0.394,0.302,1,16.460,7.797,0.000,355,52300,3171,0
6053,8.265,6.060,5.606,0.068,0.011,0.374,0,14.833,7.478,0.000,0,720,0,0
6054,21.816,21.816,13.312,7.831,0.355,0.317,1,14.833,7.478,0.000,356,51952,3164,0
6055,11.551,5.484,5.144,0.066,0.011,0.263,0,14.608,7.889,0.000,0,272,0,0
6056,21.389,21.389,12.658,7.843,0.413,0.475,1,14.608,7.889,0.000,358,52032,3170,0
6057,11.980,6.763,6.356,0.073,0.015,0.320,0,17.442,8.154,0.000,0,272,0,0
6058,22.385,22.385,12.953,8.595,0.480,0.356,1,17.442,8.154,0.000,358,52032,3169,0
6059,10.989,5.832,5.372,0.065,0.012,0.382,0,15.867,7.458,0.000,0,272,0,0
6060,23.807,23.807,14.914,8.166,0.412,0.314,1,15.867,7.458,0.000,360,52112,3176,0
6061,9.567,5.788,5.420,0.065,0.010,0.292,0,15.268,8.315,0.000,0,272,0,0
6062,24.895,24.895,14.810,8.623,0.435,1.027,1,15.268,8.315,0.000,362,52192,3183,0
6063,8.472,5.778,5.379,0.067,0.014,0.317,0,16.955,7.978,0.000,0,272,0,0
6064,22.314,22.314,13.489,8.144,0.265,0.417,1,16.955,7.978,0.000,362,52192,3182,0
6065,11.037,6.201,5.745,0.066,0.011,0.380,0,16.176,7.625,0.000,0,272,0,0
6066,21.610,21.610,12.509,8.407,0.355,0.339,1,16.176,7.625,0.000,362,52192,3182,0
6067,11.754,6.304,5.891,0.065,0.020,0.328,0,15.913,7.238,0.000,0,272,0,0
6068,22.917,22.917,13.472,8.656,0.401,0.388,1,15.913,7.238,0.000,362,52192,3182,0
6069,10.461,5.617,5.278,0.066,0.011,0.262,0,18.157,7.535,0.000,0,272,0,0
6070,21.079,21.079,12.478,7.880,0.352,0.368,1,18.157,7.535,0.000,363,52284,3171,0
6071,12.284,6.543,6.030,0.066,0.012,0.435,0,16.480,8.178,0.000,0,272,0,0
6072,22.504,22.504,13.157,7.879,0.409,1.059,1,16.480,8.178,0.000,367,52372,3198,0
6073,10.856,6.857,6.567,0.069,0.014,0.207,0,15.800,7.344,0.000,0,272,0,0
6074,23.775,23.775,14.299,8.221,0.379,0.877,1,15.800,7.344,0.000,367,52372,3197,0
6075,9.594,5.339,5.069,0.065,0.011,0.195,0,14.001,7.571,0.000,0,272,0,0
6076,22.662,22.662,13.998,8.046,0.366,0.251,1,14.001,7.571,0.000,367,52372,3198,0
6077,10.705,6.084,5.690,0.064,0.010,0.319,0,14.184,7.399,0.000,0,272,0,0
6078,23.663,23.663,14.096,8.843,0.436,0.288,1,14.184,7.399,0.000,367,52372,3198,0
6079,9.706,6.379,6.086,0.066,0.014,0.213,0,16.041,7.787,0.000,0,272,0,0
6080,22.005,22.005,13.282,8.094,0.280,0.349,1,16.041,7.787,0.000,367,52372,3199,0
6081,11.361,6.078,5.723,0.068,0.011,0.276,0,15.890,7.559,0.000,0,272,0,0
6082,21.797,21.797,13.094,8.023,0.405,0.275,1,15.890,7.559,0.000,367,52372,3198,0
6083,11.570,5.451,5.058,0.065,0.012,0.316,0,15.815,7.144,0.000,0,272,0,0
6084,24.401,24.401,14.840,8.882,0.422,0.257,1,15.815,7.144,0.000,368,52392,3202,0
6085,8.964,5.884,5.577,0.067,0.009,0.230,0,15.010,7.669,0.000,0,272,0,0
6086,23.494,23.494,14.748,7.885,0.352,0.509,1,15.010,7.669,0.000,368,52392,3202,0
6087,9.874,5.709,5.360,0.065,0.011,0.273,0,15.601,7.484,0.000,0,272,0,0
6088,23.688,23.688,14.128,8.809,0.399,0.353,1,15.601,7.484,0.000,368,52392,3202,0
6089,9.679,5.550,5.114,0.067,0.011,0.359,0,16.348,7.813,0.000,0,272,0,0
6090,21.227,21.227,12.210,8.467,0.258,0.292,1,16.348,7.813,0.000,368,52392,3202,0
6091,12.148,5.995,5.667,0.066,0.011,0.251,0,15.834,7.292,0.000,0,272,0,0
6092,24.193,24.193,15.109,8.270,0.440,0.374,1,15.834,7.292,0.000,369,52416,3217,0
6093,9.162,5.654,5.360,0.067,0.011,0.216,0,15.414,8.411,0.000,0,320,0,0
6094,22.365,22.365,13.197,8.493,0.441,0.235,1,15.414,8.411,0.000,369,52464,3218,0
6095,11.010,5.624,5.277,0.066,0.014,0.267,0,16.821,8.398,0.000,0,368,0,0
6096,20.881,20.881,12.211,8.027,0.314,0.329,1,16.821,8.398,0.000,369,52512,3218,0
6097,12.480,5.452,5.100,0.066,0.016,0.270,0,17.308,7.617,0.000,0,416,0,0
6098,21.576,21.576,13.045,7.904,0.393,0.234,1,17.308,7.617,0.000,369,52560,3217,0
6099,11.793,5.508,5.231,0.068,0.011,0.197,0,15.498,7.302,0.000,0,464,0,0
6100,24.179,24.179,14.966,8.519,0.391,0.303,1,15.498,7.302,0.000,372,52708,3228,0
6101,9.184,6.147,5.753,0.068,0.011,0.314,0,15.842,7.594,0.000,0,512,0,0
6102,23.730,23.730,14.744,8.292,0.398,0.296,1,15.842,7.594,0.000,374,52836,3234,0
6103,9.637,5.706,5.284,0.066,0.011,0.345,0,16.394,7.738,0.000,0,560,0,0
6104,22.007,22.007,13.320,8.106,0.296,0.286,1,16.394,7.738,0.000,374,52884,3234,0
6105,11.359,5.721,5.391,0.066,0.011,0.254,0,16.008,7.409,0.000,0,608,0,0
6106,22.177,22.177,12.860,8.557,0.421,0.339,1,16.008,7.409,0.000,375,52932,3236,0
6107,11.200,5.805,5.478,0.068,0.012,0.247,0,16.415,7.342,0.000,0,656,0,0
6108,23.961,23.961,14.820,8.419,0.449,0.272,1,16.415,7.342,0.000,376,53060,3238,0
6109,9.397,6.365,5.868,0.160,0.015,0.322,0,15.650,8.403,0.000,0,704,0,0
6110,22.594,22.594,13.505,8.471,0.393,0.225,1,15.650,8.403,0.000,379,53184,3254,0
6111,10.779,5.778,5.386,0.066,0.011,0.315,0,17.450,8.205,0.000,0,724,0,0
6112,21.623,21.623,12.600,8.137,0.450,0.436,1,17.450,8.205,0.000,379,53184,3254,0
6113,11.747,5.723,5.320,0.070,0.016,0.318,0,19.265,7.470,0.000,0,724,0,0
6114,20.967,20.967,12.261,8.039,0.330,0.337,1,19.265,7.470,0.000,379,53184,3254,0
6115,12.391,5.741,5.239,0.068,0.011,0.424,0,17.898,7.576,0.000,0,724,0,0
6116,23.172,23.172,13.873,8.576,0.387,0.336,1,17.898,7.576,0.000,379,53184,3255,0
6117,10.191,6.313,5.950,0.068,0.010,0.285,0,14.820,8.227,0.000,0,724,0,0
6118,24.367,24.367,15.054,8.507,0.396,0.411,1,14.820,8.227,0.000,379,53184,3254,0
6119,9.005,5.958,5.604,0.067,0.011,0.276,0,17.266,7.894,0.000,0,724,0,0
6120,22.234,22.234,13.009,8.651,0.271,0.303,1,17.266,7.894,0.000,379,53184,3254,0
6121,11.130,5.821,5.357,0.068,0.011,0.385,0,16.131,7.332,0.000,0,724,0,0
6122,21.710,21.710,12.292,8.756,0.368,0.295,1,16.131,7.332,0.000,379,53184,3254,0
6123,11.705,6.380,6.034,0.067,0.010,0.268,0,16.285,7.272,0.000,0,724,0,0
6124,21.879,21.879,12.643,8.531,0.408,0.297,1,16.285,7.272,0.000,379,53184,3255,0
6125,11.453,7.497,7.209,0.067,0.012,0.209,0,17.395,7.510,0.000,0,724,0,0
6126,22.868,22.868,13.955,8.220,0.428,0.265,1,17.395,7.510,0.000,379,53184,3253,0
6127,10.484,5.923,5.572,0.069,0.012,0.270,0,15.103,8.158,0.000,0,724,0,0
6128,21.858,21.858,13.333,7.974,0.357,0.194,1,15.103,8.158,0.000,379,53184,3254,0
6129,11.507,5.942,5.665,0.068,0.011,0.198,0,15.759,7.471,0.000,0,724,0,0
6130,22.933,22.933,14.048,8.163,0.384,0.339,1,15.759,7.471,0.000,379,53184,3254,0
6131,10.433,5.692,5.311,0.067,0.014,0.300,0,15.527,7.627,0.000,0,724,0,0
6132,22.476,22.476,13.764,8.039,0.391,0.282,1,15.527,7.627,0.000,379,53184,3254,0
6133,10.895,5.754,5.327,0.068,0.010,0.349,0,14.356,8.659,0.000,0,724,0,0
6134,21.860,21.860,12.344,8.765,0.446,0.305,1,14.356,8.659,0.000,379,53184,3255,0
6135,11.506,6.581,6.220,0.069,0.013,0.279,0,17.896,8.078,0.000,0,724,0,0
6136,23.039,23.039,13.880,8.343,0.433,0.384,1,17.896,8.078,0.000,379,53184,3254,0
6137,10.329,6.553,6.177,0.069,0.012,0.295,0,18.496,8.212,0.000,0,724,0,0
6138,23.333,23.333,14.387,8.137,0.543,0.266,1,18.496,8.212,0.000,379,53184,3254,0
6139,10.030,6.750,6.324,0.073,0.016,0.338,0,16.003,7.652,0.000,0,724,0,0
6140,24.161,24.161,14.426,8.385,0.391,0.960,1,16.003,7.652,0.000,379,53184,3254,0
6141,9.205,6.958,6.606,0.068,0.010,0.274,0,15.839,7.718,0.000,0,724,0,0
6142,24.350,24.350,14.259,9.356,0.363,0.371,1,15.839,7.718,0.000,379,53184,3254,0
6143,9.012,6.238,5.886,0.067,0.010,0.275,0,14.519,7.408,0.000,0,720,0,0
6144,23.393,23.393,14.068,8.702,0.322,0.301,1,14.519,7.408,0.000,378,52756,3246,0
6145,9.974,6.355,5.812,0.068,0.011,0.465,0,14.138,7.230,0.000,0,320,0,0
6146,24.030,24.030,15.027,8.308,0.328,0.367,1,14.138,7.230,0.000,378,52804,3245,0
6147,9.341,5.581,5.209,0.068,0.011,0.294,0,14.436,7.286,0.000,0,368,0,0
6148,23.261,23.261,13.140,9.356,0.336,0.428,1,14.436,7.286,0.000,378,52852,3246,0
6149,10.104,7.395,6.995,0.070,0.016,0.314,0,17.283,7.849,0.000,0,416,0,0
6150,23.091,23.091,14.115,8.222,0.419,0.334,1,17.283,7.849,0.000,378,52900,3246,0
6151,10.280,5.884,5.439,0.066,0.011,0.368,0,15.489,7.802,0.000,0,464,0,0
6152,22.292,22.292,13.554,8.068,0.402,0.267,1,15.489,7.802,0.000,378,52948,3247,0
6153,11.073,5.696,5.350,0.065,0.010,0.271,0,15.734,7.421,0.000,0,512,0,0
6154,22.635,22.635,13.828,8.023,0.405,0.379,1,15.734,7.421,0.000,378,52996,3246,0
6155,10.731,5.780,5.410,0.069,0.012,0.289,0,15.025,8.061,0.000,0,560,0,0
6156,22.483,22.483,13.756,8.068,0.380,0.279,1,15.025,8.061,0.000,378,53044,3246,0
6157,10.886,5.812,5.383,0.067,0.011,0.351,0,15.157,8.094,0.000,0,608,0,0
6158,20.554,20.554,11.862,8.019,0.404,0.268,1,15.157,8.094,0.000,378,53092,3246,0
6159,12.821,5.779,5.435,0.067,0.014,0.263,0,17.666,7.840,0.000,0,656,0,0
6160,23.925,23.925,14.262,8.785,0.418,0.460,1,17.666,7.840,0.000,379,53128,3254,0
6161,9.437,6.054,5.710,0.069,0.013,0.261,0,18.883,8.341,0.000,0,668,0,0
6162,21.143,21.143,12.411,8.185,0.294,0.253,1,18.883,8.341,0.000,379,53128,3254,0
6163,12.222,5.759,5.367,0.068,0.012,0.311,0,17.089,7.779,0.000,0,668,0,0
6164,20.913,20.913,12.134,8.079,0.442,0.257,1,17.089,7.779,0.000,379,53128,3253,0
6165,12.461,5.638,5.308,0.069,0.019,0.243,0,16.265,7.948,0.000,0,668,0,0
6166,21.038,21.038,12.356,8.010,0.359,0.313,1,16.265,7.948,0.000,379,53128,3254,0
6167,12.329,5.614,5.337,0.067,0.011,0.198,0,17.332,7.790,0.000,0,668,0,0
6168,20.985,20.985,12.176,8.157,0.391,0.261,1,17.332,7.790,0.000,379,53128,3254,0
6169,12.379,5.553,5.249,0.068,0.012,0.223,0,17.726,7.470,0.000,0,668,0,0
6170,21.091,21.091,12.393,8.055,0.380,0.263,1,17.726,7.470,0.000,379,53128,3253,0
6171,12.268,6.881,6.566,0.067,0.011,0.236,0,16.416,7.966,0.000,0,668,0,0
6172,23.026,23.026,14.280,7.973,0.416,0.357,1,16.416,7.966,0.000,379,53128,3254,0
6173,10.337,5.659,5.348,0.068,0.010,0.233,0,15.219,8.011,0.000,0,668,0,0
6174,23.901,23.901,13.626,9.564,0.436,0.276,1,15.219,8.011,0.000,379,53128,3254,0
6175,9.465,7.045,6.625,0.079,0.015,0.326,0,16.428,7.774,0.000,0,668,0,0
6176,22.107,22.107,12.787,8.761,0.253,0.306,1,16.428,7.774,0.000,379,53128,3254,0
6177,11.262,6.239,5.938,0.070,0.012,0.218,0,16.378,7.352,0.000,0,668,0,0
6178,23.736,23.736,14.661,8.383,0.413,0.279,1,16.378,7.352,0.000,380,53128,3256,0
6179,9.630,6.262,5.984,0.068,0.011,0.199,0,16.065,7.537,0.000,0,668,0,0
6180,22.721,22.721,13.575,8.503,0.410,0.233,1,16.065,7.537,0.000,379,53128,3254,0
6181,10.648,5.862,5.482,0.067,0.011,0.301,0,16.802,7.759,0.000,0,668,0,0
6182,22.363,22.363,12.533,9.217,0.396,0.217,1,16.802,7.759,0.000,379,53128,3253,0
6183,11.006,5.542,5.207,0.066,0.011,0.257,0,15.866,7.368,0.000,0,668,0,0
6184,22.453,22.453,13.163,8.634,0.337,0.320,1,15.866,7.368,0.000,379,53128,3254,0
6185,10.914,5.704,5.360,0.067,0.012,0.266,0,16.326,7.416,0.000,0,668,0,0
6186,22.686,22.686,13.046,9.014,0.366,0.260,1,16.326,7.416,0.000,379,53128,3254,0
6187,10.690,5.729,5.338,0.068,0.016,0.307,0,15.975,7.854,0.000,0,668,0,0
6188,23.766,23.766,14.500,8.626,0.416,0.223,1,15.975,7.854,0.000,379,53128,3254,0
6189,9.589,5.839,5.558,0.068,0.011,0.201,0,16.489,7.756,0.000,0,668,0,0
6190,24.557,24.557,14.668,9.018,0.435,0.436,1,16.489,7.756,0.000,379,53128,3254,0
6191,8.817,6.275,5.897,0.069,0.011,0.297,0,17.044,8.307,0.000,0,668,0,0
6192,23.639,23.639,14.343,8.744,0.243,0.308,1,17.044,8.307,0.000,379,53128,3254,0
6193,9.721,5.903,5.419,0.067,0.011,0.406,0,14.517,7.368,0.000,0,664,0,0
6194,23.552,23.552,13.830,8.994,0.386,0.342,1,14.517,7.368,0.000,378,52764,3246,0
6195,9.814,6.443,6.043,0.069,0.010,0.321,0,16.824,7.531,0.000,0,328,0,0
6196,22.665,22.665,12.459,9.308,0.457,0.441,1,16.824,7.531,0.000,378,52812,3246,0
6197,10.705,5.557,5.179,0.066,0.013,0.298,0,16.924,7.413,0.000,0,376,0,0
6198,22.201,22.201,12.808,8.682,0.331,0.381,1,16.924,7.413,0.000,378,52860,3246,0
6199,11.165,5.517,5.179,0.066,0.013,0.258,0,16.423,7.438,0.000,0,424,0,0
6200,24.342,24.342,15.215,8.371,0.425,0.331,1,16.423,7.438,0.000,378,52908,3245,0
6201,9.027,5.925,5.502,0.067,0.012,0.344,0,15.442,7.709,0.000,0,472,0,0
6202,22.209,22.209,13.591,8.044,0.294,0.279,1,15.442,7.709,0.000,378,52956,3246,0
6203,11.154,5.608,5.276,0.068,0.009,0.254,0,14.851,8.114,0.000,0,516,0,0
6204,23.197,23.197,14.487,7.908,0.438,0.364,1,14.851,8.114,0.000,379,52976,3254,0
6205,10.169,5.788,5.173,0.067,0.011,0.538,0,15.052,8.229,0.000,0,516,0,0
6206,22.033,22.033,13.339,7.978,0.417,0.299,1,15.052,8.229,0.000,379,52976,3255,0
6207,11.336,5.632,5.194,0.068,0.010,0.359,0,16.453,7.859,0.000,0,516,0,0
6208,24.363,24.363,14.623,9.056,0.378,0.306,1,16.453,7.859,0.000,379,52976,3254,0
6209,9.001,6.047,5.697,0.068,0.011,0.271,0,15.924,7.202,0.000,0,516,0,0
6210,22.772,22.772,14.002,8.098,0.317,0.355,1,15.924,7.202,0.000,379,52976,3254,0
6211,10.595,6.470,6.085,0.077,0.018,0.290,0,14.799,7.414,0.000,0,516,0,0
6212,23.657,23.657,13.601,9.418,0.388,0.250,1,14.799,7.414,0.000,379,52976,3254,0
6213,9.715,5.786,5.430,0.066,0.010,0.279,0,14.713,7.485,0.000,0,516,0,0
6214,21.750,21.750,12.978,8.044,0.484,0.244,1,14.713,7.485,0.000,379,52976,3254,0
6215,11.618,6.888,6.540,0.074,0.017,0.258,0,17.315,7.903,0.000,0,516,0,0
6216,23.315,23.315,14.349,8.171,0.466,0.329,1,17.315,7.903,0.000,379,52976,3254,0
6217,10.047,5.664,5.354,0.068,0.013,0.230,0,16.573,7.538,0.000,0,516,0,0
6218,25.089,25.089,15.374,8.426,1.001,0.288,1,16.573,7.538,0.000,379,52976,3253,0
6219,8.277,5.849,5.460,0.067,0.011,0.311,0,14.851,7.949,0.000,0,516,0,0
6220,23.224,23.224,13.975,8.536,0.390,0.324,1,14.851,7.949,0.000,379,52976,3254,0
6221,10.140,7.455,7.140,0.070,0.016,0.229,0,17.606,7.295,0.000,0,516,0,0
6222,22.810,22.810,13.975,8.192,0.336,0.306,1,17.606,7.295,0.000,379,52976,3254,0
6223,10.557,5.793,5.495,0.074,0.012,0.212,0,16.051,8.090,0.000,0,516,0,0
6224,21.949,21.949,13.254,8.013,0.453,0.229,1,16.051,8.090,0.000,380,52976,3256,0
6225,11.418,5.713,5.357,0.068,0.012,0.276,0,14.675,8.648,0.000,0,516,0,0
6226,22.302,22.302,13.281,8.426,0.392,0.203,1,14.675,8.648,0.000,379,52976,3254,0
6227,11.066,6.714,6.392,0.068,0.013,0.240,0,16.451,7.896,0.000,0,516,0,0
6228,22.916,22.916,14.019,8.236,0.411,0.251,1,16.451,7.896,0.000,379,52976,3254,0
6229,10.456,5.989,5.758,0.067,0.010,0.154,0,14.618,8.794,0.000,0,516,0,0
6230,23.631,23.631,13.954,8.969,0.420,0.288,1,14.618,8.794,0.000,379,52976,3254,0
6231,9.732,5.802,5.399,0.071,0.010,0.322,0,16.480,7.886,0.000,0,516,0,0
6232,22.021,22.021,12.121,8.711,0.345,0.844,1,16.480,7.886,0.000,379,52976,3254,0
6233,11.346,5.566,5.237,0.068,0.011,0.251,0,16.040,7.406,0.000,0,516,0,0
6234,24.721,24.721,15.500,8.396,0.468,0.357,1,16.040,7.406,0.000,379,52976,3254,0
6235,8.642,5.803,5.503,0.068,0.011,0.221,0,15.465,8.624,0.000,0,516,0,0
6236,22.333,22.333,13.582,8.164,0.293,0.294,1,15.465,8.624,0.000,378,52972,3245,0
6237,11.034,5.710,5.332,0.067,0.010,0.301,0,15.053,8.031,0.000,0,512,0,0
6238,21.710,21.710,13.044,8.023,0.400,0.243,1,15.053,8.031,0.000,377,52732,3230,0
6239,11.657,5.730,5.432,0.066,0.010,0.221,0,15.702,7.892,0.000,0,272,0,0
6240,22.757,22.757,13.775,8.261,0.378,0.343,1,15.702,7.892,0.000,377,52732,3230,0
6241,10.609,5.476,5.185,0.066,0.011,0.214,0,15.042,8.061,0.000,0,272,0,0
6242,22.226,22.226,13.314,8.115,0.519,0.277,1,15.042,8.061,0.000,377,52732,3231,0
6243,11.146,5.586,5.186,0.065,0.011,0.324,0,14.841,7.390,0.000,0,272,0,0
6244,22.901,22.901,13.982,8.131,0.492,0.296,1,14.841,7.390,0.000,377,52732,3230,0
6245,10.465,5.445,5.129,0.066,0.011,0.239,0,14.887,7.895,0.000,0,272,0,0
6246,21.601,21.601,12.841,7.953,0.465,0.342,1,14.887,7.895,0.000,377,52732,3230,0
6247,11.770,6.601,6.293,0.073,0.014,0.220,0,17.771,7.903,0.000,0,272,0,0
6248,24.451,24.451,15.215,8.526,0.471,0.239,1,17.771,7.903,0.000,377,52732,3230,0
6249,8.911,6.181,5.760,0.066,0.011,0.343,0,15.348,8.328,0.000,0,272,0,0
6250,24.093,24.093,13.846,8.887,0.992,0.368,1,15.348,8.328,0.000,377,52732,3231,0
6251,9.276,5.624,5.244,0.067,0.011,0.302,0,17.028,7.815,0.000,0,272,0,0
6252,24.476,24.476,15.211,8.286,0.557,0.421,1,17.028,7.815,0.000,377,52732,3229,0
6253,8.888,5.569,5.205,0.066,0.010,0.289,0,15.857,7.640,0.000,0,272,0,0
6254,38.789,38.789,29.520,8.621,0.327,0.320,1,15.857,7.640,0.000,375,52724,3208,0
6255,6.200,6.200,5.738,0.064,0.010,0.387,0,14.289,7.465,0.000,0,264,0,0
6256,6.681,6.681,6.274,0.067,0.013,0.327,0,14.289,7.465,0.000,0,264,0,0
6257,24.902,24.902,16.037,8.170,0.402,0.293,1,14.289,7.465,0.000,375,52724,3211,0
6258,6.840,5.523,5.119,0.065,0.011,0.329,0,14.304,7.741,0.000,0,264,0,0
6259,21.948,21.948,13.465,7.879,0.300,0.304,1,14.304,7.741,0.000,375,52724,3211,0
6260,11.426,7.369,7.012,0.064,0.012,0.282,0,15.787,7.415,0.000,0,264,0,0
6261,21.873,21.873,11.964,9.162,0.371,0.375,1,15.787,7.415,0.000,375,52724,3212,0
6262,11.491,7.444,7.078,0.072,0.019,0.275,0,17.725,7.368,0.000,0,264,0,0
6263,23.192,23.192,14.040,8.443,0.442,0.267,1,17.725,7.368,0.000,375,52724,3211,0
6264,10.172,6.041,5.564,0.066,0.012,0.399,0,16.164,7.593,0.000,0,264,0,0
6265,22.139,22.139,13.392,8.011,0.465,0.271,1,16.164,7.593,0.000,375,52724,3211,0
6266,11.231,5.451,5.141,0.064,0.010,0.237,0,14.817,7.422,0.000,0,264,0,0
6267,22.241,22.241,13.560,7.942,0.397,0.341,1,14.817,7.422,0.000,375,52724,3211,0
6268,11.126,5.665,5.355,0.064,0.011,0.236,0,14.011,8.719,0.000,0,264,0,0
6269,23.524,23.524,14.239,8.637,0.401,0.247,1,14.011,8.719,0.000,375,52724,3208,0
6270,9.839,5.645,5.266,0.064,0.013,0.303,0,14.369,7.295,0.000,0,264,0,0
6271,22.726,22.726,13.229,8.412,0.322,0.763,1,14.369,7.295,0.000,375,52724,3207,0
6272,10.645,6.157,5.843,0.068,0.011,0.236,0,14.101,7.296,0.000,0,332,0,0
6273,25.504,25.504,14.693,10.125,0.360,0.327,1,14.101,7.296,0.000,378,52792,3251,0
6274,7.862,5.621,5.287,0.067,0.010,0.256,0,16.015,7.444,0.000,0,332,0,0
6275,22.529,22.529,13.509,8.327,0.329,0.364,1,16.015,7.444,0.000,378,52792,3246,0
6276,10.847,5.689,5.274,0.065,0.011,0.338,0,17.251,8.608,0.000,0,332,0,0
6277,20.765,20.765,12.026,8.020,0.437,0.282,1,17.251,8.608,0.000,378,52792,3246,0
6278,12.598,5.458,5.136,0.066,0.012,0.245,0,17.369,7.881,0.000,0,332,0,0
6279,21.357,21.357,12.438,8.043,0.408,0.467,1,17.369,7.881,0.000,378,52792,3247,0
6280,12.002,6.913,6.567,0.067,0.014,0.265,0,18.147,7.853,0.000,0,332,0,0
6281,21.869,21.869,13.258,7.950,0.400,0.262,1,18.147,7.853,0.000,378,52792,3246,0
6282,11.500,5.659,5.264,0.067,0.010,0.318,0,14.916,7.331,0.000,0,332,0,0
6283,23.414,23.414,14.275,8.489,0.387,0.263,1,14.916,7.331,0.000,378,52792,3246,0
6284,9.955,5.780,5.445,0.066,0.013,0.257,0,15.388,7.556,0.000,0,332,0,0
6285,30.618,30.618,14.378,15.489,0.366,0.384,1,15.388,7.556,0.000,390,53752,3449,0
6286,6.315,6.315,5.967,0.067,0.014,0.268,0,15.388,7.556,0.000,0,332,0,0
6287,13.112,10.052,9.762,0.070,0.010,0.211,0,30.345,7.919,0.000,0,332,0,0
6288,32.394,32.394,14.607,17.013,0.475,0.299,1,15.295,3.392,1.637,390,53752,2517,25893
6289,7.320,7.320,6.988,0.070,0.018,0.245,0,15.295,3.392,1.637,0,332,0,0
6290,28.676,28.676,18.946,9.094,0.377,0.259,1,15.295,3.392,0.000,390,53752,3370,0
6291,6.061,6.061,5.625,0.067,0.011,0.358,0,15.609,8.383,0.000,0,332,0,0
6292,24.635,24.635,13.982,9.918,0.431,0.304,1,15.609,8.383,0.000,390,53752,3368,0
6293,5.460,5.460,5.111,0.067,0.011,0.271,0,16.722,7.825,0.000,0,332,0,0
6294,22.845,22.845,12.999,9.044,0.418,0.385,1,16.722,7.825,0.000,390,53752,3369,0
6295,6.165,6.165,5.836,0.068,0.010,0.251,0,16.875,7.494,0.000,0,332,0,0
6296,22.513,22.513,12.929,8.387,0.291,0.905,1,16.875,7.494,0.000,390,53752,3367,0
6297,10.775,5.573,5.247,0.068,0.014,0.245,0,16.357,7.941,0.000,0,332,0,0
6298,24.395,24.395,14.853,8.871,0.391,0.279,1,16.357,7.941,0.000,390,53752,3369,0
6299,8.962,5.915,5.528,0.070,0.012,0.305,0,15.753,8.729,0.000,0,332,0,0
6300,22.984,22.984,13.725,8.574,0.478,0.206,1,15.753,8.729,0.000,391,53752,3371,0
6301,10.382,5.644,5.380,0.068,0.010,0.186,0,15.746,8.374,0.000,0,332,0,0
6302,24.599,24.599,14.241,9.514,0.372,0.472,1,15.746,8.374,0.000,390,53752,3369,0
6303,8.776,6.399,6.056,0.068,0.013,0.262,0,17.036,7.909,0.000,0,332,0,0
6304,24.487,24.487,14.678,9.190,0.288,0.332,1,17.036,7.909,0.000,390,53752,3369,0
6305,8.873,5.878,5.382,0.067,0.012,0.418,0,14.866,7.453,0.000,0,332,0,0
6306,24.494,24.494,15.110,8.662,0.389,0.333,1,14.866,7.453,0.000,390,53752,3369,0
6307,8.901,6.899,6.482,0.068,0.012,0.338,0,16.195,7.711,0.000,0,332,0,0
6308,26.692,26.692,15.394,10.379,0.448,0.471,1,16.195,7.711,0.000,390,53752,3372,0
6309,9.463,9.442,8.938,0.068,0.016,0.421,0,23.181,7.776,0.000,0,332,0,0
6310,35.342,35.342,17.558,16.990,0.401,0.392,1,18.437,4.429,0.000,390,53752,2733,27989
6311,8.249,8.249,7.635,0.071,0.017,0.526,0,18.437,4.429,0.000,0,332,0,0
6312,5.396,5.396,4.840,0.066,0.010,0.479,0,18.437,4.429,0.000,0,332,0,0
6313,24.326,24.326,13.982,9.509,0.408,0.427,1,18.437,4.429,0.000,390,53752,3377,0
6314,7.291,6.996,6.391,0.070,0.016,0.519,0,18.919,7.666,0.000,0,332,0,0
6315,23.230,23.230,12.757,9.697,0.298,0.478,1,18.919,7.666,0.000,390,53752,3372,0
6316,10.138,6.012,5.473,0.065,0.016,0.457,0,17.440,7.651,0.000,0,332,0,0
6317,24.866,24.866,13.248,10.717,0.386,0.514,1,17.440,7.651,0.000,390,53752,3382,0
6318,8.500,7.475,6.943,0.078,0.014,0.440,0,19.971,7.570,0.000,0,332,0,0
6319,26.801,26.801,16.533,9.471,0.354,0.444,1,19.971,7.570,0.000,391,53752,3374,0
6320,6.560,6.299,5.737,0.066,0.011,0.485,0,14.966,7.689,0.000,0,332,0,0
6321,24.750,24.750,13.866,9.996,0.437,0.452,1,14.966,7.689,0.000,390,53752,3372,0
6322,8.621,6.087,5.629,0.069,0.013,0.377,0,17.323,7.841,0.000,0,332,0,0
6323,22.927,22.927,12.895,9.285,0.253,0.495,1,17.323,7.841,0.000,390,53752,3378,0
6324,10.439,8.209,7.739,0.068,0.011,0.392,0,18.649,7.644,0.000,0,332,0,0
6325,24.739,24.739,14.650,9.328,0.400,0.362,1,18.649,7.644,0.000,390,53752,3379,0
6326,8.625,6.906,6.386,0.075,0.015,0.431,0,17.850,8.160,0.000,0,332,0,0
6327,24.678,24.678,15.182,8.760,0.401,0.335,1,17.850,8.160,0.000,390,53752,3374,0
6328,8.689,6.038,5.669,0.067,0.012,0.290,0,16.470,7.783,0.000,0,332,0,0
6329,26.157,26.157,16.326,8.998,0.411,0.421,1,16.470,7.783,0.000,390,53752,3375,0
6330,7.208,6.057,5.668,0.067,0.011,0.311,0,16.380,8.111,0.000,0,332,0,0
6331,24.441,24.441,13.962,9.771,0.377,0.331,1,16.380,8.111,0.000,390,53752,3379,0
6332,8.942,6.287,5.799,0.067,0.012,0.409,0,20.181,7.924,0.000,0,332,0,0
6333,24.502,24.502,13.278,10.481,0.429,0.313,1,20.181,7.924,0.000,393,53970,2747,27737
6334,8.855,5.780,5.365,0.065,0.011,0.339,0,17.184,4.004,0.000,0,332,0,0
6335,26.118,26.118,15.621,9.610,0.394,0.494,1,17.184,4.004,0.000,393,53970,3393,0
6336,7.251,6.310,5.894,0.068,0.012,0.337,0,18.853,8.402,0.000,0,332,0,0
6337,23.553,23.553,13.585,8.714,0.287,0.967,1,18.853,8.402,0.000,393,53986,3388,0
6338,9.811,6.263,5.716,0.066,0.011,0.470,0,16.999,7.716,0.000,0,332,0,0
6339,26.551,26.551,16.807,8.816,0.458,0.470,1,16.999,7.716,0.000,394,53986,3389,0
6340,6.814,6.762,6.292,0.069,0.014,0.386,0,14.970,7.913,0.000,0,332,0,0
6341,23.201,23.201,13.279,8.947,0.469,0.506,1,14.970,7.913,0.000,393,53986,3389,0
6342,10.175,5.990,5.545,0.070,0.011,0.363,0,18.634,9.124,0.000,0,332,0,0
6343,22.083,22.083,12.697,8.633,0.374,0.379,1,18.634,9.124,0.000,393,53986,3389,0
6344,11.272,9.066,8.496,0.086,0.012,0.473,0,18.706,8.124,0.000,0,332,0,0
6345,27.067,27.067,13.213,13.025,0.428,0.401,1,18.706,8.124,0.000,393,54657,3417,0
6346,6.294,6.294,5.874,0.068,0.011,0.340,0,20.413,8.257,0.000,0,332,0,0
6347,22.297,22.297,12.963,8.635,0.301,0.399,1,20.413,8.257,0.000,394,54616,3401,0
6348,11.089,6.082,5.744,0.068,0.014,0.256,0,17.890,9.077,0.000,0,332,0,0
6349,22.512,22.512,13.160,8.653,0.377,0.323,1,17.890,9.077,0.000,390,54398,3384,0
6350,10.851,6.435,5.948,0.066,0.011,0.409,0,17.936,8.323,0.000,0,332,0,0
6351,24.468,24.468,15.174,8.537,0.440,0.317,1,17.936,8.323,0.000,390,54398,3384,0
6352,8.879,8.879,8.451,0.072,0.013,0.343,0,17.092,7.853,0.000,0,332,0,0
6353,29.393,29.393,15.548,13.020,0.393,0.433,1,16.946,8.229,0.000,390,54772,3388,0
6354,6.082,6.082,5.664,0.067,0.012,0.339,0,16.946,8.229,0.000,0,332,0,0
6355,21.911,21.911,12.752,8.525,0.306,0.328,1,16.946,8.229,0.000,390,54772,3377,0
6356,9.374,6.495,6.018,0.069,0.011,0.397,0,18.368,8.524,0.000,0,332,0,0
6357,22.262,22.262,13.170,8.392,0.382,0.318,1,18.368,8.524,0.000,390,54772,3377,0
6358,11.099,6.372,6.003,0.068,0.016,0.285,0,18.687,8.507,0.000,0,332,0,0
6359,27.512,27.512,17.784,8.928,0.442,0.358,1,18.687,8.507,0.000,390,54772,3377,0
6360,6.067,6.067,5.752,0.068,0.010,0.237,0,15.247,8.064,0.000,0,332,0,0
6361,23.585,23.585,14.245,8.721,0.280,0.340,1,15.247,8.064,0.000,390,54772,3377,0
6362,9.560,6.426,5.958,0.066,0.014,0.387,0,18.352,8.195,0.000,0,332,0,0
6363,22.224,22.224,12.919,8.564,0.414,0.329,1,18.352,8.195,0.000,390,54772,3377,0
6364,11.147,6.197,5.773,0.066,0.013,0.345,0,17.248,9.242,0.000,0,332,0,0
6365,23.315,23.315,13.355,9.025,0.424,0.510,1,17.248,9.242,0.000,390,54772,3378,0
6366,10.051,7.170,6.695,0.068,0.013,0.394,0,20.637,7.783,0.000,0,332,0,0
6367,26.042,26.042,13.872,11.397,0.382,0.391,1,14.282,4.227,0.000,390,54772,2744,27017
6368,7.995,7.995,7.424,0.074,0.010,0.487,0,14.282,4.227,0.000,0,332,0,0
6369,25.614,25.614,16.403,8.545,0.299,0.367,1,14.282,4.227,0.000,390,54772,3377,0
6370,7.898,7.898,7.483,0.068,0.012,0.335,0,16.496,8.449,0.000,0,332,0,0
6371,30.707,30.707,15.646,14.111,0.429,0.521,1,16.496,8.449,0.000,389,55180,3328,0
6372,7.876,7.876,7.415,0.071,0.013,0.377,0,22.485,8.281,0.000,0,332,0,0
6373,23.804,23.804,13.203,9.912,0.279,0.410,1,22.485,8.281,0.000,389,55180,3318,0
6374,6.532,6.532,5.953,0.068,0.014,0.496,0,18.008,8.178,0.000,0,332,0,0
6375,26.135,26.135,15.457,9.867,0.420,0.391,1,18.008,8.178,0.000,390,55180,3320,0
6376,6.550,6.550,6.128,0.067,0.013,0.341,0,18.008,8.178,0.000,0,332,0,0
6377,27.601,27.601,18.225,8.623,0.296,0.457,1,19.451,8.004,0.000,389,55180,3318,0
6378,6.772,6.772,6.393,0.066,0.011,0.301,0,17.065,8.051,0.000,0,332,0,0
6379,24.995,24.995,15.769,8.489,0.433,0.304,1,17.065,8.051,0.000,389,55180,3318,0
6380,8.123,8.123,7.632,0.071,0.015,0.406,0,16.702,8.807,0.000,0,332,0,0
6381,24.406,24.406,14.498,9.252,0.383,0.274,1,16.702,8.807,0.000,389,55180,3318,0
6382,7.214,7.214,6.907,0.067,0.013,0.227,0,16.646,7.779,0.000,0,332,0,0
6383,23.696,23.696,13.557,9.452,0.272,0.415,1,16.646,7.779,0.000,390,55180,3320,0
6384,9.009,9.009,8.611,0.070,0.017,0.311,0,16.570,7.720,0.000,0,332,0,0
6385,26.036,26.036,15.820,9.302,0.419,0.495,1,16.570,7.720,0.000,389,55180,3318,0
6386,6.729,6.729,6.265,0.067,0.012,0.384,0,17.835,8.181,0.000,0,332,0,0
6387,25.156,25.156,15.493,8.591,0.289,0.783,1,17.835,8.181,0.000,389,55180,3315,0
6388,8.534,8.534,8.163,0.073,0.013,0.284,0,17.905,8.123,0.000,0,332,0,0
6389,27.231,27.231,17.069,9.218,0.519,0.425,1,17.905,8.123,0.000,389,55180,3314,0
6390,6.224,6.224,5.881,0.067,0.011,0.266,0,15.214,7.867,0.000,0,332,0,0
6391,25.997,25.997,16.773,8.523,0.394,0.308,1,15.214,7.867,0.000,389,55180,3315,0
6392,6.885,6.820,6.398,0.064,0.012,0.346,0,15.065,7.745,0.000,0,264,0,0
6393,24.276,24.276,15.301,8.255,0.394,0.326,1,15.065,7.745,0.000,386,55112,3278,0
6394,9.092,6.809,6.404,0.066,0.011,0.329,0,16.735,7.654,0.000,0,264,0,0
6395,22.987,22.987,13.383,8.898,0.340,0.366,1,16.735,7.654,0.000,386,55112,3275,0
6396,10.380,5.920,5.590,0.067,0.011,0.252,0,16.949,7.986,0.000,0,264,0,0
6397,22.875,22.875,12.687,9.433,0.397,0.359,1,16.949,7.986,0.000,386,55112,3277,0
6398,10.492,7.913,7.512,0.069,0.018,0.314,0,16.892,7.867,0.000,0,264,0,0
6399,23.108,23.108,13.921,8.500,0.432,0.255,1,16.892,7.867,0.000,386,55112,3277,0
6400,10.268,7.674,7.251,0.077,0.017,0.328,0,17.789,8.683,0.000,0,264,0,0
6401,23.671,23.671,13.836,8.535,0.406,0.893,1,17.789,8.683,0.000,387,55112,3279,0
6402,9.688,6.067,5.744,0.064,0.010,0.249,0,16.397,8.118,0.000,0,264,0,0
6403,26.571,26.571,16.952,8.818,0.436,0.365,1,16.397,8.118,0.000,386,55112,3277,0
6404,6.791,6.232,5.909,0.065,0.011,0.248,0,15.427,8.136,0.000,0,264,0,0
6405,27.768,27.768,15.084,11.990,0.467,0.227,1,15.427,8.136,0.000,386,55112,3277,0
6406,6.333,6.333,6.024,0.064,0.011,0.234,0,15.945,8.526,0.000,0,264,0,0
6407,25.981,25.981,16.438,8.885,0.432,0.227,1,15.945,8.526,0.000,386,55112,3277,0
6408,7.036,7.036,6.745,0.074,0.014,0.203,0,15.214,7.811,0.000,0,264,0,0
6409,27.737,27.737,17.739,9.342,0.375,0.281,1,15.214,7.811,0.000,387,55112,3279,0
6410,8.139,8.139,7.863,0.064,0.013,0.199,0,19.927,8.106,0.000,0,264,0,0
6411,24.137,24.137,15.144,8.437,0.348,0.208,1,19.927,8.106,0.000,384,55032,3270,0
6412,8.360,8.360,8.027,0.065,0.013,0.255,0,15.057,7.793,0.000,0,264,0,0
6413,33.249,33.249,23.622,8.249,1.063,0.315,1,19.652,8.111,0.000,384,55032,3269,0
6414,6.374,6.374,6.044,0.070,0.015,0.245,0,19.652,8.111,0.000,0,264,0,0
6415,32.062,32.062,16.538,14.771,0.430,0.323,1,19.652,8.111,0.000,384,55032,3269,0
6416,5.986,5.986,5.691,0.065,0.012,0.219,0,15.538,8.473,0.000,0,264,0,0
6417,6.364,6.364,6.041,0.067,0.013,0.242,0,15.538,8.473,0.000,0,264,0,0
6418,24.535,24.535,15.360,8.451,0.408,0.316,1,15.538,8.473,0.000,384,55032,3269,0
6419,6.267,6.267,5.953,0.064,0.010,0.239,0,17.338,8.262,0.000,0,264,0,0
6420,23.824,23.824,15.031,8.170,0.356,0.267,1,17.338,8.262,0.000,385,55032,3271,0
6421,9.467,6.017,5.667,0.064,0.013,0.273,0,15.711,8.581,0.000,0,264,0,0
6422,22.183,22.183,12.641,8.307,0.398,0.837,1,15.711,8.581,0.000,382,54952,3263,0
6423,15.405,15.405,15.024,0.074,0.011,0.295,0,16.890,8.352,0.000,0,264,0,0
6424,28.698,28.698,14.818,12.992,0.418,0.470,1,16.890,8.352,0.000,377,54492,3233,0
6425,8.689,8.689,8.296,0.068,0.015,0.310,0,20.722,8.090,0.000,0,268,0,0
6426,33.288,33.288,18.972,13.479,0.508,0.329,1,20.722,8.090,0.000,376,54416,3233,0
6427,7.255,7.255,6.679,0.068,0.014,0.495,0,21.886,7.756,0.000,0,268,0,0
6428,5.835,5.835,5.386,0.064,0.011,0.374,0,21.886,7.756,0.000,0,268,0,0
6429,28.412,28.412,18.553,9.128,0.388,0.343,1,21.886,7.756,0.000,377,54416,3230,0
6430,6.528,6.528,6.044,0.066,0.012,0.406,0,16.944,8.478,0.000,0,268,0,0
6431,25.666,25.666,16.467,8.506,0.396,0.297,1,16.944,8.478,0.000,376,54416,3228,0
6432,6.619,6.619,6.265,0.067,0.011,0.276,0,15.006,7.589,0.000,0,268,0,0
6433,25.605,25.605,16.615,8.204,0.372,0.414,1,15.006,7.589,0.000,376,54416,3228,0
6434,6.524,6.524,6.147,0.081,0.010,0.286,0,14.741,7.568,0.000,0,268,0,0
6435,25.207,25.207,15.805,8.700,0.390,0.313,1,14.741,7.568,0.000,376,54416,3227,0
6436,7.642,7.642,7.229,0.069,0.012,0.332,0,14.824,7.577,0.000,0,292,0,0
6437,22.222,22.222,13.506,8.106,0.325,0.284,1,14.824,7.577,0.000,377,54464,3242,0
6438,8.358,8.358,8.004,0.071,0.014,0.269,0,17.199,7.770,0.000,0,340,0,0
6439,25.097,25.097,15.635,8.706,0.432,0.325,1,17.199,7.770,0.000,378,54512,3244,0
6440,7.748,6.061,5.776,0.066,0.012,0.207,0,16.949,7.982,0.000,0,388,0,0
6441,22.109,22.109,13.382,8.202,0.298,0.226,1,16.949,7.982,0.000,377,54560,3242,0
6442,11.263,6.433,6.056,0.066,0.011,0.300,0,16.252,8.605,0.000,0,436,0,0
6443,22.940,22.940,13.404,8.806,0.379,0.351,1,16.252,8.605,0.000,378,54668,3244,0
6444,10.425,6.643,6.232,0.081,0.015,0.315,0,16.577,7.798,0.000,0,476,0,0
6445,22.842,22.842,14.007,8.177,0.341,0.317,1,16.577,7.798,0.000,378,54708,3244,0
6446,10.524,6.538,6.134,0.153,0.017,0.235,0,16.643,7.617,0.000,0,524,0,0
6447,22.915,22.915,13.519,8.143,1.006,0.246,1,16.643,7.617,0.000,379,54744,3258,0
6448,10.461,6.291,5.945,0.067,0.012,0.267,0,16.490,7.732,0.000,0,536,0,0
6449,23.371,23.371,14.317,8.457,0.377,0.220,1,16.490,7.732,0.000,379,54744,3257,0
6450,9.995,6.251,6.004,0.069,0.012,0.166,0,17.693,8.714,0.000,0,536,0,0
6451,21.737,21.737,12.922,8.311,0.281,0.223,1,17.693,8.714,0.000,379,54744,3257,0
6452,11.628,6.133,5.873,0.070,0.014,0.176,0,17.696,8.278,0.000,0,536,0,0
6453,25.700,25.700,16.496,8.415,0.521,0.269,1,17.696,8.278,0.000,379,54744,3257,0
6454,7.652,6.859,6.501,0.069,0.012,0.277,0,15.306,7.858,0.000,0,536,0,0
6455,22.924,22.924,13.933,8.343,0.310,0.338,1,15.306,7.858,0.000,379,54744,3257,0
6456,10.453,6.201,5.913,0.068,0.014,0.207,0,18.469,8.608,0.000,0,536,0,0
6457,24.608,24.608,14.206,9.673,0.390,0.339,1,18.469,8.608,0.000,376,54644,3246,0
6458,8.754,6.973,6.610,0.068,0.012,0.283,0,17.191,7.933,0.000,0,536,0,0
6459,23.483,23.483,13.992,8.820,0.401,0.271,1,17.191,7.933,0.000,376,54644,3247,0
6460,9.880,7.524,7.134,0.081,0.014,0.294,0,17.021,7.756,0.000,0,536,0,0
6461,24.063,24.063,13.819,9.567,0.429,0.248,1,17.021,7.756,0.000,376,54644,3247,0
6462,9.311,6.931,6.631,0.067,0.010,0.223,0,17.307,8.620,0.000,0,536,0,0
6463,23.399,23.399,13.179,8.947,0.955,0.318,1,17.307,8.620,0.000,372,54484,3235,0
6464,9.976,6.045,5.737,0.067,0.010,0.231,0,16.725,8.201,0.000,0,536,0,0
6465,26.366,26.366,17.076,8.644,0.417,0.229,1,16.725,8.201,0.000,372,54484,3234,0
6466,6.988,6.039,5.737,0.067,0.010,0.226,0,15.117,7.957,0.000,0,536,0,0
6467,25.811,25.811,16.243,8.838,0.486,0.244,1,15.117,7.957,0.000,370,54404,3229,0
6468,7.557,7.194,6.938,0.077,0.011,0.169,0,16.755,7.910,0.000,0,536,0,0
6469,24.032,24.032,15.023,8.409,0.341,0.259,1,16.755,7.910,0.000,368,54324,3223,0
6470,9.332,6.146,5.903,0.068,0.011,0.164,0,16.062,8.422,0.000,0,536,0,0
6471,22.218,22.218,13.534,8.118,0.388,0.178,1,16.062,8.422,0.000,367,54304,3219,0
6472,11.150,6.382,6.034,0.067,0.010,0.271,0,15.807,7.581,0.000,0,536,0,0
6473,22.780,22.780,13.873,8.309,0.351,0.247,1,15.807,7.581,0.000,363,54144,3207,0
6474,10.586,7.077,6.785,0.068,0.011,0.213,0,14.575,8.331,0.000,0,536,0,0
6475,22.946,22.946,14.210,7.974,0.389,0.374,1,14.575,8.331,0.000,363,54144,3207,0
6476,10.421,6.537,6.287,0.069,0.010,0.171,0,15.262,7.689,0.000,0,536,0,0
6477,21.840,21.840,13.311,7.965,0.400,0.164,1,15.262,7.689,0.000,363,54144,3206,0
6478,11.529,6.217,5.934,0.069,0.011,0.202,0,15.746,7.722,0.000,0,536,0,0
6479,23.221,23.221,14.514,8.158,0.380,0.169,1,15.746,7.722,0.000,363,54144,3207,0
6480,10.145,6.365,6.084,0.068,0.012,0.202,0,15.519,8.449,0.000,0,532,0,0
6481,24.879,24.879,15.797,8.288,0.463,0.331,1,15.519,8.449,0.000,360,54060,3188,0
6482,8.488,7.179,6.859,0.066,0.014,0.241,0,16.630,7.937,0.000,0,264,0,0
6483,24.059,24.059,14.739,8.580,0.472,0.267,1,16.630,7.937,0.000,359,53792,3165,0
6484,9.302,8.076,7.635,0.068,0.015,0.358,0,16.803,8.055,0.000,0,264,0,0
6485,23.413,23.413,14.692,8.121,0.332,0.268,1,16.803,8.055,0.000,360,53872,3169,0
6486,9.956,7.034,6.723,0.064,0.011,0.236,0,15.884,7.825,0.000,0,264,0,0
6487,24.888,24.888,15.469,8.681,0.353,0.384,1,15.884,7.825,0.000,359,53852,3165,0
6488,8.478,6.111,5.812,0.064,0.011,0.224,0,14.392,7.663,0.000,0,264,0,0
6489,23.414,23.414,14.218,8.568,0.410,0.218,1,14.392,7.663,0.000,359,53852,3165,0
6490,9.954,7.555,7.212,0.067,0.014,0.263,0,16.933,8.583,0.000,0,264,0,0
6491,21.755,21.755,13.109,8.056,0.339,0.251,1,16.933,8.583,0.000,359,53852,3170,0
6492,11.622,6.088,5.814,0.065,0.012,0.197,0,17.534,8.078,0.000,0,264,0,0
6493,25.873,25.873,15.730,9.407,0.446,0.291,1,17.534,8.078,0.000,359,53852,3169,0
6494,7.487,5.828,5.576,0.064,0.011,0.179,0,14.755,7.886,0.000,0,264,0,0
6495,21.818,21.818,13.496,7.845,0.295,0.181,1,14.755,7.886,0.000,357,53052,3160,0
6496,11.545,7.654,7.331,0.068,0.016,0.240,0,15.852,7.682,0.000,0,264,0,0
6497,22.966,22.966,13.605,8.670,0.487,0.204,1,15.852,7.682,0.000,357,53052,3161,0
6498,10.402,9.454,9.126,0.071,0.017,0.239,0,16.212,7.893,0.000,0,264,0,0
6499,22.750,22.750,13.719,8.439,0.441,0.151,1,16.212,7.893,0.000,359,53132,3167,0
6500,10.617,5.862,5.673,0.065,0.013,0.112,0,15.182,8.578,0.000,0,264,0,0
6501,21.674,21.674,13.250,7.856,0.323,0.246,1,15.182,8.578,0.000,360,53132,3169,0
6502,11.690,6.321,6.020,0.065,0.011,0.223,0,14.248,8.931,0.000,0,264,0,0
6503,22.044,22.044,13.690,7.725,0.387,0.242,1,14.248,8.931,0.000,355,52632,3153,0
6504,11.321,6.350,6.006,0.064,0.011,0.269,0,14.877,7.520,0.000,0,264,0,0
6505,21.910,21.910,13.398,7.796,0.467,0.249,1,14.877,7.520,0.000,355,52632,3153,0
6506,11.462,5.806,5.522,0.065,0.011,0.208,0,14.968,7.938,0.000,0,264,0,0
6507,24.328,24.328,14.054,9.387,0.553,0.334,1,14.968,7.938,0.000,355,52632,3153,0
6508,9.038,5.806,5.504,0.063,0.010,0.229,0,16.672,7.849,0.000,0,264,0,0
6509,22.122,22.122,13.059,8.537,0.263,0.264,1,16.672,7.849,0.000,355,52632,3151,0
6510,11.239,6.882,6.541,0.064,0.011,0.266,0,14.226,7.433,0.000,0,264,0,0
6511,22.415,22.415,13.569,8.147,0.463,0.236,1,14.226,7.433,0.000,351,52472,3140,0
6512,10.959,6.010,5.693,0.063,0.011,0.242,0,16.808,8.463,0.000,0,264,0,0
6513,21.542,21.542,12.797,7.952,0.422,0.372,1,16.808,8.463,0.000,351,52472,3140,0
6514,11.830,5.725,5.386,0.066,0.014,0.258,0,17.826,7.607,0.000,0,264,0,0
6515,20.911,20.911,12.256,7.976,0.395,0.284,1,17.826,7.607,0.000,349,52392,3134,0
6516,12.454,5.963,5.559,0.064,0.011,0.329,0,16.773,8.158,0.000,0,264,0,0
6517,20.828,20.828,12.334,7.608,0.534,0.353,1,16.773,8.158,0.000,349,52392,3134,0
6518,12.541,5.608,5.299,0.064,0.012,0.233,0,16.957,8.141,0.000,0,264,0,0
6519,25.338,25.338,16.590,8.014,0.406,0.328,1,16.957,8.141,0.000,349,52392,3134,0
6520,8.017,5.906,5.618,0.063,0.010,0.214,0,14.509,7.717,0.000,0,264,0,0
6521,23.350,23.350,14.665,8.140,0.311,0.234,1,14.509,7.717,0.000,348,51992,3118,0
6522,10.023,5.915,5.553,0.064,0.011,0.286,0,14.437,8.260,0.000,0,264,0,0
6523,21.327,21.327,12.911,7.615,0.526,0.276,1,14.437,8.260,0.000,348,51992,3118,0
6524,12.036,7.200,6.891,0.070,0.013,0.226,0,17.165,7.378,0.000,0,264,0,0
6525,22.918,22.918,13.560,8.593,0.476,0.290,1,17.165,7.378,0.000,348,51992,3118,0
6526,10.469,5.660,5.387,0.063,0.010,0.200,0,15.694,7.419,0.000,0,264,0,0
6527,23.390,23.390,14.767,7.916,0.454,0.253,1,15.694,7.419,0.000,348,51992,3117,0
6528,9.956,5.902,5.642,0.064,0.011,0.186,0,15.050,8.287,0.000,0,264,0,0
6529,21.239,21.239,12.879,7.715,0.507,0.137,1,15.050,8.287,0.000,348,51992,3118,0
6530,12.127,5.670,5.475,0.064,0.011,0.120,0,14.690,8.067,0.000,0,264,0,0
6531,23.667,23.667,14.489,8.557,0.410,0.211,1,14.690,8.067,0.000,348,51992,3118,0
6532,9.696,6.654,6.351,0.075,0.016,0.211,0,15.670,7.711,0.000,0,264,0,0
6533,21.735,21.735,12.958,8.274,0.260,0.242,1,15.670,7.711,0.000,348,51992,3118,0
6534,11.636,5.635,5.326,0.097,0.012,0.200,0,14.772,7.688,0.000,0,264,0,0
6535,20.507,20.507,12.307,7.601,0.422,0.177,1,14.772,7.688,0.000,348,51992,3118,0
6536,12.863,5.598,5.302,0.063,0.011,0.222,0,15.233,8.188,0.000,0,264,0,0
6537,20.632,20.632,12.224,7.724,0.446,0.238,1,15.233,8.188,0.000,348,51992,3119,0
6538,12.740,5.643,5.402,0.066,0.013,0.162,0,16.123,7.892,0.000,0,264,0,0
6539,21.052,21.052,12.544,7.817,0.513,0.179,1,16.123,7.892,0.000,348,51992,3118,0
6540,12.310,5.640,5.408,0.064,0.012,0.155,0,15.889,7.941,0.000,0,264,0,0
6541,24.348,24.348,14.481,9.294,0.446,0.128,1,15.889,7.941,0.000,348,51992,3118,0
6542,9.012,5.853,5.530,0.066,0.011,0.246,0,14.479,7.515,0.000,0,264,0,0
6543,22.373,22.373,13.502,8.054,0.328,0.490,1,14.479,7.515,0.000,348,51992,3117,0
6544,11.005,5.774,5.447,0.063,0.012,0.253,0,17.905,7.737,0.000,0,264,0,0
6545,20.949,20.949,12.376,7.790,0.499,0.284,1,17.905,7.737,0.000,346,51778,3111,0
6546,12.416,5.971,5.533,0.064,0.011,0.363,0,16.989,7.276,0.000,0,264,0,0
6547,20.882,20.882,12.292,7.749,0.400,0.441,1,16.989,7.276,0.000,346,51778,3111,0
6548,12.489,5.547,5.191,0.066,0.015,0.276,0,17.261,8.114,0.000,0,264,0,0
6549,25.141,25.141,15.647,8.646,0.409,0.439,1,17.261,8.114,0.000,346,51778,3111,0
6550,8.213,5.956,5.553,0.064,0.011,0.328,0,14.861,8.106,0.000,0,264,0,0
6551,23.750,23.750,14.364,8.631,0.378,0.378,1,14.861,8.106,0.000,346,51778,3111,0
6552,9.614,7.117,6.551,0.073,0.016,0.477,0,16.288,7.519,0.000,0,264,0,0
6553,22.245,22.245,13.087,8.411,0.275,0.472,1,16.288,7.519,0.000,346,51778,3111,0
6554,11.125,5.751,5.340,0.064,0.011,0.336,0,16.204,7.306,0.000,0,264,0,0
6555,22.026,22.026,13.450,7.779,0.370,0.427,1,16.204,7.306,0.000,346,51778,3111,0
6556,11.342,5.821,5.432,0.064,0.011,0.314,0,16.342,7.191,0.000,0,264,0,0
6557,22.390,22.390,12.424,8.566,1.013,0.387,1,16.342,7.191,0.000,346,51778,3111,0
6558,10.979,5.801,5.344,0.064,0.013,0.380,0,15.975,7.271,0.000,0,264,0,0
6559,23.794,23.794,14.945,8.119,0.445,0.285,1,15.975,7.271,0.000,346,51778,3110,0
6560,9.570,7.553,7.204,0.067,0.013,0.268,0,15.132,8.424,0.000,0,264,0,0
6561,22.938,22.938,14.588,7.624,0.302,0.424,1,15.132,8.424,0.000,346,51778,3111,0
6562,10.427,5.562,5.220,0.064,0.011,0.267,0,14.474,8.048,0.000,0,264,0,0
6563,23.719,23.719,13.683,9.346,0.454,0.236,1,14.474,8.048,0.000,346,51778,3111,0
6564,9.652,6.336,5.994,0.065,0.012,0.266,0,15.782,7.639,0.000,0,264,0,0
6565,21.656,21.656,12.708,8.453,0.284,0.211,1,15.782,7.639,0.000,346,51778,3112,0
6566,11.709,5.910,5.628,0.065,0.015,0.202,0,15.043,7.249,0.000,0,264,0,0
6567,23.573,23.573,14.352,8.572,0.395,0.253,1,15.043,7.249,0.000,346,51778,3111,0
6568,9.796,5.716,5.483,0.065,0.012,0.155,0,15.817,7.540,0.000,0,264,0,0
6569,20.342,20.342,12.205,7.587,0.353,0.196,1,15.817,7.540,0.000,346,51778,3111,0
6570,13.033,5.499,5.234,0.066,0.011,0.188,0,16.157,8.012,0.000,0,264,0,0
6571,22.486,22.486,14.103,7.714,0.470,0.200,1,16.157,8.012,0.000,346,51778,3111,0
6572,10.868,7.010,6.732,0.069,0.013,0.196,0,14.910,7.897,0.000,0,264,0,0
6573,21.496,21.496,13.107,7.627,0.445,0.317,1,14.910,7.897,0.000,346,51778,3110,0
6574,11.884,5.613,5.342,0.068,0.016,0.188,0,17.473,7.603,0.000,0,264,0,0
6575,20.635,20.635,12.227,7.805,0.402,0.201,1,17.473,7.603,0.000,346,51778,3112,0
6576,12.734,5.861,5.496,0.063,0.012,0.289,0,16.251,8.087,0.000,0,264,0,0
6577,20.518,20.518,12.284,7.564,0.393,0.277,1,16.251,8.087,0.000,346,51778,3111,0
6578,12.839,5.427,5.146,0.064,0.011,0.205,0,16.053,7.988,0.000,0,264,0,0
6579,20.634,20.634,12.389,7.558,0.405,0.282,1,16.053,7.988,0.000,346,51778,3111,0
6580,12.740,5.539,5.253,0.065,0.011,0.210,0,17.530,7.821,0.000,0,264,0,0
6581,20.692,20.692,12.452,7.558,0.457,0.225,1,17.530,7.821,0.000,346,51778,3111,0
6582,12.664,5.621,5.259,0.064,0.010,0.288,0,16.034,7.950,0.000,0,264,0,0
6583,21.560,21.560,13.331,7.585,0.417,0.227,1,16.034,7.950,0.000,346,51778,3111,0
6584,11.808,5.517,5.267,0.064,0.010,0.176,0,13.930,8.009,0.000,0,264,0,0
6585,24.560,24.560,15.650,8.201,0.409,0.300,1,13.930,8.009,0.000,346,51778,3111,0
6586,8.801,5.955,5.623,0.064,0.015,0.253,0,14.834,7.741,0.000,0,264,0,0
6587,23.632,23.632,14.371,8.499,0.481,0.281,1,14.834,7.741,0.000,346,51778,3111,0
6588,9.754,5.950,5.551,0.064,0.014,0.321,0,16.143,7.591,0.000,0,264,0,0
6589,28.182,28.182,16.952,10.618,0.371,0.240,1,16.143,7.591,0.000,346,51778,3110,0
6590,5.988,5.988,5.684,0.066,0.013,0.225,0,16.143,7.591,0.000,0,264,0,0
6591,30.481,30.481,15.069,14.583,0.442,0.386,1,13.775,3.422,1.216,346,51778,2298,25565
6592,6.528,6.528,6.162,0.069,0.015,0.283,0,13.775,3.422,1.216,0,264,0,0
6593,20.461,20.461,12.217,7.641,0.314,0.289,1,13.775,3.422,0.000,346,51778,3109,0
6594,8.456,5.612,5.189,0.064,0.011,0.347,0,16.179,8.144,0.000,0,264,0,0
6595,20.680,20.680,12.208,7.553,0.673,0.245,1,16.179,8.144,0.000,347,51778,3113,0
6596,12.686,5.554,5.210,0.063,0.011,0.270,0,17.090,8.002,0.000,0,264,0,0
6597,20.726,20.726,12.365,7.709,0.410,0.242,1,17.090,8.002,0.000,346,51778,3111,0
6598,12.636,5.529,5.224,0.063,0.013,0.228,0,16.390,7.374,0.000,0,264,0,0
6599,22.487,22.487,14.061,7.715,0.409,0.303,1,16.390,7.374,0.000,346,51778,3111,0
6600,10.878,5.721,5.393,0.064,0.010,0.253,0,14.110,8.126,0.000,0,264,0,0
6601,23.837,23.837,14.398,8.698,0.372,0.368,1,14.110,8.126,0.000,346,51778,3111,0
6602,9.528,6.781,6.195,0.066,0.012,0.508,0,16.228,7.598,0.000,0,264,0,0
6603,29.626,29.626,16.147,12.536,0.510,0.434,1,16.228,7.598,0.000,347,51782,3123,0
6604,5.808,5.808,5.368,0.067,0.010,0.363,0,17.929,7.521,0.000,0,268,0,0
6605,24.417,24.417,14.628,8.772,0.488,0.530,1,17.929,7.521,0.000,347,51782,3116,0
6606,6.881,6.009,5.483,0.066,0.011,0.448,0,17.182,7.710,0.000,0,268,0,0
6607,21.715,21.715,13.248,7.778,0.306,0.384,1,17.182,7.710,0.000,347,51782,3117,0
6608,11.650,6.467,5.932,0.064,0.012,0.459,0,16.135,7.404,0.000,0,268,0,0
6609,21.169,21.169,12.278,8.138,0.386,0.367,1,16.135,7.404,0.000,347,51782,3117,0
6610,12.199,7.359,6.903,0.073,0.016,0.367,0,16.953,8.016,0.000,0,268,0,0
6611,26.254,26.254,17.412,7.937,0.426,0.479,1,16.953,8.016,0.000,347,51782,3117,0
6612,7.155,6.253,5.810,0.067,0.017,0.361,0,14.262,7.887,0.000,0,268,0,0
6613,22.424,22.424,13.776,7.890,0.401,0.358,1,14.262,7.887,0.000,347,51782,3117,0
6614,11.000,6.696,6.223,0.069,0.014,0.390,0,16.146,7.738,0.000,0,292,0,0
6615,26.336,26.336,16.213,9.348,0.450,0.324,1,16.146,7.738,0.000,348,51830,3131,0
6616,6.927,6.751,6.418,0.067,0.013,0.253,0,13.754,7.913,0.000,0,340,0,0
6617,23.147,23.147,14.107,8.404,0.300,0.336,1,13.754,7.913,0.000,348,51878,3131,0
6618,10.222,5.886,5.569,0.069,0.013,0.235,0,16.184,8.594,0.000,0,384,0,0
6619,22.906,22.906,14.283,7.983,0.398,0.242,1,16.184,8.594,0.000,349,51898,3144,0
6620,10.494,6.115,5.840,0.067,0.011,0.197,0,14.621,7.931,0.000,0,384,0,0
6621,24.393,24.393,14.969,8.726,0.438,0.261,1,14.621,7.931,0.000,349,51898,3143,0
6622,8.960,5.924,5.651,0.068,0.012,0.193,0,15.860,7.711,0.000,0,384,0,0
6623,22.368,22.368,13.235,8.534,0.335,0.264,1,15.860,7.711,0.000,349,51898,3144,0
6624,10.980,6.344,6.059,0.068,0.011,0.205,0,15.737,7.444,0.000,0,384,0,0
6625,20.850,20.850,12.379,7.808,0.432,0.232,1,15.737,7.444,0.000,349,51898,3144,0
6626,12.526,5.618,5.257,0.066,0.012,0.283,0,16.347,8.172,0.000,0,384,0,0
6627,20.699,20.699,12.327,7.699,0.429,0.244,1,16.347,8.172,0.000,349,51898,3144,0
6628,12.669,5.679,5.387,0.067,0.012,0.212,0,17.620,7.332,0.000,0,384,0,0
6629,20.800,20.800,12.369,7.693,0.444,0.293,1,17.620,7.332,0.000,349,51898,3144,0
6630,12.566,5.725,5.393,0.067,0.011,0.254,0,17.545,7.413,0.000,0,384,0,0
6631,20.845,20.845,12.357,7.722,0.437,0.329,1,17.545,7.413,0.000,349,51898,3144,0
6632,12.516,5.928,5.401,0.067,0.013,0.448,0,16.165,8.008,0.000,0,384,0,0
6633,23.941,23.941,13.779,9.238,0.548,0.376,1,16.165,8.008,0.000,349,51898,3144,0
6634,9.423,5.988,5.584,0.068,0.012,0.324,0,16.472,7.659,0.000,0,384,0,0
6635,22.918,22.918,13.033,9.042,0.374,0.469,1,16.472,7.659,0.000,349,51898,3143,0
6636,10.448,5.903,5.460,0.072,0.011,0.360,0,16.521,7.318,0.000,0,384,0,0
6637,21.316,21.316,12.318,8.309,0.360,0.329,1,16.521,7.318,0.000,349,51898,3144,0
6638,12.060,6.463,6.012,0.069,0.010,0.371,0,15.531,7.269,0.000,0,384,0,0
6639,24.418,24.418,15.606,8.045,0.465,0.302,1,15.531,7.269,0.000,349,51898,3144,0
6640,8.937,5.828,5.477,0.066,0.011,0.273,0,15.058,8.395,0.000,0,384,0,0
6641,23.708,23.708,14.992,7.836,0.490,0.390,1,15.058,8.395,0.000,349,51898,3144,0
6642,9.657,5.859,5.492,0.067,0.010,0.290,0,15.103,8.022,0.000,0,384,0,0
6643,23.689,23.689,14.934,8.102,0.337,0.316,1,15.103,8.022,0.000,349,51898,3144,0
6644,9.681,6.469,6.041,0.068,0.013,0.348,0,15.997,7.716,0.000,0,384,0,0
6645,22.208,22.208,13.806,7.821,0.271,0.311,1,15.997,7.716,0.000,349,51898,3144,0
6646,11.157,5.951,5.548,0.068,0.012,0.322,0,15.642,7.330,0.000,0,384,0,0
6647,20.979,20.979,12.220,8.012,0.393,0.355,1,15.642,7.330,0.000,349,51898,3144,0
6648,12.390,5.634,5.305,0.068,0.014,0.247,0,16.320,8.225,0.000,0,384,0,0
6649,21.119,21.119,12.518,7.934,0.408,0.258,1,16.320,8.225,0.000,349,51898,3144,0
6650,12.247,6.015,5.613,0.066,0.011,0.325,0,17.036,7.391,0.000,0,384,0,0
6651,21.003,21.003,12.456,7.727,0.436,0.383,1,17.036,7.391,0.000,348,51894,3130,0
6652,12.364,5.772,5.374,0.068,0.018,0.312,0,17.208,7.885,0.000,0,380,0,0
6653,23.333,23.333,14.703,7.798,0.403,0.429,1,17.208,7.885,0.000,346,51778,3110,0
6654,10.039,5.847,5.479,0.064,0.010,0.294,0,14.155,8.103,0.000,0,264,0,0
6655,22.538,22.538,14.143,7.684,0.391,0.320,1,14.155,8.103,0.000,346,51778,3110,0
6656,10.822,6.119,5.657,0.064,0.012,0.387,0,14.430,8.204,0.000,0,264,0,0
6657,22.889,22.889,14.002,8.072,0.467,0.348,1,14.430,8.204,0.000,346,51778,3110,0
6658,10.487,6.009,5.639,0.064,0.011,0.296,0,17.964,7.708,0.000,0,264,0,0
6659,21.395,21.395,12.798,7.845,0.317,0.434,1,17.964,7.708,0.000,346,51778,3110,0
6660,11.971,5.954,5.608,0.064,0.011,0.270,0,17.978,7.496,0.000,0,264,0,0
6661,23.326,23.326,12.992,9.623,0.428,0.283,1,17.978,7.496,0.000,347,51908,3121,0
6662,10.039,5.955,5.531,0.064,0.013,0.348,0,19.012,7.390,0.000,0,264,0,0
6663,21.130,21.130,12.708,7.857,0.306,0.258,1,19.012,7.390,0.000,347,52032,3116,0
6664,12.232,6.896,6.584,0.063,0.012,0.237,0,14.331,8.155,0.000,0,264,0,0
6665,24.125,24.125,14.699,8.563,0.436,0.427,1,14.331,8.155,0.000,346,51778,3112,0
6666,9.241,5.788,5.456,0.068,0.012,0.253,0,16.498,7.581,0.000,0,264,0,0
6667,22.191,22.191,13.247,8.476,0.288,0.180,1,16.498,7.581,0.000,346,51778,3113,0
6668,11.175,5.718,5.368,0.064,0.011,0.275,0,14.940,7.331,0.000,0,264,0,0
6669,21.355,21.355,12.465,8.283,0.376,0.231,1,14.940,7.331,0.000,346,51778,3113,0
6670,12.022,6.234,5.948,0.064,0.012,0.210,0,15.337,7.498,0.000,0,264,0,0
6671,24.313,24.313,15.437,8.159,0.401,0.315,1,15.337,7.498,0.000,346,51778,3113,0
6672,9.040,5.921,5.611,0.063,0.013,0.233,0,15.236,8.577,0.000,0,264,0,0
6673,22.374,22.374,13.635,8.047,0.457,0.236,1,15.236,8.577,0.000,346,51778,3113,0
6674,10.997,5.778,5.459,0.063,0.012,0.244,0,17.129,7.644,0.000,0,264,0,0
6675,20.787,20.787,12.614,7.629,0.310,0.234,1,17.129,7.644,0.000,346,51778,3113,0
6676,12.576,6.686,6.412,0.064,0.012,0.199,0,16.863,7.349,0.000,0,264,0,0
6677,23.617,23.617,14.955,7.929,0.403,0.330,1,16.863,7.349,0.000,346,51778,3113,0
6678,9.754,6.424,6.152,0.064,0.014,0.194,0,16.035,7.559,0.000,0,264,0,0
6679,22.297,22.297,13.676,7.988,0.420,0.214,1,16.035,7.559,0.000,346,51778,3113,0
6680,11.069,6.473,6.094,0.066,0.013,0.300,0,16.241,7.675,0.000,0,264,0,0
6681,23.641,23.641,15.131,7.828,0.391,0.292,1,16.241,7.675,0.000,346,51778,3112,0
6682,9.741,6.229,5.882,0.073,0.010,0.264,0,13.925,7.305,0.000,0,264,0,0
6683,25.082,25.082,15.935,8.198,0.548,0.401,1,13.925,7.305,0.000,346,51778,3113,0
6684,8.267,5.860,5.510,0.065,0.012,0.274,0,15.475,7.802,0.000,0,264,0,0
6685,24.098,24.098,14.622,8.614,0.532,0.329,1,15.475,7.802,0.000,346,51778,3113,0
6686,9.292,5.935,5.546,0.065,0.012,0.312,0,16.087,7.886,0.000,0,264,0,0
6687,23.667,23.667,15.102,7.932,0.327,0.307,1,16.087,7.886,0.000,346,51778,3114,0
6688,9.674,5.960,5.666,0.065,0.012,0.217,0,15.148,8.359,0.000,0,264,0,0
6689,22.512,22.512,13.687,8.051,0.431,0.343,1,15.148,8.359,0.000,346,51778,3113,0
6690,10.866,6.047,5.718,0.065,0.013,0.251,0,17.804,7.649,0.000,0,264,0,0
6691,20.865,20.865,12.479,7.808,0.299,0.278,1,17.804,7.649,0.000,346,51778,3113,0
6692,12.502,6.018,5.560,0.064,0.013,0.380,0,17.657,7.604,0.000,0,264,0,0
6693,20.804,20.804,12.238,7.739,0.436,0.392,1,17.657,7.604,0.000,346,51778,3113,0
6694,12.555,5.717,5.364,0.063,0.010,0.279,0,17.014,7.310,0.000,0,264,0,0
6695,21.455,21.455,12.824,7.796,0.411,0.424,1,17.014,7.310,0.000,346,51778,3112,0
6696,11.920,5.677,5.321,0.064,0.011,0.282,0,16.472,8.063,0.000,0,264,0,0
6697,21.479,21.479,12.706,7.980,0.363,0.431,1,16.472,8.063,0.000,346,51778,3114,0
6698,11.887,5.733,5.325,0.063,0.010,0.335,0,17.653,7.389,0.000,0,264,0,0
6699,20.845,20.845,12.355,7.747,0.392,0.351,1,17.653,7.389,0.000,346,51778,3113,0
6700,12.511,5.919,5.405,0.065,0.011,0.438,0,16.656,8.063,0.000,0,264,0,0
6701,21.086,21.086,12.679,7.648,0.394,0.365,1,16.656,8.063,0.000,346,51778,3113,0
6702,12.285,5.751,5.346,0.065,0.012,0.328,0,17.026,8.002,0.000,0,264,0,0
6703,21.196,21.196,12.549,7.813,0.408,0.426,1,17.026,8.002,0.000,346,51778,3113,0
6704,12.175,5.724,5.352,0.063,0.013,0.295,0,17.906,7.361,0.000,0,264,0,0
6705,20.918,20.918,12.430,7.749,0.401,0.337,1,17.906,7.361,0.000,346,51778,3114,0
6706,12.450,5.928,5.450,0.064,0.019,0.396,0,17.154,7.871,0.000,0,264,0,0
6707,20.780,20.780,12.411,7.623,0.423,0.322,1,17.154,7.871,0.000,346,51778,3113,0
6708,12.578,5.981,5.615,0.064,0.013,0.289,0,16.269,7.957,0.000,0,264,0,0
6709,22.298,22.298,13.793,7.698,0.417,0.390,1,16.269,7.957,0.000,346,51778,3113,0
6710,11.072,5.876,5.438,0.064,0.012,0.363,0,15.069,7.338,0.000,0,264,0,0
6711,22.324,22.324,13.813,7.677,0.475,0.359,1,15.069,7.338,0.000,346,51778,3112,0
6712,11.042,5.959,5.474,0.065,0.012,0.408,0,13.831,8.484,0.000,0,264,0,0
6713,24.401,24.401,14.988,8.600,0.446,0.367,1,13.831,8.484,0.000,346,51778,3113,0
6714,8.962,5.709,5.307,0.065,0.012,0.326,0,16.244,7.805,0.000,0,264,0,0
6715,22.288,22.288,13.100,8.463,0.272,0.455,1,16.244,7.805,0.000,347,51778,3115,0
6716,11.079,5.735,5.380,0.064,0.014,0.277,0,16.237,7.451,0.000,0,264,0,0
6717,23.804,23.804,15.170,7.905,0.444,0.285,1,16.237,7.451,0.000,344,51640,3106,0
6718,9.560,6.098,5.692,0.065,0.012,0.329,0,15.044,8.306,0.000,0,264,0,0
6719,24.331,24.331,14.429,8.535,0.418,0.950,1,15.044,8.306,0.000,344,51640,3106,0
6720,9.040,5.958,5.558,0.065,0.013,0.322,0,16.018,7.771,0.000,0,264,0,0
6721,22.130,22.130,13.000,8.311,0.285,0.533,1,16.018,7.771,0.000,344,51640,3106,0
6722,11.232,7.649,7.221,0.068,0.016,0.344,0,16.858,7.334,0.000,0,264,0,0
6723,23.681,23.681,14.961,7.928,0.447,0.344,1,16.858,7.334,0.000,345,51640,3108,0
6724,9.685,6.071,5.564,0.064,0.011,0.432,0,14.978,7.451,0.000,0,264,0,0
6725,23.174,23.174,14.656,7.576,0.548,0.394,1,14.978,7.451,0.000,344,51640,3105,0
6726,10.194,5.749,5.374,0.064,0.011,0.300,0,15.081,7.294,0.000,0,264,0,0
6727,22.898,22.898,14.447,7.571,0.463,0.416,1,15.081,7.294,0.000,344,51640,3106,0
6728,10.473,5.660,5.289,0.064,0.010,0.297,0,13.661,8.462,0.000,0,264,0,0
6729,22.936,22.936,14.271,7.964,0.368,0.333,1,13.661,8.462,0.000,344,51640,3106,0
6730,10.435,7.652,7.162,0.075,0.010,0.405,0,17.703,7.425,0.000,0,264,0,0
6731,23.056,23.056,13.251,9.068,0.386,0.351,1,17.703,7.425,0.000,344,51640,3106,0
6732,10.305,5.708,5.329,0.066,0.013,0.300,0,15.972,7.567,0.000,0,264,0,0
6733,21.227,21.227,12.316,8.192,0.261,0.457,1,15.972,7.567,0.000,345,51640,3108,0
6734,12.141,7.736,7.389,0.067,0.012,0.268,0,15.669,7.262,0.000,0,264,0,0
6735,23.727,23.727,14.840,8.129,0.454,0.304,1,15.669,7.262,0.000,344,51640,3106,0
6736,9.635,6.019,5.595,0.065,0.011,0.348,0,15.521,7.533,0.000,0,264,0,0
6737,21.739,21.739,13.561,7.589,0.299,0.290,1,15.521,7.533,0.000,344,51640,3106,0
6738,11.637,5.792,5.471,0.063,0.011,0.247,0,14.370,7.847,0.000,0,264,0,0
6739,22.275,22.275,13.948,7.640,0.406,0.281,1,14.370,7.847,0.000,344,51640,3105,0
6740,11.084,5.848,5.478,0.064,0.011,0.295,0,14.581,7.839,0.000,0,264,0,0
6741,22.038,22.038,13.864,7.507,0.377,0.291,1,14.581,7.839,0.000,344,51640,3106,0
6742,11.329,6.631,6.133,0.071,0.014,0.412,0,14.426,8.119,0.000,0,264,0,0
6743,21.940,21.940,13.092,8.237,0.341,0.271,1,14.426,8.119,0.000,344,51640,3106,0
6744,11.436,5.704,5.366,0.064,0.016,0.258,0,15.678,7.667,0.000,0,264,0,0
6745,22.488,22.488,13.427,8.322,0.373,0.367,1,15.678,7.667,0.000,345,51894,3109,0
6746,10.873,5.751,5.417,0.064,0.012,0.259,0,16.226,7.475,0.000,0,264,0,0
6747,21.958,21.958,12.466,8.295,0.929,0.268,1,16.226,7.475,0.000,345,51770,3109,0
6748,11.409,5.657,5.263,0.065,0.011,0.318,0,15.589,7.387,0.000,0,264,0,0
6749,21.230,21.230,12.469,8.150,0.346,0.265,1,15.589,7.387,0.000,345,51770,3109,0
6750,12.132,7.080,6.693,0.074,0.018,0.294,0,15.369,7.355,0.000,0,264,0,0
6751,20.973,20.973,12.476,7.677,0.400,0.419,1,15.369,7.355,0.000,345,51770,3109,0
6752,12.399,5.638,5.274,0.065,0.014,0.286,0,17.309,8.080,0.000,0,264,0,0
6753,24.837,24.837,14.965,9.179,0.411,0.282,1,17.309,8.080,0.000,345,51770,3108,0
6754,8.523,6.769,6.329,0.097,0.011,0.333,0,14.145,7.658,0.000,0,264,1,0
6755,23.608,23.608,14.559,8.465,0.261,0.323,1,14.145,7.658,0.000,345,51770,3108,0
6756,9.763,5.761,5.457,0.064,0.012,0.228,0,13.888,7.490,0.000,0,264,0,0
6757,22.198,22.198,13.877,7.566,0.432,0.324,1,13.888,7.490,0.000,345,51770,3109,0
6758,11.167,5.627,5.338,0.065,0.011,0.213,0,13.840,8.527,0.000,0,264,0,0
6759,21.565,21.565,13.356,7.564,0.400,0.245,1,13.840,8.527,0.000,345,51770,3109,0
6760,11.807,7.074,6.702,0.076,0.011,0.285,0,15.369,7.869,0.000,0,264,0,0
6761,23.313,23.313,13.915,8.674,0.443,0.282,1,15.369,7.869,0.000,345,51770,3110,0
6762,10.051,5.614,5.333,0.064,0.011,0.206,0,15.623,7.568,0.000,0,264,0,0
6763,22.242,22.242,12.812,8.178,0.990,0.262,1,15.623,7.568,0.000,345,51770,3109,0
6764,11.123,5.712,5.448,0.064,0.010,0.190,0,15.445,7.210,0.000,0,264,0,0
6765,21.291,21.291,12.379,8.331,0.374,0.207,1,15.445,7.210,0.000,345,51770,3109,0
6766,12.075,6.308,6.022,0.064,0.011,0.210,0,15.025,7.309,0.000,0,264,0,0
6767,20.521,20.521,12.395,7.571,0.387,0.167,1,15.025,7.309,0.000,345,51894,3109,0
6768,12.855,5.540,5.314,0.064,0.012,0.149,0,16.540,7.355,0.000,0,264,0,0
6769,20.781,20.781,12.613,7.526,0.389,0.253,1,16.540,7.355,0.000,344,51640,3105,0
6770,12.581,5.602,5.316,0.065,0.012,0.210,0,16.797,8.034,0.000,0,264,0,0
6771,22.155,22.155,13.491,8.087,0.386,0.191,1,16.797,8.034,0.000,344,51640,3107,0
6772,11.213,5.693,5.383,0.064,0.012,0.234,0,16.761,7.459,0.000,0,264,0,0
6773,24.280,24.280,15.804,7.898,0.374,0.203,1,16.761,7.459,0.000,344,51640,3106,0
6774,9.084,5.753,5.508,0.064,0.012,0.169,0,13.867,7.493,0.000,0,264,0,0
6775,24.047,24.047,15.242,8.076,0.488,0.241,1,13.867,7.493,0.000,344,51640,3106,0
6776,9.318,6.158,5.887,0.065,0.013,0.194,0,15.191,7.532,0.000,0,264,0,0
6777,23.450,23.450,14.328,8.496,0.403,0.222,1,15.191,7.532,0.000,344,51640,3106,0
6778,9.920,5.592,5.316,0.064,0.010,0.202,0,15.619,7.500,0.000,0,264,0,0
6779,22.108,22.108,13.827,7.752,0.297,0.232,1,15.619,7.500,0.000,344,51640,3107,0
6780,11.261,5.630,5.285,0.064,0.011,0.271,0,15.070,7.201,0.000,0,264,0,0
6781,21.276,21.276,12.366,8.175,0.370,0.365,1,15.070,7.201,0.000,345,51894,3109,0
6782,12.085,6.291,5.962,0.065,0.011,0.254,0,15.916,7.277,0.000,0,264,0,0
6783,20.543,20.543,12.314,7.556,0.388,0.285,1,15.916,7.277,0.000,345,51770,3109,0
6784,12.829,6.071,5.545,0.064,0.020,0.442,0,16.565,7.966,0.000,0,264,0,0
6785,20.839,20.839,12.331,7.735,0.428,0.345,1,16.565,7.966,0.000,345,51770,3108,0
6786,12.532,5.998,5.637,0.066,0.012,0.284,0,17.292,7.830,0.000,0,264,0,0
6787,20.767,20.767,12.235,7.737,0.416,0.379,1,17.292,7.830,0.000,345,51770,3109,0
6788,12.600,5.636,5.285,0.064,0.012,0.275,0,16.743,8.027,0.000,0,264,0,0
6789,22.349,22.349,13.559,7.972,0.522,0.296,1,16.743,8.027,0.000,346,51894,3111,0
6790,11.012,7.125,6.672,0.066,0.011,0.375,0,15.562,8.443,0.000,0,264,0,0
6791,24.074,24.074,15.268,8.050,0.455,0.301,1,15.562,8.443,0.000,344,51640,3104,0
6792,9.289,6.249,5.941,0.064,0.010,0.234,0,14.553,8.307,0.000,0,264,0,0
6793,23.715,23.715,14.377,8.508,0.486,0.343,1,14.553,8.307,0.000,344,51640,3106,0
6794,9.656,6.392,6.013,0.065,0.013,0.301,0,16.270,7.534,0.000,0,268,0,0
6795,21.856,21.856,12.478,8.238,0.307,0.834,1,16.270,7.534,0.000,345,51644,3113,0
6796,11.510,5.741,5.346,0.069,0.012,0.314,0,15.464,7.199,0.000,0,268,0,0
6797,23.069,23.069,13.797,8.588,0.410,0.274,1,15.464,7.199,0.000,346,51644,3115,0
6798,10.296,5.837,5.437,0.066,0.012,0.322,0,14.631,7.408,0.000,0,268,0,0
6799,22.384,22.384,13.828,7.836,0.407,0.313,1,14.631,7.408,0.000,345,51644,3112,0
6800,10.980,5.881,5.498,0.066,0.012,0.306,0,14.514,7.997,0.000,0,268,0,0
6801,23.908,23.908,13.830,9.225,0.433,0.419,1,14.514,7.997,0.000,345,51644,3113,0
6802,9.461,6.306,6.008,0.066,0.011,0.221,0,16.212,7.697,0.000,0,268,0,0
6803,35.011,35.011,15.450,18.867,0.465,0.230,1,16.212,7.697,0.000,345,51644,3113,0
6804,10.052,10.052,9.720,0.073,0.016,0.243,0,15.756,9.366,0.000,0,268,0,0
6805,6.897,6.897,6.622,0.067,0.012,0.196,0,15.756,9.366,0.000,0,292,0,0
6806,22.556,22.556,13.639,8.283,0.443,0.192,1,15.756,9.366,0.000,346,51692,3127,0
6807,10.002,9.811,9.467,0.077,0.019,0.248,0,15.476,8.530,0.000,0,340,0,0
6808,24.258,24.258,14.786,8.853,0.408,0.211,1,15.476,8.530,0.000,347,51740,3129,0
6809,8.044,7.638,7.309,0.069,0.014,0.246,0,15.476,8.530,0.000,0,376,0,0
6810,28.180,28.180,17.941,9.461,0.403,0.377,1,15.119,11.992,0.000,347,51752,3140,0
6811,5.868,5.868,5.526,0.068,0.011,0.263,0,17.219,8.053,0.000,0,376,0,0
6812,25.193,25.193,15.283,9.251,0.344,0.315,1,17.219,8.053,0.000,347,51752,3140,0
6813,7.451,6.413,5.974,0.068,0.012,0.360,0,16.525,7.947,0.000,0,376,0,0
6814,24.076,24.076,15.367,7.945,0.409,0.354,1,16.525,7.947,0.000,347,51752,3139,0
6815,9.294,6.015,5.593,0.068,0.013,0.341,0,14.587,8.088,0.000,0,376,0,0
6816,23.214,23.214,14.738,7.698,0.297,0.482,1,14.587,8.088,0.000,347,51752,3140,0
6817,10.156,5.753,5.338,0.066,0.010,0.338,0,14.469,7.797,0.000,0,376,0,0
6818,22.682,22.682,13.973,7.816,0.421,0.471,1,14.469,7.797,0.000,347,51752,3140,0
6819,10.685,6.105,5.442,0.081,0.011,0.572,0,14.263,7.918,0.000,0,376,0,0
6820,23.101,23.101,14.381,7.904,0.433,0.383,1,14.263,7.918,0.000,347,51752,3140,0
6821,10.262,5.881,5.479,0.067,0.011,0.325,0,14.895,8.069,0.000,0,376,0,0
6822,22.959,22.959,14.439,7.651,0.440,0.430,1,14.895,8.069,0.000,347,51752,3140,0
6823,10.408,5.811,5.434,0.067,0.011,0.299,0,15.010,7.437,0.000,0,376,0,0
6824,22.613,22.613,13.831,7.875,0.411,0.496,1,15.010,7.437,0.000,347,51752,3140,0
6825,10.753,6.026,5.568,0.067,0.011,0.381,0,15.145,7.911,0.000,0,376,0,0
6826,22.561,22.561,13.313,8.586,0.363,0.300,1,15.145,7.911,0.000,347,51752,3140,0
6827,10.806,7.026,6.675,0.071,0.011,0.269,0,17.340,7.732,0.000,0,376,0,0
6828,22.614,22.614,13.807,8.072,0.360,0.374,1,17.340,7.732,0.000,347,51752,3140,0
6829,10.749,8.633,8.173,0.071,0.015,0.373,0,15.243,7.428,0.000,0,376,0,0
6830,23.923,23.923,14.959,8.193,0.420,0.350,1,15.243,7.428,0.000,347,51752,3139,0
6831,9.447,6.181,5.665,0.067,0.015,0.433,0,14.141,8.209,0.000,0,376,0,0
6832,22.662,22.662,14.169,7.723,0.421,0.349,1,14.141,8.209,0.000,347,51752,3140,0
6833,10.709,5.762,5.420,0.066,0.010,0.265,0,14.719,7.872,0.000,0,376,0,0
6834,22.637,22.637,14.246,7.656,0.360,0.374,1,14.719,7.872,0.000,347,51752,3140,0
6835,10.728,5.919,5.566,0.067,0.012,0.274,0,14.972,7.602,0.000,0,376,0,0
6836,22.618,22.618,14.122,7.822,0.389,0.286,1,14.972,7.602,0.000,347,51752,3141,0
6837,10.746,6.057,5.604,0.068,0.012,0.373,0,14.578,8.304,0.000,0,376,0,0
6838,22.470,22.470,13.136,8.565,0.396,0.373,1,14.578,8.304,0.000,347,51752,3140,0
6839,10.896,8.663,8.208,0.070,0.017,0.368,0,17.332,7.308,0.000,0,376,0,0
6840,24.202,24.202,15.328,7.902,0.436,0.536,1,17.332,7.308,0.000,347,51752,3140,0
6841,9.176,7.382,6.894,0.072,0.015,0.402,0,14.908,7.873,0.000,0,376,0,0
6842,25.670,25.670,16.851,8.027,0.356,0.437,1,14.908,7.873,0.000,346,51748,3127,0
6843,7.688,7.478,6.827,0.070,0.015,0.566,0,14.077,7.485,0.000,0,372,0,0
6844,23.620,23.620,14.148,8.558,0.413,0.502,1,14.077,7.485,0.000,344,51640,3105,0
6845,9.747,6.740,6.287,0.069,0.012,0.373,0,16.701,7.391,0.000,0,264,0,0
6846,21.257,21.257,12.659,7.802,0.290,0.507,1,16.701,7.391,0.000,344,51640,3107,0
6847,12.114,6.257,5.795,0.067,0.017,0.379,0,17.096,8.018,0.000,0,264,0,0
6848,22.585,22.585,14.077,7.664,0.416,0.428,1,17.096,8.018,0.000,344,51640,3106,0
6849,10.779,5.972,5.436,0.064,0.012,0.459,0,15.788,7.354,0.000,0,264,0,0
6850,22.443,22.443,13.313,8.410,0.350,0.370,1,15.788,7.354,0.000,344,51640,3106,0
6851,10.924,5.920,5.539,0.063,0.011,0.307,0,16.265,7.433,0.000,0,264,0,0
6852,21.773,21.773,12.767,8.218,0.375,0.412,1,16.265,7.433,0.000,344,51640,3110,0
6853,11.593,6.423,6.021,0.064,0.012,0.326,0,15.999,7.300,0.000,0,264,0,0
6854,24.102,24.102,15.354,7.956,0.440,0.351,1,15.999,7.300,0.000,344,51640,3111,0
6855,9.265,6.277,5.830,0.064,0.011,0.371,0,15.648,7.687,0.000,0,264,0,0
6856,22.417,22.417,13.573,8.155,0.434,0.255,1,15.648,7.687,0.000,344,51640,3110,0
6857,10.957,5.811,5.519,0.065,0.012,0.215,0,16.609,8.254,0.000,0,264,0,0
6858,21.038,21.038,12.686,7.761,0.293,0.299,1,16.609,8.254,0.000,344,51640,3110,0
6859,12.339,7.239,6.742,0.064,0.012,0.420,0,17.128,7.955,0.000,0,264,0,0
6860,23.982,23.982,14.796,8.486,0.390,0.310,1,17.128,7.955,0.000,344,51640,3109,0
6861,9.368,7.526,7.082,0.068,0.016,0.361,0,15.592,7.592,0.000,0,264,0,0
6862,23.723,23.723,14.088,9.009,0.262,0.364,1,15.592,7.592,0.000,344,51640,3110,0
6863,9.646,5.673,5.342,0.063,0.011,0.257,0,13.722,7.510,0.000,0,264,0,0
6864,24.018,24.018,15.220,8.009,0.409,0.379,1,13.722,7.510,0.000,344,51640,3110,0
6865,9.342,7.584,7.202,0.064,0.011,0.307,0,15.106,7.939,0.000,0,264,0,0
6866,21.955,21.955,13.753,7.595,0.304,0.303,1,15.106,7.939,0.000,344,51640,3110,0
6867,11.445,6.020,5.591,0.064,0.011,0.354,0,15.078,7.401,0.000,0,264,0,0
6868,25.148,25.148,15.398,8.450,0.980,0.320,1,15.078,7.401,0.000,344,51640,3110,0
6869,8.189,6.306,5.880,0.073,0.014,0.339,0,14.196,7.377,0.000,0,264,0,0
6870,22.644,22.644,13.766,7.915,0.461,0.501,1,14.196,7.377,0.000,344,51640,3110,0
6871,10.733,6.023,5.560,0.064,0.012,0.387,0,18.574,7.654,0.000,0,264,0,0
6872,25.725,25.725,16.353,8.572,0.394,0.407,1,18.574,7.654,0.000,344,51640,3111,0
6873,7.630,6.300,5.741,0.066,0.011,0.482,0,15.043,7.596,0.000,0,264,0,0
6874,22.106,22.106,12.379,8.961,0.255,0.511,1,15.043,7.596,0.000,344,51640,3109,0
6875,11.261,6.811,6.372,0.065,0.012,0.362,0,16.241,7.212,0.000,0,264,0,0
6876,25.269,25.269,16.342,7.960,0.443,0.524,1,16.241,7.212,0.000,344,51640,3110,0
6877,8.094,5.958,5.549,0.064,0.011,0.333,0,14.044,8.162,0.000,0,264,0,0
6878,22.775,22.775,13.859,8.106,0.436,0.374,1,14.044,8.162,0.000,344,51640,3110,0
6879,10.599,6.079,5.542,0.064,0.013,0.460,0,16.838,7.933,0.000,0,264,0,0
6880,22.536,22.536,13.307,8.463,0.375,0.390,1,16.838,7.933,0.000,344,51640,3110,0
6881,10.830,5.783,5.405,0.063,0.011,0.304,0,16.121,7.351,0.000,0,264,0,0
6882,22.049,22.049,12.405,8.266,0.453,0.926,1,16.121,7.351,0.000,345,51640,3112,0
6883,11.316,5.830,5.474,0.065,0.012,0.279,0,15.896,7.265,0.000,0,264,0,0
6884,21.326,21.326,12.482,8.208,0.305,0.331,1,15.896,7.265,0.000,344,51640,3110,0
6885,12.038,6.556,6.097,0.066,0.012,0.382,0,15.581,7.217,0.000,0,264,0,0
6886,20.999,20.999,12.352,7.914,0.450,0.284,1,15.581,7.217,0.000,344,51640,3110,0
6887,12.373,5.679,5.364,0.064,0.014,0.237,0,16.580,7.906,0.000,0,264,0,0
6888,21.205,21.205,12.612,7.790,0.429,0.375,1,16.580,7.906,0.000,344,51640,3109,0
6889,12.167,5.766,5.387,0.064,0.015,0.300,0,17.446,7.818,0.000,0,264,0,0
6890,21.123,21.123,12.744,7.709,0.368,0.302,1,17.446,7.818,0.000,344,51640,3108,0
6891,12.233,6.570,6.159,0.064,0.013,0.335,0,16.867,7.882,0.000,0,264,0,0
6892,22.730,22.730,14.396,7.658,0.405,0.272,1,16.867,7.882,0.000,344,51640,3111,0
6893,10.636,6.022,5.702,0.064,0.011,0.245,0,15.323,7.504,0.000,0,264,0,0
6894,24.177,24.177,15.404,8.018,0.405,0.350,1,15.323,7.504,0.000,344,51640,3110,0
6895,9.190,6.062,5.722,0.064,0.014,0.261,0,14.273,8.143,0.000,0,264,0,0
6896,23.211,23.211,14.873,7.611,0.398,0.330,1,14.273,8.143,0.000,344,51640,3110,0
6897,10.160,5.777,5.485,0.064,0.011,0.217,0,14.472,7.951,0.000,0,264,0,0
6898,22.427,22.427,14.106,7.578,0.466,0.277,1,14.472,7.951,0.000,344,51640,3110,0
6899,10.939,6.313,5.863,0.065,0.013,0.372,0,15.279,7.335,0.000,0,264,0,0
6900,23.945,23.945,13.713,8.820,1.098,0.314,1,15.279,7.335,0.000,344,51640,3110,0
6901,9.420,5.885,5.536,0.064,0.015,0.270,0,15.869,7.808,0.000,0,264,0,0
6902,20.837,20.837,12.306,7.603,0.562,0.367,1,15.869,7.808,0.000,344,51640,3109,0
6903,12.536,6.033,5.636,0.064,0.014,0.319,0,17.182,7.925,0.000,0,264,0,0
6904,20.887,20.887,12.448,7.633,0.410,0.395,1,17.182,7.925,0.000,344,51640,3110,0
6905,12.479,5.956,5.502,0.063,0.012,0.379,0,17.187,7.741,0.000,0,264,0,0
6906,20.641,20.641,12.283,7.617,0.444,0.297,1,17.187,7.741,0.000,344,51640,3110,0
6907,12.723,5.671,5.308,0.063,0.016,0.284,0,16.086,7.937,0.000,0,264,0,0
6908,24.424,24.424,15.611,7.899,0.523,0.392,1,16.086,7.937,0.000,343,51392,3104,0
6909,8.935,6.003,5.646,0.064,0.012,0.281,0,15.010,7.846,0.000,0,264,0,0
6910,22.721,22.721,13.793,8.222,0.408,0.297,1,15.010,7.846,0.000,343,51392,3106,0
6911,10.650,6.035,5.614,0.064,0.014,0.343,0,15.908,8.380,0.000,0,264,0,0
6912,21.898,21.898,13.764,7.525,0.321,0.288,1,15.908,8.380,0.000,343,51392,3105,0
6913,11.470,5.832,5.503,0.063,0.010,0.256,0,14.996,7.276,0.000,0,264,0,0
6914,23.988,23.988,15.216,7.928,0.430,0.414,1,14.996,7.276,0.000,343,51392,3105,0
6915,9.483,6.318,5.946,0.066,0.012,0.295,0,16.453,7.580,0.000,0,264,0,0
6916,21.562,21.562,12.975,7.990,0.316,0.282,1,16.453,7.580,0.000,343,51392,3105,0
6917,11.725,5.906,5.507,0.066,0.014,0.320,0,16.636,8.172,0.000,0,264,0,0
6918,27.613,27.613,17.909,9.014,0.372,0.318,1,16.127,7.388,0.000,343,51392,3104,0
6919,6.480,6.480,6.104,0.066,0.014,0.296,0,16.127,7.388,0.000,0,264,0,0
6920,21.096,21.096,12.688,7.765,0.328,0.315,1,16.127,7.388,0.000,343,51392,3106,0
6921,11.525,5.632,5.336,0.062,0.011,0.222,0,17.082,7.982,0.000,0,264,0,0
6922,20.856,20.856,12.473,7.702,0.441,0.239,1,17.082,7.982,0.000,343,51392,3105,0
6923,12.509,5.630,5.329,0.063,0.010,0.228,0,16.279,8.039,0.000,0,264,0,0
6924,21.569,21.569,13.403,7.545,0.435,0.186,1,16.279,8.039,0.000,343,51392,3105,0
6925,11.794,5.847,5.597,0.066,0.011,0.174,0,14.233,7.863,0.000,0,264,0,0
6926,22.740,22.740,14.028,8.052,0.413,0.247,1,14.233,7.863,0.000,343,51392,3105,0
6927,10.627,5.908,5.605,0.065,0.013,0.224,0,16.398,7.671,0.000,0,264,0,0
6928,20.741,20.741,12.462,7.613,0.327,0.340,1,16.398,7.671,0.000,343,51392,3105,0
6929,12.625,8.987,8.578,0.065,0.013,0.331,0,14.665,7.830,0.000,0,264,0,0
6930,23.415,23.415,13.931,8.235,0.390,0.858,1,14.665,7.830,0.000,343,51392,3105,0
6931,9.948,6.221,5.817,0.162,0.014,0.228,0,13.962,7.271,0.000,0,264,0,0
6932,21.970,21.970,13.346,7.844,0.468,0.312,1,13.962,7.271,0.000,343,51392,3104,0
6933,11.408,6.208,5.808,0.068,0.013,0.319,0,17.792,7.633,0.000,0,264,0,0
6934,20.934,20.934,12.482,7.734,0.428,0.289,1,17.792,7.633,0.000,343,51392,3105,0
6935,12.432,5.938,5.422,0.063,0.012,0.440,0,16.275,7.985,0.000,0,264,0,0
6936,20.991,20.991,12.701,7.537,0.420,0.333,1,16.275,7.985,0.000,343,51392,3105,0
6937,12.376,5.672,5.283,0.063,0.012,0.314,0,17.777,7.476,0.000,0,264,0,0
6938,20.857,20.857,12.433,7.545,0.440,0.440,1,17.777,7.476,0.000,343,51392,3106,0
6939,12.511,5.902,5.472,0.068,0.018,0.344,0,17.406,7.723,0.000,0,264,0,0
6940,20.899,20.899,12.526,7.608,0.402,0.363,1,17.406,7.723,0.000,343,51392,3105,0
6941,12.461,5.860,5.359,0.063,0.012,0.426,0,16.846,7.951,0.000,0,264,0,0
6942,22.102,22.102,13.206,8.176,0.387,0.333,1,16.846,7.951,0.000,343,51392,3105,0
6943,11.261,5.963,5.565,0.063,0.011,0.323,0,16.224,7.219,0.000,0,264,0,0
6944,25.005,25.005,16.106,8.042,0.440,0.416,1,16.224,7.219,0.000,343,51392,3105,0
6945,8.363,5.853,5.533,0.065,0.012,0.243,0,15.427,7.559,0.000,0,264,0,0
6946,23.746,23.746,14.033,9.031,0.423,0.260,1,15.427,7.559,0.000,343,51392,3104,0
6947,9.627,5.882,5.491,0.064,0.011,0.317,0,15.660,7.583,0.000,0,264,0,0
6948,24.133,24.133,15.463,7.972,0.350,0.348,1,15.660,7.583,0.000,343,51392,3106,0
6949,9.223,5.937,5.609,0.064,0.011,0.253,0,14.588,8.403,0.000,0,264,0,0
6950,22.389,22.389,13.803,7.834,0.433,0.319,1,14.588,8.403,0.000,343,51392,3105,0
6951,10.994,5.743,5.436,0.064,0.012,0.231,0,17.641,7.693,0.000,0,264,0,0
6952,20.378,20.378,12.245,7.594,0.301,0.238,1,17.641,7.693,0.000,343,51392,3105,0
6953,12.972,7.128,6.805,0.067,0.012,0.243,0,17.007,7.250,0.000,0,264,0,0
6954,23.434,23.434,14.299,8.494,0.413,0.228,1,17.007,7.250,0.000,343,51392,3105,0
6955,9.935,6.970,6.698,0.065,0.012,0.196,0,14.558,7.526,0.000,0,264,0,0
6956,23.519,23.519,14.934,7.988,0.319,0.278,1,14.558,7.526,0.000,343,51392,3105,0
6957,9.845,6.003,5.735,0.063,0.012,0.192,0,14.805,7.375,0.000,0,264,0,0
6958,23.851,23.851,14.595,8.487,0.491,0.278,1,14.805,7.375,0.000,343,51392,3105,0
6959,9.516,6.892,6.396,0.063,0.012,0.420,0,15.909,7.690,0.000,0,264,0,0
6960,23.729,23.729,14.482,8.529,0.418,0.300,1,15.909,7.690,0.000,343,51392,3104,0
6961,9.642,5.779,5.435,0.063,0.010,0.270,0,15.965,7.507,0.000,0,264,0,0
6962,22.242,22.242,13.405,8.157,0.294,0.386,1,15.965,7.507,0.000,343,51392,3105,0
6963,11.138,5.729,5.290,0.065,0.012,0.363,0,15.714,7.276,0.000,0,264,0,0
6964,24.239,24.239,15.662,7.818,0.424,0.335,1,15.714,7.276,0.000,343,51392,3105,0
6965,9.112,6.631,6.205,0.066,0.011,0.349,0,15.271,8.384,0.000,0,268,0,0
6966,22.514,22.514,13.702,8.109,0.430,0.273,1,15.271,8.384,0.000,344,51396,3113,0
6967,10.862,5.880,5.548,0.065,0.013,0.253,0,17.708,7.577,0.000,0,268,0,0
6968,20.901,20.901,12.376,7.826,0.288,0.410,1,17.708,7.577,0.000,344,51396,3112,0
6969,12.469,5.828,5.463,0.064,0.012,0.289,0,18.084,7.252,0.000,0,268,0,0
6970,20.872,20.872,12.375,7.762,0.447,0.287,1,18.084,7.252,0.000,344,51396,3112,0
6971,12.490,5.778,5.370,0.063,0.013,0.331,0,17.110,7.364,0.000,0,268,0,0
6972,22.367,22.367,14.021,7.666,0.389,0.291,1,17.110,7.364,0.000,344,51396,3112,0
6973,10.996,5.884,5.518,0.065,0.011,0.290,0,14.014,7.939,0.000,0,268,0,0
6974,24.078,24.078,14.626,8.592,0.464,0.397,1,14.014,7.939,0.000,344,51396,3111,0
6975,9.291,5.789,5.474,0.067,0.012,0.236,0,16.660,7.604,0.000,0,268,0,0
6976,22.203,22.203,13.351,8.336,0.250,0.265,1,16.660,7.604,0.000,345,51420,3127,0
6977,11.162,5.815,5.494,0.065,0.011,0.245,0,15.244,7.352,0.000,0,316,0,0
6978,22.067,22.067,13.782,7.681,0.343,0.262,1,15.244,7.352,0.000,345,51468,3126,0
6979,11.307,5.717,5.438,0.067,0.012,0.200,0,15.576,7.277,0.000,0,364,0,0
6980,25.136,25.136,16.260,8.108,0.407,0.361,1,15.576,7.277,0.000,346,51512,3139,0
6981,8.223,5.950,5.633,0.067,0.011,0.240,0,15.217,8.288,0.000,0,384,0,0
6982,23.939,23.939,15.102,8.118,0.443,0.276,1,15.217,8.288,0.000,346,51512,3139,0
6983,9.425,6.142,5.765,0.067,0.011,0.298,0,15.646,7.708,0.000,0,384,0,0
6984,23.830,23.830,15.090,7.994,0.384,0.361,1,15.646,7.708,0.000,346,51512,3140,0
6985,9.539,6.619,6.292,0.068,0.011,0.247,0,15.843,7.591,0.000,0,384,0,0
6986,22.272,22.272,13.201,8.406,0.282,0.382,1,15.843,7.591,0.000,346,51512,3139,0
6987,11.090,6.698,6.313,0.084,0.016,0.284,0,15.938,7.411,0.000,0,384,0,0
6988,21.183,21.183,12.529,7.771,0.441,0.441,1,15.938,7.411,0.000,346,51512,3138,0
6989,12.220,6.067,5.599,0.066,0.012,0.389,0,16.053,8.004,0.000,0,384,0,0
6990,23.094,23.094,14.369,8.058,0.360,0.307,1,16.053,8.004,0.000,346,51512,3139,0
6991,10.244,6.032,5.591,0.067,0.013,0.361,0,15.819,7.356,0.000,0,384,0,0
6992,23.101,23.101,13.150,9.101,0.367,0.483,1,15.819,7.356,0.000,346,51512,3139,0
6993,10.260,6.017,5.580,0.067,0.011,0.358,0,16.770,7.568,0.000,0,384,0,0
6994,21.392,21.392,12.430,8.255,0.346,0.362,1,16.770,7.568,0.000,346,51512,3139,0
6995,11.985,8.764,8.245,0.069,0.012,0.438,0,15.543,7.156,0.000,0,384,0,0
6996,22.806,22.806,14.245,7.825,0.399,0.337,1,15.543,7.156,0.000,346,51512,3139,0
6997,10.548,8.525,8.042,0.072,0.013,0.399,0,15.502,7.359,0.000,0,384,0,0
6998,23.483,23.483,14.654,7.950,0.547,0.332,1,15.502,7.359,0.000,346,51512,3139,0
6999,9.883,6.006,5.624,0.068,0.012,0.302,0,14.582,8.170,0.000,0,384,0,0
7000,23.027,23.027,14.476,7.763,0.381,0.407,1,14.582,8.170,0.000,346,51512,3139,0
7001,10.340,5.796,5.446,0.068,0.011,0.272,0,14.223,7.987,0.000,0,384,0,0
7002,22.735,22.735,14.206,7.810,0.395,0.324,1,14.223,7.987,0.000,346,51512,3138,0
7003,10.636,6.419,5.967,0.068,0.012,0.373,0,15.524,7.193,0.000,0,384,0,0
7004,69.704,69.704,12.635,7.749,49.093,0.228,1,40.028,7.946,0.000,347,51512,3143,0
7005,6.699,6.699,6.395,0.072,0.018,0.214,0,40.028,7.946,0.000,0,384,0,0
7006,6.607,6.607,6.245,0.070,0.014,0.278,0,40.028,7.946,0.000,0,384,0,0
7007,5.600,5.600,5.299,0.067,0.009,0.224,0,40.028,7.946,0.000,0,384,0,0
7008,5.550,5.550,5.259,0.070,0.010,0.211,0,40.028,7.946,0.000,0,384,0,0
7009,5.946,5.167,4.858,0.065,0.011,0.233,0,40.028,7.946,0.000,0,384,0,0
7010,30.666,30.666,13.819,16.224,0.460,0.163,1,13.252,1.418,2.701,346,51512,2301,25445
7011,5.849,5.849,5.623,0.067,0.012,0.147,0,13.252,1.418,2.701,0,384,0,0
7012,21.695,21.695,12.977,8.181,0.306,0.232,1,13.252,1.418,0.000,346,51512,3139,0
7013,8.514,6.014,5.739,0.067,0.015,0.193,0,16.188,8.200,0.000,0,380,0,0
7014,22.104,22.104,12.980,8.498,0.355,0.270,1,16.188,8.200,0.000,345,51508,3125,0
7015,11.277,10.456,10.049,0.067,0.015,0.325,0,14.576,7.430,0.000,0,264,0,0
7016,24.917,24.917,15.338,8.871,0.446,0.262,1,14.576,7.430,0.000,343,51392,3105,0
7017,8.578,8.578,8.162,0.074,0.016,0.326,0,14.576,7.430,0.000,0,264,0,0
7018,36.131,36.131,21.958,13.350,0.359,0.464,1,18.033,11.573,0.000,343,51392,2529,25445
7019,7.295,7.295,6.894,0.065,0.013,0.323,0,20.188,3.924,0.000,0,264,0,0
7020,6.528,5.623,5.260,0.063,0.012,0.288,0,20.188,3.924,0.000,0,264,0,0
7021,25.032,25.032,15.961,8.315,0.374,0.381,1,20.188,3.924,0.000,343,51392,3105,0
7022,9.164,8.824,8.411,0.070,0.016,0.327,0,18.193,10.356,0.000,0,264,0,0
7023,23.275,23.275,14.825,7.859,0.331,0.261,1,18.193,10.356,0.000,343,51392,3104,0
7024,9.216,6.276,5.838,0.064,0.013,0.361,0,15.305,7.460,0.000,0,264,0,0
7025,22.288,22.288,14.026,7.522,0.414,0.325,1,15.305,7.460,0.000,343,51392,3105,0
7026,11.077,5.863,5.524,0.063,0.011,0.265,0,14.615,7.734,0.000,0,264,0,0
7027,23.474,23.474,14.099,8.515,0.417,0.443,1,14.615,7.734,0.000,343,51392,3105,0
7028,9.895,6.221,5.876,0.066,0.012,0.267,0,16.631,7.448,0.000,0,264,0,0
7029,20.686,20.686,12.475,7.589,0.331,0.291,1,16.631,7.448,0.000,343,51392,3105,0
7030,12.683,7.170,6.803,0.066,0.012,0.290,0,15.240,8.209,0.000,0,264,0,0
7031,22.897,22.897,14.559,7.563,0.519,0.256,1,15.240,8.209,0.000,343,51392,3105,0
7032,10.471,7.384,7.008,0.070,0.013,0.293,0,15.656,7.321,0.000,0,264,0,0
7033,23.270,23.270,13.541,8.855,0.510,0.365,1,15.656,7.321,0.000,343,51392,3105,0
7034,10.095,5.963,5.612,0.065,0.012,0.274,0,16.178,7.403,0.000,0,264,0,0
7035,21.310,21.310,13.095,7.549,0.277,0.388,1,16.178,7.403,0.000,343,51392,3105,0
7036,12.056,6.675,6.234,0.064,0.012,0.364,0,15.488,7.198,0.000,0,264,0,0
7037,21.193,21.193,12.810,7.571,0.423,0.388,1,15.488,7.198,0.000,343,51392,3104,0
7038,12.179,6.158,5.727,0.063,0.012,0.356,0,18.737,7.285,0.000,0,264,0,0
7039,22.459,22.459,13.938,7.644,0.382,0.494,1,18.737,7.285,0.000,343,51392,3105,0
7040,10.905,5.907,5.514,0.064,0.011,0.318,0,16.946,7.764,0.000,0,264,0,0
7041,21.730,21.730,13.411,7.555,0.394,0.370,1,16.946,7.764,0.000,343,51392,3105,0
7042,11.667,7.030,6.527,0.066,0.015,0.421,0,16.250,7.918,0.000,0,264,0,0
7043,22.337,22.337,13.628,7.963,0.425,0.321,1,16.250,7.918,0.000,343,51392,3105,0
7044,11.052,5.943,5.562,0.064,0.013,0.305,0,19.503,7.981,0.000,0,264,0,0
7045,24.879,24.879,14.662,9.380,0.413,0.424,1,19.503,7.981,0.000,343,51392,3105,0
7046,8.432,6.617,6.222,0.077,0.014,0.304,0,16.787,7.411,0.000,0,264,0,0
7047,22.428,22.428,13.538,8.274,0.272,0.343,1,16.787,7.411,0.000,343,51392,3105,0
7048,10.945,7.296,6.853,0.065,0.011,0.367,0,14.782,7.265,0.000,0,264,0,0
7049,22.237,22.237,13.949,7.585,0.427,0.277,1,14.782,7.265,0.000,343,51392,3105,0
7050,11.127,5.882,5.580,0.064,0.011,0.227,0,14.522,7.972,0.000,0,264,0,0
7051,22.420,22.420,14.151,7.534,0.418,0.317,1,14.522,7.972,0.000,343,51392,3104,0
7052,10.959,7.728,7.326,0.067,0.012,0.323,0,15.193,7.285,0.000,0,264,0,0
7053,22.528,22.528,13.947,7.901,0.388,0.292,1,15.193,7.285,0.000,343,51392,3105,0
7054,10.823,5.984,5.520,0.063,0.011,0.390,0,15.466,7.501,0.000,0,264,0,0
7055,22.235,22.235,13.848,7.647,0.427,0.313,1,15.466,7.501,0.000,343,51392,3105,0
7056,11.130,5.833,5.481,0.064,0.011,0.277,0,14.687,7.453,0.000,0,264,0,0
7057,22.624,22.624,14.229,7.494,0.503,0.399,1,14.687,7.453,0.000,344,51392,3107,0
7058,10.742,5.825,5.468,0.064,0.009,0.283,0,15.009,7.419,0.000,0,264,0,0
7059,22.299,22.299,14.102,7.486,0.409,0.303,1,15.009,7.419,0.000,343,51392,3105,0
7060,11.073,6.027,5.612,0.064,0.011,0.340,0,13.884,8.011,0.000,0,264,0,0
7061,21.500,21.500,12.733,7.895,0.574,0.298,1,13.884,8.011,0.000,343,51392,3105,0
7062,11.866,7.317,6.923,0.066,0.017,0.311,0,17.321,7.835,0.000,0,264,0,0
7063,22.963,22.963,13.728,8.422,0.385,0.428,1,17.321,7.835,0.000,343,51392,3105,0
7064,10.404,6.530,6.174,0.073,0.014,0.268,0,16.066,7.348,0.000,0,264,0,0
7065,22.299,22.299,13.924,7.635,0.433,0.306,1,16.066,7.348,0.000,343,51392,3104,0
7066,11.080,6.088,5.663,0.064,0.012,0.349,0,15.503,7.233,0.000,0,264,0,0
7067,21.771,21.771,12.709,8.279,0.403,0.379,1,15.503,7.233,0.000,343,51392,3105,0
7068,11.580,7.902,7.529,0.064,0.011,0.298,0,14.434,7.353,0.000,0,264,0,0
7069,22.499,22.499,13.710,7.899,0.460,0.429,1,14.434,7.353,0.000,343,51392,3105,0
7070,10.880,5.764,5.428,0.065,0.012,0.258,0,18.118,7.655,0.000,0,264,0,0
7071,20.901,20.901,12.636,7.680,0.328,0.256,1,18.118,7.655,0.000,343,51392,3105,0
7072,12.466,5.767,5.376,0.064,0.012,0.315,0,17.403,7.474,0.000,0,264,0,0
7073,20.906,20.906,12.652,7.528,0.448,0.278,1,17.403,7.474,0.000,343,51392,3105,0
7074,12.456,5.696,5.348,0.064,0.011,0.273,0,16.840,7.217,0.000,0,264,0,0
7075,23.128,23.128,14.703,7.602,0.416,0.406,1,16.840,7.217,0.000,343,51392,3105,0
7076,10.231,6.092,5.696,0.064,0.011,0.320,0,13.723,8.132,0.000,0,264,0,0
7077,22.936,22.936,13.926,8.166,0.474,0.370,1,13.723,8.132,0.000,343,51392,3105,0
7078,10.438,6.239,5.692,0.065,0.013,0.470,0,16.061,8.357,0.000,0,264,0,0
7079,22.505,22.505,13.061,8.723,0.336,0.384,1,16.061,8.357,0.000,341,51204,3084,0
7080,10.858,5.741,5.349,0.067,0.012,0.314,0,15.547,7.208,0.000,0,264,0,0
7081,22.031,22.031,13.180,8.072,0.259,0.520,1,15.547,7.208,0.000,341,51204,3085,0
7082,11.342,6.409,5.934,0.078,0.016,0.381,0,16.128,7.313,0.000,0,264,0,0
7083,23.945,23.945,15.278,7.877,0.468,0.321,1,16.128,7.313,0.000,341,51204,3085,0
7084,9.413,6.031,5.585,0.064,0.011,0.371,0,15.309,7.689,0.000,0,264,0,0
7085,22.398,22.398,13.692,7.943,0.420,0.343,1,15.309,7.689,0.000,342,51204,3087,0
7086,10.975,6.063,5.685,0.065,0.019,0.294,0,17.712,7.543,0.000,0,264,0,0
7087,20.972,20.972,12.530,7.665,0.334,0.444,1,17.712,7.543,0.000,341,51204,3085,0
7088,12.397,5.970,5.559,0.064,0.012,0.335,0,18.052,7.211,0.000,0,264,0,0
7089,20.952,20.952,12.589,7.584,0.439,0.341,1,18.052,7.211,0.000,341,51204,3085,0
7090,12.412,6.135,5.676,0.064,0.012,0.383,0,17.556,7.572,0.000,0,264,0,0
7091,22.610,22.610,14.167,7.668,0.395,0.380,1,17.556,7.572,0.000,341,51204,3085,0
7092,10.753,6.018,5.622,0.064,0.011,0.321,0,14.041,7.903,0.000,0,264,0,0
7093,23.892,23.892,13.978,9.065,0.429,0.419,1,14.041,7.903,0.000,341,51204,3084,0
7094,9.474,5.771,5.476,0.064,0.013,0.219,0,16.441,7.718,0.000,0,264,0,0
7095,21.952,21.952,13.078,8.233,0.279,0.361,1,16.441,7.718,0.000,341,51204,3085,0
7096,11.415,5.852,5.488,0.063,0.012,0.289,0,15.591,7.386,0.000,0,264,0,0
7097,21.399,21.399,13.010,7.616,0.408,0.366,1,15.591,7.386,0.000,341,51204,3085,0
7098,11.977,6.542,5.987,0.064,0.013,0.477,0,15.465,7.406,0.000,0,264,0,0
7099,24.383,24.383,15.771,7.800,0.443,0.369,1,15.465,7.406,0.000,341,51204,3085,0
7100,8.972,6.687,6.257,0.075,0.014,0.341,0,15.603,7.731,0.000,0,264,0,0
7101,22.307,22.307,13.461,7.920,0.490,0.435,1,15.603,7.731,0.000,341,51204,3085,0
7102,11.061,7.464,7.070,0.068,0.012,0.314,0,17.066,7.568,0.000,0,264,0,0
7103,24.035,24.035,14.602,8.664,0.372,0.398,1,17.066,7.568,0.000,341,51204,3086,0
7104,9.332,6.725,6.193,0.064,0.013,0.456,0,16.224,7.545,0.000,0,264,0,0
7105,21.874,21.874,12.895,8.334,0.266,0.379,1,16.224,7.545,0.000,341,51204,3085,0
7106,11.488,6.596,6.138,0.065,0.012,0.381,0,15.679,7.212,0.000,0,264,0,0
7107,22.691,22.691,13.865,7.909,0.446,0.471,1,15.679,7.212,0.000,341,51204,3084,0
7108,10.684,5.937,5.540,0.065,0.012,0.320,0,18.390,7.573,0.000,0,264,0,0
7109,22.317,22.317,13.958,7.594,0.373,0.392,1,18.390,7.573,0.000,344,51463,3098,0
7110,11.047,6.008,5.568,0.064,0.012,0.364,0,14.309,7.831,0.000,0,264,0,0
7111,24.298,24.298,15.616,7.867,0.448,0.366,1,14.309,7.831,0.000,344,51438,3099,0
7112,9.126,5.989,5.614,0.063,0.012,0.301,0,16.234,7.680,0.000,0,264,0,0
7113,26.329,26.329,15.780,9.736,0.406,0.407,1,16.234,7.680,0.000,345,51438,3101,0
7114,7.442,6.816,6.491,0.064,0.011,0.250,0,14.405,7.684,0.000,0,264,0,0
7115,22.399,22.399,14.154,7.664,0.301,0.279,1,14.405,7.684,0.000,344,51438,3099,0
7116,10.503,5.934,5.533,0.063,0.011,0.326,0,14.596,8.146,0.000,0,264,0,0
7117,22.081,22.081,13.775,7.633,0.410,0.263,1,14.596,8.146,0.000,344,51463,3098,0
7118,11.285,5.925,5.574,0.063,0.011,0.277,0,14.264,7.868,0.000,0,264,0,0
7119,22.695,22.695,14.471,7.446,0.410,0.367,1,14.264,7.868,0.000,344,51463,3098,0
7120,10.673,5.738,5.464,0.063,0.011,0.199,0,15.149,7.206,0.000,0,264,0,0
7121,21.503,21.503,13.353,7.551,0.401,0.199,1,15.149,7.206,0.000,341,51204,3084,0
7122,11.875,5.994,5.644,0.064,0.013,0.273,0,14.930,7.221,0.000,0,264,0,0
7123,21.415,21.415,13.303,7.528,0.375,0.210,1,14.930,7.221,0.000,341,51204,3085,0
7124,11.940,5.718,5.471,0.063,0.011,0.172,0,13.963,7.813,0.000,0,264,0,0
7125,21.777,21.777,13.602,7.443,0.480,0.251,1,13.963,7.813,0.000,341,51204,3085,0
7126,11.592,5.834,5.557,0.063,0.011,0.203,0,14.743,7.248,0.000,0,264,0,0
7127,21.621,21.621,13.519,7.463,0.393,0.245,1,14.743,7.248,0.000,341,51204,3085,0
7128,11.746,5.875,5.540,0.064,0.012,0.259,0,14.654,7.728,0.000,0,264,0,0
7129,21.548,21.548,13.477,7.433,0.406,0.232,1,14.654,7.728,0.000,341,51204,3085,0
7130,11.827,5.830,5.558,0.064,0.010,0.198,0,14.261,7.854,0.000,0,264,0,0
7131,22.057,22.057,13.879,7.484,0.406,0.288,1,14.261,7.854,0.000,341,51204,3086,0
7132,11.297,5.963,5.681,0.064,0.012,0.206,0,15.018,7.255,0.000,0,264,0,0
7133,21.569,21.569,13.506,7.413,0.406,0.244,1,15.018,7.255,0.000,341,51204,3085,0
7134,11.798,5.910,5.549,0.065,0.011,0.285,0,14.833,7.637,0.000,0,264,0,0
7135,22.340,22.340,13.185,8.537,0.380,0.238,1,14.833,7.637,0.000,341,51204,3084,0
7136,11.026,7.639,7.320,0.073,0.014,0.233,0,16.449,7.077,0.000,0,264,0,0
7137,22.651,22.651,13.568,8.333,0.418,0.333,1,16.449,7.077,0.000,341,51204,3085,0
7138,10.720,5.946,5.671,0.064,0.016,0.195,0,15.446,7.404,0.000,0,264,0,0
7139,20.775,20.775,12.772,7.487,0.311,0.205,1,15.446,7.404,0.000,341,51204,3085,0
7140,12.597,8.298,7.912,0.070,0.016,0.300,0,15.191,7.957,0.000,0,264,0,0
7141,33.779,33.779,18.504,14.520,0.439,0.316,1,19.787,7.460,0.000,343,51212,3112,0
7142,6.551,6.551,6.227,0.066,0.012,0.246,0,19.787,7.460,0.000,0,272,0,0
7143,25.919,25.919,17.295,7.996,0.274,0.355,1,19.787,7.460,0.000,343,51212,3107,0
7144,6.445,6.445,6.145,0.067,0.010,0.223,0,13.960,7.497,0.000,0,272,0,0
7145,24.649,24.649,16.155,7.859,0.398,0.237,1,13.960,7.497,0.000,343,51212,3107,0
7146,7.529,7.529,7.132,0.069,0.015,0.313,0,13.605,7.184,0.000,0,272,0,0
7147,25.416,25.416,16.331,8.438,0.339,0.307,1,13.605,7.184,0.000,343,51212,3107,0
7148,5.773,5.773,5.439,0.066,0.014,0.254,0,14.574,7.315,0.000,0,272,0,0
7149,23.704,23.704,15.345,7.763,0.273,0.323,1,14.574,7.315,0.000,343,51212,3096,0
7150,7.062,5.668,5.368,0.066,0.010,0.224,0,14.915,7.372,0.000,0,272,0,0
7151,21.853,21.853,13.664,7.526,0.373,0.289,1,14.915,7.372,0.000,343,51212,3098,0
7152,11.512,5.793,5.423,0.065,0.009,0.295,0,14.926,7.243,0.000,0,272,0,0
7153,21.969,21.969,13.298,8.024,0.408,0.238,1,14.926,7.243,0.000,343,51212,3097,0
7154,11.403,5.598,5.319,0.066,0.010,0.203,0,14.248,7.422,0.000,0,272,0,0
7155,22.242,22.242,13.844,7.657,0.455,0.286,1,14.248,7.422,0.000,343,51212,3097,0
7156,11.126,5.797,5.424,0.066,0.010,0.297,0,14.453,7.653,0.000,0,272,0,0
7157,22.634,22.634,14.339,7.573,0.394,0.327,1,14.453,7.653,0.000,343,51212,3097,0
7158,10.733,6.431,5.984,0.071,0.016,0.361,0,14.405,7.730,0.000,0,272,0,0
7159,22.434,22.434,13.940,7.839,0.395,0.260,1,14.405,7.730,0.000,343,51212,3098,0
7160,10.933,5.655,5.363,0.065,0.010,0.217,0,14.425,7.849,0.000,0,272,0,0
7161,22.414,22.414,13.966,7.681,0.394,0.372,1,14.425,7.849,0.000,343,51212,3097,0
7162,10.965,5.893,5.571,0.068,0.011,0.243,0,14.239,7.477,0.000,0,296,0,0
7163,22.086,22.086,13.563,7.847,0.400,0.276,1,14.239,7.477,0.000,344,51260,3112,0
7164,11.265,5.709,5.319,0.067,0.010,0.314,0,14.978,7.207,0.000,0,344,0,0
7165,21.739,21.739,13.492,7.631,0.368,0.247,1,14.978,7.207,0.000,344,51308,3113,0
7166,11.626,5.877,5.543,0.067,0.010,0.258,0,14.571,7.537,0.000,0,392,0,0
7167,23.833,23.833,15.035,7.973,0.465,0.360,1,14.571,7.537,0.000,344,51356,3113,0
7168,9.538,6.359,6.051,0.067,0.011,0.230,0,16.826,7.592,0.000,0,440,0,0
7169,23.401,23.401,14.694,8.036,0.319,0.353,1,16.826,7.592,0.000,344,51404,3114,0
7170,9.961,6.214,5.877,0.066,0.011,0.260,0,15.524,7.440,0.000,0,488,0,0
7171,23.148,23.148,14.496,7.980,0.410,0.262,1,15.524,7.440,0.000,344,51452,3113,0
7172,10.223,5.975,5.752,0.068,0.011,0.145,0,14.280,7.968,0.000,0,536,0,0
7173,23.741,23.741,13.683,9.424,0.409,0.225,1,14.280,7.968,0.000,344,51500,3112,0
7174,9.634,5.682,5.463,0.067,0.014,0.137,0,15.749,7.445,0.000,0,584,0,0
7175,22.562,22.562,13.599,8.415,0.394,0.154,1,15.749,7.445,0.000,344,51548,3113,0
7176,10.798,5.652,5.416,0.066,0.011,0.158,0,15.356,7.312,0.000,0,632,0,0
7177,21.098,21.098,13.038,7.637,0.271,0.151,1,15.356,7.312,0.000,345,51576,3120,0
7178,12.265,6.277,6.041,0.068,0.011,0.157,0,14.882,7.156,0.000,0,636,0,0
7179,23.469,23.469,14.724,7.976,0.548,0.221,1,14.882,7.156,0.000,345,51576,3122,0
7180,9.895,6.017,5.796,0.069,0.011,0.142,0,15.987,7.445,0.000,0,636,0,0
7181,22.239,22.239,13.518,8.027,0.448,0.246,1,15.987,7.445,0.000,345,51576,3121,0
7182,11.135,6.042,5.706,0.072,0.012,0.253,0,16.272,8.548,0.000,0,636,0,0
7183,20.443,20.443,12.385,7.604,0.288,0.166,1,16.272,8.548,0.000,345,51576,3121,0
7184,12.926,5.684,5.443,0.069,0.013,0.159,0,16.722,7.784,0.000,0,636,0,0
7185,22.944,22.944,13.502,7.554,1.674,0.214,1,16.722,7.784,0.000,345,51576,3121,0
7186,10.414,5.875,5.552,0.069,0.012,0.242,0,14.387,7.841,0.000,0,636,0,0
7187,23.020,23.020,13.966,8.380,0.388,0.286,1,14.387,7.841,0.000,345,51576,3120,0
7188,10.346,7.124,6.723,0.069,0.015,0.318,0,15.310,7.647,0.000,0,636,0,0
7189,23.717,23.717,14.249,8.765,0.421,0.282,1,15.310,7.647,0.000,345,51576,3121,0
7190,9.652,5.741,5.418,0.067,0.011,0.246,0,16.071,7.427,0.000,0,636,0,0
7191,21.824,21.824,12.959,8.220,0.296,0.350,1,16.071,7.427,0.000,345,51576,3121,0
7192,11.539,7.515,7.196,0.069,0.011,0.240,0,14.074,7.148,0.000,0,636,0,0
7193,23.355,23.355,15.053,7.670,0.382,0.249,1,14.074,7.148,0.000,345,51576,3120,0
7194,10.012,5.681,5.306,0.068,0.011,0.297,0,13.908,7.231,0.000,0,636,0,0
7195,22.879,22.879,14.128,8.080,0.420,0.251,1,13.908,7.231,0.000,345,51576,3121,0
7196,10.490,7.047,6.669,0.070,0.011,0.297,0,16.337,8.151,0.000,0,636,0,0
7197,21.906,21.906,13.556,7.837,0.309,0.204,1,16.337,8.151,0.000,345,51576,3121,0
7198,11.461,5.760,5.507,0.068,0.010,0.175,0,15.077,7.991,0.000,0,636,0,0
7199,22.287,22.287,13.889,7.765,0.400,0.233,1,15.077,7.991,0.000,345,51576,3121,0
7200,11.079,5.854,5.582,0.068,0.010,0.193,0,14.481,7.794,0.000,0,636,0,0
7201,21.748,21.748,13.519,7.621,0.392,0.216,1,14.481,7.794,0.000,345,51576,3121,0
7202,11.624,5.924,5.567,0.067,0.011,0.278,0,14.033,7.853,0.000,0,636,0,0
7203,22.236,22.236,13.904,7.680,0.414,0.238,1,14.033,7.853,0.000,345,51576,3121,0
7204,11.129,5.755,5.467,0.066,0.011,0.211,0,14.687,7.697,0.000,0,636,0,0
7205,21.635,21.635,13.078,7.733,0.468,0.354,1,14.687,7.697,0.000,346,51576,3123,0
7206,11.733,7.113,6.715,0.076,0.013,0.309,0,17.145,7.720,0.000,0,636,0,0
7207,23.237,23.237,14.620,7.845,0.462,0.310,1,17.145,7.720,0.000,345,51576,3120,0
7208,10.129,6.073,5.668,0.067,0.010,0.328,0,15.502,7.398,0.000,0,636,0,0
7209,22.787,22.787,14.027,7.998,0.393,0.369,1,15.502,7.398,0.000,345,51576,3121,0
7210,10.575,6.006,5.691,0.066,0.011,0.238,0,14.821,7.939,0.000,0,632,0,0
7211,22.848,22.848,14.396,7.630,0.437,0.385,1,14.821,7.939,0.000,344,51572,3113,0
7212,10.520,5.588,5.231,0.067,0.011,0.280,0,14.507,8.054,0.000,0,272,0,0
7213,21.899,21.899,13.618,7.586,0.391,0.303,1,14.507,8.054,0.000,343,51212,3097,0
7214,11.469,5.725,5.323,0.066,0.011,0.326,0,14.486,7.637,0.000,0,272,0,0
7215,22.010,22.010,13.721,7.613,0.384,0.292,1,14.486,7.637,0.000,343,51212,3098,0
7216,11.356,5.784,5.439,0.065,0.011,0.269,0,14.390,7.738,0.000,0,272,0,0
7217,22.340,22.340,13.949,7.519,0.548,0.325,1,14.390,7.738,0.000,343,51212,3097,0
7218,11.032,5.624,5.363,0.066,0.012,0.184,0,14.042,7.986,0.000,0,272,0,0
7219,22.387,22.387,13.509,8.257,0.436,0.185,1,14.042,7.986,0.000,343,51212,3097,0
7220,11.437,6.586,6.253,0.066,0.013,0.255,0,15.448,8.393,0.000,0,272,0,0
7221,22.805,22.805,14.198,7.978,0.411,0.217,1,15.448,8.393,0.000,343,51212,3096,0
7222,10.114,6.005,5.690,0.068,0.014,0.232,0,14.590,7.987,0.000,0,272,0,0
7223,22.806,22.806,13.928,8.092,0.491,0.295,1,14.590,7.987,0.000,343,51212,3097,0
7224,10.554,5.539,5.247,0.066,0.011,0.216,0,16.808,8.301,0.000,0,272,0,0
7225,20.768,20.768,12.467,7.636,0.385,0.280,1,16.808,8.301,0.000,344,51212,3099,0
7226,12.597,5.750,5.314,0.066,0.013,0.356,0,16.450,8.202,0.000,0,272,0,0
7227,23.482,23.482,14.762,8.058,0.405,0.257,1,16.450,8.202,0.000,343,51212,3097,0
7228,9.881,7.288,7.010,0.065,0.013,0.200,0,16.752,7.334,0.000,0,264,0,0
7229,22.391,22.391,14.030,7.708,0.376,0.278,1,16.752,7.334,0.000,341,51204,3075,0
7230,10.973,6.111,5.798,0.064,0.016,0.234,0,14.954,7.902,0.000,0,264,0,0
7231,21.453,21.453,13.389,7.461,0.406,0.197,1,14.954,7.902,0.000,341,51204,3075,0
7232,11.911,5.937,5.569,0.079,0.014,0.275,0,14.441,7.754,0.000,0,264,0,0
7233,22.581,22.581,13.594,8.379,0.393,0.215,1,14.441,7.754,0.000,341,51204,3075,0
7234,10.784,6.669,6.359,0.064,0.013,0.232,0,15.522,7.425,0.000,0,264,0,0
7235,23.766,23.766,14.888,8.136,0.454,0.288,1,15.522,7.425,0.000,341,51204,3074,0
7236,9.613,5.961,5.725,0.068,0.012,0.156,0,14.579,8.206,0.000,0,264,0,0
7237,20.974,20.974,12.843,7.689,0.314,0.128,1,14.579,8.206,0.000,346,51664,3114,0
7238,12.387,5.495,5.283,0.066,0.011,0.134,0,14.469,8.323,0.000,0,264,0,0
7239,23.323,23.323,14.907,7.949,0.362,0.105,1,14.469,8.323,0.000,347,51684,3120,0
7240,10.045,5.539,5.334,0.063,0.011,0.131,0,15.177,7.818,0.000,0,264,0,0
7241,21.160,21.160,12.481,8.219,0.246,0.213,1,15.177,7.818,0.000,347,51684,3120,0
7242,12.201,6.733,6.505,0.065,0.012,0.152,0,14.730,7.251,0.000,0,264,0,0
7243,20.443,20.443,12.098,7.766,0.402,0.177,1,14.730,7.251,0.000,347,51684,3121,0
7244,12.936,5.510,5.175,0.063,0.010,0.262,0,15.955,7.945,0.000,0,264,0,0
7245,20.677,20.677,12.183,7.795,0.387,0.313,1,15.955,7.945,0.000,351,51844,3132,0
7246,12.687,5.620,5.227,0.063,0.012,0.318,0,17.027,7.442,0.000,0,264,0,0
7247,20.997,20.997,12.621,7.609,0.407,0.361,1,17.027,7.442,0.000,351,51844,3132,0
7248,12.366,5.892,5.531,0.064,0.012,0.284,0,17.394,7.922,0.000,0,264,0,0
7249,22.036,22.036,13.712,7.590,0.427,0.306,1,17.394,7.922,0.000,351,51844,3131,0
7250,11.330,5.721,5.308,0.063,0.011,0.340,0,13.900,7.973,0.000,0,264,0,0
7251,21.509,21.509,12.592,8.184,0.442,0.291,1,13.900,7.973,0.000,351,51844,3132,0
7252,11.856,6.728,6.366,0.064,0.013,0.285,0,16.834,7.709,0.000,0,264,0,0
7253,22.824,22.824,13.459,8.535,0.432,0.398,1,16.834,7.709,0.000,353,51924,3138,0
7254,10.542,5.565,5.214,0.063,0.012,0.276,0,16.471,7.672,0.000,0,264,0,0
7255,22.013,22.013,12.455,8.297,0.278,0.983,1,16.471,7.672,0.000,356,52024,3148,0
7256,11.356,5.783,5.293,0.064,0.012,0.414,0,15.774,7.411,0.000,0,264,0,0
7257,23.352,23.352,14.805,7.907,0.356,0.284,1,15.774,7.411,0.000,356,52024,3148,0
7258,10.010,5.588,5.257,0.063,0.010,0.258,0,13.952,7.368,0.000,0,264,0,0
7259,23.623,23.623,14.783,8.016,0.403,0.421,1,13.952,7.368,0.000,356,52024,3148,0
7260,9.741,5.763,5.320,0.063,0.010,0.370,0,15.258,7.337,0.000,0,264,0,0
7261,22.339,22.339,13.735,7.781,0.483,0.339,1,15.258,7.337,0.000,358,52104,3154,0
7262,11.029,5.868,5.434,0.063,0.010,0.361,0,15.064,7.273,0.000,0,264,0,0
7263,22.353,22.353,13.738,7.907,0.391,0.317,1,15.064,7.273,0.000,360,52184,3160,0
7264,11.015,5.733,5.347,0.064,0.012,0.311,0,15.095,7.399,0.000,0,264,0,0
7265,23.125,23.125,14.485,7.807,0.397,0.436,1,15.095,7.399,0.000,360,52184,3159,0
7266,10.241,5.873,5.504,0.062,0.011,0.296,0,14.398,8.016,0.000,0,264,0,0
7267,21.854,21.854,13.009,7.994,0.486,0.365,1,14.398,8.016,0.000,360,52184,3160,0
7268,11.520,6.737,6.254,0.065,0.014,0.404,0,17.409,7.953,0.000,0,264,0,0
7269,22.950,22.950,13.652,8.556,0.443,0.299,1,17.409,7.953,0.000,363,52284,3170,0
7270,10.415,6.435,6.129,0.063,0.013,0.229,0,17.558,8.148,0.000,0,264,0,0
7271,23.085,23.085,13.393,7.895,1.463,0.335,1,17.558,8.148,0.000,363,52284,3170,0
7272,10.282,6.790,6.469,0.070,0.014,0.237,0,17.684,7.663,0.000,0,264,0,0
7273,21.955,21.955,13.318,7.972,0.381,0.284,1,17.684,7.663,0.000,365,52364,3176,0
7274,11.406,7.709,7.377,0.068,0.016,0.248,0,16.012,7.650,0.000,0,264,0,0
7275,23.944,23.944,14.659,8.387,0.445,0.453,1,16.012,7.650,0.000,365,52364,3176,0
7276,9.427,5.758,5.321,0.063,0.011,0.362,0,14.897,8.155,0.000,0,264,0,0
7277,20.657,20.657,11.989,7.790,0.301,0.578,1,14.897,8.155,0.000,365,52364,3176,0
7278,12.705,7.536,7.106,0.065,0.010,0.355,0,17.122,7.358,0.000,0,264,0,0
7279,22.440,22.440,13.974,7.675,0.413,0.377,1,17.122,7.358,0.000,365,52364,3176,0
7280,10.924,6.068,5.521,0.066,0.010,0.471,0,15.143,7.330,0.000,0,264,0,0
7281,22.940,22.940,14.346,7.804,0.408,0.382,1,15.143,7.330,0.000,365,52364,3175,0
7282,10.428,6.652,6.165,0.070,0.020,0.397,0,13.855,8.062,0.000,0,264,0,0
7283,25.190,25.190,15.765,8.578,0.358,0.489,1,14.095,7.420,0.000,365,52364,3176,0
7284,8.175,5.624,5.189,0.063,0.015,0.356,0,14.095,7.420,0.000,0,264,0,0
7285,21.818,21.818,12.380,7.779,1.226,0.433,1,14.095,7.420,0.000,366,52384,3180,0
7286,11.557,7.171,6.613,0.069,0.015,0.474,0,17.418,7.890,0.000,0,264,0,0
7287,24.355,24.355,15.266,8.144,0.448,0.496,1,17.418,7.890,0.000,366,52384,3180,0
7288,9.010,5.762,5.365,0.063,0.010,0.323,0,15.548,7.718,0.000,0,264,0,0
7289,23.222,23.222,14.629,7.758,0.306,0.528,1,15.548,7.718,0.000,366,52384,3180,0
7290,10.142,5.636,5.200,0.063,0.011,0.362,0,15.403,7.320,0.000,0,264,0,0
7291,22.370,22.370,13.844,7.778,0.417,0.331,1,15.403,7.320,0.000,366,52384,3179,0
7292,10.993,6.043,5.479,0.063,0.011,0.491,0,14.714,7.970,0.000,0,264,0,0
7293,22.458,22.458,13.863,7.872,0.393,0.331,1,14.714,7.970,0.000,366,52384,3180,0
7294,10.909,5.764,5.404,0.063,0.012,0.285,0,15.279,7.327,0.000,0,264,0,0
7295,22.740,22.740,14.002,7.965,0.388,0.385,1,15.279,7.327,0.000,366,52384,3179,0
7296,10.636,5.624,5.288,0.064,0.011,0.261,0,15.069,7.383,0.000,0,264,0,0
7297,23.675,23.675,14.848,7.914,0.469,0.444,1,15.069,7.383,0.000,366,52384,3180,0
7298,9.687,9.261,8.915,0.069,0.014,0.264,0,19.318,7.433,0.000,0,264,0,0
7299,24.885,24.885,15.263,8.944,0.382,0.296,1,19.318,7.433,0.000,367,52404,3185,0
7300,8.479,7.467,6.960,0.064,0.011,0.431,0,15.528,7.621,0.000,0,264,0,0
7301,25.651,25.651,16.613,8.235,0.411,0.391,1,15.528,7.621,0.000,369,52484,3190,0
7302,7.722,5.604,5.219,0.063,0.011,0.311,0,14.596,7.817,0.000,0,264,0,0
7303,23.388,23.388,14.555,8.077,0.310,0.445,1,14.596,7.817,0.000,371,52564,3196,0
7304,9.986,5.728,5.348,0.064,0.010,0.306,0,15.724,7.592,0.000,0,264,0,0
7305,23.971,23.971,14.860,8.289,0.460,0.362,1,15.724,7.592,0.000,371,52564,3196,0
7306,9.383,5.700,5.233,0.065,0.012,0.390,0,16.328,7.749,0.000,0,264,0,0
7307,25.610,25.610,16.172,8.708,0.416,0.315,1,16.328,7.749,0.000,371,52564,3197,0
7308,7.758,5.786,5.424,0.064,0.011,0.288,0,14.824,7.772,0.000,0,264,0,0
7309,24.570,24.570,15.932,7.948,0.278,0.411,1,14.824,7.772,0.000,373,52644,3200,0
7310,8.793,6.221,5.843,0.063,0.013,0.302,0,14.310,7.581,0.000,0,264,0,0
7311,23.366,23.366,13.708,8.887,0.429,0.342,1,14.310,7.581,0.000,375,52724,3207,0
7312,10.005,6.593,6.152,0.064,0.015,0.362,0,17.830,7.657,0.000,0,264,0,0
7313,24.193,24.193,15.118,8.456,0.402,0.217,1,17.830,7.657,0.000,375,52724,3207,0
7314,9.173,5.861,5.603,0.065,0.010,0.182,0,14.791,7.469,0.000,0,264,0,0
7315,22.777,22.777,14.194,7.953,0.320,0.309,1,14.791,7.469,0.000,375,52724,3208,0
7316,10.592,5.501,5.238,0.064,0.010,0.189,0,14.764,8.189,0.000,0,264,0,0
7317,21.529,21.529,13.050,7.855,0.442,0.182,1,14.764,8.189,0.000,375,52724,3209,0
7318,11.838,6.907,6.578,0.074,0.018,0.237,0,16.504,7.409,0.000,0,264,0,0
7319,24.085,24.085,14.347,9.032,0.431,0.275,1,16.504,7.409,0.000,375,52724,3208,0
7320,9.287,6.061,5.604,0.082,0.015,0.361,0,15.861,7.631,0.000,0,264,0,0
7321,21.971,21.971,13.341,7.877,0.273,0.479,1,15.861,7.631,0.000,375,52724,3208,0
7322,11.387,6.261,5.842,0.067,0.011,0.341,0,16.616,7.354,0.000,0,280,0,0
7323,28.077,28.077,16.578,10.617,0.517,0.366,1,16.616,7.354,0.000,379,52740,3249,0
7324,6.003,6.003,5.488,0.067,0.012,0.435,0,18.764,7.715,0.000,0,280,0,0
7325,23.674,23.674,14.334,8.640,0.329,0.370,1,18.764,7.715,0.000,379,52740,3229,0
7326,8.994,5.945,5.514,0.067,0.013,0.351,0,18.002,8.362,0.000,0,280,0,0
7327,21.365,21.365,12.485,8.036,0.413,0.431,1,18.002,8.362,0.000,379,52740,3228,0
7328,11.992,5.607,5.178,0.095,0.010,0.325,0,18.520,7.447,0.000,0,280,0,0
7329,25.836,25.836,16.677,8.375,0.382,0.402,1,18.520,7.447,0.000,379,52740,3227,0
7330,7.524,7.107,6.551,0.069,0.011,0.477,0,15.548,7.690,0.000,0,280,0,0
7331,25.516,25.516,16.357,8.396,0.393,0.370,1,15.548,7.690,0.000,379,52740,3228,0
7332,7.851,6.705,6.305,0.068,0.011,0.321,0,15.719,7.608,0.000,0,280,0,0
7333,25.383,25.383,14.488,9.840,0.590,0.464,1,15.719,7.608,0.000,379,52740,3228,0
7334,7.988,7.117,6.628,0.067,0.012,0.410,0,17.168,7.884,0.000,0,280,0,0
7335,24.944,24.944,15.088,9.063,0.373,0.420,1,17.168,7.884,0.000,380,52740,3230,0
7336,8.774,6.892,6.384,0.067,0.012,0.429,0,16.985,7.972,0.000,0,280,0,0
7337,22.164,22.164,12.772,8.746,0.274,0.372,1,16.985,7.972,0.000,380,52870,3242,0
7338,10.855,6.629,6.215,0.067,0.011,0.336,0,16.555,7.590,0.000,0,280,0,0
7339,21.422,21.422,12.416,8.091,0.442,0.472,1,16.555,7.590,0.000,380,52994,3242,0
7340,11.952,5.914,5.512,0.068,0.013,0.320,0,17.726,8.107,0.000,0,280,0,0
7341,21.361,21.361,12.659,7.966,0.414,0.322,1,17.726,8.107,0.000,379,52740,3239,0
7342,12.001,6.064,5.548,0.068,0.012,0.435,0,18.434,7.489,0.000,0,280,0,0
7343,21.407,21.407,12.713,7.925,0.410,0.360,1,18.434,7.489,0.000,379,52740,3239,0
7344,11.958,6.184,5.740,0.068,0.013,0.363,0,17.737,8.209,0.000,0,280,0,0
7345,24.007,24.007,15.067,8.061,0.403,0.476,1,17.737,8.209,0.000,379,52740,3239,0
7346,9.352,5.964,5.536,0.068,0.012,0.348,0,14.475,7.973,0.000,0,280,0,0
7347,24.681,24.681,14.902,8.971,0.413,0.395,1,14.475,7.973,0.000,379,52740,3238,0
7348,8.689,6.517,5.917,0.073,0.011,0.517,0,17.229,7.782,0.000,0,280,0,0
7349,24.526,24.526,15.741,8.001,0.344,0.440,1,17.229,7.782,0.000,379,52740,3239,0
7350,8.844,6.928,6.523,0.071,0.015,0.319,0,15.484,8.061,0.000,0,280,0,0
7351,23.896,23.896,13.611,9.352,0.485,0.449,1,15.484,8.061,0.000,379,52740,3239,0
7352,9.482,5.881,5.490,0.068,0.012,0.312,0,17.179,7.800,0.000,0,280,0,0
7353,25.048,25.048,15.976,8.273,0.443,0.357,1,17.179,7.800,0.000,379,52740,3240,0
7354,8.302,6.296,5.825,0.067,0.013,0.390,0,15.513,8.765,0.000,0,280,0,0
7355,23.445,23.445,14.277,8.410,0.423,0.335,1,15.513,8.765,0.000,379,52740,3238,0
7356,9.926,6.214,5.865,0.068,0.013,0.268,0,17.947,7.802,0.000,0,280,0,0
7357,21.297,21.297,12.595,7.994,0.294,0.415,1,17.947,7.802,0.000,379,52740,3239,0
7358,12.132,5.886,5.586,0.067,0.011,0.222,0,18.403,7.519,0.000,0,280,0,0
7359,22.962,22.962,13.602,8.662,0.417,0.281,1,18.403,7.519,0.000,379,52740,3239,0
7360,10.347,6.107,5.696,0.067,0.014,0.329,0,17.644,8.238,0.000,0,280,0,0
7361,21.566,21.566,12.803,8.197,0.299,0.268,1,17.644,8.238,0.000,379,52740,3240,0
7362,11.792,5.855,5.533,0.066,0.012,0.244,0,16.162,8.049,0.000,0,280,0,0
7363,21.550,21.550,12.692,8.003,0.500,0.354,1,16.162,8.049,0.000,379,52740,3238,0
7364,11.827,5.970,5.635,0.067,0.012,0.257,0,18.867,7.393,0.000,0,280,0,0
7365,23.453,23.453,14.748,7.965,0.482,0.258,1,18.867,7.393,0.000,379,52740,3239,0
7366,9.907,7.151,6.782,0.071,0.012,0.286,0,15.915,7.370,0.000,0,280,0,0
7367,23.767,23.767,14.372,8.730,0.431,0.235,1,15.915,7.370,0.000,379,52740,3239,0
7368,9.596,5.690,5.409,0.067,0.012,0.202,0,15.675,7.700,0.000,0,280,0,0
7369,25.047,25.047,15.939,8.336,0.457,0.314,1,15.675,7.700,0.000,379,52740,3239,0
7370,8.319,6.106,5.802,0.079,0.014,0.211,0,15.679,8.415,0.000,0,280,0,0
7371,23.326,23.326,14.128,8.520,0.429,0.250,1,15.679,8.415,0.000,379,52740,3240,0
7372,10.046,6.194,5.728,0.067,0.012,0.387,0,17.643,7.757,0.000,0,280,0,0
7373,21.076,21.076,12.502,7.965,0.304,0.305,1,17.643,7.757,0.000,379,52740,3239,0
7374,12.292,6.090,5.696,0.068,0.012,0.314,0,17.505,7.444,0.000,0,280,0,0
7375,21.912,21.912,12.915,8.153,0.413,0.430,1,17.505,7.444,0.000,379,52740,3239,0
7376,11.450,7.460,7.098,0.071,0.010,0.281,0,18.338,7.549,0.000,0,280,0,0
7377,24.119,24.119,15.088,8.350,0.395,0.286,1,18.338,7.549,0.000,379,52740,3239,0
7378,9.244,6.950,6.437,0.171,0.010,0.332,0,15.511,7.594,0.000,0,280,0,0
7379,24.730,24.730,15.623,8.257,0.403,0.447,1,15.511,7.594,0.000,379,52740,3239,0
7380,8.638,6.941,6.457,0.069,0.013,0.402,0,17.225,7.750,0.000,0,280,0,0
7381,24.828,24.828,14.799,8.960,0.563,0.507,1,17.225,7.750,0.000,379,52740,3238,0
7382,8.545,6.117,5.673,0.069,0.012,0.363,0,17.677,7.697,0.000,0,280,0,0
7383,22.719,22.719,13.371,8.646,0.302,0.400,1,17.677,7.697,0.000,379,52740,3239,0
7384,10.643,6.138,5.578,0.067,0.012,0.482,0,16.468,7.580,0.000,0,280,0,0
7385,24.958,24.958,15.859,8.256,0.460,0.383,1,16.468,7.580,0.000,379,52740,3237,0
7386,8.410,6.191,5.812,0.068,0.011,0.298,0,15.575,8.516,0.000,0,280,0,0
7387,23.433,23.433,13.965,8.646,0.430,0.392,1,15.575,8.516,0.000,379,52740,3239,0
7388,9.943,5.992,5.641,0.069,0.012,0.270,0,18.661,7.724,0.000,0,280,0,0
7389,21.668,21.668,12.906,8.061,0.354,0.347,1,18.661,7.724,0.000,380,52740,3241,0
7390,11.698,6.008,5.575,0.066,0.010,0.356,0,17.730,7.743,0.000,0,280,0,0
7391,21.548,21.548,12.668,8.141,0.394,0.344,1,17.730,7.743,0.000,379,52740,3239,0
7392,11.819,5.897,5.526,0.067,0.014,0.292,0,17.106,7.422,0.000,0,280,0,0
7393,22.198,22.198,12.911,8.480,0.400,0.407,1,17.106,7.422,0.000,379,52740,3239,0
7394,11.163,6.152,5.676,0.067,0.013,0.396,0,16.923,8.095,0.000,0,280,0,0
7395,22.995,22.995,12.944,9.283,0.379,0.388,1,16.923,8.095,0.000,379,52740,3239,0
7396,10.370,5.861,5.513,0.068,0.012,0.268,0,16.545,7.452,0.000,0,280,0,0
7397,22.608,22.608,12.750,9.117,0.385,0.356,1,16.545,7.452,0.000,379,52740,3238,0
7398,10.758,6.177,5.759,0.070,0.016,0.331,0,15.930,7.290,0.000,0,280,0,0
7399,22.590,22.590,13.280,8.695,0.362,0.253,1,15.930,7.290,0.000,379,52740,3240,0
7400,10.774,5.983,5.674,0.068,0.012,0.230,0,15.878,7.454,0.000,0,280,0,0
7401,24.780,24.780,15.660,8.426,0.402,0.292,1,15.878,7.454,0.000,379,52740,3239,0
7402,8.588,6.026,5.774,0.068,0.013,0.172,0,16.141,7.950,0.000,0,280,0,0
7403,23.356,23.356,14.127,8.608,0.420,0.201,1,16.141,7.950,0.000,379,52740,3239,0
7404,10.019,6.119,5.768,0.068,0.015,0.268,0,17.895,7.924,0.000,0,280,0,0
7405,21.198,21.198,12.673,7.980,0.304,0.241,1,17.895,7.924,0.000,379,52740,3239,0
7406,12.170,5.894,5.596,0.067,0.012,0.220,0,17.306,8.153,0.000,0,280,0,0
7407,21.356,21.356,12.581,8.052,0.421,0.302,1,17.306,8.153,0.000,379,52740,3240,0
7408,12.007,5.933,5.630,0.067,0.011,0.224,0,17.202,7.395,0.000,0,280,0,0
7409,23.066,23.066,14.025,8.347,0.431,0.264,1,17.202,7.395,0.000,379,52740,3239,0
7410,10.298,5.935,5.628,0.066,0.011,0.230,0,14.581,8.106,0.000,0,280,0,0
7411,24.372,24.372,14.054,9.720,0.378,0.220,1,14.581,8.106,0.000,379,52740,3239,0
7412,8.995,5.798,5.506,0.066,0.015,0.212,0,16.097,7.976,0.000,0,280,0,0
7413,22.373,22.373,13.272,8.561,0.278,0.262,1,16.097,7.976,0.000,379,52740,3238,0
7414,10.993,6.011,5.730,0.074,0.013,0.194,0,15.899,7.287,0.000,0,280,1,0
7415,21.702,21.702,12.648,8.477,0.387,0.191,1,15.899,7.287,0.000,379,52740,3238,0
7416,11.661,6.637,6.264,0.067,0.010,0.296,0,15.417,7.451,0.000,0,280,0,0
7417,21.201,21.201,12.620,7.945,0.390,0.247,1,15.417,7.451,0.000,379,52740,3239,0
7418,12.175,5.931,5.581,0.067,0.049,0.234,0,17.419,7.554,0.000,0,280,0,0
7419,21.708,21.708,12.778,8.127,0.390,0.412,1,17.419,7.554,0.000,379,52740,3239,0
7420,11.677,5.802,5.416,0.068,0.013,0.305,0,18.449,7.974,0.000,0,280,0,0
7421,26.236,26.236,16.501,8.984,0.428,0.324,1,18.449,7.974,0.000,380,52994,3242,0
7422,7.103,6.642,6.064,0.068,0.010,0.500,0,14.924,7.677,0.000,0,280,0,0
7423,25.489,25.489,15.968,8.851,0.338,0.331,1,14.924,7.677,0.000,383,53129,3255,0
7424,7.880,6.092,5.711,0.067,0.015,0.300,0,14.626,7.358,0.000,0,280,0,0
7425,23.334,23.334,14.624,7.990,0.301,0.419,1,14.626,7.358,0.000,384,53104,3258,0
7426,10.035,5.925,5.597,0.066,0.011,0.252,0,14.470,7.916,0.000,0,280,0,0
7427,22.755,22.755,13.891,8.041,0.518,0.305,1,14.470,7.916,0.000,383,53104,3256,0
7428,10.612,6.099,5.670,0.067,0.011,0.351,0,15.223,8.020,0.000,0,280,0,0
7429,23.206,23.206,14.167,8.292,0.464,0.283,1,15.223,8.020,0.000,383,53104,3256,0
7430,10.160,6.406,6.081,0.081,0.011,0.233,0,15.550,7.472,0.000,0,280,0,0
7431,23.035,23.035,14.331,7.957,0.407,0.339,1,15.550,7.472,0.000,383,53129,3254,0
7432,10.329,5.986,5.697,0.068,0.013,0.209,0,15.096,8.279,0.000,0,280,0,0
7433,22.670,22.670,14.028,8.031,0.360,0.251,1,15.096,8.279,0.000,383,53129,3255,0
7434,10.698,6.413,6.006,0.077,0.016,0.314,0,15.919,7.388,0.000,0,280,0,0
7435,22.229,22.229,13.525,8.067,0.380,0.256,1,15.919,7.388,0.000,380,52870,3243,0
7436,11.137,6.043,5.779,0.068,0.012,0.184,0,15.979,8.106,0.000,0,280,0,0
7437,22.609,22.609,14.077,7.861,0.391,0.280,1,15.979,8.106,0.000,380,52870,3242,0
7438,10.758,6.101,5.778,0.068,0.010,0.245,0,14.922,8.373,0.000,0,280,0,0
7439,24.443,24.443,14.238,9.443,0.406,0.356,1,14.922,8.373,0.000,380,52870,3242,0
7440,8.924,7.010,6.528,0.072,0.013,0.397,0,17.309,8.401,0.000,0,280,0,0
7441,24.322,24.322,15.367,8.203,0.427,0.325,1,17.309,8.401,0.000,380,52870,3242,0
7442,9.043,6.033,5.656,0.068,0.012,0.296,0,15.372,7.715,0.000,0,280,0,0
7443,23.940,23.940,14.766,8.293,0.462,0.419,1,15.372,7.715,0.000,380,52994,3243,0
7444,9.431,6.505,6.082,0.076,0.017,0.331,0,14.997,8.067,0.000,0,280,0,0
7445,22.982,22.982,14.208,7.994,0.394,0.386,1,14.997,8.067,0.000,379,52740,3239,0
7446,10.385,6.002,5.561,0.068,0.010,0.363,0,15.700,7.474,0.000,0,280,0,0
7447,21.194,21.194,12.439,8.050,0.389,0.316,1,15.700,7.474,0.000,379,52740,3239,0
7448,12.174,8.144,7.720,0.076,0.020,0.329,0,17.115,8.041,0.000,0,280,0,0
7449,23.305,23.305,13.911,8.510,0.440,0.444,1,17.115,8.041,0.000,379,52740,3237,0
7450,10.058,8.268,7.860,0.069,0.016,0.323,0,17.531,7.630,0.000,0,280,0,0
7451,23.026,23.026,13.830,8.446,0.426,0.324,1,17.531,7.630,0.000,379,52740,3238,0
7452,10.344,7.283,6.808,0.069,0.013,0.393,0,17.778,7.998,0.000,0,280,0,0
7453,23.651,23.651,13.814,8.834,0.617,0.387,1,17.778,7.998,0.000,379,52740,3238,0
7454,9.711,6.713,6.407,0.067,0.018,0.221,0,16.452,7.432,0.000,0,280,0,0
7455,22.513,22.513,13.639,8.257,0.341,0.276,1,16.452,7.432,0.000,379,52740,3238,0
7456,10.854,6.448,6.178,0.069,0.013,0.187,0,16.133,7.535,0.000,0,280,0,0
7457,22.506,22.506,13.826,8.039,0.433,0.208,1,16.133,7.535,0.000,380,52994,3241,0
7458,10.866,5.945,5.645,0.067,0.012,0.222,0,14.417,8.730,0.000,0,280,0,0
7459,24.476,24.476,14.782,9.060,0.406,0.228,1,14.417,8.730,0.000,380,52870,3241,0
7460,8.887,5.809,5.570,0.067,0.011,0.161,0,16.111,8.126,0.000,0,280,0,0
7461,22.478,22.478,13.360,8.560,0.300,0.257,1,16.111,8.126,0.000,380,52870,3242,0
7462,10.891,5.808,5.540,0.071,0.011,0.186,0,16.113,7.347,0.000,0,280,0,0
7463,21.729,21.729,12.625,8.511,0.365,0.227,1,16.113,7.347,0.000,380,52870,3241,0
7464,11.632,6.474,6.162,0.067,0.012,0.233,0,15.562,7.356,0.000,0,280,0,0
7465,21.193,21.193,12.446,8.163,0.407,0.177,1,15.562,7.356,0.000,380,52994,3240,0
7466,12.180,5.762,5.522,0.073,0.013,0.154,0,16.621,8.457,0.000,0,280,1,0
7467,21.196,21.196,12.600,7.984,0.394,0.218,1,16.621,8.457,0.000,379,52740,3237,0
7468,12.175,5.944,5.621,0.066,0.012,0.245,0,17.412,7.842,0.000,0,280,0,0
7469,21.154,21.154,12.475,8.043,0.389,0.246,1,17.412,7.842,0.000,379,52740,3238,0
7470,12.214,5.688,5.319,0.067,0.013,0.290,0,16.829,8.167,0.000,0,280,0,0
7471,21.381,21.381,12.723,7.993,0.414,0.252,1,16.829,8.167,0.000,379,52740,3239,0
7472,11.981,6.001,5.694,0.069,0.012,0.226,0,17.047,7.744,0.000,0,280,0,0
7473,22.715,22.715,14.106,7.968,0.382,0.258,1,17.047,7.744,0.000,379,52740,3238,0
7474,10.649,5.948,5.684,0.067,0.011,0.186,0,14.574,8.577,0.000,0,280,0,0
7475,24.483,24.483,14.153,9.717,0.408,0.205,1,14.574,8.577,0.000,379,52740,3238,0
7476,8.883,6.076,5.626,0.066,0.011,0.373,0,16.053,7.927,0.000,0,280,0,0
7477,22.328,22.328,12.623,8.600,0.874,0.232,1,16.053,7.927,0.000,379,52740,3238,0
7478,11.039,6.010,5.654,0.068,0.012,0.277,0,15.641,7.381,0.000,0,280,0,0
7479,23.127,23.127,13.533,8.722,0.433,0.439,1,15.641,7.381,0.000,379,52740,3239,0
7480,10.237,6.010,5.629,0.071,0.011,0.299,0,16.530,7.271,0.000,0,280,0,0
7481,26.508,26.508,15.886,9.246,0.416,0.961,1,16.530,7.271,0.000,379,52740,3238,0
7482,7.146,7.146,6.669,0.067,0.015,0.395,0,15.012,7.709,0.000,0,280,0,0
7483,24.630,24.630,15.742,8.230,0.334,0.324,1,15.012,7.709,0.000,379,52740,3237,0
7484,8.454,6.467,6.098,0.067,0.012,0.290,0,15.096,7.753,0.000,0,280,0,0
7485,24.503,24.503,15.672,7.967,0.466,0.397,1,15.096,7.753,0.000,379,52740,3238,0
7486,8.859,5.760,5.415,0.068,0.011,0.265,0,14.219,7.394,0.000,0,280,0,0
7487,22.745,22.745,14.054,7.926,0.479,0.286,1,14.219,7.394,0.000,379,52740,3238,0
7488,10.620,6.243,5.772,0.067,0.012,0.392,0,15.276,7.751,0.000,0,280,0,0
7489,22.666,22.666,14.016,7.921,0.430,0.298,1,15.276,7.751,0.000,380,52740,3240,0
7490,10.705,6.169,5.808,0.066,0.011,0.283,0,15.266,7.936,0.000,0,280,0,0
7491,23.398,23.398,14.543,8.074,0.404,0.377,1,15.266,7.936,0.000,379,52740,3238,0
7492,9.967,5.847,5.527,0.067,0.011,0.242,0,14.464,7.926,0.000,0,280,0,0
7493,23.120,23.120,14.486,7.918,0.389,0.327,1,14.464,7.926,0.000,379,52740,3238,0
7494,10.248,6.067,5.639,0.069,0.012,0.347,0,15.167,7.973,0.000,0,280,0,0
7495,23.963,23.963,14.045,8.589,1.042,0.287,1,15.167,7.973,0.000,379,52740,3238,0
7496,9.404,6.330,5.931,0.067,0.012,0.320,0,17.534,7.491,0.000,0,280,0,0
7497,25.742,25.742,16.650,8.382,0.439,0.270,1,17.534,7.491,0.000,379,52740,3238,0
7498,7.620,5.990,5.573,0.067,0.012,0.339,0,14.957,7.695,0.000,0,280,0,0
7499,24.301,24.301,15.601,8.061,0.359,0.280,1,14.957,7.695,0.000,379,52740,3238,0
7500,9.065,6.457,6.195,0.068,0.011,0.184,0,14.479,7.407,0.000,0,280,0,0
7501,23.354,23.354,14.633,8.196,0.327,0.197,1,14.479,7.407,0.000,379,52740,3237,0
7502,10.015,6.026,5.705,0.068,0.012,0.240,0,14.397,7.362,0.000,0,280,0,0
7503,22.213,22.213,13.726,7.940,0.338,0.209,1,14.397,7.362,0.000,379,52740,3238,0
7504,11.158,6.150,5.870,0.068,0.011,0.201,0,15.231,7.485,0.000,0,280,0,0
7505,22.656,22.656,13.906,7.983,0.510,0.257,1,15.231,7.485,0.000,379,52740,3238,0
7506,10.709,5.746,5.526,0.067,0.011,0.142,0,15.241,8.089,0.000,0,280,0,0
7507,21.798,21.798,13.121,8.063,0.443,0.171,1,15.241,8.089,0.000,379,52740,3239,0
7508,11.570,7.300,6.932,0.071,0.014,0.283,0,16.974,7.961,0.000,0,280,0,0
7509,25.223,25.223,15.461,9.118,0.415,0.228,1,16.974,7.961,0.000,379,52740,3238,0
7510,8.141,6.267,6.016,0.069,0.011,0.171,0,15.762,7.884,0.000,0,280,0,0
7511,23.842,23.842,13.630,8.865,0.471,0.877,1,15.762,7.884,0.000,379,52740,3238,0
7512,9.523,6.001,5.747,0.067,0.010,0.177,0,16.221,7.707,0.000,0,280,0,0
7513,21.620,21.620,12.681,8.128,0.306,0.504,1,16.221,7.707,0.000,379,52740,3238,0
7514,11.757,6.101,5.558,0.067,0.013,0.463,0,18.046,7.580,0.000,0,280,0,0
7515,21.459,21.459,12.633,8.052,0.435,0.340,1,18.046,7.580,0.000,379,52740,3239,0
7516,11.902,5.821,5.406,0.067,0.012,0.335,0,18.328,7.624,0.000,0,280,0,0
7517,21.715,21.715,12.821,8.094,0.385,0.416,1,18.328,7.624,0.000,379,52740,3237,0
7518,11.651,5.928,5.536,0.068,0.016,0.309,0,18.055,7.982,0.000,0,280,0,0
7519,22.739,22.739,14.058,7.985,0.394,0.302,1,18.055,7.982,0.000,379,52740,3238,0
7520,10.622,6.475,6.055,0.066,0.010,0.344,0,14.877,7.655,0.000,0,280,0,0
7521,23.297,23.297,14.080,8.505,0.440,0.272,1,14.877,7.655,0.000,379,52740,3238,0
7522,10.088,6.121,5.778,0.068,0.015,0.259,0,17.002,7.935,0.000,0,280,0,0
7523,23.582,23.582,14.501,8.314,0.387,0.380,1,17.002,7.935,0.000,379,52740,3238,0
7524,9.782,5.861,5.495,0.067,0.016,0.283,0,16.771,7.890,0.000,0,280,0,0
7525,22.333,22.333,13.300,8.313,0.431,0.289,1,16.771,7.890,0.000,379,52740,3239,0
7526,11.235,6.349,5.916,0.068,0.011,0.354,0,18.794,8.233,0.000,0,280,0,0
7527,26.419,26.419,15.943,9.692,0.445,0.340,1,18.794,8.233,0.000,379,52740,3238,0
7528,6.723,6.723,6.335,0.071,0.015,0.304,0,14.643,7.826,0.000,0,280,0,0
7529,23.492,23.492,14.856,7.940,0.266,0.431,1,14.643,7.826,0.000,379,52740,3238,0
7530,9.879,8.736,8.393,0.071,0.015,0.256,0,16.744,7.428,0.000,0,280,0,0
7531,24.880,24.880,15.782,8.374,0.461,0.263,1,16.744,7.428,0.000,381,52748,3260,0
7532,8.487,8.458,8.027,0.073,0.036,0.322,0,15.972,8.600,0.000,0,288,0,0
7533,25.091,25.091,16.204,8.218,0.416,0.252,1,15.972,8.600,0.000,381,52748,3260,0
7534,8.275,6.765,6.469,0.070,0.010,0.216,0,16.846,7.637,0.000,0,288,0,0
7535,23.633,23.633,14.910,8.096,0.302,0.325,1,16.846,7.637,0.000,381,52748,3259,0
7536,9.735,6.486,6.210,0.069,0.012,0.195,0,15.045,7.380,0.000,0,288,0,0
7537,23.501,23.501,14.712,8.122,0.414,0.253,1,15.045,7.380,0.000,381,52748,3260,0
7538,9.871,5.910,5.496,0.069,0.012,0.333,0,14.179,8.651,0.000,0,288,0,0
7539,23.423,23.423,14.700,8.016,0.391,0.316,1,14.179,8.651,0.000,381,52748,3250,0
7540,9.942,5.743,5.378,0.068,0.010,0.286,0,15.899,7.475,0.000,0,288,0,0
7541,23.388,23.388,14.557,8.068,0.367,0.396,1,15.899,7.475,0.000,381,52748,3250,0
7542,10.282,6.459,6.037,0.079,0.014,0.329,0,15.378,8.027,0.000,0,288,0,0
7543,28.211,28.211,16.178,11.289,0.407,0.337,1,15.378,8.027,0.000,381,52748,3251,0
7544,6.055,6.055,5.571,0.069,0.011,0.404,0,15.365,8.337,0.000,0,288,0,0
7545,24.346,24.346,15.606,8.147,0.286,0.307,1,15.365,8.337,0.000,381,52748,3250,0
7546,7.819,5.736,5.371,0.068,0.011,0.286,0,15.060,8.101,0.000,0,288,0,0
7547,23.381,23.381,14.428,8.164,0.373,0.416,1,15.060,8.101,0.000,381,52748,3250,0
7548,9.981,5.670,5.295,0.069,0.010,0.295,0,15.422,7.454,0.000,0,288,0,0
7549,24.113,24.113,14.816,8.558,0.407,0.332,1,15.422,7.454,0.000,381,52748,3250,0
7550,9.259,6.559,6.141,0.070,0.011,0.337,0,16.668,7.642,0.000,0,288,0,0
7551,21.175,21.175,12.395,8.260,0.316,0.204,1,16.668,7.642,0.000,381,52748,3249,0
7552,12.201,5.902,5.589,0.070,0.011,0.232,0,16.151,7.992,0.000,0,312,0,0
7553,21.326,21.326,12.500,8.063,0.408,0.355,1,16.151,7.992,0.000,382,52796,3267,0
7554,12.038,5.619,5.305,0.073,0.015,0.226,0,18.118,7.435,0.000,0,360,0,0
7555,21.779,21.779,12.867,8.305,0.382,0.224,1,18.118,7.435,0.000,382,52844,3266,0
7556,11.588,5.599,5.248,0.070,0.011,0.270,0,16.447,8.214,0.000,0,408,0,0
7557,25.995,25.995,16.041,9.149,0.489,0.316,1,16.447,8.214,0.000,382,52892,3266,0
7558,7.378,5.783,5.388,0.070,0.012,0.312,0,14.687,7.895,0.000,0,452,0,0
7559,25.213,25.213,15.031,9.212,0.550,0.420,1,14.687,7.895,0.000,383,52912,3274,0
7560,8.142,5.855,5.474,0.071,0.011,0.298,0,17.367,7.958,0.000,0,452,0,0
7561,26.969,26.969,16.871,9.356,0.407,0.334,1,17.367,7.958,0.000,384,52912,3276,0
7562,6.393,5.920,5.451,0.071,0.012,0.385,0,14.935,7.856,0.000,0,452,0,0
7563,25.493,25.493,15.284,9.510,0.377,0.321,1,14.935,7.856,0.000,383,52912,3274,0
7564,7.872,6.346,5.976,0.071,0.012,0.286,0,14.722,7.295,0.000,0,452,0,0
7565,24.928,24.928,15.761,8.412,0.376,0.379,1,14.722,7.295,0.000,383,52912,3274,0
7566,8.443,6.672,6.297,0.076,0.014,0.286,0,14.470,7.324,0.000,0,452,0,0
7567,22.552,22.552,13.427,8.440,0.373,0.312,1,14.470,7.324,0.000,383,52912,3274,0
7568,10.813,6.025,5.583,0.072,0.013,0.358,0,17.326,7.580,0.000,0,452,0,0
7569,24.097,24.097,14.140,9.267,0.419,0.270,1,17.326,7.580,0.000,383,52912,3273,0
7570,9.272,7.032,6.507,0.077,0.013,0.434,0,17.020,9.071,0.000,0,452,0,0
7571,22.885,22.885,13.380,8.844,0.309,0.352,1,17.020,9.071,0.000,384,52912,3276,0
7572,10.484,6.024,5.566,0.069,0.011,0.378,0,16.765,7.496,0.000,0,452,0,0
7573,22.609,22.609,13.111,8.173,0.418,0.907,1,16.765,7.496,0.000,383,52912,3274,0
7574,10.767,5.767,5.297,0.071,0.012,0.388,0,16.132,7.597,0.000,0,452,0,0
7575,22.397,22.397,13.567,8.144,0.363,0.324,1,16.132,7.597,0.000,383,52912,3274,0
7576,10.976,7.963,7.572,0.077,0.013,0.301,0,16.605,7.615,0.000,0,452,0,0
7577,22.755,22.755,13.173,8.762,0.424,0.395,1,16.605,7.615,0.000,383,52912,3274,0
7578,10.597,7.833,7.410,0.077,0.027,0.319,0,17.973,8.335,0.000,0,452,0,0
7579,23.797,23.797,14.606,8.500,0.403,0.287,1,17.973,8.335,0.000,384,52912,3276,0
7580,9.565,7.272,6.801,0.072,0.012,0.387,0,16.388,7.398,0.000,0,452,0,0
7581,24.244,24.244,14.693,8.849,0.401,0.302,1,16.388,7.398,0.000,383,52912,3274,0
7582,9.122,6.378,5.959,0.072,0.011,0.336,0,14.756,7.207,0.000,0,452,0,0
7583,24.469,24.469,14.209,9.386,0.395,0.479,1,14.756,7.207,0.000,383,52912,3272,0
7584,9.045,9.045,8.636,0.075,0.015,0.319,0,15.743,7.642,0.000,0,452,0,0
7585,26.181,26.181,16.601,8.851,0.371,0.357,1,15.743,7.642,0.000,383,52912,3273,0
7586,7.039,6.141,5.657,0.073,0.011,0.400,0,14.972,7.511,0.000,0,452,0,0
7587,24.679,24.679,15.378,8.580,0.365,0.357,1,14.972,7.511,0.000,383,52912,3274,0
7588,8.692,5.779,5.485,0.071,0.011,0.212,0,15.363,7.873,0.000,0,452,0,0
7589,22.989,22.989,14.069,8.073,0.551,0.296,1,15.363,7.873,0.000,383,52912,3275,0
7590,10.376,5.667,5.375,0.070,0.010,0.212,0,15.219,8.136,0.000,0,452,0,0
7591,24.830,24.830,14.331,9.288,0.931,0.280,1,15.219,8.136,0.000,382,52908,3266,0
7592,8.534,5.813,5.423,0.075,0.012,0.303,0,16.513,8.062,0.000,0,448,0,0
7593,22.429,22.429,12.465,9.447,0.268,0.250,1,16.513,8.062,0.000,381,52748,3250,0
7594,10.940,7.308,7.042,0.070,0.012,0.184,0,15.096,7.685,0.000,0,288,0,0
7595,23.661,23.661,14.579,8.475,0.346,0.260,1,15.096,7.685,0.000,381,52748,3250,0
7596,9.704,5.585,5.363,0.069,0.012,0.141,0,14.392,7.372,0.000,0,288,0,0
7597,22.151,22.151,13.576,7.984,0.314,0.276,1,14.392,7.372,0.000,381,52748,3251,0
7598,11.214,6.095,5.829,0.068,0.012,0.187,0,15.071,7.323,0.000,0,288,0,0
7599,22.052,22.052,13.379,8.055,0.433,0.186,1,15.071,7.323,0.000,381,52748,3250,0
7600,11.319,5.708,5.430,0.070,0.011,0.197,0,15.168,7.946,0.000,0,288,0,0
7601,21.906,21.906,13.132,8.165,0.432,0.177,1,15.168,7.946,0.000,381,52748,3250,0
7602,11.463,6.657,6.382,0.069,0.013,0.193,0,17.025,7.869,0.000,0,288,0,0
7603,23.494,23.494,14.664,8.193,0.393,0.244,1,17.025,7.869,0.000,381,52748,3249,0
7604,9.872,7.083,6.828,0.073,0.012,0.170,0,15.107,14.148,0.000,0,288,0,0
7605,27.088,27.088,12.722,13.746,0.456,0.164,1,13.179,4.127,0.000,381,52748,2644,25977
7606,6.289,6.289,5.985,0.073,0.013,0.218,0,13.179,4.127,0.000,0,288,0,0
7607,24.271,24.271,15.301,8.472,0.313,0.185,1,13.179,4.127,0.000,381,52748,3250,0
7608,9.082,5.836,5.592,0.070,0.012,0.162,0,15.614,8.174,0.000,0,288,0,0
7609,22.741,22.741,13.807,8.000,0.406,0.527,1,15.614,8.174,0.000,381,52744,3248,0
7610,10.623,5.732,5.413,0.067,0.012,0.240,0,15.402,8.024,0.000,0,284,0,0
7611,22.461,22.461,13.670,8.128,0.402,0.261,1,15.402,8.024,0.000,378,52664,3240,0
7612,10.904,5.942,5.410,0.069,0.010,0.453,0,15.093,7.945,0.000,0,284,0,0
7613,22.857,22.857,14.075,8.031,0.401,0.350,1,15.093,7.945,0.000,378,52664,3240,0
7614,10.510,5.754,5.369,0.068,0.012,0.305,0,15.019,7.377,0.000,0,284,0,0
7615,23.711,23.711,14.786,8.110,0.397,0.418,1,15.019,7.377,0.000,378,52664,3240,0
7616,9.656,6.141,5.773,0.069,0.010,0.289,0,14.445,8.536,0.000,0,284,0,0
7617,24.239,24.239,13.714,9.659,0.406,0.460,1,14.445,8.536,0.000,378,52664,3241,0
7618,9.132,5.888,5.373,0.068,0.011,0.436,0,16.988,7.952,0.000,0,284,0,0
7619,24.780,24.780,15.604,8.332,0.502,0.343,1,16.988,7.952,0.000,378,52664,3240,0
7620,8.590,6.876,6.479,0.070,0.016,0.312,0,15.526,8.230,0.000,0,284,0,0
7621,25.261,25.261,14.099,10.269,0.437,0.455,1,15.526,8.230,0.000,378,52664,3239,0
7622,8.136,5.935,5.523,0.068,0.014,0.330,0,15.526,8.230,0.000,0,284,0,0
7623,27.019,27.019,17.917,8.326,0.426,0.350,1,17.605,8.173,0.000,371,52124,3194,0
7624,6.910,6.910,6.461,0.069,0.014,0.366,0,17.605,8.173,0.000,0,284,0,0
7625,33.456,33.456,19.545,13.249,0.375,0.287,1,18.802,15.591,0.000,371,52124,2581,26157
7626,9.264,9.264,8.440,0.077,0.015,0.732,0,15.500,3.872,0.000,0,284,0,0
7627,6.735,5.985,5.581,0.070,0.012,0.321,0,15.500,3.872,0.000,0,284,0,0
7628,26.419,26.419,16.885,8.847,0.445,0.241,1,15.500,3.872,0.000,369,52044,3189,0
7629,7.105,6.218,5.917,0.069,0.011,0.222,0,15.313,8.029,0.000,0,284,0,0
7630,22.910,22.910,14.061,8.130,0.424,0.295,1,15.313,8.029,0.000,369,52044,3188,0
7631,10.293,6.321,6.007,0.068,0.012,0.234,0,14.924,8.213,0.000,0,284,0,0
7632,28.059,28.059,15.066,12.190,0.386,0.418,1,14.793,8.435,0.000,369,52044,3187,0
7633,6.425,6.425,5.957,0.072,0.013,0.382,0,14.793,8.435,0.000,0,284,0,0
7634,24.012,24.012,15.937,7.513,0.269,0.293,1,14.793,8.435,0.000,346,51232,2913,0
7635,8.241,5.734,5.387,0.069,0.011,0.267,0,14.018,8.002,0.000,0,284,0,0
7636,22.411,22.411,14.346,7.186,0.499,0.381,1,14.018,8.002,0.000,332,51394,2861,0
7637,10.952,5.622,5.294,0.067,0.012,0.249,0,14.218,7.426,0.000,0,284,0,0
7638,22.095,22.095,13.995,7.370,0.478,0.252,1,14.218,7.426,0.000,334,51474,2868,0
7639,11.275,5.789,5.678,0.077,0.015,0.018,0,13.537,7.928,0.000,0,284,0,0
7640,20.099,20.099,12.695,6.901,0.480,0.022,1,13.537,7.928,0.000,329,49606,2779,0
7641,13.269,6.571,6.469,0.074,0.014,0.014,0,14.873,6.964,0.000,0,276,0,0
7642,21.356,21.356,12.910,7.242,1.174,0.030,1,14.873,6.964,0.000,326,49594,2770,0
7643,12.013,5.532,5.283,0.068,0.012,0.168,0,13.467,7.032,0.000,0,276,0,0
7644,22.075,22.075,13.631,7.794,0.412,0.238,1,13.467,7.032,0.000,326,49594,2769,0
7645,11.295,6.345,6.010,0.068,0.012,0.255,0,14.156,6.866,0.000,0,280,0,0
7646,21.045,21.045,13.230,7.111,0.487,0.217,1,14.156,6.866,0.000,326,49594,2770,0
7647,12.310,7.273,6.976,0.072,0.015,0.210,0,14.082,7.024,0.000,0,276,0,0
7648,23.328,23.328,15.328,7.343,0.379,0.278,1,14.082,7.024,0.000,327,49598,2773,0
7649,10.041,6.506,6.210,0.070,0.014,0.211,0,13.212,7.398,0.000,0,276,0,0
7650,22.218,22.218,14.637,7.040,0.321,0.220,1,13.212,7.398,0.000,327,49666,2775,0
7651,11.147,5.740,5.408,0.067,0.011,0.254,0,12.841,6.979,0.000,0,268,0,0
7652,21.179,21.179,13.319,7.241,0.284,0.335,1,12.841,6.979,0.000,329,50100,2807,0
7653,12.191,5.442,5.163,0.065,0.010,0.204,0,14.353,7.084,0.000,0,268,0,0
7654,21.433,21.433,13.562,7.086,0.475,0.310,1,14.353,7.084,0.000,329,50100,2807,0
7655,11.935,5.802,5.320,0.064,0.010,0.408,0,13.844,7.005,0.000,0,268,0,0
7656,21.268,21.268,13.588,6.956,0.424,0.299,1,13.844,7.005,0.000,329,50100,2806,0
7657,12.101,6.532,5.971,0.072,0.016,0.472,0,14.084,7.044,0.000,0,268,0,0
7658,19.626,19.626,11.884,6.998,0.381,0.363,1,14.084,7.044,0.000,329,50100,2807,0
7659,13.738,7.182,6.779,0.065,0.011,0.327,0,14.638,7.121,0.000,0,268,0,0
7660,23.223,23.223,13.483,8.146,1.102,0.492,1,14.638,7.121,0.000,329,50100,2807,0
7661,10.154,5.867,5.391,0.068,0.013,0.395,0,16.333,7.456,0.000,0,268,0,0
7662,20.921,20.921,13.050,7.169,0.284,0.418,1,16.333,7.456,0.000,329,50100,2807,0
7663,12.440,8.249,7.673,0.069,0.016,0.491,0,14.908,7.080,0.000,0,268,0,0
7664,23.646,23.646,15.113,7.497,0.655,0.381,1,14.908,7.080,0.000,329,50100,2807,0
7665,9.711,5.994,5.549,0.066,0.013,0.366,0,13.811,11.136,0.000,0,268,0,0
7666,22.716,22.716,14.762,7.032,0.319,0.604,1,13.811,11.136,0.000,327,50020,2802,0
7667,10.648,5.655,5.258,0.064,0.009,0.323,0,14.093,7.081,0.000,0,268,0,0
7668,22.975,22.975,14.047,8.088,0.545,0.294,1,14.093,7.081,0.000,327,50020,2801,0
7669,10.391,6.663,6.195,0.077,0.017,0.373,0,15.125,7.220,0.000,0,268,0,0
7670,20.378,20.378,12.278,7.362,0.368,0.369,1,15.125,7.220,0.000,327,50020,2800,0
7671,12.998,5.780,5.414,0.067,0.012,0.287,0,15.424,7.147,0.000,0,268,0,0
7672,19.685,19.685,11.835,7.023,0.444,0.383,1,15.424,7.147,0.000,327,50020,2801,0
7673,13.679,6.924,6.576,0.068,0.010,0.270,0,14.293,7.605,0.000,0,268,0,0
7674,22.941,22.941,14.085,8.136,0.444,0.276,1,14.293,7.605,0.000,327,50020,2801,0
7675,10.425,5.793,5.339,0.064,0.011,0.378,0,14.756,7.644,0.000,0,268,0,0
7676,20.653,20.653,12.869,7.214,0.281,0.289,1,14.756,7.644,0.000,327,50020,2802,0
7677,12.713,7.609,7.271,0.065,0.010,0.262,0,13.364,7.090,0.000,0,268,0,0
7678,22.927,22.927,15.024,7.059,0.369,0.475,1,13.364,7.090,0.000,327,50020,2801,0
7679,10.437,6.604,6.253,0.066,0.012,0.273,0,14.102,6.873,0.000,0,268,0,0
7680,22.911,22.911,13.684,8.547,0.426,0.253,1,14.102,6.873,0.000,326,50016,2783,0
7681,10.452,7.719,7.322,0.068,0.015,0.313,0,15.620,7.371,0.000,0,268,0,0
7682,29.878,29.878,16.137,13.086,0.414,0.241,1,15.620,7.371,0.000,327,50020,2807,0
7683,5.963,5.963,5.659,0.067,0.012,0.226,0,19.553,7.193,0.000,0,268,0,0
7684,23.953,23.953,15.215,8.138,0.262,0.338,1,19.553,7.193,0.000,327,50020,2806,0
7685,6.944,5.599,5.302,0.065,0.010,0.222,0,13.230,7.267,0.000,0,268,0,0
7686,21.263,21.263,13.425,7.108,0.478,0.251,1,13.230,7.267,0.000,322,49560,2767,0
7687,12.107,6.016,5.603,0.076,0.016,0.321,0,13.606,6.935,0.000,0,268,0,0
7688,20.931,20.931,12.977,7.144,0.525,0.285,1,13.606,6.935,0.000,325,49640,2797,0
7689,12.437,6.727,6.424,0.068,0.015,0.220,0,16.272,7.438,0.000,0,268,0,0
7690,21.937,21.937,12.974,7.535,1.124,0.305,1,16.272,7.438,0.000,325,49640,2797,0
7691,11.429,5.563,5.209,0.064,0.011,0.279,0,14.644,7.282,0.000,0,268,0,0
7692,20.964,20.964,12.447,7.798,0.359,0.360,1,14.644,7.282,0.000,328,49752,2817,0
7693,12.414,7.816,7.304,0.070,0.015,0.428,0,14.960,6.909,0.000,0,316,0,0
7694,22.550,22.550,13.555,8.205,0.446,0.344,1,14.960,6.909,0.000,332,50242,2846,0
7695,10.799,7.788,7.292,0.072,0.016,0.409,0,14.773,7.432,0.000,0,364,0,0
7696,22.615,22.615,14.218,7.575,0.380,0.442,1,14.773,7.432,0.000,332,50290,2848,0
7697,10.754,5.737,5.365,0.066,0.011,0.296,0,12.795,7.966,0.000,0,412,0,0
7698,21.942,21.942,13.981,7.148,0.424,0.390,1,12.795,7.966,0.000,331,50318,2843,0
7699,11.425,6.518,6.150,0.079,0.016,0.273,0,15.195,7.058,0.000,0,460,0,0
7700,21.286,21.286,13.354,7.313,0.340,0.280,1,15.195,7.058,0.000,332,50369,2847,0
7701,12.084,5.807,5.358,0.065,0.012,0.372,0,14.655,6.959,0.000,0,508,0,0
7702,21.467,21.467,12.972,7.825,0.378,0.291,1,14.655,6.959,0.000,339,50724,2932,0
7703,11.900,5.850,5.459,0.065,0.012,0.313,0,14.901,7.008,0.000,0,556,0,0
7704,21.749,21.749,12.323,8.536,0.454,0.436,1,14.901,7.008,0.000,339,50764,2932,0
7705,11.617,6.004,5.594,0.079,0.012,0.319,0,15.902,7.007,0.000,0,572,0,0
7706,22.758,22.758,14.046,7.949,0.378,0.385,1,15.902,7.007,0.000,340,50767,2935,0
7707,10.610,6.910,6.370,0.069,0.011,0.460,0,16.886,7.930,0.000,0,572,0,0
7708,21.758,21.758,12.614,8.280,0.477,0.387,1,16.886,7.930,0.000,341,51109,2956,0
7709,11.604,8.630,8.167,0.071,0.015,0.377,0,14.506,7.267,0.000,0,576,0,0
7710,24.463,24.463,15.510,7.963,0.463,0.527,1,14.506,7.267,0.000,342,51113,2959,0
7711,8.903,5.830,5.373,0.066,0.011,0.380,0,15.288,7.337,0.000,0,576,0,0
7712,22.639,22.639,14.147,7.638,0.440,0.414,1,15.288,7.337,0.000,338,50953,2947,0
7713,10.727,5.907,5.330,0.068,0.013,0.497,0,13.781,7.527,0.000,0,576,0,0
7714,22.437,22.437,14.295,7.353,0.375,0.414,1,13.781,7.527,0.000,340,50957,2952,0
7715,10.950,5.972,5.502,0.067,0.011,0.392,0,13.357,8.218,0.000,0,580,0,0
7716,23.748,23.748,15.130,7.715,0.426,0.477,1,13.357,8.218,0.000,337,50877,2944,0
7717,9.602,6.430,5.404,0.712,0.010,0.303,0,16.180,7.488,0.000,0,580,0,0
7718,21.722,21.722,12.947,8.016,0.406,0.353,1,16.180,7.488,0.000,334,50777,2934,0
7719,11.644,5.843,5.365,0.071,0.011,0.397,0,15.111,7.102,0.000,0,580,0,0
7720,24.038,24.038,15.493,7.790,0.410,0.345,1,15.111,7.102,0.000,336,50785,2939,0
7721,9.332,6.187,5.829,0.071,0.010,0.277,0,14.512,7.904,0.000,0,592,0,0
7722,21.292,21.292,13.255,7.381,0.281,0.374,1,14.512,7.904,0.000,336,50712,2941,0
7723,12.074,5.756,5.401,0.070,0.012,0.273,0,15.799,7.090,0.000,0,592,0,0
7724,21.429,21.429,12.684,8.017,0.414,0.314,1,15.799,7.090,0.000,334,50632,2935,0
7725,11.941,10.084,9.643,0.079,0.019,0.343,0,14.995,7.239,0.000,0,592,0,0
7726,22.894,22.894,14.440,7.714,0.472,0.269,1,14.995,7.239,0.000,335,50636,2938,0
7727,10.467,6.111,5.783,0.071,0.011,0.246,0,15.159,7.412,0.000,0,596,0,0
7728,20.158,20.158,12.198,7.380,0.278,0.301,1,15.159,7.412,0.000,334,50616,2934,0
7729,13.215,5.621,5.303,0.071,0.012,0.235,0,16.362,7.606,0.000,0,600,0,0
7730,24.531,24.531,16.061,7.786,0.385,0.299,1,16.362,7.606,0.000,335,51500,2990,0
7731,8.829,6.891,6.489,0.075,0.015,0.313,0,13.649,7.649,0.000,0,600,0,0
7732,23.070,23.070,14.490,7.994,0.345,0.240,1,13.649,7.649,0.000,331,46894,2915,0
7733,10.296,5.888,5.528,0.073,0.013,0.273,0,13.071,6.589,0.000,0,604,0,0
7734,21.601,21.601,12.628,8.119,0.457,0.397,1,13.071,6.589,0.000,331,46826,2915,0
7735,11.770,6.457,6.089,0.075,0.014,0.279,0,16.706,6.515,0.000,0,608,0,0
7736,21.050,21.050,12.277,8.153,0.331,0.289,1,16.706,6.515,0.000,319,40189,2806,0
7737,12.314,5.647,5.190,0.073,0.011,0.373,0,13.921,5.797,0.000,0,608,0,0
7738,22.327,22.327,14.603,7.037,0.372,0.315,1,13.921,5.797,0.000,316,40089,2793,0
7739,11.044,6.302,5.791,0.075,0.011,0.425,0,13.568,6.229,0.000,0,612,0,0
7740,21.164,21.164,14.029,6.388,0.288,0.460,1,11.887,4.687,0.000,311,34479,2706,0
7741,12.198,6.509,6.094,0.077,0.013,0.324,0,11.887,4.687,0.000,0,608,0,0
7742,21.829,21.829,14.588,6.587,0.335,0.320,1,11.790,4.815,0.000,308,34423,2698,0
7743,11.541,6.391,5.926,0.077,0.014,0.374,0,11.790,4.815,0.000,0,612,0,0
7744,20.864,20.864,13.790,6.489,0.311,0.275,1,10.859,3.940,0.000,296,29531,2545,0
7745,12.502,6.318,5.963,0.078,0.013,0.264,0,10.859,3.940,0.000,0,616,0,0
7746,20.690,20.690,14.140,5.897,0.312,0.341,1,11.448,3.898,0.000,296,29531,2545,0
7747,12.678,5.382,5.047,0.078,0.011,0.245,0,11.448,3.898,0.000,0,628,0,0
7748,19.177,19.177,12.328,6.195,0.380,0.274,1,11.448,3.898,0.000,297,29536,2545,0
7749,14.185,6.572,6.015,0.079,0.011,0.467,0,13.730,3.815,0.000,0,628,0,0
7750,19.800,19.800,12.017,7.183,0.329,0.270,1,13.730,3.815,0.000,296,29493,2529,0
7751,13.565,6.923,6.479,0.082,0.015,0.347,0,11.534,4.174,0.000,0,632,0,0
7752,20.105,20.105,12.832,6.500,0.323,0.450,1,10.733,4.103,0.000,296,29493,2528,0
7753,13.261,6.282,5.832,0.082,0.013,0.356,0,10.733,4.103,0.000,0,632,0,0
7754,20.511,20.511,13.305,6.481,0.372,0.354,1,11.138,3.984,0.000,294,29413,2522,0
7755,12.856,6.677,6.090,0.082,0.012,0.493,0,11.138,3.984,0.000,0,632,0,0
7756,20.089,20.089,12.928,6.493,0.317,0.350,1,10.763,3.939,0.000,294,29413,2521,0
7757,13.277,6.431,6.017,0.083,0.009,0.321,0,10.763,3.939,0.000,0,636,0,0
7758,20.427,20.427,13.741,5.886,0.333,0.466,1,10.978,3.894,0.000,295,29417,2525,0
7759,12.940,6.005,5.598,0.091,0.010,0.306,0,10.978,3.894,0.000,0,636,0,0
7760,20.990,20.990,14.273,6.026,0.347,0.344,1,10.978,4.155,0.000,299,29617,2575,0
7761,12.377,5.969,5.491,0.080,0.010,0.388,0,10.978,4.155,0.000,0,640,0,0
7762,19.950,19.950,13.463,5.902,0.268,0.318,1,10.978,4.155,0.000,300,29617,2578,0
7763,13.422,5.620,5.222,0.081,0.011,0.307,0,11.809,3.782,0.000,0,644,0,0
7764,18.529,18.529,11.643,5.931,0.555,0.400,1,11.809,3.782,0.000,300,29621,2578,0
7765,14.839,6.704,6.335,0.090,0.014,0.266,0,14.440,3.808,0.000,0,636,0,0
7766,20.244,20.244,12.276,7.240,0.449,0.279,1,10.762,4.005,0.000,298,29613,2572,0
7767,13.119,5.617,5.166,0.113,0.010,0.328,0,10.762,4.005,0.000,0,636,1,0
7768,18.579,18.579,11.426,6.543,0.333,0.277,1,10.762,4.005,0.000,298,29613,2572,0
7769,14.789,7.256,6.907,0.084,0.016,0.249,0,12.720,3.780,0.000,0,636,0,0
7770,20.297,20.297,13.526,6.087,0.417,0.268,1,12.720,3.780,0.000,298,29613,2572,0
7771,13.071,5.525,5.249,0.080,0.011,0.185,0,11.018,4.546,0.000,0,640,0,0
7772,18.994,18.994,12.459,5.960,0.369,0.206,1,11.018,4.546,0.000,299,29617,2576,0
7773,14.369,5.581,5.231,0.082,0.011,0.258,0,11.084,4.519,0.000,0,640,0,0
7774,18.987,18.987,12.514,5.882,0.395,0.196,1,11.084,4.519,0.000,298,29613,2572,0
7775,14.379,5.477,5.203,0.079,0.011,0.184,0,11.502,3.776,0.000,0,632,0,0
7776,18.853,18.853,12.388,5.895,0.392,0.178,1,11.502,3.776,0.000,297,29609,2570,0
7777,14.518,5.305,5.095,0.081,0.010,0.118,0,11.494,3.751,0.000,0,632,0,0
7778,18.749,18.749,12.282,5.906,0.390,0.171,1,11.494,3.751,0.000,298,29667,2573,0
7779,14.618,5.380,5.101,0.078,0.011,0.190,0,11.459,3.886,0.000,0,632,0,0
7780,18.850,18.850,12.418,5.905,0.368,0.159,1,11.459,3.886,0.000,299,29671,2578,0
7781,14.515,5.392,5.142,0.077,0.010,0.163,0,11.841,3.927,0.000,0,628,0,0
7782,21.810,21.810,13.908,7.229,0.387,0.286,1,11.568,4.214,0.000,307,30049,2650,0
7783,11.557,6.025,5.730,0.079,0.015,0.201,0,11.568,4.214,0.000,0,624,0,0
7784,19.187,19.187,12.369,6.375,0.241,0.201,1,11.568,4.214,0.000,340,30241,2849,0
7785,14.195,6.036,5.705,0.078,0.010,0.243,0,12.627,4.092,0.000,0,628,0,0
7786,19.754,19.754,12.048,7.155,0.339,0.213,1,12.627,4.092,0.000,340,30241,2848,0
7787,13.597,6.391,6.005,0.079,0.011,0.296,0,12.932,4.063,0.000,0,628,0,0
7788,19.752,19.752,12.273,6.781,0.319,0.379,1,12.932,4.063,0.000,311,30317,2738,0
7789,13.611,5.494,5.146,0.078,0.011,0.258,0,13.171,3.939,0.000,0,628,0,0
7790,21.489,21.489,14.183,6.652,0.388,0.266,1,11.820,4.239,0.000,312,30337,2769,0
7791,11.882,6.507,6.059,0.079,0.013,0.356,0,11.820,4.239,0.000,0,624,0,0
7792,20.612,20.612,12.800,7.149,0.396,0.267,1,11.820,4.239,0.000,335,31741,2989,0
7793,12.756,5.625,5.298,0.079,0.011,0.237,0,14.745,4.230,0.000,0,624,0,0
7794,22.407,22.407,14.647,7.092,0.365,0.303,1,14.745,4.230,0.000,334,31737,2985,0
7795,10.955,5.887,5.581,0.077,0.011,0.219,0,13.417,4.384,0.000,0,620,0,0
7796,21.142,21.142,13.307,7.147,0.372,0.315,1,13.417,4.384,0.000,335,31929,2992,0
7797,12.227,5.605,5.318,0.078,0.012,0.196,0,14.400,5.081,0.000,0,620,0,0
7798,21.069,21.069,13.437,6.873,0.522,0.238,1,14.400,5.081,0.000,338,32487,3004,0
7799,12.297,7.071,6.638,0.082,0.012,0.339,0,13.307,4.662,0.000,0,620,0,0
7800,21.389,21.389,13.240,7.552,0.298,0.300,1,13.307,4.662,0.000,338,32487,3005,0
7801,11.978,5.630,5.247,0.076,0.013,0.294,0,13.950,4.480,0.000,0,620,0,0
7802,20.465,20.465,12.136,7.544,0.396,0.390,1,13.950,4.480,0.000,338,32487,3023,0
7803,12.902,8.113,7.732,0.086,0.010,0.285,0,13.619,4.228,0.000,0,616,0,0
7804,21.994,21.994,13.963,7.231,0.461,0.339,1,13.619,4.228,0.000,344,32923,3098,0
7805,11.375,6.555,5.988,0.084,0.014,0.470,0,13.409,5.037,0.000,0,612,0,0
7806,21.681,21.681,13.774,7.161,0.371,0.375,1,13.409,5.037,0.000,350,33205,3174,0
7807,11.683,6.194,5.750,0.076,0.014,0.354,0,13.355,4.410,0.000,0,612,0,0
7808,21.098,21.098,12.763,7.516,0.349,0.470,1,13.355,4.410,0.000,350,33205,3173,0
7809,12.273,7.120,6.669,0.080,0.012,0.358,0,17.129,4.403,0.000,0,612,0,0
7810,21.399,21.399,12.902,7.728,0.387,0.383,1,17.129,4.403,0.000,360,33463,3312,0
7811,11.963,7.763,7.240,0.080,0.015,0.429,0,15.585,4.501,0.000,0,616,0,0
7812,22.311,22.311,14.068,7.525,0.436,0.281,1,15.585,4.501,0.000,361,33551,3323,0
7813,11.061,5.679,5.356,0.075,0.011,0.237,0,13.794,4.590,0.000,0,616,0,0
7814,22.171,22.171,13.942,7.467,0.366,0.396,1,13.794,4.590,0.000,361,33552,3323,0
7815,11.195,5.564,5.236,0.076,0.011,0.241,0,14.112,4.358,0.000,0,620,0,0
7816,21.284,21.284,13.312,7.319,0.368,0.284,1,14.112,4.358,0.000,361,33508,3320,0
7817,12.082,5.781,5.359,0.078,0.011,0.333,0,14.244,4.433,0.000,0,624,0,0
7818,21.402,21.402,13.337,7.447,0.360,0.258,1,14.244,4.433,0.000,362,33512,3337,0
7819,11.964,6.311,5.945,0.081,0.015,0.271,0,14.212,4.365,0.000,0,616,0,0
7820,21.696,21.696,13.734,7.216,0.382,0.364,1,14.212,4.365,0.000,358,33453,3295,0
7821,11.667,5.992,5.630,0.090,0.014,0.258,0,13.794,5.084,0.000,0,624,0,0
7822,20.192,20.192,12.271,7.323,0.338,0.261,1,13.794,5.084,0.000,363,33797,3325,0
7823,13.180,5.800,5.423,0.078,0.011,0.288,0,15.690,4.595,0.000,0,628,0,0
7824,19.683,19.683,11.850,7.240,0.380,0.213,1,15.690,4.595,0.000,360,33359,3297,0
7825,13.686,5.522,5.247,0.079,0.010,0.187,0,14.916,4.393,0.000,0,628,0,0
7826,21.939,21.939,13.822,7.509,0.341,0.268,1,14.916,4.393,0.000,361,33415,3339,0
7827,11.422,6.786,6.492,0.081,0.011,0.202,0,14.862,4.468,0.000,0,628,0,0
7828,21.400,21.400,13.223,7.586,0.386,0.204,1,14.862,4.468,0.000,361,33415,3338,0
7829,11.986,7.548,7.204,0.077,0.012,0.255,0,13.736,5.066,0.000,0,624,0,0
7830,23.695,23.695,12.986,10.139,0.361,0.209,1,13.736,5.066,0.000,360,33412,3329,0
7831,9.658,6.173,5.885,0.080,0.015,0.194,0,16.301,5.264,0.000,0,628,0,0
7832,21.884,21.884,13.066,8.287,0.275,0.257,1,16.301,5.264,0.000,360,33412,3330,0
7833,11.480,6.496,6.233,0.082,0.014,0.167,0,15.217,4.478,0.000,0,632,0,0
7834,22.168,22.168,13.844,7.754,0.386,0.184,1,15.217,4.478,0.000,361,33416,3332,0
7835,11.199,6.024,5.641,0.079,0.011,0.292,0,15.132,5.107,0.000,0,632,0,0
7836,20.850,20.850,12.686,7.544,0.373,0.248,1,15.132,5.107,0.000,362,33420,3336,0
7837,12.511,7.106,6.772,0.085,0.014,0.235,0,15.009,4.447,0.000,0,636,0,0
7838,22.426,22.426,14.252,7.447,0.419,0.308,1,15.009,4.447,0.000,359,33034,3309,0
7839,10.942,5.658,5.352,0.080,0.011,0.215,0,13.932,4.392,0.000,0,636,0,0
7840,20.158,20.158,12.416,7.119,0.365,0.258,1,13.932,4.392,0.000,355,32592,3276,0
7841,13.214,5.771,5.378,0.080,0.010,0.302,0,14.877,4.252,0.000,0,636,0,0
7842,20.735,20.735,12.836,7.249,0.438,0.212,1,14.877,4.252,0.000,346,32205,3186,0
7843,12.635,5.830,5.544,0.080,0.010,0.195,0,15.108,4.409,0.000,0,636,0,0
7844,22.127,22.127,14.300,7.140,0.412,0.276,1,15.108,4.409,0.000,345,32201,3184,0
7845,11.233,5.868,5.574,0.081,0.011,0.202,0,13.029,5.597,0.000,0,632,0,0
7846,22.270,22.270,13.901,7.782,0.368,0.219,1,13.029,5.597,0.000,344,32129,3176,0
7847,11.103,6.271,5.844,0.083,0.012,0.332,0,14.441,4.281,0.000,0,636,0,0
7848,20.835,20.835,13.232,7.035,0.280,0.287,1,14.441,4.281,0.000,345,32133,3180,0
7849,12.527,5.590,5.225,0.080,0.013,0.272,0,14.323,4.286,0.000,0,636,0,0
7850,20.222,20.222,12.415,7.006,0.369,0.432,1,14.323,4.286,0.000,348,32469,3239,0
7851,13.143,6.185,5.793,0.080,0.011,0.301,0,15.015,4.237,0.000,0,636,0,0
7852,19.917,19.917,12.206,7.053,0.342,0.315,1,15.015,4.237,0.000,348,32469,3240,0
7853,13.453,6.446,5.933,0.081,0.011,0.421,0,14.423,4.252,0.000,0,640,0,0
7854,20.521,20.521,12.764,7.047,0.349,0.361,1,14.423,4.252,0.000,349,32473,3242,0
7855,12.842,5.853,5.391,0.082,0.012,0.369,0,14.812,4.188,0.000,0,640,0,0
7856,19.532,19.532,11.579,7.098,0.357,0.499,1,14.812,4.188,0.000,349,32473,3244,0
7857,13.838,5.647,5.146,0.081,0.017,0.402,0,15.947,4.254,0.000,0,640,0,0
7858,23.126,23.126,15.060,7.265,0.420,0.381,1,15.947,4.254,0.000,348,32469,3237,0
7859,10.235,6.458,5.916,0.083,0.011,0.448,0,13.364,5.046,0.000,0,640,0,0
7860,21.301,21.301,13.645,6.999,0.293,0.363,1,13.364,5.046,0.000,348,32469,3238,0
7861,12.070,5.627,5.282,0.082,0.010,0.254,0,14.030,4.240,0.000,0,640,0,0
7862,22.687,22.687,13.948,7.856,0.529,0.354,1,14.030,4.240,0.000,350,32557,3280,0
7863,10.681,5.814,5.462,0.082,0.009,0.260,0,17.262,4.346,0.000,0,640,0,0
7864,20.062,20.062,12.383,6.960,0.452,0.267,1,17.262,4.346,0.000,350,32557,3245,0
7865,13.303,5.722,5.324,0.082,0.010,0.306,0,14.780,4.860,0.000,0,640,0,0
7866,23.495,23.495,14.749,7.554,0.341,0.852,1,14.780,4.860,0.000,351,32561,3248,0
7867,9.867,5.789,5.478,0.084,0.010,0.217,0,14.624,4.253,0.000,0,648,0,0
7868,22.816,22.816,14.285,7.891,0.323,0.318,1,13.014,4.422,0.000,353,32569,3253,0
7869,10.554,6.410,6.090,0.087,0.014,0.219,0,13.014,4.422,0.000,0,652,0,0
7870,21.842,21.842,14.032,7.214,0.372,0.225,1,13.014,4.422,0.000,354,32569,3256,0
7871,11.524,5.814,5.469,0.082,0.011,0.252,0,14.142,4.371,0.000,0,648,0,0
7872,21.271,21.271,12.612,8.081,0.383,0.196,1,14.142,4.371,0.000,351,32561,3247,0
7873,12.097,6.249,5.957,0.084,0.012,0.196,0,15.000,4.593,0.000,0,644,0,0
7874,19.911,19.911,12.067,7.207,0.272,0.366,1,15.000,4.593,0.000,354,32897,3276,0
7875,13.455,5.521,5.245,0.080,0.011,0.185,0,15.174,4.348,0.000,0,644,0,0
7876,19.183,19.183,11.578,7.027,0.376,0.202,1,15.174,4.348,0.000,355,32901,3278,0
7877,14.184,7.648,7.207,0.089,0.017,0.335,0,15.678,4.267,0.000,0,644,0,0
7878,21.545,21.545,12.377,8.557,0.353,0.258,1,15.678,4.267,0.000,353,32893,3273,0
7879,11.821,5.656,5.325,0.079,0.011,0.241,0,14.523,4.436,0.000,0,636,0,0
7880,21.041,21.041,12.038,7.762,0.390,0.851,1,14.523,4.436,0.000,352,32889,3267,0
7881,12.324,5.655,5.308,0.080,0.010,0.258,0,14.775,4.310,0.000,0,636,0,0
7882,20.266,20.266,12.350,7.300,0.360,0.255,1,14.775,4.310,0.000,351,32885,3267,0
7883,13.113,7.401,6.922,0.080,0.011,0.389,0,14.195,4.255,0.000,0,632,0,0
7884,23.241,23.241,15.126,7.450,0.356,0.309,1,13.273,4.338,0.000,348,32665,3246,0
7885,10.112,5.960,5.604,0.078,0.012,0.265,0,13.273,4.338,0.000,0,628,0,0
7886,21.073,21.073,13.083,7.261,0.349,0.380,1,13.273,4.338,0.000,347,32661,3260,0
7887,12.296,5.686,5.352,0.078,0.011,0.245,0,16.605,4.410,0.000,0,624,0,0
7888,19.281,19.281,11.622,7.046,0.267,0.347,1,16.605,4.410,0.000,348,32665,3261,0
7889,14.088,5.709,5.304,0.081,0.012,0.312,0,14.479,4.281,0.000,0,636,0,0
7890,19.566,19.566,11.852,7.080,0.372,0.263,1,14.479,4.281,0.000,350,32673,3268,0
7891,13.794,5.639,5.301,0.080,0.011,0.247,0,14.723,4.239,0.000,0,636,0,0
7892,19.398,19.398,11.706,7.002,0.352,0.338,1,14.723,4.239,0.000,348,32665,3261,0
7893,13.973,5.489,5.156,0.078,0.011,0.244,0,15.495,4.264,0.000,0,628,0,0
7894,21.932,21.932,14.055,7.066,0.544,0.267,1,15.495,4.264,0.000,348,32665,3262,0
7895,11.437,6.874,6.360,0.082,0.011,0.421,0,13.954,4.865,0.000,0,628,0,0
7896,21.796,21.796,13.859,7.169,0.434,0.334,1,13.954,4.865,0.000,348,32665,3261,0
7897,11.571,5.914,5.400,0.080,0.010,0.423,0,13.355,4.906,0.000,0,628,0,0
7898,21.352,21.352,13.635,6.999,0.358,0.360,1,13.355,4.906,0.000,346,32657,3243,0
7899,12.020,5.789,5.371,0.077,0.011,0.330,0,14.337,4.310,0.000,0,624,0,0
7900,19.569,19.569,11.794,6.946,0.362,0.467,1,14.337,4.310,0.000,344,32649,3235,0
7901,13.791,5.820,5.384,0.077,0.011,0.348,0,15.913,4.851,0.000,0,624,0,0
7902,19.410,19.410,11.626,7.028,0.384,0.373,1,15.913,4.851,0.000,345,32653,3237,0
7903,13.955,6.059,5.516,0.079,0.013,0.451,0,15.162,4.327,0.000,0,620,0,0
7904,19.459,19.459,11.615,7.062,0.359,0.423,1,15.162,4.327,0.000,344,32649,3235,0
7905,13.913,5.874,5.446,0.076,0.011,0.341,0,14.836,4.871,0.000,0,616,0,0
7906,23.951,23.951,15.397,7.699,0.373,0.482,1,13.370,5.210,0.000,343,32645,3231,0
7907,9.435,6.797,6.323,0.079,0.019,0.376,0,13.370,5.210,0.000,0,616,0,0
7908,21.027,21.027,12.994,7.318,0.390,0.325,1,13.370,5.210,0.000,343,32645,3216,0
7909,12.320,5.973,5.509,0.076,0.011,0.377,0,15.580,4.962,0.000,0,616,0,0
7910,20.813,20.813,11.854,8.349,0.325,0.285,1,15.580,4.962,0.000,343,32645,3231,0
7911,12.551,5.629,5.267,0.076,0.012,0.274,0,14.105,4.233,0.000,0,620,0,0
7912,20.187,20.187,11.930,7.516,0.352,0.388,1,14.105,4.233,0.000,344,32649,3234,0
7913,13.182,6.088,5.745,0.076,0.011,0.255,0,14.615,4.218,0.000,0,616,0,0
7914,20.075,20.075,12.314,7.156,0.379,0.226,1,14.615,4.218,0.000,342,32641,3220,0
7915,13.309,6.172,5.798,0.075,0.011,0.288,0,13.951,4.181,0.000,0,612,0,0
7916,21.079,21.079,12.491,8.019,0.337,0.232,1,13.951,4.181,0.000,343,32645,3225,0
7917,12.269,6.298,5.979,0.075,0.010,0.234,0,14.243,4.323,0.000,0,616,0,0
7918,19.687,19.687,12.087,6.927,0.292,0.381,1,14.243,4.323,0.000,341,32637,3217,0
7919,13.680,5.768,5.484,0.074,0.013,0.198,0,15.041,4.249,0.000,0,608,0,0
7920,19.136,19.136,11.678,6.903,0.383,0.172,1,15.041,4.249,0.000,340,32633,3215,0
7921,14.233,5.602,5.298,0.072,0.010,0.223,0,13.659,4.888,0.000,0,604,0,0
7922,19.024,19.024,11.666,6.787,0.338,0.233,1,13.659,4.888,0.000,328,32349,3127,0
7923,14.339,5.518,5.235,0.072,0.011,0.199,0,14.516,4.214,0.000,0,604,0,0
7924,19.077,19.077,11.819,6.640,0.342,0.277,1,14.516,4.214,0.000,328,32349,3128,0
7925,14.291,5.526,5.218,0.072,0.010,0.225,0,14.525,4.585,0.000,0,604,0,0
7926,19.008,19.008,11.748,6.645,0.366,0.249,1,14.525,4.585,0.000,328,32349,3127,0
7927,14.359,5.620,5.218,0.073,0.011,0.318,0,14.785,4.278,0.000,0,604,0,0
7928,18.872,18.872,11.659,6.584,0.373,0.256,1,14.785,4.278,0.000,324,32287,3075,0
7929,14.494,5.528,5.194,0.072,0.018,0.244,0,14.650,4.787,0.000,0,604,0,0
7930,22.449,22.449,14.231,7.517,0.354,0.346,1,14.650,4.787,0.000,325,32359,3081,0
7931,10.914,5.773,5.357,0.074,0.011,0.333,0,14.072,4.543,0.000,0,604,0,0
7932,20.849,20.849,12.745,7.450,0.354,0.300,1,14.072,4.543,0.000,325,32359,3083,0
7933,12.521,6.369,5.924,0.074,0.012,0.359,0,14.103,4.380,0.000,0,604,0,0
7934,19.199,19.199,11.983,6.669,0.267,0.280,1,14.103,4.380,0.000,325,32359,3081,0
7935,14.171,5.582,5.219,0.072,0.011,0.280,0,14.454,4.216,0.000,0,604,0,0
7936,19.295,19.295,11.825,6.749,0.358,0.362,1,14.454,4.216,0.000,325,32359,3082,0
7937,14.066,5.587,5.263,0.072,0.010,0.242,0,14.867,4.173,0.000,0,604,0,0
7938,19.574,19.574,11.848,7.121,0.363,0.243,1,14.867,4.173,0.000,325,32359,3082,0
7939,13.795,5.783,5.398,0.073,0.010,0.301,0,14.561,4.265,0.000,0,604,0,0
7940,19.098,19.098,11.904,6.588,0.386,0.220,1,14.561,4.265,0.000,325,32359,3081,0
7941,14.268,5.358,5.096,0.072,0.011,0.178,0,14.505,4.253,0.000,0,604,0,0
7942,22.747,22.747,13.805,8.333,0.349,0.260,1,12.729,4.495,0.000,325,32359,3082,0
7943,10.617,6.150,5.761,0.076,0.013,0.299,0,12.729,4.495,0.000,0,604,0,0
7944,21.992,21.992,14.221,7.205,0.234,0.333,1,12.360,4.424,0.000,325,32359,3081,0
7945,11.376,6.039,5.602,0.072,0.010,0.356,0,12.360,4.424,0.000,0,604,0,0
7946,20.010,20.010,12.471,6.877,0.362,0.300,1,12.360,4.424,0.000,325,32359,3083,0
7947,13.358,5.643,5.286,0.072,0.010,0.275,0,15.620,4.351,0.000,0,604,0,0
7948,19.260,19.260,11.804,6.629,0.438,0.390,1,15.620,4.351,0.000,325,32359,3081,0
7949,14.113,5.645,5.221,0.073,0.016,0.335,0,15.553,4.212,0.000,0,604,0,0
7950,19.178,19.178,11.815,6.689,0.347,0.328,1,15.553,4.212,0.000,325,32359,3082,0
7951,14.182,5.671,5.179,0.074,0.011,0.407,0,14.789,4.249,0.000,0,604,0,0
7952,22.514,22.514,14.881,6.881,0.419,0.334,1,14.789,4.249,0.000,325,32359,3081,0
7953,10.851,6.070,5.670,0.074,0.011,0.315,0,13.353,4.496,0.000,0,604,0,0
7954,20.884,20.884,13.148,6.828,0.466,0.442,1,13.353,4.496,0.000,323,32051,3057,0
7955,12.489,5.609,5.240,0.072,0.012,0.285,0,15.749,4.432,0.000,0,296,0,0
7956,19.900,19.900,11.588,7.739,0.322,0.251,1,15.749,4.432,0.000,323,32051,3056,0
7957,13.463,6.159,5.768,0.078,0.014,0.299,0,13.140,4.162,0.000,0,296,0,0
7958,20.492,20.492,12.627,7.285,0.311,0.268,1,13.140,4.162,0.000,324,32055,3068,0
7959,12.873,5.384,5.094,0.072,0.012,0.207,0,13.544,4.188,0.000,0,300,0,0
7960,19.778,19.778,11.879,7.258,0.357,0.284,1,13.544,4.188,0.000,324,32055,3067,0
7961,13.590,6.169,5.888,0.071,0.010,0.199,0,13.768,4.250,0.000,0,300,0,0
7962,20.698,20.698,13.035,6.950,0.486,0.227,1,13.768,4.250,0.000,324,32055,3069,0
7963,12.669,5.668,5.309,0.072,0.011,0.276,0,15.169,4.489,0.000,0,300,0,0
7964,19.909,19.909,12.803,6.635,0.250,0.220,1,15.169,4.489,0.000,324,32055,3067,0
7965,13.455,5.296,5.017,0.073,0.011,0.195,0,12.657,4.220,0.000,0,300,0,0
7966,21.056,21.056,13.251,7.124,0.394,0.286,1,12.657,4.220,0.000,324,32055,3068,0
7967,12.316,5.628,5.349,0.074,0.010,0.195,0,15.092,4.552,0.000,0,300,0,0
7968,19.845,19.845,12.682,6.698,0.305,0.159,1,15.092,4.552,0.000,324,32055,3067,0
7969,13.530,6.803,6.506,0.076,0.013,0.209,0,12.981,4.266,0.000,0,324,0,0
7970,20.234,20.234,12.765,6.877,0.424,0.168,1,12.981,4.266,0.000,325,32103,3082,0
7971,13.124,5.461,5.208,0.073,0.010,0.171,0,13.393,4.253,0.000,0,372,0,0
7972,22.015,22.015,13.748,7.682,0.357,0.227,1,13.393,4.253,0.000,325,32151,3081,0
7973,11.352,5.457,5.202,0.073,0.010,0.172,0,13.955,4.437,0.000,0,420,0,0
7974,20.204,20.204,12.512,6.735,0.783,0.174,1,13.955,4.437,0.000,325,32199,3082,0
7975,13.161,5.484,5.181,0.074,0.011,0.218,0,13.180,4.228,0.000,0,468,0,0
7976,19.528,19.528,12.175,6.772,0.369,0.211,1,13.180,4.228,0.000,325,32247,3081,0
7977,13.841,5.926,5.661,0.074,0.011,0.181,0,13.155,4.216,0.000,0,516,0,0
7978,19.943,19.943,11.949,7.377,0.356,0.261,1,13.155,4.216,0.000,325,32295,3082,0
7979,13.419,6.255,5.909,0.073,0.011,0.263,0,13.674,4.174,0.000,0,564,0,0
7980,19.167,19.167,11.822,6.681,0.365,0.299,1,13.674,4.174,0.000,325,32343,3081,0
7981,14.202,5.607,5.207,0.073,0.012,0.315,0,14.374,4.302,0.000,0,612,0,0
7982,19.078,19.078,11.645,6.802,0.366,0.265,1,14.374,4.302,0.000,325,32391,3090,0
7983,14.289,5.519,5.209,0.073,0.010,0.227,0,14.463,4.229,0.000,0,660,0,0
7984,19.422,19.422,11.953,6.742,0.396,0.332,1,14.463,4.229,0.000,325,32439,3089,0
7985,13.945,5.549,5.240,0.074,0.011,0.224,0,14.684,4.267,0.000,0,708,0,0
7986,19.094,19.094,11.807,6.708,0.368,0.212,1,14.684,4.267,0.000,326,32467,3103,0
7987,14.269,5.545,5.227,0.074,0.011,0.234,0,14.348,4.595,0.000,0,712,0,0
7988,22.774,22.774,14.105,8.121,0.350,0.198,1,12.783,4.609,0.000,326,32467,3103,0
7989,10.593,6.281,5.985,0.076,0.013,0.206,0,12.783,4.609,0.000,0,712,0,0
7990,20.466,20.466,13.162,6.648,0.269,0.386,1,12.783,4.609,0.000,326,32467,3102,0
7991,12.905,5.755,5.421,0.076,0.012,0.247,0,14.540,4.886,0.000,0,712,0,0
7992,19.013,19.013,11.711,6.671,0.380,0.252,1,14.540,4.886,0.000,326,32467,3103,0
7993,14.353,5.749,5.340,0.075,0.010,0.324,0,14.306,4.780,0.000,0,712,0,0
7994,21.298,21.298,13.425,7.205,0.354,0.314,1,14.306,4.780,0.000,326,32467,3102,0
7995,12.063,6.478,6.026,0.074,0.012,0.366,0,14.425,4.554,0.000,0,712,0,0
7996,19.287,19.287,11.995,6.703,0.264,0.324,1,14.425,4.554,0.000,326,32467,3103,0
7997,14.079,5.783,5.394,0.075,0.011,0.303,0,14.662,4.237,0.000,0,712,0,0
7998,19.281,19.281,11.824,6.636,0.352,0.469,1,14.662,4.237,0.000,326,32467,3102,0
7999,14.091,5.711,5.315,0.075,0.011,0.310,0,15.228,4.197,0.000,0,712,0,0
8000,19.407,19.407,11.854,6.808,0.395,0.350,1,15.228,4.197,0.000,326,32467,3103,0
8001,13.958,5.796,5.211,0.164,0.011,0.410,0,14.698,4.255,0.000,0,712,0,0
8002,21.416,21.416,13.153,7.538,0.388,0.337,1,14.698,4.255,0.000,326,32467,3102,0
8003,11.954,6.451,6.018,0.084,0.014,0.336,0,15.611,4.521,0.000,0,712,0,0
8004,20.702,20.702,12.068,7.972,0.328,0.335,1,15.611,4.521,0.000,326,32467,3103,0
8005,12.660,6.168,5.847,0.083,0.014,0.224,0,14.267,4.255,0.000,0,712,0,0
8006,20.349,20.349,11.869,7.376,0.350,0.753,1,14.267,4.255,0.000,326,32467,3102,0
8007,13.017,5.668,5.274,0.074,0.011,0.310,0,13.791,4.320,0.000,0,712,0,0
8008,21.973,21.973,14.327,7.012,0.411,0.223,1,13.791,4.320,0.000,326,32467,3104,0
8009,11.397,5.759,5.482,0.074,0.012,0.191,0,13.469,5.051,0.000,0,712,0,0
8010,21.556,21.556,13.911,6.999,0.391,0.255,1,13.469,5.051,0.000,326,32467,3102,0
8011,11.807,6.312,6.044,0.074,0.011,0.183,0,14.564,4.448,0.000,0,712,0,0
8012,22.309,22.309,14.699,7.051,0.346,0.212,1,12.637,4.421,0.000,326,32467,3103,0
8013,11.059,5.764,5.468,0.074,0.010,0.211,0,12.637,4.421,0.000,0,712,0,0
8014,21.014,21.014,13.481,6.924,0.409,0.200,1,12.637,4.421,0.000,326,32467,3102,0
8015,12.357,5.605,5.360,0.076,0.012,0.157,0,14.635,4.450,0.000,0,712,0,0
8016,19.192,19.192,11.917,6.797,0.274,0.205,1,14.635,4.450,0.000,326,32467,3103,0
8017,14.199,5.483,5.249,0.077,0.011,0.146,0,14.397,4.259,0.000,0,712,0,0
8018,19.720,19.720,12.057,7.146,0.366,0.152,1,14.397,4.259,0.000,326,32467,3102,0
8019,13.615,5.654,5.356,0.072,0.011,0.215,0,13.395,4.306,0.000,0,708,0,0
8020,19.852,19.852,12.688,6.622,0.345,0.197,1,13.395,4.306,0.000,325,32463,3090,0
8021,13.519,5.550,5.198,0.073,0.012,0.268,0,13.436,4.678,0.000,0,300,0,0
8022,20.206,20.206,12.250,6.745,0.351,0.861,1,13.436,4.678,0.000,324,32055,3082,0
8023,13.160,5.412,5.074,0.072,0.012,0.253,0,13.919,4.240,0.000,0,300,0,0
8024,19.436,19.436,12.182,6.646,0.348,0.261,1,13.919,4.240,0.000,324,32055,3084,0
8025,13.931,6.187,5.752,0.072,0.011,0.352,0,13.636,4.115,0.000,0,300,0,0
8026,19.638,19.638,12.355,6.672,0.356,0.255,1,13.636,4.115,0.000,324,32055,3082,0
8027,13.725,6.587,6.090,0.076,0.015,0.406,0,13.505,4.189,0.000,0,300,0,0
8028,19.443,19.443,12.018,6.704,0.345,0.376,1,13.505,4.189,0.000,324,32055,3083,0
8029,13.946,5.461,5.141,0.072,0.013,0.235,0,15.593,4.296,0.000,0,300,0,0
8030,19.840,19.840,12.437,6.766,0.371,0.265,1,15.593,4.296,0.000,324,32055,3082,0
8031,13.513,5.439,5.112,0.073,0.011,0.243,0,13.777,4.966,0.000,0,300,0,0
8032,19.019,19.019,11.862,6.621,0.334,0.203,1,13.777,4.966,0.000,324,32055,3083,0
8033,14.342,5.574,5.308,0.074,0.011,0.181,0,14.076,4.211,0.000,0,300,0,0
8034,19.046,19.046,11.620,6.780,0.380,0.266,1,14.076,4.211,0.000,324,32055,3083,0
8035,14.318,5.493,5.227,0.072,0.011,0.183,0,14.400,4.591,0.000,0,300,0,0
8036,22.077,22.077,13.624,7.910,0.347,0.195,1,12.444,4.501,0.000,324,32055,3082,0
8037,11.292,5.545,5.229,0.073,0.010,0.234,0,12.444,4.501,0.000,0,300,0,0
8038,21.865,21.865,13.920,7.247,0.486,0.210,1,12.444,4.501,0.000,324,32055,3083,0
8039,11.502,5.657,5.289,0.073,0.011,0.284,0,12.483,4.209,0.000,0,300,0,0
8040,21.671,21.671,13.661,7.299,0.349,0.361,1,12.483,4.209,0.000,324,32055,3082,0
8041,11.697,6.206,5.823,0.077,0.015,0.291,0,13.213,4.366,0.000,0,300,0,0
8042,19.892,19.892,12.475,6.736,0.376,0.305,1,13.213,4.366,0.000,324,32055,3083,0
8043,13.471,6.233,5.763,0.071,0.011,0.388,0,14.031,4.279,0.000,0,300,0,0
8044,24.858,24.858,12.778,11.422,0.376,0.282,1,14.031,4.279,0.000,327,46830,2984,0
8045,8.513,5.509,5.119,0.068,0.011,0.310,0,16.036,7.028,0.000,0,284,0,0
8046,19.903,19.903,11.926,7.291,0.300,0.387,1,16.036,7.028,0.000,333,48994,3006,0
8047,13.461,7.600,7.216,0.071,0.012,0.301,0,17.609,6.966,0.000,0,292,0,0
8048,22.119,22.119,14.163,7.246,0.357,0.354,1,17.609,6.966,0.000,333,48994,3006,0
8049,11.243,6.363,5.732,0.101,0.021,0.510,0,14.090,7.870,0.000,0,292,0,0
8050,22.096,22.096,13.630,7.736,0.382,0.349,1,14.090,7.870,0.000,333,48994,3006,0
8051,11.279,5.885,5.491,0.072,0.011,0.312,0,16.944,7.099,0.000,0,292,0,0
8052,21.886,21.886,13.696,7.395,0.404,0.391,1,16.944,7.099,0.000,333,48994,3006,0
8053,11.477,5.688,5.355,0.071,0.012,0.250,0,16.214,6.811,0.000,0,292,0,0
8054,21.190,21.190,12.623,7.257,1.049,0.260,1,16.214,6.811,0.000,333,48994,3005,0
8055,12.178,5.964,5.519,0.072,0.011,0.363,0,15.471,6.801,0.000,0,292,0,0
8056,20.941,20.941,12.940,7.268,0.438,0.296,1,15.471,6.801,0.000,333,48994,3006,0
8057,12.425,6.216,5.877,0.071,0.011,0.257,0,15.595,6.873,0.000,0,292,0,0
8058,21.919,21.919,13.544,7.667,0.408,0.300,1,15.595,6.873,0.000,333,48994,3005,0
8059,11.445,6.858,6.565,0.070,0.011,0.212,0,16.830,7.004,0.000,0,292,0,0
8060,21.910,21.910,13.566,7.710,0.395,0.240,1,16.830,7.004,0.000,333,48994,3007,0
8061,11.459,6.044,5.644,0.071,0.012,0.318,0,16.954,7.225,0.000,0,292,0,0
8062,20.032,20.032,12.086,7.284,0.440,0.222,1,16.954,7.225,0.000,333,48994,3006,0
8063,13.335,6.857,6.594,0.071,0.010,0.182,0,15.101,6.942,0.000,0,292,0,0
8064,23.444,23.444,13.841,8.883,0.469,0.251,1,15.101,6.942,0.000,333,48994,3006,0
8065,9.916,6.949,6.673,0.079,0.014,0.183,0,15.883,7.130,0.000,0,292,0,0
8066,22.847,22.847,14.496,7.742,0.297,0.313,1,15.883,7.130,0.000,333,48994,3005,0
8067,10.524,6.287,5.937,0.069,0.009,0.272,0,15.514,6.991,0.000,0,292,0,0
8068,21.608,21.608,13.545,7.413,0.423,0.226,1,15.514,6.991,0.000,333,48994,3006,0
8069,11.762,6.275,5.959,0.069,0.011,0.235,0,14.547,7.515,0.000,0,288,0,0
8070,33.156,33.156,17.428,14.889,0.430,0.409,1,14.547,7.515,0.000,333,48994,3003,0
8071,6.346,6.346,5.960,0.083,0.015,0.287,0,22.610,7.725,0.000,0,292,0,0
8072,25.046,25.046,13.279,11.027,0.449,0.292,1,13.180,3.200,0.000,327,46832,2384,24831
8073,6.424,6.424,5.962,0.072,0.013,0.377,0,13.180,3.200,0.000,0,288,0,0
8074,23.635,23.635,16.339,6.743,0.251,0.303,1,12.632,6.629,0.000,309,46258,2721,0
8075,5.592,5.592,5.156,0.068,0.011,0.357,0,12.632,6.629,0.000,0,288,0,0
8076,21.632,21.632,13.937,6.716,0.533,0.447,1,12.632,6.629,0.000,305,45992,2704,0
8077,11.628,7.490,7.077,0.074,0.016,0.323,0,14.947,6.277,0.000,0,288,0,0
8078,21.722,21.722,14.060,6.841,0.499,0.322,1,14.947,6.277,0.000,294,45804,2637,0
8079,11.653,5.957,5.447,0.069,0.011,0.430,0,12.782,7.019,0.000,0,284,0,0
8080,19.603,19.603,12.440,6.475,0.564,0.123,1,12.782,7.019,0.000,283,45610,2602,0
8081,13.763,5.211,5.102,0.067,0.010,0.032,0,12.336,7.162,0.000,0,284,0,0
8082,20.516,20.516,12.999,7.046,0.381,0.089,1,12.336,7.162,0.000,283,45610,2603,0
8083,12.851,5.409,5.296,0.068,0.012,0.033,0,12.394,7.151,0.000,0,284,0,0
8084,21.472,21.472,13.791,7.228,0.405,0.047,1,12.394,7.151,0.000,284,45614,2608,0
8085,11.895,5.171,5.043,0.069,0.013,0.046,0,12.971,6.700,0.000,0,288,0,0
8086,19.101,19.101,11.671,7.016,0.331,0.083,1,12.971,6.700,0.000,284,45614,2607,0
8087,14.266,5.683,5.561,0.069,0.011,0.042,0,12.432,6.263,0.000,0,288,0,0
8088,19.462,19.462,12.253,6.733,0.412,0.064,1,12.432,6.263,0.000,276,43692,2510,0
8089,13.930,5.244,5.130,0.068,0.010,0.036,0,11.334,6.189,0.000,0,284,0,0
8090,20.843,20.843,13.203,7.147,0.393,0.099,1,11.334,6.189,0.000,275,43688,2507,0
8091,12.495,6.081,5.921,0.066,0.011,0.083,0,12.586,6.320,0.000,0,276,0,0
8092,18.293,18.293,11.567,6.250,0.366,0.109,1,12.586,6.320,0.000,273,43680,2500,0
8093,15.073,5.155,4.967,0.066,0.010,0.111,0,12.867,6.054,0.000,0,276,0,0
8094,18.246,18.246,11.468,6.246,0.378,0.153,1,12.867,6.054,0.000,273,43680,2501,0
8095,15.122,5.252,5.040,0.067,0.010,0.135,0,12.910,6.885,0.000,0,276,0,0
8096,18.114,18.114,11.417,6.073,0.400,0.224,1,12.910,6.885,0.000,273,43680,2501,0
8097,15.250,5.206,4.973,0.065,0.011,0.156,0,14.153,5.895,0.000,0,272,0,0
8098,19.972,19.972,13.004,6.255,0.517,0.196,1,14.153,5.895,0.000,272,43676,2490,0
8099,13.393,6.660,6.437,0.069,0.012,0.142,0,12.735,6.005,0.000,0,272,0,0
8100,31.445,31.445,17.845,13.050,0.398,0.153,1,12.735,6.005,0.000,277,44052,2558,0
8101,5.784,5.784,5.563,0.072,0.011,0.137,0,17.478,6.422,0.000,0,648,0,0
8102,20.723,20.723,13.351,6.839,0.389,0.144,1,17.478,6.422,0.000,280,44292,2608,0
8103,8.791,5.669,5.500,0.070,0.011,0.088,0,13.597,7.769,0.000,0,648,0,0
8104,18.612,18.612,11.697,6.369,0.412,0.133,1,13.597,7.769,0.000,280,44292,2608,0
8105,14.753,5.605,5.395,0.071,0.011,0.128,0,13.282,6.712,0.000,0,648,0,0
8106,18.741,18.741,11.866,6.395,0.388,0.092,1,13.282,6.712,0.000,280,44292,2608,0
8107,14.620,5.643,5.390,0.071,0.011,0.171,0,13.070,6.024,0.000,0,648,0,0
8108,19.295,19.295,12.008,6.697,0.349,0.241,1,13.070,6.024,0.000,280,44292,2607,0
8109,14.074,5.450,5.197,0.070,0.011,0.173,0,14.028,6.021,0.000,0,648,0,0
8110,19.650,19.650,12.735,6.352,0.383,0.180,1,14.028,6.021,0.000,280,44292,2606,0
8111,13.721,5.757,5.470,0.070,0.011,0.206,0,12.009,6.833,0.000,0,648,0,0
8112,21.871,21.871,13.921,7.325,0.409,0.216,1,12.009,6.833,0.000,280,44292,2608,0
8113,11.492,6.226,5.955,0.070,0.011,0.190,0,13.763,6.372,0.000,0,648,0,0
8114,21.688,21.688,14.396,6.734,0.292,0.266,1,13.763,6.372,0.000,280,44292,2609,0
8115,11.682,5.709,5.457,0.070,0.010,0.172,0,13.022,6.176,0.000,0,648,0,0
8116,21.944,21.944,14.520,6.858,0.378,0.188,1,13.022,6.176,0.000,280,44292,2607,0
8117,11.422,6.326,6.027,0.080,0.009,0.210,0,13.715,6.270,0.000,0,648,0,0
8118,19.935,19.935,12.188,7.264,0.273,0.211,1,13.715,6.270,0.000,280,44292,2608,0
8119,13.430,6.266,5.948,0.070,0.011,0.235,0,13.348,6.095,0.000,0,648,0,0
8120,19.757,19.757,12.051,7.015,0.353,0.338,1,13.348,6.095,0.000,280,44292,2608,0
8121,13.619,6.209,5.890,0.070,0.012,0.237,0,13.919,6.039,0.000,0,648,0,0
8122,22.207,22.207,14.719,6.786,0.430,0.273,1,13.919,6.039,0.000,280,44292,2608,0
8123,11.146,6.051,5.657,0.070,0.011,0.314,0,12.948,7.190,0.000,0,648,0,0
8124,21.133,21.133,13.504,6.849,0.446,0.335,1,12.948,7.190,0.000,280,44292,2607,0
8125,12.236,5.782,5.428,0.071,0.012,0.271,0,15.389,6.374,0.000,0,648,0,0
8126,19.173,19.173,12.049,6.430,0.302,0.392,1,15.389,6.374,0.000,280,44292,2609,0
8127,14.198,5.511,5.179,0.070,0.010,0.252,0,14.674,6.268,0.000,0,648,0,0
8128,20.273,20.273,13.035,6.600,0.360,0.278,1,14.674,6.268,0.000,280,44292,2608,0
8129,13.093,5.664,5.254,0.071,0.010,0.329,0,13.534,6.031,0.000,0,648,0,0
8130,19.256,19.256,11.919,6.609,0.443,0.285,1,13.534,6.031,0.000,280,44292,2607,0
8131,14.120,5.861,5.466,0.122,0.010,0.263,0,14.008,5.995,0.000,0,648,1,0
8132,21.813,21.813,13.801,7.306,0.344,0.362,1,14.008,5.995,0.000,280,44292,2607,0
8133,11.548,6.191,5.846,0.076,0.010,0.260,0,14.115,6.326,0.000,0,648,0,0
8134,20.899,20.899,12.995,7.304,0.271,0.330,1,14.115,6.326,0.000,280,44292,2608,0
8135,12.463,6.039,5.561,0.071,0.011,0.396,0,13.863,6.279,0.000,0,648,0,0
8136,20.322,20.322,12.033,7.539,0.414,0.337,1,13.863,6.279,0.000,281,44292,2615,0
8137,13.058,7.472,7.080,0.071,0.012,0.309,0,14.150,5.994,0.000,0,648,0,0
8138,20.868,20.868,13.558,6.576,0.365,0.369,1,14.150,5.994,0.000,280,44292,2607,0
8139,12.484,7.335,6.954,0.075,0.015,0.290,0,14.667,6.070,0.000,0,648,0,0
8140,21.747,21.747,14.128,6.725,0.568,0.326,1,14.667,6.070,0.000,280,44292,2608,0
8141,11.617,6.004,5.475,0.070,0.011,0.448,0,12.813,6.326,0.000,0,648,0,0
8142,20.721,20.721,13.606,6.361,0.417,0.337,1,12.813,6.326,0.000,280,44292,2608,0
8143,12.646,5.964,5.616,0.070,0.011,0.267,0,12.116,6.674,0.000,0,648,0,0
8144,20.874,20.874,13.838,6.351,0.335,0.350,1,12.116,6.674,0.000,280,44292,2608,0
8145,12.494,5.576,5.262,0.071,0.010,0.233,0,12.985,5.987,0.000,0,648,0,0
8146,19.832,19.832,12.853,6.334,0.390,0.256,1,12.985,5.987,0.000,275,43916,2553,0
8147,13.536,6.475,6.070,0.070,0.016,0.319,0,12.197,6.479,0.000,0,272,0,0
8148,21.321,21.321,12.985,7.706,0.364,0.267,1,12.197,6.479,0.000,276,43916,2558,0
8149,12.045,5.410,5.090,0.066,0.011,0.243,0,13.650,6.373,0.000,0,272,0,0
8150,20.959,20.959,13.421,6.885,0.276,0.378,1,13.650,6.373,0.000,275,43916,2556,0
8151,12.410,5.629,5.296,0.067,0.014,0.252,0,12.787,5.929,0.000,0,272,0,0
8152,19.981,19.981,12.285,6.972,0.426,0.298,1,12.787,5.929,0.000,275,43916,2556,0
8153,13.380,6.743,6.265,0.082,0.014,0.381,0,13.649,6.126,0.000,0,272,0,0
8154,20.895,20.895,13.624,6.529,0.452,0.289,1,13.649,6.126,0.000,275,43916,2555,0
8155,12.477,6.697,6.339,0.080,0.017,0.261,0,14.695,7.041,0.000,0,272,0,0
8156,22.582,22.582,14.874,6.957,0.430,0.320,1,11.832,6.258,0.000,275,43916,2556,0
8157,10.784,6.150,5.809,0.068,0.013,0.261,0,11.832,6.258,0.000,0,272,0,0
8158,22.459,22.459,15.418,6.348,0.363,0.330,1,11.948,6.176,0.000,275,43916,2557,0
8159,10.902,5.803,5.387,0.067,0.012,0.337,0,11.948,6.176,0.000,0,272,0,0
8160,19.893,19.893,13.060,6.261,0.302,0.269,1,11.948,6.176,0.000,275,43916,2556,0
8161,13.482,5.452,5.177,0.065,0.011,0.199,0,12.852,6.023,0.000,0,272,0,0
8162,18.728,18.728,11.709,6.288,0.426,0.305,1,12.852,6.023,0.000,275,43916,2555,0
8163,14.639,5.381,5.095,0.066,0.012,0.208,0,13.839,6.588,0.000,0,272,0,0
8164,18.241,18.241,11.461,6.122,0.444,0.215,1,13.839,6.588,0.000,275,43916,2555,0
8165,15.123,5.460,5.111,0.066,0.011,0.272,0,13.756,6.476,0.000,0,272,0,0
8166,18.437,18.437,11.406,6.413,0.387,0.230,1,13.756,6.476,0.000,275,43916,2555,0
8167,14.932,5.353,5.072,0.065,0.011,0.204,0,13.524,6.542,0.000,0,272,0,0
8168,18.596,18.596,11.696,6.142,0.424,0.335,1,13.524,6.542,0.000,275,43916,2554,0
8169,14.773,5.586,5.214,0.064,0.013,0.296,0,13.894,7.016,0.000,0,272,0,0
8170,22.670,22.670,14.620,7.304,0.411,0.335,1,12.212,6.478,0.000,275,43916,2556,0
8171,10.688,6.523,6.019,0.069,0.013,0.422,0,12.212,6.478,0.000,0,272,0,0
8172,22.784,22.784,14.661,7.306,0.527,0.290,1,12.496,6.057,0.000,275,43916,2555,0
8173,10.589,5.506,5.166,0.066,0.011,0.262,0,12.496,6.057,0.000,0,272,0,0
8174,20.788,20.788,13.949,6.165,0.301,0.373,1,12.496,6.057,0.000,275,43916,2555,0
8175,12.571,6.030,5.648,0.065,0.011,0.306,0,11.620,7.147,0.000,0,272,0,0
8176,20.251,20.251,13.382,6.140,0.416,0.313,1,11.620,7.147,0.000,275,43916,2554,0
8177,13.122,5.592,5.132,0.065,0.011,0.384,0,12.082,6.072,0.000,0,272,0,0
8178,19.514,19.514,12.505,6.316,0.392,0.301,1,12.082,6.072,0.000,275,43916,2555,0
8179,13.854,5.970,5.655,0.066,0.012,0.237,0,13.764,6.187,0.000,0,272,0,0
8180,21.739,21.739,14.348,6.664,0.387,0.339,1,13.764,6.187,0.000,276,43916,2557,0
8181,11.625,5.467,5.155,0.065,0.012,0.235,0,14.129,6.252,0.000,0,272,0,0
8182,21.317,21.317,14.085,6.634,0.327,0.272,1,14.129,6.252,0.000,275,43916,2555,0
8183,12.051,5.884,5.499,0.066,0.011,0.307,0,13.502,6.164,0.000,0,272,0,0
8184,27.292,27.292,15.517,11.059,0.399,0.317,1,12.016,6.543,0.000,275,44318,2512,0
8185,6.336,6.336,5.953,0.069,0.013,0.301,0,12.016,6.543,0.000,0,272,0,0
8186,21.713,21.713,13.822,7.180,0.290,0.423,1,12.016,6.543,0.000,275,44318,2513,0
8187,11.391,6.221,5.870,0.067,0.011,0.273,0,14.144,6.596,0.000,0,272,0,0
8188,20.042,20.042,12.512,6.873,0.384,0.273,1,14.144,6.596,0.000,275,44318,2513,0
8189,13.323,5.773,5.390,0.065,0.013,0.303,0,13.378,6.102,0.000,0,272,0,0
8190,18.537,18.537,11.787,6.118,0.299,0.332,1,13.378,6.102,0.000,275,44318,2513,0
8191,14.829,5.528,5.229,0.065,0.011,0.223,0,13.158,7.251,0.000,0,272,0,0
8192,23.047,23.047,15.067,7.209,0.378,0.393,1,11.971,6.641,0.000,275,44318,2512,0
8193,10.321,6.378,6.000,0.069,0.013,0.296,0,11.971,6.641,0.000,0,272,0,0
8194,19.870,19.870,12.608,6.382,0.400,0.480,1,11.971,6.641,0.000,275,44318,2513,0
8195,13.495,5.495,5.168,0.065,0.011,0.251,0,14.605,6.979,0.000,0,272,0,0
8196,18.352,18.352,11.555,6.128,0.415,0.254,1,14.605,6.979,0.000,275,44318,2513,0
8197,15.018,5.597,5.208,0.066,0.012,0.312,0,13.626,6.627,0.000,0,272,0,0
8198,18.428,18.428,11.542,6.246,0.385,0.256,1,13.626,6.627,0.000,275,44318,2512,0
8199,14.935,5.467,5.153,0.065,0.011,0.238,0,13.634,6.709,0.000,0,272,0,0
8200,18.601,18.601,11.749,6.168,0.356,0.329,1,13.634,6.709,0.000,275,44318,2513,0
8201,14.768,5.570,5.250,0.065,0.014,0.240,0,14.111,6.765,0.000,0,272,0,0
8202,18.590,18.590,11.753,6.219,0.373,0.244,1,14.111,6.765,0.000,275,44318,2514,0
8203,14.776,5.652,5.283,0.066,0.014,0.289,0,13.695,6.093,0.000,0,272,0,0
8204,18.257,18.257,11.443,6.088,0.488,0.238,1,13.695,6.093,0.000,275,44318,2513,0
8205,15.106,5.758,5.429,0.065,0.032,0.231,0,13.637,6.536,0.000,0,272,0,0
8206,18.599,18.599,11.784,6.147,0.384,0.284,1,13.637,6.536,0.000,275,44318,2512,0
8207,14.770,5.721,5.474,0.068,0.011,0.168,0,13.379,7.305,0.000,0,272,0,0
8208,18.282,18.282,11.512,6.179,0.399,0.193,1,13.379,7.305,0.000,275,44318,2513,0
8209,15.086,5.731,5.376,0.065,0.011,0.279,0,13.467,6.171,0.000,0,272,0,0
8210,18.457,18.457,11.693,6.074,0.386,0.304,1,13.467,6.171,0.000,275,44318,2513,0
8211,14.951,5.727,5.385,0.065,0.010,0.267,0,13.830,6.600,0.000,0,272,0,0
8212,19.473,19.473,12.378,6.291,0.409,0.395,1,13.830,6.600,0.000,275,44318,2513,0
8213,13.855,5.730,5.384,0.065,0.012,0.269,0,15.229,6.235,0.000,0,272,0,0
8214,19.241,19.241,12.096,6.446,0.414,0.284,1,15.229,6.235,0.000,275,44318,2512,0
8215,14.122,5.857,5.437,0.067,0.012,0.342,0,14.609,6.235,0.000,0,272,0,0
8216,18.874,18.874,12.135,6.128,0.359,0.252,1,14.609,6.235,0.000,275,44318,2513,0
8217,14.493,5.561,5.247,0.065,0.012,0.237,0,13.641,6.753,0.000,0,272,0,0
8218,18.983,18.983,12.160,6.117,0.378,0.328,1,13.641,6.753,0.000,275,44318,2513,0
8219,14.384,5.855,5.533,0.065,0.013,0.244,0,14.933,6.142,0.000,0,272,0,0
8220,18.405,18.405,11.523,6.109,0.488,0.286,1,14.933,6.142,0.000,275,44318,2512,0
8221,14.962,5.603,5.182,0.066,0.010,0.346,0,13.254,7.205,0.000,0,272,0,0
8222,21.766,21.766,14.276,6.834,0.390,0.265,1,13.254,7.205,0.000,275,44318,2511,0
8223,11.598,5.511,5.258,0.067,0.012,0.175,0,13.259,6.387,0.000,0,272,0,0
8224,19.706,19.706,12.922,6.236,0.301,0.246,1,13.259,6.387,0.000,275,44318,2512,0
8225,13.665,5.431,5.189,0.065,0.011,0.166,0,12.586,6.066,0.000,0,272,0,0
8226,22.557,22.557,15.630,6.258,0.462,0.207,1,12.586,6.066,0.000,275,44318,2512,0
8227,10.827,6.372,5.975,0.068,0.012,0.316,0,14.166,6.577,0.000,0,272,0,0
8228,26.656,26.656,16.818,9.172,0.384,0.282,1,14.166,6.577,0.000,275,44318,2512,0
8229,7.243,7.243,6.916,0.067,0.015,0.245,0,15.275,7.404,0.000,0,272,0,0
8230,25.783,25.783,14.891,10.236,0.360,0.296,1,15.275,7.404,0.000,275,44318,2511,0
8231,7.175,7.175,6.889,0.068,0.013,0.205,0,13.106,7.055,0.000,0,276,0,0
8232,35.239,35.239,15.863,18.201,0.958,0.217,1,13.106,7.055,0.000,273,43680,2503,0
8233,6.066,6.066,5.723,0.068,0.011,0.263,0,19.031,7.466,0.000,0,284,0,0
8234,20.219,20.219,13.274,6.449,0.277,0.219,1,19.031,7.466,0.000,276,43688,2506,0
8235,5.195,5.195,4.916,0.069,0.011,0.198,0,12.887,6.473,0.000,0,288,0,0
8236,19.574,19.574,12.726,6.095,0.480,0.273,1,12.887,6.473,0.000,277,43696,2509,0
8237,13.663,7.375,7.078,0.073,0.010,0.214,0,11.909,5.993,0.000,0,292,0,0
8238,20.496,20.496,13.819,6.049,0.382,0.246,1,11.909,5.993,0.000,279,43894,2531,0
8239,12.874,5.389,5.030,0.070,0.010,0.279,0,11.773,6.705,0.000,0,292,0,0
8240,21.647,21.647,13.674,7.349,0.389,0.234,1,11.773,6.705,0.000,280,43898,2534,0
8241,11.718,5.354,5.090,0.071,0.011,0.182,0,13.532,6.418,0.000,0,300,0,0
8242,19.937,19.937,11.745,7.659,0.277,0.255,1,13.532,6.418,0.000,286,44074,2576,0
8243,13.428,5.400,5.129,0.072,0.011,0.188,0,13.276,6.003,0.000,0,304,0,0
8244,21.102,21.102,13.471,6.979,0.388,0.263,1,13.276,6.003,0.000,293,44608,2631,0
8245,12.269,5.704,5.378,0.072,0.013,0.241,0,18.953,6.058,0.000,0,304,0,0
8246,20.267,20.267,12.183,7.351,0.517,0.216,1,18.953,6.058,0.000,300,46484,2706,0
8247,13.099,5.894,5.627,0.073,0.011,0.182,0,13.343,6.596,0.000,0,308,0,0
8248,19.772,19.772,11.824,7.370,0.318,0.260,1,13.343,6.596,0.000,306,46576,2738,0
8249,13.589,6.663,6.390,0.084,0.014,0.175,0,13.847,6.300,0.000,0,316,0,0
8250,19.689,19.689,12.028,7.086,0.384,0.190,1,13.847,6.300,0.000,314,46690,2763,0
8251,13.682,5.529,5.227,0.077,0.012,0.213,0,14.938,6.545,0.000,0,324,0,0
8252,19.412,19.412,11.969,6.879,0.403,0.161,1,14.938,6.545,0.000,322,46858,2807,0
8253,13.957,5.792,5.461,0.174,0.017,0.140,0,14.163,6.947,0.000,0,324,0,0
8254,20.908,20.908,12.771,7.445,0.469,0.223,1,14.163,6.947,0.000,324,46880,2814,0
8255,12.460,5.521,5.258,0.076,0.011,0.176,0,13.990,6.404,0.000,0,324,0,0
8256,21.853,21.853,13.200,7.944,0.352,0.358,1,13.990,6.404,0.000,329,47922,2858,0
8257,11.514,5.680,5.310,0.077,0.011,0.282,0,14.541,6.649,0.000,0,324,0,0
8258,21.143,21.143,12.279,8.292,0.376,0.195,1,14.541,6.649,0.000,329,47922,2857,0
8259,12.223,6.342,6.049,0.085,0.014,0.195,0,14.229,6.606,0.000,0,324,0,0
8260,21.888,21.888,13.879,7.260,0.460,0.289,1,14.229,6.606,0.000,329,47922,2857,0
8261,11.479,6.921,6.408,0.278,0.012,0.224,0,16.178,7.499,0.000,0,324,0,0
8262,21.064,21.064,12.328,8.081,0.425,0.229,1,16.178,7.499,0.000,329,47922,2856,0
8263,12.301,6.091,5.762,0.078,0.013,0.237,0,14.301,6.747,0.000,0,324,0,0
8264,20.625,20.625,12.163,7.770,0.483,0.208,1,14.301,6.747,0.000,329,47922,2857,0
8265,12.740,6.152,5.891,0.077,0.012,0.172,0,14.247,6.600,0.000,0,324,0,0
8266,20.128,20.128,12.127,7.082,0.673,0.248,1,14.247,6.600,0.000,329,47922,2858,0
8267,13.237,6.865,6.613,0.077,0.011,0.164,0,14.796,6.765,0.000,0,324,0,0
8268,22.112,22.112,13.433,8.016,0.463,0.199,1,14.796,6.765,0.000,330,47926,2860,0
8269,11.259,5.749,5.436,0.080,0.012,0.221,0,16.152,7.108,0.000,0,328,0,0
8270,19.608,19.608,12.067,7.061,0.294,0.187,1,16.152,7.108,0.000,330,47926,2877,0
8271,13.758,6.227,5.956,0.079,0.011,0.180,0,15.129,6.685,0.000,0,328,0,0
8272,27.848,27.848,16.056,11.016,0.433,0.342,1,15.129,6.685,0.000,341,48320,2982,0
8273,7.718,7.718,7.356,0.083,0.013,0.266,0,19.776,7.030,0.000,0,332,0,0
8274,21.765,21.765,13.726,7.474,0.294,0.270,1,19.776,7.030,0.000,341,48320,2978,0
8275,9.405,5.783,5.410,0.081,0.010,0.282,0,15.001,7.100,0.000,0,332,0,0
8276,21.027,21.027,13.128,7.285,0.384,0.230,1,15.001,7.100,0.000,342,48320,2978,0
8277,12.338,5.615,5.301,0.080,0.011,0.223,0,13.964,7.281,0.000,0,336,0,0
8278,23.706,23.706,15.131,7.777,0.394,0.404,1,13.964,7.281,0.000,343,48327,2985,0
8279,9.658,6.058,5.701,0.080,0.012,0.266,0,16.211,6.935,0.000,0,336,0,0
8280,20.911,20.911,12.830,7.580,0.246,0.256,1,16.211,6.935,0.000,347,48769,3015,0
8281,12.452,7.670,7.313,0.086,0.016,0.256,0,15.401,6.747,0.000,0,336,0,0
8282,23.108,23.108,14.680,7.741,0.455,0.232,1,15.401,6.747,0.000,347,48769,3014,0
8283,10.261,6.195,5.916,0.081,0.012,0.186,0,14.207,7.663,0.000,0,336,0,0
8284,23.809,23.809,15.186,7.772,0.582,0.269,1,14.207,7.663,0.000,347,48769,3015,0
8285,9.560,6.793,6.518,0.082,0.012,0.182,0,15.467,7.278,0.000,0,340,0,0
8286,21.778,21.778,13.094,8.192,0.255,0.237,1,15.467,7.278,0.000,348,48773,3016,0
8287,11.585,6.050,5.652,0.081,0.009,0.306,0,14.775,6.790,0.000,0,340,0,0
8288,22.384,22.384,14.294,7.440,0.398,0.252,1,14.775,6.790,0.000,348,48773,3015,0
8289,10.988,6.175,5.821,0.081,0.011,0.262,0,13.518,7.856,0.000,0,340,0,0
8290,22.942,22.942,14.751,7.453,0.396,0.342,1,13.518,7.856,0.000,347,48769,3007,0
8291,10.422,5.737,5.403,0.080,0.011,0.242,0,14.079,6.897,0.000,0,336,0,0
8292,21.517,21.517,13.413,7.463,0.387,0.254,1,14.079,6.897,0.000,347,48769,3007,0
8293,11.850,6.026,5.649,0.080,0.011,0.286,0,14.112,7.333,0.000,0,336,0,0
8294,21.315,21.315,13.356,7.331,0.402,0.226,1,14.112,7.333,0.000,349,48777,3012,0
8295,12.052,6.069,5.665,0.082,0.011,0.311,0,13.933,7.655,0.000,0,348,0,0
8296,21.687,21.687,13.516,7.531,0.374,0.266,1,13.933,7.655,0.000,355,49888,3068,0
8297,11.680,5.819,5.528,0.083,0.012,0.196,0,14.760,7.028,0.000,0,352,0,0
8298,20.493,20.493,12.199,7.516,0.510,0.269,1,14.760,7.028,0.000,356,49896,3077,0
8299,12.873,5.572,5.311,0.085,0.012,0.165,0,16.800,6.992,0.000,0,356,0,0
8300,20.736,20.736,12.268,7.932,0.364,0.172,1,16.800,6.992,0.000,356,49896,3077,0
8301,12.633,5.689,5.393,0.084,0.013,0.199,0,16.400,6.991,0.000,0,356,0,0
8302,24.404,24.404,15.283,8.520,0.400,0.201,1,16.400,6.991,0.000,356,49896,3077,0
8303,8.960,6.631,6.357,0.088,0.014,0.172,0,14.294,7.319,0.000,0,360,0,0
8304,23.000,23.000,14.299,8.054,0.394,0.253,1,14.294,7.319,0.000,357,49900,3079,0
8305,10.366,6.394,6.104,0.086,0.012,0.192,0,15.609,7.045,0.000,0,360,0,0
8306,23.540,23.540,13.902,8.977,0.359,0.302,1,15.609,7.045,0.000,359,49908,3087,0
8307,16.688,16.688,16.241,0.086,0.011,0.350,0,15.985,7.905,0.000,0,368,0,0
8308,23.638,23.638,14.844,8.042,0.430,0.323,1,15.985,7.905,0.000,359,49908,3075,0
8309,8.071,8.071,7.685,0.088,0.012,0.286,0,16.640,7.201,0.000,0,368,0,0
8310,22.295,22.295,13.875,7.764,0.268,0.388,1,16.640,7.201,0.000,359,49908,3087,0
8311,7.317,7.317,6.939,0.089,0.011,0.278,0,15.099,6.927,0.000,0,368,0,0
8312,23.172,23.172,14.773,7.691,0.413,0.295,1,15.099,6.927,0.000,359,49908,3087,0
8313,8.747,5.988,5.569,0.087,0.010,0.322,0,14.468,7.619,0.000,0,368,0,0
8314,21.981,21.981,13.556,7.779,0.302,0.344,1,14.468,7.619,0.000,360,50038,3091,0
8315,11.381,5.751,5.453,0.087,0.012,0.199,0,15.050,7.073,0.000,0,368,0,0
8316,21.776,21.776,13.641,7.499,0.406,0.231,1,15.050,7.073,0.000,358,49904,3096,0
8317,11.592,5.776,5.515,0.085,0.011,0.165,0,14.715,7.026,0.000,0,364,0,0
8318,21.602,21.602,13.501,7.485,0.397,0.219,1,14.715,7.026,0.000,359,49908,3100,0
8319,11.764,6.252,5.907,0.085,0.011,0.249,0,15.225,6.899,0.000,0,368,0,0
8320,22.028,22.028,13.803,7.525,0.499,0.201,1,15.225,6.899,0.000,360,49912,3103,0
8321,11.344,5.675,5.391,0.087,0.010,0.187,0,13.859,7.786,0.000,0,372,0,0
8322,22.513,22.513,14.246,7.640,0.358,0.270,1,13.859,7.786,0.000,360,49912,3102,0
8323,10.852,5.851,5.562,0.088,0.011,0.190,0,15.037,7.004,0.000,0,376,0,0
8324,21.351,21.351,13.007,7.646,0.402,0.296,1,15.037,7.004,0.000,362,49920,3113,0
8325,12.017,7.105,6.688,0.096,0.015,0.306,0,15.924,7.504,0.000,0,380,0,0
8326,22.570,22.570,13.401,8.571,0.363,0.235,1,15.924,7.504,0.000,362,49920,3113,0
8327,10.805,5.719,5.406,0.091,0.012,0.211,0,15.546,7.166,0.000,0,384,0,0
8328,21.483,21.483,13.165,7.640,0.376,0.302,1,15.546,7.166,0.000,363,49924,3115,0
8329,11.872,7.545,7.183,0.090,0.012,0.261,0,14.964,7.089,0.000,0,384,0,0
8330,25.451,25.451,16.214,8.368,0.558,0.311,1,13.877,7.319,0.000,362,49852,3112,0
8331,7.916,5.755,5.329,0.091,0.010,0.324,0,13.877,7.319,0.000,0,384,0,0
8332,23.495,23.495,15.032,7.795,0.384,0.284,1,13.877,7.319,0.000,362,49852,3112,0
8333,9.872,5.759,5.429,0.091,0.011,0.229,0,13.904,6.891,0.000,0,384,0,0
8334,22.583,22.583,14.245,7.657,0.302,0.379,1,13.904,6.891,0.000,363,49852,3114,0
8335,10.832,6.028,5.661,0.091,0.013,0.263,0,14.953,7.032,0.000,0,384,0,0
8336,24.061,24.061,15.257,8.090,0.397,0.317,1,14.953,7.032,0.000,362,49852,3112,0
8337,9.255,6.072,5.605,0.092,0.010,0.365,0,14.897,7.205,0.000,0,388,0,0
8338,23.603,23.603,14.927,7.940,0.435,0.301,1,14.897,7.205,0.000,362,49784,3096,0
8339,9.768,6.031,5.667,0.090,0.012,0.261,0,16.354,7.162,0.000,0,388,0,0
8340,21.888,21.888,12.960,8.200,0.285,0.443,1,16.354,7.162,0.000,362,49784,3097,0
8341,11.477,5.711,5.343,0.093,0.011,0.264,0,15.715,6.919,0.000,0,388,0,0
8342,20.404,20.404,12.672,7.131,0.380,0.220,1,15.715,6.919,0.000,345,44828,2931,0
8343,12.972,6.217,5.856,0.091,0.012,0.258,0,14.137,6.278,0.000,0,384,0,0
8344,22.695,22.695,14.630,7.452,0.412,0.201,1,14.137,6.278,0.000,346,44828,2933,0
8345,10.664,5.780,5.516,0.090,0.010,0.164,0,14.976,6.428,0.000,0,384,0,0
8346,23.262,23.262,14.961,7.563,0.425,0.314,1,14.976,6.428,0.000,351,45036,2973,0
8347,10.101,6.502,6.100,0.127,0.014,0.262,0,15.014,6.462,0.000,0,396,1,0
8348,22.680,22.680,14.324,7.572,0.497,0.287,1,15.014,6.462,0.000,350,44892,2969,0
8349,10.689,6.442,6.022,0.094,0.011,0.314,0,15.233,6.493,0.000,0,400,0,0
8350,22.481,22.481,14.597,7.159,0.419,0.306,1,15.233,6.493,0.000,348,40294,2907,0
8351,10.884,5.854,5.486,0.097,0.012,0.259,0,14.018,5.740,0.000,0,412,0,0
8352,21.359,21.359,13.317,7.258,0.412,0.372,1,14.018,5.740,0.000,350,40302,2911,0
8353,12.008,5.974,5.618,0.097,0.011,0.248,0,15.050,6.379,0.000,0,412,0,0
8354,21.789,21.789,13.662,7.427,0.390,0.310,1,12.317,4.642,0.000,337,33661,2796,0
8355,11.580,6.308,5.835,0.099,0.013,0.360,0,12.317,4.642,0.000,0,412,0,0
8356,20.893,20.893,12.979,7.227,0.276,0.411,1,12.317,4.642,0.000,334,33615,2786,0
8357,12.471,7.299,6.912,0.099,0.014,0.274,0,13.413,4.628,0.000,0,412,0,0
8358,21.212,21.212,13.948,6.442,0.457,0.365,1,12.196,4.542,0.000,334,33615,2785,0
8359,12.164,6.616,6.285,0.099,0.013,0.219,0,12.196,4.542,0.000,0,412,0,0
8360,20.514,20.514,13.511,6.439,0.368,0.195,1,12.196,4.542,0.000,331,33569,2772,0
8361,12.846,9.243,8.927,0.094,0.010,0.211,0,13.213,4.551,0.000,0,408,0,0
8362,19.678,19.678,12.766,6.476,0.253,0.183,1,13.213,4.551,0.000,328,33544,2761,0
8363,13.686,5.792,5.505,0.095,0.010,0.182,0,12.755,4.346,0.000,0,408,0,0
8364,20.322,20.322,13.387,6.174,0.401,0.360,1,12.755,4.346,0.000,320,33425,2705,0
8365,13.050,5.464,5.121,0.091,0.009,0.244,0,12.486,4.366,0.000,0,388,0,0
8366,18.813,18.813,11.891,6.272,0.373,0.277,1,12.486,4.366,0.000,309,33279,2669,0
8367,14.550,6.551,6.159,0.091,0.011,0.290,0,14.313,4.276,0.000,0,384,0,0
8368,19.823,19.823,11.922,7.327,0.327,0.246,1,14.313,4.276,0.000,303,31407,2599,0
8369,13.544,7.119,6.762,0.094,0.014,0.250,0,11.542,4.407,0.000,0,384,0,0
8370,20.425,20.425,13.315,6.472,0.312,0.326,1,11.569,4.239,0.000,299,31307,2566,0
8371,12.944,6.090,5.727,0.091,0.013,0.258,0,11.569,4.239,0.000,0,376,0,0
8372,20.241,20.241,13.632,6.019,0.320,0.270,1,11.569,4.239,0.000,298,31299,2563,0
8373,13.124,5.567,5.147,0.088,0.010,0.322,0,12.047,4.896,0.000,0,372,0,0
8374,19.256,19.256,12.755,5.837,0.355,0.308,1,12.047,4.896,0.000,293,31099,2523,0
8375,14.106,5.352,4.997,0.086,0.009,0.260,0,11.248,4.051,0.000,0,368,0,0
8376,19.686,19.686,13.059,5.897,0.357,0.374,1,11.298,4.138,0.000,291,31091,2518,0
8377,13.683,5.323,4.989,0.085,0.010,0.239,0,11.298,4.138,0.000,0,364,0,0
8378,18.877,18.877,12.301,5.943,0.375,0.259,1,11.298,4.138,0.000,286,30881,2487,0
8379,14.495,5.301,4.967,0.080,0.010,0.244,0,11.178,4.406,0.000,0,340,0,0
8380,19.095,19.095,12.798,5.719,0.346,0.233,1,11.178,4.406,0.000,279,30853,2453,0
8381,14.268,6.304,5.862,0.079,0.014,0.349,0,11.756,3.919,0.000,0,312,0,0
8382,19.089,19.089,12.166,6.208,0.330,0.385,1,10.494,3.960,0.000,271,29729,2394,0
8383,14.277,6.173,5.796,0.076,0.013,0.287,0,10.494,3.960,0.000,0,304,0,0
8384,20.057,20.057,12.696,6.760,0.317,0.283,1,10.657,4.001,0.000,271,29729,2395,0
8385,13.315,8.739,8.268,0.077,0.013,0.380,0,10.657,4.001,0.000,0,304,0,0
8386,21.107,21.107,12.444,8.038,0.328,0.296,1,11.233,4.771,0.000,271,29729,2394,0
8387,12.256,6.086,5.725,0.078,0.011,0.272,0,11.233,4.771,0.000,0,304,0,0
8388,19.684,19.684,13.573,5.467,0.272,0.371,1,10.512,4.563,0.000,271,29729,2395,0
8389,13.677,6.219,5.848,0.076,0.014,0.281,0,10.512,4.563,0.000,0,304,0,0
8390,19.334,19.334,13.069,5.633,0.363,0.269,1,10.520,3.998,0.000,271,29729,2394,0
8391,14.036,6.224,5.762,0.075,0.013,0.374,0,10.520,3.998,0.000,0,304,0,0
8392,19.404,19.404,13.204,5.526,0.322,0.352,1,10.587,3.960,0.000,271,29729,2395,0
8393,13.963,6.382,5.922,0.077,0.013,0.369,0,10.587,3.960,0.000,0,304,0,0
8394,19.705,19.705,12.253,6.680,0.334,0.439,1,10.737,3.947,0.000,271,29729,2394,0
8395,13.660,6.215,5.816,0.076,0.012,0.311,0,10.737,3.947,0.000,0,304,0,0
8396,20.503,20.503,13.966,5.614,0.483,0.440,1,10.737,3.947,0.000,271,29729,2395,0
8397,12.865,6.898,6.465,0.101,0.013,0.319,0,15.030,3.985,0.000,0,304,0,0
8398,17.997,17.997,11.616,5.702,0.291,0.388,1,15.030,3.985,0.000,271,29729,2394,0
8399,15.374,7.635,7.132,0.074,0.010,0.418,0,11.559,4.066,0.000,0,304,0,0
8400,18.940,18.940,11.957,5.688,0.947,0.348,1,10.585,3.911,0.000,271,29729,2395,0
8401,14.426,5.243,4.873,0.072,0.011,0.288,0,10.585,3.911,0.000,0,304,0,0
8402,18.218,18.218,11.304,6.144,0.375,0.395,1,10.229,3.820,0.000,271,29729,2394,0
8403,15.146,5.782,5.425,0.073,0.011,0.273,0,10.229,3.820,0.000,0,304,0,0
8404,17.991,17.991,11.146,6.205,0.344,0.296,1,10.229,3.820,0.000,272,29729,2397,0
8405,15.378,5.827,5.389,0.075,0.010,0.352,0,11.801,3.864,0.000,0,304,0,0
8406,18.440,18.440,12.173,5.559,0.376,0.332,1,10.326,3.905,0.000,271,29729,2394,0
8407,14.920,5.263,4.884,0.097,0.009,0.273,0,10.326,3.905,0.000,0,304,0,0
8408,17.367,17.367,11.138,5.516,0.285,0.427,1,10.326,3.905,0.000,270,29129,2382,0
8409,16.008,5.437,5.004,0.074,0.010,0.349,0,13.523,3.728,0.000,0,304,0,0
8410,18.636,18.636,11.188,6.661,0.415,0.371,1,10.258,3.732,0.000,270,29129,2381,0
8411,14.729,5.456,4.896,0.073,0.011,0.477,0,10.258,3.732,0.000,0,304,0,0
8412,17.430,17.430,11.203,5.442,0.442,0.344,1,10.258,3.732,0.000,270,29129,2382,0
8413,15.935,5.309,4.920,0.072,0.010,0.306,0,12.627,3.704,0.000,0,304,0,0
8414,17.279,17.279,11.055,5.419,0.348,0.458,1,12.627,3.704,0.000,270,29129,2381,0
8415,16.087,5.422,4.948,0.073,0.010,0.391,0,13.168,3.706,0.000,0,304,0,0
8416,17.185,17.185,10.943,5.507,0.367,0.368,1,13.168,3.706,0.000,270,29129,2382,0
8417,16.183,5.568,5.067,0.072,0.011,0.418,0,12.773,4.197,0.000,0,304,0,0
8418,17.194,17.194,11.093,5.425,0.369,0.307,1,12.773,4.197,0.000,270,29129,2381,0
8419,16.172,5.242,4.880,0.073,0.009,0.280,0,12.462,4.285,0.000,0,304,0,0
8420,17.263,17.263,11.017,5.509,0.352,0.385,1,12.462,4.285,0.000,270,29129,2382,0
8421,16.104,7.849,7.486,0.077,0.015,0.272,0,10.959,3.753,0.000,0,304,0,0
8422,18.394,18.394,11.749,5.686,0.674,0.285,1,10.959,3.753,0.000,270,29129,2381,0
8423,14.968,5.819,5.388,0.073,0.011,0.348,0,12.872,3.930,0.000,0,304,0,0
8424,20.384,20.384,12.882,6.779,0.408,0.315,1,12.872,3.930,0.000,273,29329,2414,0
8425,12.984,5.479,5.132,0.073,0.011,0.263,0,13.906,3.842,0.000,0,304,0,0
8426,19.185,19.185,12.508,5.862,0.390,0.425,1,10.992,4.303,0.000,273,29329,2405,0
8427,14.183,6.591,6.141,0.077,0.013,0.359,0,10.992,4.303,0.000,0,304,0,0
8428,20.825,20.825,12.475,7.748,0.269,0.334,1,10.992,4.303,0.000,276,29529,2428,0
8429,12.545,5.498,5.036,0.072,0.010,0.380,0,15.445,4.077,0.000,0,304,0,0
8430,20.745,20.745,12.760,7.367,0.325,0.293,1,15.445,4.077,0.000,280,29689,2443,0
8431,12.622,5.443,5.081,0.072,0.010,0.280,0,15.535,3.960,0.000,0,304,0,0
8432,19.485,19.485,12.519,6.237,0.256,0.473,1,10.387,3.902,0.000,280,29689,2432,0
8433,13.900,5.267,4.893,0.073,0.011,0.290,0,10.387,3.902,0.000,0,304,0,0
8434,21.128,21.128,14.435,5.890,0.476,0.327,1,10.387,3.902,0.000,280,29689,2433,0
8435,12.221,5.622,5.234,0.072,0.010,0.306,0,16.225,4.276,0.000,0,304,0,0
8436,19.198,19.198,12.805,5.765,0.322,0.306,1,16.225,4.276,0.000,280,29689,2432,0
8437,14.165,5.259,4.968,0.072,0.010,0.209,0,10.976,3.928,0.000,0,304,0,0
8438,19.093,19.093,12.739,5.661,0.375,0.319,1,11.003,3.769,0.000,280,29689,2434,0
8439,14.271,6.257,5.903,0.076,0.013,0.265,0,11.003,3.769,0.000,0,304,0,0
8440,19.831,19.831,13.493,5.702,0.368,0.268,1,11.359,3.969,0.000,280,29689,2432,0
8441,13.535,5.322,4.993,0.072,0.009,0.248,0,11.359,3.969,0.000,0,304,0,0
8442,18.972,18.972,12.692,5.643,0.374,0.263,1,11.124,4.219,0.000,280,29689,2433,0
8443,14.400,5.345,4.983,0.074,0.010,0.278,0,11.124,4.219,0.000,0,304,0,0
8444,19.144,19.144,12.552,5.769,0.368,0.455,1,10.967,3.852,0.000,280,29689,2432,0
8445,14.223,6.358,5.913,0.077,0.013,0.355,0,10.967,3.852,0.000,0,304,0,0
8446,24.669,24.669,14.972,9.025,0.363,0.309,1,10.967,3.852,0.000,285,29945,2493,0
8447,8.695,6.562,6.090,0.082,0.016,0.375,0,16.749,3.959,0.000,0,560,0,0
8448,20.011,20.011,12.837,6.587,0.265,0.322,1,10.946,4.103,0.000,285,29945,2482,0
8449,13.356,6.624,6.175,0.080,0.013,0.356,0,10.946,4.103,0.000,0,560,0,0
8450,20.219,20.219,12.398,6.709,0.363,0.749,1,10.659,3.999,0.000,285,29945,2483,0
8451,13.147,6.030,5.626,0.078,0.010,0.315,0,10.659,3.999,0.000,0,560,0,0
8452,19.465,19.465,12.723,5.976,0.390,0.376,1,10.698,3.969,0.000,285,29945,2482,0
8453,13.902,7.060,6.559,0.080,0.012,0.409,0,10.698,3.969,0.000,0,560,0,0
8454,20.324,20.324,13.431,6.102,0.477,0.314,1,11.957,3.933,0.000,285,29945,2484,0
8455,13.039,5.807,5.416,0.079,0.012,0.301,0,11.957,3.933,0.000,0,560,0,0
8456,20.670,20.670,13.599,6.281,0.365,0.425,1,11.651,4.169,0.000,285,29945,2482,0
8457,12.721,6.693,6.247,0.082,0.017,0.347,0,11.651,4.169,0.000,0,560,0,0
8458,20.572,20.572,12.652,7.181,0.429,0.310,1,11.285,4.091,0.000,285,29945,2483,0
8459,12.775,6.885,6.379,0.080,0.013,0.413,0,11.285,4.091,0.000,0,560,0,0
8460,20.283,20.283,13.698,5.875,0.274,0.435,1,11.674,3.999,0.000,285,29945,2482,0
8461,13.082,6.221,5.767,0.084,0.010,0.360,0,11.674,3.999,0.000,0,560,0,0
8462,19.948,19.948,13.158,5.936,0.387,0.468,1,11.632,3.981,0.000,285,29945,2483,0
8463,13.421,6.412,6.006,0.087,0.008,0.311,0,11.632,3.981,0.000,0,560,0,0
8464,20.467,20.467,13.345,6.315,0.455,0.352,1,11.170,4.027,0.000,285,29945,2482,0
8465,12.898,5.721,5.168,0.077,0.031,0.446,0,11.170,4.027,0.000,0,560,0,0
8466,19.234,19.234,11.866,6.528,0.291,0.549,1,10.612,3.896,0.000,285,29945,2483,0
8467,14.132,6.070,5.581,0.077,0.011,0.401,0,10.612,3.896,0.000,0,560,0,0
8468,19.426,19.426,11.920,6.595,0.388,0.522,1,10.931,3.905,0.000,285,29945,2482,0
8469,13.942,6.433,5.998,0.078,0.011,0.347,0,10.931,3.905,0.000,0,560,0,0
8470,19.290,19.290,12.538,5.988,0.370,0.396,1,10.954,3.912,0.000,286,29945,2485,0
8471,14.074,5.674,5.135,0.077,0.011,0.451,0,10.954,3.912,0.000,0,560,0,0
8472,18.451,18.451,11.923,5.780,0.376,0.372,1,10.954,3.912,0.000,285,29945,2482,0
8473,14.920,5.539,5.112,0.077,0.010,0.341,0,13.531,3.812,0.000,0,560,0,0
8474,19.428,19.428,12.655,5.912,0.399,0.462,1,11.193,3.926,0.000,285,29945,2481,0
8475,13.932,6.711,6.204,0.082,0.014,0.411,0,11.193,3.926,0.000,0,560,0,0
8476,18.888,18.888,12.178,5.952,0.364,0.394,1,11.193,3.926,0.000,285,29945,2482,0
8477,14.483,5.916,5.375,0.077,0.010,0.454,0,13.503,4.028,0.000,0,560,0,0
8478,18.667,18.667,11.844,5.977,0.368,0.477,1,13.503,4.028,0.000,285,29945,2483,0
8479,14.698,5.522,5.154,0.078,0.011,0.280,0,13.760,3.900,0.000,0,560,0,0
8480,18.128,18.128,11.586,5.800,0.381,0.361,1,13.760,3.900,0.000,285,29945,2482,0
8481,15.241,7.822,7.432,0.081,0.015,0.294,0,11.807,4.341,0.000,0,560,0,0
8482,20.461,20.461,12.578,6.698,0.388,0.798,1,11.158,4.109,0.000,285,29945,2483,0
8483,12.905,5.902,5.351,0.077,0.010,0.463,0,11.158,4.109,0.000,0,560,0,0
8484,19.285,19.285,12.408,6.001,0.374,0.502,1,10.932,3.857,0.000,285,29945,2482,0
8485,14.082,6.164,5.621,0.077,0.011,0.455,0,10.932,3.857,0.000,0,560,0,0
8486,20.840,20.840,13.457,6.359,0.392,0.632,1,11.989,4.110,0.000,286,29945,2485,0
8487,12.525,6.938,6.418,0.080,0.013,0.427,0,11.989,4.110,0.000,0,560,0,0
8488,18.906,18.906,11.947,6.009,0.530,0.420,1,11.989,4.110,0.000,285,29945,2482,0
8489,14.461,5.866,5.266,0.077,0.010,0.513,0,13.868,3.963,0.000,0,560,0,0
8490,19.868,19.868,13.108,5.701,0.693,0.366,1,11.127,4.890,0.000,280,29689,2433,0
8491,13.499,5.431,4.969,0.097,0.010,0.356,0,11.127,4.890,0.000,0,304,0,0
8492,18.170,18.170,11.597,5.727,0.354,0.493,1,11.127,4.890,0.000,280,29689,2432,0
8493,15.200,5.484,5.023,0.072,0.011,0.379,0,13.833,3.854,0.000,0,304,0,0
8494,17.814,17.814,11.231,5.644,0.397,0.542,1,13.833,3.854,0.000,281,29689,2436,0
8495,15.552,5.502,5.000,0.073,0.010,0.419,0,14.541,3.830,0.000,0,304,0,0
8496,17.569,17.569,11.125,5.626,0.404,0.414,1,14.541,3.830,0.000,281,29689,2435,0
8497,15.795,5.570,5.028,0.072,0.009,0.460,0,13.322,3.829,0.000,0,304,0,0
8498,17.518,17.518,11.175,5.616,0.373,0.354,1,13.322,3.829,0.000,280,29689,2433,0
8499,15.850,5.310,4.943,0.073,0.011,0.284,0,13.472,3.823,0.000,0,304,0,0
8500,17.908,17.908,11.460,5.641,0.362,0.445,1,13.472,3.823,0.000,280,29689,2432,0
8501,15.459,6.763,6.231,0.092,0.015,0.425,0,13.091,3.791,0.000,0,304,0,0
8502,20.511,20.511,13.540,6.135,0.506,0.330,1,11.206,4.137,0.000,280,29689,2433,0
8503,12.852,6.001,5.549,0.074,0.011,0.368,0,11.206,4.137,0.000,0,304,0,0
8504,19.386,19.386,12.680,5.882,0.491,0.332,1,11.206,4.137,0.000,280,29689,2432,0
8505,13.981,6.009,5.616,0.073,0.011,0.310,0,13.219,4.073,0.000,0,304,0,0
8506,21.276,21.276,14.279,6.142,0.390,0.465,1,11.154,4.163,0.000,280,29689,2433,0
8507,12.091,5.481,5.074,0.073,0.010,0.324,0,11.154,4.163,0.000,0,304,0,0
8508,17.666,17.666,11.332,5.684,0.294,0.356,1,11.154,4.163,0.000,280,29689,2432,0
8509,15.703,5.692,5.178,0.073,0.010,0.431,0,13.014,3.817,0.000,0,304,0,0
8510,17.488,17.488,11.154,5.615,0.410,0.309,1,13.014,3.817,0.000,278,29609,2426,0
8511,15.878,5.419,5.037,0.072,0.011,0.299,0,13.124,3.842,0.000,0,304,0,0
8512,18.286,18.286,11.499,5.932,0.395,0.460,1,13.124,3.842,0.000,278,29609,2427,0
8513,15.080,5.426,5.039,0.072,0.010,0.305,0,13.549,4.357,0.000,0,304,0,0
8514,17.865,17.865,11.423,5.776,0.383,0.282,1,13.549,4.357,0.000,280,29689,2433,0
8515,15.504,5.481,5.042,0.072,0.010,0.356,0,12.657,4.382,0.000,0,304,0,0
8516,17.832,17.832,11.386,5.784,0.397,0.266,1,12.657,4.382,0.000,283,29729,2439,0
8517,15.584,5.440,5.117,0.074,0.009,0.240,0,12.556,3.873,0.000,0,304,0,0
8518,18.892,18.892,12.235,5.838,0.389,0.430,1,12.556,3.873,0.000,283,29729,2438,0
8519,14.424,6.354,6.002,0.076,0.011,0.265,0,13.714,3.966,0.000,0,304,0,0
8520,17.992,17.992,11.493,5.864,0.377,0.258,1,13.714,3.966,0.000,283,29729,2440,0
8521,15.377,5.469,5.076,0.071,0.009,0.313,0,12.823,3.936,0.000,0,304,0,0
8522,20.703,20.703,13.181,6.763,0.467,0.292,1,11.205,4.255,0.000,283,29729,2438,0
8523,12.661,5.704,5.396,0.074,0.012,0.222,0,11.205,4.255,0.000,0,304,0,0
8524,17.809,17.809,11.467,5.737,0.285,0.321,1,11.205,4.255,0.000,283,29729,2439,0
8525,15.559,5.193,4.928,0.072,0.010,0.183,0,12.961,3.938,0.000,0,304,0,0
8526,17.525,17.525,11.159,5.800,0.370,0.196,1,12.961,3.938,0.000,284,29749,2441,0
8527,15.841,5.324,5.024,0.072,0.009,0.219,0,12.617,3.817,0.000,0,304,0,0
8528,18.213,18.213,11.823,5.805,0.367,0.219,1,12.617,3.817,0.000,284,29749,2442,0
8529,15.151,5.321,4.995,0.073,0.010,0.243,0,12.406,4.310,0.000,0,304,0,0
8530,17.840,17.840,11.261,5.816,0.370,0.394,1,12.406,4.310,0.000,288,29909,2453,0
8531,15.527,5.477,5.089,0.072,0.011,0.305,0,13.239,4.443,0.000,0,304,0,0
8532,17.660,17.660,11.160,5.823,0.360,0.316,1,13.239,4.443,0.000,288,29909,2454,0
8533,15.706,5.471,5.015,0.071,0.011,0.374,0,12.770,3.821,0.000,0,304,0,0
8534,18.071,18.071,11.420,5.987,0.345,0.320,1,12.770,3.821,0.000,288,29909,2453,0
8535,15.296,5.396,4.953,0.072,0.011,0.360,0,12.985,4.109,0.000,0,304,0,0
8536,17.846,17.846,11.309,5.775,0.371,0.391,1,12.985,4.109,0.000,288,29909,2455,0
8537,15.526,5.359,5.016,0.073,0.011,0.259,0,12.943,4.471,0.000,0,304,0,0
8538,19.188,19.188,12.028,6.500,0.351,0.308,1,10.606,3.856,0.000,290,29929,2460,0
8539,14.177,5.312,4.905,0.072,0.011,0.324,0,10.606,3.856,0.000,0,304,0,0
8540,17.886,17.886,11.465,5.790,0.364,0.266,1,10.606,3.856,0.000,290,29929,2461,0
8541,15.476,5.234,4.908,0.071,0.010,0.244,0,12.748,3.990,0.000,0,304,0,0
8542,17.540,17.540,11.135,5.762,0.322,0.321,1,12.748,3.990,0.000,290,29929,2460,0
8543,15.829,5.403,5.074,0.073,0.011,0.245,0,12.673,4.303,0.000,0,304,0,0
8544,17.677,17.677,11.146,5.926,0.350,0.256,1,12.673,4.303,0.000,290,29929,2461,0
8545,15.691,5.464,5.033,0.073,0.011,0.347,0,12.599,4.388,0.000,0,304,0,0
8546,18.069,18.069,11.454,5.964,0.341,0.310,1,12.599,4.388,0.000,292,30009,2466,0
8547,15.297,5.433,5.035,0.071,0.010,0.317,0,13.316,3.929,0.000,0,304,0,0
8548,17.813,17.813,11.266,5.784,0.346,0.417,1,13.316,3.929,0.000,292,30009,2467,0
8549,15.562,6.305,5.947,0.073,0.010,0.275,0,12.753,3.845,0.000,0,304,0,0
8550,17.918,17.918,11.258,5.944,0.354,0.362,1,12.753,3.845,0.000,296,30409,2504,0
8551,15.441,6.489,6.017,0.080,0.021,0.370,0,13.069,3.888,0.000,0,304,0,0
8552,18.548,18.548,11.839,5.981,0.375,0.354,1,13.069,3.888,0.000,296,30409,2506,0
8553,14.821,5.541,5.112,0.073,0.010,0.346,0,12.655,4.658,0.000,0,304,0,0
8554,19.438,19.438,12.678,5.945,0.339,0.475,1,10.770,3.947,0.000,296,30409,2504,0
8555,13.926,5.299,4.987,0.072,0.011,0.228,0,10.770,3.947,0.000,0,304,0,0
8556,17.830,17.830,11.405,5.871,0.281,0.273,1,10.770,3.947,0.000,296,30409,2505,0
8557,15.539,5.347,4.972,0.072,0.011,0.292,0,12.971,3.911,0.000,0,304,0,0
8558,17.459,17.459,11.053,5.781,0.377,0.247,1,12.971,3.911,0.000,296,30409,2504,0
8559,15.908,5.469,5.159,0.072,0.010,0.227,0,12.503,4.356,0.000,0,304,0,0
8560,17.819,17.819,11.192,5.829,0.467,0.331,1,12.503,4.356,0.000,296,30409,2505,0
8561,15.545,5.298,4.992,0.074,0.010,0.222,0,13.656,3.888,0.000,0,304,0,0
8562,17.776,17.776,11.168,6.012,0.353,0.243,1,13.656,3.888,0.000,300,30569,2516,0
8563,15.590,5.484,5.093,0.072,0.010,0.309,0,13.230,4.016,0.000,0,304,0,0
8564,17.725,17.725,11.188,5.898,0.365,0.274,1,13.230,4.016,0.000,302,30649,2523,0
8565,15.643,5.315,5.001,0.072,0.010,0.231,0,12.906,3.931,0.000,0,304,0,0
8566,19.570,19.570,11.802,7.117,0.328,0.323,1,12.906,3.931,0.000,307,31133,2561,0
8567,13.801,5.427,5.121,0.073,0.011,0.222,0,16.120,4.105,0.000,0,304,0,0
8568,18.094,18.094,11.459,6.105,0.264,0.266,1,16.120,4.105,0.000,307,31133,2557,0
8569,15.273,5.604,5.166,0.071,0.010,0.357,0,13.042,4.125,0.000,0,304,0,0
8570,19.695,19.695,12.442,6.652,0.345,0.256,1,13.042,4.125,0.000,307,31133,2556,0
8571,13.668,5.333,5.015,0.071,0.010,0.237,0,12.374,4.151,0.000,0,304,0,0
8572,17.957,17.957,11.391,5.987,0.270,0.309,1,12.374,4.151,0.000,307,31133,2557,0
8573,15.410,5.359,5.093,0.072,0.010,0.185,0,13.264,4.050,0.000,0,304,0,0
8574,17.900,17.900,11.280,5.965,0.457,0.197,1,13.264,4.050,0.000,307,31133,2556,0
8575,15.467,5.260,4.941,0.072,0.010,0.237,0,12.678,4.609,0.000,0,304,0,0
8576,17.641,17.641,11.073,5.998,0.365,0.205,1,12.678,4.609,0.000,311,31293,2569,0
8577,15.726,5.200,4.938,0.072,0.011,0.180,0,13.065,4.024,0.000,0,304,0,0
8578,17.792,17.792,11.206,6.006,0.342,0.238,1,13.065,4.024,0.000,311,31293,2568,0
8579,15.590,5.513,5.250,0.074,0.011,0.178,0,13.115,4.691,0.000,0,304,0,0
8580,21.027,21.027,13.293,7.098,0.362,0.274,1,11.632,4.576,0.000,311,31293,2569,0
8581,12.321,6.339,5.923,0.072,0.011,0.333,0,11.632,4.576,0.000,0,304,0,0
8582,19.099,19.099,12.291,6.137,0.273,0.398,1,11.632,4.576,0.000,311,31293,2568,0
8583,14.271,5.343,5.005,0.073,0.010,0.255,0,13.339,4.202,0.000,0,304,0,0
8584,18.390,18.390,11.422,6.292,0.356,0.321,1,13.339,4.202,0.000,313,31313,2575,0
8585,14.977,5.268,4.942,0.072,0.011,0.242,0,13.365,4.352,0.000,0,304,0,0
8586,21.649,21.649,14.523,6.361,0.460,0.305,1,12.214,4.243,0.000,312,31313,2572,0
8587,11.714,6.402,5.945,0.077,0.014,0.366,0,12.214,4.243,0.000,0,304,0,0
8588,20.270,20.270,13.272,6.290,0.465,0.244,1,11.906,4.178,0.000,312,31313,2573,0
8589,13.101,5.551,5.243,0.081,0.013,0.214,0,11.906,4.178,0.000,0,304,0,0
8590,21.297,21.297,14.158,6.429,0.419,0.290,1,12.001,4.328,0.000,312,31313,2572,0
8591,12.069,5.893,5.581,0.078,0.014,0.220,0,12.001,4.328,0.000,0,304,0,0
8592,20.582,20.582,13.027,6.926,0.390,0.240,1,11.171,4.309,0.000,312,31313,2573,0
8593,12.783,5.322,4.972,0.072,0.011,0.266,0,11.171,4.309,0.000,0,304,0,0
8594,18.652,18.652,11.464,6.725,0.256,0.207,1,11.171,4.309,0.000,312,31313,2572,0
8595,14.716,6.301,5.948,0.076,0.015,0.262,0,12.058,4.075,0.000,0,304,0,0
8596,18.982,18.982,11.834,6.625,0.323,0.199,1,12.058,4.075,0.000,312,31313,2573,0
8597,14.383,5.440,5.170,0.073,0.011,0.186,0,12.319,4.178,0.000,0,304,0,0
8598,18.240,18.240,11.392,6.056,0.463,0.329,1,12.319,4.178,0.000,312,31313,2573,0
8599,15.128,5.337,4.993,0.072,0.010,0.262,0,13.831,4.087,0.000,0,304,0,0
8600,19.288,19.288,12.637,6.010,0.379,0.262,1,13.831,4.087,0.000,312,31313,2572,0
8601,14.075,6.052,5.668,0.072,0.010,0.302,0,11.496,4.415,0.000,0,304,0,0
8602,21.180,21.180,13.280,7.172,0.398,0.329,1,11.587,4.433,0.000,312,31313,2573,0
8603,12.188,5.731,5.274,0.074,0.010,0.373,0,11.587,4.433,0.000,0,304,0,0
8604,18.632,18.632,11.633,6.289,0.262,0.448,1,11.587,4.433,0.000,312,31313,2572,0
8605,14.735,5.442,5.061,0.072,0.010,0.300,0,13.516,4.102,0.000,0,304,0,0
8606,18.147,18.147,11.273,6.199,0.361,0.314,1,13.516,4.102,0.000,312,31313,2573,0
8607,15.223,5.580,5.115,0.071,0.011,0.382,0,14.037,4.089,0.000,0,304,0,0
8608,18.060,18.060,11.336,6.068,0.338,0.318,1,14.037,4.089,0.000,312,31313,2572,0
8609,15.306,5.346,4.974,0.071,0.011,0.290,0,13.692,4.061,0.000,0,304,0,0
8610,18.414,18.414,11.401,6.277,0.347,0.389,1,13.692,4.061,0.000,312,31313,2573,0
8611,14.963,5.516,5.136,0.073,0.012,0.296,0,13.895,4.628,0.000,0,304,0,0
8612,23.639,23.639,13.963,8.998,0.377,0.302,1,13.895,4.628,0.000,312,31313,2572,0
8613,13.107,9.273,8.804,0.074,0.012,0.383,0,14.593,5.024,0.000,0,304,0,0
8614,24.674,24.674,15.971,7.895,0.486,0.322,1,14.593,5.024,0.000,312,31313,2574,0
8615,6.200,6.200,5.811,0.072,0.013,0.305,0,11.970,4.838,0.000,0,304,0,0
8616,22.174,22.174,15.141,6.400,0.287,0.346,1,12.089,4.452,0.000,310,31233,2566,0
8617,10.297,5.525,5.237,0.073,0.010,0.205,0,12.089,4.452,0.000,0,304,0,0
8618,19.993,19.993,13.211,6.166,0.403,0.213,1,12.089,4.452,0.000,310,31233,2567,0
8619,13.374,5.549,5.191,0.072,0.011,0.276,0,12.319,4.147,0.000,0,304,0,0
8620,20.572,20.572,13.313,6.466,0.488,0.305,1,12.319,4.147,0.000,310,31233,2566,0
8621,12.792,5.503,5.106,0.072,0.012,0.313,0,13.652,4.397,0.000,0,304,0,0
8622,18.658,18.658,11.722,6.166,0.297,0.474,1,13.652,4.397,0.000,310,31233,2567,0
8623,14.710,5.481,5.059,0.072,0.010,0.340,0,13.994,4.508,0.000,0,304,0,0
8624,18.267,18.267,11.391,6.148,0.387,0.341,1,13.994,4.508,0.000,310,31233,2566,0
8625,15.102,6.781,6.291,0.072,0.011,0.407,0,12.802,4.046,0.000,0,304,0,0
8626,21.445,21.445,13.174,7.076,0.369,0.826,1,11.522,4.471,0.000,307,30853,2533,0
8627,11.919,5.498,5.112,0.072,0.011,0.303,0,11.522,4.471,0.000,0,304,0,0
8628,20.981,20.981,13.580,6.477,0.486,0.438,1,12.066,4.206,0.000,307,30853,2532,0
8629,12.382,5.956,5.568,0.071,0.011,0.306,0,12.066,4.206,0.000,0,304,0,0
8630,20.665,20.665,13.821,6.135,0.362,0.347,1,11.668,4.079,0.000,308,30853,2535,0
8631,12.705,6.633,6.070,0.076,0.014,0.473,0,11.668,4.079,0.000,0,304,0,0
8632,20.353,20.353,13.246,6.273,0.427,0.408,1,11.660,4.671,0.000,307,30853,2532,0
8633,13.029,6.384,5.977,0.077,0.012,0.318,0,11.660,4.671,0.000,0,304,0,0
8634,20.207,20.207,13.038,6.360,0.438,0.371,1,11.660,4.671,0.000,307,30853,2533,0
8635,13.157,6.104,5.751,0.091,0.014,0.249,0,13.577,4.773,0.000,0,304,0,0
8636,20.644,20.644,12.558,7.431,0.359,0.296,1,13.577,4.773,0.000,306,30473,2522,0
8637,12.715,6.074,5.572,0.073,0.011,0.418,0,15.260,4.051,0.000,0,308,0,0
8638,20.214,20.214,12.631,6.673,0.389,0.521,1,10.980,4.061,0.000,306,30473,2518,0
8639,13.160,5.795,5.359,0.073,0.011,0.353,0,10.980,4.061,0.000,0,308,0,0
8640,19.310,19.310,12.406,6.042,0.405,0.457,1,10.980,4.061,0.000,304,30393,2511,0
8641,14.040,5.728,5.342,0.075,0.014,0.297,0,14.021,4.664,0.000,0,308,0,0
8642,18.056,18.056,11.362,5.941,0.432,0.321,1,14.021,4.664,0.000,304,30393,2512,0
8643,15.313,6.075,5.613,0.074,0.011,0.377,0,12.969,4.527,0.000,0,312,0,0
8644,23.825,23.825,13.861,9.285,0.389,0.289,1,14.277,3.918,0.000,304,30377,2523,0
8645,9.543,5.958,5.576,0.087,0.009,0.285,0,14.277,3.918,0.000,0,312,0,0
8646,18.837,18.837,11.842,6.233,0.320,0.442,1,14.277,3.918,0.000,305,30377,2521,0
8647,14.530,5.606,5.199,0.075,0.013,0.319,0,14.095,4.002,0.000,0,312,0,0
8648,20.651,20.651,13.449,6.336,0.464,0.401,1,11.387,4.618,0.000,304,30377,2518,0
8649,12.713,6.054,5.483,0.076,0.010,0.485,0,11.387,4.618,0.000,0,312,0,0
8650,18.323,18.323,11.624,6.002,0.284,0.413,1,11.387,4.618,0.000,302,30297,2513,0
8651,15.049,6.789,6.357,0.075,0.011,0.346,0,12.164,4.582,0.000,0,312,0,0
8652,20.476,20.476,13.277,6.263,0.461,0.475,1,12.164,4.582,0.000,302,30297,2512,0
8653,12.898,6.073,5.638,0.079,0.011,0.344,0,14.912,4.234,0.000,0,312,0,0
8654,23.031,23.031,16.079,6.180,0.409,0.363,1,13.172,4.685,0.000,303,30321,2527,0
8655,10.664,7.360,6.705,0.075,0.011,0.569,0,13.172,4.685,0.000,0,360,0,0
8656,21.737,21.737,14.103,6.806,0.262,0.567,1,11.897,4.737,0.000,301,30289,2520,0
8657,11.305,5.983,5.486,0.074,0.011,0.411,0,11.897,4.737,0.000,0,408,0,0
8658,25.879,25.879,14.624,10.181,0.458,0.616,1,11.843,4.135,0.000,301,30337,2521,0
8659,7.477,6.342,5.897,0.077,0.011,0.357,0,11.843,4.135,0.000,0,456,0,0
8660,22.080,22.080,14.927,6.415,0.330,0.408,1,11.757,4.850,0.000,301,30361,2529,0
8661,11.286,7.401,6.800,0.079,0.013,0.508,0,11.757,4.850,0.000,0,476,0,0
8662,29.163,29.163,20.344,7.305,1.133,0.381,1,15.451,4.058,0.000,299,30281,2525,0
8663,9.374,9.374,8.931,0.081,0.013,0.349,0,15.451,4.058,0.000,0,476,0,0
8664,29.460,29.460,15.758,12.783,0.452,0.467,1,10.927,3.765,0.000,297,30201,2517,0
8665,7.963,7.963,7.541,0.078,0.011,0.333,0,10.927,3.765,0.000,0,476,0,0
8666,7.457,6.355,5.943,0.076,0.010,0.326,0,10.927,3.765,0.000,0,476,0,0
8667,23.276,23.276,16.295,6.127,0.341,0.513,1,15.048,3.873,0.000,297,30201,2518,0
8668,10.088,6.060,5.584,0.079,0.014,0.383,0,15.048,3.873,0.000,0,476,0,0
8669,22.866,22.866,15.077,6.869,0.524,0.395,1,11.192,4.195,0.000,297,30201,2517,0
8670,10.496,8.558,8.035,0.077,0.011,0.435,0,11.192,4.195,0.000,0,476,0,0
8671,24.408,24.408,17.640,6.082,0.322,0.363,1,12.653,3.948,0.000,297,30201,2518,0
8672,8.970,6.783,6.294,0.080,0.015,0.394,0,12.653,3.948,0.000,0,476,0,0
8673,43.959,43.959,12.822,30.226,0.400,0.510,1,10.973,4.861,0.000,297,30201,2517,0
8674,6.234,6.234,5.224,0.077,0.011,0.923,0,10.973,4.861,0.000,0,476,0,0
8675,5.128,5.128,4.713,0.076,0.010,0.330,0,10.973,4.861,0.000,0,476,0,0
8676,19.875,19.875,12.350,6.738,0.300,0.487,1,10.694,3.947,0.000,294,30101,2508,0
8677,8.216,5.618,5.205,0.076,0.010,0.327,0,10.694,3.947,0.000,0,476,0,0
8678,19.776,19.776,12.792,5.968,0.681,0.335,1,10.781,3.906,0.000,294,30101,2507,0
8679,13.593,6.245,5.742,0.079,0.010,0.414,0,10.781,3.906,0.000,0,476,0,0
8680,21.317,21.317,14.481,6.047,0.430,0.359,1,12.431,3.886,0.000,294,30101,2509,0
8681,12.048,6.170,5.750,0.080,0.013,0.327,0,12.431,3.886,0.000,0,476,0,0
8682,24.842,24.842,15.671,8.349,0.404,0.418,1,12.644,3.995,0.000,294,30101,2507,0
8683,8.528,6.427,6.024,0.076,0.012,0.314,0,12.644,3.995,0.000,0,476,0,0
8684,20.082,20.082,13.310,6.088,0.306,0.379,1,10.770,3.970,0.000,294,30101,2508,0
8685,13.275,5.735,5.241,0.077,0.010,0.407,0,10.770,3.970,0.000,0,476,0,0
8686,35.225,35.225,15.355,19.151,0.384,0.336,1,10.770,3.970,0.000,294,30101,2507,0
8687,5.815,5.815,5.444,0.077,0.011,0.283,0,15.776,3.936,0.000,0,476,0,0
8688,19.979,19.979,13.201,6.068,0.302,0.407,1,10.739,3.897,0.000,294,30101,2508,0
8689,6.394,6.394,5.970,0.085,0.014,0.325,0,10.739,3.897,0.000,0,476,0,0
8690,23.583,23.583,13.518,8.703,0.988,0.373,1,12.403,4.268,0.000,293,30081,2503,0
8691,9.135,6.867,6.369,0.080,0.011,0.406,0,12.403,4.268,0.000,0,476,0,0
8692,23.637,23.637,15.689,7.256,0.343,0.349,1,12.403,4.268,0.000,293,30081,2504,0
8693,9.699,8.260,7.890,0.082,0.012,0.276,0,13.909,4.084,0.000,0,472,0,0
8694,20.137,20.137,12.880,6.342,0.521,0.395,1,13.909,4.084,0.000,290,29997,2484,0
8695,13.230,7.352,6.954,0.076,0.016,0.307,0,15.457,4.072,0.000,0,308,0,0
8696,22.485,22.485,12.742,8.952,0.415,0.376,1,10.596,4.280,0.000,282,29553,2425,0
8697,10.879,6.696,6.337,0.076,0.015,0.269,0,10.596,4.280,0.000,0,308,0,0
8698,34.983,34.983,15.701,18.569,0.396,0.317,1,11.467,4.301,0.000,283,29557,2430,0
8699,11.777,11.777,11.373,0.077,0.014,0.314,0,11.467,4.301,0.000,0,312,0,0
8700,5.705,5.705,5.379,0.075,0.010,0.241,0,11.467,4.301,0.000,0,312,0,0
8701,39.058,39.058,15.429,22.862,0.466,0.301,1,10.993,4.038,0.000,284,29561,2431,0
8702,6.369,6.369,5.995,0.079,0.013,0.283,0,10.993,4.038,0.000,0,316,0,0
8703,5.087,5.087,4.798,0.075,0.010,0.203,0,10.993,4.038,0.000,0,324,0,0
8704,36.068,36.068,13.077,22.309,0.416,0.265,1,11.653,4.974,0.000,287,30593,2494,0
8705,5.666,5.666,5.301,0.077,0.011,0.277,0,11.653,4.974,0.000,0,328,0,0
8706,5.465,4.947,4.617,0.077,0.009,0.244,0,11.653,4.974,0.000,0,328,0,0
8707,46.326,46.326,20.879,24.741,0.460,0.246,1,16.062,4.786,0.000,288,30525,2498,0
8708,7.220,7.220,6.823,0.088,0.013,0.296,0,16.062,4.786,0.000,0,336,0,0
8709,5.008,5.008,4.708,0.080,0.009,0.212,0,16.062,4.786,0.000,0,340,0,0
8710,8.165,5.281,4.980,0.082,0.009,0.211,0,16.062,4.786,0.000,0,344,0,0
8711,26.615,26.615,14.253,11.471,0.588,0.303,1,16.062,4.786,0.000,289,30513,2513,0
8712,6.742,6.217,5.901,0.089,0.012,0.216,0,12.738,4.315,0.000,0,348,0,0
8713,28.541,28.541,19.762,7.135,1.394,0.251,1,12.541,4.424,0.000,288,30437,2511,0
8714,6.021,6.021,5.646,0.085,0.012,0.277,0,12.541,4.424,0.000,0,356,0,0
8715,23.498,23.498,13.223,9.742,0.308,0.225,1,12.541,4.424,0.000,288,30365,2510,0
8716,8.672,5.457,5.166,0.086,0.011,0.195,0,13.187,4.215,0.000,0,360,0,0
8717,17.984,17.984,11.547,5.787,0.354,0.297,1,13.187,4.215,0.000,292,30571,2538,0
8718,15.380,7.598,7.254,0.093,0.015,0.236,0,12.524,3.961,0.000,0,364,0,0
8719,19.698,19.698,13.079,5.941,0.436,0.241,1,12.524,3.961,0.000,292,30571,2537,0
8720,13.671,5.634,5.277,0.085,0.010,0.263,0,11.443,4.505,0.000,0,364,0,0
8721,21.256,21.256,13.910,6.720,0.405,0.222,1,11.443,4.505,0.000,293,30575,2565,0
8722,36.719,36.719,36.376,0.090,0.031,0.223,0,11.443,4.505,0.000,0,368,0,0
8723,8.231,8.231,7.783,0.086,0.023,0.338,0,11.443,4.505,0.000,0,288,0,0
8724,8.525,8.525,8.136,0.069,0.023,0.296,0,11.443,4.505,0.000,0,280,0,0
8725,9.355,9.355,9.051,0.068,0.011,0.225,0,72.510,4.865,0.000,0,280,0,0
8726,28.517,28.517,14.037,13.719,0.424,0.337,1,11.458,1.062,1.633,303,39662,1920,23215
8727,5.717,5.717,5.392,0.069,0.010,0.246,0,11.458,1.062,1.633,0,280,0,0
8728,20.281,20.281,13.164,6.561,0.284,0.273,1,11.458,1.062,0.000,303,39662,2582,0
8729,11.549,6.098,5.678,0.098,0.012,0.310,0,13.050,5.484,0.000,0,280,0,0
8730,19.874,19.874,12.817,6.401,0.398,0.257,1,13.050,5.484,0.000,303,39662,2581,0
8731,13.498,5.429,5.119,0.067,0.012,0.232,0,12.965,5.337,0.000,0,280,0,0
8732,22.543,22.543,13.935,7.870,0.407,0.331,1,12.209,5.620,0.000,303,39662,2582,0
8733,10.824,6.015,5.680,0.071,0.013,0.250,0,12.209,5.620,0.000,0,280,0,0
8734,23.296,23.296,14.886,7.762,0.395,0.253,1,12.209,5.620,0.000,303,39662,2581,0
8735,10.078,7.809,7.369,0.070,0.014,0.357,0,18.089,5.666,0.000,0,280,0,0
8736,23.314,23.314,13.150,6.685,0.309,3.170,1,18.089,5.666,0.000,303,39662,2582,0
8737,10.041,6.159,5.827,0.073,0.014,0.245,0,14.425,6.142,0.000,0,280,0,0
8738,21.861,21.861,14.548,6.531,0.470,0.312,1,11.564,5.547,0.000,303,39662,2582,0
8739,11.506,6.119,5.803,0.071,0.015,0.231,0,11.564,5.547,0.000,0,280,0,0
8740,20.162,20.162,13.073,6.339,0.485,0.265,1,11.564,5.547,0.000,303,39662,2581,0
8741,13.200,6.718,6.297,0.072,0.014,0.334,0,13.224,5.774,0.000,0,280,0,0
8742,18.858,18.858,11.797,6.359,0.448,0.254,1,13.224,5.774,0.000,303,39662,2582,0
8743,14.514,5.353,5.041,0.067,0.011,0.234,0,13.757,5.564,0.000,0,280,0,0
8744,18.644,18.644,11.516,6.484,0.320,0.324,1,13.757,5.564,0.000,303,39662,2582,0
8745,14.723,5.325,5.000,0.067,0.014,0.245,0,14.166,5.280,0.000,0,280,0,0
8746,19.714,19.714,12.798,6.310,0.346,0.260,1,14.166,5.280,0.000,303,39662,2581,0
8747,13.652,5.380,4.998,0.067,0.010,0.305,0,11.929,5.986,0.000,0,280,0,0
8748,19.870,19.870,12.823,6.421,0.377,0.248,1,11.929,5.986,0.000,304,39662,2584,0
8749,13.497,6.074,5.750,0.071,0.015,0.239,0,12.108,5.782,0.000,0,280,0,0
8750,20.344,20.344,13.420,6.245,0.351,0.328,1,12.108,5.782,0.000,303,39662,2582,0
8751,13.024,5.595,5.311,0.067,0.011,0.207,0,12.442,5.875,0.000,0,280,0,0
8752,19.663,19.663,12.654,6.449,0.347,0.212,1,12.442,5.875,0.000,303,39662,2581,0
8753,13.704,5.407,5.103,0.067,0.011,0.226,0,12.792,5.461,0.000,0,280,0,0
8754,19.725,19.725,12.717,6.431,0.372,0.205,1,12.792,5.461,0.000,303,39662,2582,0
8755,13.647,6.044,5.770,0.066,0.011,0.196,0,12.354,6.061,0.000,0,280,0,0
8756,26.271,26.271,14.761,10.842,0.381,0.287,1,16.723,5.316,0.000,303,39662,2578,0
8757,7.087,5.686,5.382,0.068,0.011,0.224,0,16.723,5.316,0.000,0,280,0,0
8758,20.591,20.591,13.104,6.924,0.298,0.265,1,16.723,5.316,0.000,303,39662,2572,0
8759,12.777,5.797,5.436,0.068,0.011,0.283,0,15.191,5.749,0.000,0,280,0,0
8760,18.448,18.448,11.581,6.223,0.409,0.234,1,15.191,5.749,0.000,303,39662,2574,0
8761,14.938,5.696,5.382,0.069,0.012,0.233,0,14.008,5.554,0.000,0,280,0,0
8762,19.736,19.736,12.461,6.588,0.381,0.305,1,14.008,5.554,0.000,303,39662,2573,0
8763,13.613,5.412,5.116,0.066,0.011,0.219,0,14.067,6.341,0.000,0,280,0,0
8764,18.636,18.636,11.698,6.365,0.359,0.214,1,14.067,6.341,0.000,303,39662,2572,0
8765,14.728,5.440,5.096,0.067,0.010,0.266,0,13.503,5.740,0.000,0,280,0,0
8766,18.693,18.693,11.583,6.538,0.375,0.198,1,13.503,5.740,0.000,303,39662,2573,0
8767,14.674,5.339,5.054,0.065,0.012,0.208,0,13.499,5.940,0.000,0,280,0,0
8768,21.987,21.987,13.791,6.889,0.967,0.341,1,13.499,5.940,0.000,303,39662,2573,0
8769,11.379,5.472,5.145,0.066,0.009,0.251,0,13.827,5.808,0.000,0,280,0,0
8770,19.514,19.514,11.984,6.940,0.315,0.275,1,13.827,5.808,0.000,303,39662,2575,0
8771,13.862,5.984,5.629,0.067,0.010,0.277,0,12.970,5.432,0.000,0,280,0,0
8772,19.628,19.628,11.984,7.037,0.383,0.225,1,12.970,5.432,0.000,303,39662,2576,0
8773,13.729,5.375,5.076,0.068,0.010,0.222,0,12.942,5.375,0.000,0,280,0,0
8774,18.533,18.533,11.608,6.347,0.257,0.323,1,12.942,5.375,0.000,303,39662,2576,0
8775,14.833,7.019,6.684,0.073,0.021,0.240,0,14.785,5.293,0.000,0,280,0,0
8776,21.025,21.025,13.417,6.899,0.488,0.221,1,14.785,5.293,0.000,303,39662,2575,0
8777,12.341,5.442,5.093,0.068,0.014,0.267,0,12.517,5.577,0.000,0,280,0,0
8778,19.568,19.568,12.634,6.346,0.274,0.314,1,12.517,5.577,0.000,303,39662,2576,0
8779,13.800,6.163,5.858,0.072,0.014,0.219,0,12.734,5.325,0.000,0,280,0,0
8780,20.334,20.334,13.320,6.375,0.363,0.276,1,12.734,5.325,0.000,303,39662,2576,0
8781,13.034,5.269,5.007,0.068,0.011,0.184,0,12.320,5.909,0.000,0,280,0,0
8782,19.799,19.799,12.799,6.453,0.346,0.201,1,12.320,5.909,0.000,302,39658,2564,0
8783,13.569,5.510,5.194,0.066,0.010,0.241,0,12.406,5.813,0.000,0,276,0,0
8784,20.897,20.897,13.688,6.539,0.446,0.224,1,12.406,5.813,0.000,303,39658,2567,0
8785,12.469,8.348,8.023,0.072,0.012,0.241,0,14.172,6.100,0.000,0,652,0,0
8786,28.272,28.272,13.723,13.803,0.390,0.356,1,14.172,6.100,0.000,310,40274,2702,0
8787,6.371,6.371,6.046,0.073,0.011,0.241,0,16.836,6.064,0.000,0,652,0,0
8788,21.759,21.759,14.305,6.953,0.256,0.244,1,16.836,6.064,0.000,310,40274,2696,0
8789,10.331,6.269,5.895,0.081,0.010,0.284,0,12.806,6.159,0.000,0,652,0,0
8790,21.001,21.001,13.353,6.993,0.376,0.279,1,12.806,6.159,0.000,310,40274,2697,0
8791,12.367,5.705,5.382,0.072,0.011,0.239,0,12.814,5.527,0.000,0,652,0,0
8792,21.625,21.625,14.319,6.531,0.344,0.431,1,12.814,5.527,0.000,310,40274,2697,0
8793,11.738,5.780,5.481,0.073,0.011,0.216,0,12.781,5.818,0.000,0,652,0,0
8794,20.688,20.688,13.535,6.487,0.364,0.302,1,12.781,5.818,0.000,310,40274,2696,0
8795,12.684,6.097,5.765,0.079,0.015,0.238,0,12.568,5.313,0.000,0,652,0,0
8796,20.517,20.517,13.267,6.622,0.374,0.254,1,12.568,5.313,0.000,311,40274,2699,0
8797,12.848,6.558,6.118,0.075,0.015,0.351,0,12.877,5.888,0.000,0,652,0,0
8798,20.697,20.697,13.487,6.581,0.341,0.288,1,12.877,5.888,0.000,310,40274,2697,0
8799,12.670,5.727,5.390,0.072,0.011,0.255,0,12.968,5.897,0.000,0,652,0,0
8800,22.392,22.392,13.906,7.754,0.354,0.379,1,12.968,5.897,0.000,310,40274,2696,0
8801,10.973,5.661,5.343,0.072,0.010,0.237,0,14.338,5.754,0.000,0,652,0,0
8802,20.154,20.154,12.245,7.329,0.329,0.252,1,14.338,5.754,0.000,310,40274,2697,0
8803,13.220,6.834,6.381,0.086,0.015,0.353,0,13.715,5.477,0.000,0,652,0,0
8804,22.333,22.333,14.700,6.953,0.385,0.294,1,13.715,5.477,0.000,310,40274,2697,0
8805,11.023,5.769,5.439,0.072,0.011,0.247,0,13.848,5.606,0.000,0,652,0,0
8806,21.220,21.220,13.548,6.921,0.395,0.357,1,13.848,5.606,0.000,310,40274,2696,0
8807,12.151,5.784,5.455,0.070,0.012,0.248,0,15.878,5.783,0.000,0,652,0,0
8808,20.747,20.747,13.582,6.610,0.265,0.289,1,15.878,5.783,0.000,310,40274,2698,0
8809,12.616,5.918,5.460,0.071,0.010,0.377,0,12.579,6.040,0.000,0,652,0,0
8810,20.613,20.613,13.441,6.526,0.356,0.290,1,12.579,6.040,0.000,310,40274,2697,0
8811,12.758,5.573,5.232,0.072,0.010,0.258,0,11.943,6.388,0.000,0,652,0,0
8812,21.143,21.143,13.838,6.572,0.379,0.354,1,11.943,6.388,0.000,310,40274,2696,0
8813,12.224,5.597,5.269,0.071,0.010,0.247,0,12.802,5.798,0.000,0,652,0,0
8814,20.593,20.593,13.428,6.521,0.371,0.273,1,12.802,5.798,0.000,310,40274,2697,0
8815,12.774,6.058,5.624,0.072,0.011,0.351,0,13.269,5.470,0.000,0,652,0,0
8816,22.176,22.176,14.454,7.051,0.362,0.309,1,13.269,5.470,0.000,310,40274,2697,0
8817,11.189,5.664,5.305,0.072,0.010,0.277,0,14.115,5.796,0.000,0,652,0,0
8818,23.131,23.131,15.278,7.111,0.318,0.425,1,14.115,5.796,0.000,310,40274,2696,0
8819,10.232,6.094,5.741,0.072,0.011,0.270,0,13.881,5.775,0.000,0,652,0,0
8820,20.266,20.266,12.981,6.632,0.347,0.306,1,13.881,5.775,0.000,308,40194,2692,0
8821,13.124,5.814,5.370,0.072,0.010,0.362,0,14.079,6.105,0.000,0,652,0,0
8822,19.895,19.895,12.387,6.819,0.369,0.320,1,14.079,6.105,0.000,308,40194,2691,0
8823,13.453,5.766,5.422,0.071,0.013,0.259,0,14.698,5.468,0.000,0,652,0,0
8824,19.305,19.305,11.997,6.572,0.351,0.386,1,14.698,5.468,0.000,308,40194,2690,0
8825,14.064,5.644,5.308,0.072,0.011,0.253,0,14.351,6.067,0.000,0,652,0,0
8826,23.552,23.552,15.471,7.286,0.378,0.418,1,14.351,6.067,0.000,308,40194,2691,0
8827,9.808,6.017,5.614,0.071,0.011,0.321,0,12.817,5.806,0.000,0,652,0,0
8828,22.353,22.353,14.673,7.022,0.382,0.276,1,12.817,5.806,0.000,308,40194,2691,0
8829,11.021,6.063,5.752,0.071,0.011,0.230,0,12.335,5.349,0.000,0,652,0,0
8830,22.444,22.444,14.185,7.548,0.389,0.322,1,12.335,5.349,0.000,308,40194,2690,0
8831,10.920,5.549,5.245,0.066,0.011,0.227,0,14.351,5.620,0.000,0,276,0,0
8832,19.754,19.754,11.998,7.163,0.357,0.236,1,14.351,5.620,0.000,303,39818,2640,0
8833,13.615,9.508,9.097,0.072,0.019,0.321,0,13.863,5.408,0.000,0,276,0,0
8834,26.185,26.185,18.161,7.367,0.416,0.241,1,13.863,5.408,0.000,303,39818,2640,0
8835,7.876,7.522,7.191,0.072,0.014,0.244,0,14.404,6.155,0.000,0,276,0,0
8836,25.131,25.131,17.264,7.105,0.423,0.340,1,14.404,6.155,0.000,305,39898,2645,0
8837,7.560,6.894,6.570,0.076,0.015,0.234,0,16.239,6.341,0.000,0,276,0,0
8838,21.964,21.964,13.935,7.505,0.281,0.243,1,16.239,6.341,0.000,305,39898,2646,0
8839,11.403,7.230,6.856,0.068,0.017,0.289,0,17.881,5.790,0.000,0,276,0,0
8840,23.216,23.216,15.256,7.284,0.448,0.229,1,17.881,5.790,0.000,305,39898,2646,0
8841,10.128,6.382,6.089,0.070,0.015,0.209,0,12.348,5.862,0.000,0,276,0,0
8842,21.578,21.578,13.944,6.941,0.420,0.273,1,12.348,5.862,0.000,305,39898,2645,0
8843,11.794,5.708,5.410,0.066,0.011,0.220,0,15.131,5.638,0.000,0,276,0,0
8844,22.493,22.493,14.901,6.903,0.407,0.282,1,15.131,5.638,0.000,305,39898,2647,0
8845,10.871,6.423,6.016,0.069,0.014,0.325,0,13.188,6.080,0.000,0,276,0,0
8846,20.457,20.457,13.272,6.586,0.263,0.336,1,13.188,6.080,0.000,300,39438,2606,0
8847,12.908,6.566,6.284,0.069,0.013,0.200,0,14.260,5.970,0.000,0,276,0,0
8848,20.238,20.238,12.770,6.583,0.605,0.281,1,14.260,5.970,0.000,300,39438,2605,0
8849,13.131,6.073,5.783,0.066,0.013,0.211,0,13.962,5.474,0.000,0,276,0,0
8850,19.407,19.407,12.375,6.411,0.401,0.220,1,13.962,5.474,0.000,300,39438,2606,0
8851,13.955,7.487,7.134,0.070,0.015,0.268,0,12.283,5.294,0.000,0,276,0,0
8852,21.356,21.356,13.696,7.027,0.405,0.228,1,12.283,5.294,0.000,298,39358,2600,0
8853,12.008,5.940,5.671,0.065,0.011,0.194,0,11.971,5.416,0.000,0,276,0,0
8854,21.836,21.836,14.600,6.546,0.385,0.305,1,11.605,5.241,0.000,298,39358,2599,0
8855,11.533,5.396,5.113,0.067,0.010,0.206,0,11.605,5.241,0.000,0,276,0,0
8856,19.675,19.675,12.850,6.325,0.274,0.225,1,11.605,5.241,0.000,299,39358,2602,0
8857,13.695,5.403,5.094,0.067,0.010,0.232,0,12.181,5.841,0.000,0,276,0,0
8858,19.403,19.403,12.581,6.258,0.375,0.190,1,12.181,5.841,0.000,298,39358,2600,0
8859,13.961,5.600,5.352,0.067,0.010,0.172,0,12.103,5.407,0.000,0,276,0,0
8860,20.074,20.074,13.170,6.265,0.362,0.276,1,12.103,5.407,0.000,298,39358,2599,0
8861,13.295,5.524,5.217,0.066,0.010,0.230,0,12.137,5.390,0.000,0,276,0,0
8862,20.146,20.146,13.080,6.406,0.354,0.306,1,12.137,5.390,0.000,296,39278,2594,0
8863,13.222,5.554,5.149,0.066,0.012,0.328,0,12.640,5.789,0.000,0,276,0,0
8864,19.791,19.791,12.884,6.303,0.354,0.250,1,12.640,5.789,0.000,295,39258,2589,0
8865,13.574,5.385,5.071,0.066,0.012,0.236,0,12.120,5.910,0.000,0,276,0,0
8866,21.377,21.377,13.905,6.689,0.420,0.363,1,12.120,5.910,0.000,293,39178,2570,0
8867,11.985,7.487,7.134,0.070,0.014,0.269,0,14.758,5.160,0.000,0,276,0,0
8868,21.267,21.267,13.662,7.036,0.288,0.281,1,14.758,5.160,0.000,293,39178,2570,0
8869,12.100,7.173,6.739,0.066,0.010,0.357,0,12.685,5.353,0.000,0,276,0,0
8870,23.173,23.173,12.324,10.112,0.398,0.339,1,12.513,5.711,0.000,291,39364,2518,0
8871,10.195,6.493,6.096,0.070,0.014,0.312,0,12.513,5.711,0.000,0,276,0,0
8872,22.296,22.296,14.462,7.108,0.262,0.465,1,11.670,5.372,0.000,289,39284,2516,0
8873,11.070,6.343,5.938,0.071,0.013,0.322,0,11.670,5.372,0.000,0,276,0,0
8874,20.213,20.213,12.920,6.562,0.425,0.306,1,11.670,5.372,0.000,289,39284,2516,0
8875,13.161,5.938,5.490,0.068,0.011,0.369,0,13.773,6.276,0.000,0,276,0,0
8876,20.072,20.072,12.505,6.893,0.379,0.295,1,13.773,6.276,0.000,289,39284,2515,0
8877,13.289,5.559,5.195,0.066,0.010,0.287,0,13.013,5.291,0.000,0,276,0,0
8878,20.120,20.120,13.074,6.284,0.363,0.399,1,13.013,5.291,0.000,286,39184,2506,0
8879,13.249,5.783,5.449,0.068,0.011,0.255,0,13.582,5.608,0.000,0,276,0,0
8880,20.623,20.623,13.135,6.832,0.385,0.271,1,11.300,5.271,0.000,286,39184,2506,0
8881,12.748,6.866,6.424,0.070,0.015,0.357,0,11.300,5.271,0.000,0,276,0,0
8882,20.711,20.711,13.486,6.566,0.391,0.267,1,11.300,5.271,0.000,284,39104,2499,0
8883,12.649,7.224,6.896,0.067,0.013,0.248,0,11.692,6.099,0.000,0,276,0,0
8884,20.963,20.963,14.009,6.182,0.406,0.366,1,11.692,6.099,0.000,286,39184,2506,0
8885,12.403,5.632,5.267,0.068,0.010,0.287,0,12.472,5.441,0.000,0,276,0,0
8886,20.316,20.316,13.238,6.440,0.361,0.277,1,12.472,5.441,0.000,286,39184,2506,0
8887,13.050,5.580,5.188,0.067,0.011,0.314,0,12.300,5.224,0.000,0,276,0,0
8888,20.491,20.491,13.542,6.329,0.346,0.273,1,12.300,5.224,0.000,286,39184,2505,0
8889,12.880,5.405,5.126,0.067,0.010,0.202,0,11.413,6.444,0.000,0,276,0,0
8890,20.125,20.125,13.375,6.147,0.352,0.250,1,11.413,6.444,0.000,286,39184,2506,0
8891,13.244,5.414,5.179,0.067,0.010,0.157,0,12.071,5.227,0.000,0,276,0,0
8892,19.235,19.235,12.440,6.310,0.334,0.151,1,12.071,5.227,0.000,289,39264,2514,0
8893,14.132,5.768,5.514,0.066,0.012,0.176,0,12.683,5.272,0.000,0,276,0,0
8894,18.416,18.416,11.648,6.246,0.341,0.181,1,12.683,5.272,0.000,287,39244,2507,0
8895,14.954,7.587,7.251,0.072,0.015,0.249,0,13.786,5.277,0.000,0,276,0,0
8896,20.432,20.432,13.262,6.470,0.450,0.249,1,13.786,5.277,0.000,287,39244,2508,0
8897,12.931,7.507,7.196,0.070,0.015,0.226,0,13.435,5.604,0.000,0,276,0,0
8898,21.057,21.057,13.824,6.462,0.468,0.303,1,13.435,5.604,0.000,287,39244,2507,0
8899,12.307,5.738,5.451,0.074,0.010,0.202,0,11.679,6.068,0.000,0,276,0,0
8900,19.861,19.861,12.794,6.467,0.377,0.222,1,11.679,6.068,0.000,287,39244,2508,0
8901,13.506,5.682,5.371,0.065,0.009,0.236,0,12.059,5.422,0.000,0,276,0,0
8902,19.860,19.860,12.988,6.300,0.368,0.205,1,12.059,5.422,0.000,287,39244,2508,0
8903,13.507,6.404,6.110,0.071,0.017,0.206,0,12.199,5.185,0.000,0,276,0,0
8904,21.646,21.646,14.144,6.874,0.372,0.256,1,11.475,5.462,0.000,285,39164,2497,0
8905,11.721,5.786,5.488,0.067,0.010,0.222,0,11.475,5.462,0.000,0,276,0,0
8906,20.153,20.153,13.246,6.302,0.272,0.333,1,11.475,5.462,0.000,286,39164,2500,0
8907,13.216,6.163,5.733,0.070,0.014,0.346,0,12.054,5.324,0.000,0,276,0,0
8908,19.907,19.907,13.199,6.112,0.349,0.247,1,12.054,5.324,0.000,282,39064,2488,0
8909,13.460,5.467,5.186,0.067,0.010,0.205,0,12.522,5.393,0.000,0,276,0,0
8910,20.140,20.140,13.145,6.366,0.345,0.284,1,12.522,5.393,0.000,282,39064,2485,0
8911,13.229,6.172,5.826,0.073,0.014,0.259,0,12.399,5.310,0.000,0,276,0,0
8912,20.014,20.014,13.261,6.135,0.368,0.249,1,12.399,5.310,0.000,280,38984,2482,0
8913,13.350,5.972,5.591,0.077,0.014,0.290,0,11.942,6.044,0.000,0,276,0,0
8914,19.700,19.700,12.985,6.151,0.327,0.237,1,11.942,6.044,0.000,278,38904,2476,0
8915,13.664,6.196,5.895,0.071,0.014,0.216,0,11.953,5.355,0.000,0,276,0,0
8916,24.850,24.850,14.185,9.978,0.406,0.280,1,11.953,5.355,0.000,276,38402,2462,0
8917,8.518,5.231,4.959,0.067,0.011,0.193,0,13.901,5.680,0.000,0,280,0,0
8918,18.162,18.162,11.551,6.058,0.334,0.219,1,13.901,5.680,0.000,276,38330,2464,0
8919,15.205,5.476,5.095,0.094,0.011,0.276,0,13.140,5.490,0.000,0,288,0,0
8920,17.770,17.770,11.220,5.959,0.370,0.220,1,13.140,5.490,0.000,275,38254,2460,0
8921,15.598,5.276,4.987,0.070,0.010,0.208,0,13.715,5.062,0.000,0,296,0,0
8922,20.113,20.113,13.213,6.131,0.460,0.309,1,13.715,5.062,0.000,276,38258,2462,0
8923,13.252,6.355,6.006,0.079,0.012,0.257,0,12.486,5.125,0.000,0,296,0,0
8924,18.799,18.799,11.961,6.161,0.404,0.272,1,12.486,5.125,0.000,278,38456,2484,0
8925,14.569,5.459,5.064,0.070,0.010,0.314,0,13.607,5.852,0.000,0,300,0,0
8926,18.071,18.071,11.321,6.135,0.373,0.242,1,13.607,5.852,0.000,281,38536,2494,0
8927,15.295,5.337,5.021,0.072,0.010,0.233,0,13.445,5.193,0.000,0,304,0,0
8928,18.644,18.644,11.570,6.390,0.360,0.324,1,13.445,5.193,0.000,294,40600,2619,0
8929,14.723,7.242,6.900,0.074,0.012,0.257,0,13.617,6.075,0.000,0,308,0,0
8930,23.184,23.184,14.961,7.494,0.432,0.297,1,12.260,5.758,0.000,298,41042,2667,0
8931,10.181,5.476,5.044,0.075,0.010,0.347,0,12.260,5.758,0.000,0,312,0,0
8932,18.911,18.911,11.781,6.535,0.310,0.285,1,12.260,5.758,0.000,299,41046,2668,0
8933,14.455,8.384,8.009,0.081,0.015,0.279,0,13.300,5.639,0.000,0,320,0,0
8934,21.805,21.805,14.095,6.873,0.451,0.387,1,13.300,5.639,0.000,311,41302,2708,0
8935,11.562,5.481,5.140,0.079,0.009,0.253,0,12.912,5.887,0.000,0,328,0,0
8936,22.181,22.181,14.285,7.206,0.402,0.288,1,12.912,5.887,0.000,320,41420,2738,0
8937,11.188,5.638,5.192,0.119,0.011,0.316,0,14.108,5.909,0.000,0,328,0,0
8938,19.401,19.401,11.760,7.040,0.267,0.333,1,14.108,5.909,0.000,327,41602,2778,0
8939,13.964,5.731,5.415,0.078,0.015,0.223,0,14.387,5.681,0.000,0,328,0,0
8940,21.701,21.701,14.140,6.797,0.458,0.306,1,14.387,5.681,0.000,327,41602,2777,0
8941,11.668,6.902,6.559,0.086,0.013,0.243,0,13.993,5.632,0.000,0,328,0,0
8942,20.506,20.506,12.764,7.100,0.428,0.214,1,13.993,5.632,0.000,328,42202,2792,0
8943,12.868,6.027,5.709,0.079,0.011,0.229,0,14.922,6.418,0.000,0,328,0,0
8944,21.085,21.085,12.896,7.593,0.398,0.198,1,14.922,6.418,0.000,328,42202,2791,0
8945,12.275,6.198,5.940,0.077,0.011,0.170,0,14.036,5.882,0.000,0,328,0,0
8946,20.886,20.886,12.657,7.572,0.366,0.291,1,14.036,5.882,0.000,328,42202,2790,0
8947,12.478,6.300,6.000,0.079,0.011,0.210,0,14.228,5.862,0.000,0,328,0,0
8948,19.456,19.456,11.926,6.893,0.316,0.322,1,14.228,5.862,0.000,328,42202,2791,0
8949,13.913,5.648,5.291,0.078,0.012,0.267,0,15.205,5.988,0.000,0,328,0,0
8950,19.416,19.416,11.906,6.931,0.369,0.210,1,15.205,5.988,0.000,329,42205,2795,0
8951,13.953,5.634,5.350,0.079,0.011,0.194,0,14.454,5.738,0.000,0,328,0,0
8952,21.000,21.000,13.395,6.980,0.352,0.273,1,14.454,5.738,0.000,328,42185,2790,0
8953,12.364,5.542,5.230,0.079,0.010,0.223,0,14.013,5.793,0.000,0,332,0,0
8954,19.864,19.864,11.917,7.283,0.456,0.207,1,14.013,5.793,0.000,333,42631,2824,0
8955,13.503,5.588,5.253,0.078,0.012,0.245,0,14.450,5.901,0.000,0,332,0,0
8956,19.927,19.927,12.285,7.103,0.311,0.228,1,14.450,5.901,0.000,342,43018,2930,0
8957,13.437,5.841,5.557,0.081,0.012,0.191,0,14.603,5.956,0.000,0,336,0,0
8958,19.855,19.855,11.886,7.375,0.337,0.258,1,14.603,5.956,0.000,343,43022,2938,0
8959,13.521,5.640,5.353,0.081,0.011,0.195,0,16.031,6.011,0.000,0,336,0,0
8960,20.031,20.031,12.141,7.348,0.350,0.191,1,16.031,6.011,0.000,341,42942,2931,0
8961,13.328,5.747,5.406,0.080,0.012,0.249,0,14.737,6.451,0.000,0,336,0,0
8962,23.394,23.394,14.675,8.127,0.390,0.202,1,14.737,6.451,0.000,340,42866,2929,0
8963,9.972,5.886,5.540,0.081,0.010,0.255,0,13.888,6.360,0.000,0,340,0,0
8964,20.391,20.391,12.265,7.446,0.283,0.397,1,13.888,6.360,0.000,344,43308,2960,0
8965,12.977,5.647,5.284,0.080,0.010,0.273,0,16.824,6.191,0.000,0,340,0,0
8966,19.981,19.981,12.104,7.244,0.381,0.253,1,16.824,6.191,0.000,343,43231,2954,0
8967,13.385,9.436,9.028,0.080,0.011,0.317,0,14.897,6.031,0.000,0,336,0,0
8968,20.180,20.180,12.290,7.087,0.511,0.293,1,14.897,6.031,0.000,340,43205,2941,0
8969,13.189,5.940,5.589,0.081,0.014,0.257,0,15.626,6.273,0.000,0,336,0,0
8970,20.005,20.005,12.247,6.994,0.401,0.363,1,15.626,6.273,0.000,329,42668,2871,0
8971,13.361,5.568,5.232,0.078,0.011,0.247,0,15.778,5.955,0.000,0,332,0,0
8972,19.292,19.292,11.798,6.856,0.380,0.258,1,15.778,5.955,0.000,322,42558,2848,0
8973,14.073,5.914,5.430,0.077,0.012,0.396,0,14.986,6.006,0.000,0,328,0,0
8974,19.272,19.272,11.790,6.786,0.385,0.311,1,14.986,6.006,0.000,319,42604,2841,0
8975,14.098,5.506,5.165,0.078,0.011,0.252,0,14.677,6.680,0.000,0,328,0,0
8976,18.921,18.921,11.641,6.574,0.367,0.338,1,14.677,6.680,0.000,312,40602,2768,0
8977,14.450,5.464,5.140,0.078,0.012,0.235,0,15.044,6.121,0.000,0,328,0,0
8978,18.790,18.790,11.639,6.431,0.375,0.345,1,15.044,6.121,0.000,302,40212,2674,0
8979,14.569,5.742,5.291,0.076,0.012,0.362,0,14.705,5.547,0.000,0,320,0,0
8980,18.785,18.785,11.794,6.281,0.384,0.326,1,14.705,5.547,0.000,295,40100,2620,0
8981,14.585,5.508,5.169,0.074,0.011,0.254,0,14.166,5.479,0.000,0,316,0,0
8982,19.058,19.058,11.803,6.525,0.382,0.348,1,14.166,5.479,0.000,294,40096,2617,0
8983,14.307,5.544,5.194,0.074,0.018,0.259,0,14.532,5.477,0.000,0,312,0,0
8984,26.107,26.107,14.499,10.661,0.653,0.293,1,14.532,5.477,0.000,295,40524,2657,0
8985,7.264,5.815,5.383,0.074,0.011,0.346,0,19.903,6.046,0.000,0,308,0,0
8986,20.553,20.553,11.792,7.633,0.841,0.288,1,19.903,6.046,0.000,298,41146,2671,0
8987,12.816,5.811,5.427,0.075,0.012,0.296,0,16.250,6.451,0.000,0,304,0,0
8988,19.023,19.023,11.782,6.465,0.385,0.392,1,16.250,6.451,0.000,297,41138,2663,0
8989,14.342,5.529,5.186,0.073,0.011,0.259,0,14.835,6.204,0.000,0,300,0,0
8990,18.897,18.897,11.821,6.424,0.377,0.275,1,14.835,6.204,0.000,296,41138,2661,0
8991,14.467,6.644,6.197,0.072,0.012,0.364,0,14.657,5.711,0.000,0,300,0,0
8992,29.287,29.287,21.910,6.596,0.468,0.313,1,14.657,5.711,0.000,296,41138,2660,0
8993,6.545,6.545,6.057,0.072,0.016,0.401,0,13.113,5.844,0.000,0,300,0,0
8994,22.440,22.440,13.709,8.072,0.360,0.299,1,13.113,5.844,0.000,296,41138,2661,0
8995,8.459,5.691,5.332,0.072,0.011,0.277,0,13.932,5.879,0.000,0,300,0,0
8996,19.479,19.479,11.883,6.791,0.385,0.420,1,13.932,5.879,0.000,296,41138,2661,0
8997,13.890,6.012,5.598,0.072,0.011,0.330,0,15.375,5.637,0.000,0,300,0,0
8998,19.037,19.037,11.915,6.340,0.365,0.418,1,15.375,5.637,0.000,296,41138,2660,0
