frame,wall_ms,work_ms,game_ms,gx_ms,present_ms,aud_ms,drawn,rt_ms,dec_ms,gdec_ms,calls,verts,recs,vchit
0,16.519,1.449,1.449,0.000,0.000,0.000,0,1.231,0.000,0.000,0,0,2,0
1,17.346,2.418,2.418,0.000,0.000,0.000,1,1.231,0.000,0.000,0,0,6,0
2,15.671,0.067,0.067,0.000,0.000,0.000,0,1.231,0.000,0.000,0,0,0,0
3,19.294,19.231,19.182,0.000,0.000,0.049,1,1.231,0.000,0.000,0,0,0,0
4,17.548,3.708,3.699,0.000,0.000,0.009,0,1.231,0.000,0.000,0,0,0,0
5,21.397,21.397,21.378,0.000,0.000,0.019,1,1.231,0.000,0.000,0,0,0,0
6,8.837,1.130,0.972,0.092,0.058,0.007,0,1.231,0.000,0.000,0,4,1,0
7,17.780,13.508,9.620,1.688,2.182,0.019,1,3.389,0.000,0.000,1,4,74,0
8,17.879,7.871,7.826,0.015,0.009,0.021,0,3.389,0.000,0.000,0,8,0,0
9,51.840,51.840,14.834,36.511,0.474,0.021,1,3.389,0.000,0.000,2,8,108,0
10,0.801,0.801,0.777,0.014,0.004,0.006,0,3.389,0.000,0.000,0,8,0,0
11,0.508,0.508,0.496,0.005,0.002,0.006,0,3.389,0.000,0.000,0,8,0,0
12,12.743,6.642,6.598,0.013,0.010,0.020,0,3.389,0.000,0.000,0,8,0,0
13,14.890,10.987,7.181,1.849,1.942,0.016,1,36.524,0.000,0.000,2,8,103,0
14,16.691,1.381,1.363,0.006,0.003,0.009,0,7.515,0.000,0.000,0,8,0,0
15,16.695,4.200,1.254,1.975,0.961,0.010,1,0.961,0.000,0.000,2,8,103,0
16,16.670,0.972,0.934,0.011,0.007,0.020,0,0.961,0.000,0.000,0,8,0,0
17,16.689,2.753,1.626,0.155,0.962,0.009,1,0.862,0.000,0.000,2,8,103,0
18,16.674,0.673,0.651,0.007,0.005,0.010,0,0.862,0.000,0.000,0,8,0,0
19,16.682,2.602,0.871,1.419,0.300,0.012,1,0.915,0.000,0.000,2,8,103,0
20,16.682,0.360,0.344,0.005,0.003,0.007,0,0.915,0.000,0.000,0,8,0,0
21,16.677,1.272,0.752,0.134,0.372,0.014,1,0.767,0.000,0.000,2,8,103,0
22,16.690,0.290,0.277,0.005,0.003,0.005,0,0.767,0.000,0.000,0,8,0,0
23,16.675,0.761,0.459,0.099,0.196,0.007,1,0.372,0.000,0.000,2,8,103,0
24,16.686,0.247,0.235,0.004,0.002,0.004,0,0.372,0.000,0.000,0,8,0,0
25,16.679,0.809,0.551,0.096,0.157,0.005,1,0.326,0.000,0.000,2,8,103,0
26,16.684,0.229,0.216,0.005,0.003,0.006,0,0.326,0.000,0.000,0,8,0,0
27,16.685,0.494,0.236,0.095,0.155,0.007,1,0.410,0.000,0.000,2,8,103,0
28,16.689,0.219,0.206,0.005,0.003,0.006,0,0.410,0.000,0.000,0,8,0,0
29,16.689,3.391,0.992,1.627,0.762,0.009,1,0.591,0.000,0.000,2,8,103,0
30,16.674,0.380,0.360,0.006,0.005,0.010,0,0.591,0.000,0.000,0,8,0,0
31,16.689,1.296,0.853,0.202,0.227,0.014,1,0.730,0.000,0.000,2,8,103,0
32,16.683,0.324,0.307,0.006,0.003,0.008,0,0.730,0.000,0.000,0,8,0,0
33,16.678,0.789,0.468,0.106,0.210,0.006,1,0.445,0.000,0.000,2,8,103,0
34,16.685,0.266,0.254,0.004,0.003,0.005,0,0.445,0.000,0.000,0,8,0,0
35,16.680,0.773,0.510,0.095,0.162,0.006,1,0.348,0.000,0.000,2,8,103,0
36,16.686,0.257,0.245,0.005,0.002,0.005,0,0.348,0.000,0.000,0,8,0,0
37,16.685,0.713,0.460,0.093,0.154,0.005,1,0.331,0.000,0.000,2,8,103,0
38,16.686,0.272,0.259,0.004,0.003,0.006,0,0.331,0.000,0.000,0,8,0,0
39,130.004,130.004,128.234,1.245,0.501,0.024,1,0.993,0.000,0.000,1,4,83,0
40,0.850,0.850,0.817,0.008,0.009,0.016,0,0.993,0.000,0.000,0,4,0,0
41,0.293,0.293,0.280,0.004,0.002,0.007,0,0.993,0.000,0.000,0,4,0,0
42,0.282,0.282,0.272,0.003,0.002,0.005,0,0.993,0.000,0.000,0,4,0,0
43,0.244,0.244,0.235,0.003,0.002,0.004,0,0.993,0.000,0.000,0,4,0,0
44,0.241,0.241,0.232,0.002,0.002,0.006,0,0.993,0.000,0.000,0,4,0,0
45,1.419,1.419,1.095,0.146,0.168,0.010,1,0.410,0.000,0.000,1,4,83,0
46,0.376,0.376,0.365,0.004,0.003,0.005,0,0.410,0.000,0.000,0,4,0,0
47,16.440,0.678,0.471,0.078,0.123,0.006,1,0.570,0.000,0.000,1,4,83,0
48,16.680,0.464,0.447,0.005,0.004,0.007,0,0.570,0.000,0.000,0,4,0,0
49,16.693,1.076,0.390,0.135,0.544,0.007,1,0.840,0.000,0.000,1,4,83,0
50,16.676,0.503,0.480,0.008,0.004,0.011,0,0.840,0.000,0.000,0,4,0,0
51,16.684,0.774,0.389,0.105,0.270,0.009,1,0.599,0.000,0.000,1,4,83,0
52,16.682,0.347,0.334,0.004,0.002,0.006,0,0.599,0.000,0.000,0,4,0,0
53,16.683,0.652,0.379,0.081,0.185,0.008,1,0.290,0.000,0.000,1,4,83,0
54,16.691,0.331,0.319,0.003,0.002,0.006,0,0.290,0.000,0.000,0,4,0,0
55,16.675,1.436,0.929,0.136,0.358,0.013,1,0.581,0.000,0.000,1,4,83,0
56,16.683,0.397,0.384,0.004,0.003,0.006,0,0.581,0.000,0.000,0,4,0,0
57,16.685,0.871,0.534,0.110,0.218,0.010,1,0.441,0.000,0.000,1,4,83,0
58,16.680,0.336,0.323,0.004,0.003,0.007,0,0.441,0.000,0.000,0,4,0,0
59,16.686,0.784,0.505,0.102,0.170,0.008,1,0.289,0.000,0.000,1,4,83,0
60,16.683,0.327,0.314,0.004,0.003,0.006,0,0.289,0.000,0.000,0,4,0,0
61,16.683,0.571,0.331,0.074,0.160,0.006,1,0.264,0.000,0.000,1,4,83,0
62,16.685,0.341,0.329,0.003,0.003,0.007,0,0.264,0.000,0.000,0,4,0,0
63,16.684,0.571,0.335,0.072,0.157,0.006,1,0.248,0.000,0.000,1,4,83,0
64,16.680,0.533,0.515,0.005,0.005,0.007,0,0.248,0.000,0.000,0,4,0,0
65,16.685,0.679,0.438,0.075,0.158,0.008,1,0.293,0.000,0.000,1,4,83,0
66,16.683,0.318,0.307,0.003,0.002,0.006,0,0.293,0.000,0.000,0,4,0,0
67,16.684,0.572,0.337,0.075,0.154,0.006,1,0.240,0.000,0.000,1,4,83,0
68,16.683,0.320,0.307,0.003,0.002,0.007,0,0.240,0.000,0.000,0,4,0,0
69,16.681,0.566,0.332,0.073,0.154,0.006,1,0.234,0.000,0.000,1,4,83,0
70,16.686,0.319,0.307,0.003,0.003,0.006,0,0.234,0.000,0.000,0,4,0,0
71,16.681,1.411,1.005,0.133,0.264,0.010,1,0.476,0.000,0.000,1,4,83,0
72,16.683,0.428,0.416,0.004,0.003,0.005,0,0.476,0.000,0.000,0,4,0,0
73,16.686,0.824,0.513,0.103,0.200,0.008,1,0.377,0.000,0.000,1,4,83,0
74,16.685,0.336,0.322,0.004,0.003,0.007,0,0.377,0.000,0.000,0,4,0,0
75,16.682,0.634,0.367,0.079,0.181,0.007,1,0.256,0.000,0.000,1,4,83,0
76,16.680,0.332,0.320,0.004,0.003,0.006,0,0.256,0.000,0.000,0,4,0,0
77,16.685,0.578,0.335,0.072,0.164,0.007,1,0.256,0.000,0.000,1,4,83,0
78,16.682,0.321,0.309,0.003,0.002,0.006,0,0.256,0.000,0.000,0,4,0,0
79,16.686,0.627,0.388,0.072,0.161,0.006,1,0.244,0.000,0.000,1,4,83,0
80,16.683,0.320,0.308,0.003,0.002,0.006,0,0.244,0.000,0.000,0,4,0,0
81,16.683,0.573,0.339,0.072,0.156,0.006,1,0.236,0.000,0.000,1,4,83,0
82,16.684,0.320,0.308,0.003,0.002,0.006,0,0.236,0.000,0.000,0,4,0,0
83,16.680,0.561,0.329,0.069,0.155,0.007,1,0.230,0.000,0.000,1,4,83,0
84,16.684,0.314,0.302,0.004,0.003,0.006,0,0.230,0.000,0.000,0,4,0,0
85,16.686,0.563,0.330,0.070,0.157,0.006,1,0.230,0.000,0.000,1,4,83,0
86,16.685,0.324,0.311,0.004,0.002,0.007,0,0.230,0.000,0.000,0,4,0,0
87,16.680,1.242,0.874,0.122,0.237,0.010,1,0.474,0.000,0.000,1,4,83,0
88,16.686,0.444,0.433,0.003,0.003,0.005,0,0.474,0.000,0.000,0,4,0,0
89,16.682,0.830,0.519,0.102,0.200,0.009,1,0.381,0.000,0.000,1,4,83,0
90,16.684,0.336,0.324,0.004,0.002,0.005,0,0.381,0.000,0.000,0,4,0,0
91,16.683,0.576,0.332,0.075,0.162,0.006,1,0.248,0.000,0.000,1,4,83,0
92,16.684,0.329,0.316,0.004,0.003,0.006,0,0.248,0.000,0.000,0,4,0,0
93,16.684,0.565,0.330,0.074,0.155,0.006,1,0.250,0.000,0.000,1,4,83,0
94,16.683,0.325,0.313,0.004,0.003,0.006,0,0.250,0.000,0.000,0,4,0,0
95,16.682,0.594,0.354,0.076,0.157,0.008,1,0.241,0.000,0.000,1,4,83,0
96,16.684,0.321,0.309,0.004,0.003,0.006,0,0.241,0.000,0.000,0,4,0,0
97,16.684,0.585,0.328,0.071,0.180,0.006,1,0.297,0.000,0.000,1,4,83,0
98,16.681,0.326,0.314,0.003,0.003,0.006,0,0.297,0.000,0.000,0,4,0,0
99,16.684,0.586,0.331,0.072,0.177,0.006,1,0.373,0.000,0.000,1,4,83,0
100,16.688,0.326,0.314,0.003,0.002,0.006,0,0.373,0.000,0.000,0,4,0,0
101,16.678,0.604,0.361,0.074,0.162,0.007,1,0.305,0.000,0.000,1,4,83,0
102,16.683,0.304,0.293,0.003,0.002,0.005,0,0.305,0.000,0.000,0,4,0,0
103,16.682,0.935,0.700,0.070,0.158,0.008,1,0.648,0.000,0.000,1,4,83,0
104,16.687,0.362,0.351,0.003,0.003,0.005,0,0.648,0.000,0.000,0,4,0,0
105,16.686,0.995,0.607,0.123,0.254,0.011,1,0.496,0.000,0.000,1,4,83,0
106,16.680,0.354,0.340,0.004,0.003,0.007,0,0.496,0.000,0.000,0,4,0,0
107,16.685,0.611,0.355,0.078,0.172,0.006,1,0.255,0.000,0.000,1,4,83,0
108,16.685,0.330,0.318,0.004,0.003,0.006,0,0.255,0.000,0.000,0,4,0,0
109,16.700,0.610,0.368,0.074,0.161,0.007,1,0.239,0.000,0.000,1,4,83,0
110,16.669,0.563,0.545,0.006,0.004,0.008,0,0.239,0.000,0.000,0,4,0,0
111,16.681,1.071,0.650,0.126,0.282,0.012,1,0.451,0.000,0.000,1,4,83,0
112,16.679,0.360,0.345,0.004,0.003,0.008,0,0.451,0.000,0.000,0,4,0,0
113,16.686,0.618,0.352,0.083,0.177,0.007,1,0.254,0.000,0.000,1,4,83,0
114,16.681,0.322,0.310,0.004,0.003,0.006,0,0.254,0.000,0.000,0,4,0,0
115,16.683,0.581,0.338,0.075,0.160,0.007,1,0.257,0.000,0.000,1,4,83,0
116,16.684,0.314,0.302,0.003,0.003,0.006,0,0.257,0.000,0.000,0,4,0,0
117,16.685,0.573,0.336,0.072,0.159,0.006,1,0.238,0.000,0.000,1,4,83,0
118,16.681,0.320,0.307,0.003,0.003,0.007,0,0.238,0.000,0.000,0,4,0,0
119,16.685,1.470,0.957,0.203,0.300,0.009,1,0.568,0.000,0.000,1,4,83,0
120,16.683,0.464,0.451,0.006,0.002,0.005,0,0.568,0.000,0.000,0,4,0,0
121,16.684,0.859,0.526,0.104,0.219,0.010,1,0.382,0.000,0.000,1,4,83,0
122,16.680,0.340,0.327,0.003,0.003,0.006,0,0.382,0.000,0.000,0,4,0,0
123,16.686,0.585,0.337,0.075,0.166,0.006,1,0.240,0.000,0.000,1,4,83,0
124,16.679,0.322,0.309,0.004,0.002,0.006,0,0.240,0.000,0.000,0,4,0,0
125,16.687,0.541,0.312,0.070,0.153,0.006,1,0.366,0.000,0.000,1,4,83,0
126,16.680,0.303,0.292,0.003,0.003,0.005,0,0.366,0.000,0.000,0,4,0,0
127,16.688,0.546,0.317,0.069,0.152,0.007,1,0.356,0.000,0.000,1,4,83,0
128,16.680,0.297,0.286,0.003,0.002,0.005,0,0.356,0.000,0.000,0,4,0,0
129,16.686,0.535,0.312,0.069,0.149,0.006,1,0.329,0.000,0.000,1,4,83,0
130,16.682,0.302,0.291,0.003,0.002,0.007,0,0.329,0.000,0.000,0,4,0,0
131,16.682,0.596,0.366,0.070,0.154,0.006,1,0.271,0.000,0.000,1,4,83,0
132,16.683,0.301,0.290,0.003,0.002,0.005,0,0.271,0.000,0.000,0,4,0,0
133,16.702,0.548,0.327,0.068,0.146,0.007,1,0.262,0.000,0.000,1,4,83,0
134,16.682,0.523,0.501,0.006,0.005,0.010,0,0.262,0.000,0.000,0,4,0,0
135,16.679,1.847,1.001,0.541,0.295,0.011,1,0.879,0.000,0.000,1,4,83,0
136,16.681,0.552,0.530,0.008,0.005,0.010,0,0.879,0.000,0.000,0,4,0,0
137,16.678,0.948,0.422,0.215,0.303,0.008,1,0.627,0.000,0.000,1,4,83,0
138,16.682,0.359,0.346,0.004,0.003,0.006,0,0.627,0.000,0.000,0,4,0,0
139,16.684,0.628,0.355,0.083,0.182,0.008,1,0.282,0.000,0.000,1,4,83,0
140,16.681,0.322,0.311,0.003,0.002,0.005,0,0.282,0.000,0.000,0,4,0,0
141,16.693,0.579,0.341,0.073,0.159,0.006,1,0.234,0.000,0.000,1,4,83,0
142,16.674,0.757,0.728,0.008,0.007,0.014,0,0.234,0.000,0.000,0,4,0,0
143,16.686,0.801,0.532,0.094,0.168,0.007,1,0.354,0.000,0.000,1,4,83,0
144,16.680,0.324,0.312,0.004,0.003,0.006,0,0.354,0.000,0.000,0,4,0,0
145,16.683,0.628,0.390,0.073,0.159,0.007,1,0.250,0.000,0.000,1,4,83,0
146,16.684,0.316,0.304,0.003,0.003,0.006,0,0.250,0.000,0.000,0,4,0,0
147,16.686,0.577,0.337,0.072,0.161,0.007,1,0.248,0.000,0.000,1,4,83,0
148,16.682,0.324,0.310,0.003,0.003,0.007,0,0.248,0.000,0.000,0,4,0,0
149,16.684,0.600,0.352,0.075,0.166,0.007,1,0.234,0.000,0.000,1,4,83,0
150,16.682,0.321,0.309,0.004,0.002,0.006,0,0.234,0.000,0.000,0,4,0,0
151,16.684,0.569,0.334,0.073,0.155,0.007,1,0.226,0.000,0.000,1,4,83,0
152,16.683,0.322,0.310,0.003,0.003,0.006,0,0.226,0.000,0.000,0,4,0,0
153,16.684,0.560,0.328,0.070,0.156,0.006,1,0.223,0.000,0.000,1,4,83,0
154,16.683,0.325,0.313,0.003,0.003,0.007,0,0.223,0.000,0.000,0,4,0,0
155,16.684,0.562,0.330,0.071,0.154,0.006,1,0.259,0.000,0.000,1,4,83,0
156,16.685,0.323,0.311,0.003,0.003,0.006,0,0.259,0.000,0.000,0,4,0,0
157,16.688,0.572,0.338,0.070,0.156,0.008,1,0.228,0.000,0.000,1,4,83,0
158,16.677,0.562,0.542,0.007,0.006,0.008,0,0.228,0.000,0.000,0,4,0,0
159,16.682,0.745,0.473,0.102,0.163,0.007,1,0.318,0.000,0.000,1,4,83,0
160,16.683,0.329,0.317,0.003,0.003,0.006,0,0.318,0.000,0.000,0,4,0,0
161,16.685,0.586,0.345,0.076,0.159,0.006,1,0.250,0.000,0.000,1,4,83,0
162,16.683,0.317,0.306,0.003,0.002,0.006,0,0.250,0.000,0.000,0,4,0,0
163,16.684,0.571,0.337,0.070,0.156,0.007,1,0.230,0.000,0.000,1,4,83,0
164,16.683,0.312,0.301,0.003,0.003,0.006,0,0.230,0.000,0.000,0,4,0,0
165,16.684,0.571,0.337,0.071,0.157,0.006,1,0.225,0.000,0.000,1,4,83,0
166,16.679,0.321,0.307,0.004,0.003,0.007,0,0.225,0.000,0.000,0,4,0,0
167,16.683,0.555,0.324,0.071,0.154,0.006,1,0.230,0.000,0.000,1,4,83,0
168,16.682,0.299,0.288,0.003,0.002,0.005,0,0.230,0.000,0.000,0,4,0,0
169,16.693,0.543,0.318,0.068,0.150,0.007,1,0.360,0.000,0.000,1,4,83,0
170,16.685,0.528,0.508,0.005,0.005,0.010,0,0.360,0.000,0.000,0,4,0,0
171,16.678,0.827,0.439,0.105,0.274,0.009,1,0.554,0.000,0.000,1,4,83,0
172,16.679,0.353,0.340,0.004,0.003,0.007,0,0.554,0.000,0.000,0,4,0,0
173,16.684,0.590,0.338,0.076,0.169,0.007,1,0.257,0.000,0.000,1,4,83,0
174,16.689,0.620,0.609,0.004,0.002,0.006,0,0.257,0.000,0.000,0,4,0,0
175,16.682,1.328,0.754,0.169,0.389,0.017,1,0.731,0.000,0.000,1,4,83,0
176,16.679,0.367,0.353,0.005,0.003,0.006,0,0.731,0.000,0.000,0,4,0,0
177,16.688,0.626,0.353,0.085,0.182,0.007,1,0.280,0.000,0.000,1,4,83,0
178,16.682,0.328,0.315,0.004,0.002,0.006,0,0.280,0.000,0.000,0,4,0,0
179,16.682,0.745,0.462,0.114,0.162,0.006,1,0.333,0.000,0.000,1,4,83,0
180,16.683,0.326,0.314,0.004,0.003,0.006,0,0.333,0.000,0.000,0,4,0,0
181,16.685,0.584,0.342,0.073,0.163,0.007,1,0.272,0.000,0.000,1,4,83,0
182,16.683,0.318,0.307,0.003,0.003,0.006,0,0.272,0.000,0.000,0,4,0,0
183,16.681,0.550,0.321,0.071,0.153,0.006,1,0.243,0.000,0.000,1,4,83,0
184,16.680,0.301,0.290,0.003,0.002,0.006,0,0.243,0.000,0.000,0,4,0,0
185,16.687,0.526,0.307,0.066,0.147,0.006,1,0.348,0.000,0.000,1,4,83,0
186,16.681,0.302,0.292,0.003,0.002,0.005,0,0.348,0.000,0.000,0,4,0,0
187,16.687,0.530,0.309,0.067,0.147,0.007,1,0.347,0.000,0.000,1,4,83,0
188,16.679,0.296,0.286,0.003,0.002,0.005,0,0.347,0.000,0.000,0,4,0,0
189,16.686,0.526,0.304,0.066,0.150,0.006,1,0.332,0.000,0.000,1,4,83,0
190,16.684,0.305,0.293,0.003,0.003,0.006,0,0.332,0.000,0.000,0,4,0,0
191,16.680,0.741,0.517,0.069,0.150,0.005,1,0.276,0.000,0.000,1,4,83,0
192,16.690,0.353,0.344,0.003,0.002,0.004,0,0.276,0.000,0.000,0,4,0,0
193,16.679,1.066,0.635,0.131,0.288,0.012,1,0.503,0.000,0.000,1,4,83,0
194,16.685,0.347,0.334,0.004,0.003,0.006,0,0.503,0.000,0.000,0,4,0,0
195,16.684,0.602,0.344,0.080,0.172,0.007,1,0.247,0.000,0.000,1,4,83,0
196,16.682,0.330,0.318,0.003,0.003,0.007,0,0.247,0.000,0.000,0,4,0,0
197,16.685,0.583,0.342,0.075,0.160,0.007,1,0.257,0.000,0.000,1,4,83,0
198,16.681,0.317,0.305,0.003,0.002,0.006,0,0.257,0.000,0.000,0,4,0,0
199,16.685,0.572,0.337,0.072,0.156,0.007,1,0.252,0.000,0.000,1,4,83,0
200,16.680,0.313,0.301,0.004,0.003,0.006,0,0.252,0.000,0.000,0,4,0,0
201,16.686,0.560,0.328,0.072,0.154,0.006,1,0.233,0.000,0.000,1,4,83,0
202,16.683,0.320,0.307,0.004,0.002,0.007,0,0.233,0.000,0.000,0,4,0,0
203,16.683,0.556,0.326,0.071,0.154,0.006,1,0.230,0.000,0.000,1,4,83,0
204,16.681,0.327,0.315,0.003,0.003,0.007,0,0.230,0.000,0.000,0,4,0,0
205,16.683,0.562,0.330,0.073,0.154,0.006,1,0.237,0.000,0.000,1,4,83,0
206,16.683,0.598,0.571,0.003,0.002,0.022,0,0.237,0.000,0.000,0,4,0,0
207,16.683,0.882,0.637,0.076,0.163,0.006,1,0.284,0.000,0.000,1,4,83,0
208,16.687,0.356,0.345,0.003,0.002,0.005,0,0.284,0.000,0.000,0,4,0,0
209,16.681,0.968,0.585,0.116,0.255,0.012,1,0.480,0.000,0.000,1,4,83,0
210,16.685,0.341,0.327,0.004,0.003,0.007,0,0.480,0.000,0.000,0,4,0,0
211,16.685,0.660,0.383,0.083,0.186,0.008,1,0.260,0.000,0.000,1,4,83,0
212,16.682,0.323,0.311,0.003,0.002,0.006,0,0.260,0.000,0.000,0,4,0,0
213,16.685,0.588,0.341,0.073,0.167,0.007,1,0.234,0.000,0.000,1,4,83,0
214,16.682,0.320,0.308,0.003,0.003,0.006,0,0.234,0.000,0.000,0,4,0,0
215,16.684,0.588,0.347,0.073,0.162,0.006,1,0.262,0.000,0.000,1,4,83,0
216,16.684,0.329,0.316,0.003,0.003,0.007,0,0.262,0.000,0.000,0,4,0,0
217,16.681,0.569,0.331,0.071,0.161,0.006,1,0.242,0.000,0.000,1,4,83,0
218,16.718,0.356,0.344,0.003,0.003,0.006,0,0.242,0.000,0.000,0,4,0,0
219,16.659,1.087,0.615,0.182,0.278,0.013,1,0.464,0.000,0.000,2,8,103,0
220,16.680,0.545,0.522,0.008,0.006,0.010,0,0.464,0.000,0.000,0,8,0,0
221,16.678,0.834,0.400,0.138,0.290,0.006,1,0.608,0.000,0.000,2,8,103,0
222,16.685,0.568,0.553,0.005,0.003,0.007,0,0.608,0.000,0.000,0,8,0,0
223,16.680,1.488,0.952,0.180,0.341,0.015,1,0.734,0.000,0.000,2,8,103,0
224,16.685,0.393,0.380,0.005,0.003,0.005,0,0.734,0.000,0.000,0,8,0,0
225,16.685,0.948,0.569,0.141,0.228,0.011,1,0.501,0.000,0.000,2,8,103,0
226,16.680,0.346,0.333,0.004,0.003,0.006,0,0.501,0.000,0.000,0,8,0,0
227,16.686,0.626,0.357,0.099,0.163,0.006,1,0.320,0.000,0.000,2,8,103,0
228,16.682,0.334,0.320,0.004,0.003,0.007,0,0.320,0.000,0.000,0,8,0,0
229,16.685,0.654,0.390,0.096,0.161,0.006,1,0.293,0.000,0.000,2,8,103,0
230,16.683,0.342,0.328,0.005,0.002,0.007,0,0.293,0.000,0.000,0,8,0,0
231,16.688,1.004,0.629,0.133,0.233,0.010,1,0.524,0.000,0.000,2,8,103,0
232,16.679,0.359,0.344,0.005,0.003,0.006,0,0.524,0.000,0.000,0,8,0,0
233,16.682,0.660,0.385,0.099,0.170,0.006,1,0.313,0.000,0.000,2,8,103,0
234,16.684,0.335,0.322,0.005,0.003,0.007,0,0.313,0.000,0.000,0,8,0,0
235,16.685,0.643,0.377,0.095,0.164,0.006,1,0.286,0.000,0.000,2,8,103,0
236,16.683,0.329,0.316,0.005,0.003,0.006,0,0.286,0.000,0.000,0,8,0,0
237,16.682,0.652,0.388,0.094,0.162,0.008,1,0.292,0.000,0.000,2,8,103,0
238,16.681,0.322,0.309,0.004,0.003,0.006,0,0.292,0.000,0.000,0,8,0,0
239,16.687,0.770,0.475,0.132,0.154,0.008,1,0.391,0.000,0.000,2,8,103,0
240,16.679,0.342,0.328,0.004,0.003,0.006,0,0.391,0.000,0.000,0,8,0,0
241,16.684,0.621,0.357,0.098,0.159,0.006,1,0.371,0.000,0.000,2,8,103,0
242,16.687,0.327,0.314,0.004,0.002,0.006,0,0.371,0.000,0.000,0,8,0,0
243,16.683,0.653,0.392,0.094,0.160,0.008,1,0.291,0.000,0.000,2,8,103,0
244,16.688,0.332,0.319,0.005,0.003,0.006,0,0.291,0.000,0.000,0,8,0,0
245,16.678,1.448,0.929,0.178,0.327,0.013,1,0.659,0.000,0.000,2,8,103,0
246,16.683,0.403,0.388,0.006,0.003,0.006,0,0.659,0.000,0.000,0,8,0,0
247,16.685,0.888,0.541,0.132,0.204,0.010,1,0.525,0.000,0.000,2,8,103,0
248,16.681,0.341,0.327,0.005,0.003,0.006,0,0.525,0.000,0.000,0,8,0,0
249,16.685,0.656,0.391,0.097,0.160,0.007,1,0.321,0.000,0.000,2,8,103,0
250,16.681,0.330,0.317,0.005,0.003,0.006,0,0.321,0.000,0.000,0,8,0,0
251,40.722,40.722,14.243,26.042,0.420,0.018,1,0.321,0.000,0.000,2,8,108,0
252,14.383,14.383,14.334,0.015,0.016,0.019,0,0.321,0.000,0.000,0,8,0,0
253,0.689,0.689,0.667,0.012,0.003,0.006,0,0.321,0.000,0.000,0,8,0,0
254,10.947,3.282,2.786,0.176,0.312,0.007,1,3.620,0.000,0.000,2,8,103,0
255,16.674,0.347,0.334,0.005,0.002,0.007,0,3.620,0.000,0.000,0,8,0,0
256,16.685,0.646,0.329,0.093,0.218,0.006,1,0.386,0.000,0.000,2,8,103,0
257,16.682,0.316,0.304,0.004,0.003,0.005,0,0.386,0.000,0.000,0,8,0,0
258,16.688,0.570,0.320,0.086,0.157,0.008,1,0.456,0.000,0.000,2,8,103,0
259,16.678,0.331,0.319,0.004,0.003,0.006,0,0.456,0.000,0.000,0,8,0,0
260,16.686,0.579,0.318,0.089,0.166,0.006,1,0.403,0.000,0.000,2,8,103,0
261,16.681,0.314,0.302,0.004,0.002,0.006,0,0.403,0.000,0.000,0,8,0,0
262,16.687,0.555,0.311,0.084,0.153,0.007,1,0.388,0.000,0.000,2,8,103,0
263,16.679,0.304,0.292,0.004,0.002,0.005,0,0.388,0.000,0.000,0,8,0,0
264,16.685,0.631,0.327,0.150,0.146,0.007,1,0.338,0.000,0.000,2,8,103,0
265,16.683,0.302,0.290,0.005,0.002,0.005,0,0.338,0.000,0.000,0,8,0,0
266,16.686,0.563,0.318,0.089,0.149,0.006,1,0.382,0.000,0.000,2,8,103,0
267,16.680,0.316,0.302,0.004,0.002,0.006,0,0.382,0.000,0.000,0,8,0,0
268,16.686,0.561,0.317,0.089,0.149,0.006,1,0.415,0.000,0.000,2,8,103,0
269,16.693,0.321,0.308,0.005,0.002,0.005,0,0.415,0.000,0.000,0,8,0,0
270,16.675,1.489,1.057,0.247,0.177,0.008,1,0.611,0.000,0.000,2,8,103,0
271,16.685,0.493,0.477,0.006,0.003,0.006,0,0.611,0.000,0.000,0,8,0,0
272,16.682,0.736,0.439,0.110,0.181,0.007,1,0.347,0.000,0.000,2,8,103,0
273,16.682,0.338,0.325,0.005,0.002,0.007,0,0.347,0.000,0.000,0,8,0,0
274,16.684,0.642,0.375,0.098,0.162,0.006,1,0.286,0.000,0.000,2,8,103,0
275,16.683,0.344,0.330,0.005,0.003,0.006,0,0.286,0.000,0.000,0,8,0,0
276,16.690,0.661,0.391,0.098,0.164,0.007,1,0.303,0.000,0.000,2,8,103,0
277,16.673,0.567,0.543,0.006,0.006,0.012,0,0.303,0.000,0.000,0,8,0,0
278,16.686,0.736,0.472,0.095,0.161,0.007,1,0.355,0.000,0.000,2,8,103,0
279,16.680,0.335,0.321,0.005,0.002,0.007,0,0.355,0.000,0.000,0,8,0,0
280,16.684,0.639,0.377,0.095,0.160,0.006,1,0.294,0.000,0.000,2,8,103,0
281,16.683,0.326,0.313,0.005,0.002,0.006,0,0.294,0.000,0.000,0,8,0,0
282,16.688,0.606,0.348,0.093,0.157,0.007,1,0.313,0.000,0.000,2,8,103,0
283,16.681,0.321,0.308,0.005,0.002,0.006,0,0.313,0.000,0.000,0,8,0,0
284,16.685,0.591,0.337,0.093,0.154,0.006,1,0.377,0.000,0.000,2,8,103,0
285,16.679,0.308,0.296,0.004,0.002,0.006,0,0.377,0.000,0.000,0,8,0,0
286,16.689,0.559,0.317,0.090,0.146,0.006,1,0.380,0.000,0.000,2,8,103,0
287,16.678,0.322,0.310,0.004,0.002,0.006,0,0.380,0.000,0.000,0,8,0,0
288,16.682,0.614,0.367,0.086,0.155,0.007,1,0.329,0.000,0.000,2,8,103,0
289,16.685,0.308,0.297,0.004,0.002,0.005,0,0.329,0.000,0.000,0,8,0,0
290,16.692,0.574,0.323,0.090,0.155,0.006,1,0.372,0.000,0.000,2,8,103,0
291,16.676,0.425,0.406,0.006,0.004,0.010,0,0.372,0.000,0.000,0,8,0,0
292,16.684,0.704,0.362,0.109,0.228,0.006,1,0.624,0.000,0.000,2,8,103,0
293,16.690,0.464,0.451,0.005,0.002,0.006,0,0.624,0.000,0.000,0,8,0,0
294,16.680,1.319,0.744,0.184,0.377,0.015,1,0.688,0.000,0.000,2,8,103,0
295,16.683,0.385,0.370,0.005,0.003,0.006,0,0.688,0.000,0.000,0,8,0,0
296,16.681,0.718,0.416,0.108,0.187,0.007,1,0.319,0.000,0.000,2,8,103,0
297,16.685,0.338,0.324,0.005,0.003,0.007,0,0.319,0.000,0.000,0,8,0,0
298,16.682,0.663,0.388,0.097,0.172,0.006,1,0.307,0.000,0.000,2,8,103,0
299,16.683,0.461,0.448,0.005,0.003,0.006,0,0.307,0.000,0.000,0,8,0,0
300,16.684,0.675,0.396,0.099,0.172,0.008,1,0.306,0.000,0.000,2,8,103,0
301,16.683,0.328,0.315,0.004,0.002,0.005,0,0.306,0.000,0.000,0,8,0,0
302,16.681,0.639,0.376,0.095,0.161,0.007,1,0.290,0.000,0.000,2,8,103,0
303,16.683,0.307,0.295,0.005,0.002,0.005,0,0.290,0.000,0.000,0,8,0,0
304,16.687,0.591,0.342,0.091,0.152,0.006,1,0.439,0.000,0.000,2,8,103,0
305,16.678,0.316,0.303,0.004,0.002,0.006,0,0.439,0.000,0.000,0,8,0,0
306,16.688,0.568,0.320,0.092,0.151,0.006,1,0.399,0.000,0.000,2,8,103,0
307,16.679,0.311,0.299,0.004,0.002,0.005,0,0.399,0.000,0.000,0,8,0,0
308,16.688,0.572,0.323,0.090,0.151,0.008,1,0.386,0.000,0.000,2,8,103,0
309,16.682,0.314,0.302,0.004,0.002,0.006,0,0.386,0.000,0.000,0,8,0,0
310,16.684,0.781,0.529,0.092,0.155,0.005,1,0.328,0.000,0.000,2,8,103,0
311,16.689,0.371,0.358,0.004,0.003,0.005,0,0.328,0.000,0.000,0,8,0,0
312,16.681,1.093,0.651,0.156,0.275,0.011,1,0.576,0.000,0.000,2,8,103,0
313,16.681,0.357,0.344,0.005,0.003,0.006,0,0.576,0.000,0.000,0,8,0,0
314,16.685,0.691,0.405,0.105,0.174,0.007,1,0.314,0.000,0.000,2,8,103,0
315,16.682,0.328,0.315,0.005,0.003,0.005,0,0.314,0.000,0.000,0,8,0,0
316,16.684,0.606,0.345,0.096,0.159,0.006,1,0.364,0.000,0.000,2,8,103,0
317,16.683,0.327,0.313,0.005,0.002,0.007,0,0.364,0.000,0.000,0,8,0,0
318,16.683,0.630,0.373,0.093,0.157,0.006,1,0.300,0.000,0.000,2,8,103,0
319,16.683,0.326,0.313,0.005,0.003,0.006,0,0.300,0.000,0.000,0,8,0,0
320,16.684,0.628,0.373,0.092,0.156,0.007,1,0.286,0.000,0.000,2,8,103,0
321,16.683,0.324,0.311,0.005,0.003,0.006,0,0.286,0.000,0.000,0,8,0,0
322,16.684,0.634,0.379,0.092,0.156,0.006,1,0.300,0.000,0.000,2,8,103,0
323,16.683,0.328,0.314,0.004,0.003,0.007,0,0.300,0.000,0.000,0,8,0,0
324,16.682,0.625,0.369,0.093,0.157,0.006,1,0.283,0.000,0.000,2,8,103,0
325,16.687,0.494,0.481,0.004,0.003,0.006,0,0.283,0.000,0.000,0,8,0,0
326,16.679,1.304,0.897,0.149,0.248,0.011,1,0.516,0.000,0.000,2,8,103,0
327,16.687,0.374,0.361,0.005,0.003,0.005,0,0.516,0.000,0.000,0,8,0,0
328,16.683,0.854,0.518,0.127,0.200,0.009,1,0.445,0.000,0.000,2,8,103,0
329,16.682,0.344,0.330,0.005,0.003,0.006,0,0.445,0.000,0.000,0,8,0,0
330,16.683,0.656,0.392,0.097,0.161,0.007,1,0.309,0.000,0.000,2,8,103,0
331,16.683,0.326,0.313,0.005,0.003,0.006,0,0.309,0.000,0.000,0,8,0,0
332,16.685,0.653,0.391,0.095,0.159,0.007,1,0.304,0.000,0.000,2,8,103,0
333,16.684,0.323,0.310,0.005,0.003,0.006,0,0.304,0.000,0.000,0,8,0,0
334,16.682,0.631,0.375,0.094,0.156,0.006,1,0.291,0.000,0.000,2,8,103,0
335,16.684,0.345,0.331,0.005,0.003,0.007,0,0.291,0.000,0.000,0,8,0,0
336,16.684,0.920,0.657,0.097,0.160,0.006,1,0.282,0.000,0.000,2,8,103,0
337,16.680,0.496,0.477,0.007,0.004,0.009,0,0.282,0.000,0.000,0,8,0,0
338,16.688,0.720,0.360,0.120,0.231,0.009,1,0.523,0.000,0.000,2,8,103,0
339,16.680,0.365,0.350,0.006,0.003,0.007,0,0.523,0.000,0.000,0,8,0,0
340,16.686,0.648,0.359,0.102,0.180,0.007,1,0.434,0.000,0.000,2,8,103,0
341,16.681,0.338,0.324,0.005,0.003,0.007,0,0.434,0.000,0.000,0,8,0,0
342,40.499,40.499,39.669,0.256,0.556,0.018,1,0.762,0.000,0.000,1,4,83,0
343,0.568,0.568,0.545,0.006,0.005,0.011,0,0.762,0.000,0.000,0,4,0,0
344,8.984,1.334,0.370,0.138,0.818,0.008,1,0.789,0.000,0.000,1,4,83,0
345,16.684,0.346,0.333,0.004,0.003,0.006,0,0.789,0.000,0.000,0,4,0,0
346,16.684,0.579,0.355,0.083,0.135,0.006,1,0.268,0.000,0.000,1,4,83,0
347,16.692,0.334,0.321,0.003,0.002,0.007,0,0.268,0.000,0.000,0,4,0,0
348,16.677,1.336,0.913,0.132,0.281,0.009,1,0.512,0.000,0.000,1,4,83,0
349,16.679,0.407,0.394,0.005,0.004,0.005,0,0.512,0.000,0.000,0,4,0,0
350,16.704,0.949,0.572,0.107,0.261,0.010,1,0.448,0.000,0.000,1,4,83,0
351,16.662,0.500,0.479,0.005,0.006,0.010,0,0.448,0.000,0.000,0,4,0,0
352,16.683,0.775,0.360,0.111,0.298,0.007,1,0.454,0.000,0.000,1,4,83,0
353,16.682,0.332,0.318,0.004,0.003,0.007,0,0.454,0.000,0.000,0,4,0,0
354,16.684,0.596,0.344,0.078,0.168,0.006,1,0.287,0.000,0.000,1,4,83,0
355,16.681,0.312,0.301,0.003,0.002,0.005,0,0.287,0.000,0.000,0,4,0,0
356,16.686,0.548,0.316,0.070,0.155,0.007,1,0.284,0.000,0.000,1,4,83,0
357,16.681,0.299,0.288,0.003,0.002,0.005,0,0.284,0.000,0.000,0,4,0,0
358,16.687,0.528,0.306,0.067,0.149,0.006,1,0.324,0.000,0.000,1,4,83,0
359,16.682,0.422,0.410,0.003,0.002,0.006,0,0.324,0.000,0.000,0,4,0,0
360,16.683,0.585,0.341,0.076,0.163,0.006,1,0.286,0.000,0.000,1,4,83,0
361,16.683,0.306,0.295,0.004,0.002,0.005,0,0.286,0.000,0.000,0,4,0,0
362,16.684,0.541,0.315,0.070,0.149,0.007,1,0.263,0.000,0.000,1,4,83,0
363,16.684,0.298,0.287,0.003,0.002,0.005,0,0.263,0.000,0.000,0,4,0,0
364,16.686,0.529,0.310,0.067,0.146,0.006,1,0.266,0.000,0.000,1,4,83,0
365,16.679,0.321,0.308,0.003,0.002,0.007,0,0.266,0.000,0.000,0,4,0,0
366,16.685,0.540,0.311,0.070,0.153,0.006,1,0.264,0.000,0.000,1,4,83,0
367,16.682,0.301,0.291,0.003,0.002,0.005,0,0.264,0.000,0.000,0,4,0,0
368,16.687,0.538,0.315,0.069,0.148,0.007,1,0.264,0.000,0.000,1,4,83,0
369,16.679,0.302,0.291,0.004,0.002,0.005,0,0.264,0.000,0.000,0,4,0,0
370,16.687,0.532,0.311,0.067,0.148,0.006,1,0.264,0.000,0.000,1,4,83,0
371,16.680,0.321,0.308,0.003,0.002,0.007,0,0.264,0.000,0.000,0,4,0,0
372,16.685,0.544,0.312,0.068,0.157,0.006,1,0.262,0.000,0.000,1,4,83,0
373,16.682,0.300,0.290,0.003,0.002,0.005,0,0.262,0.000,0.000,0,4,0,0
374,16.684,0.535,0.312,0.068,0.149,0.007,1,0.260,0.000,0.000,1,4,83,0
375,16.685,0.296,0.285,0.003,0.002,0.005,0,0.260,0.000,0.000,0,4,0,0
376,16.682,0.557,0.329,0.069,0.152,0.007,1,0.261,0.000,0.000,1,4,83,0
377,16.682,0.306,0.295,0.003,0.002,0.006,0,0.261,0.000,0.000,0,4,0,0
378,16.686,0.528,0.308,0.067,0.147,0.005,1,0.257,0.000,0.000,1,4,83,0
379,16.681,0.297,0.286,0.003,0.002,0.005,0,0.257,0.000,0.000,0,4,0,0
380,16.683,0.529,0.307,0.067,0.148,0.007,1,0.261,0.000,0.000,1,4,83,0
381,16.685,0.296,0.285,0.003,0.002,0.005,0,0.261,0.000,0.000,0,4,0,0
382,16.684,0.555,0.329,0.071,0.150,0.006,1,0.256,0.000,0.000,1,4,83,0
383,16.681,0.463,0.439,0.003,0.009,0.012,0,0.256,0.000,0.000,0,4,0,0
384,16.684,0.572,0.350,0.067,0.149,0.007,1,0.279,0.000,0.000,1,4,83,0
385,16.684,0.305,0.294,0.004,0.002,0.005,0,0.279,0.000,0.000,0,4,0,0
386,16.686,0.538,0.315,0.068,0.148,0.007,1,0.267,0.000,0.000,1,4,83,0
387,16.680,0.316,0.305,0.003,0.002,0.005,0,0.267,0.000,0.000,0,4,0,0
388,16.687,0.542,0.312,0.071,0.154,0.006,1,0.264,0.000,0.000,1,4,83,0
389,16.679,0.317,0.304,0.003,0.003,0.007,0,0.264,0.000,0.000,0,4,0,0
390,16.685,0.539,0.309,0.070,0.155,0.005,1,0.268,0.000,0.000,1,4,83,0
391,16.682,0.300,0.289,0.003,0.002,0.005,0,0.268,0.000,0.000,0,4,0,0
392,16.686,0.529,0.308,0.067,0.147,0.007,1,0.258,0.000,0.000,1,4,83,0
393,16.682,0.316,0.305,0.003,0.002,0.006,0,0.258,0.000,0.000,0,4,0,0
394,16.684,0.539,0.313,0.067,0.154,0.006,1,0.262,0.000,0.000,1,4,83,0
395,16.681,0.303,0.292,0.003,0.002,0.006,0,0.262,0.000,0.000,0,4,0,0
396,16.688,0.582,0.364,0.065,0.148,0.006,1,0.412,0.000,0.000,1,4,83,0
397,16.679,0.316,0.305,0.003,0.002,0.005,0,0.412,0.000,0.000,0,4,0,0
398,16.687,0.552,0.318,0.070,0.157,0.007,1,0.282,0.000,0.000,1,4,83,0
399,16.680,0.326,0.314,0.003,0.002,0.006,0,0.282,0.000,0.000,0,4,0,0
400,16.685,0.542,0.312,0.071,0.153,0.006,1,0.266,0.000,0.000,1,4,83,0
401,16.682,0.304,0.292,0.003,0.002,0.006,0,0.266,0.000,0.000,0,4,0,0
402,16.686,0.527,0.308,0.066,0.147,0.006,1,0.263,0.000,0.000,1,4,83,0
403,16.682,0.309,0.297,0.003,0.003,0.006,0,0.263,0.000,0.000,0,4,0,0
404,16.684,0.566,0.334,0.072,0.155,0.006,1,0.273,0.000,0.000,1,4,83,0
405,16.681,0.299,0.287,0.003,0.003,0.005,0,0.273,0.000,0.000,0,4,0,0
406,16.686,0.527,0.305,0.068,0.147,0.007,1,0.255,0.000,0.000,1,4,83,0
407,16.682,0.298,0.288,0.003,0.002,0.005,0,0.255,0.000,0.000,0,4,0,0
408,16.685,0.526,0.307,0.067,0.146,0.006,1,0.261,0.000,0.000,1,4,83,0
409,16.684,0.303,0.291,0.003,0.002,0.006,0,0.261,0.000,0.000,0,4,0,0
410,16.689,0.572,0.340,0.073,0.153,0.006,1,0.263,0.000,0.000,1,4,83,0
411,16.685,0.429,0.413,0.005,0.004,0.007,0,0.263,0.000,0.000,0,4,0,0
412,16.676,0.895,0.522,0.102,0.261,0.011,1,0.435,0.000,0.000,1,4,83,0
413,16.681,0.330,0.319,0.004,0.003,0.005,0,0.435,0.000,0.000,0,4,0,0
414,16.687,0.572,0.322,0.077,0.167,0.006,1,0.279,0.000,0.000,1,4,83,0
415,16.681,0.331,0.318,0.003,0.002,0.007,0,0.279,0.000,0.000,0,4,0,0
416,16.684,0.557,0.318,0.071,0.162,0.006,1,0.272,0.000,0.000,1,4,83,0
417,16.681,0.298,0.287,0.003,0.002,0.005,0,0.272,0.000,0.000,0,4,0,0
418,16.685,0.531,0.308,0.067,0.150,0.007,1,0.263,0.000,0.000,1,4,83,0
419,16.682,0.410,0.399,0.003,0.002,0.005,0,0.263,0.000,0.000,0,4,0,0
420,16.686,0.545,0.319,0.070,0.150,0.006,1,0.268,0.000,0.000,1,4,83,0
421,16.681,0.325,0.313,0.003,0.002,0.007,0,0.268,0.000,0.000,0,4,0,0
422,16.685,0.551,0.320,0.071,0.155,0.006,1,0.261,0.000,0.000,1,4,83,0
423,16.682,0.297,0.287,0.003,0.002,0.005,0,0.261,0.000,0.000,0,4,0,0
424,16.684,0.529,0.310,0.067,0.145,0.007,1,0.258,0.000,0.000,1,4,83,0
425,16.683,0.296,0.286,0.003,0.002,0.005,0,0.258,0.000,0.000,0,4,0,0
426,16.683,0.559,0.331,0.070,0.152,0.006,1,0.263,0.000,0.000,1,4,83,0
427,16.681,0.306,0.294,0.003,0.003,0.006,0,0.263,0.000,0.000,0,4,0,0
428,16.689,0.814,0.594,0.068,0.147,0.006,1,0.361,0.000,0.000,1,4,83,0
429,16.678,0.307,0.296,0.003,0.002,0.006,0,0.361,0.000,0.000,0,4,0,0
430,16.686,0.549,0.316,0.069,0.157,0.007,1,0.274,0.000,0.000,1,4,83,0
431,16.684,0.354,0.343,0.003,0.002,0.005,0,0.274,0.000,0.000,0,4,0,0
432,16.682,0.595,0.348,0.075,0.166,0.006,1,0.285,0.000,0.000,1,4,83,0
433,16.682,0.313,0.300,0.003,0.002,0.007,0,0.285,0.000,0.000,0,4,0,0
434,16.687,0.535,0.311,0.068,0.150,0.006,1,0.264,0.000,0.000,1,4,83,0
435,16.681,0.298,0.287,0.003,0.002,0.005,0,0.264,0.000,0.000,0,4,0,0
436,16.683,0.526,0.305,0.066,0.147,0.007,1,0.265,0.000,0.000,1,4,83,0
437,16.683,0.532,0.509,0.004,0.008,0.011,0,0.265,0.000,0.000,0,4,0,0
438,16.685,0.650,0.411,0.072,0.161,0.007,1,0.297,0.000,0.000,1,4,83,0
439,16.681,0.313,0.300,0.004,0.002,0.006,0,0.297,0.000,0.000,0,4,0,0
440,16.685,0.531,0.307,0.070,0.149,0.006,1,0.261,0.000,0.000,1,4,83,0
441,16.682,0.295,0.285,0.003,0.002,0.005,0,0.261,0.000,0.000,0,4,0,0
442,16.687,0.529,0.310,0.066,0.146,0.007,1,0.255,0.000,0.000,1,4,83,0
443,16.680,0.316,0.305,0.003,0.002,0.006,0,0.255,0.000,0.000,0,4,0,0
444,16.685,0.803,0.578,0.069,0.150,0.006,1,0.623,0.000,0.000,1,4,83,0
445,16.692,0.377,0.365,0.003,0.003,0.006,0,0.623,0.000,0.000,0,4,0,0
446,16.681,1.305,0.770,0.168,0.356,0.011,1,0.690,0.000,0.000,1,4,83,0
447,16.681,0.371,0.357,0.005,0.003,0.006,0,0.690,0.000,0.000,0,4,0,0
448,16.684,0.635,0.367,0.082,0.178,0.008,1,0.269,0.000,0.000,1,4,83,0
449,16.683,0.365,0.350,0.004,0.004,0.007,0,0.269,0.000,0.000,0,4,0,0
450,16.683,0.631,0.355,0.081,0.188,0.007,1,0.281,0.000,0.000,1,4,83,0
451,16.682,0.332,0.318,0.003,0.003,0.008,0,0.281,0.000,0.000,0,4,0,0
452,16.683,0.565,0.328,0.072,0.159,0.006,1,0.243,0.000,0.000,1,4,83,0
453,16.683,0.313,0.301,0.003,0.002,0.006,0,0.243,0.000,0.000,0,4,0,0
454,16.683,0.591,0.333,0.070,0.180,0.007,1,0.296,0.000,0.000,1,4,83,0
455,16.684,0.327,0.315,0.003,0.003,0.006,0,0.296,0.000,0.000,0,4,0,0
456,16.683,0.576,0.336,0.073,0.161,0.006,1,0.242,0.000,0.000,1,4,83,0
457,16.683,0.319,0.307,0.003,0.003,0.007,0,0.242,0.000,0.000,0,4,0,0
458,16.684,0.566,0.333,0.071,0.157,0.006,1,0.240,0.000,0.000,1,4,83,0
459,16.681,0.312,0.301,0.003,0.002,0.006,0,0.240,0.000,0.000,0,4,0,0
460,16.686,1.088,0.399,0.071,0.607,0.010,1,0.267,0.000,0.000,1,4,83,0
461,16.683,0.350,0.337,0.003,0.003,0.007,0,0.267,0.000,0.000,0,4,0,0
462,16.683,0.583,0.332,0.073,0.171,0.006,1,0.272,0.000,0.000,1,4,83,0
463,16.683,0.327,0.313,0.004,0.003,0.007,0,0.272,0.000,0.000,0,4,0,0
464,16.683,0.564,0.327,0.072,0.159,0.006,1,0.241,0.000,0.000,1,4,83,0
465,16.684,0.320,0.309,0.003,0.002,0.006,0,0.241,0.000,0.000,0,4,0,0
466,16.691,0.571,0.339,0.071,0.154,0.007,1,0.250,0.000,0.000,1,4,83,0
467,16.675,0.578,0.559,0.007,0.005,0.007,0,0.250,0.000,0.000,0,4,0,0
468,16.684,0.702,0.462,0.074,0.158,0.008,1,0.306,0.000,0.000,1,4,83,0
469,16.683,0.326,0.313,0.004,0.003,0.007,0,0.306,0.000,0.000,0,4,0,0
470,16.683,0.574,0.336,0.074,0.158,0.006,1,0.245,0.000,0.000,1,4,83,0
471,16.697,0.330,0.319,0.004,0.002,0.006,0,0.245,0.000,0.000,0,4,0,0
472,16.672,0.987,0.564,0.128,0.284,0.011,1,0.436,0.000,0.000,1,4,83,0
473,16.678,0.335,0.324,0.004,0.003,0.005,0,0.436,0.000,0.000,0,4,0,0
474,16.685,0.553,0.310,0.071,0.166,0.006,1,0.285,0.000,0.000,1,4,83,0
475,16.681,0.303,0.291,0.003,0.002,0.006,0,0.285,0.000,0.000,0,4,0,0
476,16.688,0.536,0.311,0.067,0.152,0.006,1,0.274,0.000,0.000,1,4,83,0
477,16.686,0.361,0.350,0.003,0.003,0.005,0,0.274,0.000,0.000,0,4,0,0
478,16.680,1.180,0.698,0.149,0.319,0.015,1,0.661,0.000,0.000,1,4,83,0
479,16.682,0.491,0.478,0.004,0.002,0.006,0,0.661,0.000,0.000,0,4,0,0
480,16.684,0.627,0.354,0.085,0.181,0.006,1,0.336,0.000,0.000,1,4,83,0
481,16.683,0.332,0.319,0.004,0.003,0.007,0,0.336,0.000,0.000,0,4,0,0
482,16.690,0.600,0.354,0.075,0.165,0.007,1,0.237,0.000,0.000,1,4,83,0
483,16.676,0.510,0.493,0.005,0.004,0.007,0,0.237,0.000,0.000,0,4,0,0
484,16.684,0.701,0.467,0.073,0.154,0.008,1,0.295,0.000,0.000,1,4,83,0
485,16.681,0.321,0.309,0.004,0.003,0.005,0,0.295,0.000,0.000,0,4,0,0
486,16.685,0.574,0.337,0.072,0.159,0.006,1,0.244,0.000,0.000,1,4,83,0
487,16.682,0.321,0.308,0.003,0.003,0.007,0,0.244,0.000,0.000,0,4,0,0
488,16.685,0.571,0.340,0.071,0.154,0.006,1,0.232,0.000,0.000,1,4,83,0
489,16.683,0.317,0.305,0.003,0.003,0.006,0,0.232,0.000,0.000,0,4,0,0
490,16.685,0.572,0.335,0.073,0.156,0.007,1,0.232,0.000,0.000,1,4,83,0
491,16.680,0.315,0.304,0.004,0.002,0.005,0,0.232,0.000,0.000,0,4,0,0
492,16.685,0.556,0.328,0.070,0.152,0.006,1,0.235,0.000,0.000,1,4,83,0
493,16.684,0.333,0.320,0.004,0.003,0.007,0,0.235,0.000,0.000,0,4,0,0
494,16.682,0.566,0.331,0.073,0.157,0.006,1,0.239,0.000,0.000,1,4,83,0
495,16.683,0.368,0.355,0.004,0.003,0.006,0,0.239,0.000,0.000,0,4,0,0
496,16.685,0.568,0.332,0.071,0.157,0.008,1,0.222,0.000,0.000,1,4,83,0
497,16.681,0.320,0.308,0.004,0.003,0.006,0,0.222,0.000,0.000,0,4,0,0
498,16.692,0.560,0.331,0.071,0.152,0.006,1,0.224,0.000,0.000,1,4,83,0
499,16.675,0.515,0.497,0.005,0.004,0.009,0,0.224,0.000,0.000,0,4,0,0
500,16.686,0.696,0.461,0.073,0.156,0.007,1,0.290,0.000,0.000,1,4,83,0
501,16.681,0.325,0.313,0.004,0.002,0.006,0,0.290,0.000,0.000,0,4,0,0
502,16.686,0.620,0.340,0.119,0.153,0.007,1,0.233,0.000,0.000,1,4,83,0
503,16.680,0.316,0.304,0.004,0.002,0.006,0,0.233,0.000,0.000,0,4,0,0
504,16.686,0.566,0.334,0.069,0.156,0.007,1,0.252,0.000,0.000,1,4,83,0
505,16.683,0.317,0.305,0.003,0.002,0.006,0,0.252,0.000,0.000,0,4,0,0
506,16.684,0.567,0.335,0.070,0.155,0.006,1,0.246,0.000,0.000,1,4,83,0
507,16.681,0.315,0.303,0.003,0.003,0.006,0,0.246,0.000,0.000,0,4,0,0
508,16.683,0.549,0.323,0.070,0.151,0.006,1,0.224,0.000,0.000,1,4,83,0
509,16.681,0.312,0.301,0.003,0.002,0.005,0,0.224,0.000,0.000,0,4,0,0
510,16.686,0.558,0.321,0.070,0.160,0.007,1,0.293,0.000,0.000,1,4,83,0
511,16.681,0.299,0.289,0.003,0.002,0.005,0,0.293,0.000,0.000,0,4,0,0
512,16.686,0.529,0.307,0.067,0.150,0.006,1,0.315,0.000,0.000,1,4,83,0
513,16.679,0.297,0.285,0.003,0.002,0.006,0,0.315,0.000,0.000,0,4,0,0
514,16.690,0.525,0.307,0.066,0.146,0.006,1,0.268,0.000,0.000,1,4,83,0
515,16.682,0.318,0.307,0.004,0.002,0.005,0,0.268,0.000,0.000,0,4,0,0
516,16.680,0.814,0.578,0.073,0.157,0.006,1,0.266,0.000,0.000,1,4,83,0
517,16.690,0.371,0.360,0.003,0.002,0.005,0,0.266,0.000,0.000,0,4,0,0
518,16.677,1.100,0.759,0.177,0.159,0.005,1,0.380,0.000,0.000,1,4,83,0
519,16.694,0.420,0.407,0.004,0.003,0.006,0,0.380,0.000,0.000,0,4,0,0
520,16.679,1.355,0.843,0.150,0.346,0.016,1,0.738,0.000,0.000,1,4,83,0
521,16.681,0.384,0.370,0.004,0.004,0.007,0,0.738,0.000,0.000,0,4,0,0
522,16.684,0.758,0.431,0.112,0.205,0.010,1,0.427,0.000,0.000,2,8,103,0
523,16.685,0.341,0.327,0.005,0.002,0.006,0,0.427,0.000,0.000,0,8,0,0
524,16.683,0.727,0.425,0.106,0.189,0.007,1,0.314,0.000,0.000,2,8,103,0
525,16.682,0.345,0.331,0.004,0.003,0.007,0,0.314,0.000,0.000,0,8,0,0
526,16.681,0.645,0.376,0.096,0.167,0.006,1,0.291,0.000,0.000,2,8,103,0
527,16.685,0.332,0.319,0.005,0.002,0.006,0,0.291,0.000,0.000,0,8,0,0
528,16.684,0.659,0.383,0.099,0.169,0.008,1,0.338,0.000,0.000,2,8,103,0
529,16.683,0.338,0.325,0.005,0.003,0.006,0,0.338,0.000,0.000,0,8,0,0
530,16.683,0.648,0.386,0.095,0.161,0.006,1,0.294,0.000,0.000,2,8,103,0
531,16.689,0.682,0.666,0.005,0.003,0.009,0,0.294,0.000,0.000,0,8,0,0
532,16.677,1.089,0.722,0.122,0.234,0.011,1,0.532,0.000,0.000,2,8,103,0
533,16.687,0.420,0.407,0.005,0.002,0.006,0,0.532,0.000,0.000,0,8,0,0
534,16.681,1.448,0.819,0.196,0.413,0.019,1,0.894,0.000,0.000,2,8,103,0
535,16.680,0.356,0.342,0.005,0.003,0.005,0,0.894,0.000,0.000,0,8,0,0
536,16.685,0.613,0.333,0.096,0.177,0.006,1,0.414,0.000,0.000,2,8,103,0
537,16.683,0.322,0.308,0.004,0.002,0.006,0,0.414,0.000,0.000,0,8,0,0
538,16.683,0.665,0.397,0.097,0.164,0.007,1,0.335,0.000,0.000,2,8,103,0
539,16.681,0.508,0.495,0.005,0.002,0.005,0,0.335,0.000,0.000,0,8,0,0
540,16.687,0.600,0.335,0.093,0.165,0.008,1,0.404,0.000,0.000,2,8,103,0
541,16.679,0.318,0.305,0.005,0.002,0.006,0,0.404,0.000,0.000,0,8,0,0
542,16.689,0.576,0.325,0.092,0.152,0.007,1,0.400,0.000,0.000,2,8,103,0
543,16.678,0.315,0.302,0.005,0.002,0.006,0,0.400,0.000,0.000,0,8,0,0
544,16.687,0.568,0.320,0.091,0.150,0.006,1,0.416,0.000,0.000,2,8,103,0
545,16.681,0.312,0.301,0.004,0.002,0.005,0,0.416,0.000,0.000,0,8,0,0
546,16.686,0.558,0.316,0.083,0.152,0.007,1,0.391,0.000,0.000,2,8,103,0
547,16.684,0.311,0.299,0.004,0.002,0.005,0,0.391,0.000,0.000,0,8,0,0
548,16.682,0.793,0.534,0.094,0.159,0.005,1,0.339,0.000,0.000,2,8,103,0
549,16.687,0.391,0.378,0.005,0.002,0.006,0,0.339,0.000,0.000,0,8,0,0
550,16.679,1.101,0.650,0.158,0.283,0.010,1,0.569,0.000,0.000,2,8,103,0
551,16.682,0.357,0.344,0.005,0.003,0.006,0,0.569,0.000,0.000,0,8,0,0
552,16.687,0.685,0.404,0.103,0.172,0.007,1,0.297,0.000,0.000,2,8,103,0
553,16.687,7.783,7.750,0.011,0.007,0.015,0,0.297,0.000,0.000,0,8,0,0
554,16.683,1.087,0.653,0.147,0.274,0.013,1,0.822,0.000,0.000,2,8,103,0
555,16.680,0.363,0.348,0.005,0.002,0.007,0,0.822,0.000,0.000,0,8,0,0
556,16.683,0.686,0.391,0.100,0.187,0.008,1,0.473,0.000,0.000,2,8,103,0
557,16.681,0.331,0.318,0.005,0.003,0.006,0,0.473,0.000,0.000,0,8,0,0
558,16.685,0.652,0.386,0.095,0.163,0.007,1,0.327,0.000,0.000,2,8,103,0
559,16.682,0.387,0.374,0.005,0.003,0.006,0,0.327,0.000,0.000,0,8,0,0
560,16.685,0.663,0.395,0.098,0.164,0.006,1,0.312,0.000,0.000,2,8,103,0
561,16.681,0.332,0.318,0.005,0.003,0.007,0,0.312,0.000,0.000,0,8,0,0
562,16.686,0.634,0.377,0.095,0.156,0.006,1,0.287,0.000,0.000,2,8,103,0
563,16.683,0.324,0.312,0.005,0.003,0.006,0,0.287,0.000,0.000,0,8,0,0
564,16.682,0.630,0.372,0.094,0.158,0.007,1,0.282,0.000,0.000,2,8,103,0
565,16.682,0.324,0.312,0.005,0.002,0.006,0,0.282,0.000,0.000,0,8,0,0
566,16.686,0.670,0.412,0.096,0.157,0.006,1,0.306,0.000,0.000,2,8,103,0
567,16.683,0.328,0.314,0.005,0.002,0.007,0,0.306,0.000,0.000,0,8,0,0
568,16.683,0.633,0.375,0.094,0.158,0.006,1,0.286,0.000,0.000,2,8,103,0
569,16.683,0.335,0.322,0.005,0.003,0.006,0,0.286,0.000,0.000,0,8,0,0
570,16.684,0.647,0.380,0.097,0.163,0.007,1,0.281,0.000,0.000,2,8,103,0
571,16.681,0.327,0.314,0.005,0.002,0.006,0,0.281,0.000,0.000,0,8,0,0
572,16.687,0.636,0.382,0.094,0.153,0.006,1,0.302,0.000,0.000,2,8,103,0
573,16.681,0.328,0.315,0.004,0.002,0.007,0,0.302,0.000,0.000,0,8,0,0
574,16.683,0.889,0.637,0.092,0.153,0.006,1,0.283,0.000,0.000,2,8,103,0
575,16.690,0.413,0.400,0.005,0.003,0.005,0,0.283,0.000,0.000,0,8,0,0
576,16.679,1.328,0.750,0.204,0.361,0.013,1,0.656,0.000,0.000,2,8,103,0
577,16.680,0.379,0.365,0.005,0.003,0.006,0,0.656,0.000,0.000,0,8,0,0
578,16.685,0.688,0.398,0.103,0.181,0.006,1,0.351,0.000,0.000,2,8,103,0
579,16.683,0.329,0.316,0.004,0.003,0.007,0,0.351,0.000,0.000,0,8,0,0
580,16.685,0.720,0.429,0.102,0.181,0.008,1,0.323,0.000,0.000,2,8,103,0
581,16.682,0.335,0.322,0.005,0.002,0.006,0,0.323,0.000,0.000,0,8,0,0
582,16.686,0.717,0.450,0.097,0.162,0.007,1,0.300,0.000,0.000,2,8,103,0
583,16.681,0.337,0.324,0.005,0.003,0.006,0,0.300,0.000,0.000,0,8,0,0
584,16.685,0.647,0.381,0.096,0.163,0.006,1,0.297,0.000,0.000,2,8,103,0
585,16.687,0.333,0.319,0.005,0.002,0.007,0,0.297,0.000,0.000,0,8,0,0
586,16.678,1.176,0.790,0.127,0.249,0.010,1,0.579,0.000,0.000,2,8,103,0
587,16.683,0.377,0.365,0.005,0.002,0.005,0,0.579,0.000,0.000,0,8,0,0
588,16.685,0.965,0.554,0.136,0.224,0.052,1,0.579,0.000,0.000,2,8,103,0
589,16.678,0.322,0.310,0.005,0.002,0.005,0,0.579,0.000,0.000,0,8,0,0
590,16.688,0.586,0.329,0.095,0.155,0.007,1,0.408,0.000,0.000,2,8,103,0
591,16.692,0.333,0.320,0.004,0.002,0.006,0,0.408,0.000,0.000,0,8,0,0
592,16.681,1.193,0.785,0.152,0.245,0.011,1,0.669,0.000,0.000,2,8,103,0
593,16.673,0.356,0.342,0.005,0.003,0.006,0,0.669,0.000,0.000,0,8,0,0
594,16.686,0.684,0.401,0.098,0.177,0.009,1,0.489,0.000,0.000,2,8,103,0
595,16.682,0.318,0.306,0.004,0.002,0.005,0,0.489,0.000,0.000,0,8,0,0
596,16.685,0.584,0.328,0.092,0.157,0.007,1,0.402,0.000,0.000,2,8,103,0
597,16.681,0.315,0.303,0.004,0.002,0.006,0,0.402,0.000,0.000,0,8,0,0
598,16.686,0.555,0.309,0.085,0.153,0.007,1,0.391,0.000,0.000,2,8,103,0
599,16.682,0.460,0.446,0.005,0.003,0.006,0,0.391,0.000,0.000,0,8,0,0
600,16.686,0.603,0.333,0.095,0.166,0.008,1,0.484,0.000,0.000,2,8,103,0
601,16.679,0.369,0.356,0.004,0.002,0.006,0,0.484,0.000,0.000,0,8,0,0
602,16.686,0.593,0.331,0.092,0.161,0.009,1,0.407,0.000,0.000,2,8,103,0
603,16.681,0.310,0.298,0.004,0.002,0.005,0,0.407,0.000,0.000,0,8,0,0
604,16.688,0.624,0.375,0.091,0.152,0.006,1,0.513,0.000,0.000,2,8,103,0
605,16.678,0.313,0.300,0.005,0.002,0.006,0,0.513,0.000,0.000,0,8,0,0
606,16.689,0.568,0.321,0.089,0.151,0.006,1,0.457,0.000,0.000,2,8,103,0
607,16.678,0.310,0.298,0.004,0.002,0.005,0,0.457,0.000,0.000,0,8,0,0
608,16.687,0.570,0.325,0.088,0.149,0.008,1,0.411,0.000,0.000,2,8,103,0
609,16.681,0.314,0.302,0.005,0.002,0.006,0,0.411,0.000,0.000,0,8,0,0
610,16.682,0.650,0.389,0.095,0.158,0.007,1,0.346,0.000,0.000,2,8,103,0
611,16.683,0.314,0.300,0.005,0.002,0.006,0,0.346,0.000,0.000,0,8,0,0
612,16.686,0.628,0.320,0.091,0.211,0.006,1,0.342,0.000,0.000,2,8,103,0
613,16.682,0.793,0.759,0.004,0.025,0.006,0,0.342,0.000,0.000,0,4,0,0
614,16.696,14.250,13.652,0.174,0.406,0.018,1,0.314,0.000,0.000,1,4,74,0
615,16.674,5.048,4.993,0.009,0.035,0.011,0,0.314,0.000,0.000,0,4,0,0
616,16.687,1.843,0.788,0.814,0.226,0.014,1,2.391,0.000,0.000,2,276,107,0
617,16.679,0.636,0.559,0.064,0.004,0.010,0,2.391,0.000,0.000,0,276,0,0
618,16.688,1.019,0.595,0.167,0.250,0.007,1,0.686,0.000,0.000,2,276,102,0
619,16.678,0.505,0.435,0.062,0.003,0.006,0,0.686,0.000,0.000,0,276,0,0
620,16.690,0.757,0.460,0.120,0.170,0.007,1,0.502,0.000,0.000,2,276,102,0
621,16.676,0.681,0.598,0.069,0.005,0.009,0,0.502,0.000,0.000,0,276,0,0
622,16.686,0.842,0.547,0.122,0.164,0.009,1,0.550,0.000,0.000,2,276,102,0
623,16.680,0.542,0.471,0.062,0.003,0.006,0,0.550,0.000,0.000,0,276,0,0
624,16.687,0.786,0.498,0.126,0.158,0.006,1,0.519,0.000,0.000,2,276,102,0
625,16.680,0.486,0.416,0.062,0.002,0.006,0,0.519,0.000,0.000,0,276,0,0
626,16.688,0.742,0.457,0.116,0.162,0.007,1,0.493,0.000,0.000,2,276,102,0
627,16.679,0.498,0.427,0.063,0.002,0.006,0,0.493,0.000,0.000,0,276,0,0
628,16.686,0.730,0.444,0.119,0.160,0.006,1,0.506,0.000,0.000,2,276,102,0
629,16.679,0.485,0.414,0.062,0.002,0.007,0,0.506,0.000,0.000,0,276,0,0
630,16.687,0.784,0.500,0.123,0.155,0.006,1,0.505,0.000,0.000,2,276,102,0
631,16.683,0.484,0.414,0.062,0.002,0.006,0,0.505,0.000,0.000,0,276,0,0
632,16.684,0.756,0.466,0.121,0.162,0.008,1,0.494,0.000,0.000,2,276,102,0
633,16.680,0.683,0.605,0.065,0.006,0.008,0,0.494,0.000,0.000,0,276,0,0
634,16.686,0.879,0.601,0.115,0.156,0.007,1,0.495,0.000,0.000,2,276,102,0
635,16.680,0.493,0.422,0.062,0.002,0.006,0,0.495,0.000,0.000,0,276,0,0
636,16.688,0.766,0.488,0.121,0.150,0.007,1,0.462,0.000,0.000,2,276,102,0
637,16.682,0.481,0.412,0.062,0.002,0.005,0,0.462,0.000,0.000,0,276,0,0
638,16.685,0.767,0.475,0.117,0.168,0.007,1,0.440,0.000,0.000,2,276,102,0
639,16.679,0.482,0.412,0.062,0.002,0.006,0,0.440,0.000,0.000,0,276,0,0
640,16.687,0.713,0.438,0.114,0.155,0.006,1,0.421,0.000,0.000,2,276,102,0
641,16.680,0.483,0.412,0.062,0.002,0.006,0,0.421,0.000,0.000,0,276,0,0
642,16.698,0.777,0.499,0.121,0.151,0.006,1,0.435,0.000,0.000,2,276,102,0
643,16.669,0.739,0.662,0.065,0.005,0.008,0,0.435,0.000,0.000,0,276,0,0
644,16.685,0.920,0.638,0.119,0.154,0.010,1,0.444,0.000,0.000,2,276,102,0
645,16.681,0.487,0.417,0.062,0.002,0.005,0,0.444,0.000,0.000,0,276,0,0
646,16.689,0.696,0.435,0.104,0.151,0.006,1,0.415,0.000,0.000,1,272,83,0
647,16.677,0.479,0.410,0.061,0.002,0.006,0,0.415,0.000,0.000,0,272,0,0
648,16.689,0.751,0.489,0.104,0.152,0.006,1,0.396,0.000,0.000,1,272,83,0
649,16.678,0.491,0.422,0.061,0.002,0.006,0,0.396,0.000,0.000,0,272,0,0
650,16.689,0.810,0.560,0.086,0.157,0.007,1,0.397,0.000,0.000,1,272,83,0
651,16.681,0.481,0.413,0.061,0.002,0.005,0,0.397,0.000,0.000,0,272,0,0
652,16.686,0.690,0.444,0.087,0.153,0.005,1,0.585,0.000,0.000,1,272,83,0
653,16.679,0.585,0.509,0.062,0.004,0.010,0,0.585,0.000,0.000,0,272,0,0
654,16.688,0.903,0.539,0.128,0.230,0.006,1,0.605,0.000,0.000,1,272,83,0
655,16.678,0.517,0.448,0.061,0.003,0.006,0,0.605,0.000,0.000,0,272,0,0
656,16.689,0.763,0.467,0.114,0.175,0.007,1,0.445,0.000,0.000,1,272,83,0
657,16.678,0.482,0.414,0.061,0.002,0.005,0,0.445,0.000,0.000,0,272,0,0
658,16.688,0.701,0.439,0.104,0.152,0.006,1,0.406,0.000,0.000,1,272,83,0
659,16.681,0.606,0.537,0.061,0.002,0.007,0,0.406,0.000,0.000,0,272,0,0
660,16.686,0.788,0.512,0.106,0.164,0.006,1,0.435,0.000,0.000,1,272,83,0
661,16.677,0.481,0.412,0.061,0.002,0.005,0,0.435,0.000,0.000,0,272,0,0
662,16.685,0.701,0.443,0.102,0.149,0.007,1,0.398,0.000,0.000,1,272,83,0
663,16.681,0.478,0.410,0.061,0.002,0.005,0,0.398,0.000,0.000,0,272,0,0
664,16.689,0.701,0.442,0.104,0.149,0.006,1,0.399,0.000,0.000,1,272,83,0
665,16.681,0.480,0.411,0.061,0.002,0.007,0,0.399,0.000,0.000,0,272,0,0
666,16.687,1.200,0.921,0.111,0.159,0.008,1,0.514,0.000,0.000,1,272,83,0
667,16.677,0.529,0.460,0.061,0.002,0.006,0,0.514,0.000,0.000,0,272,0,0
668,16.687,0.708,0.444,0.101,0.156,0.007,1,0.404,0.000,0.000,1,272,83,0
669,16.678,0.737,0.652,0.066,0.007,0.012,0,0.404,0.000,0.000,0,272,0,0
670,16.691,0.823,0.561,0.104,0.152,0.007,1,0.450,0.000,0.000,1,272,83,0
671,16.677,0.511,0.441,0.061,0.003,0.007,0,0.450,0.000,0.000,0,272,0,0
672,16.687,0.719,0.447,0.108,0.157,0.006,1,0.411,0.000,0.000,1,272,83,0
673,16.679,0.480,0.410,0.061,0.003,0.006,0,0.411,0.000,0.000,0,272,0,0
674,16.687,0.703,0.442,0.102,0.151,0.008,1,0.394,0.000,0.000,1,272,83,0
675,16.680,0.477,0.408,0.061,0.002,0.005,0,0.394,0.000,0.000,0,272,0,0
676,16.688,0.691,0.435,0.102,0.150,0.006,1,0.390,0.000,0.000,1,272,83,0
677,16.679,0.493,0.422,0.061,0.003,0.007,0,0.390,0.000,0.000,0,272,0,0
678,16.687,0.718,0.445,0.110,0.157,0.006,1,0.392,0.000,0.000,1,272,83,0
679,16.680,0.480,0.411,0.061,0.002,0.006,0,0.392,0.000,0.000,0,272,0,0
680,16.688,0.696,0.438,0.100,0.152,0.007,1,0.391,0.000,0.000,1,272,83,0
681,16.681,0.475,0.407,0.061,0.002,0.005,0,0.391,0.000,0.000,0,272,0,0
682,16.690,1.560,1.032,0.109,0.407,0.012,1,0.609,0.000,0.000,1,272,83,0
683,16.676,0.651,0.578,0.064,0.003,0.007,0,0.609,0.000,0.000,0,272,0,0
684,16.685,0.941,0.613,0.109,0.209,0.011,1,0.519,0.000,0.000,1,272,83,0
685,16.680,0.487,0.418,0.061,0.002,0.006,0,0.519,0.000,0.000,0,272,0,0
686,16.689,0.713,0.446,0.104,0.156,0.007,1,0.414,0.000,0.000,1,272,83,0
687,16.680,0.535,0.467,0.061,0.002,0.006,0,0.414,0.000,0.000,0,272,0,0
688,16.684,0.730,0.459,0.105,0.160,0.007,1,0.398,0.000,0.000,1,272,83,0
689,16.681,0.488,0.419,0.060,0.002,0.006,0,0.398,0.000,0.000,0,272,0,0
690,16.686,0.697,0.437,0.101,0.153,0.006,1,0.399,0.000,0.000,1,272,83,0
691,16.679,0.476,0.408,0.060,0.002,0.006,0,0.399,0.000,0.000,0,272,0,0
692,16.685,0.749,0.430,0.100,0.211,0.009,1,0.423,0.000,0.000,1,272,83,0
693,16.682,0.477,0.409,0.061,0.002,0.005,0,0.423,0.000,0.000,0,272,0,0
694,16.686,0.686,0.431,0.101,0.148,0.006,1,0.396,0.000,0.000,1,272,83,0
695,16.681,0.484,0.415,0.061,0.002,0.006,0,0.396,0.000,0.000,0,272,0,0
696,16.688,0.697,0.442,0.100,0.149,0.006,1,0.398,0.000,0.000,1,272,83,0
697,16.680,0.472,0.403,0.061,0.002,0.005,0,0.398,0.000,0.000,0,272,0,0
698,16.696,0.704,0.444,0.101,0.153,0.007,1,0.716,0.000,0.000,1,272,83,0
699,16.674,0.594,0.523,0.061,0.003,0.007,0,0.716,0.000,0.000,0,272,0,0
700,16.685,1.187,0.715,0.185,0.275,0.012,1,0.627,0.000,0.000,1,272,83,0
701,16.680,0.527,0.456,0.061,0.003,0.007,0,0.627,0.000,0.000,0,272,0,0
702,16.685,0.770,0.473,0.115,0.175,0.006,1,0.382,0.000,0.000,1,272,83,0
703,16.681,0.506,0.436,0.061,0.002,0.007,0,0.382,0.000,0.000,0,272,0,0
704,16.690,0.752,0.465,0.109,0.171,0.007,1,0.361,0.000,0.000,1,272,83,0
705,16.680,0.672,0.597,0.063,0.004,0.007,0,0.361,0.000,0.000,0,272,0,0
706,16.683,0.867,0.588,0.107,0.163,0.009,1,0.415,0.000,0.000,1,272,83,0
707,16.683,0.497,0.427,0.061,0.003,0.006,0,0.415,0.000,0.000,0,272,0,0
708,16.684,0.738,0.462,0.106,0.164,0.007,1,0.362,0.000,0.000,1,272,83,0
709,16.682,0.491,0.421,0.061,0.002,0.007,0,0.362,0.000,0.000,0,272,0,0
710,16.684,0.729,0.457,0.104,0.161,0.007,1,0.400,0.000,0.000,1,272,83,0
711,16.682,0.506,0.436,0.061,0.003,0.006,0,0.400,0.000,0.000,0,272,0,0
712,16.690,0.761,0.471,0.109,0.173,0.008,1,0.409,0.000,0.000,1,272,83,0
713,16.678,0.645,0.567,0.063,0.006,0.009,0,0.409,0.000,0.000,0,272,0,0
714,16.684,1.326,0.495,0.140,0.684,0.007,1,0.426,0.000,0.000,1,272,83,0
715,16.682,0.519,0.448,0.062,0.003,0.007,0,0.426,0.000,0.000,0,272,0,0
716,16.685,0.770,0.473,0.113,0.177,0.007,1,0.398,0.000,0.000,1,272,83,0
717,16.683,0.503,0.434,0.061,0.002,0.006,0,0.398,0.000,0.000,0,272,0,0
718,16.682,0.742,0.458,0.107,0.168,0.009,1,0.370,0.000,0.000,1,272,83,0
719,16.683,0.616,0.546,0.061,0.002,0.006,0,0.370,0.000,0.000,0,272,0,0
720,16.693,0.758,0.470,0.111,0.171,0.007,1,0.374,0.000,0.000,1,272,83,0
721,16.674,0.757,0.676,0.065,0.006,0.010,0,0.374,0.000,0.000,0,272,0,0
722,16.683,0.879,0.591,0.111,0.169,0.008,1,0.458,0.000,0.000,1,272,83,0
723,16.683,0.502,0.432,0.061,0.003,0.006,0,0.458,0.000,0.000,0,272,0,0
724,16.683,0.744,0.463,0.108,0.165,0.009,1,0.370,0.000,0.000,1,272,83,0
725,16.682,0.487,0.419,0.061,0.002,0.006,0,0.370,0.000,0.000,0,272,0,0
726,16.686,0.728,0.459,0.105,0.157,0.007,1,0.367,0.000,0.000,1,272,83,0
727,16.681,0.497,0.427,0.060,0.002,0.007,0,0.367,0.000,0.000,0,272,0,0
728,16.684,0.731,0.459,0.105,0.160,0.007,1,0.401,0.000,0.000,1,272,83,0
729,16.681,0.487,0.418,0.061,0.002,0.006,0,0.401,0.000,0.000,0,272,0,0
730,16.686,0.733,0.458,0.104,0.162,0.008,1,0.559,0.000,0.000,1,272,83,0
731,16.681,0.490,0.421,0.061,0.002,0.006,0,0.559,0.000,0.000,0,272,0,0
732,16.685,0.722,0.454,0.104,0.156,0.007,1,0.345,0.000,0.000,1,272,83,0
733,16.684,0.497,0.427,0.060,0.002,0.007,0,0.345,0.000,0.000,0,272,0,0
734,16.694,0.730,0.460,0.103,0.160,0.007,1,0.379,0.000,0.000,1,272,83,0
735,16.795,0.773,0.693,0.064,0.006,0.010,0,0.379,0.000,0.000,0,272,0,0
736,16.606,1.460,0.883,0.187,0.369,0.021,1,1.065,0.000,0.000,1,272,83,0
737,16.659,1.374,1.287,0.066,0.006,0.014,0,1.065,0.000,0.000,0,272,0,0
738,16.675,1.462,0.858,0.194,0.391,0.019,1,0.909,0.000,0.000,1,272,83,0
739,16.686,0.686,0.607,0.064,0.005,0.011,0,0.909,0.000,0.000,0,272,0,0
740,16.684,1.102,0.626,0.160,0.307,0.009,1,0.683,0.000,0.000,1,272,83,0
741,16.667,0.562,0.490,0.062,0.003,0.007,0,0.683,0.000,0.000,0,272,0,0
742,16.688,0.805,0.470,0.122,0.205,0.008,1,0.501,0.000,0.000,1,272,83,0
743,16.683,0.522,0.452,0.061,0.003,0.006,0,0.501,0.000,0.000,0,272,0,0
744,16.682,0.805,0.495,0.120,0.183,0.008,1,0.453,0.000,0.000,1,272,83,0
745,16.678,0.511,0.439,0.061,0.003,0.007,0,0.453,0.000,0.000,0,272,0,0
746,16.688,1.736,1.413,0.106,0.207,0.010,1,0.647,0.000,0.000,1,272,83,0
747,16.684,0.526,0.456,0.061,0.003,0.006,0,0.647,0.000,0.000,0,272,0,0
748,16.684,1.664,1.362,0.120,0.174,0.008,1,0.463,0.000,0.000,1,272,83,0
749,16.682,0.533,0.463,0.061,0.003,0.006,0,0.463,0.000,0.000,0,272,0,0
750,16.689,1.518,1.089,0.111,0.303,0.014,1,0.435,0.000,0.000,1,272,83,0
751,16.682,1.039,0.961,0.068,0.003,0.007,0,0.435,0.000,0.000,0,272,0,0
752,16.682,1.104,0.696,0.183,0.218,0.006,1,0.353,0.000,0.000,1,272,83,0
753,16.675,0.683,0.614,0.062,0.003,0.005,0,0.353,0.000,0.000,0,272,0,0
754,16.690,0.999,0.697,0.119,0.176,0.007,1,0.319,0.000,0.000,1,272,83,0
755,16.682,0.564,0.493,0.062,0.003,0.005,0,0.319,0.000,0.000,0,272,0,0
756,16.688,1.091,0.694,0.134,0.249,0.015,1,0.652,0.000,0.000,1,272,83,0
757,16.681,0.537,0.465,0.061,0.003,0.007,0,0.652,0.000,0.000,0,272,0,0
758,16.709,1.905,1.527,0.138,0.230,0.010,1,0.523,0.000,0.000,1,272,83,0
759,16.697,0.703,0.626,0.063,0.005,0.009,0,0.523,0.000,0.000,0,272,0,0
760,16.666,1.060,0.613,0.155,0.282,0.011,1,0.685,0.000,0.000,1,272,83,0
761,16.662,0.608,0.535,0.062,0.003,0.008,0,0.685,0.000,0.000,0,272,0,0
762,16.690,1.852,1.458,0.125,0.259,0.009,1,0.660,0.000,0.000,1,272,83,0
763,16.674,0.554,0.482,0.062,0.003,0.007,0,0.660,0.000,0.000,0,272,0,0
764,16.702,1.695,1.341,0.158,0.190,0.007,1,0.451,0.000,0.000,1,272,83,0
765,16.666,0.571,0.498,0.063,0.003,0.007,0,0.451,0.000,0.000,0,272,0,0
766,16.692,1.731,1.395,0.123,0.205,0.008,1,0.428,0.000,0.000,1,272,83,0
767,16.696,0.582,0.511,0.062,0.003,0.006,0,0.428,0.000,0.000,0,272,0,0
768,16.666,1.055,0.598,0.212,0.235,0.009,1,0.755,0.000,0.000,1,272,83,0
769,16.695,0.878,0.804,0.062,0.004,0.008,0,0.755,0.000,0.000,0,272,0,0
770,16.668,1.115,0.761,0.129,0.218,0.007,1,0.402,0.000,0.000,1,272,83,0
771,16.711,0.764,0.694,0.061,0.003,0.006,0,0.402,0.000,0.000,0,272,0,0
772,16.667,1.633,1.073,0.194,0.351,0.015,1,0.515,0.000,0.000,1,272,83,0
773,16.672,0.949,0.867,0.066,0.005,0.010,0,0.515,0.000,0.000,0,272,0,0
774,16.682,1.300,0.811,0.150,0.328,0.011,1,0.668,0.000,0.000,1,272,83,0
775,16.686,0.579,0.509,0.061,0.003,0.006,0,0.668,0.000,0.000,0,272,0,0
776,16.683,1.510,0.918,0.186,0.385,0.021,1,0.872,0.000,0.000,1,272,83,0
777,16.676,0.533,0.462,0.061,0.003,0.007,0,0.872,0.000,0.000,0,272,0,0
778,16.685,0.747,0.446,0.113,0.181,0.008,1,0.434,0.000,0.000,1,272,83,0
779,16.680,0.677,0.607,0.062,0.002,0.006,0,0.434,0.000,0.000,0,272,0,0
780,16.689,0.729,0.451,0.107,0.165,0.006,1,0.448,0.000,0.000,1,272,83,0
781,16.677,0.484,0.414,0.061,0.003,0.007,0,0.448,0.000,0.000,0,272,0,0
782,16.687,0.709,0.442,0.103,0.158,0.006,1,0.409,0.000,0.000,1,272,83,0
783,16.681,0.486,0.417,0.061,0.002,0.005,0,0.409,0.000,0.000,0,272,0,0
784,16.686,0.708,0.442,0.101,0.157,0.007,1,0.410,0.000,0.000,1,272,83,0
785,16.683,0.479,0.410,0.061,0.002,0.005,0,0.410,0.000,0.000,0,272,0,0
786,16.681,0.924,0.653,0.106,0.160,0.005,1,0.357,0.000,0.000,1,272,83,0
787,16.690,0.532,0.463,0.061,0.002,0.006,0,0.357,0.000,0.000,0,272,0,0
788,16.708,1.237,0.767,0.155,0.304,0.011,1,0.559,0.000,0.000,1,272,83,0
789,16.676,0.689,0.613,0.063,0.004,0.009,0,0.559,0.000,0.000,0,272,0,0
790,16.689,1.226,0.728,0.160,0.323,0.015,1,0.755,0.000,0.000,1,272,83,0
791,16.663,0.688,0.610,0.065,0.005,0.009,0,0.755,0.000,0.000,0,272,0,0
792,16.681,0.924,0.519,0.149,0.249,0.008,1,0.590,0.000,0.000,1,272,83,0
793,16.700,0.548,0.476,0.061,0.003,0.007,0,0.590,0.000,0.000,0,272,0,0
794,16.687,2.134,1.672,0.148,0.303,0.011,1,0.826,0.000,0.000,1,272,83,0
795,16.689,1.085,1.002,0.064,0.006,0.014,0,0.826,0.000,0.000,0,272,0,0
796,16.667,1.252,0.698,0.194,0.348,0.012,1,0.867,0.000,0.000,1,272,83,0
797,17.085,1.067,0.987,0.063,0.006,0.010,0,0.867,0.000,0.000,0,272,0,0
798,16.274,1.437,0.781,0.155,0.489,0.012,1,0.716,0.000,0.000,1,272,83,0
799,16.683,0.560,0.486,0.062,0.003,0.008,0,0.716,0.000,0.000,0,272,0,0
800,16.681,1.067,0.640,0.142,0.275,0.010,1,0.668,0.000,0.000,1,272,83,0
801,16.678,0.811,0.739,0.061,0.003,0.007,0,0.668,0.000,0.000,0,272,0,0
802,16.683,0.985,0.679,0.115,0.183,0.008,1,0.389,0.000,0.000,1,272,83,0
803,16.692,0.542,0.473,0.062,0.002,0.004,0,0.389,0.000,0.000,0,272,0,0
804,16.683,1.531,0.911,0.195,0.405,0.020,1,0.774,0.000,0.000,1,272,83,0
805,16.682,0.548,0.477,0.062,0.003,0.006,0,0.774,0.000,0.000,0,272,0,0
806,16.680,0.807,0.488,0.119,0.192,0.007,1,0.396,0.000,0.000,1,272,83,0
807,16.690,0.508,0.437,0.061,0.002,0.007,0,0.396,0.000,0.000,0,272,0,0
808,16.674,1.231,0.854,0.134,0.233,0.010,1,0.510,0.000,0.000,1,272,83,0
809,16.684,0.521,0.452,0.062,0.002,0.004,0,0.510,0.000,0.000,0,272,0,0
810,16.687,1.106,0.744,0.133,0.220,0.009,1,0.501,0.000,0.000,1,272,83,0
811,16.682,0.514,0.443,0.061,0.003,0.006,0,0.501,0.000,0.000,0,272,0,0
812,16.682,0.737,0.457,0.107,0.166,0.007,1,0.359,0.000,0.000,1,272,83,0
813,16.683,0.496,0.426,0.061,0.002,0.007,0,0.359,0.000,0.000,0,272,0,0
814,16.685,0.733,0.459,0.105,0.163,0.006,1,0.510,0.000,0.000,1,272,83,0
815,16.683,0.503,0.433,0.061,0.003,0.006,0,0.510,0.000,0.000,0,272,0,0
816,16.682,0.750,0.468,0.107,0.165,0.009,1,0.354,0.000,0.000,1,272,83,0
817,16.684,0.491,0.421,0.061,0.003,0.006,0,0.354,0.000,0.000,0,272,0,0
818,16.684,0.734,0.459,0.106,0.162,0.008,1,0.363,0.000,0.000,1,272,83,0
819,16.689,0.505,0.435,0.061,0.003,0.006,0,0.363,0.000,0.000,0,272,0,0
820,16.691,1.945,1.557,0.131,0.246,0.011,1,0.547,0.000,0.000,1,272,83,0
821,16.672,0.660,0.580,0.064,0.005,0.011,0,0.547,0.000,0.000,0,272,0,0
822,16.683,1.053,0.520,0.152,0.372,0.009,1,0.730,0.000,0.000,1,272,83,0
823,16.679,0.505,0.435,0.061,0.003,0.006,0,0.730,0.000,0.000,0,272,0,0
824,16.689,0.732,0.455,0.095,0.175,0.007,1,0.426,0.000,0.000,1,272,83,0
825,16.678,0.494,0.423,0.062,0.003,0.007,0,0.426,0.000,0.000,0,272,0,0
826,16.689,0.701,0.434,0.104,0.157,0.006,1,0.425,0.000,0.000,1,272,83,0
827,16.678,0.496,0.427,0.061,0.003,0.006,0,0.425,0.000,0.000,0,272,0,0
828,16.687,0.735,0.451,0.107,0.170,0.007,1,0.404,0.000,0.000,1,272,83,0
829,16.679,0.477,0.409,0.060,0.002,0.005,0,0.404,0.000,0.000,0,272,0,0
830,16.689,0.699,0.440,0.101,0.152,0.006,1,0.406,0.000,0.000,1,272,83,0
831,16.677,0.484,0.415,0.061,0.002,0.006,0,0.406,0.000,0.000,0,272,0,0
832,16.702,0.705,0.451,0.100,0.148,0.006,1,0.399,0.000,0.000,1,272,83,0
833,16.679,0.652,0.575,0.064,0.005,0.010,0,0.399,0.000,0.000,0,272,0,0
834,16.672,1.329,0.886,0.147,0.283,0.012,1,0.491,0.000,0.000,1,272,83,0
835,16.693,0.568,0.498,0.062,0.003,0.005,0,0.491,0.000,0.000,0,272,0,0
836,16.677,1.479,0.887,0.182,0.394,0.015,1,0.813,0.000,0.000,1,272,83,0
837,16.683,0.531,0.459,0.062,0.003,0.007,0,0.813,0.000,0.000,0,272,0,0
838,16.682,0.818,0.500,0.117,0.194,0.007,1,0.316,0.000,0.000,1,272,83,0
839,16.681,0.619,0.551,0.061,0.002,0.006,0,0.316,0.000,0.000,0,272,0,0
840,16.687,0.885,0.590,0.113,0.174,0.009,1,0.457,0.000,0.000,1,272,83,0
841,16.678,0.489,0.420,0.061,0.002,0.006,0,0.457,0.000,0.000,0,272,0,0
842,16.686,0.718,0.442,0.105,0.165,0.006,1,0.416,0.000,0.000,1,272,83,0
843,16.680,0.487,0.417,0.061,0.002,0.007,0,0.416,0.000,0.000,0,272,0,0
844,16.687,0.696,0.437,0.101,0.152,0.006,1,0.409,0.000,0.000,1,272,83,0
845,16.679,0.474,0.406,0.061,0.002,0.005,0,0.409,0.000,0.000,0,272,0,0
846,16.688,0.698,0.439,0.101,0.151,0.007,1,0.397,0.000,0.000,1,272,83,0
847,16.679,0.474,0.406,0.061,0.002,0.005,0,0.397,0.000,0.000,0,272,0,0
848,16.689,0.689,0.429,0.101,0.153,0.006,1,0.398,0.000,0.000,1,272,83,0
849,16.682,0.514,0.444,0.061,0.003,0.007,0,0.398,0.000,0.000,0,272,0,0
850,16.684,0.759,0.467,0.110,0.174,0.007,1,0.399,0.000,0.000,1,272,83,0
851,16.682,0.493,0.423,0.061,0.002,0.006,0,0.399,0.000,0.000,0,272,0,0
852,16.685,0.747,0.468,0.106,0.166,0.008,1,0.365,0.000,0.000,1,272,83,0
853,16.682,0.489,0.421,0.061,0.002,0.005,0,0.365,0.000,0.000,0,272,0,0
854,16.684,0.731,0.454,0.105,0.165,0.007,1,0.367,0.000,0.000,1,272,83,0
855,16.684,0.498,0.428,0.061,0.003,0.007,0,0.367,0.000,0.000,0,272,0,0
856,16.681,1.500,1.040,0.158,0.290,0.012,1,0.536,0.000,0.000,1,272,83,0
857,16.685,0.633,0.563,0.062,0.003,0.005,0,0.536,0.000,0.000,0,272,0,0
858,16.684,0.976,0.634,0.123,0.207,0.012,1,0.491,0.000,0.000,1,272,83,0
859,16.681,0.502,0.433,0.061,0.003,0.006,0,0.491,0.000,0.000,0,272,0,0
860,16.685,0.748,0.464,0.108,0.169,0.007,1,0.366,0.000,0.000,1,272,83,0
861,16.681,0.496,0.426,0.061,0.003,0.007,0,0.366,0.000,0.000,0,272,0,0
862,16.685,0.722,0.454,0.105,0.156,0.007,1,0.392,0.000,0.000,1,272,83,0
863,16.681,0.492,0.423,0.061,0.002,0.006,0,0.392,0.000,0.000,0,272,0,0
864,16.687,0.735,0.461,0.104,0.161,0.008,1,0.370,0.000,0.000,1,272,83,0
865,16.683,0.495,0.425,0.062,0.002,0.006,0,0.370,0.000,0.000,0,272,0,0
866,16.682,0.736,0.465,0.105,0.160,0.007,1,0.395,0.000,0.000,1,272,83,0
867,16.685,0.494,0.424,0.061,0.002,0.006,0,0.395,0.000,0.000,0,272,0,0
868,16.683,0.724,0.452,0.105,0.160,0.007,1,0.364,0.000,0.000,1,272,83,0
869,16.683,0.489,0.420,0.061,0.002,0.006,0,0.364,0.000,0.000,0,272,0,0
870,16.682,0.729,0.456,0.104,0.160,0.008,1,0.351,0.000,0.000,1,272,83,0
871,16.685,0.493,0.424,0.061,0.002,0.006,0,0.351,0.000,0.000,0,272,0,0
872,16.682,1.318,0.909,0.151,0.247,0.010,1,0.488,0.000,0.000,1,272,83,0
873,16.688,0.620,0.551,0.062,0.002,0.005,0,0.488,0.000,0.000,0,272,0,0
874,16.679,0.953,0.618,0.125,0.201,0.008,1,0.486,0.000,0.000,1,272,83,0
875,16.683,0.504,0.435,0.061,0.002,0.006,0,0.486,0.000,0.000,0,272,0,0
876,16.683,0.745,0.463,0.106,0.168,0.008,1,0.362,0.000,0.000,1,272,83,0
877,16.684,0.496,0.426,0.061,0.003,0.006,0,0.362,0.000,0.000,0,272,0,0
878,16.684,0.725,0.457,0.104,0.158,0.007,1,0.384,0.000,0.000,1,272,83,0
879,16.681,0.514,0.443,0.061,0.002,0.008,0,0.384,0.000,0.000,0,272,0,0
880,16.686,0.731,0.458,0.105,0.162,0.006,1,0.392,0.000,0.000,1,272,83,0
881,16.683,0.490,0.421,0.060,0.003,0.006,0,0.392,0.000,0.000,0,272,0,0
882,16.683,0.736,0.459,0.106,0.164,0.007,1,0.358,0.000,0.000,1,272,83,0
883,16.679,0.489,0.420,0.061,0.003,0.006,0,0.358,0.000,0.000,0,272,0,0
884,16.686,0.725,0.454,0.106,0.158,0.007,1,0.385,0.000,0.000,1,272,83,0
885,16.684,0.493,0.424,0.061,0.002,0.007,0,0.385,0.000,0.000,0,272,0,0
886,16.683,0.728,0.457,0.103,0.162,0.007,1,0.368,0.000,0.000,1,272,83,0
887,16.682,0.483,0.414,0.061,0.002,0.006,0,0.368,0.000,0.000,0,272,0,0
888,16.684,1.355,0.934,0.151,0.258,0.012,1,0.488,0.000,0.000,1,272,83,0
889,16.685,0.630,0.561,0.062,0.002,0.005,0,0.488,0.000,0.000,0,272,0,0
890,16.682,0.948,0.604,0.122,0.213,0.010,1,0.487,0.000,0.000,1,272,83,0
891,16.681,0.505,0.434,0.062,0.002,0.006,0,0.487,0.000,0.000,0,272,0,0
892,16.686,0.730,0.457,0.106,0.160,0.007,1,0.367,0.000,0.000,1,272,83,0
893,16.688,0.498,0.429,0.061,0.003,0.006,0,0.367,0.000,0.000,0,272,0,0
894,16.683,1.129,0.685,0.144,0.288,0.013,1,0.499,0.000,0.000,1,272,83,0
895,16.680,0.524,0.454,0.061,0.003,0.006,0,0.499,0.000,0.000,0,272,0,0
896,16.680,0.770,0.467,0.114,0.182,0.008,1,0.360,0.000,0.000,1,272,83,0
897,16.686,0.497,0.426,0.061,0.002,0.007,0,0.360,0.000,0.000,0,272,0,0
898,16.681,0.740,0.457,0.107,0.169,0.007,1,0.348,0.000,0.000,1,272,83,0
899,16.683,0.605,0.535,0.061,0.002,0.006,0,0.348,0.000,0.000,0,272,0,0
900,16.686,0.765,0.479,0.109,0.169,0.008,1,0.415,0.000,0.000,1,272,83,0
901,16.683,0.494,0.425,0.061,0.003,0.005,0,0.415,0.000,0.000,0,272,0,0
902,16.680,0.741,0.460,0.106,0.167,0.008,1,0.383,0.000,0.000,1,272,83,0
903,16.687,0.492,0.423,0.061,0.003,0.005,0,0.383,0.000,0.000,0,272,0,0
904,16.687,1.732,1.266,0.136,0.320,0.010,1,0.624,0.000,0.000,1,272,83,0
905,16.677,0.708,0.631,0.066,0.004,0.007,0,0.624,0.000,0.000,0,272,0,0
906,16.687,0.957,0.627,0.111,0.209,0.009,1,0.531,0.000,0.000,1,272,83,0
907,16.681,0.507,0.438,0.061,0.003,0.005,0,0.531,0.000,0.000,0,272,0,0
908,16.680,0.972,0.697,0.106,0.163,0.006,1,0.356,0.000,0.000,1,272,83,0
909,16.688,0.522,0.455,0.061,0.002,0.004,0,0.356,0.000,0.000,0,272,0,0
910,16.689,1.085,0.664,0.162,0.250,0.009,1,0.469,0.000,0.000,1,272,83,0
911,16.676,0.675,0.602,0.062,0.004,0.008,0,0.469,0.000,0.000,0,272,0,0
912,16.683,0.895,0.602,0.114,0.171,0.009,1,0.424,0.000,0.000,1,272,83,0
913,16.682,0.496,0.426,0.062,0.002,0.006,0,0.424,0.000,0.000,0,272,0,0
914,16.685,0.747,0.467,0.109,0.162,0.009,1,0.361,0.000,0.000,1,272,83,0
915,16.685,0.495,0.426,0.061,0.002,0.006,0,0.361,0.000,0.000,0,272,0,0
916,16.681,0.742,0.469,0.106,0.160,0.007,1,0.375,0.000,0.000,1,272,83,0
917,16.685,0.499,0.429,0.061,0.003,0.006,0,0.375,0.000,0.000,0,272,0,0
918,16.682,0.732,0.457,0.107,0.161,0.007,1,0.356,0.000,0.000,1,272,83,0
919,16.681,0.489,0.420,0.061,0.002,0.006,0,0.356,0.000,0.000,0,272,0,0
920,16.683,1.108,0.450,0.103,0.548,0.007,1,0.287,0.000,0.000,1,272,83,0
921,16.684,0.482,0.414,0.060,0.002,0.006,0,0.287,0.000,0.000,0,272,0,0
922,16.684,0.727,0.458,0.106,0.157,0.007,1,0.339,0.000,0.000,1,272,83,0
923,16.682,0.492,0.421,0.061,0.002,0.007,0,0.339,0.000,0.000,0,272,0,0
924,16.686,0.716,0.448,0.107,0.155,0.007,1,0.353,0.000,0.000,1,272,83,0
925,16.682,0.519,0.433,0.077,0.003,0.006,0,0.353,0.000,0.000,0,272,1,0
926,16.690,0.761,0.477,0.108,0.169,0.008,1,0.429,0.000,0.000,1,272,83,0
927,16.678,0.687,0.611,0.063,0.005,0.008,0,0.429,0.000,0.000,0,272,0,0
928,16.684,0.850,0.574,0.106,0.162,0.007,1,0.426,0.000,0.000,1,272,83,0
929,16.682,0.497,0.426,0.061,0.003,0.007,0,0.426,0.000,0.000,0,272,0,0
930,16.684,0.727,0.455,0.105,0.160,0.007,1,0.360,0.000,0.000,1,272,83,0
931,16.681,0.487,0.417,0.061,0.002,0.006,0,0.360,0.000,0.000,0,272,0,0
932,16.689,0.727,0.460,0.103,0.156,0.008,1,0.341,0.000,0.000,1,272,83,0
933,16.681,0.489,0.420,0.061,0.002,0.006,0,0.341,0.000,0.000,0,272,0,0
934,16.684,0.732,0.462,0.105,0.158,0.007,1,0.408,0.000,0.000,1,272,83,0
935,16.682,0.500,0.430,0.061,0.003,0.007,0,0.408,0.000,0.000,0,272,0,0
936,16.684,1.098,0.446,0.103,0.540,0.009,1,0.309,0.000,0.000,1,272,83,0
937,16.682,0.486,0.417,0.061,0.002,0.006,0,0.309,0.000,0.000,0,272,0,0
938,16.687,0.763,0.480,0.108,0.167,0.007,1,0.346,0.000,0.000,1,272,83,0
939,16.680,0.495,0.425,0.061,0.002,0.006,0,0.346,0.000,0.000,0,272,0,0
940,16.685,0.730,0.452,0.109,0.163,0.007,1,0.386,0.000,0.000,1,272,83,0
941,16.682,0.497,0.427,0.061,0.003,0.007,0,0.386,0.000,0.000,0,272,0,0
942,16.691,0.748,0.470,0.109,0.163,0.007,1,0.368,0.000,0.000,1,272,83,0
943,16.678,0.697,0.618,0.070,0.003,0.006,0,0.368,0.000,0.000,0,272,0,0
944,16.683,0.823,0.531,0.118,0.167,0.007,1,0.416,0.000,0.000,1,272,83,0
945,16.679,0.500,0.431,0.061,0.003,0.006,0,0.416,0.000,0.000,0,272,0,0
946,16.687,0.727,0.456,0.105,0.160,0.007,1,0.366,0.000,0.000,1,272,83,0
947,16.684,0.488,0.418,0.061,0.002,0.007,0,0.366,0.000,0.000,0,272,0,0
948,16.686,0.724,0.455,0.103,0.159,0.007,1,0.358,0.000,0.000,1,272,83,0
949,16.678,0.506,0.436,0.061,0.003,0.006,0,0.358,0.000,0.000,0,272,0,0
950,16.685,0.753,0.460,0.107,0.178,0.008,1,0.417,0.000,0.000,1,272,83,0
951,16.679,0.478,0.409,0.061,0.002,0.005,0,0.417,0.000,0.000,0,272,0,0
952,16.687,0.698,0.435,0.101,0.156,0.006,1,0.413,0.000,0.000,1,272,83,0
953,16.686,0.486,0.417,0.061,0.002,0.006,0,0.413,0.000,0.000,0,272,0,0
954,16.683,0.953,0.594,0.121,0.227,0.011,1,0.606,0.000,0.000,1,272,83,0
955,16.678,0.725,0.634,0.073,0.007,0.011,0,0.606,0.000,0.000,0,272,0,0
956,16.684,0.841,0.546,0.108,0.176,0.011,1,0.480,0.000,0.000,1,272,83,0
957,16.681,0.485,0.416,0.061,0.003,0.005,0,0.480,0.000,0.000,0,272,0,0
958,16.688,0.700,0.438,0.102,0.154,0.006,1,0.410,0.000,0.000,1,272,83,0
959,16.678,0.603,0.533,0.061,0.002,0.007,0,0.410,0.000,0.000,0,272,0,0
960,16.688,0.699,0.436,0.102,0.155,0.006,1,0.411,0.000,0.000,1,272,83,0
961,16.679,0.505,0.436,0.061,0.003,0.006,0,0.411,0.000,0.000,0,272,0,0
962,16.689,0.717,0.450,0.103,0.157,0.007,1,0.409,0.000,0.000,1,272,83,0
963,16.679,0.475,0.407,0.060,0.002,0.005,0,0.409,0.000,0.000,0,272,0,0
964,16.685,0.680,0.422,0.102,0.150,0.006,1,0.395,0.000,0.000,1,272,83,0
965,16.681,0.480,0.410,0.061,0.002,0.006,0,0.395,0.000,0.000,0,272,0,0
966,16.686,0.688,0.433,0.101,0.149,0.006,1,0.397,0.000,0.000,1,272,83,0
967,16.681,0.480,0.411,0.061,0.002,0.005,0,0.397,0.000,0.000,0,272,0,0
968,16.687,0.687,0.427,0.102,0.151,0.007,1,0.388,0.000,0.000,1,272,83,0
969,16.688,0.544,0.476,0.061,0.002,0.005,0,0.388,0.000,0.000,0,272,0,0
970,16.682,1.359,0.790,0.179,0.379,0.011,1,0.639,0.000,0.000,1,272,83,0
971,16.680,0.533,0.462,0.062,0.003,0.007,0,0.639,0.000,0.000,0,272,0,0
972,16.685,0.789,0.484,0.114,0.184,0.007,1,0.407,0.000,0.000,1,272,83,0
973,16.681,0.495,0.425,0.061,0.003,0.006,0,0.407,0.000,0.000,0,272,0,0
974,16.685,0.738,0.460,0.106,0.164,0.009,1,0.363,0.000,0.000,1,272,83,0
975,16.686,0.759,0.689,0.061,0.003,0.006,0,0.363,0.000,0.000,0,272,0,0
976,16.682,1.067,0.667,0.136,0.251,0.012,1,0.600,0.000,0.000,1,272,83,0
977,16.804,0.648,0.577,0.061,0.003,0.008,0,0.600,0.000,0.000,0,272,0,0
978,16.618,0.891,0.531,0.111,0.242,0.007,1,0.325,0.000,0.000,1,272,83,0
979,16.627,0.491,0.422,0.061,0.003,0.006,0,0.325,0.000,0.000,0,272,0,0
980,16.683,0.732,0.456,0.107,0.162,0.008,1,0.341,0.000,0.000,1,272,83,0
981,16.683,0.487,0.419,0.061,0.002,0.005,0,0.341,0.000,0.000,0,272,0,0
982,16.684,0.729,0.462,0.106,0.155,0.007,1,0.340,0.000,0.000,1,272,83,0
983,16.680,0.491,0.422,0.061,0.002,0.006,0,0.340,0.000,0.000,0,272,0,0
984,16.684,0.717,0.450,0.107,0.155,0.006,1,0.385,0.000,0.000,1,272,83,0
985,16.682,0.485,0.416,0.061,0.002,0.005,0,0.385,0.000,0.000,0,272,0,0
986,16.688,0.755,0.477,0.108,0.162,0.008,1,0.455,0.000,0.000,1,272,83,0
987,16.679,0.483,0.414,0.061,0.002,0.006,0,0.455,0.000,0.000,0,272,0,0
988,16.687,0.705,0.440,0.102,0.158,0.006,1,0.406,0.000,0.000,1,272,83,0
989,16.679,0.497,0.428,0.061,0.002,0.007,0,0.406,0.000,0.000,0,272,0,0
990,16.687,0.710,0.434,0.105,0.164,0.006,1,0.411,0.000,0.000,1,272,83,0
991,16.682,0.482,0.413,0.061,0.002,0.005,0,0.411,0.000,0.000,0,272,0,0
992,16.682,0.967,0.697,0.105,0.159,0.007,1,0.346,0.000,0.000,1,272,83,0
993,16.689,0.526,0.459,0.061,0.002,0.004,0,0.346,0.000,0.000,0,272,0,0
994,16.680,1.167,0.726,0.151,0.276,0.013,1,0.601,0.000,0.000,1,272,83,0
995,16.681,0.515,0.444,0.061,0.002,0.008,0,0.601,0.000,0.000,0,272,0,0
996,16.686,0.768,0.469,0.113,0.179,0.007,1,0.382,0.000,0.000,1,272,83,0
997,16.682,0.495,0.426,0.061,0.002,0.006,0,0.382,0.000,0.000,0,272,0,0
998,16.685,0.747,0.467,0.107,0.165,0.009,1,0.354,0.000,0.000,1,272,83,0
999,16.680,0.497,0.428,0.061,0.003,0.006,0,0.354,0.000,0.000,0,272,0,0
1000,16.684,0.731,0.459,0.106,0.160,0.007,1,0.441,0.000,0.000,1,272,83,0
1001,16.680,0.484,0.414,0.061,0.002,0.007,0,0.441,0.000,0.000,0,272,0,0
1002,16.690,0.704,0.441,0.103,0.154,0.006,1,0.414,0.000,0.000,1,272,83,0
1003,16.677,0.475,0.405,0.061,0.002,0.007,0,0.414,0.000,0.000,0,272,0,0
1004,16.688,0.686,0.427,0.101,0.153,0.006,1,0.401,0.000,0.000,1,272,83,0
1005,16.680,0.493,0.424,0.061,0.003,0.005,0,0.401,0.000,0.000,0,272,0,0
1006,16.685,0.698,0.432,0.106,0.153,0.007,1,0.401,0.000,0.000,1,272,83,0
1007,16.687,0.713,0.645,0.060,0.002,0.005,0,0.401,0.000,0.000,0,272,0,0
1008,16.682,1.126,0.704,0.148,0.264,0.010,1,0.503,0.000,0.000,1,272,83,0
1009,16.684,0.517,0.446,0.061,0.003,0.007,0,0.503,0.000,0.000,0,272,0,0
1010,16.683,0.753,0.461,0.111,0.175,0.007,1,0.354,0.000,0.000,1,272,83,0
1011,16.684,0.506,0.437,0.061,0.003,0.006,0,0.354,0.000,0.000,0,272,0,0
1012,16.682,0.746,0.459,0.106,0.173,0.008,1,0.363,0.000,0.000,1,272,83,0
1013,16.714,0.520,0.451,0.061,0.002,0.006,0,0.363,0.000,0.000,0,272,0,0
1014,16.655,1.409,0.927,0.170,0.299,0.014,1,0.605,0.000,0.000,1,272,83,0
1015,16.687,0.607,0.534,0.063,0.003,0.007,0,0.605,0.000,0.000,0,272,0,0
1016,16.679,1.841,0.876,0.161,0.793,0.011,1,0.593,0.000,0.000,1,272,83,0
1017,16.680,0.520,0.449,0.061,0.003,0.006,0,0.593,0.000,0.000,0,272,0,0
1018,16.687,0.765,0.471,0.112,0.175,0.007,1,0.293,0.000,0.000,1,272,83,0
1019,16.680,0.610,0.541,0.061,0.003,0.006,0,0.293,0.000,0.000,0,272,0,0
1020,16.685,0.740,0.460,0.108,0.165,0.007,1,0.387,0.000,0.000,1,272,83,0
1021,16.681,0.507,0.436,0.061,0.002,0.007,0,0.387,0.000,0.000,0,272,0,0
1022,16.687,0.757,0.473,0.110,0.167,0.007,1,0.367,0.000,0.000,1,272,83,0
1023,16.679,0.686,0.617,0.061,0.002,0.005,0,0.367,0.000,0.000,0,272,0,0
1024,16.683,1.321,0.888,0.146,0.276,0.011,1,0.547,0.000,0.000,1,272,83,0
1025,16.684,0.539,0.469,0.062,0.003,0.005,0,0.547,0.000,0.000,0,272,0,0
1026,16.682,1.083,0.737,0.176,0.165,0.005,1,0.376,0.000,0.000,1,272,83,0
1027,16.685,0.579,0.510,0.061,0.002,0.005,0,0.376,0.000,0.000,0,272,0,0
1028,16.687,0.960,0.608,0.125,0.218,0.009,1,0.494,0.000,0.000,1,272,83,0
1029,16.685,0.508,0.438,0.061,0.003,0.006,0,0.494,0.000,0.000,0,272,0,0
1030,16.677,1.194,0.845,0.130,0.210,0.009,1,0.422,0.000,0.000,1,272,83,0
1031,16.686,0.533,0.464,0.062,0.003,0.005,0,0.422,0.000,0.000,0,272,0,0
1032,16.683,0.941,0.596,0.125,0.211,0.009,1,0.459,0.000,0.000,1,272,83,0
1033,16.679,0.499,0.429,0.061,0.003,0.006,0,0.459,0.000,0.000,0,272,0,0
1034,16.689,0.710,0.441,0.104,0.158,0.006,1,0.422,0.000,0.000,1,272,83,0
1035,16.678,0.475,0.406,0.061,0.002,0.005,0,0.422,0.000,0.000,0,272,0,0
1036,16.687,0.695,0.438,0.100,0.151,0.007,1,0.400,0.000,0.000,1,272,83,0
1037,16.680,0.477,0.409,0.061,0.002,0.006,0,0.400,0.000,0.000,0,272,0,0
1038,16.685,0.688,0.432,0.100,0.149,0.007,1,0.398,0.000,0.000,1,272,83,0
1039,16.684,0.538,0.468,0.061,0.002,0.007,0,0.398,0.000,0.000,0,272,0,0
1040,16.686,0.746,0.472,0.107,0.160,0.008,1,0.406,0.000,0.000,1,272,83,0
1041,16.682,0.489,0.420,0.061,0.002,0.006,0,0.406,0.000,0.000,0,272,0,0
1042,16.683,0.738,0.461,0.105,0.163,0.008,1,0.378,0.000,0.000,1,272,83,0
1043,16.684,0.486,0.418,0.060,0.002,0.006,0,0.378,0.000,0.000,0,272,0,0
1044,16.681,0.740,0.468,0.107,0.158,0.007,1,0.372,0.000,0.000,1,272,83,0
1045,16.692,0.507,0.437,0.061,0.002,0.007,0,0.372,0.000,0.000,0,272,0,0
1046,16.674,1.246,0.848,0.143,0.244,0.012,1,0.470,0.000,0.000,1,272,83,0
1047,16.686,0.535,0.467,0.061,0.003,0.005,0,0.470,0.000,0.000,0,272,0,0
1048,16.683,0.955,0.616,0.124,0.203,0.011,1,0.489,0.000,0.000,1,272,83,0
1049,16.684,0.505,0.435,0.061,0.003,0.006,0,0.489,0.000,0.000,0,272,0,0
1050,16.679,0.752,0.464,0.110,0.171,0.007,1,0.369,0.000,0.000,1,272,83,0
1051,16.686,0.496,0.426,0.061,0.003,0.007,0,0.369,0.000,0.000,0,272,0,0
1052,16.683,0.721,0.450,0.104,0.160,0.007,1,0.352,0.000,0.000,1,272,83,0
1053,16.682,0.493,0.424,0.061,0.003,0.006,0,0.352,0.000,0.000,0,272,0,0
1054,16.684,0.719,0.452,0.104,0.155,0.008,1,0.381,0.000,0.000,1,272,83,0
1055,16.682,0.492,0.423,0.061,0.002,0.006,0,0.381,0.000,0.000,0,272,0,0
1056,16.683,0.719,0.453,0.105,0.156,0.006,1,0.392,0.000,0.000,1,272,83,0
1057,16.683,0.492,0.421,0.061,0.003,0.007,0,0.392,0.000,0.000,0,272,0,0
1058,16.688,0.735,0.462,0.105,0.161,0.007,1,0.379,0.000,0.000,1,272,83,0
1059,16.679,0.498,0.429,0.061,0.002,0.006,0,0.379,0.000,0.000,0,272,0,0
1060,16.687,0.749,0.466,0.109,0.167,0.007,1,0.362,0.000,0.000,1,272,83,0
1061,16.688,0.497,0.428,0.061,0.002,0.006,0,0.362,0.000,0.000,0,272,0,0
1062,16.680,0.738,0.468,0.108,0.155,0.007,1,0.439,0.000,0.000,1,272,83,0
1063,16.677,0.486,0.416,0.060,0.003,0.007,0,0.439,0.000,0.000,0,272,0,0
1064,16.686,0.697,0.426,0.105,0.160,0.006,1,0.408,0.000,0.000,1,272,83,0
1065,16.680,0.478,0.409,0.061,0.002,0.005,0,0.408,0.000,0.000,0,272,0,0
1066,16.686,0.690,0.428,0.102,0.152,0.008,1,0.391,0.000,0.000,1,272,83,0
1067,16.682,0.473,0.405,0.060,0.002,0.005,0,0.391,0.000,0.000,0,272,0,0
1068,16.686,0.689,0.434,0.100,0.149,0.006,1,0.399,0.000,0.000,1,272,83,0
1069,16.681,0.479,0.410,0.061,0.002,0.006,0,0.399,0.000,0.000,0,272,0,0
1070,16.687,0.688,0.431,0.099,0.151,0.006,1,0.394,0.000,0.000,1,272,83,0
1071,16.681,0.475,0.407,0.060,0.002,0.005,0,0.394,0.000,0.000,0,272,0,0
1072,16.686,0.731,0.461,0.105,0.157,0.008,1,0.390,0.000,0.000,1,272,83,0
1073,16.679,0.478,0.410,0.061,0.002,0.005,0,0.390,0.000,0.000,0,272,0,0
1074,16.690,0.709,0.452,0.102,0.149,0.006,1,0.391,0.000,0.000,1,272,83,0
1075,16.680,0.578,0.504,0.062,0.004,0.009,0,0.391,0.000,0.000,0,272,0,0
1076,16.689,0.849,0.487,0.124,0.232,0.006,1,0.569,0.000,0.000,1,272,83,0
1077,16.677,0.492,0.424,0.061,0.003,0.005,0,0.569,0.000,0.000,0,272,0,0
1078,16.687,0.750,0.473,0.094,0.173,0.009,1,0.446,0.000,0.000,1,272,83,0
1079,16.679,0.599,0.531,0.061,0.002,0.006,0,0.446,0.000,0.000,0,272,0,0
1080,16.688,0.713,0.445,0.105,0.156,0.006,1,0.414,0.000,0.000,1,272,83,0
1081,16.678,0.481,0.412,0.061,0.002,0.006,0,0.414,0.000,0.000,0,272,0,0
1082,16.690,0.695,0.439,0.101,0.150,0.006,1,0.398,0.000,0.000,1,272,83,0
1083,16.678,0.496,0.427,0.061,0.002,0.006,0,0.398,0.000,0.000,0,272,0,0
1084,16.687,0.713,0.435,0.104,0.166,0.007,1,0.423,0.000,0.000,1,272,83,0
1085,16.680,0.476,0.408,0.060,0.002,0.005,0,0.423,0.000,0.000,0,272,0,0
1086,16.686,0.691,0.430,0.100,0.155,0.006,1,0.400,0.000,0.000,1,272,83,0
1087,16.681,0.481,0.411,0.061,0.002,0.007,0,0.400,0.000,0.000,0,272,0,0
1088,16.687,0.693,0.436,0.100,0.152,0.006,1,0.395,0.000,0.000,1,272,83,0
1089,16.679,0.491,0.423,0.060,0.002,0.006,0,0.395,0.000,0.000,0,272,0,0
1090,16.686,0.701,0.436,0.102,0.156,0.007,1,0.431,0.000,0.000,1,272,83,0
1091,16.679,0.474,0.405,0.061,0.002,0.005,0,0.431,0.000,0.000,0,272,0,0
1092,16.687,0.704,0.440,0.101,0.157,0.006,1,0.399,0.000,0.000,1,272,83,0
1093,16.681,0.486,0.416,0.061,0.002,0.007,0,0.399,0.000,0.000,0,272,0,0
1094,16.687,0.802,0.556,0.084,0.157,0.006,1,0.403,0.000,0.000,1,272,83,0
1095,16.680,0.479,0.410,0.061,0.003,0.006,0,0.403,0.000,0.000,0,272,0,0
1096,16.686,0.684,0.424,0.101,0.151,0.007,1,0.384,0.000,0.000,1,272,83,0
1097,16.681,0.476,0.408,0.061,0.002,0.005,0,0.384,0.000,0.000,0,272,0,0
1098,16.700,0.702,0.444,0.102,0.150,0.006,1,0.395,0.000,0.000,1,272,83,0
1099,16.671,0.659,0.580,0.063,0.005,0.011,0,0.395,0.000,0.000,0,272,0,0
1100,16.682,0.924,0.493,0.143,0.280,0.008,1,0.388,0.000,0.000,1,272,83,0
1101,16.680,0.494,0.423,0.061,0.003,0.007,0,0.388,0.000,0.000,0,272,0,0
1102,16.687,0.719,0.441,0.108,0.164,0.006,1,0.426,0.000,0.000,1,272,83,0
1103,16.681,0.546,0.478,0.060,0.003,0.005,0,0.426,0.000,0.000,0,272,0,0
1104,16.717,0.743,0.465,0.105,0.165,0.008,1,0.399,0.000,0.000,1,272,83,0
1105,16.676,0.764,0.684,0.064,0.005,0.011,0,0.399,0.000,0.000,0,272,0,0
1106,16.677,1.181,0.680,0.160,0.330,0.011,1,0.804,0.000,0.000,1,272,83,0
1107,16.672,0.641,0.564,0.063,0.004,0.010,0,0.804,0.000,0.000,0,272,0,0
1108,16.681,1.808,1.239,0.138,0.412,0.018,1,0.717,0.000,0.000,1,272,83,0
1109,16.688,0.923,0.847,0.067,0.003,0.006,0,0.717,0.000,0.000,0,272,0,0
1110,16.679,1.550,1.141,0.177,0.223,0.009,1,0.319,0.000,0.000,1,272,83,0
1111,16.682,0.701,0.632,0.061,0.003,0.005,0,0.319,0.000,0.000,0,272,0,0
1112,16.689,0.961,0.651,0.119,0.185,0.006,1,0.279,0.000,0.000,1,272,83,0
1113,16.675,0.733,0.664,0.062,0.003,0.006,0,0.279,0.000,0.000,0,272,0,0
1114,16.683,0.976,0.675,0.121,0.174,0.007,1,0.342,0.000,0.000,1,272,83,0
1115,16.689,0.704,0.595,0.102,0.002,0.005,0,0.342,0.000,0.000,0,272,0,0
1116,16.682,0.988,0.699,0.117,0.166,0.006,1,0.329,0.000,0.000,1,272,83,0
1117,16.685,0.690,0.622,0.061,0.002,0.005,0,0.329,0.000,0.000,0,272,0,0
1118,16.681,1.011,0.686,0.124,0.194,0.006,1,0.401,0.000,0.000,1,272,83,0
1119,16.687,0.749,0.677,0.062,0.003,0.007,0,0.401,0.000,0.000,0,272,0,0
1120,16.698,0.998,0.688,0.123,0.182,0.006,1,0.335,0.000,0.000,1,272,83,0
1121,16.673,0.945,0.861,0.065,0.006,0.012,0,0.335,0.000,0.000,0,272,0,0
1122,16.700,1.551,0.988,0.203,0.350,0.009,1,0.426,0.000,0.000,1,272,83,0
1123,16.669,0.976,0.895,0.066,0.005,0.010,0,0.426,0.000,0.000,0,272,0,0
1124,16.688,1.343,0.848,0.179,0.307,0.009,1,0.693,0.000,0.000,1,272,83,0
1125,16.683,0.882,0.810,0.062,0.003,0.007,0,0.693,0.000,0.000,0,272,0,0
1126,16.675,1.931,1.415,0.188,0.313,0.015,1,0.543,0.000,0.000,1,272,83,0
1127,16.677,0.928,0.851,0.065,0.005,0.007,0,0.543,0.000,0.000,0,272,0,0
1128,16.695,1.373,0.872,0.193,0.298,0.009,1,0.559,0.000,0.000,1,272,83,0
1129,16.676,0.777,0.704,0.062,0.004,0.006,0,0.559,0.000,0.000,0,272,0,0
1130,16.704,1.102,0.737,0.132,0.228,0.006,1,0.460,0.000,0.000,1,272,83,0
1131,16.695,1.131,1.046,0.067,0.006,0.012,0,0.460,0.000,0.000,0,272,0,0
1132,16.708,1.578,0.976,0.225,0.360,0.016,1,0.918,0.000,0.000,1,272,83,0
1133,16.630,0.654,0.579,0.063,0.004,0.008,0,0.918,0.000,0.000,0,272,0,0
1134,16.683,2.312,1.835,0.175,0.291,0.012,1,0.657,0.000,0.000,1,272,83,0
1135,16.675,0.903,0.814,0.067,0.008,0.013,0,0.657,0.000,0.000,0,272,0,0
1136,16.683,1.382,0.813,0.161,0.389,0.019,1,0.866,0.000,0.000,1,272,83,0
1137,16.681,0.535,0.463,0.061,0.003,0.008,0,0.866,0.000,0.000,0,272,0,0
1138,16.684,0.804,0.498,0.114,0.186,0.006,1,0.402,0.000,0.000,1,272,83,0
1139,16.682,0.615,0.545,0.061,0.002,0.006,0,0.402,0.000,0.000,0,272,0,0
1140,16.684,0.765,0.479,0.111,0.167,0.008,1,0.432,0.000,0.000,1,272,83,0
1141,16.682,0.494,0.424,0.061,0.002,0.006,0,0.432,0.000,0.000,0,272,0,0
1142,16.684,1.121,0.456,0.106,0.553,0.007,1,0.329,0.000,0.000,1,272,83,0
1143,16.681,0.493,0.423,0.061,0.002,0.007,0,0.329,0.000,0.000,0,272,0,0
1144,16.685,0.727,0.458,0.106,0.157,0.006,1,0.472,0.000,0.000,1,272,83,0
1145,16.682,0.496,0.427,0.061,0.003,0.006,0,0.472,0.000,0.000,0,272,0,0
1146,16.683,0.760,0.478,0.108,0.164,0.009,1,0.413,0.000,0.000,1,272,83,0
1147,16.686,0.491,0.421,0.061,0.003,0.006,0,0.413,0.000,0.000,0,272,0,0
1148,16.689,0.741,0.461,0.104,0.168,0.007,1,0.389,0.000,0.000,1,272,83,0
1149,16.675,0.757,0.676,0.071,0.003,0.007,0,0.389,0.000,0.000,0,272,0,0
1150,16.683,0.794,0.523,0.105,0.159,0.006,1,0.442,0.000,0.000,1,272,83,0
1151,16.686,0.496,0.426,0.061,0.002,0.006,0,0.442,0.000,0.000,0,272,0,0
1152,16.680,0.735,0.459,0.105,0.162,0.009,1,0.390,0.000,0.000,1,272,83,0
1153,16.687,0.492,0.423,0.061,0.003,0.006,0,0.390,0.000,0.000,0,272,0,0
1154,16.683,0.731,0.457,0.104,0.162,0.008,1,0.373,0.000,0.000,1,272,83,0
1155,16.680,0.490,0.419,0.061,0.003,0.007,0,0.373,0.000,0.000,0,272,0,0
1156,16.685,0.770,0.484,0.122,0.157,0.007,1,0.482,0.000,0.000,1,272,83,0
1157,16.680,0.480,0.411,0.061,0.002,0.005,0,0.482,0.000,0.000,0,272,0,0
1158,16.687,0.694,0.436,0.102,0.150,0.007,1,0.714,0.000,0.000,1,272,83,0
1159,16.692,0.566,0.498,0.061,0.003,0.005,0,0.714,0.000,0.000,0,272,0,0
1160,16.679,1.309,0.764,0.190,0.342,0.012,1,0.733,0.000,0.000,1,272,83,0
1161,16.681,0.542,0.469,0.061,0.003,0.008,0,0.733,0.000,0.000,0,272,0,0
1162,16.684,0.775,0.466,0.117,0.186,0.006,1,0.311,0.000,0.000,1,272,83,0
1163,16.680,0.496,0.426,0.061,0.002,0.006,0,0.311,0.000,0.000,0,272,0,0
1164,16.691,0.783,0.506,0.109,0.159,0.008,1,0.404,0.000,0.000,1,272,83,0
1165,16.674,0.703,0.629,0.063,0.004,0.007,0,0.404,0.000,0.000,0,272,0,0
1166,16.687,0.835,0.475,0.130,0.223,0.008,1,0.519,0.000,0.000,1,272,83,0
1167,16.678,0.573,0.502,0.061,0.003,0.007,0,0.519,0.000,0.000,0,272,0,0
1168,16.689,0.727,0.447,0.109,0.165,0.006,1,0.418,0.000,0.000,1,272,83,0
1169,16.678,0.480,0.412,0.060,0.002,0.005,0,0.418,0.000,0.000,0,272,0,0
1170,16.685,0.701,0.440,0.103,0.152,0.007,1,0.401,0.000,0.000,1,272,83,0
1171,16.683,0.473,0.404,0.061,0.002,0.006,0,0.401,0.000,0.000,0,272,0,0
1172,16.686,0.693,0.435,0.099,0.153,0.006,1,0.407,0.000,0.000,1,272,83,0
1173,16.680,0.477,0.408,0.060,0.002,0.007,0,0.407,0.000,0.000,0,272,0,0
1174,16.687,0.687,0.432,0.100,0.149,0.006,1,0.402,0.000,0.000,1,272,83,0
1175,16.685,0.532,0.464,0.061,0.002,0.005,0,0.402,0.000,0.000,0,272,0,0
1176,16.683,1.072,0.681,0.139,0.240,0.011,1,0.455,0.000,0.000,1,272,83,0
1177,16.681,0.592,0.519,0.061,0.003,0.008,0,0.455,0.000,0.000,0,272,0,0
1178,16.692,0.764,0.481,0.107,0.169,0.007,1,0.381,0.000,0.000,1,272,83,0
1179,16.675,0.648,0.573,0.062,0.005,0.008,0,0.381,0.000,0.000,0,272,0,0
1180,16.685,0.854,0.577,0.109,0.159,0.008,1,0.407,0.000,0.000,1,272,83,0
1181,16.686,0.621,0.551,0.061,0.002,0.006,0,0.407,0.000,0.000,0,272,0,0
1182,16.680,1.029,0.641,0.135,0.244,0.010,1,0.546,0.000,0.000,1,272,83,0
1183,16.682,0.661,0.581,0.069,0.004,0.007,0,0.546,0.000,0.000,0,272,0,0
1184,16.686,0.848,0.560,0.112,0.170,0.007,1,0.388,0.000,0.000,1,272,83,0
1185,16.680,0.499,0.429,0.062,0.002,0.007,0,0.388,0.000,0.000,0,272,0,0
1186,16.684,0.735,0.459,0.109,0.159,0.007,1,0.349,0.000,0.000,1,272,83,0
1187,16.685,0.488,0.418,0.061,0.003,0.006,0,0.349,0.000,0.000,0,272,0,0
1188,16.681,0.734,0.459,0.104,0.163,0.008,1,0.357,0.000,0.000,1,272,83,0
1189,16.687,0.501,0.431,0.061,0.003,0.006,0,0.357,0.000,0.000,0,272,0,0
1190,16.683,0.729,0.451,0.106,0.165,0.007,1,0.372,0.000,0.000,1,272,83,0
1191,16.683,0.497,0.427,0.061,0.002,0.007,0,0.372,0.000,0.000,0,272,0,0
1192,16.683,0.726,0.452,0.103,0.164,0.007,1,0.366,0.000,0.000,1,272,83,0
1193,16.682,0.490,0.421,0.061,0.003,0.006,0,0.366,0.000,0.000,0,272,0,0
1194,16.686,0.731,0.461,0.106,0.156,0.009,1,0.354,0.000,0.000,1,272,83,0
1195,16.686,0.575,0.501,0.062,0.003,0.008,0,0.354,0.000,0.000,0,272,0,0
1196,16.684,1.032,0.615,0.136,0.268,0.013,1,0.626,0.000,0.000,1,272,83,0
1197,16.683,0.730,0.641,0.080,0.002,0.008,0,0.626,0.000,0.000,0,272,0,0
1198,16.680,1.287,0.777,0.163,0.331,0.015,1,0.628,0.000,0.000,1,272,83,0
1199,16.685,0.667,0.595,0.062,0.003,0.007,0,0.628,0.000,0.000,0,272,0,0
1200,16.680,0.813,0.493,0.119,0.193,0.008,1,0.326,0.000,0.000,1,272,83,0
1201,16.682,0.507,0.437,0.061,0.003,0.006,0,0.326,0.000,0.000,0,272,0,0
1202,16.687,0.746,0.468,0.108,0.162,0.008,1,0.353,0.000,0.000,1,272,83,0
1203,16.682,0.490,0.421,0.061,0.002,0.005,0,0.353,0.000,0.000,0,272,0,0
1204,16.684,0.729,0.460,0.106,0.155,0.007,1,0.345,0.000,0.000,1,272,83,0
1205,16.681,0.492,0.422,0.061,0.003,0.007,0,0.345,0.000,0.000,0,272,0,0
1206,16.685,0.749,0.471,0.109,0.164,0.006,1,0.349,0.000,0.000,1,272,83,0
1207,16.679,0.477,0.409,0.061,0.002,0.005,0,0.349,0.000,0.000,0,272,0,0
1208,16.687,0.713,0.439,0.100,0.166,0.008,1,0.564,0.000,0.000,1,272,83,0
1209,16.680,0.494,0.424,0.061,0.003,0.006,0,0.564,0.000,0.000,0,272,0,0
1210,16.689,0.713,0.442,0.103,0.162,0.006,1,0.415,0.000,0.000,1,272,83,0
1211,16.678,0.493,0.423,0.061,0.002,0.007,0,0.415,0.000,0.000,0,272,0,0
1212,16.686,0.715,0.442,0.105,0.162,0.006,1,0.398,0.000,0.000,1,272,83,0
1213,16.689,0.611,0.542,0.061,0.003,0.005,0,0.398,0.000,0.000,0,272,0,0
1214,16.681,1.132,0.679,0.152,0.288,0.012,1,0.482,0.000,0.000,1,272,83,0
1215,16.683,0.514,0.444,0.061,0.003,0.006,0,0.482,0.000,0.000,0,272,0,0
1216,16.683,0.761,0.463,0.112,0.179,0.007,1,0.385,0.000,0.000,1,272,83,0
1217,16.681,0.502,0.432,0.061,0.002,0.007,0,0.385,0.000,0.000,0,272,0,0
1218,16.684,0.750,0.477,0.104,0.162,0.007,1,0.406,0.000,0.000,1,272,83,0
1219,16.683,0.485,0.416,0.061,0.002,0.006,0,0.406,0.000,0.000,0,272,0,0
1220,16.684,0.733,0.458,0.106,0.161,0.008,1,0.367,0.000,0.000,1,272,83,0
1221,16.682,0.486,0.417,0.061,0.002,0.005,0,0.367,0.000,0.000,0,272,0,0
1222,16.685,0.721,0.454,0.103,0.157,0.007,1,0.380,0.000,0.000,1,272,83,0
1223,16.680,0.478,0.409,0.061,0.002,0.006,0,0.380,0.000,0.000,0,272,0,0
1224,16.686,0.691,0.432,0.101,0.152,0.006,1,0.417,0.000,0.000,1,272,83,0
1225,16.680,0.479,0.409,0.061,0.003,0.006,0,0.417,0.000,0.000,0,272,0,0
1226,16.689,0.710,0.446,0.104,0.153,0.007,1,0.412,0.000,0.000,1,272,83,0
1227,16.677,0.473,0.405,0.061,0.002,0.005,0,0.412,0.000,0.000,0,272,0,0
1228,16.689,0.692,0.435,0.100,0.152,0.005,1,0.404,0.000,0.000,1,272,83,0
1229,16.682,0.483,0.414,0.060,0.002,0.006,0,0.404,0.000,0.000,0,272,0,0
1230,16.680,0.902,0.639,0.103,0.156,0.005,1,0.336,0.000,0.000,1,272,83,0
1231,16.688,0.585,0.517,0.061,0.002,0.005,0,0.336,0.000,0.000,0,272,0,0
1232,16.685,1.159,0.725,0.149,0.272,0.013,1,0.540,0.000,0.000,1,272,83,0
1233,16.679,0.516,0.447,0.061,0.003,0.006,0,0.540,0.000,0.000,0,272,0,0
1234,16.686,0.766,0.473,0.113,0.173,0.007,1,0.411,0.000,0.000,1,272,83,0
1235,16.683,0.498,0.427,0.061,0.003,0.007,0,0.411,0.000,0.000,0,272,0,0
1236,16.684,0.741,0.463,0.107,0.165,0.007,1,0.360,0.000,0.000,1,272,83,0
1237,16.681,0.487,0.418,0.061,0.003,0.006,0,0.360,0.000,0.000,0,272,0,0
1238,16.684,0.749,0.475,0.105,0.161,0.008,1,0.352,0.000,0.000,1,272,83,0
1239,16.685,0.503,0.434,0.061,0.002,0.006,0,0.352,0.000,0.000,0,272,0,0
1240,16.682,0.726,0.453,0.105,0.162,0.006,1,0.351,0.000,0.000,1,272,83,0
1241,16.681,0.663,0.580,0.070,0.004,0.008,0,0.351,0.000,0.000,0,272,0,0
1242,16.686,0.814,0.543,0.106,0.158,0.007,1,0.378,0.000,0.000,1,272,83,0
1243,16.681,0.492,0.422,0.061,0.003,0.006,0,0.378,0.000,0.000,0,272,0,0
1244,16.687,0.732,0.457,0.108,0.159,0.008,1,0.369,0.000,0.000,1,272,83,0
1245,16.768,0.866,0.797,0.061,0.003,0.006,0,0.369,0.000,0.000,0,272,0,0
1246,16.598,2.244,1.927,0.119,0.191,0.007,1,0.511,0.000,0.000,1,272,84,0
1247,17.534,1.676,1.603,0.062,0.005,0.006,0,0.511,0.000,0.000,0,272,0,0
1248,15.847,3.139,2.477,0.218,0.425,0.019,1,0.841,0.000,0.000,1,272,83,0
1249,16.677,0.774,0.696,0.065,0.005,0.009,0,0.841,0.000,0.000,0,272,0,0
1250,16.680,1.506,0.949,0.199,0.337,0.021,1,0.645,0.000,0.000,1,272,83,0
1251,16.764,1.010,0.883,0.111,0.006,0.010,0,0.645,0.000,0.000,0,272,0,0
1252,16.600,2.245,1.717,0.133,0.385,0.010,1,0.820,0.000,0.000,1,272,83,0
1253,16.682,0.683,0.609,0.064,0.003,0.007,0,0.820,0.000,0.000,0,272,0,0
1254,16.681,1.120,0.669,0.120,0.318,0.013,1,0.678,0.000,0.000,1,272,83,0
1255,16.692,0.531,0.461,0.061,0.003,0.006,0,0.678,0.000,0.000,0,272,0,0
1256,16.677,1.161,0.687,0.151,0.308,0.015,1,0.512,0.000,0.000,1,272,83,0
1257,16.682,0.523,0.453,0.061,0.003,0.006,0,0.512,0.000,0.000,0,272,0,0
1258,16.683,0.764,0.463,0.109,0.186,0.006,1,0.371,0.000,0.000,1,272,83,0
1259,16.681,0.622,0.552,0.061,0.003,0.007,0,0.371,0.000,0.000,0,272,0,0
1260,16.684,0.747,0.459,0.108,0.173,0.007,1,0.422,0.000,0.000,1,272,83,0
1261,16.682,0.492,0.423,0.061,0.003,0.006,0,0.422,0.000,0.000,0,272,0,0
1262,16.687,0.749,0.468,0.107,0.165,0.009,1,0.410,0.000,0.000,1,272,83,0
1263,16.683,0.495,0.426,0.061,0.002,0.006,0,0.410,0.000,0.000,0,272,0,0
1264,16.685,0.735,0.457,0.104,0.167,0.007,1,0.384,0.000,0.000,1,272,83,0
1265,16.682,0.527,0.456,0.061,0.003,0.007,0,0.384,0.000,0.000,0,272,0,0
1266,16.684,0.792,0.481,0.113,0.190,0.008,1,0.438,0.000,0.000,1,272,83,0
1267,16.690,0.506,0.436,0.061,0.003,0.006,0,0.438,0.000,0.000,0,272,0,0
1268,16.676,1.568,1.035,0.184,0.333,0.016,1,0.658,0.000,0.000,1,272,83,0
1269,16.684,0.543,0.473,0.062,0.003,0.005,0,0.658,0.000,0.000,0,272,0,0
1270,16.683,0.988,0.633,0.128,0.216,0.011,1,0.551,0.000,0.000,1,272,83,0
1271,16.678,0.493,0.422,0.061,0.003,0.007,0,0.551,0.000,0.000,0,272,0,0
1272,16.689,0.700,0.436,0.101,0.156,0.006,1,0.426,0.000,0.000,1,272,83,0
1273,16.680,0.476,0.408,0.061,0.002,0.005,0,0.426,0.000,0.000,0,272,0,0
1274,16.687,0.699,0.438,0.101,0.154,0.006,1,0.413,0.000,0.000,1,272,83,0
1275,16.680,0.475,0.407,0.060,0.002,0.005,0,0.413,0.000,0.000,0,272,0,0
1276,16.687,0.690,0.433,0.099,0.152,0.006,1,0.406,0.000,0.000,1,272,83,0
1277,16.681,0.476,0.407,0.060,0.003,0.006,0,0.406,0.000,0.000,0,272,0,0
1278,16.682,0.723,0.454,0.106,0.156,0.006,1,0.408,0.000,0.000,1,272,83,0
1279,16.683,0.481,0.412,0.061,0.002,0.006,0,0.408,0.000,0.000,0,272,0,0
1280,16.688,0.691,0.430,0.102,0.152,0.007,1,0.398,0.000,0.000,1,272,83,0
1281,16.678,0.473,0.405,0.061,0.002,0.005,0,0.398,0.000,0.000,0,272,0,0
1282,16.688,0.689,0.433,0.099,0.152,0.006,1,0.390,0.000,0.000,1,272,83,0
1283,16.679,0.479,0.410,0.060,0.002,0.006,0,0.390,0.000,0.000,0,272,0,0
1284,16.685,0.677,0.433,0.085,0.153,0.005,1,0.403,0.000,0.000,1,272,83,0
1285,16.680,0.479,0.410,0.061,0.002,0.005,0,0.403,0.000,0.000,0,272,0,0
1286,16.689,0.717,0.447,0.103,0.159,0.007,1,0.405,0.000,0.000,1,272,83,0
1287,16.677,0.474,0.405,0.060,0.002,0.005,0,0.405,0.000,0.000,0,272,0,0
1288,16.689,0.691,0.437,0.100,0.149,0.006,1,0.393,0.000,0.000,1,272,83,0
1289,16.678,0.478,0.409,0.060,0.002,0.007,0,0.393,0.000,0.000,0,272,0,0
1290,16.689,0.694,0.437,0.100,0.151,0.007,1,0.394,0.000,0.000,1,272,83,0
1291,16.678,0.472,0.404,0.061,0.002,0.005,0,0.394,0.000,0.000,0,272,0,0
1292,16.685,0.682,0.424,0.100,0.151,0.007,1,0.393,0.000,0.000,1,272,83,0
1293,16.682,0.476,0.408,0.060,0.002,0.005,0,0.393,0.000,0.000,0,272,0,0
1294,16.688,0.689,0.432,0.100,0.151,0.006,1,0.401,0.000,0.000,1,272,83,0
1295,16.680,0.560,0.489,0.062,0.003,0.007,0,0.401,0.000,0.000,0,272,0,0
1296,16.685,0.704,0.432,0.105,0.161,0.006,1,0.405,0.000,0.000,1,272,83,0
1297,16.681,0.481,0.412,0.061,0.003,0.006,0,0.405,0.000,0.000,0,272,0,0
1298,16.686,0.713,0.449,0.102,0.154,0.008,1,0.401,0.000,0.000,1,272,83,0
1299,16.682,0.497,0.428,0.061,0.002,0.006,0,0.401,0.000,0.000,0,272,0,0
1300,16.687,0.721,0.462,0.091,0.163,0.006,1,0.414,0.000,0.000,1,272,83,0
1301,16.677,0.482,0.413,0.061,0.003,0.006,0,0.414,0.000,0.000,0,272,0,0
1302,16.689,0.693,0.436,0.102,0.150,0.006,1,0.386,0.000,0.000,1,272,83,0
1303,16.678,0.477,0.408,0.060,0.002,0.006,0,0.386,0.000,0.000,0,272,0,0
1304,16.687,0.687,0.430,0.101,0.150,0.006,1,0.392,0.000,0.000,1,272,83,0
1305,16.680,0.475,0.408,0.060,0.002,0.005,0,0.392,0.000,0.000,0,272,0,0
1306,16.686,0.687,0.427,0.103,0.150,0.007,1,0.394,0.000,0.000,1,272,83,0
1307,16.680,0.477,0.408,0.061,0.002,0.005,0,0.394,0.000,0.000,0,272,0,0
1308,16.684,0.681,0.427,0.099,0.150,0.006,1,0.389,0.000,0.000,1,272,83,0
1309,16.683,0.479,0.410,0.061,0.002,0.006,0,0.389,0.000,0.000,0,272,0,0
1310,16.688,0.684,0.424,0.101,0.153,0.006,1,0.387,0.000,0.000,1,272,83,0
1311,16.680,0.476,0.408,0.061,0.002,0.005,0,0.387,0.000,0.000,0,272,0,0
1312,16.689,0.722,0.455,0.102,0.155,0.009,1,0.474,0.000,0.000,1,272,83,0
1313,16.677,0.487,0.419,0.060,0.002,0.005,0,0.474,0.000,0.000,0,272,0,0
1314,16.685,0.702,0.437,0.102,0.157,0.006,1,0.404,0.000,0.000,1,272,83,0
1315,16.695,0.497,0.428,0.061,0.002,0.007,0,0.404,0.000,0.000,0,272,0,0
1316,16.676,1.118,0.691,0.132,0.281,0.014,1,0.593,0.000,0.000,1,272,83,0
1317,16.678,0.502,0.433,0.061,0.003,0.006,0,0.593,0.000,0.000,0,272,0,0
1318,16.689,0.726,0.449,0.108,0.163,0.006,1,0.449,0.000,0.000,1,272,83,0
1319,16.679,0.605,0.536,0.061,0.002,0.005,0,0.449,0.000,0.000,0,272,0,0
1320,16.687,0.710,0.440,0.103,0.161,0.006,1,0.422,0.000,0.000,1,272,83,0
1321,16.677,0.484,0.415,0.061,0.002,0.006,0,0.422,0.000,0.000,0,272,0,0
1322,16.688,0.697,0.434,0.102,0.155,0.006,1,0.400,0.000,0.000,1,272,83,0
1323,16.680,0.494,0.426,0.061,0.003,0.006,0,0.400,0.000,0.000,0,272,0,0
1324,16.688,0.718,0.444,0.104,0.162,0.008,1,0.401,0.000,0.000,1,272,83,0
1325,16.678,0.474,0.406,0.061,0.002,0.005,0,0.401,0.000,0.000,0,272,0,0
1326,16.689,0.704,0.441,0.105,0.152,0.006,1,0.398,0.000,0.000,1,272,83,0
1327,16.682,0.484,0.415,0.060,0.002,0.006,0,0.398,0.000,0.000,0,272,0,0
1328,16.683,0.737,0.457,0.104,0.169,0.007,1,0.407,0.000,0.000,1,272,83,0
1329,16.679,0.476,0.408,0.061,0.002,0.005,0,0.407,0.000,0.000,0,272,0,0
1330,16.690,0.704,0.441,0.102,0.154,0.007,1,0.396,0.000,0.000,1,272,83,0
1331,16.678,0.472,0.403,0.061,0.002,0.005,0,0.396,0.000,0.000,0,272,0,0
1332,16.686,0.863,0.618,0.083,0.156,0.006,1,0.394,0.000,0.000,1,272,83,0
1333,16.682,0.482,0.412,0.061,0.002,0.007,0,0.394,0.000,0.000,0,272,0,0
1334,16.688,0.722,0.457,0.102,0.155,0.007,1,0.393,0.000,0.000,1,272,83,0
1335,16.678,0.480,0.412,0.061,0.002,0.005,0,0.393,0.000,0.000,0,272,0,0
1336,17.357,1.364,1.109,0.099,0.149,0.007,1,0.398,0.000,0.000,1,272,83,0
1337,16.030,0.691,0.611,0.064,0.006,0.010,0,0.398,0.000,0.000,0,272,0,0
1338,16.826,2.231,1.788,0.159,0.273,0.011,1,0.611,0.000,0.000,1,272,83,0
1339,16.527,0.712,0.629,0.064,0.006,0.013,0,0.611,0.000,0.000,0,272,0,0
1340,16.686,1.061,0.514,0.158,0.380,0.008,1,0.782,0.000,0.000,1,272,83,0
1341,16.677,0.525,0.454,0.062,0.003,0.006,0,0.782,0.000,0.000,0,272,0,0
1342,16.684,0.784,0.477,0.116,0.182,0.010,1,0.428,0.000,0.000,1,272,83,0
1343,16.683,0.500,0.431,0.061,0.003,0.006,0,0.428,0.000,0.000,0,272,0,0
1344,16.685,0.756,0.469,0.111,0.168,0.007,1,0.396,0.000,0.000,1,272,83,0
1345,16.682,0.505,0.435,0.061,0.003,0.007,0,0.396,0.000,0.000,0,272,0,0
1346,16.687,0.742,0.465,0.108,0.162,0.007,1,0.392,0.000,0.000,1,272,83,0
1347,16.679,0.499,0.429,0.062,0.002,0.006,0,0.392,0.000,0.000,0,272,0,0
1348,16.684,1.761,1.261,0.134,0.350,0.015,1,0.614,0.000,0.000,1,272,83,0
1349,16.688,0.546,0.474,0.060,0.004,0.007,0,0.614,0.000,0.000,0,272,0,0
1350,16.680,0.987,0.518,0.114,0.348,0.008,1,0.473,0.000,0.000,1,272,83,0
1351,16.680,0.494,0.424,0.061,0.002,0.007,0,0.473,0.000,0.000,0,272,0,0
1352,16.688,0.704,0.435,0.103,0.161,0.006,1,0.415,0.000,0.000,1,272,83,0
1353,16.681,0.486,0.418,0.061,0.002,0.006,0,0.415,0.000,0.000,0,272,0,0
1354,16.686,0.703,0.435,0.102,0.158,0.007,1,0.421,0.000,0.000,1,272,83,0
1355,16.679,0.475,0.407,0.061,0.002,0.005,0,0.421,0.000,0.000,0,272,0,0
1356,16.686,0.698,0.437,0.100,0.154,0.006,1,0.408,0.000,0.000,1,272,83,0
1357,16.683,0.480,0.411,0.060,0.003,0.006,0,0.408,0.000,0.000,0,272,0,0
1358,16.685,0.709,0.448,0.102,0.154,0.006,1,0.404,0.000,0.000,1,272,83,0
1359,16.681,0.481,0.412,0.061,0.003,0.006,0,0.404,0.000,0.000,0,272,0,0
1360,16.693,1.257,0.764,0.228,0.254,0.011,1,0.460,0.000,0.000,1,272,83,0
1361,16.676,0.771,0.697,0.066,0.003,0.005,0,0.460,0.000,0.000,0,272,0,0
1362,16.687,0.940,0.612,0.120,0.197,0.011,1,0.526,0.000,0.000,1,272,83,0
1363,16.678,0.489,0.420,0.061,0.002,0.006,0,0.526,0.000,0.000,0,272,0,0
1364,16.688,0.690,0.430,0.101,0.153,0.005,1,0.718,0.000,0.000,1,272,83,0
1365,16.686,0.523,0.456,0.061,0.002,0.004,0,0.718,0.000,0.000,0,272,0,0
1366,16.681,1.091,0.669,0.163,0.249,0.010,1,0.455,0.000,0.000,1,272,83,0
1367,16.684,0.530,0.459,0.062,0.003,0.006,0,0.455,0.000,0.000,0,272,0,0
1368,16.681,0.761,0.462,0.112,0.180,0.006,1,0.355,0.000,0.000,1,272,83,0
1369,16.684,0.502,0.432,0.061,0.003,0.007,0,0.355,0.000,0.000,0,272,0,0
1370,16.689,0.735,0.457,0.105,0.166,0.007,1,0.354,0.000,0.000,1,272,83,0
1371,16.675,0.655,0.582,0.063,0.004,0.007,0,0.354,0.000,0.000,0,272,0,0
1372,16.688,0.857,0.582,0.107,0.159,0.009,1,0.410,0.000,0.000,1,272,83,0
1373,16.681,0.490,0.420,0.061,0.002,0.006,0,0.410,0.000,0.000,0,272,0,0
1374,16.687,0.727,0.459,0.105,0.156,0.007,1,0.408,0.000,0.000,1,272,83,0
1375,16.681,0.501,0.431,0.061,0.002,0.007,0,0.408,0.000,0.000,0,272,0,0
1376,16.686,0.957,0.595,0.128,0.223,0.010,1,0.608,0.000,0.000,1,272,83,0
1377,16.678,0.513,0.443,0.061,0.003,0.006,0,0.608,0.000,0.000,0,272,0,0
1378,16.686,0.767,0.476,0.109,0.173,0.009,1,0.420,0.000,0.000,1,272,83,0
1379,16.680,0.615,0.545,0.061,0.003,0.006,0,0.420,0.000,0.000,0,272,0,0
1380,16.686,1.135,0.453,0.109,0.566,0.006,1,0.339,0.000,0.000,1,272,83,0
1381,16.681,0.492,0.423,0.061,0.002,0.006,0,0.339,0.000,0.000,0,272,0,0
1382,16.686,0.724,0.451,0.106,0.160,0.006,1,0.349,0.000,0.000,1,272,83,0
1383,16.683,0.495,0.426,0.061,0.003,0.006,0,0.349,0.000,0.000,0,272,0,0
1384,16.684,0.732,0.462,0.105,0.158,0.007,1,0.391,0.000,0.000,1,272,83,0
1385,16.682,0.493,0.424,0.061,0.002,0.006,0,0.391,0.000,0.000,0,272,0,0
1386,16.690,0.734,0.464,0.104,0.158,0.008,1,0.379,0.000,0.000,1,272,83,0
1387,16.676,0.808,0.723,0.067,0.007,0.012,0,0.379,0.000,0.000,0,272,0,0
1388,16.682,0.846,0.571,0.105,0.162,0.008,1,0.444,0.000,0.000,1,272,83,0
1389,16.686,0.505,0.436,0.061,0.003,0.006,0,0.444,0.000,0.000,0,272,0,0
1390,16.683,0.740,0.463,0.105,0.163,0.008,1,0.394,0.000,0.000,1,272,83,0
1391,16.683,0.496,0.427,0.061,0.002,0.006,0,0.394,0.000,0.000,0,272,0,0
1392,16.682,0.739,0.461,0.105,0.166,0.007,1,0.373,0.000,0.000,1,272,83,0
1393,16.685,0.497,0.427,0.061,0.003,0.007,0,0.373,0.000,0.000,0,272,0,0
1394,16.684,0.725,0.454,0.105,0.159,0.007,1,0.369,0.000,0.000,1,272,83,0
1395,16.682,0.490,0.421,0.061,0.002,0.006,0,0.369,0.000,0.000,0,272,0,0
1396,16.684,0.757,0.481,0.106,0.161,0.009,1,0.733,0.000,0.000,1,272,83,0
1397,16.686,0.543,0.474,0.061,0.003,0.005,0,0.733,0.000,0.000,0,272,0,0
1398,16.690,1.282,0.728,0.176,0.367,0.011,1,0.626,0.000,0.000,1,272,83,0
1399,16.675,0.714,0.633,0.065,0.005,0.011,0,0.626,0.000,0.000,0,272,0,0
1400,16.684,0.971,0.504,0.152,0.307,0.009,1,0.355,0.000,0.000,1,272,83,0
1401,16.680,0.537,0.466,0.061,0.003,0.007,0,0.355,0.000,0.000,0,272,0,0
1402,16.686,0.767,0.465,0.117,0.179,0.006,1,0.343,0.000,0.000,1,272,83,0
1403,16.678,0.518,0.448,0.062,0.003,0.006,0,0.343,0.000,0.000,0,272,0,0
1404,16.687,0.712,0.441,0.105,0.158,0.007,1,0.447,0.000,0.000,1,272,83,0
1405,16.679,0.484,0.415,0.061,0.002,0.006,0,0.447,0.000,0.000,0,272,0,0
1406,16.689,0.710,0.440,0.108,0.157,0.006,1,0.438,0.000,0.000,1,272,83,0
1407,16.678,0.485,0.415,0.061,0.002,0.006,0,0.438,0.000,0.000,0,272,0,0
1408,16.689,0.773,0.483,0.130,0.154,0.006,1,0.406,0.000,0.000,1,272,83,0
1409,16.680,0.479,0.410,0.061,0.003,0.005,0,0.406,0.000,0.000,0,272,0,0
1410,16.688,0.699,0.441,0.101,0.150,0.007,1,0.398,0.000,0.000,1,272,83,0
1411,16.680,0.476,0.408,0.061,0.002,0.006,0,0.398,0.000,0.000,0,272,0,0
1412,16.684,0.725,0.453,0.106,0.159,0.006,1,0.408,0.000,0.000,1,272,83,0
1413,16.687,0.544,0.474,0.061,0.003,0.006,0,0.408,0.000,0.000,0,272,0,0
1414,16.683,1.146,0.724,0.152,0.261,0.010,1,0.708,0.000,0.000,1,272,83,0
1415,16.680,0.524,0.454,0.062,0.003,0.006,0,0.708,0.000,0.000,0,272,0,0
1416,16.685,0.792,0.490,0.112,0.182,0.009,1,0.406,0.000,0.000,1,272,83,0
1417,16.683,0.504,0.434,0.061,0.003,0.006,0,0.406,0.000,0.000,0,272,0,0
1418,16.681,0.730,0.455,0.106,0.162,0.006,1,0.425,0.000,0.000,1,272,83,0
1419,16.685,0.676,0.605,0.061,0.002,0.007,0,0.425,0.000,0.000,0,272,0,0
1420,16.688,1.076,0.680,0.140,0.246,0.010,1,0.469,0.000,0.000,1,272,83,0
1421,16.694,0.597,0.523,0.063,0.003,0.008,0,0.469,0.000,0.000,0,272,0,0
1422,16.672,1.308,0.768,0.168,0.356,0.016,1,0.611,0.000,0.000,1,272,83,0
1423,16.678,0.529,0.458,0.061,0.003,0.006,0,0.611,0.000,0.000,0,272,0,0
1424,16.686,0.762,0.459,0.114,0.183,0.007,1,0.460,0.000,0.000,1,272,83,0
1425,16.679,0.495,0.426,0.060,0.002,0.006,0,0.460,0.000,0.000,0,272,0,0
1426,16.686,0.711,0.443,0.103,0.159,0.005,1,0.434,0.000,0.000,1,272,83,0
1427,16.684,0.490,0.420,0.061,0.003,0.005,0,0.434,0.000,0.000,0,272,0,0
1428,16.683,0.752,0.473,0.109,0.161,0.008,1,0.406,0.000,0.000,1,272,83,0
1429,16.688,0.547,0.478,0.061,0.002,0.005,0,0.406,0.000,0.000,0,272,0,0
1430,16.682,1.319,0.792,0.173,0.339,0.016,1,0.720,0.000,0.000,1,272,83,0
1431,16.682,0.534,0.461,0.062,0.003,0.008,0,0.720,0.000,0.000,0,272,0,0
1432,16.684,0.767,0.468,0.111,0.181,0.006,1,0.370,0.000,0.000,1,272,83,0
1433,16.681,0.497,0.428,0.061,0.002,0.006,0,0.370,0.000,0.000,0,272,0,0
1434,16.684,0.757,0.470,0.108,0.171,0.009,1,0.349,0.000,0.000,1,272,83,0
1435,16.692,0.758,0.688,0.061,0.002,0.006,0,0.349,0.000,0.000,0,272,0,0
1436,16.677,1.017,0.694,0.129,0.188,0.007,1,0.395,0.000,0.000,1,272,83,0
1437,16.684,0.601,0.527,0.062,0.004,0.008,0,0.395,0.000,0.000,0,272,0,0
1438,16.682,1.309,0.797,0.164,0.333,0.016,1,0.628,0.000,0.000,1,272,83,0
1439,16.681,0.660,0.589,0.062,0.003,0.006,0,0.628,0.000,0.000,0,272,0,0
1440,16.683,0.821,0.503,0.115,0.192,0.011,1,0.409,0.000,0.000,1,272,83,0
1441,16.684,0.501,0.432,0.060,0.003,0.006,0,0.409,0.000,0.000,0,272,0,0
1442,16.685,0.734,0.457,0.106,0.164,0.007,1,0.358,0.000,0.000,1,272,83,0
1443,16.681,0.499,0.430,0.061,0.003,0.007,0,0.358,0.000,0.000,0,272,0,0
1444,16.688,0.742,0.471,0.106,0.158,0.007,1,0.425,0.000,0.000,1,272,83,0
1445,16.676,0.489,0.421,0.061,0.002,0.006,0,0.425,0.000,0.000,0,272,0,0
1446,16.687,0.717,0.446,0.105,0.158,0.007,1,0.432,0.000,0.000,1,272,83,0
1447,16.679,0.481,0.413,0.060,0.002,0.005,0,0.432,0.000,0.000,0,272,0,0
1448,16.688,0.692,0.431,0.101,0.154,0.006,1,0.405,0.000,0.000,1,272,83,0
1449,16.685,0.489,0.419,0.061,0.002,0.007,0,0.405,0.000,0.000,0,272,0,0
1450,16.683,0.708,0.443,0.102,0.157,0.006,1,0.411,0.000,0.000,1,272,83,0
1451,16.681,0.834,0.746,0.073,0.006,0.009,0,0.411,0.000,0.000,0,272,0,0
1452,16.683,0.874,0.580,0.113,0.172,0.010,1,0.441,0.000,0.000,1,272,83,0
1453,16.686,0.499,0.430,0.061,0.003,0.006,0,0.441,0.000,0.000,0,272,0,0
1454,16.683,0.744,0.457,0.107,0.172,0.007,1,0.361,0.000,0.000,1,272,83,0
1455,16.681,0.544,0.473,0.061,0.003,0.007,0,0.361,0.000,0.000,0,272,0,0
1456,16.683,0.739,0.464,0.106,0.161,0.008,1,0.412,0.000,0.000,1,272,83,0
1457,16.686,0.494,0.425,0.061,0.002,0.006,0,0.412,0.000,0.000,0,272,0,0
1458,16.683,0.737,0.464,0.106,0.159,0.008,1,0.370,0.000,0.000,1,272,83,0
1459,16.682,0.486,0.417,0.061,0.003,0.006,0,0.370,0.000,0.000,0,272,0,0
1460,16.685,0.712,0.447,0.104,0.155,0.007,1,0.360,0.000,0.000,1,272,83,0
1461,16.680,0.487,0.418,0.061,0.002,0.007,0,0.360,0.000,0.000,0,272,0,0
1462,16.687,0.729,0.462,0.106,0.155,0.007,1,0.355,0.000,0.000,1,272,83,0
1463,16.681,0.489,0.420,0.061,0.003,0.006,0,0.355,0.000,0.000,0,272,0,0
1464,16.685,0.720,0.456,0.105,0.151,0.008,1,0.348,0.000,0.000,1,272,83,0
1465,16.681,0.491,0.422,0.061,0.002,0.006,0,0.348,0.000,0.000,0,272,0,0
1466,16.685,0.714,0.448,0.105,0.155,0.007,1,0.368,0.000,0.000,1,272,83,0
1467,16.679,0.862,0.791,0.062,0.002,0.007,0,0.368,0.000,0.000,0,272,0,0
1468,16.684,0.925,0.655,0.105,0.160,0.005,1,0.336,0.000,0.000,1,272,83,0
1469,16.692,0.528,0.460,0.061,0.002,0.004,0,0.336,0.000,0.000,0,272,0,0
1470,16.682,1.268,0.765,0.166,0.324,0.014,1,0.731,0.000,0.000,1,272,83,0
1471,16.681,0.523,0.453,0.062,0.003,0.006,0,0.731,0.000,0.000,0,272,0,0
1472,16.685,0.792,0.490,0.114,0.181,0.007,1,0.383,0.000,0.000,1,272,83,0
1473,16.685,0.511,0.440,0.061,0.003,0.007,0,0.383,0.000,0.000,0,272,0,0
1474,16.677,1.187,0.835,0.125,0.217,0.009,1,0.462,0.000,0.000,1,272,83,0
1475,16.686,0.533,0.465,0.061,0.002,0.005,0,0.462,0.000,0.000,0,272,0,0
1476,16.684,0.979,0.625,0.126,0.216,0.013,1,0.488,0.000,0.000,1,272,83,0
1477,16.681,0.482,0.414,0.061,0.002,0.005,0,0.488,0.000,0.000,0,272,0,0
1478,16.685,0.711,0.442,0.107,0.156,0.006,1,0.425,0.000,0.000,1,272,83,0
1479,16.681,0.586,0.471,0.061,0.003,0.051,0,0.425,0.000,0.000,0,272,0,0
1480,16.687,0.738,0.464,0.104,0.164,0.007,1,0.430,0.000,0.000,1,272,83,0
1481,16.679,0.483,0.415,0.060,0.002,0.005,0,0.430,0.000,0.000,0,272,0,0
1482,16.686,0.699,0.438,0.101,0.152,0.008,1,0.398,0.000,0.000,1,272,83,0
1483,16.683,0.477,0.409,0.061,0.002,0.005,0,0.398,0.000,0.000,0,272,0,0
1484,16.687,0.754,0.476,0.109,0.163,0.007,1,0.406,0.000,0.000,1,272,83,0
1485,16.680,0.493,0.423,0.061,0.003,0.007,0,0.406,0.000,0.000,0,272,0,0
1486,16.686,0.745,0.465,0.108,0.166,0.007,1,0.380,0.000,0.000,1,272,83,0
1487,16.682,0.492,0.423,0.061,0.003,0.006,0,0.380,0.000,0.000,0,272,0,0
1488,16.683,0.742,0.469,0.104,0.162,0.008,1,0.356,0.000,0.000,1,272,83,0
1489,16.690,0.502,0.433,0.061,0.002,0.006,0,0.356,0.000,0.000,0,272,0,0
1490,16.677,1.282,0.859,0.146,0.268,0.009,1,0.473,0.000,0.000,1,272,83,0
1491,16.683,0.539,0.470,0.061,0.003,0.006,0,0.473,0.000,0.000,0,272,0,0
1492,16.685,0.944,0.611,0.121,0.203,0.010,1,0.500,0.000,0.000,1,272,83,0
1493,16.682,0.503,0.433,0.061,0.003,0.006,0,0.500,0.000,0.000,0,272,0,0
1494,16.685,0.766,0.482,0.108,0.167,0.009,1,0.366,0.000,0.000,1,272,83,0
1495,16.681,0.497,0.428,0.061,0.002,0.006,0,0.366,0.000,0.000,0,272,0,0
1496,16.690,0.735,0.460,0.107,0.161,0.008,1,0.385,0.000,0.000,1,272,83,0
1497,16.682,0.577,0.501,0.063,0.004,0.009,0,0.385,0.000,0.000,0,272,0,0
1498,16.680,0.842,0.477,0.124,0.235,0.007,1,0.571,0.000,0.000,1,272,83,0
1499,16.684,0.629,0.559,0.061,0.003,0.006,0,0.571,0.000,0.000,0,272,0,0
1500,16.683,0.780,0.473,0.113,0.186,0.008,1,0.429,0.000,0.000,1,272,83,0
1501,16.685,0.510,0.441,0.061,0.003,0.006,0,0.429,0.000,0.000,0,272,0,0
1502,16.685,0.760,0.469,0.109,0.175,0.008,1,0.401,0.000,0.000,1,272,83,0
1503,16.679,0.492,0.424,0.061,0.002,0.005,0,0.401,0.000,0.000,0,272,0,0
1504,16.686,0.734,0.458,0.105,0.163,0.007,1,0.383,0.000,0.000,1,272,83,0
1505,16.691,0.505,0.435,0.061,0.002,0.007,0,0.383,0.000,0.000,0,272,0,0
1506,16.675,1.502,0.967,0.174,0.349,0.013,1,0.579,0.000,0.000,1,272,83,0
1507,16.682,0.560,0.491,0.062,0.003,0.005,0,0.579,0.000,0.000,0,272,0,0
1508,16.685,0.980,0.635,0.123,0.211,0.012,1,0.544,0.000,0.000,1,272,83,0
1509,16.682,0.506,0.436,0.061,0.003,0.006,0,0.544,0.000,0.000,0,272,0,0
1510,16.684,0.751,0.467,0.107,0.170,0.007,1,0.396,0.000,0.000,1,272,83,0
1511,16.682,0.504,0.434,0.061,0.002,0.007,0,0.396,0.000,0.000,0,272,0,0
1512,16.683,0.733,0.455,0.105,0.166,0.007,1,0.388,0.000,0.000,1,272,83,0
1513,16.685,0.497,0.427,0.061,0.002,0.006,0,0.388,0.000,0.000,0,272,0,0
1514,16.683,0.732,0.458,0.104,0.161,0.009,1,0.374,0.000,0.000,1,272,83,0
1515,16.682,0.483,0.415,0.061,0.002,0.006,0,0.374,0.000,0.000,0,272,0,0
1516,16.686,0.755,0.476,0.108,0.163,0.008,1,0.364,0.000,0.000,1,272,83,0
1517,16.682,0.494,0.424,0.061,0.003,0.007,0,0.364,0.000,0.000,0,272,0,0
1518,16.684,0.734,0.462,0.105,0.160,0.007,1,0.379,0.000,0.000,1,272,83,0
1519,16.681,0.541,0.473,0.061,0.002,0.006,0,0.379,0.000,0.000,0,272,0,0
1520,16.686,0.732,0.461,0.105,0.157,0.010,1,0.361,0.000,0.000,1,272,83,0
1521,16.684,0.486,0.417,0.061,0.002,0.006,0,0.361,0.000,0.000,0,272,0,0
1522,16.687,1.520,1.088,0.154,0.267,0.012,1,0.502,0.000,0.000,1,272,83,0
1523,16.678,0.609,0.539,0.062,0.003,0.006,0,0.502,0.000,0.000,0,272,0,0
1524,16.684,0.949,0.610,0.120,0.209,0.009,1,0.481,0.000,0.000,1,272,83,0
1525,16.682,0.507,0.437,0.061,0.003,0.006,0,0.481,0.000,0.000,0,272,0,0
1526,16.686,0.747,0.463,0.108,0.169,0.008,1,0.364,0.000,0.000,1,272,83,0
1527,16.684,0.506,0.437,0.061,0.002,0.006,0,0.364,0.000,0.000,0,272,0,0
1528,16.684,0.726,0.454,0.106,0.160,0.007,1,0.347,0.000,0.000,1,272,83,0
1529,16.682,0.504,0.433,0.061,0.003,0.007,0,0.347,0.000,0.000,0,272,0,0
1530,16.680,0.721,0.450,0.104,0.161,0.007,1,0.348,0.000,0.000,1,272,83,0
1531,16.686,0.489,0.420,0.060,0.003,0.006,0,0.348,0.000,0.000,0,272,0,0
1532,16.685,0.737,0.464,0.103,0.162,0.008,1,0.342,0.000,0.000,1,272,83,0
1533,16.681,0.484,0.414,0.061,0.002,0.006,0,0.342,0.000,0.000,0,272,0,0
1534,16.681,0.744,0.472,0.105,0.161,0.006,1,0.407,0.000,0.000,1,272,83,0
1535,16.686,0.497,0.427,0.061,0.002,0.007,0,0.407,0.000,0.000,0,272,0,0
1536,16.684,0.739,0.461,0.106,0.164,0.007,1,0.361,0.000,0.000,1,272,83,0
1537,16.681,0.522,0.453,0.061,0.002,0.006,0,0.361,0.000,0.000,0,272,0,0
1538,16.688,1.199,0.778,0.162,0.245,0.013,1,0.575,0.000,0.000,1,272,83,0
1539,16.679,0.579,0.509,0.062,0.003,0.006,0,0.575,0.000,0.000,0,272,0,0
1540,16.684,0.773,0.474,0.113,0.179,0.007,1,0.429,0.000,0.000,1,272,83,0
1541,16.683,0.492,0.422,0.061,0.002,0.006,0,0.429,0.000,0.000,0,272,0,0
1542,16.683,0.716,0.448,0.103,0.158,0.006,1,0.403,0.000,0.000,1,272,83,0
1543,16.681,0.487,0.418,0.061,0.002,0.005,0,0.403,0.000,0.000,0,272,0,0
1544,16.688,0.697,0.433,0.102,0.155,0.007,1,0.409,0.000,0.000,1,272,83,0
1545,16.678,0.495,0.426,0.061,0.002,0.005,0,0.409,0.000,0.000,0,272,0,0
1546,16.689,0.704,0.440,0.105,0.153,0.006,1,0.398,0.000,0.000,1,272,83,0
1547,16.679,0.487,0.418,0.061,0.002,0.006,0,0.398,0.000,0.000,0,272,0,0
1548,16.685,0.704,0.443,0.102,0.152,0.006,1,0.394,0.000,0.000,1,272,83,0
1549,16.680,0.473,0.405,0.061,0.002,0.005,0,0.394,0.000,0.000,0,272,0,0
1550,16.688,0.694,0.439,0.100,0.149,0.007,1,0.444,0.000,0.000,1,272,83,0
1551,16.679,0.476,0.407,0.060,0.003,0.005,0,0.444,0.000,0.000,0,272,0,0
1552,16.688,0.692,0.436,0.100,0.151,0.006,1,0.402,0.000,0.000,1,272,83,0
1553,16.679,0.476,0.408,0.060,0.002,0.006,0,0.402,0.000,0.000,0,272,0,0
1554,16.690,0.872,0.630,0.084,0.153,0.006,1,0.416,0.000,0.000,1,272,83,0
1555,16.676,0.478,0.409,0.061,0.002,0.006,0,0.416,0.000,0.000,0,272,0,0
1556,16.694,1.254,0.793,0.175,0.273,0.013,1,0.465,0.000,0.000,1,272,83,0
1557,16.681,0.715,0.640,0.065,0.004,0.007,0,0.465,0.000,0.000,0,272,0,0
1558,16.679,1.226,0.743,0.155,0.316,0.012,1,0.588,0.000,0.000,1,272,83,0
1559,16.680,0.633,0.563,0.061,0.003,0.006,0,0.588,0.000,0.000,0,272,0,0
1560,16.686,0.732,0.449,0.108,0.169,0.006,1,0.454,0.000,0.000,1,272,83,0
1561,16.681,0.492,0.423,0.061,0.002,0.006,0,0.454,0.000,0.000,0,272,0,0
1562,16.689,0.721,0.447,0.104,0.164,0.007,1,0.420,0.000,0.000,1,272,83,0
1563,16.677,0.476,0.408,0.060,0.002,0.005,0,0.420,0.000,0.000,0,272,0,0
1564,16.688,0.700,0.440,0.102,0.152,0.006,1,0.410,0.000,0.000,1,272,83,0
1565,16.679,0.478,0.408,0.061,0.002,0.007,0,0.410,0.000,0.000,0,272,0,0
1566,16.688,0.691,0.437,0.100,0.149,0.005,1,0.398,0.000,0.000,1,272,83,0
1567,16.681,0.499,0.414,0.076,0.002,0.006,0,0.398,0.000,0.000,0,272,1,0
1568,16.685,0.755,0.472,0.110,0.166,0.007,1,0.409,0.000,0.000,1,272,83,0
1569,16.680,0.477,0.409,0.061,0.002,0.006,0,0.409,0.000,0.000,0,272,0,0
1570,16.686,0.942,0.675,0.110,0.152,0.006,1,0.418,0.000,0.000,1,272,83,0
1571,16.681,0.483,0.413,0.061,0.003,0.007,0,0.418,0.000,0.000,0,272,0,0
1572,16.690,0.703,0.444,0.100,0.152,0.006,1,0.397,0.000,0.000,1,272,83,0
1573,16.676,0.493,0.425,0.061,0.002,0.006,0,0.397,0.000,0.000,0,272,0,0
1574,16.687,0.717,0.445,0.103,0.161,0.008,1,0.392,0.000,0.000,1,272,83,0
1575,16.680,0.470,0.402,0.061,0.002,0.005,0,0.392,0.000,0.000,0,272,0,0
1576,16.686,0.687,0.432,0.100,0.150,0.005,1,0.401,0.000,0.000,1,272,83,0
1577,16.681,0.483,0.413,0.061,0.002,0.007,0,0.401,0.000,0.000,0,272,0,0
1578,16.685,0.695,0.436,0.102,0.151,0.006,1,0.394,0.000,0.000,1,272,83,0
1579,16.681,0.495,0.425,0.061,0.003,0.006,0,0.394,0.000,0.000,0,272,0,0
1580,16.686,0.712,0.444,0.103,0.157,0.007,1,0.390,0.000,0.000,1,272,83,0
1581,16.679,0.477,0.409,0.060,0.003,0.006,0,0.390,0.000,0.000,0,272,0,0
1582,16.687,0.687,0.432,0.101,0.148,0.006,1,0.384,0.000,0.000,1,272,83,0
1583,16.682,0.534,0.465,0.060,0.002,0.007,0,0.384,0.000,0.000,0,272,0,0
1584,16.686,0.737,0.466,0.106,0.158,0.007,1,0.401,0.000,0.000,1,272,83,0
1585,16.679,0.483,0.415,0.061,0.002,0.005,0,0.401,0.000,0.000,0,272,0,0
1586,16.687,0.694,0.432,0.103,0.154,0.006,1,0.702,0.000,0.000,1,272,83,0
1587,16.690,0.544,0.476,0.061,0.002,0.005,0,0.702,0.000,0.000,0,272,0,0
1588,16.679,1.262,0.758,0.169,0.323,0.012,1,0.689,0.000,0.000,1,272,83,0
1589,16.682,0.523,0.452,0.061,0.003,0.007,0,0.689,0.000,0.000,0,272,0,0
1590,16.683,0.766,0.458,0.114,0.185,0.008,1,0.384,0.000,0.000,1,272,83,0
1591,16.683,0.497,0.427,0.061,0.002,0.006,0,0.384,0.000,0.000,0,272,0,0
1592,16.689,0.739,0.461,0.105,0.164,0.009,1,0.381,0.000,0.000,1,272,83,0
1593,16.678,0.672,0.598,0.062,0.004,0.007,0,0.381,0.000,0.000,0,272,0,0
1594,16.685,0.893,0.611,0.107,0.168,0.007,1,0.419,0.000,0.000,1,272,83,0
1595,16.683,0.501,0.431,0.061,0.003,0.007,0,0.419,0.000,0.000,0,272,0,0
1596,16.683,0.733,0.460,0.105,0.160,0.007,1,0.406,0.000,0.000,1,272,83,0
1597,16.683,0.495,0.426,0.061,0.002,0.006,0,0.406,0.000,0.000,0,272,0,0
1598,16.681,0.751,0.459,0.103,0.182,0.008,1,0.456,0.000,0.000,1,272,83,0
1599,16.686,0.494,0.425,0.061,0.002,0.006,0,0.456,0.000,0.000,0,272,0,0
1600,16.683,0.742,0.465,0.105,0.164,0.007,1,0.388,0.000,0.000,1,272,83,0
1601,16.683,0.496,0.426,0.061,0.002,0.007,0,0.388,0.000,0.000,0,272,0,0
1602,16.682,1.119,0.445,0.103,0.564,0.006,1,0.317,0.000,0.000,1,272,83,0
1603,16.684,0.491,0.421,0.061,0.003,0.007,0,0.317,0.000,0.000,0,272,0,0
1604,16.684,0.730,0.454,0.106,0.164,0.007,1,0.351,0.000,0.000,1,272,83,0
1605,16.683,0.491,0.421,0.061,0.003,0.006,0,0.351,0.000,0.000,0,272,0,0
1606,16.683,0.725,0.452,0.106,0.159,0.008,1,0.342,0.000,0.000,1,272,83,0
1607,16.684,0.490,0.421,0.061,0.002,0.006,0,0.342,0.000,0.000,0,272,0,0
1608,16.689,0.725,0.457,0.104,0.158,0.006,1,0.382,0.000,0.000,1,272,83,0
1609,16.678,0.707,0.630,0.063,0.004,0.009,0,0.382,0.000,0.000,0,272,0,0
1610,16.683,0.854,0.578,0.107,0.162,0.007,1,0.430,0.000,0.000,1,272,83,0
1611,16.685,0.496,0.427,0.061,0.003,0.006,0,0.430,0.000,0.000,0,272,0,0
1612,16.683,0.729,0.458,0.103,0.159,0.007,1,0.379,0.000,0.000,1,272,83,0
1613,16.684,0.490,0.421,0.061,0.002,0.006,0,0.379,0.000,0.000,0,272,0,0
1614,16.683,0.725,0.456,0.102,0.160,0.007,1,0.374,0.000,0.000,1,272,83,0
1615,16.683,0.495,0.425,0.061,0.003,0.006,0,0.374,0.000,0.000,0,272,0,0
1616,16.700,0.744,0.471,0.103,0.163,0.007,1,0.376,0.000,0.000,1,272,83,0
1617,16.674,0.613,0.537,0.063,0.005,0.008,0,0.376,0.000,0.000,0,272,0,0
1618,16.677,1.436,0.594,0.134,0.697,0.011,1,0.472,0.000,0.000,1,272,83,0
1619,16.682,0.642,0.571,0.062,0.003,0.006,0,0.472,0.000,0.000,0,272,0,0
1620,16.684,0.785,0.486,0.113,0.180,0.007,1,0.396,0.000,0.000,1,272,83,0
1621,16.683,0.503,0.433,0.061,0.002,0.007,0,0.396,0.000,0.000,0,272,0,0
1622,16.684,0.772,0.494,0.107,0.165,0.007,1,0.352,0.000,0.000,1,272,83,0
1623,16.682,0.492,0.424,0.060,0.002,0.006,0,0.352,0.000,0.000,0,272,0,0
1624,16.685,0.724,0.456,0.103,0.157,0.008,1,0.391,0.000,0.000,1,272,83,0
1625,16.685,0.691,0.620,0.062,0.003,0.007,0,0.391,0.000,0.000,0,272,0,0
1626,16.682,1.332,0.788,0.171,0.357,0.015,1,0.750,0.000,0.000,1,272,83,0
1627,16.681,0.535,0.463,0.061,0.003,0.007,0,0.750,0.000,0.000,0,272,0,0
1628,16.682,0.790,0.482,0.116,0.184,0.007,1,0.305,0.000,0.000,1,272,83,0
1629,16.685,0.505,0.435,0.061,0.003,0.006,0,0.305,0.000,0.000,0,272,0,0
1630,16.682,0.749,0.463,0.110,0.169,0.008,1,0.337,0.000,0.000,1,272,83,0
1631,16.684,0.486,0.418,0.061,0.002,0.005,0,0.337,0.000,0.000,0,272,0,0
1632,16.687,0.728,0.456,0.106,0.159,0.007,1,0.353,0.000,0.000,1,272,83,0
1633,16.683,0.509,0.439,0.061,0.003,0.006,0,0.353,0.000,0.000,0,272,0,0
1634,16.682,0.745,0.465,0.105,0.168,0.007,1,0.369,0.000,0.000,1,272,83,0
1635,16.681,0.501,0.431,0.061,0.003,0.006,0,0.369,0.000,0.000,0,272,0,0
1636,16.685,0.749,0.466,0.108,0.166,0.008,1,0.419,0.000,0.000,1,272,83,0
1637,16.681,0.496,0.426,0.060,0.003,0.006,0,0.419,0.000,0.000,0,272,0,0
1638,16.686,0.734,0.460,0.105,0.162,0.008,1,0.382,0.000,0.000,1,272,83,0
1639,16.681,0.495,0.425,0.061,0.002,0.007,0,0.382,0.000,0.000,0,272,0,0
1640,16.687,0.737,0.467,0.105,0.159,0.007,1,0.354,0.000,0.000,1,272,83,0
1641,16.685,0.666,0.583,0.074,0.002,0.006,0,0.354,0.000,0.000,0,272,0,0
1642,16.681,1.142,0.709,0.146,0.274,0.013,1,0.626,0.000,0.000,1,272,83,0
1643,16.683,0.515,0.444,0.062,0.003,0.006,0,0.626,0.000,0.000,0,272,0,0
1644,16.683,0.771,0.482,0.109,0.174,0.007,1,0.398,0.000,0.000,1,272,83,0
1645,16.681,0.504,0.434,0.061,0.003,0.007,0,0.398,0.000,0.000,0,272,0,0
1646,16.686,0.744,0.466,0.108,0.164,0.006,1,0.406,0.000,0.000,1,272,83,0
1647,16.682,0.543,0.474,0.061,0.003,0.006,0,0.406,0.000,0.000,0,272,0,0
1648,16.684,0.743,0.467,0.107,0.162,0.008,1,0.403,0.000,0.000,1,272,83,0
1649,16.678,0.481,0.412,0.061,0.002,0.005,0,0.403,0.000,0.000,0,272,0,0
1650,16.689,0.695,0.436,0.101,0.152,0.006,1,0.407,0.000,0.000,1,272,83,0
1651,16.680,0.480,0.411,0.060,0.002,0.006,0,0.407,0.000,0.000,0,272,0,0
1652,16.687,0.691,0.427,0.103,0.154,0.006,1,0.410,0.000,0.000,1,272,83,0
1653,16.679,0.472,0.404,0.060,0.002,0.006,0,0.410,0.000,0.000,0,272,0,0
1654,16.688,0.705,0.445,0.102,0.150,0.007,1,0.413,0.000,0.000,1,272,83,0
1655,16.679,0.473,0.404,0.060,0.002,0.005,0,0.413,0.000,0.000,0,272,0,0
1656,16.687,0.698,0.437,0.100,0.155,0.006,1,0.397,0.000,0.000,1,272,83,0
1657,16.683,0.485,0.416,0.061,0.002,0.006,0,0.397,0.000,0.000,0,272,0,0
1658,16.680,0.915,0.648,0.104,0.158,0.005,1,0.345,0.000,0.000,1,272,83,0
1659,16.690,0.529,0.461,0.061,0.002,0.004,0,0.345,0.000,0.000,0,272,0,0
1660,16.682,1.166,0.726,0.150,0.276,0.013,1,0.602,0.000,0.000,1,272,83,0
1661,16.679,0.515,0.445,0.062,0.002,0.006,0,0.602,0.000,0.000,0,272,0,0
1662,16.686,0.759,0.471,0.111,0.170,0.007,1,0.414,0.000,0.000,1,272,83,0
1663,16.682,0.499,0.428,0.061,0.002,0.007,0,0.414,0.000,0.000,0,272,0,0
1664,16.684,0.732,0.455,0.105,0.165,0.008,1,0.367,0.000,0.000,1,272,83,0
1665,16.680,0.483,0.415,0.061,0.002,0.006,0,0.367,0.000,0.000,0,272,0,0
1666,16.684,0.723,0.456,0.104,0.155,0.007,1,0.360,0.000,0.000,1,272,83,0
1667,16.682,0.478,0.410,0.061,0.002,0.005,0,0.360,0.000,0.000,0,272,0,0
1668,16.686,0.717,0.453,0.105,0.152,0.006,1,0.419,0.000,0.000,1,272,83,0
1669,16.680,0.490,0.421,0.061,0.002,0.006,0,0.419,0.000,0.000,0,272,0,0
1670,16.687,0.700,0.439,0.101,0.154,0.005,1,0.399,0.000,0.000,1,272,83,0
1671,16.679,0.472,0.403,0.061,0.003,0.005,0,0.399,0.000,0.000,0,272,0,0
1672,16.687,0.697,0.437,0.100,0.152,0.008,1,0.393,0.000,0.000,1,272,83,0
1673,16.682,0.477,0.409,0.061,0.002,0.005,0,0.393,0.000,0.000,0,272,0,0
1674,16.682,0.911,0.644,0.103,0.159,0.005,1,0.342,0.000,0.000,1,272,83,0
1675,16.689,0.526,0.458,0.061,0.003,0.005,0,0.342,0.000,0.000,0,272,0,0
1676,16.684,1.141,0.708,0.150,0.272,0.011,1,0.521,0.000,0.000,1,272,83,0
1677,16.686,0.515,0.445,0.061,0.003,0.006,0,0.521,0.000,0.000,0,272,0,0
1678,16.683,1.022,0.610,0.135,0.263,0.013,1,0.624,0.000,0.000,1,272,83,0
1679,16.679,0.650,0.580,0.061,0.003,0.006,0,0.624,0.000,0.000,0,272,0,0
1680,16.684,0.786,0.474,0.117,0.189,0.007,1,0.430,0.000,0.000,1,272,83,0
1681,16.682,0.504,0.434,0.061,0.003,0.007,0,0.430,0.000,0.000,0,272,0,0
1682,16.684,0.740,0.460,0.106,0.168,0.007,1,0.384,0.000,0.000,1,272,83,0
1683,16.685,0.493,0.424,0.061,0.003,0.006,0,0.384,0.000,0.000,0,272,0,0
1684,16.682,0.731,0.456,0.106,0.161,0.008,1,0.351,0.000,0.000,1,272,83,0
1685,16.684,0.493,0.424,0.060,0.002,0.006,0,0.351,0.000,0.000,0,272,0,0
1686,16.683,0.747,0.474,0.105,0.162,0.007,1,0.396,0.000,0.000,1,272,83,0
1687,16.684,0.500,0.430,0.061,0.003,0.007,0,0.396,0.000,0.000,0,272,0,0
1688,16.682,0.737,0.459,0.106,0.166,0.007,1,0.384,0.000,0.000,1,272,83,0
1689,16.681,0.795,0.725,0.061,0.002,0.006,0,0.384,0.000,0.000,0,272,0,0
1690,16.681,0.975,0.697,0.104,0.168,0.006,1,0.373,0.000,0.000,1,272,83,0
1691,16.692,0.545,0.476,0.061,0.003,0.004,0,0.373,0.000,0.000,0,272,0,0
1692,16.682,1.395,0.862,0.169,0.349,0.014,1,0.635,0.000,0.000,1,272,83,0
1693,16.687,0.535,0.463,0.062,0.003,0.007,0,0.635,0.000,0.000,0,272,0,0
1694,16.675,1.156,0.814,0.122,0.213,0.007,1,0.477,0.000,0.000,1,272,83,0
1695,16.693,0.532,0.464,0.061,0.002,0.005,0,0.477,0.000,0.000,0,272,0,0
1696,16.675,0.996,0.716,0.107,0.165,0.007,1,0.335,0.000,0.000,1,272,83,0
1697,16.687,0.517,0.448,0.061,0.003,0.005,0,0.335,0.000,0.000,0,272,0,0
1698,16.681,1.043,0.649,0.138,0.247,0.010,1,0.470,0.000,0.000,1,272,83,0
1699,16.680,0.499,0.429,0.061,0.003,0.007,0,0.470,0.000,0.000,0,272,0,0
1700,16.689,0.706,0.433,0.104,0.162,0.006,1,0.423,0.000,0.000,1,272,83,0
1701,16.678,0.501,0.431,0.061,0.003,0.006,0,0.423,0.000,0.000,0,272,0,0
1702,16.687,0.716,0.438,0.107,0.164,0.007,1,0.397,0.000,0.000,1,272,83,0
1703,16.679,0.479,0.410,0.061,0.002,0.006,0,0.397,0.000,0.000,0,272,0,0
1704,16.685,0.700,0.439,0.100,0.154,0.007,1,0.401,0.000,0.000,1,272,83,0
1705,16.683,0.487,0.418,0.061,0.003,0.006,0,0.401,0.000,0.000,0,272,0,0
1706,16.688,0.757,0.474,0.109,0.166,0.007,1,0.405,0.000,0.000,1,272,83,0
1707,16.679,0.513,0.442,0.061,0.003,0.007,0,0.405,0.000,0.000,0,272,0,0
1708,16.686,0.744,0.462,0.108,0.167,0.007,1,0.379,0.000,0.000,1,272,83,0
1709,16.681,0.492,0.423,0.061,0.003,0.006,0,0.379,0.000,0.000,0,272,0,0
1710,16.686,0.730,0.460,0.105,0.157,0.008,1,0.352,0.000,0.000,1,272,83,0
1711,16.689,0.552,0.484,0.061,0.002,0.006,0,0.352,0.000,0.000,0,272,0,0
1712,16.676,1.267,0.863,0.141,0.251,0.012,1,0.495,0.000,0.000,1,272,83,0
1713,16.684,0.536,0.467,0.062,0.002,0.005,0,0.495,0.000,0.000,0,272,0,0
1714,16.685,0.956,0.611,0.126,0.211,0.009,1,0.502,0.000,0.000,1,272,83,0
1715,16.683,0.504,0.435,0.061,0.003,0.006,0,0.502,0.000,0.000,0,272,0,0
1716,16.683,0.739,0.459,0.109,0.163,0.008,1,0.374,0.000,0.000,1,272,83,0
1717,16.685,0.502,0.433,0.061,0.003,0.006,0,0.374,0.000,0.000,0,272,0,0
1718,16.682,0.957,0.671,0.111,0.169,0.006,1,0.313,0.000,0.000,1,272,83,0
1719,16.684,0.536,0.466,0.061,0.003,0.006,0,0.313,0.000,0.000,0,272,0,0
1720,16.684,1.020,0.655,0.131,0.224,0.010,1,0.530,0.000,0.000,1,272,83,0
1721,16.706,0.524,0.455,0.061,0.003,0.005,0,0.530,0.000,0.000,0,272,0,0
1722,16.668,1.084,0.650,0.155,0.264,0.014,1,0.694,0.000,0.000,1,272,83,0
1723,16.678,0.649,0.571,0.063,0.005,0.010,0,0.694,0.000,0.000,0,272,0,0
1724,16.681,1.136,0.699,0.139,0.291,0.006,1,0.488,0.000,0.000,1,272,83,0
1725,16.685,0.566,0.495,0.062,0.003,0.006,0,0.488,0.000,0.000,0,272,0,0
1726,16.681,1.402,0.832,0.180,0.373,0.017,1,0.793,0.000,0.000,1,272,83,0
1727,16.681,0.512,0.443,0.061,0.003,0.005,0,0.793,0.000,0.000,0,272,0,0
1728,16.686,0.717,0.440,0.095,0.174,0.007,1,0.434,0.000,0.000,1,272,83,0
1729,16.679,0.485,0.416,0.061,0.003,0.006,0,0.434,0.000,0.000,0,272,0,0
1730,16.689,0.710,0.439,0.103,0.162,0.006,1,0.428,0.000,0.000,1,272,83,0
1731,16.681,0.498,0.428,0.061,0.002,0.007,0,0.428,0.000,0.000,0,272,0,0
1732,16.686,0.731,0.454,0.103,0.167,0.006,1,0.422,0.000,0.000,1,272,83,0
1733,16.679,0.479,0.410,0.061,0.002,0.005,0,0.422,0.000,0.000,0,272,0,0
1734,16.686,0.706,0.441,0.101,0.157,0.007,1,0.407,0.000,0.000,1,272,83,0
1735,16.681,0.484,0.415,0.061,0.003,0.006,0,0.407,0.000,0.000,0,272,0,0
1736,16.687,0.699,0.430,0.103,0.160,0.006,1,0.413,0.000,0.000,1,272,83,0
1737,16.692,0.492,0.422,0.061,0.003,0.006,0,0.413,0.000,0.000,0,272,0,0
1738,16.679,1.079,0.649,0.144,0.273,0.013,1,0.556,0.000,0.000,1,272,83,0
1739,16.679,0.634,0.563,0.061,0.003,0.006,0,0.556,0.000,0.000,0,272,0,0
1740,16.685,0.785,0.487,0.110,0.180,0.008,1,0.449,0.000,0.000,1,272,83,0
1741,16.680,0.488,0.420,0.061,0.003,0.005,0,0.449,0.000,0.000,0,272,0,0
1742,16.687,0.710,0.445,0.104,0.156,0.006,1,0.423,0.000,0.000,1,272,83,0
1743,16.678,0.484,0.413,0.061,0.003,0.007,0,0.423,0.000,0.000,0,272,0,0
1744,16.689,0.684,0.435,0.086,0.157,0.006,1,0.408,0.000,0.000,1,272,83,0
1745,16.679,0.476,0.408,0.061,0.002,0.005,0,0.408,0.000,0.000,0,272,0,0
1746,16.687,0.706,0.443,0.102,0.155,0.007,1,0.404,0.000,0.000,1,272,83,0
1747,16.678,0.474,0.406,0.061,0.002,0.005,0,0.404,0.000,0.000,0,272,0,0
1748,16.687,0.695,0.436,0.101,0.152,0.006,1,0.395,0.000,0.000,1,272,83,0
1749,16.679,0.480,0.410,0.061,0.002,0.006,0,0.395,0.000,0.000,0,272,0,0
1750,16.690,0.691,0.434,0.101,0.150,0.006,1,0.390,0.000,0.000,1,272,83,0
1751,16.677,0.472,0.404,0.061,0.002,0.005,0,0.390,0.000,0.000,0,272,0,0
1752,16.686,0.686,0.431,0.098,0.149,0.007,1,0.396,0.000,0.000,1,272,83,0
1753,16.681,0.475,0.407,0.061,0.002,0.005,0,0.396,0.000,0.000,0,272,0,0
1754,16.689,0.689,0.432,0.100,0.152,0.006,1,0.390,0.000,0.000,1,272,83,0
1755,16.678,0.476,0.407,0.060,0.002,0.006,0,0.390,0.000,0.000,0,272,0,0
1756,16.686,0.673,0.418,0.100,0.149,0.006,1,0.395,0.000,0.000,1,272,83,0
1757,16.681,0.491,0.422,0.061,0.003,0.006,0,0.395,0.000,0.000,0,272,0,0
1758,16.686,0.698,0.433,0.103,0.155,0.007,1,0.400,0.000,0.000,1,272,83,0
1759,16.680,0.475,0.407,0.061,0.002,0.005,0,0.400,0.000,0.000,0,272,0,0
1760,16.688,0.748,0.505,0.084,0.153,0.006,1,0.395,0.000,0.000,1,272,83,0
1761,16.678,0.481,0.411,0.060,0.002,0.007,0,0.395,0.000,0.000,0,272,0,0
1762,16.689,0.676,0.433,0.085,0.151,0.006,1,0.396,0.000,0.000,1,272,83,0
1763,16.679,0.473,0.405,0.060,0.002,0.005,0,0.396,0.000,0.000,0,272,0,0
1764,16.687,0.700,0.442,0.100,0.151,0.007,1,0.384,0.000,0.000,1,272,83,0
1765,16.680,0.482,0.413,0.061,0.002,0.006,0,0.384,0.000,0.000,0,272,0,0
1766,16.687,0.679,0.424,0.102,0.147,0.006,1,0.396,0.000,0.000,1,272,83,0
1767,16.681,0.478,0.409,0.060,0.002,0.006,0,0.396,0.000,0.000,0,272,0,0
1768,16.685,0.679,0.421,0.103,0.149,0.006,1,0.390,0.000,0.000,1,272,83,0
1769,16.681,0.473,0.405,0.061,0.002,0.005,0,0.390,0.000,0.000,0,272,0,0
1770,16.685,0.679,0.422,0.101,0.148,0.007,1,0.386,0.000,0.000,1,272,83,0
1771,16.682,0.477,0.409,0.060,0.002,0.006,0,0.386,0.000,0.000,0,272,0,0
1772,16.688,0.690,0.431,0.100,0.153,0.006,1,0.392,0.000,0.000,1,272,83,0
1773,16.683,0.479,0.410,0.061,0.002,0.006,0,0.392,0.000,0.000,0,272,0,0
1774,16.684,0.739,0.464,0.105,0.162,0.007,1,0.418,0.000,0.000,1,272,83,0
1775,16.679,0.536,0.467,0.061,0.002,0.006,0,0.418,0.000,0.000,0,272,0,0
1776,16.688,0.867,0.614,0.084,0.162,0.007,1,0.402,0.000,0.000,1,272,83,0
1777,16.678,0.477,0.409,0.060,0.002,0.005,0,0.402,0.000,0.000,0,272,0,0
1778,16.687,0.686,0.425,0.102,0.154,0.006,1,0.391,0.000,0.000,1,272,83,0
1779,16.679,0.479,0.410,0.061,0.002,0.007,0,0.391,0.000,0.000,0,272,0,0
1780,16.689,0.691,0.435,0.100,0.150,0.006,1,0.392,0.000,0.000,1,272,83,0
1781,16.678,0.474,0.406,0.060,0.002,0.005,0,0.392,0.000,0.000,0,272,0,0
1782,16.687,0.690,0.437,0.100,0.146,0.007,1,0.387,0.000,0.000,1,272,83,0
1783,16.684,0.478,0.409,0.061,0.002,0.006,0,0.387,0.000,0.000,0,272,0,0
1784,16.684,0.713,0.447,0.104,0.156,0.006,1,0.391,0.000,0.000,1,272,83,0
1785,16.678,0.501,0.430,0.061,0.003,0.007,0,0.391,0.000,0.000,0,272,0,0
1786,16.684,0.699,0.432,0.104,0.157,0.006,1,0.387,0.000,0.000,1,272,83,0
1787,16.682,0.481,0.412,0.061,0.002,0.005,0,0.387,0.000,0.000,0,272,0,0
1788,16.686,0.704,0.445,0.102,0.150,0.007,1,0.437,0.000,0.000,1,272,83,0
1789,16.684,0.487,0.418,0.061,0.002,0.005,0,0.437,0.000,0.000,0,272,0,0
1790,16.685,1.272,0.787,0.108,0.369,0.007,1,0.879,0.000,0.000,1,272,83,0
1791,16.680,0.505,0.435,0.061,0.003,0.007,0,0.879,0.000,0.000,0,272,0,0
1792,16.684,1.266,0.674,0.117,0.469,0.006,1,0.358,0.000,0.000,1,272,83,0
1793,16.681,0.486,0.419,0.061,0.002,0.005,0,0.358,0.000,0.000,0,272,0,0
1794,16.685,0.717,0.445,0.104,0.160,0.007,1,0.395,0.000,0.000,1,272,83,0
1795,16.683,0.483,0.415,0.061,0.002,0.005,0,0.395,0.000,0.000,0,272,0,0
1796,16.686,0.724,0.453,0.102,0.162,0.007,1,0.403,0.000,0.000,1,272,83,0
1797,16.696,0.500,0.430,0.061,0.002,0.007,0,0.403,0.000,0.000,0,272,0,0
1798,16.675,1.075,0.649,0.142,0.268,0.014,1,0.575,0.000,0.000,1,272,83,0
1799,16.678,0.699,0.627,0.063,0.003,0.006,0,0.575,0.000,0.000,0,272,0,0
1800,16.686,0.825,0.504,0.118,0.194,0.008,1,0.475,0.000,0.000,1,272,83,0
1801,16.677,0.507,0.438,0.061,0.003,0.006,0,0.475,0.000,0.000,0,272,0,0
1802,16.689,0.736,0.454,0.109,0.165,0.008,1,0.411,0.000,0.000,1,272,83,0
1803,16.677,0.479,0.411,0.061,0.002,0.005,0,0.411,0.000,0.000,0,272,0,0
1804,16.689,0.694,0.436,0.101,0.151,0.006,1,0.415,0.000,0.000,1,272,83,0
1805,16.680,0.483,0.413,0.061,0.002,0.007,0,0.415,0.000,0.000,0,272,0,0
1806,16.687,0.704,0.439,0.101,0.158,0.006,1,0.400,0.000,0.000,1,272,83,0
1807,16.678,0.493,0.425,0.061,0.003,0.005,0,0.400,0.000,0.000,0,272,0,0
1808,16.686,0.707,0.435,0.107,0.158,0.007,1,0.709,0.000,0.000,1,272,83,0
1809,16.692,0.544,0.476,0.061,0.003,0.005,0,0.709,0.000,0.000,0,272,0,0
1810,16.678,1.461,0.879,0.185,0.383,0.015,1,0.733,0.000,0.000,1,272,83,0
1811,16.682,0.540,0.469,0.061,0.003,0.007,0,0.733,0.000,0.000,0,272,0,0
1812,16.680,0.793,0.484,0.114,0.188,0.007,1,0.441,0.000,0.000,1,272,83,0
1813,16.687,0.504,0.434,0.060,0.003,0.007,0,0.441,0.000,0.000,0,272,0,0
1814,16.687,0.747,0.463,0.106,0.170,0.009,1,0.410,0.000,0.000,1,272,83,0
1815,16.677,0.681,0.605,0.063,0.004,0.009,0,0.410,0.000,0.000,0,272,0,0
1816,16.687,0.857,0.582,0.106,0.162,0.008,1,0.449,0.000,0.000,1,272,83,0
1817,16.680,0.508,0.438,0.061,0.002,0.007,0,0.449,0.000,0.000,0,272,0,0
1818,16.687,0.746,0.468,0.107,0.163,0.007,1,0.417,0.000,0.000,1,272,83,0
1819,16.680,0.493,0.424,0.061,0.002,0.006,0,0.417,0.000,0.000,0,272,0,0
1820,16.686,1.023,0.750,0.105,0.160,0.008,1,0.318,0.000,0.000,1,272,83,0
1821,16.684,0.539,0.470,0.061,0.003,0.005,0,0.318,0.000,0.000,0,272,0,0
1822,16.682,1.067,0.643,0.142,0.273,0.010,1,0.612,0.000,0.000,1,272,83,0
1823,16.680,0.499,0.429,0.061,0.002,0.007,0,0.612,0.000,0.000,0,272,0,0
1824,16.687,0.736,0.458,0.108,0.164,0.006,1,0.719,0.000,0.000,1,272,83,0
1825,16.685,0.537,0.469,0.061,0.002,0.005,0,0.719,0.000,0.000,0,272,0,0
1826,16.683,1.007,0.644,0.130,0.221,0.011,1,0.506,0.000,0.000,1,272,83,0
1827,16.684,0.506,0.436,0.062,0.002,0.006,0,0.506,0.000,0.000,0,272,0,0
1828,16.681,0.749,0.464,0.109,0.169,0.007,1,0.471,0.000,0.000,1,272,83,0
1829,16.681,0.507,0.436,0.061,0.003,0.007,0,0.471,0.000,0.000,0,272,0,0
1830,16.695,0.741,0.466,0.106,0.162,0.007,1,0.405,0.000,0.000,1,272,83,0
1831,16.675,0.711,0.635,0.063,0.005,0.008,0,0.405,0.000,0.000,0,272,0,0
1832,16.684,0.860,0.584,0.108,0.159,0.009,1,0.442,0.000,0.000,1,272,83,0
1833,16.683,0.497,0.427,0.061,0.003,0.006,0,0.442,0.000,0.000,0,272,0,0
1834,16.683,0.740,0.462,0.108,0.163,0.007,1,0.395,0.000,0.000,1,272,83,0
1835,16.683,0.496,0.426,0.061,0.002,0.006,0,0.395,0.000,0.000,0,272,0,0
1836,16.685,0.746,0.455,0.104,0.181,0.006,1,0.444,0.000,0.000,1,272,83,0
1837,16.681,0.512,0.442,0.061,0.003,0.007,0,0.444,0.000,0.000,0,272,0,0
1838,16.684,0.759,0.467,0.108,0.175,0.009,1,0.394,0.000,0.000,1,272,83,0
1839,16.684,0.496,0.427,0.061,0.002,0.006,0,0.394,0.000,0.000,0,272,0,0
1840,16.684,0.744,0.469,0.104,0.164,0.007,1,0.692,0.000,0.000,1,272,83,0
1841,16.684,0.556,0.485,0.062,0.002,0.007,0,0.692,0.000,0.000,0,272,0,0
1842,16.681,1.169,0.698,0.158,0.303,0.011,1,0.528,0.000,0.000,1,272,83,0
1843,16.682,0.519,0.448,0.061,0.003,0.006,0,0.528,0.000,0.000,0,272,0,0
1844,16.685,0.757,0.467,0.109,0.173,0.008,1,0.342,0.000,0.000,1,272,83,0
1845,16.682,0.497,0.428,0.061,0.003,0.006,0,0.342,0.000,0.000,0,272,0,0
1846,16.683,0.823,0.537,0.109,0.169,0.007,1,0.363,0.000,0.000,1,272,83,0
1847,16.682,0.518,0.447,0.061,0.003,0.007,0,0.363,0.000,0.000,0,272,0,0
1848,16.685,0.718,0.444,0.108,0.161,0.006,1,0.435,0.000,0.000,1,272,83,0
1849,16.681,0.479,0.410,0.061,0.003,0.005,0,0.435,0.000,0.000,0,272,0,0
1850,16.688,0.711,0.444,0.102,0.158,0.008,1,0.398,0.000,0.000,1,272,83,0
1851,16.679,0.475,0.407,0.061,0.002,0.005,0,0.398,0.000,0.000,0,272,0,0
1852,16.688,0.725,0.455,0.104,0.159,0.007,1,0.402,0.000,0.000,1,272,83,0
1853,16.679,0.484,0.413,0.061,0.003,0.007,0,0.402,0.000,0.000,0,272,0,0
1854,16.686,0.700,0.440,0.101,0.152,0.006,1,0.395,0.000,0.000,1,272,83,0
1855,16.679,0.484,0.415,0.061,0.002,0.006,0,0.395,0.000,0.000,0,272,0,0
1856,16.690,0.708,0.447,0.103,0.152,0.007,1,0.412,0.000,0.000,1,272,83,0
1857,16.695,0.563,0.492,0.062,0.003,0.005,0,0.412,0.000,0.000,0,272,0,0
1858,16.673,1.283,0.767,0.198,0.305,0.012,1,0.650,0.000,0.000,1,272,83,0
1859,16.681,0.695,0.620,0.062,0.003,0.009,0,0.650,0.000,0.000,0,272,0,0
1860,16.683,0.825,0.481,0.119,0.218,0.007,1,0.568,0.000,0.000,1,272,83,0
1861,16.683,0.513,0.443,0.061,0.003,0.007,0,0.568,0.000,0.000,0,272,0,0
1862,16.680,0.752,0.461,0.108,0.175,0.008,1,0.410,0.000,0.000,1,272,83,0
1863,16.688,0.751,0.663,0.079,0.003,0.006,0,0.410,0.000,0.000,0,272,0,0
1864,16.681,1.279,0.761,0.170,0.336,0.012,1,0.557,0.000,0.000,1,272,83,0
1865,16.683,0.528,0.458,0.062,0.002,0.007,0,0.557,0.000,0.000,0,272,0,0
1866,16.683,0.792,0.485,0.114,0.187,0.007,1,0.300,0.000,0.000,1,272,83,0
1867,16.685,0.500,0.431,0.061,0.002,0.005,0,0.300,0.000,0.000,0,272,0,0
1868,16.681,0.786,0.497,0.110,0.171,0.009,1,0.352,0.000,0.000,1,272,83,0
1869,16.684,0.499,0.430,0.061,0.002,0.006,0,0.352,0.000,0.000,0,272,0,0
1870,16.684,0.731,0.456,0.106,0.162,0.007,1,0.358,0.000,0.000,1,272,83,0
1871,16.681,0.490,0.420,0.061,0.002,0.006,0,0.358,0.000,0.000,0,272,0,0
1872,16.684,0.725,0.452,0.104,0.162,0.007,1,0.352,0.000,0.000,1,272,83,0
1873,16.684,0.481,0.413,0.061,0.002,0.005,0,0.352,0.000,0.000,0,272,0,0
1874,16.684,0.752,0.469,0.107,0.168,0.008,1,0.463,0.000,0.000,1,272,83,0
1875,16.680,0.490,0.421,0.061,0.003,0.006,0,0.463,0.000,0.000,0,272,0,0
1876,16.685,0.702,0.434,0.104,0.158,0.006,1,0.406,0.000,0.000,1,272,83,0
1877,16.681,0.485,0.415,0.060,0.002,0.007,0,0.406,0.000,0.000,0,272,0,0
1878,16.688,0.698,0.437,0.102,0.153,0.006,1,0.399,0.000,0.000,1,272,83,0
1879,16.686,0.584,0.515,0.061,0.003,0.005,0,0.399,0.000,0.000,0,272,0,0
1880,16.682,1.132,0.707,0.146,0.266,0.013,1,0.594,0.000,0.000,1,272,83,0
1881,16.682,0.509,0.439,0.061,0.003,0.006,0,0.594,0.000,0.000,0,272,0,0
1882,16.683,0.758,0.464,0.112,0.175,0.007,1,0.373,0.000,0.000,1,272,83,0
1883,16.683,0.501,0.431,0.061,0.003,0.007,0,0.373,0.000,0.000,0,272,0,0
1884,16.681,0.786,0.508,0.107,0.164,0.007,1,0.360,0.000,0.000,1,272,83,0
1885,16.686,0.509,0.439,0.061,0.002,0.006,0,0.360,0.000,0.000,0,272,0,0
1886,16.683,0.744,0.463,0.105,0.167,0.009,1,0.369,0.000,0.000,1,272,83,0
1887,16.680,0.487,0.418,0.061,0.003,0.006,0,0.369,0.000,0.000,0,272,0,0
1888,16.686,0.717,0.447,0.106,0.158,0.006,1,0.372,0.000,0.000,1,272,83,0
1889,16.679,0.503,0.418,0.076,0.002,0.007,0,0.372,0.000,0.000,0,272,1,0
1890,16.690,0.698,0.436,0.102,0.155,0.006,1,0.424,0.000,0.000,1,272,83,0
1891,16.680,0.478,0.410,0.060,0.002,0.006,0,0.424,0.000,0.000,0,272,0,0
1892,16.687,0.696,0.431,0.103,0.155,0.007,1,0.407,0.000,0.000,1,272,83,0
1893,16.684,0.790,0.721,0.061,0.002,0.006,0,0.407,0.000,0.000,0,272,0,0
1894,16.683,1.108,0.692,0.148,0.256,0.013,1,0.489,0.000,0.000,1,272,83,0
1895,16.685,0.813,0.729,0.074,0.003,0.007,0,0.489,0.000,0.000,0,272,0,0
1896,16.680,0.983,0.626,0.125,0.223,0.009,1,0.515,0.000,0.000,1,272,83,0
1897,16.684,0.503,0.434,0.062,0.003,0.006,0,0.515,0.000,0.000,0,272,0,0
1898,16.684,0.746,0.462,0.108,0.167,0.009,1,0.371,0.000,0.000,1,272,83,0
1899,16.681,0.510,0.441,0.061,0.003,0.006,0,0.371,0.000,0.000,0,272,0,0
1900,16.686,0.754,0.464,0.110,0.173,0.007,1,0.367,0.000,0.000,1,272,83,0
1901,16.682,0.499,0.428,0.061,0.003,0.007,0,0.367,0.000,0.000,0,272,0,0
1902,16.683,0.732,0.458,0.103,0.164,0.007,1,0.404,0.000,0.000,1,272,83,0
1903,16.683,0.497,0.427,0.061,0.002,0.007,0,0.404,0.000,0.000,0,272,0,0
1904,16.683,0.724,0.449,0.105,0.163,0.007,1,0.365,0.000,0.000,1,272,83,0
1905,16.683,0.489,0.420,0.061,0.003,0.006,0,0.365,0.000,0.000,0,272,0,0
1906,16.685,0.726,0.454,0.104,0.160,0.008,1,0.357,0.000,0.000,1,272,83,0
1907,16.683,0.492,0.423,0.061,0.002,0.006,0,0.357,0.000,0.000,0,272,0,0
1908,16.684,0.720,0.451,0.106,0.156,0.007,1,0.384,0.000,0.000,1,272,83,0
1909,16.682,0.503,0.431,0.062,0.002,0.007,0,0.384,0.000,0.000,0,272,0,0
1910,16.683,0.719,0.451,0.103,0.159,0.007,1,0.372,0.000,0.000,1,272,83,0
1911,16.679,0.762,0.693,0.060,0.002,0.007,0,0.372,0.000,0.000,0,272,0,0
1912,16.683,0.964,0.688,0.105,0.163,0.007,1,0.340,0.000,0.000,1,272,83,0
1913,16.688,0.519,0.451,0.061,0.002,0.005,0,0.340,0.000,0.000,0,272,0,0
1914,16.683,1.152,0.711,0.147,0.283,0.011,1,0.605,0.000,0.000,1,272,83,0
1915,16.680,0.512,0.441,0.062,0.003,0.007,0,0.605,0.000,0.000,0,272,0,0
1916,16.684,0.750,0.464,0.109,0.170,0.007,1,0.365,0.000,0.000,1,272,83,0
1917,16.691,0.496,0.427,0.061,0.003,0.006,0,0.365,0.000,0.000,0,272,0,0
1918,16.695,1.265,0.905,0.128,0.221,0.011,1,0.457,0.000,0.000,1,272,83,0
1919,16.667,0.793,0.718,0.063,0.005,0.008,0,0.457,0.000,0.000,0,272,0,0
1920,16.683,1.214,0.753,0.147,0.297,0.017,1,0.827,0.000,0.000,1,272,83,0
1921,16.681,0.526,0.453,0.062,0.003,0.007,0,0.827,0.000,0.000,0,272,0,0
1922,16.685,0.757,0.465,0.112,0.173,0.007,1,0.367,0.000,0.000,1,272,83,0
1923,16.681,0.491,0.422,0.061,0.003,0.006,0,0.367,0.000,0.000,0,272,0,0
1924,16.686,0.755,0.473,0.110,0.163,0.008,1,0.343,0.000,0.000,1,272,83,0
1925,16.681,0.486,0.417,0.061,0.003,0.006,0,0.343,0.000,0.000,0,272,0,0
1926,16.686,0.726,0.453,0.106,0.161,0.007,1,0.346,0.000,0.000,1,272,83,0
1927,16.681,0.491,0.421,0.061,0.003,0.006,0,0.346,0.000,0.000,0,272,0,0
1928,16.686,0.733,0.460,0.107,0.158,0.007,1,0.341,0.000,0.000,1,272,83,0
1929,16.682,0.583,0.507,0.061,0.002,0.012,0,0.341,0.000,0.000,0,272,0,0
1930,16.685,0.765,0.488,0.107,0.161,0.008,1,0.359,0.000,0.000,1,272,83,0
1931,16.681,0.483,0.414,0.061,0.002,0.006,0,0.359,0.000,0.000,0,272,0,0
1932,16.686,0.767,0.483,0.109,0.167,0.008,1,0.416,0.000,0.000,1,272,83,0
1933,16.690,0.509,0.439,0.061,0.002,0.007,0,0.416,0.000,0.000,0,272,0,0
1934,16.676,1.370,0.885,0.163,0.314,0.008,1,0.592,0.000,0.000,1,272,83,0
1935,16.682,0.591,0.522,0.061,0.003,0.005,0,0.592,0.000,0.000,0,272,0,0
1936,16.684,0.995,0.636,0.128,0.220,0.011,1,0.527,0.000,0.000,1,272,83,0
1937,16.679,0.483,0.415,0.061,0.003,0.005,0,0.527,0.000,0.000,0,272,0,0
1938,16.715,0.737,0.470,0.105,0.156,0.006,1,0.428,0.000,0.000,1,272,83,0
1939,16.672,0.753,0.671,0.066,0.005,0.011,0,0.428,0.000,0.000,0,272,0,0
1940,16.676,2.093,1.621,0.156,0.306,0.011,1,0.598,0.000,0.000,1,272,83,0
1941,16.679,0.631,0.555,0.064,0.004,0.008,0,0.598,0.000,0.000,0,272,0,0
1942,16.683,0.981,0.523,0.140,0.310,0.008,1,0.707,0.000,0.000,1,272,83,0
1943,16.682,0.509,0.439,0.061,0.003,0.006,0,0.707,0.000,0.000,0,272,0,0
1944,16.684,0.742,0.468,0.110,0.156,0.008,1,0.430,0.000,0.000,1,272,83,0
1945,16.681,0.502,0.432,0.061,0.002,0.006,0,0.430,0.000,0.000,0,272,0,0
1946,16.683,0.774,0.475,0.111,0.182,0.007,1,0.420,0.000,0.000,1,272,83,0
1947,16.683,0.493,0.424,0.061,0.003,0.005,0,0.420,0.000,0.000,0,272,0,0
1948,16.686,0.748,0.469,0.106,0.164,0.009,1,0.392,0.000,0.000,1,272,83,0
1949,16.692,0.500,0.431,0.062,0.002,0.006,0,0.392,0.000,0.000,0,272,0,0
1950,16.675,1.684,1.096,0.195,0.379,0.014,1,0.599,0.000,0.000,1,272,83,0
1951,16.689,0.570,0.499,0.062,0.003,0.007,0,0.599,0.000,0.000,0,272,0,0
1952,16.678,0.936,0.638,0.111,0.181,0.006,1,0.340,0.000,0.000,1,272,83,0
1953,16.680,0.531,0.462,0.061,0.003,0.005,0,0.340,0.000,0.000,0,272,0,0
1954,16.686,1.030,0.658,0.128,0.232,0.013,1,0.588,0.000,0.000,1,272,83,0
1955,16.680,0.568,0.497,0.062,0.002,0.006,0,0.588,0.000,0.000,0,272,0,0
1956,16.687,0.754,0.467,0.108,0.171,0.008,1,0.400,0.000,0.000,1,272,83,0
1957,16.680,0.507,0.436,0.061,0.003,0.007,0,0.400,0.000,0.000,0,272,0,0
1958,16.683,0.748,0.464,0.111,0.166,0.007,1,0.379,0.000,0.000,1,272,83,0
1959,16.684,0.491,0.423,0.061,0.002,0.006,0,0.379,0.000,0.000,0,272,0,0
1960,16.683,0.733,0.462,0.105,0.158,0.008,1,0.358,0.000,0.000,1,272,83,0
1961,16.683,0.490,0.420,0.061,0.003,0.006,0,0.358,0.000,0.000,0,272,0,0
1962,16.684,0.727,0.456,0.106,0.158,0.007,1,0.378,0.000,0.000,1,272,83,0
1963,16.683,0.500,0.429,0.061,0.003,0.007,0,0.378,0.000,0.000,0,272,0,0
1964,16.685,0.728,0.456,0.107,0.158,0.008,1,0.369,0.000,0.000,1,272,83,0
1965,16.681,0.489,0.420,0.061,0.003,0.006,0,0.369,0.000,0.000,0,272,0,0
1966,16.685,1.549,1.136,0.146,0.255,0.012,1,0.493,0.000,0.000,1,272,83,0
1967,16.685,0.570,0.501,0.062,0.002,0.004,0,0.493,0.000,0.000,0,272,0,0
1968,16.682,0.961,0.612,0.125,0.215,0.008,1,0.495,0.000,0.000,1,272,83,0
1969,16.681,0.501,0.430,0.061,0.003,0.007,0,0.495,0.000,0.000,0,272,0,0
1970,16.685,0.728,0.454,0.106,0.161,0.007,1,0.373,0.000,0.000,1,272,83,0
1971,16.681,0.489,0.420,0.061,0.003,0.006,0,0.373,0.000,0.000,0,272,0,0
1972,16.686,0.727,0.457,0.105,0.158,0.007,1,0.348,0.000,0.000,1,272,83,0
1973,16.681,0.486,0.417,0.061,0.002,0.006,0,0.348,0.000,0.000,0,272,0,0
1974,16.686,0.722,0.453,0.103,0.160,0.007,1,0.383,0.000,0.000,1,272,83,0
1975,16.680,0.492,0.422,0.061,0.002,0.007,0,0.383,0.000,0.000,0,272,0,0
1976,16.686,0.719,0.454,0.103,0.155,0.007,1,0.364,0.000,0.000,1,272,83,0
1977,16.681,0.483,0.414,0.061,0.002,0.006,0,0.364,0.000,0.000,0,272,0,0
1978,16.705,0.755,0.480,0.103,0.163,0.009,1,0.352,0.000,0.000,1,272,83,0
1979,16.664,0.792,0.717,0.062,0.004,0.009,0,0.352,0.000,0.000,0,272,0,0
1980,16.684,0.969,0.535,0.142,0.285,0.007,1,0.558,0.000,0.000,1,272,83,0
1981,16.681,0.513,0.442,0.061,0.003,0.006,0,0.558,0.000,0.000,0,272,0,0
1982,16.685,1.495,0.996,0.176,0.311,0.012,1,0.632,0.000,0.000,1,272,83,0
1983,16.684,0.671,0.600,0.063,0.003,0.006,0,0.632,0.000,0.000,0,272,0,0
1984,16.685,1.000,0.628,0.132,0.230,0.010,1,0.517,0.000,0.000,1,272,83,0
1985,16.681,0.511,0.440,0.061,0.003,0.006,0,0.517,0.000,0.000,0,272,0,0
1986,16.685,0.773,0.482,0.113,0.171,0.007,1,0.360,0.000,0.000,1,272,83,0
1987,16.681,0.499,0.427,0.061,0.003,0.007,0,0.360,0.000,0.000,0,272,0,0
1988,16.685,0.740,0.460,0.109,0.165,0.007,1,0.334,0.000,0.000,1,272,83,0
1989,16.681,0.494,0.424,0.062,0.003,0.006,0,0.334,0.000,0.000,0,272,0,0
1990,16.685,0.755,0.477,0.106,0.166,0.007,1,0.338,0.000,0.000,1,272,83,0
1991,16.683,0.485,0.417,0.060,0.002,0.006,0,0.338,0.000,0.000,0,272,0,0
1992,16.684,0.725,0.454,0.104,0.160,0.007,1,0.382,0.000,0.000,1,272,83,0
1993,16.683,0.494,0.424,0.061,0.003,0.007,0,0.382,0.000,0.000,0,272,0,0
1994,16.683,0.728,0.452,0.105,0.165,0.007,1,0.359,0.000,0.000,1,272,83,0
1995,16.684,0.486,0.417,0.061,0.002,0.006,0,0.359,0.000,0.000,0,272,0,0
1996,16.682,0.736,0.464,0.103,0.161,0.008,1,0.350,0.000,0.000,1,272,83,0
1997,16.682,0.484,0.415,0.061,0.003,0.006,0,0.350,0.000,0.000,0,272,0,0
1998,16.684,1.274,0.844,0.163,0.257,0.010,1,0.499,0.000,0.000,1,272,83,0
1999,16.685,0.671,0.601,0.062,0.003,0.006,0,0.499,0.000,0.000,0,272,0,0
2000,16.685,0.961,0.617,0.122,0.213,0.009,1,0.493,0.000,0.000,1,272,83,0
2001,16.683,0.517,0.445,0.061,0.003,0.008,0,0.493,0.000,0.000,0,272,0,0
2002,16.683,0.745,0.460,0.109,0.169,0.007,1,0.408,0.000,0.000,1,272,83,0
2003,16.684,0.657,0.577,0.068,0.005,0.007,0,0.408,0.000,0.000,0,272,0,0
2004,16.684,0.824,0.546,0.108,0.161,0.009,1,0.387,0.000,0.000,1,272,83,0
2005,16.682,0.499,0.429,0.062,0.003,0.006,0,0.387,0.000,0.000,0,272,0,0
2006,16.683,0.722,0.450,0.105,0.162,0.006,1,0.354,0.000,0.000,1,272,83,0
2007,16.681,0.490,0.421,0.061,0.002,0.007,0,0.354,0.000,0.000,0,272,0,0
2008,16.687,0.719,0.455,0.105,0.153,0.006,1,0.377,0.000,0.000,1,272,83,0
2009,16.683,0.484,0.415,0.061,0.002,0.006,0,0.377,0.000,0.000,0,272,0,0
2010,16.684,0.731,0.457,0.105,0.160,0.008,1,0.350,0.000,0.000,1,272,83,0
2011,16.683,0.488,0.419,0.061,0.002,0.005,0,0.350,0.000,0.000,0,272,0,0
2012,16.686,0.725,0.454,0.103,0.161,0.007,1,0.347,0.000,0.000,1,272,83,0
2013,16.679,0.504,0.434,0.061,0.003,0.006,0,0.347,0.000,0.000,0,272,0,0
2014,16.689,1.635,1.242,0.124,0.260,0.009,1,0.509,0.000,0.000,1,272,83,0
2015,16.677,0.650,0.579,0.063,0.003,0.005,0,0.509,0.000,0.000,0,272,0,0
2016,16.685,0.948,0.617,0.106,0.215,0.010,1,0.559,0.000,0.000,1,272,83,0
2017,16.681,0.486,0.417,0.061,0.002,0.006,0,0.559,0.000,0.000,0,272,0,0
2018,16.685,0.706,0.437,0.105,0.158,0.006,1,0.416,0.000,0.000,1,272,83,0
2019,16.682,0.485,0.415,0.061,0.002,0.007,0,0.416,0.000,0.000,0,272,0,0
2020,16.688,0.691,0.428,0.104,0.153,0.006,1,0.405,0.000,0.000,1,272,83,0
2021,16.684,0.503,0.433,0.061,0.003,0.006,0,0.405,0.000,0.000,0,272,0,0
2022,16.698,0.765,0.480,0.108,0.168,0.008,1,0.398,0.000,0.000,1,272,83,0
2023,16.670,0.725,0.642,0.064,0.007,0.012,0,0.398,0.000,0.000,0,272,0,0
2024,16.683,1.033,0.514,0.162,0.349,0.007,1,0.640,0.000,0.000,1,272,83,0
2025,16.677,0.497,0.426,0.061,0.003,0.006,0,0.640,0.000,0.000,0,272,0,0
2026,16.691,0.719,0.437,0.110,0.167,0.006,1,0.522,0.000,0.000,1,272,83,0
2027,16.676,0.487,0.419,0.061,0.002,0.005,0,0.522,0.000,0.000,0,272,0,0
2028,16.687,0.705,0.427,0.105,0.165,0.008,1,0.410,0.000,0.000,1,272,83,0
2029,16.680,0.480,0.411,0.061,0.002,0.005,0,0.410,0.000,0.000,0,272,0,0
2030,16.687,0.677,0.415,0.102,0.154,0.006,1,0.698,0.000,0.000,1,272,83,0
2031,16.685,0.535,0.466,0.061,0.002,0.005,0,0.698,0.000,0.000,0,272,0,0
2032,16.684,1.358,0.819,0.174,0.349,0.015,1,0.753,0.000,0.000,1,272,83,0
2033,16.680,0.520,0.449,0.062,0.003,0.006,0,0.753,0.000,0.000,0,272,0,0
2034,16.687,0.793,0.491,0.116,0.179,0.007,1,0.367,0.000,0.000,1,272,83,0
2035,16.681,0.496,0.427,0.061,0.002,0.006,0,0.367,0.000,0.000,0,272,0,0
2036,16.690,0.733,0.460,0.109,0.158,0.006,1,0.400,0.000,0.000,1,272,83,0
2037,16.682,0.689,0.612,0.063,0.005,0.009,0,0.400,0.000,0.000,0,272,0,0
2038,16.692,0.886,0.607,0.109,0.162,0.007,1,0.448,0.000,0.000,1,272,83,0
2039,16.671,0.774,0.698,0.063,0.003,0.009,0,0.448,0.000,0.000,0,272,0,0
2040,16.686,0.870,0.510,0.131,0.222,0.008,1,0.583,0.000,0.000,1,272,83,0
2041,16.680,0.517,0.447,0.061,0.002,0.006,0,0.583,0.000,0.000,0,272,0,0
2042,16.684,0.772,0.471,0.111,0.182,0.008,1,0.419,0.000,0.000,1,272,83,0
2043,16.681,0.496,0.426,0.061,0.002,0.007,0,0.419,0.000,0.000,0,272,0,0
2044,16.686,0.744,0.465,0.108,0.164,0.007,1,0.390,0.000,0.000,1,272,83,0
2045,16.681,0.486,0.418,0.061,0.002,0.006,0,0.390,0.000,0.000,0,272,0,0
2046,16.685,1.147,0.460,0.107,0.573,0.008,1,0.321,0.000,0.000,1,272,83,0
2047,16.682,0.488,0.419,0.061,0.003,0.005,0,0.321,0.000,0.000,0,272,0,0
2048,16.686,0.720,0.452,0.107,0.155,0.006,1,0.340,0.000,0.000,1,272,83,0
2049,16.681,0.494,0.424,0.061,0.002,0.007,0,0.340,0.000,0.000,0,272,0,0
2050,16.687,0.723,0.454,0.105,0.157,0.007,1,0.352,0.000,0.000,1,272,83,0
2051,16.680,0.490,0.420,0.061,0.003,0.006,0,0.352,0.000,0.000,0,272,0,0
2052,16.693,0.762,0.482,0.107,0.166,0.007,1,0.357,0.000,0.000,1,272,83,0
2053,16.673,0.770,0.689,0.065,0.006,0.010,0,0.357,0.000,0.000,0,272,0,0
2054,16.685,0.854,0.581,0.109,0.156,0.007,1,0.445,0.000,0.000,1,272,83,0
2055,16.682,0.501,0.430,0.061,0.002,0.007,0,0.445,0.000,0.000,0,272,0,0
2056,16.684,0.728,0.455,0.106,0.161,0.007,1,0.379,0.000,0.000,1,272,83,0
2057,16.682,0.480,0.411,0.061,0.003,0.006,0,0.379,0.000,0.000,0,272,0,0
2058,16.684,0.725,0.456,0.104,0.157,0.009,1,0.386,0.000,0.000,1,272,83,0
2059,16.685,0.488,0.420,0.061,0.002,0.006,0,0.386,0.000,0.000,0,272,0,0
2060,16.683,0.740,0.469,0.104,0.159,0.007,1,0.366,0.000,0.000,1,272,83,0
2061,16.682,0.492,0.422,0.061,0.003,0.007,0,0.366,0.000,0.000,0,272,0,0
2062,16.687,0.729,0.464,0.104,0.155,0.007,1,0.644,0.000,0.000,1,272,83,0
2063,16.685,0.600,0.532,0.061,0.002,0.005,0,0.644,0.000,0.000,0,272,0,0
2064,16.682,1.500,0.948,0.171,0.370,0.012,1,0.673,0.000,0.000,1,272,83,0
2065,16.678,0.558,0.488,0.062,0.003,0.006,0,0.673,0.000,0.000,0,272,0,0
2066,16.687,0.989,0.636,0.127,0.215,0.010,1,0.547,0.000,0.000,1,272,83,0
2067,16.679,0.492,0.421,0.061,0.003,0.007,0,0.547,0.000,0.000,0,272,0,0
2068,16.686,0.699,0.434,0.105,0.153,0.006,1,0.410,0.000,0.000,1,272,83,0
2069,16.681,0.482,0.413,0.061,0.002,0.005,0,0.410,0.000,0.000,0,272,0,0
2070,16.685,0.703,0.439,0.102,0.155,0.007,1,0.408,0.000,0.000,1,272,83,0
2071,16.681,0.479,0.411,0.060,0.002,0.005,0,0.408,0.000,0.000,0,272,0,0
2072,16.687,0.690,0.435,0.101,0.147,0.006,1,0.393,0.000,0.000,1,272,83,0
2073,16.683,0.479,0.408,0.061,0.002,0.007,0,0.393,0.000,0.000,0,272,0,0
2074,16.686,0.780,0.455,0.104,0.214,0.007,1,0.410,0.000,0.000,1,272,83,0
2075,16.680,0.472,0.405,0.060,0.002,0.005,0,0.410,0.000,0.000,0,272,0,0
2076,16.685,0.696,0.443,0.101,0.146,0.006,1,0.397,0.000,0.000,1,272,83,0
2077,16.680,0.475,0.406,0.061,0.002,0.005,0,0.397,0.000,0.000,0,272,0,0
2078,16.687,0.704,0.440,0.103,0.155,0.006,1,0.382,0.000,0.000,1,272,83,0
2079,16.688,0.540,0.470,0.061,0.002,0.006,0,0.382,0.000,0.000,0,272,0,0
2080,16.681,1.117,0.680,0.152,0.275,0.009,1,0.474,0.000,0.000,1,272,83,0
2081,16.682,0.511,0.441,0.062,0.003,0.006,0,0.474,0.000,0.000,0,272,0,0
2082,16.684,0.775,0.480,0.111,0.175,0.009,1,0.370,0.000,0.000,1,272,83,0
2083,16.683,0.492,0.423,0.061,0.002,0.006,0,0.370,0.000,0.000,0,272,0,0
2084,16.682,0.724,0.449,0.104,0.164,0.007,1,0.358,0.000,0.000,1,272,83,0
2085,16.686,0.663,0.593,0.061,0.002,0.007,0,0.358,0.000,0.000,0,272,0,0
2086,16.680,1.052,0.658,0.134,0.250,0.010,1,0.540,0.000,0.000,1,272,83,0
2087,16.684,0.655,0.577,0.067,0.004,0.006,0,0.540,0.000,0.000,0,272,0,0
2088,16.686,0.841,0.553,0.111,0.168,0.008,1,0.321,0.000,0.000,1,272,83,0
2089,16.680,0.491,0.422,0.061,0.003,0.006,0,0.321,0.000,0.000,0,272,0,0
2090,16.687,0.735,0.459,0.106,0.164,0.006,1,0.347,0.000,0.000,1,272,83,0
2091,16.682,0.504,0.434,0.061,0.003,0.007,0,0.347,0.000,0.000,0,272,0,0
2092,16.683,0.733,0.459,0.106,0.162,0.007,1,0.351,0.000,0.000,1,272,83,0
2093,16.685,0.644,0.526,0.107,0.004,0.006,0,0.351,0.000,0.000,0,272,0,0
2094,16.684,1.307,0.922,0.106,0.271,0.008,1,0.335,0.000,0.000,1,272,83,0
2095,16.679,0.499,0.430,0.061,0.002,0.005,0,0.335,0.000,0.000,0,272,0,0
2096,16.686,0.725,0.454,0.104,0.160,0.007,1,0.419,0.000,0.000,1,272,83,0
2097,16.684,0.498,0.427,0.061,0.003,0.007,0,0.419,0.000,0.000,0,272,0,0
2098,16.681,0.727,0.451,0.105,0.165,0.007,1,0.357,0.000,0.000,1,272,83,0
2099,16.687,0.755,0.676,0.068,0.005,0.007,0,0.357,0.000,0.000,0,272,0,0
2100,16.682,1.022,0.652,0.129,0.229,0.013,1,0.638,0.000,0.000,1,272,83,0
2101,16.685,0.819,0.749,0.061,0.002,0.006,0,0.638,0.000,0.000,0,272,0,0
2102,16.682,1.299,0.781,0.162,0.343,0.013,1,0.595,0.000,0.000,1,272,83,0
2103,16.682,0.524,0.454,0.061,0.003,0.006,0,0.595,0.000,0.000,0,272,0,0
2104,16.681,0.776,0.476,0.113,0.180,0.007,1,0.358,0.000,0.000,1,272,83,0
2105,16.685,0.505,0.435,0.061,0.002,0.007,0,0.358,0.000,0.000,0,272,0,0
2106,16.685,0.735,0.453,0.107,0.169,0.006,1,0.376,0.000,0.000,1,272,83,0
2107,16.683,0.493,0.424,0.061,0.003,0.006,0,0.376,0.000,0.000,0,272,0,0
2108,16.683,0.753,0.470,0.106,0.169,0.008,1,0.367,0.000,0.000,1,272,83,0
2109,16.684,0.504,0.436,0.061,0.002,0.006,0,0.367,0.000,0.000,0,272,0,0
2110,16.682,0.717,0.447,0.104,0.159,0.007,1,0.382,0.000,0.000,1,272,83,0
2111,16.680,0.491,0.412,0.070,0.002,0.006,0,0.382,0.000,0.000,0,272,0,0
2112,16.686,0.690,0.416,0.114,0.154,0.006,1,0.422,0.000,0.000,1,272,83,0
2113,16.681,0.475,0.406,0.061,0.002,0.005,0,0.422,0.000,0.000,0,272,0,0
2114,16.686,0.694,0.424,0.102,0.161,0.006,1,0.409,0.000,0.000,1,272,83,0
2115,16.681,0.477,0.409,0.061,0.002,0.006,0,0.409,0.000,0.000,0,272,0,0
2116,16.689,0.683,0.426,0.100,0.151,0.005,1,0.397,0.000,0.000,1,272,83,0
2117,16.683,0.801,0.721,0.064,0.007,0.010,0,0.397,0.000,0.000,0,272,0,0
2118,16.683,0.842,0.561,0.107,0.165,0.010,1,0.446,0.000,0.000,1,272,83,0
2119,16.681,0.496,0.426,0.061,0.003,0.006,0,0.446,0.000,0.000,0,272,0,0
2120,16.686,0.735,0.463,0.106,0.158,0.008,1,0.379,0.000,0.000,1,272,83,0
2121,16.683,0.490,0.421,0.061,0.002,0.006,0,0.379,0.000,0.000,0,272,0,0
2122,16.683,0.781,0.507,0.107,0.160,0.007,1,0.358,0.000,0.000,1,272,83,0
2123,16.682,0.500,0.430,0.061,0.003,0.007,0,0.358,0.000,0.000,0,272,0,0
2124,16.685,0.727,0.457,0.104,0.158,0.007,1,0.391,0.000,0.000,1,272,83,0
2125,16.684,0.496,0.427,0.061,0.002,0.006,0,0.391,0.000,0.000,0,272,0,0
2126,16.682,0.730,0.456,0.104,0.161,0.009,1,0.381,0.000,0.000,1,272,83,0
2127,16.683,0.553,0.483,0.061,0.003,0.006,0,0.381,0.000,0.000,0,272,0,0
2128,16.686,0.731,0.455,0.107,0.162,0.007,1,0.357,0.000,0.000,1,272,83,0
2129,16.681,0.488,0.418,0.061,0.002,0.006,0,0.357,0.000,0.000,0,272,0,0
2130,16.686,0.741,0.467,0.107,0.161,0.007,1,0.397,0.000,0.000,1,272,83,0
2131,16.683,0.492,0.423,0.061,0.003,0.006,0,0.397,0.000,0.000,0,272,0,0
2132,16.684,0.729,0.456,0.103,0.162,0.008,1,0.367,0.000,0.000,1,272,83,0
2133,16.678,0.782,0.711,0.061,0.003,0.007,0,0.367,0.000,0.000,0,272,0,0
2134,16.682,0.928,0.651,0.106,0.165,0.005,1,0.341,0.000,0.000,1,272,83,0
2135,16.691,0.546,0.477,0.061,0.002,0.006,0,0.341,0.000,0.000,0,272,0,0
2136,16.681,1.200,0.723,0.157,0.308,0.012,1,0.680,0.000,0.000,1,272,83,0
2137,16.681,0.524,0.453,0.062,0.003,0.006,0,0.680,0.000,0.000,0,272,0,0
2138,16.682,0.790,0.493,0.111,0.178,0.008,1,0.382,0.000,0.000,1,272,83,0
2139,16.681,0.494,0.425,0.061,0.003,0.006,0,0.382,0.000,0.000,0,272,0,0
2140,16.687,0.717,0.445,0.104,0.161,0.006,1,0.428,0.000,0.000,1,272,83,0
2141,16.679,0.496,0.425,0.061,0.002,0.007,0,0.428,0.000,0.000,0,272,0,0
2142,16.690,0.709,0.441,0.103,0.160,0.006,1,0.404,0.000,0.000,1,272,83,0
2143,16.678,0.481,0.412,0.060,0.002,0.006,0,0.404,0.000,0.000,0,272,0,0
2144,16.688,0.699,0.441,0.101,0.150,0.007,1,0.404,0.000,0.000,1,272,83,0
2145,16.679,0.473,0.404,0.061,0.002,0.005,0,0.404,0.000,0.000,0,272,0,0
2146,16.686,0.692,0.434,0.100,0.151,0.006,1,0.390,0.000,0.000,1,272,83,0
2147,16.680,0.498,0.428,0.061,0.002,0.006,0,0.390,0.000,0.000,0,272,0,0
2148,16.686,0.709,0.440,0.106,0.158,0.005,1,0.404,0.000,0.000,1,272,83,0
2149,16.686,0.487,0.419,0.060,0.002,0.005,0,0.404,0.000,0.000,0,272,0,0
2150,16.681,0.759,0.476,0.108,0.168,0.008,1,0.402,0.000,0.000,1,272,83,0
2151,16.686,0.492,0.423,0.061,0.002,0.006,0,0.402,0.000,0.000,0,272,0,0
2152,16.681,0.751,0.467,0.106,0.171,0.007,1,0.365,0.000,0.000,1,272,83,0
2153,16.682,0.488,0.418,0.061,0.002,0.007,0,0.365,0.000,0.000,0,272,0,0
2154,16.684,0.731,0.458,0.106,0.161,0.007,1,0.348,0.000,0.000,1,272,83,0
2155,16.689,0.491,0.422,0.061,0.002,0.006,0,0.348,0.000,0.000,0,272,0,0
2156,16.678,1.363,0.931,0.143,0.278,0.011,1,0.535,0.000,0.000,1,272,83,0
2157,16.684,0.533,0.464,0.062,0.002,0.005,0,0.535,0.000,0.000,0,272,0,0
2158,16.683,0.954,0.613,0.126,0.205,0.010,1,0.515,0.000,0.000,1,272,83,0
2159,16.689,0.623,0.552,0.061,0.003,0.007,0,0.515,0.000,0.000,0,272,0,0
2160,16.680,0.942,0.573,0.125,0.235,0.010,1,0.619,0.000,0.000,1,272,83,0
2161,16.678,0.500,0.431,0.061,0.002,0.006,0,0.619,0.000,0.000,0,272,0,0
2162,16.687,0.730,0.451,0.107,0.165,0.007,1,0.435,0.000,0.000,1,272,83,0
2163,16.678,0.481,0.412,0.061,0.002,0.006,0,0.435,0.000,0.000,0,272,0,0
2164,16.688,0.700,0.439,0.102,0.153,0.006,1,0.414,0.000,0.000,1,272,83,0
2165,16.682,0.480,0.411,0.061,0.002,0.006,0,0.414,0.000,0.000,0,272,0,0
2166,16.686,0.759,0.476,0.109,0.168,0.007,1,0.407,0.000,0.000,1,272,83,0
2167,16.681,0.491,0.422,0.061,0.003,0.006,0,0.407,0.000,0.000,0,272,0,0
2168,16.682,0.730,0.455,0.106,0.161,0.008,1,0.383,0.000,0.000,1,272,83,0
2169,16.683,0.486,0.416,0.061,0.002,0.006,0,0.383,0.000,0.000,0,272,0,0
2170,16.687,0.734,0.459,0.106,0.162,0.007,1,0.383,0.000,0.000,1,272,83,0
2171,16.689,0.501,0.430,0.061,0.003,0.007,0,0.383,0.000,0.000,0,272,0,0
2172,16.677,1.514,0.982,0.173,0.346,0.013,1,0.586,0.000,0.000,1,272,83,0
2173,16.684,0.556,0.487,0.061,0.003,0.005,0,0.586,0.000,0.000,0,272,0,0
2174,16.683,0.977,0.619,0.123,0.225,0.011,1,0.523,0.000,0.000,1,272,83,0
2175,16.680,0.500,0.431,0.061,0.002,0.006,0,0.523,0.000,0.000,0,272,0,0
2176,16.687,0.744,0.461,0.108,0.168,0.007,1,0.370,0.000,0.000,1,272,83,0
2177,16.680,0.494,0.424,0.061,0.002,0.007,0,0.370,0.000,0.000,0,272,0,0
2178,16.687,0.721,0.450,0.105,0.159,0.007,1,0.370,0.000,0.000,1,272,83,0
2179,16.680,0.494,0.425,0.061,0.003,0.006,0,0.370,0.000,0.000,0,272,0,0
2180,16.685,0.739,0.464,0.104,0.161,0.009,1,0.363,0.000,0.000,1,272,83,0
2181,16.683,0.490,0.421,0.061,0.002,0.005,0,0.363,0.000,0.000,0,272,0,0
2182,16.681,0.728,0.455,0.106,0.160,0.007,1,0.350,0.000,0.000,1,272,83,0
2183,16.684,0.493,0.422,0.061,0.002,0.007,0,0.350,0.000,0.000,0,272,0,0
2184,16.687,0.750,0.472,0.105,0.166,0.007,1,0.358,0.000,0.000,1,272,83,0
2185,16.683,0.499,0.429,0.062,0.003,0.006,0,0.358,0.000,0.000,0,272,0,0
2186,16.683,0.757,0.474,0.110,0.164,0.009,1,0.362,0.000,0.000,1,272,83,0
2187,16.680,0.487,0.418,0.061,0.003,0.006,0,0.362,0.000,0.000,0,272,0,0
2188,16.685,1.539,1.128,0.151,0.251,0.010,1,0.499,0.000,0.000,1,272,83,0
2189,16.684,0.545,0.475,0.061,0.003,0.006,0,0.499,0.000,0.000,0,272,0,0
2190,16.686,0.951,0.612,0.126,0.205,0.008,1,0.480,0.000,0.000,1,272,83,0
2191,16.680,0.575,0.504,0.062,0.003,0.006,0,0.480,0.000,0.000,0,272,0,0
2192,16.684,0.751,0.466,0.108,0.170,0.008,1,0.362,0.000,0.000,1,272,83,0
2193,16.682,0.507,0.437,0.061,0.003,0.006,0,0.362,0.000,0.000,0,272,0,0
2194,16.686,0.947,0.669,0.108,0.164,0.005,1,0.307,0.000,0.000,1,272,83,0
2195,16.682,0.534,0.465,0.061,0.003,0.006,0,0.307,0.000,0.000,0,272,0,0
2196,16.682,1.044,0.618,0.132,0.285,0.008,1,0.479,0.000,0.000,1,272,83,0
2197,16.682,0.484,0.416,0.061,0.003,0.005,0,0.479,0.000,0.000,0,272,0,0
2198,16.687,0.698,0.428,0.105,0.158,0.007,1,0.419,0.000,0.000,1,272,83,0
2199,16.680,0.483,0.414,0.061,0.003,0.006,0,0.419,0.000,0.000,0,272,0,0
2200,16.686,0.692,0.427,0.101,0.157,0.006,1,0.405,0.000,0.000,1,272,83,0
2201,16.679,0.476,0.408,0.061,0.003,0.005,0,0.405,0.000,0.000,0,272,0,0
2202,16.688,0.688,0.433,0.101,0.149,0.006,1,0.398,0.000,0.000,1,272,83,0
2203,16.679,0.479,0.410,0.061,0.002,0.006,0,0.398,0.000,0.000,0,272,0,0
2204,16.687,0.713,0.469,0.083,0.155,0.006,1,0.388,0.000,0.000,1,272,83,0
2205,16.679,0.474,0.406,0.061,0.002,0.005,0,0.388,0.000,0.000,0,272,0,0
2206,16.690,0.694,0.438,0.100,0.147,0.008,1,0.388,0.000,0.000,1,272,83,0
2207,16.678,0.474,0.406,0.061,0.002,0.005,0,0.388,0.000,0.000,0,272,0,0
2208,16.688,0.722,0.458,0.103,0.155,0.006,1,0.402,0.000,0.000,1,272,83,0
2209,16.677,0.478,0.408,0.061,0.002,0.006,0,0.402,0.000,0.000,0,272,0,0
2210,16.687,0.696,0.438,0.104,0.148,0.006,1,0.404,0.000,0.000,1,272,84,0
2211,16.680,0.475,0.407,0.061,0.002,0.005,0,0.404,0.000,0.000,0,272,0,0
2212,16.687,0.691,0.430,0.102,0.153,0.007,1,0.391,0.000,0.000,1,272,83,0
2213,16.680,0.477,0.408,0.060,0.002,0.006,0,0.391,0.000,0.000,0,272,0,0
2214,16.686,0.745,0.432,0.101,0.207,0.006,1,0.387,0.000,0.000,1,272,83,0
2215,16.681,0.476,0.407,0.060,0.002,0.007,0,0.387,0.000,0.000,0,272,0,0
2216,16.687,0.680,0.424,0.099,0.150,0.006,1,0.389,0.000,0.000,1,272,83,0
2217,16.680,0.471,0.402,0.061,0.002,0.005,0,0.389,0.000,0.000,0,272,0,0
2218,16.688,0.703,0.444,0.102,0.151,0.007,1,0.394,0.000,0.000,1,272,83,0
2219,16.706,0.616,0.548,0.060,0.002,0.006,0,0.394,0.000,0.000,0,272,0,0
2220,16.665,1.109,0.720,0.117,0.260,0.011,1,0.616,0.000,0.000,1,272,83,0
2221,16.676,0.504,0.433,0.061,0.003,0.006,0,0.616,0.000,0.000,0,272,0,0
2222,16.687,0.735,0.448,0.107,0.174,0.006,1,0.455,0.000,0.000,1,272,83,0
2223,16.678,0.481,0.413,0.061,0.002,0.005,0,0.455,0.000,0.000,0,272,0,0
2224,16.688,0.711,0.446,0.102,0.155,0.008,1,0.405,0.000,0.000,1,272,83,0
2225,16.679,0.473,0.404,0.061,0.002,0.005,0,0.405,0.000,0.000,0,272,0,0
2226,16.689,0.691,0.435,0.101,0.150,0.005,1,0.401,0.000,0.000,1,272,83,0
2227,16.678,0.477,0.407,0.061,0.002,0.006,0,0.401,0.000,0.000,0,272,0,0
2228,16.685,0.686,0.433,0.101,0.148,0.006,1,0.397,0.000,0.000,1,272,83,0
2229,16.681,0.476,0.408,0.060,0.002,0.005,0,0.397,0.000,0.000,0,272,0,0
2230,16.687,0.698,0.441,0.101,0.149,0.007,1,0.401,0.000,0.000,1,272,83,0
2231,16.680,0.476,0.407,0.061,0.002,0.005,0,0.401,0.000,0.000,0,272,0,0
2232,16.695,1.412,0.848,0.195,0.357,0.012,1,0.560,0.000,0.000,1,272,83,0
2233,16.674,0.712,0.639,0.063,0.003,0.007,0,0.560,0.000,0.000,0,272,0,0
2234,16.686,0.949,0.611,0.121,0.207,0.011,1,0.527,0.000,0.000,1,272,83,0
2235,16.681,0.484,0.415,0.061,0.002,0.005,0,0.527,0.000,0.000,0,272,0,0
2236,16.683,0.935,0.648,0.116,0.164,0.007,1,0.421,0.000,0.000,1,272,83,0
2237,16.681,0.484,0.415,0.061,0.002,0.006,0,0.421,0.000,0.000,0,272,0,0
2238,16.689,0.694,0.430,0.102,0.155,0.006,1,0.396,0.000,0.000,1,272,83,0
2239,16.698,0.497,0.429,0.060,0.002,0.006,0,0.396,0.000,0.000,0,272,0,0
2240,16.673,1.133,0.688,0.137,0.295,0.014,1,0.622,0.000,0.000,1,272,83,0
2241,16.675,0.709,0.624,0.070,0.006,0.009,0,0.622,0.000,0.000,0,272,0,0
2242,16.687,0.845,0.546,0.109,0.180,0.010,1,0.447,0.000,0.000,1,272,83,0
2243,16.677,0.484,0.416,0.060,0.003,0.005,0,0.447,0.000,0.000,0,272,0,0
2244,16.688,0.714,0.445,0.105,0.159,0.006,1,0.427,0.000,0.000,1,272,83,0
2245,16.679,0.491,0.422,0.061,0.002,0.007,0,0.427,0.000,0.000,0,272,0,0
2246,16.689,0.703,0.439,0.104,0.154,0.006,1,0.402,0.000,0.000,1,272,83,0
2247,16.678,0.474,0.406,0.060,0.002,0.005,0,0.402,0.000,0.000,0,272,0,0
2248,16.689,0.692,0.435,0.099,0.151,0.007,1,0.405,0.000,0.000,1,272,83,0
2249,16.678,0.476,0.407,0.061,0.003,0.005,0,0.405,0.000,0.000,0,272,0,0
2250,16.687,0.681,0.423,0.101,0.152,0.006,1,0.396,0.000,0.000,1,272,83,0
2251,16.680,0.476,0.406,0.061,0.002,0.006,0,0.396,0.000,0.000,0,272,0,0
2252,16.687,0.685,0.427,0.101,0.151,0.006,1,0.713,0.000,0.000,1,272,83,0
2253,16.688,0.539,0.471,0.061,0.002,0.004,0,0.713,0.000,0.000,0,272,0,0
2254,16.681,1.259,0.781,0.163,0.302,0.013,1,0.808,0.000,0.000,1,272,83,0
2255,16.679,0.578,0.507,0.061,0.003,0.007,0,0.808,0.000,0.000,0,272,0,0
2256,16.686,0.784,0.467,0.115,0.195,0.007,1,0.542,0.000,0.000,1,272,83,0
2257,16.681,0.512,0.441,0.061,0.003,0.008,0,0.542,0.000,0.000,0,272,0,0
2258,16.690,0.796,0.504,0.109,0.176,0.008,1,0.410,0.000,0.000,1,272,83,0
2259,16.678,0.686,0.612,0.062,0.004,0.008,0,0.410,0.000,0.000,0,272,0,0
2260,16.683,0.856,0.577,0.105,0.164,0.009,1,0.426,0.000,0.000,1,272,83,0
2261,16.682,0.495,0.425,0.061,0.003,0.006,0,0.426,0.000,0.000,0,272,0,0
2262,16.686,0.730,0.457,0.104,0.161,0.007,1,0.380,0.000,0.000,1,272,83,0
2263,16.680,0.491,0.421,0.061,0.002,0.007,0,0.380,0.000,0.000,0,272,0,0
2264,16.686,0.728,0.459,0.104,0.157,0.007,1,0.385,0.000,0.000,1,272,83,0
2265,16.684,0.490,0.421,0.061,0.002,0.006,0,0.385,0.000,0.000,0,272,0,0
2266,16.681,0.726,0.454,0.104,0.159,0.008,1,0.373,0.000,0.000,1,272,83,0
2267,16.684,0.488,0.419,0.060,0.002,0.006,0,0.373,0.000,0.000,0,272,0,0
2268,16.685,1.123,0.449,0.104,0.564,0.006,1,0.304,0.000,0.000,1,272,83,0
2269,16.682,0.497,0.426,0.061,0.002,0.007,0,0.304,0.000,0.000,0,272,0,0
2270,16.685,0.726,0.455,0.106,0.158,0.006,1,0.346,0.000,0.000,1,272,83,0
2271,16.681,0.489,0.419,0.061,0.002,0.006,0,0.346,0.000,0.000,0,272,0,0
2272,16.685,0.728,0.456,0.105,0.158,0.008,1,0.346,0.000,0.000,1,272,83,0
2273,16.684,0.491,0.423,0.061,0.002,0.006,0,0.346,0.000,0.000,0,272,0,0
2274,16.690,0.956,0.674,0.110,0.166,0.006,1,0.292,0.000,0.000,1,272,83,0
2275,16.676,0.674,0.596,0.063,0.005,0.010,0,0.292,0.000,0.000,0,272,0,0
2276,16.686,0.925,0.475,0.141,0.302,0.007,1,0.600,0.000,0.000,1,272,83,0
2277,16.677,0.491,0.422,0.061,0.003,0.006,0,0.600,0.000,0.000,0,272,0,0
2278,16.685,0.726,0.448,0.106,0.165,0.007,1,0.427,0.000,0.000,1,272,83,0
2279,16.685,0.604,0.534,0.061,0.003,0.006,0,0.427,0.000,0.000,0,272,0,0
2280,16.700,0.758,0.475,0.108,0.169,0.006,1,0.445,0.000,0.000,1,272,83,0
2281,16.671,0.700,0.621,0.063,0.005,0.010,0,0.445,0.000,0.000,0,272,0,0
2282,16.680,1.221,0.756,0.146,0.304,0.015,1,0.739,0.000,0.000,1,272,83,0
2283,16.684,0.517,0.447,0.062,0.003,0.006,0,0.739,0.000,0.000,0,272,0,0
2284,16.682,1.185,0.482,0.111,0.584,0.007,1,0.330,0.000,0.000,1,272,83,0
2285,16.684,0.493,0.424,0.061,0.003,0.006,0,0.330,0.000,0.000,0,272,0,0
2286,16.683,0.743,0.463,0.106,0.168,0.006,1,0.350,0.000,0.000,1,272,83,0
2287,16.680,0.498,0.428,0.061,0.003,0.007,0,0.350,0.000,0.000,0,272,0,0
2288,16.686,1.333,0.824,0.173,0.327,0.010,1,0.547,0.000,0.000,1,272,83,0
2289,16.685,0.633,0.560,0.062,0.005,0.007,0,0.547,0.000,0.000,0,272,0,0
2290,16.974,1.116,0.769,0.124,0.215,0.008,1,0.468,0.000,0.000,1,272,83,0
2291,16.390,0.505,0.434,0.061,0.003,0.006,0,0.468,0.000,0.000,0,272,0,0
2292,16.686,0.760,0.457,0.108,0.189,0.006,1,0.455,0.000,0.000,1,272,83,0
2293,16.680,0.496,0.426,0.061,0.002,0.007,0,0.455,0.000,0.000,0,272,0,0
2294,16.686,0.742,0.463,0.109,0.162,0.008,1,0.386,0.000,0.000,1,272,83,0
2295,16.683,0.492,0.424,0.061,0.002,0.006,0,0.386,0.000,0.000,0,272,0,0
2296,16.685,0.739,0.464,0.104,0.162,0.009,1,0.378,0.000,0.000,1,272,83,0
2297,16.681,0.501,0.432,0.061,0.002,0.006,0,0.378,0.000,0.000,0,272,0,0
2298,16.684,0.734,0.456,0.108,0.163,0.007,1,0.383,0.000,0.000,1,272,83,0
2299,16.683,0.492,0.422,0.061,0.003,0.007,0,0.383,0.000,0.000,0,272,0,0
2300,16.684,0.729,0.451,0.105,0.166,0.008,1,0.478,0.000,0.000,1,272,83,0
2301,16.681,0.492,0.422,0.061,0.002,0.007,0,0.478,0.000,0.000,0,272,0,0
2302,16.683,0.729,0.445,0.106,0.172,0.006,1,0.554,0.000,0.000,1,272,83,0
2303,16.686,0.526,0.457,0.061,0.002,0.006,0,0.554,0.000,0.000,0,272,0,0
2304,16.683,0.811,0.462,0.158,0.182,0.009,1,0.423,0.000,0.000,1,272,83,0
2305,16.683,0.494,0.426,0.061,0.003,0.006,0,0.423,0.000,0.000,0,272,0,0
2306,16.683,0.726,0.449,0.105,0.165,0.007,1,0.382,0.000,0.000,1,272,83,0
2307,16.685,0.760,0.689,0.061,0.002,0.007,0,0.382,0.000,0.000,0,272,0,0
2308,16.685,1.172,0.735,0.148,0.278,0.010,1,0.486,0.000,0.000,1,272,83,0
2309,16.679,0.518,0.448,0.061,0.003,0.006,0,0.486,0.000,0.000,0,272,0,0
2310,16.685,0.765,0.473,0.112,0.173,0.008,1,0.351,0.000,0.000,1,272,83,0
2311,16.681,0.491,0.422,0.061,0.002,0.006,0,0.351,0.000,0.000,0,272,0,0
2312,16.685,0.783,0.455,0.104,0.217,0.006,1,0.287,0.000,0.000,1,272,83,0
2313,16.683,0.492,0.422,0.061,0.002,0.007,0,0.287,0.000,0.000,0,272,0,0
2314,16.685,0.728,0.456,0.105,0.159,0.007,1,0.416,0.000,0.000,1,272,83,0
2315,16.680,0.488,0.419,0.061,0.002,0.006,0,0.416,0.000,0.000,0,272,0,0
2316,16.685,0.756,0.476,0.106,0.165,0.009,1,0.392,0.000,0.000,1,272,83,0
2317,16.682,0.490,0.421,0.061,0.002,0.006,0,0.392,0.000,0.000,0,272,0,0
2318,16.686,0.739,0.459,0.107,0.166,0.007,1,0.386,0.000,0.000,1,272,83,0
2319,16.682,0.569,0.498,0.061,0.003,0.007,0,0.386,0.000,0.000,0,272,0,0
2320,16.684,0.732,0.453,0.105,0.166,0.008,1,0.401,0.000,0.000,1,272,83,0
2321,16.682,0.492,0.423,0.061,0.002,0.006,0,0.401,0.000,0.000,0,272,0,0
2322,16.710,0.754,0.480,0.105,0.160,0.008,1,0.373,0.000,0.000,1,272,83,0
2323,16.668,1.276,1.189,0.067,0.008,0.012,0,0.373,0.000,0.000,0,272,0,0
2324,16.675,1.381,0.876,0.161,0.334,0.010,1,0.691,0.000,0.000,1,272,83,0
2325,16.685,0.581,0.512,0.061,0.003,0.006,0,0.691,0.000,0.000,0,272,0,0
2326,16.683,1.370,0.809,0.176,0.370,0.015,1,0.647,0.000,0.000,1,272,83,0
2327,16.679,0.529,0.459,0.062,0.003,0.006,0,0.647,0.000,0.000,0,272,0,0
2328,16.686,0.803,0.488,0.118,0.188,0.009,1,0.380,0.000,0.000,1,272,83,0
2329,16.684,0.489,0.419,0.061,0.002,0.006,0,0.380,0.000,0.000,0,272,0,0
2330,16.683,0.750,0.468,0.109,0.166,0.007,1,0.369,0.000,0.000,1,272,83,0
2331,16.682,0.490,0.420,0.061,0.002,0.007,0,0.369,0.000,0.000,0,272,0,0
2332,16.684,0.722,0.450,0.106,0.158,0.007,1,0.381,0.000,0.000,1,272,83,0
2333,16.682,0.481,0.412,0.061,0.002,0.005,0,0.381,0.000,0.000,0,272,0,0
2334,16.688,0.722,0.452,0.105,0.159,0.007,1,0.433,0.000,0.000,1,272,83,0
2335,16.678,0.479,0.410,0.061,0.003,0.005,0,0.433,0.000,0.000,0,272,0,0
2336,16.685,0.697,0.431,0.101,0.159,0.006,1,0.407,0.000,0.000,1,272,83,0
2337,16.681,0.478,0.408,0.060,0.003,0.006,0,0.407,0.000,0.000,0,272,0,0
2338,16.685,0.697,0.434,0.101,0.156,0.006,1,0.397,0.000,0.000,1,272,83,0
2339,16.685,0.588,0.519,0.060,0.002,0.006,0,0.397,0.000,0.000,0,272,0,0
2340,16.702,0.993,0.720,0.105,0.161,0.007,1,0.353,0.000,0.000,1,272,83,0
2341,16.668,0.718,0.639,0.065,0.005,0.009,0,0.353,0.000,0.000,0,272,0,0
2342,16.681,1.013,0.541,0.150,0.315,0.007,1,0.690,0.000,0.000,1,272,83,0
2343,16.680,0.506,0.436,0.062,0.003,0.006,0,0.690,0.000,0.000,0,272,0,0
2344,16.686,0.723,0.437,0.108,0.172,0.006,1,0.439,0.000,0.000,1,272,83,0
2345,16.682,0.484,0.415,0.060,0.002,0.006,0,0.439,0.000,0.000,0,272,0,0
2346,16.686,0.717,0.445,0.103,0.160,0.008,1,0.410,0.000,0.000,1,272,83,0
2347,16.680,0.702,0.622,0.065,0.006,0.009,0,0.410,0.000,0.000,0,272,0,0
2348,16.688,0.812,0.538,0.106,0.160,0.008,1,0.438,0.000,0.000,1,272,83,0
2349,16.678,0.484,0.414,0.061,0.002,0.007,0,0.438,0.000,0.000,0,272,0,0
2350,16.689,0.703,0.444,0.101,0.151,0.006,1,0.402,0.000,0.000,1,272,83,0
2351,16.677,0.481,0.413,0.061,0.002,0.006,0,0.402,0.000,0.000,0,272,0,0
2352,16.687,0.705,0.447,0.101,0.151,0.007,1,0.407,0.000,0.000,1,272,83,0
2353,16.680,0.476,0.408,0.060,0.002,0.005,0,0.407,0.000,0.000,0,272,0,0
2354,16.689,0.689,0.433,0.101,0.150,0.006,1,0.400,0.000,0.000,1,272,83,0
2355,16.682,0.478,0.409,0.061,0.002,0.006,0,0.400,0.000,0.000,0,272,0,0
2356,16.683,0.914,0.648,0.103,0.158,0.005,1,0.359,0.000,0.000,1,272,83,0
2357,16.691,0.536,0.468,0.061,0.002,0.004,0,0.359,0.000,0.000,0,272,0,0
2358,16.680,1.287,0.753,0.174,0.349,0.012,1,0.575,0.000,0.000,1,272,83,0
2359,16.679,0.519,0.448,0.063,0.003,0.006,0,0.575,0.000,0.000,0,272,0,0
2360,16.686,0.786,0.467,0.130,0.182,0.007,1,0.374,0.000,0.000,1,272,83,0
2361,16.688,0.501,0.431,0.061,0.003,0.006,0,0.374,0.000,0.000,0,272,0,0
2362,16.676,1.199,0.841,0.129,0.219,0.010,1,0.472,0.000,0.000,1,272,83,0
2363,16.687,0.526,0.458,0.061,0.002,0.005,0,0.472,0.000,0.000,0,272,0,0
2364,16.681,0.970,0.627,0.128,0.205,0.010,1,0.471,0.000,0.000,1,272,83,0
2365,16.679,0.478,0.409,0.061,0.003,0.005,0,0.471,0.000,0.000,0,272,0,0
2366,16.687,0.696,0.431,0.104,0.155,0.006,1,0.423,0.000,0.000,1,272,83,0
2367,16.681,0.493,0.423,0.061,0.002,0.006,0,0.423,0.000,0.000,0,272,0,0
2368,16.688,0.706,0.439,0.103,0.158,0.006,1,0.414,0.000,0.000,1,272,83,0
2369,16.679,0.493,0.424,0.061,0.003,0.006,0,0.414,0.000,0.000,0,272,0,0
2370,16.687,0.732,0.450,0.109,0.166,0.007,1,0.406,0.000,0.000,1,272,83,0
2371,16.681,0.476,0.408,0.060,0.002,0.005,0,0.406,0.000,0.000,0,272,0,0
2372,16.687,0.749,0.474,0.106,0.162,0.007,1,0.397,0.000,0.000,1,272,83,0
2373,16.679,0.506,0.435,0.061,0.003,0.007,0,0.397,0.000,0.000,0,272,0,0
2374,16.686,0.746,0.463,0.108,0.168,0.007,1,0.373,0.000,0.000,1,272,83,0
2375,16.683,0.488,0.419,0.061,0.002,0.006,0,0.373,0.000,0.000,0,272,0,0
2376,16.684,0.743,0.462,0.105,0.167,0.009,1,0.380,0.000,0.000,1,272,83,0
2377,16.687,0.494,0.425,0.061,0.003,0.006,0,0.380,0.000,0.000,0,272,0,0
2378,16.678,1.306,0.874,0.143,0.281,0.009,1,0.512,0.000,0.000,1,272,83,0
2379,16.682,0.534,0.465,0.061,0.002,0.005,0,0.512,0.000,0.000,0,272,0,0
2380,16.684,0.963,0.627,0.125,0.202,0.009,1,0.507,0.000,0.000,1,272,83,0
2381,16.679,0.483,0.414,0.061,0.002,0.005,0,0.507,0.000,0.000,0,272,0,0
2382,16.687,0.700,0.436,0.101,0.156,0.007,1,0.423,0.000,0.000,1,272,83,0
2383,16.681,0.481,0.412,0.061,0.002,0.006,0,0.423,0.000,0.000,0,272,0,0
2384,16.686,0.685,0.423,0.102,0.154,0.006,1,0.403,0.000,0.000,1,272,83,0
2385,16.683,0.483,0.413,0.060,0.002,0.007,0,0.403,0.000,0.000,0,272,0,0
2386,16.683,0.721,0.452,0.106,0.157,0.006,1,0.406,0.000,0.000,1,272,83,0
2387,16.683,0.481,0.412,0.061,0.002,0.005,0,0.406,0.000,0.000,0,272,0,0
2388,16.687,0.709,0.446,0.101,0.154,0.007,1,0.406,0.000,0.000,1,272,83,0
2389,16.678,0.473,0.405,0.061,0.002,0.005,0,0.406,0.000,0.000,0,272,0,0
2390,16.686,0.688,0.431,0.103,0.149,0.006,1,0.389,0.000,0.000,1,272,83,0
2391,16.681,0.483,0.413,0.061,0.002,0.006,0,0.389,0.000,0.000,0,272,0,0
2392,16.686,0.679,0.421,0.100,0.153,0.006,1,0.393,0.000,0.000,1,272,83,0
2393,16.680,0.476,0.408,0.061,0.002,0.006,0,0.393,0.000,0.000,0,272,0,0
2394,16.687,0.681,0.435,0.086,0.152,0.007,1,0.390,0.000,0.000,1,272,83,0
2395,16.680,0.469,0.401,0.061,0.002,0.005,0,0.390,0.000,0.000,0,272,0,0
2396,16.689,0.679,0.422,0.099,0.151,0.006,1,0.393,0.000,0.000,1,272,83,0
2397,16.678,0.493,0.423,0.061,0.002,0.006,0,0.393,0.000,0.000,0,272,0,0
2398,16.687,0.714,0.440,0.103,0.165,0.007,1,0.395,0.000,0.000,1,272,83,0
