# The resampler A/B on the G4 -- PLAN.md 20.5
# Same walk twice, 18,000 frames, --com4 --rtc dolphin --freshcard --turbo --headless,
# differing only by the resampler. Both logs are 1,441 lines and both deal mg 401
# at frame 1 and mg 412 at frame 10,501, so this is one walk measured twice.

run      aud (ms) / clickstat
linear.log:  aud      mean   1.75  median   1.79  p95   3.08  worst  10.92 ms
linear.log:port> musyx_mix: --clickstat: 33002 step(s) over half full scale, worst step 48204 (wavstat.py's rule, on the mixed left channel)
4tap.log:  aud      mean   2.00  median   1.99  p95   3.56  worst  28.30 ms
4tap.log:port> musyx_mix: --clickstat: 36328 step(s) over half full scale, worst step 48927 (wavstat.py's rule, on the mixed left channel)

==== 4tap.log ====
Mario Party 4 -- native port, milestone M2a
port> DVD: disc image /Users/zach/MarioParty4/mp4.nkit.iso, 357 files in the FST
port> --headless: the GX pipeline runs, nothing is presented
port> audio: 32000 Hz, 2 ch, 512-frame buffer, 64 KB ring (512 ms)
port> --com4: all four players are CPU; instDll will dismiss its own instruction screen (src/REL/instDll/main.c:294)
port> entering the game's own main()

port> OSInit: MEM1 24 MB [0x2020000, 0x3820000), ARAM 16 MB, bus 162 MHz
port> OSInit: RTC pinned to 1041472800 (2003-01-02T02:00:00Z), OSGetTime origin 3838914000000000 ticks
port> DVDInit
port> VIInit
port> PADInit: no pad found; controller 1 = keyboard
port> PADInit: rumble not available
port> PADInit: controllers 2-4 unplugged (reference config: CPU players)
port> pad: --play: board-start-com4.play -> /Users/zach/isle.app/Contents/Resources/movies/board-start-com4.play
port> pad: --play board-start-com4.play: 460 directives, 0 marks
port> OSCreateHeap 0: 0x214c000..0x3820000 (23375 KB)
port> VIConfigure: 640x480 xfb, 640x480 efb, tv mode 0
port> GXInit: FIFO 0x214c00c, 1048576 bytes (the port keeps no FIFO; the write-gather writers are ordinary calls under TARGET_PC)
port> roulette: frame 1 dealt mg 401 (m401dll, type 0)
port> OSCreateThread 0x199430 func 0x41b24 (the soft-reset watcher; polled once per retrace, not run on a thread)
HuMem> left memory space 2383KB(2441120)
port> ARInit: 16 MB of ARAM
port> MusyX SAL: 32000 Hz, 4 x 640-byte AI buffers (20 ms), 32-sample sub-frame
port> musyx_mix: CPU mixer up, 50 voices, 1 studios, 32000 Hz
port> MusyX SAL: mixing started
port> musyx_aram: region [0x000000, 0x800000) zero_buf [0x000000, 0x000500) sample heap starts at 0x000500
port> CARD: slot A = $HOME/ab-4tap.raw (--freshcard: formatted, 59 free blocks)
port> CARD: cannot write $HOME/ab-4tap.raw (No such file or directory); this session's saves are in memory only
DLL DBG OUT
objman>Call New Ovl 1(1)
++++++++++++++++++++ Start New OVL 1 (EVT:0 STAT:0x00000000) ++++++++++++++++++
======== HuMem heap dump 0224c018 ========
MCB-----+Size----+MG+FL+Prev----+Next----+UNum----+Body----+Call----
0224c018 0000a020 a5 01 0225e1f8 02256038 ffffff00 0224c038 0000809c
02256038 000081c0 a5 01 0224c018 0225e1f8 ffffff00 02256058 0003bf88
0225e1f8 0022de20 cd 00 02256038 0224c018 00000000 0225e218 0003bf88
MCB:3(2/1) MEM:00240000(000121e0/0022de20)
======== HuMem heap dump 0224c018 end =====
======== HuMem heap dump 025cc030 ========
MCB-----+Size----+MG+FL+Prev----+Next----+UNum----+Body----+Call----
025cc030 00a80000 cd 00 025cc030 025cc030 ffffff00 025cc050 cdcdcdcd
MCB:1(0/1) MEM:00a80000(00000000/00a80000)
======== HuMem heap dump 025cc030 end =====
======== HuMem heap dump 0304c03c ========
MCB-----+Size----+MG+FL+Prev----+Next----+UNum----+Body----+Call----
0304c03c 00580000 cd 00 0304c03c 0304c03c ffffff00 0304c05c cdcdcdcd
MCB:1(0/1) MEM:00580000(00000000/00580000)
======== HuMem heap dump 0304c03c end =====
objman>Used Memory Size:000121e0
objman>Used Memory Cnt:2
objman>Init esp
objman>Call objectsetup
DLLStart 1 0
Search:dll/bootdll.rel
objdll>Link DLL:dll/bootdll.rel
Rest Memory 580000
port> REL bundles: 99 in /Users/zach/isle.app/Contents/MacOS/rels
===== DLL Module Info dump ====
                   ID:0x00000001
             LinkPrev:0x00000000
             LinkNext:0x00000000
          Section num:14
Section info tbl ofst:0x00000048
           nameOffset:0x00000000
             nameSize:47
              version:0x00000002
===============================
==== DLL Module Header dump ====
          bss Size:0x0000005c
        rel Offset:0x00005c9d
        imp Offset:0x00007a4d
    prolog Section:1
    epilog Section:1
unresolved Section:0
       prolog func:0x00000000
       epilog func:0x00000054
   unresolved func:0x00000000
================================
objdll>LinkOK 0225e578 00a1b730
objdll> dll/bootdll.rel prolog start
******* Boot ObjectSetup *********
objman>InitObjMan start
objman>InitObjMan end
objdll> dll/bootdll.rel prolog end
objman>ObjectSetup end
DLL DBG OUT
Rest Memory 57d540
ARAM Trans 808000
Rest Memory 55d020
ARAM Trans 80aaa0
Rest Memory 506400
ARAM Trans 82da60
Rest Memory 564f40
ARAM Trans 8a7640
Rest Memory 5395a0
data num 74000b
Rest Memory 1f08c0
0
GroupSet 0
***********GroupSet Error 0
port> THP: movie/opmov_a00.thp skipped -- movie decode is M8 (see port/src/dvd/thp_stub.c)
port> HuSprBegin: group 3 slot 0 names sprite 7, which is not a live sprite (data 0x0, attr 0010) -- dropped [1/32]
port> HuSprBegin: group 4 slot 0 names sprite 8, which is not a live sprite (data 0x2c70f90, attr 0000) -- dropped [2/32]
>>>>>>>>MSM_SE_SEL_01 0
>>>>>>>>SE Num 0
port> audio: first non-silent sample at retrace 726 (12.03 s of mixed audio)
port> musyx_mix: MEM1 sample id 1074 compType 0 at 0x2c9fb50 len 12059824: 00 00 00 0f 0f 00 00 0f 00 00 00 00 00 00 0f 00
port> musyx_mix: MEM1 sample id 1073 compType 0 at 0x2c98890 len 12089200: 00 00 00 00 0f 00 00 0f 00 00 00 00 00 00 00 00
port> musyx_mix: MEM1 sample id 1076 compType 0 at 0x2cc0430 len 11926480: 34 95 2f 1f ff 02 1f f0 33 20 f0 43 fa e7 71 be
port> musyx_mix: MEM1 sample id 1075 compType 0 at 0x2ca6e10 len 12030448: 73 7e f0 d2 0e 01 13 fe 12 f3 20 26 1b e6 49 b6
objman>Call New Ovl 74(1)
OvlKill 1
objdll>omDLLNumEnd 1 1
Search:dll/bootdll.rel
+++++++++++ Find0: dll/bootdll.rel
objdll>omDLLEnd 0 1
objdll>End DLL:dll/bootdll.rel
odjdll>Unlink DLL:dll/bootdll.rel
objdll>Unlink DLL epilog
objdll>Unlink DLL epilog finish
objdll>End DLL finish
objman>Destory ObjMan
++++++++++++++++++++ Start New OVL 74 (EVT:0 STAT:0x00000000) ++++++++++++++++++
======== HuMem heap dump 0224c018 ========
MCB-----+Size----+MG+FL+Prev----+Next----+UNum----+Body----+Call----
0224c018 0000a020 a5 01 022841d8 02256038 ffffff00 0224c038 0000809c
02256038 000081c0 a5 01 0224c018 0225e1f8 ffffff00 02256058 0003bf88
0225e1f8 00025640 cd 00 02256038 02283838 ffffff00 0225e218 0003c8d8
02283838 00000100 a5 01 0225e1f8 02283938 ffffff00 02283858 00036f6c
02283938 00000400 a5 01 02283838 02283d38 ffffff00 02283958 00036fbc
02283d38 00000400 a5 01 02283938 02284138 ffffff00 02283d58 00037008
02284138 00000060 a5 01 02283d38 02284198 ffffff00 02284158 00037054
02284198 00000040 a5 01 02284138 022841d8 ffffff00 022841b8 000370a0
022841d8 00207e40 cd 00 02284198 0224c018 ffffff00 022841f8 0003c8d8
MCB:9(7/2) MEM:00240000(00012b80/0022d480)
======== HuMem heap dump 0224c018 end =====
======== HuMem heap dump 025cc030 ========
MCB-----+Size----+MG+FL+Prev----+Next----+UNum----+Body----+Call----
025cc030 00a80000 cd 00 025cc030 025cc030 ffffff00 025cc050 0003fa1c
MCB:1(0/1) MEM:00a80000(00000000/00a80000)
======== HuMem heap dump 025cc030 end =====
======== HuMem heap dump 0304c03c ========
MCB-----+Size----+MG+FL+Prev----+Next----+UNum----+Body----+Call----
0304c03c 00580000 cd 00 0304c03c 0304c03c 10000000 0304c05c 0000f798
MCB:1(0/1) MEM:00580000(00000000/00580000)
======== HuMem heap dump 0304c03c end =====
objman>Used Memory Size:00012b80
objman>Used Memory Cnt:7
objman>Init esp
objman>Call objectsetup
############CharGrpSet
Del Group OK
port> musyx_aram: aramRemoveData(22208) with an empty sample heap.  Expected: hwSaveSample only stores on the Dolphin target, so msm owns sample upload and MusyX only ever frees.  Clamped; further occurrences are counted, not printed.
SOUND ##########################
0
GroupSet 0
***********GroupSet Error 0
Change AUX 0,1
##########################
DLLStart 74 0
Search:dll/modeseldll.rel
objdll>Link DLL:dll/modeseldll.rel
Rest Memory 580000
===== DLL Module Info dump ====
                   ID:0x00000001
             LinkPrev:0x00000000
             LinkNext:0x00000000
          Section num:15
Section info tbl ofst:0x00000048
           nameOffset:0x00000000
             nameSize:53
              version:0x00000002
===============================
==== DLL Module Header dump ====
          bss Size:0x000001ca
        rel Offset:0x0000d154
        imp Offset:0x0001664c
    prolog Section:1
    epilog Section:1
unresolved Section:0
       prolog func:0x00000000
       epilog func:0x00000054
   unresolved func:0x00000000
================================
objdll>LinkOK 0225e578 00a1ee70
objdll> dll/modeseldll.rel prolog start
******* MS ObjectSetup *********
objman>InitObjMan start
objman>InitObjMan end
Rest Memory 5395a0
objdll> dll/modeseldll.rel prolog end
objman>ObjectSetup end
DLL DBG OUT
data num 630000
Rest Memory 441ce0
port> HuSprBegin: group 1 slot 0 names sprite 12, which is not a live sprite (data 0x2861050, attr 0000) -- dropped [3/32]
port> HuSprBegin: group 2 slot 0 names sprite 14, which is not a live sprite (data 0x2863110, attr 0004) -- dropped [4/32]
Init
port> HuSprBegin: group 2 slot 0 names sprite 15, which is not a live sprite (data 0x2865270, attr 0004) -- dropped [5/32]
ARAM data num 86001f
port> HuSprBegin: group 9 slot 0 names sprite 71, which is not a live sprite (data 0x2869790, attr 0000) -- dropped [6/32]
port> CARD: cannot write $HOME/ab-4tap.raw (No such file or directory); this session's saves are in memory only
port> CARD: created "MARIPA4BOX0", 16384 bytes (2 blocks)
port> CARD: cannot write $HOME/ab-4tap.raw (No such file or directory); this session's saves are in memory only
port> CARD: cannot write $HOME/ab-4tap.raw (No such file or directory); this session's saves are in memory only
port> THP: movie/opmov_s00.thp skipped -- movie decode is M8 (see port/src/dvd/thp_stub.c)
port> HuSprBegin: group 1 slot 0 names sprite 13, which is not a live sprite (data 0x0, attr 0010) -- dropped [7/32]
port> HuSprBegin: group 1 slot 0 names sprite 13, which is not a live sprite (data 0x286b8f0, attr 0000) -- dropped [8/32]
port> HuSprBegin: group 2 slot 0 names sprite 68, which is not a live sprite (data 0x286da50, attr 0004) -- dropped [9/32]
port> THP: movie/opmov_c00.thp skipped -- movie decode is M8 (see port/src/dvd/thp_stub.c)
port> HuSprBegin: group 2 slot 0 names sprite 69, which is not a live sprite (data 0x0, attr 0010) -- dropped [10/32]
objman>Call New Ovl 70(1)
OvlKill 1
objdll>omDLLNumEnd 74 1
Search:dll/modeseldll.rel
+++++++++++ Find0: dll/modeseldll.rel
objdll>omDLLEnd 0 1
objdll>End DLL:dll/modeseldll.rel
odjdll>Unlink DLL:dll/modeseldll.rel
objdll>Unlink DLL epilog
objdll>Unlink DLL epilog finish
objdll>End DLL finish
objman>Destory ObjMan
++++++++++++++++++++ Start New OVL 70 (EVT:0 STAT:0x00000000) ++++++++++++++++++
======== HuMem heap dump 0224c018 ========
MCB-----+Size----+MG+FL+Prev----+Next----+UNum----+Body----+Call----
0224c018 0000a020 a5 01 022841d8 02256038 ffffff00 0224c038 0000809c
02256038 000081c0 a5 01 0224c018 0225e1f8 ffffff00 02256058 0003bf88
0225e1f8 00025640 cd 00 02256038 02283838 ffffff00 0225e218 0003c8d8
02283838 00000100 a5 01 0225e1f8 02283938 ffffff00 02283858 00036f6c
02283938 00000400 a5 01 02283838 02283d38 ffffff00 02283958 00036fbc
02283d38 00000400 a5 01 02283938 02284138 ffffff00 02283d58 00037008
02284138 00000060 a5 01 02283d38 02284198 ffffff00 02284158 00037054
02284198 00000040 a5 01 02284138 022841d8 ffffff00 022841b8 000370a0
022841d8 00207e40 cd 00 02284198 0224c018 ffffff00 022841f8 0003c8d8
MCB:9(7/2) MEM:00240000(00012b80/0022d480)
======== HuMem heap dump 0224c018 end =====
======== HuMem heap dump 025cc030 ========
MCB-----+Size----+MG+FL+Prev----+Next----+UNum----+Body----+Call----
025cc030 00a80000 cd 00 025cc030 025cc030 ffffff00 025cc050 00038c18
MCB:1(0/1) MEM:00a80000(00000000/00a80000)
======== HuMem heap dump 025cc030 end =====
======== HuMem heap dump 0304c03c ========
MCB-----+Size----+MG+FL+Prev----+Next----+UNum----+Body----+Call----
0304c03c 00580000 cd 00 0304c03c 0304c03c 10000000 0304c05c 0000f798
MCB:1(0/1) MEM:00580000(00000000/00580000)
======== HuMem heap dump 0304c03c end =====
objman>Used Memory Size:00012b80
objman>Used Memory Cnt:7
objman>Init esp
objman>Call objectsetup
DLLStart 70 0
Search:dll/mentdll.rel
objdll>Link DLL:dll/mentdll.rel
Rest Memory 580000
===== DLL Module Info dump ====
                   ID:0x00000001
             LinkPrev:0x00000000
             LinkNext:0x00000000
          Section num:15
Section info tbl ofst:0x00000048
           nameOffset:0x00000000
             nameSize:47
              version:0x00000002
===============================
==== DLL Module Header dump ====
          bss Size:0x000036c4
        rel Offset:0x000246f8
        imp Offset:0x00036a90
    prolog Section:1
    epilog Section:1
unresolved Section:0
       prolog func:0x000000a4
       epilog func:0x000000f8
   unresolved func:0x00000000
================================
objdll>LinkOK 022841f8 00a1ef90
objdll> dll/mentdll.rel prolog start
objman>InitObjMan start
objman>InitObjMan end
Rest Memory 5395a0
0
GroupSet 7
***********GroupSet Error 0
objdll> dll/mentdll.rel prolog end
objman>ObjectSetup end
DLL DBG OUT
data num 600008
Rest Memory 1ad6c0
ARAM data num 120006
port> HuSprBegin: group 6 slot 0 names sprite 185, which is not a live sprite (data 0x2876af0, attr 0000) -- dropped [11/32]
port> HuSprBegin: group 7 slot 0 names sprite 187, which is not a live sprite (data 0x287ac30, attr 0000) -- dropped [12/32]
port> HuSprBegin: group 8 slot 0 names sprite 189, which is not a live sprite (data 0x287ed70, attr 0000) -- dropped [13/32]
port> HuSprBegin: group 9 slot 0 names sprite 191, which is not a live sprite (data 0x2882eb0, attr 0000) -- dropped [14/32]
port> HuSprBegin: group 10 slot 0 names sprite 193, which is not a live sprite (data 0x2886ff0, attr 0000) -- dropped [15/32]
########### ME_MainProcFunc000
port> HuSprBegin: group 11 slot 0 names sprite 195, which is not a live sprite (data 0x2be5150, attr 0000) -- dropped [16/32]
port> HuSprBegin: group 11 slot 0 names sprite 196, which is not a live sprite (data 0x2be91f0, attr 0000) -- dropped [17/32]
port> HuSprBegin: group 12 slot 0 names sprite 198, which is not a live sprite (data 0x2bed290, attr 0000) -- dropped [18/32]
port> HuSprBegin: group 11 slot 0 names sprite 197, which is not a live sprite (data 0x2bf1330, attr 0000) -- dropped [19/32]
port> HuSprBegin: group 12 slot 0 names sprite 200, which is not a live sprite (data 0x2bf53d0, attr 0000) -- dropped [20/32]
#########SE Entry Error<SE 2:ErrorNo -110>
port> HuSprBegin: group 11 slot 0 names sprite 199, which is not a live sprite (data 0x2bf9470, attr 0000) -- dropped [21/32]
#########SE Entry Error<SE 54:ErrorNo -110>
port> HuSprBegin: group 12 slot 0 names sprite 202, which is not a live sprite (data 0x2bfd510, attr 0000) -- dropped [22/32]
#########SE Entry Error<SE 109:ErrorNo -110>
port> HuSprBegin: group 11 slot 0 names sprite 201, which is not a live sprite (data 0x2c015b0, attr 0000) -- dropped [23/32]
#########SE Entry Error<SE 57:ErrorNo -110>
#########SE Entry Error<SE 28:ErrorNo -110>
port> HuSprBegin: group 12 slot 0 names sprite 204, which is not a live sprite (data 0x2c05650, attr 0000) -- dropped [24/32]
#########SE Entry Error<SE 110:ErrorNo -110>
port> HuSprBegin: group 12 slot 0 names sprite 205, which is not a live sprite (data 0x2c096f0, attr 0000) -- dropped [25/32]
#########SE Entry Error<SE 2:ErrorNo -110>
port> HuSprBegin: group 12 slot 0 names sprite 206, which is not a live sprite (data 0x2c0d790, attr 0000) -- dropped [26/32]
#########SE Entry Error<SE 111:ErrorNo -110>
port> HuSprBegin: group 12 slot 0 names sprite 207, which is not a live sprite (data 0x2c11830, attr 0000) -- dropped [27/32]
#########SE Entry Error<SE 2:ErrorNo -110>
port> HuSprBegin: group 12 slot 0 names sprite 208, which is not a live sprite (data 0x2c158d0, attr 0000) -- dropped [28/32]
#########SE Entry Error<SE 112:ErrorNo -110>
port> HuSprBegin: group 12 slot 0 names sprite 209, which is not a live sprite (data 0x2c19970, attr 0000) -- dropped [29/32]
#########SE Entry Error<SE 2:ErrorNo -110>
port> HuSprBegin: group 11 slot 0 names sprite 203, which is not a live sprite (data 0x2c1da10, attr 0000) -- dropped [30/32]
#########SE Entry Error<SE 57:ErrorNo -110>
#########SE Entry Error<SE 28:ErrorNo -110>
port> HuSprBegin: group 12 slot 0 names sprite 211, which is not a live sprite (data 0x2c21ab0, attr 0000) -- dropped [31/32]
#########SE Entry Error<SE 83:ErrorNo -110>
#########SE Entry Error<SE 54:ErrorNo -110>
#########SE Entry Error<SE 2:ErrorNo -110>
#########SE Entry Error<SE 57:ErrorNo -110>
#########SE Entry Error<SE 84:ErrorNo -110>
#########SE Entry Error<SE 84:ErrorNo -110>
#########SE Entry Error<SE 84:ErrorNo -110>
#########SE Entry Error<SE 84:ErrorNo -110>
port> HuSprBegin: group 11 slot 0 names sprite 210, which is not a live sprite (data 0x2c25b50, attr 0000) -- dropped [32/32]
#########SE Entry Error<SE 54:ErrorNo -110>
#########SE Entry Error<SE 28:ErrorNo -110>
#########SE Entry Error<SE 2:ErrorNo -110>
#########SE Entry Error<SE 2:ErrorNo -110>
#########SE Entry Error<SE 2:ErrorNo -110>
#########SE Entry Error<SE 2:ErrorNo -110>
#########SE Entry Error<SE 2:ErrorNo -110>
#########SE Entry Error<SE 54:ErrorNo -110>
#########SE Entry Error<SE 2:ErrorNo -110>
#########SE Entry Error<SE 84:ErrorNo -110>
#########SE Entry Error<SE 84:ErrorNo -110>
Rest Memory 3f5780
Rest Memory 420c20
#########SE Entry Error<SE 84:ErrorNo -110>
#########SE Entry Error<SE 55:ErrorNo -110>
#########SE Entry Error<SE 28:ErrorNo -110>
#########SE Entry Error<SE 117:ErrorNo -110>
#########SE Entry Error<SE 118:ErrorNo -110>
#########SE Entry Error<SE 119:ErrorNo -110>
#########SE Entry Error<SE 120:ErrorNo -110>
#########SE Entry Error<SE 125:ErrorNo -110>
#########SE Entry Error<SE 34:ErrorNo -110>
Rest Memory 2e2fa0
ARAM Trans a4cf40
Rest Memory 2da580
ARAM Trans b8aba0
Rest Memory 2ed200
ARAM Trans cd1220
Rest Memory 2c7a80
ARAM Trans e04c20
objman>Call New Ovl 89(1)
OvlKill 1
objdll>omDLLNumEnd 70 1
Search:dll/mentdll.rel
+++++++++++ Find0: dll/mentdll.rel
objdll>omDLLEnd 0 1
objdll>End DLL:dll/mentdll.rel
odjdll>Unlink DLL:dll/mentdll.rel
objdll>Unlink DLL epilog
objdll>Unlink DLL epilog finish
objdll>End DLL finish
objman>Destory ObjMan
++++++++++++++++++++ Start New OVL 89 (EVT:0 STAT:0x00000000) ++++++++++++++++++
======== HuMem heap dump 0224c018 ========
MCB-----+Size----+MG+FL+Prev----+Next----+UNum----+Body----+Call----
0224c018 0000a020 a5 01 0239f7f8 02256038 ffffff00 0224c038 0000809c
02256038 000081c0 a5 01 0224c018 0225e1f8 ffffff00 02256058 0003bf88
0225e1f8 00024600 cd 00 02256038 022827f8 ffffff00 0225e218 0003c8d8
022827f8 00000260 a5 01 0225e1f8 02282a58 ffffff00 02282818 000088d4
02282a58 00000260 a5 01 022827f8 02282cb8 ffffff00 02282a78 000088d4
02282cb8 000002c0 a5 01 02282a58 02282f78 ffffff00 02282cd8 000088d4
02282f78 000008c0 cd 00 02282cb8 02283838 10000000 02282f98 00038bf8
02283838 00000100 a5 01 02282f78 02283938 ffffff00 02283858 00036f6c
02283938 00000400 a5 01 02283838 02283d38 ffffff00 02283958 00036fbc
02283d38 00000400 a5 01 02283938 02284138 ffffff00 02283d58 00037008
02284138 00000060 a5 01 02283d38 02284198 ffffff00 02284158 00037054
02284198 00000040 a5 01 02284138 022841d8 ffffff00 022841b8 000370a0
022841d8 0010d640 cd 00 02284198 02391818 ffffff00 022841f8 0003c8d8
02391818 00002100 a5 01 022841d8 02393918 ffffff00 02391838 000088d4
02393918 00000f80 a5 01 02391818 02394898 ffffff00 02393938 000088d4
02394898 000041c0 a5 01 02393918 02398a58 ffffff00 023948b8 000088d4
02398a58 000041c0 a5 01 02394898 0239cc18 ffffff00 02398a78 000088d4
0239cc18 00002be0 a5 01 02398a58 0239f7f8 ffffff00 0239cc38 000088d4
0239f7f8 000ec820 cd 00 0239cc18 0224c018 ffffff00 0239f818 0003c8d8
MCB:19(15/4) MEM:00240000(000212e0/0021ed20)
======== HuMem heap dump 0224c018 end =====
======== HuMem heap dump 025cc030 ========
MCB-----+Size----+MG+FL+Prev----+Next----+UNum----+Body----+Call----
025cc030 00a80000 cd 00 025cc030 025cc030 ffffff00 025cc050 0003fa1c
MCB:1(0/1) MEM:00a80000(00000000/00a80000)
======== HuMem heap dump 025cc030 end =====
======== HuMem heap dump 0304c03c ========
MCB-----+Size----+MG+FL+Prev----+Next----+UNum----+Body----+Call----
0304c03c 0015f3e0 a5 01 031ab41c 031ab41c ffffff00 0304c05c 000103a0
031ab41c 00420c20 cd 00 0304c03c 0304c03c ffffff00 031ab43c 0000f798
MCB:2(1/1) MEM:00580000(0015f3e0/00420c20)
======== HuMem heap dump 0304c03c end =====
objman>Used Memory Size:000212e0
objman>Used Memory Cnt:15
objman>Init esp
objman>Call objectsetup
SOUND ##########################
0
GroupSet 9
***********GroupSet Error 0
##########################
DLLStart 89 0
Search:dll/w01dll.rel
objdll>Link DLL:dll/w01dll.rel
Rest Memory 420c20
===== DLL Module Info dump ====
                   ID:0x00000001
             LinkPrev:0x00000000
             LinkNext:0x00000000
          Section num:16
Section info tbl ofst:0x00000048
           nameOffset:0x00000000
             nameSize:45
              version:0x00000002
===============================
==== DLL Module Header dump ====
          bss Size:0x0000081c
        rel Offset:0x00012e34
        imp Offset:0x0001f174
    prolog Section:1
    epilog Section:1
unresolved Section:0
       prolog func:0x00000030
       epilog func:0x00000094
   unresolved func:0x00000000
================================
objdll>LinkOK 0225e578 00a1f0c0
objdll> dll/w01dll.rel prolog start
objman>InitObjMan start
objman>InitObjMan end
objdll> dll/w01dll.rel prolog end
objman>ObjectSetup end
DLL DBG OUT
Rest Memory 37b3c0
Rest Memory 334960
data num 5e0000
Rest Memory 31dea0
ARAM data num 120006
data num 190000
Rest Memory 322ae0
data num 6c0000
Rest Memory 302e20
data num 890000
Rest Memory 31a860
ARAM data num 7001d
data num 50000
Rest Memory 136ce0
data num 90000
Rest Memory 1424a0
#########SE Entry Error<SE 269:ErrorNo -110>
#########SE Entry Error<SE 269:ErrorNo -110>
#########SE Entry Error<SE 333:ErrorNo -110>
#########SE Entry Error<SE 333:ErrorNo -110>
#########SE Entry Error<SE 397:ErrorNo -110>
#########SE Entry Error<SE 397:ErrorNo -110>
#########SE Entry Error<SE 461:ErrorNo -110>
#########SE Entry Error<SE 54:ErrorNo -110>
#########SE Entry Error<SE 28:ErrorNo -110>
#########SE Entry Error<SE 28:ErrorNo -110>
#########SE Entry Error<SE 28:ErrorNo -110>
#########SE Entry Error<SE 28:ErrorNo -110>
#########SE Entry Error<SE 770:ErrorNo -110>
#########SE Entry Error<SE 770:ErrorNo -110>
#########SE Entry Error<SE 770:ErrorNo -110>
#########SE Entry Error<SE 770:ErrorNo -110>
#########SE Entry Error<SE 768:ErrorNo -110>
#########SE Entry Error<SE 768:ErrorNo -110>
#########SE Entry Error<SE 768:ErrorNo -110>
#########SE Entry Error<SE 768:ErrorNo -110>
#########SE Entry Error<SE 771:ErrorNo -110>
#########SE Entry Error<SE 771:ErrorNo -110>
#########SE Entry Error<SE 771:ErrorNo -110>
#########SE Entry Error<SE 771:ErrorNo -110>
#########SE Entry Error<SE 28:ErrorNo -110>
#########SE Entry Error<SE 290:ErrorNo -110>
#########SE Entry Error<SE 28:ErrorNo -110>
#########SE Entry Error<SE 418:ErrorNo -110>
#########SE Entry Error<SE 28:ErrorNo -110>
#########SE Entry Error<SE 354:ErrorNo -110>
#########SE Entry Error<SE 28:ErrorNo -110>
#########SE Entry Error<SE 482:ErrorNo -110>
#########SE Entry Error<SE 28:ErrorNo -110>
#########SE Entry Error<SE 7:ErrorNo -110>
#########SE Entry Error<SE 7:ErrorNo -110>
#########SE Entry Error<SE 7:ErrorNo -110>
#########SE Entry Error<SE 7:ErrorNo -110>
#########SE Entry Error<SE 7:ErrorNo -110>
#########SE Entry Error<SE 7:ErrorNo -110>
#########SE Entry Error<SE 7:ErrorNo -110>
#########SE Entry Error<SE 7:ErrorNo -110>
#########SE Entry Error<SE 7:ErrorNo -110>
#########SE Entry Error<SE 7:ErrorNo -110>
#########SE Entry Error<SE 15:ErrorNo -110>
#########SE Entry Error<SE 354:ErrorNo -110>
#########SE Entry Error<SE 290:ErrorNo -110>
#########SE Entry Error<SE 418:ErrorNo -110>
#########SE Entry Error<SE 482:ErrorNo -110>
#########SE Entry Error<SE 28:ErrorNo -110>
#########SE Entry Error<SE 54:ErrorNo -110>
#########SE Entry Error<SE 28:ErrorNo -110>
#########SE Entry Error<SE 775:ErrorNo -110>
#########SE Entry Error<SE 770:ErrorNo -110>
#########SE Entry Error<SE 768:ErrorNo -110>
#########SE Entry Error<SE 771:ErrorNo -110>
#########SE Entry Error<SE 780:ErrorNo -110>
#########SE Entry Error<SE 261:ErrorNo -110>
#########SE Entry Error<SE 769:ErrorNo -110>
#########SE Entry Error<SE 261:ErrorNo -110>
#########SE Entry Error<SE 325:ErrorNo -110>
#########SE Entry Error<SE 389:ErrorNo -110>
#########SE Entry Error<SE 453:ErrorNo -110>
#########SE Entry Error<SE 325:ErrorNo -110>
#########SE Entry Error<SE 261:ErrorNo -110>
#########SE Entry Error<SE 389:ErrorNo -110>
#########SE Entry Error<SE 769:ErrorNo -110>
#########SE Entry Error<SE 261:ErrorNo -110>
#########SE Entry Error<SE 769:ErrorNo -110>
#########SE Entry Error<SE 261:ErrorNo -110>
#########SE Entry Error<SE 261:ErrorNo -110>
#########SE Entry Error<SE 769:ErrorNo -110>
#########SE Entry Error<SE 842:ErrorNo -110>
#########SE Entry Error<SE 832:ErrorNo -110>
#########SE Entry Error<SE 2:ErrorNo -110>
#########SE Entry Error<SE 780:ErrorNo -110>
#########SE Entry Error<SE 833:ErrorNo -110>
#########SE Entry Error<SE 781:ErrorNo -110>
#########SE Entry Error<SE 864:ErrorNo -110>
#########SE Entry Error<SE 290:ErrorNo -110>
#########SE Entry Error<SE 28:ErrorNo -110>
#########SE Entry Error<SE 775:ErrorNo -110>
#########SE Entry Error<SE 770:ErrorNo -110>
#########SE Entry Error<SE 768:ErrorNo -110>
#########SE Entry Error<SE 771:ErrorNo -110>
#########SE Entry Error<SE 780:ErrorNo -110>
#########SE Entry Error<SE 389:ErrorNo -110>
#########SE Entry Error<SE 389:ErrorNo -110>
#########SE Entry Error<SE 769:ErrorNo -110>
#########SE Entry Error<SE 325:ErrorNo -110>
#########SE Entry Error<SE 453:ErrorNo -110>
#########SE Entry Error<SE 839:ErrorNo -110>
#########SE Entry Error<SE 325:ErrorNo -110>
#########SE Entry Error<SE 7:ErrorNo -110>
#########SE Entry Error<SE 418:ErrorNo -110>
#########SE Entry Error<SE 7:ErrorNo -110>
#########SE Entry Error<SE 7:ErrorNo -110>
#########SE Entry Error<SE 15:ErrorNo -110>
#########SE Entry Error<SE 775:ErrorNo -110>
#########SE Entry Error<SE 770:ErrorNo -110>
#########SE Entry Error<SE 768:ErrorNo -110>
#########SE Entry Error<SE 771:ErrorNo -110>
#########SE Entry Error<SE 780:ErrorNo -110>
#########SE Entry Error<SE 325:ErrorNo -110>
#########SE Entry Error<SE 325:ErrorNo -110>
#########SE Entry Error<SE 769:ErrorNo -110>
#########SE Entry Error<SE 453:ErrorNo -110>
#########SE Entry Error<SE 839:ErrorNo -110>
#########SE Entry Error<SE 7:ErrorNo -110>
#########SE Entry Error<SE 354:ErrorNo -110>
#########SE Entry Error<SE 7:ErrorNo -110>
#########SE Entry Error<SE 7:ErrorNo -110>
#########SE Entry Error<SE 15:ErrorNo -110>
#########SE Entry Error<SE 775:ErrorNo -110>
#########SE Entry Error<SE 770:ErrorNo -110>
#########SE Entry Error<SE 768:ErrorNo -110>
#########SE Entry Error<SE 771:ErrorNo -110>
#########SE Entry Error<SE 780:ErrorNo -110>
#########SE Entry Error<SE 453:ErrorNo -110>
#########SE Entry Error<SE 769:ErrorNo -110>
#########SE Entry Error<SE 453:ErrorNo -110>
#########SE Entry Error<SE 453:ErrorNo -110>
#########SE Entry Error<SE 769:ErrorNo -110>
#########SE Entry Error<SE 453:ErrorNo -110>
#########SE Entry Error<SE 453:ErrorNo -110>
#########SE Entry Error<SE 769:ErrorNo -110>
#########SE Entry Error<SE 839:ErrorNo -110>
#########SE Entry Error<SE 7:ErrorNo -110>
#########SE Entry Error<SE 482:ErrorNo -110>
#########SE Entry Error<SE 7:ErrorNo -110>
#########SE Entry Error<SE 7:ErrorNo -110>
#########SE Entry Error<SE 15:ErrorNo -110>
#########SE Entry Error<SE 852:ErrorNo -110>
#########SE Entry Error<SE 853:ErrorNo -110>
#########SE Entry Error<SE 772:ErrorNo -110>
#########SE Entry Error<SE 772:ErrorNo -110>
#########SE Entry Error<SE 772:ErrorNo -110>
#########SE Entry Error<SE 772:ErrorNo -110>
#########SE Entry Error<SE 772:ErrorNo -110>
#########SE Entry Error<SE 772:ErrorNo -110>
#########SE Entry Error<SE 772:ErrorNo -110>
#########SE Entry Error<SE 772:ErrorNo -110>
#########SE Entry Error<SE 772:ErrorNo -110>
#########SE Entry Error<SE 772:ErrorNo -110>
#########SE Entry Error<SE 772:ErrorNo -110>
#########SE Entry Error<SE 772:ErrorNo -110>
#########SE Entry Error<SE 772:ErrorNo -110>
#########SE Entry Error<SE 772:ErrorNo -110>
#########SE Entry Error<SE 772:ErrorNo -110>
#########SE Entry Error<SE 772:ErrorNo -110>
#########SE Entry Error<SE 772:ErrorNo -110>
#########SE Entry Error<SE 772:ErrorNo -110>
#########SE Entry Error<SE 772:ErrorNo -110>
#########SE Entry Error<SE 772:ErrorNo -110>
#########SE Entry Error<SE 772:ErrorNo -110>
#########SE Entry Error<SE 772:ErrorNo -110>
#########SE Entry Error<SE 772:ErrorNo -110>
#########SE Entry Error<SE 772:ErrorNo -110>
#########SE Entry Error<SE 772:ErrorNo -110>
#########SE Entry Error<SE 772:ErrorNo -110>
#########SE Entry Error<SE 772:ErrorNo -110>
#########SE Entry Error<SE 772:ErrorNo -110>
#########SE Entry Error<SE 772:ErrorNo -110>
#########SE Entry Error<SE 772:ErrorNo -110>
#########SE Entry Error<SE 772:ErrorNo -110>
#########SE Entry Error<SE 772:ErrorNo -110>
#########SE Entry Error<SE 772:ErrorNo -110>
#########SE Entry Error<SE 772:ErrorNo -110>
#########SE Entry Error<SE 772:ErrorNo -110>
#########SE Entry Error<SE 772:ErrorNo -110>
#########SE Entry Error<SE 772:ErrorNo -110>
#########SE Entry Error<SE 772:ErrorNo -110>
#########SE Entry Error<SE 772:ErrorNo -110>
#########SE Entry Error<SE 772:ErrorNo -110>
#########SE Entry Error<SE 773:ErrorNo -110>
Rest Memory 40a8e0
port> roulette: frame 10501 dealt mg 412 (m412dll, type 0)
objman>Call New Ovl 3(1)
OvlKill 1
objdll>omDLLNumEnd 89 1
Search:dll/w01dll.rel
+++++++++++ Find0: dll/w01dll.rel
objdll>omDLLEnd 0 1
objdll>End DLL:dll/w01dll.rel
odjdll>Unlink DLL:dll/w01dll.rel
objdll>Unlink DLL epilog
objdll>Unlink DLL epilog finish
objdll>End DLL finish
objman>Destory ObjMan
++++++++++++++++++++ Start New OVL 3 (EVT:0 STAT:0x00000000) ++++++++++++++++++
======== HuMem heap dump 0224c018 ========
MCB-----+Size----+MG+FL+Prev----+Next----+UNum----+Body----+Call----
0224c018 0000a020 a5 01 0239f7f8 02256038 ffffff00 0224c038 0000809c
02256038 000081c0 a5 01 0224c018 0225e1f8 ffffff00 02256058 0003bf88
0225e1f8 00024600 cd 00 02256038 022827f8 ffffff00 0225e218 00038148
022827f8 00000260 a5 01 0225e1f8 02282a58 ffffff00 02282818 000088d4
02282a58 00000260 a5 01 022827f8 02282cb8 ffffff00 02282a78 000088d4
02282cb8 000002c0 a5 01 02282a58 02282f78 ffffff00 02282cd8 000088d4
02282f78 000008c0 cd 00 02282cb8 02283838 ffffff00 02282f98 00044094
02283838 00000100 a5 01 02282f78 02283938 ffffff00 02283858 00036f6c
02283938 00000400 a5 01 02283838 02283d38 ffffff00 02283958 00036fbc
02283d38 00000400 a5 01 02283938 02284138 ffffff00 02283d58 00037008
02284138 00000060 a5 01 02283d38 02284198 ffffff00 02284158 00037054
02284198 00000040 a5 01 02284138 022841d8 ffffff00 022841b8 000370a0
022841d8 0010d640 cd 00 02284198 02391818 ffffff00 022841f8 0003c8d8
02391818 00002100 a5 01 022841d8 02393918 ffffff00 02391838 000088d4
02393918 00000f80 a5 01 02391818 02394898 ffffff00 02393938 000088d4
02394898 000041c0 a5 01 02393918 02398a58 ffffff00 023948b8 000088d4
02398a58 000041c0 a5 01 02394898 0239cc18 ffffff00 02398a78 000088d4
0239cc18 00002be0 a5 01 02398a58 0239f7f8 ffffff00 0239cc38 000088d4
0239f7f8 000ec820 cd 00 0239cc18 0224c018 ffffff00 0239f818 0003c8d8
MCB:19(15/4) MEM:00240000(000212e0/0021ed20)
======== HuMem heap dump 0224c018 end =====
======== HuMem heap dump 025cc030 ========
MCB-----+Size----+MG+FL+Prev----+Next----+UNum----+Body----+Call----
025cc030 00a80000 cd 00 025cc030 025cc030 10000000 025cc050 0003fa1c
MCB:1(0/1) MEM:00a80000(00000000/00a80000)
======== HuMem heap dump 025cc030 end =====
======== HuMem heap dump 0304c03c ========
MCB-----+Size----+MG+FL+Prev----+Next----+UNum----+Body----+Call----
0304c03c 00175720 a5 01 031c175c 031c175c ffffff00 0304c05c 000103a0
031c175c 0040a8e0 cd 00 0304c03c 0304c03c bdbe92cf 031c177c 000103a0
MCB:2(1/1) MEM:00580000(00175720/0040a8e0)
======== HuMem heap dump 0304c03c end =====
objman>Used Memory Size:000212e0
objman>Used Memory Cnt:15
objman>Init esp
objman>Call objectsetup
DLLStart 3 0
Search:dll/instdll.rel
objdll>Link DLL:dll/instdll.rel
Rest Memory 40a8e0
===== DLL Module Info dump ====
                   ID:0x00000001
             LinkPrev:0x00000000
             LinkNext:0x00000000
          Section num:15
Section info tbl ofst:0x00000048
           nameOffset:0x00000000
             nameSize:47
              version:0x00000002
===============================
==== DLL Module Header dump ====
          bss Size:0x00000064
        rel Offset:0x00006aa8
        imp Offset:0x0000ad98
    prolog Section:1
    epilog Section:1
unresolved Section:0
       prolog func:0x00000000
       epilog func:0x00000054
   unresolved func:0x00000000
================================
objdll>LinkOK 0225e578 00a1f1f0
objdll> dll/instdll.rel prolog start
******* INST ObjectSetup *********
objman>InitObjMan start
objman>InitObjMan end
0
GroupSet 29
***********GroupSet Error 0
Rest Memory 3c3e80
objdll> dll/instdll.rel prolog end
objman>ObjectSetup end
DLL DBG OUT
data num 5e0000
Rest Memory 3ad3c0
ARAM data num 120006
data num 6c0000
Rest Memory 392340
data num 190000
Rest Memory 3b2000
data num 890000
Rest Memory 3a9d80
#########SE Entry Error<SE 1211:ErrorNo -110>
#########SE Entry Error<SE 1212:ErrorNo -110>
#########SE Entry Error<SE 55:ErrorNo -110>
#########SE Entry Error<SE 397:ErrorNo -110>
#########SE Entry Error<SE 397:ErrorNo -110>
#########SE Entry Error<SE 269:ErrorNo -110>
#########SE Entry Error<SE 461:ErrorNo -110>
#########SE Entry Error<SE 269:ErrorNo -110>
#########SE Entry Error<SE 333:ErrorNo -110>
#########SE Entry Error<SE 333:ErrorNo -110>
Rest Memory 4aeec0
#########SE Entry Error<SE 2:ErrorNo -110>
#########SE Entry Error<SE 57:ErrorNo -110>
#########SE Entry Error<SE 277:ErrorNo -110>
#########SE Entry Error<SE 1210:ErrorNo -110>
objman>Call New Ovl 20(1)
OvlKill 1
objdll>omDLLNumEnd 3 1
Search:dll/instdll.rel
+++++++++++ Find0: dll/instdll.rel
objdll>omDLLEnd 0 1
objdll>End DLL:dll/instdll.rel
odjdll>Unlink DLL:dll/instdll.rel
objdll>Unlink DLL epilog
objdll>Unlink DLL epilog finish
objdll>End DLL finish
objman>Destory ObjMan
++++++++++++++++++++ Start New OVL 20 (EVT:0 STAT:0x00000000) ++++++++++++++++++
======== HuMem heap dump 0224c018 ========
MCB-----+Size----+MG+FL+Prev----+Next----+UNum----+Body----+Call----
0224c018 0000a020 a5 01 0239f7f8 02256038 ffffff00 0224c038 0000809c
02256038 000081c0 a5 01 0224c018 0225e1f8 ffffff00 02256058 0003bf88
0225e1f8 00024600 cd 00 02256038 022827f8 ffffff00 0225e218 0003c8d8
022827f8 00000260 a5 01 0225e1f8 02282a58 ffffff00 02282818 000088d4
02282a58 00000260 a5 01 022827f8 02282cb8 ffffff00 02282a78 000088d4
02282cb8 000002c0 a5 01 02282a58 02282f78 ffffff00 02282cd8 000088d4
02282f78 000008c0 cd 00 02282cb8 02283838 ffffff00 02282f98 0003f994
02283838 00000100 a5 01 02282f78 02283938 ffffff00 02283858 00036f6c
02283938 00000400 a5 01 02283838 02283d38 ffffff00 02283958 00036fbc
02283d38 00000400 a5 01 02283938 02284138 ffffff00 02283d58 00037008
02284138 00000060 a5 01 02283d38 02284198 ffffff00 02284158 00037054
02284198 00000040 a5 01 02284138 022841d8 ffffff00 022841b8 000370a0
022841d8 0010d640 cd 00 02284198 02391818 ffffff00 022841f8 0003c8d8
02391818 00002100 a5 01 022841d8 02393918 ffffff00 02391838 000088d4
02393918 00000f80 a5 01 02391818 02394898 ffffff00 02393938 000088d4
02394898 000041c0 a5 01 02393918 02398a58 ffffff00 023948b8 000088d4
02398a58 000041c0 a5 01 02394898 0239cc18 ffffff00 02398a78 000088d4
0239cc18 00002be0 a5 01 02398a58 0239f7f8 ffffff00 0239cc38 000088d4
0239f7f8 000ec820 cd 00 0239cc18 0224c018 ffffff00 0239f818 0003c8d8
MCB:19(15/4) MEM:00240000(000212e0/0021ed20)
======== HuMem heap dump 0224c018 end =====
======== HuMem heap dump 025cc030 ========
MCB-----+Size----+MG+FL+Prev----+Next----+UNum----+Body----+Call----
025cc030 00a80000 cd 00 025cc030 025cc030 10000000 025cc050 00038c18
MCB:1(0/1) MEM:00a80000(00000000/00a80000)
======== HuMem heap dump 025cc030 end =====
======== HuMem heap dump 0304c03c ========
MCB-----+Size----+MG+FL+Prev----+Next----+UNum----+Body----+Call----
0304c03c 000d1140 a5 01 0311d17c 0311d17c ffffff00 0304c05c 000103a0
0311d17c 004aeec0 cd 00 0304c03c 0304c03c 5dc1e832 0311d19c 000103a0
MCB:2(1/1) MEM:00580000(000d1140/004aeec0)
======== HuMem heap dump 0304c03c end =====
objman>Used Memory Size:000212e0
objman>Used Memory Cnt:15
objman>Init esp
objman>Call objectsetup
SOUND ##########################
##########################
DLLStart 20 0
Search:dll/m412dll.rel
objdll>Link DLL:dll/m412dll.rel
Rest Memory 4aeec0
===== DLL Module Info dump ====
                   ID:0x00000001
             LinkPrev:0x00000000
             LinkNext:0x00000000
          Section num:15
Section info tbl ofst:0x00000048
           nameOffset:0x00000000
             nameSize:47
              version:0x00000002
===============================
==== DLL Module Header dump ====
          bss Size:0x000007a2
        rel Offset:0x0000bc61
        imp Offset:0x000125f1
    prolog Section:1
    epilog Section:1
unresolved Section:0
       prolog func:0x00000000
       epilog func:0x00000054
   unresolved func:0x00000000
================================
objdll>LinkOK 0225e578 00a1f320
objdll> dll/m412dll.rel prolog start
objman>InitObjMan start
objman>InitObjMan end
//////////////////////////////////
sndDist 10000.000000
sndSpeed 0.566667
startDis 0.000000
frontSurDis 300.000000
backSurDis 300.000000
//////////////////////////////////
data num 5e0001
Rest Memory 4519a0
ARAM data num 120006
ARAM data num 5f0000
data num 6c0001
Rest Memory 3d9400
ARAM data num 6d0000
data num 190001
Rest Memory 380b20
ARAM data num 1a0000
data num 890001
Rest Memory 31ffc0
ARAM data num 8a0000
ARAM data num 120003
objdll> dll/m412dll.rel prolog end
objman>ObjectSetup end
DLL DBG OUT
#########SE Entry Error<SE 1407:ErrorNo -110>
#########SE Entry Error<SE 1417:ErrorNo -110>
#########SE Entry Error<SE 1416:ErrorNo -110>
#########SE Entry Error<SE 1419:ErrorNo -110>
#########SE Entry Error<SE 1408:ErrorNo -110>
#########SE Entry Error<SE 1409:ErrorNo -110>
#########SE Entry Error<SE 1409:ErrorNo -110>
#########SE Entry Error<SE 1409:ErrorNo -110>
#########SE Entry Error<SE 296:ErrorNo -110>
#########SE Entry Error<SE 424:ErrorNo -110>
#########SE Entry Error<SE 360:ErrorNo -110>
#########SE Entry Error<SE 488:ErrorNo -110>
#########SE Entry Error<SE 36:ErrorNo -110>
#########SE Entry Error<SE 12:ErrorNo -110>
#########SE Entry Error<SE 449:ErrorNo -110>
#########SE Entry Error<SE 257:ErrorNo -110>
#########SE Entry Error<SE 385:ErrorNo -110>
#########SE Entry Error<SE 321:ErrorNo -110>
#########SE Entry Error<SE 1411:ErrorNo -110>
#########SE Entry Error<SE 1410:ErrorNo -110>
#########SE Entry Error<SE 325:ErrorNo -110>
#########SE Entry Error<SE 389:ErrorNo -110>
#########SE Entry Error<SE 1411:ErrorNo -110>
#########SE Entry Error<SE 325:ErrorNo -110>
#########SE Entry Error<SE 389:ErrorNo -110>
#########SE Entry Error<SE 1420:ErrorNo -110>
#########SE Entry Error<SE 385:ErrorNo -110>
#########SE Entry Error<SE 321:ErrorNo -110>
#########SE Entry Error<SE 1410:ErrorNo -110>
#########SE Entry Error<SE 261:ErrorNo -110>
#########SE Entry Error<SE 261:ErrorNo -110>
#########SE Entry Error<SE 1411:ErrorNo -110>
#########SE Entry Error<SE 1420:ErrorNo -110>
#########SE Entry Error<SE 257:ErrorNo -110>
#########SE Entry Error<SE 1411:ErrorNo -110>
#########SE Entry Error<SE 1410:ErrorNo -110>
#########SE Entry Error<SE 453:ErrorNo -110>
#########SE Entry Error<SE 453:ErrorNo -110>
#########SE Entry Error<SE 449:ErrorNo -110>
#########SE Entry Error<SE 389:ErrorNo -110>
#########SE Entry Error<SE 325:ErrorNo -110>
#########SE Entry Error<SE 261:ErrorNo -110>
#########SE Entry Error<SE 1410:ErrorNo -110>
#########SE Entry Error<SE 389:ErrorNo -110>
#########SE Entry Error<SE 1413:ErrorNo -110>
#########SE Entry Error<SE 1420:ErrorNo -110>
#########SE Entry Error<SE 325:ErrorNo -110>
#########SE Entry Error<SE 449:ErrorNo -110>
#########SE Entry Error<SE 1412:ErrorNo -110>
#########SE Entry Error<SE 389:ErrorNo -110>
#########SE Entry Error<SE 449:ErrorNo -110>
#########SE Entry Error<SE 257:ErrorNo -110>
#########SE Entry Error<SE 389:ErrorNo -110>
#########SE Entry Error<SE 1411:ErrorNo -110>
#########SE Entry Error<SE 261:ErrorNo -110>
#########SE Entry Error<SE 385:ErrorNo -110>
#########SE Entry Error<SE 1420:ErrorNo -110>
#########SE Entry Error<SE 257:ErrorNo -110>
#########SE Entry Error<SE 1410:ErrorNo -110>
#########SE Entry Error<SE 1409:ErrorNo -110>
#########SE Entry Error<SE 261:ErrorNo -110>
#########SE Entry Error<SE 1411:ErrorNo -110>
#########SE Entry Error<SE 1411:ErrorNo -110>
#########SE Entry Error<SE 261:ErrorNo -110>
#########SE Entry Error<SE 257:ErrorNo -110>
#########SE Entry Error<SE 1420:ErrorNo -110>
#########SE Entry Error<SE 1411:ErrorNo -110>
#########SE Entry Error<SE 1410:ErrorNo -110>
#########SE Entry Error<SE 1410:ErrorNo -110>
#########SE Entry Error<SE 389:ErrorNo -110>
#########SE Entry Error<SE 1413:ErrorNo -110>
#########SE Entry Error<SE 1413:ErrorNo -110>
#########SE Entry Error<SE 1420:ErrorNo -110>
#########SE Entry Error<SE 1412:ErrorNo -110>
#########SE Entry Error<SE 453:ErrorNo -110>
#########SE Entry Error<SE 449:ErrorNo -110>
#########SE Entry Error<SE 449:ErrorNo -110>
#########SE Entry Error<SE 1410:ErrorNo -110>
#########SE Entry Error<SE 1413:ErrorNo -110>
#########SE Entry Error<SE 1420:ErrorNo -110>
#########SE Entry Error<SE 261:ErrorNo -110>
#########SE Entry Error<SE 1411:ErrorNo -110>
#########SE Entry Error<SE 1420:ErrorNo -110>
#########SE Entry Error<SE 261:ErrorNo -110>
#########SE Entry Error<SE 257:ErrorNo -110>
#########SE Entry Error<SE 1411:ErrorNo -110>
#########SE Entry Error<SE 1410:ErrorNo -110>
#########SE Entry Error<SE 261:ErrorNo -110>
#########SE Entry Error<SE 1420:ErrorNo -110>
#########SE Entry Error<SE 1411:ErrorNo -110>
#########SE Entry Error<SE 261:ErrorNo -110>
#########SE Entry Error<SE 257:ErrorNo -110>
#########SE Entry Error<SE 1410:ErrorNo -110>
#########SE Entry Error<SE 1411:ErrorNo -110>
#########SE Entry Error<SE 261:ErrorNo -110>
#########SE Entry Error<SE 453:ErrorNo -110>
#########SE Entry Error<SE 1410:ErrorNo -110>
#########SE Entry Error<SE 1420:ErrorNo -110>
#########SE Entry Error<SE 449:ErrorNo -110>
#########SE Entry Error<SE 453:ErrorNo -110>
#########SE Entry Error<SE 257:ErrorNo -110>
#########SE Entry Error<SE 449:ErrorNo -110>
#########SE Entry Error<SE 1420:ErrorNo -110>
#########SE Entry Error<SE 1410:ErrorNo -110>
#########SE Entry Error<SE 257:ErrorNo -110>
#########SE Entry Error<SE 453:ErrorNo -110>
#########SE Entry Error<SE 1411:ErrorNo -110>
#########SE Entry Error<SE 1411:ErrorNo -110>
#########SE Entry Error<SE 453:ErrorNo -110>
#########SE Entry Error<SE 449:ErrorNo -110>
#########SE Entry Error<SE 1420:ErrorNo -110>
#########SE Entry Error<SE 449:ErrorNo -110>
#########SE Entry Error<SE 1410:ErrorNo -110>
#########SE Entry Error<SE 1410:ErrorNo -110>
#########SE Entry Error<SE 1409:ErrorNo -110>
#########SE Entry Error<SE 261:ErrorNo -110>
#########SE Entry Error<SE 261:ErrorNo -110>
#########SE Entry Error<SE 1411:ErrorNo -110>
#########SE Entry Error<SE 1411:ErrorNo -110>
#########SE Entry Error<SE 257:ErrorNo -110>
#########SE Entry Error<SE 453:ErrorNo -110>
#########SE Entry Error<SE 1420:ErrorNo -110>
#########SE Entry Error<SE 1420:ErrorNo -110>
#########SE Entry Error<SE 453:ErrorNo -110>
#########SE Entry Error<SE 449:ErrorNo -110>
#########SE Entry Error<SE 449:ErrorNo -110>
#########SE Entry Error<SE 1411:ErrorNo -110>
#########SE Entry Error<SE 449:ErrorNo -110>
#########SE Entry Error<SE 1410:ErrorNo -110>
#########SE Entry Error<SE 1410:ErrorNo -110>
#########SE Entry Error<SE 1411:ErrorNo -110>
#########SE Entry Error<SE 453:ErrorNo -110>
#########SE Entry Error<SE 1420:ErrorNo -110>
#########SE Entry Error<SE 1410:ErrorNo -110>
#########SE Entry Error<SE 1420:ErrorNo -110>
#########SE Entry Error<SE 1420:ErrorNo -110>
#########SE Entry Error<SE 449:ErrorNo -110>
#########SE Entry Error<SE 1411:ErrorNo -110>
#########SE Entry Error<SE 1410:ErrorNo -110>
#########SE Entry Error<SE 261:ErrorNo -110>
#########SE Entry Error<SE 1411:ErrorNo -110>
#########SE Entry Error<SE 1420:ErrorNo -110>
#########SE Entry Error<SE 1410:ErrorNo -110>
#########SE Entry Error<SE 1420:ErrorNo -110>
#########SE Entry Error<SE 1411:ErrorNo -110>
#########SE Entry Error<SE 1411:ErrorNo -110>
#########SE Entry Error<SE 257:ErrorNo -110>
#########SE Entry Error<SE 1410:ErrorNo -110>
#########SE Entry Error<SE 453:ErrorNo -110>
#########SE Entry Error<SE 1411:ErrorNo -110>
#########SE Entry Error<SE 1420:ErrorNo -110>
#########SE Entry Error<SE 453:ErrorNo -110>
#########SE Entry Error<SE 449:ErrorNo -110>
#########SE Entry Error<SE 1410:ErrorNo -110>
#########SE Entry Error<SE 1410:ErrorNo -110>
#########SE Entry Error<SE 453:ErrorNo -110>
#########SE Entry Error<SE 1415:ErrorNo -110>
#########SE Entry Error<SE 449:ErrorNo -110>
#########SE Entry Error<SE 453:ErrorNo -110>
#########SE Entry Error<SE 1420:ErrorNo -110>
#########SE Entry Error<SE 1411:ErrorNo -110>
#########SE Entry Error<SE 261:ErrorNo -110>
#########SE Entry Error<SE 449:ErrorNo -110>
#########SE Entry Error<SE 1420:ErrorNo -110>
#########SE Entry Error<SE 1410:ErrorNo -110>
#########SE Entry Error<SE 257:ErrorNo -110>
#########SE Entry Error<SE 1411:ErrorNo -110>
#########SE Entry Error<SE 1414:ErrorNo -110>
#########SE Entry Error<SE 453:ErrorNo -110>
#########SE Entry Error<SE 1410:ErrorNo -110>
#########SE Entry Error<SE 257:ErrorNo -110>
#########SE Entry Error<SE 1420:ErrorNo -110>
#########SE Entry Error<SE 453:ErrorNo -110>
#########SE Entry Error<SE 1411:ErrorNo -110>
#########SE Entry Error<SE 1411:ErrorNo -110>
#########SE Entry Error<SE 261:ErrorNo -110>
#########SE Entry Error<SE 453:ErrorNo -110>
#########SE Entry Error<SE 1420:ErrorNo -110>
#########SE Entry Error<SE 449:ErrorNo -110>
#########SE Entry Error<SE 1421:ErrorNo -110>
#########SE Entry Error<SE 1410:ErrorNo -110>
#########SE Entry Error<SE 257:ErrorNo -110>
#########SE Entry Error<SE 1409:ErrorNo -110>
#########SE Entry Error<SE 449:ErrorNo -110>
#########SE Entry Error<SE 1420:ErrorNo -110>
#########SE Entry Error<SE 1411:ErrorNo -110>
#########SE Entry Error<SE 1411:ErrorNo -110>
#########SE Entry Error<SE 1410:ErrorNo -110>
#########SE Entry Error<SE 1410:ErrorNo -110>
#########SE Entry Error<SE 453:ErrorNo -110>
#########SE Entry Error<SE 1411:ErrorNo -110>
#########SE Entry Error<SE 449:ErrorNo -110>
#########SE Entry Error<SE 261:ErrorNo -110>
#########SE Entry Error<SE 453:ErrorNo -110>
#########SE Entry Error<SE 1413:ErrorNo -110>
#########SE Entry Error<SE 1420:ErrorNo -110>
#########SE Entry Error<SE 1412:ErrorNo -110>
#########SE Entry Error<SE 1420:ErrorNo -110>
#########SE Entry Error<SE 37:ErrorNo -110>
#########SE Entry Error<SE 1410:ErrorNo -110>
#########SE Entry Error<SE 1410:ErrorNo -110>
#########SE Entry Error<SE 1420:ErrorNo -110>
#########SE Entry Error<SE 1420:ErrorNo -110>
#########SE Entry Error<SE 1410:ErrorNo -110>
#########SE Entry Error<SE 1420:ErrorNo -110>
#########SE Entry Error<SE 292:ErrorNo -110>
objman>Ovl Return 1=4(1)
OvlKill 1
objdll>omDLLNumEnd 20 1
Search:dll/m412dll.rel
+++++++++++ Find0: dll/m412dll.rel
objdll>omDLLEnd 0 1
objdll>End DLL:dll/m412dll.rel
odjdll>Unlink DLL:dll/m412dll.rel
objdll>Unlink DLL epilog
objdll>Unlink DLL epilog finish
objdll>End DLL finish
objman>Destory ObjMan
++++++++++++++++++++ Start New OVL 84 (EVT:0 STAT:0x00000000) ++++++++++++++++++
======== HuMem heap dump 0224c018 ========
MCB-----+Size----+MG+FL+Prev----+Next----+UNum----+Body----+Call----
0224c018 0000a020 a5 01 0239f7f8 02256038 ffffff00 0224c038 0000809c
02256038 000081c0 a5 01 0224c018 0225e1f8 ffffff00 02256058 0003bf88
0225e1f8 00024600 cd 00 02256038 022827f8 ffffff00 0225e218 0003c8d8
022827f8 00000260 a5 01 0225e1f8 02282a58 ffffff00 02282818 000088d4
02282a58 00000260 a5 01 022827f8 02282cb8 ffffff00 02282a78 000088d4
02282cb8 000002c0 a5 01 02282a58 02282f78 ffffff00 02282cd8 000088d4
02282f78 000008c0 cd 00 02282cb8 02283838 10000000 02282f98 0002535c
02283838 00000100 a5 01 02282f78 02283938 ffffff00 02283858 00036f6c
02283938 00000400 a5 01 02283838 02283d38 ffffff00 02283958 00036fbc
02283d38 00000400 a5 01 02283938 02284138 ffffff00 02283d58 00037008
02284138 00000060 a5 01 02283d38 02284198 ffffff00 02284158 00037054
02284198 00000040 a5 01 02284138 022841d8 ffffff00 022841b8 000370a0
022841d8 0010d640 cd 00 02284198 02391818 ffffff00 022841f8 0003c8d8
02391818 00002100 a5 01 022841d8 02393918 ffffff00 02391838 000088d4
02393918 00000f80 a5 01 02391818 02394898 ffffff00 02393938 000088d4
02394898 000041c0 a5 01 02393918 02398a58 ffffff00 023948b8 000088d4
02398a58 000041c0 a5 01 02394898 0239cc18 ffffff00 02398a78 000088d4
0239cc18 00002be0 a5 01 02398a58 0239f7f8 ffffff00 0239cc38 000088d4
0239f7f8 000ec820 cd 00 0239cc18 0224c018 ffffff00 0239f818 0003c8d8
MCB:19(15/4) MEM:00240000(000212e0/0021ed20)
======== HuMem heap dump 0224c018 end =====
======== HuMem heap dump 025cc030 ========
MCB-----+Size----+MG+FL+Prev----+Next----+UNum----+Body----+Call----
025cc030 00a80000 cd 00 025cc030 025cc030 ffffff00 025cc050 0002552c
MCB:1(0/1) MEM:00a80000(00000000/00a80000)
======== HuMem heap dump 025cc030 end =====
======== HuMem heap dump 0304c03c ========
MCB-----+Size----+MG+FL+Prev----+Next----+UNum----+Body----+Call----
0304c03c 000d1140 a5 01 0311d17c 0311d17c ffffff00 0304c05c 000103a0
0311d17c 004aeec0 cd 00 0304c03c 0304c03c 10000000 0311d19c 0000f798
MCB:2(1/1) MEM:00580000(000d1140/004aeec0)
======== HuMem heap dump 0304c03c end =====
objman>Used Memory Size:000212e0
objman>Used Memory Cnt:15
objman>Init esp
objman>Call objectsetup
DLLStart 84 0
Search:dll/resultdll.rel
objdll>Link DLL:dll/resultdll.rel
Rest Memory 4aeec0
===== DLL Module Info dump ====
                   ID:0x00000001
             LinkPrev:0x00000000
             LinkNext:0x00000000
          Section num:14
Section info tbl ofst:0x00000048
           nameOffset:0x00000000
             nameSize:51
              version:0x00000002
===============================
==== DLL Module Header dump ====
          bss Size:0x00001adc
        rel Offset:0x0000a038
        imp Offset:0x0000fa50
    prolog Section:1
    epilog Section:1
unresolved Section:0
       prolog func:0x00000000
       epilog func:0x00000054
   unresolved func:0x00000000
================================
objdll>LinkOK 0225e578 00a1f450
objdll> dll/resultdll.rel prolog start
******* RESULT ObjectSetup *********
objman>InitObjMan start
objman>InitObjMan end
Rest Memory 5395a0
objdll> dll/resultdll.rel prolog end
objman>ObjectSetup end
DLL DBG OUT
data num 6f0000
Rest Memory 498d80
ARAM data num 70000
Rest Memory 420c20
#########SE Entry Error<SE 23:ErrorNo -110>
#########SE Entry Error<SE 9:ErrorNo -110>
#########SE Entry Error<SE 293:ErrorNo -110>
#########SE Entry Error<SE 27:ErrorNo -110>
ARAM data num 860020
port> CARD: cannot write $HOME/ab-4tap.raw (No such file or directory); this session's saves are in memory only
port> CARD: cannot write $HOME/ab-4tap.raw (No such file or directory); this session's saves are in memory only
objman>Ovl Return 1=3(1)
OvlKill 1
objdll>omDLLNumEnd 84 1
Search:dll/resultdll.rel
+++++++++++ Find0: dll/resultdll.rel
objdll>omDLLEnd 0 1
objdll>End DLL:dll/resultdll.rel
odjdll>Unlink DLL:dll/resultdll.rel
objdll>Unlink DLL epilog
objdll>Unlink DLL epilog finish
objdll>End DLL finish
objman>Destory ObjMan
++++++++++++++++++++ Start New OVL 89 (EVT:0 STAT:0x00000000) ++++++++++++++++++
======== HuMem heap dump 0224c018 ========
MCB-----+Size----+MG+FL+Prev----+Next----+UNum----+Body----+Call----
0224c018 0000a020 a5 01 0239f7f8 02256038 ffffff00 0224c038 0000809c
02256038 000081c0 a5 01 0224c018 0225e1f8 ffffff00 02256058 0003bf88
0225e1f8 00024600 cd 00 02256038 022827f8 ffffff00 0225e218 0003c8d8
022827f8 00000260 a5 01 0225e1f8 02282a58 ffffff00 02282818 000088d4
02282a58 00000260 a5 01 022827f8 02282cb8 ffffff00 02282a78 000088d4
02282cb8 000002c0 a5 01 02282a58 02282f78 ffffff00 02282cd8 000088d4
02282f78 000008c0 cd 00 02282cb8 02283838 10000000 02282f98 0002535c
02283838 00000100 a5 01 02282f78 02283938 ffffff00 02283858 00036f6c
02283938 00000400 a5 01 02283838 02283d38 ffffff00 02283958 00036fbc
02283d38 00000400 a5 01 02283938 02284138 ffffff00 02283d58 00037008
02284138 00000060 a5 01 02283d38 02284198 ffffff00 02284158 00037054
02284198 00000040 a5 01 02284138 022841d8 ffffff00 022841b8 000370a0
022841d8 0010d640 cd 00 02284198 02391818 ffffff00 022841f8 0003c8d8
02391818 00002100 a5 01 022841d8 02393918 ffffff00 02391838 000088d4
02393918 00000f80 a5 01 02391818 02394898 ffffff00 02393938 000088d4
02394898 000041c0 a5 01 02393918 02398a58 ffffff00 023948b8 000088d4
02398a58 000041c0 a5 01 02394898 0239cc18 ffffff00 02398a78 000088d4
0239cc18 00002be0 a5 01 02398a58 0239f7f8 ffffff00 0239cc38 000088d4
0239f7f8 000ec820 cd 00 0239cc18 0224c018 ffffff00 0239f818 0003c8d8
MCB:19(15/4) MEM:00240000(000212e0/0021ed20)
======== HuMem heap dump 0224c018 end =====
======== HuMem heap dump 025cc030 ========
MCB-----+Size----+MG+FL+Prev----+Next----+UNum----+Body----+Call----
025cc030 00a80000 cd 00 025cc030 025cc030 10000000 025cc050 00038c18
MCB:1(0/1) MEM:00a80000(00000000/00a80000)
======== HuMem heap dump 025cc030 end =====
======== HuMem heap dump 0304c03c ========
MCB-----+Size----+MG+FL+Prev----+Next----+UNum----+Body----+Call----
0304c03c 0015f3e0 a5 01 031ab41c 031ab41c ffffff00 0304c05c 000103a0
031ab41c 00420c20 cd 00 0304c03c 0304c03c 10000000 031ab43c 0000f798
MCB:2(1/1) MEM:00580000(0015f3e0/00420c20)
======== HuMem heap dump 0304c03c end =====
objman>Used Memory Size:000212e0
objman>Used Memory Cnt:15
objman>Init esp
objman>Call objectsetup
SOUND ##########################
0
GroupSet 9
***********GroupSet Error 0
##########################
DLLStart 89 0
Search:dll/w01dll.rel
objdll>Link DLL:dll/w01dll.rel
Rest Memory 420c20
port> w01dll: dlclose did not unload it; zeroed 2186 bytes of bss by hand
===== DLL Module Info dump ====
                   ID:0x00000001
             LinkPrev:0x00000000
             LinkNext:0x00000000
          Section num:16
Section info tbl ofst:0x00000048
           nameOffset:0x00000000
             nameSize:45
              version:0x00000002
===============================
==== DLL Module Header dump ====
          bss Size:0x0000081c
        rel Offset:0x00012e34
        imp Offset:0x0001f174
    prolog Section:1
    epilog Section:1
unresolved Section:0
       prolog func:0x00000030
       epilog func:0x00000094
   unresolved func:0x00000000
================================
objdll>LinkOK 0225e578 00a1f0c0
objdll> dll/w01dll.rel prolog start
objman>InitObjMan start
objman>InitObjMan end
objdll> dll/w01dll.rel prolog end
objman>ObjectSetup end
DLL DBG OUT
Rest Memory 37b3c0
Rest Memory 334960
data num 5e0000
Rest Memory 31dea0
ARAM data num 120006
data num 6c0000
Rest Memory 302e20
data num 190000
Rest Memory 322ae0
data num 890000
Rest Memory 31a860
ARAM data num 7001d
data num 50000
Rest Memory 136ce0
data num 90000
Rest Memory 1424a0
#########SE Entry Error<SE 775:ErrorNo -110>
#########SE Entry Error<SE 770:ErrorNo -110>
#########SE Entry Error<SE 768:ErrorNo -110>
#########SE Entry Error<SE 3:ErrorNo -110>
#########SE Entry Error<SE 2:ErrorNo -110>
#########SE Entry Error<SE 782:ErrorNo -110>
#########SE Entry Error<SE 783:ErrorNo -110>
#########SE Entry Error<SE 867:ErrorNo -110>
#########SE Entry Error<SE 848:ErrorNo -110>
#########SE Entry Error<SE 786:ErrorNo -110>
#########SE Entry Error<SE 785:ErrorNo -110>
#########SE Entry Error<SE 770:ErrorNo -110>
#########SE Entry Error<SE 768:ErrorNo -110>
#########SE Entry Error<SE 771:ErrorNo -110>
#########SE Entry Error<SE 780:ErrorNo -110>
#########SE Entry Error<SE 770:ErrorNo -110>
#########SE Entry Error<SE 768:ErrorNo -110>
#########SE Entry Error<SE 771:ErrorNo -110>
#########SE Entry Error<SE 780:ErrorNo -110>
#########SE Entry Error<SE 265:ErrorNo -110>
#########SE Entry Error<SE 769:ErrorNo -110>
#########SE Entry Error<SE 265:ErrorNo -110>
#########SE Entry Error<SE 265:ErrorNo -110>
#########SE Entry Error<SE 1041:ErrorNo -110>
#########SE Entry Error<SE 265:ErrorNo -110>
#########SE Entry Error<SE 265:ErrorNo -110>
#########SE Entry Error<SE 265:ErrorNo -110>
#########SE Entry Error<SE 1040:ErrorNo -110>
#########SE Entry Error<SE 265:ErrorNo -110>
#########SE Entry Error<SE 265:ErrorNo -110>
#########SE Entry Error<SE 265:ErrorNo -110>
#########SE Entry Error<SE 1027:ErrorNo -110>
#########SE Entry Error<SE 265:ErrorNo -110>
#########SE Entry Error<SE 769:ErrorNo -110>
#########SE Entry Error<SE 265:ErrorNo -110>
#########SE Entry Error<SE 265:ErrorNo -110>
#########SE Entry Error<SE 2:ErrorNo -110>
#########SE Entry Error<SE 265:ErrorNo -110>
#########SE Entry Error<SE 769:ErrorNo -110>
#########SE Entry Error<SE 265:ErrorNo -110>
#########SE Entry Error<SE 265:ErrorNo -110>
#########SE Entry Error<SE 769:ErrorNo -110>
#########SE Entry Error<SE 265:ErrorNo -110>
#########SE Entry Error<SE 769:ErrorNo -110>
#########SE Entry Error<SE 265:ErrorNo -110>
#########SE Entry Error<SE 265:ErrorNo -110>
#########SE Entry Error<SE 769:ErrorNo -110>
#########SE Entry Error<SE 265:ErrorNo -110>
#########SE Entry Error<SE 265:ErrorNo -110>
#########SE Entry Error<SE 769:ErrorNo -110>
#########SE Entry Error<SE 265:ErrorNo -110>
#########SE Entry Error<SE 769:ErrorNo -110>
#########SE Entry Error<SE 265:ErrorNo -110>
#########SE Entry Error<SE 265:ErrorNo -110>
#########SE Entry Error<SE 769:ErrorNo -110>
#########SE Entry Error<SE 265:ErrorNo -110>
#########SE Entry Error<SE 769:ErrorNo -110>
#########SE Entry Error<SE 265:ErrorNo -110>
#########SE Entry Error<SE 265:ErrorNo -110>
#########SE Entry Error<SE 769:ErrorNo -110>
#########SE Entry Error<SE 787:ErrorNo -110>
#########SE Entry Error<SE 842:ErrorNo -110>
#########SE Entry Error<SE 832:ErrorNo -110>
#########SE Entry Error<SE 2:ErrorNo -110>
#########SE Entry Error<SE 780:ErrorNo -110>
#########SE Entry Error<SE 833:ErrorNo -110>
#########SE Entry Error<SE 781:ErrorNo -110>
#########SE Entry Error<SE 864:ErrorNo -110>
#########SE Entry Error<SE 290:ErrorNo -110>
#########SE Entry Error<SE 28:ErrorNo -110>
#########SE Entry Error<SE 775:ErrorNo -110>
#########SE Entry Error<SE 770:ErrorNo -110>
#########SE Entry Error<SE 768:ErrorNo -110>
#########SE Entry Error<SE 771:ErrorNo -110>
#########SE Entry Error<SE 780:ErrorNo -110>
#########SE Entry Error<SE 389:ErrorNo -110>
#########SE Entry Error<SE 389:ErrorNo -110>
#########SE Entry Error<SE 769:ErrorNo -110>
#########SE Entry Error<SE 325:ErrorNo -110>
#########SE Entry Error<SE 389:ErrorNo -110>
#########SE Entry Error<SE 325:ErrorNo -110>
#########SE Entry Error<SE 769:ErrorNo -110>
#########SE Entry Error<SE 389:ErrorNo -110>
#########SE Entry Error<SE 389:ErrorNo -110>
#########SE Entry Error<SE 769:ErrorNo -110>
#########SE Entry Error<SE 389:ErrorNo -110>
#########SE Entry Error<SE 389:ErrorNo -110>
#########SE Entry Error<SE 769:ErrorNo -110>
#########SE Entry Error<SE 389:ErrorNo -110>
#########SE Entry Error<SE 389:ErrorNo -110>
#########SE Entry Error<SE 397:ErrorNo -110>
#########SE Entry Error<SE 397:ErrorNo -110>
#########SE Entry Error<SE 1040:ErrorNo -110>
#########SE Entry Error<SE 397:ErrorNo -110>
#########SE Entry Error<SE 397:ErrorNo -110>
#########SE Entry Error<SE 1027:ErrorNo -110>
#########SE Entry Error<SE 389:ErrorNo -110>
#########SE Entry Error<SE 389:ErrorNo -110>
#########SE Entry Error<SE 769:ErrorNo -110>
#########SE Entry Error<SE 389:ErrorNo -110>
#########SE Entry Error<SE 769:ErrorNo -110>
#########SE Entry Error<SE 389:ErrorNo -110>
#########SE Entry Error<SE 389:ErrorNo -110>
#########SE Entry Error<SE 769:ErrorNo -110>
#########SE Entry Error<SE 389:ErrorNo -110>
#########SE Entry Error<SE 389:ErrorNo -110>
#########SE Entry Error<SE 769:ErrorNo -110>
#########SE Entry Error<SE 389:ErrorNo -110>
#########SE Entry Error<SE 769:ErrorNo -110>
#########SE Entry Error<SE 389:ErrorNo -110>
#########SE Entry Error<SE 842:ErrorNo -110>
#########SE Entry Error<SE 778:ErrorNo -110>
#########SE Entry Error<SE 779:ErrorNo -110>
#########SE Entry Error<SE 835:ErrorNo -110>
#########SE Entry Error<SE 419:ErrorNo -110>
#########SE Entry Error<SE 837:ErrorNo -110>
#########SE Entry Error<SE 829:ErrorNo -110>
#########SE Entry Error<SE 410:ErrorNo -110>
#########SE Entry Error<SE 474:ErrorNo -110>
#########SE Entry Error<SE 384:ErrorNo -110>
#########SE Entry Error<SE 448:ErrorNo -110>
#########SE Entry Error<SE 775:ErrorNo -110>
#########SE Entry Error<SE 770:ErrorNo -110>
#########SE Entry Error<SE 768:ErrorNo -110>
#########SE Entry Error<SE 771:ErrorNo -110>
#########SE Entry Error<SE 780:ErrorNo -110>

port> --frames 18000 reached: 18000 retraces in 713.63 s wall (game clock 300.30 s)

---- --perf: 17999 frames ----
  game     mean   8.08  median   9.14  p95  11.11  worst 384.37 ms
  gx       mean  29.56  median  27.35  p95  47.53  worst 155.97 ms
  present  mean   0.00  median   0.00  p95   0.00  worst   2.14 ms
  aud      mean   2.00  median   1.99  p95   3.56  worst  28.30 ms
  frame    mean  39.65  median  39.77  p95  58.47  worst 410.17 ms
  budget   16.68 ms/frame at 59.94 Hz; 15772 of 17999 frames over it (87.6%)
  clocks   game 300.28 s vs wall 713.66 s -- ratio 2.377  (WALL CLOCK IS BEHIND: the gate is hiding an overrun)
  fps      25.2 effective

port> MusyX: 60046 frames of 160 samples mixed (300.23 s of audio) over 17996 retraces
port> audio: first sound at retrace 726; Dolphin's own DSP dump of the same boot starts at 10.95 s = retrace ~656
port> musyx_mix: 60046 frames mixed, 16666 voices started, 11180 voices ended, peak |sample| 32768 (near full scale), 0 clamped ARAM reads, 27 max concurrent voices (of 50 allocated)
port> musyx_mix: resampler 4-tap Catmull-Rom, depop on; 6003 voice(s) cut mid-frame
port> musyx_mix: --clickstat: 36328 step(s) over half full scale, worst step 48927 (wavstat.py's rule, on the mixed left channel)
port> musyx_mix: --perf: mean 598.7 us/frame, worst 27132.8 us/frame, over 60046 timed frames
port> musyx_aram: region=[0x000000,0x800000) (8388608 bytes) zero_buf=[0x000000,0x000500) initialized=1
port> musyx_aram: sample heap write=0x000500 high_water=0x000500 (0 bytes at peak), stream cursor=0x7ee200
port> musyx_aram: stream buffers active=2 peak=2 of 64 slots
port> musyx_aram: bytes uploaded=1976832 -- rejected: store=0 stream=0 upload=0, remove mismatches=234
port> audio out: 274.17 s queued, 44622 callbacks, peak L 32768 R 32768 (of 32767)
port> audio out: 39036 underrun(s) totalling 439796.0 ms, 26059.0 ms dropped to overrun
port> audio out: (the ring tracks the frame rate: audio is paced by the
port>             retrace, so under 60 fps it starves and under --turbo it
port>             overruns.  --wav is written before the ring and is whole.)
port> OS clock: 12150000000 ticks in 714.06 s = 17.015 MHz (console 40.500)  *** WRONG
port> GX draw: 14566416 primitives, 849661603 vertices, 0 glDrawArrays, 13365883 display lists replayed
port> GX draw: 0 primitive(s) off-world (|position matrix translation| over 10000)

---- GX features the backend degraded (1 distinct) ----
  GXInitSpecularDir: specular is approximated by the diffuse term    80433
port> DVD: 221 reads, 50544122 bytes
port> THP: 3 movie(s) skipped, first movie/opmov_a00.thp
port> CARD: 0 reads, 2 writes, 1 files created, 0 deleted, 0 image flushes, 57 of 59 blocks free
port> REL bundles: 8 loads, 7 unloads, 0 re-entries, 0 modules dlclose would not unload
port> soft-reset watcher: running, body polled 17996 times

---- SDK surface hit at boot: 2 distinct stubs, in first-call order ----
   1  AIRegisterDMACallback                   1
   2  THPInit                                 3
---- 4 stub calls total ----
EXITCODE=0

==== linear.log ====
Mario Party 4 -- native port, milestone M2a
port> DVD: disc image /Users/zach/MarioParty4/mp4.nkit.iso, 357 files in the FST
port> --headless: the GX pipeline runs, nothing is presented
port> audio: 32000 Hz, 2 ch, 512-frame buffer, 64 KB ring (512 ms)
port> --com4: all four players are CPU; instDll will dismiss its own instruction screen (src/REL/instDll/main.c:294)
port> entering the game's own main()

port> OSInit: MEM1 24 MB [0x2020000, 0x3820000), ARAM 16 MB, bus 162 MHz
port> OSInit: RTC pinned to 1041472800 (2003-01-02T02:00:00Z), OSGetTime origin 3838914000000000 ticks
port> DVDInit
port> VIInit
port> PADInit: no pad found; controller 1 = keyboard
port> PADInit: rumble not available
port> PADInit: controllers 2-4 unplugged (reference config: CPU players)
port> pad: --play: board-start-com4.play -> /Users/zach/isle.app/Contents/Resources/movies/board-start-com4.play
port> pad: --play board-start-com4.play: 460 directives, 0 marks
port> OSCreateHeap 0: 0x214c000..0x3820000 (23375 KB)
port> VIConfigure: 640x480 xfb, 640x480 efb, tv mode 0
port> GXInit: FIFO 0x214c00c, 1048576 bytes (the port keeps no FIFO; the write-gather writers are ordinary calls under TARGET_PC)
port> roulette: frame 1 dealt mg 401 (m401dll, type 0)
port> OSCreateThread 0x199430 func 0x41b24 (the soft-reset watcher; polled once per retrace, not run on a thread)
HuMem> left memory space 2383KB(2441120)
port> ARInit: 16 MB of ARAM
port> MusyX SAL: 32000 Hz, 4 x 640-byte AI buffers (20 ms), 32-sample sub-frame
port> musyx_mix: CPU mixer up, 50 voices, 1 studios, 32000 Hz
port> MusyX SAL: mixing started
port> musyx_aram: region [0x000000, 0x800000) zero_buf [0x000000, 0x000500) sample heap starts at 0x000500
port> CARD: slot A = $HOME/ab-linear.raw (--freshcard: formatted, 59 free blocks)
port> CARD: cannot write $HOME/ab-linear.raw (No such file or directory); this session's saves are in memory only
DLL DBG OUT
objman>Call New Ovl 1(1)
++++++++++++++++++++ Start New OVL 1 (EVT:0 STAT:0x00000000) ++++++++++++++++++
======== HuMem heap dump 0224c018 ========
MCB-----+Size----+MG+FL+Prev----+Next----+UNum----+Body----+Call----
0224c018 0000a020 a5 01 0225e1f8 02256038 ffffff00 0224c038 0000809c
02256038 000081c0 a5 01 0224c018 0225e1f8 ffffff00 02256058 0003bf88
0225e1f8 0022de20 cd 00 02256038 0224c018 00000000 0225e218 0003bf88
MCB:3(2/1) MEM:00240000(000121e0/0022de20)
======== HuMem heap dump 0224c018 end =====
======== HuMem heap dump 025cc030 ========
MCB-----+Size----+MG+FL+Prev----+Next----+UNum----+Body----+Call----
025cc030 00a80000 cd 00 025cc030 025cc030 ffffff00 025cc050 cdcdcdcd
MCB:1(0/1) MEM:00a80000(00000000/00a80000)
======== HuMem heap dump 025cc030 end =====
======== HuMem heap dump 0304c03c ========
MCB-----+Size----+MG+FL+Prev----+Next----+UNum----+Body----+Call----
0304c03c 00580000 cd 00 0304c03c 0304c03c ffffff00 0304c05c cdcdcdcd
MCB:1(0/1) MEM:00580000(00000000/00580000)
======== HuMem heap dump 0304c03c end =====
objman>Used Memory Size:000121e0
objman>Used Memory Cnt:2
objman>Init esp
objman>Call objectsetup
DLLStart 1 0
Search:dll/bootdll.rel
objdll>Link DLL:dll/bootdll.rel
Rest Memory 580000
port> REL bundles: 99 in /Users/zach/isle.app/Contents/MacOS/rels
===== DLL Module Info dump ====
                   ID:0x00000001
             LinkPrev:0x00000000
             LinkNext:0x00000000
          Section num:14
Section info tbl ofst:0x00000048
           nameOffset:0x00000000
             nameSize:47
              version:0x00000002
===============================
==== DLL Module Header dump ====
          bss Size:0x0000005c
        rel Offset:0x00005c9d
        imp Offset:0x00007a4d
    prolog Section:1
    epilog Section:1
unresolved Section:0
       prolog func:0x00000000
       epilog func:0x00000054
   unresolved func:0x00000000
================================
objdll>LinkOK 0225e578 00a1b720
objdll> dll/bootdll.rel prolog start
******* Boot ObjectSetup *********
objman>InitObjMan start
objman>InitObjMan end
objdll> dll/bootdll.rel prolog end
objman>ObjectSetup end
DLL DBG OUT
Rest Memory 57d540
ARAM Trans 808000
Rest Memory 55d020
ARAM Trans 80aaa0
Rest Memory 506400
ARAM Trans 82da60
Rest Memory 564f40
ARAM Trans 8a7640
Rest Memory 5395a0
data num 74000b
Rest Memory 1f08c0
0
GroupSet 0
***********GroupSet Error 0
port> THP: movie/opmov_a00.thp skipped -- movie decode is M8 (see port/src/dvd/thp_stub.c)
port> HuSprBegin: group 3 slot 0 names sprite 7, which is not a live sprite (data 0x0, attr 0010) -- dropped [1/32]
port> HuSprBegin: group 4 slot 0 names sprite 8, which is not a live sprite (data 0x2c70f90, attr 0000) -- dropped [2/32]
>>>>>>>>MSM_SE_SEL_01 0
>>>>>>>>SE Num 0
port> audio: first non-silent sample at retrace 726 (12.03 s of mixed audio)
port> musyx_mix: MEM1 sample id 1074 compType 0 at 0x2c9fb50 len 12059824: 00 00 00 0f 0f 00 00 0f 00 00 00 00 00 00 0f 00
port> musyx_mix: MEM1 sample id 1073 compType 0 at 0x2c98890 len 12089200: 00 00 00 00 0f 00 00 0f 00 00 00 00 00 00 00 00
port> musyx_mix: MEM1 sample id 1076 compType 0 at 0x2cc0430 len 11926480: 34 95 2f 1f ff 02 1f f0 33 20 f0 43 fa e7 71 be
port> musyx_mix: MEM1 sample id 1075 compType 0 at 0x2ca6e10 len 12030448: 73 7e f0 d2 0e 01 13 fe 12 f3 20 26 1b e6 49 b6
objman>Call New Ovl 74(1)
OvlKill 1
objdll>omDLLNumEnd 1 1
Search:dll/bootdll.rel
+++++++++++ Find0: dll/bootdll.rel
objdll>omDLLEnd 0 1
objdll>End DLL:dll/bootdll.rel
odjdll>Unlink DLL:dll/bootdll.rel
objdll>Unlink DLL epilog
objdll>Unlink DLL epilog finish
objdll>End DLL finish
objman>Destory ObjMan
++++++++++++++++++++ Start New OVL 74 (EVT:0 STAT:0x00000000) ++++++++++++++++++
======== HuMem heap dump 0224c018 ========
MCB-----+Size----+MG+FL+Prev----+Next----+UNum----+Body----+Call----
0224c018 0000a020 a5 01 022841d8 02256038 ffffff00 0224c038 0000809c
02256038 000081c0 a5 01 0224c018 0225e1f8 ffffff00 02256058 0003bf88
0225e1f8 00025640 cd 00 02256038 02283838 ffffff00 0225e218 0003c8d8
02283838 00000100 a5 01 0225e1f8 02283938 ffffff00 02283858 00036f6c
02283938 00000400 a5 01 02283838 02283d38 ffffff00 02283958 00036fbc
02283d38 00000400 a5 01 02283938 02284138 ffffff00 02283d58 00037008
02284138 00000060 a5 01 02283d38 02284198 ffffff00 02284158 00037054
02284198 00000040 a5 01 02284138 022841d8 ffffff00 022841b8 000370a0
022841d8 00207e40 cd 00 02284198 0224c018 ffffff00 022841f8 0003c8d8
MCB:9(7/2) MEM:00240000(00012b80/0022d480)
======== HuMem heap dump 0224c018 end =====
======== HuMem heap dump 025cc030 ========
MCB-----+Size----+MG+FL+Prev----+Next----+UNum----+Body----+Call----
025cc030 00a80000 cd 00 025cc030 025cc030 ffffff00 025cc050 0003fa1c
MCB:1(0/1) MEM:00a80000(00000000/00a80000)
======== HuMem heap dump 025cc030 end =====
======== HuMem heap dump 0304c03c ========
MCB-----+Size----+MG+FL+Prev----+Next----+UNum----+Body----+Call----
0304c03c 00580000 cd 00 0304c03c 0304c03c 10000000 0304c05c 0000f798
MCB:1(0/1) MEM:00580000(00000000/00580000)
======== HuMem heap dump 0304c03c end =====
objman>Used Memory Size:00012b80
objman>Used Memory Cnt:7
objman>Init esp
objman>Call objectsetup
############CharGrpSet
Del Group OK
port> musyx_aram: aramRemoveData(22208) with an empty sample heap.  Expected: hwSaveSample only stores on the Dolphin target, so msm owns sample upload and MusyX only ever frees.  Clamped; further occurrences are counted, not printed.
SOUND ##########################
0
GroupSet 0
***********GroupSet Error 0
Change AUX 0,1
##########################
DLLStart 74 0
Search:dll/modeseldll.rel
objdll>Link DLL:dll/modeseldll.rel
Rest Memory 580000
===== DLL Module Info dump ====
                   ID:0x00000001
             LinkPrev:0x00000000
             LinkNext:0x00000000
          Section num:15
Section info tbl ofst:0x00000048
           nameOffset:0x00000000
             nameSize:53
              version:0x00000002
===============================
==== DLL Module Header dump ====
          bss Size:0x000001ca
        rel Offset:0x0000d154
        imp Offset:0x0001664c
    prolog Section:1
    epilog Section:1
unresolved Section:0
       prolog func:0x00000000
       epilog func:0x00000054
   unresolved func:0x00000000
================================
objdll>LinkOK 0225e578 00a28990
objdll> dll/modeseldll.rel prolog start
******* MS ObjectSetup *********
objman>InitObjMan start
objman>InitObjMan end
Rest Memory 5395a0
objdll> dll/modeseldll.rel prolog end
objman>ObjectSetup end
DLL DBG OUT
data num 630000
Rest Memory 441ce0
port> HuSprBegin: group 1 slot 0 names sprite 12, which is not a live sprite (data 0x2861050, attr 0000) -- dropped [3/32]
port> HuSprBegin: group 2 slot 0 names sprite 14, which is not a live sprite (data 0x2863110, attr 0004) -- dropped [4/32]
Init
port> HuSprBegin: group 2 slot 0 names sprite 15, which is not a live sprite (data 0x2865270, attr 0004) -- dropped [5/32]
ARAM data num 86001f
port> HuSprBegin: group 9 slot 0 names sprite 71, which is not a live sprite (data 0x2869790, attr 0000) -- dropped [6/32]
port> CARD: cannot write $HOME/ab-linear.raw (No such file or directory); this session's saves are in memory only
port> CARD: created "MARIPA4BOX0", 16384 bytes (2 blocks)
port> CARD: cannot write $HOME/ab-linear.raw (No such file or directory); this session's saves are in memory only
port> CARD: cannot write $HOME/ab-linear.raw (No such file or directory); this session's saves are in memory only
port> THP: movie/opmov_s00.thp skipped -- movie decode is M8 (see port/src/dvd/thp_stub.c)
port> HuSprBegin: group 1 slot 0 names sprite 13, which is not a live sprite (data 0x0, attr 0010) -- dropped [7/32]
port> HuSprBegin: group 1 slot 0 names sprite 13, which is not a live sprite (data 0x286b8f0, attr 0000) -- dropped [8/32]
port> HuSprBegin: group 2 slot 0 names sprite 68, which is not a live sprite (data 0x286da50, attr 0004) -- dropped [9/32]
port> THP: movie/opmov_c00.thp skipped -- movie decode is M8 (see port/src/dvd/thp_stub.c)
port> HuSprBegin: group 2 slot 0 names sprite 69, which is not a live sprite (data 0x0, attr 0010) -- dropped [10/32]
objman>Call New Ovl 70(1)
OvlKill 1
objdll>omDLLNumEnd 74 1
Search:dll/modeseldll.rel
+++++++++++ Find0: dll/modeseldll.rel
objdll>omDLLEnd 0 1
objdll>End DLL:dll/modeseldll.rel
odjdll>Unlink DLL:dll/modeseldll.rel
objdll>Unlink DLL epilog
objdll>Unlink DLL epilog finish
objdll>End DLL finish
objman>Destory ObjMan
++++++++++++++++++++ Start New OVL 70 (EVT:0 STAT:0x00000000) ++++++++++++++++++
======== HuMem heap dump 0224c018 ========
MCB-----+Size----+MG+FL+Prev----+Next----+UNum----+Body----+Call----
0224c018 0000a020 a5 01 022841d8 02256038 ffffff00 0224c038 0000809c
02256038 000081c0 a5 01 0224c018 0225e1f8 ffffff00 02256058 0003bf88
0225e1f8 00025640 cd 00 02256038 02283838 ffffff00 0225e218 0003c8d8
02283838 00000100 a5 01 0225e1f8 02283938 ffffff00 02283858 00036f6c
02283938 00000400 a5 01 02283838 02283d38 ffffff00 02283958 00036fbc
02283d38 00000400 a5 01 02283938 02284138 ffffff00 02283d58 00037008
02284138 00000060 a5 01 02283d38 02284198 ffffff00 02284158 00037054
02284198 00000040 a5 01 02284138 022841d8 ffffff00 022841b8 000370a0
022841d8 00207e40 cd 00 02284198 0224c018 ffffff00 022841f8 0003c8d8
MCB:9(7/2) MEM:00240000(00012b80/0022d480)
======== HuMem heap dump 0224c018 end =====
======== HuMem heap dump 025cc030 ========
MCB-----+Size----+MG+FL+Prev----+Next----+UNum----+Body----+Call----
025cc030 00a80000 cd 00 025cc030 025cc030 ffffff00 025cc050 00038c18
MCB:1(0/1) MEM:00a80000(00000000/00a80000)
======== HuMem heap dump 025cc030 end =====
======== HuMem heap dump 0304c03c ========
MCB-----+Size----+MG+FL+Prev----+Next----+UNum----+Body----+Call----
0304c03c 00580000 cd 00 0304c03c 0304c03c 10000000 0304c05c 0000f798
MCB:1(0/1) MEM:00580000(00000000/00580000)
======== HuMem heap dump 0304c03c end =====
objman>Used Memory Size:00012b80
objman>Used Memory Cnt:7
objman>Init esp
objman>Call objectsetup
DLLStart 70 0
Search:dll/mentdll.rel
objdll>Link DLL:dll/mentdll.rel
Rest Memory 580000
===== DLL Module Info dump ====
                   ID:0x00000001
             LinkPrev:0x00000000
             LinkNext:0x00000000
          Section num:15
Section info tbl ofst:0x00000048
           nameOffset:0x00000000
             nameSize:47
              version:0x00000002
===============================
==== DLL Module Header dump ====
          bss Size:0x000036c4
        rel Offset:0x000246f8
        imp Offset:0x00036a90
    prolog Section:1
    epilog Section:1
unresolved Section:0
       prolog func:0x000000a4
       epilog func:0x000000f8
   unresolved func:0x00000000
================================
objdll>LinkOK 022841f8 00a28ab0
objdll> dll/mentdll.rel prolog start
objman>InitObjMan start
objman>InitObjMan end
Rest Memory 5395a0
0
GroupSet 7
***********GroupSet Error 0
objdll> dll/mentdll.rel prolog end
objman>ObjectSetup end
DLL DBG OUT
data num 600008
Rest Memory 1ad6c0
ARAM data num 120006
port> HuSprBegin: group 6 slot 0 names sprite 185, which is not a live sprite (data 0x2876af0, attr 0000) -- dropped [11/32]
port> HuSprBegin: group 7 slot 0 names sprite 187, which is not a live sprite (data 0x287ac30, attr 0000) -- dropped [12/32]
port> HuSprBegin: group 8 slot 0 names sprite 189, which is not a live sprite (data 0x287ed70, attr 0000) -- dropped [13/32]
port> HuSprBegin: group 9 slot 0 names sprite 191, which is not a live sprite (data 0x2882eb0, attr 0000) -- dropped [14/32]
port> HuSprBegin: group 10 slot 0 names sprite 193, which is not a live sprite (data 0x2886ff0, attr 0000) -- dropped [15/32]
########### ME_MainProcFunc000
port> HuSprBegin: group 11 slot 0 names sprite 195, which is not a live sprite (data 0x2be5150, attr 0000) -- dropped [16/32]
port> HuSprBegin: group 11 slot 0 names sprite 196, which is not a live sprite (data 0x2be91f0, attr 0000) -- dropped [17/32]
port> HuSprBegin: group 12 slot 0 names sprite 198, which is not a live sprite (data 0x2bed290, attr 0000) -- dropped [18/32]
port> HuSprBegin: group 11 slot 0 names sprite 197, which is not a live sprite (data 0x2bf1330, attr 0000) -- dropped [19/32]
port> HuSprBegin: group 12 slot 0 names sprite 200, which is not a live sprite (data 0x2bf53d0, attr 0000) -- dropped [20/32]
#########SE Entry Error<SE 2:ErrorNo -110>
port> HuSprBegin: group 11 slot 0 names sprite 199, which is not a live sprite (data 0x2bf9470, attr 0000) -- dropped [21/32]
#########SE Entry Error<SE 54:ErrorNo -110>
port> HuSprBegin: group 12 slot 0 names sprite 202, which is not a live sprite (data 0x2bfd510, attr 0000) -- dropped [22/32]
#########SE Entry Error<SE 109:ErrorNo -110>
port> HuSprBegin: group 11 slot 0 names sprite 201, which is not a live sprite (data 0x2c015b0, attr 0000) -- dropped [23/32]
#########SE Entry Error<SE 57:ErrorNo -110>
#########SE Entry Error<SE 28:ErrorNo -110>
port> HuSprBegin: group 12 slot 0 names sprite 204, which is not a live sprite (data 0x2c05650, attr 0000) -- dropped [24/32]
#########SE Entry Error<SE 110:ErrorNo -110>
port> HuSprBegin: group 12 slot 0 names sprite 205, which is not a live sprite (data 0x2c096f0, attr 0000) -- dropped [25/32]
#########SE Entry Error<SE 2:ErrorNo -110>
port> HuSprBegin: group 12 slot 0 names sprite 206, which is not a live sprite (data 0x2c0d790, attr 0000) -- dropped [26/32]
#########SE Entry Error<SE 111:ErrorNo -110>
port> HuSprBegin: group 12 slot 0 names sprite 207, which is not a live sprite (data 0x2c11830, attr 0000) -- dropped [27/32]
#########SE Entry Error<SE 2:ErrorNo -110>
port> HuSprBegin: group 12 slot 0 names sprite 208, which is not a live sprite (data 0x2c158d0, attr 0000) -- dropped [28/32]
#########SE Entry Error<SE 112:ErrorNo -110>
port> HuSprBegin: group 12 slot 0 names sprite 209, which is not a live sprite (data 0x2c19970, attr 0000) -- dropped [29/32]
#########SE Entry Error<SE 2:ErrorNo -110>
port> HuSprBegin: group 11 slot 0 names sprite 203, which is not a live sprite (data 0x2c1da10, attr 0000) -- dropped [30/32]
#########SE Entry Error<SE 57:ErrorNo -110>
#########SE Entry Error<SE 28:ErrorNo -110>
port> HuSprBegin: group 12 slot 0 names sprite 211, which is not a live sprite (data 0x2c21ab0, attr 0000) -- dropped [31/32]
#########SE Entry Error<SE 83:ErrorNo -110>
#########SE Entry Error<SE 54:ErrorNo -110>
#########SE Entry Error<SE 2:ErrorNo -110>
#########SE Entry Error<SE 57:ErrorNo -110>
#########SE Entry Error<SE 84:ErrorNo -110>
#########SE Entry Error<SE 84:ErrorNo -110>
#########SE Entry Error<SE 84:ErrorNo -110>
#########SE Entry Error<SE 84:ErrorNo -110>
port> HuSprBegin: group 11 slot 0 names sprite 210, which is not a live sprite (data 0x2c25b50, attr 0000) -- dropped [32/32]
#########SE Entry Error<SE 54:ErrorNo -110>
#########SE Entry Error<SE 28:ErrorNo -110>
#########SE Entry Error<SE 2:ErrorNo -110>
#########SE Entry Error<SE 2:ErrorNo -110>
#########SE Entry Error<SE 2:ErrorNo -110>
#########SE Entry Error<SE 2:ErrorNo -110>
#########SE Entry Error<SE 2:ErrorNo -110>
#########SE Entry Error<SE 54:ErrorNo -110>
#########SE Entry Error<SE 2:ErrorNo -110>
#########SE Entry Error<SE 84:ErrorNo -110>
#########SE Entry Error<SE 84:ErrorNo -110>
Rest Memory 3f5780
Rest Memory 420c20
#########SE Entry Error<SE 84:ErrorNo -110>
#########SE Entry Error<SE 55:ErrorNo -110>
#########SE Entry Error<SE 28:ErrorNo -110>
#########SE Entry Error<SE 117:ErrorNo -110>
#########SE Entry Error<SE 118:ErrorNo -110>
#########SE Entry Error<SE 119:ErrorNo -110>
#########SE Entry Error<SE 120:ErrorNo -110>
#########SE Entry Error<SE 125:ErrorNo -110>
#########SE Entry Error<SE 34:ErrorNo -110>
Rest Memory 2e2fa0
ARAM Trans a4cf40
Rest Memory 2da580
ARAM Trans b8aba0
Rest Memory 2ed200
ARAM Trans cd1220
Rest Memory 2c7a80
ARAM Trans e04c20
objman>Call New Ovl 89(1)
OvlKill 1
objdll>omDLLNumEnd 70 1
Search:dll/mentdll.rel
+++++++++++ Find0: dll/mentdll.rel
objdll>omDLLEnd 0 1
objdll>End DLL:dll/mentdll.rel
odjdll>Unlink DLL:dll/mentdll.rel
objdll>Unlink DLL epilog
objdll>Unlink DLL epilog finish
objdll>End DLL finish
objman>Destory ObjMan
++++++++++++++++++++ Start New OVL 89 (EVT:0 STAT:0x00000000) ++++++++++++++++++
======== HuMem heap dump 0224c018 ========
MCB-----+Size----+MG+FL+Prev----+Next----+UNum----+Body----+Call----
0224c018 0000a020 a5 01 0239f7f8 02256038 ffffff00 0224c038 0000809c
02256038 000081c0 a5 01 0224c018 0225e1f8 ffffff00 02256058 0003bf88
0225e1f8 00024600 cd 00 02256038 022827f8 ffffff00 0225e218 0003c8d8
022827f8 00000260 a5 01 0225e1f8 02282a58 ffffff00 02282818 000088d4
02282a58 00000260 a5 01 022827f8 02282cb8 ffffff00 02282a78 000088d4
02282cb8 000002c0 a5 01 02282a58 02282f78 ffffff00 02282cd8 000088d4
02282f78 000008c0 cd 00 02282cb8 02283838 10000000 02282f98 00038bf8
02283838 00000100 a5 01 02282f78 02283938 ffffff00 02283858 00036f6c
02283938 00000400 a5 01 02283838 02283d38 ffffff00 02283958 00036fbc
02283d38 00000400 a5 01 02283938 02284138 ffffff00 02283d58 00037008
02284138 00000060 a5 01 02283d38 02284198 ffffff00 02284158 00037054
02284198 00000040 a5 01 02284138 022841d8 ffffff00 022841b8 000370a0
022841d8 0010d640 cd 00 02284198 02391818 ffffff00 022841f8 0003c8d8
02391818 00002100 a5 01 022841d8 02393918 ffffff00 02391838 000088d4
02393918 00000f80 a5 01 02391818 02394898 ffffff00 02393938 000088d4
02394898 000041c0 a5 01 02393918 02398a58 ffffff00 023948b8 000088d4
02398a58 000041c0 a5 01 02394898 0239cc18 ffffff00 02398a78 000088d4
0239cc18 00002be0 a5 01 02398a58 0239f7f8 ffffff00 0239cc38 000088d4
0239f7f8 000ec820 cd 00 0239cc18 0224c018 ffffff00 0239f818 0003c8d8
MCB:19(15/4) MEM:00240000(000212e0/0021ed20)
======== HuMem heap dump 0224c018 end =====
======== HuMem heap dump 025cc030 ========
MCB-----+Size----+MG+FL+Prev----+Next----+UNum----+Body----+Call----
025cc030 00a80000 cd 00 025cc030 025cc030 ffffff00 025cc050 0003fa1c
MCB:1(0/1) MEM:00a80000(00000000/00a80000)
======== HuMem heap dump 025cc030 end =====
======== HuMem heap dump 0304c03c ========
MCB-----+Size----+MG+FL+Prev----+Next----+UNum----+Body----+Call----
0304c03c 0015f3e0 a5 01 031ab41c 031ab41c ffffff00 0304c05c 000103a0
031ab41c 00420c20 cd 00 0304c03c 0304c03c ffffff00 031ab43c 0000f798
MCB:2(1/1) MEM:00580000(0015f3e0/00420c20)
======== HuMem heap dump 0304c03c end =====
objman>Used Memory Size:000212e0
objman>Used Memory Cnt:15
objman>Init esp
objman>Call objectsetup
SOUND ##########################
0
GroupSet 9
***********GroupSet Error 0
##########################
DLLStart 89 0
Search:dll/w01dll.rel
objdll>Link DLL:dll/w01dll.rel
Rest Memory 420c20
===== DLL Module Info dump ====
                   ID:0x00000001
             LinkPrev:0x00000000
             LinkNext:0x00000000
          Section num:16
Section info tbl ofst:0x00000048
           nameOffset:0x00000000
             nameSize:45
              version:0x00000002
===============================
==== DLL Module Header dump ====
          bss Size:0x0000081c
        rel Offset:0x00012e34
        imp Offset:0x0001f174
    prolog Section:1
    epilog Section:1
unresolved Section:0
       prolog func:0x00000030
       epilog func:0x00000094
   unresolved func:0x00000000
================================
objdll>LinkOK 0225e578 00a28be0
objdll> dll/w01dll.rel prolog start
objman>InitObjMan start
objman>InitObjMan end
objdll> dll/w01dll.rel prolog end
objman>ObjectSetup end
DLL DBG OUT
Rest Memory 37b3c0
Rest Memory 334960
data num 5e0000
Rest Memory 31dea0
ARAM data num 120006
data num 190000
Rest Memory 322ae0
data num 6c0000
Rest Memory 302e20
data num 890000
Rest Memory 31a860
ARAM data num 7001d
data num 50000
Rest Memory 136ce0
data num 90000
Rest Memory 1424a0
#########SE Entry Error<SE 269:ErrorNo -110>
#########SE Entry Error<SE 269:ErrorNo -110>
#########SE Entry Error<SE 333:ErrorNo -110>
#########SE Entry Error<SE 333:ErrorNo -110>
#########SE Entry Error<SE 397:ErrorNo -110>
#########SE Entry Error<SE 397:ErrorNo -110>
#########SE Entry Error<SE 461:ErrorNo -110>
#########SE Entry Error<SE 54:ErrorNo -110>
#########SE Entry Error<SE 28:ErrorNo -110>
#########SE Entry Error<SE 28:ErrorNo -110>
#########SE Entry Error<SE 28:ErrorNo -110>
#########SE Entry Error<SE 28:ErrorNo -110>
#########SE Entry Error<SE 770:ErrorNo -110>
#########SE Entry Error<SE 770:ErrorNo -110>
#########SE Entry Error<SE 770:ErrorNo -110>
#########SE Entry Error<SE 770:ErrorNo -110>
#########SE Entry Error<SE 768:ErrorNo -110>
#########SE Entry Error<SE 768:ErrorNo -110>
#########SE Entry Error<SE 768:ErrorNo -110>
#########SE Entry Error<SE 768:ErrorNo -110>
#########SE Entry Error<SE 771:ErrorNo -110>
#########SE Entry Error<SE 771:ErrorNo -110>
#########SE Entry Error<SE 771:ErrorNo -110>
#########SE Entry Error<SE 771:ErrorNo -110>
#########SE Entry Error<SE 28:ErrorNo -110>
#########SE Entry Error<SE 290:ErrorNo -110>
#########SE Entry Error<SE 28:ErrorNo -110>
#########SE Entry Error<SE 418:ErrorNo -110>
#########SE Entry Error<SE 28:ErrorNo -110>
#########SE Entry Error<SE 354:ErrorNo -110>
#########SE Entry Error<SE 28:ErrorNo -110>
#########SE Entry Error<SE 482:ErrorNo -110>
#########SE Entry Error<SE 28:ErrorNo -110>
#########SE Entry Error<SE 7:ErrorNo -110>
#########SE Entry Error<SE 7:ErrorNo -110>
#########SE Entry Error<SE 7:ErrorNo -110>
#########SE Entry Error<SE 7:ErrorNo -110>
#########SE Entry Error<SE 7:ErrorNo -110>
#########SE Entry Error<SE 7:ErrorNo -110>
#########SE Entry Error<SE 7:ErrorNo -110>
#########SE Entry Error<SE 7:ErrorNo -110>
#########SE Entry Error<SE 7:ErrorNo -110>
#########SE Entry Error<SE 7:ErrorNo -110>
#########SE Entry Error<SE 15:ErrorNo -110>
#########SE Entry Error<SE 354:ErrorNo -110>
#########SE Entry Error<SE 290:ErrorNo -110>
#########SE Entry Error<SE 418:ErrorNo -110>
#########SE Entry Error<SE 482:ErrorNo -110>
#########SE Entry Error<SE 28:ErrorNo -110>
#########SE Entry Error<SE 54:ErrorNo -110>
#########SE Entry Error<SE 28:ErrorNo -110>
#########SE Entry Error<SE 775:ErrorNo -110>
#########SE Entry Error<SE 770:ErrorNo -110>
#########SE Entry Error<SE 768:ErrorNo -110>
#########SE Entry Error<SE 771:ErrorNo -110>
#########SE Entry Error<SE 780:ErrorNo -110>
#########SE Entry Error<SE 261:ErrorNo -110>
#########SE Entry Error<SE 769:ErrorNo -110>
#########SE Entry Error<SE 261:ErrorNo -110>
#########SE Entry Error<SE 325:ErrorNo -110>
#########SE Entry Error<SE 389:ErrorNo -110>
#########SE Entry Error<SE 453:ErrorNo -110>
#########SE Entry Error<SE 325:ErrorNo -110>
#########SE Entry Error<SE 261:ErrorNo -110>
#########SE Entry Error<SE 389:ErrorNo -110>
#########SE Entry Error<SE 769:ErrorNo -110>
#########SE Entry Error<SE 261:ErrorNo -110>
#########SE Entry Error<SE 769:ErrorNo -110>
#########SE Entry Error<SE 261:ErrorNo -110>
#########SE Entry Error<SE 261:ErrorNo -110>
#########SE Entry Error<SE 769:ErrorNo -110>
#########SE Entry Error<SE 842:ErrorNo -110>
#########SE Entry Error<SE 832:ErrorNo -110>
#########SE Entry Error<SE 2:ErrorNo -110>
#########SE Entry Error<SE 780:ErrorNo -110>
#########SE Entry Error<SE 833:ErrorNo -110>
#########SE Entry Error<SE 781:ErrorNo -110>
#########SE Entry Error<SE 864:ErrorNo -110>
#########SE Entry Error<SE 290:ErrorNo -110>
#########SE Entry Error<SE 28:ErrorNo -110>
#########SE Entry Error<SE 775:ErrorNo -110>
#########SE Entry Error<SE 770:ErrorNo -110>
#########SE Entry Error<SE 768:ErrorNo -110>
#########SE Entry Error<SE 771:ErrorNo -110>
#########SE Entry Error<SE 780:ErrorNo -110>
#########SE Entry Error<SE 389:ErrorNo -110>
#########SE Entry Error<SE 389:ErrorNo -110>
#########SE Entry Error<SE 769:ErrorNo -110>
#########SE Entry Error<SE 325:ErrorNo -110>
#########SE Entry Error<SE 453:ErrorNo -110>
#########SE Entry Error<SE 839:ErrorNo -110>
#########SE Entry Error<SE 325:ErrorNo -110>
#########SE Entry Error<SE 7:ErrorNo -110>
#########SE Entry Error<SE 418:ErrorNo -110>
#########SE Entry Error<SE 7:ErrorNo -110>
#########SE Entry Error<SE 7:ErrorNo -110>
#########SE Entry Error<SE 15:ErrorNo -110>
#########SE Entry Error<SE 775:ErrorNo -110>
#########SE Entry Error<SE 770:ErrorNo -110>
#########SE Entry Error<SE 768:ErrorNo -110>
#########SE Entry Error<SE 771:ErrorNo -110>
#########SE Entry Error<SE 780:ErrorNo -110>
#########SE Entry Error<SE 325:ErrorNo -110>
#########SE Entry Error<SE 325:ErrorNo -110>
#########SE Entry Error<SE 769:ErrorNo -110>
#########SE Entry Error<SE 453:ErrorNo -110>
#########SE Entry Error<SE 839:ErrorNo -110>
#########SE Entry Error<SE 7:ErrorNo -110>
#########SE Entry Error<SE 354:ErrorNo -110>
#########SE Entry Error<SE 7:ErrorNo -110>
#########SE Entry Error<SE 7:ErrorNo -110>
#########SE Entry Error<SE 15:ErrorNo -110>
#########SE Entry Error<SE 775:ErrorNo -110>
#########SE Entry Error<SE 770:ErrorNo -110>
#########SE Entry Error<SE 768:ErrorNo -110>
#########SE Entry Error<SE 771:ErrorNo -110>
#########SE Entry Error<SE 780:ErrorNo -110>
#########SE Entry Error<SE 453:ErrorNo -110>
#########SE Entry Error<SE 769:ErrorNo -110>
#########SE Entry Error<SE 453:ErrorNo -110>
#########SE Entry Error<SE 453:ErrorNo -110>
#########SE Entry Error<SE 769:ErrorNo -110>
#########SE Entry Error<SE 453:ErrorNo -110>
#########SE Entry Error<SE 453:ErrorNo -110>
#########SE Entry Error<SE 769:ErrorNo -110>
#########SE Entry Error<SE 839:ErrorNo -110>
#########SE Entry Error<SE 7:ErrorNo -110>
#########SE Entry Error<SE 482:ErrorNo -110>
#########SE Entry Error<SE 7:ErrorNo -110>
#########SE Entry Error<SE 7:ErrorNo -110>
#########SE Entry Error<SE 15:ErrorNo -110>
#########SE Entry Error<SE 852:ErrorNo -110>
#########SE Entry Error<SE 853:ErrorNo -110>
#########SE Entry Error<SE 772:ErrorNo -110>
#########SE Entry Error<SE 772:ErrorNo -110>
#########SE Entry Error<SE 772:ErrorNo -110>
#########SE Entry Error<SE 772:ErrorNo -110>
#########SE Entry Error<SE 772:ErrorNo -110>
#########SE Entry Error<SE 772:ErrorNo -110>
#########SE Entry Error<SE 772:ErrorNo -110>
#########SE Entry Error<SE 772:ErrorNo -110>
#########SE Entry Error<SE 772:ErrorNo -110>
#########SE Entry Error<SE 772:ErrorNo -110>
#########SE Entry Error<SE 772:ErrorNo -110>
#########SE Entry Error<SE 772:ErrorNo -110>
#########SE Entry Error<SE 772:ErrorNo -110>
#########SE Entry Error<SE 772:ErrorNo -110>
#########SE Entry Error<SE 772:ErrorNo -110>
#########SE Entry Error<SE 772:ErrorNo -110>
#########SE Entry Error<SE 772:ErrorNo -110>
#########SE Entry Error<SE 772:ErrorNo -110>
#########SE Entry Error<SE 772:ErrorNo -110>
#########SE Entry Error<SE 772:ErrorNo -110>
#########SE Entry Error<SE 772:ErrorNo -110>
#########SE Entry Error<SE 772:ErrorNo -110>
#########SE Entry Error<SE 772:ErrorNo -110>
#########SE Entry Error<SE 772:ErrorNo -110>
#########SE Entry Error<SE 772:ErrorNo -110>
#########SE Entry Error<SE 772:ErrorNo -110>
#########SE Entry Error<SE 772:ErrorNo -110>
#########SE Entry Error<SE 772:ErrorNo -110>
#########SE Entry Error<SE 772:ErrorNo -110>
#########SE Entry Error<SE 772:ErrorNo -110>
#########SE Entry Error<SE 772:ErrorNo -110>
#########SE Entry Error<SE 772:ErrorNo -110>
#########SE Entry Error<SE 772:ErrorNo -110>
#########SE Entry Error<SE 772:ErrorNo -110>
#########SE Entry Error<SE 772:ErrorNo -110>
#########SE Entry Error<SE 772:ErrorNo -110>
#########SE Entry Error<SE 772:ErrorNo -110>
#########SE Entry Error<SE 772:ErrorNo -110>
#########SE Entry Error<SE 772:ErrorNo -110>
#########SE Entry Error<SE 772:ErrorNo -110>
#########SE Entry Error<SE 773:ErrorNo -110>
Rest Memory 40a8e0
port> roulette: frame 10501 dealt mg 412 (m412dll, type 0)
objman>Call New Ovl 3(1)
OvlKill 1
objdll>omDLLNumEnd 89 1
Search:dll/w01dll.rel
+++++++++++ Find0: dll/w01dll.rel
objdll>omDLLEnd 0 1
objdll>End DLL:dll/w01dll.rel
odjdll>Unlink DLL:dll/w01dll.rel
objdll>Unlink DLL epilog
objdll>Unlink DLL epilog finish
objdll>End DLL finish
objman>Destory ObjMan
++++++++++++++++++++ Start New OVL 3 (EVT:0 STAT:0x00000000) ++++++++++++++++++
======== HuMem heap dump 0224c018 ========
MCB-----+Size----+MG+FL+Prev----+Next----+UNum----+Body----+Call----
0224c018 0000a020 a5 01 0239f7f8 02256038 ffffff00 0224c038 0000809c
02256038 000081c0 a5 01 0224c018 0225e1f8 ffffff00 02256058 0003bf88
0225e1f8 00024600 cd 00 02256038 022827f8 ffffff00 0225e218 00038148
022827f8 00000260 a5 01 0225e1f8 02282a58 ffffff00 02282818 000088d4
02282a58 00000260 a5 01 022827f8 02282cb8 ffffff00 02282a78 000088d4
02282cb8 000002c0 a5 01 02282a58 02282f78 ffffff00 02282cd8 000088d4
02282f78 000008c0 cd 00 02282cb8 02283838 ffffff00 02282f98 00044094
02283838 00000100 a5 01 02282f78 02283938 ffffff00 02283858 00036f6c
02283938 00000400 a5 01 02283838 02283d38 ffffff00 02283958 00036fbc
02283d38 00000400 a5 01 02283938 02284138 ffffff00 02283d58 00037008
02284138 00000060 a5 01 02283d38 02284198 ffffff00 02284158 00037054
02284198 00000040 a5 01 02284138 022841d8 ffffff00 022841b8 000370a0
022841d8 0010d640 cd 00 02284198 02391818 ffffff00 022841f8 0003c8d8
02391818 00002100 a5 01 022841d8 02393918 ffffff00 02391838 000088d4
02393918 00000f80 a5 01 02391818 02394898 ffffff00 02393938 000088d4
02394898 000041c0 a5 01 02393918 02398a58 ffffff00 023948b8 000088d4
02398a58 000041c0 a5 01 02394898 0239cc18 ffffff00 02398a78 000088d4
0239cc18 00002be0 a5 01 02398a58 0239f7f8 ffffff00 0239cc38 000088d4
0239f7f8 000ec820 cd 00 0239cc18 0224c018 ffffff00 0239f818 0003c8d8
MCB:19(15/4) MEM:00240000(000212e0/0021ed20)
======== HuMem heap dump 0224c018 end =====
======== HuMem heap dump 025cc030 ========
MCB-----+Size----+MG+FL+Prev----+Next----+UNum----+Body----+Call----
025cc030 00a80000 cd 00 025cc030 025cc030 10000000 025cc050 0003fa1c
MCB:1(0/1) MEM:00a80000(00000000/00a80000)
======== HuMem heap dump 025cc030 end =====
======== HuMem heap dump 0304c03c ========
MCB-----+Size----+MG+FL+Prev----+Next----+UNum----+Body----+Call----
0304c03c 00175720 a5 01 031c175c 031c175c ffffff00 0304c05c 000103a0
031c175c 0040a8e0 cd 00 0304c03c 0304c03c bdbe92cf 031c177c 000103a0
MCB:2(1/1) MEM:00580000(00175720/0040a8e0)
======== HuMem heap dump 0304c03c end =====
objman>Used Memory Size:000212e0
objman>Used Memory Cnt:15
objman>Init esp
objman>Call objectsetup
DLLStart 3 0
Search:dll/instdll.rel
objdll>Link DLL:dll/instdll.rel
Rest Memory 40a8e0
===== DLL Module Info dump ====
                   ID:0x00000001
             LinkPrev:0x00000000
             LinkNext:0x00000000
          Section num:15
Section info tbl ofst:0x00000048
           nameOffset:0x00000000
             nameSize:47
              version:0x00000002
===============================
==== DLL Module Header dump ====
          bss Size:0x00000064
        rel Offset:0x00006aa8
        imp Offset:0x0000ad98
    prolog Section:1
    epilog Section:1
unresolved Section:0
       prolog func:0x00000000
       epilog func:0x00000054
   unresolved func:0x00000000
================================
objdll>LinkOK 0225e578 00a28d10
objdll> dll/instdll.rel prolog start
******* INST ObjectSetup *********
objman>InitObjMan start
objman>InitObjMan end
0
GroupSet 29
***********GroupSet Error 0
Rest Memory 3c3e80
objdll> dll/instdll.rel prolog end
objman>ObjectSetup end
DLL DBG OUT
data num 5e0000
Rest Memory 3ad3c0
ARAM data num 120006
data num 6c0000
Rest Memory 392340
data num 190000
Rest Memory 3b2000
data num 890000
Rest Memory 3a9d80
#########SE Entry Error<SE 1211:ErrorNo -110>
#########SE Entry Error<SE 1212:ErrorNo -110>
#########SE Entry Error<SE 55:ErrorNo -110>
#########SE Entry Error<SE 397:ErrorNo -110>
#########SE Entry Error<SE 397:ErrorNo -110>
#########SE Entry Error<SE 269:ErrorNo -110>
#########SE Entry Error<SE 461:ErrorNo -110>
#########SE Entry Error<SE 269:ErrorNo -110>
#########SE Entry Error<SE 333:ErrorNo -110>
#########SE Entry Error<SE 333:ErrorNo -110>
Rest Memory 4aeec0
#########SE Entry Error<SE 2:ErrorNo -110>
#########SE Entry Error<SE 57:ErrorNo -110>
#########SE Entry Error<SE 277:ErrorNo -110>
#########SE Entry Error<SE 1210:ErrorNo -110>
objman>Call New Ovl 20(1)
OvlKill 1
objdll>omDLLNumEnd 3 1
Search:dll/instdll.rel
+++++++++++ Find0: dll/instdll.rel
objdll>omDLLEnd 0 1
objdll>End DLL:dll/instdll.rel
odjdll>Unlink DLL:dll/instdll.rel
objdll>Unlink DLL epilog
objdll>Unlink DLL epilog finish
objdll>End DLL finish
objman>Destory ObjMan
++++++++++++++++++++ Start New OVL 20 (EVT:0 STAT:0x00000000) ++++++++++++++++++
======== HuMem heap dump 0224c018 ========
MCB-----+Size----+MG+FL+Prev----+Next----+UNum----+Body----+Call----
0224c018 0000a020 a5 01 0239f7f8 02256038 ffffff00 0224c038 0000809c
02256038 000081c0 a5 01 0224c018 0225e1f8 ffffff00 02256058 0003bf88
0225e1f8 00024600 cd 00 02256038 022827f8 ffffff00 0225e218 0003c8d8
022827f8 00000260 a5 01 0225e1f8 02282a58 ffffff00 02282818 000088d4
02282a58 00000260 a5 01 022827f8 02282cb8 ffffff00 02282a78 000088d4
02282cb8 000002c0 a5 01 02282a58 02282f78 ffffff00 02282cd8 000088d4
02282f78 000008c0 cd 00 02282cb8 02283838 ffffff00 02282f98 0003f994
02283838 00000100 a5 01 02282f78 02283938 ffffff00 02283858 00036f6c
02283938 00000400 a5 01 02283838 02283d38 ffffff00 02283958 00036fbc
02283d38 00000400 a5 01 02283938 02284138 ffffff00 02283d58 00037008
02284138 00000060 a5 01 02283d38 02284198 ffffff00 02284158 00037054
02284198 00000040 a5 01 02284138 022841d8 ffffff00 022841b8 000370a0
022841d8 0010d640 cd 00 02284198 02391818 ffffff00 022841f8 0003c8d8
02391818 00002100 a5 01 022841d8 02393918 ffffff00 02391838 000088d4
02393918 00000f80 a5 01 02391818 02394898 ffffff00 02393938 000088d4
02394898 000041c0 a5 01 02393918 02398a58 ffffff00 023948b8 000088d4
02398a58 000041c0 a5 01 02394898 0239cc18 ffffff00 02398a78 000088d4
0239cc18 00002be0 a5 01 02398a58 0239f7f8 ffffff00 0239cc38 000088d4
0239f7f8 000ec820 cd 00 0239cc18 0224c018 ffffff00 0239f818 0003c8d8
MCB:19(15/4) MEM:00240000(000212e0/0021ed20)
======== HuMem heap dump 0224c018 end =====
======== HuMem heap dump 025cc030 ========
MCB-----+Size----+MG+FL+Prev----+Next----+UNum----+Body----+Call----
025cc030 00a80000 cd 00 025cc030 025cc030 10000000 025cc050 00038c18
MCB:1(0/1) MEM:00a80000(00000000/00a80000)
======== HuMem heap dump 025cc030 end =====
======== HuMem heap dump 0304c03c ========
MCB-----+Size----+MG+FL+Prev----+Next----+UNum----+Body----+Call----
0304c03c 000d1140 a5 01 0311d17c 0311d17c ffffff00 0304c05c 000103a0
0311d17c 004aeec0 cd 00 0304c03c 0304c03c 5dc1e832 0311d19c 000103a0
MCB:2(1/1) MEM:00580000(000d1140/004aeec0)
======== HuMem heap dump 0304c03c end =====
objman>Used Memory Size:000212e0
objman>Used Memory Cnt:15
objman>Init esp
objman>Call objectsetup
SOUND ##########################
##########################
DLLStart 20 0
Search:dll/m412dll.rel
objdll>Link DLL:dll/m412dll.rel
Rest Memory 4aeec0
===== DLL Module Info dump ====
                   ID:0x00000001
             LinkPrev:0x00000000
             LinkNext:0x00000000
          Section num:15
Section info tbl ofst:0x00000048
           nameOffset:0x00000000
             nameSize:47
              version:0x00000002
===============================
==== DLL Module Header dump ====
          bss Size:0x000007a2
        rel Offset:0x0000bc61
        imp Offset:0x000125f1
    prolog Section:1
    epilog Section:1
unresolved Section:0
       prolog func:0x00000000
       epilog func:0x00000054
   unresolved func:0x00000000
================================
objdll>LinkOK 0225e578 00a28e40
objdll> dll/m412dll.rel prolog start
objman>InitObjMan start
objman>InitObjMan end
//////////////////////////////////
sndDist 10000.000000
sndSpeed 0.566667
startDis 0.000000
frontSurDis 300.000000
backSurDis 300.000000
//////////////////////////////////
data num 5e0001
Rest Memory 4519a0
ARAM data num 120006
ARAM data num 5f0000
data num 6c0001
Rest Memory 3d9400
ARAM data num 6d0000
data num 190001
Rest Memory 380b20
ARAM data num 1a0000
data num 890001
Rest Memory 31ffc0
ARAM data num 8a0000
ARAM data num 120003
objdll> dll/m412dll.rel prolog end
objman>ObjectSetup end
DLL DBG OUT
#########SE Entry Error<SE 1407:ErrorNo -110>
#########SE Entry Error<SE 1417:ErrorNo -110>
#########SE Entry Error<SE 1416:ErrorNo -110>
#########SE Entry Error<SE 1419:ErrorNo -110>
#########SE Entry Error<SE 1408:ErrorNo -110>
#########SE Entry Error<SE 1409:ErrorNo -110>
#########SE Entry Error<SE 1409:ErrorNo -110>
#########SE Entry Error<SE 1409:ErrorNo -110>
#########SE Entry Error<SE 296:ErrorNo -110>
#########SE Entry Error<SE 424:ErrorNo -110>
#########SE Entry Error<SE 360:ErrorNo -110>
#########SE Entry Error<SE 488:ErrorNo -110>
#########SE Entry Error<SE 36:ErrorNo -110>
#########SE Entry Error<SE 12:ErrorNo -110>
#########SE Entry Error<SE 449:ErrorNo -110>
#########SE Entry Error<SE 257:ErrorNo -110>
#########SE Entry Error<SE 385:ErrorNo -110>
#########SE Entry Error<SE 321:ErrorNo -110>
#########SE Entry Error<SE 1411:ErrorNo -110>
#########SE Entry Error<SE 1410:ErrorNo -110>
#########SE Entry Error<SE 325:ErrorNo -110>
#########SE Entry Error<SE 389:ErrorNo -110>
#########SE Entry Error<SE 1411:ErrorNo -110>
#########SE Entry Error<SE 325:ErrorNo -110>
#########SE Entry Error<SE 389:ErrorNo -110>
#########SE Entry Error<SE 1420:ErrorNo -110>
#########SE Entry Error<SE 385:ErrorNo -110>
#########SE Entry Error<SE 321:ErrorNo -110>
#########SE Entry Error<SE 1410:ErrorNo -110>
#########SE Entry Error<SE 261:ErrorNo -110>
#########SE Entry Error<SE 261:ErrorNo -110>
#########SE Entry Error<SE 1411:ErrorNo -110>
#########SE Entry Error<SE 1420:ErrorNo -110>
#########SE Entry Error<SE 257:ErrorNo -110>
#########SE Entry Error<SE 1411:ErrorNo -110>
#########SE Entry Error<SE 1410:ErrorNo -110>
#########SE Entry Error<SE 453:ErrorNo -110>
#########SE Entry Error<SE 453:ErrorNo -110>
#########SE Entry Error<SE 449:ErrorNo -110>
#########SE Entry Error<SE 389:ErrorNo -110>
#########SE Entry Error<SE 325:ErrorNo -110>
#########SE Entry Error<SE 261:ErrorNo -110>
#########SE Entry Error<SE 1410:ErrorNo -110>
#########SE Entry Error<SE 389:ErrorNo -110>
#########SE Entry Error<SE 1413:ErrorNo -110>
#########SE Entry Error<SE 1420:ErrorNo -110>
#########SE Entry Error<SE 325:ErrorNo -110>
#########SE Entry Error<SE 449:ErrorNo -110>
#########SE Entry Error<SE 1412:ErrorNo -110>
#########SE Entry Error<SE 389:ErrorNo -110>
#########SE Entry Error<SE 449:ErrorNo -110>
#########SE Entry Error<SE 257:ErrorNo -110>
#########SE Entry Error<SE 389:ErrorNo -110>
#########SE Entry Error<SE 1411:ErrorNo -110>
#########SE Entry Error<SE 261:ErrorNo -110>
#########SE Entry Error<SE 385:ErrorNo -110>
#########SE Entry Error<SE 1420:ErrorNo -110>
#########SE Entry Error<SE 257:ErrorNo -110>
#########SE Entry Error<SE 1410:ErrorNo -110>
#########SE Entry Error<SE 1409:ErrorNo -110>
#########SE Entry Error<SE 261:ErrorNo -110>
#########SE Entry Error<SE 1411:ErrorNo -110>
#########SE Entry Error<SE 1411:ErrorNo -110>
#########SE Entry Error<SE 261:ErrorNo -110>
#########SE Entry Error<SE 257:ErrorNo -110>
#########SE Entry Error<SE 1420:ErrorNo -110>
#########SE Entry Error<SE 1411:ErrorNo -110>
#########SE Entry Error<SE 1410:ErrorNo -110>
#########SE Entry Error<SE 1410:ErrorNo -110>
#########SE Entry Error<SE 389:ErrorNo -110>
#########SE Entry Error<SE 1413:ErrorNo -110>
#########SE Entry Error<SE 1413:ErrorNo -110>
#########SE Entry Error<SE 1420:ErrorNo -110>
#########SE Entry Error<SE 1412:ErrorNo -110>
#########SE Entry Error<SE 453:ErrorNo -110>
#########SE Entry Error<SE 449:ErrorNo -110>
#########SE Entry Error<SE 449:ErrorNo -110>
#########SE Entry Error<SE 1410:ErrorNo -110>
#########SE Entry Error<SE 1413:ErrorNo -110>
#########SE Entry Error<SE 1420:ErrorNo -110>
#########SE Entry Error<SE 261:ErrorNo -110>
#########SE Entry Error<SE 1411:ErrorNo -110>
#########SE Entry Error<SE 1420:ErrorNo -110>
#########SE Entry Error<SE 261:ErrorNo -110>
#########SE Entry Error<SE 257:ErrorNo -110>
#########SE Entry Error<SE 1411:ErrorNo -110>
#########SE Entry Error<SE 1410:ErrorNo -110>
#########SE Entry Error<SE 261:ErrorNo -110>
#########SE Entry Error<SE 1420:ErrorNo -110>
#########SE Entry Error<SE 1411:ErrorNo -110>
#########SE Entry Error<SE 261:ErrorNo -110>
#########SE Entry Error<SE 257:ErrorNo -110>
#########SE Entry Error<SE 1410:ErrorNo -110>
#########SE Entry Error<SE 1411:ErrorNo -110>
#########SE Entry Error<SE 261:ErrorNo -110>
#########SE Entry Error<SE 453:ErrorNo -110>
#########SE Entry Error<SE 1410:ErrorNo -110>
#########SE Entry Error<SE 1420:ErrorNo -110>
#########SE Entry Error<SE 449:ErrorNo -110>
#########SE Entry Error<SE 453:ErrorNo -110>
#########SE Entry Error<SE 257:ErrorNo -110>
#########SE Entry Error<SE 449:ErrorNo -110>
#########SE Entry Error<SE 1420:ErrorNo -110>
#########SE Entry Error<SE 1410:ErrorNo -110>
#########SE Entry Error<SE 257:ErrorNo -110>
#########SE Entry Error<SE 453:ErrorNo -110>
#########SE Entry Error<SE 1411:ErrorNo -110>
#########SE Entry Error<SE 1411:ErrorNo -110>
#########SE Entry Error<SE 453:ErrorNo -110>
#########SE Entry Error<SE 449:ErrorNo -110>
#########SE Entry Error<SE 1420:ErrorNo -110>
#########SE Entry Error<SE 449:ErrorNo -110>
#########SE Entry Error<SE 1410:ErrorNo -110>
#########SE Entry Error<SE 1410:ErrorNo -110>
#########SE Entry Error<SE 1409:ErrorNo -110>
#########SE Entry Error<SE 261:ErrorNo -110>
#########SE Entry Error<SE 261:ErrorNo -110>
#########SE Entry Error<SE 1411:ErrorNo -110>
#########SE Entry Error<SE 1411:ErrorNo -110>
#########SE Entry Error<SE 257:ErrorNo -110>
#########SE Entry Error<SE 453:ErrorNo -110>
#########SE Entry Error<SE 1420:ErrorNo -110>
#########SE Entry Error<SE 1420:ErrorNo -110>
#########SE Entry Error<SE 453:ErrorNo -110>
#########SE Entry Error<SE 449:ErrorNo -110>
#########SE Entry Error<SE 449:ErrorNo -110>
#########SE Entry Error<SE 1411:ErrorNo -110>
#########SE Entry Error<SE 449:ErrorNo -110>
#########SE Entry Error<SE 1410:ErrorNo -110>
#########SE Entry Error<SE 1410:ErrorNo -110>
#########SE Entry Error<SE 1411:ErrorNo -110>
#########SE Entry Error<SE 453:ErrorNo -110>
#########SE Entry Error<SE 1420:ErrorNo -110>
#########SE Entry Error<SE 1410:ErrorNo -110>
#########SE Entry Error<SE 1420:ErrorNo -110>
#########SE Entry Error<SE 1420:ErrorNo -110>
#########SE Entry Error<SE 449:ErrorNo -110>
#########SE Entry Error<SE 1411:ErrorNo -110>
#########SE Entry Error<SE 1410:ErrorNo -110>
#########SE Entry Error<SE 261:ErrorNo -110>
#########SE Entry Error<SE 1411:ErrorNo -110>
#########SE Entry Error<SE 1420:ErrorNo -110>
#########SE Entry Error<SE 1410:ErrorNo -110>
#########SE Entry Error<SE 1420:ErrorNo -110>
#########SE Entry Error<SE 1411:ErrorNo -110>
#########SE Entry Error<SE 1411:ErrorNo -110>
#########SE Entry Error<SE 257:ErrorNo -110>
#########SE Entry Error<SE 1410:ErrorNo -110>
#########SE Entry Error<SE 453:ErrorNo -110>
#########SE Entry Error<SE 1411:ErrorNo -110>
#########SE Entry Error<SE 1420:ErrorNo -110>
#########SE Entry Error<SE 453:ErrorNo -110>
#########SE Entry Error<SE 449:ErrorNo -110>
#########SE Entry Error<SE 1410:ErrorNo -110>
#########SE Entry Error<SE 1410:ErrorNo -110>
#########SE Entry Error<SE 453:ErrorNo -110>
#########SE Entry Error<SE 1415:ErrorNo -110>
#########SE Entry Error<SE 449:ErrorNo -110>
#########SE Entry Error<SE 453:ErrorNo -110>
#########SE Entry Error<SE 1420:ErrorNo -110>
#########SE Entry Error<SE 1411:ErrorNo -110>
#########SE Entry Error<SE 261:ErrorNo -110>
#########SE Entry Error<SE 449:ErrorNo -110>
#########SE Entry Error<SE 1420:ErrorNo -110>
#########SE Entry Error<SE 1410:ErrorNo -110>
#########SE Entry Error<SE 257:ErrorNo -110>
#########SE Entry Error<SE 1411:ErrorNo -110>
#########SE Entry Error<SE 1414:ErrorNo -110>
#########SE Entry Error<SE 453:ErrorNo -110>
#########SE Entry Error<SE 1410:ErrorNo -110>
#########SE Entry Error<SE 257:ErrorNo -110>
#########SE Entry Error<SE 1420:ErrorNo -110>
#########SE Entry Error<SE 453:ErrorNo -110>
#########SE Entry Error<SE 1411:ErrorNo -110>
#########SE Entry Error<SE 1411:ErrorNo -110>
#########SE Entry Error<SE 261:ErrorNo -110>
#########SE Entry Error<SE 453:ErrorNo -110>
#########SE Entry Error<SE 1420:ErrorNo -110>
#########SE Entry Error<SE 449:ErrorNo -110>
#########SE Entry Error<SE 1421:ErrorNo -110>
#########SE Entry Error<SE 1410:ErrorNo -110>
#########SE Entry Error<SE 257:ErrorNo -110>
#########SE Entry Error<SE 1409:ErrorNo -110>
#########SE Entry Error<SE 449:ErrorNo -110>
#########SE Entry Error<SE 1420:ErrorNo -110>
#########SE Entry Error<SE 1411:ErrorNo -110>
#########SE Entry Error<SE 1411:ErrorNo -110>
#########SE Entry Error<SE 1410:ErrorNo -110>
#########SE Entry Error<SE 1410:ErrorNo -110>
#########SE Entry Error<SE 453:ErrorNo -110>
#########SE Entry Error<SE 1411:ErrorNo -110>
#########SE Entry Error<SE 449:ErrorNo -110>
#########SE Entry Error<SE 261:ErrorNo -110>
#########SE Entry Error<SE 453:ErrorNo -110>
#########SE Entry Error<SE 1413:ErrorNo -110>
#########SE Entry Error<SE 1420:ErrorNo -110>
#########SE Entry Error<SE 1412:ErrorNo -110>
#########SE Entry Error<SE 1420:ErrorNo -110>
#########SE Entry Error<SE 37:ErrorNo -110>
#########SE Entry Error<SE 1410:ErrorNo -110>
#########SE Entry Error<SE 1410:ErrorNo -110>
#########SE Entry Error<SE 1420:ErrorNo -110>
#########SE Entry Error<SE 1420:ErrorNo -110>
#########SE Entry Error<SE 1410:ErrorNo -110>
#########SE Entry Error<SE 1420:ErrorNo -110>
#########SE Entry Error<SE 292:ErrorNo -110>
objman>Ovl Return 1=4(1)
OvlKill 1
objdll>omDLLNumEnd 20 1
Search:dll/m412dll.rel
+++++++++++ Find0: dll/m412dll.rel
objdll>omDLLEnd 0 1
objdll>End DLL:dll/m412dll.rel
odjdll>Unlink DLL:dll/m412dll.rel
objdll>Unlink DLL epilog
objdll>Unlink DLL epilog finish
objdll>End DLL finish
objman>Destory ObjMan
++++++++++++++++++++ Start New OVL 84 (EVT:0 STAT:0x00000000) ++++++++++++++++++
======== HuMem heap dump 0224c018 ========
MCB-----+Size----+MG+FL+Prev----+Next----+UNum----+Body----+Call----
0224c018 0000a020 a5 01 0239f7f8 02256038 ffffff00 0224c038 0000809c
02256038 000081c0 a5 01 0224c018 0225e1f8 ffffff00 02256058 0003bf88
0225e1f8 00024600 cd 00 02256038 022827f8 ffffff00 0225e218 0003c8d8
022827f8 00000260 a5 01 0225e1f8 02282a58 ffffff00 02282818 000088d4
02282a58 00000260 a5 01 022827f8 02282cb8 ffffff00 02282a78 000088d4
02282cb8 000002c0 a5 01 02282a58 02282f78 ffffff00 02282cd8 000088d4
02282f78 000008c0 cd 00 02282cb8 02283838 10000000 02282f98 0002535c
02283838 00000100 a5 01 02282f78 02283938 ffffff00 02283858 00036f6c
02283938 00000400 a5 01 02283838 02283d38 ffffff00 02283958 00036fbc
02283d38 00000400 a5 01 02283938 02284138 ffffff00 02283d58 00037008
02284138 00000060 a5 01 02283d38 02284198 ffffff00 02284158 00037054
02284198 00000040 a5 01 02284138 022841d8 ffffff00 022841b8 000370a0
022841d8 0010d640 cd 00 02284198 02391818 ffffff00 022841f8 0003c8d8
02391818 00002100 a5 01 022841d8 02393918 ffffff00 02391838 000088d4
02393918 00000f80 a5 01 02391818 02394898 ffffff00 02393938 000088d4
02394898 000041c0 a5 01 02393918 02398a58 ffffff00 023948b8 000088d4
02398a58 000041c0 a5 01 02394898 0239cc18 ffffff00 02398a78 000088d4
0239cc18 00002be0 a5 01 02398a58 0239f7f8 ffffff00 0239cc38 000088d4
0239f7f8 000ec820 cd 00 0239cc18 0224c018 ffffff00 0239f818 0003c8d8
MCB:19(15/4) MEM:00240000(000212e0/0021ed20)
======== HuMem heap dump 0224c018 end =====
======== HuMem heap dump 025cc030 ========
MCB-----+Size----+MG+FL+Prev----+Next----+UNum----+Body----+Call----
025cc030 00a80000 cd 00 025cc030 025cc030 ffffff00 025cc050 0002552c
MCB:1(0/1) MEM:00a80000(00000000/00a80000)
======== HuMem heap dump 025cc030 end =====
======== HuMem heap dump 0304c03c ========
MCB-----+Size----+MG+FL+Prev----+Next----+UNum----+Body----+Call----
0304c03c 000d1140 a5 01 0311d17c 0311d17c ffffff00 0304c05c 000103a0
0311d17c 004aeec0 cd 00 0304c03c 0304c03c 10000000 0311d19c 0000f798
MCB:2(1/1) MEM:00580000(000d1140/004aeec0)
======== HuMem heap dump 0304c03c end =====
objman>Used Memory Size:000212e0
objman>Used Memory Cnt:15
objman>Init esp
objman>Call objectsetup
DLLStart 84 0
Search:dll/resultdll.rel
objdll>Link DLL:dll/resultdll.rel
Rest Memory 4aeec0
===== DLL Module Info dump ====
                   ID:0x00000001
             LinkPrev:0x00000000
             LinkNext:0x00000000
          Section num:14
Section info tbl ofst:0x00000048
           nameOffset:0x00000000
             nameSize:51
              version:0x00000002
===============================
==== DLL Module Header dump ====
          bss Size:0x00001adc
        rel Offset:0x0000a038
        imp Offset:0x0000fa50
    prolog Section:1
    epilog Section:1
unresolved Section:0
       prolog func:0x00000000
       epilog func:0x00000054
   unresolved func:0x00000000
================================
objdll>LinkOK 0225e578 00a28f70
objdll> dll/resultdll.rel prolog start
******* RESULT ObjectSetup *********
objman>InitObjMan start
objman>InitObjMan end
Rest Memory 5395a0
objdll> dll/resultdll.rel prolog end
objman>ObjectSetup end
DLL DBG OUT
data num 6f0000
Rest Memory 498d80
ARAM data num 70000
Rest Memory 420c20
#########SE Entry Error<SE 23:ErrorNo -110>
#########SE Entry Error<SE 9:ErrorNo -110>
#########SE Entry Error<SE 293:ErrorNo -110>
#########SE Entry Error<SE 27:ErrorNo -110>
ARAM data num 860020
port> CARD: cannot write $HOME/ab-linear.raw (No such file or directory); this session's saves are in memory only
port> CARD: cannot write $HOME/ab-linear.raw (No such file or directory); this session's saves are in memory only
objman>Ovl Return 1=3(1)
OvlKill 1
objdll>omDLLNumEnd 84 1
Search:dll/resultdll.rel
+++++++++++ Find0: dll/resultdll.rel
objdll>omDLLEnd 0 1
objdll>End DLL:dll/resultdll.rel
odjdll>Unlink DLL:dll/resultdll.rel
objdll>Unlink DLL epilog
objdll>Unlink DLL epilog finish
objdll>End DLL finish
objman>Destory ObjMan
++++++++++++++++++++ Start New OVL 89 (EVT:0 STAT:0x00000000) ++++++++++++++++++
======== HuMem heap dump 0224c018 ========
MCB-----+Size----+MG+FL+Prev----+Next----+UNum----+Body----+Call----
0224c018 0000a020 a5 01 0239f7f8 02256038 ffffff00 0224c038 0000809c
02256038 000081c0 a5 01 0224c018 0225e1f8 ffffff00 02256058 0003bf88
0225e1f8 00024600 cd 00 02256038 022827f8 ffffff00 0225e218 0003c8d8
022827f8 00000260 a5 01 0225e1f8 02282a58 ffffff00 02282818 000088d4
02282a58 00000260 a5 01 022827f8 02282cb8 ffffff00 02282a78 000088d4
02282cb8 000002c0 a5 01 02282a58 02282f78 ffffff00 02282cd8 000088d4
02282f78 000008c0 cd 00 02282cb8 02283838 10000000 02282f98 0002535c
02283838 00000100 a5 01 02282f78 02283938 ffffff00 02283858 00036f6c
02283938 00000400 a5 01 02283838 02283d38 ffffff00 02283958 00036fbc
02283d38 00000400 a5 01 02283938 02284138 ffffff00 02283d58 00037008
02284138 00000060 a5 01 02283d38 02284198 ffffff00 02284158 00037054
02284198 00000040 a5 01 02284138 022841d8 ffffff00 022841b8 000370a0
022841d8 0010d640 cd 00 02284198 02391818 ffffff00 022841f8 0003c8d8
02391818 00002100 a5 01 022841d8 02393918 ffffff00 02391838 000088d4
02393918 00000f80 a5 01 02391818 02394898 ffffff00 02393938 000088d4
02394898 000041c0 a5 01 02393918 02398a58 ffffff00 023948b8 000088d4
02398a58 000041c0 a5 01 02394898 0239cc18 ffffff00 02398a78 000088d4
0239cc18 00002be0 a5 01 02398a58 0239f7f8 ffffff00 0239cc38 000088d4
0239f7f8 000ec820 cd 00 0239cc18 0224c018 ffffff00 0239f818 0003c8d8
MCB:19(15/4) MEM:00240000(000212e0/0021ed20)
======== HuMem heap dump 0224c018 end =====
======== HuMem heap dump 025cc030 ========
MCB-----+Size----+MG+FL+Prev----+Next----+UNum----+Body----+Call----
025cc030 00a80000 cd 00 025cc030 025cc030 10000000 025cc050 00038c18
MCB:1(0/1) MEM:00a80000(00000000/00a80000)
======== HuMem heap dump 025cc030 end =====
======== HuMem heap dump 0304c03c ========
MCB-----+Size----+MG+FL+Prev----+Next----+UNum----+Body----+Call----
0304c03c 0015f3e0 a5 01 031ab41c 031ab41c ffffff00 0304c05c 000103a0
031ab41c 00420c20 cd 00 0304c03c 0304c03c 10000000 031ab43c 0000f798
MCB:2(1/1) MEM:00580000(0015f3e0/00420c20)
======== HuMem heap dump 0304c03c end =====
objman>Used Memory Size:000212e0
objman>Used Memory Cnt:15
objman>Init esp
objman>Call objectsetup
SOUND ##########################
0
GroupSet 9
***********GroupSet Error 0
##########################
DLLStart 89 0
Search:dll/w01dll.rel
objdll>Link DLL:dll/w01dll.rel
Rest Memory 420c20
port> w01dll: dlclose did not unload it; zeroed 2186 bytes of bss by hand
===== DLL Module Info dump ====
                   ID:0x00000001
             LinkPrev:0x00000000
             LinkNext:0x00000000
          Section num:16
Section info tbl ofst:0x00000048
           nameOffset:0x00000000
             nameSize:45
              version:0x00000002
===============================
==== DLL Module Header dump ====
          bss Size:0x0000081c
        rel Offset:0x00012e34
        imp Offset:0x0001f174
    prolog Section:1
    epilog Section:1
unresolved Section:0
       prolog func:0x00000030
       epilog func:0x00000094
   unresolved func:0x00000000
================================
objdll>LinkOK 0225e578 00a28be0
objdll> dll/w01dll.rel prolog start
objman>InitObjMan start
objman>InitObjMan end
objdll> dll/w01dll.rel prolog end
objman>ObjectSetup end
DLL DBG OUT
Rest Memory 37b3c0
Rest Memory 334960
data num 5e0000
Rest Memory 31dea0
ARAM data num 120006
data num 6c0000
Rest Memory 302e20
data num 190000
Rest Memory 322ae0
data num 890000
Rest Memory 31a860
ARAM data num 7001d
data num 50000
Rest Memory 136ce0
data num 90000
Rest Memory 1424a0
#########SE Entry Error<SE 775:ErrorNo -110>
#########SE Entry Error<SE 770:ErrorNo -110>
#########SE Entry Error<SE 768:ErrorNo -110>
#########SE Entry Error<SE 3:ErrorNo -110>
#########SE Entry Error<SE 2:ErrorNo -110>
#########SE Entry Error<SE 782:ErrorNo -110>
#########SE Entry Error<SE 783:ErrorNo -110>
#########SE Entry Error<SE 867:ErrorNo -110>
#########SE Entry Error<SE 848:ErrorNo -110>
#########SE Entry Error<SE 786:ErrorNo -110>
#########SE Entry Error<SE 785:ErrorNo -110>
#########SE Entry Error<SE 770:ErrorNo -110>
#########SE Entry Error<SE 768:ErrorNo -110>
#########SE Entry Error<SE 771:ErrorNo -110>
#########SE Entry Error<SE 780:ErrorNo -110>
#########SE Entry Error<SE 770:ErrorNo -110>
#########SE Entry Error<SE 768:ErrorNo -110>
#########SE Entry Error<SE 771:ErrorNo -110>
#########SE Entry Error<SE 780:ErrorNo -110>
#########SE Entry Error<SE 265:ErrorNo -110>
#########SE Entry Error<SE 769:ErrorNo -110>
#########SE Entry Error<SE 265:ErrorNo -110>
#########SE Entry Error<SE 265:ErrorNo -110>
#########SE Entry Error<SE 1041:ErrorNo -110>
#########SE Entry Error<SE 265:ErrorNo -110>
#########SE Entry Error<SE 265:ErrorNo -110>
#########SE Entry Error<SE 265:ErrorNo -110>
#########SE Entry Error<SE 1040:ErrorNo -110>
#########SE Entry Error<SE 265:ErrorNo -110>
#########SE Entry Error<SE 265:ErrorNo -110>
#########SE Entry Error<SE 265:ErrorNo -110>
#########SE Entry Error<SE 1027:ErrorNo -110>
#########SE Entry Error<SE 265:ErrorNo -110>
#########SE Entry Error<SE 769:ErrorNo -110>
#########SE Entry Error<SE 265:ErrorNo -110>
#########SE Entry Error<SE 265:ErrorNo -110>
#########SE Entry Error<SE 2:ErrorNo -110>
#########SE Entry Error<SE 265:ErrorNo -110>
#########SE Entry Error<SE 769:ErrorNo -110>
#########SE Entry Error<SE 265:ErrorNo -110>
#########SE Entry Error<SE 265:ErrorNo -110>
#########SE Entry Error<SE 769:ErrorNo -110>
#########SE Entry Error<SE 265:ErrorNo -110>
#########SE Entry Error<SE 769:ErrorNo -110>
#########SE Entry Error<SE 265:ErrorNo -110>
#########SE Entry Error<SE 265:ErrorNo -110>
#########SE Entry Error<SE 769:ErrorNo -110>
#########SE Entry Error<SE 265:ErrorNo -110>
#########SE Entry Error<SE 265:ErrorNo -110>
#########SE Entry Error<SE 769:ErrorNo -110>
#########SE Entry Error<SE 265:ErrorNo -110>
#########SE Entry Error<SE 769:ErrorNo -110>
#########SE Entry Error<SE 265:ErrorNo -110>
#########SE Entry Error<SE 265:ErrorNo -110>
#########SE Entry Error<SE 769:ErrorNo -110>
#########SE Entry Error<SE 265:ErrorNo -110>
#########SE Entry Error<SE 769:ErrorNo -110>
#########SE Entry Error<SE 265:ErrorNo -110>
#########SE Entry Error<SE 265:ErrorNo -110>
#########SE Entry Error<SE 769:ErrorNo -110>
#########SE Entry Error<SE 787:ErrorNo -110>
#########SE Entry Error<SE 842:ErrorNo -110>
#########SE Entry Error<SE 832:ErrorNo -110>
#########SE Entry Error<SE 2:ErrorNo -110>
#########SE Entry Error<SE 780:ErrorNo -110>
#########SE Entry Error<SE 833:ErrorNo -110>
#########SE Entry Error<SE 781:ErrorNo -110>
#########SE Entry Error<SE 864:ErrorNo -110>
#########SE Entry Error<SE 290:ErrorNo -110>
#########SE Entry Error<SE 28:ErrorNo -110>
#########SE Entry Error<SE 775:ErrorNo -110>
#########SE Entry Error<SE 770:ErrorNo -110>
#########SE Entry Error<SE 768:ErrorNo -110>
#########SE Entry Error<SE 771:ErrorNo -110>
#########SE Entry Error<SE 780:ErrorNo -110>
#########SE Entry Error<SE 389:ErrorNo -110>
#########SE Entry Error<SE 389:ErrorNo -110>
#########SE Entry Error<SE 769:ErrorNo -110>
#########SE Entry Error<SE 325:ErrorNo -110>
#########SE Entry Error<SE 389:ErrorNo -110>
#########SE Entry Error<SE 325:ErrorNo -110>
#########SE Entry Error<SE 769:ErrorNo -110>
#########SE Entry Error<SE 389:ErrorNo -110>
#########SE Entry Error<SE 389:ErrorNo -110>
#########SE Entry Error<SE 769:ErrorNo -110>
#########SE Entry Error<SE 389:ErrorNo -110>
#########SE Entry Error<SE 389:ErrorNo -110>
#########SE Entry Error<SE 769:ErrorNo -110>
#########SE Entry Error<SE 389:ErrorNo -110>
#########SE Entry Error<SE 389:ErrorNo -110>
#########SE Entry Error<SE 397:ErrorNo -110>
#########SE Entry Error<SE 397:ErrorNo -110>
#########SE Entry Error<SE 1040:ErrorNo -110>
#########SE Entry Error<SE 397:ErrorNo -110>
#########SE Entry Error<SE 397:ErrorNo -110>
#########SE Entry Error<SE 1027:ErrorNo -110>
#########SE Entry Error<SE 389:ErrorNo -110>
#########SE Entry Error<SE 389:ErrorNo -110>
#########SE Entry Error<SE 769:ErrorNo -110>
#########SE Entry Error<SE 389:ErrorNo -110>
#########SE Entry Error<SE 769:ErrorNo -110>
#########SE Entry Error<SE 389:ErrorNo -110>
#########SE Entry Error<SE 389:ErrorNo -110>
#########SE Entry Error<SE 769:ErrorNo -110>
#########SE Entry Error<SE 389:ErrorNo -110>
#########SE Entry Error<SE 389:ErrorNo -110>
#########SE Entry Error<SE 769:ErrorNo -110>
#########SE Entry Error<SE 389:ErrorNo -110>
#########SE Entry Error<SE 769:ErrorNo -110>
#########SE Entry Error<SE 389:ErrorNo -110>
#########SE Entry Error<SE 842:ErrorNo -110>
#########SE Entry Error<SE 778:ErrorNo -110>
#########SE Entry Error<SE 779:ErrorNo -110>
#########SE Entry Error<SE 835:ErrorNo -110>
#########SE Entry Error<SE 419:ErrorNo -110>
#########SE Entry Error<SE 837:ErrorNo -110>
#########SE Entry Error<SE 829:ErrorNo -110>
#########SE Entry Error<SE 410:ErrorNo -110>
#########SE Entry Error<SE 474:ErrorNo -110>
#########SE Entry Error<SE 384:ErrorNo -110>
#########SE Entry Error<SE 448:ErrorNo -110>
#########SE Entry Error<SE 775:ErrorNo -110>
#########SE Entry Error<SE 770:ErrorNo -110>
#########SE Entry Error<SE 768:ErrorNo -110>
#########SE Entry Error<SE 771:ErrorNo -110>
#########SE Entry Error<SE 780:ErrorNo -110>

port> --frames 18000 reached: 18000 retraces in 660.47 s wall (game clock 300.30 s)

---- --perf: 17999 frames ----
  game     mean   7.34  median   8.67  p95   9.68  worst 357.07 ms
  gx       mean  27.60  median  25.29  p95  44.46  worst 140.05 ms
  present  mean   0.00  median   0.00  p95   0.00  worst   0.05 ms
  aud      mean   1.75  median   1.79  p95   3.08  worst  10.92 ms
  frame    mean  36.69  median  36.67  p95  54.22  worst 386.00 ms
  budget   16.68 ms/frame at 59.94 Hz; 15748 of 17999 frames over it (87.5%)
  clocks   game 300.28 s vs wall 660.50 s -- ratio 2.200  (WALL CLOCK IS BEHIND: the gate is hiding an overrun)
  fps      27.3 effective

port> MusyX: 60046 frames of 160 samples mixed (300.23 s of audio) over 17996 retraces
port> audio: first sound at retrace 726; Dolphin's own DSP dump of the same boot starts at 10.95 s = retrace ~656
port> musyx_mix: 60046 frames mixed, 16666 voices started, 11180 voices ended, peak |sample| 32768 (near full scale), 0 clamped ARAM reads, 27 max concurrent voices (of 50 allocated)
port> musyx_mix: resampler linear, depop on; 6018 voice(s) cut mid-frame
port> musyx_mix: --clickstat: 33002 step(s) over half full scale, worst step 48204 (wavstat.py's rule, on the mixed left channel)
port> musyx_mix: --perf: mean 522.4 us/frame, worst 10657.4 us/frame, over 60046 timed frames
port> musyx_aram: region=[0x000000,0x800000) (8388608 bytes) zero_buf=[0x000000,0x000500) initialized=1
port> musyx_aram: sample heap write=0x000500 high_water=0x000500 (0 bytes at peak), stream cursor=0x7ee200
port> musyx_aram: stream buffers active=2 peak=2 of 64 slots
port> musyx_aram: bytes uploaded=1976832 -- rejected: store=0 stream=0 upload=0, remove mismatches=234
port> audio out: 273.42 s queued, 41302 callbacks, peak L 32768 R 32768 (of 32767)
port> audio out: 35540 underrun(s) totalling 387424.0 ms, 26807.0 ms dropped to overrun
port> audio out: (the ring tracks the frame rate: audio is paced by the
port>             retrace, so under 60 fps it starves and under --turbo it
port>             overruns.  --wav is written before the ring and is whole.)
port> OS clock: 12150000000 ticks in 660.91 s = 18.384 MHz (console 40.500)  *** WRONG
port> GX draw: 14566416 primitives, 849661603 vertices, 0 glDrawArrays, 13365883 display lists replayed
port> GX draw: 0 primitive(s) off-world (|position matrix translation| over 10000)

---- GX features the backend degraded (1 distinct) ----
  GXInitSpecularDir: specular is approximated by the diffuse term    80433
port> DVD: 221 reads, 50544122 bytes
port> THP: 3 movie(s) skipped, first movie/opmov_a00.thp
port> CARD: 0 reads, 2 writes, 1 files created, 0 deleted, 0 image flushes, 57 of 59 blocks free
port> REL bundles: 8 loads, 7 unloads, 0 re-entries, 0 modules dlclose would not unload
port> soft-reset watcher: running, body polled 17996 times

---- SDK surface hit at boot: 2 distinct stubs, in first-call order ----
   1  AIRegisterDMACallback                   1
   2  THPInit                                 3
---- 4 stub calls total ----
EXITCODE=0
