Mario Party 4 -- native port, PowerPC Edition 0.9.16 (milestone M47)
port> machine: model PowerMac3,5, 2 CPUs at 1000 MHz, 7450 (G4), AltiVec yes, 1536 MB RAM, Mac OS X 10.5.4
port> machine: GL ATI Technologies Inc. / ATI Radeon 9000 OpenGL Engine / 1.3 ATI-1.5.28, VRAM 64 MB, 6 texture units, max texture 2048
port> machine:   GL_ARB_multitexture                  present  required
port> machine:   GL_ARB_texture_env_combine           present  required
port> machine:   GL_ARB_texture_env_crossbar          present  required
port> machine:   GL_ATI_texture_env_combine3          present  required
port> machine:   GL_EXT_secondary_color               present  required
port> machine:   GL_ARB_vertex_program                present  degraded without
port> machine:   GL_APPLE_vertex_array_range          present  degraded without
port> machine:   GL_APPLE_fence                       present  degraded without
port> machine:   GL_EXT_multi_draw_arrays             present  degraded without
port> machine:   GL_EXT_blend_subtract                present  degraded without
port> machine:   GL_EXT_gpu_program_parameters        present  optional
port> machine:   GL_EXT_fog_coord                     present  optional
port> machine:   GL_EXT_texture_compression_s3tc      present  optional
port> machine:   GL_ARB_depth_texture                 MISSING  optional
port> machine:   GL_ATI_text_fragment_shader          present  not used
port> machine: verdict ok
port> machine:   - every probe within the G4's envelope
port> machine: tier: the reference class (dual 1 GHz G4, 64 MB Radeon 9000 or better), whose promise is 30 fps everywhere: 75 of 82 screens there today (0.9.16, docs/fps-scoreboard.md)
port> machine: applying --resident 256 (1536 MB of RAM; 0 under 768 MB, 128 at 1 GB, 256 at 1.5 GB+, 584 MB kept for the OS and the game)
port> machine: the roulette prefetch is on (every machine; --noprefetch)
port> machine: coroutine stacks x2 over the game's sizes (the default since M31; --stackmul N)
port> DVD: disc image /Users/zach/MarioParty4/mp4.nkit.iso, 357 files in the FST
port> GL: ATI Radeon 9000 OpenGL Engine / 1.3 ATI-1.5.28, 6 texture units
port> GL feature set used: combine3 1, crossbar 1, s3tc 1, blend_subtract 1, depth_texture 0, text_fragment_shader 1, 6 units
---- vprog probe ----
GL_ARB_vertex_program                     present
MAX_PROGRAM_INSTRUCTIONS            262144
MAX_PROGRAM_NATIVE_INSTRUCTIONS        128
MAX_PROGRAM_PARAMETERS                1024
MAX_PROGRAM_NATIVE_PARAMETERS          192
MAX_PROGRAM_TEMPORARIES              65535
MAX_PROGRAM_NATIVE_TEMPORARIES          12
MAX_PROGRAM_ATTRIBS                     32
MAX_PROGRAM_NATIVE_ATTRIBS              16
MAX_PROGRAM_ADDRESS_REGISTERS            2
MAX_PROGRAM_ENV_PARAMETERS             256
MAX_PROGRAM_LOCAL_PARAMETERS          1024
GL_EXT_gpu_program_parameters       present (one call per palette upload)
trivial program            loaded, 6 instructions (6 native), under native limits: YES
palette program (ARL)      loaded, 10 instructions (15 native), under native limits: YES
matrix palette             18 slots of 6 params from env[82]
---- end vprog probe ----
port> cpu: 2 cores (hw.ncpu); workers ON
port> loader: prefetch on (a thread); resident set 256 MB: 73 of the list's 73 files fit (103.1 of 103.1 MB), filling on the thread
port> vertex ring: 8192 KB in 4 chunks (+8192 KB static-geometry cache), vertex_array_range on, multi_draw_arrays yes
port> render thread: on, overlapped (the join at the gate) (--renderthread 3); stream 16384 KB
port> render thread: the display-list decode split per drawn frame between the two threads (auto, M33) (--rtdecode 3)
port> options: Mario Party 4 PowerPC Edition 0.9.16 (M47), the effective options
port> options: machine       ok: PowerMac3,5, 2 x 1000 MHz 7450 (G4), 1536 MB RAM, ATI Radeon 9000 OpenGL Engine, 64 MB VRAM, 6 units, OS 10.5.4
port> options: disc image    /Users/zach/MarioParty4/mp4.nkit.iso
port> options: data folder   /Users/zach/Library/Application Support/MarioParty4  (card image, config, log)
port> options: log           (stdout only)
port> options: fullscreen    0  (--noconfig: not remembered)
port> options: cores         2; workers on (--threads -1); render thread mode 3 (--renderthread -1: 0 direct, 1 inline twin, 2 joined, 3 overlapped); decode on it 3 (--rtdecode; 3 = auto)
port> options: pacing        lockstep (deterministic clock); stack multiplier x2; texture budget 40 MB; resampler linear, depop on
port> options: loading       roulette prefetch on (--noprefetch); resident set 256 MB (--resident MB; the machine check's rule by the installed RAM)
port> options: every field of PortOptions (0/NULL = off or unset):
port> options:   image=/Users/zach/MarioParty4/mp4.nkit.iso  log=NULL  gxlog=0  deterministic=1  
port> options:   stub_trace=0  max_frames=20000  turbo=0  watchdog=0  verbose=0  reldir=NULL  gxdemo=0  
port> options:   reltest=0  memmap=0  guardtest=NULL  relzerobss=0  nodatareset=0  noaudio=0  glcheck=0  
port> options:   glinfo=0  seed=3838914000000000  perf=1  gxsplit=0  drawlog=0  dumptex=0  texhash_full=0  
port> options:   gxwarn=0  headless=0  dumpframe=NULL  
port> options:   shotdir=/Users/zach/m48/L-m427-@m48i,--texmtxlog,36  scale=0  drawlog_frame=0  nocard=0  
port> options:   reldlclose=0  nopad=0  pad_debug=0  kbport=0  pad_play=board-start-com4.play  
port> options:   pad_record=NULL  scenelog=NULL  ovllog=1  nanwatch=0  wav=NULL  mute=0  audiolog=0  
port> options:   rtc=1041472800  rtc_set=1  rtc_seen=1  rtc_offset=0  card=NULL  freshcard=1  
port> options:   minigame=m427  com4=1  cast=NULL  dvdheap=0  turns=1  status=1  stuckwatch=0  soak=0  
port> options:   depop=1  resample4=0  clickstat=0  dlcache=0  vcache=3  vcache_mb=8  vcache_fit=28  
port> options:   vcache_vbo=0  cardwait=0  synclog=0  noaicb=0  olddecode=0  perfwin=NULL  nodraw=1  
port> options:   ffto=14000  ffto_warm=1  snap_every=0  snap_keep=3  snap_dir=NULL  restore=NULL  
port> options:   snap_now=0  snapdiff=0  vprobe=0  cpuxf=0  vprogstats=0  vproglog=0  oldtev=0  
port> options:   tevstats=0  oldnulltev=0  tlutlog=0  oldsubmit=0  novar=0  batchmax=0  segrebase=0  
port> options:   gltrace=0  endlog=NULL  nomerge=0  nomultidraw=0  noindexed=1  nohilite=0  noenvbulk=0  
port> options:   nofixbase=0  submitstats=0  nohilitetex=0  nocopyhalf=0  copylog=0  noefbflip=0  
port> options:   oldfirsthash=0  norekey=0  dumpcopy=0  notint=0  tintlog=0  texdecodelog=0  threads=-1  
port> options:   nomixthread=0  renderthread=-1  rtsplit=0  rtgate_ms=4  stackmul=2  rtdecode=-1  
port> options:   rtauto_fit_ms=30  rtauto_max=0.75  fake_machine=NULL  machinecheck=0  force=0  
port> options:   mgdump=300,1200  mgend=1300  viewtexgen=0  nrmfrac0=0  vtxdivide=0  mghold=0  
port> options:   fullscreen=0  fullscreen_set=0  noconfig=1  print_defaults=0  print_keys=0  
port> options:   texbudget_set=0  predecode=0  predecodelog=0  regfix2dbg=0  lazyflush=0  premerge_max=0  
port> options:   cmpmask=8191  oldkonst=0  tfs=0  tfsprobe=0  tfslog=0  tfsdbg=0  tfsnorebind=0  
port> options:   tfscopycpu=0  tfssqcopy=0  tfsmtx=0  tfsforcebind=0  tfsenvreset=0  tfsdump=0  tfsall=0  
port> options:   oldspec0=0  nolitalpha=0  oldczero=0  clrasclr=0  nohoistmtx=0  nofastconcat=0  
port> options:   nostripes=0  nounitmemo=0  norotmemo=0  nopacklights=0  nofastsin=0  nomtxmemo=0  
port> options:   norotl=0  nowb=0  notexskip=0  nostripepool=0  giveitem=NULL  waterlook=1  pondlook=0  
port> options:   pondmix=0  wavegain=0  rgbcopy=0  novcposoff=1  nowaterpt=0  affinetex=0  halfwatch=0  
port> options:   presentdump=NULL  motlog=0  nolights=0  nopendlast=0  noskindecode=1  skinverify=0  
port> options:   oldvcskin=1  fullskinsig=0  noskindcbz=0  skinfree=0  oldwake=0  skinround=0  skinvec=0  
port> options:   dcbtdist=1  keytest=NULL  oldscissor=0  readbacktest=0  nodcbz=0  novpgen=0  
port> options:   notevdirty=0  noattrmemo=0  nowordhash=0  water=-1  watergrid=1  norastermemo=0  
port> options:   novcpos=0  wbpart=1  oldvtxjoin=0  rtgx=0  rtgx_fit=29  texmtxlog=36  maxbatchverts=0  
port> options:   skinreadwatch=0  nocompiled=1  compiled_mode=1  nocompiledpf=0  compiled_mb=8  glists=0  
port> options:   glists_mb=8  pmc=0  nomotionexec=0  nodirtyfilter=0  nodirty=0  oldakonst=0  mdposonly=0  
port> options:   mdmax=0  nospot=0  oldfog=0  noregchain=0  nocarry=0  forceobj=NULL  forceobj_flags=0  
port> options:   skipobj=NULL  zprepass=1  probeverts=0  skipverts=0  probeobj=NULL  nolinewidth=0  
port> options:   noregfix=0  realtime=0  lockstep=1  maxskip=0  
port> options:   perfdump=/Users/zach/m48/L-m427-@m48i,--texmtxlog,36.csv  mpgl=0  olddecode2=0  
port> options:   altivec=0  nodcbt=0  olddecode3=0  decodestats=0  audiolead_set=0  audiolead=100  
port> options:   cpuskin=0  palette=0  nopalette=0  skinstats=0  palsize=0  palnoarl=0  palnofog=0  
port> options:   noskinlifetime=0  restore_lax=0  skindeferall=0  mixtrace=NULL  mixcheck=0  nosincos=0  
port> options:   snapsync=0  nomatwalk=0  nocurvememo=1  nosparsemtx=0  nofastsqrt=1  nodraw_user=0  
port> options:   noprefetch=0  resident=256  dvdlog=0  nomovies=1  thpyuv=0  gotoovl=NULL  board=0  
port> options:   boardcycle=0  boarddump=NULL  foldxbar=0  foldcap=0  thplog=0  nothpslice=0  
port> options:   thpguard_set=0  thpguard=60  
port> audio: 32000 Hz, 2 ch, 512-frame buffer, 256 KB ring (2048 ms)
port> --minigame m427: parking the roulette on m427dll (mg 427, type 2)
port> --com4: all four players are CPU; instDll will dismiss its own instruction screen (src/REL/instDll/main.c:294)
port> --nodraw: the GX command streams are consumed and nothing is drawn
port> --ffto 14000: drawing is off until frame 14000 (warm-up 1)
port> frame mode: lockstep (--lockstep)
port> entering the game's own main()

port> OSInit: MEM1 24 MB [0x3970000, 0x5170000), ARAM 16 MB, bus 162 MHz
port> OSInit: RTC pinned to 1041472800 (2003-01-02T02:00:00Z), OSGetTime origin 3838914000000000 ticks
port> DVDInit
port> VIInit
port> controls: a scripted run (--play/--record/--soak/--noconfig/--com4/--nopad): PowerPCube's controls file and gamecontrollerdb.txt are not read
port> PADInit: controller 1 = keyboard
port> PADInit: rumble not available on controller 1
port> PADInit: controllers 2-4 unplugged (reference config: CPU players)
port> pad: --play: board-start-com4.play -> /Users/zach/mp4-m48i.app/Contents/Resources/movies/board-start-com4.play
port> pad: --play board-start-com4.play: 460 directives, 0 marks
port> OSCreateHeap 0: 0x3a9c000..0x5170000 (23375 KB)
port> VIConfigure: 640x480 xfb, 640x480 efb, tv mode 0
port> GXInit: FIFO 0x3a9c00c, 1048576 bytes (the port keeps no FIFO; the write-gather writers are ordinary calls under TARGET_PC)
port> frame 1: overlay 0 (next 0) event 0
port> loader: list sound/mpgcsnd.msm 36823392 bytes in 408 ms, resident (asked at frame 0, done at 1)
port> roulette: frame 1 dealt mg 401 (m401dll, type 0)  -- overridden by --minigame
port> OSCreateThread 0x259448 func 0x421cc (the soft-reset watcher; polled once per retrace, not run on a thread)
HuMem> left memory space 2383KB(2441120)
port> ARInit: 16 MB of ARAM
port> MusyX SAL: 32000 Hz, 4 x 640-byte AI buffers (20 ms), 32-sample sub-frame
port> musyx_mix: CPU mixer up, 50 voices, 1 studios, 32000 Hz
port> MusyX SAL: mixing started
port> musyx_aram: region [0x000000, 0x800000) zero_buf [0x000000, 0x000500) sample heap starts at 0x000500
port> AI: DMA callback registered (one call per 160-sample DSP frame)
port> CARD: --freshcard with no --card: using the scratch image /Users/zach/Library/Application Support/MarioParty4/scratch-slot-a.raw
            rather than formatting the save file next to it
port> CARD: slot A = /Users/zach/Library/Application Support/MarioParty4/scratch-slot-a.raw (--freshcard: formatted, 59 free blocks)
port> workers: the game thread's FPSCR control bits are 0x00 at job 0 (NI 0, RN 0)
DLL DBG OUT
objman>Call New Ovl 1(1)
port> frame 2: overlay -1 (next 1) event 0
++++++++++++++++++++ Start New OVL 1 (EVT:0 STAT:0x00000000) ++++++++++++++++++
======== HuMem heap dump 03b9c018 ========
MCB-----+Size----+MG+FL+Prev----+Next----+UNum----+Body----+Call----
03b9c018 0000a020 a5 01 03baa1f8 03ba6038 ffffff00 03b9c038 00008984
03ba6038 000041c0 a5 01 03b9c018 03baa1f8 ffffff00 03ba6058 0003c618
03baa1f8 00231e20 cd 00 03ba6038 03b9c018 00000000 03baa218 0003c618
MCB:3(2/1) MEM:00240000(0000e1e0/00231e20)
======== HuMem heap dump 03b9c018 end =====
======== HuMem heap dump 03f1c030 ========
MCB-----+Size----+MG+FL+Prev----+Next----+UNum----+Body----+Call----
03f1c030 00a80000 cd 00 03f1c030 03f1c030 ffffff00 03f1c050 cdcdcdcd
MCB:1(0/1) MEM:00a80000(00000000/00a80000)
======== HuMem heap dump 03f1c030 end =====
======== HuMem heap dump 0499c03c ========
MCB-----+Size----+MG+FL+Prev----+Next----+UNum----+Body----+Call----
0499c03c 00580000 cd 00 0499c03c 0499c03c ffffff00 0499c05c cdcdcdcd
MCB:1(0/1) MEM:00580000(00000000/00580000)
======== HuMem heap dump 0499c03c end =====
objman>Used Memory Size:0000e1e0
objman>Used Memory Cnt:2
objman>Init esp
objman>Call objectsetup
DLLStart 1 0
Search:dll/bootdll.rel
objdll>Link DLL:dll/bootdll.rel
Rest Memory 580000
port> REL bundles: 99 in /Users/zach/mp4-m48i.app/Contents/MacOS/rels
===== DLL Module Info dump ====
                   ID:0x00000001
             LinkPrev:0x00000000
             LinkNext:0x00000000
          Section num:14
Section info tbl ofst:0x00000048
           nameOffset:0x00000000
             nameSize:47
              version:0x00000002
===============================
==== DLL Module Header dump ====
          bss Size:0x0000005c
        rel Offset:0x00005c9d
        imp Offset:0x00007a4d
    prolog Section:1
    epilog Section:1
unresolved Section:0
       prolog func:0x00000000
       epilog func:0x00000054
   unresolved func:0x00000000
================================
objdll>LinkOK 03baa578 30100000
objdll> dll/bootdll.rel prolog start
******* Boot ObjectSetup *********
objman>InitObjMan start
objman>InitObjMan end
objdll> dll/bootdll.rel prolog end
objman>ObjectSetup end
port> frame 3: overlay 1 (next -1) event 0
DLL DBG OUT
Rest Memory 57d540
ARAM Trans 808000
Rest Memory 55d020
ARAM Trans 80aaa0
Rest Memory 506400
ARAM Trans 82da60
Rest Memory 564f40
ARAM Trans 8a7640
Rest Memory 5395a0
data num 74000b
port> dvdheap: 3733270 bytes mode 1 num 10000000  caller 0x11068  caller2 0xec0c
Rest Memory 1f08c0
port> status f60      bootdll      board 0 turn 0/1  mg 427 (m427dll)  coins/stars 0/0c 0/0c 0/0c 0/0c  aud 0.01 ms  0.0 fps
port> status f120     bootdll      board 0 turn 0/1  mg 427 (m427dll)  coins/stars 0/0c 0/0c 0/0c 0/0c  aud 0.01 ms  1483.9 fps
port> status f180     bootdll      board 0 turn 0/1  mg 427 (m427dll)  coins/stars 0/0c 0/0c 0/0c 0/0c  aud 0.00 ms  2040.4 fps
port> status f240     bootdll      board 0 turn 0/1  mg 427 (m427dll)  coins/stars 0/0c 0/0c 0/0c 0/0c  aud 0.01 ms  1674.3 fps
port> status f300     bootdll      board 0 turn 0/1  mg 427 (m427dll)  coins/stars 0/0c 0/0c 0/0c 0/0c  aud 0.01 ms  3462.4 fps
port> status f360     bootdll      board 0 turn 0/1  mg 427 (m427dll)  coins/stars 0/0c 0/0c 0/0c 0/0c  aud 0.01 ms  1040.2 fps
port> status f420     bootdll      board 0 turn 0/1  mg 427 (m427dll)  coins/stars 0/0c 0/0c 0/0c 0/0c  aud 0.05 ms  2335.8 fps
port> status f480     bootdll      board 0 turn 0/1  mg 427 (m427dll)  coins/stars 0/0c 0/0c 0/0c 0/0c  aud 0.01 ms  3650.4 fps
port> status f540     bootdll      board 0 turn 0/1  mg 427 (m427dll)  coins/stars 0/0c 0/0c 0/0c 0/0c  aud 0.01 ms  3766.7 fps
0
GroupSet 0
***********GroupSet Error 0
port> status f600     bootdll      board 0 turn 0/1  mg 427 (m427dll)  coins/stars 0/0c 0/0c 0/0c 0/0c  aud 0.02 ms  2276.5 fps
port> THP: movie/opmov_a00.thp skipped (--nomovies)
port> HuSprBegin: group 3 slot 0 names sprite 7, which is not a live sprite (data 0x0, attr 0010, data NULL) -- dropped [1/32]
port> HuSprBegin: audit: group 4 slot 0 sprite 8 bg 0x42764d0 fails counts -- drawn anyway [1/32]
port> HuSprBegin: audit: group 4 slot 0 sprite 8 bg 0x42764d0 fails counts -- drawn anyway [2/32]
port> HuSprBegin: audit: group 4 slot 0 sprite 8 bg 0x42764d0 fails counts -- drawn anyway [3/32]
port> HuSprBegin: audit: group 4 slot 0 sprite 8 bg 0x42764d0 fails counts -- drawn anyway [4/32]
port> HuSprBegin: audit: group 4 slot 0 sprite 8 bg 0x42764d0 fails counts -- drawn anyway [5/32]
port> HuSprBegin: audit: group 4 slot 0 sprite 8 bg 0x42764d0 fails counts -- drawn anyway [6/32]
port> HuSprBegin: audit: group 4 slot 0 sprite 8 bg 0x42764d0 fails counts -- drawn anyway [7/32]
port> HuSprBegin: audit: group 4 slot 0 sprite 8 bg 0x42764d0 fails counts -- drawn anyway [8/32]
port> HuSprBegin: audit: group 4 slot 0 sprite 8 bg 0x42764d0 fails counts -- drawn anyway [9/32]
port> HuSprBegin: audit: group 4 slot 0 sprite 8 bg 0x42764d0 fails counts -- drawn anyway [10/32]
port> HuSprBegin: audit: group 4 slot 0 sprite 8 bg 0x42764d0 fails counts -- drawn anyway [11/32]
port> HuSprBegin: audit: group 4 slot 0 sprite 8 bg 0x42764d0 fails counts -- drawn anyway [12/32]
port> HuSprBegin: audit: group 4 slot 0 sprite 8 bg 0x42764d0 fails counts -- drawn anyway [13/32]
port> HuSprBegin: audit: group 4 slot 0 sprite 8 bg 0x42764d0 fails counts -- drawn anyway [14/32]
port> HuSprBegin: audit: group 4 slot 0 sprite 8 bg 0x42764d0 fails counts -- drawn anyway [15/32]
port> HuSprBegin: audit: group 4 slot 0 sprite 8 bg 0x42764d0 fails counts -- drawn anyway [16/32]
port> HuSprBegin: audit: group 4 slot 0 sprite 8 bg 0x42764d0 fails counts -- drawn anyway [17/32]
port> HuSprBegin: audit: group 4 slot 0 sprite 8 bg 0x42764d0 fails counts -- drawn anyway [18/32]
port> HuSprBegin: audit: group 4 slot 0 sprite 8 bg 0x42764d0 fails counts -- drawn anyway [19/32]
port> HuSprBegin: audit: group 4 slot 0 sprite 8 bg 0x42764d0 fails counts -- drawn anyway [20/32]
port> HuSprBegin: audit: group 4 slot 0 sprite 8 bg 0x42764d0 fails counts -- drawn anyway [21/32]
port> HuSprBegin: audit: group 4 slot 0 sprite 8 bg 0x42764d0 fails counts -- drawn anyway [22/32]
port> HuSprBegin: audit: group 4 slot 0 sprite 8 bg 0x42764d0 fails counts -- drawn anyway [23/32]
port> HuSprBegin: audit: group 4 slot 0 sprite 8 bg 0x42764d0 fails counts -- drawn anyway [24/32]
port> HuSprBegin: audit: group 4 slot 0 sprite 8 bg 0x42764d0 fails counts -- drawn anyway [25/32]
port> HuSprBegin: audit: group 4 slot 0 sprite 8 bg 0x42764d0 fails counts -- drawn anyway [26/32]
port> HuSprBegin: audit: group 4 slot 0 sprite 8 bg 0x42764d0 fails counts -- drawn anyway [27/32]
port> HuSprBegin: audit: group 4 slot 0 sprite 8 bg 0x42764d0 fails counts -- drawn anyway [28/32]
port> HuSprBegin: audit: group 4 slot 0 sprite 8 bg 0x42764d0 fails counts -- drawn anyway [29/32]
port> HuSprBegin: audit: group 4 slot 0 sprite 8 bg 0x42764d0 fails counts -- drawn anyway [30/32]
port> HuSprBegin: audit: group 4 slot 0 sprite 8 bg 0x42764d0 fails counts -- drawn anyway [31/32]
port> HuSprBegin: audit: group 4 slot 0 sprite 8 bg 0x42764d0 fails counts -- drawn anyway [32/32]
port> status f660     bootdll      board 0 turn 0/1  mg 427 (m427dll)  coins/stars 0/0c 0/0c 0/0c 0/0c  aud 0.01 ms  2681.0 fps
port> status f720     bootdll      board 0 turn 0/1  mg 427 (m427dll)  coins/stars 0/0c 0/0c 0/0c 0/0c  aud 0.01 ms  3475.8 fps
>>>>>>>>MSM_SE_SEL_01 0
>>>>>>>>SE Num 0
port> audio: first non-silent sample at retrace 726 (12.03 s of mixed audio)
port> status f780     bootdll      board 0 turn 0/1  mg 427 (m427dll)  coins/stars 0/0c 0/0c 0/0c 0/0c  aud 0.04 ms  991.3 fps
port> status f840     bootdll      board 0 turn 0/1  mg 427 (m427dll)  coins/stars 0/0c 0/0c 0/0c 0/0c  aud 0.04 ms  932.9 fps
objman>Call New Ovl 74(1)
OvlKill 1
objdll>omDLLNumEnd 1 1
Search:dll/bootdll.rel
+++++++++++ Find0: dll/bootdll.rel
objdll>omDLLEnd 0 1
objdll>End DLL:dll/bootdll.rel
odjdll>Unlink DLL:dll/bootdll.rel
objdll>Unlink DLL epilog
objdll>Unlink DLL epilog finish
objdll>End DLL finish
port> frame 877: overlay -1 (next 74) event 0
objman>Destory ObjMan
++++++++++++++++++++ Start New OVL 74 (EVT:0 STAT:0x00000000) ++++++++++++++++++
======== HuMem heap dump 03b9c018 ========
MCB-----+Size----+MG+FL+Prev----+Next----+UNum----+Body----+Call----
03b9c018 0000a020 a5 01 03bc21d8 03ba6038 ffffff00 03b9c038 00008984
03ba6038 000041c0 a5 01 03b9c018 03baa1f8 ffffff00 03ba6058 0003c618
03baa1f8 00017640 cd 00 03ba6038 03bc1838 ffffff00 03baa218 0003cf4c
03bc1838 00000100 a5 01 03baa1f8 03bc1938 ffffff00 03bc1858 0003769c
03bc1938 00000400 a5 01 03bc1838 03bc1d38 ffffff00 03bc1958 000376ec
03bc1d38 00000400 a5 01 03bc1938 03bc2138 ffffff00 03bc1d58 00037738
03bc2138 00000060 a5 01 03bc1d38 03bc2198 ffffff00 03bc2158 00037784
03bc2198 00000040 a5 01 03bc2138 03bc21d8 ffffff00 03bc21b8 000377d0
03bc21d8 00219e40 cd 00 03bc2198 03b9c018 ffffff00 03bc21f8 0003cf4c
MCB:9(7/2) MEM:00240000(0000eb80/00231480)
======== HuMem heap dump 03b9c018 end =====
======== HuMem heap dump 03f1c030 ========
MCB-----+Size----+MG+FL+Prev----+Next----+UNum----+Body----+Call----
03f1c030 00a80000 cd 00 03f1c030 03f1c030 ffffff00 03f1c050 00040124
MCB:1(0/1) MEM:00a80000(00000000/00a80000)
======== HuMem heap dump 03f1c030 end =====
======== HuMem heap dump 0499c03c ========
MCB-----+Size----+MG+FL+Prev----+Next----+UNum----+Body----+Call----
0499c03c 00580000 cd 00 0499c03c 0499c03c 10000000 0499c05c 0000ffd4
MCB:1(0/1) MEM:00580000(00000000/00580000)
======== HuMem heap dump 0499c03c end =====
objman>Used Memory Size:0000eb80
objman>Used Memory Cnt:7
objman>Init esp
objman>Call objectsetup
############CharGrpSet
Del Group OK
SOUND ##########################
500
Timed Out! Mus 0:SE 1
GroupSet 0
***********GroupSet Error 0
Change AUX 0,1
##########################
DLLStart 74 0
Search:dll/modeseldll.rel
objdll>Link DLL:dll/modeseldll.rel
Rest Memory 580000
===== DLL Module Info dump ====
                   ID:0x00000001
             LinkPrev:0x00000000
             LinkNext:0x00000000
          Section num:15
Section info tbl ofst:0x00000048
           nameOffset:0x00000000
             nameSize:53
              version:0x00000002
===============================
==== DLL Module Header dump ====
          bss Size:0x000001ca
        rel Offset:0x0000d154
        imp Offset:0x0001664c
    prolog Section:1
    epilog Section:1
unresolved Section:0
       prolog func:0x00000000
       epilog func:0x00000054
   unresolved func:0x00000000
================================
objdll>LinkOK 03baa578 34700000
objdll> dll/modeseldll.rel prolog start
******* MS ObjectSetup *********
objman>InitObjMan start
objman>InitObjMan end
Rest Memory 5395a0
objdll> dll/modeseldll.rel prolog end
objman>ObjectSetup end
port> frame 879: overlay 74 (next -1) event 0
DLL DBG OUT
data num 630000
port> dvdheap: 1303268 bytes mode 1 num 10000000  caller 0x11068  caller2 0xec0c
Rest Memory 441ce0
port> status f900     modeseldll   board 0 turn 0/1  mg 427 (m427dll)  coins/stars 0/0c 0/0c 0/0c 0/0c  aud 0.09 ms  374.6 fps
port> status f960     modeseldll   board 0 turn 0/1  mg 427 (m427dll)  coins/stars 0/0c 0/0c 0/0c 0/0c  aud 0.13 ms  1015.7 fps
port> status f1020    modeseldll   board 0 turn 0/1  mg 427 (m427dll)  coins/stars 0/0c 0/0c 0/0c 0/0c  aud 0.19 ms  719.2 fps
port> status f1080    modeseldll   board 0 turn 0/1  mg 427 (m427dll)  coins/stars 0/0c 0/0c 0/0c 0/0c  aud 0.20 ms  658.5 fps
port> status f1140    modeseldll   board 0 turn 0/1  mg 427 (m427dll)  coins/stars 0/0c 0/0c 0/0c 0/0c  aud 0.21 ms  646.0 fps
port> status f1200    modeseldll   board 0 turn 0/1  mg 427 (m427dll)  coins/stars 0/0c 0/0c 0/0c 0/0c  aud 0.21 ms  633.8 fps
Init
port> status f1260    modeseldll   board 0 turn 0/1  mg 427 (m427dll)  coins/stars 0/0c 0/0c 0/0c 0/0c  aud 0.19 ms  649.6 fps
ARAM data num 86001f
port> status f1320    modeseldll   board 0 turn 0/1  mg 427 (m427dll)  coins/stars 0/0c 0/0c 0/0c 0/0c  aud 0.31 ms  468.5 fps
port> CARD: created "MARIPA4BOX0", 16384 bytes (2 blocks)
port> status f1380    modeseldll   board 0 turn 0/1  mg 427 (m427dll)  coins/stars 0/0c 0/0c 0/0c 0/0c  aud 0.24 ms  476.8 fps
port> THP: movie/opmov_s00.thp skipped (--nomovies)
port> HuSprBegin: group 1 slot 0 names sprite 12, which is not a live sprite (data 0x0, attr 0010, data NULL) -- dropped [2/32]
port> status f1440    modeseldll   board 0 turn 0/1  mg 427 (m427dll)  coins/stars 0/0c 0/0c 0/0c 0/0c  aud 0.19 ms  676.5 fps
port> status f1500    modeseldll   board 0 turn 0/1  mg 427 (m427dll)  coins/stars 0/0c 0/0c 0/0c 0/0c  aud 0.23 ms  571.1 fps
port> status f1560    modeseldll   board 0 turn 0/1  mg 427 (m427dll)  coins/stars 0/0c 0/0c 0/0c 0/0c  aud 0.18 ms  696.5 fps
port> status f1620    modeseldll   board 0 turn 0/1  mg 427 (m427dll)  coins/stars 0/0c 0/0c 0/0c 0/0c  aud 0.25 ms  544.7 fps
port> status f1680    modeseldll   board 0 turn 0/1  mg 427 (m427dll)  coins/stars 0/0c 0/0c 0/0c 0/0c  aud 0.22 ms  571.2 fps
port> status f1740    modeseldll   board 0 turn 0/1  mg 427 (m427dll)  coins/stars 0/0c 0/0c 0/0c 0/0c  aud 0.23 ms  560.0 fps
port> THP: movie/opmov_c00.thp skipped (--nomovies)
port> HuSprBegin: group 2 slot 0 names sprite 14, which is not a live sprite (data 0x0, attr 0010, data NULL) -- dropped [3/32]
port> status f1800    modeseldll   board 0 turn 0/1  mg 427 (m427dll)  coins/stars 0/0c 0/0c 0/0c 0/0c  aud 0.20 ms  589.5 fps
port> status f1860    modeseldll   board 0 turn 0/1  mg 427 (m427dll)  coins/stars 0/0c 0/0c 0/0c 0/0c  aud 0.01 ms  1121.3 fps
port> status f1920    modeseldll   board 0 turn 0/1  mg 427 (m427dll)  coins/stars 0/0c 0/0c 0/0c 0/0c  aud 0.01 ms  1144.5 fps
objman>Call New Ovl 70(1)
OvlKill 1
objdll>omDLLNumEnd 74 1
Search:dll/modeseldll.rel
+++++++++++ Find0: dll/modeseldll.rel
objdll>omDLLEnd 0 1
objdll>End DLL:dll/modeseldll.rel
odjdll>Unlink DLL:dll/modeseldll.rel
objdll>Unlink DLL epilog
objdll>Unlink DLL epilog finish
objdll>End DLL finish
port> frame 1960: overlay -1 (next 70) event 0
objman>Destory ObjMan
++++++++++++++++++++ Start New OVL 70 (EVT:0 STAT:0x00000000) ++++++++++++++++++
======== HuMem heap dump 03b9c018 ========
MCB-----+Size----+MG+FL+Prev----+Next----+UNum----+Body----+Call----
03b9c018 0000a020 a5 01 03bc21d8 03ba6038 ffffff00 03b9c038 00008984
03ba6038 000041c0 a5 01 03b9c018 03baa1f8 ffffff00 03ba6058 0003c618
03baa1f8 00017640 cd 00 03ba6038 03bc1838 ffffff00 03baa218 0003885c
03bc1838 00000100 a5 01 03baa1f8 03bc1938 ffffff00 03bc1858 0003769c
03bc1938 00000400 a5 01 03bc1838 03bc1d38 ffffff00 03bc1958 000376ec
03bc1d38 00000400 a5 01 03bc1938 03bc2138 ffffff00 03bc1d58 00037738
03bc2138 00000060 a5 01 03bc1d38 03bc2198 ffffff00 03bc2158 00037784
03bc2198 00000040 a5 01 03bc2138 03bc21d8 ffffff00 03bc21b8 000377d0
03bc21d8 00219e40 cd 00 03bc2198 03b9c018 ffffff00 03bc21f8 0003cf4c
MCB:9(7/2) MEM:00240000(0000eb80/00231480)
======== HuMem heap dump 03b9c018 end =====
======== HuMem heap dump 03f1c030 ========
MCB-----+Size----+MG+FL+Prev----+Next----+UNum----+Body----+Call----
03f1c030 00a80000 cd 00 03f1c030 03f1c030 ffffff00 03f1c050 00039308
MCB:1(0/1) MEM:00a80000(00000000/00a80000)
======== HuMem heap dump 03f1c030 end =====
======== HuMem heap dump 0499c03c ========
MCB-----+Size----+MG+FL+Prev----+Next----+UNum----+Body----+Call----
0499c03c 00580000 cd 00 0499c03c 0499c03c 10000000 0499c05c 0000ffd4
MCB:1(0/1) MEM:00580000(00000000/00580000)
======== HuMem heap dump 0499c03c end =====
objman>Used Memory Size:0000eb80
objman>Used Memory Cnt:7
objman>Init esp
objman>Call objectsetup
DLLStart 70 0
Search:dll/mentdll.rel
objdll>Link DLL:dll/mentdll.rel
Rest Memory 580000
===== DLL Module Info dump ====
                   ID:0x00000001
             LinkPrev:0x00000000
             LinkNext:0x00000000
          Section num:15
Section info tbl ofst:0x00000048
           nameOffset:0x00000000
             nameSize:47
              version:0x00000002
===============================
==== DLL Module Header dump ====
          bss Size:0x000036c4
        rel Offset:0x000246f8
        imp Offset:0x00036a90
    prolog Section:1
    epilog Section:1
unresolved Section:0
       prolog func:0x000000a4
       epilog func:0x000000f8
   unresolved func:0x00000000
================================
objdll>LinkOK 03bc21f8 34300000
objdll> dll/mentdll.rel prolog start
objman>InitObjMan start
objman>InitObjMan end
Rest Memory 5395a0
0
GroupSet 7
***********GroupSet Error 0
objdll> dll/mentdll.rel prolog end
objman>ObjectSetup end
port> frame 1961: overlay 70 (next -1) event 0
DLL DBG OUT
data num 600008
port> dvdheap: 4008196 bytes mode 1 num 10000000  caller 0x11068  caller2 0xec0c
Rest Memory 1ad6c0
ARAM data num 120006
port> status f1980    mentdll      board 0 turn 0/1  mg 427 (m427dll)  coins/stars 0/0c 0/0c 0/0c 0/0c  aud 0.01 ms  302.4 fps
########### ME_MainProcFunc000
port> status f2040    mentdll      board 0 turn 0/1  mg 427 (m427dll)  coins/stars 0/0c 0/0c 0/0c 0/0c  aud 0.01 ms  412.2 fps
port> status f2100    mentdll      board 0 turn 0/1  mg 427 (m427dll)  coins/stars 0/0c 0/0c 0/0c 0/0c  aud 0.04 ms  407.9 fps
port> status f2160    mentdll      board 0 turn 0/1  mg 427 (m427dll)  coins/stars 0/0c 0/0c 0/0c 0/0c  aud 0.05 ms  331.0 fps
port> status f2220    mentdll      board 0 turn 0/1  mg 427 (m427dll)  coins/stars 0/0c 0/0c 0/0c 0/0c  aud 0.05 ms  303.6 fps
port> status f2280    mentdll      board 0 turn 0/1  mg 427 (m427dll)  coins/stars 0/0c 0/0c 0/0c 0/0c  aud 0.05 ms  310.2 fps
port> status f2340    mentdll      board 0 turn 0/1  mg 427 (m427dll)  coins/stars 0/0c 0/0c 0/0c 0/0c  aud 0.04 ms  355.7 fps
port> status f2400    mentdll      board 0 turn 0/1  mg 427 (m427dll)  coins/stars 0/0c 0/0c 0/0c 0/0c  aud 0.05 ms  350.8 fps
port> status f2460    mentdll      board 0 turn 0/1  mg 427 (m427dll)  coins/stars 0/0c 0/0c 0/0c 0/0c  aud 0.11 ms  332.5 fps
port> status f2520    mentdll      board 0 turn 0/1  mg 427 (m427dll)  coins/stars 0/0c 0/0c 0/0c 0/0c  aud 0.35 ms  261.8 fps
port> status f2580    mentdll      board 0 turn 0/1  mg 427 (m427dll)  coins/stars 0/0c 0/0c 0/0c 0/0c  aud 0.26 ms  277.9 fps
port> status f2640    mentdll      board 0 turn 0/1  mg 427 (m427dll)  coins/stars 0/0c 0/0c 0/0c 0/0c  aud 0.36 ms  286.0 fps
port> status f2700    mentdll      board 0 turn 0/1  mg 427 (m427dll)  coins/stars 0/0c 0/0c 0/0c 0/0c  aud 0.14 ms  299.2 fps
port> status f2760    mentdll      board 0 turn 0/1  mg 427 (m427dll)  coins/stars 0/0c 0/0c 0/0c 0/0c  aud 0.28 ms  275.1 fps
port> status f2820    mentdll      board 0 turn 0/1  mg 427 (m427dll)  coins/stars 0/0c 0/0c 0/0c 0/0c  aud 0.16 ms  263.8 fps
port> status f2880    mentdll      board 0 turn 0/1  mg 427 (m427dll)  coins/stars 0/0c 0/0c 0/0c 0/0c  aud 0.19 ms  295.5 fps
port> status f2940    mentdll      board 0 turn 0/1  mg 427 (m427dll)  coins/stars 0/0c 0/0c 0/0c 0/0c  aud 0.17 ms  306.4 fps
port> status f3000    mentdll      board 0 turn 0/1  mg 427 (m427dll)  coins/stars 0/0c 0/0c 0/0c 0/0c  aud 0.30 ms  277.5 fps
port> status f3060    mentdll      board 0 turn 0/1  mg 427 (m427dll)  coins/stars 0/0c 0/0c 0/0c 0/0c  aud 0.32 ms  256.7 fps
port> status f3120    mentdll      board 0 turn 0/1  mg 427 (m427dll)  coins/stars 0/0c 0/0c 0/0c 0/0c  aud 0.25 ms  277.3 fps
port> status f3180    mentdll      board 0 turn 0/1  mg 427 (m427dll)  coins/stars 0/0c 0/0c 0/0c 0/0c  aud 0.29 ms  250.7 fps
port> status f3240    mentdll      board 0 turn 0/1  mg 427 (m427dll)  coins/stars 0/0c 0/0c 0/0c 0/0c  aud 0.30 ms  253.6 fps
port> status f3300    mentdll      board 0 turn 0/1  mg 427 (m427dll)  coins/stars 0/0c 0/0c 0/0c 0/0c  aud 0.35 ms  249.5 fps
port> status f3360    mentdll      board 0 turn 0/1  mg 427 (m427dll)  coins/stars 0/0c 0/0c 0/0c 0/0c  aud 0.18 ms  260.4 fps
port> status f3420    mentdll      board 0 turn 0/1  mg 427 (m427dll)  coins/stars 0/0c 0/0c 0/0c 0/0c  aud 0.32 ms  248.2 fps
port> status f3480    mentdll      board 0 turn 0/1  mg 427 (m427dll)  coins/stars 0/0c 0/0c 0/0c 0/0c  aud 0.38 ms  238.5 fps
port> status f3540    mentdll      board 0 turn 0/1  mg 427 (m427dll)  coins/stars 0/0c 0/0c 0/0c 0/0c  aud 0.29 ms  250.5 fps
port> status f3600    mentdll      board 0 turn 0/1  mg 427 (m427dll)  coins/stars 0/0c 0/0c 0/0c 0/0c  aud 0.31 ms  244.7 fps
port> status f3660    mentdll      board 0 turn 0/1  mg 427 (m427dll)  coins/stars 0/0c 0/0c 0/0c 0/0c  aud 0.18 ms  293.6 fps
port> status f3720    mentdll      board 0 turn 0/1  mg 427 (m427dll)  coins/stars 0/0c 0/0c 0/0c 0/0c  aud 0.31 ms  268.2 fps
port> status f3780    mentdll      board 0 turn 0/1  mg 427 (m427dll)  coins/stars 0/0c 0/0c 0/0c 0/0c  aud 0.29 ms  246.4 fps
port> status f3840    mentdll      board 0 turn 0/1  mg 427 (m427dll)  coins/stars 0/0c 0/0c 0/0c 0/0c  aud 0.36 ms  268.0 fps
port> status f3900    mentdll      board 0 turn 0/1  mg 427 (m427dll)  coins/stars 0/0c 0/0c 0/0c 0/0c  aud 0.22 ms  295.3 fps
port> status f3960    mentdll      board 0 turn 0/1  mg 427 (m427dll)  coins/stars 0/0c 0/0c 0/0c 0/0c  aud 0.21 ms  301.6 fps
port> status f4020    mentdll      board 0 turn 0/1  mg 427 (m427dll)  coins/stars 0/0c 0/0c 0/0c 0/0c  aud 0.22 ms  277.0 fps
port> status f4080    mentdll      board 0 turn 0/1  mg 427 (m427dll)  coins/stars 0/0c 0/0c 0/0c 0/0c  aud 0.14 ms  286.7 fps
port> status f4140    mentdll      board 0 turn 0/1  mg 427 (m427dll)  coins/stars 0/0c 0/0c 0/0c 0/0c  aud 0.18 ms  280.4 fps
port> status f4200    mentdll      board 0 turn 0/1  mg 427 (m427dll)  coins/stars 0/0c 0/0c 0/0c 0/0c  aud 0.26 ms  266.8 fps
port> status f4260    mentdll      board 0 turn 0/1  mg 427 (m427dll)  coins/stars 0/0c 0/0c 0/0c 0/0c  aud 0.34 ms  245.8 fps
port> status f4320    mentdll      board 0 turn 0/1  mg 427 (m427dll)  coins/stars 0/0c 0/0c 0/0c 0/0c  aud 0.24 ms  243.0 fps
port> status f4380    mentdll      board 0 turn 0/1  mg 427 (m427dll)  coins/stars 0/0c 0/0c 0/0c 0/0c  aud 0.29 ms  249.3 fps
port> status f4440    mentdll      board 0 turn 0/1  mg 427 (m427dll)  coins/stars 0/0c 0/0c 0/0c 0/0c  aud 0.28 ms  263.1 fps
port> status f4500    mentdll      board 0 turn 0/1  mg 427 (m427dll)  coins/stars 0/0c 0/0c 0/0c 0/0c  aud 0.35 ms  252.9 fps
port> status f4560    mentdll      board 0 turn 0/1  mg 427 (m427dll)  coins/stars 0/0c 0/0c 0/0c 0/0c  aud 0.22 ms  259.7 fps
port> status f4620    mentdll      board 0 turn 0/1  mg 427 (m427dll)  coins/stars 0/0c 0/0c 0/0c 0/0c  aud 0.28 ms  267.5 fps
port> status f4680    mentdll      board 0 turn 0/1  mg 427 (m427dll)  coins/stars 0/0c 0/0c 0/0c 0/0c  aud 0.38 ms  259.5 fps
port> status f4740    mentdll      board 0 turn 1/1  mg 427 (m427dll)  coins/stars 0/0c 0/0c 0/0c 0/0c  aud 0.31 ms  293.4 fps
port> dvdheap: 1615946 bytes mode 0 num 0  caller 0xf2e4  caller2 0x34303aa0
Rest Memory 3f5780
port> dvdheap: 1438648 bytes mode 0 num 0  caller 0xf2e4  caller2 0x34303b68
Rest Memory 420c20
port> status f4800    mentdll      board 0 turn 1/1  mg 427 (m427dll)  coins/stars 0/0c 0/0c 0/0c 0/0c  aud 0.23 ms  305.3 fps
port> status f4860    mentdll      board 0 turn 1/1  mg 427 (m427dll)  coins/stars 0/0c 0/0c 0/0c 0/0c  aud 0.20 ms  323.9 fps
port> status f4920    mentdll      board 0 turn 1/1  mg 427 (m427dll)  coins/stars 0/0c 0/0c 0/0c 0/0c  aud 0.24 ms  336.2 fps
port> status f4980    mentdll      board 0 turn 1/1  mg 427 (m427dll)  coins/stars 0/0c 0/0c 0/0c 0/0c  aud 0.36 ms  310.0 fps
port> status f5040    mentdll      board 0 turn 1/1  mg 427 (m427dll)  coins/stars 0/0c 0/0c 0/0c 0/0c  aud 0.35 ms  317.7 fps
port> status f5100    mentdll      board 0 turn 1/1  mg 427 (m427dll)  coins/stars 0/0c 0/0c 0/0c 0/0c  aud 0.19 ms  347.1 fps
port> dvdheap: 1301598 bytes mode 0 num 0  caller 0x10fd0  caller2 0xf030
Rest Memory 2e2fa0
ARAM Trans a4cf40
port> dvdheap: 1336948 bytes mode 0 num 0  caller 0x10fd0  caller2 0xf030
Rest Memory 2da580
ARAM Trans b8aba0
port> dvdheap: 1260022 bytes mode 0 num 0  caller 0x10fd0  caller2 0xf030
Rest Memory 2ed200
ARAM Trans cd1220
port> dvdheap: 1413496 bytes mode 0 num 0  caller 0x10fd0  caller2 0xf030
Rest Memory 2c7a80
ARAM Trans e04c20
objman>Call New Ovl 89(1)
OvlKill 1
objdll>omDLLNumEnd 70 1
Search:dll/mentdll.rel
+++++++++++ Find0: dll/mentdll.rel
objdll>omDLLEnd 0 1
objdll>End DLL:dll/mentdll.rel
odjdll>Unlink DLL:dll/mentdll.rel
objdll>Unlink DLL epilog
objdll>Unlink DLL epilog finish
objdll>End DLL finish
port> frame 5101: overlay -1 (next 89) event 0
objman>Destory ObjMan
++++++++++++++++++++ Start New OVL 89 (EVT:0 STAT:0x00000000) ++++++++++++++++++
======== HuMem heap dump 03b9c018 ========
MCB-----+Size----+MG+FL+Prev----+Next----+UNum----+Body----+Call----
03b9c018 0000a020 a5 01 03c8f178 03ba6038 ffffff00 03b9c038 00008984
03ba6038 000041c0 a5 01 03b9c018 03baa1f8 ffffff00 03ba6058 0003c618
03baa1f8 00016c80 cd 00 03ba6038 03bc0e78 ffffff00 03baa218 0003cf4c
03bc0e78 00000260 a5 01 03baa1f8 03bc10d8 ffffff00 03bc0e98 00009198
03bc10d8 00000260 a5 01 03bc0e78 03bc1338 ffffff00 03bc10f8 00009198
03bc1338 000002c0 a5 01 03bc10d8 03bc15f8 ffffff00 03bc1358 00009198
03bc15f8 00000240 cd 00 03bc1338 03bc1838 10000000 03bc1618 000392e8
03bc1838 00000100 a5 01 03bc15f8 03bc1938 ffffff00 03bc1858 0003769c
03bc1938 00000400 a5 01 03bc1838 03bc1d38 ffffff00 03bc1958 000376ec
03bc1d38 00000400 a5 01 03bc1938 03bc2138 ffffff00 03bc1d58 00037738
03bc2138 00000060 a5 01 03bc1d38 03bc2198 ffffff00 03bc2158 00037784
03bc2198 00000040 a5 01 03bc2138 03bc21d8 ffffff00 03bc21b8 000377d0
03bc21d8 000befc0 cd 00 03bc2198 03c81198 ffffff00 03bc21f8 0003cf4c
03c81198 00002100 a5 01 03bc21d8 03c83298 ffffff00 03c811b8 00009198
03c83298 00000f80 a5 01 03c81198 03c84218 ffffff00 03c832b8 00009198
03c84218 000041c0 a5 01 03c83298 03c883d8 ffffff00 03c84238 00009198
03c883d8 000041c0 a5 01 03c84218 03c8c598 ffffff00 03c883f8 00009198
03c8c598 00002be0 a5 01 03c883d8 03c8f178 ffffff00 03c8c5b8 00009198
03c8f178 0014cea0 cd 00 03c8c598 03b9c018 ffffff00 03c8f198 0003cf4c
MCB:19(15/4) MEM:00240000(0001d2e0/00222d20)
======== HuMem heap dump 03b9c018 end =====
======== HuMem heap dump 03f1c030 ========
MCB-----+Size----+MG+FL+Prev----+Next----+UNum----+Body----+Call----
03f1c030 00a80000 cd 00 03f1c030 03f1c030 ffffff00 03f1c050 00040124
MCB:1(0/1) MEM:00a80000(00000000/00a80000)
======== HuMem heap dump 03f1c030 end =====
======== HuMem heap dump 0499c03c ========
MCB-----+Size----+MG+FL+Prev----+Next----+UNum----+Body----+Call----
0499c03c 0015f3e0 a5 01 04afb41c 04afb41c ffffff00 0499c05c 00010bdc
04afb41c 00420c20 cd 00 0499c03c 0499c03c ffffff00 04afb43c 0000ffd4
MCB:2(1/1) MEM:00580000(0015f3e0/00420c20)
======== HuMem heap dump 0499c03c end =====
objman>Used Memory Size:0001d2e0
objman>Used Memory Cnt:15
objman>Init esp
objman>Call objectsetup
SOUND ##########################
0
GroupSet 9
***********GroupSet Error 0
##########################
DLLStart 89 0
Search:dll/w01dll.rel
objdll>Link DLL:dll/w01dll.rel
Rest Memory 420c20
===== DLL Module Info dump ====
                   ID:0x00000001
             LinkPrev:0x00000000
             LinkNext:0x00000000
          Section num:16
Section info tbl ofst:0x00000048
           nameOffset:0x00000000
             nameSize:45
              version:0x00000002
===============================
==== DLL Module Header dump ====
          bss Size:0x0000081c
        rel Offset:0x00012e34
        imp Offset:0x0001f174
    prolog Section:1
    epilog Section:1
unresolved Section:0
       prolog func:0x00000030
       epilog func:0x00000094
   unresolved func:0x00000000
================================
objdll>LinkOK 03bc21f8 35600000
objdll> dll/w01dll.rel prolog start
objman>InitObjMan start
objman>InitObjMan end
objdll> dll/w01dll.rel prolog end
objman>ObjectSetup end
port> frame 5102: overlay 89 (next -1) event 0
DLL DBG OUT
Rest Memory 37b3c0
Rest Memory 334960
data num 5e0000
Rest Memory 31dea0
ARAM data num 120006
data num 190000
Rest Memory 322ae0
data num 6c0000
Rest Memory 302e20
data num 890000
Rest Memory 31a860
ARAM data num 7001d
data num 50000
Rest Memory 136ce0
data num 90000
Rest Memory 1424a0
port> loader: mg_next dealt mg 427 (m427dll) at frame 5105 -- prefetching its module and data
port> status f5160    w01dll       board 0 turn 1/1  mg 427 (m427dll)  coins/stars 0/0c 0/0c 0/0c 0/0c  aud 0.05 ms  95.7 fps
port> status f5220    w01dll       board 0 turn 1/1  mg 427 (m427dll)  coins/stars 0/0c 0/0c 0/0c 0/0c  aud 0.07 ms  240.0 fps
port> status f5280    w01dll       board 0 turn 1/1  mg 427 (m427dll)  coins/stars 0/0c 0/0c 0/0c 0/0c  aud 0.07 ms  236.6 fps
port> status f5340    w01dll       board 0 turn 1/1  mg 427 (m427dll)  coins/stars 0/0c 0/0c 0/0c 0/0c  aud 0.07 ms  245.3 fps
port> status f5400    w01dll       board 0 turn 1/1  mg 427 (m427dll)  coins/stars 0/0c 0/0c 0/0c 0/0c  aud 0.06 ms  244.8 fps
port> status f5460    w01dll       board 0 turn 1/1  mg 427 (m427dll)  coins/stars 0/0c 0/0c 0/0c 0/0c  aud 0.06 ms  245.1 fps
port> status f5520    w01dll       board 0 turn 1/1  mg 427 (m427dll)  coins/stars 0/0c 0/0c 0/0c 0/0c  aud 0.05 ms  252.5 fps
port> status f5580    w01dll       board 0 turn 1/1  mg 427 (m427dll)  coins/stars 0/0c 0/0c 0/0c 0/0c  aud 0.05 ms  271.3 fps
port> status f5640    w01dll       board 0 turn 1/1  mg 427 (m427dll)  coins/stars 0/0c 0/0c 0/0c 0/0c  aud 0.05 ms  305.1 fps
port> status f5700    w01dll       board 0 turn 1/1  mg 427 (m427dll)  coins/stars 0/0c 0/0c 0/0c 0/0c  aud 0.05 ms  326.7 fps
port> status f5760    w01dll       board 0 turn 1/1  mg 427 (m427dll)  coins/stars 0/0c 0/0c 0/0c 0/0c  aud 0.06 ms  340.7 fps
port> status f5820    w01dll       board 0 turn 1/1  mg 427 (m427dll)  coins/stars 0/0c 0/0c 0/0c 0/0c  aud 0.06 ms  365.1 fps
port> status f5880    w01dll       board 0 turn 1/1  mg 427 (m427dll)  coins/stars 0/0c 0/0c 0/0c 0/0c  aud 0.20 ms  216.5 fps
port> status f5940    w01dll       board 0 turn 1/1  mg 427 (m427dll)  coins/stars 0/0c 0/0c 0/0c 0/0c  aud 0.30 ms  213.4 fps
port> status f6000    w01dll       board 0 turn 1/1  mg 427 (m427dll)  coins/stars 0/0c 0/0c 0/0c 0/0c  aud 0.29 ms  191.7 fps
port> status f6060    w01dll       board 0 turn 1/1  mg 427 (m427dll)  coins/stars 0/0c 0/0c 0/0c 0/0c  aud 0.27 ms  196.5 fps
port> status f6120    w01dll       board 0 turn 1/1  mg 427 (m427dll)  coins/stars 0/0c 0/0c 0/0c 0/0c  aud 0.29 ms  199.0 fps
port> status f6180    w01dll       board 0 turn 1/1  mg 427 (m427dll)  coins/stars 0/0c 0/0c 0/0c 0/0c  aud 0.28 ms  198.1 fps
port> status f6240    w01dll       board 0 turn 1/1  mg 427 (m427dll)  coins/stars 0/0c 0/0c 0/0c 0/0c  aud 0.28 ms  192.5 fps
#########SE Entry Error<SE 770:ErrorNo -33>
#########SE Entry Error<SE 770:ErrorNo -33>
#########SE Entry Error<SE 770:ErrorNo -33>
port> status f6300    w01dll       board 0 turn 1/1  mg 427 (m427dll)  coins/stars 0/0c 0/0c 0/0c 0/0c  aud 0.28 ms  195.5 fps
#########SE Entry Error<SE 771:ErrorNo -33>
port> status f6360    w01dll       board 0 turn 1/1  mg 427 (m427dll)  coins/stars 0/0c 0/0c 0/0c 0/0c  aud 0.36 ms  179.1 fps
port> status f6420    w01dll       board 0 turn 1/1  mg 427 (m427dll)  coins/stars 0/0c 0/0c 0/0c 0/0c  aud 0.30 ms  181.9 fps
port> status f6480    w01dll       board 0 turn 1/1  mg 427 (m427dll)  coins/stars 0/0c 0/0c 0/0c 0/0c  aud 0.25 ms  180.4 fps
port> status f6540    w01dll       board 0 turn 1/1  mg 427 (m427dll)  coins/stars 0/0c 0/0c 0/0c 0/0c  aud 0.23 ms  196.6 fps
port> status f6600    w01dll       board 0 turn 1/1  mg 427 (m427dll)  coins/stars 0/0c 0/0c 0/0c 0/0c  aud 0.26 ms  196.3 fps
port> status f6660    w01dll       board 0 turn 1/1  mg 427 (m427dll)  coins/stars 0/0c 0/0c 0/0c 0/0c  aud 0.31 ms  191.9 fps
port> status f6720    w01dll       board 0 turn 1/1  mg 427 (m427dll)  coins/stars 0/0c 0/0c 0/0c 0/0c  aud 0.29 ms  195.0 fps
port> status f6780    w01dll       board 0 turn 1/1  mg 427 (m427dll)  coins/stars 0/0c 0/0c 0/0c 0/0c  aud 0.27 ms  194.7 fps
port> status f6840    w01dll       board 0 turn 1/1  mg 427 (m427dll)  coins/stars 0/0c 0/0c 0/0c 0/0c  aud 0.30 ms  202.1 fps
port> status f6900    w01dll       board 0 turn 1/1  mg 427 (m427dll)  coins/stars 0/0c 0/0c 0/0c 0/0c  aud 0.33 ms  194.6 fps
port> status f6960    w01dll       board 0 turn 1/1  mg 427 (m427dll)  coins/stars 0/0c 0/0c 0/0c 0/0c  aud 0.28 ms  190.7 fps
port> status f7020    w01dll       board 0 turn 1/1  mg 427 (m427dll)  coins/stars 0/0c 0/0c 0/0c 0/0c  aud 0.29 ms  189.1 fps
port> status f7080    w01dll       board 0 turn 1/1  mg 427 (m427dll)  coins/stars 0/0c 0/0c 0/0c 0/0c  aud 0.31 ms  186.7 fps
port> status f7140    w01dll       board 0 turn 1/1  mg 427 (m427dll)  coins/stars 0/0c 0/0c 0/0c 0/0c  aud 0.29 ms  194.0 fps
port> status f7200    w01dll       board 0 turn 1/1  mg 427 (m427dll)  coins/stars 0/0c 0/0c 0/0c 0/0c  aud 0.24 ms  184.3 fps
port> status f7260    w01dll       board 0 turn 1/1  mg 427 (m427dll)  coins/stars 0/0c 0/0c 0/0c 0/0c  aud 0.24 ms  202.0 fps
port> status f7320    w01dll       board 0 turn 1/1  mg 427 (m427dll)  coins/stars 9/0c 9/0c 9/0c 9/0c  aud 0.32 ms  193.3 fps
port> status f7380    w01dll       board 0 turn 1/1  mg 427 (m427dll)  coins/stars 10/0c 10/0c 10/0c 10/0c  aud 0.33 ms  186.2 fps
port> status f7440    w01dll       board 0 turn 1/1  mg 427 (m427dll)  coins/stars 10/0c 10/0c 10/0c 10/0c  aud 0.29 ms  188.0 fps
port> status f7500    w01dll       board 0 turn 1/1  mg 427 (m427dll)  coins/stars 10/0c 10/0c 10/0c 10/0c  aud 0.28 ms  195.2 fps
port> status f7560    w01dll       board 0 turn 1/1  mg 427 (m427dll)  coins/stars 10/0c 10/0c 10/0c 10/0c  aud 0.27 ms  193.1 fps
port> status f7620    w01dll       board 0 turn 1/1  mg 427 (m427dll)  coins/stars 10/0c 10/0c 10/0c 10/0c  aud 0.28 ms  194.4 fps
port> status f7680    w01dll       board 0 turn 1/1  mg 427 (m427dll)  coins/stars 10/0c 10/0c 10/0c 10/0c  aud 0.28 ms  199.4 fps
port> status f7740    w01dll       board 0 turn 1/1  mg 427 (m427dll)  coins/stars 10/0c 10/0c 10/0c 10/0c  aud 0.30 ms  197.0 fps
port> status f7800    w01dll       board 0 turn 1/1  mg 427 (m427dll)  coins/stars 10/0c 10/0c 10/0c 10/0c  aud 0.27 ms  196.9 fps
port> status f7860    w01dll       board 0 turn 1/1  mg 427 (m427dll)  coins/stars 10/0c 10/0c 10/0c 10/0c  aud 0.29 ms  190.5 fps
port> status f7920    w01dll       board 0 turn 1/1  mg 427 (m427dll)  coins/stars 10/0c 10/0c 10/0c 10/0c  aud 0.29 ms  190.2 fps
port> status f7980    w01dll       board 0 turn 1/1  mg 427 (m427dll)  coins/stars 10/0c 10/0c 10/0c 10/0c  aud 0.25 ms  201.7 fps
port> status f8040    w01dll       board 0 turn 1/1  mg 427 (m427dll)  coins/stars 10/0c 10/0c 10/0c 10/0c  aud 0.24 ms  196.0 fps
data num 60017
Rest Memory 1960c0
port> status f8100    w01dll       board 0 turn 1/1  mg 427 (m427dll)  coins/stars 10/0c 10/0c 10/0c 10/0c  aud 0.21 ms  215.6 fps
port> status f8160    w01dll       board 0 turn 1/1  mg 427 (m427dll)  coins/stars 10/0c 10/0c 10/0c 10/0c  aud 0.30 ms  247.0 fps
port> status f8220    w01dll       board 0 turn 1/1  mg 427 (m427dll)  coins/stars 10/0c 10/0c 10/0c 10/0c  aud 0.31 ms  247.8 fps
port> status f8280    w01dll       board 0 turn 1/1  mg 427 (m427dll)  coins/stars 10/0c 10/0c 10/0c 10/0c  aud 0.26 ms  246.3 fps
port> status f8340    w01dll       board 0 turn 1/1  mg 427 (m427dll)  coins/stars 10/0c 10/0c 10/0c 10/0c  aud 0.23 ms  251.5 fps
port> status f8400    w01dll       board 0 turn 1/1  mg 427 (m427dll)  coins/stars 10/0c 10/0c 10/0c 10/0c  aud 0.22 ms  260.0 fps
port> status f8460    w01dll       board 0 turn 1/1  mg 427 (m427dll)  coins/stars 10/0c 10/0c 10/0c 10/0c  aud 0.23 ms  268.1 fps
port> status f8520    w01dll       board 0 turn 1/1  mg 427 (m427dll)  coins/stars 10/0c 10/0c 10/0c 10/0c  aud 0.22 ms  247.3 fps
port> status f8580    w01dll       board 0 turn 1/1  mg 427 (m427dll)  coins/stars 10/0c 10/0c 10/0c 10/0c  aud 0.30 ms  244.7 fps
port> status f8640    w01dll       board 0 turn 1/1  mg 427 (m427dll)  coins/stars 10/0c 10/0c 10/0c 10/0c  aud 0.26 ms  268.6 fps
port> status f8700    w01dll       board 0 turn 1/1  mg 427 (m427dll)  coins/stars 10/0c 10/0c 10/0c 10/0c  aud 0.22 ms  254.9 fps
port> status f8760    w01dll       board 0 turn 1/1  mg 427 (m427dll)  coins/stars 10/0c 10/0c 10/0c 10/0c  aud 0.19 ms  251.4 fps
port> status f8820    w01dll       board 0 turn 1/1  mg 427 (m427dll)  coins/stars 10/0c 10/0c 10/0c 10/0c  aud 0.19 ms  252.0 fps
port> status f8880    w01dll       board 0 turn 1/1  mg 427 (m427dll)  coins/stars 10/0c 10/0c 10/0c 10/0c  aud 0.18 ms  262.1 fps
port> status f8940    w01dll       board 0 turn 1/1  mg 427 (m427dll)  coins/stars 10/0c 10/0c 10/0c 10/0c  aud 0.16 ms  242.5 fps
port> status f9000    w01dll       board 0 turn 1/1  mg 427 (m427dll)  coins/stars 10/0c 10/0c 10/0c 10/0c  aud 0.16 ms  250.6 fps
port> status f9060    w01dll       board 0 turn 1/1  mg 427 (m427dll)  coins/stars 10/0c 10/0c 10/0c 10/0c  aud 0.22 ms  240.5 fps
port> status f9120    w01dll       board 0 turn 1/1  mg 427 (m427dll)  coins/stars 10/0c 10/0c 10/0c 10/0c  aud 0.28 ms  230.6 fps
port> status f9180    w01dll       board 0 turn 1/1  mg 427 (m427dll)  coins/stars 10/0c 10/0c 10/0c 10/0c  aud 0.23 ms  240.7 fps
port> status f9240    w01dll       board 0 turn 1/1  mg 427 (m427dll)  coins/stars 10/0c 10/0c 10/0c 10/0c  aud 0.25 ms  239.1 fps
port> status f9300    w01dll       board 0 turn 1/1  mg 427 (m427dll)  coins/stars 10/0c 10/0c 10/0c 10/0c  aud 0.23 ms  238.1 fps
port> status f9360    w01dll       board 0 turn 1/1  mg 427 (m427dll)  coins/stars 10/0c 10/0c 10/0c 10/0c  aud 0.17 ms  252.6 fps
port> status f9420    w01dll       board 0 turn 1/1  mg 427 (m427dll)  coins/stars 10/0c 10/0c 10/0c 10/0c  aud 0.21 ms  245.4 fps
port> status f9480    w01dll       board 0 turn 1/1  mg 427 (m427dll)  coins/stars 10/0c 10/0c 10/0c 10/0c  aud 0.25 ms  242.1 fps
port> status f9540    w01dll       board 0 turn 1/1  mg 427 (m427dll)  coins/stars 10/0c 10/0c 10/0c 10/0c  aud 0.25 ms  245.2 fps
port> status f9600    w01dll       board 0 turn 1/1  mg 427 (m427dll)  coins/stars 10/0c 10/0c 10/0c 10/0c  aud 0.25 ms  256.3 fps
port> status f9660    w01dll       board 0 turn 1/1  mg 427 (m427dll)  coins/stars 10/0c 10/0c 10/0c 10/0c  aud 0.23 ms  231.2 fps
port> status f9720    w01dll       board 0 turn 1/1  mg 427 (m427dll)  coins/stars 10/0c 10/0c 10/0c 10/0c  aud 0.03 ms  212.3 fps
port> status f9780    w01dll       board 0 turn 1/1  mg 427 (m427dll)  coins/stars 10/0c 10/0c 10/0c 10/0c  aud 0.22 ms  195.4 fps
port> status f9840    w01dll       board 0 turn 1/1  mg 427 (m427dll)  coins/stars 10/0c 10/0c 10/0c 10/0c  aud 0.26 ms  197.7 fps
port> status f9900    w01dll       board 0 turn 1/1  mg 427 (m427dll)  coins/stars 10/0c 10/0c 10/0c 10/0c  aud 0.22 ms  213.3 fps
port> status f9960    w01dll       board 0 turn 1/1  mg 427 (m427dll)  coins/stars 10/0c 10/0c 10/0c 10/0c  aud 0.23 ms  189.4 fps
port> status f10020   w01dll       board 0 turn 1/1  mg 427 (m427dll)  coins/stars 10/0c 10/0c 10/0c 10/0c  aud 0.26 ms  189.5 fps
port> status f10080   w01dll       board 0 turn 1/1  mg 427 (m427dll)  coins/stars 10/0c 10/0c 10/0c 10/0c  aud 0.30 ms  194.3 fps
port> status f10140   w01dll       board 0 turn 1/1  mg 427 (m427dll)  coins/stars 10/0c 10/0c 10/0c 10/0c  aud 0.32 ms  199.6 fps
port> status f10200   w01dll       board 0 turn 1/1  mg 427 (m427dll)  coins/stars 10/0c 10/0c 10/0c 10/0c  aud 0.26 ms  195.5 fps
port> status f10260   w01dll       board 0 turn 1/1  mg 427 (m427dll)  coins/stars 10/0c 10/0c 10/0c 10/0c  aud 0.27 ms  200.5 fps
port> status f10320   w01dll       board 0 turn 1/1  mg 427 (m427dll)  coins/stars 10/0c 10/0c 10/0c 10/0c  aud 0.33 ms  190.1 fps
port> status f10380   w01dll       board 0 turn 1/1  mg 427 (m427dll)  coins/stars 10/0c 10/0c 10/0c 10/0c  aud 0.26 ms  182.3 fps
port> status f10440   w01dll       board 0 turn 1/1  mg 427 (m427dll)  coins/stars 10/0c 10/0c 10/0c 10/0c  aud 0.23 ms  200.2 fps
port> status f10500   w01dll       board 0 turn 1/1  mg 427 (m427dll)  coins/stars 10/0c 10/0c 10/0c 10/0c  aud 0.23 ms  189.6 fps
port> status f10560   w01dll       board 0 turn 1/1  mg 427 (m427dll)  coins/stars 10/0c 10/0c 10/0c 10/0c  aud 0.26 ms  193.9 fps
port> status f10620   w01dll       board 0 turn 1/1  mg 427 (m427dll)  coins/stars 13/0c 10/0c 10/0c 10/0c  aud 0.27 ms  188.9 fps
port> status f10680   w01dll       board 0 turn 1/1  mg 427 (m427dll)  coins/stars 13/0c 10/0c 10/0c 10/0c  aud 0.21 ms  193.8 fps
port> status f10740   w01dll       board 0 turn 1/1  mg 427 (m427dll)  coins/stars 13/0c 10/0c 10/0c 10/0c  aud 0.13 ms  212.5 fps
port> status f10800   w01dll       board 0 turn 1/1  mg 427 (m427dll)  coins/stars 13/0c 10/0c 10/0c 10/0c  aud 0.16 ms  186.7 fps
port> status f10860   w01dll       board 0 turn 1/1  mg 427 (m427dll)  coins/stars 13/0c 10/0c 10/0c 10/0c  aud 0.23 ms  180.6 fps
port> status f10920   w01dll       board 0 turn 1/1  mg 427 (m427dll)  coins/stars 13/0c 10/0c 10/0c 10/0c  aud 0.21 ms  194.2 fps
port> status f10980   w01dll       board 0 turn 1/1  mg 427 (m427dll)  coins/stars 13/0c 10/0c 10/0c 10/0c  aud 0.21 ms  195.3 fps
port> status f11040   w01dll       board 0 turn 1/1  mg 427 (m427dll)  coins/stars 13/0c 10/0c 10/0c 10/0c  aud 0.20 ms  195.8 fps
port> status f11100   w01dll       board 0 turn 1/1  mg 427 (m427dll)  coins/stars 13/0c 10/0c 10/0c 10/0c  aud 0.23 ms  199.2 fps
port> status f11160   w01dll       board 0 turn 1/1  mg 427 (m427dll)  coins/stars 13/0c 10/0c 10/0c 10/0c  aud 0.30 ms  193.2 fps
port> status f11220   w01dll       board 0 turn 1/1  mg 427 (m427dll)  coins/stars 13/0c 10/0c 10/0c 10/0c  aud 0.23 ms  188.2 fps
port> status f11280   w01dll       board 0 turn 1/1  mg 427 (m427dll)  coins/stars 13/0c 10/0c 10/0c 10/0c  aud 0.24 ms  190.1 fps
port> status f11340   w01dll       board 0 turn 1/1  mg 427 (m427dll)  coins/stars 13/0c 10/0c 10/0c 10/0c  aud 0.32 ms  181.8 fps
port> status f11400   w01dll       board 0 turn 1/1  mg 427 (m427dll)  coins/stars 13/0c 10/0c 10/0c 10/0c  aud 0.37 ms  188.0 fps
port> status f11460   w01dll       board 0 turn 1/1  mg 427 (m427dll)  coins/stars 13/0c 10/0c 10/0c 10/0c  aud 0.32 ms  187.3 fps
port> status f11520   w01dll       board 0 turn 1/1  mg 427 (m427dll)  coins/stars 13/0c 10/0c 10/0c 10/0c  aud 0.23 ms  196.9 fps
port> status f11580   w01dll       board 0 turn 1/1  mg 427 (m427dll)  coins/stars 13/0c 10/0c 10/0c 10/0c  aud 0.30 ms  190.6 fps
port> status f11640   w01dll       board 0 turn 1/1  mg 427 (m427dll)  coins/stars 13/0c 10/0c 10/0c 10/0c  aud 0.21 ms  200.2 fps
port> status f11700   w01dll       board 0 turn 1/1  mg 427 (m427dll)  coins/stars 13/0c 10/0c 10/0c 10/0c  aud 0.31 ms  196.7 fps
port> status f11760   w01dll       board 0 turn 1/1  mg 427 (m427dll)  coins/stars 13/0c 10/0c 10/0c 10/0c  aud 0.22 ms  208.7 fps
port> status f11820   w01dll       board 0 turn 1/1  mg 427 (m427dll)  coins/stars 13/0c 10/0c 10/0c 10/0c  aud 0.26 ms  197.1 fps
port> status f11880   w01dll       board 0 turn 1/1  mg 427 (m427dll)  coins/stars 13/0c 10/0c 10/0c 10/0c  aud 0.31 ms  199.9 fps
port> status f11940   w01dll       board 0 turn 1/1  mg 427 (m427dll)  coins/stars 13/0c 10/0c 10/0c 10/0c  aud 0.25 ms  196.8 fps
port> status f12000   w01dll       board 0 turn 1/1  mg 427 (m427dll)  coins/stars 13/0c 10/0c 10/0c 10/0c  aud 0.32 ms  192.7 fps
port> status f12060   w01dll       board 0 turn 1/1  mg 427 (m427dll)  coins/stars 13/0c 10/0c 10/0c 10/0c  aud 0.27 ms  198.2 fps
port> status f12120   w01dll       board 0 turn 1/1  mg 427 (m427dll)  coins/stars 13/0c 10/0c 10/0c 10/0c  aud 0.27 ms  201.4 fps
port> status f12180   w01dll       board 0 turn 1/1  mg 427 (m427dll)  coins/stars 13/0c 10/0c 10/0c 10/0c  aud 0.25 ms  198.3 fps
port> status f12240   w01dll       board 0 turn 1/1  mg 427 (m427dll)  coins/stars 13/0c 10/0c 10/0c 10/0c  aud 0.23 ms  214.0 fps
port> status f12300   w01dll       board 0 turn 1/1  mg 427 (m427dll)  coins/stars 13/0c 10/0c 10/0c 10/0c  aud 0.27 ms  196.1 fps
port> status f12360   w01dll       board 0 turn 1/1  mg 427 (m427dll)  coins/stars 13/0c 10/0c 10/0c 10/0c  aud 0.31 ms  194.7 fps
port> status f12420   w01dll       board 0 turn 1/1  mg 427 (m427dll)  coins/stars 13/0c 10/0c 10/0c 10/0c  aud 0.23 ms  201.1 fps
port> status f12480   w01dll       board 0 turn 1/1  mg 427 (m427dll)  coins/stars 13/0c 10/0c 10/0c 10/0c  aud 0.35 ms  179.8 fps
port> status f12540   w01dll       board 0 turn 1/1  mg 427 (m427dll)  coins/stars 13/0c 10/0c 10/0c 10/0c  aud 0.36 ms  185.1 fps
port> status f12600   w01dll       board 0 turn 1/1  mg 427 (m427dll)  coins/stars 13/0c 10/0c 10/0c 10/0c  aud 0.26 ms  192.5 fps
port> status f12660   w01dll       board 0 turn 1/1  mg 427 (m427dll)  coins/stars 13/0c 10/0c 10/0c 10/0c  aud 0.30 ms  195.7 fps
port> status f12720   w01dll       board 0 turn 1/1  mg 427 (m427dll)  coins/stars 13/0c 10/0c 10/0c 10/0c  aud 0.27 ms  186.9 fps
port> status f12780   w01dll       board 0 turn 1/1  mg 427 (m427dll)  coins/stars 13/0c 10/0c 10/0c 10/0c  aud 0.26 ms  189.8 fps
port> status f12840   w01dll       board 0 turn 1/1  mg 427 (m427dll)  coins/stars 13/0c 10/0c 10/0c 10/0c  aud 0.30 ms  187.9 fps
port> status f12900   w01dll       board 0 turn 1/1  mg 427 (m427dll)  coins/stars 13/0c 10/0c 10/0c 10/0c  aud 0.27 ms  198.5 fps
port> status f12960   w01dll       board 0 turn 1/1  mg 427 (m427dll)  coins/stars 13/0c 10/0c 10/0c 10/0c  aud 0.26 ms  192.3 fps
port> status f13020   w01dll       board 0 turn 1/1  mg 427 (m427dll)  coins/stars 13/0c 10/0c 10/0c 10/0c  aud 0.27 ms  186.1 fps
port> status f13080   w01dll       board 0 turn 1/1  mg 427 (m427dll)  coins/stars 13/0c 10/0c 10/0c 10/0c  aud 0.31 ms  188.4 fps
port> status f13140   w01dll       board 0 turn 1/1  mg 427 (m427dll)  coins/stars 13/0c 10/0c 10/0c 10/0c  aud 0.20 ms  214.0 fps
port> status f13200   w01dll       board 0 turn 1/1  mg 427 (m427dll)  coins/stars 13/0c 10/0c 10/0c 10/0c  aud 0.19 ms  213.2 fps
port> status f13260   w01dll       board 0 turn 1/1  mg 427 (m427dll)  coins/stars 13/0c 10/0c 10/0c 10/0c  aud 0.26 ms  191.8 fps
port> status f13320   w01dll       board 0 turn 1/1  mg 427 (m427dll)  coins/stars 13/0c 10/0c 10/0c 10/0c  aud 0.30 ms  206.0 fps
port> status f13380   w01dll       board 0 turn 1/1  mg 427 (m427dll)  coins/stars 13/0c 10/0c 10/0c 10/0c  aud 0.28 ms  196.3 fps
port> status f13440   w01dll       board 0 turn 1/1  mg 427 (m427dll)  coins/stars 13/0c 10/0c 10/0c 10/0c  aud 0.30 ms  183.7 fps
port> status f13500   w01dll       board 0 turn 1/1  mg 427 (m427dll)  coins/stars 13/0c 10/0c 10/0c 13/0c  aud 0.30 ms  192.5 fps
port> status f13560   w01dll       board 0 turn 1/1  mg 427 (m427dll)  coins/stars 13/0c 10/0c 10/0c 13/0c  aud 0.24 ms  200.1 fps
port> status f13620   w01dll       board 0 turn 1/1  mg 427 (m427dll)  coins/stars 13/0c 10/0c 10/0c 13/0c  aud 0.24 ms  209.2 fps
port> status f13680   w01dll       board 0 turn 1/1  mg 427 (m427dll)  coins/stars 13/0c 10/0c 10/0c 13/0c  aud 0.27 ms  193.3 fps
port> status f13740   w01dll       board 0 turn 1/1  mg 427 (m427dll)  coins/stars 13/0c 10/0c 10/0c 13/0c  aud 0.33 ms  206.3 fps
port> status f13800   w01dll       board 0 turn 1/1  mg 427 (m427dll)  coins/stars 13/0c 10/0c 10/0c 13/0c  aud 0.30 ms  202.7 fps
port> status f13860   w01dll       board 0 turn 1/1  mg 427 (m427dll)  coins/stars 13/0c 10/0c 10/0c 13/0c  aud 0.34 ms  196.1 fps
port> status f13920   w01dll       board 0 turn 1/1  mg 427 (m427dll)  coins/stars 13/0c 10/0c 10/0c 13/0c  aud 0.29 ms  189.5 fps
port> loader: roulette dealt mg 422 (m422dll) at frame 13953 -- prefetching its module and data
port> status f13980   w01dll       board 0 turn 1/1  mg 427 (m427dll)  coins/stars 13/0c 10/0c 10/0c 13/0c  aud 0.26 ms  189.2 fps
port> ffto: reached frame 14000 in 57.4 s (13997 frames, 243.9 fps, drawing back on at frame 13999)
port> lazy flush: off; premerge: off (max 0 vertices an object) -- both measured and off by default, PLAN.md 37
port> matrix palette: off (opt-in: --palette; PLAN.md 33.2)
port> status f14040   w01dll       board 0 turn 1/1  mg 427 (m427dll)  coins/stars 13/0c 10/0c 10/0c 13/0c  aud 0.31 ms  43.8 fps
port> status f14100   w01dll       board 0 turn 1/1  mg 427 (m427dll)  coins/stars 13/0c 10/0c 10/0c 13/0c  aud 0.31 ms  48.4 fps
port> dvdheap: 1529578 bytes mode 0 num 0  caller 0xf2e4  caller2 0x71038
Rest Memory 40a8e0
port> roulette: frame 14140 dealt mg 422 (m422dll, type 1)  -- overridden by --minigame
objman>Call New Ovl 3(1)
OvlKill 1
objdll>omDLLNumEnd 89 1
Search:dll/w01dll.rel
+++++++++++ Find0: dll/w01dll.rel
objdll>omDLLEnd 0 1
objdll>End DLL:dll/w01dll.rel
odjdll>Unlink DLL:dll/w01dll.rel
objdll>Unlink DLL epilog
objdll>Unlink DLL epilog finish
objdll>End DLL finish
port> frame 14135: overlay -1 (next 3) event 0
objman>Destory ObjMan
++++++++++++++++++++ Start New OVL 3 (EVT:0 STAT:0x00000000) ++++++++++++++++++
======== HuMem heap dump 03b9c018 ========
MCB-----+Size----+MG+FL+Prev----+Next----+UNum----+Body----+Call----
03b9c018 0000a020 a5 01 03c8f178 03ba6038 ffffff00 03b9c038 00008984
03ba6038 000041c0 a5 01 03b9c018 03baa1f8 ffffff00 03ba6058 0003c618
03baa1f8 00016c80 cd 00 03ba6038 03bc0e78 ffffff00 03baa218 0003cf4c
03bc0e78 00000260 a5 01 03baa1f8 03bc10d8 ffffff00 03bc0e98 00009198
03bc10d8 00000260 a5 01 03bc0e78 03bc1338 ffffff00 03bc10f8 00009198
03bc1338 000002c0 a5 01 03bc10d8 03bc15f8 ffffff00 03bc1358 00009198
03bc15f8 00000240 cd 00 03bc1338 03bc1838 10000000 03bc1618 0007ddf4
03bc1838 00000100 a5 01 03bc15f8 03bc1938 ffffff00 03bc1858 0003769c
03bc1938 00000400 a5 01 03bc1838 03bc1d38 ffffff00 03bc1958 000376ec
03bc1d38 00000400 a5 01 03bc1938 03bc2138 ffffff00 03bc1d58 00037738
03bc2138 00000060 a5 01 03bc1d38 03bc2198 ffffff00 03bc2158 00037784
03bc2198 00000040 a5 01 03bc2138 03bc21d8 ffffff00 03bc21b8 000377d0
03bc21d8 000befc0 cd 00 03bc2198 03c81198 ffffff00 03bc21f8 0003cf4c
03c81198 00002100 a5 01 03bc21d8 03c83298 ffffff00 03c811b8 00009198
03c83298 00000f80 a5 01 03c81198 03c84218 ffffff00 03c832b8 00009198
03c84218 000041c0 a5 01 03c83298 03c883d8 ffffff00 03c84238 00009198
03c883d8 000041c0 a5 01 03c84218 03c8c598 ffffff00 03c883f8 00009198
03c8c598 00002be0 a5 01 03c883d8 03c8f178 ffffff00 03c8c5b8 00009198
03c8f178 0014cea0 cd 00 03c8c598 03b9c018 ffffff00 03c8f198 0003cf4c
MCB:19(15/4) MEM:00240000(0001d2e0/00222d20)
======== HuMem heap dump 03b9c018 end =====
======== HuMem heap dump 03f1c030 ========
MCB-----+Size----+MG+FL+Prev----+Next----+UNum----+Body----+Call----
03f1c030 00a80000 cd 00 03f1c030 03f1c030 10000000 03f1c050 00028130
MCB:1(0/1) MEM:00a80000(00000000/00a80000)
======== HuMem heap dump 03f1c030 end =====
======== HuMem heap dump 0499c03c ========
MCB-----+Size----+MG+FL+Prev----+Next----+UNum----+Body----+Call----
0499c03c 00175720 a5 01 04b1175c 04b1175c ffffff00 0499c05c 00010bdc
04b1175c 0040a8e0 cd 00 0499c03c 0499c03c bdbe92cf 04b1177c 00010bdc
MCB:2(1/1) MEM:00580000(00175720/0040a8e0)
======== HuMem heap dump 0499c03c end =====
objman>Used Memory Size:0001d2e0
objman>Used Memory Cnt:15
objman>Init esp
objman>Call objectsetup
DLLStart 3 0
Search:dll/instdll.rel
objdll>Link DLL:dll/instdll.rel
Rest Memory 40a8e0
===== DLL Module Info dump ====
                   ID:0x00000001
             LinkPrev:0x00000000
             LinkNext:0x00000000
          Section num:15
Section info tbl ofst:0x00000048
           nameOffset:0x00000000
             nameSize:47
              version:0x00000002
===============================
==== DLL Module Header dump ====
          bss Size:0x00000064
        rel Offset:0x00006aa8
        imp Offset:0x0000ad98
    prolog Section:1
    epilog Section:1
unresolved Section:0
       prolog func:0x00000000
       epilog func:0x00000054
   unresolved func:0x00000000
================================
objdll>LinkOK 03baa578 30200000
objdll> dll/instdll.rel prolog start
******* INST ObjectSetup *********
objman>InitObjMan start
objman>InitObjMan end
0
GroupSet 44
***********GroupSet Error 0
Rest Memory 3c3e80
objdll> dll/instdll.rel prolog end
objman>ObjectSetup end
port> frame 14136: overlay 3 (next -1) event 0
DLL DBG OUT
data num 190000
Rest Memory 3b2000
ARAM data num 120006
data num 890000
Rest Memory 3a9d80
data num 5e0000
Rest Memory 3ad3c0
data num 6c0000
Rest Memory 392340
port> status f14160   instdll      board 0 turn 1/1  mg 427 (m427dll)  coins/stars 13/0c 10/0c 10/0c 13/0c  aud 0.23 ms  44.5 fps
port> status f14220   instdll      board 0 turn 1/1  mg 427 (m427dll)  coins/stars 13/0c 10/0c 10/0c 13/0c  aud 0.20 ms  82.3 fps
port> status f14280   instdll      board 0 turn 1/1  mg 427 (m427dll)  coins/stars 13/0c 10/0c 10/0c 13/0c  aud 0.28 ms  67.2 fps
port> dvdheap: 1951614 bytes mode 0 num 0  caller 0xf2e4  caller2 0x30203508
Rest Memory 3a3860
port> status f14340   instdll      board 0 turn 1/1  mg 427 (m427dll)  coins/stars 13/0c 10/0c 10/0c 13/0c  aud 0.28 ms  66.8 fps
port> status f14400   instdll      board 0 turn 1/1  mg 427 (m427dll)  coins/stars 13/0c 10/0c 10/0c 13/0c  aud 0.32 ms  67.8 fps
port> status f14460   instdll      board 0 turn 1/1  mg 427 (m427dll)  coins/stars 13/0c 10/0c 10/0c 13/0c  aud 0.31 ms  74.2 fps
objman>Call New Ovl 35(1)
OvlKill 1
objdll>omDLLNumEnd 3 1
Search:dll/instdll.rel
+++++++++++ Find0: dll/instdll.rel
objdll>omDLLEnd 0 1
objdll>End DLL:dll/instdll.rel
odjdll>Unlink DLL:dll/instdll.rel
objdll>Unlink DLL epilog
objdll>Unlink DLL epilog finish
objdll>End DLL finish
port> frame 14470: overlay -1 (next 35) event 0
objman>Destory ObjMan
++++++++++++++++++++ Start New OVL 35 (EVT:0 STAT:0x00000000) ++++++++++++++++++
======== HuMem heap dump 03b9c018 ========
MCB-----+Size----+MG+FL+Prev----+Next----+UNum----+Body----+Call----
03b9c018 0000a020 a5 01 03c8f178 03ba6038 ffffff00 03b9c038 00008984
03ba6038 000041c0 a5 01 03b9c018 03baa1f8 ffffff00 03ba6058 0003c618
03baa1f8 00016c80 cd 00 03ba6038 03bc0e78 ffffff00 03baa218 0003cf4c
03bc0e78 00000260 a5 01 03baa1f8 03bc10d8 ffffff00 03bc0e98 00009198
03bc10d8 00000260 a5 01 03bc0e78 03bc1338 ffffff00 03bc10f8 00009198
03bc1338 000002c0 a5 01 03bc10d8 03bc15f8 ffffff00 03bc1358 00009198
03bc15f8 00000240 cd 00 03bc1338 03bc1838 10000000 03bc1618 0004471c
03bc1838 00000100 a5 01 03bc15f8 03bc1938 ffffff00 03bc1858 0003769c
03bc1938 00000400 a5 01 03bc1838 03bc1d38 ffffff00 03bc1958 000376ec
03bc1d38 00000400 a5 01 03bc1938 03bc2138 ffffff00 03bc1d58 00037738
03bc2138 00000060 a5 01 03bc1d38 03bc2198 ffffff00 03bc2158 00037784
03bc2198 00000040 a5 01 03bc2138 03bc21d8 ffffff00 03bc21b8 000377d0
03bc21d8 000befc0 cd 00 03bc2198 03c81198 ffffff00 03bc21f8 0003cf4c
03c81198 00002100 a5 01 03bc21d8 03c83298 ffffff00 03c811b8 00009198
03c83298 00000f80 a5 01 03c81198 03c84218 ffffff00 03c832b8 00009198
03c84218 000041c0 a5 01 03c83298 03c883d8 ffffff00 03c84238 00009198
03c883d8 000041c0 a5 01 03c84218 03c8c598 ffffff00 03c883f8 00009198
03c8c598 00002be0 a5 01 03c883d8 03c8f178 ffffff00 03c8c5b8 00009198
03c8f178 0014cea0 cd 00 03c8c598 03b9c018 ffffff00 03c8f198 000446e8
MCB:19(15/4) MEM:00240000(0001d2e0/00222d20)
======== HuMem heap dump 03b9c018 end =====
======== HuMem heap dump 03f1c030 ========
MCB-----+Size----+MG+FL+Prev----+Next----+UNum----+Body----+Call----
03f1c030 00a80000 cd 00 03f1c030 03f1c030 10000000 03f1c050 00039308
MCB:1(0/1) MEM:00a80000(00000000/00a80000)
======== HuMem heap dump 03f1c030 end =====
======== HuMem heap dump 0499c03c ========
MCB-----+Size----+MG+FL+Prev----+Next----+UNum----+Body----+Call----
0499c03c 001dc7a0 a5 01 04b787dc 04b787dc ffffff00 0499c05c 00010bdc
04b787dc 003a3860 cd 00 0499c03c 0499c03c d3bbbe91 04b787fc 00010bdc
MCB:2(1/1) MEM:00580000(001dc7a0/003a3860)
======== HuMem heap dump 0499c03c end =====
objman>Used Memory Size:0001d2e0
objman>Used Memory Cnt:15
objman>Init esp
objman>Call objectsetup
SOUND ##########################
##########################
DLLStart 35 0
Search:dll/m427dll.rel
objdll>Link DLL:dll/m427dll.rel
Rest Memory 3a3860
===== DLL Module Info dump ====
                   ID:0x00000001
             LinkPrev:0x00000000
             LinkNext:0x00000000
          Section num:15
Section info tbl ofst:0x00000048
           nameOffset:0x00000000
             nameSize:47
              version:0x00000002
===============================
==== DLL Module Header dump ====
          bss Size:0x00000598
        rel Offset:0x00018094
        imp Offset:0x0002275c
    prolog Section:1
    epilog Section:1
unresolved Section:0
       prolog func:0x00000000
       epilog func:0x00000054
   unresolved func:0x00000000
================================
objdll>LinkOK 03bc21f8 32000000
objdll> dll/m427dll.rel prolog start
******* M426ObjectSetup *********
objman>InitObjMan start
objman>InitObjMan end
objdll> dll/m427dll.rel prolog end
objman>ObjectSetup end
port> frame 14471: overlay 35 (next -1) event 0
port> mgdump: entered minigame m427dll (mg 427) at frame 14477; dumping 14777,15677; the run ends at 15777
DLL DBG OUT
Init Player 
ARAM data num 610037
data num 5e0001
Rest Memory 32b280
ARAM data num 120006
data num 6c0001
Rest Memory 2b2ce0
data num 190001
Rest Memory 25a400
data num 890001
Rest Memory 1f98a0
texmtx> f14474 id 36 0.5 0 0 0.331239 / 0 0.5 0 0.0005
texmtx> f14474 id 36 0.5 0 0 0.000872665 / 0 0.5 0 0.0005
texmtx> f14475 id 36 0.5 0 0 0.332062 / 0 0.5 0 0.001
texmtx> f14475 id 36 0.5 0 0 0.00174533 / 0 0.5 0 0.001
texmtx> f14476 id 36 0.5 0 0 0.332885 / 0 0.5 0 0.0015
texmtx> f14476 id 36 0.5 0 0 0.00261799 / 0 0.5 0 0.0015
texmtx> f14477 id 36 0.5 0 0 0.333708 / 0 0.5 0 0.002
texmtx> f14477 id 36 0.5 0 0 0.00349065 / 0 0.5 0 0.002
texmtx> f14478 id 36 0.5 0 0 0.33453 / 0 0.5 0 0.0025
texmtx> f14478 id 36 0.5 0 0 0.00436331 / 0 0.5 0 0.0025
texmtx> f14479 id 36 0.5 0 0 0.335352 / 0 0.5 0 0.003
texmtx> f14479 id 36 0.5 0 0 0.00523596 / 0 0.5 0 0.003
texmtx> f14480 id 36 0.5 0 0 0.336174 / 0 0.5 0 0.0035
texmtx> f14480 id 36 0.5 0 0 0.00610861 / 0 0.5 0 0.0035
texmtx> f14481 id 36 0.5 0 0 0.336996 / 0 0.5 0 0.004
texmtx> f14481 id 36 0.5 0 0 0.00698126 / 0 0.5 0 0.004
texmtx> f14482 id 36 0.5 0 0 0.337818 / 0 0.5 0 0.0045
texmtx> f14482 id 36 0.5 0 0 0.0078539 / 0 0.5 0 0.0045
texmtx> f14483 id 36 0.5 0 0 0.338639 / 0 0.5 0 0.005
texmtx> f14483 id 36 0.5 0 0 0.00872654 / 0 0.5 0 0.005
texmtx> f14484 id 36 0.5 0 0 0.33946 / 0 0.5 0 0.0055
texmtx> f14484 id 36 0.5 0 0 0.00959917 / 0 0.5 0 0.0055
texmtx> f14485 id 36 0.5 0 0 0.34028 / 0 0.5 0 0.006
texmtx> f14485 id 36 0.5 0 0 0.0104718 / 0 0.5 0 0.006
texmtx> f14486 id 36 0.5 0 0 0.341101 / 0 0.5 0 0.0065
texmtx> f14486 id 36 0.5 0 0 0.0113444 / 0 0.5 0 0.0065
texmtx> f14487 id 36 0.5 0 0 0.341921 / 0 0.5 0 0.007
texmtx> f14487 id 36 0.5 0 0 0.012217 / 0 0.5 0 0.007
texmtx> f14488 id 36 0.5 0 0 0.342741 / 0 0.5 0 0.0075
texmtx> f14488 id 36 0.5 0 0 0.0130896 / 0 0.5 0 0.0075
texmtx> f14489 id 36 0.5 0 0 0.343561 / 0 0.5 0 0.008
texmtx> f14489 id 36 0.5 0 0 0.0139622 / 0 0.5 0 0.008
texmtx> f14490 id 36 0.5 0 0 0.34438 / 0 0.5 0 0.0085
texmtx> f14490 id 36 0.5 0 0 0.0148348 / 0 0.5 0 0.0085
texmtx> f14491 id 36 0.5 0 0 0.345199 / 0 0.5 0 0.009
texmtx> f14491 id 36 0.5 0 0 0.0157073 / 0 0.5 0 0.009
texmtx> f14492 id 36 0.5 0 0 0.346018 / 0 0.5 0 0.0095
texmtx> f14492 id 36 0.5 0 0 0.0165799 / 0 0.5 0 0.0095
texmtx> f14493 id 36 0.5 0 0 0.346837 / 0 0.5 0 0.01
texmtx> f14493 id 36 0.5 0 0 0.0174524 / 0 0.5 0 0.01
texmtx> f14494 id 36 0.5 0 0 0.347655 / 0 0.5 0 0.0105
texmtx> f14494 id 36 0.5 0 0 0.0183249 / 0 0.5 0 0.0105
texmtx> f14495 id 36 0.5 0 0 0.348473 / 0 0.5 0 0.011
texmtx> f14495 id 36 0.5 0 0 0.0191974 / 0 0.5 0 0.011
texmtx> f14496 id 36 0.5 0 0 0.349291 / 0 0.5 0 0.0115
texmtx> f14496 id 36 0.5 0 0 0.0200699 / 0 0.5 0 0.0115
texmtx> f14497 id 36 0.5 0 0 0.350108 / 0 0.5 0 0.012
texmtx> f14497 id 36 0.5 0 0 0.0209424 / 0 0.5 0 0.012
texmtx> f14498 id 36 0.5 0 0 0.350926 / 0 0.5 0 0.0125
texmtx> f14498 id 36 0.5 0 0 0.0218149 / 0 0.5 0 0.0125
texmtx> f14499 id 36 0.5 0 0 0.351743 / 0 0.5 0 0.013
texmtx> f14499 id 36 0.5 0 0 0.0226873 / 0 0.5 0 0.013
texmtx> f14500 id 36 0.5 0 0 0.35256 / 0 0.5 0 0.0135
texmtx> f14500 id 36 0.5 0 0 0.0235598 / 0 0.5 0 0.0135
texmtx> f14501 id 36 0.5 0 0 0.353376 / 0 0.5 0 0.014
texmtx> f14501 id 36 0.5 0 0 0.0244322 / 0 0.5 0 0.014
texmtx> f14502 id 36 0.5 0 0 0.354192 / 0 0.5 0 0.0145
texmtx> f14502 id 36 0.5 0 0 0.0253046 / 0 0.5 0 0.0145
texmtx> f14503 id 36 0.5 0 0 0.355008 / 0 0.5 0 0.015
texmtx> f14503 id 36 0.5 0 0 0.0261769 / 0 0.5 0 0.015
texmtx> f14504 id 36 0.5 0 0 0.355824 / 0 0.5 0 0.0155
texmtx> f14504 id 36 0.5 0 0 0.0270493 / 0 0.5 0 0.0155
texmtx> f14505 id 36 0.5 0 0 0.356639 / 0 0.5 0 0.016
texmtx> f14505 id 36 0.5 0 0 0.0279216 / 0 0.5 0 0.016
#########SE Entry Error<SE 1621:ErrorNo -33>
#########SE Entry Error<SE 1621:ErrorNo -33>
#########SE Entry Error<SE 1621:ErrorNo -33>
#########SE Entry Error<SE 1622:ErrorNo -33>
#########SE Entry Error<SE 1622:ErrorNo -33>
#########SE Entry Error<SE 1622:ErrorNo -33>
texmtx> f14506 id 36 0.5 0 0 0.357454 / 0 0.5 0 0.0165
texmtx> f14506 id 36 0.5 0 0 0.0287939 / 0 0.5 0 0.0165
texmtx> f14507 id 36 0.5 0 0 0.358269 / 0 0.5 0 0.017
texmtx> f14507 id 36 0.5 0 0 0.0296662 / 0 0.5 0 0.017
texmtx> f14508 id 36 0.5 0 0 0.359084 / 0 0.5 0 0.0175
texmtx> f14508 id 36 0.5 0 0 0.0305385 / 0 0.5 0 0.0175
texmtx> f14509 id 36 0.5 0 0 0.359898 / 0 0.5 0 0.018
texmtx> f14509 id 36 0.5 0 0 0.0314107 / 0 0.5 0 0.018
texmtx> f14510 id 36 0.5 0 0 0.360712 / 0 0.5 0 0.0185
texmtx> f14510 id 36 0.5 0 0 0.032283 / 0 0.5 0 0.0185
texmtx> f14511 id 36 0.5 0 0 0.361526 / 0 0.5 0 0.019
texmtx> f14511 id 36 0.5 0 0 0.0331552 / 0 0.5 0 0.019
texmtx> f14512 id 36 0.5 0 0 0.362339 / 0 0.5 0 0.0195
texmtx> f14512 id 36 0.5 0 0 0.0340273 / 0 0.5 0 0.0195
texmtx> f14513 id 36 0.5 0 0 0.363153 / 0 0.5 0 0.02
texmtx> f14513 id 36 0.5 0 0 0.0348995 / 0 0.5 0 0.02
port> status f14520   m427dll      board 0 turn 1/1  mg 427 (m427dll)  coins/stars 13/0c 10/0c 10/0c 13/0c  aud 0.29 ms  33.6 fps
texmtx> f14514 id 36 0.5 0 0 0.363966 / 0 0.5 0 0.0205
texmtx> f14514 id 36 0.5 0 0 0.0357716 / 0 0.5 0 0.0205
texmtx> f14515 id 36 0.5 0 0 0.364778 / 0 0.5 0 0.021
texmtx> f14515 id 36 0.5 0 0 0.0366437 / 0 0.5 0 0.021
texmtx> f14516 id 36 0.5 0 0 0.365591 / 0 0.5 0 0.0215
texmtx> f14516 id 36 0.5 0 0 0.0375158 / 0 0.5 0 0.0215
texmtx> f14517 id 36 0.5 0 0 0.366403 / 0 0.5 0 0.022
texmtx> f14517 id 36 0.5 0 0 0.0383878 / 0 0.5 0 0.022
texmtx> f14518 id 36 0.5 0 0 0.367215 / 0 0.5 0 0.0225
texmtx> f14518 id 36 0.5 0 0 0.0392598 / 0 0.5 0 0.0225
texmtx> f14519 id 36 0.5 0 0 0.368026 / 0 0.5 0 0.023
texmtx> f14519 id 36 0.5 0 0 0.0401318 / 0 0.5 0 0.023
texmtx> f14520 id 36 0.5 0 0 0.368837 / 0 0.5 0 0.0235
texmtx> f14520 id 36 0.5 0 0 0.0410037 / 0 0.5 0 0.0235
texmtx> f14521 id 36 0.5 0 0 0.369648 / 0 0.5 0 0.024
texmtx> f14521 id 36 0.5 0 0 0.0418756 / 0 0.5 0 0.024
texmtx> f14522 id 36 0.5 0 0 0.370459 / 0 0.5 0 0.0245
texmtx> f14522 id 36 0.5 0 0 0.0427475 / 0 0.5 0 0.0245
texmtx> f14523 id 36 0.5 0 0 0.371269 / 0 0.5 0 0.025
texmtx> f14523 id 36 0.5 0 0 0.0436194 / 0 0.5 0 0.025
texmtx> f14524 id 36 0.5 0 0 0.37208 / 0 0.5 0 0.0255
texmtx> f14524 id 36 0.5 0 0 0.0444912 / 0 0.5 0 0.0255
texmtx> f14525 id 36 0.5 0 0 0.372889 / 0 0.5 0 0.026
texmtx> f14525 id 36 0.5 0 0 0.045363 / 0 0.5 0 0.026
texmtx> f14526 id 36 0.5 0 0 0.373699 / 0 0.5 0 0.0265
texmtx> f14526 id 36 0.5 0 0 0.0462347 / 0 0.5 0 0.0265
texmtx> f14527 id 36 0.5 0 0 0.374508 / 0 0.5 0 0.027
texmtx> f14527 id 36 0.5 0 0 0.0471064 / 0 0.5 0 0.027
texmtx> f14528 id 36 0.5 0 0 0.375317 / 0 0.5 0 0.0275
texmtx> f14528 id 36 0.5 0 0 0.0479781 / 0 0.5 0 0.0275
texmtx> f14529 id 36 0.5 0 0 0.376126 / 0 0.5 0 0.028
texmtx> f14529 id 36 0.5 0 0 0.0488497 / 0 0.5 0 0.028
texmtx> f14530 id 36 0.5 0 0 0.376934 / 0 0.5 0 0.0285
texmtx> f14530 id 36 0.5 0 0 0.0497213 / 0 0.5 0 0.0285
texmtx> f14531 id 36 0.5 0 0 0.377743 / 0 0.5 0 0.029
texmtx> f14531 id 36 0.5 0 0 0.0505929 / 0 0.5 0 0.029
texmtx> f14532 id 36 0.5 0 0 0.37855 / 0 0.5 0 0.0295
texmtx> f14532 id 36 0.5 0 0 0.0514644 / 0 0.5 0 0.0295
texmtx> f14533 id 36 0.5 0 0 0.379358 / 0 0.5 0 0.03
texmtx> f14533 id 36 0.5 0 0 0.0523359 / 0 0.5 0 0.03
texmtx> f14534 id 36 0.5 0 0 0.380165 / 0 0.5 0 0.0305
texmtx> f14534 id 36 0.5 0 0 0.0532074 / 0 0.5 0 0.0305
texmtx> f14535 id 36 0.5 0 0 0.380972 / 0 0.5 0 0.031
texmtx> f14535 id 36 0.5 0 0 0.0540788 / 0 0.5 0 0.031
texmtx> f14536 id 36 0.5 0 0 0.381779 / 0 0.5 0 0.0315
texmtx> f14536 id 36 0.5 0 0 0.0549501 / 0 0.5 0 0.0315
texmtx> f14537 id 36 0.5 0 0 0.382585 / 0 0.5 0 0.032
texmtx> f14537 id 36 0.5 0 0 0.0558215 / 0 0.5 0 0.032
#########SE Entry Error<SE 1621:ErrorNo -33>
#########SE Entry Error<SE 1621:ErrorNo -33>
#########SE Entry Error<SE 1621:ErrorNo -33>
#########SE Entry Error<SE 1622:ErrorNo -33>
#########SE Entry Error<SE 1622:ErrorNo -33>
#########SE Entry Error<SE 1622:ErrorNo -33>
texmtx> f14538 id 36 0.5 0 0 0.383391 / 0 0.5 0 0.0325
texmtx> f14538 id 36 0.5 0 0 0.0566928 / 0 0.5 0 0.0325
texmtx> f14539 id 36 0.5 0 0 0.384197 / 0 0.5 0 0.033
texmtx> f14539 id 36 0.5 0 0 0.057564 / 0 0.5 0 0.033
texmtx> f14540 id 36 0.5 0 0 0.385003 / 0 0.5 0 0.0335
texmtx> f14540 id 36 0.5 0 0 0.0584352 / 0 0.5 0 0.0335
texmtx> f14541 id 36 0.5 0 0 0.385808 / 0 0.5 0 0.034
texmtx> f14541 id 36 0.5 0 0 0.0593063 / 0 0.5 0 0.034
texmtx> f14542 id 36 0.5 0 0 0.386613 / 0 0.5 0 0.0345
texmtx> f14542 id 36 0.5 0 0 0.0601774 / 0 0.5 0 0.0345
texmtx> f14543 id 36 0.5 0 0 0.387418 / 0 0.5 0 0.035
texmtx> f14543 id 36 0.5 0 0 0.0610485 / 0 0.5 0 0.035
texmtx> f14544 id 36 0.5 0 0 0.388222 / 0 0.5 0 0.0355
texmtx> f14544 id 36 0.5 0 0 0.0619195 / 0 0.5 0 0.0355
texmtx> f14545 id 36 0.5 0 0 0.389026 / 0 0.5 0 0.036
texmtx> f14545 id 36 0.5 0 0 0.0627905 / 0 0.5 0 0.036
texmtx> f14546 id 36 0.5 0 0 0.38983 / 0 0.5 0 0.0365
texmtx> f14546 id 36 0.5 0 0 0.0636614 / 0 0.5 0 0.0365
texmtx> f14547 id 36 0.5 0 0 0.390633 / 0 0.5 0 0.037
texmtx> f14547 id 36 0.5 0 0 0.0645323 / 0 0.5 0 0.037
texmtx> f14548 id 36 0.5 0 0 0.391436 / 0 0.5 0 0.0375
texmtx> f14548 id 36 0.5 0 0 0.0654031 / 0 0.5 0 0.0375
texmtx> f14549 id 36 0.5 0 0 0.392239 / 0 0.5 0 0.038
texmtx> f14549 id 36 0.5 0 0 0.0662739 / 0 0.5 0 0.038
texmtx> f14550 id 36 0.5 0 0 0.393042 / 0 0.5 0 0.0385
texmtx> f14550 id 36 0.5 0 0 0.0671446 / 0 0.5 0 0.0385
texmtx> f14551 id 36 0.5 0 0 0.393844 / 0 0.5 0 0.039
texmtx> f14551 id 36 0.5 0 0 0.0680152 / 0 0.5 0 0.039
texmtx> f14552 id 36 0.5 0 0 0.394646 / 0 0.5 0 0.0395
texmtx> f14552 id 36 0.5 0 0 0.0688859 / 0 0.5 0 0.0395
texmtx> f14553 id 36 0.5 0 0 0.395448 / 0 0.5 0 0.04
texmtx> f14553 id 36 0.5 0 0 0.0697564 / 0 0.5 0 0.04
texmtx> f14554 id 36 0.5 0 0 0.396249 / 0 0.5 0 0.0405
texmtx> f14554 id 36 0.5 0 0 0.0706269 / 0 0.5 0 0.0405
texmtx> f14555 id 36 0.5 0 0 0.39705 / 0 0.5 0 0.041
texmtx> f14555 id 36 0.5 0 0 0.0714974 / 0 0.5 0 0.041
texmtx> f14556 id 36 0.5 0 0 0.397851 / 0 0.5 0 0.0415
texmtx> f14556 id 36 0.5 0 0 0.0723678 / 0 0.5 0 0.0415
texmtx> f14557 id 36 0.5 0 0 0.398652 / 0 0.5 0 0.042
texmtx> f14557 id 36 0.5 0 0 0.0732382 / 0 0.5 0 0.042
texmtx> f14558 id 36 0.5 0 0 0.399452 / 0 0.5 0 0.0425
texmtx> f14558 id 36 0.5 0 0 0.0741085 / 0 0.5 0 0.0425
texmtx> f14559 id 36 0.5 0 0 0.400252 / 0 0.5 0 0.043
texmtx> f14559 id 36 0.5 0 0 0.0749787 / 0 0.5 0 0.043
texmtx> f14560 id 36 0.5 0 0 0.401051 / 0 0.5 0 0.0435
texmtx> f14560 id 36 0.5 0 0 0.0758489 / 0 0.5 0 0.0435
texmtx> f14561 id 36 0.5 0 0 0.40185 / 0 0.5 0 0.044
texmtx> f14561 id 36 0.5 0 0 0.076719 / 0 0.5 0 0.044
texmtx> f14562 id 36 0.5 0 0 0.402649 / 0 0.5 0 0.0445
texmtx> f14562 id 36 0.5 0 0 0.0775891 / 0 0.5 0 0.0445
texmtx> f14563 id 36 0.5 0 0 0.403448 / 0 0.5 0 0.045
texmtx> f14563 id 36 0.5 0 0 0.0784591 / 0 0.5 0 0.045
texmtx> f14564 id 36 0.5 0 0 0.404246 / 0 0.5 0 0.0455
texmtx> f14564 id 36 0.5 0 0 0.079329 / 0 0.5 0 0.0455
texmtx> f14565 id 36 0.5 0 0 0.405044 / 0 0.5 0 0.046
texmtx> f14565 id 36 0.5 0 0 0.0801989 / 0 0.5 0 0.046
texmtx> f14566 id 36 0.5 0 0 0.405842 / 0 0.5 0 0.0465
texmtx> f14566 id 36 0.5 0 0 0.0810687 / 0 0.5 0 0.0465
texmtx> f14567 id 36 0.5 0 0 0.406639 / 0 0.5 0 0.047
texmtx> f14567 id 36 0.5 0 0 0.0819385 / 0 0.5 0 0.047
texmtx> f14568 id 36 0.5 0 0 0.407436 / 0 0.5 0 0.0475
texmtx> f14568 id 36 0.5 0 0 0.0828082 / 0 0.5 0 0.0475
texmtx> f14569 id 36 0.5 0 0 0.408233 / 0 0.5 0 0.048
texmtx> f14569 id 36 0.5 0 0 0.0836778 / 0 0.5 0 0.048
#########SE Entry Error<SE 1621:ErrorNo -33>
#########SE Entry Error<SE 1621:ErrorNo -33>
#########SE Entry Error<SE 1621:ErrorNo -33>
#########SE Entry Error<SE 1622:ErrorNo -33>
#########SE Entry Error<SE 1622:ErrorNo -33>
#########SE Entry Error<SE 1622:ErrorNo -33>
texmtx> f14570 id 36 0.5 0 0 0.40903 / 0 0.5 0 0.0485
texmtx> f14570 id 36 0.5 0 0 0.0845474 / 0 0.5 0 0.0485
texmtx> f14571 id 36 0.5 0 0 0.409826 / 0 0.5 0 0.049
texmtx> f14571 id 36 0.5 0 0 0.0854169 / 0 0.5 0 0.049
texmtx> f14572 id 36 0.5 0 0 0.410622 / 0 0.5 0 0.0495
texmtx> f14572 id 36 0.5 0 0 0.0862864 / 0 0.5 0 0.0495
texmtx> f14573 id 36 0.5 0 0 0.411417 / 0 0.5 0 0.05
texmtx> f14573 id 36 0.5 0 0 0.0871558 / 0 0.5 0 0.05
port> status f14580   m427dll      board 0 turn 1/1  mg 427 (m427dll)  coins/stars 13/0c 10/0c 10/0c 13/0c  aud 0.16 ms  37.8 fps
texmtx> f14574 id 36 0.5 0 0 0.412212 / 0 0.5 0 0.0505
texmtx> f14574 id 36 0.5 0 0 0.0880251 / 0 0.5 0 0.0505
texmtx> f14575 id 36 0.5 0 0 0.413007 / 0 0.5 0 0.051
texmtx> f14575 id 36 0.5 0 0 0.0888943 / 0 0.5 0 0.051
texmtx> f14576 id 36 0.5 0 0 0.413802 / 0 0.5 0 0.0515
texmtx> f14576 id 36 0.5 0 0 0.0897635 / 0 0.5 0 0.0515
texmtx> f14577 id 36 0.5 0 0 0.414596 / 0 0.5 0 0.052
texmtx> f14577 id 36 0.5 0 0 0.0906326 / 0 0.5 0 0.052
texmtx> f14578 id 36 0.5 0 0 0.41539 / 0 0.5 0 0.0525
texmtx> f14578 id 36 0.5 0 0 0.0915017 / 0 0.5 0 0.0525
texmtx> f14579 id 36 0.5 0 0 0.416184 / 0 0.5 0 0.053
texmtx> f14579 id 36 0.5 0 0 0.0923706 / 0 0.5 0 0.053
texmtx> f14580 id 36 0.5 0 0 0.416977 / 0 0.5 0 0.0535
texmtx> f14580 id 36 0.5 0 0 0.0932395 / 0 0.5 0 0.0535
texmtx> f14581 id 36 0.5 0 0 0.41777 / 0 0.5 0 0.054
texmtx> f14581 id 36 0.5 0 0 0.0941084 / 0 0.5 0 0.054
texmtx> f14582 id 36 0.5 0 0 0.418563 / 0 0.5 0 0.0545
texmtx> f14582 id 36 0.5 0 0 0.0949771 / 0 0.5 0 0.0545
texmtx> f14583 id 36 0.5 0 0 0.419355 / 0 0.5 0 0.055
texmtx> f14583 id 36 0.5 0 0 0.0958458 / 0 0.5 0 0.055
texmtx> f14584 id 36 0.5 0 0 0.420147 / 0 0.5 0 0.0555
texmtx> f14584 id 36 0.5 0 0 0.0967144 / 0 0.5 0 0.0555
texmtx> f14585 id 36 0.5 0 0 0.420939 / 0 0.5 0 0.056
texmtx> f14585 id 36 0.5 0 0 0.097583 / 0 0.5 0 0.056
texmtx> f14586 id 36 0.5 0 0 0.42173 / 0 0.5 0 0.0565
texmtx> f14586 id 36 0.5 0 0 0.0984514 / 0 0.5 0 0.0565
texmtx> f14587 id 36 0.5 0 0 0.422521 / 0 0.5 0 0.057
texmtx> f14587 id 36 0.5 0 0 0.0993198 / 0 0.5 0 0.057
texmtx> f14588 id 36 0.5 0 0 0.423312 / 0 0.5 0 0.0575
texmtx> f14588 id 36 0.5 0 0 0.100188 / 0 0.5 0 0.0575
texmtx> f14589 id 36 0.5 0 0 0.424103 / 0 0.5 0 0.058
texmtx> f14589 id 36 0.5 0 0 0.101056 / 0 0.5 0 0.058
texmtx> f14590 id 36 0.5 0 0 0.424893 / 0 0.5 0 0.0585
texmtx> f14590 id 36 0.5 0 0 0.101925 / 0 0.5 0 0.0585
texmtx> f14591 id 36 0.5 0 0 0.425683 / 0 0.5 0 0.059
texmtx> f14591 id 36 0.5 0 0 0.102793 / 0 0.5 0 0.059
texmtx> f14592 id 36 0.5 0 0 0.426472 / 0 0.5 0 0.0595
texmtx> f14592 id 36 0.5 0 0 0.103661 / 0 0.5 0 0.0595
texmtx> f14593 id 36 0.5 0 0 0.427261 / 0 0.5 0 0.06
texmtx> f14593 id 36 0.5 0 0 0.104529 / 0 0.5 0 0.06
texmtx> f14594 id 36 0.5 0 0 0.42805 / 0 0.5 0 0.0605
texmtx> f14594 id 36 0.5 0 0 0.105396 / 0 0.5 0 0.0605
texmtx> f14595 id 36 0.5 0 0 0.428839 / 0 0.5 0 0.061
texmtx> f14595 id 36 0.5 0 0 0.106264 / 0 0.5 0 0.061
texmtx> f14596 id 36 0.5 0 0 0.429627 / 0 0.5 0 0.0615
texmtx> f14596 id 36 0.5 0 0 0.107132 / 0 0.5 0 0.0615
texmtx> f14597 id 36 0.5 0 0 0.430415 / 0 0.5 0 0.062
texmtx> f14597 id 36 0.5 0 0 0.107999 / 0 0.5 0 0.062
texmtx> f14598 id 36 0.5 0 0 0.431202 / 0 0.5 0 0.0625
texmtx> f14598 id 36 0.5 0 0 0.108867 / 0 0.5 0 0.0625
texmtx> f14599 id 36 0.5 0 0 0.431989 / 0 0.5 0 0.063
texmtx> f14599 id 36 0.5 0 0 0.109734 / 0 0.5 0 0.063
texmtx> f14600 id 36 0.5 0 0 0.432776 / 0 0.5 0 0.0635
texmtx> f14600 id 36 0.5 0 0 0.110602 / 0 0.5 0 0.0635
texmtx> f14601 id 36 0.5 0 0 0.433563 / 0 0.5 0 0.064
texmtx> f14601 id 36 0.5 0 0 0.111469 / 0 0.5 0 0.064
#########SE Entry Error<SE 1621:ErrorNo -33>
#########SE Entry Error<SE 1621:ErrorNo -33>
#########SE Entry Error<SE 1621:ErrorNo -33>
#########SE Entry Error<SE 1622:ErrorNo -33>
#########SE Entry Error<SE 1622:ErrorNo -33>
#########SE Entry Error<SE 1622:ErrorNo -33>
texmtx> f14602 id 36 0.5 0 0 0.434349 / 0 0.5 0 0.0645
texmtx> f14602 id 36 0.5 0 0 0.112336 / 0 0.5 0 0.0645
texmtx> f14603 id 36 0.5 0 0 0.435135 / 0 0.5 0 0.065
texmtx> f14603 id 36 0.5 0 0 0.113203 / 0 0.5 0 0.065
texmtx> f14604 id 36 0.5 0 0 0.43592 / 0 0.5 0 0.0655
texmtx> f14604 id 36 0.5 0 0 0.11407 / 0 0.5 0 0.0655
texmtx> f14605 id 36 0.5 0 0 0.436705 / 0 0.5 0 0.066
texmtx> f14605 id 36 0.5 0 0 0.114937 / 0 0.5 0 0.066
texmtx> f14606 id 36 0.5 0 0 0.43749 / 0 0.5 0 0.0665
texmtx> f14606 id 36 0.5 0 0 0.115804 / 0 0.5 0 0.0665
texmtx> f14607 id 36 0.5 0 0 0.438275 / 0 0.5 0 0.067
texmtx> f14607 id 36 0.5 0 0 0.116671 / 0 0.5 0 0.067
texmtx> f14608 id 36 0.5 0 0 0.439059 / 0 0.5 0 0.0675
texmtx> f14608 id 36 0.5 0 0 0.117538 / 0 0.5 0 0.0675
texmtx> f14609 id 36 0.5 0 0 0.439843 / 0 0.5 0 0.068
texmtx> f14609 id 36 0.5 0 0 0.118404 / 0 0.5 0 0.068
texmtx> f14610 id 36 0.5 0 0 0.440627 / 0 0.5 0 0.0685
texmtx> f14610 id 36 0.5 0 0 0.119271 / 0 0.5 0 0.0685
texmtx> f14611 id 36 0.5 0 0 0.44141 / 0 0.5 0 0.0690001
texmtx> f14611 id 36 0.5 0 0 0.120137 / 0 0.5 0 0.0690001
texmtx> f14612 id 36 0.5 0 0 0.442193 / 0 0.5 0 0.0695001
texmtx> f14612 id 36 0.5 0 0 0.121003 / 0 0.5 0 0.0695001
texmtx> f14613 id 36 0.5 0 0 0.442975 / 0 0.5 0 0.0700001
texmtx> f14613 id 36 0.5 0 0 0.121869 / 0 0.5 0 0.0700001
texmtx> f14614 id 36 0.5 0 0 0.443757 / 0 0.5 0 0.0705001
texmtx> f14614 id 36 0.5 0 0 0.122736 / 0 0.5 0 0.0705001
texmtx> f14615 id 36 0.5 0 0 0.444539 / 0 0.5 0 0.0710001
texmtx> f14615 id 36 0.5 0 0 0.123602 / 0 0.5 0 0.0710001
texmtx> f14616 id 36 0.5 0 0 0.445321 / 0 0.5 0 0.0715001
texmtx> f14616 id 36 0.5 0 0 0.124468 / 0 0.5 0 0.0715001
texmtx> f14617 id 36 0.5 0 0 0.446102 / 0 0.5 0 0.0720001
texmtx> f14617 id 36 0.5 0 0 0.125333 / 0 0.5 0 0.0720001
texmtx> f14618 id 36 0.5 0 0 0.446883 / 0 0.5 0 0.0725001
texmtx> f14618 id 36 0.5 0 0 0.126199 / 0 0.5 0 0.0725001
texmtx> f14619 id 36 0.5 0 0 0.447663 / 0 0.5 0 0.0730001
texmtx> f14619 id 36 0.5 0 0 0.127065 / 0 0.5 0 0.0730001
texmtx> f14620 id 36 0.5 0 0 0.448443 / 0 0.5 0 0.0735001
texmtx> f14620 id 36 0.5 0 0 0.12793 / 0 0.5 0 0.0735001
texmtx> f14621 id 36 0.5 0 0 0.449223 / 0 0.5 0 0.0740001
texmtx> f14621 id 36 0.5 0 0 0.128796 / 0 0.5 0 0.0740001
texmtx> f14622 id 36 0.5 0 0 0.450003 / 0 0.5 0 0.0745001
texmtx> f14622 id 36 0.5 0 0 0.129661 / 0 0.5 0 0.0745001
texmtx> f14623 id 36 0.5 0 0 0.450782 / 0 0.5 0 0.0750001
texmtx> f14623 id 36 0.5 0 0 0.130526 / 0 0.5 0 0.0750001
texmtx> f14624 id 36 0.5 0 0 0.451561 / 0 0.5 0 0.0755001
texmtx> f14624 id 36 0.5 0 0 0.131392 / 0 0.5 0 0.0755001
texmtx> f14625 id 36 0.5 0 0 0.452339 / 0 0.5 0 0.0760001
texmtx> f14625 id 36 0.5 0 0 0.132257 / 0 0.5 0 0.0760001
texmtx> f14626 id 36 0.5 0 0 0.453117 / 0 0.5 0 0.0765001
texmtx> f14626 id 36 0.5 0 0 0.133122 / 0 0.5 0 0.0765001
texmtx> f14627 id 36 0.5 0 0 0.453895 / 0 0.5 0 0.0770001
texmtx> f14627 id 36 0.5 0 0 0.133986 / 0 0.5 0 0.0770001
texmtx> f14628 id 36 0.5 0 0 0.454672 / 0 0.5 0 0.0775001
texmtx> f14628 id 36 0.5 0 0 0.134851 / 0 0.5 0 0.0775001
texmtx> f14629 id 36 0.5 0 0 0.455449 / 0 0.5 0 0.0780001
texmtx> f14629 id 36 0.5 0 0 0.135716 / 0 0.5 0 0.0780001
texmtx> f14630 id 36 0.5 0 0 0.456226 / 0 0.5 0 0.0785001
texmtx> f14630 id 36 0.5 0 0 0.13658 / 0 0.5 0 0.0785001
texmtx> f14631 id 36 0.5 0 0 0.457002 / 0 0.5 0 0.0790001
texmtx> f14631 id 36 0.5 0 0 0.137445 / 0 0.5 0 0.0790001
texmtx> f14632 id 36 0.5 0 0 0.457778 / 0 0.5 0 0.0795001
texmtx> f14632 id 36 0.5 0 0 0.138309 / 0 0.5 0 0.0795001
texmtx> f14633 id 36 0.5 0 0 0.458554 / 0 0.5 0 0.0800001
texmtx> f14633 id 36 0.5 0 0 0.139173 / 0 0.5 0 0.0800001
port> status f14640   m427dll      board 0 turn 1/1  mg 427 (m427dll)  coins/stars 13/0c 10/0c 10/0c 13/0c  aud 0.19 ms  39.8 fps
#########SE Entry Error<SE 1621:ErrorNo -33>
#########SE Entry Error<SE 1621:ErrorNo -33>
#########SE Entry Error<SE 1621:ErrorNo -33>
#########SE Entry Error<SE 1622:ErrorNo -33>
#########SE Entry Error<SE 1622:ErrorNo -33>
#########SE Entry Error<SE 1622:ErrorNo -33>
texmtx> f14634 id 36 0.5 0 0 0.459329 / 0 0.5 0 0.0805001
texmtx> f14634 id 36 0.5 0 0 0.140037 / 0 0.5 0 0.0805001
texmtx> f14635 id 36 0.5 0 0 0.460104 / 0 0.5 0 0.0810001
texmtx> f14635 id 36 0.5 0 0 0.140901 / 0 0.5 0 0.0810001
texmtx> f14636 id 36 0.5 0 0 0.460879 / 0 0.5 0 0.0815001
texmtx> f14636 id 36 0.5 0 0 0.141765 / 0 0.5 0 0.0815001
texmtx> f14637 id 36 0.5 0 0 0.461653 / 0 0.5 0 0.0820001
texmtx> f14637 id 36 0.5 0 0 0.142629 / 0 0.5 0 0.0820001
texmtx> f14638 id 36 0.5 0 0 0.462427 / 0 0.5 0 0.0825001
texmtx> f14638 id 36 0.5 0 0 0.143493 / 0 0.5 0 0.0825001
texmtx> f14639 id 36 0.5 0 0 0.463201 / 0 0.5 0 0.0830001
texmtx> f14639 id 36 0.5 0 0 0.144356 / 0 0.5 0 0.0830001
texmtx> f14640 id 36 0.5 0 0 0.463974 / 0 0.5 0 0.0835001
texmtx> f14640 id 36 0.5 0 0 0.14522 / 0 0.5 0 0.0835001
texmtx> f14641 id 36 0.5 0 0 0.464747 / 0 0.5 0 0.0840001
texmtx> f14641 id 36 0.5 0 0 0.146083 / 0 0.5 0 0.0840001
texmtx> f14642 id 36 0.5 0 0 0.465519 / 0 0.5 0 0.0845001
texmtx> f14642 id 36 0.5 0 0 0.146947 / 0 0.5 0 0.0845001
texmtx> f14643 id 36 0.5 0 0 0.466292 / 0 0.5 0 0.0850001
texmtx> f14643 id 36 0.5 0 0 0.14781 / 0 0.5 0 0.0850001
texmtx> f14644 id 36 0.5 0 0 0.467063 / 0 0.5 0 0.0855001
texmtx> f14644 id 36 0.5 0 0 0.148673 / 0 0.5 0 0.0855001
texmtx> f14645 id 36 0.5 0 0 0.467835 / 0 0.5 0 0.0860001
texmtx> f14645 id 36 0.5 0 0 0.149536 / 0 0.5 0 0.0860001
texmtx> f14646 id 36 0.5 0 0 0.468606 / 0 0.5 0 0.0865001
texmtx> f14646 id 36 0.5 0 0 0.150398 / 0 0.5 0 0.0865001
texmtx> f14647 id 36 0.5 0 0 0.469377 / 0 0.5 0 0.0870001
texmtx> f14647 id 36 0.5 0 0 0.151261 / 0 0.5 0 0.0870001
texmtx> f14648 id 36 0.5 0 0 0.470147 / 0 0.5 0 0.0875001
texmtx> f14648 id 36 0.5 0 0 0.152124 / 0 0.5 0 0.0875001
texmtx> f14649 id 36 0.5 0 0 0.470917 / 0 0.5 0 0.0880001
texmtx> f14649 id 36 0.5 0 0 0.152986 / 0 0.5 0 0.0880001
texmtx> f14650 id 36 0.5 0 0 0.471687 / 0 0.5 0 0.0885001
texmtx> f14650 id 36 0.5 0 0 0.153848 / 0 0.5 0 0.0885001
texmtx> f14651 id 36 0.5 0 0 0.472456 / 0 0.5 0 0.0890001
texmtx> f14651 id 36 0.5 0 0 0.154711 / 0 0.5 0 0.0890001
texmtx> f14652 id 36 0.5 0 0 0.473225 / 0 0.5 0 0.0895001
texmtx> f14652 id 36 0.5 0 0 0.155573 / 0 0.5 0 0.0895001
texmtx> f14653 id 36 0.5 0 0 0.473993 / 0 0.5 0 0.0900001
texmtx> f14653 id 36 0.5 0 0 0.156435 / 0 0.5 0 0.0900001
texmtx> f14654 id 36 0.5 0 0 0.474762 / 0 0.5 0 0.0905001
texmtx> f14654 id 36 0.5 0 0 0.157297 / 0 0.5 0 0.0905001
texmtx> f14655 id 36 0.5 0 0 0.475529 / 0 0.5 0 0.0910001
texmtx> f14655 id 36 0.5 0 0 0.158158 / 0 0.5 0 0.0910001
texmtx> f14656 id 36 0.5 0 0 0.476297 / 0 0.5 0 0.0915001
texmtx> f14656 id 36 0.5 0 0 0.15902 / 0 0.5 0 0.0915001
texmtx> f14657 id 36 0.5 0 0 0.477064 / 0 0.5 0 0.0920001
texmtx> f14657 id 36 0.5 0 0 0.159881 / 0 0.5 0 0.0920001
texmtx> f14658 id 36 0.5 0 0 0.477831 / 0 0.5 0 0.0925001
texmtx> f14658 id 36 0.5 0 0 0.160743 / 0 0.5 0 0.0925001
texmtx> f14659 id 36 0.5 0 0 0.478597 / 0 0.5 0 0.0930001
texmtx> f14659 id 36 0.5 0 0 0.161604 / 0 0.5 0 0.0930001
texmtx> f14660 id 36 0.5 0 0 0.479363 / 0 0.5 0 0.0935001
texmtx> f14660 id 36 0.5 0 0 0.162465 / 0 0.5 0 0.0935001
texmtx> f14661 id 36 0.5 0 0 0.480129 / 0 0.5 0 0.0940001
texmtx> f14661 id 36 0.5 0 0 0.163326 / 0 0.5 0 0.0940001
texmtx> f14662 id 36 0.5 0 0 0.480894 / 0 0.5 0 0.0945001
texmtx> f14662 id 36 0.5 0 0 0.164187 / 0 0.5 0 0.0945001
texmtx> f14663 id 36 0.5 0 0 0.481659 / 0 0.5 0 0.0950001
texmtx> f14663 id 36 0.5 0 0 0.165048 / 0 0.5 0 0.0950001
texmtx> f14664 id 36 0.5 0 0 0.482424 / 0 0.5 0 0.0955001
texmtx> f14664 id 36 0.5 0 0 0.165909 / 0 0.5 0 0.0955001
texmtx> f14665 id 36 0.5 0 0 0.483188 / 0 0.5 0 0.0960001
texmtx> f14665 id 36 0.5 0 0 0.166769 / 0 0.5 0 0.0960001
#########SE Entry Error<SE 1621:ErrorNo -33>
#########SE Entry Error<SE 1621:ErrorNo -33>
#########SE Entry Error<SE 1621:ErrorNo -33>
#########SE Entry Error<SE 1622:ErrorNo -33>
#########SE Entry Error<SE 1622:ErrorNo -33>
#########SE Entry Error<SE 1622:ErrorNo -33>
texmtx> f14666 id 36 0.5 0 0 0.483952 / 0 0.5 0 0.0965001
texmtx> f14666 id 36 0.5 0 0 0.167629 / 0 0.5 0 0.0965001
texmtx> f14667 id 36 0.5 0 0 0.484715 / 0 0.5 0 0.0970001
texmtx> f14667 id 36 0.5 0 0 0.16849 / 0 0.5 0 0.0970001
texmtx> f14668 id 36 0.5 0 0 0.485478 / 0 0.5 0 0.0975001
texmtx> f14668 id 36 0.5 0 0 0.16935 / 0 0.5 0 0.0975001
texmtx> f14669 id 36 0.5 0 0 0.486241 / 0 0.5 0 0.0980001
texmtx> f14669 id 36 0.5 0 0 0.17021 / 0 0.5 0 0.0980001
texmtx> f14670 id 36 0.5 0 0 0.487003 / 0 0.5 0 0.0985001
texmtx> f14670 id 36 0.5 0 0 0.17107 / 0 0.5 0 0.0985001
texmtx> f14671 id 36 0.5 0 0 0.487765 / 0 0.5 0 0.0990001
texmtx> f14671 id 36 0.5 0 0 0.171929 / 0 0.5 0 0.0990001
texmtx> f14672 id 36 0.5 0 0 0.488527 / 0 0.5 0 0.0995001
texmtx> f14672 id 36 0.5 0 0 0.172789 / 0 0.5 0 0.0995001
texmtx> f14673 id 36 0.5 0 0 0.489288 / 0 0.5 0 0.1
texmtx> f14673 id 36 0.5 0 0 0.173649 / 0 0.5 0 0.1
texmtx> f14674 id 36 0.5 0 0 0.490049 / 0 0.5 0 0.1005
texmtx> f14674 id 36 0.5 0 0 0.174508 / 0 0.5 0 0.1005
texmtx> f14675 id 36 0.5 0 0 0.49081 / 0 0.5 0 0.101
texmtx> f14675 id 36 0.5 0 0 0.175367 / 0 0.5 0 0.101
texmtx> f14676 id 36 0.5 0 0 0.49157 / 0 0.5 0 0.1015
texmtx> f14676 id 36 0.5 0 0 0.176226 / 0 0.5 0 0.1015
texmtx> f14677 id 36 0.5 0 0 0.49233 / 0 0.5 0 0.102
texmtx> f14677 id 36 0.5 0 0 0.177085 / 0 0.5 0 0.102
texmtx> f14678 id 36 0.5 0 0 0.493089 / 0 0.5 0 0.1025
texmtx> f14678 id 36 0.5 0 0 0.177944 / 0 0.5 0 0.1025
texmtx> f14679 id 36 0.5 0 0 0.493848 / 0 0.5 0 0.103
texmtx> f14679 id 36 0.5 0 0 0.178803 / 0 0.5 0 0.103
texmtx> f14680 id 36 0.5 0 0 0.494607 / 0 0.5 0 0.1035
texmtx> f14680 id 36 0.5 0 0 0.179661 / 0 0.5 0 0.1035
texmtx> f14681 id 36 0.5 0 0 0.495365 / 0 0.5 0 0.104
texmtx> f14681 id 36 0.5 0 0 0.18052 / 0 0.5 0 0.104
texmtx> f14682 id 36 0.5 0 0 0.496123 / 0 0.5 0 0.1045
texmtx> f14682 id 36 0.5 0 0 0.181378 / 0 0.5 0 0.1045
texmtx> f14683 id 36 0.5 0 0 0.49688 / 0 0.5 0 0.105
texmtx> f14683 id 36 0.5 0 0 0.182236 / 0 0.5 0 0.105
texmtx> f14684 id 36 0.5 0 0 0.497637 / 0 0.5 0 0.1055
texmtx> f14684 id 36 0.5 0 0 0.183094 / 0 0.5 0 0.1055
texmtx> f14685 id 36 0.5 0 0 0.498394 / 0 0.5 0 0.106
texmtx> f14685 id 36 0.5 0 0 0.183952 / 0 0.5 0 0.106
texmtx> f14686 id 36 0.5 0 0 0.49915 / 0 0.5 0 0.1065
texmtx> f14686 id 36 0.5 0 0 0.184809 / 0 0.5 0 0.1065
texmtx> f14687 id 36 0.5 0 0 0.499906 / 0 0.5 0 0.107
texmtx> f14687 id 36 0.5 0 0 0.185667 / 0 0.5 0 0.107
texmtx> f14688 id 36 0.5 0 0 0.500662 / 0 0.5 0 0.1075
texmtx> f14688 id 36 0.5 0 0 0.186524 / 0 0.5 0 0.1075
texmtx> f14689 id 36 0.5 0 0 0.501417 / 0 0.5 0 0.108
texmtx> f14689 id 36 0.5 0 0 0.187382 / 0 0.5 0 0.108
texmtx> f14690 id 36 0.5 0 0 0.502172 / 0 0.5 0 0.1085
texmtx> f14690 id 36 0.5 0 0 0.188239 / 0 0.5 0 0.1085
texmtx> f14691 id 36 0.5 0 0 0.502926 / 0 0.5 0 0.109
texmtx> f14691 id 36 0.5 0 0 0.189096 / 0 0.5 0 0.109
texmtx> f14692 id 36 0.5 0 0 0.503681 / 0 0.5 0 0.1095
texmtx> f14692 id 36 0.5 0 0 0.189953 / 0 0.5 0 0.1095
texmtx> f14693 id 36 0.5 0 0 0.504434 / 0 0.5 0 0.11
texmtx> f14693 id 36 0.5 0 0 0.190809 / 0 0.5 0 0.11
port> status f14700   m427dll      board 0 turn 1/1  mg 427 (m427dll)  coins/stars 13/0c 10/0c 10/0c 13/0c  aud 0.18 ms  39.5 fps
texmtx> f14694 id 36 0.5 0 0 0.505188 / 0 0.5 0 0.1105
texmtx> f14694 id 36 0.5 0 0 0.191666 / 0 0.5 0 0.1105
texmtx> f14695 id 36 0.5 0 0 0.50594 / 0 0.5 0 0.111
texmtx> f14695 id 36 0.5 0 0 0.192522 / 0 0.5 0 0.111
texmtx> f14696 id 36 0.5 0 0 0.506693 / 0 0.5 0 0.1115
texmtx> f14696 id 36 0.5 0 0 0.193379 / 0 0.5 0 0.1115
texmtx> f14697 id 36 0.5 0 0 0.507445 / 0 0.5 0 0.112
texmtx> f14697 id 36 0.5 0 0 0.194235 / 0 0.5 0 0.112
#########SE Entry Error<SE 1621:ErrorNo -33>
#########SE Entry Error<SE 1621:ErrorNo -33>
#########SE Entry Error<SE 1621:ErrorNo -33>
#########SE Entry Error<SE 1622:ErrorNo -33>
#########SE Entry Error<SE 1622:ErrorNo -33>
#########SE Entry Error<SE 1622:ErrorNo -33>
texmtx> f14698 id 36 0.5 0 0 0.508197 / 0 0.5 0 0.1125
texmtx> f14698 id 36 0.5 0 0 0.195091 / 0 0.5 0 0.1125
texmtx> f14699 id 36 0.5 0 0 0.508948 / 0 0.5 0 0.113
texmtx> f14699 id 36 0.5 0 0 0.195947 / 0 0.5 0 0.113
texmtx> f14700 id 36 0.5 0 0 0.509699 / 0 0.5 0 0.1135
texmtx> f14700 id 36 0.5 0 0 0.196802 / 0 0.5 0 0.1135
texmtx> f14701 id 36 0.5 0 0 0.51045 / 0 0.5 0 0.114
texmtx> f14701 id 36 0.5 0 0 0.197658 / 0 0.5 0 0.114
texmtx> f14702 id 36 0.5 0 0 0.5112 / 0 0.5 0 0.1145
texmtx> f14702 id 36 0.5 0 0 0.198513 / 0 0.5 0 0.1145
texmtx> f14703 id 36 0.5 0 0 0.51195 / 0 0.5 0 0.115
texmtx> f14703 id 36 0.5 0 0 0.199368 / 0 0.5 0 0.115
texmtx> f14704 id 36 0.5 0 0 0.512699 / 0 0.5 0 0.1155
texmtx> f14704 id 36 0.5 0 0 0.200223 / 0 0.5 0 0.1155
texmtx> f14705 id 36 0.5 0 0 0.513448 / 0 0.5 0 0.116
texmtx> f14705 id 36 0.5 0 0 0.201078 / 0 0.5 0 0.116
texmtx> f14706 id 36 0.5 0 0 0.514197 / 0 0.5 0 0.1165
texmtx> f14706 id 36 0.5 0 0 0.201933 / 0 0.5 0 0.1165
texmtx> f14707 id 36 0.5 0 0 0.514945 / 0 0.5 0 0.117
texmtx> f14707 id 36 0.5 0 0 0.202788 / 0 0.5 0 0.117
texmtx> f14708 id 36 0.5 0 0 0.515693 / 0 0.5 0 0.1175
texmtx> f14708 id 36 0.5 0 0 0.203642 / 0 0.5 0 0.1175
texmtx> f14709 id 36 0.5 0 0 0.516441 / 0 0.5 0 0.118
texmtx> f14709 id 36 0.5 0 0 0.204497 / 0 0.5 0 0.118
texmtx> f14710 id 36 0.5 0 0 0.517188 / 0 0.5 0 0.1185
texmtx> f14710 id 36 0.5 0 0 0.205351 / 0 0.5 0 0.1185
texmtx> f14711 id 36 0.5 0 0 0.517934 / 0 0.5 0 0.119
texmtx> f14711 id 36 0.5 0 0 0.206205 / 0 0.5 0 0.119
texmtx> f14712 id 36 0.5 0 0 0.518681 / 0 0.5 0 0.1195
texmtx> f14712 id 36 0.5 0 0 0.207058 / 0 0.5 0 0.1195
texmtx> f14713 id 36 0.5 0 0 0.519426 / 0 0.5 0 0.12
texmtx> f14713 id 36 0.5 0 0 0.207912 / 0 0.5 0 0.12
texmtx> f14714 id 36 0.5 0 0 0.520172 / 0 0.5 0 0.1205
texmtx> f14714 id 36 0.5 0 0 0.208766 / 0 0.5 0 0.1205
texmtx> f14715 id 36 0.5 0 0 0.520917 / 0 0.5 0 0.121
texmtx> f14715 id 36 0.5 0 0 0.209619 / 0 0.5 0 0.121
texmtx> f14716 id 36 0.5 0 0 0.521662 / 0 0.5 0 0.1215
texmtx> f14716 id 36 0.5 0 0 0.210472 / 0 0.5 0 0.1215
texmtx> f14717 id 36 0.5 0 0 0.522406 / 0 0.5 0 0.122
texmtx> f14717 id 36 0.5 0 0 0.211325 / 0 0.5 0 0.122
texmtx> f14718 id 36 0.5 0 0 0.52315 / 0 0.5 0 0.1225
texmtx> f14718 id 36 0.5 0 0 0.212178 / 0 0.5 0 0.1225
texmtx> f14719 id 36 0.5 0 0 0.523893 / 0 0.5 0 0.123
texmtx> f14719 id 36 0.5 0 0 0.213031 / 0 0.5 0 0.123
texmtx> f14720 id 36 0.5 0 0 0.524637 / 0 0.5 0 0.1235
texmtx> f14720 id 36 0.5 0 0 0.213883 / 0 0.5 0 0.1235
texmtx> f14721 id 36 0.5 0 0 0.525379 / 0 0.5 0 0.124
texmtx> f14721 id 36 0.5 0 0 0.214736 / 0 0.5 0 0.124
texmtx> f14722 id 36 0.5 0 0 0.526122 / 0 0.5 0 0.1245
texmtx> f14722 id 36 0.5 0 0 0.215588 / 0 0.5 0 0.1245
texmtx> f14723 id 36 0.5 0 0 0.526864 / 0 0.5 0 0.125
texmtx> f14723 id 36 0.5 0 0 0.21644 / 0 0.5 0 0.125
texmtx> f14724 id 36 0.5 0 0 0.527605 / 0 0.5 0 0.1255
texmtx> f14724 id 36 0.5 0 0 0.217292 / 0 0.5 0 0.1255
texmtx> f14725 id 36 0.5 0 0 0.528346 / 0 0.5 0 0.126
texmtx> f14725 id 36 0.5 0 0 0.218144 / 0 0.5 0 0.126
texmtx> f14726 id 36 0.5 0 0 0.529087 / 0 0.5 0 0.1265
texmtx> f14726 id 36 0.5 0 0 0.218995 / 0 0.5 0 0.1265
texmtx> f14727 id 36 0.5 0 0 0.529827 / 0 0.5 0 0.127
texmtx> f14727 id 36 0.5 0 0 0.219847 / 0 0.5 0 0.127
texmtx> f14728 id 36 0.5 0 0 0.530567 / 0 0.5 0 0.1275
texmtx> f14728 id 36 0.5 0 0 0.220698 / 0 0.5 0 0.1275
texmtx> f14729 id 36 0.5 0 0 0.531307 / 0 0.5 0 0.128
texmtx> f14729 id 36 0.5 0 0 0.221549 / 0 0.5 0 0.128
#########SE Entry Error<SE 1621:ErrorNo -33>
#########SE Entry Error<SE 1621:ErrorNo -33>
#########SE Entry Error<SE 1621:ErrorNo -33>
#########SE Entry Error<SE 1622:ErrorNo -33>
#########SE Entry Error<SE 1622:ErrorNo -33>
#########SE Entry Error<SE 1622:ErrorNo -33>
texmtx> f14730 id 36 0.5 0 0 0.532046 / 0 0.5 0 0.1285
texmtx> f14730 id 36 0.5 0 0 0.2224 / 0 0.5 0 0.1285
texmtx> f14731 id 36 0.5 0 0 0.532784 / 0 0.5 0 0.129
texmtx> f14731 id 36 0.5 0 0 0.223251 / 0 0.5 0 0.129
texmtx> f14732 id 36 0.5 0 0 0.533523 / 0 0.5 0 0.1295
texmtx> f14732 id 36 0.5 0 0 0.224101 / 0 0.5 0 0.1295
texmtx> f14733 id 36 0.5 0 0 0.53426 / 0 0.5 0 0.13
texmtx> f14733 id 36 0.5 0 0 0.224952 / 0 0.5 0 0.13
texmtx> f14734 id 36 0.5 0 0 0.534998 / 0 0.5 0 0.1305
texmtx> f14734 id 36 0.5 0 0 0.225802 / 0 0.5 0 0.1305
texmtx> f14735 id 36 0.5 0 0 0.535735 / 0 0.5 0 0.131
texmtx> f14735 id 36 0.5 0 0 0.226652 / 0 0.5 0 0.131
texmtx> f14736 id 36 0.5 0 0 0.536472 / 0 0.5 0 0.1315
texmtx> f14736 id 36 0.5 0 0 0.227502 / 0 0.5 0 0.1315
texmtx> f14737 id 36 0.5 0 0 0.537208 / 0 0.5 0 0.132
texmtx> f14737 id 36 0.5 0 0 0.228351 / 0 0.5 0 0.132
texmtx> f14738 id 36 0.5 0 0 0.537944 / 0 0.5 0 0.1325
texmtx> f14738 id 36 0.5 0 0 0.229201 / 0 0.5 0 0.1325
texmtx> f14739 id 36 0.5 0 0 0.538679 / 0 0.5 0 0.133
texmtx> f14739 id 36 0.5 0 0 0.23005 / 0 0.5 0 0.133
texmtx> f14740 id 36 0.5 0 0 0.539414 / 0 0.5 0 0.1335
texmtx> f14740 id 36 0.5 0 0 0.230899 / 0 0.5 0 0.1335
texmtx> f14741 id 36 0.5 0 0 0.540149 / 0 0.5 0 0.134
texmtx> f14741 id 36 0.5 0 0 0.231748 / 0 0.5 0 0.134
texmtx> f14742 id 36 0.5 0 0 0.540883 / 0 0.5 0 0.1345
texmtx> f14742 id 36 0.5 0 0 0.232597 / 0 0.5 0 0.1345
texmtx> f14743 id 36 0.5 0 0 0.541617 / 0 0.5 0 0.135
texmtx> f14743 id 36 0.5 0 0 0.233446 / 0 0.5 0 0.135
texmtx> f14744 id 36 0.5 0 0 0.54235 / 0 0.5 0 0.1355
texmtx> f14744 id 36 0.5 0 0 0.234294 / 0 0.5 0 0.1355
texmtx> f14745 id 36 0.5 0 0 0.543083 / 0 0.5 0 0.136
texmtx> f14745 id 36 0.5 0 0 0.235143 / 0 0.5 0 0.136
texmtx> f14746 id 36 0.5 0 0 0.543816 / 0 0.5 0 0.1365
texmtx> f14746 id 36 0.5 0 0 0.235991 / 0 0.5 0 0.1365
texmtx> f14747 id 36 0.5 0 0 0.544548 / 0 0.5 0 0.137
texmtx> f14747 id 36 0.5 0 0 0.236839 / 0 0.5 0 0.137
texmtx> f14748 id 36 0.5 0 0 0.545279 / 0 0.5 0 0.1375
texmtx> f14748 id 36 0.5 0 0 0.237686 / 0 0.5 0 0.1375
texmtx> f14749 id 36 0.5 0 0 0.546011 / 0 0.5 0 0.138
texmtx> f14749 id 36 0.5 0 0 0.238534 / 0 0.5 0 0.138
texmtx> f14750 id 36 0.5 0 0 0.546742 / 0 0.5 0 0.1385
texmtx> f14750 id 36 0.5 0 0 0.239381 / 0 0.5 0 0.1385
texmtx> f14751 id 36 0.5 0 0 0.547472 / 0 0.5 0 0.139
texmtx> f14751 id 36 0.5 0 0 0.240229 / 0 0.5 0 0.139
texmtx> f14752 id 36 0.5 0 0 0.548202 / 0 0.5 0 0.1395
texmtx> f14752 id 36 0.5 0 0 0.241076 / 0 0.5 0 0.1395
texmtx> f14753 id 36 0.5 0 0 0.548932 / 0 0.5 0 0.14
texmtx> f14753 id 36 0.5 0 0 0.241922 / 0 0.5 0 0.14
port> status f14760   m427dll      board 0 turn 1/1  mg 427 (m427dll)  coins/stars 13/0c 10/0c 10/0c 13/0c  aud 0.14 ms  40.8 fps
texmtx> f14754 id 36 0.5 0 0 0.549661 / 0 0.5 0 0.1405
texmtx> f14754 id 36 0.5 0 0 0.242769 / 0 0.5 0 0.1405
texmtx> f14755 id 36 0.5 0 0 0.55039 / 0 0.5 0 0.141
texmtx> f14755 id 36 0.5 0 0 0.243616 / 0 0.5 0 0.141
texmtx> f14756 id 36 0.5 0 0 0.551118 / 0 0.5 0 0.1415
texmtx> f14756 id 36 0.5 0 0 0.244462 / 0 0.5 0 0.1415
texmtx> f14757 id 36 0.5 0 0 0.551846 / 0 0.5 0 0.142
texmtx> f14757 id 36 0.5 0 0 0.245308 / 0 0.5 0 0.142
texmtx> f14758 id 36 0.5 0 0 0.552574 / 0 0.5 0 0.1425
texmtx> f14758 id 36 0.5 0 0 0.246154 / 0 0.5 0 0.1425
texmtx> f14759 id 36 0.5 0 0 0.553301 / 0 0.5 0 0.143
texmtx> f14759 id 36 0.5 0 0 0.247 / 0 0.5 0 0.143
texmtx> f14760 id 36 0.5 0 0 0.554027 / 0 0.5 0 0.1435
texmtx> f14760 id 36 0.5 0 0 0.247845 / 0 0.5 0 0.1435
texmtx> f14761 id 36 0.5 0 0 0.554754 / 0 0.5 0 0.144
texmtx> f14761 id 36 0.5 0 0 0.248691 / 0 0.5 0 0.144
#########SE Entry Error<SE 1621:ErrorNo -33>
#########SE Entry Error<SE 1621:ErrorNo -33>
#########SE Entry Error<SE 1621:ErrorNo -33>
#########SE Entry Error<SE 1622:ErrorNo -33>
#########SE Entry Error<SE 1622:ErrorNo -33>
#########SE Entry Error<SE 1622:ErrorNo -33>
texmtx> f14762 id 36 0.5 0 0 0.55548 / 0 0.5 0 0.1445
texmtx> f14762 id 36 0.5 0 0 0.249536 / 0 0.5 0 0.1445
texmtx> f14763 id 36 0.5 0 0 0.556205 / 0 0.5 0 0.145
texmtx> f14763 id 36 0.5 0 0 0.250381 / 0 0.5 0 0.145
texmtx> f14764 id 36 0.5 0 0 0.55693 / 0 0.5 0 0.1455
texmtx> f14764 id 36 0.5 0 0 0.251225 / 0 0.5 0 0.1455
texmtx> f14765 id 36 0.5 0 0 0.557655 / 0 0.5 0 0.146
texmtx> f14765 id 36 0.5 0 0 0.25207 / 0 0.5 0 0.146
texmtx> f14766 id 36 0.5 0 0 0.558379 / 0 0.5 0 0.1465
texmtx> f14766 id 36 0.5 0 0 0.252914 / 0 0.5 0 0.1465
texmtx> f14767 id 36 0.5 0 0 0.559102 / 0 0.5 0 0.147
texmtx> f14767 id 36 0.5 0 0 0.253759 / 0 0.5 0 0.147
texmtx> f14768 id 36 0.5 0 0 0.559826 / 0 0.5 0 0.1475
texmtx> f14768 id 36 0.5 0 0 0.254603 / 0 0.5 0 0.1475
texmtx> f14769 id 36 0.5 0 0 0.560549 / 0 0.5 0 0.148
texmtx> f14769 id 36 0.5 0 0 0.255446 / 0 0.5 0 0.148
texmtx> f14770 id 36 0.5 0 0 0.561271 / 0 0.5 0 0.1485
texmtx> f14770 id 36 0.5 0 0 0.25629 / 0 0.5 0 0.1485
texmtx> f14771 id 36 0.5 0 0 0.561993 / 0 0.5 0 0.149
texmtx> f14771 id 36 0.5 0 0 0.257133 / 0 0.5 0 0.149
texmtx> f14772 id 36 0.5 0 0 0.562715 / 0 0.5 0 0.1495
texmtx> f14772 id 36 0.5 0 0 0.257977 / 0 0.5 0 0.1495
texmtx> f14773 id 36 0.5 0 0 0.563436 / 0 0.5 0 0.15
texmtx> f14773 id 36 0.5 0 0 0.25882 / 0 0.5 0 0.15
texmtx> f14774 id 36 0.5 0 0 0.564157 / 0 0.5 0 0.1505
texmtx> f14774 id 36 0.5 0 0 0.259663 / 0 0.5 0 0.1505
texmtx> f14775 id 36 0.5 0 0 0.564877 / 0 0.5 0 0.151
texmtx> f14775 id 36 0.5 0 0 0.260505 / 0 0.5 0 0.151
texmtx> f14776 id 36 0.5 0 0 0.565597 / 0 0.5 0 0.1515
texmtx> f14776 id 36 0.5 0 0 0.261348 / 0 0.5 0 0.1515
port> --dumpframe: wrote /Users/zach/m48/L-m427-@m48i,--texmtxlog,36/frame-14777.ppm
texmtx> f14777 id 36 0.5 0 0 0.566316 / 0 0.5 0 0.152
texmtx> f14777 id 36 0.5 0 0 0.26219 / 0 0.5 0 0.152
texmtx> f14778 id 36 0.5 0 0 0.567035 / 0 0.5 0 0.1525
texmtx> f14778 id 36 0.5 0 0 0.263032 / 0 0.5 0 0.1525
texmtx> f14779 id 36 0.5 0 0 0.567754 / 0 0.5 0 0.153
texmtx> f14779 id 36 0.5 0 0 0.263874 / 0 0.5 0 0.153
texmtx> f14780 id 36 0.5 0 0 0.568472 / 0 0.5 0 0.1535
texmtx> f14780 id 36 0.5 0 0 0.264715 / 0 0.5 0 0.1535
texmtx> f14781 id 36 0.5 0 0 0.56919 / 0 0.5 0 0.154
texmtx> f14781 id 36 0.5 0 0 0.265557 / 0 0.5 0 0.154
texmtx> f14782 id 36 0.5 0 0 0.569907 / 0 0.5 0 0.1545
texmtx> f14782 id 36 0.5 0 0 0.266398 / 0 0.5 0 0.1545
texmtx> f14783 id 36 0.5 0 0 0.570624 / 0 0.5 0 0.155
texmtx> f14783 id 36 0.5 0 0 0.267239 / 0 0.5 0 0.155
texmtx> f14784 id 36 0.5 0 0 0.57134 / 0 0.5 0 0.1555
texmtx> f14784 id 36 0.5 0 0 0.26808 / 0 0.5 0 0.1555
texmtx> f14785 id 36 0.5 0 0 0.572056 / 0 0.5 0 0.156
texmtx> f14785 id 36 0.5 0 0 0.268921 / 0 0.5 0 0.156
texmtx> f14786 id 36 0.5 0 0 0.572772 / 0 0.5 0 0.1565
texmtx> f14786 id 36 0.5 0 0 0.269761 / 0 0.5 0 0.1565
texmtx> f14787 id 36 0.5 0 0 0.573487 / 0 0.5 0 0.157
texmtx> f14787 id 36 0.5 0 0 0.270601 / 0 0.5 0 0.157
texmtx> f14788 id 36 0.5 0 0 0.574201 / 0 0.5 0 0.1575
texmtx> f14788 id 36 0.5 0 0 0.271441 / 0 0.5 0 0.1575
texmtx> f14789 id 36 0.5 0 0 0.574916 / 0 0.5 0 0.158
texmtx> f14789 id 36 0.5 0 0 0.272281 / 0 0.5 0 0.158
texmtx> f14790 id 36 0.5 0 0 0.575629 / 0 0.5 0 0.1585
texmtx> f14790 id 36 0.5 0 0 0.273121 / 0 0.5 0 0.1585
texmtx> f14791 id 36 0.5 0 0 0.576343 / 0 0.5 0 0.159
texmtx> f14791 id 36 0.5 0 0 0.27396 / 0 0.5 0 0.159
texmtx> f14792 id 36 0.5 0 0 0.577056 / 0 0.5 0 0.1595
texmtx> f14792 id 36 0.5 0 0 0.274799 / 0 0.5 0 0.1595
texmtx> f14793 id 36 0.5 0 0 0.577768 / 0 0.5 0 0.16
texmtx> f14793 id 36 0.5 0 0 0.275638 / 0 0.5 0 0.16
#########SE Entry Error<SE 1621:ErrorNo -33>
#########SE Entry Error<SE 1621:ErrorNo -33>
#########SE Entry Error<SE 1621:ErrorNo -33>
#########SE Entry Error<SE 1622:ErrorNo -33>
#########SE Entry Error<SE 1622:ErrorNo -33>
#########SE Entry Error<SE 1622:ErrorNo -33>
texmtx> f14794 id 36 0.5 0 0 0.57848 / 0 0.5 0 0.1605
texmtx> f14794 id 36 0.5 0 0 0.276477 / 0 0.5 0 0.1605
texmtx> f14795 id 36 0.5 0 0 0.579192 / 0 0.5 0 0.161
texmtx> f14795 id 36 0.5 0 0 0.277315 / 0 0.5 0 0.161
texmtx> f14796 id 36 0.5 0 0 0.579903 / 0 0.5 0 0.1615
texmtx> f14796 id 36 0.5 0 0 0.278154 / 0 0.5 0 0.1615
texmtx> f14797 id 36 0.5 0 0 0.580614 / 0 0.5 0 0.162
texmtx> f14797 id 36 0.5 0 0 0.278992 / 0 0.5 0 0.162
texmtx> f14798 id 36 0.5 0 0 0.581324 / 0 0.5 0 0.1625
texmtx> f14798 id 36 0.5 0 0 0.27983 / 0 0.5 0 0.1625
texmtx> f14799 id 36 0.5 0 0 0.582034 / 0 0.5 0 0.163
texmtx> f14799 id 36 0.5 0 0 0.280667 / 0 0.5 0 0.163
texmtx> f14800 id 36 0.5 0 0 0.582743 / 0 0.5 0 0.1635
texmtx> f14800 id 36 0.5 0 0 0.281505 / 0 0.5 0 0.1635
texmtx> f14801 id 36 0.5 0 0 0.583452 / 0 0.5 0 0.164
texmtx> f14801 id 36 0.5 0 0 0.282342 / 0 0.5 0 0.164
texmtx> f14802 id 36 0.5 0 0 0.584161 / 0 0.5 0 0.1645
texmtx> f14802 id 36 0.5 0 0 0.283179 / 0 0.5 0 0.1645
texmtx> f14803 id 36 0.5 0 0 0.584869 / 0 0.5 0 0.165
texmtx> f14803 id 36 0.5 0 0 0.284016 / 0 0.5 0 0.165
texmtx> f14804 id 36 0.5 0 0 0.585576 / 0 0.5 0 0.1655
texmtx> f14804 id 36 0.5 0 0 0.284853 / 0 0.5 0 0.1655
texmtx> f14805 id 36 0.5 0 0 0.586284 / 0 0.5 0 0.166
texmtx> f14805 id 36 0.5 0 0 0.285689 / 0 0.5 0 0.166
texmtx> f14806 id 36 0.5 0 0 0.58699 / 0 0.5 0 0.1665
texmtx> f14806 id 36 0.5 0 0 0.286525 / 0 0.5 0 0.1665
texmtx> f14807 id 36 0.5 0 0 0.587696 / 0 0.5 0 0.167
texmtx> f14807 id 36 0.5 0 0 0.287361 / 0 0.5 0 0.167
texmtx> f14808 id 36 0.5 0 0 0.588402 / 0 0.5 0 0.1675
texmtx> f14808 id 36 0.5 0 0 0.288197 / 0 0.5 0 0.1675
texmtx> f14809 id 36 0.5 0 0 0.589108 / 0 0.5 0 0.168
texmtx> f14809 id 36 0.5 0 0 0.289032 / 0 0.5 0 0.168
texmtx> f14810 id 36 0.5 0 0 0.589813 / 0 0.5 0 0.1685
texmtx> f14810 id 36 0.5 0 0 0.289868 / 0 0.5 0 0.1685
texmtx> f14811 id 36 0.5 0 0 0.590517 / 0 0.5 0 0.169
texmtx> f14811 id 36 0.5 0 0 0.290703 / 0 0.5 0 0.169
texmtx> f14812 id 36 0.5 0 0 0.591221 / 0 0.5 0 0.1695
texmtx> f14812 id 36 0.5 0 0 0.291538 / 0 0.5 0 0.1695
texmtx> f14813 id 36 0.5 0 0 0.591925 / 0 0.5 0 0.17
texmtx> f14813 id 36 0.5 0 0 0.292372 / 0 0.5 0 0.17
port> status f14820   m427dll      board 0 turn 1/1  mg 427 (m427dll)  coins/stars 13/0c 10/0c 10/0c 13/0c  aud 0.11 ms  36.4 fps
texmtx> f14814 id 36 0.5 0 0 0.592628 / 0 0.5 0 0.1705
texmtx> f14814 id 36 0.5 0 0 0.293207 / 0 0.5 0 0.1705
texmtx> f14815 id 36 0.5 0 0 0.593331 / 0 0.5 0 0.171
texmtx> f14815 id 36 0.5 0 0 0.294041 / 0 0.5 0 0.171
texmtx> f14816 id 36 0.5 0 0 0.594033 / 0 0.5 0 0.1715
texmtx> f14816 id 36 0.5 0 0 0.294875 / 0 0.5 0 0.1715
texmtx> f14817 id 36 0.5 0 0 0.594734 / 0 0.5 0 0.172
texmtx> f14817 id 36 0.5 0 0 0.295708 / 0 0.5 0 0.172
texmtx> f14818 id 36 0.5 0 0 0.595436 / 0 0.5 0 0.1725
texmtx> f14818 id 36 0.5 0 0 0.296542 / 0 0.5 0 0.1725
texmtx> f14819 id 36 0.5 0 0 0.596137 / 0 0.5 0 0.173
texmtx> f14819 id 36 0.5 0 0 0.297375 / 0 0.5 0 0.173
texmtx> f14820 id 36 0.5 0 0 0.596837 / 0 0.5 0 0.1735
texmtx> f14820 id 36 0.5 0 0 0.298208 / 0 0.5 0 0.1735
texmtx> f14821 id 36 0.5 0 0 0.597537 / 0 0.5 0 0.174
texmtx> f14821 id 36 0.5 0 0 0.299041 / 0 0.5 0 0.174
texmtx> f14822 id 36 0.5 0 0 0.598237 / 0 0.5 0 0.1745
texmtx> f14822 id 36 0.5 0 0 0.299874 / 0 0.5 0 0.1745
texmtx> f14823 id 36 0.5 0 0 0.598936 / 0 0.5 0 0.175
texmtx> f14823 id 36 0.5 0 0 0.300706 / 0 0.5 0 0.175
texmtx> f14824 id 36 0.5 0 0 0.599634 / 0 0.5 0 0.1755
texmtx> f14824 id 36 0.5 0 0 0.301538 / 0 0.5 0 0.1755
texmtx> f14825 id 36 0.5 0 0 0.600332 / 0 0.5 0 0.176
texmtx> f14825 id 36 0.5 0 0 0.30237 / 0 0.5 0 0.176
#########SE Entry Error<SE 1621:ErrorNo -33>
#########SE Entry Error<SE 1621:ErrorNo -33>
#########SE Entry Error<SE 1621:ErrorNo -33>
#########SE Entry Error<SE 1622:ErrorNo -33>
#########SE Entry Error<SE 1622:ErrorNo -33>
#########SE Entry Error<SE 1622:ErrorNo -33>
texmtx> f14826 id 36 0.5 0 0 0.60103 / 0 0.5 0 0.1765
texmtx> f14826 id 36 0.5 0 0 0.303202 / 0 0.5 0 0.1765
texmtx> f14827 id 36 0.5 0 0 0.601727 / 0 0.5 0 0.176999
texmtx> f14827 id 36 0.5 0 0 0.304033 / 0 0.5 0 0.176999
texmtx> f14828 id 36 0.5 0 0 0.602424 / 0 0.5 0 0.177499
texmtx> f14828 id 36 0.5 0 0 0.304865 / 0 0.5 0 0.177499
texmtx> f14829 id 36 0.5 0 0 0.60312 / 0 0.5 0 0.177999
texmtx> f14829 id 36 0.5 0 0 0.305696 / 0 0.5 0 0.177999
texmtx> f14830 id 36 0.5 0 0 0.603816 / 0 0.5 0 0.178499
texmtx> f14830 id 36 0.5 0 0 0.306526 / 0 0.5 0 0.178499
texmtx> f14831 id 36 0.5 0 0 0.604511 / 0 0.5 0 0.178999
texmtx> f14831 id 36 0.5 0 0 0.307357 / 0 0.5 0 0.178999
texmtx> f14832 id 36 0.5 0 0 0.605206 / 0 0.5 0 0.179499
texmtx> f14832 id 36 0.5 0 0 0.308187 / 0 0.5 0 0.179499
texmtx> f14833 id 36 0.5 0 0 0.605901 / 0 0.5 0 0.179999
texmtx> f14833 id 36 0.5 0 0 0.309017 / 0 0.5 0 0.179999
texmtx> f14834 id 36 0.5 0 0 0.606595 / 0 0.5 0 0.180499
texmtx> f14834 id 36 0.5 0 0 0.309847 / 0 0.5 0 0.180499
texmtx> f14835 id 36 0.5 0 0 0.607288 / 0 0.5 0 0.180999
texmtx> f14835 id 36 0.5 0 0 0.310677 / 0 0.5 0 0.180999
texmtx> f14836 id 36 0.5 0 0 0.607981 / 0 0.5 0 0.181499
texmtx> f14836 id 36 0.5 0 0 0.311506 / 0 0.5 0 0.181499
texmtx> f14837 id 36 0.5 0 0 0.608674 / 0 0.5 0 0.181999
texmtx> f14837 id 36 0.5 0 0 0.312335 / 0 0.5 0 0.181999
texmtx> f14838 id 36 0.5 0 0 0.609366 / 0 0.5 0 0.182499
texmtx> f14838 id 36 0.5 0 0 0.313164 / 0 0.5 0 0.182499
texmtx> f14839 id 36 0.5 0 0 0.610058 / 0 0.5 0 0.182999
texmtx> f14839 id 36 0.5 0 0 0.313993 / 0 0.5 0 0.182999
texmtx> f14840 id 36 0.5 0 0 0.610749 / 0 0.5 0 0.183499
texmtx> f14840 id 36 0.5 0 0 0.314821 / 0 0.5 0 0.183499
texmtx> f14841 id 36 0.5 0 0 0.61144 / 0 0.5 0 0.183999
texmtx> f14841 id 36 0.5 0 0 0.315649 / 0 0.5 0 0.183999
texmtx> f14842 id 36 0.5 0 0 0.61213 / 0 0.5 0 0.184499
texmtx> f14842 id 36 0.5 0 0 0.316477 / 0 0.5 0 0.184499
texmtx> f14843 id 36 0.5 0 0 0.61282 / 0 0.5 0 0.184999
texmtx> f14843 id 36 0.5 0 0 0.317305 / 0 0.5 0 0.184999
texmtx> f14844 id 36 0.5 0 0 0.613509 / 0 0.5 0 0.185499
texmtx> f14844 id 36 0.5 0 0 0.318132 / 0 0.5 0 0.185499
texmtx> f14845 id 36 0.5 0 0 0.614198 / 0 0.5 0 0.185999
texmtx> f14845 id 36 0.5 0 0 0.318959 / 0 0.5 0 0.185999
texmtx> f14846 id 36 0.5 0 0 0.614887 / 0 0.5 0 0.186499
texmtx> f14846 id 36 0.5 0 0 0.319786 / 0 0.5 0 0.186499
texmtx> f14847 id 36 0.5 0 0 0.615575 / 0 0.5 0 0.186999
texmtx> f14847 id 36 0.5 0 0 0.320613 / 0 0.5 0 0.186999
texmtx> f14848 id 36 0.5 0 0 0.616262 / 0 0.5 0 0.187499
texmtx> f14848 id 36 0.5 0 0 0.321439 / 0 0.5 0 0.187499
texmtx> f14849 id 36 0.5 0 0 0.616949 / 0 0.5 0 0.187999
texmtx> f14849 id 36 0.5 0 0 0.322266 / 0 0.5 0 0.187999
texmtx> f14850 id 36 0.5 0 0 0.617636 / 0 0.5 0 0.188499
texmtx> f14850 id 36 0.5 0 0 0.323092 / 0 0.5 0 0.188499
texmtx> f14851 id 36 0.5 0 0 0.618322 / 0 0.5 0 0.188999
texmtx> f14851 id 36 0.5 0 0 0.323917 / 0 0.5 0 0.188999
texmtx> f14852 id 36 0.5 0 0 0.619007 / 0 0.5 0 0.189499
texmtx> f14852 id 36 0.5 0 0 0.324743 / 0 0.5 0 0.189499
texmtx> f14853 id 36 0.5 0 0 0.619692 / 0 0.5 0 0.189999
texmtx> f14853 id 36 0.5 0 0 0.325568 / 0 0.5 0 0.189999
texmtx> f14854 id 36 0.5 0 0 0.620377 / 0 0.5 0 0.190499
texmtx> f14854 id 36 0.5 0 0 0.326393 / 0 0.5 0 0.190499
texmtx> f14855 id 36 0.5 0 0 0.621061 / 0 0.5 0 0.190999
texmtx> f14855 id 36 0.5 0 0 0.327218 / 0 0.5 0 0.190999
texmtx> f14856 id 36 0.5 0 0 0.621745 / 0 0.5 0 0.191499
texmtx> f14856 id 36 0.5 0 0 0.328042 / 0 0.5 0 0.191499
texmtx> f14857 id 36 0.5 0 0 0.622428 / 0 0.5 0 0.191999
texmtx> f14857 id 36 0.5 0 0 0.328867 / 0 0.5 0 0.191999
texmtx> f14858 id 36 0.5 0 0 0.623111 / 0 0.5 0 0.192499
texmtx> f14858 id 36 0.5 0 0 0.329691 / 0 0.5 0 0.192499
texmtx> f14859 id 36 0.5 0 0 0.623793 / 0 0.5 0 0.192999
texmtx> f14859 id 36 0.5 0 0 0.330514 / 0 0.5 0 0.192999
texmtx> f14860 id 36 0.5 0 0 0.624475 / 0 0.5 0 0.193499
texmtx> f14860 id 36 0.5 0 0 0.331338 / 0 0.5 0 0.193499
texmtx> f14861 id 36 0.5 0 0 0.625156 / 0 0.5 0 0.193999
texmtx> f14861 id 36 0.5 0 0 0.332161 / 0 0.5 0 0.193999
texmtx> f14862 id 36 0.5 0 0 0.625837 / 0 0.5 0 0.194499
texmtx> f14862 id 36 0.5 0 0 0.332984 / 0 0.5 0 0.194499
texmtx> f14863 id 36 0.5 0 0 0.626518 / 0 0.5 0 0.194999
texmtx> f14863 id 36 0.5 0 0 0.333807 / 0 0.5 0 0.194999
texmtx> f14864 id 36 0.5 0 0 0.627198 / 0 0.5 0 0.195499
texmtx> f14864 id 36 0.5 0 0 0.334629 / 0 0.5 0 0.195499
texmtx> f14865 id 36 0.5 0 0 0.627877 / 0 0.5 0 0.195999
texmtx> f14865 id 36 0.5 0 0 0.335451 / 0 0.5 0 0.195999
texmtx> f14866 id 36 0.5 0 0 0.628556 / 0 0.5 0 0.196499
texmtx> f14866 id 36 0.5 0 0 0.336273 / 0 0.5 0 0.196499
texmtx> f14867 id 36 0.5 0 0 0.629234 / 0 0.5 0 0.196999
texmtx> f14867 id 36 0.5 0 0 0.337095 / 0 0.5 0 0.196999
texmtx> f14868 id 36 0.5 0 0 0.629912 / 0 0.5 0 0.197499
texmtx> f14868 id 36 0.5 0 0 0.337916 / 0 0.5 0 0.197499
texmtx> f14869 id 36 0.5 0 0 0.63059 / 0 0.5 0 0.197999
texmtx> f14869 id 36 0.5 0 0 0.338738 / 0 0.5 0 0.197999
texmtx> f14870 id 36 0.5 0 0 0.631267 / 0 0.5 0 0.198499
texmtx> f14870 id 36 0.5 0 0 0.339559 / 0 0.5 0 0.198499
texmtx> f14871 id 36 0.5 0 0 0.631944 / 0 0.5 0 0.198999
texmtx> f14871 id 36 0.5 0 0 0.340379 / 0 0.5 0 0.198999
texmtx> f14872 id 36 0.5 0 0 0.63262 / 0 0.5 0 0.199499
texmtx> f14872 id 36 0.5 0 0 0.3412 / 0 0.5 0 0.199499
texmtx> f14873 id 36 0.5 0 0 0.633295 / 0 0.5 0 0.199999
texmtx> f14873 id 36 0.5 0 0 0.34202 / 0 0.5 0 0.199999
port> status f14880   m427dll      board 0 turn 1/1  mg 427 (m427dll)  coins/stars 13/0c 10/0c 10/0c 13/0c  aud 0.11 ms  40.0 fps
texmtx> f14874 id 36 0.5 0 0 0.63397 / 0 0.5 0 0.200499
texmtx> f14874 id 36 0.5 0 0 0.34284 / 0 0.5 0 0.200499
texmtx> f14875 id 36 0.5 0 0 0.634645 / 0 0.5 0 0.200999
texmtx> f14875 id 36 0.5 0 0 0.343659 / 0 0.5 0 0.200999
texmtx> f14876 id 36 0.5 0 0 0.635319 / 0 0.5 0 0.201499
texmtx> f14876 id 36 0.5 0 0 0.344479 / 0 0.5 0 0.201499
texmtx> f14877 id 36 0.5 0 0 0.635993 / 0 0.5 0 0.201999
texmtx> f14877 id 36 0.5 0 0 0.345298 / 0 0.5 0 0.201999
texmtx> f14878 id 36 0.5 0 0 0.636666 / 0 0.5 0 0.202499
texmtx> f14878 id 36 0.5 0 0 0.346117 / 0 0.5 0 0.202499
texmtx> f14879 id 36 0.5 0 0 0.637339 / 0 0.5 0 0.202999
texmtx> f14879 id 36 0.5 0 0 0.346935 / 0 0.5 0 0.202999
texmtx> f14880 id 36 0.5 0 0 0.638011 / 0 0.5 0 0.203499
texmtx> f14880 id 36 0.5 0 0 0.347754 / 0 0.5 0 0.203499
texmtx> f14881 id 36 0.5 0 0 0.638683 / 0 0.5 0 0.203999
texmtx> f14881 id 36 0.5 0 0 0.348572 / 0 0.5 0 0.203999
texmtx> f14882 id 36 0.5 0 0 0.639354 / 0 0.5 0 0.204499
texmtx> f14882 id 36 0.5 0 0 0.349389 / 0 0.5 0 0.204499
texmtx> f14883 id 36 0.5 0 0 0.640025 / 0 0.5 0 0.204999
texmtx> f14883 id 36 0.5 0 0 0.350207 / 0 0.5 0 0.204999
texmtx> f14884 id 36 0.5 0 0 0.640695 / 0 0.5 0 0.205499
texmtx> f14884 id 36 0.5 0 0 0.351024 / 0 0.5 0 0.205499
texmtx> f14885 id 36 0.5 0 0 0.641365 / 0 0.5 0 0.205999
texmtx> f14885 id 36 0.5 0 0 0.351841 / 0 0.5 0 0.205999
texmtx> f14886 id 36 0.5 0 0 0.642034 / 0 0.5 0 0.206499
texmtx> f14886 id 36 0.5 0 0 0.352658 / 0 0.5 0 0.206499
texmtx> f14887 id 36 0.5 0 0 0.642703 / 0 0.5 0 0.206999
texmtx> f14887 id 36 0.5 0 0 0.353474 / 0 0.5 0 0.206999
texmtx> f14888 id 36 0.5 0 0 0.643371 / 0 0.5 0 0.207499
texmtx> f14888 id 36 0.5 0 0 0.354291 / 0 0.5 0 0.207499
texmtx> f14889 id 36 0.5 0 0 0.644039 / 0 0.5 0 0.207999
texmtx> f14889 id 36 0.5 0 0 0.355106 / 0 0.5 0 0.207999
texmtx> f14890 id 36 0.5 0 0 0.644706 / 0 0.5 0 0.208499
texmtx> f14890 id 36 0.5 0 0 0.355922 / 0 0.5 0 0.208499
texmtx> f14891 id 36 0.5 0 0 0.645373 / 0 0.5 0 0.208999
texmtx> f14891 id 36 0.5 0 0 0.356737 / 0 0.5 0 0.208999
texmtx> f14892 id 36 0.5 0 0 0.646039 / 0 0.5 0 0.209499
texmtx> f14892 id 36 0.5 0 0 0.357553 / 0 0.5 0 0.209499
texmtx> f14893 id 36 0.5 0 0 0.646705 / 0 0.5 0 0.209999
texmtx> f14893 id 36 0.5 0 0 0.358367 / 0 0.5 0 0.209999
texmtx> f14894 id 36 0.5 0 0 0.647371 / 0 0.5 0 0.210499
texmtx> f14894 id 36 0.5 0 0 0.359182 / 0 0.5 0 0.210499
texmtx> f14895 id 36 0.5 0 0 0.648035 / 0 0.5 0 0.210999
texmtx> f14895 id 36 0.5 0 0 0.359996 / 0 0.5 0 0.210999
texmtx> f14896 id 36 0.5 0 0 0.6487 / 0 0.5 0 0.211499
texmtx> f14896 id 36 0.5 0 0 0.36081 / 0 0.5 0 0.211499
texmtx> f14897 id 36 0.5 0 0 0.649364 / 0 0.5 0 0.211999
texmtx> f14897 id 36 0.5 0 0 0.361624 / 0 0.5 0 0.211999
texmtx> f14898 id 36 0.5 0 0 0.650027 / 0 0.5 0 0.212499
texmtx> f14898 id 36 0.5 0 0 0.362437 / 0 0.5 0 0.212499
texmtx> f14899 id 36 0.5 0 0 0.65069 / 0 0.5 0 0.212999
texmtx> f14899 id 36 0.5 0 0 0.363251 / 0 0.5 0 0.212999
texmtx> f14900 id 36 0.5 0 0 0.651352 / 0 0.5 0 0.213499
texmtx> f14900 id 36 0.5 0 0 0.364064 / 0 0.5 0 0.213499
texmtx> f14901 id 36 0.5 0 0 0.652014 / 0 0.5 0 0.213999
texmtx> f14901 id 36 0.5 0 0 0.364876 / 0 0.5 0 0.213999
texmtx> f14902 id 36 0.5 0 0 0.652676 / 0 0.5 0 0.214499
texmtx> f14902 id 36 0.5 0 0 0.365688 / 0 0.5 0 0.214499
texmtx> f14903 id 36 0.5 0 0 0.653337 / 0 0.5 0 0.214999
texmtx> f14903 id 36 0.5 0 0 0.366501 / 0 0.5 0 0.214999
texmtx> f14904 id 36 0.5 0 0 0.653997 / 0 0.5 0 0.215499
texmtx> f14904 id 36 0.5 0 0 0.367312 / 0 0.5 0 0.215499
texmtx> f14905 id 36 0.5 0 0 0.654657 / 0 0.5 0 0.215999
texmtx> f14905 id 36 0.5 0 0 0.368124 / 0 0.5 0 0.215999
texmtx> f14906 id 36 0.5 0 0 0.655316 / 0 0.5 0 0.216499
texmtx> f14906 id 36 0.5 0 0 0.368935 / 0 0.5 0 0.216499
texmtx> f14907 id 36 0.5 0 0 0.655975 / 0 0.5 0 0.216999
texmtx> f14907 id 36 0.5 0 0 0.369746 / 0 0.5 0 0.216999
texmtx> f14908 id 36 0.5 0 0 0.656634 / 0 0.5 0 0.217499
texmtx> f14908 id 36 0.5 0 0 0.370557 / 0 0.5 0 0.217499
texmtx> f14909 id 36 0.5 0 0 0.657292 / 0 0.5 0 0.217999
texmtx> f14909 id 36 0.5 0 0 0.371367 / 0 0.5 0 0.217999
texmtx> f14910 id 36 0.5 0 0 0.657949 / 0 0.5 0 0.218499
texmtx> f14910 id 36 0.5 0 0 0.372177 / 0 0.5 0 0.218499
texmtx> f14911 id 36 0.5 0 0 0.658606 / 0 0.5 0 0.218999
texmtx> f14911 id 36 0.5 0 0 0.372987 / 0 0.5 0 0.218999
texmtx> f14912 id 36 0.5 0 0 0.659262 / 0 0.5 0 0.219499
texmtx> f14912 id 36 0.5 0 0 0.373797 / 0 0.5 0 0.219499
texmtx> f14913 id 36 0.5 0 0 0.659918 / 0 0.5 0 0.219999
texmtx> f14913 id 36 0.5 0 0 0.374606 / 0 0.5 0 0.219999
texmtx> f14914 id 36 0.5 0 0 0.660574 / 0 0.5 0 0.220499
texmtx> f14914 id 36 0.5 0 0 0.375415 / 0 0.5 0 0.220499
texmtx> f14915 id 36 0.5 0 0 0.661228 / 0 0.5 0 0.220999
texmtx> f14915 id 36 0.5 0 0 0.376223 / 0 0.5 0 0.220999
texmtx> f14916 id 36 0.5 0 0 0.661883 / 0 0.5 0 0.221499
texmtx> f14916 id 36 0.5 0 0 0.377032 / 0 0.5 0 0.221499
texmtx> f14917 id 36 0.5 0 0 0.662537 / 0 0.5 0 0.221999
texmtx> f14917 id 36 0.5 0 0 0.37784 / 0 0.5 0 0.221999
texmtx> f14918 id 36 0.5 0 0 0.66319 / 0 0.5 0 0.222499
texmtx> f14918 id 36 0.5 0 0 0.378648 / 0 0.5 0 0.222499
texmtx> f14919 id 36 0.5 0 0 0.663843 / 0 0.5 0 0.222999
texmtx> f14919 id 36 0.5 0 0 0.379455 / 0 0.5 0 0.222999
texmtx> f14920 id 36 0.5 0 0 0.664495 / 0 0.5 0 0.223499
texmtx> f14920 id 36 0.5 0 0 0.380263 / 0 0.5 0 0.223499
texmtx> f14921 id 36 0.5 0 0 0.665147 / 0 0.5 0 0.223999
texmtx> f14921 id 36 0.5 0 0 0.381069 / 0 0.5 0 0.223999
texmtx> f14922 id 36 0.5 0 0 0.665799 / 0 0.5 0 0.224499
texmtx> f14922 id 36 0.5 0 0 0.381876 / 0 0.5 0 0.224499
texmtx> f14923 id 36 0.5 0 0 0.66645 / 0 0.5 0 0.224999
texmtx> f14923 id 36 0.5 0 0 0.382683 / 0 0.5 0 0.224999
texmtx> f14924 id 36 0.5 0 0 0.6671 / 0 0.5 0 0.225499
texmtx> f14924 id 36 0.5 0 0 0.383489 / 0 0.5 0 0.225499
texmtx> f14925 id 36 0.5 0 0 0.66775 / 0 0.5 0 0.225999
texmtx> f14925 id 36 0.5 0 0 0.384294 / 0 0.5 0 0.225999
texmtx> f14926 id 36 0.5 0 0 0.668399 / 0 0.5 0 0.226499
texmtx> f14926 id 36 0.5 0 0 0.3851 / 0 0.5 0 0.226499
texmtx> f14927 id 36 0.5 0 0 0.669048 / 0 0.5 0 0.226999
texmtx> f14927 id 36 0.5 0 0 0.385905 / 0 0.5 0 0.226999
texmtx> f14928 id 36 0.5 0 0 0.669696 / 0 0.5 0 0.227499
texmtx> f14928 id 36 0.5 0 0 0.38671 / 0 0.5 0 0.227499
texmtx> f14929 id 36 0.5 0 0 0.670344 / 0 0.5 0 0.227999
texmtx> f14929 id 36 0.5 0 0 0.387515 / 0 0.5 0 0.227999
texmtx> f14930 id 36 0.5 0 0 0.670991 / 0 0.5 0 0.228499
texmtx> f14930 id 36 0.5 0 0 0.388319 / 0 0.5 0 0.228499
texmtx> f14931 id 36 0.5 0 0 0.671638 / 0 0.5 0 0.228999
texmtx> f14931 id 36 0.5 0 0 0.389123 / 0 0.5 0 0.228999
texmtx> f14932 id 36 0.5 0 0 0.672284 / 0 0.5 0 0.229499
texmtx> f14932 id 36 0.5 0 0 0.389927 / 0 0.5 0 0.229499
texmtx> f14933 id 36 0.5 0 0 0.67293 / 0 0.5 0 0.229999
texmtx> f14933 id 36 0.5 0 0 0.39073 / 0 0.5 0 0.229999
port> status f14940   m427dll      board 0 turn 1/1  mg 427 (m427dll)  coins/stars 13/0c 10/0c 10/0c 13/0c  aud 0.19 ms  40.8 fps
texmtx> f14934 id 36 0.5 0 0 0.673575 / 0 0.5 0 0.230499
texmtx> f14934 id 36 0.5 0 0 0.391533 / 0 0.5 0 0.230499
texmtx> f14935 id 36 0.5 0 0 0.67422 / 0 0.5 0 0.230999
texmtx> f14935 id 36 0.5 0 0 0.392336 / 0 0.5 0 0.230999
texmtx> f14936 id 36 0.5 0 0 0.674864 / 0 0.5 0 0.231499
texmtx> f14936 id 36 0.5 0 0 0.393139 / 0 0.5 0 0.231499
texmtx> f14937 id 36 0.5 0 0 0.675508 / 0 0.5 0 0.231999
texmtx> f14937 id 36 0.5 0 0 0.393941 / 0 0.5 0 0.231999
texmtx> f14938 id 36 0.5 0 0 0.676151 / 0 0.5 0 0.232499
texmtx> f14938 id 36 0.5 0 0 0.394743 / 0 0.5 0 0.232499
texmtx> f14939 id 36 0.5 0 0 0.676794 / 0 0.5 0 0.232999
texmtx> f14939 id 36 0.5 0 0 0.395544 / 0 0.5 0 0.232999
texmtx> f14940 id 36 0.5 0 0 0.677436 / 0 0.5 0 0.233499
texmtx> f14940 id 36 0.5 0 0 0.396346 / 0 0.5 0 0.233499
texmtx> f14941 id 36 0.5 0 0 0.678078 / 0 0.5 0 0.233999
texmtx> f14941 id 36 0.5 0 0 0.397147 / 0 0.5 0 0.233999
texmtx> f14942 id 36 0.5 0 0 0.678719 / 0 0.5 0 0.234499
texmtx> f14942 id 36 0.5 0 0 0.397947 / 0 0.5 0 0.234499
texmtx> f14943 id 36 0.5 0 0 0.679359 / 0 0.5 0 0.234999
texmtx> f14943 id 36 0.5 0 0 0.398748 / 0 0.5 0 0.234999
texmtx> f14944 id 36 0.5 0 0 0.68 / 0 0.5 0 0.235499
texmtx> f14944 id 36 0.5 0 0 0.399548 / 0 0.5 0 0.235499
texmtx> f14945 id 36 0.5 0 0 0.680639 / 0 0.5 0 0.235999
texmtx> f14945 id 36 0.5 0 0 0.400348 / 0 0.5 0 0.235999
texmtx> f14946 id 36 0.5 0 0 0.681278 / 0 0.5 0 0.236499
texmtx> f14946 id 36 0.5 0 0 0.401147 / 0 0.5 0 0.236499
texmtx> f14947 id 36 0.5 0 0 0.681917 / 0 0.5 0 0.236999
texmtx> f14947 id 36 0.5 0 0 0.401947 / 0 0.5 0 0.236999
texmtx> f14948 id 36 0.5 0 0 0.682555 / 0 0.5 0 0.237499
texmtx> f14948 id 36 0.5 0 0 0.402745 / 0 0.5 0 0.237499
texmtx> f14949 id 36 0.5 0 0 0.683192 / 0 0.5 0 0.237999
texmtx> f14949 id 36 0.5 0 0 0.403544 / 0 0.5 0 0.237999
texmtx> f14950 id 36 0.5 0 0 0.683829 / 0 0.5 0 0.238499
texmtx> f14950 id 36 0.5 0 0 0.404342 / 0 0.5 0 0.238499
texmtx> f14951 id 36 0.5 0 0 0.684466 / 0 0.5 0 0.238999
texmtx> f14951 id 36 0.5 0 0 0.40514 / 0 0.5 0 0.238999
texmtx> f14952 id 36 0.5 0 0 0.685102 / 0 0.5 0 0.239499
texmtx> f14952 id 36 0.5 0 0 0.405938 / 0 0.5 0 0.239499
texmtx> f14953 id 36 0.5 0 0 0.685737 / 0 0.5 0 0.239999
texmtx> f14953 id 36 0.5 0 0 0.406735 / 0 0.5 0 0.239999
texmtx> f14954 id 36 0.5 0 0 0.686372 / 0 0.5 0 0.240499
texmtx> f14954 id 36 0.5 0 0 0.407532 / 0 0.5 0 0.240499
texmtx> f14955 id 36 0.5 0 0 0.687006 / 0 0.5 0 0.240999
texmtx> f14955 id 36 0.5 0 0 0.408329 / 0 0.5 0 0.240999
texmtx> f14956 id 36 0.5 0 0 0.68764 / 0 0.5 0 0.241499
texmtx> f14956 id 36 0.5 0 0 0.409126 / 0 0.5 0 0.241499
texmtx> f14957 id 36 0.5 0 0 0.688274 / 0 0.5 0 0.241999
texmtx> f14957 id 36 0.5 0 0 0.409922 / 0 0.5 0 0.241999
texmtx> f14958 id 36 0.5 0 0 0.688906 / 0 0.5 0 0.242499
texmtx> f14958 id 36 0.5 0 0 0.410718 / 0 0.5 0 0.242499
texmtx> f14959 id 36 0.5 0 0 0.689539 / 0 0.5 0 0.242999
texmtx> f14959 id 36 0.5 0 0 0.411513 / 0 0.5 0 0.242999
texmtx> f14960 id 36 0.5 0 0 0.69017 / 0 0.5 0 0.243499
texmtx> f14960 id 36 0.5 0 0 0.412308 / 0 0.5 0 0.243499
texmtx> f14961 id 36 0.5 0 0 0.690802 / 0 0.5 0 0.243999
texmtx> f14961 id 36 0.5 0 0 0.413103 / 0 0.5 0 0.243999
texmtx> f14962 id 36 0.5 0 0 0.691432 / 0 0.5 0 0.244499
texmtx> f14962 id 36 0.5 0 0 0.413898 / 0 0.5 0 0.244499
texmtx> f14963 id 36 0.5 0 0 0.692062 / 0 0.5 0 0.244999
texmtx> f14963 id 36 0.5 0 0 0.414692 / 0 0.5 0 0.244999
texmtx> f14964 id 36 0.5 0 0 0.692692 / 0 0.5 0 0.245499
texmtx> f14964 id 36 0.5 0 0 0.415486 / 0 0.5 0 0.245499
texmtx> f14965 id 36 0.5 0 0 0.693321 / 0 0.5 0 0.245999
texmtx> f14965 id 36 0.5 0 0 0.416279 / 0 0.5 0 0.245999
texmtx> f14966 id 36 0.5 0 0 0.69395 / 0 0.5 0 0.246499
texmtx> f14966 id 36 0.5 0 0 0.417073 / 0 0.5 0 0.246499
texmtx> f14967 id 36 0.5 0 0 0.694578 / 0 0.5 0 0.246999
texmtx> f14967 id 36 0.5 0 0 0.417866 / 0 0.5 0 0.246999
texmtx> f14968 id 36 0.5 0 0 0.695205 / 0 0.5 0 0.247499
texmtx> f14968 id 36 0.5 0 0 0.418658 / 0 0.5 0 0.247499
texmtx> f14969 id 36 0.5 0 0 0.695832 / 0 0.5 0 0.247999
texmtx> f14969 id 36 0.5 0 0 0.419451 / 0 0.5 0 0.247999
texmtx> f14970 id 36 0.5 0 0 0.696459 / 0 0.5 0 0.248499
texmtx> f14970 id 36 0.5 0 0 0.420243 / 0 0.5 0 0.248499
texmtx> f14971 id 36 0.5 0 0 0.697085 / 0 0.5 0 0.248999
texmtx> f14971 id 36 0.5 0 0 0.421034 / 0 0.5 0 0.248999
texmtx> f14972 id 36 0.5 0 0 0.69771 / 0 0.5 0 0.249499
texmtx> f14972 id 36 0.5 0 0 0.421826 / 0 0.5 0 0.249499
texmtx> f14973 id 36 0.5 0 0 0.698335 / 0 0.5 0 0.249999
texmtx> f14973 id 36 0.5 0 0 0.422617 / 0 0.5 0 0.249999
texmtx> f14974 id 36 0.5 0 0 0.69896 / 0 0.5 0 0.250499
texmtx> f14974 id 36 0.5 0 0 0.423407 / 0 0.5 0 0.250499
texmtx> f14975 id 36 0.5 0 0 0.699583 / 0 0.5 0 0.250999
texmtx> f14975 id 36 0.5 0 0 0.424198 / 0 0.5 0 0.250999
texmtx> f14976 id 36 0.5 0 0 0.700207 / 0 0.5 0 0.251499
texmtx> f14976 id 36 0.5 0 0 0.424988 / 0 0.5 0 0.251499
texmtx> f14977 id 36 0.5 0 0 0.700829 / 0 0.5 0 0.251999
texmtx> f14977 id 36 0.5 0 0 0.425778 / 0 0.5 0 0.251999
texmtx> f14978 id 36 0.5 0 0 0.701452 / 0 0.5 0 0.252499
texmtx> f14978 id 36 0.5 0 0 0.426567 / 0 0.5 0 0.252499
texmtx> f14979 id 36 0.5 0 0 0.702073 / 0 0.5 0 0.252999
texmtx> f14979 id 36 0.5 0 0 0.427356 / 0 0.5 0 0.252999
texmtx> f14980 id 36 0.5 0 0 0.702694 / 0 0.5 0 0.253499
texmtx> f14980 id 36 0.5 0 0 0.428145 / 0 0.5 0 0.253499
texmtx> f14981 id 36 0.5 0 0 0.703315 / 0 0.5 0 0.253999
texmtx> f14981 id 36 0.5 0 0 0.428934 / 0 0.5 0 0.253999
texmtx> f14982 id 36 0.5 0 0 0.703935 / 0 0.5 0 0.254499
texmtx> f14982 id 36 0.5 0 0 0.429722 / 0 0.5 0 0.254499
texmtx> f14983 id 36 0.5 0 0 0.704555 / 0 0.5 0 0.254999
texmtx> f14983 id 36 0.5 0 0 0.430509 / 0 0.5 0 0.254999
texmtx> f14984 id 36 0.5 0 0 0.705174 / 0 0.5 0 0.255498
texmtx> f14984 id 36 0.5 0 0 0.431297 / 0 0.5 0 0.255498
texmtx> f14985 id 36 0.5 0 0 0.705792 / 0 0.5 0 0.255998
texmtx> f14985 id 36 0.5 0 0 0.432084 / 0 0.5 0 0.255998
texmtx> f14986 id 36 0.5 0 0 0.70641 / 0 0.5 0 0.256498
texmtx> f14986 id 36 0.5 0 0 0.432871 / 0 0.5 0 0.256498
texmtx> f14987 id 36 0.5 0 0 0.707027 / 0 0.5 0 0.256998
texmtx> f14987 id 36 0.5 0 0 0.433657 / 0 0.5 0 0.256998
texmtx> f14988 id 36 0.5 0 0 0.707644 / 0 0.5 0 0.257498
texmtx> f14988 id 36 0.5 0 0 0.434444 / 0 0.5 0 0.257498
texmtx> f14989 id 36 0.5 0 0 0.708261 / 0 0.5 0 0.257998
texmtx> f14989 id 36 0.5 0 0 0.435229 / 0 0.5 0 0.257998
texmtx> f14990 id 36 0.5 0 0 0.708876 / 0 0.5 0 0.258498
texmtx> f14990 id 36 0.5 0 0 0.436015 / 0 0.5 0 0.258498
texmtx> f14991 id 36 0.5 0 0 0.709492 / 0 0.5 0 0.258998
texmtx> f14991 id 36 0.5 0 0 0.4368 / 0 0.5 0 0.258998
texmtx> f14992 id 36 0.5 0 0 0.710106 / 0 0.5 0 0.259498
texmtx> f14992 id 36 0.5 0 0 0.437585 / 0 0.5 0 0.259498
texmtx> f14993 id 36 0.5 0 0 0.710721 / 0 0.5 0 0.259998
texmtx> f14993 id 36 0.5 0 0 0.438369 / 0 0.5 0 0.259998
port> status f15000   m427dll      board 0 turn 1/1  mg 427 (m427dll)  coins/stars 13/0c 10/0c 10/0c 13/0c  aud 0.23 ms  40.5 fps
texmtx> f14994 id 36 0.5 0 0 0.711334 / 0 0.5 0 0.260498
texmtx> f14994 id 36 0.5 0 0 0.439154 / 0 0.5 0 0.260498
texmtx> f14995 id 36 0.5 0 0 0.711947 / 0 0.5 0 0.260998
texmtx> f14995 id 36 0.5 0 0 0.439937 / 0 0.5 0 0.260998
texmtx> f14996 id 36 0.5 0 0 0.71256 / 0 0.5 0 0.261498
texmtx> f14996 id 36 0.5 0 0 0.440721 / 0 0.5 0 0.261498
texmtx> f14997 id 36 0.5 0 0 0.713172 / 0 0.5 0 0.261998
texmtx> f14997 id 36 0.5 0 0 0.441504 / 0 0.5 0 0.261998
texmtx> f14998 id 36 0.5 0 0 0.713783 / 0 0.5 0 0.262498
texmtx> f14998 id 36 0.5 0 0 0.442287 / 0 0.5 0 0.262498
texmtx> f14999 id 36 0.5 0 0 0.714394 / 0 0.5 0 0.262998
texmtx> f14999 id 36 0.5 0 0 0.443069 / 0 0.5 0 0.262998
texmtx> f15000 id 36 0.5 0 0 0.715005 / 0 0.5 0 0.263498
texmtx> f15000 id 36 0.5 0 0 0.443852 / 0 0.5 0 0.263498
texmtx> f15001 id 36 0.5 0 0 0.715614 / 0 0.5 0 0.263998
texmtx> f15001 id 36 0.5 0 0 0.444633 / 0 0.5 0 0.263998
texmtx> f15002 id 36 0.5 0 0 0.716224 / 0 0.5 0 0.264498
texmtx> f15002 id 36 0.5 0 0 0.445415 / 0 0.5 0 0.264498
texmtx> f15003 id 36 0.5 0 0 0.716832 / 0 0.5 0 0.264998
texmtx> f15003 id 36 0.5 0 0 0.446196 / 0 0.5 0 0.264998
texmtx> f15004 id 36 0.5 0 0 0.71744 / 0 0.5 0 0.265498
texmtx> f15004 id 36 0.5 0 0 0.446977 / 0 0.5 0 0.265498
texmtx> f15005 id 36 0.5 0 0 0.718048 / 0 0.5 0 0.265998
texmtx> f15005 id 36 0.5 0 0 0.447757 / 0 0.5 0 0.265998
texmtx> f15006 id 36 0.5 0 0 0.718655 / 0 0.5 0 0.266498
texmtx> f15006 id 36 0.5 0 0 0.448537 / 0 0.5 0 0.266498
texmtx> f15007 id 36 0.5 0 0 0.719262 / 0 0.5 0 0.266998
texmtx> f15007 id 36 0.5 0 0 0.449317 / 0 0.5 0 0.266998
texmtx> f15008 id 36 0.5 0 0 0.719868 / 0 0.5 0 0.267498
texmtx> f15008 id 36 0.5 0 0 0.450097 / 0 0.5 0 0.267498
texmtx> f15009 id 36 0.5 0 0 0.720473 / 0 0.5 0 0.267998
texmtx> f15009 id 36 0.5 0 0 0.450876 / 0 0.5 0 0.267998
texmtx> f15010 id 36 0.5 0 0 0.721078 / 0 0.5 0 0.268498
texmtx> f15010 id 36 0.5 0 0 0.451654 / 0 0.5 0 0.268498
texmtx> f15011 id 36 0.5 0 0 0.721682 / 0 0.5 0 0.268998
texmtx> f15011 id 36 0.5 0 0 0.452433 / 0 0.5 0 0.268998
texmtx> f15012 id 36 0.5 0 0 0.722286 / 0 0.5 0 0.269498
texmtx> f15012 id 36 0.5 0 0 0.453211 / 0 0.5 0 0.269498
texmtx> f15013 id 36 0.5 0 0 0.722889 / 0 0.5 0 0.269998
texmtx> f15013 id 36 0.5 0 0 0.453989 / 0 0.5 0 0.269998
texmtx> f15014 id 36 0.5 0 0 0.723492 / 0 0.5 0 0.270498
texmtx> f15014 id 36 0.5 0 0 0.454766 / 0 0.5 0 0.270498
texmtx> f15015 id 36 0.5 0 0 0.724094 / 0 0.5 0 0.270998
texmtx> f15015 id 36 0.5 0 0 0.455543 / 0 0.5 0 0.270998
texmtx> f15016 id 36 0.5 0 0 0.724696 / 0 0.5 0 0.271498
texmtx> f15016 id 36 0.5 0 0 0.45632 / 0 0.5 0 0.271498
texmtx> f15017 id 36 0.5 0 0 0.725297 / 0 0.5 0 0.271998
texmtx> f15017 id 36 0.5 0 0 0.457096 / 0 0.5 0 0.271998
texmtx> f15018 id 36 0.5 0 0 0.725897 / 0 0.5 0 0.272498
texmtx> f15018 id 36 0.5 0 0 0.457872 / 0 0.5 0 0.272498
texmtx> f15019 id 36 0.5 0 0 0.726497 / 0 0.5 0 0.272998
texmtx> f15019 id 36 0.5 0 0 0.458648 / 0 0.5 0 0.272998
texmtx> f15020 id 36 0.5 0 0 0.727097 / 0 0.5 0 0.273498
texmtx> f15020 id 36 0.5 0 0 0.459423 / 0 0.5 0 0.273498
texmtx> f15021 id 36 0.5 0 0 0.727696 / 0 0.5 0 0.273998
texmtx> f15021 id 36 0.5 0 0 0.460198 / 0 0.5 0 0.273998
texmtx> f15022 id 36 0.5 0 0 0.728294 / 0 0.5 0 0.274498
texmtx> f15022 id 36 0.5 0 0 0.460972 / 0 0.5 0 0.274498
texmtx> f15023 id 36 0.5 0 0 0.728892 / 0 0.5 0 0.274998
texmtx> f15023 id 36 0.5 0 0 0.461747 / 0 0.5 0 0.274998
texmtx> f15024 id 36 0.5 0 0 0.729489 / 0 0.5 0 0.275498
texmtx> f15024 id 36 0.5 0 0 0.46252 / 0 0.5 0 0.275498
texmtx> f15025 id 36 0.5 0 0 0.730085 / 0 0.5 0 0.275998
texmtx> f15025 id 36 0.5 0 0 0.463294 / 0 0.5 0 0.275998
texmtx> f15026 id 36 0.5 0 0 0.730681 / 0 0.5 0 0.276498
texmtx> f15026 id 36 0.5 0 0 0.464067 / 0 0.5 0 0.276498
texmtx> f15027 id 36 0.5 0 0 0.731277 / 0 0.5 0 0.276998
texmtx> f15027 id 36 0.5 0 0 0.46484 / 0 0.5 0 0.276998
texmtx> f15028 id 36 0.5 0 0 0.731872 / 0 0.5 0 0.277498
texmtx> f15028 id 36 0.5 0 0 0.465612 / 0 0.5 0 0.277498
texmtx> f15029 id 36 0.5 0 0 0.732466 / 0 0.5 0 0.277998
texmtx> f15029 id 36 0.5 0 0 0.466385 / 0 0.5 0 0.277998
texmtx> f15030 id 36 0.5 0 0 0.73306 / 0 0.5 0 0.278498
texmtx> f15030 id 36 0.5 0 0 0.467156 / 0 0.5 0 0.278498
#########SE Entry Error<SE 1621:ErrorNo -33>
texmtx> f15031 id 36 0.5 0 0 0.733653 / 0 0.5 0 0.278998
texmtx> f15031 id 36 0.5 0 0 0.467928 / 0 0.5 0 0.278998
texmtx> f15032 id 36 0.5 0 0 0.734246 / 0 0.5 0 0.279498
texmtx> f15032 id 36 0.5 0 0 0.468699 / 0 0.5 0 0.279498
texmtx> f15033 id 36 0.5 0 0 0.734838 / 0 0.5 0 0.279998
texmtx> f15033 id 36 0.5 0 0 0.469469 / 0 0.5 0 0.279998
texmtx> f15034 id 36 0.5 0 0 0.73543 / 0 0.5 0 0.280498
texmtx> f15034 id 36 0.5 0 0 0.47024 / 0 0.5 0 0.280498
#########SE Entry Error<SE 1622:ErrorNo -33>
texmtx> f15035 id 36 0.5 0 0 0.736021 / 0 0.5 0 0.280998
texmtx> f15035 id 36 0.5 0 0 0.47101 / 0 0.5 0 0.280998
texmtx> f15036 id 36 0.5 0 0 0.736611 / 0 0.5 0 0.281498
texmtx> f15036 id 36 0.5 0 0 0.471779 / 0 0.5 0 0.281498
texmtx> f15037 id 36 0.5 0 0 0.737201 / 0 0.5 0 0.281998
texmtx> f15037 id 36 0.5 0 0 0.472549 / 0 0.5 0 0.281998
texmtx> f15038 id 36 0.5 0 0 0.73779 / 0 0.5 0 0.282498
texmtx> f15038 id 36 0.5 0 0 0.473317 / 0 0.5 0 0.282498
texmtx> f15039 id 36 0.5 0 0 0.738379 / 0 0.5 0 0.282998
texmtx> f15039 id 36 0.5 0 0 0.474086 / 0 0.5 0 0.282998
#########SE Entry Error<SE 1621:ErrorNo -33>
texmtx> f15040 id 36 0.5 0 0 0.738967 / 0 0.5 0 0.283498
texmtx> f15040 id 36 0.5 0 0 0.474854 / 0 0.5 0 0.283498
texmtx> f15041 id 36 0.5 0 0 0.739555 / 0 0.5 0 0.283998
texmtx> f15041 id 36 0.5 0 0 0.475622 / 0 0.5 0 0.283998
texmtx> f15042 id 36 0.5 0 0 0.740142 / 0 0.5 0 0.284498
texmtx> f15042 id 36 0.5 0 0 0.476389 / 0 0.5 0 0.284498
#########SE Entry Error<SE 1622:ErrorNo -33>
texmtx> f15043 id 36 0.5 0 0 0.740729 / 0 0.5 0 0.284998
texmtx> f15043 id 36 0.5 0 0 0.477156 / 0 0.5 0 0.284998
texmtx> f15044 id 36 0.5 0 0 0.741315 / 0 0.5 0 0.285498
texmtx> f15044 id 36 0.5 0 0 0.477923 / 0 0.5 0 0.285498
texmtx> f15045 id 36 0.5 0 0 0.7419 / 0 0.5 0 0.285998
texmtx> f15045 id 36 0.5 0 0 0.47869 / 0 0.5 0 0.285998
texmtx> f15046 id 36 0.5 0 0 0.742485 / 0 0.5 0 0.286498
texmtx> f15046 id 36 0.5 0 0 0.479456 / 0 0.5 0 0.286498
texmtx> f15047 id 36 0.5 0 0 0.743069 / 0 0.5 0 0.286998
texmtx> f15047 id 36 0.5 0 0 0.480221 / 0 0.5 0 0.286998
texmtx> f15048 id 36 0.5 0 0 0.743653 / 0 0.5 0 0.287498
texmtx> f15048 id 36 0.5 0 0 0.480986 / 0 0.5 0 0.287498
texmtx> f15049 id 36 0.5 0 0 0.744236 / 0 0.5 0 0.287998
texmtx> f15049 id 36 0.5 0 0 0.481751 / 0 0.5 0 0.287998
texmtx> f15050 id 36 0.5 0 0 0.744819 / 0 0.5 0 0.288498
texmtx> f15050 id 36 0.5 0 0 0.482516 / 0 0.5 0 0.288498
texmtx> f15051 id 36 0.5 0 0 0.745401 / 0 0.5 0 0.288998
texmtx> f15051 id 36 0.5 0 0 0.48328 / 0 0.5 0 0.288998
texmtx> f15052 id 36 0.5 0 0 0.745982 / 0 0.5 0 0.289498
texmtx> f15052 id 36 0.5 0 0 0.484044 / 0 0.5 0 0.289498
texmtx> f15053 id 36 0.5 0 0 0.746563 / 0 0.5 0 0.289998
texmtx> f15053 id 36 0.5 0 0 0.484807 / 0 0.5 0 0.289998
port> status f15060   m427dll      board 0 turn 1/1  mg 427 (m427dll)  coins/stars 13/0c 10/0c 10/0c 13/0c  aud 0.29 ms  39.5 fps
texmtx> f15054 id 36 0.5 0 0 0.747143 / 0 0.5 0 0.290498
texmtx> f15054 id 36 0.5 0 0 0.48557 / 0 0.5 0 0.290498
texmtx> f15055 id 36 0.5 0 0 0.747723 / 0 0.5 0 0.290998
texmtx> f15055 id 36 0.5 0 0 0.486333 / 0 0.5 0 0.290998
texmtx> f15056 id 36 0.5 0 0 0.748302 / 0 0.5 0 0.291498
texmtx> f15056 id 36 0.5 0 0 0.487095 / 0 0.5 0 0.291498
texmtx> f15057 id 36 0.5 0 0 0.748881 / 0 0.5 0 0.291998
texmtx> f15057 id 36 0.5 0 0 0.487857 / 0 0.5 0 0.291998
texmtx> f15058 id 36 0.5 0 0 0.749459 / 0 0.5 0 0.292498
texmtx> f15058 id 36 0.5 0 0 0.488619 / 0 0.5 0 0.292498
texmtx> f15059 id 36 0.5 0 0 0.750036 / 0 0.5 0 0.292998
texmtx> f15059 id 36 0.5 0 0 0.48938 / 0 0.5 0 0.292998
texmtx> f15060 id 36 0.5 0 0 0.750613 / 0 0.5 0 0.293498
texmtx> f15060 id 36 0.5 0 0 0.490141 / 0 0.5 0 0.293498
texmtx> f15061 id 36 0.5 0 0 0.751189 / 0 0.5 0 0.293998
texmtx> f15061 id 36 0.5 0 0 0.490901 / 0 0.5 0 0.293998
texmtx> f15062 id 36 0.5 0 0 0.751765 / 0 0.5 0 0.294498
texmtx> f15062 id 36 0.5 0 0 0.491661 / 0 0.5 0 0.294498
texmtx> f15063 id 36 0.5 0 0 0.75234 / 0 0.5 0 0.294998
texmtx> f15063 id 36 0.5 0 0 0.492421 / 0 0.5 0 0.294998
texmtx> f15064 id 36 0.5 0 0 0.752915 / 0 0.5 0 0.295498
texmtx> f15064 id 36 0.5 0 0 0.49318 / 0 0.5 0 0.295498
texmtx> f15065 id 36 0.5 0 0 0.753489 / 0 0.5 0 0.295998
texmtx> f15065 id 36 0.5 0 0 0.493939 / 0 0.5 0 0.295998
texmtx> f15066 id 36 0.5 0 0 0.754062 / 0 0.5 0 0.296498
texmtx> f15066 id 36 0.5 0 0 0.494698 / 0 0.5 0 0.296498
texmtx> f15067 id 36 0.5 0 0 0.754635 / 0 0.5 0 0.296998
texmtx> f15067 id 36 0.5 0 0 0.495456 / 0 0.5 0 0.296998
texmtx> f15068 id 36 0.5 0 0 0.755208 / 0 0.5 0 0.297498
texmtx> f15068 id 36 0.5 0 0 0.496214 / 0 0.5 0 0.297498
texmtx> f15069 id 36 0.5 0 0 0.755779 / 0 0.5 0 0.297998
texmtx> f15069 id 36 0.5 0 0 0.496971 / 0 0.5 0 0.297998
texmtx> f15070 id 36 0.5 0 0 0.756351 / 0 0.5 0 0.298498
texmtx> f15070 id 36 0.5 0 0 0.497728 / 0 0.5 0 0.298498
texmtx> f15071 id 36 0.5 0 0 0.756921 / 0 0.5 0 0.298998
texmtx> f15071 id 36 0.5 0 0 0.498485 / 0 0.5 0 0.298998
#########SE Entry Error<SE 1621:ErrorNo -33>
texmtx> f15072 id 36 0.5 0 0 0.757491 / 0 0.5 0 0.299498
texmtx> f15072 id 36 0.5 0 0 0.499241 / 0 0.5 0 0.299498
texmtx> f15073 id 36 0.5 0 0 0.75806 / 0 0.5 0 0.299998
texmtx> f15073 id 36 0.5 0 0 0.499997 / 0 0.5 0 0.299998
texmtx> f15074 id 36 0.5 0 0 0.758629 / 0 0.5 0 0.300498
texmtx> f15074 id 36 0.5 0 0 0.500753 / 0 0.5 0 0.300498
#########SE Entry Error<SE 1621:ErrorNo -33>
#########SE Entry Error<SE 1622:ErrorNo -33>
texmtx> f15075 id 36 0.5 0 0 0.759198 / 0 0.5 0 0.300998
texmtx> f15075 id 36 0.5 0 0 0.501508 / 0 0.5 0 0.300998
texmtx> f15076 id 36 0.5 0 0 0.759765 / 0 0.5 0 0.301498
texmtx> f15076 id 36 0.5 0 0 0.502263 / 0 0.5 0 0.301498
texmtx> f15077 id 36 0.5 0 0 0.760332 / 0 0.5 0 0.301998
texmtx> f15077 id 36 0.5 0 0 0.503017 / 0 0.5 0 0.301998
#########SE Entry Error<SE 1622:ErrorNo -33>
texmtx> f15078 id 36 0.5 0 0 0.760899 / 0 0.5 0 0.302498
texmtx> f15078 id 36 0.5 0 0 0.503771 / 0 0.5 0 0.302498
texmtx> f15079 id 36 0.5 0 0 0.761465 / 0 0.5 0 0.302998
texmtx> f15079 id 36 0.5 0 0 0.504525 / 0 0.5 0 0.302998
texmtx> f15080 id 36 0.5 0 0 0.76203 / 0 0.5 0 0.303498
texmtx> f15080 id 36 0.5 0 0 0.505278 / 0 0.5 0 0.303498
texmtx> f15081 id 36 0.5 0 0 0.762595 / 0 0.5 0 0.303998
texmtx> f15081 id 36 0.5 0 0 0.506031 / 0 0.5 0 0.303998
texmtx> f15082 id 36 0.5 0 0 0.763159 / 0 0.5 0 0.304498
texmtx> f15082 id 36 0.5 0 0 0.506784 / 0 0.5 0 0.304498
texmtx> f15083 id 36 0.5 0 0 0.763723 / 0 0.5 0 0.304998
texmtx> f15083 id 36 0.5 0 0 0.507536 / 0 0.5 0 0.304998
texmtx> f15084 id 36 0.5 0 0 0.764286 / 0 0.5 0 0.305498
texmtx> f15084 id 36 0.5 0 0 0.508287 / 0 0.5 0 0.305498
texmtx> f15085 id 36 0.5 0 0 0.764848 / 0 0.5 0 0.305998
texmtx> f15085 id 36 0.5 0 0 0.509039 / 0 0.5 0 0.305998
texmtx> f15086 id 36 0.5 0 0 0.76541 / 0 0.5 0 0.306498
texmtx> f15086 id 36 0.5 0 0 0.50979 / 0 0.5 0 0.306498
texmtx> f15087 id 36 0.5 0 0 0.765972 / 0 0.5 0 0.306998
texmtx> f15087 id 36 0.5 0 0 0.51054 / 0 0.5 0 0.306998
texmtx> f15088 id 36 0.5 0 0 0.766532 / 0 0.5 0 0.307498
texmtx> f15088 id 36 0.5 0 0 0.51129 / 0 0.5 0 0.307498
texmtx> f15089 id 36 0.5 0 0 0.767092 / 0 0.5 0 0.307998
texmtx> f15089 id 36 0.5 0 0 0.51204 / 0 0.5 0 0.307998
texmtx> f15090 id 36 0.5 0 0 0.767652 / 0 0.5 0 0.308498
texmtx> f15090 id 36 0.5 0 0 0.512789 / 0 0.5 0 0.308498
texmtx> f15091 id 36 0.5 0 0 0.768211 / 0 0.5 0 0.308998
texmtx> f15091 id 36 0.5 0 0 0.513538 / 0 0.5 0 0.308998
texmtx> f15092 id 36 0.5 0 0 0.768769 / 0 0.5 0 0.309498
texmtx> f15092 id 36 0.5 0 0 0.514287 / 0 0.5 0 0.309498
texmtx> f15093 id 36 0.5 0 0 0.769327 / 0 0.5 0 0.309998
texmtx> f15093 id 36 0.5 0 0 0.515035 / 0 0.5 0 0.309998
texmtx> f15094 id 36 0.5 0 0 0.769884 / 0 0.5 0 0.310498
texmtx> f15094 id 36 0.5 0 0 0.515783 / 0 0.5 0 0.310498
texmtx> f15095 id 36 0.5 0 0 0.770441 / 0 0.5 0 0.310998
texmtx> f15095 id 36 0.5 0 0 0.516531 / 0 0.5 0 0.310998
texmtx> f15096 id 36 0.5 0 0 0.770997 / 0 0.5 0 0.311498
texmtx> f15096 id 36 0.5 0 0 0.517278 / 0 0.5 0 0.311498
texmtx> f15097 id 36 0.5 0 0 0.771552 / 0 0.5 0 0.311998
texmtx> f15097 id 36 0.5 0 0 0.518024 / 0 0.5 0 0.311998
texmtx> f15098 id 36 0.5 0 0 0.772107 / 0 0.5 0 0.312498
texmtx> f15098 id 36 0.5 0 0 0.51877 / 0 0.5 0 0.312498
texmtx> f15099 id 36 0.5 0 0 0.772661 / 0 0.5 0 0.312998
texmtx> f15099 id 36 0.5 0 0 0.519516 / 0 0.5 0 0.312998
texmtx> f15100 id 36 0.5 0 0 0.773215 / 0 0.5 0 0.313498
texmtx> f15100 id 36 0.5 0 0 0.520262 / 0 0.5 0 0.313498
texmtx> f15101 id 36 0.5 0 0 0.773768 / 0 0.5 0 0.313998
texmtx> f15101 id 36 0.5 0 0 0.521007 / 0 0.5 0 0.313998
texmtx> f15102 id 36 0.5 0 0 0.774321 / 0 0.5 0 0.314498
texmtx> f15102 id 36 0.5 0 0 0.521751 / 0 0.5 0 0.314498
texmtx> f15103 id 36 0.5 0 0 0.774873 / 0 0.5 0 0.314998
texmtx> f15103 id 36 0.5 0 0 0.522496 / 0 0.5 0 0.314998
texmtx> f15104 id 36 0.5 0 0 0.775424 / 0 0.5 0 0.315498
texmtx> f15104 id 36 0.5 0 0 0.52324 / 0 0.5 0 0.315498
texmtx> f15105 id 36 0.5 0 0 0.775975 / 0 0.5 0 0.315998
texmtx> f15105 id 36 0.5 0 0 0.523983 / 0 0.5 0 0.315998
texmtx> f15106 id 36 0.5 0 0 0.776525 / 0 0.5 0 0.316498
texmtx> f15106 id 36 0.5 0 0 0.524726 / 0 0.5 0 0.316498
texmtx> f15107 id 36 0.5 0 0 0.777074 / 0 0.5 0 0.316998
texmtx> f15107 id 36 0.5 0 0 0.525469 / 0 0.5 0 0.316998
texmtx> f15108 id 36 0.5 0 0 0.777623 / 0 0.5 0 0.317498
texmtx> f15108 id 36 0.5 0 0 0.526211 / 0 0.5 0 0.317498
#########SE Entry Error<SE 1621:ErrorNo -33>
texmtx> f15109 id 36 0.5 0 0 0.778172 / 0 0.5 0 0.317998
texmtx> f15109 id 36 0.5 0 0 0.526953 / 0 0.5 0 0.317998
texmtx> f15110 id 36 0.5 0 0 0.778719 / 0 0.5 0 0.318498
texmtx> f15110 id 36 0.5 0 0 0.527694 / 0 0.5 0 0.318498
texmtx> f15111 id 36 0.5 0 0 0.779267 / 0 0.5 0 0.318998
texmtx> f15111 id 36 0.5 0 0 0.528435 / 0 0.5 0 0.318998
#########SE Entry Error<SE 1621:ErrorNo -33>
texmtx> f15112 id 36 0.5 0 0 0.779813 / 0 0.5 0 0.319498
texmtx> f15112 id 36 0.5 0 0 0.529176 / 0 0.5 0 0.319498
texmtx> f15113 id 36 0.5 0 0 0.780359 / 0 0.5 0 0.319998
texmtx> f15113 id 36 0.5 0 0 0.529916 / 0 0.5 0 0.319998
port> status f15120   m427dll      board 0 turn 1/1  mg 427 (m427dll)  coins/stars 13/0c 10/0c 10/0c 13/0c  aud 0.32 ms  37.8 fps
#########SE Entry Error<SE 1622:ErrorNo -33>
texmtx> f15114 id 36 0.5 0 0 0.780905 / 0 0.5 0 0.320498
texmtx> f15114 id 36 0.5 0 0 0.530656 / 0 0.5 0 0.320498
texmtx> f15115 id 36 0.5 0 0 0.781449 / 0 0.5 0 0.320998
texmtx> f15115 id 36 0.5 0 0 0.531396 / 0 0.5 0 0.320998
texmtx> f15116 id 36 0.5 0 0 0.781994 / 0 0.5 0 0.321498
texmtx> f15116 id 36 0.5 0 0 0.532135 / 0 0.5 0 0.321498
texmtx> f15117 id 36 0.5 0 0 0.782537 / 0 0.5 0 0.321998
texmtx> f15117 id 36 0.5 0 0 0.532873 / 0 0.5 0 0.321998
texmtx> f15118 id 36 0.5 0 0 0.78308 / 0 0.5 0 0.322498
texmtx> f15118 id 36 0.5 0 0 0.533611 / 0 0.5 0 0.322498
texmtx> f15119 id 36 0.5 0 0 0.783623 / 0 0.5 0 0.322998
texmtx> f15119 id 36 0.5 0 0 0.534349 / 0 0.5 0 0.322998
texmtx> f15120 id 36 0.5 0 0 0.784165 / 0 0.5 0 0.323498
texmtx> f15120 id 36 0.5 0 0 0.535087 / 0 0.5 0 0.323498
#########SE Entry Error<SE 1622:ErrorNo -33>
texmtx> f15121 id 36 0.5 0 0 0.784706 / 0 0.5 0 0.323998
texmtx> f15121 id 36 0.5 0 0 0.535824 / 0 0.5 0 0.323998
texmtx> f15122 id 36 0.5 0 0 0.785246 / 0 0.5 0 0.324498
texmtx> f15122 id 36 0.5 0 0 0.53656 / 0 0.5 0 0.324498
texmtx> f15123 id 36 0.5 0 0 0.785786 / 0 0.5 0 0.324998
texmtx> f15123 id 36 0.5 0 0 0.537297 / 0 0.5 0 0.324998
texmtx> f15124 id 36 0.5 0 0 0.786326 / 0 0.5 0 0.325498
texmtx> f15124 id 36 0.5 0 0 0.538032 / 0 0.5 0 0.325498
texmtx> f15125 id 36 0.5 0 0 0.786865 / 0 0.5 0 0.325998
texmtx> f15125 id 36 0.5 0 0 0.538768 / 0 0.5 0 0.325998
texmtx> f15126 id 36 0.5 0 0 0.787403 / 0 0.5 0 0.326498
texmtx> f15126 id 36 0.5 0 0 0.539503 / 0 0.5 0 0.326498
texmtx> f15127 id 36 0.5 0 0 0.787941 / 0 0.5 0 0.326998
texmtx> f15127 id 36 0.5 0 0 0.540237 / 0 0.5 0 0.326998
texmtx> f15128 id 36 0.5 0 0 0.788478 / 0 0.5 0 0.327498
texmtx> f15128 id 36 0.5 0 0 0.540971 / 0 0.5 0 0.327498
texmtx> f15129 id 36 0.5 0 0 0.789014 / 0 0.5 0 0.327998
texmtx> f15129 id 36 0.5 0 0 0.541705 / 0 0.5 0 0.327998
texmtx> f15130 id 36 0.5 0 0 0.78955 / 0 0.5 0 0.328498
texmtx> f15130 id 36 0.5 0 0 0.542438 / 0 0.5 0 0.328498
texmtx> f15131 id 36 0.5 0 0 0.790085 / 0 0.5 0 0.328998
texmtx> f15131 id 36 0.5 0 0 0.543171 / 0 0.5 0 0.328998
texmtx> f15132 id 36 0.5 0 0 0.79062 / 0 0.5 0 0.329498
texmtx> f15132 id 36 0.5 0 0 0.543904 / 0 0.5 0 0.329498
texmtx> f15133 id 36 0.5 0 0 0.791154 / 0 0.5 0 0.329998
texmtx> f15133 id 36 0.5 0 0 0.544636 / 0 0.5 0 0.329998
texmtx> f15134 id 36 0.5 0 0 0.791687 / 0 0.5 0 0.330498
texmtx> f15134 id 36 0.5 0 0 0.545368 / 0 0.5 0 0.330498
texmtx> f15135 id 36 0.5 0 0 0.79222 / 0 0.5 0 0.330998
texmtx> f15135 id 36 0.5 0 0 0.546099 / 0 0.5 0 0.330998
texmtx> f15136 id 36 0.5 0 0 0.792752 / 0 0.5 0 0.331498
texmtx> f15136 id 36 0.5 0 0 0.54683 / 0 0.5 0 0.331498
texmtx> f15137 id 36 0.5 0 0 0.793284 / 0 0.5 0 0.331998
texmtx> f15137 id 36 0.5 0 0 0.54756 / 0 0.5 0 0.331998
texmtx> f15138 id 36 0.5 0 0 0.793815 / 0 0.5 0 0.332498
texmtx> f15138 id 36 0.5 0 0 0.54829 / 0 0.5 0 0.332498
texmtx> f15139 id 36 0.5 0 0 0.794345 / 0 0.5 0 0.332998
texmtx> f15139 id 36 0.5 0 0 0.54902 / 0 0.5 0 0.332998
texmtx> f15140 id 36 0.5 0 0 0.794875 / 0 0.5 0 0.333497
texmtx> f15140 id 36 0.5 0 0 0.549749 / 0 0.5 0 0.333497
texmtx> f15141 id 36 0.5 0 0 0.795404 / 0 0.5 0 0.333997
texmtx> f15141 id 36 0.5 0 0 0.550478 / 0 0.5 0 0.333997
texmtx> f15142 id 36 0.5 0 0 0.795933 / 0 0.5 0 0.334497
texmtx> f15142 id 36 0.5 0 0 0.551206 / 0 0.5 0 0.334497
texmtx> f15143 id 36 0.5 0 0 0.796461 / 0 0.5 0 0.334997
texmtx> f15143 id 36 0.5 0 0 0.551934 / 0 0.5 0 0.334997
texmtx> f15144 id 36 0.5 0 0 0.796988 / 0 0.5 0 0.335497
texmtx> f15144 id 36 0.5 0 0 0.552661 / 0 0.5 0 0.335497
texmtx> f15145 id 36 0.5 0 0 0.797515 / 0 0.5 0 0.335997
texmtx> f15145 id 36 0.5 0 0 0.553388 / 0 0.5 0 0.335997
#########SE Entry Error<SE 1621:ErrorNo -33>
texmtx> f15146 id 36 0.5 0 0 0.798041 / 0 0.5 0 0.336497
texmtx> f15146 id 36 0.5 0 0 0.554115 / 0 0.5 0 0.336497
texmtx> f15147 id 36 0.5 0 0 0.798567 / 0 0.5 0 0.336997
texmtx> f15147 id 36 0.5 0 0 0.554841 / 0 0.5 0 0.336997
#########SE Entry Error<SE 1621:ErrorNo -33>
texmtx> f15148 id 36 0.5 0 0 0.799092 / 0 0.5 0 0.337497
texmtx> f15148 id 36 0.5 0 0 0.555567 / 0 0.5 0 0.337497
#########SE Entry Error<SE 1622:ErrorNo -33>
texmtx> f15149 id 36 0.5 0 0 0.799616 / 0 0.5 0 0.337997
texmtx> f15149 id 36 0.5 0 0 0.556292 / 0 0.5 0 0.337997
texmtx> f15150 id 36 0.5 0 0 0.80014 / 0 0.5 0 0.338497
texmtx> f15150 id 36 0.5 0 0 0.557017 / 0 0.5 0 0.338497
texmtx> f15151 id 36 0.5 0 0 0.800663 / 0 0.5 0 0.338997
texmtx> f15151 id 36 0.5 0 0 0.557742 / 0 0.5 0 0.338997
texmtx> f15152 id 36 0.5 0 0 0.801185 / 0 0.5 0 0.339497
texmtx> f15152 id 36 0.5 0 0 0.558466 / 0 0.5 0 0.339497
texmtx> f15153 id 36 0.5 0 0 0.801707 / 0 0.5 0 0.339997
texmtx> f15153 id 36 0.5 0 0 0.55919 / 0 0.5 0 0.339997
texmtx> f15154 id 36 0.5 0 0 0.802229 / 0 0.5 0 0.340497
texmtx> f15154 id 36 0.5 0 0 0.559913 / 0 0.5 0 0.340497
texmtx> f15155 id 36 0.5 0 0 0.802749 / 0 0.5 0 0.340997
texmtx> f15155 id 36 0.5 0 0 0.560636 / 0 0.5 0 0.340997
texmtx> f15156 id 36 0.5 0 0 0.803269 / 0 0.5 0 0.341497
texmtx> f15156 id 36 0.5 0 0 0.561358 / 0 0.5 0 0.341497
texmtx> f15157 id 36 0.5 0 0 0.803789 / 0 0.5 0 0.341997
texmtx> f15157 id 36 0.5 0 0 0.56208 / 0 0.5 0 0.341997
#########SE Entry Error<SE 1622:ErrorNo -33>
texmtx> f15158 id 36 0.5 0 0 0.804308 / 0 0.5 0 0.342497
texmtx> f15158 id 36 0.5 0 0 0.562802 / 0 0.5 0 0.342497
texmtx> f15159 id 36 0.5 0 0 0.804826 / 0 0.5 0 0.342997
texmtx> f15159 id 36 0.5 0 0 0.563523 / 0 0.5 0 0.342997
texmtx> f15160 id 36 0.5 0 0 0.805344 / 0 0.5 0 0.343497
texmtx> f15160 id 36 0.5 0 0 0.564243 / 0 0.5 0 0.343497
texmtx> f15161 id 36 0.5 0 0 0.805861 / 0 0.5 0 0.343997
texmtx> f15161 id 36 0.5 0 0 0.564964 / 0 0.5 0 0.343997
texmtx> f15162 id 36 0.5 0 0 0.806377 / 0 0.5 0 0.344497
texmtx> f15162 id 36 0.5 0 0 0.565683 / 0 0.5 0 0.344497
texmtx> f15163 id 36 0.5 0 0 0.806893 / 0 0.5 0 0.344997
texmtx> f15163 id 36 0.5 0 0 0.566403 / 0 0.5 0 0.344997
texmtx> f15164 id 36 0.5 0 0 0.807408 / 0 0.5 0 0.345497
texmtx> f15164 id 36 0.5 0 0 0.567122 / 0 0.5 0 0.345497
texmtx> f15165 id 36 0.5 0 0 0.807922 / 0 0.5 0 0.345997
texmtx> f15165 id 36 0.5 0 0 0.56784 / 0 0.5 0 0.345997
texmtx> f15166 id 36 0.5 0 0 0.808436 / 0 0.5 0 0.346497
texmtx> f15166 id 36 0.5 0 0 0.568558 / 0 0.5 0 0.346497
texmtx> f15167 id 36 0.5 0 0 0.80895 / 0 0.5 0 0.346997
texmtx> f15167 id 36 0.5 0 0 0.569276 / 0 0.5 0 0.346997
texmtx> f15168 id 36 0.5 0 0 0.809462 / 0 0.5 0 0.347497
texmtx> f15168 id 36 0.5 0 0 0.569993 / 0 0.5 0 0.347497
texmtx> f15169 id 36 0.5 0 0 0.809974 / 0 0.5 0 0.347997
texmtx> f15169 id 36 0.5 0 0 0.57071 / 0 0.5 0 0.347997
texmtx> f15170 id 36 0.5 0 0 0.810486 / 0 0.5 0 0.348497
texmtx> f15170 id 36 0.5 0 0 0.571426 / 0 0.5 0 0.348497
texmtx> f15171 id 36 0.5 0 0 0.810997 / 0 0.5 0 0.348997
texmtx> f15171 id 36 0.5 0 0 0.572142 / 0 0.5 0 0.348997
texmtx> f15172 id 36 0.5 0 0 0.811507 / 0 0.5 0 0.349497
texmtx> f15172 id 36 0.5 0 0 0.572858 / 0 0.5 0 0.349497
texmtx> f15173 id 36 0.5 0 0 0.812017 / 0 0.5 0 0.349997
texmtx> f15173 id 36 0.5 0 0 0.573573 / 0 0.5 0 0.349997
port> status f15180   m427dll      board 0 turn 1/1  mg 427 (m427dll)  coins/stars 13/0c 10/0c 10/0c 13/0c  aud 0.27 ms  38.8 fps
texmtx> f15174 id 36 0.5 0 0 0.812526 / 0 0.5 0 0.350497
texmtx> f15174 id 36 0.5 0 0 0.574288 / 0 0.5 0 0.350497
texmtx> f15175 id 36 0.5 0 0 0.813034 / 0 0.5 0 0.350997
texmtx> f15175 id 36 0.5 0 0 0.575002 / 0 0.5 0 0.350997
texmtx> f15176 id 36 0.5 0 0 0.813542 / 0 0.5 0 0.351497
texmtx> f15176 id 36 0.5 0 0 0.575715 / 0 0.5 0 0.351497
texmtx> f15177 id 36 0.5 0 0 0.814049 / 0 0.5 0 0.351997
texmtx> f15177 id 36 0.5 0 0 0.576429 / 0 0.5 0 0.351997
texmtx> f15178 id 36 0.5 0 0 0.814555 / 0 0.5 0 0.352497
texmtx> f15178 id 36 0.5 0 0 0.577142 / 0 0.5 0 0.352497
texmtx> f15179 id 36 0.5 0 0 0.815061 / 0 0.5 0 0.352997
texmtx> f15179 id 36 0.5 0 0 0.577854 / 0 0.5 0 0.352997
texmtx> f15180 id 36 0.5 0 0 0.815567 / 0 0.5 0 0.353497
texmtx> f15180 id 36 0.5 0 0 0.578566 / 0 0.5 0 0.353497
texmtx> f15181 id 36 0.5 0 0 0.816071 / 0 0.5 0 0.353997
texmtx> f15181 id 36 0.5 0 0 0.579278 / 0 0.5 0 0.353997
texmtx> f15182 id 36 0.5 0 0 0.816575 / 0 0.5 0 0.354497
texmtx> f15182 id 36 0.5 0 0 0.579989 / 0 0.5 0 0.354497
#########SE Entry Error<SE 1621:ErrorNo -33>
#########SE Entry Error<SE 1622:ErrorNo -33>
texmtx> f15183 id 36 0.5 0 0 0.817079 / 0 0.5 0 0.354997
texmtx> f15183 id 36 0.5 0 0 0.580699 / 0 0.5 0 0.354997
#########SE Entry Error<SE 1621:ErrorNo -33>
texmtx> f15184 id 36 0.5 0 0 0.817582 / 0 0.5 0 0.355497
texmtx> f15184 id 36 0.5 0 0 0.58141 / 0 0.5 0 0.355497
texmtx> f15185 id 36 0.5 0 0 0.818084 / 0 0.5 0 0.355997
texmtx> f15185 id 36 0.5 0 0 0.582119 / 0 0.5 0 0.355997
texmtx> f15186 id 36 0.5 0 0 0.818585 / 0 0.5 0 0.356497
texmtx> f15186 id 36 0.5 0 0 0.582829 / 0 0.5 0 0.356497
texmtx> f15187 id 36 0.5 0 0 0.819086 / 0 0.5 0 0.356997
texmtx> f15187 id 36 0.5 0 0 0.583538 / 0 0.5 0 0.356997
texmtx> f15188 id 36 0.5 0 0 0.819587 / 0 0.5 0 0.357497
texmtx> f15188 id 36 0.5 0 0 0.584246 / 0 0.5 0 0.357497
texmtx> f15189 id 36 0.5 0 0 0.820086 / 0 0.5 0 0.357997
texmtx> f15189 id 36 0.5 0 0 0.584954 / 0 0.5 0 0.357997
texmtx> f15190 id 36 0.5 0 0 0.820585 / 0 0.5 0 0.358497
texmtx> f15190 id 36 0.5 0 0 0.585662 / 0 0.5 0 0.358497
texmtx> f15191 id 36 0.5 0 0 0.821084 / 0 0.5 0 0.358997
texmtx> f15191 id 36 0.5 0 0 0.586369 / 0 0.5 0 0.358997
texmtx> f15192 id 36 0.5 0 0 0.821581 / 0 0.5 0 0.359497
texmtx> f15192 id 36 0.5 0 0 0.587075 / 0 0.5 0 0.359497
texmtx> f15193 id 36 0.5 0 0 0.822079 / 0 0.5 0 0.359997
texmtx> f15193 id 36 0.5 0 0 0.587782 / 0 0.5 0 0.359997
texmtx> f15194 id 36 0.5 0 0 0.822575 / 0 0.5 0 0.360497
texmtx> f15194 id 36 0.5 0 0 0.588487 / 0 0.5 0 0.360497
#########SE Entry Error<SE 1622:ErrorNo -33>
texmtx> f15195 id 36 0.5 0 0 0.823071 / 0 0.5 0 0.360997
texmtx> f15195 id 36 0.5 0 0 0.589193 / 0 0.5 0 0.360997
texmtx> f15196 id 36 0.5 0 0 0.823566 / 0 0.5 0 0.361497
texmtx> f15196 id 36 0.5 0 0 0.589898 / 0 0.5 0 0.361497
texmtx> f15197 id 36 0.5 0 0 0.824061 / 0 0.5 0 0.361997
texmtx> f15197 id 36 0.5 0 0 0.590602 / 0 0.5 0 0.361997
texmtx> f15198 id 36 0.5 0 0 0.824555 / 0 0.5 0 0.362497
texmtx> f15198 id 36 0.5 0 0 0.591306 / 0 0.5 0 0.362497
texmtx> f15199 id 36 0.5 0 0 0.825049 / 0 0.5 0 0.362997
texmtx> f15199 id 36 0.5 0 0 0.592009 / 0 0.5 0 0.362997
texmtx> f15200 id 36 0.5 0 0 0.825541 / 0 0.5 0 0.363497
texmtx> f15200 id 36 0.5 0 0 0.592712 / 0 0.5 0 0.363497
texmtx> f15201 id 36 0.5 0 0 0.826033 / 0 0.5 0 0.363997
texmtx> f15201 id 36 0.5 0 0 0.593415 / 0 0.5 0 0.363997
texmtx> f15202 id 36 0.5 0 0 0.826525 / 0 0.5 0 0.364497
texmtx> f15202 id 36 0.5 0 0 0.594117 / 0 0.5 0 0.364497
texmtx> f15203 id 36 0.5 0 0 0.827016 / 0 0.5 0 0.364997
texmtx> f15203 id 36 0.5 0 0 0.594819 / 0 0.5 0 0.364997
texmtx> f15204 id 36 0.5 0 0 0.827506 / 0 0.5 0 0.365497
texmtx> f15204 id 36 0.5 0 0 0.59552 / 0 0.5 0 0.365497
texmtx> f15205 id 36 0.5 0 0 0.827996 / 0 0.5 0 0.365997
texmtx> f15205 id 36 0.5 0 0 0.596221 / 0 0.5 0 0.365997
texmtx> f15206 id 36 0.5 0 0 0.828485 / 0 0.5 0 0.366497
texmtx> f15206 id 36 0.5 0 0 0.596921 / 0 0.5 0 0.366497
texmtx> f15207 id 36 0.5 0 0 0.828973 / 0 0.5 0 0.366997
texmtx> f15207 id 36 0.5 0 0 0.597621 / 0 0.5 0 0.366997
texmtx> f15208 id 36 0.5 0 0 0.829461 / 0 0.5 0 0.367497
texmtx> f15208 id 36 0.5 0 0 0.598321 / 0 0.5 0 0.367497
texmtx> f15209 id 36 0.5 0 0 0.829948 / 0 0.5 0 0.367997
texmtx> f15209 id 36 0.5 0 0 0.59902 / 0 0.5 0 0.367997
texmtx> f15210 id 36 0.5 0 0 0.830435 / 0 0.5 0 0.368497
texmtx> f15210 id 36 0.5 0 0 0.599718 / 0 0.5 0 0.368497
texmtx> f15211 id 36 0.5 0 0 0.83092 / 0 0.5 0 0.368997
texmtx> f15211 id 36 0.5 0 0 0.600416 / 0 0.5 0 0.368997
texmtx> f15212 id 36 0.5 0 0 0.831406 / 0 0.5 0 0.369497
texmtx> f15212 id 36 0.5 0 0 0.601114 / 0 0.5 0 0.369497
texmtx> f15213 id 36 0.5 0 0 0.83189 / 0 0.5 0 0.369997
texmtx> f15213 id 36 0.5 0 0 0.601811 / 0 0.5 0 0.369997
texmtx> f15214 id 36 0.5 0 0 0.832374 / 0 0.5 0 0.370497
texmtx> f15214 id 36 0.5 0 0 0.602508 / 0 0.5 0 0.370497
texmtx> f15215 id 36 0.5 0 0 0.832857 / 0 0.5 0 0.370997
texmtx> f15215 id 36 0.5 0 0 0.603204 / 0 0.5 0 0.370997
texmtx> f15216 id 36 0.5 0 0 0.83334 / 0 0.5 0 0.371497
texmtx> f15216 id 36 0.5 0 0 0.6039 / 0 0.5 0 0.371497
texmtx> f15217 id 36 0.5 0 0 0.833822 / 0 0.5 0 0.371997
texmtx> f15217 id 36 0.5 0 0 0.604595 / 0 0.5 0 0.371997
texmtx> f15218 id 36 0.5 0 0 0.834304 / 0 0.5 0 0.372497
texmtx> f15218 id 36 0.5 0 0 0.60529 / 0 0.5 0 0.372497
texmtx> f15219 id 36 0.5 0 0 0.834784 / 0 0.5 0 0.372997
texmtx> f15219 id 36 0.5 0 0 0.605984 / 0 0.5 0 0.372997
texmtx> f15220 id 36 0.5 0 0 0.835265 / 0 0.5 0 0.373497
texmtx> f15220 id 36 0.5 0 0 0.606678 / 0 0.5 0 0.373497
texmtx> f15221 id 36 0.5 0 0 0.835744 / 0 0.5 0 0.373997
texmtx> f15221 id 36 0.5 0 0 0.607372 / 0 0.5 0 0.373997
texmtx> f15222 id 36 0.5 0 0 0.836223 / 0 0.5 0 0.374497
texmtx> f15222 id 36 0.5 0 0 0.608065 / 0 0.5 0 0.374497
#########SE Entry Error<SE 1621:ErrorNo -33>
texmtx> f15223 id 36 0.5 0 0 0.836701 / 0 0.5 0 0.374997
texmtx> f15223 id 36 0.5 0 0 0.608757 / 0 0.5 0 0.374997
#########SE Entry Error<SE 1621:ErrorNo -33>
#########SE Entry Error<SE 1622:ErrorNo -33>
texmtx> f15224 id 36 0.5 0 0 0.837179 / 0 0.5 0 0.375497
texmtx> f15224 id 36 0.5 0 0 0.60945 / 0 0.5 0 0.375497
texmtx> f15225 id 36 0.5 0 0 0.837656 / 0 0.5 0 0.375997
texmtx> f15225 id 36 0.5 0 0 0.610141 / 0 0.5 0 0.375997
texmtx> f15226 id 36 0.5 0 0 0.838132 / 0 0.5 0 0.376497
texmtx> f15226 id 36 0.5 0 0 0.610832 / 0 0.5 0 0.376497
texmtx> f15227 id 36 0.5 0 0 0.838608 / 0 0.5 0 0.376997
texmtx> f15227 id 36 0.5 0 0 0.611523 / 0 0.5 0 0.376997
texmtx> f15228 id 36 0.5 0 0 0.839083 / 0 0.5 0 0.377497
texmtx> f15228 id 36 0.5 0 0 0.612213 / 0 0.5 0 0.377497
texmtx> f15229 id 36 0.5 0 0 0.839557 / 0 0.5 0 0.377997
texmtx> f15229 id 36 0.5 0 0 0.612903 / 0 0.5 0 0.377997
texmtx> f15230 id 36 0.5 0 0 0.840031 / 0 0.5 0 0.378497
texmtx> f15230 id 36 0.5 0 0 0.613592 / 0 0.5 0 0.378497
texmtx> f15231 id 36 0.5 0 0 0.840504 / 0 0.5 0 0.378997
texmtx> f15231 id 36 0.5 0 0 0.614281 / 0 0.5 0 0.378997
texmtx> f15232 id 36 0.5 0 0 0.840977 / 0 0.5 0 0.379497
texmtx> f15232 id 36 0.5 0 0 0.61497 / 0 0.5 0 0.379497
#########SE Entry Error<SE 1622:ErrorNo -33>
texmtx> f15233 id 36 0.5 0 0 0.841448 / 0 0.5 0 0.379997
texmtx> f15233 id 36 0.5 0 0 0.615657 / 0 0.5 0 0.379997
port> status f15240   m427dll      board 0 turn 1/1  mg 427 (m427dll)  coins/stars 13/0c 10/0c 10/0c 13/0c  aud 0.23 ms  39.9 fps
texmtx> f15234 id 36 0.5 0 0 0.84192 / 0 0.5 0 0.380497
texmtx> f15234 id 36 0.5 0 0 0.616345 / 0 0.5 0 0.380497
texmtx> f15235 id 36 0.5 0 0 0.84239 / 0 0.5 0 0.380997
texmtx> f15235 id 36 0.5 0 0 0.617032 / 0 0.5 0 0.380997
texmtx> f15236 id 36 0.5 0 0 0.84286 / 0 0.5 0 0.381497
texmtx> f15236 id 36 0.5 0 0 0.617718 / 0 0.5 0 0.381497
texmtx> f15237 id 36 0.5 0 0 0.843329 / 0 0.5 0 0.381997
texmtx> f15237 id 36 0.5 0 0 0.618404 / 0 0.5 0 0.381997
texmtx> f15238 id 36 0.5 0 0 0.843798 / 0 0.5 0 0.382497
texmtx> f15238 id 36 0.5 0 0 0.61909 / 0 0.5 0 0.382497
texmtx> f15239 id 36 0.5 0 0 0.844266 / 0 0.5 0 0.382997
texmtx> f15239 id 36 0.5 0 0 0.619775 / 0 0.5 0 0.382997
texmtx> f15240 id 36 0.5 0 0 0.844733 / 0 0.5 0 0.383497
texmtx> f15240 id 36 0.5 0 0 0.62046 / 0 0.5 0 0.383497
texmtx> f15241 id 36 0.5 0 0 0.8452 / 0 0.5 0 0.383997
texmtx> f15241 id 36 0.5 0 0 0.621144 / 0 0.5 0 0.383997
texmtx> f15242 id 36 0.5 0 0 0.845666 / 0 0.5 0 0.384497
texmtx> f15242 id 36 0.5 0 0 0.621827 / 0 0.5 0 0.384497
texmtx> f15243 id 36 0.5 0 0 0.846132 / 0 0.5 0 0.384997
texmtx> f15243 id 36 0.5 0 0 0.62251 / 0 0.5 0 0.384997
texmtx> f15244 id 36 0.5 0 0 0.846596 / 0 0.5 0 0.385497
texmtx> f15244 id 36 0.5 0 0 0.623193 / 0 0.5 0 0.385497
texmtx> f15245 id 36 0.5 0 0 0.847061 / 0 0.5 0 0.385997
texmtx> f15245 id 36 0.5 0 0 0.623875 / 0 0.5 0 0.385997
texmtx> f15246 id 36 0.5 0 0 0.847524 / 0 0.5 0 0.386497
texmtx> f15246 id 36 0.5 0 0 0.624557 / 0 0.5 0 0.386497
texmtx> f15247 id 36 0.5 0 0 0.847987 / 0 0.5 0 0.386997
texmtx> f15247 id 36 0.5 0 0 0.625239 / 0 0.5 0 0.386997
texmtx> f15248 id 36 0.5 0 0 0.848449 / 0 0.5 0 0.387497
texmtx> f15248 id 36 0.5 0 0 0.625919 / 0 0.5 0 0.387497
texmtx> f15249 id 36 0.5 0 0 0.848911 / 0 0.5 0 0.387997
texmtx> f15249 id 36 0.5 0 0 0.6266 / 0 0.5 0 0.387997
texmtx> f15250 id 36 0.5 0 0 0.849371 / 0 0.5 0 0.388497
texmtx> f15250 id 36 0.5 0 0 0.62728 / 0 0.5 0 0.388497
texmtx> f15251 id 36 0.5 0 0 0.849832 / 0 0.5 0 0.388997
texmtx> f15251 id 36 0.5 0 0 0.627959 / 0 0.5 0 0.388997
texmtx> f15252 id 36 0.5 0 0 0.850291 / 0 0.5 0 0.389497
texmtx> f15252 id 36 0.5 0 0 0.628638 / 0 0.5 0 0.389497
texmtx> f15253 id 36 0.5 0 0 0.85075 / 0 0.5 0 0.389997
texmtx> f15253 id 36 0.5 0 0 0.629316 / 0 0.5 0 0.389997
texmtx> f15254 id 36 0.5 0 0 0.851209 / 0 0.5 0 0.390497
texmtx> f15254 id 36 0.5 0 0 0.629994 / 0 0.5 0 0.390497
texmtx> f15255 id 36 0.5 0 0 0.851666 / 0 0.5 0 0.390997
texmtx> f15255 id 36 0.5 0 0 0.630672 / 0 0.5 0 0.390997
texmtx> f15256 id 36 0.5 0 0 0.852123 / 0 0.5 0 0.391497
texmtx> f15256 id 36 0.5 0 0 0.631349 / 0 0.5 0 0.391497
texmtx> f15257 id 36 0.5 0 0 0.85258 / 0 0.5 0 0.391997
texmtx> f15257 id 36 0.5 0 0 0.632025 / 0 0.5 0 0.391997
texmtx> f15258 id 36 0.5 0 0 0.853035 / 0 0.5 0 0.392497
texmtx> f15258 id 36 0.5 0 0 0.632701 / 0 0.5 0 0.392497
texmtx> f15259 id 36 0.5 0 0 0.85349 / 0 0.5 0 0.392997
texmtx> f15259 id 36 0.5 0 0 0.633377 / 0 0.5 0 0.392997
#########SE Entry Error<SE 1621:ErrorNo -33>
#########SE Entry Error<SE 1622:ErrorNo -33>
texmtx> f15260 id 36 0.5 0 0 0.853945 / 0 0.5 0 0.393497
texmtx> f15260 id 36 0.5 0 0 0.634052 / 0 0.5 0 0.393497
texmtx> f15261 id 36 0.5 0 0 0.854399 / 0 0.5 0 0.393997
texmtx> f15261 id 36 0.5 0 0 0.634726 / 0 0.5 0 0.393997
texmtx> f15262 id 36 0.5 0 0 0.854852 / 0 0.5 0 0.394497
texmtx> f15262 id 36 0.5 0 0 0.6354 / 0 0.5 0 0.394497
#########SE Entry Error<SE 1621:ErrorNo -33>
texmtx> f15263 id 36 0.5 0 0 0.855304 / 0 0.5 0 0.394997
texmtx> f15263 id 36 0.5 0 0 0.636074 / 0 0.5 0 0.394997
texmtx> f15264 id 36 0.5 0 0 0.855756 / 0 0.5 0 0.395497
texmtx> f15264 id 36 0.5 0 0 0.636747 / 0 0.5 0 0.395497
texmtx> f15265 id 36 0.5 0 0 0.856207 / 0 0.5 0 0.395997
texmtx> f15265 id 36 0.5 0 0 0.63742 / 0 0.5 0 0.395997
texmtx> f15266 id 36 0.5 0 0 0.856658 / 0 0.5 0 0.396497
texmtx> f15266 id 36 0.5 0 0 0.638092 / 0 0.5 0 0.396497
texmtx> f15267 id 36 0.5 0 0 0.857108 / 0 0.5 0 0.396997
texmtx> f15267 id 36 0.5 0 0 0.638764 / 0 0.5 0 0.396997
texmtx> f15268 id 36 0.5 0 0 0.857557 / 0 0.5 0 0.397497
texmtx> f15268 id 36 0.5 0 0 0.639435 / 0 0.5 0 0.397497
#########SE Entry Error<SE 1622:ErrorNo -33>
texmtx> f15269 id 36 0.5 0 0 0.858005 / 0 0.5 0 0.397997
texmtx> f15269 id 36 0.5 0 0 0.640105 / 0 0.5 0 0.397997
texmtx> f15270 id 36 0.5 0 0 0.858453 / 0 0.5 0 0.398497
texmtx> f15270 id 36 0.5 0 0 0.640776 / 0 0.5 0 0.398497
texmtx> f15271 id 36 0.5 0 0 0.858901 / 0 0.5 0 0.398997
texmtx> f15271 id 36 0.5 0 0 0.641445 / 0 0.5 0 0.398997
texmtx> f15272 id 36 0.5 0 0 0.859347 / 0 0.5 0 0.399497
texmtx> f15272 id 36 0.5 0 0 0.642115 / 0 0.5 0 0.399497
texmtx> f15273 id 36 0.5 0 0 0.859793 / 0 0.5 0 0.399997
texmtx> f15273 id 36 0.5 0 0 0.642783 / 0 0.5 0 0.399997
texmtx> f15274 id 36 0.5 0 0 0.860238 / 0 0.5 0 0.400497
texmtx> f15274 id 36 0.5 0 0 0.643452 / 0 0.5 0 0.400497
texmtx> f15275 id 36 0.5 0 0 0.860683 / 0 0.5 0 0.400997
texmtx> f15275 id 36 0.5 0 0 0.644119 / 0 0.5 0 0.400997
texmtx> f15276 id 36 0.5 0 0 0.861127 / 0 0.5 0 0.401497
texmtx> f15276 id 36 0.5 0 0 0.644787 / 0 0.5 0 0.401497
texmtx> f15277 id 36 0.5 0 0 0.86157 / 0 0.5 0 0.401997
texmtx> f15277 id 36 0.5 0 0 0.645453 / 0 0.5 0 0.401997
texmtx> f15278 id 36 0.5 0 0 0.862013 / 0 0.5 0 0.402497
texmtx> f15278 id 36 0.5 0 0 0.64612 / 0 0.5 0 0.402497
texmtx> f15279 id 36 0.5 0 0 0.862455 / 0 0.5 0 0.402997
texmtx> f15279 id 36 0.5 0 0 0.646785 / 0 0.5 0 0.402997
texmtx> f15280 id 36 0.5 0 0 0.862896 / 0 0.5 0 0.403497
texmtx> f15280 id 36 0.5 0 0 0.647451 / 0 0.5 0 0.403497
texmtx> f15281 id 36 0.5 0 0 0.863337 / 0 0.5 0 0.403997
texmtx> f15281 id 36 0.5 0 0 0.648116 / 0 0.5 0 0.403997
texmtx> f15282 id 36 0.5 0 0 0.863777 / 0 0.5 0 0.404497
texmtx> f15282 id 36 0.5 0 0 0.64878 / 0 0.5 0 0.404497
texmtx> f15283 id 36 0.5 0 0 0.864216 / 0 0.5 0 0.404997
texmtx> f15283 id 36 0.5 0 0 0.649444 / 0 0.5 0 0.404997
texmtx> f15284 id 36 0.5 0 0 0.864655 / 0 0.5 0 0.405497
texmtx> f15284 id 36 0.5 0 0 0.650107 / 0 0.5 0 0.405497
texmtx> f15285 id 36 0.5 0 0 0.865093 / 0 0.5 0 0.405997
texmtx> f15285 id 36 0.5 0 0 0.65077 / 0 0.5 0 0.405997
texmtx> f15286 id 36 0.5 0 0 0.865531 / 0 0.5 0 0.406497
texmtx> f15286 id 36 0.5 0 0 0.651432 / 0 0.5 0 0.406497
texmtx> f15287 id 36 0.5 0 0 0.865967 / 0 0.5 0 0.406997
texmtx> f15287 id 36 0.5 0 0 0.652094 / 0 0.5 0 0.406997
texmtx> f15288 id 36 0.5 0 0 0.866403 / 0 0.5 0 0.407497
texmtx> f15288 id 36 0.5 0 0 0.652755 / 0 0.5 0 0.407497
texmtx> f15289 id 36 0.5 0 0 0.866839 / 0 0.5 0 0.407997
texmtx> f15289 id 36 0.5 0 0 0.653416 / 0 0.5 0 0.407997
texmtx> f15290 id 36 0.5 0 0 0.867274 / 0 0.5 0 0.408497
texmtx> f15290 id 36 0.5 0 0 0.654077 / 0 0.5 0 0.408497
texmtx> f15291 id 36 0.5 0 0 0.867708 / 0 0.5 0 0.408997
texmtx> f15291 id 36 0.5 0 0 0.654736 / 0 0.5 0 0.408997
texmtx> f15292 id 36 0.5 0 0 0.868141 / 0 0.5 0 0.409497
texmtx> f15292 id 36 0.5 0 0 0.655396 / 0 0.5 0 0.409497
texmtx> f15293 id 36 0.5 0 0 0.868574 / 0 0.5 0 0.409997
texmtx> f15293 id 36 0.5 0 0 0.656055 / 0 0.5 0 0.409997
port> status f15300   m427dll      board 0 turn 1/1  mg 427 (m427dll)  coins/stars 13/0c 10/0c 10/0c 13/0c  aud 0.32 ms  31.1 fps
#########SE Entry Error<SE 1621:ErrorNo -33>
texmtx> f15294 id 36 0.5 0 0 0.869006 / 0 0.5 0 0.410497
texmtx> f15294 id 36 0.5 0 0 0.656713 / 0 0.5 0 0.410497
texmtx> f15295 id 36 0.5 0 0 0.869438 / 0 0.5 0 0.410996
texmtx> f15295 id 36 0.5 0 0 0.657371 / 0 0.5 0 0.410996
texmtx> f15296 id 36 0.5 0 0 0.869868 / 0 0.5 0 0.411496
texmtx> f15296 id 36 0.5 0 0 0.658028 / 0 0.5 0 0.411496
#########SE Entry Error<SE 1622:ErrorNo -33>
texmtx> f15297 id 36 0.5 0 0 0.870298 / 0 0.5 0 0.411996
texmtx> f15297 id 36 0.5 0 0 0.658685 / 0 0.5 0 0.411996
texmtx> f15298 id 36 0.5 0 0 0.870728 / 0 0.5 0 0.412496
texmtx> f15298 id 36 0.5 0 0 0.659341 / 0 0.5 0 0.412496
texmtx> f15299 id 36 0.5 0 0 0.871157 / 0 0.5 0 0.412996
texmtx> f15299 id 36 0.5 0 0 0.659997 / 0 0.5 0 0.412996
#########SE Entry Error<SE 1621:ErrorNo -33>
texmtx> f15300 id 36 0.5 0 0 0.871585 / 0 0.5 0 0.413496
texmtx> f15300 id 36 0.5 0 0 0.660653 / 0 0.5 0 0.413496
texmtx> f15301 id 36 0.5 0 0 0.872012 / 0 0.5 0 0.413996
texmtx> f15301 id 36 0.5 0 0 0.661307 / 0 0.5 0 0.413996
texmtx> f15302 id 36 0.5 0 0 0.872439 / 0 0.5 0 0.414496
texmtx> f15302 id 36 0.5 0 0 0.661962 / 0 0.5 0 0.414496
texmtx> f15303 id 36 0.5 0 0 0.872865 / 0 0.5 0 0.414996
texmtx> f15303 id 36 0.5 0 0 0.662616 / 0 0.5 0 0.414996
texmtx> f15304 id 36 0.5 0 0 0.873291 / 0 0.5 0 0.415496
texmtx> f15304 id 36 0.5 0 0 0.663269 / 0 0.5 0 0.415496
texmtx> f15305 id 36 0.5 0 0 0.873716 / 0 0.5 0 0.415996
texmtx> f15305 id 36 0.5 0 0 0.663922 / 0 0.5 0 0.415996
texmtx> f15306 id 36 0.5 0 0 0.87414 / 0 0.5 0 0.416496
texmtx> f15306 id 36 0.5 0 0 0.664574 / 0 0.5 0 0.416496
texmtx> f15307 id 36 0.5 0 0 0.874563 / 0 0.5 0 0.416996
texmtx> f15307 id 36 0.5 0 0 0.665226 / 0 0.5 0 0.416996
#########SE Entry Error<SE 1622:ErrorNo -33>
texmtx> f15308 id 36 0.5 0 0 0.874986 / 0 0.5 0 0.417496
texmtx> f15308 id 36 0.5 0 0 0.665877 / 0 0.5 0 0.417496
texmtx> f15309 id 36 0.5 0 0 0.875408 / 0 0.5 0 0.417996
texmtx> f15309 id 36 0.5 0 0 0.666528 / 0 0.5 0 0.417996
texmtx> f15310 id 36 0.5 0 0 0.87583 / 0 0.5 0 0.418496
texmtx> f15310 id 36 0.5 0 0 0.667178 / 0 0.5 0 0.418496
texmtx> f15311 id 36 0.5 0 0 0.876251 / 0 0.5 0 0.418996
texmtx> f15311 id 36 0.5 0 0 0.667828 / 0 0.5 0 0.418996
texmtx> f15312 id 36 0.5 0 0 0.876671 / 0 0.5 0 0.419496
texmtx> f15312 id 36 0.5 0 0 0.668477 / 0 0.5 0 0.419496
texmtx> f15313 id 36 0.5 0 0 0.87709 / 0 0.5 0 0.419996
texmtx> f15313 id 36 0.5 0 0 0.669126 / 0 0.5 0 0.419996
texmtx> f15314 id 36 0.5 0 0 0.877509 / 0 0.5 0 0.420496
texmtx> f15314 id 36 0.5 0 0 0.669774 / 0 0.5 0 0.420496
texmtx> f15315 id 36 0.5 0 0 0.877927 / 0 0.5 0 0.420996
texmtx> f15315 id 36 0.5 0 0 0.670422 / 0 0.5 0 0.420996
texmtx> f15316 id 36 0.5 0 0 0.878345 / 0 0.5 0 0.421496
texmtx> f15316 id 36 0.5 0 0 0.671069 / 0 0.5 0 0.421496
texmtx> f15317 id 36 0.5 0 0 0.878762 / 0 0.5 0 0.421996
texmtx> f15317 id 36 0.5 0 0 0.671716 / 0 0.5 0 0.421996
texmtx> f15318 id 36 0.5 0 0 0.879178 / 0 0.5 0 0.422496
texmtx> f15318 id 36 0.5 0 0 0.672362 / 0 0.5 0 0.422496
texmtx> f15319 id 36 0.5 0 0 0.879593 / 0 0.5 0 0.422996
texmtx> f15319 id 36 0.5 0 0 0.673008 / 0 0.5 0 0.422996
texmtx> f15320 id 36 0.5 0 0 0.880008 / 0 0.5 0 0.423496
texmtx> f15320 id 36 0.5 0 0 0.673653 / 0 0.5 0 0.423496
texmtx> f15321 id 36 0.5 0 0 0.880422 / 0 0.5 0 0.423996
texmtx> f15321 id 36 0.5 0 0 0.674298 / 0 0.5 0 0.423996
texmtx> f15322 id 36 0.5 0 0 0.880836 / 0 0.5 0 0.424496
texmtx> f15322 id 36 0.5 0 0 0.674942 / 0 0.5 0 0.424496
texmtx> f15323 id 36 0.5 0 0 0.881248 / 0 0.5 0 0.424996
texmtx> f15323 id 36 0.5 0 0 0.675586 / 0 0.5 0 0.424996
texmtx> f15324 id 36 0.5 0 0 0.88166 / 0 0.5 0 0.425496
texmtx> f15324 id 36 0.5 0 0 0.676229 / 0 0.5 0 0.425496
texmtx> f15325 id 36 0.5 0 0 0.882072 / 0 0.5 0 0.425996
texmtx> f15325 id 36 0.5 0 0 0.676871 / 0 0.5 0 0.425996
texmtx> f15326 id 36 0.5 0 0 0.882483 / 0 0.5 0 0.426496
texmtx> f15326 id 36 0.5 0 0 0.677513 / 0 0.5 0 0.426496
#########SE Entry Error<SE 1621:ErrorNo -33>
texmtx> f15327 id 36 0.5 0 0 0.882893 / 0 0.5 0 0.426996
texmtx> f15327 id 36 0.5 0 0 0.678155 / 0 0.5 0 0.426996
texmtx> f15328 id 36 0.5 0 0 0.883302 / 0 0.5 0 0.427496
texmtx> f15328 id 36 0.5 0 0 0.678796 / 0 0.5 0 0.427496
texmtx> f15329 id 36 0.5 0 0 0.883711 / 0 0.5 0 0.427996
texmtx> f15329 id 36 0.5 0 0 0.679437 / 0 0.5 0 0.427996
texmtx> f15330 id 36 0.5 0 0 0.884119 / 0 0.5 0 0.428496
texmtx> f15330 id 36 0.5 0 0 0.680077 / 0 0.5 0 0.428496
#########SE Entry Error<SE 1622:ErrorNo -33>
texmtx> f15331 id 36 0.5 0 0 0.884527 / 0 0.5 0 0.428996
texmtx> f15331 id 36 0.5 0 0 0.680716 / 0 0.5 0 0.428996
#########SE Entry Error<SE 1621:ErrorNo -33>
texmtx> f15332 id 36 0.5 0 0 0.884933 / 0 0.5 0 0.429496
texmtx> f15332 id 36 0.5 0 0 0.681355 / 0 0.5 0 0.429496
texmtx> f15333 id 36 0.5 0 0 0.885339 / 0 0.5 0 0.429996
texmtx> f15333 id 36 0.5 0 0 0.681994 / 0 0.5 0 0.429996
texmtx> f15334 id 36 0.5 0 0 0.885745 / 0 0.5 0 0.430496
texmtx> f15334 id 36 0.5 0 0 0.682632 / 0 0.5 0 0.430496
texmtx> f15335 id 36 0.5 0 0 0.886149 / 0 0.5 0 0.430996
texmtx> f15335 id 36 0.5 0 0 0.683269 / 0 0.5 0 0.430996
texmtx> f15336 id 36 0.5 0 0 0.886554 / 0 0.5 0 0.431496
texmtx> f15336 id 36 0.5 0 0 0.683906 / 0 0.5 0 0.431496
texmtx> f15337 id 36 0.5 0 0 0.886957 / 0 0.5 0 0.431996
texmtx> f15337 id 36 0.5 0 0 0.684542 / 0 0.5 0 0.431996
texmtx> f15338 id 36 0.5 0 0 0.88736 / 0 0.5 0 0.432496
texmtx> f15338 id 36 0.5 0 0 0.685178 / 0 0.5 0 0.432496
texmtx> f15339 id 36 0.5 0 0 0.887762 / 0 0.5 0 0.432996
texmtx> f15339 id 36 0.5 0 0 0.685814 / 0 0.5 0 0.432996
texmtx> f15340 id 36 0.5 0 0 0.888163 / 0 0.5 0 0.433496
texmtx> f15340 id 36 0.5 0 0 0.686448 / 0 0.5 0 0.433496
texmtx> f15341 id 36 0.5 0 0 0.888564 / 0 0.5 0 0.433996
texmtx> f15341 id 36 0.5 0 0 0.687083 / 0 0.5 0 0.433996
texmtx> f15342 id 36 0.5 0 0 0.888964 / 0 0.5 0 0.434496
texmtx> f15342 id 36 0.5 0 0 0.687717 / 0 0.5 0 0.434496
texmtx> f15343 id 36 0.5 0 0 0.889363 / 0 0.5 0 0.434996
texmtx> f15343 id 36 0.5 0 0 0.68835 / 0 0.5 0 0.434996
texmtx> f15344 id 36 0.5 0 0 0.889762 / 0 0.5 0 0.435496
texmtx> f15344 id 36 0.5 0 0 0.688983 / 0 0.5 0 0.435496
texmtx> f15345 id 36 0.5 0 0 0.89016 / 0 0.5 0 0.435996
texmtx> f15345 id 36 0.5 0 0 0.689615 / 0 0.5 0 0.435996
texmtx> f15346 id 36 0.5 0 0 0.890557 / 0 0.5 0 0.436496
texmtx> f15346 id 36 0.5 0 0 0.690246 / 0 0.5 0 0.436496
#########SE Entry Error<SE 1622:ErrorNo -33>
texmtx> f15347 id 36 0.5 0 0 0.890953 / 0 0.5 0 0.436996
texmtx> f15347 id 36 0.5 0 0 0.690878 / 0 0.5 0 0.436996
texmtx> f15348 id 36 0.5 0 0 0.891349 / 0 0.5 0 0.437496
texmtx> f15348 id 36 0.5 0 0 0.691508 / 0 0.5 0 0.437496
texmtx> f15349 id 36 0.5 0 0 0.891745 / 0 0.5 0 0.437996
texmtx> f15349 id 36 0.5 0 0 0.692138 / 0 0.5 0 0.437996
texmtx> f15350 id 36 0.5 0 0 0.892139 / 0 0.5 0 0.438496
texmtx> f15350 id 36 0.5 0 0 0.692768 / 0 0.5 0 0.438496
texmtx> f15351 id 36 0.5 0 0 0.892533 / 0 0.5 0 0.438996
texmtx> f15351 id 36 0.5 0 0 0.693397 / 0 0.5 0 0.438996
texmtx> f15352 id 36 0.5 0 0 0.892926 / 0 0.5 0 0.439496
texmtx> f15352 id 36 0.5 0 0 0.694026 / 0 0.5 0 0.439496
texmtx> f15353 id 36 0.5 0 0 0.893319 / 0 0.5 0 0.439996
texmtx> f15353 id 36 0.5 0 0 0.694654 / 0 0.5 0 0.439996
port> status f15360   m427dll      board 0 turn 1/1  mg 427 (m427dll)  coins/stars 13/0c 10/0c 10/0c 13/0c  aud 0.29 ms  35.7 fps
texmtx> f15354 id 36 0.5 0 0 0.893711 / 0 0.5 0 0.440496
texmtx> f15354 id 36 0.5 0 0 0.695281 / 0 0.5 0 0.440496
texmtx> f15355 id 36 0.5 0 0 0.894102 / 0 0.5 0 0.440996
texmtx> f15355 id 36 0.5 0 0 0.695908 / 0 0.5 0 0.440996
texmtx> f15356 id 36 0.5 0 0 0.894492 / 0 0.5 0 0.441496
texmtx> f15356 id 36 0.5 0 0 0.696534 / 0 0.5 0 0.441496
texmtx> f15357 id 36 0.5 0 0 0.894882 / 0 0.5 0 0.441996
texmtx> f15357 id 36 0.5 0 0 0.69716 / 0 0.5 0 0.441996
texmtx> f15358 id 36 0.5 0 0 0.895271 / 0 0.5 0 0.442496
texmtx> f15358 id 36 0.5 0 0 0.697786 / 0 0.5 0 0.442496
texmtx> f15359 id 36 0.5 0 0 0.89566 / 0 0.5 0 0.442996
texmtx> f15359 id 36 0.5 0 0 0.69841 / 0 0.5 0 0.442996
texmtx> f15360 id 36 0.5 0 0 0.896047 / 0 0.5 0 0.443496
texmtx> f15360 id 36 0.5 0 0 0.699035 / 0 0.5 0 0.443496
texmtx> f15361 id 36 0.5 0 0 0.896435 / 0 0.5 0 0.443996
texmtx> f15361 id 36 0.5 0 0 0.699658 / 0 0.5 0 0.443996
#########SE Entry Error<SE 1621:ErrorNo -33>
texmtx> f15362 id 36 0.5 0 0 0.896821 / 0 0.5 0 0.444496
texmtx> f15362 id 36 0.5 0 0 0.700282 / 0 0.5 0 0.444496
texmtx> f15363 id 36 0.5 0 0 0.897207 / 0 0.5 0 0.444996
texmtx> f15363 id 36 0.5 0 0 0.700904 / 0 0.5 0 0.444996
texmtx> f15364 id 36 0.5 0 0 0.897592 / 0 0.5 0 0.445496
texmtx> f15364 id 36 0.5 0 0 0.701527 / 0 0.5 0 0.445496
texmtx> f15365 id 36 0.5 0 0 0.897976 / 0 0.5 0 0.445996
texmtx> f15365 id 36 0.5 0 0 0.702148 / 0 0.5 0 0.445996
#########SE Entry Error<SE 1622:ErrorNo -33>
texmtx> f15366 id 36 0.5 0 0 0.89836 / 0 0.5 0 0.446496
texmtx> f15366 id 36 0.5 0 0 0.702769 / 0 0.5 0 0.446496
texmtx> f15367 id 36 0.5 0 0 0.898743 / 0 0.5 0 0.446996
texmtx> f15367 id 36 0.5 0 0 0.70339 / 0 0.5 0 0.446996
texmtx> f15368 id 36 0.5 0 0 0.899125 / 0 0.5 0 0.447496
texmtx> f15368 id 36 0.5 0 0 0.70401 / 0 0.5 0 0.447496
#########SE Entry Error<SE 1621:ErrorNo -33>
texmtx> f15369 id 36 0.5 0 0 0.899507 / 0 0.5 0 0.447996
texmtx> f15369 id 36 0.5 0 0 0.704629 / 0 0.5 0 0.447996
texmtx> f15370 id 36 0.5 0 0 0.899888 / 0 0.5 0 0.448496
texmtx> f15370 id 36 0.5 0 0 0.705248 / 0 0.5 0 0.448496
texmtx> f15371 id 36 0.5 0 0 0.900268 / 0 0.5 0 0.448996
texmtx> f15371 id 36 0.5 0 0 0.705867 / 0 0.5 0 0.448996
texmtx> f15372 id 36 0.5 0 0 0.900647 / 0 0.5 0 0.449496
texmtx> f15372 id 36 0.5 0 0 0.706484 / 0 0.5 0 0.449496
texmtx> f15373 id 36 0.5 0 0 0.901026 / 0 0.5 0 0.449996
texmtx> f15373 id 36 0.5 0 0 0.707102 / 0 0.5 0 0.449996
texmtx> f15374 id 36 0.5 0 0 0.901405 / 0 0.5 0 0.450496
texmtx> f15374 id 36 0.5 0 0 0.707719 / 0 0.5 0 0.450496
texmtx> f15375 id 36 0.5 0 0 0.901782 / 0 0.5 0 0.450996
texmtx> f15375 id 36 0.5 0 0 0.708335 / 0 0.5 0 0.450996
texmtx> f15376 id 36 0.5 0 0 0.902159 / 0 0.5 0 0.451496
texmtx> f15376 id 36 0.5 0 0 0.708951 / 0 0.5 0 0.451496
texmtx> f15377 id 36 0.5 0 0 0.902535 / 0 0.5 0 0.451996
texmtx> f15377 id 36 0.5 0 0 0.709566 / 0 0.5 0 0.451996
texmtx> f15378 id 36 0.5 0 0 0.902911 / 0 0.5 0 0.452496
texmtx> f15378 id 36 0.5 0 0 0.71018 / 0 0.5 0 0.452496
texmtx> f15379 id 36 0.5 0 0 0.903285 / 0 0.5 0 0.452996
texmtx> f15379 id 36 0.5 0 0 0.710795 / 0 0.5 0 0.452996
texmtx> f15380 id 36 0.5 0 0 0.903659 / 0 0.5 0 0.453496
texmtx> f15380 id 36 0.5 0 0 0.711408 / 0 0.5 0 0.453496
texmtx> f15381 id 36 0.5 0 0 0.904033 / 0 0.5 0 0.453996
texmtx> f15381 id 36 0.5 0 0 0.712021 / 0 0.5 0 0.453996
texmtx> f15382 id 36 0.5 0 0 0.904405 / 0 0.5 0 0.454496
texmtx> f15382 id 36 0.5 0 0 0.712634 / 0 0.5 0 0.454496
texmtx> f15383 id 36 0.5 0 0 0.904778 / 0 0.5 0 0.454996
texmtx> f15383 id 36 0.5 0 0 0.713245 / 0 0.5 0 0.454996
texmtx> f15384 id 36 0.5 0 0 0.905149 / 0 0.5 0 0.455496
texmtx> f15384 id 36 0.5 0 0 0.713857 / 0 0.5 0 0.455496
texmtx> f15385 id 36 0.5 0 0 0.905519 / 0 0.5 0 0.455996
texmtx> f15385 id 36 0.5 0 0 0.714468 / 0 0.5 0 0.455996
texmtx> f15386 id 36 0.5 0 0 0.905889 / 0 0.5 0 0.456496
texmtx> f15386 id 36 0.5 0 0 0.715078 / 0 0.5 0 0.456496
texmtx> f15387 id 36 0.5 0 0 0.906259 / 0 0.5 0 0.456996
texmtx> f15387 id 36 0.5 0 0 0.715688 / 0 0.5 0 0.456996
texmtx> f15388 id 36 0.5 0 0 0.906627 / 0 0.5 0 0.457496
texmtx> f15388 id 36 0.5 0 0 0.716297 / 0 0.5 0 0.457496
#########SE Entry Error<SE 1622:ErrorNo -33>
texmtx> f15389 id 36 0.5 0 0 0.906995 / 0 0.5 0 0.457996
texmtx> f15389 id 36 0.5 0 0 0.716906 / 0 0.5 0 0.457996
texmtx> f15390 id 36 0.5 0 0 0.907362 / 0 0.5 0 0.458496
texmtx> f15390 id 36 0.5 0 0 0.717514 / 0 0.5 0 0.458496
texmtx> f15391 id 36 0.5 0 0 0.907729 / 0 0.5 0 0.458996
texmtx> f15391 id 36 0.5 0 0 0.718121 / 0 0.5 0 0.458996
texmtx> f15392 id 36 0.5 0 0 0.908095 / 0 0.5 0 0.459496
texmtx> f15392 id 36 0.5 0 0 0.718728 / 0 0.5 0 0.459496
texmtx> f15393 id 36 0.5 0 0 0.90846 / 0 0.5 0 0.459996
texmtx> f15393 id 36 0.5 0 0 0.719335 / 0 0.5 0 0.459996
texmtx> f15394 id 36 0.5 0 0 0.908824 / 0 0.5 0 0.460496
texmtx> f15394 id 36 0.5 0 0 0.719941 / 0 0.5 0 0.460496
texmtx> f15395 id 36 0.5 0 0 0.909188 / 0 0.5 0 0.460996
texmtx> f15395 id 36 0.5 0 0 0.720546 / 0 0.5 0 0.460996
texmtx> f15396 id 36 0.5 0 0 0.909551 / 0 0.5 0 0.461496
texmtx> f15396 id 36 0.5 0 0 0.721151 / 0 0.5 0 0.461496
texmtx> f15397 id 36 0.5 0 0 0.909913 / 0 0.5 0 0.461996
texmtx> f15397 id 36 0.5 0 0 0.721755 / 0 0.5 0 0.461996
texmtx> f15398 id 36 0.5 0 0 0.910275 / 0 0.5 0 0.462496
texmtx> f15398 id 36 0.5 0 0 0.722359 / 0 0.5 0 0.462496
texmtx> f15399 id 36 0.5 0 0 0.910636 / 0 0.5 0 0.462996
texmtx> f15399 id 36 0.5 0 0 0.722962 / 0 0.5 0 0.462996
texmtx> f15400 id 36 0.5 0 0 0.910996 / 0 0.5 0 0.463496
texmtx> f15400 id 36 0.5 0 0 0.723565 / 0 0.5 0 0.463496
#########SE Entry Error<SE 1621:ErrorNo -33>
#########SE Entry Error<SE 1622:ErrorNo -33>
texmtx> f15401 id 36 0.5 0 0 0.911356 / 0 0.5 0 0.463996
texmtx> f15401 id 36 0.5 0 0 0.724167 / 0 0.5 0 0.463996
texmtx> f15402 id 36 0.5 0 0 0.911715 / 0 0.5 0 0.464496
texmtx> f15402 id 36 0.5 0 0 0.724768 / 0 0.5 0 0.464496
texmtx> f15403 id 36 0.5 0 0 0.912073 / 0 0.5 0 0.464996
texmtx> f15403 id 36 0.5 0 0 0.725369 / 0 0.5 0 0.464996
#########SE Entry Error<SE 1621:ErrorNo -33>
texmtx> f15404 id 36 0.5 0 0 0.91243 / 0 0.5 0 0.465496
texmtx> f15404 id 36 0.5 0 0 0.72597 / 0 0.5 0 0.465496
texmtx> f15405 id 36 0.5 0 0 0.912787 / 0 0.5 0 0.465996
texmtx> f15405 id 36 0.5 0 0 0.72657 / 0 0.5 0 0.465996
texmtx> f15406 id 36 0.5 0 0 0.913143 / 0 0.5 0 0.466496
texmtx> f15406 id 36 0.5 0 0 0.727169 / 0 0.5 0 0.466496
texmtx> f15407 id 36 0.5 0 0 0.913499 / 0 0.5 0 0.466996
texmtx> f15407 id 36 0.5 0 0 0.727768 / 0 0.5 0 0.466996
texmtx> f15408 id 36 0.5 0 0 0.913853 / 0 0.5 0 0.467496
texmtx> f15408 id 36 0.5 0 0 0.728366 / 0 0.5 0 0.467496
texmtx> f15409 id 36 0.5 0 0 0.914207 / 0 0.5 0 0.467996
texmtx> f15409 id 36 0.5 0 0 0.728963 / 0 0.5 0 0.467996
texmtx> f15410 id 36 0.5 0 0 0.914561 / 0 0.5 0 0.468496
texmtx> f15410 id 36 0.5 0 0 0.729561 / 0 0.5 0 0.468496
texmtx> f15411 id 36 0.5 0 0 0.914913 / 0 0.5 0 0.468996
texmtx> f15411 id 36 0.5 0 0 0.730157 / 0 0.5 0 0.468996
texmtx> f15412 id 36 0.5 0 0 0.915265 / 0 0.5 0 0.469496
texmtx> f15412 id 36 0.5 0 0 0.730753 / 0 0.5 0 0.469496
texmtx> f15413 id 36 0.5 0 0 0.915616 / 0 0.5 0 0.469996
texmtx> f15413 id 36 0.5 0 0 0.731349 / 0 0.5 0 0.469996
port> status f15420   m427dll      board 0 turn 1/1  mg 427 (m427dll)  coins/stars 13/0c 10/0c 10/0c 13/0c  aud 0.28 ms  39.1 fps
texmtx> f15414 id 36 0.5 0 0 0.915967 / 0 0.5 0 0.470496
texmtx> f15414 id 36 0.5 0 0 0.731943 / 0 0.5 0 0.470496
texmtx> f15415 id 36 0.5 0 0 0.916317 / 0 0.5 0 0.470996
texmtx> f15415 id 36 0.5 0 0 0.732538 / 0 0.5 0 0.470996
texmtx> f15416 id 36 0.5 0 0 0.916666 / 0 0.5 0 0.471496
texmtx> f15416 id 36 0.5 0 0 0.733132 / 0 0.5 0 0.471496
texmtx> f15417 id 36 0.5 0 0 0.917014 / 0 0.5 0 0.471996
texmtx> f15417 id 36 0.5 0 0 0.733725 / 0 0.5 0 0.471996
texmtx> f15418 id 36 0.5 0 0 0.917362 / 0 0.5 0 0.472496
texmtx> f15418 id 36 0.5 0 0 0.734317 / 0 0.5 0 0.472496
texmtx> f15419 id 36 0.5 0 0 0.917709 / 0 0.5 0 0.472996
texmtx> f15419 id 36 0.5 0 0 0.734909 / 0 0.5 0 0.472996
texmtx> f15420 id 36 0.5 0 0 0.918056 / 0 0.5 0 0.473496
texmtx> f15420 id 36 0.5 0 0 0.735501 / 0 0.5 0 0.473496
#########SE Entry Error<SE 1622:ErrorNo -33>
texmtx> f15421 id 36 0.5 0 0 0.918401 / 0 0.5 0 0.473996
texmtx> f15421 id 36 0.5 0 0 0.736092 / 0 0.5 0 0.473996
texmtx> f15422 id 36 0.5 0 0 0.918746 / 0 0.5 0 0.474496
texmtx> f15422 id 36 0.5 0 0 0.736682 / 0 0.5 0 0.474496
texmtx> f15423 id 36 0.5 0 0 0.91909 / 0 0.5 0 0.474996
texmtx> f15423 id 36 0.5 0 0 0.737272 / 0 0.5 0 0.474996
texmtx> f15424 id 36 0.5 0 0 0.919434 / 0 0.5 0 0.475496
texmtx> f15424 id 36 0.5 0 0 0.737861 / 0 0.5 0 0.475496
texmtx> f15425 id 36 0.5 0 0 0.919777 / 0 0.5 0 0.475996
texmtx> f15425 id 36 0.5 0 0 0.73845 / 0 0.5 0 0.475996
texmtx> f15426 id 36 0.5 0 0 0.920119 / 0 0.5 0 0.476496
texmtx> f15426 id 36 0.5 0 0 0.739038 / 0 0.5 0 0.476496
texmtx> f15427 id 36 0.5 0 0 0.92046 / 0 0.5 0 0.476996
texmtx> f15427 id 36 0.5 0 0 0.739626 / 0 0.5 0 0.476996
texmtx> f15428 id 36 0.5 0 0 0.920801 / 0 0.5 0 0.477496
texmtx> f15428 id 36 0.5 0 0 0.740213 / 0 0.5 0 0.477496
texmtx> f15429 id 36 0.5 0 0 0.921141 / 0 0.5 0 0.477996
texmtx> f15429 id 36 0.5 0 0 0.740799 / 0 0.5 0 0.477996
texmtx> f15430 id 36 0.5 0 0 0.92148 / 0 0.5 0 0.478496
texmtx> f15430 id 36 0.5 0 0 0.741385 / 0 0.5 0 0.478496
texmtx> f15431 id 36 0.5 0 0 0.921819 / 0 0.5 0 0.478996
texmtx> f15431 id 36 0.5 0 0 0.741971 / 0 0.5 0 0.478996
texmtx> f15432 id 36 0.5 0 0 0.922157 / 0 0.5 0 0.479496
texmtx> f15432 id 36 0.5 0 0 0.742555 / 0 0.5 0 0.479496
texmtx> f15433 id 36 0.5 0 0 0.922494 / 0 0.5 0 0.479996
texmtx> f15433 id 36 0.5 0 0 0.74314 / 0 0.5 0 0.479996
texmtx> f15434 id 36 0.5 0 0 0.922831 / 0 0.5 0 0.480496
texmtx> f15434 id 36 0.5 0 0 0.743723 / 0 0.5 0 0.480496
#########SE Entry Error<SE 1621:ErrorNo -33>
texmtx> f15435 id 36 0.5 0 0 0.923167 / 0 0.5 0 0.480996
texmtx> f15435 id 36 0.5 0 0 0.744306 / 0 0.5 0 0.480996
texmtx> f15436 id 36 0.5 0 0 0.923502 / 0 0.5 0 0.481496
texmtx> f15436 id 36 0.5 0 0 0.744889 / 0 0.5 0 0.481496
texmtx> f15437 id 36 0.5 0 0 0.923836 / 0 0.5 0 0.481996
texmtx> f15437 id 36 0.5 0 0 0.745471 / 0 0.5 0 0.481996
#########SE Entry Error<SE 1622:ErrorNo -33>
texmtx> f15438 id 36 0.5 0 0 0.92417 / 0 0.5 0 0.482496
texmtx> f15438 id 36 0.5 0 0 0.746052 / 0 0.5 0 0.482496
texmtx> f15439 id 36 0.5 0 0 0.924503 / 0 0.5 0 0.482996
texmtx> f15439 id 36 0.5 0 0 0.746633 / 0 0.5 0 0.482996
texmtx> f15440 id 36 0.5 0 0 0.924835 / 0 0.5 0 0.483496
texmtx> f15440 id 36 0.5 0 0 0.747213 / 0 0.5 0 0.483496
texmtx> f15441 id 36 0.5 0 0 0.925167 / 0 0.5 0 0.483996
texmtx> f15441 id 36 0.5 0 0 0.747793 / 0 0.5 0 0.483996
texmtx> f15442 id 36 0.5 0 0 0.925498 / 0 0.5 0 0.484496
texmtx> f15442 id 36 0.5 0 0 0.748372 / 0 0.5 0 0.484496
texmtx> f15443 id 36 0.5 0 0 0.925828 / 0 0.5 0 0.484996
texmtx> f15443 id 36 0.5 0 0 0.74895 / 0 0.5 0 0.484996
#########SE Entry Error<SE 1621:ErrorNo -33>
texmtx> f15444 id 36 0.5 0 0 0.926157 / 0 0.5 0 0.485496
texmtx> f15444 id 36 0.5 0 0 0.749528 / 0 0.5 0 0.485496
texmtx> f15445 id 36 0.5 0 0 0.926486 / 0 0.5 0 0.485996
texmtx> f15445 id 36 0.5 0 0 0.750106 / 0 0.5 0 0.485996
texmtx> f15446 id 36 0.5 0 0 0.926814 / 0 0.5 0 0.486496
texmtx> f15446 id 36 0.5 0 0 0.750683 / 0 0.5 0 0.486496
texmtx> f15447 id 36 0.5 0 0 0.927142 / 0 0.5 0 0.486996
texmtx> f15447 id 36 0.5 0 0 0.751259 / 0 0.5 0 0.486996
texmtx> f15448 id 36 0.5 0 0 0.927468 / 0 0.5 0 0.487496
texmtx> f15448 id 36 0.5 0 0 0.751835 / 0 0.5 0 0.487496
texmtx> f15449 id 36 0.5 0 0 0.927794 / 0 0.5 0 0.487996
texmtx> f15449 id 36 0.5 0 0 0.75241 / 0 0.5 0 0.487996
texmtx> f15450 id 36 0.5 0 0 0.928119 / 0 0.5 0 0.488495
texmtx> f15450 id 36 0.5 0 0 0.752984 / 0 0.5 0 0.488495
texmtx> f15451 id 36 0.5 0 0 0.928444 / 0 0.5 0 0.488995
texmtx> f15451 id 36 0.5 0 0 0.753558 / 0 0.5 0 0.488995
texmtx> f15452 id 36 0.5 0 0 0.928768 / 0 0.5 0 0.489495
texmtx> f15452 id 36 0.5 0 0 0.754131 / 0 0.5 0 0.489495
texmtx> f15453 id 36 0.5 0 0 0.929091 / 0 0.5 0 0.489995
texmtx> f15453 id 36 0.5 0 0 0.754704 / 0 0.5 0 0.489995
texmtx> f15454 id 36 0.5 0 0 0.929413 / 0 0.5 0 0.490495
texmtx> f15454 id 36 0.5 0 0 0.755277 / 0 0.5 0 0.490495
texmtx> f15455 id 36 0.5 0 0 0.929735 / 0 0.5 0 0.490995
texmtx> f15455 id 36 0.5 0 0 0.755848 / 0 0.5 0 0.490995
texmtx> f15456 id 36 0.5 0 0 0.930056 / 0 0.5 0 0.491495
texmtx> f15456 id 36 0.5 0 0 0.756419 / 0 0.5 0 0.491495
texmtx> f15457 id 36 0.5 0 0 0.930376 / 0 0.5 0 0.491995
texmtx> f15457 id 36 0.5 0 0 0.75699 / 0 0.5 0 0.491995
texmtx> f15458 id 36 0.5 0 0 0.930696 / 0 0.5 0 0.492495
texmtx> f15458 id 36 0.5 0 0 0.75756 / 0 0.5 0 0.492495
texmtx> f15459 id 36 0.5 0 0 0.931015 / 0 0.5 0 0.492995
texmtx> f15459 id 36 0.5 0 0 0.758129 / 0 0.5 0 0.492995
texmtx> f15460 id 36 0.5 0 0 0.931333 / 0 0.5 0 0.493495
texmtx> f15460 id 36 0.5 0 0 0.758698 / 0 0.5 0 0.493495
#########SE Entry Error<SE 1622:ErrorNo -33>
texmtx> f15461 id 36 0.5 0 0 0.93165 / 0 0.5 0 0.493995
texmtx> f15461 id 36 0.5 0 0 0.759266 / 0 0.5 0 0.493995
texmtx> f15462 id 36 0.5 0 0 0.931967 / 0 0.5 0 0.494495
texmtx> f15462 id 36 0.5 0 0 0.759834 / 0 0.5 0 0.494495
texmtx> f15463 id 36 0.5 0 0 0.932283 / 0 0.5 0 0.494995
texmtx> f15463 id 36 0.5 0 0 0.760401 / 0 0.5 0 0.494995
texmtx> f15464 id 36 0.5 0 0 0.932599 / 0 0.5 0 0.495495
texmtx> f15464 id 36 0.5 0 0 0.760967 / 0 0.5 0 0.495495
texmtx> f15465 id 36 0.5 0 0 0.932913 / 0 0.5 0 0.495995
texmtx> f15465 id 36 0.5 0 0 0.761533 / 0 0.5 0 0.495995
texmtx> f15466 id 36 0.5 0 0 0.933227 / 0 0.5 0 0.496495
texmtx> f15466 id 36 0.5 0 0 0.762098 / 0 0.5 0 0.496495
texmtx> f15467 id 36 0.5 0 0 0.93354 / 0 0.5 0 0.496995
texmtx> f15467 id 36 0.5 0 0 0.762663 / 0 0.5 0 0.496995
texmtx> f15468 id 36 0.5 0 0 0.933853 / 0 0.5 0 0.497495
texmtx> f15468 id 36 0.5 0 0 0.763227 / 0 0.5 0 0.497495
texmtx> f15469 id 36 0.5 0 0 0.934165 / 0 0.5 0 0.497995
texmtx> f15469 id 36 0.5 0 0 0.763791 / 0 0.5 0 0.497995
texmtx> f15470 id 36 0.5 0 0 0.934476 / 0 0.5 0 0.498495
texmtx> f15470 id 36 0.5 0 0 0.764354 / 0 0.5 0 0.498495
texmtx> f15471 id 36 0.5 0 0 0.934786 / 0 0.5 0 0.498995
texmtx> f15471 id 36 0.5 0 0 0.764916 / 0 0.5 0 0.498995
#########SE Entry Error<SE 1622:ErrorNo -33>
texmtx> f15472 id 36 0.5 0 0 0.935096 / 0 0.5 0 0.499495
texmtx> f15472 id 36 0.5 0 0 0.765478 / 0 0.5 0 0.499495
texmtx> f15473 id 36 0.5 0 0 0.935405 / 0 0.5 0 0.499995
texmtx> f15473 id 36 0.5 0 0 0.766039 / 0 0.5 0 0.499995
port> status f15480   m427dll      board 0 turn 1/1  mg 427 (m427dll)  coins/stars 13/0c 10/0c 10/0c 13/0c  aud 0.25 ms  37.4 fps
texmtx> f15474 id 36 0.5 0 0 0.935713 / 0 0.5 0 0.500495
texmtx> f15474 id 36 0.5 0 0 0.7666 / 0 0.5 0 0.500495
#########SE Entry Error<SE 1621:ErrorNo -33>
texmtx> f15475 id 36 0.5 0 0 0.93602 / 0 0.5 0 0.500995
texmtx> f15475 id 36 0.5 0 0 0.76716 / 0 0.5 0 0.500995
texmtx> f15476 id 36 0.5 0 0 0.936327 / 0 0.5 0 0.501495
texmtx> f15476 id 36 0.5 0 0 0.767719 / 0 0.5 0 0.501495
texmtx> f15477 id 36 0.5 0 0 0.936633 / 0 0.5 0 0.501995
texmtx> f15477 id 36 0.5 0 0 0.768278 / 0 0.5 0 0.501995
texmtx> f15478 id 36 0.5 0 0 0.936939 / 0 0.5 0 0.502495
texmtx> f15478 id 36 0.5 0 0 0.768836 / 0 0.5 0 0.502495
texmtx> f15479 id 36 0.5 0 0 0.937243 / 0 0.5 0 0.502995
texmtx> f15479 id 36 0.5 0 0 0.769394 / 0 0.5 0 0.502995
texmtx> f15480 id 36 0.5 0 0 0.937547 / 0 0.5 0 0.503496
texmtx> f15480 id 36 0.5 0 0 0.769951 / 0 0.5 0 0.503496
#########SE Entry Error<SE 1621:ErrorNo -33>
texmtx> f15481 id 36 0.5 0 0 0.93785 / 0 0.5 0 0.503996
texmtx> f15481 id 36 0.5 0 0 0.770508 / 0 0.5 0 0.503996
texmtx> f15482 id 36 0.5 0 0 0.938153 / 0 0.5 0 0.504496
texmtx> f15482 id 36 0.5 0 0 0.771064 / 0 0.5 0 0.504496
texmtx> f15483 id 36 0.5 0 0 0.938455 / 0 0.5 0 0.504996
texmtx> f15483 id 36 0.5 0 0 0.771619 / 0 0.5 0 0.504996
texmtx> f15484 id 36 0.5 0 0 0.938756 / 0 0.5 0 0.505496
texmtx> f15484 id 36 0.5 0 0 0.772174 / 0 0.5 0 0.505496
texmtx> f15485 id 36 0.5 0 0 0.939056 / 0 0.5 0 0.505996
texmtx> f15485 id 36 0.5 0 0 0.772728 / 0 0.5 0 0.505996
texmtx> f15486 id 36 0.5 0 0 0.939356 / 0 0.5 0 0.506496
texmtx> f15486 id 36 0.5 0 0 0.773282 / 0 0.5 0 0.506496
texmtx> f15487 id 36 0.5 0 0 0.939655 / 0 0.5 0 0.506996
texmtx> f15487 id 36 0.5 0 0 0.773835 / 0 0.5 0 0.506996
texmtx> f15488 id 36 0.5 0 0 0.939953 / 0 0.5 0 0.507496
texmtx> f15488 id 36 0.5 0 0 0.774387 / 0 0.5 0 0.507496
texmtx> f15489 id 36 0.5 0 0 0.94025 / 0 0.5 0 0.507996
texmtx> f15489 id 36 0.5 0 0 0.774939 / 0 0.5 0 0.507996
texmtx> f15490 id 36 0.5 0 0 0.940547 / 0 0.5 0 0.508496
texmtx> f15490 id 36 0.5 0 0 0.77549 / 0 0.5 0 0.508496
texmtx> f15491 id 36 0.5 0 0 0.940843 / 0 0.5 0 0.508996
texmtx> f15491 id 36 0.5 0 0 0.776041 / 0 0.5 0 0.508996
texmtx> f15492 id 36 0.5 0 0 0.941139 / 0 0.5 0 0.509496
texmtx> f15492 id 36 0.5 0 0 0.776591 / 0 0.5 0 0.509496
texmtx> f15493 id 36 0.5 0 0 0.941433 / 0 0.5 0 0.509996
texmtx> f15493 id 36 0.5 0 0 0.777141 / 0 0.5 0 0.509996
texmtx> f15494 id 36 0.5 0 0 0.941727 / 0 0.5 0 0.510496
texmtx> f15494 id 36 0.5 0 0 0.777689 / 0 0.5 0 0.510496
texmtx> f15495 id 36 0.5 0 0 0.94202 / 0 0.5 0 0.510996
texmtx> f15495 id 36 0.5 0 0 0.778238 / 0 0.5 0 0.510996
texmtx> f15496 id 36 0.5 0 0 0.942313 / 0 0.5 0 0.511496
texmtx> f15496 id 36 0.5 0 0 0.778785 / 0 0.5 0 0.511496
texmtx> f15497 id 36 0.5 0 0 0.942605 / 0 0.5 0 0.511996
texmtx> f15497 id 36 0.5 0 0 0.779333 / 0 0.5 0 0.511996
texmtx> f15498 id 36 0.5 0 0 0.942896 / 0 0.5 0 0.512496
texmtx> f15498 id 36 0.5 0 0 0.779879 / 0 0.5 0 0.512496
#########SE Entry Error<SE 1622:ErrorNo -33>
texmtx> f15499 id 36 0.5 0 0 0.943186 / 0 0.5 0 0.512996
texmtx> f15499 id 36 0.5 0 0 0.780425 / 0 0.5 0 0.512996
texmtx> f15500 id 36 0.5 0 0 0.943476 / 0 0.5 0 0.513496
texmtx> f15500 id 36 0.5 0 0 0.78097 / 0 0.5 0 0.513496
texmtx> f15501 id 36 0.5 0 0 0.943765 / 0 0.5 0 0.513996
texmtx> f15501 id 36 0.5 0 0 0.781515 / 0 0.5 0 0.513996
texmtx> f15502 id 36 0.5 0 0 0.944053 / 0 0.5 0 0.514496
texmtx> f15502 id 36 0.5 0 0 0.782059 / 0 0.5 0 0.514496
texmtx> f15503 id 36 0.5 0 0 0.94434 / 0 0.5 0 0.514996
texmtx> f15503 id 36 0.5 0 0 0.782603 / 0 0.5 0 0.514996
texmtx> f15504 id 36 0.5 0 0 0.944627 / 0 0.5 0 0.515496
texmtx> f15504 id 36 0.5 0 0 0.783146 / 0 0.5 0 0.515496
texmtx> f15505 id 36 0.5 0 0 0.944913 / 0 0.5 0 0.515996
texmtx> f15505 id 36 0.5 0 0 0.783688 / 0 0.5 0 0.515996
texmtx> f15506 id 36 0.5 0 0 0.945198 / 0 0.5 0 0.516496
texmtx> f15506 id 36 0.5 0 0 0.78423 / 0 0.5 0 0.516496
texmtx> f15507 id 36 0.5 0 0 0.945483 / 0 0.5 0 0.516996
texmtx> f15507 id 36 0.5 0 0 0.784771 / 0 0.5 0 0.516996
texmtx> f15508 id 36 0.5 0 0 0.945767 / 0 0.5 0 0.517496
texmtx> f15508 id 36 0.5 0 0 0.785311 / 0 0.5 0 0.517496
texmtx> f15509 id 36 0.5 0 0 0.94605 / 0 0.5 0 0.517996
texmtx> f15509 id 36 0.5 0 0 0.785851 / 0 0.5 0 0.517996
texmtx> f15510 id 36 0.5 0 0 0.946332 / 0 0.5 0 0.518496
texmtx> f15510 id 36 0.5 0 0 0.786391 / 0 0.5 0 0.518496
texmtx> f15511 id 36 0.5 0 0 0.946614 / 0 0.5 0 0.518996
texmtx> f15511 id 36 0.5 0 0 0.78693 / 0 0.5 0 0.518996
#########SE Entry Error<SE 1622:ErrorNo -33>
texmtx> f15512 id 36 0.5 0 0 0.946895 / 0 0.5 0 0.519496
texmtx> f15512 id 36 0.5 0 0 0.787468 / 0 0.5 0 0.519496
texmtx> f15513 id 36 0.5 0 0 0.947175 / 0 0.5 0 0.519996
texmtx> f15513 id 36 0.5 0 0 0.788005 / 0 0.5 0 0.519996
#########SE Entry Error<SE 1621:ErrorNo -33>
texmtx> f15514 id 36 0.5 0 0 0.947455 / 0 0.5 0 0.520496
texmtx> f15514 id 36 0.5 0 0 0.788542 / 0 0.5 0 0.520496
texmtx> f15515 id 36 0.5 0 0 0.947734 / 0 0.5 0 0.520996
texmtx> f15515 id 36 0.5 0 0 0.789079 / 0 0.5 0 0.520996
texmtx> f15516 id 36 0.5 0 0 0.948012 / 0 0.5 0 0.521496
texmtx> f15516 id 36 0.5 0 0 0.789614 / 0 0.5 0 0.521496
#########SE Entry Error<SE 1621:ErrorNo -33>
texmtx> f15517 id 36 0.5 0 0 0.948289 / 0 0.5 0 0.521996
texmtx> f15517 id 36 0.5 0 0 0.79015 / 0 0.5 0 0.521996
texmtx> f15518 id 36 0.5 0 0 0.948566 / 0 0.5 0 0.522496
texmtx> f15518 id 36 0.5 0 0 0.790684 / 0 0.5 0 0.522496
texmtx> f15519 id 36 0.5 0 0 0.948842 / 0 0.5 0 0.522996
texmtx> f15519 id 36 0.5 0 0 0.791218 / 0 0.5 0 0.522996
texmtx> f15520 id 36 0.5 0 0 0.949117 / 0 0.5 0 0.523496
texmtx> f15520 id 36 0.5 0 0 0.791751 / 0 0.5 0 0.523496
texmtx> f15521 id 36 0.5 0 0 0.949391 / 0 0.5 0 0.523996
texmtx> f15521 id 36 0.5 0 0 0.792284 / 0 0.5 0 0.523996
texmtx> f15522 id 36 0.5 0 0 0.949665 / 0 0.5 0 0.524496
texmtx> f15522 id 36 0.5 0 0 0.792816 / 0 0.5 0 0.524496
texmtx> f15523 id 36 0.5 0 0 0.949938 / 0 0.5 0 0.524997
texmtx> f15523 id 36 0.5 0 0 0.793348 / 0 0.5 0 0.524997
texmtx> f15524 id 36 0.5 0 0 0.95021 / 0 0.5 0 0.525497
texmtx> f15524 id 36 0.5 0 0 0.793879 / 0 0.5 0 0.525497
texmtx> f15525 id 36 0.5 0 0 0.950482 / 0 0.5 0 0.525997
texmtx> f15525 id 36 0.5 0 0 0.794409 / 0 0.5 0 0.525997
texmtx> f15526 id 36 0.5 0 0 0.950753 / 0 0.5 0 0.526497
texmtx> f15526 id 36 0.5 0 0 0.794939 / 0 0.5 0 0.526497
texmtx> f15527 id 36 0.5 0 0 0.951023 / 0 0.5 0 0.526997
texmtx> f15527 id 36 0.5 0 0 0.795468 / 0 0.5 0 0.526997
texmtx> f15528 id 36 0.5 0 0 0.951292 / 0 0.5 0 0.527497
texmtx> f15528 id 36 0.5 0 0 0.795997 / 0 0.5 0 0.527497
texmtx> f15529 id 36 0.5 0 0 0.951561 / 0 0.5 0 0.527997
texmtx> f15529 id 36 0.5 0 0 0.796524 / 0 0.5 0 0.527997
texmtx> f15530 id 36 0.5 0 0 0.951829 / 0 0.5 0 0.528497
texmtx> f15530 id 36 0.5 0 0 0.797052 / 0 0.5 0 0.528497
texmtx> f15531 id 36 0.5 0 0 0.952096 / 0 0.5 0 0.528997
texmtx> f15531 id 36 0.5 0 0 0.797578 / 0 0.5 0 0.528997
texmtx> f15532 id 36 0.5 0 0 0.952363 / 0 0.5 0 0.529497
texmtx> f15532 id 36 0.5 0 0 0.798105 / 0 0.5 0 0.529497
texmtx> f15533 id 36 0.5 0 0 0.952629 / 0 0.5 0 0.529997
texmtx> f15533 id 36 0.5 0 0 0.79863 / 0 0.5 0 0.529997
port> status f15540   m427dll      board 0 turn 1/1  mg 427 (m427dll)  coins/stars 13/0c 10/0c 10/0c 13/0c  aud 0.31 ms  38.9 fps
texmtx> f15534 id 36 0.5 0 0 0.952894 / 0 0.5 0 0.530497
texmtx> f15534 id 36 0.5 0 0 0.799155 / 0 0.5 0 0.530497
texmtx> f15535 id 36 0.5 0 0 0.953158 / 0 0.5 0 0.530997
texmtx> f15535 id 36 0.5 0 0 0.799679 / 0 0.5 0 0.530997
#########SE Entry Error<SE 1622:ErrorNo -33>
texmtx> f15536 id 36 0.5 0 0 0.953422 / 0 0.5 0 0.531497
texmtx> f15536 id 36 0.5 0 0 0.800203 / 0 0.5 0 0.531497
texmtx> f15537 id 36 0.5 0 0 0.953684 / 0 0.5 0 0.531997
texmtx> f15537 id 36 0.5 0 0 0.800726 / 0 0.5 0 0.531997
texmtx> f15538 id 36 0.5 0 0 0.953947 / 0 0.5 0 0.532497
texmtx> f15538 id 36 0.5 0 0 0.801248 / 0 0.5 0 0.532497
texmtx> f15539 id 36 0.5 0 0 0.954208 / 0 0.5 0 0.532997
texmtx> f15539 id 36 0.5 0 0 0.80177 / 0 0.5 0 0.532997
texmtx> f15540 id 36 0.5 0 0 0.954469 / 0 0.5 0 0.533497
texmtx> f15540 id 36 0.5 0 0 0.802291 / 0 0.5 0 0.533497
texmtx> f15541 id 36 0.5 0 0 0.954729 / 0 0.5 0 0.533997
texmtx> f15541 id 36 0.5 0 0 0.802812 / 0 0.5 0 0.533997
texmtx> f15542 id 36 0.5 0 0 0.954988 / 0 0.5 0 0.534497
texmtx> f15542 id 36 0.5 0 0 0.803332 / 0 0.5 0 0.534497
texmtx> f15543 id 36 0.5 0 0 0.955246 / 0 0.5 0 0.534997
texmtx> f15543 id 36 0.5 0 0 0.803851 / 0 0.5 0 0.534997
texmtx> f15544 id 36 0.5 0 0 0.955504 / 0 0.5 0 0.535497
texmtx> f15544 id 36 0.5 0 0 0.80437 / 0 0.5 0 0.535497
texmtx> f15545 id 36 0.5 0 0 0.955761 / 0 0.5 0 0.535997
texmtx> f15545 id 36 0.5 0 0 0.804888 / 0 0.5 0 0.535997
texmtx> f15546 id 36 0.5 0 0 0.956018 / 0 0.5 0 0.536497
texmtx> f15546 id 36 0.5 0 0 0.805406 / 0 0.5 0 0.536497
texmtx> f15547 id 36 0.5 0 0 0.956273 / 0 0.5 0 0.536997
texmtx> f15547 id 36 0.5 0 0 0.805923 / 0 0.5 0 0.536997
texmtx> f15548 id 36 0.5 0 0 0.956528 / 0 0.5 0 0.537497
texmtx> f15548 id 36 0.5 0 0 0.806439 / 0 0.5 0 0.537497
texmtx> f15549 id 36 0.5 0 0 0.956782 / 0 0.5 0 0.537997
texmtx> f15549 id 36 0.5 0 0 0.806955 / 0 0.5 0 0.537997
#########SE Entry Error<SE 1622:ErrorNo -33>
texmtx> f15550 id 36 0.5 0 0 0.957036 / 0 0.5 0 0.538497
texmtx> f15550 id 36 0.5 0 0 0.80747 / 0 0.5 0 0.538497
texmtx> f15551 id 36 0.5 0 0 0.957288 / 0 0.5 0 0.538997
texmtx> f15551 id 36 0.5 0 0 0.807984 / 0 0.5 0 0.538997
texmtx> f15552 id 36 0.5 0 0 0.95754 / 0 0.5 0 0.539497
texmtx> f15552 id 36 0.5 0 0 0.808498 / 0 0.5 0 0.539497
texmtx> f15553 id 36 0.5 0 0 0.957792 / 0 0.5 0 0.539997
texmtx> f15553 id 36 0.5 0 0 0.809011 / 0 0.5 0 0.539997
#########SE Entry Error<SE 1621:ErrorNo -33>
texmtx> f15554 id 36 0.5 0 0 0.958042 / 0 0.5 0 0.540497
texmtx> f15554 id 36 0.5 0 0 0.809524 / 0 0.5 0 0.540497
texmtx> f15555 id 36 0.5 0 0 0.958292 / 0 0.5 0 0.540997
texmtx> f15555 id 36 0.5 0 0 0.810036 / 0 0.5 0 0.540997
texmtx> f15556 id 36 0.5 0 0 0.958541 / 0 0.5 0 0.541497
texmtx> f15556 id 36 0.5 0 0 0.810548 / 0 0.5 0 0.541497
#########SE Entry Error<SE 1621:ErrorNo -33>
texmtx> f15557 id 36 0.5 0 0 0.958789 / 0 0.5 0 0.541997
texmtx> f15557 id 36 0.5 0 0 0.811058 / 0 0.5 0 0.541997
texmtx> f15558 id 36 0.5 0 0 0.959037 / 0 0.5 0 0.542497
texmtx> f15558 id 36 0.5 0 0 0.811568 / 0 0.5 0 0.542497
texmtx> f15559 id 36 0.5 0 0 0.959284 / 0 0.5 0 0.542997
texmtx> f15559 id 36 0.5 0 0 0.812078 / 0 0.5 0 0.542997
texmtx> f15560 id 36 0.5 0 0 0.95953 / 0 0.5 0 0.543497
texmtx> f15560 id 36 0.5 0 0 0.812587 / 0 0.5 0 0.543497
texmtx> f15561 id 36 0.5 0 0 0.959775 / 0 0.5 0 0.543997
texmtx> f15561 id 36 0.5 0 0 0.813095 / 0 0.5 0 0.543997
texmtx> f15562 id 36 0.5 0 0 0.96002 / 0 0.5 0 0.544497
texmtx> f15562 id 36 0.5 0 0 0.813603 / 0 0.5 0 0.544497
texmtx> f15563 id 36 0.5 0 0 0.960264 / 0 0.5 0 0.544997
texmtx> f15563 id 36 0.5 0 0 0.81411 / 0 0.5 0 0.544997
texmtx> f15564 id 36 0.5 0 0 0.960507 / 0 0.5 0 0.545497
texmtx> f15564 id 36 0.5 0 0 0.814616 / 0 0.5 0 0.545497
texmtx> f15565 id 36 0.5 0 0 0.96075 / 0 0.5 0 0.545998
texmtx> f15565 id 36 0.5 0 0 0.815122 / 0 0.5 0 0.545998
texmtx> f15566 id 36 0.5 0 0 0.960991 / 0 0.5 0 0.546498
texmtx> f15566 id 36 0.5 0 0 0.815627 / 0 0.5 0 0.546498
texmtx> f15567 id 36 0.5 0 0 0.961232 / 0 0.5 0 0.546998
texmtx> f15567 id 36 0.5 0 0 0.816132 / 0 0.5 0 0.546998
texmtx> f15568 id 36 0.5 0 0 0.961473 / 0 0.5 0 0.547498
texmtx> f15568 id 36 0.5 0 0 0.816636 / 0 0.5 0 0.547498
texmtx> f15569 id 36 0.5 0 0 0.961712 / 0 0.5 0 0.547998
texmtx> f15569 id 36 0.5 0 0 0.817139 / 0 0.5 0 0.547998
texmtx> f15570 id 36 0.5 0 0 0.961951 / 0 0.5 0 0.548498
texmtx> f15570 id 36 0.5 0 0 0.817642 / 0 0.5 0 0.548498
texmtx> f15571 id 36 0.5 0 0 0.962189 / 0 0.5 0 0.548998
texmtx> f15571 id 36 0.5 0 0 0.818144 / 0 0.5 0 0.548998
texmtx> f15572 id 36 0.5 0 0 0.962426 / 0 0.5 0 0.549498
texmtx> f15572 id 36 0.5 0 0 0.818646 / 0 0.5 0 0.549498
texmtx> f15573 id 36 0.5 0 0 0.962663 / 0 0.5 0 0.549998
texmtx> f15573 id 36 0.5 0 0 0.819147 / 0 0.5 0 0.549998
texmtx> f15574 id 36 0.5 0 0 0.962899 / 0 0.5 0 0.550498
texmtx> f15574 id 36 0.5 0 0 0.819647 / 0 0.5 0 0.550498
texmtx> f15575 id 36 0.5 0 0 0.963134 / 0 0.5 0 0.550998
texmtx> f15575 id 36 0.5 0 0 0.820146 / 0 0.5 0 0.550998
#########SE Entry Error<SE 1622:ErrorNo -33>
texmtx> f15576 id 36 0.5 0 0 0.963368 / 0 0.5 0 0.551498
texmtx> f15576 id 36 0.5 0 0 0.820645 / 0 0.5 0 0.551498
texmtx> f15577 id 36 0.5 0 0 0.963602 / 0 0.5 0 0.551998
texmtx> f15577 id 36 0.5 0 0 0.821144 / 0 0.5 0 0.551998
texmtx> f15578 id 36 0.5 0 0 0.963835 / 0 0.5 0 0.552498
texmtx> f15578 id 36 0.5 0 0 0.821641 / 0 0.5 0 0.552498
texmtx> f15579 id 36 0.5 0 0 0.964067 / 0 0.5 0 0.552998
texmtx> f15579 id 36 0.5 0 0 0.822138 / 0 0.5 0 0.552998
texmtx> f15580 id 36 0.5 0 0 0.964299 / 0 0.5 0 0.553498
texmtx> f15580 id 36 0.5 0 0 0.822635 / 0 0.5 0 0.553498
texmtx> f15581 id 36 0.5 0 0 0.96453 / 0 0.5 0 0.553998
texmtx> f15581 id 36 0.5 0 0 0.823131 / 0 0.5 0 0.553998
#########SE Entry Error<SE 1622:ErrorNo -33>
texmtx> f15582 id 36 0.5 0 0 0.96476 / 0 0.5 0 0.554498
texmtx> f15582 id 36 0.5 0 0 0.823626 / 0 0.5 0 0.554498
texmtx> f15583 id 36 0.5 0 0 0.964989 / 0 0.5 0 0.554998
texmtx> f15583 id 36 0.5 0 0 0.824121 / 0 0.5 0 0.554998
texmtx> f15584 id 36 0.5 0 0 0.965217 / 0 0.5 0 0.555498
texmtx> f15584 id 36 0.5 0 0 0.824615 / 0 0.5 0 0.555498
texmtx> f15585 id 36 0.5 0 0 0.965445 / 0 0.5 0 0.555998
texmtx> f15585 id 36 0.5 0 0 0.825108 / 0 0.5 0 0.555998
texmtx> f15586 id 36 0.5 0 0 0.965672 / 0 0.5 0 0.556498
texmtx> f15586 id 36 0.5 0 0 0.825601 / 0 0.5 0 0.556498
texmtx> f15587 id 36 0.5 0 0 0.965899 / 0 0.5 0 0.556998
texmtx> f15587 id 36 0.5 0 0 0.826093 / 0 0.5 0 0.556998
texmtx> f15588 id 36 0.5 0 0 0.966124 / 0 0.5 0 0.557498
texmtx> f15588 id 36 0.5 0 0 0.826584 / 0 0.5 0 0.557498
texmtx> f15589 id 36 0.5 0 0 0.966349 / 0 0.5 0 0.557998
texmtx> f15589 id 36 0.5 0 0 0.827075 / 0 0.5 0 0.557998
texmtx> f15590 id 36 0.5 0 0 0.966573 / 0 0.5 0 0.558498
texmtx> f15590 id 36 0.5 0 0 0.827565 / 0 0.5 0 0.558498
texmtx> f15591 id 36 0.5 0 0 0.966797 / 0 0.5 0 0.558998
texmtx> f15591 id 36 0.5 0 0 0.828055 / 0 0.5 0 0.558998
texmtx> f15592 id 36 0.5 0 0 0.967019 / 0 0.5 0 0.559498
texmtx> f15592 id 36 0.5 0 0 0.828544 / 0 0.5 0 0.559498
texmtx> f15593 id 36 0.5 0 0 0.967241 / 0 0.5 0 0.559998
texmtx> f15593 id 36 0.5 0 0 0.829032 / 0 0.5 0 0.559998
port> status f15600   m427dll      board 0 turn 1/1  mg 427 (m427dll)  coins/stars 13/0c 10/0c 10/0c 13/0c  aud 0.30 ms  38.6 fps
#########SE Entry Error<SE 1621:ErrorNo -33>
#########SE Entry Error<SE 1621:ErrorNo -33>
#########SE Entry Error<SE 1621:ErrorNo -33>
texmtx> f15594 id 36 0.5 0 0 0.967462 / 0 0.5 0 0.560498
texmtx> f15594 id 36 0.5 0 0 0.82952 / 0 0.5 0 0.560498
texmtx> f15595 id 36 0.5 0 0 0.967683 / 0 0.5 0 0.560998
texmtx> f15595 id 36 0.5 0 0 0.830007 / 0 0.5 0 0.560998
texmtx> f15596 id 36 0.5 0 0 0.967902 / 0 0.5 0 0.561498
texmtx> f15596 id 36 0.5 0 0 0.830493 / 0 0.5 0 0.561498
texmtx> f15597 id 36 0.5 0 0 0.968121 / 0 0.5 0 0.561998
texmtx> f15597 id 36 0.5 0 0 0.830979 / 0 0.5 0 0.561998
texmtx> f15598 id 36 0.5 0 0 0.96834 / 0 0.5 0 0.562498
texmtx> f15598 id 36 0.5 0 0 0.831464 / 0 0.5 0 0.562498
texmtx> f15599 id 36 0.5 0 0 0.968557 / 0 0.5 0 0.562998
texmtx> f15599 id 36 0.5 0 0 0.831949 / 0 0.5 0 0.562998
texmtx> f15600 id 36 0.5 0 0 0.968774 / 0 0.5 0 0.563498
texmtx> f15600 id 36 0.5 0 0 0.832432 / 0 0.5 0 0.563498
texmtx> f15601 id 36 0.5 0 0 0.96899 / 0 0.5 0 0.563998
texmtx> f15601 id 36 0.5 0 0 0.832916 / 0 0.5 0 0.563998
texmtx> f15602 id 36 0.5 0 0 0.969205 / 0 0.5 0 0.564498
texmtx> f15602 id 36 0.5 0 0 0.833398 / 0 0.5 0 0.564498
texmtx> f15603 id 36 0.5 0 0 0.96942 / 0 0.5 0 0.564998
texmtx> f15603 id 36 0.5 0 0 0.83388 / 0 0.5 0 0.564998
texmtx> f15604 id 36 0.5 0 0 0.969633 / 0 0.5 0 0.565498
texmtx> f15604 id 36 0.5 0 0 0.834362 / 0 0.5 0 0.565498
texmtx> f15605 id 36 0.5 0 0 0.969847 / 0 0.5 0 0.565998
texmtx> f15605 id 36 0.5 0 0 0.834842 / 0 0.5 0 0.565998
texmtx> f15606 id 36 0.5 0 0 0.970059 / 0 0.5 0 0.566498
texmtx> f15606 id 36 0.5 0 0 0.835322 / 0 0.5 0 0.566498
texmtx> f15607 id 36 0.5 0 0 0.97027 / 0 0.5 0 0.566998
texmtx> f15607 id 36 0.5 0 0 0.835802 / 0 0.5 0 0.566998
texmtx> f15608 id 36 0.5 0 0 0.970481 / 0 0.5 0 0.567499
texmtx> f15608 id 36 0.5 0 0 0.836281 / 0 0.5 0 0.567499
texmtx> f15609 id 36 0.5 0 0 0.970691 / 0 0.5 0 0.567999
texmtx> f15609 id 36 0.5 0 0 0.836759 / 0 0.5 0 0.567999
texmtx> f15610 id 36 0.5 0 0 0.970901 / 0 0.5 0 0.568499
texmtx> f15610 id 36 0.5 0 0 0.837236 / 0 0.5 0 0.568499
texmtx> f15611 id 36 0.5 0 0 0.971109 / 0 0.5 0 0.568999
texmtx> f15611 id 36 0.5 0 0 0.837713 / 0 0.5 0 0.568999
texmtx> f15612 id 36 0.5 0 0 0.971317 / 0 0.5 0 0.569499
texmtx> f15612 id 36 0.5 0 0 0.838189 / 0 0.5 0 0.569499
texmtx> f15613 id 36 0.5 0 0 0.971524 / 0 0.5 0 0.569999
texmtx> f15613 id 36 0.5 0 0 0.838665 / 0 0.5 0 0.569999
texmtx> f15614 id 36 0.5 0 0 0.971731 / 0 0.5 0 0.570499
texmtx> f15614 id 36 0.5 0 0 0.83914 / 0 0.5 0 0.570499
texmtx> f15615 id 36 0.5 0 0 0.971937 / 0 0.5 0 0.570999
texmtx> f15615 id 36 0.5 0 0 0.839614 / 0 0.5 0 0.570999
texmtx> f15616 id 36 0.5 0 0 0.972142 / 0 0.5 0 0.571499
texmtx> f15616 id 36 0.5 0 0 0.840088 / 0 0.5 0 0.571499
texmtx> f15617 id 36 0.5 0 0 0.972346 / 0 0.5 0 0.571999
texmtx> f15617 id 36 0.5 0 0 0.840561 / 0 0.5 0 0.571999
texmtx> f15618 id 36 0.5 0 0 0.972549 / 0 0.5 0 0.572499
texmtx> f15618 id 36 0.5 0 0 0.841033 / 0 0.5 0 0.572499
#########SE Entry Error<SE 1622:ErrorNo -33>
texmtx> f15619 id 36 0.5 0 0 0.972752 / 0 0.5 0 0.572999
texmtx> f15619 id 36 0.5 0 0 0.841505 / 0 0.5 0 0.572999
texmtx> f15620 id 36 0.5 0 0 0.972954 / 0 0.5 0 0.573499
texmtx> f15620 id 36 0.5 0 0 0.841976 / 0 0.5 0 0.573499
texmtx> f15621 id 36 0.5 0 0 0.973155 / 0 0.5 0 0.573999
texmtx> f15621 id 36 0.5 0 0 0.842447 / 0 0.5 0 0.573999
#########SE Entry Error<SE 1622:ErrorNo -33>
texmtx> f15622 id 36 0.5 0 0 0.973356 / 0 0.5 0 0.574499
texmtx> f15622 id 36 0.5 0 0 0.842917 / 0 0.5 0 0.574499
texmtx> f15623 id 36 0.5 0 0 0.973555 / 0 0.5 0 0.574999
texmtx> f15623 id 36 0.5 0 0 0.843386 / 0 0.5 0 0.574999
texmtx> f15624 id 36 0.5 0 0 0.973754 / 0 0.5 0 0.575499
texmtx> f15624 id 36 0.5 0 0 0.843854 / 0 0.5 0 0.575499
texmtx> f15625 id 36 0.5 0 0 0.973953 / 0 0.5 0 0.575999
texmtx> f15625 id 36 0.5 0 0 0.844322 / 0 0.5 0 0.575999
texmtx> f15626 id 36 0.5 0 0 0.97415 / 0 0.5 0 0.576499
texmtx> f15626 id 36 0.5 0 0 0.84479 / 0 0.5 0 0.576499
texmtx> f15627 id 36 0.5 0 0 0.974347 / 0 0.5 0 0.576999
texmtx> f15627 id 36 0.5 0 0 0.845256 / 0 0.5 0 0.576999
texmtx> f15628 id 36 0.5 0 0 0.974543 / 0 0.5 0 0.577499
texmtx> f15628 id 36 0.5 0 0 0.845722 / 0 0.5 0 0.577499
texmtx> f15629 id 36 0.5 0 0 0.974738 / 0 0.5 0 0.577999
texmtx> f15629 id 36 0.5 0 0 0.846188 / 0 0.5 0 0.577999
#########SE Entry Error<SE 1621:ErrorNo -33>
texmtx> f15630 id 36 0.5 0 0 0.974933 / 0 0.5 0 0.578499
texmtx> f15630 id 36 0.5 0 0 0.846652 / 0 0.5 0 0.578499
texmtx> f15631 id 36 0.5 0 0 0.975127 / 0 0.5 0 0.578999
texmtx> f15631 id 36 0.5 0 0 0.847116 / 0 0.5 0 0.578999
#########SE Entry Error<SE 1621:ErrorNo -33>
texmtx> f15632 id 36 0.5 0 0 0.97532 / 0 0.5 0 0.579499
texmtx> f15632 id 36 0.5 0 0 0.84758 / 0 0.5 0 0.579499
texmtx> f15633 id 36 0.5 0 0 0.975512 / 0 0.5 0 0.579999
texmtx> f15633 id 36 0.5 0 0 0.848043 / 0 0.5 0 0.579999
texmtx> f15634 id 36 0.5 0 0 0.975703 / 0 0.5 0 0.580499
texmtx> f15634 id 36 0.5 0 0 0.848505 / 0 0.5 0 0.580499
texmtx> f15635 id 36 0.5 0 0 0.975894 / 0 0.5 0 0.580999
texmtx> f15635 id 36 0.5 0 0 0.848966 / 0 0.5 0 0.580999
texmtx> f15636 id 36 0.5 0 0 0.976084 / 0 0.5 0 0.581499
texmtx> f15636 id 36 0.5 0 0 0.849427 / 0 0.5 0 0.581499
texmtx> f15637 id 36 0.5 0 0 0.976274 / 0 0.5 0 0.581999
texmtx> f15637 id 36 0.5 0 0 0.849887 / 0 0.5 0 0.581999
texmtx> f15638 id 36 0.5 0 0 0.976462 / 0 0.5 0 0.582499
texmtx> f15638 id 36 0.5 0 0 0.850347 / 0 0.5 0 0.582499
texmtx> f15639 id 36 0.5 0 0 0.97665 / 0 0.5 0 0.582999
texmtx> f15639 id 36 0.5 0 0 0.850806 / 0 0.5 0 0.582999
texmtx> f15640 id 36 0.5 0 0 0.976837 / 0 0.5 0 0.583499
texmtx> f15640 id 36 0.5 0 0 0.851264 / 0 0.5 0 0.583499
texmtx> f15641 id 36 0.5 0 0 0.977024 / 0 0.5 0 0.583999
texmtx> f15641 id 36 0.5 0 0 0.851721 / 0 0.5 0 0.583999
texmtx> f15642 id 36 0.5 0 0 0.977209 / 0 0.5 0 0.584499
texmtx> f15642 id 36 0.5 0 0 0.852178 / 0 0.5 0 0.584499
texmtx> f15643 id 36 0.5 0 0 0.977394 / 0 0.5 0 0.584999
texmtx> f15643 id 36 0.5 0 0 0.852635 / 0 0.5 0 0.584999
texmtx> f15644 id 36 0.5 0 0 0.977578 / 0 0.5 0 0.585499
texmtx> f15644 id 36 0.5 0 0 0.85309 / 0 0.5 0 0.585499
texmtx> f15645 id 36 0.5 0 0 0.977762 / 0 0.5 0 0.585999
texmtx> f15645 id 36 0.5 0 0 0.853545 / 0 0.5 0 0.585999
texmtx> f15646 id 36 0.5 0 0 0.977944 / 0 0.5 0 0.586499
texmtx> f15646 id 36 0.5 0 0 0.854 / 0 0.5 0 0.586499
texmtx> f15647 id 36 0.5 0 0 0.978126 / 0 0.5 0 0.586999
texmtx> f15647 id 36 0.5 0 0 0.854453 / 0 0.5 0 0.586999
texmtx> f15648 id 36 0.5 0 0 0.978307 / 0 0.5 0 0.587499
texmtx> f15648 id 36 0.5 0 0 0.854906 / 0 0.5 0 0.587499
texmtx> f15649 id 36 0.5 0 0 0.978488 / 0 0.5 0 0.587999
texmtx> f15649 id 36 0.5 0 0 0.855359 / 0 0.5 0 0.587999
texmtx> f15650 id 36 0.5 0 0 0.978668 / 0 0.5 0 0.588499
texmtx> f15650 id 36 0.5 0 0 0.85581 / 0 0.5 0 0.588499
texmtx> f15651 id 36 0.5 0 0 0.978846 / 0 0.5 0 0.589
texmtx> f15651 id 36 0.5 0 0 0.856262 / 0 0.5 0 0.589
texmtx> f15652 id 36 0.5 0 0 0.979025 / 0 0.5 0 0.5895
texmtx> f15652 id 36 0.5 0 0 0.856712 / 0 0.5 0 0.5895
texmtx> f15653 id 36 0.5 0 0 0.979202 / 0 0.5 0 0.59
texmtx> f15653 id 36 0.5 0 0 0.857162 / 0 0.5 0 0.59
port> status f15660   m427dll      board 0 turn 1/1  mg 427 (m427dll)  coins/stars 13/0c 10/0c 10/0c 13/0c  aud 0.32 ms  37.7 fps
texmtx> f15654 id 36 0.5 0 0 0.979379 / 0 0.5 0 0.5905
texmtx> f15654 id 36 0.5 0 0 0.857611 / 0 0.5 0 0.5905
texmtx> f15655 id 36 0.5 0 0 0.979555 / 0 0.5 0 0.591
texmtx> f15655 id 36 0.5 0 0 0.858059 / 0 0.5 0 0.591
texmtx> f15656 id 36 0.5 0 0 0.97973 / 0 0.5 0 0.5915
texmtx> f15656 id 36 0.5 0 0 0.858507 / 0 0.5 0 0.5915
#########SE Entry Error<SE 1622:ErrorNo -33>
#########SE Entry Error<SE 1622:ErrorNo -33>
#########SE Entry Error<SE 1622:ErrorNo -33>
texmtx> f15657 id 36 0.5 0 0 0.979904 / 0 0.5 0 0.592
texmtx> f15657 id 36 0.5 0 0 0.858954 / 0 0.5 0 0.592
texmtx> f15658 id 36 0.5 0 0 0.980078 / 0 0.5 0 0.5925
texmtx> f15658 id 36 0.5 0 0 0.859401 / 0 0.5 0 0.5925
texmtx> f15659 id 36 0.5 0 0 0.980251 / 0 0.5 0 0.593
texmtx> f15659 id 36 0.5 0 0 0.859847 / 0 0.5 0 0.593
texmtx> f15660 id 36 0.5 0 0 0.980423 / 0 0.5 0 0.5935
texmtx> f15660 id 36 0.5 0 0 0.860292 / 0 0.5 0 0.5935
texmtx> f15661 id 36 0.5 0 0 0.980595 / 0 0.5 0 0.594
texmtx> f15661 id 36 0.5 0 0 0.860736 / 0 0.5 0 0.594
texmtx> f15662 id 36 0.5 0 0 0.980765 / 0 0.5 0 0.5945
texmtx> f15662 id 36 0.5 0 0 0.86118 / 0 0.5 0 0.5945
texmtx> f15663 id 36 0.5 0 0 0.980935 / 0 0.5 0 0.595
texmtx> f15663 id 36 0.5 0 0 0.861624 / 0 0.5 0 0.595
texmtx> f15664 id 36 0.5 0 0 0.981105 / 0 0.5 0 0.5955
texmtx> f15664 id 36 0.5 0 0 0.862066 / 0 0.5 0 0.5955
texmtx> f15665 id 36 0.5 0 0 0.981273 / 0 0.5 0 0.596
texmtx> f15665 id 36 0.5 0 0 0.862508 / 0 0.5 0 0.596
texmtx> f15666 id 36 0.5 0 0 0.981441 / 0 0.5 0 0.5965
texmtx> f15666 id 36 0.5 0 0 0.862949 / 0 0.5 0 0.5965
#########SE Entry Error<SE 1621:ErrorNo -33>
texmtx> f15667 id 36 0.5 0 0 0.981608 / 0 0.5 0 0.597
texmtx> f15667 id 36 0.5 0 0 0.86339 / 0 0.5 0 0.597
texmtx> f15668 id 36 0.5 0 0 0.981774 / 0 0.5 0 0.5975
texmtx> f15668 id 36 0.5 0 0 0.86383 / 0 0.5 0 0.5975
texmtx> f15669 id 36 0.5 0 0 0.98194 / 0 0.5 0 0.598
texmtx> f15669 id 36 0.5 0 0 0.864269 / 0 0.5 0 0.598
texmtx> f15670 id 36 0.5 0 0 0.982104 / 0 0.5 0 0.5985
texmtx> f15670 id 36 0.5 0 0 0.864708 / 0 0.5 0 0.5985
#########SE Entry Error<SE 1621:ErrorNo -33>
texmtx> f15671 id 36 0.5 0 0 0.982268 / 0 0.5 0 0.599
texmtx> f15671 id 36 0.5 0 0 0.865146 / 0 0.5 0 0.599
texmtx> f15672 id 36 0.5 0 0 0.982432 / 0 0.5 0 0.5995
texmtx> f15672 id 36 0.5 0 0 0.865583 / 0 0.5 0 0.5995
texmtx> f15673 id 36 0.5 0 0 0.982594 / 0 0.5 0 0.6
texmtx> f15673 id 36 0.5 0 0 0.86602 / 0 0.5 0 0.6
texmtx> f15674 id 36 0.5 0 0 0.982756 / 0 0.5 0 0.6005
texmtx> f15674 id 36 0.5 0 0 0.866456 / 0 0.5 0 0.6005
texmtx> f15675 id 36 0.5 0 0 0.982917 / 0 0.5 0 0.601
texmtx> f15675 id 36 0.5 0 0 0.866891 / 0 0.5 0 0.601
texmtx> f15676 id 36 0.5 0 0 0.983077 / 0 0.5 0 0.6015
texmtx> f15676 id 36 0.5 0 0 0.867326 / 0 0.5 0 0.6015
port> --dumpframe: wrote /Users/zach/m48/L-m427-@m48i,--texmtxlog,36/frame-15677.ppm
texmtx> f15677 id 36 0.5 0 0 0.983237 / 0 0.5 0 0.602
texmtx> f15677 id 36 0.5 0 0 0.86776 / 0 0.5 0 0.602
texmtx> f15678 id 36 0.5 0 0 0.983395 / 0 0.5 0 0.6025
texmtx> f15678 id 36 0.5 0 0 0.868193 / 0 0.5 0 0.6025
texmtx> f15679 id 36 0.5 0 0 0.983553 / 0 0.5 0 0.603
texmtx> f15679 id 36 0.5 0 0 0.868626 / 0 0.5 0 0.603
texmtx> f15680 id 36 0.5 0 0 0.983711 / 0 0.5 0 0.6035
texmtx> f15680 id 36 0.5 0 0 0.869058 / 0 0.5 0 0.6035
texmtx> f15681 id 36 0.5 0 0 0.983867 / 0 0.5 0 0.604
texmtx> f15681 id 36 0.5 0 0 0.869489 / 0 0.5 0 0.604
texmtx> f15682 id 36 0.5 0 0 0.984023 / 0 0.5 0 0.6045
texmtx> f15682 id 36 0.5 0 0 0.86992 / 0 0.5 0 0.6045
texmtx> f15683 id 36 0.5 0 0 0.984178 / 0 0.5 0 0.605
texmtx> f15683 id 36 0.5 0 0 0.87035 / 0 0.5 0 0.605
texmtx> f15684 id 36 0.5 0 0 0.984332 / 0 0.5 0 0.6055
texmtx> f15684 id 36 0.5 0 0 0.87078 / 0 0.5 0 0.6055
texmtx> f15685 id 36 0.5 0 0 0.984486 / 0 0.5 0 0.606
texmtx> f15685 id 36 0.5 0 0 0.871208 / 0 0.5 0 0.606
texmtx> f15686 id 36 0.5 0 0 0.984638 / 0 0.5 0 0.6065
texmtx> f15686 id 36 0.5 0 0 0.871636 / 0 0.5 0 0.6065
texmtx> f15687 id 36 0.5 0 0 0.98479 / 0 0.5 0 0.607
texmtx> f15687 id 36 0.5 0 0 0.872064 / 0 0.5 0 0.607
texmtx> f15688 id 36 0.5 0 0 0.984942 / 0 0.5 0 0.6075
texmtx> f15688 id 36 0.5 0 0 0.872491 / 0 0.5 0 0.6075
texmtx> f15689 id 36 0.5 0 0 0.985092 / 0 0.5 0 0.608
texmtx> f15689 id 36 0.5 0 0 0.872917 / 0 0.5 0 0.608
texmtx> f15690 id 36 0.5 0 0 0.985242 / 0 0.5 0 0.6085
texmtx> f15690 id 36 0.5 0 0 0.873342 / 0 0.5 0 0.6085
texmtx> f15691 id 36 0.5 0 0 0.985391 / 0 0.5 0 0.609
texmtx> f15691 id 36 0.5 0 0 0.873767 / 0 0.5 0 0.609
texmtx> f15692 id 36 0.5 0 0 0.985539 / 0 0.5 0 0.6095
texmtx> f15692 id 36 0.5 0 0 0.874191 / 0 0.5 0 0.6095
texmtx> f15693 id 36 0.5 0 0 0.985687 / 0 0.5 0 0.61
texmtx> f15693 id 36 0.5 0 0 0.874614 / 0 0.5 0 0.61
texmtx> f15694 id 36 0.5 0 0 0.985833 / 0 0.5 0 0.610501
texmtx> f15694 id 36 0.5 0 0 0.875037 / 0 0.5 0 0.610501
texmtx> f15695 id 36 0.5 0 0 0.985979 / 0 0.5 0 0.611001
texmtx> f15695 id 36 0.5 0 0 0.875459 / 0 0.5 0 0.611001
#########SE Entry Error<SE 1622:ErrorNo -33>
texmtx> f15696 id 36 0.5 0 0 0.986125 / 0 0.5 0 0.611501
texmtx> f15696 id 36 0.5 0 0 0.87588 / 0 0.5 0 0.611501
texmtx> f15697 id 36 0.5 0 0 0.986269 / 0 0.5 0 0.612001
texmtx> f15697 id 36 0.5 0 0 0.876301 / 0 0.5 0 0.612001
texmtx> f15698 id 36 0.5 0 0 0.986413 / 0 0.5 0 0.612501
texmtx> f15698 id 36 0.5 0 0 0.876721 / 0 0.5 0 0.612501
texmtx> f15699 id 36 0.5 0 0 0.986556 / 0 0.5 0 0.613001
texmtx> f15699 id 36 0.5 0 0 0.877141 / 0 0.5 0 0.613001
texmtx> f15700 id 36 0.5 0 0 0.986698 / 0 0.5 0 0.613501
texmtx> f15700 id 36 0.5 0 0 0.877559 / 0 0.5 0 0.613501
texmtx> f15701 id 36 0.5 0 0 0.98684 / 0 0.5 0 0.614001
texmtx> f15701 id 36 0.5 0 0 0.877978 / 0 0.5 0 0.614001
texmtx> f15702 id 36 0.5 0 0 0.98698 / 0 0.5 0 0.614501
texmtx> f15702 id 36 0.5 0 0 0.878395 / 0 0.5 0 0.614501
texmtx> f15703 id 36 0.5 0 0 0.98712 / 0 0.5 0 0.615001
texmtx> f15703 id 36 0.5 0 0 0.878812 / 0 0.5 0 0.615001
texmtx> f15704 id 36 0.5 0 0 0.98726 / 0 0.5 0 0.615501
texmtx> f15704 id 36 0.5 0 0 0.879228 / 0 0.5 0 0.615501
texmtx> f15705 id 36 0.5 0 0 0.987398 / 0 0.5 0 0.616001
texmtx> f15705 id 36 0.5 0 0 0.879643 / 0 0.5 0 0.616001
texmtx> f15706 id 36 0.5 0 0 0.987536 / 0 0.5 0 0.616501
texmtx> f15706 id 36 0.5 0 0 0.880058 / 0 0.5 0 0.616501
texmtx> f15707 id 36 0.5 0 0 0.987673 / 0 0.5 0 0.617001
texmtx> f15707 id 36 0.5 0 0 0.880472 / 0 0.5 0 0.617001
texmtx> f15708 id 36 0.5 0 0 0.987809 / 0 0.5 0 0.617501
texmtx> f15708 id 36 0.5 0 0 0.880885 / 0 0.5 0 0.617501
texmtx> f15709 id 36 0.5 0 0 0.987945 / 0 0.5 0 0.618001
texmtx> f15709 id 36 0.5 0 0 0.881298 / 0 0.5 0 0.618001
#########SE Entry Error<SE 1621:ErrorNo -33>
texmtx> f15710 id 36 0.5 0 0 0.988079 / 0 0.5 0 0.618501
texmtx> f15710 id 36 0.5 0 0 0.88171 / 0 0.5 0 0.618501
texmtx> f15711 id 36 0.5 0 0 0.988213 / 0 0.5 0 0.619001
texmtx> f15711 id 36 0.5 0 0 0.882121 / 0 0.5 0 0.619001
texmtx> f15712 id 36 0.5 0 0 0.988346 / 0 0.5 0 0.619501
texmtx> f15712 id 36 0.5 0 0 0.882532 / 0 0.5 0 0.619501
texmtx> f15713 id 36 0.5 0 0 0.988479 / 0 0.5 0 0.620001
texmtx> f15713 id 36 0.5 0 0 0.882942 / 0 0.5 0 0.620001
port> status f15720   m427dll      board 0 turn 1/1  mg 427 (m427dll)  coins/stars 13/0c 10/0c 10/0c 13/0c  aud 0.38 ms  35.7 fps
texmtx> f15714 id 36 0.5 0 0 0.988611 / 0 0.5 0 0.620501
texmtx> f15714 id 36 0.5 0 0 0.883352 / 0 0.5 0 0.620501
texmtx> f15715 id 36 0.5 0 0 0.988742 / 0 0.5 0 0.621001
texmtx> f15715 id 36 0.5 0 0 0.88376 / 0 0.5 0 0.621001
texmtx> f15716 id 36 0.5 0 0 0.988872 / 0 0.5 0 0.621501
texmtx> f15716 id 36 0.5 0 0 0.884168 / 0 0.5 0 0.621501
texmtx> f15717 id 36 0.5 0 0 0.989001 / 0 0.5 0 0.622001
texmtx> f15717 id 36 0.5 0 0 0.884576 / 0 0.5 0 0.622001
texmtx> f15718 id 36 0.5 0 0 0.98913 / 0 0.5 0 0.622501
texmtx> f15718 id 36 0.5 0 0 0.884982 / 0 0.5 0 0.622501
texmtx> f15719 id 36 0.5 0 0 0.989258 / 0 0.5 0 0.623001
texmtx> f15719 id 36 0.5 0 0 0.885388 / 0 0.5 0 0.623001
texmtx> f15720 id 36 0.5 0 0 0.989385 / 0 0.5 0 0.623501
texmtx> f15720 id 36 0.5 0 0 0.885794 / 0 0.5 0 0.623501
texmtx> f15721 id 36 0.5 0 0 0.989512 / 0 0.5 0 0.624001
texmtx> f15721 id 36 0.5 0 0 0.886198 / 0 0.5 0 0.624001
texmtx> f15722 id 36 0.5 0 0 0.989637 / 0 0.5 0 0.624501
texmtx> f15722 id 36 0.5 0 0 0.886602 / 0 0.5 0 0.624501
texmtx> f15723 id 36 0.5 0 0 0.989762 / 0 0.5 0 0.625001
texmtx> f15723 id 36 0.5 0 0 0.887005 / 0 0.5 0 0.625001
texmtx> f15724 id 36 0.5 0 0 0.989886 / 0 0.5 0 0.625501
texmtx> f15724 id 36 0.5 0 0 0.887408 / 0 0.5 0 0.625501
texmtx> f15725 id 36 0.5 0 0 0.99001 / 0 0.5 0 0.626001
texmtx> f15725 id 36 0.5 0 0 0.88781 / 0 0.5 0 0.626001
texmtx> f15726 id 36 0.5 0 0 0.990133 / 0 0.5 0 0.626501
texmtx> f15726 id 36 0.5 0 0 0.888211 / 0 0.5 0 0.626501
texmtx> f15727 id 36 0.5 0 0 0.990254 / 0 0.5 0 0.627001
texmtx> f15727 id 36 0.5 0 0 0.888612 / 0 0.5 0 0.627001
texmtx> f15728 id 36 0.5 0 0 0.990376 / 0 0.5 0 0.627501
texmtx> f15728 id 36 0.5 0 0 0.889012 / 0 0.5 0 0.627501
texmtx> f15729 id 36 0.5 0 0 0.990496 / 0 0.5 0 0.628001
texmtx> f15729 id 36 0.5 0 0 0.889411 / 0 0.5 0 0.628001
texmtx> f15730 id 36 0.5 0 0 0.990616 / 0 0.5 0 0.628501
texmtx> f15730 id 36 0.5 0 0 0.88981 / 0 0.5 0 0.628501
texmtx> f15731 id 36 0.5 0 0 0.990735 / 0 0.5 0 0.629001
texmtx> f15731 id 36 0.5 0 0 0.890207 / 0 0.5 0 0.629001
texmtx> f15732 id 36 0.5 0 0 0.990853 / 0 0.5 0 0.629501
texmtx> f15732 id 36 0.5 0 0 0.890605 / 0 0.5 0 0.629501
texmtx> f15733 id 36 0.5 0 0 0.99097 / 0 0.5 0 0.630001
texmtx> f15733 id 36 0.5 0 0 0.891001 / 0 0.5 0 0.630001
texmtx> f15734 id 36 0.5 0 0 0.991087 / 0 0.5 0 0.630501
texmtx> f15734 id 36 0.5 0 0 0.891397 / 0 0.5 0 0.630501
texmtx> f15735 id 36 0.5 0 0 0.991203 / 0 0.5 0 0.631001
texmtx> f15735 id 36 0.5 0 0 0.891792 / 0 0.5 0 0.631001
texmtx> f15736 id 36 0.5 0 0 0.991318 / 0 0.5 0 0.631501
texmtx> f15736 id 36 0.5 0 0 0.892187 / 0 0.5 0 0.631501
texmtx> f15737 id 36 0.5 0 0 0.991432 / 0 0.5 0 0.632002
texmtx> f15737 id 36 0.5 0 0 0.892581 / 0 0.5 0 0.632002
texmtx> f15738 id 36 0.5 0 0 0.991546 / 0 0.5 0 0.632502
texmtx> f15738 id 36 0.5 0 0 0.892974 / 0 0.5 0 0.632502
texmtx> f15739 id 36 0.5 0 0 0.991659 / 0 0.5 0 0.633002
texmtx> f15739 id 36 0.5 0 0 0.893366 / 0 0.5 0 0.633002
texmtx> f15740 id 36 0.5 0 0 0.991771 / 0 0.5 0 0.633502
texmtx> f15740 id 36 0.5 0 0 0.893758 / 0 0.5 0 0.633502
texmtx> f15741 id 36 0.5 0 0 0.991882 / 0 0.5 0 0.634002
texmtx> f15741 id 36 0.5 0 0 0.894149 / 0 0.5 0 0.634002
texmtx> f15742 id 36 0.5 0 0 0.991993 / 0 0.5 0 0.634502
texmtx> f15742 id 36 0.5 0 0 0.894539 / 0 0.5 0 0.634502
texmtx> f15743 id 36 0.5 0 0 0.992103 / 0 0.5 0 0.635002
texmtx> f15743 id 36 0.5 0 0 0.894929 / 0 0.5 0 0.635002
texmtx> f15744 id 36 0.5 0 0 0.992212 / 0 0.5 0 0.635502
texmtx> f15744 id 36 0.5 0 0 0.895318 / 0 0.5 0 0.635502
#########SE Entry Error<SE 1621:ErrorNo -33>
texmtx> f15745 id 36 0.5 0 0 0.99232 / 0 0.5 0 0.636002
texmtx> f15745 id 36 0.5 0 0 0.895706 / 0 0.5 0 0.636002
texmtx> f15746 id 36 0.5 0 0 0.992428 / 0 0.5 0 0.636502
texmtx> f15746 id 36 0.5 0 0 0.896094 / 0 0.5 0 0.636502
texmtx> f15747 id 36 0.5 0 0 0.992534 / 0 0.5 0 0.637002
texmtx> f15747 id 36 0.5 0 0 0.896481 / 0 0.5 0 0.637002
texmtx> f15748 id 36 0.5 0 0 0.99264 / 0 0.5 0 0.637502
texmtx> f15748 id 36 0.5 0 0 0.896867 / 0 0.5 0 0.637502
texmtx> f15749 id 36 0.5 0 0 0.992746 / 0 0.5 0 0.638002
texmtx> f15749 id 36 0.5 0 0 0.897253 / 0 0.5 0 0.638002
texmtx> f15750 id 36 0.5 0 0 0.99285 / 0 0.5 0 0.638502
texmtx> f15750 id 36 0.5 0 0 0.897638 / 0 0.5 0 0.638502
texmtx> f15751 id 36 0.5 0 0 0.992954 / 0 0.5 0 0.639002
texmtx> f15751 id 36 0.5 0 0 0.898022 / 0 0.5 0 0.639002
texmtx> f15752 id 36 0.5 0 0 0.993057 / 0 0.5 0 0.639502
texmtx> f15752 id 36 0.5 0 0 0.898406 / 0 0.5 0 0.639502
texmtx> f15753 id 36 0.5 0 0 0.993159 / 0 0.5 0 0.640002
texmtx> f15753 id 36 0.5 0 0 0.898789 / 0 0.5 0 0.640002
texmtx> f15754 id 36 0.5 0 0 0.993261 / 0 0.5 0 0.640502
texmtx> f15754 id 36 0.5 0 0 0.899171 / 0 0.5 0 0.640502
texmtx> f15755 id 36 0.5 0 0 0.993362 / 0 0.5 0 0.641002
texmtx> f15755 id 36 0.5 0 0 0.899553 / 0 0.5 0 0.641002
texmtx> f15756 id 36 0.5 0 0 0.993462 / 0 0.5 0 0.641502
texmtx> f15756 id 36 0.5 0 0 0.899933 / 0 0.5 0 0.641502
texmtx> f15757 id 36 0.5 0 0 0.993561 / 0 0.5 0 0.642002
texmtx> f15757 id 36 0.5 0 0 0.900314 / 0 0.5 0 0.642002
texmtx> f15758 id 36 0.5 0 0 0.993659 / 0 0.5 0 0.642502
texmtx> f15758 id 36 0.5 0 0 0.900693 / 0 0.5 0 0.642502
texmtx> f15759 id 36 0.5 0 0 0.993757 / 0 0.5 0 0.643002
texmtx> f15759 id 36 0.5 0 0 0.901072 / 0 0.5 0 0.643002
texmtx> f15760 id 36 0.5 0 0 0.993854 / 0 0.5 0 0.643502
texmtx> f15760 id 36 0.5 0 0 0.90145 / 0 0.5 0 0.643502
texmtx> f15761 id 36 0.5 0 0 0.99395 / 0 0.5 0 0.644002
texmtx> f15761 id 36 0.5 0 0 0.901827 / 0 0.5 0 0.644002
texmtx> f15762 id 36 0.5 0 0 0.994046 / 0 0.5 0 0.644502
texmtx> f15762 id 36 0.5 0 0 0.902204 / 0 0.5 0 0.644502
texmtx> f15763 id 36 0.5 0 0 0.994141 / 0 0.5 0 0.645002
texmtx> f15763 id 36 0.5 0 0 0.90258 / 0 0.5 0 0.645002
texmtx> f15764 id 36 0.5 0 0 0.994235 / 0 0.5 0 0.645502
texmtx> f15764 id 36 0.5 0 0 0.902956 / 0 0.5 0 0.645502
texmtx> f15765 id 36 0.5 0 0 0.994328 / 0 0.5 0 0.646002
texmtx> f15765 id 36 0.5 0 0 0.90333 / 0 0.5 0 0.646002
texmtx> f15766 id 36 0.5 0 0 0.99442 / 0 0.5 0 0.646502
texmtx> f15766 id 36 0.5 0 0 0.903704 / 0 0.5 0 0.646502
#########SE Entry Error<SE 1622:ErrorNo -33>
texmtx> f15767 id 36 0.5 0 0 0.994512 / 0 0.5 0 0.647002
texmtx> f15767 id 36 0.5 0 0 0.904078 / 0 0.5 0 0.647002
texmtx> f15768 id 36 0.5 0 0 0.994603 / 0 0.5 0 0.647502
texmtx> f15768 id 36 0.5 0 0 0.90445 / 0 0.5 0 0.647502
texmtx> f15769 id 36 0.5 0 0 0.994693 / 0 0.5 0 0.648002
texmtx> f15769 id 36 0.5 0 0 0.904822 / 0 0.5 0 0.648002
texmtx> f15770 id 36 0.5 0 0 0.994782 / 0 0.5 0 0.648502
texmtx> f15770 id 36 0.5 0 0 0.905194 / 0 0.5 0 0.648502

port> --frames 15777 reached: 15777 retraces in 99.88 s wall (game clock 263.21 s)
port> tev: konst collision (two constants in one stage): 0 of 365191 draws carry one, in 0 distinct configs (PLAN.md 31.4)
port> tev: 1755 hilite stage emissions folded into the specular colour sum (PLAN.md 36)
port> tev: 7782 unit emissions of the M30 lamp shape (T*RAS -> REG, T.a*K -> REG, C*RAS + C; PLAN.md 45)
port> tev: register chains (M30, PLAN.md 45): 2839 configs with a chain, 2839 stage emissions read the previous unit for a register, 2839 dead register writes passed PREV through, 0 reads unexpressible (drawn as the constant)
port> tev: 23364 unit emissions through the register rewrite (PLAN.md 31.3), 0 stage emissions still folding a register write to PREV
port> water (M44): 5433 warped draws, 3124156 vertices, 5433 stage warps; refused: shape 0, no texture 0, map not on the CPU 0, coordinate shared 0, read unwarped too 0 (--water auto)
port> --perfdump: 15776 frames written to /Users/zach/m48/L-m427-@m48i,--texmtxlog,36.csv

---- --perf: 15776 frames ----
  game     mean   4.59  median   4.26  p95  11.22  worst 341.03 ms
  gx       mean   1.46  median   0.08  p95  13.32  worst 353.06 ms
  present  mean   0.06  median   0.00  p95   0.35  worst  96.00 ms
  aud      mean   0.23  median   0.24  p95   0.40  worst   3.10 ms
  frame    mean   6.33  median   4.58  p95  25.11  worst 371.05 ms
  budget   16.68 ms/frame at 59.94 Hz; 1470 of 15776 frames over it (9.3%)
  clocks   game 263.20 s vs wall 100.26 s -- ratio 0.381  (keeping up)
  fps      157.4 effective

port> MusyX: 52629 frames of 160 samples mixed (263.14 s of audio) over 15773 retraces
port> audio: first sound at retrace 726; Dolphin's own DSP dump of the same boot starts at 10.95 s = retrace ~656
port> musyx_mix: 52629 frames mixed, 11680 voices started, 8303 voices ended, peak |sample| 32767 (near full scale), 0 clamped ARAM reads, 27 max concurrent voices (of 50 allocated)
port> musyx_mix: resampler linear, depop on; 4670 voice(s) cut mid-frame
port> musyx_mix: 790 start(s) refused by start_voice_init (a zero-length one-shot, an envelope done at once, an unreadable sample); the slot's entry cleared on both halves (M25)
port> musyx_mix: --perf: mean 351.3 us/frame, worst 2170.0 us/frame, over 52629 timed frames
port> musyx_mix: split frames: 52629 control halves on the game thread, 52629 value halves (18487 ms), 15785 joins, 0 position mismatches
port> audio: M24 mixer job: 15773 ticks split (157887 steps), 0 ticks fused for a MEM1/vsample voice, 0 poisoned mid-tick, 0 out of pool, 0 jobs run at submit, 22 jobs finished mid-tick (ARAM writes)
port> musyx_aram: samples stored 692 (10678 KB), removed 188, refused 0
port> musyx_aram: region=[0x000000,0x800000) (8388608 bytes) zero_buf=[0x000000,0x000500) initialized=1
port> musyx_aram: sample heap write=0x66bcc0 high_water=0x6de860 (7201632 bytes at peak), stream cursor=0x7ee200
port> musyx_aram: stream buffers active=2 peak=2 of 64 slots
port> musyx_aram: bytes uploaded=11967584 -- rejected: store=0 stream=0 upload=0, remove mismatches=0
port> audio out: 88.63 s queued, 6267 callbacks, peak L 32767 R 32767 (of 32767)
port> audio out: 1402 underrun(s) totalling 11649.0 ms, 174512.0 ms dropped to overrun
port> audio out: (the ring tracks the frame rate: audio is paced by the
port>             retrace, so under 60 fps it starves and under --turbo it
port>             overruns.  --wav is written before the ring and is whole.)
port> OS clock: 10649475000 ticks in 100.68 s = 105.779 MHz (console 40.500)  *** WRONG
port> decode jobs (M43): 64255206 vertices; specialised 100.0%, the walker's by pick_fast's first failed test:
port> vcache (M40, auto): 11717 list calls (1258 left to the ring as animated), 10459 primitives, 848716 vertices; 7422 hits (563101 vertices, 66.3%; per drawn frame 71.2% over 28 frames)
port> vcache (M44): 78 positions refreshes (2210 vertices): stored runs whose position array alone had moved, copied and their positions decoded again
port> vcache (M45): on the frames the auto keyed off, 0 lists looked up refresh-only, 0 refreshes served there (--novcposoff)
port> vcache: misses -- new 1295 (103345 v), plan changed 61 (2065 v), arrays changed 1603 (177995 v), list bytes changed 0 lists; ineligible 0 (0 v, skinned/palette/premerge); not stored (region full this frame) 0 (0 v); stored 222878 v
port> vcache: auto keyed 28 drawn frame(s), left 1737 to the decode (fit 28.0 ms); 495 list hash(es) memoised, 231721 memo end(s) leaving module code
port> vcache (M47): the skin body named its arrays 0 times (0 scans), 0 array memos ended by them (--oldvcskin: every memo, the epoch)
port> vcache: hashed 1.2 MB of lists and 12.1 MB of arrays (1.2 KB a list call); 333 ms keying on the game thread (sampled 1 in 8: lists 242, hits 30, misses 61); region 8192 KB, peak 7645 KB, 0 reset(s), 0 cooldown(s); 427 entries, 1052 arrays live, 0 clear(s)
port> GX draw: 1934169 primitives, 75952309 vertices, 529777 glDrawArrays, 1688159 display lists replayed
port> GX draw: M44 layout memo: 438488 primitives kept the last one's, 1495681 settled anew
port> GX draw: 67492472 vertices through the specialised decode loops (88.9%)
port> GX draw: M29: 704734 display-list runs (64255206 vertices, 84.6%) handed to the render thread's decode, 0 runs decoded here instead, 7702 kept here by --rtdecode auto (M33)
port> GX draw: 8990 primitive(s) off-world (|position matrix translation| over 10000)
port> skin: deferred CPU skinning; EnvelopeProc 87101 calls: 87101 deferred, 0 run by the game; 27 HSFs registered (0 rebuilt); 7933 deferred bodies run at the draw (0 of them at the array bind), 635688 syncs skipped on consumed frames; palette: 87101 bone syncs, 0 pose builds
port> skin: lifetime: 23 entries dropped by the game's frees, 0 guard hits (must be 0); signatures: 361 full, 86740 by the pointers alone (M47)
port> GL state: 1411842 calls emitted, 8399690 elided (85.6% of 9811532)
port> texture cache: 298545 hits, 438 misses, 0 re-uploads, 438 entries, 21863 KB decoded, 80 padded to a power of two, 29839 KB held by GL
port> texture budget: 40 MB; 0 evictions (0 KB) to stay under it
port> texture decode (M23): 435 decodes, 311 ms decoding, 75 ms uploading, 1166 ms hashing; 3 frames over 20 ms of it; 10 re-keyed by content (1244 KB not decoded again)
port> texture dirty ranges (M35): 348006 DC store/flush calls, 187 entries marked, 0 hashed clean, 0 decoded again; 299492 calls touched no texture page (M41)
port> texture hash: 117802 KB hashed in full, 161120 KB sampled, 232316 revalidations (of 298983 binds)
port> EFB copies: 2927 colour copies into the cache (on consumed frames from the front buffer: 0 whole-screen, 0 region; 0 clear-after copies kept from the last drawn frame, M21; 333 half-scale copies kept at source size, M23)
port> indirect tiling: 9 composed backgrounds, 1527 cache hits

---- GX features the backend degraded (2 distinct) ----
  GXSetTevIndWarp: the warp needs GL_ATI_text_fragment_shader and --tfs (M35); the direct stage is drawn unwarped     5433
  indirect texturing: the fixed-function path draws the direct stage only (PLAN.md 3.4 case 3)     5434

port> render thread: mode 3 (thread, overlapped)
  stream   3840813 records, 394475 KB (105 B/record); 1774 frames presented, peak 283 KB a frame; 194993 KB of payload copies; 447 names handed out; 447 owned uploads freed
  replay   24518 ms in all; per presented frame mean 13.82 ms, worst 356.8 ms (1774 frames); present tail (swap executed - swap recorded) mean 5.0 ms, worst 63.4 ms
  decode   704734 runs recorded, 704734 decoded ahead by the decode cursor, 0 by the replay (late); 64255206 vertices; 9927 ms in all, per presented frame mean 5.60 ms, worst 19.7 ms (--rtdecode 3)
  auto     1774 drawn frames planned, 18 split (share mean 0.52, max 0.75); 3248522 vertices decoded on the game thread (530 ms) vs 64255206 on the render thread; last plan: game 23.9 + consumed 4.2 vs replay 13.1 + decode 6.6 -> 0.0 ms moved (--rtdecode auto, fit 30 ms, max share 0.75)
  gate     0 drained, 0 waited (0 ms, worst 0.0 ms), 0 busy (the frame was consumed instead)
  ring     0 reuse waits for the issue, 1 for the GPU (6 ms, worst 6.0 ms); stream full 0 times (0 ms); reader slept 5739 times, woken 14599
  join     retrace                  15777 (292 ms, worst 11.5 ms)
  join     ClusterProc range        513 (0 ms, worst 0.0 ms)
  join     call                     38 (505 ms, worst 68.0 ms)
  join     skin body                7088 (0 ms, worst 0.0 ms)
  join     skin free                7 (0 ms, worst 0.0 ms)
  join     glReadPixels             2 (88 ms, worst 64.1 ms)
  join     shutdown                 1 (0 ms, worst 0.0 ms)
  rewrite  513 buffer range(s) named by ClusterProc/ShapeProc (M43): 0 free at once, 513 waited for their pages' records; 62 record array(s) outside MEM1
  fences   the ring's chunks by epoch: the writer waited 1 time(s) for the GPU (the `ring' line above); the reader tests pending fences after every present, every 256 records and while idle
port> DVD: 159 reads, 43785861 bytes, 10 ms in reads, 0 over 100 ms

port> loader (M36): prefetch on, 99 jobs, 94 files read ahead (5 skipped as resident), 113.9 MB in 1215 ms off the game thread (worst 408 ms); 0 inline slices on one CPU (0 ms)
port> loader: disk reads after a prefetch of the same file: 0, 0 of them over 100 ms
port> loader: resident set 256 MB: 85 files held (113 MB, 73 of them from the list), 154 reads (41.0 MB) served from memory, 5 (0.8 MB, 10 ms) from the disk, 5 adopted from the game's own reads, 0 evicted (0.0 MB); mlock allowed (113 MB locked)
port> THP: 3 movie(s) skipped, first movie/opmov_a00.thp
port> CARD: 0 reads, 1 writes, 1 files created, 0 deleted, 3 image flushes, 57 of 59 blocks free
port> CARD: flushes on a thread (M29): 12 ms on the game thread in all, 65 ms behind it (worst 45 ms); 0 flush(es) waited for the previous one (0 ms)
port> CARD: M40: 2 flush(es) found the writer busy and left their image for it (1 replaced by a newer one before it started)
port> REL bundles: 6 loads, 5 unloads, 0 re-entries, 0 modules dlclose would not unload

port> cpu 2: workers on
port> workers: the game thread's FPSCR adopted 14072 time(s) (the GL driver's FPU mode, for the reverb's floats)
port> worker mixer   15763 jobs: 15755 finished by the worker, 8 late (run inline by the game thread, 8 ms), 797 waited for (372 ms, worst 3.9 ms); 19420 ms of work on the second core
port> sincos memo: 8309585 hits, 2794206 misses (74.8% hit)
port> fast sin/cos (M42): 2792048 pairs without libm, 2158 through libm
port> rotation memo (M42): mtxRot 119321 hits / 32821 misses, mtxRotCat 806548 hits / 236357 misses
port> motion exec (M42): 294291 calls through the port's body
port> vertex rewriters (M43): 513 ClusterProc, 0 ShapeProc calls, 513 ranges named; the joins are the render thread's report (precise)
port> write barrier (M42, --wbpart: the ends' partial pages too): 969 pages armed in 603 calls, 563 faults (225 pages hot), 256 disarmed by kernel writes/frees; arrays clean 18276 (8706 by their ends' hash) / written 138, 8.6 MB of hashing skipped
port> material walk on consumed frames: skipped; 9620472 faces skipped, 1998320 material changes (1702800 Hu3DLightSet, 2655 Hu3DAnimSet kept)
port> sparse concats (bone walk): 15836064 sparse, 0 general
port> sqrtf: 0 through frsqrte, 11956556 through libm (--nofastsqrt)
port> soft-reset watcher: running, body polled 15773 times

---- SDK surface hit at boot: 0 distinct stubs, in first-call order ----
---- 0 stub calls total ----
