Mario Party 4 -- native port, PowerPC Edition 0.9.16 (milestone M47)
port> machine: model PowerMac3,5, 2 CPUs at 1000 MHz, 7450 (G4), AltiVec yes, 1536 MB RAM, Mac OS X 10.5.4
port> machine: GL ATI Technologies Inc. / ATI Radeon 9000 OpenGL Engine / 1.3 ATI-1.5.28, VRAM 64 MB, 6 texture units, max texture 2048
port> machine:   GL_ARB_multitexture                  present  required
port> machine:   GL_ARB_texture_env_combine           present  required
port> machine:   GL_ARB_texture_env_crossbar          present  required
port> machine:   GL_ATI_texture_env_combine3          present  required
port> machine:   GL_EXT_secondary_color               present  required
port> machine:   GL_ARB_vertex_program                present  degraded without
port> machine:   GL_APPLE_vertex_array_range          present  degraded without
port> machine:   GL_APPLE_fence                       present  degraded without
port> machine:   GL_EXT_multi_draw_arrays             present  degraded without
port> machine:   GL_EXT_blend_subtract                present  degraded without
port> machine:   GL_EXT_gpu_program_parameters        present  optional
port> machine:   GL_EXT_fog_coord                     present  optional
port> machine:   GL_EXT_texture_compression_s3tc      present  optional
port> machine:   GL_ARB_depth_texture                 MISSING  optional
port> machine:   GL_ATI_text_fragment_shader          present  not used
port> machine: verdict ok
port> machine:   - every probe within the G4's envelope
port> machine: tier: the reference class (dual 1 GHz G4, 64 MB Radeon 9000 or better), whose promise is 30 fps everywhere: 75 of 82 screens there today (0.9.16, docs/fps-scoreboard.md)
port> machine: applying --resident 256 (1536 MB of RAM; 0 under 768 MB, 128 at 1 GB, 256 at 1.5 GB+, 584 MB kept for the OS and the game)
port> machine: the roulette prefetch is on (every machine; --noprefetch)
port> machine: coroutine stacks x2 over the game's sizes (the default since M31; --stackmul N)
port> DVD: disc image /Users/zach/MarioParty4/mp4.nkit.iso, 357 files in the FST
port> GL: ATI Radeon 9000 OpenGL Engine / 1.3 ATI-1.5.28, 6 texture units
port> GL feature set used: combine3 1, crossbar 1, s3tc 1, blend_subtract 1, depth_texture 0, text_fragment_shader 1, 6 units
---- vprog probe ----
GL_ARB_vertex_program                     present
MAX_PROGRAM_INSTRUCTIONS            262144
MAX_PROGRAM_NATIVE_INSTRUCTIONS        128
MAX_PROGRAM_PARAMETERS                1024
MAX_PROGRAM_NATIVE_PARAMETERS          192
MAX_PROGRAM_TEMPORARIES              65535
MAX_PROGRAM_NATIVE_TEMPORARIES          12
MAX_PROGRAM_ATTRIBS                     32
MAX_PROGRAM_NATIVE_ATTRIBS              16
MAX_PROGRAM_ADDRESS_REGISTERS            2
MAX_PROGRAM_ENV_PARAMETERS             256
MAX_PROGRAM_LOCAL_PARAMETERS          1024
GL_EXT_gpu_program_parameters       present (one call per palette upload)
trivial program            loaded, 6 instructions (6 native), under native limits: YES
palette program (ARL)      loaded, 10 instructions (15 native), under native limits: YES
matrix palette             18 slots of 6 params from env[82]
---- end vprog probe ----
port> cpu: 2 cores (hw.ncpu); workers ON
port> loader: prefetch on (a thread); resident set 256 MB: 73 of the list's 73 files fit (103.1 of 103.1 MB), filling on the thread
port> vertex ring: 8192 KB in 4 chunks (+8192 KB static-geometry cache), vertex_array_range on, multi_draw_arrays yes
port> render thread: on, overlapped (the join at the gate) (--renderthread 3); stream 16384 KB
port> render thread: the display-list decode split per drawn frame between the two threads (auto, M33) (--rtdecode 3)
port> options: Mario Party 4 PowerPC Edition 0.9.16 (M47), the effective options
port> options: machine       ok: PowerMac3,5, 2 x 1000 MHz 7450 (G4), 1536 MB RAM, ATI Radeon 9000 OpenGL Engine, 64 MB VRAM, 6 units, OS 10.5.4
port> options: disc image    /Users/zach/MarioParty4/mp4.nkit.iso
port> options: data folder   /Users/zach/Library/Application Support/MarioParty4  (card image, config, log)
port> options: log           (stdout only)
port> options: fullscreen    0  (--noconfig: not remembered)
port> options: cores         2; workers on (--threads -1); render thread mode 3 (--renderthread -1: 0 direct, 1 inline twin, 2 joined, 3 overlapped); decode on it 3 (--rtdecode; 3 = auto)
port> options: pacing        lockstep (deterministic clock); stack multiplier x2; texture budget 40 MB; resampler linear, depop on
port> options: loading       roulette prefetch on (--noprefetch); resident set 256 MB (--resident MB; the machine check's rule by the installed RAM)
port> options: every field of PortOptions (0/NULL = off or unset):
port> options:   image=/Users/zach/MarioParty4/mp4.nkit.iso  log=NULL  gxlog=0  deterministic=1  
port> options:   stub_trace=0  max_frames=20000  turbo=0  watchdog=0  verbose=0  reldir=NULL  gxdemo=0  
port> options:   reltest=0  memmap=0  guardtest=NULL  relzerobss=0  nodatareset=0  noaudio=0  glcheck=0  
port> options:   glinfo=0  seed=3838914000000000  perf=1  gxsplit=0  drawlog=0  dumptex=0  texhash_full=0  
port> options:   gxwarn=0  headless=0  dumpframe=NULL  
port> options:   shotdir=/Users/zach/m48/L-m427-@m48h,--skindecode,--drawhash,14776+14776  scale=0  
port> options:   drawlog_frame=0  nocard=0  reldlclose=0  nopad=0  pad_debug=0  kbport=0  
port> options:   pad_play=board-start-com4.play  pad_record=NULL  scenelog=NULL  ovllog=1  nanwatch=0  
port> options:   wav=NULL  mute=0  audiolog=0  rtc=1041472800  rtc_set=1  rtc_seen=1  rtc_offset=0  
port> options:   card=NULL  freshcard=1  minigame=m427  com4=1  cast=NULL  dvdheap=0  turns=1  status=1  
port> options:   stuckwatch=0  soak=0  depop=1  resample4=0  clickstat=0  dlcache=0  vcache=3  
port> options:   vcache_mb=8  vcache_fit=28  vcache_vbo=0  cardwait=0  synclog=0  noaicb=0  olddecode=0  
port> options:   perfwin=NULL  nodraw=1  ffto=14000  ffto_warm=1  snap_every=0  snap_keep=3  
port> options:   snap_dir=NULL  restore=NULL  snap_now=0  snapdiff=0  vprobe=0  cpuxf=0  vprogstats=0  
port> options:   vproglog=0  oldtev=0  tevstats=0  oldnulltev=0  tlutlog=0  oldsubmit=0  novar=0  
port> options:   batchmax=0  segrebase=0  gltrace=0  endlog=NULL  nomerge=0  nomultidraw=0  noindexed=1  
port> options:   nohilite=0  noenvbulk=0  nofixbase=0  submitstats=0  nohilitetex=0  nocopyhalf=0  
port> options:   copylog=0  noefbflip=0  oldfirsthash=0  norekey=0  dumpcopy=0  notint=0  tintlog=0  
port> options:   texdecodelog=0  threads=-1  nomixthread=0  renderthread=-1  rtsplit=0  rtgate_ms=4  
port> options:   stackmul=2  rtdecode=-1  rtauto_fit_ms=30  rtauto_max=0.75  fake_machine=NULL  
port> options:   machinecheck=0  force=0  mgdump=300,1200  mgend=1300  viewtexgen=0  nrmfrac0=0  
port> options:   vtxdivide=0  mghold=0  fullscreen=0  fullscreen_set=0  noconfig=1  print_defaults=0  
port> options:   print_keys=0  texbudget_set=0  predecode=0  predecodelog=0  regfix2dbg=0  lazyflush=0  
port> options:   premerge_max=0  cmpmask=8191  oldkonst=0  tfs=0  tfsprobe=0  tfslog=0  tfsdbg=0  
port> options:   tfsnorebind=0  tfscopycpu=0  tfssqcopy=0  tfsmtx=0  tfsforcebind=0  tfsenvreset=0  
port> options:   tfsdump=0  tfsall=0  oldspec0=0  nolitalpha=0  oldczero=0  clrasclr=0  nohoistmtx=0  
port> options:   nofastconcat=0  nostripes=0  nounitmemo=0  norotmemo=0  nopacklights=0  nofastsin=0  
port> options:   nomtxmemo=0  norotl=0  nowb=0  notexskip=0  nostripepool=0  giveitem=NULL  waterlook=1  
port> options:   pondlook=0  pondmix=0  wavegain=0  rgbcopy=0  novcposoff=1  nowaterpt=0  affinetex=0  
port> options:   halfwatch=0  presentdump=NULL  motlog=0  nolights=0  nopendlast=0  noskindecode=0  
port> options:   skinverify=0  oldvcskin=1  fullskinsig=0  noskindcbz=0  skinfree=0  oldwake=0  
port> options:   skinround=0  skinvec=0  dcbtdist=1  keytest=NULL  oldscissor=0  readbacktest=0  nodcbz=0  
port> options:   novpgen=0  notevdirty=0  noattrmemo=0  nowordhash=0  water=-1  watergrid=1  
port> options:   norastermemo=0  novcpos=0  wbpart=1  oldvtxjoin=0  rtgx=0  rtgx_fit=29  maxbatchverts=0  
port> options:   skinreadwatch=0  nocompiled=1  compiled_mode=1  nocompiledpf=0  compiled_mb=8  glists=0  
port> options:   glists_mb=8  pmc=0  nomotionexec=0  nodirtyfilter=0  nodirty=0  oldakonst=0  mdposonly=0  
port> options:   mdmax=0  nospot=0  oldfog=0  noregchain=0  nocarry=0  forceobj=NULL  forceobj_flags=0  
port> options:   skipobj=NULL  zprepass=1  probeverts=0  skipverts=0  probeobj=NULL  nolinewidth=0  
port> options:   noregfix=0  realtime=0  lockstep=1  maxskip=0  
port> options:   perfdump=/Users/zach/m48/L-m427-@m48h,--skindecode,--drawhash,14776+14776.csv  mpgl=0  
port> options:   olddecode2=0  altivec=0  nodcbt=0  olddecode3=0  decodestats=0  audiolead_set=0  
port> options:   audiolead=100  cpuskin=0  palette=0  nopalette=0  skinstats=0  palsize=0  palnoarl=0  
port> options:   palnofog=0  noskinlifetime=0  restore_lax=0  skindeferall=0  mixtrace=NULL  mixcheck=0  
port> options:   nosincos=0  snapsync=0  nomatwalk=0  nocurvememo=1  nosparsemtx=0  nofastsqrt=1  
port> options:   nodraw_user=0  noprefetch=0  resident=256  dvdlog=0  nomovies=1  thpyuv=0  gotoovl=NULL  
port> options:   board=0  boardcycle=0  boarddump=NULL  foldxbar=0  foldcap=0  thplog=0  nothpslice=0  
port> options:   thpguard_set=0  thpguard=60  
port> audio: 32000 Hz, 2 ch, 512-frame buffer, 256 KB ring (2048 ms)
port> --minigame m427: parking the roulette on m427dll (mg 427, type 2)
port> --com4: all four players are CPU; instDll will dismiss its own instruction screen (src/REL/instDll/main.c:294)
port> --nodraw: the GX command streams are consumed and nothing is drawn
port> --ffto 14000: drawing is off until frame 14000 (warm-up 1)
port> frame mode: lockstep (--lockstep)
port> entering the game's own main()

port> OSInit: MEM1 24 MB [0x3970000, 0x5170000), ARAM 16 MB, bus 162 MHz
port> OSInit: RTC pinned to 1041472800 (2003-01-02T02:00:00Z), OSGetTime origin 3838914000000000 ticks
port> DVDInit
port> VIInit
port> controls: a scripted run (--play/--record/--soak/--noconfig/--com4/--nopad): PowerPCube's controls file and gamecontrollerdb.txt are not read
port> PADInit: controller 1 = keyboard
port> PADInit: rumble not available on controller 1
port> PADInit: controllers 2-4 unplugged (reference config: CPU players)
port> pad: --play: board-start-com4.play -> /Users/zach/mp4-m48h.app/Contents/Resources/movies/board-start-com4.play
port> pad: --play board-start-com4.play: 460 directives, 0 marks
port> OSCreateHeap 0: 0x3a9c000..0x5170000 (23375 KB)
port> VIConfigure: 640x480 xfb, 640x480 efb, tv mode 0
port> GXInit: FIFO 0x3a9c00c, 1048576 bytes (the port keeps no FIFO; the write-gather writers are ordinary calls under TARGET_PC)
port> frame 1: overlay 0 (next 0) event 0
port> loader: list sound/mpgcsnd.msm 36823392 bytes in 424 ms, resident (asked at frame 0, done at 1)
port> roulette: frame 1 dealt mg 401 (m401dll, type 0)  -- overridden by --minigame
port> OSCreateThread 0x259448 func 0x41388 (the soft-reset watcher; polled once per retrace, not run on a thread)
HuMem> left memory space 2383KB(2441120)
port> ARInit: 16 MB of ARAM
port> MusyX SAL: 32000 Hz, 4 x 640-byte AI buffers (20 ms), 32-sample sub-frame
port> musyx_mix: CPU mixer up, 50 voices, 1 studios, 32000 Hz
port> MusyX SAL: mixing started
port> musyx_aram: region [0x000000, 0x800000) zero_buf [0x000000, 0x000500) sample heap starts at 0x000500
port> AI: DMA callback registered (one call per 160-sample DSP frame)
port> CARD: --freshcard with no --card: using the scratch image /Users/zach/Library/Application Support/MarioParty4/scratch-slot-a.raw
            rather than formatting the save file next to it
port> CARD: slot A = /Users/zach/Library/Application Support/MarioParty4/scratch-slot-a.raw (--freshcard: formatted, 59 free blocks)
port> workers: the game thread's FPSCR control bits are 0x00 at job 0 (NI 0, RN 0)
DLL DBG OUT
objman>Call New Ovl 1(1)
port> frame 2: overlay -1 (next 1) event 0
++++++++++++++++++++ Start New OVL 1 (EVT:0 STAT:0x00000000) ++++++++++++++++++
======== HuMem heap dump 03b9c018 ========
MCB-----+Size----+MG+FL+Prev----+Next----+UNum----+Body----+Call----
03b9c018 0000a020 a5 01 03baa1f8 03ba6038 ffffff00 03b9c038 00007b40
03ba6038 000041c0 a5 01 03b9c018 03baa1f8 ffffff00 03ba6058 0003b7d4
03baa1f8 00231e20 cd 00 03ba6038 03b9c018 00000000 03baa218 0003b7d4
MCB:3(2/1) MEM:00240000(0000e1e0/00231e20)
======== HuMem heap dump 03b9c018 end =====
======== HuMem heap dump 03f1c030 ========
MCB-----+Size----+MG+FL+Prev----+Next----+UNum----+Body----+Call----
03f1c030 00a80000 cd 00 03f1c030 03f1c030 ffffff00 03f1c050 cdcdcdcd
MCB:1(0/1) MEM:00a80000(00000000/00a80000)
======== HuMem heap dump 03f1c030 end =====
======== HuMem heap dump 0499c03c ========
MCB-----+Size----+MG+FL+Prev----+Next----+UNum----+Body----+Call----
0499c03c 00580000 cd 00 0499c03c 0499c03c ffffff00 0499c05c cdcdcdcd
MCB:1(0/1) MEM:00580000(00000000/00580000)
======== HuMem heap dump 0499c03c end =====
objman>Used Memory Size:0000e1e0
objman>Used Memory Cnt:2
objman>Init esp
objman>Call objectsetup
DLLStart 1 0
Search:dll/bootdll.rel
objdll>Link DLL:dll/bootdll.rel
Rest Memory 580000
port> REL bundles: 99 in /Users/zach/mp4-m48h.app/Contents/MacOS/rels
===== DLL Module Info dump ====
                   ID:0x00000001
             LinkPrev:0x00000000
             LinkNext:0x00000000
          Section num:14
Section info tbl ofst:0x00000048
           nameOffset:0x00000000
             nameSize:47
              version:0x00000002
===============================
==== DLL Module Header dump ====
          bss Size:0x0000005c
        rel Offset:0x00005c9d
        imp Offset:0x00007a4d
    prolog Section:1
    epilog Section:1
unresolved Section:0
       prolog func:0x00000000
       epilog func:0x00000054
   unresolved func:0x00000000
================================
objdll>LinkOK 03baa578 30100000
objdll> dll/bootdll.rel prolog start
******* Boot ObjectSetup *********
objman>InitObjMan start
objman>InitObjMan end
objdll> dll/bootdll.rel prolog end
objman>ObjectSetup end
port> frame 3: overlay 1 (next -1) event 0
DLL DBG OUT
Rest Memory 57d540
ARAM Trans 808000
Rest Memory 55d020
ARAM Trans 80aaa0
Rest Memory 506400
ARAM Trans 82da60
Rest Memory 564f40
ARAM Trans 8a7640
Rest Memory 5395a0
data num 74000b
port> dvdheap: 3733270 bytes mode 1 num 10000000  caller 0x10224  caller2 0xddc8
Rest Memory 1f08c0
port> status f60      bootdll      board 0 turn 0/1  mg 427 (m427dll)  coins/stars 0/0c 0/0c 0/0c 0/0c  aud 0.01 ms  0.0 fps
port> status f120     bootdll      board 0 turn 0/1  mg 427 (m427dll)  coins/stars 0/0c 0/0c 0/0c 0/0c  aud 0.01 ms  1656.5 fps
port> status f180     bootdll      board 0 turn 0/1  mg 427 (m427dll)  coins/stars 0/0c 0/0c 0/0c 0/0c  aud 0.01 ms  1795.3 fps
port> status f240     bootdll      board 0 turn 0/1  mg 427 (m427dll)  coins/stars 0/0c 0/0c 0/0c 0/0c  aud 0.01 ms  2103.4 fps
port> status f300     bootdll      board 0 turn 0/1  mg 427 (m427dll)  coins/stars 0/0c 0/0c 0/0c 0/0c  aud 0.00 ms  1761.6 fps
port> status f360     bootdll      board 0 turn 0/1  mg 427 (m427dll)  coins/stars 0/0c 0/0c 0/0c 0/0c  aud 0.01 ms  1033.3 fps
port> status f420     bootdll      board 0 turn 0/1  mg 427 (m427dll)  coins/stars 0/0c 0/0c 0/0c 0/0c  aud 0.01 ms  3964.2 fps
port> status f480     bootdll      board 0 turn 0/1  mg 427 (m427dll)  coins/stars 0/0c 0/0c 0/0c 0/0c  aud 0.01 ms  3892.2 fps
port> status f540     bootdll      board 0 turn 0/1  mg 427 (m427dll)  coins/stars 0/0c 0/0c 0/0c 0/0c  aud 0.01 ms  3245.5 fps
0
GroupSet 0
***********GroupSet Error 0
port> status f600     bootdll      board 0 turn 0/1  mg 427 (m427dll)  coins/stars 0/0c 0/0c 0/0c 0/0c  aud 0.01 ms  2466.5 fps
port> THP: movie/opmov_a00.thp skipped (--nomovies)
port> HuSprBegin: group 3 slot 0 names sprite 7, which is not a live sprite (data 0x0, attr 0010, data NULL) -- dropped [1/32]
port> HuSprBegin: audit: group 4 slot 0 sprite 8 bg 0x42764d0 fails counts -- drawn anyway [1/32]
port> HuSprBegin: audit: group 4 slot 0 sprite 8 bg 0x42764d0 fails counts -- drawn anyway [2/32]
port> HuSprBegin: audit: group 4 slot 0 sprite 8 bg 0x42764d0 fails counts -- drawn anyway [3/32]
port> HuSprBegin: audit: group 4 slot 0 sprite 8 bg 0x42764d0 fails counts -- drawn anyway [4/32]
port> HuSprBegin: audit: group 4 slot 0 sprite 8 bg 0x42764d0 fails counts -- drawn anyway [5/32]
port> HuSprBegin: audit: group 4 slot 0 sprite 8 bg 0x42764d0 fails counts -- drawn anyway [6/32]
port> HuSprBegin: audit: group 4 slot 0 sprite 8 bg 0x42764d0 fails counts -- drawn anyway [7/32]
port> HuSprBegin: audit: group 4 slot 0 sprite 8 bg 0x42764d0 fails counts -- drawn anyway [8/32]
port> HuSprBegin: audit: group 4 slot 0 sprite 8 bg 0x42764d0 fails counts -- drawn anyway [9/32]
port> HuSprBegin: audit: group 4 slot 0 sprite 8 bg 0x42764d0 fails counts -- drawn anyway [10/32]
port> HuSprBegin: audit: group 4 slot 0 sprite 8 bg 0x42764d0 fails counts -- drawn anyway [11/32]
port> HuSprBegin: audit: group 4 slot 0 sprite 8 bg 0x42764d0 fails counts -- drawn anyway [12/32]
port> HuSprBegin: audit: group 4 slot 0 sprite 8 bg 0x42764d0 fails counts -- drawn anyway [13/32]
port> HuSprBegin: audit: group 4 slot 0 sprite 8 bg 0x42764d0 fails counts -- drawn anyway [14/32]
port> HuSprBegin: audit: group 4 slot 0 sprite 8 bg 0x42764d0 fails counts -- drawn anyway [15/32]
port> HuSprBegin: audit: group 4 slot 0 sprite 8 bg 0x42764d0 fails counts -- drawn anyway [16/32]
port> HuSprBegin: audit: group 4 slot 0 sprite 8 bg 0x42764d0 fails counts -- drawn anyway [17/32]
port> HuSprBegin: audit: group 4 slot 0 sprite 8 bg 0x42764d0 fails counts -- drawn anyway [18/32]
port> HuSprBegin: audit: group 4 slot 0 sprite 8 bg 0x42764d0 fails counts -- drawn anyway [19/32]
port> HuSprBegin: audit: group 4 slot 0 sprite 8 bg 0x42764d0 fails counts -- drawn anyway [20/32]
port> HuSprBegin: audit: group 4 slot 0 sprite 8 bg 0x42764d0 fails counts -- drawn anyway [21/32]
port> HuSprBegin: audit: group 4 slot 0 sprite 8 bg 0x42764d0 fails counts -- drawn anyway [22/32]
port> HuSprBegin: audit: group 4 slot 0 sprite 8 bg 0x42764d0 fails counts -- drawn anyway [23/32]
port> HuSprBegin: audit: group 4 slot 0 sprite 8 bg 0x42764d0 fails counts -- drawn anyway [24/32]
port> HuSprBegin: audit: group 4 slot 0 sprite 8 bg 0x42764d0 fails counts -- drawn anyway [25/32]
port> HuSprBegin: audit: group 4 slot 0 sprite 8 bg 0x42764d0 fails counts -- drawn anyway [26/32]
port> HuSprBegin: audit: group 4 slot 0 sprite 8 bg 0x42764d0 fails counts -- drawn anyway [27/32]
port> HuSprBegin: audit: group 4 slot 0 sprite 8 bg 0x42764d0 fails counts -- drawn anyway [28/32]
port> HuSprBegin: audit: group 4 slot 0 sprite 8 bg 0x42764d0 fails counts -- drawn anyway [29/32]
port> HuSprBegin: audit: group 4 slot 0 sprite 8 bg 0x42764d0 fails counts -- drawn anyway [30/32]
port> HuSprBegin: audit: group 4 slot 0 sprite 8 bg 0x42764d0 fails counts -- drawn anyway [31/32]
port> HuSprBegin: audit: group 4 slot 0 sprite 8 bg 0x42764d0 fails counts -- drawn anyway [32/32]
port> status f660     bootdll      board 0 turn 0/1  mg 427 (m427dll)  coins/stars 0/0c 0/0c 0/0c 0/0c  aud 0.01 ms  2878.4 fps
port> status f720     bootdll      board 0 turn 0/1  mg 427 (m427dll)  coins/stars 0/0c 0/0c 0/0c 0/0c  aud 0.01 ms  4025.4 fps
>>>>>>>>MSM_SE_SEL_01 0
>>>>>>>>SE Num 0
port> audio: first non-silent sample at retrace 726 (12.03 s of mixed audio)
port> status f780     bootdll      board 0 turn 0/1  mg 427 (m427dll)  coins/stars 0/0c 0/0c 0/0c 0/0c  aud 0.04 ms  1084.0 fps
port> status f840     bootdll      board 0 turn 0/1  mg 427 (m427dll)  coins/stars 0/0c 0/0c 0/0c 0/0c  aud 0.04 ms  1058.0 fps
objman>Call New Ovl 74(1)
OvlKill 1
objdll>omDLLNumEnd 1 1
Search:dll/bootdll.rel
+++++++++++ Find0: dll/bootdll.rel
objdll>omDLLEnd 0 1
objdll>End DLL:dll/bootdll.rel
odjdll>Unlink DLL:dll/bootdll.rel
objdll>Unlink DLL epilog
objdll>Unlink DLL epilog finish
objdll>End DLL finish
port> frame 877: overlay -1 (next 74) event 0
objman>Destory ObjMan
++++++++++++++++++++ Start New OVL 74 (EVT:0 STAT:0x00000000) ++++++++++++++++++
======== HuMem heap dump 03b9c018 ========
MCB-----+Size----+MG+FL+Prev----+Next----+UNum----+Body----+Call----
03b9c018 0000a020 a5 01 03bc21d8 03ba6038 ffffff00 03b9c038 00007b40
03ba6038 000041c0 a5 01 03b9c018 03baa1f8 ffffff00 03ba6058 0003b7d4
03baa1f8 00017640 cd 00 03ba6038 03bc1838 ffffff00 03baa218 0003c108
03bc1838 00000100 a5 01 03baa1f8 03bc1938 ffffff00 03bc1858 00036858
03bc1938 00000400 a5 01 03bc1838 03bc1d38 ffffff00 03bc1958 000368a8
03bc1d38 00000400 a5 01 03bc1938 03bc2138 ffffff00 03bc1d58 000368f4
03bc2138 00000060 a5 01 03bc1d38 03bc2198 ffffff00 03bc2158 00036940
03bc2198 00000040 a5 01 03bc2138 03bc21d8 ffffff00 03bc21b8 0003698c
03bc21d8 00219e40 cd 00 03bc2198 03b9c018 ffffff00 03bc21f8 0003c108
MCB:9(7/2) MEM:00240000(0000eb80/00231480)
======== HuMem heap dump 03b9c018 end =====
======== HuMem heap dump 03f1c030 ========
MCB-----+Size----+MG+FL+Prev----+Next----+UNum----+Body----+Call----
03f1c030 00a80000 cd 00 03f1c030 03f1c030 ffffff00 03f1c050 0003f2e0
MCB:1(0/1) MEM:00a80000(00000000/00a80000)
======== HuMem heap dump 03f1c030 end =====
======== HuMem heap dump 0499c03c ========
MCB-----+Size----+MG+FL+Prev----+Next----+UNum----+Body----+Call----
0499c03c 00580000 cd 00 0499c03c 0499c03c 10000000 0499c05c 0000f190
MCB:1(0/1) MEM:00580000(00000000/00580000)
======== HuMem heap dump 0499c03c end =====
objman>Used Memory Size:0000eb80
objman>Used Memory Cnt:7
objman>Init esp
objman>Call objectsetup
############CharGrpSet
Del Group OK
SOUND ##########################
500
Timed Out! Mus 0:SE 1
GroupSet 0
***********GroupSet Error 0
Change AUX 0,1
##########################
DLLStart 74 0
Search:dll/modeseldll.rel
objdll>Link DLL:dll/modeseldll.rel
Rest Memory 580000
===== DLL Module Info dump ====
                   ID:0x00000001
             LinkPrev:0x00000000
             LinkNext:0x00000000
          Section num:15
Section info tbl ofst:0x00000048
           nameOffset:0x00000000
             nameSize:53
              version:0x00000002
===============================
==== DLL Module Header dump ====
          bss Size:0x000001ca
        rel Offset:0x0000d154
        imp Offset:0x0001664c
    prolog Section:1
    epilog Section:1
unresolved Section:0
       prolog func:0x00000000
       epilog func:0x00000054
   unresolved func:0x00000000
================================
objdll>LinkOK 03baa578 34700000
objdll> dll/modeseldll.rel prolog start
******* MS ObjectSetup *********
objman>InitObjMan start
objman>InitObjMan end
Rest Memory 5395a0
objdll> dll/modeseldll.rel prolog end
objman>ObjectSetup end
port> frame 879: overlay 74 (next -1) event 0
DLL DBG OUT
data num 630000
port> dvdheap: 1303268 bytes mode 1 num 10000000  caller 0x10224  caller2 0xddc8
Rest Memory 441ce0
port> status f900     modeseldll   board 0 turn 0/1  mg 427 (m427dll)  coins/stars 0/0c 0/0c 0/0c 0/0c  aud 0.09 ms  436.6 fps
port> status f960     modeseldll   board 0 turn 0/1  mg 427 (m427dll)  coins/stars 0/0c 0/0c 0/0c 0/0c  aud 0.13 ms  952.9 fps
port> status f1020    modeseldll   board 0 turn 0/1  mg 427 (m427dll)  coins/stars 0/0c 0/0c 0/0c 0/0c  aud 0.19 ms  700.7 fps
port> status f1080    modeseldll   board 0 turn 0/1  mg 427 (m427dll)  coins/stars 0/0c 0/0c 0/0c 0/0c  aud 0.20 ms  672.7 fps
port> status f1140    modeseldll   board 0 turn 0/1  mg 427 (m427dll)  coins/stars 0/0c 0/0c 0/0c 0/0c  aud 0.22 ms  625.2 fps
port> status f1200    modeseldll   board 0 turn 0/1  mg 427 (m427dll)  coins/stars 0/0c 0/0c 0/0c 0/0c  aud 0.22 ms  619.7 fps
Init
port> status f1260    modeseldll   board 0 turn 0/1  mg 427 (m427dll)  coins/stars 0/0c 0/0c 0/0c 0/0c  aud 0.20 ms  635.8 fps
ARAM data num 86001f
port> status f1320    modeseldll   board 0 turn 0/1  mg 427 (m427dll)  coins/stars 0/0c 0/0c 0/0c 0/0c  aud 0.32 ms  457.2 fps
port> CARD: created "MARIPA4BOX0", 16384 bytes (2 blocks)
port> status f1380    modeseldll   board 0 turn 0/1  mg 427 (m427dll)  coins/stars 0/0c 0/0c 0/0c 0/0c  aud 0.24 ms  548.3 fps
port> THP: movie/opmov_s00.thp skipped (--nomovies)
port> HuSprBegin: group 1 slot 0 names sprite 12, which is not a live sprite (data 0x0, attr 0010, data NULL) -- dropped [2/32]
port> status f1440    modeseldll   board 0 turn 0/1  mg 427 (m427dll)  coins/stars 0/0c 0/0c 0/0c 0/0c  aud 0.19 ms  678.1 fps
port> status f1500    modeseldll   board 0 turn 0/1  mg 427 (m427dll)  coins/stars 0/0c 0/0c 0/0c 0/0c  aud 0.24 ms  570.2 fps
port> status f1560    modeseldll   board 0 turn 0/1  mg 427 (m427dll)  coins/stars 0/0c 0/0c 0/0c 0/0c  aud 0.19 ms  685.4 fps
port> status f1620    modeseldll   board 0 turn 0/1  mg 427 (m427dll)  coins/stars 0/0c 0/0c 0/0c 0/0c  aud 0.25 ms  536.6 fps
port> status f1680    modeseldll   board 0 turn 0/1  mg 427 (m427dll)  coins/stars 0/0c 0/0c 0/0c 0/0c  aud 0.22 ms  592.6 fps
port> status f1740    modeseldll   board 0 turn 0/1  mg 427 (m427dll)  coins/stars 0/0c 0/0c 0/0c 0/0c  aud 0.23 ms  537.7 fps
port> THP: movie/opmov_c00.thp skipped (--nomovies)
port> HuSprBegin: group 2 slot 0 names sprite 14, which is not a live sprite (data 0x0, attr 0010, data NULL) -- dropped [3/32]
port> status f1800    modeseldll   board 0 turn 0/1  mg 427 (m427dll)  coins/stars 0/0c 0/0c 0/0c 0/0c  aud 0.20 ms  604.7 fps
port> status f1860    modeseldll   board 0 turn 0/1  mg 427 (m427dll)  coins/stars 0/0c 0/0c 0/0c 0/0c  aud 0.01 ms  1170.9 fps
port> status f1920    modeseldll   board 0 turn 0/1  mg 427 (m427dll)  coins/stars 0/0c 0/0c 0/0c 0/0c  aud 0.01 ms  1175.5 fps
objman>Call New Ovl 70(1)
OvlKill 1
objdll>omDLLNumEnd 74 1
Search:dll/modeseldll.rel
+++++++++++ Find0: dll/modeseldll.rel
objdll>omDLLEnd 0 1
objdll>End DLL:dll/modeseldll.rel
odjdll>Unlink DLL:dll/modeseldll.rel
objdll>Unlink DLL epilog
objdll>Unlink DLL epilog finish
objdll>End DLL finish
port> frame 1960: overlay -1 (next 70) event 0
objman>Destory ObjMan
++++++++++++++++++++ Start New OVL 70 (EVT:0 STAT:0x00000000) ++++++++++++++++++
======== HuMem heap dump 03b9c018 ========
MCB-----+Size----+MG+FL+Prev----+Next----+UNum----+Body----+Call----
03b9c018 0000a020 a5 01 03bc21d8 03ba6038 ffffff00 03b9c038 00007b40
03ba6038 000041c0 a5 01 03b9c018 03baa1f8 ffffff00 03ba6058 0003b7d4
03baa1f8 00017640 cd 00 03ba6038 03bc1838 ffffff00 03baa218 00037a18
03bc1838 00000100 a5 01 03baa1f8 03bc1938 ffffff00 03bc1858 00036858
03bc1938 00000400 a5 01 03bc1838 03bc1d38 ffffff00 03bc1958 000368a8
03bc1d38 00000400 a5 01 03bc1938 03bc2138 ffffff00 03bc1d58 000368f4
03bc2138 00000060 a5 01 03bc1d38 03bc2198 ffffff00 03bc2158 00036940
03bc2198 00000040 a5 01 03bc2138 03bc21d8 ffffff00 03bc21b8 0003698c
03bc21d8 00219e40 cd 00 03bc2198 03b9c018 ffffff00 03bc21f8 0003c108
MCB:9(7/2) MEM:00240000(0000eb80/00231480)
======== HuMem heap dump 03b9c018 end =====
======== HuMem heap dump 03f1c030 ========
MCB-----+Size----+MG+FL+Prev----+Next----+UNum----+Body----+Call----
03f1c030 00a80000 cd 00 03f1c030 03f1c030 ffffff00 03f1c050 000384c4
MCB:1(0/1) MEM:00a80000(00000000/00a80000)
======== HuMem heap dump 03f1c030 end =====
======== HuMem heap dump 0499c03c ========
MCB-----+Size----+MG+FL+Prev----+Next----+UNum----+Body----+Call----
0499c03c 00580000 cd 00 0499c03c 0499c03c 10000000 0499c05c 0000f190
MCB:1(0/1) MEM:00580000(00000000/00580000)
======== HuMem heap dump 0499c03c end =====
objman>Used Memory Size:0000eb80
objman>Used Memory Cnt:7
objman>Init esp
objman>Call objectsetup
DLLStart 70 0
Search:dll/mentdll.rel
objdll>Link DLL:dll/mentdll.rel
Rest Memory 580000
===== DLL Module Info dump ====
                   ID:0x00000001
             LinkPrev:0x00000000
             LinkNext:0x00000000
          Section num:15
Section info tbl ofst:0x00000048
           nameOffset:0x00000000
             nameSize:47
              version:0x00000002
===============================
==== DLL Module Header dump ====
          bss Size:0x000036c4
        rel Offset:0x000246f8
        imp Offset:0x00036a90
    prolog Section:1
    epilog Section:1
unresolved Section:0
       prolog func:0x000000a4
       epilog func:0x000000f8
   unresolved func:0x00000000
================================
objdll>LinkOK 03bc21f8 34300000
objdll> dll/mentdll.rel prolog start
objman>InitObjMan start
objman>InitObjMan end
Rest Memory 5395a0
0
GroupSet 7
***********GroupSet Error 0
objdll> dll/mentdll.rel prolog end
objman>ObjectSetup end
port> frame 1961: overlay 70 (next -1) event 0
DLL DBG OUT
data num 600008
port> dvdheap: 4008196 bytes mode 1 num 10000000  caller 0x10224  caller2 0xddc8
Rest Memory 1ad6c0
ARAM data num 120006
port> status f1980    mentdll      board 0 turn 0/1  mg 427 (m427dll)  coins/stars 0/0c 0/0c 0/0c 0/0c  aud 0.01 ms  279.2 fps
port> CARD: image flush took 2598 ms behind the game (open 7, write 8, rename 2583; frame 1)
port> CARD: image flush took 1068 ms behind the game (open 1061, write 7, rename 1; frame 1975)
########### ME_MainProcFunc000
port> status f2040    mentdll      board 0 turn 0/1  mg 427 (m427dll)  coins/stars 0/0c 0/0c 0/0c 0/0c  aud 0.01 ms  365.3 fps
port> status f2100    mentdll      board 0 turn 0/1  mg 427 (m427dll)  coins/stars 0/0c 0/0c 0/0c 0/0c  aud 0.05 ms  343.0 fps
port> status f2160    mentdll      board 0 turn 0/1  mg 427 (m427dll)  coins/stars 0/0c 0/0c 0/0c 0/0c  aud 0.05 ms  248.8 fps
port> status f2220    mentdll      board 0 turn 0/1  mg 427 (m427dll)  coins/stars 0/0c 0/0c 0/0c 0/0c  aud 0.05 ms  258.0 fps
port> status f2280    mentdll      board 0 turn 0/1  mg 427 (m427dll)  coins/stars 0/0c 0/0c 0/0c 0/0c  aud 0.05 ms  232.9 fps
port> status f2340    mentdll      board 0 turn 0/1  mg 427 (m427dll)  coins/stars 0/0c 0/0c 0/0c 0/0c  aud 0.05 ms  289.4 fps
port> status f2400    mentdll      board 0 turn 0/1  mg 427 (m427dll)  coins/stars 0/0c 0/0c 0/0c 0/0c  aud 0.05 ms  320.6 fps
port> status f2460    mentdll      board 0 turn 0/1  mg 427 (m427dll)  coins/stars 0/0c 0/0c 0/0c 0/0c  aud 0.12 ms  295.3 fps
port> status f2520    mentdll      board 0 turn 0/1  mg 427 (m427dll)  coins/stars 0/0c 0/0c 0/0c 0/0c  aud 0.37 ms  270.1 fps
port> status f2580    mentdll      board 0 turn 0/1  mg 427 (m427dll)  coins/stars 0/0c 0/0c 0/0c 0/0c  aud 0.27 ms  292.3 fps
port> status f2640    mentdll      board 0 turn 0/1  mg 427 (m427dll)  coins/stars 0/0c 0/0c 0/0c 0/0c  aud 0.37 ms  271.0 fps
port> status f2700    mentdll      board 0 turn 0/1  mg 427 (m427dll)  coins/stars 0/0c 0/0c 0/0c 0/0c  aud 0.14 ms  272.4 fps
port> status f2760    mentdll      board 0 turn 0/1  mg 427 (m427dll)  coins/stars 0/0c 0/0c 0/0c 0/0c  aud 0.29 ms  257.4 fps
port> status f2820    mentdll      board 0 turn 0/1  mg 427 (m427dll)  coins/stars 0/0c 0/0c 0/0c 0/0c  aud 0.17 ms  265.1 fps
port> status f2880    mentdll      board 0 turn 0/1  mg 427 (m427dll)  coins/stars 0/0c 0/0c 0/0c 0/0c  aud 0.20 ms  298.5 fps
port> status f2940    mentdll      board 0 turn 0/1  mg 427 (m427dll)  coins/stars 0/0c 0/0c 0/0c 0/0c  aud 0.18 ms  285.7 fps
port> status f3000    mentdll      board 0 turn 0/1  mg 427 (m427dll)  coins/stars 0/0c 0/0c 0/0c 0/0c  aud 0.31 ms  282.3 fps
port> status f3060    mentdll      board 0 turn 0/1  mg 427 (m427dll)  coins/stars 0/0c 0/0c 0/0c 0/0c  aud 0.33 ms  259.5 fps
port> status f3120    mentdll      board 0 turn 0/1  mg 427 (m427dll)  coins/stars 0/0c 0/0c 0/0c 0/0c  aud 0.25 ms  275.0 fps
port> status f3180    mentdll      board 0 turn 0/1  mg 427 (m427dll)  coins/stars 0/0c 0/0c 0/0c 0/0c  aud 0.30 ms  257.9 fps
port> status f3240    mentdll      board 0 turn 0/1  mg 427 (m427dll)  coins/stars 0/0c 0/0c 0/0c 0/0c  aud 0.29 ms  251.3 fps
port> status f3300    mentdll      board 0 turn 0/1  mg 427 (m427dll)  coins/stars 0/0c 0/0c 0/0c 0/0c  aud 0.34 ms  241.9 fps
port> status f3360    mentdll      board 0 turn 0/1  mg 427 (m427dll)  coins/stars 0/0c 0/0c 0/0c 0/0c  aud 0.19 ms  256.4 fps
port> status f3420    mentdll      board 0 turn 0/1  mg 427 (m427dll)  coins/stars 0/0c 0/0c 0/0c 0/0c  aud 0.32 ms  247.5 fps
port> status f3480    mentdll      board 0 turn 0/1  mg 427 (m427dll)  coins/stars 0/0c 0/0c 0/0c 0/0c  aud 0.37 ms  241.5 fps
port> status f3540    mentdll      board 0 turn 0/1  mg 427 (m427dll)  coins/stars 0/0c 0/0c 0/0c 0/0c  aud 0.29 ms  258.1 fps
port> status f3600    mentdll      board 0 turn 0/1  mg 427 (m427dll)  coins/stars 0/0c 0/0c 0/0c 0/0c  aud 0.25 ms  290.0 fps
port> status f3660    mentdll      board 0 turn 0/1  mg 427 (m427dll)  coins/stars 0/0c 0/0c 0/0c 0/0c  aud 0.18 ms  306.3 fps
port> status f3720    mentdll      board 0 turn 0/1  mg 427 (m427dll)  coins/stars 0/0c 0/0c 0/0c 0/0c  aud 0.30 ms  261.9 fps
port> status f3780    mentdll      board 0 turn 0/1  mg 427 (m427dll)  coins/stars 0/0c 0/0c 0/0c 0/0c  aud 0.29 ms  245.1 fps
port> status f3840    mentdll      board 0 turn 0/1  mg 427 (m427dll)  coins/stars 0/0c 0/0c 0/0c 0/0c  aud 0.36 ms  270.8 fps
port> status f3900    mentdll      board 0 turn 0/1  mg 427 (m427dll)  coins/stars 0/0c 0/0c 0/0c 0/0c  aud 0.22 ms  291.4 fps
port> status f3960    mentdll      board 0 turn 0/1  mg 427 (m427dll)  coins/stars 0/0c 0/0c 0/0c 0/0c  aud 0.23 ms  296.5 fps
port> status f4020    mentdll      board 0 turn 0/1  mg 427 (m427dll)  coins/stars 0/0c 0/0c 0/0c 0/0c  aud 0.23 ms  289.6 fps
port> status f4080    mentdll      board 0 turn 0/1  mg 427 (m427dll)  coins/stars 0/0c 0/0c 0/0c 0/0c  aud 0.14 ms  306.7 fps
port> status f4140    mentdll      board 0 turn 0/1  mg 427 (m427dll)  coins/stars 0/0c 0/0c 0/0c 0/0c  aud 0.18 ms  289.5 fps
port> status f4200    mentdll      board 0 turn 0/1  mg 427 (m427dll)  coins/stars 0/0c 0/0c 0/0c 0/0c  aud 0.26 ms  279.6 fps
port> status f4260    mentdll      board 0 turn 0/1  mg 427 (m427dll)  coins/stars 0/0c 0/0c 0/0c 0/0c  aud 0.35 ms  247.5 fps
port> status f4320    mentdll      board 0 turn 0/1  mg 427 (m427dll)  coins/stars 0/0c 0/0c 0/0c 0/0c  aud 0.25 ms  250.4 fps
port> status f4380    mentdll      board 0 turn 0/1  mg 427 (m427dll)  coins/stars 0/0c 0/0c 0/0c 0/0c  aud 0.30 ms  252.9 fps
port> status f4440    mentdll      board 0 turn 0/1  mg 427 (m427dll)  coins/stars 0/0c 0/0c 0/0c 0/0c  aud 0.29 ms  257.8 fps
port> status f4500    mentdll      board 0 turn 0/1  mg 427 (m427dll)  coins/stars 0/0c 0/0c 0/0c 0/0c  aud 0.37 ms  241.6 fps
port> status f4560    mentdll      board 0 turn 0/1  mg 427 (m427dll)  coins/stars 0/0c 0/0c 0/0c 0/0c  aud 0.22 ms  254.3 fps
port> status f4620    mentdll      board 0 turn 0/1  mg 427 (m427dll)  coins/stars 0/0c 0/0c 0/0c 0/0c  aud 0.29 ms  258.6 fps
port> status f4680    mentdll      board 0 turn 0/1  mg 427 (m427dll)  coins/stars 0/0c 0/0c 0/0c 0/0c  aud 0.37 ms  260.0 fps
port> status f4740    mentdll      board 0 turn 1/1  mg 427 (m427dll)  coins/stars 0/0c 0/0c 0/0c 0/0c  aud 0.32 ms  284.5 fps
port> dvdheap: 1615946 bytes mode 0 num 0  caller 0xe4a0  caller2 0x34303aa0
Rest Memory 3f5780
port> dvdheap: 1438648 bytes mode 0 num 0  caller 0xe4a0  caller2 0x34303b68
Rest Memory 420c20
port> status f4800    mentdll      board 0 turn 1/1  mg 427 (m427dll)  coins/stars 0/0c 0/0c 0/0c 0/0c  aud 0.23 ms  311.1 fps
port> status f4860    mentdll      board 0 turn 1/1  mg 427 (m427dll)  coins/stars 0/0c 0/0c 0/0c 0/0c  aud 0.20 ms  329.0 fps
port> status f4920    mentdll      board 0 turn 1/1  mg 427 (m427dll)  coins/stars 0/0c 0/0c 0/0c 0/0c  aud 0.26 ms  332.1 fps
port> status f4980    mentdll      board 0 turn 1/1  mg 427 (m427dll)  coins/stars 0/0c 0/0c 0/0c 0/0c  aud 0.35 ms  319.0 fps
port> status f5040    mentdll      board 0 turn 1/1  mg 427 (m427dll)  coins/stars 0/0c 0/0c 0/0c 0/0c  aud 0.35 ms  320.4 fps
port> status f5100    mentdll      board 0 turn 1/1  mg 427 (m427dll)  coins/stars 0/0c 0/0c 0/0c 0/0c  aud 0.21 ms  326.9 fps
port> dvdheap: 1301598 bytes mode 0 num 0  caller 0x1018c  caller2 0xe1ec
Rest Memory 2e2fa0
ARAM Trans a4cf40
port> dvdheap: 1336948 bytes mode 0 num 0  caller 0x1018c  caller2 0xe1ec
Rest Memory 2da580
ARAM Trans b8aba0
port> dvdheap: 1260022 bytes mode 0 num 0  caller 0x1018c  caller2 0xe1ec
Rest Memory 2ed200
ARAM Trans cd1220
port> dvdheap: 1413496 bytes mode 0 num 0  caller 0x1018c  caller2 0xe1ec
Rest Memory 2c7a80
ARAM Trans e04c20
objman>Call New Ovl 89(1)
OvlKill 1
objdll>omDLLNumEnd 70 1
Search:dll/mentdll.rel
+++++++++++ Find0: dll/mentdll.rel
objdll>omDLLEnd 0 1
objdll>End DLL:dll/mentdll.rel
odjdll>Unlink DLL:dll/mentdll.rel
objdll>Unlink DLL epilog
objdll>Unlink DLL epilog finish
objdll>End DLL finish
port> frame 5101: overlay -1 (next 89) event 0
objman>Destory ObjMan
++++++++++++++++++++ Start New OVL 89 (EVT:0 STAT:0x00000000) ++++++++++++++++++
======== HuMem heap dump 03b9c018 ========
MCB-----+Size----+MG+FL+Prev----+Next----+UNum----+Body----+Call----
03b9c018 0000a020 a5 01 03c8f178 03ba6038 ffffff00 03b9c038 00007b40
03ba6038 000041c0 a5 01 03b9c018 03baa1f8 ffffff00 03ba6058 0003b7d4
03baa1f8 00016c80 cd 00 03ba6038 03bc0e78 ffffff00 03baa218 0003c108
03bc0e78 00000260 a5 01 03baa1f8 03bc10d8 ffffff00 03bc0e98 00008354
03bc10d8 00000260 a5 01 03bc0e78 03bc1338 ffffff00 03bc10f8 00008354
03bc1338 000002c0 a5 01 03bc10d8 03bc15f8 ffffff00 03bc1358 00008354
03bc15f8 00000240 cd 00 03bc1338 03bc1838 10000000 03bc1618 000384a4
03bc1838 00000100 a5 01 03bc15f8 03bc1938 ffffff00 03bc1858 00036858
03bc1938 00000400 a5 01 03bc1838 03bc1d38 ffffff00 03bc1958 000368a8
03bc1d38 00000400 a5 01 03bc1938 03bc2138 ffffff00 03bc1d58 000368f4
03bc2138 00000060 a5 01 03bc1d38 03bc2198 ffffff00 03bc2158 00036940
03bc2198 00000040 a5 01 03bc2138 03bc21d8 ffffff00 03bc21b8 0003698c
03bc21d8 000befc0 cd 00 03bc2198 03c81198 ffffff00 03bc21f8 0003c108
03c81198 00002100 a5 01 03bc21d8 03c83298 ffffff00 03c811b8 00008354
03c83298 00000f80 a5 01 03c81198 03c84218 ffffff00 03c832b8 00008354
03c84218 000041c0 a5 01 03c83298 03c883d8 ffffff00 03c84238 00008354
03c883d8 000041c0 a5 01 03c84218 03c8c598 ffffff00 03c883f8 00008354
03c8c598 00002be0 a5 01 03c883d8 03c8f178 ffffff00 03c8c5b8 00008354
03c8f178 0014cea0 cd 00 03c8c598 03b9c018 ffffff00 03c8f198 0003c108
MCB:19(15/4) MEM:00240000(0001d2e0/00222d20)
======== HuMem heap dump 03b9c018 end =====
======== HuMem heap dump 03f1c030 ========
MCB-----+Size----+MG+FL+Prev----+Next----+UNum----+Body----+Call----
03f1c030 00a80000 cd 00 03f1c030 03f1c030 ffffff00 03f1c050 0003f2e0
MCB:1(0/1) MEM:00a80000(00000000/00a80000)
======== HuMem heap dump 03f1c030 end =====
======== HuMem heap dump 0499c03c ========
MCB-----+Size----+MG+FL+Prev----+Next----+UNum----+Body----+Call----
0499c03c 0015f3e0 a5 01 04afb41c 04afb41c ffffff00 0499c05c 0000fd98
04afb41c 00420c20 cd 00 0499c03c 0499c03c ffffff00 04afb43c 0000f190
MCB:2(1/1) MEM:00580000(0015f3e0/00420c20)
======== HuMem heap dump 0499c03c end =====
objman>Used Memory Size:0001d2e0
objman>Used Memory Cnt:15
objman>Init esp
objman>Call objectsetup
SOUND ##########################
0
GroupSet 9
***********GroupSet Error 0
##########################
DLLStart 89 0
Search:dll/w01dll.rel
objdll>Link DLL:dll/w01dll.rel
Rest Memory 420c20
===== DLL Module Info dump ====
                   ID:0x00000001
             LinkPrev:0x00000000
             LinkNext:0x00000000
          Section num:16
Section info tbl ofst:0x00000048
           nameOffset:0x00000000
             nameSize:45
              version:0x00000002
===============================
==== DLL Module Header dump ====
          bss Size:0x0000081c
        rel Offset:0x00012e34
        imp Offset:0x0001f174
    prolog Section:1
    epilog Section:1
unresolved Section:0
       prolog func:0x00000030
       epilog func:0x00000094
   unresolved func:0x00000000
================================
objdll>LinkOK 03bc21f8 35600000
objdll> dll/w01dll.rel prolog start
objman>InitObjMan start
objman>InitObjMan end
objdll> dll/w01dll.rel prolog end
objman>ObjectSetup end
port> frame 5102: overlay 89 (next -1) event 0
DLL DBG OUT
Rest Memory 37b3c0
Rest Memory 334960
data num 5e0000
Rest Memory 31dea0
ARAM data num 120006
data num 190000
Rest Memory 322ae0
data num 6c0000
Rest Memory 302e20
data num 890000
Rest Memory 31a860
ARAM data num 7001d
data num 50000
Rest Memory 136ce0
data num 90000
Rest Memory 1424a0
port> loader: mg_next dealt mg 427 (m427dll) at frame 5105 -- prefetching its module and data
port> status f5160    w01dll       board 0 turn 1/1  mg 427 (m427dll)  coins/stars 0/0c 0/0c 0/0c 0/0c  aud 0.05 ms  95.9 fps
port> status f5220    w01dll       board 0 turn 1/1  mg 427 (m427dll)  coins/stars 0/0c 0/0c 0/0c 0/0c  aud 0.07 ms  259.3 fps
port> status f5280    w01dll       board 0 turn 1/1  mg 427 (m427dll)  coins/stars 0/0c 0/0c 0/0c 0/0c  aud 0.07 ms  256.1 fps
port> status f5340    w01dll       board 0 turn 1/1  mg 427 (m427dll)  coins/stars 0/0c 0/0c 0/0c 0/0c  aud 0.07 ms  247.3 fps
port> status f5400    w01dll       board 0 turn 1/1  mg 427 (m427dll)  coins/stars 0/0c 0/0c 0/0c 0/0c  aud 0.06 ms  255.5 fps
port> status f5460    w01dll       board 0 turn 1/1  mg 427 (m427dll)  coins/stars 0/0c 0/0c 0/0c 0/0c  aud 0.05 ms  253.8 fps
port> status f5520    w01dll       board 0 turn 1/1  mg 427 (m427dll)  coins/stars 0/0c 0/0c 0/0c 0/0c  aud 0.05 ms  256.8 fps
port> status f5580    w01dll       board 0 turn 1/1  mg 427 (m427dll)  coins/stars 0/0c 0/0c 0/0c 0/0c  aud 0.05 ms  287.9 fps
port> status f5640    w01dll       board 0 turn 1/1  mg 427 (m427dll)  coins/stars 0/0c 0/0c 0/0c 0/0c  aud 0.05 ms  295.0 fps
port> status f5700    w01dll       board 0 turn 1/1  mg 427 (m427dll)  coins/stars 0/0c 0/0c 0/0c 0/0c  aud 0.05 ms  335.1 fps
port> status f5760    w01dll       board 0 turn 1/1  mg 427 (m427dll)  coins/stars 0/0c 0/0c 0/0c 0/0c  aud 0.06 ms  342.6 fps
port> status f5820    w01dll       board 0 turn 1/1  mg 427 (m427dll)  coins/stars 0/0c 0/0c 0/0c 0/0c  aud 0.06 ms  352.2 fps
port> status f5880    w01dll       board 0 turn 1/1  mg 427 (m427dll)  coins/stars 0/0c 0/0c 0/0c 0/0c  aud 0.20 ms  219.8 fps
port> status f5940    w01dll       board 0 turn 1/1  mg 427 (m427dll)  coins/stars 0/0c 0/0c 0/0c 0/0c  aud 0.31 ms  202.4 fps
port> status f6000    w01dll       board 0 turn 1/1  mg 427 (m427dll)  coins/stars 0/0c 0/0c 0/0c 0/0c  aud 0.29 ms  193.1 fps
port> status f6060    w01dll       board 0 turn 1/1  mg 427 (m427dll)  coins/stars 0/0c 0/0c 0/0c 0/0c  aud 0.27 ms  201.2 fps
port> status f6120    w01dll       board 0 turn 1/1  mg 427 (m427dll)  coins/stars 0/0c 0/0c 0/0c 0/0c  aud 0.29 ms  200.3 fps
port> status f6180    w01dll       board 0 turn 1/1  mg 427 (m427dll)  coins/stars 0/0c 0/0c 0/0c 0/0c  aud 0.28 ms  198.9 fps
port> status f6240    w01dll       board 0 turn 1/1  mg 427 (m427dll)  coins/stars 0/0c 0/0c 0/0c 0/0c  aud 0.28 ms  202.5 fps
#########SE Entry Error<SE 770:ErrorNo -33>
#########SE Entry Error<SE 770:ErrorNo -33>
#########SE Entry Error<SE 770:ErrorNo -33>
port> status f6300    w01dll       board 0 turn 1/1  mg 427 (m427dll)  coins/stars 0/0c 0/0c 0/0c 0/0c  aud 0.29 ms  197.7 fps
#########SE Entry Error<SE 771:ErrorNo -33>
port> status f6360    w01dll       board 0 turn 1/1  mg 427 (m427dll)  coins/stars 0/0c 0/0c 0/0c 0/0c  aud 0.36 ms  179.8 fps
port> status f6420    w01dll       board 0 turn 1/1  mg 427 (m427dll)  coins/stars 0/0c 0/0c 0/0c 0/0c  aud 0.30 ms  186.8 fps
port> status f6480    w01dll       board 0 turn 1/1  mg 427 (m427dll)  coins/stars 0/0c 0/0c 0/0c 0/0c  aud 0.26 ms  177.6 fps
port> status f6540    w01dll       board 0 turn 1/1  mg 427 (m427dll)  coins/stars 0/0c 0/0c 0/0c 0/0c  aud 0.22 ms  195.3 fps
port> status f6600    w01dll       board 0 turn 1/1  mg 427 (m427dll)  coins/stars 0/0c 0/0c 0/0c 0/0c  aud 0.26 ms  198.8 fps
port> status f6660    w01dll       board 0 turn 1/1  mg 427 (m427dll)  coins/stars 0/0c 0/0c 0/0c 0/0c  aud 0.32 ms  194.2 fps
port> status f6720    w01dll       board 0 turn 1/1  mg 427 (m427dll)  coins/stars 0/0c 0/0c 0/0c 0/0c  aud 0.29 ms  195.3 fps
port> status f6780    w01dll       board 0 turn 1/1  mg 427 (m427dll)  coins/stars 0/0c 0/0c 0/0c 0/0c  aud 0.27 ms  194.4 fps
port> status f6840    w01dll       board 0 turn 1/1  mg 427 (m427dll)  coins/stars 0/0c 0/0c 0/0c 0/0c  aud 0.31 ms  189.6 fps
port> status f6900    w01dll       board 0 turn 1/1  mg 427 (m427dll)  coins/stars 0/0c 0/0c 0/0c 0/0c  aud 0.34 ms  194.1 fps
port> status f6960    w01dll       board 0 turn 1/1  mg 427 (m427dll)  coins/stars 0/0c 0/0c 0/0c 0/0c  aud 0.28 ms  204.6 fps
port> status f7020    w01dll       board 0 turn 1/1  mg 427 (m427dll)  coins/stars 0/0c 0/0c 0/0c 0/0c  aud 0.29 ms  196.7 fps
port> status f7080    w01dll       board 0 turn 1/1  mg 427 (m427dll)  coins/stars 0/0c 0/0c 0/0c 0/0c  aud 0.31 ms  193.2 fps
port> status f7140    w01dll       board 0 turn 1/1  mg 427 (m427dll)  coins/stars 0/0c 0/0c 0/0c 0/0c  aud 0.29 ms  195.0 fps
port> status f7200    w01dll       board 0 turn 1/1  mg 427 (m427dll)  coins/stars 0/0c 0/0c 0/0c 0/0c  aud 0.24 ms  186.0 fps
port> status f7260    w01dll       board 0 turn 1/1  mg 427 (m427dll)  coins/stars 0/0c 0/0c 0/0c 0/0c  aud 0.25 ms  200.8 fps
port> status f7320    w01dll       board 0 turn 1/1  mg 427 (m427dll)  coins/stars 9/0c 9/0c 9/0c 9/0c  aud 0.33 ms  198.9 fps
port> status f7380    w01dll       board 0 turn 1/1  mg 427 (m427dll)  coins/stars 10/0c 10/0c 10/0c 10/0c  aud 0.33 ms  187.7 fps
port> status f7440    w01dll       board 0 turn 1/1  mg 427 (m427dll)  coins/stars 10/0c 10/0c 10/0c 10/0c  aud 0.28 ms  196.3 fps
port> status f7500    w01dll       board 0 turn 1/1  mg 427 (m427dll)  coins/stars 10/0c 10/0c 10/0c 10/0c  aud 0.28 ms  194.6 fps
port> status f7560    w01dll       board 0 turn 1/1  mg 427 (m427dll)  coins/stars 10/0c 10/0c 10/0c 10/0c  aud 0.28 ms  194.7 fps
port> status f7620    w01dll       board 0 turn 1/1  mg 427 (m427dll)  coins/stars 10/0c 10/0c 10/0c 10/0c  aud 0.29 ms  195.1 fps
port> status f7680    w01dll       board 0 turn 1/1  mg 427 (m427dll)  coins/stars 10/0c 10/0c 10/0c 10/0c  aud 0.28 ms  195.4 fps
port> status f7740    w01dll       board 0 turn 1/1  mg 427 (m427dll)  coins/stars 10/0c 10/0c 10/0c 10/0c  aud 0.31 ms  198.2 fps
port> status f7800    w01dll       board 0 turn 1/1  mg 427 (m427dll)  coins/stars 10/0c 10/0c 10/0c 10/0c  aud 0.27 ms  196.4 fps
port> status f7860    w01dll       board 0 turn 1/1  mg 427 (m427dll)  coins/stars 10/0c 10/0c 10/0c 10/0c  aud 0.29 ms  191.0 fps
port> status f7920    w01dll       board 0 turn 1/1  mg 427 (m427dll)  coins/stars 10/0c 10/0c 10/0c 10/0c  aud 0.29 ms  196.3 fps
port> status f7980    w01dll       board 0 turn 1/1  mg 427 (m427dll)  coins/stars 10/0c 10/0c 10/0c 10/0c  aud 0.26 ms  198.1 fps
port> status f8040    w01dll       board 0 turn 1/1  mg 427 (m427dll)  coins/stars 10/0c 10/0c 10/0c 10/0c  aud 0.25 ms  197.0 fps
data num 60017
Rest Memory 1960c0
port> status f8100    w01dll       board 0 turn 1/1  mg 427 (m427dll)  coins/stars 10/0c 10/0c 10/0c 10/0c  aud 0.21 ms  212.8 fps
port> status f8160    w01dll       board 0 turn 1/1  mg 427 (m427dll)  coins/stars 10/0c 10/0c 10/0c 10/0c  aud 0.31 ms  241.8 fps
port> status f8220    w01dll       board 0 turn 1/1  mg 427 (m427dll)  coins/stars 10/0c 10/0c 10/0c 10/0c  aud 0.31 ms  244.4 fps
port> status f8280    w01dll       board 0 turn 1/1  mg 427 (m427dll)  coins/stars 10/0c 10/0c 10/0c 10/0c  aud 0.27 ms  252.5 fps
port> status f8340    w01dll       board 0 turn 1/1  mg 427 (m427dll)  coins/stars 10/0c 10/0c 10/0c 10/0c  aud 0.24 ms  269.2 fps
port> status f8400    w01dll       board 0 turn 1/1  mg 427 (m427dll)  coins/stars 10/0c 10/0c 10/0c 10/0c  aud 0.23 ms  272.2 fps
port> status f8460    w01dll       board 0 turn 1/1  mg 427 (m427dll)  coins/stars 10/0c 10/0c 10/0c 10/0c  aud 0.23 ms  255.9 fps
port> status f8520    w01dll       board 0 turn 1/1  mg 427 (m427dll)  coins/stars 10/0c 10/0c 10/0c 10/0c  aud 0.23 ms  252.7 fps
port> status f8580    w01dll       board 0 turn 1/1  mg 427 (m427dll)  coins/stars 10/0c 10/0c 10/0c 10/0c  aud 0.27 ms  258.6 fps
port> status f8640    w01dll       board 0 turn 1/1  mg 427 (m427dll)  coins/stars 10/0c 10/0c 10/0c 10/0c  aud 0.27 ms  269.3 fps
port> status f8700    w01dll       board 0 turn 1/1  mg 427 (m427dll)  coins/stars 10/0c 10/0c 10/0c 10/0c  aud 0.22 ms  253.3 fps
port> status f8760    w01dll       board 0 turn 1/1  mg 427 (m427dll)  coins/stars 10/0c 10/0c 10/0c 10/0c  aud 0.19 ms  262.5 fps
port> status f8820    w01dll       board 0 turn 1/1  mg 427 (m427dll)  coins/stars 10/0c 10/0c 10/0c 10/0c  aud 0.19 ms  266.4 fps
port> status f8880    w01dll       board 0 turn 1/1  mg 427 (m427dll)  coins/stars 10/0c 10/0c 10/0c 10/0c  aud 0.18 ms  274.0 fps
port> status f8940    w01dll       board 0 turn 1/1  mg 427 (m427dll)  coins/stars 10/0c 10/0c 10/0c 10/0c  aud 0.17 ms  240.7 fps
port> status f9000    w01dll       board 0 turn 1/1  mg 427 (m427dll)  coins/stars 10/0c 10/0c 10/0c 10/0c  aud 0.17 ms  244.4 fps
port> status f9060    w01dll       board 0 turn 1/1  mg 427 (m427dll)  coins/stars 10/0c 10/0c 10/0c 10/0c  aud 0.22 ms  248.2 fps
port> status f9120    w01dll       board 0 turn 1/1  mg 427 (m427dll)  coins/stars 10/0c 10/0c 10/0c 10/0c  aud 0.28 ms  227.2 fps
port> status f9180    w01dll       board 0 turn 1/1  mg 427 (m427dll)  coins/stars 10/0c 10/0c 10/0c 10/0c  aud 0.23 ms  233.8 fps
port> status f9240    w01dll       board 0 turn 1/1  mg 427 (m427dll)  coins/stars 10/0c 10/0c 10/0c 10/0c  aud 0.27 ms  236.7 fps
port> status f9300    w01dll       board 0 turn 1/1  mg 427 (m427dll)  coins/stars 10/0c 10/0c 10/0c 10/0c  aud 0.23 ms  241.5 fps
port> status f9360    w01dll       board 0 turn 1/1  mg 427 (m427dll)  coins/stars 10/0c 10/0c 10/0c 10/0c  aud 0.17 ms  234.8 fps
port> status f9420    w01dll       board 0 turn 1/1  mg 427 (m427dll)  coins/stars 10/0c 10/0c 10/0c 10/0c  aud 0.22 ms  239.8 fps
port> status f9480    w01dll       board 0 turn 1/1  mg 427 (m427dll)  coins/stars 10/0c 10/0c 10/0c 10/0c  aud 0.25 ms  245.0 fps
port> status f9540    w01dll       board 0 turn 1/1  mg 427 (m427dll)  coins/stars 10/0c 10/0c 10/0c 10/0c  aud 0.26 ms  249.6 fps
port> status f9600    w01dll       board 0 turn 1/1  mg 427 (m427dll)  coins/stars 10/0c 10/0c 10/0c 10/0c  aud 0.25 ms  257.3 fps
port> status f9660    w01dll       board 0 turn 1/1  mg 427 (m427dll)  coins/stars 10/0c 10/0c 10/0c 10/0c  aud 0.24 ms  228.4 fps
port> status f9720    w01dll       board 0 turn 1/1  mg 427 (m427dll)  coins/stars 10/0c 10/0c 10/0c 10/0c  aud 0.03 ms  238.6 fps
port> status f9780    w01dll       board 0 turn 1/1  mg 427 (m427dll)  coins/stars 10/0c 10/0c 10/0c 10/0c  aud 0.24 ms  199.5 fps
port> status f9840    w01dll       board 0 turn 1/1  mg 427 (m427dll)  coins/stars 10/0c 10/0c 10/0c 10/0c  aud 0.27 ms  193.1 fps
port> status f9900    w01dll       board 0 turn 1/1  mg 427 (m427dll)  coins/stars 10/0c 10/0c 10/0c 10/0c  aud 0.22 ms  203.6 fps
port> status f9960    w01dll       board 0 turn 1/1  mg 427 (m427dll)  coins/stars 10/0c 10/0c 10/0c 10/0c  aud 0.24 ms  183.8 fps
port> status f10020   w01dll       board 0 turn 1/1  mg 427 (m427dll)  coins/stars 10/0c 10/0c 10/0c 10/0c  aud 0.26 ms  195.4 fps
port> status f10080   w01dll       board 0 turn 1/1  mg 427 (m427dll)  coins/stars 10/0c 10/0c 10/0c 10/0c  aud 0.30 ms  196.7 fps
port> status f10140   w01dll       board 0 turn 1/1  mg 427 (m427dll)  coins/stars 10/0c 10/0c 10/0c 10/0c  aud 0.33 ms  191.6 fps
port> status f10200   w01dll       board 0 turn 1/1  mg 427 (m427dll)  coins/stars 10/0c 10/0c 10/0c 10/0c  aud 0.26 ms  193.7 fps
port> status f10260   w01dll       board 0 turn 1/1  mg 427 (m427dll)  coins/stars 10/0c 10/0c 10/0c 10/0c  aud 0.27 ms  194.2 fps
port> status f10320   w01dll       board 0 turn 1/1  mg 427 (m427dll)  coins/stars 10/0c 10/0c 10/0c 10/0c  aud 0.33 ms  191.0 fps
port> status f10380   w01dll       board 0 turn 1/1  mg 427 (m427dll)  coins/stars 10/0c 10/0c 10/0c 10/0c  aud 0.26 ms  202.8 fps
port> status f10440   w01dll       board 0 turn 1/1  mg 427 (m427dll)  coins/stars 10/0c 10/0c 10/0c 10/0c  aud 0.23 ms  203.1 fps
port> status f10500   w01dll       board 0 turn 1/1  mg 427 (m427dll)  coins/stars 10/0c 10/0c 10/0c 10/0c  aud 0.23 ms  188.3 fps
port> status f10560   w01dll       board 0 turn 1/1  mg 427 (m427dll)  coins/stars 10/0c 10/0c 10/0c 10/0c  aud 0.26 ms  191.7 fps
port> status f10620   w01dll       board 0 turn 1/1  mg 427 (m427dll)  coins/stars 13/0c 10/0c 10/0c 10/0c  aud 0.28 ms  187.8 fps
port> status f10680   w01dll       board 0 turn 1/1  mg 427 (m427dll)  coins/stars 13/0c 10/0c 10/0c 10/0c  aud 0.22 ms  199.3 fps
port> status f10740   w01dll       board 0 turn 1/1  mg 427 (m427dll)  coins/stars 13/0c 10/0c 10/0c 10/0c  aud 0.13 ms  217.3 fps
port> status f10800   w01dll       board 0 turn 1/1  mg 427 (m427dll)  coins/stars 13/0c 10/0c 10/0c 10/0c  aud 0.17 ms  203.5 fps
port> status f10860   w01dll       board 0 turn 1/1  mg 427 (m427dll)  coins/stars 13/0c 10/0c 10/0c 10/0c  aud 0.22 ms  206.1 fps
port> status f10920   w01dll       board 0 turn 1/1  mg 427 (m427dll)  coins/stars 13/0c 10/0c 10/0c 10/0c  aud 0.21 ms  204.0 fps
port> status f10980   w01dll       board 0 turn 1/1  mg 427 (m427dll)  coins/stars 13/0c 10/0c 10/0c 10/0c  aud 0.22 ms  183.2 fps
port> status f11040   w01dll       board 0 turn 1/1  mg 427 (m427dll)  coins/stars 13/0c 10/0c 10/0c 10/0c  aud 0.22 ms  196.3 fps
port> status f11100   w01dll       board 0 turn 1/1  mg 427 (m427dll)  coins/stars 13/0c 10/0c 10/0c 10/0c  aud 0.24 ms  195.3 fps
port> status f11160   w01dll       board 0 turn 1/1  mg 427 (m427dll)  coins/stars 13/0c 10/0c 10/0c 10/0c  aud 0.30 ms  189.7 fps
port> status f11220   w01dll       board 0 turn 1/1  mg 427 (m427dll)  coins/stars 13/0c 10/0c 10/0c 10/0c  aud 0.24 ms  193.5 fps
port> status f11280   w01dll       board 0 turn 1/1  mg 427 (m427dll)  coins/stars 13/0c 10/0c 10/0c 10/0c  aud 0.24 ms  191.5 fps
port> status f11340   w01dll       board 0 turn 1/1  mg 427 (m427dll)  coins/stars 13/0c 10/0c 10/0c 10/0c  aud 0.33 ms  181.5 fps
port> status f11400   w01dll       board 0 turn 1/1  mg 427 (m427dll)  coins/stars 13/0c 10/0c 10/0c 10/0c  aud 0.37 ms  191.1 fps
port> status f11460   w01dll       board 0 turn 1/1  mg 427 (m427dll)  coins/stars 13/0c 10/0c 10/0c 10/0c  aud 0.32 ms  186.6 fps
port> status f11520   w01dll       board 0 turn 1/1  mg 427 (m427dll)  coins/stars 13/0c 10/0c 10/0c 10/0c  aud 0.23 ms  200.9 fps
port> status f11580   w01dll       board 0 turn 1/1  mg 427 (m427dll)  coins/stars 13/0c 10/0c 10/0c 10/0c  aud 0.29 ms  190.3 fps
port> status f11640   w01dll       board 0 turn 1/1  mg 427 (m427dll)  coins/stars 13/0c 10/0c 10/0c 10/0c  aud 0.21 ms  219.1 fps
port> status f11700   w01dll       board 0 turn 1/1  mg 427 (m427dll)  coins/stars 13/0c 10/0c 10/0c 10/0c  aud 0.31 ms  210.6 fps
port> status f11760   w01dll       board 0 turn 1/1  mg 427 (m427dll)  coins/stars 13/0c 10/0c 10/0c 10/0c  aud 0.22 ms  196.8 fps
port> status f11820   w01dll       board 0 turn 1/1  mg 427 (m427dll)  coins/stars 13/0c 10/0c 10/0c 10/0c  aud 0.25 ms  202.9 fps
port> status f11880   w01dll       board 0 turn 1/1  mg 427 (m427dll)  coins/stars 13/0c 10/0c 10/0c 10/0c  aud 0.31 ms  201.2 fps
port> status f11940   w01dll       board 0 turn 1/1  mg 427 (m427dll)  coins/stars 13/0c 10/0c 10/0c 10/0c  aud 0.26 ms  191.2 fps
port> status f12000   w01dll       board 0 turn 1/1  mg 427 (m427dll)  coins/stars 13/0c 10/0c 10/0c 10/0c  aud 0.32 ms  200.2 fps
port> status f12060   w01dll       board 0 turn 1/1  mg 427 (m427dll)  coins/stars 13/0c 10/0c 10/0c 10/0c  aud 0.27 ms  204.6 fps
port> status f12120   w01dll       board 0 turn 1/1  mg 427 (m427dll)  coins/stars 13/0c 10/0c 10/0c 10/0c  aud 0.27 ms  207.2 fps
port> status f12180   w01dll       board 0 turn 1/1  mg 427 (m427dll)  coins/stars 13/0c 10/0c 10/0c 10/0c  aud 0.26 ms  200.6 fps
port> status f12240   w01dll       board 0 turn 1/1  mg 427 (m427dll)  coins/stars 13/0c 10/0c 10/0c 10/0c  aud 0.24 ms  202.6 fps
port> status f12300   w01dll       board 0 turn 1/1  mg 427 (m427dll)  coins/stars 13/0c 10/0c 10/0c 10/0c  aud 0.28 ms  191.0 fps
port> status f12360   w01dll       board 0 turn 1/1  mg 427 (m427dll)  coins/stars 13/0c 10/0c 10/0c 10/0c  aud 0.30 ms  202.0 fps
port> status f12420   w01dll       board 0 turn 1/1  mg 427 (m427dll)  coins/stars 13/0c 10/0c 10/0c 10/0c  aud 0.24 ms  201.1 fps
port> status f12480   w01dll       board 0 turn 1/1  mg 427 (m427dll)  coins/stars 13/0c 10/0c 10/0c 10/0c  aud 0.37 ms  162.8 fps
port> status f12540   w01dll       board 0 turn 1/1  mg 427 (m427dll)  coins/stars 13/0c 10/0c 10/0c 10/0c  aud 0.38 ms  182.7 fps
port> status f12600   w01dll       board 0 turn 1/1  mg 427 (m427dll)  coins/stars 13/0c 10/0c 10/0c 10/0c  aud 0.31 ms  172.5 fps
port> status f12660   w01dll       board 0 turn 1/1  mg 427 (m427dll)  coins/stars 13/0c 10/0c 10/0c 10/0c  aud 0.30 ms  198.1 fps
port> status f12720   w01dll       board 0 turn 1/1  mg 427 (m427dll)  coins/stars 13/0c 10/0c 10/0c 10/0c  aud 0.28 ms  193.8 fps
port> status f12780   w01dll       board 0 turn 1/1  mg 427 (m427dll)  coins/stars 13/0c 10/0c 10/0c 10/0c  aud 0.27 ms  190.9 fps
port> status f12840   w01dll       board 0 turn 1/1  mg 427 (m427dll)  coins/stars 13/0c 10/0c 10/0c 10/0c  aud 0.29 ms  189.3 fps
port> status f12900   w01dll       board 0 turn 1/1  mg 427 (m427dll)  coins/stars 13/0c 10/0c 10/0c 10/0c  aud 0.27 ms  200.6 fps
port> status f12960   w01dll       board 0 turn 1/1  mg 427 (m427dll)  coins/stars 13/0c 10/0c 10/0c 10/0c  aud 0.26 ms  197.1 fps
port> status f13020   w01dll       board 0 turn 1/1  mg 427 (m427dll)  coins/stars 13/0c 10/0c 10/0c 10/0c  aud 0.28 ms  192.6 fps
port> status f13080   w01dll       board 0 turn 1/1  mg 427 (m427dll)  coins/stars 13/0c 10/0c 10/0c 10/0c  aud 0.31 ms  195.8 fps
port> status f13140   w01dll       board 0 turn 1/1  mg 427 (m427dll)  coins/stars 13/0c 10/0c 10/0c 10/0c  aud 0.21 ms  201.7 fps
port> status f13200   w01dll       board 0 turn 1/1  mg 427 (m427dll)  coins/stars 13/0c 10/0c 10/0c 10/0c  aud 0.19 ms  208.3 fps
port> status f13260   w01dll       board 0 turn 1/1  mg 427 (m427dll)  coins/stars 13/0c 10/0c 10/0c 10/0c  aud 0.27 ms  197.2 fps
port> status f13320   w01dll       board 0 turn 1/1  mg 427 (m427dll)  coins/stars 13/0c 10/0c 10/0c 10/0c  aud 0.31 ms  204.4 fps
port> status f13380   w01dll       board 0 turn 1/1  mg 427 (m427dll)  coins/stars 13/0c 10/0c 10/0c 10/0c  aud 0.28 ms  197.8 fps
port> status f13440   w01dll       board 0 turn 1/1  mg 427 (m427dll)  coins/stars 13/0c 10/0c 10/0c 10/0c  aud 0.30 ms  182.1 fps
port> status f13500   w01dll       board 0 turn 1/1  mg 427 (m427dll)  coins/stars 13/0c 10/0c 10/0c 13/0c  aud 0.31 ms  195.6 fps
port> status f13560   w01dll       board 0 turn 1/1  mg 427 (m427dll)  coins/stars 13/0c 10/0c 10/0c 13/0c  aud 0.23 ms  201.6 fps
port> status f13620   w01dll       board 0 turn 1/1  mg 427 (m427dll)  coins/stars 13/0c 10/0c 10/0c 13/0c  aud 0.24 ms  209.9 fps
port> status f13680   w01dll       board 0 turn 1/1  mg 427 (m427dll)  coins/stars 13/0c 10/0c 10/0c 13/0c  aud 0.27 ms  199.0 fps
port> status f13740   w01dll       board 0 turn 1/1  mg 427 (m427dll)  coins/stars 13/0c 10/0c 10/0c 13/0c  aud 0.33 ms  214.1 fps
port> status f13800   w01dll       board 0 turn 1/1  mg 427 (m427dll)  coins/stars 13/0c 10/0c 10/0c 13/0c  aud 0.31 ms  186.3 fps
port> status f13860   w01dll       board 0 turn 1/1  mg 427 (m427dll)  coins/stars 13/0c 10/0c 10/0c 13/0c  aud 0.35 ms  183.3 fps
port> status f13920   w01dll       board 0 turn 1/1  mg 427 (m427dll)  coins/stars 13/0c 10/0c 10/0c 13/0c  aud 0.30 ms  184.0 fps
port> loader: roulette dealt mg 422 (m422dll) at frame 13953 -- prefetching its module and data
port> status f13980   w01dll       board 0 turn 1/1  mg 427 (m427dll)  coins/stars 13/0c 10/0c 10/0c 13/0c  aud 0.26 ms  195.8 fps
port> ffto: reached frame 14000 in 57.3 s (13997 frames, 244.2 fps, drawing back on at frame 13999)
port> lazy flush: off; premerge: off (max 0 vertices an object) -- both measured and off by default, PLAN.md 37
port> matrix palette: off (opt-in: --palette; PLAN.md 33.2)
port> status f14040   w01dll       board 0 turn 1/1  mg 427 (m427dll)  coins/stars 13/0c 10/0c 10/0c 13/0c  aud 0.41 ms  45.7 fps
port> status f14100   w01dll       board 0 turn 1/1  mg 427 (m427dll)  coins/stars 13/0c 10/0c 10/0c 13/0c  aud 0.31 ms  49.7 fps
port> dvdheap: 1529578 bytes mode 0 num 0  caller 0xe4a0  caller2 0x701f4
Rest Memory 40a8e0
port> roulette: frame 14140 dealt mg 422 (m422dll, type 1)  -- overridden by --minigame
objman>Call New Ovl 3(1)
OvlKill 1
objdll>omDLLNumEnd 89 1
Search:dll/w01dll.rel
+++++++++++ Find0: dll/w01dll.rel
objdll>omDLLEnd 0 1
objdll>End DLL:dll/w01dll.rel
odjdll>Unlink DLL:dll/w01dll.rel
objdll>Unlink DLL epilog
objdll>Unlink DLL epilog finish
objdll>End DLL finish
port> frame 14135: overlay -1 (next 3) event 0
objman>Destory ObjMan
++++++++++++++++++++ Start New OVL 3 (EVT:0 STAT:0x00000000) ++++++++++++++++++
======== HuMem heap dump 03b9c018 ========
MCB-----+Size----+MG+FL+Prev----+Next----+UNum----+Body----+Call----
03b9c018 0000a020 a5 01 03c8f178 03ba6038 ffffff00 03b9c038 00007b40
03ba6038 000041c0 a5 01 03b9c018 03baa1f8 ffffff00 03ba6058 0003b7d4
03baa1f8 00016c80 cd 00 03ba6038 03bc0e78 ffffff00 03baa218 0003c108
03bc0e78 00000260 a5 01 03baa1f8 03bc10d8 ffffff00 03bc0e98 00008354
03bc10d8 00000260 a5 01 03bc0e78 03bc1338 ffffff00 03bc10f8 00008354
03bc1338 000002c0 a5 01 03bc10d8 03bc15f8 ffffff00 03bc1358 00008354
03bc15f8 00000240 cd 00 03bc1338 03bc1838 10000000 03bc1618 0007cfb0
03bc1838 00000100 a5 01 03bc15f8 03bc1938 ffffff00 03bc1858 00036858
03bc1938 00000400 a5 01 03bc1838 03bc1d38 ffffff00 03bc1958 000368a8
03bc1d38 00000400 a5 01 03bc1938 03bc2138 ffffff00 03bc1d58 000368f4
03bc2138 00000060 a5 01 03bc1d38 03bc2198 ffffff00 03bc2158 00036940
03bc2198 00000040 a5 01 03bc2138 03bc21d8 ffffff00 03bc21b8 0003698c
03bc21d8 000befc0 cd 00 03bc2198 03c81198 ffffff00 03bc21f8 0003c108
03c81198 00002100 a5 01 03bc21d8 03c83298 ffffff00 03c811b8 00008354
03c83298 00000f80 a5 01 03c81198 03c84218 ffffff00 03c832b8 00008354
03c84218 000041c0 a5 01 03c83298 03c883d8 ffffff00 03c84238 00008354
03c883d8 000041c0 a5 01 03c84218 03c8c598 ffffff00 03c883f8 00008354
03c8c598 00002be0 a5 01 03c883d8 03c8f178 ffffff00 03c8c5b8 00008354
03c8f178 0014cea0 cd 00 03c8c598 03b9c018 ffffff00 03c8f198 0003c108
MCB:19(15/4) MEM:00240000(0001d2e0/00222d20)
======== HuMem heap dump 03b9c018 end =====
======== HuMem heap dump 03f1c030 ========
MCB-----+Size----+MG+FL+Prev----+Next----+UNum----+Body----+Call----
03f1c030 00a80000 cd 00 03f1c030 03f1c030 10000000 03f1c050 000272ec
MCB:1(0/1) MEM:00a80000(00000000/00a80000)
======== HuMem heap dump 03f1c030 end =====
======== HuMem heap dump 0499c03c ========
MCB-----+Size----+MG+FL+Prev----+Next----+UNum----+Body----+Call----
0499c03c 00175720 a5 01 04b1175c 04b1175c ffffff00 0499c05c 0000fd98
04b1175c 0040a8e0 cd 00 0499c03c 0499c03c bdbe92cf 04b1177c 0000fd98
MCB:2(1/1) MEM:00580000(00175720/0040a8e0)
======== HuMem heap dump 0499c03c end =====
objman>Used Memory Size:0001d2e0
objman>Used Memory Cnt:15
objman>Init esp
objman>Call objectsetup
DLLStart 3 0
Search:dll/instdll.rel
objdll>Link DLL:dll/instdll.rel
Rest Memory 40a8e0
===== DLL Module Info dump ====
                   ID:0x00000001
             LinkPrev:0x00000000
             LinkNext:0x00000000
          Section num:15
Section info tbl ofst:0x00000048
           nameOffset:0x00000000
             nameSize:47
              version:0x00000002
===============================
==== DLL Module Header dump ====
          bss Size:0x00000064
        rel Offset:0x00006aa8
        imp Offset:0x0000ad98
    prolog Section:1
    epilog Section:1
unresolved Section:0
       prolog func:0x00000000
       epilog func:0x00000054
   unresolved func:0x00000000
================================
objdll>LinkOK 03baa578 30200000
objdll> dll/instdll.rel prolog start
******* INST ObjectSetup *********
objman>InitObjMan start
objman>InitObjMan end
0
GroupSet 44
***********GroupSet Error 0
Rest Memory 3c3e80
objdll> dll/instdll.rel prolog end
objman>ObjectSetup end
port> frame 14136: overlay 3 (next -1) event 0
DLL DBG OUT
data num 190000
Rest Memory 3b2000
ARAM data num 120006
data num 890000
Rest Memory 3a9d80
data num 5e0000
Rest Memory 3ad3c0
data num 6c0000
Rest Memory 392340
port> status f14160   instdll      board 0 turn 1/1  mg 427 (m427dll)  coins/stars 13/0c 10/0c 10/0c 13/0c  aud 0.22 ms  44.9 fps
port> status f14220   instdll      board 0 turn 1/1  mg 427 (m427dll)  coins/stars 13/0c 10/0c 10/0c 13/0c  aud 0.21 ms  82.6 fps
port> status f14280   instdll      board 0 turn 1/1  mg 427 (m427dll)  coins/stars 13/0c 10/0c 10/0c 13/0c  aud 0.30 ms  66.5 fps
port> dvdheap: 1951614 bytes mode 0 num 0  caller 0xe4a0  caller2 0x30203508
Rest Memory 3a3860
port> status f14340   instdll      board 0 turn 1/1  mg 427 (m427dll)  coins/stars 13/0c 10/0c 10/0c 13/0c  aud 0.26 ms  69.0 fps
port> status f14400   instdll      board 0 turn 1/1  mg 427 (m427dll)  coins/stars 13/0c 10/0c 10/0c 13/0c  aud 0.33 ms  74.3 fps
port> status f14460   instdll      board 0 turn 1/1  mg 427 (m427dll)  coins/stars 13/0c 10/0c 10/0c 13/0c  aud 0.35 ms  75.6 fps
objman>Call New Ovl 35(1)
OvlKill 1
objdll>omDLLNumEnd 3 1
Search:dll/instdll.rel
+++++++++++ Find0: dll/instdll.rel
objdll>omDLLEnd 0 1
objdll>End DLL:dll/instdll.rel
odjdll>Unlink DLL:dll/instdll.rel
objdll>Unlink DLL epilog
objdll>Unlink DLL epilog finish
objdll>End DLL finish
port> frame 14470: overlay -1 (next 35) event 0
objman>Destory ObjMan
++++++++++++++++++++ Start New OVL 35 (EVT:0 STAT:0x00000000) ++++++++++++++++++
======== HuMem heap dump 03b9c018 ========
MCB-----+Size----+MG+FL+Prev----+Next----+UNum----+Body----+Call----
03b9c018 0000a020 a5 01 03c8f178 03ba6038 ffffff00 03b9c038 00007b40
03ba6038 000041c0 a5 01 03b9c018 03baa1f8 ffffff00 03ba6058 0003b7d4
03baa1f8 00016c80 cd 00 03ba6038 03bc0e78 ffffff00 03baa218 0003c108
03bc0e78 00000260 a5 01 03baa1f8 03bc10d8 ffffff00 03bc0e98 00008354
03bc10d8 00000260 a5 01 03bc0e78 03bc1338 ffffff00 03bc10f8 00008354
03bc1338 000002c0 a5 01 03bc10d8 03bc15f8 ffffff00 03bc1358 00008354
03bc15f8 00000240 cd 00 03bc1338 03bc1838 10000000 03bc1618 000438d8
03bc1838 00000100 a5 01 03bc15f8 03bc1938 ffffff00 03bc1858 00036858
03bc1938 00000400 a5 01 03bc1838 03bc1d38 ffffff00 03bc1958 000368a8
03bc1d38 00000400 a5 01 03bc1938 03bc2138 ffffff00 03bc1d58 000368f4
03bc2138 00000060 a5 01 03bc1d38 03bc2198 ffffff00 03bc2158 00036940
03bc2198 00000040 a5 01 03bc2138 03bc21d8 ffffff00 03bc21b8 0003698c
03bc21d8 000befc0 cd 00 03bc2198 03c81198 ffffff00 03bc21f8 0003c108
03c81198 00002100 a5 01 03bc21d8 03c83298 ffffff00 03c811b8 00008354
03c83298 00000f80 a5 01 03c81198 03c84218 ffffff00 03c832b8 00008354
03c84218 000041c0 a5 01 03c83298 03c883d8 ffffff00 03c84238 00008354
03c883d8 000041c0 a5 01 03c84218 03c8c598 ffffff00 03c883f8 00008354
03c8c598 00002be0 a5 01 03c883d8 03c8f178 ffffff00 03c8c5b8 00008354
03c8f178 0014cea0 cd 00 03c8c598 03b9c018 ffffff00 03c8f198 000438a4
MCB:19(15/4) MEM:00240000(0001d2e0/00222d20)
======== HuMem heap dump 03b9c018 end =====
======== HuMem heap dump 03f1c030 ========
MCB-----+Size----+MG+FL+Prev----+Next----+UNum----+Body----+Call----
03f1c030 00a80000 cd 00 03f1c030 03f1c030 10000000 03f1c050 000384c4
MCB:1(0/1) MEM:00a80000(00000000/00a80000)
======== HuMem heap dump 03f1c030 end =====
======== HuMem heap dump 0499c03c ========
MCB-----+Size----+MG+FL+Prev----+Next----+UNum----+Body----+Call----
0499c03c 001dc7a0 a5 01 04b787dc 04b787dc ffffff00 0499c05c 0000fd98
04b787dc 003a3860 cd 00 0499c03c 0499c03c d3bbbe91 04b787fc 0000fd98
MCB:2(1/1) MEM:00580000(001dc7a0/003a3860)
======== HuMem heap dump 0499c03c end =====
objman>Used Memory Size:0001d2e0
objman>Used Memory Cnt:15
objman>Init esp
objman>Call objectsetup
SOUND ##########################
##########################
DLLStart 35 0
Search:dll/m427dll.rel
objdll>Link DLL:dll/m427dll.rel
Rest Memory 3a3860
===== DLL Module Info dump ====
                   ID:0x00000001
             LinkPrev:0x00000000
             LinkNext:0x00000000
          Section num:15
Section info tbl ofst:0x00000048
           nameOffset:0x00000000
             nameSize:47
              version:0x00000002
===============================
==== DLL Module Header dump ====
          bss Size:0x00000598
        rel Offset:0x00018094
        imp Offset:0x0002275c
    prolog Section:1
    epilog Section:1
unresolved Section:0
       prolog func:0x00000000
       epilog func:0x00000054
   unresolved func:0x00000000
================================
objdll>LinkOK 03bc21f8 32000000
objdll> dll/m427dll.rel prolog start
******* M426ObjectSetup *********
objman>InitObjMan start
objman>InitObjMan end
objdll> dll/m427dll.rel prolog end
objman>ObjectSetup end
port> frame 14471: overlay 35 (next -1) event 0
port> mgdump: entered minigame m427dll (mg 427) at frame 14477; dumping 14777,15677; the run ends at 15777
DLL DBG OUT
Init Player 
ARAM data num 610037
data num 5e0001
Rest Memory 32b280
ARAM data num 120006
data num 6c0001
Rest Memory 2b2ce0
data num 190001
Rest Memory 25a400
data num 890001
Rest Memory 1f98a0
#########SE Entry Error<SE 1621:ErrorNo -33>
#########SE Entry Error<SE 1621:ErrorNo -33>
#########SE Entry Error<SE 1621:ErrorNo -33>
#########SE Entry Error<SE 1622:ErrorNo -33>
#########SE Entry Error<SE 1622:ErrorNo -33>
#########SE Entry Error<SE 1622:ErrorNo -33>
port> status f14520   m427dll      board 0 turn 1/1  mg 427 (m427dll)  coins/stars 13/0c 10/0c 10/0c 13/0c  aud 0.31 ms  33.2 fps
#########SE Entry Error<SE 1621:ErrorNo -33>
#########SE Entry Error<SE 1621:ErrorNo -33>
#########SE Entry Error<SE 1621:ErrorNo -33>
#########SE Entry Error<SE 1622:ErrorNo -33>
#########SE Entry Error<SE 1622:ErrorNo -33>
#########SE Entry Error<SE 1622:ErrorNo -33>
#########SE Entry Error<SE 1621:ErrorNo -33>
#########SE Entry Error<SE 1621:ErrorNo -33>
#########SE Entry Error<SE 1621:ErrorNo -33>
#########SE Entry Error<SE 1622:ErrorNo -33>
#########SE Entry Error<SE 1622:ErrorNo -33>
#########SE Entry Error<SE 1622:ErrorNo -33>
port> status f14580   m427dll      board 0 turn 1/1  mg 427 (m427dll)  coins/stars 13/0c 10/0c 10/0c 13/0c  aud 0.16 ms  39.4 fps
#########SE Entry Error<SE 1621:ErrorNo -33>
#########SE Entry Error<SE 1621:ErrorNo -33>
#########SE Entry Error<SE 1621:ErrorNo -33>
#########SE Entry Error<SE 1622:ErrorNo -33>
#########SE Entry Error<SE 1622:ErrorNo -33>
#########SE Entry Error<SE 1622:ErrorNo -33>
port> status f14640   m427dll      board 0 turn 1/1  mg 427 (m427dll)  coins/stars 13/0c 10/0c 10/0c 13/0c  aud 0.18 ms  40.5 fps
#########SE Entry Error<SE 1621:ErrorNo -33>
#########SE Entry Error<SE 1621:ErrorNo -33>
#########SE Entry Error<SE 1621:ErrorNo -33>
#########SE Entry Error<SE 1622:ErrorNo -33>
#########SE Entry Error<SE 1622:ErrorNo -33>
#########SE Entry Error<SE 1622:ErrorNo -33>
#########SE Entry Error<SE 1621:ErrorNo -33>
#########SE Entry Error<SE 1621:ErrorNo -33>
#########SE Entry Error<SE 1621:ErrorNo -33>
#########SE Entry Error<SE 1622:ErrorNo -33>
#########SE Entry Error<SE 1622:ErrorNo -33>
#########SE Entry Error<SE 1622:ErrorNo -33>
port> status f14700   m427dll      board 0 turn 1/1  mg 427 (m427dll)  coins/stars 13/0c 10/0c 10/0c 13/0c  aud 0.18 ms  41.3 fps
#########SE Entry Error<SE 1621:ErrorNo -33>
#########SE Entry Error<SE 1621:ErrorNo -33>
#########SE Entry Error<SE 1621:ErrorNo -33>
#########SE Entry Error<SE 1622:ErrorNo -33>
#########SE Entry Error<SE 1622:ErrorNo -33>
#########SE Entry Error<SE 1622:ErrorNo -33>
#########SE Entry Error<SE 1621:ErrorNo -33>
#########SE Entry Error<SE 1621:ErrorNo -33>
#########SE Entry Error<SE 1621:ErrorNo -33>
#########SE Entry Error<SE 1622:ErrorNo -33>
#########SE Entry Error<SE 1622:ErrorNo -33>
#########SE Entry Error<SE 1622:ErrorNo -33>
port> status f14760   m427dll      board 0 turn 1/1  mg 427 (m427dll)  coins/stars 13/0c 10/0c 10/0c 13/0c  aud 0.15 ms  40.4 fps
#########SE Entry Error<SE 1621:ErrorNo -33>
#########SE Entry Error<SE 1621:ErrorNo -33>
#########SE Entry Error<SE 1621:ErrorNo -33>
#########SE Entry Error<SE 1622:ErrorNo -33>
#########SE Entry Error<SE 1622:ErrorNo -33>
#########SE Entry Error<SE 1622:ErrorNo -33>
drawhash> f14776 b0 obj=? mdl=-1 verts=4 stride=32 h=4a03b1e8 mtx=46095caa state=4939d492
drawhash>   parts chan=db5409d5 light=1f038dd5 texgen=7c17a78f tev=144f3673 bound=bb8fc8a1 pixel=610f9e98 proj=4.02369,0,2.41421,0 vp=0,0,320,480
drawhash>   texgen1 func 1 src 5 mtx 30: 1 0 0 0 / 0 1 0 -0.152 / 0 0 1 0
drawhash>   texgen2 func 1 src 4 mtx 33: 1 0 0 0.152 / 0 1 0 0.152 / 0 0 1 0
drawhash>   reg 00000000 8080807f ffffffff 00b6cc40 konst 000000ff 0395fdcc 00000000 00000000 scissor 0 0 320 480 proj -0.00603622 -301.811 0
drawhash>   chan0 amb ffffffff mat ffffffff mask 1
drawhash>   chan1 amb 00000000 mat ffffffff mask 0
drawhash>   light0 pos 36.0309 -104.606 -2020.77 dir 0.433467 0.326213 -0.840054 col faf0d2 k 1 0 0 a -22.4176 46.8353 -23.4176
drawhash>   light1 pos 3.52087 -129.072 -1957.76 dir 0 0 0 col c8f0a0 k 1 0 6.4e-05 a 1 0 0
drawhash>   light2 pos 10251.1 7012.56 -22039 dir 0 0 0 col faf0d2 k 1 0 1.5625e-06 a 1 0 0
drawhash> f14776 b1 obj=? mdl=-1 verts=676 stride=36 h=7bfc210a mtx=5062db5b state=c45887ea
drawhash>   parts chan=926ca0d2 light=bff5b78b texgen=7c17a78f tev=aa968f41 bound=456a5001 pixel=d7e810a4 proj=4.02369,0,2.41421,0 vp=0,0,320,480
drawhash>   reg 00000000 000000ff ffffffff 00b6cc40 konst 000000ff 0395fdcc 00000000 00000000 scissor 0 0 320 480 proj -0.00603622 -301.811 0
drawhash>   chan0 amb 0c0c0cff mat ffffffff mask 1
drawhash>   chan1 amb 00000000 mat ffffffff mask 0
drawhash>   light0 pos 133.641 102.54 -2170.21 dir -2.77718e-09 0.931445 0.363883 col fff0dc k 1 0 8.22369e-06 a 1 0 0
drawhash>   light1 pos 3.52087 -129.072 -1957.76 dir 0 0 0 col c8f0a0 k 1 0 6.4e-05 a 1 0 0
drawhash>   light2 pos 10251.1 7012.56 -22039 dir 0 0 0 col faf0d2 k 1 0 1.5625e-06 a 1 0 0
drawhash> f14776 b2 obj=? mdl=-1 verts=42 stride=36 h=629f025a mtx=5062db5b state=9cf3ff52
drawhash>   parts chan=926ca0d2 light=bff5b78b texgen=7c17a78f tev=aa968f41 bound=2a163ee7 pixel=d7e810a4 proj=4.02369,0,2.41421,0 vp=0,0,320,480
drawhash>   reg 00000000 000000ff ffffffff 00b6cc40 konst 000000ff 0395fdcc 00000000 00000000 scissor 0 0 320 480 proj -0.00603622 -301.811 0
drawhash>   chan0 amb 0c0c0cff mat ffffffff mask 1
drawhash>   chan1 amb 00000000 mat ffffffff mask 0
drawhash>   light0 pos 133.641 102.54 -2170.21 dir -2.77718e-09 0.931445 0.363883 col fff0dc k 1 0 8.22369e-06 a 1 0 0
drawhash>   light1 pos 3.52087 -129.072 -1957.76 dir 0 0 0 col c8f0a0 k 1 0 6.4e-05 a 1 0 0
drawhash>   light2 pos 10251.1 7012.56 -22039 dir 0 0 0 col faf0d2 k 1 0 1.5625e-06 a 1 0 0
drawhash> f14776 b3 obj=? mdl=-1 verts=489 stride=36 h=49bcc503 mtx=5062db5b state=4dfd635c
drawhash>   parts chan=926ca0d2 light=bff5b78b texgen=7c17a78f tev=aa968f41 bound=f66c4384 pixel=d7e810a4 proj=4.02369,0,2.41421,0 vp=0,0,320,480
drawhash>   reg 00000000 000000ff ffffffff 00b6cc40 konst 000000ff 0395fdcc 00000000 00000000 scissor 0 0 320 480 proj -0.00603622 -301.811 0
drawhash>   chan0 amb 0c0c0cff mat ffffffff mask 1
drawhash>   chan1 amb 00000000 mat ffffffff mask 0
drawhash>   light0 pos 133.641 102.54 -2170.21 dir -2.77718e-09 0.931445 0.363883 col fff0dc k 1 0 8.22369e-06 a 1 0 0
drawhash>   light1 pos 3.52087 -129.072 -1957.76 dir 0 0 0 col c8f0a0 k 1 0 6.4e-05 a 1 0 0
drawhash>   light2 pos 10251.1 7012.56 -22039 dir 0 0 0 col faf0d2 k 1 0 1.5625e-06 a 1 0 0
drawhash> f14776 b4 obj=? mdl=-1 verts=63 stride=36 h=3b8e26cb mtx=5062db5b state=c45887ea
drawhash>   parts chan=926ca0d2 light=bff5b78b texgen=7c17a78f tev=aa968f41 bound=456a5001 pixel=d7e810a4 proj=4.02369,0,2.41421,0 vp=0,0,320,480
drawhash>   reg 00000000 000000ff ffffffff 00b6cc40 konst 000000ff 0395fdcc 00000000 00000000 scissor 0 0 320 480 proj -0.00603622 -301.811 0
drawhash>   chan0 amb 0c0c0cff mat ffffffff mask 1
drawhash>   chan1 amb 00000000 mat ffffffff mask 0
drawhash>   light0 pos 133.641 102.54 -2170.21 dir -2.77718e-09 0.931445 0.363883 col fff0dc k 1 0 8.22369e-06 a 1 0 0
drawhash>   light1 pos 3.52087 -129.072 -1957.76 dir 0 0 0 col c8f0a0 k 1 0 6.4e-05 a 1 0 0
drawhash>   light2 pos 10251.1 7012.56 -22039 dir 0 0 0 col faf0d2 k 1 0 1.5625e-06 a 1 0 0
drawhash> f14776 b5 obj=? mdl=-1 verts=180 stride=36 h=a4203c49 mtx=dcfeba43 state=6374087a
drawhash>   parts chan=9afde57a light=bff5b78b texgen=7c17a78f tev=aa968f41 bound=2a163ee7 pixel=d7e810a4 proj=4.02369,0,2.41421,0 vp=0,0,320,480
drawhash>   reg 00000000 433000ff ffffffff 00b6cc40 konst 000000ff 0395fdcc 00000000 00000000 scissor 0 0 320 480 proj -0.00603622 -301.811 0
drawhash>   chan0 amb 0c0c0cff mat fffbffff mask 1
drawhash>   chan1 amb 00000000 mat ffffffff mask 0
drawhash>   light0 pos 133.641 102.54 -2170.21 dir -2.77718e-09 0.931445 0.363883 col fff0dc k 1 0 8.22369e-06 a 1 0 0
drawhash>   light1 pos 3.52087 -129.072 -1957.76 dir 0 0 0 col c8f0a0 k 1 0 6.4e-05 a 1 0 0
drawhash>   light2 pos 10251.1 7012.56 -22039 dir 0 0 0 col faf0d2 k 1 0 1.5625e-06 a 1 0 0
drawhash> f14776 b6 obj=? mdl=-1 verts=20 stride=36 h=930ec7c9 mtx=b54f6024 state=7710c70e
drawhash>   parts chan=926ca0d2 light=bff5b78b texgen=7c17a78f tev=aa968f41 bound=3f216851 pixel=d7e810a4 proj=4.02369,0,2.41421,0 vp=0,0,320,480
drawhash>   reg 00000000 433000ff ffffffff 00b6cc40 konst 000000ff 0395fdcc 00000000 00000000 scissor 0 0 320 480 proj -0.00603622 -301.811 0
drawhash>   chan0 amb 0c0c0cff mat ffffffff mask 1
drawhash>   chan1 amb 00000000 mat ffffffff mask 0
drawhash>   light0 pos 133.641 102.54 -2170.21 dir -2.77718e-09 0.931445 0.363883 col fff0dc k 1 0 8.22369e-06 a 1 0 0
drawhash>   light1 pos 3.52087 -129.072 -1957.76 dir 0 0 0 col c8f0a0 k 1 0 6.4e-05 a 1 0 0
drawhash>   light2 pos 10251.1 7012.56 -22039 dir 0 0 0 col faf0d2 k 1 0 1.5625e-06 a 1 0 0
drawhash> f14776 b7 obj=? mdl=-1 verts=16 stride=36 h=42c6e1e9 mtx=f9f3a393 state=7710c70e
drawhash>   parts chan=926ca0d2 light=bff5b78b texgen=7c17a78f tev=aa968f41 bound=3f216851 pixel=d7e810a4 proj=4.02369,0,2.41421,0 vp=0,0,320,480
drawhash>   reg 00000000 433000ff ffffffff 00b6cc40 konst 000000ff 0395fdcc 00000000 00000000 scissor 0 0 320 480 proj -0.00603622 -301.811 0
drawhash>   chan0 amb 0c0c0cff mat ffffffff mask 1
drawhash>   chan1 amb 00000000 mat ffffffff mask 0
drawhash>   light0 pos 133.641 102.54 -2170.21 dir -2.77718e-09 0.931445 0.363883 col fff0dc k 1 0 8.22369e-06 a 1 0 0
drawhash>   light1 pos 3.52087 -129.072 -1957.76 dir 0 0 0 col c8f0a0 k 1 0 6.4e-05 a 1 0 0
drawhash>   light2 pos 10251.1 7012.56 -22039 dir 0 0 0 col faf0d2 k 1 0 1.5625e-06 a 1 0 0
drawhash> f14776 b8 obj=? mdl=-1 verts=72 stride=36 h=8ee482f1 mtx=0374a1b0 state=7710c70e
drawhash>   parts chan=926ca0d2 light=bff5b78b texgen=7c17a78f tev=aa968f41 bound=3f216851 pixel=d7e810a4 proj=4.02369,0,2.41421,0 vp=0,0,320,480
drawhash>   reg 00000000 433000ff ffffffff 00b6cc40 konst 000000ff 0395fdcc 00000000 00000000 scissor 0 0 320 480 proj -0.00603622 -301.811 0
drawhash>   chan0 amb 0c0c0cff mat ffffffff mask 1
drawhash>   chan1 amb 00000000 mat ffffffff mask 0
drawhash>   light0 pos 133.641 102.54 -2170.21 dir -2.77718e-09 0.931445 0.363883 col fff0dc k 1 0 8.22369e-06 a 1 0 0
drawhash>   light1 pos 3.52087 -129.072 -1957.76 dir 0 0 0 col c8f0a0 k 1 0 6.4e-05 a 1 0 0
drawhash>   light2 pos 10251.1 7012.56 -22039 dir 0 0 0 col faf0d2 k 1 0 1.5625e-06 a 1 0 0
drawhash> f14776 b9 obj=? mdl=-1 verts=72 stride=36 h=bf12e3cd mtx=785cfd3c state=7710c70e
drawhash>   parts chan=926ca0d2 light=bff5b78b texgen=7c17a78f tev=aa968f41 bound=3f216851 pixel=d7e810a4 proj=4.02369,0,2.41421,0 vp=0,0,320,480
drawhash>   reg 00000000 433000ff ffffffff 00b6cc40 konst 000000ff 0395fdcc 00000000 00000000 scissor 0 0 320 480 proj -0.00603622 -301.811 0
drawhash>   chan0 amb 0c0c0cff mat ffffffff mask 1
drawhash>   chan1 amb 00000000 mat ffffffff mask 0
drawhash>   light0 pos 133.641 102.54 -2170.21 dir -2.77718e-09 0.931445 0.363883 col fff0dc k 1 0 8.22369e-06 a 1 0 0
drawhash>   light1 pos 3.52087 -129.072 -1957.76 dir 0 0 0 col c8f0a0 k 1 0 6.4e-05 a 1 0 0
drawhash>   light2 pos 10251.1 7012.56 -22039 dir 0 0 0 col faf0d2 k 1 0 1.5625e-06 a 1 0 0
drawhash> f14776 b10 obj=? mdl=-1 verts=168 stride=36 h=9c8e5f88 mtx=94c2f112 state=7bb88314
drawhash>   parts chan=6dc82542 light=bff5b78b texgen=7c17a78f tev=aa968f41 bound=b62746c8 pixel=d7e810a4 proj=4.02369,0,2.41421,0 vp=0,0,320,480
drawhash>   reg 00000000 433000ff ffffffff 00b6cc40 konst 000000ff 0395fdcc 00000000 00000000 scissor 0 0 320 480 proj -0.00603622 -301.811 0
drawhash>   chan0 amb 0c0c0cff mat fdffffff mask 1
drawhash>   chan1 amb 00000000 mat ffffffff mask 0
drawhash>   light0 pos 133.641 102.54 -2170.21 dir -2.77718e-09 0.931445 0.363883 col fff0dc k 1 0 8.22369e-06 a 1 0 0
drawhash>   light1 pos 3.52087 -129.072 -1957.76 dir 0 0 0 col c8f0a0 k 1 0 6.4e-05 a 1 0 0
drawhash>   light2 pos 10251.1 7012.56 -22039 dir 0 0 0 col faf0d2 k 1 0 1.5625e-06 a 1 0 0
drawhash> f14776 b11 obj=? mdl=-1 verts=82 stride=36 h=3ade3dc1 mtx=5bbd9b42 state=1413fc0f
drawhash>   parts chan=926ca0d2 light=bff5b78b texgen=7c17a78f tev=aa968f41 bound=d77c1a42 pixel=d7e810a4 proj=4.02369,0,2.41421,0 vp=0,0,320,480
drawhash>   reg 00000000 433000ff ffffffff 00b6cc40 konst 000000ff 0395fdcc 00000000 00000000 scissor 0 0 320 480 proj -0.00603622 -301.811 0
drawhash>   chan0 amb 0c0c0cff mat ffffffff mask 1
drawhash>   chan1 amb 00000000 mat ffffffff mask 0
drawhash>   light0 pos 133.641 102.54 -2170.21 dir -2.77718e-09 0.931445 0.363883 col fff0dc k 1 0 8.22369e-06 a 1 0 0
drawhash>   light1 pos 3.52087 -129.072 -1957.76 dir 0 0 0 col c8f0a0 k 1 0 6.4e-05 a 1 0 0
drawhash>   light2 pos 10251.1 7012.56 -22039 dir 0 0 0 col faf0d2 k 1 0 1.5625e-06 a 1 0 0
drawhash> f14776 b12 obj=? mdl=-1 verts=82 stride=36 h=cc23b79d mtx=6c5ac449 state=26a4e066
drawhash>   parts chan=926ca0d2 light=bff5b78b texgen=7c17a78f tev=aa968f41 bound=46e583d8 pixel=d7e810a4 proj=4.02369,0,2.41421,0 vp=0,0,320,480
drawhash>   reg 00000000 433000ff ffffffff 00b6cc40 konst 000000ff 0395fdcc 00000000 00000000 scissor 0 0 320 480 proj -0.00603622 -301.811 0
drawhash>   chan0 amb 0c0c0cff mat ffffffff mask 1
drawhash>   chan1 amb 00000000 mat ffffffff mask 0
drawhash>   light0 pos 133.641 102.54 -2170.21 dir -2.77718e-09 0.931445 0.363883 col fff0dc k 1 0 8.22369e-06 a 1 0 0
drawhash>   light1 pos 3.52087 -129.072 -1957.76 dir 0 0 0 col c8f0a0 k 1 0 6.4e-05 a 1 0 0
drawhash>   light2 pos 10251.1 7012.56 -22039 dir 0 0 0 col faf0d2 k 1 0 1.5625e-06 a 1 0 0
drawhash> f14776 b13 obj=? mdl=-1 verts=82 stride=36 h=4683a05f mtx=60d925cb state=cb008109
drawhash>   parts chan=926ca0d2 light=bff5b78b texgen=7c17a78f tev=aa968f41 bound=b08459ae pixel=d7e810a4 proj=4.02369,0,2.41421,0 vp=0,0,320,480
drawhash>   reg 00000000 433000ff ffffffff 00b6cc40 konst 000000ff 0395fdcc 00000000 00000000 scissor 0 0 320 480 proj -0.00603622 -301.811 0
drawhash>   chan0 amb 0c0c0cff mat ffffffff mask 1
drawhash>   chan1 amb 00000000 mat ffffffff mask 0
drawhash>   light0 pos 133.641 102.54 -2170.21 dir -2.77718e-09 0.931445 0.363883 col fff0dc k 1 0 8.22369e-06 a 1 0 0
drawhash>   light1 pos 3.52087 -129.072 -1957.76 dir 0 0 0 col c8f0a0 k 1 0 6.4e-05 a 1 0 0
drawhash>   light2 pos 10251.1 7012.56 -22039 dir 0 0 0 col faf0d2 k 1 0 1.5625e-06 a 1 0 0
drawhash> f14776 b14 obj=? mdl=-1 verts=82 stride=36 h=b3103ac3 mtx=d3a54fd3 state=a32bb880
drawhash>   parts chan=926ca0d2 light=bff5b78b texgen=7c17a78f tev=aa968f41 bound=cc4c7698 pixel=d7e810a4 proj=4.02369,0,2.41421,0 vp=0,0,320,480
drawhash>   reg 00000000 433000ff ffffffff 00b6cc40 konst 000000ff 0395fdcc 00000000 00000000 scissor 0 0 320 480 proj -0.00603622 -301.811 0
drawhash>   chan0 amb 0c0c0cff mat ffffffff mask 1
drawhash>   chan1 amb 00000000 mat ffffffff mask 0
drawhash>   light0 pos 133.641 102.54 -2170.21 dir -2.77718e-09 0.931445 0.363883 col fff0dc k 1 0 8.22369e-06 a 1 0 0
drawhash>   light1 pos 3.52087 -129.072 -1957.76 dir 0 0 0 col c8f0a0 k 1 0 6.4e-05 a 1 0 0
drawhash>   light2 pos 10251.1 7012.56 -22039 dir 0 0 0 col faf0d2 k 1 0 1.5625e-06 a 1 0 0
drawhash> f14776 b15 obj=? mdl=-1 verts=96 stride=36 h=eeb349d6 mtx=e4ca47aa state=dbeedb95
drawhash>   parts chan=cd46228e light=bff5b78b texgen=7c17a78f tev=aa968f41 bound=442f74c8 pixel=d7e810a4 proj=4.02369,0,2.41421,0 vp=0,0,320,480
drawhash>   reg 00000000 433000ff ffffffff 00b6cc40 konst 000000ff 0395fdcc 00000000 00000000 scissor 0 0 320 480 proj -0.00603622 -301.811 0
drawhash>   chan0 amb ffffffff mat ffffffff mask 0
drawhash>   chan1 amb 00000000 mat ffffffff mask 0
drawhash>   light0 pos 133.641 102.54 -2170.21 dir -2.77718e-09 0.931445 0.363883 col fff0dc k 1 0 8.22369e-06 a 1 0 0
drawhash>   light1 pos 3.52087 -129.072 -1957.76 dir 0 0 0 col c8f0a0 k 1 0 6.4e-05 a 1 0 0
drawhash>   light2 pos 10251.1 7012.56 -22039 dir 0 0 0 col faf0d2 k 1 0 1.5625e-06 a 1 0 0
drawhash> f14776 b16 obj=? mdl=-1 verts=110 stride=36 h=59189900 mtx=cb1f7f39 state=ca16b88a
drawhash>   parts chan=cd46228e light=bff5b78b texgen=7c17a78f tev=aa968f41 bound=d1d46a9b pixel=d7e810a4 proj=4.02369,0,2.41421,0 vp=0,0,320,480
drawhash>   reg 00000000 433000ff ffffffff 00b6cc40 konst 000000ff 0395fdcc 00000000 00000000 scissor 0 0 320 480 proj -0.00603622 -301.811 0
drawhash>   chan0 amb ffffffff mat ffffffff mask 0
drawhash>   chan1 amb 00000000 mat ffffffff mask 0
drawhash>   light0 pos 133.641 102.54 -2170.21 dir -2.77718e-09 0.931445 0.363883 col fff0dc k 1 0 8.22369e-06 a 1 0 0
drawhash>   light1 pos 3.52087 -129.072 -1957.76 dir 0 0 0 col c8f0a0 k 1 0 6.4e-05 a 1 0 0
drawhash>   light2 pos 10251.1 7012.56 -22039 dir 0 0 0 col faf0d2 k 1 0 1.5625e-06 a 1 0 0
drawhash> f14776 b17 obj=? mdl=-1 verts=110 stride=36 h=b13bb630 mtx=2a3b9126 state=ca16b88a
drawhash>   parts chan=cd46228e light=bff5b78b texgen=7c17a78f tev=aa968f41 bound=d1d46a9b pixel=d7e810a4 proj=4.02369,0,2.41421,0 vp=0,0,320,480
drawhash>   reg 00000000 433000ff ffffffff 00b6cc40 konst 000000ff 0395fdcc 00000000 00000000 scissor 0 0 320 480 proj -0.00603622 -301.811 0
drawhash>   chan0 amb ffffffff mat ffffffff mask 0
drawhash>   chan1 amb 00000000 mat ffffffff mask 0
drawhash>   light0 pos 133.641 102.54 -2170.21 dir -2.77718e-09 0.931445 0.363883 col fff0dc k 1 0 8.22369e-06 a 1 0 0
drawhash>   light1 pos 3.52087 -129.072 -1957.76 dir 0 0 0 col c8f0a0 k 1 0 6.4e-05 a 1 0 0
drawhash>   light2 pos 10251.1 7012.56 -22039 dir 0 0 0 col faf0d2 k 1 0 1.5625e-06 a 1 0 0
drawhash> f14776 b18 obj=? mdl=-1 verts=268 stride=36 h=d74840e4 mtx=386950a4 state=f6d5b162
drawhash>   parts chan=6c16255e light=1425b61c texgen=7c17a78f tev=aa968f41 bound=7b6e5932 pixel=d7e810a4 proj=4.02369,0,2.41421,0 vp=0,0,320,480
drawhash>   reg 00000000 433000ff ffffffff 00b6cc40 konst 000000ff 0395fdcc 00000000 00000000 scissor 0 0 320 480 proj -0.00603622 -301.811 0
drawhash>   chan0 amb 0c0c0cff mat ffffffff mask 7
drawhash>   chan1 amb 00000000 mat ffffffff mask 0
drawhash>   light0 pos 34.7128 -105.428 -2022.6 dir 0.420971 0.330068 -0.844889 col faf0d2 k 1 0 0 a -22.4176 46.8353 -23.4176
drawhash>   light1 pos 1325.83 371.38 -2451.29 dir 0 0 0 col ffffff k 1 0 4.97588e-06 a 1 0 0
drawhash>   light2 pos -1283.16 -291.213 -755.227 dir 0 0 0 col ffffff k 1 0 4.97588e-06 a 1 0 0
drawhash> f14776 b19 obj=? mdl=-1 verts=128 stride=36 h=4b2a1b4d mtx=8ccd53f3 state=2039c787
drawhash>   parts chan=6c16255e light=1425b61c texgen=7c17a78f tev=aa968f41 bound=115b9cc0 pixel=d7e810a4 proj=4.02369,0,2.41421,0 vp=0,0,320,480
drawhash>   reg 00000000 433000ff ffffffff 00b6cc40 konst 000000ff 0395fdcc 00000000 00000000 scissor 0 0 320 480 proj -0.00603622 -301.811 0
drawhash>   chan0 amb 0c0c0cff mat ffffffff mask 7
drawhash>   chan1 amb 00000000 mat ffffffff mask 0
drawhash>   light0 pos 34.7128 -105.428 -2022.6 dir 0.420971 0.330068 -0.844889 col faf0d2 k 1 0 0 a -22.4176 46.8353 -23.4176
drawhash>   light1 pos 1325.83 371.38 -2451.29 dir 0 0 0 col ffffff k 1 0 4.97588e-06 a 1 0 0
drawhash>   light2 pos -1283.16 -291.213 -755.227 dir 0 0 0 col ffffff k 1 0 4.97588e-06 a 1 0 0
drawhash> f14776 b20 obj=? mdl=-1 verts=108 stride=36 h=cfbe6d2f mtx=6af261c4 state=45e6a3fb
drawhash>   parts chan=4881f307 light=1425b61c texgen=7c17a78f tev=aa968f41 bound=b7358c00 pixel=d7e810a4 proj=4.02369,0,2.41421,0 vp=0,0,320,480
drawhash>   reg 00000000 433000ff ffffffff 00b6cc40 konst 000000ff 0395fdcc 00000000 00000000 scissor 0 0 320 480 proj -0.00603622 -301.811 0
drawhash>   chan0 amb 0c0c0cff mat ffffffff mask 7
drawhash>   chan1 amb 00000000 mat ffffffff mask 0
drawhash>   light0 pos 34.7128 -105.428 -2022.6 dir 0.420971 0.330068 -0.844889 col faf0d2 k 1 0 0 a -22.4176 46.8353 -23.4176
drawhash>   light1 pos 1325.83 371.38 -2451.29 dir 0 0 0 col ffffff k 1 0 4.97588e-06 a 1 0 0
drawhash>   light2 pos -1283.16 -291.213 -755.227 dir 0 0 0 col ffffff k 1 0 4.97588e-06 a 1 0 0
drawhash> f14776 b21 obj=? mdl=-1 verts=51 stride=36 h=ebffd1db mtx=f547fd63 state=45e6a3fb
drawhash>   parts chan=4881f307 light=1425b61c texgen=7c17a78f tev=aa968f41 bound=b7358c00 pixel=d7e810a4 proj=4.02369,0,2.41421,0 vp=0,0,320,480
drawhash>   reg 00000000 433000ff ffffffff 00b6cc40 konst 000000ff 0395fdcc 00000000 00000000 scissor 0 0 320 480 proj -0.00603622 -301.811 0
drawhash>   chan0 amb 0c0c0cff mat ffffffff mask 7
drawhash>   chan1 amb 00000000 mat ffffffff mask 0
drawhash>   light0 pos 34.7128 -105.428 -2022.6 dir 0.420971 0.330068 -0.844889 col faf0d2 k 1 0 0 a -22.4176 46.8353 -23.4176
drawhash>   light1 pos 1325.83 371.38 -2451.29 dir 0 0 0 col ffffff k 1 0 4.97588e-06 a 1 0 0
drawhash>   light2 pos -1283.16 -291.213 -755.227 dir 0 0 0 col ffffff k 1 0 4.97588e-06 a 1 0 0
drawhash> f14776 b22 obj=? mdl=-1 verts=266 stride=36 h=426c1b36 mtx=31698cef state=f6d5b162
drawhash>   parts chan=6c16255e light=1425b61c texgen=7c17a78f tev=aa968f41 bound=7b6e5932 pixel=d7e810a4 proj=4.02369,0,2.41421,0 vp=0,0,320,480
drawhash>   reg 00000000 433000ff ffffffff 00b6cc40 konst 000000ff 0395fdcc 00000000 00000000 scissor 0 0 320 480 proj -0.00603622 -301.811 0
drawhash>   chan0 amb 0c0c0cff mat ffffffff mask 7
drawhash>   chan1 amb 00000000 mat ffffffff mask 0
drawhash>   light0 pos 34.7128 -105.428 -2022.6 dir 0.420971 0.330068 -0.844889 col faf0d2 k 1 0 0 a -22.4176 46.8353 -23.4176
drawhash>   light1 pos 1325.83 371.38 -2451.29 dir 0 0 0 col ffffff k 1 0 4.97588e-06 a 1 0 0
drawhash>   light2 pos -1283.16 -291.213 -755.227 dir 0 0 0 col ffffff k 1 0 4.97588e-06 a 1 0 0
drawhash> f14776 b23 obj=? mdl=-1 verts=128 stride=36 h=d272c613 mtx=24da5121 state=2039c787
drawhash>   parts chan=6c16255e light=1425b61c texgen=7c17a78f tev=aa968f41 bound=115b9cc0 pixel=d7e810a4 proj=4.02369,0,2.41421,0 vp=0,0,320,480
drawhash>   reg 00000000 433000ff ffffffff 00b6cc40 konst 000000ff 0395fdcc 00000000 00000000 scissor 0 0 320 480 proj -0.00603622 -301.811 0
drawhash>   chan0 amb 0c0c0cff mat ffffffff mask 7
drawhash>   chan1 amb 00000000 mat ffffffff mask 0
drawhash>   light0 pos 34.7128 -105.428 -2022.6 dir 0.420971 0.330068 -0.844889 col faf0d2 k 1 0 0 a -22.4176 46.8353 -23.4176
drawhash>   light1 pos 1325.83 371.38 -2451.29 dir 0 0 0 col ffffff k 1 0 4.97588e-06 a 1 0 0
drawhash>   light2 pos -1283.16 -291.213 -755.227 dir 0 0 0 col ffffff k 1 0 4.97588e-06 a 1 0 0
drawhash> f14776 b24 obj=? mdl=-1 verts=108 stride=36 h=853c7898 mtx=e748bedd state=45e6a3fb
drawhash>   parts chan=4881f307 light=1425b61c texgen=7c17a78f tev=aa968f41 bound=b7358c00 pixel=d7e810a4 proj=4.02369,0,2.41421,0 vp=0,0,320,480
drawhash>   reg 00000000 433000ff ffffffff 00b6cc40 konst 000000ff 0395fdcc 00000000 00000000 scissor 0 0 320 480 proj -0.00603622 -301.811 0
drawhash>   chan0 amb 0c0c0cff mat ffffffff mask 7
drawhash>   chan1 amb 00000000 mat ffffffff mask 0
drawhash>   light0 pos 34.7128 -105.428 -2022.6 dir 0.420971 0.330068 -0.844889 col faf0d2 k 1 0 0 a -22.4176 46.8353 -23.4176
drawhash>   light1 pos 1325.83 371.38 -2451.29 dir 0 0 0 col ffffff k 1 0 4.97588e-06 a 1 0 0
drawhash>   light2 pos -1283.16 -291.213 -755.227 dir 0 0 0 col ffffff k 1 0 4.97588e-06 a 1 0 0
drawhash> f14776 b25 obj=? mdl=-1 verts=51 stride=36 h=5fb2dacb mtx=5ea73bb4 state=45e6a3fb
drawhash>   parts chan=4881f307 light=1425b61c texgen=7c17a78f tev=aa968f41 bound=b7358c00 pixel=d7e810a4 proj=4.02369,0,2.41421,0 vp=0,0,320,480
drawhash>   reg 00000000 433000ff ffffffff 00b6cc40 konst 000000ff 0395fdcc 00000000 00000000 scissor 0 0 320 480 proj -0.00603622 -301.811 0
drawhash>   chan0 amb 0c0c0cff mat ffffffff mask 7
drawhash>   chan1 amb 00000000 mat ffffffff mask 0
drawhash>   light0 pos 34.7128 -105.428 -2022.6 dir 0.420971 0.330068 -0.844889 col faf0d2 k 1 0 0 a -22.4176 46.8353 -23.4176
drawhash>   light1 pos 1325.83 371.38 -2451.29 dir 0 0 0 col ffffff k 1 0 4.97588e-06 a 1 0 0
drawhash>   light2 pos -1283.16 -291.213 -755.227 dir 0 0 0 col ffffff k 1 0 4.97588e-06 a 1 0 0
drawhash> f14776 b26 obj=? mdl=-1 verts=234 stride=36 h=cf031274 mtx=0a176594 state=f6d5b162
drawhash>   parts chan=6c16255e light=1425b61c texgen=7c17a78f tev=aa968f41 bound=7b6e5932 pixel=d7e810a4 proj=4.02369,0,2.41421,0 vp=0,0,320,480
drawhash>   reg 00000000 433000ff ffffffff 00b6cc40 konst 000000ff 0395fdcc 00000000 00000000 scissor 0 0 320 480 proj -0.00603622 -301.811 0
drawhash>   chan0 amb 0c0c0cff mat ffffffff mask 7
drawhash>   chan1 amb 00000000 mat ffffffff mask 0
drawhash>   light0 pos 34.7128 -105.428 -2022.6 dir 0.420971 0.330068 -0.844889 col faf0d2 k 1 0 0 a -22.4176 46.8353 -23.4176
drawhash>   light1 pos 1325.83 371.38 -2451.29 dir 0 0 0 col ffffff k 1 0 4.97588e-06 a 1 0 0
drawhash>   light2 pos -1283.16 -291.213 -755.227 dir 0 0 0 col ffffff k 1 0 4.97588e-06 a 1 0 0
drawhash> f14776 b27 obj=? mdl=-1 verts=112 stride=36 h=bddeb4c6 mtx=fcf3280b state=2039c787
drawhash>   parts chan=6c16255e light=1425b61c texgen=7c17a78f tev=aa968f41 bound=115b9cc0 pixel=d7e810a4 proj=4.02369,0,2.41421,0 vp=0,0,320,480
drawhash>   reg 00000000 433000ff ffffffff 00b6cc40 konst 000000ff 0395fdcc 00000000 00000000 scissor 0 0 320 480 proj -0.00603622 -301.811 0
drawhash>   chan0 amb 0c0c0cff mat ffffffff mask 7
drawhash>   chan1 amb 00000000 mat ffffffff mask 0
drawhash>   light0 pos 34.7128 -105.428 -2022.6 dir 0.420971 0.330068 -0.844889 col faf0d2 k 1 0 0 a -22.4176 46.8353 -23.4176
drawhash>   light1 pos 1325.83 371.38 -2451.29 dir 0 0 0 col ffffff k 1 0 4.97588e-06 a 1 0 0
drawhash>   light2 pos -1283.16 -291.213 -755.227 dir 0 0 0 col ffffff k 1 0 4.97588e-06 a 1 0 0
drawhash> f14776 b28 obj=? mdl=-1 verts=138 stride=36 h=fe021d52 mtx=2b72497c state=0b56688b
drawhash>   parts chan=7233e8c6 light=6994dd68 texgen=7c17a78f tev=aa968f41 bound=540936c4 pixel=d7e810a4 proj=4.02369,0,2.41421,0 vp=0,0,320,480
drawhash>   reg 00000000 433000ff ffffffff 00b6cc40 konst 000000ff 0395fdcc 00000000 00000000 scissor 0 0 320 480 proj -0.00603622 -301.811 0
drawhash>   chan0 amb 0c0c0cff mat ffffffff mask 3
drawhash>   chan1 amb 00000000 mat ffffffff mask 0
drawhash>   light0 pos 34.7128 -105.428 -2022.6 dir 0.420971 0.330068 -0.844889 col faf0d2 k 1 0 0 a -22.4176 46.8353 -23.4176
drawhash>   light1 pos 480.611 1316.44 -4870.4 dir 0 0 0 col ffffff k 1 0 4.97588e-06 a 1 0 0
drawhash>   light2 pos -1283.16 -291.213 -755.227 dir 0 0 0 col ffffff k 1 0 4.97588e-06 a 1 0 0
drawhash> f14776 b29 obj=? mdl=-1 verts=128 stride=36 h=4b5ae519 mtx=f1464512 state=26aba9f0
drawhash>   parts chan=7233e8c6 light=6994dd68 texgen=7c17a78f tev=aa968f41 bound=c3ce5786 pixel=d7e810a4 proj=4.02369,0,2.41421,0 vp=0,0,320,480
drawhash>   reg 00000000 433000ff ffffffff 00b6cc40 konst 000000ff 0395fdcc 00000000 00000000 scissor 0 0 320 480 proj -0.00603622 -301.811 0
drawhash>   chan0 amb 0c0c0cff mat ffffffff mask 3
drawhash>   chan1 amb 00000000 mat ffffffff mask 0
drawhash>   light0 pos 34.7128 -105.428 -2022.6 dir 0.420971 0.330068 -0.844889 col faf0d2 k 1 0 0 a -22.4176 46.8353 -23.4176
drawhash>   light1 pos 480.611 1316.44 -4870.4 dir 0 0 0 col ffffff k 1 0 4.97588e-06 a 1 0 0
drawhash>   light2 pos -1283.16 -291.213 -755.227 dir 0 0 0 col ffffff k 1 0 4.97588e-06 a 1 0 0
drawhash> f14776 b30 obj=? mdl=-1 verts=128 stride=36 h=d4bbf1f0 mtx=2b72497c state=0b56688b
drawhash>   parts chan=7233e8c6 light=6994dd68 texgen=7c17a78f tev=aa968f41 bound=540936c4 pixel=d7e810a4 proj=4.02369,0,2.41421,0 vp=0,0,320,480
drawhash>   reg 00000000 433000ff ffffffff 00b6cc40 konst 000000ff 0395fdcc 00000000 00000000 scissor 0 0 320 480 proj -0.00603622 -301.811 0
drawhash>   chan0 amb 0c0c0cff mat ffffffff mask 3
drawhash>   chan1 amb 00000000 mat ffffffff mask 0
drawhash>   light0 pos 34.7128 -105.428 -2022.6 dir 0.420971 0.330068 -0.844889 col faf0d2 k 1 0 0 a -22.4176 46.8353 -23.4176
drawhash>   light1 pos 480.611 1316.44 -4870.4 dir 0 0 0 col ffffff k 1 0 4.97588e-06 a 1 0 0
drawhash>   light2 pos -1283.16 -291.213 -755.227 dir 0 0 0 col ffffff k 1 0 4.97588e-06 a 1 0 0
drawhash> f14776 b31 obj=? mdl=-1 verts=108 stride=36 h=853c7898 mtx=3565b156 state=bf1d93d8
drawhash>   parts chan=e710ed2f light=6994dd68 texgen=7c17a78f tev=aa968f41 bound=ada1e8e4 pixel=d7e810a4 proj=4.02369,0,2.41421,0 vp=0,0,320,480
drawhash>   reg 00000000 433000ff ffffffff 00b6cc40 konst 000000ff 0395fdcc 00000000 00000000 scissor 0 0 320 480 proj -0.00603622 -301.811 0
drawhash>   chan0 amb 0c0c0cff mat ffffffff mask 3
drawhash>   chan1 amb 00000000 mat ffffffff mask 0
drawhash>   light0 pos 34.7128 -105.428 -2022.6 dir 0.420971 0.330068 -0.844889 col faf0d2 k 1 0 0 a -22.4176 46.8353 -23.4176
drawhash>   light1 pos 480.611 1316.44 -4870.4 dir 0 0 0 col ffffff k 1 0 4.97588e-06 a 1 0 0
drawhash>   light2 pos -1283.16 -291.213 -755.227 dir 0 0 0 col ffffff k 1 0 4.97588e-06 a 1 0 0
drawhash> f14776 b32 obj=? mdl=-1 verts=51 stride=36 h=5fb2dacb mtx=4fb32f46 state=bf1d93d8
drawhash>   parts chan=e710ed2f light=6994dd68 texgen=7c17a78f tev=aa968f41 bound=ada1e8e4 pixel=d7e810a4 proj=4.02369,0,2.41421,0 vp=0,0,320,480
drawhash>   reg 00000000 433000ff ffffffff 00b6cc40 konst 000000ff 0395fdcc 00000000 00000000 scissor 0 0 320 480 proj -0.00603622 -301.811 0
drawhash>   chan0 amb 0c0c0cff mat ffffffff mask 3
drawhash>   chan1 amb 00000000 mat ffffffff mask 0
drawhash>   light0 pos 34.7128 -105.428 -2022.6 dir 0.420971 0.330068 -0.844889 col faf0d2 k 1 0 0 a -22.4176 46.8353 -23.4176
drawhash>   light1 pos 480.611 1316.44 -4870.4 dir 0 0 0 col ffffff k 1 0 4.97588e-06 a 1 0 0
drawhash>   light2 pos -1283.16 -291.213 -755.227 dir 0 0 0 col ffffff k 1 0 4.97588e-06 a 1 0 0
drawhash> f14776 b33 obj=? mdl=-1 verts=266 stride=36 h=393e67e5 mtx=77129afb state=8375a279
drawhash>   parts chan=7233e8c6 light=c57fe557 texgen=7c17a78f tev=aa968f41 bound=3c7facc2 pixel=d7e810a4 proj=4.02369,0,2.41421,0 vp=0,0,320,480
drawhash>   reg 00000000 433000ff ffffffff 00b6cc40 konst 000000ff 0395fdcc 00000000 00000000 scissor 0 0 320 480 proj -0.00603622 -301.811 0
drawhash>   chan0 amb 0c0c0cff mat ffffffff mask 3
drawhash>   chan1 amb 00000000 mat ffffffff mask 0
drawhash>   light0 pos 34.7128 -105.428 -2022.6 dir 0.420971 0.330068 -0.844889 col faf0d2 k 1 0 0 a -22.4176 46.8353 -23.4176
drawhash>   light1 pos 2374.76 1798.88 -6105.33 dir 0 0 0 col ffffff k 1 0 4.97588e-06 a 1 0 0
drawhash>   light2 pos -1283.16 -291.213 -755.227 dir 0 0 0 col ffffff k 1 0 4.97588e-06 a 1 0 0
drawhash> f14776 b34 obj=? mdl=-1 verts=128 stride=36 h=b3e025e1 mtx=78e2641a state=0645d60a
drawhash>   parts chan=7233e8c6 light=c57fe557 texgen=7c17a78f tev=aa968f41 bound=c331b7f2 pixel=d7e810a4 proj=4.02369,0,2.41421,0 vp=0,0,320,480
drawhash>   reg 00000000 433000ff ffffffff 00b6cc40 konst 000000ff 0395fdcc 00000000 00000000 scissor 0 0 320 480 proj -0.00603622 -301.811 0
drawhash>   chan0 amb 0c0c0cff mat ffffffff mask 3
drawhash>   chan1 amb 00000000 mat ffffffff mask 0
drawhash>   light0 pos 34.7128 -105.428 -2022.6 dir 0.420971 0.330068 -0.844889 col faf0d2 k 1 0 0 a -22.4176 46.8353 -23.4176
drawhash>   light1 pos 2374.76 1798.88 -6105.33 dir 0 0 0 col ffffff k 1 0 4.97588e-06 a 1 0 0
drawhash>   light2 pos -1283.16 -291.213 -755.227 dir 0 0 0 col ffffff k 1 0 4.97588e-06 a 1 0 0
drawhash> f14776 b35 obj=? mdl=-1 verts=108 stride=36 h=5c878621 mtx=afa3c289 state=2da30c17
drawhash>   parts chan=e710ed2f light=c57fe557 texgen=7c17a78f tev=aa968f41 bound=a1de11db pixel=d7e810a4 proj=4.02369,0,2.41421,0 vp=0,0,320,480
drawhash>   reg 00000000 433000ff ffffffff 00b6cc40 konst 000000ff 0395fdcc 00000000 00000000 scissor 0 0 320 480 proj -0.00603622 -301.811 0
drawhash>   chan0 amb 0c0c0cff mat ffffffff mask 3
drawhash>   chan1 amb 00000000 mat ffffffff mask 0
drawhash>   light0 pos 34.7128 -105.428 -2022.6 dir 0.420971 0.330068 -0.844889 col faf0d2 k 1 0 0 a -22.4176 46.8353 -23.4176
drawhash>   light1 pos 2374.76 1798.88 -6105.33 dir 0 0 0 col ffffff k 1 0 4.97588e-06 a 1 0 0
drawhash>   light2 pos -1283.16 -291.213 -755.227 dir 0 0 0 col ffffff k 1 0 4.97588e-06 a 1 0 0
drawhash> f14776 b36 obj=? mdl=-1 verts=51 stride=36 h=3e9b301f mtx=b25bfced state=2da30c17
drawhash>   parts chan=e710ed2f light=c57fe557 texgen=7c17a78f tev=aa968f41 bound=a1de11db pixel=d7e810a4 proj=4.02369,0,2.41421,0 vp=0,0,320,480
drawhash>   reg 00000000 433000ff ffffffff 00b6cc40 konst 000000ff 0395fdcc 00000000 00000000 scissor 0 0 320 480 proj -0.00603622 -301.811 0
drawhash>   chan0 amb 0c0c0cff mat ffffffff mask 3
drawhash>   chan1 amb 00000000 mat ffffffff mask 0
drawhash>   light0 pos 34.7128 -105.428 -2022.6 dir 0.420971 0.330068 -0.844889 col faf0d2 k 1 0 0 a -22.4176 46.8353 -23.4176
drawhash>   light1 pos 2374.76 1798.88 -6105.33 dir 0 0 0 col ffffff k 1 0 4.97588e-06 a 1 0 0
drawhash>   light2 pos -1283.16 -291.213 -755.227 dir 0 0 0 col ffffff k 1 0 4.97588e-06 a 1 0 0
drawhash> f14776 b37 obj=? mdl=-1 verts=138 stride=36 h=781584b0 mtx=aea14949 state=b90031f2
drawhash>   parts chan=926ca0d2 light=c57fe557 texgen=7c17a78f tev=aa968f41 bound=b81e0603 pixel=d7e810a4 proj=4.02369,0,2.41421,0 vp=0,0,320,480
drawhash>   reg 00000000 433000ff ffffffff 00b6cc40 konst 000000ff 0395fdcc 00000000 00000000 scissor 0 0 320 480 proj -0.00603622 -301.811 0
drawhash>   chan0 amb 0c0c0cff mat ffffffff mask 1
drawhash>   chan1 amb 00000000 mat ffffffff mask 0
drawhash>   light0 pos 34.7128 -105.428 -2022.6 dir 0.420971 0.330068 -0.844889 col faf0d2 k 1 0 0 a -22.4176 46.8353 -23.4176
drawhash>   light1 pos 2374.76 1798.88 -6105.33 dir 0 0 0 col ffffff k 1 0 4.97588e-06 a 1 0 0
drawhash>   light2 pos -1283.16 -291.213 -755.227 dir 0 0 0 col ffffff k 1 0 4.97588e-06 a 1 0 0
drawhash> f14776 b38 obj=? mdl=-1 verts=128 stride=36 h=930d3d6a mtx=c7480b39 state=e20da7c5
drawhash>   parts chan=926ca0d2 light=c57fe557 texgen=7c17a78f tev=aa968f41 bound=d74674c9 pixel=d7e810a4 proj=4.02369,0,2.41421,0 vp=0,0,320,480
drawhash>   reg 00000000 433000ff ffffffff 00b6cc40 konst 000000ff 0395fdcc 00000000 00000000 scissor 0 0 320 480 proj -0.00603622 -301.811 0
drawhash>   chan0 amb 0c0c0cff mat ffffffff mask 1
drawhash>   chan1 amb 00000000 mat ffffffff mask 0
drawhash>   light0 pos 34.7128 -105.428 -2022.6 dir 0.420971 0.330068 -0.844889 col faf0d2 k 1 0 0 a -22.4176 46.8353 -23.4176
drawhash>   light1 pos 2374.76 1798.88 -6105.33 dir 0 0 0 col ffffff k 1 0 4.97588e-06 a 1 0 0
drawhash>   light2 pos -1283.16 -291.213 -755.227 dir 0 0 0 col ffffff k 1 0 4.97588e-06 a 1 0 0
drawhash> f14776 b39 obj=? mdl=-1 verts=128 stride=36 h=bbf2f6ba mtx=aea14949 state=b90031f2
drawhash>   parts chan=926ca0d2 light=c57fe557 texgen=7c17a78f tev=aa968f41 bound=b81e0603 pixel=d7e810a4 proj=4.02369,0,2.41421,0 vp=0,0,320,480
drawhash>   reg 00000000 433000ff ffffffff 00b6cc40 konst 000000ff 0395fdcc 00000000 00000000 scissor 0 0 320 480 proj -0.00603622 -301.811 0
drawhash>   chan0 amb 0c0c0cff mat ffffffff mask 1
drawhash>   chan1 amb 00000000 mat ffffffff mask 0
drawhash>   light0 pos 34.7128 -105.428 -2022.6 dir 0.420971 0.330068 -0.844889 col faf0d2 k 1 0 0 a -22.4176 46.8353 -23.4176
drawhash>   light1 pos 2374.76 1798.88 -6105.33 dir 0 0 0 col ffffff k 1 0 4.97588e-06 a 1 0 0
drawhash>   light2 pos -1283.16 -291.213 -755.227 dir 0 0 0 col ffffff k 1 0 4.97588e-06 a 1 0 0
drawhash> f14776 b40 obj=? mdl=-1 verts=108 stride=36 h=853c7898 mtx=2e3f5844 state=7d12f2f1
drawhash>   parts chan=e1329cc3 light=c57fe557 texgen=7c17a78f tev=aa968f41 bound=bbc2a097 pixel=d7e810a4 proj=4.02369,0,2.41421,0 vp=0,0,320,480
drawhash>   reg 00000000 433000ff ffffffff 00b6cc40 konst 000000ff 0395fdcc 00000000 00000000 scissor 0 0 320 480 proj -0.00603622 -301.811 0
drawhash>   chan0 amb 0c0c0cff mat ffffffff mask 1
drawhash>   chan1 amb 00000000 mat ffffffff mask 0
drawhash>   light0 pos 34.7128 -105.428 -2022.6 dir 0.420971 0.330068 -0.844889 col faf0d2 k 1 0 0 a -22.4176 46.8353 -23.4176
drawhash>   light1 pos 2374.76 1798.88 -6105.33 dir 0 0 0 col ffffff k 1 0 4.97588e-06 a 1 0 0
drawhash>   light2 pos -1283.16 -291.213 -755.227 dir 0 0 0 col ffffff k 1 0 4.97588e-06 a 1 0 0
drawhash> f14776 b41 obj=? mdl=-1 verts=51 stride=36 h=5fb2dacb mtx=9025d1aa state=7d12f2f1
drawhash>   parts chan=e1329cc3 light=c57fe557 texgen=7c17a78f tev=aa968f41 bound=bbc2a097 pixel=d7e810a4 proj=4.02369,0,2.41421,0 vp=0,0,320,480
drawhash>   reg 00000000 433000ff ffffffff 00b6cc40 konst 000000ff 0395fdcc 00000000 00000000 scissor 0 0 320 480 proj -0.00603622 -301.811 0
drawhash>   chan0 amb 0c0c0cff mat ffffffff mask 1
drawhash>   chan1 amb 00000000 mat ffffffff mask 0
drawhash>   light0 pos 34.7128 -105.428 -2022.6 dir 0.420971 0.330068 -0.844889 col faf0d2 k 1 0 0 a -22.4176 46.8353 -23.4176
drawhash>   light1 pos 2374.76 1798.88 -6105.33 dir 0 0 0 col ffffff k 1 0 4.97588e-06 a 1 0 0
drawhash>   light2 pos -1283.16 -291.213 -755.227 dir 0 0 0 col ffffff k 1 0 4.97588e-06 a 1 0 0
drawhash> f14776 b42 obj=? mdl=-1 verts=266 stride=36 h=db0d5efa mtx=e3cd43f1 state=f458e7f7
drawhash>   parts chan=926ca0d2 light=c57fe557 texgen=7c17a78f tev=aa968f41 bound=b3a2a495 pixel=d7e810a4 proj=4.02369,0,2.41421,0 vp=0,0,320,480
drawhash>   reg 00000000 433000ff ffffffff 00b6cc40 konst 000000ff 0395fdcc 00000000 00000000 scissor 0 0 320 480 proj -0.00603622 -301.811 0
drawhash>   chan0 amb 0c0c0cff mat ffffffff mask 1
drawhash>   chan1 amb 00000000 mat ffffffff mask 0
drawhash>   light0 pos 34.7128 -105.428 -2022.6 dir 0.420971 0.330068 -0.844889 col faf0d2 k 1 0 0 a -22.4176 46.8353 -23.4176
drawhash>   light1 pos 2374.76 1798.88 -6105.33 dir 0 0 0 col ffffff k 1 0 4.97588e-06 a 1 0 0
drawhash>   light2 pos -1283.16 -291.213 -755.227 dir 0 0 0 col ffffff k 1 0 4.97588e-06 a 1 0 0
drawhash> f14776 b43 obj=? mdl=-1 verts=128 stride=36 h=1ce22dc5 mtx=51eed948 state=f9a5fdb7
drawhash>   parts chan=926ca0d2 light=c57fe557 texgen=7c17a78f tev=aa968f41 bound=4b25c92a pixel=d7e810a4 proj=4.02369,0,2.41421,0 vp=0,0,320,480
drawhash>   reg 00000000 433000ff ffffffff 00b6cc40 konst 000000ff 0395fdcc 00000000 00000000 scissor 0 0 320 480 proj -0.00603622 -301.811 0
drawhash>   chan0 amb 0c0c0cff mat ffffffff mask 1
drawhash>   chan1 amb 00000000 mat ffffffff mask 0
drawhash>   light0 pos 34.7128 -105.428 -2022.6 dir 0.420971 0.330068 -0.844889 col faf0d2 k 1 0 0 a -22.4176 46.8353 -23.4176
drawhash>   light1 pos 2374.76 1798.88 -6105.33 dir 0 0 0 col ffffff k 1 0 4.97588e-06 a 1 0 0
drawhash>   light2 pos -1283.16 -291.213 -755.227 dir 0 0 0 col ffffff k 1 0 4.97588e-06 a 1 0 0
drawhash> f14776 b44 obj=? mdl=-1 verts=108 stride=36 h=49c27b7c mtx=81482bef state=2ec92606
drawhash>   parts chan=e1329cc3 light=c57fe557 texgen=7c17a78f tev=aa968f41 bound=63b7aa5f pixel=d7e810a4 proj=4.02369,0,2.41421,0 vp=0,0,320,480
drawhash>   reg 00000000 433000ff ffffffff 00b6cc40 konst 000000ff 0395fdcc 00000000 00000000 scissor 0 0 320 480 proj -0.00603622 -301.811 0
drawhash>   chan0 amb 0c0c0cff mat ffffffff mask 1
drawhash>   chan1 amb 00000000 mat ffffffff mask 0
drawhash>   light0 pos 34.7128 -105.428 -2022.6 dir 0.420971 0.330068 -0.844889 col faf0d2 k 1 0 0 a -22.4176 46.8353 -23.4176
drawhash>   light1 pos 2374.76 1798.88 -6105.33 dir 0 0 0 col ffffff k 1 0 4.97588e-06 a 1 0 0
drawhash>   light2 pos -1283.16 -291.213 -755.227 dir 0 0 0 col ffffff k 1 0 4.97588e-06 a 1 0 0
drawhash> f14776 b45 obj=? mdl=-1 verts=51 stride=36 h=432f1b3d mtx=6317296a state=2ec92606
drawhash>   parts chan=e1329cc3 light=c57fe557 texgen=7c17a78f tev=aa968f41 bound=63b7aa5f pixel=d7e810a4 proj=4.02369,0,2.41421,0 vp=0,0,320,480
drawhash>   reg 00000000 433000ff ffffffff 00b6cc40 konst 000000ff 0395fdcc 00000000 00000000 scissor 0 0 320 480 proj -0.00603622 -301.811 0
drawhash>   chan0 amb 0c0c0cff mat ffffffff mask 1
drawhash>   chan1 amb 00000000 mat ffffffff mask 0
drawhash>   light0 pos 34.7128 -105.428 -2022.6 dir 0.420971 0.330068 -0.844889 col faf0d2 k 1 0 0 a -22.4176 46.8353 -23.4176
drawhash>   light1 pos 2374.76 1798.88 -6105.33 dir 0 0 0 col ffffff k 1 0 4.97588e-06 a 1 0 0
drawhash>   light2 pos -1283.16 -291.213 -755.227 dir 0 0 0 col ffffff k 1 0 4.97588e-06 a 1 0 0
drawhash> f14776 b46 obj=? mdl=-1 verts=140 stride=36 h=909c5b1e mtx=c7d15dd9 state=d0ab5f7a
drawhash>   parts chan=926ca0d2 light=c57fe557 texgen=7c17a78f tev=aa968f41 bound=e046f20d pixel=d7e810a4 proj=4.02369,0,2.41421,0 vp=0,0,320,480
drawhash>   reg 00000000 433000ff ffffffff 00b6cc40 konst 000000ff 0395fdcc 00000000 00000000 scissor 0 0 320 480 proj -0.00603622 -301.811 0
drawhash>   chan0 amb 0c0c0cff mat ffffffff mask 1
drawhash>   chan1 amb 00000000 mat ffffffff mask 0
drawhash>   light0 pos 34.7128 -105.428 -2022.6 dir 0.420971 0.330068 -0.844889 col faf0d2 k 1 0 0 a -22.4176 46.8353 -23.4176
drawhash>   light1 pos 2374.76 1798.88 -6105.33 dir 0 0 0 col ffffff k 1 0 4.97588e-06 a 1 0 0
drawhash>   light2 pos -1283.16 -291.213 -755.227 dir 0 0 0 col ffffff k 1 0 4.97588e-06 a 1 0 0
drawhash> f14776 b47 obj=? mdl=-1 verts=128 stride=36 h=7519f176 mtx=14c2a4da state=d0ab5f7a
drawhash>   parts chan=926ca0d2 light=c57fe557 texgen=7c17a78f tev=aa968f41 bound=e046f20d pixel=d7e810a4 proj=4.02369,0,2.41421,0 vp=0,0,320,480
drawhash>   reg 00000000 433000ff ffffffff 00b6cc40 konst 000000ff 0395fdcc 00000000 00000000 scissor 0 0 320 480 proj -0.00603622 -301.811 0
drawhash>   chan0 amb 0c0c0cff mat ffffffff mask 1
drawhash>   chan1 amb 00000000 mat ffffffff mask 0
drawhash>   light0 pos 34.7128 -105.428 -2022.6 dir 0.420971 0.330068 -0.844889 col faf0d2 k 1 0 0 a -22.4176 46.8353 -23.4176
drawhash>   light1 pos 2374.76 1798.88 -6105.33 dir 0 0 0 col ffffff k 1 0 4.97588e-06 a 1 0 0
drawhash>   light2 pos -1283.16 -291.213 -755.227 dir 0 0 0 col ffffff k 1 0 4.97588e-06 a 1 0 0
drawhash> f14776 b48 obj=? mdl=-1 verts=128 stride=36 h=b6ac9a3b mtx=7c4c8b15 state=71426c1d
drawhash>   parts chan=926ca0d2 light=c57fe557 texgen=7c17a78f tev=aa968f41 bound=87e9361b pixel=d7e810a4 proj=4.02369,0,2.41421,0 vp=0,0,320,480
drawhash>   reg 00000000 433000ff ffffffff 00b6cc40 konst 000000ff 0395fdcc 00000000 00000000 scissor 0 0 320 480 proj -0.00603622 -301.811 0
drawhash>   chan0 amb 0c0c0cff mat ffffffff mask 1
drawhash>   chan1 amb 00000000 mat ffffffff mask 0
drawhash>   light0 pos 34.7128 -105.428 -2022.6 dir 0.420971 0.330068 -0.844889 col faf0d2 k 1 0 0 a -22.4176 46.8353 -23.4176
drawhash>   light1 pos 2374.76 1798.88 -6105.33 dir 0 0 0 col ffffff k 1 0 4.97588e-06 a 1 0 0
drawhash>   light2 pos -1283.16 -291.213 -755.227 dir 0 0 0 col ffffff k 1 0 4.97588e-06 a 1 0 0
drawhash> f14776 b49 obj=? mdl=-1 verts=108 stride=36 h=853c7898 mtx=a553b0db state=ed3e4e60
drawhash>   parts chan=e1329cc3 light=c57fe557 texgen=7c17a78f tev=aa968f41 bound=60ac3cec pixel=d7e810a4 proj=4.02369,0,2.41421,0 vp=0,0,320,480
drawhash>   reg 00000000 433000ff ffffffff 00b6cc40 konst 000000ff 0395fdcc 00000000 00000000 scissor 0 0 320 480 proj -0.00603622 -301.811 0
drawhash>   chan0 amb 0c0c0cff mat ffffffff mask 1
drawhash>   chan1 amb 00000000 mat ffffffff mask 0
drawhash>   light0 pos 34.7128 -105.428 -2022.6 dir 0.420971 0.330068 -0.844889 col faf0d2 k 1 0 0 a -22.4176 46.8353 -23.4176
drawhash>   light1 pos 2374.76 1798.88 -6105.33 dir 0 0 0 col ffffff k 1 0 4.97588e-06 a 1 0 0
drawhash>   light2 pos -1283.16 -291.213 -755.227 dir 0 0 0 col ffffff k 1 0 4.97588e-06 a 1 0 0
drawhash> f14776 b50 obj=? mdl=-1 verts=51 stride=36 h=5fb2dacb mtx=751ce8c9 state=ed3e4e60
drawhash>   parts chan=e1329cc3 light=c57fe557 texgen=7c17a78f tev=aa968f41 bound=60ac3cec pixel=d7e810a4 proj=4.02369,0,2.41421,0 vp=0,0,320,480
drawhash>   reg 00000000 433000ff ffffffff 00b6cc40 konst 000000ff 0395fdcc 00000000 00000000 scissor 0 0 320 480 proj -0.00603622 -301.811 0
drawhash>   chan0 amb 0c0c0cff mat ffffffff mask 1
drawhash>   chan1 amb 00000000 mat ffffffff mask 0
drawhash>   light0 pos 34.7128 -105.428 -2022.6 dir 0.420971 0.330068 -0.844889 col faf0d2 k 1 0 0 a -22.4176 46.8353 -23.4176
drawhash>   light1 pos 2374.76 1798.88 -6105.33 dir 0 0 0 col ffffff k 1 0 4.97588e-06 a 1 0 0
drawhash>   light2 pos -1283.16 -291.213 -755.227 dir 0 0 0 col ffffff k 1 0 4.97588e-06 a 1 0 0
drawhash> f14776 b51 obj=? mdl=-1 verts=268 stride=36 h=fa945fbd mtx=aa9dab50 state=a1207115
drawhash>   parts chan=926ca0d2 light=c57fe557 texgen=7c17a78f tev=aa968f41 bound=6d35eb01 pixel=d7e810a4 proj=4.02369,0,2.41421,0 vp=0,0,320,480
drawhash>   reg 00000000 433000ff ffffffff 00b6cc40 konst 000000ff 0395fdcc 00000000 00000000 scissor 0 0 320 480 proj -0.00603622 -301.811 0
drawhash>   chan0 amb 0c0c0cff mat ffffffff mask 1
drawhash>   chan1 amb 00000000 mat ffffffff mask 0
drawhash>   light0 pos 34.7128 -105.428 -2022.6 dir 0.420971 0.330068 -0.844889 col faf0d2 k 1 0 0 a -22.4176 46.8353 -23.4176
drawhash>   light1 pos 2374.76 1798.88 -6105.33 dir 0 0 0 col ffffff k 1 0 4.97588e-06 a 1 0 0
drawhash>   light2 pos -1283.16 -291.213 -755.227 dir 0 0 0 col ffffff k 1 0 4.97588e-06 a 1 0 0
drawhash> f14776 b52 obj=? mdl=-1 verts=128 stride=36 h=e1c6453e mtx=8e9744f2 state=4d4ffd0e
drawhash>   parts chan=926ca0d2 light=c57fe557 texgen=7c17a78f tev=aa968f41 bound=a45d5ce9 pixel=d7e810a4 proj=4.02369,0,2.41421,0 vp=0,0,320,480
drawhash>   reg 00000000 433000ff ffffffff 00b6cc40 konst 000000ff 0395fdcc 00000000 00000000 scissor 0 0 320 480 proj -0.00603622 -301.811 0
drawhash>   chan0 amb 0c0c0cff mat ffffffff mask 1
drawhash>   chan1 amb 00000000 mat ffffffff mask 0
drawhash>   light0 pos 34.7128 -105.428 -2022.6 dir 0.420971 0.330068 -0.844889 col faf0d2 k 1 0 0 a -22.4176 46.8353 -23.4176
drawhash>   light1 pos 2374.76 1798.88 -6105.33 dir 0 0 0 col ffffff k 1 0 4.97588e-06 a 1 0 0
drawhash>   light2 pos -1283.16 -291.213 -755.227 dir 0 0 0 col ffffff k 1 0 4.97588e-06 a 1 0 0
drawhash> f14776 b53 obj=? mdl=-1 verts=108 stride=36 h=1bbf6c39 mtx=70baf172 state=cb5d2af3
drawhash>   parts chan=e1329cc3 light=c57fe557 texgen=7c17a78f tev=aa968f41 bound=811369bc pixel=d7e810a4 proj=4.02369,0,2.41421,0 vp=0,0,320,480
drawhash>   reg 00000000 433000ff ffffffff 00b6cc40 konst 000000ff 0395fdcc 00000000 00000000 scissor 0 0 320 480 proj -0.00603622 -301.811 0
drawhash>   chan0 amb 0c0c0cff mat ffffffff mask 1
drawhash>   chan1 amb 00000000 mat ffffffff mask 0
drawhash>   light0 pos 34.7128 -105.428 -2022.6 dir 0.420971 0.330068 -0.844889 col faf0d2 k 1 0 0 a -22.4176 46.8353 -23.4176
drawhash>   light1 pos 2374.76 1798.88 -6105.33 dir 0 0 0 col ffffff k 1 0 4.97588e-06 a 1 0 0
drawhash>   light2 pos -1283.16 -291.213 -755.227 dir 0 0 0 col ffffff k 1 0 4.97588e-06 a 1 0 0
drawhash> f14776 b54 obj=? mdl=-1 verts=51 stride=36 h=7253f337 mtx=380e7f0e state=cb5d2af3
drawhash>   parts chan=e1329cc3 light=c57fe557 texgen=7c17a78f tev=aa968f41 bound=811369bc pixel=d7e810a4 proj=4.02369,0,2.41421,0 vp=0,0,320,480
drawhash>   reg 00000000 433000ff ffffffff 00b6cc40 konst 000000ff 0395fdcc 00000000 00000000 scissor 0 0 320 480 proj -0.00603622 -301.811 0
drawhash>   chan0 amb 0c0c0cff mat ffffffff mask 1
drawhash>   chan1 amb 00000000 mat ffffffff mask 0
drawhash>   light0 pos 34.7128 -105.428 -2022.6 dir 0.420971 0.330068 -0.844889 col faf0d2 k 1 0 0 a -22.4176 46.8353 -23.4176
drawhash>   light1 pos 2374.76 1798.88 -6105.33 dir 0 0 0 col ffffff k 1 0 4.97588e-06 a 1 0 0
drawhash>   light2 pos -1283.16 -291.213 -755.227 dir 0 0 0 col ffffff k 1 0 4.97588e-06 a 1 0 0
drawhash> f14776 b55 obj=? mdl=-1 verts=140 stride=36 h=1c1d86c7 mtx=38231629 state=e7793f54
drawhash>   parts chan=926ca0d2 light=c57fe557 texgen=7c17a78f tev=aa968f41 bound=22929201 pixel=d7e810a4 proj=4.02369,0,2.41421,0 vp=0,0,320,480
drawhash>   reg 00000000 433000ff ffffffff 00b6cc40 konst 000000ff 0395fdcc 00000000 00000000 scissor 0 0 320 480 proj -0.00603622 -301.811 0
drawhash>   chan0 amb 0c0c0cff mat ffffffff mask 1
drawhash>   chan1 amb 00000000 mat ffffffff mask 0
drawhash>   light0 pos 34.7128 -105.428 -2022.6 dir 0.420971 0.330068 -0.844889 col faf0d2 k 1 0 0 a -22.4176 46.8353 -23.4176
drawhash>   light1 pos 2374.76 1798.88 -6105.33 dir 0 0 0 col ffffff k 1 0 4.97588e-06 a 1 0 0
drawhash>   light2 pos -1283.16 -291.213 -755.227 dir 0 0 0 col ffffff k 1 0 4.97588e-06 a 1 0 0
drawhash> f14776 b56 obj=? mdl=-1 verts=128 stride=36 h=12bd2a6b mtx=1f92e438 state=bb71e32c
drawhash>   parts chan=926ca0d2 light=c57fe557 texgen=7c17a78f tev=aa968f41 bound=50a269a8 pixel=d7e810a4 proj=4.02369,0,2.41421,0 vp=0,0,320,480
drawhash>   reg 00000000 433000ff ffffffff 00b6cc40 konst 000000ff 0395fdcc 00000000 00000000 scissor 0 0 320 480 proj -0.00603622 -301.811 0
drawhash>   chan0 amb 0c0c0cff mat ffffffff mask 1
drawhash>   chan1 amb 00000000 mat ffffffff mask 0
drawhash>   light0 pos 34.7128 -105.428 -2022.6 dir 0.420971 0.330068 -0.844889 col faf0d2 k 1 0 0 a -22.4176 46.8353 -23.4176
drawhash>   light1 pos 2374.76 1798.88 -6105.33 dir 0 0 0 col ffffff k 1 0 4.97588e-06 a 1 0 0
drawhash>   light2 pos -1283.16 -291.213 -755.227 dir 0 0 0 col ffffff k 1 0 4.97588e-06 a 1 0 0
drawhash> f14776 b57 obj=? mdl=-1 verts=128 stride=36 h=31b0094e mtx=38231629 state=e7793f54
drawhash>   parts chan=926ca0d2 light=c57fe557 texgen=7c17a78f tev=aa968f41 bound=22929201 pixel=d7e810a4 proj=4.02369,0,2.41421,0 vp=0,0,320,480
drawhash>   reg 00000000 433000ff ffffffff 00b6cc40 konst 000000ff 0395fdcc 00000000 00000000 scissor 0 0 320 480 proj -0.00603622 -301.811 0
drawhash>   chan0 amb 0c0c0cff mat ffffffff mask 1
drawhash>   chan1 amb 00000000 mat ffffffff mask 0
drawhash>   light0 pos 34.7128 -105.428 -2022.6 dir 0.420971 0.330068 -0.844889 col faf0d2 k 1 0 0 a -22.4176 46.8353 -23.4176
drawhash>   light1 pos 2374.76 1798.88 -6105.33 dir 0 0 0 col ffffff k 1 0 4.97588e-06 a 1 0 0
drawhash>   light2 pos -1283.16 -291.213 -755.227 dir 0 0 0 col ffffff k 1 0 4.97588e-06 a 1 0 0
drawhash> f14776 b58 obj=? mdl=-1 verts=108 stride=36 h=853c7898 mtx=24e8978f state=394a2f4a
drawhash>   parts chan=e1329cc3 light=c57fe557 texgen=7c17a78f tev=aa968f41 bound=5ff456a8 pixel=d7e810a4 proj=4.02369,0,2.41421,0 vp=0,0,320,480
drawhash>   reg 00000000 433000ff ffffffff 00b6cc40 konst 000000ff 0395fdcc 00000000 00000000 scissor 0 0 320 480 proj -0.00603622 -301.811 0
drawhash>   chan0 amb 0c0c0cff mat ffffffff mask 1
drawhash>   chan1 amb 00000000 mat ffffffff mask 0
drawhash>   light0 pos 34.7128 -105.428 -2022.6 dir 0.420971 0.330068 -0.844889 col faf0d2 k 1 0 0 a -22.4176 46.8353 -23.4176
drawhash>   light1 pos 2374.76 1798.88 -6105.33 dir 0 0 0 col ffffff k 1 0 4.97588e-06 a 1 0 0
drawhash>   light2 pos -1283.16 -291.213 -755.227 dir 0 0 0 col ffffff k 1 0 4.97588e-06 a 1 0 0
drawhash> f14776 b59 obj=? mdl=-1 verts=51 stride=36 h=5fb2dacb mtx=cd2e7434 state=394a2f4a
drawhash>   parts chan=e1329cc3 light=c57fe557 texgen=7c17a78f tev=aa968f41 bound=5ff456a8 pixel=d7e810a4 proj=4.02369,0,2.41421,0 vp=0,0,320,480
drawhash>   reg 00000000 433000ff ffffffff 00b6cc40 konst 000000ff 0395fdcc 00000000 00000000 scissor 0 0 320 480 proj -0.00603622 -301.811 0
drawhash>   chan0 amb 0c0c0cff mat ffffffff mask 1
drawhash>   chan1 amb 00000000 mat ffffffff mask 0
drawhash>   light0 pos 34.7128 -105.428 -2022.6 dir 0.420971 0.330068 -0.844889 col faf0d2 k 1 0 0 a -22.4176 46.8353 -23.4176
drawhash>   light1 pos 2374.76 1798.88 -6105.33 dir 0 0 0 col ffffff k 1 0 4.97588e-06 a 1 0 0
drawhash>   light2 pos -1283.16 -291.213 -755.227 dir 0 0 0 col ffffff k 1 0 4.97588e-06 a 1 0 0
drawhash> f14776 b60 obj=? mdl=-1 verts=268 stride=36 h=36294d1c mtx=639d0ee6 state=8a6e75f0
drawhash>   parts chan=926ca0d2 light=c57fe557 texgen=7c17a78f tev=aa968f41 bound=0bb8b466 pixel=d7e810a4 proj=4.02369,0,2.41421,0 vp=0,0,320,480
drawhash>   reg 00000000 433000ff ffffffff 00b6cc40 konst 000000ff 0395fdcc 00000000 00000000 scissor 0 0 320 480 proj -0.00603622 -301.811 0
drawhash>   chan0 amb 0c0c0cff mat ffffffff mask 1
drawhash>   chan1 amb 00000000 mat ffffffff mask 0
drawhash>   light0 pos 34.7128 -105.428 -2022.6 dir 0.420971 0.330068 -0.844889 col faf0d2 k 1 0 0 a -22.4176 46.8353 -23.4176
drawhash>   light1 pos 2374.76 1798.88 -6105.33 dir 0 0 0 col ffffff k 1 0 4.97588e-06 a 1 0 0
drawhash>   light2 pos -1283.16 -291.213 -755.227 dir 0 0 0 col ffffff k 1 0 4.97588e-06 a 1 0 0
drawhash> f14776 b61 obj=? mdl=-1 verts=128 stride=36 h=48c700cd mtx=abf85a6f state=f46b686d
drawhash>   parts chan=926ca0d2 light=c57fe557 texgen=7c17a78f tev=aa968f41 bound=680f7154 pixel=d7e810a4 proj=4.02369,0,2.41421,0 vp=0,0,320,480
drawhash>   reg 00000000 433000ff ffffffff 00b6cc40 konst 000000ff 0395fdcc 00000000 00000000 scissor 0 0 320 480 proj -0.00603622 -301.811 0
drawhash>   chan0 amb 0c0c0cff mat ffffffff mask 1
drawhash>   chan1 amb 00000000 mat ffffffff mask 0
drawhash>   light0 pos 34.7128 -105.428 -2022.6 dir 0.420971 0.330068 -0.844889 col faf0d2 k 1 0 0 a -22.4176 46.8353 -23.4176
drawhash>   light1 pos 2374.76 1798.88 -6105.33 dir 0 0 0 col ffffff k 1 0 4.97588e-06 a 1 0 0
drawhash>   light2 pos -1283.16 -291.213 -755.227 dir 0 0 0 col ffffff k 1 0 4.97588e-06 a 1 0 0
drawhash> f14776 b62 obj=? mdl=-1 verts=108 stride=36 h=45c30f93 mtx=bae6e99b state=75ff9b34
drawhash>   parts chan=e1329cc3 light=c57fe557 texgen=7c17a78f tev=aa968f41 bound=59cc5e65 pixel=d7e810a4 proj=4.02369,0,2.41421,0 vp=0,0,320,480
drawhash>   reg 00000000 433000ff ffffffff 00b6cc40 konst 000000ff 0395fdcc 00000000 00000000 scissor 0 0 320 480 proj -0.00603622 -301.811 0
drawhash>   chan0 amb 0c0c0cff mat ffffffff mask 1
drawhash>   chan1 amb 00000000 mat ffffffff mask 0
drawhash>   light0 pos 34.7128 -105.428 -2022.6 dir 0.420971 0.330068 -0.844889 col faf0d2 k 1 0 0 a -22.4176 46.8353 -23.4176
drawhash>   light1 pos 2374.76 1798.88 -6105.33 dir 0 0 0 col ffffff k 1 0 4.97588e-06 a 1 0 0
drawhash>   light2 pos -1283.16 -291.213 -755.227 dir 0 0 0 col ffffff k 1 0 4.97588e-06 a 1 0 0
drawhash> f14776 b63 obj=? mdl=-1 verts=51 stride=36 h=67f81b7a mtx=94d10ee0 state=75ff9b34
drawhash>   parts chan=e1329cc3 light=c57fe557 texgen=7c17a78f tev=aa968f41 bound=59cc5e65 pixel=d7e810a4 proj=4.02369,0,2.41421,0 vp=0,0,320,480
drawhash>   reg 00000000 433000ff ffffffff 00b6cc40 konst 000000ff 0395fdcc 00000000 00000000 scissor 0 0 320 480 proj -0.00603622 -301.811 0
drawhash>   chan0 amb 0c0c0cff mat ffffffff mask 1
drawhash>   chan1 amb 00000000 mat ffffffff mask 0
drawhash>   light0 pos 34.7128 -105.428 -2022.6 dir 0.420971 0.330068 -0.844889 col faf0d2 k 1 0 0 a -22.4176 46.8353 -23.4176
drawhash>   light1 pos 2374.76 1798.88 -6105.33 dir 0 0 0 col ffffff k 1 0 4.97588e-06 a 1 0 0
drawhash>   light2 pos -1283.16 -291.213 -755.227 dir 0 0 0 col ffffff k 1 0 4.97588e-06 a 1 0 0
drawhash> f14776 b64 obj=? mdl=-1 verts=268 stride=36 h=3b362f18 mtx=e72fb553 state=10dbd8e9
drawhash>   parts chan=926ca0d2 light=c57fe557 texgen=7c17a78f tev=aa968f41 bound=cc8309da pixel=d7e810a4 proj=4.02369,0,2.41421,0 vp=0,0,320,480
drawhash>   reg 00000000 433000ff ffffffff 00b6cc40 konst 000000ff 0395fdcc 00000000 00000000 scissor 0 0 320 480 proj -0.00603622 -301.811 0
drawhash>   chan0 amb 0c0c0cff mat ffffffff mask 1
drawhash>   chan1 amb 00000000 mat ffffffff mask 0
drawhash>   light0 pos 34.7128 -105.428 -2022.6 dir 0.420971 0.330068 -0.844889 col faf0d2 k 1 0 0 a -22.4176 46.8353 -23.4176
drawhash>   light1 pos 2374.76 1798.88 -6105.33 dir 0 0 0 col ffffff k 1 0 4.97588e-06 a 1 0 0
drawhash>   light2 pos -1283.16 -291.213 -755.227 dir 0 0 0 col ffffff k 1 0 4.97588e-06 a 1 0 0
drawhash> f14776 b65 obj=? mdl=-1 verts=128 stride=36 h=48c700cd mtx=6f37dff1 state=0531c9cc
drawhash>   parts chan=926ca0d2 light=c57fe557 texgen=7c17a78f tev=aa968f41 bound=05539ade pixel=d7e810a4 proj=4.02369,0,2.41421,0 vp=0,0,320,480
drawhash>   reg 00000000 433000ff ffffffff 00b6cc40 konst 000000ff 0395fdcc 00000000 00000000 scissor 0 0 320 480 proj -0.00603622 -301.811 0
drawhash>   chan0 amb 0c0c0cff mat ffffffff mask 1
drawhash>   chan1 amb 00000000 mat ffffffff mask 0
drawhash>   light0 pos 34.7128 -105.428 -2022.6 dir 0.420971 0.330068 -0.844889 col faf0d2 k 1 0 0 a -22.4176 46.8353 -23.4176
drawhash>   light1 pos 2374.76 1798.88 -6105.33 dir 0 0 0 col ffffff k 1 0 4.97588e-06 a 1 0 0
drawhash>   light2 pos -1283.16 -291.213 -755.227 dir 0 0 0 col ffffff k 1 0 4.97588e-06 a 1 0 0
drawhash> f14776 b66 obj=? mdl=-1 verts=108 stride=36 h=853c7898 mtx=5cda6b15 state=dbbd3394
drawhash>   parts chan=e1329cc3 light=c57fe557 texgen=7c17a78f tev=aa968f41 bound=07567c00 pixel=d7e810a4 proj=4.02369,0,2.41421,0 vp=0,0,320,480
drawhash>   reg 00000000 433000ff ffffffff 00b6cc40 konst 000000ff 0395fdcc 00000000 00000000 scissor 0 0 320 480 proj -0.00603622 -301.811 0
drawhash>   chan0 amb 0c0c0cff mat ffffffff mask 1
drawhash>   chan1 amb 00000000 mat ffffffff mask 0
drawhash>   light0 pos 34.7128 -105.428 -2022.6 dir 0.420971 0.330068 -0.844889 col faf0d2 k 1 0 0 a -22.4176 46.8353 -23.4176
drawhash>   light1 pos 2374.76 1798.88 -6105.33 dir 0 0 0 col ffffff k 1 0 4.97588e-06 a 1 0 0
drawhash>   light2 pos -1283.16 -291.213 -755.227 dir 0 0 0 col ffffff k 1 0 4.97588e-06 a 1 0 0
drawhash> f14776 b67 obj=? mdl=-1 verts=51 stride=36 h=5fb2dacb mtx=6865e06b state=dbbd3394
drawhash>   parts chan=e1329cc3 light=c57fe557 texgen=7c17a78f tev=aa968f41 bound=07567c00 pixel=d7e810a4 proj=4.02369,0,2.41421,0 vp=0,0,320,480
drawhash>   reg 00000000 433000ff ffffffff 00b6cc40 konst 000000ff 0395fdcc 00000000 00000000 scissor 0 0 320 480 proj -0.00603622 -301.811 0
drawhash>   chan0 amb 0c0c0cff mat ffffffff mask 1
drawhash>   chan1 amb 00000000 mat ffffffff mask 0
drawhash>   light0 pos 34.7128 -105.428 -2022.6 dir 0.420971 0.330068 -0.844889 col faf0d2 k 1 0 0 a -22.4176 46.8353 -23.4176
drawhash>   light1 pos 2374.76 1798.88 -6105.33 dir 0 0 0 col ffffff k 1 0 4.97588e-06 a 1 0 0
drawhash>   light2 pos -1283.16 -291.213 -755.227 dir 0 0 0 col ffffff k 1 0 4.97588e-06 a 1 0 0
drawhash> f14776 b68 obj=? mdl=-1 verts=3171 stride=36 h=2e2dd657 mtx=339ecbdf state=6f9eb85e
drawhash>   parts chan=2bc7457e light=270bde3c texgen=7c17a78f tev=aa968f41 bound=4dafec0d pixel=d7e810a4 proj=4.02369,0,2.41421,0 vp=0,0,320,480
drawhash>   reg 00000000 433000ff ffffffff 00b6cc40 konst 000000ff 0395fdcc 00000000 00000000 scissor 0 0 320 480 proj -0.00603622 -301.811 0
drawhash>   chan0 amb 262626ff mat ffffffff mask 1
drawhash>   chan1 amb 00000000 mat ffffffff mask 0
drawhash>   light0 pos 133.641 102.54 -2170.21 dir -2.77718e-09 0.931445 0.363883 col ffffff k 1 0 8.22369e-06 a 1 0 0
drawhash>   light1 pos 2374.76 1798.88 -6105.33 dir 0 0 0 col ffffff k 1 0 4.97588e-06 a 1 0 0
drawhash>   light2 pos -1283.16 -291.213 -755.227 dir 0 0 0 col ffffff k 1 0 4.97588e-06 a 1 0 0
drawhash> f14776 b69 obj=? mdl=-1 verts=32 stride=36 h=885ce466 mtx=339ecbdf state=bab7af0f
drawhash>   parts chan=2bc7457e light=270bde3c texgen=efe5dac4 tev=a4ffcf6e bound=36c98fe2 pixel=d7e810a4 proj=4.02369,0,2.41421,0 vp=0,0,320,480
drawhash>   reg 00000000 433000ff ffffffff 00b6cc40 konst 000000ff 4330007f 00000000 00000000 scissor 0 0 320 480 proj -0.00603622 -301.811 0
drawhash>   chan0 amb 262626ff mat ffffffff mask 1
drawhash>   chan1 amb 00000000 mat ffffffff mask 0
drawhash>   light0 pos 133.641 102.54 -2170.21 dir -2.77718e-09 0.931445 0.363883 col ffffff k 1 0 8.22369e-06 a 1 0 0
drawhash>   light1 pos 2374.76 1798.88 -6105.33 dir 0 0 0 col ffffff k 1 0 4.97588e-06 a 1 0 0
drawhash>   light2 pos -1283.16 -291.213 -755.227 dir 0 0 0 col ffffff k 1 0 4.97588e-06 a 1 0 0
drawhash> f14776 b70 obj=? mdl=-1 verts=32 stride=36 h=5e6ca78f mtx=339ecbdf state=bab7af0f
drawhash>   parts chan=2bc7457e light=270bde3c texgen=efe5dac4 tev=a4ffcf6e bound=36c98fe2 pixel=d7e810a4 proj=4.02369,0,2.41421,0 vp=0,0,320,480
drawhash>   reg 00000000 433000ff ffffffff 00b6cc40 konst 000000ff 4330007f 00000000 00000000 scissor 0 0 320 480 proj -0.00603622 -301.811 0
drawhash>   chan0 amb 262626ff mat ffffffff mask 1
drawhash>   chan1 amb 00000000 mat ffffffff mask 0
drawhash>   light0 pos 133.641 102.54 -2170.21 dir -2.77718e-09 0.931445 0.363883 col ffffff k 1 0 8.22369e-06 a 1 0 0
drawhash>   light1 pos 2374.76 1798.88 -6105.33 dir 0 0 0 col ffffff k 1 0 4.97588e-06 a 1 0 0
drawhash>   light2 pos -1283.16 -291.213 -755.227 dir 0 0 0 col ffffff k 1 0 4.97588e-06 a 1 0 0
drawhash> f14776 b71 obj=? mdl=-1 verts=52 stride=36 h=d09b54b5 mtx=52407fc7 state=20072c66
drawhash>   parts chan=2bc7457e light=270bde3c texgen=efe5dac4 tev=2f60a7db bound=fdaed1b1 pixel=d7e810a4 proj=4.02369,0,2.41421,0 vp=0,0,320,480
drawhash>   reg 00000000 433000ff ffffffff 00b6cc40 konst 000000ff 4330007f 00000000 00000000 scissor 0 0 320 480 proj -0.00603622 -301.811 0
drawhash>   chan0 amb 262626ff mat ffffffff mask 1
drawhash>   chan1 amb 00000000 mat ffffffff mask 0
drawhash>   light0 pos 133.641 102.54 -2170.21 dir -2.77718e-09 0.931445 0.363883 col ffffff k 1 0 8.22369e-06 a 1 0 0
drawhash>   light1 pos 2374.76 1798.88 -6105.33 dir 0 0 0 col ffffff k 1 0 4.97588e-06 a 1 0 0
drawhash>   light2 pos -1283.16 -291.213 -755.227 dir 0 0 0 col ffffff k 1 0 4.97588e-06 a 1 0 0
drawhash> f14776 b72 obj=? mdl=-1 verts=52 stride=36 h=636d3811 mtx=95465113 state=20072c66
drawhash>   parts chan=2bc7457e light=270bde3c texgen=efe5dac4 tev=2f60a7db bound=fdaed1b1 pixel=d7e810a4 proj=4.02369,0,2.41421,0 vp=0,0,320,480
drawhash>   reg 00000000 433000ff ffffffff 00b6cc40 konst 000000ff 4330007f 00000000 00000000 scissor 0 0 320 480 proj -0.00603622 -301.811 0
drawhash>   chan0 amb 262626ff mat ffffffff mask 1
drawhash>   chan1 amb 00000000 mat ffffffff mask 0
drawhash>   light0 pos 133.641 102.54 -2170.21 dir -2.77718e-09 0.931445 0.363883 col ffffff k 1 0 8.22369e-06 a 1 0 0
drawhash>   light1 pos 2374.76 1798.88 -6105.33 dir 0 0 0 col ffffff k 1 0 4.97588e-06 a 1 0 0
drawhash>   light2 pos -1283.16 -291.213 -755.227 dir 0 0 0 col ffffff k 1 0 4.97588e-06 a 1 0 0
drawhash> f14776 b73 obj=? mdl=-1 verts=132 stride=36 h=33346f4c mtx=b11ccb7a state=8f8671db
drawhash>   parts chan=2bc7457e light=270bde3c texgen=efe5dac4 tev=2f60a7db bound=04fd92c1 pixel=d7e810a4 proj=4.02369,0,2.41421,0 vp=0,0,320,480
drawhash>   reg 00000000 433000ff ffffffff 00b6cc40 konst 000000ff 4330007f 00000000 00000000 scissor 0 0 320 480 proj -0.00603622 -301.811 0
drawhash>   chan0 amb 262626ff mat ffffffff mask 1
drawhash>   chan1 amb 00000000 mat ffffffff mask 0
drawhash>   light0 pos 133.641 102.54 -2170.21 dir -2.77718e-09 0.931445 0.363883 col ffffff k 1 0 8.22369e-06 a 1 0 0
drawhash>   light1 pos 2374.76 1798.88 -6105.33 dir 0 0 0 col ffffff k 1 0 4.97588e-06 a 1 0 0
drawhash>   light2 pos -1283.16 -291.213 -755.227 dir 0 0 0 col ffffff k 1 0 4.97588e-06 a 1 0 0
drawhash> f14776 b74 obj=? mdl=-1 verts=96 stride=36 h=37465d24 mtx=98ea2c9b state=aa4e74bf
drawhash>   parts chan=2bc7457e light=270bde3c texgen=efe5dac4 tev=2f60a7db bound=351cbb8d pixel=557dc83b proj=4.02369,0,2.41421,0 vp=0,0,320,480
drawhash>   reg 00000000 0395fdff ffffffff 00b6cc40 konst 000000ff 4330007f 00000000 00000000 scissor 0 0 320 480 proj -0.00603622 -301.811 0
drawhash>   chan0 amb 262626ff mat ffffffff mask 1
drawhash>   chan1 amb 00000000 mat ffffffff mask 0
drawhash>   light0 pos 133.641 102.54 -2170.21 dir -2.77718e-09 0.931445 0.363883 col ffffff k 1 0 8.22369e-06 a 1 0 0
drawhash>   light1 pos 2374.76 1798.88 -6105.33 dir 0 0 0 col ffffff k 1 0 4.97588e-06 a 1 0 0
drawhash>   light2 pos -1283.16 -291.213 -755.227 dir 0 0 0 col ffffff k 1 0 4.97588e-06 a 1 0 0
drawhash> f14776 b75 obj=? mdl=-1 verts=3524 stride=36 h=4d88a540 mtx=98ea2c9b state=2b8a49a3
drawhash>   parts chan=2bc7457e light=270bde3c texgen=efe5dac4 tev=2f60a7db bound=a1215ad0 pixel=557dc83b proj=4.02369,0,2.41421,0 vp=0,0,320,480
drawhash>   reg 00000000 0395fdff ffffffff 00b6cc40 konst 000000ff 4330007f 00000000 00000000 scissor 0 0 320 480 proj -0.00603622 -301.811 0
drawhash>   chan0 amb 262626ff mat ffffffff mask 1
drawhash>   chan1 amb 00000000 mat ffffffff mask 0
drawhash>   light0 pos 133.641 102.54 -2170.21 dir -2.77718e-09 0.931445 0.363883 col ffffff k 1 0 8.22369e-06 a 1 0 0
drawhash>   light1 pos 2374.76 1798.88 -6105.33 dir 0 0 0 col ffffff k 1 0 4.97588e-06 a 1 0 0
drawhash>   light2 pos -1283.16 -291.213 -755.227 dir 0 0 0 col ffffff k 1 0 4.97588e-06 a 1 0 0
drawhash> f14776 b76 obj=? mdl=-1 verts=35 stride=36 h=78675817 mtx=98ea2c9b state=c4d67f53
drawhash>   parts chan=7ac6e22e light=270bde3c texgen=efe5dac4 tev=a4ffcf6e bound=49462576 pixel=557dc83b proj=4.02369,0,2.41421,0 vp=0,0,320,480
drawhash>   reg 00000000 0395fdff ffffffff 00b6cc40 konst 000000ff 0395fdcc 00000000 00000000 scissor 0 0 320 480 proj -0.00603622 -301.811 0
drawhash>   chan0 amb 262626ff mat fffffdff mask 1
drawhash>   chan1 amb 00000000 mat ffffffff mask 0
drawhash>   light0 pos 133.641 102.54 -2170.21 dir -2.77718e-09 0.931445 0.363883 col ffffff k 1 0 8.22369e-06 a 1 0 0
drawhash>   light1 pos 2374.76 1798.88 -6105.33 dir 0 0 0 col ffffff k 1 0 4.97588e-06 a 1 0 0
drawhash>   light2 pos -1283.16 -291.213 -755.227 dir 0 0 0 col ffffff k 1 0 4.97588e-06 a 1 0 0
drawhash> f14776 b77 obj=? mdl=-1 verts=35 stride=36 h=7d7a4048 mtx=98ea2c9b state=78af4680
drawhash>   parts chan=2bc7457e light=270bde3c texgen=efe5dac4 tev=a4ffcf6e bound=b3d2d977 pixel=557dc83b proj=4.02369,0,2.41421,0 vp=0,0,320,480
drawhash>   reg 00000000 0395fdff ffffffff 00b6cc40 konst 000000ff 0395fdcc 00000000 00000000 scissor 0 0 320 480 proj -0.00603622 -301.811 0
drawhash>   chan0 amb 262626ff mat ffffffff mask 1
drawhash>   chan1 amb 00000000 mat ffffffff mask 0
drawhash>   light0 pos 133.641 102.54 -2170.21 dir -2.77718e-09 0.931445 0.363883 col ffffff k 1 0 8.22369e-06 a 1 0 0
drawhash>   light1 pos 2374.76 1798.88 -6105.33 dir 0 0 0 col ffffff k 1 0 4.97588e-06 a 1 0 0
drawhash>   light2 pos -1283.16 -291.213 -755.227 dir 0 0 0 col ffffff k 1 0 4.97588e-06 a 1 0 0
drawhash> f14776 b78 obj=? mdl=-1 verts=320 stride=36 h=18b4bdda mtx=98ea2c9b state=a063793b
drawhash>   parts chan=2bc7457e light=270bde3c texgen=efe5dac4 tev=2f60a7db bound=73f9cee2 pixel=557dc83b proj=4.02369,0,2.41421,0 vp=0,0,320,480
drawhash>   reg 00000000 0395fdff ffffffff 00b6cc40 konst 000000ff 0395fdcc 00000000 00000000 scissor 0 0 320 480 proj -0.00603622 -301.811 0
drawhash>   chan0 amb 262626ff mat ffffffff mask 1
drawhash>   chan1 amb 00000000 mat ffffffff mask 0
drawhash>   light0 pos 133.641 102.54 -2170.21 dir -2.77718e-09 0.931445 0.363883 col ffffff k 1 0 8.22369e-06 a 1 0 0
drawhash>   light1 pos 2374.76 1798.88 -6105.33 dir 0 0 0 col ffffff k 1 0 4.97588e-06 a 1 0 0
drawhash>   light2 pos -1283.16 -291.213 -755.227 dir 0 0 0 col ffffff k 1 0 4.97588e-06 a 1 0 0
drawhash> f14776 b79 obj=? mdl=-1 verts=16 stride=36 h=afe9c5cb mtx=177d3c0a state=ee1c7d5c
drawhash>   parts chan=e1329cc3 light=c57fe557 texgen=efe5dac4 tev=a4d5a8fb bound=7d7c2673 pixel=561a8259 proj=4.02369,0,2.41421,0 vp=0,0,320,480
drawhash>   reg 00000000 43300032 ffffffff 00b6cc40 konst 000000ff 0395fdcc 00000000 00000000 scissor 0 0 320 480 proj -0.00603622 -301.811 0
drawhash>   chan0 amb 0c0c0cff mat ffffffff mask 1
drawhash>   chan1 amb 00000000 mat ffffffff mask 0
drawhash>   light0 pos 34.7128 -105.428 -2022.6 dir 0.420971 0.330068 -0.844889 col faf0d2 k 1 0 0 a -22.4176 46.8353 -23.4176
drawhash>   light1 pos 2374.76 1798.88 -6105.33 dir 0 0 0 col ffffff k 1 0 4.97588e-06 a 1 0 0
drawhash>   light2 pos -1283.16 -291.213 -755.227 dir 0 0 0 col ffffff k 1 0 4.97588e-06 a 1 0 0
drawhash> f14776 b80 obj=? mdl=-1 verts=16 stride=36 h=743e6f7e mtx=56cef0fd state=9f72cfd6
drawhash>   parts chan=e1329cc3 light=c57fe557 texgen=efe5dac4 tev=a4d5a8fb bound=477ce4f7 pixel=561a8259 proj=4.02369,0,2.41421,0 vp=0,0,320,480
drawhash>   reg 00000000 43300032 ffffffff 00b6cc40 konst 000000ff 0395fdcc 00000000 00000000 scissor 0 0 320 480 proj -0.00603622 -301.811 0
drawhash>   chan0 amb 0c0c0cff mat ffffffff mask 1
drawhash>   chan1 amb 00000000 mat ffffffff mask 0
drawhash>   light0 pos 34.7128 -105.428 -2022.6 dir 0.420971 0.330068 -0.844889 col faf0d2 k 1 0 0 a -22.4176 46.8353 -23.4176
drawhash>   light1 pos 2374.76 1798.88 -6105.33 dir 0 0 0 col ffffff k 1 0 4.97588e-06 a 1 0 0
drawhash>   light2 pos -1283.16 -291.213 -755.227 dir 0 0 0 col ffffff k 1 0 4.97588e-06 a 1 0 0
drawhash> f14776 b81 obj=? mdl=-1 verts=16 stride=36 h=f55e13b4 mtx=87015e66 state=f28ba4b0
drawhash>   parts chan=e1329cc3 light=c57fe557 texgen=efe5dac4 tev=a4d5a8fb bound=7eb3580c pixel=561a8259 proj=4.02369,0,2.41421,0 vp=0,0,320,480
drawhash>   reg 00000000 43300032 ffffffff 00b6cc40 konst 000000ff 0395fdcc 00000000 00000000 scissor 0 0 320 480 proj -0.00603622 -301.811 0
drawhash>   chan0 amb 0c0c0cff mat ffffffff mask 1
drawhash>   chan1 amb 00000000 mat ffffffff mask 0
drawhash>   light0 pos 34.7128 -105.428 -2022.6 dir 0.420971 0.330068 -0.844889 col faf0d2 k 1 0 0 a -22.4176 46.8353 -23.4176
drawhash>   light1 pos 2374.76 1798.88 -6105.33 dir 0 0 0 col ffffff k 1 0 4.97588e-06 a 1 0 0
drawhash>   light2 pos -1283.16 -291.213 -755.227 dir 0 0 0 col ffffff k 1 0 4.97588e-06 a 1 0 0
drawhash> f14776 b82 obj=? mdl=-1 verts=16 stride=36 h=4fb42e9a mtx=ca830bd8 state=d5dcacf3
drawhash>   parts chan=e1329cc3 light=c57fe557 texgen=efe5dac4 tev=a4d5a8fb bound=8ebd8754 pixel=561a8259 proj=4.02369,0,2.41421,0 vp=0,0,320,480
drawhash>   reg 00000000 43300032 ffffffff 00b6cc40 konst 000000ff 0395fdcc 00000000 00000000 scissor 0 0 320 480 proj -0.00603622 -301.811 0
drawhash>   chan0 amb 0c0c0cff mat ffffffff mask 1
drawhash>   chan1 amb 00000000 mat ffffffff mask 0
drawhash>   light0 pos 34.7128 -105.428 -2022.6 dir 0.420971 0.330068 -0.844889 col faf0d2 k 1 0 0 a -22.4176 46.8353 -23.4176
drawhash>   light1 pos 2374.76 1798.88 -6105.33 dir 0 0 0 col ffffff k 1 0 4.97588e-06 a 1 0 0
drawhash>   light2 pos -1283.16 -291.213 -755.227 dir 0 0 0 col ffffff k 1 0 4.97588e-06 a 1 0 0
drawhash> f14776 b83 obj=? mdl=-1 verts=16 stride=36 h=27e3a37e mtx=5f845c54 state=388fdc2f
drawhash>   parts chan=e1329cc3 light=c57fe557 texgen=efe5dac4 tev=a4d5a8fb bound=b3a5b1b4 pixel=561a8259 proj=4.02369,0,2.41421,0 vp=0,0,320,480
drawhash>   reg 00000000 43300032 ffffffff 00b6cc40 konst 000000ff 0395fdcc 00000000 00000000 scissor 0 0 320 480 proj -0.00603622 -301.811 0
drawhash>   chan0 amb 0c0c0cff mat ffffffff mask 1
drawhash>   chan1 amb 00000000 mat ffffffff mask 0
drawhash>   light0 pos 34.7128 -105.428 -2022.6 dir 0.420971 0.330068 -0.844889 col faf0d2 k 1 0 0 a -22.4176 46.8353 -23.4176
drawhash>   light1 pos 2374.76 1798.88 -6105.33 dir 0 0 0 col ffffff k 1 0 4.97588e-06 a 1 0 0
drawhash>   light2 pos -1283.16 -291.213 -755.227 dir 0 0 0 col ffffff k 1 0 4.97588e-06 a 1 0 0
drawhash> f14776 b84 obj=? mdl=-1 verts=16 stride=36 h=5d1e843f mtx=6e08938f state=29ed315a
drawhash>   parts chan=e1329cc3 light=c57fe557 texgen=efe5dac4 tev=a4d5a8fb bound=d523bdf9 pixel=561a8259 proj=4.02369,0,2.41421,0 vp=0,0,320,480
drawhash>   reg 00000000 43300032 ffffffff 00b6cc40 konst 000000ff 0395fdcc 00000000 00000000 scissor 0 0 320 480 proj -0.00603622 -301.811 0
drawhash>   chan0 amb 0c0c0cff mat ffffffff mask 1
drawhash>   chan1 amb 00000000 mat ffffffff mask 0
drawhash>   light0 pos 34.7128 -105.428 -2022.6 dir 0.420971 0.330068 -0.844889 col faf0d2 k 1 0 0 a -22.4176 46.8353 -23.4176
drawhash>   light1 pos 2374.76 1798.88 -6105.33 dir 0 0 0 col ffffff k 1 0 4.97588e-06 a 1 0 0
drawhash>   light2 pos -1283.16 -291.213 -755.227 dir 0 0 0 col ffffff k 1 0 4.97588e-06 a 1 0 0
drawhash> f14776 b85 obj=? mdl=-1 verts=16 stride=36 h=cb4ef65a mtx=383bd1fb state=62285798
drawhash>   parts chan=e1329cc3 light=c57fe557 texgen=efe5dac4 tev=a4d5a8fb bound=7df0da31 pixel=561a8259 proj=4.02369,0,2.41421,0 vp=0,0,320,480
drawhash>   reg 00000000 43300032 ffffffff 00b6cc40 konst 000000ff 0395fdcc 00000000 00000000 scissor 0 0 320 480 proj -0.00603622 -301.811 0
drawhash>   chan0 amb 0c0c0cff mat ffffffff mask 1
drawhash>   chan1 amb 00000000 mat ffffffff mask 0
drawhash>   light0 pos 34.7128 -105.428 -2022.6 dir 0.420971 0.330068 -0.844889 col faf0d2 k 1 0 0 a -22.4176 46.8353 -23.4176
drawhash>   light1 pos 2374.76 1798.88 -6105.33 dir 0 0 0 col ffffff k 1 0 4.97588e-06 a 1 0 0
drawhash>   light2 pos -1283.16 -291.213 -755.227 dir 0 0 0 col ffffff k 1 0 4.97588e-06 a 1 0 0
drawhash> f14776 b86 obj=? mdl=-1 verts=16 stride=36 h=3a85e8ad mtx=23e67353 state=a3311ebd
drawhash>   parts chan=e710ed2f light=c57fe557 texgen=efe5dac4 tev=a4d5a8fb bound=8390ae29 pixel=561a8259 proj=4.02369,0,2.41421,0 vp=0,0,320,480
drawhash>   reg 00000000 43300032 ffffffff 00b6cc40 konst 000000ff 0395fdcc 00000000 00000000 scissor 0 0 320 480 proj -0.00603622 -301.811 0
drawhash>   chan0 amb 0c0c0cff mat ffffffff mask 3
drawhash>   chan1 amb 00000000 mat ffffffff mask 0
drawhash>   light0 pos 34.7128 -105.428 -2022.6 dir 0.420971 0.330068 -0.844889 col faf0d2 k 1 0 0 a -22.4176 46.8353 -23.4176
drawhash>   light1 pos 2374.76 1798.88 -6105.33 dir 0 0 0 col ffffff k 1 0 4.97588e-06 a 1 0 0
drawhash>   light2 pos -1283.16 -291.213 -755.227 dir 0 0 0 col ffffff k 1 0 4.97588e-06 a 1 0 0
drawhash> f14776 b87 obj=? mdl=-1 verts=16 stride=36 h=9e0a66ca mtx=7bc3b3a6 state=534830a8
drawhash>   parts chan=e710ed2f light=6994dd68 texgen=efe5dac4 tev=a4d5a8fb bound=9b08c382 pixel=561a8259 proj=4.02369,0,2.41421,0 vp=0,0,320,480
drawhash>   reg 00000000 43300032 ffffffff 00b6cc40 konst 000000ff 0395fdcc 00000000 00000000 scissor 0 0 320 480 proj -0.00603622 -301.811 0
drawhash>   chan0 amb 0c0c0cff mat ffffffff mask 3
drawhash>   chan1 amb 00000000 mat ffffffff mask 0
drawhash>   light0 pos 34.7128 -105.428 -2022.6 dir 0.420971 0.330068 -0.844889 col faf0d2 k 1 0 0 a -22.4176 46.8353 -23.4176
drawhash>   light1 pos 480.611 1316.44 -4870.4 dir 0 0 0 col ffffff k 1 0 4.97588e-06 a 1 0 0
drawhash>   light2 pos -1283.16 -291.213 -755.227 dir 0 0 0 col ffffff k 1 0 4.97588e-06 a 1 0 0
drawhash> f14776 b88 obj=? mdl=-1 verts=16 stride=36 h=eb2a49ea mtx=453a3fdd state=36f53542
drawhash>   parts chan=4881f307 light=1425b61c texgen=efe5dac4 tev=a4d5a8fb bound=bb8a9456 pixel=561a8259 proj=4.02369,0,2.41421,0 vp=0,0,320,480
drawhash>   reg 00000000 43300032 ffffffff 00b6cc40 konst 000000ff 0395fdcc 00000000 00000000 scissor 0 0 320 480 proj -0.00603622 -301.811 0
drawhash>   chan0 amb 0c0c0cff mat ffffffff mask 7
drawhash>   chan1 amb 00000000 mat ffffffff mask 0
drawhash>   light0 pos 34.7128 -105.428 -2022.6 dir 0.420971 0.330068 -0.844889 col faf0d2 k 1 0 0 a -22.4176 46.8353 -23.4176
drawhash>   light1 pos 1325.83 371.38 -2451.29 dir 0 0 0 col ffffff k 1 0 4.97588e-06 a 1 0 0
drawhash>   light2 pos -1283.16 -291.213 -755.227 dir 0 0 0 col ffffff k 1 0 4.97588e-06 a 1 0 0
drawhash> f14776 b89 obj=? mdl=-1 verts=16 stride=36 h=999bd1e7 mtx=31698cef state=36f53542
drawhash>   parts chan=4881f307 light=1425b61c texgen=efe5dac4 tev=a4d5a8fb bound=bb8a9456 pixel=561a8259 proj=4.02369,0,2.41421,0 vp=0,0,320,480
drawhash>   reg 00000000 43300032 ffffffff 00b6cc40 konst 000000ff 0395fdcc 00000000 00000000 scissor 0 0 320 480 proj -0.00603622 -301.811 0
drawhash>   chan0 amb 0c0c0cff mat ffffffff mask 7
drawhash>   chan1 amb 00000000 mat ffffffff mask 0
drawhash>   light0 pos 34.7128 -105.428 -2022.6 dir 0.420971 0.330068 -0.844889 col faf0d2 k 1 0 0 a -22.4176 46.8353 -23.4176
drawhash>   light1 pos 1325.83 371.38 -2451.29 dir 0 0 0 col ffffff k 1 0 4.97588e-06 a 1 0 0
drawhash>   light2 pos -1283.16 -291.213 -755.227 dir 0 0 0 col ffffff k 1 0 4.97588e-06 a 1 0 0
drawhash> f14776 b90 obj=? mdl=-1 verts=20 stride=36 h=41432adc mtx=fd623ef9 state=2a3e5c39
drawhash>   parts chan=cd46228e light=1425b61c texgen=592ed3f6 tev=a4d5a8fb bound=18eb3b67 pixel=e76cadec proj=4.02369,0,2.41421,0 vp=0,0,320,480
drawhash>   texgen0 func 1 src 4 mtx 30: 1 0 0 0 / 0 1 0 0 / 0 0 1 0
drawhash>   reg 00000000 b1158686 ffffffff 00b6cc40 konst 000000ff 0395fdcc 00000000 00000000 scissor 0 0 320 480 proj -0.00603622 -301.811 0
drawhash>   chan0 amb ffffffff mat ffffffff mask 0
drawhash>   chan1 amb 00000000 mat ffffffff mask 0
drawhash>   light0 pos 34.7128 -105.428 -2022.6 dir 0.420971 0.330068 -0.844889 col faf0d2 k 1 0 0 a -22.4176 46.8353 -23.4176
drawhash>   light1 pos 1325.83 371.38 -2451.29 dir 0 0 0 col ffffff k 1 0 4.97588e-06 a 1 0 0
drawhash>   light2 pos -1283.16 -291.213 -755.227 dir 0 0 0 col ffffff k 1 0 4.97588e-06 a 1 0 0
drawhash> f14776 b91 obj=? mdl=-1 verts=20 stride=36 h=41432adc mtx=f49097e0 state=9299e53a
drawhash>   parts chan=cd46228e light=1425b61c texgen=592ed3f6 tev=a4d5a8fb bound=01484654 pixel=e76cadec proj=4.02369,0,2.41421,0 vp=0,0,320,480
drawhash>   texgen0 func 1 src 4 mtx 30: 1 0 0 0 / 0 1 0 0 / 0 0 1 0
drawhash>   reg 00000000 43300086 ffffffff 00b6cc40 konst 000000ff 0395fdcc 00000000 00000000 scissor 0 0 320 480 proj -0.00603622 -301.811 0
drawhash>   chan0 amb ffffffff mat ffffffff mask 0
drawhash>   chan1 amb 00000000 mat ffffffff mask 0
drawhash>   light0 pos 34.7128 -105.428 -2022.6 dir 0.420971 0.330068 -0.844889 col faf0d2 k 1 0 0 a -22.4176 46.8353 -23.4176
drawhash>   light1 pos 1325.83 371.38 -2451.29 dir 0 0 0 col ffffff k 1 0 4.97588e-06 a 1 0 0
drawhash>   light2 pos -1283.16 -291.213 -755.227 dir 0 0 0 col ffffff k 1 0 4.97588e-06 a 1 0 0
drawhash> f14776 b92 obj=? mdl=-1 verts=20 stride=36 h=41432adc mtx=f022730f state=f24e007e
drawhash>   parts chan=2c02e48e light=1425b61c texgen=592ed3f6 tev=a4d5a8fb bound=ffb5cc95 pixel=e76cadec proj=4.02369,0,2.41421,0 vp=0,0,320,480
drawhash>   texgen0 func 1 src 4 mtx 30: 1 0 0 0 / 0 1 0 0 / 0 0 1 0
drawhash>   reg 00000000 43300086 ffffffff 00b6cc40 konst 000000ff 0395fdcc 00000000 00000000 scissor 0 0 320 480 proj -0.00603622 -301.811 0
drawhash>   chan0 amb 7f7f7fff mat ffffffff mask 0
drawhash>   chan1 amb 00000000 mat ffffffff mask 0
drawhash>   light0 pos 34.7128 -105.428 -2022.6 dir 0.420971 0.330068 -0.844889 col faf0d2 k 1 0 0 a -22.4176 46.8353 -23.4176
drawhash>   light1 pos 1325.83 371.38 -2451.29 dir 0 0 0 col ffffff k 1 0 4.97588e-06 a 1 0 0
drawhash>   light2 pos -1283.16 -291.213 -755.227 dir 0 0 0 col ffffff k 1 0 4.97588e-06 a 1 0 0
drawhash> f14776 b93 obj=? mdl=-1 verts=20 stride=36 h=41432adc mtx=abc0be9a state=e957e096
drawhash>   parts chan=2c02e48e light=1425b61c texgen=592ed3f6 tev=a4d5a8fb bound=473ad4ba pixel=e76cadec proj=4.02369,0,2.41421,0 vp=0,0,320,480
drawhash>   texgen0 func 1 src 4 mtx 30: 1 0 0 0 / 0 1 0 0 / 0 0 1 0
drawhash>   reg 00000000 43300086 ffffffff 00b6cc40 konst 000000ff 0395fdcc 00000000 00000000 scissor 0 0 320 480 proj -0.00603622 -301.811 0
drawhash>   chan0 amb 7f7f7fff mat ffffffff mask 0
drawhash>   chan1 amb 00000000 mat ffffffff mask 0
drawhash>   light0 pos 34.7128 -105.428 -2022.6 dir 0.420971 0.330068 -0.844889 col faf0d2 k 1 0 0 a -22.4176 46.8353 -23.4176
drawhash>   light1 pos 1325.83 371.38 -2451.29 dir 0 0 0 col ffffff k 1 0 4.97588e-06 a 1 0 0
drawhash>   light2 pos -1283.16 -291.213 -755.227 dir 0 0 0 col ffffff k 1 0 4.97588e-06 a 1 0 0
drawhash> f14776 b94 obj=? mdl=-1 verts=287 stride=36 h=b5ac4833 mtx=dafc4617 state=8735a00c
drawhash>   parts chan=926ca0d2 light=1425b61c texgen=efe5dac4 tev=a4d5a8fb bound=a83912f5 pixel=fdf7ea91 proj=4.02369,0,2.41421,0 vp=0,0,320,480
drawhash>   reg 00000000 000000ff ffffffff 00b6cc40 konst 000000ff 0395fdcc 00000000 00000000 scissor 0 0 320 480 proj -0.00603622 -301.811 0
drawhash>   chan0 amb 0c0c0cff mat ffffffff mask 1
drawhash>   chan1 amb 00000000 mat ffffffff mask 0
drawhash>   light0 pos 34.7128 -105.428 -2022.6 dir 0.420971 0.330068 -0.844889 col faf0d2 k 1 0 0 a -22.4176 46.8353 -23.4176
drawhash>   light1 pos 1325.83 371.38 -2451.29 dir 0 0 0 col ffffff k 1 0 4.97588e-06 a 1 0 0
drawhash>   light2 pos -1283.16 -291.213 -755.227 dir 0 0 0 col ffffff k 1 0 4.97588e-06 a 1 0 0
drawhash> f14776 b95 obj=? mdl=-1 verts=107 stride=36 h=2cb31894 mtx=6dba94d1 state=8976995b
drawhash>   parts chan=926ca0d2 light=1425b61c texgen=efe5dac4 tev=a4d5a8fb bound=2c0bed6c pixel=fdf7ea91 proj=4.02369,0,2.41421,0 vp=0,0,320,480
drawhash>   reg 00000000 433000ff ffffffff 00b6cc40 konst 000000ff 0395fdcc 00000000 00000000 scissor 0 0 320 480 proj -0.00603622 -301.811 0
drawhash>   chan0 amb 0c0c0cff mat ffffffff mask 1
drawhash>   chan1 amb 00000000 mat ffffffff mask 0
drawhash>   light0 pos 34.7128 -105.428 -2022.6 dir 0.420971 0.330068 -0.844889 col faf0d2 k 1 0 0 a -22.4176 46.8353 -23.4176
drawhash>   light1 pos 1325.83 371.38 -2451.29 dir 0 0 0 col ffffff k 1 0 4.97588e-06 a 1 0 0
drawhash>   light2 pos -1283.16 -291.213 -755.227 dir 0 0 0 col ffffff k 1 0 4.97588e-06 a 1 0 0
drawhash> f14776 b96 obj=? mdl=-1 verts=12 stride=36 h=c8a2f895 mtx=093557c3 state=69d0bd7d
drawhash>   parts chan=e1329cc3 light=1425b61c texgen=efe5dac4 tev=a4d5a8fb bound=c04c9224 pixel=fdf7ea91 proj=4.02369,0,2.41421,0 vp=0,0,320,480
drawhash>   reg 00000000 433000ff ffffffff 00b6cc40 konst 000000ff 0395fdcc 00000000 00000000 scissor 0 0 320 480 proj -0.00603622 -301.811 0
drawhash>   chan0 amb 0c0c0cff mat ffffffff mask 1
drawhash>   chan1 amb 00000000 mat ffffffff mask 0
drawhash>   light0 pos 34.7128 -105.428 -2022.6 dir 0.420971 0.330068 -0.844889 col faf0d2 k 1 0 0 a -22.4176 46.8353 -23.4176
drawhash>   light1 pos 1325.83 371.38 -2451.29 dir 0 0 0 col ffffff k 1 0 4.97588e-06 a 1 0 0
drawhash>   light2 pos -1283.16 -291.213 -755.227 dir 0 0 0 col ffffff k 1 0 4.97588e-06 a 1 0 0
drawhash> f14776 b97 obj=? mdl=-1 verts=1200 stride=36 h=286f9b90 mtx=152272ef state=400ec11d
drawhash>   parts chan=813456bd light=81d01402 texgen=95eef54d tev=d7bcc47d bound=895f5c5c pixel=679f0935 proj=4.02369,0,2.41421,0 vp=0,0,320,480
drawhash>   texgen0 func 0 src 0 mtx 30: 1.62884 -0.181941 -1.26937 1181.59 / -0.0111461 -1.30629 -0.0240168 1286.22 / -0.392112 -0.363883 -0.844889 2116.62
drawhash>   texgen1 func 1 src 4 mtx 33: 1 0 0 0 / 0 1 0 -0.898711 / 0 0 1 0
drawhash>   texgen2 func 1 src 4 mtx 36: 0.5 0 0 0.206905 / 0 0.5 0 0.1515 / 0 0 1 0
drawhash>   reg 00000000 433000ff ffffffff 00b6cc40 konst 000000ff 0395fdcc 00000000 00000000 scissor 0 0 320 480 proj -0.00603622 -301.811 0
drawhash>   chan0 amb 101010ff mat ffffffff mask 7
drawhash>   chan1 amb 00000000 mat ffffffff mask 0
drawhash>   light0 pos 34.7128 -105.428 -2022.6 dir 0.420971 0.330068 -0.844889 col faf0d2 k 1 0 0 a -22.4176 46.8353 -23.4176
drawhash>   light1 pos 3.1399 -130.184 -1959.24 dir 0 0 0 col c8f0a0 k 1 0 6.4e-05 a 1 0 0
drawhash>   light2 pos 9954.11 7102.08 -22153.5 dir 0 0 0 col faf0d2 k 1 0 1.5625e-06 a 1 0 0
drawhash> f14776 b98 obj=? mdl=-1 verts=48 stride=36 h=4b318abd mtx=a8e67542 state=6712b109
drawhash>   parts chan=cd46228e light=81d01402 texgen=1c8cbe0a tev=72adbf36 bound=0ff4d4d7 pixel=7cd57370 proj=4.02369,0,2.41421,0 vp=0,0,320,480
drawhash>   reg 00000000 b115862f ffffffff 00b6cc40 konst 000000ff 0395fdcc 00000000 00000000 scissor 0 0 320 480 proj -0.00603622 -301.811 0
drawhash>   chan0 amb ffffffff mat ffffffff mask 0
drawhash>   chan1 amb 00000000 mat ffffffff mask 0
drawhash>   light0 pos 34.7128 -105.428 -2022.6 dir 0.420971 0.330068 -0.844889 col faf0d2 k 1 0 0 a -22.4176 46.8353 -23.4176
drawhash>   light1 pos 3.1399 -130.184 -1959.24 dir 0 0 0 col c8f0a0 k 1 0 6.4e-05 a 1 0 0
drawhash>   light2 pos 9954.11 7102.08 -22153.5 dir 0 0 0 col faf0d2 k 1 0 1.5625e-06 a 1 0 0
drawhash> f14776 b99 obj=? mdl=-1 verts=48 stride=36 h=03a3a999 mtx=e16954d7 state=2d81d89b
drawhash>   parts chan=cd46228e light=81d01402 texgen=1c8cbe0a tev=72adbf36 bound=1afca11f pixel=7cd57370 proj=4.02369,0,2.41421,0 vp=0,0,320,480
drawhash>   reg 00000000 433000cc ffffffff 00b6cc40 konst 000000ff 0395fdcc 00000000 00000000 scissor 0 0 320 480 proj -0.00603622 -301.811 0
drawhash>   chan0 amb ffffffff mat ffffffff mask 0
drawhash>   chan1 amb 00000000 mat ffffffff mask 0
drawhash>   light0 pos 34.7128 -105.428 -2022.6 dir 0.420971 0.330068 -0.844889 col faf0d2 k 1 0 0 a -22.4176 46.8353 -23.4176
drawhash>   light1 pos 3.1399 -130.184 -1959.24 dir 0 0 0 col c8f0a0 k 1 0 6.4e-05 a 1 0 0
drawhash>   light2 pos 9954.11 7102.08 -22153.5 dir 0 0 0 col faf0d2 k 1 0 1.5625e-06 a 1 0 0
drawhash> f14776 b100 obj=? mdl=-1 verts=48 stride=36 h=a69666e8 mtx=6f693634 state=467ed210
drawhash>   parts chan=cd46228e light=81d01402 texgen=1c8cbe0a tev=72adbf36 bound=dcb461cd pixel=7cd57370 proj=4.02369,0,2.41421,0 vp=0,0,320,480
drawhash>   reg 00000000 4330005a ffffffff 00b6cc40 konst 000000ff 0395fdcc 00000000 00000000 scissor 0 0 320 480 proj -0.00603622 -301.811 0
drawhash>   chan0 amb ffffffff mat ffffffff mask 0
drawhash>   chan1 amb 00000000 mat ffffffff mask 0
drawhash>   light0 pos 34.7128 -105.428 -2022.6 dir 0.420971 0.330068 -0.844889 col faf0d2 k 1 0 0 a -22.4176 46.8353 -23.4176
drawhash>   light1 pos 3.1399 -130.184 -1959.24 dir 0 0 0 col c8f0a0 k 1 0 6.4e-05 a 1 0 0
drawhash>   light2 pos 9954.11 7102.08 -22153.5 dir 0 0 0 col faf0d2 k 1 0 1.5625e-06 a 1 0 0
drawhash> f14776 b101 obj=? mdl=-1 verts=2048 stride=24 h=d5ca1dc5 mtx=09cfbfdd state=14c16241
drawhash>   parts chan=910b3cd9 light=81d01402 texgen=1c8cbe0a tev=b0ee9bfb bound=b904030e pixel=561a8259 proj=4.02369,0,2.41421,0 vp=0,0,320,480
drawhash>   reg 00000000 4330005a ffffffff 00b6cc40 konst 000000ff 0395fdcc 00000000 00000000 scissor 0 0 320 480 proj -0.00603622 -301.811 0
drawhash>   chan0 amb ffffffff mat ffffffff mask 0
drawhash>   chan1 amb 00000000 mat ffffffff mask 0
drawhash>   light0 pos 34.7128 -105.428 -2022.6 dir 0.420971 0.330068 -0.844889 col faf0d2 k 1 0 0 a -22.4176 46.8353 -23.4176
drawhash>   light1 pos 3.1399 -130.184 -1959.24 dir 0 0 0 col c8f0a0 k 1 0 6.4e-05 a 1 0 0
drawhash>   light2 pos 9954.11 7102.08 -22153.5 dir 0 0 0 col faf0d2 k 1 0 1.5625e-06 a 1 0 0
drawhash> f14776 b102 obj=? mdl=-1 verts=16 stride=24 h=cb3625cc mtx=09cfbfdd state=7c9ffe87
drawhash>   parts chan=910b3cd9 light=81d01402 texgen=1c8cbe0a tev=411be27e bound=c0a2c6d2 pixel=561a8259 proj=4.02369,0,2.41421,0 vp=0,0,320,480
drawhash>   reg 00000000 4330005a ffffffff 00b6cc40 konst 000000ff 0395fdcc 00000000 00000000 scissor 0 0 320 480 proj -0.00603622 -301.811 0
drawhash>   chan0 amb ffffffff mat ffffffff mask 0
drawhash>   chan1 amb 00000000 mat ffffffff mask 0
drawhash>   light0 pos 34.7128 -105.428 -2022.6 dir 0.420971 0.330068 -0.844889 col faf0d2 k 1 0 0 a -22.4176 46.8353 -23.4176
drawhash>   light1 pos 3.1399 -130.184 -1959.24 dir 0 0 0 col c8f0a0 k 1 0 6.4e-05 a 1 0 0
drawhash>   light2 pos 9954.11 7102.08 -22153.5 dir 0 0 0 col faf0d2 k 1 0 1.5625e-06 a 1 0 0
drawhash> f14776 b103 obj=? mdl=-1 verts=4 stride=32 h=4a03b1e8 mtx=a91263aa state=cecec9ca
drawhash>   parts chan=910b3cd9 light=81d01402 texgen=7c17a78f tev=144f3673 bound=23780e9f pixel=610f9e98 proj=4.02369,0,2.41421,0 vp=320,0,320,480
drawhash>   texgen1 func 1 src 5 mtx 30: 1 0 0 0 / 0 1 0 -0.152 / 0 0 1 0
drawhash>   texgen2 func 1 src 4 mtx 33: 1 0 0 0.152 / 0 1 0 0.152 / 0 0 1 0
drawhash>   reg 00000000 4330005a ffffffff 00b6cc40 konst 000000ff 0395fdcc 00000000 00000000 scissor 320 0 320 480 proj -0.00603622 -301.811 0
drawhash>   chan0 amb ffffffff mat ffffffff mask 0
drawhash>   chan1 amb 00000000 mat ffffffff mask 0
drawhash>   light0 pos 34.7128 -105.428 -2022.6 dir 0.420971 0.330068 -0.844889 col faf0d2 k 1 0 0 a -22.4176 46.8353 -23.4176
drawhash>   light1 pos 3.1399 -130.184 -1959.24 dir 0 0 0 col c8f0a0 k 1 0 6.4e-05 a 1 0 0
drawhash>   light2 pos 9954.11 7102.08 -22153.5 dir 0 0 0 col faf0d2 k 1 0 1.5625e-06 a 1 0 0
drawhash> f14776 b104 obj=? mdl=-1 verts=676 stride=36 h=7bfc210a mtx=5062db5b state=029a4b04
drawhash>   parts chan=926ca0d2 light=8b84ee67 texgen=7c17a78f tev=aa968f41 bound=934e2119 pixel=d7e810a4 proj=4.02369,0,2.41421,0 vp=320,0,320,480
drawhash>   reg 00000000 000000ff ffffffff 00b6cc40 konst 000000ff 0395fdcc 00000000 00000000 scissor 320 0 320 480 proj -0.00603622 -301.811 0
drawhash>   chan0 amb 0c0c0cff mat ffffffff mask 1
drawhash>   chan1 amb 00000000 mat ffffffff mask 0
drawhash>   light0 pos 133.641 102.54 -2170.21 dir -2.77718e-09 0.931445 0.363883 col fff0dc k 1 0 8.22369e-06 a 1 0 0
drawhash>   light1 pos 3.1399 -130.184 -1959.24 dir 0 0 0 col c8f0a0 k 1 0 6.4e-05 a 1 0 0
drawhash>   light2 pos 9954.11 7102.08 -22153.5 dir 0 0 0 col faf0d2 k 1 0 1.5625e-06 a 1 0 0
drawhash> f14776 b105 obj=? mdl=-1 verts=42 stride=36 h=629f025a mtx=5062db5b state=245ad0cd
drawhash>   parts chan=926ca0d2 light=8b84ee67 texgen=7c17a78f tev=aa968f41 bound=9f9f7866 pixel=d7e810a4 proj=4.02369,0,2.41421,0 vp=320,0,320,480
drawhash>   reg 00000000 000000ff ffffffff 00b6cc40 konst 000000ff 0395fdcc 00000000 00000000 scissor 320 0 320 480 proj -0.00603622 -301.811 0
drawhash>   chan0 amb 0c0c0cff mat ffffffff mask 1
drawhash>   chan1 amb 00000000 mat ffffffff mask 0
drawhash>   light0 pos 133.641 102.54 -2170.21 dir -2.77718e-09 0.931445 0.363883 col fff0dc k 1 0 8.22369e-06 a 1 0 0
drawhash>   light1 pos 3.1399 -130.184 -1959.24 dir 0 0 0 col c8f0a0 k 1 0 6.4e-05 a 1 0 0
drawhash>   light2 pos 9954.11 7102.08 -22153.5 dir 0 0 0 col faf0d2 k 1 0 1.5625e-06 a 1 0 0
drawhash> f14776 b106 obj=? mdl=-1 verts=489 stride=36 h=49bcc503 mtx=5062db5b state=f4ec4ea9
drawhash>   parts chan=926ca0d2 light=8b84ee67 texgen=7c17a78f tev=aa968f41 bound=52ca7efb pixel=d7e810a4 proj=4.02369,0,2.41421,0 vp=320,0,320,480
drawhash>   reg 00000000 000000ff ffffffff 00b6cc40 konst 000000ff 0395fdcc 00000000 00000000 scissor 320 0 320 480 proj -0.00603622 -301.811 0
drawhash>   chan0 amb 0c0c0cff mat ffffffff mask 1
drawhash>   chan1 amb 00000000 mat ffffffff mask 0
drawhash>   light0 pos 133.641 102.54 -2170.21 dir -2.77718e-09 0.931445 0.363883 col fff0dc k 1 0 8.22369e-06 a 1 0 0
drawhash>   light1 pos 3.1399 -130.184 -1959.24 dir 0 0 0 col c8f0a0 k 1 0 6.4e-05 a 1 0 0
drawhash>   light2 pos 9954.11 7102.08 -22153.5 dir 0 0 0 col faf0d2 k 1 0 1.5625e-06 a 1 0 0
drawhash> f14776 b107 obj=? mdl=-1 verts=63 stride=36 h=3b8e26cb mtx=5062db5b state=029a4b04
drawhash>   parts chan=926ca0d2 light=8b84ee67 texgen=7c17a78f tev=aa968f41 bound=934e2119 pixel=d7e810a4 proj=4.02369,0,2.41421,0 vp=320,0,320,480
drawhash>   reg 00000000 000000ff ffffffff 00b6cc40 konst 000000ff 0395fdcc 00000000 00000000 scissor 320 0 320 480 proj -0.00603622 -301.811 0
drawhash>   chan0 amb 0c0c0cff mat ffffffff mask 1
drawhash>   chan1 amb 00000000 mat ffffffff mask 0
drawhash>   light0 pos 133.641 102.54 -2170.21 dir -2.77718e-09 0.931445 0.363883 col fff0dc k 1 0 8.22369e-06 a 1 0 0
drawhash>   light1 pos 3.1399 -130.184 -1959.24 dir 0 0 0 col c8f0a0 k 1 0 6.4e-05 a 1 0 0
drawhash>   light2 pos 9954.11 7102.08 -22153.5 dir 0 0 0 col faf0d2 k 1 0 1.5625e-06 a 1 0 0
drawhash> f14776 b108 obj=? mdl=-1 verts=180 stride=36 h=a4203c49 mtx=dcfeba43 state=206f7d4d
drawhash>   parts chan=9afde57a light=8b84ee67 texgen=7c17a78f tev=aa968f41 bound=9f9f7866 pixel=d7e810a4 proj=4.02369,0,2.41421,0 vp=320,0,320,480
drawhash>   reg 00000000 433000ff ffffffff 00b6cc40 konst 000000ff 0395fdcc 00000000 00000000 scissor 320 0 320 480 proj -0.00603622 -301.811 0
drawhash>   chan0 amb 0c0c0cff mat fffbffff mask 1
drawhash>   chan1 amb 00000000 mat ffffffff mask 0
drawhash>   light0 pos 133.641 102.54 -2170.21 dir -2.77718e-09 0.931445 0.363883 col fff0dc k 1 0 8.22369e-06 a 1 0 0
drawhash>   light1 pos 3.1399 -130.184 -1959.24 dir 0 0 0 col c8f0a0 k 1 0 6.4e-05 a 1 0 0
drawhash>   light2 pos 9954.11 7102.08 -22153.5 dir 0 0 0 col faf0d2 k 1 0 1.5625e-06 a 1 0 0
drawhash> f14776 b109 obj=? mdl=-1 verts=20 stride=36 h=930ec7c9 mtx=b54f6024 state=0fd97162
drawhash>   parts chan=926ca0d2 light=8b84ee67 texgen=7c17a78f tev=aa968f41 bound=3d3e71ec pixel=d7e810a4 proj=4.02369,0,2.41421,0 vp=320,0,320,480
drawhash>   reg 00000000 433000ff ffffffff 00b6cc40 konst 000000ff 0395fdcc 00000000 00000000 scissor 320 0 320 480 proj -0.00603622 -301.811 0
drawhash>   chan0 amb 0c0c0cff mat ffffffff mask 1
drawhash>   chan1 amb 00000000 mat ffffffff mask 0
drawhash>   light0 pos 133.641 102.54 -2170.21 dir -2.77718e-09 0.931445 0.363883 col fff0dc k 1 0 8.22369e-06 a 1 0 0
drawhash>   light1 pos 3.1399 -130.184 -1959.24 dir 0 0 0 col c8f0a0 k 1 0 6.4e-05 a 1 0 0
drawhash>   light2 pos 9954.11 7102.08 -22153.5 dir 0 0 0 col faf0d2 k 1 0 1.5625e-06 a 1 0 0
drawhash> f14776 b110 obj=? mdl=-1 verts=16 stride=36 h=42c6e1e9 mtx=f9f3a393 state=0fd97162
drawhash>   parts chan=926ca0d2 light=8b84ee67 texgen=7c17a78f tev=aa968f41 bound=3d3e71ec pixel=d7e810a4 proj=4.02369,0,2.41421,0 vp=320,0,320,480
drawhash>   reg 00000000 433000ff ffffffff 00b6cc40 konst 000000ff 0395fdcc 00000000 00000000 scissor 320 0 320 480 proj -0.00603622 -301.811 0
drawhash>   chan0 amb 0c0c0cff mat ffffffff mask 1
drawhash>   chan1 amb 00000000 mat ffffffff mask 0
drawhash>   light0 pos 133.641 102.54 -2170.21 dir -2.77718e-09 0.931445 0.363883 col fff0dc k 1 0 8.22369e-06 a 1 0 0
drawhash>   light1 pos 3.1399 -130.184 -1959.24 dir 0 0 0 col c8f0a0 k 1 0 6.4e-05 a 1 0 0
drawhash>   light2 pos 9954.11 7102.08 -22153.5 dir 0 0 0 col faf0d2 k 1 0 1.5625e-06 a 1 0 0
drawhash> f14776 b111 obj=? mdl=-1 verts=72 stride=36 h=8ee482f1 mtx=0374a1b0 state=0fd97162
drawhash>   parts chan=926ca0d2 light=8b84ee67 texgen=7c17a78f tev=aa968f41 bound=3d3e71ec pixel=d7e810a4 proj=4.02369,0,2.41421,0 vp=320,0,320,480
drawhash>   reg 00000000 433000ff ffffffff 00b6cc40 konst 000000ff 0395fdcc 00000000 00000000 scissor 320 0 320 480 proj -0.00603622 -301.811 0
drawhash>   chan0 amb 0c0c0cff mat ffffffff mask 1
drawhash>   chan1 amb 00000000 mat ffffffff mask 0
drawhash>   light0 pos 133.641 102.54 -2170.21 dir -2.77718e-09 0.931445 0.363883 col fff0dc k 1 0 8.22369e-06 a 1 0 0
drawhash>   light1 pos 3.1399 -130.184 -1959.24 dir 0 0 0 col c8f0a0 k 1 0 6.4e-05 a 1 0 0
drawhash>   light2 pos 9954.11 7102.08 -22153.5 dir 0 0 0 col faf0d2 k 1 0 1.5625e-06 a 1 0 0
drawhash> f14776 b112 obj=? mdl=-1 verts=72 stride=36 h=bf12e3cd mtx=785cfd3c state=0fd97162
drawhash>   parts chan=926ca0d2 light=8b84ee67 texgen=7c17a78f tev=aa968f41 bound=3d3e71ec pixel=d7e810a4 proj=4.02369,0,2.41421,0 vp=320,0,320,480
drawhash>   reg 00000000 433000ff ffffffff 00b6cc40 konst 000000ff 0395fdcc 00000000 00000000 scissor 320 0 320 480 proj -0.00603622 -301.811 0
drawhash>   chan0 amb 0c0c0cff mat ffffffff mask 1
drawhash>   chan1 amb 00000000 mat ffffffff mask 0
drawhash>   light0 pos 133.641 102.54 -2170.21 dir -2.77718e-09 0.931445 0.363883 col fff0dc k 1 0 8.22369e-06 a 1 0 0
drawhash>   light1 pos 3.1399 -130.184 -1959.24 dir 0 0 0 col c8f0a0 k 1 0 6.4e-05 a 1 0 0
drawhash>   light2 pos 9954.11 7102.08 -22153.5 dir 0 0 0 col faf0d2 k 1 0 1.5625e-06 a 1 0 0
drawhash> f14776 b113 obj=? mdl=-1 verts=168 stride=36 h=9c8e5f88 mtx=94c2f112 state=1ec0d575
drawhash>   parts chan=6dc82542 light=8b84ee67 texgen=7c17a78f tev=aa968f41 bound=b050b37b pixel=d7e810a4 proj=4.02369,0,2.41421,0 vp=320,0,320,480
drawhash>   reg 00000000 433000ff ffffffff 00b6cc40 konst 000000ff 0395fdcc 00000000 00000000 scissor 320 0 320 480 proj -0.00603622 -301.811 0
drawhash>   chan0 amb 0c0c0cff mat fdffffff mask 1
drawhash>   chan1 amb 00000000 mat ffffffff mask 0
drawhash>   light0 pos 133.641 102.54 -2170.21 dir -2.77718e-09 0.931445 0.363883 col fff0dc k 1 0 8.22369e-06 a 1 0 0
drawhash>   light1 pos 3.1399 -130.184 -1959.24 dir 0 0 0 col c8f0a0 k 1 0 6.4e-05 a 1 0 0
drawhash>   light2 pos 9954.11 7102.08 -22153.5 dir 0 0 0 col faf0d2 k 1 0 1.5625e-06 a 1 0 0
drawhash> f14776 b114 obj=? mdl=-1 verts=82 stride=36 h=3ade3dc1 mtx=a81980f9 state=063e1443
drawhash>   parts chan=926ca0d2 light=8b84ee67 texgen=7c17a78f tev=aa968f41 bound=305616f2 pixel=d7e810a4 proj=4.02369,0,2.41421,0 vp=320,0,320,480
drawhash>   reg 00000000 433000ff ffffffff 00b6cc40 konst 000000ff 0395fdcc 00000000 00000000 scissor 320 0 320 480 proj -0.00603622 -301.811 0
drawhash>   chan0 amb 0c0c0cff mat ffffffff mask 1
drawhash>   chan1 amb 00000000 mat ffffffff mask 0
drawhash>   light0 pos 133.641 102.54 -2170.21 dir -2.77718e-09 0.931445 0.363883 col fff0dc k 1 0 8.22369e-06 a 1 0 0
drawhash>   light1 pos 3.1399 -130.184 -1959.24 dir 0 0 0 col c8f0a0 k 1 0 6.4e-05 a 1 0 0
drawhash>   light2 pos 9954.11 7102.08 -22153.5 dir 0 0 0 col faf0d2 k 1 0 1.5625e-06 a 1 0 0
drawhash> f14776 b115 obj=? mdl=-1 verts=82 stride=36 h=cc23b79d mtx=ae45a4ad state=b443b1fa
drawhash>   parts chan=926ca0d2 light=8b84ee67 texgen=7c17a78f tev=aa968f41 bound=c82f656a pixel=d7e810a4 proj=4.02369,0,2.41421,0 vp=320,0,320,480
drawhash>   reg 00000000 433000ff ffffffff 00b6cc40 konst 000000ff 0395fdcc 00000000 00000000 scissor 320 0 320 480 proj -0.00603622 -301.811 0
drawhash>   chan0 amb 0c0c0cff mat ffffffff mask 1
drawhash>   chan1 amb 00000000 mat ffffffff mask 0
drawhash>   light0 pos 133.641 102.54 -2170.21 dir -2.77718e-09 0.931445 0.363883 col fff0dc k 1 0 8.22369e-06 a 1 0 0
drawhash>   light1 pos 3.1399 -130.184 -1959.24 dir 0 0 0 col c8f0a0 k 1 0 6.4e-05 a 1 0 0
drawhash>   light2 pos 9954.11 7102.08 -22153.5 dir 0 0 0 col faf0d2 k 1 0 1.5625e-06 a 1 0 0
drawhash> f14776 b116 obj=? mdl=-1 verts=82 stride=36 h=4683a05f mtx=1e5f230c state=9e1fe2e4
drawhash>   parts chan=926ca0d2 light=8b84ee67 texgen=7c17a78f tev=aa968f41 bound=6f78c0df pixel=d7e810a4 proj=4.02369,0,2.41421,0 vp=320,0,320,480
drawhash>   reg 00000000 433000ff ffffffff 00b6cc40 konst 000000ff 0395fdcc 00000000 00000000 scissor 320 0 320 480 proj -0.00603622 -301.811 0
drawhash>   chan0 amb 0c0c0cff mat ffffffff mask 1
drawhash>   chan1 amb 00000000 mat ffffffff mask 0
drawhash>   light0 pos 133.641 102.54 -2170.21 dir -2.77718e-09 0.931445 0.363883 col fff0dc k 1 0 8.22369e-06 a 1 0 0
drawhash>   light1 pos 3.1399 -130.184 -1959.24 dir 0 0 0 col c8f0a0 k 1 0 6.4e-05 a 1 0 0
drawhash>   light2 pos 9954.11 7102.08 -22153.5 dir 0 0 0 col faf0d2 k 1 0 1.5625e-06 a 1 0 0
drawhash> f14776 b117 obj=? mdl=-1 verts=82 stride=36 h=b3103ac3 mtx=56d7a7e3 state=19f4b2ad
drawhash>   parts chan=926ca0d2 light=8b84ee67 texgen=7c17a78f tev=aa968f41 bound=ce3ab3af pixel=d7e810a4 proj=4.02369,0,2.41421,0 vp=320,0,320,480
drawhash>   reg 00000000 433000ff ffffffff 00b6cc40 konst 000000ff 0395fdcc 00000000 00000000 scissor 320 0 320 480 proj -0.00603622 -301.811 0
drawhash>   chan0 amb 0c0c0cff mat ffffffff mask 1
drawhash>   chan1 amb 00000000 mat ffffffff mask 0
drawhash>   light0 pos 133.641 102.54 -2170.21 dir -2.77718e-09 0.931445 0.363883 col fff0dc k 1 0 8.22369e-06 a 1 0 0
drawhash>   light1 pos 3.1399 -130.184 -1959.24 dir 0 0 0 col c8f0a0 k 1 0 6.4e-05 a 1 0 0
drawhash>   light2 pos 9954.11 7102.08 -22153.5 dir 0 0 0 col faf0d2 k 1 0 1.5625e-06 a 1 0 0
drawhash> f14776 b118 obj=? mdl=-1 verts=96 stride=36 h=eeb349d6 mtx=e4ca47aa state=5557bc35
drawhash>   parts chan=cd46228e light=8b84ee67 texgen=7c17a78f tev=aa968f41 bound=91adc8d5 pixel=d7e810a4 proj=4.02369,0,2.41421,0 vp=320,0,320,480
drawhash>   reg 00000000 433000ff ffffffff 00b6cc40 konst 000000ff 0395fdcc 00000000 00000000 scissor 320 0 320 480 proj -0.00603622 -301.811 0
drawhash>   chan0 amb ffffffff mat ffffffff mask 0
drawhash>   chan1 amb 00000000 mat ffffffff mask 0
drawhash>   light0 pos 133.641 102.54 -2170.21 dir -2.77718e-09 0.931445 0.363883 col fff0dc k 1 0 8.22369e-06 a 1 0 0
drawhash>   light1 pos 3.1399 -130.184 -1959.24 dir 0 0 0 col c8f0a0 k 1 0 6.4e-05 a 1 0 0
drawhash>   light2 pos 9954.11 7102.08 -22153.5 dir 0 0 0 col faf0d2 k 1 0 1.5625e-06 a 1 0 0
drawhash> f14776 b119 obj=? mdl=-1 verts=110 stride=36 h=59189900 mtx=cb1f7f39 state=162e5dd5
drawhash>   parts chan=cd46228e light=8b84ee67 texgen=7c17a78f tev=aa968f41 bound=9a99d05c pixel=d7e810a4 proj=4.02369,0,2.41421,0 vp=320,0,320,480
drawhash>   reg 00000000 433000ff ffffffff 00b6cc40 konst 000000ff 0395fdcc 00000000 00000000 scissor 320 0 320 480 proj -0.00603622 -301.811 0
drawhash>   chan0 amb ffffffff mat ffffffff mask 0
drawhash>   chan1 amb 00000000 mat ffffffff mask 0
drawhash>   light0 pos 133.641 102.54 -2170.21 dir -2.77718e-09 0.931445 0.363883 col fff0dc k 1 0 8.22369e-06 a 1 0 0
drawhash>   light1 pos 3.1399 -130.184 -1959.24 dir 0 0 0 col c8f0a0 k 1 0 6.4e-05 a 1 0 0
drawhash>   light2 pos 9954.11 7102.08 -22153.5 dir 0 0 0 col faf0d2 k 1 0 1.5625e-06 a 1 0 0
drawhash> f14776 b120 obj=? mdl=-1 verts=110 stride=36 h=b13bb630 mtx=2a3b9126 state=162e5dd5
drawhash>   parts chan=cd46228e light=8b84ee67 texgen=7c17a78f tev=aa968f41 bound=9a99d05c pixel=d7e810a4 proj=4.02369,0,2.41421,0 vp=320,0,320,480
drawhash>   reg 00000000 433000ff ffffffff 00b6cc40 konst 000000ff 0395fdcc 00000000 00000000 scissor 320 0 320 480 proj -0.00603622 -301.811 0
drawhash>   chan0 amb ffffffff mat ffffffff mask 0
drawhash>   chan1 amb 00000000 mat ffffffff mask 0
drawhash>   light0 pos 133.641 102.54 -2170.21 dir -2.77718e-09 0.931445 0.363883 col fff0dc k 1 0 8.22369e-06 a 1 0 0
drawhash>   light1 pos 3.1399 -130.184 -1959.24 dir 0 0 0 col c8f0a0 k 1 0 6.4e-05 a 1 0 0
drawhash>   light2 pos 9954.11 7102.08 -22153.5 dir 0 0 0 col faf0d2 k 1 0 1.5625e-06 a 1 0 0
drawhash> f14776 b121 obj=? mdl=-1 verts=268 stride=36 h=d74840e4 mtx=386950a4 state=af13f967
drawhash>   parts chan=6c16255e light=1425b61c texgen=7c17a78f tev=aa968f41 bound=86b87f4f pixel=d7e810a4 proj=4.02369,0,2.41421,0 vp=320,0,320,480
drawhash>   reg 00000000 433000ff ffffffff 00b6cc40 konst 000000ff 0395fdcc 00000000 00000000 scissor 320 0 320 480 proj -0.00603622 -301.811 0
drawhash>   chan0 amb 0c0c0cff mat ffffffff mask 7
drawhash>   chan1 amb 00000000 mat ffffffff mask 0
drawhash>   light0 pos 34.7128 -105.428 -2022.6 dir 0.420971 0.330068 -0.844889 col faf0d2 k 1 0 0 a -22.4176 46.8353 -23.4176
drawhash>   light1 pos 1325.83 371.38 -2451.29 dir 0 0 0 col ffffff k 1 0 4.97588e-06 a 1 0 0
drawhash>   light2 pos -1283.16 -291.213 -755.227 dir 0 0 0 col ffffff k 1 0 4.97588e-06 a 1 0 0
drawhash> f14776 b122 obj=? mdl=-1 verts=128 stride=36 h=4b2a1b4d mtx=8ccd53f3 state=ba9a1802
drawhash>   parts chan=6c16255e light=1425b61c texgen=7c17a78f tev=aa968f41 bound=4fee1da3 pixel=d7e810a4 proj=4.02369,0,2.41421,0 vp=320,0,320,480
drawhash>   reg 00000000 433000ff ffffffff 00b6cc40 konst 000000ff 0395fdcc 00000000 00000000 scissor 320 0 320 480 proj -0.00603622 -301.811 0
drawhash>   chan0 amb 0c0c0cff mat ffffffff mask 7
drawhash>   chan1 amb 00000000 mat ffffffff mask 0
drawhash>   light0 pos 34.7128 -105.428 -2022.6 dir 0.420971 0.330068 -0.844889 col faf0d2 k 1 0 0 a -22.4176 46.8353 -23.4176
drawhash>   light1 pos 1325.83 371.38 -2451.29 dir 0 0 0 col ffffff k 1 0 4.97588e-06 a 1 0 0
drawhash>   light2 pos -1283.16 -291.213 -755.227 dir 0 0 0 col ffffff k 1 0 4.97588e-06 a 1 0 0
drawhash> f14776 b123 obj=? mdl=-1 verts=108 stride=36 h=cfbe6d2f mtx=6af261c4 state=109f8cfb
drawhash>   parts chan=4881f307 light=1425b61c texgen=7c17a78f tev=aa968f41 bound=77e8f734 pixel=d7e810a4 proj=4.02369,0,2.41421,0 vp=320,0,320,480
drawhash>   reg 00000000 433000ff ffffffff 00b6cc40 konst 000000ff 0395fdcc 00000000 00000000 scissor 320 0 320 480 proj -0.00603622 -301.811 0
drawhash>   chan0 amb 0c0c0cff mat ffffffff mask 7
drawhash>   chan1 amb 00000000 mat ffffffff mask 0
drawhash>   light0 pos 34.7128 -105.428 -2022.6 dir 0.420971 0.330068 -0.844889 col faf0d2 k 1 0 0 a -22.4176 46.8353 -23.4176
drawhash>   light1 pos 1325.83 371.38 -2451.29 dir 0 0 0 col ffffff k 1 0 4.97588e-06 a 1 0 0
drawhash>   light2 pos -1283.16 -291.213 -755.227 dir 0 0 0 col ffffff k 1 0 4.97588e-06 a 1 0 0
drawhash> f14776 b124 obj=? mdl=-1 verts=51 stride=36 h=ebffd1db mtx=f547fd63 state=109f8cfb
drawhash>   parts chan=4881f307 light=1425b61c texgen=7c17a78f tev=aa968f41 bound=77e8f734 pixel=d7e810a4 proj=4.02369,0,2.41421,0 vp=320,0,320,480
drawhash>   reg 00000000 433000ff ffffffff 00b6cc40 konst 000000ff 0395fdcc 00000000 00000000 scissor 320 0 320 480 proj -0.00603622 -301.811 0
drawhash>   chan0 amb 0c0c0cff mat ffffffff mask 7
drawhash>   chan1 amb 00000000 mat ffffffff mask 0
drawhash>   light0 pos 34.7128 -105.428 -2022.6 dir 0.420971 0.330068 -0.844889 col faf0d2 k 1 0 0 a -22.4176 46.8353 -23.4176
drawhash>   light1 pos 1325.83 371.38 -2451.29 dir 0 0 0 col ffffff k 1 0 4.97588e-06 a 1 0 0
drawhash>   light2 pos -1283.16 -291.213 -755.227 dir 0 0 0 col ffffff k 1 0 4.97588e-06 a 1 0 0
drawhash> f14776 b125 obj=? mdl=-1 verts=266 stride=36 h=426c1b36 mtx=31698cef state=af13f967
drawhash>   parts chan=6c16255e light=1425b61c texgen=7c17a78f tev=aa968f41 bound=86b87f4f pixel=d7e810a4 proj=4.02369,0,2.41421,0 vp=320,0,320,480
drawhash>   reg 00000000 433000ff ffffffff 00b6cc40 konst 000000ff 0395fdcc 00000000 00000000 scissor 320 0 320 480 proj -0.00603622 -301.811 0
drawhash>   chan0 amb 0c0c0cff mat ffffffff mask 7
drawhash>   chan1 amb 00000000 mat ffffffff mask 0
drawhash>   light0 pos 34.7128 -105.428 -2022.6 dir 0.420971 0.330068 -0.844889 col faf0d2 k 1 0 0 a -22.4176 46.8353 -23.4176
drawhash>   light1 pos 1325.83 371.38 -2451.29 dir 0 0 0 col ffffff k 1 0 4.97588e-06 a 1 0 0
drawhash>   light2 pos -1283.16 -291.213 -755.227 dir 0 0 0 col ffffff k 1 0 4.97588e-06 a 1 0 0
drawhash> f14776 b126 obj=? mdl=-1 verts=128 stride=36 h=d272c613 mtx=24da5121 state=ba9a1802
drawhash>   parts chan=6c16255e light=1425b61c texgen=7c17a78f tev=aa968f41 bound=4fee1da3 pixel=d7e810a4 proj=4.02369,0,2.41421,0 vp=320,0,320,480
drawhash>   reg 00000000 433000ff ffffffff 00b6cc40 konst 000000ff 0395fdcc 00000000 00000000 scissor 320 0 320 480 proj -0.00603622 -301.811 0
drawhash>   chan0 amb 0c0c0cff mat ffffffff mask 7
drawhash>   chan1 amb 00000000 mat ffffffff mask 0
drawhash>   light0 pos 34.7128 -105.428 -2022.6 dir 0.420971 0.330068 -0.844889 col faf0d2 k 1 0 0 a -22.4176 46.8353 -23.4176
drawhash>   light1 pos 1325.83 371.38 -2451.29 dir 0 0 0 col ffffff k 1 0 4.97588e-06 a 1 0 0
drawhash>   light2 pos -1283.16 -291.213 -755.227 dir 0 0 0 col ffffff k 1 0 4.97588e-06 a 1 0 0
drawhash> f14776 b127 obj=? mdl=-1 verts=108 stride=36 h=853c7898 mtx=e748bedd state=109f8cfb
drawhash>   parts chan=4881f307 light=1425b61c texgen=7c17a78f tev=aa968f41 bound=77e8f734 pixel=d7e810a4 proj=4.02369,0,2.41421,0 vp=320,0,320,480
drawhash>   reg 00000000 433000ff ffffffff 00b6cc40 konst 000000ff 0395fdcc 00000000 00000000 scissor 320 0 320 480 proj -0.00603622 -301.811 0
drawhash>   chan0 amb 0c0c0cff mat ffffffff mask 7
drawhash>   chan1 amb 00000000 mat ffffffff mask 0
drawhash>   light0 pos 34.7128 -105.428 -2022.6 dir 0.420971 0.330068 -0.844889 col faf0d2 k 1 0 0 a -22.4176 46.8353 -23.4176
drawhash>   light1 pos 1325.83 371.38 -2451.29 dir 0 0 0 col ffffff k 1 0 4.97588e-06 a 1 0 0
drawhash>   light2 pos -1283.16 -291.213 -755.227 dir 0 0 0 col ffffff k 1 0 4.97588e-06 a 1 0 0
drawhash> f14776 b128 obj=? mdl=-1 verts=51 stride=36 h=5fb2dacb mtx=5ea73bb4 state=109f8cfb
drawhash>   parts chan=4881f307 light=1425b61c texgen=7c17a78f tev=aa968f41 bound=77e8f734 pixel=d7e810a4 proj=4.02369,0,2.41421,0 vp=320,0,320,480
drawhash>   reg 00000000 433000ff ffffffff 00b6cc40 konst 000000ff 0395fdcc 00000000 00000000 scissor 320 0 320 480 proj -0.00603622 -301.811 0
drawhash>   chan0 amb 0c0c0cff mat ffffffff mask 7
drawhash>   chan1 amb 00000000 mat ffffffff mask 0
drawhash>   light0 pos 34.7128 -105.428 -2022.6 dir 0.420971 0.330068 -0.844889 col faf0d2 k 1 0 0 a -22.4176 46.8353 -23.4176
drawhash>   light1 pos 1325.83 371.38 -2451.29 dir 0 0 0 col ffffff k 1 0 4.97588e-06 a 1 0 0
drawhash>   light2 pos -1283.16 -291.213 -755.227 dir 0 0 0 col ffffff k 1 0 4.97588e-06 a 1 0 0
drawhash> f14776 b129 obj=? mdl=-1 verts=234 stride=36 h=cf031274 mtx=0a176594 state=af13f967
drawhash>   parts chan=6c16255e light=1425b61c texgen=7c17a78f tev=aa968f41 bound=86b87f4f pixel=d7e810a4 proj=4.02369,0,2.41421,0 vp=320,0,320,480
drawhash>   reg 00000000 433000ff ffffffff 00b6cc40 konst 000000ff 0395fdcc 00000000 00000000 scissor 320 0 320 480 proj -0.00603622 -301.811 0
drawhash>   chan0 amb 0c0c0cff mat ffffffff mask 7
drawhash>   chan1 amb 00000000 mat ffffffff mask 0
drawhash>   light0 pos 34.7128 -105.428 -2022.6 dir 0.420971 0.330068 -0.844889 col faf0d2 k 1 0 0 a -22.4176 46.8353 -23.4176
drawhash>   light1 pos 1325.83 371.38 -2451.29 dir 0 0 0 col ffffff k 1 0 4.97588e-06 a 1 0 0
drawhash>   light2 pos -1283.16 -291.213 -755.227 dir 0 0 0 col ffffff k 1 0 4.97588e-06 a 1 0 0
drawhash> f14776 b130 obj=? mdl=-1 verts=112 stride=36 h=bddeb4c6 mtx=fcf3280b state=ba9a1802
drawhash>   parts chan=6c16255e light=1425b61c texgen=7c17a78f tev=aa968f41 bound=4fee1da3 pixel=d7e810a4 proj=4.02369,0,2.41421,0 vp=320,0,320,480
drawhash>   reg 00000000 433000ff ffffffff 00b6cc40 konst 000000ff 0395fdcc 00000000 00000000 scissor 320 0 320 480 proj -0.00603622 -301.811 0
drawhash>   chan0 amb 0c0c0cff mat ffffffff mask 7
drawhash>   chan1 amb 00000000 mat ffffffff mask 0
drawhash>   light0 pos 34.7128 -105.428 -2022.6 dir 0.420971 0.330068 -0.844889 col faf0d2 k 1 0 0 a -22.4176 46.8353 -23.4176
drawhash>   light1 pos 1325.83 371.38 -2451.29 dir 0 0 0 col ffffff k 1 0 4.97588e-06 a 1 0 0
drawhash>   light2 pos -1283.16 -291.213 -755.227 dir 0 0 0 col ffffff k 1 0 4.97588e-06 a 1 0 0
drawhash> f14776 b131 obj=? mdl=-1 verts=138 stride=36 h=fe021d52 mtx=2b72497c state=7081ac51
drawhash>   parts chan=7233e8c6 light=6994dd68 texgen=7c17a78f tev=aa968f41 bound=49c78e5c pixel=d7e810a4 proj=4.02369,0,2.41421,0 vp=320,0,320,480
drawhash>   reg 00000000 433000ff ffffffff 00b6cc40 konst 000000ff 0395fdcc 00000000 00000000 scissor 320 0 320 480 proj -0.00603622 -301.811 0
drawhash>   chan0 amb 0c0c0cff mat ffffffff mask 3
drawhash>   chan1 amb 00000000 mat ffffffff mask 0
drawhash>   light0 pos 34.7128 -105.428 -2022.6 dir 0.420971 0.330068 -0.844889 col faf0d2 k 1 0 0 a -22.4176 46.8353 -23.4176
drawhash>   light1 pos 480.611 1316.44 -4870.4 dir 0 0 0 col ffffff k 1 0 4.97588e-06 a 1 0 0
drawhash>   light2 pos -1283.16 -291.213 -755.227 dir 0 0 0 col ffffff k 1 0 4.97588e-06 a 1 0 0
drawhash> f14776 b132 obj=? mdl=-1 verts=128 stride=36 h=4b5ae519 mtx=f1464512 state=f0f93bde
drawhash>   parts chan=7233e8c6 light=6994dd68 texgen=7c17a78f tev=aa968f41 bound=a2d55124 pixel=d7e810a4 proj=4.02369,0,2.41421,0 vp=320,0,320,480
drawhash>   reg 00000000 433000ff ffffffff 00b6cc40 konst 000000ff 0395fdcc 00000000 00000000 scissor 320 0 320 480 proj -0.00603622 -301.811 0
drawhash>   chan0 amb 0c0c0cff mat ffffffff mask 3
drawhash>   chan1 amb 00000000 mat ffffffff mask 0
drawhash>   light0 pos 34.7128 -105.428 -2022.6 dir 0.420971 0.330068 -0.844889 col faf0d2 k 1 0 0 a -22.4176 46.8353 -23.4176
drawhash>   light1 pos 480.611 1316.44 -4870.4 dir 0 0 0 col ffffff k 1 0 4.97588e-06 a 1 0 0
drawhash>   light2 pos -1283.16 -291.213 -755.227 dir 0 0 0 col ffffff k 1 0 4.97588e-06 a 1 0 0
drawhash> f14776 b133 obj=? mdl=-1 verts=128 stride=36 h=d4bbf1f0 mtx=2b72497c state=7081ac51
drawhash>   parts chan=7233e8c6 light=6994dd68 texgen=7c17a78f tev=aa968f41 bound=49c78e5c pixel=d7e810a4 proj=4.02369,0,2.41421,0 vp=320,0,320,480
drawhash>   reg 00000000 433000ff ffffffff 00b6cc40 konst 000000ff 0395fdcc 00000000 00000000 scissor 320 0 320 480 proj -0.00603622 -301.811 0
drawhash>   chan0 amb 0c0c0cff mat ffffffff mask 3
drawhash>   chan1 amb 00000000 mat ffffffff mask 0
drawhash>   light0 pos 34.7128 -105.428 -2022.6 dir 0.420971 0.330068 -0.844889 col faf0d2 k 1 0 0 a -22.4176 46.8353 -23.4176
drawhash>   light1 pos 480.611 1316.44 -4870.4 dir 0 0 0 col ffffff k 1 0 4.97588e-06 a 1 0 0
drawhash>   light2 pos -1283.16 -291.213 -755.227 dir 0 0 0 col ffffff k 1 0 4.97588e-06 a 1 0 0
drawhash> f14776 b134 obj=? mdl=-1 verts=108 stride=36 h=853c7898 mtx=3565b156 state=a04e2848
drawhash>   parts chan=e710ed2f light=6994dd68 texgen=7c17a78f tev=aa968f41 bound=28f8f33e pixel=d7e810a4 proj=4.02369,0,2.41421,0 vp=320,0,320,480
drawhash>   reg 00000000 433000ff ffffffff 00b6cc40 konst 000000ff 0395fdcc 00000000 00000000 scissor 320 0 320 480 proj -0.00603622 -301.811 0
drawhash>   chan0 amb 0c0c0cff mat ffffffff mask 3
drawhash>   chan1 amb 00000000 mat ffffffff mask 0
drawhash>   light0 pos 34.7128 -105.428 -2022.6 dir 0.420971 0.330068 -0.844889 col faf0d2 k 1 0 0 a -22.4176 46.8353 -23.4176
drawhash>   light1 pos 480.611 1316.44 -4870.4 dir 0 0 0 col ffffff k 1 0 4.97588e-06 a 1 0 0
drawhash>   light2 pos -1283.16 -291.213 -755.227 dir 0 0 0 col ffffff k 1 0 4.97588e-06 a 1 0 0
drawhash> f14776 b135 obj=? mdl=-1 verts=51 stride=36 h=5fb2dacb mtx=4fb32f46 state=a04e2848
drawhash>   parts chan=e710ed2f light=6994dd68 texgen=7c17a78f tev=aa968f41 bound=28f8f33e pixel=d7e810a4 proj=4.02369,0,2.41421,0 vp=320,0,320,480
drawhash>   reg 00000000 433000ff ffffffff 00b6cc40 konst 000000ff 0395fdcc 00000000 00000000 scissor 320 0 320 480 proj -0.00603622 -301.811 0
drawhash>   chan0 amb 0c0c0cff mat ffffffff mask 3
drawhash>   chan1 amb 00000000 mat ffffffff mask 0
drawhash>   light0 pos 34.7128 -105.428 -2022.6 dir 0.420971 0.330068 -0.844889 col faf0d2 k 1 0 0 a -22.4176 46.8353 -23.4176
drawhash>   light1 pos 480.611 1316.44 -4870.4 dir 0 0 0 col ffffff k 1 0 4.97588e-06 a 1 0 0
drawhash>   light2 pos -1283.16 -291.213 -755.227 dir 0 0 0 col ffffff k 1 0 4.97588e-06 a 1 0 0
drawhash> f14776 b136 obj=? mdl=-1 verts=266 stride=36 h=393e67e5 mtx=77129afb state=d3bd66e3
drawhash>   parts chan=7233e8c6 light=c57fe557 texgen=7c17a78f tev=aa968f41 bound=a2ff8850 pixel=d7e810a4 proj=4.02369,0,2.41421,0 vp=320,0,320,480
drawhash>   reg 00000000 433000ff ffffffff 00b6cc40 konst 000000ff 0395fdcc 00000000 00000000 scissor 320 0 320 480 proj -0.00603622 -301.811 0
drawhash>   chan0 amb 0c0c0cff mat ffffffff mask 3
drawhash>   chan1 amb 00000000 mat ffffffff mask 0
drawhash>   light0 pos 34.7128 -105.428 -2022.6 dir 0.420971 0.330068 -0.844889 col faf0d2 k 1 0 0 a -22.4176 46.8353 -23.4176
drawhash>   light1 pos 2374.76 1798.88 -6105.33 dir 0 0 0 col ffffff k 1 0 4.97588e-06 a 1 0 0
drawhash>   light2 pos -1283.16 -291.213 -755.227 dir 0 0 0 col ffffff k 1 0 4.97588e-06 a 1 0 0
drawhash> f14776 b137 obj=? mdl=-1 verts=128 stride=36 h=b3e025e1 mtx=78e2641a state=d6e6b111
drawhash>   parts chan=7233e8c6 light=c57fe557 texgen=7c17a78f tev=aa968f41 bound=5ccd94ef pixel=d7e810a4 proj=4.02369,0,2.41421,0 vp=320,0,320,480
drawhash>   reg 00000000 433000ff ffffffff 00b6cc40 konst 000000ff 0395fdcc 00000000 00000000 scissor 320 0 320 480 proj -0.00603622 -301.811 0
drawhash>   chan0 amb 0c0c0cff mat ffffffff mask 3
drawhash>   chan1 amb 00000000 mat ffffffff mask 0
drawhash>   light0 pos 34.7128 -105.428 -2022.6 dir 0.420971 0.330068 -0.844889 col faf0d2 k 1 0 0 a -22.4176 46.8353 -23.4176
drawhash>   light1 pos 2374.76 1798.88 -6105.33 dir 0 0 0 col ffffff k 1 0 4.97588e-06 a 1 0 0
drawhash>   light2 pos -1283.16 -291.213 -755.227 dir 0 0 0 col ffffff k 1 0 4.97588e-06 a 1 0 0
drawhash> f14776 b138 obj=? mdl=-1 verts=108 stride=36 h=5c878621 mtx=afa3c289 state=d7ec7c1c
drawhash>   parts chan=e710ed2f light=c57fe557 texgen=7c17a78f tev=aa968f41 bound=b1941cf0 pixel=d7e810a4 proj=4.02369,0,2.41421,0 vp=320,0,320,480
drawhash>   reg 00000000 433000ff ffffffff 00b6cc40 konst 000000ff 0395fdcc 00000000 00000000 scissor 320 0 320 480 proj -0.00603622 -301.811 0
drawhash>   chan0 amb 0c0c0cff mat ffffffff mask 3
drawhash>   chan1 amb 00000000 mat ffffffff mask 0
drawhash>   light0 pos 34.7128 -105.428 -2022.6 dir 0.420971 0.330068 -0.844889 col faf0d2 k 1 0 0 a -22.4176 46.8353 -23.4176
drawhash>   light1 pos 2374.76 1798.88 -6105.33 dir 0 0 0 col ffffff k 1 0 4.97588e-06 a 1 0 0
drawhash>   light2 pos -1283.16 -291.213 -755.227 dir 0 0 0 col ffffff k 1 0 4.97588e-06 a 1 0 0
drawhash> f14776 b139 obj=? mdl=-1 verts=51 stride=36 h=3e9b301f mtx=b25bfced state=d7ec7c1c
drawhash>   parts chan=e710ed2f light=c57fe557 texgen=7c17a78f tev=aa968f41 bound=b1941cf0 pixel=d7e810a4 proj=4.02369,0,2.41421,0 vp=320,0,320,480
drawhash>   reg 00000000 433000ff ffffffff 00b6cc40 konst 000000ff 0395fdcc 00000000 00000000 scissor 320 0 320 480 proj -0.00603622 -301.811 0
drawhash>   chan0 amb 0c0c0cff mat ffffffff mask 3
drawhash>   chan1 amb 00000000 mat ffffffff mask 0
drawhash>   light0 pos 34.7128 -105.428 -2022.6 dir 0.420971 0.330068 -0.844889 col faf0d2 k 1 0 0 a -22.4176 46.8353 -23.4176
drawhash>   light1 pos 2374.76 1798.88 -6105.33 dir 0 0 0 col ffffff k 1 0 4.97588e-06 a 1 0 0
drawhash>   light2 pos -1283.16 -291.213 -755.227 dir 0 0 0 col ffffff k 1 0 4.97588e-06 a 1 0 0
drawhash> f14776 b140 obj=? mdl=-1 verts=138 stride=36 h=781584b0 mtx=aea14949 state=621d28ab
drawhash>   parts chan=926ca0d2 light=c57fe557 texgen=7c17a78f tev=aa968f41 bound=200b6d78 pixel=d7e810a4 proj=4.02369,0,2.41421,0 vp=320,0,320,480
drawhash>   reg 00000000 433000ff ffffffff 00b6cc40 konst 000000ff 0395fdcc 00000000 00000000 scissor 320 0 320 480 proj -0.00603622 -301.811 0
drawhash>   chan0 amb 0c0c0cff mat ffffffff mask 1
drawhash>   chan1 amb 00000000 mat ffffffff mask 0
drawhash>   light0 pos 34.7128 -105.428 -2022.6 dir 0.420971 0.330068 -0.844889 col faf0d2 k 1 0 0 a -22.4176 46.8353 -23.4176
drawhash>   light1 pos 2374.76 1798.88 -6105.33 dir 0 0 0 col ffffff k 1 0 4.97588e-06 a 1 0 0
drawhash>   light2 pos -1283.16 -291.213 -755.227 dir 0 0 0 col ffffff k 1 0 4.97588e-06 a 1 0 0
drawhash> f14776 b141 obj=? mdl=-1 verts=128 stride=36 h=930d3d6a mtx=c7480b39 state=d3651668
drawhash>   parts chan=926ca0d2 light=c57fe557 texgen=7c17a78f tev=aa968f41 bound=05400cc0 pixel=d7e810a4 proj=4.02369,0,2.41421,0 vp=320,0,320,480
drawhash>   reg 00000000 433000ff ffffffff 00b6cc40 konst 000000ff 0395fdcc 00000000 00000000 scissor 320 0 320 480 proj -0.00603622 -301.811 0
drawhash>   chan0 amb 0c0c0cff mat ffffffff mask 1
drawhash>   chan1 amb 00000000 mat ffffffff mask 0
drawhash>   light0 pos 34.7128 -105.428 -2022.6 dir 0.420971 0.330068 -0.844889 col faf0d2 k 1 0 0 a -22.4176 46.8353 -23.4176
drawhash>   light1 pos 2374.76 1798.88 -6105.33 dir 0 0 0 col ffffff k 1 0 4.97588e-06 a 1 0 0
drawhash>   light2 pos -1283.16 -291.213 -755.227 dir 0 0 0 col ffffff k 1 0 4.97588e-06 a 1 0 0
drawhash> f14776 b142 obj=? mdl=-1 verts=128 stride=36 h=bbf2f6ba mtx=aea14949 state=621d28ab
drawhash>   parts chan=926ca0d2 light=c57fe557 texgen=7c17a78f tev=aa968f41 bound=200b6d78 pixel=d7e810a4 proj=4.02369,0,2.41421,0 vp=320,0,320,480
drawhash>   reg 00000000 433000ff ffffffff 00b6cc40 konst 000000ff 0395fdcc 00000000 00000000 scissor 320 0 320 480 proj -0.00603622 -301.811 0
drawhash>   chan0 amb 0c0c0cff mat ffffffff mask 1
drawhash>   chan1 amb 00000000 mat ffffffff mask 0
drawhash>   light0 pos 34.7128 -105.428 -2022.6 dir 0.420971 0.330068 -0.844889 col faf0d2 k 1 0 0 a -22.4176 46.8353 -23.4176
drawhash>   light1 pos 2374.76 1798.88 -6105.33 dir 0 0 0 col ffffff k 1 0 4.97588e-06 a 1 0 0
drawhash>   light2 pos -1283.16 -291.213 -755.227 dir 0 0 0 col ffffff k 1 0 4.97588e-06 a 1 0 0
drawhash> f14776 b143 obj=? mdl=-1 verts=108 stride=36 h=853c7898 mtx=2e3f5844 state=bb0269f2
drawhash>   parts chan=e1329cc3 light=c57fe557 texgen=7c17a78f tev=aa968f41 bound=d7813a62 pixel=d7e810a4 proj=4.02369,0,2.41421,0 vp=320,0,320,480
drawhash>   reg 00000000 433000ff ffffffff 00b6cc40 konst 000000ff 0395fdcc 00000000 00000000 scissor 320 0 320 480 proj -0.00603622 -301.811 0
drawhash>   chan0 amb 0c0c0cff mat ffffffff mask 1
drawhash>   chan1 amb 00000000 mat ffffffff mask 0
drawhash>   light0 pos 34.7128 -105.428 -2022.6 dir 0.420971 0.330068 -0.844889 col faf0d2 k 1 0 0 a -22.4176 46.8353 -23.4176
drawhash>   light1 pos 2374.76 1798.88 -6105.33 dir 0 0 0 col ffffff k 1 0 4.97588e-06 a 1 0 0
drawhash>   light2 pos -1283.16 -291.213 -755.227 dir 0 0 0 col ffffff k 1 0 4.97588e-06 a 1 0 0
drawhash> f14776 b144 obj=? mdl=-1 verts=51 stride=36 h=5fb2dacb mtx=9025d1aa state=bb0269f2
drawhash>   parts chan=e1329cc3 light=c57fe557 texgen=7c17a78f tev=aa968f41 bound=d7813a62 pixel=d7e810a4 proj=4.02369,0,2.41421,0 vp=320,0,320,480
drawhash>   reg 00000000 433000ff ffffffff 00b6cc40 konst 000000ff 0395fdcc 00000000 00000000 scissor 320 0 320 480 proj -0.00603622 -301.811 0
drawhash>   chan0 amb 0c0c0cff mat ffffffff mask 1
drawhash>   chan1 amb 00000000 mat ffffffff mask 0
drawhash>   light0 pos 34.7128 -105.428 -2022.6 dir 0.420971 0.330068 -0.844889 col faf0d2 k 1 0 0 a -22.4176 46.8353 -23.4176
drawhash>   light1 pos 2374.76 1798.88 -6105.33 dir 0 0 0 col ffffff k 1 0 4.97588e-06 a 1 0 0
drawhash>   light2 pos -1283.16 -291.213 -755.227 dir 0 0 0 col ffffff k 1 0 4.97588e-06 a 1 0 0
drawhash> f14776 b145 obj=? mdl=-1 verts=266 stride=36 h=db0d5efa mtx=e3cd43f1 state=16fe6b7e
drawhash>   parts chan=926ca0d2 light=c57fe557 texgen=7c17a78f tev=aa968f41 bound=f33767c8 pixel=d7e810a4 proj=4.02369,0,2.41421,0 vp=320,0,320,480
drawhash>   reg 00000000 433000ff ffffffff 00b6cc40 konst 000000ff 0395fdcc 00000000 00000000 scissor 320 0 320 480 proj -0.00603622 -301.811 0
drawhash>   chan0 amb 0c0c0cff mat ffffffff mask 1
drawhash>   chan1 amb 00000000 mat ffffffff mask 0
drawhash>   light0 pos 34.7128 -105.428 -2022.6 dir 0.420971 0.330068 -0.844889 col faf0d2 k 1 0 0 a -22.4176 46.8353 -23.4176
drawhash>   light1 pos 2374.76 1798.88 -6105.33 dir 0 0 0 col ffffff k 1 0 4.97588e-06 a 1 0 0
drawhash>   light2 pos -1283.16 -291.213 -755.227 dir 0 0 0 col ffffff k 1 0 4.97588e-06 a 1 0 0
drawhash> f14776 b146 obj=? mdl=-1 verts=128 stride=36 h=1ce22dc5 mtx=51eed948 state=40d47670
drawhash>   parts chan=926ca0d2 light=c57fe557 texgen=7c17a78f tev=aa968f41 bound=ff31e37b pixel=d7e810a4 proj=4.02369,0,2.41421,0 vp=320,0,320,480
drawhash>   reg 00000000 433000ff ffffffff 00b6cc40 konst 000000ff 0395fdcc 00000000 00000000 scissor 320 0 320 480 proj -0.00603622 -301.811 0
drawhash>   chan0 amb 0c0c0cff mat ffffffff mask 1
drawhash>   chan1 amb 00000000 mat ffffffff mask 0
drawhash>   light0 pos 34.7128 -105.428 -2022.6 dir 0.420971 0.330068 -0.844889 col faf0d2 k 1 0 0 a -22.4176 46.8353 -23.4176
drawhash>   light1 pos 2374.76 1798.88 -6105.33 dir 0 0 0 col ffffff k 1 0 4.97588e-06 a 1 0 0
drawhash>   light2 pos -1283.16 -291.213 -755.227 dir 0 0 0 col ffffff k 1 0 4.97588e-06 a 1 0 0
drawhash> f14776 b147 obj=? mdl=-1 verts=108 stride=36 h=49c27b7c mtx=81482bef state=f2a3dec1
drawhash>   parts chan=e1329cc3 light=c57fe557 texgen=7c17a78f tev=aa968f41 bound=a0c86e4c pixel=d7e810a4 proj=4.02369,0,2.41421,0 vp=320,0,320,480
drawhash>   reg 00000000 433000ff ffffffff 00b6cc40 konst 000000ff 0395fdcc 00000000 00000000 scissor 320 0 320 480 proj -0.00603622 -301.811 0
drawhash>   chan0 amb 0c0c0cff mat ffffffff mask 1
drawhash>   chan1 amb 00000000 mat ffffffff mask 0
drawhash>   light0 pos 34.7128 -105.428 -2022.6 dir 0.420971 0.330068 -0.844889 col faf0d2 k 1 0 0 a -22.4176 46.8353 -23.4176
drawhash>   light1 pos 2374.76 1798.88 -6105.33 dir 0 0 0 col ffffff k 1 0 4.97588e-06 a 1 0 0
drawhash>   light2 pos -1283.16 -291.213 -755.227 dir 0 0 0 col ffffff k 1 0 4.97588e-06 a 1 0 0
drawhash> f14776 b148 obj=? mdl=-1 verts=51 stride=36 h=432f1b3d mtx=6317296a state=f2a3dec1
drawhash>   parts chan=e1329cc3 light=c57fe557 texgen=7c17a78f tev=aa968f41 bound=a0c86e4c pixel=d7e810a4 proj=4.02369,0,2.41421,0 vp=320,0,320,480
drawhash>   reg 00000000 433000ff ffffffff 00b6cc40 konst 000000ff 0395fdcc 00000000 00000000 scissor 320 0 320 480 proj -0.00603622 -301.811 0
drawhash>   chan0 amb 0c0c0cff mat ffffffff mask 1
drawhash>   chan1 amb 00000000 mat ffffffff mask 0
drawhash>   light0 pos 34.7128 -105.428 -2022.6 dir 0.420971 0.330068 -0.844889 col faf0d2 k 1 0 0 a -22.4176 46.8353 -23.4176
drawhash>   light1 pos 2374.76 1798.88 -6105.33 dir 0 0 0 col ffffff k 1 0 4.97588e-06 a 1 0 0
drawhash>   light2 pos -1283.16 -291.213 -755.227 dir 0 0 0 col ffffff k 1 0 4.97588e-06 a 1 0 0
drawhash> f14776 b149 obj=? mdl=-1 verts=140 stride=36 h=909c5b1e mtx=c7d15dd9 state=75c0ed05
drawhash>   parts chan=926ca0d2 light=c57fe557 texgen=7c17a78f tev=aa968f41 bound=619f6184 pixel=d7e810a4 proj=4.02369,0,2.41421,0 vp=320,0,320,480
drawhash>   reg 00000000 433000ff ffffffff 00b6cc40 konst 000000ff 0395fdcc 00000000 00000000 scissor 320 0 320 480 proj -0.00603622 -301.811 0
drawhash>   chan0 amb 0c0c0cff mat ffffffff mask 1
drawhash>   chan1 amb 00000000 mat ffffffff mask 0
drawhash>   light0 pos 34.7128 -105.428 -2022.6 dir 0.420971 0.330068 -0.844889 col faf0d2 k 1 0 0 a -22.4176 46.8353 -23.4176
drawhash>   light1 pos 2374.76 1798.88 -6105.33 dir 0 0 0 col ffffff k 1 0 4.97588e-06 a 1 0 0
drawhash>   light2 pos -1283.16 -291.213 -755.227 dir 0 0 0 col ffffff k 1 0 4.97588e-06 a 1 0 0
drawhash> f14776 b150 obj=? mdl=-1 verts=128 stride=36 h=7519f176 mtx=14c2a4da state=75c0ed05
drawhash>   parts chan=926ca0d2 light=c57fe557 texgen=7c17a78f tev=aa968f41 bound=619f6184 pixel=d7e810a4 proj=4.02369,0,2.41421,0 vp=320,0,320,480
drawhash>   reg 00000000 433000ff ffffffff 00b6cc40 konst 000000ff 0395fdcc 00000000 00000000 scissor 320 0 320 480 proj -0.00603622 -301.811 0
drawhash>   chan0 amb 0c0c0cff mat ffffffff mask 1
drawhash>   chan1 amb 00000000 mat ffffffff mask 0
drawhash>   light0 pos 34.7128 -105.428 -2022.6 dir 0.420971 0.330068 -0.844889 col faf0d2 k 1 0 0 a -22.4176 46.8353 -23.4176
drawhash>   light1 pos 2374.76 1798.88 -6105.33 dir 0 0 0 col ffffff k 1 0 4.97588e-06 a 1 0 0
drawhash>   light2 pos -1283.16 -291.213 -755.227 dir 0 0 0 col ffffff k 1 0 4.97588e-06 a 1 0 0
drawhash> f14776 b151 obj=? mdl=-1 verts=128 stride=36 h=b6ac9a3b mtx=7c4c8b15 state=27d0f301
drawhash>   parts chan=926ca0d2 light=c57fe557 texgen=7c17a78f tev=aa968f41 bound=7fe57e43 pixel=d7e810a4 proj=4.02369,0,2.41421,0 vp=320,0,320,480
drawhash>   reg 00000000 433000ff ffffffff 00b6cc40 konst 000000ff 0395fdcc 00000000 00000000 scissor 320 0 320 480 proj -0.00603622 -301.811 0
drawhash>   chan0 amb 0c0c0cff mat ffffffff mask 1
drawhash>   chan1 amb 00000000 mat ffffffff mask 0
drawhash>   light0 pos 34.7128 -105.428 -2022.6 dir 0.420971 0.330068 -0.844889 col faf0d2 k 1 0 0 a -22.4176 46.8353 -23.4176
drawhash>   light1 pos 2374.76 1798.88 -6105.33 dir 0 0 0 col ffffff k 1 0 4.97588e-06 a 1 0 0
drawhash>   light2 pos -1283.16 -291.213 -755.227 dir 0 0 0 col ffffff k 1 0 4.97588e-06 a 1 0 0
drawhash> f14776 b152 obj=? mdl=-1 verts=108 stride=36 h=853c7898 mtx=a553b0db state=5273e0e4
drawhash>   parts chan=e1329cc3 light=c57fe557 texgen=7c17a78f tev=aa968f41 bound=d20767b6 pixel=d7e810a4 proj=4.02369,0,2.41421,0 vp=320,0,320,480
drawhash>   reg 00000000 433000ff ffffffff 00b6cc40 konst 000000ff 0395fdcc 00000000 00000000 scissor 320 0 320 480 proj -0.00603622 -301.811 0
drawhash>   chan0 amb 0c0c0cff mat ffffffff mask 1
drawhash>   chan1 amb 00000000 mat ffffffff mask 0
drawhash>   light0 pos 34.7128 -105.428 -2022.6 dir 0.420971 0.330068 -0.844889 col faf0d2 k 1 0 0 a -22.4176 46.8353 -23.4176
drawhash>   light1 pos 2374.76 1798.88 -6105.33 dir 0 0 0 col ffffff k 1 0 4.97588e-06 a 1 0 0
drawhash>   light2 pos -1283.16 -291.213 -755.227 dir 0 0 0 col ffffff k 1 0 4.97588e-06 a 1 0 0
drawhash> f14776 b153 obj=? mdl=-1 verts=51 stride=36 h=5fb2dacb mtx=751ce8c9 state=5273e0e4
drawhash>   parts chan=e1329cc3 light=c57fe557 texgen=7c17a78f tev=aa968f41 bound=d20767b6 pixel=d7e810a4 proj=4.02369,0,2.41421,0 vp=320,0,320,480
drawhash>   reg 00000000 433000ff ffffffff 00b6cc40 konst 000000ff 0395fdcc 00000000 00000000 scissor 320 0 320 480 proj -0.00603622 -301.811 0
drawhash>   chan0 amb 0c0c0cff mat ffffffff mask 1
drawhash>   chan1 amb 00000000 mat ffffffff mask 0
drawhash>   light0 pos 34.7128 -105.428 -2022.6 dir 0.420971 0.330068 -0.844889 col faf0d2 k 1 0 0 a -22.4176 46.8353 -23.4176
drawhash>   light1 pos 2374.76 1798.88 -6105.33 dir 0 0 0 col ffffff k 1 0 4.97588e-06 a 1 0 0
drawhash>   light2 pos -1283.16 -291.213 -755.227 dir 0 0 0 col ffffff k 1 0 4.97588e-06 a 1 0 0
drawhash> f14776 b154 obj=? mdl=-1 verts=268 stride=36 h=fa945fbd mtx=aa9dab50 state=285b69ba
drawhash>   parts chan=926ca0d2 light=c57fe557 texgen=7c17a78f tev=aa968f41 bound=56bf1d16 pixel=d7e810a4 proj=4.02369,0,2.41421,0 vp=320,0,320,480
drawhash>   reg 00000000 433000ff ffffffff 00b6cc40 konst 000000ff 0395fdcc 00000000 00000000 scissor 320 0 320 480 proj -0.00603622 -301.811 0
drawhash>   chan0 amb 0c0c0cff mat ffffffff mask 1
drawhash>   chan1 amb 00000000 mat ffffffff mask 0
drawhash>   light0 pos 34.7128 -105.428 -2022.6 dir 0.420971 0.330068 -0.844889 col faf0d2 k 1 0 0 a -22.4176 46.8353 -23.4176
drawhash>   light1 pos 2374.76 1798.88 -6105.33 dir 0 0 0 col ffffff k 1 0 4.97588e-06 a 1 0 0
drawhash>   light2 pos -1283.16 -291.213 -755.227 dir 0 0 0 col ffffff k 1 0 4.97588e-06 a 1 0 0
drawhash> f14776 b155 obj=? mdl=-1 verts=128 stride=36 h=e1c6453e mtx=8e9744f2 state=52a3527f
drawhash>   parts chan=926ca0d2 light=c57fe557 texgen=7c17a78f tev=aa968f41 bound=16a09f12 pixel=d7e810a4 proj=4.02369,0,2.41421,0 vp=320,0,320,480
drawhash>   reg 00000000 433000ff ffffffff 00b6cc40 konst 000000ff 0395fdcc 00000000 00000000 scissor 320 0 320 480 proj -0.00603622 -301.811 0
drawhash>   chan0 amb 0c0c0cff mat ffffffff mask 1
drawhash>   chan1 amb 00000000 mat ffffffff mask 0
drawhash>   light0 pos 34.7128 -105.428 -2022.6 dir 0.420971 0.330068 -0.844889 col faf0d2 k 1 0 0 a -22.4176 46.8353 -23.4176
drawhash>   light1 pos 2374.76 1798.88 -6105.33 dir 0 0 0 col ffffff k 1 0 4.97588e-06 a 1 0 0
drawhash>   light2 pos -1283.16 -291.213 -755.227 dir 0 0 0 col ffffff k 1 0 4.97588e-06 a 1 0 0
drawhash> f14776 b156 obj=? mdl=-1 verts=108 stride=36 h=1bbf6c39 mtx=70baf172 state=8a3c84fa
drawhash>   parts chan=e1329cc3 light=c57fe557 texgen=7c17a78f tev=aa968f41 bound=9b590a39 pixel=d7e810a4 proj=4.02369,0,2.41421,0 vp=320,0,320,480
drawhash>   reg 00000000 433000ff ffffffff 00b6cc40 konst 000000ff 0395fdcc 00000000 00000000 scissor 320 0 320 480 proj -0.00603622 -301.811 0
drawhash>   chan0 amb 0c0c0cff mat ffffffff mask 1
drawhash>   chan1 amb 00000000 mat ffffffff mask 0
drawhash>   light0 pos 34.7128 -105.428 -2022.6 dir 0.420971 0.330068 -0.844889 col faf0d2 k 1 0 0 a -22.4176 46.8353 -23.4176
drawhash>   light1 pos 2374.76 1798.88 -6105.33 dir 0 0 0 col ffffff k 1 0 4.97588e-06 a 1 0 0
drawhash>   light2 pos -1283.16 -291.213 -755.227 dir 0 0 0 col ffffff k 1 0 4.97588e-06 a 1 0 0
drawhash> f14776 b157 obj=? mdl=-1 verts=51 stride=36 h=7253f337 mtx=380e7f0e state=8a3c84fa
drawhash>   parts chan=e1329cc3 light=c57fe557 texgen=7c17a78f tev=aa968f41 bound=9b590a39 pixel=d7e810a4 proj=4.02369,0,2.41421,0 vp=320,0,320,480
drawhash>   reg 00000000 433000ff ffffffff 00b6cc40 konst 000000ff 0395fdcc 00000000 00000000 scissor 320 0 320 480 proj -0.00603622 -301.811 0
drawhash>   chan0 amb 0c0c0cff mat ffffffff mask 1
drawhash>   chan1 amb 00000000 mat ffffffff mask 0
drawhash>   light0 pos 34.7128 -105.428 -2022.6 dir 0.420971 0.330068 -0.844889 col faf0d2 k 1 0 0 a -22.4176 46.8353 -23.4176
drawhash>   light1 pos 2374.76 1798.88 -6105.33 dir 0 0 0 col ffffff k 1 0 4.97588e-06 a 1 0 0
drawhash>   light2 pos -1283.16 -291.213 -755.227 dir 0 0 0 col ffffff k 1 0 4.97588e-06 a 1 0 0
drawhash> f14776 b158 obj=? mdl=-1 verts=140 stride=36 h=1c1d86c7 mtx=38231629 state=6c29977f
drawhash>   parts chan=926ca0d2 light=c57fe557 texgen=7c17a78f tev=aa968f41 bound=27c4774c pixel=d7e810a4 proj=4.02369,0,2.41421,0 vp=320,0,320,480
drawhash>   reg 00000000 433000ff ffffffff 00b6cc40 konst 000000ff 0395fdcc 00000000 00000000 scissor 320 0 320 480 proj -0.00603622 -301.811 0
drawhash>   chan0 amb 0c0c0cff mat ffffffff mask 1
drawhash>   chan1 amb 00000000 mat ffffffff mask 0
drawhash>   light0 pos 34.7128 -105.428 -2022.6 dir 0.420971 0.330068 -0.844889 col faf0d2 k 1 0 0 a -22.4176 46.8353 -23.4176
drawhash>   light1 pos 2374.76 1798.88 -6105.33 dir 0 0 0 col ffffff k 1 0 4.97588e-06 a 1 0 0
drawhash>   light2 pos -1283.16 -291.213 -755.227 dir 0 0 0 col ffffff k 1 0 4.97588e-06 a 1 0 0
drawhash> f14776 b159 obj=? mdl=-1 verts=128 stride=36 h=12bd2a6b mtx=1f92e438 state=ba728b27
drawhash>   parts chan=926ca0d2 light=c57fe557 texgen=7c17a78f tev=aa968f41 bound=58423fb3 pixel=d7e810a4 proj=4.02369,0,2.41421,0 vp=320,0,320,480
drawhash>   reg 00000000 433000ff ffffffff 00b6cc40 konst 000000ff 0395fdcc 00000000 00000000 scissor 320 0 320 480 proj -0.00603622 -301.811 0
drawhash>   chan0 amb 0c0c0cff mat ffffffff mask 1
drawhash>   chan1 amb 00000000 mat ffffffff mask 0
drawhash>   light0 pos 34.7128 -105.428 -2022.6 dir 0.420971 0.330068 -0.844889 col faf0d2 k 1 0 0 a -22.4176 46.8353 -23.4176
drawhash>   light1 pos 2374.76 1798.88 -6105.33 dir 0 0 0 col ffffff k 1 0 4.97588e-06 a 1 0 0
drawhash>   light2 pos -1283.16 -291.213 -755.227 dir 0 0 0 col ffffff k 1 0 4.97588e-06 a 1 0 0
drawhash> f14776 b160 obj=? mdl=-1 verts=128 stride=36 h=31b0094e mtx=38231629 state=6c29977f
drawhash>   parts chan=926ca0d2 light=c57fe557 texgen=7c17a78f tev=aa968f41 bound=27c4774c pixel=d7e810a4 proj=4.02369,0,2.41421,0 vp=320,0,320,480
drawhash>   reg 00000000 433000ff ffffffff 00b6cc40 konst 000000ff 0395fdcc 00000000 00000000 scissor 320 0 320 480 proj -0.00603622 -301.811 0
drawhash>   chan0 amb 0c0c0cff mat ffffffff mask 1
drawhash>   chan1 amb 00000000 mat ffffffff mask 0
drawhash>   light0 pos 34.7128 -105.428 -2022.6 dir 0.420971 0.330068 -0.844889 col faf0d2 k 1 0 0 a -22.4176 46.8353 -23.4176
drawhash>   light1 pos 2374.76 1798.88 -6105.33 dir 0 0 0 col ffffff k 1 0 4.97588e-06 a 1 0 0
drawhash>   light2 pos -1283.16 -291.213 -755.227 dir 0 0 0 col ffffff k 1 0 4.97588e-06 a 1 0 0
drawhash> f14776 b161 obj=? mdl=-1 verts=108 stride=36 h=853c7898 mtx=24e8978f state=1f8e606b
drawhash>   parts chan=e1329cc3 light=c57fe557 texgen=7c17a78f tev=aa968f41 bound=345e1d97 pixel=d7e810a4 proj=4.02369,0,2.41421,0 vp=320,0,320,480
drawhash>   reg 00000000 433000ff ffffffff 00b6cc40 konst 000000ff 0395fdcc 00000000 00000000 scissor 320 0 320 480 proj -0.00603622 -301.811 0
drawhash>   chan0 amb 0c0c0cff mat ffffffff mask 1
drawhash>   chan1 amb 00000000 mat ffffffff mask 0
drawhash>   light0 pos 34.7128 -105.428 -2022.6 dir 0.420971 0.330068 -0.844889 col faf0d2 k 1 0 0 a -22.4176 46.8353 -23.4176
drawhash>   light1 pos 2374.76 1798.88 -6105.33 dir 0 0 0 col ffffff k 1 0 4.97588e-06 a 1 0 0
drawhash>   light2 pos -1283.16 -291.213 -755.227 dir 0 0 0 col ffffff k 1 0 4.97588e-06 a 1 0 0
drawhash> f14776 b162 obj=? mdl=-1 verts=51 stride=36 h=5fb2dacb mtx=cd2e7434 state=1f8e606b
drawhash>   parts chan=e1329cc3 light=c57fe557 texgen=7c17a78f tev=aa968f41 bound=345e1d97 pixel=d7e810a4 proj=4.02369,0,2.41421,0 vp=320,0,320,480
drawhash>   reg 00000000 433000ff ffffffff 00b6cc40 konst 000000ff 0395fdcc 00000000 00000000 scissor 320 0 320 480 proj -0.00603622 -301.811 0
drawhash>   chan0 amb 0c0c0cff mat ffffffff mask 1
drawhash>   chan1 amb 00000000 mat ffffffff mask 0
drawhash>   light0 pos 34.7128 -105.428 -2022.6 dir 0.420971 0.330068 -0.844889 col faf0d2 k 1 0 0 a -22.4176 46.8353 -23.4176
drawhash>   light1 pos 2374.76 1798.88 -6105.33 dir 0 0 0 col ffffff k 1 0 4.97588e-06 a 1 0 0
drawhash>   light2 pos -1283.16 -291.213 -755.227 dir 0 0 0 col ffffff k 1 0 4.97588e-06 a 1 0 0
drawhash> f14776 b163 obj=? mdl=-1 verts=268 stride=36 h=36294d1c mtx=639d0ee6 state=76bca504
drawhash>   parts chan=926ca0d2 light=c57fe557 texgen=7c17a78f tev=aa968f41 bound=4031981e pixel=d7e810a4 proj=4.02369,0,2.41421,0 vp=320,0,320,480
drawhash>   reg 00000000 433000ff ffffffff 00b6cc40 konst 000000ff 0395fdcc 00000000 00000000 scissor 320 0 320 480 proj -0.00603622 -301.811 0
drawhash>   chan0 amb 0c0c0cff mat ffffffff mask 1
drawhash>   chan1 amb 00000000 mat ffffffff mask 0
drawhash>   light0 pos 34.7128 -105.428 -2022.6 dir 0.420971 0.330068 -0.844889 col faf0d2 k 1 0 0 a -22.4176 46.8353 -23.4176
drawhash>   light1 pos 2374.76 1798.88 -6105.33 dir 0 0 0 col ffffff k 1 0 4.97588e-06 a 1 0 0
drawhash>   light2 pos -1283.16 -291.213 -755.227 dir 0 0 0 col ffffff k 1 0 4.97588e-06 a 1 0 0
drawhash> f14776 b164 obj=? mdl=-1 verts=128 stride=36 h=48c700cd mtx=abf85a6f state=0c7a7941
drawhash>   parts chan=926ca0d2 light=c57fe557 texgen=7c17a78f tev=aa968f41 bound=7a363bf2 pixel=d7e810a4 proj=4.02369,0,2.41421,0 vp=320,0,320,480
drawhash>   reg 00000000 433000ff ffffffff 00b6cc40 konst 000000ff 0395fdcc 00000000 00000000 scissor 320 0 320 480 proj -0.00603622 -301.811 0
drawhash>   chan0 amb 0c0c0cff mat ffffffff mask 1
drawhash>   chan1 amb 00000000 mat ffffffff mask 0
drawhash>   light0 pos 34.7128 -105.428 -2022.6 dir 0.420971 0.330068 -0.844889 col faf0d2 k 1 0 0 a -22.4176 46.8353 -23.4176
drawhash>   light1 pos 2374.76 1798.88 -6105.33 dir 0 0 0 col ffffff k 1 0 4.97588e-06 a 1 0 0
drawhash>   light2 pos -1283.16 -291.213 -755.227 dir 0 0 0 col ffffff k 1 0 4.97588e-06 a 1 0 0
drawhash> f14776 b165 obj=? mdl=-1 verts=108 stride=36 h=45c30f93 mtx=bae6e99b state=ba1a8b58
drawhash>   parts chan=e1329cc3 light=c57fe557 texgen=7c17a78f tev=aa968f41 bound=dfa9be59 pixel=d7e810a4 proj=4.02369,0,2.41421,0 vp=320,0,320,480
drawhash>   reg 00000000 433000ff ffffffff 00b6cc40 konst 000000ff 0395fdcc 00000000 00000000 scissor 320 0 320 480 proj -0.00603622 -301.811 0
drawhash>   chan0 amb 0c0c0cff mat ffffffff mask 1
drawhash>   chan1 amb 00000000 mat ffffffff mask 0
drawhash>   light0 pos 34.7128 -105.428 -2022.6 dir 0.420971 0.330068 -0.844889 col faf0d2 k 1 0 0 a -22.4176 46.8353 -23.4176
drawhash>   light1 pos 2374.76 1798.88 -6105.33 dir 0 0 0 col ffffff k 1 0 4.97588e-06 a 1 0 0
drawhash>   light2 pos -1283.16 -291.213 -755.227 dir 0 0 0 col ffffff k 1 0 4.97588e-06 a 1 0 0
drawhash> f14776 b166 obj=? mdl=-1 verts=51 stride=36 h=67f81b7a mtx=94d10ee0 state=ba1a8b58
drawhash>   parts chan=e1329cc3 light=c57fe557 texgen=7c17a78f tev=aa968f41 bound=dfa9be59 pixel=d7e810a4 proj=4.02369,0,2.41421,0 vp=320,0,320,480
drawhash>   reg 00000000 433000ff ffffffff 00b6cc40 konst 000000ff 0395fdcc 00000000 00000000 scissor 320 0 320 480 proj -0.00603622 -301.811 0
drawhash>   chan0 amb 0c0c0cff mat ffffffff mask 1
drawhash>   chan1 amb 00000000 mat ffffffff mask 0
drawhash>   light0 pos 34.7128 -105.428 -2022.6 dir 0.420971 0.330068 -0.844889 col faf0d2 k 1 0 0 a -22.4176 46.8353 -23.4176
drawhash>   light1 pos 2374.76 1798.88 -6105.33 dir 0 0 0 col ffffff k 1 0 4.97588e-06 a 1 0 0
drawhash>   light2 pos -1283.16 -291.213 -755.227 dir 0 0 0 col ffffff k 1 0 4.97588e-06 a 1 0 0
drawhash> f14776 b167 obj=? mdl=-1 verts=268 stride=36 h=3b362f18 mtx=e72fb553 state=66c75bf8
drawhash>   parts chan=926ca0d2 light=c57fe557 texgen=7c17a78f tev=aa968f41 bound=235117d1 pixel=d7e810a4 proj=4.02369,0,2.41421,0 vp=320,0,320,480
drawhash>   reg 00000000 433000ff ffffffff 00b6cc40 konst 000000ff 0395fdcc 00000000 00000000 scissor 320 0 320 480 proj -0.00603622 -301.811 0
drawhash>   chan0 amb 0c0c0cff mat ffffffff mask 1
drawhash>   chan1 amb 00000000 mat ffffffff mask 0
drawhash>   light0 pos 34.7128 -105.428 -2022.6 dir 0.420971 0.330068 -0.844889 col faf0d2 k 1 0 0 a -22.4176 46.8353 -23.4176
drawhash>   light1 pos 2374.76 1798.88 -6105.33 dir 0 0 0 col ffffff k 1 0 4.97588e-06 a 1 0 0
drawhash>   light2 pos -1283.16 -291.213 -755.227 dir 0 0 0 col ffffff k 1 0 4.97588e-06 a 1 0 0
drawhash> f14776 b168 obj=? mdl=-1 verts=128 stride=36 h=48c700cd mtx=6f37dff1 state=c2589137
drawhash>   parts chan=926ca0d2 light=c57fe557 texgen=7c17a78f tev=aa968f41 bound=8a85fb19 pixel=d7e810a4 proj=4.02369,0,2.41421,0 vp=320,0,320,480
drawhash>   reg 00000000 433000ff ffffffff 00b6cc40 konst 000000ff 0395fdcc 00000000 00000000 scissor 320 0 320 480 proj -0.00603622 -301.811 0
drawhash>   chan0 amb 0c0c0cff mat ffffffff mask 1
drawhash>   chan1 amb 00000000 mat ffffffff mask 0
drawhash>   light0 pos 34.7128 -105.428 -2022.6 dir 0.420971 0.330068 -0.844889 col faf0d2 k 1 0 0 a -22.4176 46.8353 -23.4176
drawhash>   light1 pos 2374.76 1798.88 -6105.33 dir 0 0 0 col ffffff k 1 0 4.97588e-06 a 1 0 0
drawhash>   light2 pos -1283.16 -291.213 -755.227 dir 0 0 0 col ffffff k 1 0 4.97588e-06 a 1 0 0
drawhash> f14776 b169 obj=? mdl=-1 verts=108 stride=36 h=853c7898 mtx=5cda6b15 state=291b75a3
drawhash>   parts chan=e1329cc3 light=c57fe557 texgen=7c17a78f tev=aa968f41 bound=129a0485 pixel=d7e810a4 proj=4.02369,0,2.41421,0 vp=320,0,320,480
drawhash>   reg 00000000 433000ff ffffffff 00b6cc40 konst 000000ff 0395fdcc 00000000 00000000 scissor 320 0 320 480 proj -0.00603622 -301.811 0
drawhash>   chan0 amb 0c0c0cff mat ffffffff mask 1
drawhash>   chan1 amb 00000000 mat ffffffff mask 0
drawhash>   light0 pos 34.7128 -105.428 -2022.6 dir 0.420971 0.330068 -0.844889 col faf0d2 k 1 0 0 a -22.4176 46.8353 -23.4176
drawhash>   light1 pos 2374.76 1798.88 -6105.33 dir 0 0 0 col ffffff k 1 0 4.97588e-06 a 1 0 0
drawhash>   light2 pos -1283.16 -291.213 -755.227 dir 0 0 0 col ffffff k 1 0 4.97588e-06 a 1 0 0
drawhash> f14776 b170 obj=? mdl=-1 verts=51 stride=36 h=5fb2dacb mtx=6865e06b state=291b75a3
drawhash>   parts chan=e1329cc3 light=c57fe557 texgen=7c17a78f tev=aa968f41 bound=129a0485 pixel=d7e810a4 proj=4.02369,0,2.41421,0 vp=320,0,320,480
drawhash>   reg 00000000 433000ff ffffffff 00b6cc40 konst 000000ff 0395fdcc 00000000 00000000 scissor 320 0 320 480 proj -0.00603622 -301.811 0
drawhash>   chan0 amb 0c0c0cff mat ffffffff mask 1
drawhash>   chan1 amb 00000000 mat ffffffff mask 0
drawhash>   light0 pos 34.7128 -105.428 -2022.6 dir 0.420971 0.330068 -0.844889 col faf0d2 k 1 0 0 a -22.4176 46.8353 -23.4176
drawhash>   light1 pos 2374.76 1798.88 -6105.33 dir 0 0 0 col ffffff k 1 0 4.97588e-06 a 1 0 0
drawhash>   light2 pos -1283.16 -291.213 -755.227 dir 0 0 0 col ffffff k 1 0 4.97588e-06 a 1 0 0
drawhash> f14776 b171 obj=? mdl=-1 verts=3156 stride=36 h=5b9ceaf6 mtx=a3b21bf2 state=fd169266
drawhash>   parts chan=7b7dd11e light=270bde3c texgen=7c17a78f tev=aa968f41 bound=150ce711 pixel=d7e810a4 proj=4.02369,0,2.41421,0 vp=320,0,320,480
drawhash>   reg 00000000 433000ff ffffffff 00b6cc40 konst 000000ff 0395fdcc 00000000 00000000 scissor 320 0 320 480 proj -0.00603622 -301.811 0
drawhash>   chan0 amb 353535ff mat ffffffff mask 1
drawhash>   chan1 amb 00000000 mat ffffffff mask 0
drawhash>   light0 pos 133.641 102.54 -2170.21 dir -2.77718e-09 0.931445 0.363883 col ffffff k 1 0 8.22369e-06 a 1 0 0
drawhash>   light1 pos 2374.76 1798.88 -6105.33 dir 0 0 0 col ffffff k 1 0 4.97588e-06 a 1 0 0
drawhash>   light2 pos -1283.16 -291.213 -755.227 dir 0 0 0 col ffffff k 1 0 4.97588e-06 a 1 0 0
drawhash> f14776 b172 obj=? mdl=-1 verts=16 stride=28 h=49de3e7b mtx=a3b21bf2 state=292642eb
drawhash>   parts chan=115d46de light=270bde3c texgen=7c17a78f tev=678854ef bound=150ce711 pixel=f1e3d563 proj=4.02369,0,2.41421,0 vp=320,0,320,480
drawhash>   reg 00000000 000000ff ffffffff 00b6cc40 konst 000000ff 0395fdcc 00000000 00000000 scissor 320 0 320 480 proj -0.00603622 -301.811 0
drawhash>   chan0 amb 1e1b00ff mat ccbb00ff mask 1
drawhash>   chan1 amb 00000000 mat ffffffff mask 0
drawhash>   light0 pos 133.641 102.54 -2170.21 dir -2.77718e-09 0.931445 0.363883 col ffffff k 1 0 8.22369e-06 a 1 0 0
drawhash>   light1 pos 2374.76 1798.88 -6105.33 dir 0 0 0 col ffffff k 1 0 4.97588e-06 a 1 0 0
drawhash>   light2 pos -1283.16 -291.213 -755.227 dir 0 0 0 col ffffff k 1 0 4.97588e-06 a 1 0 0
drawhash> f14776 b173 obj=? mdl=-1 verts=264 stride=36 h=8d0feb1c mtx=a3b21bf2 state=5f86dbca
drawhash>   parts chan=7b7dd11e light=270bde3c texgen=7c17a78f tev=aa968f41 bound=0d4e1aec pixel=d7e810a4 proj=4.02369,0,2.41421,0 vp=320,0,320,480
drawhash>   reg 00000000 433000ff ffffffff 00b6cc40 konst 000000ff 0395fdcc 00000000 00000000 scissor 320 0 320 480 proj -0.00603622 -301.811 0
drawhash>   chan0 amb 353535ff mat ffffffff mask 1
drawhash>   chan1 amb 00000000 mat ffffffff mask 0
drawhash>   light0 pos 133.641 102.54 -2170.21 dir -2.77718e-09 0.931445 0.363883 col ffffff k 1 0 8.22369e-06 a 1 0 0
drawhash>   light1 pos 2374.76 1798.88 -6105.33 dir 0 0 0 col ffffff k 1 0 4.97588e-06 a 1 0 0
drawhash>   light2 pos -1283.16 -291.213 -755.227 dir 0 0 0 col ffffff k 1 0 4.97588e-06 a 1 0 0
drawhash> f14776 b174 obj=? mdl=-1 verts=80 stride=36 h=0a2a44fd mtx=a3b21bf2 state=a65be853
drawhash>   parts chan=2bc7457e light=270bde3c texgen=efe5dac4 tev=c8d8cd55 bound=476a417d pixel=d7e810a4 proj=4.02369,0,2.41421,0 vp=320,0,320,480
drawhash>   reg 00000000 433000ff ffffffff 00b6cc40 konst 000000ff 0395fdcc 00000000 00000000 scissor 320 0 320 480 proj -0.00603622 -301.811 0
drawhash>   chan0 amb 262626ff mat ffffffff mask 1
drawhash>   chan1 amb 00000000 mat ffffffff mask 0
drawhash>   light0 pos 133.641 102.54 -2170.21 dir -2.77718e-09 0.931445 0.363883 col ffffff k 1 0 8.22369e-06 a 1 0 0
drawhash>   light1 pos 2374.76 1798.88 -6105.33 dir 0 0 0 col ffffff k 1 0 4.97588e-06 a 1 0 0
drawhash>   light2 pos -1283.16 -291.213 -755.227 dir 0 0 0 col ffffff k 1 0 4.97588e-06 a 1 0 0
drawhash> f14776 b175 obj=? mdl=-1 verts=52 stride=36 h=723bfd56 mtx=5f0419e2 state=49ce580d
drawhash>   parts chan=2bc7457e light=270bde3c texgen=efe5dac4 tev=9d2945a9 bound=f763e22e pixel=d7e810a4 proj=4.02369,0,2.41421,0 vp=320,0,320,480
drawhash>   reg 00000000 433000ff ffffffff 00b6cc40 konst 000000ff 0395fdcc 00000000 00000000 scissor 320 0 320 480 proj -0.00603622 -301.811 0
drawhash>   chan0 amb 262626ff mat ffffffff mask 1
drawhash>   chan1 amb 00000000 mat ffffffff mask 0
drawhash>   light0 pos 133.641 102.54 -2170.21 dir -2.77718e-09 0.931445 0.363883 col ffffff k 1 0 8.22369e-06 a 1 0 0
drawhash>   light1 pos 2374.76 1798.88 -6105.33 dir 0 0 0 col ffffff k 1 0 4.97588e-06 a 1 0 0
drawhash>   light2 pos -1283.16 -291.213 -755.227 dir 0 0 0 col ffffff k 1 0 4.97588e-06 a 1 0 0
drawhash> f14776 b176 obj=? mdl=-1 verts=52 stride=36 h=e0e86ee6 mtx=172f6b02 state=49ce580d
drawhash>   parts chan=2bc7457e light=270bde3c texgen=efe5dac4 tev=9d2945a9 bound=f763e22e pixel=d7e810a4 proj=4.02369,0,2.41421,0 vp=320,0,320,480
drawhash>   reg 00000000 433000ff ffffffff 00b6cc40 konst 000000ff 0395fdcc 00000000 00000000 scissor 320 0 320 480 proj -0.00603622 -301.811 0
drawhash>   chan0 amb 262626ff mat ffffffff mask 1
drawhash>   chan1 amb 00000000 mat ffffffff mask 0
drawhash>   light0 pos 133.641 102.54 -2170.21 dir -2.77718e-09 0.931445 0.363883 col ffffff k 1 0 8.22369e-06 a 1 0 0
drawhash>   light1 pos 2374.76 1798.88 -6105.33 dir 0 0 0 col ffffff k 1 0 4.97588e-06 a 1 0 0
drawhash>   light2 pos -1283.16 -291.213 -755.227 dir 0 0 0 col ffffff k 1 0 4.97588e-06 a 1 0 0
drawhash> f14776 b177 obj=? mdl=-1 verts=4360 stride=36 h=6b963bad mtx=c0797871 state=494aa88c
drawhash>   parts chan=2bc7457e light=270bde3c texgen=efe5dac4 tev=9d2945a9 bound=2a089e69 pixel=d7e810a4 proj=4.02369,0,2.41421,0 vp=320,0,320,480
drawhash>   reg 00000000 433000ff ffffffff 00b6cc40 konst 000000ff 0395fdcc 00000000 00000000 scissor 320 0 320 480 proj -0.00603622 -301.811 0
drawhash>   chan0 amb 262626ff mat ffffffff mask 1
drawhash>   chan1 amb 00000000 mat ffffffff mask 0
drawhash>   light0 pos 133.641 102.54 -2170.21 dir -2.77718e-09 0.931445 0.363883 col ffffff k 1 0 8.22369e-06 a 1 0 0
drawhash>   light1 pos 2374.76 1798.88 -6105.33 dir 0 0 0 col ffffff k 1 0 4.97588e-06 a 1 0 0
drawhash>   light2 pos -1283.16 -291.213 -755.227 dir 0 0 0 col ffffff k 1 0 4.97588e-06 a 1 0 0
drawhash> f14776 b178 obj=? mdl=-1 verts=98 stride=36 h=cb9d0b8d mtx=f4069ff2 state=494aa88c
drawhash>   parts chan=2bc7457e light=270bde3c texgen=efe5dac4 tev=9d2945a9 bound=1218c657 pixel=d7e810a4 proj=4.02369,0,2.41421,0 vp=320,0,320,480
drawhash>   reg 00000000 433000ff ffffffff 00b6cc40 konst 000000ff 0395fdcc 00000000 00000000 scissor 320 0 320 480 proj -0.00603622 -301.811 0
drawhash>   chan0 amb 262626ff mat ffffffff mask 1
drawhash>   chan1 amb 00000000 mat ffffffff mask 0
drawhash>   light0 pos 133.641 102.54 -2170.21 dir -2.77718e-09 0.931445 0.363883 col ffffff k 1 0 8.22369e-06 a 1 0 0
drawhash>   light1 pos 2374.76 1798.88 -6105.33 dir 0 0 0 col ffffff k 1 0 4.97588e-06 a 1 0 0
drawhash>   light2 pos -1283.16 -291.213 -755.227 dir 0 0 0 col ffffff k 1 0 4.97588e-06 a 1 0 0
drawhash> f14776 b179 obj=? mdl=-1 verts=96 stride=36 h=14774889 mtx=cdade4c7 state=494aa88c
drawhash>   parts chan=2bc7457e light=270bde3c texgen=efe5dac4 tev=9d2945a9 bound=1218c657 pixel=d7e810a4 proj=4.02369,0,2.41421,0 vp=320,0,320,480
drawhash>   reg 00000000 433000ff ffffffff 00b6cc40 konst 000000ff 0395fdcc 00000000 00000000 scissor 320 0 320 480 proj -0.00603622 -301.811 0
drawhash>   chan0 amb 262626ff mat ffffffff mask 1
drawhash>   chan1 amb 00000000 mat ffffffff mask 0
drawhash>   light0 pos 133.641 102.54 -2170.21 dir -2.77718e-09 0.931445 0.363883 col ffffff k 1 0 8.22369e-06 a 1 0 0
drawhash>   light1 pos 2374.76 1798.88 -6105.33 dir 0 0 0 col ffffff k 1 0 4.97588e-06 a 1 0 0
drawhash>   light2 pos -1283.16 -291.213 -755.227 dir 0 0 0 col ffffff k 1 0 4.97588e-06 a 1 0 0
drawhash> f14776 b180 obj=? mdl=-1 verts=16 stride=36 h=afe9c5cb mtx=177d3c0a state=e5892cac
drawhash>   parts chan=e1329cc3 light=c57fe557 texgen=efe5dac4 tev=e8678301 bound=19df848d pixel=561a8259 proj=4.02369,0,2.41421,0 vp=320,0,320,480
drawhash>   reg 00000000 43300032 ffffffff 00b6cc40 konst 000000ff 0395fdcc 00000000 00000000 scissor 320 0 320 480 proj -0.00603622 -301.811 0
drawhash>   chan0 amb 0c0c0cff mat ffffffff mask 1
drawhash>   chan1 amb 00000000 mat ffffffff mask 0
drawhash>   light0 pos 34.7128 -105.428 -2022.6 dir 0.420971 0.330068 -0.844889 col faf0d2 k 1 0 0 a -22.4176 46.8353 -23.4176
drawhash>   light1 pos 2374.76 1798.88 -6105.33 dir 0 0 0 col ffffff k 1 0 4.97588e-06 a 1 0 0
drawhash>   light2 pos -1283.16 -291.213 -755.227 dir 0 0 0 col ffffff k 1 0 4.97588e-06 a 1 0 0
drawhash> f14776 b181 obj=? mdl=-1 verts=16 stride=36 h=743e6f7e mtx=56cef0fd state=84d54b0f
drawhash>   parts chan=e1329cc3 light=c57fe557 texgen=efe5dac4 tev=e8678301 bound=682c9c4a pixel=561a8259 proj=4.02369,0,2.41421,0 vp=320,0,320,480
drawhash>   reg 00000000 43300032 ffffffff 00b6cc40 konst 000000ff 0395fdcc 00000000 00000000 scissor 320 0 320 480 proj -0.00603622 -301.811 0
drawhash>   chan0 amb 0c0c0cff mat ffffffff mask 1
drawhash>   chan1 amb 00000000 mat ffffffff mask 0
drawhash>   light0 pos 34.7128 -105.428 -2022.6 dir 0.420971 0.330068 -0.844889 col faf0d2 k 1 0 0 a -22.4176 46.8353 -23.4176
drawhash>   light1 pos 2374.76 1798.88 -6105.33 dir 0 0 0 col ffffff k 1 0 4.97588e-06 a 1 0 0
drawhash>   light2 pos -1283.16 -291.213 -755.227 dir 0 0 0 col ffffff k 1 0 4.97588e-06 a 1 0 0
drawhash> f14776 b182 obj=? mdl=-1 verts=16 stride=36 h=f55e13b4 mtx=87015e66 state=eec7be19
drawhash>   parts chan=e1329cc3 light=c57fe557 texgen=efe5dac4 tev=e8678301 bound=d20fd3ec pixel=561a8259 proj=4.02369,0,2.41421,0 vp=320,0,320,480
drawhash>   reg 00000000 43300032 ffffffff 00b6cc40 konst 000000ff 0395fdcc 00000000 00000000 scissor 320 0 320 480 proj -0.00603622 -301.811 0
drawhash>   chan0 amb 0c0c0cff mat ffffffff mask 1
drawhash>   chan1 amb 00000000 mat ffffffff mask 0
drawhash>   light0 pos 34.7128 -105.428 -2022.6 dir 0.420971 0.330068 -0.844889 col faf0d2 k 1 0 0 a -22.4176 46.8353 -23.4176
drawhash>   light1 pos 2374.76 1798.88 -6105.33 dir 0 0 0 col ffffff k 1 0 4.97588e-06 a 1 0 0
drawhash>   light2 pos -1283.16 -291.213 -755.227 dir 0 0 0 col ffffff k 1 0 4.97588e-06 a 1 0 0
drawhash> f14776 b183 obj=? mdl=-1 verts=16 stride=36 h=4fb42e9a mtx=ca830bd8 state=adcc18d3
drawhash>   parts chan=e1329cc3 light=c57fe557 texgen=efe5dac4 tev=e8678301 bound=3de5c012 pixel=561a8259 proj=4.02369,0,2.41421,0 vp=320,0,320,480
drawhash>   reg 00000000 43300032 ffffffff 00b6cc40 konst 000000ff 0395fdcc 00000000 00000000 scissor 320 0 320 480 proj -0.00603622 -301.811 0
drawhash>   chan0 amb 0c0c0cff mat ffffffff mask 1
drawhash>   chan1 amb 00000000 mat ffffffff mask 0
drawhash>   light0 pos 34.7128 -105.428 -2022.6 dir 0.420971 0.330068 -0.844889 col faf0d2 k 1 0 0 a -22.4176 46.8353 -23.4176
drawhash>   light1 pos 2374.76 1798.88 -6105.33 dir 0 0 0 col ffffff k 1 0 4.97588e-06 a 1 0 0
drawhash>   light2 pos -1283.16 -291.213 -755.227 dir 0 0 0 col ffffff k 1 0 4.97588e-06 a 1 0 0
drawhash> f14776 b184 obj=? mdl=-1 verts=16 stride=36 h=27e3a37e mtx=5f845c54 state=3bc19ee8
drawhash>   parts chan=e1329cc3 light=c57fe557 texgen=efe5dac4 tev=e8678301 bound=13823e67 pixel=561a8259 proj=4.02369,0,2.41421,0 vp=320,0,320,480
drawhash>   reg 00000000 43300032 ffffffff 00b6cc40 konst 000000ff 0395fdcc 00000000 00000000 scissor 320 0 320 480 proj -0.00603622 -301.811 0
drawhash>   chan0 amb 0c0c0cff mat ffffffff mask 1
drawhash>   chan1 amb 00000000 mat ffffffff mask 0
drawhash>   light0 pos 34.7128 -105.428 -2022.6 dir 0.420971 0.330068 -0.844889 col faf0d2 k 1 0 0 a -22.4176 46.8353 -23.4176
drawhash>   light1 pos 2374.76 1798.88 -6105.33 dir 0 0 0 col ffffff k 1 0 4.97588e-06 a 1 0 0
drawhash>   light2 pos -1283.16 -291.213 -755.227 dir 0 0 0 col ffffff k 1 0 4.97588e-06 a 1 0 0
drawhash> f14776 b185 obj=? mdl=-1 verts=16 stride=36 h=5d1e843f mtx=6e08938f state=d88b28e1
drawhash>   parts chan=e1329cc3 light=c57fe557 texgen=efe5dac4 tev=e8678301 bound=20ee8dcd pixel=561a8259 proj=4.02369,0,2.41421,0 vp=320,0,320,480
drawhash>   reg 00000000 43300032 ffffffff 00b6cc40 konst 000000ff 0395fdcc 00000000 00000000 scissor 320 0 320 480 proj -0.00603622 -301.811 0
drawhash>   chan0 amb 0c0c0cff mat ffffffff mask 1
drawhash>   chan1 amb 00000000 mat ffffffff mask 0
drawhash>   light0 pos 34.7128 -105.428 -2022.6 dir 0.420971 0.330068 -0.844889 col faf0d2 k 1 0 0 a -22.4176 46.8353 -23.4176
drawhash>   light1 pos 2374.76 1798.88 -6105.33 dir 0 0 0 col ffffff k 1 0 4.97588e-06 a 1 0 0
drawhash>   light2 pos -1283.16 -291.213 -755.227 dir 0 0 0 col ffffff k 1 0 4.97588e-06 a 1 0 0
drawhash> f14776 b186 obj=? mdl=-1 verts=16 stride=36 h=cb4ef65a mtx=383bd1fb state=c17658bb
drawhash>   parts chan=e1329cc3 light=c57fe557 texgen=efe5dac4 tev=e8678301 bound=fb70d9e3 pixel=561a8259 proj=4.02369,0,2.41421,0 vp=320,0,320,480
drawhash>   reg 00000000 43300032 ffffffff 00b6cc40 konst 000000ff 0395fdcc 00000000 00000000 scissor 320 0 320 480 proj -0.00603622 -301.811 0
drawhash>   chan0 amb 0c0c0cff mat ffffffff mask 1
drawhash>   chan1 amb 00000000 mat ffffffff mask 0
drawhash>   light0 pos 34.7128 -105.428 -2022.6 dir 0.420971 0.330068 -0.844889 col faf0d2 k 1 0 0 a -22.4176 46.8353 -23.4176
drawhash>   light1 pos 2374.76 1798.88 -6105.33 dir 0 0 0 col ffffff k 1 0 4.97588e-06 a 1 0 0
drawhash>   light2 pos -1283.16 -291.213 -755.227 dir 0 0 0 col ffffff k 1 0 4.97588e-06 a 1 0 0
drawhash> f14776 b187 obj=? mdl=-1 verts=16 stride=36 h=3a85e8ad mtx=23e67353 state=2d6ec736
drawhash>   parts chan=e710ed2f light=c57fe557 texgen=efe5dac4 tev=e8678301 bound=99a1c239 pixel=561a8259 proj=4.02369,0,2.41421,0 vp=320,0,320,480
drawhash>   reg 00000000 43300032 ffffffff 00b6cc40 konst 000000ff 0395fdcc 00000000 00000000 scissor 320 0 320 480 proj -0.00603622 -301.811 0
drawhash>   chan0 amb 0c0c0cff mat ffffffff mask 3
drawhash>   chan1 amb 00000000 mat ffffffff mask 0
drawhash>   light0 pos 34.7128 -105.428 -2022.6 dir 0.420971 0.330068 -0.844889 col faf0d2 k 1 0 0 a -22.4176 46.8353 -23.4176
drawhash>   light1 pos 2374.76 1798.88 -6105.33 dir 0 0 0 col ffffff k 1 0 4.97588e-06 a 1 0 0
drawhash>   light2 pos -1283.16 -291.213 -755.227 dir 0 0 0 col ffffff k 1 0 4.97588e-06 a 1 0 0
drawhash> f14776 b188 obj=? mdl=-1 verts=16 stride=36 h=9e0a66ca mtx=7bc3b3a6 state=4fcfcc27
drawhash>   parts chan=e710ed2f light=6994dd68 texgen=efe5dac4 tev=e8678301 bound=4dfd4b2f pixel=561a8259 proj=4.02369,0,2.41421,0 vp=320,0,320,480
drawhash>   reg 00000000 43300032 ffffffff 00b6cc40 konst 000000ff 0395fdcc 00000000 00000000 scissor 320 0 320 480 proj -0.00603622 -301.811 0
drawhash>   chan0 amb 0c0c0cff mat ffffffff mask 3
drawhash>   chan1 amb 00000000 mat ffffffff mask 0
drawhash>   light0 pos 34.7128 -105.428 -2022.6 dir 0.420971 0.330068 -0.844889 col faf0d2 k 1 0 0 a -22.4176 46.8353 -23.4176
drawhash>   light1 pos 480.611 1316.44 -4870.4 dir 0 0 0 col ffffff k 1 0 4.97588e-06 a 1 0 0
drawhash>   light2 pos -1283.16 -291.213 -755.227 dir 0 0 0 col ffffff k 1 0 4.97588e-06 a 1 0 0
drawhash> f14776 b189 obj=? mdl=-1 verts=16 stride=36 h=eb2a49ea mtx=453a3fdd state=77a515b0
drawhash>   parts chan=4881f307 light=1425b61c texgen=efe5dac4 tev=e8678301 bound=20674377 pixel=561a8259 proj=4.02369,0,2.41421,0 vp=320,0,320,480
drawhash>   reg 00000000 43300032 ffffffff 00b6cc40 konst 000000ff 0395fdcc 00000000 00000000 scissor 320 0 320 480 proj -0.00603622 -301.811 0
drawhash>   chan0 amb 0c0c0cff mat ffffffff mask 7
drawhash>   chan1 amb 00000000 mat ffffffff mask 0
drawhash>   light0 pos 34.7128 -105.428 -2022.6 dir 0.420971 0.330068 -0.844889 col faf0d2 k 1 0 0 a -22.4176 46.8353 -23.4176
drawhash>   light1 pos 1325.83 371.38 -2451.29 dir 0 0 0 col ffffff k 1 0 4.97588e-06 a 1 0 0
drawhash>   light2 pos -1283.16 -291.213 -755.227 dir 0 0 0 col ffffff k 1 0 4.97588e-06 a 1 0 0
drawhash> f14776 b190 obj=? mdl=-1 verts=16 stride=36 h=999bd1e7 mtx=31698cef state=77a515b0
drawhash>   parts chan=4881f307 light=1425b61c texgen=efe5dac4 tev=e8678301 bound=20674377 pixel=561a8259 proj=4.02369,0,2.41421,0 vp=320,0,320,480
drawhash>   reg 00000000 43300032 ffffffff 00b6cc40 konst 000000ff 0395fdcc 00000000 00000000 scissor 320 0 320 480 proj -0.00603622 -301.811 0
drawhash>   chan0 amb 0c0c0cff mat ffffffff mask 7
drawhash>   chan1 amb 00000000 mat ffffffff mask 0
drawhash>   light0 pos 34.7128 -105.428 -2022.6 dir 0.420971 0.330068 -0.844889 col faf0d2 k 1 0 0 a -22.4176 46.8353 -23.4176
drawhash>   light1 pos 1325.83 371.38 -2451.29 dir 0 0 0 col ffffff k 1 0 4.97588e-06 a 1 0 0
drawhash>   light2 pos -1283.16 -291.213 -755.227 dir 0 0 0 col ffffff k 1 0 4.97588e-06 a 1 0 0
drawhash> f14776 b191 obj=? mdl=-1 verts=20 stride=36 h=41432adc mtx=fd623ef9 state=a391ba0f
drawhash>   parts chan=cd46228e light=1425b61c texgen=592ed3f6 tev=e8678301 bound=ff540980 pixel=e76cadec proj=4.02369,0,2.41421,0 vp=320,0,320,480
drawhash>   texgen0 func 1 src 4 mtx 30: 1 0 0 0 / 0 1 0 0 / 0 0 1 0
drawhash>   reg 00000000 b1158686 ffffffff 00b6cc40 konst 000000ff 0395fdcc 00000000 00000000 scissor 320 0 320 480 proj -0.00603622 -301.811 0
drawhash>   chan0 amb ffffffff mat ffffffff mask 0
drawhash>   chan1 amb 00000000 mat ffffffff mask 0
drawhash>   light0 pos 34.7128 -105.428 -2022.6 dir 0.420971 0.330068 -0.844889 col faf0d2 k 1 0 0 a -22.4176 46.8353 -23.4176
drawhash>   light1 pos 1325.83 371.38 -2451.29 dir 0 0 0 col ffffff k 1 0 4.97588e-06 a 1 0 0
drawhash>   light2 pos -1283.16 -291.213 -755.227 dir 0 0 0 col ffffff k 1 0 4.97588e-06 a 1 0 0
drawhash> f14776 b192 obj=? mdl=-1 verts=20 stride=36 h=41432adc mtx=f49097e0 state=d8bb8c54
drawhash>   parts chan=cd46228e light=1425b61c texgen=592ed3f6 tev=e8678301 bound=807535c3 pixel=e76cadec proj=4.02369,0,2.41421,0 vp=320,0,320,480
drawhash>   texgen0 func 1 src 4 mtx 30: 1 0 0 0 / 0 1 0 0 / 0 0 1 0
drawhash>   reg 00000000 43300086 ffffffff 00b6cc40 konst 000000ff 0395fdcc 00000000 00000000 scissor 320 0 320 480 proj -0.00603622 -301.811 0
drawhash>   chan0 amb ffffffff mat ffffffff mask 0
drawhash>   chan1 amb 00000000 mat ffffffff mask 0
drawhash>   light0 pos 34.7128 -105.428 -2022.6 dir 0.420971 0.330068 -0.844889 col faf0d2 k 1 0 0 a -22.4176 46.8353 -23.4176
drawhash>   light1 pos 1325.83 371.38 -2451.29 dir 0 0 0 col ffffff k 1 0 4.97588e-06 a 1 0 0
drawhash>   light2 pos -1283.16 -291.213 -755.227 dir 0 0 0 col ffffff k 1 0 4.97588e-06 a 1 0 0
drawhash> f14776 b193 obj=? mdl=-1 verts=20 stride=36 h=41432adc mtx=f022730f state=d0cbaadc
drawhash>   parts chan=2c02e48e light=1425b61c texgen=592ed3f6 tev=e8678301 bound=a29b390e pixel=e76cadec proj=4.02369,0,2.41421,0 vp=320,0,320,480
drawhash>   texgen0 func 1 src 4 mtx 30: 1 0 0 0 / 0 1 0 0 / 0 0 1 0
drawhash>   reg 00000000 43300086 ffffffff 00b6cc40 konst 000000ff 0395fdcc 00000000 00000000 scissor 320 0 320 480 proj -0.00603622 -301.811 0
drawhash>   chan0 amb 7f7f7fff mat ffffffff mask 0
drawhash>   chan1 amb 00000000 mat ffffffff mask 0
drawhash>   light0 pos 34.7128 -105.428 -2022.6 dir 0.420971 0.330068 -0.844889 col faf0d2 k 1 0 0 a -22.4176 46.8353 -23.4176
drawhash>   light1 pos 1325.83 371.38 -2451.29 dir 0 0 0 col ffffff k 1 0 4.97588e-06 a 1 0 0
drawhash>   light2 pos -1283.16 -291.213 -755.227 dir 0 0 0 col ffffff k 1 0 4.97588e-06 a 1 0 0
drawhash> f14776 b194 obj=? mdl=-1 verts=20 stride=36 h=41432adc mtx=abc0be9a state=bb40d4f8
drawhash>   parts chan=2c02e48e light=1425b61c texgen=592ed3f6 tev=e8678301 bound=fc250721 pixel=e76cadec proj=4.02369,0,2.41421,0 vp=320,0,320,480
drawhash>   texgen0 func 1 src 4 mtx 30: 1 0 0 0 / 0 1 0 0 / 0 0 1 0
drawhash>   reg 00000000 43300086 ffffffff 00b6cc40 konst 000000ff 0395fdcc 00000000 00000000 scissor 320 0 320 480 proj -0.00603622 -301.811 0
drawhash>   chan0 amb 7f7f7fff mat ffffffff mask 0
drawhash>   chan1 amb 00000000 mat ffffffff mask 0
drawhash>   light0 pos 34.7128 -105.428 -2022.6 dir 0.420971 0.330068 -0.844889 col faf0d2 k 1 0 0 a -22.4176 46.8353 -23.4176
drawhash>   light1 pos 1325.83 371.38 -2451.29 dir 0 0 0 col ffffff k 1 0 4.97588e-06 a 1 0 0
drawhash>   light2 pos -1283.16 -291.213 -755.227 dir 0 0 0 col ffffff k 1 0 4.97588e-06 a 1 0 0
drawhash> f14776 b195 obj=? mdl=-1 verts=287 stride=36 h=b5ac4833 mtx=dafc4617 state=e2628121
drawhash>   parts chan=926ca0d2 light=1425b61c texgen=efe5dac4 tev=e8678301 bound=28499fd2 pixel=fdf7ea91 proj=4.02369,0,2.41421,0 vp=320,0,320,480
drawhash>   reg 00000000 000000ff ffffffff 00b6cc40 konst 000000ff 0395fdcc 00000000 00000000 scissor 320 0 320 480 proj -0.00603622 -301.811 0
drawhash>   chan0 amb 0c0c0cff mat ffffffff mask 1
drawhash>   chan1 amb 00000000 mat ffffffff mask 0
drawhash>   light0 pos 34.7128 -105.428 -2022.6 dir 0.420971 0.330068 -0.844889 col faf0d2 k 1 0 0 a -22.4176 46.8353 -23.4176
drawhash>   light1 pos 1325.83 371.38 -2451.29 dir 0 0 0 col ffffff k 1 0 4.97588e-06 a 1 0 0
drawhash>   light2 pos -1283.16 -291.213 -755.227 dir 0 0 0 col ffffff k 1 0 4.97588e-06 a 1 0 0
drawhash> f14776 b196 obj=? mdl=-1 verts=107 stride=36 h=2cb31894 mtx=6dba94d1 state=c9d22da6
drawhash>   parts chan=926ca0d2 light=1425b61c texgen=efe5dac4 tev=e8678301 bound=20e82825 pixel=fdf7ea91 proj=4.02369,0,2.41421,0 vp=320,0,320,480
drawhash>   reg 00000000 433000ff ffffffff 00b6cc40 konst 000000ff 0395fdcc 00000000 00000000 scissor 320 0 320 480 proj -0.00603622 -301.811 0
drawhash>   chan0 amb 0c0c0cff mat ffffffff mask 1
drawhash>   chan1 amb 00000000 mat ffffffff mask 0
drawhash>   light0 pos 34.7128 -105.428 -2022.6 dir 0.420971 0.330068 -0.844889 col faf0d2 k 1 0 0 a -22.4176 46.8353 -23.4176
drawhash>   light1 pos 1325.83 371.38 -2451.29 dir 0 0 0 col ffffff k 1 0 4.97588e-06 a 1 0 0
drawhash>   light2 pos -1283.16 -291.213 -755.227 dir 0 0 0 col ffffff k 1 0 4.97588e-06 a 1 0 0
drawhash> f14776 b197 obj=? mdl=-1 verts=12 stride=36 h=c8a2f895 mtx=093557c3 state=22f1d9ec
drawhash>   parts chan=e1329cc3 light=1425b61c texgen=efe5dac4 tev=e8678301 bound=a9b61a87 pixel=fdf7ea91 proj=4.02369,0,2.41421,0 vp=320,0,320,480
drawhash>   reg 00000000 433000ff ffffffff 00b6cc40 konst 000000ff 0395fdcc 00000000 00000000 scissor 320 0 320 480 proj -0.00603622 -301.811 0
drawhash>   chan0 amb 0c0c0cff mat ffffffff mask 1
drawhash>   chan1 amb 00000000 mat ffffffff mask 0
drawhash>   light0 pos 34.7128 -105.428 -2022.6 dir 0.420971 0.330068 -0.844889 col faf0d2 k 1 0 0 a -22.4176 46.8353 -23.4176
drawhash>   light1 pos 1325.83 371.38 -2451.29 dir 0 0 0 col ffffff k 1 0 4.97588e-06 a 1 0 0
drawhash>   light2 pos -1283.16 -291.213 -755.227 dir 0 0 0 col ffffff k 1 0 4.97588e-06 a 1 0 0
drawhash> f14776 b198 obj=? mdl=-1 verts=1200 stride=36 h=286f9b90 mtx=152272ef state=c9be6bd2
drawhash>   parts chan=813456bd light=81d01402 texgen=95eef54d tev=d7bcc47d bound=a06c3915 pixel=679f0935 proj=4.02369,0,2.41421,0 vp=320,0,320,480
drawhash>   texgen0 func 0 src 0 mtx 30: 1.62884 -0.181941 -1.26937 1181.59 / -0.0111461 -1.30629 -0.0240168 1286.22 / -0.392112 -0.363883 -0.844889 2116.62
drawhash>   texgen1 func 1 src 4 mtx 33: 1 0 0 0 / 0 1 0 -0.898711 / 0 0 1 0
drawhash>   texgen2 func 1 src 4 mtx 36: 0.5 0 0 0.261348 / 0 0.5 0 0.1515 / 0 0 1 0
drawhash>   reg 00000000 433000ff ffffffff 00b6cc40 konst 000000ff 0395fdcc 00000000 00000000 scissor 320 0 320 480 proj -0.00603622 -301.811 0
drawhash>   chan0 amb 101010ff mat ffffffff mask 7
drawhash>   chan1 amb 00000000 mat ffffffff mask 0
drawhash>   light0 pos 34.7128 -105.428 -2022.6 dir 0.420971 0.330068 -0.844889 col faf0d2 k 1 0 0 a -22.4176 46.8353 -23.4176
drawhash>   light1 pos 3.1399 -130.184 -1959.24 dir 0 0 0 col c8f0a0 k 1 0 6.4e-05 a 1 0 0
drawhash>   light2 pos 9954.11 7102.08 -22153.5 dir 0 0 0 col faf0d2 k 1 0 1.5625e-06 a 1 0 0
drawhash> f14776 b199 obj=? mdl=-1 verts=48 stride=36 h=4b318abd mtx=a8e67542 state=e4b06a1a
drawhash>   parts chan=cd46228e light=81d01402 texgen=1c8cbe0a tev=72adbf36 bound=32242275 pixel=7cd57370 proj=4.02369,0,2.41421,0 vp=320,0,320,480
drawhash>   reg 00000000 b115862f ffffffff 00b6cc40 konst 000000ff 0395fdcc 00000000 00000000 scissor 320 0 320 480 proj -0.00603622 -301.811 0
drawhash>   chan0 amb ffffffff mat ffffffff mask 0
drawhash>   chan1 amb 00000000 mat ffffffff mask 0
drawhash>   light0 pos 34.7128 -105.428 -2022.6 dir 0.420971 0.330068 -0.844889 col faf0d2 k 1 0 0 a -22.4176 46.8353 -23.4176
drawhash>   light1 pos 3.1399 -130.184 -1959.24 dir 0 0 0 col c8f0a0 k 1 0 6.4e-05 a 1 0 0
drawhash>   light2 pos 9954.11 7102.08 -22153.5 dir 0 0 0 col faf0d2 k 1 0 1.5625e-06 a 1 0 0
drawhash> f14776 b200 obj=? mdl=-1 verts=48 stride=36 h=03a3a999 mtx=e16954d7 state=dd025989
drawhash>   parts chan=cd46228e light=81d01402 texgen=1c8cbe0a tev=72adbf36 bound=4dc01437 pixel=7cd57370 proj=4.02369,0,2.41421,0 vp=320,0,320,480
drawhash>   reg 00000000 433000cc ffffffff 00b6cc40 konst 000000ff 0395fdcc 00000000 00000000 scissor 320 0 320 480 proj -0.00603622 -301.811 0
drawhash>   chan0 amb ffffffff mat ffffffff mask 0
drawhash>   chan1 amb 00000000 mat ffffffff mask 0
drawhash>   light0 pos 34.7128 -105.428 -2022.6 dir 0.420971 0.330068 -0.844889 col faf0d2 k 1 0 0 a -22.4176 46.8353 -23.4176
drawhash>   light1 pos 3.1399 -130.184 -1959.24 dir 0 0 0 col c8f0a0 k 1 0 6.4e-05 a 1 0 0
drawhash>   light2 pos 9954.11 7102.08 -22153.5 dir 0 0 0 col faf0d2 k 1 0 1.5625e-06 a 1 0 0
drawhash> f14776 b201 obj=? mdl=-1 verts=48 stride=36 h=a69666e8 mtx=6f693634 state=941218be
drawhash>   parts chan=cd46228e light=81d01402 texgen=1c8cbe0a tev=72adbf36 bound=1fcd141f pixel=7cd57370 proj=4.02369,0,2.41421,0 vp=320,0,320,480
drawhash>   reg 00000000 4330005a ffffffff 00b6cc40 konst 000000ff 0395fdcc 00000000 00000000 scissor 320 0 320 480 proj -0.00603622 -301.811 0
drawhash>   chan0 amb ffffffff mat ffffffff mask 0
drawhash>   chan1 amb 00000000 mat ffffffff mask 0
drawhash>   light0 pos 34.7128 -105.428 -2022.6 dir 0.420971 0.330068 -0.844889 col faf0d2 k 1 0 0 a -22.4176 46.8353 -23.4176
drawhash>   light1 pos 3.1399 -130.184 -1959.24 dir 0 0 0 col c8f0a0 k 1 0 6.4e-05 a 1 0 0
drawhash>   light2 pos 9954.11 7102.08 -22153.5 dir 0 0 0 col faf0d2 k 1 0 1.5625e-06 a 1 0 0
drawhash> f14776 b202 obj=? mdl=-1 verts=2048 stride=24 h=d5ca1dc5 mtx=09cfbfdd state=33ffccbb
drawhash>   parts chan=910b3cd9 light=81d01402 texgen=1c8cbe0a tev=b0ee9bfb bound=d6c3da89 pixel=561a8259 proj=4.02369,0,2.41421,0 vp=320,0,320,480
drawhash>   reg 00000000 4330005a ffffffff 00b6cc40 konst 000000ff 0395fdcc 00000000 00000000 scissor 320 0 320 480 proj -0.00603622 -301.811 0
drawhash>   chan0 amb ffffffff mat ffffffff mask 0
drawhash>   chan1 amb 00000000 mat ffffffff mask 0
drawhash>   light0 pos 34.7128 -105.428 -2022.6 dir 0.420971 0.330068 -0.844889 col faf0d2 k 1 0 0 a -22.4176 46.8353 -23.4176
drawhash>   light1 pos 3.1399 -130.184 -1959.24 dir 0 0 0 col c8f0a0 k 1 0 6.4e-05 a 1 0 0
drawhash>   light2 pos 9954.11 7102.08 -22153.5 dir 0 0 0 col faf0d2 k 1 0 1.5625e-06 a 1 0 0
drawhash> f14776 b203 obj=? mdl=-1 verts=16 stride=24 h=cb3625cc mtx=09cfbfdd state=90791d41
drawhash>   parts chan=910b3cd9 light=81d01402 texgen=1c8cbe0a tev=411be27e bound=70b07155 pixel=561a8259 proj=4.02369,0,2.41421,0 vp=320,0,320,480
drawhash>   reg 00000000 4330005a ffffffff 00b6cc40 konst 000000ff 0395fdcc 00000000 00000000 scissor 320 0 320 480 proj -0.00603622 -301.811 0
drawhash>   chan0 amb ffffffff mat ffffffff mask 0
drawhash>   chan1 amb 00000000 mat ffffffff mask 0
drawhash>   light0 pos 34.7128 -105.428 -2022.6 dir 0.420971 0.330068 -0.844889 col faf0d2 k 1 0 0 a -22.4176 46.8353 -23.4176
drawhash>   light1 pos 3.1399 -130.184 -1959.24 dir 0 0 0 col c8f0a0 k 1 0 6.4e-05 a 1 0 0
drawhash>   light2 pos 9954.11 7102.08 -22153.5 dir 0 0 0 col faf0d2 k 1 0 1.5625e-06 a 1 0 0
drawhash> f14776 b204 obj=? mdl=-1 verts=4 stride=24 h=f8d020e5 mtx=8863d092 state=82117309
drawhash>   parts chan=c4479a11 light=81d01402 texgen=1c8cbe0a tev=707988b4 bound=638a1e8d pixel=176e0c2f proj=0.00347222,-1,-0.00416667,1 vp=0,0,640,480
drawhash>   reg 00000000 4330005a ffffffff 00b6cc40 konst 000000ff 0395fdcc 00000000 00000000 scissor 0 0 640 480 proj -0.1 -1 0
drawhash>   chan0 amb ffffffff mat ffffffff mask 1
drawhash>   chan1 amb 00000000 mat ffffffff mask 0
drawhash>   light0 pos 34.7128 -105.428 -2022.6 dir 0.420971 0.330068 -0.844889 col faf0d2 k 1 0 0 a -22.4176 46.8353 -23.4176
drawhash>   light1 pos 3.1399 -130.184 -1959.24 dir 0 0 0 col c8f0a0 k 1 0 6.4e-05 a 1 0 0
drawhash>   light2 pos 9954.11 7102.08 -22153.5 dir 0 0 0 col faf0d2 k 1 0 1.5625e-06 a 1 0 0
drawhash> f14776 b205 obj=? mdl=-1 verts=4 stride=24 h=78157d45 mtx=95e11efe state=4bf17b0a
drawhash>   parts chan=c4479a11 light=81d01402 texgen=1c8cbe0a tev=707988b4 bound=a4885273 pixel=176e0c2f proj=0.00347222,-1,-0.00416667,1 vp=0,0,640,480
drawhash>   reg 00000000 4330005a ffffffff 00b6cc40 konst 000000ff 0395fdcc 00000000 00000000 scissor 0 0 640 480 proj -0.1 -1 0
drawhash>   chan0 amb ffffffff mat ffffffff mask 1
drawhash>   chan1 amb 00000000 mat ffffffff mask 0
drawhash>   light0 pos 34.7128 -105.428 -2022.6 dir 0.420971 0.330068 -0.844889 col faf0d2 k 1 0 0 a -22.4176 46.8353 -23.4176
drawhash>   light1 pos 3.1399 -130.184 -1959.24 dir 0 0 0 col c8f0a0 k 1 0 6.4e-05 a 1 0 0
drawhash>   light2 pos 9954.11 7102.08 -22153.5 dir 0 0 0 col faf0d2 k 1 0 1.5625e-06 a 1 0 0
drawhash> f14776 b206 obj=? mdl=-1 verts=4 stride=24 h=78157d45 mtx=f8091344 state=e1f9e16f
drawhash>   parts chan=c4479a11 light=81d01402 texgen=1c8cbe0a tev=707988b4 bound=f43f5a55 pixel=176e0c2f proj=0.00347222,-1,-0.00416667,1 vp=0,0,640,480
drawhash>   reg 00000000 4330005a ffffffff 00b6cc40 konst 000000ff 0395fdcc 00000000 00000000 scissor 0 0 640 480 proj -0.1 -1 0
drawhash>   chan0 amb ffffffff mat ffffffff mask 1
drawhash>   chan1 amb 00000000 mat ffffffff mask 0
drawhash>   light0 pos 34.7128 -105.428 -2022.6 dir 0.420971 0.330068 -0.844889 col faf0d2 k 1 0 0 a -22.4176 46.8353 -23.4176
drawhash>   light1 pos 3.1399 -130.184 -1959.24 dir 0 0 0 col c8f0a0 k 1 0 6.4e-05 a 1 0 0
drawhash>   light2 pos 9954.11 7102.08 -22153.5 dir 0 0 0 col faf0d2 k 1 0 1.5625e-06 a 1 0 0
drawhash> f14776 b207 obj=? mdl=-1 verts=4 stride=24 h=4019cc05 mtx=5200da5a state=640e4fe0
drawhash>   parts chan=c4479a11 light=81d01402 texgen=1c8cbe0a tev=707988b4 bound=76eeb166 pixel=176e0c2f proj=0.00347222,-1,-0.00416667,1 vp=0,0,640,480
drawhash>   reg 00000000 8080807f ffffffff 00b6cc40 konst 000000ff 0395fdcc 00000000 00000000 scissor 0 0 640 480 proj -0.1 -1 0
drawhash>   chan0 amb ffffffff mat ffffffff mask 1
drawhash>   chan1 amb 00000000 mat ffffffff mask 0
drawhash>   light0 pos 34.7128 -105.428 -2022.6 dir 0.420971 0.330068 -0.844889 col faf0d2 k 1 0 0 a -22.4176 46.8353 -23.4176
drawhash>   light1 pos 3.1399 -130.184 -1959.24 dir 0 0 0 col c8f0a0 k 1 0 6.4e-05 a 1 0 0
drawhash>   light2 pos 9954.11 7102.08 -22153.5 dir 0 0 0 col faf0d2 k 1 0 1.5625e-06 a 1 0 0
drawhash> f14776 b208 obj=? mdl=-1 verts=4 stride=24 h=646be345 mtx=df698454 state=7419c18b
drawhash>   parts chan=c4479a11 light=81d01402 texgen=1c8cbe0a tev=707988b4 bound=a553e82e pixel=176e0c2f proj=0.00347222,-1,-0.00416667,1 vp=0,0,640,480
drawhash>   reg 00000000 8080807f ffffffff 00b6cc40 konst 000000ff 0395fdcc 00000000 00000000 scissor 0 0 640 480 proj -0.1 -1 0
drawhash>   chan0 amb ffffffff mat ffffffff mask 1
drawhash>   chan1 amb 00000000 mat ffffffff mask 0
drawhash>   light0 pos 34.7128 -105.428 -2022.6 dir 0.420971 0.330068 -0.844889 col faf0d2 k 1 0 0 a -22.4176 46.8353 -23.4176
drawhash>   light1 pos 3.1399 -130.184 -1959.24 dir 0 0 0 col c8f0a0 k 1 0 6.4e-05 a 1 0 0
drawhash>   light2 pos 9954.11 7102.08 -22153.5 dir 0 0 0 col faf0d2 k 1 0 1.5625e-06 a 1 0 0
drawhash> f14776 b209 obj=? mdl=-1 verts=4 stride=24 h=bd9acb15 mtx=4ed6bb06 state=da9d2e3d
drawhash>   parts chan=c4479a11 light=81d01402 texgen=1c8cbe0a tev=707988b4 bound=790fc5d7 pixel=176e0c2f proj=0.00347222,-1,-0.00416667,1 vp=0,0,640,480
drawhash>   reg 00000000 8080807f ffffffff 00b6cc40 konst 000000ff 0395fdcc 00000000 00000000 scissor 0 0 640 480 proj -0.1 -1 0
drawhash>   chan0 amb ffffffff mat ffffffff mask 1
drawhash>   chan1 amb 00000000 mat ffffffff mask 0
drawhash>   light0 pos 34.7128 -105.428 -2022.6 dir 0.420971 0.330068 -0.844889 col faf0d2 k 1 0 0 a -22.4176 46.8353 -23.4176
drawhash>   light1 pos 3.1399 -130.184 -1959.24 dir 0 0 0 col c8f0a0 k 1 0 6.4e-05 a 1 0 0
drawhash>   light2 pos 9954.11 7102.08 -22153.5 dir 0 0 0 col faf0d2 k 1 0 1.5625e-06 a 1 0 0
drawhash> f14776 b210 obj=? mdl=-1 verts=4 stride=24 h=40f3d799 mtx=cbbadd12 state=da9d2e3d
drawhash>   parts chan=c4479a11 light=81d01402 texgen=1c8cbe0a tev=707988b4 bound=267af866 pixel=176e0c2f proj=0.00347222,-1,-0.00416667,1 vp=0,0,640,480
drawhash>   reg 00000000 8080807f ffffffff 00b6cc40 konst 000000ff 0395fdcc 00000000 00000000 scissor 0 0 640 480 proj -0.1 -1 0
drawhash>   chan0 amb ffffffff mat ffffffff mask 1
drawhash>   chan1 amb 00000000 mat ffffffff mask 0
drawhash>   light0 pos 34.7128 -105.428 -2022.6 dir 0.420971 0.330068 -0.844889 col faf0d2 k 1 0 0 a -22.4176 46.8353 -23.4176
drawhash>   light1 pos 3.1399 -130.184 -1959.24 dir 0 0 0 col c8f0a0 k 1 0 6.4e-05 a 1 0 0
drawhash>   light2 pos 9954.11 7102.08 -22153.5 dir 0 0 0 col faf0d2 k 1 0 1.5625e-06 a 1 0 0
drawhash> f14776 b211 obj=? mdl=-1 verts=4 stride=24 h=3eb88415 mtx=bf89737a state=da9d2e3d
drawhash>   parts chan=c4479a11 light=81d01402 texgen=1c8cbe0a tev=707988b4 bound=267af866 pixel=176e0c2f proj=0.00347222,-1,-0.00416667,1 vp=0,0,640,480
drawhash>   reg 00000000 8080807f ffffffff 00b6cc40 konst 000000ff 0395fdcc 00000000 00000000 scissor 0 0 640 480 proj -0.1 -1 0
drawhash>   chan0 amb ffffffff mat ffffffff mask 1
drawhash>   chan1 amb 00000000 mat ffffffff mask 0
drawhash>   light0 pos 34.7128 -105.428 -2022.6 dir 0.420971 0.330068 -0.844889 col faf0d2 k 1 0 0 a -22.4176 46.8353 -23.4176
drawhash>   light1 pos 3.1399 -130.184 -1959.24 dir 0 0 0 col c8f0a0 k 1 0 6.4e-05 a 1 0 0
drawhash>   light2 pos 9954.11 7102.08 -22153.5 dir 0 0 0 col faf0d2 k 1 0 1.5625e-06 a 1 0 0
drawhash> f14776 b212 obj=? mdl=-1 verts=4 stride=24 h=3eb88415 mtx=d3f30062 state=da9d2e3d
drawhash>   parts chan=c4479a11 light=81d01402 texgen=1c8cbe0a tev=707988b4 bound=267af866 pixel=176e0c2f proj=0.00347222,-1,-0.00416667,1 vp=0,0,640,480
drawhash>   reg 00000000 8080807f ffffffff 00b6cc40 konst 000000ff 0395fdcc 00000000 00000000 scissor 0 0 640 480 proj -0.1 -1 0
drawhash>   chan0 amb ffffffff mat ffffffff mask 1
drawhash>   chan1 amb 00000000 mat ffffffff mask 0
drawhash>   light0 pos 34.7128 -105.428 -2022.6 dir 0.420971 0.330068 -0.844889 col faf0d2 k 1 0 0 a -22.4176 46.8353 -23.4176
drawhash>   light1 pos 3.1399 -130.184 -1959.24 dir 0 0 0 col c8f0a0 k 1 0 6.4e-05 a 1 0 0
drawhash>   light2 pos 9954.11 7102.08 -22153.5 dir 0 0 0 col faf0d2 k 1 0 1.5625e-06 a 1 0 0
drawhash> f14776 b213 obj=? mdl=-1 verts=4 stride=24 h=c628b1d9 mtx=e2cbdb4a state=da9d2e3d
drawhash>   parts chan=c4479a11 light=81d01402 texgen=1c8cbe0a tev=707988b4 bound=267af866 pixel=176e0c2f proj=0.00347222,-1,-0.00416667,1 vp=0,0,640,480
drawhash>   reg 00000000 8080807f ffffffff 00b6cc40 konst 000000ff 0395fdcc 00000000 00000000 scissor 0 0 640 480 proj -0.1 -1 0
drawhash>   chan0 amb ffffffff mat ffffffff mask 1
drawhash>   chan1 amb 00000000 mat ffffffff mask 0
drawhash>   light0 pos 34.7128 -105.428 -2022.6 dir 0.420971 0.330068 -0.844889 col faf0d2 k 1 0 0 a -22.4176 46.8353 -23.4176
drawhash>   light1 pos 3.1399 -130.184 -1959.24 dir 0 0 0 col c8f0a0 k 1 0 6.4e-05 a 1 0 0
drawhash>   light2 pos 9954.11 7102.08 -22153.5 dir 0 0 0 col faf0d2 k 1 0 1.5625e-06 a 1 0 0
drawhash> f14776 b214 obj=? mdl=-1 verts=4 stride=24 h=3eb88415 mtx=f25794b2 state=da9d2e3d
drawhash>   parts chan=c4479a11 light=81d01402 texgen=1c8cbe0a tev=707988b4 bound=267af866 pixel=176e0c2f proj=0.00347222,-1,-0.00416667,1 vp=0,0,640,480
drawhash>   reg 00000000 8080807f ffffffff 00b6cc40 konst 000000ff 0395fdcc 00000000 00000000 scissor 0 0 640 480 proj -0.1 -1 0
drawhash>   chan0 amb ffffffff mat ffffffff mask 1
drawhash>   chan1 amb 00000000 mat ffffffff mask 0
drawhash>   light0 pos 34.7128 -105.428 -2022.6 dir 0.420971 0.330068 -0.844889 col faf0d2 k 1 0 0 a -22.4176 46.8353 -23.4176
drawhash>   light1 pos 3.1399 -130.184 -1959.24 dir 0 0 0 col c8f0a0 k 1 0 6.4e-05 a 1 0 0
drawhash>   light2 pos 9954.11 7102.08 -22153.5 dir 0 0 0 col faf0d2 k 1 0 1.5625e-06 a 1 0 0
drawhash> f14776 b215 obj=? mdl=-1 verts=4 stride=24 h=3eb88415 mtx=11b6c91a state=da9d2e3d
drawhash>   parts chan=c4479a11 light=81d01402 texgen=1c8cbe0a tev=707988b4 bound=267af866 pixel=176e0c2f proj=0.00347222,-1,-0.00416667,1 vp=0,0,640,480
drawhash>   reg 00000000 8080807f ffffffff 00b6cc40 konst 000000ff 0395fdcc 00000000 00000000 scissor 0 0 640 480 proj -0.1 -1 0
drawhash>   chan0 amb ffffffff mat ffffffff mask 1
drawhash>   chan1 amb 00000000 mat ffffffff mask 0
drawhash>   light0 pos 34.7128 -105.428 -2022.6 dir 0.420971 0.330068 -0.844889 col faf0d2 k 1 0 0 a -22.4176 46.8353 -23.4176
drawhash>   light1 pos 3.1399 -130.184 -1959.24 dir 0 0 0 col c8f0a0 k 1 0 6.4e-05 a 1 0 0
drawhash>   light2 pos 9954.11 7102.08 -22153.5 dir 0 0 0 col faf0d2 k 1 0 1.5625e-06 a 1 0 0
drawhash> f14776 b216 obj=? mdl=-1 verts=4 stride=24 h=3eb88415 mtx=14ed786e state=a816fba7
drawhash>   parts chan=c4479a11 light=81d01402 texgen=1c8cbe0a tev=707988b4 bound=affb5886 pixel=176e0c2f proj=0.00347222,-1,-0.00416667,1 vp=0,0,640,480
drawhash>   reg 00000000 8080807f ffffffff 00b6cc40 konst 000000ff 0395fdcc 00000000 00000000 scissor 0 0 640 480 proj -0.1 -1 0
drawhash>   chan0 amb ffffffff mat ffffffff mask 1
drawhash>   chan1 amb 00000000 mat ffffffff mask 0
drawhash>   light0 pos 34.7128 -105.428 -2022.6 dir 0.420971 0.330068 -0.844889 col faf0d2 k 1 0 0 a -22.4176 46.8353 -23.4176
drawhash>   light1 pos 3.1399 -130.184 -1959.24 dir 0 0 0 col c8f0a0 k 1 0 6.4e-05 a 1 0 0
drawhash>   light2 pos 9954.11 7102.08 -22153.5 dir 0 0 0 col faf0d2 k 1 0 1.5625e-06 a 1 0 0
drawhash> f14776 b217 obj=? mdl=-1 verts=4 stride=24 h=40f3d799 mtx=499b59ea state=a816fba7
drawhash>   parts chan=c4479a11 light=81d01402 texgen=1c8cbe0a tev=707988b4 bound=0a9dec98 pixel=176e0c2f proj=0.00347222,-1,-0.00416667,1 vp=0,0,640,480
drawhash>   reg 00000000 8080807f ffffffff 00b6cc40 konst 000000ff 0395fdcc 00000000 00000000 scissor 0 0 640 480 proj -0.1 -1 0
drawhash>   chan0 amb ffffffff mat ffffffff mask 1
drawhash>   chan1 amb 00000000 mat ffffffff mask 0
drawhash>   light0 pos 34.7128 -105.428 -2022.6 dir 0.420971 0.330068 -0.844889 col faf0d2 k 1 0 0 a -22.4176 46.8353 -23.4176
drawhash>   light1 pos 3.1399 -130.184 -1959.24 dir 0 0 0 col c8f0a0 k 1 0 6.4e-05 a 1 0 0
drawhash>   light2 pos 9954.11 7102.08 -22153.5 dir 0 0 0 col faf0d2 k 1 0 1.5625e-06 a 1 0 0
drawhash> f14776 b218 obj=? mdl=-1 verts=4 stride=24 h=3eb88415 mtx=0d1aaa62 state=a816fba7
drawhash>   parts chan=c4479a11 light=81d01402 texgen=1c8cbe0a tev=707988b4 bound=0a9dec98 pixel=176e0c2f proj=0.00347222,-1,-0.00416667,1 vp=0,0,640,480
drawhash>   reg 00000000 8080807f ffffffff 00b6cc40 konst 000000ff 0395fdcc 00000000 00000000 scissor 0 0 640 480 proj -0.1 -1 0
drawhash>   chan0 amb ffffffff mat ffffffff mask 1
drawhash>   chan1 amb 00000000 mat ffffffff mask 0
drawhash>   light0 pos 34.7128 -105.428 -2022.6 dir 0.420971 0.330068 -0.844889 col faf0d2 k 1 0 0 a -22.4176 46.8353 -23.4176
drawhash>   light1 pos 3.1399 -130.184 -1959.24 dir 0 0 0 col c8f0a0 k 1 0 6.4e-05 a 1 0 0
drawhash>   light2 pos 9954.11 7102.08 -22153.5 dir 0 0 0 col faf0d2 k 1 0 1.5625e-06 a 1 0 0
drawhash> f14776 b219 obj=? mdl=-1 verts=4 stride=24 h=3eb88415 mtx=8661c97a state=a816fba7
drawhash>   parts chan=c4479a11 light=81d01402 texgen=1c8cbe0a tev=707988b4 bound=0a9dec98 pixel=176e0c2f proj=0.00347222,-1,-0.00416667,1 vp=0,0,640,480
drawhash>   reg 00000000 8080807f ffffffff 00b6cc40 konst 000000ff 0395fdcc 00000000 00000000 scissor 0 0 640 480 proj -0.1 -1 0
drawhash>   chan0 amb ffffffff mat ffffffff mask 1
drawhash>   chan1 amb 00000000 mat ffffffff mask 0
drawhash>   light0 pos 34.7128 -105.428 -2022.6 dir 0.420971 0.330068 -0.844889 col faf0d2 k 1 0 0 a -22.4176 46.8353 -23.4176
drawhash>   light1 pos 3.1399 -130.184 -1959.24 dir 0 0 0 col c8f0a0 k 1 0 6.4e-05 a 1 0 0
drawhash>   light2 pos 9954.11 7102.08 -22153.5 dir 0 0 0 col faf0d2 k 1 0 1.5625e-06 a 1 0 0
drawhash> f14776 b220 obj=? mdl=-1 verts=4 stride=24 h=c628b1d9 mtx=55eced72 state=a816fba7
drawhash>   parts chan=c4479a11 light=81d01402 texgen=1c8cbe0a tev=707988b4 bound=0a9dec98 pixel=176e0c2f proj=0.00347222,-1,-0.00416667,1 vp=0,0,640,480
drawhash>   reg 00000000 8080807f ffffffff 00b6cc40 konst 000000ff 0395fdcc 00000000 00000000 scissor 0 0 640 480 proj -0.1 -1 0
drawhash>   chan0 amb ffffffff mat ffffffff mask 1
drawhash>   chan1 amb 00000000 mat ffffffff mask 0
drawhash>   light0 pos 34.7128 -105.428 -2022.6 dir 0.420971 0.330068 -0.844889 col faf0d2 k 1 0 0 a -22.4176 46.8353 -23.4176
drawhash>   light1 pos 3.1399 -130.184 -1959.24 dir 0 0 0 col c8f0a0 k 1 0 6.4e-05 a 1 0 0
drawhash>   light2 pos 9954.11 7102.08 -22153.5 dir 0 0 0 col faf0d2 k 1 0 1.5625e-06 a 1 0 0
drawhash> f14776 b221 obj=? mdl=-1 verts=4 stride=24 h=3eb88415 mtx=83dc848a state=a816fba7
drawhash>   parts chan=c4479a11 light=81d01402 texgen=1c8cbe0a tev=707988b4 bound=0a9dec98 pixel=176e0c2f proj=0.00347222,-1,-0.00416667,1 vp=0,0,640,480
drawhash>   reg 00000000 8080807f ffffffff 00b6cc40 konst 000000ff 0395fdcc 00000000 00000000 scissor 0 0 640 480 proj -0.1 -1 0
drawhash>   chan0 amb ffffffff mat ffffffff mask 1
drawhash>   chan1 amb 00000000 mat ffffffff mask 0
drawhash>   light0 pos 34.7128 -105.428 -2022.6 dir 0.420971 0.330068 -0.844889 col faf0d2 k 1 0 0 a -22.4176 46.8353 -23.4176
drawhash>   light1 pos 3.1399 -130.184 -1959.24 dir 0 0 0 col c8f0a0 k 1 0 6.4e-05 a 1 0 0
drawhash>   light2 pos 9954.11 7102.08 -22153.5 dir 0 0 0 col faf0d2 k 1 0 1.5625e-06 a 1 0 0
drawhash> f14776 b222 obj=? mdl=-1 verts=4 stride=24 h=3eb88415 mtx=54109d82 state=a816fba7
drawhash>   parts chan=c4479a11 light=81d01402 texgen=1c8cbe0a tev=707988b4 bound=0a9dec98 pixel=176e0c2f proj=0.00347222,-1,-0.00416667,1 vp=0,0,640,480
drawhash>   reg 00000000 8080807f ffffffff 00b6cc40 konst 000000ff 0395fdcc 00000000 00000000 scissor 0 0 640 480 proj -0.1 -1 0
drawhash>   chan0 amb ffffffff mat ffffffff mask 1
drawhash>   chan1 amb 00000000 mat ffffffff mask 0
drawhash>   light0 pos 34.7128 -105.428 -2022.6 dir 0.420971 0.330068 -0.844889 col faf0d2 k 1 0 0 a -22.4176 46.8353 -23.4176
drawhash>   light1 pos 3.1399 -130.184 -1959.24 dir 0 0 0 col c8f0a0 k 1 0 6.4e-05 a 1 0 0
drawhash>   light2 pos 9954.11 7102.08 -22153.5 dir 0 0 0 col faf0d2 k 1 0 1.5625e-06 a 1 0 0
port> --dumpframe: wrote /Users/zach/m48/L-m427-@m48h,--skindecode,--drawhash,14776+14776/frame-14777.ppm
#########SE Entry Error<SE 1621:ErrorNo -33>
#########SE Entry Error<SE 1621:ErrorNo -33>
#########SE Entry Error<SE 1621:ErrorNo -33>
#########SE Entry Error<SE 1622:ErrorNo -33>
#########SE Entry Error<SE 1622:ErrorNo -33>
#########SE Entry Error<SE 1622:ErrorNo -33>
port> status f14820   m427dll      board 0 turn 1/1  mg 427 (m427dll)  coins/stars 13/0c 10/0c 10/0c 13/0c  aud 0.11 ms  36.9 fps
#########SE Entry Error<SE 1621:ErrorNo -33>
#########SE Entry Error<SE 1621:ErrorNo -33>
#########SE Entry Error<SE 1621:ErrorNo -33>
#########SE Entry Error<SE 1622:ErrorNo -33>
#########SE Entry Error<SE 1622:ErrorNo -33>
#########SE Entry Error<SE 1622:ErrorNo -33>
port> status f14880   m427dll      board 0 turn 1/1  mg 427 (m427dll)  coins/stars 13/0c 10/0c 10/0c 13/0c  aud 0.12 ms  40.8 fps
port> status f14940   m427dll      board 0 turn 1/1  mg 427 (m427dll)  coins/stars 13/0c 10/0c 10/0c 13/0c  aud 0.20 ms  39.9 fps
port> status f15000   m427dll      board 0 turn 1/1  mg 427 (m427dll)  coins/stars 13/0c 10/0c 10/0c 13/0c  aud 0.25 ms  41.5 fps
#########SE Entry Error<SE 1621:ErrorNo -33>
#########SE Entry Error<SE 1622:ErrorNo -33>
#########SE Entry Error<SE 1621:ErrorNo -33>
#########SE Entry Error<SE 1622:ErrorNo -33>
port> status f15060   m427dll      board 0 turn 1/1  mg 427 (m427dll)  coins/stars 13/0c 10/0c 10/0c 13/0c  aud 0.31 ms  41.1 fps
#########SE Entry Error<SE 1621:ErrorNo -33>
#########SE Entry Error<SE 1621:ErrorNo -33>
#########SE Entry Error<SE 1622:ErrorNo -33>
#########SE Entry Error<SE 1622:ErrorNo -33>
#########SE Entry Error<SE 1621:ErrorNo -33>
#########SE Entry Error<SE 1621:ErrorNo -33>
port> status f15120   m427dll      board 0 turn 1/1  mg 427 (m427dll)  coins/stars 13/0c 10/0c 10/0c 13/0c  aud 0.30 ms  39.9 fps
#########SE Entry Error<SE 1622:ErrorNo -33>
#########SE Entry Error<SE 1622:ErrorNo -33>
#########SE Entry Error<SE 1621:ErrorNo -33>
#########SE Entry Error<SE 1621:ErrorNo -33>
#########SE Entry Error<SE 1622:ErrorNo -33>
#########SE Entry Error<SE 1622:ErrorNo -33>
port> status f15180   m427dll      board 0 turn 1/1  mg 427 (m427dll)  coins/stars 13/0c 10/0c 10/0c 13/0c  aud 0.27 ms  39.4 fps
#########SE Entry Error<SE 1621:ErrorNo -33>
#########SE Entry Error<SE 1622:ErrorNo -33>
#########SE Entry Error<SE 1621:ErrorNo -33>
#########SE Entry Error<SE 1622:ErrorNo -33>
#########SE Entry Error<SE 1621:ErrorNo -33>
#########SE Entry Error<SE 1621:ErrorNo -33>
#########SE Entry Error<SE 1622:ErrorNo -33>
#########SE Entry Error<SE 1622:ErrorNo -33>
port> status f15240   m427dll      board 0 turn 1/1  mg 427 (m427dll)  coins/stars 13/0c 10/0c 10/0c 13/0c  aud 0.23 ms  40.9 fps
#########SE Entry Error<SE 1621:ErrorNo -33>
#########SE Entry Error<SE 1622:ErrorNo -33>
#########SE Entry Error<SE 1621:ErrorNo -33>
#########SE Entry Error<SE 1622:ErrorNo -33>
port> status f15300   m427dll      board 0 turn 1/1  mg 427 (m427dll)  coins/stars 13/0c 10/0c 10/0c 13/0c  aud 0.30 ms  39.6 fps
#########SE Entry Error<SE 1621:ErrorNo -33>
#########SE Entry Error<SE 1622:ErrorNo -33>
#########SE Entry Error<SE 1621:ErrorNo -33>
#########SE Entry Error<SE 1622:ErrorNo -33>
#########SE Entry Error<SE 1621:ErrorNo -33>
#########SE Entry Error<SE 1622:ErrorNo -33>
#########SE Entry Error<SE 1621:ErrorNo -33>
#########SE Entry Error<SE 1622:ErrorNo -33>
port> status f15360   m427dll      board 0 turn 1/1  mg 427 (m427dll)  coins/stars 13/0c 10/0c 10/0c 13/0c  aud 0.30 ms  38.4 fps
#########SE Entry Error<SE 1621:ErrorNo -33>
#########SE Entry Error<SE 1622:ErrorNo -33>
#########SE Entry Error<SE 1621:ErrorNo -33>
#########SE Entry Error<SE 1622:ErrorNo -33>
#########SE Entry Error<SE 1621:ErrorNo -33>
#########SE Entry Error<SE 1622:ErrorNo -33>
#########SE Entry Error<SE 1621:ErrorNo -33>
port> status f15420   m427dll      board 0 turn 1/1  mg 427 (m427dll)  coins/stars 13/0c 10/0c 10/0c 13/0c  aud 0.28 ms  39.6 fps
#########SE Entry Error<SE 1622:ErrorNo -33>
#########SE Entry Error<SE 1621:ErrorNo -33>
#########SE Entry Error<SE 1622:ErrorNo -33>
#########SE Entry Error<SE 1621:ErrorNo -33>
#########SE Entry Error<SE 1622:ErrorNo -33>
#########SE Entry Error<SE 1622:ErrorNo -33>
port> status f15480   m427dll      board 0 turn 1/1  mg 427 (m427dll)  coins/stars 13/0c 10/0c 10/0c 13/0c  aud 0.26 ms  40.6 fps
#########SE Entry Error<SE 1621:ErrorNo -33>
#########SE Entry Error<SE 1621:ErrorNo -33>
#########SE Entry Error<SE 1622:ErrorNo -33>
#########SE Entry Error<SE 1622:ErrorNo -33>
#########SE Entry Error<SE 1621:ErrorNo -33>
#########SE Entry Error<SE 1621:ErrorNo -33>
port> status f15540   m427dll      board 0 turn 1/1  mg 427 (m427dll)  coins/stars 13/0c 10/0c 10/0c 13/0c  aud 0.33 ms  38.8 fps
#########SE Entry Error<SE 1622:ErrorNo -33>
#########SE Entry Error<SE 1622:ErrorNo -33>
#########SE Entry Error<SE 1621:ErrorNo -33>
#########SE Entry Error<SE 1621:ErrorNo -33>
#########SE Entry Error<SE 1622:ErrorNo -33>
#########SE Entry Error<SE 1622:ErrorNo -33>
port> status f15600   m427dll      board 0 turn 1/1  mg 427 (m427dll)  coins/stars 13/0c 10/0c 10/0c 13/0c  aud 0.29 ms  40.3 fps
#########SE Entry Error<SE 1621:ErrorNo -33>
#########SE Entry Error<SE 1621:ErrorNo -33>
#########SE Entry Error<SE 1621:ErrorNo -33>
#########SE Entry Error<SE 1622:ErrorNo -33>
#########SE Entry Error<SE 1622:ErrorNo -33>
#########SE Entry Error<SE 1621:ErrorNo -33>
#########SE Entry Error<SE 1621:ErrorNo -33>
port> status f15660   m427dll      board 0 turn 1/1  mg 427 (m427dll)  coins/stars 13/0c 10/0c 10/0c 13/0c  aud 0.33 ms  33.3 fps
#########SE Entry Error<SE 1622:ErrorNo -33>
#########SE Entry Error<SE 1622:ErrorNo -33>
#########SE Entry Error<SE 1622:ErrorNo -33>
#########SE Entry Error<SE 1621:ErrorNo -33>
#########SE Entry Error<SE 1621:ErrorNo -33>
port> --dumpframe: wrote /Users/zach/m48/L-m427-@m48h,--skindecode,--drawhash,14776+14776/frame-15677.ppm
#########SE Entry Error<SE 1622:ErrorNo -33>
#########SE Entry Error<SE 1621:ErrorNo -33>
port> status f15720   m427dll      board 0 turn 1/1  mg 427 (m427dll)  coins/stars 13/0c 10/0c 10/0c 13/0c  aud 0.40 ms  33.7 fps
#########SE Entry Error<SE 1621:ErrorNo -33>
#########SE Entry Error<SE 1622:ErrorNo -33>

port> --frames 15777 reached: 15777 retraces in 98.73 s wall (game clock 263.21 s)
port> tev: konst collision (two constants in one stage): 0 of 364992 draws carry one, in 0 distinct configs (PLAN.md 31.4)
port> tev: 1755 hilite stage emissions folded into the specular colour sum (PLAN.md 36)
port> tev: 7782 unit emissions of the M30 lamp shape (T*RAS -> REG, T.a*K -> REG, C*RAS + C; PLAN.md 45)
port> tev: register chains (M30, PLAN.md 45): 2839 configs with a chain, 2839 stage emissions read the previous unit for a register, 2839 dead register writes passed PREV through, 0 reads unexpressible (drawn as the constant)
port> tev: 23364 unit emissions through the register rewrite (PLAN.md 31.3), 0 stage emissions still folding a register write to PREV
port> water (M44): 5433 warped draws, 3124156 vertices, 5433 stage warps; refused: shape 0, no texture 0, map not on the CPU 0, coordinate shared 0, read unwarped too 0 (--water auto)
port> --perfdump: 15776 frames written to /Users/zach/m48/L-m427-@m48h,--skindecode,--drawhash,14776+14776.csv

---- --perf: 15776 frames ----
  game     mean   4.50  median   4.22  p95  10.39  worst 346.73 ms
  gx       mean   1.47  median   0.08  p95  13.53  worst 388.16 ms
  present  mean   0.05  median   0.00  p95   0.34  worst 101.57 ms
  aud      mean   0.23  median   0.24  p95   0.41  worst   6.07 ms
  frame    mean   6.26  median   4.55  p95  24.42  worst 403.87 ms
  budget   16.68 ms/frame at 59.94 Hz; 1472 of 15776 frames over it (9.3%)
  clocks   game 263.20 s vs wall 99.11 s -- ratio 0.377  (keeping up)
  fps      159.2 effective

port> MusyX: 52629 frames of 160 samples mixed (263.14 s of audio) over 15773 retraces
port> audio: first sound at retrace 726; Dolphin's own DSP dump of the same boot starts at 10.95 s = retrace ~656
port> musyx_mix: 52629 frames mixed, 11680 voices started, 8303 voices ended, peak |sample| 32767 (near full scale), 0 clamped ARAM reads, 27 max concurrent voices (of 50 allocated)
port> musyx_mix: resampler linear, depop on; 4670 voice(s) cut mid-frame
port> musyx_mix: 790 start(s) refused by start_voice_init (a zero-length one-shot, an envelope done at once, an unreadable sample); the slot's entry cleared on both halves (M25)
port> musyx_mix: --perf: mean 353.5 us/frame, worst 2658.4 us/frame, over 52629 timed frames
port> musyx_mix: split frames: 52629 control halves on the game thread, 52629 value halves (18605 ms), 15785 joins, 0 position mismatches
port> audio: M24 mixer job: 15773 ticks split (157887 steps), 0 ticks fused for a MEM1/vsample voice, 0 poisoned mid-tick, 0 out of pool, 0 jobs run at submit, 22 jobs finished mid-tick (ARAM writes)
port> musyx_aram: samples stored 692 (10678 KB), removed 188, refused 0
port> musyx_aram: region=[0x000000,0x800000) (8388608 bytes) zero_buf=[0x000000,0x000500) initialized=1
port> musyx_aram: sample heap write=0x66bcc0 high_water=0x6de860 (7201632 bytes at peak), stream cursor=0x7ee200
port> musyx_aram: stream buffers active=2 peak=2 of 64 slots
port> musyx_aram: bytes uploaded=11967584 -- rejected: store=0 stream=0 upload=0, remove mismatches=0
port> audio out: 88.55 s queued, 6194 callbacks, peak L 32767 R 32767 (of 32767)
port> audio out: 1310 underrun(s) totalling 10571.0 ms, 174592.0 ms dropped to overrun
port> audio out: (the ring tracks the frame rate: audio is paced by the
port>             retrace, so under 60 fps it starves and under --turbo it
port>             overruns.  --wav is written before the ring and is whole.)
port> OS clock: 10649475000 ticks in 99.52 s = 107.006 MHz (console 40.500)  *** WRONG
port> decode jobs (M43): 47306727 vertices; specialised 100.0%, the walker's by pick_fast's first failed test:
port> vcache (M40, auto): 9422 list calls (1603 left to the ring as animated), 7819 primitives, 643394 vertices; 5516 hits (428119 vertices, 66.5%; per drawn frame 68.8% over 22 frames)
port> vcache (M44): 67 positions refreshes (1854 vertices): stored runs whose position array alone had moved, copied and their positions decoded again
port> vcache (M45): on the frames the auto keyed off, 0 lists looked up refresh-only, 0 refreshes served there (--novcposoff)
port> vcache: misses -- new 981 (73858 v), plan changed 61 (2065 v), arrays changed 820 (99927 v), list bytes changed 0 lists; ineligible 374 (37571 v, skinned/palette/premerge); not stored (region full this frame) 0 (0 v); stored 142738 v
port> vcache: auto keyed 22 drawn frame(s), left 1743 to the decode (fit 28.0 ms); 310 list hash(es) memoised, 231721 memo end(s) leaving module code
port> vcache (M47): the skin body named its arrays 0 times (0 scans), 0 array memos ended by them (--oldvcskin: every memo, the epoch)
port> vcache: hashed 1.1 MB of lists and 8.8 MB of arrays (1.1 KB a list call); 280 ms keying on the game thread (sampled 1 in 8: lists 223, hits 22, misses 35); region 8192 KB, peak 4834 KB, 0 reset(s), 0 cooldown(s); 427 entries, 986 arrays live, 0 clear(s)
port> GX draw: 1934169 primitives, 75952309 vertices, 529739 glDrawArrays, 1688159 display lists replayed
port> GX draw: M44 layout memo: 438488 primitives kept the last one's, 1495681 settled anew
port> GX draw: 67627418 vertices through the specialised decode loops (89.0%)
port> GX draw: M29: 706319 display-list runs (64359674 vertices, 84.7%) handed to the render thread's decode, 0 runs decoded here instead, 8023 kept here by --rtdecode auto (M33)
port> GX draw: 8990 primitive(s) off-world (|position matrix translation| over 10000)
port> skin: deferred CPU skinning; EnvelopeProc 87101 calls: 87101 deferred, 0 run by the game; 27 HSFs registered (0 rebuilt); 3530 deferred bodies run at the draw (0 of them at the array bind), 635688 syncs skipped on consumed frames; palette: 87101 bone syncs, 0 pose builds
port> skin: lifetime: 23 entries dropped by the game's frees, 0 guard hits (must be 0); signatures: 361 full, 86740 by the pointers alone (M47)
port> skin: M47 skin at the decode: 222 meshes can (7 cannot: 0 arrays, 0 ranges, 7 multi); 4403 poses built, 3530 old bodies (in place or not fusable), 0 arrays written on demand (0 for a rewriter); 152056 primitives skinned at the decode (152056 with their normals), 17128307 vertices; 0 HSF pairs sharing a buffer (the game's body)
port> GL state: 1411842 calls emitted, 8397501 elided (85.6% of 9809343)
port> texture cache: 298545 hits, 438 misses, 0 re-uploads, 438 entries, 21863 KB decoded, 80 padded to a power of two, 29839 KB held by GL
port> texture budget: 40 MB; 0 evictions (0 KB) to stay under it
port> texture decode (M23): 435 decodes, 295 ms decoding, 71 ms uploading, 1116 ms hashing; 3 frames over 20 ms of it; 10 re-keyed by content (1244 KB not decoded again)
port> texture dirty ranges (M35): 261780 DC store/flush calls, 187 entries marked, 0 hashed clean, 0 decoded again; 213266 calls touched no texture page (M41)
port> texture hash: 117802 KB hashed in full, 161120 KB sampled, 232316 revalidations (of 298983 binds)
port> EFB copies: 2927 colour copies into the cache (on consumed frames from the front buffer: 0 whole-screen, 0 region; 0 clear-after copies kept from the last drawn frame, M21; 333 half-scale copies kept at source size, M23)
port> indirect tiling: 9 composed backgrounds, 1527 cache hits

---- GX features the backend degraded (2 distinct) ----
  GXSetTevIndWarp: the warp needs GL_ATI_text_fragment_shader and --tfs (M35); the direct stage is drawn unwarped     5433
  indirect texturing: the fixed-function path draws the direct stage only (PLAN.md 3.4 case 3)     5434

port> render thread: mode 3 (thread, overlapped)
  stream   3843012 records, 394717 KB (105 B/record); 1774 frames presented, peak 283 KB a frame; 194993 KB of payload copies; 447 names handed out; 447 owned uploads freed
  replay   24080 ms in all; per presented frame mean 13.57 ms, worst 382.2 ms (1774 frames); present tail (swap executed - swap recorded) mean 9.1 ms, worst 117.1 ms
  decode   706319 runs recorded, 706319 decoded ahead by the decode cursor, 0 by the replay (late); 64359674 vertices; 10267 ms in all, per presented frame mean 5.79 ms, worst 27.5 ms (--rtdecode 3)
  auto     1774 drawn frames planned, 17 split (share mean 0.56, max 0.75); 3279036 vertices decoded on the game thread (521 ms) vs 64359674 on the render thread; last plan: game 24.0 + consumed 4.3 vs replay 13.8 + decode 6.2 -> 0.0 ms moved (--rtdecode auto, fit 30 ms, max share 0.75)
  gate     0 drained, 0 waited (0 ms, worst 0.0 ms), 0 busy (the frame was consumed instead)
  ring     4 reuse waits for the issue, 9 for the GPU (50 ms, worst 11.1 ms); stream full 0 times (0 ms); reader slept 4732 times, woken 14279
  join     retrace                  15777 (297 ms, worst 12.7 ms)
  join     ClusterProc range        513 (0 ms, worst 0.0 ms)
  join     call                     38 (522 ms, worst 92.5 ms)
  join     skin body                3385 (0 ms, worst 0.0 ms)
  join     skin pose                3719 (0 ms, worst 0.0 ms)
  join     skin free                7 (0 ms, worst 0.0 ms)
  join     drawhash                 223 (7 ms, worst 0.8 ms)
  join     glReadPixels             2 (87 ms, worst 61.3 ms)
  join     shutdown                 1 (0 ms, worst 0.0 ms)
  rewrite  513 buffer range(s) named by ClusterProc/ShapeProc (M43): 0 free at once, 513 waited for their pages' records; 62 record array(s) outside MEM1
  fences   the ring's chunks by epoch: the writer waited 9 time(s) for the GPU (the `ring' line above); the reader tests pending fences after every present, every 256 records and while idle
port> DVD: 159 reads, 43785861 bytes, 10 ms in reads, 0 over 100 ms

port> loader (M36): prefetch on, 99 jobs, 94 files read ahead (5 skipped as resident), 113.9 MB in 1213 ms off the game thread (worst 424 ms); 0 inline slices on one CPU (0 ms)
port> loader: disk reads after a prefetch of the same file: 0, 0 of them over 100 ms
port> loader: resident set 256 MB: 85 files held (113 MB, 73 of them from the list), 154 reads (41.0 MB) served from memory, 5 (0.8 MB, 10 ms) from the disk, 5 adopted from the game's own reads, 0 evicted (0.0 MB); mlock allowed (113 MB locked)
port> THP: 3 movie(s) skipped, first movie/opmov_a00.thp
port> CARD: 0 reads, 1 writes, 1 files created, 0 deleted, 2 image flushes, 57 of 59 blocks free
port> CARD: flushes on a thread (M29): 13 ms on the game thread in all, 3666 ms behind it (worst 2598 ms); 0 flush(es) waited for the previous one (0 ms)
port> CARD: M40: 3 flush(es) found the writer busy and left their image for it (2 replaced by a newer one before it started)
port> REL bundles: 6 loads, 5 unloads, 0 re-entries, 0 modules dlclose would not unload

port> cpu 2: workers on
port> workers: the game thread's FPSCR adopted 14044 time(s) (the GL driver's FPU mode, for the reverb's floats)
port> worker mixer   15763 jobs: 15761 finished by the worker, 2 late (run inline by the game thread, 0 ms), 775 waited for (362 ms, worst 1.3 ms); 19522 ms of work on the second core
port> sincos memo: 8309585 hits, 2794206 misses (74.8% hit)
port> fast sin/cos (M42): 2792048 pairs without libm, 2158 through libm
port> rotation memo (M42): mtxRot 119321 hits / 32821 misses, mtxRotCat 806548 hits / 236357 misses
port> motion exec (M42): 294291 calls through the port's body
port> vertex rewriters (M43): 513 ClusterProc, 0 ShapeProc calls, 513 ranges named; the joins are the render thread's report (precise)
port> write barrier (M42, --wbpart: the ends' partial pages too): 714 pages armed in 499 calls, 411 faults (157 pages hot), 179 disarmed by kernel writes/frees; arrays clean 14843 (7277 by their ends' hash) / written 66, 5.9 MB of hashing skipped
port> material walk on consumed frames: skipped; 9620472 faces skipped, 1998320 material changes (1702800 Hu3DLightSet, 2655 Hu3DAnimSet kept)
port> sparse concats (bone walk): 15836064 sparse, 0 general
port> sqrtf: 0 through frsqrte, 11956556 through libm (--nofastsqrt)
port> soft-reset watcher: running, body polled 15773 times

---- SDK surface hit at boot: 0 distinct stubs, in first-call order ----
---- 0 stub calls total ----
