frame,wall_ms,work_ms,game_ms,gx_ms,present_ms,aud_ms,drawn,rt_ms,dec_ms,gdec_ms,calls,verts,recs,vchit
0,0.950,0.950,0.950,0.000,0.000,0.000,1,0.000,0.000,0.000,0,0,1,0
1,0.397,0.397,0.397,0.000,0.000,0.000,1,0.000,0.000,0.000,0,0,0,0
2,0.004,0.004,0.004,0.000,0.000,0.000,1,0.000,0.000,0.000,0,0,0,0
3,13.765,13.765,13.726,0.000,0.000,0.040,1,0.000,0.000,0.000,0,0,0,0
4,1.106,1.106,1.096,0.000,0.000,0.010,1,0.000,0.000,0.000,0,0,0,0
5,30.640,30.640,30.613,0.000,0.000,0.027,1,0.000,0.000,0.000,0,0,0,0
6,1.076,1.076,0.922,0.073,0.072,0.008,1,0.000,0.000,0.000,0,4,0,0
7,8.911,8.911,8.772,0.007,0.115,0.016,1,0.000,0.000,0.000,0,4,0,0
8,4.445,4.445,4.421,0.009,0.005,0.010,1,0.000,0.000,0.000,0,8,0,0
9,0.863,0.863,0.816,0.015,0.012,0.019,1,0.000,0.000,0.000,0,8,0,0
10,0.566,0.566,0.546,0.005,0.006,0.008,1,0.000,0.000,0.000,0,8,0,0
11,0.708,0.708,0.692,0.009,0.002,0.005,1,0.000,0.000,0.000,0,8,0,0
12,0.419,0.419,0.408,0.004,0.002,0.004,1,0.000,0.000,0.000,0,8,0,0
13,0.364,0.364,0.354,0.004,0.002,0.004,1,0.000,0.000,0.000,0,8,0,0
14,0.430,0.430,0.419,0.004,0.002,0.005,1,0.000,0.000,0.000,0,8,0,0
15,0.388,0.388,0.377,0.004,0.003,0.005,1,0.000,0.000,0.000,0,8,0,0
16,0.395,0.395,0.385,0.004,0.002,0.004,1,0.000,0.000,0.000,0,8,0,0
17,0.686,0.686,0.675,0.004,0.002,0.005,1,0.000,0.000,0.000,0,8,0,0
18,0.221,0.221,0.207,0.004,0.003,0.006,1,0.000,0.000,0.000,0,8,0,0
19,0.752,0.752,0.724,0.003,0.012,0.013,1,0.000,0.000,0.000,0,8,0,0
20,0.933,0.933,0.912,0.010,0.003,0.008,1,0.000,0.000,0.000,0,8,0,0
21,0.450,0.450,0.438,0.005,0.003,0.006,1,0.000,0.000,0.000,0,8,0,0
22,0.426,0.426,0.415,0.004,0.002,0.004,1,0.000,0.000,0.000,0,8,0,0
23,0.437,0.437,0.426,0.004,0.002,0.006,1,0.000,0.000,0.000,0,8,0,0
24,0.405,0.405,0.395,0.004,0.002,0.004,1,0.000,0.000,0.000,0,8,0,0
25,0.375,0.375,0.365,0.004,0.002,0.004,1,0.000,0.000,0.000,0,8,0,0
26,0.443,0.443,0.433,0.004,0.002,0.005,1,0.000,0.000,0.000,0,8,0,0
27,0.369,0.369,0.359,0.004,0.002,0.005,1,0.000,0.000,0.000,0,8,0,0
28,0.399,0.399,0.389,0.004,0.002,0.004,1,0.000,0.000,0.000,0,8,0,0
29,0.401,0.401,0.390,0.004,0.003,0.005,1,0.000,0.000,0.000,0,8,0,0
30,2.299,2.299,2.274,0.005,0.002,0.018,1,0.000,0.000,0.000,0,8,0,0
31,0.577,0.577,0.552,0.011,0.008,0.006,1,0.000,0.000,0.000,0,8,0,0
32,0.595,0.595,0.573,0.003,0.007,0.011,1,0.000,0.000,0.000,0,8,0,0
33,0.536,0.536,0.522,0.007,0.003,0.005,1,0.000,0.000,0.000,0,8,0,0
34,0.393,0.393,0.382,0.005,0.002,0.004,1,0.000,0.000,0.000,0,8,0,0
35,0.425,0.425,0.414,0.004,0.002,0.005,1,0.000,0.000,0.000,0,8,0,0
36,0.343,0.343,0.333,0.004,0.002,0.004,1,0.000,0.000,0.000,0,8,0,0
37,0.367,0.367,0.357,0.004,0.002,0.004,1,0.000,0.000,0.000,0,8,0,0
38,0.385,0.385,0.374,0.004,0.002,0.005,1,0.000,0.000,0.000,0,8,0,0
39,179.774,179.774,179.723,0.017,0.014,0.020,1,0.000,0.000,0.000,0,4,0,0
40,0.898,0.898,0.881,0.006,0.004,0.008,1,0.000,0.000,0.000,0,4,0,0
41,0.994,0.994,0.951,0.004,0.019,0.021,1,0.000,0.000,0.000,0,4,0,0
42,1.258,1.258,1.229,0.015,0.003,0.010,1,0.000,0.000,0.000,0,4,0,0
43,0.574,0.574,0.562,0.004,0.004,0.005,1,0.000,0.000,0.000,0,4,0,0
44,0.524,0.524,0.514,0.003,0.003,0.005,1,0.000,0.000,0.000,0,4,0,0
45,0.726,0.726,0.716,0.003,0.002,0.004,1,0.000,0.000,0.000,0,4,0,0
46,0.767,0.767,0.737,0.008,0.009,0.013,1,0.000,0.000,0.000,0,4,0,0
47,0.317,0.317,0.304,0.004,0.002,0.007,1,0.000,0.000,0.000,0,4,0,0
48,0.604,0.604,0.586,0.003,0.006,0.009,1,0.000,0.000,0.000,0,4,0,0
49,0.704,0.704,0.689,0.006,0.003,0.006,1,0.000,0.000,0.000,0,4,0,0
50,0.518,0.518,0.507,0.003,0.002,0.006,1,0.000,0.000,0.000,0,4,0,0
51,0.500,0.500,0.490,0.003,0.002,0.004,1,0.000,0.000,0.000,0,4,0,0
52,0.698,0.698,0.672,0.007,0.007,0.011,1,0.000,0.000,0.000,0,4,0,0
53,0.308,0.308,0.295,0.004,0.002,0.006,1,0.000,0.000,0.000,0,4,0,0
54,0.617,0.617,0.607,0.002,0.002,0.006,1,0.000,0.000,0.000,0,4,0,0
55,1.294,1.294,1.278,0.003,0.002,0.011,1,0.000,0.000,0.000,0,4,0,0
56,1.266,1.266,1.248,0.005,0.003,0.011,1,0.000,0.000,0.000,0,4,0,0
57,0.525,0.525,0.513,0.005,0.003,0.004,1,0.000,0.000,0.000,0,4,0,0
58,0.480,0.480,0.471,0.003,0.002,0.004,1,0.000,0.000,0.000,0,4,0,0
59,0.803,0.803,0.790,0.004,0.003,0.006,1,0.000,0.000,0.000,0,4,0,0
60,0.520,0.520,0.510,0.003,0.002,0.004,1,0.000,0.000,0.000,0,4,0,0
61,0.472,0.472,0.462,0.003,0.002,0.004,1,0.000,0.000,0.000,0,4,0,0
62,0.603,0.603,0.593,0.003,0.002,0.005,1,0.000,0.000,0.000,0,4,0,0
63,0.477,0.477,0.467,0.003,0.002,0.004,1,0.000,0.000,0.000,0,4,0,0
64,0.647,0.647,0.638,0.003,0.002,0.004,1,0.000,0.000,0.000,0,4,0,0
65,0.519,0.519,0.509,0.003,0.003,0.005,1,0.000,0.000,0.000,0,4,0,0
66,0.483,0.483,0.473,0.003,0.002,0.004,1,0.000,0.000,0.000,0,4,0,0
67,0.441,0.441,0.431,0.003,0.002,0.004,1,0.000,0.000,0.000,0,4,0,0
68,0.519,0.519,0.509,0.003,0.002,0.006,1,0.000,0.000,0.000,0,4,0,0
69,0.442,0.442,0.433,0.003,0.002,0.005,1,0.000,0.000,0.000,0,4,0,0
70,0.470,0.470,0.461,0.003,0.002,0.004,1,0.000,0.000,0.000,0,4,0,0
71,0.482,0.482,0.473,0.003,0.002,0.005,1,0.000,0.000,0.000,0,4,0,0
72,0.473,0.473,0.464,0.003,0.002,0.004,1,0.000,0.000,0.000,0,4,0,0
73,0.438,0.438,0.429,0.003,0.002,0.004,1,0.000,0.000,0.000,0,4,0,0
74,0.510,0.510,0.500,0.003,0.002,0.005,1,0.000,0.000,0.000,0,4,0,0
75,0.438,0.438,0.428,0.003,0.002,0.004,1,0.000,0.000,0.000,0,4,0,0
76,0.467,0.467,0.458,0.003,0.002,0.004,1,0.000,0.000,0.000,0,4,0,0
77,0.482,0.482,0.472,0.003,0.002,0.005,1,0.000,0.000,0.000,0,4,0,0
78,0.600,0.600,0.590,0.003,0.002,0.004,1,0.000,0.000,0.000,0,4,0,0
79,1.111,1.111,1.068,0.015,0.011,0.017,1,0.000,0.000,0.000,0,4,0,0
80,0.332,0.332,0.319,0.004,0.002,0.007,1,0.000,0.000,0.000,0,4,0,0
81,0.311,0.311,0.300,0.003,0.002,0.005,1,0.000,0.000,0.000,0,4,0,0
82,0.267,0.267,0.257,0.003,0.002,0.005,1,0.000,0.000,0.000,0,4,0,0
83,0.269,0.269,0.258,0.003,0.002,0.007,1,0.000,0.000,0.000,0,4,0,0
84,0.585,0.585,0.564,0.003,0.008,0.010,1,0.000,0.000,0.000,0,4,0,0
85,0.749,0.749,0.735,0.006,0.003,0.005,1,0.000,0.000,0.000,0,4,0,0
86,0.512,0.512,0.500,0.003,0.002,0.006,1,0.000,0.000,0.000,0,4,0,0
87,0.487,0.487,0.477,0.003,0.002,0.004,1,0.000,0.000,0.000,0,4,0,0
88,0.444,0.444,0.434,0.003,0.002,0.004,1,0.000,0.000,0.000,0,4,0,0
89,0.517,0.517,0.507,0.003,0.002,0.005,1,0.000,0.000,0.000,0,4,0,0
90,0.445,0.445,0.436,0.003,0.002,0.004,1,0.000,0.000,0.000,0,4,0,0
91,0.473,0.473,0.464,0.003,0.002,0.004,1,0.000,0.000,0.000,0,4,0,0
92,0.486,0.486,0.476,0.003,0.002,0.005,1,0.000,0.000,0.000,0,4,0,0
93,0.588,0.588,0.579,0.003,0.002,0.004,1,0.000,0.000,0.000,0,4,0,0
94,0.459,0.459,0.449,0.003,0.002,0.005,1,0.000,0.000,0.000,0,4,0,0
95,0.524,0.524,0.514,0.003,0.002,0.005,1,0.000,0.000,0.000,0,4,0,0
96,0.442,0.442,0.432,0.003,0.002,0.005,1,0.000,0.000,0.000,0,4,0,0
97,0.469,0.469,0.460,0.003,0.002,0.004,1,0.000,0.000,0.000,0,4,0,0
98,0.489,0.489,0.479,0.003,0.002,0.005,1,0.000,0.000,0.000,0,4,0,0
99,0.472,0.472,0.463,0.003,0.002,0.004,1,0.000,0.000,0.000,0,4,0,0
100,0.437,0.437,0.428,0.003,0.002,0.004,1,0.000,0.000,0.000,0,4,0,0
101,0.514,0.514,0.504,0.003,0.002,0.005,1,0.000,0.000,0.000,0,4,0,0
102,0.993,0.993,0.982,0.004,0.003,0.005,1,0.000,0.000,0.000,0,4,0,0
103,0.542,0.542,0.531,0.003,0.002,0.006,1,0.000,0.000,0.000,0,4,0,0
104,0.479,0.479,0.470,0.003,0.002,0.004,1,0.000,0.000,0.000,0,4,0,0
105,0.441,0.441,0.432,0.003,0.002,0.004,1,0.000,0.000,0.000,0,4,0,0
106,0.511,0.511,0.501,0.003,0.002,0.005,1,0.000,0.000,0.000,0,4,0,0
107,0.439,0.439,0.428,0.003,0.002,0.005,1,0.000,0.000,0.000,0,4,0,0
108,0.471,0.471,0.462,0.003,0.002,0.004,1,0.000,0.000,0.000,0,4,0,0
109,0.479,0.479,0.469,0.003,0.002,0.005,1,0.000,0.000,0.000,0,4,0,0
110,0.467,0.467,0.458,0.003,0.002,0.004,1,0.000,0.000,0.000,0,4,0,0
111,0.504,0.504,0.493,0.003,0.002,0.005,1,0.000,0.000,0.000,0,4,0,0
112,0.527,0.527,0.517,0.003,0.002,0.005,1,0.000,0.000,0.000,0,4,0,0
113,0.442,0.442,0.432,0.003,0.002,0.004,1,0.000,0.000,0.000,0,4,0,0
114,0.574,0.574,0.565,0.003,0.002,0.004,1,0.000,0.000,0.000,0,4,0,0
115,5.284,5.284,5.255,0.012,0.009,0.008,1,0.000,0.000,0.000,0,4,0,0
116,0.570,0.570,0.555,0.005,0.005,0.005,1,0.000,0.000,0.000,0,4,0,0
117,0.525,0.525,0.502,0.005,0.004,0.014,1,0.000,0.000,0.000,0,4,0,0
118,0.285,0.285,0.273,0.003,0.002,0.006,1,0.000,0.000,0.000,0,4,0,0
119,0.367,0.367,0.357,0.004,0.002,0.005,1,0.000,0.000,0.000,0,4,0,0
120,0.258,0.258,0.249,0.003,0.002,0.005,1,0.000,0.000,0.000,0,4,0,0
121,0.254,0.254,0.243,0.002,0.002,0.006,1,0.000,0.000,0.000,0,4,0,0
122,0.245,0.245,0.236,0.003,0.002,0.005,1,0.000,0.000,0.000,0,4,0,0
123,0.242,0.242,0.233,0.002,0.002,0.005,1,0.000,0.000,0.000,0,4,0,0
124,0.246,0.246,0.236,0.002,0.001,0.006,1,0.000,0.000,0.000,0,4,0,0
125,0.242,0.242,0.234,0.002,0.002,0.004,1,0.000,0.000,0.000,0,4,0,0
126,0.241,0.241,0.233,0.002,0.002,0.004,1,0.000,0.000,0.000,0,4,0,0
127,0.246,0.246,0.236,0.003,0.002,0.006,1,0.000,0.000,0.000,0,4,0,0
128,0.241,0.241,0.231,0.002,0.002,0.005,1,0.000,0.000,0.000,0,4,0,0
129,0.242,0.242,0.233,0.003,0.002,0.005,1,0.000,0.000,0.000,0,4,0,0
130,0.244,0.244,0.234,0.003,0.002,0.006,1,0.000,0.000,0.000,0,4,0,0
131,0.241,0.241,0.232,0.002,0.002,0.005,1,0.000,0.000,0.000,0,4,0,0
132,0.240,0.240,0.232,0.002,0.002,0.005,1,0.000,0.000,0.000,0,4,0,0
133,0.245,0.245,0.235,0.002,0.002,0.005,1,0.000,0.000,0.000,0,4,0,0
134,0.240,0.240,0.231,0.002,0.002,0.005,1,0.000,0.000,0.000,0,4,0,0
135,0.241,0.241,0.232,0.002,0.002,0.005,1,0.000,0.000,0.000,0,4,0,0
136,0.244,0.244,0.235,0.002,0.002,0.006,1,0.000,0.000,0.000,0,4,0,0
137,0.241,0.241,0.233,0.003,0.002,0.004,1,0.000,0.000,0.000,0,4,0,0
138,0.240,0.240,0.231,0.003,0.002,0.004,1,0.000,0.000,0.000,0,4,0,0
139,0.245,0.245,0.235,0.002,0.002,0.006,1,0.000,0.000,0.000,0,4,0,0
140,0.240,0.240,0.231,0.002,0.002,0.004,1,0.000,0.000,0.000,0,4,0,0
141,0.240,0.240,0.231,0.002,0.002,0.004,1,0.000,0.000,0.000,0,4,0,0
142,0.244,0.244,0.235,0.002,0.002,0.005,1,0.000,0.000,0.000,0,4,0,0
143,0.324,0.324,0.314,0.003,0.002,0.005,1,0.000,0.000,0.000,0,4,0,0
144,0.248,0.248,0.239,0.002,0.002,0.005,1,0.000,0.000,0.000,0,4,0,0
145,0.247,0.247,0.237,0.003,0.002,0.006,1,0.000,0.000,0.000,0,4,0,0
146,0.241,0.241,0.232,0.002,0.002,0.005,1,0.000,0.000,0.000,0,4,0,0
147,0.242,0.242,0.233,0.003,0.002,0.005,1,0.000,0.000,0.000,0,4,0,0
148,0.246,0.246,0.236,0.002,0.002,0.006,1,0.000,0.000,0.000,0,4,0,0
149,0.243,0.243,0.234,0.003,0.002,0.005,1,0.000,0.000,0.000,0,4,0,0
150,0.241,0.241,0.232,0.003,0.002,0.005,1,0.000,0.000,0.000,0,4,0,0
151,0.243,0.243,0.234,0.002,0.002,0.005,1,0.000,0.000,0.000,0,4,0,0
152,0.433,0.433,0.423,0.002,0.002,0.005,1,0.000,0.000,0.000,0,4,0,0
153,0.300,0.300,0.289,0.003,0.003,0.006,1,0.000,0.000,0.000,0,4,0,0
154,0.276,0.276,0.264,0.002,0.002,0.007,1,0.000,0.000,0.000,0,4,0,0
155,1.020,1.020,1.011,0.003,0.002,0.005,1,0.000,0.000,0.000,0,4,0,0
156,0.347,0.347,0.333,0.004,0.004,0.006,1,0.000,0.000,0.000,0,4,0,0
157,0.278,0.278,0.267,0.003,0.002,0.006,1,0.000,0.000,0.000,0,4,0,0
158,0.254,0.254,0.245,0.002,0.002,0.005,1,0.000,0.000,0.000,0,4,0,0
159,0.248,0.248,0.240,0.003,0.002,0.005,1,0.000,0.000,0.000,0,4,0,0
160,0.248,0.248,0.238,0.002,0.002,0.006,1,0.000,0.000,0.000,0,4,0,0
161,0.243,0.243,0.234,0.002,0.002,0.005,1,0.000,0.000,0.000,0,4,0,0
162,0.243,0.243,0.234,0.002,0.002,0.005,1,0.000,0.000,0.000,0,4,0,0
163,0.245,0.245,0.235,0.002,0.002,0.006,1,0.000,0.000,0.000,0,4,0,0
164,0.241,0.241,0.232,0.002,0.002,0.005,1,0.000,0.000,0.000,0,4,0,0
165,0.240,0.240,0.232,0.002,0.002,0.005,1,0.000,0.000,0.000,0,4,0,0
166,0.247,0.247,0.236,0.003,0.002,0.006,1,0.000,0.000,0.000,0,4,0,0
167,0.501,0.501,0.481,0.006,0.005,0.008,1,0.000,0.000,0.000,0,4,0,0
168,0.346,0.346,0.333,0.004,0.003,0.006,1,0.000,0.000,0.000,0,4,0,0
169,0.260,0.260,0.250,0.003,0.002,0.005,1,0.000,0.000,0.000,0,4,0,0
170,0.720,0.720,0.703,0.005,0.004,0.007,1,0.000,0.000,0.000,0,4,0,0
171,0.578,0.578,0.567,0.004,0.002,0.004,1,0.000,0.000,0.000,0,4,0,0
172,0.484,0.484,0.473,0.003,0.002,0.005,1,0.000,0.000,0.000,0,4,0,0
173,0.432,0.432,0.423,0.003,0.002,0.004,1,0.000,0.000,0.000,0,4,0,0
174,0.322,0.322,0.312,0.003,0.002,0.004,1,0.000,0.000,0.000,0,4,0,0
175,0.517,0.517,0.497,0.006,0.005,0.009,1,0.000,0.000,0.000,0,4,0,0
176,0.279,0.279,0.269,0.003,0.002,0.005,1,0.000,0.000,0.000,0,4,0,0
177,0.257,0.257,0.248,0.003,0.002,0.005,1,0.000,0.000,0.000,0,4,0,0
178,0.253,0.253,0.243,0.002,0.002,0.006,1,0.000,0.000,0.000,0,4,0,0
179,0.328,0.328,0.318,0.003,0.002,0.005,1,0.000,0.000,0.000,0,4,0,0
180,0.254,0.254,0.245,0.003,0.002,0.005,1,0.000,0.000,0.000,0,4,0,0
181,0.250,0.250,0.240,0.003,0.002,0.005,1,0.000,0.000,0.000,0,4,0,0
182,0.243,0.243,0.234,0.003,0.002,0.005,1,0.000,0.000,0.000,0,4,0,0
183,0.243,0.243,0.234,0.003,0.001,0.005,1,0.000,0.000,0.000,0,4,0,0
184,0.256,0.256,0.246,0.003,0.002,0.006,1,0.000,0.000,0.000,0,4,0,0
185,0.249,0.249,0.241,0.002,0.002,0.005,1,0.000,0.000,0.000,0,4,0,0
186,0.246,0.246,0.237,0.002,0.002,0.005,1,0.000,0.000,0.000,0,4,0,0
187,0.257,0.257,0.247,0.003,0.002,0.005,1,0.000,0.000,0.000,0,4,0,0
188,0.243,0.243,0.234,0.002,0.002,0.004,1,0.000,0.000,0.000,0,4,0,0
189,0.241,0.241,0.232,0.002,0.002,0.005,1,0.000,0.000,0.000,0,4,0,0
190,0.246,0.246,0.237,0.002,0.002,0.005,1,0.000,0.000,0.000,0,4,0,0
191,0.244,0.244,0.235,0.003,0.002,0.005,1,0.000,0.000,0.000,0,4,0,0
192,0.474,0.474,0.465,0.002,0.002,0.004,1,0.000,0.000,0.000,0,4,0,0
193,0.266,0.266,0.255,0.003,0.002,0.006,1,0.000,0.000,0.000,0,4,0,0
194,0.249,0.249,0.240,0.002,0.002,0.005,1,0.000,0.000,0.000,0,4,0,0
195,0.247,0.247,0.239,0.002,0.002,0.005,1,0.000,0.000,0.000,0,4,0,0
196,0.249,0.249,0.239,0.002,0.002,0.005,1,0.000,0.000,0.000,0,4,0,0
197,0.243,0.243,0.235,0.002,0.002,0.005,1,0.000,0.000,0.000,0,4,0,0
198,0.243,0.243,0.234,0.002,0.002,0.004,1,0.000,0.000,0.000,0,4,0,0
199,0.318,0.318,0.308,0.003,0.002,0.006,1,0.000,0.000,0.000,0,4,0,0
200,0.263,0.263,0.253,0.003,0.002,0.005,1,0.000,0.000,0.000,0,4,0,0
201,0.250,0.250,0.241,0.003,0.002,0.005,1,0.000,0.000,0.000,0,4,0,0
202,0.249,0.249,0.239,0.002,0.002,0.006,1,0.000,0.000,0.000,0,4,0,0
203,0.244,0.244,0.236,0.002,0.002,0.005,1,0.000,0.000,0.000,0,4,0,0
204,0.246,0.246,0.236,0.003,0.002,0.005,1,0.000,0.000,0.000,0,4,0,0
205,0.241,0.241,0.233,0.003,0.002,0.004,1,0.000,0.000,0.000,0,4,0,0
206,0.240,0.240,0.232,0.002,0.002,0.004,1,0.000,0.000,0.000,0,4,0,0
207,0.303,0.303,0.292,0.003,0.002,0.006,1,0.000,0.000,0.000,0,4,0,0
208,0.249,0.249,0.239,0.003,0.002,0.005,1,0.000,0.000,0.000,0,4,0,0
209,0.245,0.245,0.236,0.003,0.002,0.005,1,0.000,0.000,0.000,0,4,0,0
210,0.247,0.247,0.237,0.002,0.002,0.006,1,0.000,0.000,0.000,0,4,0,0
211,0.265,0.265,0.256,0.003,0.002,0.005,1,0.000,0.000,0.000,0,4,0,0
212,0.244,0.244,0.236,0.002,0.002,0.004,1,0.000,0.000,0.000,0,4,0,0
213,0.246,0.246,0.236,0.003,0.002,0.005,1,0.000,0.000,0.000,0,4,0,0
214,0.243,0.243,0.234,0.003,0.002,0.005,1,0.000,0.000,0.000,0,4,0,0
215,0.240,0.240,0.232,0.002,0.002,0.004,1,0.000,0.000,0.000,0,4,0,0
216,0.244,0.244,0.234,0.002,0.002,0.005,1,0.000,0.000,0.000,0,4,0,0
217,0.242,0.242,0.233,0.003,0.002,0.005,1,0.000,0.000,0.000,0,4,0,0
218,0.240,0.240,0.231,0.002,0.002,0.004,1,0.000,0.000,0.000,0,4,0,0
219,0.260,0.260,0.249,0.003,0.002,0.006,1,0.000,0.000,0.000,0,8,0,0
220,0.250,0.250,0.240,0.004,0.002,0.004,1,0.000,0.000,0.000,0,8,0,0
221,0.249,0.249,0.240,0.003,0.002,0.005,1,0.000,0.000,0.000,0,8,0,0
222,0.252,0.252,0.242,0.003,0.002,0.005,1,0.000,0.000,0.000,0,8,0,0
223,0.251,0.251,0.242,0.003,0.002,0.004,1,0.000,0.000,0.000,0,8,0,0
224,0.249,0.249,0.240,0.003,0.002,0.004,1,0.000,0.000,0.000,0,8,0,0
225,0.252,0.252,0.241,0.004,0.002,0.006,1,0.000,0.000,0.000,0,8,0,0
226,0.249,0.249,0.239,0.004,0.002,0.005,1,0.000,0.000,0.000,0,8,0,0
227,0.250,0.250,0.240,0.004,0.002,0.005,1,0.000,0.000,0.000,0,8,0,0
228,0.254,0.254,0.243,0.003,0.002,0.006,1,0.000,0.000,0.000,0,8,0,0
229,0.249,0.249,0.240,0.003,0.002,0.005,1,0.000,0.000,0.000,0,8,0,0
230,0.249,0.249,0.239,0.003,0.002,0.004,1,0.000,0.000,0.000,0,8,0,0
231,0.251,0.251,0.241,0.003,0.002,0.005,1,0.000,0.000,0.000,0,8,0,0
232,0.249,0.249,0.239,0.003,0.002,0.005,1,0.000,0.000,0.000,0,8,0,0
233,0.251,0.251,0.241,0.004,0.002,0.004,1,0.000,0.000,0.000,0,8,0,0
234,0.254,0.254,0.244,0.004,0.002,0.006,1,0.000,0.000,0.000,0,8,0,0
235,0.249,0.249,0.239,0.004,0.002,0.005,1,0.000,0.000,0.000,0,8,0,0
236,0.249,0.249,0.239,0.004,0.002,0.005,1,0.000,0.000,0.000,0,8,0,0
237,0.511,0.511,0.500,0.003,0.002,0.006,1,0.000,0.000,0.000,0,8,0,0
238,0.456,0.456,0.440,0.005,0.004,0.007,1,0.000,0.000,0.000,0,8,0,0
239,0.579,0.579,0.565,0.005,0.003,0.005,1,0.000,0.000,0.000,0,8,0,0
240,0.416,0.416,0.400,0.005,0.003,0.007,1,0.000,0.000,0.000,0,8,0,0
241,0.277,0.277,0.266,0.004,0.002,0.005,1,0.000,0.000,0.000,0,8,0,0
242,0.260,0.260,0.249,0.004,0.002,0.005,1,0.000,0.000,0.000,0,8,0,0
243,0.258,0.258,0.248,0.004,0.002,0.005,1,0.000,0.000,0.000,0,8,0,0
244,0.254,0.254,0.244,0.003,0.002,0.005,1,0.000,0.000,0.000,0,8,0,0
245,0.251,0.251,0.242,0.003,0.002,0.005,1,0.000,0.000,0.000,0,8,0,0
246,0.256,0.256,0.245,0.003,0.002,0.006,1,0.000,0.000,0.000,0,8,0,0
247,0.250,0.250,0.241,0.003,0.002,0.005,1,0.000,0.000,0.000,0,8,0,0
248,0.250,0.250,0.241,0.003,0.002,0.005,1,0.000,0.000,0.000,0,8,0,0
249,0.251,0.251,0.241,0.004,0.002,0.005,1,0.000,0.000,0.000,0,8,0,0
250,0.250,0.250,0.241,0.004,0.002,0.004,1,0.000,0.000,0.000,0,8,0,0
251,0.248,0.248,0.238,0.003,0.002,0.005,1,0.000,0.000,0.000,0,8,0,0
252,0.252,0.252,0.241,0.004,0.002,0.006,1,0.000,0.000,0.000,0,8,0,0
253,0.248,0.248,0.238,0.004,0.002,0.005,1,0.000,0.000,0.000,0,8,0,0
254,0.247,0.247,0.237,0.004,0.002,0.005,1,0.000,0.000,0.000,0,8,0,0
255,0.252,0.252,0.241,0.003,0.002,0.006,1,0.000,0.000,0.000,0,8,0,0
256,0.246,0.246,0.236,0.003,0.002,0.004,1,0.000,0.000,0.000,0,8,0,0
257,0.247,0.247,0.238,0.004,0.002,0.005,1,0.000,0.000,0.000,0,8,0,0
258,0.251,0.251,0.240,0.003,0.002,0.006,1,0.000,0.000,0.000,0,8,0,0
259,0.247,0.247,0.237,0.003,0.002,0.005,1,0.000,0.000,0.000,0,8,0,0
260,0.246,0.246,0.236,0.004,0.002,0.005,1,0.000,0.000,0.000,0,8,0,0
261,0.250,0.250,0.240,0.003,0.002,0.005,1,0.000,0.000,0.000,0,8,0,0
262,0.247,0.247,0.238,0.003,0.002,0.005,1,0.000,0.000,0.000,0,8,0,0
263,0.246,0.246,0.237,0.003,0.002,0.005,1,0.000,0.000,0.000,0,8,0,0
264,0.251,0.251,0.241,0.003,0.002,0.006,1,0.000,0.000,0.000,0,8,0,0
265,0.246,0.246,0.237,0.003,0.002,0.004,1,0.000,0.000,0.000,0,8,0,0
266,0.248,0.248,0.238,0.003,0.002,0.005,1,0.000,0.000,0.000,0,8,0,0
267,0.251,0.251,0.241,0.003,0.002,0.006,1,0.000,0.000,0.000,0,8,0,0
268,0.249,0.249,0.239,0.004,0.002,0.004,1,0.000,0.000,0.000,0,8,0,0
269,0.247,0.247,0.237,0.004,0.002,0.005,1,0.000,0.000,0.000,0,8,0,0
270,0.251,0.251,0.241,0.003,0.002,0.005,1,0.000,0.000,0.000,0,8,0,0
271,0.305,0.305,0.294,0.004,0.002,0.005,1,0.000,0.000,0.000,0,8,0,0
272,0.252,0.252,0.242,0.004,0.002,0.005,1,0.000,0.000,0.000,0,8,0,0
273,0.254,0.254,0.242,0.004,0.002,0.006,1,0.000,0.000,0.000,0,8,0,0
274,0.265,0.265,0.255,0.004,0.002,0.005,1,0.000,0.000,0.000,0,8,0,0
275,0.251,0.251,0.241,0.004,0.002,0.005,1,0.000,0.000,0.000,0,8,0,0
276,0.546,0.546,0.530,0.006,0.003,0.007,1,0.000,0.000,0.000,0,8,0,0
277,0.723,0.723,0.707,0.005,0.004,0.008,1,0.000,0.000,0.000,0,8,0,0
278,0.341,0.341,0.329,0.005,0.002,0.005,1,0.000,0.000,0.000,0,8,0,0
279,0.456,0.456,0.439,0.006,0.005,0.007,1,0.000,0.000,0.000,0,8,0,0
280,0.278,0.278,0.267,0.004,0.002,0.005,1,0.000,0.000,0.000,0,8,0,0
281,0.262,0.262,0.252,0.003,0.002,0.005,1,0.000,0.000,0.000,0,8,0,0
282,0.258,0.258,0.247,0.003,0.002,0.006,1,0.000,0.000,0.000,0,8,0,0
283,0.252,0.252,0.243,0.003,0.002,0.004,1,0.000,0.000,0.000,0,8,0,0
284,0.248,0.248,0.238,0.003,0.002,0.005,1,0.000,0.000,0.000,0,8,0,0
285,0.252,0.252,0.241,0.004,0.002,0.005,1,0.000,0.000,0.000,0,8,0,0
286,0.247,0.247,0.238,0.003,0.002,0.004,1,0.000,0.000,0.000,0,8,0,0
287,0.249,0.249,0.240,0.003,0.002,0.005,1,0.000,0.000,0.000,0,8,0,0
288,0.252,0.252,0.242,0.004,0.002,0.005,1,0.000,0.000,0.000,0,8,0,0
289,0.247,0.247,0.238,0.003,0.002,0.005,1,0.000,0.000,0.000,0,8,0,0
290,0.245,0.245,0.236,0.004,0.002,0.005,1,0.000,0.000,0.000,0,8,0,0
291,0.251,0.251,0.240,0.003,0.002,0.006,1,0.000,0.000,0.000,0,8,0,0
292,0.248,0.248,0.238,0.003,0.002,0.004,1,0.000,0.000,0.000,0,8,0,0
293,0.246,0.246,0.237,0.004,0.002,0.004,1,0.000,0.000,0.000,0,8,0,0
294,0.251,0.251,0.241,0.003,0.002,0.005,1,0.000,0.000,0.000,0,8,0,0
295,0.247,0.247,0.237,0.003,0.002,0.005,1,0.000,0.000,0.000,0,8,0,0
296,0.245,0.245,0.235,0.003,0.002,0.005,1,0.000,0.000,0.000,0,8,0,0
297,0.250,0.250,0.239,0.003,0.002,0.006,1,0.000,0.000,0.000,0,8,0,0
298,0.247,0.247,0.237,0.003,0.002,0.004,1,0.000,0.000,0.000,0,8,0,0
299,0.319,0.319,0.309,0.004,0.002,0.005,1,0.000,0.000,0.000,0,8,0,0
300,0.261,0.261,0.249,0.004,0.002,0.006,1,0.000,0.000,0.000,0,8,0,0
301,0.251,0.251,0.241,0.004,0.002,0.005,1,0.000,0.000,0.000,0,8,0,0
302,0.253,0.253,0.243,0.003,0.002,0.006,1,0.000,0.000,0.000,0,8,0,0
303,0.248,0.248,0.238,0.003,0.002,0.005,1,0.000,0.000,0.000,0,8,0,0
304,0.305,0.305,0.294,0.004,0.002,0.005,1,0.000,0.000,0.000,0,8,0,0
305,0.259,0.259,0.248,0.004,0.002,0.005,1,0.000,0.000,0.000,0,8,0,0
306,0.252,0.252,0.242,0.003,0.002,0.004,1,0.000,0.000,0.000,0,8,0,0
307,0.249,0.249,0.240,0.004,0.002,0.005,1,0.000,0.000,0.000,0,8,0,0
308,0.253,0.253,0.242,0.003,0.002,0.006,1,0.000,0.000,0.000,0,8,0,0
309,0.247,0.247,0.237,0.004,0.002,0.005,1,0.000,0.000,0.000,0,8,0,0
310,0.361,0.361,0.345,0.003,0.002,0.010,1,0.000,0.000,0.000,0,8,0,0
311,0.324,0.324,0.313,0.003,0.002,0.006,1,0.000,0.000,0.000,0,8,0,0
312,0.323,0.323,0.311,0.004,0.002,0.005,1,0.000,0.000,0.000,0,8,0,0
313,0.263,0.263,0.253,0.004,0.002,0.005,1,0.000,0.000,0.000,0,8,0,0
314,0.260,0.260,0.249,0.004,0.002,0.005,1,0.000,0.000,0.000,0,8,0,0
315,0.250,0.250,0.240,0.003,0.002,0.005,1,0.000,0.000,0.000,0,8,0,0
316,0.252,0.252,0.243,0.003,0.001,0.004,1,0.000,0.000,0.000,0,8,0,0
317,0.276,0.276,0.265,0.003,0.002,0.006,1,0.000,0.000,0.000,0,8,0,0
318,0.254,0.254,0.245,0.003,0.002,0.005,1,0.000,0.000,0.000,0,8,0,0
319,0.522,0.522,0.511,0.004,0.002,0.005,1,0.000,0.000,0.000,0,8,0,0
320,0.322,0.322,0.311,0.004,0.002,0.005,1,0.000,0.000,0.000,0,8,0,0
321,0.479,0.479,0.463,0.006,0.004,0.006,1,0.000,0.000,0.000,0,8,0,0
322,0.282,0.282,0.272,0.004,0.002,0.005,1,0.000,0.000,0.000,0,8,0,0
323,0.284,0.284,0.273,0.004,0.002,0.006,1,0.000,0.000,0.000,0,8,0,0
324,0.787,0.787,0.770,0.004,0.004,0.008,1,0.000,0.000,0.000,0,8,0,0
325,0.395,0.395,0.379,0.005,0.004,0.007,1,0.000,0.000,0.000,0,8,0,0
326,0.286,0.286,0.273,0.005,0.002,0.006,1,0.000,0.000,0.000,0,8,0,0
327,0.265,0.265,0.255,0.004,0.002,0.005,1,0.000,0.000,0.000,0,8,0,0
328,0.255,0.255,0.245,0.004,0.002,0.005,1,0.000,0.000,0.000,0,8,0,0
329,0.258,0.258,0.247,0.003,0.002,0.005,1,0.000,0.000,0.000,0,8,0,0
330,0.252,0.252,0.242,0.004,0.002,0.005,1,0.000,0.000,0.000,0,8,0,0
331,0.251,0.251,0.242,0.003,0.002,0.005,1,0.000,0.000,0.000,0,8,0,0
332,0.254,0.254,0.243,0.003,0.002,0.005,1,0.000,0.000,0.000,0,8,0,0
333,0.249,0.249,0.239,0.004,0.002,0.005,1,0.000,0.000,0.000,0,8,0,0
334,0.249,0.249,0.239,0.003,0.002,0.005,1,0.000,0.000,0.000,0,8,0,0
335,0.256,0.256,0.245,0.003,0.002,0.006,1,0.000,0.000,0.000,0,8,0,0
336,0.249,0.249,0.240,0.003,0.002,0.005,1,0.000,0.000,0.000,0,8,0,0
337,0.249,0.249,0.239,0.004,0.002,0.005,1,0.000,0.000,0.000,0,8,0,0
338,0.254,0.254,0.244,0.003,0.002,0.005,1,0.000,0.000,0.000,0,8,0,0
339,0.246,0.246,0.237,0.003,0.002,0.005,1,0.000,0.000,0.000,0,8,0,0
340,0.249,0.249,0.239,0.003,0.002,0.004,1,0.000,0.000,0.000,0,8,0,0
341,0.254,0.254,0.243,0.003,0.002,0.006,1,0.000,0.000,0.000,0,8,0,0
342,39.336,39.336,39.298,0.012,0.009,0.016,1,0.000,0.000,0.000,0,4,0,0
343,0.553,0.553,0.541,0.004,0.002,0.006,1,0.000,0.000,0.000,0,4,0,0
344,0.288,0.288,0.276,0.004,0.002,0.007,1,0.000,0.000,0.000,0,4,0,0
345,0.261,0.261,0.252,0.003,0.002,0.005,1,0.000,0.000,0.000,0,4,0,0
346,0.254,0.254,0.245,0.003,0.002,0.005,1,0.000,0.000,0.000,0,4,0,0
347,0.249,0.249,0.240,0.002,0.002,0.005,1,0.000,0.000,0.000,0,4,0,0
348,0.247,0.247,0.237,0.003,0.002,0.005,1,0.000,0.000,0.000,0,4,0,0
349,0.244,0.244,0.236,0.002,0.002,0.005,1,0.000,0.000,0.000,0,4,0,0
350,0.246,0.246,0.237,0.003,0.002,0.006,1,0.000,0.000,0.000,0,4,0,0
351,0.242,0.242,0.234,0.003,0.002,0.004,1,0.000,0.000,0.000,0,4,0,0
352,0.241,0.241,0.233,0.002,0.002,0.004,1,0.000,0.000,0.000,0,4,0,0
353,0.246,0.246,0.235,0.002,0.002,0.006,1,0.000,0.000,0.000,0,4,0,0
354,0.242,0.242,0.234,0.002,0.002,0.004,1,0.000,0.000,0.000,0,4,0,0
355,0.241,0.241,0.233,0.002,0.002,0.004,1,0.000,0.000,0.000,0,4,0,0
356,0.245,0.245,0.235,0.002,0.002,0.005,1,0.000,0.000,0.000,0,4,0,0
357,0.241,0.241,0.232,0.002,0.002,0.005,1,0.000,0.000,0.000,0,4,0,0
358,0.283,0.283,0.274,0.002,0.002,0.004,1,0.000,0.000,0.000,0,4,0,0
359,0.773,0.773,0.752,0.008,0.005,0.009,1,0.000,0.000,0.000,0,4,0,0
360,0.433,0.433,0.419,0.005,0.003,0.007,1,0.000,0.000,0.000,0,4,0,0
361,0.285,0.285,0.274,0.003,0.002,0.005,1,0.000,0.000,0.000,0,4,0,0
362,0.276,0.276,0.264,0.004,0.002,0.007,1,0.000,0.000,0.000,0,4,0,0
363,0.261,0.261,0.251,0.002,0.002,0.005,1,0.000,0.000,0.000,0,4,0,0
364,0.258,0.258,0.249,0.003,0.002,0.005,1,0.000,0.000,0.000,0,4,0,0
365,0.259,0.259,0.249,0.002,0.002,0.006,1,0.000,0.000,0.000,0,4,0,0
366,0.253,0.253,0.244,0.002,0.002,0.005,1,0.000,0.000,0.000,0,4,0,0
367,0.256,0.256,0.247,0.002,0.002,0.005,1,0.000,0.000,0.000,0,4,0,0
368,0.256,0.256,0.246,0.002,0.002,0.005,1,0.000,0.000,0.000,0,4,0,0
369,0.249,0.249,0.240,0.002,0.002,0.005,1,0.000,0.000,0.000,0,4,0,0
370,0.250,0.250,0.241,0.002,0.002,0.005,1,0.000,0.000,0.000,0,4,0,0
371,0.257,0.257,0.247,0.002,0.002,0.006,1,0.000,0.000,0.000,0,4,0,0
372,0.252,0.252,0.243,0.002,0.002,0.005,1,0.000,0.000,0.000,0,4,0,0
373,0.250,0.250,0.241,0.002,0.002,0.005,1,0.000,0.000,0.000,0,4,0,0
374,0.250,0.250,0.240,0.002,0.002,0.005,1,0.000,0.000,0.000,0,4,0,0
375,0.242,0.242,0.234,0.002,0.002,0.004,1,0.000,0.000,0.000,0,4,0,0
376,0.242,0.242,0.233,0.002,0.002,0.004,1,0.000,0.000,0.000,0,4,0,0
377,0.245,0.245,0.235,0.003,0.002,0.006,1,0.000,0.000,0.000,0,4,0,0
378,0.241,0.241,0.232,0.003,0.002,0.004,1,0.000,0.000,0.000,0,4,0,0
379,0.242,0.242,0.233,0.002,0.002,0.005,1,0.000,0.000,0.000,0,4,0,0
380,0.259,0.259,0.249,0.002,0.002,0.006,1,0.000,0.000,0.000,0,4,0,0
381,0.244,0.244,0.236,0.002,0.002,0.004,1,0.000,0.000,0.000,0,4,0,0
382,0.243,0.243,0.235,0.002,0.002,0.005,1,0.000,0.000,0.000,0,4,0,0
383,0.249,0.249,0.239,0.002,0.002,0.005,1,0.000,0.000,0.000,0,4,0,0
384,0.242,0.242,0.234,0.003,0.002,0.004,1,0.000,0.000,0.000,0,4,0,0
385,0.478,0.478,0.469,0.002,0.002,0.005,1,0.000,0.000,0.000,0,4,0,0
386,0.275,0.275,0.264,0.003,0.002,0.006,1,0.000,0.000,0.000,0,4,0,0
387,0.264,0.264,0.254,0.003,0.002,0.005,1,0.000,0.000,0.000,0,4,0,0
388,0.256,0.256,0.247,0.002,0.002,0.005,1,0.000,0.000,0.000,0,4,0,0
389,0.263,0.263,0.252,0.003,0.002,0.007,1,0.000,0.000,0.000,0,4,0,0
390,0.257,0.257,0.248,0.003,0.002,0.005,1,0.000,0.000,0.000,0,4,0,0
391,0.253,0.253,0.244,0.002,0.002,0.005,1,0.000,0.000,0.000,0,4,0,0
392,0.257,0.257,0.247,0.003,0.002,0.006,1,0.000,0.000,0.000,0,4,0,0
393,0.251,0.251,0.242,0.002,0.002,0.005,1,0.000,0.000,0.000,0,4,0,0
394,0.253,0.253,0.244,0.002,0.002,0.005,1,0.000,0.000,0.000,0,4,0,0
395,0.255,0.255,0.245,0.002,0.002,0.005,1,0.000,0.000,0.000,0,4,0,0
396,0.253,0.253,0.244,0.002,0.002,0.005,1,0.000,0.000,0.000,0,4,0,0
397,0.249,0.249,0.240,0.002,0.002,0.005,1,0.000,0.000,0.000,0,4,0,0
398,0.255,0.255,0.245,0.002,0.002,0.006,1,0.000,0.000,0.000,0,4,0,0
399,0.253,0.253,0.244,0.002,0.002,0.005,1,0.000,0.000,0.000,0,4,0,0
400,0.250,0.250,0.241,0.002,0.002,0.005,1,0.000,0.000,0.000,0,4,0,0
401,0.256,0.256,0.245,0.003,0.002,0.006,1,0.000,0.000,0.000,0,4,0,0
402,0.252,0.252,0.243,0.002,0.002,0.005,1,0.000,0.000,0.000,0,4,0,0
403,0.268,0.268,0.258,0.003,0.002,0.006,1,0.000,0.000,0.000,0,4,0,0
404,0.257,0.257,0.247,0.003,0.002,0.005,1,0.000,0.000,0.000,0,4,0,0
405,0.252,0.252,0.243,0.003,0.002,0.005,1,0.000,0.000,0.000,0,4,0,0
406,0.357,0.357,0.345,0.003,0.002,0.006,1,0.000,0.000,0.000,0,4,0,0
407,1.097,1.097,1.068,0.011,0.007,0.011,1,0.000,0.000,0.000,0,4,0,0
408,0.494,0.494,0.477,0.005,0.004,0.008,1,0.000,0.000,0.000,0,4,0,0
409,0.283,0.283,0.271,0.003,0.003,0.006,1,0.000,0.000,0.000,0,4,0,0
410,0.257,0.257,0.247,0.003,0.002,0.005,1,0.000,0.000,0.000,0,4,0,0
411,0.247,0.247,0.239,0.002,0.002,0.004,1,0.000,0.000,0.000,0,4,0,0
412,0.248,0.248,0.238,0.003,0.002,0.005,1,0.000,0.000,0.000,0,4,0,0
413,0.243,0.243,0.234,0.002,0.002,0.005,1,0.000,0.000,0.000,0,4,0,0
414,0.243,0.243,0.234,0.003,0.002,0.005,1,0.000,0.000,0.000,0,4,0,0
415,0.248,0.248,0.238,0.002,0.002,0.006,1,0.000,0.000,0.000,0,4,0,0
416,0.241,0.241,0.233,0.002,0.002,0.005,1,0.000,0.000,0.000,0,4,0,0
417,0.239,0.239,0.231,0.002,0.002,0.004,1,0.000,0.000,0.000,0,4,0,0
418,0.245,0.245,0.236,0.002,0.002,0.005,1,0.000,0.000,0.000,0,4,0,0
419,0.601,0.601,0.588,0.005,0.003,0.006,1,0.000,0.000,0.000,0,4,0,0
420,0.387,0.387,0.374,0.004,0.003,0.006,1,0.000,0.000,0.000,0,4,0,0
421,0.266,0.266,0.256,0.003,0.002,0.005,1,0.000,0.000,0.000,0,4,0,0
422,0.251,0.251,0.242,0.003,0.002,0.005,1,0.000,0.000,0.000,0,4,0,0
423,0.533,0.533,0.524,0.002,0.002,0.005,1,0.000,0.000,0.000,0,4,0,0
424,0.442,0.442,0.427,0.004,0.003,0.008,1,0.000,0.000,0.000,0,4,0,0
425,0.292,0.292,0.282,0.003,0.002,0.005,1,0.000,0.000,0.000,0,4,0,0
426,0.257,0.257,0.247,0.003,0.002,0.005,1,0.000,0.000,0.000,0,4,0,0
427,0.253,0.253,0.243,0.003,0.002,0.006,1,0.000,0.000,0.000,0,4,0,0
428,0.281,0.281,0.271,0.003,0.002,0.005,1,0.000,0.000,0.000,0,4,0,0
429,0.249,0.249,0.241,0.002,0.002,0.004,1,0.000,0.000,0.000,0,4,0,0
430,0.250,0.250,0.240,0.003,0.002,0.005,1,0.000,0.000,0.000,0,4,0,0
431,0.318,0.318,0.308,0.003,0.002,0.005,1,0.000,0.000,0.000,0,4,0,0
432,0.250,0.250,0.240,0.002,0.002,0.005,1,0.000,0.000,0.000,0,4,0,0
433,0.250,0.250,0.240,0.002,0.002,0.006,1,0.000,0.000,0.000,0,4,0,0
434,0.278,0.278,0.268,0.003,0.002,0.006,1,0.000,0.000,0.000,0,4,0,0
435,0.264,0.264,0.254,0.003,0.002,0.006,1,0.000,0.000,0.000,0,4,0,0
436,0.261,0.261,0.251,0.002,0.002,0.006,1,0.000,0.000,0.000,0,4,0,0
437,0.262,0.262,0.252,0.002,0.002,0.006,1,0.000,0.000,0.000,0,4,0,0
438,0.257,0.257,0.247,0.002,0.002,0.005,1,0.000,0.000,0.000,0,4,0,0
439,0.260,0.260,0.249,0.002,0.002,0.007,1,0.000,0.000,0.000,0,4,0,0
440,0.256,0.256,0.247,0.002,0.002,0.005,1,0.000,0.000,0.000,0,4,0,0
441,0.255,0.255,0.246,0.002,0.002,0.005,1,0.000,0.000,0.000,0,4,0,0
442,0.259,0.259,0.248,0.002,0.002,0.007,1,0.000,0.000,0.000,0,4,0,0
443,0.254,0.254,0.245,0.002,0.002,0.005,1,0.000,0.000,0.000,0,4,0,0
444,0.260,0.260,0.250,0.002,0.002,0.006,1,0.000,0.000,0.000,0,4,0,0
445,0.262,0.262,0.251,0.003,0.002,0.007,1,0.000,0.000,0.000,0,4,0,0
446,0.256,0.256,0.247,0.002,0.002,0.005,1,0.000,0.000,0.000,0,4,0,0
447,0.253,0.253,0.244,0.002,0.002,0.005,1,0.000,0.000,0.000,0,4,0,0
448,0.257,0.257,0.247,0.002,0.002,0.006,1,0.000,0.000,0.000,0,4,0,0
449,0.255,0.255,0.245,0.002,0.002,0.006,1,0.000,0.000,0.000,0,4,0,0
450,0.253,0.253,0.244,0.002,0.002,0.005,1,0.000,0.000,0.000,0,4,0,0
451,0.263,0.263,0.252,0.002,0.002,0.007,1,0.000,0.000,0.000,0,4,0,0
452,0.254,0.254,0.245,0.003,0.002,0.005,1,0.000,0.000,0.000,0,4,0,0
453,0.251,0.251,0.242,0.003,0.002,0.005,1,0.000,0.000,0.000,0,4,0,0
454,0.259,0.259,0.248,0.003,0.002,0.006,1,0.000,0.000,0.000,0,4,0,0
455,0.253,0.253,0.244,0.003,0.002,0.005,1,0.000,0.000,0.000,0,4,0,0
456,0.253,0.253,0.244,0.002,0.002,0.005,1,0.000,0.000,0.000,0,4,0,0
457,0.259,0.259,0.249,0.003,0.002,0.006,1,0.000,0.000,0.000,0,4,0,0
458,0.254,0.254,0.245,0.002,0.002,0.005,1,0.000,0.000,0.000,0,4,0,0
459,0.253,0.253,0.243,0.002,0.002,0.005,1,0.000,0.000,0.000,0,4,0,0
460,0.257,0.257,0.247,0.002,0.002,0.006,1,0.000,0.000,0.000,0,4,0,0
461,0.294,0.294,0.285,0.002,0.002,0.005,1,0.000,0.000,0.000,0,4,0,0
462,0.262,0.262,0.253,0.003,0.002,0.005,1,0.000,0.000,0.000,0,4,0,0
463,0.442,0.442,0.428,0.004,0.002,0.009,1,0.000,0.000,0.000,0,4,0,0
464,0.287,0.287,0.276,0.003,0.002,0.006,1,0.000,0.000,0.000,0,4,0,0
465,0.730,0.730,0.716,0.004,0.003,0.007,1,0.000,0.000,0.000,0,4,0,0
466,0.298,0.298,0.286,0.003,0.002,0.007,1,0.000,0.000,0.000,0,4,0,0
467,0.266,0.266,0.256,0.003,0.002,0.005,1,0.000,0.000,0.000,0,4,0,0
468,0.262,0.262,0.252,0.003,0.002,0.006,1,0.000,0.000,0.000,0,4,0,0
469,0.265,0.265,0.253,0.002,0.002,0.007,1,0.000,0.000,0.000,0,4,0,0
470,0.258,0.258,0.249,0.003,0.002,0.005,1,0.000,0.000,0.000,0,4,0,0
471,0.254,0.254,0.245,0.003,0.002,0.005,1,0.000,0.000,0.000,0,4,0,0
472,0.256,0.256,0.246,0.002,0.002,0.006,1,0.000,0.000,0.000,0,4,0,0
473,0.251,0.251,0.243,0.003,0.002,0.004,1,0.000,0.000,0.000,0,4,0,0
474,0.255,0.255,0.245,0.002,0.002,0.006,1,0.000,0.000,0.000,0,4,0,0
475,0.257,0.257,0.246,0.002,0.002,0.006,1,0.000,0.000,0.000,0,4,0,0
476,0.252,0.252,0.243,0.002,0.002,0.005,1,0.000,0.000,0.000,0,4,0,0
477,0.252,0.252,0.243,0.003,0.002,0.005,1,0.000,0.000,0.000,0,4,0,0
478,0.257,0.257,0.246,0.002,0.002,0.006,1,0.000,0.000,0.000,0,4,0,0
479,0.337,0.337,0.327,0.003,0.002,0.005,1,0.000,0.000,0.000,0,4,0,0
480,0.261,0.261,0.251,0.003,0.002,0.005,1,0.000,0.000,0.000,0,4,0,0
481,0.261,0.261,0.251,0.003,0.002,0.006,1,0.000,0.000,0.000,0,4,0,0
482,0.254,0.254,0.245,0.003,0.002,0.005,1,0.000,0.000,0.000,0,4,0,0
483,0.253,0.253,0.244,0.002,0.002,0.005,1,0.000,0.000,0.000,0,4,0,0
484,0.255,0.255,0.245,0.002,0.002,0.006,1,0.000,0.000,0.000,0,4,0,0
485,0.253,0.253,0.244,0.003,0.002,0.005,1,0.000,0.000,0.000,0,4,0,0
486,0.270,0.270,0.261,0.003,0.002,0.005,1,0.000,0.000,0.000,0,4,0,0
487,0.264,0.264,0.253,0.002,0.002,0.007,1,0.000,0.000,0.000,0,4,0,0
488,0.256,0.256,0.247,0.003,0.002,0.005,1,0.000,0.000,0.000,0,4,0,0
489,0.255,0.255,0.246,0.003,0.002,0.004,1,0.000,0.000,0.000,0,4,0,0
490,0.256,0.256,0.246,0.003,0.002,0.006,1,0.000,0.000,0.000,0,4,0,0
491,0.252,0.252,0.243,0.002,0.002,0.005,1,0.000,0.000,0.000,0,4,0,0
492,0.256,0.256,0.247,0.002,0.002,0.005,1,0.000,0.000,0.000,0,4,0,0
493,0.256,0.256,0.245,0.003,0.002,0.006,1,0.000,0.000,0.000,0,4,0,0
494,0.251,0.251,0.243,0.002,0.002,0.005,1,0.000,0.000,0.000,0,4,0,0
495,0.306,0.306,0.296,0.003,0.002,0.006,1,0.000,0.000,0.000,0,4,0,0
496,0.261,0.261,0.250,0.003,0.002,0.007,1,0.000,0.000,0.000,0,4,0,0
497,0.253,0.253,0.244,0.003,0.002,0.005,1,0.000,0.000,0.000,0,4,0,0
498,0.254,0.254,0.245,0.003,0.002,0.005,1,0.000,0.000,0.000,0,4,0,0
499,0.257,0.257,0.247,0.002,0.002,0.006,1,0.000,0.000,0.000,0,4,0,0
500,0.253,0.253,0.244,0.002,0.002,0.005,1,0.000,0.000,0.000,0,4,0,0
501,0.253,0.253,0.245,0.002,0.002,0.005,1,0.000,0.000,0.000,0,4,0,0
502,0.255,0.255,0.245,0.003,0.002,0.006,1,0.000,0.000,0.000,0,4,0,0
503,0.253,0.253,0.244,0.002,0.002,0.005,1,0.000,0.000,0.000,0,4,0,0
504,0.267,0.267,0.257,0.003,0.002,0.006,1,0.000,0.000,0.000,0,4,0,0
505,0.255,0.255,0.246,0.003,0.002,0.005,1,0.000,0.000,0.000,0,4,0,0
506,0.253,0.253,0.244,0.002,0.002,0.005,1,0.000,0.000,0.000,0,4,0,0
507,0.641,0.641,0.631,0.002,0.002,0.006,1,0.000,0.000,0.000,0,4,0,0
508,0.295,0.295,0.283,0.003,0.002,0.006,1,0.000,0.000,0.000,0,4,0,0
509,0.262,0.262,0.253,0.003,0.002,0.005,1,0.000,0.000,0.000,0,4,0,0
510,0.255,0.255,0.245,0.003,0.002,0.006,1,0.000,0.000,0.000,0,4,0,0
511,0.249,0.249,0.240,0.003,0.002,0.004,1,0.000,0.000,0.000,0,4,0,0
512,0.243,0.243,0.234,0.003,0.002,0.004,1,0.000,0.000,0.000,0,4,0,0
513,0.248,0.248,0.238,0.002,0.002,0.006,1,0.000,0.000,0.000,0,4,0,0
514,0.241,0.241,0.233,0.002,0.002,0.004,1,0.000,0.000,0.000,0,4,0,0
515,0.241,0.241,0.232,0.003,0.002,0.004,1,0.000,0.000,0.000,0,4,0,0
516,0.244,0.244,0.235,0.002,0.002,0.005,1,0.000,0.000,0.000,0,4,0,0
517,0.430,0.430,0.408,0.002,0.008,0.011,1,0.000,0.000,0.000,0,4,0,0
518,0.316,0.316,0.305,0.003,0.003,0.006,1,0.000,0.000,0.000,0,4,0,0
519,0.260,0.260,0.250,0.003,0.002,0.006,1,0.000,0.000,0.000,0,4,0,0
520,0.247,0.247,0.238,0.003,0.002,0.004,1,0.000,0.000,0.000,0,4,0,0
521,0.244,0.244,0.236,0.002,0.002,0.005,1,0.000,0.000,0.000,0,4,0,0
522,0.258,0.258,0.247,0.004,0.002,0.006,1,0.000,0.000,0.000,0,8,0,0
523,0.251,0.251,0.241,0.003,0.002,0.005,1,0.000,0.000,0.000,0,8,0,0
524,0.573,0.573,0.554,0.009,0.004,0.006,1,0.000,0.000,0.000,0,8,0,0
525,0.354,0.354,0.340,0.005,0.003,0.007,1,0.000,0.000,0.000,0,8,0,0
526,0.262,0.262,0.252,0.004,0.002,0.004,1,0.000,0.000,0.000,0,8,0,0
527,0.256,0.256,0.246,0.003,0.002,0.005,1,0.000,0.000,0.000,0,8,0,0
528,0.257,0.257,0.246,0.003,0.002,0.005,1,0.000,0.000,0.000,0,8,0,0
529,0.253,0.253,0.243,0.003,0.002,0.005,1,0.000,0.000,0.000,0,8,0,0
530,0.249,0.249,0.240,0.003,0.002,0.004,1,0.000,0.000,0.000,0,8,0,0
531,0.254,0.254,0.243,0.003,0.002,0.006,1,0.000,0.000,0.000,0,8,0,0
532,0.248,0.248,0.238,0.003,0.002,0.005,1,0.000,0.000,0.000,0,8,0,0
533,0.247,0.247,0.238,0.003,0.002,0.004,1,0.000,0.000,0.000,0,8,0,0
534,0.251,0.251,0.241,0.003,0.002,0.005,1,0.000,0.000,0.000,0,8,0,0
535,0.248,0.248,0.239,0.003,0.002,0.005,1,0.000,0.000,0.000,0,8,0,0
536,0.248,0.248,0.239,0.003,0.002,0.004,1,0.000,0.000,0.000,0,8,0,0
537,0.253,0.253,0.242,0.003,0.002,0.006,1,0.000,0.000,0.000,0,8,0,0
538,0.248,0.248,0.238,0.004,0.002,0.005,1,0.000,0.000,0.000,0,8,0,0
539,0.311,0.311,0.301,0.004,0.002,0.005,1,0.000,0.000,0.000,0,8,0,0
540,0.261,0.261,0.250,0.003,0.002,0.006,1,0.000,0.000,0.000,0,8,0,0
541,0.253,0.253,0.243,0.004,0.002,0.005,1,0.000,0.000,0.000,0,8,0,0
542,0.248,0.248,0.239,0.003,0.002,0.005,1,0.000,0.000,0.000,0,8,0,0
543,0.256,0.256,0.246,0.003,0.002,0.005,1,0.000,0.000,0.000,0,8,0,0
544,0.262,0.262,0.252,0.003,0.002,0.005,1,0.000,0.000,0.000,0,8,0,0
545,0.251,0.251,0.242,0.003,0.002,0.004,1,0.000,0.000,0.000,0,8,0,0
546,0.254,0.254,0.244,0.003,0.002,0.005,1,0.000,0.000,0.000,0,8,0,0
547,0.269,0.269,0.259,0.004,0.002,0.005,1,0.000,0.000,0.000,0,8,0,0
548,0.254,0.254,0.244,0.003,0.002,0.005,1,0.000,0.000,0.000,0,8,0,0
549,0.590,0.590,0.572,0.006,0.003,0.008,1,0.000,0.000,0.000,0,8,0,0
550,0.380,0.380,0.365,0.005,0.003,0.006,1,0.000,0.000,0.000,0,8,0,0
551,0.272,0.272,0.261,0.004,0.002,0.005,1,0.000,0.000,0.000,0,8,0,0
552,0.266,0.266,0.255,0.004,0.002,0.006,1,0.000,0.000,0.000,0,8,0,0
553,8.774,8.774,8.741,0.011,0.008,0.014,1,0.000,0.000,0.000,0,8,0,0
554,0.388,0.388,0.376,0.005,0.003,0.005,1,0.000,0.000,0.000,0,8,0,0
555,0.283,0.283,0.272,0.004,0.002,0.006,1,0.000,0.000,0.000,0,8,0,0
556,0.262,0.262,0.252,0.004,0.002,0.005,1,0.000,0.000,0.000,0,8,0,0
557,0.254,0.254,0.243,0.004,0.002,0.005,1,0.000,0.000,0.000,0,8,0,0
558,0.693,0.693,0.681,0.003,0.002,0.006,1,0.000,0.000,0.000,0,8,0,0
559,0.447,0.447,0.435,0.004,0.002,0.005,1,0.000,0.000,0.000,0,8,0,0
560,0.630,0.630,0.607,0.008,0.005,0.010,1,0.000,0.000,0.000,0,8,0,0
561,0.301,0.301,0.288,0.005,0.002,0.006,1,0.000,0.000,0.000,0,8,0,0
562,0.266,0.266,0.255,0.004,0.002,0.005,1,0.000,0.000,0.000,0,8,0,0
563,0.257,0.257,0.247,0.004,0.002,0.005,1,0.000,0.000,0.000,0,8,0,0
564,0.256,0.256,0.245,0.004,0.002,0.006,1,0.000,0.000,0.000,0,8,0,0
565,0.251,0.251,0.241,0.004,0.002,0.005,1,0.000,0.000,0.000,0,8,0,0
566,0.250,0.250,0.240,0.003,0.002,0.005,1,0.000,0.000,0.000,0,8,0,0
567,0.254,0.254,0.244,0.003,0.002,0.006,1,0.000,0.000,0.000,0,8,0,0
568,0.247,0.247,0.237,0.003,0.002,0.005,1,0.000,0.000,0.000,0,8,0,0
569,0.248,0.248,0.239,0.003,0.002,0.004,1,0.000,0.000,0.000,0,8,0,0
570,0.251,0.251,0.241,0.003,0.002,0.005,1,0.000,0.000,0.000,0,8,0,0
571,0.247,0.247,0.237,0.003,0.002,0.004,1,0.000,0.000,0.000,0,8,0,0
572,0.253,0.253,0.242,0.003,0.002,0.005,1,0.000,0.000,0.000,0,8,0,0
573,0.258,0.258,0.248,0.003,0.002,0.006,1,0.000,0.000,0.000,0,8,0,0
574,0.249,0.249,0.240,0.003,0.002,0.004,1,0.000,0.000,0.000,0,8,0,0
575,0.251,0.251,0.241,0.003,0.002,0.005,1,0.000,0.000,0.000,0,8,0,0
576,0.252,0.252,0.241,0.003,0.002,0.006,1,0.000,0.000,0.000,0,8,0,0
577,0.250,0.250,0.240,0.003,0.002,0.004,1,0.000,0.000,0.000,0,8,0,0
578,0.249,0.249,0.239,0.004,0.002,0.004,1,0.000,0.000,0.000,0,8,0,0
579,0.252,0.252,0.241,0.003,0.002,0.006,1,0.000,0.000,0.000,0,8,0,0
580,0.246,0.246,0.237,0.003,0.002,0.004,1,0.000,0.000,0.000,0,8,0,0
581,0.248,0.248,0.239,0.003,0.002,0.004,1,0.000,0.000,0.000,0,8,0,0
582,0.251,0.251,0.240,0.003,0.002,0.006,1,0.000,0.000,0.000,0,8,0,0
583,0.249,0.249,0.239,0.004,0.002,0.005,1,0.000,0.000,0.000,0,8,0,0
584,0.249,0.249,0.239,0.003,0.002,0.005,1,0.000,0.000,0.000,0,8,0,0
585,0.253,0.253,0.242,0.003,0.002,0.006,1,0.000,0.000,0.000,0,8,0,0
586,0.247,0.247,0.238,0.003,0.002,0.004,1,0.000,0.000,0.000,0,8,0,0
587,0.247,0.247,0.238,0.003,0.002,0.004,1,0.000,0.000,0.000,0,8,0,0
588,0.251,0.251,0.241,0.003,0.002,0.005,1,0.000,0.000,0.000,0,8,0,0
589,0.248,0.248,0.239,0.003,0.002,0.004,1,0.000,0.000,0.000,0,8,0,0
590,0.249,0.249,0.239,0.004,0.002,0.005,1,0.000,0.000,0.000,0,8,0,0
591,0.253,0.253,0.242,0.003,0.002,0.006,1,0.000,0.000,0.000,0,8,0,0
592,0.247,0.247,0.237,0.003,0.002,0.005,1,0.000,0.000,0.000,0,8,0,0
593,0.249,0.249,0.239,0.003,0.002,0.004,1,0.000,0.000,0.000,0,8,0,0
594,0.253,0.253,0.242,0.003,0.002,0.006,1,0.000,0.000,0.000,0,8,0,0
595,0.249,0.249,0.239,0.004,0.002,0.005,1,0.000,0.000,0.000,0,8,0,0
596,0.260,0.260,0.250,0.003,0.002,0.005,1,0.000,0.000,0.000,0,8,0,0
597,0.255,0.255,0.245,0.003,0.002,0.005,1,0.000,0.000,0.000,0,8,0,0
598,0.249,0.249,0.239,0.003,0.002,0.005,1,0.000,0.000,0.000,0,8,0,0
599,0.821,0.821,0.804,0.006,0.004,0.008,1,0.000,0.000,0.000,0,8,0,0
600,0.369,0.369,0.356,0.005,0.002,0.006,1,0.000,0.000,0.000,0,8,0,0
601,0.481,0.481,0.465,0.005,0.004,0.006,1,0.000,0.000,0.000,0,8,0,0
602,0.284,0.284,0.272,0.004,0.002,0.006,1,0.000,0.000,0.000,0,8,0,0
603,0.262,0.262,0.252,0.004,0.002,0.005,1,0.000,0.000,0.000,0,8,0,0
604,0.255,0.255,0.245,0.004,0.002,0.005,1,0.000,0.000,0.000,0,8,0,0
605,0.256,0.256,0.245,0.003,0.002,0.005,1,0.000,0.000,0.000,0,8,0,0
606,0.252,0.252,0.242,0.003,0.002,0.004,1,0.000,0.000,0.000,0,8,0,0
607,0.253,0.253,0.243,0.004,0.002,0.005,1,0.000,0.000,0.000,0,8,0,0
608,0.253,0.253,0.242,0.004,0.002,0.005,1,0.000,0.000,0.000,0,8,0,0
609,0.249,0.249,0.240,0.003,0.002,0.005,1,0.000,0.000,0.000,0,8,0,0
610,0.248,0.248,0.238,0.003,0.002,0.005,1,0.000,0.000,0.000,0,8,0,0
611,0.253,0.253,0.243,0.003,0.002,0.006,1,0.000,0.000,0.000,0,8,0,0
612,0.252,0.252,0.242,0.003,0.002,0.005,1,0.000,0.000,0.000,0,8,0,0
613,0.935,0.935,0.919,0.006,0.003,0.007,1,0.000,0.000,0.000,0,8,0,0
614,0.479,0.479,0.467,0.005,0.002,0.005,1,0.000,0.000,0.000,0,8,0,0
615,0.472,0.472,0.462,0.004,0.002,0.004,1,0.000,0.000,0.000,0,8,0,0
616,0.436,0.436,0.426,0.004,0.002,0.004,1,0.000,0.000,0.000,0,8,0,0
617,0.423,0.423,0.412,0.005,0.002,0.004,1,0.000,0.000,0.000,0,8,0,0
618,0.446,0.446,0.436,0.004,0.002,0.004,1,0.000,0.000,0.000,0,8,0,0
619,0.419,0.419,0.409,0.004,0.002,0.004,1,0.000,0.000,0.000,0,8,0,0
620,0.420,0.420,0.408,0.004,0.002,0.005,1,0.000,0.000,0.000,0,8,0,0
621,0.497,0.497,0.481,0.006,0.004,0.007,1,0.000,0.000,0.000,0,8,0,0
622,0.478,0.478,0.464,0.005,0.003,0.005,1,0.000,0.000,0.000,0,8,0,0
623,0.470,0.470,0.460,0.004,0.002,0.004,1,0.000,0.000,0.000,0,8,0,0
624,0.471,0.471,0.461,0.004,0.002,0.004,1,0.000,0.000,0.000,0,8,0,0
625,0.427,0.427,0.418,0.004,0.002,0.004,1,0.000,0.000,0.000,0,8,0,0
626,0.421,0.421,0.411,0.004,0.002,0.005,1,0.000,0.000,0.000,0,8,0,0
627,0.467,0.467,0.452,0.006,0.003,0.006,1,0.000,0.000,0.000,0,8,0,0
628,0.630,0.630,0.617,0.005,0.003,0.005,1,0.000,0.000,0.000,0,8,0,0
629,0.427,0.427,0.415,0.004,0.002,0.006,1,0.000,0.000,0.000,0,8,0,0
630,0.494,0.494,0.478,0.006,0.003,0.006,1,0.000,0.000,0.000,0,8,0,0
631,0.317,0.317,0.306,0.004,0.002,0.005,1,0.000,0.000,0.000,0,8,0,0
632,0.306,0.306,0.295,0.004,0.002,0.006,1,0.000,0.000,0.000,0,8,0,0
633,0.298,0.298,0.288,0.004,0.002,0.005,1,0.000,0.000,0.000,0,8,0,0
634,0.293,0.293,0.283,0.004,0.002,0.005,1,0.000,0.000,0.000,0,8,0,0
635,0.297,0.297,0.285,0.004,0.002,0.006,1,0.000,0.000,0.000,0,8,0,0
636,0.291,0.291,0.281,0.004,0.002,0.004,1,0.000,0.000,0.000,0,8,0,0
637,0.292,0.292,0.282,0.004,0.002,0.005,1,0.000,0.000,0.000,0,8,0,0
638,0.296,0.296,0.285,0.004,0.002,0.006,1,0.000,0.000,0.000,0,8,0,0
639,0.294,0.294,0.283,0.004,0.002,0.005,1,0.000,0.000,0.000,0,8,0,0
640,0.289,0.289,0.279,0.004,0.002,0.005,1,0.000,0.000,0.000,0,8,0,0
641,0.312,0.312,0.285,0.019,0.002,0.005,1,0.000,0.000,0.000,0,8,0,0
642,0.294,0.294,0.284,0.004,0.002,0.005,1,0.000,0.000,0.000,0,8,0,0
643,0.290,0.290,0.279,0.004,0.002,0.004,1,0.000,0.000,0.000,0,8,0,0
644,0.294,0.294,0.283,0.003,0.002,0.006,1,0.000,0.000,0.000,0,8,0,0
645,0.257,0.257,0.247,0.004,0.002,0.005,1,0.000,0.000,0.000,0,8,0,0
646,0.254,0.254,0.244,0.004,0.002,0.004,1,0.000,0.000,0.000,0,8,0,0
647,0.257,0.257,0.246,0.003,0.002,0.006,1,0.000,0.000,0.000,0,8,0,0
648,0.254,0.254,0.244,0.004,0.002,0.005,1,0.000,0.000,0.000,0,8,0,0
649,0.252,0.252,0.242,0.004,0.002,0.005,1,0.000,0.000,0.000,0,8,0,0
650,0.257,0.257,0.247,0.003,0.002,0.006,1,0.000,0.000,0.000,0,8,0,0
651,0.254,0.254,0.244,0.003,0.002,0.005,1,0.000,0.000,0.000,0,8,0,0
652,0.252,0.252,0.242,0.003,0.002,0.005,1,0.000,0.000,0.000,0,8,0,0
653,0.256,0.256,0.246,0.003,0.002,0.005,1,0.000,0.000,0.000,0,8,0,0
654,0.253,0.253,0.244,0.003,0.002,0.005,1,0.000,0.000,0.000,0,8,0,0
655,0.253,0.253,0.243,0.003,0.002,0.005,1,0.000,0.000,0.000,0,8,0,0
656,0.256,0.256,0.245,0.003,0.002,0.006,1,0.000,0.000,0.000,0,8,0,0
657,0.254,0.254,0.244,0.004,0.002,0.005,1,0.000,0.000,0.000,0,8,0,0
658,0.263,0.263,0.253,0.004,0.002,0.005,1,0.000,0.000,0.000,0,8,0,0
659,0.324,0.324,0.312,0.004,0.002,0.006,1,0.000,0.000,0.000,0,8,0,0
660,0.261,0.261,0.251,0.004,0.002,0.005,1,0.000,0.000,0.000,0,8,0,0
661,0.251,0.251,0.242,0.003,0.002,0.005,1,0.000,0.000,0.000,0,4,0,0
662,0.242,0.242,0.232,0.002,0.002,0.005,1,0.000,0.000,0.000,0,4,0,0
663,0.234,0.234,0.224,0.003,0.002,0.005,1,0.000,0.000,0.000,0,4,0,0
664,0.230,0.230,0.221,0.002,0.002,0.005,1,0.000,0.000,0.000,0,4,0,0
665,0.234,0.234,0.224,0.002,0.002,0.005,1,0.000,0.000,0.000,0,4,0,0
666,0.231,0.231,0.222,0.002,0.002,0.004,1,0.000,0.000,0.000,0,4,0,0
667,0.231,0.231,0.223,0.002,0.002,0.004,1,0.000,0.000,0.000,0,4,0,0
668,0.235,0.235,0.226,0.002,0.002,0.005,1,0.000,0.000,0.000,0,4,0,0
669,0.557,0.557,0.548,0.002,0.002,0.006,1,0.000,0.000,0.000,0,4,0,0
670,0.343,0.343,0.334,0.003,0.002,0.004,1,0.000,0.000,0.000,0,4,0,0
671,0.997,0.997,0.984,0.004,0.003,0.006,1,0.000,0.000,0.000,0,4,0,0
672,0.518,0.518,0.497,0.007,0.005,0.010,1,0.000,0.000,0.000,0,4,0,0
673,0.270,0.270,0.260,0.003,0.002,0.005,1,0.000,0.000,0.000,0,4,0,0
674,0.252,0.252,0.241,0.003,0.002,0.006,1,0.000,0.000,0.000,0,4,0,0
675,0.271,0.271,0.261,0.003,0.002,0.005,1,0.000,0.000,0.000,0,4,0,0
676,0.263,0.263,0.253,0.003,0.002,0.004,1,0.000,0.000,0.000,0,4,0,0
677,0.242,0.242,0.232,0.003,0.002,0.005,1,0.000,0.000,0.000,0,4,0,0
678,0.265,0.265,0.256,0.003,0.002,0.005,1,0.000,0.000,0.000,0,4,0,0
679,0.236,0.236,0.228,0.002,0.002,0.004,1,0.000,0.000,0.000,0,4,0,0
680,0.238,0.238,0.228,0.002,0.002,0.006,1,0.000,0.000,0.000,0,4,0,0
681,0.234,0.234,0.225,0.002,0.002,0.005,1,0.000,0.000,0.000,0,4,0,0
682,0.232,0.232,0.224,0.002,0.002,0.005,1,0.000,0.000,0.000,0,4,0,0
683,0.234,0.234,0.224,0.002,0.002,0.006,1,0.000,0.000,0.000,0,4,0,0
684,0.230,0.230,0.221,0.002,0.002,0.004,1,0.000,0.000,0.000,0,4,0,0
685,0.230,0.230,0.222,0.002,0.002,0.004,1,0.000,0.000,0.000,0,4,0,0
686,0.234,0.234,0.225,0.002,0.002,0.005,1,0.000,0.000,0.000,0,4,0,0
687,0.288,0.288,0.278,0.003,0.002,0.005,1,0.000,0.000,0.000,0,4,0,0
688,0.237,0.237,0.228,0.002,0.002,0.005,1,0.000,0.000,0.000,0,4,0,0
689,0.237,0.237,0.228,0.002,0.002,0.006,1,0.000,0.000,0.000,0,4,0,0
690,0.233,0.233,0.224,0.002,0.002,0.005,1,0.000,0.000,0.000,0,4,0,0
691,0.231,0.231,0.222,0.003,0.002,0.005,1,0.000,0.000,0.000,0,4,0,0
692,0.234,0.234,0.224,0.002,0.002,0.006,1,0.000,0.000,0.000,0,4,0,0
693,0.240,0.240,0.231,0.003,0.002,0.005,1,0.000,0.000,0.000,0,4,0,0
694,0.241,0.241,0.233,0.002,0.002,0.004,1,0.000,0.000,0.000,0,4,0,0
695,0.245,0.245,0.235,0.002,0.002,0.006,1,0.000,0.000,0.000,0,4,0,0
696,0.241,0.241,0.232,0.002,0.002,0.004,1,0.000,0.000,0.000,0,4,0,0
697,0.242,0.242,0.233,0.002,0.002,0.005,1,0.000,0.000,0.000,0,4,0,0
698,0.249,0.249,0.239,0.002,0.002,0.006,1,0.000,0.000,0.000,0,4,0,0
699,0.578,0.578,0.569,0.002,0.002,0.005,1,0.000,0.000,0.000,0,4,0,0
700,0.456,0.456,0.447,0.003,0.002,0.004,1,0.000,0.000,0.000,0,4,0,0
701,0.506,0.506,0.495,0.003,0.002,0.006,1,0.000,0.000,0.000,0,4,0,0
702,0.335,0.335,0.326,0.003,0.002,0.004,1,0.000,0.000,0.000,0,4,0,0
703,0.536,0.536,0.517,0.006,0.005,0.008,1,0.000,0.000,0.000,0,4,0,0
704,0.273,0.273,0.264,0.003,0.002,0.005,1,0.000,0.000,0.000,0,4,0,0
705,0.246,0.246,0.237,0.003,0.002,0.005,1,0.000,0.000,0.000,0,4,0,0
706,0.599,0.599,0.588,0.003,0.002,0.006,1,0.000,0.000,0.000,0,4,0,0
707,0.413,0.413,0.399,0.004,0.004,0.006,1,0.000,0.000,0.000,0,4,0,0
708,0.262,0.262,0.252,0.003,0.002,0.005,1,0.000,0.000,0.000,0,4,0,0
709,0.250,0.250,0.239,0.003,0.002,0.006,1,0.000,0.000,0.000,0,4,0,0
710,0.239,0.239,0.230,0.003,0.002,0.005,1,0.000,0.000,0.000,0,4,0,0
711,0.238,0.238,0.229,0.002,0.002,0.004,1,0.000,0.000,0.000,0,4,0,0
712,0.239,0.239,0.230,0.003,0.002,0.006,1,0.000,0.000,0.000,0,4,0,0
713,0.264,0.264,0.256,0.002,0.002,0.005,1,0.000,0.000,0.000,0,4,0,0
714,0.236,0.236,0.227,0.002,0.002,0.005,1,0.000,0.000,0.000,0,4,0,0
715,0.237,0.237,0.228,0.003,0.001,0.005,1,0.000,0.000,0.000,0,4,0,0
716,0.266,0.266,0.257,0.002,0.002,0.004,1,0.000,0.000,0.000,0,4,0,0
717,0.236,0.236,0.227,0.002,0.002,0.004,1,0.000,0.000,0.000,0,4,0,0
718,0.237,0.237,0.227,0.002,0.002,0.006,1,0.000,0.000,0.000,0,4,0,0
719,0.575,0.575,0.561,0.004,0.003,0.007,1,0.000,0.000,0.000,0,4,0,0
720,0.376,0.376,0.362,0.004,0.004,0.006,1,0.000,0.000,0.000,0,4,0,0
721,0.256,0.256,0.246,0.003,0.002,0.006,1,0.000,0.000,0.000,0,4,0,0
722,0.240,0.240,0.231,0.003,0.002,0.005,1,0.000,0.000,0.000,0,4,0,0
723,2.718,2.718,2.692,0.011,0.005,0.009,1,0.000,0.000,0.000,0,12,0,0
724,1.461,1.461,1.279,0.007,0.004,0.170,1,0.000,0.000,0.000,0,12,0,0
725,1.136,1.136,1.072,0.008,0.003,0.052,1,0.000,0.000,0.000,0,12,0,0
726,1.201,1.201,1.143,0.009,0.004,0.045,1,0.000,0.000,0.000,0,12,0,0
727,1.401,1.401,1.339,0.007,0.002,0.052,1,0.000,0.000,0.000,0,12,0,0
728,1.264,1.264,1.208,0.009,0.004,0.044,1,0.000,0.000,0.000,0,12,0,0
729,0.944,0.944,0.895,0.006,0.003,0.040,1,0.000,0.000,0.000,0,12,0,0
730,0.941,0.941,0.880,0.006,0.002,0.052,1,0.000,0.000,0.000,0,12,0,0
731,0.917,0.917,0.868,0.006,0.002,0.040,1,0.000,0.000,0.000,0,12,0,0
732,0.914,0.914,0.865,0.006,0.002,0.040,1,0.000,0.000,0.000,0,12,0,0
733,0.929,0.929,0.868,0.006,0.002,0.052,1,0.000,0.000,0.000,0,12,0,0
734,0.914,0.914,0.865,0.006,0.002,0.040,1,0.000,0.000,0.000,0,12,0,0
735,0.913,0.913,0.865,0.006,0.002,0.040,1,0.000,0.000,0.000,0,12,0,0
736,0.926,0.926,0.865,0.006,0.002,0.053,1,0.000,0.000,0.000,0,12,0,0
737,0.911,0.911,0.863,0.006,0.002,0.040,1,0.000,0.000,0.000,0,12,0,0
738,1.266,1.266,1.217,0.006,0.002,0.041,1,0.000,0.000,0.000,0,12,0,0
739,1.221,1.221,1.151,0.008,0.004,0.058,1,0.000,0.000,0.000,0,12,0,0
740,0.950,0.950,0.900,0.007,0.002,0.040,1,0.000,0.000,0.000,0,12,0,0
741,0.925,0.925,0.877,0.006,0.002,0.040,1,0.000,0.000,0.000,0,12,0,0
742,0.931,0.931,0.871,0.006,0.002,0.052,1,0.000,0.000,0.000,0,12,0,0
743,0.914,0.914,0.865,0.006,0.002,0.040,1,0.000,0.000,0.000,0,12,0,0
744,0.914,0.914,0.866,0.006,0.002,0.040,1,0.000,0.000,0.000,0,12,0,0
745,0.931,0.931,0.870,0.006,0.002,0.053,1,0.000,0.000,0.000,0,12,0,0
746,0.914,0.914,0.865,0.006,0.002,0.040,1,0.000,0.000,0.000,0,12,0,0
747,0.912,0.912,0.863,0.006,0.002,0.040,1,0.000,0.000,0.000,0,12,0,0
748,0.927,0.927,0.867,0.006,0.002,0.052,1,0.000,0.000,0.000,0,12,0,0
749,0.926,0.926,0.877,0.006,0.002,0.040,1,0.000,0.000,0.000,0,12,0,0
750,1.058,1.058,1.009,0.006,0.002,0.040,1,0.000,0.000,0.000,0,12,0,0
751,1.011,1.011,0.950,0.007,0.003,0.052,1,0.000,0.000,0.000,0,12,0,0
752,0.924,0.924,0.876,0.006,0.002,0.040,1,0.000,0.000,0.000,0,12,0,0
753,0.913,0.913,0.865,0.006,0.002,0.040,1,0.000,0.000,0.000,0,12,0,0
754,0.932,0.932,0.872,0.006,0.002,0.052,1,0.000,0.000,0.000,0,12,0,0
755,0.912,0.912,0.864,0.006,0.002,0.040,1,0.000,0.000,0.000,0,12,0,0
756,1.439,1.439,1.380,0.009,0.004,0.046,1,0.000,0.000,0.000,0,12,0,0
757,1.106,1.106,1.039,0.008,0.004,0.055,1,0.000,0.000,0.000,0,12,0,0
758,0.949,0.949,0.900,0.006,0.002,0.041,1,0.000,0.000,0.000,0,12,0,0
759,0.930,0.930,0.882,0.006,0.002,0.040,1,0.000,0.000,0.000,0,12,0,0
760,0.996,0.996,0.937,0.006,0.002,0.052,1,0.000,0.000,0.000,0,12,0,0
761,0.944,0.944,0.896,0.006,0.003,0.040,1,0.000,0.000,0.000,0,12,0,0
762,1.762,1.762,1.704,0.009,0.005,0.045,1,0.000,0.000,0.000,0,12,0,0
763,0.998,0.998,0.934,0.006,0.003,0.055,1,0.000,0.000,0.000,0,12,0,0
764,1.018,1.018,0.969,0.006,0.002,0.040,1,0.000,0.000,0.000,0,12,0,0
765,0.937,0.937,0.888,0.006,0.002,0.040,1,0.000,0.000,0.000,0,12,0,0
766,0.932,0.932,0.872,0.006,0.002,0.052,1,0.000,0.000,0.000,0,12,0,0
767,0.916,0.916,0.868,0.006,0.002,0.040,1,0.000,0.000,0.000,0,12,0,0
768,0.912,0.912,0.863,0.006,0.002,0.040,1,0.000,0.000,0.000,0,12,0,0
769,0.927,0.927,0.867,0.006,0.002,0.052,1,0.000,0.000,0.000,0,12,0,0
770,0.914,0.914,0.866,0.006,0.002,0.040,1,0.000,0.000,0.000,0,12,0,0
771,0.929,0.929,0.880,0.006,0.002,0.040,1,0.000,0.000,0.000,0,12,0,0
772,0.929,0.929,0.869,0.006,0.002,0.053,1,0.000,0.000,0.000,0,12,0,0
773,1.023,1.023,0.973,0.007,0.002,0.041,1,0.000,0.000,0.000,0,12,0,0
774,1.306,1.306,1.243,0.011,0.005,0.047,1,0.000,0.000,0.000,0,12,0,0
775,0.983,0.983,0.921,0.006,0.003,0.053,1,0.000,0.000,0.000,0,12,0,0
776,0.935,0.935,0.887,0.006,0.002,0.040,1,0.000,0.000,0.000,0,12,0,0
777,0.925,0.925,0.876,0.006,0.002,0.040,1,0.000,0.000,0.000,0,12,0,0
778,0.931,0.931,0.871,0.006,0.002,0.052,1,0.000,0.000,0.000,0,12,0,0
779,1.000,1.000,0.951,0.006,0.003,0.040,1,0.000,0.000,0.000,0,12,0,0
780,0.918,0.918,0.870,0.006,0.002,0.040,1,0.000,0.000,0.000,0,12,0,0
781,0.932,0.932,0.871,0.006,0.002,0.053,1,0.000,0.000,0.000,0,12,0,0
782,0.915,0.915,0.866,0.006,0.002,0.040,1,0.000,0.000,0.000,0,12,0,0
783,0.916,0.916,0.868,0.006,0.002,0.040,1,0.000,0.000,0.000,0,12,0,0
784,1.594,1.594,1.532,0.006,0.003,0.053,1,0.000,0.000,0.000,0,12,0,0
785,1.003,1.003,0.953,0.007,0.003,0.041,1,0.000,0.000,0.000,0,12,0,0
786,0.932,0.932,0.883,0.006,0.002,0.041,1,0.000,0.000,0.000,0,12,0,0
787,0.932,0.932,0.873,0.005,0.002,0.051,1,0.000,0.000,0.000,0,12,0,0
788,0.917,0.917,0.869,0.006,0.002,0.040,1,0.000,0.000,0.000,0,12,0,0
789,0.913,0.913,0.865,0.006,0.002,0.040,1,0.000,0.000,0.000,0,12,0,0
790,0.928,0.928,0.867,0.006,0.002,0.053,1,0.000,0.000,0.000,0,12,0,0
791,0.911,0.911,0.863,0.006,0.002,0.040,1,0.000,0.000,0.000,0,12,0,0
792,0.914,0.914,0.866,0.006,0.002,0.040,1,0.000,0.000,0.000,0,12,0,0
793,0.925,0.925,0.864,0.006,0.002,0.052,1,0.000,0.000,0.000,0,12,0,0
794,0.928,0.928,0.880,0.006,0.002,0.040,1,0.000,0.000,0.000,0,12,0,0
795,0.914,0.914,0.866,0.006,0.002,0.040,1,0.000,0.000,0.000,0,12,0,0
796,0.928,0.928,0.868,0.006,0.002,0.052,1,0.000,0.000,0.000,0,12,0,0
797,0.910,0.910,0.862,0.006,0.002,0.040,1,0.000,0.000,0.000,0,12,0,0
798,0.912,0.912,0.864,0.006,0.002,0.040,1,0.000,0.000,0.000,0,12,0,0
799,0.931,0.931,0.870,0.006,0.002,0.053,1,0.000,0.000,0.000,0,12,0,0
800,0.913,0.913,0.864,0.006,0.002,0.040,1,0.000,0.000,0.000,0,12,0,0
801,0.912,0.912,0.863,0.006,0.002,0.040,1,0.000,0.000,0.000,0,12,0,0
802,0.927,0.927,0.868,0.006,0.002,0.052,1,0.000,0.000,0.000,0,12,0,0
803,0.910,0.910,0.862,0.006,0.002,0.040,1,0.000,0.000,0.000,0,12,0,0
804,0.941,0.941,0.880,0.007,0.002,0.052,1,0.000,0.000,0.000,0,16,0,0
805,0.934,0.934,0.885,0.007,0.002,0.040,1,0.000,0.000,0.000,0,16,0,0
806,0.922,0.922,0.872,0.007,0.002,0.040,1,0.000,0.000,0.000,0,16,0,0
807,0.936,0.936,0.874,0.007,0.002,0.053,1,0.000,0.000,0.000,0,16,0,0
808,1.409,1.409,1.346,0.011,0.005,0.046,1,0.000,0.000,0.000,0,16,0,0
809,1.287,1.287,1.230,0.009,0.004,0.044,1,0.000,0.000,0.000,0,16,0,0
810,1.214,1.214,1.146,0.009,0.004,0.055,1,0.000,0.000,0.000,0,16,0,0
811,0.964,0.964,0.913,0.008,0.003,0.040,1,0.000,0.000,0.000,0,16,0,0
812,0.948,0.948,0.898,0.007,0.002,0.041,1,0.000,0.000,0.000,0,16,0,0
813,0.954,0.954,0.892,0.007,0.002,0.053,1,0.000,0.000,0.000,0,16,0,0
814,0.934,0.934,0.884,0.007,0.002,0.041,1,0.000,0.000,0.000,0,16,0,0
815,0.929,0.929,0.880,0.007,0.002,0.040,1,0.000,0.000,0.000,0,16,0,0
816,0.936,0.936,0.875,0.007,0.002,0.052,1,0.000,0.000,0.000,0,16,0,0
817,0.918,0.918,0.869,0.007,0.002,0.040,1,0.000,0.000,0.000,0,16,0,0
818,0.934,0.934,0.884,0.007,0.002,0.040,1,0.000,0.000,0.000,0,16,0,0
819,0.936,0.936,0.875,0.007,0.002,0.052,1,0.000,0.000,0.000,0,16,0,0
820,1.437,1.437,1.386,0.007,0.003,0.041,1,0.000,0.000,0.000,0,16,0,0
821,1.257,1.257,1.196,0.010,0.005,0.046,1,0.000,0.000,0.000,0,16,0,0
822,0.984,0.984,0.921,0.008,0.003,0.052,1,0.000,0.000,0.000,0,16,0,0
823,0.941,0.941,0.891,0.008,0.002,0.041,1,0.000,0.000,0.000,0,16,0,0
824,0.927,0.927,0.878,0.007,0.002,0.040,1,0.000,0.000,0.000,0,16,0,0
825,0.938,0.938,0.877,0.007,0.003,0.052,1,0.000,0.000,0.000,0,16,0,0
826,0.922,0.922,0.872,0.007,0.002,0.040,1,0.000,0.000,0.000,0,16,0,0
827,0.918,0.918,0.869,0.007,0.002,0.040,1,0.000,0.000,0.000,0,16,0,0
828,0.932,0.932,0.871,0.007,0.002,0.052,1,0.000,0.000,0.000,0,16,0,0
829,0.919,0.919,0.871,0.007,0.002,0.040,1,0.000,0.000,0.000,0,16,0,0
830,0.937,0.937,0.888,0.007,0.002,0.040,1,0.000,0.000,0.000,0,16,0,0
831,0.938,0.938,0.877,0.007,0.002,0.052,1,0.000,0.000,0.000,0,16,0,0
832,0.951,0.951,0.901,0.007,0.002,0.040,1,0.000,0.000,0.000,0,16,0,0
833,0.918,0.918,0.869,0.007,0.002,0.040,1,0.000,0.000,0.000,0,16,0,0
834,0.933,0.933,0.872,0.006,0.002,0.052,1,0.000,0.000,0.000,0,16,0,0
835,0.920,0.920,0.872,0.007,0.002,0.040,1,0.000,0.000,0.000,0,16,0,0
836,0.918,0.918,0.869,0.006,0.002,0.040,1,0.000,0.000,0.000,0,16,0,0
837,0.934,0.934,0.873,0.007,0.002,0.052,1,0.000,0.000,0.000,0,16,0,0
838,0.919,0.919,0.870,0.007,0.002,0.040,1,0.000,0.000,0.000,0,16,0,0
839,0.999,0.999,0.949,0.007,0.002,0.041,1,0.000,0.000,0.000,0,16,0,0
840,0.939,0.939,0.878,0.007,0.002,0.052,1,0.000,0.000,0.000,0,16,0,0
841,0.938,0.938,0.889,0.007,0.002,0.040,1,0.000,0.000,0.000,0,16,0,0
842,1.201,1.201,1.144,0.009,0.004,0.044,1,0.000,0.000,0.000,0,16,0,0
843,1.041,1.041,0.976,0.008,0.003,0.055,1,0.000,0.000,0.000,0,16,0,0
844,1.570,1.570,1.520,0.007,0.002,0.040,1,0.000,0.000,0.000,0,16,0,0
845,1.015,1.015,0.963,0.009,0.003,0.041,1,0.000,0.000,0.000,0,16,0,0
846,0.958,0.958,0.896,0.007,0.002,0.052,1,0.000,0.000,0.000,0,16,0,0
847,0.931,0.931,0.881,0.007,0.003,0.040,1,0.000,0.000,0.000,0,16,0,0
848,0.925,0.925,0.876,0.007,0.002,0.040,1,0.000,0.000,0.000,0,16,0,0
849,1.320,1.320,1.114,0.007,0.003,0.196,1,0.000,0.000,0.000,0,16,0,0
850,1.094,1.094,0.955,0.008,0.002,0.130,1,0.000,0.000,0.000,0,16,0,0
851,1.065,1.065,0.930,0.007,0.002,0.125,1,0.000,0.000,0.000,0,16,0,0
852,1.137,1.137,0.924,0.007,0.002,0.204,1,0.000,0.000,0.000,0,16,0,0
853,1.155,1.155,1.020,0.007,0.002,0.125,1,0.000,0.000,0.000,0,16,0,0
854,1.048,1.048,0.914,0.007,0.002,0.125,1,0.000,0.000,0.000,0,16,0,0
855,1.194,1.194,1.025,0.007,0.002,0.159,1,0.000,0.000,0.000,0,16,0,0
856,1.912,1.912,1.728,0.007,0.006,0.170,1,0.000,0.000,0.000,0,16,0,0
857,1.250,1.250,1.101,0.008,0.004,0.137,1,0.000,0.000,0.000,0,16,0,0
858,1.237,1.237,1.065,0.008,0.003,0.161,1,0.000,0.000,0.000,0,16,0,0
859,1.997,1.997,1.845,0.007,0.006,0.140,1,0.000,0.000,0.000,0,16,0,0
860,1.426,1.426,1.287,0.011,0.003,0.125,1,0.000,0.000,0.000,0,16,0,0
861,1.416,1.416,1.217,0.009,0.004,0.185,1,0.000,0.000,0.000,0,16,0,0
862,1.160,1.160,1.023,0.007,0.002,0.127,1,0.000,0.000,0.000,0,16,0,0
863,1.232,1.232,1.098,0.007,0.002,0.125,1,0.000,0.000,0.000,0,16,0,0
864,1.087,1.087,0.919,0.007,0.002,0.159,1,0.000,0.000,0.000,0,16,0,0
865,1.150,1.150,1.015,0.007,0.002,0.125,1,0.000,0.000,0.000,0,16,0,0
866,1.040,1.040,0.907,0.007,0.002,0.124,1,0.000,0.000,0.000,0,16,0,0
867,1.079,1.079,0.911,0.007,0.002,0.159,1,0.000,0.000,0.000,0,16,0,0
868,1.327,1.327,1.183,0.007,0.005,0.131,1,0.000,0.000,0.000,0,16,0,0
869,1.269,1.269,1.129,0.009,0.003,0.127,1,0.000,0.000,0.000,0,16,0,0
870,1.120,1.120,0.942,0.007,0.002,0.169,1,0.000,0.000,0.000,0,16,0,0
871,1.186,1.186,1.052,0.007,0.003,0.125,1,0.000,0.000,0.000,0,16,0,0
872,1.545,1.545,1.390,0.007,0.002,0.145,1,0.000,0.000,0.000,0,16,0,0
873,1.329,1.329,1.147,0.008,0.004,0.169,1,0.000,0.000,0.000,0,16,0,0
874,1.155,1.155,1.020,0.007,0.003,0.126,1,0.000,0.000,0.000,0,16,0,0
875,1.050,1.050,0.916,0.007,0.002,0.124,1,0.000,0.000,0.000,0,16,0,0
876,1.084,1.084,0.916,0.007,0.002,0.159,1,0.000,0.000,0.000,0,16,0,0
877,1.149,1.149,1.015,0.007,0.002,0.125,1,0.000,0.000,0.000,0,16,0,0
878,1.045,1.045,0.910,0.007,0.002,0.126,1,0.000,0.000,0.000,0,16,0,0
879,1.060,1.060,0.926,0.007,0.002,0.124,1,0.000,0.000,0.000,0,16,0,0
880,1.003,1.003,0.912,0.007,0.002,0.082,1,0.000,0.000,0.000,0,16,0,0
881,2.700,2.700,2.596,0.004,0.014,0.087,1,0.000,0.000,0.000,0,4,0,0
882,27.055,27.055,26.934,0.018,0.013,0.090,1,0.000,0.000,0.000,0,4,0,0
883,13.010,13.010,12.914,0.014,0.059,0.023,1,0.000,0.000,0.000,0,4,0,0
884,40.702,40.702,40.609,0.023,0.014,0.057,1,0.000,0.000,0.000,0,32,0,0
885,0.942,0.942,0.891,0.012,0.003,0.035,1,0.000,0.000,0.000,0,32,0,0
886,3.623,3.623,3.566,0.010,0.002,0.044,1,0.000,0.000,0.000,0,32,0,0
887,0.915,0.915,0.871,0.012,0.003,0.029,1,0.000,0.000,0.000,0,32,0,0
888,0.696,0.696,0.651,0.010,0.003,0.032,1,0.000,0.000,0.000,0,32,0,0
889,0.579,0.579,0.542,0.010,0.002,0.024,1,0.000,0.000,0.000,0,32,0,0
890,0.574,0.574,0.538,0.010,0.002,0.024,1,0.000,0.000,0.000,0,32,0,0
891,0.638,0.638,0.597,0.010,0.002,0.029,1,0.000,0.000,0.000,0,32,0,0
892,0.562,0.562,0.526,0.009,0.002,0.024,1,0.000,0.000,0.000,0,32,0,0
893,0.555,0.555,0.520,0.009,0.002,0.023,1,0.000,0.000,0.000,0,32,0,0
894,0.628,0.628,0.586,0.010,0.003,0.029,1,0.000,0.000,0.000,0,32,0,0
895,0.553,0.553,0.517,0.010,0.002,0.024,1,0.000,0.000,0.000,0,32,0,0
896,0.604,0.604,0.568,0.010,0.002,0.024,1,0.000,0.000,0.000,0,32,0,0
897,0.637,0.637,0.594,0.009,0.002,0.031,1,0.000,0.000,0.000,0,32,0,0
898,0.558,0.558,0.522,0.010,0.002,0.024,1,0.000,0.000,0.000,0,32,0,0
899,0.856,0.856,0.815,0.011,0.003,0.027,1,0.000,0.000,0.000,0,32,0,0
900,0.641,0.641,0.598,0.010,0.002,0.031,1,0.000,0.000,0.000,0,32,0,0
901,0.556,0.556,0.519,0.010,0.002,0.025,1,0.000,0.000,0.000,0,32,0,0
902,0.624,0.624,0.583,0.010,0.002,0.029,1,0.000,0.000,0.000,0,32,0,0
903,0.550,0.550,0.514,0.010,0.002,0.024,1,0.000,0.000,0.000,0,32,0,0
904,0.553,0.553,0.516,0.010,0.002,0.024,1,0.000,0.000,0.000,0,32,0,0
905,0.625,0.625,0.582,0.010,0.002,0.031,1,0.000,0.000,0.000,0,32,0,0
906,0.545,0.545,0.510,0.010,0.002,0.023,1,0.000,0.000,0.000,0,32,0,0
907,2.116,2.116,2.081,0.009,0.002,0.024,1,0.000,0.000,0.000,0,32,0,0
908,0.911,0.911,0.828,0.017,0.008,0.057,1,0.000,0.000,0.000,0,32,0,0
909,0.392,0.392,0.350,0.012,0.003,0.027,1,0.000,0.000,0.000,0,32,0,0
910,0.307,0.307,0.270,0.009,0.002,0.025,1,0.000,0.000,0.000,0,32,0,0
911,0.375,0.375,0.331,0.010,0.002,0.032,1,0.000,0.000,0.000,0,32,0,0
912,0.370,0.370,0.334,0.009,0.002,0.025,1,0.000,0.000,0.000,0,32,0,0
913,0.316,0.316,0.280,0.009,0.002,0.025,1,0.000,0.000,0.000,0,32,0,0
914,0.314,0.314,0.270,0.009,0.002,0.033,1,0.000,0.000,0.000,0,32,0,0
915,0.843,0.843,0.806,0.008,0.002,0.028,1,0.000,0.000,0.000,0,24,0,0
916,0.941,0.941,0.902,0.009,0.003,0.027,1,0.000,0.000,0.000,0,24,0,0
917,0.454,0.454,0.410,0.008,0.003,0.033,1,0.000,0.000,0.000,0,24,0,0
918,0.629,0.629,0.581,0.012,0.004,0.031,1,0.000,0.000,0.000,0,24,0,0
919,0.397,0.397,0.360,0.009,0.002,0.027,1,0.000,0.000,0.000,0,24,0,0
920,0.382,0.382,0.340,0.008,0.002,0.032,1,0.000,0.000,0.000,0,24,0,0
921,0.427,0.427,0.390,0.009,0.002,0.027,1,0.000,0.000,0.000,0,24,0,0
922,0.370,0.370,0.333,0.008,0.002,0.027,1,0.000,0.000,0.000,0,24,0,0
923,0.376,0.376,0.332,0.008,0.002,0.034,1,0.000,0.000,0.000,0,24,0,0
924,0.423,0.423,0.388,0.008,0.002,0.025,1,0.000,0.000,0.000,0,24,0,0
925,0.665,0.665,0.507,0.008,0.002,0.148,1,0.000,0.000,0.000,0,24,0,0
926,0.929,0.929,0.732,0.009,0.002,0.186,1,0.000,0.000,0.000,0,24,0,0
927,1.280,1.280,1.129,0.008,0.002,0.141,1,0.000,0.000,0.000,0,24,0,0
928,1.047,1.047,0.894,0.008,0.002,0.142,1,0.000,0.000,0.000,0,24,0,0
929,1.065,1.065,0.866,0.007,0.002,0.189,1,0.000,0.000,0.000,0,24,0,0
930,1.272,1.272,1.120,0.008,0.002,0.141,1,0.000,0.000,0.000,0,24,0,0
931,1.231,1.231,1.065,0.008,0.006,0.151,1,0.000,0.000,0.000,0,24,0,0
932,1.573,1.573,1.377,0.011,0.003,0.183,1,0.000,0.000,0.000,0,24,0,0
933,1.359,1.359,1.207,0.009,0.003,0.141,1,0.000,0.000,0.000,0,24,0,0
934,1.040,1.040,0.888,0.009,0.002,0.141,1,0.000,0.000,0.000,0,24,0,0
935,1.088,1.088,0.893,0.008,0.002,0.185,1,0.000,0.000,0.000,0,24,0,0
936,1.301,1.301,1.148,0.010,0.002,0.142,1,0.000,0.000,0.000,0,168,0,0
937,1.044,1.044,0.885,0.014,0.003,0.142,1,0.000,0.000,0.000,0,684,0,0
938,1.091,1.091,0.889,0.014,0.003,0.186,1,0.000,0.000,0.000,0,684,0,0
939,1.302,1.302,1.136,0.021,0.002,0.143,1,0.000,0.000,0.000,0,684,0,0
940,1.090,1.090,0.930,0.014,0.002,0.143,1,0.000,0.000,0.000,0,684,0,0
941,1.387,1.387,1.163,0.013,0.006,0.205,1,0.000,0.000,0.000,0,684,0,0
942,1.246,1.246,1.077,0.015,0.004,0.150,1,0.000,0.000,0.000,0,684,0,0
943,1.039,1.039,0.880,0.014,0.002,0.142,1,0.000,0.000,0.000,0,684,0,0
944,1.096,1.096,0.893,0.014,0.002,0.186,1,0.000,0.000,0.000,0,684,0,0
945,1.564,1.564,1.269,0.014,0.002,0.279,1,0.000,0.000,0.000,0,684,0,0
946,1.618,1.618,1.356,0.014,0.005,0.242,1,0.000,0.000,0.000,0,684,0,0
947,1.776,1.776,1.369,0.017,0.004,0.386,1,0.000,0.000,0.000,0,684,0,0
948,1.982,1.982,1.731,0.014,0.003,0.234,1,0.000,0.000,0.000,0,684,0,0
949,1.590,1.590,1.336,0.015,0.003,0.236,1,0.000,0.000,0.000,0,684,0,0
950,1.777,1.777,1.396,0.017,0.003,0.362,1,0.000,0.000,0.000,0,684,0,0
951,1.979,1.979,1.724,0.014,0.002,0.238,1,0.000,0.000,0.000,0,684,0,0
952,1.611,1.611,1.371,0.014,0.002,0.224,1,0.000,0.000,0.000,0,684,0,0
953,1.626,1.626,1.300,0.014,0.002,0.310,1,0.000,0.000,0.000,0,684,0,0
954,1.976,1.976,1.730,0.013,0.002,0.231,1,0.000,0.000,0.000,0,684,0,0
955,1.612,1.612,1.347,0.013,0.002,0.249,1,0.000,0.000,0.000,0,684,0,0
956,1.786,1.786,1.436,0.014,0.003,0.334,1,0.000,0.000,0.000,0,684,0,0
957,2.133,2.133,1.866,0.013,0.002,0.252,1,0.000,0.000,0.000,0,684,0,0
958,1.686,1.686,1.418,0.013,0.002,0.252,1,0.000,0.000,0.000,0,684,0,0
959,1.803,1.803,1.450,0.014,0.003,0.336,1,0.000,0.000,0.000,0,684,0,0
960,2.399,2.399,2.127,0.014,0.005,0.254,1,0.000,0.000,0.000,0,684,0,0
961,1.723,1.723,1.451,0.018,0.003,0.250,1,0.000,0.000,0.000,0,684,0,0
962,2.276,2.276,1.929,0.015,0.002,0.329,1,0.000,0.000,0.000,0,684,0,0
963,2.161,2.161,1.898,0.014,0.002,0.247,1,0.000,0.000,0.000,0,684,0,0
964,1.719,1.719,1.457,0.013,0.002,0.247,1,0.000,0.000,0.000,0,684,0,0
965,1.897,1.897,1.605,0.013,0.002,0.276,1,0.000,0.000,0.000,0,684,0,0
966,1.762,1.762,1.591,0.013,0.002,0.155,1,0.000,0.000,0.000,0,684,0,0
967,1.152,1.152,0.981,0.014,0.002,0.155,1,0.000,0.000,0.000,0,684,0,0
968,1.379,1.379,1.146,0.013,0.006,0.214,1,0.000,0.000,0.000,0,684,0,0
969,1.515,1.515,1.324,0.014,0.003,0.174,1,0.000,0.000,0.000,0,684,0,0
970,1.452,1.452,1.246,0.014,0.006,0.186,1,0.000,0.000,0.000,0,684,0,0
971,1.331,1.331,1.107,0.014,0.005,0.205,1,0.000,0.000,0.000,0,684,0,0
972,1.449,1.449,1.266,0.015,0.004,0.165,1,0.000,0.000,0.000,0,684,0,0
973,1.120,1.120,0.950,0.014,0.003,0.153,1,0.000,0.000,0.000,0,684,0,0
974,1.192,1.192,0.975,0.014,0.002,0.201,1,0.000,0.000,0.000,0,684,0,0
975,1.452,1.452,1.265,0.014,0.002,0.171,1,0.000,0.000,0.000,0,684,0,0
976,1.192,1.192,1.004,0.014,0.002,0.171,1,0.000,0.000,0.000,0,684,0,0
977,1.435,1.435,1.185,0.016,0.003,0.231,1,0.000,0.000,0.000,0,684,0,0
978,1.535,1.535,1.348,0.014,0.003,0.170,1,0.000,0.000,0.000,0,684,0,0
979,2.688,2.688,2.477,0.022,0.005,0.183,1,0.000,0.000,0.000,0,684,0,0
980,1.193,1.193,0.957,0.015,0.003,0.219,1,0.000,0.000,0.000,0,684,0,0
981,1.555,1.555,1.372,0.017,0.005,0.162,1,0.000,0.000,0.000,0,684,0,0
982,1.110,1.110,0.946,0.014,0.003,0.147,1,0.000,0.000,0.000,0,684,0,0
983,1.165,1.165,0.953,0.014,0.002,0.196,1,0.000,0.000,0.000,0,684,0,0
984,1.727,1.727,1.557,0.014,0.002,0.154,1,0.000,0.000,0.000,0,684,0,0
985,1.165,1.165,0.958,0.017,0.003,0.187,1,0.000,0.000,0.000,0,684,0,0
986,1.261,1.261,1.056,0.015,0.003,0.187,1,0.000,0.000,0.000,0,684,0,0
987,1.313,1.313,1.157,0.014,0.002,0.140,1,0.000,0.000,0.000,0,684,0,0
988,1.033,1.033,0.879,0.013,0.002,0.139,1,0.000,0.000,0.000,0,684,0,0
989,1.086,1.086,0.888,0.014,0.002,0.183,1,0.000,0.000,0.000,0,684,0,0
990,1.286,1.286,1.133,0.014,0.002,0.137,1,0.000,0.000,0.000,0,684,0,0
991,1.065,1.065,0.910,0.013,0.002,0.139,1,0.000,0.000,0.000,0,684,0,0
992,1.116,1.116,0.918,0.013,0.003,0.183,1,0.000,0.000,0.000,0,684,0,0
993,1.452,1.452,1.294,0.014,0.002,0.141,1,0.000,0.000,0.000,0,684,0,0
994,1.453,1.453,1.288,0.022,0.003,0.140,1,0.000,0.000,0.000,0,684,0,0
995,1.136,1.136,0.935,0.014,0.002,0.185,1,0.000,0.000,0.000,0,684,0,0
996,1.221,1.221,1.085,0.014,0.002,0.119,1,0.000,0.000,0.000,0,684,0,0
997,0.880,0.880,0.747,0.013,0.002,0.118,1,0.000,0.000,0.000,0,684,0,0
998,0.991,0.991,0.805,0.013,0.002,0.171,1,0.000,0.000,0.000,0,684,0,0
999,1.226,1.226,1.067,0.014,0.002,0.143,1,0.000,0.000,0.000,0,684,0,0
1000,1.027,1.027,0.883,0.014,0.002,0.128,1,0.000,0.000,0.000,0,684,0,0
1001,0.942,0.942,0.792,0.014,0.002,0.134,1,0.000,0.000,0.000,0,684,0,0
1002,0.995,0.995,0.878,0.013,0.002,0.102,1,0.000,0.000,0.000,0,684,0,0
1003,0.839,0.839,0.688,0.013,0.002,0.135,1,0.000,0.000,0.000,0,684,0,0
1004,0.984,0.984,0.866,0.013,0.002,0.103,1,0.000,0.000,0.000,0,684,0,0
1005,1.594,1.594,1.388,0.020,0.005,0.181,1,0.000,0.000,0.000,0,684,0,0
1006,1.333,1.333,1.056,0.015,0.003,0.259,1,0.000,0.000,0.000,0,684,0,0
1007,1.654,1.654,1.450,0.014,0.002,0.188,1,0.000,0.000,0.000,0,684,0,0
1008,1.311,1.311,1.106,0.014,0.003,0.188,1,0.000,0.000,0.000,0,684,0,0
1009,1.384,1.384,1.121,0.013,0.002,0.247,1,0.000,0.000,0.000,0,684,0,0
1010,1.647,1.647,1.442,0.013,0.002,0.189,1,0.000,0.000,0.000,0,684,0,0
1011,1.336,1.336,1.126,0.013,0.003,0.194,1,0.000,0.000,0.000,0,684,0,0
1012,1.436,1.436,1.165,0.013,0.002,0.256,1,0.000,0.000,0.000,0,684,0,0
1013,2.411,2.411,2.203,0.015,0.005,0.188,1,0.000,0.000,0.000,0,684,0,0
1014,1.037,1.037,0.834,0.016,0.005,0.182,1,0.000,0.000,0.000,0,684,0,0
1015,1.334,1.334,1.091,0.014,0.003,0.226,1,0.000,0.000,0.000,0,684,0,0
1016,1.488,1.488,1.321,0.014,0.002,0.150,1,0.000,0.000,0.000,0,684,0,0
1017,1.107,1.107,0.940,0.014,0.002,0.151,1,0.000,0.000,0.000,0,684,0,0
1018,2.432,2.432,2.211,0.014,0.003,0.203,1,0.000,0.000,0.000,0,684,0,0
1019,1.237,1.237,1.048,0.017,0.006,0.166,1,0.000,0.000,0.000,0,684,0,0
1020,1.376,1.376,1.182,0.014,0.004,0.176,1,0.000,0.000,0.000,0,684,0,0
1021,1.328,1.328,1.076,0.015,0.004,0.233,1,0.000,0.000,0.000,0,684,0,0
1022,1.539,1.539,1.357,0.014,0.002,0.166,1,0.000,0.000,0.000,0,684,0,0
1023,1.240,1.240,1.056,0.014,0.002,0.167,1,0.000,0.000,0.000,0,684,0,0
1024,1.376,1.376,1.181,0.013,0.002,0.179,1,0.000,0.000,0.000,0,684,0,0
1025,1.393,1.393,1.126,0.014,0.002,0.251,1,0.000,0.000,0.000,0,684,0,0
1026,1.547,1.547,1.309,0.013,0.002,0.222,1,0.000,0.000,0.000,0,684,0,0
1027,1.635,1.635,1.325,0.013,0.002,0.294,1,0.000,0.000,0.000,0,684,0,0
1028,1.970,1.970,1.728,0.013,0.003,0.226,1,0.000,0.000,0.000,0,684,0,0
1029,1.536,1.536,1.295,0.014,0.003,0.223,1,0.000,0.000,0.000,0,684,0,0
1030,1.607,1.607,1.296,0.014,0.002,0.296,1,0.000,0.000,0.000,0,684,0,0
1031,2.059,2.059,1.805,0.013,0.002,0.238,1,0.000,0.000,0.000,0,684,0,0
1032,1.557,1.557,1.314,0.013,0.002,0.227,1,0.000,0.000,0.000,0,684,0,0
1033,1.579,1.579,1.269,0.014,0.002,0.294,1,0.000,0.000,0.000,0,684,0,0
1034,1.906,1.906,1.669,0.013,0.002,0.222,1,0.000,0.000,0.000,0,684,0,0
1035,1.581,1.581,1.321,0.016,0.003,0.240,1,0.000,0.000,0.000,0,684,0,0
1036,1.686,1.686,1.356,0.013,0.002,0.314,1,0.000,0.000,0.000,0,684,0,0
1037,2.139,2.139,1.830,0.014,0.002,0.293,1,0.000,0.000,0.000,0,684,0,0
1038,1.635,1.635,1.374,0.013,0.002,0.245,1,0.000,0.000,0.000,0,684,0,0
1039,1.765,1.765,1.440,0.013,0.002,0.309,1,0.000,0.000,0.000,0,684,0,0
1040,2.002,2.002,1.746,0.014,0.002,0.240,1,0.000,0.000,0.000,0,684,0,0
1041,1.752,1.752,1.493,0.014,0.005,0.240,1,0.000,0.000,0.000,0,684,0,0
1042,1.742,1.742,1.401,0.014,0.004,0.322,1,0.000,0.000,0.000,0,684,0,0
1043,2.044,2.044,1.794,0.014,0.002,0.234,1,0.000,0.000,0.000,0,684,0,0
1044,2.391,2.391,2.128,0.013,0.005,0.246,1,0.000,0.000,0.000,0,684,0,0
1045,1.263,1.263,0.959,0.016,0.005,0.283,1,0.000,0.000,0.000,0,684,0,0
1046,1.679,1.679,1.510,0.014,0.002,0.152,1,0.000,0.000,0.000,0,684,0,0
1047,2.075,2.075,1.867,0.014,0.003,0.192,1,0.000,0.000,0.000,0,684,0,0
1048,1.735,1.735,1.507,0.017,0.004,0.207,1,0.000,0.000,0.000,0,684,0,0
1049,1.103,1.103,0.919,0.017,0.005,0.161,1,0.000,0.000,0.000,0,684,0,0
1050,1.094,1.094,0.930,0.014,0.003,0.148,1,0.000,0.000,0.000,0,684,0,0
1051,1.147,1.147,0.937,0.014,0.002,0.194,1,0.000,0.000,0.000,0,684,0,0
1052,1.362,1.362,1.199,0.013,0.002,0.148,1,0.000,0.000,0.000,0,684,0,0
1053,1.089,1.089,0.925,0.013,0.002,0.148,1,0.000,0.000,0.000,0,684,0,0
1054,1.960,1.960,1.159,0.599,0.004,0.198,1,0.000,0.000,0.000,0,684,1,0
1055,2.484,2.484,2.142,0.016,0.003,0.323,1,0.000,0.000,0.000,0,684,0,0
1056,1.842,1.842,1.625,0.015,0.010,0.192,1,0.000,0.000,0.000,0,684,0,0
1057,1.184,1.184,0.911,0.015,0.004,0.253,1,0.000,0.000,0.000,0,684,0,0
1058,1.798,1.798,1.605,0.015,0.006,0.173,1,0.000,0.000,0.000,0,684,0,0
1059,1.547,1.547,1.343,0.017,0.008,0.180,1,0.000,0.000,0.000,0,684,0,0
1060,2.259,2.259,2.026,0.015,0.003,0.214,1,0.000,0.000,0.000,0,684,0,0
1061,1.077,1.077,0.908,0.017,0.003,0.149,1,0.000,0.000,0.000,0,684,0,0
1062,1.197,1.197,1.029,0.014,0.003,0.152,1,0.000,0.000,0.000,0,684,0,0
1063,1.773,1.773,1.538,0.020,0.005,0.210,1,0.000,0.000,0.000,0,684,0,0
1064,1.442,1.442,1.295,0.013,0.003,0.130,1,0.000,0.000,0.000,0,684,0,0
1065,1.113,1.113,0.930,0.014,0.003,0.167,1,0.000,0.000,0.000,0,684,0,0
1066,1.259,1.259,1.018,0.014,0.002,0.225,1,0.000,0.000,0.000,0,684,0,0
1067,1.531,1.531,1.354,0.014,0.002,0.161,1,0.000,0.000,0.000,0,684,0,0
1068,1.179,1.179,1.003,0.013,0.002,0.161,1,0.000,0.000,0.000,0,684,0,0
1069,1.236,1.236,1.009,0.013,0.002,0.212,1,0.000,0.000,0.000,0,684,0,0
1070,1.478,1.478,1.301,0.013,0.002,0.161,1,0.000,0.000,0.000,0,684,0,0
1071,1.366,1.366,1.170,0.013,0.005,0.177,1,0.000,0.000,0.000,0,684,0,0
1072,1.297,1.297,1.054,0.014,0.004,0.224,1,0.000,0.000,0.000,0,684,0,0
1073,1.478,1.478,1.300,0.013,0.002,0.163,1,0.000,0.000,0.000,0,684,0,0
1074,1.165,1.165,0.988,0.013,0.002,0.162,1,0.000,0.000,0.000,0,684,0,0
1075,1.272,1.272,1.037,0.013,0.002,0.219,1,0.000,0.000,0.000,0,684,0,0
1076,1.437,1.437,1.275,0.014,0.002,0.146,1,0.000,0.000,0.000,0,684,0,0
1077,1.075,1.075,0.914,0.013,0.002,0.146,1,0.000,0.000,0.000,0,684,0,0
1078,1.229,1.229,1.012,0.013,0.003,0.201,1,0.000,0.000,0.000,0,684,0,0
1079,1.808,1.808,1.566,0.015,0.007,0.220,1,0.000,0.000,0.000,0,684,0,0
1080,1.536,1.536,1.356,0.020,0.002,0.159,1,0.000,0.000,0.000,0,684,0,0
1081,1.269,1.269,1.028,0.017,0.005,0.219,1,0.000,0.000,0.000,0,684,0,0
1082,2.521,2.521,2.341,0.019,0.003,0.157,1,0.000,0.000,0.000,0,684,0,0
1083,1.060,1.060,0.876,0.017,0.005,0.162,1,0.000,0.000,0.000,0,684,0,0
1084,1.290,1.290,1.080,0.014,0.002,0.193,1,0.000,0.000,0.000,0,684,0,0
1085,1.438,1.438,1.177,0.013,0.003,0.245,1,0.000,0.000,0.000,0,684,0,0
1086,1.583,1.583,1.346,0.013,0.002,0.220,1,0.000,0.000,0.000,0,684,0,0
1087,1.757,1.757,1.442,0.013,0.004,0.298,1,0.000,0.000,0.000,0,684,0,0
1088,1.956,1.956,1.707,0.014,0.003,0.232,1,0.000,0.000,0.000,0,684,0,0
1089,1.545,1.545,1.307,0.013,0.002,0.222,1,0.000,0.000,0.000,0,684,0,0
1090,1.605,1.605,1.297,0.013,0.002,0.292,1,0.000,0.000,0.000,0,684,0,0
1091,1.905,1.905,1.667,0.013,0.002,0.222,1,0.000,0.000,0.000,0,684,0,0
1092,1.554,1.554,1.319,0.014,0.002,0.219,1,0.000,0.000,0.000,0,684,0,0
1093,1.598,1.598,1.287,0.014,0.003,0.295,1,0.000,0.000,0.000,0,684,0,0
1094,1.939,1.939,1.699,0.013,0.003,0.223,1,0.000,0.000,0.000,0,684,0,0
1095,1.625,1.625,1.374,0.014,0.002,0.236,1,0.000,0.000,0.000,0,684,0,0
1096,1.685,1.685,1.369,0.013,0.002,0.300,1,0.000,0.000,0.000,0,684,0,0
1097,1.942,1.942,1.707,0.013,0.002,0.220,1,0.000,0.000,0.000,0,684,0,0
1098,1.508,1.508,1.274,0.013,0.002,0.219,1,0.000,0.000,0.000,0,684,0,0
1099,1.663,1.663,1.364,0.015,0.002,0.283,1,0.000,0.000,0.000,0,684,0,0
1100,1.869,1.869,1.630,0.014,0.002,0.223,1,0.000,0.000,0.000,0,684,0,0
1101,1.616,1.616,1.309,0.015,0.003,0.289,1,0.000,0.000,0.000,0,684,0,0
1102,1.924,1.924,1.693,0.013,0.002,0.215,1,0.000,0.000,0.000,0,684,0,0
1103,1.542,1.542,1.309,0.013,0.003,0.216,1,0.000,0.000,0.000,0,684,0,0
1104,1.722,1.722,1.424,0.013,0.003,0.282,1,0.000,0.000,0.000,0,684,0,0
1105,1.896,1.896,1.638,0.013,0.002,0.242,1,0.000,0.000,0.000,0,684,0,0
1106,1.573,1.573,1.348,0.014,0.002,0.209,1,0.000,0.000,0.000,0,684,0,0
1107,1.975,1.975,1.467,0.014,0.002,0.492,1,0.000,0.000,0.000,0,684,0,0
1108,1.776,1.776,1.544,0.014,0.006,0.212,1,0.000,0.000,0.000,0,684,0,0
1109,1.480,1.480,1.235,0.015,0.004,0.225,1,0.000,0.000,0.000,0,684,0,0
1110,1.637,1.637,1.285,0.014,0.003,0.336,1,0.000,0.000,0.000,0,684,0,0
1111,2.874,2.874,2.653,0.013,0.004,0.203,1,0.000,0.000,0.000,0,684,0,0
1112,1.127,1.127,0.887,0.016,0.004,0.220,1,0.000,0.000,0.000,0,684,0,0
1113,1.501,1.501,1.208,0.014,0.003,0.277,1,0.000,0.000,0.000,0,684,0,0
1114,2.029,2.029,1.801,0.014,0.004,0.211,1,0.000,0.000,0.000,0,684,0,0
1115,1.461,1.461,1.215,0.014,0.002,0.229,1,0.000,0.000,0.000,0,684,0,0
1116,1.671,1.671,1.357,0.014,0.002,0.298,1,0.000,0.000,0.000,0,684,0,0
1117,2.194,2.194,1.928,0.013,0.004,0.248,1,0.000,0.000,0.000,0,684,0,0
1118,1.715,1.715,1.466,0.017,0.003,0.229,1,0.000,0.000,0.000,0,684,0,0
1119,1.723,1.723,1.413,0.014,0.002,0.294,1,0.000,0.000,0.000,0,684,0,0
1120,2.158,2.158,1.918,0.014,0.006,0.220,1,0.000,0.000,0.000,0,684,0,0
1121,1.445,1.445,1.226,0.014,0.004,0.201,1,0.000,0.000,0.000,0,684,0,0
1122,1.442,1.442,1.177,0.014,0.002,0.249,1,0.000,0.000,0.000,0,684,0,0
1123,1.703,1.703,1.499,0.014,0.002,0.188,1,0.000,0.000,0.000,0,684,0,0
1124,1.365,1.365,1.161,0.013,0.002,0.188,1,0.000,0.000,0.000,0,684,0,0
1125,1.537,1.537,1.297,0.013,0.002,0.225,1,0.000,0.000,0.000,0,684,0,0
1126,1.469,1.469,1.321,0.014,0.002,0.133,1,0.000,0.000,0.000,0,684,0,0
1127,1.000,1.000,0.851,0.013,0.002,0.133,1,0.000,0.000,0.000,0,684,0,0
1128,1.582,1.582,1.374,0.013,0.002,0.193,1,0.000,0.000,0.000,0,684,0,0
1129,1.030,1.030,0.870,0.016,0.003,0.140,1,0.000,0.000,0.000,0,684,0,0
1130,1.049,1.049,0.900,0.014,0.002,0.132,1,0.000,0.000,0.000,0,684,0,0
1131,1.092,1.092,0.904,0.013,0.002,0.172,1,0.000,0.000,0.000,0,684,0,0
1132,1.291,1.291,1.145,0.014,0.002,0.131,1,0.000,0.000,0.000,0,684,0,0
1133,1.010,1.010,0.862,0.014,0.002,0.131,1,0.000,0.000,0.000,0,684,0,0
1134,1.104,1.104,0.917,0.014,0.002,0.171,1,0.000,0.000,0.000,0,684,0,0
1135,1.268,1.268,1.116,0.014,0.003,0.135,1,0.000,0.000,0.000,0,684,0,0
1136,0.990,0.990,0.856,0.013,0.002,0.118,1,0.000,0.000,0.000,0,684,0,0
1137,0.982,0.982,0.812,0.013,0.002,0.155,1,0.000,0.000,0.000,0,684,0,0
1138,1.126,1.126,0.995,0.014,0.002,0.115,1,0.000,0.000,0.000,0,684,0,0
1139,1.479,1.479,1.343,0.015,0.003,0.118,1,0.000,0.000,0.000,0,684,0,0
1140,1.194,1.194,0.999,0.014,0.002,0.179,1,0.000,0.000,0.000,0,684,0,0
1141,1.479,1.479,1.347,0.014,0.007,0.111,1,0.000,0.000,0.000,0,684,0,0
1142,0.910,0.910,0.782,0.016,0.004,0.108,1,0.000,0.000,0.000,0,684,0,0
1143,0.872,0.872,0.737,0.013,0.003,0.119,1,0.000,0.000,0.000,0,684,0,0
1144,0.988,0.988,0.914,0.014,0.003,0.058,1,0.000,0.000,0.000,0,684,0,0
1145,0.822,0.822,0.643,0.013,0.002,0.163,1,0.000,0.000,0.000,0,684,0,0
1146,1.162,1.162,0.946,0.013,0.002,0.201,1,0.000,0.000,0.000,0,684,0,0
1147,2.325,2.325,2.141,0.015,0.003,0.167,1,0.000,0.000,0.000,0,684,0,0
1148,1.844,1.844,1.633,0.028,0.007,0.175,1,0.000,0.000,0.000,0,684,0,0
1149,1.200,1.200,0.986,0.014,0.002,0.198,1,0.000,0.000,0.000,0,684,0,0
1150,1.359,1.359,1.193,0.014,0.002,0.150,1,0.000,0.000,0.000,0,684,0,0
1151,1.127,1.127,0.960,0.013,0.002,0.151,1,0.000,0.000,0.000,0,684,0,0
1152,1.176,1.176,0.954,0.013,0.003,0.205,1,0.000,0.000,0.000,0,684,0,0
1153,1.359,1.359,1.192,0.013,0.002,0.152,1,0.000,0.000,0.000,0,684,0,0
1154,1.101,1.101,0.935,0.013,0.003,0.150,1,0.000,0.000,0.000,0,684,0,0
1155,1.205,1.205,0.984,0.013,0.002,0.205,1,0.000,0.000,0.000,0,684,0,0
1156,1.340,1.340,1.190,0.013,0.002,0.134,1,0.000,0.000,0.000,0,684,0,0
1157,1.353,1.353,1.181,0.022,0.005,0.146,1,0.000,0.000,0.000,0,684,0,0
1158,1.136,1.136,0.916,0.016,0.003,0.201,1,0.000,0.000,0.000,0,684,0,0
1159,1.430,1.430,1.239,0.013,0.003,0.176,1,0.000,0.000,0.000,0,536,0,0
1160,1.203,1.203,1.013,0.012,0.002,0.176,1,0.000,0.000,0.000,0,536,0,0
1161,1.298,1.298,1.061,0.012,0.002,0.222,1,0.000,0.000,0.000,0,536,0,0
1162,1.534,1.534,1.350,0.012,0.003,0.170,1,0.000,0.000,0.000,0,536,0,0
1163,1.225,1.225,1.041,0.011,0.002,0.170,1,0.000,0.000,0.000,0,536,0,0
1164,1.440,1.440,1.200,0.011,0.002,0.227,1,0.000,0.000,0.000,0,536,0,0
1165,1.854,1.854,1.581,0.012,0.004,0.257,1,0.000,0.000,0.000,0,536,0,0
1166,1.869,1.869,1.613,0.015,0.004,0.238,1,0.000,0.000,0.000,0,536,0,0
1167,1.737,1.737,1.416,0.012,0.003,0.306,1,0.000,0.000,0.000,0,536,0,0
1168,2.065,2.065,1.817,0.013,0.003,0.233,1,0.000,0.000,0.000,0,536,0,0
1169,1.651,1.651,1.405,0.012,0.002,0.232,1,0.000,0.000,0.000,0,536,0,0
1170,1.723,1.723,1.403,0.012,0.002,0.306,1,0.000,0.000,0.000,0,536,0,0
1171,2.061,2.061,1.813,0.013,0.002,0.233,1,0.000,0.000,0.000,0,536,0,0
1172,1.875,1.875,1.604,0.014,0.004,0.253,1,0.000,0.000,0.000,0,536,0,0
1173,1.698,1.698,1.390,0.013,0.003,0.292,1,0.000,0.000,0.000,0,536,0,0
1174,1.975,1.975,1.751,0.012,0.002,0.211,1,0.000,0.000,0.000,0,536,0,0
1175,1.528,1.528,1.284,0.012,0.002,0.230,1,0.000,0.000,0.000,0,536,0,0
1176,2.096,2.096,1.768,0.011,0.006,0.311,1,0.000,0.000,0.000,0,536,0,0
1177,2.030,2.030,1.706,0.014,0.005,0.305,1,0.000,0.000,0.000,0,536,0,0
1178,1.656,1.656,1.403,0.012,0.003,0.238,1,0.000,0.000,0.000,0,536,0,0
1179,2.545,2.545,2.216,0.018,0.003,0.307,1,0.000,0.000,0.000,0,536,0,0
1180,1.820,1.820,1.529,0.014,0.005,0.272,1,0.000,0.000,0.000,0,536,0,0
1181,1.732,1.732,1.471,0.012,0.002,0.247,1,0.000,0.000,0.000,0,536,0,0
1182,1.821,1.821,1.480,0.012,0.002,0.327,1,0.000,0.000,0.000,0,536,0,0
1183,2.138,2.138,1.902,0.012,0.002,0.222,1,0.000,0.000,0.000,0,536,0,0
1184,1.574,1.574,1.354,0.015,0.003,0.203,1,0.000,0.000,0.000,0,536,0,0
1185,1.750,1.750,1.406,0.012,0.002,0.330,1,0.000,0.000,0.000,0,536,0,0
1186,2.134,2.134,1.888,0.012,0.003,0.232,1,0.000,0.000,0.000,0,536,0,0
1187,1.618,1.618,1.372,0.012,0.002,0.231,1,0.000,0.000,0.000,0,536,0,0
1188,1.839,1.839,1.483,0.039,0.005,0.311,1,0.000,0.000,0.000,0,536,1,0
1189,2.101,2.101,1.837,0.013,0.004,0.247,1,0.000,0.000,0.000,0,536,0,0
1190,1.713,1.713,1.458,0.012,0.004,0.240,1,0.000,0.000,0.000,0,536,0,0
1191,1.759,1.759,1.420,0.012,0.004,0.323,1,0.000,0.000,0.000,0,536,0,0
1192,2.290,2.290,2.042,0.012,0.003,0.233,1,0.000,0.000,0.000,0,536,0,0
1193,1.644,1.644,1.394,0.014,0.003,0.233,1,0.000,0.000,0.000,0,536,0,0
1194,1.779,1.779,1.458,0.012,0.003,0.306,1,0.000,0.000,0.000,0,536,0,0
1195,2.083,2.083,1.817,0.012,0.003,0.252,1,0.000,0.000,0.000,0,536,0,0
1196,1.951,1.951,1.674,0.012,0.006,0.259,1,0.000,0.000,0.000,0,536,0,0
1197,1.858,1.858,1.504,0.012,0.003,0.338,1,0.000,0.000,0.000,0,536,0,0
1198,2.202,2.202,1.939,0.012,0.002,0.249,1,0.000,0.000,0.000,0,536,0,0
1199,1.905,1.905,1.637,0.012,0.004,0.252,1,0.000,0.000,0.000,0,536,0,0
1200,3.309,3.309,2.933,0.056,0.003,0.316,1,0.000,0.000,0.000,0,224,0,0
1201,2.380,2.380,2.102,0.054,0.005,0.219,1,0.000,0.000,0.000,0,224,0,0
1202,1.649,1.649,1.311,0.054,0.003,0.280,1,0.000,0.000,0.000,0,224,0,0
1203,1.927,1.927,1.662,0.052,0.002,0.211,1,0.000,0.000,0.000,0,224,0,0
1204,3.023,3.023,2.739,0.052,0.005,0.227,1,0.000,0.000,0.000,0,224,0,0
1205,1.288,1.288,1.005,0.055,0.003,0.226,1,0.000,0.000,0.000,0,224,0,0
1206,1.638,1.638,1.408,0.057,0.005,0.168,1,0.000,0.000,0.000,0,224,0,0
1207,1.178,1.178,0.969,0.053,0.003,0.153,1,0.000,0.000,0.000,0,224,0,0
1208,1.651,1.651,1.394,0.053,0.002,0.202,1,0.000,0.000,0.000,0,224,0,0
1209,1.437,1.437,1.233,0.052,0.002,0.150,1,0.000,0.000,0.000,0,224,0,0
1210,1.137,1.137,0.934,0.052,0.002,0.150,1,0.000,0.000,0.000,0,224,0,0
1211,1.195,1.195,0.944,0.053,0.002,0.196,1,0.000,0.000,0.000,0,224,0,0
1212,1.435,1.435,1.231,0.053,0.002,0.150,1,0.000,0.000,0.000,0,224,0,0
1213,1.406,1.406,1.186,0.059,0.004,0.157,1,0.000,0.000,0.000,0,224,0,0
1214,1.469,1.469,1.138,0.054,0.003,0.275,1,0.000,0.000,0.000,0,224,0,0
1215,1.476,1.476,1.261,0.053,0.003,0.160,1,0.000,0.000,0.000,0,224,0,0
1216,1.483,1.483,1.283,0.061,0.004,0.135,1,0.000,0.000,0.000,0,224,0,0
1217,1.069,1.069,0.858,0.053,0.002,0.155,1,0.000,0.000,0.000,0,224,0,0
1218,1.240,1.240,1.069,0.053,0.003,0.115,1,0.000,0.000,0.000,0,224,0,0
1219,1.021,1.021,0.850,0.054,0.002,0.116,1,0.000,0.000,0.000,0,224,0,0
1220,1.021,1.021,0.815,0.053,0.002,0.151,1,0.000,0.000,0.000,0,224,0,0
1221,1.104,1.104,0.949,0.054,0.002,0.099,1,0.000,0.000,0.000,0,444,0,0
1222,0.970,0.970,0.815,0.054,0.002,0.099,1,0.000,0.000,0.000,0,444,0,0
1223,1.200,1.200,0.939,0.053,0.002,0.205,1,0.000,0.000,0.000,0,440,0,0
1224,1.192,1.192,1.029,0.053,0.002,0.108,1,0.000,0.000,0.000,0,440,0,0
1225,1.348,1.348,1.130,0.058,0.002,0.157,1,0.000,0.000,0.000,0,792,0,0
1226,1.691,1.691,1.418,0.065,0.004,0.205,1,0.000,0.000,0.000,0,792,0,0
1227,1.382,1.382,1.165,0.059,0.003,0.155,1,0.000,0.000,0.000,0,792,0,0
1228,1.202,1.202,0.993,0.058,0.002,0.148,1,0.000,0.000,0.000,0,792,0,0
1229,1.246,1.246,0.991,0.058,0.002,0.194,1,0.000,0.000,0.000,0,792,0,0
1230,1.344,1.344,1.135,0.058,0.002,0.148,1,0.000,0.000,0.000,0,792,0,0
1231,1.237,1.237,1.032,0.058,0.002,0.146,1,0.000,0.000,0.000,0,792,0,0
1232,1.226,1.226,0.997,0.058,0.002,0.169,1,0.000,0.000,0.000,0,792,0,0
1233,1.197,1.197,1.007,0.058,0.002,0.130,1,0.000,0.000,0.000,0,792,0,0
1234,1.319,1.319,1.069,0.058,0.002,0.191,1,0.000,0.000,0.000,0,792,0,0
1235,1.732,1.732,1.499,0.063,0.003,0.166,1,0.000,0.000,0.000,0,792,0,0
1236,2.125,2.125,1.935,0.059,0.004,0.127,1,0.000,0.000,0.000,0,792,0,0
1237,1.270,1.270,1.090,0.059,0.004,0.117,1,0.000,0.000,0.000,0,792,0,0
1238,1.205,1.205,0.993,0.059,0.003,0.149,1,0.000,0.000,0.000,0,792,0,0
1239,1.201,1.201,1.027,0.058,0.002,0.113,1,0.000,0.000,0.000,0,792,0,0
1240,1.255,1.255,1.055,0.060,0.003,0.137,1,0.000,0.000,0.000,0,792,0,0
1241,2.419,2.419,2.171,0.062,0.005,0.181,1,0.000,0.000,0.000,0,792,0,0
1242,1.601,1.601,1.404,0.068,0.003,0.125,1,0.000,0.000,0.000,0,792,0,0
1243,1.365,1.365,1.153,0.060,0.004,0.147,1,0.000,0.000,0.000,0,792,0,0
1244,1.466,1.466,1.209,0.060,0.002,0.195,1,0.000,0.000,0.000,0,792,0,0
1245,1.438,1.438,1.099,0.060,0.003,0.276,1,0.000,0.000,0.000,0,792,0,0
1246,1.792,1.792,1.475,0.058,0.002,0.255,1,0.000,0.000,0.000,0,792,0,0
1247,1.839,1.839,1.443,0.057,0.002,0.336,1,0.000,0.000,0.000,0,792,0,0
1248,2.164,2.164,1.849,0.058,0.002,0.255,1,0.000,0.000,0.000,0,792,0,0
1249,1.788,1.788,1.466,0.061,0.003,0.258,1,0.000,0.000,0.000,0,792,0,0
1250,1.835,1.835,1.437,0.058,0.003,0.338,1,0.000,0.000,0.000,0,792,0,0
1251,2.152,2.152,1.836,0.058,0.002,0.255,1,0.000,0.000,0.000,0,792,0,0
1252,1.771,1.771,1.457,0.059,0.002,0.253,1,0.000,0.000,0.000,0,792,0,0
1253,1.804,1.804,1.402,0.058,0.002,0.342,1,0.000,0.000,0.000,0,792,0,0
1254,2.191,2.191,1.875,0.059,0.002,0.255,1,0.000,0.000,0.000,0,792,0,0
1255,1.828,1.828,1.488,0.062,0.003,0.276,1,0.000,0.000,0.000,0,792,0,0
1256,2.055,2.055,1.528,0.058,0.002,0.467,1,0.000,0.000,0.000,0,792,0,0
1257,2.306,2.306,1.973,0.058,0.002,0.272,1,0.000,0.000,0.000,0,792,0,0
1258,1.813,1.813,1.482,0.058,0.002,0.271,1,0.000,0.000,0.000,0,792,0,0
1259,2.007,2.007,1.572,0.058,0.003,0.375,1,0.000,0.000,0.000,0,792,0,0
1260,2.285,2.285,1.947,0.058,0.002,0.276,1,0.000,0.000,0.000,0,792,0,0
1261,1.848,1.848,1.513,0.058,0.003,0.274,1,0.000,0.000,0.000,0,792,0,0
1262,1.944,1.944,1.532,0.057,0.002,0.352,1,0.000,0.000,0.000,0,792,0,0
1263,2.194,2.194,1.903,0.058,0.002,0.230,1,0.000,0.000,0.000,0,792,0,0
1264,2.317,2.317,2.016,0.058,0.006,0.237,1,0.000,0.000,0.000,0,792,0,0
1265,1.677,1.677,1.207,0.061,0.005,0.404,1,0.000,0.000,0.000,0,792,0,0
1266,3.943,3.943,3.596,0.059,0.004,0.284,1,0.000,0.000,0.000,0,792,0,0
1267,1.632,1.632,1.299,0.061,0.003,0.269,1,0.000,0.000,0.000,0,792,0,0
1268,2.018,2.018,1.566,0.061,0.005,0.387,1,0.000,0.000,0.000,0,792,0,0
1269,2.328,2.328,1.988,0.058,0.003,0.280,1,0.000,0.000,0.000,0,792,0,0
1270,1.856,1.856,1.517,0.058,0.003,0.279,1,0.000,0.000,0.000,0,792,0,0
1271,2.189,2.189,1.702,0.058,0.002,0.426,1,0.000,0.000,0.000,0,792,0,0
1272,2.458,2.458,2.107,0.059,0.004,0.289,1,0.000,0.000,0.000,0,792,0,0
1273,1.860,1.860,1.523,0.058,0.003,0.276,1,0.000,0.000,0.000,0,792,0,0
1274,2.227,2.227,1.789,0.057,0.004,0.376,1,0.000,0.000,0.000,0,792,0,0
1275,2.659,2.659,2.245,0.061,0.005,0.348,1,0.000,0.000,0.000,0,792,0,0
1276,2.484,2.484,2.079,0.060,0.003,0.342,1,0.000,0.000,0.000,0,792,0,0
1277,2.506,2.506,1.922,0.061,0.004,0.519,1,0.000,0.000,0.000,0,792,0,0
1278,2.809,2.809,2.407,0.058,0.002,0.342,1,0.000,0.000,0.000,0,792,0,0
1279,2.266,2.266,1.883,0.058,0.002,0.322,1,0.000,0.000,0.000,0,792,0,0
1280,2.289,2.289,1.785,0.058,0.002,0.444,1,0.000,0.000,0.000,0,792,0,0
1281,2.710,2.710,2.325,0.060,0.003,0.322,1,0.000,0.000,0.000,0,792,0,0
1282,2.164,2.164,1.785,0.059,0.003,0.318,1,0.000,0.000,0.000,0,792,0,0
1283,2.251,2.251,1.768,0.058,0.002,0.423,1,0.000,0.000,0.000,0,792,0,0
1284,2.832,2.832,2.453,0.058,0.002,0.319,1,0.000,0.000,0.000,0,792,0,0
1285,2.276,2.276,1.907,0.059,0.006,0.305,1,0.000,0.000,0.000,0,792,0,0
1286,2.100,2.100,1.227,0.515,0.004,0.353,1,0.000,0.000,0.000,0,792,0,0
1287,2.289,2.289,1.954,0.054,0.003,0.278,1,0.000,0.000,0.000,0,600,0,0
1288,3.484,3.484,3.134,0.058,0.004,0.288,1,0.000,0.000,0.000,0,604,0,0
1289,2.086,2.086,1.632,0.058,0.006,0.390,1,0.000,0.000,0.000,0,604,0,0
1290,2.618,2.618,2.282,0.055,0.003,0.279,1,0.000,0.000,0.000,0,604,0,0
1291,1.856,1.856,1.510,0.057,0.004,0.285,1,0.000,0.000,0.000,0,604,0,0
1292,2.042,2.042,1.624,0.055,0.002,0.360,1,0.000,0.000,0.000,0,604,0,0
1293,2.416,2.416,2.086,0.054,0.002,0.273,1,0.000,0.000,0.000,0,604,0,0
1294,1.949,1.949,1.630,0.054,0.002,0.263,1,0.000,0.000,0.000,0,604,0,0
1295,1.976,1.976,1.553,0.054,0.003,0.367,1,0.000,0.000,0.000,0,604,0,0
1296,2.442,2.442,2.107,0.055,0.003,0.278,1,0.000,0.000,0.000,0,604,0,0
1297,1.928,1.928,1.596,0.054,0.002,0.275,1,0.000,0.000,0.000,0,604,0,0
1298,2.016,2.016,1.593,0.054,0.002,0.366,1,0.000,0.000,0.000,0,604,0,0
1299,2.482,2.482,2.148,0.057,0.003,0.274,1,0.000,0.000,0.000,0,772,0,0
1300,1.914,1.914,1.583,0.055,0.003,0.273,1,0.000,0.000,0.000,0,772,0,0
1301,2.230,2.230,1.819,0.055,0.002,0.354,1,0.000,0.000,0.000,0,772,0,0
1302,2.177,2.177,1.848,0.058,0.005,0.266,1,0.000,0.000,0.000,0,772,0,0
1303,1.903,1.903,1.508,0.057,0.003,0.336,1,0.000,0.000,0.000,0,772,0,0
1304,2.407,2.407,2.090,0.056,0.002,0.260,1,0.000,0.000,0.000,0,772,0,0
1305,1.809,1.809,1.464,0.055,0.002,0.288,1,0.000,0.000,0.000,0,772,0,0
1306,2.039,2.039,1.618,0.055,0.002,0.363,1,0.000,0.000,0.000,0,772,0,0
1307,2.389,2.389,2.056,0.058,0.003,0.272,1,0.000,0.000,0.000,0,772,0,0
1308,2.290,2.290,1.944,0.056,0.006,0.283,1,0.000,0.000,0.000,0,772,0,0
1309,1.817,1.817,1.376,0.058,0.004,0.379,1,0.000,0.000,0.000,0,772,0,0
1310,3.908,3.908,3.530,0.056,0.003,0.318,1,0.000,0.000,0.000,0,772,0,0
1311,1.617,1.617,1.321,0.061,0.004,0.231,1,0.000,0.000,0.000,0,772,0,0
1312,2.243,2.243,1.849,0.061,0.004,0.328,1,0.000,0.000,0.000,0,772,0,0
1313,2.027,2.027,1.736,0.056,0.002,0.233,1,0.000,0.000,0.000,0,772,0,0
1314,1.648,1.648,1.358,0.056,0.002,0.232,1,0.000,0.000,0.000,0,772,0,0
1315,1.719,1.719,1.362,0.055,0.002,0.299,1,0.000,0.000,0.000,0,772,0,0
1316,1.928,1.928,1.660,0.055,0.002,0.210,1,0.000,0.000,0.000,0,772,0,0
1317,1.569,1.569,1.302,0.055,0.002,0.209,1,0.000,0.000,0.000,0,772,0,0
1318,1.966,1.966,1.595,0.062,0.004,0.305,1,0.000,0.000,0.000,0,772,0,0
1319,2.082,2.082,1.777,0.057,0.004,0.244,1,0.000,0.000,0.000,0,772,0,0
1320,1.572,1.572,1.311,0.055,0.002,0.204,1,0.000,0.000,0.000,0,772,0,0
1321,1.507,1.507,1.195,0.055,0.002,0.255,1,0.000,0.000,0.000,0,772,0,0
1322,1.992,1.992,1.672,0.102,0.007,0.212,1,0.000,0.000,0.000,0,772,1,0
1323,1.387,1.387,1.119,0.056,0.004,0.208,1,0.000,0.000,0.000,0,772,0,0
1324,1.794,1.794,1.380,0.056,0.003,0.356,1,0.000,0.000,0.000,0,772,0,0
1325,2.014,2.014,1.649,0.056,0.003,0.306,1,0.000,0.000,0.000,0,772,0,0
1326,1.786,1.786,1.466,0.056,0.003,0.261,1,0.000,0.000,0.000,0,772,0,0
1327,1.852,1.852,1.466,0.056,0.002,0.328,1,0.000,0.000,0.000,0,772,0,0
1328,2.166,2.166,1.860,0.055,0.003,0.248,1,0.000,0.000,0.000,0,772,0,0
1329,1.733,1.733,1.427,0.055,0.002,0.248,1,0.000,0.000,0.000,0,772,0,0
1330,1.907,1.907,1.488,0.078,0.002,0.338,1,0.000,0.000,0.000,0,772,0,0
1331,2.187,2.187,1.877,0.057,0.003,0.251,1,0.000,0.000,0.000,0,772,0,0
1332,1.796,1.796,1.484,0.054,0.002,0.256,1,0.000,0.000,0.000,0,772,0,0
1333,2.492,2.492,2.108,0.055,0.006,0.324,1,0.000,0.000,0.000,0,772,0,0
1334,1.798,1.798,1.474,0.092,0.003,0.229,1,0.000,0.000,0.000,0,772,0,0
1335,1.692,1.692,1.413,0.055,0.002,0.221,1,0.000,0.000,0.000,0,772,0,0
1336,1.693,1.693,1.356,0.055,0.002,0.279,1,0.000,0.000,0.000,0,772,0,0
1337,3.407,3.407,3.122,0.061,0.005,0.219,1,0.000,0.000,0.000,0,772,0,0
1338,1.602,1.602,1.313,0.058,0.005,0.226,1,0.000,0.000,0.000,0,772,0,0
1339,1.724,1.724,1.372,0.057,0.002,0.292,1,0.000,0.000,0.000,0,772,0,0
1340,1.975,1.975,1.706,0.055,0.003,0.212,1,0.000,0.000,0.000,0,772,0,0
1341,1.501,1.501,1.257,0.054,0.002,0.187,1,0.000,0.000,0.000,0,772,0,0
1342,1.490,1.490,1.186,0.055,0.002,0.248,1,0.000,0.000,0.000,0,772,0,0
1343,2.173,2.173,1.936,0.055,0.002,0.179,1,0.000,0.000,0.000,0,772,0,0
1344,1.419,1.419,1.215,0.055,0.002,0.147,1,0.000,0.000,0.000,0,772,0,0
1345,1.374,1.374,1.015,0.057,0.002,0.299,1,0.000,0.000,0.000,0,772,0,0
1346,2.209,2.209,1.932,0.055,0.005,0.216,1,0.000,0.000,0.000,0,772,0,0
1347,1.603,1.603,1.330,0.057,0.003,0.214,1,0.000,0.000,0.000,0,772,0,0
1348,1.612,1.612,1.275,0.056,0.002,0.279,1,0.000,0.000,0.000,0,772,0,0
1349,2.049,2.049,1.768,0.056,0.004,0.221,1,0.000,0.000,0.000,0,772,0,0
1350,1.591,1.591,1.307,0.056,0.003,0.225,1,0.000,0.000,0.000,0,772,0,0
1351,1.934,1.934,1.521,0.059,0.004,0.350,1,0.000,0.000,0.000,0,772,0,0
1352,1.972,1.972,1.698,0.056,0.003,0.215,1,0.000,0.000,0.000,0,772,0,0
1353,1.480,1.480,1.210,0.056,0.002,0.212,1,0.000,0.000,0.000,0,772,0,0
1354,1.656,1.656,1.311,0.055,0.002,0.287,1,0.000,0.000,0.000,0,772,0,0
1355,1.935,1.935,1.650,0.054,0.002,0.228,1,0.000,0.000,0.000,0,772,0,0
1356,2.024,2.024,1.739,0.055,0.002,0.228,1,0.000,0.000,0.000,0,772,0,0
1357,1.713,1.713,1.357,0.055,0.002,0.300,1,0.000,0.000,0.000,0,772,0,0
1358,2.050,2.050,1.764,0.054,0.002,0.230,1,0.000,0.000,0.000,0,772,0,0
1359,1.666,1.666,1.387,0.055,0.002,0.222,1,0.000,0.000,0.000,0,772,0,0
1360,1.641,1.641,1.296,0.055,0.002,0.287,1,0.000,0.000,0.000,0,772,0,0
1361,2.007,2.007,1.722,0.056,0.006,0.223,1,0.000,0.000,0.000,0,772,0,0
1362,1.824,1.824,1.558,0.062,0.003,0.201,1,0.000,0.000,0.000,0,772,0,0
1363,7.876,7.876,7.496,0.065,0.008,0.307,1,0.000,0.000,0.000,0,604,0,0
1364,3.503,3.503,3.202,0.056,0.013,0.232,1,0.000,0.000,0.000,0,604,0,0
1365,3.721,3.721,3.188,0.305,0.004,0.224,1,0.000,0.000,0.000,0,604,0,0
1366,2.761,2.761,2.456,0.056,0.003,0.246,1,0.000,0.000,0.000,0,604,0,0
1367,2.271,2.271,2.028,0.056,0.004,0.184,1,0.000,0.000,0.000,0,604,0,0
1368,2.630,2.630,2.389,0.056,0.002,0.183,1,0.000,0.000,0.000,0,604,0,0
1369,1.523,1.523,1.204,0.055,0.003,0.261,1,0.000,0.000,0.000,0,604,0,0
1370,1.849,1.849,1.553,0.063,0.008,0.225,1,0.000,0.000,0.000,0,604,0,0
1371,1.368,1.368,1.119,0.055,0.003,0.191,1,0.000,0.000,0.000,0,604,0,0
1372,1.484,1.484,1.176,0.054,0.003,0.250,1,0.000,0.000,0.000,0,604,0,0
1373,1.686,1.686,1.438,0.055,0.002,0.191,1,0.000,0.000,0.000,0,604,0,0
1374,1.420,1.420,1.175,0.053,0.003,0.189,1,0.000,0.000,0.000,0,600,0,0
1375,1.519,1.519,1.183,0.053,0.003,0.279,1,0.000,0.000,0.000,0,600,0,0
1376,1.856,1.856,1.587,0.056,0.003,0.210,1,0.000,0.000,0.000,0,600,0,0
1377,1.480,1.480,1.215,0.053,0.002,0.210,1,0.000,0.000,0.000,0,600,0,0
1378,1.538,1.538,1.207,0.053,0.002,0.275,1,0.000,0.000,0.000,0,600,0,0
1379,2.477,2.477,2.194,0.054,0.005,0.223,1,0.000,0.000,0.000,0,600,0,0
1380,1.384,1.384,1.100,0.056,0.004,0.223,1,0.000,0.000,0.000,0,600,0,0
1381,1.579,1.579,1.251,0.056,0.003,0.270,1,0.000,0.000,0.000,0,600,0,0
1382,2.126,2.126,1.876,0.053,0.002,0.194,1,0.000,0.000,0.000,0,600,0,0
1383,1.436,1.436,1.172,0.057,0.005,0.203,1,0.000,0.000,0.000,0,600,0,0
1384,1.624,1.624,1.325,0.054,0.002,0.242,1,0.000,0.000,0.000,0,600,0,0
1385,1.644,1.644,1.391,0.053,0.002,0.197,1,0.000,0.000,0.000,0,600,0,0
1386,1.633,1.633,1.370,0.053,0.006,0.204,1,0.000,0.000,0.000,0,600,0,0
1387,3.096,3.096,2.782,0.066,0.003,0.245,1,0.000,0.000,0.000,0,600,0,0
1388,1.459,1.459,1.192,0.056,0.005,0.205,1,0.000,0.000,0.000,0,600,0,0
1389,1.744,1.744,1.496,0.054,0.003,0.191,1,0.000,0.000,0.000,0,600,0,0
1390,1.433,1.433,1.129,0.053,0.002,0.249,1,0.000,0.000,0.000,0,600,0,0
1391,1.687,1.687,1.444,0.054,0.002,0.188,1,0.000,0.000,0.000,0,600,0,0
1392,1.459,1.459,1.208,0.055,0.003,0.194,1,0.000,0.000,0.000,0,600,0,0
1393,1.813,1.813,1.476,0.053,0.007,0.277,1,0.000,0.000,0.000,0,600,0,0
1394,1.665,1.665,1.393,0.055,0.005,0.213,1,0.000,0.000,0.000,0,600,0,0
1395,1.337,1.337,1.098,0.053,0.003,0.182,1,0.000,0.000,0.000,0,224,0,0
1396,1.674,1.674,1.381,0.057,0.003,0.233,1,0.000,0.000,0.000,0,224,0,0
1397,1.590,1.590,1.354,0.053,0.003,0.180,1,0.000,0.000,0.000,0,224,0,0
1398,1.238,1.238,1.010,0.053,0.002,0.172,1,0.000,0.000,0.000,0,224,0,0
1399,1.395,1.395,1.105,0.052,0.002,0.234,1,0.000,0.000,0.000,0,224,0,0
1400,1.521,1.521,1.305,0.052,0.002,0.161,1,0.000,0.000,0.000,0,224,0,0
1401,1.274,1.274,1.016,0.052,0.002,0.204,1,0.000,0.000,0.000,0,224,0,0
1402,1.418,1.418,1.205,0.053,0.002,0.157,1,0.000,0.000,0.000,0,224,0,0
1403,1.116,1.116,0.906,0.052,0.002,0.155,1,0.000,0.000,0.000,0,224,0,0
1404,1.506,1.506,1.215,0.052,0.002,0.236,1,0.000,0.000,0.000,0,224,0,0
1405,1.571,1.571,1.340,0.055,0.004,0.172,1,0.000,0.000,0.000,0,224,0,0
1406,1.364,1.364,1.146,0.053,0.006,0.159,1,0.000,0.000,0.000,0,220,0,0
1407,1.280,1.280,1.010,0.053,0.004,0.214,1,0.000,0.000,0.000,0,220,0,0
1408,1.432,1.432,1.222,0.053,0.002,0.155,1,0.000,0.000,0.000,0,220,0,0
1409,1.246,1.246,1.019,0.052,0.002,0.173,1,0.000,0.000,0.000,0,220,0,0
1410,1.289,1.289,1.009,0.052,0.002,0.226,1,0.000,0.000,0.000,0,220,0,0
1411,1.526,1.526,1.301,0.051,0.002,0.172,1,0.000,0.000,0.000,0,220,0,0
1412,1.271,1.271,1.047,0.051,0.002,0.170,1,0.000,0.000,0.000,0,220,0,0
1413,1.679,1.679,1.391,0.052,0.003,0.233,1,0.000,0.000,0.000,0,220,0,0
1414,1.565,1.565,1.336,0.052,0.002,0.175,1,0.000,0.000,0.000,0,220,0,0
1415,1.190,1.190,0.974,0.052,0.002,0.162,1,0.000,0.000,0.000,0,220,0,0
1416,1.216,1.216,0.942,0.051,0.003,0.221,1,0.000,0.000,0.000,0,220,0,0
1417,1.942,1.942,1.718,0.052,0.007,0.165,1,0.000,0.000,0.000,0,220,0,0
1418,1.169,1.169,0.947,0.053,0.004,0.165,1,0.000,0.000,0.000,0,220,0,0
1419,1.305,1.305,1.051,0.051,0.004,0.199,1,0.000,0.000,0.000,0,220,0,0
1420,2.509,2.509,2.302,0.059,0.003,0.145,1,0.000,0.000,0.000,0,220,0,0
1421,1.268,1.268,1.067,0.052,0.003,0.147,1,0.000,0.000,0.000,0,220,0,0
1422,1.398,1.398,1.119,0.054,0.004,0.220,1,0.000,0.000,0.000,0,220,0,0
1423,1.527,1.527,1.318,0.052,0.004,0.153,1,0.000,0.000,0.000,0,220,0,0
1424,1.280,1.280,1.069,0.053,0.003,0.156,1,0.000,0.000,0.000,0,220,0,0
1425,1.154,1.154,0.871,0.052,0.003,0.228,1,0.000,0.000,0.000,0,220,0,0
1426,1.474,1.474,1.260,0.051,0.002,0.160,1,0.000,0.000,0.000,0,220,0,0
1427,1.131,1.131,0.918,0.051,0.002,0.160,1,0.000,0.000,0.000,0,220,0,0
1428,1.408,1.408,1.133,0.051,0.006,0.217,1,0.000,0.000,0.000,0,220,0,0
1429,1.645,1.645,1.424,0.053,0.002,0.165,1,0.000,0.000,0.000,0,220,0,0
1430,1.162,1.162,0.946,0.052,0.002,0.162,1,0.000,0.000,0.000,0,220,0,0
1431,1.270,1.270,1.010,0.052,0.002,0.207,1,0.000,0.000,0.000,0,220,0,0
1432,1.421,1.421,1.203,0.051,0.003,0.165,1,0.000,0.000,0.000,0,220,0,0
1433,1.167,1.167,0.952,0.052,0.002,0.160,1,0.000,0.000,0.000,0,220,0,0
1434,1.275,1.275,1.002,0.052,0.002,0.219,1,0.000,0.000,0.000,0,220,0,0
1435,1.520,1.520,1.290,0.051,0.002,0.176,1,0.000,0.000,0.000,0,220,0,0
1436,1.291,1.291,1.061,0.052,0.002,0.176,1,0.000,0.000,0.000,0,220,0,0
1437,1.483,1.483,1.189,0.051,0.005,0.238,1,0.000,0.000,0.000,0,220,0,0
1438,1.636,1.636,1.394,0.052,0.003,0.187,1,0.000,0.000,0.000,0,220,0,0
1439,1.332,1.332,1.103,0.052,0.003,0.174,1,0.000,0.000,0.000,0,220,0,0
1440,1.344,1.344,1.053,0.052,0.002,0.237,1,0.000,0.000,0.000,0,220,0,0
1441,1.577,1.577,1.350,0.053,0.002,0.172,1,0.000,0.000,0.000,0,220,0,0
1442,1.254,1.254,1.028,0.052,0.002,0.172,1,0.000,0.000,0.000,0,220,0,0
1443,1.338,1.338,1.058,0.052,0.002,0.226,1,0.000,0.000,0.000,0,220,0,0
1444,1.732,1.732,1.480,0.052,0.002,0.197,1,0.000,0.000,0.000,0,220,0,0
1445,1.488,1.488,1.233,0.051,0.004,0.200,1,0.000,0.000,0.000,0,220,0,0
1446,1.504,1.504,1.215,0.052,0.003,0.234,1,0.000,0.000,0.000,0,220,0,0
1447,1.831,1.831,1.585,0.053,0.003,0.190,1,0.000,0.000,0.000,0,220,0,0
1448,1.417,1.417,1.174,0.052,0.002,0.189,1,0.000,0.000,0.000,0,220,0,0
1449,1.489,1.489,1.185,0.052,0.002,0.251,1,0.000,0.000,0.000,0,220,0,0
1450,1.981,1.981,1.727,0.052,0.005,0.197,1,0.000,0.000,0.000,0,220,0,0
1451,1.469,1.469,1.195,0.053,0.004,0.217,1,0.000,0.000,0.000,0,220,0,0
1452,1.571,1.571,1.242,0.052,0.003,0.274,1,0.000,0.000,0.000,0,220,0,0
1453,3.309,3.309,2.993,0.052,0.002,0.262,1,0.000,0.000,0.000,0,220,0,0
1454,1.455,1.455,1.181,0.054,0.003,0.216,1,0.000,0.000,0.000,0,220,0,0
1455,1.713,1.713,1.344,0.054,0.004,0.311,1,0.000,0.000,0.000,0,220,0,0
1456,2.016,2.016,1.733,0.052,0.002,0.229,1,0.000,0.000,0.000,0,220,0,0
1457,1.597,1.597,1.318,0.051,0.002,0.226,1,0.000,0.000,0.000,0,220,0,0
1458,1.852,1.852,1.482,0.053,0.007,0.310,1,0.000,0.000,0.000,0,220,0,0
1459,2.101,2.101,1.801,0.051,0.003,0.246,1,0.000,0.000,0.000,0,220,0,0
1460,1.614,1.614,1.343,0.052,0.003,0.217,1,0.000,0.000,0.000,0,220,0,0
1461,1.622,1.622,1.295,0.051,0.002,0.273,1,0.000,0.000,0.000,0,220,0,0
1462,1.911,1.911,1.650,0.052,0.002,0.207,1,0.000,0.000,0.000,0,220,0,0
1463,1.487,1.487,1.239,0.051,0.002,0.195,1,0.000,0.000,0.000,0,220,0,0
1464,1.728,1.728,1.353,0.059,0.002,0.314,1,0.000,0.000,0.000,0,220,0,0
1465,1.799,1.799,1.496,0.054,0.003,0.246,1,0.000,0.000,0.000,0,220,0,0
1466,1.584,1.584,1.304,0.053,0.002,0.224,1,0.000,0.000,0.000,0,220,0,0
1467,1.634,1.634,1.283,0.052,0.002,0.296,1,0.000,0.000,0.000,0,220,0,0
1468,1.936,1.936,1.660,0.052,0.002,0.222,1,0.000,0.000,0.000,0,220,0,0
1469,1.543,1.543,1.267,0.052,0.002,0.222,1,0.000,0.000,0.000,0,220,0,0
1470,1.668,1.668,1.317,0.052,0.002,0.297,1,0.000,0.000,0.000,0,220,0,0
1471,2.455,2.455,2.172,0.051,0.002,0.229,1,0.000,0.000,0.000,0,220,0,0
1472,1.405,1.405,1.117,0.053,0.004,0.231,1,0.000,0.000,0.000,0,220,0,0
1473,1.661,1.661,1.314,0.053,0.002,0.292,1,0.000,0.000,0.000,0,220,0,0
1474,2.050,2.050,1.766,0.053,0.002,0.230,1,0.000,0.000,0.000,0,220,0,0
1475,1.574,1.574,1.304,0.051,0.002,0.217,1,0.000,0.000,0.000,0,220,0,0
1476,1.608,1.608,1.278,0.052,0.002,0.275,1,0.000,0.000,0.000,0,220,0,0
1477,1.904,1.904,1.644,0.052,0.002,0.205,1,0.000,0.000,0.000,0,220,0,0
1478,2.427,2.427,2.125,0.053,0.005,0.244,1,0.000,0.000,0.000,0,220,0,0
1479,1.522,1.522,1.148,0.054,0.004,0.317,1,0.000,0.000,0.000,0,220,0,0
1480,1.956,1.956,1.687,0.052,0.003,0.214,1,0.000,0.000,0.000,0,220,0,0
1481,1.491,1.491,1.230,0.054,0.002,0.205,1,0.000,0.000,0.000,0,220,0,0
1482,2.631,2.631,2.292,0.054,0.004,0.282,1,0.000,0.000,0.000,0,220,0,0
1483,1.984,1.984,1.648,0.056,0.004,0.276,1,0.000,0.000,0.000,0,220,0,0
1484,1.876,1.876,1.097,0.542,0.003,0.233,1,0.000,0.000,0.000,0,220,0,0
1485,1.686,1.686,1.306,0.052,0.003,0.325,1,0.000,0.000,0.000,0,220,0,0
1486,2.059,2.059,1.774,0.052,0.003,0.230,1,0.000,0.000,0.000,0,220,0,0
1487,1.594,1.594,1.309,0.052,0.002,0.231,1,0.000,0.000,0.000,0,220,0,0
1488,1.684,1.684,1.325,0.052,0.002,0.304,1,0.000,0.000,0.000,0,220,0,0
1489,1.998,1.998,1.714,0.052,0.002,0.230,1,0.000,0.000,0.000,0,220,0,0
1490,1.723,1.723,1.430,0.052,0.005,0.236,1,0.000,0.000,0.000,0,220,0,0
1491,1.812,1.812,1.441,0.053,0.003,0.314,1,0.000,0.000,0.000,0,220,0,0
1492,2.000,2.000,1.715,0.052,0.002,0.231,1,0.000,0.000,0.000,0,220,0,0
1493,1.735,1.735,1.464,0.051,0.004,0.215,1,0.000,0.000,0.000,0,220,0,0
1494,1.715,1.715,1.368,0.054,0.003,0.291,1,0.000,0.000,0.000,0,220,0,0
1495,1.968,1.968,1.693,0.053,0.003,0.218,1,0.000,0.000,0.000,0,220,0,0
1496,1.542,1.542,1.280,0.051,0.003,0.208,1,0.000,0.000,0.000,0,220,0,0
1497,2.190,2.190,1.853,0.051,0.005,0.281,1,0.000,0.000,0.000,0,220,0,0
1498,1.873,1.873,1.609,0.053,0.003,0.209,1,0.000,0.000,0.000,0,220,0,0
1499,1.675,1.675,1.387,0.052,0.003,0.233,1,0.000,0.000,0.000,0,220,0,0
1500,1.637,1.637,1.274,0.052,0.002,0.310,1,0.000,0.000,0.000,0,220,0,0
1501,2.184,2.184,1.896,0.053,0.004,0.231,1,0.000,0.000,0.000,0,220,0,0
1502,1.737,1.737,1.378,0.053,0.002,0.304,1,0.000,0.000,0.000,0,220,0,0
1503,2.251,2.251,2.005,0.052,0.005,0.190,1,0.000,0.000,0.000,0,220,0,0
1504,1.528,1.528,1.257,0.052,0.003,0.216,1,0.000,0.000,0.000,0,220,0,0
1505,1.973,1.973,1.613,0.053,0.005,0.302,1,0.000,0.000,0.000,0,220,0,0
1506,1.751,1.751,1.468,0.054,0.004,0.225,1,0.000,0.000,0.000,0,220,0,0
1507,1.515,1.515,1.246,0.053,0.002,0.213,1,0.000,0.000,0.000,0,220,0,0
1508,1.582,1.582,1.246,0.051,0.002,0.282,1,0.000,0.000,0.000,0,220,0,0
1509,2.808,2.808,2.523,0.054,0.004,0.227,1,0.000,0.000,0.000,0,220,0,0
1510,1.506,1.506,1.215,0.054,0.004,0.233,1,0.000,0.000,0.000,0,220,0,0
1511,1.647,1.647,1.312,0.052,0.003,0.280,1,0.000,0.000,0.000,0,220,0,0
1512,1.852,1.852,1.580,0.052,0.002,0.218,1,0.000,0.000,0.000,0,220,0,0
1513,1.497,1.497,1.230,0.051,0.002,0.213,1,0.000,0.000,0.000,0,220,0,0
1514,1.632,1.632,1.277,0.052,0.002,0.301,1,0.000,0.000,0.000,0,220,0,0
1515,1.937,1.937,1.654,0.051,0.002,0.230,1,0.000,0.000,0.000,0,220,0,0
1516,1.598,1.598,1.309,0.055,0.002,0.232,1,0.000,0.000,0.000,0,220,0,0
1517,1.871,1.871,1.510,0.052,0.004,0.306,1,0.000,0.000,0.000,0,220,0,0
1518,2.086,2.086,1.798,0.053,0.003,0.232,1,0.000,0.000,0.000,0,220,0,0
1519,1.697,1.697,1.418,0.052,0.002,0.225,1,0.000,0.000,0.000,0,220,0,0
1520,1.621,1.621,1.302,0.052,0.002,0.264,1,0.000,0.000,0.000,0,220,0,0
1521,1.817,1.817,1.572,0.051,0.002,0.191,1,0.000,0.000,0.000,0,220,0,0
1522,1.839,1.839,1.570,0.051,0.005,0.213,1,0.000,0.000,0.000,0,220,0,0
1523,1.350,1.350,1.033,0.052,0.003,0.261,1,0.000,0.000,0.000,0,220,0,0
1524,1.924,1.924,1.670,0.053,0.002,0.198,1,0.000,0.000,0.000,0,220,0,0
1525,1.332,1.332,1.138,0.052,0.002,0.140,1,0.000,0.000,0.000,0,220,0,0
1526,1.142,1.142,0.915,0.052,0.002,0.173,1,0.000,0.000,0.000,0,220,0,0
1527,1.310,1.310,1.123,0.052,0.002,0.133,1,0.000,0.000,0.000,0,220,0,0
1528,1.029,1.029,0.842,0.052,0.002,0.133,1,0.000,0.000,0.000,0,220,0,0
1529,1.089,1.089,0.859,0.052,0.002,0.176,1,0.000,0.000,0.000,0,220,0,0
1530,1.264,1.264,1.076,0.053,0.002,0.132,1,0.000,0.000,0.000,0,220,0,0
1531,1.340,1.340,1.143,0.056,0.004,0.137,1,0.000,0.000,0.000,0,220,0,0
1532,1.205,1.205,0.972,0.052,0.003,0.178,1,0.000,0.000,0.000,0,220,0,0
1533,1.270,1.270,1.084,0.051,0.002,0.133,1,0.000,0.000,0.000,0,220,0,0
1534,1.079,1.079,0.888,0.052,0.003,0.137,1,0.000,0.000,0.000,0,220,0,0
1535,1.088,1.088,0.876,0.051,0.002,0.159,1,0.000,0.000,0.000,0,220,0,0
1536,1.191,1.191,1.020,0.052,0.002,0.117,1,0.000,0.000,0.000,0,220,0,0
1537,0.984,0.984,0.814,0.052,0.002,0.117,1,0.000,0.000,0.000,0,220,0,0
1538,1.047,1.047,0.836,0.051,0.002,0.157,1,0.000,0.000,0.000,0,220,0,0
1539,1.526,1.526,1.192,0.059,0.145,0.130,1,0.000,0.000,0.000,0,220,0,0
1540,1.208,1.208,0.985,0.053,0.004,0.166,1,0.000,0.000,0.000,0,220,0,0
1541,1.582,1.582,1.394,0.055,0.005,0.128,1,0.000,0.000,0.000,0,220,0,0
1542,1.937,1.937,1.722,0.052,0.004,0.159,1,0.000,0.000,0.000,0,220,0,0
1543,1.499,1.499,1.343,0.053,0.003,0.100,1,0.000,0.000,0.000,0,220,0,0
1544,1.468,1.468,1.264,0.056,0.004,0.145,1,0.000,0.000,0.000,0,220,0,0
1545,1.028,1.028,0.842,0.052,0.002,0.132,1,0.000,0.000,0.000,0,220,0,0
1546,0.989,0.989,0.805,0.051,0.002,0.131,1,0.000,0.000,0.000,0,220,0,0
1547,1.071,1.071,0.844,0.052,0.002,0.173,1,0.000,0.000,0.000,0,220,0,0
1548,1.240,1.240,1.056,0.053,0.002,0.129,1,0.000,0.000,0.000,0,220,0,0
1549,0.998,0.998,0.815,0.052,0.002,0.128,1,0.000,0.000,0.000,0,220,0,0
1550,1.568,1.568,1.340,0.053,0.003,0.172,1,0.000,0.000,0.000,0,220,0,0
1551,1.263,1.263,1.080,0.051,0.002,0.129,1,0.000,0.000,0.000,0,220,0,0
1552,0.998,0.998,0.817,0.051,0.002,0.128,1,0.000,0.000,0.000,0,220,0,0
1553,1.026,1.026,0.803,0.051,0.002,0.169,1,0.000,0.000,0.000,0,220,0,0
1554,1.292,1.292,1.102,0.052,0.002,0.136,1,0.000,0.000,0.000,0,220,0,0
1555,0.978,0.978,0.802,0.051,0.002,0.123,1,0.000,0.000,0.000,0,220,0,0
1556,1.016,1.016,0.811,0.051,0.002,0.151,1,0.000,0.000,0.000,0,220,0,0
1557,1.126,1.126,0.953,0.052,0.002,0.119,1,0.000,0.000,0.000,0,220,0,0
1558,1.024,1.024,0.855,0.053,0.002,0.114,1,0.000,0.000,0.000,0,220,0,0
1559,1.213,1.213,0.991,0.052,0.002,0.167,1,0.000,0.000,0.000,0,220,0,0
1560,1.477,1.477,1.276,0.068,0.003,0.131,1,0.000,0.000,0.000,0,220,0,0
1561,1.006,1.006,0.823,0.051,0.002,0.130,1,0.000,0.000,0.000,0,220,0,0
1562,1.049,1.049,0.827,0.051,0.002,0.169,1,0.000,0.000,0.000,0,220,0,0
1563,1.225,1.225,1.039,0.053,0.002,0.131,1,0.000,0.000,0.000,0,220,0,0
1564,1.178,1.178,0.949,0.051,0.002,0.176,1,0.000,0.000,0.000,0,220,0,0
1565,1.379,1.379,1.001,0.078,0.002,0.297,1,0.000,0.000,0.000,0,220,1,0
1566,2.238,2.238,1.961,0.052,0.005,0.220,1,0.000,0.000,0.000,0,220,0,0
1567,1.576,1.576,1.303,0.056,0.003,0.215,1,0.000,0.000,0.000,0,220,0,0
1568,1.846,1.846,1.504,0.052,0.005,0.285,1,0.000,0.000,0.000,0,220,0,0
1569,1.910,1.910,1.640,0.053,0.002,0.215,1,0.000,0.000,0.000,0,220,0,0
1570,1.492,1.492,1.224,0.052,0.002,0.214,1,0.000,0.000,0.000,0,220,0,0
1571,1.606,1.606,1.278,0.051,0.002,0.275,1,0.000,0.000,0.000,0,220,0,0
1572,1.902,1.902,1.614,0.052,0.002,0.234,1,0.000,0.000,0.000,0,220,0,0
1573,1.602,1.602,1.314,0.051,0.003,0.235,1,0.000,0.000,0.000,0,220,0,0
1574,1.955,1.955,1.550,0.052,0.002,0.351,1,0.000,0.000,0.000,0,220,0,0
1575,2.357,2.357,2.043,0.052,0.005,0.257,1,0.000,0.000,0.000,0,220,0,0
1576,1.919,1.919,1.545,0.053,0.004,0.316,1,0.000,0.000,0.000,0,220,0,0
1577,2.834,2.834,2.455,0.053,0.003,0.322,1,0.000,0.000,0.000,0,220,0,0
1578,1.323,1.323,1.025,0.054,0.004,0.240,1,0.000,0.000,0.000,0,220,0,0
1579,1.856,1.856,1.535,0.053,0.003,0.266,1,0.000,0.000,0.000,0,220,0,0
1580,1.834,1.834,1.444,0.053,0.003,0.334,1,0.000,0.000,0.000,0,220,0,0
1581,2.229,2.229,1.925,0.052,0.002,0.250,1,0.000,0.000,0.000,0,220,0,0
1582,1.763,1.763,1.469,0.052,0.002,0.240,1,0.000,0.000,0.000,0,220,0,0
1583,1.743,1.743,1.413,0.052,0.003,0.275,1,0.000,0.000,0.000,0,220,0,0
1584,2.026,2.026,1.743,0.053,0.002,0.228,1,0.000,0.000,0.000,0,220,0,0
1585,1.621,1.621,1.306,0.052,0.002,0.261,1,0.000,0.000,0.000,0,220,0,0
1586,1.900,1.900,1.509,0.052,0.002,0.336,1,0.000,0.000,0.000,0,220,0,0
1587,2.449,2.449,2.142,0.052,0.002,0.253,1,0.000,0.000,0.000,0,220,0,0
1588,1.763,1.763,1.455,0.052,0.002,0.253,1,0.000,0.000,0.000,0,220,0,0
1589,1.880,1.880,1.492,0.051,0.002,0.335,1,0.000,0.000,0.000,0,220,0,0
1590,2.212,2.212,1.902,0.052,0.002,0.255,1,0.000,0.000,0.000,0,220,0,0
1591,1.774,1.774,1.466,0.052,0.002,0.254,1,0.000,0.000,0.000,0,220,0,0
1592,2.157,2.157,1.743,0.052,0.006,0.356,1,0.000,0.000,0.000,0,220,0,0
1593,2.209,2.209,1.889,0.052,0.003,0.265,1,0.000,0.000,0.000,0,220,0,0
1594,1.845,1.845,1.527,0.052,0.002,0.264,1,0.000,0.000,0.000,0,220,0,0
1595,1.917,1.917,1.499,0.052,0.002,0.364,1,0.000,0.000,0.000,0,220,0,0
1596,2.386,2.386,2.058,0.051,0.002,0.274,1,0.000,0.000,0.000,0,220,0,0
1597,2.068,2.068,1.678,0.051,0.002,0.337,1,0.000,0.000,0.000,0,220,0,0
1598,2.054,2.054,1.627,0.056,0.003,0.368,1,0.000,0.000,0.000,0,220,0,0
1599,2.687,2.687,2.358,0.053,0.006,0.271,1,0.000,0.000,0.000,0,220,0,0
1600,1.960,1.960,1.627,0.056,0.003,0.274,1,0.000,0.000,0.000,0,220,0,0
1601,1.955,1.955,1.569,0.053,0.005,0.329,1,0.000,0.000,0.000,0,220,0,0
1602,2.718,2.718,2.412,0.058,0.003,0.245,1,0.000,0.000,0.000,0,220,0,0
1603,2.230,2.230,1.840,0.057,0.003,0.329,1,0.000,0.000,0.000,0,224,0,0
1604,2.418,2.418,2.102,0.053,0.003,0.260,1,0.000,0.000,0.000,0,224,0,0
1605,1.695,1.695,1.448,0.054,0.003,0.191,1,0.000,0.000,0.000,0,224,0,0
1606,1.476,1.476,1.170,0.053,0.002,0.251,1,0.000,0.000,0.000,0,224,0,0
1607,1.763,1.763,1.516,0.053,0.002,0.192,1,0.000,0.000,0.000,0,224,0,0
1608,1.414,1.414,1.169,0.052,0.002,0.191,1,0.000,0.000,0.000,0,224,0,0
1609,1.782,1.782,1.453,0.051,0.002,0.275,1,0.000,0.000,0.000,0,224,0,0
1610,1.688,1.688,1.421,0.054,0.005,0.208,1,0.000,0.000,0.000,0,224,0,0
1611,1.408,1.408,1.161,0.054,0.003,0.192,1,0.000,0.000,0.000,0,224,0,0
1612,1.505,1.505,1.199,0.052,0.003,0.250,1,0.000,0.000,0.000,0,224,0,0
1613,1.768,1.768,1.526,0.054,0.002,0.186,1,0.000,0.000,0.000,0,224,0,0
1614,1.480,1.480,1.236,0.054,0.002,0.187,1,0.000,0.000,0.000,0,476,0,0
1615,1.456,1.456,1.147,0.054,0.003,0.252,1,0.000,0.000,0.000,0,476,0,0
1616,2.271,2.271,1.988,0.055,0.002,0.226,1,0.000,0.000,0.000,0,476,0,0
1617,1.502,1.502,1.236,0.056,0.004,0.206,1,0.000,0.000,0.000,0,476,0,0
1618,1.521,1.521,1.209,0.054,0.002,0.255,1,0.000,0.000,0.000,0,476,0,0
1619,1.876,1.876,1.616,0.055,0.003,0.202,1,0.000,0.000,0.000,0,476,0,0
1620,1.426,1.426,1.198,0.056,0.002,0.170,1,0.000,0.000,0.000,0,476,0,0
1621,1.364,1.364,1.083,0.055,0.002,0.225,1,0.000,0.000,0.000,0,476,0,0
1622,1.637,1.637,1.411,0.055,0.002,0.170,1,0.000,0.000,0.000,0,476,0,0
1623,1.305,1.305,1.079,0.054,0.002,0.170,1,0.000,0.000,0.000,0,476,0,0
1624,1.928,1.928,1.605,0.058,0.003,0.263,1,0.000,0.000,0.000,0,476,0,0
1625,1.780,1.780,1.532,0.055,0.003,0.190,1,0.000,0.000,0.000,0,476,0,0
1626,1.368,1.368,1.122,0.055,0.002,0.189,1,0.000,0.000,0.000,0,476,0,0
1627,1.486,1.486,1.173,0.055,0.002,0.256,1,0.000,0.000,0.000,0,476,0,0
1628,1.972,1.972,1.708,0.054,0.008,0.202,1,0.000,0.000,0.000,0,476,0,0
1629,1.426,1.426,1.171,0.056,0.004,0.196,1,0.000,0.000,0.000,0,476,0,0
1630,1.480,1.480,1.175,0.054,0.002,0.249,1,0.000,0.000,0.000,0,476,0,0
1631,1.790,1.790,1.540,0.057,0.003,0.190,1,0.000,0.000,0.000,0,476,0,0
1632,2.577,2.577,2.311,0.059,0.005,0.202,1,0.000,0.000,0.000,0,476,0,0
1633,1.568,1.568,1.247,0.056,0.005,0.260,1,0.000,0.000,0.000,0,476,0,0
1634,1.791,1.791,1.537,0.055,0.002,0.197,1,0.000,0.000,0.000,0,476,0,0
1635,1.356,1.356,1.130,0.054,0.003,0.169,1,0.000,0.000,0.000,0,476,0,0
1636,1.389,1.389,1.105,0.056,0.002,0.226,1,0.000,0.000,0.000,0,476,0,0
1637,1.618,1.618,1.395,0.055,0.002,0.167,1,0.000,0.000,0.000,0,476,0,0
1638,1.843,1.843,1.580,0.056,0.004,0.203,1,0.000,0.000,0.000,0,476,0,0
1639,3.122,3.122,2.798,0.054,0.009,0.261,1,0.000,0.000,0.000,0,476,0,0
1640,1.760,1.760,1.546,0.060,0.003,0.150,1,0.000,0.000,0.000,0,476,0,0
1641,1.669,1.669,1.459,0.062,0.003,0.146,1,0.000,0.000,0.000,0,476,0,0
1642,1.334,1.334,1.080,0.055,0.002,0.197,1,0.000,0.000,0.000,0,476,0,0
1643,1.893,1.893,1.647,0.055,0.010,0.181,1,0.000,0.000,0.000,0,476,0,0
1644,2.552,2.552,2.292,0.057,0.005,0.197,1,0.000,0.000,0.000,0,476,0,0
1645,1.747,1.747,1.396,0.058,0.003,0.289,1,0.000,0.000,0.000,0,476,0,0
1646,3.376,3.376,3.085,0.056,0.008,0.227,1,0.000,0.000,0.000,0,476,0,0
1647,1.711,1.711,1.446,0.059,0.003,0.203,1,0.000,0.000,0.000,0,476,0,0
1648,1.730,1.730,1.375,0.058,0.005,0.292,1,0.000,0.000,0.000,0,476,0,0
1649,2.039,2.039,1.766,0.060,0.003,0.210,1,0.000,0.000,0.000,0,476,0,0
1650,1.518,1.518,1.253,0.055,0.002,0.208,1,0.000,0.000,0.000,0,476,0,0
1651,1.642,1.642,1.313,0.055,0.002,0.272,1,0.000,0.000,0.000,0,476,0,0
1652,2.110,2.110,1.836,0.055,0.005,0.214,1,0.000,0.000,0.000,0,476,0,0
1653,1.521,1.521,1.271,0.057,0.002,0.190,1,0.000,0.000,0.000,0,476,0,0
1654,1.566,1.566,1.250,0.054,0.002,0.260,1,0.000,0.000,0.000,0,476,0,0
1655,2.280,2.280,1.753,0.055,0.007,0.466,1,0.000,0.000,0.000,0,476,0,0
1656,1.438,1.438,1.200,0.056,0.004,0.178,1,0.000,0.000,0.000,0,476,0,0
1657,1.491,1.491,1.209,0.055,0.002,0.224,1,0.000,0.000,0.000,0,476,0,0
1658,2.901,2.901,2.661,0.055,0.006,0.178,1,0.000,0.000,0.000,0,476,0,0
1659,1.546,1.546,1.309,0.056,0.002,0.178,1,0.000,0.000,0.000,0,476,0,0
1660,1.601,1.601,1.282,0.057,0.004,0.258,1,0.000,0.000,0.000,0,476,0,0
1661,1.775,1.775,1.530,0.055,0.002,0.188,1,0.000,0.000,0.000,0,476,0,0
1662,1.870,1.870,1.626,0.055,0.002,0.187,1,0.000,0.000,0.000,0,476,0,0
1663,1.476,1.476,1.194,0.054,0.002,0.225,1,0.000,0.000,0.000,0,476,0,0
1664,1.971,1.971,1.697,0.055,0.007,0.211,1,0.000,0.000,0.000,0,476,0,0
1665,1.464,1.464,1.169,0.056,0.004,0.235,1,0.000,0.000,0.000,0,476,0,0
1666,1.667,1.667,1.330,0.055,0.003,0.280,1,0.000,0.000,0.000,0,476,0,0
1667,1.940,1.940,1.669,0.055,0.003,0.213,1,0.000,0.000,0.000,0,476,0,0
1668,1.523,1.523,1.253,0.055,0.002,0.212,1,0.000,0.000,0.000,0,476,0,0
1669,2.041,2.041,1.702,0.057,0.003,0.280,1,0.000,0.000,0.000,0,476,0,0
1670,2.059,2.059,1.788,0.054,0.003,0.214,1,0.000,0.000,0.000,0,476,0,0
1671,1.618,1.618,1.339,0.053,0.002,0.224,1,0.000,0.000,0.000,0,472,0,0
1672,1.695,1.695,1.326,0.054,0.002,0.311,1,0.000,0.000,0.000,0,472,0,0
1673,2.050,2.050,1.762,0.055,0.002,0.230,1,0.000,0.000,0.000,0,476,0,0
1674,1.692,1.692,1.396,0.054,0.002,0.240,1,0.000,0.000,0.000,0,476,0,0
1675,2.290,2.290,1.898,0.054,0.005,0.333,1,0.000,0.000,0.000,0,476,0,0
1676,2.238,2.238,1.930,0.057,0.002,0.249,1,0.000,0.000,0.000,0,476,0,0
1677,1.796,1.796,1.490,0.055,0.003,0.248,1,0.000,0.000,0.000,0,476,0,0
1678,1.957,1.957,1.576,0.054,0.002,0.324,1,0.000,0.000,0.000,0,476,0,0
1679,2.318,2.318,2.014,0.056,0.003,0.245,1,0.000,0.000,0.000,0,476,0,0
1680,2.245,2.245,1.941,0.055,0.002,0.246,1,0.000,0.000,0.000,0,476,0,0
1681,2.124,2.124,1.599,0.057,0.007,0.462,1,0.000,0.000,0.000,0,476,0,0
1682,2.028,2.028,1.733,0.056,0.004,0.234,1,0.000,0.000,0.000,0,476,0,0
1683,1.615,1.615,1.333,0.054,0.003,0.225,1,0.000,0.000,0.000,0,476,0,0
1684,1.966,1.966,1.566,0.059,0.002,0.339,1,0.000,0.000,0.000,0,900,0,0
1685,2.863,2.863,2.628,0.066,0.005,0.163,1,0.000,0.000,0.000,0,900,0,0
1686,2.201,2.201,1.950,0.064,0.005,0.183,1,0.000,0.000,0.000,0,900,0,0
1687,1.538,1.538,1.254,0.060,0.002,0.222,1,0.000,0.000,0.000,0,900,0,0
1688,1.613,1.613,1.381,0.059,0.002,0.170,1,0.000,0.000,0.000,0,900,0,0
1689,1.402,1.402,1.171,0.058,0.002,0.170,1,0.000,0.000,0.000,0,900,0,0
1690,1.454,1.454,1.167,0.059,0.002,0.226,1,0.000,0.000,0.000,0,900,0,0
1691,1.631,1.631,1.401,0.059,0.002,0.168,1,0.000,0.000,0.000,0,900,0,0
1692,1.406,1.406,1.176,0.059,0.002,0.168,1,0.000,0.000,0.000,0,900,0,0
1693,1.952,1.952,1.656,0.067,0.004,0.225,1,0.000,0.000,0.000,0,900,0,0
1694,1.761,1.761,1.503,0.059,0.003,0.196,1,0.000,0.000,0.000,0,900,0,0
1695,1.424,1.424,1.176,0.060,0.002,0.186,1,0.000,0.000,0.000,0,900,0,0
1696,1.481,1.481,1.175,0.059,0.002,0.244,1,0.000,0.000,0.000,0,900,0,0
1697,1.772,1.772,1.522,0.060,0.002,0.188,1,0.000,0.000,0.000,0,900,0,0
1698,1.406,1.406,1.157,0.059,0.002,0.187,1,0.000,0.000,0.000,0,900,0,0
1699,1.566,1.566,1.245,0.060,0.002,0.259,1,0.000,0.000,0.000,0,900,0,0
1700,2.060,2.060,1.821,0.063,0.003,0.173,1,0.000,0.000,0.000,0,900,0,0
1701,1.510,1.510,1.224,0.060,0.002,0.224,1,0.000,0.000,0.000,0,900,0,0
1702,1.640,1.640,1.409,0.059,0.003,0.170,1,0.000,0.000,0.000,0,900,0,0
1703,1.393,1.393,1.162,0.060,0.002,0.168,1,0.000,0.000,0.000,0,900,0,0
1704,1.577,1.577,1.291,0.059,0.002,0.226,1,0.000,0.000,0.000,0,900,0,0
1705,1.620,1.620,1.361,0.060,0.002,0.196,1,0.000,0.000,0.000,0,900,0,0
1706,1.678,1.678,1.428,0.062,0.002,0.186,1,0.000,0.000,0.000,0,900,0,0
1707,1.664,1.664,1.335,0.058,0.002,0.268,1,0.000,0.000,0.000,0,900,0,0
1708,1.787,1.787,1.526,0.063,0.004,0.194,1,0.000,0.000,0.000,0,900,0,0
1709,1.444,1.444,1.201,0.059,0.002,0.182,1,0.000,0.000,0.000,0,900,0,0
1710,1.462,1.462,1.161,0.059,0.002,0.239,1,0.000,0.000,0.000,0,900,0,0
1711,2.391,2.391,2.135,0.059,0.004,0.194,1,0.000,0.000,0.000,0,900,0,0
1712,1.546,1.546,1.297,0.061,0.003,0.186,1,0.000,0.000,0.000,0,900,0,0
1713,1.479,1.479,1.177,0.059,0.002,0.240,1,0.000,0.000,0.000,0,900,0,0
1714,2.050,2.050,1.782,0.064,0.003,0.202,1,0.000,0.000,0.000,0,900,0,0
1715,3.039,3.039,2.789,0.065,0.005,0.181,1,0.000,0.000,0.000,0,900,0,0
1716,1.801,1.801,1.492,0.063,0.004,0.241,1,0.000,0.000,0.000,0,900,0,0
1717,1.613,1.613,1.382,0.060,0.003,0.168,1,0.000,0.000,0.000,0,900,0,0
1718,1.375,1.375,1.149,0.059,0.002,0.165,1,0.000,0.000,0.000,0,900,0,0
1719,1.544,1.544,1.234,0.059,0.002,0.250,1,0.000,0.000,0.000,0,900,0,0
1720,1.758,1.758,1.512,0.059,0.005,0.181,1,0.000,0.000,0.000,0,900,0,0
1721,1.476,1.476,1.239,0.059,0.003,0.175,1,0.000,0.000,0.000,0,900,0,0
1722,1.464,1.464,1.185,0.059,0.002,0.218,1,0.000,0.000,0.000,0,900,0,0
1723,1.552,1.552,1.323,0.060,0.002,0.167,1,0.000,0.000,0.000,0,900,0,0
1724,1.796,1.796,1.438,0.060,0.002,0.295,1,0.000,0.000,0.000,0,900,0,0
1725,1.674,1.674,1.271,0.060,0.002,0.340,1,0.000,0.000,0.000,0,900,0,0
1726,2.260,2.260,1.957,0.059,0.002,0.241,1,0.000,0.000,0.000,0,900,0,0
1727,1.983,1.983,1.674,0.062,0.002,0.245,1,0.000,0.000,0.000,0,900,0,0
1728,1.804,1.804,1.425,0.059,0.002,0.318,1,0.000,0.000,0.000,0,900,0,0
1729,2.166,2.166,1.851,0.060,0.002,0.253,1,0.000,0.000,0.000,0,900,0,0
1730,1.710,1.710,1.409,0.059,0.002,0.240,1,0.000,0.000,0.000,0,900,0,0
1731,1.841,1.841,1.466,0.059,0.002,0.313,1,0.000,0.000,0.000,0,900,0,0
1732,2.276,2.276,1.927,0.086,0.007,0.257,1,0.000,0.000,0.000,0,900,1,0
1733,2.080,2.080,1.755,0.062,0.003,0.259,1,0.000,0.000,0.000,0,900,0,0
1734,1.877,1.877,1.476,0.059,0.002,0.339,1,0.000,0.000,0.000,0,900,0,0
1735,2.285,2.285,1.954,0.059,0.003,0.269,1,0.000,0.000,0.000,0,900,0,0
1736,1.885,1.885,1.565,0.059,0.003,0.258,1,0.000,0.000,0.000,0,900,0,0
1737,1.971,1.971,1.562,0.060,0.002,0.347,1,0.000,0.000,0.000,0,900,0,0
1738,2.956,2.956,2.621,0.059,0.006,0.270,1,0.000,0.000,0.000,0,900,0,0
1739,1.946,1.946,1.605,0.061,0.004,0.276,1,0.000,0.000,0.000,0,900,0,0
1740,3.564,3.564,3.158,0.070,0.006,0.329,1,0.000,0.000,0.000,0,900,0,0
1741,1.925,1.925,1.629,0.067,0.003,0.227,1,0.000,0.000,0.000,0,900,0,0
1742,1.873,1.873,1.546,0.059,0.005,0.263,1,0.000,0.000,0.000,0,900,0,0
1743,1.947,1.947,1.563,0.059,0.002,0.322,1,0.000,0.000,0.000,0,900,0,0
1744,2.407,2.407,2.076,0.060,0.003,0.268,1,0.000,0.000,0.000,0,900,0,0
1745,1.841,1.841,1.548,0.059,0.003,0.231,1,0.000,0.000,0.000,0,900,0,0
1746,1.788,1.788,1.424,0.059,0.002,0.303,1,0.000,0.000,0.000,0,900,0,0
1747,2.125,2.125,1.834,0.059,0.002,0.230,1,0.000,0.000,0.000,0,900,0,0
1748,1.686,1.686,1.395,0.059,0.002,0.230,1,0.000,0.000,0.000,0,900,0,0
1749,2.141,2.141,1.761,0.059,0.007,0.313,1,0.000,0.000,0.000,0,900,0,0
1750,2.131,2.131,1.822,0.058,0.004,0.246,1,0.000,0.000,0.000,0,900,0,0
1751,1.719,1.719,1.431,0.060,0.002,0.225,1,0.000,0.000,0.000,0,900,0,0
1752,1.844,1.844,1.470,0.059,0.002,0.312,1,0.000,0.000,0.000,0,900,0,0
1753,2.089,2.089,1.798,0.059,0.002,0.229,1,0.000,0.000,0.000,0,900,0,0
1754,1.746,1.746,1.442,0.059,0.002,0.243,1,0.000,0.000,0.000,0,900,0,0
1755,1.974,1.974,1.582,0.060,0.004,0.328,1,0.000,0.000,0.000,0,900,0,0
1756,2.275,2.275,1.960,0.055,0.004,0.257,1,0.000,0.000,0.000,0,228,0,0
1757,1.793,1.793,1.489,0.054,0.002,0.247,1,0.000,0.000,0.000,0,228,0,0
1758,1.865,1.865,1.488,0.053,0.002,0.322,1,0.000,0.000,0.000,0,228,0,0
1759,2.273,2.273,1.983,0.053,0.002,0.235,1,0.000,0.000,0.000,0,228,0,0
1760,1.676,1.676,1.407,0.054,0.003,0.212,1,0.000,0.000,0.000,0,228,0,0
1761,1.837,1.837,1.492,0.054,0.004,0.288,1,0.000,0.000,0.000,0,228,0,0
1762,2.096,2.096,1.800,0.054,0.005,0.238,1,0.000,0.000,0.000,0,228,0,0
1763,1.584,1.584,1.316,0.055,0.003,0.211,1,0.000,0.000,0.000,0,228,0,0
1764,1.792,1.792,1.466,0.054,0.003,0.270,1,0.000,0.000,0.000,0,228,0,0
1765,1.819,1.819,1.612,0.054,0.002,0.152,1,0.000,0.000,0.000,0,228,0,0
1766,1.218,1.218,1.010,0.054,0.002,0.152,1,0.000,0.000,0.000,0,228,0,0
1767,1.456,1.456,1.199,0.053,0.004,0.200,1,0.000,0.000,0.000,0,224,0,0
1768,1.547,1.547,1.351,0.053,0.003,0.141,1,0.000,0.000,0.000,0,224,0,0
1769,1.315,1.315,1.094,0.053,0.003,0.165,1,0.000,0.000,0.000,0,224,0,0
1770,1.359,1.359,1.100,0.051,0.002,0.205,1,0.000,0.000,0.000,0,220,0,0
1771,1.542,1.542,1.335,0.052,0.002,0.152,1,0.000,0.000,0.000,0,220,0,0
1772,1.232,1.232,1.026,0.052,0.002,0.152,1,0.000,0.000,0.000,0,220,0,0
1773,1.277,1.277,1.024,0.052,0.002,0.198,1,0.000,0.000,0.000,0,220,0,0
1774,1.557,1.557,1.344,0.052,0.002,0.158,1,0.000,0.000,0.000,0,220,0,0
1775,1.249,1.249,1.053,0.054,0.003,0.139,1,0.000,0.000,0.000,0,220,0,0
1776,1.846,1.846,1.596,0.052,0.002,0.196,1,0.000,0.000,0.000,0,220,0,0
1777,1.510,1.510,1.297,0.054,0.004,0.155,1,0.000,0.000,0.000,0,220,0,0
1778,1.159,1.159,0.961,0.052,0.003,0.144,1,0.000,0.000,0.000,0,220,0,0
1779,1.373,1.373,1.120,0.052,0.002,0.198,1,0.000,0.000,0.000,0,220,0,0
1780,1.743,1.743,1.560,0.052,0.004,0.127,1,0.000,0.000,0.000,0,220,0,0
1781,1.728,1.728,1.549,0.053,0.003,0.123,1,0.000,0.000,0.000,0,220,0,0
1782,1.152,1.152,0.941,0.052,0.002,0.156,1,0.000,0.000,0.000,0,220,0,0
1783,1.254,1.254,1.116,0.052,0.002,0.085,1,0.000,0.000,0.000,0,220,0,0
1784,1.681,1.681,1.494,0.053,0.002,0.132,1,0.000,0.000,0.000,0,220,0,0
1785,2.400,2.400,2.053,0.054,0.004,0.289,1,0.000,0.000,0.000,0,220,0,0
1786,1.247,1.247,1.001,0.053,0.003,0.190,1,0.000,0.000,0.000,0,220,0,0
1787,1.842,1.842,1.614,0.053,0.003,0.173,1,0.000,0.000,0.000,0,220,0,0
1788,1.444,1.444,1.149,0.053,0.003,0.239,1,0.000,0.000,0.000,0,220,0,0
1789,1.667,1.667,1.439,0.052,0.002,0.173,1,0.000,0.000,0.000,0,220,0,0
1790,1.629,1.629,1.363,0.053,0.005,0.208,1,0.000,0.000,0.000,0,220,0,0
1791,1.939,1.939,1.645,0.052,0.005,0.238,1,0.000,0.000,0.000,0,220,0,0
1792,1.708,1.708,1.477,0.055,0.003,0.173,1,0.000,0.000,0.000,0,220,0,0
1793,1.305,1.305,1.081,0.052,0.002,0.170,1,0.000,0.000,0.000,0,220,0,0
1794,1.061,1.061,0.825,0.052,0.002,0.182,1,0.000,0.000,0.000,0,220,0,0
1795,0.921,0.921,0.822,0.051,0.003,0.045,1,0.000,0.000,0.000,0,220,0,0
1796,0.912,0.912,0.811,0.052,0.002,0.046,1,0.000,0.000,0.000,0,220,0,0
1797,0.898,0.898,0.788,0.052,0.002,0.055,1,0.000,0.000,0.000,0,220,0,0
1798,0.834,0.834,0.761,0.052,0.002,0.019,1,0.000,0.000,0.000,0,220,0,0
1799,0.909,0.909,0.850,0.052,0.002,0.006,1,0.000,0.000,0.000,0,220,0,0
1800,0.820,0.820,0.761,0.052,0.002,0.006,1,0.000,0.000,0.000,0,220,0,0
1801,0.810,0.810,0.751,0.051,0.002,0.005,1,0.000,0.000,0.000,0,220,0,0
1802,1.325,1.325,1.262,0.053,0.003,0.007,1,0.000,0.000,0.000,0,220,0,0
1803,1.645,1.645,1.570,0.057,0.007,0.011,1,0.000,0.000,0.000,0,220,0,0
1804,1.097,1.097,1.031,0.055,0.004,0.007,1,0.000,0.000,0.000,0,220,0,0
1805,0.842,0.842,0.780,0.053,0.002,0.007,1,0.000,0.000,0.000,0,220,0,0
1806,0.836,0.836,0.776,0.053,0.002,0.005,1,0.000,0.000,0.000,0,220,0,0
1807,0.812,0.812,0.753,0.052,0.002,0.005,1,0.000,0.000,0.000,0,220,0,0
1808,0.811,0.811,0.750,0.052,0.002,0.006,1,0.000,0.000,0.000,0,220,0,0
1809,0.806,0.806,0.746,0.052,0.002,0.005,1,0.000,0.000,0.000,0,220,0,0
1810,0.800,0.800,0.741,0.051,0.002,0.005,1,0.000,0.000,0.000,0,220,0,0
1811,0.808,0.808,0.748,0.051,0.002,0.006,1,0.000,0.000,0.000,0,220,0,0
1812,0.805,0.805,0.746,0.052,0.002,0.005,1,0.000,0.000,0.000,0,220,0,0
1813,1.034,1.034,0.964,0.061,0.003,0.006,1,0.000,0.000,0.000,0,220,0,0
1814,1.003,1.003,0.939,0.053,0.003,0.008,1,0.000,0.000,0.000,0,220,0,0
1815,0.829,0.829,0.769,0.053,0.002,0.005,1,0.000,0.000,0.000,0,220,0,0
1816,0.812,0.812,0.752,0.053,0.002,0.005,1,0.000,0.000,0.000,0,220,0,0
1817,0.806,0.806,0.746,0.052,0.002,0.006,1,0.000,0.000,0.000,0,220,0,0
1818,1.209,1.209,1.088,0.110,0.004,0.007,1,0.000,0.000,0.000,0,220,0,0
1819,1.032,1.032,0.972,0.053,0.003,0.005,1,0.000,0.000,0.000,0,220,0,0
1820,0.993,0.993,0.930,0.052,0.003,0.008,1,0.000,0.000,0.000,0,220,0,0
1821,0.825,0.825,0.765,0.052,0.002,0.005,1,0.000,0.000,0.000,0,220,0,0
1822,0.810,0.810,0.751,0.051,0.002,0.005,1,0.000,0.000,0.000,0,220,0,0
1823,0.811,0.811,0.750,0.052,0.002,0.007,1,0.000,0.000,0.000,0,220,0,0
1824,0.820,0.820,0.761,0.052,0.002,0.005,1,0.000,0.000,0.000,0,220,0,0
1825,0.805,0.805,0.747,0.051,0.002,0.005,1,0.000,0.000,0.000,0,220,0,0
1826,0.810,0.810,0.751,0.052,0.002,0.006,1,0.000,0.000,0.000,0,220,0,0
1827,0.804,0.804,0.746,0.051,0.002,0.005,1,0.000,0.000,0.000,0,220,0,0
1828,0.804,0.804,0.745,0.052,0.002,0.005,1,0.000,0.000,0.000,0,220,0,0
1829,0.805,0.805,0.746,0.051,0.002,0.007,1,0.000,0.000,0.000,0,220,0,0
1830,0.802,0.802,0.744,0.051,0.002,0.005,1,0.000,0.000,0.000,0,220,0,0
1831,0.801,0.801,0.743,0.051,0.002,0.005,1,0.000,0.000,0.000,0,220,0,0
1832,0.813,0.813,0.753,0.052,0.002,0.006,1,0.000,0.000,0.000,0,220,0,0
1833,0.827,0.827,0.767,0.052,0.002,0.005,1,0.000,0.000,0.000,0,220,0,0
1834,0.804,0.804,0.745,0.052,0.002,0.005,1,0.000,0.000,0.000,0,220,0,0
1835,0.806,0.806,0.746,0.052,0.002,0.006,1,0.000,0.000,0.000,0,220,0,0
1836,0.799,0.799,0.741,0.052,0.002,0.005,1,0.000,0.000,0.000,0,220,0,0
1837,0.817,0.817,0.758,0.052,0.002,0.005,1,0.000,0.000,0.000,0,220,0,0
1838,0.809,0.809,0.749,0.052,0.002,0.006,1,0.000,0.000,0.000,0,220,0,0
1839,0.806,0.806,0.747,0.052,0.002,0.005,1,0.000,0.000,0.000,0,220,0,0
1840,0.798,0.798,0.740,0.052,0.002,0.005,1,0.000,0.000,0.000,0,220,0,0
1841,0.807,0.807,0.747,0.051,0.002,0.007,1,0.000,0.000,0.000,0,220,0,0
1842,0.803,0.803,0.745,0.051,0.002,0.005,1,0.000,0.000,0.000,0,220,0,0
1843,0.805,0.805,0.745,0.052,0.002,0.005,1,0.000,0.000,0.000,0,220,0,0
1844,0.807,0.807,0.747,0.052,0.002,0.006,1,0.000,0.000,0.000,0,220,0,0
1845,0.802,0.802,0.743,0.052,0.002,0.005,1,0.000,0.000,0.000,0,220,0,0
1846,0.803,0.803,0.744,0.052,0.002,0.005,1,0.000,0.000,0.000,0,220,0,0
1847,0.806,0.806,0.746,0.051,0.002,0.006,1,0.000,0.000,0.000,0,220,0,0
1848,0.804,0.804,0.745,0.052,0.002,0.005,1,0.000,0.000,0.000,0,220,0,0
1849,0.815,0.815,0.755,0.052,0.002,0.005,1,0.000,0.000,0.000,0,220,0,0
1850,0.811,0.811,0.751,0.052,0.002,0.007,1,0.000,0.000,0.000,0,220,0,0
1851,0.805,0.805,0.746,0.051,0.002,0.005,1,0.000,0.000,0.000,0,220,0,0
1852,1.309,1.309,1.238,0.060,0.004,0.007,1,0.000,0.000,0.000,0,220,0,0
1853,1.001,1.001,0.937,0.053,0.003,0.008,1,0.000,0.000,0.000,0,220,0,0
1854,0.831,0.831,0.771,0.052,0.002,0.005,1,0.000,0.000,0.000,0,220,0,0
1855,0.820,0.820,0.762,0.052,0.002,0.005,1,0.000,0.000,0.000,0,220,0,0
1856,0.811,0.811,0.751,0.052,0.002,0.006,1,0.000,0.000,0.000,0,220,0,0
1857,1.237,1.237,1.122,0.107,0.002,0.005,1,0.000,0.000,0.000,0,220,0,0
1858,1.400,1.400,1.337,0.054,0.003,0.007,1,0.000,0.000,0.000,0,220,0,0
1859,1.039,1.039,0.976,0.054,0.002,0.008,1,0.000,0.000,0.000,0,220,0,0
1860,0.835,0.835,0.775,0.052,0.002,0.006,1,0.000,0.000,0.000,0,220,0,0
1861,0.813,0.813,0.753,0.052,0.002,0.005,1,0.000,0.000,0.000,0,220,0,0
1862,0.825,0.825,0.764,0.052,0.002,0.006,1,0.000,0.000,0.000,0,220,0,0
1863,0.808,0.808,0.749,0.052,0.002,0.005,1,0.000,0.000,0.000,0,220,0,0
1864,0.805,0.805,0.746,0.052,0.002,0.005,1,0.000,0.000,0.000,0,220,0,0
1865,0.808,0.808,0.748,0.052,0.002,0.006,1,0.000,0.000,0.000,0,220,0,0
1866,0.802,0.802,0.743,0.051,0.002,0.005,1,0.000,0.000,0.000,0,220,0,0
1867,0.805,0.805,0.746,0.051,0.002,0.005,1,0.000,0.000,0.000,0,220,0,0
1868,1.199,1.199,1.129,0.056,0.004,0.010,1,0.000,0.000,0.000,0,220,0,0
1869,1.009,1.009,0.945,0.054,0.003,0.007,1,0.000,0.000,0.000,0,220,0,0
1870,0.826,0.826,0.766,0.052,0.002,0.005,1,0.000,0.000,0.000,0,220,0,0
1871,0.817,0.817,0.757,0.052,0.002,0.006,1,0.000,0.000,0.000,0,220,0,0
1872,0.808,0.808,0.749,0.051,0.002,0.005,1,0.000,0.000,0.000,0,220,0,0
1873,0.806,0.806,0.747,0.052,0.002,0.005,1,0.000,0.000,0.000,0,220,0,0
1874,0.807,0.807,0.747,0.052,0.002,0.006,1,0.000,0.000,0.000,0,220,0,0
1875,0.804,0.804,0.745,0.052,0.002,0.005,1,0.000,0.000,0.000,0,220,0,0
1876,0.801,0.801,0.742,0.052,0.002,0.005,1,0.000,0.000,0.000,0,220,0,0
1877,0.806,0.806,0.746,0.052,0.002,0.006,1,0.000,0.000,0.000,0,220,0,0
1878,0.800,0.800,0.741,0.051,0.002,0.005,1,0.000,0.000,0.000,0,220,0,0
1879,0.816,0.816,0.756,0.053,0.002,0.005,1,0.000,0.000,0.000,0,220,0,0
1880,1.024,1.024,0.961,0.053,0.003,0.007,1,0.000,0.000,0.000,0,220,0,0
1881,0.962,0.962,0.898,0.054,0.003,0.007,1,0.000,0.000,0.000,0,220,0,0
1882,1.066,1.066,0.996,0.059,0.004,0.007,1,0.000,0.000,0.000,0,220,0,0
1883,1.095,1.095,1.032,0.055,0.002,0.006,1,0.000,0.000,0.000,0,220,0,0
1884,0.949,0.949,0.887,0.052,0.003,0.006,1,0.000,0.000,0.000,0,220,0,0
1885,0.819,0.819,0.759,0.052,0.002,0.005,1,0.000,0.000,0.000,0,220,0,0
1886,0.814,0.814,0.753,0.052,0.002,0.006,1,0.000,0.000,0.000,0,220,0,0
1887,0.805,0.805,0.746,0.051,0.002,0.005,1,0.000,0.000,0.000,0,220,0,0
1888,0.799,0.799,0.741,0.051,0.002,0.005,1,0.000,0.000,0.000,0,220,0,0
1889,0.806,0.806,0.746,0.052,0.002,0.006,1,0.000,0.000,0.000,0,220,0,0
1890,0.805,0.805,0.746,0.051,0.002,0.005,1,0.000,0.000,0.000,0,220,0,0
1891,0.820,0.820,0.761,0.052,0.002,0.005,1,0.000,0.000,0.000,0,220,0,0
1892,0.818,0.818,0.758,0.051,0.002,0.006,1,0.000,0.000,0.000,0,220,0,0
1893,0.822,0.822,0.764,0.051,0.002,0.005,1,0.000,0.000,0.000,0,220,0,0
1894,0.820,0.820,0.762,0.051,0.002,0.005,1,0.000,0.000,0.000,0,220,0,0
1895,0.851,0.851,0.790,0.053,0.002,0.007,1,0.000,0.000,0.000,0,220,0,0
1896,0.829,0.829,0.770,0.052,0.002,0.005,1,0.000,0.000,0.000,0,220,0,0
1897,0.820,0.820,0.761,0.052,0.002,0.005,1,0.000,0.000,0.000,0,220,0,0
1898,0.820,0.820,0.761,0.052,0.002,0.006,1,0.000,0.000,0.000,0,220,0,0
1899,0.817,0.817,0.759,0.051,0.002,0.005,1,0.000,0.000,0.000,0,220,0,0
1900,0.840,0.840,0.781,0.052,0.002,0.005,1,0.000,0.000,0.000,0,220,0,0
1901,0.821,0.821,0.761,0.051,0.002,0.006,1,0.000,0.000,0.000,0,220,0,0
1902,0.816,0.816,0.757,0.052,0.002,0.005,1,0.000,0.000,0.000,0,220,0,0
1903,0.834,0.834,0.774,0.052,0.002,0.007,1,0.000,0.000,0.000,0,220,0,0
1904,0.817,0.817,0.757,0.053,0.002,0.005,1,0.000,0.000,0.000,0,220,0,0
1905,0.815,0.815,0.755,0.053,0.002,0.005,1,0.000,0.000,0.000,0,220,0,0
1906,0.819,0.819,0.759,0.052,0.002,0.006,1,0.000,0.000,0.000,0,220,0,0
1907,0.892,0.892,0.832,0.052,0.002,0.006,1,0.000,0.000,0.000,0,220,0,0
1908,0.823,0.823,0.763,0.052,0.002,0.006,1,0.000,0.000,0.000,0,220,0,0
1909,0.838,0.838,0.779,0.051,0.002,0.007,1,0.000,0.000,0.000,0,220,0,0
1910,0.835,0.835,0.777,0.051,0.002,0.005,1,0.000,0.000,0.000,0,220,0,0
1911,0.819,0.819,0.759,0.052,0.002,0.005,1,0.000,0.000,0.000,0,220,0,0
1912,0.821,0.821,0.760,0.052,0.002,0.006,1,0.000,0.000,0.000,0,220,0,0
1913,0.814,0.814,0.755,0.051,0.002,0.005,1,0.000,0.000,0.000,0,220,0,0
1914,0.815,0.815,0.757,0.051,0.002,0.005,1,0.000,0.000,0.000,0,220,0,0
1915,0.823,0.823,0.763,0.052,0.002,0.006,1,0.000,0.000,0.000,0,220,0,0
1916,0.822,0.822,0.763,0.052,0.002,0.005,1,0.000,0.000,0.000,0,220,0,0
1917,0.828,0.828,0.769,0.051,0.002,0.006,1,0.000,0.000,0.000,0,220,0,0
1918,0.832,0.832,0.772,0.052,0.002,0.007,1,0.000,0.000,0.000,0,220,0,0
1919,0.927,0.927,0.867,0.052,0.002,0.006,1,0.000,0.000,0.000,0,220,0,0
1920,1.175,1.175,1.113,0.052,0.003,0.007,1,0.000,0.000,0.000,0,220,0,0
1921,1.416,1.416,1.343,0.057,0.005,0.011,1,0.000,0.000,0.000,0,220,0,0
1922,1.098,1.098,1.037,0.053,0.003,0.005,1,0.000,0.000,0.000,0,220,0,0
1923,1.052,1.052,0.988,0.054,0.003,0.007,1,0.000,0.000,0.000,0,220,0,0
1924,0.844,0.844,0.784,0.052,0.002,0.006,1,0.000,0.000,0.000,0,220,0,0
1925,0.826,0.826,0.766,0.052,0.002,0.006,1,0.000,0.000,0.000,0,220,0,0
1926,0.821,0.821,0.762,0.051,0.002,0.005,1,0.000,0.000,0.000,0,220,0,0
1927,0.822,0.822,0.761,0.052,0.002,0.006,1,0.000,0.000,0.000,0,220,0,0
1928,0.818,0.818,0.759,0.051,0.002,0.006,1,0.000,0.000,0.000,0,220,0,0
1929,0.815,0.815,0.756,0.051,0.002,0.006,1,0.000,0.000,0.000,0,220,0,0
1930,0.830,0.830,0.770,0.052,0.002,0.007,1,0.000,0.000,0.000,0,220,0,0
1931,0.819,0.819,0.760,0.052,0.002,0.005,1,0.000,0.000,0.000,0,220,0,0
1932,0.822,0.822,0.762,0.052,0.002,0.005,1,0.000,0.000,0.000,0,220,0,0
1933,0.842,0.842,0.773,0.060,0.002,0.006,1,0.000,0.000,0.000,0,220,0,0
1934,1.325,1.325,1.263,0.052,0.004,0.006,1,0.000,0.000,0.000,0,220,0,0
1935,0.996,0.996,0.933,0.052,0.003,0.007,1,0.000,0.000,0.000,0,220,0,0
1936,0.844,0.844,0.783,0.052,0.002,0.006,1,0.000,0.000,0.000,0,220,0,0
1937,0.822,0.822,0.762,0.052,0.002,0.005,1,0.000,0.000,0.000,0,220,0,0
1938,0.820,0.820,0.760,0.052,0.002,0.005,1,0.000,0.000,0.000,0,220,0,0
1939,0.819,0.819,0.759,0.051,0.002,0.006,1,0.000,0.000,0.000,0,220,0,0
1940,0.817,0.817,0.758,0.052,0.002,0.005,1,0.000,0.000,0.000,0,220,0,0
1941,0.817,0.817,0.759,0.052,0.002,0.005,1,0.000,0.000,0.000,0,220,0,0
1942,0.823,0.823,0.763,0.051,0.002,0.006,1,0.000,0.000,0.000,0,220,0,0
1943,1.080,1.080,0.959,0.113,0.003,0.006,1,0.000,0.000,0.000,0,220,0,0
1944,0.927,0.927,0.866,0.053,0.003,0.006,1,0.000,0.000,0.000,0,220,0,0
1945,0.833,0.833,0.773,0.052,0.002,0.006,1,0.000,0.000,0.000,0,220,0,0
1946,0.836,0.836,0.778,0.051,0.002,0.005,1,0.000,0.000,0.000,0,220,0,0
1947,1.121,1.121,1.060,0.052,0.003,0.006,1,0.000,0.000,0.000,0,220,0,0
1948,0.898,0.898,0.839,0.051,0.002,0.006,1,0.000,0.000,0.000,0,220,0,0
1949,1.087,1.087,1.023,0.054,0.003,0.007,1,0.000,0.000,0.000,0,220,0,0
1950,0.847,0.847,0.788,0.052,0.002,0.005,1,0.000,0.000,0.000,0,220,0,0
1951,0.833,0.833,0.773,0.052,0.002,0.006,1,0.000,0.000,0.000,0,220,0,0
1952,0.822,0.822,0.762,0.052,0.002,0.005,1,0.000,0.000,0.000,0,220,0,0
1953,0.836,0.836,0.776,0.053,0.002,0.005,1,0.000,0.000,0.000,0,224,0,0
1954,0.834,0.834,0.773,0.053,0.002,0.006,1,0.000,0.000,0.000,0,224,0,0
1955,0.824,0.824,0.764,0.053,0.002,0.005,1,0.000,0.000,0.000,0,224,0,0
1956,0.824,0.824,0.764,0.053,0.002,0.005,1,0.000,0.000,0.000,0,224,0,0
1957,0.827,0.827,0.765,0.053,0.002,0.007,1,0.000,0.000,0.000,0,224,0,0
1958,0.824,0.824,0.764,0.053,0.002,0.005,1,0.000,0.000,0.000,0,224,0,0
1959,0.840,0.840,0.780,0.053,0.002,0.005,1,0.000,0.000,0.000,0,224,0,0
1960,0.831,0.831,0.770,0.053,0.002,0.006,1,0.000,0.000,0.000,0,224,0,0
1961,1.153,1.153,1.090,0.053,0.003,0.006,1,0.000,0.000,0.000,0,224,0,0
1962,1.009,1.009,0.945,0.054,0.003,0.007,1,0.000,0.000,0.000,0,224,0,0
1963,0.854,0.854,0.793,0.053,0.002,0.006,1,0.000,0.000,0.000,0,224,0,0
1964,0.893,0.893,0.856,0.004,0.027,0.006,1,0.000,0.000,0.000,0,4,0,0
1965,14.422,14.422,14.367,0.008,0.036,0.011,1,0.000,0.000,0.000,0,4,0,0
1966,117.824,117.824,117.695,0.107,0.008,0.014,1,0.000,0.000,0.000,0,432,0,0
1967,3.976,3.976,3.839,0.114,0.008,0.015,1,0.000,0.000,0.000,0,696,0,0
1968,2.646,2.646,2.518,0.116,0.003,0.008,1,0.000,0.000,0.000,0,696,0,0
1969,2.483,2.483,2.366,0.106,0.003,0.007,1,0.000,0.000,0.000,0,696,0,0
1970,2.427,2.427,2.313,0.106,0.003,0.006,1,0.000,0.000,0.000,0,696,0,0
1971,2.411,2.411,2.298,0.105,0.003,0.006,1,0.000,0.000,0.000,0,696,0,0
1972,3.337,3.337,3.213,0.110,0.005,0.009,1,0.000,0.000,0.000,0,696,0,0
1973,3.128,3.128,3.008,0.107,0.005,0.008,1,0.000,0.000,0.000,0,696,0,0
1974,2.479,2.479,2.364,0.106,0.003,0.006,1,0.000,0.000,0.000,0,696,0,0
1975,2.481,2.481,2.364,0.106,0.003,0.009,1,0.000,0.000,0.000,0,696,0,0
1976,3.974,3.974,3.849,0.111,0.005,0.009,1,0.000,0.000,0.000,0,696,0,0
1977,3.105,3.105,2.982,0.108,0.005,0.010,1,0.000,0.000,0.000,0,696,0,0
1978,2.502,2.502,2.386,0.106,0.003,0.007,1,0.000,0.000,0.000,0,696,0,0
1979,2.584,2.584,2.469,0.105,0.003,0.006,1,0.000,0.000,0.000,0,696,0,0
1980,2.848,2.848,2.726,0.112,0.004,0.007,1,0.000,0.000,0.000,0,696,0,0
1981,3.192,3.192,3.071,0.109,0.004,0.008,1,0.000,0.000,0.000,0,696,0,0
1982,2.784,2.784,2.670,0.105,0.003,0.006,1,0.000,0.000,0.000,0,696,0,0
1983,2.470,2.470,2.356,0.105,0.003,0.006,1,0.000,0.000,0.000,0,696,0,0
1984,2.441,2.441,2.325,0.106,0.003,0.007,1,0.000,0.000,0.000,0,696,0,0
1985,2.432,2.432,2.318,0.106,0.002,0.006,1,0.000,0.000,0.000,0,696,0,0
1986,2.409,2.409,2.295,0.105,0.003,0.006,1,0.000,0.000,0.000,0,696,0,0
1987,2.414,2.414,2.300,0.104,0.002,0.007,1,0.000,0.000,0.000,0,696,0,0
1988,2.426,2.426,2.312,0.106,0.003,0.006,1,0.000,0.000,0.000,0,696,0,0
1989,2.405,2.405,2.293,0.104,0.003,0.006,1,0.000,0.000,0.000,0,696,0,0
1990,2.398,2.398,2.284,0.105,0.002,0.007,1,0.000,0.000,0.000,0,696,0,0
1991,2.399,2.399,2.286,0.105,0.003,0.006,1,0.000,0.000,0.000,0,696,0,0
1992,3.110,3.110,2.990,0.107,0.005,0.008,1,0.000,0.000,0.000,0,696,0,0
1993,3.194,3.194,3.071,0.109,0.005,0.010,1,0.000,0.000,0.000,0,696,0,0
1994,2.734,2.734,2.618,0.107,0.003,0.006,1,0.000,0.000,0.000,0,696,0,0
1995,3.308,3.308,3.149,0.139,0.007,0.013,1,0.000,0.000,0.000,0,696,1,0
1996,2.543,2.543,2.427,0.105,0.003,0.008,1,0.000,0.000,0.000,0,696,0,0
1997,2.485,2.485,2.345,0.131,0.003,0.006,1,0.000,0.000,0.000,0,696,0,0
1998,2.420,2.420,2.307,0.105,0.003,0.006,1,0.000,0.000,0.000,0,696,0,0
1999,2.508,2.508,2.393,0.105,0.003,0.007,1,0.000,0.000,0.000,0,696,0,0
2000,2.415,2.415,2.302,0.105,0.003,0.006,1,0.000,0.000,0.000,0,696,0,0
2001,2.420,2.420,2.305,0.105,0.002,0.008,1,0.000,0.000,0.000,0,696,0,0
2002,2.426,2.426,2.313,0.105,0.003,0.006,1,0.000,0.000,0.000,0,696,0,0
2003,2.415,2.415,2.302,0.104,0.003,0.006,1,0.000,0.000,0.000,0,696,0,0
2004,2.411,2.411,2.299,0.103,0.003,0.007,1,0.000,0.000,0.000,0,696,0,0
2005,2.402,2.402,2.288,0.106,0.003,0.006,1,0.000,0.000,0.000,0,696,0,0
2006,3.178,3.178,3.040,0.116,0.005,0.016,1,0.000,0.000,0.000,0,696,0,0
2007,2.773,2.773,2.651,0.113,0.002,0.007,1,0.000,0.000,0.000,0,696,0,0
2008,2.925,2.925,2.810,0.106,0.003,0.007,1,0.000,0.000,0.000,0,696,0,0
2009,2.469,2.469,2.354,0.106,0.003,0.006,1,0.000,0.000,0.000,0,696,0,0
2010,2.479,2.479,2.361,0.106,0.003,0.009,1,0.000,0.000,0.000,0,696,0,0
2011,3.112,3.112,2.991,0.108,0.005,0.009,1,0.000,0.000,0.000,0,696,0,0
2012,2.850,2.850,2.732,0.106,0.004,0.007,1,0.000,0.000,0.000,0,696,0,0
2013,2.499,2.499,2.382,0.107,0.003,0.007,1,0.000,0.000,0.000,0,696,0,0
2014,2.445,2.445,2.330,0.107,0.002,0.006,1,0.000,0.000,0.000,0,696,0,0
2015,2.441,2.441,2.328,0.105,0.002,0.006,1,0.000,0.000,0.000,0,696,0,0
2016,2.414,2.414,2.300,0.104,0.003,0.007,1,0.000,0.000,0.000,0,696,0,0
2017,2.424,2.424,2.311,0.105,0.002,0.006,1,0.000,0.000,0.000,0,696,0,0
2018,3.328,3.328,3.206,0.108,0.006,0.009,1,0.000,0.000,0.000,0,696,0,0
2019,2.809,2.809,2.688,0.108,0.004,0.008,1,0.000,0.000,0.000,0,696,0,0
2020,2.923,2.923,2.804,0.107,0.004,0.007,1,0.000,0.000,0.000,0,696,0,0
2021,2.476,2.476,2.361,0.105,0.003,0.006,1,0.000,0.000,0.000,0,696,0,0
2022,2.423,2.423,2.309,0.104,0.003,0.007,1,0.000,0.000,0.000,0,696,0,0
2023,2.435,2.435,2.322,0.104,0.003,0.006,1,0.000,0.000,0.000,0,696,0,0
2024,2.446,2.446,2.332,0.106,0.002,0.006,1,0.000,0.000,0.000,0,696,0,0
2025,2.422,2.422,2.307,0.105,0.003,0.007,1,0.000,0.000,0.000,0,696,0,0
2026,2.399,2.399,2.286,0.105,0.002,0.006,1,0.000,0.000,0.000,0,696,0,0
2027,2.395,2.395,2.282,0.105,0.003,0.006,1,0.000,0.000,0.000,0,696,0,0
2028,3.151,3.151,2.984,0.106,0.003,0.058,1,0.000,0.000,0.000,0,696,0,0
2029,2.554,2.554,2.403,0.105,0.003,0.043,1,0.000,0.000,0.000,0,696,0,0
2030,2.523,2.523,2.373,0.105,0.003,0.042,1,0.000,0.000,0.000,0,696,0,0
2031,2.496,2.496,2.334,0.106,0.003,0.054,1,0.000,0.000,0.000,0,696,0,0
2032,2.482,2.482,2.331,0.106,0.002,0.043,1,0.000,0.000,0.000,0,696,0,0
2033,2.464,2.464,2.314,0.106,0.003,0.041,1,0.000,0.000,0.000,0,696,0,0
2034,2.452,2.452,2.293,0.103,0.003,0.053,1,0.000,0.000,0.000,0,696,0,0
2035,2.445,2.445,2.295,0.107,0.002,0.041,1,0.000,0.000,0.000,0,696,0,0
2036,2.447,2.447,2.298,0.105,0.003,0.041,1,0.000,0.000,0.000,0,696,0,0
2037,2.504,2.504,2.342,0.105,0.002,0.053,1,0.000,0.000,0.000,0,696,0,0
2038,2.439,2.439,2.291,0.104,0.002,0.041,1,0.000,0.000,0.000,0,696,0,0
2039,3.253,3.253,3.089,0.110,0.006,0.048,1,0.000,0.000,0.000,0,696,0,0
2040,2.972,2.972,2.807,0.111,0.003,0.051,1,0.000,0.000,0.000,0,696,0,0
2041,2.645,2.645,2.492,0.105,0.004,0.044,1,0.000,0.000,0.000,0,696,0,0
2042,2.533,2.533,2.358,0.131,0.002,0.041,1,0.000,0.000,0.000,0,696,0,0
2043,2.500,2.500,2.339,0.105,0.003,0.053,1,0.000,0.000,0.000,0,696,0,0
2044,2.988,2.988,2.826,0.111,0.004,0.046,1,0.000,0.000,0.000,0,696,0,0
2045,2.674,2.674,2.521,0.107,0.003,0.043,1,0.000,0.000,0.000,0,696,0,0
2046,2.498,2.498,2.335,0.106,0.003,0.054,1,0.000,0.000,0.000,0,696,0,0
2047,2.452,2.452,2.305,0.104,0.002,0.041,1,0.000,0.000,0.000,0,696,0,0
2048,2.459,2.459,2.311,0.104,0.003,0.041,1,0.000,0.000,0.000,0,696,0,0
2049,2.487,2.487,2.326,0.105,0.002,0.054,1,0.000,0.000,0.000,0,696,0,0
2050,2.460,2.460,2.301,0.116,0.002,0.041,1,0.000,0.000,0.000,0,696,0,0
2051,2.463,2.463,2.315,0.104,0.002,0.041,1,0.000,0.000,0.000,0,696,0,0
2052,2.490,2.490,2.331,0.104,0.002,0.053,1,0.000,0.000,0.000,0,696,0,0
2053,2.452,2.452,2.302,0.106,0.002,0.041,1,0.000,0.000,0.000,0,696,0,0
2054,2.442,2.442,2.294,0.105,0.002,0.041,1,0.000,0.000,0.000,0,696,0,0
2055,3.389,3.389,3.212,0.109,0.006,0.062,1,0.000,0.000,0.000,0,696,0,0
2056,2.855,2.855,2.698,0.107,0.004,0.046,1,0.000,0.000,0.000,0,696,0,0
2057,2.526,2.526,2.377,0.105,0.003,0.041,1,0.000,0.000,0.000,0,696,0,0
2058,2.510,2.510,2.350,0.104,0.003,0.053,1,0.000,0.000,0.000,0,696,0,0
2059,2.452,2.452,2.305,0.104,0.003,0.041,1,0.000,0.000,0.000,0,692,0,0
2060,2.770,2.770,2.613,0.109,0.004,0.044,1,0.000,0.000,0.000,0,692,0,0
2061,2.620,2.620,2.457,0.104,0.004,0.055,1,0.000,0.000,0.000,0,692,0,0
2062,2.485,2.485,2.338,0.104,0.003,0.041,1,0.000,0.000,0.000,0,692,0,0
2063,2.523,2.523,2.375,0.103,0.003,0.043,1,0.000,0.000,0.000,0,692,0,0
2064,2.476,2.476,2.316,0.103,0.003,0.054,1,0.000,0.000,0.000,0,692,0,0
2065,2.437,2.437,2.291,0.102,0.003,0.041,1,0.000,0.000,0.000,0,692,0,0
2066,2.441,2.441,2.296,0.102,0.002,0.041,1,0.000,0.000,0.000,0,692,0,0
2067,2.735,2.735,2.571,0.106,0.004,0.054,1,0.000,0.000,0.000,0,692,0,0
2068,2.615,2.615,2.464,0.104,0.003,0.044,1,0.000,0.000,0.000,0,692,0,0
2069,2.478,2.478,2.331,0.103,0.002,0.041,1,0.000,0.000,0.000,0,692,0,0
2070,2.498,2.498,2.338,0.102,0.002,0.055,1,0.000,0.000,0.000,0,692,0,0
2071,2.482,2.482,2.335,0.103,0.002,0.041,1,0.000,0.000,0.000,0,692,0,0
2072,2.445,2.445,2.298,0.103,0.003,0.041,1,0.000,0.000,0.000,0,692,0,0
2073,2.446,2.446,2.287,0.103,0.003,0.054,1,0.000,0.000,0.000,0,692,0,0
2074,2.433,2.433,2.286,0.103,0.002,0.041,1,0.000,0.000,0.000,0,692,0,0
2075,2.475,2.475,2.326,0.105,0.002,0.041,1,0.000,0.000,0.000,0,692,0,0
2076,2.454,2.454,2.295,0.103,0.002,0.053,1,0.000,0.000,0.000,0,692,0,0
2077,2.434,2.434,2.287,0.103,0.002,0.041,1,0.000,0.000,0.000,0,692,0,0
2078,2.471,2.471,2.324,0.103,0.003,0.041,1,0.000,0.000,0.000,0,692,0,0
2079,2.601,2.601,2.438,0.103,0.003,0.057,1,0.000,0.000,0.000,0,692,0,0
2080,2.881,2.881,2.728,0.107,0.005,0.040,1,0.000,0.000,0.000,0,692,0,0
2081,2.673,2.673,2.519,0.105,0.003,0.045,1,0.000,0.000,0.000,0,692,0,0
2082,2.503,2.503,2.342,0.104,0.003,0.054,1,0.000,0.000,0.000,0,692,0,0
2083,2.487,2.487,2.338,0.105,0.003,0.041,1,0.000,0.000,0.000,0,692,0,0
2084,2.452,2.452,2.305,0.103,0.002,0.041,1,0.000,0.000,0.000,0,692,0,0
2085,2.456,2.456,2.298,0.103,0.003,0.053,1,0.000,0.000,0.000,0,692,0,0
2086,2.441,2.441,2.294,0.104,0.002,0.041,1,0.000,0.000,0.000,0,692,0,0
2087,2.449,2.449,2.301,0.105,0.002,0.041,1,0.000,0.000,0.000,0,692,0,0
2088,2.460,2.460,2.300,0.104,0.003,0.053,1,0.000,0.000,0.000,0,692,0,0
2089,2.840,2.840,2.692,0.103,0.003,0.043,1,0.000,0.000,0.000,0,692,0,0
2090,2.583,2.583,2.433,0.103,0.003,0.044,1,0.000,0.000,0.000,0,692,0,0
2091,2.525,2.525,2.350,0.119,0.003,0.054,1,0.000,0.000,0.000,0,692,0,0
2092,2.482,2.482,2.334,0.104,0.003,0.041,1,0.000,0.000,0.000,0,692,0,0
2093,2.442,2.442,2.295,0.104,0.002,0.041,1,0.000,0.000,0.000,0,692,0,0
2094,2.445,2.445,2.288,0.102,0.003,0.053,1,0.000,0.000,0.000,0,692,0,0
2095,2.473,2.473,2.326,0.103,0.002,0.041,1,0.000,0.000,0.000,0,692,0,0
2096,2.436,2.436,2.289,0.103,0.003,0.041,1,0.000,0.000,0.000,0,692,0,0
2097,3.540,3.540,3.366,0.108,0.006,0.060,1,0.000,0.000,0.000,0,692,0,0
2098,2.870,2.870,2.718,0.105,0.004,0.043,1,0.000,0.000,0.000,0,692,0,0
2099,2.590,2.590,2.442,0.104,0.002,0.042,1,0.000,0.000,0.000,0,692,0,0
2100,2.486,2.486,2.326,0.103,0.003,0.054,1,0.000,0.000,0.000,0,692,0,0
2101,2.467,2.467,2.320,0.103,0.003,0.041,1,0.000,0.000,0.000,0,692,0,0
2102,2.453,2.453,2.294,0.103,0.002,0.053,1,0.000,0.000,0.000,0,692,0,0
2103,2.444,2.444,2.296,0.104,0.003,0.041,1,0.000,0.000,0.000,0,692,0,0
2104,2.443,2.443,2.297,0.103,0.003,0.041,1,0.000,0.000,0.000,0,692,0,0
2105,3.056,3.056,2.887,0.108,0.005,0.057,1,0.000,0.000,0.000,0,692,0,0
2106,2.893,2.893,2.738,0.105,0.004,0.046,1,0.000,0.000,0.000,0,692,0,0
2107,2.507,2.507,2.360,0.104,0.003,0.041,1,0.000,0.000,0.000,0,692,0,0
2108,2.521,2.521,2.359,0.105,0.003,0.054,1,0.000,0.000,0.000,0,692,0,0
2109,2.473,2.473,2.323,0.104,0.003,0.044,1,0.000,0.000,0.000,0,692,0,0
2110,3.197,3.197,3.042,0.106,0.004,0.044,1,0.000,0.000,0.000,0,692,0,0
2111,2.887,2.887,2.722,0.105,0.004,0.056,1,0.000,0.000,0.000,0,692,0,0
2112,2.478,2.478,2.331,0.103,0.002,0.041,1,0.000,0.000,0.000,0,692,0,0
2113,2.466,2.466,2.293,0.117,0.003,0.054,1,0.000,0.000,0.000,0,692,0,0
2114,2.542,2.542,2.382,0.103,0.003,0.054,1,0.000,0.000,0.000,0,692,0,0
2115,2.445,2.445,2.297,0.104,0.002,0.041,1,0.000,0.000,0.000,0,692,0,0
2116,2.439,2.439,2.290,0.105,0.003,0.041,1,0.000,0.000,0.000,0,692,0,0
2117,2.962,2.962,2.796,0.106,0.004,0.057,1,0.000,0.000,0.000,0,692,0,0
2118,2.845,2.845,2.697,0.106,0.003,0.039,1,0.000,0.000,0.000,0,692,0,0
2119,4.032,4.032,3.876,0.105,0.005,0.046,1,0.000,0.000,0.000,0,692,0,0
2120,3.449,3.449,3.288,0.104,0.003,0.055,1,0.000,0.000,0.000,0,692,0,0
2121,3.950,3.950,3.221,0.136,0.002,0.591,1,0.000,0.000,0.000,0,692,1,0
2122,3.427,3.427,3.278,0.103,0.004,0.042,1,0.000,0.000,0.000,0,692,0,0
2123,3.319,3.319,3.159,0.104,0.003,0.054,1,0.000,0.000,0.000,0,692,0,0
2124,3.323,3.323,3.174,0.104,0.003,0.042,1,0.000,0.000,0.000,0,692,0,0
2125,3.321,3.321,3.172,0.104,0.003,0.042,1,0.000,0.000,0.000,0,692,0,0
2126,3.461,3.461,3.299,0.104,0.003,0.054,1,0.000,0.000,0.000,0,692,0,0
2127,3.376,3.376,3.228,0.104,0.003,0.042,1,0.000,0.000,0.000,0,692,0,0
2128,3.281,3.281,3.133,0.103,0.003,0.042,1,0.000,0.000,0.000,0,692,0,0
2129,3.335,3.335,3.174,0.104,0.003,0.054,1,0.000,0.000,0.000,0,692,0,0
2130,3.284,3.284,3.135,0.104,0.003,0.043,1,0.000,0.000,0.000,0,692,0,0
2131,3.313,3.313,3.165,0.104,0.003,0.042,1,0.000,0.000,0.000,0,692,0,0
2132,3.941,3.941,3.766,0.108,0.006,0.061,1,0.000,0.000,0.000,0,692,0,0
2133,4.041,4.041,3.888,0.107,0.004,0.041,1,0.000,0.000,0.000,0,692,0,0
2134,3.954,3.954,3.790,0.110,0.005,0.050,1,0.000,0.000,0.000,0,692,0,0
2135,3.500,3.500,3.335,0.105,0.003,0.057,1,0.000,0.000,0.000,0,692,0,0
2136,3.364,3.364,3.213,0.106,0.002,0.042,1,0.000,0.000,0.000,0,692,0,0
2137,3.295,3.295,3.134,0.116,0.002,0.042,1,0.000,0.000,0.000,0,692,0,0
2138,3.329,3.329,3.166,0.104,0.003,0.056,1,0.000,0.000,0.000,0,692,0,0
2139,3.316,3.316,3.168,0.105,0.003,0.041,1,0.000,0.000,0.000,0,692,0,0
2140,3.358,3.358,3.209,0.104,0.003,0.042,1,0.000,0.000,0.000,0,692,0,0
2141,5.431,5.431,5.248,0.114,0.007,0.063,1,0.000,0.000,0.000,0,692,0,0
2142,4.128,4.128,3.966,0.107,0.006,0.049,1,0.000,0.000,0.000,0,692,0,0
2143,3.482,3.482,3.330,0.107,0.003,0.042,1,0.000,0.000,0.000,0,692,0,0
2144,3.872,3.872,3.707,0.106,0.004,0.055,1,0.000,0.000,0.000,0,692,0,0
2145,3.717,3.717,3.563,0.105,0.004,0.045,1,0.000,0.000,0.000,0,692,0,0
2146,3.385,3.385,3.236,0.104,0.003,0.042,1,0.000,0.000,0.000,0,692,0,0
2147,3.793,3.793,3.631,0.104,0.004,0.054,1,0.000,0.000,0.000,0,692,0,0
2148,3.657,3.657,3.502,0.106,0.003,0.045,1,0.000,0.000,0.000,0,692,0,0
2149,3.747,3.747,3.596,0.104,0.003,0.044,1,0.000,0.000,0.000,0,692,0,0
2150,3.704,3.704,3.513,0.132,0.004,0.056,1,0.000,0.000,0.000,0,692,0,0
2151,4.086,4.086,3.930,0.105,0.004,0.047,1,0.000,0.000,0.000,0,692,0,0
2152,3.498,3.498,3.347,0.105,0.003,0.043,1,0.000,0.000,0.000,0,692,0,0
2153,3.388,3.388,3.227,0.104,0.003,0.054,1,0.000,0.000,0.000,0,692,0,0
2154,3.962,3.962,3.808,0.106,0.003,0.044,1,0.000,0.000,0.000,0,692,0,0
2155,3.311,3.311,3.164,0.103,0.003,0.042,1,0.000,0.000,0.000,0,692,0,0
2156,3.308,3.308,3.135,0.103,0.003,0.067,1,0.000,0.000,0.000,0,692,0,0
2157,3.325,3.325,3.178,0.104,0.003,0.041,1,0.000,0.000,0.000,0,692,0,0
2158,3.287,3.287,3.140,0.103,0.003,0.042,1,0.000,0.000,0.000,0,692,0,0
2159,4.415,4.415,4.237,0.109,0.006,0.063,1,0.000,0.000,0.000,0,692,0,0
2160,3.790,3.790,3.637,0.105,0.003,0.044,1,0.000,0.000,0.000,0,692,0,0
2161,3.643,3.643,3.487,0.109,0.004,0.044,1,0.000,0.000,0.000,0,692,0,0
2162,3.483,3.483,3.319,0.103,0.004,0.056,1,0.000,0.000,0.000,0,692,0,0
2163,3.308,3.308,3.160,0.104,0.003,0.042,1,0.000,0.000,0.000,0,692,0,0
2164,4.010,4.010,3.857,0.105,0.004,0.044,1,0.000,0.000,0.000,0,692,0,0
2165,3.817,3.817,3.649,0.105,0.005,0.058,1,0.000,0.000,0.000,0,692,0,0
2166,3.351,3.351,3.203,0.104,0.003,0.042,1,0.000,0.000,0.000,0,692,0,0
2167,3.336,3.336,3.187,0.104,0.002,0.043,1,0.000,0.000,0.000,0,692,0,0
2168,4.811,4.811,4.638,0.107,0.004,0.061,1,0.000,0.000,0.000,0,692,0,0
2169,4.002,4.002,3.846,0.105,0.005,0.046,1,0.000,0.000,0.000,0,692,0,0
2170,3.828,3.828,3.674,0.106,0.004,0.044,1,0.000,0.000,0.000,0,692,0,0
2171,3.622,3.622,3.457,0.105,0.004,0.056,1,0.000,0.000,0.000,0,692,0,0
2172,3.324,3.324,3.175,0.104,0.003,0.043,1,0.000,0.000,0.000,0,692,0,0
2173,3.724,3.724,3.571,0.104,0.004,0.044,1,0.000,0.000,0.000,0,692,0,0
2174,3.584,3.584,3.419,0.105,0.004,0.057,1,0.000,0.000,0.000,0,692,0,0
2175,3.303,3.303,3.154,0.103,0.003,0.042,1,0.000,0.000,0.000,0,692,0,0
2176,3.300,3.300,3.153,0.103,0.003,0.042,1,0.000,0.000,0.000,0,692,0,0
2177,3.302,3.302,3.141,0.104,0.003,0.054,1,0.000,0.000,0.000,0,692,0,0
2178,3.277,3.277,3.128,0.105,0.003,0.042,1,0.000,0.000,0.000,0,692,0,0
2179,4.012,4.012,3.854,0.106,0.007,0.045,1,0.000,0.000,0.000,0,692,0,0
2180,3.506,3.506,3.340,0.104,0.004,0.057,1,0.000,0.000,0.000,0,692,0,0
2181,4.190,4.190,4.035,0.107,0.004,0.044,1,0.000,0.000,0.000,0,692,0,0
2182,4.036,4.036,3.876,0.107,0.005,0.049,1,0.000,0.000,0.000,0,692,0,0
2183,3.435,3.435,3.274,0.104,0.003,0.054,1,0.000,0.000,0.000,0,692,0,0
2184,3.317,3.317,3.168,0.104,0.003,0.042,1,0.000,0.000,0.000,0,692,0,0
2185,3.891,3.891,3.737,0.106,0.004,0.044,1,0.000,0.000,0.000,0,692,0,0
2186,3.604,3.604,3.440,0.104,0.004,0.057,1,0.000,0.000,0.000,0,692,0,0
2187,3.560,3.560,3.405,0.110,0.003,0.042,1,0.000,0.000,0.000,0,692,0,0
2188,3.471,3.471,3.320,0.105,0.003,0.044,1,0.000,0.000,0.000,0,692,0,0
2189,3.347,3.347,3.187,0.103,0.003,0.054,1,0.000,0.000,0.000,0,692,0,0
2190,3.281,3.281,3.134,0.103,0.002,0.042,1,0.000,0.000,0.000,0,692,0,0
2191,3.373,3.373,3.223,0.104,0.002,0.042,1,0.000,0.000,0.000,0,692,0,0
2192,3.302,3.302,3.142,0.104,0.003,0.054,1,0.000,0.000,0.000,0,692,0,0
2193,3.697,3.697,3.541,0.108,0.004,0.044,1,0.000,0.000,0.000,0,692,0,0
2194,3.673,3.673,3.516,0.105,0.005,0.047,1,0.000,0.000,0.000,0,692,0,0
2195,4.158,4.158,3.989,0.107,0.004,0.057,1,0.000,0.000,0.000,0,692,0,0
2196,3.387,3.387,3.237,0.104,0.003,0.043,1,0.000,0.000,0.000,0,692,0,0
2197,4.070,4.070,3.912,0.106,0.006,0.047,1,0.000,0.000,0.000,0,692,0,0
2198,3.761,3.761,3.597,0.104,0.004,0.057,1,0.000,0.000,0.000,0,692,0,0
2199,3.369,3.369,3.219,0.104,0.003,0.042,1,0.000,0.000,0.000,0,692,0,0
2200,3.315,3.315,3.155,0.103,0.003,0.054,1,0.000,0.000,0.000,0,692,0,0
2201,3.295,3.295,3.148,0.103,0.003,0.042,1,0.000,0.000,0.000,0,692,0,0
2202,3.304,3.304,3.156,0.103,0.003,0.041,1,0.000,0.000,0.000,0,692,0,0
2203,3.736,3.736,3.570,0.107,0.004,0.055,1,0.000,0.000,0.000,0,692,0,0
2204,3.759,3.759,3.610,0.105,0.003,0.041,1,0.000,0.000,0.000,0,692,0,0
2205,3.622,3.622,3.468,0.105,0.004,0.045,1,0.000,0.000,0.000,0,692,0,0
2206,3.371,3.371,3.210,0.104,0.003,0.054,1,0.000,0.000,0.000,0,692,0,0
2207,3.314,3.314,3.163,0.104,0.003,0.043,1,0.000,0.000,0.000,0,692,0,0
2208,3.300,3.300,3.151,0.105,0.003,0.042,1,0.000,0.000,0.000,0,692,0,0
2209,3.720,3.720,3.558,0.104,0.003,0.055,1,0.000,0.000,0.000,0,692,0,0
2210,3.431,3.431,3.280,0.105,0.004,0.043,1,0.000,0.000,0.000,0,692,0,0
2211,3.320,3.320,3.171,0.104,0.003,0.042,1,0.000,0.000,0.000,0,692,0,0
2212,3.338,3.338,3.178,0.103,0.003,0.054,1,0.000,0.000,0.000,0,692,0,0
2213,3.287,3.287,3.139,0.103,0.003,0.042,1,0.000,0.000,0.000,0,692,0,0
2214,4.307,4.307,4.147,0.108,0.006,0.046,1,0.000,0.000,0.000,0,692,0,0
2215,3.934,3.934,3.771,0.103,0.004,0.056,1,0.000,0.000,0.000,0,692,0,0
2216,3.356,3.356,3.208,0.104,0.003,0.042,1,0.000,0.000,0.000,0,692,0,0
2217,3.296,3.296,3.148,0.103,0.003,0.042,1,0.000,0.000,0.000,0,692,0,0
2218,3.305,3.305,3.147,0.103,0.003,0.053,1,0.000,0.000,0.000,0,692,0,0
2219,3.569,3.569,3.419,0.104,0.003,0.043,1,0.000,0.000,0.000,0,692,0,0
2220,3.286,3.286,3.137,0.104,0.003,0.042,1,0.000,0.000,0.000,0,692,0,0
2221,3.321,3.321,3.162,0.102,0.003,0.054,1,0.000,0.000,0.000,0,692,0,0
2222,3.300,3.300,3.151,0.104,0.003,0.042,1,0.000,0.000,0.000,0,692,0,0
2223,3.298,3.298,3.148,0.104,0.003,0.043,1,0.000,0.000,0.000,0,692,0,0
2224,3.678,3.678,3.444,0.169,0.005,0.059,1,0.000,0.000,0.000,0,692,0,0
2225,3.450,3.450,3.297,0.105,0.004,0.044,1,0.000,0.000,0.000,0,692,0,0
2226,3.291,3.291,3.143,0.104,0.003,0.041,1,0.000,0.000,0.000,0,692,0,0
2227,3.300,3.300,3.141,0.104,0.003,0.053,1,0.000,0.000,0.000,0,692,0,0
2228,3.272,3.272,3.125,0.103,0.003,0.042,1,0.000,0.000,0.000,0,692,0,0
2229,3.526,3.526,3.364,0.117,0.003,0.042,1,0.000,0.000,0.000,0,692,0,0
2230,3.332,3.332,3.172,0.103,0.003,0.055,1,0.000,0.000,0.000,0,692,0,0
2231,3.273,3.273,3.125,0.104,0.003,0.042,1,0.000,0.000,0.000,0,692,0,0
2232,3.285,3.285,3.138,0.103,0.003,0.041,1,0.000,0.000,0.000,0,692,0,0
2233,3.775,3.775,3.609,0.106,0.005,0.056,1,0.000,0.000,0.000,0,692,0,0
2234,4.035,4.035,3.885,0.105,0.004,0.042,1,0.000,0.000,0.000,0,692,0,0
2235,3.789,3.789,3.634,0.105,0.004,0.045,1,0.000,0.000,0.000,0,692,0,0
2236,3.378,3.378,3.217,0.105,0.003,0.054,1,0.000,0.000,0.000,0,692,0,0
2237,3.306,3.306,3.158,0.103,0.003,0.042,1,0.000,0.000,0.000,0,692,0,0
2238,3.296,3.296,3.147,0.104,0.003,0.042,1,0.000,0.000,0.000,0,692,0,0
2239,3.302,3.302,3.143,0.104,0.002,0.053,1,0.000,0.000,0.000,0,692,0,0
2240,3.270,3.270,3.123,0.103,0.003,0.041,1,0.000,0.000,0.000,0,692,0,0
2241,3.258,3.258,3.111,0.103,0.003,0.042,1,0.000,0.000,0.000,0,692,0,0
2242,3.294,3.294,3.134,0.104,0.003,0.054,1,0.000,0.000,0.000,0,692,0,0
2243,3.275,3.275,3.127,0.103,0.003,0.042,1,0.000,0.000,0.000,0,692,0,0
2244,3.257,3.257,3.110,0.103,0.002,0.042,1,0.000,0.000,0.000,0,692,0,0
2245,4.265,4.265,4.088,0.107,0.007,0.064,1,0.000,0.000,0.000,0,692,0,0
2246,3.688,3.688,3.532,0.105,0.004,0.046,1,0.000,0.000,0.000,0,692,0,0
2247,3.341,3.341,3.191,0.105,0.003,0.042,1,0.000,0.000,0.000,0,692,0,0
2248,3.617,3.617,3.392,0.168,0.003,0.053,1,0.000,0.000,0.000,0,692,1,0
2249,4.133,4.133,3.983,0.105,0.003,0.042,1,0.000,0.000,0.000,0,692,0,0
2250,3.881,3.881,3.727,0.105,0.004,0.045,1,0.000,0.000,0.000,0,692,0,0
2251,3.410,3.410,3.248,0.104,0.003,0.055,1,0.000,0.000,0.000,0,692,0,0
2252,4.522,4.522,4.371,0.106,0.003,0.043,1,0.000,0.000,0.000,0,692,0,0
2253,3.307,3.307,3.158,0.104,0.003,0.042,1,0.000,0.000,0.000,0,692,0,0
2254,3.317,3.317,3.156,0.103,0.003,0.054,1,0.000,0.000,0.000,0,692,0,0
2255,3.385,3.385,3.237,0.103,0.003,0.042,1,0.000,0.000,0.000,0,692,0,0
2256,3.290,3.290,3.143,0.103,0.003,0.042,1,0.000,0.000,0.000,0,692,0,0
2257,3.277,3.277,3.118,0.103,0.003,0.054,1,0.000,0.000,0.000,0,692,0,0
2258,3.707,3.707,3.529,0.128,0.005,0.045,1,0.000,0.000,0.000,0,692,0,0
2259,3.618,3.618,3.463,0.106,0.004,0.045,1,0.000,0.000,0.000,0,692,0,0
2260,3.350,3.350,3.188,0.104,0.003,0.055,1,0.000,0.000,0.000,0,692,0,0
2261,4.007,4.007,3.854,0.106,0.004,0.044,1,0.000,0.000,0.000,0,692,0,0
2262,3.576,3.576,3.421,0.105,0.004,0.046,1,0.000,0.000,0.000,0,692,0,0
2263,3.352,3.352,3.190,0.104,0.003,0.054,1,0.000,0.000,0.000,0,692,0,0
2264,3.393,3.393,3.243,0.106,0.003,0.041,1,0.000,0.000,0.000,0,692,0,0
2265,3.324,3.324,3.176,0.103,0.003,0.042,1,0.000,0.000,0.000,0,692,0,0
2266,3.303,3.303,3.142,0.104,0.003,0.054,1,0.000,0.000,0.000,0,692,0,0
2267,3.312,3.312,3.163,0.104,0.003,0.042,1,0.000,0.000,0.000,0,692,0,0
2268,3.280,3.280,3.131,0.104,0.003,0.042,1,0.000,0.000,0.000,0,692,0,0
2269,3.657,3.657,3.495,0.103,0.003,0.057,1,0.000,0.000,0.000,0,692,0,0
2270,3.770,3.770,3.609,0.110,0.005,0.046,1,0.000,0.000,0.000,0,692,0,0
2271,3.820,3.820,3.664,0.104,0.004,0.047,1,0.000,0.000,0.000,0,692,0,0
2272,3.196,3.196,3.035,0.103,0.003,0.055,1,0.000,0.000,0.000,0,692,0,0
2273,3.210,3.210,3.054,0.106,0.004,0.046,1,0.000,0.000,0.000,0,692,0,0
2274,3.012,3.012,2.859,0.103,0.004,0.045,1,0.000,0.000,0.000,0,692,0,0
2275,2.848,2.848,2.688,0.103,0.002,0.054,1,0.000,0.000,0.000,0,692,0,0
2276,2.800,2.800,2.654,0.103,0.003,0.041,1,0.000,0.000,0.000,0,692,0,0
2277,2.813,2.813,2.666,0.103,0.003,0.042,1,0.000,0.000,0.000,0,692,0,0
2278,2.804,2.804,2.646,0.102,0.003,0.054,1,0.000,0.000,0.000,0,692,0,0
2279,3.086,3.086,2.938,0.104,0.003,0.042,1,0.000,0.000,0.000,0,692,0,0
2280,2.819,2.819,2.671,0.104,0.003,0.041,1,0.000,0.000,0.000,0,692,0,0
2281,3.465,3.465,3.298,0.112,0.003,0.053,1,0.000,0.000,0.000,0,692,0,0
2282,4.209,4.209,4.060,0.104,0.003,0.042,1,0.000,0.000,0.000,0,692,0,0
2283,2.863,2.863,2.716,0.103,0.003,0.042,1,0.000,0.000,0.000,0,692,0,0
2284,2.827,2.827,2.668,0.102,0.003,0.054,1,0.000,0.000,0.000,0,692,0,0
2285,2.813,2.813,2.667,0.103,0.002,0.041,1,0.000,0.000,0.000,0,692,0,0
2286,2.804,2.804,2.644,0.116,0.003,0.041,1,0.000,0.000,0.000,0,692,0,0
2287,2.816,2.816,2.656,0.103,0.003,0.053,1,0.000,0.000,0.000,0,692,0,0
2288,2.791,2.791,2.643,0.104,0.003,0.041,1,0.000,0.000,0.000,0,692,0,0
2289,2.814,2.814,2.666,0.103,0.003,0.042,1,0.000,0.000,0.000,0,692,0,0
2290,2.799,2.799,2.641,0.103,0.002,0.053,1,0.000,0.000,0.000,0,692,0,0
2291,3.077,3.077,2.919,0.104,0.007,0.048,1,0.000,0.000,0.000,0,692,0,0
2292,2.904,2.904,2.754,0.103,0.004,0.044,1,0.000,0.000,0.000,0,692,0,0
2293,3.598,3.598,3.433,0.107,0.004,0.055,1,0.000,0.000,0.000,0,692,0,0
2294,3.332,3.332,3.179,0.104,0.004,0.045,1,0.000,0.000,0.000,0,692,0,0
2295,3.578,3.578,3.422,0.105,0.004,0.047,1,0.000,0.000,0.000,0,692,0,0
2296,3.612,3.612,3.446,0.105,0.004,0.057,1,0.000,0.000,0.000,0,692,0,0
2297,3.180,3.180,3.025,0.107,0.004,0.044,1,0.000,0.000,0.000,0,692,0,0
2298,3.486,3.486,3.329,0.105,0.005,0.048,1,0.000,0.000,0.000,0,692,0,0
2299,3.292,3.292,3.122,0.107,0.005,0.059,1,0.000,0.000,0.000,0,692,0,0
2300,2.894,2.894,2.744,0.105,0.003,0.042,1,0.000,0.000,0.000,0,692,0,0
2301,3.093,3.093,2.931,0.106,0.003,0.054,1,0.000,0.000,0.000,0,692,0,0
2302,2.895,2.895,2.748,0.103,0.003,0.042,1,0.000,0.000,0.000,0,692,0,0
2303,2.858,2.858,2.711,0.103,0.003,0.041,1,0.000,0.000,0.000,0,692,0,0
2304,2.810,2.810,2.651,0.103,0.003,0.053,1,0.000,0.000,0.000,0,692,0,0
2305,2.804,2.804,2.657,0.102,0.003,0.042,1,0.000,0.000,0.000,0,692,0,0
2306,2.815,2.815,2.668,0.103,0.003,0.041,1,0.000,0.000,0.000,0,692,0,0
2307,2.825,2.825,2.666,0.103,0.003,0.053,1,0.000,0.000,0.000,0,692,0,0
2308,2.811,2.811,2.663,0.103,0.003,0.042,1,0.000,0.000,0.000,0,692,0,0
2309,2.781,2.781,2.635,0.103,0.002,0.042,1,0.000,0.000,0.000,0,692,0,0
2310,2.801,2.801,2.642,0.103,0.003,0.053,1,0.000,0.000,0.000,0,692,0,0
2311,2.784,2.784,2.637,0.103,0.003,0.041,1,0.000,0.000,0.000,0,692,0,0
2312,3.111,3.111,2.952,0.110,0.004,0.044,1,0.000,0.000,0.000,0,692,0,0
2313,3.198,3.198,3.032,0.106,0.004,0.057,1,0.000,0.000,0.000,0,692,0,0
2314,2.832,2.832,2.683,0.104,0.003,0.042,1,0.000,0.000,0.000,0,692,0,0
2315,2.841,2.841,2.693,0.103,0.003,0.042,1,0.000,0.000,0.000,0,692,0,0
2316,2.821,2.821,2.662,0.103,0.002,0.053,1,0.000,0.000,0.000,0,692,0,0
2317,2.779,2.779,2.632,0.103,0.003,0.042,1,0.000,0.000,0.000,0,692,0,0
2318,2.791,2.791,2.645,0.103,0.003,0.041,1,0.000,0.000,0.000,0,692,0,0
2319,2.933,2.933,2.773,0.104,0.003,0.054,1,0.000,0.000,0.000,0,692,0,0
2320,2.799,2.799,2.652,0.102,0.003,0.041,1,0.000,0.000,0.000,0,692,0,0
2321,2.797,2.797,2.651,0.102,0.002,0.042,1,0.000,0.000,0.000,0,692,0,0
2322,2.807,2.807,2.649,0.102,0.003,0.054,1,0.000,0.000,0.000,0,692,0,0
2323,2.845,2.845,2.698,0.103,0.003,0.041,1,0.000,0.000,0.000,0,692,0,0
2324,2.771,2.771,2.625,0.103,0.003,0.041,1,0.000,0.000,0.000,0,692,0,0
2325,2.828,2.828,2.667,0.103,0.003,0.054,1,0.000,0.000,0.000,0,692,0,0
2326,3.445,3.445,3.284,0.112,0.005,0.045,1,0.000,0.000,0.000,0,692,0,0
2327,4.013,4.013,3.847,0.118,0.004,0.045,1,0.000,0.000,0.000,0,692,0,0
2328,3.975,3.975,3.815,0.104,0.003,0.054,1,0.000,0.000,0.000,0,692,0,0
2329,3.019,3.019,2.870,0.104,0.003,0.043,1,0.000,0.000,0.000,0,692,0,0
2330,2.875,2.875,2.727,0.103,0.003,0.042,1,0.000,0.000,0.000,0,692,0,0
2331,2.844,2.844,2.683,0.103,0.003,0.055,1,0.000,0.000,0.000,0,692,0,0
2332,2.875,2.875,2.725,0.105,0.003,0.041,1,0.000,0.000,0.000,0,692,0,0
2333,3.931,3.931,3.773,0.113,0.003,0.042,1,0.000,0.000,0.000,0,692,0,0
2334,3.238,3.238,3.065,0.105,0.007,0.061,1,0.000,0.000,0.000,0,692,0,0
2335,2.898,2.898,2.747,0.105,0.003,0.043,1,0.000,0.000,0.000,0,692,0,0
2336,3.431,3.431,3.273,0.105,0.003,0.051,1,0.000,0.000,0.000,0,692,0,0
2337,3.510,3.510,3.347,0.104,0.004,0.055,1,0.000,0.000,0.000,0,692,0,0
2338,3.342,3.342,3.189,0.104,0.004,0.045,1,0.000,0.000,0.000,0,692,0,0
2339,3.122,3.122,2.972,0.105,0.003,0.043,1,0.000,0.000,0.000,0,692,0,0
2340,2.857,2.857,2.696,0.104,0.003,0.054,1,0.000,0.000,0.000,0,692,0,0
2341,2.805,2.805,2.658,0.103,0.003,0.042,1,0.000,0.000,0.000,0,692,0,0
2342,2.806,2.806,2.658,0.103,0.003,0.042,1,0.000,0.000,0.000,0,692,0,0
2343,2.839,2.839,2.680,0.103,0.003,0.053,1,0.000,0.000,0.000,0,692,0,0
2344,2.801,2.801,2.654,0.103,0.003,0.042,1,0.000,0.000,0.000,0,692,0,0
2345,3.070,3.070,2.858,0.165,0.003,0.044,1,0.000,0.000,0.000,0,692,0,0
2346,4.416,4.416,4.245,0.107,0.004,0.059,1,0.000,0.000,0.000,0,692,0,0
2347,7.539,7.539,7.366,0.109,0.008,0.055,1,0.000,0.000,0.000,0,692,0,0
2348,3.198,3.198,3.042,0.107,0.004,0.046,1,0.000,0.000,0.000,0,692,0,0
2349,2.940,2.940,2.778,0.103,0.003,0.056,1,0.000,0.000,0.000,0,692,0,0
2350,2.882,2.882,2.733,0.104,0.003,0.042,1,0.000,0.000,0.000,0,692,0,0
2351,3.336,3.336,3.163,0.114,0.008,0.051,1,0.000,0.000,0.000,0,692,0,0
2352,3.119,3.119,2.955,0.110,0.003,0.051,1,0.000,0.000,0.000,0,692,0,0
2353,2.992,2.992,2.839,0.104,0.004,0.045,1,0.000,0.000,0.000,0,692,0,0
2354,3.062,3.062,2.907,0.108,0.004,0.044,1,0.000,0.000,0.000,0,692,0,0
2355,2.970,2.970,2.807,0.103,0.004,0.056,1,0.000,0.000,0.000,0,692,0,0
2356,3.377,3.377,3.165,0.166,0.003,0.043,1,0.000,0.000,0.000,0,692,0,0
2357,3.886,3.886,3.735,0.104,0.005,0.043,1,0.000,0.000,0.000,0,692,0,0
2358,3.413,3.413,3.247,0.104,0.004,0.058,1,0.000,0.000,0.000,0,692,0,0
2359,2.883,2.883,2.733,0.105,0.003,0.042,1,0.000,0.000,0.000,0,692,0,0
2360,3.091,3.091,2.932,0.113,0.003,0.043,1,0.000,0.000,0.000,0,692,0,0
2361,4.018,4.018,3.855,0.105,0.004,0.054,1,0.000,0.000,0.000,0,692,0,0
2362,3.626,3.626,3.475,0.108,0.003,0.040,1,0.000,0.000,0.000,0,692,0,0
2363,3.487,3.487,3.326,0.105,0.006,0.050,1,0.000,0.000,0.000,0,692,0,0
2364,3.107,3.107,2.944,0.105,0.003,0.054,1,0.000,0.000,0.000,0,692,0,0
2365,2.924,2.924,2.776,0.103,0.003,0.042,1,0.000,0.000,0.000,0,692,0,0
2366,3.237,3.237,3.028,0.159,0.004,0.045,1,0.000,0.000,0.000,0,692,0,0
2367,3.109,3.109,2.943,0.105,0.004,0.058,1,0.000,0.000,0.000,0,692,0,0
2368,2.934,2.934,2.785,0.105,0.003,0.042,1,0.000,0.000,0.000,0,692,0,0
2369,2.973,2.973,2.825,0.103,0.003,0.042,1,0.000,0.000,0.000,0,692,0,0
2370,2.901,2.901,2.742,0.103,0.003,0.053,1,0.000,0.000,0.000,0,692,0,0
2371,2.891,2.891,2.743,0.104,0.002,0.041,1,0.000,0.000,0.000,0,692,0,0
2372,3.147,3.147,2.991,0.109,0.004,0.043,1,0.000,0.000,0.000,0,692,0,0
2373,3.056,3.056,2.892,0.105,0.003,0.055,1,0.000,0.000,0.000,0,692,0,0
2374,3.306,3.306,3.094,0.166,0.003,0.043,1,0.000,0.000,0.000,0,692,1,0
2375,4.053,4.053,3.901,0.107,0.003,0.043,1,0.000,0.000,0.000,0,692,0,0
2376,3.430,3.430,3.260,0.105,0.005,0.061,1,0.000,0.000,0.000,0,692,0,0
2377,3.562,3.562,3.405,0.106,0.005,0.047,1,0.000,0.000,0.000,0,692,0,0
2378,3.421,3.421,3.271,0.104,0.003,0.043,1,0.000,0.000,0.000,0,692,0,0
2379,2.927,2.927,2.767,0.104,0.003,0.053,1,0.000,0.000,0.000,0,692,0,0
2380,2.846,2.846,2.698,0.104,0.003,0.041,1,0.000,0.000,0.000,0,692,0,0
2381,2.856,2.856,2.709,0.103,0.003,0.041,1,0.000,0.000,0.000,0,692,0,0
2382,3.042,3.042,2.854,0.104,0.003,0.081,1,0.000,0.000,0.000,0,692,0,0
2383,2.897,2.897,2.727,0.104,0.003,0.062,1,0.000,0.000,0.000,0,692,0,0
2384,2.895,2.895,2.726,0.104,0.003,0.062,1,0.000,0.000,0.000,0,692,0,0
2385,2.899,2.899,2.720,0.104,0.002,0.073,1,0.000,0.000,0.000,0,692,0,0
2386,2.855,2.855,2.707,0.103,0.003,0.042,1,0.000,0.000,0.000,0,692,0,0
2387,2.834,2.834,2.687,0.103,0.003,0.041,1,0.000,0.000,0.000,0,692,0,0
2388,3.664,3.664,3.504,0.104,0.003,0.053,1,0.000,0.000,0.000,0,692,0,0
2389,3.729,3.729,3.580,0.107,0.003,0.039,1,0.000,0.000,0.000,0,692,0,0
2390,3.321,3.321,3.169,0.106,0.003,0.043,1,0.000,0.000,0.000,0,692,0,0
2391,2.937,2.937,2.775,0.105,0.003,0.054,1,0.000,0.000,0.000,0,692,0,0
2392,2.849,2.849,2.700,0.104,0.003,0.042,1,0.000,0.000,0.000,0,692,0,0
2393,2.870,2.870,2.722,0.102,0.002,0.043,1,0.000,0.000,0.000,0,692,0,0
2394,2.871,2.871,2.712,0.103,0.003,0.054,1,0.000,0.000,0.000,0,692,0,0
2395,2.904,2.904,2.756,0.104,0.003,0.041,1,0.000,0.000,0.000,0,692,0,0
2396,2.871,2.871,2.724,0.103,0.003,0.041,1,0.000,0.000,0.000,0,692,0,0
2397,2.922,2.922,2.751,0.116,0.002,0.053,1,0.000,0.000,0.000,0,692,0,0
2398,2.886,2.886,2.737,0.104,0.003,0.042,1,0.000,0.000,0.000,0,692,0,0
2399,3.021,3.021,2.873,0.103,0.003,0.042,1,0.000,0.000,0.000,0,692,0,0
2400,2.885,2.885,2.726,0.103,0.003,0.053,1,0.000,0.000,0.000,0,692,0,0
2401,2.865,2.865,2.719,0.102,0.003,0.042,1,0.000,0.000,0.000,0,692,0,0
2402,2.902,2.902,2.743,0.103,0.003,0.053,1,0.000,0.000,0.000,0,692,0,0
2403,2.905,2.905,2.758,0.103,0.003,0.041,1,0.000,0.000,0.000,0,692,0,0
2404,3.780,3.780,3.615,0.108,0.007,0.050,1,0.000,0.000,0.000,0,692,0,0
2405,3.316,3.316,3.153,0.104,0.003,0.056,1,0.000,0.000,0.000,0,692,0,0
2406,2.922,2.922,2.775,0.103,0.003,0.042,1,0.000,0.000,0.000,0,692,0,0
2407,2.904,2.904,2.754,0.105,0.003,0.042,1,0.000,0.000,0.000,0,692,0,0
2408,2.930,2.930,2.767,0.106,0.003,0.054,1,0.000,0.000,0.000,0,692,0,0
2409,2.883,2.883,2.736,0.103,0.002,0.041,1,0.000,0.000,0.000,0,692,0,0
2410,2.874,2.874,2.727,0.103,0.002,0.041,1,0.000,0.000,0.000,0,692,0,0
2411,2.836,2.836,2.676,0.103,0.003,0.054,1,0.000,0.000,0.000,0,692,0,0
2412,2.787,2.787,2.639,0.104,0.003,0.042,1,0.000,0.000,0.000,0,692,0,0
2413,2.786,2.786,2.639,0.103,0.003,0.042,1,0.000,0.000,0.000,0,692,0,0
2414,2.869,2.869,2.707,0.105,0.003,0.053,1,0.000,0.000,0.000,0,692,0,0
2415,2.798,2.798,2.651,0.103,0.003,0.042,1,0.000,0.000,0.000,0,692,0,0
2416,2.786,2.786,2.638,0.103,0.003,0.042,1,0.000,0.000,0.000,0,692,0,0
2417,2.813,2.813,2.655,0.103,0.002,0.053,1,0.000,0.000,0.000,0,692,0,0
2418,2.820,2.820,2.673,0.103,0.003,0.042,1,0.000,0.000,0.000,0,692,0,0
2419,2.788,2.788,2.640,0.104,0.003,0.041,1,0.000,0.000,0.000,0,692,0,0
2420,2.821,2.821,2.660,0.104,0.002,0.054,1,0.000,0.000,0.000,0,692,0,0
2421,3.672,3.672,3.490,0.133,0.003,0.046,1,0.000,0.000,0.000,0,692,0,0
2422,2.932,2.932,2.783,0.103,0.003,0.043,1,0.000,0.000,0.000,0,692,0,0
2423,2.838,2.838,2.678,0.103,0.003,0.054,1,0.000,0.000,0.000,0,692,0,0
2424,2.790,2.790,2.641,0.103,0.002,0.042,1,0.000,0.000,0.000,0,692,0,0
2425,2.879,2.879,2.730,0.104,0.003,0.042,1,0.000,0.000,0.000,0,692,0,0
2426,3.724,3.724,3.557,0.105,0.004,0.058,1,0.000,0.000,0.000,0,696,0,0
2427,2.936,2.936,2.784,0.105,0.003,0.044,1,0.000,0.000,0.000,0,696,0,0
2428,2.877,2.877,2.726,0.105,0.003,0.043,1,0.000,0.000,0.000,0,696,0,0
2429,2.841,2.841,2.680,0.103,0.003,0.055,1,0.000,0.000,0.000,0,696,0,0
2430,2.837,2.837,2.687,0.105,0.002,0.043,1,0.000,0.000,0.000,0,696,0,0
2431,2.851,2.851,2.701,0.104,0.003,0.042,1,0.000,0.000,0.000,0,696,0,0
2432,2.834,2.834,2.673,0.104,0.003,0.054,1,0.000,0.000,0.000,0,696,0,0
2433,2.863,2.863,2.715,0.104,0.003,0.042,1,0.000,0.000,0.000,0,696,0,0
2434,3.680,3.680,3.514,0.107,0.007,0.053,1,0.000,0.000,0.000,0,696,0,0
2435,3.451,3.451,3.230,0.105,0.003,0.114,1,0.000,0.000,0.000,0,696,0,0
2436,3.021,3.021,2.823,0.106,0.003,0.090,1,0.000,0.000,0.000,0,696,0,0
2437,3.016,3.016,2.795,0.106,0.003,0.113,1,0.000,0.000,0.000,0,696,0,0
2438,3.033,3.033,2.741,0.104,0.003,0.186,1,0.000,0.000,0.000,0,696,0,0
2439,3.246,3.246,2.965,0.109,0.003,0.170,1,0.000,0.000,0.000,0,696,0,0
2440,3.129,3.129,2.826,0.105,0.003,0.194,1,0.000,0.000,0.000,0,696,0,0
2441,3.251,3.251,2.843,0.105,0.002,0.300,1,0.000,0.000,0.000,0,696,0,0
2442,3.168,3.168,2.807,0.119,0.003,0.239,1,0.000,0.000,0.000,0,696,0,0
2443,3.373,3.373,2.992,0.105,0.003,0.273,1,0.000,0.000,0.000,0,720,0,0
2444,4.840,4.840,4.339,0.110,0.007,0.385,1,0.000,0.000,0.000,0,744,0,0
2445,4.083,4.083,3.666,0.112,0.003,0.301,1,0.000,0.000,0.000,0,768,0,0
2446,3.564,3.564,3.150,0.105,0.004,0.305,1,0.000,0.000,0.000,0,792,0,0
2447,5.458,5.458,4.971,0.107,0.003,0.377,1,0.000,0.000,0.000,0,816,0,0
2448,5.116,5.116,4.778,0.116,0.003,0.220,1,0.000,0.000,0.000,0,840,0,0
2449,3.984,3.984,3.640,0.108,0.003,0.233,1,0.000,0.000,0.000,0,860,0,0
2450,4.057,4.057,3.678,0.106,0.005,0.268,1,0.000,0.000,0.000,0,860,0,0
2451,3.409,3.409,3.083,0.108,0.003,0.215,1,0.000,0.000,0.000,0,860,0,0
2452,3.315,3.315,3.026,0.107,0.003,0.179,1,0.000,0.000,0.000,0,860,0,0
2453,3.712,3.712,3.287,0.162,0.004,0.259,1,0.000,0.000,0.000,0,860,0,0
2454,3.373,3.373,3.051,0.106,0.003,0.212,1,0.000,0.000,0.000,0,860,0,0
2455,3.389,3.389,3.067,0.106,0.003,0.213,1,0.000,0.000,0.000,0,860,0,0
2456,3.599,3.599,3.221,0.116,0.004,0.258,1,0.000,0.000,0.000,0,860,0,0
2457,3.465,3.465,3.155,0.106,0.004,0.200,1,0.000,0.000,0.000,0,860,0,0
2458,3.163,3.163,2.873,0.107,0.003,0.180,1,0.000,0.000,0.000,0,860,0,0
2459,4.095,4.095,3.705,0.117,0.004,0.270,1,0.000,0.000,0.000,0,860,0,0
2460,4.820,4.820,4.497,0.109,0.003,0.210,1,0.000,0.000,0.000,0,860,0,0
2461,4.104,4.104,3.753,0.111,0.005,0.235,1,0.000,0.000,0.000,0,860,0,0
2462,3.373,3.373,2.989,0.107,0.003,0.273,1,0.000,0.000,0.000,0,860,0,0
2463,3.230,3.230,2.911,0.106,0.003,0.209,1,0.000,0.000,0.000,0,860,0,0
2464,3.555,3.555,3.091,0.106,0.003,0.354,1,0.000,0.000,0.000,0,860,0,0
2465,3.770,3.770,2.957,0.107,0.003,0.703,1,0.000,0.000,0.000,0,860,0,0
2466,3.523,3.523,2.986,0.106,0.003,0.428,1,0.000,0.000,0.000,0,860,0,0
2467,3.363,3.363,2.840,0.105,0.003,0.415,1,0.000,0.000,0.000,0,860,0,0
2468,3.536,3.536,2.877,0.106,0.003,0.550,1,0.000,0.000,0.000,0,860,0,0
2469,4.177,4.177,3.630,0.112,0.006,0.429,1,0.000,0.000,0.000,0,860,0,0
2470,3.561,3.561,3.018,0.106,0.004,0.433,1,0.000,0.000,0.000,0,860,0,0
2471,4.159,4.159,3.501,0.108,0.003,0.547,1,0.000,0.000,0.000,0,860,0,0
2472,4.718,4.718,4.198,0.121,0.003,0.396,1,0.000,0.000,0.000,0,860,0,0
2473,4.026,4.026,3.524,0.117,0.003,0.382,1,0.000,0.000,0.000,0,860,0,0
2474,5.600,5.600,4.961,0.109,0.004,0.525,1,0.000,0.000,0.000,0,860,0,0
2475,4.179,4.179,3.642,0.109,0.006,0.422,1,0.000,0.000,0.000,0,860,0,0
2476,3.586,3.586,3.073,0.108,0.003,0.402,1,0.000,0.000,0.000,0,860,0,0
2477,3.797,3.797,3.169,0.107,0.004,0.517,1,0.000,0.000,0.000,0,860,0,0
2478,3.542,3.542,2.989,0.106,0.003,0.445,1,0.000,0.000,0.000,0,860,0,0
2479,3.618,3.618,3.130,0.106,0.003,0.379,1,0.000,0.000,0.000,0,860,0,0
2480,3.547,3.547,2.932,0.116,0.003,0.496,1,0.000,0.000,0.000,0,860,0,0
2481,3.301,3.301,2.859,0.106,0.003,0.332,1,0.000,0.000,0.000,0,860,0,0
2482,3.255,3.255,2.814,0.107,0.003,0.331,1,0.000,0.000,0.000,0,860,0,0
2483,3.424,3.424,2.875,0.106,0.002,0.441,1,0.000,0.000,0.000,0,860,0,0
2484,3.283,3.283,2.844,0.107,0.003,0.330,1,0.000,0.000,0.000,0,860,0,0
2485,4.707,4.707,4.231,0.114,0.007,0.355,1,0.000,0.000,0.000,0,860,0,0
2486,5.220,5.220,4.674,0.123,0.003,0.420,1,0.000,0.000,0.000,0,860,0,0
2487,4.288,4.288,3.806,0.107,0.004,0.371,1,0.000,0.000,0.000,0,860,0,0
2488,3.901,3.901,3.424,0.107,0.003,0.367,1,0.000,0.000,0.000,0,860,0,0
2489,4.237,4.237,3.652,0.110,0.006,0.469,1,0.000,0.000,0.000,0,860,0,0
2490,3.461,3.461,2.996,0.140,0.004,0.322,1,0.000,0.000,0.000,0,860,1,0
2491,3.797,3.797,3.367,0.121,0.003,0.306,1,0.000,0.000,0.000,0,860,0,0
2492,3.448,3.448,2.950,0.107,0.003,0.388,1,0.000,0.000,0.000,0,860,0,0
2493,3.237,3.237,2.845,0.106,0.002,0.283,1,0.000,0.000,0.000,0,860,0,0
2494,3.317,3.317,2.948,0.106,0.003,0.260,1,0.000,0.000,0.000,0,860,0,0
2495,3.912,3.912,3.414,0.106,0.003,0.389,1,0.000,0.000,0.000,0,860,0,0
2496,3.241,3.241,2.872,0.106,0.003,0.261,1,0.000,0.000,0.000,0,860,0,0
2497,3.160,3.160,2.807,0.106,0.003,0.245,1,0.000,0.000,0.000,0,860,0,0
2498,3.922,3.922,3.463,0.114,0.005,0.341,1,0.000,0.000,0.000,0,860,0,0
2499,3.365,3.365,2.998,0.107,0.004,0.256,1,0.000,0.000,0.000,0,860,0,0
2500,3.372,3.372,2.932,0.105,0.002,0.333,1,0.000,0.000,0.000,0,860,0,0
2501,3.217,3.217,2.863,0.106,0.003,0.245,1,0.000,0.000,0.000,0,860,0,0
2502,3.705,3.705,3.353,0.106,0.003,0.243,1,0.000,0.000,0.000,0,860,0,0
2503,3.368,3.368,2.934,0.105,0.003,0.326,1,0.000,0.000,0.000,0,856,0,0
2504,3.173,3.173,2.817,0.104,0.003,0.249,1,0.000,0.000,0.000,0,856,0,0
2505,3.730,3.730,3.372,0.104,0.003,0.251,1,0.000,0.000,0.000,0,696,0,0
2506,3.288,3.288,2.853,0.104,0.003,0.329,1,0.000,0.000,0.000,0,696,0,0
2507,3.167,3.167,2.810,0.105,0.003,0.250,1,0.000,0.000,0.000,0,696,0,0
2508,3.538,3.538,3.175,0.105,0.002,0.255,1,0.000,0.000,0.000,0,696,0,0
2509,4.454,4.454,3.964,0.107,0.006,0.377,1,0.000,0.000,0.000,0,696,0,0
2510,3.443,3.443,3.017,0.106,0.003,0.317,1,0.000,0.000,0.000,0,696,0,0
2511,3.617,3.617,3.181,0.105,0.003,0.328,1,0.000,0.000,0.000,0,696,0,0
2512,3.916,3.916,3.423,0.105,0.004,0.384,1,0.000,0.000,0.000,0,696,0,0
2513,3.305,3.305,2.917,0.104,0.003,0.282,1,0.000,0.000,0.000,0,696,0,0
2514,3.306,3.306,2.914,0.105,0.002,0.285,1,0.000,0.000,0.000,0,696,0,0
2515,5.868,5.868,5.375,0.108,0.006,0.379,1,0.000,0.000,0.000,0,696,0,0
2516,3.987,3.987,3.564,0.107,0.005,0.311,1,0.000,0.000,0.000,0,696,0,0
2517,3.512,3.512,3.123,0.105,0.004,0.280,1,0.000,0.000,0.000,0,696,0,0
2518,3.348,3.348,2.872,0.104,0.003,0.368,1,0.000,0.000,0.000,0,696,0,0
2519,3.352,3.352,2.977,0.105,0.003,0.268,1,0.000,0.000,0.000,0,696,0,0
2520,3.132,3.132,2.758,0.104,0.003,0.267,1,0.000,0.000,0.000,0,696,0,0
2521,3.194,3.194,2.744,0.104,0.003,0.342,1,0.000,0.000,0.000,0,696,0,0
2522,3.069,3.069,2.744,0.104,0.002,0.219,1,0.000,0.000,0.000,0,696,0,0
2523,3.567,3.567,3.289,0.104,0.003,0.171,1,0.000,0.000,0.000,0,696,0,0
2524,3.182,3.182,2.880,0.104,0.003,0.195,1,0.000,0.000,0.000,0,696,0,0
2525,3.089,3.089,2.749,0.104,0.003,0.233,1,0.000,0.000,0.000,0,696,0,0
2526,3.063,3.063,2.748,0.105,0.003,0.208,1,0.000,0.000,0.000,0,696,0,0
2527,3.782,3.782,3.375,0.118,0.006,0.284,1,0.000,0.000,0.000,0,696,0,0
2528,5.109,5.109,4.783,0.112,0.005,0.209,1,0.000,0.000,0.000,0,696,0,0
2529,4.049,4.049,3.714,0.110,0.006,0.218,1,0.000,0.000,0.000,0,696,0,0
2530,3.980,3.980,3.563,0.104,0.005,0.308,1,0.000,0.000,0.000,0,696,0,0
2531,3.790,3.790,3.449,0.107,0.005,0.229,1,0.000,0.000,0.000,0,696,0,0
2532,3.222,3.222,2.927,0.106,0.003,0.186,1,0.000,0.000,0.000,0,696,0,0
2533,3.163,3.163,2.773,0.105,0.003,0.283,1,0.000,0.000,0.000,0,696,0,0
2534,3.582,3.582,3.286,0.104,0.003,0.189,1,0.000,0.000,0.000,0,696,0,0
2535,3.033,3.033,2.739,0.104,0.002,0.187,1,0.000,0.000,0.000,0,696,0,0
2536,3.111,3.111,2.754,0.105,0.002,0.250,1,0.000,0.000,0.000,0,696,0,0
2537,3.228,3.228,2.932,0.103,0.003,0.190,1,0.000,0.000,0.000,0,696,0,0
2538,3.738,3.738,3.434,0.107,0.005,0.191,1,0.000,0.000,0.000,0,696,0,0
2539,3.163,3.163,2.830,0.105,0.003,0.223,1,0.000,0.000,0.000,0,696,0,0
2540,3.416,3.416,3.074,0.105,0.003,0.235,1,0.000,0.000,0.000,0,720,0,0
2541,4.477,4.477,4.126,0.107,0.005,0.239,1,0.000,0.000,0.000,0,744,0,0
2542,4.868,4.868,4.452,0.110,0.005,0.302,1,0.000,0.000,0.000,0,768,0,0
2543,3.768,3.768,3.417,0.113,0.006,0.232,1,0.000,0.000,0.000,0,792,0,0
2544,3.432,3.432,3.088,0.106,0.005,0.234,1,0.000,0.000,0.000,0,816,0,0
2545,3.339,3.339,2.941,0.104,0.003,0.291,1,0.000,0.000,0.000,0,840,0,0
2546,3.803,3.803,3.473,0.107,0.003,0.221,1,0.000,0.000,0.000,0,868,0,0
2547,3.891,3.891,3.570,0.107,0.004,0.210,1,0.000,0.000,0.000,0,892,0,0
2548,3.486,3.486,3.046,0.106,0.003,0.332,1,0.000,0.000,0.000,0,916,0,0
2549,3.600,3.600,3.231,0.109,0.004,0.256,1,0.000,0.000,0.000,0,940,0,0
2550,4.246,4.246,3.865,0.107,0.004,0.269,1,0.000,0.000,0.000,0,964,0,0
2551,3.593,3.593,3.164,0.106,0.004,0.319,1,0.000,0.000,0.000,0,988,0,0
2552,3.390,3.390,3.034,0.108,0.003,0.245,1,0.000,0.000,0.000,0,1012,0,0
2553,3.380,3.380,3.029,0.107,0.002,0.242,1,0.000,0.000,0.000,0,1028,0,0
2554,4.265,4.265,3.810,0.108,0.005,0.342,1,0.000,0.000,0.000,0,1028,0,0
2555,4.334,4.334,3.941,0.159,0.003,0.231,1,0.000,0.000,0.000,0,1028,0,0
2556,3.844,3.844,3.442,0.108,0.005,0.288,1,0.000,0.000,0.000,0,1028,0,0
2557,3.584,3.584,3.112,0.107,0.003,0.362,1,0.000,0.000,0.000,0,1028,0,0
2558,3.410,3.410,3.040,0.107,0.003,0.261,1,0.000,0.000,0.000,0,1028,0,0
2559,4.290,4.290,3.841,0.107,0.003,0.339,1,0.000,0.000,0.000,0,1028,0,0
2560,3.564,3.564,3.103,0.107,0.003,0.351,1,0.000,0.000,0.000,0,1028,0,0
2561,3.272,3.272,2.902,0.106,0.003,0.261,1,0.000,0.000,0.000,0,1028,0,0
2562,3.277,3.277,2.908,0.106,0.003,0.261,1,0.000,0.000,0.000,0,1028,0,0
2563,3.513,3.513,3.078,0.106,0.003,0.326,1,0.000,0.000,0.000,0,1068,0,0
2564,3.282,3.282,2.954,0.108,0.003,0.217,1,0.000,0.000,0.000,0,1072,0,0
2565,3.254,3.254,2.935,0.109,0.003,0.207,1,0.000,0.000,0.000,0,1072,0,0
2566,3.306,3.306,2.920,0.109,0.003,0.274,1,0.000,0.000,0.000,0,1072,0,0
2567,3.329,3.329,2.993,0.108,0.003,0.225,1,0.000,0.000,0.000,0,1072,0,0
2568,3.979,3.979,3.627,0.109,0.005,0.237,1,0.000,0.000,0.000,0,1028,0,0
2569,5.087,5.087,4.651,0.109,0.004,0.324,1,0.000,0.000,0.000,0,1028,0,0
2570,3.968,3.968,3.617,0.108,0.003,0.239,1,0.000,0.000,0.000,0,1028,0,0
2571,3.621,3.621,3.141,0.106,0.005,0.369,1,0.000,0.000,0.000,0,1028,0,0
2572,4.183,4.183,3.640,0.108,0.003,0.431,1,0.000,0.000,0.000,0,1028,0,0
2573,3.423,3.423,2.998,0.105,0.003,0.318,1,0.000,0.000,0.000,0,1028,0,0
2574,3.361,3.361,2.922,0.106,0.003,0.331,1,0.000,0.000,0.000,0,1028,0,0
2575,4.400,4.400,3.864,0.109,0.005,0.423,1,0.000,0.000,0.000,0,1028,0,0
2576,3.897,3.897,3.464,0.108,0.004,0.321,1,0.000,0.000,0.000,0,1028,0,0
2577,4.076,4.076,3.638,0.106,0.005,0.327,1,0.000,0.000,0.000,0,1028,0,0
2578,3.730,3.730,3.194,0.106,0.004,0.426,1,0.000,0.000,0.000,0,1028,0,0
2579,3.450,3.450,3.078,0.107,0.004,0.261,1,0.000,0.000,0.000,0,1028,0,0
2580,3.431,3.431,3.045,0.106,0.003,0.276,1,0.000,0.000,0.000,0,1028,0,0
2581,3.507,3.507,3.021,0.107,0.003,0.377,1,0.000,0.000,0.000,0,1028,0,0
2582,3.348,3.348,2.954,0.105,0.003,0.286,1,0.000,0.000,0.000,0,1028,0,0
2583,3.348,3.348,2.957,0.108,0.002,0.281,1,0.000,0.000,0.000,0,1028,0,0
2584,3.550,3.550,3.078,0.106,0.003,0.363,1,0.000,0.000,0.000,0,1028,0,0
2585,3.335,3.335,2.954,0.105,0.002,0.274,1,0.000,0.000,0.000,0,1028,0,0
2586,3.378,3.378,2.902,0.113,0.003,0.360,1,0.000,0.000,0.000,0,696,0,0
2587,4.899,4.899,4.212,0.108,0.006,0.573,1,0.000,0.000,0.000,0,696,0,0
2588,3.641,3.641,3.078,0.106,0.004,0.453,1,0.000,0.000,0.000,0,696,0,0
2589,3.346,3.346,2.813,0.104,0.003,0.425,1,0.000,0.000,0.000,0,696,0,0
2590,3.440,3.440,2.790,0.105,0.002,0.543,1,0.000,0.000,0.000,0,696,0,0
2591,3.817,3.817,3.301,0.104,0.003,0.409,1,0.000,0.000,0.000,0,696,0,0
2592,3.409,3.409,2.832,0.104,0.003,0.470,1,0.000,0.000,0.000,0,696,0,0
2593,3.568,3.568,2.889,0.136,0.003,0.540,1,0.000,0.000,0.000,0,696,1,0
2594,3.766,3.766,3.272,0.104,0.003,0.386,1,0.000,0.000,0.000,0,696,0,0
2595,3.273,3.273,2.789,0.105,0.004,0.376,1,0.000,0.000,0.000,0,696,0,0
2596,5.308,5.308,4.684,0.106,0.008,0.511,1,0.000,0.000,0.000,0,696,0,0
2597,4.306,4.306,3.844,0.115,0.004,0.342,1,0.000,0.000,0.000,0,696,0,0
2598,3.517,3.517,3.025,0.104,0.005,0.383,1,0.000,0.000,0.000,0,696,0,0
2599,3.572,3.572,2.932,0.105,0.003,0.532,1,0.000,0.000,0.000,0,696,0,0
2600,3.853,3.853,3.380,0.107,0.003,0.363,1,0.000,0.000,0.000,0,696,0,0
2601,3.643,3.643,3.038,0.105,0.003,0.497,1,0.000,0.000,0.000,0,696,0,0
2602,3.230,3.230,2.775,0.104,0.003,0.348,1,0.000,0.000,0.000,0,696,0,0
2603,3.876,3.876,3.425,0.106,0.004,0.342,1,0.000,0.000,0.000,0,696,0,0
2604,3.618,3.618,3.066,0.105,0.004,0.443,1,0.000,0.000,0.000,0,692,0,0
2605,3.583,3.583,3.142,0.104,0.003,0.333,1,0.000,0.000,0.000,0,692,0,0
2606,3.237,3.237,2.800,0.104,0.003,0.331,1,0.000,0.000,0.000,0,692,0,0
2607,3.345,3.345,2.817,0.102,0.003,0.422,1,0.000,0.000,0.000,0,692,0,0
2608,3.754,3.754,3.059,0.104,0.003,0.588,1,0.000,0.000,0.000,0,692,0,0
2609,5.202,5.202,4.284,0.112,0.005,0.802,1,0.000,0.000,0.000,0,692,0,0
2610,4.125,4.125,3.628,0.108,0.003,0.386,1,0.000,0.000,0.000,0,692,0,0
2611,3.699,3.699,3.274,0.104,0.005,0.316,1,0.000,0.000,0.000,0,692,0,0
2612,3.233,3.233,2.829,0.104,0.003,0.297,1,0.000,0.000,0.000,0,692,0,0
2613,4.095,4.095,3.520,0.103,0.003,0.469,1,0.000,0.000,0.000,0,692,0,0
2614,3.229,3.229,2.813,0.104,0.003,0.309,1,0.000,0.000,0.000,0,692,0,0
2615,3.133,3.133,2.726,0.104,0.003,0.300,1,0.000,0.000,0.000,0,692,0,0
2616,3.391,3.391,2.849,0.103,0.002,0.436,1,0.000,0.000,0.000,0,692,0,0
2617,3.181,3.181,2.757,0.103,0.003,0.318,1,0.000,0.000,0.000,0,692,0,0
2618,3.119,3.119,2.721,0.103,0.003,0.292,1,0.000,0.000,0.000,0,692,0,0
2619,3.222,3.222,2.730,0.103,0.002,0.387,1,0.000,0.000,0.000,0,692,0,0
2620,3.115,3.115,2.715,0.104,0.002,0.293,1,0.000,0.000,0.000,0,692,0,0
2621,3.117,3.117,2.718,0.103,0.003,0.293,1,0.000,0.000,0.000,0,692,0,0
2622,3.796,3.796,3.275,0.123,0.004,0.394,1,0.000,0.000,0.000,0,692,0,0
2623,4.362,4.362,3.952,0.104,0.005,0.300,1,0.000,0.000,0.000,0,692,0,0
2624,3.450,3.450,3.040,0.104,0.003,0.303,1,0.000,0.000,0.000,0,692,0,0
2625,3.349,3.349,2.848,0.103,0.003,0.395,1,0.000,0.000,0.000,0,692,0,0
2626,3.687,3.687,3.299,0.104,0.003,0.280,1,0.000,0.000,0.000,0,692,0,0
2627,3.178,3.178,2.793,0.104,0.003,0.279,1,0.000,0.000,0.000,0,692,0,0
2628,3.240,3.240,2.767,0.104,0.003,0.366,1,0.000,0.000,0.000,0,692,0,0
2629,3.215,3.215,2.830,0.103,0.003,0.279,1,0.000,0.000,0.000,0,692,0,0
2630,3.147,3.147,2.768,0.103,0.003,0.274,1,0.000,0.000,0.000,0,692,0,0
2631,3.302,3.302,2.839,0.103,0.003,0.357,1,0.000,0.000,0.000,0,692,0,0
2632,3.223,3.223,2.785,0.113,0.003,0.322,1,0.000,0.000,0.000,0,692,0,0
2633,3.173,3.173,2.746,0.103,0.003,0.320,1,0.000,0.000,0.000,0,692,0,0
2634,3.221,3.221,2.705,0.102,0.003,0.410,1,0.000,0.000,0.000,0,692,0,0
2635,3.111,3.111,2.696,0.104,0.002,0.308,1,0.000,0.000,0.000,0,692,0,0
2636,3.092,3.092,2.676,0.103,0.003,0.310,1,0.000,0.000,0.000,0,692,0,0
2637,3.279,3.279,2.737,0.122,0.003,0.417,1,0.000,0.000,0.000,0,692,0,0
2638,3.178,3.178,2.756,0.104,0.003,0.315,1,0.000,0.000,0.000,0,692,0,0
2639,6.210,6.210,5.769,0.109,0.007,0.326,1,0.000,0.000,0.000,0,692,0,0
2640,3.432,3.432,2.934,0.105,0.003,0.390,1,0.000,0.000,0.000,0,692,0,0
2641,3.176,3.176,2.794,0.103,0.003,0.277,1,0.000,0.000,0.000,0,692,0,0
2642,3.107,3.107,2.723,0.103,0.003,0.277,1,0.000,0.000,0.000,0,692,0,0
2643,4.713,4.713,4.225,0.106,0.006,0.376,1,0.000,0.000,0.000,0,692,0,0
2644,3.372,3.372,2.976,0.105,0.004,0.288,1,0.000,0.000,0.000,0,692,0,0
2645,3.131,3.131,2.747,0.103,0.003,0.277,1,0.000,0.000,0.000,0,692,0,0
2646,4.148,4.148,3.732,0.105,0.004,0.308,1,0.000,0.000,0.000,0,692,0,0
2647,3.413,3.413,3.100,0.104,0.004,0.206,1,0.000,0.000,0.000,0,692,0,0
2648,3.020,3.020,2.781,0.104,0.003,0.133,1,0.000,0.000,0.000,0,692,0,0
2649,3.068,3.068,2.762,0.130,0.003,0.173,1,0.000,0.000,0.000,0,692,0,0
2650,2.962,2.962,2.723,0.103,0.003,0.133,1,0.000,0.000,0.000,0,692,0,0
2651,2.974,2.974,2.736,0.104,0.002,0.132,1,0.000,0.000,0.000,0,692,0,0
2652,3.001,3.001,2.722,0.104,0.003,0.173,1,0.000,0.000,0.000,0,692,0,0
2653,3.000,3.000,2.778,0.102,0.003,0.117,1,0.000,0.000,0.000,0,692,0,0
2654,3.000,3.000,2.781,0.104,0.003,0.112,1,0.000,0.000,0.000,0,692,0,0
2655,2.995,2.995,2.740,0.104,0.003,0.148,1,0.000,0.000,0.000,0,692,0,0
2656,2.896,2.896,2.692,0.104,0.003,0.098,1,0.000,0.000,0.000,0,692,0,0
2657,2.937,2.937,2.733,0.103,0.003,0.098,1,0.000,0.000,0.000,0,692,0,0
2658,2.930,2.930,2.697,0.102,0.003,0.128,1,0.000,0.000,0.000,0,692,0,0
2659,2.897,2.897,2.695,0.102,0.003,0.098,1,0.000,0.000,0.000,0,692,0,0
2660,2.870,2.870,2.666,0.104,0.003,0.097,1,0.000,0.000,0.000,0,692,0,0
2661,2.944,2.944,2.720,0.103,0.003,0.119,1,0.000,0.000,0.000,0,692,0,0
2662,3.067,3.067,2.831,0.103,0.003,0.131,1,0.000,0.000,0.000,0,692,0,0
2663,2.923,2.923,2.709,0.103,0.003,0.108,1,0.000,0.000,0.000,0,692,0,0
2664,2.973,2.973,2.725,0.103,0.002,0.142,1,0.000,0.000,0.000,0,692,0,0
2665,2.901,2.901,2.689,0.102,0.003,0.107,1,0.000,0.000,0.000,0,692,0,0
2666,3.360,3.360,3.143,0.104,0.003,0.110,1,0.000,0.000,0.000,0,696,0,0
2667,3.003,3.003,2.754,0.104,0.003,0.142,1,0.000,0.000,0.000,0,696,0,0
2668,2.975,2.975,2.759,0.104,0.003,0.109,1,0.000,0.000,0.000,0,696,0,0
2669,3.019,3.019,2.813,0.104,0.003,0.098,1,0.000,0.000,0.000,0,696,0,0
2670,2.986,2.986,2.741,0.104,0.003,0.138,1,0.000,0.000,0.000,0,696,0,0
2671,3.001,3.001,2.817,0.104,0.003,0.077,1,0.000,0.000,0.000,0,696,0,0
2672,2.944,2.944,2.760,0.104,0.003,0.077,1,0.000,0.000,0.000,0,696,0,0
2673,2.945,2.945,2.718,0.104,0.003,0.120,1,0.000,0.000,0.000,0,696,0,0
2674,2.877,2.877,2.694,0.104,0.003,0.076,1,0.000,0.000,0.000,0,696,0,0
2675,2.907,2.907,2.724,0.104,0.003,0.077,1,0.000,0.000,0.000,0,696,0,0
2676,2.923,2.923,2.717,0.104,0.003,0.099,1,0.000,0.000,0.000,0,696,0,0
2677,2.955,2.955,2.774,0.103,0.003,0.075,1,0.000,0.000,0.000,0,696,0,0
2678,2.947,2.947,2.742,0.104,0.002,0.098,1,0.000,0.000,0.000,0,696,0,0
2679,2.977,2.977,2.749,0.104,0.003,0.121,1,0.000,0.000,0.000,0,696,0,0
2680,2.913,2.913,2.715,0.104,0.003,0.092,1,0.000,0.000,0.000,0,696,0,0
2681,2.882,2.882,2.683,0.104,0.003,0.092,1,0.000,0.000,0.000,0,696,0,0
2682,2.954,2.954,2.727,0.105,0.002,0.120,1,0.000,0.000,0.000,0,696,0,0
2683,2.963,2.963,2.751,0.104,0.003,0.105,1,0.000,0.000,0.000,0,696,0,0
2684,2.949,2.949,2.746,0.104,0.003,0.097,1,0.000,0.000,0.000,0,696,0,0
2685,3.158,3.158,2.935,0.106,0.003,0.115,1,0.000,0.000,0.000,0,720,0,0
2686,3.049,3.049,2.859,0.104,0.002,0.083,1,0.000,0.000,0.000,0,744,0,0
2687,3.008,3.008,2.820,0.104,0.003,0.081,1,0.000,0.000,0.000,0,768,0,0
2688,3.062,3.062,2.849,0.105,0.002,0.106,1,0.000,0.000,0.000,0,792,0,0
2689,3.056,3.056,2.867,0.106,0.003,0.079,1,0.000,0.000,0.000,0,816,0,0
2690,3.053,3.053,2.864,0.106,0.003,0.080,1,0.000,0.000,0.000,0,840,0,0
2691,3.072,3.072,2.860,0.105,0.003,0.103,1,0.000,0.000,0.000,0,864,0,0
2692,3.186,3.186,3.007,0.105,0.003,0.071,1,0.000,0.000,0.000,0,888,0,0
2693,3.157,3.157,2.900,0.104,0.003,0.150,1,0.000,0.000,0.000,0,912,0,0
2694,3.201,3.201,2.919,0.105,0.003,0.174,1,0.000,0.000,0.000,0,936,0,0
2695,3.172,3.172,2.909,0.117,0.002,0.144,1,0.000,0.000,0.000,0,960,0,0
2696,3.193,3.193,2.949,0.106,0.003,0.136,1,0.000,0.000,0.000,0,980,0,0
2697,3.243,3.243,2.956,0.105,0.003,0.179,1,0.000,0.000,0.000,0,980,0,0
2698,3.177,3.177,2.935,0.106,0.003,0.134,1,0.000,0.000,0.000,0,980,0,0
2699,3.357,3.357,3.113,0.107,0.003,0.134,1,0.000,0.000,0.000,0,980,0,0
2700,3.296,3.296,2.997,0.106,0.003,0.190,1,0.000,0.000,0.000,0,980,0,0
2701,3.092,3.092,2.904,0.106,0.003,0.080,1,0.000,0.000,0.000,0,980,0,0
2702,95.457,95.457,3.603,0.106,91.626,0.122,1,1.302,0.000,0.000,0,980,2,0
2703,432.050,432.050,15.960,414.946,1.012,0.132,1,1.302,0.000,0.000,343,75699,3784,116
2704,6.104,6.104,5.882,0.114,0.005,0.104,0,1.302,0.000,0.000,0,980,0,0
2705,3.700,3.700,3.402,0.107,0.003,0.187,0,1.302,0.000,0.000,0,980,0,0
2706,3.268,3.268,3.019,0.108,0.003,0.137,0,1.302,0.000,0.000,0,980,0,0
2707,3.478,3.478,3.185,0.108,0.003,0.182,0,1.302,0.000,0.000,0,980,0,0
2708,3.552,3.552,3.021,0.107,0.003,0.421,0,1.302,0.000,0.000,0,980,0,0
2709,74.830,74.830,39.762,34.309,0.421,0.339,1,405.239,18.015,10.312,361,75699,1759,9149
2710,5.950,5.950,5.521,0.111,0.004,0.314,0,405.239,18.015,10.312,0,980,0,0
2711,4.292,4.292,3.774,0.109,0.004,0.405,0,47.697,4.000,10.312,0,980,0,0
2712,3.471,3.471,3.059,0.107,0.004,0.301,0,47.697,4.000,10.312,0,980,0,0
2713,3.290,3.290,2.881,0.106,0.003,0.301,0,47.697,4.000,10.312,0,980,0,0
2714,3.342,3.342,2.838,0.105,0.003,0.396,0,47.697,4.000,10.312,0,980,0,0
2715,24.626,24.626,12.153,11.660,0.482,0.330,1,47.697,4.000,0.000,343,75699,3199,0
2716,5.718,5.718,5.304,0.111,0.004,0.298,0,47.697,4.000,0.000,0,980,0,0
2717,5.684,5.684,5.200,0.107,0.003,0.373,0,47.697,4.000,0.000,0,980,0,0
2718,4.984,4.984,4.595,0.110,0.004,0.275,0,47.697,4.000,0.000,0,980,0,0
2719,4.898,4.898,4.510,0.107,0.002,0.278,0,47.697,4.000,0.000,0,980,0,0
2720,5.449,5.449,4.977,0.107,0.003,0.362,0,47.697,4.000,0.000,0,980,0,0
2721,34.044,34.044,21.113,12.097,0.478,0.356,1,45.844,12.980,0.000,343,75699,3199,0
2722,7.700,7.700,7.220,0.115,0.014,0.351,0,45.844,12.980,0.000,0,980,0,0
2723,6.723,6.723,6.182,0.109,0.004,0.429,0,45.844,12.980,0.000,0,980,0,0
2724,3.533,3.533,3.154,0.107,0.003,0.268,0,25.759,13.263,0.000,0,980,0,0
2725,4.290,4.290,3.911,0.112,0.003,0.264,0,25.759,13.263,0.000,0,980,0,0
2726,4.148,4.148,3.645,0.108,0.007,0.388,0,25.759,13.263,0.000,0,980,0,0
2727,23.842,23.842,11.060,11.929,0.528,0.324,1,25.759,13.263,0.000,343,75699,3201,0
2728,5.762,5.762,5.347,0.110,0.004,0.301,0,25.759,13.263,0.000,0,980,0,0
2729,5.789,5.789,5.294,0.108,0.003,0.383,0,25.759,13.263,0.000,0,980,0,0
2730,4.282,4.282,3.907,0.108,0.003,0.264,0,21.440,13.864,0.000,0,980,0,0
2731,4.658,4.658,4.191,0.114,0.007,0.347,0,21.440,13.864,0.000,0,980,0,0
2732,3.533,3.533,3.051,0.106,0.004,0.372,0,21.440,13.864,0.000,0,980,0,0
2733,22.594,22.594,10.040,11.695,0.556,0.304,1,21.440,13.864,0.000,343,75699,3199,0
2734,4.587,4.587,3.572,0.108,0.005,0.901,0,21.440,13.864,0.000,0,980,0,0
2735,3.746,3.746,3.259,0.107,0.005,0.376,0,21.440,13.864,0.000,0,980,0,0
2736,3.340,3.340,2.957,0.106,0.004,0.272,0,21.440,13.864,0.000,0,980,0,0
2737,3.315,3.315,2.924,0.123,0.003,0.264,0,21.440,13.864,0.000,0,980,0,0
2738,7.327,7.327,6.816,0.112,0.008,0.391,0,29.379,12.596,0.000,0,980,0,0
2739,30.842,30.842,12.669,17.511,0.367,0.295,1,22.702,6.212,4.638,361,75699,1703,24153
2740,3.989,3.989,3.603,0.111,0.005,0.270,0,22.702,6.212,4.638,0,980,0,0
2741,4.489,4.489,3.984,0.112,0.007,0.385,0,22.702,6.212,4.638,0,980,0,0
2742,3.663,3.663,3.278,0.107,0.004,0.274,0,22.702,6.212,4.638,0,980,0,0
2743,3.496,3.496,3.122,0.113,0.003,0.258,0,22.702,6.212,4.638,0,980,0,0
2744,3.471,3.471,2.990,0.106,0.005,0.371,0,22.702,6.212,4.638,0,980,0,0
2745,27.357,27.357,10.145,16.550,0.379,0.283,1,22.702,6.212,2.484,361,75699,1829,24153
2746,3.914,3.914,3.516,0.109,0.004,0.285,0,22.702,6.212,2.484,0,980,0,0
2747,3.535,3.535,3.080,0.107,0.004,0.345,0,24.228,6.874,2.484,0,980,0,0
2748,3.879,3.879,3.508,0.108,0.003,0.260,0,24.228,6.874,2.484,0,980,0,0
2749,3.224,3.224,2.859,0.106,0.003,0.256,0,24.228,6.874,2.484,0,980,0,0
2750,3.281,3.281,2.833,0.105,0.003,0.340,0,24.228,6.874,2.484,0,980,0,0
2751,30.852,30.852,11.250,18.960,0.362,0.279,1,21.940,6.401,4.023,361,75699,1724,24153
2752,4.387,4.387,3.986,0.113,0.007,0.282,0,21.940,6.401,4.023,0,980,0,0
2753,3.727,3.727,3.249,0.107,0.004,0.367,0,21.940,6.401,4.023,0,980,0,0
2754,3.368,3.368,2.941,0.106,0.003,0.318,0,21.940,6.401,4.023,0,980,0,0
2755,3.300,3.300,2.883,0.105,0.003,0.309,0,21.940,6.401,4.023,0,980,0,0
2756,8.270,3.383,2.864,0.106,0.002,0.410,0,21.940,6.401,4.023,0,980,0,0
2757,28.853,28.853,11.762,16.436,0.325,0.329,1,21.940,6.401,2.879,361,75699,1886,24153
2758,5.112,5.112,4.648,0.114,0.008,0.341,0,20.988,7.222,2.879,0,980,0,0
2759,27.187,27.187,12.841,13.361,0.443,0.541,1,20.988,7.222,0.000,360,75695,2211,24153
2760,5.923,4.450,3.999,0.110,0.005,0.337,0,20.988,7.222,0.000,0,976,0,0
2761,37.325,37.325,15.882,20.625,0.405,0.413,1,23.916,8.440,3.203,365,76071,1801,24153
2762,4.662,4.662,4.087,0.112,0.004,0.458,0,28.102,7.030,3.203,0,1528,0,0
2763,7.737,5.433,4.980,0.118,0.004,0.332,0,28.102,7.030,3.203,0,1528,0,0
2764,28.785,28.785,10.617,17.346,0.449,0.374,1,20.400,6.510,3.706,365,76247,1752,24153
2765,5.142,5.142,4.563,0.112,0.009,0.459,0,20.400,6.510,3.706,0,1528,0,0
2766,29.488,29.488,12.872,15.748,0.490,0.377,1,20.400,6.510,0.000,365,76247,2271,24153
2767,6.144,6.144,5.700,0.115,0.007,0.322,0,20.400,6.510,0.000,0,1528,0,0
2768,13.840,7.961,7.623,0.112,0.003,0.223,0,28.367,9.426,0.000,0,1528,0,0
2769,29.540,29.540,10.694,18.233,0.373,0.240,1,22.465,5.801,4.398,365,76247,1727,24153
2770,4.161,4.161,3.846,0.113,0.004,0.197,0,22.465,5.801,4.398,0,1528,0,0
2771,27.688,27.688,11.449,15.622,0.403,0.214,1,22.465,5.801,2.439,365,76247,1896,24153
2772,5.927,5.927,5.638,0.117,0.007,0.165,0,22.507,7.224,2.439,0,1528,0,0
2773,28.895,28.895,11.869,16.476,0.379,0.171,1,22.507,7.224,2.077,365,76247,1974,24153
2774,6.021,6.021,5.695,0.122,0.007,0.197,0,21.744,7.666,2.077,0,1528,0,0
2775,27.429,27.429,10.977,15.757,0.540,0.154,1,21.744,7.666,0.000,365,76247,2257,24153
2776,4.952,4.952,4.691,0.113,0.005,0.143,0,21.744,7.666,0.000,0,1528,0,0
2777,28.807,28.807,13.005,15.196,0.417,0.189,1,24.170,8.074,1.765,365,76247,2001,24153
2778,4.118,4.118,3.882,0.112,0.005,0.118,0,20.639,8.427,1.765,0,1528,0,0
2779,23.627,23.627,10.266,12.821,0.379,0.159,1,20.639,8.427,0.000,365,76247,2257,24153
2780,9.046,5.733,5.445,0.124,0.005,0.159,0,22.680,7.886,0.000,0,1528,0,0
2781,28.550,28.550,11.498,16.576,0.344,0.131,1,22.680,7.886,2.358,365,76247,1938,24153
2782,4.812,4.232,3.996,0.115,0.004,0.117,0,20.986,7.445,2.358,0,1528,0,0
2783,24.748,24.748,11.316,13.010,0.277,0.145,1,20.986,7.445,0.000,365,76247,2257,24153
2784,8.618,4.930,4.668,0.117,0.005,0.141,0,19.222,8.134,0.000,0,1528,0,0
2785,24.203,24.203,9.697,14.011,0.372,0.124,1,19.222,8.134,0.000,366,76247,2259,24153
2786,9.160,5.034,4.770,0.116,0.005,0.143,0,18.905,7.960,0.000,0,1528,0,0
2787,24.289,24.289,10.338,13.457,0.374,0.120,1,18.905,7.960,0.000,365,76247,2256,24153
2788,9.078,4.614,4.386,0.113,0.004,0.112,0,19.193,8.020,0.000,0,1528,0,0
2789,23.487,23.487,9.658,13.305,0.366,0.158,1,19.193,8.020,0.000,365,76247,2257,24153
2790,9.884,3.903,3.675,0.113,0.004,0.111,0,20.414,7.845,0.000,0,1528,0,0
2791,24.005,24.005,10.001,13.523,0.363,0.118,1,20.414,7.845,0.000,365,76247,2257,24153
2792,9.361,4.102,3.821,0.113,0.006,0.162,0,20.363,7.814,0.000,0,1528,0,0
2793,23.955,23.955,9.123,14.340,0.382,0.110,1,20.363,7.814,0.000,365,76247,2257,24153
2794,9.413,4.012,3.816,0.112,0.004,0.081,0,20.607,7.787,0.000,0,1528,0,0
2795,23.774,23.774,9.782,12.865,1.009,0.118,1,20.607,7.787,0.000,365,76247,2257,24153
2796,9.594,3.984,3.784,0.114,0.005,0.081,0,20.385,7.704,0.000,0,1528,0,0
2797,25.304,25.304,11.129,13.610,0.469,0.096,1,20.385,7.704,0.000,365,76247,2256,24153
2798,8.057,5.093,4.769,0.212,0.004,0.107,0,21.060,8.050,0.000,0,1528,1,0
2799,23.164,23.164,9.905,12.802,0.317,0.140,1,21.060,8.050,0.000,365,76247,2256,24153
2800,10.215,4.365,4.109,0.117,0.005,0.134,0,21.146,9.065,0.000,0,1528,0,0
2801,22.930,22.930,9.412,12.921,0.464,0.132,1,21.146,9.065,0.000,365,76247,2257,24153
2802,10.429,4.375,4.156,0.113,0.004,0.101,0,20.765,9.099,0.000,0,1528,0,0
2803,23.228,23.228,10.068,12.526,0.495,0.139,1,20.765,9.099,0.000,365,76247,2257,24153
2804,10.138,4.879,4.666,0.117,0.004,0.091,0,19.995,8.597,0.000,0,1528,0,0
2805,24.606,24.606,10.427,13.749,0.336,0.094,1,19.995,8.597,0.000,366,76247,2259,24153
2806,8.757,4.238,4.041,0.112,0.005,0.080,0,19.208,7.911,0.000,0,1528,0,0
2807,24.456,24.456,10.372,13.441,0.507,0.137,1,19.208,7.911,0.000,365,76247,2257,24153
2808,8.925,4.171,3.988,0.113,0.005,0.065,0,22.329,8.016,0.000,0,1528,0,0
2809,28.677,28.677,11.955,16.188,0.435,0.099,1,19.367,7.419,2.415,365,76247,1912,24153
2810,4.695,4.600,4.392,0.116,0.010,0.082,0,19.367,7.419,2.415,0,1528,0,0
2811,24.331,24.331,10.190,13.812,0.257,0.073,1,19.367,7.419,0.000,365,76247,2257,24153
2812,9.027,4.080,3.883,0.114,0.004,0.079,0,20.435,7.864,0.000,0,1528,0,0
2813,25.337,25.337,10.773,14.019,0.469,0.076,1,20.435,7.864,0.000,365,76247,2257,24153
2814,8.019,4.948,4.738,0.124,0.005,0.081,0,21.070,8.142,0.000,0,1528,0,0
2815,23.321,23.321,10.186,12.610,0.320,0.205,1,21.070,8.142,0.000,365,76247,2258,24153
2816,10.061,4.127,3.896,0.115,0.005,0.112,0,21.457,8.457,0.000,0,1528,0,0
2817,23.309,23.309,9.580,13.139,0.454,0.135,1,21.457,8.457,0.000,365,76247,2257,24153
2818,10.048,5.196,4.924,0.113,0.005,0.155,0,20.991,8.980,0.000,0,1528,0,0
2819,23.974,23.974,10.589,12.811,0.425,0.148,1,20.991,8.980,0.000,365,76247,2256,24153
2820,9.396,4.191,3.956,0.116,0.004,0.115,0,21.212,8.349,0.000,0,1528,0,0
2821,23.945,23.945,10.535,12.750,0.482,0.178,1,21.212,8.349,0.000,365,76247,2257,24153
2822,9.417,5.099,4.849,0.117,0.004,0.128,0,20.774,8.109,0.000,0,1528,0,0
2823,24.543,24.543,10.467,13.597,0.365,0.113,1,20.774,8.109,0.000,365,76247,2257,24153
2824,8.851,5.023,4.790,0.114,0.006,0.113,0,19.415,7.816,0.000,0,1528,0,0
2825,25.494,25.494,11.024,13.791,0.541,0.139,1,19.415,7.816,0.000,366,76247,2259,24153
2826,7.858,4.665,4.434,0.108,0.005,0.119,0,21.656,8.043,0.000,0,696,0,0
2827,23.470,23.470,10.072,12.877,0.323,0.198,1,21.656,8.043,0.000,359,75415,2195,24153
2828,9.918,4.884,4.617,0.112,0.007,0.147,0,21.656,8.043,0.000,0,696,0,0
2829,32.506,32.506,13.309,18.590,0.428,0.179,1,20.593,6.984,4.620,359,75415,1689,24153
2830,5.566,5.566,4.354,0.781,0.007,0.423,0,20.593,6.984,4.620,0,696,0,0
2831,28.535,28.535,10.279,17.490,0.505,0.261,1,20.593,6.984,0.000,359,75415,2195,24153
2832,4.089,4.089,3.759,0.107,0.006,0.218,0,20.593,6.984,0.000,0,696,0,0
2833,12.781,9.081,8.700,0.105,0.004,0.272,0,33.294,8.555,0.000,0,696,0,0
2834,32.818,32.818,11.612,20.558,0.398,0.250,1,23.335,4.198,7.018,359,75415,1544,24153
2835,4.787,4.787,4.434,0.112,0.006,0.234,0,23.335,4.198,7.018,0,696,0,0
2836,29.277,29.277,12.621,15.986,0.371,0.299,1,19.551,6.843,2.527,359,75415,1804,24153
2837,4.842,4.842,4.512,0.109,0.004,0.218,0,19.551,6.843,2.527,0,696,0,0
2838,26.154,26.154,11.148,14.390,0.361,0.255,1,19.551,6.843,0.000,359,75415,2194,24153
2839,4.098,4.098,3.720,0.105,0.006,0.267,0,19.283,7.898,0.000,0,696,0,0
2840,27.415,27.415,11.520,14.067,1.603,0.225,1,19.283,7.898,0.000,359,75415,2195,24153
2841,4.612,4.612,4.297,0.109,0.009,0.197,0,20.574,8.071,0.000,0,696,0,0
2842,26.325,26.325,11.870,13.807,0.370,0.279,1,20.574,8.071,0.000,359,75415,2195,24153
2843,6.423,4.361,4.053,0.108,0.005,0.194,0,18.806,8.447,0.000,0,696,0,0
2844,25.215,25.215,10.930,13.648,0.419,0.218,1,18.806,8.447,0.000,358,75411,2181,24153
2845,8.147,4.790,4.383,0.106,0.005,0.295,0,18.981,7.963,0.000,0,692,0,0
2846,23.462,23.462,10.073,12.751,0.442,0.197,1,18.981,7.963,0.000,359,75411,2183,24153
2847,9.927,3.602,3.316,0.106,0.004,0.176,0,20.502,7.790,0.000,0,692,0,0
2848,24.243,24.243,9.023,14.558,0.388,0.273,1,20.502,7.790,0.000,358,75411,2180,24153
2849,9.300,3.976,3.643,0.108,0.006,0.220,0,20.502,7.790,0.000,0,692,0,0
2850,33.218,33.218,15.498,17.104,0.386,0.229,1,20.209,7.039,4.087,358,75411,1723,24153
2851,4.661,4.661,4.304,0.107,0.005,0.245,0,20.209,7.039,4.087,0,692,0,0
2852,24.162,24.162,9.927,13.489,0.484,0.262,1,20.209,7.039,0.000,358,75411,2181,24153
2853,5.236,4.735,4.424,0.109,0.004,0.198,0,20.209,7.039,0.000,0,692,0,0
2854,32.638,32.638,14.674,17.331,0.384,0.249,1,19.595,7.257,2.845,358,75411,1767,24153
2855,4.143,4.143,3.853,0.107,0.005,0.177,0,19.595,7.257,2.845,0,692,0,0
2856,22.397,22.397,9.099,12.779,0.292,0.226,1,19.595,7.257,0.000,358,75411,2181,24153
2857,7.908,7.490,6.972,0.194,0.014,0.310,0,19.595,7.257,0.000,0,692,0,0
2858,33.836,33.836,15.958,17.362,0.327,0.189,1,25.559,7.745,4.051,358,75411,1728,24153
2859,4.480,4.480,4.187,0.120,0.004,0.168,0,20.137,7.886,4.051,0,692,0,0
2860,27.619,27.619,10.342,16.673,0.342,0.261,1,20.137,7.886,1.705,358,75411,1934,24153
2861,3.780,3.780,3.470,0.107,0.004,0.199,0,21.353,7.374,1.705,0,692,0,0
2862,26.204,26.204,9.675,15.897,0.422,0.210,1,21.353,7.374,1.775,358,75411,1924,24153
2863,4.780,4.780,4.405,0.107,0.007,0.261,0,21.353,7.374,1.775,0,692,0,0
2864,27.347,27.347,11.022,15.781,0.336,0.208,1,22.547,8.511,2.546,358,75411,1804,24153
2865,4.545,4.545,4.079,0.129,0.006,0.332,0,20.168,6.958,2.546,0,692,0,0
2866,24.313,24.313,9.397,14.365,0.262,0.288,1,20.168,6.958,0.000,358,75411,2180,24153
2867,8.840,3.703,3.375,0.141,0.004,0.182,0,20.929,7.926,0.000,0,692,0,0
2868,22.431,22.431,9.028,12.629,0.537,0.237,1,20.929,7.926,0.000,358,75411,2181,24153
2869,10.936,3.837,3.479,0.105,0.004,0.250,0,22.189,7.873,0.000,0,692,0,0
2870,26.682,26.682,10.208,15.812,0.460,0.202,1,22.189,7.873,3.075,358,75411,1734,24153
2871,6.672,3.914,3.630,0.109,0.005,0.170,0,20.817,7.443,3.075,0,692,0,0
2872,25.349,25.349,11.173,13.518,0.389,0.269,1,20.817,7.443,0.000,358,75411,2181,24153
2873,8.029,4.438,4.139,0.108,0.005,0.186,0,21.541,7.986,0.000,0,692,0,0
2874,23.211,23.211,9.387,13.283,0.336,0.206,1,21.541,7.986,0.000,358,75411,2181,24153
2875,10.149,4.037,3.665,0.106,0.004,0.261,0,20.660,7.856,0.000,0,692,0,0
2876,23.296,23.296,9.390,13.153,0.494,0.259,1,20.660,7.856,0.000,358,75411,2180,24153
2877,10.071,3.620,3.283,0.106,0.004,0.227,0,20.381,7.781,0.000,0,692,0,0
2878,23.954,23.954,9.129,14.032,0.465,0.328,1,20.381,7.781,0.000,358,75411,2182,24153
2879,9.410,3.876,3.533,0.107,0.003,0.233,0,20.647,8.256,0.000,0,692,0,0
2880,23.787,23.787,8.929,14.225,0.377,0.256,1,20.647,8.256,0.000,358,75411,2181,24153
2881,9.581,3.718,3.309,0.106,0.005,0.299,0,20.604,7.770,0.000,0,692,0,0
2882,23.910,23.910,9.597,13.688,0.365,0.259,1,20.604,7.770,0.000,358,75411,2181,24153
2883,9.461,3.808,3.445,0.105,0.004,0.254,0,20.725,7.816,0.000,0,692,0,0
2884,22.497,22.497,8.940,12.894,0.315,0.347,1,20.725,7.816,0.000,358,75411,2181,24153
2885,10.860,5.345,5.014,0.109,0.004,0.218,0,21.491,7.642,0.000,0,692,0,0
2886,22.801,22.801,9.891,12.251,0.420,0.238,1,21.491,7.642,0.000,358,75411,2180,24153
2887,10.581,5.326,4.968,0.106,0.005,0.248,0,19.503,8.887,0.000,0,692,0,0
2888,24.129,24.129,10.461,12.914,0.532,0.222,1,19.503,8.887,0.000,359,75411,2183,24153
2889,9.233,4.735,4.472,0.106,0.005,0.153,0,20.523,8.559,0.000,0,692,0,0
2890,24.974,24.974,10.239,14.047,0.477,0.210,1,20.523,8.559,0.000,358,75411,2181,24153
2891,8.388,5.040,4.729,0.109,0.004,0.197,0,19.839,9.173,0.000,0,692,0,0
2892,22.606,22.606,9.568,12.517,0.322,0.199,1,19.839,9.173,0.000,358,75411,2181,24153
2893,10.756,5.161,4.832,0.108,0.004,0.218,0,20.377,7.682,0.000,0,692,0,0
2894,22.827,22.827,9.561,12.628,0.442,0.196,1,20.377,7.682,0.000,358,75411,2180,24153
2895,10.544,4.795,4.516,0.112,0.004,0.164,0,20.493,7.686,0.000,0,692,0,0
2896,23.001,23.001,9.604,12.566,0.589,0.242,1,20.493,7.686,0.000,358,75411,2181,24153
2897,10.368,4.721,4.441,0.111,0.008,0.160,0,21.836,7.688,0.000,0,692,0,0
2898,24.404,24.404,9.753,14.041,0.434,0.177,1,21.836,7.688,0.000,358,75411,2181,24153
2899,8.966,3.662,3.365,0.105,0.005,0.188,0,20.566,8.014,0.000,0,692,0,0
2900,22.147,22.147,8.748,12.846,0.382,0.171,1,20.566,8.014,0.000,358,75411,2181,24153
2901,11.227,5.624,5.330,0.111,0.004,0.179,0,21.228,7.766,0.000,0,692,0,0
2902,22.895,22.895,9.680,12.582,0.461,0.172,1,21.228,7.766,0.000,358,75411,2181,24153
2903,10.453,4.629,4.387,0.106,0.005,0.132,0,19.783,8.870,0.000,0,692,0,0
2904,22.202,22.202,9.518,12.007,0.476,0.201,1,19.783,8.870,0.000,358,75411,2180,24153
2905,11.175,4.843,4.600,0.111,0.005,0.128,0,19.633,8.803,0.000,0,692,0,0
2906,23.023,23.023,9.979,12.269,0.532,0.243,1,19.633,8.803,0.000,358,75411,2180,24153
2907,10.339,5.147,4.821,0.107,0.005,0.214,0,19.838,8.436,0.000,0,692,0,0
2908,24.371,24.371,10.398,13.317,0.473,0.182,1,19.838,8.436,0.000,359,75411,2182,24153
2909,8.997,3.749,3.474,0.105,0.005,0.165,0,18.565,8.006,0.000,0,692,0,0
2910,27.085,27.085,11.508,14.855,0.469,0.253,1,18.565,8.006,0.000,358,75411,2180,24153
2911,6.281,4.796,4.513,0.110,0.004,0.168,0,21.339,8.371,0.000,0,692,0,0
2912,23.326,23.326,9.499,13.297,0.348,0.182,1,21.339,8.371,0.000,358,75411,2180,24153
2913,10.042,3.727,3.400,0.106,0.004,0.217,0,20.389,8.012,0.000,0,692,0,0
2914,23.380,23.380,9.624,13.168,0.401,0.187,1,20.389,8.012,0.000,358,75411,2179,24153
2915,10.014,3.917,3.662,0.109,0.007,0.139,0,20.389,8.012,0.000,0,692,0,0
2916,33.689,33.689,13.682,19.382,0.425,0.199,1,22.406,7.665,3.011,358,75411,1735,24153
2917,4.392,4.392,4.129,0.108,0.006,0.148,0,22.406,7.665,3.011,0,700,0,0
2918,29.376,29.376,11.868,16.953,0.399,0.156,1,21.605,6.579,0.000,360,75419,2206,24153
2919,4.933,4.933,4.641,0.109,0.005,0.178,0,21.605,6.579,0.000,0,700,0,0
2920,11.018,7.255,7.016,0.106,0.004,0.130,0,28.487,8.865,0.000,0,700,0,0
2921,30.487,30.487,11.007,18.919,0.384,0.177,1,28.487,8.865,4.919,360,75419,1664,24153
2922,5.406,5.406,5.051,0.127,0.009,0.219,0,23.237,6.253,4.919,0,700,0,0
2923,29.804,29.804,12.546,16.684,0.409,0.166,1,23.237,6.253,2.554,360,75419,1847,24153
2924,5.287,5.287,5.010,0.116,0.006,0.155,0,21.912,7.120,2.554,0,700,0,0
2925,32.063,32.063,10.867,20.446,0.526,0.225,1,21.912,7.120,0.000,360,75419,2196,24153
2926,4.255,4.255,3.967,0.110,0.009,0.169,0,21.912,7.120,0.000,0,700,0,0
2927,9.459,9.067,8.159,0.757,0.007,0.144,0,22.968,13.636,0.000,0,700,0,0
2928,27.506,27.506,11.076,15.833,0.425,0.171,1,22.968,13.636,1.634,360,75419,1984,24153
2929,5.863,3.706,3.460,0.108,0.004,0.135,0,19.993,7.894,1.634,0,700,0,0
2930,23.270,23.270,9.446,13.306,0.383,0.135,1,19.993,7.894,0.000,360,75419,2196,24153
2931,10.097,3.751,3.485,0.110,0.004,0.152,0,20.091,7.856,0.000,0,700,0,0
2932,23.620,23.620,9.888,13.088,0.506,0.138,1,20.091,7.856,0.000,360,75419,2196,24153
2933,9.740,5.012,4.784,0.109,0.004,0.116,0,19.103,7.797,0.000,0,700,0,0
2934,23.912,23.912,10.848,12.443,0.459,0.162,1,19.103,7.797,0.000,360,75419,2195,24153
2935,9.461,4.214,3.983,0.109,0.006,0.117,0,18.585,7.817,0.000,0,700,0,0
2936,24.072,24.072,10.437,13.048,0.435,0.151,1,18.585,7.817,0.000,360,75419,2196,24153
2937,9.292,4.402,4.050,0.112,0.005,0.234,0,18.506,7.980,0.000,0,700,0,0
2938,23.176,23.176,10.147,12.422,0.401,0.206,1,18.506,7.980,0.000,360,75419,2196,24153
2939,10.192,5.025,4.747,0.109,0.004,0.165,0,19.909,8.650,0.000,0,700,0,0
2940,24.408,24.408,9.942,13.732,0.480,0.254,1,19.909,8.650,0.000,361,75419,2198,24153
2941,8.958,4.330,4.048,0.110,0.005,0.166,0,19.110,8.104,0.000,0,700,0,0
2942,24.691,24.691,10.429,13.572,0.474,0.217,1,19.110,8.104,0.000,360,75419,2196,24153
2943,8.679,4.051,3.719,0.109,0.005,0.218,0,22.441,8.091,0.000,0,700,0,0
2944,25.845,25.845,9.647,15.590,0.386,0.222,1,22.441,8.091,2.911,360,75419,1781,24153
2945,7.524,3.536,3.306,0.108,0.004,0.117,0,21.291,7.634,2.911,0,700,0,0
2946,24.544,24.544,8.788,15.135,0.452,0.169,1,21.291,7.634,2.712,360,75419,1785,24153
2947,8.824,3.623,3.394,0.107,0.004,0.118,0,21.619,6.952,2.712,0,700,0,0
2948,24.975,24.975,8.943,15.492,0.405,0.135,1,21.619,6.952,3.074,360,75419,1711,24153
2949,8.398,3.849,3.585,0.108,0.003,0.153,0,22.818,6.485,3.074,0,700,0,0
2950,27.786,27.786,9.325,17.956,0.390,0.114,1,22.818,6.485,3.878,361,75419,1750,24153
2951,5.572,4.017,3.829,0.109,0.004,0.075,0,22.058,6.397,3.878,0,700,0,0
2952,25.844,25.844,9.400,15.751,0.261,0.433,1,22.058,6.397,3.143,360,75419,1700,24153
2953,7.514,4.512,4.044,0.107,0.005,0.356,0,22.780,6.272,3.143,0,700,0,0
2954,25.419,25.419,8.787,15.806,0.453,0.373,1,22.780,6.272,3.446,360,75419,1691,24153
2955,7.954,4.268,3.458,0.342,0.006,0.462,0,22.817,7.051,3.446,0,700,0,0
2956,26.552,26.552,9.240,16.621,0.331,0.360,1,22.817,7.051,4.044,360,75419,1728,24153
2957,6.814,3.817,3.336,0.107,0.005,0.369,0,22.457,6.181,4.044,0,700,0,0
2958,27.608,27.608,9.351,17.385,0.381,0.491,1,22.457,6.181,3.887,360,75419,1744,24153
2959,5.753,4.688,4.225,0.108,0.004,0.351,0,23.155,6.161,3.887,0,700,0,0
2960,28.646,28.646,11.250,16.657,0.391,0.347,1,20.246,6.761,3.926,361,75419,1737,24153
2961,4.845,4.107,3.572,0.108,0.005,0.423,0,20.246,6.761,3.926,0,700,0,0
2962,22.634,22.634,9.407,12.555,0.309,0.363,1,20.246,6.761,0.000,360,75419,2195,24153
2963,10.628,3.894,3.438,0.108,0.006,0.342,0,22.109,7.664,0.000,0,700,0,0
2964,26.255,26.255,9.269,16.090,0.428,0.468,1,22.109,7.664,3.604,360,75419,1708,24153
2965,7.104,3.723,3.283,0.106,0.004,0.330,0,23.768,6.569,3.604,0,700,0,0
2966,26.766,26.766,9.136,16.925,0.373,0.332,1,23.768,6.569,4.455,360,75419,1674,24153
2967,6.602,4.310,3.750,0.108,0.004,0.449,0,23.412,5.838,4.455,0,700,0,0
2968,30.348,30.348,11.156,18.442,0.408,0.342,1,20.232,5.759,4.060,360,75419,1685,24153
2969,4.263,4.263,3.851,0.109,0.004,0.300,0,20.232,5.759,4.060,0,700,0,0
2970,23.264,23.264,9.126,13.374,0.312,0.452,1,20.232,5.759,0.000,360,75419,2195,24153
2971,8.852,3.700,3.266,0.109,0.004,0.321,0,20.232,5.759,0.000,0,700,0,0
2972,29.316,29.316,12.162,16.382,0.457,0.315,1,22.757,8.857,3.957,361,75419,1708,24153
2973,4.043,4.019,3.511,0.109,0.005,0.395,0,20.194,7.191,3.957,0,700,0,0
2974,25.657,25.657,9.868,15.020,0.406,0.362,1,20.194,7.191,0.000,360,75419,2196,24153
2975,7.716,5.271,4.836,0.109,0.005,0.321,0,19.653,8.240,0.000,0,700,0,0
2976,23.523,23.523,9.337,13.258,0.484,0.444,1,19.653,8.240,0.000,360,75419,2196,24153
2977,9.852,5.558,5.122,0.109,0.004,0.324,0,21.128,7.939,0.000,0,700,0,0
2978,25.066,25.066,11.040,13.201,0.490,0.336,1,21.128,7.939,0.000,360,75419,2196,24153
2979,8.287,4.038,3.530,0.108,0.004,0.396,0,18.811,7.765,0.000,0,700,0,0
2980,25.434,25.434,12.212,12.431,0.468,0.323,1,18.811,7.765,0.000,360,75419,2195,24153
2981,7.936,3.776,3.364,0.107,0.004,0.300,0,18.402,7.666,0.000,0,700,0,0
2982,26.390,26.390,12.442,13.074,0.431,0.442,1,18.402,7.666,0.000,360,75419,2197,24153
2983,6.976,3.971,3.537,0.112,0.005,0.317,0,18.432,7.863,0.000,0,700,0,0
2984,24.199,24.199,9.823,13.482,0.506,0.388,1,18.432,7.863,0.000,360,75419,2196,24153
2985,9.181,4.100,3.403,0.108,0.004,0.585,0,22.279,9.226,0.000,0,700,0,0
2986,25.811,25.811,9.163,15.887,0.394,0.367,1,22.279,9.226,3.515,360,75419,1709,24153
2987,7.553,3.791,3.349,0.107,0.005,0.330,0,22.751,7.517,3.515,0,700,0,0
2988,26.330,26.330,9.180,16.367,0.333,0.450,1,22.751,7.517,3.838,360,75419,1750,24153
2989,7.029,3.910,3.481,0.107,0.005,0.318,0,23.324,6.537,3.838,0,700,0,0
2990,26.754,26.754,9.476,16.610,0.327,0.342,1,23.324,6.537,4.023,361,75423,1704,24153
2991,6.612,3.958,3.440,0.108,0.005,0.405,0,22.184,5.942,4.023,0,704,0,0
2992,27.371,27.371,9.123,17.551,0.362,0.335,1,22.184,5.942,4.307,362,75423,1776,24153
2993,6.002,3.814,3.396,0.108,0.004,0.306,0,21.046,6.315,4.307,0,704,0,0
2994,29.506,29.506,12.457,16.147,0.468,0.433,1,21.197,6.724,3.069,361,75423,1753,24153
2995,3.850,3.828,3.418,0.108,0.004,0.297,0,21.197,6.724,3.069,0,704,0,0
2996,26.995,26.995,10.830,15.547,0.297,0.320,1,21.197,6.724,2.837,361,75423,1797,24153
2997,6.368,4.350,3.817,0.110,0.004,0.419,0,20.415,6.560,2.837,0,704,0,0
2998,25.601,25.601,9.623,15.204,0.369,0.405,1,20.415,6.560,0.000,361,75423,2210,24153
2999,7.817,7.125,6.472,0.149,0.009,0.495,0,20.915,7.865,0.000,0,704,1,0
3000,26.188,26.188,11.869,13.376,0.449,0.495,1,20.915,7.865,0.000,361,75423,2210,24153
3001,7.133,5.548,5.086,0.110,0.005,0.348,0,19.893,9.290,0.000,0,704,0,0
3002,24.581,24.581,11.191,12.338,0.538,0.513,1,19.893,9.290,0.000,361,75423,2211,24153
3003,8.784,5.445,4.892,0.198,0.004,0.351,0,19.809,8.694,0.000,0,704,0,0
3004,23.658,23.658,10.483,12.281,0.498,0.396,1,19.809,8.694,0.000,361,75423,2211,24153
3005,9.860,5.936,5.349,0.108,0.004,0.475,0,20.155,7.752,0.000,0,704,0,0
3006,24.024,24.024,10.819,12.379,0.419,0.407,1,20.155,7.752,0.000,361,75423,2211,24153
3007,9.194,5.383,4.883,0.112,0.004,0.383,0,20.185,7.675,0.000,0,704,0,0
3008,25.826,25.826,9.847,15.006,0.388,0.585,1,20.185,7.675,0.000,362,75447,2225,24153
3009,7.557,4.095,3.571,0.111,0.005,0.407,0,22.663,8.036,0.000,0,752,0,0
3010,29.917,29.917,12.076,17.027,0.363,0.451,1,20.350,7.652,2.776,362,75495,1789,24153
3011,6.123,6.123,4.677,0.115,0.012,1.318,0,20.350,7.652,2.776,0,800,0,0
3012,26.472,26.472,10.152,15.376,0.487,0.458,1,20.350,7.652,0.000,363,75543,2228,24153
3013,6.198,6.172,5.662,0.111,0.006,0.393,0,20.350,7.652,0.000,0,848,0,0
3014,33.063,33.063,16.261,15.875,0.439,0.489,1,22.973,7.852,2.404,362,75591,1887,24153
3015,4.248,4.248,3.786,0.111,0.004,0.346,0,20.251,8.167,2.404,0,896,0,0
3016,26.259,26.259,9.903,15.592,0.398,0.365,1,20.251,8.167,0.000,362,75639,2226,24153
3017,4.109,4.109,3.575,0.109,0.004,0.420,0,20.251,8.167,0.000,0,944,0,0
3018,30.024,30.024,13.469,15.870,0.341,0.345,1,23.795,7.913,2.713,362,75687,1814,24153
3019,4.005,4.005,3.604,0.109,0.005,0.288,0,20.845,6.828,2.713,0,992,0,0
3020,24.399,24.399,10.640,13.059,0.350,0.349,1,20.845,6.828,0.000,362,75735,2226,24153
3021,6.033,5.261,4.897,0.117,0.004,0.243,0,20.845,6.828,0.000,0,1040,0,0
3022,26.696,26.696,12.428,13.474,0.502,0.292,1,21.246,7.984,0.000,363,75783,2228,24153
3023,6.005,5.978,5.543,0.120,0.005,0.311,0,20.593,9.037,0.000,0,1080,0,0
3024,24.242,24.242,10.568,12.960,0.384,0.331,1,20.593,9.037,0.000,367,76175,2268,24153
3025,9.128,5.352,4.953,0.118,0.005,0.275,0,22.786,7.815,0.000,0,1456,0,0
3026,27.424,27.424,11.042,15.529,0.457,0.396,1,22.786,7.815,2.676,367,76175,1888,24153
3027,5.932,5.871,5.500,0.117,0.005,0.250,0,21.434,7.062,2.676,0,1456,0,0
3028,26.990,26.990,11.190,15.047,0.402,0.351,1,21.434,7.062,0.000,367,76175,2267,24153
3029,6.395,4.305,3.842,0.112,0.005,0.347,0,22.140,7.916,0.000,0,1456,0,0
3030,24.462,24.462,9.981,13.934,0.270,0.277,1,22.140,7.916,0.000,367,76175,2268,24153
3031,8.900,4.828,4.448,0.115,0.006,0.259,0,21.349,8.070,0.000,0,1456,0,0
3032,24.610,24.610,9.599,14.291,0.349,0.371,1,21.349,8.070,0.000,367,76175,2269,24153
3033,8.760,5.060,4.634,0.118,0.005,0.304,0,21.577,8.031,0.000,0,1456,0,0
3034,24.387,24.387,10.748,12.940,0.351,0.348,1,21.577,8.031,0.000,367,76175,2268,24153
3035,8.978,4.488,3.948,0.116,0.005,0.419,0,21.701,8.018,0.000,0,1456,0,0
3036,24.394,24.394,10.091,13.629,0.348,0.326,1,21.701,8.018,0.000,367,76175,2268,24153
3037,8.967,4.200,3.799,0.113,0.004,0.284,0,21.196,7.764,0.000,0,1456,0,0
3038,24.345,24.345,9.207,14.406,0.343,0.390,1,21.196,7.764,0.000,367,76175,2267,24153
3039,9.020,4.168,3.672,0.113,0.005,0.378,0,21.584,7.898,0.000,0,1456,0,0
3040,24.133,24.133,9.877,13.595,0.359,0.303,1,21.584,7.898,0.000,367,76175,2268,24153
3041,9.239,4.191,3.700,0.115,0.005,0.371,0,21.059,8.000,0.000,0,1456,0,0
3042,25.928,25.928,11.353,13.684,0.537,0.353,1,21.059,8.000,0.000,368,76175,2270,24153
3043,7.431,6.623,6.182,0.117,0.006,0.318,0,21.850,8.174,0.000,0,1456,0,0
3044,24.644,24.644,10.484,13.329,0.367,0.464,1,21.850,8.174,0.000,367,76175,2268,24153
3045,8.726,7.286,6.859,0.114,0.007,0.306,0,21.383,8.700,0.000,0,1456,0,0
3046,24.148,24.148,10.571,12.705,0.532,0.340,1,21.383,8.700,0.000,367,76175,2268,24153
3047,9.224,6.347,5.862,0.115,0.005,0.365,0,19.849,9.058,0.000,0,1456,0,0
3048,23.950,23.950,10.553,12.591,0.496,0.309,1,19.849,9.058,0.000,367,76175,2267,24153
3049,9.413,5.572,5.188,0.115,0.004,0.266,0,19.793,8.932,0.000,0,1456,0,0
3050,24.956,24.956,11.409,12.754,0.415,0.378,1,19.793,8.932,0.000,367,76175,2268,24153
3051,8.402,5.465,5.112,0.116,0.004,0.233,0,20.710,8.424,0.000,0,1456,0,0
3052,23.864,23.864,10.451,12.652,0.506,0.256,1,20.710,8.424,0.000,367,76175,2269,24153
3053,9.506,5.524,5.161,0.115,0.004,0.244,0,20.579,7.714,0.000,0,1456,0,0
3054,23.497,23.497,10.135,12.768,0.396,0.199,1,20.579,7.714,0.000,367,76175,2268,24153
3055,9.868,5.040,4.757,0.116,0.005,0.163,0,20.456,7.693,0.000,0,1456,0,0
3056,24.022,24.022,10.766,12.608,0.408,0.240,1,20.456,7.693,0.000,367,76175,2268,24153
3057,9.349,4.254,3.953,0.115,0.005,0.181,0,21.059,7.669,0.000,0,1456,0,0
3058,24.907,24.907,10.762,13.474,0.436,0.235,1,21.059,7.669,0.000,367,76175,2267,24153
3059,8.459,5.317,4.866,0.118,0.006,0.327,0,20.743,7.845,0.000,0,1456,0,0
3060,27.016,27.016,11.363,14.975,0.440,0.238,1,20.743,7.845,0.000,367,76175,2268,24153
3061,6.351,4.050,3.736,0.114,0.004,0.195,0,21.201,8.202,0.000,0,1456,0,0
3062,24.176,24.176,9.931,13.698,0.279,0.268,1,21.201,8.202,0.000,368,76175,2270,24153
3063,9.200,4.805,4.491,0.116,0.005,0.192,0,21.276,8.214,0.000,0,1456,0,0
3064,24.112,24.112,9.864,13.670,0.371,0.208,1,21.276,8.214,0.000,367,76175,2268,24153
3065,9.254,4.926,4.551,0.117,0.004,0.255,0,20.692,8.117,0.000,0,1456,0,0
3066,24.366,24.366,10.123,13.656,0.351,0.235,1,20.692,8.117,0.000,367,76175,2268,24153
3067,8.989,3.968,3.714,0.112,0.005,0.138,0,20.910,8.074,0.000,0,1456,0,0
3068,22.588,22.588,9.370,12.690,0.318,0.210,1,20.910,8.074,0.000,367,76175,2267,24153
3069,10.783,4.030,3.774,0.114,0.004,0.138,0,21.959,7.667,0.000,0,1456,0,0
3070,24.221,24.221,9.460,14.050,0.546,0.165,1,21.959,7.667,0.000,367,76175,2268,24153
3071,9.150,4.178,3.879,0.114,0.005,0.180,0,21.828,7.948,0.000,0,1456,0,0
3072,23.659,23.659,10.291,12.729,0.312,0.327,1,21.828,7.948,0.000,367,76175,2268,24153
3073,9.714,5.523,5.222,0.117,0.004,0.180,0,21.378,7.907,0.000,0,1456,0,0
3074,24.314,24.314,10.454,12.943,0.499,0.418,1,21.378,7.907,0.000,367,76175,2268,24153
3075,9.057,5.476,5.050,0.123,0.009,0.294,0,23.778,7.918,0.000,0,1456,0,0
3076,29.268,29.268,9.943,18.578,0.491,0.257,1,19.795,6.676,3.336,367,76175,1770,24153
3077,4.171,4.171,3.740,0.114,0.004,0.313,0,19.795,6.676,3.336,0,1456,0,0
3078,24.249,24.249,9.698,13.925,0.367,0.259,1,19.795,6.676,0.000,367,76175,2267,24153
3079,9.039,4.836,4.447,0.115,0.006,0.268,0,21.063,7.842,0.000,0,1456,0,0
3080,26.191,26.191,11.736,13.396,0.634,0.424,1,21.063,7.842,0.000,361,75423,2211,24153
3081,7.164,5.249,4.884,0.109,0.004,0.252,0,19.858,9.486,0.000,0,704,0,0
3082,25.587,25.587,9.979,14.925,0.393,0.291,1,19.858,9.486,0.000,362,75423,2213,24153
3083,7.790,4.559,3.580,0.110,0.004,0.865,0,21.314,8.266,0.000,0,704,0,0
3084,23.670,23.670,9.558,13.557,0.287,0.267,1,21.314,8.266,0.000,361,75423,2211,24153
3085,9.693,3.674,3.306,0.107,0.005,0.255,0,20.725,7.860,0.000,0,704,0,0
3086,23.649,23.649,8.920,14.005,0.375,0.349,1,20.725,7.860,0.000,361,75423,2211,24153
3087,9.716,3.731,3.325,0.147,0.005,0.255,0,21.036,7.695,0.000,0,704,0,0
3088,25.689,25.689,11.099,13.770,0.514,0.304,1,21.036,7.695,0.000,361,75423,2210,24153
3089,7.674,4.608,4.119,0.110,0.005,0.375,0,20.751,7.973,0.000,0,704,0,0
3090,24.466,24.466,10.597,13.047,0.541,0.281,1,20.751,7.973,0.000,361,75423,2211,24153
3091,8.897,5.137,4.793,0.111,0.004,0.229,0,20.654,7.895,0.000,0,704,0,0
3092,23.539,23.539,10.281,12.485,0.306,0.468,1,20.654,7.895,0.000,362,75423,2213,24153
3093,9.827,5.152,4.800,0.109,0.006,0.236,0,19.530,9.034,0.000,0,704,0,0
3094,22.617,22.617,9.744,12.115,0.502,0.256,1,19.530,9.034,0.000,361,75423,2211,24153
3095,10.751,5.612,5.199,0.113,0.004,0.296,0,19.349,8.983,0.000,0,704,0,0
3096,23.229,23.229,10.065,12.454,0.412,0.299,1,19.349,8.983,0.000,361,75423,2210,24153
3097,10.146,5.177,4.810,0.112,0.005,0.250,0,19.879,8.354,0.000,0,704,0,0
3098,23.522,23.522,10.314,12.348,0.495,0.366,1,19.879,8.354,0.000,360,75419,2196,24153
3099,9.839,5.113,4.765,0.109,0.005,0.234,0,20.682,7.761,0.000,0,704,0,0
3100,23.894,23.894,10.394,12.633,0.510,0.357,1,20.682,7.761,0.000,361,75423,2211,24153
3101,9.469,5.057,4.713,0.111,0.004,0.229,0,20.229,7.947,0.000,0,704,0,0
3102,22.923,22.923,9.848,12.369,0.452,0.254,1,20.229,7.947,0.000,361,75423,2211,24153
3103,10.445,5.832,5.399,0.127,0.004,0.303,0,20.280,7.804,0.000,0,704,0,0
3104,23.159,23.159,10.159,12.192,0.488,0.319,1,20.280,7.804,0.000,361,75423,2211,24153
3105,10.216,4.163,3.693,0.109,0.004,0.357,0,20.801,7.633,0.000,0,704,0,0
3106,23.917,23.917,10.552,12.494,0.480,0.392,1,20.801,7.633,0.000,361,75423,2210,24153
3107,9.443,5.051,4.694,0.109,0.004,0.244,0,19.941,7.694,0.000,0,704,0,0
3108,22.738,22.738,9.752,12.248,0.463,0.275,1,19.941,7.694,0.000,361,75423,2211,24153
3109,10.629,5.832,5.390,0.112,0.005,0.325,0,19.513,8.837,0.000,0,704,0,0
3110,22.820,22.820,9.766,12.274,0.493,0.287,1,19.513,8.837,0.000,361,75423,2211,24153
3111,10.545,5.294,4.947,0.112,0.005,0.231,0,19.638,8.997,0.000,0,704,0,0
3112,23.456,23.456,10.297,12.284,0.496,0.380,1,19.638,8.997,0.000,362,75423,2213,24153
3113,9.922,5.069,4.715,0.109,0.004,0.240,0,20.221,8.549,0.000,0,704,0,0
3114,23.656,23.656,10.235,12.653,0.495,0.273,1,20.221,8.549,0.000,361,75423,2211,24153
3115,9.699,5.573,5.139,0.111,0.004,0.319,0,20.233,7.738,0.000,0,704,0,0
3116,23.128,23.128,9.956,12.406,0.472,0.293,1,20.233,7.738,0.000,362,75447,2225,24153
3117,10.240,5.500,5.134,0.111,0.004,0.251,0,20.296,7.646,0.000,0,752,0,0
3118,23.597,23.597,10.401,12.438,0.399,0.359,1,20.296,7.646,0.000,362,75487,2226,24153
3119,9.771,5.894,5.486,0.110,0.003,0.295,0,20.194,8.200,0.000,0,792,0,0
3120,23.988,23.988,10.643,12.584,0.403,0.358,1,20.194,8.200,0.000,362,75535,2226,24153
3121,9.379,5.650,5.136,0.112,0.004,0.398,0,20.310,7.829,0.000,0,840,0,0
3122,24.798,24.798,10.186,13.753,0.510,0.349,1,20.310,7.829,0.000,362,75583,2226,24153
3123,8.570,4.042,3.578,0.111,0.005,0.349,0,23.143,8.295,0.000,0,888,0,0
3124,28.267,28.267,11.441,16.011,0.374,0.441,1,23.143,8.295,3.451,362,75631,1719,24153
3125,5.113,4.135,3.687,0.140,0.004,0.304,0,21.166,6.483,3.451,0,936,1,0
3126,22.308,22.308,9.023,12.544,0.377,0.364,1,21.166,6.483,0.000,362,75679,2225,24153
3127,11.049,4.425,3.731,0.111,0.006,0.578,0,21.407,8.885,0.000,0,984,0,0
3128,27.271,27.271,10.750,15.679,0.459,0.384,1,21.407,8.885,3.327,362,75727,1758,24153
3129,6.091,4.231,3.811,0.111,0.004,0.305,0,19.826,7.302,3.327,0,1032,0,0
3130,27.434,27.434,11.194,15.226,0.535,0.479,1,19.826,7.302,0.000,363,75755,2230,24153
3131,5.932,4.647,4.141,0.114,0.006,0.386,0,22.189,8.050,0.000,0,1036,0,0
3132,26.089,26.089,9.798,15.513,0.436,0.342,1,22.189,8.050,2.255,363,75755,1918,24153
3133,7.282,4.101,3.586,0.110,0.005,0.401,0,20.947,7.270,2.255,0,1036,0,0
3134,23.671,23.671,9.562,13.511,0.292,0.306,1,20.947,7.270,0.000,363,75755,2229,24153
3135,9.711,4.011,3.575,0.112,0.005,0.320,0,20.999,7.718,0.000,0,1036,0,0
3136,24.521,24.521,10.068,13.638,0.391,0.425,1,20.999,7.718,0.000,363,75755,2230,24153
3137,8.834,3.883,3.453,0.109,0.004,0.317,0,22.712,7.988,0.000,0,1036,0,0
3138,29.042,29.042,12.323,15.927,0.472,0.321,1,22.712,7.988,2.789,363,75755,1828,24153
3139,4.320,4.309,3.825,0.114,0.004,0.365,0,21.274,7.216,2.789,0,1036,0,0
3140,26.275,26.275,10.610,14.381,0.326,0.958,1,21.274,7.216,0.000,363,75755,2230,24153
3141,7.104,3.949,3.516,0.145,0.005,0.283,0,21.784,8.119,0.000,0,1036,0,0
3142,26.209,26.209,9.431,16.021,0.378,0.379,1,21.784,8.119,1.768,363,75755,1980,24153
3143,7.147,4.664,4.277,0.111,0.005,0.271,0,20.938,7.405,1.768,0,1032,0,0
3144,23.646,23.646,9.663,13.415,0.274,0.294,1,20.938,7.405,0.000,362,75751,2225,24153
3145,9.726,4.073,3.603,0.110,0.004,0.356,0,21.316,7.810,0.000,0,1032,0,0
3146,28.233,28.233,11.332,16.213,0.361,0.327,1,21.316,7.810,0.000,369,76135,2286,24153
3147,5.615,5.615,5.167,0.119,0.007,0.322,0,21.316,7.810,0.000,0,1520,0,0
3148,32.238,32.238,13.134,17.634,1.065,0.404,1,20.195,6.609,4.205,369,76239,1782,24153
3149,4.359,4.359,3.965,0.115,0.004,0.276,0,20.195,6.609,4.205,0,1520,0,0
3150,24.816,24.816,10.028,14.145,0.267,0.376,1,20.195,6.609,0.000,369,76239,2276,24153
3151,5.111,5.111,4.014,0.118,0.006,0.973,0,20.195,6.609,0.000,0,1520,0,0
3152,29.589,29.589,13.208,15.740,0.348,0.292,1,23.288,7.898,3.045,369,76239,1931,24153
3153,4.318,4.318,3.922,0.119,0.004,0.272,0,20.844,7.265,3.045,0,1520,0,0
3154,24.689,24.689,9.815,13.609,0.892,0.373,1,20.844,7.265,0.000,369,76239,2275,24153
3155,7.876,4.191,3.799,0.117,0.004,0.271,0,21.593,7.679,0.000,0,1520,0,0
3156,24.764,24.764,10.390,13.667,0.382,0.324,1,21.593,7.679,0.000,369,76239,2276,24153
3157,8.596,5.227,4.699,0.117,0.004,0.406,0,21.244,7.928,0.000,0,1520,0,0
3158,24.200,24.200,9.229,14.330,0.359,0.282,1,21.244,7.928,0.000,369,76239,2276,24153
3159,9.165,4.859,4.379,0.117,0.004,0.359,0,20.802,8.001,0.000,0,1520,0,0
3160,24.194,24.194,9.849,13.648,0.347,0.350,1,20.802,8.001,0.000,369,76239,2276,24153
3161,9.177,5.051,4.073,0.119,0.004,0.854,0,21.312,7.915,0.000,0,1520,0,0
3162,24.420,24.420,9.403,14.368,0.346,0.304,1,21.312,7.915,0.000,370,76239,2278,24153
3163,8.933,4.193,3.708,0.115,0.004,0.367,0,21.618,7.871,0.000,0,1520,0,0
3164,24.128,24.128,9.922,13.580,0.348,0.279,1,21.618,7.871,0.000,369,76239,2275,24153
3165,9.241,4.258,3.852,0.117,0.004,0.285,0,21.094,7.793,0.000,0,1520,0,0
3166,24.321,24.321,9.930,13.670,0.364,0.357,1,21.094,7.793,0.000,369,76239,2276,24153
3167,9.055,4.021,3.643,0.116,0.005,0.258,0,21.574,7.846,0.000,0,1520,0,0
3168,26.171,26.171,11.781,13.597,0.506,0.286,1,21.574,7.846,0.000,369,76239,2276,24153
3169,7.186,5.065,4.609,0.116,0.006,0.334,0,21.164,8.127,0.000,0,1520,0,0
3170,26.277,26.277,11.664,13.850,0.504,0.259,1,21.164,8.127,0.000,369,76239,2276,24153
3171,7.083,5.461,5.137,0.116,0.006,0.201,0,21.447,8.114,0.000,0,1520,0,0
3172,24.193,24.193,10.709,12.672,0.518,0.294,1,21.447,8.114,0.000,369,76239,2276,24153
3173,9.172,5.232,4.928,0.117,0.005,0.182,0,20.319,9.043,0.000,0,1520,0,0
3174,23.079,23.079,9.957,12.422,0.508,0.192,1,20.319,9.043,0.000,369,76239,2275,24153
3175,10.289,5.508,5.155,0.121,0.004,0.228,0,19.750,8.890,0.000,0,1520,1,0
3176,23.502,23.502,10.450,12.446,0.402,0.205,1,19.750,8.890,0.000,369,76239,2275,24153
3177,9.873,5.145,4.851,0.117,0.004,0.173,0,19.977,8.434,0.000,0,1520,0,0
3178,25.568,25.568,10.893,13.994,0.434,0.247,1,19.977,8.434,0.000,369,76239,2276,24153
3179,7.799,4.267,3.967,0.116,0.006,0.178,0,19.932,7.897,0.000,0,1520,0,0
3180,26.464,26.464,10.467,15.312,0.446,0.239,1,19.932,7.897,0.000,369,76239,2276,24153
3181,6.899,4.474,4.023,0.119,0.005,0.327,0,21.541,8.212,0.000,0,1520,0,0
3182,24.214,24.214,9.247,14.483,0.255,0.228,1,21.541,8.212,0.000,370,76239,2278,24153
3183,9.162,4.213,3.882,0.118,0.004,0.209,0,21.028,7.843,0.000,0,1520,0,0
3184,25.462,25.462,11.013,13.565,0.531,0.352,1,21.028,7.843,0.000,369,76239,2276,24153
3185,7.902,4.775,4.423,0.120,0.005,0.228,0,23.509,8.028,0.000,0,1520,0,0
3186,27.980,27.980,11.434,15.874,0.425,0.248,1,23.509,8.028,2.488,369,76239,1930,24153
3187,5.377,4.574,4.167,0.117,0.005,0.285,0,21.045,7.335,2.488,0,1520,0,0
3188,26.851,26.851,12.456,13.712,0.395,0.288,1,21.045,7.335,0.000,369,76239,2276,24153
3189,6.520,4.133,3.835,0.116,0.006,0.175,0,21.595,7.969,0.000,0,1520,0,0
3190,25.589,25.589,9.957,14.921,0.449,0.262,1,21.595,7.969,0.000,369,76239,2276,24153
3191,7.773,4.595,4.299,0.117,0.005,0.175,0,20.569,8.035,0.000,0,1520,0,0
3192,23.565,23.565,9.718,13.404,0.255,0.188,1,20.569,8.035,0.000,369,76239,2276,24153
3193,9.808,4.232,3.883,0.119,0.005,0.225,0,20.787,7.856,0.000,0,1520,0,0
3194,23.815,23.815,9.753,13.520,0.354,0.188,1,20.787,7.856,0.000,369,76239,2275,24153
3195,9.549,4.354,4.046,0.120,0.005,0.183,0,20.511,8.031,0.000,0,1520,1,0
3196,24.373,24.373,10.001,13.672,0.355,0.345,1,20.511,8.031,0.000,369,76239,2275,24153
3197,9.032,4.023,3.678,0.113,0.004,0.228,0,21.307,7.810,0.000,0,1520,0,0
3198,31.375,31.375,15.806,14.877,0.404,0.288,1,20.250,7.707,0.000,369,76239,2276,24153
3199,4.385,4.385,3.859,0.116,0.004,0.406,0,20.250,7.707,0.000,0,1520,0,0
3200,23.546,23.546,9.167,13.732,0.298,0.349,1,20.250,7.707,0.000,369,76239,2276,24153
3201,7.415,4.535,3.995,0.120,0.006,0.414,0,20.250,7.707,0.000,0,1520,0,0
3202,28.595,28.595,12.614,15.268,0.384,0.330,1,23.980,7.663,2.251,370,76239,1970,24153
3203,4.763,4.265,3.833,0.115,0.004,0.312,0,23.980,7.663,2.251,0,1520,0,0
3204,30.875,30.875,13.057,17.006,0.403,0.409,1,20.005,7.294,3.024,369,76239,1926,24153
3205,4.783,4.783,4.350,0.121,0.007,0.305,0,20.005,7.294,3.024,0,1520,0,0
3206,24.638,24.638,9.923,14.030,0.362,0.323,1,20.005,7.294,0.000,369,76239,2275,24153
3207,7.484,7.484,6.956,0.119,0.004,0.405,0,20.005,7.294,0.000,0,1528,0,0
3208,29.211,29.211,10.304,17.527,1.045,0.334,1,21.918,8.284,0.000,371,76199,2319,24153
3209,4.583,4.583,4.136,0.117,0.006,0.324,0,21.918,8.284,0.000,0,1480,0,0
3210,15.189,9.128,8.577,0.132,0.004,0.415,0,28.474,9.263,0.000,0,1480,0,0
3211,29.634,29.634,9.784,19.045,0.429,0.376,1,20.615,6.557,3.787,371,76199,1866,24153
3212,4.194,4.194,3.784,0.117,0.004,0.288,0,20.615,6.557,3.787,0,1480,0,0
3213,24.545,24.545,10.335,13.503,0.282,0.425,1,20.615,6.557,0.000,371,76199,2304,24153
3214,8.376,4.760,4.328,0.118,0.004,0.310,0,22.008,7.728,0.000,0,1480,0,0
3215,24.398,24.398,9.942,13.761,0.365,0.329,1,22.008,7.728,0.000,371,76199,2304,24153
3216,8.959,4.888,3.792,0.119,0.004,0.974,0,21.261,8.090,0.000,0,1480,0,0
3217,24.534,24.534,9.963,13.895,0.353,0.324,1,21.261,8.090,0.000,371,76199,2303,24153
3218,8.836,4.234,3.837,0.117,0.004,0.276,0,21.855,7.937,0.000,0,1480,0,0
3219,24.573,24.573,9.360,14.496,0.351,0.367,1,21.855,7.937,0.000,371,76199,2304,24153
3220,8.794,4.051,3.675,0.118,0.004,0.255,0,21.551,8.090,0.000,0,1480,0,0
3221,23.044,23.044,9.328,12.968,0.317,0.431,1,21.551,8.090,0.000,371,76199,2304,24153
3222,10.327,4.201,3.742,0.117,0.004,0.338,0,22.403,7.949,0.000,0,1480,0,0
3223,25.646,25.646,9.402,15.521,0.433,0.289,1,22.403,7.949,2.685,372,76199,1931,24153
3224,7.716,4.097,3.723,0.117,0.004,0.253,0,22.827,7.038,2.685,0,1480,0,0
3225,30.025,30.025,11.847,17.453,0.378,0.348,1,21.614,6.597,2.945,371,76199,1837,24153
3226,4.988,4.988,4.528,0.120,0.008,0.331,0,21.614,6.597,2.945,0,1480,0,0
3227,25.750,25.750,9.672,15.233,0.538,0.307,1,21.614,6.597,1.659,371,76199,2042,24153
3228,5.978,4.439,3.888,0.118,0.004,0.430,0,21.614,6.597,1.659,0,1480,0,0
3229,30.938,30.938,13.270,16.994,0.309,0.365,1,25.194,7.301,4.097,371,76199,1837,24153
3230,4.272,4.272,3.800,0.118,0.005,0.349,0,23.250,6.434,4.097,0,1480,0,0
3231,35.322,35.322,11.680,22.731,0.425,0.485,1,22.693,7.790,3.120,371,76199,1797,24153
3232,4.371,4.371,3.919,0.116,0.005,0.331,0,22.693,7.790,3.120,0,1480,0,0
3233,23.690,23.690,9.661,13.319,0.361,0.349,1,22.693,7.790,0.000,371,76199,2305,24153
3234,4.292,4.292,3.726,0.118,0.006,0.442,0,22.693,7.790,0.000,0,1480,0,0
3235,13.882,9.281,8.821,0.134,0.005,0.321,0,23.537,7.724,0.000,0,1480,0,0
3236,28.732,28.732,11.859,16.092,0.435,0.346,1,19.826,7.065,2.331,371,76199,1956,24153
3237,5.495,5.495,4.968,0.124,0.004,0.400,0,19.826,7.065,2.331,0,1480,0,0
3238,28.489,28.489,13.451,14.164,0.286,0.588,1,19.826,7.065,0.000,371,76199,2303,24153
3239,5.246,5.246,4.767,0.123,0.008,0.348,0,19.495,7.751,0.000,0,1480,0,0
3240,27.627,27.627,12.982,13.838,0.357,0.451,1,19.495,7.751,0.000,371,76199,2304,24153
3241,5.652,5.652,5.084,0.124,0.082,0.362,0,19.280,7.888,0.000,0,1480,0,0
3242,27.167,27.167,12.583,13.855,0.336,0.393,1,19.280,7.888,0.000,371,76199,2304,24153
3243,5.410,5.410,4.768,0.125,0.008,0.508,0,19.136,7.938,0.000,0,1480,0,0
3244,28.287,28.287,11.911,15.550,0.433,0.394,1,19.136,7.938,0.000,372,76199,2306,24153
3245,5.164,5.164,4.639,0.122,0.005,0.398,0,19.136,7.938,0.000,0,1480,0,0
3246,27.553,27.553,12.526,13.878,0.662,0.488,1,23.840,8.251,0.000,371,76199,2304,24153
3247,6.554,5.886,5.387,0.118,0.005,0.375,0,23.840,8.251,0.000,0,1480,0,0
3248,30.738,30.738,14.002,15.857,0.490,0.390,1,24.871,7.990,2.743,371,76199,1901,24153
3249,4.699,4.699,4.109,0.119,0.005,0.466,0,20.635,7.621,2.743,0,1480,0,0
3250,26.221,26.221,12.036,13.446,0.369,0.370,1,20.635,7.621,0.000,371,76199,2304,24153
3251,5.516,5.516,5.040,0.117,0.004,0.356,0,20.889,7.692,0.000,0,1480,0,0
3252,25.736,25.736,12.144,12.566,0.525,0.502,1,20.889,7.692,0.000,371,76199,2304,24153
3253,6.016,5.420,4.969,0.118,0.006,0.327,0,20.604,7.921,0.000,0,1480,0,0
3254,24.498,24.498,11.038,12.706,0.372,0.382,1,20.604,7.921,0.000,371,76199,2304,24153
3255,8.867,6.735,6.087,0.125,0.009,0.514,0,20.356,9.152,0.000,0,1480,0,0
3256,26.429,26.429,12.381,13.184,0.457,0.407,1,20.356,9.152,0.000,371,76199,2304,24153
3257,6.937,5.111,4.584,0.118,0.005,0.404,0,21.102,8.466,0.000,0,1480,0,0
3258,25.480,25.480,11.805,12.703,0.317,0.655,1,21.102,8.466,0.000,371,76199,2303,24153
3259,7.910,4.962,4.522,0.118,0.007,0.315,0,21.164,7.701,0.000,0,1480,0,0
3260,28.218,28.218,12.718,14.644,0.487,0.369,1,21.164,7.701,0.000,371,76199,2304,24153
3261,6.074,6.074,5.530,0.119,0.006,0.419,0,21.372,8.590,0.000,0,1480,0,0
3262,25.008,25.008,11.508,12.789,0.384,0.327,1,21.372,8.590,0.000,371,76199,2304,24153
3263,7.409,5.767,5.355,0.118,0.004,0.290,0,20.648,8.061,0.000,0,1480,0,0
3264,25.228,25.228,11.700,12.680,0.416,0.432,1,20.648,8.061,0.000,371,76199,2304,24153
3265,8.144,4.858,4.460,0.120,0.005,0.273,0,20.558,7.974,0.000,0,1480,0,0
3266,24.102,24.102,10.746,12.612,0.430,0.314,1,20.558,7.974,0.000,371,76199,2304,24153
3267,9.261,6.317,5.830,0.118,0.005,0.364,0,20.225,8.808,0.000,0,1480,0,0
3268,26.858,26.858,12.288,13.816,0.424,0.330,1,20.225,8.808,0.000,371,76199,2304,24153
3269,6.507,4.223,3.781,0.120,0.006,0.317,0,21.843,7.989,0.000,0,1480,0,0
3270,26.950,26.950,10.443,15.760,0.329,0.419,1,21.843,7.989,2.758,371,76199,2004,24153
3271,6.521,5.560,5.091,0.133,0.009,0.326,0,21.739,7.348,2.758,0,1480,0,0
3272,28.898,28.898,10.418,17.623,0.452,0.405,1,21.739,7.348,0.000,373,76127,2319,24153
3273,4.712,4.712,4.129,0.119,0.004,0.460,0,21.739,7.348,0.000,0,1536,0,0
3274,16.349,8.092,7.643,0.118,0.004,0.327,0,32.891,8.499,0.000,0,1536,0,0
3275,28.992,28.992,9.895,18.373,0.365,0.359,1,32.891,8.499,5.517,373,76255,1770,24153
3276,4.364,4.298,3.742,0.119,0.004,0.434,0,24.625,5.179,5.517,0,1536,0,0
3277,26.082,26.082,9.209,16.200,0.311,0.361,1,24.625,5.179,3.240,373,76255,1783,24153
3278,7.298,4.383,3.922,0.120,0.004,0.337,0,23.387,6.819,3.240,0,1536,0,0
3279,26.559,26.559,9.654,16.074,0.342,0.490,1,23.387,6.819,3.411,373,76255,1822,24153
3280,6.805,4.330,3.890,0.119,0.004,0.317,0,23.702,7.071,3.411,0,1536,0,0
3281,26.840,26.840,9.427,16.741,0.348,0.324,1,23.702,7.071,3.931,373,76255,1832,24153
3282,6.517,4.339,3.811,0.118,0.006,0.404,0,22.710,6.011,3.931,0,1536,0,0
3283,26.211,26.211,9.552,15.993,0.336,0.331,1,22.710,6.011,3.442,373,76255,1804,24153
3284,7.155,4.224,3.778,0.119,0.006,0.322,0,22.175,6.887,3.442,0,1536,0,0
3285,27.878,27.878,9.591,17.433,0.401,0.453,1,19.751,6.362,4.014,373,76255,1781,24153
3286,5.599,4.301,3.879,0.118,0.005,0.299,0,19.751,6.362,4.014,0,1536,0,0
3287,23.995,23.995,9.729,13.555,0.343,0.367,1,19.751,6.362,0.000,373,76255,2309,24153
3288,9.274,4.440,3.886,0.120,0.005,0.428,0,21.484,7.780,0.000,0,1536,0,0
3289,26.147,26.147,11.100,14.248,0.447,0.352,1,21.484,7.780,0.000,373,76255,2309,24153
3290,7.223,4.914,4.455,0.122,0.005,0.331,0,23.403,7.968,0.000,0,1536,0,0
3291,28.829,28.829,10.468,17.533,0.395,0.433,1,20.099,6.961,2.757,373,76255,1903,24153
3292,4.538,4.181,3.773,0.120,0.004,0.285,0,20.099,6.961,2.757,0,1536,0,0
3293,24.729,24.729,10.319,13.713,0.368,0.329,1,20.099,6.961,0.000,373,76255,2309,24153
3294,8.622,4.326,3.950,0.121,0.005,0.251,0,22.478,9.081,0.000,0,1536,0,0
3295,25.555,25.555,9.538,15.390,0.427,0.199,1,22.478,9.081,2.392,373,76255,1973,24153
3296,7.822,4.123,3.831,0.119,0.005,0.168,0,21.843,8.495,2.392,0,1536,0,0
3297,33.729,33.729,10.000,22.999,0.495,0.235,1,22.212,7.078,2.649,373,76255,1914,24153
3298,4.560,4.560,4.248,0.122,0.007,0.183,0,22.212,7.078,2.649,0,1536,0,0
3299,24.222,24.222,9.888,13.684,0.396,0.253,1,22.212,7.078,0.000,373,76255,2309,24153
3300,4.485,4.485,4.186,0.120,0.004,0.175,0,22.212,7.078,0.000,0,1536,0,0
3301,16.411,7.714,7.423,0.119,0.003,0.169,0,23.111,8.917,0.000,0,1536,0,0
3302,25.154,25.154,9.246,15.164,0.410,0.335,1,23.111,8.917,2.212,373,76255,1986,24153
3303,8.221,4.213,3.866,0.122,0.005,0.220,0,21.963,8.336,2.212,0,1536,0,0
3304,29.409,29.409,12.051,16.736,0.383,0.239,1,19.562,8.151,2.517,373,76255,1918,24153
3305,5.889,5.889,5.479,0.125,0.007,0.277,0,19.562,8.151,2.517,0,1536,0,0
3306,24.107,24.107,10.155,13.393,0.315,0.244,1,19.562,8.151,0.000,373,76255,2310,24153
3307,7.326,4.189,3.867,0.117,0.004,0.201,0,19.562,8.151,0.000,0,1536,0,0
3308,28.115,28.115,11.906,15.511,0.413,0.286,1,22.327,8.428,2.512,373,76255,1961,24153
3309,5.242,4.888,4.590,0.122,0.004,0.172,0,20.218,7.895,2.512,0,1536,0,0
3310,25.976,25.976,10.287,15.050,0.395,0.244,1,20.218,7.895,0.000,373,76255,2309,24153
3311,7.397,4.188,3.865,0.119,0.005,0.199,0,21.610,8.051,0.000,0,1536,0,0
3312,23.115,23.115,9.509,13.114,0.317,0.176,1,21.610,8.051,0.000,373,76255,2308,24153
3313,10.244,5.651,5.383,0.123,0.004,0.140,0,21.299,7.847,0.000,0,1536,0,0
3314,23.809,23.809,10.564,12.600,0.425,0.221,1,21.299,7.847,0.000,373,76255,2309,24153
3315,9.574,4.653,4.392,0.121,0.004,0.136,0,20.472,9.048,0.000,0,1536,0,0
3316,23.609,23.609,9.930,13.074,0.426,0.178,1,20.472,9.048,0.000,373,76255,2309,24153
3317,9.756,4.567,4.201,0.120,0.004,0.242,0,21.775,9.005,0.000,0,1536,0,0
3318,25.998,25.998,9.480,15.800,0.467,0.252,1,21.775,9.005,2.807,373,76255,1897,24153
3319,7.360,4.089,3.780,0.119,0.005,0.185,0,22.640,7.548,2.807,0,1536,0,0
3320,26.074,26.074,9.444,15.994,0.337,0.299,1,22.640,7.548,3.316,373,76255,1809,24153
3321,7.309,4.924,4.566,0.121,0.005,0.232,0,22.607,7.316,3.316,0,1536,0,0
3322,27.054,27.054,9.765,16.560,0.527,0.201,1,22.607,7.316,3.065,373,76255,1809,24153
3323,6.300,4.417,4.055,0.121,0.005,0.238,0,22.607,7.316,3.065,0,1536,0,0
3324,27.332,27.332,10.570,16.189,0.390,0.182,1,22.940,6.657,3.507,373,76255,1804,24153
3325,6.033,4.508,4.208,0.122,0.004,0.173,0,20.611,7.231,3.507,0,1536,0,0
3326,25.943,25.943,9.568,15.763,0.383,0.228,1,20.611,7.231,2.377,374,76255,1937,24153
3327,7.418,5.241,4.932,0.119,0.007,0.183,0,21.874,6.785,2.377,0,1536,0,0
3328,26.746,26.746,10.544,15.580,0.430,0.192,1,21.874,6.785,2.500,373,76255,1924,24153
3329,6.623,4.328,3.993,0.120,0.004,0.210,0,21.206,6.887,2.500,0,1536,0,0
3330,26.725,26.725,11.157,14.351,1.010,0.207,1,21.206,6.887,0.000,373,76255,2309,24153
3331,6.641,4.213,3.922,0.120,0.006,0.166,0,21.298,7.897,0.000,0,1536,0,0
3332,23.993,23.993,9.181,14.309,0.253,0.250,1,21.298,7.897,0.000,373,76255,2309,24153
3333,9.378,4.853,4.530,0.122,0.004,0.197,0,20.963,7.834,0.000,0,1536,0,0
3334,24.301,24.301,9.910,13.863,0.360,0.168,1,20.963,7.834,0.000,373,76255,2308,24153
3335,9.065,4.821,4.478,0.120,0.005,0.217,0,20.693,7.912,0.000,0,1544,0,0
3336,24.909,24.909,10.357,14.011,0.362,0.179,1,20.693,7.912,0.000,375,76215,2321,24153
3337,8.460,4.054,3.758,0.120,0.004,0.173,0,20.807,7.938,0.000,0,1496,0,0
3338,24.165,24.165,9.922,13.669,0.346,0.229,1,20.807,7.938,0.000,375,76215,2321,24153
3339,9.199,4.169,3.893,0.120,0.004,0.152,0,20.777,7.942,0.000,0,1496,0,0
3340,24.342,24.342,10.713,13.100,0.357,0.171,1,20.777,7.942,0.000,375,76215,2321,24153
3341,9.026,4.220,3.901,0.119,0.004,0.196,0,20.715,7.931,0.000,0,1496,0,0
3342,24.098,24.098,9.350,14.246,0.347,0.155,1,20.715,7.931,0.000,375,76215,2321,24153
3343,9.269,4.155,3.890,0.119,0.004,0.143,0,20.476,7.766,0.000,0,1496,0,0
3344,27.033,27.033,12.509,13.853,0.467,0.204,1,20.476,7.766,0.000,375,76215,2320,24153
3345,6.330,4.292,4.027,0.122,0.004,0.139,0,21.186,8.056,0.000,0,1496,0,0
3346,24.970,24.970,9.848,14.364,0.545,0.213,1,21.186,8.056,0.000,376,76215,2323,24153
3347,8.408,5.187,4.872,0.125,0.005,0.185,0,21.611,9.028,0.000,0,1496,0,0
3348,26.060,26.060,11.430,13.818,0.588,0.225,1,21.611,9.028,0.000,375,76215,2321,24153
3349,7.293,4.986,4.712,0.121,0.005,0.148,0,20.562,9.271,0.000,0,1496,0,0
3350,24.085,24.085,10.565,12.977,0.317,0.226,1,20.562,9.271,0.000,375,76215,2321,24153
3351,9.281,5.104,4.831,0.121,0.004,0.148,0,20.780,8.595,0.000,0,1496,0,0
3352,24.178,24.178,10.523,13.064,0.408,0.182,1,20.780,8.595,0.000,375,76215,2321,24153
3353,9.200,5.257,4.939,0.122,0.004,0.193,0,20.749,7.693,0.000,0,1496,0,0
3354,24.803,24.803,10.067,14.230,0.334,0.172,1,20.749,7.693,0.000,375,76215,2320,24153
3355,8.555,4.176,3.900,0.120,0.004,0.152,0,19.006,7.809,0.000,0,1496,0,0
3356,25.101,25.101,10.552,13.753,0.527,0.270,1,19.006,7.809,0.000,375,76215,2321,24153
3357,8.277,4.184,3.912,0.121,0.006,0.146,0,23.350,7.971,0.000,0,1496,0,0
3358,26.543,26.543,9.634,16.380,0.376,0.153,1,23.350,7.971,2.985,375,76215,1888,24153
3359,6.811,4.267,3.960,0.123,0.004,0.180,0,22.214,6.969,2.985,0,1496,0,0
3360,26.555,26.555,10.627,15.248,0.512,0.168,1,22.214,6.969,2.302,375,76215,1958,24153
3361,6.813,5.169,4.899,0.128,0.005,0.137,0,21.514,7.038,2.302,0,1496,0,0
3362,26.731,26.731,11.133,15.002,0.398,0.198,1,21.514,7.038,2.035,375,76215,2006,24153
3363,6.632,4.573,4.261,0.122,0.004,0.185,0,21.942,7.194,2.035,0,1496,0,0
3364,29.052,29.052,11.909,16.529,0.382,0.232,1,20.195,7.027,2.394,375,76215,1960,24153
3365,4.317,4.132,3.754,0.121,0.005,0.252,0,20.195,7.027,2.394,0,1496,0,0
3366,24.074,24.074,10.381,13.224,0.259,0.210,1,20.195,7.027,0.000,375,76215,2321,24153
3367,9.292,4.883,4.547,0.123,0.004,0.209,0,21.166,7.804,0.000,0,1496,0,0
3368,24.392,24.392,9.969,13.757,0.362,0.303,1,21.166,7.804,0.000,375,76215,2321,24153
3369,8.978,4.125,3.683,0.121,0.005,0.317,0,21.345,7.949,0.000,0,1496,0,0
3370,23.953,23.953,10.311,12.941,0.430,0.271,1,21.345,7.949,0.000,375,76215,2321,24153
3371,9.419,4.361,3.897,0.121,0.005,0.339,0,22.716,7.844,0.000,0,1496,0,0
3372,27.522,27.522,10.555,16.264,0.452,0.250,1,22.716,7.844,2.723,375,76215,1920,24153
3373,5.838,4.403,4.057,0.121,0.004,0.221,0,20.996,7.036,2.723,0,1496,0,0
3374,24.194,24.194,9.197,13.795,0.845,0.357,1,20.996,7.036,0.000,375,76215,2320,24153
3375,9.179,4.373,3.864,0.122,0.004,0.384,0,21.535,7.685,0.000,0,1496,0,0
3376,26.696,26.696,11.785,14.184,0.451,0.277,1,21.535,7.685,0.000,375,76215,2322,24153
3377,6.672,4.785,4.178,0.141,0.004,0.462,0,21.220,8.113,0.000,0,1496,0,0
3378,27.242,27.242,11.135,14.799,0.955,0.353,1,21.220,8.113,0.000,375,76215,2321,24153
3379,6.122,4.358,3.844,0.120,0.005,0.389,0,21.898,8.110,0.000,0,1496,0,0
3380,24.477,24.477,10.644,13.080,0.264,0.489,1,21.898,8.110,0.000,375,76215,2321,24153
3381,8.894,4.931,3.858,0.717,0.005,0.351,0,22.054,8.190,0.000,0,1496,0,0
3382,24.587,24.587,10.067,13.777,0.360,0.384,1,22.054,8.190,0.000,375,76215,2321,24153
3383,8.827,4.982,3.824,0.123,0.005,1.030,0,21.451,8.007,0.000,0,1496,0,0
3384,25.452,25.452,10.546,14.172,0.378,0.356,1,21.451,8.007,0.000,375,76215,2320,24153
3385,7.873,4.166,3.717,0.119,0.004,0.326,0,22.212,7.941,0.000,0,1496,0,0
3386,25.958,25.958,10.741,14.322,0.446,0.449,1,22.212,7.941,0.000,375,76215,2321,24153
3387,7.400,4.226,3.790,0.122,0.004,0.310,0,22.701,7.885,0.000,0,1496,0,0
3388,26.719,26.719,10.264,15.801,0.327,0.326,1,22.701,7.885,2.013,375,76215,2041,24153
3389,6.655,4.367,3.839,0.122,0.005,0.402,0,21.269,7.472,2.013,0,1496,0,0
3390,26.809,26.809,12.278,13.751,0.385,0.394,1,21.269,7.472,0.000,375,76215,2321,24153
3391,6.549,4.722,4.261,0.125,0.005,0.332,0,21.642,7.984,0.000,0,1496,0,0
3392,26.428,26.428,11.473,13.941,0.492,0.521,1,21.642,7.984,0.000,375,76215,2321,24153
3393,7.299,7.299,6.850,0.126,0.006,0.317,0,23.109,8.204,0.000,0,1496,0,0
3394,25.174,25.174,10.498,13.509,0.731,0.436,1,23.109,8.204,0.000,375,76215,2320,24153
3395,7.852,4.457,3.890,0.122,0.005,0.440,0,23.109,8.204,0.000,0,1496,1,0
3396,30.516,30.516,12.264,17.504,0.387,0.362,1,20.091,7.291,3.484,375,76215,1908,24153
3397,4.834,4.834,4.352,0.125,0.008,0.349,0,20.091,7.291,3.484,0,1496,0,0
3398,27.169,27.169,12.103,14.332,0.270,0.464,1,20.091,7.291,0.000,375,76215,2321,24153
3399,4.404,4.404,3.916,0.120,0.006,0.361,0,20.901,7.782,0.000,0,1496,0,0
3400,25.334,25.334,10.297,14.014,0.496,0.527,1,20.901,7.782,0.000,377,76143,2321,24153
3401,7.843,4.488,3.959,0.122,0.005,0.402,0,20.901,7.782,0.000,0,1520,0,0
3402,28.685,28.685,11.768,16.126,0.411,0.380,1,23.155,8.223,2.316,377,76239,2007,24153
3403,5.435,5.435,4.842,0.125,0.004,0.464,0,23.482,7.404,2.316,0,1520,0,0
3404,27.280,27.280,9.500,17.036,0.362,0.383,1,23.482,7.404,1.933,378,76239,2028,24153
3405,5.637,4.687,4.193,0.123,0.004,0.367,0,22.109,7.219,1.933,0,1520,0,0
3406,27.688,27.688,13.052,13.882,0.261,0.493,1,22.109,7.219,0.000,377,76239,2320,24153
3407,5.353,4.382,3.908,0.124,0.004,0.346,0,19.418,7.733,0.000,0,1520,0,0
3408,27.112,27.112,12.104,13.650,0.430,0.928,1,19.418,7.733,0.000,377,76239,2321,24153
3409,6.256,4.653,4.034,0.123,0.004,0.491,0,19.302,7.809,0.000,0,1520,0,0
3410,27.687,27.687,13.314,13.640,0.356,0.378,1,19.302,7.809,0.000,377,76239,2321,24153
3411,5.679,4.391,3.921,0.124,0.005,0.341,0,19.454,7.842,0.000,0,1520,0,0
3412,25.587,25.587,10.793,13.725,0.562,0.506,1,19.454,7.842,0.000,377,76239,2321,24153
3413,7.808,4.257,3.792,0.121,0.004,0.340,0,19.454,7.842,0.000,0,1520,0,0
3414,30.702,30.702,12.705,17.168,0.488,0.342,1,20.114,6.984,2.869,377,76239,1885,24153
3415,4.950,4.950,4.450,0.134,0.004,0.362,0,20.114,6.984,2.869,0,1520,0,0
3416,24.433,24.433,9.808,13.873,0.366,0.386,1,20.114,6.984,0.000,377,76239,2320,24153
3417,6.863,6.747,6.317,0.124,0.005,0.301,0,20.114,6.984,0.000,0,1520,0,0
3418,32.037,32.037,14.830,16.420,0.378,0.409,1,22.499,8.921,2.820,377,76239,2022,24153
3419,4.565,4.565,4.158,0.124,0.004,0.280,0,22.101,7.584,2.820,0,1520,0,0
3420,24.416,24.416,9.716,14.138,0.266,0.296,1,22.101,7.584,0.000,377,76239,2321,24153
3421,6.253,5.063,4.573,0.122,0.004,0.365,0,22.101,7.584,0.000,0,1520,0,0
3422,27.355,27.355,12.823,13.684,0.512,0.336,1,22.007,7.809,0.000,377,76239,2321,24153
3423,5.246,4.484,4.069,0.132,0.005,0.278,0,22.007,7.809,0.000,0,1520,0,0
3424,27.185,27.185,11.153,15.203,0.374,0.456,1,22.671,8.364,2.015,377,76239,2036,24153
3425,6.198,4.381,3.916,0.124,0.005,0.337,0,22.671,8.364,2.015,0,1520,0,0
3426,29.515,29.515,12.656,16.118,0.387,0.354,1,19.868,6.884,2.827,377,76239,1882,24153
3427,4.953,4.953,4.384,0.126,0.007,0.436,0,19.868,6.884,2.827,0,1520,0,0
3428,27.956,27.956,12.398,14.971,0.253,0.334,1,19.868,6.884,0.000,377,76239,2321,24153
3429,4.459,4.459,4.031,0.123,0.005,0.300,0,19.692,7.821,0.000,0,1520,0,0
3430,27.492,27.492,12.322,14.376,0.361,0.433,1,19.692,7.821,0.000,377,76239,2321,24153
3431,5.698,5.152,4.732,0.127,0.005,0.288,0,19.302,7.951,0.000,0,1520,0,0
3432,26.873,26.873,13.069,13.127,0.352,0.324,1,19.302,7.951,0.000,377,76239,2321,24153
3433,6.490,4.532,4.088,0.122,0.005,0.316,0,19.381,7.903,0.000,0,1520,0,0
3434,26.583,26.583,11.282,14.625,0.416,0.259,1,19.381,7.903,0.000,377,76239,2322,24153
3435,6.792,4.252,3.902,0.122,0.005,0.222,0,22.224,8.097,0.000,0,1520,0,0
3436,24.233,24.233,9.909,13.736,0.266,0.322,1,22.224,8.097,0.000,377,76239,2320,24153
3437,9.140,4.104,3.759,0.124,0.007,0.215,0,21.188,7.778,0.000,0,1520,0,0
3438,26.947,26.947,12.306,13.736,0.569,0.336,1,21.188,7.778,0.000,377,76239,2321,24153
3439,6.406,4.833,4.254,0.123,0.004,0.451,0,21.010,8.057,0.000,0,1520,0,0
3440,23.469,23.469,9.752,12.926,0.314,0.477,1,21.010,8.057,0.000,377,76239,2321,24153
3441,9.901,7.741,7.197,0.124,0.006,0.414,0,22.599,7.957,0.000,0,1520,0,0
3442,27.874,27.874,11.936,14.978,0.385,0.575,1,22.599,7.957,2.164,377,76239,2010,24153
3443,5.490,4.566,4.031,0.124,0.005,0.405,0,20.665,7.871,2.164,0,1520,0,0
3444,26.207,26.207,10.871,14.327,0.503,0.507,1,20.665,7.871,0.000,377,76239,2322,24153
3445,8.303,8.303,7.603,0.124,0.006,0.570,0,20.605,9.007,0.000,0,1520,0,0
3446,32.826,32.826,15.068,16.967,0.351,0.440,1,20.942,8.782,0.000,377,76239,2320,24153
3447,5.499,5.499,4.922,0.136,0.006,0.435,0,20.942,8.782,0.000,0,1520,0,0
3448,26.384,26.384,10.909,14.532,0.366,0.578,1,20.942,8.782,0.000,377,76239,2321,24153
3449,6.454,6.454,5.906,0.123,0.005,0.420,0,21.022,7.907,0.000,0,1520,0,0
3450,25.631,25.631,10.527,14.118,0.353,0.632,1,21.022,7.907,0.000,377,76239,2321,24153
3451,8.324,8.324,7.652,0.128,0.005,0.540,0,22.298,8.788,0.000,0,1520,0,0
3452,26.708,26.708,10.494,15.361,0.404,0.450,1,22.298,8.788,0.000,377,76239,2321,24153
3453,5.010,5.010,4.471,0.126,0.005,0.408,0,22.298,8.788,0.000,0,1520,0,0
3454,29.451,29.451,12.283,16.225,0.379,0.564,1,24.226,8.549,2.622,377,76239,2052,24153
3455,4.969,4.969,4.466,0.123,0.003,0.377,0,22.404,7.482,2.622,0,1520,0,0
3456,27.056,27.056,11.357,15.057,0.266,0.375,1,22.404,7.482,0.000,377,76239,2320,24153
3457,4.683,4.683,4.070,0.174,0.004,0.434,0,19.299,7.862,0.000,0,1520,1,0
3458,26.769,26.769,10.881,15.143,0.385,0.359,1,19.299,7.862,0.000,377,76239,2320,24153
3459,4.325,4.325,3.862,0.122,0.005,0.336,0,19.299,7.862,0.000,0,1520,0,0
3460,29.931,29.931,12.954,16.170,0.322,0.485,1,23.722,8.194,1.875,377,76239,2063,24153
3461,4.322,4.322,3.805,0.123,0.007,0.387,0,23.722,8.194,1.875,0,1520,0,0
3462,29.857,29.857,12.968,16.112,0.361,0.416,1,24.195,7.470,2.634,377,76239,1933,24153
3463,4.471,4.471,3.892,0.126,0.004,0.449,0,22.075,6.968,2.634,0,1528,0,0
3464,33.919,33.919,12.639,20.544,0.369,0.368,1,20.762,7.447,6.140,380,76231,2090,24153
3465,5.182,5.182,4.711,0.124,0.005,0.342,0,20.762,7.447,6.140,0,1512,0,0
3466,7.449,5.060,4.451,0.128,0.006,0.475,0,20.762,7.447,6.140,0,1512,0,0
3467,47.971,47.971,15.655,31.455,0.504,0.357,1,21.618,7.963,0.000,379,76231,2333,24153
3468,5.115,5.115,4.608,0.134,0.004,0.370,0,21.618,7.963,0.000,0,1512,0,0
3469,4.953,4.953,4.383,0.126,0.007,0.437,0,21.618,7.963,0.000,0,1512,0,0
3470,32.367,32.367,13.084,18.328,0.507,0.447,1,21.618,7.963,0.000,361,76231,3313,0
3471,4.870,4.870,4.333,0.126,0.008,0.403,0,21.618,7.963,0.000,0,1512,0,0
3472,4.828,4.828,4.212,0.125,0.004,0.487,0,21.618,7.963,0.000,0,1512,0,0
3473,36.180,36.180,18.536,16.837,0.390,0.418,1,29.319,13.333,1.424,379,76231,2141,24153
3474,4.332,4.332,3.856,0.126,0.004,0.346,0,21.978,7.284,1.424,0,1512,0,0
3475,24.677,24.677,10.431,13.423,0.333,0.491,1,21.978,7.284,0.000,379,76231,2332,24153
3476,4.861,4.861,4.392,0.127,0.005,0.338,0,21.978,7.284,0.000,0,1512,0,0
3477,28.324,28.324,14.009,13.433,0.521,0.361,1,23.475,7.837,0.000,380,76231,2335,24153
3478,5.233,5.233,4.690,0.129,0.006,0.408,0,23.475,7.837,0.000,0,1512,0,0
3479,39.182,39.182,21.090,17.355,0.403,0.333,1,19.624,6.753,2.437,379,76231,2046,24153
3480,4.318,4.318,3.869,0.123,0.004,0.321,0,19.624,6.753,2.437,0,1512,0,0
3481,4.624,4.624,4.063,0.124,0.003,0.434,0,19.624,6.753,2.437,0,1512,0,0
3482,27.344,27.344,11.988,14.696,0.320,0.341,1,19.624,6.753,0.000,379,76231,2333,24153
3483,5.285,5.285,4.802,0.130,0.006,0.346,0,19.624,6.753,0.000,0,1512,0,0
3484,38.551,38.551,16.262,21.296,0.521,0.472,1,25.195,7.678,0.000,379,76231,2333,24153
3485,5.429,5.429,4.910,0.127,0.005,0.387,0,21.108,8.103,0.000,0,1512,0,0
3486,7.118,7.118,6.588,0.124,0.004,0.402,0,21.108,8.103,0.000,0,1512,0,0
3487,30.120,30.120,15.237,13.088,1.204,0.590,1,21.108,8.103,0.000,379,76231,2332,24153
3488,4.577,4.577,4.038,0.125,0.007,0.407,0,21.108,8.103,0.000,0,1512,0,0
3489,46.118,46.118,16.978,28.325,0.383,0.433,1,24.719,6.276,3.188,379,76231,1832,24153
3490,4.602,4.602,3.932,0.125,0.005,0.540,0,24.719,6.276,3.188,0,1512,0,0
3491,7.860,7.860,7.360,0.124,0.004,0.372,0,24.719,6.276,3.188,0,1512,0,0
3492,4.931,4.542,4.053,0.131,0.004,0.355,0,24.719,6.276,3.188,0,1512,0,0
3493,29.039,29.039,13.428,14.570,0.496,0.544,1,24.719,6.276,0.000,379,76231,2333,24153
3494,7.494,7.494,6.982,0.131,0.005,0.375,0,24.719,6.276,0.000,0,1512,0,0
3495,35.486,35.486,15.542,19.148,0.369,0.427,1,21.634,8.196,0.000,379,76231,2333,24153
3496,4.524,4.524,3.913,0.124,0.005,0.481,0,21.634,8.196,0.000,0,1512,0,0
3497,6.869,3.829,3.350,0.122,0.016,0.342,0,21.634,8.196,0.000,0,1512,0,0
3498,31.974,31.974,11.128,19.975,0.488,0.384,1,21.634,8.196,0.000,379,76231,2333,24153
3499,6.333,6.333,5.858,0.127,0.006,0.343,0,28.432,8.020,0.000,0,1512,0,0
3500,30.396,30.396,12.185,17.539,0.368,0.304,1,28.432,8.020,2.066,380,76231,2053,24153
3501,4.621,4.621,4.078,0.124,0.005,0.413,0,22.779,8.125,2.066,0,1512,0,0
3502,34.839,34.839,20.306,13.807,0.381,0.345,1,22.399,7.782,0.000,379,76231,2332,24153
3503,5.799,5.799,5.360,0.129,0.005,0.305,0,22.399,7.782,0.000,0,1512,0,0
3504,4.848,4.848,4.310,0.126,0.006,0.406,0,22.399,7.782,0.000,0,1512,0,0
3505,56.337,56.337,12.228,42.218,1.543,0.347,1,20.825,8.794,0.000,379,76231,2333,24153
3506,6.077,6.077,5.664,0.126,0.005,0.282,0,20.825,8.794,0.000,0,1512,0,0
3507,5.546,5.546,5.110,0.124,0.004,0.307,0,20.825,8.794,0.000,0,1512,0,0
3508,4.840,4.840,4.494,0.124,0.003,0.219,0,20.825,8.794,0.000,0,1512,0,0
3509,27.958,27.958,15.438,11.181,1.073,0.265,1,20.825,8.794,0.000,361,76231,3313,0
3510,4.987,4.987,4.547,0.125,0.004,0.311,0,20.825,8.794,0.000,0,1512,0,0
3511,19.156,19.156,18.231,0.704,0.008,0.214,0,26.192,21.224,0.000,0,1512,0,0
3512,6.542,3.985,3.636,0.124,0.004,0.221,0,26.192,21.224,0.000,0,1512,0,0
3513,28.400,28.400,10.686,16.983,0.430,0.301,1,19.791,7.156,2.175,379,76231,2025,24153
3514,4.964,4.168,3.837,0.123,0.004,0.204,0,19.791,7.156,2.175,0,1512,0,0
3515,27.993,27.993,11.560,15.683,0.355,0.394,1,19.791,7.156,0.000,379,76231,2333,24153
3516,6.683,6.447,6.007,0.126,0.006,0.309,0,19.791,7.156,0.000,0,1512,0,0
3517,35.383,35.383,20.069,14.724,0.379,0.211,1,22.560,12.587,1.272,379,76231,2150,24153
3518,5.037,5.037,4.731,0.127,0.005,0.174,0,26.295,8.030,1.272,0,1512,0,0
3519,8.312,3.915,3.574,0.123,0.003,0.215,0,26.295,8.030,1.272,0,1512,0,0
3520,27.488,27.488,10.917,15.982,0.374,0.215,1,26.295,8.030,1.933,379,76231,2053,24153
3521,6.415,5.966,5.652,0.127,0.004,0.183,0,22.551,7.168,1.933,0,1512,0,0
3522,51.320,51.320,29.951,20.600,0.479,0.290,1,38.770,8.683,0.000,379,76231,2333,24153
3523,5.938,5.938,5.540,0.129,0.004,0.264,0,38.770,8.683,0.000,0,1512,0,0
3524,4.800,4.800,4.489,0.124,0.004,0.183,0,38.770,8.683,0.000,0,1512,0,0
3525,5.121,5.121,4.743,0.124,0.004,0.251,0,38.770,8.683,0.000,0,1512,0,0
3526,85.068,85.068,10.927,73.495,0.398,0.247,1,27.726,3.545,18.348,379,76231,1652,24153
3527,4.887,4.887,4.523,0.124,0.006,0.233,0,27.726,3.545,18.348,0,752,0,0
3528,3.431,3.431,3.044,0.116,0.003,0.269,0,27.726,3.545,18.348,0,752,0,0
3529,3.284,3.284,2.960,0.117,0.003,0.204,0,27.726,3.545,18.348,0,752,0,0
3530,3.899,3.899,3.589,0.117,0.003,0.190,0,27.726,3.545,18.348,0,752,0,0
3531,3.319,3.319,2.917,0.115,0.003,0.283,0,27.726,3.545,18.348,0,752,0,0
3532,30.527,30.527,17.752,12.236,0.304,0.235,1,27.726,3.545,0.000,355,75471,3251,0
3533,7.586,7.586,7.221,0.124,0.009,0.232,0,27.726,3.545,0.000,0,752,0,0
3534,16.226,16.226,15.769,0.127,0.010,0.320,0,27.726,3.545,0.000,0,752,0,0
3535,7.621,5.155,4.831,0.119,0.003,0.202,0,40.424,12.674,0.000,0,752,0,0
3536,31.578,31.578,9.035,21.980,0.335,0.229,1,40.424,12.674,3.111,373,75471,1824,24153
3537,4.264,4.264,3.874,0.122,0.004,0.263,0,27.587,6.033,3.111,0,752,0,0
3538,29.158,29.158,10.966,17.660,0.351,0.181,1,27.587,6.033,0.000,373,75471,2270,24153
3539,3.886,3.886,3.615,0.118,0.005,0.147,0,27.587,6.033,0.000,0,752,0,0
3540,25.934,25.934,11.796,13.589,0.335,0.214,1,21.674,7.872,0.000,373,75471,2270,24153
3541,5.478,5.478,5.164,0.119,0.005,0.190,0,21.674,7.872,0.000,0,752,0,0
3542,16.490,8.076,7.739,0.120,0.004,0.213,0,25.253,7.994,0.000,0,752,0,0
3543,58.650,58.650,21.631,36.139,0.519,0.361,1,25.253,7.994,3.235,374,75471,1939,24153
3544,5.218,5.218,4.873,0.123,0.006,0.216,0,25.253,7.994,3.235,0,752,0,0
3545,3.504,3.504,3.177,0.117,0.003,0.207,0,26.388,7.471,3.235,0,748,0,0
3546,6.784,6.784,6.289,0.137,0.003,0.354,0,26.388,7.471,3.235,0,748,0,0
3547,62.270,62.270,23.654,37.249,0.895,0.473,1,26.388,7.471,0.000,354,75467,3235,0
3548,5.551,5.551,5.134,0.122,0.004,0.291,0,26.388,7.471,0.000,0,748,0,0
3549,19.130,19.130,18.302,0.473,0.009,0.347,0,44.574,11.885,0.000,0,748,0,0
3550,6.097,6.097,5.683,0.120,0.005,0.288,0,44.574,11.885,0.000,0,748,0,0
3551,3.594,3.594,3.184,0.115,0.003,0.291,0,44.574,11.885,0.000,0,748,0,0
3552,3.446,3.446,2.973,0.116,0.003,0.354,0,44.574,11.885,0.000,0,748,0,0
3553,32.210,32.210,13.477,17.902,0.519,0.311,1,44.574,11.885,2.856,372,75467,1821,24153
3554,7.187,7.187,6.771,0.133,0.007,0.276,0,44.574,11.885,2.856,0,748,0,0
3555,4.063,4.063,3.614,0.123,0.007,0.319,0,44.574,11.885,2.856,0,748,0,0
3556,37.934,37.934,20.253,16.960,0.449,0.271,1,25.502,6.717,0.000,372,75467,2255,24153
3557,5.177,5.177,4.804,0.122,0.010,0.241,0,25.502,6.717,0.000,0,748,0,0
3558,6.141,3.630,3.253,0.116,0.004,0.257,0,25.616,8.378,0.000,0,748,0,0
3559,23.812,23.812,9.663,13.353,0.517,0.280,1,25.616,8.378,0.000,372,75467,2254,24153
3560,9.575,4.903,4.543,0.119,0.006,0.235,0,25.616,8.378,0.000,0,748,0,0
3561,16.644,8.280,7.788,0.120,0.006,0.366,0,28.635,7.859,0.000,0,748,0,0
3562,31.906,31.906,11.003,19.931,0.594,0.379,1,28.635,7.859,6.515,372,75467,1778,24153
3563,4.707,4.707,4.264,0.120,0.005,0.318,0,28.635,7.859,6.515,0,748,0,0
3564,32.603,32.603,14.513,17.285,0.377,0.428,1,19.918,6.239,3.846,372,75467,1798,24153
3565,3.906,3.906,3.486,0.117,0.004,0.298,0,19.918,6.239,3.846,0,748,0,0
3566,24.086,24.086,9.401,13.994,0.347,0.344,1,19.918,6.239,0.000,372,75467,2255,24153
3567,7.332,7.332,6.748,0.121,0.005,0.458,0,21.665,7.745,0.000,0,748,0,0
3568,30.333,30.333,16.210,13.308,0.466,0.348,1,21.665,7.745,0.000,372,75467,2255,24153
3569,4.746,4.746,4.308,0.121,0.005,0.312,0,22.606,8.087,0.000,0,748,0,0
3570,36.609,36.609,13.120,22.574,0.487,0.427,1,22.606,8.087,2.065,372,75467,1918,24153
3571,3.995,3.995,3.576,0.119,0.005,0.295,0,22.606,8.087,2.065,0,748,0,0
3572,3.437,3.437,3.055,0.116,0.004,0.263,0,22.606,8.087,2.065,0,748,0,0
3573,54.294,54.294,13.526,40.019,0.362,0.387,1,24.204,6.072,4.157,373,75467,1727,24153
3574,3.961,3.961,3.574,0.119,0.004,0.264,0,24.204,6.072,4.157,0,748,0,0
3575,3.324,3.324,2.946,0.115,0.003,0.260,0,24.204,6.072,4.157,0,748,0,0
3576,5.016,3.553,3.088,0.116,0.003,0.346,0,24.204,6.072,4.157,0,748,0,0
3577,25.158,25.158,13.004,11.366,0.478,0.310,1,24.204,6.072,0.000,354,75467,3235,0
3578,8.256,5.805,5.423,0.124,0.008,0.249,0,24.204,6.072,0.000,0,748,0,0
3579,37.269,37.269,20.033,16.618,0.357,0.262,1,24.047,16.405,2.793,372,75467,1863,24153
3580,4.438,4.438,4.147,0.119,0.004,0.167,0,21.404,7.263,2.793,0,748,0,0
3581,8.294,3.362,3.077,0.115,0.004,0.166,0,21.404,7.263,2.793,0,748,0,0
3582,24.587,24.587,9.689,14.172,0.456,0.269,1,21.404,7.263,0.000,372,75467,2255,24153
3583,8.790,3.759,3.418,0.119,0.005,0.217,0,21.594,7.881,0.000,0,748,0,0
3584,26.295,26.295,9.335,15.789,0.325,0.846,1,21.594,7.881,1.758,372,75467,2019,24153
3585,7.064,4.009,3.618,0.119,0.004,0.268,0,20.879,7.576,1.758,0,748,0,0
3586,27.767,27.767,13.827,13.241,0.457,0.243,1,20.879,7.576,0.000,372,75467,2255,24153
3587,5.603,4.053,3.692,0.118,0.007,0.236,0,20.879,7.576,0.000,0,748,0,0
3588,46.942,46.942,24.478,21.818,0.347,0.299,1,31.479,7.229,6.470,372,75467,1582,24153
3589,6.314,6.314,5.328,0.805,0.005,0.177,0,29.606,3.909,6.470,0,748,0,0
3590,3.922,3.922,3.636,0.118,0.003,0.164,0,29.606,3.909,6.470,0,748,0,0
3591,33.306,33.306,11.688,20.978,0.426,0.215,1,29.606,3.909,4.969,372,75467,1737,24153
3592,4.976,4.976,4.667,0.118,0.005,0.186,0,20.237,13.381,4.969,0,748,0,0
3593,4.815,4.815,4.526,0.121,0.003,0.164,0,20.237,13.381,4.969,0,748,0,0
3594,28.298,28.298,9.431,18.239,0.369,0.259,1,19.491,7.567,4.551,372,75467,1772,24153
3595,4.896,4.196,3.896,0.118,0.005,0.177,0,19.491,7.567,4.551,0,748,0,0
3596,45.932,45.932,12.900,32.484,0.361,0.186,1,19.491,7.567,1.724,372,75467,1927,24153
3597,5.747,5.747,5.382,0.120,0.006,0.239,0,21.256,6.656,1.724,0,748,0,0
3598,4.187,4.187,3.916,0.117,0.003,0.151,0,21.256,6.656,1.724,0,748,0,0
3599,22.478,22.478,9.829,11.907,0.517,0.225,1,21.256,6.656,0.000,354,75467,3235,0
3600,5.509,5.509,5.260,0.120,0.006,0.123,0,21.256,6.656,0.000,0,748,0,0
3601,17.619,16.971,16.730,0.119,0.005,0.117,0,27.346,16.290,0.000,0,748,0,0
3602,48.954,48.954,17.170,31.187,0.387,0.210,1,24.992,6.027,4.274,372,75467,1739,24153
3603,4.232,4.232,3.956,0.119,0.004,0.153,0,24.992,6.027,4.274,0,748,0,0
3604,3.215,3.215,2.943,0.116,0.004,0.152,0,24.992,6.027,4.274,0,748,0,0
3605,31.511,31.511,17.653,13.252,0.382,0.224,1,24.992,6.027,0.000,372,75467,2255,24153
3606,4.036,4.036,3.754,0.129,0.004,0.149,0,24.992,6.027,0.000,0,700,0,0
3607,6.771,3.425,3.065,0.113,0.003,0.245,0,30.897,8.609,0.000,0,724,0,0
3608,67.728,67.728,29.831,36.685,0.886,0.326,1,30.897,8.609,2.184,366,75443,1837,24153
3609,11.756,11.756,11.400,0.138,0.007,0.210,0,27.048,6.338,2.184,0,724,0,0
3610,3.516,3.516,3.195,0.114,0.004,0.204,0,27.048,6.338,2.184,0,724,0,0
3611,3.308,3.308,2.929,0.111,0.003,0.266,0,27.048,6.338,2.184,0,724,0,0
3612,3.142,3.142,2.824,0.111,0.003,0.204,0,27.048,6.338,2.184,0,724,0,0
3613,27.957,27.957,12.581,14.681,0.463,0.232,1,27.048,6.338,0.000,348,75443,3207,0
3614,6.176,6.176,5.778,0.117,0.006,0.274,0,27.048,6.338,0.000,0,724,0,0
3615,14.652,14.652,14.336,0.114,0.003,0.199,0,21.778,14.003,0.000,0,724,0,0
3616,24.802,24.802,11.448,12.740,0.403,0.211,1,21.778,14.003,0.000,348,75443,3205,0
3617,6.962,6.962,6.576,0.115,0.005,0.265,0,21.778,14.003,0.000,0,724,0,0
3618,13.553,8.660,8.329,0.115,0.010,0.205,0,21.778,14.003,0.000,0,724,0,0
3619,36.818,36.818,17.672,18.631,0.365,0.151,1,28.686,13.783,4.624,366,75443,1736,24153
3620,4.990,4.990,4.715,0.113,0.005,0.158,0,20.938,8.412,4.624,0,724,0,0
3621,8.198,3.941,3.709,0.114,0.003,0.115,0,20.938,8.412,4.624,0,724,0,0
3622,44.372,44.372,13.510,29.383,1.263,0.216,1,20.938,8.412,1.269,366,75443,2024,24153
3623,5.874,5.874,5.522,0.117,0.006,0.230,0,20.938,8.412,1.269,0,724,0,0
3624,4.831,4.831,4.032,0.112,0.003,0.684,0,28.268,7.176,1.269,0,724,0,0
3625,24.967,24.967,9.505,14.750,0.500,0.211,1,28.268,7.176,0.000,366,75443,2225,24153
3626,4.117,4.117,3.755,0.113,0.007,0.242,0,28.268,7.176,0.000,0,724,0,0
3627,15.960,11.915,11.589,0.116,0.006,0.205,0,32.424,7.965,0.000,0,724,0,0
3628,30.918,30.918,11.819,18.486,0.381,0.233,1,20.530,5.600,5.495,366,75443,1686,24153
3629,4.453,4.453,4.127,0.113,0.004,0.209,0,20.530,5.600,5.495,0,724,0,0
3630,24.233,24.233,10.057,13.673,0.318,0.185,1,20.530,5.600,0.000,366,75443,2225,24153
3631,7.116,3.940,3.674,0.113,0.004,0.149,0,20.530,5.600,0.000,0,724,0,0
3632,34.152,34.152,17.637,15.842,0.431,0.243,1,22.971,7.747,2.633,366,75443,1828,24153
3633,4.659,4.659,4.402,0.113,0.005,0.139,0,21.119,7.038,2.633,0,724,0,0
3634,24.513,24.513,11.029,13.081,0.245,0.157,1,21.119,7.038,0.000,366,75443,2224,24153
3635,5.094,5.094,4.763,0.123,0.007,0.202,0,21.119,7.038,0.000,0,724,0,0
3636,29.575,29.575,13.690,15.326,0.394,0.165,1,21.840,7.801,2.454,366,75443,1881,24153
3637,4.773,4.773,4.491,0.113,0.005,0.164,0,20.810,7.266,2.454,0,724,0,0
3638,23.421,23.421,10.179,12.675,0.311,0.256,1,20.810,7.266,0.000,366,75443,2225,24153
3639,7.298,4.846,4.604,0.116,0.005,0.121,0,20.810,7.266,0.000,0,724,0,0
3640,28.363,28.363,12.015,15.880,0.343,0.125,1,22.804,9.260,3.515,366,75443,1733,24153
3641,5.015,3.625,3.358,0.113,0.004,0.151,0,22.804,9.260,3.515,0,724,0,0
3642,28.229,28.229,10.969,16.791,0.329,0.141,1,23.302,7.646,4.171,366,75443,1725,24153
3643,5.490,3.998,3.748,0.112,0.004,0.132,0,24.870,5.949,4.171,0,724,0,0
3644,40.243,40.243,10.984,28.645,0.393,0.221,1,24.870,5.949,4.758,366,75443,1695,24153
3645,4.542,4.542,4.257,0.113,0.004,0.167,0,21.921,5.708,4.758,0,724,0,0
3646,4.888,3.360,3.110,0.112,0.003,0.135,0,21.921,5.708,4.758,0,724,0,0
3647,27.526,27.526,12.826,14.087,0.391,0.222,1,21.921,5.708,0.000,367,75443,2227,24153
3648,6.309,5.914,5.615,0.119,0.008,0.173,0,19.199,8.074,0.000,0,724,0,0
3649,25.458,25.458,9.719,15.283,0.261,0.193,1,19.199,8.074,0.000,366,75443,2225,24153
3650,7.440,5.389,5.094,0.117,0.003,0.174,0,19.199,8.074,0.000,0,724,0,0
3651,26.841,26.841,12.524,13.554,0.523,0.240,1,19.650,7.525,0.000,366,75443,2225,24153
3652,6.522,6.183,5.898,0.118,0.005,0.162,0,19.650,7.525,0.000,0,724,0,0
3653,52.974,52.974,21.522,30.825,0.353,0.274,1,18.984,6.344,2.105,366,75443,1878,24153
3654,4.888,4.888,4.583,0.117,0.005,0.183,0,18.984,6.344,2.105,0,724,0,0
3655,4.046,4.046,3.740,0.113,0.004,0.190,0,18.984,6.344,2.105,0,724,0,0
3656,4.834,4.404,4.003,0.117,0.007,0.277,0,18.984,6.344,2.105,0,724,0,0
3657,38.040,38.040,20.208,17.029,0.548,0.255,1,18.984,6.344,0.000,348,75443,3206,0
3658,4.096,4.096,3.718,0.113,0.006,0.259,0,18.984,6.344,0.000,0,724,0,0
3659,7.927,3.675,3.323,0.112,0.003,0.237,0,26.245,12.765,0.000,0,724,0,0
3660,25.035,25.035,11.168,13.196,0.474,0.196,1,26.245,12.765,0.000,366,75443,2224,24153
3661,8.311,4.766,4.494,0.114,0.004,0.154,0,20.620,8.150,0.000,0,724,0,0
3662,22.772,22.772,9.052,12.935,0.424,0.361,1,20.620,8.150,0.000,366,75443,2225,24153
3663,11.727,11.727,11.394,0.118,0.007,0.209,0,20.620,8.150,0.000,0,724,0,0
3664,31.063,31.063,14.422,15.902,0.503,0.237,1,28.027,8.552,3.460,366,75443,1767,24153
3665,6.082,6.082,5.675,0.116,0.004,0.287,0,28.027,8.552,3.460,0,724,0,0
3666,42.320,42.320,14.334,27.346,0.393,0.246,1,19.835,4.451,4.996,366,75443,1652,24153
3667,4.416,4.416,4.094,0.114,0.004,0.203,0,19.835,4.451,4.996,0,724,0,0
3668,3.995,3.995,3.558,0.113,0.004,0.320,0,19.835,4.451,4.996,0,728,0,0
3669,24.432,24.432,9.258,14.609,0.295,0.270,1,19.835,4.451,0.000,368,75447,2242,24153
3670,3.928,3.928,3.586,0.113,0.004,0.224,0,19.835,4.451,0.000,0,728,0,0
3671,34.306,34.306,17.184,16.306,0.487,0.330,1,21.056,7.880,0.000,367,75447,2239,24153
3672,14.869,14.869,14.481,0.118,0.007,0.263,0,22.978,13.535,0.000,0,728,0,0
3673,4.337,4.337,3.974,0.118,0.008,0.237,0,22.978,13.535,0.000,0,728,0,0
3674,29.550,29.550,11.290,17.432,0.526,0.302,1,22.978,13.535,1.784,367,75447,1995,24153
3675,5.016,5.016,4.713,0.116,0.005,0.181,0,22.978,13.535,1.784,0,728,0,0
3676,26.536,26.536,10.898,15.075,0.386,0.177,1,20.128,7.926,0.000,367,75447,2240,24153
3677,4.436,4.436,4.152,0.116,0.004,0.163,0,20.128,7.926,0.000,0,728,0,0
3678,44.931,44.931,13.790,30.456,0.514,0.171,1,21.116,8.457,0.000,367,75447,2240,24153
3679,5.300,5.300,5.061,0.117,0.004,0.118,0,21.116,8.457,0.000,0,728,0,0
3680,4.719,4.719,4.428,0.118,0.007,0.166,0,21.116,8.457,0.000,0,728,0,0
3681,37.469,37.469,14.636,22.168,0.534,0.130,1,26.496,8.441,0.000,367,75447,2240,24153
3682,4.526,4.526,4.261,0.113,0.005,0.146,0,18.985,7.741,0.000,0,728,0,0
3683,5.370,5.370,4.864,0.112,0.003,0.391,0,18.985,7.741,0.000,0,728,0,0
3684,26.296,26.296,11.340,14.089,0.465,0.402,1,18.985,7.741,0.000,349,75447,3220,0
3685,6.146,6.146,5.661,0.116,0.005,0.364,0,18.985,7.741,0.000,0,728,0,0
3686,12.532,10.471,9.853,0.113,0.004,0.500,0,20.245,12.691,0.000,0,752,0,0
3687,25.338,25.338,11.275,13.188,0.450,0.425,1,20.245,12.691,0.000,368,75495,2255,24153
3688,8.051,7.195,6.688,0.116,0.006,0.385,0,20.245,12.691,0.000,0,800,0,0
3689,33.111,33.111,15.412,16.666,0.478,0.555,1,25.948,7.714,3.539,368,75543,1750,24153
3690,4.252,4.252,3.726,0.116,0.007,0.403,0,25.948,7.714,3.539,0,848,0,0
3691,58.000,58.000,14.387,42.767,0.406,0.439,1,20.469,4.218,6.045,368,75591,1681,24153
3692,5.196,5.196,4.582,0.117,0.005,0.492,0,20.469,4.218,6.045,0,896,0,0
3693,3.589,3.589,3.106,0.112,0.004,0.367,0,20.469,4.218,6.045,0,920,0,0
3694,3.526,3.526,3.031,0.127,0.004,0.365,0,20.469,4.218,6.045,0,944,0,0
3695,29.314,29.314,13.481,14.727,0.544,0.562,1,20.469,4.218,0.000,351,75683,3239,0
3696,6.295,6.295,5.817,0.120,0.006,0.352,0,20.469,4.218,0.000,0,964,0,0
3697,6.857,5.525,5.069,0.116,0.004,0.335,0,23.070,13.011,0.000,0,964,0,0
3698,29.722,29.722,9.789,18.371,1.057,0.505,1,23.070,13.011,1.286,369,75683,2072,24153
3699,4.359,4.359,3.909,0.115,0.005,0.331,0,23.070,13.011,1.286,0,964,0,0
3700,39.652,39.652,15.614,23.274,0.342,0.421,1,19.813,7.599,3.186,369,75683,1757,24153
3701,5.341,5.341,4.870,0.121,0.008,0.343,0,19.813,7.599,3.186,0,964,0,0
3702,4.341,3.614,3.189,0.115,0.003,0.307,0,19.813,7.599,3.186,0,964,0,0
3703,53.756,53.756,12.488,40.466,0.356,0.445,1,25.228,8.017,0.000,369,75683,2259,24153
3704,4.754,4.754,4.291,0.120,0.007,0.335,0,25.228,8.017,0.000,0,964,0,0
3705,4.241,4.241,3.815,0.116,0.003,0.306,0,25.228,8.017,0.000,0,964,0,0
3706,6.179,6.179,5.598,0.113,0.004,0.464,0,25.228,8.017,0.000,0,964,0,0
3707,28.996,28.996,9.850,18.406,0.393,0.346,1,25.228,8.017,0.000,351,75683,3240,0
3708,3.993,3.993,3.563,0.115,0.009,0.306,0,25.228,8.017,0.000,0,964,0,0
3709,45.826,45.826,22.437,22.326,0.617,0.446,1,23.886,18.945,1.149,369,75683,2097,24153
3710,3.980,3.980,3.556,0.116,0.005,0.303,0,23.886,18.945,1.149,0,964,0,0
3711,7.145,7.145,6.729,0.116,0.005,0.296,0,23.464,12.690,1.149,0,964,0,0
3712,7.969,4.858,4.370,0.114,0.003,0.371,0,23.464,12.690,1.149,0,964,0,0
3713,31.939,31.939,12.076,19.212,0.358,0.292,1,23.464,12.690,0.000,369,75683,2259,24153
3714,6.384,6.384,5.934,0.117,0.005,0.328,0,19.144,7.922,0.000,0,964,0,0
3715,25.752,25.752,11.549,13.407,0.301,0.495,1,19.144,7.922,0.000,369,75683,2258,24153
3716,7.039,7.039,6.607,0.120,0.005,0.307,0,19.056,7.802,0.000,0,964,0,0
3717,25.743,25.743,11.194,13.744,0.471,0.333,1,19.056,7.802,0.000,369,75683,2259,24153
3718,7.232,7.232,6.662,0.131,0.006,0.432,0,19.982,8.112,0.000,0,964,0,0
3719,40.067,40.067,9.783,29.562,0.365,0.356,1,19.982,8.112,0.000,369,75679,2257,24153
3720,4.090,4.090,3.631,0.115,0.004,0.340,0,23.543,8.356,0.000,0,960,0,0
3721,4.539,4.539,3.984,0.117,0.003,0.435,0,23.543,8.356,0.000,0,1336,0,0
3722,31.575,31.575,11.945,18.708,0.558,0.364,1,23.543,8.356,0.000,373,76055,2297,24153
3723,4.633,4.633,4.191,0.120,0.008,0.314,0,25.185,7.964,0.000,0,1336,0,0
3724,25.179,25.179,9.326,15.032,0.317,0.504,1,25.185,7.964,0.000,373,76055,2297,24153
3725,4.123,4.123,3.685,0.119,0.004,0.314,0,25.185,7.964,0.000,0,1336,0,0
3726,37.440,37.440,15.543,21.157,0.387,0.352,1,22.586,8.142,0.000,373,76055,2296,24153
3727,4.473,4.473,3.907,0.119,0.005,0.442,0,22.586,8.142,0.000,0,1336,0,0
3728,10.037,7.325,6.898,0.117,0.003,0.306,0,22.586,8.142,0.000,0,1336,0,0
3729,32.033,32.033,13.520,17.497,0.542,0.474,1,24.541,16.085,1.858,373,76055,2017,24153
3730,6.996,6.996,6.386,0.121,0.005,0.484,0,21.178,7.137,1.858,0,1336,0,0
3731,7.699,5.718,5.249,0.119,0.004,0.346,0,21.178,7.137,1.858,0,1336,0,0
3732,25.298,25.298,10.304,13.969,0.589,0.436,1,21.178,7.137,0.000,374,76055,2299,24153
3733,8.120,5.442,4.126,0.122,0.006,1.188,0,21.178,7.137,0.000,0,1336,0,0
3734,34.666,34.666,14.962,18.954,0.379,0.370,1,26.152,8.076,3.396,373,76055,1796,24153
3735,6.090,6.090,5.637,0.121,0.004,0.328,0,21.484,7.427,3.396,0,1336,0,0
3736,34.504,34.504,20.615,13.120,0.328,0.440,1,24.852,8.061,0.000,373,76055,2297,24153
3737,7.875,7.875,7.433,0.126,0.004,0.311,0,24.852,8.061,0.000,0,1336,0,0
3738,5.525,5.525,5.105,0.118,0.004,0.298,0,24.852,8.061,0.000,0,1336,0,0
3739,41.904,41.904,13.435,27.581,0.445,0.443,1,21.144,6.477,3.820,373,76055,1793,24153
3740,5.174,5.174,4.749,0.122,0.005,0.299,0,21.144,6.477,3.820,0,1336,0,0
3741,4.566,4.566,4.136,0.123,0.006,0.301,0,21.144,6.477,3.820,0,1336,0,0
3742,57.605,57.605,22.437,34.409,0.433,0.325,1,36.860,8.583,0.000,376,76067,2368,24153
3743,5.240,5.240,4.920,0.123,0.004,0.193,0,36.860,8.583,0.000,0,1348,0,0
3744,5.236,5.236,4.873,0.121,0.003,0.240,0,36.860,8.583,0.000,0,1348,0,0
3745,3.920,3.920,3.477,0.121,0.003,0.319,0,36.860,8.583,0.000,0,1348,0,0
3746,4.552,3.565,3.197,0.121,0.003,0.244,0,36.860,8.583,0.000,0,1348,0,0
3747,38.348,38.348,12.880,24.746,0.439,0.283,1,36.860,8.583,0.000,376,76067,2354,24153
3748,6.084,6.084,5.644,0.124,0.004,0.312,0,20.585,8.174,0.000,0,1348,0,0
3749,5.617,4.622,4.260,0.128,0.007,0.227,0,20.585,8.174,0.000,0,1348,0,0
3750,34.679,34.679,14.338,19.610,0.487,0.245,1,20.585,8.174,0.000,358,76067,3334,0
3751,5.695,5.695,5.314,0.124,0.005,0.253,0,24.380,12.411,0.000,0,1348,0,0
3752,33.281,33.281,21.585,11.139,0.333,0.225,1,24.380,12.411,0.000,358,76067,3335,0
3753,5.761,5.761,5.373,0.137,0.014,0.236,0,24.380,12.411,0.000,0,1348,0,0
3754,5.469,5.457,5.063,0.123,0.005,0.266,0,24.380,12.411,0.000,0,1348,0,0
3755,15.220,10.846,10.497,0.129,0.008,0.212,0,32.771,21.375,0.000,0,1348,0,0
3756,31.663,31.663,11.916,19.103,0.417,0.227,1,20.648,5.231,5.131,376,76067,1804,24153
3757,4.757,4.757,4.380,0.124,0.005,0.248,0,20.648,5.231,5.131,0,1348,0,0
3758,27.052,27.052,13.019,13.524,0.301,0.209,1,20.648,5.231,0.000,377,76539,2368,24153
3759,4.782,4.782,4.429,0.125,0.004,0.224,0,20.648,5.231,0.000,0,1820,0,0
3760,41.295,41.295,24.383,16.173,0.376,0.363,1,29.122,6.070,3.098,377,76539,1862,24153
3761,4.324,4.324,3.970,0.124,0.004,0.227,0,29.122,6.070,3.098,0,1820,0,0
3762,4.618,4.618,4.262,0.126,0.005,0.225,0,29.122,6.070,3.098,0,1820,0,0
3763,29.677,29.677,11.785,17.090,0.461,0.341,1,29.122,6.070,3.669,377,76539,1896,24153
3764,6.419,6.419,6.055,0.132,0.006,0.225,0,24.492,6.828,3.669,0,1820,0,0
3765,29.586,29.586,10.248,18.551,0.494,0.293,1,24.492,6.828,1.874,377,76539,2086,24153
3766,11.793,11.793,11.359,0.128,0.005,0.301,0,28.362,7.258,1.874,0,1820,0,0
3767,6.129,6.129,5.722,0.135,0.007,0.266,0,28.362,7.258,1.874,0,1820,0,0
3768,81.282,81.282,15.423,65.248,0.341,0.270,1,28.362,7.258,2.405,377,76539,1928,24153
3769,4.617,4.617,4.158,0.123,0.004,0.332,0,24.582,6.307,2.405,0,1820,0,0
3770,4.546,4.546,4.138,0.154,0.004,0.250,0,24.582,6.307,2.405,0,1820,1,0
3771,7.534,7.534,7.103,0.126,0.007,0.298,0,24.582,6.307,2.405,0,1820,0,0
3772,6.038,6.038,5.585,0.124,0.014,0.315,0,24.582,6.307,2.405,0,1820,0,0
3773,5.169,5.169,4.807,0.122,0.003,0.236,0,24.582,6.307,2.405,0,1820,0,0
3774,50.183,50.183,31.478,17.205,1.218,0.281,1,20.927,13.509,0.000,359,76539,3342,0
3775,6.577,6.577,6.071,0.127,0.005,0.374,0,20.927,13.509,0.000,0,1820,0,0
3776,4.956,4.956,4.511,0.143,0.008,0.294,0,20.927,13.509,0.000,0,1820,0,0
3777,4.578,4.578,4.185,0.122,0.004,0.266,0,20.927,13.509,0.000,0,1820,0,0
3778,6.124,3.978,3.506,0.123,0.003,0.346,0,20.927,13.509,0.000,0,1820,0,0
3779,26.214,26.214,12.116,12.707,1.079,0.313,1,20.927,13.509,0.000,359,76539,3342,0
3780,7.192,6.215,5.816,0.128,0.007,0.265,0,20.927,13.509,0.000,0,1820,0,0
3781,33.032,33.032,16.447,15.720,0.468,0.397,1,22.586,12.752,0.000,359,76539,3342,0
3782,17.944,17.944,17.522,0.132,0.008,0.284,0,23.685,12.979,0.000,0,1820,0,0
3783,5.061,5.061,4.699,0.117,0.003,0.242,0,23.685,12.979,0.000,0,740,0,0
3784,25.459,25.459,13.164,11.336,0.556,0.404,1,23.685,12.979,0.000,353,75459,3280,0
3785,5.179,5.179,4.797,0.120,0.007,0.254,0,23.685,12.979,0.000,0,740,0,0
3786,13.408,12.094,11.690,0.121,0.006,0.278,0,23.685,12.979,0.000,0,740,0,0
3787,16.661,8.261,7.827,0.119,0.005,0.310,0,36.197,21.112,0.000,0,740,0,0
3788,36.461,36.461,11.507,24.287,0.380,0.287,1,21.804,3.564,6.022,370,75459,1624,24153
3789,4.519,4.519,4.099,0.121,0.007,0.292,0,21.804,3.564,6.022,0,740,0,0
3790,31.001,31.001,11.759,18.323,0.445,0.475,1,21.804,3.564,0.000,370,75459,2297,24153
3791,4.035,4.035,3.580,0.119,0.005,0.331,0,20.904,8.424,0.000,0,740,0,0
3792,7.405,4.868,4.292,0.121,0.007,0.448,0,20.904,8.424,0.000,0,740,0,0
3793,29.195,29.195,12.154,16.023,0.526,0.491,1,20.904,8.424,0.000,370,75459,2297,24153
3794,5.337,5.337,4.899,0.118,0.004,0.315,0,21.436,7.755,0.000,0,740,0,0
3795,41.617,41.617,11.100,29.756,0.401,0.359,1,21.436,7.755,0.000,371,75459,2299,24153
3796,4.642,4.642,3.526,0.117,0.004,0.994,0,21.754,7.450,0.000,0,740,0,0
3797,4.615,4.615,4.169,0.126,0.004,0.316,0,21.754,7.450,0.000,0,740,0,0
3798,21.998,21.998,9.319,12.079,0.274,0.325,1,21.754,7.450,0.000,352,75459,3277,0
3799,12.169,12.169,11.663,0.120,0.006,0.379,0,21.754,7.450,0.000,0,740,0,0
3800,13.892,8.478,8.057,0.121,0.004,0.297,0,25.297,12.225,0.000,0,740,0,0
3801,27.225,27.225,10.764,15.664,0.372,0.424,1,25.297,12.225,2.255,369,75455,1951,24153
3802,6.143,4.528,4.077,0.118,0.005,0.328,0,21.705,7.122,2.255,0,736,0,0
3803,23.641,23.641,9.474,13.520,0.270,0.377,1,21.705,7.122,0.000,369,75455,2281,24153
3804,9.719,3.972,3.470,0.117,0.004,0.382,0,21.378,7.793,0.000,0,736,0,0
3805,36.061,36.061,11.602,23.575,0.473,0.411,1,21.378,7.793,0.000,369,75455,2282,24153
3806,4.893,4.893,4.381,0.118,0.004,0.390,0,20.757,7.571,0.000,0,736,0,0
3807,31.060,31.060,9.662,20.354,0.403,0.642,1,20.757,7.571,0.000,369,75455,2282,24153
3808,4.226,4.226,3.621,0.119,0.007,0.479,0,20.757,7.571,0.000,0,736,0,0
3809,9.300,9.300,8.682,0.130,0.009,0.479,0,20.757,7.571,0.000,0,736,0,0
3810,30.762,30.762,10.750,18.834,0.506,0.672,1,35.141,7.631,4.994,369,75455,1732,24153
3811,8.156,8.156,7.564,0.126,0.009,0.458,0,35.141,7.631,4.994,0,736,0,0
3812,39.121,39.121,11.424,26.794,0.473,0.430,1,24.849,4.865,5.493,369,75455,1699,24153
3813,10.818,10.818,10.156,0.120,0.006,0.537,0,24.849,4.865,5.493,0,736,0,0
3814,3.952,3.952,3.440,0.118,0.005,0.389,0,24.849,4.865,5.493,0,736,0,0
3815,6.036,4.980,3.823,0.115,0.004,1.038,0,24.849,4.865,5.493,0,736,0,0
3816,48.412,48.412,10.646,36.840,0.413,0.513,1,24.849,4.865,1.390,369,75455,2057,24153
3817,3.814,3.814,3.327,0.116,0.004,0.366,0,24.849,4.865,1.390,0,736,0,0
3818,6.291,6.291,5.800,0.117,0.004,0.371,0,24.849,4.865,1.390,0,736,0,0
3819,7.362,3.892,3.199,0.115,0.003,0.574,0,29.265,7.133,1.390,0,736,0,0
3820,51.777,51.777,9.752,41.218,0.394,0.414,1,18.907,7.296,0.000,369,75455,2282,24153
3821,4.290,4.290,3.784,0.117,0.006,0.383,0,18.907,7.296,0.000,0,736,0,0
3822,4.251,4.251,3.158,0.637,0.005,0.452,0,18.907,7.296,0.000,0,736,0,0
3823,6.412,3.581,3.134,0.114,0.003,0.329,0,18.907,7.296,0.000,0,736,0,0
3824,32.000,32.000,11.585,19.599,0.441,0.376,1,18.907,7.296,0.000,351,75455,3262,0
3825,4.235,4.235,3.664,0.119,0.003,0.449,0,18.907,7.296,0.000,0,736,0,0
3826,47.800,47.800,23.749,23.331,0.359,0.360,1,22.160,13.568,0.000,351,75455,3263,0
3827,5.125,5.125,4.602,0.120,0.008,0.396,0,22.160,13.568,0.000,0,736,0,0
3828,7.771,7.771,7.215,0.116,0.004,0.436,0,22.160,13.568,0.000,0,736,0,0
3829,8.085,8.085,7.635,0.120,0.006,0.323,0,29.254,12.052,0.000,0,736,0,0
3830,24.292,24.292,10.197,13.261,0.479,0.355,1,29.254,12.052,0.000,369,75455,2281,24153
3831,5.173,5.173,4.621,0.120,0.007,0.425,0,29.254,12.052,0.000,0,736,0,0
3832,39.753,39.753,20.582,18.246,0.566,0.358,1,28.294,8.554,2.117,369,75455,1951,24153
3833,5.171,5.171,4.727,0.123,0.006,0.315,0,28.294,8.554,2.117,0,736,0,0
3834,4.106,3.623,3.102,0.116,0.003,0.401,0,28.294,8.554,2.117,0,736,0,0
3835,39.964,39.964,20.273,18.941,0.388,0.362,1,29.811,7.772,4.189,369,75455,1808,24153
3836,7.500,7.500,6.958,0.124,0.008,0.410,0,22.038,6.137,4.189,0,736,0,0
3837,5.509,5.509,4.986,0.116,0.004,0.403,0,22.038,6.137,4.189,0,736,0,0
3838,32.644,32.644,17.853,13.957,0.503,0.331,1,22.038,6.137,0.000,369,75455,2282,24153
3839,8.621,8.621,8.175,0.124,0.007,0.316,0,23.523,7.943,0.000,0,736,0,0
3840,5.868,4.332,3.821,0.116,0.004,0.391,0,23.523,7.943,0.000,0,736,0,0
3841,25.626,25.626,9.837,14.993,0.460,0.336,1,23.523,7.943,0.000,369,75455,2282,24153
3842,7.743,4.057,3.613,0.117,0.007,0.320,0,23.523,7.943,0.000,0,736,0,0
3843,37.447,37.447,17.551,19.139,0.320,0.437,1,21.190,5.893,4.633,369,75455,1744,24153
3844,4.067,4.067,3.651,0.118,0.005,0.293,0,21.190,5.893,4.633,0,736,0,0
3845,38.291,38.291,11.052,26.585,0.341,0.313,1,21.190,5.893,0.000,369,75455,2282,24153
3846,6.336,6.336,5.831,0.118,0.006,0.380,0,21.994,8.490,0.000,0,736,0,0
3847,3.353,3.353,2.974,0.115,0.003,0.260,0,21.994,8.490,0.000,0,736,0,0
3848,37.598,37.598,10.845,26.133,0.343,0.277,1,21.994,8.490,0.000,370,75455,2284,24153
3849,6.642,6.642,6.164,0.118,0.005,0.354,0,21.994,8.490,0.000,0,736,0,0
3850,3.475,3.475,3.105,0.115,0.003,0.252,0,21.994,8.490,0.000,0,736,0,0
3851,46.829,46.829,21.590,24.551,0.338,0.351,1,30.422,8.488,0.000,369,75455,2282,24153
3852,6.044,6.044,5.469,0.119,0.005,0.451,0,24.816,7.571,0.000,0,736,0,0
3853,3.474,3.474,3.027,0.130,0.004,0.313,0,24.816,7.571,0.000,0,736,0,0
3854,6.635,3.253,2.824,0.115,0.003,0.311,0,24.816,7.571,0.000,0,736,0,0
3855,22.905,22.905,9.958,11.888,0.587,0.472,1,24.816,7.571,0.000,351,75455,3262,0
3856,10.573,4.329,3.886,0.121,0.004,0.318,0,24.816,7.571,0.000,0,736,0,0
3857,16.608,8.175,7.700,0.120,0.006,0.349,0,24.816,7.571,0.000,0,736,0,0
3858,16.649,9.256,8.693,0.124,0.006,0.435,0,41.493,12.409,0.000,0,736,0,0
3859,47.628,47.628,10.258,36.583,0.414,0.373,1,23.739,2.800,7.919,369,75455,1600,24153
3860,5.856,5.856,5.414,0.122,0.008,0.313,0,23.739,2.800,7.919,0,736,0,0
3861,3.491,3.491,3.003,0.114,0.004,0.370,0,23.739,2.800,7.919,0,736,0,0
3862,24.798,24.798,11.881,12.108,0.475,0.334,1,23.739,2.800,0.000,352,75455,3264,0
3863,5.883,5.883,5.474,0.119,0.005,0.286,0,23.739,2.800,0.000,0,736,0,0
3864,12.438,8.929,8.395,0.128,0.008,0.398,0,23.070,12.950,0.000,0,736,0,0
3865,27.237,27.237,9.966,16.611,0.393,0.266,1,23.070,12.950,2.623,369,75455,2003,24153
3866,6.127,5.518,5.167,0.127,0.006,0.218,0,21.556,7.419,2.623,0,736,0,0
3867,25.133,25.133,11.130,13.384,0.368,0.251,1,21.556,7.419,0.000,369,75455,2282,24153
3868,8.242,4.669,4.411,0.116,0.004,0.138,0,21.195,8.415,0.000,0,736,0,0
3869,26.376,26.376,10.968,14.726,0.525,0.157,1,21.195,8.415,0.000,369,75455,2281,24153
3870,6.991,4.254,3.952,0.118,0.006,0.179,0,20.005,8.696,0.000,0,736,0,0
3871,23.256,23.256,9.703,13.072,0.324,0.158,1,20.005,8.696,0.000,369,75455,2282,24153
3872,10.104,4.693,4.449,0.119,0.003,0.123,0,20.588,7.791,0.000,0,736,0,0
3873,25.096,25.096,9.777,14.569,0.551,0.199,1,20.588,7.791,0.000,369,75455,2283,24153
3874,8.288,3.779,3.547,0.116,0.005,0.111,0,22.226,8.178,0.000,0,736,0,0
3875,30.512,30.512,13.643,16.224,0.509,0.136,1,22.226,8.178,1.801,369,75455,1973,24153
3876,4.002,4.002,3.747,0.119,0.004,0.132,0,22.226,8.178,1.801,0,736,0,0
3877,43.117,43.117,18.967,23.580,0.422,0.147,1,24.107,14.910,3.819,369,75455,1751,24153
3878,10.953,10.953,10.675,0.129,0.007,0.141,0,21.536,7.779,3.819,0,736,0,0
3879,4.600,4.600,4.321,0.116,0.004,0.159,0,21.536,7.779,3.819,0,736,0,0
3880,6.896,4.525,4.268,0.116,0.004,0.138,0,21.536,7.779,3.819,0,736,0,0
3881,41.264,41.264,10.810,29.889,0.396,0.171,1,21.536,7.779,1.955,369,75455,1969,24153
3882,4.952,4.952,4.636,0.116,0.004,0.196,0,20.748,7.383,1.955,0,736,0,0
3883,4.062,4.062,3.817,0.115,0.003,0.127,0,20.748,7.383,1.955,0,736,0,0
3884,32.287,32.287,19.662,12.140,0.324,0.161,1,20.748,7.383,0.000,369,75455,2282,24153
3885,4.877,4.877,4.564,0.124,0.004,0.183,0,27.852,7.873,0.000,0,736,0,0
3886,30.276,30.276,11.423,18.305,0.367,0.182,1,20.374,6.404,4.418,369,75455,1777,24153
3887,4.416,4.416,4.146,0.125,0.005,0.140,0,20.374,6.404,4.418,0,736,0,0
3888,28.427,28.427,15.246,12.485,0.495,0.201,1,20.374,6.404,0.000,369,75455,2282,24153
3889,3.680,3.680,3.346,0.117,0.004,0.213,0,20.374,6.404,0.000,0,736,0,0
3890,12.594,7.435,7.208,0.117,0.004,0.106,0,29.707,7.386,0.000,0,736,0,0
3891,30.333,30.333,10.778,18.999,0.397,0.159,1,20.053,4.283,5.721,369,75455,1655,24153
3892,6.295,6.295,5.753,0.433,0.004,0.105,0,20.053,4.283,5.721,0,736,0,0
3893,26.078,26.078,12.378,13.298,0.290,0.112,1,20.053,4.283,0.000,369,75455,2281,24153
3894,4.158,4.158,3.892,0.124,0.006,0.136,0,20.053,4.283,0.000,0,736,0,0
3895,60.820,60.820,20.155,40.241,0.307,0.118,1,22.749,7.624,2.407,370,76055,1849,24153
3896,9.075,9.075,8.851,0.123,0.007,0.094,0,29.870,6.285,2.407,0,736,0,0
3897,4.053,4.053,3.699,0.117,0.004,0.233,0,29.870,6.285,2.407,0,736,0,0
3898,3.378,3.378,3.125,0.115,0.004,0.134,0,29.870,6.285,2.407,0,736,0,0
3899,5.972,3.376,3.080,0.115,0.003,0.178,0,29.870,6.285,2.407,0,736,0,0
3900,41.176,41.176,27.309,13.346,0.310,0.211,1,29.870,6.285,0.000,371,76055,2307,24153
3901,5.310,5.310,5.063,0.119,0.004,0.123,0,30.088,7.537,0.000,0,736,0,0
3902,3.920,3.920,3.652,0.118,0.004,0.147,0,30.088,7.537,0.000,0,736,0,0
3903,29.476,29.476,14.018,14.761,0.547,0.151,1,30.088,7.537,0.000,370,76055,2305,24153
3904,4.836,4.836,4.610,0.117,0.005,0.104,0,30.088,7.537,0.000,0,736,0,0
3905,23.783,23.783,9.987,13.337,0.319,0.141,1,21.329,8.692,0.000,370,76055,2304,24153
3906,8.274,4.409,4.199,0.119,0.004,0.086,0,20.728,8.118,0.000,0,736,0,0
3907,23.218,23.218,9.404,13.155,0.537,0.122,1,20.728,8.118,0.000,370,76055,2305,24153
3908,10.162,4.681,4.445,0.119,0.005,0.112,0,21.109,8.130,0.000,0,736,0,0
3909,23.912,23.912,10.220,13.036,0.545,0.111,1,21.109,8.130,0.000,370,76055,2305,24153
3910,9.462,4.634,4.425,0.117,0.004,0.088,0,21.494,8.644,0.000,0,736,0,0
3911,31.271,31.271,15.406,15.241,0.466,0.158,1,21.494,8.644,0.000,371,76055,2307,24153
3912,6.136,6.136,5.817,0.125,0.005,0.189,0,21.494,8.644,0.000,0,736,0,0
3913,39.599,39.599,18.964,20.037,0.425,0.173,1,20.553,5.631,5.438,370,76055,1759,24153
3914,4.909,4.909,4.469,0.116,0.006,0.319,0,20.553,5.631,5.438,0,736,0,0
3915,4.544,4.544,4.257,0.126,0.006,0.154,0,20.553,5.631,5.438,0,736,0,0
3916,35.543,35.543,9.736,25.230,0.406,0.170,1,20.553,5.631,0.000,370,76055,2304,24153
3917,3.895,3.895,3.580,0.117,0.004,0.194,0,20.553,5.631,0.000,0,736,0,0
3918,7.552,3.340,3.082,0.115,0.004,0.138,0,23.130,7.814,0.000,0,736,0,0
3919,24.300,24.300,9.179,14.557,0.397,0.167,1,23.130,7.814,0.000,370,76055,2305,24153
3920,9.062,3.794,3.521,0.117,0.004,0.151,0,21.093,7.838,0.000,0,736,0,0
3921,26.479,26.479,9.151,16.811,0.402,0.115,1,21.093,7.838,0.000,370,76055,2305,24153
3922,6.941,3.781,3.573,0.118,0.005,0.085,0,21.093,7.838,0.000,0,736,0,0
3923,16.628,9.688,9.408,0.122,0.014,0.143,0,25.395,7.835,0.000,0,736,0,0
3924,28.444,28.444,11.127,16.770,0.387,0.161,1,25.395,7.835,2.543,370,76055,1939,24153
3925,5.605,5.605,5.316,0.120,0.007,0.162,0,20.131,7.297,2.543,0,736,0,0
3926,25.253,25.253,10.241,14.372,0.296,0.344,1,20.131,7.297,0.000,370,76055,2305,24153
3927,7.440,4.851,4.396,0.118,0.006,0.330,0,19.547,7.813,0.000,0,736,0,0
3928,28.120,28.120,13.196,13.969,0.527,0.428,1,19.547,7.813,0.000,370,76055,2304,24153
3929,5.237,5.059,4.537,0.140,0.007,0.374,0,22.416,8.154,0.000,0,736,0,0
3930,28.295,28.295,10.838,16.808,0.335,0.314,1,22.416,8.154,1.916,370,76055,2043,24153
3931,5.072,4.135,3.730,0.118,0.004,0.283,0,21.896,7.709,1.916,0,736,0,0
3932,23.568,23.568,9.942,12.934,0.296,0.395,1,21.896,7.709,0.000,370,76055,2305,24153
3933,9.797,6.842,6.412,0.121,0.008,0.301,0,20.726,7.746,0.000,0,736,0,0
3934,25.237,25.237,11.004,13.402,0.521,0.310,1,20.726,7.746,0.000,371,76055,2307,24153
3935,8.134,6.055,5.556,0.121,0.005,0.373,0,20.369,8.652,0.000,0,736,0,0
3936,25.583,25.583,10.000,14.895,0.397,0.291,1,20.369,8.652,0.000,370,76055,2305,24153
3937,7.805,4.710,4.288,0.119,0.005,0.298,0,22.776,8.257,0.000,0,736,0,0
3938,28.652,28.652,11.503,16.414,0.330,0.405,1,19.414,7.284,2.677,370,76055,2009,24153
3939,4.831,4.831,4.422,0.121,0.004,0.284,0,19.414,7.284,2.677,0,736,0,0
3940,25.326,25.326,10.773,13.750,0.489,0.315,1,19.414,7.284,0.000,370,76055,2305,24153
3941,7.923,4.017,3.538,0.116,0.004,0.360,0,19.414,7.284,0.000,0,736,0,0
3942,29.713,29.713,11.945,17.093,0.336,0.338,1,23.478,8.746,3.733,370,76055,1901,24153
3943,5.892,5.892,5.454,0.130,0.009,0.299,0,21.849,7.474,3.733,0,736,0,0
3944,26.953,26.953,9.682,16.430,0.480,0.361,1,21.849,7.474,1.721,370,76055,2057,24153
3945,4.256,4.093,3.692,0.118,0.004,0.279,0,22.001,7.531,1.721,0,736,0,0
3946,28.107,28.107,11.799,15.730,0.294,0.285,1,22.001,7.531,1.870,370,76055,2034,24153
3947,5.166,4.603,4.098,0.135,0.005,0.365,0,21.361,7.499,1.870,0,736,0,0
3948,22.559,22.559,8.865,12.917,0.461,0.317,1,21.361,7.499,0.000,370,76055,2304,24153
3949,10.825,3.895,3.484,0.118,0.005,0.289,0,22.946,8.357,0.000,0,736,0,0
3950,31.677,31.677,12.541,18.258,0.466,0.411,1,20.106,7.019,3.710,370,76055,1841,24153
3951,5.057,5.057,4.673,0.120,0.005,0.259,0,20.106,7.019,3.710,0,736,0,0
3952,28.048,28.048,13.408,13.873,0.448,0.319,1,20.106,7.019,0.000,370,76055,2305,24153
3953,4.840,4.840,4.377,0.116,0.004,0.343,0,22.248,9.001,0.000,0,736,0,0
3954,43.173,43.173,10.294,32.244,0.348,0.287,1,20.899,8.763,2.090,370,76055,2006,24153
3955,4.470,4.470,4.048,0.122,0.008,0.292,0,20.899,8.763,2.090,0,736,0,0
3956,4.086,4.086,3.622,0.117,0.004,0.343,0,20.899,8.763,2.090,0,736,0,0
3957,27.822,27.822,9.320,17.802,0.397,0.302,1,20.899,8.763,0.000,370,76055,2305,24153
3958,3.826,3.826,3.412,0.116,0.005,0.292,0,20.899,8.763,0.000,0,736,0,0
3959,30.511,30.511,12.819,16.878,0.425,0.389,1,23.737,7.944,0.000,372,76175,2319,24213
3960,4.124,4.124,3.723,0.117,0.005,0.279,0,23.737,7.944,0.000,0,736,0,0
3961,12.556,7.679,7.265,0.116,0.004,0.295,0,26.443,7.988,0.000,0,736,0,0
3962,63.064,63.064,12.928,49.375,0.375,0.386,1,23.675,6.801,8.682,372,76175,1999,24273
3963,5.179,5.179,4.743,0.125,0.007,0.304,0,23.675,6.801,8.682,0,736,0,0
3964,5.372,5.372,4.912,0.125,0.006,0.329,0,23.675,6.801,8.682,0,736,0,0
3965,7.571,7.571,7.074,0.118,0.004,0.375,0,23.675,6.801,8.682,0,736,0,0
3966,5.618,5.618,5.209,0.117,0.004,0.288,0,23.675,6.801,8.682,0,736,0,0
3967,44.253,44.253,31.638,11.944,0.387,0.283,1,23.675,6.801,0.000,354,76175,3297,0
3968,4.946,4.946,4.449,0.123,0.007,0.366,0,28.842,17.419,0.000,0,736,0,0
3969,3.627,3.627,3.227,0.116,0.005,0.279,0,28.842,17.419,0.000,0,736,0,0
3970,30.738,30.738,10.633,19.298,0.516,0.291,1,28.842,17.419,3.142,372,76175,1998,24273
3971,4.992,4.992,3.767,0.117,0.006,1.103,0,28.842,17.419,3.142,0,736,0,0
3972,11.387,11.387,10.994,0.123,0.007,0.263,0,31.844,7.873,3.142,0,736,0,0
3973,27.705,27.705,9.872,17.082,0.394,0.357,1,31.844,7.873,2.546,372,76175,1941,24273
3974,4.062,4.062,3.526,0.118,0.005,0.415,0,21.585,7.310,2.546,0,736,0,0
3975,24.180,24.180,8.718,14.732,0.378,0.352,1,21.585,7.310,0.000,372,76175,2313,24273
3976,7.565,5.854,5.407,0.119,0.005,0.323,0,21.147,7.813,0.000,0,736,0,0
3977,27.306,27.306,12.598,13.749,0.482,0.476,1,21.147,7.813,0.000,372,76175,2313,24273
3978,6.044,4.690,4.259,0.118,0.004,0.310,0,21.240,8.840,0.000,0,736,0,0
3979,24.212,24.212,10.794,12.702,0.369,0.347,1,21.240,8.840,0.000,372,76175,2312,24273
3980,9.149,5.940,5.388,0.117,0.004,0.431,0,20.795,7.876,0.000,0,736,0,0
3981,25.655,25.655,10.564,14.373,0.379,0.339,1,20.795,7.876,0.000,373,76175,2315,24273
3982,7.717,3.833,3.408,0.117,0.004,0.303,0,22.144,8.320,0.000,0,736,0,0
3983,26.302,26.302,12.419,12.949,0.385,0.550,1,22.144,8.320,0.000,372,76175,2313,24273
3984,7.058,4.787,4.335,0.121,0.005,0.326,0,20.976,8.009,0.000,0,736,0,0
3985,23.869,23.869,9.794,13.236,0.516,0.324,1,20.976,8.009,0.000,372,76175,2313,24273
3986,9.508,3.956,3.458,0.117,0.006,0.375,0,23.173,8.066,0.000,0,736,0,0
3987,25.289,25.289,9.214,15.469,0.403,0.203,1,23.173,8.066,2.501,372,76175,1957,24273
3988,8.070,4.037,3.692,0.117,0.004,0.223,0,22.477,7.653,2.501,0,736,0,0
3989,27.946,27.946,10.329,16.982,0.347,0.287,1,22.477,7.653,3.481,372,76175,1887,24273
3990,5.413,4.782,4.448,0.142,0.018,0.173,0,23.910,6.980,3.481,0,736,0,0
3991,29.014,29.014,11.973,16.422,0.454,0.165,1,20.122,7.029,3.062,372,76175,1844,24273
3992,4.470,4.470,4.129,0.123,0.006,0.212,0,20.122,7.029,3.062,0,736,0,0
3993,25.495,25.495,11.432,13.611,0.287,0.165,1,20.122,7.029,0.000,372,76175,2313,24273
3994,7.757,4.591,3.714,0.740,0.004,0.133,0,19.557,7.961,0.000,0,736,0,0
3995,24.688,24.688,10.042,13.988,0.469,0.189,1,19.557,7.961,0.000,372,76175,2313,24273
3996,8.680,4.432,4.163,0.119,0.007,0.144,0,19.265,8.092,0.000,0,736,0,0
3997,23.448,23.448,8.691,14.249,0.378,0.131,1,19.265,8.092,0.000,372,76175,2313,24273
3998,9.919,3.781,3.499,0.118,0.006,0.158,0,20.457,7.846,0.000,0,736,0,0
3999,23.764,23.764,8.850,14.394,0.388,0.131,1,20.457,7.846,0.000,372,76175,2312,24273
4000,10.135,4.261,3.985,0.117,0.005,0.154,0,20.961,7.859,0.000,0,736,0,0
4001,24.962,24.962,9.985,14.416,0.420,0.142,1,20.961,7.859,0.000,372,76175,2314,24273
4002,7.879,4.481,4.249,0.118,0.005,0.110,0,19.793,7.977,0.000,0,736,0,0
4003,24.454,24.454,10.610,13.363,0.297,0.184,1,19.793,7.977,0.000,372,76175,2313,24273
4004,8.907,4.423,4.189,0.118,0.004,0.113,0,19.086,7.740,0.000,0,736,0,0
4005,26.613,26.613,11.589,14.358,0.537,0.129,1,19.086,7.740,0.000,372,76175,2313,24273
4006,6.766,4.054,3.783,0.118,0.005,0.148,0,21.655,8.876,0.000,0,736,0,0
4007,26.152,26.152,10.852,14.548,0.607,0.146,1,21.655,8.876,0.000,372,76175,2313,24273
4008,7.199,4.568,4.336,0.117,0.004,0.111,0,22.219,8.409,0.000,0,736,0,0
4009,25.184,25.184,9.831,14.646,0.551,0.156,1,22.219,8.409,1.876,372,76175,2048,24273
4010,8.178,4.576,4.350,0.118,0.004,0.104,0,20.480,8.155,1.876,0,736,0,0
4011,22.568,22.568,9.215,12.814,0.373,0.166,1,20.480,8.155,0.000,373,76175,2315,24273
4012,10.815,4.001,3.758,0.119,0.004,0.120,0,21.916,7.782,0.000,0,736,0,0
4013,25.884,25.884,9.535,15.750,0.494,0.105,1,21.916,7.782,2.769,372,76175,1890,24273
4014,7.478,3.841,3.634,0.117,0.004,0.086,0,21.121,7.645,2.769,0,736,0,0
4015,24.475,24.475,8.914,15.155,0.281,0.126,1,21.121,7.645,2.534,372,76175,1905,24273
4016,8.889,3.789,3.586,0.118,0.004,0.080,0,21.836,6.823,2.534,0,736,0,0
4017,26.109,26.109,9.256,16.423,0.341,0.090,1,21.836,6.823,3.602,372,76175,1814,24273
4018,7.405,4.090,3.862,0.118,0.004,0.105,0,21.613,6.566,3.602,0,736,0,0
4019,26.746,26.746,10.368,15.801,0.444,0.134,1,21.613,6.566,2.976,372,76175,1848,24273
4020,6.467,4.770,4.539,0.130,0.005,0.096,0,21.406,7.082,2.976,0,736,0,0
4021,25.799,25.799,9.647,15.573,0.439,0.141,1,21.406,7.082,2.688,373,76175,1882,24273
4022,7.580,3.736,3.517,0.118,0.004,0.098,0,22.313,7.401,2.688,0,736,0,0
4023,25.844,25.844,9.216,16.036,0.479,0.113,1,22.313,7.401,3.284,371,75575,1785,24273
4024,7.514,3.928,3.694,0.117,0.006,0.111,0,20.922,7.624,3.284,0,736,0,0
4025,24.934,24.934,8.771,15.514,0.550,0.099,1,20.922,7.624,2.919,371,75575,1820,24273
4026,8.427,3.950,3.741,0.119,0.004,0.086,0,21.186,6.513,2.919,0,736,0,0
4027,25.626,25.626,9.547,15.577,0.412,0.091,1,21.186,6.513,3.090,371,75575,1797,24273
4028,7.750,3.710,3.527,0.118,0.004,0.061,0,20.411,6.378,3.090,0,736,0,0
4029,25.231,25.231,10.374,14.366,0.411,0.080,1,20.411,6.378,0.000,371,75575,2290,24273
4030,8.136,3.736,3.530,0.119,0.005,0.083,0,21.069,8.052,0.000,0,736,0,0
4031,23.635,23.635,8.958,14.290,0.310,0.077,1,21.069,8.052,0.000,371,75575,2291,24273
4032,9.736,3.614,3.429,0.118,0.003,0.064,0,20.272,7.919,0.000,0,736,0,0
4033,25.669,25.669,11.332,13.661,0.538,0.138,1,20.272,7.919,0.000,371,75575,2290,24273
4034,7.704,4.597,4.331,0.124,0.004,0.137,0,22.349,8.053,0.000,0,736,0,0
4035,27.863,27.863,11.578,15.781,0.372,0.131,1,22.349,8.053,2.385,371,75575,1943,24273
4036,5.487,3.862,3.587,0.117,0.005,0.153,0,20.849,7.285,2.385,0,736,0,0
4037,23.241,23.241,8.659,14.179,0.273,0.130,1,20.849,7.285,0.000,371,75575,2289,24273
4038,10.135,4.290,4.044,0.121,0.004,0.120,0,20.051,7.847,0.000,0,736,0,0
4039,23.661,23.661,8.956,14.145,0.395,0.165,1,20.051,7.847,0.000,371,75575,2290,24273
4040,9.700,3.627,3.388,0.117,0.005,0.116,0,20.571,7.870,0.000,0,736,0,0
4041,23.684,23.684,9.624,13.461,0.466,0.133,1,20.571,7.870,0.000,371,75575,2291,24273
4042,9.691,3.661,3.429,0.119,0.004,0.109,0,20.289,8.087,0.000,0,736,0,0
4043,22.320,22.320,9.093,12.629,0.516,0.083,1,20.289,8.087,0.000,371,75575,2290,24273
4044,11.052,3.889,3.702,0.120,0.004,0.063,0,21.515,7.862,0.000,0,736,0,0
4045,22.372,22.372,9.141,12.700,0.398,0.132,1,21.515,7.862,0.000,371,75575,2290,24273
4046,10.989,3.859,3.635,0.122,0.004,0.098,0,21.787,7.646,0.000,0,736,0,0
4047,23.822,23.822,10.450,12.846,0.401,0.125,1,21.787,7.646,0.000,371,75575,2289,24273
4048,9.539,6.258,5.964,0.125,0.005,0.164,0,20.757,7.671,0.000,0,736,0,0
4049,26.043,26.043,10.566,14.845,0.401,0.231,1,20.757,7.671,0.000,371,75575,2290,24273
4050,7.332,3.832,3.521,0.117,0.004,0.190,0,22.455,8.250,0.000,0,736,0,0
4051,27.405,27.405,10.667,16.115,0.357,0.266,1,22.455,8.250,2.355,371,75575,1959,24273
4052,5.952,3.786,3.477,0.116,0.004,0.188,0,21.375,7.281,2.355,0,736,0,0
4053,23.292,23.292,8.580,14.161,0.309,0.242,1,21.375,7.281,0.000,371,75575,2290,24273
4054,10.086,4.477,4.102,0.120,0.005,0.250,0,20.972,7.699,0.000,0,736,0,0
4055,23.610,23.610,9.478,13.519,0.404,0.209,1,20.972,7.699,0.000,371,75575,2290,24273
4056,9.756,3.833,3.544,0.116,0.004,0.169,0,21.043,7.918,0.000,0,736,0,0
4057,25.984,25.984,11.240,13.913,0.521,0.311,1,21.043,7.918,0.000,371,75575,2289,24273
4058,7.371,4.905,4.614,0.118,0.004,0.168,0,20.792,8.703,0.000,0,736,0,0
4059,23.123,23.123,9.739,12.873,0.314,0.197,1,20.792,8.703,0.000,371,75575,2290,24273
4060,10.240,5.257,4.912,0.117,0.005,0.223,0,20.416,7.872,0.000,0,736,0,0
4061,22.545,22.545,9.427,12.380,0.516,0.222,1,20.416,7.872,0.000,372,75575,2292,24273
4062,10.834,5.108,4.794,0.123,0.007,0.184,0,22.544,7.746,0.000,0,736,0,0
4063,28.160,28.160,10.222,17.352,0.345,0.241,1,22.544,7.746,3.108,371,75575,1825,24273
4064,5.209,4.083,3.757,0.118,0.004,0.204,0,21.549,6.855,3.108,0,736,0,0
4065,25.328,25.328,10.863,13.829,0.437,0.199,1,21.549,6.855,0.000,371,75575,2289,24273
4066,8.041,4.726,4.399,0.127,0.005,0.196,0,22.792,7.999,0.000,0,736,0,0
4067,27.792,27.792,10.093,17.182,0.357,0.159,1,22.792,7.999,3.309,371,75575,1928,24273
4068,5.564,4.647,4.362,0.116,0.005,0.164,0,20.176,7.340,3.309,0,736,0,0
4069,24.666,24.666,10.498,13.522,0.400,0.246,1,20.176,7.340,0.000,371,75575,2290,24273
4070,8.713,3.857,3.565,0.119,0.004,0.168,0,22.818,8.590,0.000,0,736,0,0
4071,25.267,25.267,9.051,15.617,0.418,0.180,1,22.818,8.590,2.498,371,75575,1943,24273
4072,8.096,4.044,3.695,0.117,0.005,0.226,0,22.834,7.016,2.498,0,736,0,0
4073,25.060,25.060,8.951,15.541,0.394,0.174,1,22.834,7.016,2.784,371,75575,1849,24273
4074,8.302,3.959,3.681,0.118,0.005,0.155,0,21.167,7.389,2.784,0,736,0,0
4075,26.033,26.033,10.038,15.383,0.395,0.216,1,21.167,7.389,2.565,371,75575,1879,24273
4076,7.331,3.767,3.497,0.118,0.005,0.147,0,19.727,7.331,2.565,0,736,0,0
4077,25.420,25.420,10.441,14.403,0.397,0.179,1,19.727,7.331,0.000,371,75575,2290,24273
4078,7.947,3.793,3.472,0.117,0.004,0.199,0,21.196,8.398,0.000,0,736,0,0
4079,25.838,25.838,10.461,14.407,0.778,0.192,1,21.196,8.398,0.000,371,75575,2290,24273
4080,7.542,4.720,4.401,0.122,0.008,0.189,0,19.986,8.039,0.000,0,736,0,0
4081,27.358,27.358,11.430,15.261,0.426,0.242,1,19.986,8.039,0.000,390,75607,2363,24273
4082,5.991,5.036,4.743,0.126,0.005,0.162,0,19.986,8.039,0.000,0,768,0,0
4083,30.916,30.916,13.219,17.161,0.358,0.179,1,26.757,7.979,4.184,389,75607,1847,24273
4084,4.470,4.470,4.013,0.218,0.009,0.230,0,21.499,6.168,4.184,0,768,0,0
4085,27.993,27.993,9.904,17.564,0.344,0.181,1,21.499,6.168,2.819,389,75607,2011,24273
4086,3.811,3.811,3.516,0.124,0.004,0.167,0,21.557,7.248,2.819,0,768,0,0
4087,25.690,25.690,9.738,15.442,0.283,0.227,1,21.557,7.248,2.524,389,75607,2084,24273
4088,7.216,4.436,4.150,0.126,0.005,0.155,0,20.873,7.493,2.524,0,768,0,0
4089,23.594,23.594,8.834,14.176,0.417,0.166,1,20.873,7.493,0.000,389,75607,2341,24273
4090,9.783,3.788,3.459,0.123,0.005,0.201,0,21.012,7.907,0.000,0,768,0,0
4091,22.678,22.678,9.033,12.931,0.542,0.173,1,21.012,7.907,0.000,389,75607,2341,24273
4092,10.686,3.869,3.584,0.124,0.006,0.155,0,22.739,7.781,0.000,0,768,0,0
4093,25.221,25.221,9.195,15.395,0.407,0.223,1,22.739,7.781,2.729,389,75607,1938,24273
4094,8.152,3.911,3.646,0.125,0.005,0.135,0,22.614,6.917,2.729,0,768,1,0
4095,29.257,29.257,11.962,16.491,0.465,0.339,1,20.006,6.900,3.184,389,75607,1872,24273
4096,4.487,4.487,4.074,0.129,0.007,0.277,0,20.006,6.900,3.184,0,768,0,0
4097,23.372,23.372,8.935,13.815,0.379,0.242,1,20.006,6.900,0.000,389,75607,2341,24273
4098,9.634,3.971,3.564,0.124,0.006,0.278,0,20.006,6.900,0.000,0,768,0,0
4099,27.537,27.537,10.113,16.700,0.491,0.233,1,23.201,7.767,3.151,389,75607,1887,24273
4100,5.812,4.001,3.667,0.124,0.004,0.206,0,23.132,7.157,3.151,0,768,0,0
4101,25.496,25.496,9.142,15.782,0.277,0.296,1,23.132,7.157,3.025,389,75607,1869,24273
4102,7.874,3.980,3.629,0.122,0.005,0.224,0,23.022,7.223,3.025,0,768,0,0
4103,29.700,29.700,11.084,17.992,0.411,0.213,1,20.560,6.285,4.093,389,75607,1836,24273
4104,4.513,4.513,4.108,0.128,0.008,0.269,0,20.560,6.285,4.093,0,768,0,0
4105,23.312,23.312,8.964,13.674,0.460,0.213,1,20.560,6.285,0.000,389,75607,2341,24273
4106,9.216,3.996,3.675,0.124,0.006,0.192,0,22.173,8.351,0.000,0,768,0,0
4107,29.382,29.382,10.765,17.954,0.372,0.292,1,20.130,7.404,3.780,389,75607,1927,24273
4108,4.498,4.498,4.191,0.128,0.007,0.171,0,20.130,7.404,3.780,0,768,0,0
4109,23.329,23.329,9.334,13.467,0.345,0.183,1,20.130,7.404,0.000,389,75607,2341,24273
4110,9.520,4.248,3.884,0.124,0.004,0.236,0,22.679,7.949,0.000,0,768,0,0
4111,25.367,25.367,9.390,15.371,0.398,0.209,1,22.679,7.949,2.594,389,75607,1958,24273
4112,7.995,3.889,3.566,0.148,0.004,0.171,0,22.404,7.164,2.594,0,768,0,0
4113,28.725,28.725,11.503,16.625,0.357,0.240,1,22.404,7.164,3.064,389,75607,1897,24273
4114,4.628,3.974,3.680,0.124,0.004,0.166,0,21.125,6.959,3.064,0,768,0,0
4115,26.026,26.026,10.013,14.935,0.290,0.788,1,21.125,6.959,0.000,389,75607,2341,24273
4116,7.355,3.863,3.531,0.124,0.004,0.203,0,21.606,7.960,0.000,0,768,0,0
4117,23.957,23.957,9.628,13.780,0.382,0.167,1,21.606,7.960,0.000,389,75607,2341,24273
4118,9.405,4.378,4.096,0.128,0.004,0.150,0,20.878,8.040,0.000,0,768,0,0
4119,24.145,24.145,9.721,13.827,0.404,0.194,1,20.878,8.040,0.000,389,75607,2341,24273
4120,9.220,3.736,3.469,0.125,0.004,0.138,0,21.453,8.192,0.000,0,768,0,0
4121,23.463,23.463,8.752,14.188,0.374,0.148,1,21.453,8.192,0.000,389,75607,2342,24273
4122,9.902,3.847,3.535,0.124,0.005,0.183,0,20.493,7.790,0.000,0,768,0,0
4123,22.585,22.585,9.216,12.758,0.439,0.172,1,20.493,7.790,0.000,389,75607,2340,24273
4124,10.803,3.915,3.646,0.126,0.004,0.140,0,22.595,7.615,0.000,0,768,0,0
4125,26.552,26.552,9.771,16.100,0.414,0.268,1,22.595,7.615,3.010,389,75607,1910,24273
4126,6.835,4.070,3.743,0.126,0.004,0.197,0,22.949,7.667,3.010,0,768,0,0
4127,26.387,26.387,9.587,16.238,0.363,0.200,1,22.949,7.667,3.322,389,75607,1835,24273
4128,6.946,4.034,3.689,0.123,0.004,0.218,0,24.295,6.628,3.322,0,768,0,0
4129,28.223,28.223,9.573,17.898,0.547,0.205,1,24.295,6.628,3.614,389,75607,1866,24273
4130,6.094,5.198,4.898,0.125,0.005,0.169,0,24.295,6.628,3.614,0,768,0,0
4131,33.511,33.511,14.741,18.139,0.393,0.238,1,20.186,6.680,3.615,389,75607,1848,24273
4132,5.137,5.137,4.828,0.129,0.007,0.172,0,20.186,6.680,3.615,0,768,0,0
4133,23.152,23.152,8.914,13.561,0.461,0.216,1,20.186,6.680,0.000,389,75607,2341,24273
4134,3.978,3.978,3.670,0.124,0.004,0.180,0,20.186,6.680,0.000,0,768,0,0
4135,37.579,37.579,17.180,19.784,0.442,0.173,1,22.973,7.738,3.644,389,75607,1895,24273
4136,6.190,6.190,5.926,0.127,0.004,0.133,0,20.583,6.657,3.644,0,768,0,0
4137,6.299,4.825,4.524,0.124,0.004,0.173,0,20.583,6.657,3.644,0,768,0,0
4138,44.980,44.980,14.538,29.819,0.453,0.171,1,20.583,6.657,0.000,389,75607,2341,24273
4139,4.169,4.169,3.899,0.126,0.004,0.140,0,20.583,6.657,0.000,0,768,0,0
4140,3.482,3.482,3.153,0.122,0.004,0.204,0,20.583,6.657,0.000,0,768,0,0
4141,31.242,31.242,13.885,16.712,0.475,0.169,1,28.672,14.529,1.962,389,75607,2123,24273
4142,4.487,4.487,4.213,0.124,0.004,0.146,0,21.444,8.199,1.962,0,772,0,0
4143,25.769,25.769,11.190,14.013,0.269,0.298,1,21.444,8.199,0.000,390,75611,2355,24273
4144,4.780,4.780,4.452,0.144,0.006,0.178,0,21.444,8.199,0.000,0,772,0,0
4145,25.003,25.003,10.596,13.705,0.519,0.182,1,21.845,7.963,0.000,390,75611,2357,24273
4146,6.241,4.066,3.746,0.129,0.003,0.188,0,21.845,7.963,0.000,0,772,0,0
4147,27.822,27.822,12.069,15.090,0.519,0.143,1,23.004,8.149,2.036,390,75611,2076,24273
4148,5.548,3.977,3.714,0.125,0.004,0.135,0,23.004,8.149,2.036,0,772,0,0
4149,30.181,30.181,11.492,18.133,0.384,0.171,1,20.413,7.334,2.501,390,75611,2008,24273
4150,4.332,4.332,4.069,0.129,0.006,0.127,0,20.413,7.334,2.501,0,772,0,0
4151,24.134,24.134,8.983,14.522,0.481,0.148,1,20.413,7.334,0.000,390,75611,2356,24273
4152,8.090,4.170,3.888,0.125,0.005,0.152,0,20.413,7.334,0.000,0,772,0,0
4153,26.772,26.772,10.459,15.763,0.415,0.135,1,23.438,8.881,2.704,390,75611,1956,24273
4154,6.577,3.815,3.569,0.125,0.005,0.116,0,22.342,7.713,2.704,0,772,0,0
4155,26.057,26.057,9.442,15.944,0.470,0.201,1,22.342,7.713,2.860,390,75611,1922,24273
4156,7.303,3.777,3.461,0.126,0.004,0.186,0,21.998,7.515,2.860,0,772,0,0
4157,25.592,25.592,9.101,15.941,0.363,0.186,1,21.998,7.515,3.006,390,75611,1884,24273
4158,7.776,3.770,3.421,0.123,0.004,0.222,0,22.444,6.957,3.006,0,772,0,0
4159,26.498,26.498,9.533,16.398,0.345,0.222,1,22.444,6.957,3.640,390,75611,1872,24273
4160,6.859,4.115,3.760,0.127,0.005,0.223,0,22.240,6.631,3.640,0,796,0,0
4161,25.937,25.937,9.278,15.960,0.422,0.276,1,22.240,6.631,3.317,391,75659,1867,24273
4162,7.440,3.887,3.558,0.126,0.004,0.199,0,23.328,6.486,3.317,0,844,0,0
4163,27.172,27.172,9.768,16.874,0.322,0.207,1,23.328,6.486,3.887,391,75707,1900,24273
4164,6.186,3.993,3.663,0.126,0.005,0.200,0,22.577,6.496,3.887,0,892,0,0
4165,26.061,26.061,9.174,16.290,0.438,0.159,1,22.577,6.496,3.567,391,75755,1920,24273
4166,7.306,4.042,3.754,0.127,0.004,0.158,0,22.411,6.382,3.567,0,940,0,0
4167,26.420,26.420,9.424,16.453,0.339,0.203,1,22.411,6.382,3.481,391,75803,1893,24273
4168,6.948,3.966,3.647,0.126,0.006,0.187,0,22.883,6.206,3.481,0,968,0,0
4169,26.452,26.452,9.309,16.486,0.503,0.154,1,22.883,6.206,3.603,392,75807,1941,24273
4170,6.914,4.348,4.085,0.130,0.005,0.128,0,21.669,7.120,3.603,0,968,0,0
4171,26.184,26.184,9.489,16.030,0.341,0.324,1,21.669,7.120,3.277,392,75807,1872,24273
4172,7.182,4.304,3.778,0.126,0.005,0.395,0,21.875,7.162,3.277,0,968,0,0
4173,28.095,28.095,9.825,17.359,0.401,0.510,1,19.822,6.270,3.384,392,75807,1884,24273
4174,5.334,4.277,3.756,0.127,0.004,0.390,0,19.822,6.270,3.384,0,968,0,0
4175,24.141,24.141,8.973,13.811,0.952,0.404,1,19.822,6.270,0.000,392,75807,2376,24273
4176,9.176,4.272,3.648,0.129,0.004,0.492,0,21.984,7.744,0.000,0,968,0,0
4177,30.294,30.294,12.502,16.905,0.493,0.393,1,21.984,7.744,2.967,392,75807,1937,24273
4178,4.293,4.293,3.807,0.125,0.003,0.358,0,21.711,7.004,2.967,0,968,0,0
4179,29.128,29.128,10.835,17.382,0.382,0.530,1,21.711,7.004,2.275,392,75807,2032,24273
4180,4.139,4.139,3.656,0.127,0.005,0.351,0,23.073,7.362,2.275,0,968,0,0
4181,28.897,28.897,10.712,17.022,0.767,0.396,1,19.243,7.116,2.362,392,75807,2013,24273
4182,4.893,4.893,4.264,0.130,0.008,0.492,0,19.243,7.116,2.362,0,968,0,0
4183,24.546,24.546,9.225,14.302,0.608,0.410,1,19.243,7.116,0.000,392,75807,2375,24273
4184,7.294,4.146,3.647,0.126,0.004,0.368,0,19.243,7.116,0.000,0,968,0,0
4185,32.701,32.701,15.297,16.491,0.425,0.488,1,20.565,7.296,3.021,392,75807,1948,24273
4186,4.924,4.924,4.448,0.134,0.004,0.338,0,20.565,7.296,3.021,0,968,0,0
4187,24.437,24.437,9.653,14.019,0.364,0.402,1,20.565,7.296,0.000,392,75807,2375,24273
4188,4.861,4.588,4.012,0.129,0.006,0.441,0,20.565,7.296,0.000,0,968,0,0
4189,16.466,10.495,10.019,0.127,0.007,0.341,0,25.570,8.958,0.000,0,968,0,0
4190,27.513,27.513,9.305,17.179,0.682,0.347,1,25.570,8.958,3.839,392,75807,1929,24273
4191,5.851,4.349,3.786,0.128,0.005,0.430,0,22.977,6.949,3.839,0,968,0,0
4192,25.679,25.679,9.148,15.861,0.247,0.422,1,22.977,6.949,3.096,392,75807,1873,24273
4193,7.687,5.270,4.806,0.125,0.004,0.335,0,22.337,7.211,3.096,0,968,0,0
4194,29.838,29.838,10.622,18.260,0.446,0.510,1,20.743,6.549,3.481,392,75807,1857,24273
4195,4.732,4.732,4.268,0.128,0.005,0.331,0,20.743,6.549,3.481,0,968,0,0
4196,26.258,26.258,9.845,15.744,0.321,0.350,1,20.743,6.549,1.682,392,75807,2130,24273
4197,6.090,4.381,3.797,0.126,0.005,0.454,0,22.762,7.244,1.682,0,968,0,0
4198,27.122,27.122,9.270,17.175,0.330,0.347,1,22.762,7.244,2.769,392,75807,1978,24273
4199,6.061,4.414,3.844,0.126,0.006,0.438,0,22.046,7.029,2.769,0,968,0,0
4200,29.251,29.251,12.323,16.125,0.431,0.373,1,22.046,7.029,2.404,392,75807,2042,24273
4201,4.462,4.462,3.991,0.138,0.004,0.328,0,21.548,7.321,2.404,0,968,0,0
4202,28.393,28.393,12.026,15.474,0.309,0.584,1,21.548,7.321,1.752,392,75807,2114,24273
4203,4.625,4.278,3.814,0.124,0.004,0.336,0,21.109,7.094,1.752,0,968,0,0
4204,26.068,26.068,11.251,14.010,0.407,0.400,1,21.109,7.094,0.000,392,75807,2375,24273
4205,7.317,4.878,4.285,0.126,0.005,0.462,0,22.458,8.153,0.000,0,968,0,0
4206,26.505,26.505,10.041,15.769,0.331,0.365,1,22.458,8.153,1.878,392,75807,2119,24273
4207,6.844,4.759,4.267,0.132,0.005,0.354,0,21.933,7.572,1.878,0,968,0,0
4208,24.206,24.206,9.038,14.426,0.272,0.471,1,21.933,7.572,0.000,392,75807,2375,24273
4209,9.175,4.123,3.616,0.126,0.005,0.376,0,23.172,7.944,0.000,0,968,0,0
4210,27.093,27.093,10.222,16.131,0.376,0.364,1,23.172,7.944,2.545,392,75807,1995,24273
4211,6.257,4.609,3.939,0.128,0.003,0.539,0,21.499,7.068,2.545,0,968,0,0
4212,25.850,25.850,9.883,15.242,0.307,0.418,1,21.499,7.068,0.000,392,75807,2374,24273
4213,7.521,3.976,3.538,0.126,0.005,0.308,0,22.238,8.087,0.000,0,968,0,0
4214,26.662,26.662,9.392,16.527,0.324,0.419,1,22.238,8.087,1.936,392,75807,2106,24273
4215,6.701,4.159,3.712,0.128,0.005,0.314,0,21.906,7.549,1.936,0,968,0,0
4216,24.801,24.801,9.241,14.944,0.287,0.329,1,21.906,7.549,1.805,392,75807,2106,24273
4217,8.576,4.152,3.519,0.129,0.005,0.500,0,22.959,7.216,1.805,0,968,0,0
4218,26.048,26.048,9.403,15.833,0.423,0.388,1,22.959,7.216,3.005,392,75807,1917,24273
4219,7.322,4.154,3.643,0.126,0.004,0.380,0,24.089,6.935,3.005,0,968,0,0
4220,30.625,30.625,11.077,18.544,0.478,0.525,1,20.704,6.389,4.258,392,75807,1930,24273
4221,4.607,4.607,4.090,0.131,0.007,0.379,0,20.704,6.389,4.258,0,968,0,0
4222,24.138,24.138,9.391,13.970,0.366,0.411,1,20.704,6.389,0.000,392,75807,2374,24273
4223,7.375,4.429,3.792,0.129,0.004,0.504,0,20.704,6.389,0.000,0,968,0,0
4224,32.691,32.691,14.735,17.126,0.421,0.410,1,20.514,7.136,3.064,392,75807,1923,24273
4225,4.796,4.796,4.273,0.130,0.007,0.385,0,20.514,7.136,3.064,0,968,0,0
4226,24.671,24.671,9.448,14.317,0.359,0.547,1,20.514,7.136,0.000,393,75807,2377,24273
4227,4.737,4.227,3.712,0.126,0.005,0.385,0,20.514,7.136,0.000,0,968,0,0
4228,16.496,9.752,9.220,0.139,0.008,0.384,0,24.083,8.999,0.000,0,968,0,0
4229,29.237,29.237,10.516,17.068,1.082,0.571,1,19.998,6.941,3.196,392,75807,1906,24273
4230,4.310,4.310,3.755,0.128,0.005,0.421,0,19.998,6.941,3.196,0,968,0,0
4231,25.312,25.312,10.132,14.417,0.332,0.430,1,19.998,6.941,0.000,391,75803,2371,24273
4232,7.892,4.997,4.355,0.126,0.007,0.508,0,22.188,7.944,0.000,0,964,0,0
4233,27.996,27.996,11.273,16.013,0.335,0.374,1,22.188,7.944,1.992,399,76195,2154,24273
4234,5.356,5.297,4.761,0.175,0.005,0.357,0,21.817,7.513,1.992,0,1436,0,0
4235,25.275,25.275,10.051,14.503,0.275,0.446,1,21.817,7.513,0.000,399,76275,2436,24273
4236,8.100,4.310,3.860,0.133,0.005,0.312,0,22.499,8.108,0.000,0,1436,0,0
4237,24.314,24.314,10.006,13.447,0.488,0.374,1,22.499,8.108,0.000,399,76275,2437,24273
4238,9.066,4.693,4.149,0.135,0.005,0.404,0,23.572,7.957,0.000,0,1436,0,0
4239,30.057,30.057,11.372,17.949,0.463,0.272,1,20.750,7.409,2.681,399,76275,2049,24273
4240,4.858,4.858,4.458,0.152,0.006,0.241,0,20.750,7.409,2.681,0,1436,0,0
4241,27.781,27.781,12.164,15.034,0.277,0.306,1,20.750,7.409,0.000,399,76275,2436,24273
4242,4.597,4.597,4.246,0.137,0.004,0.210,0,20.188,7.915,0.000,0,1436,0,0
4243,25.483,25.483,10.558,14.071,0.595,0.260,1,20.188,7.915,0.000,399,76275,2435,24273
4244,7.305,6.915,6.446,0.136,0.005,0.327,0,21.974,8.531,0.000,0,1436,0,0
4245,27.056,27.056,11.369,14.964,0.447,0.277,1,21.974,8.531,0.000,399,76275,2436,24273
4246,6.313,5.013,4.622,0.134,0.007,0.250,0,21.865,8.357,0.000,0,1436,0,0
4247,25.149,25.149,10.252,14.246,0.265,0.386,1,21.865,8.357,0.000,399,76275,2437,24273
4248,8.224,4.742,4.364,0.135,0.004,0.239,0,21.992,8.053,0.000,0,1436,0,0
4249,24.735,24.735,9.988,14.129,0.356,0.262,1,21.992,8.053,0.000,399,76275,2436,24273
4250,9.052,4.795,4.345,0.134,0.004,0.311,0,23.065,8.027,0.000,0,1436,0,0
4251,27.922,27.922,10.213,17.080,0.374,0.255,1,23.065,8.027,2.046,399,76275,2143,24273
4252,5.967,5.967,5.536,0.163,0.014,0.254,0,21.429,7.508,2.046,0,1436,0,0
4253,28.050,28.050,13.096,14.069,0.445,0.440,1,21.429,7.508,0.000,399,76275,2435,24273
4254,5.056,5.056,4.663,0.137,0.005,0.251,0,21.655,8.002,0.000,0,1436,0,0
4255,26.512,26.512,11.107,14.691,0.394,0.320,1,21.655,8.002,0.000,399,76275,2436,24273
4256,6.177,4.444,3.958,0.134,0.004,0.350,0,22.184,8.357,0.000,0,1436,0,0
4257,25.746,25.746,10.609,14.576,0.273,0.287,1,22.184,8.357,0.000,399,76275,2436,24273
4258,7.622,4.203,3.800,0.134,0.005,0.264,0,22.278,8.032,0.000,0,1436,0,0
4259,25.306,25.306,10.990,13.562,0.370,0.385,1,22.278,8.032,0.000,399,76275,2436,24273
4260,8.060,5.085,4.675,0.137,0.005,0.268,0,22.402,8.069,0.000,0,1436,0,0
4261,23.722,23.722,9.630,13.456,0.343,0.293,1,22.402,8.069,0.000,399,76275,2436,24273
4262,9.629,6.517,5.999,0.135,0.005,0.378,0,22.067,9.145,0.000,0,1436,0,0
4263,27.035,27.035,10.964,15.372,0.398,0.301,1,22.067,9.145,2.120,399,76275,2132,24273
4264,6.332,4.541,4.132,0.133,0.003,0.272,0,21.074,7.987,2.120,0,1436,0,0
4265,28.597,28.597,10.798,17.045,0.357,0.398,1,21.074,7.987,2.656,399,76275,2143,24273
4266,5.050,5.050,4.650,0.135,0.005,0.261,0,22.464,7.524,2.656,0,1436,0,0
4267,26.412,26.412,9.468,16.429,0.242,0.272,1,22.464,7.524,1.735,400,76275,2170,24273
4268,6.677,4.365,3.894,0.137,0.004,0.331,0,21.060,7.229,1.735,0,1436,0,0
4269,24.756,24.756,10.044,14.106,0.360,0.245,1,21.060,7.229,0.000,399,76275,2436,24273
4270,8.617,4.352,3.996,0.134,0.004,0.218,0,21.655,7.896,0.000,0,1436,0,0
4271,27.510,27.510,12.435,14.175,0.593,0.308,1,21.655,7.896,0.000,399,76275,2436,24273
4272,5.847,4.694,4.382,0.133,0.005,0.174,0,22.013,8.036,0.000,0,1436,0,0
4273,26.997,26.997,11.792,14.651,0.394,0.160,1,22.013,8.036,0.000,399,76275,2435,24273
4274,6.371,4.267,3.895,0.168,0.008,0.195,0,21.181,8.090,0.000,0,1436,0,0
4275,24.804,24.804,10.023,14.360,0.252,0.170,1,21.181,8.090,0.000,399,76275,2436,24273
4276,8.571,4.846,4.530,0.134,0.005,0.178,0,21.124,8.024,0.000,0,1436,0,0
4277,24.879,24.879,10.142,14.110,0.362,0.265,1,21.124,8.024,0.000,399,76275,2437,24273
4278,8.492,4.810,4.427,0.136,0.007,0.240,0,21.290,8.029,0.000,0,1436,0,0
4279,24.912,24.912,10.224,14.084,0.362,0.242,1,21.290,8.029,0.000,399,76275,2436,24273
4280,8.443,5.134,4.147,0.137,0.005,0.845,0,21.258,8.171,0.000,0,1436,0,0
4281,24.572,24.572,9.234,14.782,0.346,0.209,1,21.258,8.171,0.000,399,76275,2436,24273
4282,8.796,4.153,3.821,0.134,0.005,0.193,0,21.245,7.829,0.000,0,1436,0,0
4283,24.757,24.757,9.359,14.737,0.380,0.280,1,21.245,7.829,0.000,399,76275,2435,24273
4284,8.612,4.067,3.737,0.132,0.005,0.193,0,21.553,7.773,0.000,0,1436,0,0
4285,25.208,25.208,10.253,14.251,0.466,0.238,1,21.553,7.773,0.000,399,76275,2436,24273
4286,8.161,4.172,3.841,0.133,0.005,0.193,0,21.363,8.033,0.000,0,1436,0,0
4287,26.513,26.513,11.554,14.206,0.585,0.168,1,21.363,8.033,0.000,399,76275,2436,24273
4288,6.847,5.045,4.775,0.132,0.004,0.134,0,21.820,8.240,0.000,0,1436,0,0
4289,24.557,24.557,10.753,13.284,0.314,0.206,1,21.820,8.240,0.000,399,76275,2436,24273
4290,8.806,5.035,4.765,0.135,0.004,0.131,0,21.085,8.636,0.000,0,1436,0,0
4291,24.580,24.580,10.823,13.143,0.424,0.191,1,21.085,8.636,0.000,399,76275,2436,24273
4292,8.789,5.710,5.363,0.135,0.005,0.207,0,20.653,9.043,0.000,0,1436,0,0
4293,24.409,24.409,10.718,12.931,0.418,0.342,1,20.653,9.043,0.000,399,76275,2435,24273
4294,8.971,5.705,5.312,0.138,0.005,0.251,0,21.226,8.315,0.000,0,1436,1,0
4295,27.155,27.155,10.586,15.728,0.446,0.395,1,21.226,8.315,0.000,399,76275,2435,24273
4296,6.208,5.022,4.606,0.135,0.005,0.275,0,22.543,8.477,0.000,0,1452,0,0
4297,26.979,26.979,10.291,16.080,0.326,0.282,1,22.543,8.477,1.954,399,76291,2176,24273
4298,6.381,4.615,4.088,0.133,0.005,0.389,0,21.736,7.485,1.954,0,1452,0,0
4299,26.487,26.487,10.291,15.442,0.421,0.332,1,21.736,7.485,0.000,399,76291,2436,24273
4300,6.882,4.631,4.127,0.136,0.006,0.362,0,22.485,8.271,0.000,0,1452,0,0
4301,24.656,24.656,9.387,14.705,0.260,0.304,1,22.485,8.271,0.000,399,76291,2436,24273
4302,8.717,4.280,3.893,0.134,0.004,0.249,0,21.655,7.948,0.000,0,1452,0,0
4303,27.852,27.852,12.895,14.088,0.519,0.349,1,21.655,7.948,0.000,399,76291,2436,24273
4304,5.505,4.379,4.000,0.134,0.004,0.241,0,21.360,8.015,0.000,0,1452,0,0
4305,27.313,27.313,11.006,15.643,0.398,0.266,1,21.360,8.015,0.000,399,76291,2435,24273
4306,6.064,4.304,3.833,0.134,0.005,0.333,0,22.061,8.177,0.000,0,1452,0,0
4307,24.656,24.656,10.064,14.063,0.261,0.269,1,22.061,8.177,0.000,399,76291,2437,24273
4308,8.704,5.930,5.497,0.136,0.005,0.292,0,20.624,7.957,0.000,0,1452,0,0
4309,25.861,25.861,10.458,14.420,0.601,0.383,1,20.624,7.957,0.000,399,76291,2436,24273
4310,7.540,4.280,3.888,0.132,0.006,0.254,0,20.624,7.957,0.000,0,1452,0,0
4311,31.010,31.010,12.810,16.926,0.400,0.874,1,20.378,7.714,3.039,399,76291,2123,24273
4312,5.284,5.284,4.792,0.139,0.007,0.346,0,20.378,7.714,3.039,0,1452,0,0
4313,30.137,30.137,12.513,16.348,0.463,0.813,1,20.378,7.714,0.000,399,76291,2436,24273
4314,4.477,4.477,4.102,0.135,0.005,0.234,0,20.550,8.205,0.000,0,1452,0,0
4315,25.830,25.830,10.738,14.266,0.442,0.384,1,20.550,8.205,0.000,399,76291,2435,24273
4316,4.183,4.183,3.774,0.132,0.004,0.272,0,20.550,8.205,0.000,0,1452,0,0
4317,15.830,7.936,7.556,0.135,0.003,0.241,0,24.689,9.332,0.000,0,1452,0,0
4318,25.811,25.811,9.382,15.622,0.441,0.367,1,24.689,9.332,2.550,400,76291,2048,24273
4319,7.563,4.567,4.168,0.137,0.005,0.257,0,23.418,6.949,2.550,0,1452,0,0
4320,26.506,26.506,9.654,16.152,0.430,0.270,1,23.418,6.949,2.681,399,76291,2025,24273
4321,6.861,4.307,3.847,0.132,0.004,0.324,0,23.032,7.888,2.681,0,1452,0,0
4322,26.741,26.741,9.697,16.157,0.516,0.371,1,23.032,7.888,2.906,399,76291,1976,24273
4323,6.621,4.487,4.097,0.135,0.004,0.251,0,23.172,6.819,2.906,0,1452,0,0
4324,28.305,28.305,9.848,17.658,0.420,0.380,1,20.057,6.640,3.351,399,76291,1945,24273
4325,5.378,4.603,4.197,0.133,0.004,0.269,0,20.057,6.640,3.351,0,1452,0,0
4326,24.168,24.168,9.098,14.533,0.240,0.298,1,20.057,6.640,0.000,399,76291,2435,24273
4327,8.891,4.434,3.945,0.136,0.004,0.348,0,21.487,7.736,0.000,0,1452,0,0
4328,25.332,25.332,9.407,14.633,0.357,0.934,1,21.487,7.736,0.000,399,76291,2436,24273
4329,8.030,4.174,3.778,0.132,0.005,0.259,0,21.397,7.997,0.000,0,1452,0,0
4330,24.966,24.966,10.703,13.570,0.338,0.353,1,21.397,7.997,0.000,399,76291,2436,24273
4331,8.403,4.962,4.521,0.136,0.005,0.299,0,22.235,7.970,0.000,0,1452,0,0
4332,24.951,24.951,9.536,14.808,0.342,0.265,1,22.235,7.970,0.000,399,76291,2436,24273
4333,8.418,4.945,4.453,0.137,0.005,0.351,0,21.706,8.191,0.000,0,1452,0,0
4334,24.682,24.682,10.029,14.004,0.367,0.282,1,21.706,8.191,0.000,399,76291,2436,24273
4335,8.675,4.899,3.943,0.135,0.005,0.815,0,21.498,7.887,0.000,0,1452,0,0
4336,25.111,25.111,9.632,14.759,0.358,0.362,1,21.498,7.887,0.000,399,76291,2435,24273
4337,8.260,4.090,3.709,0.133,0.005,0.242,0,22.170,7.947,0.000,0,1452,0,0
4338,24.872,24.872,10.863,13.366,0.352,0.290,1,22.170,7.947,0.000,399,76291,2437,24273
4339,8.490,4.326,3.782,0.134,0.004,0.406,0,21.375,8.025,0.000,0,1452,0,0
4340,26.197,26.197,11.600,13.923,0.351,0.324,1,21.375,8.025,0.000,399,76291,2436,24273
4341,7.179,4.389,3.966,0.134,0.004,0.285,0,19.711,7.910,0.000,0,1452,0,0
4342,25.782,25.782,10.601,14.157,0.568,0.456,1,19.711,7.910,0.000,399,76291,2436,24273
4343,7.592,4.314,3.764,0.133,0.005,0.412,0,19.711,7.910,0.000,0,1452,0,0
4344,30.108,30.108,12.602,16.809,0.371,0.326,1,24.324,8.103,2.946,399,76291,1992,24273
4345,4.682,4.682,4.152,0.134,0.005,0.391,0,21.621,6.947,2.946,0,1452,0,0
4346,27.823,27.823,11.280,15.734,0.443,0.366,1,21.621,6.947,0.000,399,76291,2435,24273
4347,4.223,4.223,3.771,0.133,0.004,0.314,0,21.621,6.947,0.000,0,1452,0,0
4348,28.779,28.779,12.293,14.817,0.522,1.147,1,22.530,8.068,0.000,399,76291,2437,24273
4349,4.510,4.510,4.071,0.133,0.005,0.300,0,22.530,8.068,0.000,0,1452,0,0
4350,32.657,32.657,14.558,17.459,0.288,0.353,1,24.046,9.109,2.522,399,76291,2092,24273
4351,4.440,4.440,3.892,0.134,0.004,0.410,0,23.157,8.056,2.522,0,1452,0,0
4352,28.938,28.938,11.396,16.800,0.382,0.360,1,23.157,8.056,1.868,399,76291,2173,24273
4353,4.907,4.907,4.525,0.136,0.005,0.241,0,23.157,8.056,1.868,0,1452,0,0
4354,31.852,31.852,12.949,17.987,0.457,0.459,1,20.291,6.913,3.013,399,76291,1989,24273
4355,4.268,4.268,3.845,0.133,0.004,0.286,0,20.291,6.913,3.013,0,1452,0,0
4356,27.604,27.604,12.809,14.124,0.328,0.344,1,20.291,6.913,0.000,399,76291,2435,24273
4357,4.715,4.715,4.229,0.135,0.005,0.346,0,20.699,8.319,0.000,0,1452,0,0
4358,26.999,26.999,12.178,14.065,0.457,0.299,1,20.699,8.319,0.000,400,76291,2438,24273
4359,5.808,5.808,5.405,0.133,0.004,0.265,0,20.766,9.478,0.000,0,1452,0,0
4360,25.018,25.018,11.159,13.175,0.317,0.368,1,20.766,9.478,0.000,399,76179,2436,24273
4361,5.604,5.604,5.217,0.135,0.006,0.247,0,20.241,8.052,0.000,0,1340,0,0
4362,23.131,23.131,9.325,13.053,0.462,0.291,1,20.241,8.052,0.000,399,76179,2436,24273
4363,7.585,7.294,6.813,0.163,0.005,0.313,0,21.447,7.947,0.000,0,1340,0,0
4364,23.971,23.971,10.475,12.940,0.279,0.277,1,21.447,7.947,0.000,399,76179,2436,24273
4365,9.390,7.244,6.799,0.153,0.011,0.281,0,21.934,8.598,0.000,0,1340,0,0
4366,29.831,29.831,11.854,17.237,0.369,0.370,1,20.155,7.418,2.243,399,76179,2114,24273
4367,4.981,4.981,4.577,0.142,0.004,0.257,0,20.155,7.418,2.243,0,1340,0,0
4368,26.741,26.741,12.106,14.016,0.267,0.352,1,20.155,7.418,0.000,399,76179,2437,24273
4369,5.537,5.537,5.029,0.139,0.004,0.365,0,19.786,7.907,0.000,0,1340,0,0
4370,25.814,25.814,10.864,14.128,0.478,0.344,1,19.786,7.907,0.000,399,76179,2436,24273
4371,7.199,7.084,6.686,0.139,0.005,0.254,0,19.786,7.907,0.000,0,1340,0,0
4372,25.902,25.902,11.859,13.345,0.311,0.387,1,22.215,8.744,0.000,399,76179,2436,24273
4373,7.479,5.804,5.412,0.135,0.004,0.254,0,21.146,7.973,0.000,0,1340,0,0
4374,24.734,24.734,10.809,13.164,0.464,0.297,1,21.146,7.973,0.000,399,76179,2436,24273
4375,8.708,6.437,5.963,0.136,0.004,0.333,0,21.864,7.766,0.000,0,1340,0,0
4376,25.723,25.723,11.505,13.415,0.483,0.320,1,21.864,7.766,0.000,399,76179,2435,24273
4377,7.564,5.834,5.436,0.135,0.005,0.258,0,21.948,8.298,0.000,0,1340,0,0
4378,26.910,26.910,10.450,15.729,0.414,0.316,1,21.948,8.298,2.319,399,76179,2117,24273
4379,6.449,5.414,4.989,0.139,0.007,0.279,0,22.313,7.969,2.319,0,1340,0,0
4380,29.581,29.581,12.203,16.594,0.488,0.295,1,20.808,7.412,2.717,399,76179,2073,24273
4381,4.344,4.344,3.856,0.134,0.005,0.349,0,20.808,7.412,2.717,0,1340,0,0
4382,24.841,24.841,9.772,14.533,0.259,0.277,1,20.808,7.412,0.000,399,76179,2436,24273
4383,7.978,4.839,4.425,0.146,0.005,0.263,0,21.711,7.746,0.000,0,1340,0,0
4384,26.877,26.877,11.615,14.233,0.601,0.427,1,21.711,7.746,0.000,399,76179,2436,24273
4385,6.710,6.152,5.695,0.142,0.008,0.307,0,21.711,7.746,0.000,0,1340,0,0
4386,28.297,28.297,11.000,16.646,0.353,0.298,1,23.238,8.868,1.982,399,76179,2152,24273
4387,4.836,4.397,3.898,0.134,0.005,0.359,0,21.728,7.571,1.982,0,1340,0,0
4388,24.303,24.303,10.224,13.455,0.316,0.308,1,21.728,7.571,0.000,399,76179,2437,24273
4389,9.082,4.481,4.069,0.134,0.006,0.272,0,22.993,7.881,0.000,0,1340,0,0
4390,27.274,27.274,9.649,16.932,0.358,0.335,1,22.993,7.881,2.376,399,76179,2092,24273
4391,6.082,4.347,3.991,0.134,0.005,0.217,0,23.039,7.268,2.376,0,1340,0,0
4392,26.727,26.727,10.565,15.613,0.301,0.248,1,23.039,7.268,2.462,399,76179,2074,24273
4393,6.636,4.376,3.981,0.135,0.004,0.255,0,21.406,7.629,2.462,0,1340,0,0
4394,29.299,29.299,11.321,17.321,0.424,0.233,1,21.406,7.629,2.185,399,76179,2118,24273
4395,4.191,4.191,3.853,0.136,0.005,0.198,0,22.089,7.259,2.185,0,1340,0,0
4396,24.502,24.502,9.742,14.209,0.262,0.289,1,22.089,7.259,0.000,399,76179,2435,24273
4397,8.767,6.542,6.181,0.139,0.004,0.218,0,22.089,7.259,0.000,0,1340,0,0
4398,31.023,31.023,13.078,17.271,0.347,0.327,1,26.101,7.777,3.615,399,76179,1928,24273
4399,4.946,4.946,4.578,0.136,0.004,0.228,0,23.717,7.379,3.615,0,1340,0,0
4400,29.091,29.091,11.124,17.317,0.344,0.305,1,23.717,7.379,3.588,399,76179,2021,24273
4401,4.293,4.293,3.846,0.133,0.004,0.310,0,22.047,7.129,3.588,0,1340,0,0
4402,26.825,26.825,9.541,16.671,0.365,0.248,1,22.047,7.129,1.746,399,76179,2170,24273
4403,4.859,4.859,3.918,0.686,0.004,0.252,0,21.354,7.435,1.746,0,1340,0,0
4404,24.692,24.692,9.150,14.832,0.355,0.356,1,21.354,7.435,0.000,399,76179,2436,24273
4405,7.725,4.130,3.702,0.133,0.005,0.290,0,21.846,7.803,0.000,0,1340,0,0
4406,26.664,26.664,11.779,14.044,0.517,0.323,1,21.846,7.803,0.000,399,76179,2435,24273
4407,6.701,4.593,4.105,0.134,0.004,0.351,0,22.462,8.109,0.000,0,1340,0,0
4408,25.933,25.933,9.669,15.672,0.374,0.217,1,22.462,8.109,1.825,400,76179,2182,24273
4409,7.436,4.149,3.818,0.132,0.005,0.194,0,22.955,8.097,1.825,0,1340,0,0
4410,26.582,26.582,9.609,16.287,0.419,0.267,1,22.955,8.097,2.954,399,76179,2056,24273
4411,6.781,4.154,3.816,0.134,0.004,0.200,0,23.181,7.882,2.954,0,1340,0,0
4412,26.550,26.550,9.598,16.406,0.336,0.209,1,23.181,7.882,2.963,399,76179,1977,24273
4413,6.815,4.444,4.046,0.134,0.004,0.260,0,23.328,7.232,2.963,0,1340,0,0
4414,26.768,26.768,9.803,16.394,0.315,0.256,1,23.328,7.232,3.392,399,76179,1936,24273
4415,6.589,4.418,3.995,0.134,0.005,0.285,0,22.460,7.210,3.392,0,1340,0,0
4416,25.855,25.855,9.389,15.796,0.318,0.350,1,22.460,7.210,2.937,399,76179,1961,24273
4417,7.514,4.341,3.882,0.133,0.005,0.320,0,22.522,7.222,2.937,0,1340,0,0
4418,28.352,28.352,11.196,16.479,0.325,0.352,1,22.522,7.222,3.412,399,76179,1928,24273
4419,5.226,5.226,4.610,0.143,0.010,0.463,0,20.390,7.249,3.412,0,1340,0,0
4420,27.325,27.325,10.079,16.492,0.398,0.357,1,20.390,7.249,2.238,399,76179,2096,24273
4421,6.082,4.535,4.068,0.133,0.004,0.331,0,20.390,7.249,2.238,0,1340,0,0
4422,28.143,28.143,10.553,16.758,0.382,0.449,1,24.036,7.116,3.629,399,76179,1948,24273
4423,4.975,4.337,3.876,0.133,0.004,0.325,0,24.296,6.550,3.629,0,1340,0,0
4424,27.517,27.517,9.474,17.118,0.515,0.409,1,24.296,6.550,3.746,399,76299,1990,24273
4425,5.845,4.601,4.027,0.133,0.006,0.434,0,23.882,6.431,3.746,0,1460,0,0
4426,28.434,28.434,11.127,16.643,0.335,0.329,1,23.882,6.431,3.494,399,76299,2004,24273
4427,4.931,4.504,4.063,0.134,0.003,0.303,0,21.224,6.795,3.494,0,1460,0,0
4428,29.929,29.929,12.855,16.218,0.413,0.443,1,20.738,6.967,2.678,399,76299,2027,24273
4429,4.430,4.430,3.989,0.133,0.004,0.303,0,20.738,6.967,2.678,0,1460,0,0
4430,25.241,25.241,9.963,14.644,0.261,0.374,1,20.738,6.967,0.000,399,76299,2436,24273
4431,7.137,6.838,6.291,0.138,0.009,0.401,0,21.420,7.985,0.000,0,1460,0,0
4432,28.106,28.106,12.934,14.468,0.383,0.320,1,21.420,7.985,0.000,399,76299,2436,24273
4433,5.256,4.568,4.129,0.136,0.005,0.299,0,19.867,8.294,0.000,0,1460,0,0
4434,26.816,26.816,12.761,13.266,0.337,0.452,1,19.867,8.294,0.000,399,76299,2436,24273
4435,6.556,4.652,4.207,0.132,0.005,0.309,0,21.241,7.664,0.000,0,1460,0,0
4436,26.765,26.765,10.231,15.729,0.435,0.370,1,21.241,7.664,0.000,399,76299,2435,24273
4437,6.799,4.786,4.272,0.134,0.004,0.376,0,22.778,8.262,0.000,0,1460,0,0
4438,27.556,27.556,12.514,14.378,0.367,0.297,1,22.778,8.262,0.000,399,76299,2437,24273
4439,5.948,5.948,5.546,0.134,0.005,0.263,0,20.265,8.019,0.000,0,1460,0,0
4440,25.432,25.432,10.616,14.063,0.399,0.354,1,20.265,8.019,0.000,399,76299,2436,24273
4441,7.989,4.610,4.211,0.134,0.005,0.260,0,23.708,8.207,0.000,0,1460,0,0
4442,29.640,29.640,11.731,17.304,0.314,0.290,1,20.214,7.452,2.582,399,76299,2077,24273
4443,5.689,5.689,5.157,0.144,0.007,0.381,0,20.214,7.452,2.582,0,1460,0,0
4444,28.805,28.805,11.462,16.060,0.971,0.311,1,20.214,7.452,0.000,399,76299,2436,24273
4445,5.432,5.432,5.014,0.133,0.006,0.279,0,20.308,8.060,0.000,0,1460,0,0
4446,25.641,25.641,10.384,14.146,0.432,0.679,1,20.308,8.060,0.000,399,76299,2435,24273
4447,4.492,4.492,4.008,0.139,0.007,0.337,0,20.308,8.060,0.000,0,1460,1,0
4448,36.287,36.287,18.115,17.460,0.362,0.350,1,26.230,8.613,3.772,399,76299,1906,24273
4449,4.451,4.451,3.873,0.134,0.004,0.440,0,23.910,6.744,3.772,0,1460,0,0
4450,26.216,26.216,9.399,16.163,0.293,0.361,1,23.910,6.744,2.356,399,76299,2054,24273
4451,4.416,4.416,3.936,0.136,0.003,0.341,0,23.910,6.744,2.356,0,1460,0,0
4452,12.054,8.204,7.641,0.141,0.003,0.419,0,25.023,7.004,2.356,0,1460,0,0
4453,26.917,26.917,9.445,16.736,0.376,0.361,1,25.023,7.004,3.812,399,76299,1956,24273
4454,6.450,4.377,3.910,0.133,0.004,0.331,0,22.574,7.549,3.812,0,1460,0,0
4455,26.348,26.348,9.266,16.307,0.323,0.452,1,22.574,7.549,3.116,399,76299,1949,24273
4456,7.020,4.315,3.834,0.133,0.005,0.343,0,24.051,6.598,3.116,0,1460,0,0
4457,28.648,28.648,11.129,16.835,0.345,0.339,1,20.356,6.835,3.727,400,76299,1979,24273
4458,5.311,5.311,4.764,0.145,0.004,0.398,0,20.356,6.835,3.727,0,1460,0,0
4459,26.307,26.307,9.512,16.060,0.374,0.361,1,20.356,6.835,0.000,399,76299,2435,24273
4460,7.208,5.190,4.706,0.134,0.004,0.346,0,22.686,7.940,0.000,0,1460,0,0
4461,26.760,26.760,9.749,16.044,0.395,0.572,1,22.686,7.940,2.557,399,76299,2087,24273
4462,6.341,4.813,4.300,0.135,0.005,0.374,0,22.686,7.940,2.557,0,1460,0,0
4463,31.346,31.346,12.754,17.755,0.445,0.392,1,22.201,6.680,3.859,399,76299,1929,24273
4464,5.178,5.178,4.490,0.137,0.007,0.543,0,22.201,6.680,3.859,0,1460,0,0
4465,26.918,26.918,9.918,16.229,0.404,0.368,1,22.201,6.680,2.003,399,76299,2128,24273
4466,4.364,4.364,3.883,0.135,0.006,0.340,0,22.201,6.680,2.003,0,1460,0,0
4467,32.068,32.068,14.332,16.882,0.363,0.491,1,25.090,7.124,3.667,399,76299,1939,24273
4468,4.561,4.561,4.056,0.133,0.004,0.368,0,23.228,6.549,3.667,0,1460,0,0
4469,27.061,27.061,9.661,16.585,0.399,0.416,1,23.228,6.549,2.871,399,76299,1965,24273
4470,4.660,4.660,3.995,0.136,0.005,0.525,0,23.228,6.549,2.871,0,1460,0,0
4471,32.428,32.428,13.032,18.559,0.431,0.406,1,22.047,6.804,3.375,399,76299,1934,24273
4472,4.636,4.636,4.120,0.133,0.004,0.379,0,22.047,6.804,3.375,0,1460,0,0
4473,26.250,26.250,9.502,15.900,0.325,0.523,1,22.047,6.804,1.746,399,76299,2175,24273
4474,7.523,7.523,6.971,0.137,0.008,0.406,0,22.112,7.857,1.746,0,1460,0,0
4475,27.551,27.551,11.324,14.847,0.405,0.975,1,22.112,7.857,0.000,399,76299,2436,24273
4476,4.661,4.661,3.975,0.134,0.007,0.545,0,22.112,7.857,0.000,0,1460,0,0
4477,29.790,29.790,14.090,14.696,0.512,0.492,1,22.285,8.318,0.000,400,76299,2438,24273
4478,4.663,4.663,4.188,0.135,0.005,0.335,0,21.690,8.757,0.000,0,1460,0,0
4479,29.753,29.753,12.669,15.971,0.407,0.706,1,21.690,8.757,0.000,399,76299,2435,24273
4480,4.458,4.458,3.972,0.133,0.006,0.346,0,23.176,8.119,0.000,0,1460,0,0
4481,25.245,25.245,10.032,14.564,0.295,0.354,1,23.176,8.119,0.000,399,76299,2436,24273
4482,4.309,4.309,3.749,0.134,0.004,0.422,0,23.176,8.119,0.000,0,1460,0,0
4483,30.991,30.991,15.940,14.063,0.606,0.382,1,22.673,8.179,0.000,399,76299,2436,24273
4484,4.789,4.789,4.346,0.137,0.005,0.301,0,21.498,8.324,0.000,0,1460,0,0
4485,27.276,27.276,12.824,13.577,0.344,0.531,1,21.498,8.324,0.000,399,76299,2436,24273
4486,4.731,4.731,4.285,0.132,0.005,0.308,0,21.387,7.935,0.000,0,1460,0,0
4487,26.370,26.370,12.110,13.394,0.501,0.365,1,21.387,7.935,0.000,399,76299,2437,24273
4488,5.817,5.817,5.139,0.227,0.004,0.448,0,21.828,7.746,0.000,0,1356,0,0
4489,26.160,26.160,12.394,13.079,0.293,0.395,1,21.828,7.746,0.000,401,76195,2444,24273
4490,5.744,5.744,5.204,0.221,0.004,0.315,0,20.470,8.940,0.000,0,1356,0,0
4491,28.367,28.367,10.868,16.644,0.358,0.497,1,20.470,8.940,0.000,404,76207,2488,24273
4492,5.084,5.084,4.577,0.141,0.005,0.362,0,20.470,8.940,0.000,0,1368,0,0
4493,13.954,7.970,7.500,0.136,0.003,0.330,0,30.636,8.676,0.000,0,1368,0,0
4494,31.246,31.246,10.540,19.240,0.402,1.063,1,21.670,5.206,5.307,404,76207,1946,24273
4495,4.344,4.344,3.875,0.138,0.005,0.327,0,21.670,5.206,5.307,0,1368,0,0
4496,31.022,31.022,11.647,17.593,1.417,0.365,1,21.670,5.206,1.782,404,76207,2205,24273
4497,4.774,4.774,4.208,0.138,0.004,0.423,0,21.669,7.337,1.782,0,1368,0,0
4498,27.672,27.672,11.218,15.544,0.535,0.375,1,21.669,7.337,0.000,404,76207,2471,24273
4499,7.284,7.284,6.656,0.141,0.016,0.471,0,22.345,9.319,0.000,0,1368,0,0
4500,27.938,27.938,12.544,14.466,0.585,0.343,1,22.345,9.319,0.000,404,76207,2469,24273
4501,6.370,6.370,5.904,0.140,0.004,0.322,0,22.345,9.319,0.000,0,1368,0,0
4502,9.495,8.341,7.801,0.137,0.005,0.398,0,27.165,9.195,0.000,0,1368,0,0
4503,32.353,32.353,12.249,19.338,0.427,0.339,1,22.101,6.726,4.395,404,76207,1989,24273
4504,4.316,4.316,3.864,0.137,0.004,0.310,0,22.101,6.726,4.395,0,1368,0,0
4505,27.042,27.042,9.478,16.895,0.247,0.422,1,22.101,6.726,2.313,404,76207,2227,24273
4506,5.018,5.018,4.535,0.139,0.005,0.339,0,22.344,7.330,2.313,0,1368,0,0
4507,25.134,25.134,9.780,14.630,0.380,0.343,1,22.344,7.330,0.000,404,76207,2470,24273
4508,7.070,5.191,4.619,0.137,0.005,0.430,0,22.344,7.330,0.000,0,1368,0,0
4509,25.267,25.267,9.760,14.736,0.417,0.353,1,22.505,7.962,0.000,405,76207,2472,24273
4510,7.285,4.211,3.760,0.138,0.004,0.309,0,22.133,7.988,0.000,0,1368,0,0
4511,27.772,27.772,12.482,14.354,0.512,0.423,1,22.133,7.988,0.000,404,76207,2469,24273
4512,5.587,4.411,4.010,0.139,0.017,0.246,0,21.382,8.778,0.000,0,1368,0,0
4513,27.292,27.292,11.711,14.926,0.432,0.222,1,21.382,8.778,0.000,404,76207,2470,24273
4514,6.075,4.285,3.857,0.164,0.004,0.260,0,22.174,8.360,0.000,0,1368,0,0
4515,24.781,24.781,9.999,14.331,0.266,0.184,1,22.174,8.360,0.000,404,76207,2470,24273
4516,8.590,4.736,4.419,0.142,0.006,0.169,0,21.757,8.201,0.000,0,1368,0,0
4517,24.854,24.854,9.491,14.733,0.395,0.234,1,21.757,8.201,0.000,404,76207,2470,24273
4518,8.513,4.200,3.887,0.139,0.004,0.171,0,21.999,8.068,0.000,0,1368,0,0
4519,24.906,24.906,9.948,14.410,0.362,0.187,1,21.999,8.068,0.000,404,76207,2471,24273
4520,8.454,4.268,3.908,0.137,0.003,0.220,0,21.635,7.832,0.000,0,1368,0,0
4521,23.815,23.815,9.785,13.415,0.347,0.269,1,21.635,7.832,0.000,404,76207,2469,24273
4522,9.562,4.291,3.910,0.137,0.005,0.240,0,22.899,7.784,0.000,0,1368,0,0
4523,26.139,26.139,9.583,15.799,0.434,0.324,1,22.899,7.784,2.335,404,76207,2159,24273
4524,7.221,4.091,3.753,0.138,0.004,0.196,0,23.515,7.324,2.335,0,1368,0,0
4525,26.581,26.581,9.699,16.237,0.427,0.218,1,23.515,7.324,2.872,404,76207,2037,24273
4526,6.790,4.276,3.876,0.138,0.006,0.257,0,23.303,7.070,2.872,0,1368,0,0
4527,26.996,26.996,10.017,16.283,0.466,0.230,1,23.303,7.070,3.078,404,76207,2004,24273
4528,6.359,4.264,3.919,0.140,0.005,0.200,0,22.479,7.203,3.078,0,1368,0,0
4529,26.168,26.168,9.523,15.935,0.439,0.270,1,22.479,7.203,2.818,404,76207,2019,24273
4530,7.211,4.109,3.802,0.139,0.005,0.162,0,22.903,7.751,2.818,0,1368,0,0
4531,30.432,30.432,11.947,17.896,0.422,0.167,1,20.541,6.655,3.473,404,76207,1940,24273
4532,4.869,4.869,4.459,0.188,0.007,0.214,0,20.541,6.655,3.473,0,1368,1,0
4533,24.199,24.199,9.545,14.068,0.413,0.173,1,20.541,6.655,0.000,404,76207,2469,24273
4534,8.006,5.258,4.974,0.138,0.004,0.142,0,20.541,6.655,0.000,0,1368,0,0
4535,27.135,27.135,10.340,16.143,0.451,0.201,1,22.632,8.983,2.724,404,76207,2083,24273
4536,5.472,4.357,4.057,0.138,0.004,0.158,0,22.632,8.983,2.724,0,1368,0,0
4537,27.165,27.165,10.296,16.224,0.403,0.243,1,23.252,7.780,3.165,404,76207,1979,24273
4538,6.179,4.279,3.903,0.138,0.005,0.233,0,22.075,7.398,3.165,0,1368,0,0
4539,27.594,27.594,9.597,17.402,0.378,0.216,1,22.075,7.398,2.892,404,76207,2028,24273
4540,5.769,4.186,3.865,0.137,0.004,0.180,0,21.149,6.925,2.892,0,1368,0,0
4541,25.403,25.403,9.243,15.606,0.280,0.274,1,21.149,6.925,1.950,404,76207,2171,24273
4542,7.971,4.246,3.913,0.149,0.004,0.180,0,22.840,7.144,1.950,0,1368,0,0
4543,26.057,26.057,9.483,15.985,0.394,0.195,1,22.840,7.144,2.859,404,76207,2022,24273
4544,7.312,4.369,3.982,0.137,0.007,0.243,0,22.936,7.168,2.859,0,1368,0,0
4545,26.352,26.352,9.448,16.388,0.339,0.177,1,22.936,7.168,3.181,404,76207,1972,24273
4546,7.013,4.320,3.999,0.143,0.009,0.169,0,22.702,7.049,3.181,0,1368,0,0
4547,26.193,26.193,9.502,16.082,0.388,0.222,1,22.702,7.049,3.090,404,76207,1968,24273
4548,7.172,4.201,3.888,0.139,0.004,0.169,0,22.441,7.679,3.090,0,1368,0,0
4549,26.882,26.882,9.779,16.557,0.356,0.189,1,22.441,7.679,3.384,405,76207,1954,24273
4550,6.477,5.346,4.998,0.140,0.003,0.205,0,21.224,7.094,3.384,0,1368,0,0
4551,29.327,29.327,11.482,17.161,0.450,0.235,1,20.625,7.098,3.304,396,76171,2013,24273
4552,5.027,5.027,4.634,0.145,0.007,0.241,0,20.625,7.098,3.304,0,796,0,0
4553,24.467,24.467,9.324,14.644,0.250,0.249,1,20.625,7.098,0.000,391,75659,2370,24273
4554,7.919,3.855,3.550,0.125,0.004,0.175,0,21.293,7.735,0.000,0,844,0,0
4555,24.105,24.105,9.705,13.848,0.360,0.192,1,21.293,7.735,0.000,391,75707,2371,24273
4556,9.266,3.901,3.548,0.124,0.004,0.226,0,20.877,7.895,0.000,0,892,0,0
4557,25.233,25.233,10.641,13.937,0.436,0.219,1,20.877,7.895,0.000,391,75755,2371,24273
4558,8.123,5.557,5.250,0.127,0.004,0.175,0,21.171,7.801,0.000,0,928,0,0
4559,26.034,26.034,10.628,14.678,0.439,0.289,1,21.171,7.801,0.000,392,75767,2390,24273
4560,7.348,4.241,3.937,0.129,0.005,0.169,0,23.332,8.357,0.000,0,928,0,0
4561,26.143,26.143,9.448,16.053,0.459,0.183,1,23.332,8.357,2.585,392,75767,2001,24273
4562,7.276,4.002,3.667,0.126,0.004,0.205,0,23.149,6.893,2.585,0,928,0,0
4563,26.717,26.717,9.801,16.217,0.520,0.179,1,23.149,6.893,2.849,392,75767,1947,24273
4564,6.600,3.986,3.679,0.125,0.006,0.175,0,22.399,8.168,2.849,0,928,0,0
4565,26.486,26.486,9.524,16.348,0.390,0.225,1,22.399,8.168,2.970,392,75767,1915,24273
4566,6.876,3.988,3.687,0.127,0.005,0.169,0,22.835,6.715,2.970,0,928,0,0
4567,29.779,29.779,11.276,17.778,0.467,0.258,1,20.786,6.759,3.381,392,75767,1884,24273
4568,4.402,4.402,4.040,0.128,0.005,0.229,0,20.786,6.759,3.381,0,928,0,0
4569,27.230,27.230,11.837,14.898,0.291,0.204,1,20.786,6.759,0.000,392,75767,2386,24273
4570,5.325,4.241,3.937,0.126,0.006,0.171,0,20.959,8.101,0.000,0,928,0,0
4571,26.728,26.728,11.103,14.974,0.398,0.253,1,20.959,8.101,0.000,392,75767,2384,24273
4572,6.633,3.952,3.646,0.125,0.005,0.176,0,22.408,8.293,0.000,0,928,0,0
4573,23.636,23.636,9.189,13.863,0.372,0.212,1,22.408,8.293,0.000,392,75767,2385,24273
4574,9.720,6.381,6.040,0.132,0.004,0.204,0,21.365,7.853,0.000,0,928,0,0
4575,24.729,24.729,10.681,13.382,0.437,0.228,1,21.365,7.853,0.000,393,75807,2400,24273
4576,8.636,4.854,4.566,0.128,0.004,0.156,0,20.460,8.988,0.000,0,972,0,0
4577,24.585,24.585,10.864,13.064,0.403,0.254,1,20.460,8.988,0.000,394,75811,2413,24273
4578,8.782,4.932,4.641,0.131,0.005,0.156,0,20.978,8.929,0.000,0,972,0,0
4579,23.684,23.684,10.028,13.049,0.413,0.195,1,20.978,8.929,0.000,394,75811,2408,24273
4580,9.684,5.281,4.947,0.128,0.005,0.202,0,21.021,8.346,0.000,0,972,0,0
4581,23.815,23.815,10.308,12.904,0.411,0.193,1,21.021,8.346,0.000,394,75811,2407,24273
4582,9.554,5.208,4.897,0.127,0.004,0.180,0,21.122,7.620,0.000,0,972,0,0
4583,25.635,25.635,11.345,13.648,0.340,0.302,1,21.122,7.620,0.000,394,75811,2408,24273
4584,7.734,4.022,3.679,0.129,0.004,0.210,0,19.269,7.835,0.000,0,972,0,0
4585,25.000,25.000,10.290,13.869,0.545,0.295,1,19.269,7.835,0.000,394,75811,2408,24273
4586,8.385,4.289,3.843,0.129,0.004,0.313,0,23.449,8.096,0.000,0,972,0,0
4587,29.739,29.739,11.891,17.197,0.395,0.256,1,23.449,8.096,3.282,394,75811,1949,24273
4588,4.172,4.172,3.812,0.129,0.005,0.226,0,21.858,7.012,3.282,0,972,0,0
4589,26.057,26.057,10.221,15.080,0.411,0.345,1,21.858,7.012,1.995,394,75811,2105,24273
4590,6.759,4.058,3.631,0.128,0.007,0.292,0,22.982,7.115,1.995,0,972,0,0
4591,26.413,26.413,9.631,16.125,0.397,0.261,1,22.982,7.115,2.847,394,75811,1969,24273
4592,6.946,4.112,3.661,0.129,0.005,0.316,0,23.462,6.759,2.847,0,972,0,0
4593,28.039,28.039,10.900,16.528,0.324,0.288,1,23.462,6.759,3.305,394,75811,1902,24273
4594,5.318,4.275,3.854,0.128,0.005,0.288,0,21.636,6.535,3.305,0,972,0,0
4595,29.432,29.432,12.060,15.997,0.362,1.013,1,20.621,6.969,2.573,394,75811,2018,24273
4596,4.193,4.193,3.682,0.128,0.005,0.377,0,20.621,6.969,2.573,0,972,0,0
4597,25.091,25.091,9.339,15.122,0.291,0.339,1,20.621,6.969,0.000,394,75811,2408,24273
4598,8.036,4.448,3.758,0.129,0.008,0.554,0,22.472,7.844,0.000,0,972,0,0
4599,27.005,27.005,9.464,16.788,0.363,0.390,1,22.472,7.844,2.240,394,75811,2101,24273
4600,6.343,5.031,4.387,0.129,0.005,0.510,0,21.702,7.350,2.240,0,972,0,0
4601,27.987,27.987,11.644,15.599,0.346,0.397,1,21.702,7.350,1.746,394,75811,2151,24273
4602,5.386,4.128,3.632,0.127,0.006,0.364,0,22.157,7.477,1.746,0,972,0,0
4603,24.677,24.677,9.739,14.200,0.247,0.490,1,22.157,7.477,0.000,394,75811,2408,24273
4604,8.697,4.070,3.600,0.127,0.004,0.339,0,22.330,7.930,0.000,0,972,0,0
4605,29.352,29.352,12.070,16.400,0.496,0.386,1,22.330,7.930,1.994,394,75811,2121,24273
4606,4.407,4.407,3.870,0.129,0.005,0.403,0,21.844,7.460,1.994,0,972,0,0
4607,26.309,26.309,11.566,14.086,0.311,0.345,1,21.844,7.460,0.000,394,75811,2408,24273
4608,6.660,5.729,5.290,0.129,0.005,0.306,0,21.001,7.678,0.000,0,972,0,0
4609,26.900,26.900,11.673,14.298,0.448,0.481,1,21.001,7.678,0.000,394,75811,2408,24273
4610,6.475,4.623,4.141,0.129,0.005,0.348,0,22.905,8.184,0.000,0,972,0,0
4611,24.697,24.697,9.652,14.399,0.269,0.377,1,22.905,8.184,0.000,394,75811,2407,24273
4612,8.669,4.883,3.755,0.126,0.004,0.996,0,21.746,8.175,0.000,0,972,0,0
4613,24.733,24.733,9.129,14.836,0.373,0.395,1,21.746,8.175,0.000,394,75811,2408,24273
4614,8.631,4.180,3.701,0.128,0.005,0.346,0,22.260,7.897,0.000,0,972,0,0
4615,27.138,27.138,9.569,16.795,0.326,0.448,1,22.260,7.897,1.976,394,75811,2135,24273
4616,6.219,4.054,3.582,0.126,0.004,0.341,0,22.127,7.549,1.976,0,928,0,0
4617,26.503,26.503,10.647,15.145,0.361,0.349,1,22.127,7.549,1.887,392,75767,2106,24273
4618,6.875,4.493,3.816,0.214,0.007,0.456,0,22.017,7.212,1.887,0,928,0,0
4619,28.861,28.861,12.051,15.999,0.418,0.393,1,22.017,7.212,2.187,392,75767,2107,24273
4620,4.493,4.463,3.975,0.128,0.004,0.356,0,21.590,7.451,2.187,0,928,0,0
4621,27.071,27.071,10.647,15.511,0.401,0.512,1,21.590,7.451,0.000,392,75767,2386,24273
4622,6.319,4.026,3.559,0.128,0.004,0.336,0,22.811,8.293,0.000,0,928,0,0
4623,28.606,28.606,12.093,15.738,0.410,0.365,1,22.811,8.293,1.816,392,75767,2124,24273
4624,4.739,4.298,3.734,0.127,0.004,0.434,0,21.873,7.774,1.816,0,928,0,0
4625,26.704,26.704,10.230,15.717,0.385,0.372,1,21.873,7.774,0.000,392,75767,2385,24273
4626,6.681,4.771,4.295,0.130,0.004,0.343,0,21.873,7.774,0.000,0,928,0,0
4627,33.725,33.725,13.045,19.736,0.481,0.464,1,19.546,7.437,5.640,392,75767,2052,24273
4628,4.213,4.213,3.700,0.127,0.005,0.381,0,19.546,7.437,5.640,0,928,0,0
4629,24.931,24.931,9.034,15.129,0.379,0.390,1,19.546,7.437,0.000,392,75767,2384,24273
4630,7.012,7.012,6.312,0.135,0.015,0.550,0,21.454,7.795,0.000,0,928,0,0
4631,27.946,27.946,12.053,14.945,0.566,0.382,1,21.454,7.795,0.000,393,75767,2387,24273
4632,5.295,5.295,4.838,0.127,0.005,0.325,0,20.719,9.460,0.000,0,928,0,0
4633,26.550,26.550,11.474,14.173,0.430,0.473,1,20.719,9.460,0.000,392,75767,2385,24273
4634,4.415,4.415,3.438,0.125,0.005,0.847,0,20.719,9.460,0.000,0,772,0,0
4635,29.471,29.471,12.823,15.936,0.416,0.296,1,23.833,8.601,2.578,390,75611,2103,24273
4636,4.055,4.055,3.523,0.125,0.005,0.402,0,21.401,7.803,2.578,0,772,0,0
4637,24.539,24.539,10.158,13.677,0.368,0.337,1,21.401,7.803,0.000,390,75611,2356,24273
4638,8.068,3.917,3.501,0.125,0.006,0.285,0,21.534,7.785,0.000,0,772,0,0
4639,27.535,27.535,11.742,14.858,0.525,0.409,1,21.534,7.785,0.000,390,75611,2355,24273
4640,5.795,4.025,3.625,0.125,0.004,0.271,0,21.235,8.214,0.000,0,772,0,0
4641,26.077,26.077,10.777,14.561,0.424,0.314,1,21.235,8.214,0.000,390,75611,2356,24273
4642,7.290,4.693,4.195,0.126,0.004,0.368,0,22.270,8.162,0.000,0,772,0,0
4643,24.446,24.446,9.800,14.011,0.274,0.361,1,22.270,8.162,0.000,390,75611,2356,24273
4644,8.928,3.882,3.416,0.125,0.005,0.336,0,21.878,8.065,0.000,0,772,0,0
4645,24.351,24.351,9.007,14.537,0.367,0.440,1,21.878,8.065,0.000,390,75611,2356,24273
4646,9.008,3.881,3.434,0.124,0.006,0.318,0,22.079,8.135,0.000,0,772,0,0
4647,23.277,23.277,9.122,13.228,0.553,0.374,1,22.079,8.135,0.000,390,75611,2356,24273
4648,10.094,4.029,3.490,0.124,0.003,0.412,0,23.057,7.942,0.000,0,772,0,0
4649,25.149,25.149,9.158,15.315,0.341,0.335,1,23.057,7.942,2.377,390,75611,2019,24273
4650,8.217,5.972,5.557,0.124,0.005,0.286,0,20.804,7.152,2.377,0,772,0,0
4651,25.968,25.968,12.222,12.973,0.332,0.441,1,20.804,7.152,0.000,390,75611,2356,24273
4652,7.395,3.964,3.589,0.125,0.004,0.247,0,20.472,7.673,0.000,0,768,0,0
4653,23.594,23.594,9.982,12.864,0.475,0.273,1,20.472,7.673,0.000,389,75607,2341,24273
4654,9.784,4.530,4.119,0.124,0.004,0.283,0,21.266,7.862,0.000,0,768,0,0
4655,24.104,24.104,9.568,13.916,0.373,0.247,1,21.266,7.862,0.000,389,75607,2341,24273
4656,9.259,4.546,4.164,0.126,0.005,0.251,0,21.123,7.803,0.000,0,768,0,0
4657,24.112,24.112,9.617,13.770,0.351,0.374,1,21.123,7.803,0.000,389,75607,2340,24273
4658,9.248,4.607,4.126,0.127,0.004,0.350,0,21.374,7.837,0.000,0,768,1,0
4659,24.758,24.758,10.006,13.935,0.360,0.456,1,21.374,7.837,0.000,389,75607,2340,24273
4660,8.618,4.719,4.037,0.124,0.003,0.555,0,21.875,8.049,0.000,0,768,0,0
4661,24.424,24.424,9.705,13.922,0.345,0.451,1,21.875,8.049,0.000,389,75607,2341,24273
4662,8.936,3.943,3.401,0.123,0.005,0.415,0,21.875,8.177,0.000,0,768,0,0
4663,24.501,24.501,9.181,14.377,0.350,0.593,1,21.875,8.177,0.000,389,75607,2341,24273
4664,8.871,3.977,3.398,0.123,0.003,0.452,0,22.648,7.946,0.000,0,768,0,0
4665,25.656,25.656,9.248,15.541,0.380,0.488,1,22.648,7.946,2.213,389,75607,2023,24273
4666,7.706,4.273,3.568,0.122,0.005,0.578,0,23.452,7.309,2.213,0,768,0,0
4667,25.953,25.953,9.217,15.856,0.439,0.442,1,23.452,7.309,3.058,389,75607,1872,24273
4668,7.417,4.041,3.498,0.124,0.004,0.415,0,23.485,6.790,3.058,0,768,0,0
4669,27.106,27.106,9.744,16.360,0.438,0.563,1,23.485,6.790,3.541,389,75607,1839,24273
4670,6.263,4.038,3.484,0.124,0.006,0.425,0,24.601,6.924,3.541,0,768,0,0
4671,27.657,27.657,9.503,17.407,0.344,0.402,1,24.601,6.924,4.390,389,75607,1831,24273
4672,5.697,4.249,3.603,0.125,0.005,0.515,0,23.722,6.520,4.390,0,768,0,0
4673,26.979,26.979,9.210,16.892,0.466,0.411,1,23.722,6.520,4.094,389,75607,1837,24273
4674,6.386,6.028,5.481,0.128,0.005,0.414,0,20.995,7.223,4.094,0,768,0,0
4675,29.881,29.881,11.334,17.035,0.402,1.110,1,20.367,6.690,3.006,389,75607,1871,24273
4676,4.400,4.400,3.823,0.236,0.007,0.334,0,20.367,6.690,3.006,0,768,0,0
4677,25.096,25.096,9.675,14.794,0.263,0.364,1,20.367,6.690,0.000,389,75607,2340,24273
4678,7.358,6.145,5.585,0.128,0.005,0.427,0,20.495,7.904,0.000,0,768,0,0
4679,25.580,25.580,11.018,13.672,0.483,0.407,1,20.495,7.904,0.000,389,75607,2341,24273
4680,7.806,4.081,3.604,0.125,0.005,0.346,0,20.495,7.904,0.000,0,768,0,0
4681,29.799,29.799,11.823,17.102,0.366,0.509,1,20.378,7.327,3.014,389,75607,1903,24273
4682,4.632,4.632,4.152,0.126,0.007,0.346,0,20.378,7.327,3.014,0,768,0,0
4683,25.310,25.310,10.273,14.424,0.283,0.330,1,20.378,7.327,0.000,389,75607,2341,24273
4684,6.998,4.276,3.699,0.123,0.007,0.447,0,22.106,7.921,0.000,0,768,0,0
4685,26.612,26.612,10.511,15.315,0.423,0.363,1,22.106,7.921,1.793,389,75607,2081,24273
4686,6.747,4.608,4.163,0.129,0.005,0.311,0,23.903,7.598,1.793,0,768,0,0
4687,28.870,28.870,11.459,16.535,0.442,0.434,1,23.903,7.598,3.097,389,75607,1881,24273
4688,6.033,6.033,5.604,0.129,0.005,0.295,0,21.426,7.481,3.097,0,768,0,0
4689,26.924,26.924,10.976,15.213,0.383,0.352,1,21.426,7.481,2.132,389,75607,2006,24273
4690,4.904,4.414,3.859,0.124,0.006,0.426,0,20.906,7.732,2.132,0,768,0,0
4691,25.601,25.601,9.349,15.494,0.413,0.344,1,20.906,7.732,2.464,390,75607,1968,24273
4692,7.762,4.205,3.743,0.125,0.004,0.334,0,24.390,6.919,2.464,0,768,0,0
4693,27.199,27.199,9.457,16.909,0.382,0.450,1,24.390,6.919,4.120,389,75607,1849,24273
4694,6.163,4.117,3.642,0.124,0.005,0.345,0,23.797,6.887,4.120,0,768,0,0
4695,28.198,28.198,10.610,16.917,0.340,0.331,1,20.217,6.552,4.080,389,75607,1840,24273
4696,5.162,4.888,4.383,0.131,0.004,0.371,0,20.217,6.552,4.080,0,768,0,0
4697,28.154,28.154,11.746,15.701,0.383,0.324,1,20.217,6.552,2.770,389,75607,1946,24273
4698,5.215,4.282,3.800,0.125,0.005,0.352,0,20.186,7.639,2.770,0,768,0,0
4699,25.518,25.518,11.905,13.027,0.271,0.315,1,20.186,7.639,0.000,389,75607,2341,24273
4700,7.859,5.528,5.097,0.128,0.005,0.298,0,20.826,7.748,0.000,0,768,0,0
4701,24.780,24.780,11.165,12.663,0.514,0.439,1,20.826,7.748,0.000,390,75607,2343,24273
4702,8.585,5.711,5.237,0.131,0.008,0.335,0,21.496,8.313,0.000,0,768,0,0
4703,25.102,25.102,11.266,13.037,0.443,0.356,1,21.496,8.313,0.000,389,75607,2341,24273
4704,8.255,6.131,5.538,0.125,0.005,0.464,0,20.579,8.943,0.000,0,768,0,0
4705,24.635,24.635,10.876,12.853,0.477,0.428,1,20.579,8.943,0.000,389,75607,2340,24273
4706,8.732,5.843,5.337,0.125,0.005,0.376,0,19.996,8.940,0.000,0,768,0,0
4707,25.230,25.230,11.475,12.764,0.487,0.504,1,19.996,8.940,0.000,389,75607,2341,24273
4708,8.139,5.309,4.826,0.124,0.004,0.356,0,21.211,7.804,0.000,0,768,0,0
4709,24.837,24.837,11.016,12.930,0.485,0.406,1,21.211,7.804,0.000,389,75607,2341,24273
4710,8.532,5.305,4.704,0.125,0.004,0.472,0,20.199,7.764,0.000,0,768,0,0
4711,24.238,24.238,10.464,12.867,0.484,0.423,1,20.199,7.764,0.000,390,75607,2343,24273
4712,9.127,7.046,6.495,0.125,0.004,0.422,0,23.126,7.734,0.000,0,768,0,0
4713,31.980,31.980,9.206,21.835,0.433,0.507,1,16.824,1.369,0.655,324,35811,1634,24273
4714,4.653,4.653,4.169,0.130,0.004,0.349,0,16.824,1.369,0.655,0,768,0,0
4715,30.003,30.003,6.370,22.942,0.328,0.362,1,16.824,1.369,0.000,324,37847,2813,0
4716,3.978,3.978,2.869,0.674,0.004,0.432,0,23.246,6.165,0.000,0,768,0,0
4717,15.526,15.526,5.933,9.074,0.230,0.289,1,23.246,6.165,0.000,324,37847,2802,0
4718,13.963,3.229,2.846,0.125,0.004,0.255,0,17.405,6.017,0.000,0,768,0,0
4719,20.258,20.258,10.258,9.161,0.446,0.392,1,17.405,6.017,0.000,324,37847,2803,0
4720,13.104,3.553,3.137,0.125,0.004,0.287,0,15.307,6.180,0.000,0,768,0,0
4721,17.758,17.758,8.024,9.165,0.260,0.310,1,15.307,6.180,0.000,324,37847,2802,0
4722,15.607,4.849,4.345,0.124,0.004,0.376,0,14.980,5.966,0.000,0,768,0,0
4723,16.689,16.596,7.393,8.480,0.433,0.290,1,14.980,5.966,0.000,324,37847,2803,0
4724,16.676,5.384,4.997,0.125,0.005,0.258,0,14.881,5.842,0.000,0,768,0,0
4725,17.602,17.602,7.403,9.299,0.496,0.404,1,14.881,5.842,0.000,325,37847,2805,0
4726,15.769,4.885,4.467,0.144,0.010,0.264,0,19.281,5.914,0.000,0,768,0,0
4727,16.682,16.557,7.078,8.812,0.321,0.347,1,19.281,5.914,0.000,324,37847,2802,0
4728,16.677,4.907,4.525,0.126,0.004,0.251,0,16.382,6.034,0.000,0,768,0,0
4729,16.686,15.566,6.473,8.494,0.385,0.214,1,16.382,6.034,0.000,324,37847,2803,0
4730,16.684,4.242,3.940,0.123,0.004,0.174,0,14.761,6.460,0.000,0,768,0,0
4731,17.320,17.320,7.286,9.211,0.522,0.301,1,14.761,6.460,0.000,325,38447,2825,0
4732,16.055,3.290,2.950,0.122,0.005,0.212,0,17.731,6.865,0.000,0,768,0,0
4733,16.707,15.305,5.912,8.872,0.304,0.216,1,17.731,6.865,0.000,325,38447,2824,0
4734,16.654,6.779,6.319,0.134,0.010,0.315,0,16.963,6.516,0.000,0,768,0,0
4735,17.806,17.806,7.441,9.591,0.514,0.260,1,16.963,6.516,0.000,325,38447,2825,0
4736,15.559,4.386,4.064,0.124,0.004,0.196,0,15.339,6.159,0.000,0,768,0,0
4737,16.831,16.831,6.748,9.351,0.515,0.217,1,15.339,6.159,0.000,325,38447,2824,0
4738,16.575,3.446,3.164,0.131,0.004,0.147,0,16.571,6.379,0.000,0,768,1,0
4739,17.032,17.032,7.331,9.029,0.486,0.186,1,16.571,6.379,0.000,325,38447,2824,0
4740,16.309,3.380,3.003,0.122,0.005,0.251,0,18.696,6.843,0.000,0,768,0,0
4741,18.461,18.461,6.150,11.678,0.416,0.216,1,18.696,6.843,0.000,325,38447,2825,0
4742,14.931,4.226,3.904,0.124,0.005,0.193,0,18.696,6.843,0.000,0,768,0,0
4743,17.054,17.054,7.024,9.382,0.355,0.294,1,18.903,6.507,0.000,325,38447,2824,0
4744,16.282,3.341,3.042,0.122,0.005,0.171,0,18.876,6.573,0.000,0,768,0,0
4745,16.693,16.184,5.856,9.613,0.471,0.244,1,18.876,6.573,0.000,325,38447,2825,0
4746,16.665,3.622,3.226,0.123,0.005,0.268,0,16.666,6.158,0.000,0,768,0,0
4747,16.716,14.694,5.463,8.702,0.285,0.242,1,16.666,6.158,0.000,325,38447,2825,0
4748,16.653,3.815,3.507,0.127,0.005,0.176,0,16.875,5.992,0.000,0,768,0,0
4749,16.920,16.920,6.335,9.870,0.481,0.234,1,16.875,5.992,0.000,325,38447,2824,0
4750,16.461,3.209,2.866,0.124,0.004,0.215,0,20.765,7.426,0.000,0,768,0,0
4751,21.234,21.234,7.246,13.340,0.416,0.232,1,14.859,1.887,0.000,345,38447,1832,25867
4752,12.123,3.927,3.521,0.126,0.007,0.272,0,14.859,1.887,0.000,0,768,0,0
4753,16.866,16.244,5.910,9.784,0.330,0.219,1,14.859,1.887,0.000,326,38447,2827,0
4754,16.493,3.543,3.222,0.124,0.005,0.192,0,16.919,6.245,0.000,0,768,0,0
4755,16.712,16.130,5.900,9.518,0.417,0.295,1,16.919,6.245,0.000,325,38447,2825,0
4756,16.657,4.105,3.791,0.124,0.005,0.186,0,16.887,6.080,0.000,0,768,0,0
4757,16.713,15.850,5.886,9.416,0.389,0.160,1,16.887,6.080,0.000,325,38447,2824,0
4758,16.653,4.211,3.899,0.132,0.004,0.175,0,15.989,5.994,0.000,0,768,0,0
4759,16.783,16.113,6.403,9.147,0.417,0.146,1,15.989,5.994,0.000,325,38447,2825,0
4760,16.585,3.591,3.315,0.127,0.005,0.144,0,16.989,6.023,0.000,0,768,0,0
4761,18.161,18.161,7.800,9.460,0.593,0.308,1,16.989,6.023,0.000,325,38447,2825,0
4762,15.202,5.289,4.947,0.127,0.005,0.211,0,16.906,6.412,0.000,0,768,0,0
4763,16.688,15.871,6.576,8.754,0.290,0.250,1,16.906,6.412,0.000,325,38447,2824,0
4764,16.675,4.897,4.523,0.126,0.004,0.244,0,15.691,6.064,0.000,0,768,0,0
4765,16.687,15.821,6.774,8.438,0.348,0.262,1,15.691,6.064,0.000,325,38447,2825,0
4766,16.681,4.973,4.575,0.126,0.005,0.268,0,15.622,5.997,0.000,0,768,0,0
4767,16.686,16.030,6.810,8.579,0.301,0.341,1,15.622,5.997,0.000,325,38447,2825,0
4768,16.680,4.546,4.197,0.128,0.004,0.217,0,15.663,6.533,0.000,0,768,0,0
4769,31.754,31.754,21.280,9.698,0.477,0.298,1,15.663,6.533,0.000,325,38447,2824,0
4770,3.626,3.626,3.098,0.125,0.006,0.397,0,15.663,6.533,0.000,0,768,0,0
4771,14.677,7.696,7.314,0.123,0.004,0.255,0,20.017,7.517,0.000,0,768,0,0
4772,17.787,17.345,6.650,10.015,0.420,0.260,1,20.017,7.517,0.000,325,38447,2825,0
4773,15.579,6.227,5.727,0.133,0.007,0.360,0,16.247,6.186,0.000,0,768,0,0
4774,17.386,17.386,6.496,10.228,0.398,0.264,1,16.247,6.186,0.000,325,38447,2824,0
4775,15.983,3.376,3.020,0.123,0.005,0.228,0,17.112,6.282,0.000,0,768,0,0
4776,16.682,16.682,6.580,9.450,0.329,0.323,1,17.112,6.282,0.000,325,38447,2825,0
4777,16.687,3.332,3.032,0.123,0.004,0.173,0,17.204,6.026,0.000,0,768,0,0
4778,16.998,16.092,6.115,9.318,0.430,0.229,1,17.204,6.026,0.000,326,38447,2827,0
4779,16.364,6.168,5.768,0.133,0.011,0.256,0,16.577,5.982,0.000,0,768,0,0
4780,16.884,16.884,7.079,8.983,0.561,0.261,1,16.577,5.982,0.000,325,38447,2824,0
4781,16.486,5.145,4.741,0.124,0.004,0.275,0,16.036,6.694,0.000,0,768,0,0
4782,16.788,16.621,7.255,8.635,0.306,0.425,1,16.036,6.694,0.000,325,38447,2825,0
4783,16.572,5.255,4.837,0.126,0.004,0.288,0,16.876,5.993,0.000,0,768,0,0
4784,16.686,15.810,6.633,8.531,0.352,0.293,1,16.876,5.993,0.000,325,38447,2825,0
4785,16.685,5.529,5.029,0.126,0.003,0.370,0,16.368,5.942,0.000,0,768,0,0
4786,16.684,16.253,7.011,8.551,0.364,0.327,1,16.368,5.942,0.000,325,38447,2824,0
4787,16.678,5.193,4.676,0.124,0.004,0.388,0,15.752,5.905,0.000,0,768,0,0
4788,18.134,18.134,8.265,9.088,0.389,0.393,1,15.752,5.905,0.000,325,38447,2825,0
4789,15.238,4.104,3.723,0.123,0.003,0.255,0,15.230,5.975,0.000,0,768,0,0
4790,17.994,17.994,8.164,9.018,0.511,0.302,1,15.230,5.975,0.000,325,38447,2826,0
4791,15.371,5.497,5.037,0.127,0.003,0.330,0,16.976,6.190,0.000,0,768,0,0
4792,16.711,15.638,6.603,8.527,0.237,0.271,1,16.976,6.190,0.000,325,38447,2824,0
4793,16.658,5.020,4.606,0.132,0.010,0.273,0,16.870,6.513,0.000,0,768,0,0
4794,16.691,16.493,6.557,9.068,0.520,0.348,1,16.870,6.513,0.000,325,38447,2825,0
4795,16.674,4.006,3.641,0.124,0.004,0.237,0,17.334,6.085,0.000,0,768,0,0
4796,17.451,16.744,6.440,9.600,0.404,0.300,1,17.334,6.085,0.000,325,38447,2824,0
4797,15.927,6.018,5.623,0.147,0.007,0.241,0,17.471,5.972,0.000,0,768,0,0
4798,16.700,15.280,5.548,9.126,0.439,0.167,1,17.471,5.972,0.000,325,38447,2825,0
4799,16.657,6.980,6.630,0.133,0.009,0.207,0,17.711,6.154,0.000,0,768,0,0
4800,22.389,22.389,8.056,13.708,0.468,0.158,1,17.711,6.154,0.000,326,38451,2845,0
4801,11.003,3.466,3.134,0.144,0.004,0.184,0,21.332,6.196,0.000,0,772,0,0
4802,17.003,15.839,6.233,8.990,0.332,0.284,1,21.332,6.196,0.000,326,38451,2840,0
4803,16.338,6.845,6.464,0.137,0.010,0.235,0,17.068,6.727,0.000,0,772,0,0
4804,17.540,17.540,6.993,9.898,0.447,0.202,1,17.068,6.727,0.000,326,38451,2841,0
4805,15.830,3.373,3.026,0.126,0.004,0.217,0,16.798,6.244,0.000,0,772,0,0
4806,16.685,16.568,6.997,8.999,0.365,0.207,1,16.798,6.244,0.000,326,38451,2841,0
4807,16.679,3.310,2.990,0.124,0.004,0.192,0,16.614,6.148,0.000,0,772,0,0
4808,16.737,16.737,6.567,9.505,0.439,0.226,1,16.614,6.148,0.000,326,38451,2840,0
4809,16.631,3.174,2.883,0.123,0.005,0.164,0,16.801,5.975,0.000,0,772,0,0
4810,16.717,15.792,5.735,9.479,0.396,0.181,1,16.801,5.975,0.000,326,38451,2841,0
4811,16.649,4.462,4.096,0.127,0.004,0.235,0,16.209,5.979,0.000,0,772,0,0
4812,17.458,16.550,6.452,9.505,0.384,0.209,1,16.209,5.979,0.000,326,38451,2841,0
4813,15.924,5.671,5.340,0.136,0.007,0.188,0,17.221,5.998,0.000,0,772,0,0
4814,17.332,17.332,7.355,9.143,0.576,0.259,1,17.221,5.998,0.000,326,38451,2840,0
4815,16.014,4.733,4.433,0.127,0.003,0.169,0,16.384,6.881,0.000,0,772,0,0
4816,17.424,17.424,7.213,9.455,0.539,0.217,1,16.384,6.881,0.000,327,38451,2843,0
4817,15.951,3.676,3.279,0.127,0.005,0.266,0,17.989,6.288,0.000,0,796,0,0
4818,18.061,18.061,8.166,9.162,0.542,0.190,1,17.989,6.288,0.000,327,38499,2855,0
4819,15.302,4.491,4.212,0.129,0.004,0.145,0,16.334,6.807,0.000,0,844,0,0
4820,18.324,18.324,7.171,10.512,0.431,0.210,1,16.334,6.807,0.000,327,38547,2856,0
4821,15.042,3.470,3.178,0.125,0.005,0.162,0,17.475,6.204,0.000,0,892,0,0
4822,16.949,16.949,7.587,8.805,0.344,0.213,1,17.475,6.204,0.000,327,38595,2856,0
4823,16.414,6.235,5.858,0.139,0.004,0.233,0,16.872,6.517,0.000,0,936,0,0
4824,16.834,16.834,7.085,9.073,0.461,0.215,1,16.872,6.517,0.000,328,38615,2859,0
4825,16.531,4.509,4.201,0.127,0.003,0.178,0,16.559,6.023,0.000,0,936,0,0
4826,16.932,16.932,7.291,8.881,0.421,0.339,1,16.559,6.023,0.000,328,38615,2860,0
4827,16.442,3.562,3.172,0.126,0.003,0.261,0,16.691,6.512,0.000,0,936,0,0
4828,18.232,18.232,8.154,9.230,0.566,0.282,1,16.691,6.512,0.000,328,38615,2861,0
4829,15.132,6.345,5.911,0.131,0.004,0.298,0,17.260,6.640,0.000,0,936,0,0
4830,16.791,16.345,5.884,9.798,0.405,0.258,1,17.260,6.640,0.000,328,38615,2859,0
4831,16.575,3.630,3.251,0.126,0.004,0.248,0,17.607,6.184,0.000,0,936,0,0
4832,18.747,18.747,7.940,9.934,0.526,0.347,1,17.607,6.184,0.000,327,38015,2838,0
4833,14.615,5.335,4.984,0.129,0.005,0.217,0,16.800,6.264,0.000,0,936,0,0
4834,16.715,15.079,5.536,8.942,0.321,0.280,1,16.800,6.264,0.000,327,38015,2838,0
4835,16.657,6.652,6.196,0.137,0.006,0.313,0,16.925,5.961,0.000,0,936,0,0
4836,18.573,18.573,7.585,10.282,0.448,0.258,1,16.925,5.961,0.000,327,38015,2837,0
4837,14.796,4.336,4.014,0.125,0.005,0.191,0,15.223,5.953,0.000,0,936,0,0
4838,17.192,17.192,7.309,9.100,0.526,0.257,1,15.223,5.953,0.000,327,38015,2838,0
4839,16.180,3.445,3.146,0.137,0.005,0.157,0,17.870,6.557,0.000,0,936,0,0
4840,16.893,15.936,6.517,8.813,0.320,0.286,1,17.870,6.557,0.000,327,38015,2837,0
4841,16.459,4.932,4.573,0.127,0.005,0.227,0,16.870,5.862,0.000,0,936,0,0
4842,16.701,15.560,6.394,8.582,0.366,0.218,1,16.870,5.862,0.000,327,38015,2839,0
4843,16.675,3.448,3.115,0.127,0.004,0.201,0,16.404,6.481,0.000,0,936,0,0
4844,16.695,15.031,5.484,8.719,0.516,0.313,1,16.404,6.481,0.000,327,38015,2838,0
4845,16.671,3.803,3.462,0.127,0.006,0.208,0,17.346,5.926,0.000,0,936,0,0
4846,16.711,15.239,5.639,8.939,0.413,0.250,1,17.346,5.926,0.000,327,38015,2837,0
4847,16.655,7.207,6.774,0.138,0.006,0.289,0,16.930,5.874,0.000,0,936,0,0
4848,17.434,17.434,7.515,9.199,0.483,0.237,1,16.930,5.874,0.000,327,38015,2838,0
4849,15.935,4.477,4.176,0.126,0.004,0.171,0,15.674,6.093,0.000,0,936,0,0
4850,16.803,16.803,6.761,9.245,0.541,0.256,1,15.674,6.093,0.000,327,38015,2838,0
4851,16.571,3.504,3.177,0.126,0.007,0.194,0,17.363,6.743,0.000,0,936,0,0
4852,16.700,15.319,5.808,8.942,0.305,0.264,1,17.363,6.743,0.000,327,38015,2837,0
4853,16.657,3.796,3.424,0.132,0.004,0.235,0,16.768,6.387,0.000,0,936,0,0
4854,16.687,15.413,5.629,9.137,0.468,0.179,1,16.768,6.387,0.000,327,38015,2838,0
4855,16.672,4.283,3.994,0.127,0.005,0.158,0,15.609,6.490,0.000,0,936,0,0
4856,16.752,16.149,6.769,8.653,0.461,0.266,1,15.609,6.490,0.000,327,38015,2838,0
4857,16.623,4.826,4.445,0.138,0.007,0.236,0,17.049,6.462,0.000,0,936,0,0
4858,16.678,16.485,6.581,9.136,0.581,0.187,1,17.049,6.462,0.000,327,38015,2837,0
4859,16.680,4.752,4.449,0.127,0.005,0.172,0,16.026,6.719,0.000,0,936,0,0
4860,17.880,17.880,6.773,10.456,0.445,0.206,1,16.026,6.719,0.000,327,38015,2838,0
4861,15.496,4.313,4.029,0.129,0.006,0.149,0,18.086,5.981,0.000,0,936,0,0
4862,16.688,16.249,5.891,9.687,0.336,0.335,1,18.086,5.981,0.000,327,38015,2837,0
4863,16.674,3.428,3.116,0.128,0.004,0.181,0,16.987,6.015,0.000,0,936,0,0
4864,17.618,17.618,7.492,9.410,0.502,0.214,1,16.987,6.015,0.000,327,38015,2838,0
4865,15.759,5.198,4.829,0.128,0.005,0.236,0,17.043,6.329,0.000,0,936,0,0
4866,16.678,16.366,6.891,8.933,0.365,0.177,1,17.043,6.329,0.000,328,38015,2840,0
4867,16.672,4.430,4.119,0.128,0.003,0.179,0,15.786,6.001,0.000,0,936,0,0
4868,16.688,15.588,6.497,8.510,0.333,0.248,1,15.786,6.001,0.000,327,38015,2837,0
4869,16.680,4.112,3.825,0.124,0.005,0.157,0,15.880,5.820,0.000,0,936,0,0
4870,16.714,15.344,6.272,8.514,0.353,0.204,1,15.880,5.820,0.000,327,38015,2838,0
4871,16.655,5.224,4.848,0.129,0.004,0.242,0,16.101,6.322,0.000,0,932,0,0
4872,17.313,16.596,7.160,8.758,0.433,0.245,1,16.101,6.322,0.000,326,38011,2834,0
4873,16.086,4.646,4.313,0.125,0.005,0.203,0,15.360,6.414,0.000,0,772,0,0
4874,18.439,18.439,8.596,9.026,0.498,0.319,1,15.360,6.414,0.000,325,37851,2818,0
4875,14.902,3.331,2.990,0.125,0.004,0.212,0,16.325,6.049,0.000,0,772,0,0
4876,17.231,16.458,6.946,8.877,0.375,0.260,1,16.325,6.049,0.000,325,37851,2819,0
4877,16.133,6.479,6.004,0.136,0.007,0.332,0,16.624,6.214,0.000,0,772,0,0
4878,16.680,16.437,6.654,9.092,0.445,0.246,1,16.624,6.214,0.000,325,37851,2818,0
4879,16.688,4.464,4.154,0.126,0.004,0.180,0,16.587,6.007,0.000,0,772,0,0
4880,16.682,15.909,6.522,8.777,0.366,0.243,1,16.587,6.007,0.000,325,37851,2820,0
4881,16.683,4.211,3.927,0.125,0.004,0.154,0,14.920,6.519,0.000,0,772,0,0
4882,16.683,15.700,6.367,8.774,0.346,0.212,1,14.920,6.519,0.000,325,37851,2819,0
4883,16.684,4.846,4.456,0.124,0.003,0.262,0,15.820,5.884,0.000,0,772,0,0
4884,16.686,15.796,6.630,8.563,0.364,0.238,1,15.820,5.884,0.000,325,37851,2818,0
4885,16.677,4.375,4.056,0.127,0.004,0.188,0,15.632,6.373,0.000,0,772,0,0
4886,16.695,15.782,6.669,8.508,0.330,0.275,1,15.632,6.373,0.000,325,37851,2819,0
4887,16.679,5.151,4.733,0.133,0.007,0.278,0,16.968,6.324,0.000,0,772,0,0
4888,17.117,17.117,6.507,9.803,0.520,0.287,1,16.968,6.324,0.000,325,37851,2819,0
4889,16.252,3.473,3.020,0.125,0.004,0.323,0,17.205,6.000,0.000,0,772,0,0
4890,16.695,16.136,5.848,9.606,0.437,0.245,1,17.205,6.000,0.000,325,37851,2818,0
4891,16.669,4.137,3.771,0.124,0.004,0.239,0,16.514,5.992,0.000,0,768,0,0
4892,16.703,15.841,5.641,9.391,0.385,0.424,1,16.514,5.992,0.000,325,37847,2806,0
4893,16.664,4.226,3.903,0.129,0.007,0.186,0,16.561,5.812,0.000,0,768,0,0
4894,16.701,15.877,6.301,8.960,0.400,0.215,1,16.561,5.812,0.000,324,37847,2803,0
4895,16.665,3.572,3.227,0.126,0.004,0.214,0,16.496,5.937,0.000,0,768,0,0
4896,16.708,15.536,5.502,9.483,0.393,0.158,1,16.496,5.937,0.000,324,37847,2804,0
4897,16.663,3.589,3.327,0.127,0.006,0.129,0,15.831,5.936,0.000,0,768,0,0
4898,16.700,15.113,5.499,9.052,0.370,0.192,1,15.831,5.936,0.000,324,37847,2804,0
4899,16.662,3.618,3.361,0.130,0.005,0.123,0,16.524,6.021,0.000,0,768,0,0
4900,16.710,15.386,6.078,8.791,0.338,0.179,1,16.524,6.021,0.000,324,37847,2803,0
4901,16.668,3.599,3.312,0.126,0.006,0.156,0,16.852,5.966,0.000,0,768,0,0
4902,16.680,15.304,5.762,8.828,0.451,0.263,1,16.852,5.966,0.000,324,37847,2804,0
4903,16.670,6.043,5.457,0.127,0.004,0.454,0,15.764,6.419,0.000,0,768,0,0
4904,16.685,16.685,7.410,8.522,0.373,0.380,1,15.764,6.419,0.000,324,37847,2804,0
4905,16.686,5.263,4.780,0.124,0.005,0.354,0,16.201,5.859,0.000,0,768,0,0
4906,17.131,17.131,7.750,8.542,0.343,0.497,1,16.201,5.859,0.000,324,37847,2803,0
4907,16.232,5.223,4.745,0.123,0.004,0.351,0,15.309,6.463,0.000,0,768,0,0
4908,16.699,16.230,6.979,8.553,0.327,0.371,1,15.309,6.463,0.000,324,37847,2804,0
4909,16.666,6.118,5.532,0.125,0.004,0.457,0,16.099,5.879,0.000,0,768,0,0
4910,16.686,16.260,6.990,8.554,0.331,0.385,1,16.099,5.879,0.000,324,37847,2804,0
4911,16.680,5.188,4.723,0.124,0.006,0.335,0,15.815,5.933,0.000,0,768,0,0
4912,16.686,16.605,7.439,8.403,0.301,0.463,1,15.815,5.933,0.000,324,37847,2803,0
4913,16.683,5.083,4.619,0.125,0.003,0.336,0,15.207,5.878,0.000,0,768,0,0
4914,17.236,17.236,7.036,9.252,0.549,0.399,1,15.207,5.878,0.000,324,37847,2804,0
4915,16.149,3.537,2.924,0.121,0.005,0.487,0,18.458,6.201,0.000,0,768,0,0
4916,16.760,15.550,6.070,8.868,0.250,0.362,1,18.458,6.201,0.000,324,37847,2803,0
4917,16.590,3.844,3.384,0.128,0.007,0.326,0,17.498,6.456,0.000,0,768,0,0
4918,16.707,15.989,6.419,8.687,0.436,0.447,1,17.498,6.456,0.000,324,37847,2804,0
4919,16.662,4.970,4.511,0.138,0.008,0.313,0,17.905,5.854,0.000,0,768,0,0
4920,16.698,16.497,5.873,9.764,0.544,0.316,1,17.905,5.854,0.000,324,37847,2804,0
4921,16.669,4.005,3.491,0.125,0.005,0.384,0,16.938,6.189,0.000,0,768,0,0
4922,16.708,15.561,5.544,9.300,0.392,0.325,1,16.938,6.189,0.000,322,37727,2791,0
4923,16.660,4.178,3.756,0.129,0.004,0.290,0,16.203,5.907,0.000,0,768,0,0
4924,17.933,16.967,7.435,8.720,0.391,0.421,1,16.203,5.907,0.000,322,37727,2792,0
4925,15.435,6.038,5.556,0.128,0.007,0.346,0,16.462,5.865,0.000,0,768,0,0
4926,16.786,16.786,6.915,9.075,0.477,0.318,1,16.462,5.865,0.000,322,37727,2792,0
4927,16.582,3.296,2.803,0.122,0.005,0.366,0,17.712,6.071,0.000,0,768,0,0
4928,17.619,16.914,7.305,8.875,0.436,0.298,1,17.712,6.071,0.000,322,37727,2791,0
4929,15.747,5.815,5.384,0.130,0.007,0.294,0,16.297,5.919,0.000,0,768,0,0
4930,17.415,16.112,6.073,8.854,0.775,0.410,1,16.297,5.919,0.000,323,37727,2794,0
4931,15.947,5.150,4.727,0.123,0.006,0.294,0,16.371,5.988,0.000,0,768,0,0
4932,18.003,17.549,7.863,8.941,0.372,0.373,1,16.371,5.988,0.000,322,37727,2791,0
4933,15.372,7.540,6.857,0.132,0.010,0.541,0,17.468,6.148,0.000,0,768,0,0
4934,21.546,21.546,8.470,12.177,0.488,0.412,1,17.468,6.148,0.000,322,37727,2792,0
4935,11.822,5.685,5.140,0.122,0.004,0.419,0,16.850,6.311,0.000,0,768,0,0
4936,17.168,17.168,7.869,8.525,0.281,0.494,1,16.850,6.311,0.000,322,37727,2792,0
4937,16.188,5.312,4.843,0.124,0.003,0.342,0,15.273,6.451,0.000,0,768,0,0
4938,16.679,15.884,6.888,8.289,0.341,0.364,1,15.273,6.451,0.000,322,37727,2791,0
4939,16.684,6.121,5.493,0.126,0.004,0.498,0,15.314,6.507,0.000,0,768,0,0
4940,16.692,15.902,6.898,8.328,0.308,0.369,1,15.314,6.507,0.000,322,37727,2792,0
4941,16.675,5.219,4.759,0.123,0.004,0.333,0,15.262,6.486,0.000,0,768,0,0
4942,16.687,16.410,7.355,8.270,0.319,0.467,1,15.262,6.486,0.000,322,37727,2792,0
4943,16.680,5.341,4.683,0.325,0.004,0.330,0,15.887,5.830,0.000,0,768,0,0
4944,16.686,15.860,6.816,8.273,0.325,0.447,1,15.887,5.830,0.000,322,37727,2791,0
4945,16.681,5.751,5.200,0.122,0.005,0.424,0,15.200,5.759,0.000,0,768,0,0
4946,16.686,15.999,6.993,8.366,0.293,0.348,1,15.200,5.759,0.000,322,37727,2792,0
4947,16.680,5.132,4.676,0.124,0.004,0.328,0,15.271,6.237,0.000,0,768,0,0
4948,17.239,17.239,8.136,8.251,0.319,0.532,1,15.271,6.237,0.000,322,37727,2791,0
4949,16.129,5.491,4.981,0.126,0.003,0.381,0,15.541,6.248,0.000,0,768,0,0
4950,16.687,16.418,7.330,8.331,0.336,0.423,1,15.541,6.248,0.000,322,37727,2792,0
4951,16.678,6.292,5.661,0.125,0.003,0.504,0,15.832,5.902,0.000,0,768,0,0
4952,16.726,15.369,6.473,8.201,0.291,0.403,1,15.832,5.902,0.000,322,37727,2792,0
4953,16.648,7.167,6.608,0.134,0.007,0.417,0,16.521,5.849,0.000,0,768,0,0
4954,16.717,16.717,6.742,8.915,0.483,0.576,1,16.521,5.849,0.000,322,37727,2791,0
4955,16.646,6.828,6.316,0.124,0.004,0.384,0,17.473,6.777,0.000,0,768,0,0
4956,16.797,14.631,5.507,8.434,0.267,0.424,1,17.473,6.777,0.000,322,37727,2792,0
4957,16.573,7.238,6.584,0.136,0.006,0.512,0,16.629,5.836,0.000,0,768,0,0
4958,17.825,16.781,7.163,8.734,0.429,0.455,1,16.629,5.836,0.000,322,37727,2792,0
4959,15.545,6.762,6.201,0.137,0.007,0.417,0,16.683,6.090,0.000,0,768,0,0
4960,18.441,18.441,8.587,8.867,0.443,0.545,1,16.683,6.090,0.000,322,37727,2791,0
4961,14.919,4.896,4.484,0.122,0.003,0.286,0,16.004,6.622,0.000,0,768,0,0
4962,16.682,15.823,6.670,8.472,0.400,0.281,1,16.004,6.622,0.000,322,37727,2792,0
4963,16.679,5.697,5.177,0.126,0.004,0.391,0,15.382,6.319,0.000,0,768,0,0
4964,16.691,15.920,6.976,8.311,0.296,0.336,1,15.382,6.319,0.000,322,37727,2792,0
4965,16.685,5.006,4.571,0.127,0.003,0.305,0,15.584,6.282,0.000,0,768,0,0
4966,16.687,16.687,7.556,8.362,0.319,0.450,1,15.584,6.282,0.000,322,37727,2793,0
4967,16.673,5.053,4.616,0.123,0.005,0.309,0,15.546,6.307,0.000,0,768,0,0
4968,16.688,15.495,6.545,8.333,0.322,0.296,1,15.546,6.307,0.000,323,37727,2795,0
4969,16.682,5.493,4.979,0.126,0.003,0.386,0,15.155,6.443,0.000,0,768,0,0
4970,16.733,15.565,6.665,8.298,0.320,0.281,1,15.155,6.443,0.000,322,37727,2792,0
4971,16.631,4.886,4.493,0.124,0.004,0.265,0,15.455,6.478,0.000,0,768,0,0
4972,16.688,16.082,7.085,8.273,0.341,0.383,1,15.455,6.478,0.000,322,37727,2793,0
4973,16.678,4.777,4.382,0.124,0.004,0.267,0,15.879,5.821,0.000,0,768,0,0
4974,16.688,15.614,6.635,8.343,0.339,0.297,1,15.879,5.821,0.000,322,37727,2793,0
4975,16.689,5.300,4.818,0.123,0.003,0.356,0,15.939,5.867,0.000,0,768,0,0
4976,16.675,16.096,6.780,8.662,0.345,0.310,1,15.939,5.867,0.000,322,37727,2792,0
4977,16.686,4.151,3.766,0.124,0.004,0.257,0,16.065,5.866,0.000,0,768,0,0
4978,16.952,15.084,5.873,8.458,0.347,0.405,1,16.065,5.866,0.000,322,37727,2793,0
4979,16.418,6.808,6.324,0.127,0.009,0.348,0,17.172,6.331,0.000,0,768,0,0
4980,18.348,18.348,7.760,9.830,0.429,0.329,1,17.172,6.331,0.000,322,37727,2792,0
4981,15.019,4.444,3.945,0.121,0.004,0.373,0,14.963,6.135,0.000,0,768,0,0
4982,18.189,18.000,7.985,9.157,0.540,0.318,1,14.963,6.135,0.000,323,37727,2795,0
4983,15.177,6.565,6.116,0.136,0.006,0.307,0,17.622,6.104,0.000,0,768,0,0
4984,17.707,17.707,7.315,9.509,0.462,0.421,1,17.622,6.104,0.000,322,37727,2793,0
4985,15.659,3.467,3.055,0.126,0.005,0.282,0,16.472,6.172,0.000,0,768,0,0
4986,17.328,16.236,6.333,9.196,0.360,0.347,1,16.472,6.172,0.000,322,37727,2792,0
4987,16.038,6.523,5.945,0.132,0.007,0.438,0,16.317,5.907,0.000,0,768,0,0
4988,16.879,16.879,7.134,8.945,0.461,0.340,1,16.317,5.907,0.000,322,37727,2793,0
4989,16.491,3.213,2.783,0.121,0.004,0.305,0,17.734,5.954,0.000,0,768,0,0
4990,18.262,17.539,7.175,9.413,0.426,0.525,1,17.734,5.954,0.000,322,37727,2793,0
4991,15.103,5.681,5.223,0.128,0.007,0.324,0,16.364,5.894,0.000,0,768,0,0
4992,16.859,16.859,7.146,8.863,0.530,0.320,1,16.364,5.894,0.000,322,37727,2792,0
4993,16.509,5.683,5.173,0.124,0.004,0.382,0,15.742,5.984,0.000,0,768,0,0
4994,17.513,17.513,7.098,9.662,0.366,0.388,1,15.742,5.984,0.000,323,37727,2795,0
4995,15.867,4.884,4.452,0.123,0.004,0.306,0,14.781,5.965,0.000,0,768,0,0
4996,19.031,19.031,8.011,10.065,0.483,0.473,1,14.781,5.965,0.000,322,37727,2792,0
4997,14.317,4.074,3.658,0.125,0.004,0.287,0,15.292,6.050,0.000,0,768,0,0
4998,16.812,16.812,6.763,9.129,0.517,0.403,1,15.292,6.050,0.000,322,37727,2793,0
