frame,wall_ms,work_ms,game_ms,gx_ms,present_ms,aud_ms,drawn,rt_ms,dec_ms,gdec_ms,calls,verts,recs,vchit
0,0.700,0.700,0.700,0.000,0.000,0.000,1,0.000,0.000,0.000,0,0,1,0
1,0.267,0.267,0.267,0.000,0.000,0.000,1,0.000,0.000,0.000,0,0,0,0
2,0.004,0.004,0.004,0.000,0.000,0.000,1,0.000,0.000,0.000,0,0,0,0
3,17.698,17.698,17.660,0.000,0.000,0.038,1,0.000,0.000,0.000,0,0,0,0
4,0.387,0.387,0.381,0.000,0.000,0.006,1,0.000,0.000,0.000,0,0,0,0
5,22.186,22.186,22.169,0.000,0.000,0.016,1,0.000,0.000,0.000,0,0,0,0
6,1.050,1.050,0.819,0.090,0.136,0.006,1,0.000,0.000,0.000,0,4,0,0
7,11.732,11.732,11.682,0.010,0.030,0.010,1,0.000,0.000,0.000,0,4,0,0
8,8.193,8.193,8.165,0.009,0.005,0.015,1,0.000,0.000,0.000,0,8,0,0
9,0.467,0.467,0.454,0.005,0.002,0.006,1,0.000,0.000,0.000,0,8,0,0
10,0.371,0.371,0.360,0.004,0.002,0.004,1,0.000,0.000,0.000,0,8,0,0
11,0.444,0.444,0.434,0.004,0.002,0.005,1,0.000,0.000,0.000,0,8,0,0
12,0.404,0.404,0.394,0.004,0.002,0.005,1,0.000,0.000,0.000,0,8,0,0
13,0.356,0.356,0.346,0.004,0.002,0.004,1,0.000,0.000,0.000,0,8,0,0
14,0.439,0.439,0.428,0.004,0.002,0.005,1,0.000,0.000,0.000,0,8,0,0
15,0.360,0.360,0.349,0.005,0.002,0.004,1,0.000,0.000,0.000,0,8,0,0
16,0.391,0.391,0.382,0.004,0.002,0.004,1,0.000,0.000,0.000,0,8,0,0
17,0.391,0.391,0.381,0.004,0.002,0.005,1,0.000,0.000,0.000,0,8,0,0
18,0.386,0.386,0.377,0.004,0.002,0.004,1,0.000,0.000,0.000,0,8,0,0
19,0.343,0.343,0.333,0.004,0.002,0.004,1,0.000,0.000,0.000,0,8,0,0
20,0.420,0.420,0.410,0.004,0.002,0.005,1,0.000,0.000,0.000,0,8,0,0
21,0.682,0.682,0.672,0.004,0.002,0.004,1,0.000,0.000,0.000,0,8,0,0
22,0.934,0.934,0.885,0.016,0.010,0.023,1,0.000,0.000,0.000,0,8,0,0
23,0.648,0.648,0.628,0.004,0.007,0.010,1,0.000,0.000,0.000,0,8,0,0
24,0.608,0.608,0.593,0.008,0.002,0.004,1,0.000,0.000,0.000,0,8,0,0
25,0.369,0.369,0.358,0.004,0.002,0.004,1,0.000,0.000,0.000,0,8,0,0
26,0.426,0.426,0.416,0.004,0.002,0.004,1,0.000,0.000,0.000,0,8,0,0
27,0.349,0.349,0.340,0.004,0.002,0.004,1,0.000,0.000,0.000,0,8,0,0
28,0.458,0.458,0.449,0.004,0.002,0.004,1,0.000,0.000,0.000,0,8,0,0
29,2.412,2.412,2.377,0.010,0.007,0.018,1,0.000,0.000,0.000,0,8,0,0
30,0.611,0.611,0.594,0.005,0.005,0.007,1,0.000,0.000,0.000,0,8,0,0
31,0.532,0.532,0.518,0.007,0.002,0.005,1,0.000,0.000,0.000,0,8,0,0
32,0.441,0.441,0.430,0.004,0.002,0.006,1,0.000,0.000,0.000,0,8,0,0
33,0.347,0.347,0.337,0.004,0.002,0.004,1,0.000,0.000,0.000,0,8,0,0
34,0.373,0.373,0.364,0.003,0.002,0.004,1,0.000,0.000,0.000,0,8,0,0
35,0.518,0.518,0.508,0.004,0.002,0.004,1,0.000,0.000,0.000,0,8,0,0
36,0.365,0.365,0.356,0.004,0.002,0.004,1,0.000,0.000,0.000,0,8,0,0
37,0.381,0.381,0.371,0.004,0.002,0.004,1,0.000,0.000,0.000,0,8,0,0
38,0.386,0.386,0.376,0.004,0.002,0.005,1,0.000,0.000,0.000,0,8,0,0
39,182.985,182.985,182.933,0.012,0.011,0.029,1,0.000,0.000,0.000,0,4,0,0
40,0.693,0.693,0.672,0.006,0.005,0.010,1,0.000,0.000,0.000,0,4,0,0
41,0.301,0.301,0.289,0.003,0.002,0.007,1,0.000,0.000,0.000,0,4,0,0
42,0.336,0.336,0.326,0.003,0.002,0.006,1,0.000,0.000,0.000,0,4,0,0
43,0.273,0.273,0.263,0.003,0.002,0.005,1,0.000,0.000,0.000,0,4,0,0
44,0.267,0.267,0.257,0.003,0.002,0.006,1,0.000,0.000,0.000,0,4,0,0
45,0.627,0.627,0.588,0.003,0.017,0.019,1,0.000,0.000,0.000,0,4,0,0
46,0.382,0.382,0.367,0.004,0.004,0.008,1,0.000,0.000,0.000,0,4,0,0
47,0.285,0.285,0.274,0.003,0.002,0.007,1,0.000,0.000,0.000,0,4,0,0
48,0.321,0.321,0.311,0.003,0.002,0.005,1,0.000,0.000,0.000,0,4,0,0
49,0.270,0.270,0.260,0.003,0.002,0.005,1,0.000,0.000,0.000,0,4,0,0
50,0.263,0.263,0.252,0.003,0.002,0.007,1,0.000,0.000,0.000,0,4,0,0
51,0.257,0.257,0.248,0.003,0.002,0.005,1,0.000,0.000,0.000,0,4,0,0
52,0.254,0.254,0.245,0.002,0.002,0.005,1,0.000,0.000,0.000,0,4,0,0
53,0.257,0.257,0.247,0.003,0.002,0.006,1,0.000,0.000,0.000,0,4,0,0
54,0.605,0.605,0.585,0.003,0.008,0.009,1,0.000,0.000,0.000,0,4,0,0
55,1.274,1.274,1.250,0.016,0.002,0.005,1,0.000,0.000,0.000,0,4,0,0
56,0.800,0.800,0.789,0.003,0.003,0.005,1,0.000,0.000,0.000,0,4,0,0
57,0.347,0.347,0.334,0.004,0.002,0.007,1,0.000,0.000,0.000,0,4,0,0
58,0.950,0.950,0.938,0.004,0.002,0.006,1,0.000,0.000,0.000,0,4,0,0
59,0.524,0.524,0.511,0.004,0.002,0.007,1,0.000,0.000,0.000,0,4,0,0
60,0.707,0.707,0.680,0.003,0.010,0.013,1,0.000,0.000,0.000,0,4,0,0
61,0.810,0.810,0.793,0.008,0.003,0.005,1,0.000,0.000,0.000,0,4,0,0
62,0.553,0.553,0.542,0.004,0.002,0.005,1,0.000,0.000,0.000,0,4,0,0
63,0.602,0.602,0.580,0.007,0.006,0.009,1,0.000,0.000,0.000,0,4,0,0
64,0.291,0.291,0.282,0.003,0.002,0.005,1,0.000,0.000,0.000,0,4,0,0
65,0.270,0.270,0.260,0.003,0.002,0.006,1,0.000,0.000,0.000,0,4,0,0
66,0.524,0.524,0.514,0.003,0.002,0.005,1,0.000,0.000,0.000,0,4,0,0
67,0.272,0.272,0.262,0.003,0.002,0.005,1,0.000,0.000,0.000,0,4,0,0
68,0.266,0.266,0.255,0.003,0.002,0.007,1,0.000,0.000,0.000,0,4,0,0
69,0.566,0.566,0.548,0.003,0.008,0.008,1,0.000,0.000,0.000,0,4,0,0
70,0.897,0.897,0.882,0.007,0.002,0.006,1,0.000,0.000,0.000,0,4,0,0
71,0.534,0.534,0.523,0.003,0.002,0.006,1,0.000,0.000,0.000,0,4,0,0
72,0.491,0.491,0.483,0.003,0.002,0.004,1,0.000,0.000,0.000,0,4,0,0
73,0.446,0.446,0.437,0.003,0.002,0.005,1,0.000,0.000,0.000,0,4,0,0
74,0.518,0.518,0.509,0.003,0.002,0.004,1,0.000,0.000,0.000,0,4,0,0
75,0.440,0.440,0.431,0.003,0.002,0.004,1,0.000,0.000,0.000,0,4,0,0
76,0.473,0.473,0.464,0.003,0.002,0.004,1,0.000,0.000,0.000,0,4,0,0
77,0.484,0.484,0.474,0.003,0.002,0.005,1,0.000,0.000,0.000,0,4,0,0
78,1.313,1.313,1.304,0.003,0.002,0.004,1,0.000,0.000,0.000,0,4,0,0
79,0.446,0.446,0.437,0.003,0.002,0.004,1,0.000,0.000,0.000,0,4,0,0
80,0.513,0.513,0.503,0.003,0.002,0.005,1,0.000,0.000,0.000,0,4,0,0
81,0.437,0.437,0.428,0.003,0.002,0.004,1,0.000,0.000,0.000,0,4,0,0
82,0.465,0.465,0.456,0.003,0.002,0.004,1,0.000,0.000,0.000,0,4,0,0
83,0.515,0.515,0.505,0.003,0.002,0.005,1,0.000,0.000,0.000,0,4,0,0
84,0.436,0.436,0.427,0.003,0.002,0.004,1,0.000,0.000,0.000,0,4,0,0
85,0.467,0.467,0.458,0.003,0.002,0.004,1,0.000,0.000,0.000,0,4,0,0
86,0.478,0.478,0.468,0.003,0.002,0.005,1,0.000,0.000,0.000,0,4,0,0
87,1.284,1.284,1.275,0.003,0.002,0.004,1,0.000,0.000,0.000,0,4,0,0
88,0.442,0.442,0.433,0.003,0.002,0.004,1,0.000,0.000,0.000,0,4,0,0
89,0.548,0.548,0.539,0.003,0.002,0.005,1,0.000,0.000,0.000,0,4,0,0
90,0.682,0.682,0.672,0.003,0.002,0.005,1,0.000,0.000,0.000,0,4,0,0
91,0.472,0.472,0.463,0.003,0.002,0.004,1,0.000,0.000,0.000,0,4,0,0
92,0.481,0.481,0.472,0.003,0.002,0.005,1,0.000,0.000,0.000,0,4,0,0
93,0.469,0.469,0.461,0.003,0.002,0.004,1,0.000,0.000,0.000,0,4,0,0
94,0.436,0.436,0.426,0.003,0.002,0.004,1,0.000,0.000,0.000,0,4,0,0
95,0.552,0.552,0.542,0.003,0.002,0.005,1,0.000,0.000,0.000,0,4,0,0
96,0.439,0.439,0.430,0.003,0.002,0.004,1,0.000,0.000,0.000,0,4,0,0
97,0.480,0.480,0.471,0.003,0.002,0.004,1,0.000,0.000,0.000,0,4,0,0
98,0.482,0.482,0.472,0.003,0.002,0.005,1,0.000,0.000,0.000,0,4,0,0
99,0.470,0.470,0.461,0.003,0.002,0.004,1,0.000,0.000,0.000,0,4,0,0
100,0.441,0.441,0.432,0.003,0.002,0.004,1,0.000,0.000,0.000,0,4,0,0
101,0.510,0.510,0.500,0.003,0.002,0.005,1,0.000,0.000,0.000,0,4,0,0
102,0.441,0.441,0.432,0.003,0.002,0.004,1,0.000,0.000,0.000,0,4,0,0
103,0.512,0.512,0.502,0.003,0.002,0.005,1,0.000,0.000,0.000,0,4,0,0
104,0.473,0.473,0.463,0.003,0.002,0.004,1,0.000,0.000,0.000,0,4,0,0
105,0.436,0.436,0.427,0.003,0.002,0.004,1,0.000,0.000,0.000,0,4,0,0
106,0.512,0.512,0.502,0.003,0.002,0.005,1,0.000,0.000,0.000,0,4,0,0
107,0.435,0.435,0.426,0.003,0.002,0.004,1,0.000,0.000,0.000,0,4,0,0
108,0.471,0.471,0.462,0.003,0.002,0.004,1,0.000,0.000,0.000,0,4,0,0
109,0.480,0.480,0.470,0.003,0.002,0.005,1,0.000,0.000,0.000,0,4,0,0
110,0.471,0.471,0.462,0.003,0.002,0.004,1,0.000,0.000,0.000,0,4,0,0
111,0.438,0.438,0.429,0.003,0.002,0.004,1,0.000,0.000,0.000,0,4,0,0
112,0.515,0.515,0.505,0.003,0.002,0.005,1,0.000,0.000,0.000,0,4,0,0
113,0.441,0.441,0.431,0.003,0.002,0.004,1,0.000,0.000,0.000,0,4,0,0
114,0.448,0.448,0.439,0.003,0.002,0.004,1,0.000,0.000,0.000,0,4,0,0
115,1.105,1.105,1.057,0.014,0.011,0.023,1,0.000,0.000,0.000,0,4,0,0
116,0.324,0.324,0.312,0.003,0.002,0.006,1,0.000,0.000,0.000,0,4,0,0
117,0.278,0.278,0.268,0.003,0.002,0.005,1,0.000,0.000,0.000,0,4,0,0
118,0.267,0.267,0.257,0.003,0.002,0.006,1,0.000,0.000,0.000,0,4,0,0
119,0.564,0.564,0.553,0.003,0.002,0.006,1,0.000,0.000,0.000,0,4,0,0
120,0.276,0.276,0.266,0.003,0.002,0.005,1,0.000,0.000,0.000,0,4,0,0
121,0.279,0.279,0.267,0.003,0.002,0.007,1,0.000,0.000,0.000,0,4,0,0
122,0.269,0.269,0.260,0.002,0.002,0.005,1,0.000,0.000,0.000,0,4,0,0
123,0.257,0.257,0.248,0.003,0.002,0.005,1,0.000,0.000,0.000,0,4,0,0
124,0.261,0.261,0.249,0.003,0.002,0.007,1,0.000,0.000,0.000,0,4,0,0
125,0.267,0.267,0.257,0.003,0.002,0.006,1,0.000,0.000,0.000,0,4,0,0
126,0.619,0.619,0.598,0.003,0.008,0.010,1,0.000,0.000,0.000,0,4,0,0
127,0.886,0.886,0.868,0.008,0.003,0.006,1,0.000,0.000,0.000,0,4,0,0
128,0.497,0.497,0.468,0.003,0.021,0.005,1,0.000,0.000,0.000,0,4,0,0
129,0.456,0.456,0.447,0.003,0.002,0.004,1,0.000,0.000,0.000,0,4,0,0
130,2.069,2.069,2.058,0.003,0.002,0.005,1,0.000,0.000,0.000,0,4,0,0
131,0.717,0.717,0.697,0.005,0.005,0.010,1,0.000,0.000,0.000,0,4,0,0
132,0.474,0.474,0.464,0.003,0.002,0.005,1,0.000,0.000,0.000,0,4,0,0
133,0.498,0.498,0.488,0.003,0.002,0.005,1,0.000,0.000,0.000,0,4,0,0
134,0.444,0.444,0.434,0.004,0.002,0.005,1,0.000,0.000,0.000,0,4,0,0
135,0.439,0.439,0.430,0.003,0.002,0.004,1,0.000,0.000,0.000,0,4,0,0
136,0.483,0.483,0.474,0.003,0.002,0.005,1,0.000,0.000,0.000,0,4,0,0
137,0.439,0.439,0.430,0.003,0.002,0.004,1,0.000,0.000,0.000,0,4,0,0
138,0.435,0.435,0.426,0.003,0.002,0.004,1,0.000,0.000,0.000,0,4,0,0
139,0.486,0.486,0.476,0.003,0.002,0.005,1,0.000,0.000,0.000,0,4,0,0
140,0.438,0.438,0.429,0.003,0.002,0.004,1,0.000,0.000,0.000,0,4,0,0
141,0.435,0.435,0.426,0.003,0.002,0.004,1,0.000,0.000,0.000,0,4,0,0
142,0.479,0.479,0.470,0.003,0.002,0.005,1,0.000,0.000,0.000,0,4,0,0
143,0.430,0.430,0.421,0.003,0.002,0.004,1,0.000,0.000,0.000,0,4,0,0
144,0.427,0.427,0.419,0.003,0.002,0.004,1,0.000,0.000,0.000,0,4,0,0
145,0.467,0.467,0.458,0.003,0.002,0.005,1,0.000,0.000,0.000,0,4,0,0
146,5.361,5.361,5.350,0.003,0.002,0.006,1,0.000,0.000,0.000,0,4,0,0
147,0.801,0.801,0.768,0.011,0.008,0.014,1,0.000,0.000,0.000,0,4,0,0
148,0.307,0.307,0.295,0.003,0.002,0.006,1,0.000,0.000,0.000,0,4,0,0
149,0.263,0.263,0.253,0.003,0.002,0.005,1,0.000,0.000,0.000,0,4,0,0
150,0.260,0.260,0.251,0.003,0.002,0.004,1,0.000,0.000,0.000,0,4,0,0
151,0.252,0.252,0.242,0.003,0.002,0.006,1,0.000,0.000,0.000,0,4,0,0
152,0.244,0.244,0.235,0.002,0.002,0.004,1,0.000,0.000,0.000,0,4,0,0
153,0.243,0.243,0.234,0.003,0.002,0.004,1,0.000,0.000,0.000,0,4,0,0
154,0.244,0.244,0.235,0.002,0.002,0.005,1,0.000,0.000,0.000,0,4,0,0
155,0.243,0.243,0.234,0.003,0.002,0.004,1,0.000,0.000,0.000,0,4,0,0
156,0.240,0.240,0.232,0.002,0.002,0.005,1,0.000,0.000,0.000,0,4,0,0
157,0.245,0.245,0.235,0.003,0.002,0.006,1,0.000,0.000,0.000,0,4,0,0
158,0.246,0.246,0.237,0.003,0.002,0.005,1,0.000,0.000,0.000,0,4,0,0
159,0.322,0.322,0.313,0.003,0.002,0.005,1,0.000,0.000,0.000,0,4,0,0
160,0.252,0.252,0.242,0.003,0.002,0.005,1,0.000,0.000,0.000,0,4,0,0
161,0.245,0.245,0.237,0.003,0.001,0.004,1,0.000,0.000,0.000,0,4,0,0
162,0.262,0.262,0.253,0.003,0.002,0.005,1,0.000,0.000,0.000,0,4,0,0
163,0.258,0.258,0.248,0.003,0.002,0.006,1,0.000,0.000,0.000,0,4,0,0
164,0.253,0.253,0.244,0.002,0.002,0.005,1,0.000,0.000,0.000,0,4,0,0
165,0.254,0.254,0.245,0.003,0.002,0.005,1,0.000,0.000,0.000,0,4,0,0
166,0.259,0.259,0.248,0.003,0.002,0.007,1,0.000,0.000,0.000,0,4,0,0
167,0.256,0.256,0.246,0.003,0.002,0.006,1,0.000,0.000,0.000,0,4,0,0
168,0.256,0.256,0.246,0.003,0.002,0.006,1,0.000,0.000,0.000,0,4,0,0
169,0.256,0.256,0.245,0.003,0.002,0.006,1,0.000,0.000,0.000,0,4,0,0
170,0.252,0.252,0.242,0.003,0.002,0.005,1,0.000,0.000,0.000,0,4,0,0
171,0.250,0.250,0.242,0.002,0.002,0.004,1,0.000,0.000,0.000,0,4,0,0
172,0.747,0.747,0.736,0.003,0.002,0.006,1,0.000,0.000,0.000,0,4,0,0
173,0.490,0.490,0.481,0.003,0.002,0.004,1,0.000,0.000,0.000,0,4,0,0
174,0.470,0.470,0.461,0.003,0.002,0.004,1,0.000,0.000,0.000,0,4,0,0
175,0.428,0.428,0.419,0.003,0.002,0.005,1,0.000,0.000,0.000,0,4,0,0
176,0.545,0.545,0.526,0.006,0.004,0.009,1,0.000,0.000,0.000,0,4,0,0
177,0.282,0.282,0.272,0.003,0.002,0.005,1,0.000,0.000,0.000,0,4,0,0
178,0.261,0.261,0.251,0.003,0.002,0.006,1,0.000,0.000,0.000,0,4,0,0
179,0.353,0.353,0.344,0.003,0.002,0.005,1,0.000,0.000,0.000,0,4,0,0
180,0.256,0.256,0.246,0.003,0.002,0.005,1,0.000,0.000,0.000,0,4,0,0
181,0.250,0.250,0.240,0.003,0.002,0.006,1,0.000,0.000,0.000,0,4,0,0
182,0.242,0.242,0.234,0.003,0.002,0.004,1,0.000,0.000,0.000,0,4,0,0
183,0.244,0.244,0.235,0.003,0.001,0.004,1,0.000,0.000,0.000,0,4,0,0
184,0.243,0.243,0.233,0.003,0.002,0.006,1,0.000,0.000,0.000,0,4,0,0
185,0.241,0.241,0.233,0.003,0.002,0.004,1,0.000,0.000,0.000,0,4,0,0
186,0.240,0.240,0.232,0.003,0.002,0.004,1,0.000,0.000,0.000,0,4,0,0
187,0.244,0.244,0.234,0.002,0.002,0.006,1,0.000,0.000,0.000,0,4,0,0
188,0.239,0.239,0.230,0.003,0.001,0.004,1,0.000,0.000,0.000,0,4,0,0
189,0.241,0.241,0.232,0.002,0.002,0.005,1,0.000,0.000,0.000,0,4,0,0
190,0.244,0.244,0.234,0.003,0.002,0.005,1,0.000,0.000,0.000,0,4,0,0
191,0.242,0.242,0.233,0.003,0.002,0.005,1,0.000,0.000,0.000,0,4,0,0
192,0.239,0.239,0.230,0.003,0.002,0.004,1,0.000,0.000,0.000,0,4,0,0
193,0.244,0.244,0.235,0.003,0.002,0.006,1,0.000,0.000,0.000,0,4,0,0
194,0.238,0.238,0.229,0.003,0.002,0.005,1,0.000,0.000,0.000,0,4,0,0
195,0.239,0.239,0.230,0.003,0.002,0.005,1,0.000,0.000,0.000,0,4,0,0
196,0.242,0.242,0.232,0.003,0.002,0.005,1,0.000,0.000,0.000,0,4,0,0
197,0.239,0.239,0.231,0.003,0.002,0.004,1,0.000,0.000,0.000,0,4,0,0
198,0.240,0.240,0.232,0.003,0.002,0.005,1,0.000,0.000,0.000,0,4,0,0
199,0.243,0.243,0.234,0.002,0.002,0.005,1,0.000,0.000,0.000,0,4,0,0
200,0.238,0.238,0.230,0.002,0.002,0.004,1,0.000,0.000,0.000,0,4,0,0
201,0.238,0.238,0.230,0.002,0.002,0.004,1,0.000,0.000,0.000,0,4,0,0
202,0.245,0.245,0.235,0.003,0.002,0.006,1,0.000,0.000,0.000,0,4,0,0
203,0.240,0.240,0.232,0.003,0.002,0.004,1,0.000,0.000,0.000,0,4,0,0
204,0.265,0.265,0.255,0.003,0.002,0.006,1,0.000,0.000,0.000,0,4,0,0
205,0.246,0.246,0.238,0.003,0.002,0.004,1,0.000,0.000,0.000,0,4,0,0
206,0.242,0.242,0.233,0.003,0.002,0.004,1,0.000,0.000,0.000,0,4,0,0
207,0.255,0.255,0.246,0.003,0.002,0.005,1,0.000,0.000,0.000,0,4,0,0
208,0.242,0.242,0.234,0.003,0.001,0.004,1,0.000,0.000,0.000,0,4,0,0
209,0.240,0.240,0.231,0.003,0.002,0.005,1,0.000,0.000,0.000,0,4,0,0
210,0.246,0.246,0.236,0.003,0.001,0.006,1,0.000,0.000,0.000,0,4,0,0
211,0.250,0.250,0.241,0.002,0.001,0.004,1,0.000,0.000,0.000,0,4,0,0
212,0.241,0.241,0.232,0.003,0.002,0.005,1,0.000,0.000,0.000,0,4,0,0
213,0.595,0.595,0.581,0.005,0.003,0.007,1,0.000,0.000,0.000,0,4,0,0
214,0.388,0.388,0.375,0.004,0.003,0.006,1,0.000,0.000,0.000,0,4,0,0
215,0.427,0.427,0.415,0.004,0.003,0.005,1,0.000,0.000,0.000,0,4,0,0
216,0.352,0.352,0.339,0.004,0.003,0.007,1,0.000,0.000,0.000,0,4,0,0
217,0.257,0.257,0.248,0.003,0.002,0.005,1,0.000,0.000,0.000,0,4,0,0
218,0.249,0.249,0.240,0.003,0.002,0.004,1,0.000,0.000,0.000,0,4,0,0
219,0.262,0.262,0.251,0.004,0.002,0.006,1,0.000,0.000,0.000,0,8,0,0
220,0.252,0.252,0.242,0.004,0.002,0.005,1,0.000,0.000,0.000,0,8,0,0
221,0.251,0.251,0.241,0.004,0.002,0.005,1,0.000,0.000,0.000,0,8,0,0
222,0.253,0.253,0.242,0.004,0.002,0.005,1,0.000,0.000,0.000,0,8,0,0
223,0.323,0.323,0.312,0.004,0.002,0.005,1,0.000,0.000,0.000,0,8,0,0
224,0.255,0.255,0.245,0.004,0.002,0.005,1,0.000,0.000,0.000,0,8,0,0
225,0.256,0.256,0.245,0.004,0.002,0.005,1,0.000,0.000,0.000,0,8,0,0
226,0.287,0.287,0.276,0.004,0.002,0.005,1,0.000,0.000,0.000,0,8,0,0
227,0.255,0.255,0.246,0.004,0.002,0.005,1,0.000,0.000,0.000,0,8,0,0
228,0.256,0.256,0.244,0.004,0.002,0.006,1,0.000,0.000,0.000,0,8,0,0
229,0.251,0.251,0.241,0.004,0.002,0.004,1,0.000,0.000,0.000,0,8,0,0
230,0.248,0.248,0.239,0.004,0.002,0.004,1,0.000,0.000,0.000,0,8,0,0
231,0.253,0.253,0.243,0.003,0.001,0.005,1,0.000,0.000,0.000,0,8,0,0
232,0.250,0.250,0.240,0.004,0.002,0.005,1,0.000,0.000,0.000,0,8,0,0
233,0.249,0.249,0.240,0.003,0.002,0.005,1,0.000,0.000,0.000,0,8,0,0
234,0.252,0.252,0.242,0.004,0.002,0.005,1,0.000,0.000,0.000,0,8,0,0
235,0.248,0.248,0.238,0.004,0.002,0.005,1,0.000,0.000,0.000,0,8,0,0
236,0.246,0.246,0.236,0.003,0.002,0.004,1,0.000,0.000,0.000,0,8,0,0
237,0.252,0.252,0.241,0.003,0.002,0.006,1,0.000,0.000,0.000,0,8,0,0
238,0.248,0.248,0.239,0.004,0.002,0.004,1,0.000,0.000,0.000,0,8,0,0
239,0.313,0.313,0.303,0.004,0.002,0.005,1,0.000,0.000,0.000,0,8,0,0
240,0.259,0.259,0.247,0.004,0.002,0.006,1,0.000,0.000,0.000,0,8,0,0
241,0.252,0.252,0.243,0.003,0.002,0.004,1,0.000,0.000,0.000,0,8,0,0
242,0.248,0.248,0.239,0.003,0.002,0.004,1,0.000,0.000,0.000,0,8,0,0
243,0.251,0.251,0.240,0.004,0.002,0.005,1,0.000,0.000,0.000,0,8,0,0
244,0.250,0.250,0.240,0.004,0.002,0.005,1,0.000,0.000,0.000,0,8,0,0
245,0.248,0.248,0.238,0.003,0.002,0.005,1,0.000,0.000,0.000,0,8,0,0
246,0.253,0.253,0.241,0.004,0.002,0.006,1,0.000,0.000,0.000,0,8,0,0
247,0.249,0.249,0.239,0.004,0.002,0.004,1,0.000,0.000,0.000,0,8,0,0
248,0.248,0.248,0.238,0.004,0.002,0.004,1,0.000,0.000,0.000,0,8,0,0
249,0.251,0.251,0.241,0.004,0.002,0.006,1,0.000,0.000,0.000,0,8,0,0
250,0.262,0.262,0.252,0.004,0.002,0.005,1,0.000,0.000,0.000,0,8,0,0
251,0.248,0.248,0.238,0.004,0.002,0.004,1,0.000,0.000,0.000,0,8,0,0
252,0.251,0.251,0.240,0.003,0.002,0.005,1,0.000,0.000,0.000,0,8,0,0
253,0.247,0.247,0.237,0.004,0.002,0.004,1,0.000,0.000,0.000,0,8,0,0
254,0.246,0.246,0.236,0.003,0.002,0.005,1,0.000,0.000,0.000,0,8,0,0
255,0.629,0.629,0.617,0.003,0.002,0.007,1,0.000,0.000,0.000,0,8,0,0
256,0.328,0.328,0.318,0.004,0.002,0.005,1,0.000,0.000,0.000,0,8,0,0
257,0.506,0.506,0.488,0.006,0.003,0.008,1,0.000,0.000,0.000,0,8,0,0
258,0.286,0.286,0.274,0.004,0.002,0.006,1,0.000,0.000,0.000,0,8,0,0
259,0.261,0.261,0.251,0.004,0.002,0.005,1,0.000,0.000,0.000,0,8,0,0
260,0.251,0.251,0.241,0.003,0.002,0.005,1,0.000,0.000,0.000,0,8,0,0
261,0.251,0.251,0.240,0.004,0.002,0.005,1,0.000,0.000,0.000,0,8,0,0
262,0.248,0.248,0.238,0.004,0.001,0.004,1,0.000,0.000,0.000,0,8,0,0
263,0.249,0.249,0.239,0.004,0.002,0.005,1,0.000,0.000,0.000,0,8,0,0
264,0.251,0.251,0.240,0.004,0.002,0.006,1,0.000,0.000,0.000,0,8,0,0
265,0.246,0.246,0.236,0.004,0.001,0.004,1,0.000,0.000,0.000,0,8,0,0
266,0.245,0.245,0.235,0.004,0.002,0.005,1,0.000,0.000,0.000,0,8,0,0
267,0.249,0.249,0.239,0.003,0.002,0.005,1,0.000,0.000,0.000,0,8,0,0
268,0.245,0.245,0.236,0.004,0.002,0.005,1,0.000,0.000,0.000,0,8,0,0
269,0.247,0.247,0.237,0.003,0.002,0.004,1,0.000,0.000,0.000,0,8,0,0
270,0.249,0.249,0.239,0.003,0.002,0.005,1,0.000,0.000,0.000,0,8,0,0
271,0.249,0.249,0.240,0.004,0.002,0.005,1,0.000,0.000,0.000,0,8,0,0
272,0.246,0.246,0.236,0.003,0.002,0.005,1,0.000,0.000,0.000,0,8,0,0
273,0.249,0.249,0.238,0.004,0.002,0.006,1,0.000,0.000,0.000,0,8,0,0
274,0.247,0.247,0.237,0.004,0.002,0.004,1,0.000,0.000,0.000,0,8,0,0
275,0.244,0.244,0.234,0.004,0.002,0.004,1,0.000,0.000,0.000,0,8,0,0
276,0.250,0.250,0.239,0.004,0.002,0.006,1,0.000,0.000,0.000,0,8,0,0
277,0.246,0.246,0.237,0.004,0.001,0.004,1,0.000,0.000,0.000,0,8,0,0
278,0.246,0.246,0.236,0.004,0.002,0.005,1,0.000,0.000,0.000,0,8,0,0
279,0.248,0.248,0.238,0.003,0.002,0.005,1,0.000,0.000,0.000,0,8,0,0
280,0.247,0.247,0.237,0.004,0.002,0.005,1,0.000,0.000,0.000,0,8,0,0
281,0.247,0.247,0.237,0.003,0.002,0.004,1,0.000,0.000,0.000,0,8,0,0
282,0.251,0.251,0.240,0.003,0.002,0.006,1,0.000,0.000,0.000,0,8,0,0
283,0.245,0.245,0.235,0.003,0.002,0.004,1,0.000,0.000,0.000,0,8,0,0
284,0.245,0.245,0.235,0.004,0.002,0.005,1,0.000,0.000,0.000,0,8,0,0
285,0.249,0.249,0.238,0.004,0.002,0.005,1,0.000,0.000,0.000,0,8,0,0
286,0.247,0.247,0.237,0.003,0.002,0.004,1,0.000,0.000,0.000,0,8,0,0
287,0.307,0.307,0.297,0.004,0.002,0.005,1,0.000,0.000,0.000,0,8,0,0
288,0.257,0.257,0.246,0.004,0.002,0.006,1,0.000,0.000,0.000,0,8,0,0
289,0.249,0.249,0.240,0.003,0.002,0.005,1,0.000,0.000,0.000,0,8,0,0
290,0.248,0.248,0.238,0.004,0.002,0.005,1,0.000,0.000,0.000,0,8,0,0
291,0.252,0.252,0.240,0.004,0.002,0.006,1,0.000,0.000,0.000,0,8,0,0
292,0.249,0.249,0.239,0.004,0.002,0.004,1,0.000,0.000,0.000,0,8,0,0
293,0.245,0.245,0.236,0.003,0.002,0.004,1,0.000,0.000,0.000,0,8,0,0
294,0.262,0.262,0.251,0.004,0.002,0.006,1,0.000,0.000,0.000,0,8,0,0
295,0.251,0.251,0.241,0.003,0.002,0.005,1,0.000,0.000,0.000,0,8,0,0
296,0.464,0.464,0.449,0.006,0.003,0.006,1,0.000,0.000,0.000,0,8,0,0
297,0.723,0.723,0.707,0.005,0.003,0.007,1,0.000,0.000,0.000,0,8,0,0
298,0.340,0.340,0.329,0.004,0.002,0.005,1,0.000,0.000,0.000,0,8,0,0
299,0.464,0.464,0.453,0.004,0.002,0.004,1,0.000,0.000,0.000,0,8,0,0
300,0.449,0.449,0.430,0.006,0.004,0.009,1,0.000,0.000,0.000,0,8,0,0
301,0.280,0.280,0.269,0.004,0.002,0.005,1,0.000,0.000,0.000,0,8,0,0
302,0.266,0.266,0.254,0.004,0.002,0.006,1,0.000,0.000,0.000,0,8,0,0
303,0.253,0.253,0.244,0.003,0.002,0.004,1,0.000,0.000,0.000,0,8,0,0
304,0.251,0.251,0.242,0.003,0.002,0.004,1,0.000,0.000,0.000,0,8,0,0
305,0.252,0.252,0.241,0.004,0.002,0.005,1,0.000,0.000,0.000,0,8,0,0
306,0.248,0.248,0.239,0.003,0.002,0.005,1,0.000,0.000,0.000,0,8,0,0
307,0.247,0.247,0.237,0.004,0.002,0.004,1,0.000,0.000,0.000,0,8,0,0
308,0.252,0.252,0.241,0.003,0.002,0.006,1,0.000,0.000,0.000,0,8,0,0
309,0.245,0.245,0.236,0.004,0.002,0.004,1,0.000,0.000,0.000,0,8,0,0
310,0.246,0.246,0.236,0.003,0.002,0.005,1,0.000,0.000,0.000,0,8,0,0
311,0.254,0.254,0.243,0.004,0.002,0.006,1,0.000,0.000,0.000,0,8,0,0
312,0.249,0.249,0.239,0.003,0.002,0.005,1,0.000,0.000,0.000,0,8,0,0
313,0.247,0.247,0.238,0.004,0.002,0.004,1,0.000,0.000,0.000,0,8,0,0
314,0.250,0.250,0.240,0.004,0.002,0.005,1,0.000,0.000,0.000,0,8,0,0
315,0.246,0.246,0.237,0.004,0.002,0.004,1,0.000,0.000,0.000,0,8,0,0
316,0.249,0.249,0.240,0.003,0.001,0.005,1,0.000,0.000,0.000,0,8,0,0
317,0.252,0.252,0.241,0.004,0.002,0.006,1,0.000,0.000,0.000,0,8,0,0
318,0.246,0.246,0.237,0.004,0.002,0.004,1,0.000,0.000,0.000,0,8,0,0
319,0.251,0.251,0.241,0.004,0.002,0.004,1,0.000,0.000,0.000,0,8,0,0
320,0.252,0.252,0.242,0.004,0.002,0.005,1,0.000,0.000,0.000,0,8,0,0
321,0.246,0.246,0.237,0.004,0.002,0.004,1,0.000,0.000,0.000,0,8,0,0
322,0.248,0.248,0.239,0.004,0.002,0.004,1,0.000,0.000,0.000,0,8,0,0
323,0.252,0.252,0.241,0.004,0.002,0.005,1,0.000,0.000,0.000,0,8,0,0
324,0.247,0.247,0.237,0.003,0.002,0.005,1,0.000,0.000,0.000,0,8,0,0
325,0.247,0.247,0.238,0.004,0.002,0.004,1,0.000,0.000,0.000,0,8,0,0
326,0.269,0.269,0.257,0.004,0.002,0.006,1,0.000,0.000,0.000,0,8,0,0
327,0.285,0.285,0.274,0.004,0.002,0.005,1,0.000,0.000,0.000,0,8,0,0
328,0.405,0.405,0.394,0.004,0.002,0.006,1,0.000,0.000,0.000,0,8,0,0
329,0.292,0.292,0.280,0.005,0.002,0.006,1,0.000,0.000,0.000,0,8,0,0
330,0.269,0.269,0.259,0.004,0.002,0.005,1,0.000,0.000,0.000,0,8,0,0
331,0.263,0.263,0.253,0.003,0.002,0.005,1,0.000,0.000,0.000,0,8,0,0
332,0.782,0.782,0.760,0.009,0.005,0.009,1,0.000,0.000,0.000,0,8,0,0
333,0.398,0.398,0.382,0.005,0.003,0.007,1,0.000,0.000,0.000,0,8,0,0
334,0.278,0.278,0.267,0.004,0.002,0.005,1,0.000,0.000,0.000,0,8,0,0
335,0.269,0.269,0.257,0.004,0.002,0.006,1,0.000,0.000,0.000,0,8,0,0
336,0.627,0.627,0.613,0.005,0.003,0.006,1,0.000,0.000,0.000,0,8,0,0
337,0.395,0.395,0.380,0.005,0.003,0.007,1,0.000,0.000,0.000,0,8,0,0
338,0.789,0.789,0.772,0.007,0.003,0.007,1,0.000,0.000,0.000,0,8,0,0
339,0.468,0.468,0.458,0.004,0.002,0.004,1,0.000,0.000,0.000,0,8,0,0
340,0.458,0.458,0.448,0.004,0.002,0.005,1,0.000,0.000,0.000,0,8,0,0
341,0.353,0.353,0.343,0.004,0.002,0.005,1,0.000,0.000,0.000,0,8,0,0
342,39.319,39.319,39.283,0.012,0.008,0.016,1,0.000,0.000,0.000,0,4,0,0
343,0.411,0.411,0.399,0.003,0.002,0.006,1,0.000,0.000,0.000,0,4,0,0
344,0.275,0.275,0.265,0.003,0.002,0.006,1,0.000,0.000,0.000,0,4,0,0
345,0.257,0.257,0.248,0.003,0.002,0.005,1,0.000,0.000,0.000,0,4,0,0
346,0.245,0.245,0.237,0.003,0.002,0.004,1,0.000,0.000,0.000,0,4,0,0
347,0.247,0.247,0.237,0.003,0.002,0.006,1,0.000,0.000,0.000,0,4,0,0
348,0.243,0.243,0.235,0.002,0.002,0.004,1,0.000,0.000,0.000,0,4,0,0
349,0.283,0.283,0.273,0.003,0.001,0.006,1,0.000,0.000,0.000,0,4,0,0
350,0.571,0.571,0.560,0.003,0.002,0.006,1,0.000,0.000,0.000,0,4,0,0
351,0.295,0.295,0.285,0.003,0.002,0.005,1,0.000,0.000,0.000,0,4,0,0
352,0.271,0.271,0.261,0.003,0.002,0.006,1,0.000,0.000,0.000,0,4,0,0
353,0.790,0.790,0.757,0.003,0.002,0.029,1,0.000,0.000,0.000,0,4,0,0
354,0.709,0.709,0.695,0.004,0.002,0.008,1,0.000,0.000,0.000,0,4,0,0
355,0.293,0.293,0.284,0.004,0.002,0.005,1,0.000,0.000,0.000,0,4,0,0
356,0.261,0.261,0.251,0.003,0.002,0.006,1,0.000,0.000,0.000,0,4,0,0
357,0.247,0.247,0.238,0.003,0.002,0.004,1,0.000,0.000,0.000,0,4,0,0
358,0.245,0.245,0.236,0.003,0.002,0.004,1,0.000,0.000,0.000,0,4,0,0
359,0.943,0.943,0.916,0.012,0.008,0.008,1,0.000,0.000,0.000,0,4,0,0
360,0.401,0.401,0.388,0.004,0.003,0.006,1,0.000,0.000,0.000,0,4,0,0
361,0.268,0.268,0.259,0.003,0.002,0.005,1,0.000,0.000,0.000,0,4,0,0
362,0.254,0.254,0.244,0.003,0.002,0.006,1,0.000,0.000,0.000,0,4,0,0
363,0.246,0.246,0.236,0.003,0.002,0.005,1,0.000,0.000,0.000,0,4,0,0
364,0.244,0.244,0.235,0.003,0.002,0.005,1,0.000,0.000,0.000,0,4,0,0
365,0.443,0.443,0.428,0.005,0.004,0.007,1,0.000,0.000,0.000,0,4,0,0
366,0.343,0.343,0.331,0.004,0.003,0.005,1,0.000,0.000,0.000,0,4,0,0
367,0.259,0.259,0.250,0.003,0.002,0.005,1,0.000,0.000,0.000,0,4,0,0
368,0.654,0.654,0.640,0.006,0.002,0.006,1,0.000,0.000,0.000,0,4,0,0
369,0.639,0.639,0.628,0.004,0.002,0.005,1,0.000,0.000,0.000,0,4,0,0
370,0.444,0.444,0.435,0.003,0.002,0.004,1,0.000,0.000,0.000,0,4,0,0
371,0.479,0.479,0.468,0.004,0.002,0.005,1,0.000,0.000,0.000,0,4,0,0
372,0.434,0.434,0.425,0.003,0.002,0.004,1,0.000,0.000,0.000,0,4,0,0
373,0.433,0.433,0.424,0.003,0.002,0.004,1,0.000,0.000,0.000,0,4,0,0
374,0.342,0.342,0.333,0.003,0.002,0.005,1,0.000,0.000,0.000,0,4,0,0
375,0.745,0.745,0.716,0.009,0.009,0.011,1,0.000,0.000,0.000,0,4,0,0
376,0.306,0.306,0.295,0.003,0.002,0.005,1,0.000,0.000,0.000,0,4,0,0
377,0.277,0.277,0.265,0.003,0.002,0.007,1,0.000,0.000,0.000,0,4,0,0
378,0.276,0.276,0.266,0.003,0.002,0.005,1,0.000,0.000,0.000,0,4,0,0
379,0.265,0.265,0.254,0.003,0.002,0.006,1,0.000,0.000,0.000,0,4,0,0
380,0.260,0.260,0.249,0.003,0.002,0.007,1,0.000,0.000,0.000,0,4,0,0
381,0.253,0.253,0.244,0.003,0.002,0.005,1,0.000,0.000,0.000,0,4,0,0
382,0.253,0.253,0.244,0.003,0.002,0.005,1,0.000,0.000,0.000,0,4,0,0
383,0.258,0.258,0.247,0.003,0.002,0.006,1,0.000,0.000,0.000,0,4,0,0
384,0.253,0.253,0.245,0.003,0.002,0.004,1,0.000,0.000,0.000,0,4,0,0
385,0.695,0.695,0.686,0.002,0.002,0.005,1,0.000,0.000,0.000,0,4,0,0
386,0.541,0.541,0.531,0.003,0.002,0.005,1,0.000,0.000,0.000,0,4,0,0
387,0.470,0.470,0.461,0.003,0.002,0.004,1,0.000,0.000,0.000,0,4,0,0
388,0.464,0.464,0.456,0.003,0.002,0.004,1,0.000,0.000,0.000,0,4,0,0
389,0.526,0.526,0.516,0.003,0.002,0.005,1,0.000,0.000,0.000,0,4,0,0
390,0.467,0.467,0.458,0.003,0.002,0.004,1,0.000,0.000,0.000,0,4,0,0
391,0.656,0.656,0.647,0.003,0.002,0.004,1,0.000,0.000,0.000,0,4,0,0
392,0.816,0.816,0.786,0.009,0.007,0.013,1,0.000,0.000,0.000,0,4,0,0
393,0.693,0.693,0.675,0.003,0.008,0.008,1,0.000,0.000,0.000,0,4,0,0
394,0.664,0.664,0.651,0.006,0.002,0.005,1,0.000,0.000,0.000,0,4,0,0
395,0.502,0.502,0.491,0.003,0.002,0.005,1,0.000,0.000,0.000,0,4,0,0
396,0.433,0.433,0.424,0.003,0.002,0.004,1,0.000,0.000,0.000,0,4,0,0
397,0.429,0.429,0.421,0.003,0.002,0.004,1,0.000,0.000,0.000,0,4,0,0
398,0.471,0.471,0.461,0.003,0.002,0.005,1,0.000,0.000,0.000,0,4,0,0
399,0.432,0.432,0.422,0.003,0.002,0.004,1,0.000,0.000,0.000,0,4,0,0
400,0.427,0.427,0.418,0.003,0.002,0.004,1,0.000,0.000,0.000,0,4,0,0
401,0.465,0.465,0.456,0.003,0.002,0.005,1,0.000,0.000,0.000,0,4,0,0
402,0.425,0.425,0.416,0.003,0.002,0.004,1,0.000,0.000,0.000,0,4,0,0
403,0.466,0.466,0.456,0.003,0.002,0.005,1,0.000,0.000,0.000,0,4,0,0
404,0.423,0.423,0.414,0.003,0.002,0.004,1,0.000,0.000,0.000,0,4,0,0
405,0.424,0.424,0.415,0.003,0.002,0.004,1,0.000,0.000,0.000,0,4,0,0
406,0.464,0.464,0.454,0.003,0.002,0.005,1,0.000,0.000,0.000,0,4,0,0
407,0.430,0.430,0.422,0.003,0.002,0.004,1,0.000,0.000,0.000,0,4,0,0
408,0.432,0.432,0.424,0.003,0.002,0.004,1,0.000,0.000,0.000,0,4,0,0
409,0.472,0.472,0.463,0.003,0.002,0.005,1,0.000,0.000,0.000,0,4,0,0
410,0.431,0.431,0.423,0.003,0.002,0.004,1,0.000,0.000,0.000,0,4,0,0
411,0.426,0.426,0.417,0.003,0.002,0.004,1,0.000,0.000,0.000,0,4,0,0
412,0.472,0.472,0.463,0.003,0.002,0.005,1,0.000,0.000,0.000,0,4,0,0
413,0.321,0.321,0.312,0.003,0.002,0.004,1,0.000,0.000,0.000,0,4,0,0
414,0.691,0.691,0.667,0.008,0.005,0.011,1,0.000,0.000,0.000,0,4,0,0
415,0.296,0.296,0.285,0.003,0.002,0.007,1,0.000,0.000,0.000,0,4,0,0
416,0.260,0.260,0.250,0.003,0.002,0.005,1,0.000,0.000,0.000,0,4,0,0
417,0.250,0.250,0.242,0.003,0.002,0.004,1,0.000,0.000,0.000,0,4,0,0
418,0.250,0.250,0.241,0.003,0.002,0.005,1,0.000,0.000,0.000,0,4,0,0
419,0.345,0.345,0.336,0.003,0.002,0.005,1,0.000,0.000,0.000,0,4,0,0
420,0.253,0.253,0.243,0.003,0.002,0.005,1,0.000,0.000,0.000,0,4,0,0
421,0.250,0.250,0.240,0.003,0.002,0.006,1,0.000,0.000,0.000,0,4,0,0
422,0.243,0.243,0.234,0.003,0.002,0.004,1,0.000,0.000,0.000,0,4,0,0
423,0.240,0.240,0.231,0.003,0.002,0.005,1,0.000,0.000,0.000,0,4,0,0
424,0.244,0.244,0.234,0.003,0.002,0.006,1,0.000,0.000,0.000,0,4,0,0
425,0.239,0.239,0.230,0.003,0.002,0.005,1,0.000,0.000,0.000,0,4,0,0
426,0.241,0.241,0.232,0.002,0.002,0.004,1,0.000,0.000,0.000,0,4,0,0
427,0.256,0.256,0.246,0.003,0.002,0.005,1,0.000,0.000,0.000,0,4,0,0
428,0.243,0.243,0.234,0.003,0.001,0.004,1,0.000,0.000,0.000,0,4,0,0
429,0.239,0.239,0.231,0.003,0.002,0.004,1,0.000,0.000,0.000,0,4,0,0
430,0.245,0.245,0.236,0.003,0.002,0.005,1,0.000,0.000,0.000,0,4,0,0
431,0.241,0.241,0.232,0.003,0.002,0.005,1,0.000,0.000,0.000,0,4,0,0
432,0.240,0.240,0.232,0.002,0.002,0.005,1,0.000,0.000,0.000,0,4,0,0
433,0.244,0.244,0.234,0.003,0.002,0.006,1,0.000,0.000,0.000,0,4,0,0
434,0.240,0.240,0.231,0.003,0.002,0.004,1,0.000,0.000,0.000,0,4,0,0
435,0.239,0.239,0.231,0.002,0.002,0.004,1,0.000,0.000,0.000,0,4,0,0
436,0.242,0.242,0.232,0.003,0.002,0.005,1,0.000,0.000,0.000,0,4,0,0
437,0.242,0.242,0.233,0.003,0.002,0.004,1,0.000,0.000,0.000,0,4,0,0
438,0.239,0.239,0.231,0.002,0.001,0.005,1,0.000,0.000,0.000,0,4,0,0
439,0.243,0.243,0.234,0.002,0.002,0.005,1,0.000,0.000,0.000,0,4,0,0
440,0.240,0.240,0.232,0.002,0.001,0.004,1,0.000,0.000,0.000,0,4,0,0
441,0.239,0.239,0.230,0.002,0.002,0.004,1,0.000,0.000,0.000,0,4,0,0
442,0.250,0.250,0.240,0.003,0.002,0.006,1,0.000,0.000,0.000,0,4,0,0
443,0.243,0.243,0.234,0.003,0.002,0.005,1,0.000,0.000,0.000,0,4,0,0
444,0.240,0.240,0.232,0.002,0.002,0.004,1,0.000,0.000,0.000,0,4,0,0
445,0.263,0.263,0.253,0.003,0.002,0.005,1,0.000,0.000,0.000,0,4,0,0
446,0.370,0.370,0.361,0.003,0.002,0.005,1,0.000,0.000,0.000,0,4,0,0
447,0.623,0.623,0.612,0.003,0.002,0.006,1,0.000,0.000,0.000,0,4,0,0
448,0.332,0.332,0.321,0.003,0.002,0.005,1,0.000,0.000,0.000,0,4,0,0
449,0.505,0.505,0.487,0.005,0.004,0.008,1,0.000,0.000,0.000,0,4,0,0
450,0.278,0.278,0.268,0.003,0.002,0.005,1,0.000,0.000,0.000,0,4,0,0
451,0.260,0.260,0.250,0.003,0.002,0.006,1,0.000,0.000,0.000,0,4,0,0
452,0.278,0.278,0.268,0.003,0.002,0.005,1,0.000,0.000,0.000,0,4,0,0
453,0.249,0.249,0.240,0.003,0.002,0.005,1,0.000,0.000,0.000,0,4,0,0
454,0.248,0.248,0.239,0.003,0.002,0.005,1,0.000,0.000,0.000,0,4,0,0
455,0.274,0.274,0.265,0.002,0.002,0.005,1,0.000,0.000,0.000,0,4,0,0
456,0.245,0.245,0.237,0.003,0.002,0.004,1,0.000,0.000,0.000,0,4,0,0
457,0.246,0.246,0.237,0.003,0.002,0.005,1,0.000,0.000,0.000,0,4,0,0
458,0.240,0.240,0.231,0.003,0.002,0.005,1,0.000,0.000,0.000,0,4,0,0
459,0.239,0.239,0.230,0.003,0.002,0.005,1,0.000,0.000,0.000,0,4,0,0
460,0.244,0.244,0.234,0.003,0.001,0.006,1,0.000,0.000,0.000,0,4,0,0
461,0.239,0.239,0.231,0.002,0.002,0.004,1,0.000,0.000,0.000,0,4,0,0
462,0.241,0.241,0.232,0.003,0.002,0.004,1,0.000,0.000,0.000,0,4,0,0
463,0.246,0.246,0.236,0.003,0.002,0.005,1,0.000,0.000,0.000,0,4,0,0
464,0.240,0.240,0.232,0.003,0.002,0.004,1,0.000,0.000,0.000,0,4,0,0
465,0.238,0.238,0.229,0.003,0.002,0.004,1,0.000,0.000,0.000,0,4,0,0
466,0.244,0.244,0.234,0.002,0.002,0.005,1,0.000,0.000,0.000,0,4,0,0
467,0.239,0.239,0.231,0.003,0.002,0.004,1,0.000,0.000,0.000,0,4,0,0
468,0.240,0.240,0.231,0.002,0.002,0.005,1,0.000,0.000,0.000,0,4,0,0
469,0.244,0.244,0.234,0.002,0.002,0.006,1,0.000,0.000,0.000,0,4,0,0
470,0.238,0.238,0.229,0.003,0.002,0.004,1,0.000,0.000,0.000,0,4,0,0
471,0.238,0.238,0.229,0.003,0.002,0.004,1,0.000,0.000,0.000,0,4,0,0
472,0.243,0.243,0.233,0.002,0.002,0.005,1,0.000,0.000,0.000,0,4,0,0
473,0.240,0.240,0.231,0.003,0.002,0.004,1,0.000,0.000,0.000,0,4,0,0
474,0.239,0.239,0.231,0.002,0.002,0.004,1,0.000,0.000,0.000,0,4,0,0
475,0.243,0.243,0.234,0.003,0.002,0.005,1,0.000,0.000,0.000,0,4,0,0
476,0.240,0.240,0.231,0.003,0.002,0.005,1,0.000,0.000,0.000,0,4,0,0
477,0.238,0.238,0.230,0.003,0.001,0.004,1,0.000,0.000,0.000,0,4,0,0
478,0.243,0.243,0.233,0.003,0.002,0.006,1,0.000,0.000,0.000,0,4,0,0
479,0.588,0.588,0.575,0.005,0.003,0.006,1,0.000,0.000,0.000,0,4,0,0
480,0.385,0.385,0.372,0.004,0.003,0.006,1,0.000,0.000,0.000,0,4,0,0
481,0.264,0.264,0.254,0.003,0.002,0.005,1,0.000,0.000,0.000,0,4,0,0
482,0.250,0.250,0.241,0.003,0.002,0.004,1,0.000,0.000,0.000,0,4,0,0
483,0.250,0.250,0.241,0.003,0.002,0.005,1,0.000,0.000,0.000,0,4,0,0
484,0.247,0.247,0.238,0.002,0.002,0.005,1,0.000,0.000,0.000,0,4,0,0
485,0.245,0.245,0.236,0.003,0.002,0.005,1,0.000,0.000,0.000,0,4,0,0
486,0.243,0.243,0.234,0.003,0.002,0.004,1,0.000,0.000,0.000,0,4,0,0
487,0.248,0.248,0.238,0.003,0.002,0.006,1,0.000,0.000,0.000,0,4,0,0
488,0.242,0.242,0.233,0.003,0.001,0.004,1,0.000,0.000,0.000,0,4,0,0
489,0.532,0.532,0.522,0.003,0.002,0.005,1,0.000,0.000,0.000,0,4,0,0
490,0.316,0.316,0.305,0.003,0.002,0.005,1,0.000,0.000,0.000,0,4,0,0
491,0.451,0.451,0.437,0.005,0.003,0.006,1,0.000,0.000,0.000,0,4,0,0
492,0.269,0.269,0.260,0.003,0.002,0.005,1,0.000,0.000,0.000,0,4,0,0
493,0.263,0.263,0.253,0.003,0.002,0.006,1,0.000,0.000,0.000,0,4,0,0
494,0.333,0.333,0.323,0.003,0.002,0.005,1,0.000,0.000,0.000,0,4,0,0
495,0.257,0.257,0.248,0.003,0.002,0.005,1,0.000,0.000,0.000,0,4,0,0
496,0.267,0.267,0.255,0.003,0.002,0.007,1,0.000,0.000,0.000,0,4,0,0
497,0.447,0.447,0.435,0.003,0.002,0.007,1,0.000,0.000,0.000,0,4,0,0
498,0.283,0.283,0.273,0.003,0.002,0.005,1,0.000,0.000,0.000,0,4,0,0
499,0.270,0.270,0.259,0.003,0.002,0.006,1,0.000,0.000,0.000,0,4,0,0
500,0.444,0.444,0.426,0.003,0.007,0.009,1,0.000,0.000,0.000,0,4,0,0
501,0.452,0.452,0.440,0.005,0.003,0.006,1,0.000,0.000,0.000,0,4,0,0
502,0.285,0.285,0.274,0.003,0.002,0.006,1,0.000,0.000,0.000,0,4,0,0
503,0.729,0.729,0.712,0.003,0.006,0.008,1,0.000,0.000,0.000,0,4,0,0
504,0.440,0.440,0.427,0.005,0.002,0.006,1,0.000,0.000,0.000,0,4,0,0
505,0.431,0.431,0.416,0.004,0.004,0.007,1,0.000,0.000,0.000,0,4,0,0
506,0.273,0.273,0.264,0.003,0.002,0.005,1,0.000,0.000,0.000,0,4,0,0
507,0.260,0.260,0.250,0.003,0.002,0.005,1,0.000,0.000,0.000,0,4,0,0
508,0.279,0.279,0.270,0.003,0.002,0.005,1,0.000,0.000,0.000,0,4,0,0
509,0.248,0.248,0.239,0.003,0.002,0.004,1,0.000,0.000,0.000,0,4,0,0
510,0.318,0.318,0.308,0.003,0.002,0.006,1,0.000,0.000,0.000,0,4,0,0
511,0.314,0.314,0.304,0.003,0.002,0.005,1,0.000,0.000,0.000,0,4,0,0
512,0.252,0.252,0.243,0.003,0.002,0.005,1,0.000,0.000,0.000,0,4,0,0
513,0.482,0.482,0.472,0.003,0.002,0.006,1,0.000,0.000,0.000,0,4,0,0
514,0.648,0.648,0.633,0.005,0.003,0.008,1,0.000,0.000,0.000,0,4,0,0
515,0.445,0.445,0.435,0.003,0.002,0.004,1,0.000,0.000,0.000,0,4,0,0
516,0.473,0.473,0.463,0.003,0.002,0.005,1,0.000,0.000,0.000,0,4,0,0
517,0.275,0.275,0.266,0.003,0.002,0.004,1,0.000,0.000,0.000,0,4,0,0
518,0.338,0.338,0.328,0.003,0.002,0.005,1,0.000,0.000,0.000,0,4,0,0
519,0.266,0.266,0.256,0.003,0.002,0.005,1,0.000,0.000,0.000,0,4,0,0
520,0.279,0.279,0.269,0.003,0.002,0.005,1,0.000,0.000,0.000,0,4,0,0
521,0.498,0.498,0.489,0.003,0.002,0.005,1,0.000,0.000,0.000,0,4,0,0
522,0.345,0.345,0.333,0.004,0.002,0.006,1,0.000,0.000,0.000,0,8,0,0
523,0.517,0.517,0.498,0.006,0.005,0.009,1,0.000,0.000,0.000,0,8,0,0
524,0.283,0.283,0.273,0.004,0.002,0.005,1,0.000,0.000,0.000,0,8,0,0
525,0.265,0.265,0.255,0.004,0.002,0.006,1,0.000,0.000,0.000,0,8,0,0
526,0.254,0.254,0.244,0.004,0.001,0.005,1,0.000,0.000,0.000,0,8,0,0
527,0.253,0.253,0.243,0.004,0.002,0.005,1,0.000,0.000,0.000,0,8,0,0
528,0.254,0.254,0.243,0.004,0.001,0.006,1,0.000,0.000,0.000,0,8,0,0
529,0.250,0.250,0.240,0.004,0.002,0.005,1,0.000,0.000,0.000,0,8,0,0
530,0.249,0.249,0.240,0.003,0.002,0.004,1,0.000,0.000,0.000,0,8,0,0
531,0.253,0.253,0.242,0.003,0.002,0.006,1,0.000,0.000,0.000,0,8,0,0
532,0.246,0.246,0.237,0.003,0.002,0.005,1,0.000,0.000,0.000,0,8,0,0
533,0.247,0.247,0.238,0.003,0.001,0.004,1,0.000,0.000,0.000,0,8,0,0
534,0.251,0.251,0.240,0.003,0.002,0.005,1,0.000,0.000,0.000,0,8,0,0
535,0.247,0.247,0.237,0.004,0.002,0.005,1,0.000,0.000,0.000,0,8,0,0
536,0.248,0.248,0.238,0.004,0.002,0.005,1,0.000,0.000,0.000,0,8,0,0
537,0.251,0.251,0.241,0.004,0.002,0.005,1,0.000,0.000,0.000,0,8,0,0
538,0.246,0.246,0.237,0.003,0.001,0.005,1,0.000,0.000,0.000,0,8,0,0
539,0.560,0.560,0.546,0.005,0.003,0.006,1,0.000,0.000,0.000,0,8,0,0
540,0.396,0.396,0.382,0.005,0.003,0.007,1,0.000,0.000,0.000,0,8,0,0
541,0.271,0.271,0.261,0.004,0.002,0.005,1,0.000,0.000,0.000,0,8,0,0
542,0.258,0.258,0.248,0.004,0.002,0.005,1,0.000,0.000,0.000,0,8,0,0
543,0.258,0.258,0.248,0.004,0.002,0.005,1,0.000,0.000,0.000,0,8,0,0
544,0.250,0.250,0.240,0.004,0.002,0.004,1,0.000,0.000,0.000,0,8,0,0
545,0.249,0.249,0.239,0.003,0.002,0.005,1,0.000,0.000,0.000,0,8,0,0
546,0.251,0.251,0.241,0.003,0.002,0.005,1,0.000,0.000,0.000,0,8,0,0
547,0.248,0.248,0.238,0.004,0.002,0.005,1,0.000,0.000,0.000,0,8,0,0
548,0.247,0.247,0.237,0.003,0.001,0.005,1,0.000,0.000,0.000,0,8,0,0
549,0.252,0.252,0.241,0.004,0.002,0.006,1,0.000,0.000,0.000,0,8,0,0
550,0.246,0.246,0.236,0.003,0.002,0.005,1,0.000,0.000,0.000,0,8,0,0
551,0.247,0.247,0.238,0.004,0.002,0.004,1,0.000,0.000,0.000,0,8,0,0
552,0.273,0.273,0.262,0.003,0.002,0.006,1,0.000,0.000,0.000,0,8,0,0
553,7.978,7.978,7.943,0.013,0.008,0.014,1,0.000,0.000,0.000,0,8,0,0
554,0.425,0.425,0.411,0.005,0.003,0.006,1,0.000,0.000,0.000,0,8,0,0
555,0.282,0.282,0.270,0.004,0.002,0.006,1,0.000,0.000,0.000,0,8,0,0
556,0.260,0.260,0.249,0.004,0.002,0.005,1,0.000,0.000,0.000,0,8,0,0
557,0.255,0.255,0.245,0.004,0.002,0.004,1,0.000,0.000,0.000,0,8,0,0
558,0.256,0.256,0.244,0.004,0.002,0.006,1,0.000,0.000,0.000,0,8,0,0
559,0.251,0.251,0.242,0.003,0.002,0.005,1,0.000,0.000,0.000,0,8,0,0
560,0.248,0.248,0.238,0.004,0.002,0.004,1,0.000,0.000,0.000,0,8,0,0
561,0.252,0.252,0.241,0.004,0.002,0.005,1,0.000,0.000,0.000,0,8,0,0
562,0.246,0.246,0.236,0.003,0.002,0.005,1,0.000,0.000,0.000,0,8,0,0
563,0.248,0.248,0.238,0.004,0.002,0.004,1,0.000,0.000,0.000,0,8,0,0
564,0.252,0.252,0.242,0.004,0.002,0.005,1,0.000,0.000,0.000,0,8,0,0
565,0.249,0.249,0.239,0.004,0.002,0.005,1,0.000,0.000,0.000,0,8,0,0
566,0.248,0.248,0.238,0.003,0.002,0.005,1,0.000,0.000,0.000,0,8,0,0
567,0.251,0.251,0.240,0.004,0.002,0.006,1,0.000,0.000,0.000,0,8,0,0
568,0.246,0.246,0.236,0.004,0.002,0.005,1,0.000,0.000,0.000,0,8,0,0
569,0.519,0.519,0.503,0.006,0.003,0.007,1,0.000,0.000,0.000,0,8,0,0
570,0.355,0.355,0.341,0.005,0.003,0.007,1,0.000,0.000,0.000,0,8,0,0
571,0.261,0.261,0.251,0.004,0.002,0.004,1,0.000,0.000,0.000,0,8,0,0
572,0.442,0.442,0.384,0.049,0.003,0.005,1,0.000,0.000,0.000,0,8,0,0
573,0.350,0.350,0.336,0.005,0.003,0.007,1,0.000,0.000,0.000,0,8,0,0
574,0.310,0.310,0.300,0.004,0.002,0.005,1,0.000,0.000,0.000,0,8,0,0
575,0.615,0.615,0.601,0.006,0.003,0.005,1,0.000,0.000,0.000,0,8,0,0
576,0.417,0.417,0.401,0.006,0.003,0.007,1,0.000,0.000,0.000,0,8,0,0
577,0.272,0.272,0.262,0.004,0.002,0.005,1,0.000,0.000,0.000,0,8,0,0
578,0.259,0.259,0.249,0.004,0.001,0.005,1,0.000,0.000,0.000,0,8,0,0
579,0.257,0.257,0.246,0.004,0.002,0.006,1,0.000,0.000,0.000,0,8,0,0
580,0.249,0.249,0.240,0.004,0.002,0.004,1,0.000,0.000,0.000,0,8,0,0
581,0.248,0.248,0.239,0.004,0.002,0.004,1,0.000,0.000,0.000,0,8,0,0
582,0.270,0.270,0.259,0.004,0.002,0.006,1,0.000,0.000,0.000,0,8,0,0
583,0.251,0.251,0.241,0.004,0.002,0.004,1,0.000,0.000,0.000,0,8,0,0
584,0.248,0.248,0.239,0.004,0.002,0.004,1,0.000,0.000,0.000,0,8,0,0
585,0.252,0.252,0.241,0.003,0.002,0.006,1,0.000,0.000,0.000,0,8,0,0
586,0.245,0.245,0.236,0.004,0.002,0.004,1,0.000,0.000,0.000,0,8,0,0
587,0.247,0.247,0.237,0.004,0.002,0.004,1,0.000,0.000,0.000,0,8,0,0
588,0.263,0.263,0.252,0.004,0.002,0.005,1,0.000,0.000,0.000,0,8,0,0
589,0.250,0.250,0.240,0.003,0.002,0.005,1,0.000,0.000,0.000,0,8,0,0
590,0.248,0.248,0.238,0.003,0.002,0.004,1,0.000,0.000,0.000,0,8,0,0
591,0.253,0.253,0.242,0.004,0.002,0.006,1,0.000,0.000,0.000,0,8,0,0
592,0.245,0.245,0.236,0.003,0.002,0.004,1,0.000,0.000,0.000,0,8,0,0
593,0.247,0.247,0.238,0.003,0.002,0.004,1,0.000,0.000,0.000,0,8,0,0
594,0.252,0.252,0.241,0.004,0.001,0.006,1,0.000,0.000,0.000,0,8,0,0
595,0.247,0.247,0.238,0.003,0.001,0.004,1,0.000,0.000,0.000,0,8,0,0
596,0.248,0.248,0.239,0.004,0.002,0.004,1,0.000,0.000,0.000,0,8,0,0
597,0.249,0.249,0.239,0.004,0.002,0.005,1,0.000,0.000,0.000,0,8,0,0
598,0.246,0.246,0.236,0.003,0.002,0.005,1,0.000,0.000,0.000,0,8,0,0
599,0.565,0.565,0.551,0.005,0.003,0.006,1,0.000,0.000,0.000,0,8,0,0
600,0.389,0.389,0.375,0.005,0.003,0.007,1,0.000,0.000,0.000,0,8,0,0
601,0.268,0.268,0.258,0.004,0.002,0.005,1,0.000,0.000,0.000,0,8,0,0
602,0.263,0.263,0.251,0.003,0.002,0.006,1,0.000,0.000,0.000,0,8,0,0
603,0.254,0.254,0.244,0.004,0.002,0.005,1,0.000,0.000,0.000,0,8,0,0
604,0.249,0.249,0.239,0.004,0.002,0.005,1,0.000,0.000,0.000,0,8,0,0
605,0.252,0.252,0.242,0.003,0.002,0.005,1,0.000,0.000,0.000,0,8,0,0
606,0.308,0.308,0.297,0.003,0.002,0.005,1,0.000,0.000,0.000,0,8,0,0
607,0.259,0.259,0.249,0.004,0.002,0.005,1,0.000,0.000,0.000,0,8,0,0
608,0.255,0.255,0.244,0.003,0.002,0.005,1,0.000,0.000,0.000,0,8,0,0
609,0.251,0.251,0.241,0.004,0.002,0.005,1,0.000,0.000,0.000,0,8,0,0
610,0.248,0.248,0.238,0.004,0.002,0.005,1,0.000,0.000,0.000,0,8,0,0
611,0.253,0.253,0.242,0.003,0.002,0.006,1,0.000,0.000,0.000,0,8,0,0
612,0.249,0.249,0.239,0.003,0.002,0.005,1,0.000,0.000,0.000,0,8,0,0
613,0.881,0.881,0.865,0.006,0.003,0.007,1,0.000,0.000,0.000,0,8,0,0
614,0.648,0.648,0.637,0.004,0.002,0.005,1,0.000,0.000,0.000,0,8,0,0
615,0.442,0.442,0.432,0.004,0.002,0.004,1,0.000,0.000,0.000,0,8,0,0
616,0.456,0.456,0.447,0.005,0.002,0.004,1,0.000,0.000,0.000,0,8,0,0
617,0.431,0.431,0.421,0.004,0.001,0.004,1,0.000,0.000,0.000,0,8,0,0
618,0.443,0.443,0.434,0.004,0.002,0.004,1,0.000,0.000,0.000,0,8,0,0
619,0.415,0.415,0.405,0.004,0.002,0.004,1,0.000,0.000,0.000,0,8,0,0
620,0.418,0.418,0.408,0.004,0.002,0.005,1,0.000,0.000,0.000,0,8,0,0
621,0.497,0.497,0.479,0.007,0.004,0.008,1,0.000,0.000,0.000,0,8,0,0
622,0.475,0.475,0.462,0.005,0.003,0.005,1,0.000,0.000,0.000,0,8,0,0
623,0.430,0.430,0.420,0.004,0.001,0.005,1,0.000,0.000,0.000,0,8,0,0
624,0.445,0.445,0.436,0.004,0.002,0.004,1,0.000,0.000,0.000,0,8,0,0
625,0.707,0.707,0.688,0.007,0.005,0.007,1,0.000,0.000,0.000,0,8,0,0
626,0.904,0.904,0.884,0.008,0.004,0.008,1,0.000,0.000,0.000,0,8,0,0
627,0.498,0.498,0.488,0.005,0.002,0.004,1,0.000,0.000,0.000,0,8,0,0
628,0.425,0.425,0.415,0.004,0.002,0.004,1,0.000,0.000,0.000,0,8,0,0
629,0.423,0.423,0.413,0.004,0.002,0.005,1,0.000,0.000,0.000,0,8,0,0
630,0.446,0.446,0.436,0.004,0.002,0.004,1,0.000,0.000,0.000,0,8,0,0
631,0.411,0.411,0.401,0.004,0.002,0.004,1,0.000,0.000,0.000,0,8,0,0
632,0.420,0.420,0.409,0.004,0.002,0.004,1,0.000,0.000,0.000,0,8,0,0
633,0.479,0.479,0.462,0.006,0.004,0.007,1,0.000,0.000,0.000,0,8,0,0
634,0.475,0.475,0.463,0.005,0.003,0.005,1,0.000,0.000,0.000,0,8,0,0
635,0.430,0.430,0.420,0.004,0.002,0.004,1,0.000,0.000,0.000,0,8,0,0
636,0.450,0.450,0.440,0.004,0.002,0.004,1,0.000,0.000,0.000,0,8,0,0
637,0.414,0.414,0.404,0.004,0.002,0.004,1,0.000,0.000,0.000,0,8,0,0
638,0.674,0.674,0.663,0.004,0.002,0.005,1,0.000,0.000,0.000,0,8,0,0
639,0.696,0.696,0.684,0.004,0.002,0.005,1,0.000,0.000,0.000,0,8,0,0
640,0.479,0.479,0.468,0.004,0.002,0.004,1,0.000,0.000,0.000,0,8,0,0
641,0.513,0.513,0.502,0.004,0.002,0.005,1,0.000,0.000,0.000,0,8,0,0
642,0.349,0.349,0.339,0.004,0.002,0.004,1,0.000,0.000,0.000,0,8,0,0
643,0.500,0.500,0.490,0.004,0.002,0.004,1,0.000,0.000,0.000,0,8,0,0
644,0.427,0.427,0.416,0.004,0.002,0.004,1,0.000,0.000,0.000,0,8,0,0
645,0.439,0.439,0.421,0.007,0.004,0.007,1,0.000,0.000,0.000,0,8,0,0
646,0.284,0.284,0.274,0.004,0.002,0.005,1,0.000,0.000,0.000,0,8,0,0
647,0.272,0.272,0.260,0.004,0.002,0.006,1,0.000,0.000,0.000,0,8,0,0
648,0.259,0.259,0.249,0.004,0.002,0.005,1,0.000,0.000,0.000,0,8,0,0
649,0.257,0.257,0.247,0.004,0.002,0.004,1,0.000,0.000,0.000,0,8,0,0
650,0.258,0.258,0.248,0.004,0.001,0.005,1,0.000,0.000,0.000,0,8,0,0
651,0.251,0.251,0.241,0.003,0.002,0.004,1,0.000,0.000,0.000,0,8,0,0
652,0.265,0.265,0.255,0.004,0.002,0.005,1,0.000,0.000,0.000,0,8,0,0
653,0.258,0.258,0.248,0.004,0.002,0.005,1,0.000,0.000,0.000,0,8,0,0
654,0.253,0.253,0.243,0.003,0.001,0.005,1,0.000,0.000,0.000,0,8,0,0
655,0.252,0.252,0.243,0.004,0.002,0.005,1,0.000,0.000,0.000,0,8,0,0
656,0.257,0.257,0.245,0.004,0.002,0.006,1,0.000,0.000,0.000,0,8,0,0
657,0.251,0.251,0.242,0.003,0.002,0.004,1,0.000,0.000,0.000,0,8,0,0
658,0.251,0.251,0.241,0.003,0.002,0.005,1,0.000,0.000,0.000,0,8,0,0
659,0.549,0.549,0.535,0.005,0.003,0.006,1,0.000,0.000,0.000,0,8,0,0
660,0.422,0.422,0.410,0.005,0.002,0.005,1,0.000,0.000,0.000,0,8,0,0
661,0.289,0.289,0.279,0.003,0.002,0.005,1,0.000,0.000,0.000,0,4,0,0
662,0.251,0.251,0.242,0.003,0.002,0.005,1,0.000,0.000,0.000,0,4,0,0
663,0.271,0.271,0.262,0.003,0.002,0.005,1,0.000,0.000,0.000,0,4,0,0
664,0.236,0.236,0.227,0.003,0.002,0.004,1,0.000,0.000,0.000,0,4,0,0
665,0.291,0.291,0.280,0.003,0.002,0.006,1,0.000,0.000,0.000,0,4,0,0
666,0.267,0.267,0.258,0.002,0.002,0.005,1,0.000,0.000,0.000,0,4,0,0
667,0.239,0.239,0.230,0.003,0.002,0.004,1,0.000,0.000,0.000,0,4,0,0
668,0.238,0.238,0.228,0.003,0.001,0.005,1,0.000,0.000,0.000,0,4,0,0
669,0.258,0.258,0.249,0.003,0.002,0.005,1,0.000,0.000,0.000,0,4,0,0
670,0.233,0.233,0.225,0.003,0.002,0.004,1,0.000,0.000,0.000,0,4,0,0
671,0.236,0.236,0.227,0.003,0.002,0.005,1,0.000,0.000,0.000,0,4,0,0
672,0.231,0.231,0.223,0.003,0.002,0.004,1,0.000,0.000,0.000,0,4,0,0
673,0.231,0.231,0.223,0.003,0.002,0.004,1,0.000,0.000,0.000,0,4,0,0
674,0.605,0.605,0.595,0.003,0.002,0.006,1,0.000,0.000,0.000,0,4,0,0
675,0.442,0.442,0.428,0.005,0.003,0.007,1,0.000,0.000,0.000,0,4,0,0
676,0.266,0.266,0.256,0.003,0.002,0.005,1,0.000,0.000,0.000,0,4,0,0
677,0.248,0.248,0.239,0.003,0.002,0.006,1,0.000,0.000,0.000,0,4,0,0
678,0.267,0.267,0.258,0.003,0.002,0.005,1,0.000,0.000,0.000,0,4,0,0
679,0.241,0.241,0.232,0.003,0.002,0.004,1,0.000,0.000,0.000,0,4,0,0
680,0.237,0.237,0.228,0.003,0.002,0.006,1,0.000,0.000,0.000,0,4,0,0
681,0.263,0.263,0.254,0.003,0.002,0.005,1,0.000,0.000,0.000,0,4,0,0
682,0.287,0.287,0.277,0.003,0.002,0.005,1,0.000,0.000,0.000,0,4,0,0
683,0.247,0.247,0.236,0.003,0.002,0.006,1,0.000,0.000,0.000,0,4,0,0
684,0.264,0.264,0.255,0.003,0.002,0.005,1,0.000,0.000,0.000,0,4,0,0
685,0.234,0.234,0.225,0.003,0.002,0.004,1,0.000,0.000,0.000,0,4,0,0
686,0.237,0.237,0.228,0.002,0.002,0.005,1,0.000,0.000,0.000,0,4,0,0
687,0.234,0.234,0.225,0.003,0.002,0.004,1,0.000,0.000,0.000,0,4,0,0
688,0.229,0.229,0.220,0.003,0.002,0.005,1,0.000,0.000,0.000,0,4,0,0
689,0.235,0.235,0.225,0.003,0.002,0.005,1,0.000,0.000,0.000,0,4,0,0
690,0.230,0.230,0.221,0.003,0.002,0.005,1,0.000,0.000,0.000,0,4,0,0
691,0.229,0.229,0.221,0.003,0.002,0.004,1,0.000,0.000,0.000,0,4,0,0
692,0.233,0.233,0.222,0.003,0.002,0.006,1,0.000,0.000,0.000,0,4,0,0
693,0.229,0.229,0.221,0.003,0.001,0.004,1,0.000,0.000,0.000,0,4,0,0
694,0.229,0.229,0.220,0.003,0.001,0.004,1,0.000,0.000,0.000,0,4,0,0
695,0.233,0.233,0.224,0.003,0.002,0.005,1,0.000,0.000,0.000,0,4,0,0
696,0.231,0.231,0.222,0.002,0.002,0.004,1,0.000,0.000,0.000,0,4,0,0
697,0.229,0.229,0.220,0.003,0.002,0.005,1,0.000,0.000,0.000,0,4,0,0
698,0.232,0.232,0.223,0.003,0.002,0.006,1,0.000,0.000,0.000,0,4,0,0
699,0.229,0.229,0.220,0.003,0.002,0.004,1,0.000,0.000,0.000,0,4,0,0
700,0.228,0.228,0.220,0.003,0.001,0.004,1,0.000,0.000,0.000,0,4,0,0
701,0.232,0.232,0.222,0.003,0.002,0.006,1,0.000,0.000,0.000,0,4,0,0
702,0.229,0.229,0.220,0.002,0.002,0.005,1,0.000,0.000,0.000,0,4,0,0
703,0.291,0.291,0.281,0.003,0.002,0.006,1,0.000,0.000,0.000,0,4,0,0
704,0.237,0.237,0.228,0.003,0.002,0.004,1,0.000,0.000,0.000,0,4,0,0
705,0.233,0.233,0.225,0.003,0.002,0.004,1,0.000,0.000,0.000,0,4,0,0
706,0.236,0.236,0.226,0.003,0.002,0.005,1,0.000,0.000,0.000,0,4,0,0
707,0.228,0.228,0.219,0.003,0.002,0.004,1,0.000,0.000,0.000,0,4,0,0
708,0.230,0.230,0.222,0.002,0.001,0.004,1,0.000,0.000,0.000,0,4,0,0
709,0.234,0.234,0.224,0.003,0.002,0.006,1,0.000,0.000,0.000,0,4,0,0
710,0.231,0.231,0.222,0.003,0.002,0.004,1,0.000,0.000,0.000,0,4,0,0
711,0.229,0.229,0.221,0.003,0.002,0.004,1,0.000,0.000,0.000,0,4,0,0
712,0.234,0.234,0.225,0.002,0.002,0.005,1,0.000,0.000,0.000,0,4,0,0
713,0.229,0.229,0.220,0.003,0.002,0.004,1,0.000,0.000,0.000,0,4,0,0
714,0.228,0.228,0.220,0.002,0.002,0.004,1,0.000,0.000,0.000,0,4,0,0
715,0.238,0.238,0.229,0.002,0.002,0.005,1,0.000,0.000,0.000,0,4,0,0
716,0.230,0.230,0.222,0.002,0.002,0.004,1,0.000,0.000,0.000,0,4,0,0
717,0.230,0.230,0.222,0.003,0.002,0.004,1,0.000,0.000,0.000,0,4,0,0
718,0.250,0.250,0.239,0.003,0.001,0.007,1,0.000,0.000,0.000,0,4,0,0
719,0.386,0.386,0.376,0.003,0.002,0.005,1,0.000,0.000,0.000,0,4,0,0
720,0.587,0.587,0.573,0.004,0.003,0.007,1,0.000,0.000,0.000,0,4,0,0
721,0.393,0.393,0.379,0.004,0.004,0.007,1,0.000,0.000,0.000,0,4,0,0
722,0.257,0.257,0.248,0.003,0.002,0.005,1,0.000,0.000,0.000,0,4,0,0
723,2.863,2.863,2.839,0.011,0.004,0.009,1,0.000,0.000,0.000,0,12,0,0
724,1.379,1.379,1.216,0.008,0.003,0.152,1,0.000,0.000,0.000,0,12,0,0
725,1.120,1.120,1.068,0.009,0.002,0.040,1,0.000,0.000,0.000,0,12,0,0
726,0.942,0.942,0.893,0.006,0.002,0.040,1,0.000,0.000,0.000,0,12,0,0
727,0.937,0.937,0.877,0.006,0.002,0.052,1,0.000,0.000,0.000,0,12,0,0
728,0.916,0.916,0.868,0.006,0.002,0.040,1,0.000,0.000,0.000,0,12,0,0
729,0.917,0.917,0.869,0.006,0.002,0.040,1,0.000,0.000,0.000,0,12,0,0
730,0.932,0.932,0.871,0.006,0.002,0.052,1,0.000,0.000,0.000,0,12,0,0
731,1.053,1.053,1.004,0.007,0.002,0.041,1,0.000,0.000,0.000,0,12,0,0
732,1.309,1.309,1.249,0.008,0.004,0.048,1,0.000,0.000,0.000,0,12,0,0
733,0.999,0.999,0.937,0.007,0.002,0.052,1,0.000,0.000,0.000,0,12,0,0
734,0.933,0.933,0.885,0.006,0.002,0.040,1,0.000,0.000,0.000,0,12,0,0
735,0.924,0.924,0.875,0.006,0.002,0.041,1,0.000,0.000,0.000,0,12,0,0
736,1.023,1.023,0.961,0.007,0.002,0.053,1,0.000,0.000,0.000,0,12,0,0
737,0.921,0.921,0.873,0.006,0.002,0.040,1,0.000,0.000,0.000,0,12,0,0
738,0.914,0.914,0.866,0.006,0.002,0.039,1,0.000,0.000,0.000,0,12,0,0
739,0.931,0.931,0.870,0.006,0.002,0.052,1,0.000,0.000,0.000,0,12,0,0
740,0.927,0.927,0.879,0.006,0.002,0.040,1,0.000,0.000,0.000,0,12,0,0
741,0.930,0.930,0.881,0.006,0.002,0.041,1,0.000,0.000,0.000,0,12,0,0
742,0.935,0.935,0.875,0.006,0.002,0.052,1,0.000,0.000,0.000,0,12,0,0
743,1.426,1.426,1.368,0.010,0.004,0.044,1,0.000,0.000,0.000,0,12,0,0
744,1.079,1.079,1.026,0.008,0.003,0.042,1,0.000,0.000,0.000,0,12,0,0
745,0.953,0.953,0.893,0.006,0.002,0.052,1,0.000,0.000,0.000,0,12,0,0
746,0.948,0.948,0.899,0.007,0.002,0.040,1,0.000,0.000,0.000,0,12,0,0
747,2.139,2.139,2.080,0.010,0.005,0.044,1,0.000,0.000,0.000,0,12,0,0
748,1.064,1.064,1.004,0.007,0.002,0.051,1,0.000,0.000,0.000,0,12,0,0
749,1.273,1.273,1.214,0.010,0.004,0.046,1,0.000,0.000,0.000,0,12,0,0
750,0.957,0.957,0.908,0.006,0.002,0.040,1,0.000,0.000,0.000,0,12,0,0
751,0.945,0.945,0.885,0.006,0.002,0.052,1,0.000,0.000,0.000,0,12,0,0
752,0.922,0.922,0.873,0.006,0.002,0.040,1,0.000,0.000,0.000,0,12,0,0
753,1.303,1.303,1.252,0.008,0.003,0.040,1,0.000,0.000,0.000,0,12,0,0
754,1.110,1.110,1.044,0.008,0.003,0.055,1,0.000,0.000,0.000,0,12,0,0
755,0.939,0.939,0.890,0.007,0.002,0.040,1,0.000,0.000,0.000,0,12,0,0
756,0.938,0.938,0.890,0.007,0.002,0.039,1,0.000,0.000,0.000,0,12,0,0
757,0.923,0.923,0.863,0.006,0.002,0.052,1,0.000,0.000,0.000,0,12,0,0
758,1.003,1.003,0.954,0.007,0.002,0.040,1,0.000,0.000,0.000,0,12,0,0
759,0.921,0.921,0.873,0.006,0.002,0.040,1,0.000,0.000,0.000,0,12,0,0
760,0.932,0.932,0.871,0.006,0.002,0.052,1,0.000,0.000,0.000,0,12,0,0
761,0.915,0.915,0.866,0.006,0.002,0.041,1,0.000,0.000,0.000,0,12,0,0
762,0.913,0.913,0.865,0.006,0.002,0.040,1,0.000,0.000,0.000,0,12,0,0
763,0.929,0.929,0.870,0.006,0.002,0.052,1,0.000,0.000,0.000,0,12,0,0
764,1.369,1.369,1.322,0.006,0.002,0.039,1,0.000,0.000,0.000,0,12,0,0
765,0.988,0.988,0.940,0.006,0.002,0.039,1,0.000,0.000,0.000,0,12,0,0
766,1.189,1.189,1.121,0.009,0.003,0.055,1,0.000,0.000,0.000,0,12,0,0
767,1.009,1.009,0.959,0.007,0.002,0.041,1,0.000,0.000,0.000,0,12,0,0
768,0.944,0.944,0.895,0.007,0.002,0.040,1,0.000,0.000,0.000,0,12,0,0
769,0.934,0.934,0.875,0.006,0.002,0.052,1,0.000,0.000,0.000,0,12,0,0
770,0.915,0.915,0.868,0.006,0.002,0.039,1,0.000,0.000,0.000,0,12,0,0
771,0.917,0.917,0.868,0.006,0.002,0.041,1,0.000,0.000,0.000,0,12,0,0
772,0.928,0.928,0.867,0.006,0.002,0.052,1,0.000,0.000,0.000,0,12,0,0
773,0.911,0.911,0.864,0.006,0.002,0.040,1,0.000,0.000,0.000,0,12,0,0
774,0.934,0.934,0.886,0.006,0.002,0.039,1,0.000,0.000,0.000,0,12,0,0
775,0.934,0.934,0.873,0.006,0.002,0.052,1,0.000,0.000,0.000,0,12,0,0
776,1.004,1.004,0.956,0.006,0.002,0.039,1,0.000,0.000,0.000,0,12,0,0
777,1.173,1.173,1.117,0.008,0.003,0.044,1,0.000,0.000,0.000,0,12,0,0
778,0.957,0.957,0.897,0.006,0.002,0.052,1,0.000,0.000,0.000,0,12,0,0
779,1.011,1.011,0.961,0.007,0.002,0.041,1,0.000,0.000,0.000,0,12,0,0
780,0.921,0.921,0.872,0.006,0.002,0.040,1,0.000,0.000,0.000,0,12,0,0
781,0.933,0.933,0.873,0.006,0.002,0.052,1,0.000,0.000,0.000,0,12,0,0
782,0.915,0.915,0.868,0.006,0.002,0.039,1,0.000,0.000,0.000,0,12,0,0
783,0.919,0.919,0.871,0.006,0.002,0.040,1,0.000,0.000,0.000,0,12,0,0
784,1.476,1.476,1.417,0.006,0.002,0.051,1,0.000,0.000,0.000,0,12,0,0
785,0.989,0.989,0.941,0.007,0.003,0.039,1,0.000,0.000,0.000,0,12,0,0
786,0.960,0.960,0.911,0.007,0.002,0.040,1,0.000,0.000,0.000,0,12,0,0
787,1.373,1.373,1.313,0.006,0.002,0.051,1,0.000,0.000,0.000,0,12,0,0
788,1.231,1.231,1.175,0.008,0.004,0.045,1,0.000,0.000,0.000,0,12,0,0
789,0.968,0.968,0.917,0.006,0.003,0.042,1,0.000,0.000,0.000,0,12,0,0
790,0.967,0.967,0.906,0.006,0.002,0.053,1,0.000,0.000,0.000,0,12,0,0
791,1.204,1.204,1.148,0.010,0.004,0.043,1,0.000,0.000,0.000,0,12,0,0
792,1.054,1.054,1.001,0.008,0.003,0.042,1,0.000,0.000,0.000,0,12,0,0
793,0.957,0.957,0.896,0.006,0.002,0.052,1,0.000,0.000,0.000,0,12,0,0
794,0.933,0.933,0.884,0.007,0.002,0.040,1,0.000,0.000,0.000,0,12,0,0
795,0.981,0.981,0.931,0.006,0.002,0.041,1,0.000,0.000,0.000,0,12,0,0
796,1.810,1.810,1.743,0.009,0.003,0.055,1,0.000,0.000,0.000,0,12,0,0
797,1.621,1.621,1.560,0.009,0.004,0.048,1,0.000,0.000,0.000,0,12,0,0
798,1.166,1.166,1.111,0.008,0.003,0.044,1,0.000,0.000,0.000,0,12,0,0
799,0.965,0.965,0.905,0.006,0.002,0.052,1,0.000,0.000,0.000,0,12,0,0
800,0.923,0.923,0.875,0.006,0.002,0.039,1,0.000,0.000,0.000,0,12,0,0
801,0.920,0.920,0.871,0.006,0.002,0.040,1,0.000,0.000,0.000,0,12,0,0
802,0.937,0.937,0.877,0.006,0.002,0.052,1,0.000,0.000,0.000,0,12,0,0
803,0.918,0.918,0.870,0.006,0.002,0.040,1,0.000,0.000,0.000,0,12,0,0
804,0.942,0.942,0.880,0.007,0.002,0.052,1,0.000,0.000,0.000,0,16,0,0
805,0.922,0.922,0.873,0.007,0.002,0.040,1,0.000,0.000,0.000,0,16,0,0
806,0.921,0.921,0.873,0.007,0.002,0.039,1,0.000,0.000,0.000,0,16,0,0
807,0.936,0.936,0.874,0.007,0.002,0.053,1,0.000,0.000,0.000,0,16,0,0
808,1.082,1.082,1.033,0.007,0.002,0.039,1,0.000,0.000,0.000,0,16,0,0
809,1.042,1.042,0.992,0.008,0.002,0.040,1,0.000,0.000,0.000,0,16,0,0
810,0.953,0.953,0.893,0.007,0.002,0.051,1,0.000,0.000,0.000,0,16,0,0
811,0.928,0.928,0.878,0.007,0.002,0.040,1,0.000,0.000,0.000,0,16,0,0
812,0.922,0.922,0.875,0.007,0.002,0.039,1,0.000,0.000,0.000,0,16,0,0
813,0.937,0.937,0.876,0.007,0.002,0.051,1,0.000,0.000,0.000,0,16,0,0
814,0.922,0.922,0.873,0.007,0.002,0.040,1,0.000,0.000,0.000,0,16,0,0
815,0.918,0.918,0.869,0.007,0.002,0.040,1,0.000,0.000,0.000,0,16,0,0
816,0.935,0.935,0.874,0.007,0.002,0.052,1,0.000,0.000,0.000,0,16,0,0
817,0.921,0.921,0.872,0.007,0.002,0.039,1,0.000,0.000,0.000,0,16,0,0
818,0.919,0.919,0.871,0.007,0.002,0.039,1,0.000,0.000,0.000,0,16,0,0
819,0.951,0.951,0.890,0.008,0.002,0.051,1,0.000,0.000,0.000,0,16,0,0
820,0.935,0.935,0.886,0.007,0.002,0.040,1,0.000,0.000,0.000,0,16,0,0
821,0.918,0.918,0.870,0.007,0.002,0.040,1,0.000,0.000,0.000,0,16,0,0
822,0.935,0.935,0.873,0.007,0.002,0.052,1,0.000,0.000,0.000,0,16,0,0
823,0.921,0.921,0.871,0.007,0.002,0.040,1,0.000,0.000,0.000,0,16,0,0
824,0.920,0.920,0.872,0.007,0.002,0.039,1,0.000,0.000,0.000,0,16,0,0
825,0.934,0.934,0.873,0.007,0.002,0.052,1,0.000,0.000,0.000,0,16,0,0
826,0.921,0.921,0.873,0.007,0.002,0.039,1,0.000,0.000,0.000,0,16,0,0
827,0.916,0.916,0.868,0.007,0.002,0.039,1,0.000,0.000,0.000,0,16,0,0
828,0.934,0.934,0.874,0.007,0.002,0.052,1,0.000,0.000,0.000,0,16,0,0
829,0.921,0.921,0.872,0.007,0.002,0.040,1,0.000,0.000,0.000,0,16,0,0
830,0.950,0.950,0.901,0.007,0.002,0.039,1,0.000,0.000,0.000,0,16,0,0
831,0.939,0.939,0.878,0.007,0.002,0.051,1,0.000,0.000,0.000,0,16,0,0
832,0.921,0.921,0.872,0.007,0.002,0.040,1,0.000,0.000,0.000,0,16,0,0
833,0.917,0.917,0.868,0.007,0.002,0.040,1,0.000,0.000,0.000,0,16,0,0
834,0.935,0.935,0.875,0.007,0.002,0.052,1,0.000,0.000,0.000,0,16,0,0
835,0.924,0.924,0.875,0.007,0.002,0.039,1,0.000,0.000,0.000,0,16,0,0
836,0.920,0.920,0.872,0.007,0.002,0.039,1,0.000,0.000,0.000,0,16,0,0
837,0.934,0.934,0.874,0.007,0.002,0.050,1,0.000,0.000,0.000,0,16,0,0
838,0.920,0.920,0.871,0.007,0.002,0.040,1,0.000,0.000,0.000,0,16,0,0
839,1.007,1.007,0.957,0.007,0.002,0.041,1,0.000,0.000,0.000,0,16,0,0
840,0.950,0.950,0.888,0.007,0.002,0.053,1,0.000,0.000,0.000,0,16,0,0
841,0.936,0.936,0.887,0.007,0.002,0.040,1,0.000,0.000,0.000,0,16,0,0
842,0.923,0.923,0.874,0.007,0.002,0.039,1,0.000,0.000,0.000,0,16,0,0
843,0.937,0.937,0.875,0.007,0.002,0.052,1,0.000,0.000,0.000,0,16,0,0
844,1.441,1.441,1.393,0.007,0.002,0.039,1,0.000,0.000,0.000,0,16,0,0
845,1.021,1.021,0.972,0.008,0.003,0.039,1,0.000,0.000,0.000,0,16,0,0
846,0.971,0.971,0.910,0.007,0.002,0.052,1,0.000,0.000,0.000,0,16,0,0
847,0.941,0.941,0.891,0.007,0.002,0.041,1,0.000,0.000,0.000,0,16,0,0
848,0.930,0.930,0.882,0.007,0.002,0.039,1,0.000,0.000,0.000,0,16,0,0
849,1.319,1.319,1.117,0.007,0.002,0.192,1,0.000,0.000,0.000,0,16,0,0
850,1.099,1.099,0.960,0.008,0.002,0.129,1,0.000,0.000,0.000,0,16,0,0
851,1.049,1.049,0.915,0.007,0.002,0.124,1,0.000,0.000,0.000,0,16,0,0
852,1.129,1.129,0.919,0.007,0.002,0.200,1,0.000,0.000,0.000,0,16,0,0
853,1.149,1.149,1.018,0.007,0.002,0.122,1,0.000,0.000,0.000,0,16,0,0
854,1.043,1.043,0.912,0.007,0.002,0.121,1,0.000,0.000,0.000,0,16,0,0
855,1.075,1.075,0.911,0.007,0.002,0.155,1,0.000,0.000,0.000,0,16,0,0
856,1.483,1.483,1.312,0.007,0.008,0.155,1,0.000,0.000,0.000,0,16,0,0
857,1.146,1.146,1.005,0.008,0.003,0.129,1,0.000,0.000,0.000,0,16,0,0
858,1.098,1.098,0.930,0.007,0.002,0.158,1,0.000,0.000,0.000,0,16,0,0
859,1.140,1.140,1.007,0.007,0.002,0.124,1,0.000,0.000,0.000,0,16,0,0
860,1.038,1.038,0.907,0.007,0.002,0.122,1,0.000,0.000,0.000,0,16,0,0
861,1.179,1.179,1.002,0.008,0.002,0.167,1,0.000,0.000,0.000,0,16,0,0
862,1.139,1.139,1.008,0.007,0.002,0.121,1,0.000,0.000,0.000,0,16,0,0
863,1.039,1.039,0.909,0.007,0.002,0.121,1,0.000,0.000,0.000,0,16,0,0
864,1.073,1.073,0.907,0.007,0.002,0.156,1,0.000,0.000,0.000,0,16,0,0
865,1.138,1.138,1.006,0.007,0.002,0.122,1,0.000,0.000,0.000,0,16,0,0
866,1.036,1.036,0.906,0.007,0.002,0.121,1,0.000,0.000,0.000,0,16,0,0
867,1.598,1.598,1.429,0.008,0.002,0.159,1,0.000,0.000,0.000,0,16,0,0
868,1.143,1.143,1.010,0.007,0.002,0.124,1,0.000,0.000,0.000,0,16,0,0
869,1.040,1.040,0.907,0.007,0.002,0.123,1,0.000,0.000,0.000,0,16,0,0
870,1.099,1.099,0.923,0.008,0.002,0.166,1,0.000,0.000,0.000,0,16,0,0
871,1.149,1.149,1.019,0.007,0.002,0.121,1,0.000,0.000,0.000,0,16,0,0
872,1.040,1.040,0.909,0.007,0.002,0.122,1,0.000,0.000,0.000,0,16,0,0
873,1.074,1.074,0.910,0.007,0.002,0.155,1,0.000,0.000,0.000,0,16,0,0
874,1.140,1.140,1.005,0.007,0.002,0.127,1,0.000,0.000,0.000,0,16,0,0
875,1.035,1.035,0.904,0.007,0.002,0.122,1,0.000,0.000,0.000,0,16,0,0
876,1.077,1.077,0.910,0.007,0.002,0.158,1,0.000,0.000,0.000,0,16,0,0
877,1.485,1.485,1.349,0.009,0.002,0.125,1,0.000,0.000,0.000,0,16,0,0
878,1.057,1.057,0.924,0.007,0.002,0.123,1,0.000,0.000,0.000,0,16,0,0
879,1.062,1.062,0.930,0.007,0.002,0.123,1,0.000,0.000,0.000,0,16,0,0
880,1.001,1.001,0.910,0.007,0.002,0.083,1,0.000,0.000,0.000,0,16,0,0
881,2.246,2.246,2.141,0.004,0.013,0.088,1,0.000,0.000,0.000,0,4,0,0
882,31.547,31.547,31.432,0.016,0.011,0.088,1,0.000,0.000,0.000,0,4,0,0
883,9.305,9.305,9.167,0.008,0.111,0.019,1,0.000,0.000,0.000,0,4,0,0
884,42.441,42.441,42.356,0.020,0.009,0.057,1,0.000,0.000,0.000,0,32,0,0
885,1.264,1.264,1.148,0.022,0.011,0.083,1,0.000,0.000,0.000,0,32,0,0
886,1.031,1.031,0.975,0.010,0.008,0.039,1,0.000,0.000,0.000,0,32,0,0
887,0.990,0.990,0.946,0.015,0.003,0.026,1,0.000,0.000,0.000,0,32,0,0
888,0.728,0.728,0.684,0.009,0.002,0.032,1,0.000,0.000,0.000,0,32,0,0
889,0.580,0.580,0.545,0.009,0.002,0.023,1,0.000,0.000,0.000,0,32,0,0
890,0.561,0.561,0.527,0.009,0.002,0.023,1,0.000,0.000,0.000,0,32,0,0
891,0.639,0.639,0.599,0.009,0.002,0.029,1,0.000,0.000,0.000,0,32,0,0
892,0.555,0.555,0.521,0.009,0.002,0.023,1,0.000,0.000,0.000,0,32,0,0
893,0.554,0.554,0.519,0.009,0.002,0.024,1,0.000,0.000,0.000,0,32,0,0
894,0.623,0.623,0.584,0.009,0.002,0.028,1,0.000,0.000,0.000,0,32,0,0
895,0.551,0.551,0.517,0.009,0.002,0.023,1,0.000,0.000,0.000,0,32,0,0
896,0.573,0.573,0.537,0.010,0.002,0.024,1,0.000,0.000,0.000,0,32,0,0
897,0.626,0.626,0.585,0.009,0.002,0.030,1,0.000,0.000,0.000,0,32,0,0
898,0.545,0.545,0.511,0.009,0.002,0.023,1,0.000,0.000,0.000,0,32,0,0
899,0.783,0.783,0.747,0.010,0.002,0.024,1,0.000,0.000,0.000,0,32,0,0
900,0.648,0.648,0.607,0.009,0.002,0.029,1,0.000,0.000,0.000,0,32,0,0
901,2.065,2.065,2.030,0.010,0.002,0.023,1,0.000,0.000,0.000,0,32,0,0
902,0.859,0.859,0.778,0.018,0.007,0.055,1,0.000,0.000,0.000,0,32,0,0
903,0.381,0.381,0.342,0.011,0.003,0.026,1,0.000,0.000,0.000,0,32,0,0
904,0.734,0.734,0.693,0.012,0.003,0.026,1,0.000,0.000,0.000,0,32,0,0
905,0.480,0.480,0.426,0.012,0.003,0.038,1,0.000,0.000,0.000,0,32,0,0
906,0.374,0.374,0.338,0.009,0.002,0.025,1,0.000,0.000,0.000,0,32,0,0
907,0.318,0.318,0.283,0.009,0.002,0.024,1,0.000,0.000,0.000,0,32,0,0
908,0.319,0.319,0.279,0.009,0.002,0.029,1,0.000,0.000,0.000,0,32,0,0
909,0.369,0.369,0.335,0.009,0.002,0.023,1,0.000,0.000,0.000,0,32,0,0
910,0.301,0.301,0.267,0.009,0.002,0.023,1,0.000,0.000,0.000,0,32,0,0
911,0.311,0.311,0.271,0.009,0.002,0.029,1,0.000,0.000,0.000,0,32,0,0
912,0.365,0.365,0.330,0.009,0.002,0.024,1,0.000,0.000,0.000,0,32,0,0
913,0.300,0.300,0.266,0.009,0.002,0.023,1,0.000,0.000,0.000,0,32,0,0
914,0.312,0.312,0.270,0.009,0.002,0.031,1,0.000,0.000,0.000,0,32,0,0
915,0.861,0.861,0.825,0.008,0.002,0.026,1,0.000,0.000,0.000,0,24,0,0
916,0.487,0.487,0.453,0.008,0.002,0.024,1,0.000,0.000,0.000,0,24,0,0
917,0.382,0.382,0.341,0.008,0.002,0.031,1,0.000,0.000,0.000,0,24,0,0
918,0.431,0.431,0.395,0.009,0.002,0.025,1,0.000,0.000,0.000,0,24,0,0
919,0.432,0.432,0.396,0.008,0.002,0.025,1,0.000,0.000,0.000,0,24,0,0
920,0.383,0.383,0.342,0.008,0.002,0.031,1,0.000,0.000,0.000,0,24,0,0
921,0.385,0.385,0.350,0.008,0.002,0.025,1,0.000,0.000,0.000,0,24,0,0
922,0.354,0.354,0.318,0.008,0.002,0.025,1,0.000,0.000,0.000,0,24,0,0
923,0.370,0.370,0.327,0.008,0.002,0.032,1,0.000,0.000,0.000,0,24,0,0
924,0.376,0.376,0.342,0.007,0.002,0.025,1,0.000,0.000,0.000,0,24,0,0
925,0.638,0.638,0.488,0.008,0.002,0.141,1,0.000,0.000,0.000,0,24,0,0
926,0.890,0.890,0.692,0.008,0.003,0.188,1,0.000,0.000,0.000,0,24,0,0
927,1.501,1.501,1.345,0.008,0.005,0.144,1,0.000,0.000,0.000,0,24,0,0
928,1.605,1.605,1.452,0.011,0.002,0.140,1,0.000,0.000,0.000,0,24,0,0
929,1.084,1.084,0.893,0.008,0.002,0.180,1,0.000,0.000,0.000,0,24,0,0
930,1.289,1.289,1.140,0.008,0.002,0.139,1,0.000,0.000,0.000,0,24,0,0
931,1.033,1.033,0.883,0.008,0.002,0.139,1,0.000,0.000,0.000,0,24,0,0
932,1.148,1.148,0.956,0.007,0.002,0.183,1,0.000,0.000,0.000,0,24,0,0
933,1.447,1.447,1.292,0.008,0.005,0.142,1,0.000,0.000,0.000,0,24,0,0
934,1.082,1.082,0.916,0.011,0.003,0.151,1,0.000,0.000,0.000,0,24,0,0
935,1.087,1.087,0.896,0.007,0.002,0.181,1,0.000,0.000,0.000,0,24,0,0
936,1.284,1.284,1.133,0.009,0.003,0.139,1,0.000,0.000,0.000,0,168,0,0
937,1.312,1.312,1.152,0.014,0.004,0.141,1,0.000,0.000,0.000,0,684,0,0
938,1.138,1.138,0.938,0.016,0.002,0.183,1,0.000,0.000,0.000,0,684,0,0
939,1.286,1.286,1.130,0.014,0.002,0.139,1,0.000,0.000,0.000,0,684,0,0
940,1.094,1.094,0.938,0.014,0.002,0.140,1,0.000,0.000,0.000,0,684,0,0
941,1.092,1.092,0.892,0.013,0.002,0.185,1,0.000,0.000,0.000,0,684,0,0
942,1.315,1.315,1.161,0.014,0.002,0.139,1,0.000,0.000,0.000,0,684,0,0
943,1.055,1.055,0.900,0.013,0.002,0.139,1,0.000,0.000,0.000,0,684,0,0
944,1.113,1.113,0.915,0.013,0.002,0.182,1,0.000,0.000,0.000,0,684,0,0
945,1.580,1.580,1.287,0.013,0.002,0.277,1,0.000,0.000,0.000,0,684,0,0
946,1.831,1.831,1.563,0.014,0.003,0.251,1,0.000,0.000,0.000,0,684,0,0
947,1.553,1.553,1.145,0.016,0.003,0.388,1,0.000,0.000,0.000,0,684,0,0
948,2.151,2.151,1.903,0.013,0.003,0.231,1,0.000,0.000,0.000,0,684,0,0
949,1.578,1.578,1.332,0.015,0.002,0.229,1,0.000,0.000,0.000,0,684,0,0
950,1.641,1.641,1.322,0.013,0.002,0.303,1,0.000,0.000,0.000,0,684,0,0
951,1.953,1.953,1.710,0.014,0.003,0.227,1,0.000,0.000,0.000,0,684,0,0
952,1.591,1.591,1.356,0.013,0.002,0.219,1,0.000,0.000,0.000,0,684,0,0
953,1.943,1.943,1.615,0.013,0.005,0.311,1,0.000,0.000,0.000,0,684,0,0
954,2.020,2.020,1.775,0.014,0.003,0.227,1,0.000,0.000,0.000,0,684,0,0
955,1.639,1.639,1.380,0.013,0.002,0.244,1,0.000,0.000,0.000,0,684,0,0
956,1.750,1.750,1.409,0.013,0.002,0.325,1,0.000,0.000,0.000,0,684,0,0
957,2.133,2.133,1.872,0.013,0.002,0.246,1,0.000,0.000,0.000,0,684,0,0
958,1.689,1.689,1.426,0.013,0.002,0.248,1,0.000,0.000,0.000,0,684,0,0
959,1.827,1.827,1.476,0.014,0.003,0.335,1,0.000,0.000,0.000,0,684,0,0
960,2.698,2.698,2.410,0.014,0.007,0.267,1,0.000,0.000,0.000,0,684,0,0
961,1.426,1.426,1.150,0.015,0.004,0.256,1,0.000,0.000,0.000,0,684,0,0
962,1.792,1.792,1.455,0.013,0.002,0.322,1,0.000,0.000,0.000,0,684,0,0
963,2.109,2.109,1.851,0.013,0.002,0.243,1,0.000,0.000,0.000,0,684,0,0
964,1.679,1.679,1.422,0.013,0.002,0.242,1,0.000,0.000,0.000,0,684,0,0
965,2.007,2.007,1.649,0.013,0.004,0.342,1,0.000,0.000,0.000,0,684,0,0
966,1.788,1.788,1.619,0.014,0.003,0.152,1,0.000,0.000,0.000,0,684,0,0
967,1.111,1.111,0.943,0.013,0.002,0.153,1,0.000,0.000,0.000,0,684,0,0
968,1.166,1.166,0.951,0.013,0.002,0.200,1,0.000,0.000,0.000,0,684,0,0
969,1.399,1.399,1.234,0.013,0.002,0.149,1,0.000,0.000,0.000,0,684,0,0
970,2.214,2.214,2.026,0.013,0.003,0.171,1,0.000,0.000,0.000,0,684,0,0
971,1.133,1.133,0.923,0.015,0.002,0.193,1,0.000,0.000,0.000,0,684,0,0
972,1.454,1.454,1.266,0.017,0.004,0.166,1,0.000,0.000,0.000,0,684,0,0
973,1.375,1.375,1.203,0.017,0.002,0.153,1,0.000,0.000,0.000,0,684,0,0
974,1.181,1.181,0.969,0.013,0.002,0.196,1,0.000,0.000,0.000,0,684,0,0
975,1.615,1.615,1.430,0.013,0.004,0.168,1,0.000,0.000,0.000,0,684,0,0
976,1.262,1.262,1.078,0.015,0.002,0.167,1,0.000,0.000,0.000,0,684,0,0
977,1.311,1.311,1.074,0.013,0.002,0.222,1,0.000,0.000,0.000,0,684,0,0
978,1.560,1.560,1.375,0.013,0.002,0.170,1,0.000,0.000,0.000,0,684,0,0
979,2.433,2.433,2.243,0.013,0.003,0.174,1,0.000,0.000,0.000,0,684,0,0
980,2.292,2.292,2.058,0.014,0.002,0.218,1,0.000,0.000,0.000,0,684,0,0
981,1.728,1.728,1.572,0.014,0.002,0.140,1,0.000,0.000,0.000,0,684,0,0
982,1.446,1.446,1.255,0.024,0.007,0.161,1,0.000,0.000,0.000,0,684,0,0
983,1.209,1.209,1.001,0.013,0.003,0.192,1,0.000,0.000,0.000,0,684,0,0
984,1.386,1.386,1.224,0.013,0.002,0.146,1,0.000,0.000,0.000,0,684,0,0
985,1.248,1.248,1.059,0.013,0.002,0.174,1,0.000,0.000,0.000,0,684,0,0
986,1.318,1.318,1.120,0.013,0.002,0.182,1,0.000,0.000,0.000,0,684,0,0
987,1.510,1.510,1.339,0.023,0.005,0.144,1,0.000,0.000,0.000,0,684,0,0
988,1.331,1.331,1.173,0.016,0.003,0.139,1,0.000,0.000,0.000,0,684,0,0
989,1.131,1.131,0.927,0.016,0.003,0.185,1,0.000,0.000,0.000,0,684,0,0
990,1.261,1.261,1.112,0.013,0.002,0.134,1,0.000,0.000,0.000,0,684,0,0
991,1.048,1.048,0.897,0.013,0.002,0.136,1,0.000,0.000,0.000,0,684,0,0
992,1.084,1.084,0.890,0.013,0.002,0.178,1,0.000,0.000,0.000,0,684,0,0
993,1.226,1.226,1.074,0.013,0.002,0.137,1,0.000,0.000,0.000,0,684,0,0
994,0.997,0.997,0.846,0.013,0.002,0.136,1,0.000,0.000,0.000,0,684,0,0
995,1.092,1.092,0.897,0.014,0.002,0.179,1,0.000,0.000,0.000,0,684,0,0
996,1.211,1.211,1.081,0.013,0.002,0.115,1,0.000,0.000,0.000,0,684,0,0
997,0.883,0.883,0.753,0.013,0.002,0.114,1,0.000,0.000,0.000,0,684,0,0
998,0.986,0.986,0.806,0.013,0.002,0.165,1,0.000,0.000,0.000,0,684,0,0
999,1.356,1.356,1.199,0.014,0.002,0.141,1,0.000,0.000,0.000,0,684,0,0
1000,1.039,1.039,0.898,0.013,0.002,0.125,1,0.000,0.000,0.000,0,684,0,0
1001,0.927,0.927,0.781,0.013,0.002,0.130,1,0.000,0.000,0.000,0,684,0,0
1002,0.960,0.960,0.844,0.013,0.002,0.100,1,0.000,0.000,0.000,0,684,0,0
1003,1.029,1.029,0.681,0.013,0.002,0.332,1,0.000,0.000,0.000,0,684,0,0
1004,1.637,1.637,1.507,0.013,0.006,0.110,1,0.000,0.000,0.000,0,684,0,0
1005,1.142,1.142,0.947,0.014,0.004,0.177,1,0.000,0.000,0.000,0,684,0,0
1006,1.272,1.272,1.012,0.014,0.003,0.244,1,0.000,0.000,0.000,0,684,0,0
1007,2.798,2.798,2.599,0.013,0.002,0.184,1,0.000,0.000,0.000,0,684,0,0
1008,1.677,1.677,1.460,0.018,0.003,0.196,1,0.000,0.000,0.000,0,684,0,0
1009,1.201,1.201,0.923,0.016,0.003,0.257,1,0.000,0.000,0.000,0,684,0,0
1010,1.638,1.638,1.437,0.014,0.002,0.185,1,0.000,0.000,0.000,0,684,0,0
1011,1.299,1.299,1.100,0.013,0.002,0.184,1,0.000,0.000,0.000,0,684,0,0
1012,1.493,1.493,1.226,0.013,0.002,0.252,1,0.000,0.000,0.000,0,684,0,0
1013,1.635,1.635,1.446,0.013,0.002,0.173,1,0.000,0.000,0.000,0,684,0,0
1014,1.239,1.239,1.061,0.013,0.002,0.163,1,0.000,0.000,0.000,0,684,0,0
1015,1.593,1.593,1.350,0.014,0.004,0.226,1,0.000,0.000,0.000,0,684,0,0
1016,1.508,1.508,1.336,0.014,0.003,0.155,1,0.000,0.000,0.000,0,684,0,0
1017,1.094,1.094,0.931,0.013,0.002,0.148,1,0.000,0.000,0.000,0,684,0,0
1018,1.151,1.151,0.944,0.013,0.002,0.193,1,0.000,0.000,0.000,0,684,0,0
1019,1.372,1.372,1.208,0.013,0.003,0.149,1,0.000,0.000,0.000,0,684,0,0
1020,1.170,1.170,0.991,0.013,0.002,0.164,1,0.000,0.000,0.000,0,684,0,0
1021,1.231,1.231,0.999,0.013,0.002,0.217,1,0.000,0.000,0.000,0,684,0,0
1022,1.484,1.484,1.307,0.013,0.002,0.162,1,0.000,0.000,0.000,0,684,0,0
1023,1.202,1.202,1.024,0.013,0.002,0.162,1,0.000,0.000,0.000,0,684,0,0
1024,1.447,1.447,1.254,0.013,0.003,0.177,1,0.000,0.000,0.000,0,684,0,0
1025,1.381,1.381,1.126,0.014,0.003,0.238,1,0.000,0.000,0.000,0,684,0,0
1026,1.510,1.510,1.278,0.013,0.002,0.216,1,0.000,0.000,0.000,0,684,0,0
1027,1.610,1.610,1.291,0.013,0.002,0.303,1,0.000,0.000,0.000,0,684,0,0
1028,1.910,1.910,1.676,0.013,0.002,0.218,1,0.000,0.000,0.000,0,684,0,0
1029,1.500,1.500,1.267,0.013,0.002,0.218,1,0.000,0.000,0.000,0,684,0,0
1030,1.593,1.593,1.289,0.013,0.002,0.289,1,0.000,0.000,0.000,0,684,0,0
1031,2.087,2.087,1.846,0.013,0.003,0.223,1,0.000,0.000,0.000,0,684,0,0
1032,1.571,1.571,1.329,0.014,0.003,0.225,1,0.000,0.000,0.000,0,684,0,0
1033,1.577,1.577,1.262,0.013,0.002,0.300,1,0.000,0.000,0.000,0,684,0,0
1034,1.904,1.904,1.670,0.014,0.002,0.218,1,0.000,0.000,0.000,0,684,0,0
1035,1.553,1.553,1.306,0.013,0.002,0.232,1,0.000,0.000,0.000,0,684,0,0
1036,2.379,2.379,1.774,0.013,0.002,0.590,1,0.000,0.000,0.000,0,684,0,0
1037,1.722,1.722,1.461,0.014,0.002,0.244,1,0.000,0.000,0.000,0,684,0,0
1038,1.625,1.625,1.371,0.015,0.002,0.236,1,0.000,0.000,0.000,0,684,0,0
1039,3.550,3.550,3.188,0.013,0.002,0.347,1,0.000,0.000,0.000,0,684,0,0
1040,1.215,1.215,0.955,0.016,0.004,0.240,1,0.000,0.000,0.000,0,684,0,0
1041,1.679,1.679,1.416,0.016,0.003,0.244,1,0.000,0.000,0.000,0,684,0,0
1042,1.694,1.694,1.375,0.013,0.002,0.303,1,0.000,0.000,0.000,0,684,0,0
1043,2.255,2.255,2.003,0.013,0.004,0.236,1,0.000,0.000,0.000,0,684,0,0
1044,1.976,1.976,1.728,0.016,0.003,0.229,1,0.000,0.000,0.000,0,684,0,0
1045,2.024,2.024,1.730,0.020,0.004,0.270,1,0.000,0.000,0.000,0,684,0,0
1046,1.669,1.669,1.507,0.014,0.002,0.146,1,0.000,0.000,0.000,0,684,0,0
1047,1.096,1.096,0.936,0.013,0.002,0.146,1,0.000,0.000,0.000,0,684,0,0
1048,1.138,1.138,0.931,0.013,0.002,0.192,1,0.000,0.000,0.000,0,684,0,0
1049,1.346,1.346,1.187,0.013,0.002,0.143,1,0.000,0.000,0.000,0,684,0,0
1050,1.130,1.130,0.969,0.014,0.002,0.145,1,0.000,0.000,0.000,0,684,0,0
1051,1.655,1.655,1.431,0.014,0.002,0.208,1,0.000,0.000,0.000,0,684,0,0
1052,1.266,1.266,1.091,0.016,0.004,0.155,1,0.000,0.000,0.000,0,684,0,0
1053,1.102,1.102,0.943,0.013,0.002,0.144,1,0.000,0.000,0.000,0,684,0,0
1054,1.265,1.265,1.029,0.039,0.002,0.195,1,0.000,0.000,0.000,0,684,1,0
1055,1.499,1.499,1.314,0.013,0.003,0.169,1,0.000,0.000,0.000,0,684,0,0
1056,1.225,1.225,1.047,0.014,0.003,0.162,1,0.000,0.000,0.000,0,684,0,0
1057,1.287,1.287,1.057,0.013,0.002,0.215,1,0.000,0.000,0.000,0,684,0,0
1058,1.544,1.544,1.369,0.013,0.002,0.160,1,0.000,0.000,0.000,0,684,0,0
1059,1.207,1.207,1.031,0.013,0.002,0.160,1,0.000,0.000,0.000,0,684,0,0
1060,1.479,1.479,1.238,0.013,0.006,0.221,1,0.000,0.000,0.000,0,684,0,0
1061,1.530,1.530,1.360,0.014,0.003,0.154,1,0.000,0.000,0.000,0,684,0,0
1062,1.099,1.099,0.938,0.014,0.002,0.145,1,0.000,0.000,0.000,0,684,0,0
1063,1.163,1.163,0.956,0.013,0.002,0.191,1,0.000,0.000,0.000,0,684,0,0
1064,1.347,1.347,1.207,0.013,0.002,0.124,1,0.000,0.000,0.000,0,684,0,0
1065,1.065,1.065,0.890,0.013,0.002,0.161,1,0.000,0.000,0.000,0,684,0,0
1066,1.212,1.212,0.975,0.013,0.002,0.222,1,0.000,0.000,0.000,0,684,0,0
1067,1.494,1.494,1.322,0.013,0.002,0.158,1,0.000,0.000,0.000,0,684,0,0
1068,1.162,1.162,0.990,0.013,0.002,0.157,1,0.000,0.000,0.000,0,684,0,0
1069,1.460,1.460,1.227,0.013,0.003,0.217,1,0.000,0.000,0.000,0,684,0,0
1070,1.712,1.712,1.519,0.014,0.005,0.174,1,0.000,0.000,0.000,0,684,0,0
1071,1.207,1.207,1.018,0.015,0.004,0.170,1,0.000,0.000,0.000,0,684,0,0
1072,1.233,1.233,1.009,0.013,0.002,0.209,1,0.000,0.000,0.000,0,684,0,0
1073,1.457,1.457,1.282,0.014,0.002,0.159,1,0.000,0.000,0.000,0,684,0,0
1074,2.416,2.416,2.224,0.018,0.003,0.171,1,0.000,0.000,0.000,0,684,0,0
1075,1.317,1.317,1.057,0.016,0.004,0.240,1,0.000,0.000,0.000,0,684,0,0
1076,1.944,1.944,1.777,0.015,0.002,0.150,1,0.000,0.000,0.000,0,684,0,0
1077,0.863,0.863,0.703,0.014,0.002,0.144,1,0.000,0.000,0.000,0,684,0,0
1078,1.112,1.112,0.910,0.013,0.002,0.187,1,0.000,0.000,0.000,0,684,0,0
1079,1.352,1.352,1.191,0.014,0.003,0.145,1,0.000,0.000,0.000,0,684,0,0
1080,1.137,1.137,0.960,0.013,0.002,0.161,1,0.000,0.000,0.000,0,684,0,0
1081,1.174,1.174,0.964,0.013,0.002,0.195,1,0.000,0.000,0.000,0,684,0,0
1082,1.369,1.369,1.212,0.013,0.002,0.142,1,0.000,0.000,0.000,0,684,0,0
1083,1.044,1.044,0.887,0.013,0.002,0.142,1,0.000,0.000,0.000,0,684,0,0
1084,1.247,1.247,1.044,0.013,0.002,0.188,1,0.000,0.000,0.000,0,684,0,0
1085,1.411,1.411,1.159,0.013,0.002,0.236,1,0.000,0.000,0.000,0,684,0,0
1086,1.580,1.580,1.345,0.016,0.002,0.217,1,0.000,0.000,0.000,0,684,0,0
1087,1.601,1.601,1.300,0.013,0.002,0.286,1,0.000,0.000,0.000,0,684,0,0
1088,1.909,1.909,1.678,0.013,0.002,0.216,1,0.000,0.000,0.000,0,684,0,0
1089,1.503,1.503,1.272,0.013,0.002,0.216,1,0.000,0.000,0.000,0,684,0,0
1090,1.589,1.589,1.290,0.013,0.002,0.284,1,0.000,0.000,0.000,0,684,0,0
1091,1.895,1.895,1.663,0.013,0.002,0.216,1,0.000,0.000,0.000,0,684,0,0
1092,1.526,1.526,1.299,0.013,0.002,0.212,1,0.000,0.000,0.000,0,684,0,0
1093,1.595,1.595,1.286,0.017,0.002,0.290,1,0.000,0.000,0.000,0,684,0,0
1094,1.897,1.897,1.666,0.013,0.002,0.216,1,0.000,0.000,0.000,0,684,0,0
1095,1.551,1.551,1.307,0.013,0.002,0.229,1,0.000,0.000,0.000,0,684,0,0
1096,1.660,1.660,1.354,0.013,0.002,0.291,1,0.000,0.000,0.000,0,684,0,0
1097,2.159,2.159,1.931,0.013,0.002,0.212,1,0.000,0.000,0.000,0,684,0,0
1098,1.505,1.505,1.275,0.013,0.002,0.214,1,0.000,0.000,0.000,0,684,0,0
1099,1.622,1.622,1.332,0.013,0.002,0.275,1,0.000,0.000,0.000,0,684,0,0
1100,1.879,1.879,1.642,0.014,0.003,0.220,1,0.000,0.000,0.000,0,684,0,0
1101,1.577,1.577,1.282,0.013,0.002,0.279,1,0.000,0.000,0.000,0,684,0,0
1102,2.060,2.060,1.824,0.013,0.006,0.217,1,0.000,0.000,0.000,0,684,0,0
1103,1.555,1.555,1.312,0.015,0.004,0.224,1,0.000,0.000,0.000,0,684,0,0
1104,1.725,1.725,1.434,0.013,0.002,0.275,1,0.000,0.000,0.000,0,684,0,0
1105,3.226,3.226,2.964,0.014,0.003,0.244,1,0.000,0.000,0.000,0,684,0,0
1106,1.145,1.145,0.927,0.017,0.002,0.198,1,0.000,0.000,0.000,0,684,0,0
1107,1.574,1.574,1.273,0.016,0.004,0.282,1,0.000,0.000,0.000,0,684,0,0
1108,1.798,1.798,1.578,0.014,0.002,0.204,1,0.000,0.000,0.000,0,684,0,0
1109,1.554,1.554,1.327,0.013,0.005,0.210,1,0.000,0.000,0.000,0,684,0,0
1110,1.527,1.527,1.230,0.014,0.003,0.280,1,0.000,0.000,0.000,0,684,0,0
1111,1.794,1.794,1.576,0.013,0.002,0.203,1,0.000,0.000,0.000,0,684,0,0
1112,1.622,1.622,1.348,0.013,0.002,0.259,1,0.000,0.000,0.000,0,684,0,0
1113,1.510,1.510,1.209,0.019,0.003,0.278,1,0.000,0.000,0.000,0,684,0,0
1114,1.844,1.844,1.625,0.014,0.002,0.203,1,0.000,0.000,0.000,0,684,0,0
1115,1.469,1.469,1.229,0.013,0.002,0.224,1,0.000,0.000,0.000,0,684,0,0
1116,1.626,1.626,1.322,0.013,0.002,0.289,1,0.000,0.000,0.000,0,684,0,0
1117,1.936,1.936,1.700,0.013,0.002,0.220,1,0.000,0.000,0.000,0,684,0,0
1118,1.524,1.524,1.289,0.013,0.002,0.220,1,0.000,0.000,0.000,0,684,0,0
1119,1.666,1.666,1.365,0.014,0.002,0.286,1,0.000,0.000,0.000,0,684,0,0
1120,1.911,1.911,1.689,0.015,0.002,0.204,1,0.000,0.000,0.000,0,684,0,0
1121,1.389,1.389,1.190,0.013,0.002,0.184,1,0.000,0.000,0.000,0,684,0,0
1122,1.394,1.394,1.138,0.013,0.002,0.242,1,0.000,0.000,0.000,0,684,0,0
1123,1.662,1.662,1.463,0.013,0.002,0.183,1,0.000,0.000,0.000,0,684,0,0
1124,1.324,1.324,1.125,0.013,0.002,0.183,1,0.000,0.000,0.000,0,684,0,0
1125,1.490,1.490,1.257,0.013,0.002,0.218,1,0.000,0.000,0.000,0,684,0,0
1126,1.465,1.465,1.320,0.013,0.002,0.129,1,0.000,0.000,0.000,0,684,0,0
1127,0.977,0.977,0.833,0.013,0.002,0.130,1,0.000,0.000,0.000,0,684,0,0
1128,1.305,1.305,1.116,0.015,0.002,0.172,1,0.000,0.000,0.000,0,684,0,0
1129,1.218,1.218,1.073,0.013,0.002,0.130,1,0.000,0.000,0.000,0,684,0,0
1130,0.974,0.974,0.831,0.013,0.002,0.128,1,0.000,0.000,0.000,0,684,0,0
1131,1.023,1.023,0.841,0.013,0.002,0.167,1,0.000,0.000,0.000,0,684,0,0
1132,1.231,1.231,1.089,0.013,0.002,0.127,1,0.000,0.000,0.000,0,684,0,0
1133,0.974,0.974,0.830,0.013,0.002,0.128,1,0.000,0.000,0.000,0,684,0,0
1134,1.060,1.060,0.877,0.013,0.002,0.168,1,0.000,0.000,0.000,0,684,0,0
1135,1.803,1.803,1.642,0.013,0.004,0.143,1,0.000,0.000,0.000,0,684,0,0
1136,0.950,0.950,0.804,0.015,0.004,0.128,1,0.000,0.000,0.000,0,684,0,0
1137,0.942,0.942,0.774,0.013,0.002,0.152,1,0.000,0.000,0.000,0,684,0,0
1138,1.425,1.425,1.287,0.020,0.003,0.116,1,0.000,0.000,0.000,0,684,0,0
1139,1.878,1.878,1.747,0.022,0.002,0.107,1,0.000,0.000,0.000,0,684,0,0
1140,1.069,1.069,0.903,0.013,0.003,0.150,1,0.000,0.000,0.000,0,684,0,0
1141,1.296,1.296,1.099,0.099,0.003,0.096,1,0.000,0.000,0.000,0,684,0,0
1142,0.819,0.819,0.706,0.013,0.002,0.097,1,0.000,0.000,0.000,0,684,0,0
1143,0.848,0.848,0.717,0.013,0.002,0.116,1,0.000,0.000,0.000,0,684,0,0
1144,1.013,1.013,0.941,0.013,0.002,0.056,1,0.000,0.000,0.000,0,684,0,0
1145,0.808,0.808,0.636,0.013,0.002,0.158,1,0.000,0.000,0.000,0,684,0,0
1146,1.183,1.183,0.972,0.013,0.002,0.196,1,0.000,0.000,0.000,0,684,0,0
1147,1.377,1.377,1.214,0.013,0.002,0.147,1,0.000,0.000,0.000,0,684,0,0
1148,1.544,1.544,1.362,0.013,0.006,0.163,1,0.000,0.000,0.000,0,684,0,0
1149,1.150,1.150,0.940,0.014,0.002,0.194,1,0.000,0.000,0.000,0,684,0,0
1150,1.369,1.369,1.206,0.013,0.002,0.148,1,0.000,0.000,0.000,0,684,0,0
1151,1.137,1.137,0.974,0.013,0.002,0.147,1,0.000,0.000,0.000,0,684,0,0
1152,1.181,1.181,0.964,0.013,0.002,0.202,1,0.000,0.000,0.000,0,684,0,0
1153,1.375,1.375,1.212,0.013,0.002,0.149,1,0.000,0.000,0.000,0,684,0,0
1154,1.094,1.094,0.930,0.013,0.002,0.148,1,0.000,0.000,0.000,0,684,0,0
1155,1.198,1.198,0.984,0.013,0.002,0.199,1,0.000,0.000,0.000,0,684,0,0
1156,1.334,1.334,1.187,0.013,0.002,0.132,1,0.000,0.000,0.000,0,684,0,0
1157,1.144,1.144,0.990,0.013,0.004,0.137,1,0.000,0.000,0.000,0,684,0,0
1158,1.128,1.128,0.916,0.013,0.003,0.195,1,0.000,0.000,0.000,0,684,0,0
1159,1.428,1.428,1.243,0.012,0.003,0.171,1,0.000,0.000,0.000,0,536,0,0
1160,1.187,1.187,1.001,0.012,0.002,0.172,1,0.000,0.000,0.000,0,536,0,0
1161,1.285,1.285,1.054,0.012,0.002,0.217,1,0.000,0.000,0.000,0,536,0,0
1162,1.646,1.646,1.442,0.011,0.002,0.191,1,0.000,0.000,0.000,0,536,0,0
1163,1.232,1.232,1.045,0.011,0.002,0.173,1,0.000,0.000,0.000,0,536,0,0
1164,1.427,1.427,1.191,0.011,0.002,0.222,1,0.000,0.000,0.000,0,536,0,0
1165,1.639,1.639,1.381,0.013,0.002,0.242,1,0.000,0.000,0.000,0,536,0,0
1166,1.679,1.679,1.431,0.012,0.003,0.233,1,0.000,0.000,0.000,0,536,0,0
1167,1.695,1.695,1.382,0.012,0.002,0.299,1,0.000,0.000,0.000,0,536,0,0
1168,2.005,2.005,1.764,0.012,0.002,0.226,1,0.000,0.000,0.000,0,536,0,0
1169,1.599,1.599,1.359,0.011,0.002,0.227,1,0.000,0.000,0.000,0,536,0,0
1170,1.676,1.676,1.363,0.012,0.002,0.298,1,0.000,0.000,0.000,0,536,0,0
1171,2.033,2.033,1.770,0.012,0.002,0.249,1,0.000,0.000,0.000,0,536,0,0
1172,2.035,2.035,1.772,0.012,0.004,0.247,1,0.000,0.000,0.000,0,536,0,0
1173,1.569,1.569,1.263,0.013,0.002,0.290,1,0.000,0.000,0.000,0,536,0,0
1174,1.958,1.958,1.739,0.011,0.002,0.206,1,0.000,0.000,0.000,0,536,0,0
1175,2.791,2.791,2.551,0.011,0.002,0.226,1,0.000,0.000,0.000,0,536,0,0
1176,1.368,1.368,1.037,0.017,0.005,0.309,1,0.000,0.000,0.000,0,536,0,0
1177,2.049,2.049,1.791,0.015,0.003,0.239,1,0.000,0.000,0.000,0,536,0,0
1178,1.784,1.784,1.545,0.012,0.003,0.225,1,0.000,0.000,0.000,0,536,0,0
1179,1.762,1.762,1.454,0.012,0.002,0.294,1,0.000,0.000,0.000,0,536,0,0
1180,2.022,2.022,1.761,0.011,0.003,0.247,1,0.000,0.000,0.000,0,536,0,0
1181,1.698,1.698,1.444,0.012,0.002,0.240,1,0.000,0.000,0.000,0,536,0,0
1182,1.913,1.913,1.542,0.012,0.035,0.325,1,0.000,0.000,0.000,0,536,0,0
1183,2.118,2.118,1.877,0.012,0.002,0.227,1,0.000,0.000,0.000,0,536,0,0
1184,1.634,1.634,1.421,0.011,0.004,0.199,1,0.000,0.000,0.000,0,536,0,0
1185,1.739,1.739,1.394,0.012,0.003,0.331,1,0.000,0.000,0.000,0,536,0,0
1186,2.120,2.120,1.879,0.012,0.003,0.227,1,0.000,0.000,0.000,0,536,0,0
1187,1.601,1.601,1.362,0.011,0.002,0.226,1,0.000,0.000,0.000,0,536,0,0
1188,1.801,1.801,1.459,0.037,0.003,0.301,1,0.000,0.000,0.000,0,536,1,0
1189,2.035,2.035,1.778,0.013,0.003,0.241,1,0.000,0.000,0.000,0,536,0,0
1190,1.604,1.604,1.361,0.012,0.002,0.229,1,0.000,0.000,0.000,0,536,0,0
1191,1.728,1.728,1.407,0.013,0.002,0.305,1,0.000,0.000,0.000,0,536,0,0
1192,2.053,2.053,1.816,0.012,0.002,0.223,1,0.000,0.000,0.000,0,536,0,0
1193,1.574,1.574,1.335,0.011,0.002,0.225,1,0.000,0.000,0.000,0,536,0,0
1194,1.719,1.719,1.408,0.011,0.002,0.298,1,0.000,0.000,0.000,0,536,0,0
1195,2.024,2.024,1.766,0.011,0.002,0.244,1,0.000,0.000,0.000,0,536,0,0
1196,1.708,1.708,1.453,0.011,0.002,0.241,1,0.000,0.000,0.000,0,536,0,0
1197,1.900,1.900,1.564,0.011,0.004,0.321,1,0.000,0.000,0.000,0,536,0,0
1198,2.852,2.852,2.307,0.012,0.004,0.530,1,0.000,0.000,0.000,0,536,0,0
1199,1.582,1.582,1.324,0.013,0.005,0.240,1,0.000,0.000,0.000,0,536,0,0
1200,3.511,3.511,3.143,0.054,0.004,0.311,1,0.000,0.000,0.000,0,224,0,0
1201,3.247,3.247,2.966,0.051,0.008,0.223,1,0.000,0.000,0.000,0,224,0,0
1202,1.299,1.299,0.973,0.054,0.002,0.270,1,0.000,0.000,0.000,0,224,0,0
1203,1.941,1.941,1.682,0.051,0.002,0.205,1,0.000,0.000,0.000,0,224,0,0
1204,1.622,1.622,1.365,0.050,0.002,0.204,1,0.000,0.000,0.000,0,224,0,0
1205,1.530,1.530,1.254,0.050,0.002,0.224,1,0.000,0.000,0.000,0,224,0,0
1206,1.822,1.822,1.602,0.050,0.006,0.163,1,0.000,0.000,0.000,0,224,0,0
1207,1.202,1.202,0.994,0.054,0.003,0.152,1,0.000,0.000,0.000,0,224,0,0
1208,1.214,1.214,0.963,0.051,0.002,0.198,1,0.000,0.000,0.000,0,224,0,0
1209,1.668,1.668,1.027,0.482,0.004,0.154,1,0.000,0.000,0.000,0,224,0,0
1210,1.149,1.149,0.950,0.050,0.003,0.147,1,0.000,0.000,0.000,0,224,0,0
1211,1.200,1.200,0.956,0.050,0.002,0.193,1,0.000,0.000,0.000,0,224,0,0
1212,1.441,1.441,1.242,0.050,0.002,0.147,1,0.000,0.000,0.000,0,224,0,0
1213,1.132,1.132,0.933,0.051,0.002,0.146,1,0.000,0.000,0.000,0,224,0,0
1214,1.221,1.221,0.977,0.050,0.002,0.192,1,0.000,0.000,0.000,0,224,0,0
1215,1.412,1.412,1.211,0.051,0.002,0.148,1,0.000,0.000,0.000,0,224,0,0
1216,1.123,1.123,0.941,0.050,0.002,0.129,1,0.000,0.000,0.000,0,224,0,0
1217,1.032,1.032,0.828,0.051,0.002,0.151,1,0.000,0.000,0.000,0,224,0,0
1218,1.250,1.250,1.078,0.050,0.004,0.118,1,0.000,0.000,0.000,0,224,0,0
1219,0.989,0.989,0.818,0.051,0.003,0.117,1,0.000,0.000,0.000,0,224,0,0
1220,1.105,1.105,0.904,0.051,0.003,0.147,1,0.000,0.000,0.000,0,224,0,0
1221,1.109,1.109,0.953,0.052,0.003,0.101,1,0.000,0.000,0.000,0,444,0,0
1222,0.961,0.961,0.809,0.052,0.002,0.097,1,0.000,0.000,0.000,0,444,0,0
1223,1.056,1.056,0.855,0.052,0.002,0.147,1,0.000,0.000,0.000,0,440,0,0
1224,1.168,1.168,1.012,0.052,0.002,0.103,1,0.000,0.000,0.000,0,440,0,0
1225,1.302,1.302,1.089,0.056,0.002,0.155,1,0.000,0.000,0.000,0,792,0,0
1226,1.239,1.239,0.987,0.056,0.002,0.194,1,0.000,0.000,0.000,0,792,0,0
1227,1.335,1.335,1.132,0.056,0.002,0.145,1,0.000,0.000,0.000,0,792,0,0
1228,1.448,1.448,1.243,0.056,0.002,0.147,1,0.000,0.000,0.000,0,792,0,0
1229,1.536,1.536,1.271,0.059,0.003,0.202,1,0.000,0.000,0.000,0,792,0,0
1230,1.380,1.380,1.177,0.056,0.002,0.145,1,0.000,0.000,0.000,0,792,0,0
1231,1.180,1.180,0.980,0.055,0.002,0.143,1,0.000,0.000,0.000,0,792,0,0
1232,1.198,1.198,0.975,0.055,0.002,0.166,1,0.000,0.000,0.000,0,792,0,0
1233,1.220,1.220,1.035,0.055,0.002,0.127,1,0.000,0.000,0.000,0,792,0,0
1234,1.265,1.265,1.076,0.056,0.003,0.130,1,0.000,0.000,0.000,0,792,0,0
1235,1.224,1.224,0.995,0.056,0.002,0.171,1,0.000,0.000,0.000,0,792,0,0
1236,1.550,1.550,1.363,0.055,0.006,0.126,1,0.000,0.000,0.000,0,792,0,0
1237,1.625,1.625,1.449,0.067,0.002,0.107,1,0.000,0.000,0.000,0,792,0,0
1238,2.348,2.348,2.142,0.060,0.002,0.144,1,0.000,0.000,0.000,0,792,0,0
1239,1.486,1.486,1.316,0.063,0.002,0.105,1,0.000,0.000,0.000,0,792,0,0
1240,1.320,1.320,1.106,0.056,0.005,0.154,1,0.000,0.000,0.000,0,792,0,0
1241,1.212,1.212,0.987,0.056,0.002,0.166,1,0.000,0.000,0.000,0,792,0,0
1242,1.217,1.217,1.030,0.056,0.002,0.129,1,0.000,0.000,0.000,0,792,0,0
1243,1.145,1.145,0.960,0.056,0.002,0.127,1,0.000,0.000,0.000,0,792,0,0
1244,1.426,1.426,1.179,0.056,0.002,0.189,1,0.000,0.000,0.000,0,792,0,0
1245,1.847,1.847,1.514,0.058,0.003,0.272,1,0.000,0.000,0.000,0,792,0,0
1246,1.780,1.780,1.472,0.056,0.003,0.249,1,0.000,0.000,0.000,0,792,0,0
1247,1.825,1.825,1.439,0.055,0.002,0.329,1,0.000,0.000,0.000,0,792,0,0
1248,2.145,2.145,1.839,0.056,0.002,0.249,1,0.000,0.000,0.000,0,792,0,0
1249,1.699,1.699,1.394,0.055,0.002,0.248,1,0.000,0.000,0.000,0,792,0,0
1250,1.835,1.835,1.447,0.057,0.002,0.330,1,0.000,0.000,0.000,0,792,0,0
1251,2.150,2.150,1.838,0.059,0.003,0.251,1,0.000,0.000,0.000,0,792,0,0
1252,1.755,1.755,1.448,0.056,0.002,0.249,1,0.000,0.000,0.000,0,792,0,0
1253,1.783,1.783,1.391,0.056,0.002,0.334,1,0.000,0.000,0.000,0,792,0,0
1254,2.191,2.191,1.869,0.056,0.002,0.264,1,0.000,0.000,0.000,0,792,0,0
1255,1.728,1.728,1.402,0.056,0.002,0.267,1,0.000,0.000,0.000,0,792,0,0
1256,1.992,1.992,1.491,0.063,0.002,0.436,1,0.000,0.000,0.000,0,792,0,0
1257,2.297,2.297,1.969,0.059,0.002,0.266,1,0.000,0.000,0.000,0,792,0,0
1258,1.798,1.798,1.475,0.056,0.002,0.265,1,0.000,0.000,0.000,0,792,0,0
1259,1.965,1.965,1.560,0.056,0.003,0.346,1,0.000,0.000,0.000,0,792,0,0
1260,2.254,2.254,1.926,0.056,0.002,0.270,1,0.000,0.000,0.000,0,792,0,0
1261,1.882,1.882,1.558,0.055,0.002,0.266,1,0.000,0.000,0.000,0,792,0,0
1262,2.788,2.788,2.367,0.056,0.004,0.362,1,0.000,0.000,0.000,0,792,0,0
1263,1.560,1.560,1.258,0.059,0.004,0.239,1,0.000,0.000,0.000,0,792,0,0
1264,1.819,1.819,1.490,0.057,0.002,0.270,1,0.000,0.000,0.000,0,792,0,0
1265,2.774,2.774,2.335,0.068,0.003,0.368,1,0.000,0.000,0.000,0,792,0,0
1266,1.872,1.872,1.521,0.059,0.003,0.289,1,0.000,0.000,0.000,0,792,0,0
1267,1.846,1.846,1.517,0.057,0.002,0.271,1,0.000,0.000,0.000,0,792,0,0
1268,2.149,2.149,1.727,0.056,0.003,0.363,1,0.000,0.000,0.000,0,792,0,0
1269,2.345,2.345,2.016,0.055,0.003,0.271,1,0.000,0.000,0.000,0,792,0,0
1270,1.839,1.839,1.511,0.055,0.002,0.271,1,0.000,0.000,0.000,0,792,0,0
1271,1.948,1.948,1.511,0.075,0.002,0.360,1,0.000,0.000,0.000,0,792,0,0
1272,2.362,2.362,2.036,0.056,0.002,0.268,1,0.000,0.000,0.000,0,792,0,0
1273,1.798,1.798,1.469,0.057,0.003,0.269,1,0.000,0.000,0.000,0,792,0,0
1274,2.025,2.025,1.593,0.060,0.002,0.369,1,0.000,0.000,0.000,0,792,0,0
1275,2.421,2.421,2.027,0.056,0.003,0.334,1,0.000,0.000,0.000,0,792,0,0
1276,2.363,2.363,1.976,0.056,0.003,0.329,1,0.000,0.000,0.000,0,792,0,0
1277,2.513,2.513,1.884,0.136,0.002,0.490,1,0.000,0.000,0.000,0,792,0,0
1278,3.148,3.148,2.737,0.056,0.002,0.352,1,0.000,0.000,0.000,0,792,0,0
1279,2.097,2.097,1.694,0.061,0.004,0.338,1,0.000,0.000,0.000,0,792,0,0
1280,2.435,2.435,1.947,0.056,0.004,0.428,1,0.000,0.000,0.000,0,792,0,0
1281,2.753,2.753,2.379,0.058,0.003,0.313,1,0.000,0.000,0.000,0,792,0,0
1282,2.149,2.149,1.780,0.056,0.003,0.311,1,0.000,0.000,0.000,0,792,0,0
1283,2.409,2.409,1.942,0.056,0.003,0.409,1,0.000,0.000,0.000,0,792,0,0
1284,2.786,2.786,2.432,0.058,0.003,0.293,1,0.000,0.000,0.000,0,792,0,0
1285,2.181,2.181,1.816,0.057,0.003,0.304,1,0.000,0.000,0.000,0,792,0,0
1286,1.972,1.972,1.583,0.056,0.003,0.331,1,0.000,0.000,0.000,0,792,0,0
1287,3.084,3.084,1.260,1.547,0.005,0.274,1,0.000,0.000,0.000,0,600,0,0
1288,2.944,2.944,2.587,0.057,0.005,0.296,1,0.000,0.000,0.000,0,604,0,0
1289,2.246,2.246,1.801,0.060,0.003,0.382,1,0.000,0.000,0.000,0,604,0,0
1290,2.384,2.384,2.061,0.053,0.003,0.268,1,0.000,0.000,0.000,0,604,0,0
1291,1.885,1.885,1.563,0.053,0.002,0.266,1,0.000,0.000,0.000,0,604,0,0
1292,2.028,2.028,1.611,0.053,0.002,0.362,1,0.000,0.000,0.000,0,604,0,0
1293,2.420,2.420,2.095,0.052,0.003,0.269,1,0.000,0.000,0.000,0,604,0,0
1294,1.919,1.919,1.607,0.053,0.002,0.257,1,0.000,0.000,0.000,0,604,0,0
1295,1.929,1.929,1.517,0.053,0.002,0.357,1,0.000,0.000,0.000,0,604,0,0
1296,2.395,2.395,2.070,0.052,0.002,0.271,1,0.000,0.000,0.000,0,604,0,0
1297,1.904,1.904,1.579,0.053,0.002,0.270,1,0.000,0.000,0.000,0,604,0,0
1298,2.470,2.470,2.056,0.053,0.002,0.359,1,0.000,0.000,0.000,0,604,0,0
1299,2.162,2.162,1.820,0.055,0.004,0.283,1,0.000,0.000,0.000,0,772,0,0
1300,1.915,1.915,1.588,0.053,0.003,0.271,1,0.000,0.000,0.000,0,772,0,0
1301,1.972,1.972,1.590,0.053,0.002,0.327,1,0.000,0.000,0.000,0,772,0,0
1302,2.246,2.246,1.945,0.053,0.002,0.246,1,0.000,0.000,0.000,0,772,0,0
1303,1.908,1.908,1.521,0.054,0.003,0.329,1,0.000,0.000,0.000,0,772,0,0
1304,2.785,2.785,2.470,0.061,0.003,0.251,1,0.000,0.000,0.000,0,772,0,0
1305,1.789,1.789,1.449,0.055,0.003,0.282,1,0.000,0.000,0.000,0,772,0,0
1306,2.726,2.726,2.164,0.053,0.002,0.507,1,0.000,0.000,0.000,0,772,0,0
1307,2.128,2.128,1.796,0.055,0.003,0.275,1,0.000,0.000,0.000,0,772,0,0
1308,1.838,1.838,1.518,0.053,0.002,0.265,1,0.000,0.000,0.000,0,772,0,0
1309,3.987,3.987,3.567,0.054,0.006,0.361,1,0.000,0.000,0.000,0,772,0,0
1310,1.533,1.533,1.234,0.056,0.003,0.241,1,0.000,0.000,0.000,0,772,0,0
1311,1.812,1.812,1.500,0.057,0.004,0.250,1,0.000,0.000,0.000,0,772,0,0
1312,1.745,1.745,1.385,0.053,0.002,0.304,1,0.000,0.000,0.000,0,772,0,0
1313,1.991,1.991,1.708,0.053,0.002,0.227,1,0.000,0.000,0.000,0,772,0,0
1314,1.616,1.616,1.334,0.054,0.002,0.226,1,0.000,0.000,0.000,0,772,0,0
1315,1.900,1.900,1.549,0.055,0.002,0.294,1,0.000,0.000,0.000,0,772,0,0
1316,1.916,1.916,1.656,0.054,0.002,0.205,1,0.000,0.000,0.000,0,772,0,0
1317,1.486,1.486,1.227,0.053,0.002,0.203,1,0.000,0.000,0.000,0,772,0,0
1318,1.612,1.612,1.265,0.053,0.002,0.292,1,0.000,0.000,0.000,0,772,0,0
1319,2.136,2.136,1.848,0.054,0.004,0.229,1,0.000,0.000,0.000,0,772,0,0
1320,1.591,1.591,1.324,0.053,0.003,0.211,1,0.000,0.000,0.000,0,772,0,0
1321,1.668,1.668,1.357,0.054,0.003,0.254,1,0.000,0.000,0.000,0,772,0,0
1322,1.874,1.874,1.571,0.086,0.003,0.213,1,0.000,0.000,0.000,0,772,1,0
1323,1.566,1.566,1.311,0.054,0.005,0.197,1,0.000,0.000,0.000,0,772,0,0
1324,1.724,1.724,1.369,0.053,0.003,0.299,1,0.000,0.000,0.000,0,772,0,0
1325,1.969,1.969,1.667,0.054,0.002,0.245,1,0.000,0.000,0.000,0,772,0,0
1326,1.763,1.763,1.465,0.053,0.002,0.243,1,0.000,0.000,0.000,0,772,0,0
1327,1.953,1.953,1.568,0.053,0.002,0.329,1,0.000,0.000,0.000,0,772,0,0
1328,2.200,2.200,1.898,0.055,0.002,0.245,1,0.000,0.000,0.000,0,772,0,0
1329,1.928,1.928,1.622,0.053,0.004,0.248,1,0.000,0.000,0.000,0,772,0,0
1330,1.866,1.866,1.487,0.055,0.003,0.321,1,0.000,0.000,0.000,0,772,0,0
1331,2.156,2.156,1.856,0.054,0.003,0.244,1,0.000,0.000,0.000,0,772,0,0
1332,2.552,2.552,2.087,0.053,0.002,0.410,1,0.000,0.000,0.000,0,772,0,0
1333,1.450,1.450,1.089,0.054,0.002,0.305,1,0.000,0.000,0.000,0,772,0,0
1334,2.187,2.187,1.902,0.053,0.002,0.229,1,0.000,0.000,0.000,0,772,0,0
1335,3.028,3.028,2.699,0.055,0.003,0.271,1,0.000,0.000,0.000,0,772,0,0
1336,1.664,1.664,1.322,0.056,0.003,0.284,1,0.000,0.000,0.000,0,772,0,0
1337,1.973,1.973,1.711,0.054,0.003,0.206,1,0.000,0.000,0.000,0,772,0,0
1338,1.527,1.527,1.253,0.053,0.002,0.220,1,0.000,0.000,0.000,0,772,0,0
1339,1.953,1.953,1.613,0.055,0.003,0.282,1,0.000,0.000,0.000,0,772,0,0
1340,2.033,2.033,1.746,0.057,0.004,0.225,1,0.000,0.000,0.000,0,772,0,0
1341,1.513,1.513,1.274,0.054,0.003,0.183,1,0.000,0.000,0.000,0,772,0,0
1342,1.474,1.474,1.176,0.054,0.003,0.242,1,0.000,0.000,0.000,0,772,0,0
1343,1.721,1.721,1.490,0.054,0.002,0.175,1,0.000,0.000,0.000,0,772,0,0
1344,1.426,1.426,1.226,0.054,0.002,0.143,1,0.000,0.000,0.000,0,772,0,0
1345,1.352,1.352,1.003,0.053,0.002,0.293,1,0.000,0.000,0.000,0,772,0,0
1346,2.035,2.035,1.772,0.053,0.003,0.207,1,0.000,0.000,0.000,0,772,0,0
1347,1.538,1.538,1.275,0.053,0.002,0.207,1,0.000,0.000,0.000,0,772,0,0
1348,1.576,1.576,1.250,0.053,0.002,0.272,1,0.000,0.000,0.000,0,772,0,0
1349,1.888,1.888,1.625,0.053,0.003,0.208,1,0.000,0.000,0.000,0,772,0,0
1350,1.515,1.515,1.251,0.053,0.002,0.209,1,0.000,0.000,0.000,0,772,0,0
1351,1.576,1.576,1.245,0.053,0.002,0.276,1,0.000,0.000,0.000,0,772,0,0
1352,1.922,1.922,1.647,0.067,0.005,0.203,1,0.000,0.000,0.000,0,772,0,0
1353,1.697,1.697,1.430,0.056,0.002,0.208,1,0.000,0.000,0.000,0,772,0,0
1354,1.642,1.642,1.305,0.053,0.002,0.281,1,0.000,0.000,0.000,0,772,0,0
1355,1.970,1.970,1.690,0.055,0.002,0.222,1,0.000,0.000,0.000,0,772,0,0
1356,1.588,1.588,1.310,0.053,0.002,0.222,1,0.000,0.000,0.000,0,772,0,0
1357,1.677,1.677,1.329,0.053,0.002,0.292,1,0.000,0.000,0.000,0,772,0,0
1358,1.980,1.980,1.702,0.053,0.002,0.223,1,0.000,0.000,0.000,0,772,0,0
1359,2.035,2.035,1.763,0.053,0.002,0.217,1,0.000,0.000,0.000,0,772,0,0
1360,1.571,1.571,1.202,0.054,0.002,0.312,1,0.000,0.000,0.000,0,772,0,0
1361,1.911,1.911,1.650,0.054,0.003,0.204,1,0.000,0.000,0.000,0,772,0,0
1362,1.464,1.464,1.207,0.054,0.002,0.200,1,0.000,0.000,0.000,0,772,0,0
1363,8.199,8.199,7.061,0.837,0.008,0.294,1,0.000,0.000,0.000,0,604,0,0
1364,3.451,3.451,3.152,0.054,0.009,0.236,1,0.000,0.000,0.000,0,604,0,0
1365,2.183,2.183,1.853,0.058,0.006,0.267,1,0.000,0.000,0.000,0,604,0,0
1366,1.663,1.663,1.352,0.057,0.004,0.250,1,0.000,0.000,0.000,0,604,0,0
1367,1.829,1.829,1.576,0.053,0.004,0.196,1,0.000,0.000,0.000,0,604,0,0
1368,3.635,3.635,3.383,0.056,0.003,0.192,1,0.000,0.000,0.000,0,604,0,0
1369,2.713,2.713,2.416,0.053,0.002,0.241,1,0.000,0.000,0.000,0,604,0,0
1370,1.423,1.423,1.188,0.053,0.002,0.180,1,0.000,0.000,0.000,0,604,0,0
1371,1.881,1.881,1.580,0.060,0.009,0.232,1,0.000,0.000,0.000,0,604,0,0
1372,1.696,1.696,1.384,0.053,0.007,0.253,1,0.000,0.000,0.000,0,604,0,0
1373,1.971,1.971,1.727,0.061,0.003,0.181,1,0.000,0.000,0.000,0,604,0,0
1374,1.510,1.510,1.250,0.072,0.003,0.185,1,0.000,0.000,0.000,0,600,0,0
1375,1.574,1.574,1.233,0.053,0.004,0.284,1,0.000,0.000,0.000,0,600,0,0
1376,1.835,1.835,1.576,0.052,0.002,0.205,1,0.000,0.000,0.000,0,600,0,0
1377,1.473,1.473,1.215,0.052,0.002,0.204,1,0.000,0.000,0.000,0,600,0,0
1378,1.536,1.536,1.210,0.052,0.002,0.270,1,0.000,0.000,0.000,0,600,0,0
1379,2.395,2.395,2.122,0.052,0.004,0.217,1,0.000,0.000,0.000,0,600,0,0
1380,1.805,1.805,1.552,0.053,0.003,0.197,1,0.000,0.000,0.000,0,600,0,0
1381,1.525,1.525,1.224,0.052,0.002,0.247,1,0.000,0.000,0.000,0,600,0,0
1382,1.730,1.730,1.491,0.051,0.002,0.185,1,0.000,0.000,0.000,0,600,0,0
1383,1.357,1.357,1.118,0.051,0.002,0.186,1,0.000,0.000,0.000,0,600,0,0
1384,1.621,1.621,1.335,0.052,0.002,0.232,1,0.000,0.000,0.000,0,600,0,0
1385,1.812,1.812,1.545,0.052,0.006,0.210,1,0.000,0.000,0.000,0,600,0,0
1386,4.087,4.087,3.820,0.059,0.006,0.201,1,0.000,0.000,0.000,0,600,0,0
1387,1.532,1.532,1.206,0.054,0.005,0.267,1,0.000,0.000,0.000,0,600,0,0
1388,1.657,1.657,1.418,0.052,0.002,0.185,1,0.000,0.000,0.000,0,600,0,0
1389,1.339,1.339,1.103,0.052,0.002,0.182,1,0.000,0.000,0.000,0,600,0,0
1390,1.408,1.408,1.110,0.052,0.002,0.243,1,0.000,0.000,0.000,0,600,0,0
1391,2.061,2.061,1.808,0.052,0.005,0.197,1,0.000,0.000,0.000,0,600,0,0
1392,1.355,1.355,1.130,0.053,0.003,0.170,1,0.000,0.000,0.000,0,600,0,0
1393,1.845,1.845,1.547,0.053,0.002,0.242,1,0.000,0.000,0.000,0,600,0,0
1394,1.735,1.735,1.489,0.052,0.003,0.191,1,0.000,0.000,0.000,0,600,0,0
1395,1.332,1.332,1.101,0.051,0.002,0.178,1,0.000,0.000,0.000,0,224,0,0
1396,1.349,1.349,1.072,0.050,0.002,0.225,1,0.000,0.000,0.000,0,224,0,0
1397,1.578,1.578,1.358,0.050,0.002,0.168,1,0.000,0.000,0.000,0,224,0,0
1398,1.251,1.251,1.032,0.050,0.002,0.167,1,0.000,0.000,0.000,0,224,0,0
1399,1.390,1.390,1.110,0.050,0.002,0.228,1,0.000,0.000,0.000,0,224,0,0
1400,1.693,1.693,1.467,0.051,0.005,0.171,1,0.000,0.000,0.000,0,224,0,0
1401,1.256,1.256,0.996,0.051,0.003,0.206,1,0.000,0.000,0.000,0,224,0,0
1402,1.428,1.428,1.221,0.051,0.002,0.154,1,0.000,0.000,0.000,0,224,0,0
1403,1.115,1.115,0.910,0.050,0.002,0.152,1,0.000,0.000,0.000,0,224,0,0
1404,1.362,1.362,1.071,0.050,0.002,0.239,1,0.000,0.000,0.000,0,224,0,0
1405,1.682,1.682,1.465,0.054,0.003,0.160,1,0.000,0.000,0.000,0,224,0,0
1406,1.274,1.274,1.064,0.050,0.005,0.155,1,0.000,0.000,0.000,0,220,0,0
1407,1.232,1.232,0.972,0.050,0.003,0.208,1,0.000,0.000,0.000,0,220,0,0
1408,1.388,1.388,1.177,0.057,0.002,0.151,1,0.000,0.000,0.000,0,220,0,0
1409,1.673,1.673,1.450,0.052,0.003,0.168,1,0.000,0.000,0.000,0,220,0,0
1410,1.253,1.253,0.981,0.049,0.002,0.221,1,0.000,0.000,0.000,0,220,0,0
1411,1.600,1.600,1.370,0.050,0.004,0.176,1,0.000,0.000,0.000,0,220,0,0
1412,1.257,1.257,1.030,0.049,0.003,0.175,1,0.000,0.000,0.000,0,220,0,0
1413,1.256,1.256,0.978,0.050,0.002,0.225,1,0.000,0.000,0.000,0,220,0,0
1414,1.515,1.515,1.295,0.049,0.002,0.170,1,0.000,0.000,0.000,0,220,0,0
1415,1.245,1.245,1.028,0.050,0.003,0.164,1,0.000,0.000,0.000,0,220,0,0
1416,1.742,1.742,1.339,0.051,0.005,0.347,1,0.000,0.000,0.000,0,220,0,0
1417,1.725,1.725,1.506,0.060,0.003,0.156,1,0.000,0.000,0.000,0,220,0,0
1418,1.152,1.152,0.940,0.050,0.002,0.160,1,0.000,0.000,0.000,0,220,0,0
1419,2.402,2.402,2.113,0.050,0.002,0.237,1,0.000,0.000,0.000,0,220,0,0
1420,1.374,1.374,1.163,0.051,0.004,0.156,1,0.000,0.000,0.000,0,220,0,0
1421,1.306,1.306,1.086,0.052,0.003,0.165,1,0.000,0.000,0.000,0,220,0,0
1422,1.162,1.162,0.911,0.050,0.002,0.199,1,0.000,0.000,0.000,0,220,0,0
1423,1.338,1.338,1.141,0.050,0.002,0.146,1,0.000,0.000,0.000,0,220,0,0
1424,1.204,1.204,1.001,0.049,0.002,0.152,1,0.000,0.000,0.000,0,220,0,0
1425,1.656,1.656,1.368,0.056,0.003,0.229,1,0.000,0.000,0.000,0,220,0,0
1426,1.464,1.464,1.247,0.050,0.003,0.164,1,0.000,0.000,0.000,0,220,0,0
1427,1.299,1.299,1.083,0.055,0.003,0.158,1,0.000,0.000,0.000,0,220,0,0
1428,1.235,1.235,0.981,0.049,0.002,0.203,1,0.000,0.000,0.000,0,220,0,0
1429,1.455,1.455,1.247,0.049,0.002,0.157,1,0.000,0.000,0.000,0,220,0,0
1430,1.171,1.171,0.963,0.049,0.002,0.157,1,0.000,0.000,0.000,0,220,0,0
1431,1.288,1.288,1.036,0.049,0.002,0.200,1,0.000,0.000,0.000,0,220,0,0
1432,1.444,1.444,1.233,0.050,0.002,0.158,1,0.000,0.000,0.000,0,220,0,0
1433,1.194,1.194,0.983,0.051,0.002,0.158,1,0.000,0.000,0.000,0,220,0,0
1434,1.491,1.491,1.225,0.049,0.002,0.214,1,0.000,0.000,0.000,0,220,0,0
1435,1.509,1.509,1.286,0.050,0.002,0.172,1,0.000,0.000,0.000,0,220,0,0
1436,1.261,1.261,1.039,0.049,0.002,0.171,1,0.000,0.000,0.000,0,220,0,0
1437,1.329,1.329,1.054,0.049,0.002,0.224,1,0.000,0.000,0.000,0,220,0,0
1438,1.573,1.573,1.350,0.049,0.002,0.172,1,0.000,0.000,0.000,0,220,0,0
1439,1.461,1.461,1.225,0.050,0.005,0.182,1,0.000,0.000,0.000,0,220,0,0
1440,1.368,1.368,1.074,0.049,0.003,0.241,1,0.000,0.000,0.000,0,220,0,0
1441,1.571,1.571,1.349,0.050,0.002,0.170,1,0.000,0.000,0.000,0,220,0,0
1442,1.469,1.469,1.250,0.049,0.002,0.168,1,0.000,0.000,0.000,0,220,0,0
1443,1.330,1.330,1.058,0.049,0.002,0.221,1,0.000,0.000,0.000,0,220,0,0
1444,1.723,1.723,1.480,0.049,0.002,0.192,1,0.000,0.000,0.000,0,220,0,0
1445,1.366,1.366,1.123,0.049,0.002,0.191,1,0.000,0.000,0.000,0,220,0,0
1446,1.474,1.474,1.182,0.049,0.002,0.241,1,0.000,0.000,0.000,0,220,0,0
1447,1.683,1.683,1.447,0.050,0.002,0.184,1,0.000,0.000,0.000,0,220,0,0
1448,1.343,1.343,1.109,0.049,0.002,0.184,1,0.000,0.000,0.000,0,220,0,0
1449,1.427,1.427,1.131,0.049,0.002,0.245,1,0.000,0.000,0.000,0,220,0,0
1450,2.189,2.189,1.955,0.053,0.004,0.176,1,0.000,0.000,0.000,0,220,0,0
1451,1.364,1.364,1.097,0.051,0.003,0.212,1,0.000,0.000,0.000,0,220,0,0
1452,1.552,1.552,1.233,0.050,0.002,0.267,1,0.000,0.000,0.000,0,220,0,0
1453,3.122,3.122,2.858,0.050,0.004,0.211,1,0.000,0.000,0.000,0,220,0,0
1454,1.322,1.322,1.044,0.051,0.003,0.224,1,0.000,0.000,0.000,0,220,0,0
1455,1.634,1.634,1.292,0.050,0.002,0.289,1,0.000,0.000,0.000,0,220,0,0
1456,2.028,2.028,1.751,0.050,0.002,0.225,1,0.000,0.000,0.000,0,220,0,0
1457,1.646,1.646,1.373,0.050,0.002,0.220,1,0.000,0.000,0.000,0,220,0,0
1458,1.686,1.686,1.342,0.049,0.002,0.293,1,0.000,0.000,0.000,0,220,0,0
1459,2.071,2.071,1.793,0.050,0.002,0.227,1,0.000,0.000,0.000,0,220,0,0
1460,1.563,1.563,1.299,0.050,0.003,0.211,1,0.000,0.000,0.000,0,220,0,0
1461,1.604,1.604,1.286,0.049,0.002,0.266,1,0.000,0.000,0.000,0,220,0,0
1462,1.878,1.878,1.622,0.050,0.003,0.203,1,0.000,0.000,0.000,0,220,0,0
1463,1.471,1.471,1.228,0.050,0.002,0.190,1,0.000,0.000,0.000,0,220,0,0
1464,1.583,1.583,1.281,0.050,0.002,0.251,1,0.000,0.000,0.000,0,220,0,0
1465,1.750,1.750,1.471,0.050,0.002,0.227,1,0.000,0.000,0.000,0,220,0,0
1466,1.557,1.557,1.286,0.050,0.002,0.218,1,0.000,0.000,0.000,0,220,0,0
1467,1.616,1.616,1.275,0.049,0.002,0.290,1,0.000,0.000,0.000,0,220,0,0
1468,1.989,1.989,1.719,0.050,0.002,0.217,1,0.000,0.000,0.000,0,220,0,0
1469,1.669,1.669,1.392,0.050,0.004,0.223,1,0.000,0.000,0.000,0,220,0,0
1470,1.643,1.643,1.295,0.050,0.003,0.296,1,0.000,0.000,0.000,0,220,0,0
1471,1.963,1.963,1.688,0.050,0.002,0.223,1,0.000,0.000,0.000,0,220,0,0
1472,1.565,1.565,1.299,0.050,0.002,0.214,1,0.000,0.000,0.000,0,220,0,0
1473,1.587,1.587,1.249,0.049,0.002,0.287,1,0.000,0.000,0.000,0,220,0,0
1474,1.960,1.960,1.685,0.049,0.002,0.224,1,0.000,0.000,0.000,0,220,0,0
1475,1.529,1.529,1.265,0.050,0.002,0.211,1,0.000,0.000,0.000,0,220,0,0
1476,1.592,1.592,1.262,0.057,0.002,0.270,1,0.000,0.000,0.000,0,220,0,0
1477,1.839,1.839,1.586,0.050,0.002,0.201,1,0.000,0.000,0.000,0,220,0,0
1478,1.933,1.933,1.648,0.050,0.004,0.232,1,0.000,0.000,0.000,0,220,0,0
1479,1.489,1.489,1.124,0.051,0.003,0.311,1,0.000,0.000,0.000,0,220,0,0
1480,1.901,1.901,1.640,0.049,0.002,0.209,1,0.000,0.000,0.000,0,220,0,0
1481,1.468,1.468,1.215,0.050,0.002,0.201,1,0.000,0.000,0.000,0,220,0,0
1482,3.080,3.080,2.712,0.050,0.002,0.316,1,0.000,0.000,0.000,0,220,0,0
1483,1.392,1.392,1.141,0.051,0.003,0.197,1,0.000,0.000,0.000,0,220,0,0
1484,1.659,1.659,1.370,0.052,0.004,0.234,1,0.000,0.000,0.000,0,220,0,0
1485,1.634,1.634,1.264,0.050,0.002,0.318,1,0.000,0.000,0.000,0,220,0,0
1486,2.327,2.327,2.052,0.050,0.002,0.223,1,0.000,0.000,0.000,0,220,0,0
1487,1.611,1.611,1.334,0.050,0.002,0.226,1,0.000,0.000,0.000,0,220,0,0
1488,1.682,1.682,1.334,0.049,0.002,0.297,1,0.000,0.000,0.000,0,220,0,0
1489,2.024,2.024,1.745,0.050,0.002,0.227,1,0.000,0.000,0.000,0,220,0,0
1490,1.576,1.576,1.297,0.050,0.002,0.225,1,0.000,0.000,0.000,0,220,0,0
1491,1.709,1.709,1.361,0.049,0.002,0.297,1,0.000,0.000,0.000,0,220,0,0
1492,2.221,2.221,1.927,0.051,0.003,0.240,1,0.000,0.000,0.000,0,220,0,0
1493,1.564,1.564,1.306,0.049,0.002,0.207,1,0.000,0.000,0.000,0,220,0,0
1494,1.644,1.644,1.308,0.050,0.002,0.284,1,0.000,0.000,0.000,0,220,0,0
1495,1.990,1.990,1.722,0.050,0.003,0.215,1,0.000,0.000,0.000,0,220,0,0
1496,1.524,1.524,1.267,0.050,0.002,0.205,1,0.000,0.000,0.000,0,220,0,0
1497,1.563,1.563,1.243,0.050,0.002,0.269,1,0.000,0.000,0.000,0,220,0,0
1498,1.878,1.878,1.624,0.049,0.002,0.202,1,0.000,0.000,0.000,0,220,0,0
1499,1.573,1.573,1.308,0.050,0.002,0.213,1,0.000,0.000,0.000,0,220,0,0
1500,1.618,1.618,1.274,0.049,0.002,0.293,1,0.000,0.000,0.000,0,220,0,0
1501,2.021,2.021,1.746,0.051,0.003,0.222,1,0.000,0.000,0.000,0,220,0,0
1502,1.699,1.699,1.346,0.053,0.003,0.297,1,0.000,0.000,0.000,0,220,0,0
1503,1.927,1.927,1.697,0.050,0.002,0.177,1,0.000,0.000,0.000,0,220,0,0
1504,1.714,1.714,1.389,0.105,0.003,0.216,1,0.000,0.000,0.000,0,220,0,0
1505,1.600,1.600,1.260,0.050,0.002,0.288,1,0.000,0.000,0.000,0,220,0,0
1506,2.126,2.126,1.712,0.049,0.002,0.362,1,0.000,0.000,0.000,0,220,0,0
1507,1.743,1.743,1.470,0.050,0.006,0.218,1,0.000,0.000,0.000,0,220,0,0
1508,1.599,1.599,1.256,0.050,0.003,0.289,1,0.000,0.000,0.000,0,220,0,0
1509,1.975,1.975,1.713,0.050,0.002,0.210,1,0.000,0.000,0.000,0,220,0,0
1510,2.429,2.429,1.386,0.816,0.003,0.224,1,0.000,0.000,0.000,0,220,0,0
1511,1.444,1.444,1.100,0.051,0.003,0.289,1,0.000,0.000,0.000,0,220,0,0
1512,1.855,1.855,1.590,0.050,0.003,0.213,1,0.000,0.000,0.000,0,220,0,0
1513,1.489,1.489,1.229,0.050,0.002,0.207,1,0.000,0.000,0.000,0,220,0,0
1514,1.683,1.683,1.343,0.050,0.002,0.288,1,0.000,0.000,0.000,0,220,0,0
1515,2.483,2.483,2.198,0.050,0.004,0.231,1,0.000,0.000,0.000,0,220,0,0
1516,1.635,1.635,1.355,0.052,0.002,0.226,1,0.000,0.000,0.000,0,220,0,0
1517,1.687,1.687,1.340,0.050,0.002,0.295,1,0.000,0.000,0.000,0,220,0,0
1518,2.006,2.006,1.730,0.049,0.002,0.224,1,0.000,0.000,0.000,0,220,0,0
1519,1.663,1.663,1.394,0.050,0.002,0.218,1,0.000,0.000,0.000,0,220,0,0
1520,1.599,1.599,1.290,0.049,0.002,0.257,1,0.000,0.000,0.000,0,220,0,0
1521,1.817,1.817,1.576,0.050,0.003,0.189,1,0.000,0.000,0.000,0,220,0,0
1522,1.432,1.432,1.191,0.050,0.002,0.188,1,0.000,0.000,0.000,0,220,0,0
1523,1.478,1.478,1.180,0.050,0.002,0.246,1,0.000,0.000,0.000,0,220,0,0
1524,2.046,2.046,1.791,0.050,0.002,0.203,1,0.000,0.000,0.000,0,220,0,0
1525,1.309,1.309,1.115,0.050,0.002,0.142,1,0.000,0.000,0.000,0,220,0,0
1526,1.128,1.128,0.907,0.049,0.002,0.170,1,0.000,0.000,0.000,0,220,0,0
1527,1.287,1.287,1.106,0.049,0.002,0.130,1,0.000,0.000,0.000,0,220,0,0
1528,1.007,1.007,0.825,0.050,0.002,0.130,1,0.000,0.000,0.000,0,220,0,0
1529,1.590,1.590,1.351,0.049,0.002,0.187,1,0.000,0.000,0.000,0,220,0,0
1530,1.268,1.268,1.076,0.052,0.003,0.137,1,0.000,0.000,0.000,0,220,0,0
1531,1.042,1.042,0.860,0.050,0.002,0.130,1,0.000,0.000,0.000,0,220,0,0
1532,1.108,1.108,0.888,0.050,0.002,0.168,1,0.000,0.000,0.000,0,220,0,0
1533,1.284,1.284,1.103,0.050,0.002,0.129,1,0.000,0.000,0.000,0,220,0,0
1534,1.086,1.086,0.901,0.049,0.002,0.134,1,0.000,0.000,0.000,0,220,0,0
1535,1.109,1.109,0.902,0.050,0.002,0.155,1,0.000,0.000,0.000,0,220,0,0
1536,1.219,1.219,1.053,0.049,0.002,0.115,1,0.000,0.000,0.000,0,220,0,0
1537,0.971,0.971,0.805,0.050,0.002,0.114,1,0.000,0.000,0.000,0,220,0,0
1538,1.187,1.187,0.961,0.064,0.002,0.159,1,0.000,0.000,0.000,0,220,0,0
1539,1.979,1.979,1.794,0.050,0.004,0.130,1,0.000,0.000,0.000,0,220,0,0
1540,1.145,1.145,0.975,0.051,0.003,0.116,1,0.000,0.000,0.000,0,220,0,0
1541,1.028,1.028,0.848,0.050,0.002,0.128,1,0.000,0.000,0.000,0,220,0,0
1542,1.021,1.021,0.872,0.049,0.002,0.098,1,0.000,0.000,0.000,0,220,0,0
1543,1.052,1.052,0.851,0.049,0.002,0.150,1,0.000,0.000,0.000,0,220,0,0
1544,1.903,1.903,1.689,0.049,0.002,0.162,1,0.000,0.000,0.000,0,220,0,0
1545,1.297,1.297,1.116,0.053,0.003,0.125,1,0.000,0.000,0.000,0,220,0,0
1546,1.270,1.270,1.050,0.051,0.003,0.166,1,0.000,0.000,0.000,0,220,0,0
1547,1.080,1.080,0.844,0.050,0.002,0.184,1,0.000,0.000,0.000,0,220,0,0
1548,1.712,1.712,1.524,0.057,0.003,0.128,1,0.000,0.000,0.000,0,220,0,0
1549,1.156,1.156,0.968,0.051,0.003,0.134,1,0.000,0.000,0.000,0,220,0,0
1550,1.044,1.044,0.827,0.050,0.003,0.165,1,0.000,0.000,0.000,0,220,0,0
1551,1.241,1.241,1.063,0.050,0.002,0.126,1,0.000,0.000,0.000,0,220,0,0
1552,0.984,0.984,0.808,0.050,0.002,0.125,1,0.000,0.000,0.000,0,220,0,0
1553,1.061,1.061,0.845,0.050,0.002,0.165,1,0.000,0.000,0.000,0,220,0,0
1554,1.295,1.295,1.109,0.049,0.002,0.135,1,0.000,0.000,0.000,0,220,0,0
1555,0.966,0.966,0.794,0.049,0.002,0.121,1,0.000,0.000,0.000,0,220,0,0
1556,1.004,1.004,0.804,0.049,0.002,0.148,1,0.000,0.000,0.000,0,220,0,0
1557,1.114,1.114,0.951,0.050,0.002,0.111,1,0.000,0.000,0.000,0,220,0,0
1558,1.164,1.164,1.000,0.050,0.002,0.112,1,0.000,0.000,0.000,0,220,0,0
1559,1.436,1.436,1.212,0.051,0.003,0.170,1,0.000,0.000,0.000,0,220,0,0
1560,1.231,1.231,1.052,0.050,0.002,0.126,1,0.000,0.000,0.000,0,220,0,0
1561,1.021,1.021,0.842,0.050,0.002,0.127,1,0.000,0.000,0.000,0,220,0,0
1562,1.079,1.079,0.863,0.049,0.002,0.165,1,0.000,0.000,0.000,0,220,0,0
1563,1.260,1.260,1.080,0.050,0.002,0.128,1,0.000,0.000,0.000,0,220,0,0
1564,1.205,1.205,0.984,0.049,0.002,0.170,1,0.000,0.000,0.000,0,220,0,0
1565,1.396,1.396,1.026,0.076,0.002,0.291,1,0.000,0.000,0.000,0,220,1,0
1566,2.007,2.007,1.747,0.050,0.002,0.208,1,0.000,0.000,0.000,0,220,0,0
1567,1.541,1.541,1.275,0.055,0.002,0.209,1,0.000,0.000,0.000,0,220,0,0
1568,1.592,1.592,1.265,0.049,0.002,0.275,1,0.000,0.000,0.000,0,220,0,0
1569,1.882,1.882,1.622,0.049,0.002,0.208,1,0.000,0.000,0.000,0,220,0,0
1570,1.516,1.516,1.256,0.049,0.002,0.209,1,0.000,0.000,0.000,0,220,0,0
1571,1.611,1.611,1.291,0.049,0.002,0.268,1,0.000,0.000,0.000,0,220,0,0
1572,1.878,1.878,1.599,0.050,0.002,0.227,1,0.000,0.000,0.000,0,220,0,0
1573,1.578,1.578,1.297,0.050,0.002,0.230,1,0.000,0.000,0.000,0,220,0,0
1574,1.778,1.778,1.402,0.054,0.002,0.320,1,0.000,0.000,0.000,0,220,0,0
1575,2.112,2.112,1.815,0.050,0.002,0.245,1,0.000,0.000,0.000,0,220,0,0
1576,1.988,1.988,1.668,0.049,0.009,0.263,1,0.000,0.000,0.000,0,220,0,0
1577,1.879,1.879,1.492,0.051,0.003,0.333,1,0.000,0.000,0.000,0,220,0,0
1578,3.649,3.649,3.331,0.050,0.002,0.266,1,0.000,0.000,0.000,0,220,0,0
1579,1.593,1.593,1.296,0.052,0.004,0.241,1,0.000,0.000,0.000,0,220,0,0
1580,1.859,1.859,1.464,0.052,0.003,0.340,1,0.000,0.000,0.000,0,220,0,0
1581,2.183,2.183,1.886,0.050,0.002,0.244,1,0.000,0.000,0.000,0,220,0,0
1582,1.778,1.778,1.488,0.052,0.002,0.237,1,0.000,0.000,0.000,0,220,0,0
1583,1.712,1.712,1.394,0.049,0.002,0.267,1,0.000,0.000,0.000,0,220,0,0
1584,2.019,2.019,1.743,0.050,0.002,0.223,1,0.000,0.000,0.000,0,220,0,0
1585,1.738,1.738,1.424,0.050,0.004,0.261,1,0.000,0.000,0.000,0,220,0,0
1586,1.903,1.903,1.513,0.050,0.003,0.338,1,0.000,0.000,0.000,0,220,0,0
1587,2.325,2.325,2.025,0.050,0.002,0.248,1,0.000,0.000,0.000,0,220,0,0
1588,2.865,2.865,2.558,0.049,0.004,0.254,1,0.000,0.000,0.000,0,220,0,0
1589,1.719,1.719,1.300,0.053,0.004,0.362,1,0.000,0.000,0.000,0,220,0,0
1590,4.067,4.067,3.245,0.050,0.007,0.766,1,0.000,0.000,0.000,0,220,0,0
1591,1.425,1.425,1.094,0.053,0.004,0.274,1,0.000,0.000,0.000,0,220,0,0
1592,1.944,1.944,1.559,0.050,0.002,0.333,1,0.000,0.000,0.000,0,220,0,0
1593,2.190,2.190,1.890,0.050,0.002,0.248,1,0.000,0.000,0.000,0,220,0,0
1594,1.835,1.835,1.527,0.049,0.002,0.257,1,0.000,0.000,0.000,0,220,0,0
1595,1.908,1.908,1.503,0.050,0.002,0.353,1,0.000,0.000,0.000,0,220,0,0
1596,2.866,2.866,2.536,0.049,0.004,0.277,1,0.000,0.000,0.000,0,220,0,0
1597,1.926,1.926,1.602,0.053,0.002,0.269,1,0.000,0.000,0.000,0,220,0,0
1598,2.574,2.574,2.160,0.050,0.006,0.358,1,0.000,0.000,0.000,0,220,0,0
1599,2.005,2.005,1.679,0.051,0.003,0.272,1,0.000,0.000,0.000,0,220,0,0
1600,1.777,1.777,1.473,0.050,0.003,0.251,1,0.000,0.000,0.000,0,220,0,0
1601,2.024,2.024,1.637,0.051,0.003,0.333,1,0.000,0.000,0.000,0,220,0,0
1602,3.412,3.412,3.090,0.054,0.005,0.263,1,0.000,0.000,0.000,0,220,0,0
1603,1.800,1.800,1.396,0.054,0.003,0.347,1,0.000,0.000,0.000,0,224,0,0
1604,2.426,2.426,2.120,0.051,0.003,0.253,1,0.000,0.000,0.000,0,224,0,0
1605,1.689,1.689,1.450,0.051,0.002,0.187,1,0.000,0.000,0.000,0,224,0,0
1606,1.477,1.477,1.178,0.051,0.002,0.246,1,0.000,0.000,0.000,0,224,0,0
1607,1.900,1.900,1.640,0.051,0.002,0.207,1,0.000,0.000,0.000,0,224,0,0
1608,1.400,1.400,1.161,0.050,0.002,0.187,1,0.000,0.000,0.000,0,224,0,0
1609,1.506,1.506,1.205,0.050,0.002,0.249,1,0.000,0.000,0.000,0,224,0,0
1610,1.740,1.740,1.502,0.050,0.002,0.186,1,0.000,0.000,0.000,0,224,0,0
1611,1.391,1.391,1.153,0.050,0.002,0.185,1,0.000,0.000,0.000,0,224,0,0
1612,1.473,1.473,1.177,0.050,0.002,0.244,1,0.000,0.000,0.000,0,224,0,0
1613,1.739,1.739,1.505,0.051,0.002,0.182,1,0.000,0.000,0.000,0,224,0,0
1614,1.789,1.789,1.555,0.052,0.002,0.180,1,0.000,0.000,0.000,0,476,0,0
1615,1.401,1.401,1.101,0.052,0.002,0.246,1,0.000,0.000,0.000,0,476,0,0
1616,1.740,1.740,1.497,0.052,0.002,0.189,1,0.000,0.000,0.000,0,476,0,0
1617,1.396,1.396,1.153,0.053,0.002,0.188,1,0.000,0.000,0.000,0,476,0,0
1618,1.474,1.474,1.170,0.052,0.002,0.250,1,0.000,0.000,0.000,0,476,0,0
1619,1.820,1.820,1.574,0.052,0.002,0.192,1,0.000,0.000,0.000,0,476,0,0
1620,1.450,1.450,1.229,0.052,0.002,0.166,1,0.000,0.000,0.000,0,476,0,0
1621,1.748,1.748,1.465,0.052,0.005,0.225,1,0.000,0.000,0.000,0,476,0,0
1622,1.686,1.686,1.460,0.056,0.003,0.167,1,0.000,0.000,0.000,0,476,0,0
1623,1.308,1.308,1.086,0.053,0.003,0.167,1,0.000,0.000,0.000,0,476,0,0
1624,1.536,1.536,1.227,0.052,0.002,0.255,1,0.000,0.000,0.000,0,476,0,0
1625,1.786,1.786,1.545,0.053,0.002,0.186,1,0.000,0.000,0.000,0,476,0,0
1626,1.392,1.392,1.152,0.052,0.002,0.185,1,0.000,0.000,0.000,0,476,0,0
1627,1.478,1.478,1.178,0.052,0.002,0.246,1,0.000,0.000,0.000,0,476,0,0
1628,1.959,1.959,1.711,0.052,0.005,0.191,1,0.000,0.000,0.000,0,476,0,0
1629,1.742,1.742,1.516,0.053,0.003,0.170,1,0.000,0.000,0.000,0,476,0,0
1630,1.492,1.492,1.182,0.053,0.003,0.254,1,0.000,0.000,0.000,0,476,0,0
1631,1.798,1.798,1.559,0.053,0.002,0.184,1,0.000,0.000,0.000,0,476,0,0
1632,2.491,2.491,2.228,0.056,0.004,0.202,1,0.000,0.000,0.000,0,476,0,0
1633,1.574,1.574,1.261,0.054,0.003,0.256,1,0.000,0.000,0.000,0,476,0,0
1634,1.767,1.767,1.521,0.053,0.002,0.191,1,0.000,0.000,0.000,0,476,0,0
1635,1.945,1.945,1.227,0.546,0.003,0.169,1,0.000,0.000,0.000,0,476,0,0
1636,1.427,1.427,1.140,0.054,0.003,0.230,1,0.000,0.000,0.000,0,476,0,0
1637,2.711,2.711,2.482,0.054,0.004,0.172,1,0.000,0.000,0.000,0,476,0,0
1638,1.585,1.585,1.345,0.054,0.003,0.183,1,0.000,0.000,0.000,0,476,0,0
1639,1.899,1.899,1.610,0.061,0.003,0.226,1,0.000,0.000,0.000,0,476,0,0
1640,2.142,2.142,1.907,0.053,0.010,0.172,1,0.000,0.000,0.000,0,476,0,0
1641,2.033,2.033,1.819,0.055,0.003,0.156,1,0.000,0.000,0.000,0,476,0,0
1642,2.608,2.608,2.343,0.052,0.007,0.206,1,0.000,0.000,0.000,0,476,0,0
1643,2.331,2.331,2.127,0.055,0.003,0.146,1,0.000,0.000,0.000,0,476,0,0
1644,2.399,2.399,2.165,0.053,0.002,0.179,1,0.000,0.000,0.000,0,476,0,0
1645,2.818,2.818,2.489,0.054,0.003,0.272,1,0.000,0.000,0.000,0,476,0,0
1646,1.643,1.643,1.359,0.056,0.005,0.222,1,0.000,0.000,0.000,0,476,0,0
1647,1.505,1.505,1.248,0.053,0.002,0.202,1,0.000,0.000,0.000,0,476,0,0
1648,1.565,1.565,1.244,0.052,0.002,0.267,1,0.000,0.000,0.000,0,476,0,0
1649,1.873,1.873,1.617,0.053,0.002,0.201,1,0.000,0.000,0.000,0,476,0,0
1650,1.483,1.483,1.227,0.052,0.002,0.202,1,0.000,0.000,0.000,0,476,0,0
1651,1.619,1.619,1.300,0.052,0.002,0.264,1,0.000,0.000,0.000,0,476,0,0
1652,1.994,1.994,1.728,0.054,0.005,0.207,1,0.000,0.000,0.000,0,476,0,0
1653,1.670,1.670,1.399,0.053,0.003,0.216,1,0.000,0.000,0.000,0,476,0,0
1654,2.057,2.057,1.735,0.053,0.005,0.263,1,0.000,0.000,0.000,0,476,0,0
1655,1.477,1.477,1.243,0.054,0.004,0.176,1,0.000,0.000,0.000,0,476,0,0
1656,1.269,1.269,1.048,0.053,0.003,0.166,1,0.000,0.000,0.000,0,476,0,0
1657,1.488,1.488,1.166,0.053,0.002,0.267,1,0.000,0.000,0.000,0,476,0,0
1658,2.870,2.870,2.639,0.063,0.003,0.165,1,0.000,0.000,0.000,0,476,0,0
1659,1.490,1.490,1.264,0.053,0.003,0.171,1,0.000,0.000,0.000,0,476,0,0
1660,1.603,1.603,1.290,0.056,0.003,0.254,1,0.000,0.000,0.000,0,476,0,0
1661,1.722,1.722,1.484,0.053,0.002,0.183,1,0.000,0.000,0.000,0,476,0,0
1662,1.400,1.400,1.162,0.052,0.002,0.183,1,0.000,0.000,0.000,0,476,0,0
1663,1.974,1.974,1.687,0.053,0.005,0.229,1,0.000,0.000,0.000,0,476,0,0
1664,1.537,1.537,1.273,0.054,0.003,0.207,1,0.000,0.000,0.000,0,476,0,0
1665,1.418,1.418,1.148,0.052,0.002,0.215,1,0.000,0.000,0.000,0,476,0,0
1666,1.827,1.827,1.495,0.055,0.002,0.275,1,0.000,0.000,0.000,0,476,0,0
1667,1.919,1.919,1.656,0.053,0.002,0.209,1,0.000,0.000,0.000,0,476,0,0
1668,1.496,1.496,1.235,0.052,0.002,0.207,1,0.000,0.000,0.000,0,476,0,0
1669,1.596,1.596,1.268,0.052,0.003,0.273,1,0.000,0.000,0.000,0,476,0,0
1670,1.894,1.894,1.630,0.053,0.003,0.209,1,0.000,0.000,0.000,0,476,0,0
1671,1.555,1.555,1.285,0.051,0.002,0.217,1,0.000,0.000,0.000,0,472,0,0
1672,1.673,1.673,1.315,0.051,0.002,0.305,1,0.000,0.000,0.000,0,472,0,0
1673,2.051,2.051,1.769,0.053,0.002,0.227,1,0.000,0.000,0.000,0,476,0,0
1674,1.762,1.762,1.473,0.053,0.002,0.234,1,0.000,0.000,0.000,0,476,0,0
1675,1.757,1.757,1.385,0.053,0.002,0.316,1,0.000,0.000,0.000,0,476,0,0
1676,2.155,2.155,1.861,0.052,0.002,0.240,1,0.000,0.000,0.000,0,476,0,0
1677,1.727,1.727,1.431,0.053,0.002,0.240,1,0.000,0.000,0.000,0,476,0,0
1678,1.798,1.798,1.428,0.053,0.002,0.315,1,0.000,0.000,0.000,0,476,0,0
1679,2.242,2.242,1.945,0.054,0.003,0.240,1,0.000,0.000,0.000,0,476,0,0
1680,1.662,1.662,1.385,0.053,0.002,0.222,1,0.000,0.000,0.000,0,476,0,0
1681,1.698,1.698,1.351,0.052,0.002,0.293,1,0.000,0.000,0.000,0,476,0,0
1682,2.204,2.204,1.917,0.053,0.006,0.229,1,0.000,0.000,0.000,0,476,0,0
1683,1.654,1.654,1.365,0.054,0.003,0.232,1,0.000,0.000,0.000,0,476,0,0
1684,1.869,1.869,1.525,0.057,0.003,0.284,1,0.000,0.000,0.000,0,900,0,0
1685,3.337,3.337,3.098,0.064,0.003,0.171,1,0.000,0.000,0.000,0,900,0,0
1686,1.590,1.590,1.370,0.057,0.003,0.160,1,0.000,0.000,0.000,0,900,0,0
1687,1.812,1.812,1.521,0.059,0.003,0.228,1,0.000,0.000,0.000,0,900,0,0
1688,1.583,1.583,1.357,0.057,0.002,0.167,1,0.000,0.000,0.000,0,900,0,0
1689,1.488,1.488,1.260,0.058,0.002,0.167,1,0.000,0.000,0.000,0,900,0,0
1690,1.445,1.445,1.166,0.057,0.002,0.220,1,0.000,0.000,0.000,0,900,0,0
1691,1.929,1.929,1.701,0.058,0.002,0.168,1,0.000,0.000,0.000,0,900,0,0
1692,1.705,1.705,1.471,0.058,0.003,0.173,1,0.000,0.000,0.000,0,900,0,0
1693,1.454,1.454,1.179,0.057,0.002,0.215,1,0.000,0.000,0.000,0,900,0,0
1694,1.693,1.693,1.454,0.056,0.002,0.180,1,0.000,0.000,0.000,0,900,0,0
1695,1.391,1.391,1.152,0.056,0.002,0.180,1,0.000,0.000,0.000,0,900,0,0
1696,1.465,1.465,1.169,0.057,0.002,0.237,1,0.000,0.000,0.000,0,900,0,0
1697,1.765,1.765,1.523,0.056,0.002,0.184,1,0.000,0.000,0.000,0,900,0,0
1698,1.384,1.384,1.142,0.057,0.002,0.183,1,0.000,0.000,0.000,0,900,0,0
1699,2.061,2.061,1.739,0.062,0.002,0.257,1,0.000,0.000,0.000,0,900,0,0
1700,1.766,1.766,1.540,0.057,0.002,0.166,1,0.000,0.000,0.000,0,900,0,0
1701,1.443,1.443,1.167,0.056,0.002,0.218,1,0.000,0.000,0.000,0,900,0,0
1702,1.612,1.612,1.387,0.056,0.002,0.166,1,0.000,0.000,0.000,0,900,0,0
1703,1.373,1.373,1.151,0.056,0.002,0.163,1,0.000,0.000,0.000,0,900,0,0
1704,1.561,1.561,1.283,0.057,0.002,0.219,1,0.000,0.000,0.000,0,900,0,0
1705,1.737,1.737,1.421,0.057,0.002,0.256,1,0.000,0.000,0.000,0,900,0,0
1706,1.914,1.914,1.661,0.059,0.003,0.192,1,0.000,0.000,0.000,0,900,0,0
1707,1.487,1.487,1.192,0.056,0.002,0.238,1,0.000,0.000,0.000,0,900,0,0
1708,1.672,1.672,1.434,0.057,0.002,0.178,1,0.000,0.000,0.000,0,900,0,0
1709,1.396,1.396,1.161,0.057,0.002,0.177,1,0.000,0.000,0.000,0,900,0,0
1710,1.430,1.430,1.138,0.056,0.002,0.234,1,0.000,0.000,0.000,0,900,0,0
1711,1.769,1.769,1.528,0.056,0.002,0.182,1,0.000,0.000,0.000,0,900,0,0
1712,1.399,1.399,1.161,0.056,0.002,0.179,1,0.000,0.000,0.000,0,900,0,0
1713,2.362,2.362,2.045,0.070,0.004,0.243,1,0.000,0.000,0.000,0,900,0,0
1714,1.836,1.836,1.552,0.058,0.003,0.223,1,0.000,0.000,0.000,0,900,0,0
1715,2.943,2.943,2.718,0.066,0.003,0.155,1,0.000,0.000,0.000,0,900,0,0
1716,1.747,1.747,1.442,0.060,0.004,0.242,1,0.000,0.000,0.000,0,900,0,0
1717,1.590,1.590,1.368,0.056,0.003,0.164,1,0.000,0.000,0.000,0,900,0,0
1718,1.363,1.363,1.143,0.056,0.002,0.162,1,0.000,0.000,0.000,0,900,0,0
1719,2.171,2.171,1.864,0.070,0.002,0.234,1,0.000,0.000,0.000,0,900,0,0
1720,1.647,1.647,1.415,0.056,0.003,0.173,1,0.000,0.000,0.000,0,900,0,0
1721,1.364,1.364,1.145,0.056,0.002,0.161,1,0.000,0.000,0.000,0,900,0,0
1722,1.459,1.459,1.187,0.057,0.002,0.213,1,0.000,0.000,0.000,0,900,0,0
1723,1.537,1.537,1.316,0.056,0.002,0.163,1,0.000,0.000,0.000,0,900,0,0
1724,1.583,1.583,1.308,0.057,0.002,0.217,1,0.000,0.000,0.000,0,900,0,0
1725,1.635,1.635,1.256,0.056,0.003,0.321,1,0.000,0.000,0.000,0,900,0,0
1726,2.161,2.161,1.863,0.060,0.002,0.236,1,0.000,0.000,0.000,0,900,0,0
1727,1.703,1.703,1.409,0.056,0.002,0.236,1,0.000,0.000,0.000,0,900,0,0
1728,1.774,1.774,1.405,0.057,0.002,0.310,1,0.000,0.000,0.000,0,900,0,0
1729,2.139,2.139,1.846,0.057,0.002,0.234,1,0.000,0.000,0.000,0,900,0,0
1730,1.697,1.697,1.380,0.057,0.002,0.258,1,0.000,0.000,0.000,0,900,0,0
1731,1.829,1.829,1.465,0.056,0.002,0.305,1,0.000,0.000,0.000,0,900,0,0
1732,2.147,2.147,1.812,0.088,0.002,0.244,1,0.000,0.000,0.000,0,900,1,0
1733,1.878,1.878,1.570,0.057,0.005,0.247,1,0.000,0.000,0.000,0,900,0,0
1734,1.903,1.903,1.489,0.056,0.003,0.355,1,0.000,0.000,0.000,0,900,0,0
1735,2.277,2.277,1.954,0.057,0.002,0.263,1,0.000,0.000,0.000,0,900,0,0
1736,1.867,1.867,1.557,0.056,0.003,0.252,1,0.000,0.000,0.000,0,900,0,0
1737,1.950,1.950,1.558,0.056,0.002,0.333,1,0.000,0.000,0.000,0,900,0,0
1738,2.933,2.933,2.598,0.059,0.005,0.271,1,0.000,0.000,0.000,0,900,0,0
1739,1.952,1.952,1.623,0.058,0.003,0.268,1,0.000,0.000,0.000,0,900,0,0
1740,1.927,1.927,1.547,0.058,0.002,0.320,1,0.000,0.000,0.000,0,900,0,0
1741,3.678,3.678,3.340,0.056,0.002,0.280,1,0.000,0.000,0.000,0,900,0,0
1742,2.258,2.258,1.955,0.060,0.003,0.240,1,0.000,0.000,0.000,0,900,0,0
1743,2.144,2.144,1.680,0.059,0.004,0.400,1,0.000,0.000,0.000,0,900,0,0
1744,2.537,2.537,2.214,0.063,0.003,0.256,1,0.000,0.000,0.000,0,900,0,0
1745,1.838,1.838,1.548,0.057,0.002,0.231,1,0.000,0.000,0.000,0,900,0,0
1746,1.774,1.774,1.420,0.057,0.002,0.295,1,0.000,0.000,0.000,0,900,0,0
1747,2.117,2.117,1.835,0.056,0.002,0.224,1,0.000,0.000,0.000,0,900,0,0
1748,2.123,2.123,1.840,0.056,0.003,0.224,1,0.000,0.000,0.000,0,900,0,0
1749,1.787,1.787,1.433,0.056,0.003,0.295,1,0.000,0.000,0.000,0,900,0,0
1750,2.095,2.095,1.807,0.056,0.002,0.229,1,0.000,0.000,0.000,0,900,0,0
1751,1.708,1.708,1.431,0.057,0.002,0.218,1,0.000,0.000,0.000,0,900,0,0
1752,1.794,1.794,1.431,0.057,0.002,0.304,1,0.000,0.000,0.000,0,900,0,0
1753,2.094,2.094,1.812,0.056,0.002,0.224,1,0.000,0.000,0.000,0,900,0,0
1754,2.342,2.342,1.657,0.431,0.004,0.250,1,0.000,0.000,0.000,0,900,0,0
1755,1.872,1.872,1.497,0.058,0.003,0.315,1,0.000,0.000,0.000,0,900,0,0
1756,2.236,2.236,1.942,0.052,0.002,0.240,1,0.000,0.000,0.000,0,228,0,0
1757,1.792,1.792,1.498,0.051,0.002,0.240,1,0.000,0.000,0.000,0,228,0,0
1758,1.875,1.875,1.502,0.052,0.002,0.319,1,0.000,0.000,0.000,0,228,0,0
1759,2.492,2.492,2.195,0.052,0.005,0.241,1,0.000,0.000,0.000,0,228,0,0
1760,1.855,1.855,1.592,0.053,0.002,0.208,1,0.000,0.000,0.000,0,228,0,0
1761,1.695,1.695,1.367,0.052,0.002,0.273,1,0.000,0.000,0.000,0,228,0,0
1762,2.027,2.027,1.764,0.051,0.003,0.209,1,0.000,0.000,0.000,0,228,0,0
1763,1.653,1.653,1.394,0.051,0.003,0.205,1,0.000,0.000,0.000,0,228,0,0
1764,1.787,1.787,1.472,0.052,0.002,0.261,1,0.000,0.000,0.000,0,228,0,0
1765,1.922,1.922,1.721,0.051,0.002,0.149,1,0.000,0.000,0.000,0,228,0,0
1766,1.642,1.642,1.440,0.051,0.002,0.149,1,0.000,0.000,0.000,0,228,0,0
1767,1.478,1.478,1.220,0.050,0.005,0.203,1,0.000,0.000,0.000,0,224,0,0
1768,1.563,1.563,1.351,0.050,0.003,0.159,1,0.000,0.000,0.000,0,224,0,0
1769,1.244,1.244,1.041,0.050,0.002,0.150,1,0.000,0.000,0.000,0,224,0,0
1770,1.324,1.324,1.073,0.049,0.002,0.200,1,0.000,0.000,0.000,0,220,0,0
1771,1.517,1.517,1.317,0.050,0.002,0.148,1,0.000,0.000,0.000,0,220,0,0
1772,1.368,1.368,1.164,0.049,0.004,0.150,1,0.000,0.000,0.000,0,220,0,0
1773,1.307,1.307,1.054,0.050,0.003,0.201,1,0.000,0.000,0.000,0,220,0,0
1774,2.000,2.000,1.789,0.049,0.004,0.158,1,0.000,0.000,0.000,0,220,0,0
1775,1.556,1.556,1.361,0.053,0.003,0.139,1,0.000,0.000,0.000,0,220,0,0
1776,1.169,1.169,0.937,0.050,0.002,0.180,1,0.000,0.000,0.000,0,220,0,0
1777,1.435,1.435,1.248,0.049,0.002,0.135,1,0.000,0.000,0.000,0,220,0,0
1778,1.185,1.185,0.998,0.050,0.003,0.135,1,0.000,0.000,0.000,0,220,0,0
1779,1.332,1.332,1.091,0.049,0.002,0.189,1,0.000,0.000,0.000,0,220,0,0
1780,1.418,1.418,1.249,0.050,0.002,0.117,1,0.000,0.000,0.000,0,220,0,0
1781,1.662,1.662,1.490,0.050,0.003,0.119,1,0.000,0.000,0.000,0,220,0,0
1782,1.772,1.772,1.169,0.439,0.004,0.160,1,0.000,0.000,0.000,0,220,0,0
1783,1.291,1.291,1.146,0.051,0.003,0.091,1,0.000,0.000,0.000,0,220,0,0
1784,1.198,1.198,1.018,0.049,0.002,0.128,1,0.000,0.000,0.000,0,220,0,0
1785,1.159,1.159,0.888,0.050,0.002,0.219,1,0.000,0.000,0.000,0,220,0,0
1786,2.295,2.295,2.072,0.050,0.003,0.170,1,0.000,0.000,0.000,0,220,0,0
1787,1.418,1.418,1.178,0.052,0.003,0.185,1,0.000,0.000,0.000,0,220,0,0
1788,1.417,1.417,1.141,0.049,0.002,0.225,1,0.000,0.000,0.000,0,220,0,0
1789,1.654,1.654,1.435,0.051,0.002,0.167,1,0.000,0.000,0.000,0,220,0,0
1790,1.526,1.526,1.308,0.049,0.002,0.167,1,0.000,0.000,0.000,0,220,0,0
1791,2.116,2.116,1.823,0.050,0.005,0.239,1,0.000,0.000,0.000,0,220,0,0
1792,1.280,1.280,1.046,0.051,0.003,0.179,1,0.000,0.000,0.000,0,220,0,0
1793,1.269,1.269,1.050,0.050,0.002,0.167,1,0.000,0.000,0.000,0,220,0,0
1794,1.052,1.052,0.816,0.049,0.002,0.185,1,0.000,0.000,0.000,0,220,0,0
1795,0.922,0.922,0.826,0.049,0.002,0.044,1,0.000,0.000,0.000,0,220,0,0
1796,0.863,0.863,0.768,0.049,0.002,0.044,1,0.000,0.000,0.000,0,220,0,0
1797,0.879,0.879,0.775,0.049,0.002,0.053,1,0.000,0.000,0.000,0,220,0,0
1798,0.822,0.822,0.752,0.049,0.002,0.019,1,0.000,0.000,0.000,0,220,0,0
1799,0.897,0.897,0.840,0.050,0.002,0.005,1,0.000,0.000,0.000,0,220,0,0
1800,0.801,0.801,0.744,0.049,0.002,0.006,1,0.000,0.000,0.000,0,220,0,0
1801,0.790,0.790,0.733,0.049,0.002,0.005,1,0.000,0.000,0.000,0,220,0,0
1802,1.048,1.048,0.980,0.057,0.003,0.008,1,0.000,0.000,0.000,0,220,0,0
1803,1.190,1.190,1.128,0.055,0.003,0.004,1,0.000,0.000,0.000,0,220,0,0
1804,1.193,1.193,1.135,0.050,0.003,0.005,1,0.000,0.000,0.000,0,220,0,0
1805,0.899,0.899,0.842,0.050,0.002,0.006,1,0.000,0.000,0.000,0,220,0,0
1806,1.123,1.123,1.058,0.052,0.003,0.009,1,0.000,0.000,0.000,0,220,0,0
1807,0.827,0.827,0.771,0.049,0.002,0.005,1,0.000,0.000,0.000,0,220,0,0
1808,0.804,0.804,0.746,0.050,0.002,0.006,1,0.000,0.000,0.000,0,220,0,0
1809,0.795,0.795,0.739,0.050,0.002,0.005,1,0.000,0.000,0.000,0,220,0,0
1810,0.788,0.788,0.731,0.049,0.002,0.005,1,0.000,0.000,0.000,0,220,0,0
1811,1.001,1.001,0.939,0.053,0.003,0.006,1,0.000,0.000,0.000,0,220,0,0
1812,1.112,1.112,1.053,0.050,0.003,0.006,1,0.000,0.000,0.000,0,220,0,0
1813,1.019,1.019,0.961,0.050,0.003,0.006,1,0.000,0.000,0.000,0,220,0,0
1814,0.819,0.819,0.762,0.049,0.002,0.006,1,0.000,0.000,0.000,0,220,0,0
1815,0.795,0.795,0.739,0.050,0.002,0.005,1,0.000,0.000,0.000,0,220,0,0
1816,0.809,0.809,0.753,0.050,0.002,0.005,1,0.000,0.000,0.000,0,220,0,0
1817,0.798,0.798,0.741,0.049,0.002,0.006,1,0.000,0.000,0.000,0,220,0,0
1818,0.793,0.793,0.737,0.049,0.002,0.005,1,0.000,0.000,0.000,0,220,0,0
1819,0.790,0.790,0.734,0.049,0.002,0.005,1,0.000,0.000,0.000,0,220,0,0
1820,0.792,0.792,0.736,0.049,0.002,0.006,1,0.000,0.000,0.000,0,220,0,0
1821,0.787,0.787,0.731,0.049,0.002,0.005,1,0.000,0.000,0.000,0,220,0,0
1822,0.786,0.786,0.730,0.050,0.002,0.005,1,0.000,0.000,0.000,0,220,0,0
1823,0.809,0.809,0.751,0.049,0.002,0.007,1,0.000,0.000,0.000,0,220,0,0
1824,0.803,0.803,0.747,0.049,0.002,0.005,1,0.000,0.000,0.000,0,220,0,0
1825,1.221,1.221,1.160,0.052,0.003,0.006,1,0.000,0.000,0.000,0,220,0,0
1826,0.935,0.935,0.878,0.050,0.002,0.006,1,0.000,0.000,0.000,0,220,0,0
1827,1.001,1.001,0.941,0.051,0.003,0.006,1,0.000,0.000,0.000,0,220,0,0
1828,0.810,0.810,0.753,0.049,0.002,0.005,1,0.000,0.000,0.000,0,220,0,0
1829,0.800,0.800,0.743,0.050,0.002,0.006,1,0.000,0.000,0.000,0,220,0,0
1830,0.790,0.790,0.735,0.049,0.002,0.005,1,0.000,0.000,0.000,0,220,0,0
1831,0.791,0.791,0.735,0.049,0.002,0.005,1,0.000,0.000,0.000,0,220,0,0
1832,0.811,0.811,0.753,0.049,0.002,0.007,1,0.000,0.000,0.000,0,220,0,0
1833,1.070,1.070,1.014,0.049,0.002,0.005,1,0.000,0.000,0.000,0,220,0,0
1834,0.806,0.806,0.749,0.049,0.002,0.005,1,0.000,0.000,0.000,0,220,0,0
1835,0.796,0.796,0.739,0.049,0.002,0.006,1,0.000,0.000,0.000,0,220,0,0
1836,0.824,0.824,0.767,0.050,0.002,0.005,1,0.000,0.000,0.000,0,220,0,0
1837,0.791,0.791,0.734,0.050,0.002,0.005,1,0.000,0.000,0.000,0,220,0,0
1838,0.793,0.793,0.736,0.049,0.002,0.006,1,0.000,0.000,0.000,0,220,0,0
1839,0.821,0.821,0.764,0.050,0.002,0.005,1,0.000,0.000,0.000,0,220,0,0
1840,0.790,0.790,0.734,0.048,0.002,0.005,1,0.000,0.000,0.000,0,220,0,0
1841,0.792,0.792,0.735,0.049,0.002,0.006,1,0.000,0.000,0.000,0,220,0,0
1842,0.814,0.814,0.757,0.050,0.002,0.005,1,0.000,0.000,0.000,0,220,0,0
1843,0.964,0.964,0.902,0.049,0.006,0.007,1,0.000,0.000,0.000,0,220,0,0
1844,0.851,0.851,0.792,0.049,0.002,0.007,1,0.000,0.000,0.000,0,220,0,0
1845,0.800,0.800,0.743,0.050,0.002,0.005,1,0.000,0.000,0.000,0,220,0,0
1846,0.793,0.793,0.737,0.049,0.002,0.005,1,0.000,0.000,0.000,0,220,0,0
1847,0.794,0.794,0.737,0.049,0.002,0.006,1,0.000,0.000,0.000,0,220,0,0
1848,0.795,0.795,0.731,0.050,0.002,0.013,1,0.000,0.000,0.000,0,220,0,0
1849,0.791,0.791,0.735,0.049,0.002,0.005,1,0.000,0.000,0.000,0,220,0,0
1850,0.794,0.794,0.736,0.049,0.002,0.007,1,0.000,0.000,0.000,0,220,0,0
1851,0.788,0.788,0.732,0.049,0.002,0.005,1,0.000,0.000,0.000,0,220,0,0
1852,0.786,0.786,0.730,0.049,0.002,0.005,1,0.000,0.000,0.000,0,220,0,0
1853,0.801,0.801,0.745,0.049,0.002,0.006,1,0.000,0.000,0.000,0,220,0,0
1854,0.805,0.805,0.748,0.049,0.002,0.005,1,0.000,0.000,0.000,0,220,0,0
1855,0.797,0.797,0.741,0.049,0.002,0.005,1,0.000,0.000,0.000,0,220,0,0
1856,0.824,0.824,0.767,0.050,0.002,0.006,1,0.000,0.000,0.000,0,220,0,0
1857,0.792,0.792,0.735,0.049,0.002,0.005,1,0.000,0.000,0.000,0,220,0,0
1858,0.791,0.791,0.734,0.050,0.002,0.005,1,0.000,0.000,0.000,0,220,0,0
1859,0.919,0.919,0.860,0.050,0.002,0.007,1,0.000,0.000,0.000,0,220,0,0
1860,0.798,0.798,0.742,0.049,0.002,0.005,1,0.000,0.000,0.000,0,220,0,0
1861,0.800,0.800,0.743,0.050,0.002,0.005,1,0.000,0.000,0.000,0,220,0,0
1862,0.810,0.810,0.752,0.050,0.002,0.007,1,0.000,0.000,0.000,0,220,0,0
1863,0.802,0.802,0.745,0.049,0.002,0.005,1,0.000,0.000,0.000,0,220,0,0
1864,0.802,0.802,0.745,0.049,0.002,0.006,1,0.000,0.000,0.000,0,220,0,0
1865,0.795,0.795,0.738,0.049,0.002,0.006,1,0.000,0.000,0.000,0,220,0,0
1866,0.800,0.800,0.743,0.050,0.002,0.005,1,0.000,0.000,0.000,0,220,0,0
1867,0.795,0.795,0.738,0.049,0.002,0.006,1,0.000,0.000,0.000,0,220,0,0
1868,0.795,0.795,0.737,0.049,0.002,0.007,1,0.000,0.000,0.000,0,220,0,0
1869,0.790,0.790,0.734,0.049,0.002,0.005,1,0.000,0.000,0.000,0,220,0,0
1870,0.787,0.787,0.731,0.049,0.002,0.005,1,0.000,0.000,0.000,0,220,0,0
1871,0.803,0.803,0.745,0.050,0.002,0.006,1,0.000,0.000,0.000,0,220,0,0
1872,0.791,0.791,0.735,0.049,0.002,0.005,1,0.000,0.000,0.000,0,220,0,0
1873,0.808,0.808,0.751,0.049,0.002,0.005,1,0.000,0.000,0.000,0,220,0,0
1874,1.021,1.021,0.964,0.049,0.002,0.005,1,0.000,0.000,0.000,0,220,0,0
1875,0.809,0.809,0.752,0.049,0.002,0.005,1,0.000,0.000,0.000,0,220,0,0
1876,0.793,0.793,0.737,0.049,0.002,0.005,1,0.000,0.000,0.000,0,220,0,0
1877,0.813,0.813,0.755,0.049,0.002,0.006,1,0.000,0.000,0.000,0,220,0,0
1878,0.791,0.791,0.734,0.049,0.002,0.005,1,0.000,0.000,0.000,0,220,0,0
1879,0.789,0.789,0.732,0.049,0.002,0.005,1,0.000,0.000,0.000,0,220,0,0
1880,0.790,0.790,0.733,0.049,0.002,0.006,1,0.000,0.000,0.000,0,220,0,0
1881,0.789,0.789,0.733,0.049,0.002,0.005,1,0.000,0.000,0.000,0,220,0,0
1882,1.308,1.308,1.242,0.054,0.003,0.009,1,0.000,0.000,0.000,0,220,0,0
1883,0.985,0.985,0.925,0.051,0.002,0.007,1,0.000,0.000,0.000,0,220,0,0
1884,0.814,0.814,0.757,0.049,0.002,0.005,1,0.000,0.000,0.000,0,220,0,0
1885,0.795,0.795,0.739,0.049,0.002,0.005,1,0.000,0.000,0.000,0,220,0,0
1886,0.795,0.795,0.738,0.049,0.002,0.007,1,0.000,0.000,0.000,0,220,0,0
1887,0.792,0.792,0.737,0.049,0.002,0.005,1,0.000,0.000,0.000,0,220,0,0
1888,0.786,0.786,0.730,0.049,0.002,0.005,1,0.000,0.000,0.000,0,220,0,0
1889,0.790,0.790,0.733,0.049,0.002,0.006,1,0.000,0.000,0.000,0,220,0,0
1890,0.784,0.784,0.728,0.049,0.002,0.005,1,0.000,0.000,0.000,0,220,0,0
1891,0.788,0.788,0.732,0.049,0.002,0.005,1,0.000,0.000,0.000,0,220,0,0
1892,0.801,0.801,0.744,0.049,0.002,0.006,1,0.000,0.000,0.000,0,220,0,0
1893,0.819,0.819,0.763,0.049,0.002,0.005,1,0.000,0.000,0.000,0,220,0,0
1894,0.814,0.814,0.757,0.049,0.002,0.005,1,0.000,0.000,0.000,0,220,0,0
1895,1.140,1.140,1.082,0.050,0.002,0.007,1,0.000,0.000,0.000,0,220,0,0
1896,0.905,0.905,0.848,0.050,0.002,0.005,1,0.000,0.000,0.000,0,220,0,0
1897,1.090,1.090,1.030,0.050,0.003,0.006,1,0.000,0.000,0.000,0,220,0,0
1898,0.834,0.834,0.776,0.049,0.002,0.007,1,0.000,0.000,0.000,0,220,0,0
1899,0.812,0.812,0.756,0.049,0.002,0.006,1,0.000,0.000,0.000,0,220,0,0
1900,0.803,0.803,0.747,0.049,0.002,0.005,1,0.000,0.000,0.000,0,220,0,0
1901,0.813,0.813,0.756,0.049,0.002,0.006,1,0.000,0.000,0.000,0,220,0,0
1902,0.883,0.883,0.825,0.050,0.002,0.005,1,0.000,0.000,0.000,0,220,0,0
1903,1.022,1.022,0.958,0.053,0.003,0.007,1,0.000,0.000,0.000,0,220,0,0
1904,0.912,0.912,0.854,0.050,0.003,0.006,1,0.000,0.000,0.000,0,220,0,0
1905,0.814,0.814,0.757,0.050,0.002,0.005,1,0.000,0.000,0.000,0,220,0,0
1906,0.813,0.813,0.755,0.049,0.002,0.006,1,0.000,0.000,0.000,0,220,0,0
1907,0.818,0.818,0.762,0.049,0.002,0.005,1,0.000,0.000,0.000,0,220,0,0
1908,1.090,1.090,1.033,0.050,0.002,0.005,1,0.000,0.000,0.000,0,220,0,0
1909,0.879,0.879,0.821,0.050,0.002,0.006,1,0.000,0.000,0.000,0,220,0,0
1910,1.052,1.052,0.992,0.050,0.002,0.007,1,0.000,0.000,0.000,0,220,0,0
1911,0.832,0.832,0.775,0.050,0.002,0.005,1,0.000,0.000,0.000,0,220,0,0
1912,1.100,1.100,1.041,0.049,0.002,0.007,1,0.000,0.000,0.000,0,220,0,0
1913,1.416,1.416,1.347,0.061,0.003,0.005,1,0.000,0.000,0.000,0,220,0,0
1914,0.984,0.984,0.924,0.050,0.003,0.008,1,0.000,0.000,0.000,0,220,0,0
1915,0.831,0.831,0.773,0.050,0.002,0.006,1,0.000,0.000,0.000,0,220,0,0
1916,0.811,0.811,0.755,0.049,0.002,0.005,1,0.000,0.000,0.000,0,220,0,0
1917,0.808,0.808,0.752,0.049,0.002,0.005,1,0.000,0.000,0.000,0,220,0,0
1918,1.018,1.018,0.953,0.056,0.003,0.007,1,0.000,0.000,0.000,0,220,0,0
1919,1.337,1.337,1.278,0.053,0.003,0.004,1,0.000,0.000,0.000,0,220,0,0
1920,1.510,1.510,1.452,0.050,0.002,0.006,1,0.000,0.000,0.000,0,220,0,0
1921,1.098,1.098,1.034,0.051,0.003,0.010,1,0.000,0.000,0.000,0,220,0,0
1922,0.846,0.846,0.789,0.049,0.002,0.005,1,0.000,0.000,0.000,0,220,0,0
1923,0.824,0.824,0.768,0.049,0.002,0.005,1,0.000,0.000,0.000,0,220,0,0
1924,0.808,0.808,0.751,0.049,0.002,0.006,1,0.000,0.000,0.000,0,220,0,0
1925,0.799,0.799,0.743,0.049,0.002,0.005,1,0.000,0.000,0.000,0,220,0,0
1926,1.008,1.008,0.943,0.057,0.003,0.006,1,0.000,0.000,0.000,0,220,0,0
1927,0.916,0.916,0.857,0.050,0.003,0.007,1,0.000,0.000,0.000,0,220,0,0
1928,0.813,0.813,0.757,0.049,0.002,0.005,1,0.000,0.000,0.000,0,220,0,0
1929,0.806,0.806,0.749,0.049,0.002,0.005,1,0.000,0.000,0.000,0,220,0,0
1930,0.810,0.810,0.753,0.049,0.002,0.006,1,0.000,0.000,0.000,0,220,0,0
1931,1.066,1.066,1.007,0.050,0.004,0.005,1,0.000,0.000,0.000,0,220,0,0
1932,1.016,1.016,0.959,0.050,0.003,0.005,1,0.000,0.000,0.000,0,220,0,0
1933,0.930,0.930,0.869,0.050,0.003,0.008,1,0.000,0.000,0.000,0,220,0,0
1934,0.830,0.830,0.773,0.050,0.002,0.005,1,0.000,0.000,0.000,0,220,0,0
1935,0.808,0.808,0.751,0.050,0.002,0.005,1,0.000,0.000,0.000,0,220,0,0
1936,0.809,0.809,0.751,0.050,0.002,0.006,1,0.000,0.000,0.000,0,220,0,0
1937,0.800,0.800,0.744,0.049,0.002,0.005,1,0.000,0.000,0.000,0,220,0,0
1938,0.815,0.815,0.758,0.050,0.002,0.005,1,0.000,0.000,0.000,0,220,0,0
1939,0.808,0.808,0.751,0.049,0.002,0.006,1,0.000,0.000,0.000,0,220,0,0
1940,0.801,0.801,0.745,0.049,0.002,0.005,1,0.000,0.000,0.000,0,220,0,0
1941,0.802,0.802,0.746,0.049,0.002,0.005,1,0.000,0.000,0.000,0,220,0,0
1942,0.806,0.806,0.749,0.049,0.002,0.006,1,0.000,0.000,0.000,0,220,0,0
1943,0.798,0.798,0.742,0.049,0.002,0.005,1,0.000,0.000,0.000,0,220,0,0
1944,0.802,0.802,0.746,0.049,0.002,0.005,1,0.000,0.000,0.000,0,220,0,0
1945,0.805,0.805,0.747,0.049,0.002,0.006,1,0.000,0.000,0.000,0,220,0,0
1946,0.807,0.807,0.750,0.049,0.002,0.005,1,0.000,0.000,0.000,0,220,0,0
1947,0.803,0.803,0.747,0.049,0.002,0.005,1,0.000,0.000,0.000,0,220,0,0
1948,0.809,0.809,0.751,0.049,0.002,0.007,1,0.000,0.000,0.000,0,220,0,0
1949,1.079,1.079,1.022,0.050,0.002,0.005,1,0.000,0.000,0.000,0,220,0,0
1950,0.838,0.838,0.782,0.050,0.002,0.005,1,0.000,0.000,0.000,0,220,0,0
1951,0.885,0.885,0.827,0.050,0.002,0.006,1,0.000,0.000,0.000,0,220,0,0
1952,0.811,0.811,0.754,0.050,0.002,0.005,1,0.000,0.000,0.000,0,220,0,0
1953,1.094,1.094,1.031,0.053,0.003,0.007,1,0.000,0.000,0.000,0,224,0,0
1954,0.938,0.938,0.878,0.051,0.002,0.007,1,0.000,0.000,0.000,0,224,0,0
1955,0.820,0.820,0.762,0.051,0.002,0.005,1,0.000,0.000,0.000,0,224,0,0
1956,0.818,0.818,0.761,0.050,0.002,0.005,1,0.000,0.000,0.000,0,224,0,0
1957,0.814,0.814,0.755,0.050,0.002,0.006,1,0.000,0.000,0.000,0,224,0,0
1958,0.813,0.813,0.755,0.051,0.002,0.005,1,0.000,0.000,0.000,0,224,0,0
1959,0.809,0.809,0.752,0.051,0.002,0.005,1,0.000,0.000,0.000,0,224,0,0
1960,0.814,0.814,0.756,0.050,0.002,0.006,1,0.000,0.000,0.000,0,224,0,0
1961,0.821,0.821,0.763,0.051,0.002,0.005,1,0.000,0.000,0.000,0,224,0,0
1962,0.809,0.809,0.752,0.050,0.002,0.005,1,0.000,0.000,0.000,0,224,0,0
1963,0.810,0.810,0.752,0.050,0.002,0.006,1,0.000,0.000,0.000,0,224,0,0
1964,0.905,0.905,0.869,0.004,0.027,0.006,1,0.000,0.000,0.000,0,4,0,0
1965,13.919,13.919,13.782,0.017,0.098,0.023,1,0.000,0.000,0.000,0,4,0,0
1966,116.215,116.215,116.087,0.104,0.008,0.015,1,0.000,0.000,0.000,0,432,0,0
1967,3.045,3.045,2.933,0.102,0.003,0.007,1,0.000,0.000,0.000,0,696,0,0
1968,2.485,2.485,2.376,0.100,0.003,0.007,1,0.000,0.000,0.000,0,696,0,0
1969,2.417,2.417,2.307,0.101,0.002,0.007,1,0.000,0.000,0.000,0,696,0,0
1970,2.403,2.403,2.295,0.100,0.002,0.006,1,0.000,0.000,0.000,0,696,0,0
1971,2.387,2.387,2.280,0.099,0.002,0.006,1,0.000,0.000,0.000,0,696,0,0
1972,3.000,3.000,2.862,0.113,0.008,0.016,1,0.000,0.000,0.000,0,696,0,0
1973,2.554,2.554,2.444,0.101,0.003,0.006,1,0.000,0.000,0.000,0,696,0,0
1974,2.412,2.412,2.302,0.101,0.002,0.006,1,0.000,0.000,0.000,0,696,0,0
1975,3.347,3.347,3.228,0.105,0.004,0.009,1,0.000,0.000,0.000,0,696,0,0
1976,3.408,3.408,3.295,0.103,0.004,0.007,1,0.000,0.000,0.000,0,696,0,0
1977,3.243,3.243,3.132,0.101,0.003,0.007,1,0.000,0.000,0.000,0,696,0,0
1978,2.576,2.576,2.465,0.101,0.003,0.007,1,0.000,0.000,0.000,0,696,0,0
1979,3.309,3.309,3.187,0.105,0.005,0.011,1,0.000,0.000,0.000,0,696,0,0
1980,2.946,2.946,2.832,0.103,0.004,0.007,1,0.000,0.000,0.000,0,696,0,0
1981,2.861,2.861,2.748,0.102,0.004,0.008,1,0.000,0.000,0.000,0,696,0,0
1982,2.452,2.452,2.342,0.101,0.003,0.006,1,0.000,0.000,0.000,0,696,0,0
1983,2.403,2.403,2.296,0.100,0.002,0.006,1,0.000,0.000,0.000,0,696,0,0
1984,2.405,2.405,2.295,0.101,0.003,0.007,1,0.000,0.000,0.000,0,696,0,0
1985,2.399,2.399,2.290,0.100,0.002,0.006,1,0.000,0.000,0.000,0,696,0,0
1986,2.750,2.750,2.635,0.103,0.004,0.008,1,0.000,0.000,0.000,0,696,0,0
1987,2.615,2.615,2.503,0.101,0.003,0.008,1,0.000,0.000,0.000,0,696,0,0
1988,2.392,2.392,2.283,0.101,0.002,0.006,1,0.000,0.000,0.000,0,696,0,0
1989,2.384,2.384,2.275,0.101,0.003,0.006,1,0.000,0.000,0.000,0,696,0,0
1990,2.400,2.400,2.290,0.100,0.003,0.006,1,0.000,0.000,0.000,0,696,0,0
1991,2.379,2.379,2.270,0.101,0.002,0.006,1,0.000,0.000,0.000,0,696,0,0
1992,2.374,2.374,2.266,0.100,0.002,0.006,1,0.000,0.000,0.000,0,696,0,0
1993,2.380,2.380,2.270,0.101,0.002,0.007,1,0.000,0.000,0.000,0,696,0,0
1994,3.195,3.195,3.054,0.126,0.005,0.011,1,0.000,0.000,0.000,0,696,0,0
1995,3.202,3.202,3.056,0.135,0.004,0.007,1,0.000,0.000,0.000,0,696,1,0
1996,3.267,3.267,3.155,0.104,0.003,0.006,1,0.000,0.000,0.000,0,696,0,0
1997,2.881,2.881,2.772,0.101,0.002,0.006,1,0.000,0.000,0.000,0,696,0,0
1998,2.896,2.896,2.783,0.105,0.002,0.005,1,0.000,0.000,0.000,0,696,0,0
1999,3.184,3.184,3.060,0.117,0.002,0.005,1,0.000,0.000,0.000,0,696,0,0
2000,2.839,2.839,2.729,0.101,0.003,0.005,1,0.000,0.000,0.000,0,696,0,0
2001,2.994,2.994,2.871,0.104,0.006,0.014,1,0.000,0.000,0.000,0,696,0,0
2002,2.506,2.506,2.395,0.101,0.003,0.007,1,0.000,0.000,0.000,0,696,0,0
2003,2.416,2.416,2.307,0.101,0.002,0.006,1,0.000,0.000,0.000,0,696,0,0
2004,2.388,2.388,2.278,0.101,0.002,0.007,1,0.000,0.000,0.000,0,696,0,0
2005,2.397,2.397,2.288,0.100,0.002,0.006,1,0.000,0.000,0.000,0,696,0,0
2006,2.380,2.380,2.271,0.100,0.002,0.006,1,0.000,0.000,0.000,0,696,0,0
2007,2.386,2.386,2.277,0.100,0.002,0.007,1,0.000,0.000,0.000,0,696,0,0
2008,2.373,2.373,2.264,0.100,0.002,0.006,1,0.000,0.000,0.000,0,696,0,0
2009,2.944,2.944,2.831,0.102,0.004,0.007,1,0.000,0.000,0.000,0,696,0,0
2010,2.776,2.776,2.664,0.101,0.004,0.007,1,0.000,0.000,0.000,0,696,0,0
2011,2.815,2.815,2.700,0.105,0.003,0.006,1,0.000,0.000,0.000,0,696,0,0
2012,3.045,3.045,2.933,0.104,0.003,0.005,1,0.000,0.000,0.000,0,696,0,0
2013,2.893,2.893,2.783,0.101,0.003,0.007,1,0.000,0.000,0.000,0,696,0,0
2014,3.262,3.262,3.151,0.104,0.003,0.005,1,0.000,0.000,0.000,0,696,0,0
2015,3.057,3.057,2.946,0.102,0.003,0.006,1,0.000,0.000,0.000,0,696,0,0
2016,3.102,3.102,2.980,0.103,0.005,0.013,1,0.000,0.000,0.000,0,696,0,0
2017,2.921,2.921,2.811,0.101,0.003,0.006,1,0.000,0.000,0.000,0,696,0,0
2018,2.804,2.804,2.692,0.101,0.004,0.007,1,0.000,0.000,0.000,0,696,0,0
2019,2.486,2.486,2.375,0.100,0.003,0.008,1,0.000,0.000,0.000,0,696,0,0
2020,2.413,2.413,2.304,0.101,0.002,0.005,1,0.000,0.000,0.000,0,696,0,0
2021,2.387,2.387,2.279,0.100,0.002,0.006,1,0.000,0.000,0.000,0,696,0,0
2022,2.390,2.390,2.280,0.101,0.002,0.006,1,0.000,0.000,0.000,0,696,0,0
2023,2.380,2.380,2.271,0.101,0.002,0.006,1,0.000,0.000,0.000,0,696,0,0
2024,2.714,2.714,2.595,0.109,0.003,0.007,1,0.000,0.000,0.000,0,696,0,0
2025,2.568,2.568,2.455,0.102,0.003,0.008,1,0.000,0.000,0.000,0,696,0,0
2026,2.401,2.401,2.292,0.100,0.002,0.006,1,0.000,0.000,0.000,0,696,0,0
2027,2.391,2.391,2.282,0.101,0.002,0.006,1,0.000,0.000,0.000,0,696,0,0
2028,3.123,3.123,2.961,0.101,0.004,0.057,1,0.000,0.000,0.000,0,696,0,0
2029,2.497,2.497,2.354,0.101,0.003,0.040,1,0.000,0.000,0.000,0,696,0,0
2030,2.443,2.443,2.299,0.101,0.003,0.040,1,0.000,0.000,0.000,0,696,0,0
2031,3.138,3.138,2.972,0.105,0.004,0.057,1,0.000,0.000,0.000,0,696,0,0
2032,2.833,2.833,2.634,0.159,0.002,0.038,1,0.000,0.000,0.000,0,696,0,0
2033,4.102,4.102,3.927,0.114,0.006,0.054,1,0.000,0.000,0.000,0,696,0,0
2034,3.028,3.028,2.861,0.104,0.005,0.059,1,0.000,0.000,0.000,0,696,0,0
2035,2.764,2.764,2.615,0.106,0.003,0.041,1,0.000,0.000,0.000,0,696,0,0
2036,2.998,2.998,2.853,0.104,0.004,0.039,1,0.000,0.000,0.000,0,696,0,0
2037,2.886,2.886,2.722,0.102,0.005,0.057,1,0.000,0.000,0.000,0,696,0,0
2038,2.495,2.495,2.351,0.101,0.002,0.041,1,0.000,0.000,0.000,0,696,0,0
2039,2.582,2.582,2.439,0.100,0.002,0.040,1,0.000,0.000,0.000,0,696,0,0
2040,2.450,2.450,2.295,0.101,0.002,0.052,1,0.000,0.000,0.000,0,696,0,0
2041,3.294,3.294,3.145,0.102,0.004,0.043,1,0.000,0.000,0.000,0,696,0,0
2042,2.875,2.875,2.726,0.103,0.004,0.042,1,0.000,0.000,0.000,0,696,0,0
2043,2.513,2.513,2.357,0.101,0.002,0.053,1,0.000,0.000,0.000,0,696,0,0
2044,2.475,2.475,2.331,0.100,0.002,0.041,1,0.000,0.000,0.000,0,696,0,0
2045,3.073,3.073,2.914,0.108,0.004,0.047,1,0.000,0.000,0.000,0,696,0,0
2046,2.692,2.692,2.529,0.103,0.004,0.056,1,0.000,0.000,0.000,0,696,0,0
2047,2.464,2.464,2.321,0.101,0.003,0.040,1,0.000,0.000,0.000,0,696,0,0
2048,2.463,2.463,2.319,0.100,0.002,0.042,1,0.000,0.000,0.000,0,696,0,0
2049,3.298,3.298,3.139,0.102,0.003,0.054,1,0.000,0.000,0.000,0,696,0,0
2050,2.973,2.973,2.820,0.107,0.004,0.043,1,0.000,0.000,0.000,0,696,0,0
2051,3.253,3.253,3.109,0.101,0.003,0.040,1,0.000,0.000,0.000,0,696,0,0
2052,3.069,3.069,2.901,0.104,0.005,0.059,1,0.000,0.000,0.000,0,696,0,0
2053,2.547,2.547,2.401,0.101,0.003,0.042,1,0.000,0.000,0.000,0,696,0,0
2054,2.448,2.448,2.304,0.101,0.002,0.040,1,0.000,0.000,0.000,0,696,0,0
2055,2.468,2.468,2.313,0.099,0.002,0.053,1,0.000,0.000,0.000,0,696,0,0
2056,2.449,2.449,2.306,0.100,0.002,0.040,1,0.000,0.000,0.000,0,696,0,0
2057,2.422,2.422,2.280,0.100,0.002,0.041,1,0.000,0.000,0.000,0,696,0,0
2058,2.439,2.439,2.285,0.101,0.002,0.051,1,0.000,0.000,0.000,0,696,0,0
2059,2.413,2.413,2.270,0.100,0.002,0.041,1,0.000,0.000,0.000,0,692,0,0
2060,2.428,2.428,2.286,0.100,0.002,0.040,1,0.000,0.000,0.000,0,692,0,0
2061,3.241,3.241,3.080,0.102,0.004,0.055,1,0.000,0.000,0.000,0,692,0,0
2062,2.901,2.901,2.753,0.101,0.004,0.043,1,0.000,0.000,0.000,0,692,0,0
2063,2.484,2.484,2.340,0.099,0.003,0.042,1,0.000,0.000,0.000,0,692,0,0
2064,2.462,2.462,2.307,0.100,0.002,0.053,1,0.000,0.000,0.000,0,692,0,0
2065,2.427,2.427,2.285,0.099,0.003,0.040,1,0.000,0.000,0.000,0,692,0,0
2066,2.418,2.418,2.277,0.100,0.002,0.040,1,0.000,0.000,0.000,0,692,0,0
2067,3.144,3.144,2.887,0.102,0.003,0.152,1,0.000,0.000,0.000,0,692,0,0
2068,2.593,2.593,2.446,0.101,0.002,0.044,1,0.000,0.000,0.000,0,692,0,0
2069,3.084,3.084,2.935,0.102,0.004,0.042,1,0.000,0.000,0.000,0,692,0,0
2070,3.224,3.224,3.067,0.101,0.004,0.053,1,0.000,0.000,0.000,0,692,0,0
2071,3.099,3.099,2.943,0.104,0.005,0.046,1,0.000,0.000,0.000,0,692,0,0
2072,2.545,2.545,2.400,0.101,0.003,0.042,1,0.000,0.000,0.000,0,692,0,0
2073,2.479,2.479,2.323,0.101,0.003,0.053,1,0.000,0.000,0.000,0,692,0,0
2074,2.460,2.460,2.319,0.099,0.002,0.040,1,0.000,0.000,0.000,0,692,0,0
2075,2.455,2.455,2.313,0.099,0.002,0.040,1,0.000,0.000,0.000,0,692,0,0
2076,2.428,2.428,2.274,0.100,0.002,0.051,1,0.000,0.000,0.000,0,692,0,0
2077,2.404,2.404,2.261,0.100,0.002,0.041,1,0.000,0.000,0.000,0,692,0,0
2078,2.413,2.413,2.271,0.099,0.002,0.040,1,0.000,0.000,0.000,0,692,0,0
2079,2.881,2.881,2.715,0.105,0.004,0.057,1,0.000,0.000,0.000,0,692,0,0
2080,3.146,3.146,2.992,0.107,0.004,0.043,1,0.000,0.000,0.000,0,692,0,0
2081,2.645,2.645,2.498,0.100,0.004,0.043,1,0.000,0.000,0.000,0,692,0,0
2082,2.466,2.466,2.311,0.100,0.002,0.053,1,0.000,0.000,0.000,0,692,0,0
2083,2.445,2.445,2.304,0.099,0.002,0.040,1,0.000,0.000,0.000,0,692,0,0
2084,2.425,2.425,2.283,0.100,0.002,0.040,1,0.000,0.000,0.000,0,692,0,0
2085,2.425,2.425,2.271,0.100,0.002,0.052,1,0.000,0.000,0.000,0,692,0,0
2086,3.529,3.529,3.381,0.103,0.003,0.043,1,0.000,0.000,0.000,0,692,0,0
2087,2.641,2.641,2.497,0.100,0.002,0.042,1,0.000,0.000,0.000,0,692,0,0
2088,2.497,2.497,2.340,0.100,0.003,0.054,1,0.000,0.000,0.000,0,692,0,0
2089,2.808,2.808,2.666,0.100,0.002,0.040,1,0.000,0.000,0.000,0,692,0,0
2090,2.536,2.536,2.391,0.100,0.003,0.042,1,0.000,0.000,0.000,0,692,0,0
2091,3.092,3.092,2.927,0.102,0.005,0.059,1,0.000,0.000,0.000,0,692,0,0
2092,2.803,2.803,2.657,0.101,0.004,0.042,1,0.000,0.000,0.000,0,692,0,0
2093,2.472,2.472,2.330,0.099,0.003,0.040,1,0.000,0.000,0.000,0,692,0,0
2094,2.629,2.629,2.474,0.100,0.003,0.052,1,0.000,0.000,0.000,0,692,0,0
2095,2.437,2.437,2.295,0.099,0.003,0.041,1,0.000,0.000,0.000,0,692,0,0
2096,2.416,2.416,2.273,0.099,0.003,0.040,1,0.000,0.000,0.000,0,692,0,0
2097,2.424,2.424,2.271,0.099,0.002,0.052,1,0.000,0.000,0.000,0,692,0,0
2098,3.316,3.316,3.158,0.103,0.004,0.050,1,0.000,0.000,0.000,0,692,0,0
2099,3.759,3.759,3.609,0.103,0.004,0.044,1,0.000,0.000,0.000,0,692,0,0
2100,3.074,3.074,2.920,0.100,0.003,0.052,1,0.000,0.000,0.000,0,692,0,0
2101,2.521,2.521,2.377,0.100,0.003,0.041,1,0.000,0.000,0.000,0,692,0,0
2102,2.453,2.453,2.300,0.099,0.002,0.052,1,0.000,0.000,0.000,0,692,0,0
2103,2.421,2.421,2.280,0.098,0.002,0.040,1,0.000,0.000,0.000,0,692,0,0
2104,2.645,2.645,2.355,0.246,0.003,0.041,1,0.000,0.000,0.000,0,692,0,0
2105,2.522,2.522,2.366,0.100,0.003,0.053,1,0.000,0.000,0.000,0,692,0,0
2106,2.431,2.431,2.288,0.100,0.003,0.041,1,0.000,0.000,0.000,0,692,0,0
2107,2.414,2.414,2.273,0.098,0.003,0.041,1,0.000,0.000,0.000,0,692,0,0
2108,2.452,2.452,2.298,0.099,0.002,0.052,1,0.000,0.000,0.000,0,692,0,0
2109,2.421,2.421,2.279,0.099,0.002,0.041,1,0.000,0.000,0.000,0,692,0,0
2110,3.172,3.172,3.016,0.099,0.007,0.050,1,0.000,0.000,0.000,0,692,0,0
2111,3.227,3.227,3.062,0.105,0.004,0.055,1,0.000,0.000,0.000,0,692,0,0
2112,2.917,2.917,2.768,0.101,0.004,0.044,1,0.000,0.000,0.000,0,692,0,0
2113,2.500,2.500,2.356,0.100,0.003,0.041,1,0.000,0.000,0.000,0,692,0,0
2114,2.452,2.452,2.298,0.100,0.002,0.052,1,0.000,0.000,0.000,0,692,0,0
2115,2.419,2.419,2.278,0.099,0.002,0.040,1,0.000,0.000,0.000,0,692,0,0
2116,2.436,2.436,2.293,0.100,0.002,0.041,1,0.000,0.000,0.000,0,692,0,0
2117,2.447,2.447,2.293,0.099,0.002,0.053,1,0.000,0.000,0.000,0,692,0,0
2118,2.433,2.433,2.291,0.099,0.002,0.041,1,0.000,0.000,0.000,0,692,0,0
2119,3.903,3.903,3.748,0.109,0.004,0.043,1,0.000,0.000,0.000,0,692,0,0
2120,3.548,3.548,3.391,0.100,0.003,0.055,1,0.000,0.000,0.000,0,692,0,0
2121,3.369,3.369,3.193,0.130,0.005,0.042,1,0.000,0.000,0.000,0,692,1,0
2122,3.315,3.315,3.171,0.100,0.003,0.041,1,0.000,0.000,0.000,0,692,0,0
2123,3.282,3.282,3.127,0.099,0.002,0.053,1,0.000,0.000,0.000,0,692,0,0
2124,3.271,3.271,3.128,0.099,0.002,0.042,1,0.000,0.000,0.000,0,692,0,0
2125,3.287,3.287,3.143,0.100,0.002,0.042,1,0.000,0.000,0.000,0,692,0,0
2126,3.705,3.705,3.490,0.151,0.005,0.059,1,0.000,0.000,0.000,0,692,0,0
2127,3.415,3.415,3.270,0.099,0.003,0.042,1,0.000,0.000,0.000,0,692,0,0
2128,3.264,3.264,3.121,0.100,0.003,0.041,1,0.000,0.000,0.000,0,692,0,0
2129,3.282,3.282,3.127,0.100,0.002,0.053,1,0.000,0.000,0.000,0,692,0,0
2130,3.228,3.228,3.086,0.099,0.002,0.041,1,0.000,0.000,0.000,0,692,0,0
2131,3.233,3.233,3.091,0.099,0.002,0.041,1,0.000,0.000,0.000,0,692,0,0
2132,4.312,4.312,4.149,0.104,0.004,0.055,1,0.000,0.000,0.000,0,692,0,0
2133,3.785,3.785,3.637,0.101,0.004,0.043,1,0.000,0.000,0.000,0,692,0,0
2134,3.329,3.329,3.185,0.100,0.003,0.041,1,0.000,0.000,0.000,0,692,0,0
2135,3.855,3.855,3.696,0.101,0.004,0.054,1,0.000,0.000,0.000,0,692,0,0
2136,3.636,3.636,3.488,0.101,0.003,0.044,1,0.000,0.000,0.000,0,692,0,0
2137,3.360,3.360,3.216,0.100,0.003,0.041,1,0.000,0.000,0.000,0,692,0,0
2138,4.601,4.601,4.430,0.109,0.004,0.058,1,0.000,0.000,0.000,0,692,0,0
2139,4.195,4.195,4.050,0.100,0.003,0.042,1,0.000,0.000,0.000,0,692,0,0
2140,4.128,4.128,3.969,0.103,0.004,0.052,1,0.000,0.000,0.000,0,692,0,0
2141,3.472,3.472,3.315,0.100,0.003,0.055,1,0.000,0.000,0.000,0,692,0,0
2142,3.281,3.281,3.138,0.100,0.003,0.041,1,0.000,0.000,0.000,0,692,0,0
2143,3.348,3.348,3.205,0.099,0.003,0.041,1,0.000,0.000,0.000,0,692,0,0
2144,4.037,4.037,3.875,0.104,0.004,0.055,1,0.000,0.000,0.000,0,692,0,0
2145,3.860,3.860,3.712,0.101,0.003,0.043,1,0.000,0.000,0.000,0,692,0,0
2146,3.365,3.365,3.222,0.099,0.003,0.041,1,0.000,0.000,0.000,0,692,0,0
2147,3.290,3.290,3.136,0.099,0.002,0.053,1,0.000,0.000,0.000,0,692,0,0
2148,4.121,4.121,3.974,0.100,0.004,0.043,1,0.000,0.000,0.000,0,692,0,0
2149,4.187,4.187,4.038,0.101,0.003,0.045,1,0.000,0.000,0.000,0,692,0,0
2150,4.187,4.187,4.030,0.101,0.003,0.053,1,0.000,0.000,0.000,0,692,0,0
2151,4.280,4.280,4.135,0.102,0.003,0.039,1,0.000,0.000,0.000,0,692,0,0
2152,4.076,4.076,3.868,0.163,0.004,0.041,1,0.000,0.000,0.000,0,692,0,0
2153,3.962,3.962,3.798,0.100,0.005,0.060,1,0.000,0.000,0.000,0,692,0,0
2154,3.386,3.386,3.242,0.099,0.003,0.042,1,0.000,0.000,0.000,0,692,0,0
2155,3.290,3.290,3.149,0.099,0.003,0.040,1,0.000,0.000,0.000,0,692,0,0
2156,3.301,3.301,3.147,0.099,0.002,0.052,1,0.000,0.000,0.000,0,692,0,0
2157,3.251,3.251,3.109,0.099,0.002,0.040,1,0.000,0.000,0.000,0,692,0,0
2158,3.256,3.256,3.112,0.099,0.002,0.042,1,0.000,0.000,0.000,0,692,0,0
2159,3.414,3.414,3.258,0.100,0.003,0.053,1,0.000,0.000,0.000,0,692,0,0
2160,3.546,3.546,3.393,0.104,0.004,0.044,1,0.000,0.000,0.000,0,692,0,0
2161,3.421,3.421,3.276,0.100,0.003,0.042,1,0.000,0.000,0.000,0,692,0,0
2162,3.266,3.266,3.112,0.099,0.003,0.053,1,0.000,0.000,0.000,0,692,0,0
2163,3.253,3.253,3.097,0.113,0.002,0.040,1,0.000,0.000,0.000,0,692,0,0
2164,4.249,4.249,4.101,0.101,0.004,0.043,1,0.000,0.000,0.000,0,692,0,0
2165,4.309,4.309,4.153,0.101,0.003,0.051,1,0.000,0.000,0.000,0,692,0,0
2166,3.813,3.813,3.668,0.101,0.003,0.041,1,0.000,0.000,0.000,0,692,0,0
2167,4.104,4.104,3.948,0.103,0.004,0.049,1,0.000,0.000,0.000,0,692,0,0
2168,3.460,3.460,3.302,0.102,0.004,0.053,1,0.000,0.000,0.000,0,692,0,0
2169,3.319,3.319,3.159,0.116,0.003,0.041,1,0.000,0.000,0.000,0,692,0,0
2170,3.957,3.957,3.813,0.100,0.003,0.042,1,0.000,0.000,0.000,0,692,0,0
2171,3.385,3.385,3.229,0.100,0.003,0.053,1,0.000,0.000,0.000,0,692,0,0
2172,3.298,3.298,3.155,0.100,0.002,0.040,1,0.000,0.000,0.000,0,692,0,0
2173,3.317,3.317,3.174,0.100,0.002,0.041,1,0.000,0.000,0.000,0,692,0,0
2174,3.263,3.263,3.110,0.099,0.002,0.052,1,0.000,0.000,0.000,0,692,0,0
2175,3.947,3.947,3.797,0.102,0.004,0.044,1,0.000,0.000,0.000,0,692,0,0
2176,3.716,3.716,3.570,0.100,0.003,0.043,1,0.000,0.000,0.000,0,692,0,0
2177,3.879,3.879,3.711,0.109,0.004,0.055,1,0.000,0.000,0.000,0,692,0,0
2178,3.569,3.569,3.420,0.100,0.004,0.045,1,0.000,0.000,0.000,0,692,0,0
2179,4.474,4.474,4.325,0.102,0.003,0.044,1,0.000,0.000,0.000,0,692,0,0
2180,3.866,3.866,3.702,0.101,0.004,0.058,1,0.000,0.000,0.000,0,692,0,0
2181,3.452,3.452,3.308,0.100,0.003,0.041,1,0.000,0.000,0.000,0,692,0,0
2182,3.318,3.318,3.175,0.099,0.003,0.041,1,0.000,0.000,0.000,0,692,0,0
2183,3.290,3.290,3.135,0.099,0.002,0.053,1,0.000,0.000,0.000,0,692,0,0
2184,3.251,3.251,3.108,0.099,0.002,0.041,1,0.000,0.000,0.000,0,692,0,0
2185,3.260,3.260,3.116,0.100,0.002,0.041,1,0.000,0.000,0.000,0,692,0,0
2186,3.279,3.279,3.125,0.100,0.003,0.052,1,0.000,0.000,0.000,0,692,0,0
2187,3.269,3.269,3.128,0.099,0.003,0.040,1,0.000,0.000,0.000,0,692,0,0
2188,3.265,3.265,3.122,0.099,0.003,0.041,1,0.000,0.000,0.000,0,692,0,0
2189,3.243,3.243,3.089,0.099,0.002,0.053,1,0.000,0.000,0.000,0,692,0,0
2190,3.237,3.237,3.095,0.099,0.002,0.040,1,0.000,0.000,0.000,0,692,0,0
2191,3.224,3.224,3.082,0.099,0.003,0.040,1,0.000,0.000,0.000,0,692,0,0
2192,4.250,4.250,4.092,0.102,0.003,0.052,1,0.000,0.000,0.000,0,692,0,0
2193,4.457,4.457,4.307,0.101,0.004,0.045,1,0.000,0.000,0.000,0,692,0,0
2194,3.913,3.913,3.766,0.101,0.004,0.042,1,0.000,0.000,0.000,0,692,0,0
2195,4.249,4.249,4.083,0.103,0.005,0.058,1,0.000,0.000,0.000,0,692,0,0
2196,3.765,3.765,3.618,0.100,0.004,0.042,1,0.000,0.000,0.000,0,692,0,0
2197,3.454,3.454,3.303,0.099,0.004,0.047,1,0.000,0.000,0.000,0,692,0,0
2198,3.305,3.305,3.150,0.099,0.003,0.053,1,0.000,0.000,0.000,0,692,0,0
2199,3.256,3.256,3.115,0.099,0.002,0.040,1,0.000,0.000,0.000,0,692,0,0
2200,3.274,3.274,3.120,0.099,0.002,0.052,1,0.000,0.000,0.000,0,692,0,0
2201,3.287,3.287,3.143,0.100,0.003,0.041,1,0.000,0.000,0.000,0,692,0,0
2202,3.258,3.258,3.115,0.099,0.003,0.041,1,0.000,0.000,0.000,0,692,0,0
2203,3.265,3.265,3.111,0.099,0.002,0.052,1,0.000,0.000,0.000,0,692,0,0
2204,3.233,3.233,3.091,0.099,0.002,0.041,1,0.000,0.000,0.000,0,692,0,0
2205,3.845,3.845,3.691,0.108,0.003,0.042,1,0.000,0.000,0.000,0,692,0,0
2206,4.508,4.508,4.345,0.102,0.004,0.057,1,0.000,0.000,0.000,0,692,0,0
2207,4.281,4.281,4.131,0.102,0.005,0.043,1,0.000,0.000,0.000,0,692,0,0
2208,4.005,4.005,3.852,0.102,0.004,0.047,1,0.000,0.000,0.000,0,692,0,0
2209,3.794,3.794,3.637,0.100,0.003,0.053,1,0.000,0.000,0.000,0,692,0,0
2210,3.477,3.477,3.330,0.101,0.003,0.043,1,0.000,0.000,0.000,0,692,0,0
2211,3.297,3.297,3.156,0.099,0.003,0.040,1,0.000,0.000,0.000,0,692,0,0
2212,3.289,3.289,3.134,0.099,0.002,0.053,1,0.000,0.000,0.000,0,692,0,0
2213,3.265,3.265,3.122,0.099,0.002,0.041,1,0.000,0.000,0.000,0,692,0,0
2214,3.273,3.273,3.129,0.100,0.003,0.041,1,0.000,0.000,0.000,0,692,0,0
2215,3.407,3.407,3.252,0.099,0.003,0.053,1,0.000,0.000,0.000,0,692,0,0
2216,3.255,3.255,3.112,0.099,0.003,0.040,1,0.000,0.000,0.000,0,692,0,0
2217,3.233,3.233,3.091,0.099,0.003,0.040,1,0.000,0.000,0.000,0,692,0,0
2218,3.308,3.308,3.146,0.108,0.002,0.052,1,0.000,0.000,0.000,0,692,0,0
2219,3.346,3.346,3.203,0.099,0.002,0.041,1,0.000,0.000,0.000,0,692,0,0
2220,4.336,4.336,4.185,0.101,0.004,0.046,1,0.000,0.000,0.000,0,692,0,0
2221,4.140,4.140,3.982,0.104,0.003,0.051,1,0.000,0.000,0.000,0,692,0,0
2222,4.255,4.255,4.104,0.102,0.004,0.046,1,0.000,0.000,0.000,0,692,0,0
2223,4.390,4.390,4.195,0.154,0.003,0.038,1,0.000,0.000,0.000,0,692,0,0
2224,3.660,3.660,3.493,0.101,0.005,0.061,1,0.000,0.000,0.000,0,692,0,0
2225,3.336,3.336,3.194,0.100,0.002,0.040,1,0.000,0.000,0.000,0,692,0,0
2226,3.272,3.272,3.130,0.099,0.003,0.040,1,0.000,0.000,0.000,0,692,0,0
2227,3.270,3.270,3.117,0.099,0.002,0.052,1,0.000,0.000,0.000,0,692,0,0
2228,3.278,3.278,3.134,0.100,0.002,0.041,1,0.000,0.000,0.000,0,692,0,0
2229,3.235,3.235,3.093,0.099,0.002,0.040,1,0.000,0.000,0.000,0,692,0,0
2230,3.418,3.418,3.252,0.110,0.003,0.053,1,0.000,0.000,0.000,0,692,0,0
2231,3.283,3.283,3.139,0.099,0.002,0.042,1,0.000,0.000,0.000,0,692,0,0
2232,3.247,3.247,3.103,0.100,0.002,0.041,1,0.000,0.000,0.000,0,692,0,0
2233,4.506,4.506,4.241,0.207,0.003,0.055,1,0.000,0.000,0.000,0,692,0,0
2234,3.685,3.685,3.540,0.100,0.003,0.042,1,0.000,0.000,0.000,0,692,0,0
2235,4.243,4.243,4.094,0.100,0.005,0.045,1,0.000,0.000,0.000,0,692,0,0
2236,4.144,4.144,3.973,0.103,0.004,0.063,1,0.000,0.000,0.000,0,692,0,0
2237,3.432,3.432,3.284,0.099,0.003,0.046,1,0.000,0.000,0.000,0,692,0,0
2238,3.333,3.333,3.189,0.099,0.003,0.042,1,0.000,0.000,0.000,0,692,0,0
2239,3.308,3.308,3.154,0.099,0.003,0.053,1,0.000,0.000,0.000,0,692,0,0
2240,3.240,3.240,3.097,0.099,0.002,0.041,1,0.000,0.000,0.000,0,692,0,0
2241,3.667,3.667,3.515,0.107,0.004,0.041,1,0.000,0.000,0.000,0,692,0,0
2242,3.946,3.946,3.790,0.100,0.003,0.052,1,0.000,0.000,0.000,0,692,0,0
2243,3.742,3.742,3.594,0.100,0.004,0.044,1,0.000,0.000,0.000,0,692,0,0
2244,3.310,3.310,3.167,0.099,0.002,0.041,1,0.000,0.000,0.000,0,692,0,0
2245,3.273,3.273,3.119,0.099,0.003,0.052,1,0.000,0.000,0.000,0,692,0,0
2246,3.252,3.252,3.109,0.099,0.003,0.041,1,0.000,0.000,0.000,0,692,0,0
2247,4.043,4.043,3.886,0.113,0.003,0.041,1,0.000,0.000,0.000,0,692,0,0
2248,3.493,3.493,3.303,0.134,0.003,0.053,1,0.000,0.000,0.000,0,692,1,0
2249,4.130,4.130,3.979,0.102,0.004,0.044,1,0.000,0.000,0.000,0,692,0,0
2250,3.985,3.985,3.840,0.104,0.002,0.039,1,0.000,0.000,0.000,0,692,0,0
2251,3.787,3.787,3.632,0.102,0.002,0.050,1,0.000,0.000,0.000,0,692,0,0
2252,3.570,3.570,3.416,0.101,0.004,0.049,1,0.000,0.000,0.000,0,692,0,0
2253,3.325,3.325,3.181,0.100,0.002,0.041,1,0.000,0.000,0.000,0,692,0,0
2254,4.301,4.301,4.141,0.101,0.004,0.054,1,0.000,0.000,0.000,0,692,0,0
2255,3.818,3.818,3.670,0.100,0.004,0.044,1,0.000,0.000,0.000,0,692,0,0
2256,3.340,3.340,3.196,0.100,0.003,0.041,1,0.000,0.000,0.000,0,692,0,0
2257,3.965,3.965,3.808,0.100,0.004,0.053,1,0.000,0.000,0.000,0,692,0,0
2258,3.759,3.759,3.612,0.100,0.003,0.044,1,0.000,0.000,0.000,0,692,0,0
2259,3.845,3.845,3.701,0.101,0.003,0.040,1,0.000,0.000,0.000,0,692,0,0
2260,4.255,4.255,4.092,0.100,0.005,0.058,1,0.000,0.000,0.000,0,692,0,0
2261,4.028,4.028,3.876,0.102,0.004,0.045,1,0.000,0.000,0.000,0,692,0,0
2262,4.128,4.128,3.982,0.101,0.003,0.042,1,0.000,0.000,0.000,0,692,0,0
2263,4.100,4.100,3.943,0.106,0.003,0.048,1,0.000,0.000,0.000,0,692,0,0
2264,3.552,3.552,3.400,0.101,0.004,0.046,1,0.000,0.000,0.000,0,692,0,0
2265,3.347,3.347,3.204,0.100,0.003,0.040,1,0.000,0.000,0.000,0,692,0,0
2266,4.193,4.193,4.035,0.101,0.003,0.054,1,0.000,0.000,0.000,0,692,0,0
2267,3.845,3.845,3.696,0.101,0.004,0.044,1,0.000,0.000,0.000,0,692,0,0
2268,3.573,3.573,3.423,0.106,0.003,0.041,1,0.000,0.000,0.000,0,692,0,0
2269,4.461,4.461,4.305,0.099,0.003,0.053,1,0.000,0.000,0.000,0,692,0,0
2270,3.860,3.860,3.711,0.100,0.004,0.045,1,0.000,0.000,0.000,0,692,0,0
2271,2.969,2.969,2.827,0.099,0.003,0.040,1,0.000,0.000,0.000,0,692,0,0
2272,2.862,2.862,2.708,0.099,0.003,0.052,1,0.000,0.000,0.000,0,692,0,0
2273,2.773,2.773,2.630,0.099,0.002,0.041,1,0.000,0.000,0.000,0,692,0,0
2274,3.582,3.582,3.432,0.102,0.005,0.044,1,0.000,0.000,0.000,0,692,0,0
2275,3.312,3.312,3.153,0.105,0.002,0.051,1,0.000,0.000,0.000,0,692,0,0
2276,3.743,3.743,3.600,0.100,0.003,0.041,1,0.000,0.000,0.000,0,692,0,0
2277,3.496,3.496,3.344,0.102,0.004,0.047,1,0.000,0.000,0.000,0,692,0,0
2278,2.905,2.905,2.726,0.099,0.003,0.077,1,0.000,0.000,0.000,0,692,0,0
2279,3.882,3.882,3.736,0.101,0.004,0.042,1,0.000,0.000,0.000,0,692,0,0
2280,3.274,3.274,3.123,0.101,0.005,0.044,1,0.000,0.000,0.000,0,692,0,0
2281,2.855,2.855,2.701,0.099,0.003,0.052,1,0.000,0.000,0.000,0,692,0,0
2282,3.086,3.086,2.942,0.100,0.003,0.042,1,0.000,0.000,0.000,0,692,0,0
2283,3.450,3.450,3.300,0.101,0.004,0.045,1,0.000,0.000,0.000,0,692,0,0
2284,2.900,2.900,2.723,0.121,0.003,0.053,1,0.000,0.000,0.000,0,692,0,0
2285,2.799,2.799,2.657,0.099,0.002,0.041,1,0.000,0.000,0.000,0,692,0,0
2286,2.986,2.986,2.843,0.100,0.003,0.041,1,0.000,0.000,0.000,0,692,0,0
2287,2.830,2.830,2.676,0.099,0.002,0.053,1,0.000,0.000,0.000,0,692,0,0
2288,2.769,2.769,2.627,0.099,0.002,0.041,1,0.000,0.000,0.000,0,692,0,0
2289,2.763,2.763,2.621,0.099,0.003,0.040,1,0.000,0.000,0.000,0,692,0,0
2290,2.841,2.841,2.688,0.100,0.002,0.052,1,0.000,0.000,0.000,0,692,0,0
2291,2.764,2.764,2.621,0.099,0.002,0.041,1,0.000,0.000,0.000,0,692,0,0
2292,2.784,2.784,2.640,0.100,0.002,0.042,1,0.000,0.000,0.000,0,692,0,0
2293,2.800,2.800,2.646,0.100,0.002,0.052,1,0.000,0.000,0.000,0,692,0,0
2294,2.763,2.763,2.620,0.099,0.003,0.041,1,0.000,0.000,0.000,0,692,0,0
2295,2.763,2.763,2.622,0.099,0.002,0.040,1,0.000,0.000,0.000,0,692,0,0
2296,2.799,2.799,2.643,0.101,0.003,0.053,1,0.000,0.000,0.000,0,692,0,0
2297,2.904,2.904,2.699,0.099,0.060,0.047,1,0.000,0.000,0.000,0,692,0,0
2298,2.815,2.815,2.671,0.099,0.003,0.042,1,0.000,0.000,0.000,0,692,0,0
2299,2.794,2.794,2.640,0.099,0.002,0.052,1,0.000,0.000,0.000,0,692,0,0
2300,2.777,2.777,2.633,0.100,0.002,0.041,1,0.000,0.000,0.000,0,692,0,0
2301,2.799,2.799,2.646,0.099,0.002,0.052,1,0.000,0.000,0.000,0,692,0,0
2302,2.789,2.789,2.646,0.099,0.003,0.041,1,0.000,0.000,0.000,0,692,0,0
2303,3.158,3.158,3.004,0.106,0.003,0.045,1,0.000,0.000,0.000,0,692,0,0
2304,2.922,2.922,2.765,0.099,0.003,0.055,1,0.000,0.000,0.000,0,692,0,0
2305,2.770,2.770,2.629,0.099,0.002,0.040,1,0.000,0.000,0.000,0,692,0,0
2306,2.765,2.765,2.623,0.100,0.003,0.040,1,0.000,0.000,0.000,0,692,0,0
2307,2.811,2.811,2.656,0.099,0.002,0.054,1,0.000,0.000,0.000,0,692,0,0
2308,2.794,2.794,2.653,0.099,0.002,0.040,1,0.000,0.000,0.000,0,692,0,0
2309,3.562,3.562,3.411,0.102,0.004,0.045,1,0.000,0.000,0.000,0,692,0,0
2310,3.222,3.222,3.060,0.100,0.003,0.058,1,0.000,0.000,0.000,0,692,0,0
2311,2.815,2.815,2.672,0.099,0.002,0.041,1,0.000,0.000,0.000,0,692,0,0
2312,2.795,2.795,2.651,0.100,0.002,0.041,1,0.000,0.000,0.000,0,692,0,0
2313,2.807,2.807,2.653,0.099,0.002,0.052,1,0.000,0.000,0.000,0,692,0,0
2314,2.762,2.762,2.621,0.099,0.002,0.040,1,0.000,0.000,0.000,0,692,0,0
2315,2.769,2.769,2.628,0.099,0.002,0.040,1,0.000,0.000,0.000,0,692,0,0
2316,2.771,2.771,2.617,0.099,0.002,0.052,1,0.000,0.000,0.000,0,692,0,0
2317,2.742,2.742,2.600,0.099,0.002,0.041,1,0.000,0.000,0.000,0,692,0,0
2318,2.758,2.758,2.615,0.099,0.002,0.041,1,0.000,0.000,0.000,0,692,0,0
2319,2.801,2.801,2.648,0.098,0.003,0.051,1,0.000,0.000,0.000,0,692,0,0
2320,2.764,2.764,2.622,0.099,0.003,0.040,1,0.000,0.000,0.000,0,692,0,0
2321,2.754,2.754,2.611,0.100,0.002,0.041,1,0.000,0.000,0.000,0,692,0,0
2322,2.774,2.774,2.620,0.099,0.002,0.053,1,0.000,0.000,0.000,0,692,0,0
2323,2.765,2.765,2.624,0.099,0.002,0.040,1,0.000,0.000,0.000,0,692,0,0
2324,2.733,2.733,2.591,0.099,0.002,0.040,1,0.000,0.000,0.000,0,692,0,0
2325,2.783,2.783,2.611,0.099,0.002,0.071,1,0.000,0.000,0.000,0,692,0,0
2326,2.772,2.772,2.616,0.114,0.002,0.040,1,0.000,0.000,0.000,0,692,0,0
2327,2.779,2.779,2.636,0.100,0.002,0.042,1,0.000,0.000,0.000,0,692,0,0
2328,3.448,3.448,3.294,0.099,0.002,0.053,1,0.000,0.000,0.000,0,692,0,0
2329,3.234,3.234,3.070,0.112,0.004,0.047,1,0.000,0.000,0.000,0,692,0,0
2330,2.998,2.998,2.850,0.100,0.004,0.045,1,0.000,0.000,0.000,0,692,0,0
2331,2.855,2.855,2.702,0.099,0.002,0.052,1,0.000,0.000,0.000,0,692,0,0
2332,2.778,2.778,2.636,0.099,0.002,0.040,1,0.000,0.000,0.000,0,692,0,0
2333,2.779,2.779,2.638,0.099,0.002,0.040,1,0.000,0.000,0.000,0,692,0,0
2334,2.767,2.767,2.613,0.099,0.002,0.053,1,0.000,0.000,0.000,0,692,0,0
2335,2.841,2.841,2.699,0.099,0.002,0.041,1,0.000,0.000,0.000,0,692,0,0
2336,2.791,2.791,2.647,0.099,0.002,0.042,1,0.000,0.000,0.000,0,692,0,0
2337,2.797,2.797,2.643,0.099,0.002,0.051,1,0.000,0.000,0.000,0,692,0,0
2338,2.762,2.762,2.621,0.099,0.002,0.040,1,0.000,0.000,0.000,0,692,0,0
2339,2.877,2.877,2.735,0.099,0.002,0.041,1,0.000,0.000,0.000,0,692,0,0
2340,2.798,2.798,2.643,0.099,0.002,0.053,1,0.000,0.000,0.000,0,692,0,0
2341,2.754,2.754,2.612,0.099,0.002,0.040,1,0.000,0.000,0.000,0,692,0,0
2342,2.856,2.856,2.620,0.099,0.003,0.135,1,0.000,0.000,0.000,0,692,0,0
2343,2.849,2.849,2.684,0.099,0.002,0.063,1,0.000,0.000,0.000,0,692,0,0
2344,2.779,2.779,2.636,0.099,0.002,0.041,1,0.000,0.000,0.000,0,692,0,0
2345,2.958,2.958,2.811,0.101,0.002,0.043,1,0.000,0.000,0.000,0,692,0,0
2346,2.877,2.877,2.721,0.100,0.002,0.054,1,0.000,0.000,0.000,0,692,0,0
2347,2.867,2.867,2.723,0.099,0.002,0.042,1,0.000,0.000,0.000,0,692,0,0
2348,2.809,2.809,2.665,0.099,0.003,0.042,1,0.000,0.000,0.000,0,692,0,0
2349,2.980,2.980,2.817,0.100,0.003,0.060,1,0.000,0.000,0.000,0,692,0,0
2350,3.987,3.987,3.795,0.122,0.009,0.061,1,0.000,0.000,0.000,0,692,0,0
2351,4.651,4.651,4.495,0.108,0.004,0.044,1,0.000,0.000,0.000,0,692,0,0
2352,3.076,3.076,2.921,0.100,0.003,0.053,1,0.000,0.000,0.000,0,692,0,0
2353,2.854,2.854,2.706,0.104,0.003,0.041,1,0.000,0.000,0.000,0,692,0,0
2354,2.786,2.786,2.643,0.099,0.002,0.041,1,0.000,0.000,0.000,0,692,0,0
2355,2.781,2.781,2.629,0.099,0.002,0.051,1,0.000,0.000,0.000,0,692,0,0
2356,2.760,2.760,2.619,0.099,0.002,0.040,1,0.000,0.000,0.000,0,692,0,0
2357,2.774,2.774,2.631,0.099,0.003,0.041,1,0.000,0.000,0.000,0,692,0,0
2358,2.794,2.794,2.638,0.099,0.002,0.054,1,0.000,0.000,0.000,0,692,0,0
2359,2.817,2.817,2.674,0.100,0.003,0.041,1,0.000,0.000,0.000,0,692,0,0
2360,2.773,2.773,2.631,0.099,0.003,0.040,1,0.000,0.000,0.000,0,692,0,0
2361,2.882,2.882,2.728,0.100,0.003,0.052,1,0.000,0.000,0.000,0,692,0,0
2362,3.647,3.647,3.458,0.113,0.005,0.071,1,0.000,0.000,0.000,0,692,0,0
2363,3.870,3.870,3.721,0.101,0.003,0.044,1,0.000,0.000,0.000,0,692,0,0
2364,3.300,3.300,3.143,0.100,0.003,0.054,1,0.000,0.000,0.000,0,692,0,0
2365,2.926,2.926,2.766,0.115,0.003,0.042,1,0.000,0.000,0.000,0,692,0,0
2366,2.897,2.897,2.754,0.099,0.002,0.041,1,0.000,0.000,0.000,0,692,0,0
2367,2.860,2.860,2.707,0.099,0.002,0.052,1,0.000,0.000,0.000,0,692,0,0
2368,2.832,2.832,2.691,0.100,0.002,0.040,1,0.000,0.000,0.000,0,692,0,0
2369,2.850,2.850,2.708,0.099,0.003,0.040,1,0.000,0.000,0.000,0,692,0,0
2370,3.947,3.947,3.781,0.103,0.004,0.059,1,0.000,0.000,0.000,0,692,0,0
2371,3.408,3.408,3.258,0.102,0.003,0.044,1,0.000,0.000,0.000,0,692,0,0
2372,2.922,2.922,2.779,0.099,0.003,0.042,1,0.000,0.000,0.000,0,692,0,0
2373,3.108,3.108,2.952,0.100,0.002,0.053,1,0.000,0.000,0.000,0,692,0,0
2374,3.428,3.428,3.254,0.132,0.003,0.039,1,0.000,0.000,0.000,0,692,1,0
2375,3.779,3.779,3.631,0.104,0.003,0.041,1,0.000,0.000,0.000,0,692,0,0
2376,3.864,3.864,3.708,0.104,0.002,0.050,1,0.000,0.000,0.000,0,692,0,0
2377,3.978,3.978,3.824,0.103,0.004,0.047,1,0.000,0.000,0.000,0,692,0,0
2378,3.009,3.009,2.864,0.100,0.003,0.042,1,0.000,0.000,0.000,0,692,0,0
2379,3.260,3.260,3.095,0.105,0.005,0.056,1,0.000,0.000,0.000,0,692,0,0
2380,3.055,3.055,2.909,0.100,0.003,0.042,1,0.000,0.000,0.000,0,692,0,0
2381,2.831,2.831,2.689,0.099,0.002,0.041,1,0.000,0.000,0.000,0,692,0,0
2382,2.944,2.944,2.763,0.099,0.003,0.079,1,0.000,0.000,0.000,0,692,0,0
2383,3.167,3.167,2.985,0.104,0.004,0.075,1,0.000,0.000,0.000,0,692,0,0
2384,2.990,2.990,2.823,0.099,0.003,0.064,1,0.000,0.000,0.000,0,692,0,0
2385,2.866,2.866,2.691,0.099,0.002,0.073,1,0.000,0.000,0.000,0,692,0,0
2386,2.792,2.792,2.650,0.100,0.002,0.040,1,0.000,0.000,0.000,0,692,0,0
2387,2.828,2.828,2.685,0.099,0.002,0.041,1,0.000,0.000,0.000,0,692,0,0
2388,3.444,3.444,3.289,0.100,0.002,0.053,1,0.000,0.000,0.000,0,692,0,0
2389,2.934,2.934,2.789,0.100,0.003,0.041,1,0.000,0.000,0.000,0,692,0,0
2390,3.348,3.348,3.196,0.105,0.003,0.043,1,0.000,0.000,0.000,0,692,0,0
2391,3.615,3.615,3.443,0.112,0.003,0.057,1,0.000,0.000,0.000,0,692,0,0
2392,3.142,3.142,2.990,0.101,0.003,0.047,1,0.000,0.000,0.000,0,692,0,0
2393,2.887,2.887,2.728,0.099,0.003,0.058,1,0.000,0.000,0.000,0,692,0,0
2394,3.670,3.670,3.507,0.108,0.003,0.052,1,0.000,0.000,0.000,0,692,0,0
2395,3.238,3.238,3.095,0.100,0.003,0.041,1,0.000,0.000,0.000,0,692,0,0
2396,2.882,2.882,2.739,0.100,0.003,0.040,1,0.000,0.000,0.000,0,692,0,0
2397,2.892,2.892,2.739,0.099,0.003,0.052,1,0.000,0.000,0.000,0,692,0,0
2398,2.854,2.854,2.712,0.100,0.002,0.040,1,0.000,0.000,0.000,0,692,0,0
2399,2.997,2.997,2.854,0.099,0.003,0.041,1,0.000,0.000,0.000,0,692,0,0
2400,2.869,2.869,2.713,0.100,0.003,0.053,1,0.000,0.000,0.000,0,692,0,0
2401,3.318,3.318,3.166,0.101,0.005,0.046,1,0.000,0.000,0.000,0,692,0,0
2402,3.140,3.140,2.982,0.100,0.003,0.055,1,0.000,0.000,0.000,0,692,0,0
2403,2.959,2.959,2.815,0.100,0.003,0.041,1,0.000,0.000,0.000,0,692,0,0
2404,2.986,2.986,2.842,0.100,0.003,0.042,1,0.000,0.000,0.000,0,692,0,0
2405,2.898,2.898,2.745,0.099,0.002,0.052,1,0.000,0.000,0.000,0,692,0,0
2406,2.851,2.851,2.707,0.099,0.002,0.042,1,0.000,0.000,0.000,0,692,0,0
2407,2.857,2.857,2.716,0.099,0.002,0.041,1,0.000,0.000,0.000,0,692,0,0
2408,2.848,2.848,2.695,0.099,0.002,0.052,1,0.000,0.000,0.000,0,692,0,0
2409,2.851,2.851,2.708,0.099,0.002,0.041,1,0.000,0.000,0.000,0,692,0,0
2410,2.767,2.767,2.625,0.099,0.003,0.040,1,0.000,0.000,0.000,0,692,0,0
2411,2.788,2.788,2.634,0.099,0.002,0.053,1,0.000,0.000,0.000,0,692,0,0
2412,3.425,3.425,3.253,0.113,0.006,0.053,1,0.000,0.000,0.000,0,692,0,0
2413,2.934,2.934,2.791,0.099,0.003,0.042,1,0.000,0.000,0.000,0,692,0,0
2414,2.793,2.793,2.639,0.100,0.002,0.052,1,0.000,0.000,0.000,0,692,0,0
2415,2.787,2.787,2.645,0.099,0.002,0.041,1,0.000,0.000,0.000,0,692,0,0
2416,2.770,2.770,2.628,0.099,0.002,0.040,1,0.000,0.000,0.000,0,692,0,0
2417,2.763,2.763,2.609,0.099,0.003,0.053,1,0.000,0.000,0.000,0,692,0,0
2418,2.756,2.756,2.613,0.099,0.002,0.041,1,0.000,0.000,0.000,0,692,0,0
2419,2.768,2.768,2.626,0.099,0.003,0.041,1,0.000,0.000,0.000,0,692,0,0
2420,2.773,2.773,2.619,0.099,0.002,0.053,1,0.000,0.000,0.000,0,692,0,0
2421,3.709,3.709,3.560,0.101,0.003,0.044,1,0.000,0.000,0.000,0,692,0,0
2422,3.677,3.677,3.531,0.106,0.003,0.038,1,0.000,0.000,0.000,0,692,0,0
2423,4.040,4.040,3.882,0.101,0.004,0.053,1,0.000,0.000,0.000,0,692,0,0
2424,3.393,3.393,3.239,0.103,0.004,0.047,1,0.000,0.000,0.000,0,692,0,0
2425,2.916,2.916,2.772,0.100,0.003,0.042,1,0.000,0.000,0.000,0,692,0,0
2426,4.340,4.340,4.178,0.101,0.003,0.058,1,0.000,0.000,0.000,0,696,0,0
2427,3.308,3.308,3.154,0.102,0.003,0.048,1,0.000,0.000,0.000,0,696,0,0
2428,3.049,3.049,2.898,0.103,0.003,0.045,1,0.000,0.000,0.000,0,696,0,0
2429,2.880,2.880,2.724,0.099,0.002,0.055,1,0.000,0.000,0.000,0,696,0,0
2430,3.101,3.101,2.949,0.105,0.003,0.044,1,0.000,0.000,0.000,0,696,0,0
2431,2.939,2.939,2.794,0.100,0.003,0.043,1,0.000,0.000,0.000,0,696,0,0
2432,2.827,2.827,2.671,0.100,0.002,0.053,1,0.000,0.000,0.000,0,696,0,0
2433,2.803,2.803,2.659,0.099,0.003,0.042,1,0.000,0.000,0.000,0,696,0,0
2434,3.647,3.647,3.496,0.102,0.003,0.045,1,0.000,0.000,0.000,0,696,0,0
2435,3.474,3.474,3.258,0.102,0.003,0.111,1,0.000,0.000,0.000,0,696,0,0
2436,2.947,2.947,2.755,0.101,0.003,0.088,1,0.000,0.000,0.000,0,696,0,0
2437,2.963,2.963,2.750,0.100,0.003,0.110,1,0.000,0.000,0.000,0,696,0,0
2438,3.010,3.010,2.727,0.101,0.002,0.180,1,0.000,0.000,0.000,0,696,0,0
2439,3.023,3.023,2.760,0.099,0.003,0.161,1,0.000,0.000,0.000,0,696,0,0
2440,2.988,2.988,2.698,0.101,0.002,0.187,1,0.000,0.000,0.000,0,696,0,0
2441,3.197,3.197,2.804,0.100,0.003,0.290,1,0.000,0.000,0.000,0,696,0,0
2442,3.182,3.182,2.848,0.100,0.003,0.231,1,0.000,0.000,0.000,0,696,0,0
2443,3.267,3.267,2.896,0.100,0.003,0.268,1,0.000,0.000,0.000,0,720,0,0
2444,3.983,3.983,3.509,0.109,0.005,0.361,1,0.000,0.000,0.000,0,744,0,0
2445,3.499,3.499,3.118,0.106,0.003,0.272,1,0.000,0.000,0.000,0,768,0,0
2446,3.387,3.387,2.989,0.101,0.003,0.294,1,0.000,0.000,0.000,0,792,0,0
2447,3.409,3.409,2.932,0.100,0.002,0.374,1,0.000,0.000,0.000,0,816,0,0
2448,4.605,4.605,4.273,0.101,0.003,0.228,1,0.000,0.000,0.000,0,840,0,0
2449,3.339,3.339,3.011,0.102,0.003,0.223,1,0.000,0.000,0.000,0,860,0,0
2450,3.346,3.346,2.998,0.102,0.002,0.244,1,0.000,0.000,0.000,0,860,0,0
2451,3.171,3.171,2.865,0.101,0.003,0.202,1,0.000,0.000,0.000,0,860,0,0
2452,3.144,3.144,2.868,0.103,0.002,0.171,1,0.000,0.000,0.000,0,860,0,0
2453,3.310,3.310,2.961,0.102,0.002,0.245,1,0.000,0.000,0.000,0,860,0,0
2454,5.405,5.405,5.087,0.105,0.003,0.210,1,0.000,0.000,0.000,0,860,0,0
2455,4.073,4.073,3.763,0.105,0.003,0.202,1,0.000,0.000,0.000,0,860,0,0
2456,3.969,3.969,3.583,0.105,0.005,0.276,1,0.000,0.000,0.000,0,860,0,0
2457,3.464,3.464,3.169,0.103,0.004,0.189,1,0.000,0.000,0.000,0,860,0,0
2458,3.137,3.137,2.857,0.102,0.003,0.174,1,0.000,0.000,0.000,0,860,0,0
2459,3.400,3.400,3.038,0.101,0.002,0.258,1,0.000,0.000,0.000,0,860,0,0
2460,3.513,3.513,3.196,0.102,0.003,0.212,1,0.000,0.000,0.000,0,860,0,0
2461,3.992,3.992,3.663,0.104,0.005,0.221,1,0.000,0.000,0.000,0,860,0,0
2462,3.724,3.724,3.342,0.109,0.004,0.269,1,0.000,0.000,0.000,0,860,0,0
2463,3.807,3.807,3.501,0.102,0.003,0.201,1,0.000,0.000,0.000,0,860,0,0
2464,3.673,3.673,3.223,0.102,0.003,0.345,1,0.000,0.000,0.000,0,860,0,0
2465,3.756,3.756,2.951,0.102,0.003,0.700,1,0.000,0.000,0.000,0,860,0,0
2466,3.870,3.870,3.347,0.102,0.003,0.418,1,0.000,0.000,0.000,0,860,0,0
2467,3.991,3.991,3.458,0.111,0.005,0.417,1,0.000,0.000,0.000,0,860,0,0
2468,5.349,5.349,4.719,0.107,0.002,0.520,1,0.000,0.000,0.000,0,860,0,0
2469,4.400,4.400,3.896,0.103,0.003,0.398,1,0.000,0.000,0.000,0,860,0,0
2470,3.564,3.564,3.029,0.102,0.004,0.429,1,0.000,0.000,0.000,0,860,0,0
2471,3.855,3.855,3.193,0.122,0.003,0.537,1,0.000,0.000,0.000,0,860,0,0
2472,3.897,3.897,3.392,0.102,0.003,0.401,1,0.000,0.000,0.000,0,860,0,0
2473,3.322,3.322,2.826,0.102,0.002,0.392,1,0.000,0.000,0.000,0,860,0,0
2474,3.474,3.474,2.838,0.102,0.003,0.531,1,0.000,0.000,0.000,0,860,0,0
2475,3.870,3.870,3.376,0.102,0.003,0.390,1,0.000,0.000,0.000,0,860,0,0
2476,3.343,3.343,2.849,0.102,0.003,0.389,1,0.000,0.000,0.000,0,860,0,0
2477,3.484,3.484,2.877,0.103,0.002,0.502,1,0.000,0.000,0.000,0,860,0,0
2478,3.762,3.762,3.284,0.104,0.003,0.372,1,0.000,0.000,0.000,0,860,0,0
2479,3.421,3.421,2.960,0.100,0.003,0.357,1,0.000,0.000,0.000,0,860,0,0
2480,3.605,3.605,3.011,0.116,0.003,0.475,1,0.000,0.000,0.000,0,860,0,0
2481,3.751,3.751,3.311,0.103,0.004,0.335,1,0.000,0.000,0.000,0,860,0,0
2482,5.121,5.121,4.681,0.102,0.003,0.335,1,0.000,0.000,0.000,0,860,0,0
2483,3.505,3.505,2.964,0.103,0.003,0.435,1,0.000,0.000,0.000,0,860,0,0
2484,3.926,3.926,3.464,0.117,0.006,0.340,1,0.000,0.000,0.000,0,860,0,0
2485,3.477,3.477,2.998,0.103,0.003,0.373,1,0.000,0.000,0.000,0,860,0,0
2486,3.611,3.611,3.073,0.102,0.003,0.433,1,0.000,0.000,0.000,0,860,0,0
2487,3.396,3.396,2.912,0.103,0.003,0.378,1,0.000,0.000,0.000,0,860,0,0
2488,3.271,3.271,2.837,0.103,0.003,0.328,1,0.000,0.000,0.000,0,860,0,0
2489,3.403,3.403,2.864,0.101,0.003,0.434,1,0.000,0.000,0.000,0,860,0,0
2490,3.262,3.262,2.808,0.131,0.003,0.320,1,0.000,0.000,0.000,0,860,1,0
2491,3.187,3.187,2.786,0.102,0.003,0.296,1,0.000,0.000,0.000,0,860,0,0
2492,3.282,3.282,2.803,0.103,0.003,0.373,1,0.000,0.000,0.000,0,860,0,0
2493,3.167,3.167,2.788,0.101,0.003,0.275,1,0.000,0.000,0.000,0,860,0,0
2494,3.943,3.943,3.577,0.108,0.004,0.253,1,0.000,0.000,0.000,0,860,0,0
2495,4.358,4.358,3.859,0.102,0.004,0.393,1,0.000,0.000,0.000,0,860,0,0
2496,3.543,3.543,3.159,0.102,0.003,0.279,1,0.000,0.000,0.000,0,860,0,0
2497,3.311,3.311,2.965,0.102,0.003,0.242,1,0.000,0.000,0.000,0,860,0,0
2498,3.794,3.794,3.340,0.113,0.006,0.335,1,0.000,0.000,0.000,0,860,0,0
2499,3.338,3.338,2.983,0.102,0.003,0.249,1,0.000,0.000,0.000,0,860,0,0
2500,3.539,3.539,3.047,0.170,0.003,0.320,1,0.000,0.000,0.000,0,860,0,0
2501,4.255,4.255,3.907,0.104,0.003,0.242,1,0.000,0.000,0.000,0,860,0,0
2502,3.429,3.429,3.089,0.101,0.003,0.236,1,0.000,0.000,0.000,0,860,0,0
2503,3.404,3.404,2.974,0.105,0.004,0.320,1,0.000,0.000,0.000,0,856,0,0
2504,3.703,3.703,3.354,0.101,0.003,0.246,1,0.000,0.000,0.000,0,856,0,0
2505,3.190,3.190,2.844,0.100,0.003,0.243,1,0.000,0.000,0.000,0,696,0,0
2506,3.249,3.249,2.801,0.100,0.002,0.345,1,0.000,0.000,0.000,0,696,0,0
2507,3.176,3.176,2.828,0.100,0.003,0.244,1,0.000,0.000,0.000,0,696,0,0
2508,3.344,3.344,2.815,0.100,0.003,0.426,1,0.000,0.000,0.000,0,696,0,0
2509,3.956,3.956,3.490,0.103,0.005,0.357,1,0.000,0.000,0.000,0,696,0,0
2510,5.415,5.415,5.012,0.101,0.003,0.299,1,0.000,0.000,0.000,0,696,0,0
2511,3.945,3.945,3.522,0.102,0.005,0.317,1,0.000,0.000,0.000,0,696,0,0
2512,3.407,3.407,2.938,0.102,0.003,0.365,1,0.000,0.000,0.000,0,696,0,0
2513,3.224,3.224,2.848,0.100,0.002,0.274,1,0.000,0.000,0.000,0,696,0,0
2514,3.162,3.162,2.786,0.100,0.003,0.274,1,0.000,0.000,0.000,0,696,0,0
2515,3.263,3.263,2.775,0.124,0.002,0.362,1,0.000,0.000,0.000,0,696,0,0
2516,3.139,3.139,2.761,0.100,0.002,0.275,1,0.000,0.000,0.000,0,696,0,0
2517,3.336,3.336,2.938,0.111,0.002,0.286,1,0.000,0.000,0.000,0,696,0,0
2518,3.262,3.262,2.800,0.101,0.003,0.359,1,0.000,0.000,0.000,0,696,0,0
2519,3.238,3.238,2.876,0.099,0.002,0.260,1,0.000,0.000,0.000,0,696,0,0
2520,3.250,3.250,2.873,0.101,0.003,0.274,1,0.000,0.000,0.000,0,696,0,0
2521,3.996,3.996,3.532,0.101,0.004,0.358,1,0.000,0.000,0.000,0,696,0,0
2522,3.151,3.151,2.831,0.101,0.003,0.217,1,0.000,0.000,0.000,0,696,0,0
2523,3.537,3.537,3.266,0.100,0.003,0.168,1,0.000,0.000,0.000,0,696,0,0
2524,4.169,4.169,3.864,0.103,0.004,0.198,1,0.000,0.000,0.000,0,696,0,0
2525,3.515,3.515,3.173,0.101,0.004,0.237,1,0.000,0.000,0.000,0,696,0,0
2526,3.052,3.052,2.746,0.100,0.003,0.204,1,0.000,0.000,0.000,0,696,0,0
2527,4.608,4.608,4.230,0.101,0.003,0.274,1,0.000,0.000,0.000,0,696,0,0
2528,3.535,3.535,3.215,0.102,0.003,0.215,1,0.000,0.000,0.000,0,696,0,0
2529,3.088,3.088,2.766,0.099,0.003,0.221,1,0.000,0.000,0.000,0,696,0,0
2530,3.215,3.215,2.832,0.101,0.003,0.279,1,0.000,0.000,0.000,0,696,0,0
2531,3.347,3.347,3.022,0.108,0.003,0.213,1,0.000,0.000,0.000,0,696,0,0
2532,3.432,3.432,3.075,0.101,0.003,0.253,1,0.000,0.000,0.000,0,696,0,0
2533,4.465,4.465,3.475,0.105,0.003,0.882,1,0.000,0.000,0.000,0,696,0,0
2534,3.374,3.374,3.071,0.103,0.004,0.196,1,0.000,0.000,0.000,0,696,0,0
2535,3.038,3.038,2.751,0.099,0.003,0.185,1,0.000,0.000,0.000,0,696,0,0
2536,3.451,3.451,3.084,0.101,0.003,0.262,1,0.000,0.000,0.000,0,696,0,0
2537,3.995,3.995,3.707,0.103,0.004,0.182,1,0.000,0.000,0.000,0,696,0,0
2538,3.295,3.295,3.013,0.100,0.004,0.178,1,0.000,0.000,0.000,0,696,0,0
2539,3.069,3.069,2.749,0.100,0.003,0.217,1,0.000,0.000,0.000,0,696,0,0
2540,3.363,3.363,3.031,0.102,0.003,0.227,1,0.000,0.000,0.000,0,720,0,0
2541,3.177,3.177,2.850,0.101,0.003,0.222,1,0.000,0.000,0.000,0,744,0,0
2542,3.216,3.216,2.835,0.101,0.002,0.277,1,0.000,0.000,0.000,0,768,0,0
2543,3.127,3.127,2.811,0.102,0.002,0.212,1,0.000,0.000,0.000,0,792,0,0
2544,3.123,3.123,2.807,0.101,0.002,0.212,1,0.000,0.000,0.000,0,816,0,0
2545,3.239,3.239,2.853,0.101,0.002,0.282,1,0.000,0.000,0.000,0,840,0,0
2546,3.769,3.769,3.427,0.102,0.003,0.236,1,0.000,0.000,0.000,0,868,0,0
2547,3.304,3.304,2.997,0.101,0.003,0.203,1,0.000,0.000,0.000,0,892,0,0
2548,3.419,3.419,2.992,0.102,0.002,0.323,1,0.000,0.000,0.000,0,916,0,0
2549,3.232,3.232,2.893,0.101,0.003,0.236,1,0.000,0.000,0.000,0,940,0,0
2550,3.238,3.238,2.898,0.102,0.002,0.235,1,0.000,0.000,0.000,0,964,0,0
2551,3.550,3.550,3.099,0.120,0.002,0.329,1,0.000,0.000,0.000,0,988,0,0
2552,3.286,3.286,2.945,0.101,0.003,0.237,1,0.000,0.000,0.000,0,1012,0,0
2553,3.325,3.325,2.986,0.101,0.002,0.235,1,0.000,0.000,0.000,0,1028,0,0
2554,3.454,3.454,3.017,0.113,0.003,0.321,1,0.000,0.000,0.000,0,1028,0,0
2555,3.338,3.338,3.001,0.101,0.002,0.234,1,0.000,0.000,0.000,0,1028,0,0
2556,3.322,3.322,2.939,0.102,0.002,0.279,1,0.000,0.000,0.000,0,1028,0,0
2557,3.387,3.387,2.948,0.102,0.002,0.334,1,0.000,0.000,0.000,0,1028,0,0
2558,3.284,3.284,2.928,0.102,0.002,0.252,1,0.000,0.000,0.000,0,1028,0,0
2559,3.351,3.351,2.994,0.101,0.003,0.253,1,0.000,0.000,0.000,0,1028,0,0
2560,3.407,3.407,2.968,0.102,0.002,0.334,1,0.000,0.000,0.000,0,1028,0,0
2561,3.214,3.214,2.836,0.101,0.002,0.275,1,0.000,0.000,0.000,0,1028,0,0
2562,3.199,3.199,2.841,0.102,0.003,0.254,1,0.000,0.000,0.000,0,1028,0,0
2563,3.397,3.397,2.980,0.102,0.002,0.313,1,0.000,0.000,0.000,0,1068,0,0
2564,3.203,3.203,2.887,0.102,0.003,0.210,1,0.000,0.000,0.000,0,1072,0,0
2565,3.177,3.177,2.869,0.103,0.002,0.203,1,0.000,0.000,0.000,0,1072,0,0
2566,3.293,3.293,2.901,0.102,0.002,0.287,1,0.000,0.000,0.000,0,1072,0,0
2567,3.260,3.260,2.935,0.103,0.003,0.218,1,0.000,0.000,0.000,0,1072,0,0
2568,3.220,3.220,2.892,0.101,0.002,0.224,1,0.000,0.000,0.000,0,1028,0,0
2569,3.359,3.359,2.917,0.102,0.002,0.337,1,0.000,0.000,0.000,0,1028,0,0
2570,3.397,3.397,3.042,0.102,0.003,0.250,1,0.000,0.000,0.000,0,1028,0,0
2571,3.309,3.309,2.876,0.102,0.003,0.328,1,0.000,0.000,0.000,0,1028,0,0
2572,3.445,3.445,2.914,0.102,0.002,0.426,1,0.000,0.000,0.000,0,1028,0,0
2573,3.394,3.394,2.979,0.102,0.002,0.311,1,0.000,0.000,0.000,0,1028,0,0
2574,3.285,3.285,2.872,0.101,0.002,0.309,1,0.000,0.000,0.000,0,1028,0,0
2575,3.387,3.387,2.875,0.101,0.002,0.408,1,0.000,0.000,0.000,0,1028,0,0
2576,4.091,4.091,3.677,0.102,0.002,0.310,1,0.000,0.000,0.000,0,1028,0,0
2577,4.442,4.442,3.986,0.106,0.005,0.344,1,0.000,0.000,0.000,0,1028,0,0
2578,4.028,4.028,3.510,0.104,0.003,0.412,1,0.000,0.000,0.000,0,1028,0,0
2579,3.661,3.661,3.281,0.104,0.004,0.273,1,0.000,0.000,0.000,0,1028,0,0
2580,3.988,3.988,3.604,0.113,0.004,0.267,1,0.000,0.000,0.000,0,1028,0,0
2581,3.956,3.956,3.484,0.115,0.004,0.353,1,0.000,0.000,0.000,0,1028,0,0
2582,5.511,5.511,5.129,0.103,0.003,0.275,1,0.000,0.000,0.000,0,1028,0,0
2583,4.003,4.003,3.591,0.105,0.004,0.303,1,0.000,0.000,0.000,0,1028,0,0
2584,4.218,4.218,3.758,0.104,0.003,0.353,1,0.000,0.000,0.000,0,1028,0,0
2585,3.604,3.604,3.219,0.103,0.003,0.279,1,0.000,0.000,0.000,0,1028,0,0
2586,3.412,3.412,2.953,0.100,0.002,0.356,1,0.000,0.000,0.000,0,696,0,0
2587,3.503,3.503,2.897,0.101,0.003,0.502,1,0.000,0.000,0.000,0,696,0,0
2588,3.270,3.270,2.748,0.101,0.002,0.419,1,0.000,0.000,0.000,0,696,0,0
2589,3.336,3.336,2.821,0.101,0.002,0.413,1,0.000,0.000,0.000,0,696,0,0
2590,3.515,3.515,2.806,0.100,0.002,0.607,1,0.000,0.000,0.000,0,696,0,0
2591,3.376,3.376,2.868,0.100,0.002,0.405,1,0.000,0.000,0.000,0,696,0,0
2592,3.230,3.230,2.731,0.100,0.003,0.397,1,0.000,0.000,0.000,0,696,0,0
2593,4.723,4.723,2.835,0.131,0.003,1.753,1,0.000,0.000,0.000,0,696,1,0
2594,3.382,3.382,2.891,0.112,0.003,0.376,1,0.000,0.000,0.000,0,696,0,0
2595,3.238,3.238,2.767,0.100,0.002,0.368,1,0.000,0.000,0.000,0,696,0,0
2596,3.334,3.334,2.762,0.100,0.002,0.470,1,0.000,0.000,0.000,0,696,0,0
2597,3.517,3.517,3.065,0.102,0.002,0.348,1,0.000,0.000,0.000,0,696,0,0
2598,3.252,3.252,2.802,0.099,0.002,0.348,1,0.000,0.000,0.000,0,696,0,0
2599,3.286,3.286,2.722,0.100,0.002,0.462,1,0.000,0.000,0.000,0,696,0,0
2600,3.358,3.358,2.906,0.100,0.003,0.349,1,0.000,0.000,0.000,0,696,0,0
2601,3.409,3.409,2.827,0.100,0.002,0.481,1,0.000,0.000,0.000,0,696,0,0
2602,3.158,3.158,2.734,0.100,0.002,0.321,1,0.000,0.000,0.000,0,696,0,0
2603,3.917,3.917,3.440,0.110,0.006,0.361,1,0.000,0.000,0.000,0,696,0,0
2604,3.610,3.610,3.076,0.101,0.003,0.430,1,0.000,0.000,0.000,0,692,0,0
2605,3.251,3.251,2.827,0.099,0.002,0.322,1,0.000,0.000,0.000,0,692,0,0
2606,3.145,3.145,2.707,0.099,0.002,0.337,1,0.000,0.000,0.000,0,692,0,0
2607,4.297,4.297,3.776,0.102,0.003,0.415,1,0.000,0.000,0.000,0,692,0,0
2608,3.467,3.467,3.054,0.101,0.003,0.309,1,0.000,0.000,0.000,0,692,0,0
2609,3.184,3.184,2.764,0.100,0.003,0.317,1,0.000,0.000,0.000,0,692,0,0
2610,3.746,3.746,3.256,0.099,0.002,0.389,1,0.000,0.000,0.000,0,692,0,0
2611,3.124,3.124,2.734,0.098,0.002,0.289,1,0.000,0.000,0.000,0,692,0,0
2612,3.090,3.090,2.700,0.099,0.003,0.288,1,0.000,0.000,0.000,0,692,0,0
2613,4.292,4.292,3.808,0.100,0.002,0.382,1,0.000,0.000,0.000,0,692,0,0
2614,3.090,3.090,2.699,0.099,0.002,0.290,1,0.000,0.000,0.000,0,692,0,0
2615,3.068,3.068,2.678,0.099,0.003,0.289,1,0.000,0.000,0.000,0,692,0,0
2616,3.469,3.469,2.880,0.098,0.002,0.489,1,0.000,0.000,0.000,0,692,0,0
2617,4.175,4.175,3.753,0.103,0.005,0.314,1,0.000,0.000,0.000,0,692,0,0
2618,3.583,3.583,3.190,0.100,0.003,0.290,1,0.000,0.000,0.000,0,692,0,0
2619,3.292,3.292,2.811,0.099,0.002,0.379,1,0.000,0.000,0.000,0,692,0,0
2620,3.672,3.672,3.280,0.100,0.003,0.289,1,0.000,0.000,0.000,0,692,0,0
2621,3.151,3.151,2.763,0.098,0.002,0.287,1,0.000,0.000,0.000,0,692,0,0
2622,3.207,3.207,2.715,0.099,0.003,0.391,1,0.000,0.000,0.000,0,692,0,0
2623,3.892,3.892,3.216,0.376,0.005,0.295,1,0.000,0.000,0.000,0,692,0,0
2624,4.063,4.063,3.684,0.102,0.003,0.275,1,0.000,0.000,0.000,0,692,0,0
2625,3.920,3.920,3.419,0.109,0.004,0.387,1,0.000,0.000,0.000,0,692,0,0
2626,3.380,3.380,3.000,0.099,0.004,0.277,1,0.000,0.000,0.000,0,692,0,0
2627,3.814,3.814,3.423,0.100,0.004,0.287,1,0.000,0.000,0.000,0,692,0,0
2628,3.269,3.269,2.808,0.099,0.003,0.359,1,0.000,0.000,0.000,0,692,0,0
2629,3.121,3.121,2.736,0.100,0.003,0.282,1,0.000,0.000,0.000,0,692,0,0
2630,3.649,3.649,3.278,0.100,0.003,0.268,1,0.000,0.000,0.000,0,692,0,0
2631,4.154,4.154,3.684,0.099,0.003,0.369,1,0.000,0.000,0.000,0,692,0,0
2632,3.215,3.215,2.787,0.099,0.003,0.326,1,0.000,0.000,0.000,0,692,0,0
2633,3.881,3.881,3.466,0.101,0.004,0.309,1,0.000,0.000,0.000,0,692,0,0
2634,3.572,3.572,3.079,0.105,0.002,0.386,1,0.000,0.000,0.000,0,692,0,0
2635,3.279,3.279,2.860,0.099,0.004,0.316,1,0.000,0.000,0.000,0,692,0,0
2636,3.168,3.168,2.762,0.099,0.003,0.304,1,0.000,0.000,0.000,0,692,0,0
2637,3.841,3.841,3.324,0.109,0.003,0.404,1,0.000,0.000,0.000,0,692,0,0
2638,3.244,3.244,2.836,0.099,0.003,0.306,1,0.000,0.000,0.000,0,692,0,0
2639,3.346,3.346,2.935,0.099,0.003,0.309,1,0.000,0.000,0.000,0,692,0,0
2640,4.472,4.472,3.965,0.102,0.005,0.401,1,0.000,0.000,0.000,0,692,0,0
2641,3.459,3.459,3.081,0.101,0.003,0.274,1,0.000,0.000,0.000,0,692,0,0
2642,3.126,3.126,2.729,0.099,0.003,0.295,1,0.000,0.000,0.000,0,692,0,0
2643,3.737,3.737,3.275,0.099,0.003,0.360,1,0.000,0.000,0.000,0,692,0,0
2644,3.096,3.096,2.724,0.099,0.002,0.270,1,0.000,0.000,0.000,0,692,0,0
2645,3.074,3.074,2.702,0.099,0.002,0.271,1,0.000,0.000,0.000,0,692,0,0
2646,3.251,3.251,2.854,0.099,0.002,0.296,1,0.000,0.000,0.000,0,692,0,0
2647,3.014,3.014,2.713,0.098,0.003,0.200,1,0.000,0.000,0.000,0,692,0,0
2648,2.917,2.917,2.686,0.099,0.003,0.129,1,0.000,0.000,0.000,0,692,0,0
2649,2.939,2.939,2.670,0.098,0.002,0.169,1,0.000,0.000,0.000,0,692,0,0
2650,2.886,2.886,2.656,0.098,0.003,0.129,1,0.000,0.000,0.000,0,692,0,0
2651,2.926,2.926,2.693,0.099,0.003,0.131,1,0.000,0.000,0.000,0,692,0,0
2652,3.586,3.586,3.292,0.113,0.004,0.177,1,0.000,0.000,0.000,0,692,0,0
2653,4.143,4.143,3.932,0.100,0.003,0.108,1,0.000,0.000,0.000,0,692,0,0
2654,3.715,3.715,3.490,0.101,0.004,0.120,1,0.000,0.000,0.000,0,692,0,0
2655,3.110,3.110,2.874,0.099,0.003,0.134,1,0.000,0.000,0.000,0,692,0,0
2656,2.901,2.901,2.704,0.099,0.002,0.096,1,0.000,0.000,0.000,0,692,0,0
2657,2.882,2.882,2.684,0.099,0.002,0.096,1,0.000,0.000,0.000,0,692,0,0
2658,2.912,2.912,2.670,0.098,0.002,0.141,1,0.000,0.000,0.000,0,692,0,0
2659,2.854,2.854,2.657,0.098,0.002,0.096,1,0.000,0.000,0.000,0,692,0,0
2660,2.842,2.842,2.645,0.098,0.002,0.096,1,0.000,0.000,0.000,0,692,0,0
2661,2.908,2.908,2.690,0.099,0.002,0.117,1,0.000,0.000,0.000,0,692,0,0
2662,3.047,3.047,2.817,0.100,0.003,0.127,1,0.000,0.000,0.000,0,692,0,0
2663,2.897,2.897,2.690,0.098,0.002,0.107,1,0.000,0.000,0.000,0,692,0,0
2664,2.905,2.905,2.665,0.098,0.003,0.139,1,0.000,0.000,0.000,0,692,0,0
2665,2.878,2.878,2.669,0.099,0.002,0.106,1,0.000,0.000,0.000,0,692,0,0
2666,3.321,3.321,3.112,0.100,0.003,0.106,1,0.000,0.000,0.000,0,696,0,0
2667,2.970,2.970,2.728,0.100,0.003,0.139,1,0.000,0.000,0.000,0,696,0,0
2668,3.739,3.739,3.519,0.102,0.004,0.114,1,0.000,0.000,0.000,0,696,0,0
2669,4.146,4.146,3.945,0.102,0.004,0.095,1,0.000,0.000,0.000,0,696,0,0
2670,3.643,3.643,3.408,0.102,0.003,0.129,1,0.000,0.000,0.000,0,696,0,0
2671,3.175,3.175,2.986,0.101,0.005,0.083,1,0.000,0.000,0.000,0,696,0,0
2672,2.949,2.949,2.771,0.100,0.003,0.075,1,0.000,0.000,0.000,0,696,0,0
2673,2.929,2.929,2.729,0.101,0.002,0.097,1,0.000,0.000,0.000,0,696,0,0
2674,2.884,2.884,2.708,0.099,0.002,0.074,1,0.000,0.000,0.000,0,696,0,0
2675,2.857,2.857,2.681,0.099,0.002,0.074,1,0.000,0.000,0.000,0,696,0,0
2676,2.891,2.891,2.691,0.099,0.002,0.098,1,0.000,0.000,0.000,0,696,0,0
2677,2.966,2.966,2.790,0.100,0.002,0.073,1,0.000,0.000,0.000,0,696,0,0
2678,2.928,2.928,2.727,0.100,0.003,0.097,1,0.000,0.000,0.000,0,696,0,0
2679,2.926,2.926,2.704,0.100,0.003,0.119,1,0.000,0.000,0.000,0,696,0,0
2680,2.869,2.869,2.677,0.100,0.002,0.090,1,0.000,0.000,0.000,0,696,0,0
2681,2.856,2.856,2.663,0.100,0.002,0.090,1,0.000,0.000,0.000,0,696,0,0
2682,2.913,2.913,2.693,0.099,0.002,0.118,1,0.000,0.000,0.000,0,696,0,0
2683,2.933,2.933,2.729,0.100,0.002,0.102,1,0.000,0.000,0.000,0,696,0,0
2684,3.454,3.454,3.240,0.107,0.003,0.103,1,0.000,0.000,0.000,0,696,0,0
2685,3.943,3.943,3.717,0.102,0.004,0.120,1,0.000,0.000,0.000,0,720,0,0
2686,3.226,3.226,3.039,0.102,0.003,0.081,1,0.000,0.000,0.000,0,744,0,0
2687,3.248,3.248,3.061,0.103,0.003,0.081,1,0.000,0.000,0.000,0,768,0,0
2688,3.072,3.072,2.864,0.102,0.002,0.104,1,0.000,0.000,0.000,0,792,0,0
2689,3.004,3.004,2.822,0.101,0.003,0.078,1,0.000,0.000,0.000,0,816,0,0
2690,3.015,3.015,2.832,0.102,0.002,0.078,1,0.000,0.000,0.000,0,840,0,0
2691,3.908,3.908,3.687,0.103,0.005,0.112,1,0.000,0.000,0.000,0,864,0,0
2692,3.662,3.662,3.480,0.103,0.004,0.075,1,0.000,0.000,0.000,0,888,0,0
2693,3.669,3.669,3.410,0.106,0.003,0.151,1,0.000,0.000,0.000,0,912,0,0
2694,3.813,3.813,3.517,0.105,0.006,0.186,1,0.000,0.000,0.000,0,936,0,0
2695,3.344,3.344,3.105,0.102,0.003,0.134,1,0.000,0.000,0.000,0,960,0,0
2696,3.196,3.196,2.958,0.102,0.003,0.133,1,0.000,0.000,0.000,0,980,0,0
2697,3.787,3.787,3.002,0.103,0.003,0.680,1,0.000,0.000,0.000,0,980,0,0
2698,3.270,3.270,3.030,0.103,0.003,0.135,1,0.000,0.000,0.000,0,980,0,0
2699,3.305,3.305,3.070,0.101,0.002,0.131,1,0.000,0.000,0.000,0,980,0,0
2700,3.316,3.316,3.004,0.103,0.002,0.207,1,0.000,0.000,0.000,0,980,0,0
2701,5.384,5.384,5.173,0.108,0.006,0.097,1,0.000,0.000,0.000,0,980,0,0
2702,87.769,87.769,4.384,0.110,83.152,0.123,1,1.161,0.000,0.000,0,980,2,0
2703,446.004,446.004,28.773,416.179,0.925,0.126,1,1.161,0.000,0.000,343,75699,3782,116
2704,7.031,7.031,6.821,0.108,0.005,0.096,0,1.161,0.000,0.000,0,980,0,0
2705,4.368,4.368,4.082,0.104,0.003,0.179,0,1.161,0.000,0.000,0,980,0,0
2706,3.253,3.253,3.011,0.102,0.003,0.137,0,1.161,0.000,0.000,0,980,0,0
2707,5.213,5.213,4.936,0.102,0.003,0.171,0,1.161,0.000,0.000,0,980,0,0
2708,7.979,7.979,7.274,0.114,0.008,0.583,0,1.161,0.000,0.000,0,980,0,0
2709,81.112,81.112,46.070,34.321,0.391,0.330,1,413.237,11.471,7.956,362,75699,1740,9803
2710,7.068,7.068,6.637,0.109,0.007,0.315,0,54.139,3.392,7.956,0,980,0,0
2711,3.769,3.769,3.258,0.103,0.004,0.404,0,54.139,3.392,7.956,0,980,0,0
2712,3.314,3.314,2.915,0.101,0.003,0.295,0,54.139,3.392,7.956,0,980,0,0
2713,3.792,3.792,3.391,0.103,0.003,0.296,0,54.139,3.392,7.956,0,980,0,0
2714,3.355,3.355,2.862,0.101,0.002,0.389,0,54.139,3.392,7.956,0,980,0,0
2715,23.752,23.752,11.745,11.296,0.399,0.313,1,54.139,3.392,0.000,343,75699,3199,0
2716,8.253,8.253,7.786,0.113,0.011,0.343,0,54.139,3.392,0.000,0,980,0,0
2717,6.068,6.068,5.589,0.105,0.004,0.370,0,54.139,3.392,0.000,0,980,0,0
2718,4.998,4.998,4.597,0.102,0.003,0.297,0,54.139,3.392,0.000,0,980,0,0
2719,5.098,5.098,4.720,0.103,0.003,0.271,0,54.139,3.392,0.000,0,980,0,0
2720,5.541,5.541,5.083,0.101,0.003,0.354,0,54.139,3.392,0.000,0,980,0,0
2721,34.603,34.603,22.445,11.333,0.439,0.385,1,46.709,12.258,0.000,343,75699,3199,0
2722,5.978,5.978,5.580,0.106,0.004,0.288,0,46.709,12.258,0.000,0,980,0,0
2723,5.934,5.934,5.421,0.103,0.003,0.406,0,23.197,12.257,0.000,0,980,0,0
2724,4.584,4.584,4.165,0.109,0.007,0.303,0,23.197,12.257,0.000,0,980,0,0
2725,3.451,3.451,3.050,0.102,0.003,0.297,0,23.197,12.257,0.000,0,980,0,0
2726,3.331,3.331,2.875,0.100,0.003,0.353,0,23.197,12.257,0.000,0,980,0,0
2727,26.614,26.614,13.307,12.615,0.386,0.305,1,23.197,12.257,0.000,343,75699,3200,0
2728,6.187,6.187,5.774,0.105,0.006,0.301,0,23.197,12.257,0.000,0,980,0,0
2729,4.422,4.422,3.943,0.103,0.004,0.372,0,22.038,11.948,0.000,0,980,0,0
2730,4.851,4.851,4.483,0.110,0.003,0.256,0,22.038,11.948,0.000,0,980,0,0
2731,4.006,4.006,3.603,0.112,0.003,0.287,0,22.038,11.948,0.000,0,980,0,0
2732,3.715,3.715,3.210,0.102,0.006,0.396,0,22.038,11.948,0.000,0,980,0,0
2733,26.179,26.179,14.380,11.106,0.392,0.301,1,22.038,11.948,0.000,343,75699,3199,0
2734,6.603,6.603,6.211,0.113,0.005,0.273,0,22.038,11.948,0.000,0,980,0,0
2735,3.752,3.752,3.306,0.103,0.003,0.340,0,21.513,11.834,0.000,0,980,0,0
2736,4.559,4.559,4.167,0.108,0.007,0.277,0,21.513,11.834,0.000,0,980,0,0
2737,3.521,3.521,3.081,0.101,0.003,0.336,0,21.513,11.834,0.000,0,980,0,0
2738,3.526,3.526,3.058,0.102,0.003,0.363,0,21.513,11.834,0.000,0,980,0,0
2739,27.653,27.653,13.583,13.402,0.377,0.291,1,21.513,11.834,0.000,362,75699,2169,25329
2740,4.586,4.586,4.213,0.104,0.005,0.264,0,21.081,7.098,0.000,0,980,0,0
2741,4.496,4.496,4.005,0.107,0.006,0.377,0,21.081,7.098,0.000,0,980,0,0
2742,3.376,3.376,3.004,0.101,0.003,0.268,0,21.081,7.098,0.000,0,980,0,0
2743,3.223,3.223,2.854,0.101,0.003,0.266,0,21.081,7.098,0.000,0,980,0,0
2744,3.261,3.261,2.808,0.100,0.002,0.350,0,21.081,7.098,0.000,0,980,0,0
2745,27.426,27.426,13.588,13.169,0.376,0.292,1,21.081,7.098,0.000,362,75699,2169,25329
2746,4.885,4.885,4.513,0.103,0.004,0.265,0,20.205,7.077,0.000,0,980,0,0
2747,4.486,4.486,4.018,0.110,0.006,0.353,0,20.205,7.077,0.000,0,980,0,0
2748,3.343,3.343,2.986,0.101,0.003,0.252,0,20.205,7.077,0.000,0,980,0,0
2749,3.184,3.184,2.829,0.102,0.003,0.251,0,20.205,7.077,0.000,0,980,0,0
2750,3.538,3.538,3.091,0.110,0.004,0.334,0,20.205,7.077,0.000,0,980,0,0
2751,27.987,27.987,14.294,13.023,0.371,0.299,1,20.205,7.077,0.000,362,75699,2168,25329
2752,4.618,4.618,4.252,0.106,0.004,0.255,0,20.886,7.128,0.000,0,980,0,0
2753,5.437,5.437,4.921,0.114,0.007,0.395,0,20.886,7.128,0.000,0,980,0,0
2754,4.990,4.990,4.551,0.106,0.005,0.328,0,20.886,7.128,0.000,0,980,0,0
2755,3.535,3.535,3.126,0.103,0.003,0.303,0,20.886,7.128,0.000,0,980,0,0
2756,3.550,3.550,3.019,0.101,0.003,0.428,0,20.886,7.128,0.000,0,980,0,0
2757,26.059,26.059,10.725,14.611,0.386,0.336,1,20.886,7.128,0.000,362,75699,2170,25329
2758,6.548,6.548,6.137,0.104,0.004,0.303,0,22.506,7.114,0.000,0,980,0,0
2759,4.303,4.303,3.768,0.100,0.004,0.431,0,22.506,7.114,0.000,0,976,0,0
2760,4.486,4.486,4.019,0.106,0.006,0.355,0,22.506,7.114,0.000,0,976,0,0
2761,30.094,30.094,13.943,15.350,0.412,0.389,1,22.506,7.114,0.000,366,76071,2227,25329
2762,7.520,7.520,6.954,0.109,0.008,0.449,0,22.506,7.114,0.000,0,1528,0,0
2763,30.397,30.397,13.749,15.888,0.385,0.375,1,21.380,5.248,3.800,366,76247,1701,25329
2764,4.847,4.847,4.370,0.111,0.006,0.360,0,21.380,5.248,3.800,0,1528,0,0
2765,7.482,3.975,3.431,0.105,0.003,0.435,0,21.380,5.248,3.800,0,1528,0,0
2766,28.758,28.758,13.736,14.293,0.359,0.370,1,21.380,5.248,0.000,366,76247,2222,25329
2767,5.117,5.117,4.711,0.107,0.004,0.295,0,23.323,7.242,0.000,0,1528,0,0
2768,26.049,26.049,11.446,13.929,0.429,0.245,1,23.323,7.242,0.000,366,76247,2206,25329
2769,6.821,4.169,3.815,0.106,0.005,0.243,0,21.932,7.238,0.000,0,1528,0,0
2770,33.158,33.158,12.466,19.995,0.459,0.238,1,21.264,6.659,0.000,366,76247,2208,25329
2771,4.681,4.681,4.353,0.112,0.006,0.210,0,21.264,6.659,0.000,0,1528,0,0
2772,25.921,25.921,12.772,12.612,0.370,0.167,1,21.264,6.659,0.000,366,76247,2207,25329
2773,5.184,5.184,4.925,0.108,0.005,0.146,0,21.021,7.897,0.000,0,1528,0,0
2774,25.799,25.799,11.160,13.961,0.461,0.217,1,21.021,7.897,0.000,366,76247,2206,25329
2775,5.378,4.369,4.123,0.108,0.004,0.135,0,21.021,7.897,0.000,0,1528,0,0
2776,28.657,28.657,13.456,14.533,0.506,0.161,1,23.274,7.502,0.000,366,76247,2207,25329
2777,5.295,4.880,4.603,0.107,0.004,0.166,0,23.274,7.502,0.000,0,1528,0,0
2778,27.060,27.060,13.191,13.401,0.329,0.139,1,24.003,7.652,0.000,366,76247,2207,25329
2779,5.691,4.855,4.623,0.106,0.006,0.120,0,21.043,8.145,0.000,0,1528,0,0
2780,24.720,24.720,11.477,12.532,0.538,0.173,1,21.043,8.145,0.000,366,76247,2208,25329
2781,8.658,7.053,6.826,0.106,0.005,0.116,0,21.341,8.440,0.000,0,1528,0,0
2782,58.378,58.378,13.215,44.640,0.388,0.135,1,21.341,8.440,0.000,366,76247,2207,25329
2783,4.458,4.458,4.197,0.107,0.004,0.150,0,26.110,7.238,0.000,0,1528,0,0
2784,3.599,3.599,3.355,0.105,0.003,0.135,0,26.110,7.238,0.000,0,1528,0,0
2785,3.366,3.366,3.152,0.105,0.003,0.106,0,26.110,7.238,0.000,0,1528,0,0
2786,21.498,21.498,10.390,10.496,0.437,0.175,1,26.110,7.238,0.000,347,76247,3237,0
2787,8.922,4.222,3.999,0.107,0.004,0.112,0,26.110,7.238,0.000,0,1528,0,0
2788,16.561,8.334,8.099,0.109,0.006,0.120,0,23.558,13.054,0.000,0,1528,0,0
2789,30.700,30.700,14.372,15.749,0.409,0.170,1,23.558,13.054,0.000,366,76247,2207,25329
2790,4.199,4.199,3.982,0.107,0.004,0.106,0,22.230,7.513,0.000,0,1528,0,0
2791,26.250,26.250,12.539,13.337,0.256,0.118,1,22.230,7.513,0.000,366,76247,2206,25329
2792,5.580,4.836,4.532,0.123,0.007,0.174,0,19.757,7.198,0.000,0,1528,0,0
2793,25.445,25.445,11.144,13.763,0.418,0.120,1,19.757,7.198,0.000,366,76247,2208,25329
2794,7.924,3.983,3.797,0.107,0.004,0.076,0,19.104,7.194,0.000,0,1528,0,0
2795,25.574,25.574,11.868,13.193,0.399,0.114,1,19.104,7.194,0.000,366,76247,2207,25329
2796,7.796,4.001,3.813,0.107,0.004,0.077,0,20.090,7.025,0.000,0,1528,0,0
2797,25.958,25.958,12.135,13.256,0.465,0.101,1,20.090,7.025,0.000,366,76247,2207,25329
2798,7.404,4.157,3.947,0.105,0.005,0.100,0,19.367,6.934,0.000,0,1528,0,0
2799,25.994,25.994,12.495,12.363,0.401,0.735,1,19.367,6.934,0.000,366,76247,2207,25329
2800,7.384,4.258,4.026,0.105,0.004,0.123,0,19.353,6.900,0.000,0,1528,0,0
2801,25.247,25.247,10.943,13.773,0.425,0.106,1,19.353,6.900,0.000,366,76247,2206,25329
2802,8.134,5.242,5.017,0.112,0.007,0.107,0,19.275,7.079,0.000,0,1528,0,0
2803,25.432,25.432,11.231,13.641,0.408,0.152,1,19.275,7.079,0.000,366,76247,2207,25329
2804,7.924,5.073,4.851,0.113,0.007,0.102,0,19.270,6.976,0.000,0,1528,0,0
2805,25.380,25.380,11.842,13.052,0.396,0.090,1,19.270,6.976,0.000,366,76247,2207,25329
2806,7.981,4.438,4.241,0.107,0.006,0.084,0,19.416,6.977,0.000,0,1528,0,0
2807,24.397,24.397,11.392,12.338,0.552,0.115,1,19.416,6.977,0.000,366,76247,2207,25329
2808,8.960,4.517,4.343,0.107,0.005,0.062,0,20.264,7.586,0.000,0,1528,0,0
2809,23.688,23.688,10.869,12.340,0.378,0.101,1,20.264,7.586,0.000,366,76247,2207,25329
2810,9.687,4.440,4.266,0.107,0.005,0.063,0,20.116,7.144,0.000,0,1528,0,0
2811,24.978,24.978,10.725,13.805,0.376,0.072,1,20.116,7.144,0.000,366,76247,2206,25329
2812,8.381,4.095,3.908,0.106,0.004,0.077,0,19.014,6.931,0.000,0,1528,0,0
2813,25.302,25.302,11.802,12.983,0.441,0.076,1,19.014,6.931,0.000,366,76247,2207,25329
2814,8.074,4.296,4.101,0.107,0.004,0.084,0,22.406,7.292,0.000,0,1528,0,0
2815,24.342,24.342,10.911,12.667,0.584,0.180,1,22.406,7.292,0.000,366,76247,2207,25329
2816,9.026,3.978,3.750,0.107,0.004,0.116,0,21.990,7.663,0.000,0,1528,0,0
2817,24.036,24.036,10.621,12.873,0.408,0.133,1,21.990,7.663,0.000,366,76247,2207,25329
2818,9.325,4.080,3.814,0.106,0.003,0.157,0,22.028,7.496,0.000,0,1528,0,0
2819,29.222,29.222,15.091,13.655,0.339,0.136,1,22.028,7.496,0.000,366,76247,2206,25329
2820,4.314,4.314,4.053,0.145,0.004,0.113,0,19.934,7.308,0.000,0,1528,1,0
2821,26.703,26.703,13.159,13.079,0.303,0.162,1,19.934,7.308,0.000,366,76247,2206,25329
2822,6.486,4.566,4.333,0.107,0.003,0.122,0,20.206,7.748,0.000,0,1528,0,0
2823,24.715,24.715,11.131,12.988,0.478,0.118,1,20.206,7.748,0.000,366,76247,2207,25329
2824,8.652,4.823,4.606,0.107,0.004,0.107,0,20.312,7.763,0.000,0,1528,0,0
2825,23.970,23.970,11.116,12.290,0.442,0.123,1,20.312,7.763,0.000,366,76247,2207,25329
2826,9.396,4.584,4.366,0.104,0.004,0.111,0,20.545,6.985,0.000,0,696,0,0
2827,23.612,23.612,10.967,12.065,0.418,0.162,1,20.545,6.985,0.000,360,75415,2145,25329
2828,9.757,4.486,4.258,0.102,0.004,0.123,0,19.805,7.052,0.000,0,696,0,0
2829,23.767,23.767,10.887,12.235,0.436,0.209,1,19.805,7.052,0.000,360,75415,2144,25329
2830,9.599,5.076,4.574,0.103,0.006,0.393,0,20.144,7.005,0.000,0,696,0,0
2831,30.215,30.215,10.589,19.030,0.359,0.238,1,18.906,7.422,0.000,360,75415,2145,25329
2832,4.237,4.237,3.898,0.105,0.006,0.228,0,18.906,7.422,0.000,0,696,0,0
2833,26.273,26.273,11.513,14.154,0.301,0.304,1,18.906,7.422,0.000,361,75415,2147,25329
2834,6.011,5.034,4.721,0.104,0.004,0.206,0,20.612,7.484,0.000,0,696,0,0
2835,25.541,25.541,11.856,13.016,0.437,0.233,1,20.612,7.484,0.000,360,75415,2144,25329
2836,7.824,4.375,3.962,0.109,0.007,0.297,0,18.992,7.081,0.000,0,696,0,0
2837,25.600,25.600,12.127,12.860,0.385,0.228,1,18.992,7.081,0.000,360,75415,2145,25329
2838,7.764,4.279,3.972,0.102,0.004,0.201,0,18.973,6.961,0.000,0,696,0,0
2839,24.180,24.180,10.669,12.879,0.339,0.293,1,18.973,6.961,0.000,360,75415,2145,25329
2840,9.193,3.629,3.331,0.101,0.004,0.193,0,20.552,7.260,0.000,0,696,0,0
2841,24.366,24.366,10.809,12.919,0.409,0.228,1,20.552,7.260,0.000,360,75415,2145,25329
2842,9.000,3.775,3.413,0.104,0.005,0.254,0,20.482,7.021,0.000,0,696,0,0
2843,24.676,24.676,10.253,13.844,0.362,0.217,1,20.482,7.021,0.000,360,75415,2144,25329
2844,8.686,3.670,3.269,0.100,0.004,0.297,0,20.638,6.992,0.000,0,692,0,0
2845,27.173,27.173,13.116,13.268,0.476,0.313,1,20.638,6.992,0.000,359,75411,2132,25329
2846,6.196,3.727,3.454,0.101,0.004,0.168,0,20.453,7.198,0.000,0,692,0,0
2847,26.370,26.370,11.776,13.388,1.007,0.199,1,20.453,7.198,0.000,359,75411,2131,25329
2848,6.997,3.698,3.370,0.101,0.005,0.223,0,20.375,7.093,0.000,0,692,0,0
2849,23.885,23.885,10.450,12.922,0.304,0.210,1,20.375,7.093,0.000,359,75411,2131,25329
2850,9.484,4.490,4.171,0.103,0.004,0.213,0,20.480,7.111,0.000,0,692,0,0
2851,24.310,24.310,10.337,13.305,0.386,0.282,1,20.480,7.111,0.000,359,75411,2131,25329
2852,9.054,4.266,3.967,0.100,0.003,0.195,0,20.533,6.986,0.000,0,692,0,0
2853,24.035,24.035,10.003,13.451,0.364,0.218,1,20.533,6.986,0.000,359,75411,2130,25329
2854,9.333,3.593,3.266,0.099,0.004,0.225,0,19.957,7.013,0.000,0,692,0,0
2855,24.028,24.028,9.944,13.499,0.379,0.205,1,19.957,7.013,0.000,359,75411,2131,25329
2856,9.338,3.570,3.292,0.100,0.004,0.174,0,20.089,7.036,0.000,0,692,0,0
2857,24.277,24.277,10.008,13.575,0.434,0.260,1,20.089,7.036,0.000,359,75411,2131,25329
2858,9.090,3.549,3.274,0.100,0.004,0.171,0,20.728,6.981,0.000,0,692,0,0
2859,24.091,24.091,9.991,13.521,0.371,0.208,1,20.728,6.981,0.000,359,75411,2131,25329
2860,9.278,3.874,3.535,0.099,0.004,0.236,0,20.275,6.950,0.000,0,692,0,0
2861,25.284,25.284,11.358,13.281,0.432,0.213,1,20.275,6.950,0.000,359,75411,2130,25329
2862,8.090,4.364,4.066,0.105,0.004,0.189,0,22.089,7.265,0.000,0,692,0,0
2863,25.927,25.927,11.123,13.517,0.441,0.845,1,22.089,7.265,0.000,359,75411,2131,25329
2864,7.429,3.624,3.316,0.101,0.005,0.201,0,20.470,7.405,0.000,0,692,0,0
2865,23.945,23.945,11.161,12.235,0.314,0.235,1,20.470,7.405,0.000,359,75411,2132,25329
2866,9.425,4.320,3.959,0.104,0.004,0.252,0,20.140,7.111,0.000,0,692,0,0
2867,23.889,23.889,10.618,12.703,0.369,0.199,1,20.140,7.111,0.000,359,75411,2131,25329
2868,9.480,3.634,3.316,0.122,0.004,0.192,0,20.936,7.112,0.000,0,692,0,0
2869,24.292,24.292,10.221,13.426,0.383,0.261,1,20.936,7.112,0.000,359,75411,2130,25329
2870,9.072,3.461,3.184,0.100,0.004,0.173,0,20.326,7.024,0.000,0,692,0,0
2871,23.976,23.976,10.020,13.390,0.363,0.202,1,20.326,7.024,0.000,359,75411,2131,25329
2872,9.388,3.616,3.289,0.099,0.003,0.224,0,19.866,7.082,0.000,0,692,0,0
2873,24.030,24.030,10.496,12.928,0.395,0.212,1,19.866,7.082,0.000,359,75411,2131,25329
2874,9.340,3.676,3.277,0.100,0.004,0.294,0,20.728,6.852,0.000,0,692,0,0
2875,24.915,24.915,11.254,12.910,0.425,0.325,1,20.728,6.852,0.000,360,75411,2133,25329
2876,8.450,3.638,3.303,0.100,0.003,0.231,0,20.524,6.986,0.000,0,692,0,0
2877,22.620,22.620,9.797,12.177,0.394,0.252,1,20.524,6.986,0.000,359,75411,2131,25329
2878,10.744,6.457,6.065,0.101,0.006,0.285,0,20.150,6.966,0.000,0,692,0,0
2879,24.729,24.729,11.592,12.458,0.411,0.268,1,20.150,6.966,0.000,359,75411,2130,25329
2880,8.676,3.748,3.427,0.100,0.003,0.217,0,21.174,7.586,0.000,0,692,0,0
2881,29.418,29.418,15.230,12.997,0.879,0.313,1,18.839,7.309,0.000,359,75411,2131,25329
2882,3.925,3.925,3.574,0.100,0.004,0.246,0,18.839,7.309,0.000,0,692,0,0
2883,27.053,27.053,13.448,12.893,0.420,0.292,1,18.839,7.309,0.000,359,75411,2131,25329
2884,6.301,5.210,4.781,0.111,0.007,0.310,0,18.821,7.080,0.000,0,692,0,0
2885,26.332,26.332,13.412,12.258,0.426,0.235,1,18.821,7.080,0.000,360,75411,2133,25329
2886,7.031,4.252,3.673,0.103,0.004,0.472,0,18.765,6.991,0.000,0,692,0,0
2887,26.106,26.106,11.840,13.531,0.473,0.262,1,18.765,6.991,0.000,359,75411,2130,25329
2888,7.265,3.541,3.239,0.100,0.003,0.199,0,21.025,7.237,0.000,0,692,0,0
2889,24.130,24.130,9.932,13.774,0.263,0.161,1,21.025,7.237,0.000,359,75411,2131,25329
2890,9.305,3.855,3.573,0.099,0.005,0.178,0,21.442,7.153,0.000,0,692,0,0
2891,31.175,31.175,11.138,19.357,0.468,0.213,1,20.543,6.599,0.000,359,75411,2131,25329
2892,3.659,3.659,3.380,0.101,0.004,0.174,0,20.543,6.599,0.000,0,692,0,0
2893,22.688,22.688,9.860,12.186,0.393,0.248,1,20.543,6.599,0.000,359,75411,2130,25329
2894,9.165,3.539,3.263,0.101,0.004,0.171,0,22.042,6.971,0.000,0,692,0,0
2895,24.400,24.400,11.260,12.554,0.382,0.203,1,22.042,6.971,0.000,359,75411,2131,25329
2896,8.964,5.283,4.977,0.100,0.006,0.201,0,21.902,7.991,0.000,0,692,0,0
2897,24.775,24.775,11.766,12.353,0.470,0.186,1,21.902,7.991,0.000,359,75411,2131,25329
2898,9.997,6.245,5.992,0.103,0.004,0.147,0,21.766,7.718,0.000,0,692,0,0
2899,26.147,26.147,12.100,13.306,0.499,0.242,1,21.766,7.718,0.000,359,75411,2131,25329
2900,5.840,5.404,5.141,0.109,0.005,0.148,0,21.766,7.718,0.000,0,692,0,0
2901,16.642,11.487,11.179,0.102,0.007,0.198,0,29.679,7.334,0.000,0,692,0,0
2902,30.369,30.369,11.713,18.116,0.382,0.158,1,21.768,3.336,5.410,359,75411,1500,25329
2903,4.112,4.112,3.848,0.106,0.007,0.152,0,21.768,3.336,5.410,0,692,0,0
2904,26.698,26.698,12.076,14.131,0.292,0.199,1,21.768,3.336,0.000,359,75411,2131,25329
2905,5.546,5.257,5.006,0.106,0.007,0.137,0,21.337,7.140,0.000,0,692,0,0
2906,25.592,25.592,11.960,12.800,0.597,0.234,1,21.337,7.140,0.000,359,75411,2130,25329
2907,7.779,4.864,4.548,0.102,0.004,0.210,0,20.377,7.831,0.000,0,692,0,0
2908,23.513,23.513,10.862,12.103,0.364,0.184,1,20.377,7.831,0.000,359,75411,2131,25329
2909,9.854,4.577,4.319,0.100,0.004,0.155,0,19.602,7.629,0.000,0,692,0,0
2910,23.791,23.791,11.002,12.073,0.472,0.244,1,19.602,7.629,0.000,359,75411,2130,25329
2911,9.574,4.554,4.293,0.100,0.004,0.157,0,19.957,6.878,0.000,0,692,0,0
2912,24.680,24.680,10.730,13.411,0.362,0.177,1,19.957,6.878,0.000,359,75411,2129,25329
2913,8.686,3.794,3.489,0.100,0.003,0.201,0,18.631,6.924,0.000,0,692,0,0
2914,25.011,25.011,11.401,12.898,0.530,0.183,1,18.631,6.924,0.000,359,75411,2130,25329
2915,8.367,3.656,3.344,0.178,0.004,0.130,0,21.661,7.327,0.000,0,692,0,0
2916,24.724,24.724,11.539,12.585,0.409,0.191,1,21.661,7.327,0.000,359,75411,2130,25329
2917,8.632,4.507,4.273,0.102,0.004,0.128,0,20.237,7.200,0.000,0,700,0,0
2918,30.299,30.299,12.580,17.123,0.443,0.154,1,20.237,7.200,0.000,361,75419,2155,25329
2919,3.877,3.877,3.594,0.105,0.005,0.173,0,20.237,7.200,0.000,0,700,0,0
2920,29.472,29.472,13.255,15.726,0.345,0.146,1,26.001,7.334,2.622,361,75419,1691,25329
2921,3.882,3.882,3.626,0.102,0.004,0.150,0,21.293,5.980,2.622,0,700,0,0
2922,25.936,25.936,12.504,12.826,0.355,0.252,1,21.293,5.980,0.000,361,75419,2146,25329
2923,6.635,5.029,4.779,0.103,0.004,0.143,0,20.672,7.315,0.000,0,700,0,0
2924,24.520,24.520,10.827,13.027,0.499,0.167,1,20.672,7.315,0.000,361,75419,2146,25329
2925,8.849,3.643,3.347,0.100,0.002,0.194,0,20.370,7.201,0.000,0,700,0,0
2926,24.139,24.139,10.048,13.556,0.367,0.168,1,20.370,7.201,0.000,361,75419,2146,25329
2927,9.487,3.795,3.559,0.101,0.005,0.130,0,20.485,7.137,0.000,0,700,0,0
2928,25.280,25.280,11.839,12.681,0.573,0.188,1,20.485,7.137,0.000,361,75419,2145,25329
2929,8.029,4.604,4.361,0.103,0.004,0.135,0,20.375,7.370,0.000,0,700,0,0
2930,25.248,25.248,10.868,13.881,0.371,0.130,1,20.375,7.370,0.000,362,75419,2148,25329
2931,7.919,4.188,3.933,0.101,0.006,0.148,0,18.977,7.151,0.000,0,700,0,0
2932,25.097,25.097,11.172,13.275,0.497,0.152,1,18.977,7.151,0.000,361,75419,2146,25329
2933,8.278,3.826,3.602,0.103,0.004,0.118,0,21.880,7.256,0.000,0,700,0,0
2934,23.676,23.676,10.274,12.815,0.404,0.183,1,21.880,7.256,0.000,361,75419,2146,25329
2935,9.689,3.574,3.352,0.102,0.004,0.116,0,21.726,7.790,0.000,0,700,0,0
2936,23.550,23.550,10.565,12.339,0.470,0.176,1,21.726,7.790,0.000,361,75419,2146,25329
2937,9.816,3.713,3.370,0.101,0.004,0.237,0,21.043,8.037,0.000,0,700,0,0
2938,23.373,23.373,10.120,12.584,0.467,0.203,1,21.043,8.037,0.000,361,75419,2145,25329
2939,9.989,3.765,3.491,0.103,0.003,0.167,0,21.179,7.693,0.000,0,700,0,0
2940,25.186,25.186,11.841,12.548,0.538,0.259,1,21.179,7.693,0.000,361,75419,2146,25329
2941,8.173,4.609,4.338,0.104,0.004,0.163,0,19.596,7.964,0.000,0,700,0,0
2942,24.073,24.073,11.282,12.163,0.433,0.194,1,19.596,7.964,0.000,361,75419,2146,25329
2943,9.337,5.167,4.854,0.103,0.004,0.205,0,19.653,7.835,0.000,0,700,0,0
2944,24.837,24.837,11.723,12.334,0.555,0.226,1,19.653,7.835,0.000,361,75419,2146,25329
2945,8.498,4.380,4.162,0.103,0.004,0.111,0,20.053,7.241,0.000,0,700,0,0
2946,25.989,25.989,11.868,13.510,0.448,0.163,1,20.053,7.241,0.000,361,75419,2145,25329
2947,7.366,3.567,3.342,0.103,0.005,0.117,0,20.541,7.222,0.000,0,700,0,0
2948,25.174,25.174,11.624,12.941,0.463,0.146,1,20.541,7.222,0.000,361,75419,2146,25329
2949,8.203,4.356,4.089,0.109,0.005,0.152,0,21.912,7.171,0.000,0,700,0,0
2950,25.667,25.667,11.495,13.405,0.643,0.124,1,21.912,7.171,0.000,361,75419,2147,25329
2951,7.690,4.677,4.486,0.118,0.005,0.068,0,20.908,7.305,0.000,0,700,0,0
2952,30.092,30.092,10.372,18.829,0.451,0.441,1,20.171,6.592,0.000,361,75419,2145,25329
2953,4.453,4.453,3.975,0.108,0.007,0.363,0,20.171,6.592,0.000,0,700,0,0
2954,25.687,25.687,11.308,13.696,0.323,0.359,1,20.171,6.592,0.000,361,75419,2146,25329
2955,6.505,4.627,4.069,0.104,0.003,0.451,0,21.719,7.066,0.000,0,700,0,0
2956,24.660,24.660,10.772,13.081,0.435,0.372,1,21.719,7.066,0.000,361,75419,2146,25329
2957,8.713,3.781,3.335,0.102,0.004,0.339,0,21.720,7.669,0.000,0,700,0,0
2958,24.728,24.728,10.183,13.687,0.376,0.482,1,21.720,7.669,0.000,361,75419,2146,25329
2959,8.633,3.814,3.367,0.101,0.006,0.340,0,21.833,7.108,0.000,0,700,0,0
2960,24.689,24.689,10.181,13.750,0.411,0.347,1,21.833,7.108,0.000,361,75419,2145,25329
2961,8.679,3.806,3.251,0.123,0.003,0.428,0,20.925,6.897,0.000,0,700,0,0
2962,24.447,24.447,10.025,13.698,0.373,0.351,1,20.925,6.897,0.000,361,75419,2146,25329
2963,8.923,3.679,3.252,0.101,0.004,0.322,0,21.322,6.997,0.000,0,700,0,0
2964,27.846,27.846,13.654,13.266,0.470,0.456,1,21.322,6.997,0.000,361,75419,2146,25329
2965,5.515,4.009,3.593,0.102,0.004,0.310,0,20.413,7.255,0.000,0,700,0,0
2966,26.834,26.834,11.914,14.057,0.511,0.352,1,20.413,7.255,0.000,361,75419,2146,25329
2967,6.533,4.115,3.569,0.102,0.005,0.440,0,21.395,7.211,0.000,0,700,0,0
2968,24.059,24.059,11.218,12.223,0.300,0.318,1,21.395,7.211,0.000,361,75419,2146,25329
2969,9.309,4.363,3.946,0.113,0.004,0.300,0,20.897,7.311,0.000,0,700,0,0
2970,24.531,24.531,11.448,12.257,0.399,0.428,1,20.897,7.311,0.000,361,75419,2145,25329
2971,8.832,4.196,3.781,0.102,0.005,0.309,0,21.472,7.069,0.000,0,700,0,0
2972,24.522,24.522,11.474,12.343,0.375,0.331,1,21.472,7.069,0.000,361,75419,2146,25329
2973,8.850,3.721,3.220,0.101,0.005,0.396,0,20.923,7.054,0.000,0,700,0,0
2974,25.074,25.074,10.573,13.736,0.397,0.367,1,20.923,7.054,0.000,361,75419,2146,25329
2975,8.290,3.815,3.391,0.103,0.004,0.317,0,21.472,7.136,0.000,0,700,0,0
2976,24.701,24.701,10.245,13.632,0.396,0.428,1,21.472,7.136,0.000,361,75419,2146,25329
2977,8.667,3.614,3.205,0.102,0.004,0.303,0,21.571,6.906,0.000,0,700,0,0
2978,24.421,24.421,10.118,13.590,0.384,0.329,1,21.571,6.906,0.000,361,75419,2145,25329
2979,8.952,3.735,3.232,0.102,0.004,0.397,0,21.104,6.892,0.000,0,700,0,0
2980,25.522,25.522,11.500,13.223,0.468,0.331,1,21.104,6.892,0.000,361,75419,2146,25329
2981,7.849,4.416,3.999,0.107,0.006,0.304,0,22.681,7.329,0.000,0,700,0,0
2982,26.564,26.564,11.395,14.283,0.450,0.436,1,22.681,7.329,0.000,361,75419,2147,25329
2983,6.797,3.658,3.232,0.102,0.004,0.320,0,22.035,7.411,0.000,0,700,0,0
2984,24.572,24.572,10.719,13.082,0.426,0.345,1,22.035,7.411,0.000,361,75419,2146,25329
2985,8.792,4.465,3.932,0.103,0.004,0.427,0,21.506,7.089,0.000,0,700,0,0
2986,24.370,24.370,10.124,13.587,0.310,0.350,1,21.506,7.089,0.000,361,75419,2145,25329
2987,8.999,4.215,3.788,0.103,0.004,0.321,0,21.249,7.157,0.000,0,700,0,0
2988,24.628,24.628,10.095,13.692,0.397,0.443,1,21.249,7.157,0.000,361,75419,2146,25329
2989,8.737,3.730,3.316,0.101,0.004,0.308,0,22.171,7.137,0.000,0,700,0,0
2990,25.317,25.317,12.004,12.572,0.385,0.356,1,22.171,7.137,0.000,362,75423,2161,25329
2991,8.044,3.794,3.286,0.104,0.005,0.400,0,21.300,7.232,0.000,0,704,0,0
2992,24.884,24.884,10.925,13.277,0.352,0.329,1,21.300,7.232,0.000,363,75423,2163,25329
2993,8.485,3.797,3.389,0.102,0.004,0.302,0,21.132,7.314,0.000,0,704,0,0
2994,24.666,24.666,10.153,13.705,0.379,0.428,1,21.132,7.314,0.000,362,75423,2161,25329
2995,8.712,3.654,3.245,0.103,0.004,0.302,0,21.498,7.042,0.000,0,704,0,0
2996,24.792,24.792,10.531,12.925,0.373,0.964,1,21.498,7.042,0.000,362,75423,2160,25329
2997,8.562,4.024,3.492,0.103,0.004,0.425,0,20.753,6.995,0.000,0,704,0,0
2998,24.457,24.457,11.356,12.317,0.376,0.408,1,20.753,6.995,0.000,362,75423,2161,25329
2999,8.909,4.611,4.019,0.102,0.005,0.485,0,20.973,6.974,0.000,0,704,0,0
3000,26.655,26.655,12.738,13.071,0.450,0.396,1,20.973,6.974,0.000,362,75423,2161,25329
3001,6.710,4.496,4.047,0.103,0.004,0.341,0,19.346,6.966,0.000,0,704,0,0
3002,25.257,25.257,11.147,13.065,0.546,0.499,1,19.346,6.966,0.000,362,75423,2162,25329
3003,8.124,3.783,3.316,0.103,0.004,0.360,0,23.637,7.735,0.000,0,704,0,0
3004,25.621,25.621,10.413,14.468,0.366,0.373,1,23.637,7.735,2.501,362,75423,1682,25329
3005,7.755,4.163,3.561,0.104,0.004,0.493,0,21.629,6.674,2.501,0,704,0,0
3006,24.480,24.480,10.550,13.069,0.367,0.494,1,21.629,6.674,0.000,362,75423,2161,25329
3007,8.879,3.968,3.467,0.102,0.004,0.396,0,22.161,7.843,0.000,0,704,0,0
3008,26.576,26.576,10.917,14.440,0.633,0.585,1,22.161,7.843,2.374,363,75447,1737,25329
3009,6.779,4.016,3.511,0.103,0.005,0.397,0,23.395,6.821,2.374,0,752,0,0
3010,28.692,28.692,11.010,16.683,0.421,0.577,1,19.385,5.388,2.887,363,75495,1737,25329
3011,4.667,4.379,3.666,0.105,0.004,0.604,0,19.385,5.388,2.887,0,800,0,0
3012,34.122,34.122,11.944,21.361,0.416,0.401,1,19.481,6.581,0.000,363,75543,2175,25329
3013,5.091,5.091,4.583,0.109,0.006,0.393,0,19.481,6.581,0.000,0,848,0,0
3014,25.799,25.799,11.276,13.756,0.283,0.483,1,19.481,6.581,0.000,363,75591,2177,25329
3015,6.635,6.635,6.188,0.108,0.004,0.334,0,19.715,7.172,0.000,0,896,0,0
3016,26.585,26.585,11.320,14.483,0.443,0.339,1,19.715,7.172,0.000,363,75639,2176,25329
3017,4.080,4.080,3.563,0.103,0.004,0.409,0,19.715,7.172,0.000,0,944,0,0
3018,27.728,27.728,14.409,12.633,0.358,0.328,1,23.657,7.114,0.000,363,75687,2175,25329
3019,4.045,4.045,3.664,0.104,0.004,0.273,0,20.122,7.106,0.000,0,992,0,0
3020,26.929,26.929,12.990,13.128,0.477,0.334,1,20.122,7.106,0.000,363,75735,2176,25329
3021,5.823,4.588,4.242,0.104,0.004,0.238,0,21.421,7.736,0.000,0,1040,0,0
3022,24.849,24.849,10.309,13.981,0.311,0.248,1,21.421,7.736,0.000,363,75783,2176,25329
3023,8.521,4.001,3.572,0.105,0.004,0.321,0,20.731,7.311,0.000,0,1080,0,0
3024,27.897,27.897,13.689,13.445,0.454,0.309,1,20.731,7.311,0.000,369,76175,2220,25329
3025,5.475,4.378,3.995,0.110,0.005,0.267,0,20.141,7.010,0.000,0,1456,0,0
3026,27.139,27.139,12.506,13.867,0.344,0.422,1,20.141,7.010,0.000,368,76175,2218,25329
3027,6.218,4.357,3.998,0.108,0.005,0.247,0,21.786,7.215,0.000,0,1456,0,0
3028,24.014,24.014,10.583,12.782,0.323,0.326,1,21.786,7.215,0.000,368,76175,2217,25329
3029,9.355,6.081,5.643,0.107,0.007,0.324,0,20.991,6.990,0.000,0,1456,0,0
3030,27.519,27.519,12.416,14.486,0.343,0.275,1,20.991,6.990,0.000,368,76175,2218,25329
3031,5.845,4.148,3.783,0.109,0.004,0.252,0,21.106,7.410,0.000,0,1456,0,0
3032,25.333,25.333,11.424,13.195,0.352,0.362,1,21.106,7.410,0.000,368,76175,2218,25329
3033,8.035,4.936,4.524,0.109,0.007,0.297,0,21.263,7.092,0.000,0,1456,0,0
3034,25.254,25.254,11.413,13.148,0.342,0.350,1,21.263,7.092,0.000,368,76175,2218,25329
3035,8.111,5.236,4.733,0.114,0.004,0.385,0,20.756,7.192,0.000,0,1456,0,0
3036,25.207,25.207,11.297,13.279,0.328,0.303,1,20.756,7.192,0.000,368,76175,2217,25329
3037,8.168,4.174,3.781,0.110,0.004,0.279,0,20.543,6.986,0.000,0,1456,1,0
3038,26.963,26.963,12.515,13.739,0.330,0.378,1,20.543,6.986,0.000,368,76175,2217,25329
3039,6.405,4.278,3.899,0.108,0.004,0.266,0,18.801,7.049,0.000,0,1456,0,0
3040,26.957,26.957,11.493,14.824,0.342,0.298,1,18.801,7.049,0.000,368,76175,2218,25329
3041,6.405,4.214,3.743,0.106,0.005,0.360,0,21.292,7.311,0.000,0,1456,0,0
3042,25.376,25.376,11.822,12.788,0.346,0.420,1,21.292,7.311,0.000,368,76175,2218,25329
3043,7.988,4.292,3.863,0.108,0.005,0.316,0,20.948,7.140,0.000,0,1456,0,0
3044,23.954,23.954,10.405,12.639,0.461,0.449,1,20.948,7.140,0.000,368,76175,2219,25329
3045,9.412,6.519,6.121,0.109,0.004,0.284,0,20.682,7.081,0.000,0,1456,0,0
3046,27.931,27.931,12.273,14.952,0.360,0.346,1,20.682,7.081,0.000,368,76175,2217,25329
3047,5.434,4.297,3.825,0.108,0.004,0.361,0,21.319,7.153,0.000,0,1456,0,0
3048,24.855,24.855,11.122,13.193,0.251,0.288,1,21.319,7.153,0.000,368,76175,2218,25329
3049,8.510,4.721,4.342,0.108,0.004,0.267,0,20.498,7.027,0.000,0,1456,0,0
3050,24.876,24.876,10.451,13.672,0.415,0.338,1,20.498,7.027,0.000,368,76175,2218,25329
3051,8.495,4.710,4.336,0.124,0.007,0.243,0,20.925,7.078,0.000,0,1456,0,0
3052,26.911,26.911,12.967,13.255,0.439,0.249,1,20.925,7.078,0.000,368,76175,2218,25329
3053,6.454,4.554,4.206,0.109,0.004,0.235,0,21.118,7.979,0.000,0,1456,0,0
3054,27.192,27.192,12.535,14.077,0.396,0.184,1,21.118,7.979,0.000,368,76175,2219,25329
3055,6.175,4.764,4.488,0.108,0.004,0.164,0,20.753,7.282,0.000,0,1456,0,0
3056,24.860,24.860,11.171,13.161,0.290,0.237,1,20.753,7.282,0.000,368,76175,2217,25329
3057,8.511,4.146,3.846,0.109,0.004,0.187,0,20.424,6.911,0.000,0,1456,0,0
3058,24.964,24.964,11.128,13.285,0.341,0.210,1,20.424,6.911,0.000,368,76175,2218,25329
3059,8.405,4.285,3.865,0.108,0.004,0.307,0,20.123,7.016,0.000,0,1456,0,0
3060,24.051,24.051,10.274,13.006,0.529,0.242,1,20.123,7.016,0.000,368,76175,2218,25329
3061,9.316,6.215,5.915,0.110,0.004,0.187,0,20.933,6.988,0.000,0,1456,0,0
3062,27.623,27.623,12.569,14.404,0.380,0.270,1,20.933,6.988,0.000,368,76175,2218,25329
3063,5.741,4.068,3.772,0.108,0.004,0.184,0,21.727,7.386,0.000,0,1456,0,0
3064,24.703,24.703,11.136,13.074,0.294,0.199,1,21.727,7.386,0.000,368,76175,2218,25329
3065,8.664,4.330,3.961,0.118,0.004,0.246,0,21.118,7.071,0.000,0,1456,0,0
3066,23.799,23.799,10.500,12.535,0.528,0.236,1,21.118,7.071,0.000,368,76175,2217,25329
3067,9.571,3.927,3.681,0.107,0.004,0.134,0,21.850,7.597,0.000,0,1456,0,0
3068,24.897,24.897,11.208,13.051,0.448,0.190,1,21.850,7.597,0.000,368,76175,2218,25329
3069,8.477,3.929,3.683,0.107,0.004,0.135,0,22.901,7.904,0.000,0,1456,0,0
3070,26.574,26.574,11.097,14.902,0.422,0.153,1,22.901,7.904,2.138,368,76175,1814,25329
3071,6.783,4.941,4.638,0.109,0.008,0.186,0,22.178,6.372,2.138,0,1456,0,0
3072,30.786,30.786,11.077,19.077,0.425,0.206,1,20.327,6.549,0.000,368,76175,2217,25329
3073,4.873,4.873,4.584,0.114,0.004,0.171,0,20.327,6.549,0.000,0,1456,0,0
3074,26.456,26.456,11.165,14.648,0.270,0.373,1,20.327,6.549,0.000,368,76175,2218,25329
3075,6.389,6.389,5.999,0.108,0.004,0.278,0,19.907,7.303,0.000,0,1456,0,0
3076,26.948,26.948,11.618,14.701,0.378,0.251,1,19.907,7.303,0.000,368,76175,2219,25329
3077,4.648,4.105,3.684,0.109,0.003,0.309,0,21.365,7.192,0.000,0,1456,0,0
3078,26.336,26.336,13.058,12.680,0.314,0.284,1,21.365,7.192,0.000,368,76175,2218,25329
3079,7.029,4.317,3.945,0.110,0.005,0.257,0,20.413,7.069,0.000,0,1456,0,0
3080,24.270,24.270,11.264,12.230,0.386,0.390,1,20.413,7.069,0.000,362,75423,2160,25329
3081,9.101,4.327,3.964,0.107,0.004,0.253,0,20.668,6.964,0.000,0,704,0,0
3082,24.463,24.463,10.130,13.702,0.369,0.263,1,20.668,6.964,0.000,362,75423,2161,25329
3083,8.901,3.643,3.225,0.102,0.003,0.313,0,20.856,7.132,0.000,0,704,0,0
3084,25.051,25.051,11.004,13.386,0.392,0.269,1,20.856,7.132,0.000,362,75423,2161,25329
3085,8.314,3.594,3.247,0.102,0.005,0.240,0,20.651,7.271,0.000,0,704,0,0
3086,24.790,24.790,10.407,13.617,0.409,0.357,1,20.651,7.271,0.000,363,75423,2163,25329
3087,8.577,3.648,3.302,0.103,0.004,0.239,0,21.057,7.080,0.000,0,704,0,0
3088,24.410,24.410,10.144,13.616,0.362,0.288,1,21.057,7.080,0.000,362,75423,2161,25329
3089,8.969,3.850,3.386,0.102,0.005,0.357,0,20.506,6.972,0.000,0,704,0,0
3090,26.611,26.611,12.650,13.170,0.532,0.259,1,20.506,6.972,0.000,362,75423,2160,25329
3091,6.743,3.753,3.421,0.103,0.004,0.225,0,20.405,7.313,0.000,0,704,0,0
3092,27.005,27.005,12.865,13.278,0.528,0.335,1,20.405,7.313,0.000,362,75423,2161,25329
3093,6.360,3.773,3.445,0.102,0.004,0.223,0,20.421,7.230,0.000,0,704,0,0
3094,27.218,27.218,12.285,13.610,1.065,0.258,1,20.421,7.230,0.000,362,75423,2161,25329
3095,6.147,3.795,3.389,0.103,0.004,0.300,0,20.957,7.370,0.000,0,704,0,0
3096,24.495,24.495,10.764,13.163,0.291,0.278,1,20.957,7.370,0.000,363,75423,2163,25329
3097,8.876,4.409,3.444,0.685,0.005,0.275,0,20.264,6.984,0.000,0,704,0,0
3098,24.752,24.752,11.018,12.845,0.519,0.370,1,20.264,6.984,0.000,361,75419,2145,25329
3099,8.615,4.333,3.982,0.104,0.005,0.241,0,21.552,8.493,0.000,0,704,0,0
3100,24.735,24.735,11.691,12.334,0.372,0.338,1,21.552,8.493,0.000,362,75423,2161,25329
3101,8.633,4.262,3.930,0.105,0.003,0.223,0,19.361,7.907,0.000,0,704,0,0
3102,26.853,26.853,11.432,14.699,0.464,0.258,1,19.361,7.907,0.000,362,75423,2161,25329
3103,6.512,4.012,3.605,0.103,0.004,0.300,0,21.103,7.308,0.000,0,704,0,0
3104,24.450,24.450,10.789,13.045,0.304,0.312,1,21.103,7.308,0.000,362,75423,2161,25329
3105,8.928,3.711,3.352,0.103,0.004,0.253,0,20.921,6.965,0.000,0,704,0,0
3106,26.954,26.954,13.227,12.826,0.526,0.375,1,20.921,6.965,0.000,362,75423,2160,25329
3107,6.397,3.809,3.462,0.103,0.003,0.240,0,20.277,7.268,0.000,0,704,0,0
3108,25.398,25.398,11.177,13.428,0.516,0.277,1,20.277,7.268,0.000,362,75423,2162,25329
3109,7.980,3.907,3.473,0.103,0.004,0.328,0,22.323,7.301,0.000,0,704,0,0
3110,23.658,23.658,10.281,12.571,0.395,0.410,1,22.323,7.301,0.000,362,75423,2161,25329
3111,9.712,3.813,3.472,0.102,0.004,0.235,0,21.323,8.373,0.000,0,704,0,0
3112,24.132,24.132,10.334,12.811,0.473,0.513,1,21.323,8.373,0.000,362,75423,2161,25329
3113,9.221,4.971,4.623,0.105,0.005,0.239,0,21.322,8.430,0.000,0,704,0,0
3114,24.532,24.532,11.433,12.238,0.587,0.274,1,21.322,8.430,0.000,362,75423,2161,25329
3115,8.834,4.235,3.818,0.103,0.003,0.311,0,19.509,7.562,0.000,0,704,0,0
3116,26.370,26.370,11.445,14.273,0.380,0.271,1,19.509,7.562,0.000,363,75447,2175,25329
3117,7.000,3.827,3.456,0.104,0.006,0.260,0,20.844,7.294,0.000,0,752,0,0
3118,24.567,24.567,10.141,13.764,0.288,0.374,1,20.844,7.294,0.000,364,75487,2178,25329
3119,8.800,5.928,3.787,0.103,0.004,2.033,0,21.493,7.303,0.000,0,792,0,0
3120,25.282,25.282,10.688,13.791,0.449,0.354,1,21.493,7.303,0.000,363,75535,2176,25329
3121,8.099,3.936,3.426,0.104,0.004,0.402,0,21.154,7.198,0.000,0,840,0,0
3122,25.479,25.479,11.550,13.102,0.484,0.344,1,21.154,7.198,0.000,363,75583,2176,25329
3123,7.878,3.893,3.470,0.104,0.004,0.314,0,22.912,7.314,0.000,0,888,0,0
3124,29.008,29.008,13.193,14.975,0.406,0.434,1,19.613,6.419,1.703,363,75631,1848,25329
3125,4.573,4.573,4.122,0.113,0.006,0.331,0,19.613,6.419,1.703,0,936,0,0
3126,24.679,24.679,10.501,13.363,0.443,0.371,1,19.613,6.419,0.000,363,75679,2176,25329
3127,8.469,7.177,6.643,0.104,0.004,0.426,0,21.897,7.582,0.000,0,984,0,0
3128,28.106,28.106,13.523,13.645,0.553,0.384,1,21.897,7.582,0.000,363,75727,2176,25329
3129,5.259,4.020,3.608,0.105,0.004,0.303,0,21.208,7.413,0.000,0,1032,0,0
3130,24.917,24.917,11.005,13.192,0.243,0.476,1,21.208,7.413,0.000,364,75755,2180,25329
3131,8.467,3.946,3.487,0.104,0.004,0.352,0,22.239,7.194,0.000,0,1036,0,0
3132,40.737,40.737,11.775,28.207,0.415,0.340,1,20.089,10.855,0.000,347,75755,3155,904
3133,4.977,4.977,4.436,0.109,0.007,0.425,0,20.089,10.855,0.000,0,1036,0,0
3134,4.314,4.002,3.627,0.103,0.004,0.268,0,20.089,10.855,0.000,0,1036,0,0
3135,23.124,23.124,10.904,11.300,0.557,0.364,1,20.089,10.855,0.000,345,75755,3210,0
3136,10.271,4.933,3.772,0.105,0.006,1.051,0,20.089,10.855,0.000,0,1036,0,0
3137,31.653,31.653,16.502,14.384,0.408,0.358,1,22.964,12.068,1.710,345,75755,1864,24741
3138,4.158,4.158,3.756,0.105,0.004,0.292,0,21.087,7.327,1.710,0,1036,0,0
3139,26.476,26.476,12.094,13.520,0.352,0.509,1,21.087,7.327,0.000,345,75755,2161,25329
3140,4.425,4.425,4.029,0.105,0.004,0.287,0,21.087,7.327,0.000,0,1036,0,0
3141,27.933,27.933,12.535,14.728,0.376,0.294,1,23.490,7.487,1.485,345,75755,1891,25329
3142,5.428,4.332,3.878,0.106,0.004,0.344,0,20.845,6.675,1.485,0,1036,0,0
3143,24.924,24.924,12.229,12.019,0.368,0.308,1,20.845,6.675,0.000,344,75751,2156,25329
3144,8.448,5.214,4.800,0.114,0.008,0.293,0,20.880,6.864,0.000,0,1032,0,0
3145,25.786,25.786,10.939,14.132,0.348,0.367,1,20.880,6.864,0.000,344,75751,2157,25329
3146,7.580,4.679,4.274,0.109,0.004,0.292,0,21.068,7.222,0.000,0,1416,0,0
3147,27.119,27.119,10.483,15.918,0.408,0.311,1,21.068,7.222,0.000,351,76239,2217,25329
3148,6.273,4.505,3.992,0.110,0.006,0.397,0,21.068,7.222,0.000,0,1520,0,0
3149,16.653,8.919,8.510,0.113,0.007,0.289,0,28.667,7.144,0.000,0,1520,0,0
3150,28.143,28.143,11.705,15.683,0.379,0.376,1,28.667,7.144,3.586,351,76239,1704,25329
3151,5.224,5.155,4.611,0.124,0.009,0.411,0,23.707,5.305,3.586,0,1520,0,0
3152,27.048,27.048,11.632,14.674,0.450,0.293,1,23.707,5.305,1.898,351,76239,1846,25329
3153,6.319,4.817,4.406,0.124,0.006,0.281,0,21.217,6.159,1.898,0,1520,0,0
3154,27.464,27.464,13.580,13.086,0.400,0.398,1,21.217,6.159,0.000,351,76239,2206,25329
3155,5.907,4.388,4.020,0.109,0.003,0.256,0,21.236,7.036,0.000,0,1520,0,0
3156,27.575,27.575,12.936,14.007,0.343,0.289,1,21.236,7.036,0.000,351,76239,2207,25329
3157,5.789,5.747,5.274,0.111,0.005,0.357,0,20.989,7.232,0.000,0,1520,0,0
3158,25.512,25.512,11.727,13.098,0.366,0.321,1,20.989,7.232,0.000,351,76239,2207,25329
3159,10.991,10.991,10.604,0.123,0.006,0.258,0,23.116,7.934,0.000,0,1520,0,0
3160,24.828,24.828,11.153,12.793,0.502,0.380,1,23.116,7.934,0.000,352,76239,2209,25329
3161,5.674,4.527,4.126,0.110,0.006,0.284,0,23.116,7.934,0.000,0,1520,0,0
3162,31.252,31.252,15.891,14.108,0.954,0.299,1,19.512,7.347,0.000,351,76239,2207,25329
3163,4.882,4.882,4.384,0.115,0.006,0.376,0,19.512,7.347,0.000,0,1520,0,0
3164,25.119,25.119,10.863,13.530,0.441,0.285,1,19.512,7.347,0.000,351,76239,2206,25329
3165,5.680,4.716,4.321,0.109,0.005,0.281,0,19.512,7.347,0.000,0,1520,0,0
3166,31.031,31.031,15.794,14.529,0.361,0.347,1,23.220,7.665,0.000,351,76239,2207,25329
3167,4.322,4.322,3.966,0.110,0.003,0.243,0,19.439,7.671,0.000,0,1520,0,0
3168,26.713,26.713,12.146,13.813,0.495,0.260,1,19.439,7.671,0.000,351,76239,2207,25329
3169,4.379,4.352,3.920,0.109,0.004,0.320,0,21.590,7.356,0.000,0,1520,0,0
3170,25.166,25.166,10.879,13.771,0.271,0.245,1,21.590,7.356,0.000,352,76239,2209,25329
3171,8.029,4.013,3.699,0.109,0.004,0.200,0,21.151,7.302,0.000,0,1520,0,0
3172,25.483,25.483,11.248,13.584,0.395,0.256,1,21.151,7.302,0.000,351,76239,2207,25329
3173,7.871,4.015,3.717,0.110,0.004,0.184,0,20.674,6.901,0.000,0,1520,0,0
3174,26.667,26.667,12.589,13.483,0.396,0.199,1,20.674,6.901,0.000,351,76239,2206,25329
3175,6.706,4.269,3.928,0.109,0.004,0.229,0,21.012,7.779,0.000,0,1520,0,0
3176,24.435,24.435,11.572,12.278,0.391,0.194,1,21.012,7.779,0.000,351,76239,2207,25329
3177,8.931,5.085,4.800,0.112,0.004,0.169,0,19.967,8.240,0.000,0,1520,0,0
3178,24.822,24.822,11.834,12.210,0.527,0.252,1,19.967,8.240,0.000,351,76239,2207,25329
3179,8.541,5.413,5.112,0.117,0.004,0.180,0,20.263,7.658,0.000,0,1520,0,0
3180,25.009,25.009,12.124,12.171,0.489,0.225,1,20.263,7.658,0.000,351,76239,2207,25329
3181,8.361,4.648,4.233,0.110,0.005,0.301,0,20.918,6.920,0.000,0,1520,0,0
3182,26.357,26.357,11.462,14.327,0.351,0.217,1,20.918,6.920,0.000,351,76239,2206,25329
3183,7.010,4.041,3.724,0.109,0.004,0.204,0,21.030,7.274,0.000,0,1520,0,0
3184,24.913,24.913,11.169,13.099,0.303,0.343,1,21.030,7.274,0.000,351,76239,2207,25329
3185,8.463,3.980,3.639,0.109,0.004,0.228,0,21.364,7.092,0.000,0,1520,0,0
3186,26.663,26.663,12.807,13.135,0.475,0.245,1,21.364,7.092,0.000,351,76239,2207,25329
3187,6.693,4.393,4.005,0.110,0.004,0.274,0,20.790,7.345,0.000,0,1520,0,0
3188,27.391,27.391,12.402,14.341,0.384,0.264,1,20.790,7.345,0.000,351,76239,2207,25329
3189,5.977,4.019,3.738,0.109,0.005,0.166,0,21.480,7.224,0.000,0,1520,0,0
3190,24.905,24.905,11.341,13.029,0.303,0.232,1,21.480,7.224,0.000,352,76239,2209,25329
3191,8.457,4.738,4.454,0.110,0.004,0.170,0,20.883,6.902,0.000,0,1520,0,0
3192,32.169,32.169,11.810,19.760,0.411,0.188,1,19.265,6.461,0.000,351,76239,2206,25329
3193,4.272,4.272,3.929,0.113,0.004,0.227,0,19.265,6.461,0.000,0,1520,0,0
3194,24.854,24.854,11.196,13.197,0.283,0.179,1,19.265,6.461,0.000,351,76239,2207,25329
3195,5.505,5.294,5.000,0.111,0.004,0.179,0,20.859,7.185,0.000,0,1520,0,0
3196,25.184,25.184,10.486,13.958,0.407,0.333,1,20.859,7.185,0.000,351,76239,2207,25329
3197,8.123,4.125,3.783,0.110,0.005,0.228,0,21.827,7.197,0.000,0,1520,0,0
3198,27.041,27.041,12.965,13.399,0.396,0.281,1,21.827,7.197,0.000,351,76239,2206,25329
3199,6.334,4.445,3.930,0.111,0.004,0.401,0,20.101,7.974,0.000,0,1520,0,0
3200,28.460,28.460,14.186,13.602,0.353,0.319,1,20.101,7.974,0.000,351,76239,2207,25329
3201,4.896,4.366,3.867,0.112,0.005,0.382,0,19.811,7.184,0.000,0,1520,0,0
3202,25.740,25.740,11.128,13.867,0.432,0.313,1,19.811,7.184,0.000,352,76239,2209,25329
3203,7.631,4.247,3.810,0.108,0.006,0.323,0,21.397,7.077,0.000,0,1520,0,0
3204,27.984,27.984,13.518,13.041,0.461,0.963,1,19.414,7.097,0.000,351,76239,2207,25329
3205,5.375,4.155,3.769,0.111,0.004,0.270,0,19.414,7.097,0.000,0,1520,0,0
3206,26.332,26.332,13.500,12.205,0.333,0.295,1,19.414,7.097,0.000,351,76239,2207,25329
3207,7.032,5.065,4.560,0.111,0.004,0.389,0,19.085,6.879,0.000,0,1528,0,0
3208,31.624,31.624,14.353,16.541,0.408,0.321,1,19.085,6.879,0.000,353,76199,2249,25329
3209,4.543,4.543,4.099,0.113,0.004,0.327,0,25.646,7.057,0.000,0,1480,0,0
3210,29.461,29.461,13.743,14.809,0.455,0.455,1,20.436,6.461,2.531,353,76199,1911,25329
3211,4.627,4.627,4.192,0.113,0.005,0.317,0,20.436,6.461,2.531,0,1480,0,0
3212,24.829,24.829,10.819,13.276,0.400,0.334,1,20.436,6.461,0.000,353,76199,2236,25329
3213,7.906,7.906,7.268,0.122,0.007,0.510,0,21.874,7.797,0.000,0,1480,0,0
3214,28.041,28.041,13.681,13.622,0.420,0.318,1,21.874,7.797,0.000,353,76199,2235,25329
3215,4.859,4.859,4.455,0.113,0.004,0.286,0,19.695,7.714,0.000,0,1480,0,0
3216,27.878,27.878,13.484,13.523,0.462,0.409,1,19.695,7.714,0.000,353,76199,2235,25329
3217,5.901,5.901,5.446,0.119,0.008,0.327,0,23.913,7.219,0.000,0,1480,0,0
3218,25.963,25.963,11.778,13.624,0.251,0.311,1,23.913,7.219,0.000,353,76199,2234,25329
3219,4.572,4.230,3.779,0.112,0.004,0.336,0,20.982,7.276,0.000,0,1480,0,0
3220,25.155,25.155,11.882,12.581,0.418,0.275,1,20.982,7.276,0.000,353,76199,2235,25329
3221,8.217,4.654,4.286,0.112,0.006,0.250,0,20.904,7.191,0.000,0,1480,0,0
3222,25.152,25.152,11.220,13.079,0.476,0.377,1,20.904,7.191,0.000,353,76199,2236,25329
3223,8.208,4.703,4.335,0.113,0.004,0.251,0,21.140,7.159,0.000,0,1480,0,0
3224,25.114,25.114,11.226,13.233,0.397,0.258,1,21.140,7.159,0.000,353,76199,2235,25329
3225,8.252,5.012,4.573,0.115,0.005,0.320,0,20.753,7.398,0.000,0,1480,0,0
3226,25.134,25.134,10.637,13.821,0.379,0.298,1,20.753,7.398,0.000,353,76199,2234,25329
3227,8.238,4.080,3.701,0.111,0.004,0.264,0,21.018,7.097,0.000,0,1480,0,0
3228,25.290,25.290,10.636,13.837,0.387,0.430,1,21.018,7.097,0.000,353,76199,2235,25329
3229,8.078,4.104,3.656,0.110,0.004,0.334,0,21.878,7.059,0.000,0,1480,0,0
3230,25.260,25.260,10.575,13.921,0.419,0.345,1,21.878,7.059,0.000,353,76199,2235,25329
3231,8.115,4.466,3.909,0.111,0.006,0.439,0,21.362,7.017,0.000,0,1480,0,0
3232,31.410,31.410,13.855,16.695,0.460,0.400,1,21.362,7.017,0.000,353,76199,2235,25329
3233,5.260,5.260,4.838,0.112,0.004,0.304,0,22.621,7.995,0.000,0,1480,0,0
3234,27.276,27.276,12.564,13.759,0.495,0.457,1,22.621,7.995,0.000,353,76199,2235,25329
3235,4.263,4.263,3.807,0.112,0.004,0.340,0,22.621,7.995,0.000,0,1480,0,0
3236,27.161,27.161,13.606,12.884,0.329,0.343,1,22.685,7.349,0.000,353,76199,2234,25329
3237,6.878,6.683,6.137,0.113,0.007,0.426,0,22.685,7.349,0.000,0,1480,0,0
3238,14.521,9.179,8.727,0.116,0.007,0.330,0,28.379,7.109,0.000,0,1480,0,0
3239,27.776,27.776,11.633,15.435,0.362,0.345,1,28.379,7.109,3.151,353,76199,1787,25329
3240,6.160,4.820,4.294,0.111,0.004,0.412,0,23.160,5.624,3.151,0,1480,0,0
3241,26.982,26.982,10.962,15.289,0.349,0.383,1,23.160,5.624,1.594,353,76199,1933,25329
3242,5.818,4.223,3.751,0.111,0.004,0.357,0,21.634,6.391,1.594,0,1480,0,0
3243,25.825,25.825,11.966,12.462,0.245,1.151,1,21.634,6.391,0.000,354,76199,2237,25329
3244,7.553,4.205,3.724,0.110,0.005,0.367,0,22.171,7.036,0.000,0,1480,0,0
3245,24.946,24.946,10.436,13.727,0.400,0.383,1,22.171,7.036,0.000,353,76199,2235,25329
3246,8.405,5.309,4.757,0.114,0.004,0.434,0,21.200,6.951,0.000,0,1480,0,0
3247,24.862,24.862,11.100,12.966,0.423,0.372,1,21.200,6.951,0.000,353,76199,2234,25329
3248,8.507,4.778,4.308,0.113,0.004,0.353,0,20.993,6.995,0.000,0,1480,0,0
3249,25.213,25.213,11.307,13.026,0.392,0.488,1,20.993,6.995,0.000,353,76199,2235,25329
3250,8.154,4.723,3.612,0.132,0.004,0.976,0,22.001,7.208,0.000,0,1480,0,0
3251,25.555,25.555,11.323,13.411,0.441,0.379,1,22.001,7.208,0.000,353,76199,2235,25329
3252,7.810,5.533,4.965,0.112,0.006,0.450,0,21.450,7.402,0.000,0,1480,0,0
3253,24.917,24.917,10.928,13.233,0.413,0.344,1,21.450,7.402,0.000,353,76199,2235,25329
3254,8.454,4.241,3.766,0.113,0.005,0.358,0,21.755,6.989,0.000,0,1480,0,0
3255,28.501,28.501,14.361,13.224,0.419,0.497,1,21.755,6.989,0.000,353,76199,2235,25329
3256,5.615,5.430,4.984,0.116,0.003,0.326,0,21.329,7.303,0.000,0,1480,0,0
3257,27.158,27.158,11.779,14.629,0.346,0.403,1,21.329,7.303,0.000,353,76199,2234,25329
3258,5.471,4.440,3.832,0.112,0.004,0.492,0,22.002,7.172,0.000,0,1480,0,0
3259,26.071,26.071,10.593,14.174,0.956,0.348,1,22.002,7.172,0.000,353,76199,2235,25329
3260,7.463,4.316,3.875,0.111,0.006,0.323,0,23.012,7.368,0.000,0,1480,0,0
3261,26.786,26.786,12.540,12.675,0.535,1.036,1,23.012,7.368,0.000,353,76199,2235,25329
3262,6.410,4.383,3.967,0.114,0.005,0.297,0,21.942,7.164,0.000,0,1480,0,0
3263,27.868,27.868,13.639,13.540,0.371,0.319,1,21.942,7.164,0.000,353,76199,2236,25329
3264,5.481,5.004,4.511,0.112,0.006,0.375,0,20.818,7.203,0.000,0,1480,0,0
3265,26.981,26.981,12.034,14.230,0.415,0.303,1,20.818,7.203,0.000,353,76199,2234,25329
3266,6.403,4.838,4.425,0.112,0.007,0.294,0,22.449,7.877,0.000,0,1480,0,0
3267,27.630,27.630,13.546,13.248,0.431,0.405,1,22.449,7.877,0.000,353,76199,2235,25329
3268,5.722,4.646,4.220,0.114,0.005,0.308,0,20.225,8.172,0.000,0,1480,0,0
3269,26.705,26.705,11.763,14.267,0.356,0.319,1,20.225,8.172,0.000,353,76199,2235,25329
3270,6.663,6.063,5.547,0.111,0.004,0.402,0,20.692,7.434,0.000,0,1480,0,0
3271,29.005,29.005,12.313,15.931,0.406,0.356,1,20.692,7.434,0.000,353,76199,2239,25329
3272,5.637,5.637,4.463,0.114,0.005,1.055,0,24.776,7.532,0.000,0,1408,0,0
3273,28.795,28.795,11.103,16.827,0.383,0.482,1,24.776,7.532,0.000,355,76255,2246,25329
3274,4.574,4.574,4.115,0.124,0.004,0.330,0,24.776,7.532,0.000,0,1536,0,0
3275,29.767,29.767,13.933,15.145,0.312,0.377,1,26.576,7.293,1.660,355,76255,1925,25329
3276,4.421,4.421,3.881,0.115,0.003,0.423,0,21.485,6.527,1.660,0,1536,0,0
3277,25.978,25.978,11.106,14.224,0.304,0.344,1,21.485,6.527,0.000,355,76255,2240,25329
3278,5.350,5.350,4.897,0.141,0.004,0.309,0,20.396,7.006,0.000,0,1536,0,0
3279,29.190,29.190,15.179,13.172,0.379,0.460,1,19.281,7.170,0.000,355,76255,2240,25329
3280,4.638,4.638,4.226,0.113,0.004,0.294,0,19.281,7.170,0.000,0,1536,0,0
3281,27.463,27.463,14.294,12.485,0.351,0.333,1,19.281,7.170,0.000,355,76255,2240,25329
3282,5.410,5.410,4.860,0.120,0.007,0.424,0,19.379,7.028,0.000,0,1536,0,0
3283,28.068,28.068,13.303,14.074,0.362,0.329,1,19.379,7.028,0.000,356,76255,2242,25329
3284,5.303,5.303,4.829,0.135,0.007,0.332,0,19.611,7.036,0.000,0,1536,0,0
3285,26.868,26.868,11.357,14.660,0.423,0.428,1,19.611,7.036,0.000,355,76255,2239,25329
3286,6.469,4.217,3.794,0.115,0.004,0.305,0,22.693,7.253,0.000,0,1536,0,0
3287,25.316,25.316,11.426,13.221,0.324,0.345,1,22.693,7.253,0.000,355,76255,2240,25329
3288,8.054,4.433,3.880,0.112,0.006,0.434,0,21.640,7.257,0.000,0,1536,0,0
3289,27.621,27.621,13.401,13.461,0.415,0.345,1,21.640,7.257,0.000,355,76255,2240,25329
3290,5.738,4.439,3.989,0.115,0.004,0.332,0,20.952,7.370,0.000,0,1536,0,0
3291,27.771,27.771,13.339,13.618,0.387,0.427,1,20.952,7.370,0.000,355,76255,2240,25329
3292,5.599,4.231,3.829,0.114,0.003,0.285,0,22.087,7.288,0.000,0,1536,0,0
3293,24.701,24.701,11.819,12.323,0.295,0.263,1,22.087,7.288,0.000,355,76255,2239,25329
3294,8.662,4.906,4.547,0.114,0.004,0.241,0,20.680,6.919,0.000,0,1536,0,0
3295,24.726,24.726,11.669,12.371,0.411,0.274,1,20.680,6.919,0.000,356,76255,2242,25329
3296,8.645,4.709,4.417,0.117,0.004,0.170,0,20.547,7.238,0.000,0,1536,0,0
3297,24.654,24.654,10.976,13.040,0.400,0.237,1,20.547,7.238,0.000,355,76255,2240,25329
3298,8.717,4.031,3.701,0.113,0.006,0.211,0,21.324,7.238,0.000,0,1536,0,0
3299,25.910,25.910,11.645,13.572,0.459,0.234,1,21.324,7.238,0.000,355,76255,2240,25329
3300,7.451,4.144,3.829,0.114,0.006,0.195,0,21.010,7.178,0.000,0,1536,0,0
3301,26.694,26.694,12.530,13.563,0.404,0.196,1,21.010,7.178,0.000,355,76255,2240,25329
3302,6.675,4.608,4.215,0.112,0.004,0.277,0,20.441,8.006,0.000,0,1536,0,0
3303,26.575,26.575,12.318,13.667,0.354,0.236,1,20.441,8.006,0.000,355,76255,2239,25329
3304,6.790,4.100,3.771,0.112,0.004,0.213,0,21.276,7.193,0.000,0,1536,0,0
3305,25.232,25.232,11.374,13.279,0.277,0.301,1,21.276,7.193,0.000,355,76255,2241,25329
3306,8.145,4.088,3.769,0.113,0.006,0.199,0,21.482,6.995,0.000,0,1536,0,0
3307,26.714,26.714,12.700,13.384,0.413,0.218,1,21.482,6.995,0.000,355,76255,2240,25329
3308,6.646,4.315,3.954,0.114,0.006,0.241,0,20.995,7.680,0.000,0,1536,0,0
3309,27.550,27.550,13.771,13.032,0.533,0.214,1,20.995,7.680,0.000,355,76255,2240,25329
3310,5.816,4.205,3.886,0.113,0.004,0.202,0,21.293,7.382,0.000,0,1536,0,0
3311,25.845,25.845,12.206,13.107,0.329,0.203,1,21.293,7.382,0.000,355,76255,2240,25329
3312,7.514,4.996,4.709,0.120,0.007,0.160,0,19.446,7.047,0.000,0,1536,0,0
3313,25.404,25.404,11.271,13.570,0.408,0.155,1,19.446,7.047,0.000,355,76255,2239,25329
3314,7.969,4.283,3.984,0.112,0.004,0.183,0,21.934,7.915,0.000,0,1536,0,0
3315,25.514,25.514,12.149,12.756,0.454,0.155,1,21.934,7.915,0.000,355,76255,2240,25329
3316,7.853,4.477,4.221,0.114,0.004,0.138,0,20.151,7.768,0.000,0,1536,0,0
3317,27.076,27.076,11.925,14.453,0.452,0.246,1,20.151,7.768,0.000,355,76255,2240,25329
3318,6.289,4.048,3.746,0.113,0.005,0.183,0,21.580,7.260,0.000,0,1536,0,0
3319,25.823,25.823,11.567,13.759,0.297,0.200,1,21.580,7.260,0.000,355,76255,2240,25329
3320,7.539,4.286,3.945,0.114,0.004,0.223,0,19.402,7.128,0.000,0,1536,0,0
3321,25.362,25.362,11.656,13.067,0.439,0.199,1,19.402,7.128,0.000,355,76255,2239,25329
3322,8.119,4.270,3.971,0.116,0.004,0.179,0,22.592,7.185,0.000,0,1536,1,0
3323,32.312,32.312,14.708,16.917,0.437,0.249,1,22.592,7.185,0.000,355,76255,2239,25329
3324,5.185,5.185,4.865,0.120,0.008,0.192,0,21.750,7.605,0.000,0,1536,0,0
3325,24.881,24.881,11.156,13.130,0.392,0.203,1,21.750,7.605,0.000,355,76255,2240,25329
3326,4.258,4.258,3.933,0.116,0.003,0.206,0,21.750,7.605,0.000,0,1536,0,0
3327,26.516,26.516,13.365,12.409,0.544,0.198,1,23.349,7.275,0.000,355,76255,2240,25329
3328,6.835,6.107,5.779,0.120,0.009,0.199,0,23.349,7.275,0.000,0,1536,0,0
3329,28.020,28.020,13.718,13.505,0.548,0.249,1,22.493,7.195,0.000,355,76255,2240,25329
3330,5.380,4.389,4.100,0.116,0.004,0.169,0,22.493,7.195,0.000,0,1536,0,0
3331,27.278,27.278,12.518,14.288,0.269,0.203,1,22.947,7.830,0.000,355,76255,2239,25329
3332,6.059,4.680,4.338,0.114,0.004,0.224,0,19.874,7.381,0.000,0,1536,0,0
3333,26.701,26.701,12.238,13.904,0.350,0.209,1,19.874,7.381,0.000,355,76255,2240,25329
3334,6.668,4.230,3.962,0.116,0.004,0.149,0,20.946,7.251,0.000,0,1536,0,0
3335,25.265,25.265,11.179,13.574,0.239,0.272,1,20.946,7.251,0.000,357,76263,2253,25329
3336,8.098,4.618,4.345,0.117,0.005,0.151,0,20.521,7.075,0.000,0,1496,0,0
3337,23.646,23.646,10.451,12.523,0.492,0.180,1,20.521,7.075,0.000,357,76215,2252,25329
3338,9.723,6.290,5.962,0.114,0.006,0.208,0,20.948,7.016,0.000,0,1496,0,0
3339,24.186,24.186,11.319,12.248,0.427,0.192,1,20.948,7.016,0.000,357,76215,2252,25329
3340,9.183,5.023,4.765,0.114,0.005,0.139,0,20.512,7.402,0.000,0,1496,0,0
3341,24.855,24.855,11.791,12.363,0.493,0.208,1,20.512,7.402,0.000,357,76215,2251,25329
3342,8.514,4.899,4.594,0.141,0.007,0.158,0,21.117,7.475,0.000,0,1496,0,0
3343,25.314,25.314,11.886,12.813,0.455,0.160,1,21.117,7.475,0.000,357,76215,2252,25329
3344,8.049,5.099,4.806,0.114,0.005,0.174,0,20.197,8.304,0.000,0,1496,0,0
3345,24.463,24.463,11.334,12.435,0.509,0.185,1,20.197,8.304,0.000,357,76215,2253,25329
3346,8.904,4.440,4.181,0.115,0.005,0.139,0,21.326,7.006,0.000,0,1496,0,0
3347,25.213,25.213,12.041,12.533,0.437,0.201,1,21.326,7.006,0.000,357,76215,2252,25329
3348,8.154,4.409,4.123,0.116,0.005,0.166,0,20.535,7.053,0.000,0,1496,0,0
3349,26.476,26.476,12.228,13.727,0.352,0.169,1,20.535,7.053,0.000,357,76215,2252,25329
3350,6.896,4.128,3.817,0.114,0.004,0.194,0,21.027,7.269,0.000,0,1496,0,0
3351,27.708,27.708,13.375,13.822,0.343,0.168,1,21.027,7.269,0.000,357,76215,2251,25329
3352,5.650,5.017,4.715,0.124,0.007,0.170,0,19.785,7.284,0.000,0,1496,0,0
3353,24.727,24.727,11.118,13.066,0.330,0.213,1,19.785,7.284,0.000,357,76215,2252,25329
3354,8.652,4.030,3.757,0.116,0.004,0.152,0,22.846,7.101,0.000,0,1496,0,0
3355,24.058,24.058,10.848,12.474,0.547,0.190,1,22.846,7.101,0.000,357,76215,2252,25329
3356,9.312,4.161,3.847,0.114,0.005,0.196,0,22.631,7.263,0.000,0,1496,0,0
3357,23.799,23.799,10.543,12.532,0.556,0.169,1,22.631,7.263,0.000,357,76215,2252,25329
3358,9.559,4.043,3.792,0.114,0.003,0.134,0,22.724,7.114,0.000,0,1496,0,0
3359,24.817,24.817,11.199,12.936,0.480,0.202,1,22.724,7.114,0.000,357,76215,2251,25329
3360,8.547,3.946,3.691,0.115,0.005,0.135,0,22.134,7.576,0.000,0,1496,0,0
3361,24.608,24.608,11.472,12.474,0.496,0.165,1,22.134,7.576,0.000,357,76215,2252,25329
3362,8.758,5.122,4.836,0.116,0.004,0.167,0,20.410,7.728,0.000,0,1496,0,0
3363,25.796,25.796,12.220,12.984,0.374,0.218,1,20.410,7.728,0.000,357,76215,2252,25329
3364,7.568,4.274,3.969,0.117,0.004,0.185,0,19.450,7.235,0.000,0,1496,0,0
3365,25.527,25.527,11.591,13.223,0.421,0.293,1,19.450,7.235,0.000,357,76215,2252,25329
3366,7.853,4.210,3.902,0.115,0.005,0.189,0,22.866,7.331,0.000,0,1496,0,0
3367,28.582,28.582,12.516,15.428,0.403,0.234,1,19.947,6.594,1.533,357,76215,1960,25329
3368,4.768,4.378,3.995,0.115,0.004,0.264,0,19.947,6.594,1.533,0,1496,0,0
3369,26.076,26.076,12.207,13.327,0.317,0.225,1,19.947,6.594,0.000,357,76215,2251,25329
3370,7.297,4.218,3.875,0.116,0.005,0.223,0,21.094,6.903,0.000,0,1496,0,0
3371,27.413,27.413,13.340,13.264,0.468,0.341,1,21.094,6.903,0.000,357,76215,2252,25329
3372,5.953,4.208,3.876,0.117,0.004,0.211,0,21.027,7.330,0.000,0,1496,0,0
3373,25.229,25.229,11.999,12.533,0.375,0.322,1,21.027,7.330,0.000,357,76215,2252,25329
3374,8.140,4.855,4.408,0.117,0.007,0.324,0,21.060,7.126,0.000,0,1496,0,0
3375,25.818,25.818,12.462,12.596,0.476,0.284,1,21.060,7.126,0.000,358,76215,2254,25329
3376,7.543,4.577,4.205,0.119,0.005,0.249,0,20.167,8.122,0.000,0,1496,0,0
3377,26.505,26.505,13.283,12.305,0.450,0.468,1,20.167,8.122,0.000,357,76215,2252,25329
3378,6.860,4.806,4.293,0.115,0.005,0.394,0,19.868,7.538,0.000,0,1496,0,0
3379,26.113,26.113,12.703,12.573,0.448,0.388,1,19.868,7.538,0.000,357,76215,2251,25329
3380,7.260,4.906,4.303,0.132,0.008,0.463,0,20.265,6.991,0.000,0,1496,0,0
3381,25.628,25.628,12.536,12.257,0.434,0.402,1,20.265,6.991,0.000,357,76215,2252,25329
3382,7.738,4.363,3.916,0.118,0.004,0.325,0,20.494,6.906,0.000,0,1496,0,0
3383,27.698,27.698,12.180,14.635,0.365,0.517,1,20.494,6.906,0.000,357,76215,2252,25329
3384,5.682,4.963,4.468,0.120,0.011,0.363,0,23.048,7.276,0.000,0,1496,0,0
3385,26.888,26.888,12.770,13.437,0.341,0.340,1,23.048,7.276,0.000,357,76215,2253,25329
3386,6.732,5.165,4.600,0.116,0.005,0.443,0,20.878,7.197,0.000,0,1496,0,0
3387,25.570,25.570,12.214,12.468,0.551,0.337,1,20.878,7.197,0.000,357,76215,2251,25329
3388,7.543,6.028,5.607,0.120,0.008,0.294,0,21.564,7.001,0.000,0,1496,1,0
3389,26.791,26.791,13.281,12.630,0.464,0.416,1,21.564,7.001,0.000,357,76215,2251,25329
3390,6.563,4.411,3.966,0.116,0.004,0.326,0,20.064,8.287,0.000,0,1496,0,0
3391,26.994,26.994,12.329,13.920,0.380,0.365,1,20.064,8.287,0.000,357,76215,2252,25329
3392,6.371,4.958,4.398,0.115,0.004,0.441,0,22.030,7.599,0.000,0,1496,0,0
3393,25.283,25.283,11.410,13.196,0.321,0.356,1,22.030,7.599,0.000,357,76215,2252,25329
3394,8.087,4.227,3.727,0.114,0.005,0.380,0,22.028,7.239,0.000,0,1496,0,0
3395,27.389,27.389,13.547,12.982,0.417,0.443,1,22.028,7.239,0.000,358,76215,2254,25329
3396,5.974,4.732,4.303,0.117,0.004,0.309,0,19.366,7.201,0.000,0,1496,0,0
3397,26.878,26.878,12.439,13.754,0.345,0.341,1,19.366,7.201,0.000,357,76215,2251,25329
3398,6.525,4.423,3.883,0.116,0.003,0.421,0,21.639,7.263,0.000,0,1496,0,0
3399,25.270,25.270,11.279,13.324,0.291,0.377,1,21.639,7.263,0.000,357,76215,2246,25329
3400,8.062,4.764,4.153,0.116,0.004,0.492,0,21.205,7.127,0.000,0,1424,0,0
3401,28.245,28.245,13.655,13.707,0.470,0.413,1,21.205,7.127,0.000,359,76239,2252,25329
3402,5.120,4.520,4.069,0.116,0.003,0.331,0,21.586,7.218,0.000,0,1520,0,0
3403,27.915,27.915,13.252,13.813,0.362,0.487,1,21.586,7.218,0.000,359,76239,2252,25329
3404,5.451,4.254,3.788,0.116,0.005,0.345,0,22.582,7.342,0.000,0,1520,0,0
3405,27.785,27.785,13.866,13.183,0.351,0.384,1,22.582,7.342,0.000,360,76239,2254,25329
3406,5.739,5.739,5.122,0.128,0.007,0.482,0,22.547,6.963,0.000,0,1520,0,0
3407,26.358,26.358,11.677,13.869,0.422,0.389,1,22.547,6.963,0.000,359,76239,2251,25329
3408,6.852,6.771,6.297,0.121,0.008,0.345,0,21.115,7.291,0.000,0,1520,0,0
3409,28.640,28.640,14.326,13.269,0.521,0.524,1,21.115,7.291,0.000,359,76239,2252,25329
3410,4.726,4.549,4.095,0.120,0.004,0.330,0,21.124,7.262,0.000,0,1520,0,0
3411,26.849,26.849,13.392,12.572,0.511,0.374,1,21.124,7.262,0.000,359,76239,2252,25329
3412,6.523,4.596,4.057,0.117,0.004,0.418,0,20.307,7.686,0.000,0,1520,0,0
3413,27.653,27.653,12.875,13.949,0.386,0.444,1,20.307,7.686,0.000,359,76239,2252,25329
3414,5.853,4.453,4.026,0.117,0.004,0.307,0,21.934,7.418,0.000,0,1520,0,0
3415,25.117,25.117,10.545,13.943,0.234,0.395,1,21.934,7.418,0.000,359,76239,2251,25329
3416,8.105,6.437,6.017,0.146,0.003,0.271,0,19.636,6.896,0.000,0,1520,1,0
3417,25.323,25.323,11.539,13.041,0.427,0.317,1,19.636,6.896,0.000,359,76239,2251,25329
3418,8.062,4.196,3.711,0.116,0.004,0.365,0,23.222,7.236,0.000,0,1520,0,0
3419,25.108,25.108,11.407,12.929,0.453,0.319,1,23.222,7.236,0.000,359,76239,2252,25329
3420,8.259,4.161,3.758,0.119,0.004,0.280,0,23.148,7.988,0.000,0,1520,0,0
3421,25.824,25.824,10.925,13.997,0.496,0.406,1,23.148,7.988,1.506,359,76239,1956,25329
3422,7.538,4.125,3.734,0.117,0.004,0.271,0,24.063,6.519,1.506,0,1520,0,0
3423,25.935,25.935,10.714,14.581,0.326,0.314,1,24.063,6.519,2.436,359,76239,1778,25329
3424,7.421,4.645,4.095,0.118,0.004,0.428,0,23.156,6.464,2.436,0,1520,0,0
3425,28.972,28.972,12.451,15.757,0.388,0.375,1,20.291,5.871,2.452,359,76239,1776,25329
3426,5.571,5.571,5.057,0.184,0.006,0.324,0,20.291,5.871,2.452,0,1520,0,0
3427,25.640,25.640,12.068,12.817,0.306,0.449,1,20.291,5.871,0.000,359,76239,2253,25329
3428,6.996,6.996,6.536,0.133,0.007,0.320,0,19.637,6.993,0.000,0,1520,0,0
3429,25.679,25.679,11.818,13.008,0.508,0.345,1,19.637,6.993,0.000,359,76239,2252,25329
3430,7.402,4.535,3.992,0.118,0.004,0.422,0,23.152,7.527,0.000,0,1520,0,0
3431,26.231,26.231,11.987,13.370,0.554,0.320,1,23.152,7.527,0.000,359,76239,2252,25329
3432,6.989,4.398,3.978,0.118,0.005,0.296,0,23.360,7.693,0.000,0,1520,0,0
3433,24.066,24.066,10.693,12.671,0.334,0.368,1,23.360,7.693,0.000,359,76239,2252,25329
3434,9.296,4.308,3.956,0.118,0.004,0.230,0,23.872,7.076,0.000,0,1520,0,0
3435,29.189,29.189,12.642,15.904,0.387,0.256,1,20.150,6.172,2.118,359,76239,1849,25329
3436,4.822,4.822,4.387,0.120,0.007,0.307,0,20.150,6.172,2.118,0,1520,0,0
3437,24.634,24.634,10.824,13.135,0.424,0.252,1,20.150,6.172,0.000,359,76239,2253,25329
3438,8.100,4.543,4.149,0.117,0.004,0.273,0,22.302,8.200,0.000,0,1520,0,0
3439,29.402,29.402,14.779,13.794,0.361,0.467,1,22.302,8.200,0.000,359,76239,2252,25329
3440,4.343,4.343,3.824,0.118,0.004,0.397,0,20.777,7.554,0.000,0,1520,0,0
3441,26.047,26.047,10.683,14.572,0.363,0.428,1,20.777,7.554,0.000,359,76239,2252,25329
3442,6.925,5.085,3.829,0.117,0.004,1.136,0,22.286,6.995,0.000,0,1520,0,0
3443,25.326,25.326,11.359,13.137,0.402,0.428,1,22.286,6.995,0.000,359,76239,2252,25329
3444,8.042,5.144,4.601,0.117,0.004,0.422,0,21.296,7.111,0.000,0,1520,0,0
3445,26.577,26.577,13.219,12.376,0.342,0.639,1,21.296,7.111,0.000,359,76239,2251,25329
3446,6.792,4.481,3.963,0.116,0.004,0.398,0,20.455,6.971,0.000,0,1520,0,0
3447,25.979,25.979,12.780,12.283,0.484,0.431,1,20.455,6.971,0.000,360,76239,2254,25329
3448,7.396,4.540,3.890,0.116,0.005,0.529,0,20.389,7.000,0.000,0,1520,0,0
3449,28.180,28.180,12.791,14.614,0.335,0.439,1,20.389,7.000,0.000,359,76239,2252,25329
3450,5.222,4.429,3.892,0.117,0.004,0.416,0,22.478,7.112,0.000,0,1520,0,0
3451,26.602,26.602,12.881,12.681,0.479,0.561,1,22.478,7.112,0.000,359,76239,2252,25329
3452,6.734,4.447,3.927,0.118,0.005,0.397,0,22.571,7.208,0.000,0,1520,0,0
3453,28.899,28.899,14.324,13.695,0.453,0.426,1,22.571,7.208,0.000,359,76239,2251,25329
3454,4.764,4.764,4.133,0.118,0.005,0.508,0,21.242,7.229,0.000,0,1520,0,0
3455,27.675,27.675,13.588,13.178,0.511,0.398,1,21.242,7.229,0.000,359,76239,2252,25329
3456,5.374,4.369,3.912,0.116,0.007,0.334,0,20.484,8.138,0.000,0,1520,0,0
3457,26.685,26.685,13.488,12.390,0.340,0.467,1,20.484,8.138,0.000,359,76239,2253,25329
3458,6.702,4.410,3.954,0.117,0.004,0.335,0,20.181,7.866,0.000,0,1520,0,0
3459,27.271,27.271,12.678,13.836,0.399,0.358,1,20.181,7.866,0.000,359,76239,2252,25329
3460,6.075,5.295,4.715,0.117,0.005,0.458,0,21.919,7.330,0.000,0,1520,0,0
3461,26.578,26.578,11.432,14.373,0.363,0.411,1,21.919,7.330,0.000,359,76239,2252,25329
3462,7.299,6.850,6.376,0.115,0.004,0.354,0,20.405,7.147,0.000,0,1520,0,0
3463,27.522,27.522,12.488,14.219,0.349,0.465,1,20.405,7.147,0.000,361,76247,2263,25329
3464,5.332,4.829,4.350,0.159,0.004,0.316,0,22.260,7.226,0.000,0,1512,0,0
3465,26.032,26.032,11.392,13.420,0.862,0.357,1,22.260,7.226,0.000,361,76231,2264,25329
3466,7.335,4.553,3.913,0.118,0.005,0.518,0,21.338,7.134,0.000,0,1512,0,0
3467,25.090,25.090,10.500,13.827,0.428,0.335,1,21.338,7.134,0.000,361,76231,2265,25329
3468,8.280,4.884,4.430,0.118,0.005,0.330,0,21.158,7.126,0.000,0,1512,0,0
3469,25.606,25.606,12.275,12.435,0.474,0.423,1,21.158,7.126,0.000,361,76231,2264,25329
3470,7.760,4.900,4.390,0.120,0.006,0.384,0,21.632,7.165,0.000,0,1512,0,0
3471,25.099,25.099,11.384,13.014,0.335,0.366,1,21.632,7.165,0.000,361,76231,2264,25329
3472,8.265,5.074,4.488,0.118,0.004,0.464,0,21.117,6.927,0.000,0,1512,0,0
3473,24.995,24.995,11.155,13.169,0.320,0.351,1,21.117,6.927,0.000,361,76231,2263,25329
3474,8.378,4.385,3.920,0.119,0.007,0.339,0,21.380,6.948,0.000,0,1512,0,0
3475,27.008,27.008,12.319,13.865,0.351,0.473,1,21.380,6.948,0.000,361,76231,2264,25329
3476,6.359,4.354,3.852,0.117,0.007,0.378,0,23.597,7.355,0.000,0,1512,0,0
3477,25.563,25.563,12.159,12.707,0.356,0.340,1,23.597,7.355,0.000,361,76231,2264,25329
3478,7.801,4.180,3.674,0.117,0.005,0.383,0,21.672,7.249,0.000,0,1512,0,0
3479,26.923,26.923,12.652,13.518,0.419,0.334,1,21.672,7.249,0.000,361,76231,2264,25329
3480,6.457,4.409,3.944,0.118,0.005,0.342,0,23.539,7.265,0.000,0,1512,0,0
3481,24.751,24.751,11.079,12.763,0.364,0.545,1,23.539,7.265,0.000,361,76231,2264,25329
3482,8.599,6.706,6.250,0.118,0.004,0.335,0,20.849,7.559,0.000,0,1512,0,0
3483,27.268,27.268,11.631,14.411,0.347,0.879,1,20.849,7.559,0.000,361,76231,2263,25329
3484,6.099,5.444,4.913,0.119,0.004,0.408,0,21.123,7.245,0.000,0,1512,0,0
3485,26.908,26.908,12.360,13.588,0.537,0.424,1,21.123,7.245,0.000,361,76231,2264,25329
3486,6.460,5.863,4.296,1.163,0.008,0.395,0,22.755,7.722,0.000,0,1512,0,0
3487,27.574,27.574,12.444,14.126,0.475,0.528,1,22.755,7.722,0.000,362,76231,2266,25329
3488,5.796,4.860,4.343,0.122,0.004,0.391,0,23.243,7.694,0.000,0,1512,0,0
3489,25.160,25.160,11.176,13.294,0.269,0.421,1,23.243,7.694,0.000,361,76231,2264,25329
3490,8.198,7.328,6.631,0.143,0.007,0.548,0,19.853,7.440,0.000,0,1512,0,0
3491,26.341,26.341,11.584,13.795,0.562,0.400,1,19.853,7.440,0.000,361,76231,2263,25329
3492,7.027,6.348,5.864,0.121,0.004,0.359,0,22.003,7.161,0.000,0,1512,0,0
3493,27.111,27.111,11.663,14.563,0.350,0.533,1,22.003,7.161,0.000,361,76231,2264,25329
3494,6.276,4.332,3.762,0.196,0.004,0.370,0,23.504,7.472,0.000,0,1512,0,0
3495,27.490,27.490,13.253,13.291,0.540,0.405,1,23.504,7.472,0.000,361,76231,2264,25329
3496,5.859,4.903,4.303,0.119,0.004,0.476,0,22.385,7.515,0.000,0,1512,0,0
3497,24.591,24.591,10.963,12.715,0.401,0.512,1,22.385,7.515,0.000,361,76231,2264,25329
3498,8.792,4.303,3.886,0.118,0.004,0.295,0,23.233,7.207,0.000,0,1512,0,0
3499,25.638,25.638,11.116,13.746,0.412,0.365,1,23.233,7.207,1.432,361,76231,1989,25329
3500,7.731,6.333,5.930,0.120,0.006,0.277,0,20.922,7.708,1.432,0,1512,0,0
3501,27.198,27.198,11.734,14.634,0.367,0.463,1,20.922,7.708,0.000,361,76231,2263,25329
3502,6.181,4.939,4.505,0.120,0.005,0.309,0,22.446,7.186,0.000,0,1512,0,0
3503,26.037,26.037,11.544,13.797,0.365,0.332,1,22.446,7.186,0.000,361,76231,2264,25329
3504,8.038,8.038,7.511,0.122,0.006,0.399,0,22.446,7.186,0.000,0,1512,0,0
3505,29.894,29.894,14.630,14.580,0.365,0.319,1,25.965,7.369,1.608,361,76231,1959,25329
3506,5.597,5.597,5.205,0.120,0.007,0.264,0,21.882,6.308,1.608,0,1512,0,0
3507,28.290,28.290,13.557,13.991,0.387,0.355,1,21.882,6.308,0.000,362,76231,2266,25329
3508,5.602,5.602,5.256,0.118,0.005,0.223,0,21.167,7.672,0.000,0,1512,0,0
3509,25.677,25.677,12.475,12.612,0.293,0.297,1,21.167,7.672,0.000,361,76231,2264,25329
3510,5.960,5.960,5.556,0.118,0.005,0.281,0,22.313,7.618,0.000,0,1512,0,0
3511,27.624,27.624,12.976,14.020,0.408,0.220,1,22.313,7.618,0.000,361,76231,2263,25329
3512,4.219,4.219,3.867,0.117,0.005,0.230,0,22.313,7.618,0.000,0,1512,0,0
3513,35.493,35.493,14.125,20.447,0.587,0.334,1,23.295,7.535,0.000,361,76231,2264,25329
3514,13.849,13.849,13.521,0.122,0.005,0.202,0,23.295,7.535,0.000,0,1512,0,0
3515,5.199,5.199,4.821,0.122,0.007,0.249,0,36.796,7.870,0.000,0,1512,0,0
3516,33.534,33.534,12.290,20.569,0.361,0.315,1,21.358,2.860,5.509,361,76231,1620,25329
3517,4.636,4.636,4.306,0.119,0.007,0.205,0,21.358,2.860,5.509,0,1512,0,0
3518,7.252,3.662,3.381,0.116,0.003,0.161,0,21.358,2.860,5.509,0,1512,0,0
3519,27.119,27.119,13.228,13.322,0.318,0.251,1,21.358,2.860,0.000,361,76231,2265,25329
3520,6.248,4.482,4.188,0.120,0.004,0.170,0,19.631,7.421,0.000,0,1512,0,0
3521,24.423,24.423,11.558,12.286,0.377,0.202,1,19.631,7.421,0.000,361,76231,2264,25329
3522,8.950,5.197,4.820,0.121,0.010,0.247,0,20.864,7.031,0.000,0,1512,0,0
3523,26.757,26.757,11.781,14.397,0.338,0.241,1,20.864,7.031,0.000,361,76231,2263,25329
3524,6.607,4.293,3.884,0.119,0.004,0.285,0,21.097,7.291,0.000,0,1512,0,0
3525,25.195,25.195,11.269,13.291,0.291,0.346,1,21.097,7.291,0.000,361,76231,2264,25329
3526,8.166,5.046,4.480,0.188,0.004,0.374,0,21.407,7.098,0.000,0,1512,0,0
3527,26.573,26.573,12.701,13.154,0.467,0.250,1,21.407,7.098,0.000,355,75471,2201,25329
3528,6.799,4.029,3.653,0.114,0.005,0.257,0,20.773,7.193,0.000,0,752,0,0
3529,23.221,23.221,10.387,12.205,0.387,0.242,1,20.773,7.193,0.000,355,75471,2201,25329
3530,10.149,6.277,5.976,0.113,0.004,0.184,0,20.829,7.548,0.000,0,752,0,0
3531,24.810,24.810,11.980,12.030,0.485,0.314,1,20.829,7.548,0.000,355,75471,2200,25329
3532,8.558,4.959,4.427,0.122,0.009,0.402,0,20.564,7.997,0.000,0,752,0,0
3533,24.653,24.653,11.593,12.307,0.481,0.272,1,20.564,7.997,0.000,355,75471,2201,25329
3534,8.708,5.414,5.028,0.115,0.005,0.266,0,19.921,7.619,0.000,0,752,0,0
3535,24.264,24.264,11.486,12.054,0.485,0.238,1,19.921,7.619,0.000,355,75471,2201,25329
3536,9.122,5.133,4.811,0.112,0.005,0.205,0,20.130,7.598,0.000,0,752,0,0
3537,30.227,30.227,10.828,18.656,0.463,0.280,1,20.130,7.598,0.000,355,75471,2201,25329
3538,6.117,6.117,5.813,0.121,0.007,0.176,0,23.071,7.166,0.000,0,752,0,0
3539,31.386,31.386,12.565,18.287,0.367,0.167,1,23.071,7.166,0.000,355,75471,2202,25329
3540,3.959,3.959,3.667,0.116,0.004,0.173,0,24.174,7.170,0.000,0,752,0,0
3541,24.462,24.462,10.872,13.089,0.294,0.207,1,24.174,7.170,0.000,355,75471,2200,25329
3542,5.043,4.974,4.640,0.113,0.005,0.217,0,24.174,7.170,0.000,0,752,0,0
3543,27.506,27.506,13.597,13.061,0.517,0.332,1,21.350,7.321,0.000,355,75471,2201,25329
3544,4.747,3.896,3.582,0.114,0.005,0.196,0,20.929,7.616,0.000,0,752,0,0
3545,25.060,25.060,11.988,12.497,0.334,0.241,1,20.929,7.616,0.000,354,75467,2186,25329
3546,8.307,5.932,5.471,0.114,0.004,0.344,0,21.036,7.784,0.000,0,748,0,0
3547,26.412,26.412,12.245,13.402,0.415,0.350,1,21.036,7.784,0.000,354,75467,2186,25329
3548,6.958,4.585,4.194,0.113,0.005,0.273,0,21.524,7.223,0.000,0,748,0,0
3549,24.181,24.181,10.768,12.781,0.283,0.349,1,21.524,7.223,0.000,354,75467,2185,25329
3550,9.187,3.836,3.412,0.141,0.003,0.279,0,21.902,7.062,0.000,0,748,0,0
3551,26.171,26.171,12.609,12.823,0.395,0.345,1,21.902,7.062,0.000,354,75467,2187,25329
3552,7.191,4.253,3.772,0.113,0.006,0.363,0,19.039,7.164,0.000,0,748,0,0
3553,26.680,26.680,11.728,14.116,0.513,0.323,1,19.039,7.164,0.000,354,75467,2186,25329
3554,6.690,3.815,3.409,0.112,0.005,0.290,0,21.705,7.319,0.000,0,748,0,0
3555,24.318,24.318,10.226,13.509,0.271,0.312,1,21.705,7.319,0.000,354,75467,2186,25329
3556,9.050,3.885,3.547,0.112,0.004,0.223,0,21.386,6.822,0.000,0,748,0,0
3557,24.610,24.610,10.276,13.710,0.404,0.219,1,21.386,6.822,0.000,354,75467,2185,25329
3558,8.760,3.981,3.608,0.112,0.005,0.256,0,20.890,6.937,0.000,0,748,0,0
3559,23.013,23.013,10.036,12.331,0.388,0.258,1,20.890,6.937,0.000,354,75467,2186,25329
3560,10.345,5.631,5.307,0.112,0.005,0.207,0,20.997,7.015,0.000,0,748,0,0
3561,25.055,25.055,12.144,12.069,0.462,0.380,1,20.997,7.015,0.000,354,75467,2186,25329
3562,8.320,4.568,4.155,0.112,0.004,0.297,0,21.070,7.609,0.000,0,748,0,0
3563,26.435,26.435,12.692,12.863,0.525,0.355,1,21.070,7.609,0.000,354,75467,2186,25329
3564,6.926,5.383,4.875,0.114,0.004,0.389,0,20.218,7.648,0.000,0,748,0,0
3565,24.622,24.622,11.088,12.688,0.500,0.346,1,20.218,7.648,0.000,354,75467,2186,25329
3566,8.750,3.882,3.447,0.111,0.004,0.320,0,22.417,7.613,0.000,0,748,0,0
3567,25.507,25.507,12.375,12.185,0.361,0.586,1,22.417,7.613,0.000,354,75467,2185,25329
3568,7.858,3.989,3.583,0.112,0.004,0.290,0,19.579,7.667,0.000,0,748,0,0
3569,26.462,26.462,11.469,14.252,0.406,0.335,1,19.579,7.667,0.000,354,75467,2186,25329
3570,6.905,3.914,3.414,0.111,0.004,0.385,0,21.730,7.286,0.000,0,748,0,0
3571,27.271,27.271,12.707,13.767,0.477,0.320,1,21.730,7.286,0.000,354,75467,2187,25329
3572,6.094,4.150,3.782,0.112,0.004,0.252,0,20.707,7.322,0.000,0,748,0,0
3573,27.763,27.763,13.290,13.689,0.385,0.399,1,20.707,7.322,0.000,354,75467,2186,25329
3574,5.721,4.550,4.177,0.115,0.005,0.253,0,20.960,7.182,0.000,0,748,0,0
3575,28.279,28.279,12.477,15.078,0.432,0.293,1,20.960,7.182,0.000,354,75467,2185,25329
3576,4.986,4.495,4.025,0.115,0.004,0.352,0,20.960,7.182,0.000,0,748,0,0
3577,27.125,27.125,13.830,12.624,0.372,0.300,1,22.510,7.222,0.000,354,75467,2186,25329
3578,6.225,4.680,4.347,0.114,0.004,0.215,0,20.674,7.525,0.000,0,748,0,0
3579,27.445,27.445,13.028,13.369,0.513,0.534,1,20.674,7.525,0.000,354,75467,2186,25329
3580,5.917,4.082,3.785,0.114,0.008,0.175,0,20.909,7.391,0.000,0,748,0,0
3581,24.369,24.369,10.336,13.564,0.278,0.190,1,20.909,7.391,0.000,354,75467,2186,25329
3582,8.996,4.894,3.894,0.113,0.004,0.883,0,20.276,6.963,0.000,0,748,0,0
3583,24.139,24.139,10.803,12.733,0.363,0.240,1,20.276,6.963,0.000,354,75467,2185,25329
3584,9.236,3.823,3.486,0.112,0.004,0.220,0,20.991,6.942,0.000,0,748,0,0
3585,24.792,24.792,11.079,13.005,0.414,0.294,1,20.991,6.942,0.000,354,75467,2186,25329
3586,8.575,3.992,3.686,0.113,0.005,0.189,0,20.847,7.083,0.000,0,748,0,0
3587,24.355,24.355,10.748,12.994,0.358,0.256,1,20.847,7.083,0.000,354,75467,2186,25329
3588,9.011,3.993,3.604,0.111,0.004,0.274,0,20.495,7.004,0.000,0,748,0,0
3589,24.424,24.424,10.150,13.633,0.375,0.266,1,20.495,7.004,0.000,354,75467,2186,25329
3590,8.947,3.865,3.582,0.112,0.003,0.168,0,20.580,6.933,0.000,0,748,0,0
3591,23.654,23.654,10.298,12.533,0.611,0.212,1,20.580,6.933,0.000,355,75467,2188,25329
3592,9.719,3.707,3.398,0.112,0.005,0.192,0,22.176,6.921,0.000,0,748,0,0
3593,27.350,27.350,13.539,13.318,0.303,0.191,1,22.176,6.921,0.000,354,75467,2185,25329
3594,6.004,4.119,3.785,0.113,0.005,0.216,0,19.284,7.173,0.000,0,748,0,0
3595,24.725,24.725,11.229,12.823,0.370,0.304,1,19.284,7.173,0.000,354,75467,2186,25329
3596,8.653,3.769,3.477,0.112,0.006,0.174,0,22.350,7.679,0.000,0,748,0,0
3597,23.726,23.726,10.666,12.296,0.486,0.277,1,22.350,7.679,0.000,354,75467,2186,25329
3598,9.638,3.721,3.440,0.112,0.004,0.163,0,21.134,8.583,0.000,0,748,0,0
3599,24.559,24.559,11.373,12.475,0.504,0.206,1,21.134,8.583,0.000,354,75467,2186,25329
3600,8.806,3.846,3.608,0.111,0.006,0.121,0,21.967,7.609,0.000,0,748,0,0
3601,23.422,23.422,10.691,12.086,0.510,0.136,1,21.967,7.609,0.000,354,75467,2185,25329
3602,9.943,3.756,3.465,0.112,0.004,0.175,0,21.416,7.016,0.000,0,748,0,0
3603,23.718,23.718,10.558,12.464,0.515,0.181,1,21.416,7.016,0.000,354,75467,2186,25329
3604,9.656,3.820,3.549,0.113,0.005,0.153,0,21.654,7.170,0.000,0,748,0,0
3605,25.674,25.674,12.520,12.514,0.415,0.225,1,21.654,7.170,0.000,354,75467,2186,25329
3606,7.681,4.497,4.241,0.109,0.005,0.142,0,20.294,7.135,0.000,0,700,0,0
3607,25.789,25.789,11.254,13.869,0.391,0.274,1,20.294,7.135,0.000,348,75443,2176,25329
3608,9.378,5.700,5.287,0.107,0.005,0.302,0,20.294,7.135,0.000,0,724,0,0
3609,27.140,27.140,10.901,15.657,0.360,0.222,1,26.253,7.115,3.963,348,75443,1645,25329
3610,4.426,3.786,3.475,0.107,0.003,0.200,0,22.401,5.087,3.963,0,724,0,0
3611,24.844,24.844,10.150,14.069,0.333,0.291,1,22.401,5.087,2.381,348,75443,1689,25329
3612,8.533,3.786,3.466,0.107,0.004,0.208,0,22.946,5.912,2.381,0,724,0,0
3613,26.001,26.001,10.760,14.694,0.336,0.211,1,22.946,5.912,2.906,349,75443,1736,25329
3614,7.356,3.902,3.528,0.107,0.004,0.262,0,22.279,5.559,2.906,0,724,0,0
3615,25.094,25.094,10.296,14.161,0.416,0.221,1,22.279,5.559,2.614,348,75443,1681,25329
3616,8.272,3.829,3.443,0.106,0.004,0.276,0,21.665,5.567,2.614,0,724,0,0
3617,23.172,23.172,10.434,12.085,0.372,0.282,1,21.665,5.567,0.000,348,75443,2156,25329
3618,10.202,3.851,3.460,0.107,0.006,0.278,0,22.011,6.952,0.000,0,724,0,0
3619,23.407,23.407,10.201,12.485,0.562,0.159,1,22.011,6.952,0.000,348,75443,2155,25329
3620,9.965,3.728,3.463,0.107,0.004,0.155,0,21.187,7.039,0.000,0,724,0,0
3621,23.243,23.243,10.342,12.315,0.445,0.141,1,21.187,7.039,0.000,348,75443,2156,25329
3622,10.116,4.123,3.765,0.193,0.005,0.161,0,21.431,7.131,0.000,0,724,0,0
3623,23.204,23.204,10.180,12.301,0.466,0.257,1,21.431,7.131,0.000,349,75443,2158,25329
3624,10.175,3.757,3.367,0.107,0.004,0.278,0,22.404,7.332,0.000,0,724,0,0
3625,23.598,23.598,10.310,12.540,0.548,0.200,1,22.404,7.332,0.000,348,75443,2156,25329
3626,9.766,3.832,3.492,0.106,0.005,0.229,0,22.361,7.158,0.000,0,724,0,0
3627,27.035,27.035,13.745,12.720,0.362,0.208,1,22.361,7.158,0.000,348,75443,2155,25329
3628,6.321,4.464,4.165,0.109,0.004,0.186,0,19.273,7.129,0.000,0,724,0,0
3629,24.676,24.676,11.346,12.647,0.437,0.246,1,19.273,7.129,0.000,348,75443,2156,25329
3630,8.692,4.033,3.754,0.111,0.005,0.163,0,21.465,8.341,0.000,0,724,0,0
3631,24.209,24.209,11.439,12.152,0.458,0.160,1,21.465,8.341,0.000,348,75443,2156,25329
3632,9.152,4.909,4.605,0.107,0.004,0.193,0,19.815,7.837,0.000,0,724,0,0
3633,23.537,23.537,11.156,11.784,0.434,0.164,1,19.815,7.837,0.000,348,75443,2156,25329
3634,9.831,4.509,4.263,0.108,0.004,0.135,0,20.280,6.985,0.000,0,724,0,0
3635,24.212,24.212,11.097,12.471,0.438,0.206,1,20.280,6.985,0.000,348,75443,2155,25329
3636,9.195,4.470,4.222,0.109,0.004,0.134,0,20.009,6.916,0.000,0,724,0,0
3637,25.048,25.048,11.526,12.786,0.522,0.214,1,20.009,6.916,0.000,348,75443,2156,25329
3638,8.294,4.102,3.769,0.108,0.007,0.218,0,23.330,7.273,0.000,0,724,0,0
3639,27.922,27.922,11.156,16.265,0.366,0.134,1,23.330,7.273,2.718,348,75443,1698,25329
3640,5.430,3.632,3.409,0.107,0.004,0.112,0,20.322,6.230,2.718,0,724,0,0
3641,24.036,24.036,10.744,12.819,0.300,0.173,1,20.322,6.230,0.000,348,75443,2156,25329
3642,9.329,6.043,5.778,0.115,0.008,0.141,0,21.526,6.986,0.000,0,724,0,0
3643,25.269,25.269,11.925,12.717,0.480,0.146,1,21.526,6.986,0.000,349,75443,2158,25329
3644,8.098,4.746,4.448,0.106,0.004,0.188,0,20.418,7.695,0.000,0,724,0,0
3645,26.020,26.020,12.734,12.632,0.463,0.191,1,20.418,7.695,0.000,348,75443,2155,25329
3646,7.346,4.302,4.050,0.112,0.004,0.137,0,20.497,7.429,0.000,0,724,0,0
3647,24.225,24.225,11.489,12.215,0.283,0.238,1,20.497,7.429,0.000,348,75443,2156,25329
3648,9.146,3.658,3.394,0.107,0.005,0.152,0,20.573,7.061,0.000,0,724,0,0
3649,24.491,24.491,10.307,13.530,0.469,0.184,1,20.573,7.061,0.000,348,75443,2156,25329
3650,8.874,3.741,3.454,0.108,0.004,0.175,0,20.118,7.193,0.000,0,724,0,0
3651,24.113,24.113,10.286,13.284,0.364,0.179,1,20.118,7.193,0.000,348,75443,2156,25329
3652,9.266,3.743,3.472,0.107,0.003,0.161,0,20.259,7.040,0.000,0,724,0,0
3653,26.550,26.550,12.799,12.940,0.529,0.282,1,20.259,7.040,0.000,348,75443,2155,25329
3654,6.804,3.815,3.521,0.111,0.004,0.180,0,20.341,7.147,0.000,0,724,0,0
3655,26.306,26.306,12.492,13.076,0.507,0.230,1,20.341,7.147,0.000,348,75443,2156,25329
3656,7.065,4.497,4.130,0.109,0.005,0.253,0,20.923,7.269,0.000,0,724,0,0
3657,27.030,27.030,13.071,12.859,0.877,0.223,1,20.923,7.269,0.000,348,75443,2156,25329
3658,6.336,3.836,3.510,0.109,0.004,0.214,0,20.767,7.199,0.000,0,724,0,0
3659,25.469,25.469,11.257,13.483,0.472,0.257,1,20.767,7.199,0.000,348,75443,2156,25329
3660,7.891,4.631,4.349,0.109,0.005,0.168,0,20.702,7.386,0.000,0,724,0,0
3661,23.845,23.845,11.258,12.103,0.304,0.179,1,20.702,7.386,0.000,348,75443,2155,25329
3662,9.529,3.723,3.396,0.107,0.003,0.217,0,19.880,6.978,0.000,0,724,0,0
3663,24.163,24.163,9.974,13.570,0.404,0.215,1,19.880,6.978,0.000,348,75443,2156,25329
3664,9.203,3.673,3.359,0.108,0.004,0.202,0,19.923,7.018,0.000,0,724,0,0
3665,24.347,24.347,10.854,12.795,0.367,0.331,1,19.923,7.018,0.000,349,75443,2158,25329
3666,9.022,3.629,3.325,0.107,0.003,0.193,0,20.670,6.936,0.000,0,724,0,0
3667,24.386,24.386,10.794,12.981,0.386,0.225,1,20.670,6.936,0.000,348,75443,2156,25329
3668,8.994,4.529,4.092,0.108,0.003,0.325,0,20.335,6.957,0.000,0,728,0,0
3669,26.610,26.610,12.989,12.810,0.505,0.305,1,20.335,6.957,0.000,349,75447,2171,25329
3670,6.739,4.023,3.660,0.108,0.009,0.246,0,21.113,7.425,0.000,0,728,0,0
3671,25.505,25.505,12.345,12.414,0.428,0.319,1,21.113,7.425,0.000,349,75447,2170,25329
3672,7.866,4.461,4.144,0.109,0.005,0.202,0,20.601,6.858,0.000,0,728,0,0
3673,26.765,26.765,11.917,13.633,0.454,0.762,1,20.601,6.858,0.000,349,75447,2171,25329
3674,6.597,3.877,3.534,0.110,0.006,0.227,0,20.725,7.391,0.000,0,728,0,0
3675,24.811,24.811,11.420,12.891,0.299,0.201,1,20.725,7.391,0.000,350,75447,2173,25329
3676,8.558,5.288,4.966,0.124,0.010,0.188,0,21.129,7.279,0.000,0,728,0,0
3677,24.519,24.519,10.932,12.991,0.421,0.174,1,21.129,7.279,0.000,349,75447,2171,25329
3678,8.854,3.948,3.709,0.107,0.004,0.128,0,20.272,7.036,0.000,0,728,0,0
3679,24.567,24.567,11.989,12.077,0.374,0.127,1,20.272,7.036,0.000,349,75447,2170,25329
3680,8.796,3.611,3.346,0.107,0.004,0.153,0,19.484,6.961,0.000,0,728,0,0
3681,23.960,23.960,9.986,13.483,0.351,0.140,1,19.484,6.961,0.000,349,75447,2171,25329
3682,9.404,3.576,3.323,0.108,0.004,0.141,0,19.841,6.987,0.000,0,728,0,0
3683,24.511,24.511,11.630,12.171,0.367,0.344,1,19.841,6.987,0.000,349,75447,2171,25329
3684,8.877,3.953,3.461,0.108,0.004,0.380,0,20.949,7.053,0.000,0,728,0,0
3685,27.113,27.113,12.952,13.230,0.534,0.398,1,20.949,7.053,0.000,349,75447,2171,25329
3686,6.235,4.388,3.780,0.110,0.004,0.494,0,21.548,7.193,0.000,0,752,0,0
3687,23.328,23.328,10.303,12.227,0.375,0.423,1,21.548,7.193,0.000,350,75495,2185,25329
3688,10.033,7.031,6.548,0.109,0.004,0.371,0,21.454,7.414,0.000,0,800,0,0
3689,26.239,26.239,13.069,12.137,0.495,0.538,1,21.454,7.414,0.000,350,75543,2186,25329
3690,7.131,4.217,3.746,0.111,0.005,0.355,0,19.620,8.112,0.000,0,848,0,0
3691,26.592,26.592,11.362,14.377,0.450,0.402,1,19.620,8.112,0.000,350,75591,2186,25329
3692,6.776,4.781,4.179,0.110,0.005,0.487,0,22.161,7.104,0.000,0,896,0,0
3693,24.653,24.653,10.987,12.989,0.278,0.398,1,22.161,7.104,0.000,350,75639,2186,25329
3694,8.713,3.953,3.463,0.109,0.004,0.377,0,22.156,7.345,0.000,0,944,0,0
3695,25.116,25.116,10.542,13.658,0.407,0.509,1,22.156,7.345,0.000,351,75683,2191,25329
3696,8.257,3.968,3.512,0.109,0.004,0.343,0,22.518,7.174,0.000,0,964,0,0
3697,25.111,25.111,10.523,13.819,0.410,0.359,1,22.518,7.174,0.000,351,75683,2189,25329
3698,8.255,4.227,3.675,0.108,0.004,0.439,0,21.824,6.938,0.000,0,964,0,0
3699,26.814,26.814,12.848,13.238,0.379,0.349,1,21.824,6.938,0.000,351,75683,2190,25329
3700,6.548,4.350,3.847,0.112,0.005,0.387,0,19.314,7.166,0.000,0,964,0,0
3701,25.498,25.498,11.472,13.135,0.541,0.351,1,19.314,7.166,0.000,351,75683,2190,25329
3702,7.869,5.799,5.386,0.110,0.005,0.298,0,21.822,7.296,0.000,0,964,0,0
3703,27.282,27.282,12.255,14.248,0.345,0.433,1,21.822,7.296,0.000,351,75683,2190,25329
3704,6.095,3.962,3.545,0.110,0.005,0.302,0,22.792,7.194,0.000,0,964,0,0
3705,25.362,25.362,11.767,12.903,0.361,0.332,1,22.792,7.194,0.000,351,75683,2189,25329
3706,7.993,5.874,5.333,0.110,0.004,0.426,0,22.167,7.034,0.000,0,964,0,0
3707,25.319,25.319,12.150,12.297,0.538,0.335,1,22.167,7.034,0.000,351,75683,2191,25329
3708,8.050,4.688,4.282,0.113,0.006,0.287,0,19.974,8.286,0.000,0,964,0,0
3709,25.530,25.530,12.254,12.360,0.506,0.410,1,19.974,8.286,0.000,351,75683,2190,25329
3710,7.831,4.218,3.826,0.110,0.005,0.277,0,19.468,7.612,0.000,0,964,0,0
3711,26.556,26.556,12.226,13.610,0.387,0.333,1,19.468,7.612,0.000,351,75683,2190,25329
3712,6.816,4.614,4.105,0.109,0.005,0.395,0,22.196,7.427,0.000,0,964,0,0
3713,26.424,26.424,12.183,13.514,0.316,0.411,1,22.196,7.427,0.000,351,75683,2190,25329
3714,6.943,4.226,3.733,0.110,0.004,0.378,0,21.627,7.366,0.000,0,964,0,0
3715,26.508,26.508,13.250,12.411,0.427,0.421,1,21.627,7.366,0.000,351,75683,2189,25329
3716,6.855,4.098,3.669,0.112,0.004,0.314,0,20.289,7.021,0.000,0,964,0,0
3717,25.552,25.552,12.363,12.420,0.453,0.316,1,20.289,7.021,0.000,352,75683,2192,25329
3718,7.816,4.147,3.649,0.109,0.004,0.386,0,20.276,6.972,0.000,0,964,0,0
3719,25.861,25.861,11.682,13.288,0.530,0.360,1,20.276,6.972,0.000,350,75679,2186,25329
3720,7.857,4.298,3.853,0.110,0.004,0.331,0,20.276,6.972,0.000,0,960,0,0
3721,26.979,26.979,11.478,14.553,0.477,0.471,1,23.969,7.240,2.371,355,76055,1776,25329
3722,6.047,4.243,3.801,0.131,0.004,0.307,0,24.163,6.158,2.371,0,1336,0,0
3723,25.903,25.903,10.604,14.578,0.399,0.323,1,24.163,6.158,2.729,355,76055,1752,25329
3724,7.454,4.289,3.733,0.113,0.005,0.438,0,21.723,6.943,2.729,0,1336,0,0
3725,25.681,25.681,10.702,14.265,0.388,0.326,1,21.723,6.943,2.162,355,76055,1809,25329
3726,7.693,4.171,3.747,0.113,0.004,0.306,0,23.483,6.115,2.162,0,1336,0,0
3727,26.303,26.303,10.813,14.734,0.336,0.420,1,23.483,6.115,2.876,355,76055,1818,25329
3728,7.059,4.272,3.838,0.114,0.005,0.316,0,22.444,6.289,2.876,0,1336,0,0
3729,27.832,27.832,11.667,15.265,0.462,0.438,1,19.916,5.844,2.672,355,76055,1761,25329
3730,5.529,4.988,4.403,0.113,0.003,0.469,0,19.916,5.844,2.672,0,1336,0,0
3731,24.441,24.441,11.081,12.628,0.331,0.401,1,19.916,5.844,0.000,355,76055,2228,25329
3732,8.937,4.224,3.744,0.114,0.005,0.362,0,23.283,6.883,0.000,0,1336,0,0
3733,28.287,28.287,12.133,15.244,0.358,0.552,1,20.668,5.907,2.348,355,76055,1779,25329
3734,5.070,4.530,4.038,0.116,0.006,0.370,0,20.668,5.907,2.348,0,1336,0,0
3735,24.032,24.032,10.529,12.705,0.429,0.369,1,20.668,5.907,0.000,355,76055,2228,25329
3736,9.335,7.294,6.700,0.136,0.008,0.450,0,23.451,7.412,0.000,0,1336,0,0
3737,29.398,29.398,11.706,16.960,0.366,0.366,1,20.196,6.221,2.346,355,76055,1790,25329
3738,4.061,4.061,3.645,0.113,0.004,0.300,0,20.196,6.221,2.346,0,1336,0,0
3739,27.312,27.312,12.312,14.280,0.287,0.433,1,20.196,6.221,0.000,355,76055,2228,25329
3740,5.961,5.093,4.688,0.113,0.004,0.287,0,21.628,7.647,0.000,0,1336,0,0
3741,26.608,26.608,12.026,13.939,0.347,0.295,1,21.628,7.647,0.000,355,76055,2227,25329
3742,6.769,4.850,4.421,0.142,0.004,0.284,0,21.124,7.283,0.000,0,1348,1,0
3743,40.410,40.410,12.056,27.715,0.421,0.217,1,21.124,7.283,0.000,358,76067,2299,25329
3744,5.209,5.209,4.820,0.121,0.005,0.262,0,21.124,7.283,0.000,0,1348,0,0
3745,5.738,5.184,4.729,0.116,0.004,0.335,0,21.124,7.283,0.000,0,1348,0,0
3746,32.629,32.629,12.681,19.228,0.449,0.270,1,23.482,2.299,6.739,358,76067,1630,25329
3747,4.636,4.636,4.282,0.122,0.003,0.229,0,23.482,2.299,6.739,0,1348,0,0
3748,26.678,26.678,11.404,14.540,0.390,0.344,1,23.482,2.299,0.000,358,76067,2286,25329
3749,4.185,4.185,3.843,0.118,0.005,0.219,0,23.482,2.299,0.000,0,1348,0,0
3750,29.234,29.234,14.772,13.310,0.913,0.239,1,23.102,7.014,0.000,358,76067,2285,25329
3751,5.220,5.220,4.814,0.130,0.006,0.270,0,23.641,7.159,0.000,0,1348,0,0
3752,24.658,24.658,10.614,13.332,0.464,0.247,1,23.641,7.159,0.000,358,76067,2284,25329
3753,6.130,6.130,5.822,0.117,0.005,0.185,0,23.641,7.159,0.000,0,1348,0,0
3754,25.751,25.751,12.569,12.406,0.468,0.308,1,21.142,8.498,0.000,358,76067,2285,25329
3755,6.408,4.931,4.614,0.117,0.006,0.194,0,20.284,7.283,0.000,0,1348,0,0
3756,24.370,24.370,11.346,12.444,0.377,0.203,1,20.284,7.283,0.000,358,76067,2285,25329
3757,8.985,5.426,5.070,0.118,0.004,0.234,0,20.847,7.294,0.000,0,1348,0,0
3758,24.991,24.991,11.739,12.567,0.448,0.237,1,20.847,7.294,0.000,360,76539,2300,25329
3759,8.375,5.896,5.553,0.120,0.005,0.218,0,22.508,6.945,0.000,0,1820,0,0
3760,25.253,25.253,12.108,12.317,0.458,0.369,1,22.508,6.945,0.000,359,76539,2293,25329
3761,8.131,5.599,5.255,0.118,0.007,0.220,0,20.319,7.955,0.000,0,1820,0,0
3762,25.784,25.784,12.083,12.898,0.548,0.255,1,20.319,7.955,0.000,359,76539,2292,25329
3763,7.569,6.007,5.584,0.118,0.004,0.301,0,20.815,8.040,0.000,0,1820,0,0
3764,25.103,25.103,11.992,12.380,0.475,0.256,1,20.815,8.040,0.000,359,76539,2293,25329
3765,8.262,5.534,5.195,0.119,0.004,0.216,0,21.426,8.022,0.000,0,1820,0,0
3766,25.613,25.613,12.407,12.363,0.520,0.323,1,21.426,8.022,0.000,359,76539,2293,25329
3767,7.754,5.209,4.848,0.118,0.004,0.239,0,20.622,7.676,0.000,0,1820,0,0
3768,27.292,27.292,12.732,13.909,0.379,0.272,1,20.622,7.676,0.000,359,76539,2294,25329
3769,6.072,5.129,4.654,0.152,0.004,0.320,0,21.839,7.400,0.000,0,1820,0,0
3770,26.838,26.838,11.745,14.469,0.355,0.269,1,21.839,7.400,0.000,359,76539,2293,25329
3771,6.531,4.364,3.998,0.119,0.004,0.243,0,21.590,7.282,0.000,0,1820,0,0
3772,23.794,23.794,10.506,12.650,0.302,0.337,1,21.590,7.282,0.000,359,76539,2292,25329
3773,9.587,4.299,3.931,0.118,0.004,0.246,0,23.083,7.088,0.000,0,1820,0,0
3774,26.277,26.277,11.572,14.015,0.392,0.298,1,23.083,7.088,1.588,359,76539,1992,25329
3775,7.088,4.592,4.064,0.117,0.008,0.402,0,23.488,6.553,1.588,0,1820,0,0
3776,26.107,26.107,10.964,14.334,0.515,0.293,1,23.488,6.553,2.172,359,76539,1894,25329
3777,7.257,4.364,3.975,0.118,0.004,0.268,0,23.094,6.777,2.172,0,1820,0,0
3778,25.778,25.778,10.970,14.080,0.364,0.364,1,23.094,6.777,2.092,360,76539,1862,25329
3779,7.589,4.555,4.163,0.118,0.005,0.269,0,23.265,7.084,2.092,0,1820,0,0
3780,26.325,26.325,10.846,14.852,0.347,0.279,1,23.265,7.084,2.909,359,76539,1820,25329
3781,7.036,4.405,3.938,0.119,0.005,0.344,0,22.444,6.333,2.909,0,1820,0,0
3782,27.049,27.049,12.153,14.290,0.334,0.272,1,22.444,6.333,2.443,359,76539,1824,25329
3783,6.313,4.070,3.708,0.113,0.005,0.244,0,20.967,5.768,2.443,0,740,0,0
3784,26.653,26.653,12.152,13.819,0.346,0.336,1,20.967,5.768,0.000,352,75459,2228,25329
3785,6.716,3.745,3.383,0.112,0.006,0.244,0,21.728,7.195,0.000,0,740,0,0
3786,24.597,24.597,10.313,13.745,0.286,0.253,1,21.728,7.195,0.000,352,75459,2228,25329
3787,8.782,3.914,3.496,0.112,0.005,0.301,0,21.354,7.114,0.000,0,740,0,0
3788,26.398,26.398,12.588,13.045,0.487,0.278,1,21.354,7.114,0.000,353,75459,2230,25329
3789,6.955,4.235,3.867,0.112,0.003,0.252,0,20.610,7.154,0.000,0,740,0,0
3790,27.185,27.185,12.745,13.660,0.345,0.435,1,20.610,7.154,0.000,352,75459,2227,25329
3791,6.192,3.852,3.402,0.113,0.004,0.334,0,22.206,7.153,0.000,0,740,0,0
3792,33.350,33.350,11.355,21.233,0.400,0.362,1,19.337,6.804,0.000,352,75459,2228,25329
3793,5.151,5.151,4.588,0.120,0.003,0.439,0,19.337,6.804,0.000,0,740,0,0
3794,24.797,24.797,11.052,13.084,0.296,0.366,1,19.337,6.804,0.000,352,75459,2228,25329
3795,3.883,3.883,3.442,0.113,0.005,0.323,0,19.337,6.804,0.000,0,740,0,0
3796,16.223,7.610,7.076,0.110,0.003,0.420,0,24.994,7.276,0.000,0,740,0,0
3797,26.271,26.271,11.584,13.943,0.402,0.341,1,24.994,7.276,1.912,352,75459,1869,25329
3798,7.099,4.762,4.313,0.119,0.006,0.323,0,21.419,6.187,1.912,0,740,0,0
3799,26.156,26.156,11.984,12.784,0.494,0.894,1,21.419,6.187,0.000,352,75459,2228,25329
3800,7.212,3.918,3.463,0.111,0.007,0.337,0,21.212,7.224,0.000,0,740,0,0
3801,24.800,24.800,10.227,13.541,0.595,0.436,1,21.212,7.224,0.000,351,75455,2214,25329
3802,8.564,5.665,5.266,0.113,0.004,0.281,0,20.547,7.075,0.000,0,736,0,0
3803,26.245,26.245,11.948,13.609,0.383,0.305,1,20.547,7.075,0.000,351,75455,2213,25329
3804,7.121,5.466,4.910,0.149,0.006,0.401,0,21.154,7.802,0.000,0,736,0,0
3805,25.473,25.473,11.932,12.728,0.435,0.378,1,21.154,7.802,0.000,351,75455,2212,25329
3806,7.900,3.957,3.444,0.112,0.004,0.396,0,21.820,7.122,0.000,0,736,0,0
3807,25.025,25.025,10.498,13.542,0.372,0.613,1,21.820,7.122,0.000,351,75455,2213,25329
3808,8.343,3.833,3.294,0.111,0.004,0.425,0,22.658,6.993,0.000,0,736,0,0
3809,23.530,23.530,10.440,12.242,0.360,0.488,1,22.658,6.993,0.000,351,75455,2213,25329
3810,9.841,4.159,3.478,0.111,0.004,0.565,0,23.188,7.221,0.000,0,736,0,0
3811,25.695,25.695,10.562,14.236,0.462,0.435,1,23.188,7.221,2.420,352,75455,1767,25329
3812,7.666,3.950,3.432,0.111,0.006,0.401,0,23.404,6.110,2.420,0,736,0,0
3813,26.400,26.400,10.632,14.878,0.316,0.574,1,23.404,6.110,2.782,351,75455,1749,25329
3814,6.962,4.052,3.557,0.112,0.005,0.377,0,23.823,5.601,2.782,0,736,0,0
3815,25.795,25.795,10.234,14.845,0.332,0.384,1,23.823,5.601,2.967,351,75455,1778,25329
3816,7.573,4.212,3.585,0.112,0.006,0.509,0,23.088,5.371,2.967,0,736,0,0
3817,29.743,29.743,12.388,16.603,0.325,0.427,1,20.629,5.556,3.600,351,75455,1785,25329
3818,4.476,4.476,3.962,0.116,0.007,0.392,0,20.629,5.556,3.600,0,736,0,0
3819,25.163,25.163,11.013,13.201,0.409,0.540,1,20.629,5.556,0.000,351,75455,2213,25329
3820,7.416,7.416,6.941,0.114,0.004,0.358,0,21.755,8.200,0.000,0,736,0,0
3821,25.206,25.206,12.103,12.230,0.487,0.386,1,21.755,8.200,0.000,352,75455,2215,25329
3822,8.093,4.357,3.806,0.111,0.008,0.432,0,19.821,7.768,0.000,0,736,0,0
3823,26.340,26.340,12.824,12.711,0.447,0.358,1,19.821,7.768,0.000,351,75455,2212,25329
3824,7.052,3.792,3.347,0.110,0.004,0.330,0,21.863,7.338,0.000,0,736,0,0
3825,30.921,30.921,15.323,14.615,0.514,0.470,1,21.863,7.338,0.000,351,75455,2213,25329
3826,4.369,4.369,3.892,0.112,0.009,0.356,0,20.202,7.951,0.000,0,736,0,0
3827,24.491,24.491,11.467,12.282,0.379,0.364,1,20.202,7.951,0.000,351,75455,2213,25329
3828,6.940,4.204,3.641,0.112,0.004,0.447,0,22.423,7.013,0.000,0,736,0,0
3829,23.815,23.815,10.452,12.504,0.511,0.348,1,22.423,7.013,0.000,351,75455,2213,25329
3830,9.537,6.520,6.117,0.111,0.004,0.288,0,20.814,7.314,0.000,0,736,0,0
3831,25.713,25.713,12.705,12.148,0.432,0.428,1,20.814,7.314,0.000,351,75455,2212,25329
3832,7.658,4.284,3.873,0.110,0.004,0.296,0,20.435,7.499,0.000,0,736,0,0
3833,27.583,27.583,13.878,12.879,0.467,0.359,1,20.435,7.499,0.000,352,75455,2215,25329
3834,5.781,3.990,3.486,0.113,0.004,0.387,0,20.898,7.341,0.000,0,736,0,0
3835,24.338,24.338,10.134,13.548,0.299,0.357,1,20.898,7.341,0.000,351,75455,2213,25329
3836,9.037,3.815,3.352,0.112,0.005,0.346,0,21.987,7.096,0.000,0,736,0,0
3837,24.770,24.770,10.914,13.040,0.381,0.434,1,21.987,7.096,0.000,351,75455,2213,25329
3838,8.595,3.835,3.425,0.112,0.004,0.293,0,22.154,7.136,0.000,0,736,0,0
3839,25.178,25.178,10.602,13.870,0.373,0.333,1,22.154,7.136,0.000,351,75455,2213,25329
3840,8.196,6.137,5.636,0.112,0.005,0.384,0,19.487,7.276,0.000,0,736,0,0
3841,27.183,27.183,13.842,12.557,0.440,0.344,1,19.487,7.276,0.000,351,75455,2212,25329
3842,6.372,6.372,5.960,0.115,0.005,0.292,0,19.487,7.276,0.000,0,736,0,0
3843,32.908,32.908,16.135,16.012,0.362,0.399,1,26.219,7.969,3.187,351,75455,1755,25329
3844,4.402,4.402,3.998,0.113,0.005,0.286,0,22.240,5.683,3.187,0,736,0,0
3845,24.706,24.706,10.088,14.032,0.267,0.319,1,22.240,5.683,0.000,351,75455,2213,25329
3846,4.720,4.144,3.659,0.113,0.004,0.368,0,22.240,5.683,0.000,0,736,0,0
3847,30.877,30.877,14.288,15.891,0.393,0.305,1,19.698,6.503,2.342,351,75455,1903,25329
3848,3.714,3.714,3.342,0.111,0.004,0.257,0,19.698,6.503,2.342,0,736,0,0
3849,24.493,24.493,10.648,13.172,0.306,0.367,1,19.698,6.503,0.000,351,75455,2212,25329
3850,7.441,6.634,6.246,0.116,0.007,0.265,0,20.263,7.075,0.000,0,736,0,0
3851,25.082,25.082,11.382,12.914,0.416,0.369,1,20.263,7.075,0.000,351,75455,2213,25329
3852,8.285,5.800,5.220,0.120,0.008,0.452,0,21.162,7.397,0.000,0,736,0,0
3853,26.369,26.369,12.407,13.032,0.585,0.345,1,21.162,7.397,0.000,351,75455,2214,25329
3854,7.001,4.695,4.276,0.113,0.004,0.303,0,21.098,8.029,0.000,0,736,0,0
3855,24.715,24.715,11.353,12.388,0.524,0.449,1,21.098,8.029,0.000,351,75455,2213,25329
3856,8.657,4.185,3.739,0.112,0.006,0.328,0,23.538,7.130,0.000,0,736,0,0
3857,27.391,27.391,11.623,15.086,0.329,0.354,1,19.204,6.230,2.570,351,75455,1840,25329
3858,6.172,5.062,4.420,0.116,0.007,0.519,0,19.204,6.230,2.570,0,736,0,0
3859,25.496,25.496,11.179,13.548,0.337,0.432,1,19.204,6.230,0.000,351,75455,2213,25329
3860,7.683,3.658,3.263,0.111,0.003,0.281,0,21.837,7.076,0.000,0,736,0,0
3861,27.086,27.086,13.242,12.918,0.531,0.395,1,21.837,7.076,0.000,351,75455,2213,25329
3862,6.268,3.845,3.463,0.112,0.004,0.267,0,20.641,7.194,0.000,0,736,0,0
3863,25.539,25.539,10.913,13.732,0.594,0.301,1,20.641,7.194,0.000,352,75455,2215,25329
3864,7.824,6.291,5.779,0.117,0.007,0.387,0,21.707,7.820,0.000,0,736,0,0
3865,25.405,25.405,11.917,12.701,0.377,0.410,1,21.707,7.820,0.000,351,75455,2213,25329
3866,7.962,4.690,4.366,0.110,0.006,0.208,0,20.300,7.650,0.000,0,736,0,0
3867,23.784,23.784,11.101,11.970,0.486,0.227,1,20.300,7.650,0.000,351,75455,2212,25329
3868,9.589,4.495,4.249,0.111,0.004,0.131,0,19.583,7.483,0.000,0,736,0,0
3869,24.871,24.871,11.677,12.665,0.385,0.144,1,19.583,7.483,0.000,351,75455,2213,25329
3870,8.490,3.748,3.465,0.110,0.003,0.170,0,19.055,7.009,0.000,0,736,0,0
3871,25.150,25.150,11.365,13.124,0.501,0.160,1,19.055,7.009,0.000,351,75455,2213,25329
3872,8.231,3.735,3.493,0.110,0.005,0.127,0,22.167,7.314,0.000,0,736,0,0
3873,23.458,23.458,10.551,12.370,0.347,0.190,1,22.167,7.314,0.000,352,75455,2215,25329
3874,9.901,3.767,3.542,0.112,0.005,0.108,0,21.871,7.103,0.000,0,736,0,0
3875,23.422,23.422,10.557,12.238,0.512,0.115,1,21.871,7.103,0.000,351,75455,2212,25329
3876,9.940,3.751,3.401,0.216,0.005,0.129,0,21.389,6.976,0.000,0,736,0,0
3877,27.179,27.179,12.936,13.753,0.350,0.140,1,21.389,6.976,0.000,351,75455,2213,25329
3878,6.185,3.933,3.696,0.112,0.004,0.121,0,19.278,7.215,0.000,0,736,0,0
3879,25.105,25.105,11.763,12.843,0.310,0.189,1,19.278,7.215,0.000,351,75455,2213,25329
3880,8.264,4.425,4.181,0.112,0.005,0.126,0,18.920,6.835,0.000,0,736,0,0
3881,24.886,24.886,11.604,12.722,0.399,0.162,1,18.920,6.835,0.000,351,75455,2213,25329
3882,8.478,4.750,4.445,0.112,0.004,0.188,0,19.262,7.124,0.000,0,736,0,0
3883,24.847,24.847,11.607,12.696,0.378,0.166,1,19.262,7.124,0.000,351,75455,2212,25329
3884,8.525,3.771,3.528,0.112,0.004,0.127,0,18.939,6.889,0.000,0,736,0,0
3885,26.237,26.237,12.180,13.518,0.346,0.192,1,18.939,6.889,0.000,352,75455,2215,25329
3886,7.130,3.869,3.617,0.114,0.004,0.134,0,20.746,7.173,0.000,0,736,0,0
3887,24.398,24.398,11.072,12.887,0.283,0.156,1,20.746,7.173,0.000,351,75455,2213,25329
3888,8.976,4.130,3.840,0.112,0.004,0.174,0,20.196,7.049,0.000,0,736,0,0
3889,24.955,24.955,10.463,13.906,0.389,0.197,1,20.196,7.049,0.000,351,75455,2213,25329
3890,8.415,4.035,3.813,0.110,0.006,0.106,0,20.650,6.997,0.000,0,736,0,0
3891,25.889,25.889,11.944,13.393,0.386,0.165,1,20.650,6.997,0.000,351,75455,2213,25329
3892,7.468,4.233,4.012,0.112,0.004,0.104,0,22.309,7.254,0.000,0,736,0,0
3893,24.549,24.549,11.782,12.186,0.432,0.149,1,22.309,7.254,0.000,351,75455,2212,25329
3894,8.811,4.682,4.436,0.115,0.004,0.127,0,21.265,7.058,0.000,0,736,0,0
3895,23.935,23.935,10.859,12.412,0.545,0.119,1,21.265,7.058,0.000,352,76055,2242,25329
3896,9.432,5.050,4.841,0.114,0.006,0.089,0,21.287,7.713,0.000,0,736,0,0
3897,24.443,24.443,11.221,12.499,0.523,0.200,1,21.287,7.713,0.000,352,76055,2236,25329
3898,8.926,5.489,5.237,0.113,0.004,0.135,0,20.770,7.920,0.000,0,736,0,0
3899,24.612,24.612,11.573,12.346,0.474,0.219,1,20.770,7.920,0.000,352,76055,2236,25329
3900,8.757,4.667,4.419,0.112,0.004,0.132,0,20.913,7.986,0.000,0,736,0,0
3901,23.849,23.849,10.966,12.283,0.450,0.151,1,20.913,7.986,0.000,352,76055,2235,25329
3902,9.512,4.753,4.485,0.111,0.005,0.152,0,19.859,7.898,0.000,0,736,0,0
3903,23.889,23.889,11.164,12.079,0.515,0.131,1,19.859,7.898,0.000,352,76055,2236,25329
3904,9.478,4.427,4.209,0.111,0.005,0.101,0,20.435,7.086,0.000,0,736,0,0
3905,23.570,23.570,10.905,11.986,0.522,0.157,1,20.435,7.086,0.000,352,76055,2237,25329
3906,9.821,4.687,4.473,0.120,0.005,0.090,0,21.822,7.157,0.000,0,736,0,0
3907,24.511,24.511,11.549,12.364,0.488,0.111,1,21.822,7.157,0.000,352,76055,2236,25329
3908,8.833,4.550,4.318,0.114,0.004,0.115,0,20.716,7.192,0.000,0,736,0,0
3909,23.286,23.286,10.762,12.017,0.390,0.117,1,20.716,7.192,0.000,352,76055,2236,25329
3910,10.077,4.424,4.225,0.112,0.006,0.082,0,21.164,7.520,0.000,0,736,0,0
3911,23.621,23.621,10.847,12.157,0.466,0.150,1,21.164,7.520,0.000,352,76055,2235,25329
3912,9.747,4.740,4.466,0.114,0.004,0.156,0,20.099,8.013,0.000,0,736,0,0
3913,23.562,23.562,10.789,12.131,0.464,0.178,1,20.099,8.013,0.000,352,76055,2236,25329
3914,9.805,5.249,4.940,0.114,0.006,0.188,0,20.309,8.120,0.000,0,736,0,0
3915,23.976,23.976,11.279,12.039,0.481,0.177,1,20.309,8.120,0.000,353,76055,2238,25329
3916,9.396,4.670,4.420,0.110,0.003,0.136,0,19.876,7.583,0.000,0,736,0,0
3917,25.270,25.270,11.942,12.731,0.378,0.219,1,19.876,7.583,0.000,352,76055,2236,25329
3918,8.093,3.884,3.636,0.112,0.004,0.132,0,19.213,7.142,0.000,0,736,0,0
3919,25.592,25.592,11.927,12.947,0.547,0.171,1,19.213,7.142,0.000,352,76055,2235,25329
3920,7.785,3.821,3.558,0.112,0.004,0.147,0,21.705,8.095,0.000,0,736,0,0
3921,23.329,23.329,10.430,12.429,0.354,0.116,1,21.705,8.095,0.000,352,76055,2236,25329
3922,10.039,3.973,3.770,0.116,0.003,0.084,0,21.530,7.206,0.000,0,736,0,0
3923,24.228,24.228,11.136,12.462,0.499,0.132,1,21.530,7.206,0.000,352,76055,2236,25329
3924,9.130,4.668,4.424,0.111,0.005,0.128,0,20.557,7.101,0.000,0,736,0,0
3925,23.963,23.963,11.153,12.168,0.434,0.208,1,20.557,7.101,0.000,353,76055,2238,25329
3926,9.401,5.382,5.028,0.113,0.006,0.234,0,20.789,7.579,0.000,0,736,0,0
3927,25.102,25.102,11.820,12.257,0.660,0.365,1,20.789,7.579,0.000,352,76055,2235,25329
3928,8.269,4.533,4.149,0.112,0.004,0.268,0,20.461,7.482,0.000,0,736,0,0
3929,26.549,26.549,12.041,13.652,0.457,0.399,1,20.461,7.482,0.000,352,76055,2236,25329
3930,6.824,4.403,4.003,0.113,0.005,0.282,0,22.535,7.260,0.000,0,736,0,0
3931,24.601,24.601,10.852,13.174,0.276,0.299,1,22.535,7.260,0.000,352,76055,2236,25329
3932,8.768,3.877,3.387,0.112,0.004,0.375,0,21.929,7.404,0.000,0,736,0,0
3933,24.484,24.484,10.985,12.814,0.387,0.297,1,21.929,7.404,0.000,352,76055,2236,25329
3934,8.874,3.975,3.603,0.110,0.004,0.259,0,21.343,7.053,0.000,0,736,0,0
3935,26.528,26.528,12.915,12.822,0.379,0.413,1,21.343,7.053,0.000,352,76055,2236,25329
3936,6.849,4.802,4.423,0.120,0.005,0.254,0,19.144,6.951,0.000,0,736,0,0
3937,26.007,26.007,11.843,13.427,0.428,0.310,1,19.144,6.951,0.000,352,76055,2235,25329
3938,7.349,5.363,4.883,0.114,0.005,0.360,0,20.773,7.207,0.000,0,736,0,0
3939,27.161,27.161,13.564,12.777,0.462,0.358,1,20.773,7.207,0.000,352,76055,2236,25329
3940,6.205,4.782,4.402,0.117,0.004,0.259,0,22.149,7.233,0.000,0,736,0,0
3941,24.325,24.325,11.242,12.291,0.407,0.385,1,22.149,7.233,0.000,352,76055,2236,25329
3942,9.044,7.087,6.665,0.111,0.004,0.306,0,21.718,7.663,0.000,0,736,0,0
3943,27.540,27.540,12.626,13.516,1.107,0.291,1,21.718,7.663,0.000,352,76055,2236,25329
3944,5.824,4.040,3.590,0.113,0.004,0.334,0,21.549,7.390,0.000,0,736,0,0
3945,24.264,24.264,10.755,12.948,0.290,0.272,1,21.549,7.390,0.000,352,76055,2235,25329
3946,9.102,4.457,3.512,0.113,0.005,0.827,0,20.789,7.099,0.000,0,736,0,0
3947,26.683,26.683,13.686,12.222,0.392,0.383,1,20.789,7.099,0.000,352,76055,2237,25329
3948,6.683,4.083,3.699,0.113,0.004,0.266,0,19.195,7.262,0.000,0,736,0,0
3949,26.392,26.392,12.085,13.568,0.443,0.297,1,19.195,7.262,0.000,352,76055,2236,25329
3950,7.009,4.069,3.582,0.111,0.004,0.372,0,23.631,7.276,0.000,0,736,0,0
3951,27.066,27.066,10.913,15.500,0.378,0.275,1,23.631,7.276,2.387,352,76055,1945,25329
3952,6.277,3.935,3.558,0.110,0.005,0.263,0,21.442,6.526,2.387,0,736,0,0
3953,24.635,24.635,10.214,13.789,0.266,0.367,1,21.442,6.526,0.000,352,76055,2236,25329
3954,8.721,5.602,5.229,0.112,0.004,0.256,0,20.686,7.198,0.000,0,736,0,0
3955,25.318,25.318,11.583,12.989,0.459,0.286,1,20.686,7.198,0.000,352,76055,2235,25329
3956,8.066,3.871,3.418,0.111,0.004,0.338,0,22.727,7.269,0.000,0,736,0,0
3957,23.677,23.677,10.471,12.442,0.336,0.428,1,22.727,7.269,0.000,353,76055,2238,25329
3958,9.689,4.378,3.972,0.112,0.005,0.290,0,22.733,7.708,0.000,0,736,0,0
3959,33.001,33.001,14.305,17.936,0.362,0.398,1,23.315,6.942,2.039,354,76175,1945,25389
3960,4.852,4.852,4.439,0.116,0.007,0.290,0,23.315,6.942,2.039,0,736,0,0
3961,25.530,25.530,11.333,13.444,0.440,0.313,1,23.315,6.942,0.000,354,76175,2244,25449
3962,4.119,4.119,3.633,0.112,0.004,0.370,0,23.315,6.942,0.000,0,736,0,0
3963,15.898,7.480,7.101,0.110,0.003,0.266,0,25.118,7.164,0.000,0,736,0,0
3964,24.629,24.629,10.070,13.816,0.422,0.321,1,25.118,7.164,1.897,354,76175,1860,25449
3965,8.752,4.291,3.794,0.113,0.004,0.380,0,23.248,6.032,1.897,0,736,0,0
3966,25.446,25.446,10.646,14.071,0.433,0.297,1,23.248,6.032,2.037,354,76175,1840,25449
3967,7.913,3.999,3.594,0.111,0.006,0.289,0,22.696,6.482,2.037,0,736,0,0
3968,25.336,25.336,10.492,14.070,0.422,0.352,1,22.696,6.482,2.261,355,76175,1798,25449
3969,8.056,3.973,3.596,0.111,0.005,0.262,0,23.479,5.919,2.261,0,736,0,0
3970,26.679,26.679,10.966,15.077,0.361,0.276,1,23.479,5.919,2.852,354,76175,1838,25449
3971,6.656,4.038,3.583,0.111,0.004,0.340,0,22.554,6.311,2.852,0,736,0,0
3972,25.379,25.379,10.447,14.279,0.306,0.347,1,22.554,6.311,2.567,354,76175,1786,25449
3973,7.991,4.080,3.587,0.111,0.005,0.377,0,21.445,6.456,2.567,0,736,0,0
3974,25.882,25.882,12.337,12.561,0.538,0.445,1,21.445,6.456,0.000,354,76175,2243,25449
3975,7.484,4.003,3.583,0.112,0.004,0.304,0,20.238,7.210,0.000,0,736,0,0
3976,27.204,27.204,13.334,13.016,0.511,0.342,1,20.238,7.210,0.000,354,76175,2244,25449
3977,6.296,4.347,3.834,0.113,0.003,0.397,0,21.044,7.494,0.000,0,736,0,0
3978,24.882,24.882,11.938,12.261,0.335,0.349,1,21.044,7.494,0.000,355,76175,2246,25449
3979,8.351,4.512,4.094,0.112,0.005,0.302,0,20.477,7.188,0.000,0,736,0,0
3980,29.959,29.959,14.100,15.006,0.396,0.456,1,20.477,7.188,0.000,354,76175,2244,25449
3981,4.067,4.067,3.660,0.113,0.004,0.289,0,21.008,7.327,0.000,0,736,0,0
3982,25.156,25.156,11.179,13.071,0.447,0.458,1,21.008,7.327,0.000,354,76175,2243,25449
3983,7.550,6.470,5.974,0.111,0.005,0.379,0,21.308,7.397,0.000,0,736,0,0
3984,26.433,26.433,12.751,12.938,0.409,0.336,1,21.308,7.397,0.000,354,76175,2244,25449
3985,6.940,4.443,4.030,0.112,0.004,0.297,0,22.128,7.401,0.000,0,736,0,0
3986,24.944,24.944,11.254,12.996,0.284,0.410,1,22.128,7.401,0.000,354,76175,2244,25449
3987,8.429,3.635,3.337,0.111,0.004,0.184,0,22.334,7.219,0.000,0,736,0,0
3988,24.846,24.846,11.188,13.040,0.387,0.231,1,22.334,7.219,0.000,355,76175,2246,25449
3989,8.508,4.016,3.631,0.113,0.005,0.269,0,20.908,7.139,0.000,0,736,0,0
3990,24.105,24.105,11.387,12.205,0.347,0.167,1,20.908,7.139,0.000,354,76175,2244,25449
3991,9.261,3.727,3.461,0.112,0.004,0.150,0,20.776,7.044,0.000,0,736,0,0
3992,25.240,25.240,12.341,12.147,0.517,0.235,1,20.776,7.044,0.000,354,76175,2243,25449
3993,8.129,4.987,4.706,0.122,0.007,0.152,0,21.400,7.087,0.000,0,736,0,0
3994,25.047,25.047,12.036,12.399,0.449,0.163,1,21.400,7.087,0.000,354,76175,2244,25449
3995,8.324,3.899,3.610,0.112,0.003,0.173,0,22.310,7.081,0.000,0,736,0,0
3996,23.605,23.605,10.480,12.560,0.380,0.184,1,22.310,7.081,0.000,354,76175,2244,25449
3997,9.770,3.743,3.505,0.110,0.006,0.122,0,22.098,7.669,0.000,0,736,0,0
3998,23.760,23.760,10.426,12.595,0.556,0.182,1,22.098,7.669,0.000,354,76175,2244,25449
3999,9.600,3.888,3.654,0.111,0.004,0.120,0,22.108,7.892,0.000,0,736,0,0
4000,23.547,23.547,10.499,12.352,0.520,0.177,1,22.108,7.892,0.000,354,76175,2243,25449
4001,9.823,3.768,3.532,0.111,0.003,0.121,0,21.567,7.516,0.000,0,736,0,0
4002,23.186,23.186,10.345,12.198,0.505,0.139,1,21.567,7.516,0.000,354,76175,2244,25449
4003,10.185,4.210,3.930,0.114,0.004,0.162,0,22.355,7.096,0.000,0,736,0,0
4004,23.460,23.460,10.353,12.454,0.510,0.143,1,22.355,7.096,0.000,354,76175,2244,25449
4005,9.907,3.942,3.712,0.112,0.004,0.114,0,21.686,7.912,0.000,0,736,0,0
4006,23.377,23.377,10.275,12.450,0.469,0.183,1,21.686,7.912,0.000,354,76175,2244,25449
4007,9.990,3.844,3.615,0.112,0.004,0.113,0,22.264,7.202,0.000,0,736,0,0
4008,23.719,23.719,10.727,12.359,0.501,0.133,1,22.264,7.202,0.000,354,76175,2245,25449
4009,9.658,3.863,3.605,0.110,0.004,0.144,0,22.062,7.201,0.000,0,736,0,0
4010,25.913,25.913,12.249,13.001,0.533,0.131,1,22.062,7.201,0.000,354,76175,2243,25449
4011,7.430,4.511,4.260,0.113,0.005,0.133,0,20.922,7.303,0.000,0,736,0,0
4012,26.112,26.112,12.143,13.359,0.472,0.138,1,20.922,7.303,0.000,354,76175,2244,25449
4013,7.270,4.471,4.278,0.111,0.004,0.078,0,21.411,7.286,0.000,0,736,0,0
4014,24.892,24.892,11.624,12.712,0.452,0.104,1,21.411,7.286,0.000,354,76175,2244,25449
4015,8.473,4.734,4.508,0.113,0.006,0.108,0,21.605,7.678,0.000,0,736,0,0
4016,24.301,24.301,11.347,12.366,0.489,0.100,1,21.605,7.678,0.000,354,76175,2244,25449
4017,9.047,4.282,4.088,0.112,0.004,0.078,0,21.023,7.651,0.000,0,736,0,0
4018,23.862,23.862,11.338,11.964,0.426,0.135,1,21.023,7.651,0.000,354,76175,2243,25449
4019,9.508,4.616,4.396,0.113,0.004,0.103,0,21.147,7.026,0.000,0,736,0,0
4020,24.795,24.795,11.480,12.840,0.361,0.114,1,21.147,7.026,0.000,355,76175,2246,25449
4021,8.569,3.883,3.650,0.110,0.004,0.119,0,19.345,7.217,0.000,0,736,0,0
4022,24.688,24.688,11.170,12.885,0.507,0.127,1,19.345,7.217,0.000,353,75575,2221,25449
4023,8.689,3.725,3.514,0.112,0.004,0.094,0,21.284,7.940,0.000,0,736,0,0
4024,23.583,23.583,10.453,12.440,0.563,0.127,1,21.284,7.940,0.000,353,75575,2221,25449
4025,9.793,3.800,3.599,0.111,0.004,0.086,0,21.601,7.120,0.000,0,736,0,0
4026,23.547,23.547,10.714,12.239,0.498,0.096,1,21.601,7.120,0.000,353,75575,2221,25449
4027,9.804,3.686,3.487,0.111,0.004,0.085,0,21.125,7.100,0.000,0,736,0,0
4028,23.146,23.146,10.224,12.336,0.509,0.077,1,21.125,7.100,0.000,353,75575,2220,25449
4029,10.228,3.796,3.615,0.113,0.004,0.064,0,21.422,7.413,0.000,0,736,0,0
4030,23.717,23.717,10.499,12.599,0.520,0.099,1,21.422,7.413,0.000,353,75575,2222,25449
4031,9.647,3.718,3.541,0.111,0.004,0.062,0,21.702,7.853,0.000,0,736,0,0
4032,23.524,23.524,10.364,12.566,0.520,0.075,1,21.702,7.853,0.000,353,75575,2221,25449
4033,9.844,4.011,3.791,0.110,0.006,0.104,0,20.295,8.288,0.000,0,736,0,0
4034,23.456,23.456,10.303,12.444,0.546,0.162,1,20.295,8.288,0.000,353,75575,2221,25449
4035,9.904,3.732,3.504,0.111,0.004,0.113,0,21.799,6.951,0.000,0,736,0,0
4036,23.656,23.656,10.369,12.583,0.521,0.182,1,21.799,6.951,0.000,353,75575,2220,25449
4037,9.717,3.754,3.519,0.112,0.005,0.118,0,21.265,7.741,0.000,0,736,0,0
4038,26.836,26.836,12.635,13.612,0.457,0.131,1,21.265,7.741,0.000,353,75575,2221,25449
4039,6.519,3.952,3.691,0.112,0.004,0.145,0,19.598,7.500,0.000,0,736,0,0
4040,25.205,25.205,11.479,12.998,0.590,0.138,1,19.598,7.500,0.000,353,75575,2221,25449
4041,8.166,3.904,3.676,0.111,0.004,0.112,0,21.958,7.318,0.000,0,736,0,0
4042,24.416,24.416,11.280,12.525,0.381,0.230,1,21.958,7.318,0.000,353,75575,2221,25449
4043,8.944,4.339,4.160,0.112,0.004,0.062,0,21.247,7.150,0.000,0,736,0,0
4044,23.612,23.612,10.706,12.295,0.532,0.079,1,21.247,7.150,0.000,353,75575,2220,25449
4045,9.754,4.470,4.247,0.113,0.005,0.106,0,20.921,6.924,0.000,0,736,0,0
4046,23.353,23.353,10.796,11.986,0.454,0.116,1,20.921,6.924,0.000,353,75575,2221,25449
4047,10.014,4.343,4.139,0.110,0.004,0.091,0,20.337,7.561,0.000,0,736,0,0
4048,24.377,24.377,11.389,12.302,0.493,0.193,1,20.337,7.561,0.000,353,75575,2221,25449
4049,8.989,5.022,4.705,0.111,0.005,0.201,0,19.663,8.350,0.000,0,736,0,0
4050,24.346,24.346,11.333,12.273,0.530,0.209,1,19.663,8.350,0.000,354,75575,2223,25449
4051,9.024,5.513,5.155,0.113,0.004,0.240,0,19.756,7.716,0.000,0,736,0,0
4052,24.047,24.047,11.309,12.029,0.504,0.205,1,19.756,7.716,0.000,353,75575,2221,25449
4053,9.324,4.796,4.500,0.111,0.005,0.180,0,20.143,7.012,0.000,0,736,0,0
4054,26.375,26.375,12.669,12.983,0.460,0.263,1,20.143,7.012,0.000,353,75575,2220,25449
4055,6.991,3.646,3.340,0.112,0.003,0.191,0,22.225,7.334,0.000,0,736,0,0
4056,25.273,25.273,11.228,13.437,0.415,0.193,1,22.225,7.334,0.000,353,75575,2221,25449
4057,8.109,3.828,3.466,0.111,0.004,0.246,0,22.534,7.304,0.000,0,736,0,0
4058,26.356,26.356,12.873,12.835,0.431,0.218,1,22.534,7.304,0.000,353,75575,2221,25449
4059,7.000,4.168,3.883,0.113,0.004,0.168,0,21.663,7.556,0.000,0,736,0,0
4060,23.287,23.287,10.342,12.296,0.392,0.257,1,21.663,7.556,0.000,354,75575,2223,25449
4061,10.079,4.540,4.250,0.112,0.004,0.173,0,21.975,7.442,0.000,0,736,0,0
4062,23.398,23.398,10.305,12.413,0.470,0.211,1,21.975,7.442,0.000,353,75575,2220,25449
4063,9.968,3.967,3.624,0.110,0.004,0.229,0,20.996,8.129,0.000,0,736,0,0
4064,27.441,27.441,13.142,13.654,0.432,0.213,1,20.996,8.129,0.000,353,75575,2221,25449
4065,5.920,4.454,4.185,0.113,0.005,0.152,0,19.604,7.718,0.000,0,736,0,0
4066,25.490,25.490,11.737,13.115,0.426,0.212,1,19.604,7.718,0.000,353,75575,2221,25449
4067,7.873,4.886,4.622,0.111,0.005,0.148,0,22.081,7.819,0.000,0,736,0,0
4068,24.753,24.753,11.260,12.760,0.405,0.328,1,22.081,7.819,0.000,353,75575,2221,25449
4069,8.620,4.672,4.339,0.111,0.005,0.216,0,19.850,7.841,0.000,0,736,0,0
4070,25.990,25.990,12.510,12.853,0.430,0.197,1,19.850,7.841,0.000,353,75575,2220,25449
4071,7.377,3.673,3.388,0.111,0.004,0.169,0,21.420,7.364,0.000,0,736,0,0
4072,25.797,25.797,11.617,13.658,0.279,0.242,1,21.420,7.364,0.000,354,75575,2223,25449
4073,7.567,3.829,3.573,0.110,0.004,0.142,0,19.195,7.168,0.000,0,736,0,0
4074,25.587,25.587,11.830,13.091,0.492,0.173,1,19.195,7.168,0.000,353,75575,2221,25449
4075,7.799,3.769,3.458,0.112,0.004,0.195,0,22.540,7.321,0.000,0,736,0,0
4076,23.942,23.942,10.897,12.513,0.354,0.177,1,22.540,7.321,0.000,353,75575,2221,25449
4077,9.419,3.748,3.482,0.111,0.004,0.150,0,22.669,7.947,0.000,0,736,0,0
4078,25.470,25.470,10.606,14.215,0.417,0.232,1,22.669,7.947,2.048,353,75575,1820,25449
4079,7.879,5.275,4.960,0.139,0.005,0.171,0,21.831,7.242,2.048,0,736,0,0
4080,27.561,27.561,12.781,14.217,0.377,0.186,1,21.831,7.242,1.984,353,75575,1835,25449
4081,5.808,4.872,4.531,0.120,0.004,0.216,0,21.377,6.283,1.984,0,768,0,0
4082,25.711,25.711,11.567,13.729,0.243,0.172,1,21.377,6.283,0.000,371,75607,2292,25449
4083,7.676,4.461,3.569,0.118,0.004,0.769,0,21.377,6.283,0.000,0,768,0,0
4084,16.657,8.561,8.208,0.122,0.006,0.224,0,29.805,7.222,0.000,0,768,0,0
4085,30.998,30.998,12.403,18.017,0.392,0.186,1,21.003,4.293,4.633,371,75607,1713,25449
4086,4.022,4.022,3.709,0.119,0.008,0.185,0,21.003,4.293,4.633,0,768,0,0
4087,24.767,24.767,10.974,13.239,0.306,0.249,1,21.003,4.293,0.000,371,75607,2272,25449
4088,6.953,4.497,4.217,0.118,0.005,0.156,0,21.292,7.187,0.000,0,768,0,0
4089,24.348,24.348,10.769,12.986,0.415,0.177,1,21.292,7.187,0.000,371,75607,2271,25449
4090,9.026,3.785,3.452,0.116,0.004,0.212,0,21.518,7.114,0.000,0,768,0,0
4091,24.545,24.545,10.971,13.033,0.367,0.173,1,21.518,7.114,0.000,371,75607,2272,25449
4092,8.814,3.724,3.452,0.118,0.004,0.150,0,21.014,7.278,0.000,0,768,0,0
4093,24.836,24.836,10.915,13.317,0.393,0.211,1,21.014,7.278,0.000,371,75607,2273,25449
4094,8.534,3.872,3.619,0.117,0.004,0.131,0,21.590,7.414,0.000,0,768,0,0
4095,24.779,24.779,11.656,12.499,0.376,0.248,1,21.590,7.414,0.000,371,75607,2272,25449
4096,8.597,3.927,3.541,0.116,0.004,0.266,0,21.397,7.192,0.000,0,768,0,0
4097,26.371,26.371,12.579,13.131,0.436,0.224,1,21.397,7.192,0.000,371,75607,2271,25449
4098,6.982,4.110,3.716,0.119,0.005,0.270,0,21.014,7.295,0.000,0,768,0,0
4099,25.401,25.401,11.413,13.297,0.468,0.223,1,21.014,7.295,0.000,371,75607,2272,25449
4100,7.981,3.872,3.549,0.117,0.004,0.203,0,22.995,7.356,0.000,0,768,0,0
4101,25.275,25.275,10.448,14.141,0.399,0.287,1,22.995,7.356,1.781,371,75607,1948,25449
4102,8.092,3.902,3.563,0.120,0.004,0.215,0,23.427,6.672,1.781,0,768,0,0
4103,25.841,25.841,10.623,14.583,0.428,0.208,1,23.427,6.672,2.515,371,75607,1801,25449
4104,7.522,3.955,3.583,0.119,0.004,0.249,0,22.942,6.621,2.515,0,768,0,0
4105,25.893,25.893,10.757,14.569,0.364,0.203,1,22.942,6.621,2.601,371,75607,1804,25449
4106,7.462,3.875,3.555,0.118,0.005,0.197,0,21.952,6.386,2.601,0,768,0,0
4107,24.880,24.880,10.070,14.119,0.423,0.269,1,21.952,6.386,2.484,371,75607,1814,25449
4108,8.497,3.637,3.364,0.118,0.005,0.150,0,22.650,5.820,2.484,0,768,0,0
4109,25.550,25.550,10.337,14.769,0.293,0.152,1,22.650,5.820,2.949,371,75607,1847,25449
4110,7.807,3.980,3.630,0.120,0.005,0.225,0,22.126,5.651,2.949,0,768,0,0
4111,25.646,25.646,10.264,14.657,0.534,0.191,1,22.126,5.651,2.779,371,75607,1824,25449
4112,7.722,3.755,3.462,0.118,0.005,0.170,0,22.208,5.654,2.779,0,768,0,0
4113,25.060,25.060,10.097,14.392,0.340,0.231,1,22.208,5.654,2.733,371,75607,1804,25449
4114,8.306,3.781,3.485,0.121,0.003,0.172,0,22.330,5.643,2.733,0,768,0,0
4115,25.310,25.310,10.139,14.639,0.370,0.162,1,22.330,5.643,2.827,371,75607,1866,25449
4116,8.070,3.776,3.444,0.119,0.004,0.210,0,22.743,5.813,2.827,0,768,0,0
4117,29.098,29.098,12.575,15.822,0.486,0.215,1,22.743,5.813,2.845,371,75607,1836,25449
4118,5.649,5.649,5.380,0.122,0.005,0.142,0,22.743,5.813,2.845,0,768,0,0
4119,29.781,29.781,12.271,16.930,0.387,0.193,1,20.121,6.126,3.133,371,75607,1819,25449
4120,4.904,4.904,4.598,0.128,0.009,0.169,0,20.121,6.126,3.133,0,768,0,0
4121,27.838,27.838,14.284,13.088,0.315,0.150,1,20.121,6.126,0.000,371,75607,2272,25449
4122,3.945,3.945,3.645,0.118,0.004,0.178,0,20.121,6.126,0.000,0,768,0,0
4123,43.971,43.971,20.204,23.134,0.478,0.155,1,21.203,5.172,4.472,371,75607,1765,25449
4124,4.650,4.650,4.390,0.121,0.004,0.134,0,21.203,5.172,4.472,0,768,0,0
4125,4.691,4.691,4.319,0.122,0.007,0.243,0,21.203,5.172,4.472,0,768,0,0
4126,29.790,29.790,14.946,14.330,0.332,0.182,1,21.203,5.172,0.000,371,75607,2271,25449
4127,3.987,3.987,3.709,0.120,0.003,0.155,0,21.478,7.268,0.000,0,768,0,0
4128,27.692,27.692,12.695,14.385,0.368,0.244,1,21.478,7.268,0.000,371,75607,2272,25449
4129,3.703,3.703,3.419,0.118,0.004,0.162,0,21.478,7.268,0.000,0,768,0,0
4130,27.255,27.255,13.590,13.023,0.453,0.188,1,22.297,7.575,0.000,371,75607,2272,25449
4131,5.307,5.307,4.974,0.117,0.004,0.211,0,21.451,8.127,0.000,0,768,0,0
4132,24.352,24.352,11.396,12.284,0.495,0.176,1,21.451,8.127,0.000,371,75607,2272,25449
4133,6.993,4.899,4.598,0.121,0.004,0.176,0,20.896,7.863,0.000,0,768,0,0
4134,26.429,26.429,11.332,14.472,0.439,0.186,1,20.896,7.863,0.000,371,75607,2271,25449
4135,6.935,3.740,3.482,0.118,0.004,0.135,0,21.145,7.338,0.000,0,768,0,0
4136,26.459,26.459,12.611,13.202,0.497,0.149,1,21.145,7.338,0.000,371,75607,2272,25449
4137,6.950,4.522,4.221,0.118,0.006,0.176,0,21.425,7.365,0.000,0,768,0,0
4138,29.869,29.869,12.130,17.260,0.333,0.146,1,21.425,7.365,0.000,371,75607,2272,25449
4139,4.697,4.697,4.444,0.118,0.005,0.131,0,20.848,7.394,0.000,0,768,0,0
4140,27.076,27.076,13.272,13.273,0.302,0.228,1,20.848,7.394,0.000,371,75607,2272,25449
4141,5.048,4.371,4.064,0.120,0.007,0.180,0,21.646,7.381,0.000,0,768,0,0
4142,28.591,28.591,14.110,13.426,0.352,0.703,1,21.646,7.381,0.000,372,75611,2286,25449
4143,5.238,5.238,4.915,0.123,0.004,0.195,0,20.058,7.748,0.000,0,772,0,0
4144,67.557,67.557,14.912,52.126,0.345,0.175,1,20.338,7.101,0.000,372,75611,2287,25449
4145,4.448,4.448,4.153,0.124,0.007,0.164,0,20.338,7.101,0.000,0,772,0,0
4146,3.391,3.391,3.094,0.119,0.004,0.175,0,20.338,7.101,0.000,0,772,0,0
4147,3.128,3.128,2.893,0.118,0.003,0.114,0,20.338,7.101,0.000,0,772,0,0
4148,4.438,3.163,2.919,0.117,0.002,0.125,0,20.338,7.101,0.000,0,772,0,0
4149,23.035,23.035,11.540,10.850,0.461,0.184,1,20.338,7.101,0.000,372,75611,3340,0
4150,15.361,15.361,15.117,0.127,0.005,0.112,0,20.338,7.101,0.000,0,772,1,0
4151,11.662,8.277,8.020,0.124,0.006,0.127,0,20.338,7.101,0.000,0,772,0,0
4152,39.471,39.471,14.987,23.821,0.499,0.164,1,36.916,12.448,6.186,372,75611,1768,25449
4153,4.696,4.696,4.457,0.123,0.004,0.111,0,19.842,5.833,6.186,0,772,0,0
4154,5.860,3.949,3.723,0.117,0.002,0.107,0,19.842,5.833,6.186,0,772,0,0
4155,22.815,22.815,11.504,10.651,0.461,0.199,1,19.842,5.833,0.000,372,75611,3340,0
4156,10.603,5.171,4.868,0.121,0.005,0.177,0,19.842,5.833,0.000,0,772,0,0
4157,29.469,29.469,14.236,14.484,0.483,0.265,1,22.630,11.908,2.019,372,75611,1912,25449
4158,5.359,5.359,5.003,0.128,0.004,0.224,0,22.630,11.908,2.019,0,772,0,0
4159,40.190,40.190,26.091,13.546,0.346,0.207,1,30.390,5.630,1.963,372,75611,1829,25449
4160,5.624,5.624,5.308,0.138,0.004,0.175,0,30.390,5.630,1.963,0,796,0,0
4161,5.384,5.384,5.026,0.118,0.003,0.237,0,30.390,5.630,1.963,0,820,0,0
4162,30.149,30.149,11.805,17.749,0.371,0.224,1,21.946,3.259,5.651,373,75683,1687,25449
4163,5.021,5.021,4.714,0.121,0.004,0.182,0,21.946,3.259,5.651,0,868,0,0
4164,27.279,27.279,12.136,14.525,0.404,0.214,1,21.946,3.259,2.213,373,75731,1870,25449
4165,4.825,4.825,4.563,0.119,0.005,0.139,0,20.718,6.747,2.213,0,916,0,0
4166,24.182,24.182,11.186,12.447,0.367,0.183,1,20.718,6.747,0.000,373,75779,2301,25449
4167,6.017,5.161,4.857,0.120,0.004,0.180,0,19.934,7.580,0.000,0,964,0,0
4168,30.686,30.686,16.944,13.225,0.364,0.153,1,21.148,7.384,0.000,374,75807,2306,25449
4169,4.370,4.370,4.077,0.125,0.007,0.161,0,21.148,7.384,0.000,0,968,0,0
4170,51.056,51.056,17.949,32.689,0.281,0.137,1,21.148,7.384,0.000,374,75807,2307,25449
4171,4.662,4.662,4.194,0.121,0.010,0.337,0,26.317,7.285,0.000,0,968,0,0
4172,5.876,5.876,5.391,0.120,0.004,0.361,0,26.317,7.285,0.000,0,968,0,0
4173,6.163,6.163,5.589,0.119,0.003,0.453,0,26.317,7.285,0.000,0,968,0,0
4174,30.880,30.880,19.183,10.741,0.538,0.417,1,26.317,7.285,0.000,374,75807,3359,0
4175,5.647,5.647,5.168,0.119,0.005,0.355,0,26.317,7.285,0.000,0,968,0,0
4176,28.799,28.799,14.878,12.867,0.518,0.536,1,24.094,12.244,0.000,374,75807,2306,25449
4177,4.125,4.125,3.653,0.120,0.004,0.348,0,21.097,7.590,0.000,0,968,0,0
4178,26.852,26.852,13.002,13.133,0.338,0.379,1,21.097,7.590,0.000,374,75807,2306,25449
4179,4.602,4.602,4.034,0.120,0.004,0.445,0,20.981,6.942,0.000,0,968,0,0
4180,27.245,27.245,12.197,14.185,0.487,0.375,1,20.981,6.942,0.000,374,75807,2305,25449
4181,4.655,4.655,4.161,0.122,0.004,0.368,0,20.981,6.942,0.000,0,968,0,0
4182,27.437,27.437,12.517,14.052,0.377,0.490,1,24.108,7.348,0.000,374,75807,2307,25449
4183,4.444,4.444,3.407,0.120,0.004,0.912,0,24.108,7.348,0.000,0,968,0,0
4184,29.543,29.543,14.107,14.727,0.341,0.369,1,23.852,7.478,1.792,374,75807,1982,25449
4185,4.226,4.226,3.637,0.131,0.005,0.453,0,21.502,6.631,1.792,0,968,0,0
4186,26.292,26.292,11.015,14.632,0.270,0.375,1,21.502,6.631,0.000,374,75807,2306,25449
4187,6.109,4.241,3.799,0.120,0.004,0.318,0,22.088,7.281,0.000,0,968,0,0
4188,25.610,25.610,10.632,14.082,0.455,0.441,1,22.088,7.281,0.000,374,75807,2306,25449
4189,7.738,4.647,4.195,0.123,0.004,0.325,0,22.255,7.260,0.000,0,968,0,0
4190,24.985,24.985,11.084,13.153,0.415,0.333,1,22.255,7.260,0.000,374,75807,2305,25449
4191,8.370,4.857,4.294,0.123,0.007,0.434,0,21.079,7.050,0.000,0,968,0,0
4192,25.144,25.144,10.283,14.105,0.411,0.345,1,21.079,7.050,0.000,375,75807,2308,25449
4193,8.231,4.768,3.686,0.123,0.004,0.955,0,21.050,7.299,0.000,0,968,0,0
4194,36.434,36.434,21.155,14.407,0.368,0.504,1,22.065,8.033,0.000,374,75807,2306,25449
4195,5.840,5.840,5.356,0.128,0.007,0.350,0,22.065,8.033,0.000,0,968,0,0
4196,7.771,3.726,3.262,0.144,0.004,0.317,0,22.065,8.033,0.000,0,968,0,0
4197,26.180,26.180,11.211,13.865,0.629,0.475,1,22.065,8.033,0.000,374,75807,2306,25449
4198,7.191,4.719,4.255,0.123,0.006,0.336,0,22.322,7.404,0.000,0,968,0,0
4199,26.363,26.363,10.906,14.690,0.329,0.437,1,22.322,7.404,0.000,374,75807,2305,25449
4200,7.017,4.695,4.230,0.122,0.005,0.338,0,21.600,7.210,0.000,0,968,0,0
4201,30.018,30.018,12.614,16.695,0.356,0.353,1,21.600,7.210,0.000,374,75807,2306,25449
4202,7.744,7.744,7.153,0.132,0.005,0.454,0,23.809,7.296,0.000,0,968,0,0
4203,27.002,27.002,12.787,13.441,0.412,0.362,1,23.809,7.296,0.000,374,75807,2306,25449
4204,5.782,5.782,5.327,0.121,0.004,0.329,0,20.930,7.659,0.000,0,968,0,0
4205,23.854,23.854,10.697,12.448,0.261,0.448,1,20.930,7.659,0.000,374,75807,2306,25449
4206,6.235,4.910,4.450,0.120,0.004,0.336,0,20.930,7.659,0.000,0,968,0,0
4207,50.780,50.780,18.760,31.301,0.348,0.370,1,29.650,3.932,1.928,374,75807,1876,25449
4208,4.796,4.796,4.243,0.120,0.004,0.428,0,29.650,3.932,1.928,0,968,0,0
4209,5.150,5.150,4.649,0.125,0.006,0.371,0,29.650,3.932,1.928,0,968,0,0
4210,5.647,5.647,5.006,0.315,0.003,0.323,0,29.650,3.932,1.928,0,968,0,0
4211,41.627,41.627,21.453,18.909,0.821,0.443,1,21.933,14.408,0.000,374,75807,2305,25449
4212,5.302,5.302,4.884,0.124,0.005,0.290,0,21.933,14.408,0.000,0,968,0,0
4213,4.975,4.975,4.527,0.124,0.006,0.319,0,21.933,14.408,0.000,0,968,0,0
4214,31.697,31.697,17.627,13.302,0.355,0.413,1,21.699,6.948,0.000,374,75807,2306,25449
4215,4.556,4.556,4.100,0.126,0.007,0.323,0,21.699,6.948,0.000,0,968,0,0
4216,42.753,42.753,12.459,29.637,0.348,0.309,1,21.672,7.604,0.000,374,75807,2307,25449
4217,4.819,4.819,4.133,0.121,0.006,0.559,0,21.672,7.604,0.000,0,968,0,0
4218,3.658,3.658,3.184,0.119,0.004,0.350,0,21.672,7.604,0.000,0,968,0,0
4219,47.079,47.079,14.933,31.302,0.469,0.375,1,21.672,7.604,0.000,374,75807,3359,0
4220,4.936,4.936,4.358,0.120,0.004,0.454,0,21.016,13.437,0.000,0,968,0,0
4221,4.825,4.825,4.314,0.126,0.006,0.378,0,21.016,13.437,0.000,0,968,0,0
4222,4.235,4.235,3.759,0.122,0.004,0.351,0,21.016,13.437,0.000,0,968,0,0
4223,36.191,36.191,23.987,11.428,0.295,0.481,1,21.016,13.437,0.000,374,75807,3359,0
4224,5.070,5.070,4.582,0.124,0.005,0.359,0,23.689,11.258,0.000,0,968,0,0
4225,8.336,5.704,5.174,0.132,0.008,0.391,0,23.689,11.258,0.000,0,968,0,0
4226,28.577,28.577,15.419,12.130,0.504,0.524,1,23.689,11.258,0.000,374,75807,3360,0
4227,7.010,7.010,6.507,0.139,0.005,0.359,0,23.689,11.258,0.000,0,968,0,0
4228,46.571,46.571,29.148,16.720,0.329,0.375,1,23.052,12.417,1.301,374,75807,2065,25449
4229,5.019,5.019,4.310,0.124,0.014,0.572,0,21.942,8.511,1.301,0,968,0,0
4230,5.239,5.239,4.695,0.125,0.004,0.416,0,21.942,8.511,1.301,0,968,0,0
4231,7.677,3.883,3.374,0.119,0.003,0.386,0,21.942,8.511,1.301,0,964,0,0
4232,70.792,70.792,12.864,57.039,0.377,0.511,1,21.630,7.341,0.000,373,75803,2302,25449
4233,4.968,4.968,4.493,0.127,0.004,0.344,0,21.630,7.341,0.000,0,1356,0,0
4234,4.116,4.116,3.583,0.188,0.003,0.343,0,21.630,7.341,0.000,0,1436,0,0
4235,3.897,3.897,3.371,0.126,0.002,0.399,0,21.630,7.341,0.000,0,1436,0,0
4236,3.680,3.680,3.258,0.125,0.002,0.295,0,21.630,7.341,0.000,0,1436,0,0
4237,22.859,22.859,10.710,11.237,0.569,0.343,1,21.630,7.341,0.000,381,76275,3420,0
4238,6.499,4.539,4.012,0.126,0.004,0.396,0,21.630,7.341,0.000,0,1436,0,0
4239,16.654,16.613,16.231,0.130,0.006,0.245,0,24.539,13.074,0.000,0,1436,0,0
4240,27.483,27.483,11.834,14.874,0.503,0.273,1,24.539,13.074,0.000,381,76275,3421,0
4241,7.015,6.480,6.056,0.129,0.004,0.291,0,24.539,13.074,0.000,0,1436,0,0
4242,15.556,10.584,10.212,0.136,0.007,0.229,0,24.409,12.185,0.000,0,1436,0,0
4243,26.987,26.987,12.671,13.529,0.547,0.240,1,24.409,12.185,0.000,381,76275,2366,25449
4244,6.377,5.492,5.035,0.131,0.005,0.321,0,23.468,7.069,0.000,0,1436,1,0
4245,36.506,36.506,21.635,14.313,0.315,0.243,1,23.468,7.069,0.000,381,76275,2366,25449
4246,5.722,5.722,5.359,0.128,0.004,0.231,0,20.010,7.081,0.000,0,1436,0,0
4247,7.863,5.877,5.417,0.126,0.004,0.330,0,20.010,7.081,0.000,0,1436,0,0
4248,29.495,29.495,12.825,15.984,0.422,0.264,1,20.010,7.081,0.000,381,76275,3421,0
4249,7.112,7.112,6.723,0.148,0.007,0.234,0,20.010,7.081,0.000,0,1436,0,0
4250,32.459,32.459,17.337,14.261,0.527,0.334,1,22.047,17.965,1.171,381,76275,2126,25449
4251,5.799,5.799,5.436,0.128,0.005,0.229,0,23.468,7.105,1.171,0,1436,0,0
4252,35.100,35.100,12.349,22.168,0.333,0.250,1,23.468,7.105,0.000,381,76275,2368,25449
4253,6.534,6.534,6.032,0.126,0.003,0.373,0,20.460,7.412,0.000,0,1436,0,0
4254,5.175,5.175,4.810,0.126,0.003,0.235,0,20.460,7.412,0.000,0,1436,0,0
4255,39.045,39.045,13.513,24.829,0.392,0.311,1,21.990,6.842,0.000,381,76275,2367,25449
4256,5.054,5.054,4.562,0.132,0.006,0.354,0,21.990,6.842,0.000,0,1436,0,0
4257,3.721,3.721,3.343,0.125,0.003,0.250,0,21.990,6.842,0.000,0,1436,0,0
4258,26.413,26.413,13.903,11.732,0.476,0.302,1,21.990,6.842,0.000,381,76275,3420,0
4259,7.400,7.400,6.918,0.129,0.006,0.348,0,21.990,6.842,0.000,0,1436,0,0
4260,13.555,10.073,9.657,0.134,0.006,0.275,0,25.326,17.369,0.000,0,1436,0,0
4261,30.253,30.253,13.940,15.654,0.388,0.271,1,22.131,6.412,2.321,381,76275,1936,25449
4262,5.352,5.352,4.810,0.133,0.009,0.399,0,22.131,6.412,2.321,0,1436,0,0
4263,29.834,29.834,12.873,16.104,0.519,0.338,1,22.131,6.412,0.000,381,76275,2368,25449
4264,5.526,5.526,5.120,0.129,0.007,0.269,0,21.285,7.157,0.000,0,1436,0,0
4265,27.294,27.294,12.879,13.696,0.335,0.383,1,21.285,7.157,0.000,381,76275,2367,25449
4266,4.239,4.239,3.846,0.128,0.004,0.261,0,21.830,7.548,0.000,0,1436,0,0
4267,25.407,25.407,11.238,13.605,0.287,0.277,1,21.830,7.548,0.000,381,76275,2366,25449
4268,5.573,5.026,4.542,0.132,0.006,0.345,0,21.830,7.548,0.000,0,1436,0,0
4269,28.216,28.216,13.535,13.980,0.456,0.245,1,21.771,7.433,0.000,381,76275,2367,25449
4270,5.138,5.138,4.792,0.132,0.004,0.209,0,20.840,7.437,0.000,0,1436,0,0
4271,27.980,27.980,13.605,13.653,0.375,0.348,1,20.840,7.437,0.000,381,76275,2367,25449
4272,5.373,4.467,4.174,0.129,0.004,0.161,0,21.709,7.474,0.000,0,1436,0,0
4273,28.463,28.463,13.719,14.272,0.314,0.158,1,21.709,7.474,0.000,381,76275,2368,25449
4274,6.250,6.250,5.767,0.130,0.006,0.347,0,21.709,7.474,0.000,0,1436,0,0
4275,32.224,32.224,18.398,13.040,0.611,0.174,1,23.613,7.536,0.000,381,76275,2366,25449
4276,7.036,7.036,6.170,0.696,0.005,0.165,0,21.706,10.660,0.000,0,1436,0,0
4277,28.137,28.137,13.343,14.207,0.339,0.247,1,21.706,10.660,0.000,381,76275,2367,25449
4278,5.905,5.905,5.555,0.133,0.005,0.213,0,20.068,7.799,0.000,0,1436,0,0
4279,29.998,29.998,15.598,13.692,0.477,0.231,1,20.699,7.063,0.000,381,76275,2367,25449
4280,6.432,6.432,6.031,0.134,0.006,0.262,0,20.699,7.063,0.000,0,1436,0,0
4281,5.702,5.258,4.947,0.127,0.003,0.181,0,20.699,7.063,0.000,0,1436,0,0
4282,30.580,30.580,12.378,17.439,0.532,0.232,1,20.699,7.063,0.000,381,76275,2367,25449
4283,6.879,6.879,6.499,0.131,0.005,0.245,0,20.699,7.063,0.000,0,1436,0,0
4284,27.483,27.483,13.048,13.770,0.443,0.222,1,22.498,6.880,0.000,381,76275,2367,25449
4285,13.813,13.813,13.418,0.138,0.012,0.245,0,22.498,6.880,0.000,0,1436,0,0
4286,5.483,5.483,5.146,0.131,0.006,0.200,0,22.498,6.880,0.000,0,1436,0,0
4287,35.232,35.232,15.377,19.301,0.405,0.149,1,28.884,2.329,7.453,381,76275,1715,25449
4288,4.195,4.195,3.930,0.128,0.005,0.133,0,28.884,2.329,7.453,0,1436,0,0
4289,34.702,34.702,11.949,22.152,0.413,0.187,1,28.884,2.329,6.494,381,76275,1865,25449
4290,7.737,7.737,7.456,0.136,0.006,0.139,0,23.249,10.111,6.494,0,1436,0,0
4291,3.882,3.882,3.593,0.127,0.003,0.158,0,23.249,10.111,6.494,0,1436,0,0
4292,34.516,34.516,13.795,20.139,0.358,0.224,1,23.249,10.111,1.739,381,76275,2047,25449
4293,5.920,5.920,5.502,0.131,0.004,0.283,0,23.028,6.416,1.739,0,1436,0,0
4294,6.464,5.013,4.646,0.125,0.003,0.238,0,23.028,6.416,1.739,0,1436,0,0
4295,32.425,32.425,12.633,18.920,0.472,0.400,1,23.028,6.416,0.000,381,76275,2367,25449
4296,5.205,5.205,4.789,0.132,0.005,0.280,0,23.028,6.416,0.000,0,1452,0,0
4297,47.378,47.378,25.491,21.115,0.486,0.285,1,31.639,7.815,4.057,381,76291,1863,25449
4298,6.367,6.367,5.896,0.133,0.005,0.334,0,27.984,5.035,4.057,0,1452,0,0
4299,4.639,4.639,4.217,0.130,0.006,0.286,0,27.984,5.035,4.057,0,1452,0,0
4300,4.481,4.481,4.005,0.132,0.004,0.339,0,27.984,5.035,4.057,0,1452,0,0
4301,35.538,35.538,13.082,21.747,0.449,0.260,1,27.984,5.035,2.025,381,76291,1999,25449
4302,5.721,5.721,5.353,0.131,0.004,0.233,0,22.206,6.277,2.025,0,1452,0,0
4303,28.501,28.501,13.969,13.819,0.371,0.342,1,22.206,6.277,0.000,381,76291,2367,25449
4304,4.391,4.391,4.014,0.129,0.004,0.244,0,22.206,6.277,0.000,0,1452,0,0
4305,37.397,37.397,14.379,22.239,0.486,0.293,1,23.930,9.589,0.000,381,76291,2367,25449
4306,5.082,5.082,4.630,0.130,0.004,0.318,0,23.930,9.589,0.000,0,1452,0,0
4307,3.887,3.887,3.518,0.127,0.003,0.239,0,27.192,7.329,0.000,0,1452,0,0
4308,33.705,33.705,11.579,21.358,0.444,0.324,1,27.192,7.329,0.000,381,76291,2367,25449
4309,4.734,4.734,4.273,0.132,0.004,0.324,0,27.192,7.329,0.000,0,1452,0,0
4310,7.496,4.495,4.124,0.128,0.003,0.240,0,23.873,11.451,0.000,0,1452,0,0
4311,26.285,26.285,11.049,14.625,0.341,0.270,1,23.873,11.451,0.000,381,76291,2368,25449
4312,7.063,5.666,5.090,0.129,0.006,0.441,0,21.343,7.353,0.000,0,1452,0,0
4313,26.555,26.555,11.888,14.018,0.384,0.265,1,21.343,7.353,0.000,381,76291,2366,25449
4314,7.396,6.176,5.809,0.128,0.004,0.235,0,23.199,7.887,0.000,0,1452,0,0
4315,26.756,26.756,12.830,13.054,0.395,0.476,1,23.199,7.887,0.000,381,76291,2367,25449
4316,6.027,4.829,4.450,0.126,0.004,0.248,0,20.934,7.999,0.000,0,1452,0,0
4317,27.101,27.101,11.644,14.840,0.350,0.267,1,20.934,7.999,0.000,381,76291,2367,25449
4318,6.284,4.396,3.944,0.128,0.005,0.319,0,21.937,7.622,0.000,0,1452,0,0
4319,29.699,29.699,15.008,13.990,0.433,0.269,1,21.937,7.622,0.000,381,76291,2367,25449
4320,6.688,6.688,6.305,0.140,0.006,0.237,0,22.974,7.607,0.000,0,1452,0,0
4321,27.559,27.559,11.494,15.390,0.343,0.332,1,22.974,7.607,0.000,381,76291,2367,25449
4322,4.296,4.296,3.919,0.127,0.004,0.245,0,22.801,7.531,0.000,0,1452,0,0
4323,33.423,33.423,12.449,20.305,0.396,0.273,1,20.873,7.448,0.000,381,76291,2366,25449
4324,4.843,4.843,4.325,0.130,0.007,0.381,0,20.873,7.448,0.000,0,1452,0,0
4325,29.281,29.281,15.346,13.326,0.331,0.278,1,20.873,7.448,0.000,381,76291,2367,25449
4326,4.401,4.401,4.004,0.144,0.004,0.249,0,19.951,7.616,0.000,0,1452,0,0
4327,27.273,27.273,12.545,13.935,0.422,0.370,1,19.951,7.616,0.000,381,76291,2367,25449
4328,6.633,6.633,6.205,0.145,0.006,0.277,0,20.612,7.318,0.000,0,1452,0,0
4329,26.094,26.094,11.857,13.443,0.430,0.364,1,20.612,7.318,0.000,381,76291,2367,25449
4330,4.371,4.371,3.915,0.126,0.005,0.325,0,20.612,7.318,0.000,0,1452,0,0
4331,30.461,30.461,16.609,13.140,0.417,0.295,1,24.947,7.385,0.000,381,76291,2366,25449
4332,4.963,4.963,4.593,0.133,0.004,0.233,0,21.100,7.259,0.000,0,1452,0,0
4333,25.743,25.743,11.779,13.164,0.395,0.405,1,21.100,7.259,0.000,381,76291,2368,25449
4334,6.534,6.534,6.162,0.128,0.005,0.238,0,21.100,7.259,0.000,0,1452,0,0
4335,25.348,25.348,11.145,13.305,0.585,0.312,1,22.083,8.587,0.000,381,76291,2367,25449
4336,5.466,5.466,5.009,0.132,0.004,0.320,0,22.083,8.587,0.000,0,1452,0,0
4337,30.355,30.355,14.837,14.875,0.381,0.262,1,23.655,8.018,1.564,381,76291,2084,25449
4338,5.313,5.313,4.918,0.132,0.005,0.258,0,23.100,6.936,1.564,0,1452,0,0
4339,26.194,26.194,10.759,14.722,0.301,0.412,1,23.100,6.936,0.000,381,76291,2367,25449
4340,7.477,7.477,7.035,0.132,0.006,0.304,0,20.502,7.243,0.000,0,1452,0,0
4341,27.668,27.668,13.060,13.953,0.345,0.310,1,20.502,7.243,0.000,381,76291,2366,25449
4342,4.377,4.377,3.855,0.128,0.005,0.390,0,22.210,7.587,0.000,0,1452,0,0
4343,26.659,26.659,11.145,14.906,0.266,0.342,1,22.210,7.587,0.000,381,76291,2368,25449
4344,4.205,4.205,3.777,0.126,0.004,0.297,0,22.210,7.587,0.000,0,1452,0,0
4345,28.131,28.131,13.837,13.452,0.413,0.429,1,24.436,7.574,0.000,381,76291,2367,25449
4346,4.940,4.940,4.482,0.127,0.006,0.326,0,24.436,7.574,0.000,0,1452,0,0
4347,27.252,27.252,13.734,12.673,0.483,0.361,1,23.665,7.400,0.000,381,76291,2367,25449
4348,5.267,5.267,4.680,0.132,0.007,0.447,0,21.561,7.304,0.000,0,1452,0,0
4349,25.687,25.687,10.635,14.457,0.277,0.318,1,21.561,7.304,0.000,381,76291,2367,25449
4350,7.262,4.395,3.935,0.128,0.004,0.327,0,22.040,7.207,0.000,0,1452,0,0
4351,27.309,27.309,13.582,12.840,0.444,0.443,1,22.040,7.207,0.000,381,76291,2366,25449
4352,6.045,5.206,4.770,0.135,0.005,0.297,0,21.358,7.090,0.000,0,1452,0,0
4353,25.429,25.429,11.873,12.748,0.535,0.272,1,21.358,7.090,0.000,381,76291,2368,25449
4354,7.957,4.506,3.939,0.153,0.005,0.409,0,23.703,7.175,0.000,0,1452,0,0
4355,26.076,26.076,10.956,14.290,0.511,0.319,1,23.703,7.175,1.652,381,76291,2056,25449
4356,7.287,4.462,4.031,0.127,0.005,0.299,0,24.039,6.623,1.652,0,1452,0,0
4357,26.502,26.502,10.904,14.831,0.394,0.373,1,24.039,6.623,2.237,381,76291,1925,25449
4358,6.861,4.552,4.029,0.127,0.005,0.390,0,23.622,6.526,2.237,0,1452,0,0
4359,25.938,25.938,10.842,14.485,0.332,0.280,1,23.622,6.526,2.402,381,76291,1896,25449
4360,7.429,4.355,3.880,0.128,0.005,0.343,0,22.909,6.457,2.402,0,1340,0,0
4361,25.846,25.846,10.684,14.568,0.334,0.261,1,22.909,6.457,2.505,381,76179,1901,25449
4362,7.513,4.352,3.958,0.127,0.005,0.262,0,22.555,5.993,2.505,0,1340,0,0
4363,27.659,27.659,11.906,14.988,0.418,0.347,1,19.908,6.123,2.257,382,76179,1926,25449
4364,5.708,4.147,3.784,0.126,0.005,0.232,0,19.908,6.123,2.257,0,1340,0,0
4365,25.586,25.586,11.667,13.285,0.367,0.266,1,19.908,6.123,0.000,381,76179,2367,25449
4366,7.778,5.237,4.774,0.127,0.005,0.331,0,20.815,6.940,0.000,0,1340,0,0
4367,25.803,25.803,11.700,13.415,0.400,0.287,1,20.815,6.940,0.000,381,76179,2367,25449
4368,7.578,4.316,3.941,0.128,0.005,0.243,0,23.243,7.324,0.000,0,1340,0,0
4369,25.716,25.716,11.358,13.578,0.400,0.380,1,23.243,7.324,0.000,381,76179,2366,25449
4370,7.652,4.121,3.735,0.127,0.004,0.255,0,23.267,7.211,0.000,0,1340,0,0
4371,26.032,26.032,10.815,14.529,0.385,0.303,1,23.267,7.211,1.745,381,76179,2092,25449
4372,7.331,4.251,3.768,0.127,0.004,0.353,0,23.284,7.309,1.745,0,1340,0,0
4373,26.083,26.083,10.895,14.486,0.437,0.265,1,23.284,7.309,1.942,381,76179,1991,25449
4374,7.283,4.167,3.779,0.125,0.005,0.258,0,23.168,6.778,1.942,0,1340,0,0
4375,26.613,26.613,11.433,14.481,0.352,0.346,1,23.168,6.778,2.243,381,76179,1934,25449
4376,6.739,5.757,5.374,0.128,0.004,0.252,0,22.236,6.741,2.243,0,1340,0,0
4377,29.306,29.306,13.138,15.196,0.411,0.562,1,20.606,6.530,1.709,381,76179,2041,25449
4378,5.599,5.599,5.053,0.135,0.007,0.404,0,20.606,6.530,1.709,0,1340,0,0
4379,25.883,25.883,11.610,13.600,0.418,0.254,1,20.606,6.530,0.000,381,76179,2366,25449
4380,5.957,4.362,3.929,0.126,0.006,0.302,0,22.206,7.206,0.000,0,1340,0,0
4381,25.808,25.808,11.663,13.394,0.387,0.363,1,22.206,7.206,0.000,381,76179,2367,25449
4382,7.559,4.160,3.758,0.126,0.004,0.272,0,22.071,7.308,0.000,0,1340,0,0
4383,27.553,27.553,13.370,13.490,0.410,0.284,1,22.071,7.308,0.000,381,76179,2368,25449
4384,5.814,5.152,4.662,0.130,0.005,0.355,0,20.515,7.409,0.000,0,1340,0,0
4385,28.188,28.188,12.676,14.825,0.383,0.304,1,20.515,7.409,0.000,381,76179,2367,25449
4386,5.212,4.407,3.993,0.126,0.005,0.283,0,21.778,7.427,0.000,0,1340,0,0
4387,25.395,25.395,12.028,12.750,0.255,0.362,1,21.778,7.427,0.000,381,76179,2366,25449
4388,7.949,7.543,7.100,0.136,0.009,0.297,0,21.572,7.085,0.000,0,1340,0,0
4389,27.348,27.348,12.980,13.660,0.422,0.286,1,21.572,7.085,0.000,381,76179,2367,25449
4390,6.000,4.403,3.975,0.127,0.007,0.295,0,20.573,8.697,0.000,0,1340,0,0
4391,25.221,25.221,11.895,12.742,0.349,0.236,1,20.573,8.697,0.000,381,76179,2367,25449
4392,8.150,5.575,5.222,0.128,0.006,0.219,0,21.311,7.722,0.000,0,1340,0,0
4393,35.025,35.025,12.686,21.624,0.434,0.280,1,21.184,6.513,0.000,381,76179,2366,25449
4394,4.376,4.376,4.018,0.129,0.007,0.222,0,21.184,6.513,0.000,0,1340,0,0
4395,25.536,25.536,12.105,12.881,0.324,0.226,1,21.184,6.513,0.000,381,76179,2368,25449
4396,4.748,4.748,4.356,0.128,0.004,0.260,0,20.876,7.339,0.000,0,1340,0,0
4397,25.655,25.655,11.989,13.025,0.416,0.225,1,20.876,7.339,0.000,381,76179,2367,25449
4398,5.663,5.055,4.638,0.128,0.014,0.275,0,21.951,7.439,0.000,0,1340,0,0
4399,27.229,27.229,13.227,13.341,0.414,0.246,1,21.951,7.439,0.000,381,76179,2367,25449
4400,5.229,4.464,4.081,0.127,0.005,0.250,0,21.485,7.752,0.000,0,1340,0,0
4401,27.971,27.971,12.651,14.597,0.387,0.336,1,21.485,7.752,0.000,381,76179,2367,25449
4402,5.397,4.186,3.833,0.128,0.004,0.222,0,21.777,7.590,0.000,0,1340,0,0
4403,25.186,25.186,11.303,13.338,0.278,0.267,1,21.777,7.590,0.000,381,76179,2366,25449
4404,8.182,5.279,4.829,0.129,0.004,0.317,0,21.097,7.172,0.000,0,1340,0,0
4405,25.048,25.048,11.026,13.319,0.435,0.268,1,21.097,7.172,0.000,382,76179,2369,25449
4406,8.320,4.783,4.383,0.131,0.006,0.264,0,20.912,7.317,0.000,0,1340,0,0
4407,25.556,25.556,10.737,13.958,0.470,0.391,1,20.912,7.317,0.000,381,76179,2367,25449
4408,7.808,4.638,4.291,0.127,0.004,0.216,0,21.682,7.222,0.000,0,1340,0,0
4409,25.963,25.963,11.082,14.210,0.459,0.212,1,21.682,7.222,0.000,381,76179,2367,25449
4410,7.404,5.527,5.116,0.129,0.004,0.279,0,20.791,7.428,0.000,0,1340,0,0
4411,27.017,27.017,12.395,14.065,0.346,0.211,1,20.791,7.428,0.000,381,76179,2366,25449
4412,6.346,4.126,3.800,0.132,0.004,0.190,0,21.450,7.327,0.000,0,1340,1,0
4413,24.421,24.421,11.001,12.796,0.354,0.271,1,21.450,7.327,0.000,381,76179,2366,25449
4414,8.961,4.261,3.945,0.127,0.005,0.184,0,23.022,7.136,0.000,0,1340,0,0
4415,25.198,25.198,11.412,13.156,0.323,0.307,1,23.022,7.136,0.000,381,76179,2367,25449
4416,8.170,4.343,3.883,0.128,0.004,0.328,0,23.222,7.275,0.000,0,1340,0,0
4417,26.048,26.048,10.976,14.363,0.396,0.313,1,23.222,7.275,1.738,381,76179,2056,25449
4418,7.317,4.255,3.773,0.130,0.005,0.348,0,23.931,6.568,1.738,0,1340,0,0
4419,26.580,26.580,10.833,14.922,0.378,0.447,1,23.931,6.568,2.569,381,76179,1912,25449
4420,6.784,4.356,3.890,0.129,0.005,0.333,0,23.941,6.365,2.569,0,1340,0,0
4421,26.618,26.618,10.718,15.233,0.327,0.340,1,23.941,6.365,2.915,381,76179,1896,25449
4422,6.737,5.438,4.893,0.137,0.003,0.405,0,22.435,6.277,2.915,0,1340,0,0
4423,29.268,29.268,13.571,14.905,0.433,0.358,1,20.762,6.442,1.971,381,76179,1991,25449
4424,4.848,4.848,4.407,0.127,0.004,0.310,0,20.762,6.442,1.971,0,1460,0,0
4425,25.817,25.817,11.296,13.690,0.317,0.514,1,20.762,6.442,0.000,381,76299,2368,25449
4426,6.822,4.262,3.821,0.130,0.004,0.308,0,23.224,7.149,0.000,0,1460,0,0
4427,26.759,26.759,12.558,13.431,0.434,0.336,1,23.224,7.149,0.000,381,76299,2367,25449
4428,6.844,4.710,4.176,0.128,0.005,0.402,0,23.079,8.405,0.000,0,1460,0,0
4429,28.597,28.597,13.440,14.414,0.406,0.337,1,23.079,8.405,1.437,381,76299,2103,25449
4430,4.526,4.387,3.894,0.127,0.004,0.363,0,22.112,6.626,1.437,0,1460,0,0
4431,26.448,26.448,12.892,12.934,0.240,0.383,1,22.112,6.626,0.000,381,76299,2366,25449
4432,6.909,6.456,6.053,0.128,0.004,0.271,0,19.835,7.112,0.000,0,1460,0,0
4433,26.789,26.789,12.585,13.418,0.435,0.351,1,19.835,7.112,0.000,381,76299,2367,25449
4434,6.582,4.676,4.148,0.129,0.004,0.395,0,23.286,7.785,0.000,0,1460,0,0
4435,24.961,24.961,11.291,12.896,0.453,0.321,1,23.286,7.785,0.000,381,76299,2368,25449
4436,8.396,6.262,5.744,0.128,0.005,0.385,0,22.304,7.898,0.000,0,1460,0,0
4437,26.717,26.717,13.203,12.664,0.465,0.385,1,22.304,7.898,0.000,381,76299,2367,25449
4438,6.659,4.619,4.232,0.128,0.005,0.254,0,21.026,8.266,0.000,0,1460,0,0
4439,28.707,28.707,13.181,14.862,0.395,0.269,1,21.026,8.266,0.000,381,76299,2366,25449
4440,5.682,5.682,5.156,0.172,0.007,0.347,0,20.330,7.464,0.000,0,1460,1,0
4441,25.319,25.319,10.903,13.377,0.753,0.286,1,20.330,7.464,0.000,381,76299,2366,25449
4442,7.026,4.181,3.797,0.127,0.006,0.251,0,20.330,7.464,0.000,0,1460,0,0
4443,28.673,28.673,13.598,14.372,0.353,0.351,1,23.328,7.774,1.495,381,76299,2092,25449
4444,5.931,5.931,5.555,0.129,0.004,0.242,0,20.735,7.220,1.495,0,1460,0,0
4445,25.858,25.858,12.448,12.766,0.333,0.311,1,20.735,7.220,0.000,381,76299,2368,25449
4446,6.421,6.421,5.953,0.126,0.005,0.337,0,21.457,6.963,0.000,0,1460,0,0
4447,27.038,27.038,13.613,12.709,0.366,0.350,1,21.457,6.963,0.000,381,76299,2367,25449
4448,6.472,5.424,4.972,0.128,0.005,0.319,0,23.269,7.081,0.000,0,1460,0,0
4449,32.615,32.615,14.651,16.986,0.485,0.493,1,23.269,7.081,1.926,381,76299,1974,25449
4450,5.256,5.256,4.798,0.127,0.005,0.326,0,22.652,5.823,1.926,0,1460,0,0
4451,30.052,30.052,13.606,15.535,0.509,0.403,1,22.652,5.823,0.000,381,76299,2367,25449
4452,5.382,5.382,4.837,0.128,0.004,0.414,0,21.504,7.693,0.000,0,1460,0,0
4453,28.308,28.308,12.841,14.669,0.406,0.392,1,21.504,7.693,0.000,381,76299,2367,25449
4454,4.505,4.505,4.049,0.129,0.005,0.323,0,21.504,7.693,0.000,0,1460,0,0
4455,29.624,29.624,14.059,14.713,0.405,0.446,1,23.730,7.704,0.000,382,76299,2369,25449
4456,4.305,4.305,3.858,0.128,0.004,0.316,0,23.730,7.704,0.000,0,1460,0,0
4457,29.731,29.731,14.238,14.794,0.358,0.340,1,25.166,7.807,1.643,381,76299,2062,25449
4458,4.387,4.387,3.848,0.128,0.004,0.407,0,21.778,6.390,1.643,0,1460,0,0
4459,26.090,26.090,11.723,13.185,0.833,0.349,1,21.778,6.390,0.000,381,76299,2366,25449
4460,5.486,5.486,5.024,0.130,0.004,0.328,0,21.035,7.013,0.000,0,1460,0,0
4461,30.144,30.144,15.592,13.607,0.403,0.542,1,19.939,7.185,0.000,381,76299,2367,25449
4462,4.410,4.410,3.926,0.128,0.004,0.351,0,19.939,7.185,0.000,0,1460,0,0
4463,29.165,29.165,15.542,12.767,0.474,0.382,1,19.632,7.160,0.000,381,76299,2367,25449
4464,4.437,4.437,3.857,0.127,0.004,0.449,0,19.632,7.160,0.000,0,1460,0,0
4465,28.784,28.784,14.066,14.016,0.334,0.368,1,19.632,7.160,0.000,382,76299,2369,25449
4466,5.718,5.718,5.227,0.130,0.006,0.355,0,19.835,7.300,0.000,0,1460,0,0
4467,8.284,4.299,3.716,0.127,0.004,0.452,0,19.835,7.300,0.000,0,1460,0,0
4468,27.792,27.792,14.353,12.662,0.391,0.386,1,19.835,7.300,0.000,381,76299,2367,25449
4469,6.111,5.027,4.546,0.126,0.005,0.350,0,20.008,7.126,0.000,0,1460,0,0
4470,25.757,25.757,11.826,12.916,0.394,0.621,1,20.008,7.126,0.000,381,76299,2366,25449
4471,7.096,4.612,4.109,0.127,0.004,0.372,0,24.272,6.887,0.000,0,1460,0,0
4472,28.479,28.479,13.248,14.416,0.420,0.394,1,24.272,6.887,1.784,381,76299,2037,25449
4473,4.867,4.834,4.228,0.130,0.004,0.472,0,21.469,7.265,1.784,0,1460,0,0
4474,28.262,28.262,13.868,13.506,0.493,0.394,1,21.469,7.265,0.000,381,76299,2367,25449
4475,5.106,4.624,4.163,0.128,0.004,0.329,0,21.433,7.027,0.000,0,1460,0,0
4476,28.549,28.549,14.495,13.012,0.492,0.550,1,21.433,7.027,0.000,381,76299,2367,25449
4477,4.812,4.597,4.086,0.128,0.004,0.379,0,21.275,7.496,0.000,0,1460,0,0
4478,27.195,27.195,12.293,14.193,0.350,0.360,1,21.275,7.496,0.000,381,76299,2366,25449
4479,6.175,5.113,4.531,0.129,0.005,0.447,0,22.169,7.299,0.000,0,1460,0,0
4480,25.745,25.745,12.046,13.034,0.309,0.356,1,22.169,7.299,0.000,381,76299,2367,25449
4481,7.620,6.164,5.720,0.128,0.004,0.312,0,20.510,7.344,0.000,0,1460,0,0
4482,27.456,27.456,12.535,14.124,0.363,0.435,1,20.510,7.344,0.000,381,76299,2367,25449
4483,5.927,4.445,3.988,0.127,0.005,0.326,0,23.938,7.492,0.000,0,1460,0,0
4484,25.945,25.945,12.404,12.857,0.345,0.339,1,23.938,7.492,0.000,381,76299,2367,25449
4485,7.410,4.385,3.860,0.127,0.004,0.393,0,21.906,7.311,0.000,0,1460,0,0
4486,26.239,26.239,11.990,13.496,0.415,0.339,1,21.906,7.311,0.000,382,76299,2369,25449
4487,7.158,4.390,3.954,0.127,0.004,0.305,0,23.573,7.360,0.000,0,1460,0,0
4488,29.024,29.024,14.291,13.849,0.405,0.479,1,23.573,7.360,0.000,383,76195,2374,25449
4489,5.133,5.133,4.675,0.137,0.005,0.315,0,21.451,7.148,0.000,0,1356,0,0
4490,25.318,25.318,11.393,13.085,0.472,0.369,1,21.451,7.148,0.000,383,76195,2376,25449
4491,7.247,4.601,3.992,0.131,0.004,0.474,0,21.451,7.148,0.000,0,1368,0,0
4492,34.039,34.039,16.405,16.828,0.421,0.385,1,23.947,7.575,1.877,386,76207,2090,25449
4493,4.511,4.511,4.043,0.131,0.004,0.333,0,28.059,6.884,1.877,0,1368,0,0
4494,29.632,29.632,12.551,16.178,0.467,0.436,1,20.710,5.746,3.003,386,76207,1975,25449
4495,4.216,4.216,3.765,0.131,0.003,0.317,0,20.710,5.746,3.003,0,1368,0,0
4496,26.659,26.659,11.399,14.437,0.457,0.366,1,20.710,5.746,0.000,386,76207,2405,25449
4497,4.474,4.474,3.873,0.132,0.004,0.465,0,20.710,5.746,0.000,0,1368,0,0
4498,31.608,31.608,16.186,14.124,0.960,0.339,1,20.468,6.255,1.859,386,76207,2047,25449
4499,4.599,4.599,4.049,0.133,0.004,0.412,0,20.468,6.255,1.859,0,1368,0,0
4500,26.468,26.468,10.736,15.058,0.324,0.350,1,20.468,6.255,0.000,386,76207,2401,25449
4501,4.923,4.923,4.472,0.133,0.006,0.311,0,20.468,6.255,0.000,0,1368,0,0
4502,27.705,27.705,12.733,14.144,0.417,0.411,1,23.754,7.025,0.000,386,76207,2401,25449
4503,4.822,4.822,4.347,0.159,0.004,0.312,0,23.754,7.025,0.000,0,1368,0,0
4504,27.522,27.522,12.573,14.120,0.481,0.349,1,23.638,7.371,0.000,386,76207,2401,25449
4505,4.330,4.330,3.797,0.131,0.004,0.397,0,23.638,7.371,0.000,0,1368,0,0
4506,29.691,29.691,13.741,15.230,0.357,0.363,1,24.072,7.447,1.673,386,76207,2081,25449
4507,4.399,4.399,3.949,0.131,0.003,0.315,0,21.684,6.397,1.673,0,1368,0,0
4508,26.455,26.455,11.242,13.811,0.972,0.431,1,21.684,6.397,0.000,387,76207,2403,25449
4509,4.312,4.312,3.849,0.130,0.005,0.328,0,21.684,6.397,0.000,0,1368,0,0
4510,31.137,31.137,15.243,15.126,0.427,0.340,1,23.936,7.329,1.815,386,76207,2070,25449
4511,4.936,4.936,4.410,0.134,0.004,0.389,0,23.936,7.329,1.815,0,1368,0,0
4512,33.321,33.321,14.386,18.246,0.366,0.321,1,21.082,6.045,3.102,386,76207,1970,25449
4513,4.226,4.226,3.919,0.132,0.003,0.172,0,21.082,6.045,3.102,0,1368,0,0
4514,26.405,26.405,11.858,13.418,0.864,0.266,1,21.082,6.045,0.000,386,76207,2401,25449
4515,5.194,5.194,4.896,0.133,0.004,0.160,0,20.502,7.136,0.000,0,1368,0,0
4516,25.476,25.476,11.478,13.383,0.427,0.188,1,20.502,7.136,0.000,386,76207,2400,25449
4517,4.187,4.187,3.842,0.130,0.004,0.211,0,20.502,7.136,0.000,0,1368,0,0
4518,29.454,29.454,14.497,14.386,0.380,0.191,1,24.146,7.738,1.770,386,76207,2071,25449
4519,4.091,4.091,3.789,0.132,0.004,0.167,0,24.146,7.738,1.770,0,1368,0,0
4520,27.642,27.642,12.606,14.512,0.288,0.236,1,23.365,6.572,2.039,386,76207,2023,25449
4521,4.425,4.425,4.094,0.134,0.005,0.193,0,22.520,6.628,2.039,0,1368,0,0
4522,25.802,25.802,10.480,14.658,0.403,0.260,1,22.520,6.628,2.080,386,76207,2039,25449
4523,7.187,5.614,5.204,0.132,0.004,0.274,0,21.566,7.252,2.080,0,1368,0,0
4524,27.189,27.189,12.406,14.220,0.353,0.211,1,21.566,7.252,0.000,386,76207,2401,25449
4525,6.173,4.941,4.612,0.132,0.004,0.193,0,21.568,7.318,0.000,0,1368,0,0
4526,25.291,25.291,11.975,12.800,0.252,0.264,1,21.568,7.318,0.000,386,76207,2400,25449
4527,8.079,4.809,3.858,0.132,0.005,0.814,0,21.139,7.179,0.000,0,1368,0,0
4528,25.152,25.152,10.447,14.072,0.430,0.202,1,21.139,7.179,0.000,386,76207,2402,25449
4529,8.218,4.350,3.964,0.130,0.004,0.252,0,20.913,7.272,0.000,0,1368,0,0
4530,25.349,25.349,10.603,14.177,0.413,0.157,1,20.913,7.272,0.000,386,76207,2401,25449
4531,8.046,4.205,3.926,0.132,0.003,0.144,0,20.710,7.149,0.000,0,1368,0,0
4532,24.656,24.656,10.847,13.147,0.446,0.217,1,20.710,7.149,0.000,386,76207,2401,25449
4533,8.692,4.102,3.829,0.132,0.003,0.138,0,23.204,7.167,0.000,0,1368,0,0
4534,26.307,26.307,11.580,13.973,0.584,0.170,1,23.204,7.167,1.414,386,76207,2113,25449
4535,7.074,4.611,4.292,0.131,0.004,0.184,0,23.204,7.167,1.414,0,1368,0,0
4536,34.832,34.832,15.498,18.708,0.431,0.195,1,22.019,4.903,4.956,386,76207,1881,25449
4537,4.425,4.425,4.078,0.132,0.005,0.211,0,22.019,4.903,4.956,0,1368,0,0
4538,24.710,24.710,10.670,13.391,0.400,0.249,1,22.019,4.903,0.000,387,76207,2403,25449
4539,4.201,4.201,3.887,0.132,0.004,0.177,0,22.019,4.903,0.000,0,1368,0,0
4540,32.462,32.462,17.043,14.825,0.393,0.201,1,23.774,7.146,1.941,386,76207,2038,25449
4541,4.513,4.513,4.152,0.133,0.004,0.223,0,22.159,6.715,1.941,0,1368,0,0
4542,25.237,25.237,11.584,13.064,0.389,0.200,1,22.159,6.715,0.000,386,76207,2401,25449
4543,4.360,4.360,4.048,0.132,0.005,0.175,0,22.159,6.715,0.000,0,1368,0,0
4544,31.248,31.248,17.242,13.417,0.353,0.237,1,22.579,7.136,0.000,386,76207,2400,25449
4545,4.704,4.704,4.375,0.147,0.006,0.176,0,19.925,7.535,0.000,0,1368,0,0
4546,26.607,26.607,12.347,13.643,0.433,0.184,1,19.925,7.535,0.000,386,76207,2401,25449
4547,4.168,4.168,3.827,0.131,0.004,0.207,0,19.925,7.535,0.000,0,1368,0,0
4548,32.498,32.498,15.700,16.246,0.362,0.190,1,23.840,7.671,2.229,386,76207,2123,25449
4549,5.166,5.166,4.842,0.135,0.006,0.183,0,21.066,6.977,2.229,0,1368,0,0
4550,24.941,24.941,10.819,13.575,0.322,0.225,1,21.066,6.977,0.000,386,76207,2401,25449
4551,7.746,7.746,7.441,0.133,0.007,0.164,0,23.177,7.804,0.000,0,1332,0,0
4552,27.281,27.281,13.499,13.086,0.458,0.239,1,23.177,7.804,0.000,373,75635,2301,25449
4553,4.187,4.187,3.812,0.158,0.004,0.213,0,19.579,7.373,0.000,0,820,1,0
4554,28.318,28.318,12.675,15.092,0.363,0.188,1,19.579,7.373,0.000,373,75683,2301,25449
4555,3.870,3.870,3.567,0.120,0.006,0.177,0,22.350,7.441,0.000,0,868,0,0
4556,24.906,24.906,10.987,13.360,0.305,0.255,1,22.350,7.441,0.000,373,75731,2302,25449
4557,6.623,5.581,5.278,0.122,0.004,0.178,0,20.415,7.381,0.000,0,916,0,0
4558,29.671,29.671,13.741,15.346,0.376,0.209,1,20.415,7.381,0.000,374,75767,2321,25449
4559,4.818,4.818,4.465,0.124,0.005,0.224,0,22.742,8.159,0.000,0,928,0,0
4560,27.414,27.414,12.042,14.795,0.381,0.196,1,22.742,8.159,0.000,374,75767,2316,25449
4561,4.832,4.678,4.394,0.124,0.004,0.156,0,21.452,7.533,0.000,0,928,0,0
4562,24.585,24.585,10.261,13.809,0.294,0.221,1,21.452,7.533,0.000,374,75767,2315,25449
4563,8.788,3.833,3.548,0.120,0.003,0.162,0,20.901,7.080,0.000,0,928,0,0
4564,24.828,24.828,10.359,13.896,0.403,0.170,1,20.901,7.080,0.000,374,75767,2316,25449
4565,8.536,3.949,3.614,0.121,0.006,0.209,0,20.578,7.070,0.000,0,928,0,0
4566,23.574,23.574,10.283,12.636,0.326,0.328,1,20.578,7.070,0.000,374,75767,2316,25449
4567,9.789,6.147,5.818,0.145,0.005,0.179,0,21.317,7.074,0.000,0,928,0,0
4568,24.762,24.762,11.589,12.399,0.507,0.267,1,21.317,7.074,0.000,374,75767,2316,25449
4569,8.606,4.976,4.686,0.122,0.004,0.164,0,20.763,7.584,0.000,0,928,0,0
4570,24.689,24.689,11.379,12.550,0.475,0.285,1,20.763,7.584,0.000,374,75767,2315,25449
4571,8.678,5.046,4.710,0.121,0.003,0.213,0,20.557,7.514,0.000,0,928,0,0
4572,26.763,26.763,11.479,14.745,0.349,0.191,1,20.557,7.514,0.000,374,75767,2316,25449
4573,6.666,5.056,4.739,0.124,0.006,0.186,0,21.065,7.635,0.000,0,928,0,0
4574,25.811,25.811,11.559,13.515,0.518,0.219,1,21.065,7.635,0.000,374,75767,2316,25449
4575,7.501,4.581,3.651,0.121,0.006,0.802,0,20.796,7.509,0.000,0,968,0,0
4576,25.679,25.679,11.522,13.654,0.323,0.180,1,20.796,7.509,0.000,376,75811,2344,25449
4577,7.685,4.077,3.732,0.123,0.004,0.218,0,22.477,7.540,0.000,0,972,0,0
4578,25.211,25.211,11.227,13.404,0.407,0.173,1,22.477,7.540,0.000,376,75811,2340,25449
4579,8.151,4.007,3.722,0.122,0.005,0.158,0,20.904,7.213,0.000,0,972,0,0
4580,26.700,26.700,12.700,13.257,0.509,0.234,1,20.904,7.213,0.000,376,75811,2338,25449
4581,6.669,4.042,3.762,0.122,0.005,0.153,0,21.118,7.391,0.000,0,972,0,0
4582,27.404,27.404,13.127,13.683,0.382,0.212,1,21.118,7.391,0.000,376,75811,2339,25449
4583,5.960,4.121,3.708,0.123,0.018,0.272,0,21.303,7.492,0.000,0,972,0,0
4584,27.535,27.535,12.209,14.700,0.364,0.262,1,21.303,7.492,0.000,376,75811,2339,25449
4585,5.831,3.901,3.566,0.121,0.004,0.209,0,21.312,7.471,0.000,0,972,0,0
4586,24.897,24.897,10.963,13.292,0.306,0.335,1,21.312,7.471,0.000,376,75811,2339,25449
4587,9.779,6.044,5.660,0.125,0.005,0.254,0,21.333,7.043,0.000,0,972,0,0
4588,27.603,27.603,13.139,13.576,0.595,0.294,1,21.333,7.043,0.000,376,75811,2338,25449
4589,5.884,5.884,5.449,0.123,0.005,0.308,0,22.416,7.954,0.000,0,972,0,0
4590,38.307,38.307,14.484,23.067,0.437,0.319,1,22.416,7.954,0.000,376,75811,2340,25449
4591,11.746,11.746,11.312,0.143,0.010,0.281,0,23.541,15.105,0.000,0,972,0,0
4592,5.731,5.731,5.280,0.125,0.006,0.320,0,23.541,15.105,0.000,0,972,0,0
4593,33.998,33.998,13.896,19.314,0.485,0.304,1,23.541,15.105,0.000,376,75811,2339,25449
4594,4.246,4.246,3.828,0.123,0.007,0.288,0,21.632,7.865,0.000,0,972,0,0
4595,4.718,4.718,4.242,0.129,0.004,0.343,0,21.632,7.865,0.000,0,972,0,0
4596,27.353,27.353,12.172,14.273,0.465,0.443,1,21.632,7.865,0.000,376,75811,2339,25449
4597,6.675,5.665,5.191,0.127,0.004,0.343,0,21.632,7.865,0.000,0,972,0,0
4598,27.745,27.745,12.058,14.800,0.326,0.560,1,24.101,7.309,0.000,376,75811,2339,25449
4599,5.594,4.841,4.355,0.123,0.004,0.360,0,23.009,7.560,0.000,0,972,0,0
4600,26.294,26.294,11.977,13.403,0.337,0.576,1,23.009,7.560,0.000,376,75811,2338,25449
4601,7.100,5.877,5.324,0.127,0.012,0.414,0,23.009,7.560,0.000,0,972,0,0
4602,15.946,8.686,8.189,0.123,0.006,0.368,0,27.861,7.616,0.000,0,972,0,0
4603,28.422,28.422,12.074,15.524,0.349,0.476,1,20.406,6.340,2.958,377,75811,1921,25449
4604,4.942,4.710,4.265,0.134,0.003,0.308,0,20.406,6.340,2.958,0,972,0,0
4605,27.076,27.076,11.439,14.801,0.495,0.341,1,20.406,6.340,0.000,376,75811,2339,25449
4606,6.300,4.076,3.537,0.122,0.006,0.410,0,21.877,7.229,0.000,0,972,0,0
4607,25.597,25.597,10.956,13.414,0.314,0.913,1,21.877,7.229,0.000,376,75811,2339,25449
4608,7.768,4.048,3.612,0.122,0.004,0.310,0,21.607,7.119,0.000,0,972,0,0
4609,25.436,25.436,11.743,12.615,0.448,0.630,1,21.607,7.119,0.000,376,75811,2338,25449
4610,7.937,4.680,4.195,0.122,0.007,0.355,0,21.914,7.160,0.000,0,972,0,0
4611,25.352,25.352,11.184,13.375,0.413,0.380,1,21.914,7.160,0.000,376,75811,2339,25449
4612,8.008,4.942,4.376,0.127,0.008,0.431,0,21.737,7.184,0.000,0,972,0,0
4613,25.284,25.284,11.096,13.421,0.366,0.401,1,21.737,7.184,0.000,376,75811,2340,25449
4614,8.088,4.595,3.552,0.151,0.004,0.888,0,21.848,7.300,0.000,0,972,0,0
4615,25.628,25.628,11.257,13.515,0.401,0.455,1,21.848,7.300,0.000,376,75811,2339,25449
4616,7.739,4.055,3.605,0.120,0.005,0.324,0,22.775,7.531,0.000,0,928,0,0
4617,25.263,25.263,11.203,13.302,0.418,0.341,1,22.775,7.531,0.000,374,75767,2316,25449
4618,8.099,4.256,3.684,0.120,0.004,0.447,0,22.055,7.047,0.000,0,928,0,0
4619,23.924,23.924,10.479,12.672,0.344,0.429,1,22.055,7.047,0.000,374,75767,2315,25449
4620,9.452,4.135,3.639,0.122,0.005,0.369,0,23.071,6.944,0.000,0,928,0,0
4621,25.945,25.945,10.726,14.304,0.421,0.494,1,23.071,6.944,1.834,374,75767,1978,25449
4622,7.422,3.968,3.512,0.121,0.004,0.331,0,24.238,6.398,1.834,0,928,0,0
4623,26.755,26.755,10.973,14.929,0.496,0.357,1,24.238,6.398,2.808,374,75767,1831,25449
4624,6.601,4.236,3.667,0.121,0.005,0.443,0,23.204,6.421,2.808,0,928,0,0
4625,26.358,26.358,11.019,14.639,0.353,0.348,1,23.204,6.421,2.662,374,75767,1833,25449
4626,7.000,6.022,5.579,0.120,0.004,0.318,0,20.778,6.252,2.662,0,928,0,0
4627,27.065,27.065,12.416,13.856,0.342,0.451,1,20.778,6.252,0.000,374,75767,2315,25449
4628,6.302,4.671,4.155,0.121,0.008,0.387,0,22.263,7.319,0.000,0,928,0,0
4629,28.183,28.183,13.597,13.754,0.440,0.393,1,22.263,7.319,0.000,374,75767,2316,25449
4630,5.184,4.709,4.137,0.120,0.004,0.448,0,20.146,7.693,0.000,0,928,0,0
4631,26.846,26.846,12.176,13.864,0.442,0.364,1,20.146,7.693,0.000,374,75767,2316,25449
4632,6.536,4.644,4.189,0.121,0.004,0.330,0,22.316,7.490,0.000,0,928,0,0
4633,25.582,25.582,10.474,14.324,0.331,0.454,1,22.316,7.490,0.000,374,75767,2316,25449
4634,7.776,3.908,3.500,0.120,0.003,0.284,0,22.553,7.394,0.000,0,772,0,0
4635,25.015,25.015,11.047,13.199,0.402,0.366,1,22.553,7.394,0.000,372,75611,2287,25449
4636,8.350,4.080,3.575,0.119,0.003,0.383,0,21.111,7.060,0.000,0,772,0,0
4637,26.877,26.877,12.586,13.520,0.457,0.314,1,21.111,7.060,0.000,372,75611,2286,25449
4638,6.496,5.065,4.557,0.121,0.006,0.380,0,20.979,7.287,0.000,0,772,0,0
4639,28.016,28.016,11.503,15.744,0.374,0.395,1,20.979,7.287,0.000,372,75611,2287,25449
4640,5.376,3.911,3.516,0.119,0.004,0.273,0,20.979,7.287,0.000,0,772,0,0
4641,28.046,28.046,13.920,13.392,0.422,0.313,1,22.388,7.322,0.000,372,75611,2287,25449
4642,5.384,4.561,4.083,0.119,0.004,0.355,0,21.375,8.223,0.000,0,772,0,0
4643,23.994,23.994,10.381,12.725,0.533,0.355,1,21.375,8.223,0.000,372,75611,2287,25449
4644,9.284,4.068,3.585,0.141,0.005,0.337,0,22.016,8.233,0.000,0,772,0,0
4645,24.861,24.861,10.252,13.800,0.385,0.423,1,22.016,8.233,1.593,372,75611,1985,25449
4646,8.508,3.828,3.402,0.121,0.004,0.302,0,22.617,6.350,1.593,0,772,0,0
4647,25.720,25.720,10.678,14.331,0.387,0.323,1,22.617,6.350,2.366,372,75611,1835,25449
4648,7.644,3.979,3.444,0.118,0.005,0.411,0,22.235,6.750,2.366,0,772,0,0
4649,27.682,27.682,11.288,15.588,0.470,0.336,1,20.022,5.994,2.599,372,75611,1821,25449
4650,5.679,3.937,3.514,0.119,0.004,0.300,0,20.022,5.994,2.599,0,772,0,0
4651,24.978,24.978,10.938,13.300,0.313,0.428,1,20.022,5.994,0.000,372,75611,2287,25449
4652,8.398,4.002,3.635,0.118,0.003,0.246,0,21.966,7.022,0.000,0,768,0,0
4653,23.537,23.537,10.375,12.407,0.505,0.250,1,21.966,7.022,0.000,371,75607,2271,25449
4654,9.836,3.929,3.525,0.115,0.005,0.283,0,22.216,6.911,0.000,0,768,0,0
4655,23.927,23.927,10.598,12.557,0.513,0.259,1,22.216,6.911,0.000,372,75607,2274,25449
4656,9.440,3.952,3.595,0.137,0.005,0.216,0,22.441,7.713,0.000,0,768,0,0
4657,24.152,24.152,10.523,12.700,0.531,0.398,1,22.441,7.713,0.000,371,75607,2272,25449
4658,9.211,4.161,3.713,0.120,0.005,0.324,0,22.344,8.440,0.000,0,768,0,0
4659,26.080,26.080,10.869,14.316,0.458,0.437,1,22.344,8.440,2.410,371,75607,1821,25449
4660,7.274,5.329,4.677,0.118,0.004,0.530,0,23.690,6.025,2.410,0,768,0,0
4661,29.211,29.211,12.961,15.306,0.493,0.451,1,20.927,5.679,2.806,371,75607,1800,25449
4662,4.561,4.561,4.034,0.120,0.004,0.404,0,20.927,5.679,2.806,0,768,0,0
4663,25.378,25.378,11.549,12.976,0.273,0.579,1,20.927,5.679,0.000,371,75607,2271,25449
4664,7.604,4.066,3.518,0.118,0.005,0.425,0,23.351,7.019,0.000,0,768,0,0
4665,29.622,29.622,13.825,14.845,0.474,0.478,1,20.558,7.394,1.980,371,75607,1905,25449
4666,4.321,4.321,3.665,0.118,0.004,0.533,0,20.558,7.394,1.980,0,768,0,0
4667,27.022,27.022,11.225,14.880,0.472,0.446,1,20.558,7.394,0.000,371,75607,2272,25449
4668,6.265,4.606,4.083,0.117,0.004,0.401,0,22.608,7.337,0.000,0,768,0,0
4669,29.009,29.009,14.637,13.215,0.582,0.575,1,22.608,7.337,0.000,371,75607,2272,25449
4670,4.256,4.256,3.740,0.119,0.005,0.393,0,20.948,7.584,0.000,0,768,0,0
4671,26.738,26.738,12.719,13.138,0.366,0.515,1,20.948,7.584,0.000,371,75607,2271,25449
4672,6.214,4.338,3.734,0.118,0.004,0.481,0,20.900,6.946,0.000,0,768,0,0
4673,27.255,27.255,12.688,13.663,0.492,0.412,1,20.900,6.946,0.000,371,75607,2272,25449
4674,6.119,4.088,3.542,0.118,0.005,0.424,0,22.466,7.557,0.000,0,768,0,0
4675,24.938,24.938,10.303,13.848,0.295,0.492,1,22.466,7.557,0.000,372,75607,2274,25449
4676,8.433,4.361,3.910,0.119,0.005,0.327,0,22.206,7.438,0.000,0,768,0,0
4677,24.447,24.447,11.065,12.507,0.523,0.352,1,22.206,7.438,0.000,371,75607,2272,25449
4678,8.915,4.597,3.953,0.216,0.006,0.422,0,22.447,8.185,0.000,0,768,0,0
4679,26.567,26.567,12.125,13.684,0.410,0.348,1,22.447,8.185,1.666,371,75607,1951,25449
4680,6.795,4.198,3.753,0.118,0.004,0.322,0,20.644,6.279,1.666,0,768,0,0
4681,27.014,27.014,11.917,14.241,0.354,0.502,1,20.644,6.279,0.000,371,75607,2272,25449
4682,6.352,4.030,3.594,0.117,0.004,0.315,0,22.809,7.370,0.000,0,768,0,0
4683,27.918,27.918,12.948,14.213,0.427,0.329,1,22.809,7.370,1.607,371,75607,1978,25449
4684,5.444,4.390,3.856,0.120,0.004,0.410,0,21.475,6.791,1.607,0,768,0,0
4685,26.136,26.136,12.957,12.470,0.367,0.342,1,21.475,6.791,0.000,371,75607,2273,25449
4686,7.231,4.220,3.805,0.119,0.006,0.291,0,20.645,7.153,0.000,0,768,0,0
4687,27.414,27.414,12.741,13.853,0.375,0.446,1,20.645,7.153,0.000,371,75607,2272,25449
4688,5.952,4.097,3.585,0.215,0.005,0.292,0,21.960,7.230,0.000,0,768,0,0
4689,27.218,27.218,13.470,12.999,0.388,0.361,1,21.960,7.230,0.000,371,75607,2271,25449
4690,6.149,4.219,3.692,0.117,0.005,0.405,0,21.100,7.893,0.000,0,768,0,0
4691,26.710,26.710,11.475,14.429,0.470,0.337,1,21.100,7.893,0.000,371,75607,2272,25449
4692,6.657,4.591,4.140,0.119,0.004,0.328,0,21.591,7.592,0.000,0,768,0,0
4693,25.561,25.561,11.193,13.593,0.305,0.469,1,21.591,7.592,0.000,371,75607,2272,25449
4694,7.818,4.013,3.559,0.119,0.004,0.331,0,22.818,7.394,0.000,0,768,0,0
4695,25.121,25.121,10.360,13.886,0.413,0.462,1,22.818,7.394,0.000,371,75607,2273,25449
4696,8.236,4.192,3.687,0.117,0.004,0.384,0,21.336,7.289,0.000,0,768,0,0
4697,24.732,24.732,10.363,13.673,0.405,0.292,1,21.336,7.289,0.000,371,75607,2271,25449
4698,8.638,4.059,3.574,0.118,0.004,0.363,0,20.939,7.057,0.000,0,768,0,0
4699,25.298,25.298,11.111,13.479,0.405,0.303,1,20.939,7.057,0.000,371,75607,2272,25449
4700,8.083,3.945,3.516,0.117,0.004,0.308,0,21.643,7.076,0.000,0,768,0,0
4701,26.978,26.978,11.512,14.624,0.379,0.462,1,21.643,7.076,0.000,371,75607,2272,25449
4702,6.375,3.848,3.423,0.118,0.005,0.302,0,22.426,7.287,0.000,0,768,0,0
4703,25.987,25.987,11.477,13.556,0.623,0.331,1,22.426,7.287,0.000,371,75607,2272,25449
4704,7.410,4.323,3.721,0.120,0.004,0.478,0,22.426,7.287,0.000,0,768,0,0
4705,25.601,25.601,10.722,14.080,0.380,0.420,1,23.810,8.251,1.964,371,75607,1884,25449
4706,7.727,5.173,4.679,0.122,0.004,0.368,0,21.585,7.403,1.964,0,768,1,0
4707,28.031,28.031,12.208,14.957,0.347,0.518,1,21.585,7.403,1.543,371,75607,1985,25449
4708,5.340,4.631,4.150,0.120,0.004,0.358,0,22.691,6.695,1.543,0,768,0,0
4709,26.202,26.202,11.361,14.207,0.249,0.386,1,22.691,6.695,1.418,371,75607,2000,25449
4710,7.164,4.501,3.890,0.119,0.006,0.486,0,21.121,6.538,1.418,0,768,0,0
4711,23.803,23.803,10.507,12.369,0.537,0.389,1,21.121,6.538,0.000,371,75607,2272,25449
4712,9.581,3.978,3.466,0.121,0.005,0.386,0,23.068,7.076,0.000,0,768,0,0
4713,29.643,29.643,9.198,19.549,0.421,0.476,1,17.375,1.130,0.399,306,35811,1603,25113
4714,3.731,3.731,3.255,0.119,0.004,0.354,0,17.375,1.130,0.399,0,768,0,0
4715,32.107,32.107,6.834,24.513,0.394,0.366,1,22.224,5.878,0.000,324,37847,2813,0
4716,3.828,3.828,3.256,0.121,0.007,0.444,0,22.224,5.878,0.000,0,768,0,0
4717,15.246,15.246,5.697,8.929,0.330,0.290,1,22.224,5.878,0.000,324,37847,2802,0
4718,15.545,3.211,2.849,0.117,0.004,0.241,0,17.803,5.907,0.000,0,768,0,0
4719,16.697,16.155,6.647,8.625,0.510,0.373,1,17.803,5.907,0.000,325,37847,2805,0
4720,16.663,3.518,3.090,0.117,0.006,0.305,0,17.438,6.181,0.000,0,768,0,0
4721,16.700,15.194,5.972,8.436,0.452,0.334,1,17.438,6.181,0.000,324,37847,2802,0
4722,16.658,3.840,3.314,0.121,0.007,0.397,0,17.090,6.247,0.000,0,768,0,0
4723,17.537,16.034,6.759,8.565,0.410,0.299,1,17.090,6.247,0.000,324,37847,2803,0
4724,15.828,6.369,5.957,0.128,0.007,0.276,0,16.769,5.977,0.000,0,768,0,0
4725,18.896,18.896,8.188,9.349,1.002,0.358,1,16.769,5.977,0.000,324,37847,2803,0
4726,14.500,3.411,3.067,0.118,0.005,0.221,0,16.102,6.092,0.000,0,768,0,0
4727,24.776,24.333,14.691,8.867,0.518,0.257,1,16.102,6.092,0.000,324,37847,2802,0
4728,9.559,4.842,4.446,0.123,0.006,0.266,0,17.886,6.646,0.000,0,768,0,0
4729,25.740,25.709,15.942,9.135,0.419,0.213,1,17.886,6.646,0.000,324,37847,2803,0
4730,6.660,4.028,3.701,0.125,0.008,0.195,0,18.535,6.009,0.000,0,768,0,0
4731,16.667,15.757,6.368,8.631,0.480,0.277,1,18.535,6.009,0.000,325,38447,2825,0
4732,16.671,3.616,3.283,0.121,0.007,0.204,0,18.707,6.832,0.000,0,768,0,0
4733,17.623,17.623,7.885,9.007,0.514,0.217,1,18.707,6.832,0.000,325,38447,2824,0
4734,15.743,5.532,5.136,0.119,0.005,0.272,0,16.617,6.041,0.000,0,768,0,0
4735,17.302,17.302,7.519,9.096,0.416,0.270,1,16.617,6.041,0.000,325,38447,2825,0
4736,16.061,4.357,4.047,0.121,0.003,0.186,0,15.052,5.967,0.000,0,768,0,0
4737,16.704,16.060,6.708,8.638,0.495,0.219,1,15.052,5.967,0.000,325,38447,2825,0
4738,16.666,3.563,3.286,0.120,0.005,0.153,0,16.658,5.706,0.000,0,768,0,0
4739,16.864,16.056,6.420,9.013,0.452,0.171,1,16.658,5.706,0.000,325,38447,2824,0
4740,16.499,6.071,5.685,0.128,0.010,0.248,0,16.720,5.915,0.000,0,768,0,0
4741,16.684,16.182,6.987,8.554,0.436,0.204,1,16.720,5.915,0.000,325,38447,2825,0
4742,16.691,4.592,4.301,0.120,0.004,0.168,0,16.204,6.675,0.000,0,768,0,0
4743,16.678,16.087,7.161,8.324,0.350,0.252,1,16.204,6.675,0.000,325,38447,2824,0
4744,16.675,4.716,4.429,0.119,0.005,0.163,0,15.774,6.514,0.000,0,768,0,0
4745,16.692,15.099,6.459,8.135,0.310,0.195,1,15.774,6.514,0.000,326,38447,2827,0
4746,16.680,4.943,4.570,0.121,0.005,0.247,0,15.562,6.569,0.000,0,768,0,0
4747,16.686,15.300,6.599,8.126,0.393,0.182,1,15.562,6.569,0.000,325,38447,2825,0
4748,16.678,4.282,4.000,0.117,0.005,0.160,0,15.005,6.475,0.000,0,768,0,0
4749,16.945,16.945,7.585,8.701,0.429,0.231,1,15.005,6.475,0.000,325,38447,2824,0
4750,16.425,4.569,4.246,0.117,0.004,0.203,0,15.376,5.997,0.000,0,768,0,0
4751,16.803,16.803,7.515,8.686,0.394,0.207,1,15.376,5.997,0.000,325,38447,2825,0
4752,16.564,4.830,4.475,0.117,0.005,0.234,0,15.306,5.840,0.000,0,768,0,0
4753,16.714,16.163,6.769,8.786,0.406,0.203,1,15.306,5.840,0.000,325,38447,2825,0
4754,16.681,3.641,3.320,0.120,0.006,0.195,0,17.959,5.798,0.000,0,768,0,0
4755,17.326,17.326,7.678,8.795,0.552,0.302,1,17.959,5.798,0.000,325,38447,2824,0
4756,16.020,3.262,2.951,0.116,0.009,0.186,0,18.987,6.149,0.000,0,768,0,0
4757,16.714,14.913,6.076,8.387,0.294,0.157,1,18.987,6.149,0.000,325,38447,2825,0
4758,16.651,3.701,3.384,0.119,0.005,0.193,0,16.660,6.453,0.000,0,768,0,0
4759,16.689,14.625,5.764,8.363,0.369,0.129,1,16.660,6.453,0.000,325,38447,2825,0
4760,16.668,4.508,4.245,0.118,0.005,0.141,0,16.373,6.528,0.000,0,768,0,0
4761,17.061,17.061,8.016,8.366,0.401,0.278,1,16.373,6.528,0.000,325,38447,2824,0
4762,16.313,4.665,4.327,0.120,0.005,0.213,0,17.067,5.817,0.000,0,768,0,0
4763,16.680,15.904,6.967,8.303,0.391,0.243,1,17.067,5.817,0.000,325,38447,2825,0
4764,16.683,4.877,4.514,0.118,0.004,0.241,0,15.987,5.980,0.000,0,768,0,0
4765,16.749,16.749,6.889,9.025,0.537,0.297,1,15.987,5.980,0.000,325,38447,2824,0
4766,16.633,3.985,3.583,0.121,0.005,0.276,0,18.153,5.826,0.000,0,768,0,0
4767,16.695,15.489,6.039,8.630,0.481,0.339,1,18.153,5.826,0.000,325,38447,2825,0
4768,16.672,3.653,3.293,0.120,0.006,0.235,0,17.634,6.070,0.000,0,768,0,0
4769,30.576,30.576,19.704,10.092,0.490,0.290,1,17.634,6.070,0.000,326,38447,2827,0
4770,3.573,3.573,3.086,0.118,0.004,0.365,0,17.634,6.070,0.000,0,768,0,0
4771,15.882,7.924,7.508,0.117,0.003,0.295,0,19.531,6.833,0.000,0,768,0,0
4772,16.717,14.738,5.780,8.355,0.346,0.257,1,19.531,6.833,0.000,325,38447,2824,0
4773,16.659,4.213,3.738,0.124,0.005,0.347,0,16.921,5.944,0.000,0,768,0,0
4774,16.727,15.411,6.306,8.462,0.401,0.243,1,16.921,5.944,0.000,325,38447,2825,0
4775,16.639,3.929,3.578,0.120,0.006,0.226,0,16.783,6.338,0.000,0,768,0,0
4776,16.689,15.152,5.948,8.560,0.367,0.277,1,16.783,6.338,0.000,325,38447,2825,0
4777,16.671,4.570,4.289,0.121,0.005,0.154,0,15.888,6.582,0.000,0,768,0,0
4778,16.758,15.321,6.710,8.089,0.327,0.194,1,15.888,6.582,0.000,325,38447,2824,0
4779,16.624,4.967,4.552,0.131,0.009,0.275,0,16.833,5.856,0.000,0,768,0,0
4780,16.694,15.581,6.213,8.649,0.453,0.266,1,16.833,5.856,0.000,325,38447,2825,0
4781,16.674,3.930,3.512,0.126,0.006,0.286,0,17.033,6.596,0.000,0,768,0,0
4782,16.696,15.158,5.885,8.481,0.369,0.423,1,17.033,6.596,0.000,325,38447,2825,0
4783,16.659,3.817,3.387,0.122,0.005,0.303,0,18.148,5.864,0.000,0,768,0,0
4784,16.706,15.132,5.943,8.464,0.424,0.301,1,18.148,5.864,0.000,325,38447,2824,0
4785,16.668,4.037,3.527,0.122,0.005,0.383,0,16.994,5.862,0.000,0,768,0,0
4786,16.696,15.148,5.978,8.443,0.399,0.328,1,16.994,5.862,0.000,325,38447,2825,0
4787,16.668,3.766,3.329,0.121,0.007,0.309,0,16.757,6.007,0.000,0,768,0,0
4788,16.705,15.151,5.906,8.444,0.415,0.385,1,16.757,6.007,0.000,325,38447,2824,0
4789,16.665,3.696,3.295,0.120,0.005,0.276,0,17.325,5.823,0.000,0,768,0,0
4790,16.699,15.618,6.551,8.364,0.406,0.296,1,17.325,5.823,0.000,325,38447,2825,0
4791,16.658,3.861,3.399,0.119,0.005,0.338,0,17.469,5.864,0.000,0,768,0,0
4792,16.688,15.005,5.948,8.403,0.353,0.301,1,17.469,5.864,0.000,325,38447,2825,0
4793,16.672,4.856,4.497,0.119,0.004,0.235,0,16.121,6.464,0.000,0,768,0,0
4794,17.467,16.758,7.913,8.201,0.328,0.315,1,16.121,6.464,0.000,325,38447,2824,0
4795,15.903,4.761,4.416,0.120,0.005,0.220,0,15.112,6.203,0.000,0,768,0,0
4796,16.687,16.384,6.968,8.713,0.426,0.277,1,15.112,6.203,0.000,325,38447,2825,0
4797,16.681,5.152,4.820,0.118,0.003,0.211,0,15.068,5.789,0.000,0,768,0,0
4798,16.684,16.225,6.983,8.717,0.373,0.152,1,15.068,5.789,0.000,325,38447,2825,0
4799,16.682,5.304,4.996,0.122,0.003,0.183,0,15.248,5.992,0.000,0,768,0,0
4800,21.489,21.489,8.176,12.774,0.379,0.161,1,15.248,5.992,0.000,326,38451,2844,0
4801,11.879,4.471,4.177,0.120,0.004,0.170,0,20.221,5.808,0.000,0,772,0,0
4802,16.683,16.123,7.000,8.582,0.287,0.254,1,20.221,5.808,0.000,326,38451,2841,0
4803,16.683,4.613,4.300,0.121,0.003,0.189,0,16.014,6.098,0.000,0,772,0,0
4804,16.683,15.375,6.431,8.403,0.362,0.178,1,16.014,6.098,0.000,326,38451,2841,0
4805,16.692,4.628,4.299,0.119,0.004,0.205,0,16.086,5.950,0.000,0,772,0,0
4806,18.212,18.212,7.889,9.658,0.443,0.222,1,16.086,5.950,0.000,326,38451,2840,0
4807,15.154,3.433,3.126,0.120,0.003,0.184,0,17.167,6.082,0.000,0,772,0,0
4808,17.300,17.300,7.781,8.687,0.588,0.243,1,17.167,6.082,0.000,327,38451,2843,0
4809,16.067,4.108,3.819,0.123,0.006,0.161,0,17.763,6.593,0.000,0,772,0,0
4810,17.586,17.524,7.487,9.413,0.457,0.167,1,17.763,6.593,0.000,326,38451,2840,0
4811,15.773,6.135,5.747,0.143,0.010,0.236,0,16.813,5.986,0.000,0,772,0,0
4812,16.685,15.955,6.703,8.730,0.332,0.190,1,16.813,5.986,0.000,326,38451,2841,0
4813,16.681,4.341,4.047,0.120,0.007,0.168,0,15.784,6.701,0.000,0,772,0,0
4814,16.688,15.338,6.614,8.164,0.335,0.226,1,15.784,6.701,0.000,326,38451,2841,0
4815,16.676,4.219,3.933,0.121,0.003,0.162,0,16.018,5.772,0.000,0,772,0,0
4816,16.690,14.902,6.265,8.116,0.335,0.187,1,16.018,5.772,0.000,326,38451,2840,0
4817,16.685,4.795,4.446,0.120,0.006,0.224,0,16.004,6.396,0.000,0,796,0,0
4818,16.682,15.644,6.855,8.228,0.391,0.171,1,16.004,6.396,0.000,327,38499,2856,0
4819,16.683,4.422,4.156,0.123,0.005,0.138,0,15.421,5.882,0.000,0,844,0,0
4820,16.683,15.804,6.743,8.527,0.350,0.184,1,15.421,5.882,0.000,327,38547,2857,0
4821,16.678,4.468,4.192,0.122,0.004,0.150,0,15.679,5.845,0.000,0,892,0,0
4822,16.780,15.374,6.629,8.186,0.383,0.175,1,15.679,5.845,0.000,327,38595,2855,0
4823,16.607,5.086,4.733,0.124,0.005,0.225,0,17.235,5.895,0.000,0,936,0,0
4824,17.093,17.093,7.894,8.529,0.464,0.206,1,17.235,5.895,0.000,328,38615,2860,0
4825,16.270,4.653,4.337,0.137,0.007,0.173,0,16.377,6.451,0.000,0,936,0,0
4826,16.673,16.526,7.578,8.340,0.277,0.331,1,16.377,6.451,0.000,328,38615,2860,0
4827,16.678,5.036,4.673,0.120,0.006,0.237,0,15.879,6.428,0.000,0,936,0,0
4828,16.687,15.645,6.894,8.172,0.337,0.243,1,15.879,6.428,0.000,328,38615,2859,0
4829,16.679,5.134,4.727,0.121,0.005,0.281,0,15.574,6.510,0.000,0,936,0,0
4830,16.688,15.526,6.744,8.258,0.295,0.230,1,15.574,6.510,0.000,328,38615,2860,0
4831,16.678,4.865,4.518,0.122,0.004,0.221,0,16.332,5.852,0.000,0,936,0,0
4832,16.688,15.791,6.963,8.089,0.358,0.382,1,16.332,5.852,0.000,327,38015,2837,0
4833,16.687,4.805,4.467,0.125,0.004,0.208,0,15.723,6.282,0.000,0,936,0,0
4834,16.779,15.734,6.803,8.253,0.394,0.284,1,15.723,6.282,0.000,328,38015,2840,0
4835,16.597,6.492,6.051,0.129,0.007,0.304,0,17.201,6.335,0.000,0,936,0,0
4836,17.390,16.798,7.028,8.985,0.529,0.256,1,17.201,6.335,0.000,327,38015,2838,0
4837,15.968,5.924,5.573,0.132,0.006,0.213,0,17.022,5.879,0.000,0,936,0,0
4838,18.186,18.186,8.281,9.223,0.438,0.243,1,17.022,5.879,0.000,327,38015,2837,0
4839,15.182,4.078,3.819,0.120,0.004,0.135,0,15.290,5.963,0.000,0,936,0,0
4840,16.716,15.227,5.855,8.892,0.319,0.161,1,15.290,5.963,0.000,327,38015,2838,0
4841,16.647,6.344,5.969,0.133,0.006,0.235,0,16.815,5.665,0.000,0,936,0,0
4842,17.467,17.196,7.544,8.848,0.539,0.264,1,16.815,5.665,0.000,327,38015,2838,0
4843,15.900,4.816,4.456,0.127,0.007,0.227,0,16.415,5.928,0.000,0,936,0,0
4844,16.687,16.403,7.134,8.532,0.444,0.292,1,16.415,5.928,0.000,327,38015,2837,0
4845,16.673,4.459,4.153,0.123,0.004,0.179,0,15.641,6.392,0.000,0,936,0,0
4846,16.690,15.424,6.594,8.291,0.323,0.215,1,15.641,6.392,0.000,327,38015,2838,0
4847,16.677,4.891,4.504,0.121,0.003,0.263,0,15.986,5.870,0.000,0,936,0,0
4848,16.688,15.492,6.478,8.467,0.342,0.205,1,15.986,5.870,0.000,327,38015,2838,0
4849,16.683,4.350,4.059,0.122,0.004,0.164,0,14.898,6.367,0.000,0,936,0,0
4850,16.687,16.664,6.958,9.065,0.410,0.232,1,14.898,6.367,0.000,327,38015,2837,0
4851,16.679,4.267,3.978,0.121,0.004,0.164,0,15.053,5.729,0.000,0,936,0,0
4852,17.234,17.234,7.063,9.428,0.531,0.212,1,15.053,5.729,0.000,327,38015,2838,0
4853,16.150,3.607,3.246,0.122,0.005,0.235,0,17.765,6.065,0.000,0,936,0,0
4854,17.119,17.119,7.765,8.555,0.590,0.210,1,17.765,6.065,0.000,327,38015,2837,0
4855,16.234,5.520,5.221,0.133,0.005,0.161,0,17.262,5.764,0.000,0,936,0,0
4856,18.397,18.397,8.016,8.992,1.126,0.263,1,17.262,5.764,0.000,327,38015,2838,0
4857,14.966,4.380,4.077,0.119,0.004,0.180,0,15.240,6.042,0.000,0,936,0,0
4858,16.685,16.209,6.736,8.873,0.425,0.175,1,15.240,6.042,0.000,328,38015,2840,0
4859,16.681,5.130,4.837,0.122,0.004,0.167,0,15.504,5.654,0.000,0,936,0,0
4860,16.688,16.076,6.624,8.939,0.353,0.160,1,15.504,5.654,0.000,327,38015,2837,0
4861,16.677,4.644,4.387,0.122,0.004,0.131,0,15.111,5.673,0.000,0,936,0,0
4862,16.690,16.317,6.824,8.815,0.440,0.238,1,15.111,5.673,0.000,327,38015,2838,0
4863,16.678,4.851,4.042,0.121,0.003,0.684,0,15.024,5.642,0.000,0,936,0,0
4864,16.690,16.309,6.883,8.881,0.359,0.185,1,15.024,5.642,0.000,327,38015,2838,0
4865,16.679,4.540,4.208,0.120,0.004,0.209,0,14.956,5.621,0.000,0,936,0,0
4866,16.684,16.362,6.661,9.161,0.361,0.179,1,14.956,5.621,0.000,327,38015,2837,0
4867,16.684,4.356,4.060,0.121,0.004,0.172,0,14.999,5.769,0.000,0,936,0,0
4868,17.261,17.261,7.091,9.526,0.401,0.243,1,14.999,5.769,0.000,327,38015,2838,0
4869,16.105,4.037,3.762,0.122,0.004,0.149,0,14.874,5.678,0.000,0,936,0,0
4870,16.682,16.522,7.044,8.250,1.024,0.204,1,14.874,5.678,0.000,327,38015,2837,0
4871,16.682,4.841,4.494,0.121,0.003,0.223,0,15.125,5.683,0.000,0,932,0,0
4872,16.843,16.353,7.373,8.343,0.389,0.249,1,15.125,5.683,0.000,326,38011,2835,0
4873,16.529,5.985,5.629,0.130,0.006,0.219,0,16.928,5.717,0.000,0,772,0,0
4874,17.010,17.010,7.482,8.693,0.528,0.308,1,16.928,5.717,0.000,325,37851,2819,0
4875,16.365,4.582,4.245,0.120,0.005,0.212,0,15.992,6.444,0.000,0,772,0,0
4876,16.674,16.087,7.023,8.389,0.431,0.244,1,15.992,6.444,0.000,325,37851,2818,0
4877,16.675,5.166,4.741,0.120,0.006,0.300,0,15.572,5.762,0.000,0,772,0,0
4878,16.687,15.313,6.504,8.289,0.297,0.223,1,15.572,5.762,0.000,325,37851,2819,0
4879,16.681,4.335,4.039,0.119,0.005,0.172,0,16.032,5.793,0.000,0,772,0,0
4880,16.686,15.257,6.500,8.232,0.300,0.225,1,16.032,5.793,0.000,325,37851,2819,0
4881,16.697,4.258,3.982,0.121,0.004,0.152,0,14.952,6.269,0.000,0,772,0,0
4882,17.614,17.269,7.757,8.791,0.481,0.241,1,14.952,6.269,0.000,325,37851,2818,0
4883,15.756,6.913,6.468,0.128,0.008,0.308,0,16.766,6.564,0.000,0,772,0,0
4884,17.344,17.344,7.067,9.561,0.447,0.269,1,16.766,6.564,0.000,325,37851,2820,0
4885,16.029,3.280,2.961,0.119,0.004,0.197,0,17.904,5.955,0.000,0,772,0,0
4886,16.697,15.137,5.962,8.434,0.472,0.269,1,17.904,5.955,0.000,325,37851,2819,0
4887,16.650,6.379,5.975,0.133,0.007,0.265,0,16.884,6.207,0.000,0,772,0,0
4888,18.158,18.158,7.988,8.771,0.467,0.931,1,16.884,6.207,0.000,325,37851,2818,0
4889,15.213,4.946,4.528,0.118,0.004,0.296,0,15.421,5.761,0.000,0,772,0,0
4890,18.491,18.183,8.561,8.814,0.550,0.258,1,15.421,5.761,0.000,325,37851,2819,0
4891,14.872,5.377,5.008,0.128,0.006,0.235,0,17.306,6.566,0.000,0,768,0,0
4892,17.851,17.327,7.285,9.289,0.449,0.305,1,17.306,6.566,0.000,324,37847,2803,0
4893,15.514,5.325,5.001,0.124,0.007,0.193,0,16.436,5.896,0.000,0,768,0,0
4894,16.685,16.218,6.909,8.549,0.563,0.198,1,16.436,5.896,0.000,324,37847,2804,0
4895,16.679,4.689,4.366,0.119,0.005,0.199,0,15.653,6.679,0.000,0,768,0,0
4896,16.685,14.609,6.084,8.095,0.300,0.130,1,15.653,6.679,0.000,325,37847,2806,0
4897,16.701,3.907,3.667,0.119,0.004,0.117,0,14.610,6.465,0.000,0,768,0,0
4898,17.232,16.770,7.270,8.822,0.474,0.205,1,14.610,6.465,0.000,324,37847,2803,0
4899,16.124,5.394,5.127,0.129,0.007,0.132,0,16.594,6.539,0.000,0,768,0,0
4900,17.441,17.441,7.017,9.782,0.467,0.175,1,16.594,6.539,0.000,324,37847,2804,0
4901,15.921,4.031,3.772,0.118,0.003,0.137,0,14.861,5.975,0.000,0,768,0,0
4902,16.905,16.905,7.532,8.809,0.313,0.251,1,14.861,5.975,0.000,324,37847,2804,0
4903,16.461,5.646,5.082,0.116,0.004,0.444,0,14.954,5.790,0.000,0,768,0,0
4904,18.254,17.871,8.215,8.708,0.554,0.393,1,14.954,5.790,0.000,324,37847,2803,0
4905,15.108,5.516,5.048,0.122,0.004,0.342,0,16.080,6.518,0.000,0,768,0,0
4906,17.098,17.098,7.929,8.302,0.278,0.590,1,16.080,6.518,0.000,324,37847,2804,0
4907,16.295,5.238,4.763,0.116,0.005,0.353,0,15.243,6.386,0.000,0,768,0,0
4908,16.662,15.698,7.081,7.939,0.324,0.354,1,15.243,6.386,0.000,324,37847,2803,0
4909,16.675,6.030,5.460,0.117,0.004,0.449,0,15.206,6.311,0.000,0,768,0,0
4910,16.693,16.094,7.155,8.277,0.297,0.365,1,15.206,6.311,0.000,324,37847,2804,0
4911,16.676,5.532,5.075,0.118,0.005,0.334,0,16.238,5.838,0.000,0,768,0,0
4912,16.687,16.684,7.787,8.127,0.317,0.453,1,16.238,5.838,0.000,324,37847,2804,0
4913,16.685,5.112,4.666,0.117,0.005,0.324,0,15.784,5.686,0.000,0,768,0,0
4914,16.683,16.179,7.330,8.183,0.315,0.351,1,15.784,5.686,0.000,324,37847,2803,0
4915,16.678,5.772,5.233,0.117,0.005,0.417,0,15.286,5.799,0.000,0,768,0,0
4916,16.691,16.031,7.299,8.128,0.282,0.323,1,15.286,5.799,0.000,324,37847,2804,0
4917,16.677,5.051,4.654,0.116,0.005,0.277,0,15.150,6.177,0.000,0,768,0,0
4918,19.918,19.918,9.235,9.735,0.500,0.448,1,15.150,6.177,0.000,324,37847,2804,0
4919,13.456,5.582,5.185,0.120,0.005,0.272,0,16.968,6.695,0.000,0,768,0,0
4920,16.706,14.506,5.504,8.411,0.296,0.295,1,16.968,6.695,0.000,324,37847,2803,0
4921,16.657,5.886,5.388,0.119,0.006,0.373,0,15.864,6.432,0.000,0,768,0,0
4922,16.683,15.724,6.898,8.171,0.370,0.285,1,15.864,6.432,0.000,323,37727,2794,0
4923,16.680,4.694,4.305,0.117,0.003,0.268,0,15.300,6.286,0.000,0,768,0,0
4924,16.716,15.903,7.202,8.021,0.305,0.376,1,15.300,6.286,0.000,322,37727,2791,0
4925,16.662,5.625,5.154,0.127,0.007,0.337,0,16.740,5.652,0.000,0,768,0,0
4926,16.699,16.007,6.582,8.611,0.465,0.349,1,16.740,5.652,0.000,322,37727,2792,0
4927,16.664,3.545,3.061,0.119,0.007,0.358,0,17.228,5.835,0.000,0,768,0,0
4928,16.706,15.549,5.787,9.038,0.431,0.293,1,17.228,5.835,0.000,322,37727,2792,0
4929,16.668,3.636,3.241,0.121,0.004,0.270,0,16.290,5.755,0.000,0,768,0,0
4930,16.711,14.610,5.589,8.238,0.403,0.379,1,16.290,5.755,0.000,322,37727,2791,0
4931,16.656,3.894,3.495,0.120,0.005,0.273,0,16.341,5.654,0.000,0,768,0,0
4932,16.706,15.066,6.145,8.219,0.355,0.348,1,16.341,5.654,0.000,322,37727,2792,0
4933,16.657,3.975,3.342,0.118,0.006,0.508,0,16.692,6.213,0.000,0,768,0,0
4934,18.302,18.302,8.990,8.431,0.458,0.423,1,16.692,6.213,0.000,322,37727,2792,0
4935,15.064,5.397,4.930,0.123,0.006,0.339,0,15.971,5.810,0.000,0,768,0,0
4936,17.174,17.174,6.504,8.965,0.504,1.201,1,15.971,5.810,0.000,322,37727,2791,0
4937,16.198,3.324,2.838,0.117,0.006,0.364,0,18.295,5.882,0.000,0,768,0,0
4938,16.721,15.863,6.556,8.463,0.425,0.419,1,18.295,5.882,0.000,322,37727,2792,0
4939,16.638,7.707,7.078,0.126,0.008,0.495,0,17.094,5.800,0.000,0,768,0,0
4940,17.055,15.782,6.353,8.571,0.483,0.375,1,17.094,5.800,0.000,322,37727,2791,0
4941,16.305,5.347,4.902,0.118,0.003,0.324,0,15.658,6.500,0.000,0,768,0,0
4942,16.715,15.496,5.948,8.537,0.479,0.532,1,15.658,6.500,0.000,322,37727,2792,0
4943,16.697,4.863,3.593,0.118,0.007,1.145,0,18.280,5.705,0.000,0,768,0,0
4944,16.654,16.435,6.284,9.273,0.493,0.384,1,18.280,5.705,0.000,322,37727,2792,0
4945,16.684,3.322,2.764,0.118,0.003,0.436,0,20.026,5.863,0.000,0,768,0,0
4946,18.945,18.945,9.320,8.691,0.549,0.386,1,20.026,5.863,0.000,322,37727,2791,0
4947,14.408,5.230,4.790,0.119,0.005,0.316,0,15.655,6.664,0.000,0,768,0,0
4948,16.715,15.107,6.088,8.239,0.281,0.499,1,15.655,6.664,0.000,322,37727,2792,0
4949,16.665,3.769,3.235,0.118,0.005,0.411,0,16.838,6.179,0.000,0,768,0,0
4950,16.696,15.734,6.257,8.625,0.440,0.411,1,16.838,6.179,0.000,322,37727,2792,0
4951,16.669,3.730,3.061,0.118,0.007,0.544,0,17.148,6.293,0.000,0,768,0,0
4952,16.707,15.070,5.864,8.364,0.420,0.422,1,17.148,6.293,0.000,322,37727,2791,0
4953,16.657,3.616,3.085,0.118,0.004,0.409,0,17.363,5.783,0.000,0,768,0,0
4954,16.702,15.284,5.943,8.395,0.388,0.558,1,17.363,5.783,0.000,322,37727,2792,0
4955,16.665,5.427,4.895,0.131,0.009,0.391,0,17.771,6.388,0.000,0,768,0,0
4956,16.692,16.475,6.289,9.257,0.468,0.461,1,17.771,6.388,0.000,322,37727,2792,0
4957,16.671,4.128,2.844,0.778,0.004,0.501,0,17.463,5.981,0.000,0,768,0,0
4958,16.703,15.780,6.581,8.376,0.390,0.433,1,17.463,5.981,0.000,322,37727,2791,0
4959,16.664,3.467,2.952,0.116,0.005,0.393,0,17.264,5.696,0.000,0,768,0,0
4960,18.683,18.683,8.335,9.329,0.471,0.547,1,17.264,5.696,0.000,323,37727,2794,0
4961,14.690,3.999,3.413,0.138,0.005,0.441,0,17.626,5.910,0.000,0,768,0,0
4962,17.205,17.205,8.127,8.378,0.417,0.284,1,17.626,5.910,0.000,322,37727,2791,0
4963,16.159,5.400,4.905,0.119,0.004,0.373,0,15.376,5.864,0.000,0,768,0,0
4964,16.703,15.810,6.411,8.567,0.461,0.370,1,15.376,5.864,0.000,322,37727,2793,0
4965,16.665,3.527,3.073,0.118,0.005,0.331,0,17.493,6.310,0.000,0,768,0,0
4966,16.721,15.350,5.854,8.630,0.425,0.441,1,17.493,6.310,0.000,322,37727,2793,0
4967,16.642,4.705,4.179,0.123,0.011,0.392,0,17.445,6.358,0.000,0,768,0,0
4968,16.713,15.472,6.025,8.683,0.446,0.319,1,17.445,6.358,0.000,322,37727,2792,0
4969,16.657,3.684,3.144,0.118,0.006,0.416,0,16.927,6.399,0.000,0,768,0,0
4970,16.709,14.920,5.922,8.297,0.406,0.295,1,16.927,6.399,0.000,322,37727,2793,0
4971,16.653,6.981,6.562,0.128,0.007,0.284,0,15.928,6.387,0.000,0,768,0,0
4972,18.103,18.103,8.062,9.187,0.469,0.384,1,15.928,6.387,0.000,322,37727,2794,0
4973,15.263,4.483,4.098,0.117,0.003,0.265,0,14.813,6.033,0.000,0,768,0,0
4974,16.715,14.968,6.104,8.113,0.457,0.295,1,14.813,6.033,0.000,322,37727,2792,0
4975,16.650,6.786,6.165,0.125,0.008,0.487,0,16.573,5.647,0.000,0,768,0,0
4976,16.682,16.456,7.103,8.591,0.453,0.309,1,16.573,5.647,0.000,322,37727,2793,0
4977,16.686,4.881,4.428,0.117,0.003,0.333,0,15.017,6.397,0.000,0,768,0,0
4978,16.689,16.629,6.965,8.604,0.612,0.448,1,15.017,6.397,0.000,322,37727,2792,0
4979,16.694,4.286,3.774,0.135,0.011,0.366,0,18.274,6.942,0.000,0,768,0,0
4980,16.684,16.024,6.546,8.699,0.456,0.323,1,18.274,6.942,0.000,322,37727,2793,0
4981,16.670,3.675,3.166,0.119,0.006,0.384,0,17.778,6.451,0.000,0,768,0,0
4982,16.693,16.335,6.087,8.877,1.058,0.314,1,17.778,6.451,0.000,322,37727,2793,0
4983,16.668,3.258,2.842,0.116,0.005,0.294,0,16.577,5.858,0.000,0,768,0,0
4984,16.856,15.994,6.692,8.409,0.477,0.416,1,16.577,5.858,0.000,322,37727,2792,0
4985,16.511,3.345,2.915,0.118,0.005,0.307,0,16.990,5.761,0.000,0,768,0,0
4986,17.738,16.990,7.752,8.447,0.459,0.331,1,16.990,5.761,0.000,322,37727,2793,0
4987,15.630,6.156,5.584,0.139,0.007,0.427,0,16.210,5.800,0.000,0,768,0,0
4988,18.217,18.015,8.010,9.223,0.436,0.345,1,16.210,5.800,0.000,322,37727,2793,0
4989,15.148,6.036,5.591,0.125,0.008,0.313,0,16.651,5.968,0.000,0,768,0,0
4990,17.023,17.023,7.745,8.522,0.355,0.400,1,16.651,5.968,0.000,322,37727,2792,0
4991,16.342,5.027,4.612,0.119,0.004,0.292,0,16.069,5.824,0.000,0,768,0,0
4992,16.686,15.634,6.947,8.040,0.349,0.298,1,16.069,5.824,0.000,322,37727,2793,0
4993,16.683,5.484,5.007,0.118,0.003,0.356,0,15.160,5.749,0.000,0,768,0,0
4994,16.685,16.115,7.225,8.212,0.333,0.345,1,15.160,5.749,0.000,322,37727,2792,0
4995,16.675,4.987,4.571,0.118,0.003,0.295,0,15.560,5.692,0.000,0,768,0,0
4996,16.689,16.056,7.377,7.928,0.329,0.422,1,15.560,5.692,0.000,322,37727,2793,0
4997,16.678,4.858,4.457,0.121,0.003,0.277,0,15.175,6.197,0.000,0,768,0,0
4998,16.687,16.090,7.299,8.109,0.316,0.366,1,15.175,6.197,0.000,323,37727,2795,0
