Mario Party 4 -- native port, PowerPC Edition 0.9.16 (milestone M47)
port> machine: model PowerMac3,5, 2 CPUs at 1000 MHz, 7450 (G4), AltiVec yes, 1536 MB RAM, Mac OS X 10.5.4
port> machine: GL ATI Technologies Inc. / ATI Radeon 9000 OpenGL Engine / 1.3 ATI-1.5.28, VRAM 64 MB, 6 texture units, max texture 2048
port> machine:   GL_ARB_multitexture                  present  required
port> machine:   GL_ARB_texture_env_combine           present  required
port> machine:   GL_ARB_texture_env_crossbar          present  required
port> machine:   GL_ATI_texture_env_combine3          present  required
port> machine:   GL_EXT_secondary_color               present  required
port> machine:   GL_ARB_vertex_program                present  degraded without
port> machine:   GL_APPLE_vertex_array_range          present  degraded without
port> machine:   GL_APPLE_fence                       present  degraded without
port> machine:   GL_EXT_multi_draw_arrays             present  degraded without
port> machine:   GL_EXT_blend_subtract                present  degraded without
port> machine:   GL_EXT_gpu_program_parameters        present  optional
port> machine:   GL_EXT_fog_coord                     present  optional
port> machine:   GL_EXT_texture_compression_s3tc      present  optional
port> machine:   GL_ARB_depth_texture                 MISSING  optional
port> machine:   GL_ATI_text_fragment_shader          present  not used
port> machine: verdict ok
port> machine:   - every probe within the G4's envelope
port> machine: tier: the reference class (dual 1 GHz G4, 64 MB Radeon 9000 or better), whose promise is 30 fps everywhere: 75 of 82 screens there today (0.9.16, docs/fps-scoreboard.md)
port> machine: applying --resident 256 (1536 MB of RAM; 0 under 768 MB, 128 at 1 GB, 256 at 1.5 GB+, 584 MB kept for the OS and the game)
port> machine: the roulette prefetch is on (every machine; --noprefetch)
port> machine: coroutine stacks x2 over the game's sizes (the default since M31; --stackmul N)
port> DVD: disc image /Users/zach/MarioParty4/mp4.nkit.iso, 357 files in the FST
port> GL: ATI Radeon 9000 OpenGL Engine / 1.3 ATI-1.5.28, 6 texture units
port> GL feature set used: combine3 1, crossbar 1, s3tc 1, blend_subtract 1, depth_texture 0, text_fragment_shader 1, 6 units
---- vprog probe ----
GL_ARB_vertex_program                     present
MAX_PROGRAM_INSTRUCTIONS            262144
MAX_PROGRAM_NATIVE_INSTRUCTIONS        128
MAX_PROGRAM_PARAMETERS                1024
MAX_PROGRAM_NATIVE_PARAMETERS          192
MAX_PROGRAM_TEMPORARIES              65535
MAX_PROGRAM_NATIVE_TEMPORARIES          12
MAX_PROGRAM_ATTRIBS                     32
MAX_PROGRAM_NATIVE_ATTRIBS              16
MAX_PROGRAM_ADDRESS_REGISTERS            2
MAX_PROGRAM_ENV_PARAMETERS             256
MAX_PROGRAM_LOCAL_PARAMETERS          1024
GL_EXT_gpu_program_parameters       present (one call per palette upload)
trivial program            loaded, 6 instructions (6 native), under native limits: YES
palette program (ARL)      loaded, 10 instructions (15 native), under native limits: YES
matrix palette             18 slots of 6 params from env[82]
---- end vprog probe ----
port> cpu: 2 cores (hw.ncpu); workers ON
port> loader: prefetch on (a thread); resident set 256 MB: 73 of the list's 73 files fit (103.1 of 103.1 MB), filling on the thread
port> vertex ring: 8192 KB in 4 chunks (+8192 KB static-geometry cache), vertex_array_range on, multi_draw_arrays yes
port> render thread: on, overlapped (the join at the gate) (--renderthread 3); stream 16384 KB
port> render thread: the display-list decode split per drawn frame between the two threads (auto, M33) (--rtdecode 3)
port> options: Mario Party 4 PowerPC Edition 0.9.16 (M47), the effective options
port> options: machine       ok: PowerMac3,5, 2 x 1000 MHz 7450 (G4), 1536 MB RAM, ATI Radeon 9000 OpenGL Engine, 64 MB VRAM, 6 units, OS 10.5.4
port> options: disc image    /Users/zach/MarioParty4/mp4.nkit.iso
port> options: data folder   /Users/zach/Library/Application Support/MarioParty4  (card image, config, log)
port> options: log           (stdout only)
port> options: fullscreen    0  (--noconfig: not remembered)
port> options: cores         2; workers on (--threads -1); render thread mode 3 (--renderthread -1: 0 direct, 1 inline twin, 2 joined, 3 overlapped); decode on it 3 (--rtdecode; 3 = auto)
port> options: pacing        realtime (deterministic clock); stack multiplier x2; texture budget 40 MB; resampler linear, depop on
port> options: loading       roulette prefetch on (--noprefetch); resident set 256 MB (--resident MB; the machine check's rule by the installed RAM)
port> options: every field of PortOptions (0/NULL = off or unset):
port> options:   image=/Users/zach/MarioParty4/mp4.nkit.iso  log=NULL  gxlog=0  deterministic=1  
port> options:   stub_trace=0  max_frames=20000  turbo=0  watchdog=0  verbose=0  reldir=NULL  gxdemo=0  
port> options:   reltest=0  memmap=0  guardtest=NULL  relzerobss=0  nodatareset=0  noaudio=0  glcheck=0  
port> options:   glinfo=0  seed=3838914000000000  perf=1  gxsplit=0  drawlog=0  dumptex=0  texhash_full=0  
port> options:   gxwarn=0  headless=0  dumpframe=NULL  shotdir=/Users/zach/m48/A-m463-@cd5-3  scale=0  
port> options:   drawlog_frame=0  nocard=0  reldlclose=0  nopad=0  pad_debug=0  kbport=0  
port> options:   pad_play=board-start-com4.play  pad_record=NULL  scenelog=NULL  ovllog=1  nanwatch=0  
port> options:   wav=NULL  mute=0  audiolog=0  rtc=1041472800  rtc_set=1  rtc_seen=1  rtc_offset=0  
port> options:   card=NULL  freshcard=1  minigame=m463  com4=1  cast=NULL  dvdheap=0  turns=1  status=1  
port> options:   stuckwatch=0  soak=0  depop=1  resample4=0  clickstat=0  dlcache=0  vcache=3  
port> options:   vcache_mb=8  vcache_fit=28  vcache_vbo=0  cardwait=0  synclog=0  noaicb=0  olddecode=0  
port> options:   perfwin=NULL  nodraw=1  ffto=14000  ffto_warm=1  snap_every=0  snap_keep=3  
port> options:   snap_dir=NULL  restore=NULL  snap_now=0  snapdiff=0  vprobe=0  cpuxf=0  vprogstats=0  
port> options:   vproglog=0  oldtev=0  tevstats=0  oldnulltev=0  tlutlog=0  oldsubmit=0  novar=0  
port> options:   batchmax=0  segrebase=0  gltrace=0  endlog=NULL  nomerge=0  nomultidraw=0  noindexed=1  
port> options:   nohilite=0  noenvbulk=0  nofixbase=0  submitstats=0  nohilitetex=0  nocopyhalf=0  
port> options:   copylog=0  noefbflip=0  oldfirsthash=0  norekey=0  dumpcopy=0  notint=0  tintlog=0  
port> options:   texdecodelog=0  threads=-1  nomixthread=0  renderthread=-1  rtsplit=0  rtgate_ms=4  
port> options:   stackmul=2  rtdecode=-1  rtauto_fit_ms=30  rtauto_max=0.75  fake_machine=NULL  
port> options:   machinecheck=0  force=0  mgdump=NULL  mgend=1800  viewtexgen=0  nrmfrac0=0  vtxdivide=0  
port> options:   mghold=0  fullscreen=0  fullscreen_set=0  noconfig=1  print_defaults=0  print_keys=0  
port> options:   texbudget_set=0  predecode=0  predecodelog=0  regfix2dbg=0  lazyflush=0  premerge_max=0  
port> options:   cmpmask=8191  oldkonst=0  tfs=0  tfsprobe=0  tfslog=0  tfsdbg=0  tfsnorebind=0  
port> options:   tfscopycpu=0  tfssqcopy=0  tfsmtx=0  tfsforcebind=0  tfsenvreset=0  tfsdump=0  tfsall=0  
port> options:   oldspec0=0  nolitalpha=0  oldczero=0  clrasclr=0  nohoistmtx=0  nofastconcat=0  
port> options:   nostripes=0  nounitmemo=0  norotmemo=0  nopacklights=0  nofastsin=0  nomtxmemo=0  
port> options:   norotl=0  nowb=0  notexskip=0  nostripepool=0  giveitem=NULL  waterlook=1  pondlook=0  
port> options:   pondmix=0  wavegain=0  rgbcopy=0  novcposoff=1  nowaterpt=0  affinetex=0  halfwatch=0  
port> options:   presentdump=NULL  motlog=0  nolights=0  nopendlast=0  noskindecode=1  skinverify=0  
port> options:   oldvcskin=1  fullskinsig=0  noskindcbz=0  skinfree=0  oldwake=0  skinround=0  skinvec=0  
port> options:   dcbtdist=1  keytest=NULL  oldscissor=0  readbacktest=0  nodcbz=0  novpgen=0  
port> options:   notevdirty=0  noattrmemo=0  nowordhash=0  water=-1  watergrid=1  norastermemo=0  
port> options:   novcpos=0  wbpart=1  oldvtxjoin=0  rtgx=0  rtgx_fit=29  nocompiled=0  compiled_mb=8  
port> options:   glists=0  glists_mb=8  pmc=0  nomotionexec=0  nodirtyfilter=0  nodirty=0  oldakonst=0  
port> options:   mdposonly=0  mdmax=0  nospot=0  oldfog=0  noregchain=0  nocarry=0  forceobj=NULL  
port> options:   forceobj_flags=0  skipobj=NULL  zprepass=1  probeverts=0  skipverts=0  probeobj=NULL  
port> options:   nolinewidth=0  noregfix=0  realtime=1  lockstep=0  maxskip=0  
port> options:   perfdump=/Users/zach/m48/A-m463-@cd5-3.csv  mpgl=0  olddecode2=0  altivec=0  nodcbt=0  
port> options:   olddecode3=0  decodestats=0  audiolead_set=0  audiolead=100  cpuskin=0  palette=0  
port> options:   nopalette=0  skinstats=0  palsize=0  palnoarl=0  palnofog=0  noskinlifetime=0  
port> options:   restore_lax=0  skindeferall=0  mixtrace=NULL  mixcheck=0  nosincos=0  snapsync=0  
port> options:   nomatwalk=0  nocurvememo=1  nosparsemtx=0  nofastsqrt=1  nodraw_user=0  noprefetch=0  
port> options:   resident=256  dvdlog=0  nomovies=1  thpyuv=0  gotoovl=NULL  board=0  boardcycle=0  
port> options:   boarddump=NULL  foldxbar=0  foldcap=0  thplog=0  nothpslice=0  thpguard_set=0  
port> options:   thpguard=60  
port> audio: 32000 Hz, 2 ch, 512-frame buffer, 256 KB ring (2048 ms)
port> --minigame m463: parking the roulette on m463dll (mg 463, type 7)
port> --com4: all four players are CPU; instDll will dismiss its own instruction screen (src/REL/instDll/main.c:294)
port> --nodraw: the GX command streams are consumed and nothing is drawn
port> --ffto 14000: drawing is off until frame 14000 (warm-up 1)
port> frame mode: --realtime (retrace at 60 Hz on the wall clock, present at most every 2nd retrace, at least every 6th; --lockstep for the old gate)
port> audio: 100 ms of lead queued ahead of the mix (--audiolead)
port> entering the game's own main()

port> OSInit: MEM1 24 MB [0x3970000, 0x5170000), ARAM 16 MB, bus 162 MHz
port> OSInit: RTC pinned to 1041472800 (2003-01-02T02:00:00Z), OSGetTime origin 3838914000000000 ticks
port> DVDInit
port> VIInit
port> controls: a scripted run (--play/--record/--soak/--noconfig/--com4/--nopad): PowerPCube's controls file and gamecontrollerdb.txt are not read
port> PADInit: controller 1 = keyboard
port> PADInit: rumble not available on controller 1
port> PADInit: controllers 2-4 unplugged (reference config: CPU players)
port> pad: --play: board-start-com4.play -> /Users/zach/mp4-cd5.app/Contents/Resources/movies/board-start-com4.play
port> pad: --play board-start-com4.play: 460 directives, 0 marks
port> OSCreateHeap 0: 0x3a9c000..0x5170000 (23375 KB)
port> VIConfigure: 640x480 xfb, 640x480 efb, tv mode 0
port> GXInit: FIFO 0x3a9c00c, 1048576 bytes (the port keeps no FIFO; the write-gather writers are ordinary calls under TARGET_PC)
port> frame 1: overlay 0 (next 0) event 0
port> loader: list sound/mpgcsnd.msm 36823392 bytes in 373 ms, resident (asked at frame 0, done at 1)
port> roulette: frame 1 dealt mg 401 (m401dll, type 0)  -- overridden by --minigame
port> OSCreateThread 0x259448 func 0x42028 (the soft-reset watcher; polled once per retrace, not run on a thread)
HuMem> left memory space 2383KB(2441120)
port> ARInit: 16 MB of ARAM
port> MusyX SAL: 32000 Hz, 4 x 640-byte AI buffers (20 ms), 32-sample sub-frame
port> musyx_mix: CPU mixer up, 50 voices, 1 studios, 32000 Hz
port> MusyX SAL: mixing started
port> musyx_aram: region [0x000000, 0x800000) zero_buf [0x000000, 0x000500) sample heap starts at 0x000500
port> AI: DMA callback registered (one call per 160-sample DSP frame)
port> CARD: --freshcard with no --card: using the scratch image /Users/zach/Library/Application Support/MarioParty4/scratch-slot-a.raw
            rather than formatting the save file next to it
port> CARD: slot A = /Users/zach/Library/Application Support/MarioParty4/scratch-slot-a.raw (--freshcard: formatted, 59 free blocks)
port> workers: the game thread's FPSCR control bits are 0x00 at job 0 (NI 0, RN 0)
DLL DBG OUT
objman>Call New Ovl 1(1)
port> frame 2: overlay -1 (next 1) event 0
++++++++++++++++++++ Start New OVL 1 (EVT:0 STAT:0x00000000) ++++++++++++++++++
======== HuMem heap dump 03b9c018 ========
MCB-----+Size----+MG+FL+Prev----+Next----+UNum----+Body----+Call----
03b9c018 0000a020 a5 01 03baa1f8 03ba6038 ffffff00 03b9c038 000087e0
03ba6038 000041c0 a5 01 03b9c018 03baa1f8 ffffff00 03ba6058 0003c474
03baa1f8 00231e20 cd 00 03ba6038 03b9c018 00000000 03baa218 0003c474
MCB:3(2/1) MEM:00240000(0000e1e0/00231e20)
======== HuMem heap dump 03b9c018 end =====
======== HuMem heap dump 03f1c030 ========
MCB-----+Size----+MG+FL+Prev----+Next----+UNum----+Body----+Call----
03f1c030 00a80000 cd 00 03f1c030 03f1c030 ffffff00 03f1c050 cdcdcdcd
MCB:1(0/1) MEM:00a80000(00000000/00a80000)
======== HuMem heap dump 03f1c030 end =====
======== HuMem heap dump 0499c03c ========
MCB-----+Size----+MG+FL+Prev----+Next----+UNum----+Body----+Call----
0499c03c 00580000 cd 00 0499c03c 0499c03c ffffff00 0499c05c cdcdcdcd
MCB:1(0/1) MEM:00580000(00000000/00580000)
======== HuMem heap dump 0499c03c end =====
objman>Used Memory Size:0000e1e0
objman>Used Memory Cnt:2
objman>Init esp
objman>Call objectsetup
DLLStart 1 0
Search:dll/bootdll.rel
objdll>Link DLL:dll/bootdll.rel
Rest Memory 580000
port> REL bundles: 99 in /Users/zach/mp4-cd5.app/Contents/MacOS/rels
===== DLL Module Info dump ====
                   ID:0x00000001
             LinkPrev:0x00000000
             LinkNext:0x00000000
          Section num:14
Section info tbl ofst:0x00000048
           nameOffset:0x00000000
             nameSize:47
              version:0x00000002
===============================
==== DLL Module Header dump ====
          bss Size:0x0000005c
        rel Offset:0x00005c9d
        imp Offset:0x00007a4d
    prolog Section:1
    epilog Section:1
unresolved Section:0
       prolog func:0x00000000
       epilog func:0x00000054
   unresolved func:0x00000000
================================
objdll>LinkOK 03baa578 30100000
objdll> dll/bootdll.rel prolog start
******* Boot ObjectSetup *********
objman>InitObjMan start
objman>InitObjMan end
objdll> dll/bootdll.rel prolog end
objman>ObjectSetup end
port> frame 3: overlay 1 (next -1) event 0
DLL DBG OUT
Rest Memory 57d540
ARAM Trans 808000
Rest Memory 55d020
ARAM Trans 80aaa0
Rest Memory 506400
ARAM Trans 82da60
Rest Memory 564f40
ARAM Trans 8a7640
Rest Memory 5395a0
data num 74000b
port> dvdheap: 3733270 bytes mode 1 num 10000000  caller 0x10ec4  caller2 0xea68
Rest Memory 1f08c0
port> stall: frame 35 took 189 ms (game 189 gx 0 present 0 aud 0) tex: 0 decoded (0 KB -> 0 KB) dec 0 up 0 hash 0 ms, 0 re-keyed; staged 0 (0 ms saved) claimed 0 unstaged 0; frees 9, dll 0 ms
port> status f60      bootdll      board 0 turn 0/1  mg 463 (m463dll)  coins/stars 0/0c 0/0c 0/0c 0/0c  aud 0.01 ms  0.0 fps
port> status f120     bootdll      board 0 turn 0/1  mg 463 (m463dll)  coins/stars 0/0c 0/0c 0/0c 0/0c  aud 0.01 ms  1935.4 fps
port> status f180     bootdll      board 0 turn 0/1  mg 463 (m463dll)  coins/stars 0/0c 0/0c 0/0c 0/0c  aud 0.01 ms  2315.8 fps
port> status f240     bootdll      board 0 turn 0/1  mg 463 (m463dll)  coins/stars 0/0c 0/0c 0/0c 0/0c  aud 0.01 ms  3712.3 fps
port> status f300     bootdll      board 0 turn 0/1  mg 463 (m463dll)  coins/stars 0/0c 0/0c 0/0c 0/0c  aud 0.01 ms  3416.4 fps
port> status f360     bootdll      board 0 turn 0/1  mg 463 (m463dll)  coins/stars 0/0c 0/0c 0/0c 0/0c  aud 0.01 ms  984.9 fps
port> status f420     bootdll      board 0 turn 0/1  mg 463 (m463dll)  coins/stars 0/0c 0/0c 0/0c 0/0c  aud 0.01 ms  3863.5 fps
port> status f480     bootdll      board 0 turn 0/1  mg 463 (m463dll)  coins/stars 0/0c 0/0c 0/0c 0/0c  aud 0.01 ms  3584.0 fps
port> status f540     bootdll      board 0 turn 0/1  mg 463 (m463dll)  coins/stars 0/0c 0/0c 0/0c 0/0c  aud 0.01 ms  3498.7 fps
0
GroupSet 0
***********GroupSet Error 0
port> status f600     bootdll      board 0 turn 0/1  mg 463 (m463dll)  coins/stars 0/0c 0/0c 0/0c 0/0c  aud 0.01 ms  2391.7 fps
port> THP: movie/opmov_a00.thp skipped (--nomovies)
port> HuSprBegin: group 3 slot 0 names sprite 7, which is not a live sprite (data 0x0, attr 0010, data NULL) -- dropped [1/32]
port> HuSprBegin: audit: group 4 slot 0 sprite 8 bg 0x42764d0 fails counts -- drawn anyway [1/32]
port> HuSprBegin: audit: group 4 slot 0 sprite 8 bg 0x42764d0 fails counts -- drawn anyway [2/32]
port> HuSprBegin: audit: group 4 slot 0 sprite 8 bg 0x42764d0 fails counts -- drawn anyway [3/32]
port> HuSprBegin: audit: group 4 slot 0 sprite 8 bg 0x42764d0 fails counts -- drawn anyway [4/32]
port> HuSprBegin: audit: group 4 slot 0 sprite 8 bg 0x42764d0 fails counts -- drawn anyway [5/32]
port> HuSprBegin: audit: group 4 slot 0 sprite 8 bg 0x42764d0 fails counts -- drawn anyway [6/32]
port> HuSprBegin: audit: group 4 slot 0 sprite 8 bg 0x42764d0 fails counts -- drawn anyway [7/32]
port> HuSprBegin: audit: group 4 slot 0 sprite 8 bg 0x42764d0 fails counts -- drawn anyway [8/32]
port> HuSprBegin: audit: group 4 slot 0 sprite 8 bg 0x42764d0 fails counts -- drawn anyway [9/32]
port> HuSprBegin: audit: group 4 slot 0 sprite 8 bg 0x42764d0 fails counts -- drawn anyway [10/32]
port> HuSprBegin: audit: group 4 slot 0 sprite 8 bg 0x42764d0 fails counts -- drawn anyway [11/32]
port> HuSprBegin: audit: group 4 slot 0 sprite 8 bg 0x42764d0 fails counts -- drawn anyway [12/32]
port> HuSprBegin: audit: group 4 slot 0 sprite 8 bg 0x42764d0 fails counts -- drawn anyway [13/32]
port> HuSprBegin: audit: group 4 slot 0 sprite 8 bg 0x42764d0 fails counts -- drawn anyway [14/32]
port> HuSprBegin: audit: group 4 slot 0 sprite 8 bg 0x42764d0 fails counts -- drawn anyway [15/32]
port> HuSprBegin: audit: group 4 slot 0 sprite 8 bg 0x42764d0 fails counts -- drawn anyway [16/32]
port> HuSprBegin: audit: group 4 slot 0 sprite 8 bg 0x42764d0 fails counts -- drawn anyway [17/32]
port> HuSprBegin: audit: group 4 slot 0 sprite 8 bg 0x42764d0 fails counts -- drawn anyway [18/32]
port> HuSprBegin: audit: group 4 slot 0 sprite 8 bg 0x42764d0 fails counts -- drawn anyway [19/32]
port> HuSprBegin: audit: group 4 slot 0 sprite 8 bg 0x42764d0 fails counts -- drawn anyway [20/32]
port> HuSprBegin: audit: group 4 slot 0 sprite 8 bg 0x42764d0 fails counts -- drawn anyway [21/32]
port> HuSprBegin: audit: group 4 slot 0 sprite 8 bg 0x42764d0 fails counts -- drawn anyway [22/32]
port> HuSprBegin: audit: group 4 slot 0 sprite 8 bg 0x42764d0 fails counts -- drawn anyway [23/32]
port> HuSprBegin: audit: group 4 slot 0 sprite 8 bg 0x42764d0 fails counts -- drawn anyway [24/32]
port> HuSprBegin: audit: group 4 slot 0 sprite 8 bg 0x42764d0 fails counts -- drawn anyway [25/32]
port> HuSprBegin: audit: group 4 slot 0 sprite 8 bg 0x42764d0 fails counts -- drawn anyway [26/32]
port> HuSprBegin: audit: group 4 slot 0 sprite 8 bg 0x42764d0 fails counts -- drawn anyway [27/32]
port> HuSprBegin: audit: group 4 slot 0 sprite 8 bg 0x42764d0 fails counts -- drawn anyway [28/32]
port> HuSprBegin: audit: group 4 slot 0 sprite 8 bg 0x42764d0 fails counts -- drawn anyway [29/32]
port> HuSprBegin: audit: group 4 slot 0 sprite 8 bg 0x42764d0 fails counts -- drawn anyway [30/32]
port> HuSprBegin: audit: group 4 slot 0 sprite 8 bg 0x42764d0 fails counts -- drawn anyway [31/32]
port> HuSprBegin: audit: group 4 slot 0 sprite 8 bg 0x42764d0 fails counts -- drawn anyway [32/32]
port> status f660     bootdll      board 0 turn 0/1  mg 463 (m463dll)  coins/stars 0/0c 0/0c 0/0c 0/0c  aud 0.01 ms  2569.1 fps
port> status f720     bootdll      board 0 turn 0/1  mg 463 (m463dll)  coins/stars 0/0c 0/0c 0/0c 0/0c  aud 0.01 ms  3319.4 fps
>>>>>>>>MSM_SE_SEL_01 0
>>>>>>>>SE Num 0
port> audio: first non-silent sample at retrace 726 (12.03 s of mixed audio)
port> status f780     bootdll      board 0 turn 0/1  mg 463 (m463dll)  coins/stars 0/0c 0/0c 0/0c 0/0c  aud 0.04 ms  1031.4 fps
port> status f840     bootdll      board 0 turn 0/1  mg 463 (m463dll)  coins/stars 0/0c 0/0c 0/0c 0/0c  aud 0.04 ms  1036.7 fps
objman>Call New Ovl 74(1)
OvlKill 1
objdll>omDLLNumEnd 1 1
Search:dll/bootdll.rel
+++++++++++ Find0: dll/bootdll.rel
objdll>omDLLEnd 0 1
objdll>End DLL:dll/bootdll.rel
odjdll>Unlink DLL:dll/bootdll.rel
objdll>Unlink DLL epilog
objdll>Unlink DLL epilog finish
objdll>End DLL finish
port> frame 877: overlay -1 (next 74) event 0
objman>Destory ObjMan
++++++++++++++++++++ Start New OVL 74 (EVT:0 STAT:0x00000000) ++++++++++++++++++
======== HuMem heap dump 03b9c018 ========
MCB-----+Size----+MG+FL+Prev----+Next----+UNum----+Body----+Call----
03b9c018 0000a020 a5 01 03bc21d8 03ba6038 ffffff00 03b9c038 000087e0
03ba6038 000041c0 a5 01 03b9c018 03baa1f8 ffffff00 03ba6058 0003c474
03baa1f8 00017640 cd 00 03ba6038 03bc1838 ffffff00 03baa218 0003cda8
03bc1838 00000100 a5 01 03baa1f8 03bc1938 ffffff00 03bc1858 000374f8
03bc1938 00000400 a5 01 03bc1838 03bc1d38 ffffff00 03bc1958 00037548
03bc1d38 00000400 a5 01 03bc1938 03bc2138 ffffff00 03bc1d58 00037594
03bc2138 00000060 a5 01 03bc1d38 03bc2198 ffffff00 03bc2158 000375e0
03bc2198 00000040 a5 01 03bc2138 03bc21d8 ffffff00 03bc21b8 0003762c
03bc21d8 00219e40 cd 00 03bc2198 03b9c018 ffffff00 03bc21f8 0003cda8
MCB:9(7/2) MEM:00240000(0000eb80/00231480)
======== HuMem heap dump 03b9c018 end =====
======== HuMem heap dump 03f1c030 ========
MCB-----+Size----+MG+FL+Prev----+Next----+UNum----+Body----+Call----
03f1c030 00a80000 cd 00 03f1c030 03f1c030 ffffff00 03f1c050 0003ff80
MCB:1(0/1) MEM:00a80000(00000000/00a80000)
======== HuMem heap dump 03f1c030 end =====
======== HuMem heap dump 0499c03c ========
MCB-----+Size----+MG+FL+Prev----+Next----+UNum----+Body----+Call----
0499c03c 00580000 cd 00 0499c03c 0499c03c 10000000 0499c05c 0000fe30
MCB:1(0/1) MEM:00580000(00000000/00580000)
======== HuMem heap dump 0499c03c end =====
objman>Used Memory Size:0000eb80
objman>Used Memory Cnt:7
objman>Init esp
objman>Call objectsetup
############CharGrpSet
Del Group OK
SOUND ##########################
500
Timed Out! Mus 0:SE 1
GroupSet 0
***********GroupSet Error 0
Change AUX 0,1
##########################
DLLStart 74 0
Search:dll/modeseldll.rel
objdll>Link DLL:dll/modeseldll.rel
Rest Memory 580000
===== DLL Module Info dump ====
                   ID:0x00000001
             LinkPrev:0x00000000
             LinkNext:0x00000000
          Section num:15
Section info tbl ofst:0x00000048
           nameOffset:0x00000000
             nameSize:53
              version:0x00000002
===============================
==== DLL Module Header dump ====
          bss Size:0x000001ca
        rel Offset:0x0000d154
        imp Offset:0x0001664c
    prolog Section:1
    epilog Section:1
unresolved Section:0
       prolog func:0x00000000
       epilog func:0x00000054
   unresolved func:0x00000000
================================
objdll>LinkOK 03baa578 34700000
objdll> dll/modeseldll.rel prolog start
******* MS ObjectSetup *********
objman>InitObjMan start
objman>InitObjMan end
Rest Memory 5395a0
objdll> dll/modeseldll.rel prolog end
objman>ObjectSetup end
port> frame 879: overlay 74 (next -1) event 0
DLL DBG OUT
data num 630000
port> dvdheap: 1303268 bytes mode 1 num 10000000  caller 0x10ec4  caller2 0xea68
Rest Memory 441ce0
port> status f900     modeseldll   board 0 turn 0/1  mg 463 (m463dll)  coins/stars 0/0c 0/0c 0/0c 0/0c  aud 0.09 ms  415.4 fps
port> status f960     modeseldll   board 0 turn 0/1  mg 463 (m463dll)  coins/stars 0/0c 0/0c 0/0c 0/0c  aud 0.13 ms  955.3 fps
port> status f1020    modeseldll   board 0 turn 0/1  mg 463 (m463dll)  coins/stars 0/0c 0/0c 0/0c 0/0c  aud 0.18 ms  719.3 fps
port> status f1080    modeseldll   board 0 turn 0/1  mg 463 (m463dll)  coins/stars 0/0c 0/0c 0/0c 0/0c  aud 0.20 ms  662.0 fps
port> status f1140    modeseldll   board 0 turn 0/1  mg 463 (m463dll)  coins/stars 0/0c 0/0c 0/0c 0/0c  aud 0.21 ms  646.1 fps
port> status f1200    modeseldll   board 0 turn 0/1  mg 463 (m463dll)  coins/stars 0/0c 0/0c 0/0c 0/0c  aud 0.22 ms  610.3 fps
Init
port> status f1260    modeseldll   board 0 turn 0/1  mg 463 (m463dll)  coins/stars 0/0c 0/0c 0/0c 0/0c  aud 0.19 ms  636.9 fps
ARAM data num 86001f
port> status f1320    modeseldll   board 0 turn 0/1  mg 463 (m463dll)  coins/stars 0/0c 0/0c 0/0c 0/0c  aud 0.31 ms  452.6 fps
port> CARD: created "MARIPA4BOX0", 16384 bytes (2 blocks)
port> status f1380    modeseldll   board 0 turn 0/1  mg 463 (m463dll)  coins/stars 0/0c 0/0c 0/0c 0/0c  aud 0.25 ms  500.5 fps
port> THP: movie/opmov_s00.thp skipped (--nomovies)
port> HuSprBegin: group 1 slot 0 names sprite 12, which is not a live sprite (data 0x0, attr 0010, data NULL) -- dropped [2/32]
port> status f1440    modeseldll   board 0 turn 0/1  mg 463 (m463dll)  coins/stars 0/0c 0/0c 0/0c 0/0c  aud 0.19 ms  663.1 fps
port> status f1500    modeseldll   board 0 turn 0/1  mg 463 (m463dll)  coins/stars 0/0c 0/0c 0/0c 0/0c  aud 0.24 ms  580.6 fps
port> status f1560    modeseldll   board 0 turn 0/1  mg 463 (m463dll)  coins/stars 0/0c 0/0c 0/0c 0/0c  aud 0.19 ms  690.9 fps
port> status f1620    modeseldll   board 0 turn 0/1  mg 463 (m463dll)  coins/stars 0/0c 0/0c 0/0c 0/0c  aud 0.25 ms  543.2 fps
port> status f1680    modeseldll   board 0 turn 0/1  mg 463 (m463dll)  coins/stars 0/0c 0/0c 0/0c 0/0c  aud 0.22 ms  578.4 fps
port> status f1740    modeseldll   board 0 turn 0/1  mg 463 (m463dll)  coins/stars 0/0c 0/0c 0/0c 0/0c  aud 0.22 ms  563.8 fps
port> THP: movie/opmov_c00.thp skipped (--nomovies)
port> HuSprBegin: group 2 slot 0 names sprite 14, which is not a live sprite (data 0x0, attr 0010, data NULL) -- dropped [3/32]
port> status f1800    modeseldll   board 0 turn 0/1  mg 463 (m463dll)  coins/stars 0/0c 0/0c 0/0c 0/0c  aud 0.20 ms  579.8 fps
port> status f1860    modeseldll   board 0 turn 0/1  mg 463 (m463dll)  coins/stars 0/0c 0/0c 0/0c 0/0c  aud 0.01 ms  1128.9 fps
port> status f1920    modeseldll   board 0 turn 0/1  mg 463 (m463dll)  coins/stars 0/0c 0/0c 0/0c 0/0c  aud 0.01 ms  1133.3 fps
objman>Call New Ovl 70(1)
OvlKill 1
objdll>omDLLNumEnd 74 1
Search:dll/modeseldll.rel
+++++++++++ Find0: dll/modeseldll.rel
objdll>omDLLEnd 0 1
objdll>End DLL:dll/modeseldll.rel
odjdll>Unlink DLL:dll/modeseldll.rel
objdll>Unlink DLL epilog
objdll>Unlink DLL epilog finish
objdll>End DLL finish
port> frame 1960: overlay -1 (next 70) event 0
objman>Destory ObjMan
++++++++++++++++++++ Start New OVL 70 (EVT:0 STAT:0x00000000) ++++++++++++++++++
======== HuMem heap dump 03b9c018 ========
MCB-----+Size----+MG+FL+Prev----+Next----+UNum----+Body----+Call----
03b9c018 0000a020 a5 01 03bc21d8 03ba6038 ffffff00 03b9c038 000087e0
03ba6038 000041c0 a5 01 03b9c018 03baa1f8 ffffff00 03ba6058 0003c474
03baa1f8 00017640 cd 00 03ba6038 03bc1838 ffffff00 03baa218 000386b8
03bc1838 00000100 a5 01 03baa1f8 03bc1938 ffffff00 03bc1858 000374f8
03bc1938 00000400 a5 01 03bc1838 03bc1d38 ffffff00 03bc1958 00037548
03bc1d38 00000400 a5 01 03bc1938 03bc2138 ffffff00 03bc1d58 00037594
03bc2138 00000060 a5 01 03bc1d38 03bc2198 ffffff00 03bc2158 000375e0
03bc2198 00000040 a5 01 03bc2138 03bc21d8 ffffff00 03bc21b8 0003762c
03bc21d8 00219e40 cd 00 03bc2198 03b9c018 ffffff00 03bc21f8 0003cda8
MCB:9(7/2) MEM:00240000(0000eb80/00231480)
======== HuMem heap dump 03b9c018 end =====
======== HuMem heap dump 03f1c030 ========
MCB-----+Size----+MG+FL+Prev----+Next----+UNum----+Body----+Call----
03f1c030 00a80000 cd 00 03f1c030 03f1c030 ffffff00 03f1c050 00039164
MCB:1(0/1) MEM:00a80000(00000000/00a80000)
======== HuMem heap dump 03f1c030 end =====
======== HuMem heap dump 0499c03c ========
MCB-----+Size----+MG+FL+Prev----+Next----+UNum----+Body----+Call----
0499c03c 00580000 cd 00 0499c03c 0499c03c 10000000 0499c05c 0000fe30
MCB:1(0/1) MEM:00580000(00000000/00580000)
======== HuMem heap dump 0499c03c end =====
objman>Used Memory Size:0000eb80
objman>Used Memory Cnt:7
objman>Init esp
objman>Call objectsetup
DLLStart 70 0
Search:dll/mentdll.rel
objdll>Link DLL:dll/mentdll.rel
Rest Memory 580000
===== DLL Module Info dump ====
                   ID:0x00000001
             LinkPrev:0x00000000
             LinkNext:0x00000000
          Section num:15
Section info tbl ofst:0x00000048
           nameOffset:0x00000000
             nameSize:47
              version:0x00000002
===============================
==== DLL Module Header dump ====
          bss Size:0x000036c4
        rel Offset:0x000246f8
        imp Offset:0x00036a90
    prolog Section:1
    epilog Section:1
unresolved Section:0
       prolog func:0x000000a4
       epilog func:0x000000f8
   unresolved func:0x00000000
================================
objdll>LinkOK 03bc21f8 34300000
objdll> dll/mentdll.rel prolog start
objman>InitObjMan start
objman>InitObjMan end
Rest Memory 5395a0
0
GroupSet 7
***********GroupSet Error 0
objdll> dll/mentdll.rel prolog end
objman>ObjectSetup end
port> frame 1961: overlay 70 (next -1) event 0
DLL DBG OUT
data num 600008
port> dvdheap: 4008196 bytes mode 1 num 10000000  caller 0x10ec4  caller2 0xea68
Rest Memory 1ad6c0
ARAM data num 120006
port> stall: frame 1962 took 118 ms (game 118 gx 0 present 0 aud 0) tex: 0 decoded (0 KB -> 0 KB) dec 0 up 0 hash 0 ms, 0 re-keyed; staged 0 (0 ms saved) claimed 0 unstaged 0; frees 21, dll 0 ms
port> status f1980    mentdll      board 0 turn 0/1  mg 463 (m463dll)  coins/stars 0/0c 0/0c 0/0c 0/0c  aud 0.01 ms  292.9 fps
########### ME_MainProcFunc000
port> status f2040    mentdll      board 0 turn 0/1  mg 463 (m463dll)  coins/stars 0/0c 0/0c 0/0c 0/0c  aud 0.01 ms  378.6 fps
port> status f2100    mentdll      board 0 turn 0/1  mg 463 (m463dll)  coins/stars 0/0c 0/0c 0/0c 0/0c  aud 0.05 ms  360.4 fps
port> status f2160    mentdll      board 0 turn 0/1  mg 463 (m463dll)  coins/stars 0/0c 0/0c 0/0c 0/0c  aud 0.05 ms  308.4 fps
port> status f2220    mentdll      board 0 turn 0/1  mg 463 (m463dll)  coins/stars 0/0c 0/0c 0/0c 0/0c  aud 0.05 ms  283.4 fps
port> status f2280    mentdll      board 0 turn 0/1  mg 463 (m463dll)  coins/stars 0/0c 0/0c 0/0c 0/0c  aud 0.05 ms  286.4 fps
port> status f2340    mentdll      board 0 turn 0/1  mg 463 (m463dll)  coins/stars 0/0c 0/0c 0/0c 0/0c  aud 0.05 ms  332.2 fps
port> status f2400    mentdll      board 0 turn 0/1  mg 463 (m463dll)  coins/stars 0/0c 0/0c 0/0c 0/0c  aud 0.05 ms  315.0 fps
port> status f2460    mentdll      board 0 turn 0/1  mg 463 (m463dll)  coins/stars 0/0c 0/0c 0/0c 0/0c  aud 0.12 ms  299.7 fps
port> status f2520    mentdll      board 0 turn 0/1  mg 463 (m463dll)  coins/stars 0/0c 0/0c 0/0c 0/0c  aud 0.35 ms  270.2 fps
port> status f2580    mentdll      board 0 turn 0/1  mg 463 (m463dll)  coins/stars 0/0c 0/0c 0/0c 0/0c  aud 0.26 ms  287.4 fps
port> status f2640    mentdll      board 0 turn 0/1  mg 463 (m463dll)  coins/stars 0/0c 0/0c 0/0c 0/0c  aud 0.37 ms  269.4 fps
port> status f2700    mentdll      board 0 turn 0/1  mg 463 (m463dll)  coins/stars 0/0c 0/0c 0/0c 0/0c  aud 0.14 ms  303.1 fps
port> status f2760    mentdll      board 0 turn 0/1  mg 463 (m463dll)  coins/stars 0/0c 0/0c 0/0c 0/0c  aud 0.29 ms  278.7 fps
port> status f2820    mentdll      board 0 turn 0/1  mg 463 (m463dll)  coins/stars 0/0c 0/0c 0/0c 0/0c  aud 0.16 ms  275.1 fps
port> status f2880    mentdll      board 0 turn 0/1  mg 463 (m463dll)  coins/stars 0/0c 0/0c 0/0c 0/0c  aud 0.20 ms  293.2 fps
port> status f2940    mentdll      board 0 turn 0/1  mg 463 (m463dll)  coins/stars 0/0c 0/0c 0/0c 0/0c  aud 0.17 ms  321.5 fps
port> status f3000    mentdll      board 0 turn 0/1  mg 463 (m463dll)  coins/stars 0/0c 0/0c 0/0c 0/0c  aud 0.31 ms  281.3 fps
port> status f3060    mentdll      board 0 turn 0/1  mg 463 (m463dll)  coins/stars 0/0c 0/0c 0/0c 0/0c  aud 0.32 ms  254.8 fps
port> status f3120    mentdll      board 0 turn 0/1  mg 463 (m463dll)  coins/stars 0/0c 0/0c 0/0c 0/0c  aud 0.26 ms  283.5 fps
port> status f3180    mentdll      board 0 turn 0/1  mg 463 (m463dll)  coins/stars 0/0c 0/0c 0/0c 0/0c  aud 0.29 ms  270.4 fps
port> status f3240    mentdll      board 0 turn 0/1  mg 463 (m463dll)  coins/stars 0/0c 0/0c 0/0c 0/0c  aud 0.29 ms  253.2 fps
port> status f3300    mentdll      board 0 turn 0/1  mg 463 (m463dll)  coins/stars 0/0c 0/0c 0/0c 0/0c  aud 0.34 ms  248.1 fps
port> status f3360    mentdll      board 0 turn 0/1  mg 463 (m463dll)  coins/stars 0/0c 0/0c 0/0c 0/0c  aud 0.18 ms  266.1 fps
port> status f3420    mentdll      board 0 turn 0/1  mg 463 (m463dll)  coins/stars 0/0c 0/0c 0/0c 0/0c  aud 0.35 ms  244.7 fps
port> status f3480    mentdll      board 0 turn 0/1  mg 463 (m463dll)  coins/stars 0/0c 0/0c 0/0c 0/0c  aud 0.37 ms  240.0 fps
port> status f3540    mentdll      board 0 turn 0/1  mg 463 (m463dll)  coins/stars 0/0c 0/0c 0/0c 0/0c  aud 0.29 ms  248.9 fps
port> status f3600    mentdll      board 0 turn 0/1  mg 463 (m463dll)  coins/stars 0/0c 0/0c 0/0c 0/0c  aud 0.25 ms  284.8 fps
port> status f3660    mentdll      board 0 turn 0/1  mg 463 (m463dll)  coins/stars 0/0c 0/0c 0/0c 0/0c  aud 0.18 ms  293.1 fps
port> status f3720    mentdll      board 0 turn 0/1  mg 463 (m463dll)  coins/stars 0/0c 0/0c 0/0c 0/0c  aud 0.29 ms  271.3 fps
port> status f3780    mentdll      board 0 turn 0/1  mg 463 (m463dll)  coins/stars 0/0c 0/0c 0/0c 0/0c  aud 0.29 ms  245.0 fps
port> status f3840    mentdll      board 0 turn 0/1  mg 463 (m463dll)  coins/stars 0/0c 0/0c 0/0c 0/0c  aud 0.35 ms  273.7 fps
port> status f3900    mentdll      board 0 turn 0/1  mg 463 (m463dll)  coins/stars 0/0c 0/0c 0/0c 0/0c  aud 0.22 ms  282.0 fps
port> status f3960    mentdll      board 0 turn 0/1  mg 463 (m463dll)  coins/stars 0/0c 0/0c 0/0c 0/0c  aud 0.22 ms  302.2 fps
port> status f4020    mentdll      board 0 turn 0/1  mg 463 (m463dll)  coins/stars 0/0c 0/0c 0/0c 0/0c  aud 0.23 ms  289.5 fps
port> status f4080    mentdll      board 0 turn 0/1  mg 463 (m463dll)  coins/stars 0/0c 0/0c 0/0c 0/0c  aud 0.14 ms  324.0 fps
port> status f4140    mentdll      board 0 turn 0/1  mg 463 (m463dll)  coins/stars 0/0c 0/0c 0/0c 0/0c  aud 0.18 ms  293.4 fps
port> status f4200    mentdll      board 0 turn 0/1  mg 463 (m463dll)  coins/stars 0/0c 0/0c 0/0c 0/0c  aud 0.26 ms  266.0 fps
port> status f4260    mentdll      board 0 turn 0/1  mg 463 (m463dll)  coins/stars 0/0c 0/0c 0/0c 0/0c  aud 0.36 ms  243.1 fps
port> status f4320    mentdll      board 0 turn 0/1  mg 463 (m463dll)  coins/stars 0/0c 0/0c 0/0c 0/0c  aud 0.25 ms  250.8 fps
port> status f4380    mentdll      board 0 turn 0/1  mg 463 (m463dll)  coins/stars 0/0c 0/0c 0/0c 0/0c  aud 0.29 ms  249.9 fps
port> status f4440    mentdll      board 0 turn 0/1  mg 463 (m463dll)  coins/stars 0/0c 0/0c 0/0c 0/0c  aud 0.28 ms  234.8 fps
port> status f4500    mentdll      board 0 turn 0/1  mg 463 (m463dll)  coins/stars 0/0c 0/0c 0/0c 0/0c  aud 0.35 ms  239.5 fps
port> status f4560    mentdll      board 0 turn 0/1  mg 463 (m463dll)  coins/stars 0/0c 0/0c 0/0c 0/0c  aud 0.22 ms  260.0 fps
port> status f4620    mentdll      board 0 turn 0/1  mg 463 (m463dll)  coins/stars 0/0c 0/0c 0/0c 0/0c  aud 0.27 ms  277.5 fps
port> status f4680    mentdll      board 0 turn 0/1  mg 463 (m463dll)  coins/stars 0/0c 0/0c 0/0c 0/0c  aud 0.36 ms  270.3 fps
port> status f4740    mentdll      board 0 turn 1/1  mg 463 (m463dll)  coins/stars 0/0c 0/0c 0/0c 0/0c  aud 0.32 ms  284.4 fps
port> dvdheap: 1615946 bytes mode 0 num 0  caller 0xf140  caller2 0x34303aa0
Rest Memory 3f5780
port> dvdheap: 1438648 bytes mode 0 num 0  caller 0xf140  caller2 0x34303b68
Rest Memory 420c20
port> status f4800    mentdll      board 0 turn 1/1  mg 463 (m463dll)  coins/stars 0/0c 0/0c 0/0c 0/0c  aud 0.23 ms  293.8 fps
port> status f4860    mentdll      board 0 turn 1/1  mg 463 (m463dll)  coins/stars 0/0c 0/0c 0/0c 0/0c  aud 0.20 ms  328.0 fps
port> status f4920    mentdll      board 0 turn 1/1  mg 463 (m463dll)  coins/stars 0/0c 0/0c 0/0c 0/0c  aud 0.25 ms  326.0 fps
port> status f4980    mentdll      board 0 turn 1/1  mg 463 (m463dll)  coins/stars 0/0c 0/0c 0/0c 0/0c  aud 0.35 ms  306.4 fps
port> status f5040    mentdll      board 0 turn 1/1  mg 463 (m463dll)  coins/stars 0/0c 0/0c 0/0c 0/0c  aud 0.35 ms  304.9 fps
port> status f5100    mentdll      board 0 turn 1/1  mg 463 (m463dll)  coins/stars 0/0c 0/0c 0/0c 0/0c  aud 0.19 ms  343.8 fps
port> dvdheap: 1301598 bytes mode 0 num 0  caller 0x10e2c  caller2 0xee8c
Rest Memory 2e2fa0
ARAM Trans a4cf40
port> dvdheap: 1336948 bytes mode 0 num 0  caller 0x10e2c  caller2 0xee8c
Rest Memory 2da580
ARAM Trans b8aba0
port> dvdheap: 1260022 bytes mode 0 num 0  caller 0x10e2c  caller2 0xee8c
Rest Memory 2ed200
ARAM Trans cd1220
port> dvdheap: 1413496 bytes mode 0 num 0  caller 0x10e2c  caller2 0xee8c
Rest Memory 2c7a80
ARAM Trans e04c20
objman>Call New Ovl 89(1)
OvlKill 1
objdll>omDLLNumEnd 70 1
Search:dll/mentdll.rel
+++++++++++ Find0: dll/mentdll.rel
objdll>omDLLEnd 0 1
objdll>End DLL:dll/mentdll.rel
odjdll>Unlink DLL:dll/mentdll.rel
objdll>Unlink DLL epilog
objdll>Unlink DLL epilog finish
objdll>End DLL finish
port> frame 5101: overlay -1 (next 89) event 0
objman>Destory ObjMan
++++++++++++++++++++ Start New OVL 89 (EVT:0 STAT:0x00000000) ++++++++++++++++++
======== HuMem heap dump 03b9c018 ========
MCB-----+Size----+MG+FL+Prev----+Next----+UNum----+Body----+Call----
03b9c018 0000a020 a5 01 03c8f178 03ba6038 ffffff00 03b9c038 000087e0
03ba6038 000041c0 a5 01 03b9c018 03baa1f8 ffffff00 03ba6058 0003c474
03baa1f8 00016c80 cd 00 03ba6038 03bc0e78 ffffff00 03baa218 0003cda8
03bc0e78 00000260 a5 01 03baa1f8 03bc10d8 ffffff00 03bc0e98 00008ff4
03bc10d8 00000260 a5 01 03bc0e78 03bc1338 ffffff00 03bc10f8 00008ff4
03bc1338 000002c0 a5 01 03bc10d8 03bc15f8 ffffff00 03bc1358 00008ff4
03bc15f8 00000240 cd 00 03bc1338 03bc1838 10000000 03bc1618 00039144
03bc1838 00000100 a5 01 03bc15f8 03bc1938 ffffff00 03bc1858 000374f8
03bc1938 00000400 a5 01 03bc1838 03bc1d38 ffffff00 03bc1958 00037548
03bc1d38 00000400 a5 01 03bc1938 03bc2138 ffffff00 03bc1d58 00037594
03bc2138 00000060 a5 01 03bc1d38 03bc2198 ffffff00 03bc2158 000375e0
03bc2198 00000040 a5 01 03bc2138 03bc21d8 ffffff00 03bc21b8 0003762c
03bc21d8 000befc0 cd 00 03bc2198 03c81198 ffffff00 03bc21f8 0003cda8
03c81198 00002100 a5 01 03bc21d8 03c83298 ffffff00 03c811b8 00008ff4
03c83298 00000f80 a5 01 03c81198 03c84218 ffffff00 03c832b8 00008ff4
03c84218 000041c0 a5 01 03c83298 03c883d8 ffffff00 03c84238 00008ff4
03c883d8 000041c0 a5 01 03c84218 03c8c598 ffffff00 03c883f8 00008ff4
03c8c598 00002be0 a5 01 03c883d8 03c8f178 ffffff00 03c8c5b8 00008ff4
03c8f178 0014cea0 cd 00 03c8c598 03b9c018 ffffff00 03c8f198 0003cda8
MCB:19(15/4) MEM:00240000(0001d2e0/00222d20)
======== HuMem heap dump 03b9c018 end =====
======== HuMem heap dump 03f1c030 ========
MCB-----+Size----+MG+FL+Prev----+Next----+UNum----+Body----+Call----
03f1c030 00a80000 cd 00 03f1c030 03f1c030 ffffff00 03f1c050 0003ff80
MCB:1(0/1) MEM:00a80000(00000000/00a80000)
======== HuMem heap dump 03f1c030 end =====
======== HuMem heap dump 0499c03c ========
MCB-----+Size----+MG+FL+Prev----+Next----+UNum----+Body----+Call----
0499c03c 0015f3e0 a5 01 04afb41c 04afb41c ffffff00 0499c05c 00010a38
04afb41c 00420c20 cd 00 0499c03c 0499c03c ffffff00 04afb43c 0000fe30
MCB:2(1/1) MEM:00580000(0015f3e0/00420c20)
======== HuMem heap dump 0499c03c end =====
objman>Used Memory Size:0001d2e0
objman>Used Memory Cnt:15
objman>Init esp
objman>Call objectsetup
SOUND ##########################
0
GroupSet 9
***********GroupSet Error 0
##########################
DLLStart 89 0
Search:dll/w01dll.rel
objdll>Link DLL:dll/w01dll.rel
Rest Memory 420c20
===== DLL Module Info dump ====
                   ID:0x00000001
             LinkPrev:0x00000000
             LinkNext:0x00000000
          Section num:16
Section info tbl ofst:0x00000048
           nameOffset:0x00000000
             nameSize:45
              version:0x00000002
===============================
==== DLL Module Header dump ====
          bss Size:0x0000081c
        rel Offset:0x00012e34
        imp Offset:0x0001f174
    prolog Section:1
    epilog Section:1
unresolved Section:0
       prolog func:0x00000030
       epilog func:0x00000094
   unresolved func:0x00000000
================================
objdll>LinkOK 03bc21f8 35600000
objdll> dll/w01dll.rel prolog start
objman>InitObjMan start
objman>InitObjMan end
objdll> dll/w01dll.rel prolog end
objman>ObjectSetup end
port> frame 5102: overlay 89 (next -1) event 0
DLL DBG OUT
Rest Memory 37b3c0
Rest Memory 334960
data num 5e0000
Rest Memory 31dea0
ARAM data num 120006
data num 190000
Rest Memory 322ae0
data num 6c0000
Rest Memory 302e20
data num 890000
Rest Memory 31a860
ARAM data num 7001d
data num 50000
Rest Memory 136ce0
data num 90000
Rest Memory 1424a0
port> stall: frame 5104 took 343 ms (game 343 gx 0 present 0 aud 0) tex: 0 decoded (0 KB -> 0 KB) dec 0 up 0 hash 0 ms, 0 re-keyed; staged 0 (0 ms saved) claimed 0 unstaged 0; frees 113, dll 0 ms
port> loader: mg_next dealt mg 463 (m463dll) at frame 5105 -- prefetching its module and data
port> status f5160    w01dll       board 0 turn 1/1  mg 463 (m463dll)  coins/stars 0/0c 0/0c 0/0c 0/0c  aud 0.05 ms  96.3 fps
port> status f5220    w01dll       board 0 turn 1/1  mg 463 (m463dll)  coins/stars 0/0c 0/0c 0/0c 0/0c  aud 0.08 ms  249.2 fps
port> status f5280    w01dll       board 0 turn 1/1  mg 463 (m463dll)  coins/stars 0/0c 0/0c 0/0c 0/0c  aud 0.07 ms  251.6 fps
port> status f5340    w01dll       board 0 turn 1/1  mg 463 (m463dll)  coins/stars 0/0c 0/0c 0/0c 0/0c  aud 0.07 ms  260.6 fps
port> status f5400    w01dll       board 0 turn 1/1  mg 463 (m463dll)  coins/stars 0/0c 0/0c 0/0c 0/0c  aud 0.06 ms  239.7 fps
port> status f5460    w01dll       board 0 turn 1/1  mg 463 (m463dll)  coins/stars 0/0c 0/0c 0/0c 0/0c  aud 0.05 ms  246.1 fps
port> status f5520    w01dll       board 0 turn 1/1  mg 463 (m463dll)  coins/stars 0/0c 0/0c 0/0c 0/0c  aud 0.05 ms  262.9 fps
port> status f5580    w01dll       board 0 turn 1/1  mg 463 (m463dll)  coins/stars 0/0c 0/0c 0/0c 0/0c  aud 0.05 ms  277.8 fps
port> status f5640    w01dll       board 0 turn 1/1  mg 463 (m463dll)  coins/stars 0/0c 0/0c 0/0c 0/0c  aud 0.05 ms  306.2 fps
port> status f5700    w01dll       board 0 turn 1/1  mg 463 (m463dll)  coins/stars 0/0c 0/0c 0/0c 0/0c  aud 0.05 ms  346.0 fps
port> status f5760    w01dll       board 0 turn 1/1  mg 463 (m463dll)  coins/stars 0/0c 0/0c 0/0c 0/0c  aud 0.06 ms  360.4 fps
port> status f5820    w01dll       board 0 turn 1/1  mg 463 (m463dll)  coins/stars 0/0c 0/0c 0/0c 0/0c  aud 0.06 ms  343.0 fps
port> status f5880    w01dll       board 0 turn 1/1  mg 463 (m463dll)  coins/stars 0/0c 0/0c 0/0c 0/0c  aud 0.20 ms  216.6 fps
port> status f5940    w01dll       board 0 turn 1/1  mg 463 (m463dll)  coins/stars 0/0c 0/0c 0/0c 0/0c  aud 0.31 ms  197.0 fps
port> status f6000    w01dll       board 0 turn 1/1  mg 463 (m463dll)  coins/stars 0/0c 0/0c 0/0c 0/0c  aud 0.30 ms  189.8 fps
port> status f6060    w01dll       board 0 turn 1/1  mg 463 (m463dll)  coins/stars 0/0c 0/0c 0/0c 0/0c  aud 0.28 ms  192.1 fps
port> status f6120    w01dll       board 0 turn 1/1  mg 463 (m463dll)  coins/stars 0/0c 0/0c 0/0c 0/0c  aud 0.29 ms  208.3 fps
port> status f6180    w01dll       board 0 turn 1/1  mg 463 (m463dll)  coins/stars 0/0c 0/0c 0/0c 0/0c  aud 0.28 ms  202.9 fps
port> status f6240    w01dll       board 0 turn 1/1  mg 463 (m463dll)  coins/stars 0/0c 0/0c 0/0c 0/0c  aud 0.27 ms  201.9 fps
#########SE Entry Error<SE 770:ErrorNo -33>
#########SE Entry Error<SE 770:ErrorNo -33>
#########SE Entry Error<SE 770:ErrorNo -33>
port> status f6300    w01dll       board 0 turn 1/1  mg 463 (m463dll)  coins/stars 0/0c 0/0c 0/0c 0/0c  aud 0.28 ms  192.2 fps
#########SE Entry Error<SE 771:ErrorNo -33>
port> status f6360    w01dll       board 0 turn 1/1  mg 463 (m463dll)  coins/stars 0/0c 0/0c 0/0c 0/0c  aud 0.36 ms  174.9 fps
port> status f6420    w01dll       board 0 turn 1/1  mg 463 (m463dll)  coins/stars 0/0c 0/0c 0/0c 0/0c  aud 0.31 ms  179.7 fps
port> status f6480    w01dll       board 0 turn 1/1  mg 463 (m463dll)  coins/stars 0/0c 0/0c 0/0c 0/0c  aud 0.25 ms  183.3 fps
port> status f6540    w01dll       board 0 turn 1/1  mg 463 (m463dll)  coins/stars 0/0c 0/0c 0/0c 0/0c  aud 0.22 ms  197.9 fps
port> status f6600    w01dll       board 0 turn 1/1  mg 463 (m463dll)  coins/stars 0/0c 0/0c 0/0c 0/0c  aud 0.27 ms  199.7 fps
port> status f6660    w01dll       board 0 turn 1/1  mg 463 (m463dll)  coins/stars 0/0c 0/0c 0/0c 0/0c  aud 0.32 ms  191.4 fps
port> status f6720    w01dll       board 0 turn 1/1  mg 463 (m463dll)  coins/stars 0/0c 0/0c 0/0c 0/0c  aud 0.29 ms  193.7 fps
port> status f6780    w01dll       board 0 turn 1/1  mg 463 (m463dll)  coins/stars 0/0c 0/0c 0/0c 0/0c  aud 0.27 ms  194.7 fps
port> status f6840    w01dll       board 0 turn 1/1  mg 463 (m463dll)  coins/stars 0/0c 0/0c 0/0c 0/0c  aud 0.30 ms  205.0 fps
port> status f6900    w01dll       board 0 turn 1/1  mg 463 (m463dll)  coins/stars 0/0c 0/0c 0/0c 0/0c  aud 0.33 ms  199.8 fps
port> status f6960    w01dll       board 0 turn 1/1  mg 463 (m463dll)  coins/stars 0/0c 0/0c 0/0c 0/0c  aud 0.28 ms  202.4 fps
port> status f7020    w01dll       board 0 turn 1/1  mg 463 (m463dll)  coins/stars 0/0c 0/0c 0/0c 0/0c  aud 0.29 ms  188.7 fps
port> status f7080    w01dll       board 0 turn 1/1  mg 463 (m463dll)  coins/stars 0/0c 0/0c 0/0c 0/0c  aud 0.31 ms  192.7 fps
port> status f7140    w01dll       board 0 turn 1/1  mg 463 (m463dll)  coins/stars 0/0c 0/0c 0/0c 0/0c  aud 0.29 ms  203.0 fps
port> status f7200    w01dll       board 0 turn 1/1  mg 463 (m463dll)  coins/stars 0/0c 0/0c 0/0c 0/0c  aud 0.23 ms  189.3 fps
port> status f7260    w01dll       board 0 turn 1/1  mg 463 (m463dll)  coins/stars 0/0c 0/0c 0/0c 0/0c  aud 0.25 ms  194.3 fps
port> status f7320    w01dll       board 0 turn 1/1  mg 463 (m463dll)  coins/stars 9/0c 9/0c 9/0c 9/0c  aud 0.32 ms  193.1 fps
port> status f7380    w01dll       board 0 turn 1/1  mg 463 (m463dll)  coins/stars 10/0c 10/0c 10/0c 10/0c  aud 0.33 ms  188.0 fps
port> status f7440    w01dll       board 0 turn 1/1  mg 463 (m463dll)  coins/stars 10/0c 10/0c 10/0c 10/0c  aud 0.28 ms  199.7 fps
port> status f7500    w01dll       board 0 turn 1/1  mg 463 (m463dll)  coins/stars 10/0c 10/0c 10/0c 10/0c  aud 0.29 ms  168.0 fps
port> status f7560    w01dll       board 0 turn 1/1  mg 463 (m463dll)  coins/stars 10/0c 10/0c 10/0c 10/0c  aud 0.27 ms  190.8 fps
port> status f7620    w01dll       board 0 turn 1/1  mg 463 (m463dll)  coins/stars 10/0c 10/0c 10/0c 10/0c  aud 0.28 ms  205.7 fps
port> status f7680    w01dll       board 0 turn 1/1  mg 463 (m463dll)  coins/stars 10/0c 10/0c 10/0c 10/0c  aud 0.28 ms  197.1 fps
port> status f7740    w01dll       board 0 turn 1/1  mg 463 (m463dll)  coins/stars 10/0c 10/0c 10/0c 10/0c  aud 0.31 ms  199.7 fps
port> status f7800    w01dll       board 0 turn 1/1  mg 463 (m463dll)  coins/stars 10/0c 10/0c 10/0c 10/0c  aud 0.27 ms  189.6 fps
port> status f7860    w01dll       board 0 turn 1/1  mg 463 (m463dll)  coins/stars 10/0c 10/0c 10/0c 10/0c  aud 0.28 ms  192.1 fps
port> status f7920    w01dll       board 0 turn 1/1  mg 463 (m463dll)  coins/stars 10/0c 10/0c 10/0c 10/0c  aud 0.29 ms  191.4 fps
port> status f7980    w01dll       board 0 turn 1/1  mg 463 (m463dll)  coins/stars 10/0c 10/0c 10/0c 10/0c  aud 0.25 ms  190.3 fps
port> status f8040    w01dll       board 0 turn 1/1  mg 463 (m463dll)  coins/stars 10/0c 10/0c 10/0c 10/0c  aud 0.24 ms  193.5 fps
data num 60017
Rest Memory 1960c0
port> status f8100    w01dll       board 0 turn 1/1  mg 463 (m463dll)  coins/stars 10/0c 10/0c 10/0c 10/0c  aud 0.21 ms  215.5 fps
port> status f8160    w01dll       board 0 turn 1/1  mg 463 (m463dll)  coins/stars 10/0c 10/0c 10/0c 10/0c  aud 0.31 ms  239.5 fps
port> status f8220    w01dll       board 0 turn 1/1  mg 463 (m463dll)  coins/stars 10/0c 10/0c 10/0c 10/0c  aud 0.31 ms  239.7 fps
port> status f8280    w01dll       board 0 turn 1/1  mg 463 (m463dll)  coins/stars 10/0c 10/0c 10/0c 10/0c  aud 0.26 ms  250.4 fps
port> status f8340    w01dll       board 0 turn 1/1  mg 463 (m463dll)  coins/stars 10/0c 10/0c 10/0c 10/0c  aud 0.23 ms  254.7 fps
port> status f8400    w01dll       board 0 turn 1/1  mg 463 (m463dll)  coins/stars 10/0c 10/0c 10/0c 10/0c  aud 0.23 ms  259.9 fps
port> status f8460    w01dll       board 0 turn 1/1  mg 463 (m463dll)  coins/stars 10/0c 10/0c 10/0c 10/0c  aud 0.23 ms  264.5 fps
port> status f8520    w01dll       board 0 turn 1/1  mg 463 (m463dll)  coins/stars 10/0c 10/0c 10/0c 10/0c  aud 0.23 ms  253.7 fps
port> status f8580    w01dll       board 0 turn 1/1  mg 463 (m463dll)  coins/stars 10/0c 10/0c 10/0c 10/0c  aud 0.27 ms  258.8 fps
port> status f8640    w01dll       board 0 turn 1/1  mg 463 (m463dll)  coins/stars 10/0c 10/0c 10/0c 10/0c  aud 0.27 ms  258.8 fps
port> status f8700    w01dll       board 0 turn 1/1  mg 463 (m463dll)  coins/stars 10/0c 10/0c 10/0c 10/0c  aud 0.22 ms  254.5 fps
port> status f8760    w01dll       board 0 turn 1/1  mg 463 (m463dll)  coins/stars 10/0c 10/0c 10/0c 10/0c  aud 0.19 ms  253.3 fps
port> status f8820    w01dll       board 0 turn 1/1  mg 463 (m463dll)  coins/stars 10/0c 10/0c 10/0c 10/0c  aud 0.19 ms  258.8 fps
port> status f8880    w01dll       board 0 turn 1/1  mg 463 (m463dll)  coins/stars 10/0c 10/0c 10/0c 10/0c  aud 0.18 ms  268.1 fps
port> status f8940    w01dll       board 0 turn 1/1  mg 463 (m463dll)  coins/stars 10/0c 10/0c 10/0c 10/0c  aud 0.16 ms  252.0 fps
port> status f9000    w01dll       board 0 turn 1/1  mg 463 (m463dll)  coins/stars 10/0c 10/0c 10/0c 10/0c  aud 0.16 ms  251.8 fps
port> status f9060    w01dll       board 0 turn 1/1  mg 463 (m463dll)  coins/stars 10/0c 10/0c 10/0c 10/0c  aud 0.22 ms  241.0 fps
port> status f9120    w01dll       board 0 turn 1/1  mg 463 (m463dll)  coins/stars 10/0c 10/0c 10/0c 10/0c  aud 0.27 ms  234.9 fps
port> status f9180    w01dll       board 0 turn 1/1  mg 463 (m463dll)  coins/stars 10/0c 10/0c 10/0c 10/0c  aud 0.23 ms  230.7 fps
port> status f9240    w01dll       board 0 turn 1/1  mg 463 (m463dll)  coins/stars 10/0c 10/0c 10/0c 10/0c  aud 0.25 ms  228.8 fps
port> status f9300    w01dll       board 0 turn 1/1  mg 463 (m463dll)  coins/stars 10/0c 10/0c 10/0c 10/0c  aud 0.23 ms  225.8 fps
port> status f9360    w01dll       board 0 turn 1/1  mg 463 (m463dll)  coins/stars 10/0c 10/0c 10/0c 10/0c  aud 0.17 ms  246.4 fps
port> status f9420    w01dll       board 0 turn 1/1  mg 463 (m463dll)  coins/stars 10/0c 10/0c 10/0c 10/0c  aud 0.22 ms  226.9 fps
port> status f9480    w01dll       board 0 turn 1/1  mg 463 (m463dll)  coins/stars 10/0c 10/0c 10/0c 10/0c  aud 0.25 ms  254.8 fps
port> status f9540    w01dll       board 0 turn 1/1  mg 463 (m463dll)  coins/stars 10/0c 10/0c 10/0c 10/0c  aud 0.26 ms  258.9 fps
port> status f9600    w01dll       board 0 turn 1/1  mg 463 (m463dll)  coins/stars 10/0c 10/0c 10/0c 10/0c  aud 0.24 ms  251.2 fps
port> status f9660    w01dll       board 0 turn 1/1  mg 463 (m463dll)  coins/stars 10/0c 10/0c 10/0c 10/0c  aud 0.23 ms  242.4 fps
port> status f9720    w01dll       board 0 turn 1/1  mg 463 (m463dll)  coins/stars 10/0c 10/0c 10/0c 10/0c  aud 0.03 ms  219.0 fps
port> status f9780    w01dll       board 0 turn 1/1  mg 463 (m463dll)  coins/stars 10/0c 10/0c 10/0c 10/0c  aud 0.21 ms  197.8 fps
port> status f9840    w01dll       board 0 turn 1/1  mg 463 (m463dll)  coins/stars 10/0c 10/0c 10/0c 10/0c  aud 0.27 ms  198.4 fps
port> status f9900    w01dll       board 0 turn 1/1  mg 463 (m463dll)  coins/stars 10/0c 10/0c 10/0c 10/0c  aud 0.23 ms  199.0 fps
port> status f9960    w01dll       board 0 turn 1/1  mg 463 (m463dll)  coins/stars 10/0c 10/0c 10/0c 10/0c  aud 0.23 ms  195.2 fps
port> status f10020   w01dll       board 0 turn 1/1  mg 463 (m463dll)  coins/stars 10/0c 10/0c 10/0c 10/0c  aud 0.26 ms  202.4 fps
port> status f10080   w01dll       board 0 turn 1/1  mg 463 (m463dll)  coins/stars 10/0c 10/0c 10/0c 10/0c  aud 0.30 ms  195.3 fps
port> status f10140   w01dll       board 0 turn 1/1  mg 463 (m463dll)  coins/stars 10/0c 10/0c 10/0c 10/0c  aud 0.33 ms  193.1 fps
port> status f10200   w01dll       board 0 turn 1/1  mg 463 (m463dll)  coins/stars 10/0c 10/0c 10/0c 10/0c  aud 0.26 ms  197.9 fps
port> status f10260   w01dll       board 0 turn 1/1  mg 463 (m463dll)  coins/stars 10/0c 10/0c 10/0c 10/0c  aud 0.27 ms  193.3 fps
port> status f10320   w01dll       board 0 turn 1/1  mg 463 (m463dll)  coins/stars 10/0c 10/0c 10/0c 10/0c  aud 0.33 ms  182.9 fps
port> status f10380   w01dll       board 0 turn 1/1  mg 463 (m463dll)  coins/stars 10/0c 10/0c 10/0c 10/0c  aud 0.26 ms  200.6 fps
port> status f10440   w01dll       board 0 turn 1/1  mg 463 (m463dll)  coins/stars 10/0c 10/0c 10/0c 10/0c  aud 0.23 ms  203.6 fps
port> status f10500   w01dll       board 0 turn 1/1  mg 463 (m463dll)  coins/stars 10/0c 10/0c 10/0c 10/0c  aud 0.23 ms  189.4 fps
port> status f10560   w01dll       board 0 turn 1/1  mg 463 (m463dll)  coins/stars 10/0c 10/0c 10/0c 10/0c  aud 0.26 ms  188.7 fps
port> status f10620   w01dll       board 0 turn 1/1  mg 463 (m463dll)  coins/stars 13/0c 10/0c 10/0c 10/0c  aud 0.27 ms  193.0 fps
port> status f10680   w01dll       board 0 turn 1/1  mg 463 (m463dll)  coins/stars 13/0c 10/0c 10/0c 10/0c  aud 0.21 ms  198.5 fps
port> status f10740   w01dll       board 0 turn 1/1  mg 463 (m463dll)  coins/stars 13/0c 10/0c 10/0c 10/0c  aud 0.14 ms  203.9 fps
port> status f10800   w01dll       board 0 turn 1/1  mg 463 (m463dll)  coins/stars 13/0c 10/0c 10/0c 10/0c  aud 0.16 ms  203.4 fps
port> status f10860   w01dll       board 0 turn 1/1  mg 463 (m463dll)  coins/stars 13/0c 10/0c 10/0c 10/0c  aud 0.22 ms  200.6 fps
port> status f10920   w01dll       board 0 turn 1/1  mg 463 (m463dll)  coins/stars 13/0c 10/0c 10/0c 10/0c  aud 0.20 ms  201.8 fps
port> status f10980   w01dll       board 0 turn 1/1  mg 463 (m463dll)  coins/stars 13/0c 10/0c 10/0c 10/0c  aud 0.22 ms  191.2 fps
port> status f11040   w01dll       board 0 turn 1/1  mg 463 (m463dll)  coins/stars 13/0c 10/0c 10/0c 10/0c  aud 0.20 ms  191.3 fps
port> status f11100   w01dll       board 0 turn 1/1  mg 463 (m463dll)  coins/stars 13/0c 10/0c 10/0c 10/0c  aud 0.23 ms  199.3 fps
port> status f11160   w01dll       board 0 turn 1/1  mg 463 (m463dll)  coins/stars 13/0c 10/0c 10/0c 10/0c  aud 0.30 ms  202.8 fps
port> status f11220   w01dll       board 0 turn 1/1  mg 463 (m463dll)  coins/stars 13/0c 10/0c 10/0c 10/0c  aud 0.24 ms  197.9 fps
port> status f11280   w01dll       board 0 turn 1/1  mg 463 (m463dll)  coins/stars 13/0c 10/0c 10/0c 10/0c  aud 0.25 ms  190.8 fps
port> status f11340   w01dll       board 0 turn 1/1  mg 463 (m463dll)  coins/stars 13/0c 10/0c 10/0c 10/0c  aud 0.33 ms  187.0 fps
port> status f11400   w01dll       board 0 turn 1/1  mg 463 (m463dll)  coins/stars 13/0c 10/0c 10/0c 10/0c  aud 0.38 ms  192.3 fps
port> status f11460   w01dll       board 0 turn 1/1  mg 463 (m463dll)  coins/stars 13/0c 10/0c 10/0c 10/0c  aud 0.32 ms  188.6 fps
port> status f11520   w01dll       board 0 turn 1/1  mg 463 (m463dll)  coins/stars 13/0c 10/0c 10/0c 10/0c  aud 0.23 ms  193.6 fps
port> status f11580   w01dll       board 0 turn 1/1  mg 463 (m463dll)  coins/stars 13/0c 10/0c 10/0c 10/0c  aud 0.29 ms  197.8 fps
port> status f11640   w01dll       board 0 turn 1/1  mg 463 (m463dll)  coins/stars 13/0c 10/0c 10/0c 10/0c  aud 0.22 ms  204.4 fps
port> status f11700   w01dll       board 0 turn 1/1  mg 463 (m463dll)  coins/stars 13/0c 10/0c 10/0c 10/0c  aud 0.31 ms  201.7 fps
port> status f11760   w01dll       board 0 turn 1/1  mg 463 (m463dll)  coins/stars 13/0c 10/0c 10/0c 10/0c  aud 0.22 ms  204.6 fps
port> status f11820   w01dll       board 0 turn 1/1  mg 463 (m463dll)  coins/stars 13/0c 10/0c 10/0c 10/0c  aud 0.25 ms  206.4 fps
port> status f11880   w01dll       board 0 turn 1/1  mg 463 (m463dll)  coins/stars 13/0c 10/0c 10/0c 10/0c  aud 0.31 ms  196.1 fps
port> status f11940   w01dll       board 0 turn 1/1  mg 463 (m463dll)  coins/stars 13/0c 10/0c 10/0c 10/0c  aud 0.26 ms  198.6 fps
port> status f12000   w01dll       board 0 turn 1/1  mg 463 (m463dll)  coins/stars 13/0c 10/0c 10/0c 10/0c  aud 0.32 ms  196.8 fps
port> status f12060   w01dll       board 0 turn 1/1  mg 463 (m463dll)  coins/stars 13/0c 10/0c 10/0c 10/0c  aud 0.27 ms  204.9 fps
port> status f12120   w01dll       board 0 turn 1/1  mg 463 (m463dll)  coins/stars 13/0c 10/0c 10/0c 10/0c  aud 0.27 ms  204.4 fps
port> status f12180   w01dll       board 0 turn 1/1  mg 463 (m463dll)  coins/stars 13/0c 10/0c 10/0c 10/0c  aud 0.26 ms  195.9 fps
port> status f12240   w01dll       board 0 turn 1/1  mg 463 (m463dll)  coins/stars 13/0c 10/0c 10/0c 10/0c  aud 0.24 ms  206.1 fps
port> status f12300   w01dll       board 0 turn 1/1  mg 463 (m463dll)  coins/stars 13/0c 10/0c 10/0c 10/0c  aud 0.27 ms  189.6 fps
port> status f12360   w01dll       board 0 turn 1/1  mg 463 (m463dll)  coins/stars 13/0c 10/0c 10/0c 10/0c  aud 0.30 ms  203.0 fps
port> status f12420   w01dll       board 0 turn 1/1  mg 463 (m463dll)  coins/stars 13/0c 10/0c 10/0c 10/0c  aud 0.24 ms  199.9 fps
port> status f12480   w01dll       board 0 turn 1/1  mg 463 (m463dll)  coins/stars 13/0c 10/0c 10/0c 10/0c  aud 0.34 ms  183.6 fps
port> status f12540   w01dll       board 0 turn 1/1  mg 463 (m463dll)  coins/stars 13/0c 10/0c 10/0c 10/0c  aud 0.36 ms  194.5 fps
port> status f12600   w01dll       board 0 turn 1/1  mg 463 (m463dll)  coins/stars 13/0c 10/0c 10/0c 10/0c  aud 0.27 ms  189.4 fps
port> status f12660   w01dll       board 0 turn 1/1  mg 463 (m463dll)  coins/stars 13/0c 10/0c 10/0c 10/0c  aud 0.29 ms  201.0 fps
port> status f12720   w01dll       board 0 turn 1/1  mg 463 (m463dll)  coins/stars 13/0c 10/0c 10/0c 10/0c  aud 0.27 ms  191.9 fps
port> status f12780   w01dll       board 0 turn 1/1  mg 463 (m463dll)  coins/stars 13/0c 10/0c 10/0c 10/0c  aud 0.26 ms  192.5 fps
port> status f12840   w01dll       board 0 turn 1/1  mg 463 (m463dll)  coins/stars 13/0c 10/0c 10/0c 10/0c  aud 0.29 ms  199.3 fps
port> status f12900   w01dll       board 0 turn 1/1  mg 463 (m463dll)  coins/stars 13/0c 10/0c 10/0c 10/0c  aud 0.27 ms  199.5 fps
port> status f12960   w01dll       board 0 turn 1/1  mg 463 (m463dll)  coins/stars 13/0c 10/0c 10/0c 10/0c  aud 0.25 ms  201.6 fps
port> status f13020   w01dll       board 0 turn 1/1  mg 463 (m463dll)  coins/stars 13/0c 10/0c 10/0c 10/0c  aud 0.28 ms  185.2 fps
port> status f13080   w01dll       board 0 turn 1/1  mg 463 (m463dll)  coins/stars 13/0c 10/0c 10/0c 10/0c  aud 0.31 ms  194.7 fps
port> status f13140   w01dll       board 0 turn 1/1  mg 463 (m463dll)  coins/stars 13/0c 10/0c 10/0c 10/0c  aud 0.20 ms  200.5 fps
port> status f13200   w01dll       board 0 turn 1/1  mg 463 (m463dll)  coins/stars 13/0c 10/0c 10/0c 10/0c  aud 0.19 ms  208.9 fps
port> status f13260   w01dll       board 0 turn 1/1  mg 463 (m463dll)  coins/stars 13/0c 10/0c 10/0c 10/0c  aud 0.26 ms  197.4 fps
port> status f13320   w01dll       board 0 turn 1/1  mg 463 (m463dll)  coins/stars 13/0c 10/0c 10/0c 10/0c  aud 0.30 ms  203.3 fps
port> status f13380   w01dll       board 0 turn 1/1  mg 463 (m463dll)  coins/stars 13/0c 10/0c 10/0c 10/0c  aud 0.28 ms  204.2 fps
port> status f13440   w01dll       board 0 turn 1/1  mg 463 (m463dll)  coins/stars 13/0c 10/0c 10/0c 10/0c  aud 0.32 ms  187.8 fps
port> status f13500   w01dll       board 0 turn 1/1  mg 463 (m463dll)  coins/stars 13/0c 10/0c 10/0c 13/0c  aud 0.31 ms  192.1 fps
port> status f13560   w01dll       board 0 turn 1/1  mg 463 (m463dll)  coins/stars 13/0c 10/0c 10/0c 13/0c  aud 0.24 ms  197.8 fps
port> status f13620   w01dll       board 0 turn 1/1  mg 463 (m463dll)  coins/stars 13/0c 10/0c 10/0c 13/0c  aud 0.24 ms  211.3 fps
port> status f13680   w01dll       board 0 turn 1/1  mg 463 (m463dll)  coins/stars 13/0c 10/0c 10/0c 13/0c  aud 0.27 ms  194.2 fps
port> status f13740   w01dll       board 0 turn 1/1  mg 463 (m463dll)  coins/stars 13/0c 10/0c 10/0c 13/0c  aud 0.33 ms  198.9 fps
port> status f13800   w01dll       board 0 turn 1/1  mg 463 (m463dll)  coins/stars 13/0c 10/0c 10/0c 13/0c  aud 0.31 ms  193.1 fps
port> status f13860   w01dll       board 0 turn 1/1  mg 463 (m463dll)  coins/stars 13/0c 10/0c 10/0c 13/0c  aud 0.35 ms  195.0 fps
port> status f13920   w01dll       board 0 turn 1/1  mg 463 (m463dll)  coins/stars 13/0c 10/0c 10/0c 13/0c  aud 0.29 ms  197.2 fps
port> loader: roulette dealt mg 422 (m422dll) at frame 13953 -- prefetching its module and data
port> status f13980   w01dll       board 0 turn 1/1  mg 463 (m463dll)  coins/stars 13/0c 10/0c 10/0c 13/0c  aud 0.27 ms  193.5 fps
port> ffto: reached frame 14000 in 57.1 s (13997 frames, 245.1 fps, drawing back on at frame 13999)
port> lazy flush: off; premerge: off (max 0 vertices an object) -- both measured and off by default, PLAN.md 37
port> matrix palette: off (opt-in: --palette; PLAN.md 33.2)
port> stall: frame 13999 took 391 ms (game 18 gx 372 present 1 aud 0) tex: 125 decoded (968 KB -> 5716 KB) dec 76 up 57 hash 4 ms, 0 re-keyed; staged 0 (0 ms saved) claimed 0 unstaged 0; frees 0, dll 0 ms
port> status f14040   w01dll       board 0 turn 1/1  mg 463 (m463dll)  coins/stars 13/0c 10/0c 10/0c 13/0c  aud 0.30 ms  speed 66%  6.6 fps presented  tex 126/9453 KB  rss 205 MB  res 112/256 MB  cpu 2  rt 16.8 ms dec 5.1+0.0  machine ok  ur 20
port> status f14100   w01dll       board 0 turn 1/1  mg 463 (m463dll)  coins/stars 13/0c 10/0c 10/0c 13/0c  aud 0.29 ms  speed 110%  28.6 fps presented  tex 126/9453 KB  rss 205 MB  res 112/256 MB  cpu 2  rt 15.0 ms dec 4.9+0.0  machine ok  ur 20
port> dvdheap: 1529578 bytes mode 0 num 0  caller 0xf140  caller2 0x70e94
Rest Memory 40a8e0
port> roulette: frame 14140 dealt mg 422 (m422dll, type 1)  -- overridden by --minigame
objman>Call New Ovl 3(1)
OvlKill 1
objdll>omDLLNumEnd 89 1
Search:dll/w01dll.rel
+++++++++++ Find0: dll/w01dll.rel
objdll>omDLLEnd 0 1
objdll>End DLL:dll/w01dll.rel
odjdll>Unlink DLL:dll/w01dll.rel
objdll>Unlink DLL epilog
objdll>Unlink DLL epilog finish
objdll>End DLL finish
port> frame 14135: overlay -1 (next 3) event 0
objman>Destory ObjMan
++++++++++++++++++++ Start New OVL 3 (EVT:0 STAT:0x00000000) ++++++++++++++++++
======== HuMem heap dump 03b9c018 ========
MCB-----+Size----+MG+FL+Prev----+Next----+UNum----+Body----+Call----
03b9c018 0000a020 a5 01 03c8f178 03ba6038 ffffff00 03b9c038 000087e0
03ba6038 000041c0 a5 01 03b9c018 03baa1f8 ffffff00 03ba6058 0003c474
03baa1f8 00016c80 cd 00 03ba6038 03bc0e78 ffffff00 03baa218 0003cda8
03bc0e78 00000260 a5 01 03baa1f8 03bc10d8 ffffff00 03bc0e98 00008ff4
03bc10d8 00000260 a5 01 03bc0e78 03bc1338 ffffff00 03bc10f8 00008ff4
03bc1338 000002c0 a5 01 03bc10d8 03bc15f8 ffffff00 03bc1358 00008ff4
03bc15f8 00000240 cd 00 03bc1338 03bc1838 10000000 03bc1618 0007dc50
03bc1838 00000100 a5 01 03bc15f8 03bc1938 ffffff00 03bc1858 000374f8
03bc1938 00000400 a5 01 03bc1838 03bc1d38 ffffff00 03bc1958 00037548
03bc1d38 00000400 a5 01 03bc1938 03bc2138 ffffff00 03bc1d58 00037594
03bc2138 00000060 a5 01 03bc1d38 03bc2198 ffffff00 03bc2158 000375e0
03bc2198 00000040 a5 01 03bc2138 03bc21d8 ffffff00 03bc21b8 0003762c
03bc21d8 000befc0 cd 00 03bc2198 03c81198 ffffff00 03bc21f8 0003cda8
03c81198 00002100 a5 01 03bc21d8 03c83298 ffffff00 03c811b8 00008ff4
03c83298 00000f80 a5 01 03c81198 03c84218 ffffff00 03c832b8 00008ff4
03c84218 000041c0 a5 01 03c83298 03c883d8 ffffff00 03c84238 00008ff4
03c883d8 000041c0 a5 01 03c84218 03c8c598 ffffff00 03c883f8 00008ff4
03c8c598 00002be0 a5 01 03c883d8 03c8f178 ffffff00 03c8c5b8 00008ff4
03c8f178 0014cea0 cd 00 03c8c598 03b9c018 ffffff00 03c8f198 0003cda8
MCB:19(15/4) MEM:00240000(0001d2e0/00222d20)
======== HuMem heap dump 03b9c018 end =====
======== HuMem heap dump 03f1c030 ========
MCB-----+Size----+MG+FL+Prev----+Next----+UNum----+Body----+Call----
03f1c030 00a80000 cd 00 03f1c030 03f1c030 10000000 03f1c050 00027f8c
MCB:1(0/1) MEM:00a80000(00000000/00a80000)
======== HuMem heap dump 03f1c030 end =====
======== HuMem heap dump 0499c03c ========
MCB-----+Size----+MG+FL+Prev----+Next----+UNum----+Body----+Call----
0499c03c 00175720 a5 01 04b1175c 04b1175c ffffff00 0499c05c 00010a38
04b1175c 0040a8e0 cd 00 0499c03c 0499c03c bdbe92cf 04b1177c 00010a38
MCB:2(1/1) MEM:00580000(00175720/0040a8e0)
======== HuMem heap dump 0499c03c end =====
objman>Used Memory Size:0001d2e0
objman>Used Memory Cnt:15
objman>Init esp
objman>Call objectsetup
DLLStart 3 0
Search:dll/instdll.rel
objdll>Link DLL:dll/instdll.rel
Rest Memory 40a8e0
===== DLL Module Info dump ====
                   ID:0x00000001
             LinkPrev:0x00000000
             LinkNext:0x00000000
          Section num:15
Section info tbl ofst:0x00000048
           nameOffset:0x00000000
             nameSize:47
              version:0x00000002
===============================
==== DLL Module Header dump ====
          bss Size:0x00000064
        rel Offset:0x00006aa8
        imp Offset:0x0000ad98
    prolog Section:1
    epilog Section:1
unresolved Section:0
       prolog func:0x00000000
       epilog func:0x00000054
   unresolved func:0x00000000
================================
objdll>LinkOK 03baa578 30200000
objdll> dll/instdll.rel prolog start
******* INST ObjectSetup *********
objman>InitObjMan start
objman>InitObjMan end
0
GroupSet 78
***********GroupSet Error 0
Rest Memory 3c3e80
objdll> dll/instdll.rel prolog end
objman>ObjectSetup end
port> frame 14136: overlay 3 (next -1) event 0
DLL DBG OUT
data num 890000
Rest Memory 3a9d80
ARAM data num 120006
data num 190000
Rest Memory 3b2000
data num 6c0000
Rest Memory 392340
data num 5e0000
Rest Memory 3ad3c0
port> stall: frame 14137 took 111 ms (game 111 gx 0 present 0 aud 0) [consumed] tex: 0 decoded (0 KB -> 0 KB) dec 0 up 0 hash 0 ms, 0 re-keyed; staged 0 (0 ms saved) claimed 0 unstaged 0; frees 38, dll 0 ms
port> stall: frame 14142 took 168 ms (game 10 gx 158 present 0 aud 0) tex: 51 decoded (855 KB -> 3654 KB) dec 62 up 14 hash 4 ms, 4 re-keyed; staged 0 (0 ms saved) claimed 0 unstaged 0; frees 0, dll 0 ms
port> status f14160   instdll      board 0 turn 1/1  mg 463 (m463dll)  coins/stars 13/0c 10/0c 10/0c 13/0c  aud 0.19 ms  speed 92%  22.1 fps presented  tex 178/15416 KB  rss 211 MB  res 112/256 MB  cpu 2  rt 12.4 ms dec 1.4+0.0  machine ok  ur 20
#########SE Entry Error<SE 1211:ErrorNo -33>
port> status f14220   instdll      board 0 turn 1/1  mg 463 (m463dll)  coins/stars 13/0c 10/0c 10/0c 13/0c  aud 0.01 ms  speed 110%  30.7 fps presented  tex 178/15416 KB  rss 212 MB  res 112/256 MB  cpu 2  rt 6.4 ms dec 4.3+0.0  machine ok  ur 20
#########SE Entry Error<SE 1212:ErrorNo -33>
port> status f14280   instdll      board 0 turn 1/1  mg 463 (m463dll)  coins/stars 13/0c 10/0c 10/0c 13/0c  aud 0.02 ms  speed 100%  29.0 fps presented  tex 183/16456 KB  rss 215 MB  res 112/256 MB  cpu 2  rt 8.8 ms dec 4.4+0.0  machine ok  ur 20
Rest Memory 4d4fa0
port> status f14340   instdll      board 0 turn 1/1  mg 463 (m463dll)  coins/stars 13/0c 10/0c 10/0c 13/0c  aud 0.05 ms  speed 100%  30.0 fps presented  tex 184/16460 KB  rss 215 MB  res 112/256 MB  cpu 2  rt 7.3 ms dec 4.8+0.0  machine ok  ur 20
port> status f14400   instdll      board 0 turn 1/1  mg 463 (m463dll)  coins/stars 13/0c 10/0c 10/0c 13/0c  aud 0.04 ms  speed 100%  30.0 fps presented  tex 184/16460 KB  rss 215 MB  res 112/256 MB  cpu 2  rt 6.8 ms dec 4.5+0.0  machine ok  ur 20
#########SE Entry Error<SE 1210:ErrorNo -33>
port> status f14460   instdll      board 0 turn 1/1  mg 463 (m463dll)  coins/stars 13/0c 10/0c 10/0c 13/0c  aud 0.06 ms  speed 100%  30.0 fps presented  tex 184/16460 KB  rss 216 MB  res 112/256 MB  cpu 2  rt 6.1 ms dec 4.6+0.0  machine ok  ur 20
objman>Call New Ovl 69(1)
OvlKill 1
objdll>omDLLNumEnd 3 1
Search:dll/instdll.rel
+++++++++++ Find0: dll/instdll.rel
objdll>omDLLEnd 0 1
objdll>End DLL:dll/instdll.rel
odjdll>Unlink DLL:dll/instdll.rel
objdll>Unlink DLL epilog
objdll>Unlink DLL epilog finish
objdll>End DLL finish
port> frame 14470: overlay -1 (next 69) event 0
objman>Destory ObjMan
++++++++++++++++++++ Start New OVL 69 (EVT:0 STAT:0x00000000) ++++++++++++++++++
======== HuMem heap dump 03b9c018 ========
MCB-----+Size----+MG+FL+Prev----+Next----+UNum----+Body----+Call----
03b9c018 0000a020 a5 01 03c8f178 03ba6038 ffffff00 03b9c038 000087e0
03ba6038 000041c0 a5 01 03b9c018 03baa1f8 ffffff00 03ba6058 0003c474
03baa1f8 00016c80 cd 00 03ba6038 03bc0e78 ffffff00 03baa218 0003cda8
03bc0e78 00000260 a5 01 03baa1f8 03bc10d8 ffffff00 03bc0e98 00008ff4
03bc10d8 00000260 a5 01 03bc0e78 03bc1338 ffffff00 03bc10f8 00008ff4
03bc1338 000002c0 a5 01 03bc10d8 03bc15f8 ffffff00 03bc1358 00008ff4
03bc15f8 00000240 cd 00 03bc1338 03bc1838 10000000 03bc1618 00044578
03bc1838 00000100 a5 01 03bc15f8 03bc1938 ffffff00 03bc1858 000374f8
03bc1938 00000400 a5 01 03bc1838 03bc1d38 ffffff00 03bc1958 00037548
03bc1d38 00000400 a5 01 03bc1938 03bc2138 ffffff00 03bc1d58 00037594
03bc2138 00000060 a5 01 03bc1d38 03bc2198 ffffff00 03bc2158 000375e0
03bc2198 00000040 a5 01 03bc2138 03bc21d8 ffffff00 03bc21b8 0003762c
03bc21d8 000befc0 cd 00 03bc2198 03c81198 ffffff00 03bc21f8 0003cda8
03c81198 00002100 a5 01 03bc21d8 03c83298 ffffff00 03c811b8 00008ff4
03c83298 00000f80 a5 01 03c81198 03c84218 ffffff00 03c832b8 00008ff4
03c84218 000041c0 a5 01 03c83298 03c883d8 ffffff00 03c84238 00008ff4
03c883d8 000041c0 a5 01 03c84218 03c8c598 ffffff00 03c883f8 00008ff4
03c8c598 00002be0 a5 01 03c883d8 03c8f178 ffffff00 03c8c5b8 00008ff4
03c8f178 0014cea0 cd 00 03c8c598 03b9c018 ffffff00 03c8f198 00044544
MCB:19(15/4) MEM:00240000(0001d2e0/00222d20)
======== HuMem heap dump 03b9c018 end =====
======== HuMem heap dump 03f1c030 ========
MCB-----+Size----+MG+FL+Prev----+Next----+UNum----+Body----+Call----
03f1c030 00a80000 cd 00 03f1c030 03f1c030 10000000 03f1c050 00039164
MCB:1(0/1) MEM:00a80000(00000000/00a80000)
======== HuMem heap dump 03f1c030 end =====
======== HuMem heap dump 0499c03c ========
MCB-----+Size----+MG+FL+Prev----+Next----+UNum----+Body----+Call----
0499c03c 000ab060 a5 01 04a4709c 04a4709c ffffff00 0499c05c 00010a38
04a4709c 004d4fa0 cd 00 0499c03c 0499c03c c090bfc0 04a470bc 00010a38
MCB:2(1/1) MEM:00580000(000ab060/004d4fa0)
======== HuMem heap dump 0499c03c end =====
objman>Used Memory Size:0001d2e0
objman>Used Memory Cnt:15
objman>Init esp
objman>Call objectsetup
SOUND ##########################
##########################
DLLStart 69 0
Search:dll/m463dll.rel
objdll>Link DLL:dll/m463dll.rel
Rest Memory 4d4fa0
===== DLL Module Info dump ====
                   ID:0x00000001
             LinkPrev:0x00000000
             LinkNext:0x00000000
          Section num:15
Section info tbl ofst:0x00000048
           nameOffset:0x00000000
             nameSize:47
              version:0x00000002
===============================
==== DLL Module Header dump ====
          bss Size:0x000005ac
        rel Offset:0x00006de5
        imp Offset:0x0000aa25
    prolog Section:1
    epilog Section:1
unresolved Section:0
       prolog func:0x00000000
       epilog func:0x00000054
   unresolved func:0x00000000
================================
objdll>LinkOK 03baa578 34200000
objdll> dll/m463dll.rel prolog start
******* M463 ObjectSetup *********
objman>InitObjMan start
objman>InitObjMan end
Rest Memory 48e540
objdll> dll/m463dll.rel prolog end
objman>ObjectSetup end
port> frame 14471: overlay 69 (next -1) event 0
port> mgdump: entered minigame m463dll (mg 463) at frame 14477; dumping (nothing); the run ends at 16277
DLL DBG OUT
data num 5e0001
Rest Memory 477a80
ARAM data num 120006
ARAM data num 7006b
data num 6c0001
Rest Memory 2d2180
data num 190001
Rest Memory 2f1e40
data num 890001
Rest Memory 2e9bc0
data num 840001
Rest Memory 2e1a80
Error: data none on ARAM 850000
ARAM DUMP ======================
AMemPtr  Stat Length
00808000:0001,00002aa0,00000012
0080aaa0:0001,00022fc0,00000086
0082da60:0001,00079be0,00000013
008a7640:0001,0001b0a0,00000061
008c26e0:0001,0018a860,00000007
00a4cf40:0001,0013dc60,0000005f
00b8aba0:0001,00146680,0000001a
00cd1220:0001,00133a00,0000006d
00e04c20:0001,00159180,0000008a
00f5dda0:0000,000a2260,0000ffff
ffffffff:0001,00000000
================================
data num 850000
port> dvdheap: 1279786 bytes mode 1 num 10000000  caller 0x10ec4  caller2 0xea68
Rest Memory 1a9320
Error: data none on ARAM 850005
ARAM DUMP ======================
AMemPtr  Stat Length
00808000:0001,00002aa0,00000012
0080aaa0:0001,00022fc0,00000086
0082da60:0001,00079be0,00000013
008a7640:0001,0001b0a0,00000061
008c26e0:0001,0018a860,00000007
00a4cf40:0001,0013dc60,0000005f
00b8aba0:0001,00146680,0000001a
00cd1220:0001,00133a00,0000006d
00e04c20:0001,00159180,0000008a
00f5dda0:0000,000a2260,0000ffff
ffffffff:0001,00000000
================================
Error: data none on ARAM 850006
ARAM DUMP ======================
AMemPtr  Stat Length
00808000:0001,00002aa0,00000012
0080aaa0:0001,00022fc0,00000086
0082da60:0001,00079be0,00000013
008a7640:0001,0001b0a0,00000061
008c26e0:0001,0018a860,00000007
00a4cf40:0001,0013dc60,0000005f
00b8aba0:0001,00146680,0000001a
00cd1220:0001,00133a00,0000006d
00e04c20:0001,00159180,0000008a
00f5dda0:0000,000a2260,0000ffff
ffffffff:0001,00000000
================================
Error: data none on ARAM 85002f
ARAM DUMP ======================
AMemPtr  Stat Length
00808000:0001,00002aa0,00000012
0080aaa0:0001,00022fc0,00000086
0082da60:0001,00079be0,00000013
008a7640:0001,0001b0a0,00000061
008c26e0:0001,0018a860,00000007
00a4cf40:0001,0013dc60,0000005f
00b8aba0:0001,00146680,0000001a
00cd1220:0001,00133a00,0000006d
00e04c20:0001,00159180,0000008a
00f5dda0:0000,000a2260,0000ffff
ffffffff:0001,00000000
================================
Error: data none on ARAM 85001a
ARAM DUMP ======================
AMemPtr  Stat Length
00808000:0001,00002aa0,00000012
0080aaa0:0001,00022fc0,00000086
0082da60:0001,00079be0,00000013
008a7640:0001,0001b0a0,00000061
008c26e0:0001,0018a860,00000007
00a4cf40:0001,0013dc60,0000005f
00b8aba0:0001,00146680,0000001a
00cd1220:0001,00133a00,0000006d
00e04c20:0001,00159180,0000008a
00f5dda0:0000,000a2260,0000ffff
ffffffff:0001,00000000
================================
Error: data none on ARAM 850017
ARAM DUMP ======================
AMemPtr  Stat Length
00808000:0001,00002aa0,00000012
0080aaa0:0001,00022fc0,00000086
0082da60:0001,00079be0,00000013
008a7640:0001,0001b0a0,00000061
008c26e0:0001,0018a860,00000007
00a4cf40:0001,0013dc60,0000005f
00b8aba0:0001,00146680,0000001a
00cd1220:0001,00133a00,0000006d
00e04c20:0001,00159180,0000008a
00f5dda0:0000,000a2260,0000ffff
ffffffff:0001,00000000
================================
data num 100001
Rest Memory 2dc5c0
Error: data none on ARAM 110000
ARAM DUMP ======================
AMemPtr  Stat Length
00808000:0001,00002aa0,00000012
0080aaa0:0001,00022fc0,00000086
0082da60:0001,00079be0,00000013
008a7640:0001,0001b0a0,00000061
008c26e0:0001,0018a860,00000007
00a4cf40:0001,0013dc60,0000005f
00b8aba0:0001,00146680,0000001a
00cd1220:0001,00133a00,0000006d
00e04c20:0001,00159180,0000008a
00f5dda0:0000,000a2260,0000ffff
ffffffff:0001,00000000
================================
data num 110000
port> dvdheap: 1361570 bytes mode 1 num 10000000  caller 0x10ec4  caller2 0xea68
Rest Memory 18fee0
Error: data none on ARAM 110005
ARAM DUMP ======================
AMemPtr  Stat Length
00808000:0001,00002aa0,00000012
0080aaa0:0001,00022fc0,00000086
0082da60:0001,00079be0,00000013
008a7640:0001,0001b0a0,00000061
008c26e0:0001,0018a860,00000007
00a4cf40:0001,0013dc60,0000005f
00b8aba0:0001,00146680,0000001a
00cd1220:0001,00133a00,0000006d
00e04c20:0001,00159180,0000008a
00f5dda0:0000,000a2260,0000ffff
ffffffff:0001,00000000
================================
Error: data none on ARAM 110006
ARAM DUMP ======================
AMemPtr  Stat Length
00808000:0001,00002aa0,00000012
0080aaa0:0001,00022fc0,00000086
0082da60:0001,00079be0,00000013
008a7640:0001,0001b0a0,00000061
008c26e0:0001,0018a860,00000007
00a4cf40:0001,0013dc60,0000005f
00b8aba0:0001,00146680,0000001a
00cd1220:0001,00133a00,0000006d
00e04c20:0001,00159180,0000008a
00f5dda0:0000,000a2260,0000ffff
ffffffff:0001,00000000
================================
Error: data none on ARAM 11002f
ARAM DUMP ======================
AMemPtr  Stat Length
00808000:0001,00002aa0,00000012
0080aaa0:0001,00022fc0,00000086
0082da60:0001,00079be0,00000013
008a7640:0001,0001b0a0,00000061
008c26e0:0001,0018a860,00000007
00a4cf40:0001,0013dc60,0000005f
00b8aba0:0001,00146680,0000001a
00cd1220:0001,00133a00,0000006d
00e04c20:0001,00159180,0000008a
00f5dda0:0000,000a2260,0000ffff
ffffffff:0001,00000000
================================
Error: data none on ARAM 11001a
ARAM DUMP ======================
AMemPtr  Stat Length
00808000:0001,00002aa0,00000012
0080aaa0:0001,00022fc0,00000086
0082da60:0001,00079be0,00000013
008a7640:0001,0001b0a0,00000061
008c26e0:0001,0018a860,00000007
00a4cf40:0001,0013dc60,0000005f
00b8aba0:0001,00146680,0000001a
00cd1220:0001,00133a00,0000006d
00e04c20:0001,00159180,0000008a
00f5dda0:0000,000a2260,0000ffff
ffffffff:0001,00000000
================================
Error: data none on ARAM 110017
ARAM DUMP ======================
AMemPtr  Stat Length
00808000:0001,00002aa0,00000012
0080aaa0:0001,00022fc0,00000086
0082da60:0001,00079be0,00000013
008a7640:0001,0001b0a0,00000061
008c26e0:0001,0018a860,00000007
00a4cf40:0001,0013dc60,0000005f
00b8aba0:0001,00146680,0000001a
00cd1220:0001,00133a00,0000006d
00e04c20:0001,00159180,0000008a
00f5dda0:0000,000a2260,0000ffff
ffffffff:0001,00000000
================================
data num c0001
Rest Memory 2d2560
Error: data none on ARAM d0000
ARAM DUMP ======================
AMemPtr  Stat Length
00808000:0001,00002aa0,00000012
0080aaa0:0001,00022fc0,00000086
0082da60:0001,00079be0,00000013
008a7640:0001,0001b0a0,00000061
008c26e0:0001,0018a860,00000007
00a4cf40:0001,0013dc60,0000005f
00b8aba0:0001,00146680,0000001a
00cd1220:0001,00133a00,0000006d
00e04c20:0001,00159180,0000008a
00f5dda0:0000,000a2260,0000ffff
ffffffff:0001,00000000
================================
data num d0000
port> dvdheap: 1244588 bytes mode 1 num 10000000  caller 0x10ec4  caller2 0xea68
Rest Memory 1a2780
Error: data none on ARAM d0005
ARAM DUMP ======================
AMemPtr  Stat Length
00808000:0001,00002aa0,00000012
0080aaa0:0001,00022fc0,00000086
0082da60:0001,00079be0,00000013
008a7640:0001,0001b0a0,00000061
008c26e0:0001,0018a860,00000007
00a4cf40:0001,0013dc60,0000005f
00b8aba0:0001,00146680,0000001a
00cd1220:0001,00133a00,0000006d
00e04c20:0001,00159180,0000008a
00f5dda0:0000,000a2260,0000ffff
ffffffff:0001,00000000
================================
Error: data none on ARAM d0006
ARAM DUMP ======================
AMemPtr  Stat Length
00808000:0001,00002aa0,00000012
0080aaa0:0001,00022fc0,00000086
0082da60:0001,00079be0,00000013
008a7640:0001,0001b0a0,00000061
008c26e0:0001,0018a860,00000007
00a4cf40:0001,0013dc60,0000005f
00b8aba0:0001,00146680,0000001a
00cd1220:0001,00133a00,0000006d
00e04c20:0001,00159180,0000008a
00f5dda0:0000,000a2260,0000ffff
ffffffff:0001,00000000
================================
Error: data none on ARAM d002f
ARAM DUMP ======================
AMemPtr  Stat Length
00808000:0001,00002aa0,00000012
0080aaa0:0001,00022fc0,00000086
0082da60:0001,00079be0,00000013
008a7640:0001,0001b0a0,00000061
008c26e0:0001,0018a860,00000007
00a4cf40:0001,0013dc60,0000005f
00b8aba0:0001,00146680,0000001a
00cd1220:0001,00133a00,0000006d
00e04c20:0001,00159180,0000008a
00f5dda0:0000,000a2260,0000ffff
ffffffff:0001,00000000
================================
Error: data none on ARAM d001a
ARAM DUMP ======================
AMemPtr  Stat Length
00808000:0001,00002aa0,00000012
0080aaa0:0001,00022fc0,00000086
0082da60:0001,00079be0,00000013
008a7640:0001,0001b0a0,00000061
008c26e0:0001,0018a860,00000007
00a4cf40:0001,0013dc60,0000005f
00b8aba0:0001,00146680,0000001a
00cd1220:0001,00133a00,0000006d
00e04c20:0001,00159180,0000008a
00f5dda0:0000,000a2260,0000ffff
ffffffff:0001,00000000
================================
Error: data none on ARAM d0017
ARAM DUMP ======================
AMemPtr  Stat Length
00808000:0001,00002aa0,00000012
0080aaa0:0001,00022fc0,00000086
0082da60:0001,00079be0,00000013
008a7640:0001,0001b0a0,00000061
008c26e0:0001,0018a860,00000007
00a4cf40:0001,0013dc60,0000005f
00b8aba0:0001,00146680,0000001a
00cd1220:0001,00133a00,0000006d
00e04c20:0001,00159180,0000008a
00f5dda0:0000,000a2260,0000ffff
ffffffff:0001,00000000
================================
data num 800001
Rest Memory 2e5260
Error: data none on ARAM 810000
ARAM DUMP ======================
AMemPtr  Stat Length
00808000:0001,00002aa0,00000012
0080aaa0:0001,00022fc0,00000086
0082da60:0001,00079be0,00000013
008a7640:0001,0001b0a0,00000061
008c26e0:0001,0018a860,00000007
00a4cf40:0001,0013dc60,0000005f
00b8aba0:0001,00146680,0000001a
00cd1220:0001,00133a00,0000006d
00e04c20:0001,00159180,0000008a
00f5dda0:0000,000a2260,0000ffff
ffffffff:0001,00000000
================================
data num 810000
port> dvdheap: 1241678 bytes mode 1 num 10000000  caller 0x10ec4  caller2 0xea68
Rest Memory 1b5fe0
Error: data none on ARAM 810005
ARAM DUMP ======================
AMemPtr  Stat Length
00808000:0001,00002aa0,00000012
0080aaa0:0001,00022fc0,00000086
0082da60:0001,00079be0,00000013
008a7640:0001,0001b0a0,00000061
008c26e0:0001,0018a860,00000007
00a4cf40:0001,0013dc60,0000005f
00b8aba0:0001,00146680,0000001a
00cd1220:0001,00133a00,0000006d
00e04c20:0001,00159180,0000008a
00f5dda0:0000,000a2260,0000ffff
ffffffff:0001,00000000
================================
Error: data none on ARAM 810006
ARAM DUMP ======================
AMemPtr  Stat Length
00808000:0001,00002aa0,00000012
0080aaa0:0001,00022fc0,00000086
0082da60:0001,00079be0,00000013
008a7640:0001,0001b0a0,00000061
008c26e0:0001,0018a860,00000007
00a4cf40:0001,0013dc60,0000005f
00b8aba0:0001,00146680,0000001a
00cd1220:0001,00133a00,0000006d
00e04c20:0001,00159180,0000008a
00f5dda0:0000,000a2260,0000ffff
ffffffff:0001,00000000
================================
Error: data none on ARAM 81002f
ARAM DUMP ======================
AMemPtr  Stat Length
00808000:0001,00002aa0,00000012
0080aaa0:0001,00022fc0,00000086
0082da60:0001,00079be0,00000013
008a7640:0001,0001b0a0,00000061
008c26e0:0001,0018a860,00000007
00a4cf40:0001,0013dc60,0000005f
00b8aba0:0001,00146680,0000001a
00cd1220:0001,00133a00,0000006d
00e04c20:0001,00159180,0000008a
00f5dda0:0000,000a2260,0000ffff
ffffffff:0001,00000000
================================
Error: data none on ARAM 81001a
ARAM DUMP ======================
AMemPtr  Stat Length
00808000:0001,00002aa0,00000012
0080aaa0:0001,00022fc0,00000086
0082da60:0001,00079be0,00000013
008a7640:0001,0001b0a0,00000061
008c26e0:0001,0018a860,00000007
00a4cf40:0001,0013dc60,0000005f
00b8aba0:0001,00146680,0000001a
00cd1220:0001,00133a00,0000006d
00e04c20:0001,00159180,0000008a
00f5dda0:0000,000a2260,0000ffff
ffffffff:0001,00000000
================================
Error: data none on ARAM 810017
ARAM DUMP ======================
AMemPtr  Stat Length
00808000:0001,00002aa0,00000012
0080aaa0:0001,00022fc0,00000086
0082da60:0001,00079be0,00000013
008a7640:0001,0001b0a0,00000061
008c26e0:0001,0018a860,00000007
00a4cf40:0001,0013dc60,0000005f
00b8aba0:0001,00146680,0000001a
00cd1220:0001,00133a00,0000006d
00e04c20:0001,00159180,0000008a
00f5dda0:0000,000a2260,0000ffff
ffffffff:0001,00000000
================================
data num 30007
Rest Memory 2c1d80
port> stall: frame 14472 took 496 ms (game 418 gx 77 present 0 aud 0) tex: 38 decoded (980 KB -> 1988 KB) dec 27 up 6 hash 4 ms, 0 re-keyed; staged 0 (0 ms saved) claimed 0 unstaged 0; frees 82, dll 0 ms
port> status f14520   m463dll      board 0 turn 1/1  mg 463 (m463dll)  coins/stars 13/0c 10/0c 10/0c 13/0c  aud 0.03 ms  speed 100%  19.0 fps presented  tex 223/20096 KB  rss 219 MB  res 112/256 MB  cpu 2  rt 4.3 ms dec 1.0+0.0  machine ok  ur 20
port> status f14580   m463dll      board 0 turn 1/1  mg 463 (m463dll)  coins/stars 13/0c 10/0c 10/0c 13/0c  aud 0.05 ms  speed 100%  30.0 fps presented  tex 235/20645 KB  rss 220 MB  res 112/256 MB  cpu 2  rt 8.9 ms dec 5.6+0.0  machine ok  ur 20
port> status f14640   m463dll      board 0 turn 1/1  mg 463 (m463dll)  coins/stars 13/0c 10/0c 10/0c 13/0c  aud 0.07 ms  speed 100%  30.0 fps presented  tex 241/20741 KB  rss 220 MB  res 112/256 MB  cpu 2  rt 9.8 ms dec 4.8+0.0  machine ok  ur 20
port> status f14700   m463dll      board 0 turn 1/1  mg 463 (m463dll)  coins/stars 13/0c 10/0c 10/0c 13/0c  aud 0.06 ms  speed 100%  30.0 fps presented  tex 241/20741 KB  rss 220 MB  res 112/256 MB  cpu 2  rt 9.9 ms dec 4.9+0.0  machine ok  ur 20
port> status f14760   m463dll      board 0 turn 1/1  mg 463 (m463dll)  coins/stars 13/0c 10/0c 10/0c 13/0c  aud 0.17 ms  speed 100%  30.0 fps presented  tex 241/20741 KB  rss 220 MB  res 112/256 MB  cpu 2  rt 10.3 ms dec 5.2+0.0  machine ok  ur 20
port> status f14820   m463dll      board 0 turn 1/1  mg 463 (m463dll)  coins/stars 13/0c 10/0c 10/0c 13/0c  aud 0.21 ms  speed 100%  30.0 fps presented  tex 246/20877 KB  rss 220 MB  res 112/256 MB  cpu 2  rt 18.4 ms dec 6.0+0.0  machine ok  ur 20
port> status f14880   m463dll      board 0 turn 1/1  mg 463 (m463dll)  coins/stars 13/0c 10/0c 10/0c 13/0c  aud 0.27 ms  speed 99%  28.7 fps presented  tex 246/20877 KB  rss 221 MB  res 112/256 MB  cpu 2  rt 10.4 ms dec 5.0+0.0  machine ok  ur 20
port> status f14940   m463dll      board 0 turn 1/1  mg 463 (m463dll)  coins/stars 13/0c 10/0c 10/0c 13/0c  aud 0.29 ms  speed 101%  30.3 fps presented  tex 246/20877 KB  rss 221 MB  res 112/256 MB  cpu 2  rt 9.9 ms dec 6.1+0.0  machine ok  ur 20
port> status f15000   m463dll      board 0 turn 1/1  mg 463 (m463dll)  coins/stars 13/0c 10/0c 10/0c 13/0c  aud 0.24 ms  speed 100%  30.0 fps presented  tex 246/20877 KB  rss 221 MB  res 112/256 MB  cpu 2  rt 9.3 ms dec 5.0+0.0  machine ok  ur 20
port> status f15060   m463dll      board 0 turn 1/1  mg 463 (m463dll)  coins/stars 13/0c 10/0c 10/0c 13/0c  aud 0.21 ms  speed 100%  30.0 fps presented  tex 246/20877 KB  rss 221 MB  res 112/256 MB  cpu 2  rt 9.5 ms dec 5.0+0.0  machine ok  ur 20
port> status f15120   m463dll      board 0 turn 1/1  mg 463 (m463dll)  coins/stars 13/0c 10/0c 10/0c 13/0c  aud 0.28 ms  speed 95%  28.6 fps presented  tex 268/21869 KB  rss 222 MB  res 112/256 MB  cpu 2  rt 10.0 ms dec 4.8+0.0  machine ok  ur 20
#########SE Entry Error<SE 653:ErrorNo -33>
#########SE Entry Error<SE 525:ErrorNo -33>
#########SE Entry Error<SE 589:ErrorNo -33>
#########SE Entry Error<SE 717:ErrorNo -33>
#########SE Entry Error<SE 525:ErrorNo -33>
port> status f15180   m463dll      board 0 turn 1/1  mg 463 (m463dll)  coins/stars 13/0c 10/0c 10/0c 13/0c  aud 0.27 ms  speed 104%  26.0 fps presented  tex 268/21869 KB  rss 223 MB  res 112/256 MB  cpu 2  rt 18.5 ms dec 9.8+3.5  machine ok  ur 20
port> status f15240   m463dll      board 0 turn 1/1  mg 463 (m463dll)  coins/stars 13/0c 10/0c 10/0c 13/0c  aud 0.26 ms  speed 101%  30.3 fps presented  tex 268/21869 KB  rss 223 MB  res 112/256 MB  cpu 2  rt 18.8 ms dec 11.0+0.0  machine ok  ur 20
port> status f15300   m463dll      board 0 turn 1/1  mg 463 (m463dll)  coins/stars 13/0c 10/0c 10/0c 13/0c  aud 0.21 ms  speed 98%  28.3 fps presented  tex 268/21869 KB  rss 223 MB  res 112/256 MB  cpu 2  rt 18.5 ms dec 13.7+0.0  machine ok  ur 20
port> status f15360   m463dll      board 0 turn 1/1  mg 463 (m463dll)  coins/stars 13/0c 10/0c 10/0c 13/0c  aud 0.32 ms  speed 101%  23.3 fps presented  tex 321/22717 KB  rss 225 MB  res 112/256 MB  cpu 2  rt 20.7 ms dec 12.0+0.0  machine ok  ur 20
#########SE Entry Error<SE 2037:ErrorNo -33>
#########SE Entry Error<SE 2037:ErrorNo -33>
#########SE Entry Error<SE 2037:ErrorNo -33>
#########SE Entry Error<SE 2037:ErrorNo -33>
port> status f15420   m463dll      board 0 turn 1/1  mg 463 (m463dll)  coins/stars 13/0c 10/0c 10/0c 13/0c  aud 0.28 ms  speed 100%  25.0 fps presented  tex 328/22814 KB  rss 225 MB  res 112/256 MB  cpu 2  rt 20.8 ms dec 11.0+0.0  machine ok  ur 20
port> status f15480   m463dll      board 0 turn 1/1  mg 463 (m463dll)  coins/stars 13/0c 10/0c 10/0c 13/0c  aud 0.27 ms  speed 99%  26.7 fps presented  tex 328/22814 KB  rss 225 MB  res 112/256 MB  cpu 2  rt 18.2 ms dec 12.1+0.0  machine ok  ur 20
port> status f15540   m463dll      board 0 turn 1/1  mg 463 (m463dll)  coins/stars 13/0c 10/0c 10/0c 13/0c  aud 0.35 ms  speed 102%  27.4 fps presented  tex 328/22814 KB  rss 225 MB  res 112/256 MB  cpu 2  rt 21.1 ms dec 12.3+0.0  machine ok  ur 20
port> status f15600   m463dll      board 0 turn 1/1  mg 463 (m463dll)  coins/stars 13/0c 10/0c 10/0c 13/0c  aud 0.29 ms  speed 101%  27.2 fps presented  tex 328/22814 KB  rss 226 MB  res 112/256 MB  cpu 2  rt 17.9 ms dec 11.0+0.0  machine ok  ur 20
port> status f15660   m463dll      board 0 turn 1/1  mg 463 (m463dll)  coins/stars 13/0c 10/0c 10/0c 13/0c  aud 0.41 ms  speed 99%  26.8 fps presented  tex 329/22830 KB  rss 226 MB  res 112/256 MB  cpu 2  rt 18.8 ms dec 8.0+3.9  machine ok  ur 20
port> status f15720   m463dll      board 0 turn 1/1  mg 463 (m463dll)  coins/stars 13/0c 10/0c 10/0c 13/0c  aud 0.35 ms  speed 100%  27.0 fps presented  tex 330/22846 KB  rss 226 MB  res 112/256 MB  cpu 2  rt 19.6 ms dec 11.2+0.0  machine ok  ur 20
port> status f15780   m463dll      board 0 turn 1/1  mg 463 (m463dll)  coins/stars 13/0c 10/0c 10/0c 13/0c  aud 0.49 ms  speed 99%  17.9 fps presented  tex 330/22846 KB  rss 226 MB  res 112/256 MB  cpu 2  rt 29.7 ms dec 11.7+0.0  machine ok  ur 20
port> status f15840   m463dll      board 0 turn 1/1  mg 463 (m463dll)  coins/stars 13/0c 10/0c 10/0c 13/0c  aud 0.30 ms  speed 101%  19.2 fps presented  tex 330/22846 KB  rss 226 MB  res 112/256 MB  cpu 2  rt 35.0 ms dec 14.3+0.0  machine ok  ur 20
port> status f15900   m463dll      board 0 turn 1/1  mg 463 (m463dll)  coins/stars 13/0c 10/0c 10/0c 13/0c  aud 0.30 ms  speed 99%  21.7 fps presented  tex 330/22846 KB  rss 226 MB  res 112/256 MB  cpu 2  rt 20.3 ms dec 12.6+0.0  machine ok  ur 20
port> status f15960   m463dll      board 0 turn 1/1  mg 463 (m463dll)  coins/stars 13/0c 10/0c 10/0c 13/0c  aud 0.33 ms  speed 101%  28.4 fps presented  tex 330/22846 KB  rss 226 MB  res 112/256 MB  cpu 2  rt 12.7 ms dec 7.5+0.0  machine ok  ur 20
port> status f16020   m463dll      board 0 turn 1/1  mg 463 (m463dll)  coins/stars 13/0c 10/0c 10/0c 13/0c  aud 0.32 ms  speed 100%  30.0 fps presented  tex 332/22878 KB  rss 227 MB  res 112/256 MB  cpu 2  rt 12.6 ms dec 6.5+0.0  machine ok  ur 20
port> status f16080   m463dll      board 0 turn 1/1  mg 463 (m463dll)  coins/stars 13/0c 10/0c 10/0c 13/0c  aud 0.32 ms  speed 100%  30.0 fps presented  tex 332/22878 KB  rss 227 MB  res 112/256 MB  cpu 2  rt 12.3 ms dec 6.7+0.0  machine ok  ur 20
port> status f16140   m463dll      board 0 turn 1/1  mg 463 (m463dll)  coins/stars 13/0c 10/0c 10/0c 13/0c  aud 0.31 ms  speed 100%  30.0 fps presented  tex 332/22878 KB  rss 227 MB  res 112/256 MB  cpu 2  rt 12.1 ms dec 6.6+0.0  machine ok  ur 20
port> status f16200   m463dll      board 0 turn 1/1  mg 463 (m463dll)  coins/stars 13/0c 10/0c 10/0c 13/0c  aud 0.31 ms  speed 100%  30.0 fps presented  tex 332/22878 KB  rss 227 MB  res 112/256 MB  cpu 2  rt 10.5 ms dec 6.6+0.0  machine ok  ur 20
port> status f16260   m463dll      board 0 turn 1/1  mg 463 (m463dll)  coins/stars 13/0c 10/0c 10/0c 13/0c  aud 0.39 ms  speed 100%  29.0 fps presented  tex 332/22878 KB  rss 227 MB  res 112/256 MB  cpu 2  rt 12.5 ms dec 6.8+0.0  machine ok  ur 20

port> --frames 16277 reached: 16277 retraces in 94.76 s wall (game clock 271.55 s)
port> tev: konst collision (two constants in one stage): 0 of 10993 draws carry one, in 0 distinct configs (PLAN.md 31.4)
port> tev: 39 hilite stage emissions folded into the specular colour sum (PLAN.md 36)
port> tev: 316 unit emissions of the M22 register shapes (the mask/reflect triple, the lerp-by-konst pair; 0 tinted pairs had the tint dropped, 0 drawn tinted with K_c = 1, M23) (PLAN.md 37)
port> tev: 2610 unit emissions through the register rewrite (PLAN.md 31.3), 0 stage emissions still folding a register write to PREV
port> --perfdump: 16276 frames written to /Users/zach/m48/A-m463-@cd5-3.csv

---- --perf: 16276 frames ----
  game     mean   4.35  median   4.21  p95   7.98  worst 417.60 ms
  gx       mean   0.54  median   0.07  p95   3.84  worst 371.83 ms
  present  mean   0.04  median   0.00  p95   0.33  worst  90.60 ms
  aud      mean   0.22  median   0.24  p95   0.41  worst   3.81 ms
  frame    mean   5.15  median   4.53  p95  12.13  worst 495.52 ms
  budget   16.68 ms/frame at 59.94 Hz; 459 of 16276 frames over it (2.8%)
  clocks   game 271.54 s vs wall 95.12 s -- ratio 0.350  (keeping up)
  fps      171.1 effective

---- --realtime: 2273 paced retraces ----
  clocks   game 37.92 s vs wall 38.34 s -- speed 98.9%
  present  1033 drawn of 2273 (54.6% skipped), 26.9 presented fps, 18 forced by the skip cap, 0 by --dumpframe
  late     worst 478.8 ms behind the schedule; 0 resync(s) dropping 0.00 s of game time
  rt       17 frame(s) consumed because the render thread was still busy past --rtgate 4 ms

port> MusyX: 54297 frames of 160 samples mixed (271.49 s of audio) over 16273 retraces
port> audio: first sound at retrace 726; Dolphin's own DSP dump of the same boot starts at 10.95 s = retrace ~656
port> musyx_mix: 54297 frames mixed, 12166 voices started, 8715 voices ended, peak |sample| 32767 (near full scale), 0 clamped ARAM reads, 27 max concurrent voices (of 50 allocated)
port> musyx_mix: resampler linear, depop on; 4951 voice(s) cut mid-frame
port> musyx_mix: 926 start(s) refused by start_voice_init (a zero-length one-shot, an envelope done at once, an unreadable sample); the slot's entry cleared on both halves (M25)
port> musyx_mix: --perf: mean 347.6 us/frame, worst 3263.0 us/frame, over 54297 timed frames
port> musyx_mix: split frames: 54297 control halves on the game thread, 54297 value halves (18873 ms), 16285 joins, 0 position mismatches
port> audio: M24 mixer job: 16273 ticks split (162891 steps), 0 ticks fused for a MEM1/vsample voice, 0 poisoned mid-tick, 0 out of pool, 0 jobs run at submit, 22 jobs finished mid-tick (ARAM writes)
port> musyx_aram: samples stored 688 (10729 KB), removed 188, refused 0
port> musyx_aram: region=[0x000000,0x800000) (8388608 bytes) zero_buf=[0x000000,0x000500) initialized=1
port> musyx_aram: sample heap write=0x678900 high_water=0x6de860 (7201632 bytes at peak), stream cursor=0x7ee200
port> musyx_aram: stream buffers active=2 peak=2 of 64 slots
port> musyx_aram: bytes uploaded=12019872 -- rejected: store=0 stream=0 upload=0, remove mismatches=0
port> audio out: 96.69 s queued, 5946 callbacks, peak L 32767 R 32767 (of 32767)
port> audio out: 20 underrun(s) totalling 316.0 ms, 174798.0 ms dropped to overrun
port> audio out: (the ring tracks the frame rate: audio is paced by the
port>             retrace, so under 60 fps it starves and under --turbo it
port>             overruns.  --wav is written before the ring and is whole.)
port> OS clock: 10986975000 ticks in 95.55 s = 114.986 MHz (console 40.500)  *** WRONG
port> compiled draws (M48): 140782 replayed (136668 the predicted successor, 131027 over a proved shadow), 3235 recorded (2434 kept, 4.9 MB); not replayed: 7281 new keys, 2665 over another shadow, 707 refused by a texture, 44 not plain (an upload, a compile, a movie), 1047 ineligible, 0 with the table full; 801 evicted; 3697 first sights and 2970 refused keys not armed; keys 474 bytes
port> decode jobs (M43): 50518436 vertices; specialised 100.0%, the walker's by pick_fast's first failed test:
port> vcache (M40, auto): 257080 list calls (175226 left to the ring as animated), 81854 primitives, 4095365 vertices; 68515 hits (3025907 vertices, 73.9%; per drawn frame 87.4% over 311 frames)
port> vcache (M44): 5016 positions refreshes (141585 vertices): stored runs whose position array alone had moved, copied and their positions decoded again
port> vcache (M45): on the frames the auto keyed off, 0 lists looked up refresh-only, 0 refreshes served there (--novcposoff)
port> vcache: misses -- new 1831 (130572 v), plan changed 409 (43457 v), arrays changed 6083 (753844 v), list bytes changed 0 lists; ineligible 0 (0 v, skinned/palette/premerge); not stored (region full this frame) 0 (0 v); stored 582285 v
port> vcache: auto keyed 311 drawn frame(s), left 719 to the decode (fit 28.0 ms); 417 list hash(es) memoised, 189445 memo end(s) leaving module code
port> vcache (M47): the skin body named its arrays 0 times (0 scans), 0 array memos ended by them (--oldvcskin: every memo, the epoch)
port> vcache: hashed 1.3 MB of lists and 55.6 MB of arrays (0.2 KB a list call); 886 ms keying on the game thread (sampled 1 in 8: lists 402, hits 303, misses 182); region 8192 KB, peak 8170 KB, 2 reset(s), 0 cooldown(s); 555 entries, 798 arrays live, 0 clear(s)
port> GX draw: 1773354 primitives, 63607076 vertices, 266594 glDrawArrays, 1781853 display lists replayed
port> GX draw: M44 layout memo: 465323 primitives kept the last one's, 1308031 settled anew
port> GX draw: 52706505 vertices through the specialised decode loops (82.9%)
port> GX draw: M29: 442012 display-list runs (50518436 vertices, 79.4%) handed to the render thread's decode, 0 runs decoded here instead, 65956 kept here by --rtdecode auto (M33)
port> GX draw: 395 primitive(s) off-world (|position matrix translation| over 10000)
port> skin: deferred CPU skinning; EnvelopeProc 92566 calls: 92566 deferred, 0 run by the game; 32 HSFs registered (0 rebuilt); 10655 deferred bodies run at the draw (0 of them at the array bind), 702076 syncs skipped on consumed frames; palette: 92566 bone syncs, 0 pose builds
port> skin: lifetime: 23 entries dropped by the game's frees, 0 guard hits (must be 0); signatures: 383 full, 92183 by the pointers alone (M47)
port> GL state: 67590 calls emitted, 428455 elided (86.4% of 496045)
port> texture cache: 117116 hits, 332 misses, 0 re-uploads, 332 entries, 15214 KB decoded, 87 padded to a power of two, 22878 KB held by GL
port> texture budget: 40 MB; 0 evictions (0 KB) to stay under it
port> texture decode (M23): 330 decodes, 210 ms decoding, 85 ms uploading, 458 ms hashing; 3 frames over 20 ms of it; 146 re-keyed by content (4288 KB not decoded again)
port> texture dirty ranges (M35): 387883 DC store/flush calls, 828 entries marked, 529 hashed clean, 0 decoded again; 371190 calls touched no texture page (M41)
port> texture hash: 22389 KB hashed in full, 52300 KB sampled, 64747 revalidations (of 117448 binds)
port> EFB copies: 978 colour copies into the cache (on consumed frames from the front buffer: 0 whole-screen, 0 region; 1155 clear-after copies kept from the last drawn frame, M21; 978 half-scale copies kept at source size, M23)
port> indirect tiling: 11 composed backgrounds, 1036 cache hits

port> render thread: mode 3 (thread, overlapped)
  stream   1903154 records, 111976 KB (60 B/record); 1034 frames presented, peak 189 KB a frame; 0 KB of payload copies; 343 names handed out; 343 owned uploads freed
  replay   14758 ms in all; per presented frame mean 14.27 ms, worst 333.5 ms (1034 frames); present tail (swap executed - swap recorded) mean 5.2 ms, worst 30.5 ms
  decode   442012 runs recorded, 442012 decoded ahead by the decode cursor, 0 by the replay (late); 50518436 vertices; 7470 ms in all, per presented frame mean 7.22 ms, worst 18.7 ms (--rtdecode 3)
  auto     15037 drawn frames planned, 153 split (share mean 0.19, max 0.75); 2188069 vertices decoded on the game thread (476 ms) vs 50518436 on the render thread; last plan: game 13.4 + consumed 3.4 vs replay 12.8 + decode 6.8 -> 0.0 ms moved (--rtdecode auto, fit 30 ms, max share 0.75)
  gate     953 drained, 62 waited (142 ms, worst 7.6 ms), 17 busy (the frame was consumed instead)
  ring     0 reuse waits for the issue, 0 for the GPU (0 ms, worst 0.0 ms); stream full 0 times (0 ms); reader slept 4188 times, woken 14422
  join     retrace                  16277 (276 ms, worst 22.3 ms)
  join     ClusterProc range        513 (0 ms, worst 0.0 ms)
  join     call                     29 (306 ms, worst 71.2 ms)
  join     gate (forced frame)      18 (13 ms, worst 13.3 ms)
  join     skin body                10231 (75 ms, worst 14.3 ms)
  join     skin free                7 (0 ms, worst 0.0 ms)
  join     shutdown                 1 (0 ms, worst 0.0 ms)
  rewrite  513 buffer range(s) named by ClusterProc/ShapeProc (M43): 0 free at once, 513 waited for their pages' records; 1154 record array(s) outside MEM1
  fences   the ring's chunks by epoch: the writer waited 0 time(s) for the GPU (the `ring' line above); the reader tests pending fences after every present, every 256 records and while idle
port> DVD: 169 reads, 50244680 bytes, 52 ms in reads, 0 over 100 ms

port> loader (M36): prefetch on, 99 jobs, 94 files read ahead (5 skipped as resident), 112.5 MB in 1151 ms off the game thread (worst 373 ms); 0 inline slices on one CPU (0 ms)
port> loader: disk reads after a prefetch of the same file: 0, 0 of them over 100 ms
port> loader: resident set 256 MB: 85 files held (112 MB, 73 of them from the list), 156 reads (40.6 MB) served from memory, 13 (7.4 MB, 52 ms) from the disk, 5 adopted from the game's own reads, 0 evicted (0.0 MB); mlock allowed (112 MB locked)
port> THP: 3 movie(s) skipped, first movie/opmov_a00.thp
port> CARD: 0 reads, 1 writes, 1 files created, 0 deleted, 3 image flushes, 57 of 59 blocks free
port> CARD: flushes on a thread (M29): 10 ms on the game thread in all, 70 ms behind it (worst 50 ms); 0 flush(es) waited for the previous one (0 ms)
port> CARD: M40: 2 flush(es) found the writer busy and left their image for it (1 replaced by a newer one before it started)
port> REL bundles: 6 loads, 5 unloads, 0 re-entries, 0 modules dlclose would not unload

port> cpu 2: workers on
port> workers: the game thread's FPSCR adopted 14503 time(s) (the GL driver's FPU mode, for the reverb's floats)
port> worker mixer   16263 jobs: 16254 finished by the worker, 9 late (run inline by the game thread, 3 ms), 771 waited for (363 ms, worst 1.5 ms); 19803 ms of work on the second core
port> sincos memo: 8890954 hits, 3144416 misses (73.9% hit)
port> fast sin/cos (M42): 3141737 pairs without libm, 2679 through libm
port> rotation memo (M42): mtxRot 81760 hits / 32582 misses, mtxRotCat 799695 hits / 238753 misses
port> motion exec (M42): 296702 calls through the port's body
port> vertex rewriters (M43): 513 ClusterProc, 0 ShapeProc calls, 513 ranges named; the joins are the render thread's report (precise)
port> write barrier (M42, --wbpart: the ends' partial pages too): 1060 pages armed in 582 calls, 610 faults (253 pages hot), 260 disarmed by kernel writes/frees; arrays clean 189113 (115710 by their ends' hash) / written 569, 41.3 MB of hashing skipped
port> material walk on consumed frames: skipped; 10100064 faces skipped, 2141983 material changes (1824843 Hu3DLightSet, 2655 Hu3DAnimSet kept)
port> sparse concats (bone walk): 17293862 sparse, 0 general
port> sqrtf: 0 through frsqrte, 11915077 through libm (--nofastsqrt)
port> soft-reset watcher: running, body polled 16273 times

---- SDK surface hit at boot: 0 distinct stubs, in first-call order ----
---- 0 stub calls total ----
