frame,wall_ms,work_ms,game_ms,gx_ms,present_ms,aud_ms,drawn,rt_ms,dec_ms,gdec_ms,calls,verts,recs,vchit
0,1.335,1.335,1.335,0.000,0.000,0.000,1,0.000,0.000,0.000,0,0,1,0
1,0.339,0.339,0.339,0.000,0.000,0.000,1,0.000,0.000,0.000,0,0,0,0
2,0.004,0.004,0.004,0.000,0.000,0.000,1,0.000,0.000,0.000,0,0,0,0
3,13.947,13.947,13.894,0.000,0.000,0.053,1,0.000,0.000,0.000,0,0,0,0
4,1.435,1.435,1.424,0.000,0.000,0.012,1,0.000,0.000,0.000,0,0,0,0
5,21.496,21.496,21.475,0.000,0.000,0.021,1,0.000,0.000,0.000,0,0,0,0
6,0.842,0.842,0.718,0.063,0.053,0.007,1,0.000,0.000,0.000,0,4,0,0
7,11.341,11.341,11.265,0.017,0.040,0.019,1,0.000,0.000,0.000,0,4,0,0
8,5.418,5.418,5.388,0.012,0.006,0.012,1,0.000,0.000,0.000,0,8,0,0
9,0.462,0.462,0.449,0.004,0.003,0.006,1,0.000,0.000,0.000,0,8,0,0
10,0.369,0.369,0.358,0.004,0.002,0.005,1,0.000,0.000,0.000,0,8,0,0
11,0.447,0.447,0.436,0.004,0.002,0.005,1,0.000,0.000,0.000,0,8,0,0
12,1.075,1.075,1.064,0.005,0.002,0.004,1,0.000,0.000,0.000,0,8,0,0
13,0.427,0.427,0.413,0.005,0.003,0.006,1,0.000,0.000,0.000,0,8,0,0
14,0.454,0.454,0.443,0.004,0.002,0.005,1,0.000,0.000,0.000,0,8,0,0
15,0.394,0.394,0.384,0.004,0.002,0.004,1,0.000,0.000,0.000,0,8,0,0
16,0.387,0.387,0.376,0.004,0.002,0.004,1,0.000,0.000,0.000,0,8,0,0
17,0.391,0.391,0.380,0.004,0.002,0.005,1,0.000,0.000,0.000,0,8,0,0
18,0.378,0.378,0.369,0.004,0.002,0.004,1,0.000,0.000,0.000,0,8,0,0
19,0.340,0.340,0.330,0.004,0.002,0.004,1,0.000,0.000,0.000,0,8,0,0
20,0.422,0.422,0.412,0.004,0.002,0.005,1,0.000,0.000,0.000,0,8,0,0
21,0.342,0.342,0.332,0.004,0.002,0.004,1,0.000,0.000,0.000,0,8,0,0
22,0.374,0.374,0.364,0.003,0.002,0.005,1,0.000,0.000,0.000,0,8,0,0
23,0.384,0.384,0.373,0.003,0.002,0.005,1,0.000,0.000,0.000,0,8,0,0
24,0.371,0.371,0.362,0.003,0.002,0.004,1,0.000,0.000,0.000,0,8,0,0
25,0.337,0.337,0.327,0.004,0.002,0.004,1,0.000,0.000,0.000,0,8,0,0
26,0.409,0.409,0.399,0.003,0.002,0.005,1,0.000,0.000,0.000,0,8,0,0
27,0.339,0.339,0.329,0.004,0.002,0.004,1,0.000,0.000,0.000,0,8,0,0
28,0.369,0.369,0.360,0.004,0.002,0.004,1,0.000,0.000,0.000,0,8,0,0
29,0.380,0.380,0.370,0.004,0.002,0.004,1,0.000,0.000,0.000,0,8,0,0
30,0.400,0.400,0.390,0.003,0.002,0.004,1,0.000,0.000,0.000,0,8,0,0
31,0.346,0.346,0.336,0.003,0.002,0.004,1,0.000,0.000,0.000,0,8,0,0
32,0.559,0.559,0.548,0.003,0.002,0.005,1,0.000,0.000,0.000,0,8,0,0
33,0.362,0.362,0.351,0.004,0.002,0.005,1,0.000,0.000,0.000,0,8,0,0
34,0.379,0.379,0.370,0.004,0.002,0.004,1,0.000,0.000,0.000,0,8,0,0
35,0.421,0.421,0.411,0.004,0.002,0.005,1,0.000,0.000,0.000,0,8,0,0
36,0.343,0.343,0.333,0.004,0.002,0.004,1,0.000,0.000,0.000,0,8,0,0
37,0.374,0.374,0.364,0.004,0.002,0.004,1,0.000,0.000,0.000,0,8,0,0
38,0.383,0.383,0.373,0.004,0.002,0.005,1,0.000,0.000,0.000,0,8,0,0
39,268.971,268.971,268.919,0.015,0.011,0.026,1,0.000,0.000,0.000,0,4,0,0
40,0.761,0.761,0.745,0.005,0.003,0.007,1,0.000,0.000,0.000,0,4,0,0
41,0.304,0.304,0.291,0.003,0.002,0.007,1,0.000,0.000,0.000,0,4,0,0
42,0.389,0.389,0.378,0.002,0.003,0.006,1,0.000,0.000,0.000,0,4,0,0
43,0.280,0.280,0.270,0.003,0.002,0.006,1,0.000,0.000,0.000,0,4,0,0
44,0.270,0.270,0.259,0.003,0.002,0.006,1,0.000,0.000,0.000,0,4,0,0
45,0.260,0.260,0.251,0.002,0.002,0.005,1,0.000,0.000,0.000,0,4,0,0
46,0.256,0.256,0.247,0.002,0.002,0.005,1,0.000,0.000,0.000,0,4,0,0
47,0.262,0.262,0.251,0.002,0.002,0.006,1,0.000,0.000,0.000,0,4,0,0
48,0.724,0.724,0.679,0.002,0.022,0.020,1,0.000,0.000,0.000,0,4,0,0
49,1.304,1.304,1.281,0.013,0.004,0.006,1,0.000,0.000,0.000,0,4,0,0
50,0.591,0.591,0.577,0.003,0.003,0.007,1,0.000,0.000,0.000,0,4,0,0
51,3.778,3.778,3.765,0.003,0.002,0.008,1,0.000,0.000,0.000,0,4,0,0
52,0.597,0.597,0.583,0.006,0.003,0.005,1,0.000,0.000,0.000,0,4,0,0
53,0.553,0.553,0.542,0.003,0.002,0.005,1,0.000,0.000,0.000,0,4,0,0
54,1.123,1.123,1.110,0.004,0.002,0.006,1,0.000,0.000,0.000,0,4,0,0
55,0.542,0.542,0.532,0.003,0.003,0.005,1,0.000,0.000,0.000,0,4,0,0
56,0.538,0.538,0.527,0.003,0.003,0.005,1,0.000,0.000,0.000,0,4,0,0
57,0.451,0.451,0.441,0.003,0.002,0.005,1,0.000,0.000,0.000,0,4,0,0
58,0.440,0.440,0.431,0.003,0.002,0.004,1,0.000,0.000,0.000,0,4,0,0
59,0.634,0.634,0.624,0.003,0.002,0.005,1,0.000,0.000,0.000,0,4,0,0
60,0.496,0.496,0.486,0.003,0.003,0.004,1,0.000,0.000,0.000,0,4,0,0
61,0.442,0.442,0.433,0.003,0.002,0.004,1,0.000,0.000,0.000,0,4,0,0
62,0.516,0.516,0.507,0.003,0.002,0.005,1,0.000,0.000,0.000,0,4,0,0
63,0.443,0.443,0.433,0.003,0.002,0.004,1,0.000,0.000,0.000,0,4,0,0
64,0.484,0.484,0.475,0.003,0.002,0.004,1,0.000,0.000,0.000,0,4,0,0
65,0.514,0.514,0.504,0.003,0.002,0.005,1,0.000,0.000,0.000,0,4,0,0
66,0.578,0.578,0.569,0.003,0.002,0.004,1,0.000,0.000,0.000,0,4,0,0
67,0.463,0.463,0.452,0.003,0.003,0.005,1,0.000,0.000,0.000,0,4,0,0
68,0.529,0.529,0.519,0.003,0.002,0.005,1,0.000,0.000,0.000,0,4,0,0
69,0.446,0.446,0.436,0.003,0.002,0.004,1,0.000,0.000,0.000,0,4,0,0
70,0.548,0.548,0.539,0.003,0.002,0.004,1,0.000,0.000,0.000,0,4,0,0
71,0.494,0.494,0.484,0.003,0.002,0.005,1,0.000,0.000,0.000,0,4,0,0
72,0.481,0.481,0.473,0.002,0.002,0.004,1,0.000,0.000,0.000,0,4,0,0
73,0.439,0.439,0.430,0.003,0.002,0.005,1,0.000,0.000,0.000,0,4,0,0
74,0.515,0.515,0.505,0.003,0.002,0.005,1,0.000,0.000,0.000,0,4,0,0
75,0.439,0.439,0.429,0.003,0.002,0.004,1,0.000,0.000,0.000,0,4,0,0
76,0.978,0.978,0.762,0.207,0.003,0.006,1,0.000,0.000,0.000,0,4,0,0
77,0.538,0.538,0.526,0.003,0.002,0.005,1,0.000,0.000,0.000,0,4,0,0
78,3.518,3.518,3.503,0.003,0.002,0.010,1,0.000,0.000,0.000,0,4,0,0
79,0.577,0.577,0.565,0.004,0.004,0.005,1,0.000,0.000,0.000,0,4,0,0
80,0.533,0.533,0.523,0.003,0.002,0.005,1,0.000,0.000,0.000,0,4,0,0
81,0.450,0.450,0.440,0.003,0.002,0.004,1,0.000,0.000,0.000,0,4,0,0
82,0.474,0.474,0.465,0.003,0.002,0.004,1,0.000,0.000,0.000,0,4,0,0
83,0.521,0.521,0.511,0.003,0.002,0.005,1,0.000,0.000,0.000,0,4,0,0
84,0.443,0.443,0.433,0.003,0.002,0.005,1,0.000,0.000,0.000,0,4,0,0
85,0.470,0.470,0.462,0.003,0.002,0.004,1,0.000,0.000,0.000,0,4,0,0
86,0.485,0.485,0.475,0.003,0.002,0.006,1,0.000,0.000,0.000,0,4,0,0
87,0.470,0.470,0.461,0.003,0.002,0.004,1,0.000,0.000,0.000,0,4,0,0
88,0.440,0.440,0.431,0.003,0.002,0.004,1,0.000,0.000,0.000,0,4,0,0
89,0.518,0.518,0.509,0.003,0.002,0.005,1,0.000,0.000,0.000,0,4,0,0
90,0.450,0.450,0.440,0.003,0.002,0.004,1,0.000,0.000,0.000,0,4,0,0
91,0.471,0.471,0.462,0.003,0.002,0.004,1,0.000,0.000,0.000,0,4,0,0
92,0.699,0.699,0.688,0.003,0.002,0.005,1,0.000,0.000,0.000,0,4,0,0
93,1.389,1.389,1.343,0.014,0.011,0.021,1,0.000,0.000,0.000,0,4,0,0
94,0.576,0.576,0.562,0.006,0.002,0.005,1,0.000,0.000,0.000,0,4,0,0
95,0.601,0.601,0.589,0.003,0.003,0.007,1,0.000,0.000,0.000,0,4,0,0
96,0.492,0.492,0.482,0.003,0.003,0.005,1,0.000,0.000,0.000,0,4,0,0
97,0.515,0.515,0.506,0.003,0.002,0.004,1,0.000,0.000,0.000,0,4,0,0
98,0.521,0.521,0.511,0.003,0.002,0.005,1,0.000,0.000,0.000,0,4,0,0
99,0.505,0.505,0.496,0.003,0.002,0.004,1,0.000,0.000,0.000,0,4,0,0
100,0.471,0.471,0.462,0.003,0.002,0.004,1,0.000,0.000,0.000,0,4,0,0
101,2.844,2.844,2.834,0.003,0.002,0.005,1,0.000,0.000,0.000,0,4,0,0
102,0.465,0.465,0.456,0.003,0.002,0.004,1,0.000,0.000,0.000,0,4,0,0
103,0.526,0.526,0.516,0.003,0.002,0.005,1,0.000,0.000,0.000,0,4,0,0
104,0.483,0.483,0.474,0.003,0.002,0.004,1,0.000,0.000,0.000,0,4,0,0
105,0.445,0.445,0.436,0.003,0.002,0.004,1,0.000,0.000,0.000,0,4,0,0
106,0.521,0.521,0.512,0.003,0.002,0.005,1,0.000,0.000,0.000,0,4,0,0
107,0.439,0.439,0.430,0.003,0.002,0.004,1,0.000,0.000,0.000,0,4,0,0
108,0.471,0.471,0.463,0.003,0.002,0.004,1,0.000,0.000,0.000,0,4,0,0
109,0.485,0.485,0.475,0.003,0.003,0.005,1,0.000,0.000,0.000,0,4,0,0
110,0.477,0.477,0.468,0.003,0.002,0.004,1,0.000,0.000,0.000,0,4,0,0
111,0.443,0.443,0.434,0.003,0.002,0.004,1,0.000,0.000,0.000,0,4,0,0
112,0.520,0.520,0.511,0.003,0.002,0.005,1,0.000,0.000,0.000,0,4,0,0
113,0.439,0.439,0.430,0.003,0.002,0.004,1,0.000,0.000,0.000,0,4,0,0
114,0.475,0.475,0.466,0.003,0.002,0.004,1,0.000,0.000,0.000,0,4,0,0
115,0.480,0.480,0.470,0.003,0.002,0.005,1,0.000,0.000,0.000,0,4,0,0
116,0.566,0.566,0.556,0.003,0.002,0.004,1,0.000,0.000,0.000,0,4,0,0
117,0.443,0.443,0.434,0.003,0.002,0.004,1,0.000,0.000,0.000,0,4,0,0
118,0.478,0.478,0.469,0.003,0.002,0.005,1,0.000,0.000,0.000,0,4,0,0
119,0.579,0.579,0.568,0.003,0.002,0.005,1,0.000,0.000,0.000,0,4,0,0
120,0.444,0.444,0.435,0.003,0.002,0.004,1,0.000,0.000,0.000,0,4,0,0
121,0.486,0.486,0.477,0.002,0.002,0.005,1,0.000,0.000,0.000,0,4,0,0
122,0.434,0.434,0.426,0.003,0.002,0.004,1,0.000,0.000,0.000,0,4,0,0
123,0.437,0.437,0.428,0.003,0.002,0.004,1,0.000,0.000,0.000,0,4,0,0
124,0.418,0.418,0.409,0.003,0.002,0.005,1,0.000,0.000,0.000,0,4,0,0
125,2.958,2.958,2.910,0.015,0.011,0.022,1,0.000,0.000,0.000,0,4,0,0
126,0.356,0.356,0.343,0.004,0.002,0.006,1,0.000,0.000,0.000,0,4,0,0
127,0.289,0.289,0.277,0.003,0.002,0.008,1,0.000,0.000,0.000,0,4,0,0
128,0.264,0.264,0.254,0.002,0.002,0.005,1,0.000,0.000,0.000,0,4,0,0
129,3.049,3.049,3.039,0.002,0.002,0.006,1,0.000,0.000,0.000,0,4,0,0
130,1.120,1.120,1.012,0.009,0.083,0.016,1,0.000,0.000,0.000,0,4,0,0
131,0.522,0.522,0.510,0.004,0.002,0.006,1,0.000,0.000,0.000,0,4,0,0
132,0.468,0.468,0.459,0.003,0.002,0.005,1,0.000,0.000,0.000,0,4,0,0
133,0.493,0.493,0.483,0.003,0.002,0.005,1,0.000,0.000,0.000,0,4,0,0
134,0.441,0.441,0.433,0.002,0.002,0.004,1,0.000,0.000,0.000,0,4,0,0
135,0.444,0.444,0.436,0.002,0.002,0.004,1,0.000,0.000,0.000,0,4,0,0
136,0.488,0.488,0.479,0.002,0.002,0.005,1,0.000,0.000,0.000,0,4,0,0
137,0.443,0.443,0.434,0.003,0.002,0.004,1,0.000,0.000,0.000,0,4,0,0
138,0.443,0.443,0.435,0.002,0.002,0.004,1,0.000,0.000,0.000,0,4,0,0
139,0.482,0.482,0.472,0.002,0.002,0.005,1,0.000,0.000,0.000,0,4,0,0
140,0.438,0.438,0.429,0.003,0.002,0.005,1,0.000,0.000,0.000,0,4,0,0
141,0.436,0.436,0.428,0.002,0.002,0.004,1,0.000,0.000,0.000,0,4,0,0
142,0.479,0.479,0.469,0.003,0.002,0.005,1,0.000,0.000,0.000,0,4,0,0
143,0.513,0.513,0.504,0.003,0.002,0.005,1,0.000,0.000,0.000,0,4,0,0
144,0.442,0.442,0.434,0.003,0.002,0.004,1,0.000,0.000,0.000,0,4,0,0
145,3.356,3.356,3.341,0.003,0.002,0.010,1,0.000,0.000,0.000,0,4,0,0
146,0.661,0.661,0.644,0.007,0.005,0.005,1,0.000,0.000,0.000,0,4,0,0
147,0.466,0.466,0.457,0.003,0.002,0.004,1,0.000,0.000,0.000,0,4,0,0
148,0.489,0.489,0.479,0.004,0.002,0.005,1,0.000,0.000,0.000,0,4,0,0
149,0.438,0.438,0.429,0.003,0.002,0.004,1,0.000,0.000,0.000,0,4,0,0
150,0.467,0.467,0.458,0.003,0.002,0.004,1,0.000,0.000,0.000,0,4,0,0
151,0.487,0.487,0.477,0.003,0.002,0.005,1,0.000,0.000,0.000,0,4,0,0
152,0.433,0.433,0.424,0.003,0.002,0.004,1,0.000,0.000,0.000,0,4,0,0
153,0.435,0.435,0.426,0.003,0.002,0.004,1,0.000,0.000,0.000,0,4,0,0
154,0.472,0.472,0.463,0.003,0.002,0.005,1,0.000,0.000,0.000,0,4,0,0
155,0.429,0.429,0.420,0.003,0.002,0.004,1,0.000,0.000,0.000,0,4,0,0
156,0.424,0.424,0.415,0.003,0.002,0.004,1,0.000,0.000,0.000,0,4,0,0
157,0.467,0.467,0.458,0.003,0.002,0.005,1,0.000,0.000,0.000,0,4,0,0
158,0.431,0.431,0.422,0.003,0.002,0.004,1,0.000,0.000,0.000,0,4,0,0
159,0.475,0.475,0.467,0.003,0.002,0.004,1,0.000,0.000,0.000,0,4,0,0
160,0.482,0.482,0.472,0.002,0.002,0.005,1,0.000,0.000,0.000,0,4,0,0
161,0.435,0.435,0.426,0.003,0.002,0.004,1,0.000,0.000,0.000,0,4,0,0
162,0.431,0.431,0.422,0.003,0.002,0.004,1,0.000,0.000,0.000,0,4,0,0
163,0.472,0.472,0.463,0.003,0.002,0.005,1,0.000,0.000,0.000,0,4,0,0
164,0.428,0.428,0.419,0.003,0.002,0.004,1,0.000,0.000,0.000,0,4,0,0
165,0.516,0.516,0.507,0.003,0.002,0.005,1,0.000,0.000,0.000,0,4,0,0
166,0.487,0.487,0.477,0.003,0.002,0.006,1,0.000,0.000,0.000,0,4,0,0
167,0.503,0.503,0.494,0.003,0.002,0.004,1,0.000,0.000,0.000,0,4,0,0
168,0.437,0.437,0.428,0.002,0.002,0.004,1,0.000,0.000,0.000,0,4,0,0
169,0.472,0.472,0.463,0.003,0.002,0.005,1,0.000,0.000,0.000,0,4,0,0
170,0.429,0.429,0.421,0.002,0.002,0.004,1,0.000,0.000,0.000,0,4,0,0
171,0.432,0.432,0.423,0.003,0.002,0.004,1,0.000,0.000,0.000,0,4,0,0
172,2.136,2.136,2.127,0.002,0.002,0.005,1,0.000,0.000,0.000,0,4,0,0
173,0.433,0.433,0.424,0.003,0.002,0.004,1,0.000,0.000,0.000,0,4,0,0
174,0.428,0.428,0.420,0.002,0.002,0.004,1,0.000,0.000,0.000,0,4,0,0
175,0.473,0.473,0.463,0.003,0.002,0.005,1,0.000,0.000,0.000,0,4,0,0
176,0.426,0.426,0.417,0.003,0.002,0.004,1,0.000,0.000,0.000,0,4,0,0
177,0.427,0.427,0.418,0.003,0.002,0.004,1,0.000,0.000,0.000,0,4,0,0
178,0.469,0.469,0.460,0.002,0.002,0.005,1,0.000,0.000,0.000,0,4,0,0
179,0.538,0.538,0.529,0.003,0.002,0.005,1,0.000,0.000,0.000,0,4,0,0
180,0.433,0.433,0.425,0.002,0.002,0.004,1,0.000,0.000,0.000,0,4,0,0
181,0.469,0.469,0.460,0.003,0.002,0.005,1,0.000,0.000,0.000,0,4,0,0
182,0.425,0.425,0.417,0.003,0.002,0.004,1,0.000,0.000,0.000,0,4,0,0
183,0.427,0.427,0.418,0.002,0.002,0.004,1,0.000,0.000,0.000,0,4,0,0
184,0.470,0.470,0.461,0.003,0.002,0.005,1,0.000,0.000,0.000,0,4,0,0
185,0.427,0.427,0.418,0.003,0.002,0.004,1,0.000,0.000,0.000,0,4,0,0
186,0.426,0.426,0.418,0.002,0.002,0.004,1,0.000,0.000,0.000,0,4,0,0
187,0.467,0.467,0.458,0.003,0.002,0.005,1,0.000,0.000,0.000,0,4,0,0
188,0.431,0.431,0.423,0.003,0.002,0.004,1,0.000,0.000,0.000,0,4,0,0
189,0.431,0.431,0.422,0.002,0.002,0.004,1,0.000,0.000,0.000,0,4,0,0
190,0.585,0.585,0.576,0.002,0.002,0.005,1,0.000,0.000,0.000,0,4,0,0
191,0.455,0.455,0.446,0.003,0.002,0.005,1,0.000,0.000,0.000,0,4,0,0
192,1.810,1.810,1.801,0.002,0.002,0.004,1,0.000,0.000,0.000,0,4,0,0
193,0.479,0.479,0.469,0.003,0.002,0.005,1,0.000,0.000,0.000,0,4,0,0
194,0.442,0.442,0.433,0.003,0.002,0.004,1,0.000,0.000,0.000,0,4,0,0
195,0.429,0.429,0.421,0.003,0.002,0.004,1,0.000,0.000,0.000,0,4,0,0
196,0.471,0.471,0.462,0.002,0.002,0.005,1,0.000,0.000,0.000,0,4,0,0
197,0.430,0.430,0.421,0.003,0.002,0.004,1,0.000,0.000,0.000,0,4,0,0
198,0.427,0.427,0.418,0.003,0.002,0.004,1,0.000,0.000,0.000,0,4,0,0
199,0.467,0.467,0.458,0.003,0.002,0.005,1,0.000,0.000,0.000,0,4,0,0
200,0.425,0.425,0.417,0.003,0.002,0.004,1,0.000,0.000,0.000,0,4,0,0
201,0.427,0.427,0.419,0.003,0.002,0.004,1,0.000,0.000,0.000,0,4,0,0
202,0.470,0.470,0.460,0.003,0.002,0.005,1,0.000,0.000,0.000,0,4,0,0
203,0.429,0.429,0.420,0.003,0.002,0.004,1,0.000,0.000,0.000,0,4,0,0
204,0.467,0.467,0.458,0.002,0.002,0.005,1,0.000,0.000,0.000,0,4,0,0
205,0.425,0.425,0.417,0.002,0.002,0.004,1,0.000,0.000,0.000,0,4,0,0
206,0.424,0.424,0.415,0.002,0.002,0.004,1,0.000,0.000,0.000,0,4,0,0
207,0.534,0.534,0.525,0.003,0.002,0.005,1,0.000,0.000,0.000,0,4,0,0
208,0.433,0.433,0.424,0.003,0.002,0.004,1,0.000,0.000,0.000,0,4,0,0
209,0.766,0.766,0.757,0.003,0.002,0.004,1,0.000,0.000,0.000,0,4,0,0
210,0.547,0.547,0.534,0.005,0.002,0.006,1,0.000,0.000,0.000,0,4,0,0
211,0.455,0.455,0.446,0.003,0.002,0.004,1,0.000,0.000,0.000,0,4,0,0
212,0.435,0.435,0.426,0.003,0.002,0.004,1,0.000,0.000,0.000,0,4,0,0
213,2.293,2.293,2.276,0.003,0.002,0.013,1,0.000,0.000,0.000,0,4,0,0
214,0.653,0.653,0.635,0.006,0.006,0.006,1,0.000,0.000,0.000,0,4,0,0
215,0.462,0.462,0.452,0.003,0.002,0.005,1,0.000,0.000,0.000,0,4,0,0
216,0.443,0.443,0.434,0.002,0.002,0.005,1,0.000,0.000,0.000,0,4,0,0
217,1.038,1.038,0.995,0.012,0.011,0.020,1,0.000,0.000,0.000,0,4,0,0
218,0.330,0.330,0.317,0.003,0.002,0.006,1,0.000,0.000,0.000,0,4,0,0
219,0.301,0.301,0.288,0.004,0.002,0.007,1,0.000,0.000,0.000,0,8,0,0
220,0.275,0.275,0.264,0.004,0.002,0.005,1,0.000,0.000,0.000,0,8,0,0
221,0.269,0.269,0.259,0.003,0.002,0.005,1,0.000,0.000,0.000,0,8,0,0
222,0.268,0.268,0.257,0.003,0.002,0.006,1,0.000,0.000,0.000,0,8,0,0
223,0.266,0.266,0.255,0.003,0.002,0.005,1,0.000,0.000,0.000,0,8,0,0
224,0.263,0.263,0.253,0.003,0.002,0.005,1,0.000,0.000,0.000,0,8,0,0
225,0.269,0.269,0.257,0.003,0.002,0.006,1,0.000,0.000,0.000,0,8,0,0
226,0.263,0.263,0.254,0.003,0.002,0.005,1,0.000,0.000,0.000,0,8,0,0
227,0.263,0.263,0.253,0.003,0.002,0.005,1,0.000,0.000,0.000,0,8,0,0
228,0.294,0.294,0.282,0.003,0.002,0.007,1,0.000,0.000,0.000,0,8,0,0
229,0.269,0.269,0.259,0.003,0.002,0.005,1,0.000,0.000,0.000,0,8,0,0
230,0.270,0.270,0.258,0.003,0.002,0.006,1,0.000,0.000,0.000,0,8,0,0
231,0.267,0.267,0.257,0.003,0.002,0.006,1,0.000,0.000,0.000,0,8,0,0
232,0.263,0.263,0.253,0.003,0.002,0.005,1,0.000,0.000,0.000,0,8,0,0
233,0.264,0.264,0.254,0.003,0.002,0.005,1,0.000,0.000,0.000,0,8,0,0
234,0.267,0.267,0.256,0.003,0.002,0.006,1,0.000,0.000,0.000,0,8,0,0
235,0.264,0.264,0.254,0.003,0.002,0.005,1,0.000,0.000,0.000,0,8,0,0
236,0.262,0.262,0.252,0.003,0.002,0.005,1,0.000,0.000,0.000,0,8,0,0
237,0.929,0.929,0.913,0.005,0.003,0.008,1,0.000,0.000,0.000,0,8,0,0
238,0.301,0.301,0.291,0.004,0.002,0.005,1,0.000,0.000,0.000,0,8,0,0
239,0.379,0.379,0.368,0.003,0.002,0.005,1,0.000,0.000,0.000,0,8,0,0
240,0.282,0.282,0.270,0.003,0.002,0.006,1,0.000,0.000,0.000,0,8,0,0
241,0.270,0.270,0.260,0.003,0.002,0.005,1,0.000,0.000,0.000,0,8,0,0
242,0.266,0.266,0.256,0.003,0.002,0.005,1,0.000,0.000,0.000,0,8,0,0
243,0.269,0.269,0.257,0.003,0.002,0.006,1,0.000,0.000,0.000,0,8,0,0
244,0.265,0.265,0.255,0.003,0.002,0.005,1,0.000,0.000,0.000,0,8,0,0
245,0.275,0.275,0.265,0.003,0.002,0.005,1,0.000,0.000,0.000,0,8,0,0
246,0.270,0.270,0.259,0.003,0.002,0.007,1,0.000,0.000,0.000,0,8,0,0
247,0.279,0.279,0.269,0.003,0.002,0.005,1,0.000,0.000,0.000,0,8,0,0
248,0.265,0.265,0.255,0.003,0.002,0.005,1,0.000,0.000,0.000,0,8,0,0
249,0.290,0.290,0.279,0.003,0.002,0.006,1,0.000,0.000,0.000,0,8,0,0
250,0.269,0.269,0.259,0.003,0.002,0.005,1,0.000,0.000,0.000,0,8,0,0
251,0.264,0.264,0.253,0.003,0.002,0.005,1,0.000,0.000,0.000,0,8,0,0
252,0.266,0.266,0.255,0.003,0.002,0.006,1,0.000,0.000,0.000,0,8,0,0
253,0.261,0.261,0.251,0.003,0.002,0.005,1,0.000,0.000,0.000,0,8,0,0
254,0.260,0.260,0.250,0.003,0.002,0.005,1,0.000,0.000,0.000,0,8,0,0
255,0.267,0.267,0.256,0.003,0.002,0.006,1,0.000,0.000,0.000,0,8,0,0
256,0.261,0.261,0.251,0.003,0.002,0.005,1,0.000,0.000,0.000,0,8,0,0
257,0.260,0.260,0.250,0.003,0.002,0.005,1,0.000,0.000,0.000,0,8,0,0
258,0.264,0.264,0.253,0.003,0.002,0.006,1,0.000,0.000,0.000,0,8,0,0
259,0.260,0.260,0.250,0.003,0.002,0.005,1,0.000,0.000,0.000,0,8,0,0
260,0.261,0.261,0.251,0.003,0.002,0.005,1,0.000,0.000,0.000,0,8,0,0
261,1.218,1.218,1.201,0.003,0.005,0.009,1,0.000,0.000,0.000,0,8,0,0
262,0.380,0.380,0.366,0.006,0.002,0.006,1,0.000,0.000,0.000,0,8,0,0
263,0.286,0.286,0.276,0.004,0.002,0.005,1,0.000,0.000,0.000,0,8,0,0
264,0.275,0.275,0.264,0.003,0.002,0.007,1,0.000,0.000,0.000,0,8,0,0
265,0.267,0.267,0.257,0.003,0.002,0.005,1,0.000,0.000,0.000,0,8,0,0
266,0.262,0.262,0.252,0.003,0.002,0.005,1,0.000,0.000,0.000,0,8,0,0
267,0.266,0.266,0.255,0.003,0.002,0.006,1,0.000,0.000,0.000,0,8,0,0
268,0.263,0.263,0.253,0.003,0.002,0.005,1,0.000,0.000,0.000,0,8,0,0
269,0.260,0.260,0.250,0.003,0.002,0.005,1,0.000,0.000,0.000,0,8,0,0
270,0.265,0.265,0.254,0.003,0.002,0.006,1,0.000,0.000,0.000,0,8,0,0
271,0.312,0.312,0.301,0.004,0.002,0.006,1,0.000,0.000,0.000,0,8,0,0
272,0.267,0.267,0.257,0.004,0.002,0.005,1,0.000,0.000,0.000,0,8,0,0
273,3.014,3.014,2.968,0.015,0.010,0.021,1,0.000,0.000,0.000,0,8,0,0
274,1.120,1.120,1.095,0.014,0.004,0.007,1,0.000,0.000,0.000,0,8,0,0
275,2.506,2.506,2.490,0.005,0.002,0.009,1,0.000,0.000,0.000,0,8,0,0
276,0.641,0.641,0.626,0.006,0.003,0.006,1,0.000,0.000,0.000,0,8,0,0
277,0.476,0.476,0.465,0.004,0.002,0.004,1,0.000,0.000,0.000,0,8,0,0
278,0.450,0.450,0.439,0.004,0.002,0.004,1,0.000,0.000,0.000,0,8,0,0
279,0.500,0.500,0.489,0.004,0.002,0.005,1,0.000,0.000,0.000,0,8,0,0
280,0.446,0.446,0.436,0.004,0.002,0.004,1,0.000,0.000,0.000,0,8,0,0
281,0.447,0.447,0.437,0.004,0.002,0.004,1,0.000,0.000,0.000,0,8,0,0
282,0.484,0.484,0.473,0.004,0.002,0.005,1,0.000,0.000,0.000,0,8,0,0
283,0.441,0.441,0.432,0.003,0.002,0.004,1,0.000,0.000,0.000,0,8,0,0
284,0.436,0.436,0.426,0.004,0.002,0.004,1,0.000,0.000,0.000,0,8,0,0
285,0.477,0.477,0.467,0.004,0.002,0.004,1,0.000,0.000,0.000,0,8,0,0
286,0.443,0.443,0.433,0.004,0.002,0.005,1,0.000,0.000,0.000,0,8,0,0
287,0.445,0.445,0.435,0.004,0.002,0.004,1,0.000,0.000,0.000,0,8,0,0
288,0.481,0.481,0.471,0.004,0.002,0.005,1,0.000,0.000,0.000,0,8,0,0
289,0.435,0.435,0.425,0.004,0.002,0.004,1,0.000,0.000,0.000,0,8,0,0
290,0.435,0.435,0.425,0.004,0.002,0.004,1,0.000,0.000,0.000,0,8,0,0
291,0.478,0.478,0.467,0.004,0.002,0.005,1,0.000,0.000,0.000,0,8,0,0
292,0.433,0.433,0.424,0.004,0.002,0.004,1,0.000,0.000,0.000,0,8,0,0
293,0.433,0.433,0.423,0.004,0.002,0.004,1,0.000,0.000,0.000,0,8,0,0
294,0.474,0.474,0.464,0.004,0.002,0.005,1,0.000,0.000,0.000,0,8,0,0
295,0.434,0.434,0.424,0.004,0.002,0.004,1,0.000,0.000,0.000,0,8,0,0
296,0.430,0.430,0.421,0.004,0.002,0.004,1,0.000,0.000,0.000,0,8,0,0
297,0.478,0.478,0.467,0.004,0.002,0.005,1,0.000,0.000,0.000,0,8,0,0
298,0.493,0.493,0.483,0.004,0.002,0.004,1,0.000,0.000,0.000,0,8,0,0
299,0.553,0.553,0.542,0.004,0.002,0.004,1,0.000,0.000,0.000,0,8,0,0
300,1.962,1.962,1.950,0.004,0.002,0.006,1,0.000,0.000,0.000,0,8,0,0
301,0.517,0.517,0.505,0.005,0.003,0.005,1,0.000,0.000,0.000,0,8,0,0
302,0.559,0.559,0.549,0.004,0.002,0.005,1,0.000,0.000,0.000,0,8,0,0
303,0.460,0.460,0.449,0.004,0.002,0.004,1,0.000,0.000,0.000,0,8,0,0
304,0.440,0.440,0.431,0.003,0.002,0.004,1,0.000,0.000,0.000,0,8,0,0
305,0.481,0.481,0.469,0.004,0.002,0.005,1,0.000,0.000,0.000,0,8,0,0
306,0.438,0.438,0.429,0.004,0.002,0.004,1,0.000,0.000,0.000,0,8,0,0
307,0.437,0.437,0.427,0.004,0.002,0.004,1,0.000,0.000,0.000,0,8,0,0
308,0.486,0.486,0.475,0.004,0.002,0.005,1,0.000,0.000,0.000,0,8,0,0
309,0.441,0.441,0.432,0.004,0.002,0.004,1,0.000,0.000,0.000,0,8,0,0
310,0.437,0.437,0.427,0.003,0.002,0.004,1,0.000,0.000,0.000,0,8,0,0
311,0.482,0.482,0.472,0.004,0.002,0.005,1,0.000,0.000,0.000,0,8,0,0
312,0.438,0.438,0.429,0.004,0.002,0.004,1,0.000,0.000,0.000,0,8,0,0
313,0.438,0.438,0.429,0.004,0.002,0.004,1,0.000,0.000,0.000,0,8,0,0
314,0.478,0.478,0.468,0.004,0.002,0.005,1,0.000,0.000,0.000,0,8,0,0
315,0.436,0.436,0.427,0.004,0.002,0.004,1,0.000,0.000,0.000,0,8,0,0
316,0.438,0.438,0.428,0.004,0.002,0.004,1,0.000,0.000,0.000,0,8,0,0
317,0.477,0.477,0.466,0.004,0.002,0.005,1,0.000,0.000,0.000,0,8,0,0
318,0.435,0.435,0.425,0.003,0.002,0.004,1,0.000,0.000,0.000,0,8,0,0
319,2.050,2.050,2.040,0.004,0.002,0.004,1,0.000,0.000,0.000,0,8,0,0
320,0.480,0.480,0.470,0.004,0.002,0.005,1,0.000,0.000,0.000,0,8,0,0
321,0.435,0.435,0.425,0.004,0.002,0.004,1,0.000,0.000,0.000,0,8,0,0
322,0.436,0.436,0.426,0.003,0.002,0.004,1,0.000,0.000,0.000,0,8,0,0
323,0.477,0.477,0.467,0.004,0.002,0.005,1,0.000,0.000,0.000,0,8,0,0
324,0.437,0.437,0.427,0.004,0.002,0.004,1,0.000,0.000,0.000,0,8,0,0
325,0.437,0.437,0.427,0.003,0.002,0.004,1,0.000,0.000,0.000,0,8,0,0
326,0.479,0.479,0.468,0.004,0.002,0.005,1,0.000,0.000,0.000,0,8,0,0
327,0.436,0.436,0.426,0.004,0.002,0.004,1,0.000,0.000,0.000,0,8,0,0
328,0.434,0.434,0.425,0.004,0.002,0.004,1,0.000,0.000,0.000,0,8,0,0
329,0.477,0.477,0.467,0.004,0.002,0.005,1,0.000,0.000,0.000,0,8,0,0
330,0.440,0.440,0.431,0.004,0.002,0.004,1,0.000,0.000,0.000,0,8,0,0
331,0.443,0.443,0.434,0.004,0.002,0.004,1,0.000,0.000,0.000,0,8,0,0
332,0.482,0.482,0.471,0.004,0.002,0.005,1,0.000,0.000,0.000,0,8,0,0
333,0.435,0.435,0.425,0.003,0.002,0.005,1,0.000,0.000,0.000,0,8,0,0
334,0.438,0.438,0.428,0.003,0.002,0.004,1,0.000,0.000,0.000,0,8,0,0
335,0.481,0.481,0.470,0.004,0.002,0.005,1,0.000,0.000,0.000,0,8,0,0
336,0.438,0.438,0.428,0.004,0.002,0.004,1,0.000,0.000,0.000,0,8,0,0
337,0.437,0.437,0.427,0.004,0.002,0.004,1,0.000,0.000,0.000,0,8,0,0
338,0.480,0.480,0.470,0.003,0.002,0.005,1,0.000,0.000,0.000,0,8,0,0
339,1.662,1.662,1.652,0.004,0.002,0.004,1,0.000,0.000,0.000,0,8,0,0
340,0.438,0.438,0.428,0.003,0.002,0.004,1,0.000,0.000,0.000,0,8,0,0
341,0.476,0.476,0.465,0.004,0.002,0.005,1,0.000,0.000,0.000,0,8,0,0
342,50.601,50.601,50.552,0.015,0.013,0.020,1,0.000,0.000,0.000,0,4,0,0
343,0.728,0.728,0.711,0.005,0.006,0.006,1,0.000,0.000,0.000,0,4,0,0
344,0.623,0.623,0.610,0.003,0.003,0.006,1,0.000,0.000,0.000,0,4,0,0
345,1.200,1.200,1.175,0.012,0.006,0.008,1,0.000,0.000,0.000,0,4,0,0
346,0.693,0.693,0.680,0.006,0.002,0.004,1,0.000,0.000,0.000,0,4,0,0
347,0.511,0.511,0.502,0.003,0.002,0.005,1,0.000,0.000,0.000,0,4,0,0
348,1.465,1.465,1.455,0.003,0.002,0.004,1,0.000,0.000,0.000,0,4,0,0
349,0.449,0.449,0.440,0.003,0.002,0.004,1,0.000,0.000,0.000,0,4,0,0
350,0.488,0.488,0.479,0.003,0.002,0.005,1,0.000,0.000,0.000,0,4,0,0
351,0.441,0.441,0.432,0.003,0.002,0.005,1,0.000,0.000,0.000,0,4,0,0
352,0.436,0.436,0.427,0.003,0.002,0.004,1,0.000,0.000,0.000,0,4,0,0
353,0.476,0.476,0.466,0.003,0.002,0.005,1,0.000,0.000,0.000,0,4,0,0
354,0.428,0.428,0.420,0.003,0.002,0.004,1,0.000,0.000,0.000,0,4,0,0
355,0.425,0.425,0.417,0.003,0.002,0.004,1,0.000,0.000,0.000,0,4,0,0
356,0.470,0.470,0.461,0.003,0.002,0.005,1,0.000,0.000,0.000,0,4,0,0
357,0.427,0.427,0.418,0.003,0.002,0.004,1,0.000,0.000,0.000,0,4,0,0
358,0.428,0.428,0.419,0.003,0.002,0.004,1,0.000,0.000,0.000,0,4,0,0
359,0.793,0.793,0.782,0.003,0.003,0.005,1,0.000,0.000,0.000,0,4,0,0
360,0.449,0.449,0.439,0.003,0.002,0.004,1,0.000,0.000,0.000,0,4,0,0
361,0.435,0.435,0.426,0.003,0.002,0.004,1,0.000,0.000,0.000,0,4,0,0
362,1.815,1.815,1.789,0.003,0.002,0.021,1,0.000,0.000,0.000,0,4,0,0
363,0.380,0.380,0.367,0.003,0.002,0.007,1,0.000,0.000,0.000,0,4,0,0
364,0.280,0.280,0.270,0.003,0.002,0.005,1,0.000,0.000,0.000,0,4,0,0
365,0.270,0.270,0.259,0.002,0.002,0.006,1,0.000,0.000,0.000,0,4,0,0
366,0.689,0.689,0.662,0.002,0.016,0.009,1,0.000,0.000,0.000,0,4,0,0
367,1.126,1.126,1.104,0.013,0.004,0.005,1,0.000,0.000,0.000,0,4,0,0
368,0.598,0.598,0.585,0.004,0.002,0.008,1,0.000,0.000,0.000,0,4,0,0
369,0.484,0.484,0.474,0.003,0.002,0.005,1,0.000,0.000,0.000,0,4,0,0
370,0.495,0.495,0.486,0.002,0.002,0.004,1,0.000,0.000,0.000,0,4,0,0
371,0.509,0.509,0.498,0.003,0.002,0.005,1,0.000,0.000,0.000,0,4,0,0
372,0.444,0.444,0.435,0.003,0.002,0.004,1,0.000,0.000,0.000,0,4,0,0
373,0.435,0.435,0.426,0.003,0.002,0.004,1,0.000,0.000,0.000,0,4,0,0
374,0.476,0.476,0.467,0.003,0.002,0.005,1,0.000,0.000,0.000,0,4,0,0
375,0.434,0.434,0.425,0.003,0.002,0.004,1,0.000,0.000,0.000,0,4,0,0
376,0.432,0.432,0.423,0.002,0.002,0.004,1,0.000,0.000,0.000,0,4,0,0
377,1.632,1.632,1.608,0.003,0.002,0.019,1,0.000,0.000,0.000,0,4,0,0
378,0.763,0.763,0.733,0.013,0.009,0.008,1,0.000,0.000,0.000,0,4,0,0
379,0.304,0.304,0.294,0.002,0.002,0.005,1,0.000,0.000,0.000,0,4,0,0
380,0.288,0.288,0.277,0.003,0.002,0.007,1,0.000,0.000,0.000,0,4,0,0
381,0.262,0.262,0.253,0.002,0.002,0.005,1,0.000,0.000,0.000,0,4,0,0
382,0.258,0.258,0.249,0.002,0.002,0.004,1,0.000,0.000,0.000,0,4,0,0
383,0.272,0.272,0.262,0.002,0.002,0.006,1,0.000,0.000,0.000,0,4,0,0
384,0.955,0.955,0.947,0.002,0.002,0.005,1,0.000,0.000,0.000,0,4,0,0
385,0.344,0.344,0.330,0.003,0.003,0.008,1,0.000,0.000,0.000,0,4,0,0
386,0.283,0.283,0.271,0.003,0.003,0.006,1,0.000,0.000,0.000,0,4,0,0
387,0.264,0.264,0.254,0.003,0.002,0.005,1,0.000,0.000,0.000,0,4,0,0
388,0.259,0.259,0.250,0.002,0.002,0.005,1,0.000,0.000,0.000,0,4,0,0
389,0.262,0.262,0.251,0.002,0.002,0.007,1,0.000,0.000,0.000,0,4,0,0
390,0.258,0.258,0.248,0.002,0.002,0.006,1,0.000,0.000,0.000,0,4,0,0
391,0.257,0.257,0.248,0.002,0.002,0.005,1,0.000,0.000,0.000,0,4,0,0
392,0.258,0.258,0.248,0.002,0.002,0.006,1,0.000,0.000,0.000,0,4,0,0
393,0.254,0.254,0.245,0.002,0.002,0.005,1,0.000,0.000,0.000,0,4,0,0
394,0.256,0.256,0.247,0.002,0.002,0.005,1,0.000,0.000,0.000,0,4,0,0
395,0.258,0.258,0.248,0.002,0.002,0.006,1,0.000,0.000,0.000,0,4,0,0
396,0.257,0.257,0.247,0.002,0.002,0.005,1,0.000,0.000,0.000,0,4,0,0
397,0.254,0.254,0.245,0.002,0.002,0.005,1,0.000,0.000,0.000,0,4,0,0
398,0.262,0.262,0.251,0.002,0.002,0.007,1,0.000,0.000,0.000,0,4,0,0
399,0.256,0.256,0.247,0.002,0.002,0.005,1,0.000,0.000,0.000,0,4,0,0
400,0.256,0.256,0.247,0.002,0.002,0.005,1,0.000,0.000,0.000,0,4,0,0
401,0.263,0.263,0.253,0.002,0.002,0.006,1,0.000,0.000,0.000,0,4,0,0
402,0.686,0.686,0.656,0.002,0.013,0.015,1,0.000,0.000,0.000,0,4,0,0
403,0.958,0.958,0.939,0.009,0.004,0.007,1,0.000,0.000,0.000,0,4,0,0
404,0.484,0.484,0.473,0.004,0.002,0.004,1,0.000,0.000,0.000,0,4,0,0
405,0.446,0.446,0.437,0.003,0.002,0.004,1,0.000,0.000,0.000,0,4,0,0
406,0.490,0.490,0.480,0.003,0.002,0.005,1,0.000,0.000,0.000,0,4,0,0
407,1.564,1.564,1.554,0.003,0.002,0.004,1,0.000,0.000,0.000,0,4,0,0
408,0.486,0.486,0.477,0.003,0.002,0.004,1,0.000,0.000,0.000,0,4,0,0
409,0.479,0.479,0.469,0.003,0.002,0.005,1,0.000,0.000,0.000,0,4,0,0
410,0.448,0.448,0.439,0.003,0.002,0.004,1,0.000,0.000,0.000,0,4,0,0
411,0.508,0.508,0.499,0.003,0.002,0.004,1,0.000,0.000,0.000,0,4,0,0
412,0.483,0.483,0.473,0.003,0.002,0.005,1,0.000,0.000,0.000,0,4,0,0
413,0.435,0.435,0.426,0.003,0.002,0.004,1,0.000,0.000,0.000,0,4,0,0
414,0.431,0.431,0.422,0.002,0.002,0.004,1,0.000,0.000,0.000,0,4,0,0
415,0.473,0.473,0.463,0.003,0.002,0.005,1,0.000,0.000,0.000,0,4,0,0
416,0.451,0.451,0.442,0.003,0.002,0.004,1,0.000,0.000,0.000,0,4,0,0
417,0.436,0.436,0.427,0.002,0.002,0.004,1,0.000,0.000,0.000,0,4,0,0
418,0.472,0.472,0.463,0.003,0.002,0.005,1,0.000,0.000,0.000,0,4,0,0
419,0.554,0.554,0.544,0.003,0.003,0.004,1,0.000,0.000,0.000,0,4,0,0
420,0.432,0.432,0.424,0.003,0.002,0.004,1,0.000,0.000,0.000,0,4,0,0
421,0.469,0.469,0.460,0.002,0.002,0.005,1,0.000,0.000,0.000,0,4,0,0
422,0.427,0.427,0.418,0.003,0.002,0.004,1,0.000,0.000,0.000,0,4,0,0
423,0.424,0.424,0.415,0.002,0.002,0.004,1,0.000,0.000,0.000,0,4,0,0
424,0.473,0.473,0.463,0.003,0.002,0.005,1,0.000,0.000,0.000,0,4,0,0
425,0.495,0.495,0.486,0.003,0.002,0.004,1,0.000,0.000,0.000,0,4,0,0
426,0.448,0.448,0.439,0.003,0.002,0.004,1,0.000,0.000,0.000,0,4,0,0
427,1.303,1.303,1.293,0.003,0.002,0.005,1,0.000,0.000,0.000,0,4,0,0
428,0.433,0.433,0.424,0.003,0.002,0.004,1,0.000,0.000,0.000,0,4,0,0
429,0.426,0.426,0.418,0.003,0.002,0.004,1,0.000,0.000,0.000,0,4,0,0
430,0.468,0.468,0.459,0.003,0.002,0.005,1,0.000,0.000,0.000,0,4,0,0
431,0.522,0.522,0.511,0.003,0.002,0.005,1,0.000,0.000,0.000,0,4,0,0
432,0.434,0.434,0.425,0.003,0.002,0.004,1,0.000,0.000,0.000,0,4,0,0
433,0.490,0.490,0.480,0.003,0.002,0.005,1,0.000,0.000,0.000,0,4,0,0
434,0.433,0.433,0.424,0.003,0.002,0.004,1,0.000,0.000,0.000,0,4,0,0
435,0.435,0.435,0.427,0.002,0.002,0.004,1,0.000,0.000,0.000,0,4,0,0
436,0.475,0.475,0.466,0.003,0.002,0.005,1,0.000,0.000,0.000,0,4,0,0
437,0.431,0.431,0.422,0.003,0.002,0.004,1,0.000,0.000,0.000,0,4,0,0
438,0.428,0.428,0.419,0.003,0.002,0.004,1,0.000,0.000,0.000,0,4,0,0
439,1.091,1.091,1.081,0.003,0.002,0.005,1,0.000,0.000,0.000,0,4,0,0
440,0.432,0.432,0.424,0.003,0.002,0.004,1,0.000,0.000,0.000,0,4,0,0
441,0.443,0.443,0.434,0.003,0.002,0.004,1,0.000,0.000,0.000,0,4,0,0
442,0.470,0.470,0.460,0.003,0.002,0.005,1,0.000,0.000,0.000,0,4,0,0
443,0.430,0.430,0.421,0.003,0.002,0.004,1,0.000,0.000,0.000,0,4,0,0
444,0.428,0.428,0.419,0.002,0.002,0.004,1,0.000,0.000,0.000,0,4,0,0
445,0.469,0.469,0.459,0.003,0.002,0.004,1,0.000,0.000,0.000,0,4,0,0
446,0.427,0.427,0.418,0.003,0.002,0.004,1,0.000,0.000,0.000,0,4,0,0
447,1.258,1.258,1.248,0.003,0.002,0.005,1,0.000,0.000,0.000,0,4,0,0
448,0.519,0.519,0.508,0.003,0.002,0.005,1,0.000,0.000,0.000,0,4,0,0
449,0.440,0.440,0.431,0.003,0.002,0.004,1,0.000,0.000,0.000,0,4,0,0
450,0.432,0.432,0.424,0.003,0.002,0.004,1,0.000,0.000,0.000,0,4,0,0
451,0.470,0.470,0.460,0.002,0.002,0.005,1,0.000,0.000,0.000,0,4,0,0
452,0.429,0.429,0.420,0.002,0.002,0.004,1,0.000,0.000,0.000,0,4,0,0
453,0.731,0.731,0.723,0.003,0.002,0.004,1,0.000,0.000,0.000,0,4,0,0
454,0.471,0.471,0.461,0.003,0.002,0.005,1,0.000,0.000,0.000,0,4,0,0
455,0.428,0.428,0.419,0.002,0.002,0.004,1,0.000,0.000,0.000,0,4,0,0
456,0.431,0.431,0.422,0.003,0.002,0.004,1,0.000,0.000,0.000,0,4,0,0
457,0.815,0.815,0.805,0.003,0.002,0.005,1,0.000,0.000,0.000,0,4,0,0
458,1.092,1.092,1.047,0.015,0.011,0.018,1,0.000,0.000,0.000,0,4,0,0
459,0.326,0.326,0.315,0.004,0.002,0.005,1,0.000,0.000,0.000,0,4,0,0
460,0.283,0.283,0.271,0.003,0.002,0.007,1,0.000,0.000,0.000,0,4,0,0
461,0.269,0.269,0.259,0.003,0.002,0.006,1,0.000,0.000,0.000,0,4,0,0
462,0.499,0.499,0.490,0.002,0.002,0.005,1,0.000,0.000,0.000,0,4,0,0
463,0.271,0.271,0.261,0.002,0.002,0.006,1,0.000,0.000,0.000,0,4,0,0
464,0.259,0.259,0.251,0.002,0.002,0.005,1,0.000,0.000,0.000,0,4,0,0
465,0.257,0.257,0.248,0.002,0.002,0.005,1,0.000,0.000,0.000,0,4,0,0
466,0.259,0.259,0.249,0.002,0.002,0.006,1,0.000,0.000,0.000,0,4,0,0
467,0.255,0.255,0.246,0.002,0.002,0.005,1,0.000,0.000,0.000,0,4,0,0
468,0.256,0.256,0.246,0.003,0.002,0.005,1,0.000,0.000,0.000,0,4,0,0
469,0.258,0.258,0.247,0.002,0.002,0.006,1,0.000,0.000,0.000,0,4,0,0
470,0.254,0.254,0.245,0.002,0.002,0.005,1,0.000,0.000,0.000,0,4,0,0
471,0.252,0.252,0.243,0.002,0.002,0.005,1,0.000,0.000,0.000,0,4,0,0
472,0.258,0.258,0.248,0.002,0.002,0.006,1,0.000,0.000,0.000,0,4,0,0
473,0.518,0.518,0.508,0.002,0.002,0.005,1,0.000,0.000,0.000,0,4,0,0
474,0.259,0.259,0.250,0.002,0.002,0.005,1,0.000,0.000,0.000,0,4,0,0
475,0.262,0.262,0.251,0.002,0.002,0.006,1,0.000,0.000,0.000,0,4,0,0
476,0.254,0.254,0.245,0.002,0.002,0.005,1,0.000,0.000,0.000,0,4,0,0
477,0.253,0.253,0.244,0.002,0.002,0.005,1,0.000,0.000,0.000,0,4,0,0
478,0.257,0.257,0.247,0.002,0.002,0.006,1,0.000,0.000,0.000,0,4,0,0
479,0.512,0.512,0.501,0.003,0.002,0.006,1,0.000,0.000,0.000,0,4,0,0
480,0.272,0.272,0.263,0.003,0.002,0.005,1,0.000,0.000,0.000,0,4,0,0
481,0.521,0.521,0.510,0.003,0.002,0.007,1,0.000,0.000,0.000,0,4,0,0
482,0.274,0.274,0.264,0.003,0.002,0.005,1,0.000,0.000,0.000,0,4,0,0
483,0.261,0.261,0.252,0.002,0.002,0.005,1,0.000,0.000,0.000,0,4,0,0
484,0.263,0.263,0.253,0.002,0.002,0.006,1,0.000,0.000,0.000,0,4,0,0
485,0.255,0.255,0.246,0.002,0.002,0.005,1,0.000,0.000,0.000,0,4,0,0
486,0.255,0.255,0.246,0.002,0.002,0.005,1,0.000,0.000,0.000,0,4,0,0
487,0.260,0.260,0.249,0.002,0.002,0.007,1,0.000,0.000,0.000,0,4,0,0
488,0.264,0.264,0.255,0.002,0.002,0.005,1,0.000,0.000,0.000,0,4,0,0
489,0.253,0.253,0.244,0.002,0.002,0.005,1,0.000,0.000,0.000,0,4,0,0
490,0.261,0.261,0.250,0.002,0.002,0.007,1,0.000,0.000,0.000,0,4,0,0
491,0.253,0.253,0.244,0.002,0.002,0.005,1,0.000,0.000,0.000,0,4,0,0
492,0.800,0.800,0.789,0.003,0.003,0.006,1,0.000,0.000,0.000,0,4,0,0
493,0.300,0.300,0.289,0.003,0.002,0.006,1,0.000,0.000,0.000,0,4,0,0
494,0.268,0.268,0.258,0.003,0.002,0.005,1,0.000,0.000,0.000,0,4,0,0
495,0.331,0.331,0.321,0.003,0.002,0.006,1,0.000,0.000,0.000,0,4,0,0
496,0.486,0.486,0.475,0.003,0.002,0.006,1,0.000,0.000,0.000,0,4,0,0
497,0.263,0.263,0.253,0.002,0.002,0.005,1,0.000,0.000,0.000,0,4,0,0
498,0.259,0.259,0.250,0.002,0.002,0.005,1,0.000,0.000,0.000,0,4,0,0
499,0.261,0.261,0.250,0.002,0.002,0.006,1,0.000,0.000,0.000,0,4,0,0
500,0.255,0.255,0.245,0.003,0.002,0.005,1,0.000,0.000,0.000,0,4,0,0
501,0.360,0.360,0.350,0.003,0.002,0.005,1,0.000,0.000,0.000,0,4,0,0
502,0.269,0.269,0.259,0.002,0.002,0.006,1,0.000,0.000,0.000,0,4,0,0
503,0.518,0.518,0.509,0.002,0.002,0.005,1,0.000,0.000,0.000,0,4,0,0
504,0.285,0.285,0.273,0.003,0.002,0.007,1,0.000,0.000,0.000,0,4,0,0
505,0.265,0.265,0.256,0.003,0.002,0.005,1,0.000,0.000,0.000,0,4,0,0
506,0.259,0.259,0.250,0.002,0.002,0.005,1,0.000,0.000,0.000,0,4,0,0
507,0.260,0.260,0.250,0.002,0.002,0.006,1,0.000,0.000,0.000,0,4,0,0
508,0.254,0.254,0.245,0.002,0.002,0.005,1,0.000,0.000,0.000,0,4,0,0
509,0.254,0.254,0.245,0.002,0.002,0.005,1,0.000,0.000,0.000,0,4,0,0
510,0.414,0.414,0.403,0.002,0.002,0.006,1,0.000,0.000,0.000,0,4,0,0
511,0.261,0.261,0.252,0.002,0.002,0.005,1,0.000,0.000,0.000,0,4,0,0
512,0.256,0.256,0.247,0.002,0.002,0.005,1,0.000,0.000,0.000,0,4,0,0
513,0.259,0.259,0.247,0.002,0.002,0.007,1,0.000,0.000,0.000,0,4,0,0
514,0.254,0.254,0.245,0.002,0.002,0.005,1,0.000,0.000,0.000,0,4,0,0
515,0.253,0.253,0.244,0.002,0.002,0.005,1,0.000,0.000,0.000,0,4,0,0
516,0.258,0.258,0.247,0.002,0.002,0.006,1,0.000,0.000,0.000,0,4,0,0
517,0.252,0.252,0.243,0.002,0.002,0.004,1,0.000,0.000,0.000,0,4,0,0
518,0.357,0.357,0.348,0.002,0.002,0.005,1,0.000,0.000,0.000,0,4,0,0
519,0.261,0.261,0.251,0.002,0.002,0.006,1,0.000,0.000,0.000,0,4,0,0
520,0.253,0.253,0.244,0.002,0.002,0.005,1,0.000,0.000,0.000,0,4,0,0
521,0.252,0.252,0.244,0.003,0.002,0.004,1,0.000,0.000,0.000,0,4,0,0
522,0.276,0.276,0.264,0.003,0.002,0.007,1,0.000,0.000,0.000,0,8,0,0
523,0.264,0.264,0.254,0.004,0.002,0.005,1,0.000,0.000,0.000,0,8,0,0
524,0.262,0.262,0.252,0.003,0.002,0.005,1,0.000,0.000,0.000,0,8,0,0
525,0.411,0.411,0.401,0.003,0.002,0.006,1,0.000,0.000,0.000,0,8,0,0
526,0.266,0.266,0.257,0.003,0.002,0.005,1,0.000,0.000,0.000,0,8,0,0
527,0.266,0.266,0.256,0.004,0.002,0.005,1,0.000,0.000,0.000,0,8,0,0
528,0.269,0.269,0.258,0.004,0.002,0.006,1,0.000,0.000,0.000,0,8,0,0
529,0.265,0.265,0.255,0.003,0.002,0.005,1,0.000,0.000,0.000,0,8,0,0
530,0.713,0.713,0.698,0.005,0.002,0.008,1,0.000,0.000,0.000,0,8,0,0
531,0.304,0.304,0.291,0.004,0.002,0.007,1,0.000,0.000,0.000,0,8,0,0
532,0.274,0.274,0.264,0.003,0.002,0.005,1,0.000,0.000,0.000,0,8,0,0
533,0.267,0.267,0.257,0.003,0.002,0.005,1,0.000,0.000,0.000,0,8,0,0
534,0.267,0.267,0.255,0.003,0.002,0.006,1,0.000,0.000,0.000,0,8,0,0
535,1.569,1.569,1.543,0.003,0.002,0.021,1,0.000,0.000,0.000,0,8,0,0
536,0.471,0.471,0.452,0.006,0.005,0.008,1,0.000,0.000,0.000,0,8,0,0
537,0.694,0.694,0.675,0.004,0.002,0.013,1,0.000,0.000,0.000,0,8,0,0
538,1.123,1.123,1.095,0.015,0.008,0.006,1,0.000,0.000,0.000,0,8,0,0
539,0.765,0.765,0.753,0.005,0.002,0.005,1,0.000,0.000,0.000,0,8,0,0
540,0.522,0.522,0.511,0.004,0.002,0.006,1,0.000,0.000,0.000,0,8,0,0
541,0.450,0.450,0.439,0.004,0.002,0.004,1,0.000,0.000,0.000,0,8,0,0
542,0.440,0.440,0.430,0.004,0.002,0.004,1,0.000,0.000,0.000,0,8,0,0
543,0.486,0.486,0.476,0.004,0.002,0.005,1,0.000,0.000,0.000,0,8,0,0
544,0.443,0.443,0.433,0.003,0.002,0.004,1,0.000,0.000,0.000,0,8,0,0
545,0.440,0.440,0.431,0.003,0.002,0.004,1,0.000,0.000,0.000,0,8,0,0
546,0.477,0.477,0.467,0.004,0.002,0.005,1,0.000,0.000,0.000,0,8,0,0
547,0.441,0.441,0.431,0.004,0.002,0.004,1,0.000,0.000,0.000,0,8,0,0
548,0.440,0.440,0.430,0.004,0.002,0.004,1,0.000,0.000,0.000,0,8,0,0
549,0.481,0.481,0.470,0.004,0.002,0.005,1,0.000,0.000,0.000,0,8,0,0
550,0.435,0.435,0.425,0.004,0.002,0.004,1,0.000,0.000,0.000,0,8,0,0
551,0.442,0.442,0.433,0.004,0.002,0.004,1,0.000,0.000,0.000,0,8,0,0
552,0.487,0.487,0.477,0.003,0.002,0.004,1,0.000,0.000,0.000,0,8,0,0
553,10.630,10.630,10.584,0.013,0.009,0.023,1,0.000,0.000,0.000,0,8,0,0
554,0.671,0.671,0.657,0.005,0.003,0.006,1,0.000,0.000,0.000,0,8,0,0
555,0.545,0.545,0.532,0.005,0.002,0.006,1,0.000,0.000,0.000,0,8,0,0
556,0.473,0.473,0.454,0.004,0.002,0.013,1,0.000,0.000,0.000,0,8,0,0
557,0.577,0.577,0.567,0.004,0.002,0.004,1,0.000,0.000,0.000,0,8,0,0
558,0.503,0.503,0.492,0.004,0.002,0.006,1,0.000,0.000,0.000,0,8,0,0
559,0.555,0.555,0.544,0.004,0.002,0.005,1,0.000,0.000,0.000,0,8,0,0
560,0.454,0.454,0.445,0.003,0.002,0.004,1,0.000,0.000,0.000,0,8,0,0
561,0.495,0.495,0.484,0.005,0.002,0.005,1,0.000,0.000,0.000,0,8,0,0
562,0.442,0.442,0.432,0.004,0.002,0.004,1,0.000,0.000,0.000,0,8,0,0
563,0.440,0.440,0.430,0.004,0.002,0.004,1,0.000,0.000,0.000,0,8,0,0
564,0.482,0.482,0.472,0.004,0.002,0.005,1,0.000,0.000,0.000,0,8,0,0
565,0.437,0.437,0.427,0.004,0.002,0.004,1,0.000,0.000,0.000,0,8,0,0
566,0.435,0.435,0.425,0.004,0.002,0.004,1,0.000,0.000,0.000,0,8,0,0
567,0.479,0.479,0.468,0.004,0.002,0.005,1,0.000,0.000,0.000,0,8,0,0
568,0.436,0.436,0.426,0.004,0.002,0.004,1,0.000,0.000,0.000,0,8,0,0
569,0.434,0.434,0.425,0.004,0.002,0.004,1,0.000,0.000,0.000,0,8,0,0
570,0.480,0.480,0.470,0.004,0.002,0.005,1,0.000,0.000,0.000,0,8,0,0
571,0.434,0.434,0.424,0.004,0.002,0.004,1,0.000,0.000,0.000,0,8,0,0
572,0.434,0.434,0.424,0.004,0.002,0.004,1,0.000,0.000,0.000,0,8,0,0
573,0.476,0.476,0.466,0.004,0.002,0.004,1,0.000,0.000,0.000,0,8,0,0
574,0.432,0.432,0.423,0.004,0.002,0.004,1,0.000,0.000,0.000,0,8,0,0
575,0.453,0.453,0.443,0.004,0.002,0.004,1,0.000,0.000,0.000,0,8,0,0
576,0.478,0.478,0.467,0.004,0.002,0.005,1,0.000,0.000,0.000,0,8,0,0
577,0.435,0.435,0.425,0.004,0.002,0.004,1,0.000,0.000,0.000,0,8,0,0
578,0.433,0.433,0.424,0.003,0.002,0.004,1,0.000,0.000,0.000,0,8,0,0
579,0.505,0.505,0.494,0.004,0.002,0.005,1,0.000,0.000,0.000,0,8,0,0
580,0.444,0.444,0.434,0.003,0.002,0.004,1,0.000,0.000,0.000,0,8,0,0
581,0.434,0.434,0.424,0.003,0.002,0.004,1,0.000,0.000,0.000,0,8,0,0
582,0.569,0.569,0.558,0.004,0.003,0.005,1,0.000,0.000,0.000,0,8,0,0
583,0.451,0.451,0.441,0.004,0.002,0.004,1,0.000,0.000,0.000,0,8,0,0
584,0.441,0.441,0.431,0.004,0.002,0.004,1,0.000,0.000,0.000,0,8,0,0
585,0.479,0.479,0.469,0.004,0.002,0.005,1,0.000,0.000,0.000,0,8,0,0
586,0.433,0.433,0.424,0.004,0.002,0.004,1,0.000,0.000,0.000,0,8,0,0
587,0.435,0.435,0.425,0.004,0.002,0.004,1,0.000,0.000,0.000,0,8,0,0
588,0.486,0.486,0.475,0.004,0.002,0.005,1,0.000,0.000,0.000,0,8,0,0
589,0.435,0.435,0.426,0.003,0.002,0.004,1,0.000,0.000,0.000,0,8,0,0
590,0.438,0.438,0.428,0.003,0.002,0.004,1,0.000,0.000,0.000,0,8,0,0
591,0.488,0.488,0.477,0.004,0.002,0.005,1,0.000,0.000,0.000,0,8,0,0
592,0.434,0.434,0.424,0.004,0.002,0.004,1,0.000,0.000,0.000,0,8,0,0
593,0.434,0.434,0.423,0.004,0.002,0.004,1,0.000,0.000,0.000,0,8,0,0
594,0.477,0.477,0.466,0.004,0.002,0.005,1,0.000,0.000,0.000,0,8,0,0
595,0.436,0.436,0.426,0.004,0.002,0.004,1,0.000,0.000,0.000,0,8,0,0
596,0.434,0.434,0.424,0.004,0.002,0.004,1,0.000,0.000,0.000,0,8,0,0
597,0.474,0.474,0.464,0.003,0.002,0.005,1,0.000,0.000,0.000,0,8,0,0
598,0.475,0.475,0.465,0.004,0.002,0.004,1,0.000,0.000,0.000,0,8,0,0
599,0.706,0.706,0.695,0.004,0.002,0.005,1,0.000,0.000,0.000,0,8,0,0
600,0.514,0.514,0.502,0.004,0.002,0.006,1,0.000,0.000,0.000,0,8,0,0
601,0.512,0.512,0.501,0.004,0.002,0.005,1,0.000,0.000,0.000,0,8,0,0
602,0.490,0.490,0.480,0.004,0.002,0.005,1,0.000,0.000,0.000,0,8,0,0
603,0.539,0.539,0.529,0.004,0.002,0.004,1,0.000,0.000,0.000,0,8,0,0
604,0.453,0.453,0.443,0.004,0.002,0.004,1,0.000,0.000,0.000,0,8,0,0
605,0.488,0.488,0.478,0.004,0.002,0.005,1,0.000,0.000,0.000,0,8,0,0
606,0.440,0.440,0.429,0.004,0.002,0.005,1,0.000,0.000,0.000,0,8,0,0
607,0.437,0.437,0.428,0.004,0.002,0.004,1,0.000,0.000,0.000,0,8,0,0
608,0.481,0.481,0.470,0.004,0.002,0.005,1,0.000,0.000,0.000,0,8,0,0
609,4.971,4.971,4.961,0.004,0.002,0.005,1,0.000,0.000,0.000,0,8,0,0
610,1.547,1.547,1.530,0.007,0.003,0.007,1,0.000,0.000,0.000,0,8,0,0
611,0.618,0.618,0.606,0.004,0.002,0.005,1,0.000,0.000,0.000,0,8,0,0
612,0.464,0.464,0.454,0.004,0.002,0.004,1,0.000,0.000,0.000,0,8,0,0
613,2.611,2.611,2.561,0.018,0.011,0.022,1,0.000,0.000,0.000,0,8,0,0
614,0.485,0.485,0.472,0.005,0.002,0.007,1,0.000,0.000,0.000,0,8,0,0
615,0.321,0.321,0.310,0.004,0.002,0.005,1,0.000,0.000,0.000,0,8,0,0
616,0.300,0.300,0.290,0.004,0.002,0.005,1,0.000,0.000,0.000,0,8,0,0
617,0.300,0.300,0.289,0.003,0.002,0.006,1,0.000,0.000,0.000,0,8,0,0
618,0.293,0.293,0.283,0.003,0.002,0.005,1,0.000,0.000,0.000,0,8,0,0
619,0.300,0.300,0.290,0.003,0.002,0.005,1,0.000,0.000,0.000,0,8,0,0
620,0.297,0.297,0.286,0.003,0.002,0.006,1,0.000,0.000,0.000,0,8,0,0
621,0.293,0.293,0.283,0.003,0.002,0.005,1,0.000,0.000,0.000,0,8,0,0
622,0.293,0.293,0.282,0.004,0.002,0.005,1,0.000,0.000,0.000,0,8,0,0
623,0.354,0.354,0.343,0.004,0.002,0.006,1,0.000,0.000,0.000,0,8,0,0
624,0.300,0.300,0.290,0.004,0.002,0.005,1,0.000,0.000,0.000,0,8,0,0
625,0.295,0.295,0.285,0.003,0.002,0.005,1,0.000,0.000,0.000,0,8,0,0
626,0.295,0.295,0.285,0.004,0.002,0.005,1,0.000,0.000,0.000,0,8,0,0
627,0.294,0.294,0.284,0.003,0.002,0.004,1,0.000,0.000,0.000,0,8,0,0
628,0.292,0.292,0.282,0.003,0.002,0.005,1,0.000,0.000,0.000,0,8,0,0
629,0.296,0.296,0.285,0.003,0.002,0.006,1,0.000,0.000,0.000,0,8,0,0
630,0.296,0.296,0.286,0.003,0.002,0.004,1,0.000,0.000,0.000,0,8,0,0
631,0.294,0.294,0.284,0.004,0.002,0.004,1,0.000,0.000,0.000,0,8,0,0
632,0.295,0.295,0.284,0.004,0.002,0.005,1,0.000,0.000,0.000,0,8,0,0
633,0.293,0.293,0.283,0.004,0.002,0.005,1,0.000,0.000,0.000,0,8,0,0
634,0.291,0.291,0.281,0.003,0.002,0.004,1,0.000,0.000,0.000,0,8,0,0
635,0.674,0.674,0.651,0.007,0.005,0.011,1,0.000,0.000,0.000,0,8,0,0
636,0.480,0.480,0.470,0.004,0.002,0.004,1,0.000,0.000,0.000,0,8,0,0
637,0.430,0.430,0.420,0.004,0.002,0.004,1,0.000,0.000,0.000,0,8,0,0
638,0.423,0.423,0.413,0.004,0.002,0.005,1,0.000,0.000,0.000,0,8,0,0
639,0.461,0.461,0.452,0.003,0.002,0.004,1,0.000,0.000,0.000,0,8,0,0
640,0.485,0.485,0.471,0.005,0.003,0.006,1,0.000,0.000,0.000,0,8,0,0
641,0.403,0.403,0.391,0.004,0.002,0.006,1,0.000,0.000,0.000,0,8,0,0
642,0.379,0.379,0.368,0.004,0.002,0.005,1,0.000,0.000,0.000,0,8,0,0
643,0.624,0.624,0.609,0.006,0.003,0.006,1,0.000,0.000,0.000,0,8,0,0
644,0.461,0.461,0.450,0.004,0.002,0.005,1,0.000,0.000,0.000,0,8,0,0
645,0.397,0.397,0.382,0.005,0.004,0.006,1,0.000,0.000,0.000,0,8,0,0
646,0.278,0.278,0.267,0.004,0.002,0.005,1,0.000,0.000,0.000,0,8,0,0
647,0.270,0.270,0.259,0.003,0.002,0.006,1,0.000,0.000,0.000,0,8,0,0
648,0.260,0.260,0.250,0.003,0.002,0.004,1,0.000,0.000,0.000,0,8,0,0
649,0.257,0.257,0.248,0.003,0.002,0.004,1,0.000,0.000,0.000,0,8,0,0
650,0.260,0.260,0.250,0.003,0.002,0.005,1,0.000,0.000,0.000,0,8,0,0
651,0.256,0.256,0.246,0.003,0.002,0.005,1,0.000,0.000,0.000,0,8,0,0
652,0.252,0.252,0.243,0.003,0.002,0.004,1,0.000,0.000,0.000,0,8,0,0
653,0.256,0.256,0.246,0.003,0.002,0.005,1,0.000,0.000,0.000,0,8,0,0
654,0.255,0.255,0.246,0.003,0.002,0.005,1,0.000,0.000,0.000,0,8,0,0
655,0.256,0.256,0.247,0.003,0.002,0.005,1,0.000,0.000,0.000,0,8,0,0
656,0.258,0.258,0.246,0.003,0.002,0.006,1,0.000,0.000,0.000,0,8,0,0
657,0.254,0.254,0.244,0.003,0.002,0.004,1,0.000,0.000,0.000,0,8,0,0
658,0.254,0.254,0.244,0.003,0.002,0.005,1,0.000,0.000,0.000,0,8,0,0
659,0.570,0.570,0.555,0.005,0.003,0.007,1,0.000,0.000,0.000,0,8,0,0
660,0.393,0.393,0.379,0.005,0.003,0.006,1,0.000,0.000,0.000,0,8,0,0
661,0.273,0.273,0.265,0.003,0.002,0.004,1,0.000,0.000,0.000,0,4,0,0
662,0.251,0.251,0.242,0.002,0.002,0.006,1,0.000,0.000,0.000,0,4,0,0
663,0.237,0.237,0.229,0.002,0.002,0.004,1,0.000,0.000,0.000,0,4,0,0
664,0.234,0.234,0.226,0.002,0.002,0.005,1,0.000,0.000,0.000,0,4,0,0
665,0.251,0.251,0.241,0.002,0.002,0.006,1,0.000,0.000,0.000,0,4,0,0
666,0.236,0.236,0.228,0.002,0.002,0.004,1,0.000,0.000,0.000,0,4,0,0
667,0.233,0.233,0.225,0.002,0.002,0.004,1,0.000,0.000,0.000,0,4,0,0
668,0.237,0.237,0.228,0.002,0.002,0.005,1,0.000,0.000,0.000,0,4,0,0
669,0.233,0.233,0.225,0.002,0.002,0.004,1,0.000,0.000,0.000,0,4,0,0
670,0.230,0.230,0.222,0.002,0.002,0.004,1,0.000,0.000,0.000,0,4,0,0
671,0.234,0.234,0.225,0.002,0.002,0.005,1,0.000,0.000,0.000,0,4,0,0
672,0.232,0.232,0.224,0.002,0.002,0.004,1,0.000,0.000,0.000,0,4,0,0
673,0.231,0.231,0.223,0.002,0.002,0.005,1,0.000,0.000,0.000,0,4,0,0
674,0.237,0.237,0.228,0.002,0.002,0.006,1,0.000,0.000,0.000,0,4,0,0
675,0.231,0.231,0.223,0.002,0.002,0.004,1,0.000,0.000,0.000,0,4,0,0
676,0.230,0.230,0.222,0.002,0.002,0.004,1,0.000,0.000,0.000,0,4,0,0
677,0.270,0.270,0.261,0.002,0.002,0.005,1,0.000,0.000,0.000,0,4,0,0
678,0.237,0.237,0.229,0.002,0.002,0.004,1,0.000,0.000,0.000,0,4,0,0
679,0.233,0.233,0.225,0.002,0.002,0.004,1,0.000,0.000,0.000,0,4,0,0
680,0.238,0.238,0.229,0.002,0.002,0.005,1,0.000,0.000,0.000,0,4,0,0
681,0.233,0.233,0.225,0.002,0.002,0.004,1,0.000,0.000,0.000,0,4,0,0
682,0.230,0.230,0.222,0.002,0.002,0.004,1,0.000,0.000,0.000,0,4,0,0
683,0.235,0.235,0.226,0.002,0.002,0.006,1,0.000,0.000,0.000,0,4,0,0
684,0.232,0.232,0.224,0.002,0.002,0.004,1,0.000,0.000,0.000,0,4,0,0
685,0.571,0.571,0.562,0.002,0.002,0.005,1,0.000,0.000,0.000,0,4,0,0
686,0.324,0.324,0.313,0.003,0.002,0.005,1,0.000,0.000,0.000,0,4,0,0
687,0.525,0.525,0.510,0.004,0.004,0.007,1,0.000,0.000,0.000,0,4,0,0
688,0.267,0.267,0.257,0.003,0.002,0.005,1,0.000,0.000,0.000,0,4,0,0
689,0.250,0.250,0.241,0.002,0.002,0.006,1,0.000,0.000,0.000,0,4,0,0
690,0.269,0.269,0.259,0.002,0.002,0.005,1,0.000,0.000,0.000,0,4,0,0
691,0.241,0.241,0.233,0.002,0.002,0.004,1,0.000,0.000,0.000,0,4,0,0
692,0.239,0.239,0.230,0.002,0.002,0.006,1,0.000,0.000,0.000,0,4,0,0
693,0.269,0.269,0.260,0.002,0.002,0.005,1,0.000,0.000,0.000,0,4,0,0
694,0.238,0.238,0.229,0.002,0.002,0.005,1,0.000,0.000,0.000,0,4,0,0
695,0.238,0.238,0.229,0.002,0.002,0.005,1,0.000,0.000,0.000,0,4,0,0
696,0.233,0.233,0.225,0.002,0.002,0.005,1,0.000,0.000,0.000,0,4,0,0
697,0.232,0.232,0.223,0.003,0.002,0.005,1,0.000,0.000,0.000,0,4,0,0
698,0.236,0.236,0.227,0.002,0.002,0.005,1,0.000,0.000,0.000,0,4,0,0
699,0.252,0.252,0.243,0.002,0.002,0.005,1,0.000,0.000,0.000,0,4,0,0
700,0.235,0.235,0.227,0.002,0.002,0.004,1,0.000,0.000,0.000,0,4,0,0
701,0.237,0.237,0.228,0.002,0.002,0.006,1,0.000,0.000,0.000,0,4,0,0
702,0.233,0.233,0.225,0.002,0.002,0.004,1,0.000,0.000,0.000,0,4,0,0
703,0.237,0.237,0.228,0.002,0.002,0.005,1,0.000,0.000,0.000,0,4,0,0
704,0.233,0.233,0.224,0.002,0.002,0.004,1,0.000,0.000,0.000,0,4,0,0
705,0.232,0.232,0.224,0.002,0.002,0.004,1,0.000,0.000,0.000,0,4,0,0
706,0.237,0.237,0.228,0.002,0.002,0.005,1,0.000,0.000,0.000,0,4,0,0
707,0.231,0.231,0.223,0.002,0.002,0.004,1,0.000,0.000,0.000,0,4,0,0
708,0.232,0.232,0.223,0.002,0.002,0.004,1,0.000,0.000,0.000,0,4,0,0
709,0.236,0.236,0.226,0.002,0.002,0.006,1,0.000,0.000,0.000,0,4,0,0
710,0.233,0.233,0.225,0.002,0.002,0.004,1,0.000,0.000,0.000,0,4,0,0
711,0.232,0.232,0.223,0.002,0.002,0.005,1,0.000,0.000,0.000,0,4,0,0
712,0.237,0.237,0.228,0.002,0.002,0.005,1,0.000,0.000,0.000,0,4,0,0
713,0.230,0.230,0.222,0.002,0.002,0.004,1,0.000,0.000,0.000,0,4,0,0
714,0.231,0.231,0.223,0.002,0.002,0.004,1,0.000,0.000,0.000,0,4,0,0
715,0.234,0.234,0.225,0.002,0.002,0.005,1,0.000,0.000,0.000,0,4,0,0
716,0.232,0.232,0.223,0.002,0.002,0.004,1,0.000,0.000,0.000,0,4,0,0
717,0.231,0.231,0.222,0.003,0.002,0.004,1,0.000,0.000,0.000,0,4,0,0
718,0.241,0.241,0.231,0.002,0.002,0.006,1,0.000,0.000,0.000,0,4,0,0
719,0.311,0.311,0.302,0.002,0.002,0.005,1,0.000,0.000,0.000,0,4,0,0
720,0.241,0.241,0.233,0.002,0.002,0.005,1,0.000,0.000,0.000,0,4,0,0
721,0.239,0.239,0.229,0.002,0.002,0.006,1,0.000,0.000,0.000,0,4,0,0
722,0.236,0.236,0.227,0.002,0.002,0.004,1,0.000,0.000,0.000,0,4,0,0
723,2.559,2.559,2.537,0.009,0.004,0.009,1,0.000,0.000,0.000,0,12,0,0
724,1.134,1.134,0.984,0.006,0.002,0.142,1,0.000,0.000,0.000,0,12,0,0
725,0.967,0.967,0.917,0.006,0.002,0.041,1,0.000,0.000,0.000,0,12,0,0
726,0.926,0.926,0.878,0.006,0.002,0.040,1,0.000,0.000,0.000,0,12,0,0
727,0.933,0.933,0.872,0.006,0.002,0.052,1,0.000,0.000,0.000,0,12,0,0
728,0.912,0.912,0.864,0.006,0.002,0.040,1,0.000,0.000,0.000,0,12,0,0
729,0.911,0.911,0.863,0.006,0.002,0.040,1,0.000,0.000,0.000,0,12,0,0
730,0.925,0.925,0.865,0.006,0.002,0.051,1,0.000,0.000,0.000,0,12,0,0
731,1.730,1.730,1.663,0.010,0.006,0.052,1,0.000,0.000,0.000,0,12,0,0
732,1.128,1.128,1.072,0.007,0.004,0.045,1,0.000,0.000,0.000,0,12,0,0
733,0.961,0.961,0.901,0.006,0.002,0.052,1,0.000,0.000,0.000,0,12,0,0
734,0.926,0.926,0.877,0.006,0.002,0.040,1,0.000,0.000,0.000,0,12,0,0
735,0.916,0.916,0.867,0.006,0.002,0.040,1,0.000,0.000,0.000,0,12,0,0
736,1.005,1.005,0.944,0.006,0.002,0.052,1,0.000,0.000,0.000,0,12,0,0
737,2.289,2.289,2.226,0.011,0.004,0.047,1,0.000,0.000,0.000,0,12,0,0
738,1.142,1.142,1.092,0.008,0.003,0.039,1,0.000,0.000,0.000,0,12,0,0
739,1.269,1.269,1.197,0.009,0.004,0.058,1,0.000,0.000,0.000,0,12,0,0
740,0.980,0.980,0.931,0.006,0.003,0.040,1,0.000,0.000,0.000,0,12,0,0
741,0.925,0.925,0.877,0.006,0.002,0.040,1,0.000,0.000,0.000,0,12,0,0
742,0.936,0.936,0.876,0.006,0.002,0.052,1,0.000,0.000,0.000,0,12,0,0
743,0.910,0.910,0.863,0.006,0.002,0.039,1,0.000,0.000,0.000,0,12,0,0
744,0.916,0.916,0.867,0.006,0.002,0.040,1,0.000,0.000,0.000,0,12,0,0
745,0.925,0.925,0.865,0.006,0.002,0.052,1,0.000,0.000,0.000,0,12,0,0
746,0.911,0.911,0.863,0.006,0.002,0.040,1,0.000,0.000,0.000,0,12,0,0
747,1.037,1.037,0.930,0.006,0.003,0.099,1,0.000,0.000,0.000,0,12,0,0
748,0.960,0.960,0.899,0.006,0.002,0.053,1,0.000,0.000,0.000,0,12,0,0
749,0.916,0.916,0.867,0.006,0.002,0.040,1,0.000,0.000,0.000,0,12,0,0
750,0.922,0.922,0.874,0.006,0.002,0.040,1,0.000,0.000,0.000,0,12,0,0
751,0.990,0.990,0.930,0.006,0.002,0.052,1,0.000,0.000,0.000,0,12,0,0
752,0.913,0.913,0.865,0.006,0.002,0.040,1,0.000,0.000,0.000,0,12,0,0
753,0.911,0.911,0.863,0.006,0.002,0.040,1,0.000,0.000,0.000,0,12,0,0
754,0.929,0.929,0.869,0.006,0.002,0.052,1,0.000,0.000,0.000,0,12,0,0
755,0.908,0.908,0.860,0.006,0.002,0.040,1,0.000,0.000,0.000,0,12,0,0
756,0.910,0.910,0.862,0.006,0.002,0.040,1,0.000,0.000,0.000,0,12,0,0
757,0.915,0.915,0.855,0.006,0.002,0.052,1,0.000,0.000,0.000,0,12,0,0
758,0.932,0.932,0.883,0.006,0.002,0.040,1,0.000,0.000,0.000,0,12,0,0
759,0.911,0.911,0.863,0.006,0.002,0.040,1,0.000,0.000,0.000,0,12,0,0
760,0.924,0.924,0.864,0.006,0.002,0.052,1,0.000,0.000,0.000,0,12,0,0
761,0.907,0.907,0.860,0.005,0.002,0.040,1,0.000,0.000,0.000,0,12,0,0
762,1.157,1.157,1.103,0.008,0.004,0.043,1,0.000,0.000,0.000,0,12,0,0
763,1.026,1.026,0.962,0.007,0.003,0.055,1,0.000,0.000,0.000,0,12,0,0
764,0.925,0.925,0.877,0.006,0.002,0.040,1,0.000,0.000,0.000,0,12,0,0
765,0.938,0.938,0.890,0.006,0.002,0.040,1,0.000,0.000,0.000,0,12,0,0
766,0.928,0.928,0.868,0.006,0.003,0.052,1,0.000,0.000,0.000,0,12,0,0
767,0.911,0.911,0.863,0.006,0.002,0.040,1,0.000,0.000,0.000,0,12,0,0
768,0.912,0.912,0.864,0.006,0.002,0.040,1,0.000,0.000,0.000,0,12,0,0
769,0.928,0.928,0.869,0.006,0.002,0.051,1,0.000,0.000,0.000,0,12,0,0
770,0.913,0.913,0.865,0.006,0.002,0.040,1,0.000,0.000,0.000,0,12,0,0
771,0.911,0.911,0.863,0.006,0.002,0.040,1,0.000,0.000,0.000,0,12,0,0
772,0.925,0.925,0.865,0.006,0.002,0.052,1,0.000,0.000,0.000,0,12,0,0
773,0.924,0.924,0.876,0.006,0.002,0.040,1,0.000,0.000,0.000,0,12,0,0
774,0.908,0.908,0.860,0.006,0.002,0.040,1,0.000,0.000,0.000,0,12,0,0
775,0.923,0.923,0.864,0.006,0.002,0.051,1,0.000,0.000,0.000,0,12,0,0
776,0.911,0.911,0.863,0.006,0.002,0.040,1,0.000,0.000,0.000,0,12,0,0
777,0.911,0.911,0.863,0.006,0.002,0.040,1,0.000,0.000,0.000,0,12,0,0
778,0.923,0.923,0.864,0.006,0.002,0.051,1,0.000,0.000,0.000,0,12,0,0
779,0.992,0.992,0.944,0.006,0.002,0.040,1,0.000,0.000,0.000,0,12,0,0
780,0.926,0.926,0.877,0.006,0.003,0.040,1,0.000,0.000,0.000,0,12,0,0
781,1.966,1.966,1.897,0.009,0.003,0.057,1,0.000,0.000,0.000,0,12,0,0
782,1.187,1.187,1.129,0.008,0.005,0.045,1,0.000,0.000,0.000,0,12,0,0
783,0.956,0.956,0.906,0.006,0.003,0.041,1,0.000,0.000,0.000,0,12,0,0
784,1.525,1.525,1.466,0.006,0.002,0.052,1,0.000,0.000,0.000,0,12,0,0
785,1.194,1.194,1.139,0.008,0.003,0.043,1,0.000,0.000,0.000,0,12,0,0
786,1.602,1.602,1.552,0.009,0.003,0.038,1,0.000,0.000,0.000,0,12,0,0
787,1.095,1.095,1.037,0.006,0.003,0.050,1,0.000,0.000,0.000,0,12,0,0
788,1.243,1.243,1.183,0.008,0.005,0.048,1,0.000,0.000,0.000,0,12,0,0
789,0.990,0.990,0.941,0.006,0.002,0.041,1,0.000,0.000,0.000,0,12,0,0
790,0.950,0.950,0.889,0.006,0.002,0.053,1,0.000,0.000,0.000,0,12,0,0
791,0.917,0.917,0.869,0.006,0.002,0.040,1,0.000,0.000,0.000,0,12,0,0
792,0.914,0.914,0.867,0.005,0.002,0.040,1,0.000,0.000,0.000,0,12,0,0
793,0.965,0.965,0.905,0.006,0.002,0.052,1,0.000,0.000,0.000,0,12,0,0
794,0.913,0.913,0.866,0.006,0.002,0.039,1,0.000,0.000,0.000,0,12,0,0
795,0.911,0.911,0.863,0.006,0.002,0.040,1,0.000,0.000,0.000,0,12,0,0
796,0.926,0.926,0.867,0.005,0.002,0.052,1,0.000,0.000,0.000,0,12,0,0
797,0.933,0.933,0.885,0.006,0.002,0.040,1,0.000,0.000,0.000,0,12,0,0
798,0.910,0.910,0.863,0.006,0.002,0.040,1,0.000,0.000,0.000,0,12,0,0
799,0.927,0.927,0.867,0.006,0.002,0.052,1,0.000,0.000,0.000,0,12,0,0
800,0.926,0.926,0.877,0.006,0.002,0.040,1,0.000,0.000,0.000,0,12,0,0
801,0.910,0.910,0.862,0.006,0.002,0.040,1,0.000,0.000,0.000,0,12,0,0
802,0.926,0.926,0.866,0.006,0.002,0.052,1,0.000,0.000,0.000,0,12,0,0
803,0.909,0.909,0.861,0.006,0.002,0.040,1,0.000,0.000,0.000,0,12,0,0
804,0.933,0.933,0.872,0.007,0.002,0.052,1,0.000,0.000,0.000,0,16,0,0
805,0.917,0.917,0.868,0.007,0.002,0.040,1,0.000,0.000,0.000,0,16,0,0
806,0.918,0.918,0.869,0.007,0.002,0.040,1,0.000,0.000,0.000,0,16,0,0
807,0.932,0.932,0.871,0.007,0.002,0.052,1,0.000,0.000,0.000,0,16,0,0
808,0.919,0.919,0.870,0.007,0.002,0.040,1,0.000,0.000,0.000,0,16,0,0
809,0.998,0.998,0.949,0.007,0.003,0.040,1,0.000,0.000,0.000,0,16,0,0
810,0.937,0.937,0.877,0.007,0.002,0.051,1,0.000,0.000,0.000,0,16,0,0
811,0.930,0.930,0.880,0.007,0.002,0.040,1,0.000,0.000,0.000,0,16,0,0
812,0.917,0.917,0.869,0.006,0.002,0.040,1,0.000,0.000,0.000,0,16,0,0
813,0.932,0.932,0.871,0.007,0.002,0.052,1,0.000,0.000,0.000,0,16,0,0
814,0.916,0.916,0.867,0.007,0.003,0.040,1,0.000,0.000,0.000,0,16,0,0
815,0.939,0.939,0.891,0.007,0.002,0.040,1,0.000,0.000,0.000,0,16,0,0
816,0.935,0.935,0.874,0.007,0.002,0.052,1,0.000,0.000,0.000,0,16,0,0
817,0.916,0.916,0.867,0.007,0.002,0.040,1,0.000,0.000,0.000,0,16,0,0
818,0.917,0.917,0.868,0.007,0.002,0.040,1,0.000,0.000,0.000,0,16,0,0
819,0.944,0.944,0.884,0.006,0.002,0.052,1,0.000,0.000,0.000,0,16,0,0
820,0.918,0.918,0.870,0.007,0.002,0.040,1,0.000,0.000,0.000,0,16,0,0
821,0.913,0.913,0.864,0.007,0.002,0.040,1,0.000,0.000,0.000,0,16,0,0
822,0.928,0.928,0.867,0.007,0.002,0.052,1,0.000,0.000,0.000,0,16,0,0
823,0.916,0.916,0.867,0.007,0.002,0.040,1,0.000,0.000,0.000,0,16,0,0
824,0.916,0.916,0.868,0.007,0.002,0.040,1,0.000,0.000,0.000,0,16,0,0
825,0.930,0.930,0.869,0.007,0.002,0.052,1,0.000,0.000,0.000,0,16,0,0
826,0.921,0.921,0.872,0.006,0.002,0.040,1,0.000,0.000,0.000,0,16,0,0
827,1.118,1.118,1.061,0.009,0.004,0.044,1,0.000,0.000,0.000,0,16,0,0
828,1.280,1.280,1.213,0.008,0.003,0.055,1,0.000,0.000,0.000,0,16,0,0
829,1.167,1.167,1.111,0.009,0.003,0.043,1,0.000,0.000,0.000,0,16,0,0
830,0.967,0.967,0.917,0.007,0.003,0.041,1,0.000,0.000,0.000,0,16,0,0
831,0.959,0.959,0.897,0.007,0.002,0.053,1,0.000,0.000,0.000,0,16,0,0
832,0.929,0.929,0.880,0.007,0.002,0.040,1,0.000,0.000,0.000,0,16,0,0
833,0.918,0.918,0.869,0.007,0.002,0.040,1,0.000,0.000,0.000,0,16,0,0
834,0.934,0.934,0.872,0.007,0.002,0.053,1,0.000,0.000,0.000,0,16,0,0
835,0.918,0.918,0.870,0.007,0.002,0.040,1,0.000,0.000,0.000,0,16,0,0
836,0.918,0.918,0.869,0.007,0.002,0.040,1,0.000,0.000,0.000,0,16,0,0
837,0.952,0.952,0.877,0.007,0.002,0.066,1,0.000,0.000,0.000,0,16,0,0
838,2.382,2.382,2.317,0.011,0.006,0.048,1,0.000,0.000,0.000,0,16,0,0
839,1.217,1.217,1.163,0.008,0.003,0.042,1,0.000,0.000,0.000,0,16,0,0
840,0.980,0.980,0.919,0.007,0.003,0.052,1,0.000,0.000,0.000,0,16,0,0
841,0.932,0.932,0.882,0.007,0.003,0.040,1,0.000,0.000,0.000,0,16,0,0
842,0.924,0.924,0.875,0.007,0.002,0.040,1,0.000,0.000,0.000,0,16,0,0
843,0.937,0.937,0.876,0.006,0.002,0.052,1,0.000,0.000,0.000,0,16,0,0
844,1.450,1.450,1.400,0.007,0.002,0.040,1,0.000,0.000,0.000,0,16,0,0
845,0.986,0.986,0.936,0.008,0.002,0.040,1,0.000,0.000,0.000,0,16,0,0
846,0.955,0.955,0.894,0.007,0.003,0.051,1,0.000,0.000,0.000,0,16,0,0
847,0.946,0.946,0.897,0.007,0.003,0.040,1,0.000,0.000,0.000,0,16,0,0
848,0.945,0.945,0.896,0.007,0.002,0.040,1,0.000,0.000,0.000,0,16,0,0
849,1.355,1.355,1.153,0.008,0.002,0.192,1,0.000,0.000,0.000,0,16,0,0
850,1.091,1.091,0.952,0.007,0.003,0.129,1,0.000,0.000,0.000,0,16,0,0
851,1.050,1.050,0.915,0.007,0.002,0.125,1,0.000,0.000,0.000,0,16,0,0
852,1.132,1.132,0.920,0.007,0.002,0.203,1,0.000,0.000,0.000,0,16,0,0
853,1.166,1.166,1.031,0.007,0.003,0.125,1,0.000,0.000,0.000,0,16,0,0
854,1.041,1.041,0.907,0.007,0.002,0.124,1,0.000,0.000,0.000,0,16,0,0
855,1.075,1.075,0.906,0.007,0.002,0.159,1,0.000,0.000,0.000,0,16,0,0
856,1.222,1.222,1.088,0.007,0.002,0.124,1,0.000,0.000,0.000,0,16,0,0
857,1.051,1.051,0.917,0.007,0.002,0.125,1,0.000,0.000,0.000,0,16,0,0
858,1.081,1.081,0.912,0.007,0.002,0.159,1,0.000,0.000,0.000,0,16,0,0
859,1.150,1.150,1.016,0.006,0.002,0.125,1,0.000,0.000,0.000,0,16,0,0
860,1.292,1.292,1.158,0.007,0.003,0.125,1,0.000,0.000,0.000,0,16,0,0
861,1.096,1.096,0.919,0.007,0.002,0.168,1,0.000,0.000,0.000,0,16,0,0
862,1.160,1.160,1.011,0.007,0.002,0.139,1,0.000,0.000,0.000,0,16,0,0
863,1.038,1.038,0.905,0.007,0.002,0.124,1,0.000,0.000,0.000,0,16,0,0
864,1.071,1.071,0.903,0.007,0.002,0.159,1,0.000,0.000,0.000,0,16,0,0
865,1.145,1.145,1.011,0.007,0.003,0.124,1,0.000,0.000,0.000,0,16,0,0
866,1.038,1.038,0.905,0.007,0.002,0.124,1,0.000,0.000,0.000,0,16,0,0
867,1.076,1.076,0.908,0.007,0.002,0.159,1,0.000,0.000,0.000,0,16,0,0
868,1.145,1.145,1.010,0.007,0.002,0.125,1,0.000,0.000,0.000,0,16,0,0
869,1.192,1.192,0.996,0.007,0.002,0.186,1,0.000,0.000,0.000,0,16,0,0
870,1.816,1.816,1.606,0.013,0.005,0.191,1,0.000,0.000,0.000,0,16,0,0
871,1.231,1.231,1.094,0.008,0.003,0.126,1,0.000,0.000,0.000,0,16,0,0
872,1.069,1.069,0.934,0.007,0.003,0.125,1,0.000,0.000,0.000,0,16,0,0
873,1.086,1.086,0.918,0.007,0.002,0.159,1,0.000,0.000,0.000,0,16,0,0
874,1.180,1.180,1.046,0.007,0.002,0.124,1,0.000,0.000,0.000,0,16,0,0
875,1.190,1.190,0.912,0.007,0.002,0.268,1,0.000,0.000,0.000,0,16,0,0
876,1.517,1.517,1.216,0.008,0.003,0.291,1,0.000,0.000,0.000,0,16,0,0
877,1.144,1.144,0.996,0.008,0.003,0.137,1,0.000,0.000,0.000,0,16,0,0
878,1.070,1.070,0.934,0.007,0.003,0.126,1,0.000,0.000,0.000,0,16,0,0
879,1.175,1.175,1.039,0.007,0.002,0.126,1,0.000,0.000,0.000,0,16,0,0
880,2.060,2.060,1.952,0.011,0.006,0.090,1,0.000,0.000,0.000,0,16,0,0
881,2.765,2.765,2.635,0.005,0.029,0.095,1,0.000,0.000,0.000,0,4,0,0
882,29.426,29.426,29.303,0.016,0.013,0.093,1,0.000,0.000,0.000,0,4,0,0
883,13.522,13.522,13.358,0.014,0.127,0.022,1,0.000,0.000,0.000,0,4,0,0
884,43.522,43.522,43.433,0.022,0.010,0.057,1,0.000,0.000,0.000,0,32,0,0
885,0.545,0.545,0.494,0.012,0.003,0.037,1,0.000,0.000,0.000,0,32,0,0
886,1.363,1.363,1.311,0.009,0.004,0.038,1,0.000,0.000,0.000,0,32,0,0
887,0.402,0.402,0.361,0.011,0.002,0.028,1,0.000,0.000,0.000,0,32,0,0
888,0.741,0.741,0.691,0.009,0.003,0.038,1,0.000,0.000,0.000,0,32,0,0
889,0.478,0.478,0.438,0.010,0.003,0.027,1,0.000,0.000,0.000,0,32,0,0
890,0.374,0.374,0.336,0.009,0.002,0.026,1,0.000,0.000,0.000,0,32,0,0
891,0.546,0.546,0.501,0.009,0.003,0.033,1,0.000,0.000,0.000,0,32,0,0
892,0.472,0.472,0.434,0.009,0.003,0.026,1,0.000,0.000,0.000,0,32,0,0
893,0.344,0.344,0.307,0.010,0.002,0.025,1,0.000,0.000,0.000,0,32,0,0
894,0.380,0.380,0.336,0.009,0.002,0.032,1,0.000,0.000,0.000,0,32,0,0
895,0.467,0.467,0.428,0.009,0.002,0.028,1,0.000,0.000,0.000,0,32,0,0
896,0.363,0.363,0.325,0.010,0.002,0.027,1,0.000,0.000,0.000,0,32,0,0
897,0.384,0.384,0.338,0.009,0.002,0.035,1,0.000,0.000,0.000,0,32,0,0
898,0.438,0.438,0.400,0.009,0.002,0.027,1,0.000,0.000,0.000,0,32,0,0
899,0.561,0.561,0.521,0.010,0.002,0.027,1,0.000,0.000,0.000,0,32,0,0
900,0.394,0.394,0.349,0.009,0.002,0.032,1,0.000,0.000,0.000,0,32,0,0
901,0.444,0.444,0.406,0.009,0.003,0.026,1,0.000,0.000,0.000,0,32,0,0
902,0.369,0.369,0.324,0.009,0.003,0.032,1,0.000,0.000,0.000,0,32,0,0
903,0.449,0.449,0.411,0.009,0.003,0.026,1,0.000,0.000,0.000,0,32,0,0
904,0.358,0.358,0.320,0.009,0.002,0.026,1,0.000,0.000,0.000,0,32,0,0
905,0.403,0.403,0.357,0.010,0.002,0.034,1,0.000,0.000,0.000,0,32,0,0
906,0.481,0.481,0.442,0.009,0.003,0.027,1,0.000,0.000,0.000,0,32,0,0
907,0.367,0.367,0.330,0.009,0.002,0.026,1,0.000,0.000,0.000,0,32,0,0
908,0.460,0.460,0.416,0.009,0.002,0.032,1,0.000,0.000,0.000,0,32,0,0
909,0.567,0.567,0.526,0.009,0.003,0.028,1,0.000,0.000,0.000,0,32,0,0
910,0.405,0.405,0.365,0.010,0.003,0.027,1,0.000,0.000,0.000,0,32,0,0
911,0.950,0.950,0.901,0.010,0.003,0.037,1,0.000,0.000,0.000,0,32,0,0
912,0.478,0.478,0.438,0.010,0.002,0.028,1,0.000,0.000,0.000,0,32,0,0
913,0.416,0.416,0.378,0.010,0.003,0.026,1,0.000,0.000,0.000,0,32,0,0
914,0.442,0.442,0.395,0.009,0.003,0.035,1,0.000,0.000,0.000,0,32,0,0
915,0.892,0.892,0.852,0.009,0.003,0.028,1,0.000,0.000,0.000,0,24,0,0
916,2.649,2.649,2.597,0.008,0.003,0.041,1,0.000,0.000,0.000,0,24,0,0
917,0.574,0.574,0.522,0.011,0.006,0.036,1,0.000,0.000,0.000,0,24,0,0
918,0.985,0.985,0.892,0.009,0.017,0.067,1,0.000,0.000,0.000,0,24,0,0
919,1.325,1.325,1.271,0.018,0.003,0.032,1,0.000,0.000,0.000,0,24,0,0
920,0.808,0.808,0.763,0.009,0.003,0.034,1,0.000,0.000,0.000,0,24,0,0
921,0.505,0.505,0.468,0.009,0.003,0.026,1,0.000,0.000,0.000,0,24,0,0
922,0.683,0.683,0.626,0.013,0.005,0.040,1,0.000,0.000,0.000,0,24,0,0
923,0.410,0.410,0.364,0.009,0.002,0.034,1,0.000,0.000,0.000,0,24,0,0
924,0.392,0.392,0.356,0.008,0.002,0.026,1,0.000,0.000,0.000,0,24,0,0
925,1.002,1.002,0.837,0.008,0.002,0.155,1,0.000,0.000,0.000,0,24,0,0
926,0.877,0.877,0.664,0.012,0.004,0.198,1,0.000,0.000,0.000,0,24,0,0
927,1.307,1.307,1.155,0.008,0.002,0.142,1,0.000,0.000,0.000,0,24,0,0
928,1.032,1.032,0.881,0.008,0.002,0.141,1,0.000,0.000,0.000,0,24,0,0
929,1.086,1.086,0.893,0.007,0.002,0.184,1,0.000,0.000,0.000,0,24,0,0
930,1.286,1.286,1.135,0.008,0.002,0.141,1,0.000,0.000,0.000,0,24,0,0
931,1.036,1.036,0.885,0.008,0.002,0.141,1,0.000,0.000,0.000,0,24,0,0
932,1.188,1.188,0.990,0.008,0.002,0.188,1,0.000,0.000,0.000,0,24,0,0
933,1.290,1.290,1.139,0.009,0.002,0.140,1,0.000,0.000,0.000,0,24,0,0
934,1.027,1.027,0.876,0.008,0.002,0.141,1,0.000,0.000,0.000,0,24,0,0
935,1.257,1.257,1.054,0.008,0.005,0.190,1,0.000,0.000,0.000,0,24,0,0
936,1.305,1.305,1.144,0.010,0.003,0.148,1,0.000,0.000,0.000,0,168,0,0
937,1.043,1.043,0.884,0.014,0.003,0.142,1,0.000,0.000,0.000,0,684,0,0
938,1.065,1.065,0.864,0.014,0.002,0.185,1,0.000,0.000,0.000,0,684,0,0
939,1.261,1.261,1.103,0.014,0.003,0.142,1,0.000,0.000,0.000,0,684,0,0
940,1.077,1.077,0.917,0.014,0.003,0.144,1,0.000,0.000,0.000,0,684,0,0
941,1.074,1.074,0.871,0.013,0.002,0.188,1,0.000,0.000,0.000,0,684,0,0
942,1.285,1.285,1.127,0.014,0.002,0.141,1,0.000,0.000,0.000,0,684,0,0
943,1.031,1.031,0.873,0.014,0.002,0.142,1,0.000,0.000,0.000,0,684,0,0
944,1.092,1.092,0.889,0.014,0.003,0.186,1,0.000,0.000,0.000,0,684,0,0
945,1.739,1.739,1.431,0.014,0.005,0.289,1,0.000,0.000,0.000,0,684,0,0
946,1.429,1.429,1.166,0.015,0.003,0.245,1,0.000,0.000,0.000,0,684,0,0
947,1.746,1.746,1.347,0.014,0.003,0.381,1,0.000,0.000,0.000,0,684,0,0
948,1.972,1.972,1.723,0.014,0.002,0.233,1,0.000,0.000,0.000,0,684,0,0
949,1.574,1.574,1.326,0.014,0.003,0.232,1,0.000,0.000,0.000,0,684,0,0
950,1.664,1.664,1.340,0.014,0.002,0.309,1,0.000,0.000,0.000,0,684,0,0
951,1.968,1.968,1.721,0.014,0.002,0.231,1,0.000,0.000,0.000,0,684,0,0
952,2.523,2.523,2.143,0.017,0.008,0.355,1,0.000,0.000,0.000,0,684,0,0
953,1.318,1.318,0.927,0.016,0.004,0.371,1,0.000,0.000,0.000,0,684,0,0
954,1.990,1.990,1.729,0.014,0.003,0.244,1,0.000,0.000,0.000,0,684,0,0
955,1.631,1.631,1.367,0.013,0.002,0.249,1,0.000,0.000,0.000,0,684,0,0
956,1.747,1.747,1.398,0.013,0.002,0.333,1,0.000,0.000,0.000,0,684,0,0
957,2.125,2.125,1.857,0.013,0.002,0.252,1,0.000,0.000,0.000,0,684,0,0
958,1.707,1.707,1.436,0.013,0.003,0.254,1,0.000,0.000,0.000,0,684,0,0
959,1.817,1.817,1.463,0.014,0.003,0.337,1,0.000,0.000,0.000,0,684,0,0
960,2.208,2.208,1.940,0.015,0.003,0.250,1,0.000,0.000,0.000,0,684,0,0
961,2.963,2.963,2.684,0.013,0.006,0.260,1,0.000,0.000,0.000,0,684,0,0
962,1.350,1.350,0.982,0.016,0.005,0.346,1,0.000,0.000,0.000,0,684,0,0
963,2.338,2.338,2.065,0.014,0.005,0.255,1,0.000,0.000,0.000,0,684,0,0
964,2.204,2.204,1.935,0.017,0.003,0.249,1,0.000,0.000,0.000,0,684,0,0
965,1.891,1.891,1.600,0.013,0.002,0.275,1,0.000,0.000,0.000,0,684,0,0
966,1.758,1.758,1.588,0.014,0.002,0.154,1,0.000,0.000,0.000,0,684,0,0
967,1.150,1.150,0.979,0.014,0.002,0.155,1,0.000,0.000,0.000,0,684,0,0
968,1.205,1.205,0.985,0.013,0.003,0.204,1,0.000,0.000,0.000,0,684,0,0
969,1.441,1.441,1.274,0.013,0.002,0.151,1,0.000,0.000,0.000,0,684,0,0
970,1.148,1.148,0.980,0.013,0.002,0.153,1,0.000,0.000,0.000,0,684,0,0
971,1.386,1.386,1.153,0.013,0.006,0.214,1,0.000,0.000,0.000,0,684,0,0
972,1.471,1.471,1.290,0.014,0.004,0.162,1,0.000,0.000,0.000,0,684,0,0
973,1.132,1.132,0.963,0.013,0.002,0.153,1,0.000,0.000,0.000,0,684,0,0
974,1.199,1.199,0.984,0.013,0.003,0.200,1,0.000,0.000,0.000,0,684,0,0
975,1.454,1.454,1.269,0.014,0.002,0.169,1,0.000,0.000,0.000,0,684,0,0
976,1.188,1.188,1.001,0.014,0.002,0.170,1,0.000,0.000,0.000,0,684,0,0
977,1.291,1.291,1.049,0.013,0.003,0.226,1,0.000,0.000,0.000,0,684,0,0
978,1.519,1.519,1.335,0.013,0.002,0.168,1,0.000,0.000,0.000,0,684,0,0
979,1.220,1.220,1.035,0.013,0.003,0.168,1,0.000,0.000,0.000,0,684,0,0
980,1.699,1.699,1.447,0.019,0.004,0.228,1,0.000,0.000,0.000,0,684,0,0
981,1.525,1.525,1.350,0.015,0.004,0.157,1,0.000,0.000,0.000,0,684,0,0
982,1.105,1.105,0.941,0.014,0.003,0.147,1,0.000,0.000,0.000,0,684,0,0
983,1.159,1.159,0.948,0.014,0.002,0.195,1,0.000,0.000,0.000,0,684,0,0
984,1.384,1.384,1.218,0.014,0.003,0.149,1,0.000,0.000,0.000,0,684,0,0
985,1.226,1.226,1.036,0.013,0.002,0.175,1,0.000,0.000,0.000,0,684,0,0
986,1.208,1.208,1.006,0.014,0.002,0.185,1,0.000,0.000,0.000,0,684,0,0
987,1.261,1.261,1.107,0.013,0.002,0.138,1,0.000,0.000,0.000,0,684,0,0
988,1.006,1.006,0.852,0.013,0.002,0.138,1,0.000,0.000,0.000,0,684,0,0
989,1.326,1.326,1.117,0.019,0.003,0.186,1,0.000,0.000,0.000,0,684,0,0
990,1.292,1.292,1.130,0.015,0.003,0.144,1,0.000,0.000,0.000,0,684,0,0
991,1.773,1.773,1.606,0.013,0.005,0.148,1,0.000,0.000,0.000,0,684,0,0
992,1.135,1.135,0.926,0.015,0.003,0.191,1,0.000,0.000,0.000,0,684,0,0
993,1.309,1.309,1.153,0.013,0.002,0.141,1,0.000,0.000,0.000,0,684,0,0
994,1.163,1.163,0.953,0.013,0.003,0.195,1,0.000,0.000,0.000,0,684,0,0
995,1.135,1.135,0.929,0.014,0.003,0.189,1,0.000,0.000,0.000,0,684,0,0
996,2.087,2.087,1.941,0.013,0.006,0.127,1,0.000,0.000,0.000,0,684,0,0
997,1.429,1.429,1.273,0.016,0.003,0.137,1,0.000,0.000,0.000,0,684,0,0
998,1.170,1.170,0.968,0.017,0.005,0.181,1,0.000,0.000,0.000,0,684,0,0
999,1.274,1.274,1.112,0.014,0.002,0.145,1,0.000,0.000,0.000,0,684,0,0
1000,1.061,1.061,0.916,0.013,0.003,0.129,1,0.000,0.000,0.000,0,684,0,0
1001,0.960,0.960,0.811,0.013,0.002,0.133,1,0.000,0.000,0.000,0,684,0,0
1002,0.980,0.980,0.862,0.013,0.002,0.102,1,0.000,0.000,0.000,0,684,0,0
1003,0.833,0.833,0.683,0.013,0.002,0.135,1,0.000,0.000,0.000,0,684,0,0
1004,0.975,0.975,0.859,0.013,0.002,0.101,1,0.000,0.000,0.000,0,684,0,0
1005,1.278,1.278,1.092,0.013,0.003,0.170,1,0.000,0.000,0.000,0,684,0,0
1006,1.348,1.348,1.084,0.014,0.003,0.247,1,0.000,0.000,0.000,0,684,0,0
1007,1.788,1.788,1.572,0.014,0.005,0.197,1,0.000,0.000,0.000,0,684,0,0
1008,1.349,1.349,1.133,0.014,0.004,0.198,1,0.000,0.000,0.000,0,684,0,0
1009,1.389,1.389,1.126,0.013,0.003,0.247,1,0.000,0.000,0.000,0,684,0,0
1010,1.643,1.643,1.440,0.013,0.002,0.187,1,0.000,0.000,0.000,0,684,0,0
1011,1.312,1.312,1.108,0.013,0.002,0.188,1,0.000,0.000,0.000,0,684,0,0
1012,1.431,1.431,1.160,0.013,0.002,0.256,1,0.000,0.000,0.000,0,684,0,0
1013,1.642,1.642,1.451,0.013,0.003,0.175,1,0.000,0.000,0.000,0,684,0,0
1014,1.249,1.249,1.067,0.013,0.003,0.166,1,0.000,0.000,0.000,0,684,0,0
1015,1.510,1.510,1.255,0.013,0.002,0.240,1,0.000,0.000,0.000,0,684,0,0
1016,1.528,1.528,1.345,0.017,0.004,0.162,1,0.000,0.000,0.000,0,684,0,0
1017,1.150,1.150,0.984,0.013,0.002,0.150,1,0.000,0.000,0.000,0,684,0,0
1018,1.176,1.176,0.963,0.013,0.002,0.198,1,0.000,0.000,0.000,0,684,0,0
1019,1.424,1.424,1.254,0.013,0.003,0.153,1,0.000,0.000,0.000,0,684,0,0
1020,1.219,1.219,1.035,0.013,0.002,0.169,1,0.000,0.000,0.000,0,684,0,0
1021,1.272,1.272,1.035,0.013,0.003,0.222,1,0.000,0.000,0.000,0,684,0,0
1022,1.533,1.533,1.352,0.014,0.002,0.165,1,0.000,0.000,0.000,0,684,0,0
1023,1.245,1.245,1.063,0.013,0.002,0.167,1,0.000,0.000,0.000,0,684,0,0
1024,1.529,1.529,1.332,0.013,0.004,0.180,1,0.000,0.000,0.000,0,684,0,0
1025,1.415,1.415,1.152,0.014,0.003,0.246,1,0.000,0.000,0.000,0,684,0,0
1026,1.532,1.532,1.295,0.013,0.002,0.221,1,0.000,0.000,0.000,0,684,0,0
1027,1.615,1.615,1.307,0.013,0.002,0.293,1,0.000,0.000,0.000,0,684,0,0
1028,2.097,2.097,1.846,0.013,0.005,0.233,1,0.000,0.000,0.000,0,684,0,0
1029,1.668,1.668,1.436,0.015,0.003,0.215,1,0.000,0.000,0.000,0,684,0,0
1030,1.656,1.656,1.340,0.016,0.002,0.297,1,0.000,0.000,0.000,0,684,0,0
1031,3.426,3.426,3.189,0.014,0.004,0.219,1,0.000,0.000,0.000,0,684,0,0
1032,1.025,1.025,0.796,0.014,0.003,0.212,1,0.000,0.000,0.000,0,684,0,0
1033,1.663,1.663,1.323,0.018,0.005,0.316,1,0.000,0.000,0.000,0,684,0,0
1034,1.918,1.918,1.678,0.014,0.003,0.223,1,0.000,0.000,0.000,0,684,0,0
1035,1.594,1.594,1.339,0.013,0.002,0.239,1,0.000,0.000,0.000,0,684,0,0
1036,1.687,1.687,1.358,0.013,0.002,0.314,1,0.000,0.000,0.000,0,684,0,0
1037,2.052,2.052,1.795,0.013,0.003,0.240,1,0.000,0.000,0.000,0,684,0,0
1038,1.629,1.629,1.374,0.014,0.003,0.239,1,0.000,0.000,0.000,0,684,0,0
1039,1.780,1.780,1.453,0.013,0.002,0.310,1,0.000,0.000,0.000,0,684,0,0
1040,2.006,2.006,1.750,0.013,0.002,0.240,1,0.000,0.000,0.000,0,684,0,0
1041,1.639,1.639,1.389,0.014,0.003,0.234,1,0.000,0.000,0.000,0,684,0,0
1042,1.711,1.711,1.386,0.013,0.003,0.309,1,0.000,0.000,0.000,0,684,0,0
1043,2.228,2.228,1.963,0.013,0.003,0.249,1,0.000,0.000,0.000,0,684,0,0
1044,1.617,1.617,1.350,0.016,0.004,0.248,1,0.000,0.000,0.000,0,684,0,0
1045,1.823,1.823,1.542,0.013,0.002,0.265,1,0.000,0.000,0.000,0,684,0,0
1046,1.879,1.879,1.708,0.013,0.004,0.153,1,0.000,0.000,0.000,0,684,0,0
1047,1.135,1.135,0.953,0.015,0.002,0.165,1,0.000,0.000,0.000,0,684,0,0
1048,1.151,1.151,0.938,0.013,0.002,0.198,1,0.000,0.000,0.000,0,684,0,0
1049,1.357,1.357,1.195,0.013,0.002,0.147,1,0.000,0.000,0.000,0,684,0,0
1050,1.090,1.090,0.926,0.013,0.002,0.147,1,0.000,0.000,0.000,0,684,0,0
1051,1.147,1.147,0.938,0.013,0.002,0.193,1,0.000,0.000,0.000,0,684,0,0
1052,1.696,1.696,1.534,0.013,0.003,0.146,1,0.000,0.000,0.000,0,684,0,0
1053,1.092,1.092,0.929,0.013,0.003,0.147,1,0.000,0.000,0.000,0,684,0,0
1054,1.730,1.730,0.911,0.616,0.004,0.200,1,0.000,0.000,0.000,0,684,1,0
1055,1.471,1.471,1.268,0.015,0.004,0.183,1,0.000,0.000,0.000,0,684,0,0
1056,1.212,1.212,1.030,0.014,0.002,0.165,1,0.000,0.000,0.000,0,684,0,0
1057,1.273,1.273,1.037,0.013,0.002,0.220,1,0.000,0.000,0.000,0,684,0,0
1058,1.704,1.704,1.514,0.013,0.003,0.174,1,0.000,0.000,0.000,0,684,0,0
1059,1.800,1.800,1.603,0.013,0.006,0.178,1,0.000,0.000,0.000,0,684,0,0
1060,1.245,1.245,1.003,0.016,0.003,0.224,1,0.000,0.000,0.000,0,684,0,0
1061,1.519,1.519,1.354,0.013,0.003,0.149,1,0.000,0.000,0.000,0,684,0,0
1062,1.119,1.119,0.955,0.013,0.002,0.148,1,0.000,0.000,0.000,0,684,0,0
1063,2.526,2.526,2.295,0.013,0.006,0.211,1,0.000,0.000,0.000,0,684,0,0
1064,1.073,1.073,0.929,0.016,0.003,0.124,1,0.000,0.000,0.000,0,684,0,0
1065,1.229,1.229,1.024,0.018,0.004,0.183,1,0.000,0.000,0.000,0,684,0,0
1066,1.260,1.260,1.008,0.014,0.002,0.235,1,0.000,0.000,0.000,0,684,0,0
1067,1.699,1.699,1.515,0.014,0.004,0.166,1,0.000,0.000,0.000,0,684,0,0
1068,1.244,1.244,1.053,0.015,0.004,0.172,1,0.000,0.000,0.000,0,684,0,0
1069,1.243,1.243,1.016,0.013,0.002,0.211,1,0.000,0.000,0.000,0,684,0,0
1070,1.468,1.468,1.292,0.013,0.002,0.161,1,0.000,0.000,0.000,0,684,0,0
1071,1.187,1.187,1.010,0.014,0.002,0.161,1,0.000,0.000,0.000,0,684,0,0
1072,1.240,1.240,1.014,0.013,0.002,0.211,1,0.000,0.000,0.000,0,684,0,0
1073,1.460,1.460,1.283,0.013,0.002,0.162,1,0.000,0.000,0.000,0,684,0,0
1074,1.154,1.154,0.977,0.013,0.002,0.161,1,0.000,0.000,0.000,0,684,0,0
1075,1.268,1.268,1.033,0.013,0.003,0.220,1,0.000,0.000,0.000,0,684,0,0
1076,1.545,1.545,1.378,0.013,0.004,0.150,1,0.000,0.000,0.000,0,684,0,0
1077,1.105,1.105,0.933,0.014,0.004,0.154,1,0.000,0.000,0.000,0,684,0,0
1078,1.120,1.120,0.914,0.013,0.002,0.191,1,0.000,0.000,0.000,0,684,0,0
1079,1.354,1.354,1.192,0.014,0.002,0.146,1,0.000,0.000,0.000,0,684,0,0
1080,1.139,1.139,0.958,0.015,0.003,0.163,1,0.000,0.000,0.000,0,684,0,0
1081,1.190,1.190,0.974,0.013,0.002,0.200,1,0.000,0.000,0.000,0,684,0,0
1082,1.448,1.448,1.285,0.014,0.003,0.146,1,0.000,0.000,0.000,0,684,0,0
1083,1.054,1.054,0.892,0.013,0.003,0.146,1,0.000,0.000,0.000,0,684,0,0
1084,1.257,1.257,1.050,0.013,0.002,0.192,1,0.000,0.000,0.000,0,684,0,0
1085,1.799,1.799,1.518,0.013,0.002,0.265,1,0.000,0.000,0.000,0,684,0,0
1086,1.442,1.442,1.187,0.015,0.004,0.235,1,0.000,0.000,0.000,0,684,0,0
1087,1.655,1.655,1.346,0.013,0.003,0.293,1,0.000,0.000,0.000,0,684,0,0
1088,1.963,1.963,1.725,0.014,0.002,0.221,1,0.000,0.000,0.000,0,684,0,0
1089,1.548,1.548,1.313,0.013,0.002,0.220,1,0.000,0.000,0.000,0,684,0,0
1090,1.634,1.634,1.326,0.013,0.003,0.291,1,0.000,0.000,0.000,0,684,0,0
1091,2.134,2.134,1.889,0.013,0.005,0.228,1,0.000,0.000,0.000,0,684,0,0
1092,2.055,2.055,1.802,0.015,0.005,0.232,1,0.000,0.000,0.000,0,684,0,0
1093,2.137,2.137,1.680,0.016,0.005,0.436,1,0.000,0.000,0.000,0,684,0,0
1094,1.922,1.922,1.672,0.016,0.003,0.231,1,0.000,0.000,0.000,0,684,0,0
1095,1.588,1.588,1.336,0.014,0.003,0.236,1,0.000,0.000,0.000,0,684,0,0
1096,3.460,3.460,3.088,0.015,0.003,0.354,1,0.000,0.000,0.000,0,684,0,0
1097,1.144,1.144,0.906,0.015,0.003,0.219,1,0.000,0.000,0.000,0,684,0,0
1098,2.046,2.046,1.789,0.017,0.004,0.236,1,0.000,0.000,0.000,0,684,0,0
1099,1.679,1.679,1.378,0.014,0.003,0.284,1,0.000,0.000,0.000,0,684,0,0
1100,1.901,1.901,1.662,0.013,0.002,0.223,1,0.000,0.000,0.000,0,684,0,0
1101,1.611,1.611,1.309,0.013,0.002,0.286,1,0.000,0.000,0.000,0,684,0,0
1102,1.923,1.923,1.693,0.013,0.002,0.214,1,0.000,0.000,0.000,0,684,0,0
1103,1.518,1.518,1.287,0.014,0.002,0.215,1,0.000,0.000,0.000,0,684,0,0
1104,1.895,1.895,1.583,0.013,0.005,0.293,1,0.000,0.000,0.000,0,684,0,0
1105,1.953,1.953,1.680,0.014,0.004,0.256,1,0.000,0.000,0.000,0,684,0,0
1106,1.572,1.572,1.348,0.013,0.003,0.209,1,0.000,0.000,0.000,0,684,0,0
1107,1.519,1.519,1.229,0.013,0.003,0.274,1,0.000,0.000,0.000,0,684,0,0
1108,2.025,2.025,1.794,0.013,0.004,0.213,1,0.000,0.000,0.000,0,684,0,0
1109,1.481,1.481,1.250,0.015,0.003,0.212,1,0.000,0.000,0.000,0,684,0,0
1110,1.542,1.542,1.248,0.013,0.003,0.278,1,0.000,0.000,0.000,0,684,0,0
1111,2.049,2.049,1.815,0.013,0.005,0.216,1,0.000,0.000,0.000,0,684,0,0
1112,1.524,1.524,1.300,0.015,0.002,0.206,1,0.000,0.000,0.000,0,684,0,0
1113,1.498,1.498,1.205,0.014,0.002,0.277,1,0.000,0.000,0.000,0,684,0,0
1114,1.837,1.837,1.612,0.013,0.002,0.209,1,0.000,0.000,0.000,0,684,0,0
1115,1.456,1.456,1.214,0.013,0.002,0.227,1,0.000,0.000,0.000,0,684,0,0
1116,1.625,1.625,1.313,0.013,0.002,0.296,1,0.000,0.000,0.000,0,684,0,0
1117,1.956,1.956,1.711,0.013,0.002,0.230,1,0.000,0.000,0.000,0,684,0,0
1118,1.569,1.569,1.322,0.016,0.003,0.228,1,0.000,0.000,0.000,0,684,0,0
1119,1.694,1.694,1.387,0.014,0.003,0.291,1,0.000,0.000,0.000,0,684,0,0
1120,1.925,1.925,1.702,0.014,0.003,0.207,1,0.000,0.000,0.000,0,684,0,0
1121,1.849,1.849,1.626,0.013,0.005,0.204,1,0.000,0.000,0.000,0,684,0,0
1122,1.218,1.218,0.938,0.014,0.004,0.262,1,0.000,0.000,0.000,0,684,0,0
1123,1.673,1.673,1.469,0.013,0.003,0.188,1,0.000,0.000,0.000,0,684,0,0
1124,1.421,1.421,1.169,0.013,0.002,0.237,1,0.000,0.000,0.000,0,684,0,0
1125,3.001,3.001,2.757,0.020,0.004,0.220,1,0.000,0.000,0.000,0,684,0,0
1126,0.917,0.917,0.773,0.014,0.002,0.128,1,0.000,0.000,0.000,0,684,0,0
1127,1.142,1.142,0.974,0.015,0.004,0.148,1,0.000,0.000,0.000,0,684,0,0
1128,1.091,1.091,0.898,0.013,0.003,0.177,1,0.000,0.000,0.000,0,684,0,0
1129,1.473,1.473,1.322,0.013,0.004,0.133,1,0.000,0.000,0.000,0,684,0,0
1130,1.052,1.052,0.903,0.015,0.003,0.132,1,0.000,0.000,0.000,0,684,0,0
1131,1.084,1.084,0.897,0.013,0.002,0.172,1,0.000,0.000,0.000,0,684,0,0
1132,1.411,1.411,1.259,0.013,0.005,0.134,1,0.000,0.000,0.000,0,684,0,0
1133,1.070,1.070,0.913,0.013,0.003,0.141,1,0.000,0.000,0.000,0,684,0,0
1134,1.411,1.411,1.225,0.013,0.002,0.171,1,0.000,0.000,0.000,0,684,0,0
1135,1.273,1.273,1.123,0.014,0.002,0.134,1,0.000,0.000,0.000,0,684,0,0
1136,0.996,0.996,0.864,0.013,0.002,0.116,1,0.000,0.000,0.000,0,684,0,0
1137,0.974,0.974,0.805,0.013,0.003,0.153,1,0.000,0.000,0.000,0,684,0,0
1138,1.128,1.128,0.997,0.013,0.002,0.115,1,0.000,0.000,0.000,0,684,0,0
1139,1.042,1.042,0.901,0.013,0.008,0.120,1,0.000,0.000,0.000,0,684,0,0
1140,1.046,1.046,0.867,0.014,0.004,0.162,1,0.000,0.000,0.000,0,684,0,0
1141,1.087,1.087,0.972,0.013,0.003,0.099,1,0.000,0.000,0.000,0,684,0,0
1142,0.802,0.802,0.688,0.013,0.003,0.098,1,0.000,0.000,0.000,0,684,0,0
1143,0.855,0.855,0.722,0.014,0.002,0.117,1,0.000,0.000,0.000,0,684,0,0
1144,0.978,0.978,0.906,0.013,0.002,0.057,1,0.000,0.000,0.000,0,684,0,0
1145,0.869,0.869,0.693,0.013,0.003,0.159,1,0.000,0.000,0.000,0,684,0,0
1146,1.163,1.163,0.949,0.013,0.002,0.199,1,0.000,0.000,0.000,0,684,0,0
1147,1.354,1.354,1.189,0.013,0.002,0.150,1,0.000,0.000,0.000,0,684,0,0
1148,1.076,1.076,0.910,0.014,0.002,0.150,1,0.000,0.000,0.000,0,684,0,0
1149,1.137,1.137,0.925,0.013,0.002,0.197,1,0.000,0.000,0.000,0,684,0,0
1150,1.361,1.361,1.187,0.013,0.002,0.158,1,0.000,0.000,0.000,0,684,0,0
1151,1.125,1.125,0.958,0.013,0.002,0.151,1,0.000,0.000,0.000,0,684,0,0
1152,1.175,1.175,0.955,0.013,0.002,0.204,1,0.000,0.000,0.000,0,684,0,0
1153,1.357,1.357,1.190,0.013,0.003,0.151,1,0.000,0.000,0.000,0,684,0,0
1154,1.403,1.403,1.214,0.015,0.007,0.167,1,0.000,0.000,0.000,0,684,0,0
1155,1.244,1.244,1.001,0.014,0.004,0.225,1,0.000,0.000,0.000,0,684,0,0
1156,1.333,1.333,1.177,0.013,0.003,0.139,1,0.000,0.000,0.000,0,684,0,0
1157,0.979,0.979,0.830,0.013,0.002,0.133,1,0.000,0.000,0.000,0,684,0,0
1158,1.085,1.085,0.876,0.013,0.002,0.193,1,0.000,0.000,0.000,0,684,0,0
1159,1.421,1.421,1.232,0.012,0.003,0.174,1,0.000,0.000,0.000,0,536,0,0
1160,1.199,1.199,1.008,0.013,0.002,0.176,1,0.000,0.000,0.000,0,536,0,0
1161,1.311,1.311,1.075,0.011,0.002,0.222,1,0.000,0.000,0.000,0,536,0,0
1162,2.112,2.112,1.900,0.011,0.006,0.194,1,0.000,0.000,0.000,0,536,0,0
1163,1.804,1.804,1.609,0.014,0.005,0.175,1,0.000,0.000,0.000,0,536,0,0
1164,1.501,1.501,1.259,0.013,0.003,0.226,1,0.000,0.000,0.000,0,536,0,0
1165,3.107,3.107,2.839,0.012,0.004,0.253,1,0.000,0.000,0.000,0,536,0,0
1166,1.235,1.235,0.960,0.015,0.004,0.255,1,0.000,0.000,0.000,0,536,0,0
1167,1.743,1.743,1.421,0.012,0.003,0.307,1,0.000,0.000,0.000,0,536,0,0
1168,2.054,2.054,1.808,0.012,0.003,0.231,1,0.000,0.000,0.000,0,536,0,0
1169,1.694,1.694,1.445,0.011,0.004,0.234,1,0.000,0.000,0.000,0,536,0,0
1170,1.726,1.726,1.404,0.013,0.003,0.307,1,0.000,0.000,0.000,0,536,0,0
1171,2.062,2.062,1.815,0.012,0.002,0.233,1,0.000,0.000,0.000,0,536,0,0
1172,1.686,1.686,1.434,0.011,0.002,0.238,1,0.000,0.000,0.000,0,536,0,0
1173,1.719,1.719,1.413,0.012,0.002,0.291,1,0.000,0.000,0.000,0,536,0,0
1174,1.986,1.986,1.763,0.011,0.002,0.209,1,0.000,0.000,0.000,0,536,0,0
1175,1.737,1.737,1.468,0.019,0.002,0.248,1,0.000,0.000,0.000,0,536,0,0
1176,1.713,1.713,1.381,0.014,0.004,0.313,1,0.000,0.000,0.000,0,536,0,0
1177,2.052,2.052,1.811,0.011,0.003,0.227,1,0.000,0.000,0.000,0,536,0,0
1178,1.630,1.630,1.389,0.012,0.002,0.226,1,0.000,0.000,0.000,0,536,0,0
1179,1.788,1.788,1.476,0.011,0.002,0.299,1,0.000,0.000,0.000,0,536,0,0
1180,2.093,2.093,1.811,0.012,0.002,0.268,1,0.000,0.000,0.000,0,536,0,0
1181,1.938,1.938,1.661,0.014,0.004,0.260,1,0.000,0.000,0.000,0,536,0,0
1182,2.163,2.163,1.823,0.012,0.003,0.325,1,0.000,0.000,0.000,0,536,0,0
1183,2.127,2.127,1.892,0.012,0.002,0.221,1,0.000,0.000,0.000,0,536,0,0
1184,1.552,1.552,1.339,0.012,0.002,0.199,1,0.000,0.000,0.000,0,536,0,0
1185,1.730,1.730,1.390,0.011,0.002,0.326,1,0.000,0.000,0.000,0,536,0,0
1186,2.157,2.157,1.911,0.012,0.002,0.232,1,0.000,0.000,0.000,0,536,0,0
1187,1.642,1.642,1.398,0.011,0.002,0.231,1,0.000,0.000,0.000,0,536,0,0
1188,2.760,2.760,2.388,0.041,0.008,0.324,1,0.000,0.000,0.000,0,536,1,0
1189,1.695,1.695,1.425,0.014,0.004,0.252,1,0.000,0.000,0.000,0,536,0,0
1190,1.640,1.640,1.392,0.011,0.002,0.234,1,0.000,0.000,0.000,0,536,0,0
1191,3.571,3.571,3.202,0.011,0.003,0.355,1,0.000,0.000,0.000,0,536,0,0
1192,1.135,1.135,0.887,0.013,0.003,0.231,1,0.000,0.000,0.000,0,536,0,0
1193,1.612,1.612,1.376,0.014,0.003,0.218,1,0.000,0.000,0.000,0,536,0,0
1194,1.793,1.793,1.486,0.012,0.003,0.291,1,0.000,0.000,0.000,0,536,0,0
1195,2.099,2.099,1.812,0.012,0.004,0.271,1,0.000,0.000,0.000,0,536,0,0
1196,1.729,1.729,1.466,0.011,0.003,0.248,1,0.000,0.000,0.000,0,536,0,0
1197,1.807,1.807,1.467,0.011,0.002,0.327,1,0.000,0.000,0.000,0,536,0,0
1198,2.181,2.181,1.920,0.012,0.002,0.247,1,0.000,0.000,0.000,0,536,0,0
1199,1.837,1.837,1.570,0.012,0.003,0.252,1,0.000,0.000,0.000,0,536,0,0
1200,3.376,3.376,2.990,0.055,0.004,0.327,1,0.000,0.000,0.000,0,224,0,0
1201,2.042,2.042,1.777,0.051,0.003,0.211,1,0.000,0.000,0.000,0,224,0,0
1202,1.618,1.618,1.286,0.052,0.002,0.277,1,0.000,0.000,0.000,0,224,0,0
1203,1.928,1.928,1.665,0.052,0.002,0.209,1,0.000,0.000,0.000,0,224,0,0
1204,1.820,1.820,1.556,0.052,0.002,0.210,1,0.000,0.000,0.000,0,224,0,0
1205,1.583,1.583,1.288,0.055,0.003,0.238,1,0.000,0.000,0.000,0,224,0,0
1206,1.615,1.615,1.389,0.070,0.003,0.153,1,0.000,0.000,0.000,0,224,0,0
1207,1.173,1.173,0.966,0.053,0.002,0.152,1,0.000,0.000,0.000,0,224,0,0
1208,1.227,1.227,0.971,0.053,0.002,0.201,1,0.000,0.000,0.000,0,224,0,0
1209,1.441,1.441,1.237,0.052,0.002,0.149,1,0.000,0.000,0.000,0,224,0,0
1210,1.135,1.135,0.932,0.052,0.002,0.149,1,0.000,0.000,0.000,0,224,0,0
1211,1.197,1.197,0.947,0.052,0.002,0.196,1,0.000,0.000,0.000,0,224,0,0
1212,1.415,1.415,1.211,0.053,0.002,0.148,1,0.000,0.000,0.000,0,224,0,0
1213,1.128,1.128,0.924,0.052,0.002,0.149,1,0.000,0.000,0.000,0,224,0,0
1214,1.463,1.463,1.210,0.053,0.003,0.197,1,0.000,0.000,0.000,0,224,0,0
1215,1.415,1.415,1.208,0.053,0.002,0.152,1,0.000,0.000,0.000,0,224,0,0
1216,1.108,1.108,0.923,0.051,0.002,0.131,1,0.000,0.000,0.000,0,224,0,0
1217,1.872,1.872,1.539,0.052,0.007,0.275,1,0.000,0.000,0.000,0,224,0,0
1218,1.154,1.154,0.978,0.055,0.003,0.118,1,0.000,0.000,0.000,0,224,0,0
1219,0.984,0.984,0.815,0.052,0.002,0.114,1,0.000,0.000,0.000,0,224,0,0
1220,0.961,0.961,0.755,0.052,0.002,0.151,1,0.000,0.000,0.000,0,224,0,0
1221,1.108,1.108,0.954,0.054,0.002,0.098,1,0.000,0.000,0.000,0,444,0,0
1222,2.183,2.183,2.014,0.055,0.006,0.109,1,0.000,0.000,0.000,0,444,0,0
1223,1.378,1.378,1.171,0.055,0.002,0.150,1,0.000,0.000,0.000,0,440,0,0
1224,1.418,1.418,1.239,0.055,0.004,0.120,1,0.000,0.000,0.000,0,440,0,0
1225,1.350,1.350,1.128,0.058,0.003,0.161,1,0.000,0.000,0.000,0,792,0,0
1226,1.256,1.256,0.998,0.058,0.002,0.198,1,0.000,0.000,0.000,0,792,0,0
1227,1.373,1.373,1.165,0.058,0.002,0.147,1,0.000,0.000,0.000,0,792,0,0
1228,1.189,1.189,0.982,0.058,0.002,0.146,1,0.000,0.000,0.000,0,792,0,0
1229,1.251,1.251,0.997,0.058,0.002,0.193,1,0.000,0.000,0.000,0,792,0,0
1230,1.347,1.347,1.139,0.059,0.003,0.147,1,0.000,0.000,0.000,0,792,0,0
1231,1.514,1.514,1.308,0.057,0.003,0.146,1,0.000,0.000,0.000,0,792,0,0
1232,1.218,1.218,0.989,0.058,0.002,0.169,1,0.000,0.000,0.000,0,792,0,0
1233,1.206,1.206,1.015,0.058,0.002,0.129,1,0.000,0.000,0.000,0,792,0,0
1234,1.190,1.190,1.001,0.058,0.002,0.129,1,0.000,0.000,0.000,0,792,0,0
1235,1.219,1.219,0.992,0.057,0.002,0.169,1,0.000,0.000,0.000,0,792,0,0
1236,1.154,1.154,0.981,0.058,0.002,0.113,1,0.000,0.000,0.000,0,792,0,0
1237,1.129,1.129,0.956,0.058,0.003,0.112,1,0.000,0.000,0.000,0,792,0,0
1238,1.177,1.177,0.968,0.058,0.002,0.149,1,0.000,0.000,0.000,0,792,0,0
1239,1.181,1.181,1.008,0.058,0.002,0.112,1,0.000,0.000,0.000,0,792,0,0
1240,1.220,1.220,1.023,0.058,0.003,0.136,1,0.000,0.000,0.000,0,792,0,0
1241,1.237,1.237,1.008,0.058,0.002,0.169,1,0.000,0.000,0.000,0,792,0,0
1242,1.201,1.201,1.011,0.058,0.002,0.130,1,0.000,0.000,0.000,0,792,0,0
1243,1.151,1.151,0.961,0.059,0.002,0.129,1,0.000,0.000,0.000,0,792,0,0
1244,1.406,1.406,1.154,0.059,0.002,0.191,1,0.000,0.000,0.000,0,792,0,0
1245,1.436,1.436,1.102,0.057,0.002,0.274,1,0.000,0.000,0.000,0,792,0,0
1246,1.790,1.790,1.474,0.058,0.003,0.255,1,0.000,0.000,0.000,0,792,0,0
1247,1.828,1.828,1.432,0.058,0.002,0.336,1,0.000,0.000,0.000,0,792,0,0
1248,2.326,2.326,1.992,0.058,0.006,0.271,1,0.000,0.000,0.000,0,792,0,0
1249,1.750,1.750,1.421,0.058,0.004,0.268,1,0.000,0.000,0.000,0,792,0,0
1250,1.839,1.839,1.441,0.057,0.003,0.338,1,0.000,0.000,0.000,0,792,0,0
1251,2.152,2.152,1.836,0.058,0.002,0.255,1,0.000,0.000,0.000,0,792,0,0
1252,2.310,2.310,1.986,0.058,0.004,0.262,1,0.000,0.000,0.000,0,792,0,0
1253,1.588,1.588,1.164,0.059,0.004,0.360,1,0.000,0.000,0.000,0,792,0,0
1254,2.256,2.256,1.938,0.058,0.003,0.258,1,0.000,0.000,0.000,0,792,0,0
1255,1.757,1.757,1.419,0.059,0.003,0.276,1,0.000,0.000,0.000,0,792,0,0
1256,2.869,2.869,2.334,0.066,0.004,0.466,1,0.000,0.000,0.000,0,792,0,0
1257,2.347,2.347,1.996,0.060,0.005,0.286,1,0.000,0.000,0.000,0,792,0,0
1258,2.058,2.058,1.720,0.058,0.004,0.276,1,0.000,0.000,0.000,0,792,0,0
1259,2.170,2.170,1.744,0.059,0.005,0.363,1,0.000,0.000,0.000,0,792,0,0
1260,2.351,2.351,1.995,0.058,0.004,0.295,1,0.000,0.000,0.000,0,792,0,0
1261,1.862,1.862,1.516,0.071,0.003,0.273,1,0.000,0.000,0.000,0,792,0,0
1262,1.974,1.974,1.561,0.058,0.003,0.352,1,0.000,0.000,0.000,0,792,0,0
1263,2.233,2.233,1.945,0.056,0.002,0.230,1,0.000,0.000,0.000,0,792,0,0
1264,1.748,1.748,1.468,0.059,0.002,0.218,1,0.000,0.000,0.000,0,792,0,0
1265,2.124,2.124,1.672,0.062,0.003,0.388,1,0.000,0.000,0.000,0,792,0,0
1266,2.427,2.427,2.090,0.058,0.003,0.277,1,0.000,0.000,0.000,0,792,0,0
1267,1.881,1.881,1.545,0.058,0.002,0.275,1,0.000,0.000,0.000,0,792,0,0
1268,1.964,1.964,1.539,0.058,0.003,0.365,1,0.000,0.000,0.000,0,792,0,0
1269,2.398,2.398,2.060,0.058,0.003,0.277,1,0.000,0.000,0.000,0,792,0,0
1270,2.016,2.016,1.676,0.058,0.002,0.280,1,0.000,0.000,0.000,0,792,0,0
1271,2.024,2.024,1.569,0.061,0.004,0.390,1,0.000,0.000,0.000,0,792,0,0
1272,2.435,2.435,2.101,0.057,0.003,0.274,1,0.000,0.000,0.000,0,792,0,0
1273,1.850,1.850,1.513,0.059,0.003,0.275,1,0.000,0.000,0.000,0,792,0,0
1274,2.053,2.053,1.618,0.058,0.003,0.375,1,0.000,0.000,0.000,0,792,0,0
1275,2.645,2.645,2.233,0.057,0.005,0.350,1,0.000,0.000,0.000,0,792,0,0
1276,2.883,2.883,2.473,0.059,0.006,0.345,1,0.000,0.000,0.000,0,792,0,0
1277,2.479,2.479,1.898,0.059,0.005,0.516,1,0.000,0.000,0.000,0,792,0,0
1278,4.414,4.414,3.990,0.058,0.005,0.362,1,0.000,0.000,0.000,0,792,0,0
1279,1.694,1.694,1.282,0.060,0.005,0.348,1,0.000,0.000,0.000,0,792,0,0
1280,2.677,2.677,2.181,0.057,0.003,0.436,1,0.000,0.000,0.000,0,792,0,0
1281,2.711,2.711,2.312,0.057,0.003,0.339,1,0.000,0.000,0.000,0,792,0,0
1282,2.189,2.189,1.791,0.058,0.003,0.337,1,0.000,0.000,0.000,0,792,0,0
1283,2.253,2.253,1.771,0.058,0.002,0.423,1,0.000,0.000,0.000,0,792,0,0
1284,2.993,2.993,2.599,0.058,0.005,0.331,1,0.000,0.000,0.000,0,792,0,0
1285,2.158,2.158,1.790,0.058,0.004,0.306,1,0.000,0.000,0.000,0,792,0,0
1286,1.955,1.955,1.558,0.058,0.003,0.336,1,0.000,0.000,0.000,0,792,0,0
1287,2.243,2.243,1.915,0.053,0.003,0.272,1,0.000,0.000,0.000,0,600,0,0
1288,2.271,2.271,1.926,0.057,0.004,0.285,1,0.000,0.000,0.000,0,604,0,0
1289,2.455,2.455,2.029,0.054,0.003,0.369,1,0.000,0.000,0.000,0,604,0,0
1290,2.275,2.275,1.924,0.057,0.005,0.289,1,0.000,0.000,0.000,0,604,0,0
1291,1.926,1.926,1.595,0.055,0.003,0.273,1,0.000,0.000,0.000,0,604,0,0
1292,2.032,2.032,1.614,0.054,0.002,0.361,1,0.000,0.000,0.000,0,604,0,0
1293,2.402,2.402,2.072,0.054,0.003,0.273,1,0.000,0.000,0.000,0,604,0,0
1294,1.973,1.973,1.653,0.055,0.003,0.263,1,0.000,0.000,0.000,0,604,0,0
1295,1.977,1.977,1.549,0.057,0.003,0.367,1,0.000,0.000,0.000,0,604,0,0
1296,2.610,2.610,2.262,0.054,0.005,0.288,1,0.000,0.000,0.000,0,604,0,0
1297,2.309,2.309,1.955,0.056,0.006,0.292,1,0.000,0.000,0.000,0,604,0,0
1298,1.813,1.813,1.362,0.055,0.005,0.391,1,0.000,0.000,0.000,0,604,0,0
1299,4.335,4.335,3.947,0.056,0.003,0.329,1,0.000,0.000,0.000,0,772,0,0
1300,1.614,1.614,1.280,0.064,0.004,0.267,1,0.000,0.000,0.000,0,772,0,0
1301,2.038,2.038,1.625,0.056,0.004,0.352,1,0.000,0.000,0.000,0,772,0,0
1302,2.273,2.273,1.960,0.056,0.003,0.254,1,0.000,0.000,0.000,0,772,0,0
1303,1.886,1.886,1.493,0.056,0.002,0.334,1,0.000,0.000,0.000,0,772,0,0
1304,2.446,2.446,2.112,0.056,0.003,0.275,1,0.000,0.000,0.000,0,772,0,0
1305,2.207,2.207,1.863,0.055,0.003,0.287,1,0.000,0.000,0.000,0,772,0,0
1306,2.016,2.016,1.595,0.056,0.003,0.363,1,0.000,0.000,0.000,0,772,0,0
1307,2.344,2.344,2.018,0.055,0.002,0.269,1,0.000,0.000,0.000,0,772,0,0
1308,1.838,1.838,1.509,0.056,0.003,0.270,1,0.000,0.000,0.000,0,772,0,0
1309,1.963,1.963,1.548,0.055,0.003,0.357,1,0.000,0.000,0.000,0,772,0,0
1310,2.467,2.467,2.136,0.055,0.006,0.270,1,0.000,0.000,0.000,0,772,0,0
1311,1.792,1.792,1.484,0.055,0.003,0.249,1,0.000,0.000,0.000,0,772,0,0
1312,1.742,1.742,1.376,0.055,0.002,0.309,1,0.000,0.000,0.000,0,772,0,0
1313,2.014,2.014,1.724,0.055,0.003,0.232,1,0.000,0.000,0.000,0,772,0,0
1314,1.628,1.628,1.338,0.056,0.003,0.230,1,0.000,0.000,0.000,0,772,0,0
1315,1.711,1.711,1.357,0.055,0.002,0.296,1,0.000,0.000,0.000,0,772,0,0
1316,1.921,1.921,1.654,0.056,0.003,0.209,1,0.000,0.000,0.000,0,772,0,0
1317,1.722,1.722,1.454,0.055,0.003,0.210,1,0.000,0.000,0.000,0,772,0,0
1318,1.626,1.626,1.269,0.056,0.003,0.299,1,0.000,0.000,0.000,0,772,0,0
1319,2.032,2.032,1.740,0.056,0.003,0.233,1,0.000,0.000,0.000,0,772,0,0
1320,1.559,1.559,1.299,0.055,0.003,0.203,1,0.000,0.000,0.000,0,772,0,0
1321,2.188,2.188,1.860,0.055,0.006,0.267,1,0.000,0.000,0.000,0,772,0,0
1322,1.537,1.537,1.212,0.080,0.005,0.241,1,0.000,0.000,0.000,0,772,1,0
1323,1.733,1.733,1.467,0.055,0.006,0.205,1,0.000,0.000,0.000,0,772,0,0
1324,3.310,3.310,2.938,0.057,0.004,0.310,1,0.000,0.000,0.000,0,772,0,0
1325,1.765,1.765,1.440,0.061,0.004,0.261,1,0.000,0.000,0.000,0,772,0,0
1326,1.832,1.832,1.502,0.058,0.005,0.267,1,0.000,0.000,0.000,0,772,0,0
1327,1.849,1.849,1.463,0.056,0.003,0.328,1,0.000,0.000,0.000,0,772,0,0
1328,2.592,2.592,2.269,0.055,0.003,0.265,1,0.000,0.000,0.000,0,772,0,0
1329,1.554,1.554,1.235,0.056,0.003,0.260,1,0.000,0.000,0.000,0,772,0,0
1330,1.891,1.891,1.506,0.056,0.003,0.326,1,0.000,0.000,0.000,0,772,0,0
1331,2.199,2.199,1.892,0.056,0.002,0.249,1,0.000,0.000,0.000,0,772,0,0
1332,1.812,1.812,1.497,0.055,0.002,0.257,1,0.000,0.000,0.000,0,772,0,0
1333,1.840,1.840,1.478,0.055,0.002,0.304,1,0.000,0.000,0.000,0,772,0,0
1334,2.338,2.338,2.029,0.055,0.002,0.252,1,0.000,0.000,0.000,0,772,0,0
1335,1.589,1.589,1.292,0.057,0.004,0.235,1,0.000,0.000,0.000,0,772,0,0
1336,1.644,1.644,1.308,0.055,0.002,0.278,1,0.000,0.000,0.000,0,772,0,0
1337,1.918,1.918,1.651,0.055,0.003,0.210,1,0.000,0.000,0.000,0,772,0,0
1338,1.513,1.513,1.245,0.056,0.002,0.210,1,0.000,0.000,0.000,0,772,0,0
1339,1.722,1.722,1.373,0.056,0.003,0.291,1,0.000,0.000,0.000,0,772,0,0
1340,1.969,1.969,1.700,0.055,0.003,0.211,1,0.000,0.000,0.000,0,772,0,0
1341,1.699,1.699,1.451,0.059,0.003,0.187,1,0.000,0.000,0.000,0,772,0,0
1342,1.482,1.482,1.177,0.056,0.003,0.247,1,0.000,0.000,0.000,0,772,0,0
1343,1.734,1.734,1.498,0.056,0.003,0.178,1,0.000,0.000,0.000,0,772,0,0
1344,1.538,1.538,1.335,0.055,0.002,0.146,1,0.000,0.000,0.000,0,772,0,0
1345,1.395,1.395,1.035,0.055,0.002,0.302,1,0.000,0.000,0.000,0,772,0,0
1346,1.970,1.970,1.701,0.056,0.002,0.210,1,0.000,0.000,0.000,0,772,0,0
1347,1.527,1.527,1.258,0.055,0.002,0.211,1,0.000,0.000,0.000,0,772,0,0
1348,2.337,2.337,1.986,0.056,0.005,0.290,1,0.000,0.000,0.000,0,772,0,0
1349,1.521,1.521,1.197,0.055,0.005,0.264,1,0.000,0.000,0.000,0,772,0,0
1350,1.564,1.564,1.293,0.055,0.002,0.214,1,0.000,0.000,0.000,0,772,0,0
1351,1.609,1.609,1.267,0.056,0.003,0.283,1,0.000,0.000,0.000,0,772,0,0
1352,2.853,2.853,2.566,0.062,0.004,0.220,1,0.000,0.000,0.000,0,772,0,0
1353,1.554,1.554,1.252,0.058,0.004,0.239,1,0.000,0.000,0.000,0,772,0,0
1354,1.863,1.863,1.503,0.058,0.005,0.298,1,0.000,0.000,0.000,0,772,0,0
1355,1.970,1.970,1.666,0.056,0.004,0.243,1,0.000,0.000,0.000,0,772,0,0
1356,1.610,1.610,1.324,0.056,0.003,0.228,1,0.000,0.000,0.000,0,772,0,0
1357,1.703,1.703,1.345,0.055,0.002,0.300,1,0.000,0.000,0.000,0,772,0,0
1358,2.003,2.003,1.716,0.056,0.002,0.229,1,0.000,0.000,0.000,0,772,0,0
1359,1.664,1.664,1.384,0.055,0.003,0.221,1,0.000,0.000,0.000,0,772,0,0
1360,1.623,1.623,1.275,0.055,0.002,0.290,1,0.000,0.000,0.000,0,772,0,0
1361,1.863,1.863,1.597,0.058,0.003,0.206,1,0.000,0.000,0.000,0,772,0,0
1362,1.491,1.491,1.227,0.055,0.002,0.206,1,0.000,0.000,0.000,0,772,0,0
1363,7.708,7.708,7.340,0.060,0.007,0.301,1,0.000,0.000,0.000,0,604,0,0
1364,3.833,3.833,3.517,0.073,0.006,0.237,1,0.000,0.000,0.000,0,604,0,0
1365,3.361,3.361,3.065,0.079,0.004,0.213,1,0.000,0.000,0.000,0,604,0,0
1366,1.864,1.864,1.559,0.055,0.004,0.246,1,0.000,0.000,0.000,0,604,0,0
1367,1.834,1.834,1.530,0.061,0.007,0.236,1,0.000,0.000,0.000,0,604,0,0
1368,2.566,2.566,2.303,0.054,0.006,0.203,1,0.000,0.000,0.000,0,604,0,0
1369,1.574,1.574,1.266,0.059,0.004,0.246,1,0.000,0.000,0.000,0,604,0,0
1370,3.263,3.263,2.982,0.058,0.006,0.216,1,0.000,0.000,0.000,0,604,0,0
1371,1.680,1.680,1.269,0.055,0.003,0.353,1,0.000,0.000,0.000,0,604,0,0
1372,1.676,1.676,1.337,0.059,0.006,0.275,1,0.000,0.000,0.000,0,604,0,0
1373,1.707,1.707,1.460,0.054,0.003,0.190,1,0.000,0.000,0.000,0,604,0,0
1374,2.043,2.043,1.779,0.060,0.004,0.200,1,0.000,0.000,0.000,0,600,0,0
1375,1.524,1.524,1.187,0.054,0.003,0.280,1,0.000,0.000,0.000,0,600,0,0
1376,2.164,2.164,1.884,0.054,0.003,0.224,1,0.000,0.000,0.000,0,600,0,0
1377,1.500,1.500,1.227,0.053,0.003,0.218,1,0.000,0.000,0.000,0,600,0,0
1378,1.542,1.542,1.210,0.054,0.002,0.276,1,0.000,0.000,0.000,0,600,0,0
1379,1.911,1.911,1.642,0.053,0.003,0.213,1,0.000,0.000,0.000,0,600,0,0
1380,1.526,1.526,1.266,0.054,0.003,0.203,1,0.000,0.000,0.000,0,600,0,0
1381,1.740,1.740,1.430,0.054,0.003,0.253,1,0.000,0.000,0.000,0,600,0,0
1382,1.740,1.740,1.495,0.053,0.003,0.190,1,0.000,0.000,0.000,0,600,0,0
1383,1.368,1.368,1.123,0.053,0.002,0.189,1,0.000,0.000,0.000,0,600,0,0
1384,1.574,1.574,1.282,0.053,0.002,0.236,1,0.000,0.000,0.000,0,600,0,0
1385,1.596,1.596,1.344,0.053,0.002,0.197,1,0.000,0.000,0.000,0,600,0,0
1386,1.998,1.998,1.728,0.053,0.007,0.210,1,0.000,0.000,0.000,0,600,0,0
1387,1.476,1.476,1.152,0.054,0.004,0.266,1,0.000,0.000,0.000,0,600,0,0
1388,1.690,1.690,1.437,0.059,0.003,0.190,1,0.000,0.000,0.000,0,600,0,0
1389,1.347,1.347,1.103,0.054,0.002,0.187,1,0.000,0.000,0.000,0,600,0,0
1390,1.407,1.407,1.104,0.054,0.002,0.247,1,0.000,0.000,0.000,0,600,0,0
1391,1.658,1.658,1.414,0.054,0.002,0.186,1,0.000,0.000,0.000,0,600,0,0
1392,1.360,1.360,1.119,0.053,0.002,0.186,1,0.000,0.000,0.000,0,600,0,0
1393,1.666,1.666,1.348,0.055,0.003,0.260,1,0.000,0.000,0.000,0,600,0,0
1394,1.824,1.824,1.566,0.054,0.004,0.201,1,0.000,0.000,0.000,0,600,0,0
1395,1.477,1.477,1.223,0.052,0.006,0.196,1,0.000,0.000,0.000,0,224,0,0
1396,1.389,1.389,1.091,0.053,0.004,0.241,1,0.000,0.000,0.000,0,224,0,0
1397,1.980,1.980,1.744,0.052,0.005,0.179,1,0.000,0.000,0.000,0,224,0,0
1398,1.106,1.106,0.864,0.054,0.004,0.184,1,0.000,0.000,0.000,0,224,0,0
1399,1.565,1.565,1.275,0.052,0.004,0.234,1,0.000,0.000,0.000,0,224,0,0
1400,1.621,1.621,1.400,0.055,0.003,0.164,1,0.000,0.000,0.000,0,224,0,0
1401,1.254,1.254,0.996,0.052,0.003,0.203,1,0.000,0.000,0.000,0,224,0,0
1402,1.461,1.461,1.251,0.052,0.002,0.156,1,0.000,0.000,0.000,0,224,0,0
1403,1.477,1.477,1.262,0.054,0.004,0.158,1,0.000,0.000,0.000,0,224,0,0
1404,2.737,2.737,2.451,0.059,0.003,0.224,1,0.000,0.000,0.000,0,224,0,0
1405,1.218,1.218,0.936,0.052,0.002,0.227,1,0.000,0.000,0.000,0,224,0,0
1406,1.517,1.517,1.298,0.055,0.005,0.159,1,0.000,0.000,0.000,0,220,0,0
1407,1.345,1.345,1.078,0.051,0.002,0.214,1,0.000,0.000,0.000,0,220,0,0
1408,1.415,1.415,1.201,0.051,0.003,0.159,1,0.000,0.000,0.000,0,220,0,0
1409,1.234,1.234,1.007,0.051,0.003,0.173,1,0.000,0.000,0.000,0,220,0,0
1410,1.279,1.279,0.999,0.051,0.002,0.226,1,0.000,0.000,0.000,0,220,0,0
1411,1.553,1.553,1.322,0.052,0.002,0.177,1,0.000,0.000,0.000,0,220,0,0
1412,1.422,1.422,1.185,0.065,0.002,0.171,1,0.000,0.000,0.000,0,220,0,0
1413,1.288,1.288,1.004,0.051,0.002,0.230,1,0.000,0.000,0.000,0,220,0,0
1414,1.542,1.542,1.315,0.051,0.003,0.173,1,0.000,0.000,0.000,0,220,0,0
1415,1.237,1.237,1.022,0.051,0.003,0.161,1,0.000,0.000,0.000,0,220,0,0
1416,1.437,1.437,1.165,0.057,0.004,0.210,1,0.000,0.000,0.000,0,220,0,0
1417,1.445,1.445,1.236,0.051,0.003,0.155,1,0.000,0.000,0.000,0,220,0,0
1418,1.122,1.122,0.914,0.051,0.003,0.154,1,0.000,0.000,0.000,0,220,0,0
1419,1.449,1.449,1.196,0.051,0.003,0.198,1,0.000,0.000,0.000,0,220,0,0
1420,1.390,1.390,1.170,0.053,0.003,0.164,1,0.000,0.000,0.000,0,220,0,0
1421,1.096,1.096,0.890,0.052,0.003,0.151,1,0.000,0.000,0.000,0,220,0,0
1422,1.155,1.155,0.900,0.051,0.003,0.201,1,0.000,0.000,0.000,0,220,0,0
1423,1.347,1.347,1.144,0.052,0.002,0.149,1,0.000,0.000,0.000,0,220,0,0
1424,1.213,1.213,1.004,0.051,0.002,0.155,1,0.000,0.000,0.000,0,220,0,0
1425,1.229,1.229,0.944,0.052,0.004,0.229,1,0.000,0.000,0.000,0,220,0,0
1426,1.536,1.536,1.321,0.052,0.003,0.161,1,0.000,0.000,0.000,0,220,0,0
1427,1.117,1.117,0.904,0.051,0.002,0.160,1,0.000,0.000,0.000,0,220,0,0
1428,1.351,1.351,1.078,0.050,0.005,0.219,1,0.000,0.000,0.000,0,220,0,0
1429,1.476,1.476,1.250,0.051,0.004,0.171,1,0.000,0.000,0.000,0,220,0,0
1430,1.182,1.182,0.968,0.051,0.003,0.161,1,0.000,0.000,0.000,0,220,0,0
1431,1.285,1.285,1.024,0.052,0.002,0.207,1,0.000,0.000,0.000,0,220,0,0
1432,1.445,1.445,1.228,0.051,0.002,0.163,1,0.000,0.000,0.000,0,220,0,0
1433,1.181,1.181,0.969,0.051,0.002,0.159,1,0.000,0.000,0.000,0,220,0,0
1434,1.280,1.280,1.007,0.052,0.002,0.218,1,0.000,0.000,0.000,0,220,0,0
1435,1.535,1.535,1.305,0.052,0.002,0.175,1,0.000,0.000,0.000,0,220,0,0
1436,1.351,1.351,1.109,0.057,0.003,0.182,1,0.000,0.000,0.000,0,220,0,0
1437,1.638,1.638,1.341,0.053,0.004,0.240,1,0.000,0.000,0.000,0,220,0,0
1438,1.830,1.830,1.596,0.051,0.004,0.179,1,0.000,0.000,0.000,0,220,0,0
1439,1.501,1.501,1.219,0.051,0.003,0.228,1,0.000,0.000,0.000,0,220,0,0
1440,2.762,2.762,2.466,0.052,0.007,0.238,1,0.000,0.000,0.000,0,220,0,0
1441,1.286,1.286,1.063,0.053,0.002,0.167,1,0.000,0.000,0.000,0,220,0,0
1442,1.345,1.345,1.100,0.054,0.004,0.186,1,0.000,0.000,0.000,0,220,0,0
1443,1.351,1.351,1.070,0.051,0.003,0.227,1,0.000,0.000,0.000,0,220,0,0
1444,1.784,1.784,1.525,0.052,0.003,0.203,1,0.000,0.000,0.000,0,220,0,0
1445,1.386,1.386,1.136,0.051,0.002,0.197,1,0.000,0.000,0.000,0,220,0,0
1446,1.493,1.493,1.193,0.052,0.002,0.246,1,0.000,0.000,0.000,0,220,0,0
1447,1.722,1.722,1.481,0.051,0.002,0.188,1,0.000,0.000,0.000,0,220,0,0
1448,1.389,1.389,1.147,0.051,0.002,0.189,1,0.000,0.000,0.000,0,220,0,0
1449,1.460,1.460,1.157,0.051,0.002,0.250,1,0.000,0.000,0.000,0,220,0,0
1450,1.733,1.733,1.493,0.051,0.003,0.187,1,0.000,0.000,0.000,0,220,0,0
1451,1.532,1.532,1.266,0.051,0.004,0.211,1,0.000,0.000,0.000,0,220,0,0
1452,1.580,1.580,1.243,0.051,0.003,0.282,1,0.000,0.000,0.000,0,220,0,0
1453,1.859,1.859,1.599,0.052,0.002,0.206,1,0.000,0.000,0.000,0,220,0,0
1454,1.536,1.536,1.266,0.052,0.002,0.217,1,0.000,0.000,0.000,0,220,0,0
1455,1.623,1.623,1.274,0.051,0.002,0.296,1,0.000,0.000,0.000,0,220,0,0
1456,1.997,1.997,1.712,0.051,0.003,0.231,1,0.000,0.000,0.000,0,220,0,0
1457,1.587,1.587,1.309,0.051,0.002,0.225,1,0.000,0.000,0.000,0,220,0,0
1458,1.697,1.697,1.340,0.053,0.003,0.302,1,0.000,0.000,0.000,0,220,0,0
1459,2.059,2.059,1.773,0.052,0.002,0.232,1,0.000,0.000,0.000,0,220,0,0
1460,1.587,1.587,1.318,0.051,0.002,0.216,1,0.000,0.000,0.000,0,220,0,0
1461,1.615,1.615,1.289,0.051,0.003,0.273,1,0.000,0.000,0.000,0,220,0,0
1462,1.907,1.907,1.647,0.051,0.002,0.206,1,0.000,0.000,0.000,0,220,0,0
1463,1.484,1.484,1.232,0.051,0.002,0.199,1,0.000,0.000,0.000,0,220,0,0
1464,1.752,1.752,1.378,0.051,0.002,0.320,1,0.000,0.000,0.000,0,220,0,0
1465,1.800,1.800,1.099,0.451,0.003,0.246,1,0.000,0.000,0.000,0,220,0,0
1466,2.229,2.229,1.934,0.051,0.007,0.236,1,0.000,0.000,0.000,0,220,0,0
1467,1.343,1.343,0.974,0.052,0.004,0.314,1,0.000,0.000,0.000,0,220,0,0
1468,1.942,1.942,1.665,0.052,0.002,0.223,1,0.000,0.000,0.000,0,220,0,0
1469,1.549,1.549,1.210,0.114,0.002,0.223,1,0.000,0.000,0.000,0,220,0,0
1470,2.574,2.574,2.214,0.056,0.003,0.301,1,0.000,0.000,0.000,0,220,0,0
1471,2.064,2.064,1.759,0.054,0.003,0.248,1,0.000,0.000,0.000,0,220,0,0
1472,1.602,1.602,1.315,0.051,0.002,0.234,1,0.000,0.000,0.000,0,220,0,0
1473,1.628,1.628,1.282,0.051,0.003,0.293,1,0.000,0.000,0.000,0,220,0,0
1474,2.009,2.009,1.726,0.052,0.003,0.229,1,0.000,0.000,0.000,0,220,0,0
1475,1.543,1.543,1.273,0.051,0.002,0.217,1,0.000,0.000,0.000,0,220,0,0
1476,1.598,1.598,1.270,0.051,0.003,0.274,1,0.000,0.000,0.000,0,220,0,0
1477,2.051,2.051,1.777,0.051,0.002,0.221,1,0.000,0.000,0.000,0,220,0,0
1478,1.532,1.532,1.233,0.054,0.004,0.241,1,0.000,0.000,0.000,0,220,0,0
1479,1.747,1.747,1.391,0.052,0.003,0.302,1,0.000,0.000,0.000,0,220,0,0
1480,1.948,1.948,1.682,0.051,0.003,0.212,1,0.000,0.000,0.000,0,220,0,0
1481,1.491,1.491,1.235,0.051,0.002,0.204,1,0.000,0.000,0.000,0,220,0,0
1482,1.541,1.541,1.218,0.051,0.002,0.270,1,0.000,0.000,0.000,0,220,0,0
1483,1.840,1.840,1.583,0.051,0.002,0.205,1,0.000,0.000,0.000,0,220,0,0
1484,1.742,1.742,1.459,0.052,0.005,0.226,1,0.000,0.000,0.000,0,220,0,0
1485,1.745,1.745,1.349,0.052,0.004,0.339,1,0.000,0.000,0.000,0,220,0,0
1486,2.089,2.089,1.804,0.051,0.003,0.231,1,0.000,0.000,0.000,0,220,0,0
1487,1.609,1.609,1.325,0.051,0.003,0.230,1,0.000,0.000,0.000,0,220,0,0
1488,1.694,1.694,1.337,0.051,0.003,0.303,1,0.000,0.000,0.000,0,220,0,0
1489,2.003,2.003,1.720,0.051,0.002,0.230,1,0.000,0.000,0.000,0,220,0,0
1490,1.582,1.582,1.298,0.052,0.002,0.229,1,0.000,0.000,0.000,0,220,0,0
1491,1.746,1.746,1.385,0.053,0.003,0.305,1,0.000,0.000,0.000,0,220,0,0
1492,1.991,1.991,1.708,0.052,0.003,0.229,1,0.000,0.000,0.000,0,220,0,0
1493,1.544,1.544,1.280,0.051,0.002,0.210,1,0.000,0.000,0.000,0,220,0,0
1494,1.747,1.747,1.393,0.052,0.004,0.299,1,0.000,0.000,0.000,0,220,0,0
1495,2.061,2.061,1.783,0.052,0.004,0.222,1,0.000,0.000,0.000,0,220,0,0
1496,1.517,1.517,1.252,0.053,0.003,0.209,1,0.000,0.000,0.000,0,220,0,0
1497,1.712,1.712,1.371,0.051,0.008,0.283,1,0.000,0.000,0.000,0,220,0,0
1498,2.799,2.799,2.541,0.054,0.002,0.202,1,0.000,0.000,0.000,0,220,0,0
1499,1.587,1.587,1.323,0.054,0.005,0.204,1,0.000,0.000,0.000,0,220,0,0
1500,1.690,1.690,1.314,0.051,0.004,0.321,1,0.000,0.000,0.000,0,220,0,0
1501,1.994,1.994,1.712,0.051,0.003,0.228,1,0.000,0.000,0.000,0,220,0,0
1502,1.702,1.702,1.339,0.051,0.003,0.309,1,0.000,0.000,0.000,0,220,0,0
1503,2.053,2.053,1.813,0.051,0.004,0.185,1,0.000,0.000,0.000,0,220,0,0
1504,1.550,1.550,1.247,0.074,0.004,0.225,1,0.000,0.000,0.000,0,220,0,0
1505,1.568,1.568,1.218,0.052,0.003,0.295,1,0.000,0.000,0.000,0,220,0,0
1506,1.936,1.936,1.668,0.052,0.002,0.213,1,0.000,0.000,0.000,0,220,0,0
1507,1.497,1.497,1.232,0.051,0.003,0.212,1,0.000,0.000,0.000,0,220,0,0
1508,1.568,1.568,1.234,0.051,0.002,0.281,1,0.000,0.000,0.000,0,220,0,0
1509,1.856,1.856,1.589,0.051,0.002,0.214,1,0.000,0.000,0.000,0,220,0,0
1510,1.634,1.634,1.360,0.051,0.004,0.219,1,0.000,0.000,0.000,0,220,0,0
1511,1.635,1.635,1.292,0.051,0.003,0.289,1,0.000,0.000,0.000,0,220,0,0
1512,2.022,2.022,1.748,0.051,0.004,0.219,1,0.000,0.000,0.000,0,220,0,0
1513,1.564,1.564,1.294,0.053,0.002,0.214,1,0.000,0.000,0.000,0,220,0,0
1514,1.662,1.662,1.310,0.052,0.002,0.296,1,0.000,0.000,0.000,0,220,0,0
1515,1.973,1.973,1.690,0.051,0.003,0.229,1,0.000,0.000,0.000,0,220,0,0
1516,1.753,1.753,1.411,0.051,0.002,0.288,1,0.000,0.000,0.000,0,220,0,0
1517,1.861,1.861,1.497,0.055,0.004,0.304,1,0.000,0.000,0.000,0,220,0,0
1518,1.996,1.996,1.712,0.052,0.003,0.230,1,0.000,0.000,0.000,0,220,0,0
1519,1.656,1.656,1.380,0.051,0.003,0.223,1,0.000,0.000,0.000,0,220,0,0
1520,1.588,1.588,1.270,0.052,0.003,0.264,1,0.000,0.000,0.000,0,220,0,0
1521,1.790,1.790,1.545,0.051,0.002,0.191,1,0.000,0.000,0.000,0,220,0,0
1522,1.955,1.955,1.695,0.051,0.006,0.203,1,0.000,0.000,0.000,0,220,0,0
1523,2.456,2.456,1.913,0.052,0.004,0.487,1,0.000,0.000,0.000,0,220,0,0
1524,1.670,1.670,1.379,0.053,0.005,0.233,1,0.000,0.000,0.000,0,220,0,0
1525,2.379,2.379,2.163,0.051,0.008,0.156,1,0.000,0.000,0.000,0,220,0,0
1526,2.482,2.482,2.254,0.054,0.003,0.171,1,0.000,0.000,0.000,0,220,0,0
1527,1.539,1.539,1.356,0.052,0.002,0.129,1,0.000,0.000,0.000,0,220,0,0
1528,1.639,1.639,1.409,0.056,0.006,0.169,1,0.000,0.000,0.000,0,220,0,0
1529,1.786,1.786,1.527,0.067,0.007,0.186,1,0.000,0.000,0.000,0,220,0,0
1530,1.325,1.325,1.127,0.053,0.004,0.141,1,0.000,0.000,0.000,0,220,0,0
1531,1.017,1.017,0.832,0.051,0.002,0.132,1,0.000,0.000,0.000,0,220,0,0
1532,1.103,1.103,0.877,0.051,0.003,0.172,1,0.000,0.000,0.000,0,220,0,0
1533,1.265,1.265,1.079,0.051,0.003,0.132,1,0.000,0.000,0.000,0,220,0,0
1534,1.087,1.087,0.895,0.052,0.002,0.138,1,0.000,0.000,0.000,0,220,0,0
1535,1.134,1.134,0.900,0.072,0.003,0.160,1,0.000,0.000,0.000,0,220,0,0
1536,1.196,1.196,1.025,0.051,0.002,0.117,1,0.000,0.000,0.000,0,220,0,0
1537,0.982,0.982,0.813,0.051,0.002,0.116,1,0.000,0.000,0.000,0,220,0,0
1538,1.021,1.021,0.813,0.051,0.002,0.154,1,0.000,0.000,0.000,0,220,0,0
1539,1.514,1.514,1.335,0.051,0.003,0.125,1,0.000,0.000,0.000,0,220,0,0
1540,0.989,0.989,0.827,0.052,0.002,0.108,1,0.000,0.000,0.000,0,220,0,0
1541,1.012,1.012,0.830,0.051,0.002,0.129,1,0.000,0.000,0.000,0,220,0,0
1542,1.020,1.020,0.867,0.052,0.002,0.099,1,0.000,0.000,0.000,0,220,0,0
1543,0.958,0.958,0.806,0.051,0.002,0.099,1,0.000,0.000,0.000,0,220,0,0
1544,1.109,1.109,0.927,0.052,0.002,0.128,1,0.000,0.000,0.000,0,220,0,0
1545,0.987,0.987,0.803,0.052,0.002,0.130,1,0.000,0.000,0.000,0,220,0,0
1546,0.980,0.980,0.797,0.051,0.002,0.130,1,0.000,0.000,0.000,0,220,0,0
1547,1.039,1.039,0.814,0.051,0.002,0.172,1,0.000,0.000,0.000,0,220,0,0
1548,1.222,1.222,1.039,0.052,0.003,0.129,1,0.000,0.000,0.000,0,220,0,0
1549,1.503,1.503,1.302,0.051,0.002,0.148,1,0.000,0.000,0.000,0,220,0,0
1550,1.355,1.355,1.118,0.053,0.004,0.179,1,0.000,0.000,0.000,0,220,0,0
1551,1.321,1.321,1.137,0.051,0.003,0.130,1,0.000,0.000,0.000,0,220,0,0
1552,1.025,1.025,0.842,0.052,0.002,0.128,1,0.000,0.000,0.000,0,220,0,0
1553,1.069,1.069,0.846,0.051,0.003,0.168,1,0.000,0.000,0.000,0,220,0,0
1554,1.340,1.340,1.150,0.051,0.002,0.137,1,0.000,0.000,0.000,0,220,0,0
1555,1.017,1.017,0.839,0.052,0.002,0.123,1,0.000,0.000,0.000,0,220,0,0
1556,1.020,1.020,0.816,0.051,0.002,0.151,1,0.000,0.000,0.000,0,220,0,0
1557,1.288,1.288,1.110,0.051,0.002,0.124,1,0.000,0.000,0.000,0,220,0,0
1558,1.007,1.007,0.835,0.051,0.002,0.119,1,0.000,0.000,0.000,0,220,0,0
1559,1.644,1.644,1.415,0.055,0.004,0.169,1,0.000,0.000,0.000,0,220,0,0
1560,1.250,1.250,1.056,0.052,0.003,0.138,1,0.000,0.000,0.000,0,220,0,0
1561,1.006,1.006,0.823,0.051,0.002,0.130,1,0.000,0.000,0.000,0,220,0,0
1562,1.086,1.086,0.862,0.051,0.002,0.169,1,0.000,0.000,0.000,0,220,0,0
1563,1.221,1.221,1.037,0.052,0.003,0.130,1,0.000,0.000,0.000,0,220,0,0
1564,1.259,1.259,1.021,0.051,0.003,0.184,1,0.000,0.000,0.000,0,220,0,0
1565,2.211,2.211,1.806,0.078,0.006,0.320,1,0.000,0.000,0.000,0,220,1,0
1566,1.959,1.959,1.676,0.052,0.004,0.227,1,0.000,0.000,0.000,0,220,0,0
1567,1.632,1.632,1.360,0.054,0.003,0.215,1,0.000,0.000,0.000,0,220,0,0
1568,1.594,1.594,1.258,0.052,0.003,0.282,1,0.000,0.000,0.000,0,220,0,0
1569,1.882,1.882,1.614,0.051,0.002,0.214,1,0.000,0.000,0.000,0,220,0,0
1570,1.484,1.484,1.218,0.051,0.003,0.213,1,0.000,0.000,0.000,0,220,0,0
1571,1.601,1.601,1.273,0.051,0.002,0.274,1,0.000,0.000,0.000,0,220,0,0
1572,1.914,1.914,1.626,0.052,0.002,0.233,1,0.000,0.000,0.000,0,220,0,0
1573,1.596,1.596,1.308,0.051,0.002,0.235,1,0.000,0.000,0.000,0,220,0,0
1574,1.926,1.926,1.490,0.053,0.003,0.380,1,0.000,0.000,0.000,0,220,0,0
1575,2.738,2.738,1.168,1.324,0.004,0.242,1,0.000,0.000,0.000,0,220,0,0
1576,1.729,1.729,1.405,0.054,0.005,0.266,1,0.000,0.000,0.000,0,220,0,0
1577,2.038,2.038,1.656,0.052,0.004,0.326,1,0.000,0.000,0.000,0,220,0,0
1578,2.272,2.272,1.967,0.053,0.003,0.250,1,0.000,0.000,0.000,0,220,0,0
1579,2.029,2.029,1.732,0.051,0.003,0.243,1,0.000,0.000,0.000,0,220,0,0
1580,1.990,1.990,1.525,0.053,0.004,0.408,1,0.000,0.000,0.000,0,220,0,0
1581,2.208,2.208,1.892,0.052,0.003,0.260,1,0.000,0.000,0.000,0,220,0,0
1582,1.771,1.771,1.475,0.051,0.002,0.242,1,0.000,0.000,0.000,0,220,0,0
1583,1.730,1.730,1.401,0.052,0.003,0.274,1,0.000,0.000,0.000,0,220,0,0
1584,2.033,2.033,1.751,0.051,0.002,0.228,1,0.000,0.000,0.000,0,220,0,0
1585,1.751,1.751,1.426,0.051,0.005,0.269,1,0.000,0.000,0.000,0,220,0,0
1586,1.938,1.938,1.537,0.051,0.003,0.346,1,0.000,0.000,0.000,0,220,0,0
1587,2.240,2.240,1.933,0.051,0.003,0.253,1,0.000,0.000,0.000,0,220,0,0
1588,1.769,1.769,1.462,0.051,0.002,0.253,1,0.000,0.000,0.000,0,220,0,0
1589,1.904,1.904,1.516,0.051,0.002,0.334,1,0.000,0.000,0.000,0,220,0,0
1590,2.227,2.227,1.918,0.052,0.003,0.255,1,0.000,0.000,0.000,0,220,0,0
1591,1.795,1.795,1.484,0.051,0.003,0.257,1,0.000,0.000,0.000,0,220,0,0
1592,1.916,1.916,1.525,0.051,0.002,0.337,1,0.000,0.000,0.000,0,220,0,0
1593,2.185,2.185,1.878,0.051,0.003,0.253,1,0.000,0.000,0.000,0,220,0,0
1594,2.078,2.078,1.752,0.051,0.005,0.271,1,0.000,0.000,0.000,0,220,0,0
1595,1.964,1.964,1.543,0.052,0.003,0.366,1,0.000,0.000,0.000,0,220,0,0
1596,3.323,3.323,2.998,0.052,0.003,0.270,1,0.000,0.000,0.000,0,220,0,0
1597,1.498,1.498,1.151,0.053,0.004,0.290,1,0.000,0.000,0.000,0,220,0,0
1598,2.075,2.075,1.664,0.052,0.004,0.355,1,0.000,0.000,0.000,0,220,0,0
1599,2.824,2.824,2.520,0.056,0.004,0.244,1,0.000,0.000,0.000,0,220,0,0
1600,1.828,1.828,1.494,0.053,0.004,0.277,1,0.000,0.000,0.000,0,220,0,0
1601,1.902,1.902,1.505,0.052,0.002,0.343,1,0.000,0.000,0.000,0,220,0,0
1602,2.306,2.306,1.994,0.051,0.004,0.257,1,0.000,0.000,0.000,0,220,0,0
1603,1.904,1.904,1.512,0.052,0.002,0.337,1,0.000,0.000,0.000,0,224,0,0
1604,2.426,2.426,2.112,0.052,0.002,0.259,1,0.000,0.000,0.000,0,224,0,0
1605,1.695,1.695,1.450,0.052,0.003,0.190,1,0.000,0.000,0.000,0,224,0,0
1606,1.477,1.477,1.173,0.052,0.002,0.250,1,0.000,0.000,0.000,0,224,0,0
1607,1.764,1.764,1.519,0.052,0.002,0.191,1,0.000,0.000,0.000,0,224,0,0
1608,1.515,1.515,1.259,0.052,0.005,0.199,1,0.000,0.000,0.000,0,224,0,0
1609,1.543,1.543,1.222,0.052,0.004,0.265,1,0.000,0.000,0.000,0,224,0,0
1610,1.742,1.742,1.497,0.052,0.002,0.190,1,0.000,0.000,0.000,0,224,0,0
1611,1.393,1.393,1.149,0.052,0.003,0.189,1,0.000,0.000,0.000,0,224,0,0
1612,1.481,1.481,1.178,0.052,0.002,0.249,1,0.000,0.000,0.000,0,224,0,0
1613,1.751,1.751,1.511,0.053,0.003,0.185,1,0.000,0.000,0.000,0,224,0,0
1614,1.410,1.410,1.169,0.054,0.002,0.185,1,0.000,0.000,0.000,0,476,0,0
1615,1.479,1.479,1.172,0.054,0.002,0.250,1,0.000,0.000,0.000,0,476,0,0
1616,1.763,1.763,1.509,0.058,0.002,0.194,1,0.000,0.000,0.000,0,476,0,0
1617,1.407,1.407,1.158,0.054,0.002,0.193,1,0.000,0.000,0.000,0,476,0,0
1618,1.486,1.486,1.175,0.054,0.002,0.255,1,0.000,0.000,0.000,0,476,0,0
1619,1.858,1.858,1.603,0.054,0.003,0.198,1,0.000,0.000,0.000,0,476,0,0
1620,1.404,1.404,1.177,0.054,0.003,0.170,1,0.000,0.000,0.000,0,476,0,0
1621,1.337,1.337,1.057,0.054,0.002,0.223,1,0.000,0.000,0.000,0,476,0,0
1622,1.602,1.602,1.376,0.053,0.002,0.170,1,0.000,0.000,0.000,0,476,0,0
1623,1.407,1.407,1.173,0.054,0.005,0.175,1,0.000,0.000,0.000,0,476,0,0
1624,2.149,2.149,1.553,0.054,0.003,0.539,1,0.000,0.000,0.000,0,476,0,0
1625,1.599,1.599,1.340,0.055,0.003,0.201,1,0.000,0.000,0.000,0,476,0,0
1626,1.361,1.361,1.115,0.054,0.003,0.189,1,0.000,0.000,0.000,0,476,0,0
1627,1.466,1.466,1.158,0.053,0.002,0.251,1,0.000,0.000,0.000,0,476,0,0
1628,2.896,2.896,2.531,0.117,0.003,0.245,1,0.000,0.000,0.000,0,476,0,0
1629,2.234,2.234,1.809,0.219,0.004,0.202,1,0.000,0.000,0.000,0,476,0,0
1630,1.689,1.689,1.366,0.056,0.005,0.263,1,0.000,0.000,0.000,0,476,0,0
1631,1.774,1.774,1.529,0.054,0.003,0.188,1,0.000,0.000,0.000,0,476,0,0
1632,1.386,1.386,1.138,0.054,0.003,0.191,1,0.000,0.000,0.000,0,476,0,0
1633,1.465,1.465,1.162,0.054,0.003,0.247,1,0.000,0.000,0.000,0,476,0,0
1634,1.805,1.805,1.555,0.054,0.002,0.193,1,0.000,0.000,0.000,0,476,0,0
1635,1.373,1.373,1.147,0.055,0.002,0.168,1,0.000,0.000,0.000,0,476,0,0
1636,1.348,1.348,1.068,0.054,0.002,0.224,1,0.000,0.000,0.000,0,476,0,0
1637,1.756,1.756,1.529,0.056,0.003,0.169,1,0.000,0.000,0.000,0,476,0,0
1638,2.620,2.620,2.347,0.055,0.007,0.210,1,0.000,0.000,0.000,0,476,0,0
1639,1.901,1.901,1.607,0.056,0.003,0.234,1,0.000,0.000,0.000,0,476,0,0
1640,1.719,1.719,1.463,0.057,0.007,0.191,1,0.000,0.000,0.000,0,476,0,0
1641,1.228,1.228,1.015,0.055,0.002,0.156,1,0.000,0.000,0.000,0,476,0,0
1642,1.271,1.271,1.014,0.054,0.002,0.200,1,0.000,0.000,0.000,0,476,0,0
1643,2.522,2.522,2.291,0.054,0.008,0.168,1,0.000,0.000,0.000,0,476,0,0
1644,1.733,1.733,1.488,0.057,0.003,0.186,1,0.000,0.000,0.000,0,476,0,0
1645,1.707,1.707,1.340,0.057,0.005,0.306,1,0.000,0.000,0.000,0,476,0,0
1646,1.894,1.894,1.628,0.055,0.003,0.208,1,0.000,0.000,0.000,0,476,0,0
1647,1.536,1.536,1.272,0.054,0.003,0.207,1,0.000,0.000,0.000,0,476,0,0
1648,1.571,1.571,1.243,0.054,0.002,0.271,1,0.000,0.000,0.000,0,476,0,0
1649,1.883,1.883,1.611,0.063,0.002,0.206,1,0.000,0.000,0.000,0,476,0,0
1650,1.745,1.745,1.479,0.055,0.003,0.209,1,0.000,0.000,0.000,0,476,0,0
1651,1.634,1.634,1.306,0.054,0.002,0.271,1,0.000,0.000,0.000,0,476,0,0
1652,1.896,1.896,1.632,0.054,0.002,0.207,1,0.000,0.000,0.000,0,476,0,0
1653,2.173,2.173,1.908,0.054,0.005,0.206,1,0.000,0.000,0.000,0,476,0,0
1654,1.573,1.573,1.237,0.055,0.004,0.277,1,0.000,0.000,0.000,0,476,0,0
1655,1.809,1.809,1.582,0.054,0.003,0.170,1,0.000,0.000,0.000,0,476,0,0
1656,1.567,1.567,1.332,0.054,0.005,0.175,1,0.000,0.000,0.000,0,476,0,0
1657,2.717,2.717,1.897,0.603,0.003,0.213,1,0.000,0.000,0.000,0,476,0,0
1658,1.458,1.458,1.213,0.056,0.005,0.184,1,0.000,0.000,0.000,0,476,0,0
1659,1.424,1.424,1.185,0.054,0.002,0.183,1,0.000,0.000,0.000,0,476,0,0
1660,1.421,1.421,1.120,0.054,0.002,0.244,1,0.000,0.000,0.000,0,476,0,0
1661,1.814,1.814,1.571,0.054,0.003,0.187,1,0.000,0.000,0.000,0,476,0,0
1662,1.419,1.419,1.176,0.054,0.002,0.186,1,0.000,0.000,0.000,0,476,0,0
1663,1.898,1.898,1.609,0.058,0.003,0.228,1,0.000,0.000,0.000,0,476,0,0
1664,1.791,1.791,1.525,0.055,0.004,0.207,1,0.000,0.000,0.000,0,476,0,0
1665,1.408,1.408,1.133,0.054,0.003,0.219,1,0.000,0.000,0.000,0,476,0,0
1666,1.871,1.871,1.524,0.055,0.004,0.288,1,0.000,0.000,0.000,0,476,0,0
1667,1.941,1.941,1.654,0.054,0.005,0.227,1,0.000,0.000,0.000,0,476,0,0
1668,1.521,1.521,1.251,0.055,0.003,0.212,1,0.000,0.000,0.000,0,476,0,0
1669,1.613,1.613,1.276,0.055,0.002,0.280,1,0.000,0.000,0.000,0,476,0,0
1670,1.924,1.924,1.651,0.055,0.003,0.215,1,0.000,0.000,0.000,0,476,0,0
1671,1.577,1.577,1.298,0.053,0.003,0.224,1,0.000,0.000,0.000,0,472,0,0
1672,1.694,1.694,1.325,0.054,0.002,0.313,1,0.000,0.000,0.000,0,472,0,0
1673,2.051,2.051,1.763,0.054,0.002,0.230,1,0.000,0.000,0.000,0,476,0,0
1674,1.690,1.690,1.395,0.054,0.002,0.239,1,0.000,0.000,0.000,0,476,0,0
1675,1.771,1.771,1.391,0.053,0.003,0.324,1,0.000,0.000,0.000,0,476,0,0
1676,2.201,2.201,1.897,0.054,0.003,0.248,1,0.000,0.000,0.000,0,476,0,0
1677,1.748,1.748,1.445,0.054,0.002,0.246,1,0.000,0.000,0.000,0,476,0,0
1678,1.822,1.822,1.443,0.053,0.002,0.323,1,0.000,0.000,0.000,0,476,0,0
1679,2.253,2.253,1.953,0.054,0.003,0.243,1,0.000,0.000,0.000,0,476,0,0
1680,1.672,1.672,1.389,0.054,0.003,0.227,1,0.000,0.000,0.000,0,476,0,0
1681,1.725,1.725,1.367,0.054,0.002,0.301,1,0.000,0.000,0.000,0,476,0,0
1682,2.678,2.678,2.384,0.054,0.005,0.234,1,0.000,0.000,0.000,0,476,0,0
1683,1.558,1.558,1.275,0.063,0.003,0.218,1,0.000,0.000,0.000,0,476,0,0
1684,2.002,2.002,1.644,0.059,0.002,0.296,1,0.000,0.000,0.000,0,900,0,0
1685,3.146,3.146,2.810,0.059,0.007,0.270,1,0.000,0.000,0.000,0,900,0,0
1686,1.583,1.583,1.340,0.060,0.004,0.179,1,0.000,0.000,0.000,0,900,0,0
1687,1.506,1.506,1.223,0.058,0.002,0.222,1,0.000,0.000,0.000,0,900,0,0
1688,2.072,2.072,1.842,0.058,0.002,0.169,1,0.000,0.000,0.000,0,900,0,0
1689,1.401,1.401,1.171,0.058,0.002,0.169,1,0.000,0.000,0.000,0,900,0,0
1690,1.440,1.440,1.154,0.058,0.002,0.225,1,0.000,0.000,0.000,0,900,0,0
1691,1.676,1.676,1.446,0.059,0.002,0.168,1,0.000,0.000,0.000,0,900,0,0
1692,1.397,1.397,1.170,0.059,0.002,0.167,1,0.000,0.000,0.000,0,900,0,0
1693,1.439,1.439,1.158,0.059,0.002,0.221,1,0.000,0.000,0.000,0,900,0,0
1694,1.712,1.712,1.466,0.059,0.002,0.184,1,0.000,0.000,0.000,0,900,0,0
1695,1.782,1.782,1.527,0.058,0.006,0.192,1,0.000,0.000,0.000,0,900,0,0
1696,1.772,1.772,1.463,0.061,0.002,0.245,1,0.000,0.000,0.000,0,900,0,0
1697,1.811,1.811,1.563,0.058,0.003,0.187,1,0.000,0.000,0.000,0,900,0,0
1698,1.434,1.434,1.186,0.058,0.003,0.187,1,0.000,0.000,0.000,0,900,0,0
1699,1.609,1.609,1.288,0.058,0.002,0.260,1,0.000,0.000,0.000,0,900,0,0
1700,1.805,1.805,1.574,0.059,0.002,0.169,1,0.000,0.000,0.000,0,900,0,0
1701,1.638,1.638,1.288,0.060,0.002,0.287,1,0.000,0.000,0.000,0,900,0,0
1702,1.917,1.917,1.676,0.065,0.003,0.174,1,0.000,0.000,0.000,0,900,0,0
1703,1.436,1.436,1.188,0.058,0.002,0.187,1,0.000,0.000,0.000,0,900,0,0
1704,1.578,1.578,1.291,0.059,0.002,0.225,1,0.000,0.000,0.000,0,900,0,0
1705,1.639,1.639,1.382,0.059,0.002,0.195,1,0.000,0.000,0.000,0,900,0,0
1706,1.432,1.432,1.187,0.058,0.003,0.184,1,0.000,0.000,0.000,0,900,0,0
1707,1.503,1.503,1.182,0.059,0.002,0.260,1,0.000,0.000,0.000,0,900,0,0
1708,1.716,1.716,1.474,0.058,0.003,0.181,1,0.000,0.000,0.000,0,900,0,0
1709,1.665,1.665,1.420,0.058,0.002,0.184,1,0.000,0.000,0.000,0,900,0,0
1710,1.775,1.775,1.460,0.060,0.004,0.251,1,0.000,0.000,0.000,0,900,0,0
1711,2.513,2.513,2.259,0.059,0.005,0.190,1,0.000,0.000,0.000,0,900,0,0
1712,1.598,1.598,1.339,0.059,0.005,0.195,1,0.000,0.000,0.000,0,900,0,0
1713,3.087,3.087,2.731,0.059,0.002,0.295,1,0.000,0.000,0.000,0,900,0,0
1714,1.775,1.775,1.519,0.061,0.003,0.192,1,0.000,0.000,0.000,0,900,0,0
1715,2.215,2.215,1.961,0.062,0.004,0.188,1,0.000,0.000,0.000,0,900,0,0
1716,1.507,1.507,1.221,0.059,0.002,0.225,1,0.000,0.000,0.000,0,900,0,0
1717,1.618,1.618,1.390,0.059,0.003,0.167,1,0.000,0.000,0.000,0,900,0,0
1718,1.371,1.371,1.145,0.059,0.002,0.165,1,0.000,0.000,0.000,0,900,0,0
1719,1.537,1.537,1.238,0.059,0.002,0.237,1,0.000,0.000,0.000,0,900,0,0
1720,1.907,1.907,1.652,0.068,0.004,0.183,1,0.000,0.000,0.000,0,900,0,0
1721,1.493,1.493,1.266,0.060,0.002,0.165,1,0.000,0.000,0.000,0,900,0,0
1722,1.810,1.810,1.531,0.058,0.003,0.218,1,0.000,0.000,0.000,0,900,0,0
1723,1.584,1.584,1.357,0.059,0.002,0.166,1,0.000,0.000,0.000,0,900,0,0
1724,1.592,1.592,1.311,0.058,0.002,0.221,1,0.000,0.000,0.000,0,900,0,0
1725,1.681,1.681,1.292,0.058,0.003,0.328,1,0.000,0.000,0.000,0,900,0,0
1726,2.206,2.206,1.906,0.058,0.002,0.240,1,0.000,0.000,0.000,0,900,0,0
1727,1.746,1.746,1.444,0.059,0.003,0.241,1,0.000,0.000,0.000,0,900,0,0
1728,1.984,1.984,1.593,0.058,0.006,0.327,1,0.000,0.000,0.000,0,900,0,0
1729,2.359,2.359,2.054,0.063,0.003,0.238,1,0.000,0.000,0.000,0,900,0,0
1730,1.720,1.720,1.416,0.059,0.003,0.241,1,0.000,0.000,0.000,0,900,0,0
1731,2.003,2.003,1.613,0.059,0.003,0.329,1,0.000,0.000,0.000,0,900,0,0
1732,2.245,2.245,1.911,0.087,0.007,0.241,1,0.000,0.000,0.000,0,900,1,0
1733,1.761,1.761,1.439,0.060,0.003,0.258,1,0.000,0.000,0.000,0,900,0,0
1734,2.588,2.588,2.182,0.059,0.005,0.342,1,0.000,0.000,0.000,0,900,0,0
1735,2.308,2.308,1.975,0.059,0.003,0.271,1,0.000,0.000,0.000,0,900,0,0
1736,2.407,2.407,2.075,0.060,0.005,0.267,1,0.000,0.000,0.000,0,900,0,0
1737,1.812,1.812,1.400,0.060,0.004,0.348,1,0.000,0.000,0.000,0,900,0,0
1738,2.341,2.341,2.021,0.059,0.003,0.258,1,0.000,0.000,0.000,0,900,0,0
1739,2.264,2.264,1.932,0.062,0.003,0.267,1,0.000,0.000,0.000,0,900,0,0
1740,3.570,3.570,3.163,0.061,0.005,0.341,1,0.000,0.000,0.000,0,900,0,0
1741,2.328,2.328,2.005,0.061,0.004,0.259,1,0.000,0.000,0.000,0,900,0,0
1742,1.771,1.771,1.470,0.058,0.003,0.240,1,0.000,0.000,0.000,0,900,0,0
1743,1.921,1.921,1.541,0.059,0.003,0.319,1,0.000,0.000,0.000,0,900,0,0
1744,2.506,2.506,2.171,0.062,0.003,0.269,1,0.000,0.000,0.000,0,900,0,0
1745,1.816,1.816,1.524,0.059,0.003,0.230,1,0.000,0.000,0.000,0,900,0,0
1746,1.767,1.767,1.404,0.059,0.002,0.302,1,0.000,0.000,0.000,0,900,0,0
1747,2.098,2.098,1.808,0.058,0.002,0.229,1,0.000,0.000,0.000,0,900,0,0
1748,1.668,1.668,1.377,0.059,0.003,0.229,1,0.000,0.000,0.000,0,900,0,0
1749,1.774,1.774,1.411,0.059,0.003,0.301,1,0.000,0.000,0.000,0,900,0,0
1750,2.088,2.088,1.791,0.061,0.003,0.233,1,0.000,0.000,0.000,0,900,0,0
1751,1.758,1.758,1.472,0.060,0.002,0.224,1,0.000,0.000,0.000,0,900,0,0
1752,1.795,1.795,1.420,0.059,0.003,0.313,1,0.000,0.000,0.000,0,900,0,0
1753,2.091,2.091,1.801,0.059,0.002,0.229,1,0.000,0.000,0.000,0,900,0,0
1754,1.735,1.735,1.431,0.058,0.002,0.243,1,0.000,0.000,0.000,0,900,0,0
1755,1.847,1.847,1.463,0.058,0.003,0.323,1,0.000,0.000,0.000,0,900,0,0
1756,2.237,2.237,1.933,0.053,0.003,0.247,1,0.000,0.000,0.000,0,228,0,0
1757,1.786,1.786,1.483,0.054,0.003,0.246,1,0.000,0.000,0.000,0,228,0,0
1758,1.874,1.874,1.497,0.053,0.002,0.322,1,0.000,0.000,0.000,0,228,0,0
1759,2.266,2.266,1.977,0.054,0.002,0.234,1,0.000,0.000,0.000,0,228,0,0
1760,1.669,1.669,1.403,0.053,0.002,0.211,1,0.000,0.000,0.000,0,228,0,0
1761,2.371,2.371,1.878,0.165,0.008,0.321,1,0.000,0.000,0.000,0,228,0,0
1762,2.301,2.301,2.019,0.057,0.003,0.222,1,0.000,0.000,0.000,0,228,0,0
1763,1.587,1.587,1.319,0.054,0.003,0.211,1,0.000,0.000,0.000,0,228,0,0
1764,2.699,2.699,2.361,0.056,0.004,0.278,1,0.000,0.000,0.000,0,228,0,0
1765,1.887,1.887,1.660,0.055,0.004,0.167,1,0.000,0.000,0.000,0,228,0,0
1766,1.226,1.226,1.017,0.054,0.002,0.153,1,0.000,0.000,0.000,0,228,0,0
1767,1.435,1.435,1.180,0.053,0.005,0.197,1,0.000,0.000,0.000,0,224,0,0
1768,2.072,2.072,1.844,0.057,0.005,0.166,1,0.000,0.000,0.000,0,224,0,0
1769,1.278,1.278,1.066,0.055,0.003,0.155,1,0.000,0.000,0.000,0,224,0,0
1770,1.384,1.384,1.126,0.051,0.002,0.204,1,0.000,0.000,0.000,0,220,0,0
1771,1.546,1.546,1.341,0.052,0.002,0.151,1,0.000,0.000,0.000,0,220,0,0
1772,1.230,1.230,1.025,0.051,0.002,0.151,1,0.000,0.000,0.000,0,220,0,0
1773,1.279,1.279,1.027,0.052,0.002,0.198,1,0.000,0.000,0.000,0,220,0,0
1774,1.568,1.568,1.353,0.052,0.003,0.161,1,0.000,0.000,0.000,0,220,0,0
1775,1.217,1.217,1.027,0.051,0.002,0.137,1,0.000,0.000,0.000,0,220,0,0
1776,1.426,1.426,1.177,0.051,0.002,0.195,1,0.000,0.000,0.000,0,220,0,0
1777,1.383,1.383,1.176,0.053,0.004,0.150,1,0.000,0.000,0.000,0,220,0,0
1778,1.136,1.136,0.943,0.052,0.003,0.138,1,0.000,0.000,0.000,0,220,0,0
1779,1.352,1.352,1.104,0.052,0.002,0.194,1,0.000,0.000,0.000,0,220,0,0
1780,1.444,1.444,1.271,0.051,0.003,0.119,1,0.000,0.000,0.000,0,220,0,0
1781,1.666,1.666,1.490,0.052,0.002,0.121,1,0.000,0.000,0.000,0,220,0,0
1782,1.134,1.134,0.925,0.051,0.002,0.155,1,0.000,0.000,0.000,0,220,0,0
1783,1.267,1.267,1.129,0.052,0.002,0.084,1,0.000,0.000,0.000,0,220,0,0
1784,1.385,1.385,1.185,0.051,0.002,0.146,1,0.000,0.000,0.000,0,220,0,0
1785,1.742,1.742,1.453,0.053,0.002,0.233,1,0.000,0.000,0.000,0,220,0,0
1786,1.652,1.652,1.424,0.052,0.003,0.173,1,0.000,0.000,0.000,0,220,0,0
1787,1.312,1.312,1.085,0.052,0.003,0.172,1,0.000,0.000,0.000,0,220,0,0
1788,1.408,1.408,1.126,0.051,0.002,0.228,1,0.000,0.000,0.000,0,220,0,0
1789,1.622,1.622,1.399,0.051,0.002,0.169,1,0.000,0.000,0.000,0,220,0,0
1790,1.298,1.298,1.073,0.051,0.002,0.171,1,0.000,0.000,0.000,0,220,0,0
1791,1.436,1.436,1.151,0.051,0.002,0.231,1,0.000,0.000,0.000,0,220,0,0
1792,1.894,1.894,1.653,0.051,0.002,0.187,1,0.000,0.000,0.000,0,220,0,0
1793,1.493,1.493,1.247,0.054,0.004,0.188,1,0.000,0.000,0.000,0,220,0,0
1794,1.123,1.123,0.877,0.051,0.002,0.192,1,0.000,0.000,0.000,0,220,0,0
1795,1.237,1.237,1.110,0.052,0.008,0.068,1,0.000,0.000,0.000,0,220,0,0
1796,0.984,0.984,0.879,0.052,0.003,0.050,1,0.000,0.000,0.000,0,220,0,0
1797,0.912,0.912,0.803,0.051,0.002,0.055,1,0.000,0.000,0.000,0,220,0,0
1798,0.912,0.912,0.839,0.051,0.002,0.019,1,0.000,0.000,0.000,0,220,0,0
1799,1.475,1.475,1.411,0.053,0.004,0.006,1,0.000,0.000,0.000,0,220,0,0
1800,1.008,1.008,0.946,0.052,0.003,0.007,1,0.000,0.000,0.000,0,220,0,0
1801,1.173,1.173,1.111,0.056,0.003,0.004,1,0.000,0.000,0.000,0,220,0,0
1802,1.309,1.309,1.239,0.052,0.006,0.011,1,0.000,0.000,0.000,0,220,0,0
1803,0.895,0.895,0.836,0.051,0.003,0.005,1,0.000,0.000,0.000,0,220,0,0
1804,1.019,1.019,0.957,0.052,0.003,0.007,1,0.000,0.000,0.000,0,220,0,0
1805,0.846,0.846,0.785,0.052,0.002,0.007,1,0.000,0.000,0.000,0,220,0,0
1806,0.811,0.811,0.752,0.052,0.002,0.005,1,0.000,0.000,0.000,0,220,0,0
1807,0.803,0.803,0.745,0.051,0.002,0.005,1,0.000,0.000,0.000,0,220,0,0
1808,0.807,0.807,0.748,0.051,0.002,0.006,1,0.000,0.000,0.000,0,220,0,0
1809,0.797,0.797,0.739,0.051,0.002,0.005,1,0.000,0.000,0.000,0,220,0,0
1810,0.799,0.799,0.740,0.051,0.002,0.005,1,0.000,0.000,0.000,0,220,0,0
1811,0.803,0.803,0.744,0.051,0.002,0.006,1,0.000,0.000,0.000,0,220,0,0
1812,0.799,0.799,0.741,0.051,0.002,0.005,1,0.000,0.000,0.000,0,220,0,0
1813,0.798,0.798,0.739,0.052,0.002,0.005,1,0.000,0.000,0.000,0,220,0,0
1814,0.802,0.802,0.743,0.051,0.002,0.006,1,0.000,0.000,0.000,0,220,0,0
1815,0.798,0.798,0.740,0.051,0.002,0.005,1,0.000,0.000,0.000,0,220,0,0
1816,0.826,0.826,0.768,0.050,0.002,0.005,1,0.000,0.000,0.000,0,220,0,0
1817,0.805,0.805,0.746,0.052,0.002,0.006,1,0.000,0.000,0.000,0,220,0,0
1818,0.815,0.815,0.757,0.051,0.002,0.005,1,0.000,0.000,0.000,0,220,0,0
1819,0.800,0.800,0.742,0.051,0.002,0.005,1,0.000,0.000,0.000,0,220,0,0
1820,0.801,0.801,0.742,0.051,0.002,0.006,1,0.000,0.000,0.000,0,220,0,0
1821,0.798,0.798,0.740,0.051,0.002,0.005,1,0.000,0.000,0.000,0,220,0,0
1822,0.796,0.796,0.737,0.052,0.002,0.005,1,0.000,0.000,0.000,0,220,0,0
1823,1.047,1.047,0.980,0.055,0.004,0.008,1,0.000,0.000,0.000,0,220,0,0
1824,0.909,0.909,0.848,0.053,0.003,0.006,1,0.000,0.000,0.000,0,220,0,0
1825,0.814,0.814,0.755,0.051,0.002,0.005,1,0.000,0.000,0.000,0,220,0,0
1826,0.810,0.810,0.750,0.052,0.002,0.006,1,0.000,0.000,0.000,0,220,0,0
1827,0.801,0.801,0.742,0.051,0.002,0.005,1,0.000,0.000,0.000,0,220,0,0
1828,0.798,0.798,0.740,0.051,0.002,0.005,1,0.000,0.000,0.000,0,220,0,0
1829,0.801,0.801,0.742,0.051,0.002,0.006,1,0.000,0.000,0.000,0,220,0,0
1830,0.810,0.810,0.752,0.051,0.002,0.005,1,0.000,0.000,0.000,0,220,0,0
1831,0.803,0.803,0.745,0.051,0.002,0.005,1,0.000,0.000,0.000,0,220,0,0
1832,0.803,0.803,0.742,0.052,0.002,0.006,1,0.000,0.000,0.000,0,220,0,0
1833,0.800,0.800,0.741,0.052,0.002,0.005,1,0.000,0.000,0.000,0,220,0,0
1834,0.795,0.795,0.737,0.051,0.002,0.005,1,0.000,0.000,0.000,0,220,0,0
1835,0.813,0.813,0.754,0.051,0.002,0.006,1,0.000,0.000,0.000,0,220,0,0
1836,0.801,0.801,0.742,0.052,0.002,0.005,1,0.000,0.000,0.000,0,220,0,0
1837,0.798,0.798,0.740,0.051,0.002,0.005,1,0.000,0.000,0.000,0,220,0,0
1838,0.802,0.802,0.743,0.051,0.002,0.006,1,0.000,0.000,0.000,0,220,0,0
1839,0.800,0.800,0.742,0.051,0.002,0.005,1,0.000,0.000,0.000,0,220,0,0
1840,0.791,0.791,0.733,0.051,0.002,0.005,1,0.000,0.000,0.000,0,220,0,0
1841,0.799,0.799,0.740,0.051,0.002,0.006,1,0.000,0.000,0.000,0,220,0,0
1842,0.798,0.798,0.740,0.051,0.002,0.005,1,0.000,0.000,0.000,0,220,0,0
1843,0.798,0.798,0.740,0.051,0.002,0.005,1,0.000,0.000,0.000,0,220,0,0
1844,1.223,1.223,1.158,0.054,0.003,0.007,1,0.000,0.000,0.000,0,220,0,0
1845,0.965,0.965,0.903,0.052,0.003,0.007,1,0.000,0.000,0.000,0,220,0,0
1846,0.818,0.818,0.760,0.052,0.002,0.005,1,0.000,0.000,0.000,0,220,0,0
1847,0.810,0.810,0.751,0.051,0.002,0.006,1,0.000,0.000,0.000,0,220,0,0
1848,0.800,0.800,0.742,0.051,0.002,0.005,1,0.000,0.000,0.000,0,220,0,0
1849,0.819,0.819,0.760,0.051,0.002,0.006,1,0.000,0.000,0.000,0,220,0,0
1850,0.818,0.818,0.759,0.051,0.002,0.007,1,0.000,0.000,0.000,0,220,0,0
1851,0.803,0.803,0.745,0.051,0.002,0.005,1,0.000,0.000,0.000,0,220,0,0
1852,0.800,0.800,0.741,0.052,0.002,0.005,1,0.000,0.000,0.000,0,220,0,0
1853,0.802,0.802,0.743,0.051,0.002,0.006,1,0.000,0.000,0.000,0,220,0,0
1854,0.801,0.801,0.743,0.051,0.002,0.005,1,0.000,0.000,0.000,0,220,0,0
1855,0.802,0.802,0.743,0.051,0.002,0.005,1,0.000,0.000,0.000,0,220,0,0
1856,0.820,0.820,0.761,0.051,0.002,0.006,1,0.000,0.000,0.000,0,220,0,0
1857,0.802,0.802,0.743,0.051,0.002,0.005,1,0.000,0.000,0.000,0,220,0,0
1858,1.287,1.287,1.226,0.053,0.003,0.006,1,0.000,0.000,0.000,0,220,0,0
1859,1.658,1.658,1.592,0.053,0.003,0.010,1,0.000,0.000,0.000,0,220,0,0
1860,1.110,1.110,1.045,0.054,0.003,0.008,1,0.000,0.000,0.000,0,220,0,0
1861,0.836,0.836,0.777,0.051,0.002,0.005,1,0.000,0.000,0.000,0,220,0,0
1862,0.817,0.817,0.758,0.051,0.002,0.006,1,0.000,0.000,0.000,0,220,0,0
1863,0.802,0.802,0.745,0.050,0.002,0.005,1,0.000,0.000,0.000,0,220,0,0
1864,0.797,0.797,0.740,0.051,0.002,0.005,1,0.000,0.000,0.000,0,220,0,0
1865,0.801,0.801,0.742,0.051,0.002,0.006,1,0.000,0.000,0.000,0,220,0,0
1866,0.798,0.798,0.740,0.051,0.002,0.005,1,0.000,0.000,0.000,0,220,0,0
1867,0.799,0.799,0.741,0.051,0.002,0.005,1,0.000,0.000,0.000,0,220,0,0
1868,0.815,0.815,0.755,0.051,0.002,0.006,1,0.000,0.000,0.000,0,220,0,0
1869,0.813,0.813,0.753,0.052,0.002,0.005,1,0.000,0.000,0.000,0,220,0,0
1870,1.101,1.101,1.042,0.051,0.002,0.006,1,0.000,0.000,0.000,0,220,0,0
1871,0.883,0.883,0.825,0.051,0.002,0.005,1,0.000,0.000,0.000,0,220,0,0
1872,1.063,1.063,1.000,0.053,0.003,0.007,1,0.000,0.000,0.000,0,220,0,0
1873,0.831,0.831,0.773,0.051,0.002,0.005,1,0.000,0.000,0.000,0,220,0,0
1874,0.834,0.834,0.774,0.051,0.002,0.006,1,0.000,0.000,0.000,0,220,0,0
1875,0.802,0.802,0.744,0.051,0.002,0.005,1,0.000,0.000,0.000,0,220,0,0
1876,0.803,0.803,0.744,0.052,0.002,0.005,1,0.000,0.000,0.000,0,220,0,0
1877,0.805,0.805,0.746,0.051,0.002,0.006,1,0.000,0.000,0.000,0,220,0,0
1878,0.802,0.802,0.744,0.051,0.002,0.005,1,0.000,0.000,0.000,0,220,0,0
1879,0.803,0.803,0.745,0.051,0.002,0.005,1,0.000,0.000,0.000,0,220,0,0
1880,0.805,0.805,0.746,0.051,0.002,0.006,1,0.000,0.000,0.000,0,220,0,0
1881,0.801,0.801,0.742,0.052,0.002,0.005,1,0.000,0.000,0.000,0,220,0,0
1882,0.805,0.805,0.735,0.052,0.002,0.017,1,0.000,0.000,0.000,0,220,0,0
1883,0.837,0.837,0.767,0.062,0.002,0.006,1,0.000,0.000,0.000,0,220,0,0
1884,0.896,0.896,0.836,0.052,0.002,0.006,1,0.000,0.000,0.000,0,220,0,0
1885,1.080,1.080,1.014,0.053,0.004,0.009,1,0.000,0.000,0.000,0,220,0,0
1886,0.837,0.837,0.776,0.052,0.002,0.007,1,0.000,0.000,0.000,0,220,0,0
1887,0.815,0.815,0.756,0.052,0.002,0.005,1,0.000,0.000,0.000,0,220,0,0
1888,0.810,0.810,0.751,0.052,0.002,0.005,1,0.000,0.000,0.000,0,220,0,0
1889,0.805,0.805,0.745,0.051,0.002,0.006,1,0.000,0.000,0.000,0,220,0,0
1890,0.803,0.803,0.744,0.051,0.002,0.005,1,0.000,0.000,0.000,0,220,0,0
1891,0.802,0.802,0.743,0.052,0.002,0.005,1,0.000,0.000,0.000,0,220,0,0
1892,0.813,0.813,0.754,0.051,0.002,0.006,1,0.000,0.000,0.000,0,220,0,0
1893,0.821,0.821,0.763,0.052,0.002,0.005,1,0.000,0.000,0.000,0,220,0,0
1894,0.812,0.812,0.754,0.051,0.002,0.005,1,0.000,0.000,0.000,0,220,0,0
1895,0.815,0.815,0.755,0.051,0.002,0.006,1,0.000,0.000,0.000,0,220,0,0
1896,0.824,0.824,0.765,0.051,0.002,0.005,1,0.000,0.000,0.000,0,220,0,0
1897,0.813,0.813,0.755,0.050,0.002,0.005,1,0.000,0.000,0.000,0,220,0,0
1898,0.930,0.930,0.870,0.052,0.002,0.006,1,0.000,0.000,0.000,0,220,0,0
1899,0.824,0.824,0.766,0.051,0.002,0.005,1,0.000,0.000,0.000,0,220,0,0
1900,0.813,0.813,0.755,0.051,0.002,0.005,1,0.000,0.000,0.000,0,220,0,0
1901,0.811,0.811,0.752,0.051,0.002,0.006,1,0.000,0.000,0.000,0,220,0,0
1902,0.812,0.812,0.754,0.052,0.002,0.005,1,0.000,0.000,0.000,0,220,0,0
1903,0.820,0.820,0.761,0.051,0.002,0.006,1,0.000,0.000,0.000,0,220,0,0
1904,0.812,0.812,0.754,0.051,0.002,0.005,1,0.000,0.000,0.000,0,220,0,0
1905,0.814,0.814,0.756,0.051,0.002,0.005,1,0.000,0.000,0.000,0,220,0,0
1906,0.817,0.817,0.758,0.051,0.002,0.006,1,0.000,0.000,0.000,0,220,0,0
1907,0.807,0.807,0.749,0.051,0.002,0.005,1,0.000,0.000,0.000,0,220,0,0
1908,0.982,0.982,0.905,0.069,0.002,0.006,1,0.000,0.000,0.000,0,220,0,0
1909,0.860,0.860,0.800,0.052,0.002,0.006,1,0.000,0.000,0.000,0,220,0,0
1910,0.840,0.840,0.781,0.051,0.002,0.005,1,0.000,0.000,0.000,0,220,0,0
1911,0.816,0.816,0.758,0.051,0.002,0.005,1,0.000,0.000,0.000,0,220,0,0
1912,0.817,0.817,0.757,0.051,0.002,0.006,1,0.000,0.000,0.000,0,220,0,0
1913,0.813,0.813,0.754,0.051,0.002,0.005,1,0.000,0.000,0.000,0,220,0,0
1914,0.814,0.814,0.756,0.051,0.002,0.005,1,0.000,0.000,0.000,0,220,0,0
1915,0.818,0.818,0.758,0.051,0.002,0.006,1,0.000,0.000,0.000,0,220,0,0
1916,0.813,0.813,0.755,0.051,0.002,0.005,1,0.000,0.000,0.000,0,220,0,0
1917,0.814,0.814,0.756,0.052,0.002,0.005,1,0.000,0.000,0.000,0,220,0,0
1918,0.815,0.815,0.755,0.051,0.002,0.006,1,0.000,0.000,0.000,0,220,0,0
1919,0.941,0.941,0.882,0.051,0.002,0.005,1,0.000,0.000,0.000,0,220,0,0
1920,0.818,0.818,0.759,0.051,0.002,0.005,1,0.000,0.000,0.000,0,220,0,0
1921,0.816,0.816,0.756,0.052,0.002,0.007,1,0.000,0.000,0.000,0,220,0,0
1922,0.821,0.821,0.763,0.052,0.002,0.005,1,0.000,0.000,0.000,0,220,0,0
1923,0.814,0.814,0.756,0.052,0.002,0.005,1,0.000,0.000,0.000,0,220,0,0
1924,0.817,0.817,0.758,0.051,0.002,0.006,1,0.000,0.000,0.000,0,220,0,0
1925,0.809,0.809,0.751,0.051,0.002,0.005,1,0.000,0.000,0.000,0,220,0,0
1926,0.812,0.812,0.753,0.052,0.002,0.005,1,0.000,0.000,0.000,0,220,0,0
1927,0.815,0.815,0.756,0.051,0.002,0.006,1,0.000,0.000,0.000,0,220,0,0
1928,0.812,0.812,0.753,0.052,0.002,0.005,1,0.000,0.000,0.000,0,220,0,0
1929,0.810,0.810,0.752,0.051,0.002,0.005,1,0.000,0.000,0.000,0,220,0,0
1930,1.167,1.167,1.099,0.054,0.004,0.010,1,0.000,0.000,0.000,0,220,0,0
1931,0.955,0.955,0.895,0.052,0.003,0.006,1,0.000,0.000,0.000,0,220,0,0
1932,0.828,0.828,0.769,0.052,0.002,0.005,1,0.000,0.000,0.000,0,220,0,0
1933,0.823,0.823,0.764,0.051,0.002,0.006,1,0.000,0.000,0.000,0,220,0,0
1934,0.815,0.815,0.756,0.052,0.002,0.005,1,0.000,0.000,0.000,0,220,0,0
1935,0.891,0.891,0.832,0.051,0.002,0.006,1,0.000,0.000,0.000,0,220,0,0
1936,1.041,1.041,0.977,0.054,0.003,0.007,1,0.000,0.000,0.000,0,220,0,0
1937,0.926,0.926,0.865,0.052,0.003,0.006,1,0.000,0.000,0.000,0,220,0,0
1938,0.843,0.843,0.783,0.051,0.002,0.006,1,0.000,0.000,0.000,0,220,0,0
1939,1.204,1.204,1.140,0.052,0.005,0.008,1,0.000,0.000,0.000,0,220,0,0
1940,0.932,0.932,0.870,0.051,0.003,0.007,1,0.000,0.000,0.000,0,220,0,0
1941,0.846,0.846,0.787,0.052,0.002,0.005,1,0.000,0.000,0.000,0,220,0,0
1942,0.839,0.839,0.780,0.051,0.002,0.006,1,0.000,0.000,0.000,0,220,0,0
1943,0.815,0.815,0.757,0.051,0.002,0.005,1,0.000,0.000,0.000,0,220,0,0
1944,0.816,0.816,0.757,0.052,0.002,0.005,1,0.000,0.000,0.000,0,220,0,0
1945,0.816,0.816,0.757,0.051,0.002,0.006,1,0.000,0.000,0.000,0,220,0,0
1946,0.813,0.813,0.755,0.051,0.002,0.005,1,0.000,0.000,0.000,0,220,0,0
1947,0.814,0.814,0.755,0.051,0.002,0.005,1,0.000,0.000,0.000,0,220,0,0
1948,1.230,1.230,1.167,0.052,0.004,0.008,1,0.000,0.000,0.000,0,220,0,0
1949,1.139,1.139,1.077,0.053,0.003,0.006,1,0.000,0.000,0.000,0,220,0,0
1950,1.037,1.037,0.974,0.052,0.003,0.007,1,0.000,0.000,0.000,0,220,0,0
1951,0.851,0.851,0.791,0.051,0.002,0.006,1,0.000,0.000,0.000,0,220,0,0
1952,0.825,0.825,0.766,0.051,0.002,0.005,1,0.000,0.000,0.000,0,220,0,0
1953,0.835,0.835,0.775,0.053,0.002,0.005,1,0.000,0.000,0.000,0,224,0,0
1954,0.826,0.826,0.765,0.052,0.002,0.007,1,0.000,0.000,0.000,0,224,0,0
1955,0.820,0.820,0.761,0.053,0.002,0.005,1,0.000,0.000,0.000,0,224,0,0
1956,0.823,0.823,0.763,0.053,0.002,0.005,1,0.000,0.000,0.000,0,224,0,0
1957,0.836,0.836,0.774,0.052,0.002,0.007,1,0.000,0.000,0.000,0,224,0,0
1958,0.830,0.830,0.770,0.052,0.002,0.005,1,0.000,0.000,0.000,0,224,0,0
1959,1.082,1.082,1.014,0.057,0.004,0.007,1,0.000,0.000,0.000,0,224,0,0
1960,0.934,0.934,0.871,0.053,0.003,0.007,1,0.000,0.000,0.000,0,224,0,0
1961,0.837,0.837,0.778,0.052,0.002,0.005,1,0.000,0.000,0.000,0,224,0,0
1962,0.824,0.824,0.764,0.053,0.002,0.005,1,0.000,0.000,0.000,0,224,0,0
1963,0.825,0.825,0.765,0.052,0.002,0.006,1,0.000,0.000,0.000,0,224,0,0
1964,0.883,0.883,0.847,0.003,0.027,0.006,1,0.000,0.000,0.000,0,4,0,0
1965,13.105,13.105,13.040,0.011,0.038,0.016,1,0.000,0.000,0.000,0,4,0,0
1966,119.969,119.969,119.830,0.115,0.008,0.016,1,0.000,0.000,0.000,0,432,0,0
1967,3.692,3.692,3.570,0.111,0.004,0.008,1,0.000,0.000,0.000,0,696,0,0
1968,3.045,3.045,2.914,0.106,0.009,0.016,1,0.000,0.000,0.000,0,696,0,0
1969,2.575,2.575,2.460,0.104,0.004,0.008,1,0.000,0.000,0.000,0,696,0,0
1970,2.476,2.476,2.365,0.103,0.003,0.006,1,0.000,0.000,0.000,0,696,0,0
1971,2.418,2.418,2.307,0.103,0.003,0.006,1,0.000,0.000,0.000,0,696,0,0
1972,2.425,2.425,2.311,0.105,0.003,0.007,1,0.000,0.000,0.000,0,696,0,0
1973,2.445,2.445,2.332,0.104,0.003,0.006,1,0.000,0.000,0.000,0,696,0,0
1974,2.423,2.423,2.311,0.103,0.003,0.006,1,0.000,0.000,0.000,0,696,0,0
1975,2.429,2.429,2.314,0.103,0.003,0.009,1,0.000,0.000,0.000,0,696,0,0
1976,2.423,2.423,2.311,0.103,0.003,0.006,1,0.000,0.000,0.000,0,696,0,0
1977,2.420,2.420,2.308,0.104,0.003,0.006,1,0.000,0.000,0.000,0,696,0,0
1978,2.424,2.424,2.312,0.103,0.003,0.007,1,0.000,0.000,0.000,0,696,0,0
1979,2.789,2.789,2.665,0.108,0.006,0.011,1,0.000,0.000,0.000,0,696,0,0
1980,2.537,2.537,2.423,0.104,0.003,0.007,1,0.000,0.000,0.000,0,696,0,0
1981,2.427,2.427,2.315,0.103,0.002,0.007,1,0.000,0.000,0.000,0,696,0,0
1982,2.403,2.403,2.291,0.103,0.003,0.006,1,0.000,0.000,0.000,0,696,0,0
1983,2.932,2.932,2.800,0.121,0.004,0.007,1,0.000,0.000,0.000,0,696,0,0
1984,2.650,2.650,2.533,0.105,0.003,0.009,1,0.000,0.000,0.000,0,696,0,0
1985,2.689,2.689,2.568,0.111,0.003,0.006,1,0.000,0.000,0.000,0,696,0,0
1986,2.576,2.576,2.461,0.105,0.004,0.007,1,0.000,0.000,0.000,0,696,0,0
1987,2.458,2.458,2.344,0.104,0.002,0.008,1,0.000,0.000,0.000,0,696,0,0
1988,2.406,2.406,2.296,0.102,0.002,0.006,1,0.000,0.000,0.000,0,696,0,0
1989,2.399,2.399,2.287,0.103,0.002,0.006,1,0.000,0.000,0.000,0,696,0,0
1990,2.400,2.400,2.289,0.102,0.002,0.007,1,0.000,0.000,0.000,0,696,0,0
1991,2.427,2.427,2.315,0.103,0.003,0.006,1,0.000,0.000,0.000,0,696,0,0
1992,2.726,2.726,2.609,0.106,0.003,0.007,1,0.000,0.000,0.000,0,696,0,0
1993,2.621,2.621,2.503,0.106,0.003,0.008,1,0.000,0.000,0.000,0,696,0,0
1994,2.418,2.418,2.307,0.103,0.002,0.006,1,0.000,0.000,0.000,0,696,0,0
1995,2.977,2.977,2.831,0.135,0.003,0.008,1,0.000,0.000,0.000,0,696,1,0
1996,4.500,4.500,4.373,0.110,0.006,0.012,1,0.000,0.000,0.000,0,696,0,0
1997,3.131,3.131,3.010,0.106,0.005,0.011,1,0.000,0.000,0.000,0,696,0,0
1998,2.506,2.506,2.393,0.104,0.003,0.006,1,0.000,0.000,0.000,0,696,0,0
1999,2.606,2.606,2.489,0.104,0.004,0.009,1,0.000,0.000,0.000,0,696,0,0
2000,2.422,2.422,2.311,0.102,0.003,0.006,1,0.000,0.000,0.000,0,696,0,0
2001,2.414,2.414,2.301,0.103,0.003,0.007,1,0.000,0.000,0.000,0,696,0,0
2002,2.406,2.406,2.296,0.102,0.003,0.006,1,0.000,0.000,0.000,0,696,0,0
2003,2.442,2.442,2.331,0.103,0.003,0.006,1,0.000,0.000,0.000,0,696,0,0
2004,3.101,3.101,2.978,0.109,0.004,0.009,1,0.000,0.000,0.000,0,696,0,0
2005,2.937,2.937,2.823,0.108,0.002,0.004,1,0.000,0.000,0.000,0,696,0,0
2006,2.534,2.534,2.417,0.105,0.004,0.009,1,0.000,0.000,0.000,0,696,0,0
2007,2.462,2.462,2.348,0.104,0.003,0.007,1,0.000,0.000,0.000,0,696,0,0
2008,3.076,3.076,2.957,0.106,0.005,0.007,1,0.000,0.000,0.000,0,696,0,0
2009,2.665,2.665,2.553,0.102,0.003,0.007,1,0.000,0.000,0.000,0,696,0,0
2010,2.438,2.438,2.324,0.103,0.003,0.008,1,0.000,0.000,0.000,0,696,0,0
2011,2.493,2.493,2.378,0.104,0.002,0.008,1,0.000,0.000,0.000,0,696,0,0
2012,2.427,2.427,2.315,0.104,0.002,0.006,1,0.000,0.000,0.000,0,696,0,0
2013,2.427,2.427,2.314,0.103,0.003,0.008,1,0.000,0.000,0.000,0,696,0,0
2014,2.419,2.419,2.307,0.104,0.003,0.006,1,0.000,0.000,0.000,0,696,0,0
2015,2.396,2.396,2.285,0.103,0.003,0.006,1,0.000,0.000,0.000,0,696,0,0
2016,2.931,2.931,2.805,0.108,0.006,0.012,1,0.000,0.000,0.000,0,696,0,0
2017,2.637,2.637,2.522,0.104,0.003,0.008,1,0.000,0.000,0.000,0,696,0,0
2018,2.454,2.454,2.342,0.103,0.002,0.006,1,0.000,0.000,0.000,0,696,0,0
2019,2.437,2.437,2.322,0.105,0.003,0.007,1,0.000,0.000,0.000,0,696,0,0
2020,2.414,2.414,2.303,0.103,0.002,0.006,1,0.000,0.000,0.000,0,696,0,0
2021,2.399,2.399,2.287,0.103,0.003,0.006,1,0.000,0.000,0.000,0,696,0,0
2022,2.399,2.399,2.286,0.104,0.002,0.007,1,0.000,0.000,0.000,0,696,0,0
2023,2.396,2.396,2.283,0.104,0.002,0.006,1,0.000,0.000,0.000,0,696,0,0
2024,2.417,2.417,2.306,0.103,0.002,0.006,1,0.000,0.000,0.000,0,696,0,0
2025,2.426,2.426,2.313,0.103,0.003,0.007,1,0.000,0.000,0.000,0,696,0,0
2026,2.399,2.399,2.288,0.102,0.002,0.006,1,0.000,0.000,0.000,0,696,0,0
2027,2.400,2.400,2.289,0.103,0.002,0.006,1,0.000,0.000,0.000,0,696,0,0
2028,3.148,3.148,2.985,0.105,0.004,0.055,1,0.000,0.000,0.000,0,696,0,0
2029,2.517,2.517,2.368,0.104,0.003,0.043,1,0.000,0.000,0.000,0,696,0,0
2030,2.981,2.981,2.806,0.109,0.005,0.061,1,0.000,0.000,0.000,0,696,0,0
2031,3.688,3.688,3.518,0.109,0.003,0.057,1,0.000,0.000,0.000,0,696,0,0
2032,3.498,3.498,3.349,0.106,0.003,0.040,1,0.000,0.000,0.000,0,696,0,0
2033,3.463,3.463,3.298,0.110,0.005,0.050,1,0.000,0.000,0.000,0,696,0,0
2034,3.261,3.261,3.065,0.134,0.004,0.059,1,0.000,0.000,0.000,0,696,0,0
2035,3.032,3.032,2.876,0.106,0.004,0.046,1,0.000,0.000,0.000,0,696,0,0
2036,2.531,2.531,2.382,0.105,0.003,0.041,1,0.000,0.000,0.000,0,696,0,0
2037,2.484,2.484,2.324,0.103,0.002,0.055,1,0.000,0.000,0.000,0,696,0,0
2038,2.481,2.481,2.332,0.104,0.003,0.042,1,0.000,0.000,0.000,0,696,0,0
2039,2.654,2.654,2.505,0.104,0.003,0.042,1,0.000,0.000,0.000,0,696,0,0
2040,2.468,2.468,2.308,0.104,0.002,0.054,1,0.000,0.000,0.000,0,696,0,0
2041,2.442,2.442,2.296,0.102,0.002,0.041,1,0.000,0.000,0.000,0,696,0,0
2042,2.762,2.762,2.604,0.109,0.004,0.045,1,0.000,0.000,0.000,0,696,0,0
2043,2.631,2.631,2.468,0.104,0.003,0.055,1,0.000,0.000,0.000,0,696,0,0
2044,2.458,2.458,2.311,0.103,0.002,0.041,1,0.000,0.000,0.000,0,696,0,0
2045,3.026,3.026,2.870,0.109,0.003,0.044,1,0.000,0.000,0.000,0,696,0,0
2046,3.029,3.029,2.866,0.105,0.003,0.054,1,0.000,0.000,0.000,0,696,0,0
2047,2.912,2.912,2.759,0.104,0.004,0.046,1,0.000,0.000,0.000,0,696,0,0
2048,2.558,2.558,2.409,0.103,0.003,0.044,1,0.000,0.000,0.000,0,696,0,0
2049,2.495,2.495,2.335,0.103,0.003,0.054,1,0.000,0.000,0.000,0,696,0,0
2050,2.480,2.480,2.333,0.103,0.002,0.042,1,0.000,0.000,0.000,0,696,0,0
2051,2.771,2.771,2.613,0.108,0.005,0.045,1,0.000,0.000,0.000,0,696,0,0
2052,2.780,2.780,2.616,0.108,0.003,0.053,1,0.000,0.000,0.000,0,696,0,0
2053,2.599,2.599,2.447,0.104,0.003,0.044,1,0.000,0.000,0.000,0,696,0,0
2054,2.460,2.460,2.313,0.102,0.002,0.042,1,0.000,0.000,0.000,0,696,0,0
2055,2.493,2.493,2.334,0.102,0.002,0.054,1,0.000,0.000,0.000,0,696,0,0
2056,2.469,2.469,2.322,0.102,0.003,0.042,1,0.000,0.000,0.000,0,696,0,0
2057,2.444,2.444,2.298,0.103,0.002,0.042,1,0.000,0.000,0.000,0,696,0,0
2058,2.494,2.494,2.334,0.104,0.002,0.054,1,0.000,0.000,0.000,0,696,0,0
2059,2.454,2.454,2.309,0.102,0.002,0.041,1,0.000,0.000,0.000,0,692,0,0
2060,2.434,2.434,2.289,0.101,0.002,0.042,1,0.000,0.000,0.000,0,692,0,0
2061,2.444,2.444,2.287,0.102,0.002,0.053,1,0.000,0.000,0.000,0,692,0,0
2062,2.430,2.430,2.284,0.102,0.003,0.041,1,0.000,0.000,0.000,0,692,0,0
2063,2.532,2.532,2.385,0.102,0.003,0.042,1,0.000,0.000,0.000,0,692,0,0
2064,2.772,2.772,2.600,0.111,0.004,0.058,1,0.000,0.000,0.000,0,692,0,0
2065,3.056,3.056,2.906,0.109,0.002,0.039,1,0.000,0.000,0.000,0,692,0,0
2066,3.847,3.847,3.689,0.107,0.005,0.046,1,0.000,0.000,0.000,0,692,0,0
2067,2.953,2.953,2.792,0.104,0.003,0.053,1,0.000,0.000,0.000,0,692,0,0
2068,3.511,3.511,3.347,0.107,0.006,0.052,1,0.000,0.000,0.000,0,692,0,0
2069,3.358,3.358,3.205,0.105,0.003,0.045,1,0.000,0.000,0.000,0,692,0,0
2070,2.576,2.576,2.417,0.102,0.003,0.054,1,0.000,0.000,0.000,0,692,0,0
2071,2.496,2.496,2.349,0.102,0.003,0.042,1,0.000,0.000,0.000,0,692,0,0
2072,2.451,2.451,2.305,0.102,0.003,0.042,1,0.000,0.000,0.000,0,692,0,0
2073,2.499,2.499,2.340,0.102,0.002,0.054,1,0.000,0.000,0.000,0,692,0,0
2074,2.450,2.450,2.304,0.102,0.003,0.041,1,0.000,0.000,0.000,0,692,0,0
2075,2.900,2.900,2.738,0.109,0.005,0.048,1,0.000,0.000,0.000,0,692,0,0
2076,2.647,2.647,2.484,0.103,0.004,0.056,1,0.000,0.000,0.000,0,692,0,0
2077,2.460,2.460,2.314,0.102,0.003,0.041,1,0.000,0.000,0.000,0,692,0,0
2078,2.729,2.729,2.574,0.106,0.003,0.045,1,0.000,0.000,0.000,0,692,0,0
2079,2.627,2.627,2.465,0.103,0.004,0.055,1,0.000,0.000,0.000,0,692,0,0
2080,2.464,2.464,2.318,0.101,0.002,0.042,1,0.000,0.000,0.000,0,692,0,0
2081,2.444,2.444,2.299,0.101,0.002,0.041,1,0.000,0.000,0.000,0,692,0,0
2082,2.467,2.467,2.309,0.102,0.002,0.053,1,0.000,0.000,0.000,0,692,0,0
2083,2.492,2.492,2.345,0.102,0.003,0.042,1,0.000,0.000,0.000,0,692,0,0
2084,2.440,2.440,2.295,0.101,0.003,0.042,1,0.000,0.000,0.000,0,692,0,0
2085,2.452,2.452,2.294,0.102,0.003,0.053,1,0.000,0.000,0.000,0,692,0,0
2086,2.448,2.448,2.303,0.102,0.002,0.041,1,0.000,0.000,0.000,0,692,0,0
2087,2.445,2.445,2.299,0.103,0.002,0.041,1,0.000,0.000,0.000,0,692,0,0
2088,3.056,3.056,2.895,0.104,0.003,0.055,1,0.000,0.000,0.000,0,692,0,0
2089,3.078,3.078,2.931,0.102,0.003,0.043,1,0.000,0.000,0.000,0,692,0,0
2090,2.572,2.572,2.422,0.103,0.003,0.043,1,0.000,0.000,0.000,0,692,0,0
2091,2.504,2.504,2.344,0.102,0.003,0.054,1,0.000,0.000,0.000,0,692,0,0
2092,2.437,2.437,2.293,0.101,0.002,0.041,1,0.000,0.000,0.000,0,692,0,0
2093,3.090,3.090,2.930,0.107,0.005,0.048,1,0.000,0.000,0.000,0,692,0,0
2094,2.803,2.803,2.641,0.102,0.004,0.056,1,0.000,0.000,0.000,0,692,0,0
2095,3.250,3.250,3.086,0.116,0.003,0.044,1,0.000,0.000,0.000,0,692,0,0
2096,2.663,2.663,2.502,0.111,0.004,0.046,1,0.000,0.000,0.000,0,692,0,0
2097,2.471,2.471,2.314,0.101,0.002,0.054,1,0.000,0.000,0.000,0,692,0,0
2098,2.452,2.452,2.304,0.103,0.002,0.042,1,0.000,0.000,0.000,0,692,0,0
2099,2.758,2.758,2.599,0.114,0.003,0.042,1,0.000,0.000,0.000,0,692,0,0
2100,2.468,2.468,2.310,0.101,0.003,0.054,1,0.000,0.000,0.000,0,692,0,0
2101,2.435,2.435,2.290,0.101,0.003,0.041,1,0.000,0.000,0.000,0,692,0,0
2102,2.451,2.451,2.294,0.101,0.002,0.054,1,0.000,0.000,0.000,0,692,0,0
2103,3.021,3.021,2.866,0.107,0.004,0.045,1,0.000,0.000,0.000,0,692,0,0
2104,2.806,2.806,2.654,0.104,0.004,0.045,1,0.000,0.000,0.000,0,692,0,0
2105,2.503,2.503,2.346,0.101,0.002,0.053,1,0.000,0.000,0.000,0,692,0,0
2106,2.451,2.451,2.305,0.102,0.002,0.041,1,0.000,0.000,0.000,0,692,0,0
2107,2.469,2.469,2.323,0.101,0.002,0.042,1,0.000,0.000,0.000,0,692,0,0
2108,4.032,4.032,3.858,0.109,0.005,0.059,1,0.000,0.000,0.000,0,692,0,0
2109,3.143,3.143,2.985,0.105,0.005,0.048,1,0.000,0.000,0.000,0,692,0,0
2110,2.546,2.546,2.399,0.102,0.003,0.042,1,0.000,0.000,0.000,0,692,0,0
2111,2.655,2.655,2.495,0.103,0.003,0.054,1,0.000,0.000,0.000,0,692,0,0
2112,2.616,2.616,2.468,0.102,0.003,0.043,1,0.000,0.000,0.000,0,692,0,0
2113,3.088,3.088,2.931,0.104,0.004,0.048,1,0.000,0.000,0.000,0,692,0,0
2114,2.533,2.533,2.373,0.103,0.003,0.054,1,0.000,0.000,0.000,0,692,0,0
2115,2.489,2.489,2.341,0.104,0.002,0.042,1,0.000,0.000,0.000,0,692,0,0
2116,2.441,2.441,2.295,0.102,0.002,0.042,1,0.000,0.000,0.000,0,692,0,0
2117,2.587,2.587,2.408,0.122,0.003,0.054,1,0.000,0.000,0.000,0,692,0,0
2118,2.448,2.448,2.303,0.101,0.002,0.042,1,0.000,0.000,0.000,0,692,0,0
2119,3.636,3.636,3.487,0.102,0.003,0.043,1,0.000,0.000,0.000,0,692,0,0
2120,3.393,3.393,3.232,0.103,0.003,0.055,1,0.000,0.000,0.000,0,692,0,0
2121,3.374,3.374,3.193,0.134,0.003,0.044,1,0.000,0.000,0.000,0,692,1,0
2122,4.369,4.369,4.200,0.107,0.005,0.057,1,0.000,0.000,0.000,0,692,0,0
2123,5.168,5.168,4.998,0.104,0.005,0.060,1,0.000,0.000,0.000,0,692,0,0
2124,3.569,3.569,3.420,0.104,0.004,0.042,1,0.000,0.000,0.000,0,692,0,0
2125,4.161,4.161,4.002,0.105,0.006,0.048,1,0.000,0.000,0.000,0,692,0,0
2126,3.486,3.486,3.324,0.104,0.003,0.055,1,0.000,0.000,0.000,0,692,0,0
2127,3.422,3.422,3.273,0.102,0.003,0.044,1,0.000,0.000,0.000,0,692,0,0
2128,3.671,3.671,3.514,0.110,0.003,0.044,1,0.000,0.000,0.000,0,692,0,0
2129,3.525,3.525,3.360,0.104,0.004,0.058,1,0.000,0.000,0.000,0,692,0,0
2130,3.592,3.592,3.435,0.110,0.004,0.043,1,0.000,0.000,0.000,0,692,0,0
2131,3.495,3.495,3.343,0.103,0.003,0.045,1,0.000,0.000,0.000,0,692,0,0
2132,3.321,3.321,3.163,0.102,0.002,0.054,1,0.000,0.000,0.000,0,692,0,0
2133,3.284,3.284,3.138,0.102,0.003,0.042,1,0.000,0.000,0.000,0,692,0,0
2134,3.686,3.686,3.535,0.104,0.004,0.043,1,0.000,0.000,0.000,0,692,0,0
2135,4.019,4.019,3.736,0.224,0.004,0.055,1,0.000,0.000,0.000,0,692,0,0
2136,3.596,3.596,3.442,0.104,0.004,0.045,1,0.000,0.000,0.000,0,692,0,0
2137,4.572,4.572,4.354,0.168,0.004,0.046,1,0.000,0.000,0.000,0,692,0,0
2138,3.953,3.953,3.791,0.104,0.003,0.055,1,0.000,0.000,0.000,0,692,0,0
2139,3.830,3.830,3.680,0.104,0.003,0.043,1,0.000,0.000,0.000,0,692,0,0
2140,3.472,3.472,3.324,0.103,0.003,0.042,1,0.000,0.000,0.000,0,692,0,0
2141,3.330,3.330,3.171,0.102,0.003,0.054,1,0.000,0.000,0.000,0,692,0,0
2142,3.309,3.309,3.162,0.103,0.002,0.042,1,0.000,0.000,0.000,0,692,0,0
2143,3.288,3.288,3.141,0.102,0.003,0.042,1,0.000,0.000,0.000,0,692,0,0
2144,3.296,3.296,3.138,0.102,0.003,0.054,1,0.000,0.000,0.000,0,692,0,0
2145,3.334,3.334,3.187,0.103,0.003,0.041,1,0.000,0.000,0.000,0,692,0,0
2146,5.126,5.126,4.958,0.113,0.005,0.049,1,0.000,0.000,0.000,0,692,0,0
2147,4.203,4.203,4.041,0.103,0.004,0.055,1,0.000,0.000,0.000,0,692,0,0
2148,4.334,4.334,4.145,0.119,0.007,0.063,1,0.000,0.000,0.000,0,692,0,0
2149,5.662,5.662,5.493,0.110,0.008,0.051,1,0.000,0.000,0.000,0,692,0,0
2150,4.632,4.632,4.468,0.104,0.005,0.056,1,0.000,0.000,0.000,0,692,0,0
2151,4.975,4.975,4.800,0.108,0.008,0.058,1,0.000,0.000,0.000,0,692,0,0
2152,3.763,3.763,3.610,0.103,0.003,0.046,1,0.000,0.000,0.000,0,692,0,0
2153,3.529,3.529,3.364,0.103,0.003,0.059,1,0.000,0.000,0.000,0,692,0,0
2154,4.629,4.629,4.453,0.112,0.009,0.055,1,0.000,0.000,0.000,0,692,0,0
2155,4.695,4.695,4.544,0.104,0.004,0.043,1,0.000,0.000,0.000,0,692,0,0
2156,4.204,4.204,4.040,0.104,0.004,0.056,1,0.000,0.000,0.000,0,692,0,0
2157,3.643,3.643,3.488,0.104,0.003,0.047,1,0.000,0.000,0.000,0,692,0,0
2158,4.591,4.591,4.414,0.112,0.008,0.057,1,0.000,0.000,0.000,0,692,0,0
2159,4.615,4.615,4.449,0.105,0.005,0.056,1,0.000,0.000,0.000,0,692,0,0
2160,3.496,3.496,3.346,0.104,0.003,0.044,1,0.000,0.000,0.000,0,692,0,0
2161,3.397,3.397,3.247,0.103,0.003,0.043,1,0.000,0.000,0.000,0,692,0,0
2162,5.045,5.045,4.861,0.111,0.007,0.067,1,0.000,0.000,0.000,0,692,0,0
2163,4.097,4.097,3.936,0.106,0.005,0.050,1,0.000,0.000,0.000,0,692,0,0
2164,4.108,4.108,3.952,0.106,0.004,0.046,1,0.000,0.000,0.000,0,692,0,0
2165,3.994,3.994,3.833,0.104,0.003,0.054,1,0.000,0.000,0.000,0,692,0,0
2166,3.929,3.929,3.772,0.104,0.004,0.049,1,0.000,0.000,0.000,0,692,0,0
2167,3.655,3.655,3.500,0.109,0.003,0.042,1,0.000,0.000,0.000,0,692,0,0
2168,3.577,3.577,3.391,0.104,0.022,0.059,1,0.000,0.000,0.000,0,692,0,0
2169,3.348,3.348,3.201,0.102,0.003,0.042,1,0.000,0.000,0.000,0,692,0,0
2170,3.326,3.326,3.162,0.119,0.003,0.042,1,0.000,0.000,0.000,0,692,0,0
2171,3.863,3.863,3.702,0.103,0.003,0.055,1,0.000,0.000,0.000,0,692,0,0
2172,3.311,3.311,3.165,0.102,0.003,0.042,1,0.000,0.000,0.000,0,692,0,0
2173,3.315,3.315,3.168,0.102,0.003,0.042,1,0.000,0.000,0.000,0,692,0,0
2174,4.893,4.893,4.717,0.105,0.006,0.064,1,0.000,0.000,0.000,0,692,0,0
2175,3.710,3.710,3.562,0.104,0.003,0.041,1,0.000,0.000,0.000,0,692,0,0
2176,4.125,4.125,3.965,0.106,0.005,0.049,1,0.000,0.000,0.000,0,692,0,0
2177,4.041,4.041,3.877,0.106,0.003,0.055,1,0.000,0.000,0.000,0,692,0,0
2178,3.596,3.596,3.442,0.104,0.004,0.047,1,0.000,0.000,0.000,0,692,0,0
2179,3.387,3.387,3.239,0.102,0.002,0.043,1,0.000,0.000,0.000,0,692,0,0
2180,3.342,3.342,3.183,0.102,0.003,0.055,1,0.000,0.000,0.000,0,692,0,0
2181,3.297,3.297,3.151,0.102,0.003,0.042,1,0.000,0.000,0.000,0,692,0,0
2182,3.325,3.325,3.179,0.102,0.003,0.042,1,0.000,0.000,0.000,0,692,0,0
2183,3.323,3.323,3.163,0.103,0.003,0.054,1,0.000,0.000,0.000,0,692,0,0
2184,3.279,3.279,3.133,0.102,0.003,0.042,1,0.000,0.000,0.000,0,692,0,0
2185,3.561,3.561,3.400,0.112,0.004,0.044,1,0.000,0.000,0.000,0,692,0,0
2186,3.473,3.473,3.311,0.103,0.003,0.056,1,0.000,0.000,0.000,0,692,0,0
2187,4.663,4.663,4.508,0.106,0.004,0.045,1,0.000,0.000,0.000,0,692,0,0
2188,3.881,3.881,3.730,0.105,0.003,0.042,1,0.000,0.000,0.000,0,692,0,0
2189,4.611,4.611,4.428,0.104,0.003,0.075,1,0.000,0.000,0.000,0,692,0,0
2190,3.745,3.745,3.596,0.103,0.003,0.042,1,0.000,0.000,0.000,0,692,0,0
2191,4.095,4.095,3.936,0.107,0.005,0.048,1,0.000,0.000,0.000,0,692,0,0
2192,3.734,3.734,3.572,0.103,0.003,0.056,1,0.000,0.000,0.000,0,692,0,0
2193,3.925,3.925,3.771,0.104,0.003,0.046,1,0.000,0.000,0.000,0,692,0,0
2194,3.360,3.360,3.213,0.102,0.002,0.043,1,0.000,0.000,0.000,0,692,0,0
2195,3.346,3.346,3.186,0.102,0.003,0.055,1,0.000,0.000,0.000,0,692,0,0
2196,3.330,3.330,3.183,0.103,0.003,0.042,1,0.000,0.000,0.000,0,692,0,0
2197,4.292,4.292,4.141,0.105,0.004,0.042,1,0.000,0.000,0.000,0,692,0,0
2198,3.828,3.828,3.667,0.104,0.003,0.053,1,0.000,0.000,0.000,0,692,0,0
2199,4.423,4.423,4.261,0.116,0.003,0.042,1,0.000,0.000,0.000,0,692,0,0
2200,3.689,3.689,3.519,0.104,0.005,0.061,1,0.000,0.000,0.000,0,692,0,0
2201,4.585,4.585,4.428,0.107,0.004,0.046,1,0.000,0.000,0.000,0,692,0,0
2202,4.145,4.145,3.987,0.106,0.005,0.048,1,0.000,0.000,0.000,0,692,0,0
2203,3.637,3.637,3.471,0.104,0.003,0.058,1,0.000,0.000,0.000,0,692,0,0
2204,3.788,3.788,3.639,0.103,0.003,0.042,1,0.000,0.000,0.000,0,692,0,0
2205,4.029,4.029,3.874,0.105,0.004,0.047,1,0.000,0.000,0.000,0,692,0,0
2206,3.604,3.604,3.440,0.104,0.003,0.056,1,0.000,0.000,0.000,0,692,0,0
2207,3.348,3.348,3.200,0.103,0.003,0.042,1,0.000,0.000,0.000,0,692,0,0
2208,4.035,4.035,3.881,0.105,0.004,0.045,1,0.000,0.000,0.000,0,692,0,0
2209,4.198,4.198,4.031,0.104,0.004,0.059,1,0.000,0.000,0.000,0,692,0,0
2210,3.528,3.528,3.377,0.105,0.003,0.043,1,0.000,0.000,0.000,0,692,0,0
2211,4.249,4.249,4.097,0.102,0.004,0.046,1,0.000,0.000,0.000,0,692,0,0
2212,4.382,4.382,4.054,0.271,0.003,0.053,1,0.000,0.000,0.000,0,692,0,0
2213,4.015,4.015,3.865,0.106,0.003,0.041,1,0.000,0.000,0.000,0,692,0,0
2214,4.347,4.347,4.188,0.106,0.005,0.049,1,0.000,0.000,0.000,0,692,0,0
2215,3.877,3.877,3.715,0.102,0.003,0.057,1,0.000,0.000,0.000,0,692,0,0
2216,3.470,3.470,3.320,0.105,0.003,0.042,1,0.000,0.000,0.000,0,692,0,0
2217,3.361,3.361,3.213,0.103,0.002,0.042,1,0.000,0.000,0.000,0,692,0,0
2218,3.343,3.343,3.184,0.103,0.003,0.054,1,0.000,0.000,0.000,0,692,0,0
2219,3.413,3.413,3.264,0.103,0.003,0.043,1,0.000,0.000,0.000,0,692,0,0
2220,3.290,3.290,3.144,0.102,0.003,0.041,1,0.000,0.000,0.000,0,692,0,0
2221,4.169,4.169,3.993,0.109,0.005,0.062,1,0.000,0.000,0.000,0,692,0,0
2222,4.309,4.309,4.156,0.106,0.004,0.042,1,0.000,0.000,0.000,0,692,0,0
2223,5.334,5.334,5.183,0.105,0.003,0.043,1,0.000,0.000,0.000,0,692,0,0
2224,3.856,3.856,3.696,0.104,0.003,0.053,1,0.000,0.000,0.000,0,692,0,0
2225,4.682,4.682,4.520,0.116,0.003,0.043,1,0.000,0.000,0.000,0,692,0,0
2226,3.808,3.808,3.660,0.103,0.003,0.042,1,0.000,0.000,0.000,0,692,0,0
2227,3.855,3.855,3.698,0.102,0.003,0.053,1,0.000,0.000,0.000,0,692,0,0
2228,4.194,4.194,4.044,0.104,0.003,0.042,1,0.000,0.000,0.000,0,692,0,0
2229,3.775,3.775,3.608,0.110,0.007,0.050,1,0.000,0.000,0.000,0,692,0,0
2230,4.147,4.147,3.983,0.104,0.004,0.056,1,0.000,0.000,0.000,0,692,0,0
2231,3.502,3.502,3.351,0.104,0.003,0.043,1,0.000,0.000,0.000,0,692,0,0
2232,3.340,3.340,3.193,0.102,0.003,0.043,1,0.000,0.000,0.000,0,692,0,0
2233,3.335,3.335,3.174,0.103,0.003,0.055,1,0.000,0.000,0.000,0,692,0,0
2234,3.425,3.425,3.277,0.103,0.003,0.042,1,0.000,0.000,0.000,0,692,0,0
2235,3.801,3.801,3.655,0.102,0.003,0.043,1,0.000,0.000,0.000,0,692,0,0
2236,3.848,3.848,3.687,0.103,0.003,0.054,1,0.000,0.000,0.000,0,692,0,0
2237,3.810,3.810,3.663,0.103,0.003,0.042,1,0.000,0.000,0.000,0,692,0,0
2238,3.730,3.730,3.583,0.103,0.003,0.041,1,0.000,0.000,0.000,0,692,0,0
2239,3.790,3.790,3.634,0.102,0.003,0.052,1,0.000,0.000,0.000,0,692,0,0
2240,4.481,4.481,4.174,0.261,0.004,0.042,1,0.000,0.000,0.000,0,692,0,0
2241,3.782,3.782,3.637,0.103,0.003,0.040,1,0.000,0.000,0.000,0,692,0,0
2242,3.812,3.812,3.655,0.103,0.003,0.052,1,0.000,0.000,0.000,0,692,0,0
2243,3.735,3.735,3.589,0.103,0.003,0.040,1,0.000,0.000,0.000,0,692,0,0
2244,5.992,5.992,5.840,0.103,0.004,0.044,1,0.000,0.000,0.000,0,692,0,0
2245,3.776,3.776,3.613,0.106,0.004,0.053,1,0.000,0.000,0.000,0,692,0,0
2246,3.412,3.412,3.248,0.119,0.003,0.042,1,0.000,0.000,0.000,0,692,0,0
2247,3.356,3.356,3.208,0.103,0.003,0.042,1,0.000,0.000,0.000,0,692,0,0
2248,3.369,3.369,3.178,0.135,0.003,0.053,1,0.000,0.000,0.000,0,692,1,0
2249,3.363,3.363,3.215,0.103,0.003,0.042,1,0.000,0.000,0.000,0,692,0,0
2250,3.282,3.282,3.136,0.102,0.002,0.042,1,0.000,0.000,0.000,0,692,0,0
2251,3.292,3.292,3.133,0.103,0.003,0.054,1,0.000,0.000,0.000,0,692,0,0
2252,3.328,3.328,3.180,0.103,0.003,0.042,1,0.000,0.000,0.000,0,692,0,0
2253,3.275,3.275,3.127,0.103,0.002,0.042,1,0.000,0.000,0.000,0,692,0,0
2254,4.671,4.671,4.499,0.107,0.005,0.060,1,0.000,0.000,0.000,0,692,0,0
2255,4.071,4.071,3.920,0.104,0.003,0.044,1,0.000,0.000,0.000,0,692,0,0
2256,4.313,4.313,4.162,0.105,0.003,0.043,1,0.000,0.000,0.000,0,692,0,0
2257,4.041,4.041,3.883,0.103,0.003,0.052,1,0.000,0.000,0.000,0,692,0,0
2258,4.205,4.205,4.055,0.104,0.004,0.042,1,0.000,0.000,0.000,0,692,0,0
2259,4.413,4.413,4.256,0.106,0.004,0.047,1,0.000,0.000,0.000,0,692,0,0
2260,3.929,3.929,3.767,0.104,0.003,0.054,1,0.000,0.000,0.000,0,692,0,0
2261,4.736,4.736,4.582,0.105,0.003,0.045,1,0.000,0.000,0.000,0,692,0,0
2262,3.998,3.998,3.841,0.110,0.003,0.044,1,0.000,0.000,0.000,0,692,0,0
2263,3.423,3.423,3.263,0.104,0.003,0.054,1,0.000,0.000,0.000,0,692,0,0
2264,3.837,3.837,3.682,0.110,0.003,0.043,1,0.000,0.000,0.000,0,692,0,0
2265,3.381,3.381,3.233,0.103,0.002,0.043,1,0.000,0.000,0.000,0,692,0,0
2266,3.334,3.334,3.175,0.102,0.002,0.054,1,0.000,0.000,0.000,0,692,0,0
2267,3.360,3.360,3.213,0.103,0.003,0.041,1,0.000,0.000,0.000,0,692,0,0
2268,3.799,3.799,3.650,0.103,0.003,0.043,1,0.000,0.000,0.000,0,692,0,0
2269,3.720,3.720,3.557,0.102,0.003,0.058,1,0.000,0.000,0.000,0,692,0,0
2270,3.528,3.528,3.377,0.105,0.003,0.043,1,0.000,0.000,0.000,0,692,0,0
2271,3.509,3.509,3.357,0.106,0.003,0.043,1,0.000,0.000,0.000,0,692,0,0
2272,2.924,2.924,2.763,0.104,0.003,0.054,1,0.000,0.000,0.000,0,692,0,0
2273,2.846,2.846,2.698,0.103,0.003,0.042,1,0.000,0.000,0.000,0,692,0,0
2274,2.823,2.823,2.678,0.101,0.002,0.041,1,0.000,0.000,0.000,0,692,0,0
2275,3.386,3.386,3.226,0.103,0.003,0.055,1,0.000,0.000,0.000,0,692,0,0
2276,3.903,3.903,3.753,0.105,0.003,0.043,1,0.000,0.000,0.000,0,692,0,0
2277,2.850,2.850,2.703,0.102,0.003,0.042,1,0.000,0.000,0.000,0,692,0,0
2278,4.041,4.041,3.867,0.107,0.006,0.061,1,0.000,0.000,0.000,0,692,0,0
2279,4.034,4.034,3.884,0.104,0.004,0.043,1,0.000,0.000,0.000,0,692,0,0
2280,3.298,3.298,3.150,0.105,0.003,0.041,1,0.000,0.000,0.000,0,692,0,0
2281,3.365,3.365,3.207,0.104,0.003,0.052,1,0.000,0.000,0.000,0,692,0,0
2282,3.168,3.168,3.022,0.103,0.003,0.041,1,0.000,0.000,0.000,0,692,0,0
2283,3.160,3.160,3.014,0.103,0.002,0.041,1,0.000,0.000,0.000,0,692,0,0
2284,3.311,3.311,3.153,0.103,0.002,0.052,1,0.000,0.000,0.000,0,692,0,0
2285,3.188,3.188,3.043,0.103,0.003,0.040,1,0.000,0.000,0.000,0,692,0,0
2286,4.221,4.221,4.074,0.103,0.003,0.042,1,0.000,0.000,0.000,0,692,0,0
2287,3.303,3.303,3.145,0.103,0.003,0.052,1,0.000,0.000,0.000,0,692,0,0
2288,3.444,3.444,3.166,0.227,0.005,0.047,1,0.000,0.000,0.000,0,692,0,0
2289,3.397,3.397,3.248,0.103,0.003,0.043,1,0.000,0.000,0.000,0,692,0,0
2290,2.938,2.938,2.775,0.103,0.004,0.056,1,0.000,0.000,0.000,0,692,0,0
2291,2.859,2.859,2.712,0.102,0.003,0.042,1,0.000,0.000,0.000,0,692,0,0
2292,4.051,4.051,3.894,0.105,0.005,0.047,1,0.000,0.000,0.000,0,692,0,0
2293,3.530,3.530,3.350,0.103,0.003,0.074,1,0.000,0.000,0.000,0,692,0,0
2294,3.208,3.208,3.063,0.102,0.003,0.040,1,0.000,0.000,0.000,0,692,0,0
2295,3.188,3.188,3.042,0.103,0.003,0.040,1,0.000,0.000,0.000,0,692,0,0
2296,3.310,3.310,3.152,0.103,0.003,0.052,1,0.000,0.000,0.000,0,692,0,0
2297,3.159,3.159,3.015,0.102,0.003,0.039,1,0.000,0.000,0.000,0,692,0,0
2298,2.971,2.971,2.827,0.102,0.002,0.040,1,0.000,0.000,0.000,0,692,0,0
2299,2.971,2.971,2.813,0.103,0.003,0.052,1,0.000,0.000,0.000,0,692,0,0
2300,2.899,2.899,2.752,0.103,0.003,0.042,1,0.000,0.000,0.000,0,692,0,0
2301,2.838,2.838,2.680,0.102,0.003,0.053,1,0.000,0.000,0.000,0,692,0,0
2302,3.009,3.009,2.859,0.104,0.003,0.043,1,0.000,0.000,0.000,0,692,0,0
2303,2.869,2.869,2.723,0.102,0.003,0.041,1,0.000,0.000,0.000,0,692,0,0
2304,2.888,2.888,2.725,0.107,0.003,0.054,1,0.000,0.000,0.000,0,692,0,0
2305,2.831,2.831,2.685,0.102,0.002,0.041,1,0.000,0.000,0.000,0,692,0,0
2306,3.188,3.188,3.037,0.106,0.003,0.042,1,0.000,0.000,0.000,0,692,0,0
2307,3.370,3.370,3.189,0.118,0.005,0.058,1,0.000,0.000,0.000,0,692,0,0
2308,3.454,3.454,3.305,0.102,0.003,0.043,1,0.000,0.000,0.000,0,692,0,0
2309,2.914,2.914,2.767,0.102,0.003,0.042,1,0.000,0.000,0.000,0,692,0,0
2310,2.883,2.883,2.724,0.102,0.003,0.053,1,0.000,0.000,0.000,0,692,0,0
2311,2.810,2.810,2.664,0.101,0.003,0.041,1,0.000,0.000,0.000,0,692,0,0
2312,2.826,2.826,2.679,0.104,0.002,0.042,1,0.000,0.000,0.000,0,692,0,0
2313,2.812,2.812,2.654,0.101,0.002,0.055,1,0.000,0.000,0.000,0,692,0,0
2314,2.791,2.791,2.645,0.102,0.002,0.041,1,0.000,0.000,0.000,0,692,0,0
2315,2.799,2.799,2.653,0.101,0.003,0.042,1,0.000,0.000,0.000,0,692,0,0
2316,2.831,2.831,2.672,0.103,0.003,0.054,1,0.000,0.000,0.000,0,692,0,0
2317,2.781,2.781,2.635,0.101,0.003,0.042,1,0.000,0.000,0.000,0,692,0,0
2318,2.810,2.810,2.663,0.103,0.003,0.042,1,0.000,0.000,0.000,0,692,0,0
2319,2.912,2.912,2.753,0.103,0.003,0.053,1,0.000,0.000,0.000,0,692,0,0
2320,2.927,2.927,2.687,0.102,0.002,0.135,1,0.000,0.000,0.000,0,692,0,0
2321,2.882,2.882,2.733,0.103,0.003,0.043,1,0.000,0.000,0.000,0,692,0,0
2322,7.741,7.741,7.544,0.118,0.009,0.070,1,0.000,0.000,0.000,0,692,0,0
2323,4.754,4.754,4.590,0.109,0.005,0.051,1,0.000,0.000,0.000,0,692,0,0
2324,4.232,4.232,4.079,0.104,0.004,0.045,1,0.000,0.000,0.000,0,692,0,0
2325,3.540,3.540,3.381,0.102,0.003,0.053,1,0.000,0.000,0.000,0,692,0,0
2326,3.322,3.322,3.176,0.103,0.003,0.041,1,0.000,0.000,0.000,0,692,0,0
2327,4.994,4.994,4.843,0.105,0.003,0.043,1,0.000,0.000,0.000,0,692,0,0
2328,3.723,3.723,3.563,0.104,0.002,0.054,1,0.000,0.000,0.000,0,692,0,0
2329,3.549,3.549,3.397,0.104,0.004,0.045,1,0.000,0.000,0.000,0,692,0,0
2330,12.236,12.236,11.982,0.184,0.013,0.057,1,0.000,0.000,0.000,0,692,0,0
2331,3.861,3.861,3.692,0.106,0.004,0.059,1,0.000,0.000,0.000,0,692,0,0
2332,3.074,3.074,2.925,0.102,0.003,0.044,1,0.000,0.000,0.000,0,692,0,0
2333,2.937,2.937,2.787,0.103,0.003,0.043,1,0.000,0.000,0.000,0,692,0,0
2334,2.879,2.879,2.719,0.102,0.003,0.055,1,0.000,0.000,0.000,0,692,0,0
2335,4.088,4.088,3.919,0.110,0.008,0.052,1,0.000,0.000,0.000,0,692,0,0
2336,3.434,3.434,3.283,0.107,0.004,0.040,1,0.000,0.000,0.000,0,692,0,0
2337,3.408,3.408,3.234,0.106,0.004,0.064,1,0.000,0.000,0.000,0,692,0,0
2338,2.951,2.951,2.804,0.103,0.002,0.042,1,0.000,0.000,0.000,0,692,0,0
2339,3.646,3.646,3.493,0.107,0.003,0.044,1,0.000,0.000,0.000,0,692,0,0
2340,3.011,3.011,2.849,0.104,0.003,0.056,1,0.000,0.000,0.000,0,692,0,0
2341,2.827,2.827,2.679,0.102,0.003,0.043,1,0.000,0.000,0.000,0,692,0,0
2342,2.826,2.826,2.679,0.103,0.002,0.042,1,0.000,0.000,0.000,0,692,0,0
2343,2.871,2.871,2.712,0.102,0.003,0.053,1,0.000,0.000,0.000,0,692,0,0
2344,2.811,2.811,2.665,0.102,0.002,0.041,1,0.000,0.000,0.000,0,692,0,0
2345,2.806,2.806,2.661,0.102,0.003,0.042,1,0.000,0.000,0.000,0,692,0,0
2346,2.810,2.810,2.652,0.102,0.003,0.053,1,0.000,0.000,0.000,0,692,0,0
2347,2.786,2.786,2.641,0.102,0.002,0.041,1,0.000,0.000,0.000,0,692,0,0
2348,2.790,2.790,2.644,0.103,0.003,0.041,1,0.000,0.000,0.000,0,692,0,0
2349,2.830,2.830,2.671,0.103,0.002,0.054,1,0.000,0.000,0.000,0,692,0,0
2350,2.802,2.802,2.656,0.101,0.003,0.041,1,0.000,0.000,0.000,0,692,0,0
2351,3.878,3.878,3.713,0.108,0.006,0.051,1,0.000,0.000,0.000,0,692,0,0
2352,3.499,3.499,3.331,0.107,0.004,0.058,1,0.000,0.000,0.000,0,692,0,0
2353,2.924,2.924,2.775,0.102,0.003,0.045,1,0.000,0.000,0.000,0,692,0,0
2354,2.872,2.872,2.724,0.102,0.002,0.043,1,0.000,0.000,0.000,0,692,0,0
2355,2.855,2.855,2.696,0.102,0.003,0.055,1,0.000,0.000,0.000,0,692,0,0
2356,2.807,2.807,2.662,0.102,0.002,0.041,1,0.000,0.000,0.000,0,692,0,0
2357,2.820,2.820,2.673,0.103,0.002,0.041,1,0.000,0.000,0.000,0,692,0,0
2358,2.841,2.841,2.683,0.101,0.002,0.054,1,0.000,0.000,0.000,0,692,0,0
2359,2.967,2.967,2.819,0.103,0.002,0.042,1,0.000,0.000,0.000,0,692,0,0
2360,2.876,2.876,2.728,0.103,0.003,0.043,1,0.000,0.000,0.000,0,692,0,0
2361,2.971,2.971,2.810,0.103,0.003,0.055,1,0.000,0.000,0.000,0,692,0,0
2362,3.065,3.065,2.918,0.102,0.003,0.042,1,0.000,0.000,0.000,0,692,0,0
2363,3.058,3.058,2.908,0.104,0.002,0.043,1,0.000,0.000,0.000,0,692,0,0
2364,2.929,2.929,2.771,0.102,0.002,0.053,1,0.000,0.000,0.000,0,692,0,0
2365,2.893,2.893,2.747,0.102,0.003,0.042,1,0.000,0.000,0.000,0,692,0,0
2366,2.969,2.969,2.822,0.102,0.003,0.041,1,0.000,0.000,0.000,0,692,0,0
2367,2.910,2.910,2.750,0.103,0.003,0.054,1,0.000,0.000,0.000,0,692,0,0
2368,2.891,2.891,2.744,0.103,0.003,0.041,1,0.000,0.000,0.000,0,692,0,0
2369,4.734,4.734,4.577,0.105,0.004,0.048,1,0.000,0.000,0.000,0,692,0,0
2370,3.107,3.107,2.946,0.102,0.003,0.056,1,0.000,0.000,0.000,0,692,0,0
2371,4.335,4.335,4.149,0.118,0.010,0.058,1,0.000,0.000,0.000,0,692,0,0
2372,3.469,3.469,3.311,0.105,0.005,0.048,1,0.000,0.000,0.000,0,692,0,0
2373,3.002,3.002,2.840,0.103,0.003,0.056,1,0.000,0.000,0.000,0,692,0,0
2374,7.910,7.910,5.555,2.298,0.008,0.050,1,0.000,0.000,0.000,0,692,1,0
2375,4.746,4.746,4.583,0.106,0.005,0.052,1,0.000,0.000,0.000,0,692,0,0
2376,3.028,3.028,2.865,0.103,0.003,0.056,1,0.000,0.000,0.000,0,692,0,0
2377,2.955,2.955,2.746,0.164,0.003,0.042,1,0.000,0.000,0.000,0,692,0,0
2378,2.939,2.939,2.791,0.102,0.003,0.042,1,0.000,0.000,0.000,0,692,0,0
2379,2.870,2.870,2.712,0.101,0.003,0.054,1,0.000,0.000,0.000,0,692,0,0
2380,2.828,2.828,2.683,0.101,0.002,0.041,1,0.000,0.000,0.000,0,692,0,0
2381,2.839,2.839,2.692,0.102,0.002,0.042,1,0.000,0.000,0.000,0,692,0,0
2382,2.982,2.982,2.795,0.102,0.002,0.082,1,0.000,0.000,0.000,0,692,0,0
2383,2.892,2.892,2.721,0.104,0.003,0.063,1,0.000,0.000,0.000,0,692,0,0
2384,2.882,2.882,2.715,0.102,0.003,0.063,1,0.000,0.000,0.000,0,692,0,0
2385,3.916,3.916,2.707,0.102,0.003,1.104,1,0.000,0.000,0.000,0,692,0,0
2386,2.896,2.896,2.748,0.101,0.003,0.043,1,0.000,0.000,0.000,0,692,0,0
2387,2.860,2.860,2.703,0.112,0.003,0.041,1,0.000,0.000,0.000,0,692,0,0
2388,3.516,3.516,3.357,0.102,0.002,0.054,1,0.000,0.000,0.000,0,692,0,0
2389,3.024,3.024,2.876,0.104,0.003,0.041,1,0.000,0.000,0.000,0,692,0,0
2390,2.884,2.884,2.738,0.102,0.003,0.042,1,0.000,0.000,0.000,0,692,0,0
2391,2.847,2.847,2.689,0.102,0.003,0.053,1,0.000,0.000,0.000,0,692,0,0
2392,2.857,2.857,2.710,0.102,0.003,0.042,1,0.000,0.000,0.000,0,692,0,0
2393,2.831,2.831,2.684,0.103,0.003,0.042,1,0.000,0.000,0.000,0,692,0,0
2394,2.841,2.841,2.683,0.102,0.003,0.054,1,0.000,0.000,0.000,0,692,0,0
2395,2.908,2.908,2.761,0.102,0.003,0.043,1,0.000,0.000,0.000,0,692,0,0
2396,3.943,3.943,3.784,0.103,0.011,0.045,1,0.000,0.000,0.000,0,692,0,0
2397,3.228,3.228,3.064,0.104,0.004,0.057,1,0.000,0.000,0.000,0,692,0,0
2398,3.314,3.314,3.157,0.105,0.003,0.048,1,0.000,0.000,0.000,0,692,0,0
2399,3.309,3.309,3.158,0.105,0.003,0.043,1,0.000,0.000,0.000,0,692,0,0
2400,3.004,3.004,2.844,0.103,0.003,0.055,1,0.000,0.000,0.000,0,692,0,0
2401,2.987,2.987,2.839,0.103,0.003,0.042,1,0.000,0.000,0.000,0,692,0,0
2402,3.293,3.293,3.129,0.103,0.003,0.059,1,0.000,0.000,0.000,0,692,0,0
2403,3.012,3.012,2.865,0.102,0.002,0.043,1,0.000,0.000,0.000,0,692,0,0
2404,6.996,6.996,6.840,0.104,0.005,0.047,1,0.000,0.000,0.000,0,692,0,0
2405,3.386,3.386,3.222,0.104,0.004,0.056,1,0.000,0.000,0.000,0,692,0,0
2406,3.071,3.071,2.924,0.103,0.003,0.042,1,0.000,0.000,0.000,0,692,0,0
2407,2.948,2.948,2.785,0.118,0.003,0.042,1,0.000,0.000,0.000,0,692,0,0
2408,3.022,3.022,2.863,0.103,0.002,0.054,1,0.000,0.000,0.000,0,692,0,0
2409,3.079,3.079,2.931,0.103,0.003,0.042,1,0.000,0.000,0.000,0,692,0,0
2410,2.862,2.862,2.714,0.102,0.003,0.042,1,0.000,0.000,0.000,0,692,0,0
2411,2.875,2.875,2.717,0.102,0.002,0.054,1,0.000,0.000,0.000,0,692,0,0
2412,2.811,2.811,2.665,0.102,0.003,0.041,1,0.000,0.000,0.000,0,692,0,0
2413,2.806,2.806,2.661,0.102,0.002,0.041,1,0.000,0.000,0.000,0,692,0,0
2414,2.827,2.827,2.667,0.102,0.002,0.055,1,0.000,0.000,0.000,0,692,0,0
2415,3.260,3.260,3.111,0.103,0.003,0.043,1,0.000,0.000,0.000,0,692,0,0
2416,2.960,2.960,2.813,0.103,0.003,0.042,1,0.000,0.000,0.000,0,692,0,0
2417,3.593,3.593,3.413,0.109,0.008,0.063,1,0.000,0.000,0.000,0,692,0,0
2418,3.033,3.033,2.882,0.104,0.003,0.044,1,0.000,0.000,0.000,0,692,0,0
2419,2.819,2.819,2.673,0.103,0.002,0.041,1,0.000,0.000,0.000,0,692,0,0
2420,2.810,2.810,2.652,0.102,0.003,0.054,1,0.000,0.000,0.000,0,692,0,0
2421,2.864,2.864,2.703,0.102,0.003,0.056,1,0.000,0.000,0.000,0,692,0,0
2422,2.860,2.860,2.712,0.103,0.003,0.042,1,0.000,0.000,0.000,0,692,0,0
2423,2.865,2.865,2.706,0.102,0.003,0.055,1,0.000,0.000,0.000,0,692,0,0
2424,2.823,2.823,2.676,0.102,0.002,0.043,1,0.000,0.000,0.000,0,692,0,0
2425,2.842,2.842,2.694,0.103,0.003,0.043,1,0.000,0.000,0.000,0,692,0,0
2426,4.799,4.799,4.629,0.106,0.004,0.059,1,0.000,0.000,0.000,0,696,0,0
2427,3.803,3.803,3.575,0.181,0.003,0.043,1,0.000,0.000,0.000,0,696,0,0
2428,3.326,3.326,3.175,0.104,0.003,0.044,1,0.000,0.000,0.000,0,696,0,0
2429,2.915,2.915,2.752,0.103,0.003,0.057,1,0.000,0.000,0.000,0,696,0,0
2430,2.850,2.850,2.700,0.105,0.003,0.043,1,0.000,0.000,0.000,0,696,0,0
2431,2.851,2.851,2.701,0.103,0.003,0.044,1,0.000,0.000,0.000,0,696,0,0
2432,2.917,2.917,2.754,0.104,0.003,0.056,1,0.000,0.000,0.000,0,696,0,0
2433,3.937,3.937,3.746,0.115,0.014,0.063,1,0.000,0.000,0.000,0,696,0,0
2434,4.628,4.628,4.471,0.106,0.005,0.045,1,0.000,0.000,0.000,0,696,0,0
2435,3.542,3.542,3.309,0.107,0.005,0.121,1,0.000,0.000,0.000,0,696,0,0
2436,3.053,3.053,2.855,0.104,0.003,0.092,1,0.000,0.000,0.000,0,696,0,0
2437,3.036,3.036,2.814,0.102,0.003,0.117,1,0.000,0.000,0.000,0,696,0,0
2438,3.046,3.046,2.754,0.103,0.003,0.186,1,0.000,0.000,0.000,0,696,0,0
2439,3.076,3.076,2.807,0.103,0.003,0.164,1,0.000,0.000,0.000,0,696,0,0
2440,3.029,3.029,2.733,0.103,0.003,0.190,1,0.000,0.000,0.000,0,696,0,0
2441,3.565,3.565,3.087,0.173,0.004,0.301,1,0.000,0.000,0.000,0,696,0,0
2442,3.248,3.248,2.894,0.104,0.003,0.246,1,0.000,0.000,0.000,0,696,0,0
2443,3.364,3.364,2.981,0.104,0.003,0.277,1,0.000,0.000,0.000,0,720,0,0
2444,3.419,3.419,2.953,0.104,0.003,0.359,1,0.000,0.000,0.000,0,744,0,0
2445,3.291,3.291,2.885,0.104,0.003,0.300,1,0.000,0.000,0.000,0,768,0,0
2446,3.288,3.288,2.893,0.104,0.003,0.289,1,0.000,0.000,0.000,0,792,0,0
2447,4.222,4.222,3.695,0.105,0.003,0.419,1,0.000,0.000,0.000,0,816,0,0
2448,4.713,4.713,4.362,0.105,0.003,0.243,1,0.000,0.000,0.000,0,840,0,0
2449,3.407,3.407,3.053,0.105,0.003,0.246,1,0.000,0.000,0.000,0,860,0,0
2450,3.386,3.386,3.027,0.105,0.003,0.251,1,0.000,0.000,0.000,0,860,0,0
2451,3.207,3.207,2.891,0.105,0.003,0.209,1,0.000,0.000,0.000,0,860,0,0
2452,3.179,3.179,2.895,0.105,0.002,0.177,1,0.000,0.000,0.000,0,860,0,0
2453,3.361,3.361,3.002,0.106,0.003,0.251,1,0.000,0.000,0.000,0,860,0,0
2454,3.206,3.206,2.899,0.104,0.002,0.201,1,0.000,0.000,0.000,0,860,0,0
2455,3.755,3.755,3.421,0.111,0.005,0.218,1,0.000,0.000,0.000,0,860,0,0
2456,3.447,3.447,3.074,0.106,0.003,0.264,1,0.000,0.000,0.000,0,860,0,0
2457,3.281,3.281,2.982,0.105,0.003,0.192,1,0.000,0.000,0.000,0,860,0,0
2458,3.143,3.143,2.859,0.105,0.003,0.176,1,0.000,0.000,0.000,0,860,0,0
2459,3.591,3.591,3.215,0.107,0.003,0.266,1,0.000,0.000,0.000,0,860,0,0
2460,3.174,3.174,2.851,0.105,0.003,0.216,1,0.000,0.000,0.000,0,860,0,0
2461,3.218,3.218,2.900,0.104,0.003,0.210,1,0.000,0.000,0.000,0,860,0,0
2462,3.239,3.239,2.858,0.105,0.003,0.273,1,0.000,0.000,0.000,0,860,0,0
2463,4.071,4.071,3.749,0.105,0.004,0.213,1,0.000,0.000,0.000,0,860,0,0
2464,4.170,4.170,3.672,0.116,0.005,0.378,1,0.000,0.000,0.000,0,860,0,0
2465,3.975,3.975,3.176,0.105,0.004,0.690,1,0.000,0.000,0.000,0,860,0,0
2466,4.991,4.991,4.435,0.106,0.005,0.445,1,0.000,0.000,0.000,0,860,0,0
2467,4.330,4.330,3.793,0.109,0.004,0.425,1,0.000,0.000,0.000,0,860,0,0
2468,4.355,4.355,3.603,0.108,0.003,0.641,1,0.000,0.000,0.000,0,860,0,0
2469,3.579,3.579,3.036,0.106,0.003,0.435,1,0.000,0.000,0.000,0,860,0,0
2470,3.434,3.434,2.908,0.106,0.003,0.417,1,0.000,0.000,0.000,0,860,0,0
2471,3.772,3.772,3.113,0.106,0.003,0.550,1,0.000,0.000,0.000,0,860,0,0
2472,4.651,4.651,4.074,0.147,0.005,0.425,1,0.000,0.000,0.000,0,860,0,0
2473,5.527,5.527,5.029,0.114,0.003,0.381,1,0.000,0.000,0.000,0,860,0,0
2474,4.658,4.658,4.020,0.109,0.003,0.525,1,0.000,0.000,0.000,0,860,0,0
2475,3.998,3.998,3.462,0.106,0.005,0.425,1,0.000,0.000,0.000,0,860,0,0
2476,3.513,3.513,3.002,0.106,0.003,0.401,1,0.000,0.000,0.000,0,860,0,0
2477,4.050,4.050,3.422,0.105,0.003,0.519,1,0.000,0.000,0.000,0,860,0,0
2478,3.383,3.383,2.895,0.105,0.003,0.380,1,0.000,0.000,0.000,0,860,0,0
2479,3.558,3.558,3.081,0.105,0.002,0.369,1,0.000,0.000,0.000,0,860,0,0
2480,3.917,3.917,3.323,0.106,0.004,0.484,1,0.000,0.000,0.000,0,860,0,0
2481,3.828,3.828,3.379,0.106,0.003,0.341,1,0.000,0.000,0.000,0,860,0,0
2482,3.346,3.346,2.904,0.106,0.003,0.333,1,0.000,0.000,0.000,0,860,0,0
2483,4.117,4.117,3.541,0.117,0.004,0.455,1,0.000,0.000,0.000,0,860,0,0
2484,3.850,3.850,3.398,0.107,0.003,0.342,1,0.000,0.000,0.000,0,860,0,0
2485,3.372,3.372,2.932,0.106,0.003,0.332,1,0.000,0.000,0.000,0,860,0,0
2486,5.366,5.366,4.785,0.106,0.003,0.472,1,0.000,0.000,0.000,0,860,0,0
2487,4.147,4.147,3.666,0.109,0.005,0.367,1,0.000,0.000,0.000,0,860,0,0
2488,3.673,3.673,3.224,0.106,0.003,0.340,1,0.000,0.000,0.000,0,860,0,0
2489,4.041,4.041,3.485,0.107,0.003,0.446,1,0.000,0.000,0.000,0,860,0,0
2490,3.693,3.693,3.178,0.178,0.005,0.332,1,0.000,0.000,0.000,0,860,1,0
2491,4.527,4.527,4.118,0.108,0.004,0.297,1,0.000,0.000,0.000,0,860,0,0
2492,4.366,4.366,3.851,0.107,0.004,0.405,1,0.000,0.000,0.000,0,860,0,0
2493,3.335,3.335,2.942,0.106,0.003,0.283,1,0.000,0.000,0.000,0,860,0,0
2494,3.300,3.300,2.945,0.105,0.003,0.247,1,0.000,0.000,0.000,0,860,0,0
2495,4.208,4.208,3.703,0.108,0.004,0.393,1,0.000,0.000,0.000,0,860,0,0
2496,3.742,3.742,3.368,0.110,0.003,0.260,1,0.000,0.000,0.000,0,860,0,0
2497,3.547,3.547,3.016,0.106,0.003,0.423,1,0.000,0.000,0.000,0,860,0,0
2498,3.724,3.724,3.275,0.115,0.004,0.330,1,0.000,0.000,0.000,0,860,0,0
2499,5.027,5.027,4.641,0.117,0.005,0.264,1,0.000,0.000,0.000,0,860,0,0
2500,3.753,3.753,3.316,0.106,0.003,0.329,1,0.000,0.000,0.000,0,860,0,0
2501,3.268,3.268,2.914,0.105,0.003,0.246,1,0.000,0.000,0.000,0,860,0,0
2502,3.288,3.288,2.940,0.105,0.003,0.240,1,0.000,0.000,0.000,0,860,0,0
2503,3.534,3.534,3.098,0.105,0.003,0.328,1,0.000,0.000,0.000,0,856,0,0
2504,3.197,3.197,2.841,0.104,0.003,0.249,1,0.000,0.000,0.000,0,856,0,0
2505,3.245,3.245,2.889,0.103,0.002,0.250,1,0.000,0.000,0.000,0,696,0,0
2506,3.293,3.293,2.857,0.104,0.002,0.329,1,0.000,0.000,0.000,0,696,0,0
2507,3.187,3.187,2.831,0.103,0.002,0.250,1,0.000,0.000,0.000,0,696,0,0
2508,3.148,3.148,2.793,0.102,0.002,0.250,1,0.000,0.000,0.000,0,696,0,0
2509,3.846,3.846,3.367,0.111,0.006,0.363,1,0.000,0.000,0.000,0,696,0,0
2510,3.419,3.419,2.983,0.104,0.003,0.329,1,0.000,0.000,0.000,0,696,0,0
2511,3.801,3.801,3.371,0.117,0.004,0.309,1,0.000,0.000,0.000,0,696,0,0
2512,3.609,3.609,3.114,0.105,0.004,0.387,1,0.000,0.000,0.000,0,696,0,0
2513,4.119,4.119,3.721,0.105,0.005,0.289,1,0.000,0.000,0.000,0,696,0,0
2514,3.759,3.759,3.350,0.105,0.004,0.299,1,0.000,0.000,0.000,0,696,0,0
2515,3.408,3.408,2.911,0.104,0.003,0.391,1,0.000,0.000,0.000,0,696,0,0
2516,3.357,3.357,2.964,0.105,0.003,0.285,1,0.000,0.000,0.000,0,696,0,0
2517,3.350,3.350,2.949,0.122,0.003,0.277,1,0.000,0.000,0.000,0,696,0,0
2518,3.864,3.864,3.382,0.102,0.006,0.373,1,0.000,0.000,0.000,0,696,0,0
2519,3.409,3.409,3.021,0.105,0.003,0.280,1,0.000,0.000,0.000,0,696,0,0
2520,3.132,3.132,2.758,0.103,0.003,0.269,1,0.000,0.000,0.000,0,696,0,0
2521,4.201,4.201,3.752,0.105,0.003,0.341,1,0.000,0.000,0.000,0,696,0,0
2522,3.761,3.761,3.413,0.108,0.005,0.236,1,0.000,0.000,0.000,0,696,0,0
2523,3.945,3.945,3.659,0.106,0.004,0.176,1,0.000,0.000,0.000,0,696,0,0
2524,4.014,4.014,3.700,0.105,0.004,0.206,1,0.000,0.000,0.000,0,696,0,0
2525,3.196,3.196,2.856,0.103,0.003,0.234,1,0.000,0.000,0.000,0,696,0,0
2526,3.059,3.059,2.742,0.104,0.003,0.210,1,0.000,0.000,0.000,0,696,0,0
2527,3.713,3.713,3.326,0.105,0.003,0.279,1,0.000,0.000,0.000,0,696,0,0
2528,3.084,3.084,2.771,0.104,0.003,0.207,1,0.000,0.000,0.000,0,696,0,0
2529,3.035,3.035,2.721,0.102,0.003,0.209,1,0.000,0.000,0.000,0,696,0,0
2530,3.178,3.178,2.786,0.103,0.003,0.286,1,0.000,0.000,0.000,0,696,0,0
2531,3.551,3.551,3.229,0.104,0.003,0.215,1,0.000,0.000,0.000,0,696,0,0
2532,3.067,3.067,2.777,0.103,0.003,0.183,1,0.000,0.000,0.000,0,696,0,0
2533,3.185,3.185,2.818,0.103,0.003,0.262,1,0.000,0.000,0.000,0,696,0,0
2534,3.063,3.063,2.768,0.106,0.002,0.187,1,0.000,0.000,0.000,0,696,0,0
2535,2.988,2.988,2.696,0.103,0.003,0.186,1,0.000,0.000,0.000,0,696,0,0
2536,3.055,3.055,2.701,0.102,0.002,0.250,1,0.000,0.000,0.000,0,696,0,0
2537,2.990,2.990,2.697,0.103,0.003,0.187,1,0.000,0.000,0.000,0,696,0,0
2538,3.473,3.473,3.163,0.114,0.008,0.189,1,0.000,0.000,0.000,0,696,0,0
2539,3.239,3.239,2.899,0.105,0.003,0.231,1,0.000,0.000,0.000,0,696,0,0
2540,3.394,3.394,3.051,0.105,0.003,0.235,1,0.000,0.000,0.000,0,720,0,0
2541,3.210,3.210,2.876,0.104,0.003,0.227,1,0.000,0.000,0.000,0,744,0,0
2542,3.238,3.238,2.848,0.103,0.002,0.285,1,0.000,0.000,0.000,0,768,0,0
2543,3.310,3.310,2.983,0.105,0.003,0.219,1,0.000,0.000,0.000,0,792,0,0
2544,3.171,3.171,2.847,0.104,0.003,0.217,1,0.000,0.000,0.000,0,816,0,0
2545,3.260,3.260,2.864,0.104,0.003,0.289,1,0.000,0.000,0.000,0,840,0,0
2546,3.723,3.723,3.394,0.106,0.003,0.220,1,0.000,0.000,0.000,0,868,0,0
2547,3.299,3.299,2.986,0.104,0.002,0.206,1,0.000,0.000,0.000,0,892,0,0
2548,3.742,3.742,3.225,0.173,0.003,0.341,1,0.000,0.000,0.000,0,916,0,0
2549,3.386,3.386,3.035,0.107,0.003,0.241,1,0.000,0.000,0.000,0,940,0,0
2550,3.286,3.286,2.939,0.104,0.002,0.241,1,0.000,0.000,0.000,0,964,0,0
2551,3.391,3.391,2.966,0.105,0.003,0.317,1,0.000,0.000,0.000,0,988,0,0
2552,3.385,3.385,3.033,0.105,0.003,0.244,1,0.000,0.000,0.000,0,1012,0,0
2553,3.346,3.346,3.000,0.104,0.002,0.239,1,0.000,0.000,0.000,0,1028,0,0
2554,3.581,3.581,3.143,0.106,0.003,0.329,1,0.000,0.000,0.000,0,1028,0,0
2555,3.415,3.415,3.066,0.105,0.003,0.241,1,0.000,0.000,0.000,0,1028,0,0
2556,3.340,3.340,2.966,0.105,0.003,0.267,1,0.000,0.000,0.000,0,1028,0,0
2557,3.442,3.442,2.989,0.104,0.003,0.347,1,0.000,0.000,0.000,0,1028,0,0
2558,3.412,3.412,3.044,0.106,0.003,0.260,1,0.000,0.000,0.000,0,1028,0,0
2559,3.343,3.343,2.978,0.105,0.003,0.258,1,0.000,0.000,0.000,0,1028,0,0
2560,3.429,3.429,2.981,0.105,0.002,0.341,1,0.000,0.000,0.000,0,1028,0,0
2561,3.506,3.506,3.115,0.106,0.007,0.279,1,0.000,0.000,0.000,0,1028,0,0
2562,3.344,3.344,2.963,0.105,0.004,0.273,1,0.000,0.000,0.000,0,1028,0,0
2563,3.469,3.469,3.039,0.105,0.003,0.322,1,0.000,0.000,0.000,0,1068,0,0
2564,3.305,3.305,2.979,0.107,0.003,0.216,1,0.000,0.000,0.000,0,1072,0,0
2565,3.918,3.918,3.582,0.112,0.005,0.220,1,0.000,0.000,0.000,0,1072,0,0
2566,3.633,3.633,3.234,0.109,0.004,0.286,1,0.000,0.000,0.000,0,1072,0,0
2567,3.347,3.347,3.012,0.107,0.003,0.226,1,0.000,0.000,0.000,0,1072,0,0
2568,3.287,3.287,2.951,0.105,0.003,0.227,1,0.000,0.000,0.000,0,1028,0,0
2569,4.004,4.004,3.561,0.106,0.003,0.334,1,0.000,0.000,0.000,0,1028,0,0
2570,3.487,3.487,3.124,0.105,0.003,0.256,1,0.000,0.000,0.000,0,1028,0,0
2571,3.404,3.404,2.950,0.107,0.003,0.345,1,0.000,0.000,0.000,0,1028,0,0
2572,4.243,4.243,3.703,0.106,0.003,0.431,1,0.000,0.000,0.000,0,1028,0,0
2573,3.402,3.402,2.976,0.106,0.003,0.318,1,0.000,0.000,0.000,0,1028,0,0
2574,3.346,3.346,2.923,0.104,0.003,0.316,1,0.000,0.000,0.000,0,1028,0,0
2575,3.505,3.505,2.978,0.107,0.002,0.418,1,0.000,0.000,0.000,0,1028,0,0
2576,3.335,3.335,2.909,0.106,0.003,0.318,1,0.000,0.000,0.000,0,1028,0,0
2577,4.468,4.468,4.020,0.109,0.005,0.334,1,0.000,0.000,0.000,0,1028,0,0
2578,3.845,3.845,3.313,0.106,0.004,0.422,1,0.000,0.000,0.000,0,1028,0,0
2579,3.629,3.629,3.239,0.106,0.004,0.280,1,0.000,0.000,0.000,0,1028,0,0
2580,3.338,3.338,2.964,0.105,0.003,0.266,1,0.000,0.000,0.000,0,1028,0,0
2581,3.483,3.483,2.996,0.105,0.002,0.379,1,0.000,0.000,0.000,0,1028,0,0
2582,3.399,3.399,3.002,0.105,0.002,0.289,1,0.000,0.000,0.000,0,1028,0,0
2583,3.319,3.319,2.931,0.104,0.003,0.282,1,0.000,0.000,0.000,0,1028,0,0
2584,3.435,3.435,2.969,0.105,0.003,0.359,1,0.000,0.000,0.000,0,1028,0,0
2585,5.225,5.225,4.769,0.108,0.003,0.345,1,0.000,0.000,0.000,0,1028,0,0
2586,4.740,4.740,4.262,0.106,0.005,0.367,1,0.000,0.000,0.000,0,696,0,0
2587,4.508,4.508,3.846,0.105,0.006,0.551,1,0.000,0.000,0.000,0,696,0,0
2588,3.487,3.487,2.943,0.103,0.003,0.437,1,0.000,0.000,0.000,0,696,0,0
2589,3.334,3.334,2.803,0.102,0.003,0.426,1,0.000,0.000,0.000,0,696,0,0
2590,3.453,3.453,2.803,0.102,0.003,0.545,1,0.000,0.000,0.000,0,696,0,0
2591,3.441,3.441,2.928,0.103,0.003,0.407,1,0.000,0.000,0.000,0,696,0,0
2592,3.423,3.423,2.836,0.102,0.003,0.482,1,0.000,0.000,0.000,0,696,0,0
2593,3.772,3.772,3.077,0.166,0.005,0.524,1,0.000,0.000,0.000,0,696,1,0
2594,4.361,4.361,3.865,0.105,0.003,0.388,1,0.000,0.000,0.000,0,696,0,0
2595,3.505,3.505,3.023,0.104,0.003,0.374,1,0.000,0.000,0.000,0,696,0,0
2596,3.551,3.551,2.904,0.103,0.003,0.541,1,0.000,0.000,0.000,0,696,0,0
2597,4.425,4.425,3.942,0.114,0.005,0.363,1,0.000,0.000,0.000,0,696,0,0
2598,4.390,4.390,3.935,0.106,0.004,0.345,1,0.000,0.000,0.000,0,696,0,0
2599,4.103,4.103,3.454,0.113,0.007,0.529,1,0.000,0.000,0.000,0,696,0,0
2600,3.344,3.344,2.878,0.103,0.003,0.359,1,0.000,0.000,0.000,0,696,0,0
2601,3.571,3.571,2.939,0.133,0.003,0.496,1,0.000,0.000,0.000,0,696,0,0
2602,3.256,3.256,2.819,0.105,0.003,0.329,1,0.000,0.000,0.000,0,696,0,0
2603,3.265,3.265,2.822,0.104,0.003,0.336,1,0.000,0.000,0.000,0,696,0,0
2604,3.366,3.366,2.836,0.101,0.003,0.427,1,0.000,0.000,0.000,0,692,0,0
2605,3.759,3.759,3.305,0.105,0.004,0.345,1,0.000,0.000,0.000,0,692,0,0
2606,3.778,3.778,3.333,0.105,0.003,0.336,1,0.000,0.000,0.000,0,692,0,0
2607,3.455,3.455,2.925,0.102,0.003,0.424,1,0.000,0.000,0.000,0,692,0,0
2608,3.278,3.278,2.882,0.103,0.003,0.290,1,0.000,0.000,0.000,0,692,0,0
2609,3.305,3.305,2.872,0.102,0.003,0.327,1,0.000,0.000,0.000,0,692,0,0
2610,3.275,3.275,2.776,0.103,0.003,0.394,1,0.000,0.000,0.000,0,692,0,0
2611,3.141,3.141,2.741,0.102,0.002,0.296,1,0.000,0.000,0.000,0,692,0,0
2612,3.146,3.146,2.743,0.103,0.003,0.297,1,0.000,0.000,0.000,0,692,0,0
2613,3.251,3.251,2.747,0.101,0.002,0.401,1,0.000,0.000,0.000,0,692,0,0
2614,3.201,3.201,2.796,0.102,0.003,0.300,1,0.000,0.000,0.000,0,692,0,0
2615,3.143,3.143,2.740,0.102,0.003,0.297,1,0.000,0.000,0.000,0,692,0,0
2616,3.342,3.342,2.823,0.102,0.003,0.415,1,0.000,0.000,0.000,0,692,0,0
2617,3.162,3.162,2.740,0.102,0.003,0.317,1,0.000,0.000,0.000,0,692,0,0
2618,3.124,3.124,2.726,0.103,0.003,0.293,1,0.000,0.000,0.000,0,692,0,0
2619,3.202,3.202,2.712,0.101,0.002,0.386,1,0.000,0.000,0.000,0,692,0,0
2620,3.098,3.098,2.700,0.102,0.002,0.294,1,0.000,0.000,0.000,0,692,0,0
2621,3.203,3.203,2.805,0.102,0.002,0.293,1,0.000,0.000,0.000,0,692,0,0
2622,3.206,3.206,2.715,0.102,0.002,0.387,1,0.000,0.000,0.000,0,692,0,0
2623,3.093,3.093,2.705,0.102,0.002,0.283,1,0.000,0.000,0.000,0,692,0,0
2624,4.437,4.437,4.034,0.105,0.003,0.296,1,0.000,0.000,0.000,0,692,0,0
2625,3.275,3.275,2.798,0.103,0.003,0.371,1,0.000,0.000,0.000,0,692,0,0
2626,3.099,3.099,2.716,0.102,0.002,0.278,1,0.000,0.000,0.000,0,692,0,0
2627,3.120,3.120,2.736,0.104,0.003,0.279,1,0.000,0.000,0.000,0,692,0,0
2628,3.190,3.190,2.718,0.101,0.002,0.368,1,0.000,0.000,0.000,0,692,0,0
2629,3.162,3.162,2.777,0.103,0.002,0.279,1,0.000,0.000,0.000,0,692,0,0
2630,3.144,3.144,2.766,0.102,0.002,0.274,1,0.000,0.000,0.000,0,692,0,0
2631,3.281,3.281,2.820,0.102,0.003,0.355,1,0.000,0.000,0.000,0,692,0,0
2632,3.172,3.172,2.744,0.104,0.003,0.321,1,0.000,0.000,0.000,0,692,0,0
2633,3.153,3.153,2.735,0.102,0.003,0.314,1,0.000,0.000,0.000,0,692,0,0
2634,4.906,4.906,4.346,0.129,0.006,0.424,1,0.000,0.000,0.000,0,692,0,0
2635,3.444,3.444,3.012,0.104,0.004,0.324,1,0.000,0.000,0.000,0,692,0,0
2636,3.165,3.165,2.749,0.102,0.003,0.310,1,0.000,0.000,0.000,0,692,0,0
2637,3.276,3.276,2.759,0.102,0.003,0.412,1,0.000,0.000,0.000,0,692,0,0
2638,3.666,3.666,3.247,0.104,0.003,0.312,1,0.000,0.000,0.000,0,692,0,0
2639,3.613,3.613,3.199,0.104,0.003,0.307,1,0.000,0.000,0.000,0,692,0,0
2640,3.276,3.276,2.785,0.102,0.003,0.386,1,0.000,0.000,0.000,0,692,0,0
2641,3.653,3.653,3.269,0.104,0.003,0.278,1,0.000,0.000,0.000,0,692,0,0
2642,3.128,3.128,2.745,0.103,0.002,0.277,1,0.000,0.000,0.000,0,692,0,0
2643,3.228,3.228,2.742,0.102,0.002,0.381,1,0.000,0.000,0.000,0,692,0,0
2644,3.756,3.756,3.357,0.105,0.003,0.291,1,0.000,0.000,0.000,0,692,0,0
2645,3.198,3.198,2.808,0.103,0.003,0.285,1,0.000,0.000,0.000,0,692,0,0
2646,3.271,3.271,2.863,0.103,0.003,0.303,1,0.000,0.000,0.000,0,692,0,0
2647,3.248,3.248,2.934,0.104,0.003,0.207,1,0.000,0.000,0.000,0,692,0,0
2648,3.517,3.517,3.278,0.104,0.003,0.133,1,0.000,0.000,0.000,0,692,0,0
2649,3.015,3.015,2.737,0.103,0.003,0.173,1,0.000,0.000,0.000,0,692,0,0
2650,2.928,2.928,2.693,0.102,0.002,0.132,1,0.000,0.000,0.000,0,692,0,0
2651,3.551,3.551,3.275,0.118,0.007,0.151,1,0.000,0.000,0.000,0,692,0,0
2652,3.266,3.266,2.972,0.104,0.003,0.187,1,0.000,0.000,0.000,0,692,0,0
2653,3.777,3.777,3.548,0.107,0.004,0.118,1,0.000,0.000,0.000,0,692,0,0
2654,3.152,3.152,2.935,0.103,0.003,0.111,1,0.000,0.000,0.000,0,692,0,0
2655,3.063,3.063,2.821,0.103,0.002,0.136,1,0.000,0.000,0.000,0,692,0,0
2656,2.905,2.905,2.702,0.102,0.003,0.099,1,0.000,0.000,0.000,0,692,0,0
2657,2.882,2.882,2.680,0.102,0.003,0.098,1,0.000,0.000,0.000,0,692,0,0
2658,2.948,2.948,2.714,0.103,0.003,0.128,1,0.000,0.000,0.000,0,692,0,0
2659,2.882,2.882,2.680,0.101,0.003,0.098,1,0.000,0.000,0.000,0,692,0,0
2660,2.877,2.877,2.674,0.102,0.003,0.099,1,0.000,0.000,0.000,0,692,0,0
2661,3.098,3.098,2.792,0.103,0.003,0.201,1,0.000,0.000,0.000,0,692,0,0
2662,3.086,3.086,2.848,0.103,0.003,0.132,1,0.000,0.000,0.000,0,692,0,0
2663,2.935,2.935,2.721,0.103,0.003,0.108,1,0.000,0.000,0.000,0,692,0,0
2664,3.485,3.485,3.216,0.117,0.007,0.146,1,0.000,0.000,0.000,0,692,0,0
2665,3.109,3.109,2.888,0.103,0.003,0.114,1,0.000,0.000,0.000,0,692,0,0
2666,3.397,3.397,3.181,0.103,0.003,0.110,1,0.000,0.000,0.000,0,696,0,0
2667,4.218,4.218,3.961,0.108,0.004,0.145,1,0.000,0.000,0.000,0,696,0,0
2668,4.005,4.005,3.789,0.107,0.003,0.106,1,0.000,0.000,0.000,0,696,0,0
2669,3.652,3.652,3.425,0.109,0.006,0.113,1,0.000,0.000,0.000,0,696,0,0
2670,3.123,3.123,2.872,0.105,0.003,0.142,1,0.000,0.000,0.000,0,696,0,0
2671,3.013,3.013,2.830,0.103,0.003,0.077,1,0.000,0.000,0.000,0,696,0,0
2672,2.905,2.905,2.723,0.102,0.003,0.077,1,0.000,0.000,0.000,0,696,0,0
2673,3.242,3.242,3.032,0.106,0.004,0.101,1,0.000,0.000,0.000,0,696,0,0
2674,3.264,3.264,3.082,0.106,0.003,0.073,1,0.000,0.000,0.000,0,696,0,0
2675,3.141,3.141,2.953,0.104,0.004,0.080,1,0.000,0.000,0.000,0,696,0,0
2676,3.000,3.000,2.792,0.104,0.003,0.101,1,0.000,0.000,0.000,0,696,0,0
2677,2.982,2.982,2.803,0.103,0.003,0.074,1,0.000,0.000,0.000,0,696,0,0
2678,2.930,2.930,2.727,0.102,0.003,0.098,1,0.000,0.000,0.000,0,696,0,0
2679,2.946,2.946,2.719,0.103,0.002,0.121,1,0.000,0.000,0.000,0,696,0,0
2680,3.783,3.783,3.552,0.112,0.004,0.114,1,0.000,0.000,0.000,0,696,0,0
2681,3.652,3.652,3.444,0.104,0.003,0.101,1,0.000,0.000,0.000,0,696,0,0
2682,3.150,3.150,2.920,0.104,0.003,0.123,1,0.000,0.000,0.000,0,696,0,0
2683,3.118,3.118,2.903,0.104,0.003,0.109,1,0.000,0.000,0.000,0,696,0,0
2684,3.973,3.973,3.435,0.104,0.003,0.432,1,0.000,0.000,0.000,0,696,0,0
2685,3.245,3.245,3.016,0.105,0.003,0.121,1,0.000,0.000,0.000,0,720,0,0
2686,3.074,3.074,2.885,0.105,0.003,0.082,1,0.000,0.000,0.000,0,744,0,0
2687,3.053,3.053,2.865,0.104,0.003,0.082,1,0.000,0.000,0.000,0,768,0,0
2688,3.095,3.095,2.881,0.104,0.003,0.107,1,0.000,0.000,0.000,0,792,0,0
2689,3.025,3.025,2.838,0.103,0.003,0.080,1,0.000,0.000,0.000,0,816,0,0
2690,3.023,3.023,2.837,0.103,0.003,0.080,1,0.000,0.000,0.000,0,840,0,0
2691,3.109,3.109,2.898,0.105,0.003,0.104,1,0.000,0.000,0.000,0,864,0,0
2692,3.182,3.182,2.986,0.104,0.003,0.090,1,0.000,0.000,0.000,0,888,0,0
2693,3.191,3.191,2.934,0.105,0.002,0.150,1,0.000,0.000,0.000,0,912,0,0
2694,3.219,3.219,2.937,0.105,0.003,0.173,1,0.000,0.000,0.000,0,936,0,0
2695,3.194,3.194,2.950,0.105,0.003,0.135,1,0.000,0.000,0.000,0,960,0,0
2696,3.170,3.170,2.927,0.104,0.003,0.136,1,0.000,0.000,0.000,0,980,0,0
2697,3.248,3.248,2.960,0.104,0.003,0.181,1,0.000,0.000,0.000,0,980,0,0
2698,3.196,3.196,2.956,0.105,0.003,0.133,1,0.000,0.000,0.000,0,980,0,0
2699,3.298,3.298,3.053,0.105,0.003,0.136,1,0.000,0.000,0.000,0,980,0,0
2700,3.306,3.306,3.011,0.106,0.002,0.188,1,0.000,0.000,0.000,0,980,0,0
2701,3.090,3.090,2.901,0.105,0.003,0.081,1,0.000,0.000,0.000,0,980,0,0
2702,3.078,3.078,2.867,0.105,0.002,0.104,1,0.000,0.000,0.000,0,980,0,0
2703,3.530,3.530,3.313,0.113,0.006,0.098,1,0.000,0.000,0.000,0,980,0,0
2704,3.360,3.360,3.095,0.185,0.003,0.077,1,0.000,0.000,0.000,0,980,0,0
2705,3.446,3.446,3.136,0.127,0.004,0.180,1,0.000,0.000,0.000,0,980,0,0
2706,3.187,3.187,2.945,0.106,0.003,0.134,1,0.000,0.000,0.000,0,980,0,0
2707,3.300,3.300,3.028,0.104,0.003,0.165,1,0.000,0.000,0.000,0,980,0,0
2708,3.479,3.479,2.960,0.105,0.003,0.412,1,0.000,0.000,0.000,0,980,0,0
2709,4.407,4.407,3.982,0.109,0.004,0.311,1,0.000,0.000,0.000,0,980,0,0
2710,3.852,3.852,3.439,0.106,0.003,0.304,1,0.000,0.000,0.000,0,980,0,0
2711,3.561,3.561,3.024,0.140,0.003,0.395,1,0.000,0.000,0.000,0,980,1,0
2712,4.195,4.195,3.782,0.106,0.003,0.305,1,0.000,0.000,0.000,0,980,0,0
2713,3.370,3.370,2.960,0.105,0.003,0.301,1,0.000,0.000,0.000,0,980,0,0
2714,3.801,3.801,3.268,0.112,0.005,0.415,1,0.000,0.000,0.000,0,980,0,0
2715,4.078,4.078,3.668,0.108,0.003,0.298,1,0.000,0.000,0.000,0,980,0,0
2716,3.353,3.353,2.955,0.105,0.003,0.291,1,0.000,0.000,0.000,0,980,0,0
2717,3.381,3.381,2.902,0.105,0.002,0.371,1,0.000,0.000,0.000,0,980,0,0
2718,3.319,3.319,2.929,0.106,0.002,0.282,1,0.000,0.000,0.000,0,980,0,0
2719,3.259,3.259,2.871,0.105,0.002,0.281,1,0.000,0.000,0.000,0,980,0,0
2720,3.348,3.348,2.870,0.105,0.003,0.370,1,0.000,0.000,0.000,0,980,0,0
2721,3.340,3.340,2.947,0.107,0.003,0.283,1,0.000,0.000,0.000,0,980,0,0
2722,3.262,3.262,2.873,0.105,0.003,0.282,1,0.000,0.000,0.000,0,980,0,0
2723,3.531,3.531,3.008,0.104,0.003,0.417,1,0.000,0.000,0.000,0,980,0,0
2724,4.281,4.281,3.876,0.105,0.007,0.292,1,0.000,0.000,0.000,0,980,0,0
2725,3.560,3.560,3.160,0.106,0.004,0.290,1,0.000,0.000,0.000,0,980,0,0
2726,3.422,3.422,2.952,0.105,0.003,0.362,1,0.000,0.000,0.000,0,980,0,0
2727,3.595,3.595,3.211,0.104,0.004,0.276,1,0.000,0.000,0.000,0,980,0,0
2728,5.582,5.582,5.153,0.109,0.004,0.316,1,0.000,0.000,0.000,0,980,0,0
2729,4.085,4.085,3.599,0.116,0.003,0.368,1,0.000,0.000,0.000,0,980,0,0
2730,3.641,3.641,3.232,0.106,0.005,0.298,1,0.000,0.000,0.000,0,980,0,0
2731,3.406,3.406,2.986,0.105,0.003,0.312,1,0.000,0.000,0.000,0,980,0,0
2732,4.067,4.067,3.512,0.105,0.003,0.448,1,0.000,0.000,0.000,0,980,0,0
2733,3.345,3.345,2.949,0.105,0.003,0.287,1,0.000,0.000,0.000,0,980,0,0
2734,4.390,4.390,3.994,0.109,0.004,0.284,1,0.000,0.000,0.000,0,980,0,0
2735,3.769,3.769,3.306,0.107,0.003,0.354,1,0.000,0.000,0.000,0,980,0,0
2736,3.286,3.286,2.922,0.104,0.003,0.257,1,0.000,0.000,0.000,0,980,0,0
2737,3.766,3.766,3.392,0.107,0.005,0.262,1,0.000,0.000,0.000,0,980,0,0
2738,3.839,3.839,3.380,0.108,0.003,0.347,1,0.000,0.000,0.000,0,980,0,0
2739,3.555,3.555,3.161,0.107,0.003,0.284,1,0.000,0.000,0.000,0,980,0,0
2740,3.336,3.336,2.956,0.106,0.003,0.271,1,0.000,0.000,0.000,0,980,0,0
2741,3.400,3.400,2.929,0.105,0.002,0.364,1,0.000,0.000,0.000,0,980,0,0
2742,3.585,3.585,3.199,0.105,0.003,0.278,1,0.000,0.000,0.000,0,980,0,0
2743,3.313,3.313,2.933,0.105,0.002,0.272,1,0.000,0.000,0.000,0,980,0,0
2744,3.362,3.362,2.897,0.105,0.003,0.358,1,0.000,0.000,0.000,0,980,0,0
2745,3.249,3.249,2.867,0.105,0.002,0.275,1,0.000,0.000,0.000,0,980,0,0
2746,3.296,3.296,2.918,0.105,0.003,0.270,1,0.000,0.000,0.000,0,980,0,0
2747,3.373,3.373,2.927,0.106,0.003,0.338,1,0.000,0.000,0.000,0,980,0,0
2748,3.664,3.664,3.263,0.128,0.006,0.267,1,0.000,0.000,0.000,0,980,0,0
2749,3.405,3.405,3.029,0.106,0.004,0.267,1,0.000,0.000,0.000,0,980,0,0
2750,3.348,3.348,2.900,0.105,0.003,0.340,1,0.000,0.000,0.000,0,980,0,0
2751,3.264,3.264,2.880,0.121,0.003,0.261,1,0.000,0.000,0.000,0,980,0,0
2752,3.211,3.211,2.848,0.105,0.003,0.255,1,0.000,0.000,0.000,0,980,0,0
2753,3.446,3.446,2.978,0.104,0.002,0.361,1,0.000,0.000,0.000,0,980,0,0
2754,3.346,3.346,2.923,0.106,0.003,0.315,1,0.000,0.000,0.000,0,980,0,0
2755,3.313,3.313,2.897,0.106,0.003,0.308,1,0.000,0.000,0.000,0,980,0,0
2756,3.364,3.364,2.849,0.105,0.003,0.407,1,0.000,0.000,0.000,0,980,0,0
2757,3.338,3.338,2.920,0.106,0.002,0.309,1,0.000,0.000,0.000,0,980,0,0
2758,3.255,3.255,2.839,0.105,0.002,0.309,1,0.000,0.000,0.000,0,980,0,0
2759,3.610,3.610,3.061,0.105,0.003,0.441,1,0.000,0.000,0.000,0,976,0,0
2760,3.853,3.853,3.303,0.204,0.004,0.342,1,0.000,0.000,0.000,0,976,0,0
2761,5.189,5.189,4.713,0.113,0.004,0.360,1,0.000,0.000,0.000,0,1352,0,0
2762,3.915,3.915,3.351,0.109,0.003,0.451,1,0.000,0.000,0.000,0,1528,0,0
2763,3.760,3.760,3.310,0.110,0.003,0.337,1,0.000,0.000,0.000,0,1528,0,0
2764,3.684,3.684,3.237,0.109,0.003,0.336,1,0.000,0.000,0.000,0,1528,0,0
2765,3.826,3.826,3.270,0.110,0.002,0.444,1,0.000,0.000,0.000,0,1528,0,0
2766,3.701,3.701,3.251,0.110,0.003,0.338,1,0.000,0.000,0.000,0,1528,0,0
2767,3.667,3.667,3.257,0.109,0.003,0.298,1,0.000,0.000,0.000,0,1528,0,0
2768,3.641,3.641,3.303,0.109,0.003,0.227,1,0.000,0.000,0.000,0,1528,0,0
2769,3.570,3.570,3.235,0.109,0.003,0.222,1,0.000,0.000,0.000,0,1528,0,0
2770,5.601,5.601,5.273,0.113,0.006,0.210,1,0.000,0.000,0.000,0,1528,0,0
2771,4.031,4.031,3.714,0.111,0.004,0.201,1,0.000,0.000,0.000,0,1528,0,0
2772,5.738,5.738,5.456,0.117,0.005,0.160,1,0.000,0.000,0.000,0,1528,0,0
2773,4.469,4.469,4.192,0.112,0.004,0.161,1,0.000,0.000,0.000,0,1528,0,0
2774,3.782,3.782,3.482,0.109,0.003,0.188,1,0.000,0.000,0.000,0,1528,0,0
2775,3.513,3.513,3.269,0.109,0.003,0.132,1,0.000,0.000,0.000,0,1528,0,0
2776,3.450,3.450,3.209,0.109,0.003,0.130,1,0.000,0.000,0.000,0,1528,0,0
2777,3.467,3.467,3.193,0.110,0.003,0.162,1,0.000,0.000,0.000,0,1528,0,0
2778,3.361,3.361,3.135,0.108,0.003,0.115,1,0.000,0.000,0.000,0,1528,0,0
2779,3.342,3.342,3.117,0.108,0.003,0.115,1,0.000,0.000,0.000,0,1528,0,0
2780,3.424,3.424,3.160,0.110,0.002,0.152,1,0.000,0.000,0.000,0,1528,0,0
2781,3.362,3.362,3.136,0.108,0.002,0.115,1,0.000,0.000,0.000,0,1528,0,0
2782,3.459,3.459,3.230,0.109,0.004,0.116,1,0.000,0.000,0.000,0,1528,0,0
2783,3.451,3.451,3.214,0.109,0.003,0.125,1,0.000,0.000,0.000,0,1528,0,0
2784,3.499,3.499,3.251,0.109,0.003,0.136,1,0.000,0.000,0.000,0,1528,0,0
2785,3.410,3.410,3.189,0.109,0.003,0.109,1,0.000,0.000,0.000,0,1528,0,0
2786,3.880,3.880,3.546,0.183,0.005,0.146,1,0.000,0.000,0.000,0,1528,1,0
2787,3.458,3.458,3.238,0.109,0.003,0.108,1,0.000,0.000,0.000,0,1528,0,0
2788,3.345,3.345,3.126,0.108,0.003,0.108,1,0.000,0.000,0.000,0,1528,0,0
2789,3.404,3.404,3.152,0.108,0.003,0.142,1,0.000,0.000,0.000,0,1528,0,0
2790,3.776,3.776,3.539,0.115,0.006,0.116,1,0.000,0.000,0.000,0,1528,0,0
2791,3.638,3.638,3.420,0.110,0.004,0.105,1,0.000,0.000,0.000,0,1528,0,0
2792,3.451,3.451,3.185,0.107,0.003,0.155,1,0.000,0.000,0.000,0,1528,0,0
2793,3.331,3.331,3.133,0.108,0.002,0.088,1,0.000,0.000,0.000,0,1528,0,0
2794,3.358,3.358,3.168,0.109,0.003,0.078,1,0.000,0.000,0.000,0,1528,0,0
2795,3.336,3.336,3.126,0.108,0.003,0.101,1,0.000,0.000,0.000,0,1528,0,0
2796,3.300,3.300,3.113,0.108,0.002,0.076,1,0.000,0.000,0.000,0,1528,0,0
2797,3.332,3.332,3.143,0.110,0.002,0.077,1,0.000,0.000,0.000,0,1528,0,0
2798,3.350,3.350,3.138,0.109,0.003,0.100,1,0.000,0.000,0.000,0,1528,0,0
2799,3.572,3.572,3.360,0.110,0.003,0.099,1,0.000,0.000,0.000,0,1528,0,0
2800,3.593,3.593,3.344,0.120,0.003,0.125,1,0.000,0.000,0.000,0,1528,0,0
2801,3.371,3.371,3.166,0.110,0.003,0.092,1,0.000,0.000,0.000,0,1528,0,0
2802,3.322,3.322,3.118,0.108,0.003,0.093,1,0.000,0.000,0.000,0,1528,0,0
2803,3.382,3.382,3.149,0.109,0.003,0.121,1,0.000,0.000,0.000,0,1528,0,0
2804,3.362,3.362,3.164,0.110,0.003,0.085,1,0.000,0.000,0.000,0,1528,0,0
2805,3.304,3.304,3.117,0.109,0.003,0.075,1,0.000,0.000,0.000,0,1528,0,0
2806,3.389,3.389,3.202,0.108,0.003,0.077,1,0.000,0.000,0.000,0,1528,0,0
2807,3.346,3.346,3.155,0.109,0.003,0.079,1,0.000,0.000,0.000,0,1528,0,0
2808,3.296,3.296,3.125,0.109,0.002,0.060,1,0.000,0.000,0.000,0,1528,0,0
2809,3.371,3.371,3.181,0.111,0.002,0.077,1,0.000,0.000,0.000,0,1528,0,0
2810,4.228,4.228,4.040,0.113,0.006,0.068,1,0.000,0.000,0.000,0,1528,0,0
2811,3.738,3.738,3.561,0.111,0.003,0.063,1,0.000,0.000,0.000,0,1528,0,0
2812,3.411,3.411,3.221,0.109,0.003,0.078,1,0.000,0.000,0.000,0,1528,0,0
2813,3.327,3.327,3.154,0.109,0.003,0.061,1,0.000,0.000,0.000,0,1528,0,0
2814,3.484,3.484,3.295,0.109,0.003,0.077,1,0.000,0.000,0.000,0,1528,0,0
2815,3.505,3.505,3.213,0.124,0.003,0.165,1,0.000,0.000,0.000,0,1528,0,0
2816,3.412,3.412,3.187,0.110,0.003,0.112,1,0.000,0.000,0.000,0,1528,0,0
2817,3.785,3.785,3.541,0.121,0.006,0.118,1,0.000,0.000,0.000,0,1528,0,0
2818,3.702,3.702,3.433,0.110,0.004,0.156,1,0.000,0.000,0.000,0,1528,0,0
2819,3.547,3.547,3.321,0.109,0.003,0.114,1,0.000,0.000,0.000,0,1528,0,0
2820,3.370,3.370,3.144,0.109,0.003,0.114,1,0.000,0.000,0.000,0,1528,0,0
2821,3.434,3.434,3.185,0.109,0.003,0.137,1,0.000,0.000,0.000,0,1528,0,0
2822,3.465,3.465,3.234,0.109,0.003,0.120,1,0.000,0.000,0.000,0,1528,0,0
2823,3.429,3.429,3.239,0.109,0.003,0.078,1,0.000,0.000,0.000,0,1528,0,0
2824,3.378,3.378,3.147,0.124,0.003,0.104,1,0.000,0.000,0.000,0,1528,0,0
2825,3.323,3.323,3.132,0.108,0.003,0.080,1,0.000,0.000,0.000,0,1528,0,0
2826,3.105,3.105,2.891,0.103,0.003,0.108,1,0.000,0.000,0.000,0,696,0,0
2827,3.007,3.007,2.751,0.104,0.003,0.149,1,0.000,0.000,0.000,0,696,0,0
2828,3.016,3.016,2.794,0.103,0.002,0.116,1,0.000,0.000,0.000,0,696,0,0
2829,3.103,3.103,2.850,0.103,0.002,0.147,1,0.000,0.000,0.000,0,696,0,0
2830,3.195,3.195,2.793,0.102,0.003,0.296,1,0.000,0.000,0.000,0,696,0,0
2831,3.055,3.055,2.742,0.103,0.002,0.208,1,0.000,0.000,0.000,0,696,0,0
2832,3.050,3.050,2.740,0.104,0.003,0.205,1,0.000,0.000,0.000,0,696,0,0
2833,3.097,3.097,2.721,0.104,0.003,0.269,1,0.000,0.000,0.000,0,696,0,0
2834,3.048,3.048,2.738,0.104,0.002,0.204,1,0.000,0.000,0.000,0,696,0,0
2835,3.043,3.043,2.717,0.102,0.003,0.221,1,0.000,0.000,0.000,0,696,0,0
2836,4.015,4.015,3.610,0.103,0.002,0.299,1,0.000,0.000,0.000,0,696,0,0
2837,3.165,3.165,2.861,0.103,0.003,0.199,1,0.000,0.000,0.000,0,696,0,0
2838,3.069,3.069,2.764,0.103,0.003,0.199,1,0.000,0.000,0.000,0,696,0,0
2839,3.135,3.135,2.774,0.104,0.003,0.255,1,0.000,0.000,0.000,0,696,0,0
2840,3.030,3.030,2.735,0.103,0.003,0.189,1,0.000,0.000,0.000,0,696,0,0
2841,3.003,3.003,2.709,0.102,0.002,0.189,1,0.000,0.000,0.000,0,696,0,0
2842,3.079,3.079,2.725,0.103,0.003,0.249,1,0.000,0.000,0.000,0,696,0,0
2843,3.030,3.030,2.735,0.104,0.002,0.189,1,0.000,0.000,0.000,0,696,0,0
2844,3.861,3.861,3.551,0.107,0.005,0.198,1,0.000,0.000,0.000,0,692,0,0
2845,3.525,3.525,3.142,0.104,0.004,0.275,1,0.000,0.000,0.000,0,692,0,0
2846,3.108,3.108,2.833,0.102,0.003,0.170,1,0.000,0.000,0.000,0,692,0,0
2847,3.035,3.035,2.762,0.103,0.003,0.166,1,0.000,0.000,0.000,0,692,0,0
2848,3.089,3.089,2.765,0.102,0.003,0.219,1,0.000,0.000,0.000,0,692,0,0
2849,2.998,2.998,2.710,0.102,0.003,0.184,1,0.000,0.000,0.000,0,692,0,0
2850,3.048,3.048,2.760,0.104,0.002,0.182,1,0.000,0.000,0.000,0,692,0,0
2851,3.071,3.071,2.727,0.103,0.003,0.238,1,0.000,0.000,0.000,0,692,0,0
2852,3.067,3.067,2.779,0.103,0.002,0.183,1,0.000,0.000,0.000,0,692,0,0
2853,3.008,3.008,2.704,0.103,0.002,0.198,1,0.000,0.000,0.000,0,692,0,0
2854,3.042,3.042,2.717,0.102,0.003,0.220,1,0.000,0.000,0.000,0,692,0,0
2855,2.993,2.993,2.719,0.103,0.002,0.169,1,0.000,0.000,0.000,0,692,0,0
2856,2.978,2.978,2.706,0.102,0.002,0.168,1,0.000,0.000,0.000,0,692,0,0
2857,3.054,3.054,2.726,0.103,0.003,0.223,1,0.000,0.000,0.000,0,692,0,0
2858,2.965,2.965,2.694,0.102,0.002,0.166,1,0.000,0.000,0.000,0,692,0,0
2859,2.959,2.959,2.689,0.102,0.003,0.166,1,0.000,0.000,0.000,0,692,0,0
2860,3.125,3.125,2.792,0.103,0.002,0.227,1,0.000,0.000,0.000,0,692,0,0
2861,3.039,3.039,2.752,0.103,0.003,0.182,1,0.000,0.000,0.000,0,692,0,0
2862,3.004,3.004,2.716,0.102,0.003,0.183,1,0.000,0.000,0.000,0,692,0,0
2863,3.073,3.073,2.715,0.102,0.003,0.254,1,0.000,0.000,0.000,0,692,0,0
2864,3.793,3.793,3.407,0.176,0.006,0.204,1,0.000,0.000,0.000,0,692,1,0
2865,4.670,4.670,4.355,0.114,0.004,0.197,1,0.000,0.000,0.000,0,692,0,0
2866,3.487,3.487,3.135,0.102,0.003,0.247,1,0.000,0.000,0.000,0,692,0,0
2867,3.141,3.141,2.863,0.103,0.003,0.173,1,0.000,0.000,0.000,0,692,0,0
2868,3.038,3.038,2.745,0.102,0.002,0.189,1,0.000,0.000,0.000,0,692,0,0
2869,3.628,3.628,3.299,0.103,0.003,0.223,1,0.000,0.000,0.000,0,692,0,0
2870,3.022,3.022,2.727,0.124,0.003,0.167,1,0.000,0.000,0.000,0,692,0,0
2871,2.980,2.980,2.707,0.102,0.003,0.168,1,0.000,0.000,0.000,0,692,0,0
2872,3.118,3.118,2.770,0.126,0.003,0.219,1,0.000,0.000,0.000,0,692,0,0
2873,2.984,2.984,2.711,0.102,0.002,0.169,1,0.000,0.000,0.000,0,692,0,0
2874,2.971,2.971,2.698,0.101,0.002,0.168,1,0.000,0.000,0.000,0,692,0,0
2875,3.216,3.216,2.863,0.102,0.002,0.249,1,0.000,0.000,0.000,0,692,0,0
2876,3.088,3.088,2.756,0.103,0.003,0.226,1,0.000,0.000,0.000,0,692,0,0
2877,3.052,3.052,2.723,0.101,0.002,0.225,1,0.000,0.000,0.000,0,692,0,0
2878,3.135,3.135,2.738,0.102,0.003,0.292,1,0.000,0.000,0.000,0,692,0,0
2879,3.155,3.155,2.828,0.103,0.003,0.221,1,0.000,0.000,0.000,0,692,0,0
2880,3.042,3.042,2.718,0.102,0.003,0.221,1,0.000,0.000,0.000,0,692,0,0
2881,3.157,3.157,2.747,0.103,0.002,0.304,1,0.000,0.000,0.000,0,692,0,0
2882,3.030,3.030,2.703,0.103,0.002,0.222,1,0.000,0.000,0.000,0,692,0,0
2883,3.107,3.107,2.770,0.103,0.003,0.232,1,0.000,0.000,0.000,0,692,0,0
2884,3.109,3.109,2.725,0.103,0.003,0.278,1,0.000,0.000,0.000,0,692,0,0
2885,3.040,3.040,2.728,0.102,0.003,0.207,1,0.000,0.000,0.000,0,692,0,0
2886,3.056,3.056,2.751,0.103,0.003,0.200,1,0.000,0.000,0.000,0,692,0,0
2887,3.093,3.093,2.743,0.103,0.003,0.244,1,0.000,0.000,0.000,0,692,0,0
2888,3.009,3.009,2.717,0.104,0.003,0.186,1,0.000,0.000,0.000,0,692,0,0
2889,2.947,2.947,2.690,0.103,0.003,0.151,1,0.000,0.000,0.000,0,692,0,0
2890,3.054,3.054,2.774,0.103,0.003,0.175,1,0.000,0.000,0.000,0,692,0,0
2891,3.068,3.068,2.775,0.103,0.003,0.187,1,0.000,0.000,0.000,0,692,0,0
2892,3.001,3.001,2.727,0.103,0.002,0.168,1,0.000,0.000,0.000,0,692,0,0
2893,3.030,3.030,2.707,0.103,0.003,0.218,1,0.000,0.000,0.000,0,692,0,0
2894,2.966,2.966,2.692,0.103,0.003,0.169,1,0.000,0.000,0.000,0,692,0,0
2895,3.009,3.009,2.740,0.102,0.003,0.164,1,0.000,0.000,0.000,0,692,0,0
2896,2.990,2.990,2.692,0.101,0.003,0.194,1,0.000,0.000,0.000,0,692,0,0
2897,2.939,2.939,2.687,0.102,0.003,0.147,1,0.000,0.000,0.000,0,692,0,0
2898,3.028,3.028,2.779,0.103,0.002,0.144,1,0.000,0.000,0.000,0,692,0,0
2899,3.010,3.010,2.722,0.103,0.003,0.182,1,0.000,0.000,0.000,0,692,0,0
2900,2.927,2.927,2.690,0.101,0.002,0.133,1,0.000,0.000,0.000,0,692,0,0
2901,2.992,2.992,2.713,0.102,0.003,0.175,1,0.000,0.000,0.000,0,692,0,0
2902,2.908,2.908,2.670,0.103,0.003,0.132,1,0.000,0.000,0.000,0,692,0,0
2903,2.941,2.941,2.703,0.103,0.002,0.132,1,0.000,0.000,0.000,0,692,0,0
2904,2.972,2.972,2.692,0.103,0.003,0.174,1,0.000,0.000,0.000,0,692,0,0
2905,3.031,3.031,2.803,0.102,0.003,0.123,1,0.000,0.000,0.000,0,692,0,0
2906,3.047,3.047,2.757,0.101,0.003,0.187,1,0.000,0.000,0.000,0,692,0,0
2907,3.026,3.026,2.708,0.102,0.003,0.213,1,0.000,0.000,0.000,0,692,0,0
2908,2.995,2.995,2.729,0.102,0.003,0.161,1,0.000,0.000,0.000,0,692,0,0
2909,2.983,2.983,2.718,0.102,0.003,0.160,1,0.000,0.000,0.000,0,692,0,0
2910,3.014,3.014,2.697,0.101,0.002,0.213,1,0.000,0.000,0.000,0,692,0,0
2911,2.988,2.988,2.724,0.101,0.003,0.160,1,0.000,0.000,0.000,0,692,0,0
2912,2.973,2.973,2.709,0.102,0.002,0.159,1,0.000,0.000,0.000,0,692,0,0
2913,3.084,3.084,2.778,0.102,0.002,0.201,1,0.000,0.000,0.000,0,692,0,0
2914,2.967,2.967,2.692,0.101,0.003,0.171,1,0.000,0.000,0.000,0,692,0,0
2915,2.940,2.940,2.706,0.103,0.003,0.129,1,0.000,0.000,0.000,0,692,0,0
2916,2.966,2.966,2.693,0.102,0.003,0.169,1,0.000,0.000,0.000,0,692,0,0
2917,2.926,2.926,2.692,0.104,0.003,0.128,1,0.000,0.000,0.000,0,700,0,0
2918,2.940,2.940,2.705,0.104,0.003,0.129,1,0.000,0.000,0.000,0,700,0,0
2919,2.970,2.970,2.694,0.103,0.003,0.170,1,0.000,0.000,0.000,0,700,0,0
2920,2.952,2.952,2.718,0.104,0.002,0.128,1,0.000,0.000,0.000,0,700,0,0
2921,3.032,3.032,2.778,0.104,0.002,0.148,1,0.000,0.000,0.000,0,700,0,0
2922,3.025,3.025,2.725,0.104,0.002,0.193,1,0.000,0.000,0.000,0,700,0,0
2923,2.955,2.955,2.705,0.103,0.003,0.144,1,0.000,0.000,0.000,0,700,0,0
2924,2.937,2.937,2.688,0.103,0.003,0.144,1,0.000,0.000,0.000,0,700,0,0
2925,3.043,3.043,2.745,0.104,0.003,0.191,1,0.000,0.000,0.000,0,700,0,0
2926,2.980,2.980,2.729,0.104,0.003,0.144,1,0.000,0.000,0.000,0,700,0,0
2927,2.939,2.939,2.705,0.104,0.003,0.127,1,0.000,0.000,0.000,0,700,0,0
2928,3.061,3.061,2.809,0.104,0.002,0.146,1,0.000,0.000,0.000,0,700,0,0
2929,2.933,2.933,2.697,0.103,0.003,0.130,1,0.000,0.000,0.000,0,700,0,0
2930,2.910,2.910,2.692,0.104,0.003,0.111,1,0.000,0.000,0.000,0,700,0,0
2931,2.968,2.968,2.715,0.104,0.003,0.147,1,0.000,0.000,0.000,0,700,0,0
2932,2.917,2.917,2.699,0.104,0.002,0.111,1,0.000,0.000,0.000,0,700,0,0
2933,2.900,2.900,2.683,0.103,0.003,0.111,1,0.000,0.000,0.000,0,700,0,0
2934,2.951,2.951,2.700,0.103,0.003,0.146,1,0.000,0.000,0.000,0,700,0,0
2935,2.937,2.937,2.719,0.104,0.002,0.112,1,0.000,0.000,0.000,0,700,0,0
2936,3.050,3.050,2.819,0.103,0.003,0.125,1,0.000,0.000,0.000,0,700,0,0
2937,3.093,3.093,2.757,0.104,0.003,0.229,1,0.000,0.000,0.000,0,700,0,0
2938,2.989,2.989,2.703,0.119,0.003,0.164,1,0.000,0.000,0.000,0,700,0,0
2939,3.061,3.061,2.791,0.104,0.002,0.164,1,0.000,0.000,0.000,0,700,0,0
2940,3.040,3.040,2.717,0.103,0.003,0.216,1,0.000,0.000,0.000,0,700,0,0
2941,2.979,2.979,2.708,0.105,0.003,0.164,1,0.000,0.000,0.000,0,700,0,0
2942,4.772,4.772,4.493,0.112,0.004,0.164,1,0.000,0.000,0.000,0,700,0,0
2943,4.248,4.248,3.929,0.110,0.004,0.205,1,0.000,0.000,0.000,0,700,0,0
2944,3.680,3.680,3.402,0.109,0.004,0.165,1,0.000,0.000,0.000,0,700,0,0
2945,3.623,3.623,3.384,0.107,0.007,0.126,1,0.000,0.000,0.000,0,700,0,0
2946,3.127,3.127,2.869,0.104,0.003,0.151,1,0.000,0.000,0.000,0,700,0,0
2947,3.251,3.251,3.025,0.109,0.004,0.113,1,0.000,0.000,0.000,0,700,0,0
2948,5.107,5.107,4.879,0.109,0.005,0.115,1,0.000,0.000,0.000,0,700,0,0
2949,3.410,3.410,3.155,0.106,0.003,0.146,1,0.000,0.000,0.000,0,700,0,0
2950,3.914,3.914,3.688,0.111,0.006,0.109,1,0.000,0.000,0.000,0,700,0,0
2951,4.207,4.207,4.026,0.106,0.003,0.071,1,0.000,0.000,0.000,0,700,0,0
2952,4.056,4.056,3.523,0.106,0.004,0.423,1,0.000,0.000,0.000,0,700,0,0
2953,4.506,4.506,4.054,0.106,0.003,0.343,1,0.000,0.000,0.000,0,700,0,0
2954,3.238,3.238,2.792,0.104,0.003,0.340,1,0.000,0.000,0.000,0,700,0,0
2955,3.963,3.963,3.200,0.304,0.004,0.455,1,0.000,0.000,0.000,0,700,0,0
2956,4.543,4.543,4.096,0.113,0.003,0.331,1,0.000,0.000,0.000,0,700,0,0
2957,3.717,3.717,3.248,0.107,0.005,0.357,1,0.000,0.000,0.000,0,700,0,0
2958,3.561,3.561,2.999,0.105,0.004,0.454,1,0.000,0.000,0.000,0,700,0,0
2959,4.187,4.187,3.728,0.108,0.005,0.347,1,0.000,0.000,0.000,0,700,0,0
2960,3.472,3.472,3.023,0.104,0.003,0.341,1,0.000,0.000,0.000,0,700,0,0
2961,3.359,3.359,2.823,0.104,0.003,0.429,1,0.000,0.000,0.000,0,700,0,0
2962,3.297,3.297,2.869,0.104,0.003,0.322,1,0.000,0.000,0.000,0,700,0,0
2963,3.184,3.184,2.745,0.104,0.003,0.333,1,0.000,0.000,0.000,0,700,0,0
2964,3.299,3.299,2.765,0.104,0.003,0.427,1,0.000,0.000,0.000,0,700,0,0
2965,3.191,3.191,2.747,0.103,0.003,0.338,1,0.000,0.000,0.000,0,700,0,0
2966,3.148,3.148,2.733,0.104,0.002,0.309,1,0.000,0.000,0.000,0,700,0,0
2967,3.418,3.418,2.890,0.104,0.003,0.422,1,0.000,0.000,0.000,0,700,0,0
2968,3.131,3.131,2.728,0.103,0.003,0.297,1,0.000,0.000,0.000,0,700,0,0
2969,3.186,3.186,2.781,0.104,0.003,0.298,1,0.000,0.000,0.000,0,700,0,0
2970,3.246,3.246,2.746,0.103,0.002,0.394,1,0.000,0.000,0.000,0,700,0,0
2971,3.162,3.162,2.756,0.103,0.003,0.300,1,0.000,0.000,0.000,0,700,0,0
2972,4.404,4.404,4.006,0.105,0.003,0.291,1,0.000,0.000,0.000,0,700,0,0
2973,4.285,4.285,3.755,0.108,0.006,0.417,1,0.000,0.000,0.000,0,700,0,0
2974,3.502,3.502,3.061,0.105,0.003,0.333,1,0.000,0.000,0.000,0,700,0,0
2975,3.247,3.247,2.820,0.105,0.003,0.318,1,0.000,0.000,0.000,0,700,0,0
2976,3.338,3.338,2.832,0.104,0.003,0.400,1,0.000,0.000,0.000,0,700,0,0
2977,3.287,3.287,2.797,0.104,0.003,0.382,1,0.000,0.000,0.000,0,700,0,0
2978,3.286,3.286,2.871,0.105,0.003,0.308,1,0.000,0.000,0.000,0,700,0,0
2979,3.268,3.268,2.763,0.104,0.003,0.398,1,0.000,0.000,0.000,0,700,0,0
2980,3.157,3.157,2.750,0.104,0.003,0.300,1,0.000,0.000,0.000,0,700,0,0
2981,3.528,3.528,3.095,0.115,0.005,0.313,1,0.000,0.000,0.000,0,700,0,0
2982,3.554,3.554,3.025,0.105,0.003,0.420,1,0.000,0.000,0.000,0,700,0,0
2983,3.416,3.416,2.988,0.105,0.003,0.320,1,0.000,0.000,0.000,0,700,0,0
2984,3.845,3.845,3.402,0.114,0.004,0.326,1,0.000,0.000,0.000,0,700,0,0
2985,4.766,4.766,4.240,0.108,0.004,0.414,1,0.000,0.000,0.000,0,700,0,0
2986,4.298,4.298,3.880,0.108,0.003,0.307,1,0.000,0.000,0.000,0,700,0,0
2987,3.687,3.687,3.258,0.104,0.003,0.322,1,0.000,0.000,0.000,0,700,0,0
2988,3.395,3.395,2.865,0.105,0.003,0.422,1,0.000,0.000,0.000,0,700,0,0
2989,3.790,3.790,3.357,0.112,0.005,0.316,1,0.000,0.000,0.000,0,700,0,0
2990,4.431,4.431,3.956,0.137,0.005,0.333,1,0.000,0.000,0.000,0,704,1,0
2991,4.000,4.000,3.471,0.109,0.004,0.416,1,0.000,0.000,0.000,0,704,0,0
2992,4.008,4.008,3.591,0.107,0.004,0.306,1,0.000,0.000,0.000,0,704,0,0
2993,3.590,3.590,3.178,0.106,0.003,0.303,1,0.000,0.000,0.000,0,704,0,0
2994,3.348,3.348,2.840,0.106,0.003,0.400,1,0.000,0.000,0.000,0,704,0,0
2995,3.636,3.636,3.213,0.111,0.004,0.308,1,0.000,0.000,0.000,0,704,0,0
2996,3.370,3.370,2.947,0.107,0.003,0.313,1,0.000,0.000,0.000,0,704,0,0
2997,3.527,3.527,3.000,0.105,0.003,0.419,1,0.000,0.000,0.000,0,704,0,0
2998,3.795,3.795,2.835,0.106,0.003,0.850,1,0.000,0.000,0.000,0,704,0,0
2999,6.124,6.124,5.541,0.107,0.004,0.472,1,0.000,0.000,0.000,0,704,0,0
3000,4.002,4.002,3.513,0.108,0.005,0.376,1,0.000,0.000,0.000,0,704,0,0
3001,3.454,3.454,2.988,0.106,0.003,0.357,1,0.000,0.000,0.000,0,704,0,0
3002,3.401,3.401,2.822,0.105,0.003,0.470,1,0.000,0.000,0.000,0,704,0,0
3003,3.384,3.384,2.921,0.105,0.003,0.356,1,0.000,0.000,0.000,0,704,0,0
3004,3.238,3.238,2.775,0.104,0.003,0.356,1,0.000,0.000,0.000,0,704,0,0
3005,3.478,3.478,2.893,0.104,0.003,0.479,1,0.000,0.000,0.000,0,704,0,0
3006,3.302,3.302,2.835,0.105,0.003,0.359,1,0.000,0.000,0.000,0,704,0,0
3007,3.501,3.501,2.923,0.106,0.003,0.469,1,0.000,0.000,0.000,0,704,0,0
3008,4.790,4.790,4.155,0.106,0.003,0.525,1,0.000,0.000,0.000,0,728,0,0
3009,3.441,3.441,2.936,0.106,0.003,0.397,1,0.000,0.000,0.000,0,752,0,0
3010,4.364,4.364,3.694,0.225,0.005,0.440,1,0.000,0.000,0.000,0,776,0,0
3011,5.493,5.493,4.825,0.110,0.003,0.555,1,0.000,0.000,0.000,0,800,0,0
3012,4.262,4.262,3.741,0.108,0.006,0.407,1,0.000,0.000,0.000,0,824,0,0
3013,4.247,4.247,3.763,0.108,0.004,0.373,1,0.000,0.000,0.000,0,848,0,0
3014,3.639,3.639,3.082,0.107,0.003,0.447,1,0.000,0.000,0.000,0,872,0,0
3015,3.441,3.441,2.990,0.106,0.003,0.341,1,0.000,0.000,0.000,0,896,0,0
3016,5.353,5.353,4.928,0.107,0.004,0.314,1,0.000,0.000,0.000,0,920,0,0
3017,3.987,3.987,3.458,0.107,0.003,0.418,1,0.000,0.000,0.000,0,944,0,0
3018,3.621,3.621,3.207,0.108,0.003,0.303,1,0.000,0.000,0.000,0,968,0,0
3019,4.283,4.283,3.885,0.109,0.004,0.286,1,0.000,0.000,0.000,0,992,0,0
3020,3.868,3.868,3.434,0.108,0.003,0.324,1,0.000,0.000,0.000,0,1016,0,0
3021,4.068,4.068,3.710,0.113,0.004,0.242,1,0.000,0.000,0.000,0,1040,0,0
3022,3.697,3.697,3.343,0.108,0.004,0.243,1,0.000,0.000,0.000,0,1064,0,0
3023,4.057,4.057,3.630,0.110,0.003,0.312,1,0.000,0.000,0.000,0,1080,0,0
3024,5.715,5.715,5.324,0.112,0.006,0.274,1,0.000,0.000,0.000,0,1456,0,0
3025,4.062,4.062,3.677,0.113,0.004,0.268,1,0.000,0.000,0.000,0,1456,0,0
3026,3.957,3.957,3.482,0.114,0.004,0.358,1,0.000,0.000,0.000,0,1456,0,0
3027,4.557,4.557,4.180,0.113,0.003,0.261,1,0.000,0.000,0.000,0,1456,0,0
3028,4.235,4.235,3.820,0.112,0.003,0.300,1,0.000,0.000,0.000,0,1456,0,0
3029,3.833,3.833,3.388,0.111,0.003,0.331,1,0.000,0.000,0.000,0,1456,0,0
3030,4.197,4.197,3.831,0.111,0.003,0.252,1,0.000,0.000,0.000,0,1456,0,0
3031,3.658,3.658,3.295,0.111,0.003,0.249,1,0.000,0.000,0.000,0,1456,0,0
3032,3.729,3.729,3.288,0.112,0.002,0.327,1,0.000,0.000,0.000,0,1456,0,0
3033,4.781,4.781,4.342,0.113,0.004,0.323,1,0.000,0.000,0.000,0,1456,0,0
3034,3.901,3.901,3.466,0.111,0.003,0.321,1,0.000,0.000,0.000,0,1456,0,0
3035,5.913,5.913,5.397,0.120,0.004,0.392,1,0.000,0.000,0.000,0,1456,0,0
3036,4.321,4.321,3.892,0.113,0.005,0.311,1,0.000,0.000,0.000,0,1456,0,0
3037,3.800,3.800,3.397,0.111,0.003,0.289,1,0.000,0.000,0.000,0,1456,0,0
3038,4.320,4.320,3.840,0.112,0.003,0.365,1,0.000,0.000,0.000,0,1456,0,0
3039,3.643,3.643,3.251,0.111,0.003,0.278,1,0.000,0.000,0.000,0,1456,0,0
3040,3.532,3.532,3.127,0.109,0.002,0.293,1,0.000,0.000,0.000,0,1456,0,0
3041,4.207,4.207,3.709,0.111,0.003,0.384,1,0.000,0.000,0.000,0,1456,0,0
3042,3.557,3.557,3.166,0.110,0.003,0.279,1,0.000,0.000,0.000,0,1456,0,0
3043,3.696,3.696,3.266,0.109,0.003,0.319,1,0.000,0.000,0.000,0,1456,0,0
3044,4.219,4.219,3.712,0.111,0.003,0.393,1,0.000,0.000,0.000,0,1456,0,0
3045,3.612,3.612,3.206,0.110,0.003,0.293,1,0.000,0.000,0.000,0,1456,0,0
3046,3.622,3.622,3.217,0.111,0.003,0.292,1,0.000,0.000,0.000,0,1456,0,0
3047,4.932,4.932,4.433,0.116,0.006,0.377,1,0.000,0.000,0.000,0,1456,0,0
3048,5.160,5.160,4.769,0.111,0.003,0.276,1,0.000,0.000,0.000,0,1456,0,0
3049,4.193,4.193,3.795,0.118,0.005,0.275,1,0.000,0.000,0.000,0,1456,0,0
3050,4.247,4.247,3.793,0.112,0.005,0.338,1,0.000,0.000,0.000,0,1456,0,0
3051,3.546,3.546,3.207,0.110,0.003,0.226,1,0.000,0.000,0.000,0,1456,0,0
3052,4.022,4.022,3.684,0.113,0.004,0.221,1,0.000,0.000,0.000,0,1456,0,0
3053,3.818,3.818,3.452,0.113,0.004,0.249,1,0.000,0.000,0.000,0,1456,0,0
3054,3.511,3.511,3.234,0.112,0.003,0.162,1,0.000,0.000,0.000,0,1456,0,0
3055,3.498,3.498,3.222,0.112,0.003,0.162,1,0.000,0.000,0.000,0,1456,0,0
3056,3.865,3.865,3.520,0.117,0.004,0.224,1,0.000,0.000,0.000,0,1456,0,0
3057,3.603,3.603,3.302,0.111,0.003,0.186,1,0.000,0.000,0.000,0,1456,0,0
3058,4.285,4.285,3.968,0.119,0.004,0.194,1,0.000,0.000,0.000,0,1456,0,0
3059,3.862,3.862,3.438,0.111,0.003,0.309,1,0.000,0.000,0.000,0,1456,0,0
3060,3.617,3.617,3.292,0.111,0.003,0.212,1,0.000,0.000,0.000,0,1456,0,0
3061,3.468,3.468,3.169,0.109,0.004,0.185,1,0.000,0.000,0.000,0,1456,0,0
3062,3.503,3.503,3.143,0.111,0.003,0.246,1,0.000,0.000,0.000,0,1456,0,0
3063,3.438,3.438,3.141,0.110,0.003,0.184,1,0.000,0.000,0.000,0,1456,0,0
3064,3.413,3.413,3.113,0.111,0.003,0.186,1,0.000,0.000,0.000,0,1456,0,0
3065,4.175,4.175,3.765,0.145,0.009,0.256,1,0.000,0.000,0.000,0,1456,1,0
3066,3.729,3.729,3.399,0.112,0.004,0.214,1,0.000,0.000,0.000,0,1456,0,0
3067,3.986,3.986,3.732,0.114,0.004,0.135,1,0.000,0.000,0.000,0,1456,0,0
3068,4.125,4.125,3.829,0.113,0.003,0.180,1,0.000,0.000,0.000,0,1456,0,0
3069,4.160,4.160,3.903,0.113,0.004,0.140,1,0.000,0.000,0.000,0,1456,0,0
3070,3.522,3.522,3.274,0.112,0.003,0.133,1,0.000,0.000,0.000,0,1456,0,0
3071,4.907,4.907,4.608,0.113,0.005,0.182,1,0.000,0.000,0.000,0,1456,0,0
3072,5.056,5.056,4.765,0.121,0.003,0.167,1,0.000,0.000,0.000,0,1456,0,0
3073,4.985,4.985,4.672,0.114,0.005,0.193,1,0.000,0.000,0.000,0,1456,0,0
3074,4.212,4.212,3.742,0.111,0.003,0.356,1,0.000,0.000,0.000,0,1456,0,0
3075,3.710,3.710,3.316,0.111,0.003,0.280,1,0.000,0.000,0.000,0,1456,0,0
3076,4.094,4.094,3.744,0.112,0.003,0.236,1,0.000,0.000,0.000,0,1456,0,0
3077,3.607,3.607,3.183,0.111,0.003,0.310,1,0.000,0.000,0.000,0,1456,0,0
3078,3.461,3.461,3.100,0.110,0.003,0.248,1,0.000,0.000,0.000,0,1456,0,0
3079,4.646,4.646,4.259,0.113,0.004,0.270,1,0.000,0.000,0.000,0,1456,0,0
3080,3.767,3.767,3.303,0.107,0.004,0.352,1,0.000,0.000,0.000,0,704,0,0
3081,3.310,3.310,2.952,0.106,0.003,0.250,1,0.000,0.000,0.000,0,704,0,0
3082,3.685,3.685,3.337,0.107,0.003,0.239,1,0.000,0.000,0.000,0,704,0,0
3083,3.440,3.440,2.816,0.106,0.003,0.516,1,0.000,0.000,0.000,0,704,0,0
3084,3.611,3.611,3.253,0.110,0.004,0.242,1,0.000,0.000,0.000,0,704,0,0
3085,4.212,4.212,3.840,0.108,0.004,0.259,1,0.000,0.000,0.000,0,704,0,0
3086,3.292,3.292,2.872,0.105,0.003,0.311,1,0.000,0.000,0.000,0,704,0,0
3087,3.190,3.190,2.844,0.106,0.002,0.238,1,0.000,0.000,0.000,0,704,0,0
3088,3.511,3.511,3.149,0.106,0.002,0.254,1,0.000,0.000,0.000,0,704,0,0
3089,4.307,4.307,3.818,0.109,0.006,0.374,1,0.000,0.000,0.000,0,704,0,0
3090,3.248,3.248,2.908,0.106,0.003,0.232,1,0.000,0.000,0.000,0,704,0,0
3091,4.418,4.418,4.071,0.108,0.004,0.235,1,0.000,0.000,0.000,0,704,0,0
3092,3.807,3.807,3.346,0.169,0.003,0.289,1,0.000,0.000,0.000,0,704,0,0
3093,3.399,3.399,3.045,0.106,0.005,0.243,1,0.000,0.000,0.000,0,704,0,0
3094,3.159,3.159,2.821,0.105,0.003,0.230,1,0.000,0.000,0.000,0,704,0,0
3095,3.813,3.813,3.403,0.105,0.003,0.302,1,0.000,0.000,0.000,0,704,0,0
3096,3.366,3.366,3.014,0.106,0.003,0.244,1,0.000,0.000,0.000,0,704,0,0
3097,3.144,3.144,2.789,0.105,0.003,0.248,1,0.000,0.000,0.000,0,704,0,0
3098,3.939,3.939,3.521,0.105,0.003,0.310,1,0.000,0.000,0.000,0,700,0,0
3099,3.777,3.777,3.429,0.104,0.003,0.240,1,0.000,0.000,0.000,0,704,0,0
3100,3.950,3.950,3.523,0.108,0.005,0.314,1,0.000,0.000,0.000,0,704,0,0
3101,3.758,3.758,3.289,0.246,0.003,0.220,1,0.000,0.000,0.000,0,704,0,0
3102,3.443,3.443,3.089,0.107,0.003,0.244,1,0.000,0.000,0.000,0,704,0,0
3103,3.321,3.321,2.914,0.105,0.003,0.298,1,0.000,0.000,0.000,0,704,0,0
3104,3.241,3.241,2.854,0.107,0.003,0.277,1,0.000,0.000,0.000,0,704,0,0
3105,3.410,3.410,3.039,0.111,0.004,0.255,1,0.000,0.000,0.000,0,704,0,0
3106,3.349,3.349,2.900,0.106,0.003,0.340,1,0.000,0.000,0.000,0,704,0,0
3107,3.123,3.123,2.769,0.104,0.003,0.248,1,0.000,0.000,0.000,0,704,0,0
3108,3.115,3.115,2.761,0.106,0.003,0.246,1,0.000,0.000,0.000,0,704,0,0
3109,3.175,3.175,2.742,0.106,0.003,0.325,1,0.000,0.000,0.000,0,704,0,0
3110,4.172,4.172,3.816,0.105,0.003,0.248,1,0.000,0.000,0.000,0,704,0,0
3111,3.137,3.137,2.804,0.105,0.002,0.226,1,0.000,0.000,0.000,0,704,0,0
3112,3.194,3.194,2.768,0.105,0.003,0.319,1,0.000,0.000,0.000,0,704,0,0
3113,3.088,3.088,2.748,0.105,0.003,0.232,1,0.000,0.000,0.000,0,704,0,0
3114,3.099,3.099,2.754,0.104,0.002,0.238,1,0.000,0.000,0.000,0,704,0,0
3115,3.152,3.152,2.737,0.104,0.003,0.308,1,0.000,0.000,0.000,0,704,0,0
3116,3.263,3.263,2.906,0.107,0.003,0.248,1,0.000,0.000,0.000,0,728,0,0
3117,3.201,3.201,2.842,0.105,0.003,0.251,1,0.000,0.000,0.000,0,752,0,0
3118,3.295,3.295,2.859,0.105,0.003,0.328,1,0.000,0.000,0.000,0,768,0,0
3119,3.715,3.715,3.300,0.106,0.007,0.301,1,0.000,0.000,0.000,0,792,0,0
3120,4.928,4.928,4.514,0.110,0.004,0.300,1,0.000,0.000,0.000,0,816,0,0
3121,3.885,3.885,3.354,0.107,0.004,0.420,1,0.000,0.000,0.000,0,840,0,0
3122,3.399,3.399,2.982,0.106,0.003,0.307,1,0.000,0.000,0.000,0,864,0,0
3123,3.343,3.343,2.931,0.104,0.003,0.305,1,0.000,0.000,0.000,0,888,0,0
3124,3.583,3.583,2.996,0.106,0.003,0.478,1,0.000,0.000,0.000,0,912,0,0
3125,4.381,4.381,3.959,0.109,0.004,0.308,1,0.000,0.000,0.000,0,936,0,0
3126,4.179,4.179,3.615,0.111,0.004,0.449,1,0.000,0.000,0.000,0,960,0,0
3127,4.935,4.935,4.348,0.120,0.006,0.461,1,0.000,0.000,0.000,0,984,0,0
3128,4.361,4.361,3.915,0.108,0.010,0.328,1,0.000,0.000,0.000,0,1008,0,0
3129,3.710,3.710,3.275,0.108,0.004,0.323,1,0.000,0.000,0.000,0,1032,0,0
3130,3.783,3.783,3.254,0.109,0.003,0.417,1,0.000,0.000,0.000,0,1036,0,0
3131,3.453,3.453,2.991,0.108,0.003,0.351,1,0.000,0.000,0.000,0,1036,0,0
3132,3.374,3.374,2.958,0.107,0.003,0.305,1,0.000,0.000,0.000,0,1036,0,0
3133,3.443,3.443,2.951,0.106,0.003,0.384,1,0.000,0.000,0.000,0,1036,0,0
3134,3.508,3.508,3.131,0.107,0.003,0.268,1,0.000,0.000,0.000,0,1036,0,0
3135,3.401,3.401,2.981,0.107,0.003,0.310,1,0.000,0.000,0.000,0,1036,0,0
3136,3.504,3.504,3.003,0.107,0.003,0.391,1,0.000,0.000,0.000,0,1036,0,0
3137,3.817,3.817,3.060,0.454,0.003,0.301,1,0.000,0.000,0.000,0,1036,0,0
3138,4.285,4.285,3.873,0.110,0.004,0.298,1,0.000,0.000,0.000,0,1036,0,0
3139,3.596,3.596,3.117,0.107,0.003,0.369,1,0.000,0.000,0.000,0,1036,0,0
3140,4.043,4.043,3.621,0.132,0.003,0.286,1,0.000,0.000,0.000,0,1036,0,0
3141,3.365,3.365,2.990,0.108,0.003,0.265,1,0.000,0.000,0.000,0,1036,0,0
3142,3.544,3.544,3.099,0.106,0.003,0.337,1,0.000,0.000,0.000,0,1036,0,0
3143,4.231,4.231,3.847,0.109,0.005,0.270,1,0.000,0.000,0.000,0,1032,0,0
3144,3.695,3.695,3.249,0.108,0.004,0.336,1,0.000,0.000,0.000,0,1032,0,0
3145,4.461,4.461,4.005,0.110,0.004,0.343,1,0.000,0.000,0.000,0,1032,0,0
3146,5.980,5.980,5.582,0.114,0.003,0.281,1,0.000,0.000,0.000,0,1416,0,0
3147,4.435,4.435,4.004,0.115,0.005,0.310,1,0.000,0.000,0.000,0,1520,0,0
3148,3.980,3.980,3.479,0.112,0.004,0.385,1,0.000,0.000,0.000,0,1520,0,0
3149,3.801,3.801,3.417,0.112,0.004,0.268,1,0.000,0.000,0.000,0,1520,0,0
3150,3.860,3.860,3.414,0.112,0.003,0.331,1,0.000,0.000,0.000,0,1520,0,0
3151,4.117,4.117,3.621,0.114,0.003,0.379,1,0.000,0.000,0.000,0,1520,0,0
3152,3.785,3.785,3.404,0.113,0.003,0.265,1,0.000,0.000,0.000,0,1520,0,0
3153,3.637,3.637,3.259,0.112,0.003,0.263,1,0.000,0.000,0.000,0,1520,0,0
3154,5.177,5.177,4.663,0.149,0.004,0.361,1,0.000,0.000,0.000,0,1520,1,0
3155,4.285,4.285,3.889,0.117,0.005,0.275,1,0.000,0.000,0.000,0,1520,0,0
3156,6.343,6.343,5.380,0.114,0.003,0.846,1,0.000,0.000,0.000,0,1520,0,0
3157,4.609,4.609,4.125,0.117,0.006,0.361,1,0.000,0.000,0.000,0,1520,0,0
3158,4.401,4.401,4.022,0.114,0.005,0.260,1,0.000,0.000,0.000,0,1520,0,0
3159,4.353,4.353,3.987,0.115,0.004,0.247,1,0.000,0.000,0.000,0,1520,0,0
3160,3.862,3.862,3.434,0.113,0.003,0.313,1,0.000,0.000,0.000,0,1520,0,0
3161,4.539,4.539,4.142,0.115,0.004,0.278,1,0.000,0.000,0.000,0,1520,0,0
3162,3.900,3.900,3.500,0.114,0.004,0.282,1,0.000,0.000,0.000,0,1520,0,0
3163,3.725,3.725,3.251,0.113,0.003,0.357,1,0.000,0.000,0.000,0,1520,0,0
3164,3.617,3.617,3.251,0.113,0.003,0.250,1,0.000,0.000,0.000,0,1520,0,0
3165,3.649,3.649,3.265,0.113,0.002,0.269,1,0.000,0.000,0.000,0,1520,0,0
3166,3.618,3.618,3.172,0.113,0.003,0.331,1,0.000,0.000,0.000,0,1520,0,0
3167,3.645,3.645,3.282,0.113,0.002,0.248,1,0.000,0.000,0.000,0,1520,0,0
3168,3.516,3.516,3.169,0.111,0.002,0.233,1,0.000,0.000,0.000,0,1520,0,0
3169,3.624,3.624,3.199,0.114,0.002,0.309,1,0.000,0.000,0.000,0,1520,0,0
3170,5.405,5.405,5.043,0.118,0.006,0.238,1,0.000,0.000,0.000,0,1520,0,0
3171,3.941,3.941,3.615,0.113,0.004,0.208,1,0.000,0.000,0.000,0,1520,0,0
3172,3.664,3.664,3.302,0.113,0.003,0.246,1,0.000,0.000,0.000,0,1520,0,0
3173,3.824,3.824,3.512,0.123,0.004,0.185,1,0.000,0.000,0.000,0,1520,0,0
3174,3.871,3.871,3.585,0.116,0.003,0.167,1,0.000,0.000,0.000,0,1520,0,0
3175,3.823,3.823,3.433,0.168,0.003,0.219,1,0.000,0.000,0.000,0,1520,0,0
3176,3.864,3.864,3.553,0.113,0.005,0.194,1,0.000,0.000,0.000,0,1520,0,0
3177,4.217,4.217,3.913,0.115,0.005,0.185,1,0.000,0.000,0.000,0,1520,0,0
3178,3.639,3.639,3.293,0.114,0.004,0.229,1,0.000,0.000,0.000,0,1520,0,0
3179,3.644,3.644,3.350,0.115,0.003,0.176,1,0.000,0.000,0.000,0,1520,0,0
3180,4.368,4.368,4.047,0.115,0.004,0.201,1,0.000,0.000,0.000,0,1520,0,0
3181,4.923,4.923,4.506,0.115,0.003,0.299,1,0.000,0.000,0.000,0,1520,0,0
3182,4.001,4.001,3.665,0.116,0.005,0.216,1,0.000,0.000,0.000,0,1520,0,0
3183,3.615,3.615,3.297,0.113,0.003,0.202,1,0.000,0.000,0.000,0,1520,0,0
3184,3.693,3.693,3.286,0.112,0.003,0.293,1,0.000,0.000,0.000,0,1520,0,0
3185,3.544,3.544,3.208,0.113,0.003,0.220,1,0.000,0.000,0.000,0,1520,0,0
3186,3.515,3.515,3.158,0.113,0.003,0.241,1,0.000,0.000,0.000,0,1520,0,0
3187,3.678,3.678,3.281,0.113,0.002,0.281,1,0.000,0.000,0.000,0,1520,0,0
3188,3.588,3.588,3.237,0.112,0.003,0.237,1,0.000,0.000,0.000,0,1520,0,0
3189,3.458,3.458,3.175,0.113,0.003,0.168,1,0.000,0.000,0.000,0,1520,0,0
3190,3.500,3.500,3.168,0.111,0.003,0.219,1,0.000,0.000,0.000,0,1520,0,0
3191,3.439,3.439,3.157,0.113,0.003,0.166,1,0.000,0.000,0.000,0,1520,0,0
3192,3.476,3.476,3.191,0.114,0.003,0.169,1,0.000,0.000,0.000,0,1520,0,0
3193,4.120,4.120,3.766,0.126,0.004,0.224,1,0.000,0.000,0.000,0,1520,0,0
3194,5.101,5.101,4.822,0.119,0.003,0.157,1,0.000,0.000,0.000,0,1520,0,0
3195,4.660,4.660,4.356,0.119,0.005,0.180,1,0.000,0.000,0.000,0,1520,0,0
3196,4.167,4.167,3.732,0.113,0.003,0.318,1,0.000,0.000,0.000,0,1520,0,0
3197,3.655,3.655,3.314,0.115,0.003,0.224,1,0.000,0.000,0.000,0,1520,0,0
3198,3.659,3.659,3.289,0.112,0.003,0.255,1,0.000,0.000,0.000,0,1520,0,0
3199,3.701,3.701,3.187,0.111,0.003,0.400,1,0.000,0.000,0.000,0,1520,0,0
3200,3.655,3.655,3.238,0.113,0.003,0.300,1,0.000,0.000,0.000,0,1520,0,0
3201,3.701,3.701,3.188,0.114,0.003,0.397,1,0.000,0.000,0.000,0,1520,0,0
3202,3.573,3.573,3.158,0.113,0.002,0.299,1,0.000,0.000,0.000,0,1520,0,0
3203,3.620,3.620,3.210,0.111,0.003,0.297,1,0.000,0.000,0.000,0,1520,0,0
3204,3.710,3.710,3.218,0.113,0.002,0.377,1,0.000,0.000,0.000,0,1520,0,0
3205,3.570,3.570,3.170,0.113,0.003,0.284,1,0.000,0.000,0.000,0,1520,0,0
3206,4.318,4.318,3.900,0.118,0.005,0.295,1,0.000,0.000,0.000,0,1520,0,0
3207,5.383,5.383,4.852,0.122,0.005,0.404,1,0.000,0.000,0.000,0,1528,0,0
3208,4.838,4.838,4.363,0.120,0.007,0.348,1,0.000,0.000,0.000,0,1480,0,0
3209,3.772,3.772,3.342,0.114,0.004,0.311,1,0.000,0.000,0.000,0,1480,0,0
3210,3.977,3.977,3.441,0.114,0.003,0.419,1,0.000,0.000,0.000,0,1480,0,0
3211,3.698,3.698,3.231,0.147,0.003,0.317,1,0.000,0.000,0.000,0,1480,1,0
3212,3.616,3.616,3.219,0.116,0.003,0.278,1,0.000,0.000,0.000,0,1480,0,0
3213,3.716,3.716,3.220,0.113,0.003,0.380,1,0.000,0.000,0.000,0,1480,0,0
3214,3.594,3.594,3.184,0.114,0.003,0.293,1,0.000,0.000,0.000,0,1480,0,0
3215,3.702,3.702,3.291,0.115,0.003,0.293,1,0.000,0.000,0.000,0,1480,0,0
3216,3.729,3.729,3.223,0.115,0.003,0.387,1,0.000,0.000,0.000,0,1480,0,0
3217,3.566,3.566,3.157,0.114,0.003,0.291,1,0.000,0.000,0.000,0,1480,0,0
3218,3.649,3.649,3.272,0.114,0.003,0.260,1,0.000,0.000,0.000,0,1480,0,0
3219,4.595,4.595,4.117,0.119,0.007,0.352,1,0.000,0.000,0.000,0,1480,0,0
3220,6.802,6.802,6.362,0.119,0.004,0.318,1,0.000,0.000,0.000,0,1480,0,0
3221,3.995,3.995,3.620,0.116,0.004,0.255,1,0.000,0.000,0.000,0,1480,0,0
3222,3.741,3.741,3.300,0.115,0.003,0.323,1,0.000,0.000,0.000,0,1480,0,0
3223,3.944,3.944,3.580,0.113,0.003,0.248,1,0.000,0.000,0.000,0,1480,0,0
3224,4.490,4.490,4.103,0.117,0.008,0.262,1,0.000,0.000,0.000,0,1480,0,0
3225,3.833,3.833,3.404,0.114,0.003,0.311,1,0.000,0.000,0.000,0,1480,0,0
3226,3.672,3.672,3.273,0.115,0.003,0.281,1,0.000,0.000,0.000,0,1480,0,0
3227,3.575,3.575,3.200,0.115,0.003,0.258,1,0.000,0.000,0.000,0,1480,0,0
3228,3.786,3.786,3.254,0.113,0.003,0.416,1,0.000,0.000,0.000,0,1480,0,0
3229,3.679,3.679,3.220,0.114,0.003,0.342,1,0.000,0.000,0.000,0,1480,0,0
3230,4.210,4.210,3.628,0.115,0.004,0.462,1,0.000,0.000,0.000,0,1480,0,0
3231,3.911,3.911,3.347,0.114,0.004,0.446,1,0.000,0.000,0.000,0,1480,0,0
3232,5.834,5.834,5.380,0.115,0.005,0.333,1,0.000,0.000,0.000,0,1480,0,0
3233,4.026,4.026,3.602,0.115,0.004,0.305,1,0.000,0.000,0.000,0,1480,0,0
3234,3.849,3.849,3.279,0.114,0.003,0.452,1,0.000,0.000,0.000,0,1480,0,0
3235,3.610,3.610,3.169,0.112,0.003,0.325,1,0.000,0.000,0.000,0,1480,0,0
3236,3.596,3.596,3.151,0.114,0.003,0.329,1,0.000,0.000,0.000,0,1480,0,0
3237,3.732,3.732,3.209,0.114,0.002,0.405,1,0.000,0.000,0.000,0,1480,0,0
3238,3.570,3.570,3.144,0.113,0.003,0.310,1,0.000,0.000,0.000,0,1480,0,0
3239,3.701,3.701,3.275,0.115,0.003,0.308,1,0.000,0.000,0.000,0,1480,0,0
3240,3.718,3.718,3.192,0.114,0.003,0.409,1,0.000,0.000,0.000,0,1480,0,0
3241,3.757,3.757,3.293,0.114,0.003,0.348,1,0.000,0.000,0.000,0,1480,0,0
3242,3.633,3.633,3.157,0.114,0.003,0.360,1,0.000,0.000,0.000,0,1480,0,0
3243,4.397,4.397,3.613,0.290,0.006,0.487,1,0.000,0.000,0.000,0,1480,0,0
3244,4.613,4.613,4.145,0.117,0.004,0.346,1,0.000,0.000,0.000,0,1480,0,0
3245,4.937,4.937,4.435,0.121,0.006,0.373,1,0.000,0.000,0.000,0,1480,0,0
3246,4.011,4.011,3.447,0.116,0.004,0.444,1,0.000,0.000,0.000,0,1480,0,0
3247,4.317,4.317,3.849,0.114,0.003,0.351,1,0.000,0.000,0.000,0,1480,0,0
3248,3.799,3.799,3.341,0.115,0.003,0.340,1,0.000,0.000,0.000,0,1480,0,0
3249,4.251,4.251,3.570,0.114,0.002,0.566,1,0.000,0.000,0.000,0,1480,0,0
3250,4.408,4.408,3.937,0.116,0.005,0.349,1,0.000,0.000,0.000,0,1480,0,0
3251,3.826,3.826,3.335,0.135,0.003,0.353,1,0.000,0.000,0.000,0,1480,0,0
3252,3.848,3.848,3.281,0.115,0.003,0.450,1,0.000,0.000,0.000,0,1480,0,0
3253,3.778,3.778,3.175,0.114,0.002,0.487,1,0.000,0.000,0.000,0,1480,0,0
3254,3.698,3.698,3.230,0.114,0.003,0.351,1,0.000,0.000,0.000,0,1480,0,0
3255,3.780,3.780,3.200,0.113,0.003,0.464,1,0.000,0.000,0.000,0,1480,0,0
3256,5.539,5.539,5.028,0.141,0.007,0.364,1,0.000,0.000,0.000,0,1480,0,0
3257,4.178,4.178,3.661,0.115,0.005,0.397,1,0.000,0.000,0.000,0,1480,0,0
3258,5.010,5.010,4.387,0.117,0.004,0.502,1,0.000,0.000,0.000,0,1480,0,0
3259,3.899,3.899,3.471,0.115,0.003,0.310,1,0.000,0.000,0.000,0,1480,0,0
3260,3.623,3.623,3.197,0.114,0.003,0.309,1,0.000,0.000,0.000,0,1480,0,0
3261,4.587,4.587,4.047,0.119,0.004,0.416,1,0.000,0.000,0.000,0,1480,0,0
3262,3.758,3.758,3.333,0.115,0.004,0.306,1,0.000,0.000,0.000,0,1480,0,0
3263,3.921,3.921,3.501,0.119,0.003,0.298,1,0.000,0.000,0.000,0,1480,0,0
3264,3.941,3.941,3.429,0.117,0.004,0.392,1,0.000,0.000,0.000,0,1480,0,0
3265,3.596,3.596,3.201,0.114,0.003,0.278,1,0.000,0.000,0.000,0,1480,0,0
3266,4.081,4.081,3.677,0.120,0.003,0.280,1,0.000,0.000,0.000,0,1480,0,0
3267,3.936,3.936,3.436,0.117,0.004,0.380,1,0.000,0.000,0.000,0,1480,0,0
3268,3.647,3.647,3.239,0.115,0.003,0.290,1,0.000,0.000,0.000,0,1480,0,0
3269,4.228,4.228,3.777,0.115,0.003,0.332,1,0.000,0.000,0.000,0,1480,0,0
3270,4.457,4.457,3.912,0.151,0.004,0.390,1,0.000,0.000,0.000,0,1480,1,0
3271,4.555,4.555,4.107,0.117,0.005,0.326,1,0.000,0.000,0.000,0,1480,0,0
3272,4.358,4.358,3.866,0.116,0.004,0.372,1,0.000,0.000,0.000,0,1408,0,0
3273,3.916,3.916,3.353,0.115,0.003,0.445,1,0.000,0.000,0.000,0,1536,0,0
3274,3.718,3.718,3.281,0.116,0.003,0.318,1,0.000,0.000,0.000,0,1536,0,0
3275,3.632,3.632,3.195,0.114,0.002,0.319,1,0.000,0.000,0.000,0,1536,0,0
3276,3.752,3.752,3.213,0.116,0.003,0.421,1,0.000,0.000,0.000,0,1536,0,0
3277,3.643,3.643,3.211,0.116,0.002,0.314,1,0.000,0.000,0.000,0,1536,0,0
3278,4.063,4.063,3.606,0.123,0.005,0.329,1,0.000,0.000,0.000,0,1536,0,0
3279,4.143,4.143,3.557,0.118,0.004,0.464,1,0.000,0.000,0.000,0,1536,0,0
3280,4.311,4.311,3.869,0.127,0.005,0.310,1,0.000,0.000,0.000,0,1536,0,0
3281,4.889,4.889,4.469,0.121,0.004,0.297,1,0.000,0.000,0.000,0,1536,0,0
3282,4.080,4.080,3.561,0.115,0.003,0.401,1,0.000,0.000,0.000,0,1536,0,0
3283,4.337,4.337,3.888,0.122,0.005,0.321,1,0.000,0.000,0.000,0,1536,0,0
3284,3.855,3.855,3.416,0.117,0.004,0.318,1,0.000,0.000,0.000,0,1536,0,0
3285,3.782,3.782,3.263,0.115,0.003,0.402,1,0.000,0.000,0.000,0,1536,0,0
3286,4.132,4.132,3.688,0.115,0.002,0.327,1,0.000,0.000,0.000,0,1536,0,0
3287,4.574,4.574,4.118,0.118,0.004,0.334,1,0.000,0.000,0.000,0,1536,0,0
3288,3.936,3.936,3.398,0.117,0.003,0.418,1,0.000,0.000,0.000,0,1536,0,0
3289,4.121,4.121,3.675,0.118,0.004,0.324,1,0.000,0.000,0.000,0,1536,0,0
3290,4.061,4.061,3.621,0.117,0.003,0.319,1,0.000,0.000,0.000,0,1536,0,0
3291,4.146,4.146,3.618,0.117,0.003,0.409,1,0.000,0.000,0.000,0,1536,0,0
3292,4.519,4.519,4.134,0.119,0.003,0.263,1,0.000,0.000,0.000,0,1536,0,0
3293,4.231,4.231,3.879,0.120,0.003,0.229,1,0.000,0.000,0.000,0,1536,0,0
3294,4.262,4.262,3.882,0.118,0.006,0.257,1,0.000,0.000,0.000,0,1536,0,0
3295,4.223,4.223,3.931,0.116,0.003,0.172,1,0.000,0.000,0.000,0,1536,0,0
3296,3.532,3.532,3.252,0.117,0.003,0.161,1,0.000,0.000,0.000,0,1536,0,0
3297,3.555,3.555,3.227,0.116,0.003,0.209,1,0.000,0.000,0.000,0,1536,0,0
3298,4.029,4.029,3.749,0.115,0.003,0.161,1,0.000,0.000,0.000,0,1536,0,0
3299,3.644,3.644,3.316,0.115,0.003,0.210,1,0.000,0.000,0.000,0,1536,0,0
3300,3.480,3.480,3.200,0.115,0.003,0.162,1,0.000,0.000,0.000,0,1536,0,0
3301,3.509,3.509,3.227,0.116,0.003,0.163,1,0.000,0.000,0.000,0,1536,0,0
3302,3.708,3.708,3.313,0.117,0.002,0.276,1,0.000,0.000,0.000,0,1536,0,0
3303,3.971,3.971,3.626,0.119,0.004,0.222,1,0.000,0.000,0.000,0,1536,0,0
3304,4.253,4.253,3.926,0.121,0.004,0.203,1,0.000,0.000,0.000,0,1536,0,0
3305,4.133,4.133,3.762,0.128,0.003,0.240,1,0.000,0.000,0.000,0,1536,0,0
3306,4.106,4.106,3.808,0.118,0.003,0.178,1,0.000,0.000,0.000,0,1536,0,0
3307,3.987,3.987,3.656,0.119,0.005,0.208,1,0.000,0.000,0.000,0,1536,0,0
3308,3.690,3.690,3.310,0.126,0.004,0.250,1,0.000,0.000,0.000,0,1536,0,0
3309,3.650,3.650,3.359,0.116,0.003,0.172,1,0.000,0.000,0.000,0,1536,0,0
3310,3.534,3.534,3.217,0.118,0.003,0.197,1,0.000,0.000,0.000,0,1536,0,0
3311,3.519,3.519,3.219,0.116,0.003,0.181,1,0.000,0.000,0.000,0,1536,0,0
3312,3.423,3.423,3.170,0.115,0.002,0.135,1,0.000,0.000,0.000,0,1536,0,0
3313,3.411,3.411,3.160,0.114,0.003,0.134,1,0.000,0.000,0.000,0,1536,0,0
3314,3.502,3.502,3.209,0.116,0.003,0.175,1,0.000,0.000,0.000,0,1536,0,0
3315,3.413,3.413,3.162,0.115,0.003,0.134,1,0.000,0.000,0.000,0,1536,0,0
3316,3.398,3.398,3.148,0.115,0.003,0.133,1,0.000,0.000,0.000,0,1536,0,0
3317,3.675,3.675,3.341,0.116,0.003,0.214,1,0.000,0.000,0.000,0,1536,0,0
3318,3.462,3.462,3.165,0.115,0.003,0.179,1,0.000,0.000,0.000,0,1536,0,0
3319,4.284,4.284,3.975,0.119,0.004,0.186,1,0.000,0.000,0.000,0,1536,0,0
3320,5.895,5.895,5.448,0.150,0.004,0.293,1,0.000,0.000,0.000,0,1536,0,0
3321,3.719,3.719,3.423,0.118,0.003,0.175,1,0.000,0.000,0.000,0,1536,0,0
3322,3.550,3.550,3.258,0.117,0.003,0.172,1,0.000,0.000,0.000,0,1536,0,0
3323,3.545,3.545,3.201,0.116,0.003,0.225,1,0.000,0.000,0.000,0,1536,0,0
3324,3.493,3.493,3.213,0.117,0.002,0.161,1,0.000,0.000,0.000,0,1536,0,0
3325,4.050,4.050,3.741,0.121,0.006,0.183,1,0.000,0.000,0.000,0,1536,0,0
3326,3.743,3.743,3.409,0.117,0.004,0.213,1,0.000,0.000,0.000,0,1536,0,0
3327,3.538,3.538,3.227,0.147,0.004,0.161,1,0.000,0.000,0.000,0,1536,1,0
3328,3.970,3.970,3.693,0.117,0.003,0.158,1,0.000,0.000,0.000,0,1536,0,0
3329,4.427,4.427,4.100,0.124,0.003,0.200,1,0.000,0.000,0.000,0,1536,0,0
3330,3.748,3.748,3.460,0.117,0.004,0.167,1,0.000,0.000,0.000,0,1536,0,0
3331,4.259,4.259,3.967,0.127,0.004,0.161,1,0.000,0.000,0.000,0,1536,0,0
3332,5.265,5.265,4.853,0.176,0.005,0.231,1,0.000,0.000,0.000,0,1536,0,0
3333,3.927,3.927,3.604,0.118,0.004,0.201,1,0.000,0.000,0.000,0,1536,0,0
3334,3.588,3.588,3.323,0.116,0.003,0.146,1,0.000,0.000,0.000,0,1536,0,0
3335,3.634,3.634,3.324,0.118,0.003,0.189,1,0.000,0.000,0.000,0,1544,0,0
3336,4.257,4.257,3.956,0.144,0.004,0.154,1,0.000,0.000,0.000,0,1496,0,0
3337,4.594,4.594,4.307,0.127,0.006,0.154,1,0.000,0.000,0.000,0,1496,0,0
3338,3.889,3.889,3.559,0.121,0.004,0.205,1,0.000,0.000,0.000,0,1496,0,0
3339,3.538,3.538,3.269,0.119,0.003,0.147,1,0.000,0.000,0.000,0,1496,0,0
3340,3.525,3.525,3.265,0.116,0.003,0.140,1,0.000,0.000,0.000,0,1496,0,0
3341,3.513,3.513,3.212,0.117,0.003,0.182,1,0.000,0.000,0.000,0,1496,0,0
3342,3.420,3.420,3.168,0.119,0.003,0.130,1,0.000,0.000,0.000,0,1496,0,0
3343,4.029,4.029,3.767,0.125,0.004,0.134,1,0.000,0.000,0.000,0,1496,0,0
3344,4.551,4.551,4.239,0.121,0.004,0.187,1,0.000,0.000,0.000,0,1496,0,0
3345,4.146,4.146,3.883,0.119,0.003,0.141,1,0.000,0.000,0.000,0,1496,0,0
3346,4.201,4.201,3.943,0.123,0.004,0.132,1,0.000,0.000,0.000,0,1496,0,0
3347,4.197,4.197,3.915,0.120,0.003,0.159,1,0.000,0.000,0.000,0,1496,0,0
3348,3.841,3.841,3.533,0.119,0.005,0.184,1,0.000,0.000,0.000,0,1496,0,0
3349,3.535,3.535,3.268,0.117,0.003,0.148,1,0.000,0.000,0.000,0,1496,0,0
3350,3.803,3.803,3.482,0.126,0.004,0.190,1,0.000,0.000,0.000,0,1496,0,0
3351,3.603,3.603,3.330,0.118,0.004,0.152,1,0.000,0.000,0.000,0,1496,0,0
3352,3.474,3.474,3.208,0.116,0.003,0.146,1,0.000,0.000,0.000,0,1496,0,0
3353,3.544,3.544,3.232,0.119,0.003,0.191,1,0.000,0.000,0.000,0,1496,0,0
3354,3.427,3.427,3.160,0.117,0.002,0.148,1,0.000,0.000,0.000,0,1496,0,0
3355,4.215,4.215,3.940,0.121,0.004,0.150,1,0.000,0.000,0.000,0,1496,0,0
3356,4.373,4.373,3.962,0.231,0.003,0.178,1,0.000,0.000,0.000,0,1496,0,0
3357,3.759,3.759,3.493,0.118,0.005,0.142,1,0.000,0.000,0.000,0,1496,0,0
3358,4.501,4.501,4.242,0.121,0.004,0.134,1,0.000,0.000,0.000,0,1496,0,0
3359,4.094,4.094,3.787,0.119,0.005,0.182,1,0.000,0.000,0.000,0,1496,0,0
3360,3.698,3.698,3.443,0.118,0.003,0.134,1,0.000,0.000,0.000,0,1496,0,0
3361,3.862,3.862,3.603,0.120,0.004,0.135,1,0.000,0.000,0.000,0,1496,0,0
3362,3.704,3.704,3.416,0.119,0.004,0.167,1,0.000,0.000,0.000,0,1496,0,0
3363,3.683,3.683,3.382,0.117,0.002,0.181,1,0.000,0.000,0.000,0,1496,0,0
3364,3.514,3.514,3.208,0.117,0.003,0.187,1,0.000,0.000,0.000,0,1496,0,0
3365,3.553,3.553,3.189,0.116,0.003,0.244,1,0.000,0.000,0.000,0,1496,0,0
3366,3.470,3.470,3.165,0.118,0.003,0.184,1,0.000,0.000,0.000,0,1496,0,0
3367,3.531,3.531,3.216,0.118,0.003,0.195,1,0.000,0.000,0.000,0,1496,0,0
3368,3.569,3.569,3.179,0.117,0.003,0.270,1,0.000,0.000,0.000,0,1496,0,0
3369,3.487,3.487,3.161,0.118,0.003,0.205,1,0.000,0.000,0.000,0,1496,0,0
3370,4.459,4.459,4.116,0.119,0.004,0.220,1,0.000,0.000,0.000,0,1496,0,0
3371,4.290,4.290,3.866,0.121,0.004,0.298,1,0.000,0.000,0.000,0,1496,0,0
3372,4.068,4.068,3.741,0.122,0.003,0.202,1,0.000,0.000,0.000,0,1496,0,0
3373,3.900,3.900,3.540,0.119,0.006,0.235,1,0.000,0.000,0.000,0,1496,0,0
3374,3.819,3.819,3.382,0.117,0.003,0.318,1,0.000,0.000,0.000,0,1496,0,0
3375,3.632,3.632,3.254,0.118,0.003,0.256,1,0.000,0.000,0.000,0,1496,0,0
3376,3.795,3.795,3.351,0.118,0.002,0.324,1,0.000,0.000,0.000,0,1496,0,0
3377,4.170,4.170,3.607,0.119,0.003,0.440,1,0.000,0.000,0.000,0,1496,0,0
3378,4.391,4.391,3.922,0.144,0.004,0.322,1,0.000,0.000,0.000,0,1496,0,0
3379,4.510,4.510,3.981,0.120,0.004,0.405,1,0.000,0.000,0.000,0,1496,0,0
3380,4.080,4.080,3.504,0.120,0.003,0.453,1,0.000,0.000,0.000,0,1496,0,0
3381,3.717,3.717,3.258,0.119,0.003,0.337,1,0.000,0.000,0.000,0,1496,0,0
3382,4.241,4.241,3.781,0.119,0.003,0.338,1,0.000,0.000,0.000,0,1496,0,0
3383,3.805,3.805,3.251,0.117,0.003,0.435,1,0.000,0.000,0.000,0,1496,0,0
3384,3.862,3.862,3.238,0.116,0.003,0.504,1,0.000,0.000,0.000,0,1496,0,0
3385,5.461,5.461,4.972,0.158,0.004,0.327,1,0.000,0.000,0.000,0,1496,1,0
3386,3.929,3.929,3.386,0.118,0.003,0.422,1,0.000,0.000,0.000,0,1496,0,0
3387,3.714,3.714,3.291,0.119,0.003,0.301,1,0.000,0.000,0.000,0,1496,0,0
3388,3.615,3.615,3.194,0.117,0.003,0.302,1,0.000,0.000,0.000,0,1496,0,0
3389,3.741,3.741,3.226,0.117,0.003,0.396,1,0.000,0.000,0.000,0,1496,0,0
3390,3.653,3.653,3.199,0.118,0.003,0.333,1,0.000,0.000,0.000,0,1496,0,0
3391,3.635,3.635,3.187,0.118,0.003,0.328,1,0.000,0.000,0.000,0,1496,0,0
3392,3.749,3.749,3.198,0.116,0.003,0.431,1,0.000,0.000,0.000,0,1496,0,0
3393,3.704,3.704,3.287,0.117,0.002,0.298,1,0.000,0.000,0.000,0,1496,0,0
3394,3.782,3.782,3.312,0.117,0.003,0.351,1,0.000,0.000,0.000,0,1496,0,0
3395,3.778,3.778,3.209,0.145,0.003,0.422,1,0.000,0.000,0.000,0,1496,0,0
3396,4.678,4.678,4.099,0.134,0.007,0.437,1,0.000,0.000,0.000,0,1496,0,0
3397,3.998,3.998,3.542,0.119,0.003,0.334,1,0.000,0.000,0.000,0,1496,0,0
3398,3.873,3.873,3.329,0.118,0.003,0.422,1,0.000,0.000,0.000,0,1496,0,0
3399,3.858,3.858,3.385,0.118,0.003,0.353,1,0.000,0.000,0.000,0,1496,0,0
3400,4.362,4.362,3.747,0.120,0.004,0.491,1,0.000,0.000,0.000,0,1424,0,0
3401,3.857,3.857,3.345,0.120,0.003,0.388,1,0.000,0.000,0.000,0,1520,0,0
3402,3.698,3.698,3.232,0.120,0.002,0.345,1,0.000,0.000,0.000,0,1520,0,0
3403,3.815,3.815,3.215,0.119,0.003,0.478,1,0.000,0.000,0.000,0,1520,0,0
3404,3.675,3.675,3.209,0.120,0.002,0.344,1,0.000,0.000,0.000,0,1520,0,0
3405,3.670,3.670,3.203,0.120,0.002,0.345,1,0.000,0.000,0.000,0,1520,0,0
3406,5.259,5.259,4.661,0.123,0.005,0.470,1,0.000,0.000,0.000,0,1520,0,0
3407,4.368,4.368,3.898,0.122,0.004,0.343,1,0.000,0.000,0.000,0,1520,0,0
3408,5.110,5.110,4.651,0.122,0.004,0.333,1,0.000,0.000,0.000,0,1520,0,0
3409,4.497,4.497,3.810,0.121,0.004,0.562,1,0.000,0.000,0.000,0,1520,0,0
3410,4.018,4.018,3.489,0.121,0.058,0.350,1,0.000,0.000,0.000,0,1520,0,0
3411,4.334,4.334,3.697,0.301,0.004,0.331,1,0.000,0.000,0.000,0,1520,0,0
3412,4.566,4.566,4.021,0.125,0.003,0.417,1,0.000,0.000,0.000,0,1520,0,0
3413,4.550,4.550,4.099,0.129,0.003,0.319,1,0.000,0.000,0.000,0,1520,0,0
3414,3.925,3.925,3.464,0.121,0.005,0.335,1,0.000,0.000,0.000,0,1520,0,0
3415,3.788,3.788,3.288,0.118,0.003,0.379,1,0.000,0.000,0.000,0,1520,0,0
3416,3.735,3.735,3.334,0.120,0.003,0.277,1,0.000,0.000,0.000,0,1520,0,0
3417,3.894,3.894,3.478,0.127,0.004,0.285,1,0.000,0.000,0.000,0,1520,0,0
3418,3.834,3.834,3.338,0.120,0.004,0.372,1,0.000,0.000,0.000,0,1520,0,0
3419,3.720,3.720,3.326,0.120,0.003,0.271,1,0.000,0.000,0.000,0,1520,0,0
3420,3.593,3.593,3.201,0.120,0.003,0.269,1,0.000,0.000,0.000,0,1520,0,0
3421,3.675,3.675,3.197,0.120,0.003,0.355,1,0.000,0.000,0.000,0,1520,0,0
3422,5.351,5.351,4.947,0.123,0.004,0.277,1,0.000,0.000,0.000,0,1520,0,0
3423,4.422,4.422,4.031,0.124,0.004,0.262,1,0.000,0.000,0.000,0,1520,0,0
3424,5.932,5.932,5.389,0.134,0.002,0.406,1,0.000,0.000,0.000,0,1520,0,0
3425,4.355,4.355,3.913,0.120,0.004,0.318,1,0.000,0.000,0.000,0,1520,0,0
3426,3.724,3.724,3.300,0.120,0.003,0.300,1,0.000,0.000,0.000,0,1520,0,0
3427,3.798,3.798,3.277,0.120,0.003,0.398,1,0.000,0.000,0.000,0,1520,0,0
3428,3.630,3.630,3.210,0.119,0.003,0.298,1,0.000,0.000,0.000,0,1520,0,0
3429,4.125,4.125,3.705,0.119,0.003,0.298,1,0.000,0.000,0.000,0,1520,0,0
3430,4.741,4.741,4.200,0.123,0.005,0.413,1,0.000,0.000,0.000,0,1520,0,0
3431,3.892,3.892,3.482,0.118,0.003,0.289,1,0.000,0.000,0.000,0,1520,0,0
3432,3.793,3.793,3.363,0.120,0.003,0.306,1,0.000,0.000,0.000,0,1520,0,0
3433,4.594,4.594,4.140,0.126,0.004,0.324,1,0.000,0.000,0.000,0,1520,0,0
3434,3.860,3.860,3.506,0.120,0.003,0.230,1,0.000,0.000,0.000,0,1520,0,0
3435,3.693,3.693,3.354,0.121,0.003,0.214,1,0.000,0.000,0.000,0,1520,0,0
3436,4.258,4.258,3.850,0.120,0.003,0.285,1,0.000,0.000,0.000,0,1520,0,0
3437,5.860,5.860,4.529,0.120,0.003,1.208,1,0.000,0.000,0.000,0,1520,0,0
3438,5.425,5.425,4.990,0.121,0.005,0.308,1,0.000,0.000,0.000,0,1520,0,0
3439,4.404,4.404,3.728,0.119,0.004,0.554,1,0.000,0.000,0.000,0,1520,0,0
3440,7.180,7.180,6.630,0.123,0.005,0.423,1,0.000,0.000,0.000,0,1520,0,0
3441,3.994,3.994,3.465,0.119,0.003,0.406,1,0.000,0.000,0.000,0,1520,0,0
3442,4.009,4.009,3.343,0.119,0.003,0.544,1,0.000,0.000,0.000,0,1520,0,0
3443,4.431,4.431,3.848,0.162,0.003,0.417,1,0.000,0.000,0.000,0,1520,1,0
3444,3.857,3.857,3.312,0.119,0.003,0.424,1,0.000,0.000,0.000,0,1520,0,0
3445,5.455,5.455,4.218,0.119,0.003,1.115,1,0.000,0.000,0.000,0,1520,0,0
3446,4.223,4.223,3.646,0.121,0.005,0.451,1,0.000,0.000,0.000,0,1520,0,0
3447,4.549,4.549,3.709,0.119,0.004,0.717,1,0.000,0.000,0.000,0,1520,0,0
3448,4.837,4.837,4.160,0.123,0.003,0.552,1,0.000,0.000,0.000,0,1520,0,0
3449,3.909,3.909,3.372,0.119,0.004,0.414,1,0.000,0.000,0.000,0,1520,0,0
3450,5.668,5.668,5.082,0.138,0.012,0.437,1,0.000,0.000,0.000,0,1520,0,0
3451,4.472,4.472,3.782,0.122,0.006,0.562,1,0.000,0.000,0.000,0,1520,0,0
3452,4.133,4.133,3.622,0.127,0.004,0.380,1,0.000,0.000,0.000,0,1520,0,0
3453,4.527,4.527,4.001,0.121,0.004,0.401,1,0.000,0.000,0.000,0,1520,0,0
3454,4.751,4.751,4.091,0.122,0.004,0.534,1,0.000,0.000,0.000,0,1520,0,0
3455,4.350,4.350,3.814,0.122,0.005,0.409,1,0.000,0.000,0.000,0,1520,0,0
3456,3.798,3.798,3.331,0.120,0.004,0.345,1,0.000,0.000,0.000,0,1520,0,0
3457,3.853,3.853,3.300,0.120,0.003,0.430,1,0.000,0.000,0.000,0,1520,0,0
3458,3.883,3.883,3.426,0.122,0.003,0.332,1,0.000,0.000,0.000,0,1520,0,0
3459,3.798,3.798,3.338,0.121,0.003,0.337,1,0.000,0.000,0.000,0,1520,0,0
3460,3.916,3.916,3.328,0.120,0.004,0.464,1,0.000,0.000,0.000,0,1520,0,0
3461,3.895,3.895,3.402,0.121,0.004,0.368,1,0.000,0.000,0.000,0,1520,0,0
3462,3.822,3.822,3.337,0.118,0.003,0.364,1,0.000,0.000,0.000,0,1520,0,0
3463,3.982,3.982,3.427,0.120,0.003,0.433,1,0.000,0.000,0.000,0,1528,0,0
3464,4.254,4.254,3.810,0.122,0.003,0.318,1,0.000,0.000,0.000,0,1512,0,0
3465,4.531,4.531,4.030,0.136,0.006,0.359,1,0.000,0.000,0.000,0,1512,0,0
3466,4.562,4.562,4.003,0.127,0.003,0.429,1,0.000,0.000,0.000,0,1512,0,0
3467,4.180,4.180,3.711,0.123,0.005,0.341,1,0.000,0.000,0.000,0,1512,0,0
3468,4.014,4.014,3.498,0.187,0.004,0.325,1,0.000,0.000,0.000,0,1512,0,0
3469,4.447,4.447,3.930,0.124,0.003,0.389,1,0.000,0.000,0.000,0,1512,0,0
3470,4.897,4.897,4.405,0.125,0.003,0.364,1,0.000,0.000,0.000,0,1512,0,0
3471,3.888,3.888,3.421,0.123,0.003,0.341,1,0.000,0.000,0.000,0,1512,0,0
3472,4.222,4.222,3.631,0.128,0.004,0.459,1,0.000,0.000,0.000,0,1512,0,0
3473,3.969,3.969,3.489,0.123,0.003,0.353,1,0.000,0.000,0.000,0,1512,0,0
3474,3.721,3.721,3.260,0.121,0.003,0.337,1,0.000,0.000,0.000,0,1512,0,0
3475,4.745,4.745,4.161,0.128,0.004,0.452,1,0.000,0.000,0.000,0,1512,0,0
3476,3.899,3.899,3.424,0.123,0.004,0.348,1,0.000,0.000,0.000,0,1512,0,0
3477,3.796,3.796,3.372,0.123,0.003,0.298,1,0.000,0.000,0.000,0,1512,0,0
3478,5.058,5.058,4.469,0.182,0.006,0.401,1,0.000,0.000,0.000,0,1512,0,0
3479,4.323,4.323,3.913,0.129,0.004,0.277,1,0.000,0.000,0.000,0,1512,0,0
3480,4.564,4.564,4.121,0.123,0.003,0.316,1,0.000,0.000,0.000,0,1512,0,0
3481,4.222,4.222,3.641,0.122,0.005,0.453,1,0.000,0.000,0.000,0,1512,0,0
3482,3.789,3.789,3.342,0.120,0.003,0.323,1,0.000,0.000,0.000,0,1512,0,0
3483,4.119,4.119,3.668,0.123,0.003,0.324,1,0.000,0.000,0.000,0,1512,0,0
3484,4.120,4.120,3.563,0.122,0.004,0.431,1,0.000,0.000,0.000,0,1512,0,0
3485,3.902,3.902,3.392,0.122,0.003,0.386,1,0.000,0.000,0.000,0,1512,0,0
3486,3.824,3.824,3.304,0.122,0.003,0.396,1,0.000,0.000,0.000,0,1512,0,0
3487,3.881,3.881,3.255,0.120,0.003,0.503,1,0.000,0.000,0.000,0,1512,0,0
3488,3.701,3.701,3.200,0.120,0.003,0.378,1,0.000,0.000,0.000,0,1512,0,0
3489,4.394,4.394,3.854,0.131,0.005,0.404,1,0.000,0.000,0.000,0,1512,0,0
3490,4.823,4.823,4.198,0.127,0.004,0.494,1,0.000,0.000,0.000,0,1512,0,0
3491,4.241,4.241,3.754,0.130,0.003,0.353,1,0.000,0.000,0.000,0,1512,0,0
3492,5.041,5.041,4.548,0.124,0.004,0.365,1,0.000,0.000,0.000,0,1512,0,0
3493,4.237,4.237,3.599,0.123,0.004,0.512,1,0.000,0.000,0.000,0,1512,0,0
3494,4.259,4.259,3.747,0.126,0.008,0.379,1,0.000,0.000,0.000,0,1512,0,0
3495,4.329,4.329,3.829,0.122,0.003,0.374,1,0.000,0.000,0.000,0,1512,0,0
3496,3.949,3.949,3.354,0.123,0.003,0.470,1,0.000,0.000,0.000,0,1512,0,0
3497,3.701,3.701,3.241,0.122,0.003,0.335,1,0.000,0.000,0.000,0,1512,0,0
3498,3.642,3.642,3.232,0.123,0.003,0.285,1,0.000,0.000,0.000,0,1512,0,0
3499,4.155,4.155,3.614,0.127,0.004,0.409,1,0.000,0.000,0.000,0,1512,0,0
3500,3.907,3.907,3.512,0.122,0.003,0.270,1,0.000,0.000,0.000,0,1512,0,0
3501,4.472,4.472,3.911,0.152,0.004,0.405,1,0.000,0.000,0.000,0,1512,1,0
3502,4.448,4.448,3.984,0.174,0.003,0.287,1,0.000,0.000,0.000,0,1512,0,0
3503,4.242,4.242,3.791,0.123,0.005,0.322,1,0.000,0.000,0.000,0,1512,0,0
3504,3.875,3.875,3.371,0.122,0.003,0.381,1,0.000,0.000,0.000,0,1512,0,0
3505,3.703,3.703,3.293,0.121,0.003,0.287,1,0.000,0.000,0.000,0,1512,0,0
3506,3.656,3.656,3.268,0.121,0.003,0.266,1,0.000,0.000,0.000,0,1512,0,0
3507,4.217,4.217,3.775,0.121,0.004,0.317,1,0.000,0.000,0.000,0,1512,0,0
3508,3.740,3.740,3.379,0.121,0.004,0.236,1,0.000,0.000,0.000,0,1512,0,0
3509,3.593,3.593,3.259,0.121,0.003,0.210,1,0.000,0.000,0.000,0,1512,0,0
3510,3.694,3.694,3.289,0.121,0.003,0.281,1,0.000,0.000,0.000,0,1512,0,0
3511,3.566,3.566,3.255,0.119,0.003,0.189,1,0.000,0.000,0.000,0,1512,0,0
3512,3.536,3.536,3.201,0.121,0.003,0.212,1,0.000,0.000,0.000,0,1512,0,0
3513,3.617,3.617,3.234,0.121,0.003,0.259,1,0.000,0.000,0.000,0,1512,0,0
3514,4.047,4.047,3.710,0.131,0.004,0.202,1,0.000,0.000,0.000,0,1512,0,0
3515,4.804,4.804,4.471,0.124,0.004,0.206,1,0.000,0.000,0.000,0,1512,0,0
3516,4.581,4.581,4.176,0.128,0.003,0.273,1,0.000,0.000,0.000,0,1512,0,0
3517,4.078,4.078,3.760,0.121,0.007,0.189,1,0.000,0.000,0.000,0,1512,0,0
3518,4.285,4.285,3.985,0.123,0.004,0.174,1,0.000,0.000,0.000,0,1512,0,0
3519,3.677,3.677,3.343,0.120,0.003,0.211,1,0.000,0.000,0.000,0,1512,0,0
3520,3.621,3.621,3.323,0.122,0.003,0.173,1,0.000,0.000,0.000,0,1512,0,0
3521,4.073,4.073,3.767,0.122,0.003,0.181,1,0.000,0.000,0.000,0,1512,0,0
3522,3.694,3.694,3.323,0.122,0.003,0.246,1,0.000,0.000,0.000,0,1512,0,0
3523,3.709,3.709,3.375,0.122,0.002,0.209,1,0.000,0.000,0.000,0,1512,0,0
3524,4.450,4.450,4.127,0.128,0.003,0.191,1,0.000,0.000,0.000,0,1512,0,0
3525,3.837,3.837,3.455,0.120,0.003,0.258,1,0.000,0.000,0.000,0,1512,0,0
3526,3.655,3.655,3.328,0.125,0.003,0.200,1,0.000,0.000,0.000,0,1512,0,0
3527,3.824,3.824,3.486,0.116,0.003,0.219,1,0.000,0.000,0.000,0,752,0,0
3528,3.301,3.301,2.915,0.116,0.003,0.268,1,0.000,0.000,0.000,0,752,0,0
3529,3.159,3.159,2.839,0.114,0.002,0.203,1,0.000,0.000,0.000,0,752,0,0
3530,3.802,3.802,3.472,0.124,0.005,0.200,1,0.000,0.000,0.000,0,752,0,0
3531,3.571,3.571,3.177,0.121,0.003,0.271,1,0.000,0.000,0.000,0,752,0,0
3532,3.330,3.330,2.987,0.117,0.004,0.223,1,0.000,0.000,0.000,0,752,0,0
3533,3.237,3.237,2.913,0.115,0.003,0.207,1,0.000,0.000,0.000,0,752,0,0
3534,3.278,3.278,2.887,0.116,0.003,0.272,1,0.000,0.000,0.000,0,752,0,0
3535,3.181,3.181,2.861,0.115,0.002,0.203,1,0.000,0.000,0.000,0,752,0,0
3536,3.193,3.193,2.873,0.116,0.003,0.201,1,0.000,0.000,0.000,0,752,0,0
3537,3.222,3.222,2.864,0.115,0.002,0.241,1,0.000,0.000,0.000,0,752,0,0
3538,3.139,3.139,2.881,0.115,0.003,0.141,1,0.000,0.000,0.000,0,752,0,0
3539,3.833,3.833,3.493,0.116,0.003,0.221,1,0.000,0.000,0.000,0,752,0,0
3540,3.280,3.280,2.978,0.116,0.003,0.182,1,0.000,0.000,0.000,0,752,0,0
3541,3.239,3.239,2.944,0.117,0.003,0.175,1,0.000,0.000,0.000,0,752,0,0
3542,3.232,3.232,2.907,0.116,0.002,0.206,1,0.000,0.000,0.000,0,752,0,0
3543,3.350,3.350,2.958,0.117,0.003,0.272,1,0.000,0.000,0.000,0,752,0,0
3544,3.489,3.489,3.168,0.116,0.003,0.203,1,0.000,0.000,0.000,0,752,0,0
3545,3.162,3.162,2.842,0.114,0.003,0.203,1,0.000,0.000,0.000,0,748,0,0
3546,3.465,3.465,3.002,0.115,0.003,0.345,1,0.000,0.000,0.000,0,748,0,0
3547,3.295,3.295,2.893,0.115,0.003,0.284,1,0.000,0.000,0.000,0,748,0,0
3548,3.184,3.184,2.820,0.115,0.003,0.246,1,0.000,0.000,0.000,0,748,0,0
3549,3.344,3.344,2.908,0.116,0.003,0.317,1,0.000,0.000,0.000,0,748,0,0
3550,3.259,3.259,2.860,0.113,0.003,0.283,1,0.000,0.000,0.000,0,748,0,0
3551,3.280,3.280,2.876,0.114,0.003,0.288,1,0.000,0.000,0.000,0,748,0,0
3552,3.824,3.824,3.321,0.126,0.006,0.371,1,0.000,0.000,0.000,0,748,0,0
3553,3.480,3.480,3.086,0.116,0.003,0.275,1,0.000,0.000,0.000,0,748,0,0
3554,3.249,3.249,2.881,0.115,0.003,0.251,1,0.000,0.000,0.000,0,748,0,0
3555,3.262,3.262,2.870,0.116,0.002,0.274,1,0.000,0.000,0.000,0,748,0,0
3556,3.213,3.213,2.878,0.115,0.003,0.218,1,0.000,0.000,0.000,0,748,0,0
3557,3.181,3.181,2.870,0.115,0.003,0.194,1,0.000,0.000,0.000,0,748,0,0
3558,3.286,3.286,2.922,0.115,0.003,0.247,1,0.000,0.000,0.000,0,748,0,0
3559,3.893,3.893,3.551,0.118,0.006,0.218,1,0.000,0.000,0.000,0,748,0,0
3560,3.835,3.835,3.503,0.116,0.003,0.213,1,0.000,0.000,0.000,0,748,0,0
3561,3.657,3.657,3.206,0.115,0.003,0.333,1,0.000,0.000,0.000,0,748,0,0
3562,3.337,3.337,2.920,0.115,0.003,0.299,1,0.000,0.000,0.000,0,748,0,0
3563,3.287,3.287,2.863,0.114,0.003,0.308,1,0.000,0.000,0.000,0,748,0,0
3564,3.583,3.583,3.070,0.115,0.003,0.395,1,0.000,0.000,0.000,0,748,0,0
3565,3.995,3.995,3.566,0.118,0.005,0.307,1,0.000,0.000,0.000,0,748,0,0
3566,3.401,3.401,2.975,0.115,0.003,0.308,1,0.000,0.000,0.000,0,748,0,0
3567,3.829,3.829,3.260,0.115,0.003,0.451,1,0.000,0.000,0.000,0,748,0,0
3568,3.954,3.954,3.517,0.117,0.004,0.316,1,0.000,0.000,0.000,0,748,0,0
3569,3.331,3.331,2.915,0.115,0.003,0.299,1,0.000,0.000,0.000,0,748,0,0
3570,4.635,4.635,3.979,0.115,0.005,0.535,1,0.000,0.000,0.000,0,748,0,0
3571,4.309,4.309,3.910,0.119,0.004,0.275,1,0.000,0.000,0.000,0,748,0,0
3572,3.952,3.952,3.543,0.117,0.006,0.285,1,0.000,0.000,0.000,0,748,0,0
3573,3.536,3.536,3.056,0.116,0.003,0.361,1,0.000,0.000,0.000,0,748,0,0
3574,3.256,3.256,2.880,0.115,0.002,0.259,1,0.000,0.000,0.000,0,748,0,0
3575,3.192,3.192,2.819,0.113,0.002,0.258,1,0.000,0.000,0.000,0,748,0,0
3576,3.462,3.462,3.002,0.115,0.003,0.343,1,0.000,0.000,0.000,0,748,0,0
3577,3.192,3.192,2.856,0.114,0.003,0.219,1,0.000,0.000,0.000,0,748,0,0
3578,3.125,3.125,2.823,0.114,0.003,0.185,1,0.000,0.000,0.000,0,748,0,0
3579,3.528,3.528,3.173,0.124,0.005,0.226,1,0.000,0.000,0.000,0,748,0,0
3580,3.266,3.266,2.979,0.116,0.003,0.169,1,0.000,0.000,0.000,0,748,0,0
3581,3.146,3.146,2.869,0.113,0.003,0.161,1,0.000,0.000,0.000,0,748,0,0
3582,3.622,3.622,3.249,0.122,0.004,0.247,1,0.000,0.000,0.000,0,748,0,0
3583,3.340,3.340,3.005,0.115,0.003,0.217,1,0.000,0.000,0.000,0,748,0,0
3584,4.793,4.793,4.452,0.122,0.004,0.215,1,0.000,0.000,0.000,0,748,0,0
3585,4.424,4.424,4.058,0.118,0.004,0.244,1,0.000,0.000,0.000,0,748,0,0
3586,3.830,3.830,3.498,0.118,0.006,0.208,1,0.000,0.000,0.000,0,748,0,0
3587,3.541,3.541,3.204,0.120,0.004,0.214,1,0.000,0.000,0.000,0,748,0,0
3588,4.026,4.026,3.648,0.117,0.003,0.258,1,0.000,0.000,0.000,0,748,0,0
3589,3.832,3.832,3.509,0.115,0.003,0.205,1,0.000,0.000,0.000,0,748,0,0
3590,3.743,3.743,3.446,0.117,0.004,0.176,1,0.000,0.000,0.000,0,748,0,0
3591,3.388,3.388,3.091,0.116,0.003,0.179,1,0.000,0.000,0.000,0,748,0,0
3592,3.217,3.217,2.885,0.146,0.003,0.182,1,0.000,0.000,0.000,0,748,1,0
3593,4.058,4.058,3.751,0.130,0.004,0.173,1,0.000,0.000,0.000,0,748,0,0
3594,3.642,3.642,3.294,0.116,0.004,0.228,1,0.000,0.000,0.000,0,748,0,0
3595,3.154,3.154,2.869,0.114,0.002,0.169,1,0.000,0.000,0.000,0,748,0,0
3596,3.384,3.384,3.098,0.115,0.003,0.169,1,0.000,0.000,0.000,0,748,0,0
3597,4.045,4.045,3.689,0.116,0.004,0.237,1,0.000,0.000,0.000,0,748,0,0
3598,3.319,3.319,3.046,0.116,0.003,0.154,1,0.000,0.000,0.000,0,748,0,0
3599,4.943,4.943,4.649,0.118,0.005,0.171,1,0.000,0.000,0.000,0,748,0,0
3600,3.853,3.853,3.626,0.116,0.003,0.108,1,0.000,0.000,0.000,0,748,0,0
3601,3.896,3.896,3.648,0.118,0.006,0.124,1,0.000,0.000,0.000,0,748,0,0
3602,3.285,3.285,2.993,0.115,0.003,0.175,1,0.000,0.000,0.000,0,748,0,0
3603,3.159,3.159,2.897,0.114,0.002,0.147,1,0.000,0.000,0.000,0,748,0,0
3604,3.098,3.098,2.832,0.115,0.003,0.149,1,0.000,0.000,0.000,0,748,0,0
3605,3.665,3.665,3.342,0.114,0.003,0.206,1,0.000,0.000,0.000,0,748,0,0
3606,3.852,3.852,3.596,0.106,0.004,0.145,1,0.000,0.000,0.000,0,700,0,0
3607,3.291,3.291,2.936,0.110,0.003,0.242,1,0.000,0.000,0.000,0,724,0,0
3608,3.295,3.295,2.885,0.109,0.003,0.297,1,0.000,0.000,0.000,0,724,0,0
3609,3.710,3.710,3.386,0.112,0.005,0.208,1,0.000,0.000,0.000,0,724,0,0
3610,3.109,3.109,2.797,0.110,0.003,0.200,1,0.000,0.000,0.000,0,724,0,0
3611,3.249,3.249,2.849,0.109,0.003,0.288,1,0.000,0.000,0.000,0,724,0,0
3612,3.160,3.160,2.844,0.111,0.003,0.203,1,0.000,0.000,0.000,0,724,0,0
3613,3.139,3.139,2.831,0.109,0.002,0.197,1,0.000,0.000,0.000,0,724,0,0
3614,3.246,3.246,2.876,0.109,0.002,0.259,1,0.000,0.000,0.000,0,724,0,0
3615,3.186,3.186,2.874,0.111,0.003,0.198,1,0.000,0.000,0.000,0,724,0,0
3616,3.083,3.083,2.785,0.110,0.002,0.186,1,0.000,0.000,0.000,0,724,0,0
3617,3.185,3.185,2.827,0.110,0.002,0.246,1,0.000,0.000,0.000,0,724,0,0
3618,3.100,3.100,2.825,0.110,0.003,0.162,1,0.000,0.000,0.000,0,724,0,0
3619,3.004,3.004,2.766,0.110,0.003,0.125,1,0.000,0.000,0.000,0,724,0,0
3620,4.200,4.200,3.914,0.115,0.006,0.164,1,0.000,0.000,0.000,0,724,0,0
3621,3.434,3.434,3.197,0.111,0.004,0.123,1,0.000,0.000,0.000,0,724,0,0
3622,3.216,3.216,2.952,0.110,0.003,0.151,1,0.000,0.000,0.000,0,724,0,0
3623,4.165,4.165,3.826,0.112,0.004,0.223,1,0.000,0.000,0.000,0,724,0,0
3624,3.357,3.357,3.075,0.110,0.003,0.170,1,0.000,0.000,0.000,0,724,0,0
3625,3.104,3.104,2.824,0.109,0.003,0.169,1,0.000,0.000,0.000,0,724,0,0
3626,4.028,4.028,3.681,0.113,0.005,0.229,1,0.000,0.000,0.000,0,724,0,0
3627,3.629,3.629,3.332,0.117,0.003,0.178,1,0.000,0.000,0.000,0,724,0,0
3628,4.718,4.718,4.423,0.110,0.003,0.182,1,0.000,0.000,0.000,0,724,0,0
3629,4.858,4.858,4.536,0.112,0.005,0.205,1,0.000,0.000,0.000,0,724,0,0
3630,3.684,3.684,3.406,0.112,0.004,0.161,1,0.000,0.000,0.000,0,724,0,0
3631,3.201,3.201,2.939,0.111,0.002,0.149,1,0.000,0.000,0.000,0,724,0,0
3632,3.210,3.210,2.905,0.110,0.003,0.193,1,0.000,0.000,0.000,0,724,0,0
3633,3.106,3.106,2.862,0.109,0.003,0.131,1,0.000,0.000,0.000,0,724,0,0
3634,3.028,3.028,2.779,0.109,0.003,0.137,1,0.000,0.000,0.000,0,724,0,0
3635,3.080,3.080,2.767,0.109,0.003,0.201,1,0.000,0.000,0.000,0,724,0,0
3636,3.008,3.008,2.760,0.109,0.002,0.137,1,0.000,0.000,0.000,0,724,0,0
3637,3.533,3.533,3.256,0.113,0.004,0.161,1,0.000,0.000,0.000,0,724,0,0
3638,4.000,4.000,3.628,0.110,0.003,0.259,1,0.000,0.000,0.000,0,724,0,0
3639,3.080,3.080,2.843,0.110,0.003,0.125,1,0.000,0.000,0.000,0,724,0,0
3640,3.375,3.375,3.138,0.118,0.005,0.114,1,0.000,0.000,0.000,0,724,0,0
3641,3.216,3.216,2.952,0.110,0.004,0.150,1,0.000,0.000,0.000,0,724,0,0
3642,3.092,3.092,2.860,0.108,0.003,0.120,1,0.000,0.000,0.000,0,724,0,0
3643,3.118,3.118,2.875,0.111,0.003,0.129,1,0.000,0.000,0.000,0,724,0,0
3644,3.219,3.219,2.902,0.110,0.003,0.204,1,0.000,0.000,0.000,0,724,0,0
3645,3.164,3.164,2.890,0.110,0.003,0.161,1,0.000,0.000,0.000,0,724,0,0
3646,3.055,3.055,2.808,0.110,0.003,0.134,1,0.000,0.000,0.000,0,724,0,0
3647,3.106,3.106,2.808,0.109,0.003,0.186,1,0.000,0.000,0.000,0,724,0,0
3648,3.068,3.068,2.805,0.110,0.002,0.150,1,0.000,0.000,0.000,0,724,0,0
3649,3.854,3.854,3.576,0.113,0.005,0.160,1,0.000,0.000,0.000,0,724,0,0
3650,3.747,3.747,3.457,0.111,0.004,0.176,1,0.000,0.000,0.000,0,724,0,0
3651,3.304,3.304,3.041,0.109,0.003,0.151,1,0.000,0.000,0.000,0,724,0,0
3652,3.207,3.207,2.939,0.110,0.003,0.154,1,0.000,0.000,0.000,0,724,0,0
3653,3.310,3.310,2.954,0.109,0.003,0.244,1,0.000,0.000,0.000,0,724,0,0
3654,3.141,3.141,2.848,0.109,0.003,0.182,1,0.000,0.000,0.000,0,724,0,0
3655,3.749,3.749,3.422,0.121,0.005,0.201,1,0.000,0.000,0.000,0,724,0,0
3656,3.444,3.444,3.067,0.110,0.004,0.264,1,0.000,0.000,0.000,0,724,0,0
3657,3.928,3.928,3.602,0.111,0.004,0.210,1,0.000,0.000,0.000,0,724,0,0
3658,3.633,3.633,3.278,0.112,0.005,0.237,1,0.000,0.000,0.000,0,724,0,0
3659,3.409,3.409,3.068,0.109,0.003,0.230,1,0.000,0.000,0.000,0,724,0,0
3660,3.162,3.162,2.889,0.110,0.003,0.161,1,0.000,0.000,0.000,0,724,0,0
3661,3.040,3.040,2.772,0.109,0.003,0.155,1,0.000,0.000,0.000,0,724,0,0
3662,3.585,3.585,3.253,0.112,0.004,0.216,1,0.000,0.000,0.000,0,724,0,0
3663,3.460,3.460,3.164,0.112,0.003,0.182,1,0.000,0.000,0.000,0,724,0,0
3664,3.413,3.413,3.084,0.111,0.004,0.214,1,0.000,0.000,0.000,0,724,0,0
3665,3.257,3.257,2.870,0.109,0.002,0.275,1,0.000,0.000,0.000,0,724,0,0
3666,3.069,3.069,2.767,0.109,0.002,0.190,1,0.000,0.000,0.000,0,724,0,0
3667,3.119,3.119,2.822,0.110,0.003,0.185,1,0.000,0.000,0.000,0,724,0,0
3668,3.851,3.851,3.415,0.110,0.003,0.324,1,0.000,0.000,0.000,0,728,0,0
3669,3.249,3.249,2.881,0.110,0.003,0.255,1,0.000,0.000,0.000,0,728,0,0
3670,3.824,3.824,3.479,0.112,0.004,0.228,1,0.000,0.000,0.000,0,728,0,0
3671,5.189,5.189,4.795,0.117,0.003,0.273,1,0.000,0.000,0.000,0,728,0,0
3672,3.848,3.848,3.515,0.126,0.003,0.205,1,0.000,0.000,0.000,0,728,0,0
3673,3.994,3.994,3.651,0.113,0.005,0.224,1,0.000,0.000,0.000,0,728,0,0
3674,3.246,3.246,2.904,0.111,0.003,0.228,1,0.000,0.000,0.000,0,728,0,0
3675,3.262,3.262,2.976,0.111,0.003,0.173,1,0.000,0.000,0.000,0,728,0,0
3676,3.470,3.470,3.213,0.113,0.003,0.141,1,0.000,0.000,0.000,0,728,0,0
3677,3.400,3.400,3.118,0.112,0.005,0.165,1,0.000,0.000,0.000,0,728,0,0
3678,3.096,3.096,2.866,0.109,0.003,0.118,1,0.000,0.000,0.000,0,728,0,0
3679,3.067,3.067,2.842,0.111,0.003,0.111,1,0.000,0.000,0.000,0,728,0,0
3680,3.075,3.075,2.812,0.111,0.003,0.150,1,0.000,0.000,0.000,0,728,0,0
3681,3.016,3.016,2.788,0.110,0.003,0.115,1,0.000,0.000,0.000,0,728,0,0
3682,3.012,3.012,2.763,0.111,0.002,0.136,1,0.000,0.000,0.000,0,728,0,0
3683,3.452,3.452,3.029,0.111,0.002,0.309,1,0.000,0.000,0.000,0,728,0,0
3684,3.935,3.935,3.410,0.144,0.005,0.376,1,0.000,0.000,0.000,0,728,0,0
3685,3.562,3.562,3.027,0.111,0.004,0.419,1,0.000,0.000,0.000,0,728,0,0
3686,5.590,5.590,4.972,0.114,0.004,0.500,1,0.000,0.000,0.000,0,752,0,0
3687,5.167,5.167,4.647,0.114,0.005,0.401,1,0.000,0.000,0.000,0,776,0,0
3688,3.658,3.658,3.089,0.111,0.003,0.455,1,0.000,0.000,0.000,0,800,0,0
3689,4.361,4.361,3.759,0.113,0.004,0.486,1,0.000,0.000,0.000,0,824,0,0
3690,3.792,3.792,3.285,0.112,0.003,0.391,1,0.000,0.000,0.000,0,848,0,0
3691,3.497,3.497,3.006,0.110,0.003,0.378,1,0.000,0.000,0.000,0,872,0,0
3692,4.116,4.116,3.521,0.113,0.003,0.479,1,0.000,0.000,0.000,0,896,0,0
3693,3.470,3.470,2.994,0.110,0.003,0.363,1,0.000,0.000,0.000,0,920,0,0
3694,3.428,3.428,2.953,0.111,0.002,0.362,1,0.000,0.000,0.000,0,944,0,0
3695,4.276,4.276,3.350,0.434,0.004,0.488,1,0.000,0.000,0.000,0,964,0,0
3696,3.971,3.971,3.410,0.113,0.004,0.444,1,0.000,0.000,0.000,0,964,0,0
3697,3.672,3.672,3.197,0.113,0.003,0.359,1,0.000,0.000,0.000,0,964,0,0
3698,4.658,4.658,4.059,0.162,0.004,0.433,1,0.000,0.000,0.000,0,964,0,0
3699,4.132,4.132,3.699,0.113,0.003,0.317,1,0.000,0.000,0.000,0,964,0,0
3700,3.841,3.841,3.329,0.114,0.003,0.394,1,0.000,0.000,0.000,0,964,0,0
3701,4.030,4.030,3.609,0.113,0.003,0.304,1,0.000,0.000,0.000,0,964,0,0
3702,3.365,3.365,2.951,0.113,0.003,0.299,1,0.000,0.000,0.000,0,964,0,0
3703,3.467,3.467,2.937,0.112,0.003,0.415,1,0.000,0.000,0.000,0,964,0,0
3704,3.863,3.863,3.446,0.113,0.003,0.301,1,0.000,0.000,0.000,0,964,0,0
3705,3.413,3.413,2.978,0.112,0.003,0.319,1,0.000,0.000,0.000,0,964,0,0
3706,3.544,3.544,3.008,0.111,0.003,0.422,1,0.000,0.000,0.000,0,964,0,0
3707,3.974,3.974,3.528,0.144,0.003,0.299,1,0.000,0.000,0.000,0,964,1,0
3708,3.335,3.335,2.936,0.112,0.003,0.284,1,0.000,0.000,0.000,0,964,0,0
3709,3.395,3.395,2.907,0.111,0.003,0.375,1,0.000,0.000,0.000,0,964,0,0
3710,4.817,4.817,4.390,0.113,0.003,0.312,1,0.000,0.000,0.000,0,964,0,0
3711,3.966,3.966,3.567,0.116,0.003,0.279,1,0.000,0.000,0.000,0,964,0,0
3712,4.246,4.246,3.700,0.175,0.003,0.367,1,0.000,0.000,0.000,0,964,0,0
3713,4.514,4.514,4.125,0.119,0.003,0.266,1,0.000,0.000,0.000,0,964,0,0
3714,3.983,3.983,3.517,0.113,0.006,0.347,1,0.000,0.000,0.000,0,964,0,0
3715,3.539,3.539,3.025,0.111,0.003,0.401,1,0.000,0.000,0.000,0,964,0,0
3716,4.165,4.165,3.738,0.119,0.004,0.304,1,0.000,0.000,0.000,0,964,0,0
3717,3.558,3.558,3.124,0.113,0.005,0.317,1,0.000,0.000,0.000,0,964,0,0
3718,3.472,3.472,2.957,0.112,0.003,0.400,1,0.000,0.000,0.000,0,964,0,0
3719,4.055,4.055,3.613,0.113,0.003,0.326,1,0.000,0.000,0.000,0,960,0,0
3720,3.384,3.384,2.947,0.111,0.003,0.323,1,0.000,0.000,0.000,0,960,0,0
3721,4.321,4.321,3.775,0.115,0.003,0.427,1,0.000,0.000,0.000,0,1336,0,0
3722,4.909,4.909,4.451,0.122,0.005,0.330,1,0.000,0.000,0.000,0,1336,0,0
3723,3.905,3.905,3.500,0.117,0.004,0.284,1,0.000,0.000,0.000,0,1336,0,0
3724,5.597,5.597,5.076,0.121,0.003,0.397,1,0.000,0.000,0.000,0,1336,0,0
3725,4.343,4.343,3.892,0.119,0.006,0.327,1,0.000,0.000,0.000,0,1336,0,0
3726,3.723,3.723,3.297,0.116,0.003,0.307,1,0.000,0.000,0.000,0,1336,0,0
3727,3.819,3.819,3.299,0.116,0.003,0.401,1,0.000,0.000,0.000,0,1336,0,0
3728,3.699,3.699,3.303,0.115,0.003,0.278,1,0.000,0.000,0.000,0,1336,0,0
3729,5.201,5.201,4.694,0.119,0.004,0.384,1,0.000,0.000,0.000,0,1336,0,0
3730,4.689,4.689,4.098,0.119,0.004,0.469,1,0.000,0.000,0.000,0,1336,0,0
3731,4.250,4.250,3.755,0.119,0.003,0.373,1,0.000,0.000,0.000,0,1336,0,0
3732,4.282,4.282,3.785,0.132,0.003,0.362,1,0.000,0.000,0.000,0,1336,0,0
3733,3.998,3.998,3.417,0.118,0.004,0.459,1,0.000,0.000,0.000,0,1336,0,0
3734,3.742,3.742,3.278,0.117,0.002,0.344,1,0.000,0.000,0.000,0,1336,0,0
3735,4.289,4.289,3.341,0.119,0.003,0.826,1,0.000,0.000,0.000,0,1336,0,0
3736,7.048,7.048,6.429,0.119,0.005,0.495,1,0.000,0.000,0.000,0,1336,0,0
3737,4.366,4.366,3.418,0.117,0.004,0.828,1,0.000,0.000,0.000,0,1336,0,0
3738,3.765,3.765,3.320,0.117,0.004,0.324,1,0.000,0.000,0.000,0,1336,0,0
3739,3.734,3.734,3.203,0.117,0.003,0.411,1,0.000,0.000,0.000,0,1336,0,0
3740,3.993,3.993,3.379,0.116,0.003,0.495,1,0.000,0.000,0.000,0,1336,0,0
3741,3.585,3.585,3.187,0.115,0.003,0.280,1,0.000,0.000,0.000,0,1336,0,0
3742,3.588,3.588,3.181,0.120,0.003,0.284,1,0.000,0.000,0.000,0,1348,0,0
3743,3.454,3.454,3.142,0.119,0.002,0.191,1,0.000,0.000,0.000,0,1348,0,0
3744,4.167,4.167,3.801,0.121,0.003,0.242,1,0.000,0.000,0.000,0,1348,0,0
3745,3.603,3.603,3.154,0.120,0.003,0.328,1,0.000,0.000,0.000,0,1348,0,0
3746,3.672,3.672,3.221,0.121,0.003,0.328,1,0.000,0.000,0.000,0,1348,0,0
3747,4.064,4.064,3.687,0.121,0.003,0.252,1,0.000,0.000,0.000,0,1348,0,0
3748,4.444,4.444,3.794,0.323,0.008,0.319,1,0.000,0.000,0.000,0,1348,0,0
3749,4.365,4.365,4.013,0.120,0.004,0.227,1,0.000,0.000,0.000,0,1348,0,0
3750,4.480,4.480,4.118,0.121,0.006,0.234,1,0.000,0.000,0.000,0,1348,0,0
3751,3.808,3.808,3.433,0.121,0.003,0.251,1,0.000,0.000,0.000,0,1348,0,0
3752,4.223,4.223,3.888,0.124,0.003,0.208,1,0.000,0.000,0.000,0,1348,0,0
3753,4.548,4.548,4.234,0.120,0.003,0.191,1,0.000,0.000,0.000,0,1348,0,0
3754,3.509,3.509,3.139,0.118,0.003,0.249,1,0.000,0.000,0.000,0,1348,0,0
3755,3.493,3.493,3.164,0.135,0.003,0.190,1,0.000,0.000,0.000,0,1348,0,0
3756,3.409,3.409,3.099,0.120,0.002,0.188,1,0.000,0.000,0.000,0,1348,0,0
3757,3.446,3.446,3.087,0.118,0.003,0.238,1,0.000,0.000,0.000,0,1348,0,0
3758,3.731,3.731,3.417,0.121,0.003,0.190,1,0.000,0.000,0.000,0,1820,0,0
3759,3.862,3.862,3.528,0.121,0.003,0.211,1,0.000,0.000,0.000,0,1820,0,0
3760,3.804,3.804,3.366,0.122,0.003,0.314,1,0.000,0.000,0.000,0,1820,0,0
3761,4.685,4.685,4.320,0.130,0.003,0.232,1,0.000,0.000,0.000,0,1820,0,0
3762,4.373,4.373,4.004,0.122,0.006,0.241,1,0.000,0.000,0.000,0,1820,0,0
3763,4.512,4.512,4.078,0.141,0.005,0.288,1,0.000,0.000,0.000,0,1820,0,0
3764,5.281,5.281,4.935,0.128,0.004,0.214,1,0.000,0.000,0.000,0,1820,0,0
3765,4.227,4.227,3.885,0.122,0.003,0.217,1,0.000,0.000,0.000,0,1820,0,0
3766,4.178,4.178,3.743,0.121,0.003,0.311,1,0.000,0.000,0.000,0,1820,0,0
3767,4.728,4.728,4.325,0.123,0.006,0.273,1,0.000,0.000,0.000,0,1820,0,0
3768,4.130,4.130,3.758,0.136,0.003,0.233,1,0.000,0.000,0.000,0,1820,0,0
3769,4.737,4.737,4.272,0.124,0.004,0.337,1,0.000,0.000,0.000,0,1820,0,0
3770,4.408,4.408,4.022,0.123,0.004,0.258,1,0.000,0.000,0.000,0,1820,0,0
3771,4.079,4.079,3.641,0.190,0.004,0.244,1,0.000,0.000,0.000,0,1820,1,0
3772,4.652,4.652,4.194,0.123,0.004,0.331,1,0.000,0.000,0.000,0,1820,0,0
3773,3.829,3.829,3.461,0.120,0.004,0.244,1,0.000,0.000,0.000,0,1820,0,0
3774,4.257,4.257,3.840,0.139,0.003,0.275,1,0.000,0.000,0.000,0,1820,0,0
3775,5.419,5.419,4.921,0.135,0.003,0.360,1,0.000,0.000,0.000,0,1820,0,0
3776,4.384,4.384,4.005,0.129,0.003,0.246,1,0.000,0.000,0.000,0,1820,0,0
3777,4.220,4.220,3.845,0.124,0.003,0.248,1,0.000,0.000,0.000,0,1820,0,0
3778,4.241,4.241,3.746,0.122,0.006,0.367,1,0.000,0.000,0.000,0,1820,0,0
3779,4.128,4.128,3.726,0.133,0.003,0.265,1,0.000,0.000,0.000,0,1820,0,0
3780,4.325,4.325,3.937,0.121,0.004,0.263,1,0.000,0.000,0.000,0,1820,0,0
3781,3.851,3.851,3.382,0.121,0.003,0.344,1,0.000,0.000,0.000,0,1820,0,0
3782,4.247,4.247,3.848,0.121,0.003,0.275,1,0.000,0.000,0.000,0,1820,0,0
3783,4.009,4.009,3.632,0.116,0.004,0.257,1,0.000,0.000,0.000,0,740,0,0
3784,3.935,3.935,3.508,0.114,0.005,0.308,1,0.000,0.000,0.000,0,740,0,0
3785,3.618,3.618,3.257,0.115,0.004,0.242,1,0.000,0.000,0.000,0,740,0,0
3786,4.029,4.029,3.683,0.119,0.003,0.223,1,0.000,0.000,0.000,0,740,0,0
3787,4.622,4.622,4.211,0.118,0.003,0.290,1,0.000,0.000,0.000,0,740,0,0
3788,3.960,3.960,3.581,0.139,0.004,0.236,1,0.000,0.000,0.000,0,740,0,0
3789,3.478,3.478,3.112,0.121,0.003,0.242,1,0.000,0.000,0.000,0,740,0,0
3790,3.760,3.760,3.207,0.115,0.005,0.434,1,0.000,0.000,0.000,0,740,0,0
3791,3.630,3.630,3.183,0.118,0.004,0.325,1,0.000,0.000,0.000,0,740,0,0
3792,3.352,3.352,2.915,0.114,0.003,0.320,1,0.000,0.000,0.000,0,740,0,0
3793,3.721,3.721,3.163,0.121,0.004,0.432,1,0.000,0.000,0.000,0,740,0,0
3794,3.527,3.527,3.076,0.115,0.004,0.332,1,0.000,0.000,0.000,0,740,0,0
3795,3.333,3.333,2.896,0.115,0.003,0.319,1,0.000,0.000,0.000,0,740,0,0
3796,3.430,3.430,2.890,0.115,0.003,0.422,1,0.000,0.000,0.000,0,740,0,0
3797,3.390,3.390,2.969,0.115,0.003,0.303,1,0.000,0.000,0.000,0,740,0,0
3798,3.275,3.275,2.872,0.115,0.002,0.286,1,0.000,0.000,0.000,0,740,0,0
3799,4.086,4.086,3.590,0.145,0.004,0.346,1,0.000,0.000,0.000,0,740,0,0
3800,3.659,3.659,3.238,0.117,0.004,0.300,1,0.000,0.000,0.000,0,740,0,0
3801,4.471,4.471,3.954,0.123,0.005,0.389,1,0.000,0.000,0.000,0,736,0,0
3802,3.748,3.748,3.296,0.182,0.003,0.268,1,0.000,0.000,0.000,0,736,0,0
3803,3.504,3.504,3.101,0.115,0.005,0.283,1,0.000,0.000,0.000,0,736,0,0
3804,3.474,3.474,2.962,0.135,0.003,0.374,1,0.000,0.000,0.000,0,736,0,0
3805,3.436,3.436,2.959,0.113,0.003,0.362,1,0.000,0.000,0.000,0,736,0,0
3806,3.378,3.378,2.874,0.113,0.003,0.388,1,0.000,0.000,0.000,0,736,0,0
3807,3.596,3.596,2.922,0.115,0.003,0.556,1,0.000,0.000,0.000,0,736,0,0
3808,3.763,3.763,3.221,0.112,0.003,0.427,1,0.000,0.000,0.000,0,736,0,0
3809,3.476,3.476,2.932,0.113,0.003,0.428,1,0.000,0.000,0.000,0,736,0,0
3810,3.499,3.499,2.825,0.113,0.003,0.558,1,0.000,0.000,0.000,0,736,0,0
3811,4.841,4.841,4.318,0.114,0.003,0.406,1,0.000,0.000,0.000,0,736,0,0
3812,3.409,3.409,2.897,0.114,0.003,0.395,1,0.000,0.000,0.000,0,736,0,0
3813,4.067,4.067,3.314,0.221,0.004,0.527,1,0.000,0.000,0.000,0,736,0,0
3814,5.589,5.589,5.085,0.116,0.003,0.384,1,0.000,0.000,0.000,0,736,0,0
3815,3.675,3.675,3.185,0.115,0.004,0.371,1,0.000,0.000,0.000,0,736,0,0
3816,3.740,3.740,3.148,0.115,0.003,0.474,1,0.000,0.000,0.000,0,736,0,0
3817,3.364,3.364,2.874,0.130,0.003,0.357,1,0.000,0.000,0.000,0,736,0,0
3818,3.321,3.321,2.846,0.114,0.003,0.357,1,0.000,0.000,0.000,0,736,0,0
3819,3.416,3.416,2.824,0.114,0.003,0.475,1,0.000,0.000,0.000,0,736,0,0
3820,4.556,4.556,4.064,0.131,0.003,0.358,1,0.000,0.000,0.000,0,736,0,0
3821,3.306,3.306,2.845,0.115,0.003,0.343,1,0.000,0.000,0.000,0,736,0,0
3822,3.393,3.393,2.837,0.113,0.003,0.440,1,0.000,0.000,0.000,0,736,0,0
3823,3.383,3.383,2.935,0.125,0.003,0.321,1,0.000,0.000,0.000,0,736,0,0
3824,3.237,3.237,2.794,0.114,0.002,0.327,1,0.000,0.000,0.000,0,736,0,0
3825,3.366,3.366,2.818,0.113,0.002,0.432,1,0.000,0.000,0.000,0,736,0,0
3826,3.249,3.249,2.815,0.114,0.003,0.317,1,0.000,0.000,0.000,0,736,0,0
3827,3.982,3.982,3.514,0.129,0.006,0.332,1,0.000,0.000,0.000,0,736,0,0
3828,5.114,5.114,4.575,0.119,0.004,0.416,1,0.000,0.000,0.000,0,736,0,0
3829,5.075,5.075,4.636,0.117,0.005,0.317,1,0.000,0.000,0.000,0,736,0,0
3830,3.338,3.338,2.925,0.113,0.003,0.297,1,0.000,0.000,0.000,0,736,0,0
3831,3.351,3.351,2.842,0.114,0.002,0.393,1,0.000,0.000,0.000,0,736,0,0
3832,3.247,3.247,2.816,0.113,0.003,0.315,1,0.000,0.000,0.000,0,736,0,0
3833,3.202,3.202,2.792,0.112,0.003,0.295,1,0.000,0.000,0.000,0,736,0,0
3834,3.317,3.317,2.811,0.114,0.003,0.390,1,0.000,0.000,0.000,0,736,0,0
3835,3.509,3.509,3.071,0.113,0.002,0.323,1,0.000,0.000,0.000,0,736,0,0
3836,4.046,4.046,3.581,0.115,0.004,0.346,1,0.000,0.000,0.000,0,736,0,0
3837,3.461,3.461,2.940,0.114,0.003,0.404,1,0.000,0.000,0.000,0,736,0,0
3838,3.572,3.572,3.142,0.119,0.004,0.307,1,0.000,0.000,0.000,0,736,0,0
3839,4.249,4.249,3.814,0.115,0.003,0.317,1,0.000,0.000,0.000,0,736,0,0
3840,3.422,3.422,2.915,0.114,0.003,0.390,1,0.000,0.000,0.000,0,736,0,0
3841,3.404,3.404,2.994,0.114,0.003,0.294,1,0.000,0.000,0.000,0,736,0,0
3842,3.800,3.800,3.366,0.115,0.003,0.316,1,0.000,0.000,0.000,0,736,0,0
3843,3.465,3.465,2.972,0.115,0.003,0.376,1,0.000,0.000,0.000,0,736,0,0
3844,3.229,3.229,2.817,0.113,0.002,0.296,1,0.000,0.000,0.000,0,736,0,0
3845,3.251,3.251,2.855,0.114,0.003,0.281,1,0.000,0.000,0.000,0,736,0,0
3846,3.264,3.264,2.789,0.113,0.003,0.359,1,0.000,0.000,0.000,0,736,0,0
3847,3.135,3.135,2.762,0.114,0.002,0.257,1,0.000,0.000,0.000,0,736,0,0
3848,4.423,4.423,4.030,0.118,0.005,0.271,1,0.000,0.000,0.000,0,736,0,0
3849,3.848,3.848,3.341,0.115,0.004,0.388,1,0.000,0.000,0.000,0,736,0,0
3850,3.401,3.401,3.011,0.115,0.003,0.272,1,0.000,0.000,0.000,0,736,0,0
3851,3.359,3.359,2.911,0.114,0.003,0.331,1,0.000,0.000,0.000,0,736,0,0
3852,3.927,3.927,3.396,0.115,0.003,0.414,1,0.000,0.000,0.000,0,736,0,0
3853,3.278,3.278,2.850,0.114,0.003,0.311,1,0.000,0.000,0.000,0,736,0,0
3854,3.222,3.222,2.776,0.134,0.003,0.309,1,0.000,0.000,0.000,0,736,0,0
3855,3.758,3.758,3.220,0.121,0.003,0.414,1,0.000,0.000,0.000,0,736,0,0
3856,3.355,3.355,2.922,0.114,0.003,0.316,1,0.000,0.000,0.000,0,736,0,0
3857,4.458,4.458,4.013,0.116,0.005,0.323,1,0.000,0.000,0.000,0,736,0,0
3858,3.860,3.860,3.348,0.117,0.003,0.392,1,0.000,0.000,0.000,0,736,0,0
3859,3.493,3.493,3.053,0.114,0.003,0.323,1,0.000,0.000,0.000,0,736,0,0
3860,3.213,3.213,2.819,0.114,0.003,0.277,1,0.000,0.000,0.000,0,736,0,0
3861,3.608,3.608,3.122,0.115,0.003,0.368,1,0.000,0.000,0.000,0,736,0,0
3862,3.427,3.427,3.020,0.114,0.004,0.290,1,0.000,0.000,0.000,0,736,0,0
3863,3.226,3.226,2.809,0.113,0.003,0.300,1,0.000,0.000,0.000,0,736,0,0
3864,3.294,3.294,2.811,0.113,0.003,0.368,1,0.000,0.000,0.000,0,736,0,0
3865,3.654,3.654,3.296,0.115,0.003,0.241,1,0.000,0.000,0.000,0,736,0,0
3866,3.252,3.252,2.904,0.114,0.003,0.231,1,0.000,0.000,0.000,0,736,0,0
3867,3.517,3.517,3.200,0.120,0.004,0.193,1,0.000,0.000,0.000,0,736,0,0
3868,3.809,3.809,3.560,0.118,0.003,0.128,1,0.000,0.000,0.000,0,736,0,0
3869,3.732,3.732,3.466,0.115,0.005,0.146,1,0.000,0.000,0.000,0,736,0,0
3870,3.248,3.248,2.957,0.114,0.003,0.175,1,0.000,0.000,0.000,0,736,0,0
3871,3.742,3.742,3.479,0.118,0.005,0.140,1,0.000,0.000,0.000,0,736,0,0
3872,3.496,3.496,3.253,0.115,0.003,0.125,1,0.000,0.000,0.000,0,736,0,0
3873,3.515,3.515,3.179,0.182,0.003,0.151,1,0.000,0.000,0.000,0,736,1,0
3874,3.240,3.240,3.009,0.114,0.004,0.113,1,0.000,0.000,0.000,0,736,0,0
3875,3.034,3.034,2.819,0.114,0.003,0.099,1,0.000,0.000,0.000,0,736,0,0
3876,3.051,3.051,2.807,0.114,0.003,0.128,1,0.000,0.000,0.000,0,736,0,0
3877,3.185,3.185,2.950,0.113,0.003,0.119,1,0.000,0.000,0.000,0,736,0,0
3878,3.139,3.139,2.904,0.113,0.002,0.120,1,0.000,0.000,0.000,0,736,0,0
3879,3.163,3.163,2.893,0.113,0.002,0.155,1,0.000,0.000,0.000,0,736,0,0
3880,3.531,3.531,3.278,0.116,0.004,0.133,1,0.000,0.000,0.000,0,736,0,0
3881,3.734,3.734,3.491,0.117,0.003,0.122,1,0.000,0.000,0.000,0,736,0,0
3882,3.561,3.561,3.244,0.114,0.003,0.199,1,0.000,0.000,0.000,0,736,0,0
3883,3.924,3.924,3.666,0.118,0.004,0.135,1,0.000,0.000,0.000,0,736,0,0
3884,4.318,4.318,4.063,0.116,0.003,0.135,1,0.000,0.000,0.000,0,736,0,0
3885,3.723,3.723,3.416,0.115,0.005,0.186,1,0.000,0.000,0.000,0,736,0,0
3886,3.256,3.256,3.009,0.113,0.003,0.131,1,0.000,0.000,0.000,0,736,0,0
3887,3.163,3.163,2.917,0.113,0.003,0.130,1,0.000,0.000,0.000,0,736,0,0
3888,3.280,3.280,3.005,0.113,0.003,0.159,1,0.000,0.000,0.000,0,736,0,0
3889,3.176,3.176,2.919,0.114,0.003,0.140,1,0.000,0.000,0.000,0,736,0,0
3890,3.094,3.094,2.879,0.113,0.003,0.099,1,0.000,0.000,0.000,0,736,0,0
3891,3.131,3.131,2.886,0.113,0.003,0.130,1,0.000,0.000,0.000,0,736,0,0
3892,3.041,3.041,2.828,0.114,0.003,0.097,1,0.000,0.000,0.000,0,736,0,0
3893,3.005,3.005,2.791,0.114,0.003,0.097,1,0.000,0.000,0.000,0,736,0,0
3894,3.052,3.052,2.810,0.114,0.003,0.125,1,0.000,0.000,0.000,0,736,0,0
3895,3.375,3.375,3.145,0.125,0.004,0.102,1,0.000,0.000,0.000,0,736,0,0
3896,4.256,4.256,4.054,0.116,0.003,0.082,1,0.000,0.000,0.000,0,736,0,0
3897,3.301,3.301,3.015,0.115,0.003,0.168,1,0.000,0.000,0.000,0,736,0,0
3898,3.337,3.337,3.088,0.113,0.003,0.133,1,0.000,0.000,0.000,0,736,0,0
3899,3.590,3.590,3.292,0.114,0.003,0.180,1,0.000,0.000,0.000,0,736,0,0
3900,3.540,3.540,3.269,0.122,0.006,0.144,1,0.000,0.000,0.000,0,736,0,0
3901,3.227,3.227,2.984,0.115,0.004,0.126,1,0.000,0.000,0.000,0,736,0,0
3902,3.122,3.122,2.863,0.113,0.003,0.144,1,0.000,0.000,0.000,0,736,0,0
3903,3.075,3.075,2.863,0.114,0.003,0.096,1,0.000,0.000,0.000,0,736,0,0
3904,3.513,3.513,3.298,0.116,0.004,0.096,1,0.000,0.000,0.000,0,736,0,0
3905,3.256,3.256,3.030,0.115,0.003,0.108,1,0.000,0.000,0.000,0,736,0,0
3906,3.088,3.088,2.890,0.113,0.003,0.082,1,0.000,0.000,0.000,0,736,0,0
3907,3.031,3.031,2.832,0.114,0.003,0.082,1,0.000,0.000,0.000,0,736,0,0
3908,3.229,3.229,2.990,0.114,0.003,0.122,1,0.000,0.000,0.000,0,736,0,0
3909,3.037,3.037,2.838,0.113,0.003,0.083,1,0.000,0.000,0.000,0,736,0,0
3910,3.074,3.074,2.878,0.113,0.003,0.080,1,0.000,0.000,0.000,0,736,0,0
3911,3.152,3.152,2.942,0.112,0.003,0.095,1,0.000,0.000,0.000,0,736,0,0
3912,3.838,3.838,3.562,0.117,0.004,0.155,1,0.000,0.000,0.000,0,736,0,0
3913,3.628,3.628,3.370,0.115,0.004,0.139,1,0.000,0.000,0.000,0,736,0,0
3914,3.194,3.194,2.904,0.112,0.003,0.175,1,0.000,0.000,0.000,0,736,0,0
3915,3.132,3.132,2.879,0.114,0.003,0.136,1,0.000,0.000,0.000,0,736,0,0
3916,3.093,3.093,2.841,0.114,0.002,0.136,1,0.000,0.000,0.000,0,736,0,0
3917,3.116,3.116,2.824,0.112,0.002,0.178,1,0.000,0.000,0.000,0,736,0,0
3918,3.129,3.129,2.879,0.115,0.003,0.132,1,0.000,0.000,0.000,0,736,0,0
3919,3.183,3.183,2.929,0.114,0.003,0.137,1,0.000,0.000,0.000,0,736,0,0
3920,3.086,3.086,2.830,0.113,0.002,0.142,1,0.000,0.000,0.000,0,736,0,0
3921,3.007,3.007,2.812,0.112,0.002,0.080,1,0.000,0.000,0.000,0,736,0,0
3922,2.983,2.983,2.789,0.112,0.002,0.079,1,0.000,0.000,0.000,0,736,0,0
3923,3.018,3.018,2.800,0.113,0.002,0.103,1,0.000,0.000,0.000,0,736,0,0
3924,4.114,4.114,3.853,0.118,0.004,0.139,1,0.000,0.000,0.000,0,736,0,0
3925,3.655,3.655,3.375,0.117,0.004,0.159,1,0.000,0.000,0.000,0,736,0,0
3926,3.736,3.736,3.382,0.119,0.003,0.231,1,0.000,0.000,0.000,0,736,0,0
3927,3.560,3.560,3.111,0.115,0.004,0.330,1,0.000,0.000,0.000,0,736,0,0
3928,3.346,3.346,2.949,0.115,0.003,0.279,1,0.000,0.000,0.000,0,736,0,0
3929,3.327,3.327,2.846,0.112,0.003,0.366,1,0.000,0.000,0.000,0,736,0,0
3930,3.216,3.216,2.824,0.112,0.003,0.277,1,0.000,0.000,0.000,0,736,0,0
3931,3.255,3.255,2.862,0.114,0.003,0.276,1,0.000,0.000,0.000,0,736,0,0
3932,3.319,3.319,2.821,0.114,0.003,0.382,1,0.000,0.000,0.000,0,736,0,0
3933,3.214,3.214,2.802,0.135,0.003,0.275,1,0.000,0.000,0.000,0,736,0,0
3934,3.225,3.225,2.853,0.113,0.002,0.256,1,0.000,0.000,0.000,0,736,0,0
3935,3.289,3.289,2.809,0.113,0.003,0.365,1,0.000,0.000,0.000,0,736,0,0
3936,3.640,3.640,3.235,0.122,0.006,0.278,1,0.000,0.000,0.000,0,736,0,0
3937,3.791,3.791,3.315,0.116,0.019,0.341,1,0.000,0.000,0.000,0,736,0,0
3938,3.619,3.619,3.113,0.116,0.004,0.387,1,0.000,0.000,0.000,0,736,0,0
3939,3.293,3.293,2.892,0.114,0.003,0.285,1,0.000,0.000,0.000,0,736,0,0
3940,3.193,3.193,2.815,0.114,0.003,0.261,1,0.000,0.000,0.000,0,736,0,0
3941,3.817,3.817,3.353,0.115,0.003,0.346,1,0.000,0.000,0.000,0,736,0,0
3942,3.424,3.424,3.011,0.113,0.003,0.297,1,0.000,0.000,0.000,0,736,0,0
3943,3.260,3.260,2.877,0.113,0.003,0.267,1,0.000,0.000,0.000,0,736,0,0
3944,3.364,3.364,2.911,0.115,0.003,0.336,1,0.000,0.000,0.000,0,736,0,0
3945,3.179,3.179,2.811,0.113,0.003,0.253,1,0.000,0.000,0.000,0,736,0,0
3946,3.197,3.197,2.829,0.113,0.003,0.252,1,0.000,0.000,0.000,0,736,0,0
3947,3.422,3.422,2.949,0.114,0.003,0.356,1,0.000,0.000,0.000,0,736,0,0
3948,3.235,3.235,2.849,0.114,0.002,0.270,1,0.000,0.000,0.000,0,736,0,0
3949,3.185,3.185,2.809,0.112,0.002,0.261,1,0.000,0.000,0.000,0,736,0,0
3950,3.410,3.410,2.927,0.113,0.003,0.366,1,0.000,0.000,0.000,0,736,0,0
3951,3.408,3.408,3.032,0.115,0.003,0.259,1,0.000,0.000,0.000,0,736,0,0
3952,3.196,3.196,2.823,0.114,0.003,0.256,1,0.000,0.000,0.000,0,736,0,0
3953,3.289,3.289,2.832,0.114,0.003,0.340,1,0.000,0.000,0.000,0,736,0,0
3954,3.214,3.214,2.840,0.115,0.003,0.256,1,0.000,0.000,0.000,0,736,0,0
3955,3.157,3.157,2.786,0.113,0.003,0.255,1,0.000,0.000,0.000,0,736,0,0
3956,3.281,3.281,2.826,0.115,0.003,0.338,1,0.000,0.000,0.000,0,736,0,0
3957,3.303,3.303,2.923,0.114,0.003,0.263,1,0.000,0.000,0.000,0,736,0,0
3958,3.238,3.238,2.837,0.114,0.003,0.284,1,0.000,0.000,0.000,0,736,0,0
3959,3.548,3.548,3.070,0.114,0.003,0.361,1,0.000,0.000,0.000,0,736,0,0
3960,3.290,3.290,2.901,0.113,0.003,0.273,1,0.000,0.000,0.000,0,736,0,0
3961,3.383,3.383,2.987,0.114,0.003,0.279,1,0.000,0.000,0.000,0,736,0,0
3962,3.405,3.405,2.925,0.115,0.003,0.362,1,0.000,0.000,0.000,0,736,0,0
3963,3.311,3.311,2.923,0.114,0.003,0.271,1,0.000,0.000,0.000,0,736,0,0
3964,3.365,3.365,2.943,0.112,0.003,0.306,1,0.000,0.000,0.000,0,736,0,0
3965,3.497,3.497,3.007,0.113,0.003,0.375,1,0.000,0.000,0.000,0,736,0,0
3966,4.523,4.523,4.104,0.117,0.005,0.297,1,0.000,0.000,0.000,0,736,0,0
3967,3.506,3.506,3.118,0.114,0.004,0.270,1,0.000,0.000,0.000,0,736,0,0
3968,3.415,3.415,2.958,0.113,0.003,0.341,1,0.000,0.000,0.000,0,736,0,0
3969,3.271,3.271,2.898,0.114,0.003,0.256,1,0.000,0.000,0.000,0,736,0,0
3970,3.265,3.265,2.892,0.113,0.002,0.257,1,0.000,0.000,0.000,0,736,0,0
3971,3.358,3.358,2.902,0.113,0.002,0.340,1,0.000,0.000,0.000,0,736,0,0
3972,3.510,3.510,3.077,0.113,0.002,0.317,1,0.000,0.000,0.000,0,736,0,0
3973,3.438,3.438,2.987,0.114,0.003,0.335,1,0.000,0.000,0.000,0,736,0,0
3974,3.362,3.362,2.837,0.112,0.003,0.410,1,0.000,0.000,0.000,0,736,0,0
3975,3.381,3.381,2.890,0.114,0.003,0.375,1,0.000,0.000,0.000,0,736,0,0
3976,3.280,3.280,2.843,0.113,0.003,0.321,1,0.000,0.000,0.000,0,736,0,0
3977,3.335,3.335,2.810,0.114,0.003,0.409,1,0.000,0.000,0.000,0,736,0,0
3978,3.317,3.317,2.884,0.114,0.003,0.316,1,0.000,0.000,0.000,0,736,0,0
3979,3.321,3.321,2.891,0.114,0.003,0.313,1,0.000,0.000,0.000,0,736,0,0
3980,5.665,5.665,5.103,0.120,0.005,0.436,1,0.000,0.000,0.000,0,736,0,0
3981,3.805,3.805,3.362,0.117,0.005,0.322,1,0.000,0.000,0.000,0,736,0,0
3982,3.341,3.341,2.926,0.113,0.003,0.298,1,0.000,0.000,0.000,0,736,0,0
3983,3.444,3.444,2.935,0.114,0.003,0.392,1,0.000,0.000,0.000,0,736,0,0
3984,3.550,3.550,3.118,0.121,0.004,0.306,1,0.000,0.000,0.000,0,736,0,0
3985,4.443,4.443,4.017,0.114,0.003,0.308,1,0.000,0.000,0.000,0,736,0,0
3986,3.365,3.365,2.886,0.114,0.003,0.362,1,0.000,0.000,0.000,0,736,0,0
3987,3.138,3.138,2.835,0.114,0.003,0.186,1,0.000,0.000,0.000,0,736,0,0
3988,3.227,3.227,2.905,0.113,0.003,0.207,1,0.000,0.000,0.000,0,736,0,0
3989,3.230,3.230,2.851,0.113,0.003,0.264,1,0.000,0.000,0.000,0,736,0,0
3990,3.058,3.058,2.795,0.112,0.003,0.148,1,0.000,0.000,0.000,0,736,0,0
3991,3.111,3.111,2.812,0.145,0.003,0.151,1,0.000,0.000,0.000,0,736,1,0
3992,3.880,3.880,3.561,0.116,0.004,0.198,1,0.000,0.000,0.000,0,736,0,0
3993,4.730,4.730,4.399,0.174,0.004,0.153,1,0.000,0.000,0.000,0,736,0,0
3994,3.833,3.833,3.566,0.117,0.012,0.138,1,0.000,0.000,0.000,0,736,0,0
3995,3.686,3.686,3.386,0.116,0.004,0.180,1,0.000,0.000,0.000,0,736,0,0
3996,3.327,3.327,3.084,0.114,0.003,0.125,1,0.000,0.000,0.000,0,736,0,0
3997,3.077,3.077,2.836,0.112,0.003,0.126,1,0.000,0.000,0.000,0,736,0,0
3998,3.129,3.129,2.860,0.114,0.002,0.152,1,0.000,0.000,0.000,0,736,0,0
3999,3.028,3.028,2.797,0.113,0.002,0.115,1,0.000,0.000,0.000,0,736,0,0
4000,3.059,3.059,2.793,0.112,0.002,0.151,1,0.000,0.000,0.000,0,736,0,0
4001,3.056,3.056,2.825,0.114,0.002,0.115,1,0.000,0.000,0.000,0,736,0,0
4002,2.999,2.999,2.778,0.113,0.002,0.105,1,0.000,0.000,0.000,0,736,0,0
4003,3.219,3.219,2.948,0.114,0.003,0.154,1,0.000,0.000,0.000,0,736,0,0
4004,3.059,3.059,2.835,0.114,0.003,0.108,1,0.000,0.000,0.000,0,736,0,0
4005,3.444,3.444,3.212,0.117,0.004,0.112,1,0.000,0.000,0.000,0,736,0,0
4006,4.097,4.097,3.832,0.119,0.003,0.142,1,0.000,0.000,0.000,0,736,0,0
4007,4.278,4.278,4.054,0.120,0.002,0.102,1,0.000,0.000,0.000,0,736,0,0
4008,3.849,3.849,3.625,0.114,0.003,0.107,1,0.000,0.000,0.000,0,736,0,0
4009,3.888,3.888,3.631,0.122,0.003,0.132,1,0.000,0.000,0.000,0,736,0,0
4010,3.621,3.621,3.377,0.116,0.007,0.120,1,0.000,0.000,0.000,0,736,0,0
4011,3.858,3.858,3.598,0.117,0.005,0.138,1,0.000,0.000,0.000,0,736,0,0
4012,3.176,3.176,2.941,0.114,0.003,0.118,1,0.000,0.000,0.000,0,736,0,0
4013,3.047,3.047,2.854,0.114,0.002,0.077,1,0.000,0.000,0.000,0,736,0,0
4014,3.564,3.564,3.351,0.120,0.006,0.087,1,0.000,0.000,0.000,0,736,0,0
4015,3.844,3.844,3.626,0.115,0.004,0.100,1,0.000,0.000,0.000,0,736,0,0
4016,3.457,3.457,3.256,0.117,0.004,0.080,1,0.000,0.000,0.000,0,736,0,0
4017,3.641,3.641,3.443,0.115,0.004,0.080,1,0.000,0.000,0.000,0,736,0,0
4018,3.527,3.527,3.312,0.114,0.003,0.098,1,0.000,0.000,0.000,0,736,0,0
4019,3.664,3.664,3.436,0.116,0.004,0.108,1,0.000,0.000,0.000,0,736,0,0
4020,3.983,3.983,3.755,0.127,0.004,0.097,1,0.000,0.000,0.000,0,736,0,0
4021,3.988,3.988,3.753,0.112,0.004,0.119,1,0.000,0.000,0.000,0,736,0,0
4022,3.751,3.751,3.524,0.117,0.005,0.105,1,0.000,0.000,0.000,0,736,0,0
4023,3.168,3.168,2.956,0.114,0.003,0.095,1,0.000,0.000,0.000,0,736,0,0
4024,3.109,3.109,2.871,0.115,0.003,0.120,1,0.000,0.000,0.000,0,736,0,0
4025,2.999,2.999,2.806,0.114,0.003,0.076,1,0.000,0.000,0.000,0,736,0,0
4026,3.056,3.056,2.866,0.114,0.003,0.074,1,0.000,0.000,0.000,0,736,0,0
4027,3.009,3.009,2.818,0.113,0.003,0.076,1,0.000,0.000,0.000,0,736,0,0
4028,2.991,2.991,2.796,0.133,0.003,0.059,1,0.000,0.000,0.000,0,736,0,0
4029,2.940,2.940,2.765,0.115,0.003,0.058,1,0.000,0.000,0.000,0,736,0,0
4030,3.008,3.008,2.815,0.115,0.002,0.076,1,0.000,0.000,0.000,0,736,0,0
4031,3.039,3.039,2.863,0.113,0.003,0.060,1,0.000,0.000,0.000,0,736,0,0
4032,3.810,3.810,3.624,0.117,0.005,0.064,1,0.000,0.000,0.000,0,736,0,0
4033,3.708,3.708,3.487,0.117,0.004,0.100,1,0.000,0.000,0.000,0,736,0,0
4034,3.607,3.607,3.350,0.115,0.004,0.138,1,0.000,0.000,0.000,0,736,0,0
4035,3.334,3.334,3.097,0.114,0.004,0.119,1,0.000,0.000,0.000,0,736,0,0
4036,4.387,4.387,4.111,0.116,0.004,0.157,1,0.000,0.000,0.000,0,736,0,0
4037,3.767,3.767,3.533,0.116,0.003,0.114,1,0.000,0.000,0.000,0,736,0,0
4038,3.761,3.761,3.516,0.116,0.005,0.124,1,0.000,0.000,0.000,0,736,0,0
4039,3.223,3.223,2.953,0.118,0.003,0.148,1,0.000,0.000,0.000,0,736,0,0
4040,3.051,3.051,2.808,0.113,0.003,0.127,1,0.000,0.000,0.000,0,736,0,0
4041,3.150,3.150,2.925,0.114,0.003,0.109,1,0.000,0.000,0.000,0,736,0,0
4042,3.803,3.803,3.512,0.114,0.002,0.174,1,0.000,0.000,0.000,0,736,0,0
4043,3.668,3.668,3.487,0.114,0.004,0.062,1,0.000,0.000,0.000,0,736,0,0
4044,3.530,3.530,3.349,0.115,0.003,0.063,1,0.000,0.000,0.000,0,736,0,0
4045,3.169,3.169,2.947,0.114,0.003,0.106,1,0.000,0.000,0.000,0,736,0,0
4046,3.011,3.011,2.802,0.113,0.003,0.094,1,0.000,0.000,0.000,0,736,0,0
4047,3.479,3.479,3.264,0.116,0.004,0.096,1,0.000,0.000,0.000,0,736,0,0
4048,3.477,3.477,3.200,0.115,0.003,0.159,1,0.000,0.000,0.000,0,736,0,0
4049,3.984,3.984,3.657,0.117,0.004,0.206,1,0.000,0.000,0.000,0,736,0,0
4050,4.695,4.695,4.401,0.116,0.003,0.175,1,0.000,0.000,0.000,0,736,0,0
4051,4.549,4.549,4.188,0.117,0.003,0.241,1,0.000,0.000,0.000,0,736,0,0
4052,3.871,3.871,3.551,0.116,0.005,0.199,1,0.000,0.000,0.000,0,736,0,0
4053,3.251,3.251,2.949,0.114,0.003,0.185,1,0.000,0.000,0.000,0,736,0,0
4054,3.253,3.253,2.864,0.142,0.003,0.244,1,0.000,0.000,0.000,0,736,0,0
4055,3.112,3.112,2.811,0.114,0.003,0.184,1,0.000,0.000,0.000,0,736,0,0
4056,3.208,3.208,2.926,0.114,0.002,0.166,1,0.000,0.000,0.000,0,736,0,0
4057,3.175,3.175,2.814,0.114,0.003,0.244,1,0.000,0.000,0.000,0,736,0,0
4058,3.132,3.132,2.846,0.115,0.003,0.169,1,0.000,0.000,0.000,0,736,0,0
4059,3.086,3.086,2.800,0.114,0.003,0.169,1,0.000,0.000,0.000,0,736,0,0
4060,3.119,3.119,2.781,0.113,0.002,0.223,1,0.000,0.000,0.000,0,736,0,0
4061,3.072,3.072,2.789,0.113,0.002,0.168,1,0.000,0.000,0.000,0,736,0,0
4062,4.116,4.116,3.830,0.113,0.003,0.171,1,0.000,0.000,0.000,0,736,0,0
4063,3.856,3.856,3.507,0.117,0.004,0.228,1,0.000,0.000,0.000,0,736,0,0
4064,4.443,4.443,4.130,0.116,0.003,0.194,1,0.000,0.000,0.000,0,736,0,0
4065,3.712,3.712,3.437,0.115,0.003,0.156,1,0.000,0.000,0.000,0,736,0,0
4066,3.205,3.205,2.898,0.115,0.003,0.189,1,0.000,0.000,0.000,0,736,0,0
4067,3.203,3.203,2.935,0.114,0.002,0.152,1,0.000,0.000,0.000,0,736,0,0
4068,3.174,3.174,2.898,0.114,0.003,0.160,1,0.000,0.000,0.000,0,736,0,0
4069,3.145,3.145,2.817,0.113,0.003,0.211,1,0.000,0.000,0.000,0,736,0,0
4070,3.057,3.057,2.782,0.113,0.003,0.160,1,0.000,0.000,0.000,0,736,0,0
4071,3.816,3.816,3.506,0.117,0.005,0.188,1,0.000,0.000,0.000,0,736,0,0
4072,3.548,3.548,3.205,0.114,0.004,0.225,1,0.000,0.000,0.000,0,736,0,0
4073,3.124,3.124,2.860,0.113,0.003,0.148,1,0.000,0.000,0.000,0,736,0,0
4074,3.086,3.086,2.824,0.113,0.003,0.146,1,0.000,0.000,0.000,0,736,0,0
4075,3.141,3.141,2.832,0.114,0.002,0.193,1,0.000,0.000,0.000,0,736,0,0
4076,3.033,3.033,2.771,0.112,0.003,0.146,1,0.000,0.000,0.000,0,736,0,0
4077,3.131,3.131,2.868,0.113,0.003,0.147,1,0.000,0.000,0.000,0,736,0,0
4078,3.114,3.114,2.804,0.114,0.002,0.194,1,0.000,0.000,0.000,0,736,0,0
4079,3.266,3.266,2.994,0.114,0.003,0.156,1,0.000,0.000,0.000,0,736,0,0
4080,3.146,3.146,2.860,0.114,0.003,0.169,1,0.000,0.000,0.000,0,736,0,0
4081,3.822,3.822,3.467,0.127,0.005,0.223,1,0.000,0.000,0.000,0,768,0,0
4082,3.323,3.323,3.026,0.122,0.004,0.171,1,0.000,0.000,0.000,0,768,0,0
4083,3.165,3.165,2.879,0.122,0.003,0.162,1,0.000,0.000,0.000,0,768,0,0
4084,3.203,3.203,2.867,0.120,0.003,0.214,1,0.000,0.000,0.000,0,768,0,0
4085,3.117,3.117,2.832,0.120,0.003,0.163,1,0.000,0.000,0.000,0,768,0,0
4086,3.104,3.104,2.820,0.121,0.002,0.161,1,0.000,0.000,0.000,0,768,0,0
4087,3.490,3.490,3.158,0.121,0.003,0.209,1,0.000,0.000,0.000,0,768,0,0
4088,3.133,3.133,2.861,0.121,0.002,0.148,1,0.000,0.000,0.000,0,768,0,0
4089,3.096,3.096,2.825,0.121,0.003,0.147,1,0.000,0.000,0.000,0,768,0,0
4090,3.157,3.157,2.840,0.121,0.002,0.194,1,0.000,0.000,0.000,0,768,0,0
4091,3.085,3.085,2.815,0.120,0.002,0.148,1,0.000,0.000,0.000,0,768,0,0
4092,3.081,3.081,2.813,0.119,0.002,0.146,1,0.000,0.000,0.000,0,768,0,0
4093,3.167,3.167,2.848,0.120,0.003,0.196,1,0.000,0.000,0.000,0,768,0,0
4094,3.167,3.167,2.917,0.119,0.003,0.128,1,0.000,0.000,0.000,0,768,0,0
4095,3.200,3.200,2.855,0.121,0.002,0.222,1,0.000,0.000,0.000,0,768,0,0
4096,3.245,3.245,2.858,0.121,0.002,0.264,1,0.000,0.000,0.000,0,768,0,0
4097,3.226,3.226,2.904,0.119,0.002,0.200,1,0.000,0.000,0.000,0,768,0,0
4098,3.233,3.233,2.846,0.121,0.003,0.264,1,0.000,0.000,0.000,0,768,0,0
4099,3.166,3.166,2.833,0.129,0.003,0.201,1,0.000,0.000,0.000,0,768,0,0
4100,3.166,3.166,2.842,0.120,0.003,0.201,1,0.000,0.000,0.000,0,768,0,0
4101,3.224,3.224,2.839,0.119,0.002,0.263,1,0.000,0.000,0.000,0,768,0,0
4102,3.800,3.800,3.448,0.125,0.005,0.223,1,0.000,0.000,0.000,0,768,0,0
4103,3.368,3.368,3.044,0.122,0.003,0.199,1,0.000,0.000,0.000,0,768,0,0
4104,3.240,3.240,2.871,0.120,0.002,0.247,1,0.000,0.000,0.000,0,768,0,0
4105,3.161,3.161,2.853,0.121,0.002,0.185,1,0.000,0.000,0.000,0,768,0,0
4106,3.137,3.137,2.831,0.119,0.003,0.185,1,0.000,0.000,0.000,0,768,0,0
4107,3.198,3.198,2.828,0.120,0.003,0.248,1,0.000,0.000,0.000,0,768,0,0
4108,3.099,3.099,2.826,0.122,0.002,0.149,1,0.000,0.000,0.000,0,768,0,0
4109,3.127,3.127,2.835,0.150,0.002,0.140,1,0.000,0.000,0.000,0,768,1,0
4110,3.312,3.312,2.973,0.121,0.003,0.216,1,0.000,0.000,0.000,0,768,0,0
4111,3.284,3.284,2.966,0.142,0.003,0.174,1,0.000,0.000,0.000,0,768,0,0
4112,4.325,4.325,4.023,0.125,0.006,0.171,1,0.000,0.000,0.000,0,768,0,0
4113,3.457,3.457,3.104,0.121,0.004,0.228,1,0.000,0.000,0.000,0,768,0,0
4114,3.236,3.236,2.937,0.130,0.003,0.166,1,0.000,0.000,0.000,0,768,0,0
4115,3.118,3.118,2.845,0.122,0.002,0.149,1,0.000,0.000,0.000,0,768,0,0
4116,3.166,3.166,2.848,0.121,0.003,0.195,1,0.000,0.000,0.000,0,768,0,0
4117,3.169,3.169,2.902,0.120,0.003,0.144,1,0.000,0.000,0.000,0,768,0,0
4118,3.116,3.116,2.852,0.120,0.003,0.141,1,0.000,0.000,0.000,0,768,0,0
4119,3.129,3.129,2.831,0.122,0.003,0.174,1,0.000,0.000,0.000,0,768,0,0
4120,3.065,3.065,2.810,0.120,0.003,0.132,1,0.000,0.000,0.000,0,768,0,0
4121,3.078,3.078,2.821,0.121,0.003,0.134,1,0.000,0.000,0.000,0,768,0,0
4122,3.125,3.125,2.823,0.119,0.002,0.179,1,0.000,0.000,0.000,0,768,0,0
4123,3.076,3.076,2.819,0.121,0.002,0.134,1,0.000,0.000,0.000,0,768,0,0
4124,3.090,3.090,2.833,0.121,0.002,0.134,1,0.000,0.000,0.000,0,768,0,0
4125,4.655,4.655,4.239,0.183,0.005,0.228,1,0.000,0.000,0.000,0,768,0,0
4126,4.685,4.685,4.397,0.124,0.003,0.160,1,0.000,0.000,0.000,0,768,0,0
4127,3.910,3.910,3.597,0.134,0.006,0.174,1,0.000,0.000,0.000,0,768,0,0
4128,3.372,3.372,3.035,0.122,0.003,0.212,1,0.000,0.000,0.000,0,768,0,0
4129,3.156,3.156,2.870,0.122,0.003,0.161,1,0.000,0.000,0.000,0,768,0,0
4130,3.160,3.160,2.877,0.121,0.002,0.160,1,0.000,0.000,0.000,0,768,0,0
4131,3.190,3.190,2.853,0.120,0.003,0.214,1,0.000,0.000,0.000,0,768,0,0
4132,3.210,3.210,2.946,0.121,0.003,0.141,1,0.000,0.000,0.000,0,768,0,0
4133,3.174,3.174,2.874,0.121,0.003,0.176,1,0.000,0.000,0.000,0,768,0,0
4134,3.136,3.136,2.844,0.121,0.003,0.169,1,0.000,0.000,0.000,0,768,0,0
4135,3.086,3.086,2.834,0.120,0.002,0.130,1,0.000,0.000,0.000,0,768,0,0
4136,3.064,3.064,2.811,0.120,0.003,0.129,1,0.000,0.000,0.000,0,768,0,0
4137,3.885,3.885,3.580,0.123,0.005,0.177,1,0.000,0.000,0.000,0,768,0,0
4138,3.464,3.464,3.168,0.122,0.004,0.171,1,0.000,0.000,0.000,0,768,0,0
4139,3.329,3.329,3.074,0.122,0.003,0.130,1,0.000,0.000,0.000,0,768,0,0
4140,3.326,3.326,3.008,0.121,0.003,0.194,1,0.000,0.000,0.000,0,768,0,0
4141,3.163,3.163,2.889,0.121,0.003,0.150,1,0.000,0.000,0.000,0,768,0,0
4142,4.935,4.935,4.647,0.128,0.006,0.155,1,0.000,0.000,0.000,0,772,0,0
4143,3.746,3.746,3.378,0.184,0.003,0.180,1,0.000,0.000,0.000,0,772,0,0
4144,3.440,3.440,3.174,0.127,0.003,0.136,1,0.000,0.000,0.000,0,772,0,0
4145,3.330,3.330,3.049,0.124,0.004,0.154,1,0.000,0.000,0.000,0,772,0,0
4146,3.248,3.248,2.948,0.123,0.002,0.175,1,0.000,0.000,0.000,0,772,0,0
4147,3.179,3.179,2.938,0.122,0.003,0.117,1,0.000,0.000,0.000,0,772,0,0
4148,3.214,3.214,2.962,0.122,0.003,0.128,1,0.000,0.000,0.000,0,772,0,0
4149,3.134,3.134,2.864,0.119,0.003,0.149,1,0.000,0.000,0.000,0,772,0,0
4150,3.075,3.075,2.841,0.120,0.003,0.112,1,0.000,0.000,0.000,0,772,0,0
4151,3.078,3.078,2.844,0.120,0.002,0.112,1,0.000,0.000,0.000,0,772,0,0
4152,4.332,4.332,4.049,0.126,0.003,0.154,1,0.000,0.000,0.000,0,772,0,0
4153,3.711,3.711,3.462,0.126,0.004,0.119,1,0.000,0.000,0.000,0,772,0,0
4154,3.262,3.262,3.022,0.122,0.003,0.115,1,0.000,0.000,0.000,0,772,0,0
4155,3.959,3.959,3.638,0.131,0.005,0.185,1,0.000,0.000,0.000,0,772,0,0
4156,3.360,3.360,3.057,0.122,0.003,0.178,1,0.000,0.000,0.000,0,772,0,0
4157,3.264,3.264,2.975,0.121,0.003,0.165,1,0.000,0.000,0.000,0,772,0,0
4158,3.263,3.263,2.914,0.129,0.003,0.218,1,0.000,0.000,0.000,0,772,0,0
4159,3.767,3.767,3.457,0.122,0.003,0.186,1,0.000,0.000,0.000,0,772,0,0
4160,3.374,3.374,3.063,0.120,0.003,0.187,1,0.000,0.000,0.000,0,796,0,0
4161,4.030,4.030,3.634,0.127,0.004,0.265,1,0.000,0.000,0.000,0,820,0,0
4162,4.125,4.125,3.784,0.124,0.004,0.213,1,0.000,0.000,0.000,0,844,0,0
4163,3.521,3.521,3.209,0.123,0.003,0.186,1,0.000,0.000,0.000,0,868,0,0
4164,3.371,3.371,3.038,0.136,0.003,0.195,1,0.000,0.000,0.000,0,892,0,0
4165,3.399,3.399,3.136,0.123,0.003,0.137,1,0.000,0.000,0.000,0,916,0,0
4166,3.336,3.336,3.076,0.122,0.002,0.136,1,0.000,0.000,0.000,0,940,0,0
4167,3.398,3.398,3.080,0.136,0.002,0.180,1,0.000,0.000,0.000,0,964,0,0
4168,3.790,3.790,3.516,0.127,0.004,0.142,1,0.000,0.000,0.000,0,968,0,0
4169,4.950,4.950,4.692,0.127,0.004,0.127,1,0.000,0.000,0.000,0,968,0,0
4170,4.064,4.064,3.816,0.124,0.003,0.122,1,0.000,0.000,0.000,0,968,0,0
4171,4.426,4.426,3.977,0.133,0.005,0.311,1,0.000,0.000,0.000,0,968,0,0
4172,3.715,3.715,3.220,0.124,0.003,0.368,1,0.000,0.000,0.000,0,968,0,0
4173,3.735,3.735,3.130,0.123,0.003,0.479,1,0.000,0.000,0.000,0,968,0,0
4174,3.552,3.552,3.064,0.123,0.003,0.361,1,0.000,0.000,0.000,0,968,0,0
4175,3.557,3.557,3.067,0.123,0.003,0.364,1,0.000,0.000,0.000,0,968,0,0
4176,3.648,3.648,3.043,0.123,0.003,0.479,1,0.000,0.000,0.000,0,968,0,0
4177,3.479,3.479,2.993,0.122,0.003,0.360,1,0.000,0.000,0.000,0,968,0,0
4178,3.526,3.526,3.047,0.122,0.003,0.354,1,0.000,0.000,0.000,0,968,0,0
4179,4.653,4.653,4.064,0.124,0.003,0.463,1,0.000,0.000,0.000,0,968,0,0
4180,4.315,4.315,3.820,0.134,0.005,0.357,1,0.000,0.000,0.000,0,968,0,0
4181,4.125,4.125,3.640,0.126,0.004,0.355,1,0.000,0.000,0.000,0,968,0,0
4182,3.709,3.709,3.126,0.124,0.003,0.456,1,0.000,0.000,0.000,0,968,0,0
4183,4.024,4.024,3.551,0.124,0.003,0.346,1,0.000,0.000,0.000,0,968,0,0
4184,3.530,3.530,3.058,0.123,0.003,0.346,1,0.000,0.000,0.000,0,968,0,0
4185,3.585,3.585,3.012,0.122,0.003,0.448,1,0.000,0.000,0.000,0,968,0,0
4186,4.380,4.380,3.882,0.135,0.006,0.357,1,0.000,0.000,0.000,0,968,0,0
4187,4.141,4.141,3.680,0.125,0.003,0.333,1,0.000,0.000,0.000,0,968,0,0
4188,3.893,3.893,3.348,0.123,0.003,0.420,1,0.000,0.000,0.000,0,968,0,0
4189,4.070,4.070,3.620,0.125,0.003,0.321,1,0.000,0.000,0.000,0,968,0,0
4190,3.476,3.476,3.030,0.124,0.003,0.320,1,0.000,0.000,0.000,0,968,0,0
4191,3.601,3.601,3.052,0.122,0.003,0.423,1,0.000,0.000,0.000,0,968,0,0
4192,4.401,4.401,3.929,0.129,0.004,0.339,1,0.000,0.000,0.000,0,968,0,0
4193,4.486,4.486,4.033,0.128,0.004,0.320,1,0.000,0.000,0.000,0,968,0,0
4194,5.004,5.004,4.278,0.129,0.003,0.595,1,0.000,0.000,0.000,0,968,0,0
4195,4.386,4.386,3.904,0.136,0.005,0.341,1,0.000,0.000,0.000,0,968,0,0
4196,3.883,3.883,3.421,0.131,0.004,0.327,1,0.000,0.000,0.000,0,968,0,0
4197,4.061,4.061,3.488,0.127,0.004,0.442,1,0.000,0.000,0.000,0,968,0,0
4198,3.496,3.496,3.047,0.123,0.003,0.323,1,0.000,0.000,0.000,0,968,0,0
4199,3.709,3.709,3.157,0.122,0.003,0.427,1,0.000,0.000,0.000,0,968,0,0
4200,3.551,3.551,3.097,0.124,0.003,0.327,1,0.000,0.000,0.000,0,968,0,0
4201,3.606,3.606,3.153,0.126,0.003,0.324,1,0.000,0.000,0.000,0,968,0,0
4202,3.578,3.578,2.994,0.122,0.003,0.460,1,0.000,0.000,0.000,0,968,0,0
4203,3.501,3.501,3.035,0.124,0.003,0.341,1,0.000,0.000,0.000,0,968,0,0
4204,4.540,4.540,4.061,0.126,0.004,0.349,1,0.000,0.000,0.000,0,968,0,0
4205,3.920,3.920,3.331,0.123,0.003,0.463,1,0.000,0.000,0.000,0,968,0,0
4206,3.484,3.484,3.017,0.123,0.003,0.341,1,0.000,0.000,0.000,0,968,0,0
4207,6.095,6.095,5.616,0.125,0.005,0.349,1,0.000,0.000,0.000,0,968,0,0
4208,4.325,4.325,3.725,0.125,0.004,0.471,1,0.000,0.000,0.000,0,968,0,0
4209,3.649,3.649,3.177,0.124,0.004,0.344,1,0.000,0.000,0.000,0,968,0,0
4210,3.443,3.443,2.995,0.123,0.003,0.323,1,0.000,0.000,0.000,0,968,0,0
4211,3.604,3.604,3.028,0.156,0.003,0.418,1,0.000,0.000,0.000,0,968,1,0
4212,4.325,4.325,3.882,0.129,0.004,0.310,1,0.000,0.000,0.000,0,968,0,0
4213,3.971,3.971,3.539,0.124,0.004,0.304,1,0.000,0.000,0.000,0,968,0,0
4214,3.622,3.622,3.095,0.123,0.003,0.401,1,0.000,0.000,0.000,0,968,0,0
4215,4.190,4.190,3.748,0.128,0.005,0.309,1,0.000,0.000,0.000,0,968,0,0
4216,4.200,4.200,3.783,0.125,0.003,0.289,1,0.000,0.000,0.000,0,968,0,0
4217,4.476,4.476,3.666,0.287,0.006,0.517,1,0.000,0.000,0.000,0,968,0,0
4218,4.555,4.555,4.072,0.125,0.003,0.354,1,0.000,0.000,0.000,0,968,0,0
4219,3.686,3.686,3.199,0.123,0.003,0.361,1,0.000,0.000,0.000,0,968,0,0
4220,3.798,3.798,3.198,0.126,0.003,0.472,1,0.000,0.000,0.000,0,968,0,0
4221,4.017,4.017,3.534,0.124,0.003,0.357,1,0.000,0.000,0.000,0,968,0,0
4222,3.521,3.521,3.040,0.123,0.002,0.355,1,0.000,0.000,0.000,0,968,0,0
4223,3.616,3.616,3.010,0.123,0.002,0.480,1,0.000,0.000,0.000,0,968,0,0
4224,4.626,4.626,4.110,0.130,0.006,0.381,1,0.000,0.000,0.000,0,968,0,0
4225,4.108,4.108,3.622,0.124,0.003,0.358,1,0.000,0.000,0.000,0,968,0,0
4226,3.782,3.782,3.170,0.125,0.003,0.484,1,0.000,0.000,0.000,0,968,0,0
4227,3.502,3.502,3.014,0.123,0.003,0.363,1,0.000,0.000,0.000,0,968,0,0
4228,3.511,3.511,3.025,0.122,0.003,0.360,1,0.000,0.000,0.000,0,968,0,0
4229,5.219,5.219,4.529,0.127,0.007,0.556,1,0.000,0.000,0.000,0,968,0,0
4230,4.912,4.912,4.156,0.126,0.004,0.626,1,0.000,0.000,0.000,0,968,0,0
4231,4.356,4.356,3.800,0.141,0.005,0.410,1,0.000,0.000,0.000,0,964,0,0
4232,4.775,4.775,4.138,0.126,0.005,0.506,1,0.000,0.000,0.000,0,964,0,0
4233,4.582,4.582,4.098,0.129,0.004,0.352,1,0.000,0.000,0.000,0,1356,0,0
4234,4.211,4.211,3.703,0.132,0.003,0.372,1,0.000,0.000,0.000,0,1436,0,0
4235,4.696,4.696,4.136,0.133,0.004,0.422,1,0.000,0.000,0.000,0,1436,0,0
4236,3.872,3.872,3.435,0.130,0.003,0.304,1,0.000,0.000,0.000,0,1436,0,0
4237,4.227,4.227,3.781,0.132,0.003,0.310,1,0.000,0.000,0.000,0,1436,0,0
4238,4.170,4.170,3.632,0.132,0.004,0.402,1,0.000,0.000,0.000,0,1436,0,0
4239,3.962,3.962,3.597,0.130,0.003,0.233,1,0.000,0.000,0.000,0,1436,0,0
4240,3.725,3.725,3.372,0.131,0.003,0.219,1,0.000,0.000,0.000,0,1436,0,0
4241,3.799,3.799,3.382,0.130,0.003,0.284,1,0.000,0.000,0.000,0,1436,0,0
4242,3.669,3.669,3.324,0.130,0.003,0.212,1,0.000,0.000,0.000,0,1436,0,0
4243,3.730,3.730,3.383,0.131,0.003,0.214,1,0.000,0.000,0.000,0,1436,0,0
4244,3.754,3.754,3.305,0.131,0.002,0.316,1,0.000,0.000,0.000,0,1436,0,0
4245,4.812,4.812,4.442,0.130,0.003,0.238,1,0.000,0.000,0.000,0,1436,0,0
4246,3.670,3.670,3.301,0.129,0.003,0.238,1,0.000,0.000,0.000,0,1436,0,0
4247,3.947,3.947,3.471,0.129,0.003,0.343,1,0.000,0.000,0.000,0,1436,0,0
4248,3.590,3.590,3.228,0.130,0.002,0.229,1,0.000,0.000,0.000,0,1436,0,0
4249,3.606,3.606,3.247,0.130,0.003,0.227,1,0.000,0.000,0.000,0,1436,0,0
4250,3.681,3.681,3.249,0.129,0.003,0.301,1,0.000,0.000,0.000,0,1436,0,0
4251,3.588,3.588,3.228,0.130,0.003,0.227,1,0.000,0.000,0.000,0,1436,0,0
4252,3.671,3.671,3.311,0.130,0.003,0.227,1,0.000,0.000,0.000,0,1436,0,0
4253,3.817,3.817,3.304,0.129,0.003,0.382,1,0.000,0.000,0.000,0,1436,0,0
4254,3.707,3.707,3.326,0.130,0.003,0.248,1,0.000,0.000,0.000,0,1436,0,0
4255,3.672,3.672,3.255,0.132,0.003,0.282,1,0.000,0.000,0.000,0,1436,0,0
4256,3.759,3.759,3.285,0.130,0.003,0.342,1,0.000,0.000,0.000,0,1436,0,0
4257,3.606,3.606,3.220,0.129,0.003,0.255,1,0.000,0.000,0.000,0,1436,0,0
4258,3.652,3.652,3.263,0.131,0.003,0.255,1,0.000,0.000,0.000,0,1436,0,0
4259,3.871,3.871,3.402,0.129,0.003,0.338,1,0.000,0.000,0.000,0,1436,0,0
4260,4.170,4.170,3.761,0.136,0.007,0.266,1,0.000,0.000,0.000,0,1436,0,0
4261,3.796,3.796,3.397,0.129,0.003,0.266,1,0.000,0.000,0.000,0,1436,0,0
4262,3.905,3.905,3.413,0.131,0.003,0.358,1,0.000,0.000,0.000,0,1436,0,0
4263,3.645,3.645,3.238,0.129,0.003,0.275,1,0.000,0.000,0.000,0,1436,0,0
4264,3.666,3.666,3.262,0.130,0.003,0.271,1,0.000,0.000,0.000,0,1436,0,0
4265,3.708,3.708,3.215,0.131,0.003,0.361,1,0.000,0.000,0.000,0,1436,0,0
4266,3.634,3.634,3.232,0.130,0.003,0.269,1,0.000,0.000,0.000,0,1436,0,0
4267,3.598,3.598,3.212,0.130,0.002,0.254,1,0.000,0.000,0.000,0,1436,0,0
4268,3.740,3.740,3.282,0.129,0.003,0.326,1,0.000,0.000,0.000,0,1436,0,0
4269,3.657,3.657,3.303,0.131,0.003,0.220,1,0.000,0.000,0.000,0,1436,0,0
4270,3.659,3.659,3.318,0.130,0.003,0.207,1,0.000,0.000,0.000,0,1436,0,0
4271,3.760,3.760,3.371,0.130,0.003,0.256,1,0.000,0.000,0.000,0,1436,0,0
4272,3.512,3.512,3.219,0.131,0.003,0.160,1,0.000,0.000,0.000,0,1436,0,0
4273,3.480,3.480,3.205,0.130,0.003,0.142,1,0.000,0.000,0.000,0,1436,0,0
4274,3.570,3.570,3.251,0.132,0.003,0.184,1,0.000,0.000,0.000,0,1436,0,0
4275,3.541,3.541,3.269,0.130,0.003,0.139,1,0.000,0.000,0.000,0,1436,0,0
4276,3.488,3.488,3.194,0.130,0.003,0.161,1,0.000,0.000,0.000,0,1436,0,0
4277,3.737,3.737,3.375,0.130,0.002,0.230,1,0.000,0.000,0.000,0,1436,0,0
4278,3.562,3.562,3.212,0.130,0.003,0.218,1,0.000,0.000,0.000,0,1436,0,0
4279,3.616,3.616,3.240,0.163,0.002,0.210,1,0.000,0.000,0.000,0,1436,1,0
4280,4.520,4.520,4.054,0.130,0.002,0.334,1,0.000,0.000,0.000,0,1436,0,0
4281,3.608,3.608,3.283,0.130,0.004,0.192,1,0.000,0.000,0.000,0,1436,0,0
4282,3.554,3.554,3.236,0.131,0.003,0.185,1,0.000,0.000,0.000,0,1436,0,0
4283,3.681,3.681,3.298,0.132,0.003,0.249,1,0.000,0.000,0.000,0,1436,0,0
4284,5.780,5.780,5.439,0.134,0.006,0.201,1,0.000,0.000,0.000,0,1436,0,0
4285,4.363,4.363,4.021,0.134,0.004,0.204,1,0.000,0.000,0.000,0,1436,0,0
4286,4.294,4.294,3.960,0.131,0.004,0.199,1,0.000,0.000,0.000,0,1436,0,0
4287,3.733,3.733,3.462,0.132,0.003,0.136,1,0.000,0.000,0.000,0,1436,0,0
4288,3.613,3.613,3.345,0.131,0.003,0.133,1,0.000,0.000,0.000,0,1436,0,0
4289,3.681,3.681,3.372,0.130,0.003,0.176,1,0.000,0.000,0.000,0,1436,0,0
4290,3.507,3.507,3.242,0.131,0.003,0.131,1,0.000,0.000,0.000,0,1436,0,0
4291,3.618,3.618,3.325,0.131,0.003,0.159,1,0.000,0.000,0.000,0,1436,0,0
4292,3.837,3.837,3.497,0.130,0.003,0.207,1,0.000,0.000,0.000,0,1436,0,0
4293,3.732,3.732,3.316,0.129,0.002,0.285,1,0.000,0.000,0.000,0,1436,0,0
4294,4.557,4.557,4.138,0.148,0.007,0.264,1,0.000,0.000,0.000,0,1436,0,0
4295,5.984,5.984,5.508,0.137,0.004,0.336,1,0.000,0.000,0.000,0,1436,0,0
4296,5.162,5.162,4.766,0.133,0.004,0.259,1,0.000,0.000,0.000,0,1452,0,0
4297,4.380,4.380,3.947,0.134,0.005,0.295,1,0.000,0.000,0.000,0,1452,0,0
4298,3.882,3.882,3.406,0.132,0.003,0.341,1,0.000,0.000,0.000,0,1452,0,0
4299,3.653,3.653,3.262,0.129,0.003,0.259,1,0.000,0.000,0.000,0,1452,0,0
4300,3.846,3.846,3.371,0.131,0.003,0.341,1,0.000,0.000,0.000,0,1452,0,0
4301,3.771,3.771,3.396,0.131,0.003,0.240,1,0.000,0.000,0.000,0,1452,0,0
4302,3.630,3.630,3.259,0.130,0.003,0.239,1,0.000,0.000,0.000,0,1452,0,0
4303,3.779,3.779,3.328,0.131,0.003,0.317,1,0.000,0.000,0.000,0,1452,0,0
4304,3.623,3.623,3.251,0.129,0.003,0.240,1,0.000,0.000,0.000,0,1452,0,0
4305,3.985,3.985,3.603,0.133,0.005,0.244,1,0.000,0.000,0.000,0,1452,0,0
4306,4.696,4.696,4.218,0.147,0.004,0.327,1,0.000,0.000,0.000,0,1452,0,0
4307,4.362,4.362,3.982,0.134,0.004,0.242,1,0.000,0.000,0.000,0,1452,0,0
4308,4.552,4.552,4.053,0.133,0.004,0.362,1,0.000,0.000,0.000,0,1452,0,0
4309,4.927,4.927,4.470,0.135,0.006,0.316,1,0.000,0.000,0.000,0,1452,0,0
4310,3.912,3.912,3.540,0.133,0.003,0.236,1,0.000,0.000,0.000,0,1452,0,0
4311,3.660,3.660,3.292,0.131,0.003,0.234,1,0.000,0.000,0.000,0,1452,0,0
4312,3.696,3.696,3.258,0.130,0.003,0.305,1,0.000,0.000,0.000,0,1452,0,0
4313,4.332,4.332,3.954,0.134,0.005,0.239,1,0.000,0.000,0.000,0,1452,0,0
4314,3.870,3.870,3.493,0.131,0.003,0.242,1,0.000,0.000,0.000,0,1452,0,0
4315,3.861,3.861,3.390,0.130,0.003,0.338,1,0.000,0.000,0.000,0,1452,0,0
4316,3.635,3.635,3.249,0.130,0.003,0.253,1,0.000,0.000,0.000,0,1452,0,0
4317,3.720,3.720,3.347,0.132,0.003,0.239,1,0.000,0.000,0.000,0,1452,0,0
4318,3.665,3.665,3.220,0.128,0.003,0.314,1,0.000,0.000,0.000,0,1452,0,0
4319,4.567,4.567,4.183,0.136,0.005,0.243,1,0.000,0.000,0.000,0,1452,0,0
4320,5.342,5.342,4.956,0.150,0.005,0.232,1,0.000,0.000,0.000,0,1452,0,0
4321,4.560,4.560,4.089,0.140,0.005,0.326,1,0.000,0.000,0.000,0,1452,0,0
4322,3.859,3.859,3.464,0.129,0.003,0.262,1,0.000,0.000,0.000,0,1452,0,0
4323,3.731,3.731,3.364,0.129,0.003,0.235,1,0.000,0.000,0.000,0,1452,0,0
4324,3.743,3.743,3.256,0.146,0.003,0.337,1,0.000,0.000,0.000,0,1452,0,0
4325,3.723,3.723,3.338,0.129,0.003,0.253,1,0.000,0.000,0.000,0,1452,0,0
4326,3.594,3.594,3.209,0.130,0.003,0.252,1,0.000,0.000,0.000,0,1452,0,0
4327,3.747,3.747,3.279,0.130,0.003,0.335,1,0.000,0.000,0.000,0,1452,0,0
4328,3.591,3.591,3.209,0.130,0.003,0.249,1,0.000,0.000,0.000,0,1452,0,0
4329,3.596,3.596,3.214,0.130,0.002,0.250,1,0.000,0.000,0.000,0,1452,0,0
4330,4.863,4.863,4.396,0.135,0.005,0.327,1,0.000,0.000,0.000,0,1452,0,0
4331,4.597,4.597,4.212,0.135,0.004,0.247,1,0.000,0.000,0.000,0,1452,0,0
4332,5.103,5.103,4.695,0.137,0.005,0.266,1,0.000,0.000,0.000,0,1452,0,0
4333,4.362,4.362,3.896,0.133,0.006,0.327,1,0.000,0.000,0.000,0,1452,0,0
4334,3.775,3.775,3.397,0.130,0.004,0.243,1,0.000,0.000,0.000,0,1452,0,0
4335,3.648,3.648,3.278,0.131,0.003,0.237,1,0.000,0.000,0.000,0,1452,0,0
4336,3.673,3.673,3.227,0.128,0.002,0.315,1,0.000,0.000,0.000,0,1452,0,0
4337,3.568,3.568,3.201,0.129,0.003,0.235,1,0.000,0.000,0.000,0,1452,0,0
4338,3.753,3.753,3.368,0.131,0.003,0.251,1,0.000,0.000,0.000,0,1452,0,0
4339,3.842,3.842,3.285,0.161,0.003,0.393,1,0.000,0.000,0.000,0,1452,1,0
4340,3.658,3.658,3.225,0.130,0.003,0.300,1,0.000,0.000,0.000,0,1452,0,0
4341,3.630,3.630,3.211,0.130,0.003,0.286,1,0.000,0.000,0.000,0,1452,0,0
4342,3.847,3.847,3.335,0.130,0.003,0.380,1,0.000,0.000,0.000,0,1452,0,0
4343,4.766,4.766,4.015,0.129,0.004,0.617,1,0.000,0.000,0.000,0,1452,0,0
4344,4.552,4.552,4.108,0.134,0.005,0.304,1,0.000,0.000,0.000,0,1452,0,0
4345,4.001,4.001,3.476,0.129,0.004,0.392,1,0.000,0.000,0.000,0,1452,0,0
4346,4.806,4.806,4.334,0.143,0.006,0.323,1,0.000,0.000,0.000,0,1452,0,0
4347,3.916,3.916,3.477,0.130,0.004,0.304,1,0.000,0.000,0.000,0,1452,0,0
4348,3.815,3.815,3.297,0.130,0.003,0.384,1,0.000,0.000,0.000,0,1452,0,0
4349,4.589,4.589,4.146,0.133,0.004,0.306,1,0.000,0.000,0.000,0,1452,0,0
4350,3.900,3.900,3.444,0.131,0.003,0.321,1,0.000,0.000,0.000,0,1452,0,0
4351,3.885,3.885,3.348,0.132,0.003,0.402,1,0.000,0.000,0.000,0,1452,0,0
4352,3.670,3.670,3.244,0.129,0.003,0.294,1,0.000,0.000,0.000,0,1452,0,0
4353,3.715,3.715,3.361,0.128,0.003,0.223,1,0.000,0.000,0.000,0,1452,0,0
4354,4.218,4.218,3.660,0.135,0.005,0.418,1,0.000,0.000,0.000,0,1452,0,0
4355,3.904,3.904,3.475,0.131,0.004,0.293,1,0.000,0.000,0.000,0,1452,0,0
4356,4.394,4.394,3.934,0.136,0.004,0.320,1,0.000,0.000,0.000,0,1452,0,0
4357,4.958,4.958,4.479,0.136,0.004,0.339,1,0.000,0.000,0.000,0,1452,0,0
4358,4.326,4.326,3.943,0.136,0.004,0.244,1,0.000,0.000,0.000,0,1452,0,0
4359,3.968,3.968,3.570,0.131,0.003,0.264,1,0.000,0.000,0.000,0,1452,0,0
4360,3.747,3.747,3.289,0.131,0.002,0.325,1,0.000,0.000,0.000,0,1340,0,0
4361,3.618,3.618,3.252,0.129,0.003,0.233,1,0.000,0.000,0.000,0,1340,0,0
4362,3.612,3.612,3.238,0.130,0.003,0.241,1,0.000,0.000,0.000,0,1340,0,0
4363,3.658,3.658,3.216,0.130,0.003,0.309,1,0.000,0.000,0.000,0,1340,0,0
4364,3.551,3.551,3.188,0.131,0.003,0.230,1,0.000,0.000,0.000,0,1340,0,0
4365,3.694,3.694,3.317,0.131,0.003,0.244,1,0.000,0.000,0.000,0,1340,0,0
4366,3.679,3.679,3.212,0.129,0.003,0.336,1,0.000,0.000,0.000,0,1340,0,0
4367,3.695,3.695,3.303,0.132,0.003,0.258,1,0.000,0.000,0.000,0,1340,0,0
4368,3.582,3.582,3.207,0.131,0.003,0.241,1,0.000,0.000,0.000,0,1340,0,0
4369,3.851,3.851,3.361,0.130,0.003,0.358,1,0.000,0.000,0.000,0,1340,0,0
4370,3.631,3.631,3.242,0.132,0.003,0.255,1,0.000,0.000,0.000,0,1340,0,0
4371,5.489,5.489,5.073,0.139,0.006,0.271,1,0.000,0.000,0.000,0,1340,0,0
4372,3.986,3.986,3.495,0.131,0.005,0.356,1,0.000,0.000,0.000,0,1340,0,0
4373,3.733,3.733,3.350,0.130,0.003,0.250,1,0.000,0.000,0.000,0,1340,0,0
4374,3.582,3.582,3.201,0.131,0.003,0.248,1,0.000,0.000,0.000,0,1340,0,0
4375,3.768,3.768,3.304,0.131,0.003,0.330,1,0.000,0.000,0.000,0,1340,0,0
4376,3.683,3.683,3.298,0.130,0.003,0.253,1,0.000,0.000,0.000,0,1340,0,0
4377,3.578,3.578,3.205,0.130,0.003,0.240,1,0.000,0.000,0.000,0,1340,0,0
4378,3.653,3.653,3.219,0.131,0.003,0.301,1,0.000,0.000,0.000,0,1340,0,0
4379,4.954,4.954,4.578,0.134,0.004,0.238,1,0.000,0.000,0.000,0,1340,0,0
4380,3.938,3.938,3.556,0.130,0.003,0.249,1,0.000,0.000,0.000,0,1340,0,0
4381,4.894,4.894,4.240,0.300,0.004,0.349,1,0.000,0.000,0.000,0,1340,0,0
4382,5.074,5.074,4.692,0.137,0.003,0.241,1,0.000,0.000,0.000,0,1340,0,0
4383,4.070,4.070,3.650,0.132,0.005,0.283,1,0.000,0.000,0.000,0,1340,0,0
4384,4.498,4.498,4.012,0.132,0.003,0.352,1,0.000,0.000,0.000,0,1340,0,0
4385,3.676,3.676,3.274,0.129,0.003,0.271,1,0.000,0.000,0.000,0,1340,0,0
4386,3.617,3.617,3.215,0.129,0.002,0.271,1,0.000,0.000,0.000,0,1340,0,0
4387,4.209,4.209,3.736,0.129,0.003,0.341,1,0.000,0.000,0.000,0,1340,0,0
4388,3.649,3.649,3.257,0.131,0.003,0.258,1,0.000,0.000,0.000,0,1340,0,0
4389,3.664,3.664,3.277,0.130,0.003,0.254,1,0.000,0.000,0.000,0,1340,0,0
4390,4.151,4.151,3.722,0.132,0.003,0.295,1,0.000,0.000,0.000,0,1340,0,0
4391,3.630,3.630,3.296,0.130,0.003,0.201,1,0.000,0.000,0.000,0,1340,0,0
4392,3.524,3.524,3.163,0.130,0.003,0.228,1,0.000,0.000,0.000,0,1340,0,0
4393,4.380,4.380,3.980,0.134,0.004,0.262,1,0.000,0.000,0.000,0,1340,0,0
4394,4.124,4.124,3.801,0.136,0.003,0.183,1,0.000,0.000,0.000,0,1340,0,0
4395,4.931,4.931,4.605,0.132,0.003,0.191,1,0.000,0.000,0.000,0,1340,0,0
4396,4.316,4.316,3.865,0.134,0.003,0.314,1,0.000,0.000,0.000,0,1340,0,0
4397,4.100,4.100,3.760,0.140,0.003,0.197,1,0.000,0.000,0.000,0,1340,0,0
4398,3.907,3.907,3.487,0.133,0.006,0.282,1,0.000,0.000,0.000,0,1340,0,0
4399,3.735,3.735,3.385,0.130,0.003,0.218,1,0.000,0.000,0.000,0,1340,0,0
4400,3.631,3.631,3.244,0.130,0.004,0.254,1,0.000,0.000,0.000,0,1340,0,0
4401,4.077,4.077,3.623,0.142,0.004,0.308,1,0.000,0.000,0.000,0,1340,0,0
4402,3.819,3.819,3.452,0.131,0.003,0.233,1,0.000,0.000,0.000,0,1340,0,0
4403,3.702,3.702,3.291,0.166,0.003,0.242,1,0.000,0.000,0.000,0,1340,1,0
4404,4.553,4.553,4.086,0.132,0.003,0.333,1,0.000,0.000,0.000,0,1340,0,0
4405,4.444,4.444,3.758,0.130,0.003,0.553,1,0.000,0.000,0.000,0,1340,0,0
4406,3.730,3.730,3.343,0.131,0.003,0.252,1,0.000,0.000,0.000,0,1340,0,0
4407,4.951,4.951,4.472,0.136,0.006,0.338,1,0.000,0.000,0.000,0,1340,0,0
4408,4.004,4.004,3.665,0.132,0.005,0.203,1,0.000,0.000,0.000,0,1340,0,0
4409,4.823,4.823,4.489,0.132,0.004,0.198,1,0.000,0.000,0.000,0,1340,0,0
4410,4.190,4.190,3.793,0.133,0.004,0.259,1,0.000,0.000,0.000,0,1340,0,0
4411,3.755,3.755,3.426,0.132,0.004,0.192,1,0.000,0.000,0.000,0,1340,0,0
4412,4.299,4.299,3.954,0.141,0.006,0.198,1,0.000,0.000,0.000,0,1340,0,0
4413,3.859,3.859,3.425,0.131,0.004,0.299,1,0.000,0.000,0.000,0,1340,0,0
4414,6.161,6.161,5.843,0.134,0.003,0.180,1,0.000,0.000,0.000,0,1340,0,0
4415,4.712,4.712,4.273,0.138,0.007,0.294,1,0.000,0.000,0.000,0,1340,0,0
4416,4.484,4.484,4.010,0.131,0.004,0.340,1,0.000,0.000,0.000,0,1340,0,0
4417,3.882,3.882,3.471,0.131,0.003,0.278,1,0.000,0.000,0.000,0,1340,0,0
4418,3.758,3.758,3.291,0.129,0.003,0.334,1,0.000,0.000,0.000,0,1340,0,0
4419,3.809,3.809,3.252,0.130,0.002,0.425,1,0.000,0.000,0.000,0,1340,0,0
4420,5.612,5.612,5.126,0.137,0.007,0.343,1,0.000,0.000,0.000,0,1340,0,0
4421,4.010,4.010,3.548,0.132,0.003,0.327,1,0.000,0.000,0.000,0,1340,0,0
4422,3.957,3.957,3.408,0.131,0.003,0.415,1,0.000,0.000,0.000,0,1340,0,0
4423,3.717,3.717,3.278,0.129,0.003,0.307,1,0.000,0.000,0.000,0,1340,0,0
4424,3.692,3.692,3.251,0.130,0.003,0.307,1,0.000,0.000,0.000,0,1460,0,0
4425,3.834,3.834,3.293,0.130,0.003,0.408,1,0.000,0.000,0.000,0,1460,0,0
4426,3.672,3.672,3.233,0.129,0.003,0.306,1,0.000,0.000,0.000,0,1460,0,0
4427,3.687,3.687,3.251,0.129,0.002,0.304,1,0.000,0.000,0.000,0,1460,0,0
4428,3.888,3.888,3.352,0.129,0.003,0.405,1,0.000,0.000,0.000,0,1460,0,0
4429,4.524,4.524,4.065,0.143,0.006,0.309,1,0.000,0.000,0.000,0,1460,0,0
4430,4.002,4.002,3.546,0.132,0.004,0.321,1,0.000,0.000,0.000,0,1460,0,0
4431,5.911,5.911,5.406,0.135,0.004,0.365,1,0.000,0.000,0.000,0,1460,0,0
4432,4.382,4.382,3.937,0.133,0.006,0.306,1,0.000,0.000,0.000,0,1460,0,0
4433,3.901,3.901,3.461,0.133,0.004,0.302,1,0.000,0.000,0.000,0,1460,0,0
4434,3.899,3.899,3.339,0.160,0.003,0.398,1,0.000,0.000,0.000,0,1460,0,0
4435,3.830,3.830,3.393,0.135,0.003,0.298,1,0.000,0.000,0.000,0,1460,0,0
4436,3.685,3.685,3.255,0.129,0.003,0.298,1,0.000,0.000,0.000,0,1460,0,0
4437,3.883,3.883,3.370,0.130,0.003,0.380,1,0.000,0.000,0.000,0,1460,0,0
4438,3.668,3.668,3.277,0.130,0.003,0.258,1,0.000,0.000,0.000,0,1460,0,0
4439,3.908,3.908,3.526,0.131,0.003,0.248,1,0.000,0.000,0.000,0,1460,0,0
4440,3.825,3.825,3.366,0.131,0.003,0.325,1,0.000,0.000,0.000,0,1460,0,0
4441,4.159,4.159,3.656,0.132,0.003,0.369,1,0.000,0.000,0.000,0,1460,0,0
4442,3.855,3.855,3.484,0.131,0.005,0.235,1,0.000,0.000,0.000,0,1460,0,0
4443,4.700,4.700,4.234,0.143,0.003,0.320,1,0.000,0.000,0.000,0,1460,0,0
4444,4.153,4.153,3.781,0.137,0.003,0.232,1,0.000,0.000,0.000,0,1460,0,0
4445,4.008,4.008,3.587,0.131,0.005,0.284,1,0.000,0.000,0.000,0,1460,0,0
4446,4.986,4.986,4.493,0.135,0.005,0.354,1,0.000,0.000,0.000,0,1460,0,0
4447,4.386,4.386,3.928,0.135,0.004,0.318,1,0.000,0.000,0.000,0,1460,0,0
4448,4.002,4.002,3.514,0.130,0.004,0.353,1,0.000,0.000,0.000,0,1460,0,0
4449,3.852,3.852,3.290,0.128,0.003,0.431,1,0.000,0.000,0.000,0,1460,0,0
4450,3.724,3.724,3.262,0.130,0.003,0.328,1,0.000,0.000,0.000,0,1460,0,0
4451,3.789,3.789,3.324,0.131,0.003,0.331,1,0.000,0.000,0.000,0,1460,0,0
4452,3.906,3.906,3.356,0.130,0.003,0.417,1,0.000,0.000,0.000,0,1460,0,0
4453,3.725,3.725,3.261,0.130,0.003,0.331,1,0.000,0.000,0.000,0,1460,0,0
4454,3.701,3.701,3.255,0.131,0.003,0.312,1,0.000,0.000,0.000,0,1460,0,0
4455,3.799,3.799,3.249,0.131,0.003,0.416,1,0.000,0.000,0.000,0,1460,0,0
4456,3.719,3.719,3.269,0.131,0.002,0.316,1,0.000,0.000,0.000,0,1460,0,0
4457,3.681,3.681,3.239,0.129,0.003,0.310,1,0.000,0.000,0.000,0,1460,0,0
4458,3.779,3.779,3.237,0.130,0.003,0.409,1,0.000,0.000,0.000,0,1460,0,0
4459,3.847,3.847,3.325,0.131,0.003,0.389,1,0.000,0.000,0.000,0,1460,0,0
4460,3.851,3.851,3.381,0.130,0.003,0.337,1,0.000,0.000,0.000,0,1460,0,0
4461,3.946,3.946,3.310,0.129,0.003,0.503,1,0.000,0.000,0.000,0,1460,0,0
4462,3.759,3.759,3.265,0.129,0.003,0.362,1,0.000,0.000,0.000,0,1460,0,0
4463,3.719,3.719,3.226,0.130,0.003,0.360,1,0.000,0.000,0.000,0,1460,0,0
4464,3.867,3.867,3.242,0.161,0.003,0.461,1,0.000,0.000,0.000,0,1460,1,0
4465,3.812,3.812,3.350,0.132,0.003,0.327,1,0.000,0.000,0.000,0,1460,0,0
4466,3.711,3.711,3.253,0.129,0.003,0.327,1,0.000,0.000,0.000,0,1460,0,0
4467,3.864,3.864,3.277,0.130,0.003,0.453,1,0.000,0.000,0.000,0,1460,0,0
4468,4.934,4.934,4.425,0.145,0.004,0.360,1,0.000,0.000,0.000,0,1460,0,0
4469,5.344,5.344,4.733,0.133,0.006,0.471,1,0.000,0.000,0.000,0,1460,0,0
4470,4.229,4.229,3.586,0.130,0.003,0.510,1,0.000,0.000,0.000,0,1460,0,0
4471,3.836,3.836,3.334,0.129,0.003,0.370,1,0.000,0.000,0.000,0,1460,0,0
4472,5.109,5.109,4.606,0.135,0.004,0.365,1,0.000,0.000,0.000,0,1460,0,0
4473,4.370,4.370,3.748,0.130,0.004,0.488,1,0.000,0.000,0.000,0,1460,0,0
4474,3.897,3.897,3.383,0.131,0.003,0.380,1,0.000,0.000,0.000,0,1460,0,0
4475,5.108,5.108,4.614,0.135,0.005,0.354,1,0.000,0.000,0.000,0,1460,0,0
4476,4.270,4.270,3.608,0.131,0.003,0.528,1,0.000,0.000,0.000,0,1460,0,0
4477,5.429,5.429,4.885,0.134,0.004,0.406,1,0.000,0.000,0.000,0,1460,0,0
4478,4.185,4.185,3.688,0.133,0.003,0.361,1,0.000,0.000,0.000,0,1460,0,0
4479,3.936,3.936,3.357,0.132,0.003,0.443,1,0.000,0.000,0.000,0,1460,0,0
4480,4.302,4.302,3.835,0.132,0.003,0.332,1,0.000,0.000,0.000,0,1460,0,0
4481,3.710,3.710,3.259,0.129,0.003,0.318,1,0.000,0.000,0.000,0,1460,0,0
4482,4.376,4.376,3.826,0.132,0.004,0.415,1,0.000,0.000,0.000,0,1460,0,0
4483,3.866,3.866,3.418,0.130,0.003,0.315,1,0.000,0.000,0.000,0,1460,0,0
4484,3.725,3.725,3.296,0.129,0.003,0.297,1,0.000,0.000,0.000,0,1460,0,0
4485,4.358,4.358,3.829,0.132,0.003,0.394,1,0.000,0.000,0.000,0,1460,0,0
4486,4.589,4.589,4.127,0.134,0.006,0.322,1,0.000,0.000,0.000,0,1460,0,0
4487,3.916,3.916,3.478,0.132,0.004,0.303,1,0.000,0.000,0.000,0,1460,0,0
4488,4.101,4.101,3.500,0.160,0.005,0.437,1,0.000,0.000,0.000,0,1356,0,0
4489,3.792,3.792,3.320,0.132,0.004,0.336,1,0.000,0.000,0.000,0,1356,0,0
4490,3.968,3.968,3.512,0.136,0.004,0.316,1,0.000,0.000,0.000,0,1356,0,0
4491,4.485,4.485,3.892,0.140,0.003,0.451,1,0.000,0.000,0.000,0,1368,0,0
4492,4.176,4.176,3.697,0.136,0.003,0.339,1,0.000,0.000,0.000,0,1368,0,0
4493,3.820,3.820,3.343,0.148,0.003,0.326,1,0.000,0.000,0.000,0,1368,0,0
4494,3.823,3.823,3.265,0.136,0.003,0.420,1,0.000,0.000,0.000,0,1368,0,0
4495,3.726,3.726,3.268,0.134,0.003,0.322,1,0.000,0.000,0.000,0,1368,0,0
4496,3.713,3.713,3.259,0.135,0.003,0.316,1,0.000,0.000,0.000,0,1368,0,0
4497,3.808,3.808,3.229,0.134,0.003,0.441,1,0.000,0.000,0.000,0,1368,0,0
4498,3.763,3.763,3.308,0.135,0.003,0.317,1,0.000,0.000,0.000,0,1368,0,0
4499,3.902,3.902,3.352,0.136,0.003,0.411,1,0.000,0.000,0.000,0,1368,0,0
4500,3.641,3.641,3.204,0.135,0.003,0.300,1,0.000,0.000,0.000,0,1368,0,0
4501,3.654,3.654,3.218,0.135,0.003,0.299,1,0.000,0.000,0.000,0,1368,0,0
4502,5.364,5.364,4.802,0.141,0.007,0.414,1,0.000,0.000,0.000,0,1368,0,0
4503,4.772,4.772,4.313,0.143,0.003,0.313,1,0.000,0.000,0.000,0,1368,0,0
4504,4.043,4.043,3.581,0.137,0.005,0.321,1,0.000,0.000,0.000,0,1368,0,0
4505,4.024,4.024,3.485,0.134,0.003,0.402,1,0.000,0.000,0.000,0,1368,0,0
4506,4.494,4.494,4.018,0.137,0.004,0.335,1,0.000,0.000,0.000,0,1368,0,0
4507,3.796,3.796,3.339,0.136,0.003,0.317,1,0.000,0.000,0.000,0,1368,0,0
4508,4.420,4.420,3.858,0.138,0.003,0.421,1,0.000,0.000,0.000,0,1368,0,0
4509,3.758,3.758,3.279,0.133,0.003,0.343,1,0.000,0.000,0.000,0,1368,0,0
4510,3.666,3.666,3.229,0.135,0.003,0.299,1,0.000,0.000,0.000,0,1368,0,0
4511,3.790,3.790,3.285,0.135,0.002,0.367,1,0.000,0.000,0.000,0,1368,0,0
4512,3.565,3.565,3.190,0.134,0.002,0.239,1,0.000,0.000,0.000,0,1368,0,0
4513,3.554,3.554,3.227,0.134,0.003,0.190,1,0.000,0.000,0.000,0,1368,0,0
4514,4.120,4.120,3.708,0.145,0.007,0.260,1,0.000,0.000,0.000,0,1368,0,0
4515,3.772,3.772,3.463,0.137,0.004,0.168,1,0.000,0.000,0.000,0,1368,0,0
4516,3.518,3.518,3.220,0.135,0.003,0.160,1,0.000,0.000,0.000,0,1368,0,0
4517,3.881,3.881,3.510,0.136,0.003,0.233,1,0.000,0.000,0.000,0,1368,0,0
4518,4.449,4.449,4.152,0.142,0.003,0.152,1,0.000,0.000,0.000,0,1368,0,0
4519,4.403,4.403,4.066,0.159,0.005,0.172,1,0.000,0.000,0.000,0,1368,0,0
4520,3.803,3.803,3.450,0.137,0.003,0.213,1,0.000,0.000,0.000,0,1368,0,0
4521,3.803,3.803,3.472,0.135,0.003,0.193,1,0.000,0.000,0.000,0,1368,0,0
4522,3.710,3.710,3.354,0.134,0.003,0.220,1,0.000,0.000,0.000,0,1368,0,0
4523,3.680,3.680,3.266,0.135,0.003,0.276,1,0.000,0.000,0.000,0,1368,0,0
4524,3.580,3.580,3.252,0.137,0.003,0.188,1,0.000,0.000,0.000,0,1368,0,0
4525,3.532,3.532,3.207,0.134,0.003,0.188,1,0.000,0.000,0.000,0,1368,0,0
4526,3.581,3.581,3.198,0.134,0.003,0.247,1,0.000,0.000,0.000,0,1368,0,0
4527,4.103,4.103,3.734,0.164,0.006,0.198,1,0.000,0.000,0.000,0,1368,1,0
4528,3.769,3.769,3.430,0.137,0.004,0.198,1,0.000,0.000,0.000,0,1368,0,0
4529,3.763,3.763,3.382,0.132,0.003,0.245,1,0.000,0.000,0.000,0,1368,0,0
4530,3.505,3.505,3.231,0.135,0.002,0.136,1,0.000,0.000,0.000,0,1368,0,0
4531,3.919,3.919,3.634,0.138,0.003,0.143,1,0.000,0.000,0.000,0,1368,0,0
4532,4.565,4.565,4.206,0.136,0.004,0.220,1,0.000,0.000,0.000,0,1368,0,0
4533,4.139,4.139,3.855,0.137,0.004,0.143,1,0.000,0.000,0.000,0,1368,0,0
4534,3.581,3.581,3.309,0.134,0.004,0.135,1,0.000,0.000,0.000,0,1368,0,0
4535,3.862,3.862,3.518,0.134,0.003,0.208,1,0.000,0.000,0.000,0,1368,0,0
4536,4.846,4.846,4.556,0.136,0.003,0.151,1,0.000,0.000,0.000,0,1368,0,0
4537,5.118,5.118,4.723,0.144,0.006,0.245,1,0.000,0.000,0.000,0,1368,0,0
4538,5.574,5.574,5.203,0.145,0.004,0.222,1,0.000,0.000,0.000,0,1368,0,0
4539,4.011,4.011,3.697,0.137,0.003,0.174,1,0.000,0.000,0.000,0,1368,0,0
4540,3.756,3.756,3.441,0.134,0.003,0.178,1,0.000,0.000,0.000,0,1368,0,0
4541,4.376,4.376,3.983,0.137,0.006,0.250,1,0.000,0.000,0.000,0,1368,0,0
4542,3.637,3.637,3.325,0.135,0.003,0.174,1,0.000,0.000,0.000,0,1368,0,0
4543,4.154,4.154,3.774,0.203,0.003,0.173,1,0.000,0.000,0.000,0,1368,0,0
4544,4.023,4.023,3.651,0.135,0.004,0.233,1,0.000,0.000,0.000,0,1368,0,0
4545,3.602,3.602,3.308,0.134,0.003,0.157,1,0.000,0.000,0.000,0,1368,0,0
4546,4.227,4.227,3.909,0.147,0.006,0.166,1,0.000,0.000,0.000,0,1368,0,0
4547,3.862,3.862,3.525,0.140,0.003,0.194,1,0.000,0.000,0.000,0,1368,0,0
4548,3.649,3.649,3.341,0.135,0.004,0.168,1,0.000,0.000,0.000,0,1368,0,0
4549,3.594,3.594,3.296,0.135,0.003,0.160,1,0.000,0.000,0.000,0,1368,0,0
4550,3.545,3.545,3.212,0.133,0.003,0.196,1,0.000,0.000,0.000,0,1368,0,0
4551,3.607,3.607,3.334,0.126,0.003,0.143,1,0.000,0.000,0.000,0,1332,0,0
4552,3.408,3.408,3.064,0.123,0.003,0.219,1,0.000,0.000,0.000,0,796,0,0
4553,3.265,3.265,2.923,0.122,0.003,0.218,1,0.000,0.000,0.000,0,820,0,0
4554,3.208,3.208,2.919,0.121,0.003,0.166,1,0.000,0.000,0.000,0,844,0,0
4555,3.214,3.214,2.921,0.124,0.003,0.166,1,0.000,0.000,0.000,0,868,0,0
4556,3.278,3.278,2.936,0.122,0.002,0.217,1,0.000,0.000,0.000,0,892,0,0
4557,3.237,3.237,2.943,0.124,0.003,0.169,1,0.000,0.000,0.000,0,916,0,0
4558,3.719,3.719,3.421,0.124,0.003,0.171,1,0.000,0.000,0.000,0,928,0,0
4559,3.611,3.611,3.265,0.122,0.003,0.220,1,0.000,0.000,0.000,0,928,0,0
4560,3.401,3.401,3.102,0.123,0.003,0.173,1,0.000,0.000,0.000,0,928,0,0
4561,3.711,3.711,3.402,0.141,0.006,0.162,1,0.000,0.000,0.000,0,928,0,0
4562,4.571,4.571,4.208,0.144,0.003,0.215,1,0.000,0.000,0.000,0,928,0,0
4563,3.629,3.629,3.347,0.124,0.003,0.156,1,0.000,0.000,0.000,0,928,0,0
4564,3.318,3.318,3.026,0.137,0.003,0.152,1,0.000,0.000,0.000,0,928,0,0
4565,3.297,3.297,2.973,0.122,0.002,0.199,1,0.000,0.000,0.000,0,928,0,0
4566,3.581,3.581,3.297,0.124,0.002,0.158,1,0.000,0.000,0.000,0,928,0,0
4567,4.185,4.185,3.860,0.125,0.005,0.194,1,0.000,0.000,0.000,0,928,0,0
4568,3.513,3.513,3.159,0.124,0.003,0.227,1,0.000,0.000,0.000,0,928,0,0
4569,3.465,3.465,3.168,0.125,0.003,0.168,1,0.000,0.000,0.000,0,928,0,0
4570,3.273,3.273,2.978,0.124,0.003,0.168,1,0.000,0.000,0.000,0,928,0,0
4571,3.828,3.828,3.471,0.128,0.004,0.224,1,0.000,0.000,0.000,0,928,0,0
4572,4.079,4.079,3.757,0.153,0.004,0.165,1,0.000,0.000,0.000,0,928,0,0
4573,3.658,3.658,3.374,0.124,0.004,0.155,1,0.000,0.000,0.000,0,928,0,0
4574,4.366,4.366,4.040,0.127,0.004,0.195,1,0.000,0.000,0.000,0,928,0,0
4575,4.013,4.013,3.685,0.125,0.005,0.197,1,0.000,0.000,0.000,0,968,0,0
4576,3.386,3.386,3.098,0.126,0.004,0.159,1,0.000,0.000,0.000,0,972,0,0
4577,3.377,3.377,3.042,0.126,0.003,0.206,1,0.000,0.000,0.000,0,972,0,0
4578,3.288,3.288,3.007,0.125,0.003,0.154,1,0.000,0.000,0.000,0,972,0,0
4579,3.249,3.249,2.968,0.125,0.003,0.153,1,0.000,0.000,0.000,0,972,0,0
4580,3.785,3.785,3.447,0.131,0.004,0.204,1,0.000,0.000,0.000,0,972,0,0
4581,3.530,3.530,3.241,0.125,0.003,0.160,1,0.000,0.000,0.000,0,972,0,0
4582,3.563,3.563,3.257,0.126,0.003,0.178,1,0.000,0.000,0.000,0,972,0,0
4583,3.463,3.463,3.055,0.126,0.003,0.279,1,0.000,0.000,0.000,0,972,0,0
4584,3.317,3.317,2.982,0.125,0.003,0.207,1,0.000,0.000,0.000,0,972,0,0
4585,3.288,3.288,2.954,0.125,0.003,0.206,1,0.000,0.000,0.000,0,972,0,0
4586,4.078,4.078,3.629,0.150,0.004,0.295,1,0.000,0.000,0.000,0,972,0,0
4587,3.689,3.689,3.339,0.132,0.003,0.215,1,0.000,0.000,0.000,0,972,0,0
4588,5.467,5.467,5.113,0.127,0.003,0.224,1,0.000,0.000,0.000,0,972,0,0
4589,5.385,5.385,4.949,0.131,0.003,0.301,1,0.000,0.000,0.000,0,972,0,0
4590,3.955,3.955,3.557,0.126,0.003,0.269,1,0.000,0.000,0.000,0,972,0,0
4591,3.528,3.528,3.167,0.126,0.002,0.233,1,0.000,0.000,0.000,0,972,0,0
4592,3.483,3.483,3.051,0.125,0.002,0.305,1,0.000,0.000,0.000,0,972,0,0
4593,3.449,3.449,3.069,0.124,0.003,0.253,1,0.000,0.000,0.000,0,972,0,0
4594,3.479,3.479,3.046,0.126,0.003,0.304,1,0.000,0.000,0.000,0,972,0,0
4595,3.589,3.589,3.109,0.124,0.002,0.354,1,0.000,0.000,0.000,0,972,0,0
4596,3.491,3.491,2.999,0.125,0.002,0.365,1,0.000,0.000,0.000,0,972,0,0
4597,4.387,4.387,3.917,0.128,0.006,0.335,1,0.000,0.000,0.000,0,972,0,0
4598,4.215,4.215,3.544,0.127,0.004,0.541,1,0.000,0.000,0.000,0,972,0,0
4599,3.608,3.608,3.107,0.126,0.003,0.373,1,0.000,0.000,0.000,0,972,0,0
4600,3.682,3.682,3.081,0.125,0.003,0.474,1,0.000,0.000,0.000,0,972,0,0
4601,3.537,3.537,3.049,0.125,0.003,0.360,1,0.000,0.000,0.000,0,972,0,0
4602,3.636,3.636,3.155,0.126,0.003,0.352,1,0.000,0.000,0.000,0,972,0,0
4603,3.619,3.619,3.018,0.125,0.003,0.474,1,0.000,0.000,0.000,0,972,0,0
4604,3.456,3.456,2.997,0.125,0.003,0.331,1,0.000,0.000,0.000,0,972,0,0
4605,3.486,3.486,3.043,0.125,0.002,0.315,1,0.000,0.000,0.000,0,972,0,0
4606,3.572,3.572,3.041,0.125,0.003,0.403,1,0.000,0.000,0.000,0,972,0,0
4607,3.466,3.466,3.036,0.126,0.003,0.302,1,0.000,0.000,0.000,0,972,0,0
4608,3.486,3.486,3.027,0.153,0.003,0.303,1,0.000,0.000,0.000,0,972,1,0
4609,3.578,3.578,3.020,0.126,0.003,0.430,1,0.000,0.000,0.000,0,972,0,0
4610,3.478,3.478,2.985,0.140,0.003,0.349,1,0.000,0.000,0.000,0,972,0,0
4611,3.420,3.420,2.961,0.124,0.002,0.333,1,0.000,0.000,0.000,0,972,0,0
4612,3.638,3.638,3.106,0.125,0.002,0.405,1,0.000,0.000,0.000,0,972,0,0
4613,5.120,5.120,4.628,0.133,0.004,0.355,1,0.000,0.000,0.000,0,972,0,0
4614,5.479,5.479,5.045,0.126,0.004,0.305,1,0.000,0.000,0.000,0,972,0,0
4615,4.820,4.820,4.277,0.128,0.003,0.412,1,0.000,0.000,0.000,0,972,0,0
4616,4.102,4.102,3.626,0.125,0.006,0.346,1,0.000,0.000,0.000,0,928,0,0
4617,3.577,3.577,3.107,0.123,0.003,0.344,1,0.000,0.000,0.000,0,928,0,0
4618,4.362,4.362,3.793,0.126,0.004,0.439,1,0.000,0.000,0.000,0,928,0,0
4619,3.830,3.830,3.337,0.125,0.003,0.364,1,0.000,0.000,0.000,0,928,0,0
4620,3.615,3.615,3.120,0.124,0.003,0.369,1,0.000,0.000,0.000,0,928,0,0
4621,4.148,4.148,3.563,0.125,0.003,0.457,1,0.000,0.000,0.000,0,928,0,0
4622,3.459,3.459,3.005,0.122,0.003,0.330,1,0.000,0.000,0.000,0,928,0,0
4623,3.436,3.436,2.982,0.122,0.003,0.329,1,0.000,0.000,0.000,0,928,0,0
4624,4.379,4.379,3.804,0.127,0.005,0.444,1,0.000,0.000,0.000,0,928,0,0
4625,3.821,3.821,3.344,0.125,0.005,0.347,1,0.000,0.000,0.000,0,928,0,0
4626,4.089,4.089,3.621,0.127,0.004,0.337,1,0.000,0.000,0.000,0,928,0,0
4627,4.664,4.664,4.084,0.127,0.005,0.448,1,0.000,0.000,0.000,0,928,0,0
4628,3.619,3.619,3.120,0.122,0.003,0.374,1,0.000,0.000,0.000,0,928,0,0
4629,3.504,3.504,3.031,0.122,0.003,0.348,1,0.000,0.000,0.000,0,928,0,0
4630,4.135,4.135,3.548,0.125,0.003,0.459,1,0.000,0.000,0.000,0,928,0,0
4631,3.453,3.453,3.002,0.122,0.003,0.326,1,0.000,0.000,0.000,0,928,0,0
4632,5.274,5.274,4.794,0.128,0.004,0.349,1,0.000,0.000,0.000,0,928,0,0
4633,4.007,4.007,3.447,0.126,0.004,0.430,1,0.000,0.000,0.000,0,928,0,0
4634,3.393,3.393,2.983,0.120,0.003,0.287,1,0.000,0.000,0.000,0,772,0,0
4635,3.591,3.591,3.199,0.121,0.004,0.266,1,0.000,0.000,0.000,0,772,0,0
4636,4.048,4.048,3.533,0.122,0.004,0.389,1,0.000,0.000,0.000,0,772,0,0
4637,3.906,3.906,3.493,0.131,0.004,0.278,1,0.000,0.000,0.000,0,772,0,0
4638,3.541,3.541,3.161,0.124,0.004,0.253,1,0.000,0.000,0.000,0,772,0,0
4639,5.356,5.356,4.773,0.124,0.003,0.455,1,0.000,0.000,0.000,0,772,0,0
4640,4.007,4.007,3.603,0.125,0.005,0.274,1,0.000,0.000,0.000,0,772,0,0
4641,3.438,3.438,3.037,0.123,0.003,0.274,1,0.000,0.000,0.000,0,772,0,0
4642,3.402,3.402,2.921,0.122,0.003,0.357,1,0.000,0.000,0.000,0,772,0,0
4643,3.447,3.447,3.014,0.120,0.003,0.311,1,0.000,0.000,0.000,0,772,0,0
4644,3.516,3.516,3.065,0.122,0.003,0.326,1,0.000,0.000,0.000,0,772,0,0
4645,3.427,3.427,2.909,0.121,0.003,0.395,1,0.000,0.000,0.000,0,772,0,0
4646,3.282,3.282,2.862,0.121,0.003,0.297,1,0.000,0.000,0.000,0,772,0,0
4647,3.303,3.303,2.879,0.122,0.003,0.298,1,0.000,0.000,0.000,0,772,0,0
4648,3.407,3.407,2.886,0.122,0.002,0.397,1,0.000,0.000,0.000,0,772,0,0
4649,3.307,3.307,2.887,0.122,0.002,0.295,1,0.000,0.000,0.000,0,772,0,0
4650,3.335,3.335,2.925,0.122,0.003,0.285,1,0.000,0.000,0.000,0,772,0,0
4651,4.389,4.389,3.849,0.127,0.005,0.408,1,0.000,0.000,0.000,0,772,0,0
4652,5.195,5.195,4.830,0.125,0.004,0.236,1,0.000,0.000,0.000,0,768,0,0
4653,3.889,3.889,3.540,0.122,0.004,0.223,1,0.000,0.000,0.000,0,768,0,0
4654,4.108,4.108,3.692,0.121,0.005,0.289,1,0.000,0.000,0.000,0,768,0,0
4655,3.391,3.391,3.053,0.121,0.003,0.213,1,0.000,0.000,0.000,0,768,0,0
4656,3.230,3.230,2.896,0.120,0.003,0.211,1,0.000,0.000,0.000,0,768,0,0
4657,3.462,3.462,3.002,0.121,0.003,0.337,1,0.000,0.000,0.000,0,768,0,0
4658,3.514,3.514,3.070,0.120,0.003,0.321,1,0.000,0.000,0.000,0,768,0,0
4659,3.522,3.522,2.986,0.122,0.003,0.411,1,0.000,0.000,0.000,0,768,0,0
4660,4.256,4.256,3.591,0.130,0.004,0.531,1,0.000,0.000,0.000,0,768,0,0
4661,3.699,3.699,3.148,0.122,0.004,0.425,1,0.000,0.000,0.000,0,768,0,0
4662,3.459,3.459,2.930,0.121,0.003,0.406,1,0.000,0.000,0.000,0,768,0,0
4663,4.011,4.011,3.332,0.124,0.004,0.551,1,0.000,0.000,0.000,0,768,0,0
4664,4.108,4.108,3.545,0.122,0.005,0.436,1,0.000,0.000,0.000,0,768,0,0
4665,3.589,3.589,3.034,0.121,0.003,0.431,1,0.000,0.000,0.000,0,768,0,0
4666,6.905,6.905,6.176,0.122,0.003,0.603,1,0.000,0.000,0.000,0,768,0,0
4667,3.635,3.635,3.091,0.120,0.003,0.420,1,0.000,0.000,0.000,0,768,0,0
4668,3.581,3.581,3.052,0.121,0.003,0.405,1,0.000,0.000,0.000,0,768,0,0
4669,3.625,3.625,2.967,0.119,0.003,0.537,1,0.000,0.000,0.000,0,768,0,0
4670,3.432,3.432,2.904,0.119,0.003,0.406,1,0.000,0.000,0.000,0,768,0,0
4671,3.388,3.388,2.892,0.120,0.002,0.373,1,0.000,0.000,0.000,0,768,0,0
4672,3.559,3.559,2.943,0.119,0.002,0.494,1,0.000,0.000,0.000,0,768,0,0
4673,3.499,3.499,3.006,0.119,0.003,0.371,1,0.000,0.000,0.000,0,768,0,0
4674,3.465,3.465,2.935,0.120,0.003,0.407,1,0.000,0.000,0.000,0,768,0,0
4675,3.494,3.494,2.918,0.120,0.002,0.453,1,0.000,0.000,0.000,0,768,0,0
4676,4.393,4.393,3.937,0.121,0.003,0.332,1,0.000,0.000,0.000,0,768,0,0
4677,4.011,4.011,3.525,0.144,0.006,0.336,1,0.000,0.000,0.000,0,768,0,0
4678,4.961,4.961,4.423,0.124,0.003,0.410,1,0.000,0.000,0.000,0,768,0,0
4679,4.037,4.037,3.566,0.122,0.005,0.344,1,0.000,0.000,0.000,0,768,0,0
4680,3.471,3.471,3.013,0.120,0.003,0.335,1,0.000,0.000,0.000,0,768,0,0
4681,3.686,3.686,3.104,0.123,0.003,0.456,1,0.000,0.000,0.000,0,768,0,0
4682,3.330,3.330,2.897,0.119,0.002,0.311,1,0.000,0.000,0.000,0,768,0,0
4683,3.294,3.294,2.873,0.119,0.003,0.299,1,0.000,0.000,0.000,0,768,0,0
4684,3.469,3.469,2.922,0.120,0.003,0.424,1,0.000,0.000,0.000,0,768,0,0
4685,3.373,3.373,2.930,0.121,0.003,0.320,1,0.000,0.000,0.000,0,768,0,0
4686,3.286,3.286,2.864,0.121,0.003,0.299,1,0.000,0.000,0.000,0,768,0,0
4687,3.416,3.416,2.895,0.121,0.002,0.398,1,0.000,0.000,0.000,0,768,0,0
4688,3.278,3.278,2.867,0.120,0.003,0.289,1,0.000,0.000,0.000,0,768,0,0
4689,3.388,3.388,2.944,0.120,0.002,0.321,1,0.000,0.000,0.000,0,768,0,0
4690,3.457,3.457,2.921,0.121,0.002,0.414,1,0.000,0.000,0.000,0,768,0,0
4691,3.823,3.823,3.363,0.136,0.003,0.321,1,0.000,0.000,0.000,0,768,0,0
4692,3.390,3.390,2.941,0.121,0.003,0.325,1,0.000,0.000,0.000,0,768,0,0
4693,3.492,3.492,2.941,0.121,0.003,0.427,1,0.000,0.000,0.000,0,768,0,0
4694,4.779,4.779,4.302,0.124,0.006,0.348,1,0.000,0.000,0.000,0,768,0,0
4695,3.699,3.699,3.251,0.122,0.004,0.322,1,0.000,0.000,0.000,0,768,0,0
4696,3.516,3.516,3.012,0.122,0.003,0.379,1,0.000,0.000,0.000,0,768,0,0
4697,3.377,3.377,2.977,0.121,0.003,0.276,1,0.000,0.000,0.000,0,768,0,0
4698,3.943,3.943,3.462,0.121,0.003,0.358,1,0.000,0.000,0.000,0,768,0,0
4699,3.331,3.331,2.923,0.119,0.003,0.287,1,0.000,0.000,0.000,0,768,0,0
4700,3.455,3.455,3.033,0.122,0.003,0.298,1,0.000,0.000,0.000,0,768,0,0
4701,4.166,4.166,3.631,0.125,0.004,0.406,1,0.000,0.000,0.000,0,768,0,0
4702,3.592,3.592,3.152,0.121,0.003,0.316,1,0.000,0.000,0.000,0,768,0,0
4703,4.180,4.180,3.743,0.123,0.004,0.310,1,0.000,0.000,0.000,0,768,0,0
4704,4.476,4.476,3.870,0.123,0.004,0.479,1,0.000,0.000,0.000,0,768,0,0
4705,3.507,3.507,3.005,0.120,0.003,0.380,1,0.000,0.000,0.000,0,768,0,0
4706,3.457,3.457,2.962,0.120,0.003,0.371,1,0.000,0.000,0.000,0,768,0,0
4707,5.023,5.023,4.418,0.121,0.004,0.481,1,0.000,0.000,0.000,0,768,0,0
4708,3.460,3.460,2.953,0.121,0.003,0.383,1,0.000,0.000,0.000,0,768,0,0
4709,3.615,3.615,3.102,0.120,0.003,0.390,1,0.000,0.000,0.000,0,768,0,0
4710,4.154,4.154,3.544,0.122,0.003,0.485,1,0.000,0.000,0.000,0,768,0,0
4711,3.868,3.868,3.372,0.127,0.005,0.363,1,0.000,0.000,0.000,0,768,0,0
4712,3.609,3.609,3.091,0.123,0.004,0.392,1,0.000,0.000,0.000,0,768,0,0
4713,6.631,6.631,6.043,0.122,0.003,0.463,1,0.000,0.000,0.000,0,768,0,0
4714,3.047,3.047,2.572,0.120,0.004,0.352,1,0.000,0.000,0.000,0,768,0,0
4715,3.081,3.081,2.587,0.121,0.003,0.370,1,0.000,0.000,0.000,0,768,0,0
4716,3.983,3.983,3.356,0.216,0.003,0.408,1,0.000,0.000,0.000,0,768,1,0
4717,3.211,3.211,2.782,0.121,0.005,0.303,1,0.000,0.000,0.000,0,768,0,0
4718,2.897,2.897,2.537,0.122,0.003,0.235,1,0.000,0.000,0.000,0,768,0,0
4719,4.081,4.081,3.624,0.124,0.005,0.328,1,0.000,0.000,0.000,0,768,0,0
4720,3.464,3.464,3.060,0.126,0.003,0.275,1,0.000,0.000,0.000,0,768,0,0
4721,3.108,3.108,2.683,0.121,0.003,0.301,1,0.000,0.000,0.000,0,768,0,0
4722,3.050,3.050,2.526,0.144,0.003,0.376,1,0.000,0.000,0.000,0,768,0,0
4723,2.897,2.897,2.495,0.119,0.003,0.280,1,0.000,0.000,0.000,0,768,0,0
4724,2.915,2.915,2.527,0.121,0.004,0.263,1,0.000,0.000,0.000,0,768,0,0
4725,2.994,2.994,2.545,0.122,0.002,0.325,1,0.000,0.000,0.000,0,768,0,0
4726,2.793,2.793,2.445,0.120,0.002,0.226,1,0.000,0.000,0.000,0,768,0,0
4727,2.788,2.788,2.465,0.119,0.002,0.202,1,0.000,0.000,0.000,0,768,0,0
4728,2.736,2.736,2.361,0.119,0.003,0.253,1,0.000,0.000,0.000,0,768,0,0
4729,2.699,2.699,2.380,0.121,0.003,0.194,1,0.000,0.000,0.000,0,768,0,0
4730,2.645,2.645,2.344,0.119,0.002,0.179,1,0.000,0.000,0.000,0,768,0,0
4731,2.757,2.757,2.386,0.120,0.003,0.248,1,0.000,0.000,0.000,0,768,0,0
4732,4.579,4.579,4.254,0.124,0.006,0.195,1,0.000,0.000,0.000,0,768,0,0
4733,2.931,2.931,2.623,0.121,0.004,0.184,1,0.000,0.000,0.000,0,768,0,0
4734,3.552,3.552,3.156,0.125,0.003,0.268,1,0.000,0.000,0.000,0,768,0,0
4735,3.136,3.136,2.772,0.122,0.004,0.238,1,0.000,0.000,0.000,0,768,0,0
4736,3.123,3.123,2.801,0.128,0.003,0.190,1,0.000,0.000,0.000,0,768,0,0
4737,3.278,3.278,2.963,0.122,0.003,0.191,1,0.000,0.000,0.000,0,768,0,0
4738,2.835,2.835,2.568,0.119,0.003,0.145,1,0.000,0.000,0.000,0,768,0,0
4739,2.799,2.799,2.534,0.120,0.002,0.143,1,0.000,0.000,0.000,0,768,0,0
4740,2.757,2.757,2.415,0.121,0.003,0.219,1,0.000,0.000,0.000,0,768,0,0
4741,2.687,2.687,2.390,0.121,0.003,0.174,1,0.000,0.000,0.000,0,768,0,0
4742,2.878,2.878,2.574,0.126,0.003,0.175,1,0.000,0.000,0.000,0,768,0,0
4743,3.547,3.547,3.175,0.124,0.005,0.242,1,0.000,0.000,0.000,0,768,0,0
4744,2.879,2.879,2.591,0.121,0.003,0.164,1,0.000,0.000,0.000,0,768,0,0
4745,2.881,2.881,2.564,0.122,0.003,0.193,1,0.000,0.000,0.000,0,768,0,0
4746,3.477,3.477,3.106,0.125,0.003,0.244,1,0.000,0.000,0.000,0,768,0,0
4747,3.130,3.130,2.844,0.128,0.002,0.156,1,0.000,0.000,0.000,0,768,0,0
4748,2.918,2.918,2.612,0.122,0.005,0.179,1,0.000,0.000,0.000,0,768,0,0
4749,2.911,2.911,2.552,0.147,0.003,0.209,1,0.000,0.000,0.000,0,768,0,0
4750,2.720,2.720,2.396,0.120,0.003,0.201,1,0.000,0.000,0.000,0,768,0,0
4751,2.687,2.687,2.384,0.119,0.003,0.181,1,0.000,0.000,0.000,0,768,0,0
4752,2.747,2.747,2.383,0.122,0.002,0.240,1,0.000,0.000,0.000,0,768,0,0
4753,2.662,2.662,2.339,0.120,0.003,0.201,1,0.000,0.000,0.000,0,768,0,0
4754,2.651,2.651,2.346,0.120,0.002,0.182,1,0.000,0.000,0.000,0,768,0,0
4755,2.795,2.795,2.428,0.119,0.003,0.245,1,0.000,0.000,0.000,0,768,0,0
4756,2.667,2.667,2.377,0.119,0.002,0.169,1,0.000,0.000,0.000,0,768,0,0
4757,2.695,2.695,2.447,0.120,0.003,0.126,1,0.000,0.000,0.000,0,768,0,0
4758,2.659,2.659,2.375,0.119,0.003,0.162,1,0.000,0.000,0.000,0,768,0,0
4759,3.068,3.068,2.819,0.125,0.005,0.119,1,0.000,0.000,0.000,0,768,0,0
4760,2.789,2.789,2.532,0.120,0.003,0.133,1,0.000,0.000,0.000,0,768,0,0
4761,2.864,2.864,2.497,0.120,0.002,0.245,1,0.000,0.000,0.000,0,768,0,0
4762,2.764,2.764,2.424,0.121,0.003,0.216,1,0.000,0.000,0.000,0,768,0,0
4763,2.688,2.688,2.360,0.120,0.002,0.206,1,0.000,0.000,0.000,0,768,0,0
4764,2.721,2.721,2.357,0.119,0.002,0.242,1,0.000,0.000,0.000,0,768,0,0
4765,2.866,2.866,2.486,0.120,0.002,0.257,1,0.000,0.000,0.000,0,768,0,0
4766,2.922,2.922,2.538,0.121,0.003,0.260,1,0.000,0.000,0.000,0,768,0,0
4767,2.814,2.814,2.381,0.121,0.002,0.310,1,0.000,0.000,0.000,0,768,0,0
4768,2.665,2.665,2.324,0.119,0.003,0.220,1,0.000,0.000,0.000,0,768,0,0
4769,20.206,20.206,19.775,0.127,0.011,0.293,1,0.000,0.000,0.000,0,768,0,0
4770,3.436,3.436,2.957,0.121,0.004,0.355,1,0.000,0.000,0.000,0,768,0,0
4771,4.289,4.289,3.917,0.123,0.003,0.246,1,0.000,0.000,0.000,0,768,0,0
4772,4.098,4.098,3.708,0.129,0.006,0.255,1,0.000,0.000,0.000,0,768,0,0
4773,3.359,3.359,2.895,0.120,0.004,0.340,1,0.000,0.000,0.000,0,768,0,0
4774,2.873,2.873,2.542,0.121,0.003,0.207,1,0.000,0.000,0.000,0,768,0,0
4775,3.709,3.709,3.360,0.123,0.004,0.222,1,0.000,0.000,0.000,0,768,0,0
4776,3.314,3.314,2.940,0.122,0.003,0.249,1,0.000,0.000,0.000,0,768,0,0
4777,2.861,2.861,2.581,0.120,0.003,0.157,1,0.000,0.000,0.000,0,768,0,0
4778,3.175,3.175,2.837,0.121,0.003,0.214,1,0.000,0.000,0.000,0,768,0,0
4779,3.496,3.496,3.120,0.122,0.004,0.249,1,0.000,0.000,0.000,0,768,0,0
4780,3.041,3.041,2.701,0.121,0.003,0.216,1,0.000,0.000,0.000,0,768,0,0
4781,4.200,4.200,3.794,0.122,0.003,0.281,1,0.000,0.000,0.000,0,768,0,0
4782,3.978,3.978,3.456,0.121,0.004,0.397,1,0.000,0.000,0.000,0,768,0,0
4783,3.064,3.064,2.648,0.122,0.003,0.291,1,0.000,0.000,0.000,0,768,0,0
4784,2.845,2.845,2.446,0.120,0.002,0.277,1,0.000,0.000,0.000,0,768,0,0
4785,2.999,2.999,2.504,0.121,0.002,0.373,1,0.000,0.000,0.000,0,768,0,0
4786,2.815,2.815,2.396,0.120,0.003,0.297,1,0.000,0.000,0.000,0,768,0,0
4787,2.765,2.765,2.348,0.120,0.003,0.296,1,0.000,0.000,0.000,0,768,0,0
4788,2.903,2.903,2.428,0.121,0.003,0.352,1,0.000,0.000,0.000,0,768,0,0
4789,2.732,2.732,2.351,0.120,0.002,0.259,1,0.000,0.000,0.000,0,768,0,0
4790,2.741,2.741,2.360,0.121,0.002,0.258,1,0.000,0.000,0.000,0,768,0,0
4791,3.762,3.762,3.249,0.120,0.003,0.391,1,0.000,0.000,0.000,0,768,0,0
4792,2.787,2.787,2.407,0.120,0.003,0.257,1,0.000,0.000,0.000,0,768,0,0
4793,3.882,3.882,3.500,0.127,0.006,0.250,1,0.000,0.000,0.000,0,768,0,0
4794,3.401,3.401,2.941,0.128,0.004,0.328,1,0.000,0.000,0.000,0,768,0,0
4795,3.035,3.035,2.681,0.121,0.004,0.229,1,0.000,0.000,0.000,0,768,0,0
4796,2.774,2.774,2.401,0.121,0.003,0.249,1,0.000,0.000,0.000,0,768,0,0
4797,2.756,2.756,2.414,0.121,0.003,0.218,1,0.000,0.000,0.000,0,768,0,0
4798,2.600,2.600,2.336,0.120,0.003,0.140,1,0.000,0.000,0.000,0,768,0,0
4799,3.080,3.080,2.771,0.120,0.003,0.186,1,0.000,0.000,0.000,0,768,0,0
4800,3.127,3.127,2.863,0.121,0.003,0.142,1,0.000,0.000,0.000,0,772,0,0
4801,2.690,2.690,2.401,0.121,0.003,0.166,1,0.000,0.000,0.000,0,772,0,0
4802,2.787,2.787,2.426,0.122,0.003,0.237,1,0.000,0.000,0.000,0,772,0,0
4803,2.751,2.751,2.434,0.121,0.003,0.194,1,0.000,0.000,0.000,0,772,0,0
4804,2.643,2.643,2.326,0.121,0.002,0.193,1,0.000,0.000,0.000,0,772,0,0
4805,2.734,2.734,2.403,0.122,0.002,0.207,1,0.000,0.000,0.000,0,772,0,0
4806,2.636,2.636,2.339,0.120,0.003,0.174,1,0.000,0.000,0.000,0,772,0,0
4807,2.668,2.668,2.365,0.122,0.002,0.179,1,0.000,0.000,0.000,0,772,0,0
4808,2.668,2.668,2.346,0.121,0.002,0.199,1,0.000,0.000,0.000,0,772,0,0
4809,3.391,3.391,3.101,0.126,0.005,0.158,1,0.000,0.000,0.000,0,772,0,0
4810,2.920,2.920,2.652,0.121,0.003,0.144,1,0.000,0.000,0.000,0,772,0,0
4811,2.878,2.878,2.534,0.122,0.003,0.219,1,0.000,0.000,0.000,0,772,0,0
4812,2.707,2.707,2.418,0.122,0.002,0.165,1,0.000,0.000,0.000,0,772,0,0
4813,2.659,2.659,2.369,0.121,0.002,0.168,1,0.000,0.000,0.000,0,772,0,0
4814,3.398,3.398,3.027,0.141,0.004,0.226,1,0.000,0.000,0.000,0,772,0,0
4815,2.741,2.741,2.448,0.121,0.003,0.169,1,0.000,0.000,0.000,0,772,0,0
4816,2.693,2.693,2.395,0.121,0.002,0.175,1,0.000,0.000,0.000,0,772,0,0
4817,4.679,4.679,4.264,0.129,0.017,0.270,1,0.000,0.000,0.000,0,796,0,0
4818,4.590,4.590,4.313,0.125,0.005,0.147,1,0.000,0.000,0.000,0,820,0,0
4819,2.968,2.968,2.705,0.123,0.003,0.136,1,0.000,0.000,0.000,0,844,0,0
4820,3.869,3.869,3.545,0.127,0.006,0.191,1,0.000,0.000,0.000,0,868,0,0
4821,2.971,2.971,2.692,0.122,0.005,0.152,1,0.000,0.000,0.000,0,892,0,0
4822,2.880,2.880,2.595,0.122,0.003,0.160,1,0.000,0.000,0.000,0,916,0,0
4823,2.926,2.926,2.550,0.139,0.003,0.235,1,0.000,0.000,0.000,0,936,0,0
4824,2.842,2.842,2.539,0.123,0.002,0.177,1,0.000,0.000,0.000,0,936,0,0
4825,2.786,2.786,2.489,0.123,0.002,0.171,1,0.000,0.000,0.000,0,936,0,0
4826,3.451,3.451,3.022,0.133,0.004,0.291,1,0.000,0.000,0.000,0,936,0,0
4827,3.106,3.106,2.723,0.123,0.003,0.257,1,0.000,0.000,0.000,0,936,0,0
4828,2.965,2.965,2.580,0.153,0.003,0.229,1,0.000,0.000,0.000,0,936,1,0
4829,3.065,3.065,2.648,0.125,0.002,0.290,1,0.000,0.000,0.000,0,936,0,0
4830,2.883,2.883,2.536,0.123,0.003,0.221,1,0.000,0.000,0.000,0,936,0,0
4831,2.901,2.901,2.550,0.122,0.002,0.227,1,0.000,0.000,0.000,0,936,0,0
4832,3.571,3.571,2.965,0.318,0.005,0.283,1,0.000,0.000,0.000,0,936,0,0
4833,3.653,3.653,3.316,0.129,0.003,0.206,1,0.000,0.000,0.000,0,936,0,0
4834,3.319,3.319,2.908,0.141,0.006,0.264,1,0.000,0.000,0.000,0,936,0,0
4835,3.146,3.146,2.739,0.123,0.003,0.280,1,0.000,0.000,0.000,0,936,0,0
4836,3.145,3.145,2.781,0.142,0.004,0.218,1,0.000,0.000,0.000,0,936,0,0
4837,2.971,2.971,2.647,0.124,0.003,0.197,1,0.000,0.000,0.000,0,936,0,0
4838,2.801,2.801,2.476,0.122,0.003,0.200,1,0.000,0.000,0.000,0,936,0,0
4839,2.725,2.725,2.462,0.122,0.003,0.139,1,0.000,0.000,0.000,0,936,0,0
4840,2.683,2.683,2.421,0.121,0.003,0.137,1,0.000,0.000,0.000,0,936,0,0
4841,2.882,2.882,2.545,0.122,0.002,0.212,1,0.000,0.000,0.000,0,936,0,0
4842,2.770,2.770,2.468,0.122,0.002,0.178,1,0.000,0.000,0.000,0,936,0,0
4843,2.745,2.745,2.426,0.123,0.002,0.194,1,0.000,0.000,0.000,0,936,0,0
4844,2.815,2.815,2.438,0.123,0.002,0.251,1,0.000,0.000,0.000,0,936,0,0
4845,2.746,2.746,2.435,0.121,0.002,0.187,1,0.000,0.000,0.000,0,936,0,0
4846,4.096,4.096,3.746,0.124,0.003,0.223,1,0.000,0.000,0.000,0,936,0,0
4847,3.843,3.843,3.445,0.124,0.003,0.270,1,0.000,0.000,0.000,0,936,0,0
4848,3.418,3.418,3.099,0.137,0.003,0.179,1,0.000,0.000,0.000,0,936,0,0
4849,4.280,4.280,3.968,0.144,0.004,0.165,1,0.000,0.000,0.000,0,936,0,0
4850,3.174,3.174,2.846,0.123,0.003,0.203,1,0.000,0.000,0.000,0,936,0,0
4851,3.514,3.514,3.189,0.126,0.005,0.194,1,0.000,0.000,0.000,0,936,0,0
4852,2.894,2.894,2.586,0.124,0.004,0.181,1,0.000,0.000,0.000,0,936,0,0
4853,3.482,3.482,3.132,0.125,0.004,0.222,1,0.000,0.000,0.000,0,936,0,0
4854,3.453,3.453,3.158,0.125,0.005,0.166,1,0.000,0.000,0.000,0,936,0,0
4855,2.872,2.872,2.585,0.123,0.003,0.161,1,0.000,0.000,0.000,0,936,0,0
4856,3.264,3.264,2.906,0.126,0.004,0.227,1,0.000,0.000,0.000,0,936,0,0
4857,3.502,3.502,3.190,0.124,0.003,0.186,1,0.000,0.000,0.000,0,936,0,0
4858,2.747,2.747,2.472,0.123,0.003,0.149,1,0.000,0.000,0.000,0,936,0,0
4859,2.856,2.856,2.560,0.123,0.003,0.171,1,0.000,0.000,0.000,0,936,0,0
4860,2.712,2.712,2.453,0.124,0.002,0.132,1,0.000,0.000,0.000,0,936,0,0
4861,3.230,3.230,2.968,0.123,0.003,0.136,1,0.000,0.000,0.000,0,936,0,0
4862,2.840,2.840,2.512,0.122,0.002,0.203,1,0.000,0.000,0.000,0,936,0,0
4863,3.329,3.329,3.020,0.128,0.004,0.178,1,0.000,0.000,0.000,0,936,0,0
4864,3.238,3.238,2.932,0.125,0.004,0.177,1,0.000,0.000,0.000,0,936,0,0
4865,3.931,3.931,3.583,0.126,0.004,0.219,1,0.000,0.000,0.000,0,936,0,0
4866,3.813,3.813,3.535,0.131,0.003,0.145,1,0.000,0.000,0.000,0,936,0,0
4867,3.043,3.043,2.721,0.124,0.004,0.194,1,0.000,0.000,0.000,0,936,0,0
4868,2.945,2.945,2.591,0.122,0.003,0.229,1,0.000,0.000,0.000,0,936,0,0
4869,2.727,2.727,2.448,0.123,0.003,0.154,1,0.000,0.000,0.000,0,936,0,0
4870,3.184,3.184,2.886,0.127,0.004,0.167,1,0.000,0.000,0.000,0,936,0,0
4871,3.288,3.288,2.922,0.124,0.003,0.240,1,0.000,0.000,0.000,0,932,0,0
4872,2.850,2.850,2.511,0.122,0.003,0.215,1,0.000,0.000,0.000,0,932,0,0
4873,2.748,2.748,2.430,0.120,0.003,0.195,1,0.000,0.000,0.000,0,772,0,0
4874,2.825,2.825,2.428,0.120,0.003,0.275,1,0.000,0.000,0.000,0,772,0,0
4875,2.693,2.693,2.355,0.121,0.003,0.214,1,0.000,0.000,0.000,0,772,0,0
4876,2.720,2.720,2.386,0.120,0.002,0.212,1,0.000,0.000,0.000,0,772,0,0
4877,2.832,2.832,2.406,0.121,0.002,0.303,1,0.000,0.000,0.000,0,772,0,0
4878,4.273,4.273,3.949,0.124,0.004,0.197,1,0.000,0.000,0.000,0,772,0,0
4879,3.894,3.894,3.570,0.125,0.004,0.194,1,0.000,0.000,0.000,0,772,0,0
4880,2.825,2.825,2.484,0.121,0.003,0.216,1,0.000,0.000,0.000,0,772,0,0
4881,2.707,2.707,2.425,0.122,0.003,0.158,1,0.000,0.000,0.000,0,772,0,0
4882,4.401,4.401,4.075,0.127,0.005,0.193,1,0.000,0.000,0.000,0,772,0,0
4883,3.208,3.208,2.799,0.123,0.005,0.280,1,0.000,0.000,0.000,0,772,0,0
4884,2.829,2.829,2.488,0.122,0.003,0.216,1,0.000,0.000,0.000,0,772,0,0
4885,2.686,2.686,2.371,0.121,0.003,0.191,1,0.000,0.000,0.000,0,772,0,0
4886,2.787,2.787,2.415,0.121,0.003,0.248,1,0.000,0.000,0.000,0,772,0,0
4887,2.835,2.835,2.472,0.121,0.002,0.240,1,0.000,0.000,0.000,0,772,0,0
4888,2.791,2.791,2.418,0.121,0.003,0.250,1,0.000,0.000,0.000,0,772,0,0
4889,2.769,2.769,2.344,0.119,0.003,0.303,1,0.000,0.000,0.000,0,772,0,0
4890,2.720,2.720,2.386,0.121,0.003,0.210,1,0.000,0.000,0.000,0,772,0,0
4891,2.740,2.740,2.402,0.120,0.002,0.217,1,0.000,0.000,0.000,0,768,0,0
4892,2.823,2.823,2.429,0.121,0.002,0.270,1,0.000,0.000,0.000,0,768,0,0
4893,2.598,2.598,2.302,0.119,0.003,0.174,1,0.000,0.000,0.000,0,768,0,0
4894,3.355,3.355,3.057,0.124,0.004,0.171,1,0.000,0.000,0.000,0,768,0,0
4895,3.783,3.783,3.273,0.121,0.003,0.385,1,0.000,0.000,0.000,0,768,0,0
4896,3.080,3.080,2.828,0.126,0.004,0.123,1,0.000,0.000,0.000,0,768,0,0
4897,3.929,3.929,3.688,0.122,0.003,0.116,1,0.000,0.000,0.000,0,768,0,0
4898,3.068,3.068,2.795,0.119,0.003,0.150,1,0.000,0.000,0.000,0,768,0,0
4899,3.138,3.138,2.903,0.123,0.003,0.110,1,0.000,0.000,0.000,0,768,0,0
4900,3.191,3.191,2.900,0.121,0.005,0.165,1,0.000,0.000,0.000,0,768,0,0
4901,2.726,2.726,2.462,0.119,0.003,0.141,1,0.000,0.000,0.000,0,768,0,0
4902,3.834,3.834,3.493,0.122,0.003,0.216,1,0.000,0.000,0.000,0,768,0,0
4903,3.513,3.513,2.943,0.122,0.004,0.443,1,0.000,0.000,0.000,0,768,0,0
4904,3.140,3.140,2.642,0.121,0.004,0.373,1,0.000,0.000,0.000,0,768,0,0
4905,3.549,3.549,3.057,0.128,0.003,0.360,1,0.000,0.000,0.000,0,768,0,0
4906,3.213,3.213,2.598,0.121,0.003,0.490,1,0.000,0.000,0.000,0,768,0,0
4907,3.010,3.010,2.528,0.120,0.003,0.359,1,0.000,0.000,0.000,0,768,0,0
4908,2.856,2.856,2.377,0.120,0.003,0.357,1,0.000,0.000,0.000,0,768,0,0
4909,3.600,3.600,2.998,0.122,0.003,0.477,1,0.000,0.000,0.000,0,768,0,0
4910,3.096,3.096,2.455,0.119,0.003,0.519,1,0.000,0.000,0.000,0,768,0,0
4911,3.306,3.306,2.818,0.134,0.005,0.348,1,0.000,0.000,0.000,0,768,0,0
4912,4.506,4.506,3.929,0.133,0.004,0.440,1,0.000,0.000,0.000,0,768,0,0
4913,3.366,3.366,2.910,0.127,0.002,0.326,1,0.000,0.000,0.000,0,768,0,0
4914,3.093,3.093,2.607,0.121,0.004,0.361,1,0.000,0.000,0.000,0,768,0,0
4915,3.005,3.005,2.445,0.119,0.003,0.438,1,0.000,0.000,0.000,0,768,0,0
4916,2.968,2.968,2.515,0.119,0.006,0.328,1,0.000,0.000,0.000,0,768,0,0
4917,3.008,3.008,2.582,0.120,0.003,0.302,1,0.000,0.000,0.000,0,768,0,0
4918,2.952,2.952,2.433,0.120,0.003,0.396,1,0.000,0.000,0.000,0,768,0,0
4919,2.908,2.908,2.485,0.119,0.003,0.302,1,0.000,0.000,0.000,0,768,0,0
4920,2.721,2.721,2.321,0.120,0.003,0.277,1,0.000,0.000,0.000,0,768,0,0
4921,2.834,2.834,2.343,0.121,0.002,0.368,1,0.000,0.000,0.000,0,768,0,0
4922,2.728,2.728,2.328,0.120,0.003,0.278,1,0.000,0.000,0.000,0,768,0,0
4923,2.693,2.693,2.277,0.120,0.003,0.293,1,0.000,0.000,0.000,0,768,0,0
4924,2.873,2.873,2.382,0.120,0.003,0.369,1,0.000,0.000,0.000,0,768,0,0
4925,2.810,2.810,2.384,0.121,0.003,0.302,1,0.000,0.000,0.000,0,768,0,0
4926,2.773,2.773,2.349,0.139,0.002,0.282,1,0.000,0.000,0.000,0,768,0,0
4927,3.682,3.682,3.029,0.122,0.002,0.529,1,0.000,0.000,0.000,0,768,0,0
4928,3.466,3.466,3.060,0.123,0.005,0.278,1,0.000,0.000,0.000,0,768,0,0
4929,2.867,2.867,2.473,0.121,0.004,0.269,1,0.000,0.000,0.000,0,768,0,0
4930,2.829,2.829,2.355,0.120,0.003,0.350,1,0.000,0.000,0.000,0,768,0,0
4931,4.333,4.333,3.926,0.122,0.006,0.279,1,0.000,0.000,0.000,0,768,0,0
4932,3.431,3.431,2.957,0.155,0.003,0.316,1,0.000,0.000,0.000,0,768,1,0
4933,3.097,3.097,2.488,0.120,0.003,0.487,1,0.000,0.000,0.000,0,768,0,0
4934,3.097,3.097,2.626,0.121,0.003,0.347,1,0.000,0.000,0.000,0,768,0,0
4935,2.794,2.794,2.328,0.119,0.002,0.345,1,0.000,0.000,0.000,0,768,0,0
4936,2.948,2.948,2.371,0.120,0.003,0.454,1,0.000,0.000,0.000,0,768,0,0
4937,3.001,3.001,2.533,0.120,0.003,0.345,1,0.000,0.000,0.000,0,768,0,0
4938,2.803,2.803,2.336,0.119,0.003,0.345,1,0.000,0.000,0.000,0,768,0,0
4939,2.939,2.939,2.364,0.119,0.003,0.453,1,0.000,0.000,0.000,0,768,0,0
4940,2.998,2.998,2.546,0.119,0.003,0.329,1,0.000,0.000,0.000,0,768,0,0
4941,2.809,2.809,2.352,0.119,0.003,0.336,1,0.000,0.000,0.000,0,768,0,0
4942,4.167,4.167,3.598,0.122,0.003,0.444,1,0.000,0.000,0.000,0,768,0,0
4943,3.421,3.421,2.748,0.121,0.003,0.549,1,0.000,0.000,0.000,0,768,0,0
4944,4.963,4.963,4.499,0.138,0.005,0.321,1,0.000,0.000,0.000,0,768,0,0
4945,3.635,3.635,3.052,0.123,0.005,0.455,1,0.000,0.000,0.000,0,768,0,0
4946,3.135,3.135,2.681,0.120,0.003,0.332,1,0.000,0.000,0.000,0,768,0,0
4947,2.876,2.876,2.422,0.121,0.003,0.331,1,0.000,0.000,0.000,0,768,0,0
4948,3.085,3.085,2.469,0.120,0.003,0.493,1,0.000,0.000,0.000,0,768,0,0
4949,3.553,3.553,3.045,0.121,0.003,0.385,1,0.000,0.000,0.000,0,768,0,0
4950,2.824,2.824,2.319,0.119,0.003,0.383,1,0.000,0.000,0.000,0,768,0,0
4951,3.671,3.671,3.014,0.128,0.005,0.524,1,0.000,0.000,0.000,0,768,0,0
4952,3.580,3.580,2.971,0.239,0.003,0.366,1,0.000,0.000,0.000,0,768,0,0
4953,3.368,3.368,2.858,0.123,0.003,0.384,1,0.000,0.000,0.000,0,768,0,0
4954,3.082,3.082,2.456,0.120,0.003,0.503,1,0.000,0.000,0.000,0,768,0,0
4955,3.341,3.341,2.855,0.120,0.003,0.363,1,0.000,0.000,0.000,0,768,0,0
4956,3.464,3.464,2.938,0.121,0.003,0.402,1,0.000,0.000,0.000,0,768,0,0
4957,3.009,3.009,2.394,0.119,0.003,0.494,1,0.000,0.000,0.000,0,768,0,0
4958,3.396,3.396,2.892,0.120,0.004,0.380,1,0.000,0.000,0.000,0,768,0,0
4959,3.539,3.539,3.030,0.123,0.003,0.383,1,0.000,0.000,0.000,0,768,0,0
4960,4.604,4.604,3.999,0.129,0.006,0.470,1,0.000,0.000,0.000,0,768,0,0
4961,4.420,4.420,3.987,0.135,0.003,0.294,1,0.000,0.000,0.000,0,768,0,0
4962,2.838,2.838,2.457,0.121,0.003,0.258,1,0.000,0.000,0.000,0,768,0,0
4963,3.009,3.009,2.504,0.120,0.002,0.383,1,0.000,0.000,0.000,0,768,0,0
4964,2.799,2.799,2.365,0.120,0.003,0.312,1,0.000,0.000,0.000,0,768,0,0
4965,2.768,2.768,2.338,0.120,0.002,0.308,1,0.000,0.000,0.000,0,768,0,0
4966,2.967,2.967,2.431,0.122,0.003,0.411,1,0.000,0.000,0.000,0,768,0,0
4967,2.900,2.900,2.399,0.119,0.002,0.380,1,0.000,0.000,0.000,0,768,0,0
4968,2.816,2.816,2.418,0.121,0.002,0.274,1,0.000,0.000,0.000,0,768,0,0
4969,2.885,2.885,2.378,0.120,0.003,0.384,1,0.000,0.000,0.000,0,768,0,0
4970,3.621,3.621,3.221,0.125,0.006,0.269,1,0.000,0.000,0.000,0,768,0,0
4971,3.658,3.658,3.248,0.131,0.004,0.275,1,0.000,0.000,0.000,0,768,0,0
4972,3.158,3.158,2.665,0.121,0.004,0.367,1,0.000,0.000,0.000,0,768,0,0
4973,3.781,3.781,2.849,0.653,0.004,0.276,1,0.000,0.000,0.000,0,768,0,0
4974,2.874,2.874,2.476,0.120,0.003,0.275,1,0.000,0.000,0.000,0,768,0,0
4975,2.904,2.904,2.418,0.120,0.003,0.362,1,0.000,0.000,0.000,0,768,0,0
4976,2.765,2.765,2.371,0.120,0.003,0.270,1,0.000,0.000,0.000,0,768,0,0
4977,2.747,2.747,2.344,0.143,0.003,0.257,1,0.000,0.000,0.000,0,768,0,0
4978,3.087,3.087,2.598,0.120,0.002,0.367,1,0.000,0.000,0.000,0,768,0,0
4979,2.919,2.919,2.490,0.119,0.003,0.306,1,0.000,0.000,0.000,0,768,0,0
4980,2.774,2.774,2.364,0.130,0.003,0.278,1,0.000,0.000,0.000,0,768,0,0
4981,2.856,2.856,2.369,0.119,0.003,0.366,1,0.000,0.000,0.000,0,768,0,0
4982,2.772,2.772,2.369,0.121,0.003,0.279,1,0.000,0.000,0.000,0,768,0,0
4983,2.767,2.767,2.367,0.120,0.003,0.277,1,0.000,0.000,0.000,0,768,0,0
4984,2.865,2.865,2.376,0.121,0.003,0.365,1,0.000,0.000,0.000,0,768,0,0
4985,2.724,2.724,2.327,0.120,0.003,0.275,1,0.000,0.000,0.000,0,768,0,0
4986,2.867,2.867,2.466,0.120,0.003,0.278,1,0.000,0.000,0.000,0,768,0,0
4987,2.913,2.913,2.394,0.119,0.002,0.397,1,0.000,0.000,0.000,0,768,0,0
4988,2.780,2.780,2.369,0.121,0.003,0.287,1,0.000,0.000,0.000,0,768,0,0
4989,2.834,2.834,2.416,0.128,0.003,0.287,1,0.000,0.000,0.000,0,768,0,0
4990,2.911,2.911,2.411,0.119,0.003,0.378,1,0.000,0.000,0.000,0,768,0,0
4991,2.824,2.824,2.414,0.119,0.003,0.288,1,0.000,0.000,0.000,0,768,0,0
4992,2.789,2.789,2.380,0.119,0.003,0.287,1,0.000,0.000,0.000,0,768,0,0
4993,2.921,2.921,2.431,0.120,0.003,0.367,1,0.000,0.000,0.000,0,768,0,0
4994,3.842,3.842,3.362,0.119,0.008,0.352,1,0.000,0.000,0.000,0,768,0,0
4995,3.618,3.618,3.172,0.124,0.004,0.317,1,0.000,0.000,0.000,0,768,0,0
4996,3.054,3.054,2.522,0.120,0.003,0.409,1,0.000,0.000,0.000,0,768,0,0
4997,4.227,4.227,3.797,0.125,0.005,0.301,1,0.000,0.000,0.000,0,768,0,0
4998,3.331,3.331,2.827,0.121,0.005,0.379,1,0.000,0.000,0.000,0,768,0,0
4999,2.924,2.924,2.522,0.121,0.003,0.277,1,0.000,0.000,0.000,0,768,0,0
5000,3.023,3.023,2.619,0.122,0.003,0.280,1,0.000,0.000,0.000,0,768,0,0
5001,2.992,2.992,2.525,0.120,0.003,0.344,1,0.000,0.000,0.000,0,768,0,0
5002,2.699,2.699,2.336,0.120,0.003,0.240,1,0.000,0.000,0.000,0,768,0,0
5003,2.678,2.678,2.334,0.119,0.003,0.222,1,0.000,0.000,0.000,0,768,0,0
5004,3.726,3.726,3.206,0.120,0.002,0.399,1,0.000,0.000,0.000,0,768,0,0
5005,2.748,2.748,2.396,0.120,0.003,0.229,1,0.000,0.000,0.000,0,768,0,0
5006,2.655,2.655,2.310,0.120,0.002,0.222,1,0.000,0.000,0.000,0,768,0,0
5007,2.920,2.920,2.489,0.119,0.003,0.310,1,0.000,0.000,0.000,0,768,0,0
5008,2.802,2.802,2.431,0.119,0.002,0.250,1,0.000,0.000,0.000,0,768,0,0
5009,3.229,3.229,2.782,0.128,0.004,0.315,1,0.000,0.000,0.000,0,768,0,0
5010,3.226,3.226,2.677,0.122,0.003,0.424,1,0.000,0.000,0.000,0,768,0,0
5011,3.339,3.339,2.875,0.120,0.003,0.340,1,0.000,0.000,0.000,0,768,0,0
5012,3.010,3.010,2.530,0.132,0.003,0.345,1,0.000,0.000,0.000,0,768,0,0
5013,4.177,4.177,3.581,0.127,0.005,0.465,1,0.000,0.000,0.000,0,768,0,0
5014,3.209,3.209,2.751,0.120,0.004,0.334,1,0.000,0.000,0.000,0,768,0,0
5015,4.157,4.157,3.706,0.127,0.005,0.321,1,0.000,0.000,0.000,0,768,0,0
5016,3.398,3.398,2.849,0.123,0.004,0.422,1,0.000,0.000,0.000,0,768,0,0
5017,2.870,2.870,2.461,0.120,0.003,0.286,1,0.000,0.000,0.000,0,768,0,0
5018,2.766,2.766,2.389,0.120,0.003,0.254,1,0.000,0.000,0.000,0,768,0,0
5019,3.694,3.694,3.200,0.126,0.004,0.364,1,0.000,0.000,0.000,0,768,0,0
5020,2.977,2.977,2.554,0.120,0.004,0.299,1,0.000,0.000,0.000,0,768,0,0
5021,2.817,2.817,2.412,0.119,0.003,0.283,1,0.000,0.000,0.000,0,768,0,0
5022,3.223,3.223,2.728,0.119,0.003,0.373,1,0.000,0.000,0.000,0,768,0,0
5023,3.473,3.473,3.049,0.123,0.004,0.296,1,0.000,0.000,0.000,0,768,0,0
5024,3.055,3.055,2.614,0.120,0.003,0.318,1,0.000,0.000,0.000,0,768,0,0
5025,3.161,3.161,2.497,0.143,0.003,0.518,1,0.000,0.000,0.000,0,768,0,0
5026,3.489,3.489,2.943,0.124,0.003,0.419,1,0.000,0.000,0.000,0,768,0,0
5027,3.085,3.085,2.526,0.121,0.003,0.435,1,0.000,0.000,0.000,0,768,0,0
5028,3.120,3.120,2.435,0.119,0.003,0.564,1,0.000,0.000,0.000,0,768,0,0
5029,3.832,3.832,3.262,0.120,0.003,0.447,1,0.000,0.000,0.000,0,768,0,0
5030,3.692,3.692,3.108,0.122,0.005,0.457,1,0.000,0.000,0.000,0,768,0,0
5031,3.280,3.280,2.599,0.121,0.003,0.557,1,0.000,0.000,0.000,0,768,0,0
5032,3.573,3.573,3.031,0.121,0.003,0.418,1,0.000,0.000,0.000,0,768,0,0
5033,5.018,5.018,4.493,0.124,0.004,0.397,1,0.000,0.000,0.000,0,768,0,0
5034,4.147,4.147,3.495,0.122,0.005,0.525,1,0.000,0.000,0.000,0,768,0,0
5035,3.528,3.528,2.990,0.120,0.003,0.414,1,0.000,0.000,0.000,0,768,0,0
5036,3.448,3.448,2.934,0.121,0.004,0.389,1,0.000,0.000,0.000,0,768,0,0
5037,3.094,3.094,2.480,0.121,0.003,0.491,1,0.000,0.000,0.000,0,768,0,0
5038,3.167,3.167,2.686,0.119,0.003,0.359,1,0.000,0.000,0.000,0,768,0,0
5039,3.618,3.618,3.118,0.123,0.003,0.373,1,0.000,0.000,0.000,0,768,0,0
5040,3.107,3.107,2.507,0.120,0.002,0.478,1,0.000,0.000,0.000,0,768,0,0
5041,3.034,3.034,2.573,0.121,0.003,0.337,1,0.000,0.000,0.000,0,768,0,0
5042,2.866,2.866,2.424,0.119,0.002,0.320,1,0.000,0.000,0.000,0,768,0,0
5043,3.803,3.803,3.231,0.127,0.005,0.440,1,0.000,0.000,0.000,0,768,0,0
5044,2.990,2.990,2.518,0.121,0.004,0.348,1,0.000,0.000,0.000,0,768,0,0
5045,2.957,2.957,2.511,0.121,0.003,0.323,1,0.000,0.000,0.000,0,768,0,0
5046,4.033,4.033,3.457,0.165,0.005,0.406,1,0.000,0.000,0.000,0,768,1,0
5047,4.765,4.765,4.318,0.126,0.003,0.318,1,0.000,0.000,0.000,0,768,0,0
5048,3.264,3.264,2.851,0.125,0.003,0.285,1,0.000,0.000,0.000,0,768,0,0
5049,3.202,3.202,2.649,0.121,0.005,0.427,1,0.000,0.000,0.000,0,768,0,0
5050,2.861,2.861,2.441,0.119,0.003,0.298,1,0.000,0.000,0.000,0,768,0,0
5051,2.780,2.780,2.360,0.120,0.003,0.296,1,0.000,0.000,0.000,0,768,0,0
5052,2.904,2.904,2.390,0.119,0.002,0.392,1,0.000,0.000,0.000,0,768,0,0
5053,2.901,2.901,2.479,0.122,0.003,0.297,1,0.000,0.000,0.000,0,768,0,0
5054,2.861,2.861,2.452,0.119,0.002,0.288,1,0.000,0.000,0.000,0,768,0,0
5055,4.036,4.036,3.473,0.122,0.003,0.438,1,0.000,0.000,0.000,0,768,0,0
5056,2.809,2.809,2.360,0.119,0.002,0.327,1,0.000,0.000,0.000,0,768,0,0
5057,2.797,2.797,2.376,0.121,0.003,0.297,1,0.000,0.000,0.000,0,768,0,0
5058,2.913,2.913,2.398,0.119,0.003,0.393,1,0.000,0.000,0.000,0,768,0,0
5059,2.772,2.772,2.355,0.120,0.003,0.294,1,0.000,0.000,0.000,0,768,0,0
5060,2.768,2.768,2.337,0.121,0.003,0.307,1,0.000,0.000,0.000,0,768,0,0
5061,3.535,3.535,2.864,0.120,0.002,0.547,1,0.000,0.000,0.000,0,768,0,0
5062,2.957,2.957,2.547,0.121,0.003,0.285,1,0.000,0.000,0.000,0,768,0,0
5063,4.572,4.572,4.144,0.127,0.005,0.296,1,0.000,0.000,0.000,0,768,0,0
5064,3.649,3.649,3.155,0.123,0.004,0.366,1,0.000,0.000,0.000,0,768,0,0
5065,4.299,4.299,3.896,0.124,0.003,0.276,1,0.000,0.000,0.000,0,768,0,0
5066,2.912,2.912,2.504,0.121,0.003,0.285,1,0.000,0.000,0.000,0,768,0,0
5067,2.940,2.940,2.430,0.120,0.003,0.387,1,0.000,0.000,0.000,0,768,0,0
5068,2.745,2.745,2.343,0.120,0.003,0.279,1,0.000,0.000,0.000,0,768,0,0
5069,3.089,3.089,2.664,0.125,0.006,0.295,1,0.000,0.000,0.000,0,768,0,0
5070,3.056,3.056,2.580,0.120,0.003,0.353,1,0.000,0.000,0.000,0,768,0,0
5071,2.575,2.575,2.420,0.120,0.003,0.032,1,0.000,0.000,0.000,0,768,0,0
5072,2.418,2.418,2.268,0.119,0.002,0.029,1,0.000,0.000,0.000,0,768,0,0
5073,2.441,2.441,2.281,0.122,0.002,0.036,1,0.000,0.000,0.000,0,772,0,0
5074,2.406,2.406,2.254,0.120,0.002,0.030,1,0.000,0.000,0.000,0,772,0,0
5075,2.412,2.412,2.260,0.120,0.003,0.029,1,0.000,0.000,0.000,0,772,0,0
5076,2.421,2.421,2.261,0.120,0.002,0.038,1,0.000,0.000,0.000,0,772,0,0
5077,3.056,3.056,2.892,0.123,0.004,0.037,1,0.000,0.000,0.000,0,772,0,0
5078,2.835,2.835,2.673,0.122,0.004,0.036,1,0.000,0.000,0.000,0,772,0,0
5079,2.793,2.793,2.617,0.131,0.004,0.040,1,0.000,0.000,0.000,0,772,0,0
5080,2.608,2.608,2.450,0.123,0.004,0.032,1,0.000,0.000,0.000,0,772,0,0
5081,2.471,2.471,2.317,0.121,0.002,0.030,1,0.000,0.000,0.000,0,772,0,0
5082,2.441,2.441,2.282,0.121,0.003,0.036,1,0.000,0.000,0.000,0,772,0,0
5083,2.416,2.416,2.263,0.120,0.002,0.030,1,0.000,0.000,0.000,0,772,0,0
5084,2.415,2.415,2.261,0.121,0.002,0.030,1,0.000,0.000,0.000,0,772,0,0
5085,2.423,2.423,2.262,0.122,0.002,0.037,1,0.000,0.000,0.000,0,772,0,0
5086,2.407,2.407,2.256,0.120,0.003,0.029,1,0.000,0.000,0.000,0,772,0,0
5087,2.403,2.403,2.252,0.121,0.002,0.029,1,0.000,0.000,0.000,0,772,0,0
5088,2.427,2.427,2.267,0.121,0.003,0.036,1,0.000,0.000,0.000,0,772,0,0
5089,2.774,2.774,2.600,0.133,0.005,0.036,1,0.000,0.000,0.000,0,772,0,0
5090,3.290,3.290,3.128,0.125,0.003,0.034,1,0.000,0.000,0.000,0,772,0,0
5091,2.892,2.892,2.732,0.125,0.003,0.032,1,0.000,0.000,0.000,0,772,0,0
5092,2.569,2.569,2.407,0.123,0.004,0.036,1,0.000,0.000,0.000,0,772,0,0
5093,2.462,2.462,2.307,0.121,0.003,0.031,1,0.000,0.000,0.000,0,772,0,0
5094,2.441,2.441,2.279,0.121,0.003,0.038,1,0.000,0.000,0.000,0,772,0,0
5095,2.420,2.420,2.267,0.121,0.002,0.030,1,0.000,0.000,0.000,0,772,0,0
5096,2.412,2.412,2.258,0.122,0.002,0.029,1,0.000,0.000,0.000,0,772,0,0
5097,2.423,2.423,2.262,0.123,0.002,0.036,1,0.000,0.000,0.000,0,772,0,0
5098,2.406,2.406,2.254,0.120,0.003,0.029,1,0.000,0.000,0.000,0,772,0,0
5099,2.713,2.713,2.552,0.122,0.003,0.037,1,0.000,0.000,0.000,0,772,0,0
5100,3.123,3.123,2.970,0.120,0.003,0.030,1,0.000,0.000,0.000,0,772,0,0
5101,2.618,2.618,2.464,0.122,0.003,0.029,1,0.000,0.000,0.000,0,772,0,0
5102,3.269,3.269,3.082,0.123,0.006,0.057,1,0.000,0.000,0.000,0,772,0,0
5103,3.102,3.102,2.944,0.123,0.004,0.030,1,0.000,0.000,0.000,0,772,0,0
5104,3.170,3.170,3.013,0.121,0.004,0.033,1,0.000,0.000,0.000,0,772,0,0
5105,37.753,37.753,37.628,0.016,0.038,0.071,1,0.000,0.000,0.000,0,4,0,0
5106,11.921,11.921,11.816,0.011,0.040,0.054,1,0.000,0.000,0.000,0,4,0,0
5107,0.809,0.809,0.739,0.010,0.008,0.052,1,0.000,0.000,0.000,0,4,0,0
5108,348.793,348.793,348.638,0.086,0.007,0.062,1,0.000,0.000,0.000,0,344,0,0
5109,5.938,5.938,5.749,0.079,0.008,0.102,1,0.000,0.000,0.000,0,312,0,0
5110,4.413,4.413,4.245,0.075,0.004,0.088,1,0.000,0.000,0.000,0,312,0,0
5111,4.134,4.134,3.943,0.075,0.004,0.112,1,0.000,0.000,0.000,0,312,0,0
5112,4.142,4.142,3.982,0.074,0.003,0.083,1,0.000,0.000,0.000,0,312,0,0
5113,3.647,3.647,3.485,0.074,0.003,0.085,1,0.000,0.000,0.000,0,312,0,0
5114,4.566,4.566,4.307,0.138,0.005,0.116,1,0.000,0.000,0.000,0,592,0,0
5115,5.069,5.069,4.824,0.138,0.006,0.101,1,0.000,0.000,0.000,0,592,0,0
5116,4.620,4.620,4.298,0.227,0.006,0.090,1,0.000,0.000,0.000,0,592,0,0
5117,4.820,4.820,4.566,0.137,0.004,0.113,1,0.000,0.000,0.000,0,592,0,0
5118,4.405,4.405,4.168,0.136,0.005,0.096,1,0.000,0.000,0.000,0,592,0,0
5119,3.771,3.771,3.547,0.135,0.003,0.085,1,0.000,0.000,0.000,0,592,0,0
5120,3.646,3.646,3.400,0.133,0.003,0.109,1,0.000,0.000,0.000,0,592,0,0
5121,3.558,3.558,3.340,0.134,0.003,0.082,1,0.000,0.000,0.000,0,592,0,0
5122,3.562,3.562,3.345,0.133,0.003,0.081,1,0.000,0.000,0.000,0,592,0,0
5123,3.604,3.604,3.367,0.133,0.003,0.101,1,0.000,0.000,0.000,0,592,0,0
5124,3.560,3.560,3.342,0.134,0.002,0.082,1,0.000,0.000,0.000,0,592,0,0
5125,3.521,3.521,3.304,0.134,0.003,0.080,1,0.000,0.000,0.000,0,592,0,0
5126,3.556,3.556,3.316,0.132,0.003,0.104,1,0.000,0.000,0.000,0,592,0,0
5127,3.519,3.519,3.302,0.134,0.003,0.081,1,0.000,0.000,0.000,0,592,0,0
5128,4.839,4.839,4.601,0.138,0.005,0.095,1,0.000,0.000,0.000,0,592,0,0
5129,4.651,4.651,4.405,0.137,0.003,0.106,1,0.000,0.000,0.000,0,592,0,0
5130,4.202,4.202,3.985,0.135,0.004,0.078,1,0.000,0.000,0.000,0,592,0,0
5131,4.645,4.645,3.983,0.577,0.004,0.081,1,0.000,0.000,0.000,0,592,0,0
5132,4.134,4.134,3.871,0.135,0.007,0.121,1,0.000,0.000,0.000,0,592,0,0
5133,3.724,3.724,3.487,0.134,0.004,0.098,1,0.000,0.000,0.000,0,592,0,0
5134,3.599,3.599,3.381,0.135,0.003,0.080,1,0.000,0.000,0.000,0,592,0,0
5135,3.722,3.722,3.480,0.134,0.003,0.106,1,0.000,0.000,0.000,0,592,0,0
5136,3.583,3.583,3.364,0.134,0.003,0.082,1,0.000,0.000,0.000,0,592,0,0
5137,4.183,4.183,3.952,0.137,0.005,0.090,1,0.000,0.000,0.000,0,592,0,0
5138,4.109,4.109,3.853,0.135,0.005,0.118,1,0.000,0.000,0.000,0,592,0,0
5139,5.809,5.809,5.575,0.140,0.005,0.089,1,0.000,0.000,0.000,0,592,0,0
5140,4.477,4.477,4.225,0.135,0.004,0.113,1,0.000,0.000,0.000,0,592,0,0
5141,4.967,4.967,4.684,0.136,0.003,0.143,1,0.000,0.000,0.000,0,592,0,0
5142,4.525,4.525,4.246,0.137,0.006,0.135,1,0.000,0.000,0.000,0,592,0,0
5143,4.304,4.304,4.046,0.133,0.004,0.121,1,0.000,0.000,0.000,0,592,0,0
5144,3.792,3.792,3.503,0.134,0.003,0.151,1,0.000,0.000,0.000,0,592,0,0
5145,4.457,4.457,4.192,0.134,0.006,0.125,1,0.000,0.000,0.000,0,592,0,0
5146,4.090,4.090,3.827,0.135,0.004,0.124,1,0.000,0.000,0.000,0,592,0,0
5147,4.276,4.276,3.974,0.136,0.005,0.162,1,0.000,0.000,0.000,0,592,0,0
5148,4.067,4.067,3.807,0.135,0.004,0.120,1,0.000,0.000,0.000,0,592,0,0
5149,3.671,3.671,3.417,0.134,0.003,0.117,1,0.000,0.000,0.000,0,592,0,0
5150,3.818,3.818,3.524,0.135,0.005,0.153,1,0.000,0.000,0.000,0,592,0,0
5151,3.624,3.624,3.371,0.134,0.003,0.116,1,0.000,0.000,0.000,0,592,0,0
5152,5.338,5.338,4.700,0.503,0.007,0.129,1,0.000,0.000,0.000,0,592,0,0
5153,4.849,4.849,4.560,0.136,0.003,0.150,1,0.000,0.000,0.000,0,592,0,0
5154,4.211,4.211,3.959,0.138,0.003,0.110,1,0.000,0.000,0.000,0,592,0,0
5155,4.470,4.470,4.218,0.134,0.004,0.114,1,0.000,0.000,0.000,0,592,0,0
5156,4.827,4.827,4.509,0.136,0.006,0.176,1,0.000,0.000,0.000,0,592,0,0
5157,3.758,3.758,3.501,0.134,0.003,0.119,1,0.000,0.000,0.000,0,592,0,0
5158,3.864,3.864,3.595,0.148,0.004,0.117,1,0.000,0.000,0.000,0,592,0,0
5159,3.978,3.978,3.614,0.134,0.004,0.227,1,0.000,0.000,0.000,0,592,0,0
5160,4.216,4.216,3.961,0.134,0.004,0.117,1,0.000,0.000,0.000,0,592,0,0
5161,4.042,4.042,3.778,0.135,0.004,0.126,1,0.000,0.000,0.000,0,592,0,0
5162,3.696,3.696,3.408,0.133,0.003,0.151,1,0.000,0.000,0.000,0,592,0,0
5163,4.532,4.532,4.261,0.135,0.006,0.131,1,0.000,0.000,0.000,0,592,0,0
5164,4.219,4.219,3.949,0.135,0.005,0.130,1,0.000,0.000,0.000,0,592,0,0
5165,4.437,4.437,4.134,0.136,0.006,0.161,1,0.000,0.000,0.000,0,592,0,0
5166,4.251,4.251,3.996,0.135,0.004,0.116,1,0.000,0.000,0.000,0,592,0,0
5167,3.763,3.763,3.488,0.154,0.003,0.118,1,0.000,0.000,0.000,0,592,0,0
5168,3.694,3.694,3.408,0.133,0.003,0.149,1,0.000,0.000,0.000,0,592,0,0
5169,3.586,3.586,3.336,0.133,0.002,0.115,1,0.000,0.000,0.000,0,592,0,0
5170,3.582,3.582,3.333,0.133,0.003,0.113,1,0.000,0.000,0.000,0,592,0,0
5171,4.216,4.216,3.907,0.144,0.005,0.161,1,0.000,0.000,0.000,0,592,0,0
5172,3.937,3.937,3.674,0.134,0.005,0.124,1,0.000,0.000,0.000,0,592,0,0
5173,3.667,3.667,3.413,0.135,0.003,0.116,1,0.000,0.000,0.000,0,592,0,0
5174,4.248,4.248,3.948,0.135,0.004,0.161,1,0.000,0.000,0.000,0,592,0,0
5175,3.949,3.949,3.690,0.134,0.004,0.121,1,0.000,0.000,0.000,0,592,0,0
5176,4.411,4.411,3.991,0.296,0.005,0.120,1,0.000,0.000,0.000,0,592,0,0
5177,4.116,4.116,3.838,0.137,0.003,0.138,1,0.000,0.000,0.000,0,592,0,0
5178,4.738,4.738,4.481,0.134,0.004,0.119,1,0.000,0.000,0.000,0,592,0,0
5179,4.206,4.206,3.950,0.142,0.003,0.111,1,0.000,0.000,0.000,0,592,0,0
5180,4.162,4.162,3.855,0.134,0.007,0.166,1,0.000,0.000,0.000,0,592,0,0
5181,3.974,3.974,3.707,0.142,0.004,0.122,1,0.000,0.000,0.000,0,592,0,0
5182,3.879,3.879,3.594,0.168,0.003,0.113,1,0.000,0.000,0.000,0,592,1,0
5183,3.785,3.785,3.484,0.134,0.004,0.163,1,0.000,0.000,0.000,0,592,0,0
5184,3.654,3.654,3.404,0.134,0.003,0.112,1,0.000,0.000,0.000,0,592,0,0
5185,3.579,3.579,3.328,0.133,0.003,0.116,1,0.000,0.000,0.000,0,592,0,0
5186,3.613,3.613,3.328,0.134,0.003,0.148,1,0.000,0.000,0.000,0,592,0,0
5187,3.583,3.583,3.331,0.134,0.003,0.116,1,0.000,0.000,0.000,0,592,0,0
5188,4.202,4.202,3.944,0.135,0.004,0.118,1,0.000,0.000,0.000,0,592,0,0
5189,4.331,4.331,4.041,0.134,0.005,0.151,1,0.000,0.000,0.000,0,592,0,0
5190,5.399,5.399,5.106,0.140,0.007,0.146,1,0.000,0.000,0.000,0,592,0,0
5191,4.369,4.369,4.094,0.137,0.006,0.132,1,0.000,0.000,0.000,0,592,0,0
5192,3.838,3.838,3.544,0.135,0.004,0.155,1,0.000,0.000,0.000,0,592,0,0
5193,4.373,4.373,4.109,0.134,0.005,0.125,1,0.000,0.000,0.000,0,592,0,0
5194,4.085,4.085,3.825,0.135,0.004,0.121,1,0.000,0.000,0.000,0,592,0,0
5195,3.731,3.731,3.446,0.134,0.003,0.148,1,0.000,0.000,0.000,0,592,0,0
5196,4.154,4.154,3.899,0.133,0.004,0.119,1,0.000,0.000,0.000,0,592,0,0
5197,3.685,3.685,3.398,0.133,0.003,0.151,1,0.000,0.000,0.000,0,592,0,0
5198,3.594,3.594,3.342,0.134,0.003,0.115,1,0.000,0.000,0.000,0,592,0,0
5199,4.585,4.585,4.322,0.135,0.004,0.124,1,0.000,0.000,0.000,0,592,0,0
5200,4.112,4.112,3.811,0.135,0.005,0.162,1,0.000,0.000,0.000,0,592,0,0
5201,5.035,5.035,4.774,0.135,0.004,0.123,1,0.000,0.000,0.000,0,592,0,0
5202,4.239,4.239,3.988,0.134,0.003,0.113,1,0.000,0.000,0.000,0,592,0,0
5203,4.377,4.377,4.068,0.135,0.006,0.167,1,0.000,0.000,0.000,0,592,0,0
5204,4.374,4.374,4.115,0.134,0.004,0.121,1,0.000,0.000,0.000,0,592,0,0
5205,3.700,3.700,3.447,0.133,0.004,0.116,1,0.000,0.000,0.000,0,592,0,0
5206,3.648,3.648,3.366,0.132,0.003,0.146,1,0.000,0.000,0.000,0,592,0,0
5207,3.749,3.749,3.495,0.134,0.003,0.117,1,0.000,0.000,0.000,0,592,0,0
5208,3.583,3.583,3.332,0.133,0.003,0.115,1,0.000,0.000,0.000,0,592,0,0
5209,3.636,3.636,3.347,0.133,0.003,0.151,1,0.000,0.000,0.000,0,592,0,0
5210,3.573,3.573,3.322,0.134,0.003,0.114,1,0.000,0.000,0.000,0,592,0,0
5211,3.523,3.523,3.272,0.133,0.003,0.114,1,0.000,0.000,0.000,0,592,0,0
5212,3.607,3.607,3.324,0.133,0.003,0.148,1,0.000,0.000,0.000,0,592,0,0
5213,4.286,4.286,3.868,0.288,0.005,0.125,1,0.000,0.000,0.000,0,592,0,0
5214,3.836,3.836,3.571,0.133,0.004,0.127,1,0.000,0.000,0.000,0,592,0,0
5215,4.457,4.457,4.161,0.135,0.004,0.158,1,0.000,0.000,0.000,0,592,0,0
5216,4.299,4.299,4.030,0.136,0.005,0.128,1,0.000,0.000,0.000,0,592,0,0
5217,3.685,3.685,3.433,0.133,0.003,0.116,1,0.000,0.000,0.000,0,592,0,0
5218,3.716,3.716,3.424,0.134,0.002,0.155,1,0.000,0.000,0.000,0,592,0,0
5219,3.755,3.755,3.503,0.134,0.003,0.114,1,0.000,0.000,0.000,0,592,0,0
5220,3.583,3.583,3.334,0.133,0.003,0.113,1,0.000,0.000,0.000,0,592,0,0
5221,3.648,3.648,3.360,0.134,0.003,0.151,1,0.000,0.000,0.000,0,592,0,0
5222,3.645,3.645,3.393,0.134,0.003,0.116,1,0.000,0.000,0.000,0,592,0,0
5223,3.550,3.550,3.299,0.132,0.003,0.116,1,0.000,0.000,0.000,0,592,0,0
5224,3.619,3.619,3.324,0.133,0.002,0.159,1,0.000,0.000,0.000,0,592,0,0
5225,3.551,3.551,3.298,0.133,0.003,0.116,1,0.000,0.000,0.000,0,592,0,0
5226,4.148,4.148,3.782,0.135,0.002,0.228,1,0.000,0.000,0.000,0,592,0,0
5227,3.796,3.796,3.498,0.134,0.003,0.161,1,0.000,0.000,0.000,0,592,0,0
5228,5.031,5.031,4.678,0.222,0.006,0.126,1,0.000,0.000,0.000,0,592,0,0
5229,4.224,4.224,3.954,0.135,0.006,0.129,1,0.000,0.000,0.000,0,592,0,0
5230,3.769,3.769,3.482,0.134,0.003,0.149,1,0.000,0.000,0.000,0,592,0,0
5231,3.681,3.681,3.429,0.135,0.004,0.114,1,0.000,0.000,0.000,0,592,0,0
5232,3.594,3.594,3.340,0.133,0.003,0.117,1,0.000,0.000,0.000,0,592,0,0
5233,4.142,4.142,3.838,0.143,0.004,0.157,1,0.000,0.000,0.000,0,592,0,0
5234,3.895,3.895,3.635,0.135,0.004,0.122,1,0.000,0.000,0.000,0,592,0,0
5235,3.633,3.633,3.381,0.134,0.003,0.115,1,0.000,0.000,0.000,0,592,0,0
5236,3.643,3.643,3.354,0.133,0.003,0.154,1,0.000,0.000,0.000,0,592,0,0
5237,3.569,3.569,3.318,0.133,0.004,0.114,1,0.000,0.000,0.000,0,592,0,0
5238,3.582,3.582,3.334,0.134,0.003,0.112,1,0.000,0.000,0.000,0,592,0,0
5239,4.096,4.096,3.791,0.135,0.006,0.164,1,0.000,0.000,0.000,0,592,0,0
5240,3.784,3.784,3.521,0.134,0.005,0.124,1,0.000,0.000,0.000,0,592,0,0
5241,4.430,4.430,4.168,0.135,0.005,0.122,1,0.000,0.000,0.000,0,592,0,0
5242,4.288,4.288,3.992,0.135,0.006,0.155,1,0.000,0.000,0.000,0,592,0,0
5243,3.719,3.719,3.463,0.134,0.003,0.118,1,0.000,0.000,0.000,0,592,0,0
5244,3.663,3.663,3.409,0.133,0.003,0.117,1,0.000,0.000,0.000,0,592,0,0
5245,3.633,3.633,3.346,0.133,0.002,0.152,1,0.000,0.000,0.000,0,592,0,0
5246,3.557,3.557,3.306,0.133,0.003,0.115,1,0.000,0.000,0.000,0,592,0,0
5247,4.098,4.098,3.832,0.139,0.005,0.122,1,0.000,0.000,0.000,0,592,0,0
5248,3.888,3.888,3.607,0.135,0.003,0.143,1,0.000,0.000,0.000,0,592,0,0
5249,3.917,3.917,3.659,0.134,0.004,0.120,1,0.000,0.000,0.000,0,592,0,0
5250,3.634,3.634,3.380,0.133,0.003,0.118,1,0.000,0.000,0.000,0,592,0,0
5251,3.635,3.635,3.349,0.132,0.003,0.151,1,0.000,0.000,0.000,0,592,0,0
5252,4.628,4.628,4.362,0.136,0.005,0.125,1,0.000,0.000,0.000,0,592,0,0
5253,3.996,3.996,3.684,0.134,0.004,0.173,1,0.000,0.000,0.000,0,592,0,0
5254,4.405,4.405,4.110,0.134,0.005,0.156,1,0.000,0.000,0.000,0,592,0,0
5255,4.322,4.322,4.058,0.136,0.004,0.124,1,0.000,0.000,0.000,0,592,0,0
5256,3.748,3.748,3.496,0.134,0.003,0.114,1,0.000,0.000,0.000,0,592,0,0
5257,3.697,3.697,3.407,0.134,0.003,0.152,1,0.000,0.000,0.000,0,592,0,0
5258,3.584,3.584,3.332,0.133,0.003,0.115,1,0.000,0.000,0.000,0,592,0,0
5259,3.577,3.577,3.325,0.133,0.003,0.116,1,0.000,0.000,0.000,0,592,0,0
5260,3.630,3.630,3.347,0.133,0.003,0.147,1,0.000,0.000,0.000,0,592,0,0
5261,4.101,4.101,3.848,0.133,0.003,0.117,1,0.000,0.000,0.000,0,592,0,0
5262,3.724,3.724,3.465,0.135,0.004,0.120,1,0.000,0.000,0.000,0,592,0,0
5263,3.748,3.748,3.456,0.134,0.003,0.154,1,0.000,0.000,0.000,0,592,0,0
5264,4.645,4.645,4.373,0.150,0.004,0.118,1,0.000,0.000,0.000,0,592,0,0
5265,4.252,4.252,3.985,0.135,0.006,0.127,1,0.000,0.000,0.000,0,592,0,0
5266,5.328,5.328,4.988,0.193,0.003,0.145,1,0.000,0.000,0.000,0,592,0,0
5267,4.305,4.305,4.041,0.135,0.006,0.123,1,0.000,0.000,0.000,0,592,0,0
5268,4.443,4.443,4.175,0.135,0.004,0.129,1,0.000,0.000,0.000,0,592,0,0
5269,3.863,3.863,3.573,0.135,0.004,0.151,1,0.000,0.000,0.000,0,592,0,0
5270,3.624,3.624,3.371,0.133,0.003,0.116,1,0.000,0.000,0.000,0,592,0,0
5271,3.670,3.670,3.419,0.133,0.003,0.116,1,0.000,0.000,0.000,0,592,0,0
5272,3.674,3.674,3.384,0.133,0.003,0.154,1,0.000,0.000,0.000,0,592,0,0
5273,3.811,3.811,3.542,0.144,0.004,0.120,1,0.000,0.000,0.000,0,592,0,0
5274,3.671,3.671,3.416,0.133,0.004,0.117,1,0.000,0.000,0.000,0,592,0,0
5275,4.197,4.197,3.897,0.137,0.005,0.158,1,0.000,0.000,0.000,0,592,0,0
5276,4.095,4.095,3.847,0.137,0.003,0.108,1,0.000,0.000,0.000,0,592,0,0
5277,3.828,3.828,3.561,0.135,0.004,0.127,1,0.000,0.000,0.000,0,592,0,0
5278,3.715,3.715,3.430,0.134,0.003,0.148,1,0.000,0.000,0.000,0,592,0,0
5279,4.667,4.667,4.391,0.146,0.006,0.124,1,0.000,0.000,0.000,0,592,0,0
5280,4.183,4.183,3.903,0.136,0.007,0.137,1,0.000,0.000,0.000,0,592,0,0
5281,4.134,4.134,3.829,0.135,0.005,0.165,1,0.000,0.000,0.000,0,592,0,0
5282,3.683,3.683,3.427,0.134,0.004,0.118,1,0.000,0.000,0.000,0,592,0,0
5283,3.592,3.592,3.341,0.133,0.003,0.115,1,0.000,0.000,0.000,0,592,0,0
5284,3.751,3.751,3.466,0.133,0.003,0.148,1,0.000,0.000,0.000,0,592,0,0
5285,3.591,3.591,3.342,0.133,0.003,0.113,1,0.000,0.000,0.000,0,592,0,0
5286,3.580,3.580,3.329,0.132,0.003,0.116,1,0.000,0.000,0.000,0,592,0,0
5287,3.710,3.710,3.424,0.133,0.003,0.150,1,0.000,0.000,0.000,0,592,0,0
5288,3.755,3.755,3.496,0.135,0.003,0.122,1,0.000,0.000,0.000,0,592,0,0
5289,3.665,3.665,3.409,0.134,0.003,0.119,1,0.000,0.000,0.000,0,592,0,0
5290,3.711,3.711,3.417,0.134,0.003,0.157,1,0.000,0.000,0.000,0,592,0,0
5291,4.635,4.635,4.353,0.147,0.007,0.128,1,0.000,0.000,0.000,0,592,0,0
5292,5.139,5.139,4.884,0.136,0.004,0.115,1,0.000,0.000,0.000,0,592,0,0
5293,4.437,4.437,4.133,0.135,0.005,0.164,1,0.000,0.000,0.000,0,592,0,0
5294,3.727,3.727,3.473,0.134,0.003,0.117,1,0.000,0.000,0.000,0,592,0,0
5295,4.095,4.095,3.824,0.143,0.005,0.123,1,0.000,0.000,0.000,0,592,0,0
5296,3.974,3.974,3.684,0.133,0.004,0.153,1,0.000,0.000,0.000,0,592,0,0
5297,4.148,4.148,3.885,0.136,0.004,0.123,1,0.000,0.000,0.000,0,592,0,0
5298,4.014,4.014,3.712,0.134,0.005,0.162,1,0.000,0.000,0.000,0,592,0,0
5299,3.640,3.640,3.389,0.133,0.003,0.114,1,0.000,0.000,0.000,0,592,0,0
5300,3.597,3.597,3.342,0.135,0.003,0.116,1,0.000,0.000,0.000,0,592,0,0
5301,3.647,3.647,3.362,0.133,0.003,0.149,1,0.000,0.000,0.000,0,592,0,0
5302,4.191,4.191,3.934,0.135,0.003,0.119,1,0.000,0.000,0.000,0,592,0,0
5303,4.142,4.142,3.880,0.138,0.005,0.119,1,0.000,0.000,0.000,0,592,0,0
5304,4.139,4.139,3.853,0.135,0.004,0.147,1,0.000,0.000,0.000,0,592,0,0
5305,4.649,4.649,4.386,0.134,0.004,0.125,1,0.000,0.000,0.000,0,592,0,0
5306,3.768,3.768,3.513,0.134,0.004,0.117,1,0.000,0.000,0.000,0,592,0,0
5307,3.953,3.953,3.655,0.134,0.004,0.159,1,0.000,0.000,0.000,0,592,0,0
5308,4.390,4.390,4.117,0.136,0.006,0.131,1,0.000,0.000,0.000,0,592,0,0
5309,3.862,3.862,3.609,0.134,0.004,0.115,1,0.000,0.000,0.000,0,592,0,0
5310,3.750,3.750,3.464,0.135,0.003,0.147,1,0.000,0.000,0.000,0,592,0,0
5311,3.645,3.645,3.393,0.133,0.003,0.116,1,0.000,0.000,0.000,0,592,0,0
5312,3.672,3.672,3.420,0.133,0.003,0.116,1,0.000,0.000,0.000,0,592,0,0
5313,3.615,3.615,3.330,0.133,0.003,0.149,1,0.000,0.000,0.000,0,592,0,0
5314,4.162,4.162,3.891,0.139,0.005,0.127,1,0.000,0.000,0.000,0,592,0,0
5315,4.196,4.196,3.938,0.139,0.004,0.115,1,0.000,0.000,0.000,0,592,0,0
5316,4.956,4.956,4.663,0.138,0.003,0.152,1,0.000,0.000,0.000,0,592,0,0
5317,4.106,4.106,3.856,0.134,0.004,0.112,1,0.000,0.000,0.000,0,592,0,0
5318,4.349,4.349,4.074,0.136,0.006,0.133,1,0.000,0.000,0.000,0,592,0,0
5319,3.859,3.859,3.569,0.134,0.004,0.152,1,0.000,0.000,0.000,0,592,0,0
5320,3.643,3.643,3.390,0.134,0.003,0.116,1,0.000,0.000,0.000,0,592,0,0
5321,4.094,4.094,3.841,0.134,0.003,0.116,1,0.000,0.000,0.000,0,592,0,0
5322,4.418,4.418,4.113,0.142,0.004,0.159,1,0.000,0.000,0.000,0,592,0,0
5323,4.021,4.021,3.753,0.134,0.005,0.129,1,0.000,0.000,0.000,0,592,0,0
5324,3.650,3.650,3.395,0.134,0.003,0.118,1,0.000,0.000,0.000,0,592,0,0
5325,3.658,3.658,3.368,0.133,0.003,0.154,1,0.000,0.000,0.000,0,592,0,0
5326,3.560,3.560,3.310,0.132,0.003,0.115,1,0.000,0.000,0.000,0,592,0,0
5327,3.882,3.882,3.627,0.135,0.003,0.116,1,0.000,0.000,0.000,0,592,0,0
5328,3.657,3.657,3.373,0.134,0.003,0.147,1,0.000,0.000,0.000,0,592,0,0
5329,4.480,4.480,4.190,0.165,0.004,0.122,1,0.000,0.000,0.000,0,592,1,0
5330,3.663,3.663,3.398,0.145,0.003,0.117,1,0.000,0.000,0.000,0,592,0,0
5331,3.676,3.676,3.392,0.133,0.003,0.149,1,0.000,0.000,0.000,0,592,0,0
5332,3.558,3.558,3.307,0.133,0.002,0.115,1,0.000,0.000,0.000,0,592,0,0
5333,3.559,3.559,3.308,0.132,0.002,0.116,1,0.000,0.000,0.000,0,592,0,0
5334,3.971,3.971,3.659,0.138,0.006,0.168,1,0.000,0.000,0.000,0,592,0,0
5335,3.688,3.688,3.434,0.133,0.003,0.118,1,0.000,0.000,0.000,0,592,0,0
5336,4.390,4.390,4.124,0.136,0.005,0.125,1,0.000,0.000,0.000,0,592,0,0
5337,4.046,4.046,3.752,0.135,0.004,0.155,1,0.000,0.000,0.000,0,592,0,0
5338,3.613,3.613,3.360,0.134,0.003,0.116,1,0.000,0.000,0.000,0,592,0,0
5339,4.530,4.530,4.264,0.135,0.003,0.128,1,0.000,0.000,0.000,0,592,0,0
5340,4.794,4.794,4.485,0.145,0.004,0.160,1,0.000,0.000,0.000,0,592,0,0
5341,3.972,3.972,3.716,0.134,0.003,0.119,1,0.000,0.000,0.000,0,592,0,0
5342,4.163,4.163,3.908,0.134,0.003,0.118,1,0.000,0.000,0.000,0,592,0,0
5343,4.526,4.526,4.213,0.136,0.007,0.171,1,0.000,0.000,0.000,0,592,0,0
5344,3.783,3.783,3.527,0.134,0.004,0.118,1,0.000,0.000,0.000,0,592,0,0
5345,3.721,3.721,3.469,0.134,0.004,0.115,1,0.000,0.000,0.000,0,592,0,0
5346,3.650,3.650,3.367,0.133,0.003,0.146,1,0.000,0.000,0.000,0,592,0,0
5347,3.576,3.576,3.326,0.133,0.002,0.115,1,0.000,0.000,0.000,0,592,0,0
5348,4.879,4.879,4.614,0.136,0.005,0.124,1,0.000,0.000,0.000,0,592,0,0
5349,4.199,4.199,3.900,0.135,0.004,0.159,1,0.000,0.000,0.000,0,592,0,0
5350,3.681,3.681,3.427,0.133,0.003,0.118,1,0.000,0.000,0.000,0,592,0,0
5351,3.638,3.638,3.384,0.134,0.003,0.117,1,0.000,0.000,0.000,0,592,0,0
5352,3.623,3.623,3.333,0.133,0.003,0.154,1,0.000,0.000,0.000,0,592,0,0
5353,4.494,4.494,4.234,0.135,0.005,0.121,1,0.000,0.000,0.000,0,592,0,0
5354,4.581,4.581,4.305,0.139,0.004,0.132,1,0.000,0.000,0.000,0,592,0,0
5355,3.868,3.868,3.577,0.134,0.004,0.153,1,0.000,0.000,0.000,0,592,0,0
5356,4.686,4.686,4.415,0.136,0.006,0.128,1,0.000,0.000,0.000,0,592,0,0
5357,4.033,4.033,3.783,0.135,0.003,0.111,1,0.000,0.000,0.000,0,592,0,0
5358,4.158,4.158,3.842,0.151,0.005,0.160,1,0.000,0.000,0.000,0,592,0,0
5359,3.693,3.693,3.437,0.133,0.004,0.119,1,0.000,0.000,0.000,0,592,0,0
5360,4.490,4.490,4.236,0.135,0.005,0.115,1,0.000,0.000,0.000,0,592,0,0
5361,4.120,4.120,3.849,0.135,0.004,0.132,1,0.000,0.000,0.000,0,592,0,0
5362,3.912,3.912,3.662,0.148,0.003,0.098,1,0.000,0.000,0.000,0,592,0,0
5363,4.441,4.441,4.199,0.135,0.005,0.102,1,0.000,0.000,0.000,0,592,0,0
5364,4.314,4.314,4.047,0.135,0.004,0.127,1,0.000,0.000,0.000,0,592,0,0
5365,4.356,4.356,4.122,0.134,0.005,0.095,1,0.000,0.000,0.000,0,592,0,0
5366,4.031,4.031,3.800,0.134,0.004,0.094,1,0.000,0.000,0.000,0,592,0,0
5367,4.636,4.636,4.307,0.136,0.006,0.186,1,0.000,0.000,0.000,0,592,0,0
5368,3.833,3.833,3.595,0.134,0.004,0.099,1,0.000,0.000,0.000,0,592,0,0
5369,3.638,3.638,3.405,0.134,0.003,0.096,1,0.000,0.000,0.000,0,592,0,0
5370,3.642,3.642,3.379,0.134,0.003,0.126,1,0.000,0.000,0.000,0,592,0,0
5371,3.554,3.554,3.323,0.133,0.003,0.095,1,0.000,0.000,0.000,0,592,0,0
5372,4.060,4.060,3.815,0.139,0.005,0.100,1,0.000,0.000,0.000,0,592,0,0
5373,3.929,3.929,3.662,0.134,0.004,0.128,1,0.000,0.000,0.000,0,592,0,0
5374,3.587,3.587,3.354,0.135,0.003,0.095,1,0.000,0.000,0.000,0,592,0,0
5375,4.049,4.049,3.807,0.140,0.004,0.098,1,0.000,0.000,0.000,0,592,0,0
5376,3.894,3.894,3.627,0.134,0.004,0.129,1,0.000,0.000,0.000,0,592,0,0
5377,4.303,4.303,4.047,0.136,0.005,0.116,1,0.000,0.000,0.000,0,592,0,0
5378,3.906,3.906,3.679,0.135,0.003,0.089,1,0.000,0.000,0.000,0,592,0,0
5379,4.660,4.660,4.398,0.134,0.003,0.124,1,0.000,0.000,0.000,0,592,0,0
5380,4.824,4.824,4.573,0.143,0.007,0.102,1,0.000,0.000,0.000,0,592,0,0
5381,4.558,4.558,4.314,0.135,0.005,0.104,1,0.000,0.000,0.000,0,592,0,0
5382,3.888,3.888,3.621,0.135,0.004,0.128,1,0.000,0.000,0.000,0,592,0,0
5383,3.629,3.629,3.398,0.133,0.003,0.095,1,0.000,0.000,0.000,0,592,0,0
5384,3.559,3.559,3.329,0.133,0.003,0.094,1,0.000,0.000,0.000,0,592,0,0
5385,3.599,3.599,3.340,0.133,0.003,0.123,1,0.000,0.000,0.000,0,592,0,0
5386,3.533,3.533,3.303,0.133,0.003,0.094,1,0.000,0.000,0.000,0,592,0,0
5387,3.521,3.521,3.291,0.133,0.003,0.094,1,0.000,0.000,0.000,0,592,0,0
5388,3.576,3.576,3.316,0.132,0.003,0.125,1,0.000,0.000,0.000,0,592,0,0
5389,3.832,3.832,3.586,0.141,0.005,0.100,1,0.000,0.000,0.000,0,592,0,0
5390,3.702,3.702,3.464,0.135,0.004,0.099,1,0.000,0.000,0.000,0,592,0,0
5391,3.712,3.712,3.450,0.133,0.004,0.125,1,0.000,0.000,0.000,0,592,0,0
5392,3.539,3.539,3.306,0.135,0.003,0.095,1,0.000,0.000,0.000,0,592,0,0
5393,3.535,3.535,3.305,0.133,0.003,0.094,1,0.000,0.000,0.000,0,592,0,0
5394,3.560,3.560,3.300,0.134,0.003,0.123,1,0.000,0.000,0.000,0,592,0,0
5395,3.561,3.561,3.329,0.133,0.003,0.095,1,0.000,0.000,0.000,0,592,0,0
5396,3.503,3.503,3.272,0.134,0.003,0.094,1,0.000,0.000,0.000,0,592,0,0
5397,3.562,3.562,3.301,0.133,0.003,0.125,1,0.000,0.000,0.000,0,592,0,0
5398,4.609,4.609,4.361,0.138,0.005,0.104,1,0.000,0.000,0.000,0,592,0,0
5399,4.109,4.109,3.842,0.134,0.004,0.129,1,0.000,0.000,0.000,0,592,0,0
5400,3.635,3.635,3.402,0.134,0.003,0.096,1,0.000,0.000,0.000,0,592,0,0
5401,3.578,3.578,3.348,0.132,0.002,0.095,1,0.000,0.000,0.000,0,592,0,0
5402,3.562,3.562,3.302,0.133,0.003,0.124,1,0.000,0.000,0.000,0,592,0,0
5403,3.517,3.517,3.288,0.133,0.003,0.093,1,0.000,0.000,0.000,0,592,0,0
5404,3.531,3.531,3.301,0.132,0.003,0.094,1,0.000,0.000,0.000,0,592,0,0
5405,3.563,3.563,3.302,0.133,0.003,0.124,1,0.000,0.000,0.000,0,592,0,0
5406,4.074,4.074,3.834,0.144,0.003,0.094,1,0.000,0.000,0.000,0,592,0,0
5407,4.068,4.068,3.819,0.136,0.006,0.107,1,0.000,0.000,0.000,0,592,0,0
5408,4.043,4.043,3.771,0.135,0.005,0.132,1,0.000,0.000,0.000,0,592,0,0
5409,3.599,3.599,3.368,0.133,0.003,0.095,1,0.000,0.000,0.000,0,592,0,0
5410,3.806,3.806,3.572,0.135,0.004,0.096,1,0.000,0.000,0.000,0,592,0,0
5411,4.529,4.529,4.257,0.136,0.005,0.131,1,0.000,0.000,0.000,0,592,0,0
5412,3.730,3.730,3.496,0.134,0.003,0.097,1,0.000,0.000,0.000,0,592,0,0
5413,3.696,3.696,3.460,0.135,0.004,0.097,1,0.000,0.000,0.000,0,592,0,0
5414,3.595,3.595,3.334,0.133,0.003,0.125,1,0.000,0.000,0.000,0,592,0,0
5415,3.526,3.526,3.294,0.133,0.003,0.095,1,0.000,0.000,0.000,0,592,0,0
5416,4.353,4.353,3.930,0.140,0.003,0.280,1,0.000,0.000,0.000,0,592,0,0
5417,4.139,4.139,3.876,0.135,0.003,0.125,1,0.000,0.000,0.000,0,592,0,0
5418,3.798,3.798,3.564,0.133,0.003,0.097,1,0.000,0.000,0.000,0,592,0,0
5419,4.148,4.148,3.911,0.134,0.004,0.098,1,0.000,0.000,0.000,0,592,0,0
5420,3.636,3.636,3.374,0.133,0.004,0.125,1,0.000,0.000,0.000,0,592,0,0
5421,3.574,3.574,3.343,0.133,0.003,0.095,1,0.000,0.000,0.000,0,592,0,0
5422,3.541,3.541,3.309,0.133,0.003,0.095,1,0.000,0.000,0.000,0,592,0,0
5423,3.565,3.565,3.305,0.133,0.003,0.124,1,0.000,0.000,0.000,0,592,0,0
5424,4.024,4.024,3.770,0.138,0.006,0.109,1,0.000,0.000,0.000,0,592,0,0
5425,3.718,3.718,3.478,0.134,0.004,0.101,1,0.000,0.000,0.000,0,592,0,0
5426,3.588,3.588,3.329,0.132,0.003,0.124,1,0.000,0.000,0.000,0,592,0,0
5427,3.545,3.545,3.313,0.134,0.003,0.095,1,0.000,0.000,0.000,0,592,0,0
5428,3.501,3.501,3.270,0.133,0.003,0.094,1,0.000,0.000,0.000,0,592,0,0
5429,3.554,3.554,3.295,0.134,0.003,0.122,1,0.000,0.000,0.000,0,592,0,0
5430,4.565,4.565,4.305,0.153,0.005,0.102,1,0.000,0.000,0.000,0,592,0,0
5431,4.925,4.925,4.695,0.135,0.003,0.093,1,0.000,0.000,0.000,0,592,0,0
5432,4.182,4.182,3.898,0.152,0.004,0.129,1,0.000,0.000,0.000,0,592,0,0
5433,3.720,3.720,3.486,0.134,0.003,0.096,1,0.000,0.000,0.000,0,592,0,0
5434,3.787,3.787,3.532,0.154,0.003,0.097,1,0.000,0.000,0.000,0,592,0,0
5435,4.465,4.465,4.189,0.137,0.006,0.134,1,0.000,0.000,0.000,0,592,0,0
5436,3.819,3.819,3.585,0.135,0.004,0.096,1,0.000,0.000,0.000,0,592,0,0
5437,3.678,3.678,3.444,0.135,0.003,0.096,1,0.000,0.000,0.000,0,592,0,0
5438,3.597,3.597,3.336,0.133,0.003,0.124,1,0.000,0.000,0.000,0,592,0,0
5439,3.533,3.533,3.303,0.133,0.003,0.095,1,0.000,0.000,0.000,0,592,0,0
5440,4.089,4.089,3.846,0.137,0.005,0.102,1,0.000,0.000,0.000,0,592,0,0
5441,4.673,4.673,4.407,0.140,0.002,0.124,1,0.000,0.000,0.000,0,588,0,0
5442,4.451,4.451,4.210,0.142,0.004,0.095,1,0.000,0.000,0.000,0,588,0,0
5443,4.532,4.532,4.301,0.135,0.004,0.092,1,0.000,0.000,0.000,0,588,0,0
5444,4.415,4.415,4.070,0.203,0.007,0.136,1,0.000,0.000,0.000,0,588,0,0
5445,4.194,4.194,3.959,0.134,0.004,0.097,1,0.000,0.000,0.000,0,588,0,0
5446,3.647,3.647,3.415,0.133,0.003,0.096,1,0.000,0.000,0.000,0,588,0,0
5447,3.601,3.601,3.342,0.133,0.003,0.123,1,0.000,0.000,0.000,0,588,0,0
5448,3.550,3.550,3.321,0.132,0.003,0.094,1,0.000,0.000,0.000,0,588,0,0
5449,3.656,3.656,3.366,0.133,0.003,0.154,1,0.000,0.000,0.000,0,588,0,0
5450,4.740,4.740,4.468,0.135,0.005,0.133,1,0.000,0.000,0.000,0,588,0,0
5451,4.006,4.006,3.767,0.133,0.004,0.101,1,0.000,0.000,0.000,0,588,0,0
5452,4.151,4.151,3.913,0.134,0.004,0.100,1,0.000,0.000,0.000,0,588,0,0
5453,4.009,4.009,3.742,0.134,0.005,0.129,1,0.000,0.000,0.000,0,588,0,0
5454,4.470,4.470,4.221,0.143,0.004,0.103,1,0.000,0.000,0.000,0,588,0,0
5455,3.880,3.880,3.638,0.133,0.005,0.103,1,0.000,0.000,0.000,0,588,0,0
5456,4.359,4.359,4.092,0.135,0.004,0.127,1,0.000,0.000,0.000,0,588,0,0
5457,4.861,4.861,4.607,0.138,0.003,0.114,1,0.000,0.000,0.000,0,588,0,0
5458,4.073,4.073,3.840,0.134,0.006,0.094,1,0.000,0.000,0.000,0,588,0,0
5459,4.434,4.434,4.162,0.135,0.005,0.132,1,0.000,0.000,0.000,0,588,0,0
5460,3.699,3.699,3.466,0.134,0.004,0.095,1,0.000,0.000,0.000,0,588,0,0
5461,3.582,3.582,3.351,0.132,0.003,0.095,1,0.000,0.000,0.000,0,588,0,0
5462,3.587,3.587,3.327,0.133,0.003,0.124,1,0.000,0.000,0.000,0,588,0,0
5463,3.591,3.591,3.360,0.133,0.002,0.096,1,0.000,0.000,0.000,0,588,0,0
5464,3.503,3.503,3.273,0.132,0.003,0.095,1,0.000,0.000,0.000,0,588,0,0
5465,3.583,3.583,3.326,0.132,0.003,0.122,1,0.000,0.000,0.000,0,588,0,0
5466,4.518,4.518,4.267,0.143,0.006,0.102,1,0.000,0.000,0.000,0,588,0,0
5467,3.923,3.923,3.683,0.135,0.004,0.101,1,0.000,0.000,0.000,0,588,0,0
5468,3.644,3.644,3.382,0.133,0.004,0.126,1,0.000,0.000,0.000,0,588,0,0
5469,4.800,4.800,4.545,0.144,0.006,0.105,1,0.000,0.000,0.000,0,588,0,0
5470,4.069,4.069,3.826,0.134,0.005,0.104,1,0.000,0.000,0.000,0,588,0,0
5471,3.747,3.747,3.474,0.145,0.004,0.124,1,0.000,0.000,0.000,0,588,0,0
5472,3.603,3.603,3.373,0.132,0.003,0.095,1,0.000,0.000,0.000,0,588,0,0
5473,3.545,3.545,3.313,0.132,0.003,0.096,1,0.000,0.000,0.000,0,588,0,0
5474,3.548,3.548,3.272,0.149,0.003,0.124,1,0.000,0.000,0.000,0,588,0,0
5475,3.509,3.509,3.280,0.132,0.003,0.094,1,0.000,0.000,0.000,0,588,0,0
5476,3.502,3.502,3.272,0.133,0.003,0.094,1,0.000,0.000,0.000,0,588,0,0
5477,3.607,3.607,3.320,0.157,0.003,0.127,1,0.000,0.000,0.000,0,588,1,0
5478,3.507,3.507,3.278,0.132,0.003,0.094,1,0.000,0.000,0.000,0,588,0,0
5479,3.504,3.504,3.274,0.132,0.003,0.095,1,0.000,0.000,0.000,0,588,0,0
5480,3.542,3.542,3.283,0.132,0.003,0.124,1,0.000,0.000,0.000,0,588,0,0
5481,4.838,4.838,4.587,0.136,0.007,0.110,1,0.000,0.000,0.000,0,588,0,0
5482,4.649,4.649,4.416,0.134,0.004,0.096,1,0.000,0.000,0.000,0,588,0,0
5483,4.437,4.437,4.165,0.134,0.006,0.132,1,0.000,0.000,0.000,0,588,0,0
5484,3.777,3.777,3.520,0.158,0.004,0.096,1,0.000,0.000,0.000,0,588,0,0
5485,3.576,3.576,3.344,0.133,0.003,0.096,1,0.000,0.000,0.000,0,588,0,0
5486,3.584,3.584,3.324,0.132,0.003,0.125,1,0.000,0.000,0.000,0,588,0,0
5487,3.542,3.542,3.312,0.133,0.003,0.095,1,0.000,0.000,0.000,0,588,0,0
5488,3.449,3.449,3.220,0.132,0.003,0.094,1,0.000,0.000,0.000,0,588,0,0
5489,3.549,3.549,3.292,0.132,0.003,0.123,1,0.000,0.000,0.000,0,588,0,0
5490,3.497,3.497,3.269,0.132,0.002,0.094,1,0.000,0.000,0.000,0,588,0,0
5491,4.416,4.416,4.179,0.141,0.003,0.092,1,0.000,0.000,0.000,0,588,0,0
5492,3.918,3.918,3.658,0.138,0.003,0.119,1,0.000,0.000,0.000,0,588,0,0
5493,4.031,4.031,3.773,0.145,0.006,0.106,1,0.000,0.000,0.000,0,588,0,0
5494,3.573,3.573,3.341,0.133,0.003,0.096,1,0.000,0.000,0.000,0,588,0,0
5495,3.887,3.887,3.623,0.133,0.004,0.127,1,0.000,0.000,0.000,0,588,0,0
5496,3.615,3.615,3.383,0.132,0.003,0.097,1,0.000,0.000,0.000,0,588,0,0
5497,3.545,3.545,3.286,0.132,0.003,0.123,1,0.000,0.000,0.000,0,588,0,0
5498,3.492,3.492,3.262,0.131,0.003,0.095,1,0.000,0.000,0.000,0,588,0,0
5499,4.103,4.103,3.856,0.136,0.006,0.105,1,0.000,0.000,0.000,0,588,0,0
5500,5.234,5.234,4.969,0.132,0.004,0.129,1,0.000,0.000,0.000,0,588,0,0
5501,4.263,4.263,4.018,0.135,0.004,0.104,1,0.000,0.000,0.000,0,588,0,0
5502,3.940,3.940,3.705,0.133,0.004,0.098,1,0.000,0.000,0.000,0,588,0,0
5503,3.600,3.600,3.335,0.133,0.003,0.128,1,0.000,0.000,0.000,0,588,0,0
5504,3.509,3.509,3.277,0.132,0.003,0.096,1,0.000,0.000,0.000,0,588,0,0
5505,3.467,3.467,3.236,0.133,0.003,0.095,1,0.000,0.000,0.000,0,588,0,0
5506,4.325,4.325,4.050,0.138,0.005,0.133,1,0.000,0.000,0.000,0,588,0,0
5507,4.544,4.544,4.263,0.184,0.004,0.093,1,0.000,0.000,0.000,0,588,0,0
5508,4.106,4.106,3.872,0.135,0.003,0.096,1,0.000,0.000,0.000,0,588,0,0
5509,4.149,4.149,3.891,0.135,0.003,0.119,1,0.000,0.000,0.000,0,588,0,0
5510,4.022,4.022,3.773,0.136,0.006,0.107,1,0.000,0.000,0.000,0,588,0,0
5511,3.638,3.638,3.404,0.133,0.004,0.097,1,0.000,0.000,0.000,0,588,0,0
5512,3.560,3.560,3.298,0.133,0.003,0.126,1,0.000,0.000,0.000,0,588,0,0
5513,3.439,3.439,3.209,0.132,0.003,0.094,1,0.000,0.000,0.000,0,588,0,0
5514,3.461,3.461,3.214,0.133,0.003,0.111,1,0.000,0.000,0.000,0,588,0,0
5515,3.503,3.503,3.244,0.133,0.003,0.124,1,0.000,0.000,0.000,0,588,0,0
5516,3.414,3.414,3.184,0.133,0.002,0.095,1,0.000,0.000,0.000,0,588,0,0
5517,3.482,3.482,3.253,0.132,0.003,0.094,1,0.000,0.000,0.000,0,588,0,0
5518,3.854,3.854,3.585,0.134,0.003,0.131,1,0.000,0.000,0.000,0,588,0,0
5519,4.473,4.473,4.230,0.135,0.005,0.103,1,0.000,0.000,0.000,0,588,0,0
5520,4.122,4.122,3.876,0.146,0.003,0.097,1,0.000,0.000,0.000,0,588,0,0
5521,3.676,3.676,3.408,0.135,0.004,0.129,1,0.000,0.000,0.000,0,588,0,0
5522,3.499,3.499,3.267,0.134,0.003,0.095,1,0.000,0.000,0.000,0,588,0,0
5523,3.463,3.463,3.233,0.133,0.003,0.094,1,0.000,0.000,0.000,0,588,0,0
5524,3.884,3.884,3.623,0.134,0.003,0.123,1,0.000,0.000,0.000,0,588,0,0
5525,3.465,3.465,3.236,0.133,0.003,0.094,1,0.000,0.000,0.000,0,588,0,0
5526,3.438,3.438,3.192,0.133,0.003,0.110,1,0.000,0.000,0.000,0,588,0,0
5527,3.525,3.525,3.264,0.133,0.003,0.124,1,0.000,0.000,0.000,0,588,0,0
5528,3.412,3.412,3.181,0.133,0.003,0.095,1,0.000,0.000,0.000,0,588,0,0
5529,3.402,3.402,3.173,0.133,0.003,0.094,1,0.000,0.000,0.000,0,588,0,0
5530,3.435,3.435,3.173,0.133,0.003,0.125,1,0.000,0.000,0.000,0,588,0,0
5531,3.367,3.367,3.137,0.133,0.003,0.094,1,0.000,0.000,0.000,0,588,0,0
5532,3.967,3.967,3.722,0.137,0.006,0.103,1,0.000,0.000,0.000,0,588,0,0
5533,3.816,3.816,3.550,0.133,0.004,0.130,1,0.000,0.000,0.000,0,588,0,0
5534,3.468,3.468,3.235,0.134,0.004,0.096,1,0.000,0.000,0.000,0,588,0,0
5535,3.442,3.442,3.211,0.133,0.003,0.095,1,0.000,0.000,0.000,0,588,0,0
5536,3.469,3.469,3.194,0.133,0.002,0.139,1,0.000,0.000,0.000,0,588,0,0
5537,3.405,3.405,3.175,0.133,0.003,0.094,1,0.000,0.000,0.000,0,588,0,0
5538,3.397,3.397,3.168,0.133,0.003,0.094,1,0.000,0.000,0.000,0,588,0,0
5539,3.410,3.410,3.149,0.132,0.003,0.126,1,0.000,0.000,0.000,0,588,0,0
5540,3.907,3.907,3.659,0.138,0.006,0.105,1,0.000,0.000,0.000,0,588,0,0
5541,3.602,3.602,3.367,0.133,0.003,0.099,1,0.000,0.000,0.000,0,588,0,0
5542,4.074,4.074,3.807,0.134,0.004,0.128,1,0.000,0.000,0.000,0,588,0,0
5543,3.732,3.732,3.495,0.134,0.004,0.100,1,0.000,0.000,0.000,0,588,0,0
5544,3.463,3.463,3.233,0.133,0.003,0.094,1,0.000,0.000,0.000,0,588,0,0
5545,3.405,3.405,3.144,0.133,0.003,0.125,1,0.000,0.000,0.000,0,588,0,0
5546,3.406,3.406,3.174,0.133,0.003,0.096,1,0.000,0.000,0.000,0,588,0,0
5547,3.341,3.341,3.111,0.133,0.003,0.094,1,0.000,0.000,0.000,0,588,0,0
5548,3.595,3.595,3.329,0.132,0.003,0.130,1,0.000,0.000,0.000,0,588,0,0
5549,3.400,3.400,3.168,0.133,0.003,0.096,1,0.000,0.000,0.000,0,588,0,0
5550,3.483,3.483,3.253,0.132,0.003,0.096,1,0.000,0.000,0.000,0,588,0,0
5551,4.393,4.393,4.111,0.137,0.007,0.138,1,0.000,0.000,0.000,0,588,0,0
5552,3.682,3.682,3.444,0.134,0.004,0.101,1,0.000,0.000,0.000,0,588,0,0
5553,3.393,3.393,3.161,0.134,0.003,0.095,1,0.000,0.000,0.000,0,588,0,0
5554,3.372,3.372,3.114,0.133,0.003,0.123,1,0.000,0.000,0.000,0,588,0,0
5555,3.340,3.340,3.108,0.133,0.002,0.096,1,0.000,0.000,0.000,0,588,0,0
5556,3.341,3.341,3.109,0.133,0.003,0.096,1,0.000,0.000,0.000,0,588,0,0
5557,3.355,3.355,3.094,0.133,0.003,0.126,1,0.000,0.000,0.000,0,588,0,0
5558,3.303,3.303,3.072,0.133,0.003,0.095,1,0.000,0.000,0.000,0,588,0,0
5559,3.309,3.309,3.078,0.134,0.003,0.094,1,0.000,0.000,0.000,0,588,0,0
5560,4.391,4.391,4.135,0.132,0.002,0.122,1,0.000,0.000,0.000,0,584,0,0
5561,3.435,3.435,3.207,0.132,0.004,0.093,1,0.000,0.000,0.000,0,584,0,0
5562,3.354,3.354,3.123,0.131,0.003,0.096,1,0.000,0.000,0.000,0,584,0,0
5563,3.585,3.585,3.326,0.133,0.003,0.123,1,0.000,0.000,0.000,0,584,0,0
5564,3.301,3.301,3.071,0.131,0.003,0.096,1,0.000,0.000,0.000,0,584,0,0
5565,4.009,4.009,3.762,0.136,0.006,0.105,1,0.000,0.000,0.000,0,584,0,0
5566,3.647,3.647,3.381,0.131,0.005,0.130,1,0.000,0.000,0.000,0,584,0,0
5567,3.272,3.272,3.043,0.131,0.004,0.095,1,0.000,0.000,0.000,0,580,0,0
5568,3.282,3.282,3.053,0.131,0.003,0.094,1,0.000,0.000,0.000,0,580,0,0
5569,3.276,3.276,3.019,0.131,0.003,0.123,1,0.000,0.000,0.000,0,580,0,0
5570,3.193,3.193,2.964,0.130,0.003,0.095,1,0.000,0.000,0.000,0,580,0,0
5571,3.149,3.149,2.924,0.129,0.003,0.093,1,0.000,0.000,0.000,0,572,0,0
5572,3.297,3.297,3.044,0.127,0.002,0.123,1,0.000,0.000,0.000,0,568,0,0
5573,3.141,3.141,2.918,0.127,0.003,0.094,1,0.000,0.000,0.000,0,564,0,0
5574,3.146,3.146,2.921,0.127,0.003,0.095,1,0.000,0.000,0.000,0,564,0,0
5575,3.217,3.217,2.962,0.127,0.003,0.126,1,0.000,0.000,0.000,0,564,0,0
5576,3.133,3.133,2.908,0.127,0.003,0.095,1,0.000,0.000,0.000,0,564,0,0
5577,3.099,3.099,2.877,0.126,0.003,0.094,1,0.000,0.000,0.000,0,560,0,0
5578,3.181,3.181,2.921,0.136,0.002,0.123,1,0.000,0.000,0.000,0,556,0,0
5579,3.834,3.834,3.586,0.135,0.006,0.107,1,0.000,0.000,0.000,0,556,0,0
5580,3.459,3.459,3.230,0.125,0.004,0.100,1,0.000,0.000,0.000,0,548,0,0
5581,3.202,3.202,2.953,0.122,0.003,0.124,1,0.000,0.000,0.000,0,540,0,0
5582,3.136,3.136,2.916,0.121,0.003,0.095,1,0.000,0.000,0.000,0,532,0,0
5583,3.098,3.098,2.880,0.121,0.002,0.095,1,0.000,0.000,0.000,0,532,0,0
5584,3.128,3.128,2.882,0.119,0.003,0.124,1,0.000,0.000,0.000,0,528,0,0
5585,3.719,3.719,3.486,0.125,0.005,0.103,1,0.000,0.000,0.000,0,528,0,0
5586,3.414,3.414,3.192,0.119,0.004,0.100,1,0.000,0.000,0.000,0,524,0,0
5587,3.177,3.177,2.929,0.120,0.003,0.126,1,0.000,0.000,0.000,0,524,0,0
5588,3.105,3.105,2.887,0.119,0.003,0.096,1,0.000,0.000,0.000,0,524,0,0
5589,3.080,3.080,2.867,0.116,0.003,0.094,1,0.000,0.000,0.000,0,516,0,0
5590,3.074,3.074,2.835,0.115,0.003,0.122,1,0.000,0.000,0.000,0,508,0,0
5591,3.051,3.051,2.841,0.113,0.003,0.093,1,0.000,0.000,0.000,0,500,0,0
5592,3.028,3.028,2.818,0.113,0.003,0.094,1,0.000,0.000,0.000,0,500,0,0
5593,3.060,3.060,2.819,0.114,0.003,0.125,1,0.000,0.000,0.000,0,500,0,0
5594,3.031,3.031,2.822,0.112,0.003,0.094,1,0.000,0.000,0.000,0,496,0,0
5595,3.023,3.023,2.815,0.112,0.003,0.094,1,0.000,0.000,0.000,0,496,0,0
5596,4.278,4.278,4.028,0.121,0.003,0.126,1,0.000,0.000,0.000,0,492,0,0
5597,3.411,3.411,3.201,0.110,0.004,0.096,1,0.000,0.000,0.000,0,488,0,0
5598,3.173,3.173,2.919,0.111,0.003,0.140,1,0.000,0.000,0.000,0,488,0,0
5599,3.206,3.206,2.996,0.113,0.003,0.095,1,0.000,0.000,0.000,0,484,0,0
5600,3.025,3.025,2.820,0.107,0.003,0.095,1,0.000,0.000,0.000,0,476,0,0
5601,3.040,3.040,2.806,0.107,0.003,0.125,1,0.000,0.000,0.000,0,472,0,0
5602,3.005,3.005,2.799,0.109,0.003,0.093,1,0.000,0.000,0.000,0,472,0,0
5603,2.942,2.942,2.740,0.106,0.003,0.094,1,0.000,0.000,0.000,0,468,0,0
5604,3.002,3.002,2.770,0.107,0.003,0.122,1,0.000,0.000,0.000,0,468,0,0
5605,2.999,2.999,2.788,0.106,0.002,0.102,1,0.000,0.000,0.000,0,468,0,0
5606,3.020,3.020,2.805,0.113,0.003,0.099,1,0.000,0.000,0.000,0,456,0,0
5607,2.992,2.992,2.763,0.103,0.003,0.124,1,0.000,0.000,0.000,0,456,0,0
5608,2.926,2.926,2.728,0.102,0.003,0.094,1,0.000,0.000,0.000,0,452,0,0
5609,3.261,3.261,3.030,0.113,0.006,0.112,1,0.000,0.000,0.000,0,452,0,0
5610,3.325,3.325,3.091,0.101,0.003,0.129,1,0.000,0.000,0.000,0,444,0,0
5611,3.975,3.975,3.763,0.103,0.005,0.104,1,0.000,0.000,0.000,0,440,0,0
5612,3.332,3.332,3.109,0.099,0.004,0.121,1,0.000,0.000,0.000,0,432,0,0
5613,3.687,3.687,3.456,0.099,0.004,0.128,1,0.000,0.000,0.000,0,424,0,0
5614,3.773,3.773,3.584,0.094,0.004,0.091,1,0.000,0.000,0.000,0,408,0,0
5615,3.570,3.570,3.365,0.095,0.006,0.105,1,0.000,0.000,0.000,0,404,0,0
5616,3.926,3.926,3.701,0.095,0.003,0.127,1,0.000,0.000,0.000,0,400,0,0
5617,3.379,3.379,3.179,0.094,0.004,0.102,1,0.000,0.000,0.000,0,400,0,0
5618,3.001,3.001,2.811,0.091,0.003,0.096,1,0.000,0.000,0.000,0,400,0,0
5619,3.875,3.875,3.650,0.093,0.004,0.128,1,0.000,0.000,0.000,0,396,0,0
5620,4.059,4.059,3.862,0.090,0.004,0.103,1,0.000,0.000,0.000,0,392,0,0
5621,3.047,3.047,2.861,0.089,0.004,0.093,1,0.000,0.000,0.000,0,388,0,0
5622,3.004,3.004,2.779,0.098,0.003,0.123,1,0.000,0.000,0.000,0,388,0,0
5623,2.933,2.933,2.747,0.089,0.002,0.095,1,0.000,0.000,0.000,0,388,0,0
5624,2.864,2.864,2.676,0.090,0.003,0.095,1,0.000,0.000,0.000,0,388,0,0
5625,2.882,2.882,2.666,0.089,0.003,0.123,1,0.000,0.000,0.000,0,388,0,0
5626,2.857,2.857,2.669,0.088,0.002,0.098,1,0.000,0.000,0.000,0,384,0,0
5627,3.409,3.409,3.213,0.086,0.005,0.106,1,0.000,0.000,0.000,0,372,0,0
5628,3.128,3.128,2.907,0.087,0.004,0.130,1,0.000,0.000,0.000,0,372,0,0
5629,4.116,4.116,3.919,0.088,0.005,0.104,1,0.000,0.000,0.000,0,372,0,0
5630,3.510,3.510,3.314,0.087,0.005,0.104,1,0.000,0.000,0.000,0,368,0,0
5631,2.992,2.992,2.780,0.085,0.003,0.124,1,0.000,0.000,0.000,0,368,0,0
5632,2.858,2.858,2.676,0.085,0.003,0.094,1,0.000,0.000,0.000,0,368,0,0
5633,2.838,2.838,2.659,0.082,0.002,0.095,1,0.000,0.000,0.000,0,356,0,0
5634,2.854,2.854,2.648,0.081,0.003,0.122,1,0.000,0.000,0.000,0,352,0,0
5635,2.854,2.854,2.677,0.081,0.003,0.094,1,0.000,0.000,0.000,0,352,0,0
5636,2.803,2.803,2.626,0.080,0.002,0.095,1,0.000,0.000,0.000,0,352,0,0
5637,3.441,3.441,3.225,0.081,0.004,0.132,1,0.000,0.000,0.000,0,336,0,0
5638,3.201,3.201,3.018,0.079,0.004,0.100,1,0.000,0.000,0.000,0,336,0,0
5639,2.924,2.924,2.749,0.075,0.004,0.095,1,0.000,0.000,0.000,0,324,0,0
5640,2.838,2.838,2.638,0.075,0.002,0.123,1,0.000,0.000,0.000,0,320,0,0
5641,2.758,2.758,2.590,0.072,0.002,0.093,1,0.000,0.000,0.000,0,312,0,0
5642,2.760,2.760,2.591,0.072,0.002,0.095,1,0.000,0.000,0.000,0,312,0,0
5643,2.828,2.828,2.598,0.101,0.003,0.126,1,0.000,0.000,0.000,0,308,1,0
5644,3.514,3.514,3.332,0.075,0.005,0.102,1,0.000,0.000,0.000,0,308,0,0
5645,4.255,4.255,4.087,0.074,0.003,0.090,1,0.000,0.000,0.000,0,304,0,0
5646,3.523,3.523,3.321,0.071,0.004,0.127,1,0.000,0.000,0.000,0,300,0,0
5647,3.557,3.557,3.370,0.072,0.008,0.107,1,0.000,0.000,0.000,0,300,0,0
5648,3.049,3.049,2.817,0.131,0.005,0.095,1,0.000,0.000,0.000,0,300,0,0
5649,2.885,2.885,2.688,0.070,0.003,0.124,1,0.000,0.000,0.000,0,300,0,0
5650,2.719,2.719,2.557,0.065,0.003,0.094,1,0.000,0.000,0.000,0,280,0,0
5651,2.671,2.671,2.509,0.065,0.003,0.094,1,0.000,0.000,0.000,0,276,0,0
5652,2.733,2.733,2.544,0.064,0.003,0.122,1,0.000,0.000,0.000,0,276,0,0
5653,2.677,2.677,2.518,0.062,0.003,0.094,1,0.000,0.000,0.000,0,268,0,0
5654,2.668,2.668,2.509,0.062,0.003,0.095,1,0.000,0.000,0.000,0,264,0,0
5655,2.718,2.718,2.529,0.062,0.002,0.125,1,0.000,0.000,0.000,0,264,0,0
5656,2.649,2.649,2.492,0.061,0.002,0.094,1,0.000,0.000,0.000,0,260,0,0
5657,2.611,2.611,2.453,0.061,0.003,0.094,1,0.000,0.000,0.000,0,260,0,0
5658,2.632,2.632,2.447,0.060,0.003,0.122,1,0.000,0.000,0.000,0,256,0,0
5659,3.238,3.238,3.066,0.066,0.005,0.101,1,0.000,0.000,0.000,0,256,0,0
5660,3.405,3.405,3.243,0.064,0.004,0.094,1,0.000,0.000,0.000,0,256,0,0
5661,3.132,3.132,2.936,0.061,0.005,0.131,1,0.000,0.000,0.000,0,252,0,0
5662,3.977,3.977,3.811,0.061,0.005,0.100,1,0.000,0.000,0.000,0,252,0,0
5663,3.422,3.422,3.252,0.062,0.005,0.103,1,0.000,0.000,0.000,0,252,0,0
5664,2.894,2.894,2.703,0.061,0.003,0.127,1,0.000,0.000,0.000,0,248,0,0
5665,2.692,2.692,2.537,0.057,0.003,0.095,1,0.000,0.000,0.000,0,240,0,0
5666,2.661,2.661,2.506,0.057,0.003,0.095,1,0.000,0.000,0.000,0,240,0,0
5667,2.620,2.620,2.439,0.055,0.002,0.124,1,0.000,0.000,0.000,0,232,0,0
5668,2.559,2.559,2.407,0.055,0.003,0.094,1,0.000,0.000,0.000,0,232,0,0
5669,2.547,2.547,2.396,0.054,0.003,0.094,1,0.000,0.000,0.000,0,232,0,0
5670,2.616,2.616,2.435,0.054,0.002,0.124,1,0.000,0.000,0.000,0,228,0,0
5671,2.673,2.673,2.522,0.054,0.003,0.094,1,0.000,0.000,0.000,0,228,0,0
5672,2.595,2.595,2.443,0.055,0.003,0.095,1,0.000,0.000,0.000,0,228,0,0
5673,2.605,2.605,2.423,0.053,0.003,0.126,1,0.000,0.000,0.000,0,224,0,0
5674,2.546,2.546,2.397,0.053,0.003,0.093,1,0.000,0.000,0.000,0,224,0,0
5675,2.543,2.543,2.394,0.053,0.003,0.094,1,0.000,0.000,0.000,0,224,0,0
5676,2.586,2.586,2.409,0.053,0.002,0.121,1,0.000,0.000,0.000,0,224,0,0
5677,2.549,2.549,2.401,0.053,0.003,0.093,1,0.000,0.000,0.000,0,224,0,0
5678,2.740,2.740,2.588,0.054,0.003,0.095,1,0.000,0.000,0.000,0,224,0,0
5679,2.710,2.710,2.532,0.052,0.003,0.124,1,0.000,0.000,0.000,0,216,0,0
5680,3.374,3.374,3.226,0.051,0.003,0.094,1,0.000,0.000,0.000,0,212,0,0
5681,2.633,2.633,2.490,0.049,0.003,0.091,1,0.000,0.000,0.000,0,204,0,0
5682,3.599,3.599,3.382,0.054,0.005,0.158,1,0.000,0.000,0.000,0,204,0,0
5683,2.879,2.879,2.721,0.051,0.003,0.103,1,0.000,0.000,0.000,0,204,0,0
5684,2.622,2.622,2.464,0.049,0.003,0.106,1,0.000,0.000,0.000,0,204,0,0
5685,2.621,2.621,2.437,0.049,0.003,0.133,1,0.000,0.000,0.000,0,204,0,0
5686,2.553,2.553,2.397,0.050,0.003,0.103,1,0.000,0.000,0.000,0,208,0,0
5687,2.538,2.538,2.385,0.050,0.002,0.100,1,0.000,0.000,0.000,0,212,0,0
5688,2.588,2.588,2.403,0.050,0.003,0.131,1,0.000,0.000,0.000,0,212,0,0
5689,3.085,3.085,2.912,0.053,0.005,0.114,1,0.000,0.000,0.000,0,212,0,0
5690,2.881,2.881,2.714,0.051,0.004,0.113,1,0.000,0.000,0.000,0,212,0,0
5691,2.648,2.648,2.453,0.050,0.003,0.142,1,0.000,0.000,0.000,0,208,0,0
5692,2.560,2.560,2.403,0.050,0.003,0.104,1,0.000,0.000,0.000,0,208,0,0
5693,3.519,3.519,3.352,0.054,0.004,0.109,1,0.000,0.000,0.000,0,204,0,0
5694,3.893,3.893,3.693,0.054,0.005,0.141,1,0.000,0.000,0.000,0,204,0,0
5695,3.274,3.274,3.105,0.049,0.005,0.115,1,0.000,0.000,0.000,0,200,0,0
5696,2.740,2.740,2.581,0.049,0.003,0.106,1,0.000,0.000,0.000,0,200,0,0
5697,2.681,2.681,2.492,0.048,0.003,0.138,1,0.000,0.000,0.000,0,200,0,0
5698,3.568,3.568,3.391,0.056,0.005,0.116,1,0.000,0.000,0.000,0,200,0,0
5699,3.022,3.022,2.816,0.049,0.005,0.153,1,0.000,0.000,0.000,0,200,0,0
5700,2.655,2.655,2.502,0.048,0.003,0.101,1,0.000,0.000,0.000,0,200,0,0
5701,2.651,2.651,2.485,0.047,0.003,0.116,1,0.000,0.000,0.000,0,196,0,0
5702,2.659,2.659,2.476,0.047,0.003,0.133,1,0.000,0.000,0.000,0,196,0,0
5703,2.586,2.586,2.432,0.047,0.002,0.104,1,0.000,0.000,0.000,0,196,0,0
5704,2.568,2.568,2.415,0.047,0.003,0.103,1,0.000,0.000,0.000,0,196,0,0
5705,2.616,2.616,2.438,0.048,0.003,0.128,1,0.000,0.000,0.000,0,200,0,0
5706,2.573,2.573,2.413,0.049,0.003,0.108,1,0.000,0.000,0.000,0,204,0,0
5707,2.576,2.576,2.421,0.048,0.003,0.104,1,0.000,0.000,0.000,0,204,0,0
5708,2.647,2.647,2.456,0.049,0.003,0.139,1,0.000,0.000,0.000,0,204,0,0
5709,2.604,2.604,2.448,0.049,0.003,0.104,1,0.000,0.000,0.000,0,204,0,0
5710,2.570,2.570,2.415,0.049,0.003,0.103,1,0.000,0.000,0.000,0,208,0,0
5711,2.623,2.623,2.442,0.050,0.002,0.128,1,0.000,0.000,0.000,0,208,0,0
5712,2.563,2.563,2.412,0.049,0.003,0.099,1,0.000,0.000,0.000,0,208,0,0
5713,2.607,2.607,2.452,0.050,0.002,0.103,1,0.000,0.000,0.000,0,208,0,0
5714,3.563,3.563,3.345,0.055,0.005,0.158,1,0.000,0.000,0.000,0,208,0,0
5715,2.996,2.996,2.834,0.056,0.003,0.103,1,0.000,0.000,0.000,0,212,0,0
5716,3.902,3.902,3.740,0.051,0.004,0.108,1,0.000,0.000,0.000,0,212,0,0
5717,3.108,3.108,2.915,0.052,0.003,0.138,1,0.000,0.000,0.000,0,212,0,0
5718,3.974,3.974,3.802,0.053,0.006,0.113,1,0.000,0.000,0.000,0,212,0,0
5719,3.219,3.219,3.055,0.052,0.004,0.108,1,0.000,0.000,0.000,0,212,0,0
5720,2.764,2.764,2.575,0.052,0.003,0.134,1,0.000,0.000,0.000,0,212,0,0
5721,2.676,2.676,2.516,0.051,0.003,0.106,1,0.000,0.000,0.000,0,212,0,0
5722,2.656,2.656,2.498,0.051,0.003,0.104,1,0.000,0.000,0.000,0,208,0,0
5723,2.651,2.651,2.469,0.051,0.002,0.128,1,0.000,0.000,0.000,0,212,0,0
5724,2.590,2.590,2.432,0.051,0.003,0.104,1,0.000,0.000,0.000,0,212,0,0
5725,2.617,2.617,2.460,0.051,0.003,0.104,1,0.000,0.000,0.000,0,212,0,0
5726,2.671,2.671,2.476,0.051,0.002,0.141,1,0.000,0.000,0.000,0,216,0,0
5727,2.616,2.616,2.458,0.053,0.003,0.103,1,0.000,0.000,0.000,0,220,0,0
5728,2.630,2.630,2.472,0.052,0.002,0.103,1,0.000,0.000,0.000,0,220,0,0
5729,3.487,3.487,3.304,0.052,0.003,0.128,1,0.000,0.000,0.000,0,220,0,0
5730,4.198,4.198,4.029,0.056,0.005,0.109,1,0.000,0.000,0.000,0,220,0,0
5731,3.293,3.293,3.118,0.054,0.005,0.116,1,0.000,0.000,0.000,0,224,0,0
5732,3.467,3.467,3.259,0.056,0.004,0.147,1,0.000,0.000,0.000,0,224,0,0
5733,3.379,3.379,3.198,0.055,0.005,0.120,1,0.000,0.000,0.000,0,224,0,0
5734,2.787,2.787,2.623,0.053,0.004,0.107,1,0.000,0.000,0.000,0,224,0,0
5735,2.748,2.748,2.550,0.054,0.003,0.140,1,0.000,0.000,0.000,0,224,0,0
5736,2.661,2.661,2.504,0.053,0.003,0.100,1,0.000,0.000,0.000,0,224,0,0
5737,2.663,2.663,2.494,0.066,0.003,0.100,1,0.000,0.000,0.000,0,224,0,0
5738,3.135,3.135,2.938,0.055,0.005,0.137,1,0.000,0.000,0.000,0,224,0,0
5739,2.934,2.934,2.766,0.054,0.004,0.110,1,0.000,0.000,0.000,0,224,0,0
5740,3.566,3.566,3.405,0.054,0.003,0.105,1,0.000,0.000,0.000,0,224,0,0
5741,2.847,2.847,2.661,0.055,0.003,0.128,1,0.000,0.000,0.000,0,224,0,0
5742,2.672,2.672,2.511,0.053,0.003,0.105,1,0.000,0.000,0.000,0,220,0,0
5743,2.725,2.725,2.565,0.053,0.003,0.105,1,0.000,0.000,0.000,0,220,0,0
5744,2.829,2.829,2.617,0.051,0.003,0.158,1,0.000,0.000,0.000,0,216,0,0
5745,2.875,2.875,2.709,0.061,0.004,0.101,1,0.000,0.000,0.000,0,216,0,0
5746,3.110,3.110,2.942,0.052,0.004,0.112,1,0.000,0.000,0.000,0,216,0,0
5747,3.541,3.541,3.345,0.054,0.005,0.137,1,0.000,0.000,0.000,0,216,0,0
5748,2.766,2.766,2.608,0.052,0.003,0.102,1,0.000,0.000,0.000,0,216,0,0
5749,2.751,2.751,2.562,0.051,0.004,0.134,1,0.000,0.000,0.000,0,212,0,0
5750,2.705,2.705,2.517,0.052,0.003,0.134,1,0.000,0.000,0.000,0,216,0,0
5751,3.271,3.271,3.030,0.116,0.005,0.119,1,0.000,0.000,0.000,0,216,0,0
5752,2.753,2.753,2.585,0.053,0.004,0.110,1,0.000,0.000,0.000,0,220,0,0
5753,2.803,2.803,2.609,0.052,0.003,0.140,1,0.000,0.000,0.000,0,220,0,0
5754,2.652,2.652,2.495,0.053,0.003,0.101,1,0.000,0.000,0.000,0,224,0,0
5755,2.673,2.673,2.517,0.053,0.002,0.100,1,0.000,0.000,0.000,0,224,0,0
5756,2.682,2.682,2.494,0.053,0.003,0.132,1,0.000,0.000,0.000,0,224,0,0
5757,2.645,2.645,2.485,0.053,0.003,0.105,1,0.000,0.000,0.000,0,224,0,0
5758,2.637,2.637,2.477,0.054,0.002,0.103,1,0.000,0.000,0.000,0,228,0,0
5759,2.812,2.812,2.625,0.055,0.003,0.129,1,0.000,0.000,0.000,0,228,0,0
5760,2.640,2.640,2.481,0.054,0.003,0.103,1,0.000,0.000,0.000,0,228,0,0
5761,2.659,2.659,2.497,0.055,0.003,0.104,1,0.000,0.000,0.000,0,232,0,0
5762,2.731,2.731,2.514,0.074,0.003,0.141,1,0.000,0.000,0.000,0,232,0,0
5763,2.664,2.664,2.502,0.055,0.003,0.104,1,0.000,0.000,0.000,0,232,0,0
5764,2.649,2.649,2.489,0.055,0.002,0.102,1,0.000,0.000,0.000,0,232,0,0
5765,2.712,2.712,2.524,0.057,0.003,0.128,1,0.000,0.000,0.000,0,236,0,0
5766,2.644,2.644,2.486,0.056,0.002,0.100,1,0.000,0.000,0.000,0,236,0,0
5767,2.680,2.680,2.517,0.055,0.003,0.104,1,0.000,0.000,0.000,0,236,0,0
5768,2.680,2.680,2.489,0.057,0.002,0.132,1,0.000,0.000,0.000,0,236,0,0
5769,2.634,2.634,2.470,0.056,0.002,0.105,1,0.000,0.000,0.000,0,236,0,0
5770,2.618,2.618,2.456,0.056,0.002,0.104,1,0.000,0.000,0.000,0,232,0,0
5771,2.649,2.649,2.454,0.054,0.002,0.138,1,0.000,0.000,0.000,0,228,0,0
5772,2.738,2.738,2.552,0.053,0.002,0.131,1,0.000,0.000,0.000,0,224,0,0
5773,2.646,2.646,2.485,0.053,0.003,0.105,1,0.000,0.000,0.000,0,224,0,0
5774,2.663,2.663,2.474,0.054,0.003,0.133,1,0.000,0.000,0.000,0,228,0,0
5775,2.616,2.616,2.455,0.054,0.003,0.104,1,0.000,0.000,0.000,0,228,0,0
5776,2.630,2.630,2.470,0.054,0.003,0.103,1,0.000,0.000,0.000,0,228,0,0
5777,2.632,2.632,2.447,0.054,0.003,0.128,1,0.000,0.000,0.000,0,228,0,0
5778,2.597,2.597,2.437,0.054,0.003,0.103,1,0.000,0.000,0.000,0,228,0,0
5779,2.592,2.592,2.432,0.054,0.003,0.104,1,0.000,0.000,0.000,0,228,0,0
5780,2.776,2.776,2.568,0.054,0.002,0.151,1,0.000,0.000,0.000,0,228,0,0
5781,2.620,2.620,2.455,0.053,0.003,0.108,1,0.000,0.000,0.000,0,228,0,0
5782,2.593,2.593,2.434,0.053,0.003,0.103,1,0.000,0.000,0.000,0,224,0,0
5783,2.626,2.626,2.443,0.053,0.003,0.127,1,0.000,0.000,0.000,0,224,0,0
5784,2.630,2.630,2.474,0.053,0.002,0.100,1,0.000,0.000,0.000,0,224,0,0
5785,2.687,2.687,2.527,0.054,0.003,0.103,1,0.000,0.000,0.000,0,224,0,0
5786,2.653,2.653,2.465,0.053,0.003,0.133,1,0.000,0.000,0.000,0,224,0,0
5787,2.596,2.596,2.436,0.053,0.003,0.104,1,0.000,0.000,0.000,0,224,0,0
5788,2.608,2.608,2.448,0.053,0.003,0.104,1,0.000,0.000,0.000,0,224,0,0
5789,2.609,2.609,2.416,0.053,0.003,0.137,1,0.000,0.000,0.000,0,224,0,0
5790,2.542,2.542,2.387,0.053,0.003,0.100,1,0.000,0.000,0.000,0,224,0,0
5791,2.578,2.578,2.423,0.052,0.003,0.100,1,0.000,0.000,0.000,0,220,0,0
5792,2.602,2.602,2.414,0.053,0.003,0.132,1,0.000,0.000,0.000,0,220,0,0
5793,2.557,2.557,2.400,0.051,0.003,0.104,1,0.000,0.000,0.000,0,216,0,0
5794,2.526,2.526,2.369,0.051,0.002,0.103,1,0.000,0.000,0.000,0,212,0,0
5795,2.563,2.563,2.382,0.051,0.002,0.128,1,0.000,0.000,0.000,0,212,0,0
5796,2.528,2.528,2.370,0.051,0.003,0.104,1,0.000,0.000,0.000,0,212,0,0
5797,2.593,2.593,2.402,0.050,0.003,0.139,1,0.000,0.000,0.000,0,208,0,0
5798,2.529,2.529,2.377,0.049,0.003,0.100,1,0.000,0.000,0.000,0,208,0,0
5799,2.530,2.530,2.374,0.049,0.003,0.104,1,0.000,0.000,0.000,0,208,0,0
5800,3.418,3.418,3.233,0.050,0.003,0.133,1,0.000,0.000,0.000,0,208,0,0
5801,2.661,2.661,2.505,0.051,0.003,0.104,1,0.000,0.000,0.000,0,208,0,0
5802,2.580,2.580,2.425,0.050,0.003,0.101,1,0.000,0.000,0.000,0,208,0,0
5803,2.610,2.610,2.426,0.050,0.003,0.132,1,0.000,0.000,0.000,0,208,0,0
5804,2.566,2.566,2.410,0.050,0.003,0.103,1,0.000,0.000,0.000,0,212,0,0
5805,2.549,2.549,2.393,0.050,0.002,0.104,1,0.000,0.000,0.000,0,212,0,0
5806,3.445,3.445,3.225,0.056,0.007,0.157,1,0.000,0.000,0.000,0,212,0,0
5807,3.014,3.014,2.844,0.052,0.005,0.113,1,0.000,0.000,0.000,0,212,0,0
5808,2.611,2.611,2.455,0.051,0.003,0.102,1,0.000,0.000,0.000,0,208,0,0
5809,2.643,2.643,2.447,0.050,0.003,0.142,1,0.000,0.000,0.000,0,208,0,0
5810,2.594,2.594,2.438,0.050,0.003,0.104,1,0.000,0.000,0.000,0,208,0,0
5811,2.551,2.551,2.394,0.050,0.002,0.105,1,0.000,0.000,0.000,0,212,0,0
5812,2.589,2.589,2.404,0.050,0.003,0.132,1,0.000,0.000,0.000,0,212,0,0
5813,2.576,2.576,2.418,0.052,0.002,0.104,1,0.000,0.000,0.000,0,216,0,0
5814,2.554,2.554,2.392,0.055,0.003,0.104,1,0.000,0.000,0.000,0,232,0,0
5815,2.641,2.641,2.440,0.058,0.003,0.140,1,0.000,0.000,0.000,0,244,0,0
5816,2.621,2.621,2.460,0.059,0.002,0.100,1,0.000,0.000,0.000,0,252,0,0
5817,2.632,2.632,2.465,0.062,0.002,0.103,1,0.000,0.000,0.000,0,260,0,0
5818,2.654,2.654,2.457,0.062,0.002,0.133,1,0.000,0.000,0.000,0,268,0,0
5819,2.802,2.802,2.632,0.063,0.003,0.105,1,0.000,0.000,0.000,0,268,0,0
5820,2.675,2.675,2.503,0.069,0.003,0.101,1,0.000,0.000,0.000,0,296,0,0
5821,2.767,2.767,2.561,0.069,0.003,0.133,1,0.000,0.000,0.000,0,300,0,0
5822,2.750,2.750,2.574,0.070,0.003,0.104,1,0.000,0.000,0.000,0,300,0,0
5823,2.763,2.763,2.584,0.071,0.003,0.106,1,0.000,0.000,0.000,0,304,0,0
5824,2.795,2.795,2.582,0.070,0.003,0.140,1,0.000,0.000,0.000,0,304,0,0
5825,2.721,2.721,2.544,0.070,0.003,0.104,1,0.000,0.000,0.000,0,304,0,0
5826,12.139,12.139,11.937,0.075,0.007,0.120,1,0.000,0.000,0.000,0,304,0,0
5827,5.551,5.551,5.316,0.075,0.007,0.154,1,0.000,0.000,0.000,0,304,0,0
5828,4.699,4.699,4.519,0.072,0.004,0.105,1,0.000,0.000,0.000,0,304,0,0
5829,4.739,4.739,4.541,0.073,0.005,0.119,1,0.000,0.000,0.000,0,304,0,0
5830,4.291,4.291,4.077,0.072,0.004,0.138,1,0.000,0.000,0.000,0,304,0,0
5831,4.610,4.610,4.418,0.077,0.003,0.111,1,0.000,0.000,0.000,0,304,0,0
5832,4.959,4.959,4.769,0.072,0.004,0.114,1,0.000,0.000,0.000,0,304,0,0
5833,5.354,5.354,5.134,0.072,0.004,0.144,1,0.000,0.000,0.000,0,304,0,0
5834,4.783,4.783,4.564,0.072,0.005,0.142,1,0.000,0.000,0.000,0,304,0,0
5835,5.179,5.179,4.913,0.074,0.007,0.186,1,0.000,0.000,0.000,0,304,0,0
5836,4.477,4.477,4.149,0.072,0.004,0.252,1,0.000,0.000,0.000,0,304,0,0
5837,4.336,4.336,4.057,0.071,0.003,0.204,1,0.000,0.000,0.000,0,304,0,0
5838,4.682,4.682,4.380,0.074,0.005,0.223,1,0.000,0.000,0.000,0,304,0,0
5839,4.609,4.609,4.262,0.072,0.004,0.271,1,0.000,0.000,0.000,0,304,0,0
5840,4.213,4.213,3.960,0.072,0.004,0.177,1,0.000,0.000,0.000,0,304,0,0
5841,4.178,4.178,3.932,0.070,0.004,0.172,1,0.000,0.000,0.000,0,304,0,0
5842,4.281,4.281,3.987,0.071,0.003,0.221,1,0.000,0.000,0.000,0,304,0,0
5843,5.105,5.105,4.864,0.074,0.007,0.160,1,0.000,0.000,0.000,0,304,0,0
5844,4.709,4.709,4.464,0.073,0.005,0.167,1,0.000,0.000,0.000,0,304,0,0
5845,5.870,5.870,5.506,0.073,0.005,0.285,1,0.000,0.000,0.000,0,304,0,0
5846,4.474,4.474,4.201,0.072,0.004,0.197,1,0.000,0.000,0.000,0,304,0,0
5847,4.276,4.276,4.003,0.074,0.004,0.195,1,0.000,0.000,0.000,0,304,0,0
5848,4.617,4.617,4.173,0.072,0.004,0.368,1,0.000,0.000,0.000,0,304,0,0
5849,4.711,4.711,4.334,0.075,0.005,0.297,1,0.000,0.000,0.000,0,304,0,0
5850,5.220,5.220,4.853,0.071,0.004,0.292,1,0.000,0.000,0.000,0,304,0,0
5851,5.023,5.023,4.548,0.075,0.004,0.396,1,0.000,0.000,0.000,0,304,0,0
5852,4.626,4.626,4.244,0.073,0.006,0.303,1,0.000,0.000,0.000,0,304,0,0
5853,4.427,4.427,4.023,0.073,0.004,0.327,1,0.000,0.000,0.000,0,304,0,0
5854,4.402,4.402,3.940,0.071,0.003,0.388,1,0.000,0.000,0.000,0,304,0,0
5855,4.411,4.411,4.039,0.074,0.004,0.293,1,0.000,0.000,0.000,0,304,0,0
5856,4.241,4.241,3.878,0.071,0.003,0.289,1,0.000,0.000,0.000,0,304,0,0
5857,5.319,5.319,4.845,0.074,0.006,0.394,1,0.000,0.000,0.000,0,304,0,0
5858,5.010,5.010,4.580,0.074,0.005,0.351,1,0.000,0.000,0.000,0,304,0,0
5859,5.974,5.974,5.547,0.071,0.004,0.351,1,0.000,0.000,0.000,0,304,0,0
5860,6.830,6.830,6.273,0.071,0.003,0.483,1,0.000,0.000,0.000,0,304,0,0
5861,5.306,5.306,4.793,0.073,0.005,0.436,1,0.000,0.000,0.000,0,304,0,0
5862,5.082,5.082,4.600,0.099,0.006,0.378,1,0.000,0.000,0.000,0,304,0,0
5863,5.740,5.740,5.098,0.073,0.004,0.565,1,0.000,0.000,0.000,0,304,0,0
5864,4.676,4.676,4.235,0.074,0.005,0.362,1,0.000,0.000,0.000,0,304,0,0
5865,4.489,4.489,4.053,0.072,0.003,0.360,1,0.000,0.000,0.000,0,304,0,0
5866,6.095,6.095,5.580,0.073,0.004,0.440,1,0.000,0.000,0.000,0,304,0,0
5867,4.408,4.408,4.003,0.071,0.003,0.330,1,0.000,0.000,0.000,0,304,0,0
5868,4.919,4.919,4.528,0.073,0.003,0.314,1,0.000,0.000,0.000,0,304,0,0
5869,4.518,4.518,4.025,0.072,0.003,0.418,1,0.000,0.000,0.000,0,304,0,0
5870,5.092,5.092,4.685,0.072,0.004,0.331,1,0.000,0.000,0.000,0,304,0,0
5871,6.048,6.048,5.606,0.076,0.008,0.358,1,0.000,0.000,0.000,0,304,0,0
5872,5.489,5.489,5.022,0.074,0.004,0.389,1,0.000,0.000,0.000,0,304,0,0
5873,4.826,4.826,4.433,0.073,0.005,0.316,1,0.000,0.000,0.000,0,304,0,0
5874,4.705,4.705,4.300,0.073,0.003,0.328,1,0.000,0.000,0.000,0,304,0,0
5875,5.620,5.620,5.109,0.073,0.005,0.434,1,0.000,0.000,0.000,0,304,0,0
5876,5.438,5.438,5.027,0.076,0.003,0.331,1,0.000,0.000,0.000,0,304,0,0
5877,5.485,5.485,5.087,0.072,0.004,0.322,1,0.000,0.000,0.000,0,304,0,0
5878,5.369,5.369,4.784,0.074,0.007,0.505,1,0.000,0.000,0.000,0,304,0,0
5879,4.738,4.738,4.312,0.073,0.004,0.348,1,0.000,0.000,0.000,0,304,0,0
5880,4.520,4.520,4.102,0.073,0.003,0.342,1,0.000,0.000,0.000,0,304,0,0
5881,4.507,4.507,4.005,0.072,0.004,0.425,1,0.000,0.000,0.000,0,304,0,0
5882,4.331,4.331,3.929,0.072,0.003,0.327,1,0.000,0.000,0.000,0,304,0,0
5883,4.427,4.427,4.010,0.073,0.003,0.341,1,0.000,0.000,0.000,0,304,0,0
5884,4.524,4.524,4.020,0.072,0.004,0.428,1,0.000,0.000,0.000,0,304,0,0
5885,4.387,4.387,4.002,0.072,0.003,0.310,1,0.000,0.000,0.000,0,304,0,0
5886,4.784,4.784,4.298,0.074,0.003,0.408,1,0.000,0.000,0.000,0,304,0,0
5887,7.043,7.043,6.605,0.074,0.006,0.358,1,0.000,0.000,0.000,0,304,0,0
5888,5.369,5.369,4.923,0.074,0.006,0.364,1,0.000,0.000,0.000,0,304,0,0
5889,5.377,5.377,4.964,0.073,0.003,0.336,1,0.000,0.000,0.000,0,304,0,0
5890,4.738,4.738,4.263,0.072,0.003,0.399,1,0.000,0.000,0.000,0,304,0,0
5891,4.451,4.451,4.073,0.072,0.004,0.302,1,0.000,0.000,0.000,0,304,0,0
5892,4.357,4.357,3.997,0.072,0.003,0.285,1,0.000,0.000,0.000,0,304,0,0
5893,5.329,5.329,4.740,0.076,0.003,0.510,1,0.000,0.000,0.000,0,304,0,0
5894,4.887,4.887,4.398,0.073,0.005,0.411,1,0.000,0.000,0.000,0,304,0,0
5895,5.315,5.315,4.836,0.073,0.004,0.401,1,0.000,0.000,0.000,0,304,0,0
5896,5.465,5.465,4.854,0.074,0.005,0.533,1,0.000,0.000,0.000,0,304,0,0
5897,4.671,4.671,4.191,0.072,0.004,0.404,1,0.000,0.000,0.000,0,304,0,0
5898,5.183,5.183,4.625,0.073,0.004,0.481,1,0.000,0.000,0.000,0,304,0,0
5899,6.091,6.091,5.646,0.072,0.004,0.369,1,0.000,0.000,0.000,0,304,0,0
5900,5.405,5.405,4.951,0.074,0.006,0.373,1,0.000,0.000,0.000,0,304,0,0
5901,4.889,4.889,4.366,0.072,0.004,0.447,1,0.000,0.000,0.000,0,304,0,0
5902,4.701,4.701,4.281,0.072,0.004,0.344,1,0.000,0.000,0.000,0,304,0,0
5903,4.545,4.545,4.134,0.072,0.003,0.336,1,0.000,0.000,0.000,0,304,0,0
5904,4.664,4.664,4.188,0.072,0.003,0.401,1,0.000,0.000,0.000,0,304,0,0
5905,4.833,4.833,4.449,0.078,0.004,0.301,1,0.000,0.000,0.000,0,304,0,0
5906,5.309,5.309,4.637,0.073,0.006,0.593,1,0.000,0.000,0.000,0,304,0,0
5907,6.232,6.232,5.705,0.074,0.005,0.448,1,0.000,0.000,0.000,0,304,0,0
5908,5.157,5.157,4.659,0.074,0.006,0.419,1,0.000,0.000,0.000,0,304,0,0
5909,4.585,4.585,4.170,0.073,0.004,0.339,1,0.000,0.000,0.000,0,304,0,0
5910,4.564,4.564,4.049,0.072,0.004,0.440,1,0.000,0.000,0.000,0,304,0,0
5911,4.339,4.339,3.927,0.072,0.003,0.337,1,0.000,0.000,0.000,0,304,0,0
5912,5.360,5.360,4.933,0.072,0.004,0.351,1,0.000,0.000,0.000,0,304,0,0
5913,5.150,5.150,4.639,0.075,0.005,0.432,1,0.000,0.000,0.000,0,304,0,0
5914,4.810,4.810,4.398,0.076,0.004,0.332,1,0.000,0.000,0.000,0,304,0,0
5915,4.552,4.552,4.130,0.073,0.004,0.345,1,0.000,0.000,0.000,0,304,0,0
5916,4.609,4.609,4.086,0.073,0.003,0.447,1,0.000,0.000,0.000,0,304,0,0
5917,4.693,4.693,4.257,0.071,0.005,0.361,1,0.000,0.000,0.000,0,304,0,0
5918,4.584,4.584,4.136,0.073,0.003,0.371,1,0.000,0.000,0.000,0,304,0,0
5919,5.684,5.684,5.114,0.073,0.004,0.494,1,0.000,0.000,0.000,0,304,0,0
5920,6.909,6.909,6.479,0.074,0.004,0.353,1,0.000,0.000,0.000,0,304,0,0
5921,4.776,4.776,4.295,0.073,0.006,0.402,1,0.000,0.000,0.000,0,304,0,0
5922,4.895,4.895,4.292,0.072,0.004,0.527,1,0.000,0.000,0.000,0,304,0,0
5923,4.508,4.508,4.082,0.073,0.004,0.349,1,0.000,0.000,0.000,0,304,0,0
5924,4.378,4.378,3.984,0.072,0.003,0.319,1,0.000,0.000,0.000,0,304,0,0
5925,4.991,4.991,4.405,0.072,0.003,0.510,1,0.000,0.000,0.000,0,304,0,0
5926,4.825,4.825,4.428,0.074,0.009,0.315,1,0.000,0.000,0.000,0,304,0,0
5927,5.266,5.266,4.854,0.074,0.005,0.334,1,0.000,0.000,0.000,0,304,0,0
5928,5.460,5.460,4.929,0.076,0.005,0.451,1,0.000,0.000,0.000,0,304,0,0
5929,4.592,4.592,4.182,0.072,0.003,0.334,1,0.000,0.000,0.000,0,304,0,0
5930,4.671,4.671,4.274,0.073,0.003,0.321,1,0.000,0.000,0.000,0,304,0,0
5931,4.637,4.637,4.213,0.072,0.003,0.349,1,0.000,0.000,0.000,0,304,0,0
5932,4.593,4.593,4.239,0.072,0.004,0.278,1,0.000,0.000,0.000,0,304,0,0
5933,4.443,4.443,4.090,0.072,0.004,0.277,1,0.000,0.000,0.000,0,304,0,0
5934,4.503,4.503,4.057,0.072,0.003,0.371,1,0.000,0.000,0.000,0,304,0,0
5935,4.457,4.457,4.109,0.072,0.003,0.273,1,0.000,0.000,0.000,0,304,0,0
5936,4.959,4.959,4.476,0.071,0.003,0.408,1,0.000,0.000,0.000,0,304,0,0
5937,4.750,4.750,4.289,0.072,0.004,0.384,1,0.000,0.000,0.000,0,304,0,0
5938,6.173,6.173,5.789,0.074,0.004,0.305,1,0.000,0.000,0.000,0,304,0,0
5939,5.188,5.188,4.795,0.075,0.006,0.313,1,0.000,0.000,0.000,0,304,0,0
5940,4.967,4.967,4.497,0.074,0.006,0.391,1,0.000,0.000,0.000,0,304,0,0
5941,4.395,4.395,4.042,0.072,0.003,0.277,1,0.000,0.000,0.000,0,304,0,0
5942,4.431,4.431,4.067,0.072,0.003,0.288,1,0.000,0.000,0.000,0,304,0,0
5943,4.459,4.459,4.003,0.072,0.003,0.380,1,0.000,0.000,0.000,0,304,0,0
5944,4.372,4.372,4.021,0.072,0.004,0.276,1,0.000,0.000,0.000,0,304,0,0
5945,4.956,4.956,4.540,0.074,0.004,0.338,1,0.000,0.000,0.000,0,304,0,0
5946,4.920,4.920,4.450,0.073,0.004,0.393,1,0.000,0.000,0.000,0,304,0,0
5947,5.531,5.531,5.112,0.072,0.005,0.341,1,0.000,0.000,0.000,0,304,0,0
5948,5.224,5.224,4.820,0.073,0.004,0.326,1,0.000,0.000,0.000,0,304,0,0
5949,5.382,5.382,4.874,0.076,0.005,0.427,1,0.000,0.000,0.000,0,304,0,0
5950,5.365,5.365,4.957,0.075,0.006,0.327,1,0.000,0.000,0.000,0,304,0,0
5951,4.484,4.484,4.102,0.073,0.004,0.305,1,0.000,0.000,0.000,0,304,0,0
5952,5.162,5.162,4.593,0.072,0.004,0.493,1,0.000,0.000,0.000,0,304,0,0
5953,6.457,6.457,5.960,0.074,0.006,0.417,1,0.000,0.000,0.000,0,304,0,0
5954,4.734,4.734,4.266,0.073,0.004,0.391,1,0.000,0.000,0.000,0,304,0,0
5955,4.685,4.685,4.095,0.073,0.004,0.514,1,0.000,0.000,0.000,0,304,0,0
5956,4.500,4.500,4.025,0.072,0.004,0.400,1,0.000,0.000,0.000,0,304,0,0
5957,4.539,4.539,4.046,0.072,0.003,0.418,1,0.000,0.000,0.000,0,304,0,0
5958,4.846,4.846,4.195,0.074,0.004,0.573,1,0.000,0.000,0.000,0,304,0,0
5959,4.890,4.890,4.406,0.073,0.007,0.404,1,0.000,0.000,0.000,0,304,0,0
5960,4.697,4.697,4.262,0.073,0.005,0.358,1,0.000,0.000,0.000,0,304,0,0
5961,19.124,19.124,18.633,0.073,0.004,0.413,1,0.000,0.000,0.000,0,304,0,0
5962,5.113,5.113,4.706,0.073,0.004,0.330,1,0.000,0.000,0.000,0,304,0,0
5963,5.654,5.654,5.245,0.085,0.005,0.319,1,0.000,0.000,0.000,0,304,0,0
5964,4.917,4.917,4.413,0.072,0.005,0.428,1,0.000,0.000,0.000,0,304,0,0
5965,5.895,5.895,5.456,0.103,0.005,0.331,1,0.000,0.000,0.000,0,304,0,0
5966,5.053,5.053,4.631,0.075,0.006,0.343,1,0.000,0.000,0.000,0,304,0,0
5967,5.397,5.397,4.674,0.072,0.004,0.647,1,0.000,0.000,0.000,0,304,0,0
5968,4.681,4.681,4.232,0.074,0.004,0.371,1,0.000,0.000,0.000,0,304,0,0
5969,4.482,4.482,4.049,0.073,0.004,0.357,1,0.000,0.000,0.000,0,304,0,0
5970,5.171,5.171,4.627,0.072,0.004,0.468,1,0.000,0.000,0.000,0,304,0,0
5971,4.624,4.624,4.133,0.072,0.004,0.415,1,0.000,0.000,0.000,0,304,0,0
5972,4.990,4.990,4.565,0.076,0.004,0.344,1,0.000,0.000,0.000,0,304,0,0
5973,5.072,5.072,4.471,0.073,0.005,0.523,1,0.000,0.000,0.000,0,304,0,0
5974,5.294,5.294,4.902,0.074,0.004,0.313,1,0.000,0.000,0.000,0,304,0,0
5975,5.225,5.225,4.840,0.075,0.005,0.305,1,0.000,0.000,0.000,0,304,0,0
5976,4.745,4.745,4.268,0.074,0.004,0.399,1,0.000,0.000,0.000,0,304,0,0
5977,4.632,4.632,4.198,0.104,0.004,0.325,1,0.000,0.000,0.000,0,304,1,0
5978,5.060,5.060,4.653,0.078,0.007,0.322,1,0.000,0.000,0.000,0,304,0,0
5979,4.899,4.899,4.372,0.072,0.006,0.449,1,0.000,0.000,0.000,0,304,0,0
5980,5.214,5.214,4.737,0.139,0.004,0.334,1,0.000,0.000,0.000,0,312,0,0
5981,4.503,4.503,4.105,0.075,0.005,0.318,1,0.000,0.000,0.000,0,312,0,0
5982,4.665,4.665,4.163,0.074,0.004,0.425,1,0.000,0.000,0.000,0,312,0,0
5983,4.282,4.282,3.953,0.075,0.003,0.251,1,0.000,0.000,0.000,0,312,0,0
5984,5.413,5.413,5.083,0.075,0.005,0.250,1,0.000,0.000,0.000,0,312,0,0
5985,5.627,5.627,5.201,0.076,0.007,0.343,1,0.000,0.000,0.000,0,312,0,0
5986,5.139,5.139,4.798,0.076,0.006,0.259,1,0.000,0.000,0.000,0,312,0,0
5987,4.463,4.463,4.136,0.074,0.004,0.249,1,0.000,0.000,0.000,0,312,0,0
5988,4.448,4.448,4.076,0.074,0.005,0.293,1,0.000,0.000,0.000,0,312,0,0
5989,4.404,4.404,4.115,0.074,0.004,0.211,1,0.000,0.000,0.000,0,312,0,0
5990,4.746,4.746,4.443,0.078,0.005,0.220,1,0.000,0.000,0.000,0,312,0,0
5991,4.723,4.723,4.395,0.074,0.004,0.250,1,0.000,0.000,0.000,0,312,0,0
5992,4.340,4.340,4.027,0.074,0.004,0.235,1,0.000,0.000,0.000,0,312,0,0
5993,4.296,4.296,3.981,0.073,0.003,0.239,1,0.000,0.000,0.000,0,312,0,0
5994,4.492,4.492,4.072,0.074,0.003,0.344,1,0.000,0.000,0.000,0,312,0,0
5995,5.149,5.149,4.804,0.075,0.005,0.264,1,0.000,0.000,0.000,0,312,0,0
5996,5.800,5.800,5.386,0.074,0.004,0.336,1,0.000,0.000,0.000,0,312,0,0
5997,5.259,5.259,4.872,0.077,0.006,0.304,1,0.000,0.000,0.000,0,312,0,0
5998,5.007,5.007,4.648,0.075,0.003,0.281,1,0.000,0.000,0.000,0,312,0,0
5999,5.247,5.247,4.828,0.073,0.004,0.342,1,0.000,0.000,0.000,0,312,0,0
6000,4.826,4.826,4.471,0.076,0.006,0.273,1,0.000,0.000,0.000,0,312,0,0
6001,5.529,5.529,5.160,0.076,0.005,0.287,1,0.000,0.000,0.000,0,336,0,0
6002,5.126,5.126,4.625,0.077,0.005,0.419,1,0.000,0.000,0.000,0,360,0,0
6003,6.183,6.183,5.753,0.074,0.004,0.352,1,0.000,0.000,0.000,0,384,0,0
6004,5.696,5.696,5.333,0.075,0.005,0.283,1,0.000,0.000,0.000,0,408,0,0
6005,5.185,5.185,4.748,0.075,0.004,0.359,1,0.000,0.000,0.000,0,432,0,0
6006,5.277,5.277,4.886,0.077,0.006,0.308,1,0.000,0.000,0.000,0,456,0,0
6007,4.673,4.673,4.244,0.077,0.003,0.348,1,0.000,0.000,0.000,0,480,0,0
6008,4.643,4.643,4.151,0.074,0.003,0.414,1,0.000,0.000,0.000,0,504,0,0
6009,4.461,4.461,4.091,0.075,0.004,0.291,1,0.000,0.000,0.000,0,528,0,0
6010,4.930,4.930,4.550,0.075,0.005,0.301,1,0.000,0.000,0.000,0,552,0,0
6011,5.169,5.169,4.673,0.077,0.005,0.414,1,0.000,0.000,0.000,0,576,0,0
6012,4.642,4.642,4.165,0.075,0.004,0.397,1,0.000,0.000,0.000,0,600,0,0
6013,4.589,4.589,4.173,0.075,0.004,0.338,1,0.000,0.000,0.000,0,624,0,0
6014,5.583,5.583,5.045,0.077,0.007,0.454,1,0.000,0.000,0.000,0,648,0,0
6015,5.542,5.542,5.140,0.074,0.004,0.325,1,0.000,0.000,0.000,0,672,0,0
6016,6.339,6.339,5.896,0.078,0.006,0.360,1,0.000,0.000,0.000,0,696,0,0
6017,5.040,5.040,4.511,0.076,0.004,0.449,1,0.000,0.000,0.000,0,720,0,0
6018,4.661,4.661,4.234,0.076,0.004,0.347,1,0.000,0.000,0.000,0,744,0,0
6019,4.651,4.651,4.251,0.075,0.004,0.321,1,0.000,0.000,0.000,0,768,0,0
6020,4.689,4.689,4.194,0.074,0.003,0.417,1,0.000,0.000,0.000,0,792,0,0
6021,4.901,4.901,4.511,0.075,0.004,0.312,1,0.000,0.000,0.000,0,816,0,0
6022,4.622,4.622,4.222,0.075,0.003,0.321,1,0.000,0.000,0.000,0,840,0,0
6023,4.771,4.771,4.287,0.075,0.003,0.407,1,0.000,0.000,0.000,0,864,0,0
6024,5.335,5.335,4.951,0.080,0.006,0.298,1,0.000,0.000,0.000,0,868,0,0
6025,5.253,5.253,4.881,0.078,0.006,0.288,1,0.000,0.000,0.000,0,868,0,0
6026,6.243,6.243,5.702,0.078,0.006,0.457,1,0.000,0.000,0.000,0,868,0,0
6027,5.625,5.625,5.170,0.078,0.005,0.372,1,0.000,0.000,0.000,0,868,0,0
6028,5.314,5.314,4.959,0.076,0.004,0.276,1,0.000,0.000,0.000,0,868,0,0
6029,5.638,5.638,5.176,0.074,0.003,0.385,1,0.000,0.000,0.000,0,868,0,0
6030,4.861,4.861,4.493,0.077,0.003,0.288,1,0.000,0.000,0.000,0,868,0,0
6031,4.886,4.886,4.535,0.079,0.004,0.267,1,0.000,0.000,0.000,0,868,0,0
6032,6.218,6.218,5.798,0.077,0.004,0.339,1,0.000,0.000,0.000,0,868,0,0
6033,7.604,7.604,7.226,0.096,0.008,0.274,1,0.000,0.000,0.000,0,868,0,0
6034,6.366,6.366,5.984,0.078,0.009,0.294,1,0.000,0.000,0.000,0,868,0,0
6035,5.070,5.070,4.628,0.077,0.004,0.360,1,0.000,0.000,0.000,0,868,0,0
6036,5.480,5.480,5.104,0.076,0.004,0.295,1,0.000,0.000,0.000,0,868,0,0
6037,4.791,4.791,4.420,0.075,0.004,0.292,1,0.000,0.000,0.000,0,868,0,0
6038,7.603,7.603,7.106,0.082,0.007,0.407,1,0.000,0.000,0.000,0,868,0,0
6039,7.394,7.394,7.014,0.080,0.007,0.292,1,0.000,0.000,0.000,0,868,0,0
6040,5.887,5.887,5.501,0.079,0.008,0.299,1,0.000,0.000,0.000,0,868,0,0
6041,5.769,5.769,5.286,0.077,0.004,0.401,1,0.000,0.000,0.000,0,868,0,0
6042,5.582,5.582,5.288,0.077,0.003,0.214,1,0.000,0.000,0.000,0,868,0,0
6043,5.966,5.966,5.659,0.088,0.007,0.211,1,0.000,0.000,0.000,0,868,0,0
6044,4.917,4.917,4.573,0.078,0.004,0.261,1,0.000,0.000,0.000,0,868,0,0
6045,4.726,4.726,4.453,0.075,0.004,0.193,1,0.000,0.000,0.000,0,868,0,0
6046,4.658,4.658,4.387,0.076,0.005,0.190,1,0.000,0.000,0.000,0,868,0,0
6047,4.664,4.664,4.346,0.075,0.003,0.240,1,0.000,0.000,0.000,0,868,0,0
6048,5.202,5.202,4.955,0.077,0.005,0.166,1,0.000,0.000,0.000,0,868,0,0
6049,5.052,5.052,4.700,0.076,0.005,0.270,1,0.000,0.000,0.000,0,868,0,0
6050,4.715,4.715,4.317,0.076,0.004,0.319,1,0.000,0.000,0.000,0,868,0,0
6051,6.181,6.181,5.824,0.077,0.006,0.274,1,0.000,0.000,0.000,0,868,0,0
6052,6.234,6.234,5.867,0.076,0.005,0.287,1,0.000,0.000,0.000,0,868,0,0
6053,5.649,5.649,5.146,0.077,0.005,0.421,1,0.000,0.000,0.000,0,868,0,0
6054,4.998,4.998,4.627,0.076,0.006,0.289,1,0.000,0.000,0.000,0,868,0,0
6055,5.663,5.663,5.273,0.080,0.006,0.304,1,0.000,0.000,0.000,0,868,0,0
6056,5.107,5.107,4.602,0.077,0.003,0.424,1,0.000,0.000,0.000,0,868,0,0
6057,5.362,5.362,4.929,0.075,0.004,0.354,1,0.000,0.000,0.000,0,864,0,0
6058,4.871,4.871,4.424,0.076,0.003,0.367,1,0.000,0.000,0.000,0,864,0,0
6059,5.352,5.352,4.798,0.098,0.004,0.453,1,0.000,0.000,0.000,0,312,0,0
6060,5.213,5.213,4.767,0.088,0.006,0.352,1,0.000,0.000,0.000,0,312,0,0
6061,6.036,6.036,5.593,0.074,0.004,0.365,1,0.000,0.000,0.000,0,312,0,0
6062,5.343,5.343,4.724,0.076,0.006,0.537,1,0.000,0.000,0.000,0,312,0,0
6063,4.826,4.826,4.347,0.074,0.004,0.400,1,0.000,0.000,0.000,0,312,0,0
6064,4.489,4.489,4.008,0.073,0.004,0.404,1,0.000,0.000,0.000,0,312,0,0
6065,4.505,4.505,3.961,0.073,0.003,0.467,1,0.000,0.000,0.000,0,312,0,0
6066,5.824,5.824,5.378,0.073,0.004,0.370,1,0.000,0.000,0.000,0,312,0,0
6067,4.493,4.493,4.076,0.073,0.003,0.341,1,0.000,0.000,0.000,0,312,0,0
6068,4.516,4.516,4.007,0.073,0.004,0.431,1,0.000,0.000,0.000,0,312,0,0
6069,4.297,4.297,3.915,0.074,0.003,0.305,1,0.000,0.000,0.000,0,312,0,0
6070,5.342,5.342,4.925,0.074,0.006,0.337,1,0.000,0.000,0.000,0,312,0,0
6071,6.424,6.424,5.853,0.078,0.006,0.487,1,0.000,0.000,0.000,0,312,0,0
6072,5.620,5.620,5.174,0.075,0.005,0.366,1,0.000,0.000,0.000,0,312,0,0
6073,5.063,5.063,4.722,0.074,0.004,0.262,1,0.000,0.000,0.000,0,312,0,0
6074,4.463,4.463,4.055,0.073,0.003,0.332,1,0.000,0.000,0.000,0,312,0,0
6075,4.442,4.442,4.118,0.072,0.004,0.249,1,0.000,0.000,0.000,0,304,0,0
6076,4.919,4.919,4.557,0.074,0.004,0.284,1,0.000,0.000,0.000,0,312,0,0
6077,4.547,4.547,4.077,0.074,0.003,0.392,1,0.000,0.000,0.000,0,312,0,0
6078,4.319,4.319,3.946,0.074,0.003,0.295,1,0.000,0.000,0.000,0,312,0,0
6079,4.306,4.306,3.973,0.073,0.003,0.256,1,0.000,0.000,0.000,0,312,0,0
6080,5.539,5.539,5.130,0.074,0.003,0.331,1,0.000,0.000,0.000,0,312,0,0
6081,4.497,4.497,4.098,0.074,0.004,0.321,1,0.000,0.000,0.000,0,312,0,0
6082,4.392,4.392,4.013,0.075,0.004,0.301,1,0.000,0.000,0.000,0,312,0,0
6083,4.393,4.393,3.940,0.075,0.003,0.376,1,0.000,0.000,0.000,0,312,0,0
6084,4.247,4.247,3.888,0.074,0.003,0.283,1,0.000,0.000,0.000,0,312,0,0
6085,4.212,4.212,3.853,0.074,0.003,0.283,1,0.000,0.000,0.000,0,312,0,0
6086,4.886,4.886,4.296,0.074,0.004,0.513,1,0.000,0.000,0.000,0,312,0,0
6087,5.497,5.497,5.090,0.073,0.004,0.330,1,0.000,0.000,0.000,0,312,0,0
6088,4.360,4.360,3.952,0.074,0.003,0.330,1,0.000,0.000,0.000,0,312,0,0
6089,4.431,4.431,3.936,0.073,0.003,0.419,1,0.000,0.000,0.000,0,312,0,0
6090,4.257,4.257,3.881,0.073,0.003,0.300,1,0.000,0.000,0.000,0,312,0,0
6091,4.300,4.300,3.925,0.073,0.003,0.299,1,0.000,0.000,0.000,0,312,0,0
6092,4.434,4.434,3.965,0.073,0.004,0.393,1,0.000,0.000,0.000,0,312,0,0
6093,5.743,5.743,5.370,0.087,0.007,0.280,1,0.000,0.000,0.000,0,312,0,0
6094,5.463,5.463,5.122,0.075,0.005,0.260,1,0.000,0.000,0.000,0,312,0,0
6095,4.882,4.882,4.400,0.074,0.005,0.402,1,0.000,0.000,0.000,0,312,0,0
6096,4.618,4.618,4.259,0.074,0.004,0.282,1,0.000,0.000,0.000,0,312,0,0
6097,4.509,4.509,4.110,0.075,0.004,0.321,1,0.000,0.000,0.000,0,336,0,0
6098,4.313,4.313,3.982,0.074,0.003,0.254,1,0.000,0.000,0.000,0,360,0,0
6099,4.267,4.267,3.936,0.074,0.003,0.254,1,0.000,0.000,0.000,0,384,0,0
6100,4.594,4.594,4.180,0.075,0.003,0.337,1,0.000,0.000,0.000,0,408,0,0
6101,4.457,4.457,4.019,0.075,0.003,0.359,1,0.000,0.000,0.000,0,432,0,0
6102,5.640,5.640,5.205,0.076,0.006,0.353,1,0.000,0.000,0.000,0,456,0,0
6103,5.467,5.467,4.975,0.079,0.004,0.409,1,0.000,0.000,0.000,0,480,0,0
6104,4.621,4.621,4.231,0.075,0.004,0.311,1,0.000,0.000,0.000,0,504,0,0
6105,4.461,4.461,4.086,0.075,0.003,0.297,1,0.000,0.000,0.000,0,528,0,0
6106,4.557,4.557,4.098,0.074,0.003,0.381,1,0.000,0.000,0.000,0,552,0,0
6107,4.635,4.635,4.271,0.074,0.003,0.287,1,0.000,0.000,0.000,0,576,0,0
6108,5.362,5.362,4.981,0.078,0.006,0.296,1,0.000,0.000,0.000,0,600,0,0
6109,4.962,4.962,4.498,0.075,0.004,0.385,1,0.000,0.000,0.000,0,624,0,0
6110,4.982,4.982,4.629,0.078,0.005,0.269,1,0.000,0.000,0.000,0,648,0,0
6111,4.827,4.827,4.381,0.075,0.005,0.365,1,0.000,0.000,0.000,0,672,0,0
6112,4.910,4.910,4.361,0.077,0.003,0.469,1,0.000,0.000,0.000,0,696,0,0
6113,4.735,4.735,4.288,0.076,0.004,0.367,1,0.000,0.000,0.000,0,720,0,0
6114,4.590,4.590,4.149,0.076,0.003,0.363,1,0.000,0.000,0.000,0,744,0,0
6115,5.840,5.840,5.272,0.075,0.003,0.489,1,0.000,0.000,0.000,0,768,0,0
6116,4.573,4.573,4.145,0.074,0.003,0.351,1,0.000,0.000,0.000,0,792,0,0
6117,4.556,4.556,4.138,0.075,0.004,0.339,1,0.000,0.000,0.000,0,816,0,0
6118,4.679,4.679,4.169,0.074,0.003,0.433,1,0.000,0.000,0.000,0,840,0,0
6119,4.703,4.703,4.306,0.075,0.003,0.318,1,0.000,0.000,0.000,0,864,0,0
6120,5.487,5.487,5.067,0.077,0.006,0.336,1,0.000,0.000,0.000,0,888,0,0
6121,5.204,5.204,4.656,0.075,0.006,0.467,1,0.000,0.000,0.000,0,912,0,0
6122,4.712,4.712,4.322,0.076,0.004,0.311,1,0.000,0.000,0.000,0,916,0,0
6123,4.730,4.730,4.333,0.075,0.003,0.318,1,0.000,0.000,0.000,0,916,0,0
6124,4.648,4.648,4.232,0.075,0.004,0.337,1,0.000,0.000,0.000,0,916,0,0
6125,4.671,4.671,4.336,0.076,0.004,0.255,1,0.000,0.000,0.000,0,916,0,0
6126,4.729,4.729,4.296,0.075,0.003,0.354,1,0.000,0.000,0.000,0,916,0,0
6127,4.725,4.725,4.298,0.075,0.003,0.349,1,0.000,0.000,0.000,0,916,0,0
6128,4.500,4.500,4.187,0.075,0.003,0.234,1,0.000,0.000,0.000,0,916,0,0
6129,5.625,5.625,5.309,0.076,0.003,0.237,1,0.000,0.000,0.000,0,916,0,0
6130,4.925,4.925,4.477,0.074,0.003,0.371,1,0.000,0.000,0.000,0,916,0,0
6131,6.070,6.070,5.579,0.112,0.005,0.374,1,0.000,0.000,0.000,0,916,1,0
6132,5.716,5.716,5.298,0.080,0.006,0.331,1,0.000,0.000,0.000,0,916,0,0
6133,5.869,5.869,5.362,0.079,0.005,0.423,1,0.000,0.000,0.000,0,916,0,0
6134,4.891,4.891,4.489,0.077,0.004,0.321,1,0.000,0.000,0.000,0,916,0,0
6135,5.856,5.856,5.452,0.077,0.004,0.323,1,0.000,0.000,0.000,0,916,0,0
6136,4.908,4.908,4.401,0.076,0.004,0.427,1,0.000,0.000,0.000,0,916,0,0
6137,4.771,4.771,4.365,0.077,0.003,0.326,1,0.000,0.000,0.000,0,916,0,0
6138,4.584,4.584,4.212,0.076,0.003,0.293,1,0.000,0.000,0.000,0,916,0,0
6139,4.705,4.705,4.242,0.075,0.004,0.384,1,0.000,0.000,0.000,0,916,0,0
6140,4.694,4.694,4.294,0.074,0.003,0.323,1,0.000,0.000,0.000,0,916,0,0
6141,5.467,5.467,4.977,0.076,0.004,0.411,1,0.000,0.000,0.000,0,916,0,0
6142,4.826,4.826,4.324,0.075,0.003,0.424,1,0.000,0.000,0.000,0,916,0,0
6143,4.682,4.682,4.302,0.075,0.004,0.301,1,0.000,0.000,0.000,0,916,0,0
6144,4.571,4.571,4.193,0.074,0.003,0.300,1,0.000,0.000,0.000,0,916,0,0
6145,6.013,6.013,5.418,0.079,0.006,0.510,1,0.000,0.000,0.000,0,916,0,0
6146,5.582,5.582,5.128,0.076,0.005,0.373,1,0.000,0.000,0.000,0,916,0,0
6147,6.169,6.169,5.768,0.077,0.004,0.320,1,0.000,0.000,0.000,0,916,0,0
6148,6.446,6.446,5.919,0.080,0.005,0.443,1,0.000,0.000,0.000,0,916,0,0
6149,5.006,5.006,4.583,0.077,0.005,0.341,1,0.000,0.000,0.000,0,916,0,0
6150,4.742,4.742,4.342,0.075,0.004,0.321,1,0.000,0.000,0.000,0,916,0,0
6151,6.066,6.066,5.568,0.075,0.005,0.418,1,0.000,0.000,0.000,0,916,0,0
6152,4.952,4.952,4.567,0.076,0.004,0.306,1,0.000,0.000,0.000,0,916,0,0
6153,5.764,5.764,5.341,0.077,0.007,0.339,1,0.000,0.000,0.000,0,916,0,0
6154,6.036,6.036,5.541,0.077,0.004,0.414,1,0.000,0.000,0.000,0,916,0,0
6155,5.583,5.583,5.160,0.074,0.004,0.345,1,0.000,0.000,0.000,0,912,0,0
6156,4.963,4.963,4.524,0.076,0.007,0.356,1,0.000,0.000,0.000,0,352,0,0
6157,4.740,4.740,4.213,0.074,0.004,0.449,1,0.000,0.000,0.000,0,376,0,0
6158,4.416,4.416,4.014,0.074,0.003,0.324,1,0.000,0.000,0.000,0,400,0,0
6159,4.505,4.505,4.105,0.074,0.004,0.322,1,0.000,0.000,0.000,0,424,0,0
6160,5.095,5.095,4.452,0.074,0.003,0.565,1,0.000,0.000,0.000,0,448,0,0
6161,4.556,4.556,4.126,0.095,0.003,0.332,1,0.000,0.000,0.000,0,472,0,0
6162,4.458,4.458,4.072,0.074,0.003,0.308,1,0.000,0.000,0.000,0,496,0,0
6163,4.549,4.549,4.069,0.075,0.004,0.402,1,0.000,0.000,0.000,0,520,0,0
6164,4.462,4.462,4.102,0.074,0.003,0.282,1,0.000,0.000,0.000,0,544,0,0
6165,4.433,4.433,4.074,0.074,0.003,0.282,1,0.000,0.000,0.000,0,568,0,0
6166,4.545,4.545,4.117,0.074,0.003,0.350,1,0.000,0.000,0.000,0,592,0,0
6167,6.393,6.393,6.066,0.078,0.006,0.243,1,0.000,0.000,0.000,0,616,0,0
6168,5.213,5.213,4.849,0.076,0.005,0.283,1,0.000,0.000,0.000,0,640,0,0
6169,4.723,4.723,4.355,0.074,0.003,0.291,1,0.000,0.000,0.000,0,664,0,0
6170,4.730,4.730,4.366,0.075,0.003,0.286,1,0.000,0.000,0.000,0,688,0,0
6171,6.029,6.029,5.641,0.077,0.007,0.304,1,0.000,0.000,0.000,0,712,0,0
6172,5.227,5.227,4.737,0.076,0.004,0.409,1,0.000,0.000,0.000,0,736,0,0
6173,4.666,4.666,4.299,0.076,0.004,0.288,1,0.000,0.000,0.000,0,760,0,0
6174,5.165,5.165,4.797,0.075,0.004,0.290,1,0.000,0.000,0.000,0,784,0,0
6175,4.741,4.741,4.287,0.075,0.003,0.376,1,0.000,0.000,0.000,0,808,0,0
6176,5.195,5.195,4.828,0.082,0.006,0.278,1,0.000,0.000,0.000,0,812,0,0
6177,4.855,4.855,4.502,0.076,0.004,0.272,1,0.000,0.000,0.000,0,812,0,0
6178,5.113,5.113,4.681,0.075,0.004,0.352,1,0.000,0.000,0.000,0,812,0,0
6179,5.633,5.633,5.285,0.079,0.005,0.264,1,0.000,0.000,0.000,0,812,0,0
6180,5.878,5.878,5.462,0.077,0.004,0.335,1,0.000,0.000,0.000,0,812,0,0
6181,5.727,5.727,5.303,0.077,0.005,0.342,1,0.000,0.000,0.000,0,812,0,0
6182,6.007,6.007,5.687,0.076,0.003,0.241,1,0.000,0.000,0.000,0,812,0,0
6183,5.460,5.460,5.050,0.077,0.006,0.327,1,0.000,0.000,0.000,0,812,0,0
6184,4.926,4.926,4.471,0.077,0.004,0.373,1,0.000,0.000,0.000,0,812,0,0
6185,5.426,5.426,5.031,0.076,0.004,0.315,1,0.000,0.000,0.000,0,812,0,0
6186,4.694,4.694,4.323,0.076,0.004,0.292,1,0.000,0.000,0.000,0,812,0,0
6187,5.290,5.290,4.842,0.076,0.005,0.367,1,0.000,0.000,0.000,0,812,0,0
6188,5.002,5.002,4.642,0.076,0.006,0.279,1,0.000,0.000,0.000,0,812,0,0
6189,4.765,4.765,4.422,0.077,0.003,0.263,1,0.000,0.000,0.000,0,812,0,0
6190,5.763,5.763,5.211,0.083,0.005,0.464,1,0.000,0.000,0.000,0,812,0,0
6191,6.175,6.175,5.244,0.081,0.004,0.846,1,0.000,0.000,0.000,0,812,0,0
6192,5.221,5.221,4.775,0.077,0.006,0.363,1,0.000,0.000,0.000,0,812,0,0
6193,5.069,5.069,4.515,0.075,0.004,0.475,1,0.000,0.000,0.000,0,812,0,0
6194,4.786,4.786,4.365,0.076,0.004,0.341,1,0.000,0.000,0.000,0,812,0,0
6195,4.658,4.658,4.236,0.074,0.004,0.344,1,0.000,0.000,0.000,0,812,0,0
6196,4.791,4.791,4.263,0.075,0.004,0.448,1,0.000,0.000,0.000,0,812,0,0
6197,4.579,4.579,4.203,0.076,0.004,0.296,1,0.000,0.000,0.000,0,812,0,0
6198,4.623,4.623,4.172,0.075,0.003,0.373,1,0.000,0.000,0.000,0,812,0,0
6199,4.490,4.490,4.131,0.077,0.003,0.280,1,0.000,0.000,0.000,0,812,0,0
6200,5.973,5.973,5.546,0.078,0.008,0.342,1,0.000,0.000,0.000,0,812,0,0
6201,5.895,5.895,5.413,0.077,0.004,0.401,1,0.000,0.000,0.000,0,812,0,0
6202,4.922,4.922,4.529,0.077,0.004,0.312,1,0.000,0.000,0.000,0,812,0,0
6203,5.976,5.976,5.566,0.079,0.006,0.325,1,0.000,0.000,0.000,0,812,0,0
6204,5.503,5.503,4.998,0.077,0.004,0.424,1,0.000,0.000,0.000,0,812,0,0
6205,5.352,5.352,4.839,0.075,0.005,0.433,1,0.000,0.000,0.000,0,812,0,0
6206,5.741,5.741,5.333,0.076,0.005,0.327,1,0.000,0.000,0.000,0,812,0,0
6207,4.824,4.824,4.317,0.075,0.003,0.429,1,0.000,0.000,0.000,0,812,0,0
6208,4.680,4.680,4.278,0.075,0.003,0.324,1,0.000,0.000,0.000,0,812,0,0
6209,4.676,4.676,4.254,0.073,0.003,0.345,1,0.000,0.000,0.000,0,808,0,0
6210,4.552,4.552,4.044,0.075,0.004,0.429,1,0.000,0.000,0.000,0,352,0,0
6211,4.458,4.458,4.051,0.074,0.003,0.329,1,0.000,0.000,0.000,0,376,0,0
6212,4.364,4.364,3.989,0.075,0.003,0.297,1,0.000,0.000,0.000,0,400,0,0
6213,6.079,6.079,5.607,0.077,0.006,0.388,1,0.000,0.000,0.000,0,424,0,0
6214,4.954,4.954,4.581,0.075,0.005,0.293,1,0.000,0.000,0.000,0,448,0,0
6215,4.584,4.584,4.201,0.074,0.004,0.305,1,0.000,0.000,0.000,0,472,0,0
6216,4.601,4.601,4.126,0.074,0.004,0.398,1,0.000,0.000,0.000,0,496,0,0
6217,4.420,4.420,4.041,0.075,0.003,0.302,1,0.000,0.000,0.000,0,520,0,0
6218,4.363,4.363,4.001,0.075,0.003,0.283,1,0.000,0.000,0.000,0,540,0,0
6219,4.658,4.658,4.202,0.075,0.003,0.377,1,0.000,0.000,0.000,0,540,0,0
6220,5.541,5.541,5.133,0.077,0.003,0.327,1,0.000,0.000,0.000,0,540,0,0
6221,4.639,4.639,4.288,0.078,0.004,0.269,1,0.000,0.000,0.000,0,540,0,0
6222,6.350,6.350,5.925,0.076,0.003,0.346,1,0.000,0.000,0.000,0,540,0,0
6223,6.114,6.114,5.715,0.079,0.006,0.313,1,0.000,0.000,0.000,0,540,0,0
6224,5.100,5.100,4.739,0.077,0.005,0.278,1,0.000,0.000,0.000,0,540,0,0
6225,4.740,4.740,4.314,0.076,0.004,0.345,1,0.000,0.000,0.000,0,540,0,0
6226,5.009,5.009,4.703,0.076,0.005,0.226,1,0.000,0.000,0.000,0,540,0,0
6227,4.543,4.543,4.219,0.076,0.004,0.244,1,0.000,0.000,0.000,0,540,0,0
6228,4.526,4.526,4.150,0.077,0.004,0.296,1,0.000,0.000,0.000,0,540,0,0
6229,4.420,4.420,4.137,0.076,0.003,0.204,1,0.000,0.000,0.000,0,540,0,0
6230,4.418,4.418,4.055,0.076,0.004,0.284,1,0.000,0.000,0.000,0,540,0,0
6231,4.564,4.564,4.100,0.075,0.003,0.385,1,0.000,0.000,0.000,0,540,0,0
6232,4.454,4.454,4.067,0.075,0.003,0.309,1,0.000,0.000,0.000,0,540,0,0
6233,5.052,5.052,4.666,0.086,0.003,0.296,1,0.000,0.000,0.000,0,540,0,0
6234,4.818,4.818,4.330,0.076,0.004,0.408,1,0.000,0.000,0.000,0,540,0,0
6235,4.430,4.430,4.078,0.075,0.003,0.273,1,0.000,0.000,0.000,0,540,0,0
6236,4.355,4.355,4.003,0.075,0.003,0.274,1,0.000,0.000,0.000,0,540,0,0
6237,4.443,4.443,4.024,0.075,0.003,0.341,1,0.000,0.000,0.000,0,540,0,0
6238,4.355,4.355,4.023,0.076,0.003,0.253,1,0.000,0.000,0.000,0,540,0,0
6239,4.545,4.545,4.213,0.075,0.003,0.253,1,0.000,0.000,0.000,0,540,0,0
6240,4.536,4.536,4.106,0.075,0.003,0.353,1,0.000,0.000,0.000,0,540,0,0
6241,5.986,5.986,5.667,0.082,0.004,0.233,1,0.000,0.000,0.000,0,540,0,0
6242,5.428,5.428,5.079,0.075,0.003,0.270,1,0.000,0.000,0.000,0,540,0,0
6243,5.459,5.459,4.993,0.079,0.007,0.382,1,0.000,0.000,0.000,0,540,0,0
6244,4.994,4.994,4.607,0.076,0.005,0.306,1,0.000,0.000,0.000,0,540,0,0
6245,4.980,4.980,4.596,0.081,0.004,0.300,1,0.000,0.000,0.000,0,540,0,0
6246,5.097,5.097,4.554,0.076,0.006,0.461,1,0.000,0.000,0.000,0,540,0,0
6247,5.755,5.755,5.406,0.077,0.004,0.268,1,0.000,0.000,0.000,0,540,0,0
6248,4.958,4.958,4.598,0.077,0.006,0.277,1,0.000,0.000,0.000,0,540,0,0
6249,5.380,5.380,4.891,0.076,0.004,0.408,1,0.000,0.000,0.000,0,540,0,0
6250,5.701,5.701,5.250,0.083,0.005,0.363,1,0.000,0.000,0.000,0,540,0,0
6251,6.859,6.859,6.428,0.080,0.003,0.348,1,0.000,0.000,0.000,0,536,0,0
6252,5.665,5.665,5.062,0.076,0.006,0.522,1,0.000,0.000,0.000,0,536,0,0
6253,7.039,7.039,6.566,0.077,0.005,0.392,1,0.000,0.000,0.000,0,312,0,0
6254,4.829,4.829,4.367,0.075,0.004,0.383,1,0.000,0.000,0.000,0,312,0,0
6255,4.850,4.850,4.250,0.075,0.005,0.520,1,0.000,0.000,0.000,0,312,0,0
6256,5.175,5.175,4.710,0.074,0.004,0.386,1,0.000,0.000,0.000,0,312,0,0
6257,4.475,4.475,4.053,0.074,0.003,0.345,1,0.000,0.000,0.000,0,312,0,0
6258,5.477,5.477,4.937,0.081,0.008,0.451,1,0.000,0.000,0.000,0,312,0,0
6259,5.918,5.918,5.167,0.074,0.005,0.671,1,0.000,0.000,0.000,0,312,0,0
6260,5.241,5.241,4.817,0.074,0.005,0.344,1,0.000,0.000,0.000,0,312,0,0
6261,5.293,5.293,4.717,0.075,0.006,0.495,1,0.000,0.000,0.000,0,312,0,0
6262,4.664,4.664,4.226,0.110,0.004,0.324,1,0.000,0.000,0.000,0,312,1,0
6263,4.554,4.554,4.100,0.074,0.004,0.377,1,0.000,0.000,0.000,0,312,0,0
6264,6.930,6.930,6.335,0.076,0.007,0.512,1,0.000,0.000,0.000,0,312,0,0
6265,5.007,5.007,4.622,0.074,0.004,0.308,1,0.000,0.000,0.000,0,312,0,0
6266,4.879,4.879,4.486,0.075,0.006,0.312,1,0.000,0.000,0.000,0,312,0,0
6267,5.483,5.483,5.020,0.074,0.004,0.385,1,0.000,0.000,0.000,0,312,0,0
6268,4.921,4.921,4.570,0.077,0.003,0.271,1,0.000,0.000,0.000,0,312,0,0
6269,19.753,19.753,19.398,0.073,0.005,0.277,1,0.000,0.000,0.000,0,304,0,0
6270,6.483,6.483,6.040,0.072,0.005,0.367,1,0.000,0.000,0.000,0,304,0,0
6271,5.789,5.789,5.418,0.076,0.007,0.289,1,0.000,0.000,0.000,0,304,0,0
6272,4.773,4.773,4.425,0.078,0.003,0.267,1,0.000,0.000,0.000,0,304,0,0
6273,5.290,5.290,4.883,0.075,0.002,0.330,1,0.000,0.000,0.000,0,304,0,0
6274,4.644,4.644,4.280,0.072,0.006,0.287,1,0.000,0.000,0.000,0,304,0,0
6275,5.191,5.191,4.858,0.073,0.004,0.255,1,0.000,0.000,0.000,0,304,0,0
6276,5.562,5.562,5.128,0.073,0.005,0.357,1,0.000,0.000,0.000,0,304,0,0
6277,4.714,4.714,4.371,0.073,0.004,0.266,1,0.000,0.000,0.000,0,304,0,0
6278,4.342,4.342,4.017,0.072,0.004,0.250,1,0.000,0.000,0.000,0,304,0,0
6279,4.821,4.821,4.289,0.071,0.004,0.457,1,0.000,0.000,0.000,0,304,0,0
6280,4.411,4.411,4.049,0.072,0.004,0.286,1,0.000,0.000,0.000,0,304,0,0
6281,4.312,4.312,3.947,0.072,0.003,0.290,1,0.000,0.000,0.000,0,304,0,0
6282,4.387,4.387,3.950,0.072,0.004,0.362,1,0.000,0.000,0.000,0,304,0,0
6283,4.231,4.231,3.886,0.071,0.003,0.271,1,0.000,0.000,0.000,0,304,0,0
6284,4.306,4.306,3.956,0.071,0.003,0.274,1,0.000,0.000,0.000,0,304,0,0
6285,4.513,4.513,4.069,0.071,0.004,0.369,1,0.000,0.000,0.000,0,304,0,0
6286,4.261,4.261,3.925,0.072,0.004,0.260,1,0.000,0.000,0.000,0,304,0,0
6287,4.743,4.743,4.406,0.074,0.004,0.258,1,0.000,0.000,0.000,0,372,0,0
6288,4.514,4.514,4.100,0.075,0.004,0.336,1,0.000,0.000,0.000,0,372,0,0
6289,4.346,4.346,4.001,0.074,0.003,0.268,1,0.000,0.000,0.000,0,372,0,0
6290,4.401,4.401,4.036,0.073,0.003,0.288,1,0.000,0.000,0.000,0,372,0,0
6291,4.481,4.481,3.987,0.075,0.004,0.416,1,0.000,0.000,0.000,0,372,0,0
6292,4.356,4.356,3.970,0.075,0.003,0.308,1,0.000,0.000,0.000,0,372,0,0
6293,5.740,5.740,5.320,0.077,0.006,0.336,1,0.000,0.000,0.000,0,372,0,0
6294,5.582,5.582,5.078,0.075,0.004,0.424,1,0.000,0.000,0.000,0,372,0,0
6295,5.142,5.142,4.783,0.075,0.004,0.280,1,0.000,0.000,0.000,0,372,0,0
6296,5.069,5.069,4.618,0.082,0.002,0.366,1,0.000,0.000,0.000,0,372,0,0
6297,5.000,5.000,4.635,0.075,0.005,0.286,1,0.000,0.000,0.000,0,372,0,0
6298,4.611,4.611,4.238,0.075,0.004,0.293,1,0.000,0.000,0.000,0,372,0,0
6299,4.685,4.685,4.259,0.075,0.004,0.347,1,0.000,0.000,0.000,0,372,0,0
6300,4.392,4.392,4.084,0.075,0.003,0.230,1,0.000,0.000,0.000,0,372,0,0
6301,4.373,4.373,4.061,0.074,0.004,0.234,1,0.000,0.000,0.000,0,372,0,0
6302,4.526,4.526,4.110,0.075,0.004,0.338,1,0.000,0.000,0.000,0,372,0,0
6303,4.392,4.392,4.021,0.074,0.004,0.294,1,0.000,0.000,0.000,0,372,0,0
6304,4.507,4.507,4.081,0.075,0.003,0.348,1,0.000,0.000,0.000,0,372,0,0
6305,4.595,4.595,4.042,0.074,0.003,0.475,1,0.000,0.000,0.000,0,372,0,0
6306,4.404,4.404,3.974,0.075,0.003,0.352,1,0.000,0.000,0.000,0,372,0,0
6307,4.419,4.419,3.986,0.074,0.003,0.357,1,0.000,0.000,0.000,0,372,0,0
6308,4.690,4.690,4.123,0.075,0.004,0.488,1,0.000,0.000,0.000,0,372,0,0
6309,4.529,4.529,4.008,0.074,0.003,0.444,1,0.000,0.000,0.000,0,372,0,0
6310,4.496,4.496,4.016,0.074,0.003,0.403,1,0.000,0.000,0.000,0,372,0,0
6311,4.686,4.686,4.067,0.075,0.003,0.541,1,0.000,0.000,0.000,0,372,0,0
6312,4.488,4.488,4.008,0.075,0.003,0.402,1,0.000,0.000,0.000,0,372,0,0
6313,4.517,4.517,4.038,0.075,0.003,0.400,1,0.000,0.000,0.000,0,372,0,0
6314,4.719,4.719,4.091,0.074,0.003,0.551,1,0.000,0.000,0.000,0,372,0,0
6315,4.520,4.520,4.026,0.075,0.003,0.416,1,0.000,0.000,0.000,0,372,0,0
6316,4.498,4.498,4.028,0.075,0.003,0.393,1,0.000,0.000,0.000,0,372,0,0
6317,4.556,4.556,4.017,0.074,0.004,0.461,1,0.000,0.000,0.000,0,372,0,0
6318,4.623,4.623,4.184,0.074,0.003,0.362,1,0.000,0.000,0.000,0,372,0,0
6319,4.441,4.441,3.992,0.074,0.003,0.372,1,0.000,0.000,0.000,0,372,0,0
6320,4.606,4.606,4.071,0.075,0.003,0.457,1,0.000,0.000,0.000,0,372,0,0
6321,4.384,4.384,3.962,0.074,0.003,0.345,1,0.000,0.000,0.000,0,372,0,0
6322,4.490,4.490,4.067,0.075,0.003,0.345,1,0.000,0.000,0.000,0,372,0,0
6323,4.688,4.688,4.179,0.074,0.003,0.432,1,0.000,0.000,0.000,0,372,0,0
6324,4.508,4.508,4.061,0.075,0.003,0.369,1,0.000,0.000,0.000,0,372,0,0
6325,4.419,4.419,4.024,0.075,0.004,0.316,1,0.000,0.000,0.000,0,372,0,0
6326,4.483,4.483,4.009,0.091,0.003,0.381,1,0.000,0.000,0.000,0,372,0,0
6327,4.327,4.327,3.965,0.074,0.003,0.285,1,0.000,0.000,0.000,0,372,0,0
6328,4.314,4.314,3.979,0.074,0.003,0.258,1,0.000,0.000,0.000,0,372,0,0
6329,4.561,4.561,4.117,0.074,0.003,0.366,1,0.000,0.000,0.000,0,372,0,0
6330,4.714,4.714,4.296,0.074,0.003,0.340,1,0.000,0.000,0.000,0,372,0,0
6331,4.681,4.681,4.260,0.074,0.004,0.343,1,0.000,0.000,0.000,0,372,0,0
6332,4.911,4.911,4.377,0.075,0.003,0.456,1,0.000,0.000,0.000,0,372,0,0
6333,6.651,6.651,6.218,0.083,0.005,0.344,1,0.000,0.000,0.000,0,372,0,0
6334,5.133,5.133,4.667,0.076,0.004,0.386,1,0.000,0.000,0.000,0,372,0,0
6335,6.003,6.003,5.380,0.081,0.007,0.535,1,0.000,0.000,0.000,0,372,0,0
6336,5.899,5.899,5.428,0.076,0.006,0.388,1,0.000,0.000,0.000,0,372,0,0
6337,5.681,5.681,5.214,0.076,0.004,0.387,1,0.000,0.000,0.000,0,372,0,0
6338,5.238,5.238,4.629,0.075,0.003,0.531,1,0.000,0.000,0.000,0,372,0,0
6339,6.529,6.529,6.061,0.074,0.004,0.389,1,0.000,0.000,0.000,0,372,0,0
6340,4.902,4.902,4.416,0.076,0.004,0.406,1,0.000,0.000,0.000,0,372,0,0
6341,5.172,5.172,4.552,0.075,0.004,0.541,1,0.000,0.000,0.000,0,372,0,0
6342,5.548,5.548,5.042,0.076,0.006,0.425,1,0.000,0.000,0.000,0,372,0,0
6343,6.374,6.374,5.822,0.077,0.005,0.470,1,0.000,0.000,0.000,0,372,0,0
6344,5.488,5.488,4.859,0.075,0.004,0.550,1,0.000,0.000,0.000,0,372,0,0
6345,5.505,5.505,5.013,0.076,0.004,0.412,1,0.000,0.000,0.000,0,372,0,0
6346,4.875,4.875,4.418,0.074,0.004,0.378,1,0.000,0.000,0.000,0,372,0,0
6347,4.974,4.974,4.419,0.074,0.003,0.477,1,0.000,0.000,0.000,0,372,0,0
6348,4.768,4.768,4.367,0.074,0.004,0.323,1,0.000,0.000,0.000,0,372,0,0
6349,4.812,4.812,4.361,0.074,0.003,0.373,1,0.000,0.000,0.000,0,372,0,0
6350,5.006,5.006,4.421,0.074,0.004,0.507,1,0.000,0.000,0.000,0,372,0,0
6351,6.027,6.027,5.541,0.082,0.010,0.393,1,0.000,0.000,0.000,0,372,0,0
6352,5.458,5.458,4.920,0.076,0.005,0.457,1,0.000,0.000,0.000,0,372,0,0
6353,7.155,7.155,6.532,0.076,0.005,0.541,1,0.000,0.000,0.000,0,372,0,0
6354,6.564,6.564,6.018,0.077,0.006,0.463,1,0.000,0.000,0.000,0,372,0,0
6355,5.134,5.134,4.641,0.076,0.005,0.412,1,0.000,0.000,0.000,0,372,0,0
6356,5.714,5.714,5.091,0.076,0.004,0.543,1,0.000,0.000,0.000,0,372,0,0
6357,6.016,6.016,5.522,0.076,0.004,0.415,1,0.000,0.000,0.000,0,372,0,0
6358,5.880,5.880,5.398,0.076,0.004,0.401,1,0.000,0.000,0.000,0,372,0,0
6359,5.518,5.518,4.974,0.076,0.005,0.463,1,0.000,0.000,0.000,0,372,0,0
6360,7.602,7.602,7.162,0.078,0.005,0.357,1,0.000,0.000,0.000,0,372,0,0
6361,7.243,7.243,6.817,0.076,0.005,0.345,1,0.000,0.000,0.000,0,372,0,0
6362,6.417,6.417,5.823,0.079,0.006,0.508,1,0.000,0.000,0.000,0,372,0,0
6363,5.387,5.387,4.895,0.076,0.006,0.410,1,0.000,0.000,0.000,0,372,0,0
6364,5.239,5.239,4.742,0.075,0.004,0.418,1,0.000,0.000,0.000,0,372,0,0
6365,5.918,5.918,5.252,0.076,0.005,0.584,1,0.000,0.000,0.000,0,372,0,0
6366,5.472,5.472,4.953,0.076,0.005,0.438,1,0.000,0.000,0.000,0,372,0,0
6367,5.085,5.085,4.577,0.077,0.004,0.427,1,0.000,0.000,0.000,0,372,0,0
6368,6.568,6.568,5.893,0.076,0.005,0.594,1,0.000,0.000,0.000,0,372,0,0
6369,6.415,6.415,5.781,0.080,0.004,0.550,1,0.000,0.000,0.000,0,372,0,0
6370,5.554,5.554,5.080,0.077,0.006,0.391,1,0.000,0.000,0.000,0,372,0,0
6371,5.433,5.433,4.799,0.076,0.004,0.553,1,0.000,0.000,0.000,0,372,0,0
6372,4.984,4.984,4.500,0.076,0.004,0.405,1,0.000,0.000,0.000,0,372,0,0
6373,4.918,4.918,4.435,0.076,0.003,0.404,1,0.000,0.000,0.000,0,372,0,0
6374,6.797,6.797,6.139,0.085,0.004,0.569,1,0.000,0.000,0.000,0,372,0,0
6375,5.294,5.294,4.760,0.075,0.005,0.454,1,0.000,0.000,0.000,0,372,0,0
6376,4.982,4.982,4.502,0.075,0.005,0.401,1,0.000,0.000,0.000,0,372,0,0
6377,5.133,5.133,4.549,0.075,0.005,0.505,1,0.000,0.000,0.000,0,372,0,0
6378,5.030,5.030,4.570,0.075,0.003,0.383,1,0.000,0.000,0.000,0,372,0,0
6379,4.912,4.912,4.482,0.075,0.004,0.351,1,0.000,0.000,0.000,0,372,0,0
6380,6.187,6.187,5.615,0.080,0.008,0.485,1,0.000,0.000,0.000,0,372,0,0
6381,5.189,5.189,4.798,0.076,0.005,0.310,1,0.000,0.000,0.000,0,372,0,0
6382,5.723,5.723,5.344,0.081,0.005,0.293,1,0.000,0.000,0.000,0,372,0,0
6383,5.754,5.754,5.199,0.075,0.005,0.475,1,0.000,0.000,0.000,0,372,0,0
6384,5.143,5.143,4.703,0.077,0.004,0.358,1,0.000,0.000,0.000,0,372,0,0
6385,5.012,5.012,4.535,0.074,0.004,0.398,1,0.000,0.000,0.000,0,372,0,0
6386,5.738,5.738,5.024,0.233,0.005,0.476,1,0.000,0.000,0.000,0,372,0,0
6387,7.416,7.416,6.968,0.077,0.006,0.365,1,0.000,0.000,0.000,0,372,0,0
6388,6.208,6.208,5.790,0.077,0.006,0.335,1,0.000,0.000,0.000,0,372,0,0
6389,6.141,6.141,5.583,0.078,0.006,0.473,1,0.000,0.000,0.000,0,372,0,0
6390,5.827,5.827,5.404,0.075,0.005,0.343,1,0.000,0.000,0.000,0,372,0,0
6391,6.102,6.102,5.600,0.076,0.005,0.420,1,0.000,0.000,0.000,0,372,0,0
6392,5.302,5.302,4.765,0.076,0.004,0.458,1,0.000,0.000,0.000,0,372,0,0
6393,5.001,5.001,4.558,0.075,0.004,0.364,1,0.000,0.000,0.000,0,372,0,0
6394,5.191,5.191,4.723,0.075,0.004,0.388,1,0.000,0.000,0.000,0,372,0,0
6395,7.609,7.609,7.082,0.079,0.005,0.444,1,0.000,0.000,0.000,0,372,0,0
6396,7.573,7.573,7.204,0.077,0.004,0.289,1,0.000,0.000,0.000,0,372,0,0
6397,6.550,6.550,6.055,0.078,0.007,0.410,1,0.000,0.000,0.000,0,372,0,0
6398,6.077,6.077,5.640,0.078,0.005,0.354,1,0.000,0.000,0.000,0,372,0,0
6399,5.486,5.486,5.113,0.076,0.003,0.294,1,0.000,0.000,0.000,0,372,0,0
6400,6.391,6.391,5.940,0.078,0.006,0.367,1,0.000,0.000,0.000,0,372,0,0
6401,5.363,5.363,5.009,0.077,0.005,0.272,1,0.000,0.000,0.000,0,372,0,0
6402,6.163,6.163,5.780,0.078,0.004,0.302,1,0.000,0.000,0.000,0,372,0,0
6403,5.656,5.656,5.199,0.077,0.005,0.375,1,0.000,0.000,0.000,0,372,0,0
6404,5.446,5.446,5.081,0.078,0.004,0.282,1,0.000,0.000,0.000,0,372,0,0
6405,5.021,5.021,4.690,0.076,0.005,0.250,1,0.000,0.000,0.000,0,372,0,0
6406,4.830,4.830,4.473,0.076,0.003,0.277,1,0.000,0.000,0.000,0,372,0,0
6407,4.766,4.766,4.463,0.075,0.004,0.224,1,0.000,0.000,0.000,0,372,0,0
6408,4.929,4.929,4.637,0.076,0.004,0.212,1,0.000,0.000,0.000,0,372,0,0
6409,4.993,4.993,4.620,0.074,0.004,0.294,1,0.000,0.000,0.000,0,372,0,0
6410,4.742,4.742,4.450,0.075,0.004,0.213,1,0.000,0.000,0.000,0,372,0,0
6411,4.714,4.714,4.424,0.075,0.003,0.211,1,0.000,0.000,0.000,0,372,0,0
6412,4.878,4.878,4.515,0.075,0.004,0.283,1,0.000,0.000,0.000,0,372,0,0
6413,4.828,4.828,4.443,0.075,0.003,0.306,1,0.000,0.000,0.000,0,372,0,0
6414,4.807,4.807,4.471,0.075,0.004,0.257,1,0.000,0.000,0.000,0,372,0,0
6415,6.042,6.042,5.613,0.078,0.007,0.344,1,0.000,0.000,0.000,0,372,0,0
6416,6.381,6.381,6.042,0.078,0.004,0.258,1,0.000,0.000,0.000,0,372,0,0
6417,5.041,5.041,4.701,0.080,0.004,0.256,1,0.000,0.000,0.000,0,304,0,0
6418,4.882,4.882,4.463,0.072,0.005,0.343,1,0.000,0.000,0.000,0,304,0,0
6419,4.895,4.895,4.556,0.074,0.003,0.262,1,0.000,0.000,0.000,0,304,0,0
6420,4.620,4.620,4.295,0.072,0.003,0.249,1,0.000,0.000,0.000,0,304,0,0
6421,4.682,4.682,4.294,0.072,0.004,0.313,1,0.000,0.000,0.000,0,304,0,0
6422,6.179,6.179,5.561,0.073,0.181,0.364,1,0.000,0.000,0.000,0,304,0,0
6423,7.224,7.224,6.826,0.076,0.003,0.319,1,0.000,0.000,0.000,0,304,0,0
6424,5.536,5.536,5.018,0.074,0.005,0.440,1,0.000,0.000,0.000,0,304,0,0
6425,6.315,6.315,5.859,0.075,0.007,0.375,1,0.000,0.000,0.000,0,304,0,0
6426,5.432,5.432,5.046,0.076,0.003,0.307,1,0.000,0.000,0.000,0,304,0,0
6427,5.322,5.322,4.806,0.073,0.005,0.438,1,0.000,0.000,0.000,0,304,0,0
6428,5.578,5.578,5.115,0.073,0.004,0.386,1,0.000,0.000,0.000,0,304,0,0
6429,4.921,4.921,4.532,0.072,0.004,0.314,1,0.000,0.000,0.000,0,304,0,0
6430,6.081,6.081,5.548,0.074,0.005,0.454,1,0.000,0.000,0.000,0,304,0,0
6431,5.998,5.998,5.563,0.088,0.006,0.341,1,0.000,0.000,0.000,0,304,0,0
6432,6.423,6.423,6.021,0.074,0.006,0.322,1,0.000,0.000,0.000,0,304,0,0
6433,6.606,6.606,6.085,0.075,0.008,0.438,1,0.000,0.000,0.000,0,304,0,0
6434,5.222,5.222,4.822,0.074,0.004,0.322,1,0.000,0.000,0.000,0,304,0,0
6435,4.919,4.919,4.548,0.072,0.005,0.294,1,0.000,0.000,0.000,0,304,0,0
6436,5.625,5.625,5.188,0.073,0.004,0.359,1,0.000,0.000,0.000,0,304,0,0
6437,4.790,4.790,4.447,0.073,0.004,0.266,1,0.000,0.000,0.000,0,304,0,0
6438,4.803,4.803,4.450,0.073,0.005,0.275,1,0.000,0.000,0.000,0,304,0,0
6439,4.715,4.715,4.300,0.072,0.003,0.338,1,0.000,0.000,0.000,0,304,0,0
6440,5.271,5.271,4.951,0.073,0.004,0.243,1,0.000,0.000,0.000,0,304,0,0
6441,6.609,6.609,6.257,0.088,0.007,0.258,1,0.000,0.000,0.000,0,304,0,0
6442,5.733,5.733,5.325,0.075,0.005,0.329,1,0.000,0.000,0.000,0,304,0,0
6443,4.916,4.916,4.507,0.072,0.003,0.334,1,0.000,0.000,0.000,0,304,0,0
6444,4.802,4.802,4.422,0.073,0.003,0.303,1,0.000,0.000,0.000,0,304,0,0
6445,4.651,4.651,4.262,0.072,0.004,0.312,1,0.000,0.000,0.000,0,304,0,0
6446,5.288,5.288,4.953,0.080,0.006,0.249,1,0.000,0.000,0.000,0,304,0,0
6447,4.952,4.952,4.627,0.072,0.005,0.249,1,0.000,0.000,0.000,0,304,0,0
6448,13.226,13.226,12.419,0.301,0.008,0.499,1,0.000,0.000,0.000,0,304,0,0
6449,6.306,6.306,5.993,0.076,0.007,0.230,1,0.000,0.000,0.000,0,304,0,0
6450,6.207,6.207,5.930,0.076,0.005,0.196,1,0.000,0.000,0.000,0,308,0,0
6451,4.851,4.851,4.524,0.074,0.004,0.250,1,0.000,0.000,0.000,0,308,0,0
6452,5.956,5.956,5.595,0.076,0.007,0.278,1,0.000,0.000,0.000,0,308,0,0
6453,5.213,5.213,4.906,0.073,0.004,0.229,1,0.000,0.000,0.000,0,308,0,0
6454,5.320,5.320,4.924,0.078,0.004,0.314,1,0.000,0.000,0.000,0,308,0,0
6455,4.802,4.802,4.499,0.073,0.004,0.226,1,0.000,0.000,0.000,0,308,0,0
6456,4.588,4.588,4.287,0.073,0.003,0.224,1,0.000,0.000,0.000,0,308,0,0
6457,4.866,4.866,4.450,0.074,0.004,0.338,1,0.000,0.000,0.000,0,308,0,0
6458,4.711,4.711,4.338,0.073,0.004,0.296,1,0.000,0.000,0.000,0,308,0,0
6459,4.632,4.632,4.289,0.074,0.003,0.265,1,0.000,0.000,0.000,0,308,0,0
6460,4.608,4.608,4.214,0.073,0.004,0.316,1,0.000,0.000,0.000,0,308,0,0
6461,4.667,4.667,4.327,0.095,0.003,0.241,1,0.000,0.000,0.000,0,332,0,0
6462,4.584,4.584,4.265,0.074,0.003,0.242,1,0.000,0.000,0.000,0,356,0,0
6463,4.670,4.670,4.276,0.074,0.003,0.317,1,0.000,0.000,0.000,0,380,0,0
6464,5.254,5.254,4.908,0.080,0.006,0.260,1,0.000,0.000,0.000,0,404,0,0
6465,4.894,4.894,4.586,0.075,0.004,0.228,1,0.000,0.000,0.000,0,420,0,0
6466,4.786,4.786,4.441,0.076,0.004,0.265,1,0.000,0.000,0.000,0,444,0,0
6467,4.688,4.688,4.401,0.074,0.004,0.210,1,0.000,0.000,0.000,0,468,0,0
6468,4.735,4.735,4.459,0.077,0.004,0.195,1,0.000,0.000,0.000,0,480,0,0
6469,4.712,4.712,4.354,0.074,0.005,0.279,1,0.000,0.000,0.000,0,480,0,0
6470,4.599,4.599,4.310,0.074,0.003,0.212,1,0.000,0.000,0.000,0,480,0,0
6471,5.363,5.363,5.072,0.079,0.006,0.207,1,0.000,0.000,0.000,0,480,0,0
6472,5.274,5.274,4.877,0.076,0.005,0.316,1,0.000,0.000,0.000,0,480,0,0
6473,4.798,4.798,4.448,0.089,0.004,0.256,1,0.000,0.000,0.000,0,480,0,0
6474,4.727,4.727,4.411,0.076,0.004,0.236,1,0.000,0.000,0.000,0,480,0,0
6475,4.757,4.757,4.364,0.075,0.004,0.314,1,0.000,0.000,0.000,0,480,0,0
6476,4.572,4.572,4.291,0.075,0.004,0.202,1,0.000,0.000,0.000,0,480,0,0
6477,4.543,4.543,4.285,0.076,0.003,0.179,1,0.000,0.000,0.000,0,480,0,0
6478,6.537,6.537,6.191,0.077,0.004,0.264,1,0.000,0.000,0.000,0,480,0,0
6479,6.797,6.797,6.523,0.082,0.005,0.187,1,0.000,0.000,0.000,0,480,0,0
6480,5.296,5.296,5.010,0.078,0.005,0.204,1,0.000,0.000,0.000,0,480,0,0
6481,4.939,4.939,4.553,0.076,0.005,0.305,1,0.000,0.000,0.000,0,480,0,0
6482,4.788,4.788,4.464,0.076,0.004,0.244,1,0.000,0.000,0.000,0,480,0,0
6483,4.711,4.711,4.375,0.075,0.004,0.257,1,0.000,0.000,0.000,0,480,0,0
6484,4.891,4.891,4.441,0.076,0.003,0.372,1,0.000,0.000,0.000,0,480,0,0
6485,5.397,5.397,5.039,0.080,0.005,0.273,1,0.000,0.000,0.000,0,480,0,0
6486,5.100,5.100,4.745,0.076,0.005,0.274,1,0.000,0.000,0.000,0,480,0,0
6487,5.079,5.079,4.599,0.075,0.004,0.401,1,0.000,0.000,0.000,0,480,0,0
6488,5.711,5.711,5.358,0.078,0.005,0.271,1,0.000,0.000,0.000,0,480,0,0
6489,5.997,5.997,5.677,0.075,0.006,0.238,1,0.000,0.000,0.000,0,480,0,0
6490,5.812,5.812,5.402,0.081,0.005,0.324,1,0.000,0.000,0.000,0,480,0,0
6491,5.696,5.696,5.356,0.077,0.005,0.258,1,0.000,0.000,0.000,0,480,0,0
6492,5.328,5.328,4.991,0.090,0.004,0.243,1,0.000,0.000,0.000,0,480,0,0
6493,5.263,5.263,4.848,0.075,0.004,0.335,1,0.000,0.000,0.000,0,480,0,0
6494,4.728,4.728,4.415,0.075,0.003,0.234,1,0.000,0.000,0.000,0,480,0,0
6495,4.620,4.620,4.332,0.075,0.004,0.210,1,0.000,0.000,0.000,0,480,0,0
6496,4.692,4.692,4.355,0.076,0.003,0.258,1,0.000,0.000,0.000,0,480,0,0
6497,5.863,5.863,5.553,0.088,0.004,0.218,1,0.000,0.000,0.000,0,480,0,0
6498,5.252,5.252,4.920,0.076,0.004,0.252,1,0.000,0.000,0.000,0,480,0,0
6499,4.833,4.833,4.563,0.111,0.004,0.155,1,0.000,0.000,0.000,0,480,1,0
6500,4.604,4.604,4.384,0.076,0.004,0.140,1,0.000,0.000,0.000,0,480,0,0
6501,4.730,4.730,4.442,0.075,0.004,0.210,1,0.000,0.000,0.000,0,476,0,0
6502,4.801,4.801,4.455,0.074,0.004,0.268,1,0.000,0.000,0.000,0,476,0,0
6503,5.599,5.599,5.162,0.073,0.004,0.361,1,0.000,0.000,0.000,0,304,0,0
6504,4.943,4.943,4.515,0.074,0.004,0.351,1,0.000,0.000,0.000,0,304,0,0
6505,5.398,5.398,5.050,0.076,0.006,0.266,1,0.000,0.000,0.000,0,304,0,0
6506,5.032,5.032,4.685,0.073,0.005,0.269,1,0.000,0.000,0.000,0,304,0,0
6507,4.931,4.931,4.513,0.073,0.003,0.341,1,0.000,0.000,0.000,0,304,0,0
6508,4.830,4.830,4.477,0.073,0.005,0.275,1,0.000,0.000,0.000,0,304,0,0
6509,4.746,4.746,4.417,0.072,0.004,0.253,1,0.000,0.000,0.000,0,304,0,0
6510,5.633,5.633,5.231,0.074,0.006,0.321,1,0.000,0.000,0.000,0,304,0,0
6511,5.154,5.154,4.768,0.074,0.005,0.309,1,0.000,0.000,0.000,0,304,0,0
6512,5.331,5.331,4.990,0.073,0.005,0.263,1,0.000,0.000,0.000,0,304,0,0
6513,5.187,5.187,4.723,0.074,0.005,0.385,1,0.000,0.000,0.000,0,304,0,0
6514,4.619,4.619,4.269,0.072,0.004,0.275,1,0.000,0.000,0.000,0,304,0,0
6515,4.549,4.549,4.199,0.073,0.003,0.274,1,0.000,0.000,0.000,0,304,0,0
6516,4.791,4.791,4.351,0.073,0.004,0.364,1,0.000,0.000,0.000,0,304,0,0
6517,5.767,5.767,5.360,0.074,0.004,0.330,1,0.000,0.000,0.000,0,304,0,0
6518,4.649,4.649,4.248,0.072,0.004,0.324,1,0.000,0.000,0.000,0,304,0,0
6519,6.087,6.087,5.673,0.072,0.004,0.337,1,0.000,0.000,0.000,0,304,0,0
6520,5.330,5.330,4.984,0.078,0.007,0.261,1,0.000,0.000,0.000,0,304,0,0
6521,5.088,5.088,4.745,0.074,0.005,0.263,1,0.000,0.000,0.000,0,304,0,0
6522,4.764,4.764,4.356,0.074,0.003,0.330,1,0.000,0.000,0.000,0,304,0,0
6523,5.966,5.966,5.624,0.073,0.005,0.264,1,0.000,0.000,0.000,0,304,0,0
6524,5.116,5.116,4.779,0.073,0.004,0.259,1,0.000,0.000,0.000,0,304,0,0
6525,4.746,4.746,4.370,0.072,0.004,0.301,1,0.000,0.000,0.000,0,304,0,0
6526,4.729,4.729,4.422,0.077,0.004,0.226,1,0.000,0.000,0.000,0,304,0,0
6527,5.755,5.755,5.439,0.073,0.005,0.238,1,0.000,0.000,0.000,0,304,0,0
6528,6.247,6.247,5.941,0.073,0.005,0.227,1,0.000,0.000,0.000,0,304,0,0
6529,5.560,5.560,5.335,0.074,0.003,0.149,1,0.000,0.000,0.000,0,304,0,0
6530,5.011,5.011,4.749,0.075,0.006,0.180,1,0.000,0.000,0.000,0,304,0,0
6531,5.135,5.135,4.849,0.075,0.004,0.206,1,0.000,0.000,0.000,0,304,0,0
6532,4.931,4.931,4.605,0.075,0.005,0.246,1,0.000,0.000,0.000,0,304,0,0
6533,5.090,5.090,4.833,0.072,0.004,0.181,1,0.000,0.000,0.000,0,304,0,0
6534,5.379,5.379,5.071,0.072,0.005,0.231,1,0.000,0.000,0.000,0,304,0,0
6535,5.139,5.139,4.868,0.074,0.005,0.192,1,0.000,0.000,0.000,0,304,0,0
6536,5.768,5.768,5.508,0.072,0.004,0.184,1,0.000,0.000,0.000,0,304,0,0
6537,4.849,4.849,4.531,0.072,0.004,0.241,1,0.000,0.000,0.000,0,304,0,0
6538,5.173,5.173,4.900,0.075,0.005,0.193,1,0.000,0.000,0.000,0,304,0,0
6539,5.185,5.185,4.913,0.074,0.005,0.193,1,0.000,0.000,0.000,0,304,0,0
6540,4.655,4.655,4.379,0.074,0.004,0.199,1,0.000,0.000,0.000,0,304,0,0
6541,4.550,4.550,4.335,0.072,0.004,0.139,1,0.000,0.000,0.000,0,304,0,0
6542,4.980,4.980,4.624,0.075,0.004,0.276,1,0.000,0.000,0.000,0,304,0,0
6543,5.203,5.203,4.741,0.073,0.005,0.385,1,0.000,0.000,0.000,0,304,0,0
6544,5.689,5.689,5.329,0.074,0.005,0.282,1,0.000,0.000,0.000,0,304,0,0
6545,4.754,4.754,4.405,0.073,0.004,0.272,1,0.000,0.000,0.000,0,304,0,0
6546,4.903,4.903,4.438,0.072,0.004,0.389,1,0.000,0.000,0.000,0,304,0,0
6547,4.696,4.696,4.229,0.074,0.004,0.389,1,0.000,0.000,0.000,0,304,0,0
6548,4.473,4.473,4.078,0.072,0.004,0.319,1,0.000,0.000,0.000,0,304,0,0
6549,5.584,5.584,5.017,0.076,0.006,0.484,1,0.000,0.000,0.000,0,304,0,0
6550,5.929,5.929,5.459,0.072,0.004,0.393,1,0.000,0.000,0.000,0,304,0,0
6551,5.559,5.559,5.079,0.074,0.006,0.401,1,0.000,0.000,0.000,0,304,0,0
6552,5.599,5.599,4.989,0.074,0.004,0.532,1,0.000,0.000,0.000,0,304,0,0
6553,5.173,5.173,4.675,0.087,0.004,0.406,1,0.000,0.000,0.000,0,304,0,0
6554,5.194,5.194,4.696,0.073,0.004,0.421,1,0.000,0.000,0.000,0,304,0,0
6555,5.071,5.071,4.517,0.073,0.005,0.476,1,0.000,0.000,0.000,0,304,0,0
6556,4.860,4.860,4.426,0.072,0.004,0.358,1,0.000,0.000,0.000,0,304,0,0
6557,4.795,4.795,4.337,0.073,0.004,0.381,1,0.000,0.000,0.000,0,304,0,0
6558,4.681,4.681,4.167,0.072,0.004,0.438,1,0.000,0.000,0.000,0,304,0,0
6559,4.513,4.513,4.128,0.072,0.004,0.309,1,0.000,0.000,0.000,0,304,0,0
6560,4.422,4.422,4.037,0.071,0.004,0.309,1,0.000,0.000,0.000,0,304,0,0
6561,4.795,4.795,4.265,0.072,0.004,0.454,1,0.000,0.000,0.000,0,304,0,0
6562,5.206,5.206,4.812,0.072,0.004,0.317,1,0.000,0.000,0.000,0,304,0,0
6563,5.633,5.633,5.259,0.076,0.009,0.289,1,0.000,0.000,0.000,0,304,0,0
6564,4.803,4.803,4.389,0.073,0.004,0.336,1,0.000,0.000,0.000,0,304,0,0
6565,4.493,4.493,4.175,0.072,0.004,0.243,1,0.000,0.000,0.000,0,304,0,0
6566,5.307,5.307,4.979,0.073,0.005,0.250,1,0.000,0.000,0.000,0,304,0,0
6567,5.084,5.084,4.734,0.071,0.003,0.275,1,0.000,0.000,0.000,0,304,0,0
6568,5.304,5.304,4.999,0.075,0.007,0.223,1,0.000,0.000,0.000,0,304,0,0
6569,6.053,6.053,5.777,0.073,0.005,0.198,1,0.000,0.000,0.000,0,304,0,0
6570,5.273,5.273,4.939,0.079,0.003,0.252,1,0.000,0.000,0.000,0,304,0,0
6571,4.753,4.753,4.447,0.071,0.005,0.230,1,0.000,0.000,0.000,0,304,0,0
6572,4.565,4.565,4.242,0.072,0.005,0.246,1,0.000,0.000,0.000,0,304,0,0
6573,4.554,4.554,4.139,0.072,0.004,0.340,1,0.000,0.000,0.000,0,304,0,0
6574,4.440,4.440,4.132,0.072,0.004,0.233,1,0.000,0.000,0.000,0,304,0,0
6575,5.377,5.377,5.044,0.083,0.006,0.243,1,0.000,0.000,0.000,0,304,0,0
6576,5.648,5.648,5.220,0.073,0.004,0.351,1,0.000,0.000,0.000,0,304,0,0
6577,5.983,5.983,5.630,0.073,0.005,0.277,1,0.000,0.000,0.000,0,304,0,0
6578,5.397,5.397,5.047,0.074,0.006,0.270,1,0.000,0.000,0.000,0,304,0,0
6579,4.897,4.897,4.483,0.073,0.004,0.336,1,0.000,0.000,0.000,0,304,0,0
6580,4.509,4.509,4.178,0.073,0.003,0.255,1,0.000,0.000,0.000,0,304,0,0
6581,4.557,4.557,4.228,0.072,0.003,0.254,1,0.000,0.000,0.000,0,304,0,0
6582,4.548,4.548,4.125,0.072,0.004,0.347,1,0.000,0.000,0.000,0,304,0,0
6583,4.411,4.411,4.086,0.072,0.004,0.248,1,0.000,0.000,0.000,0,304,0,0
6584,4.329,4.329,4.026,0.072,0.004,0.227,1,0.000,0.000,0.000,0,304,0,0
6585,4.534,4.534,4.123,0.071,0.004,0.336,1,0.000,0.000,0.000,0,304,0,0
6586,5.485,5.485,5.119,0.074,0.005,0.287,1,0.000,0.000,0.000,0,304,0,0
6587,6.143,6.143,5.773,0.075,0.005,0.290,1,0.000,0.000,0.000,0,304,0,0
6588,5.885,5.885,5.351,0.074,0.006,0.454,1,0.000,0.000,0.000,0,304,0,0
6589,5.431,5.431,5.054,0.074,0.005,0.298,1,0.000,0.000,0.000,0,304,0,0
6590,4.602,4.602,4.234,0.072,0.005,0.291,1,0.000,0.000,0.000,0,304,0,0
6591,4.897,4.897,4.359,0.071,0.004,0.463,1,0.000,0.000,0.000,0,304,0,0
6592,4.542,4.542,4.128,0.072,0.004,0.338,1,0.000,0.000,0.000,0,304,0,0
6593,5.135,5.135,4.714,0.077,0.006,0.338,1,0.000,0.000,0.000,0,304,0,0
6594,5.377,5.377,4.869,0.073,0.004,0.431,1,0.000,0.000,0.000,0,304,0,0
6595,5.933,5.933,5.408,0.075,0.006,0.444,1,0.000,0.000,0.000,0,304,0,0
6596,6.220,6.220,5.778,0.072,0.004,0.366,1,0.000,0.000,0.000,0,304,0,0
6597,5.334,5.334,4.945,0.074,0.006,0.310,1,0.000,0.000,0.000,0,304,0,0
6598,4.664,4.664,4.295,0.072,0.003,0.294,1,0.000,0.000,0.000,0,304,0,0
6599,4.811,4.811,4.356,0.072,0.003,0.380,1,0.000,0.000,0.000,0,304,0,0
6600,4.591,4.591,4.196,0.072,0.004,0.319,1,0.000,0.000,0.000,0,304,0,0
6601,5.614,5.614,5.090,0.073,0.004,0.448,1,0.000,0.000,0.000,0,304,0,0
6602,5.041,5.041,4.262,0.072,0.005,0.702,1,0.000,0.000,0.000,0,304,0,0
6603,4.679,4.679,4.161,0.071,0.004,0.443,1,0.000,0.000,0.000,0,304,0,0
6604,4.576,4.576,4.066,0.071,0.004,0.435,1,0.000,0.000,0.000,0,304,0,0
6605,5.721,5.721,5.050,0.083,0.006,0.583,1,0.000,0.000,0.000,0,304,0,0
6606,5.331,5.331,4.776,0.078,0.004,0.473,1,0.000,0.000,0.000,0,304,0,0
6607,5.915,5.915,5.412,0.073,0.004,0.425,1,0.000,0.000,0.000,0,304,0,0
6608,5.232,5.232,4.599,0.073,0.005,0.555,1,0.000,0.000,0.000,0,304,0,0
6609,5.324,5.324,4.831,0.073,0.004,0.415,1,0.000,0.000,0.000,0,304,0,0
6610,4.749,4.749,4.262,0.072,0.003,0.412,1,0.000,0.000,0.000,0,304,0,0
6611,4.869,4.869,4.231,0.095,0.003,0.540,1,0.000,0.000,0.000,0,304,0,0
6612,4.728,4.728,4.235,0.072,0.003,0.418,1,0.000,0.000,0.000,0,304,0,0
6613,4.622,4.622,4.146,0.071,0.004,0.401,1,0.000,0.000,0.000,0,304,0,0
6614,4.612,4.612,4.084,0.072,0.004,0.453,1,0.000,0.000,0.000,0,304,0,0
6615,5.409,5.409,4.929,0.089,0.007,0.385,1,0.000,0.000,0.000,0,304,0,0
6616,5.687,5.687,5.293,0.072,0.005,0.317,1,0.000,0.000,0.000,0,304,0,0
6617,5.451,5.451,4.943,0.074,0.007,0.427,1,0.000,0.000,0.000,0,304,0,0
6618,4.808,4.808,4.441,0.074,0.004,0.289,1,0.000,0.000,0.000,0,304,0,0
6619,4.544,4.544,4.182,0.073,0.004,0.285,1,0.000,0.000,0.000,0,304,0,0
6620,4.577,4.577,4.214,0.072,0.004,0.288,1,0.000,0.000,0.000,0,304,0,0
6621,4.634,4.634,4.264,0.073,0.004,0.293,1,0.000,0.000,0.000,0,304,0,0
6622,4.399,4.399,4.066,0.072,0.004,0.257,1,0.000,0.000,0.000,0,304,0,0
6623,4.491,4.491,4.063,0.072,0.003,0.352,1,0.000,0.000,0.000,0,304,0,0
6624,4.406,4.406,4.059,0.072,0.003,0.271,1,0.000,0.000,0.000,0,304,0,0
6625,5.039,5.039,4.682,0.073,0.004,0.279,1,0.000,0.000,0.000,0,304,0,0
6626,5.002,5.002,4.537,0.082,0.005,0.378,1,0.000,0.000,0.000,0,304,0,0
6627,4.670,4.670,4.305,0.073,0.005,0.287,1,0.000,0.000,0.000,0,304,0,0
6628,4.506,4.506,4.133,0.092,0.004,0.277,1,0.000,0.000,0.000,0,304,0,0
6629,5.097,5.097,4.655,0.074,0.004,0.364,1,0.000,0.000,0.000,0,308,0,0
6630,4.655,4.655,4.261,0.075,0.004,0.315,1,0.000,0.000,0.000,0,308,0,0
6631,4.593,4.593,4.146,0.073,0.003,0.370,1,0.000,0.000,0.000,0,308,0,0
6632,5.532,5.532,4.895,0.077,0.007,0.553,1,0.000,0.000,0.000,0,308,0,0
6633,5.656,5.656,5.183,0.074,0.005,0.393,1,0.000,0.000,0.000,0,308,0,0
6634,5.054,5.054,4.580,0.075,0.005,0.394,1,0.000,0.000,0.000,0,308,0,0
6635,5.795,5.795,4.997,0.074,0.004,0.720,1,0.000,0.000,0.000,0,308,0,0
6636,5.439,5.439,4.903,0.076,0.005,0.455,1,0.000,0.000,0.000,0,308,0,0
6637,5.177,5.177,4.654,0.077,0.004,0.442,1,0.000,0.000,0.000,0,308,0,0
6638,5.046,5.046,4.492,0.073,0.006,0.475,1,0.000,0.000,0.000,0,308,0,0
6639,4.840,4.840,4.413,0.074,0.004,0.348,1,0.000,0.000,0.000,0,308,0,0
6640,7.437,7.437,6.998,0.076,0.005,0.357,1,0.000,0.000,0.000,0,332,0,0
6641,5.742,5.742,5.186,0.076,0.006,0.473,1,0.000,0.000,0.000,0,356,0,0
6642,4.872,4.872,4.425,0.075,0.005,0.368,1,0.000,0.000,0.000,0,380,0,0
6643,4.790,4.790,4.358,0.075,0.005,0.352,1,0.000,0.000,0.000,0,404,0,0
6644,5.016,5.016,4.381,0.074,0.004,0.556,1,0.000,0.000,0.000,0,424,0,0
6645,4.944,4.944,4.511,0.075,0.004,0.354,1,0.000,0.000,0.000,0,424,0,0
6646,4.782,4.782,4.331,0.075,0.003,0.373,1,0.000,0.000,0.000,0,424,0,0
6647,4.684,4.684,4.209,0.074,0.004,0.397,1,0.000,0.000,0.000,0,424,0,0
6648,7.652,7.652,7.257,0.080,0.007,0.307,1,0.000,0.000,0.000,0,424,0,0
6649,5.338,5.338,4.961,0.078,0.004,0.295,1,0.000,0.000,0.000,0,424,0,0
6650,6.044,6.044,5.563,0.080,0.006,0.396,1,0.000,0.000,0.000,0,424,0,0
6651,5.272,5.272,4.796,0.076,0.005,0.394,1,0.000,0.000,0.000,0,424,0,0
6652,4.797,4.797,4.386,0.076,0.004,0.331,1,0.000,0.000,0.000,0,424,0,0
6653,5.691,5.691,5.082,0.075,0.004,0.531,1,0.000,0.000,0.000,0,424,0,0
6654,4.723,4.723,4.308,0.076,0.003,0.336,1,0.000,0.000,0.000,0,424,0,0
6655,4.592,4.592,4.174,0.075,0.003,0.340,1,0.000,0.000,0.000,0,424,0,0
6656,4.785,4.785,4.275,0.074,0.003,0.432,1,0.000,0.000,0.000,0,424,0,0
6657,4.675,4.675,4.254,0.075,0.004,0.343,1,0.000,0.000,0.000,0,424,0,0
6658,4.570,4.570,4.175,0.074,0.003,0.318,1,0.000,0.000,0.000,0,424,0,0
6659,5.067,5.067,4.603,0.078,0.004,0.383,1,0.000,0.000,0.000,0,424,0,0
6660,4.808,4.808,4.414,0.075,0.004,0.316,1,0.000,0.000,0.000,0,424,0,0
6661,4.591,4.591,4.210,0.074,0.004,0.303,1,0.000,0.000,0.000,0,424,0,0
6662,4.681,4.681,4.203,0.075,0.004,0.399,1,0.000,0.000,0.000,0,424,0,0
6663,4.584,4.584,4.217,0.074,0.004,0.289,1,0.000,0.000,0.000,0,424,0,0
6664,4.460,4.460,4.073,0.074,0.003,0.309,1,0.000,0.000,0.000,0,424,0,0
6665,4.849,4.849,4.360,0.076,0.003,0.411,1,0.000,0.000,0.000,0,424,0,0
6666,5.334,5.334,4.927,0.080,0.006,0.321,1,0.000,0.000,0.000,0,424,0,0
6667,4.877,4.877,4.588,0.076,0.005,0.209,1,0.000,0.000,0.000,0,424,0,0
6668,5.858,5.858,5.431,0.076,0.005,0.346,1,0.000,0.000,0.000,0,424,0,0
6669,6.660,6.660,6.323,0.077,0.005,0.255,1,0.000,0.000,0.000,0,424,0,0
6670,5.779,5.779,5.418,0.078,0.006,0.277,1,0.000,0.000,0.000,0,424,0,0
6671,5.628,5.628,5.178,0.077,0.005,0.368,1,0.000,0.000,0.000,0,424,0,0
6672,4.744,4.744,4.361,0.075,0.004,0.303,1,0.000,0.000,0.000,0,424,0,0
6673,5.603,5.603,5.266,0.079,0.004,0.253,1,0.000,0.000,0.000,0,424,0,0
6674,5.093,5.093,4.692,0.077,0.005,0.319,1,0.000,0.000,0.000,0,424,0,0
6675,5.530,5.530,5.191,0.076,0.005,0.260,1,0.000,0.000,0.000,0,424,0,0
6676,5.028,5.028,4.695,0.076,0.005,0.252,1,0.000,0.000,0.000,0,424,0,0
6677,4.962,4.962,4.543,0.076,0.004,0.340,1,0.000,0.000,0.000,0,420,0,0
6678,4.585,4.585,4.270,0.076,0.004,0.235,1,0.000,0.000,0.000,0,420,0,0
6679,4.697,4.697,4.384,0.073,0.003,0.236,1,0.000,0.000,0.000,0,304,0,0
6680,5.920,5.920,5.460,0.076,0.006,0.379,1,0.000,0.000,0.000,0,304,0,0
6681,5.187,5.187,4.793,0.074,0.005,0.315,1,0.000,0.000,0.000,0,304,0,0
6682,4.857,4.857,4.460,0.072,0.004,0.321,1,0.000,0.000,0.000,0,304,0,0
6683,4.818,4.818,4.308,0.072,0.004,0.433,1,0.000,0.000,0.000,0,304,0,0
6684,5.243,5.243,4.842,0.072,0.004,0.326,1,0.000,0.000,0.000,0,304,0,0
6685,5.700,5.700,5.268,0.074,0.006,0.352,1,0.000,0.000,0.000,0,304,0,0
6686,5.910,5.910,5.437,0.106,0.005,0.361,1,0.000,0.000,0.000,0,304,0,0
6687,6.265,6.265,5.941,0.075,0.003,0.245,1,0.000,0.000,0.000,0,304,0,0
6688,5.237,5.237,4.917,0.073,0.004,0.243,1,0.000,0.000,0.000,0,304,0,0
6689,5.625,5.625,5.195,0.074,0.007,0.349,1,0.000,0.000,0.000,0,304,0,0
6690,4.888,4.888,4.542,0.073,0.004,0.268,1,0.000,0.000,0.000,0,304,0,0
6691,4.629,4.629,4.275,0.072,0.005,0.277,1,0.000,0.000,0.000,0,304,0,0
6692,5.182,5.182,4.628,0.071,0.004,0.478,1,0.000,0.000,0.000,0,304,0,0
6693,4.986,4.986,4.614,0.075,0.004,0.292,1,0.000,0.000,0.000,0,304,0,0
6694,4.822,4.822,4.416,0.072,0.005,0.329,1,0.000,0.000,0.000,0,304,0,0
6695,4.853,4.853,4.343,0.072,0.004,0.434,1,0.000,0.000,0.000,0,304,0,0
6696,4.825,4.825,4.441,0.072,0.004,0.308,1,0.000,0.000,0.000,0,304,0,0
6697,4.882,4.882,4.371,0.072,0.004,0.435,1,0.000,0.000,0.000,0,304,0,0
6698,4.571,4.571,4.140,0.073,0.004,0.354,1,0.000,0.000,0.000,0,304,0,0
6699,5.348,5.348,4.901,0.074,0.005,0.368,1,0.000,0.000,0.000,0,304,0,0
6700,5.802,5.802,5.240,0.072,0.005,0.485,1,0.000,0.000,0.000,0,304,0,0
6701,4.989,4.989,4.543,0.073,0.004,0.370,1,0.000,0.000,0.000,0,304,0,0
6702,5.794,5.794,5.355,0.073,0.006,0.361,1,0.000,0.000,0.000,0,304,0,0
6703,5.445,5.445,4.878,0.074,0.005,0.488,1,0.000,0.000,0.000,0,304,0,0
6704,5.681,5.681,5.261,0.075,0.005,0.340,1,0.000,0.000,0.000,0,304,0,0
6705,5.419,5.419,4.971,0.073,0.005,0.370,1,0.000,0.000,0.000,0,304,0,0
6706,7.219,7.219,6.686,0.074,0.004,0.454,1,0.000,0.000,0.000,0,304,0,0
6707,5.106,5.106,4.670,0.075,0.007,0.355,1,0.000,0.000,0.000,0,304,0,0
6708,4.757,4.757,4.357,0.072,0.005,0.323,1,0.000,0.000,0.000,0,304,0,0
6709,4.711,4.711,4.211,0.071,0.004,0.425,1,0.000,0.000,0.000,0,304,0,0
6710,4.774,4.774,4.279,0.071,0.004,0.421,1,0.000,0.000,0.000,0,304,0,0
6711,4.564,4.564,4.117,0.072,0.004,0.372,1,0.000,0.000,0.000,0,304,0,0
6712,5.994,5.994,5.430,0.073,0.005,0.486,1,0.000,0.000,0.000,0,304,0,0
6713,4.593,4.593,4.149,0.072,0.004,0.368,1,0.000,0.000,0.000,0,304,0,0
6714,4.568,4.568,4.125,0.072,0.004,0.368,1,0.000,0.000,0.000,0,304,0,0
6715,5.653,5.653,5.053,0.100,0.005,0.494,1,0.000,0.000,0.000,0,304,0,0
6716,5.334,5.334,4.950,0.077,0.003,0.304,1,0.000,0.000,0.000,0,304,0,0
6717,5.236,5.236,4.836,0.073,0.006,0.321,1,0.000,0.000,0.000,0,304,0,0
6718,4.810,4.810,4.330,0.073,0.004,0.403,1,0.000,0.000,0.000,0,304,0,0
6719,5.389,5.389,4.971,0.075,0.005,0.338,1,0.000,0.000,0.000,0,304,0,0
6720,5.138,5.138,4.681,0.073,0.006,0.378,1,0.000,0.000,0.000,0,304,0,0
6721,4.975,4.975,4.338,0.072,0.004,0.561,1,0.000,0.000,0.000,0,304,0,0
6722,5.256,5.256,4.781,0.073,0.004,0.398,1,0.000,0.000,0.000,0,304,0,0
6723,5.014,5.014,4.539,0.073,0.004,0.398,1,0.000,0.000,0.000,0,304,0,0
6724,4.927,4.927,4.322,0.072,0.003,0.530,1,0.000,0.000,0.000,0,304,0,0
6725,7.059,7.059,6.524,0.073,0.006,0.456,1,0.000,0.000,0.000,0,304,0,0
6726,5.793,5.793,5.336,0.074,0.006,0.376,1,0.000,0.000,0.000,0,304,0,0
6727,4.887,4.887,4.318,0.073,0.005,0.492,1,0.000,0.000,0.000,0,304,0,0
6728,4.728,4.728,4.281,0.073,0.003,0.371,1,0.000,0.000,0.000,0,304,0,0
6729,4.564,4.564,4.119,0.071,0.003,0.370,1,0.000,0.000,0.000,0,304,0,0
6730,5.065,5.065,4.474,0.079,0.006,0.506,1,0.000,0.000,0.000,0,304,0,0
6731,7.198,7.198,6.724,0.075,0.005,0.394,1,0.000,0.000,0.000,0,304,0,0
6732,4.951,4.951,4.466,0.074,0.005,0.406,1,0.000,0.000,0.000,0,304,0,0
6733,4.816,4.816,4.284,0.073,0.005,0.455,1,0.000,0.000,0.000,0,304,0,0
6734,5.220,5.220,4.798,0.073,0.009,0.340,1,0.000,0.000,0.000,0,304,0,0
6735,6.062,6.062,5.641,0.075,0.005,0.341,1,0.000,0.000,0.000,0,304,0,0
6736,5.731,5.731,5.197,0.074,0.006,0.455,1,0.000,0.000,0.000,0,304,0,0
6737,5.673,5.673,5.253,0.074,0.006,0.339,1,0.000,0.000,0.000,0,304,0,0
6738,4.691,4.691,4.298,0.073,0.004,0.315,1,0.000,0.000,0.000,0,304,0,0
6739,4.845,4.845,4.411,0.073,0.004,0.358,1,0.000,0.000,0.000,0,304,0,0
6740,4.606,4.606,4.161,0.073,0.003,0.369,1,0.000,0.000,0.000,0,304,0,0
6741,4.630,4.630,4.211,0.085,0.004,0.330,1,0.000,0.000,0.000,0,304,0,0
6742,4.805,4.805,4.205,0.072,0.004,0.523,1,0.000,0.000,0.000,0,304,0,0
6743,4.503,4.503,4.106,0.072,0.003,0.323,1,0.000,0.000,0.000,0,304,0,0
6744,5.650,5.650,5.260,0.072,0.004,0.313,1,0.000,0.000,0.000,0,304,0,0
6745,5.953,5.953,5.454,0.074,0.007,0.417,1,0.000,0.000,0.000,0,304,0,0
6746,5.430,5.430,5.043,0.072,0.005,0.311,1,0.000,0.000,0.000,0,304,0,0
6747,5.139,5.139,4.750,0.073,0.004,0.312,1,0.000,0.000,0.000,0,304,0,0
6748,4.801,4.801,4.322,0.075,0.004,0.401,1,0.000,0.000,0.000,0,304,0,0
6749,4.680,4.680,4.316,0.072,0.004,0.289,1,0.000,0.000,0.000,0,304,0,0
6750,4.543,4.543,4.142,0.072,0.004,0.325,1,0.000,0.000,0.000,0,304,0,0
6751,4.719,4.719,4.196,0.071,0.003,0.448,1,0.000,0.000,0.000,0,304,0,0
6752,4.465,4.465,4.071,0.072,0.004,0.318,1,0.000,0.000,0.000,0,304,0,0
6753,4.465,4.465,4.087,0.072,0.003,0.303,1,0.000,0.000,0.000,0,304,0,0
6754,4.698,4.698,4.224,0.071,0.004,0.400,1,0.000,0.000,0.000,0,304,0,0
6755,5.949,5.949,5.235,0.071,0.003,0.639,1,0.000,0.000,0.000,0,304,0,0
6756,5.684,5.684,5.306,0.075,0.007,0.295,1,0.000,0.000,0.000,0,304,0,0
6757,5.940,5.940,5.490,0.073,0.005,0.372,1,0.000,0.000,0.000,0,304,0,0
6758,5.201,5.201,4.839,0.074,0.006,0.281,1,0.000,0.000,0.000,0,304,0,0
6759,4.617,4.617,4.274,0.072,0.004,0.267,1,0.000,0.000,0.000,0,304,0,0
6760,5.378,5.378,4.944,0.074,0.004,0.356,1,0.000,0.000,0.000,0,304,0,0
6761,5.131,5.131,4.763,0.073,0.006,0.289,1,0.000,0.000,0.000,0,304,0,0
6762,4.637,4.637,4.310,0.072,0.005,0.250,1,0.000,0.000,0.000,0,304,0,0
6763,4.805,4.805,4.420,0.073,0.004,0.307,1,0.000,0.000,0.000,0,304,0,0
6764,4.805,4.805,4.483,0.072,0.005,0.244,1,0.000,0.000,0.000,0,304,0,0
6765,4.642,4.642,4.336,0.075,0.004,0.227,1,0.000,0.000,0.000,0,304,0,0
6766,4.516,4.516,4.169,0.071,0.004,0.272,1,0.000,0.000,0.000,0,304,0,0
6767,4.469,4.469,4.197,0.072,0.004,0.197,1,0.000,0.000,0.000,0,304,0,0
6768,5.046,5.046,4.758,0.078,0.005,0.205,1,0.000,0.000,0.000,0,304,0,0
6769,4.922,4.922,4.535,0.071,0.005,0.312,1,0.000,0.000,0.000,0,304,0,0
6770,4.597,4.597,4.212,0.116,0.004,0.265,1,0.000,0.000,0.000,0,304,1,0
6771,4.644,4.644,4.281,0.073,0.004,0.285,1,0.000,0.000,0.000,0,304,0,0
6772,4.490,4.490,4.112,0.072,0.004,0.303,1,0.000,0.000,0.000,0,304,0,0
6773,4.345,4.345,4.045,0.072,0.004,0.224,1,0.000,0.000,0.000,0,304,0,0
6774,4.641,4.641,4.337,0.073,0.004,0.227,1,0.000,0.000,0.000,0,304,0,0
6775,5.042,5.042,4.665,0.077,0.003,0.297,1,0.000,0.000,0.000,0,304,0,0
6776,4.603,4.603,4.294,0.074,0.004,0.230,1,0.000,0.000,0.000,0,304,0,0
6777,4.392,4.392,4.096,0.072,0.004,0.220,1,0.000,0.000,0.000,0,304,0,0
6778,6.403,6.403,6.039,0.074,0.007,0.282,1,0.000,0.000,0.000,0,304,0,0
6779,5.253,5.253,4.914,0.074,0.004,0.261,1,0.000,0.000,0.000,0,304,0,0
6780,4.616,4.616,4.221,0.072,0.004,0.319,1,0.000,0.000,0.000,0,304,0,0
6781,4.754,4.754,4.262,0.072,0.003,0.417,1,0.000,0.000,0.000,0,304,0,0
6782,4.494,4.494,4.117,0.072,0.004,0.301,1,0.000,0.000,0.000,0,304,0,0
6783,4.492,4.492,4.116,0.072,0.004,0.300,1,0.000,0.000,0.000,0,304,0,0
6784,5.155,5.155,4.582,0.082,0.005,0.486,1,0.000,0.000,0.000,0,304,0,0
6785,4.770,4.770,4.313,0.072,0.005,0.379,1,0.000,0.000,0.000,0,304,0,0
6786,4.732,4.732,4.330,0.073,0.004,0.324,1,0.000,0.000,0.000,0,304,0,0
6787,4.604,4.604,4.111,0.072,0.003,0.417,1,0.000,0.000,0.000,0,304,0,0
6788,5.129,5.129,4.723,0.076,0.006,0.324,1,0.000,0.000,0.000,0,304,0,0
6789,5.634,5.634,5.241,0.073,0.006,0.315,1,0.000,0.000,0.000,0,304,0,0
6790,5.293,5.293,4.777,0.073,0.005,0.438,1,0.000,0.000,0.000,0,304,0,0
6791,5.255,5.255,4.856,0.073,0.004,0.322,1,0.000,0.000,0.000,0,304,0,0
6792,4.582,4.582,4.219,0.072,0.004,0.287,1,0.000,0.000,0.000,0,304,0,0
6793,4.734,4.734,4.278,0.073,0.004,0.379,1,0.000,0.000,0.000,0,304,0,0
6794,4.674,4.674,4.258,0.071,0.004,0.341,1,0.000,0.000,0.000,0,304,0,0
6795,5.580,5.580,5.202,0.075,0.006,0.297,1,0.000,0.000,0.000,0,304,0,0
6796,6.694,6.694,6.234,0.073,0.005,0.382,1,0.000,0.000,0.000,0,304,0,0
6797,5.640,5.640,5.278,0.079,0.004,0.279,1,0.000,0.000,0.000,0,304,0,0
6798,5.394,5.394,4.900,0.073,0.007,0.413,1,0.000,0.000,0.000,0,304,0,0
6799,4.951,4.951,4.516,0.073,0.004,0.358,1,0.000,0.000,0.000,0,304,0,0
6800,5.668,5.668,5.217,0.076,0.004,0.371,1,0.000,0.000,0.000,0,304,0,0
6801,5.069,5.069,4.558,0.072,0.005,0.434,1,0.000,0.000,0.000,0,304,0,0
6802,5.092,5.092,4.744,0.073,0.004,0.271,1,0.000,0.000,0.000,0,304,0,0
6803,4.430,4.430,4.109,0.072,0.003,0.246,1,0.000,0.000,0.000,0,304,0,0
6804,5.922,5.922,5.538,0.075,0.005,0.304,1,0.000,0.000,0.000,0,304,0,0
6805,5.483,5.483,5.135,0.091,0.008,0.248,1,0.000,0.000,0.000,0,304,0,0
6806,5.293,5.293,4.979,0.086,0.005,0.223,1,0.000,0.000,0.000,0,304,0,0
6807,4.707,4.707,4.340,0.073,0.004,0.291,1,0.000,0.000,0.000,0,304,0,0
6808,4.510,4.510,4.193,0.072,0.005,0.241,1,0.000,0.000,0.000,0,304,0,0
6809,5.637,5.637,5.273,0.074,0.006,0.284,1,0.000,0.000,0.000,0,304,0,0
6810,5.174,5.174,4.694,0.073,0.004,0.402,1,0.000,0.000,0.000,0,304,0,0
6811,5.440,5.440,5.039,0.074,0.005,0.322,1,0.000,0.000,0.000,0,304,0,0
6812,4.829,4.829,4.415,0.073,0.004,0.337,1,0.000,0.000,0.000,0,304,0,0
6813,4.826,4.826,4.324,0.071,0.004,0.427,1,0.000,0.000,0.000,0,304,0,0
6814,4.801,4.801,4.345,0.072,0.005,0.380,1,0.000,0.000,0.000,0,304,0,0
6815,4.823,4.823,4.340,0.086,0.005,0.392,1,0.000,0.000,0.000,0,304,0,0
6816,4.738,4.738,4.132,0.072,0.004,0.530,1,0.000,0.000,0.000,0,304,0,0
6817,5.653,5.653,5.181,0.072,0.004,0.396,1,0.000,0.000,0.000,0,304,0,0
6818,4.581,4.581,4.111,0.071,0.004,0.394,1,0.000,0.000,0.000,0,304,0,0
6819,5.451,5.451,4.829,0.077,0.006,0.538,1,0.000,0.000,0.000,0,304,0,0
6820,5.534,5.534,5.038,0.075,0.005,0.416,1,0.000,0.000,0.000,0,308,0,0
6821,4.742,4.742,4.283,0.073,0.004,0.382,1,0.000,0.000,0.000,0,308,0,0
6822,4.746,4.746,4.191,0.074,0.004,0.477,1,0.000,0.000,0.000,0,308,0,0
6823,5.055,5.055,4.618,0.073,0.005,0.359,1,0.000,0.000,0.000,0,308,0,0
6824,4.998,4.998,4.508,0.079,0.004,0.408,1,0.000,0.000,0.000,0,308,0,0
6825,5.104,5.104,4.556,0.075,0.005,0.468,1,0.000,0.000,0.000,0,308,0,0
6826,4.547,4.547,4.147,0.073,0.004,0.323,1,0.000,0.000,0.000,0,308,0,0
6827,4.502,4.502,4.113,0.074,0.003,0.312,1,0.000,0.000,0.000,0,308,0,0
6828,4.615,4.615,4.124,0.073,0.004,0.415,1,0.000,0.000,0.000,0,308,0,0
6829,4.949,4.949,4.378,0.072,0.004,0.495,1,0.000,0.000,0.000,0,308,0,0
6830,6.132,6.132,5.657,0.074,0.006,0.395,1,0.000,0.000,0.000,0,308,0,0
6831,5.374,5.374,4.787,0.075,0.005,0.507,1,0.000,0.000,0.000,0,332,0,0
6832,5.940,5.940,5.471,0.076,0.005,0.389,1,0.000,0.000,0.000,0,356,0,0
6833,4.856,4.856,4.445,0.075,0.004,0.331,1,0.000,0.000,0.000,0,380,0,0
6834,5.001,5.001,4.498,0.076,0.004,0.423,1,0.000,0.000,0.000,0,404,0,0
6835,5.642,5.642,5.213,0.076,0.007,0.345,1,0.000,0.000,0.000,0,416,0,0
6836,4.892,4.892,4.490,0.075,0.004,0.323,1,0.000,0.000,0.000,0,416,0,0
6837,4.919,4.919,4.394,0.076,0.004,0.445,1,0.000,0.000,0.000,0,416,0,0
6838,5.353,5.353,4.877,0.076,0.005,0.395,1,0.000,0.000,0.000,0,416,0,0
6839,5.488,5.488,5.000,0.078,0.004,0.406,1,0.000,0.000,0.000,0,416,0,0
6840,5.117,5.117,4.462,0.075,0.004,0.576,1,0.000,0.000,0.000,0,416,0,0
6841,4.766,4.766,4.256,0.076,0.005,0.430,1,0.000,0.000,0.000,0,416,0,0
6842,4.854,4.854,4.332,0.076,0.004,0.441,1,0.000,0.000,0.000,0,416,0,0
6843,6.249,6.249,5.582,0.074,0.004,0.589,1,0.000,0.000,0.000,0,416,0,0
6844,5.595,5.595,5.027,0.075,0.004,0.489,1,0.000,0.000,0.000,0,416,0,0
6845,5.542,5.542,5.078,0.076,0.005,0.383,1,0.000,0.000,0.000,0,416,0,0
6846,5.301,5.301,4.733,0.076,0.004,0.488,1,0.000,0.000,0.000,0,416,0,0
6847,4.998,4.998,4.546,0.075,0.004,0.373,1,0.000,0.000,0.000,0,416,0,0
6848,4.666,4.666,4.219,0.074,0.004,0.369,1,0.000,0.000,0.000,0,416,0,0
6849,5.792,5.792,5.211,0.083,0.008,0.491,1,0.000,0.000,0.000,0,416,0,0
6850,5.190,5.190,4.762,0.075,0.004,0.349,1,0.000,0.000,0.000,0,416,0,0
6851,5.022,5.022,4.592,0.076,0.005,0.349,1,0.000,0.000,0.000,0,416,0,0
6852,5.427,5.427,4.938,0.076,0.004,0.409,1,0.000,0.000,0.000,0,416,0,0
6853,7.252,7.252,6.786,0.081,0.006,0.379,1,0.000,0.000,0.000,0,416,0,0
6854,5.281,5.281,4.845,0.078,0.007,0.351,1,0.000,0.000,0.000,0,416,0,0
6855,5.942,5.942,5.445,0.076,0.004,0.417,1,0.000,0.000,0.000,0,416,0,0
6856,5.135,5.135,4.799,0.077,0.005,0.254,1,0.000,0.000,0.000,0,416,0,0
6857,4.609,4.609,4.296,0.076,0.004,0.233,1,0.000,0.000,0.000,0,416,0,0
6858,4.815,4.815,4.426,0.075,0.004,0.311,1,0.000,0.000,0.000,0,416,0,0
6859,4.672,4.672,4.268,0.075,0.004,0.324,1,0.000,0.000,0.000,0,416,0,0
6860,4.574,4.574,4.194,0.074,0.005,0.301,1,0.000,0.000,0.000,0,416,0,0
6861,4.841,4.841,4.379,0.075,0.003,0.384,1,0.000,0.000,0.000,0,416,0,0
6862,6.266,6.266,5.859,0.082,0.005,0.320,1,0.000,0.000,0.000,0,416,0,0
6863,5.900,5.900,5.508,0.079,0.006,0.308,1,0.000,0.000,0.000,0,416,0,0
6864,5.659,5.659,5.167,0.077,0.005,0.410,1,0.000,0.000,0.000,0,416,0,0
6865,5.189,5.189,4.784,0.076,0.007,0.323,1,0.000,0.000,0.000,0,416,0,0
6866,4.729,4.729,4.357,0.075,0.005,0.293,1,0.000,0.000,0.000,0,416,0,0
6867,5.898,5.898,5.413,0.075,0.005,0.404,1,0.000,0.000,0.000,0,416,0,0
6868,6.029,6.029,5.634,0.074,0.005,0.316,1,0.000,0.000,0.000,0,412,0,0
6869,5.327,5.327,4.894,0.073,0.004,0.355,1,0.000,0.000,0.000,0,412,0,0
6870,5.771,5.771,5.136,0.074,0.006,0.555,1,0.000,0.000,0.000,0,304,0,0
6871,5.680,5.680,5.159,0.074,0.005,0.443,1,0.000,0.000,0.000,0,304,0,0
6872,5.008,5.008,4.503,0.074,0.004,0.427,1,0.000,0.000,0.000,0,304,0,0
6873,5.209,5.209,4.559,0.072,0.004,0.574,1,0.000,0.000,0.000,0,304,0,0
6874,6.625,6.625,6.059,0.074,0.005,0.486,1,0.000,0.000,0.000,0,304,0,0
6875,5.702,5.702,5.184,0.074,0.006,0.438,1,0.000,0.000,0.000,0,304,0,0
6876,6.176,6.176,5.511,0.075,0.006,0.584,1,0.000,0.000,0.000,0,304,0,0
6877,5.637,5.637,5.167,0.074,0.005,0.390,1,0.000,0.000,0.000,0,304,0,0
6878,4.803,4.803,4.342,0.073,0.005,0.384,1,0.000,0.000,0.000,0,304,0,0
6879,4.990,4.990,4.404,0.073,0.004,0.509,1,0.000,0.000,0.000,0,304,0,0
6880,5.439,5.439,4.952,0.084,0.006,0.396,1,0.000,0.000,0.000,0,304,0,0
6881,6.211,6.211,5.786,0.076,0.005,0.344,1,0.000,0.000,0.000,0,304,0,0
6882,5.485,5.485,4.935,0.094,0.007,0.450,1,0.000,0.000,0.000,0,304,0,0
6883,4.903,4.903,4.501,0.073,0.004,0.325,1,0.000,0.000,0.000,0,304,0,0
6884,4.838,4.838,4.406,0.073,0.005,0.354,1,0.000,0.000,0.000,0,304,0,0
6885,4.798,4.798,4.287,0.073,0.003,0.435,1,0.000,0.000,0.000,0,304,0,0
6886,4.653,4.653,4.282,0.072,0.004,0.295,1,0.000,0.000,0.000,0,304,0,0
6887,4.477,4.477,4.123,0.072,0.004,0.279,1,0.000,0.000,0.000,0,304,0,0
6888,4.757,4.757,4.284,0.072,0.004,0.398,1,0.000,0.000,0.000,0,304,0,0
6889,4.552,4.552,4.138,0.071,0.004,0.340,1,0.000,0.000,0.000,0,304,0,0
6890,5.646,5.646,5.228,0.074,0.006,0.339,1,0.000,0.000,0.000,0,304,0,0
6891,5.948,5.948,5.480,0.076,0.005,0.387,1,0.000,0.000,0.000,0,304,0,0
6892,5.429,5.429,5.039,0.074,0.006,0.309,1,0.000,0.000,0.000,0,304,0,0
6893,6.330,6.330,5.961,0.073,0.005,0.290,1,0.000,0.000,0.000,0,304,0,0
6894,5.489,5.489,4.996,0.073,0.007,0.413,1,0.000,0.000,0.000,0,304,0,0
6895,5.376,5.376,4.997,0.072,0.004,0.303,1,0.000,0.000,0.000,0,304,0,0
6896,4.774,4.774,4.326,0.072,0.004,0.371,1,0.000,0.000,0.000,0,304,0,0
6897,5.372,5.372,5.010,0.073,0.004,0.284,1,0.000,0.000,0.000,0,304,0,0
6898,4.873,4.873,4.516,0.072,0.004,0.282,1,0.000,0.000,0.000,0,304,0,0
6899,6.231,6.231,5.671,0.098,0.006,0.456,1,0.000,0.000,0.000,0,304,0,0
6900,5.426,5.426,5.008,0.081,0.006,0.332,1,0.000,0.000,0.000,0,304,0,0
6901,4.926,4.926,4.497,0.074,0.005,0.350,1,0.000,0.000,0.000,0,304,0,0
6902,4.807,4.807,4.295,0.071,0.003,0.437,1,0.000,0.000,0.000,0,304,0,0
6903,4.805,4.805,4.369,0.073,0.004,0.359,1,0.000,0.000,0.000,0,304,0,0
6904,5.234,5.234,4.813,0.076,0.005,0.340,1,0.000,0.000,0.000,0,304,0,0
6905,5.001,5.001,4.488,0.075,0.003,0.435,1,0.000,0.000,0.000,0,304,0,0
6906,5.590,5.590,5.177,0.073,0.004,0.337,1,0.000,0.000,0.000,0,304,0,0
6907,5.190,5.190,4.769,0.072,0.005,0.345,1,0.000,0.000,0.000,0,304,0,0
6908,5.121,5.121,4.564,0.072,0.004,0.480,1,0.000,0.000,0.000,0,304,0,0
6909,5.425,5.425,4.974,0.077,0.005,0.369,1,0.000,0.000,0.000,0,304,0,0
6910,6.251,6.251,5.842,0.073,0.004,0.333,1,0.000,0.000,0.000,0,304,0,0
6911,5.682,5.682,5.145,0.074,0.008,0.455,1,0.000,0.000,0.000,0,304,0,0
6912,4.954,4.954,4.543,0.073,0.005,0.333,1,0.000,0.000,0.000,0,304,0,0
6913,4.739,4.739,4.337,0.073,0.005,0.324,1,0.000,0.000,0.000,0,304,0,0
6914,4.798,4.798,4.287,0.073,0.004,0.434,1,0.000,0.000,0.000,0,304,0,0
6915,4.629,4.629,4.222,0.072,0.004,0.331,1,0.000,0.000,0.000,0,304,0,0
6916,4.534,4.534,4.149,0.071,0.004,0.310,1,0.000,0.000,0.000,0,304,0,0
6917,5.647,5.647,5.155,0.074,0.006,0.412,1,0.000,0.000,0.000,0,304,0,0
6918,6.469,6.469,6.009,0.076,0.006,0.377,1,0.000,0.000,0.000,0,304,0,0
6919,5.409,5.409,4.994,0.074,0.004,0.337,1,0.000,0.000,0.000,0,304,0,0
6920,5.536,5.536,5.036,0.083,0.006,0.411,1,0.000,0.000,0.000,0,304,0,0
6921,4.819,4.819,4.454,0.075,0.004,0.286,1,0.000,0.000,0.000,0,304,0,0
6922,4.676,4.676,4.240,0.072,0.004,0.360,1,0.000,0.000,0.000,0,304,0,0
6923,4.643,4.643,4.246,0.071,0.004,0.322,1,0.000,0.000,0.000,0,304,0,0
6924,5.524,5.524,5.139,0.072,0.004,0.308,1,0.000,0.000,0.000,0,304,0,0
6925,4.632,4.632,4.308,0.071,0.004,0.248,1,0.000,0.000,0.000,0,304,0,0
6926,4.572,4.572,4.191,0.072,0.004,0.306,1,0.000,0.000,0.000,0,304,0,0
6927,4.502,4.502,4.184,0.071,0.004,0.243,1,0.000,0.000,0.000,0,304,0,0
6928,5.551,5.551,5.195,0.074,0.005,0.277,1,0.000,0.000,0.000,0,304,0,0
6929,5.313,5.313,4.852,0.072,0.004,0.385,1,0.000,0.000,0.000,0,304,0,0
6930,5.556,5.556,5.149,0.075,0.006,0.326,1,0.000,0.000,0.000,0,304,0,0
6931,5.502,5.502,5.141,0.074,0.006,0.281,1,0.000,0.000,0.000,0,304,0,0
6932,4.810,4.810,4.360,0.073,0.004,0.373,1,0.000,0.000,0.000,0,304,0,0
6933,5.460,5.460,5.032,0.072,0.005,0.351,1,0.000,0.000,0.000,0,304,0,0
6934,4.737,4.737,4.351,0.071,0.004,0.311,1,0.000,0.000,0.000,0,304,0,0
6935,4.870,4.870,4.303,0.072,0.004,0.491,1,0.000,0.000,0.000,0,304,0,0
6936,4.562,4.562,4.128,0.071,0.004,0.359,1,0.000,0.000,0.000,0,304,0,0
6937,4.588,4.588,4.154,0.071,0.003,0.360,1,0.000,0.000,0.000,0,304,0,0
6938,4.752,4.752,4.194,0.072,0.003,0.481,1,0.000,0.000,0.000,0,304,0,0
6939,5.936,5.936,5.364,0.076,0.008,0.488,1,0.000,0.000,0.000,0,304,0,0
6940,5.336,5.336,4.862,0.074,0.006,0.394,1,0.000,0.000,0.000,0,304,0,0
6941,4.943,4.943,4.382,0.073,0.005,0.483,1,0.000,0.000,0.000,0,304,0,0
6942,4.639,4.639,4.208,0.072,0.004,0.355,1,0.000,0.000,0.000,0,304,0,0
6943,4.713,4.713,4.270,0.072,0.004,0.367,1,0.000,0.000,0.000,0,304,0,0
6944,4.763,4.763,4.237,0.072,0.005,0.449,1,0.000,0.000,0.000,0,304,0,0
6945,4.531,4.531,4.164,0.072,0.004,0.292,1,0.000,0.000,0.000,0,304,0,0
6946,4.453,4.453,4.094,0.071,0.004,0.283,1,0.000,0.000,0.000,0,304,0,0
6947,4.630,4.630,4.176,0.072,0.004,0.378,1,0.000,0.000,0.000,0,304,0,0
6948,5.380,5.380,4.951,0.079,0.005,0.346,1,0.000,0.000,0.000,0,304,0,0
6949,5.932,5.932,5.518,0.076,0.007,0.330,1,0.000,0.000,0.000,0,304,0,0
6950,5.342,5.342,4.894,0.075,0.006,0.367,1,0.000,0.000,0.000,0,304,0,0
6951,4.704,4.704,4.356,0.073,0.004,0.271,1,0.000,0.000,0.000,0,304,0,0
6952,4.539,4.539,4.195,0.072,0.004,0.268,1,0.000,0.000,0.000,0,304,0,0
6953,4.549,4.549,4.170,0.072,0.004,0.304,1,0.000,0.000,0.000,0,304,0,0
6954,4.518,4.518,4.202,0.072,0.004,0.240,1,0.000,0.000,0.000,0,304,0,0
6955,4.444,4.444,4.122,0.072,0.004,0.246,1,0.000,0.000,0.000,0,304,0,0
6956,4.537,4.537,4.135,0.072,0.004,0.326,1,0.000,0.000,0.000,0,304,0,0
6957,4.402,4.402,4.082,0.071,0.004,0.245,1,0.000,0.000,0.000,0,304,0,0
6958,4.541,4.541,4.179,0.071,0.004,0.287,1,0.000,0.000,0.000,0,304,0,0
6959,8.030,8.030,7.498,0.074,0.005,0.452,1,0.000,0.000,0.000,0,304,0,0
6960,5.322,5.322,4.929,0.073,0.005,0.316,1,0.000,0.000,0.000,0,304,0,0
6961,5.951,5.951,5.540,0.074,0.006,0.332,1,0.000,0.000,0.000,0,304,0,0
6962,5.744,5.744,5.229,0.075,0.007,0.433,1,0.000,0.000,0.000,0,304,0,0
6963,5.429,5.429,4.946,0.072,0.005,0.405,1,0.000,0.000,0.000,0,304,0,0
6964,5.286,5.286,4.860,0.075,0.005,0.347,1,0.000,0.000,0.000,0,304,0,0
6965,5.199,5.199,4.713,0.072,0.004,0.409,1,0.000,0.000,0.000,0,304,0,0
6966,5.063,5.063,4.673,0.074,0.006,0.311,1,0.000,0.000,0.000,0,304,0,0
6967,4.867,4.867,4.491,0.074,0.004,0.298,1,0.000,0.000,0.000,0,304,0,0
6968,4.720,4.720,4.254,0.071,0.004,0.390,1,0.000,0.000,0.000,0,304,0,0
6969,4.657,4.657,4.258,0.072,0.004,0.324,1,0.000,0.000,0.000,0,304,0,0
6970,4.528,4.528,4.138,0.072,0.004,0.315,1,0.000,0.000,0.000,0,304,0,0
6971,5.695,5.695,5.216,0.074,0.006,0.400,1,0.000,0.000,0.000,0,304,0,0
6972,5.740,5.740,5.337,0.073,0.006,0.324,1,0.000,0.000,0.000,0,304,0,0
6973,5.557,5.557,5.117,0.074,0.006,0.360,1,0.000,0.000,0.000,0,304,0,0
6974,4.989,4.989,4.505,0.072,0.004,0.409,1,0.000,0.000,0.000,0,304,0,0
6975,4.619,4.619,4.260,0.073,0.003,0.282,1,0.000,0.000,0.000,0,304,0,0
6976,5.661,5.661,5.297,0.074,0.005,0.286,1,0.000,0.000,0.000,0,304,0,0
6977,5.384,5.384,4.983,0.074,0.006,0.322,1,0.000,0.000,0.000,0,304,0,0
6978,6.341,6.341,5.957,0.074,0.004,0.305,1,0.000,0.000,0.000,0,304,0,0
6979,5.646,5.646,5.305,0.076,0.006,0.260,1,0.000,0.000,0.000,0,304,0,0
6980,5.380,5.380,4.885,0.075,0.006,0.414,1,0.000,0.000,0.000,0,304,0,0
6981,4.678,4.678,4.307,0.072,0.004,0.295,1,0.000,0.000,0.000,0,304,0,0
6982,4.594,4.594,4.234,0.072,0.004,0.284,1,0.000,0.000,0.000,0,304,0,0
6983,4.939,4.939,4.483,0.079,0.004,0.374,1,0.000,0.000,0.000,0,304,0,0
6984,4.647,4.647,4.273,0.072,0.006,0.296,1,0.000,0.000,0.000,0,304,0,0
6985,4.675,4.675,4.307,0.072,0.004,0.292,1,0.000,0.000,0.000,0,304,0,0
6986,4.720,4.720,4.248,0.072,0.005,0.395,1,0.000,0.000,0.000,0,304,0,0
6987,4.705,4.705,4.317,0.072,0.005,0.312,1,0.000,0.000,0.000,0,304,0,0
6988,5.706,5.706,5.289,0.071,0.005,0.341,1,0.000,0.000,0.000,0,304,0,0
6989,5.848,5.848,5.299,0.073,0.007,0.470,1,0.000,0.000,0.000,0,304,0,0
6990,6.141,6.141,5.736,0.074,0.005,0.327,1,0.000,0.000,0.000,0,304,0,0
6991,5.923,5.923,5.467,0.092,0.003,0.360,1,0.000,0.000,0.000,0,308,0,0
6992,6.152,6.152,5.577,0.074,0.005,0.496,1,0.000,0.000,0.000,0,308,0,0
6993,5.001,5.001,4.516,0.074,0.004,0.407,1,0.000,0.000,0.000,0,308,0,0
6994,5.304,5.304,4.831,0.074,0.006,0.394,1,0.000,0.000,0.000,0,308,0,0
6995,4.887,4.887,4.311,0.073,0.004,0.499,1,0.000,0.000,0.000,0,308,0,0
6996,6.386,6.386,5.938,0.076,0.006,0.366,1,0.000,0.000,0.000,0,308,0,0
6997,5.761,5.761,5.152,0.081,0.006,0.523,1,0.000,0.000,0.000,0,308,0,0
6998,6.053,6.053,5.611,0.073,0.005,0.364,1,0.000,0.000,0.000,0,308,0,0
6999,5.210,5.210,4.768,0.075,0.006,0.362,1,0.000,0.000,0.000,0,308,0,0
7000,5.017,5.017,4.475,0.074,0.004,0.464,1,0.000,0.000,0.000,0,308,0,0
7001,4.632,4.632,4.227,0.073,0.004,0.328,1,0.000,0.000,0.000,0,308,0,0
7002,4.848,4.848,4.419,0.074,0.004,0.351,1,0.000,0.000,0.000,0,332,0,0
7003,4.872,4.872,4.359,0.074,0.004,0.435,1,0.000,0.000,0.000,0,356,0,0
7004,4.606,4.606,4.278,0.074,0.005,0.250,1,0.000,0.000,0.000,0,380,0,0
7005,4.804,4.804,4.254,0.074,0.004,0.471,1,0.000,0.000,0.000,0,404,0,0
7006,5.687,5.687,5.262,0.079,0.007,0.340,1,0.000,0.000,0.000,0,424,0,0
7007,7.551,7.551,7.194,0.077,0.006,0.274,1,0.000,0.000,0.000,0,424,0,0
7008,5.680,5.680,5.333,0.081,0.005,0.261,1,0.000,0.000,0.000,0,424,0,0
7009,5.765,5.765,5.384,0.075,0.005,0.301,1,0.000,0.000,0.000,0,424,0,0
7010,5.249,5.249,4.957,0.076,0.005,0.211,1,0.000,0.000,0.000,0,424,0,0
7011,4.987,4.987,4.688,0.085,0.004,0.210,1,0.000,0.000,0.000,0,424,0,0
7012,5.288,5.288,4.938,0.075,0.004,0.271,1,0.000,0.000,0.000,0,424,0,0
7013,5.059,5.059,4.750,0.075,0.006,0.228,1,0.000,0.000,0.000,0,424,0,0
7014,5.671,5.671,5.256,0.076,0.004,0.335,1,0.000,0.000,0.000,0,424,0,0
7015,5.408,5.408,4.963,0.084,0.006,0.355,1,0.000,0.000,0.000,0,424,0,0
7016,5.188,5.188,4.855,0.076,0.004,0.253,1,0.000,0.000,0.000,0,424,0,0
7017,5.498,5.498,5.008,0.165,0.010,0.315,1,0.000,0.000,0.000,0,424,0,0
7018,5.394,5.394,4.836,0.076,0.005,0.476,1,0.000,0.000,0.000,0,424,0,0
7019,5.870,5.870,5.448,0.076,0.005,0.341,1,0.000,0.000,0.000,0,424,0,0
7020,6.039,6.039,5.569,0.077,0.006,0.386,1,0.000,0.000,0.000,0,424,0,0
7021,5.568,5.568,5.109,0.076,0.005,0.377,1,0.000,0.000,0.000,0,424,0,0
7022,5.456,5.456,5.017,0.077,0.005,0.356,1,0.000,0.000,0.000,0,424,0,0
7023,4.982,4.982,4.548,0.075,0.005,0.354,1,0.000,0.000,0.000,0,424,0,0
7024,5.686,5.686,5.168,0.076,0.005,0.437,1,0.000,0.000,0.000,0,424,0,0
7025,4.859,4.859,4.427,0.076,0.004,0.352,1,0.000,0.000,0.000,0,424,0,0
7026,5.531,5.531,5.118,0.077,0.007,0.330,1,0.000,0.000,0.000,0,424,0,0
7027,6.501,6.501,5.950,0.076,0.005,0.470,1,0.000,0.000,0.000,0,424,0,0
7028,5.408,5.408,5.013,0.076,0.004,0.315,1,0.000,0.000,0.000,0,424,0,0
7029,4.708,4.708,4.338,0.075,0.004,0.292,1,0.000,0.000,0.000,0,424,0,0
7030,4.781,4.781,4.341,0.078,0.004,0.359,1,0.000,0.000,0.000,0,424,0,0
7031,4.577,4.577,4.228,0.075,0.004,0.271,1,0.000,0.000,0.000,0,424,0,0
7032,4.796,4.796,4.352,0.103,0.004,0.338,1,0.000,0.000,0.000,0,424,1,0
7033,5.761,5.761,5.206,0.109,0.005,0.441,1,0.000,0.000,0.000,0,424,0,0
7034,5.214,5.214,4.810,0.076,0.006,0.322,1,0.000,0.000,0.000,0,424,0,0
7035,6.893,6.893,6.440,0.079,0.008,0.365,1,0.000,0.000,0.000,0,424,0,0
7036,6.574,6.574,5.577,0.077,0.006,0.914,1,0.000,0.000,0.000,0,424,0,0
7037,5.299,5.299,4.796,0.076,0.005,0.423,1,0.000,0.000,0.000,0,424,0,0
7038,4.914,4.914,4.438,0.075,0.005,0.396,1,0.000,0.000,0.000,0,424,0,0
7039,6.405,6.405,5.774,0.074,0.004,0.552,1,0.000,0.000,0.000,0,420,0,0
7040,6.304,6.304,5.824,0.087,0.003,0.390,1,0.000,0.000,0.000,0,420,0,0
7041,5.605,5.605,5.118,0.073,0.008,0.406,1,0.000,0.000,0.000,0,304,0,0
7042,5.320,5.320,4.737,0.074,0.005,0.504,1,0.000,0.000,0.000,0,304,0,0
7043,8.098,8.098,7.653,0.074,0.006,0.364,1,0.000,0.000,0.000,0,304,0,0
7044,8.312,8.312,7.874,0.079,0.004,0.355,1,0.000,0.000,0.000,0,304,0,0
7045,5.799,5.799,5.241,0.074,0.005,0.479,1,0.000,0.000,0.000,0,304,0,0
7046,6.664,6.664,6.193,0.076,0.008,0.388,1,0.000,0.000,0.000,0,304,0,0
7047,5.277,5.277,4.811,0.073,0.004,0.389,1,0.000,0.000,0.000,0,304,0,0
7048,5.967,5.967,5.451,0.075,0.004,0.437,1,0.000,0.000,0.000,0,304,0,0
7049,6.601,6.601,6.161,0.074,0.006,0.361,1,0.000,0.000,0.000,0,304,0,0
7050,6.976,6.976,6.619,0.073,0.006,0.278,1,0.000,0.000,0.000,0,304,0,0
7051,5.038,5.038,4.601,0.073,0.005,0.359,1,0.000,0.000,0.000,0,304,0,0
7052,6.060,6.060,5.591,0.076,0.006,0.386,1,0.000,0.000,0.000,0,304,0,0
7053,5.541,5.541,5.129,0.074,0.005,0.333,1,0.000,0.000,0.000,0,304,0,0
7054,5.622,5.622,5.065,0.073,0.006,0.477,1,0.000,0.000,0.000,0,304,0,0
7055,5.208,5.208,4.693,0.146,0.004,0.364,1,0.000,0.000,0.000,0,304,0,0
7056,5.467,5.467,5.013,0.075,0.005,0.373,1,0.000,0.000,0.000,0,304,0,0
7057,4.899,4.899,4.366,0.073,0.004,0.455,1,0.000,0.000,0.000,0,304,0,0
7058,5.384,5.384,4.949,0.072,0.005,0.357,1,0.000,0.000,0.000,0,304,0,0
7059,4.716,4.716,4.281,0.072,0.004,0.359,1,0.000,0.000,0.000,0,304,0,0
7060,5.368,5.368,4.854,0.074,0.005,0.436,1,0.000,0.000,0.000,0,304,0,0
7061,4.639,4.639,4.239,0.072,0.003,0.324,1,0.000,0.000,0.000,0,304,0,0
7062,5.928,5.928,5.462,0.075,0.007,0.386,1,0.000,0.000,0.000,0,304,0,0
7063,5.384,5.384,4.842,0.074,0.005,0.463,1,0.000,0.000,0.000,0,304,0,0
7064,4.796,4.796,4.409,0.072,0.004,0.310,1,0.000,0.000,0.000,0,304,0,0
7065,4.755,4.755,4.370,0.072,0.004,0.309,1,0.000,0.000,0.000,0,304,0,0
7066,5.096,5.096,4.515,0.073,0.004,0.504,1,0.000,0.000,0.000,0,304,0,0
7067,5.691,5.691,5.201,0.074,0.006,0.411,1,0.000,0.000,0.000,0,304,0,0
7068,5.185,5.185,4.735,0.073,0.005,0.371,1,0.000,0.000,0.000,0,304,0,0
7069,6.562,6.562,5.992,0.077,0.005,0.487,1,0.000,0.000,0.000,0,304,0,0
7070,5.428,5.428,4.998,0.074,0.006,0.350,1,0.000,0.000,0.000,0,304,0,0
7071,4.839,4.839,4.453,0.072,0.005,0.308,1,0.000,0.000,0.000,0,304,0,0
7072,4.792,4.792,4.313,0.072,0.004,0.403,1,0.000,0.000,0.000,0,304,0,0
7073,4.713,4.713,4.303,0.071,0.006,0.332,1,0.000,0.000,0.000,0,304,0,0
7074,4.613,4.613,4.200,0.072,0.005,0.337,1,0.000,0.000,0.000,0,304,0,0
7075,4.972,4.972,4.425,0.071,0.004,0.471,1,0.000,0.000,0.000,0,304,0,0
7076,4.729,4.729,4.264,0.072,0.004,0.390,1,0.000,0.000,0.000,0,304,0,0
7077,4.696,4.696,4.220,0.071,0.004,0.401,1,0.000,0.000,0.000,0,304,0,0
7078,6.012,6.012,5.387,0.075,0.004,0.546,1,0.000,0.000,0.000,0,304,0,0
7079,7.374,7.374,6.889,0.075,0.007,0.403,1,0.000,0.000,0.000,0,304,0,0
7080,5.878,5.878,5.427,0.078,0.004,0.369,1,0.000,0.000,0.000,0,304,0,0
7081,5.495,5.495,4.909,0.073,0.004,0.510,1,0.000,0.000,0.000,0,304,0,0
7082,5.428,5.428,4.916,0.074,0.004,0.434,1,0.000,0.000,0.000,0,304,0,0
7083,4.765,4.765,4.320,0.073,0.005,0.367,1,0.000,0.000,0.000,0,304,0,0
7084,4.860,4.860,4.317,0.072,0.004,0.467,1,0.000,0.000,0.000,0,304,0,0
7085,4.598,4.598,4.170,0.072,0.004,0.352,1,0.000,0.000,0.000,0,304,0,0
7086,4.589,4.589,4.160,0.073,0.004,0.352,1,0.000,0.000,0.000,0,304,0,0
7087,5.934,5.934,5.391,0.072,0.004,0.467,1,0.000,0.000,0.000,0,304,0,0
7088,4.762,4.762,4.279,0.073,0.004,0.406,1,0.000,0.000,0.000,0,304,0,0
7089,4.655,4.655,4.201,0.071,0.004,0.378,1,0.000,0.000,0.000,0,304,0,0
7090,4.713,4.713,4.164,0.072,0.004,0.473,1,0.000,0.000,0.000,0,304,0,0
7091,4.681,4.681,4.257,0.072,0.004,0.348,1,0.000,0.000,0.000,0,304,0,0
7092,4.561,4.561,4.100,0.072,0.004,0.386,1,0.000,0.000,0.000,0,304,0,0
7093,4.770,4.770,4.242,0.072,0.005,0.452,1,0.000,0.000,0.000,0,304,0,0
7094,5.686,5.686,5.329,0.072,0.004,0.282,1,0.000,0.000,0.000,0,304,0,0
7095,4.742,4.742,4.277,0.072,0.004,0.390,1,0.000,0.000,0.000,0,304,0,0
7096,4.766,4.766,4.335,0.072,0.004,0.356,1,0.000,0.000,0.000,0,304,0,0
7097,4.707,4.707,4.216,0.072,0.005,0.414,1,0.000,0.000,0.000,0,304,0,0
7098,4.802,4.802,4.202,0.073,0.004,0.524,1,0.000,0.000,0.000,0,304,0,0
7099,4.641,4.641,4.186,0.071,0.004,0.379,1,0.000,0.000,0.000,0,304,0,0
7100,4.698,4.698,4.234,0.089,0.004,0.370,1,0.000,0.000,0.000,0,304,0,0
7101,4.744,4.744,4.204,0.071,0.004,0.465,1,0.000,0.000,0.000,0,304,0,0
7102,4.642,4.642,4.214,0.073,0.004,0.352,1,0.000,0.000,0.000,0,304,0,0
7103,4.607,4.607,4.141,0.072,0.004,0.390,1,0.000,0.000,0.000,0,304,0,0
7104,4.964,4.964,4.259,0.072,0.004,0.629,1,0.000,0.000,0.000,0,304,0,0
7105,4.691,4.691,4.203,0.072,0.004,0.411,1,0.000,0.000,0.000,0,304,0,0
7106,4.754,4.754,4.276,0.072,0.004,0.402,1,0.000,0.000,0.000,0,304,0,0
7107,4.758,4.758,4.221,0.072,0.004,0.462,1,0.000,0.000,0.000,0,304,0,0
7108,4.567,4.567,4.158,0.071,0.004,0.333,1,0.000,0.000,0.000,0,304,0,0
7109,4.570,4.570,4.180,0.072,0.004,0.314,1,0.000,0.000,0.000,0,304,0,0
7110,4.673,4.673,4.185,0.072,0.004,0.413,1,0.000,0.000,0.000,0,304,0,0
7111,5.249,5.249,4.813,0.072,0.004,0.360,1,0.000,0.000,0.000,0,304,0,0
7112,6.108,6.108,5.655,0.076,0.008,0.369,1,0.000,0.000,0.000,0,304,0,0
7113,5.087,5.087,4.618,0.074,0.005,0.391,1,0.000,0.000,0.000,0,304,0,0
7114,5.075,5.075,4.639,0.150,0.004,0.281,1,0.000,0.000,0.000,0,304,0,0
7115,4.761,4.761,4.396,0.073,0.005,0.288,1,0.000,0.000,0.000,0,304,0,0
7116,4.717,4.717,4.252,0.071,0.004,0.390,1,0.000,0.000,0.000,0,304,0,0
7117,4.705,4.705,4.340,0.072,0.004,0.289,1,0.000,0.000,0.000,0,304,0,0
7118,5.966,5.966,5.582,0.074,0.005,0.306,1,0.000,0.000,0.000,0,304,0,0
7119,5.485,5.485,5.018,0.076,0.005,0.386,1,0.000,0.000,0.000,0,304,0,0
7120,5.249,5.249,4.941,0.072,0.005,0.232,1,0.000,0.000,0.000,0,304,0,0
7121,5.574,5.574,5.265,0.075,0.006,0.228,1,0.000,0.000,0.000,0,304,0,0
7122,5.295,5.295,4.890,0.072,0.006,0.328,1,0.000,0.000,0.000,0,304,0,0
7123,4.578,4.578,4.288,0.073,0.005,0.213,1,0.000,0.000,0.000,0,304,0,0
7124,4.495,4.495,4.219,0.073,0.004,0.200,1,0.000,0.000,0.000,0,304,0,0
7125,4.507,4.507,4.169,0.071,0.004,0.262,1,0.000,0.000,0.000,0,304,0,0
7126,4.561,4.561,4.253,0.072,0.004,0.232,1,0.000,0.000,0.000,0,304,0,0
7127,4.449,4.449,4.129,0.073,0.004,0.244,1,0.000,0.000,0.000,0,304,0,0
7128,4.575,4.575,4.197,0.072,0.004,0.302,1,0.000,0.000,0.000,0,304,0,0
7129,5.594,5.594,4.682,0.072,0.005,0.835,1,0.000,0.000,0.000,0,304,0,0
7130,5.562,5.562,5.252,0.072,0.004,0.235,1,0.000,0.000,0.000,0,304,0,0
7131,5.597,5.597,5.182,0.076,0.007,0.333,1,0.000,0.000,0.000,0,304,0,0
7132,5.479,5.479,5.155,0.074,0.006,0.244,1,0.000,0.000,0.000,0,304,0,0
7133,4.687,4.687,4.338,0.073,0.004,0.272,1,0.000,0.000,0.000,0,304,0,0
7134,6.017,6.017,5.577,0.074,0.006,0.360,1,0.000,0.000,0.000,0,304,0,0
7135,5.126,5.126,4.812,0.073,0.006,0.235,1,0.000,0.000,0.000,0,304,0,0
7136,4.818,4.818,4.486,0.072,0.004,0.254,1,0.000,0.000,0.000,0,304,0,0
7137,4.700,4.700,4.295,0.073,0.004,0.328,1,0.000,0.000,0.000,0,304,0,0
7138,5.556,5.556,5.250,0.075,0.005,0.226,1,0.000,0.000,0.000,0,304,0,0
7139,6.266,6.266,5.979,0.074,0.005,0.208,1,0.000,0.000,0.000,0,304,0,0
7140,5.635,5.635,5.237,0.077,0.004,0.317,1,0.000,0.000,0.000,0,304,0,0
7141,5.249,5.249,4.838,0.073,0.006,0.332,1,0.000,0.000,0.000,0,304,0,0
7142,4.832,4.832,4.476,0.073,0.005,0.278,1,0.000,0.000,0.000,0,304,0,0
7143,4.675,4.675,4.248,0.071,0.004,0.351,1,0.000,0.000,0.000,0,304,0,0
7144,4.535,4.535,4.201,0.073,0.004,0.257,1,0.000,0.000,0.000,0,304,0,0
7145,4.478,4.478,4.143,0.073,0.005,0.258,1,0.000,0.000,0.000,0,304,0,0
7146,4.557,4.557,4.143,0.071,0.004,0.338,1,0.000,0.000,0.000,0,304,0,0
7147,4.578,4.578,4.225,0.072,0.005,0.276,1,0.000,0.000,0.000,0,304,0,0
7148,6.919,6.919,6.528,0.074,0.006,0.310,1,0.000,0.000,0.000,0,304,0,0
7149,5.531,5.531,5.087,0.073,0.006,0.364,1,0.000,0.000,0.000,0,304,0,0
7150,4.752,4.752,4.421,0.072,0.004,0.255,1,0.000,0.000,0.000,0,304,0,0
7151,4.705,4.705,4.342,0.072,0.004,0.287,1,0.000,0.000,0.000,0,304,0,0
7152,4.727,4.727,4.310,0.072,0.005,0.340,1,0.000,0.000,0.000,0,304,0,0
7153,4.481,4.481,4.161,0.072,0.004,0.244,1,0.000,0.000,0.000,0,304,0,0
7154,4.573,4.573,4.259,0.072,0.004,0.238,1,0.000,0.000,0.000,0,304,0,0
7155,4.714,4.714,4.324,0.073,0.004,0.314,1,0.000,0.000,0.000,0,304,0,0
7156,4.731,4.731,4.327,0.073,0.004,0.327,1,0.000,0.000,0.000,0,304,0,0
7157,5.176,5.176,4.761,0.077,0.004,0.333,1,0.000,0.000,0.000,0,304,0,0
7158,4.895,4.895,4.407,0.072,0.052,0.363,1,0.000,0.000,0.000,0,304,0,0
7159,6.872,6.872,6.492,0.074,0.005,0.301,1,0.000,0.000,0.000,0,304,0,0
7160,5.224,5.224,4.871,0.075,0.004,0.274,1,0.000,0.000,0.000,0,304,0,0
7161,5.716,5.716,5.263,0.073,0.006,0.374,1,0.000,0.000,0.000,0,304,0,0
7162,6.084,6.084,5.703,0.075,0.006,0.300,1,0.000,0.000,0.000,0,312,0,0
7163,5.335,5.335,4.948,0.074,0.004,0.309,1,0.000,0.000,0.000,0,312,0,0
7164,5.326,5.326,4.864,0.075,0.004,0.384,1,0.000,0.000,0.000,0,312,0,0
7165,5.123,5.123,4.762,0.073,0.004,0.283,1,0.000,0.000,0.000,0,312,0,0
7166,5.469,5.469,4.889,0.073,0.004,0.503,1,0.000,0.000,0.000,0,312,0,0
7167,7.417,7.417,6.906,0.077,0.007,0.427,1,0.000,0.000,0.000,0,312,0,0
7168,6.002,6.002,5.643,0.075,0.005,0.280,1,0.000,0.000,0.000,0,312,0,0
7169,4.704,4.704,4.376,0.074,0.005,0.249,1,0.000,0.000,0.000,0,312,0,0
7170,4.664,4.664,4.254,0.074,0.004,0.331,1,0.000,0.000,0.000,0,312,0,0
7171,4.405,4.405,4.054,0.073,0.004,0.274,1,0.000,0.000,0.000,0,312,0,0
7172,4.293,4.293,4.021,0.074,0.003,0.195,1,0.000,0.000,0.000,0,312,0,0
7173,6.022,6.022,5.677,0.076,0.007,0.262,1,0.000,0.000,0.000,0,312,0,0
7174,5.229,5.229,4.973,0.075,0.005,0.176,1,0.000,0.000,0.000,0,312,0,0
7175,4.612,4.612,4.356,0.074,0.004,0.178,1,0.000,0.000,0.000,0,312,0,0
7176,5.045,5.045,4.734,0.083,0.005,0.224,1,0.000,0.000,0.000,0,312,0,0
7177,5.251,5.251,4.987,0.075,0.004,0.184,1,0.000,0.000,0.000,0,312,0,0
7178,5.259,5.259,4.955,0.077,0.007,0.221,1,0.000,0.000,0.000,0,312,0,0
7179,4.667,4.667,4.319,0.074,0.005,0.268,1,0.000,0.000,0.000,0,312,0,0
7180,4.478,4.478,4.205,0.074,0.004,0.195,1,0.000,0.000,0.000,0,312,0,0
7181,4.359,4.359,4.025,0.074,0.003,0.257,1,0.000,0.000,0.000,0,312,0,0
7182,4.441,4.441,4.054,0.074,0.003,0.309,1,0.000,0.000,0.000,0,312,0,0
7183,5.020,5.020,4.725,0.080,0.006,0.209,1,0.000,0.000,0.000,0,336,0,0
7184,4.819,4.819,4.523,0.076,0.005,0.214,1,0.000,0.000,0.000,0,360,0,0
7185,4.688,4.688,4.339,0.075,0.003,0.270,1,0.000,0.000,0.000,0,384,0,0
7186,6.239,6.239,5.859,0.083,0.005,0.292,1,0.000,0.000,0.000,0,408,0,0
7187,4.990,4.990,4.648,0.076,0.005,0.261,1,0.000,0.000,0.000,0,432,0,0
7188,5.374,5.374,4.913,0.075,0.004,0.382,1,0.000,0.000,0.000,0,456,0,0
7189,4.552,4.552,4.184,0.074,0.004,0.289,1,0.000,0.000,0.000,0,480,0,0
7190,4.624,4.624,4.257,0.076,0.004,0.288,1,0.000,0.000,0.000,0,504,0,0
7191,4.609,4.609,4.170,0.074,0.004,0.361,1,0.000,0.000,0.000,0,528,0,0
7192,4.555,4.555,4.185,0.076,0.004,0.291,1,0.000,0.000,0.000,0,552,0,0
7193,4.844,4.844,4.479,0.075,0.003,0.287,1,0.000,0.000,0.000,0,576,0,0
7194,5.873,5.873,5.391,0.078,0.007,0.398,1,0.000,0.000,0.000,0,600,0,0
7195,5.358,5.358,4.995,0.075,0.005,0.283,1,0.000,0.000,0.000,0,620,0,0
7196,5.713,5.713,5.088,0.274,0.004,0.347,1,0.000,0.000,0.000,0,620,0,0
7197,5.740,5.740,5.432,0.082,0.004,0.223,1,0.000,0.000,0.000,0,620,0,0
7198,5.118,5.118,4.805,0.078,0.007,0.228,1,0.000,0.000,0.000,0,620,0,0
7199,5.125,5.125,4.748,0.078,0.005,0.294,1,0.000,0.000,0.000,0,620,0,0
7200,4.694,4.694,4.363,0.076,0.004,0.251,1,0.000,0.000,0.000,0,620,0,0
7201,4.784,4.784,4.444,0.081,0.004,0.254,1,0.000,0.000,0.000,0,620,0,0
7202,6.092,6.092,5.661,0.078,0.005,0.349,1,0.000,0.000,0.000,0,620,0,0
7203,4.882,4.882,4.530,0.077,0.004,0.271,1,0.000,0.000,0.000,0,620,0,0
7204,5.210,5.210,4.860,0.076,0.004,0.270,1,0.000,0.000,0.000,0,620,0,0
7205,4.877,4.877,4.413,0.076,0.004,0.384,1,0.000,0.000,0.000,0,620,0,0
7206,6.398,6.398,5.965,0.076,0.004,0.353,1,0.000,0.000,0.000,0,620,0,0
7207,4.830,4.830,4.425,0.076,0.003,0.324,1,0.000,0.000,0.000,0,620,0,0
7208,4.786,4.786,4.313,0.076,0.004,0.394,1,0.000,0.000,0.000,0,620,0,0
7209,4.622,4.622,4.247,0.075,0.003,0.295,1,0.000,0.000,0.000,0,620,0,0
7210,4.669,4.669,4.321,0.076,0.003,0.269,1,0.000,0.000,0.000,0,620,0,0
7211,4.709,4.709,4.242,0.076,0.004,0.388,1,0.000,0.000,0.000,0,620,0,0
7212,5.056,5.056,4.617,0.103,0.007,0.329,1,0.000,0.000,0.000,0,620,0,0
7213,4.699,4.699,4.318,0.076,0.005,0.300,1,0.000,0.000,0.000,0,620,0,0
7214,4.649,4.649,4.208,0.076,0.005,0.360,1,0.000,0.000,0.000,0,620,0,0
7215,4.690,4.690,4.317,0.075,0.004,0.294,1,0.000,0.000,0.000,0,620,0,0
7216,4.908,4.908,4.508,0.080,0.005,0.316,1,0.000,0.000,0.000,0,620,0,0
7217,4.782,4.782,4.361,0.077,0.005,0.339,1,0.000,0.000,0.000,0,620,0,0
7218,4.633,4.633,4.311,0.077,0.004,0.241,1,0.000,0.000,0.000,0,620,0,0
7219,4.525,4.525,4.222,0.077,0.004,0.223,1,0.000,0.000,0.000,0,620,0,0
7220,5.252,5.252,4.851,0.078,0.004,0.320,1,0.000,0.000,0.000,0,620,0,0
7221,4.736,4.736,4.413,0.076,0.004,0.244,1,0.000,0.000,0.000,0,620,0,0
7222,4.587,4.587,4.226,0.076,0.004,0.281,1,0.000,0.000,0.000,0,620,0,0
7223,4.618,4.618,4.203,0.076,0.004,0.335,1,0.000,0.000,0.000,0,620,0,0
7224,4.478,4.478,4.140,0.075,0.004,0.260,1,0.000,0.000,0.000,0,620,0,0
7225,4.600,4.600,4.227,0.076,0.003,0.294,1,0.000,0.000,0.000,0,620,0,0
7226,5.193,5.193,4.681,0.075,0.004,0.433,1,0.000,0.000,0.000,0,620,0,0
7227,6.425,6.425,6.033,0.082,0.008,0.302,1,0.000,0.000,0.000,0,620,0,0
7228,5.826,5.826,5.464,0.085,0.005,0.272,1,0.000,0.000,0.000,0,616,0,0
7229,5.483,5.483,5.037,0.075,0.008,0.363,1,0.000,0.000,0.000,0,616,0,0
7230,7.661,7.661,7.255,0.083,0.006,0.317,1,0.000,0.000,0.000,0,312,0,0
7231,4.919,4.919,4.587,0.073,0.005,0.255,1,0.000,0.000,0.000,0,312,0,0
7232,5.674,5.674,5.198,0.078,0.007,0.391,1,0.000,0.000,0.000,0,312,0,0
7233,4.939,4.939,4.575,0.075,0.006,0.283,1,0.000,0.000,0.000,0,312,0,0
7234,4.504,4.504,4.158,0.074,0.004,0.268,1,0.000,0.000,0.000,0,312,0,0
7235,4.602,4.602,4.173,0.073,0.004,0.352,1,0.000,0.000,0.000,0,312,0,0
7236,4.400,4.400,4.106,0.073,0.003,0.218,1,0.000,0.000,0.000,0,312,0,0
7237,4.237,4.237,3.993,0.074,0.004,0.166,1,0.000,0.000,0.000,0,312,0,0
7238,4.539,4.539,4.247,0.081,0.004,0.207,1,0.000,0.000,0.000,0,312,0,0
7239,5.738,5.738,5.511,0.076,0.005,0.146,1,0.000,0.000,0.000,0,312,0,0
7240,5.901,5.901,5.634,0.076,0.005,0.186,1,0.000,0.000,0.000,0,312,0,0
7241,5.972,5.972,5.605,0.076,0.006,0.285,1,0.000,0.000,0.000,0,312,0,0
7242,4.564,4.564,4.260,0.075,0.004,0.226,1,0.000,0.000,0.000,0,312,0,0
7243,4.503,4.503,4.210,0.074,0.003,0.215,1,0.000,0.000,0.000,0,312,0,0
7244,5.108,5.108,4.697,0.075,0.005,0.331,1,0.000,0.000,0.000,0,312,0,0
7245,5.081,5.081,4.620,0.097,0.005,0.359,1,0.000,0.000,0.000,0,312,0,0
7246,4.681,4.681,4.266,0.071,0.004,0.341,1,0.000,0.000,0.000,0,304,0,0
7247,4.695,4.695,4.218,0.072,0.003,0.402,1,0.000,0.000,0.000,0,304,0,0
7248,4.469,4.469,4.072,0.072,0.004,0.321,1,0.000,0.000,0.000,0,304,0,0
7249,5.447,5.447,5.028,0.074,0.006,0.339,1,0.000,0.000,0.000,0,304,0,0
7250,5.416,5.416,4.922,0.075,0.005,0.415,1,0.000,0.000,0.000,0,304,0,0
7251,4.816,4.816,4.443,0.072,0.004,0.297,1,0.000,0.000,0.000,0,304,0,0
7252,4.693,4.693,4.265,0.071,0.004,0.352,1,0.000,0.000,0.000,0,304,0,0
7253,4.958,4.958,4.431,0.077,0.007,0.444,1,0.000,0.000,0.000,0,304,0,0
7254,5.002,5.002,4.620,0.073,0.004,0.305,1,0.000,0.000,0.000,0,304,0,0
7255,5.627,5.627,5.193,0.075,0.006,0.354,1,0.000,0.000,0.000,0,304,0,0
7256,5.556,5.556,4.896,0.074,0.005,0.581,1,0.000,0.000,0.000,0,304,0,0
7257,5.427,5.427,5.021,0.074,0.005,0.326,1,0.000,0.000,0.000,0,304,0,0
7258,4.569,4.569,4.178,0.073,0.004,0.314,1,0.000,0.000,0.000,0,304,0,0
7259,6.847,6.847,6.353,0.074,0.005,0.414,1,0.000,0.000,0.000,0,304,0,0
7260,4.940,4.940,4.443,0.074,0.004,0.419,1,0.000,0.000,0.000,0,304,0,0
7261,4.586,4.586,4.171,0.072,0.004,0.340,1,0.000,0.000,0.000,0,304,0,0
7262,5.284,5.284,4.785,0.076,0.007,0.417,1,0.000,0.000,0.000,0,304,0,0
7263,4.911,4.911,4.511,0.072,0.005,0.322,1,0.000,0.000,0.000,0,304,0,0
7264,4.527,4.527,4.113,0.073,0.004,0.338,1,0.000,0.000,0.000,0,304,0,0
7265,4.722,4.722,4.185,0.072,0.003,0.461,1,0.000,0.000,0.000,0,304,0,0
7266,4.410,4.410,4.029,0.072,0.003,0.306,1,0.000,0.000,0.000,0,304,0,0
7267,5.219,5.219,4.831,0.073,0.005,0.309,1,0.000,0.000,0.000,0,304,0,0
7268,4.995,4.995,4.519,0.073,0.005,0.398,1,0.000,0.000,0.000,0,304,0,0
7269,4.670,4.670,4.329,0.073,0.004,0.264,1,0.000,0.000,0.000,0,304,0,0
7270,4.391,4.391,4.098,0.072,0.003,0.218,1,0.000,0.000,0.000,0,304,0,0
7271,4.491,4.491,4.105,0.072,0.003,0.311,1,0.000,0.000,0.000,0,304,0,0
7272,5.004,5.004,4.632,0.113,0.008,0.251,1,0.000,0.000,0.000,0,304,1,0
7273,4.749,4.749,4.423,0.074,0.005,0.247,1,0.000,0.000,0.000,0,304,0,0
7274,4.683,4.683,4.338,0.073,0.004,0.269,1,0.000,0.000,0.000,0,304,0,0
7275,4.528,4.528,4.043,0.072,0.003,0.409,1,0.000,0.000,0.000,0,304,0,0
7276,5.931,5.931,5.445,0.073,0.006,0.407,1,0.000,0.000,0.000,0,304,0,0
7277,5.228,5.228,4.567,0.073,0.004,0.584,1,0.000,0.000,0.000,0,304,0,0
7278,5.252,5.252,4.765,0.072,0.005,0.410,1,0.000,0.000,0.000,0,304,0,0
7279,5.409,5.409,4.928,0.076,0.005,0.400,1,0.000,0.000,0.000,0,304,0,0
7280,5.492,5.492,4.909,0.073,0.004,0.506,1,0.000,0.000,0.000,0,304,0,0
7281,5.450,5.450,4.932,0.074,0.007,0.438,1,0.000,0.000,0.000,0,304,0,0
7282,4.777,4.777,4.310,0.073,0.005,0.390,1,0.000,0.000,0.000,0,304,0,0
7283,4.666,4.666,4.097,0.073,0.003,0.492,1,0.000,0.000,0.000,0,304,0,0
7284,4.659,4.659,4.178,0.084,0.004,0.393,1,0.000,0.000,0.000,0,304,0,0
7285,5.107,5.107,4.533,0.072,0.004,0.498,1,0.000,0.000,0.000,0,304,0,0
7286,4.767,4.767,4.161,0.072,0.004,0.530,1,0.000,0.000,0.000,0,304,0,0
7287,4.611,4.611,4.141,0.071,0.004,0.395,1,0.000,0.000,0.000,0,304,0,0
7288,4.532,4.532,4.043,0.096,0.003,0.389,1,0.000,0.000,0.000,0,304,0,0
7289,5.805,5.805,5.211,0.073,0.008,0.513,1,0.000,0.000,0.000,0,304,0,0
7290,5.245,5.245,4.750,0.073,0.004,0.418,1,0.000,0.000,0.000,0,304,0,0
7291,5.726,5.726,5.214,0.074,0.006,0.432,1,0.000,0.000,0.000,0,304,0,0
7292,5.369,5.369,4.834,0.073,0.005,0.458,1,0.000,0.000,0.000,0,304,0,0
7293,4.792,4.792,4.368,0.072,0.004,0.349,1,0.000,0.000,0.000,0,304,0,0
7294,4.828,4.828,4.434,0.072,0.004,0.318,1,0.000,0.000,0.000,0,304,0,0
7295,4.576,4.576,4.102,0.071,0.003,0.400,1,0.000,0.000,0.000,0,304,0,0
7296,4.444,4.444,4.076,0.071,0.003,0.294,1,0.000,0.000,0.000,0,304,0,0
7297,4.614,4.614,4.144,0.072,0.003,0.395,1,0.000,0.000,0.000,0,304,0,0
7298,4.416,4.416,4.037,0.071,0.003,0.305,1,0.000,0.000,0.000,0,304,0,0
7299,5.384,5.384,5.000,0.077,0.007,0.301,1,0.000,0.000,0.000,0,304,0,0
7300,5.487,5.487,4.906,0.074,0.005,0.501,1,0.000,0.000,0.000,0,304,0,0
7301,5.458,5.458,4.998,0.072,0.004,0.384,1,0.000,0.000,0.000,0,304,0,0
7302,5.483,5.483,5.000,0.077,0.006,0.400,1,0.000,0.000,0.000,0,304,0,0
7303,5.392,5.392,4.818,0.072,0.004,0.497,1,0.000,0.000,0.000,0,304,0,0
7304,5.163,5.163,4.669,0.089,0.005,0.400,1,0.000,0.000,0.000,0,304,0,0
7305,5.454,5.454,4.993,0.078,0.004,0.378,1,0.000,0.000,0.000,0,304,0,0
7306,5.038,5.038,4.496,0.073,0.005,0.464,1,0.000,0.000,0.000,0,304,0,0
7307,4.649,4.649,4.250,0.072,0.005,0.323,1,0.000,0.000,0.000,0,304,0,0
7308,5.025,5.025,4.619,0.072,0.004,0.330,1,0.000,0.000,0.000,0,304,0,0
7309,4.670,4.670,4.161,0.072,0.003,0.434,1,0.000,0.000,0.000,0,304,0,0
7310,5.062,5.062,4.650,0.073,0.003,0.335,1,0.000,0.000,0.000,0,304,0,0
7311,4.507,4.507,4.120,0.072,0.003,0.312,1,0.000,0.000,0.000,0,304,0,0
7312,5.183,5.183,4.684,0.101,0.004,0.394,1,0.000,0.000,0.000,0,304,0,0
7313,4.462,4.462,4.151,0.073,0.004,0.235,1,0.000,0.000,0.000,0,304,0,0
7314,4.442,4.442,4.134,0.072,0.003,0.233,1,0.000,0.000,0.000,0,304,0,0
7315,4.471,4.471,4.040,0.072,0.004,0.356,1,0.000,0.000,0.000,0,304,0,0
7316,4.303,4.303,3.969,0.072,0.003,0.258,1,0.000,0.000,0.000,0,304,0,0
7317,4.286,4.286,3.980,0.072,0.003,0.231,1,0.000,0.000,0.000,0,304,0,0
7318,4.497,4.497,4.044,0.071,0.003,0.378,1,0.000,0.000,0.000,0,304,0,0
7319,6.054,6.054,5.516,0.076,0.006,0.456,1,0.000,0.000,0.000,0,304,0,0
7320,6.341,6.341,5.870,0.082,0.006,0.382,1,0.000,0.000,0.000,0,304,0,0
7321,5.347,5.347,4.751,0.074,0.006,0.516,1,0.000,0.000,0.000,0,304,0,0
7322,4.710,4.710,4.262,0.074,0.004,0.369,1,0.000,0.000,0.000,0,304,0,0
7323,4.526,4.526,4.086,0.072,0.005,0.364,1,0.000,0.000,0.000,0,304,0,0
7324,4.619,4.619,4.046,0.072,0.003,0.499,1,0.000,0.000,0.000,0,304,0,0
7325,4.496,4.496,4.056,0.071,0.004,0.365,1,0.000,0.000,0.000,0,304,0,0
7326,4.528,4.528,4.068,0.072,0.003,0.384,1,0.000,0.000,0.000,0,304,0,0
7327,5.718,5.718,5.156,0.073,0.005,0.484,1,0.000,0.000,0.000,0,304,0,0
7328,5.082,5.082,4.637,0.074,0.004,0.367,1,0.000,0.000,0.000,0,304,0,0
7329,5.406,5.406,4.930,0.077,0.004,0.395,1,0.000,0.000,0.000,0,304,0,0
7330,5.095,5.095,4.507,0.072,0.005,0.511,1,0.000,0.000,0.000,0,304,0,0
7331,4.934,4.934,4.504,0.072,0.004,0.354,1,0.000,0.000,0.000,0,304,0,0
7332,4.576,4.576,4.146,0.073,0.004,0.353,1,0.000,0.000,0.000,0,304,0,0
7333,4.849,4.849,4.239,0.071,0.004,0.535,1,0.000,0.000,0.000,0,304,0,0
7334,6.102,6.102,5.625,0.075,0.006,0.395,1,0.000,0.000,0.000,0,304,0,0
7335,4.943,4.943,4.500,0.074,0.004,0.364,1,0.000,0.000,0.000,0,304,0,0
7336,5.296,5.296,4.794,0.073,0.004,0.426,1,0.000,0.000,0.000,0,304,0,0
7337,4.499,4.499,4.098,0.072,0.004,0.324,1,0.000,0.000,0.000,0,304,0,0
7338,4.479,4.479,4.083,0.072,0.004,0.320,1,0.000,0.000,0.000,0,304,0,0
7339,5.244,5.244,4.494,0.089,0.004,0.657,1,0.000,0.000,0.000,0,304,0,0
7340,4.802,4.802,4.389,0.075,0.004,0.334,1,0.000,0.000,0.000,0,320,0,0
7341,4.600,4.600,4.189,0.076,0.004,0.331,1,0.000,0.000,0.000,0,320,0,0
7342,4.584,4.584,4.065,0.075,0.004,0.441,1,0.000,0.000,0.000,0,320,0,0
7343,4.472,4.472,4.064,0.075,0.003,0.331,1,0.000,0.000,0.000,0,320,0,0
7344,4.510,4.510,4.085,0.074,0.004,0.348,1,0.000,0.000,0.000,0,320,0,0
7345,4.603,4.603,4.070,0.076,0.003,0.454,1,0.000,0.000,0.000,0,320,0,0
7346,4.480,4.480,4.053,0.076,0.003,0.348,1,0.000,0.000,0.000,0,320,0,0
7347,5.250,5.250,4.799,0.074,0.004,0.373,1,0.000,0.000,0.000,0,320,0,0
7348,5.464,5.464,4.885,0.076,0.004,0.499,1,0.000,0.000,0.000,0,320,0,0
7349,5.388,5.388,4.891,0.076,0.004,0.417,1,0.000,0.000,0.000,0,320,0,0
7350,5.533,5.533,5.093,0.077,0.005,0.359,1,0.000,0.000,0.000,0,320,0,0
7351,5.397,5.397,4.857,0.076,0.004,0.460,1,0.000,0.000,0.000,0,320,0,0
7352,5.181,5.181,4.760,0.074,0.005,0.342,1,0.000,0.000,0.000,0,320,0,0
7353,5.307,5.307,4.889,0.075,0.005,0.338,1,0.000,0.000,0.000,0,320,0,0
7354,5.482,5.482,4.943,0.075,0.003,0.461,1,0.000,0.000,0.000,0,320,0,0
7355,6.235,6.235,5.785,0.080,0.007,0.363,1,0.000,0.000,0.000,0,320,0,0
7356,5.584,5.584,5.180,0.076,0.004,0.323,1,0.000,0.000,0.000,0,320,0,0
7357,5.612,5.612,5.112,0.078,0.005,0.417,1,0.000,0.000,0.000,0,320,0,0
7358,5.916,5.916,5.583,0.085,0.005,0.244,1,0.000,0.000,0.000,0,320,0,0
7359,5.233,5.233,4.858,0.077,0.004,0.293,1,0.000,0.000,0.000,0,320,0,0
7360,5.026,5.026,4.563,0.077,0.004,0.382,1,0.000,0.000,0.000,0,320,0,0
7361,5.384,5.384,4.988,0.078,0.004,0.314,1,0.000,0.000,0.000,0,320,0,0
7362,4.751,4.751,4.366,0.076,0.003,0.305,1,0.000,0.000,0.000,0,320,0,0
7363,4.849,4.849,4.371,0.075,0.004,0.399,1,0.000,0.000,0.000,0,320,0,0
7364,4.666,4.666,4.283,0.074,0.003,0.305,1,0.000,0.000,0.000,0,320,0,0
7365,4.680,4.680,4.313,0.076,0.004,0.287,1,0.000,0.000,0.000,0,320,0,0
7366,4.718,4.718,4.269,0.075,0.003,0.370,1,0.000,0.000,0.000,0,320,0,0
7367,4.677,4.677,4.338,0.075,0.004,0.261,1,0.000,0.000,0.000,0,320,0,0
7368,4.610,4.610,4.267,0.076,0.004,0.264,1,0.000,0.000,0.000,0,320,0,0
7369,4.790,4.790,4.342,0.075,0.004,0.370,1,0.000,0.000,0.000,0,320,0,0
7370,4.667,4.667,4.314,0.076,0.004,0.273,1,0.000,0.000,0.000,0,320,0,0
7371,4.785,4.785,4.406,0.074,0.004,0.301,1,0.000,0.000,0.000,0,320,0,0
7372,5.235,5.235,4.667,0.083,0.007,0.479,1,0.000,0.000,0.000,0,320,0,0
7373,6.182,6.182,5.745,0.077,0.005,0.356,1,0.000,0.000,0.000,0,320,0,0
7374,5.486,5.486,5.007,0.077,0.005,0.397,1,0.000,0.000,0.000,0,320,0,0
7375,5.890,5.890,5.284,0.077,0.005,0.523,1,0.000,0.000,0.000,0,320,0,0
7376,4.858,4.858,4.423,0.075,0.004,0.355,1,0.000,0.000,0.000,0,320,0,0
7377,5.320,5.320,4.890,0.076,0.006,0.348,1,0.000,0.000,0.000,0,320,0,0
7378,5.627,5.627,5.091,0.086,0.006,0.444,1,0.000,0.000,0.000,0,320,0,0
7379,5.970,5.970,5.414,0.076,0.005,0.475,1,0.000,0.000,0.000,0,320,0,0
7380,4.957,4.957,4.451,0.075,0.005,0.426,1,0.000,0.000,0.000,0,320,0,0
7381,5.056,5.056,4.417,0.076,0.003,0.561,1,0.000,0.000,0.000,0,320,0,0
7382,4.756,4.756,4.251,0.074,0.004,0.426,1,0.000,0.000,0.000,0,320,0,0
7383,5.621,5.621,5.060,0.079,0.007,0.475,1,0.000,0.000,0.000,0,320,0,0
7384,5.394,5.394,4.700,0.141,0.003,0.550,1,0.000,0.000,0.000,0,320,0,0
7385,5.027,5.027,4.554,0.076,0.005,0.392,1,0.000,0.000,0.000,0,320,0,0
7386,6.097,6.097,5.636,0.076,0.005,0.380,1,0.000,0.000,0.000,0,320,0,0
7387,6.690,6.690,6.091,0.084,0.005,0.509,1,0.000,0.000,0.000,0,320,0,0
7388,6.013,6.013,5.598,0.076,0.004,0.336,1,0.000,0.000,0.000,0,320,0,0
7389,5.664,5.664,5.209,0.076,0.005,0.375,1,0.000,0.000,0.000,0,320,0,0
7390,5.952,5.952,5.392,0.078,0.006,0.477,1,0.000,0.000,0.000,0,320,0,0
7391,5.231,5.231,4.774,0.078,0.005,0.374,1,0.000,0.000,0.000,0,320,0,0
7392,4.832,4.832,4.405,0.076,0.004,0.347,1,0.000,0.000,0.000,0,320,0,0
7393,5.101,5.101,4.560,0.076,0.004,0.461,1,0.000,0.000,0.000,0,320,0,0
7394,4.799,4.799,4.278,0.076,0.005,0.441,1,0.000,0.000,0.000,0,320,0,0
7395,4.907,4.907,4.379,0.076,0.004,0.448,1,0.000,0.000,0.000,0,320,0,0
7396,4.684,4.684,4.267,0.076,0.004,0.338,1,0.000,0.000,0.000,0,320,0,0
7397,4.726,4.726,4.305,0.077,0.004,0.341,1,0.000,0.000,0.000,0,320,0,0
7398,4.811,4.811,4.291,0.076,0.004,0.440,1,0.000,0.000,0.000,0,320,0,0
7399,4.624,4.624,4.223,0.075,0.004,0.322,1,0.000,0.000,0.000,0,320,0,0
7400,5.136,5.136,4.609,0.081,0.005,0.441,1,0.000,0.000,0.000,0,320,0,0
7401,4.958,4.958,4.486,0.076,0.005,0.391,1,0.000,0.000,0.000,0,320,0,0
7402,4.657,4.657,4.295,0.076,0.005,0.281,1,0.000,0.000,0.000,0,320,0,0
7403,5.389,5.389,5.028,0.078,0.004,0.279,1,0.000,0.000,0.000,0,320,0,0
7404,5.229,5.229,4.769,0.076,0.006,0.378,1,0.000,0.000,0.000,0,320,0,0
7405,5.352,5.352,4.967,0.076,0.004,0.305,1,0.000,0.000,0.000,0,320,0,0
7406,5.654,5.654,5.249,0.077,0.007,0.321,1,0.000,0.000,0.000,0,320,0,0
7407,4.900,4.900,4.435,0.076,0.004,0.386,1,0.000,0.000,0.000,0,320,0,0
7408,5.541,5.541,5.152,0.076,0.004,0.309,1,0.000,0.000,0.000,0,320,0,0
7409,4.735,4.735,4.332,0.076,0.004,0.323,1,0.000,0.000,0.000,0,320,0,0
7410,5.874,5.874,5.419,0.078,0.007,0.369,1,0.000,0.000,0.000,0,320,0,0
7411,5.298,5.298,4.959,0.075,0.005,0.259,1,0.000,0.000,0.000,0,320,0,0
7412,5.064,5.064,4.717,0.076,0.004,0.267,1,0.000,0.000,0.000,0,320,0,0
7413,4.854,4.854,4.454,0.076,0.004,0.320,1,0.000,0.000,0.000,0,320,0,0
7414,5.600,5.600,5.256,0.078,0.008,0.258,1,0.000,0.000,0.000,0,320,0,0
7415,4.846,4.846,4.555,0.076,0.005,0.209,1,0.000,0.000,0.000,0,320,0,0
7416,5.818,5.818,5.320,0.079,0.006,0.413,1,0.000,0.000,0.000,0,320,0,0
7417,5.070,5.070,4.732,0.077,0.006,0.254,1,0.000,0.000,0.000,0,320,0,0
7418,4.839,4.839,4.517,0.075,0.004,0.242,1,0.000,0.000,0.000,0,320,0,0
7419,4.836,4.836,4.355,0.076,0.004,0.401,1,0.000,0.000,0.000,0,320,0,0
7420,4.687,4.687,4.283,0.076,0.003,0.325,1,0.000,0.000,0.000,0,320,0,0
7421,4.629,4.629,4.228,0.076,0.004,0.321,1,0.000,0.000,0.000,0,320,0,0
7422,4.719,4.719,4.201,0.091,0.004,0.424,1,0.000,0.000,0.000,0,320,0,0
7423,5.557,5.557,5.128,0.080,0.007,0.342,1,0.000,0.000,0.000,0,320,0,0
7424,5.831,5.831,5.445,0.077,0.006,0.303,1,0.000,0.000,0.000,0,320,0,0
7425,5.603,5.603,5.115,0.078,0.005,0.404,1,0.000,0.000,0.000,0,320,0,0
7426,5.968,5.968,5.612,0.075,0.005,0.276,1,0.000,0.000,0.000,0,320,0,0
7427,5.093,5.093,4.742,0.076,0.004,0.272,1,0.000,0.000,0.000,0,320,0,0
7428,7.650,7.650,7.184,0.076,0.004,0.385,1,0.000,0.000,0.000,0,320,0,0
7429,6.339,6.339,5.931,0.081,0.008,0.319,1,0.000,0.000,0.000,0,320,0,0
7430,4.934,4.934,4.582,0.076,0.005,0.271,1,0.000,0.000,0.000,0,320,0,0
7431,4.926,4.926,4.482,0.076,0.015,0.353,1,0.000,0.000,0.000,0,320,0,0
7432,6.021,6.021,5.667,0.078,0.006,0.270,1,0.000,0.000,0.000,0,320,0,0
7433,5.193,5.193,4.827,0.077,0.005,0.284,1,0.000,0.000,0.000,0,320,0,0
7434,5.842,5.842,5.399,0.076,0.005,0.362,1,0.000,0.000,0.000,0,320,0,0
7435,8.724,8.724,8.365,0.078,0.006,0.276,1,0.000,0.000,0.000,0,320,0,0
7436,5.693,5.693,5.352,0.078,0.006,0.257,1,0.000,0.000,0.000,0,320,0,0
7437,5.078,5.078,4.688,0.077,0.004,0.308,1,0.000,0.000,0.000,0,320,0,0
7438,4.982,4.982,4.610,0.075,0.004,0.293,1,0.000,0.000,0.000,0,320,0,0
7439,5.089,5.089,4.641,0.075,0.004,0.368,1,0.000,0.000,0.000,0,320,0,0
7440,5.163,5.163,4.605,0.084,0.005,0.469,1,0.000,0.000,0.000,0,320,0,0
7441,5.654,5.654,5.227,0.075,0.004,0.348,1,0.000,0.000,0.000,0,320,0,0
7442,5.660,5.660,5.230,0.076,0.005,0.350,1,0.000,0.000,0.000,0,320,0,0
7443,5.016,5.016,4.474,0.076,0.004,0.463,1,0.000,0.000,0.000,0,320,0,0
7444,5.535,5.535,5.087,0.081,0.005,0.362,1,0.000,0.000,0.000,0,320,0,0
7445,4.945,4.945,4.505,0.077,0.004,0.359,1,0.000,0.000,0.000,0,320,0,0
7446,4.885,4.885,4.377,0.076,0.004,0.429,1,0.000,0.000,0.000,0,320,0,0
7447,5.640,5.640,5.190,0.079,0.006,0.366,1,0.000,0.000,0.000,0,320,0,0
7448,5.497,5.497,5.053,0.078,0.005,0.361,1,0.000,0.000,0.000,0,320,0,0
7449,5.704,5.704,5.143,0.077,0.005,0.479,1,0.000,0.000,0.000,0,320,0,0
7450,5.412,5.412,4.937,0.093,0.004,0.377,1,0.000,0.000,0.000,0,320,0,0
7451,5.562,5.562,5.121,0.078,0.006,0.357,1,0.000,0.000,0.000,0,320,0,0
7452,5.020,5.020,4.490,0.076,0.005,0.449,1,0.000,0.000,0.000,0,320,0,0
7453,6.100,6.100,5.598,0.077,0.005,0.419,1,0.000,0.000,0.000,0,320,0,0
7454,5.142,5.142,4.783,0.089,0.005,0.266,1,0.000,0.000,0.000,0,320,0,0
7455,6.213,6.213,5.813,0.077,0.006,0.315,1,0.000,0.000,0.000,0,320,0,0
7456,5.076,5.076,4.764,0.076,0.004,0.231,1,0.000,0.000,0.000,0,320,0,0
7457,5.390,5.390,5.072,0.078,0.005,0.235,1,0.000,0.000,0.000,0,320,0,0
7458,5.278,5.278,4.896,0.076,0.005,0.300,1,0.000,0.000,0.000,0,320,0,0
7459,5.684,5.684,5.374,0.078,0.005,0.228,1,0.000,0.000,0.000,0,320,0,0
7460,5.014,5.014,4.729,0.083,0.003,0.199,1,0.000,0.000,0.000,0,320,0,0
7461,5.355,5.355,4.972,0.077,0.005,0.302,1,0.000,0.000,0.000,0,320,0,0
7462,4.740,4.740,4.429,0.076,0.005,0.230,1,0.000,0.000,0.000,0,320,0,0
7463,4.748,4.748,4.417,0.077,0.004,0.250,1,0.000,0.000,0.000,0,320,0,0
7464,4.670,4.670,4.302,0.077,0.004,0.287,1,0.000,0.000,0.000,0,320,0,0
7465,5.428,5.428,5.105,0.074,0.004,0.244,1,0.000,0.000,0.000,0,320,0,0
7466,4.552,4.552,4.264,0.075,0.004,0.208,1,0.000,0.000,0.000,0,320,0,0
7467,4.639,4.639,4.298,0.076,0.003,0.261,1,0.000,0.000,0.000,0,320,0,0
7468,4.727,4.727,4.369,0.076,0.004,0.279,1,0.000,0.000,0.000,0,320,0,0
7469,4.564,4.564,4.216,0.075,0.004,0.268,1,0.000,0.000,0.000,0,320,0,0
7470,4.646,4.646,4.219,0.075,0.004,0.348,1,0.000,0.000,0.000,0,320,0,0
7471,4.525,4.525,4.178,0.076,0.004,0.267,1,0.000,0.000,0.000,0,320,0,0
7472,4.521,4.521,4.179,0.074,0.004,0.264,1,0.000,0.000,0.000,0,320,0,0
7473,4.887,4.887,4.478,0.077,0.004,0.329,1,0.000,0.000,0.000,0,320,0,0
7474,4.737,4.737,4.407,0.075,0.004,0.251,1,0.000,0.000,0.000,0,320,0,0
7475,4.644,4.644,4.341,0.076,0.004,0.223,1,0.000,0.000,0.000,0,320,0,0
7476,4.680,4.680,4.190,0.075,0.004,0.411,1,0.000,0.000,0.000,0,320,0,0
7477,4.531,4.531,4.176,0.075,0.004,0.276,1,0.000,0.000,0.000,0,320,0,0
7478,4.643,4.643,4.230,0.075,0.004,0.335,1,0.000,0.000,0.000,0,320,0,0
7479,4.801,4.801,4.220,0.075,0.003,0.502,1,0.000,0.000,0.000,0,320,0,0
7480,4.620,4.620,4.176,0.076,0.004,0.364,1,0.000,0.000,0.000,0,320,0,0
7481,5.012,5.012,4.530,0.095,0.006,0.381,1,0.000,0.000,0.000,0,320,0,0
7482,4.904,4.904,4.325,0.076,0.005,0.497,1,0.000,0.000,0.000,0,320,0,0
7483,4.711,4.711,4.260,0.077,0.004,0.370,1,0.000,0.000,0.000,0,320,0,0
7484,4.608,4.608,4.167,0.075,0.004,0.361,1,0.000,0.000,0.000,0,320,0,0
7485,4.754,4.754,4.198,0.075,0.004,0.477,1,0.000,0.000,0.000,0,320,0,0
7486,4.585,4.585,4.171,0.075,0.004,0.335,1,0.000,0.000,0.000,0,320,0,0
7487,6.522,6.522,6.102,0.079,0.004,0.337,1,0.000,0.000,0.000,0,320,0,0
7488,5.201,5.201,4.644,0.076,0.004,0.477,1,0.000,0.000,0.000,0,320,0,0
7489,4.733,4.733,4.305,0.076,0.004,0.348,1,0.000,0.000,0.000,0,320,0,0
7490,4.699,4.699,4.269,0.076,0.004,0.351,1,0.000,0.000,0.000,0,320,0,0
7491,4.709,4.709,4.209,0.075,0.004,0.421,1,0.000,0.000,0.000,0,320,0,0
7492,5.504,5.504,5.099,0.078,0.007,0.320,1,0.000,0.000,0.000,0,320,0,0
7493,5.831,5.831,5.362,0.086,0.008,0.375,1,0.000,0.000,0.000,0,320,0,0
7494,5.682,5.682,5.138,0.078,0.004,0.461,1,0.000,0.000,0.000,0,320,0,0
7495,5.835,5.835,5.429,0.077,0.006,0.323,1,0.000,0.000,0.000,0,320,0,0
7496,5.744,5.744,5.276,0.076,0.005,0.387,1,0.000,0.000,0.000,0,320,0,0
7497,5.435,5.435,5.053,0.077,0.006,0.298,1,0.000,0.000,0.000,0,320,0,0
7498,4.895,4.895,4.421,0.077,0.004,0.393,1,0.000,0.000,0.000,0,320,0,0
7499,5.831,5.831,5.393,0.100,0.004,0.333,1,0.000,0.000,0.000,0,320,0,0
7500,4.936,4.936,4.601,0.076,0.006,0.254,1,0.000,0.000,0.000,0,320,0,0
7501,4.674,4.674,4.351,0.075,0.004,0.244,1,0.000,0.000,0.000,0,320,0,0
7502,5.428,5.428,5.036,0.077,0.004,0.311,1,0.000,0.000,0.000,0,320,0,0
7503,6.161,6.161,5.839,0.077,0.004,0.241,1,0.000,0.000,0.000,0,320,0,0
7504,5.403,5.403,5.048,0.077,0.006,0.272,1,0.000,0.000,0.000,0,320,0,0
7505,5.282,5.282,4.904,0.080,0.004,0.295,1,0.000,0.000,0.000,0,320,0,0
7506,4.872,4.872,4.584,0.077,0.006,0.206,1,0.000,0.000,0.000,0,320,0,0
7507,4.742,4.742,4.467,0.075,0.003,0.196,1,0.000,0.000,0.000,0,320,0,0
7508,4.727,4.727,4.311,0.075,0.004,0.336,1,0.000,0.000,0.000,0,320,0,0
7509,4.551,4.551,4.238,0.076,0.004,0.233,1,0.000,0.000,0.000,0,320,0,0
7510,4.744,4.744,4.440,0.076,0.004,0.223,1,0.000,0.000,0.000,0,320,0,0
7511,4.595,4.595,4.224,0.075,0.004,0.292,1,0.000,0.000,0.000,0,320,0,0
7512,5.221,5.221,4.893,0.077,0.005,0.246,1,0.000,0.000,0.000,0,320,0,0
7513,4.797,4.797,4.277,0.076,0.003,0.441,1,0.000,0.000,0.000,0,320,0,0
7514,4.939,4.939,4.347,0.076,0.005,0.510,1,0.000,0.000,0.000,0,320,0,0
7515,4.635,4.635,4.189,0.076,0.004,0.365,1,0.000,0.000,0.000,0,320,0,0
7516,4.647,4.647,4.202,0.076,0.004,0.366,1,0.000,0.000,0.000,0,320,0,0
7517,4.752,4.752,4.211,0.076,0.004,0.462,1,0.000,0.000,0.000,0,320,0,0
7518,4.652,4.652,4.226,0.075,0.004,0.347,1,0.000,0.000,0.000,0,320,0,0
7519,5.449,5.449,5.015,0.082,0.006,0.346,1,0.000,0.000,0.000,0,320,0,0
7520,6.213,6.213,5.689,0.077,0.005,0.442,1,0.000,0.000,0.000,0,320,0,0
7521,5.024,5.024,4.643,0.077,0.005,0.300,1,0.000,0.000,0.000,0,320,0,0
7522,5.672,5.672,5.109,0.076,0.004,0.483,1,0.000,0.000,0.000,0,320,0,0
7523,5.908,5.908,5.375,0.077,0.005,0.450,1,0.000,0.000,0.000,0,320,0,0
7524,6.052,6.052,5.631,0.078,0.006,0.337,1,0.000,0.000,0.000,0,320,0,0
7525,4.883,4.883,4.488,0.077,0.004,0.314,1,0.000,0.000,0.000,0,320,0,0
7526,5.387,5.387,4.889,0.076,0.004,0.418,1,0.000,0.000,0.000,0,320,0,0
7527,4.898,4.898,4.470,0.075,0.004,0.348,1,0.000,0.000,0.000,0,320,0,0
7528,4.944,4.944,4.528,0.077,0.005,0.334,1,0.000,0.000,0.000,0,320,0,0
7529,4.744,4.744,4.276,0.075,0.004,0.388,1,0.000,0.000,0.000,0,320,0,0
7530,4.616,4.616,4.241,0.076,0.004,0.295,1,0.000,0.000,0.000,0,320,0,0
7531,4.769,4.769,4.201,0.076,0.005,0.487,1,0.000,0.000,0.000,0,320,0,0
7532,5.474,5.474,5.008,0.081,0.005,0.379,1,0.000,0.000,0.000,0,320,0,0
7533,5.857,5.857,5.506,0.077,0.004,0.271,1,0.000,0.000,0.000,0,320,0,0
7534,5.020,5.020,4.673,0.077,0.005,0.265,1,0.000,0.000,0.000,0,320,0,0
7535,5.007,5.007,4.549,0.076,0.004,0.378,1,0.000,0.000,0.000,0,320,0,0
7536,4.575,4.575,4.249,0.075,0.004,0.247,1,0.000,0.000,0.000,0,320,0,0
7537,5.411,5.411,5.025,0.084,0.007,0.295,1,0.000,0.000,0.000,0,320,0,0
7538,5.253,5.253,4.752,0.077,0.006,0.418,1,0.000,0.000,0.000,0,320,0,0
7539,4.735,4.735,4.310,0.074,0.004,0.347,1,0.000,0.000,0.000,0,320,0,0
7540,5.315,5.315,4.892,0.076,0.004,0.343,1,0.000,0.000,0.000,0,320,0,0
7541,4.812,4.812,4.278,0.075,0.005,0.454,1,0.000,0.000,0.000,0,320,0,0
7542,5.324,5.324,4.889,0.075,0.005,0.355,1,0.000,0.000,0.000,0,320,0,0
7543,4.904,4.904,4.371,0.076,0.004,0.454,1,0.000,0.000,0.000,0,320,0,0
7544,4.891,4.891,4.323,0.076,0.004,0.487,1,0.000,0.000,0.000,0,320,0,0
7545,6.653,6.653,6.213,0.077,0.007,0.356,1,0.000,0.000,0.000,0,320,0,0
7546,5.706,5.706,5.277,0.077,0.005,0.347,1,0.000,0.000,0.000,0,320,0,0
7547,5.628,5.628,5.063,0.079,0.006,0.481,1,0.000,0.000,0.000,0,320,0,0
7548,5.661,5.661,5.223,0.078,0.004,0.356,1,0.000,0.000,0.000,0,320,0,0
7549,5.958,5.958,5.501,0.118,0.004,0.336,1,0.000,0.000,0.000,0,328,1,0
7550,6.328,6.328,5.833,0.086,0.004,0.405,1,0.000,0.000,0.000,0,328,0,0
7551,6.848,6.848,6.511,0.078,0.007,0.253,1,0.000,0.000,0.000,0,328,0,0
7552,6.064,6.064,5.689,0.079,0.006,0.289,1,0.000,0.000,0.000,0,328,0,0
7553,5.587,5.587,5.111,0.078,0.004,0.393,1,0.000,0.000,0.000,0,328,0,0
7554,5.546,5.546,5.194,0.079,0.004,0.269,1,0.000,0.000,0.000,0,328,0,0
7555,5.358,5.358,5.009,0.078,0.006,0.266,1,0.000,0.000,0.000,0,328,0,0
7556,5.162,5.162,4.670,0.157,0.004,0.331,1,0.000,0.000,0.000,0,328,0,0
7557,5.110,5.110,4.677,0.078,0.005,0.350,1,0.000,0.000,0.000,0,328,0,0
7558,4.633,4.633,4.182,0.077,0.004,0.369,1,0.000,0.000,0.000,0,328,0,0
7559,5.433,5.433,4.785,0.185,0.004,0.459,1,0.000,0.000,0.000,0,328,0,0
7560,4.773,4.773,4.286,0.078,0.006,0.403,1,0.000,0.000,0.000,0,328,0,0
7561,6.353,6.353,5.920,0.077,0.004,0.352,1,0.000,0.000,0.000,0,328,0,0
7562,6.568,6.568,5.963,0.082,0.006,0.517,1,0.000,0.000,0.000,0,328,0,0
7563,5.417,5.417,4.962,0.078,0.006,0.371,1,0.000,0.000,0.000,0,328,0,0
7564,4.679,4.679,4.233,0.078,0.004,0.363,1,0.000,0.000,0.000,0,328,0,0
7565,5.246,5.246,4.737,0.078,0.004,0.426,1,0.000,0.000,0.000,0,328,0,0
7566,4.645,4.645,4.170,0.078,0.004,0.393,1,0.000,0.000,0.000,0,328,0,0
7567,4.712,4.712,4.280,0.078,0.004,0.350,1,0.000,0.000,0.000,0,328,0,0
7568,4.632,4.632,4.148,0.077,0.003,0.404,1,0.000,0.000,0.000,0,328,0,0
7569,5.319,5.319,4.928,0.083,0.005,0.303,1,0.000,0.000,0.000,0,328,0,0
7570,4.859,4.859,4.476,0.078,0.004,0.302,1,0.000,0.000,0.000,0,352,0,0
7571,4.663,4.663,4.195,0.078,0.004,0.386,1,0.000,0.000,0.000,0,376,0,0
7572,4.841,4.841,4.337,0.079,0.004,0.421,1,0.000,0.000,0.000,0,400,0,0
7573,4.559,4.559,4.123,0.079,0.004,0.353,1,0.000,0.000,0.000,0,424,0,0
7574,4.640,4.640,4.107,0.078,0.003,0.452,1,0.000,0.000,0.000,0,448,0,0
7575,4.501,4.501,4.078,0.079,0.004,0.341,1,0.000,0.000,0.000,0,472,0,0
7576,4.523,4.523,4.100,0.079,0.004,0.340,1,0.000,0.000,0.000,0,496,0,0
7577,4.645,4.645,4.127,0.078,0.004,0.436,1,0.000,0.000,0.000,0,520,0,0
7578,4.707,4.707,4.295,0.078,0.003,0.331,1,0.000,0.000,0.000,0,532,0,0
7579,4.590,4.590,4.188,0.079,0.003,0.321,1,0.000,0.000,0.000,0,532,0,0
7580,4.817,4.817,4.286,0.079,0.003,0.448,1,0.000,0.000,0.000,0,532,0,0
7581,4.580,4.580,4.159,0.080,0.004,0.337,1,0.000,0.000,0.000,0,532,0,0
7582,4.724,4.724,4.259,0.078,0.003,0.383,1,0.000,0.000,0.000,0,532,0,0
7583,4.788,4.788,4.218,0.079,0.004,0.488,1,0.000,0.000,0.000,0,532,0,0
7584,4.576,4.576,4.136,0.079,0.004,0.358,1,0.000,0.000,0.000,0,532,0,0
7585,4.532,4.532,4.095,0.079,0.003,0.355,1,0.000,0.000,0.000,0,532,0,0
7586,4.728,4.728,4.174,0.079,0.004,0.471,1,0.000,0.000,0.000,0,532,0,0
7587,4.761,4.761,4.305,0.080,0.004,0.372,1,0.000,0.000,0.000,0,532,0,0
7588,4.493,4.493,4.146,0.079,0.003,0.264,1,0.000,0.000,0.000,0,532,0,0
7589,4.611,4.611,4.177,0.079,0.003,0.352,1,0.000,0.000,0.000,0,532,0,0
7590,5.015,5.015,4.630,0.093,0.006,0.286,1,0.000,0.000,0.000,0,532,0,0
7591,4.627,4.627,4.266,0.080,0.005,0.276,1,0.000,0.000,0.000,0,532,0,0
7592,4.668,4.668,4.250,0.080,0.003,0.336,1,0.000,0.000,0.000,0,532,0,0
7593,4.498,4.498,4.171,0.079,0.003,0.246,1,0.000,0.000,0.000,0,532,0,0
7594,4.544,4.544,4.256,0.079,0.004,0.206,1,0.000,0.000,0.000,0,532,0,0
7595,4.493,4.493,4.143,0.079,0.003,0.268,1,0.000,0.000,0.000,0,532,0,0
7596,4.338,4.338,4.090,0.079,0.003,0.166,1,0.000,0.000,0.000,0,532,0,0
7597,4.585,4.585,4.226,0.079,0.004,0.276,1,0.000,0.000,0.000,0,532,0,0
7598,6.713,6.713,6.390,0.082,0.006,0.235,1,0.000,0.000,0.000,0,532,0,0
7599,5.015,5.015,4.720,0.080,0.004,0.211,1,0.000,0.000,0.000,0,532,0,0
7600,5.174,5.174,4.811,0.080,0.005,0.279,1,0.000,0.000,0.000,0,532,0,0
7601,4.705,4.705,4.415,0.080,0.004,0.206,1,0.000,0.000,0.000,0,532,0,0
7602,4.554,4.554,4.239,0.080,0.004,0.232,1,0.000,0.000,0.000,0,532,0,0
7603,4.545,4.545,4.165,0.079,0.003,0.297,1,0.000,0.000,0.000,0,532,0,0
7604,5.468,5.468,5.152,0.084,0.007,0.226,1,0.000,0.000,0.000,0,532,0,0
7605,5.306,5.306,5.008,0.082,0.005,0.211,1,0.000,0.000,0.000,0,532,0,0
7606,4.867,4.867,4.506,0.081,0.004,0.276,1,0.000,0.000,0.000,0,532,0,0
7607,4.650,4.650,4.337,0.080,0.005,0.228,1,0.000,0.000,0.000,0,532,0,0
7608,4.566,4.566,4.269,0.078,0.003,0.215,1,0.000,0.000,0.000,0,532,0,0
7609,4.699,4.699,4.284,0.079,0.003,0.333,1,0.000,0.000,0.000,0,532,0,0
7610,4.511,4.511,4.137,0.080,0.004,0.290,1,0.000,0.000,0.000,0,532,0,0
7611,6.169,6.169,5.760,0.081,0.005,0.323,1,0.000,0.000,0.000,0,528,0,0
7612,5.420,5.420,4.804,0.079,0.005,0.533,1,0.000,0.000,0.000,0,528,0,0
7613,6.105,6.105,5.584,0.079,0.006,0.436,1,0.000,0.000,0.000,0,328,0,0
7614,5.426,5.426,4.940,0.079,0.005,0.401,1,0.000,0.000,0.000,0,328,0,0
7615,4.899,4.899,4.320,0.078,0.004,0.496,1,0.000,0.000,0.000,0,328,0,0
7616,4.796,4.796,4.351,0.076,0.004,0.365,1,0.000,0.000,0.000,0,328,0,0
7617,5.337,5.337,4.763,0.082,0.004,0.487,1,0.000,0.000,0.000,0,328,0,0
7618,5.133,5.133,4.536,0.078,0.005,0.514,1,0.000,0.000,0.000,0,328,0,0
7619,5.226,5.226,4.765,0.080,0.005,0.376,1,0.000,0.000,0.000,0,328,0,0
7620,5.302,5.302,4.857,0.078,0.004,0.363,1,0.000,0.000,0.000,0,328,0,0
7621,4.728,4.728,4.171,0.078,0.004,0.475,1,0.000,0.000,0.000,0,328,0,0
7622,5.112,5.112,4.670,0.078,0.003,0.362,1,0.000,0.000,0.000,0,328,0,0
7623,4.564,4.564,4.127,0.077,0.004,0.356,1,0.000,0.000,0.000,0,328,0,0
7624,5.376,5.376,4.871,0.079,0.004,0.422,1,0.000,0.000,0.000,0,328,0,0
7625,4.600,4.600,4.215,0.079,0.004,0.302,1,0.000,0.000,0.000,0,328,0,0
7626,4.702,4.702,4.322,0.078,0.004,0.298,1,0.000,0.000,0.000,0,328,0,0
7627,5.088,5.088,4.647,0.077,0.004,0.360,1,0.000,0.000,0.000,0,328,0,0
7628,4.399,4.399,4.058,0.077,0.003,0.261,1,0.000,0.000,0.000,0,328,0,0
7629,4.734,4.734,4.367,0.079,0.003,0.285,1,0.000,0.000,0.000,0,324,0,0
7630,4.576,4.576,4.150,0.075,0.003,0.348,1,0.000,0.000,0.000,0,324,0,0
7631,4.739,4.739,4.381,0.076,0.003,0.279,1,0.000,0.000,0.000,0,324,0,0
7632,6.391,6.391,5.887,0.087,0.005,0.412,1,0.000,0.000,0.000,0,324,0,0
7633,5.187,5.187,4.673,0.079,0.005,0.430,1,0.000,0.000,0.000,0,324,0,0
7634,6.074,6.074,5.645,0.078,0.007,0.344,1,0.000,0.000,0.000,0,324,0,0
7635,5.022,5.022,4.599,0.078,0.004,0.340,1,0.000,0.000,0.000,0,324,0,0
7636,5.398,5.398,4.899,0.077,0.004,0.418,1,0.000,0.000,0.000,0,324,0,0
7637,4.751,4.751,4.368,0.076,0.004,0.303,1,0.000,0.000,0.000,0,324,0,0
7638,4.907,4.907,4.531,0.078,0.004,0.294,1,0.000,0.000,0.000,0,324,0,0
7639,4.646,4.646,4.209,0.077,0.004,0.357,1,0.000,0.000,0.000,0,324,0,0
7640,4.487,4.487,4.148,0.077,0.003,0.258,1,0.000,0.000,0.000,0,324,0,0
7641,4.582,4.582,4.247,0.077,0.003,0.254,1,0.000,0.000,0.000,0,324,0,0
7642,4.778,4.778,4.268,0.078,0.004,0.427,1,0.000,0.000,0.000,0,324,0,0
7643,4.532,4.532,4.108,0.076,0.003,0.345,1,0.000,0.000,0.000,0,324,0,0
7644,5.446,5.446,4.999,0.081,0.006,0.360,1,0.000,0.000,0.000,0,324,0,0
7645,5.209,5.209,4.657,0.079,0.004,0.469,1,0.000,0.000,0.000,0,324,0,0
7646,4.801,4.801,4.355,0.078,0.004,0.364,1,0.000,0.000,0.000,0,324,0,0
7647,4.492,4.492,4.118,0.077,0.004,0.294,1,0.000,0.000,0.000,0,324,0,0
7648,4.520,4.520,4.120,0.077,0.004,0.319,1,0.000,0.000,0.000,0,324,0,0
7649,4.368,4.368,4.046,0.076,0.003,0.243,1,0.000,0.000,0.000,0,324,0,0
7650,4.372,4.372,4.050,0.077,0.004,0.242,1,0.000,0.000,0.000,0,324,0,0
7651,5.995,5.995,5.579,0.079,0.005,0.332,1,0.000,0.000,0.000,0,324,0,0
7652,6.666,6.666,6.353,0.078,0.005,0.230,1,0.000,0.000,0.000,0,324,0,0
7653,5.393,5.393,5.082,0.080,0.006,0.225,1,0.000,0.000,0.000,0,324,0,0
7654,5.299,5.299,4.844,0.078,0.006,0.371,1,0.000,0.000,0.000,0,324,0,0
7655,4.617,4.617,4.272,0.077,0.004,0.264,1,0.000,0.000,0.000,0,320,0,0
7656,4.603,4.603,4.245,0.076,0.003,0.280,1,0.000,0.000,0.000,0,320,0,0
7657,4.682,4.682,4.211,0.076,0.004,0.391,1,0.000,0.000,0.000,0,320,0,0
7658,4.376,4.376,4.072,0.076,0.004,0.224,1,0.000,0.000,0.000,0,320,0,0
7659,4.883,4.883,4.730,0.079,0.005,0.069,1,0.000,0.000,0.000,0,320,0,0
7660,4.687,4.687,4.515,0.078,0.005,0.090,1,0.000,0.000,0.000,0,328,0,0
7661,5.211,5.211,5.060,0.078,0.005,0.068,1,0.000,0.000,0.000,0,324,0,0
7662,4.744,4.744,4.597,0.080,0.004,0.063,1,0.000,0.000,0.000,0,324,0,0
7663,5.521,5.521,5.136,0.080,0.006,0.299,1,0.000,0.000,0.000,0,324,0,0
7664,5.261,5.261,4.926,0.082,0.004,0.249,1,0.000,0.000,0.000,0,324,0,0
7665,4.537,4.537,4.210,0.077,0.004,0.246,1,0.000,0.000,0.000,0,324,0,0
7666,4.451,4.451,4.045,0.077,0.004,0.325,1,0.000,0.000,0.000,0,320,0,0
7667,4.395,4.395,4.070,0.077,0.003,0.245,1,0.000,0.000,0.000,0,320,0,0
7668,4.294,4.294,3.954,0.075,0.004,0.261,1,0.000,0.000,0.000,0,316,0,0
7669,4.339,4.339,3.937,0.074,0.003,0.324,1,0.000,0.000,0.000,0,312,0,0
7670,4.321,4.321,3.999,0.074,0.004,0.244,1,0.000,0.000,0.000,0,312,0,0
7671,5.290,5.290,4.937,0.088,0.005,0.259,1,0.000,0.000,0.000,0,304,0,0
7672,4.869,4.869,4.414,0.074,0.004,0.377,1,0.000,0.000,0.000,0,304,0,0
7673,4.479,4.479,4.145,0.073,0.004,0.257,1,0.000,0.000,0.000,0,304,0,0
7674,4.419,4.419,4.086,0.072,0.003,0.258,1,0.000,0.000,0.000,0,304,0,0
7675,4.635,4.635,4.113,0.073,0.004,0.445,1,0.000,0.000,0.000,0,304,0,0
7676,4.856,4.856,4.405,0.082,0.005,0.365,1,0.000,0.000,0.000,0,304,0,0
7677,6.010,6.010,5.541,0.074,0.006,0.390,1,0.000,0.000,0.000,0,304,0,0
7678,5.471,5.471,4.869,0.080,0.005,0.516,1,0.000,0.000,0.000,0,304,0,0
7679,5.772,5.772,5.291,0.074,0.005,0.402,1,0.000,0.000,0.000,0,304,0,0
7680,4.713,4.713,4.253,0.073,0.004,0.383,1,0.000,0.000,0.000,0,304,0,0
7681,5.893,5.893,4.897,0.072,0.005,0.919,1,0.000,0.000,0.000,0,304,0,0
7682,5.373,5.373,4.883,0.080,0.006,0.405,1,0.000,0.000,0.000,0,304,0,0
7683,5.314,5.314,4.846,0.073,0.004,0.392,1,0.000,0.000,0.000,0,304,0,0
7684,5.538,5.538,4.883,0.075,0.009,0.572,1,0.000,0.000,0.000,0,304,0,0
7685,5.509,5.509,5.005,0.073,0.004,0.427,1,0.000,0.000,0.000,0,304,0,0
7686,5.098,5.098,4.592,0.074,0.005,0.427,1,0.000,0.000,0.000,0,304,0,0
7687,4.945,4.945,4.378,0.074,0.004,0.489,1,0.000,0.000,0.000,0,304,0,0
7688,4.492,4.492,4.093,0.072,0.004,0.323,1,0.000,0.000,0.000,0,304,0,0
7689,4.400,4.400,4.003,0.073,0.003,0.320,1,0.000,0.000,0.000,0,304,0,0
7690,4.627,4.627,4.084,0.071,0.004,0.468,1,0.000,0.000,0.000,0,304,0,0
7691,5.131,5.131,4.717,0.080,0.005,0.329,1,0.000,0.000,0.000,0,304,0,0
7692,5.669,5.669,5.236,0.076,0.008,0.349,1,0.000,0.000,0.000,0,304,0,0
7693,4.812,4.812,4.319,0.073,0.004,0.416,1,0.000,0.000,0.000,0,304,0,0
7694,5.034,5.034,4.558,0.102,0.004,0.370,1,0.000,0.000,0.000,0,304,0,0
7695,5.473,5.473,4.949,0.074,0.006,0.444,1,0.000,0.000,0.000,0,304,0,0
7696,4.927,4.927,4.517,0.074,0.005,0.331,1,0.000,0.000,0.000,0,304,0,0
7697,4.559,4.559,4.163,0.074,0.004,0.318,1,0.000,0.000,0.000,0,304,0,0
7698,5.804,5.804,5.312,0.073,0.003,0.416,1,0.000,0.000,0.000,0,304,0,0
7699,4.569,4.569,4.183,0.072,0.003,0.311,1,0.000,0.000,0.000,0,304,0,0
7700,4.564,4.564,4.222,0.070,0.004,0.267,1,0.000,0.000,0.000,0,300,0,0
7701,5.121,5.121,4.675,0.072,0.004,0.370,1,0.000,0.000,0.000,0,304,0,0
7702,4.455,4.455,4.100,0.072,0.003,0.280,1,0.000,0.000,0.000,0,304,0,0
7703,4.460,4.460,4.078,0.093,0.003,0.286,1,0.000,0.000,0.000,0,304,0,0
7704,4.478,4.478,4.047,0.072,0.004,0.355,1,0.000,0.000,0.000,0,304,0,0
7705,4.363,4.363,4.008,0.072,0.003,0.279,1,0.000,0.000,0.000,0,304,0,0
7706,4.315,4.315,3.964,0.073,0.003,0.275,1,0.000,0.000,0.000,0,304,0,0
7707,4.460,4.460,4.022,0.072,0.003,0.363,1,0.000,0.000,0.000,0,304,0,0
7708,4.288,4.288,3.927,0.071,0.003,0.286,1,0.000,0.000,0.000,0,304,0,0
7709,4.318,4.318,3.981,0.071,0.004,0.261,1,0.000,0.000,0.000,0,304,0,0
7710,4.487,4.487,4.064,0.071,0.003,0.348,1,0.000,0.000,0.000,0,304,0,0
7711,4.490,4.490,4.076,0.072,0.004,0.338,1,0.000,0.000,0.000,0,304,0,0
7712,5.636,5.636,5.185,0.088,0.004,0.359,1,0.000,0.000,0.000,0,332,0,0
7713,5.502,5.502,4.918,0.077,0.006,0.500,1,0.000,0.000,0.000,0,356,0,0
7714,6.015,6.015,5.594,0.076,0.005,0.339,1,0.000,0.000,0.000,0,384,0,0
7715,4.954,4.954,4.539,0.076,0.004,0.335,1,0.000,0.000,0.000,0,408,0,0
7716,4.903,4.903,4.383,0.076,0.004,0.440,1,0.000,0.000,0.000,0,432,0,0
7717,4.711,4.711,4.294,0.076,0.004,0.337,1,0.000,0.000,0.000,0,456,0,0
7718,4.531,4.531,4.153,0.075,0.004,0.299,1,0.000,0.000,0.000,0,480,0,0
7719,4.648,4.648,4.177,0.075,0.003,0.394,1,0.000,0.000,0.000,0,504,0,0
7720,4.800,4.800,4.396,0.080,0.005,0.320,1,0.000,0.000,0.000,0,528,0,0
7721,4.663,4.663,4.255,0.076,0.004,0.329,1,0.000,0.000,0.000,0,552,0,0
7722,4.804,4.804,4.323,0.077,0.004,0.401,1,0.000,0.000,0.000,0,576,0,0
7723,4.634,4.634,4.187,0.075,0.004,0.369,1,0.000,0.000,0.000,0,600,0,0
7724,4.787,4.787,4.347,0.076,0.003,0.361,1,0.000,0.000,0.000,0,624,0,0
7725,4.792,4.792,4.234,0.076,0.003,0.479,1,0.000,0.000,0.000,0,652,0,0
7726,5.638,5.638,5.160,0.079,0.004,0.396,1,0.000,0.000,0.000,0,672,0,0
7727,5.711,5.711,5.215,0.076,0.006,0.414,1,0.000,0.000,0.000,0,700,0,0
7728,5.643,5.643,5.039,0.076,0.005,0.523,1,0.000,0.000,0.000,0,724,0,0
7729,5.337,5.337,4.810,0.079,0.006,0.442,1,0.000,0.000,0.000,0,732,0,0
7730,5.079,5.079,4.563,0.078,0.005,0.434,1,0.000,0.000,0.000,0,732,0,0
7731,4.976,4.976,4.317,0.076,0.003,0.580,1,0.000,0.000,0.000,0,732,0,0
7732,6.930,6.930,6.399,0.083,0.004,0.444,1,0.000,0.000,0.000,0,732,0,0
7733,5.521,5.521,5.012,0.076,0.005,0.428,1,0.000,0.000,0.000,0,732,0,0
7734,6.155,6.155,5.482,0.079,0.007,0.587,1,0.000,0.000,0.000,0,732,0,0
7735,5.206,5.206,4.689,0.078,0.015,0.425,1,0.000,0.000,0.000,0,732,0,0
7736,4.799,4.799,4.358,0.076,0.003,0.361,1,0.000,0.000,0.000,0,732,0,0
7737,4.784,4.784,4.254,0.076,0.004,0.450,1,0.000,0.000,0.000,0,736,0,0
7738,4.635,4.635,4.220,0.077,0.004,0.334,1,0.000,0.000,0.000,0,736,0,0
7739,6.114,6.114,5.687,0.080,0.006,0.342,1,0.000,0.000,0.000,0,736,0,0
7740,5.081,5.081,4.568,0.077,0.004,0.432,1,0.000,0.000,0.000,0,736,0,0
7741,5.368,5.368,4.994,0.077,0.005,0.291,1,0.000,0.000,0.000,0,736,0,0
7742,4.729,4.729,4.360,0.077,0.004,0.288,1,0.000,0.000,0.000,0,732,0,0
7743,4.808,4.808,4.360,0.076,0.004,0.368,1,0.000,0.000,0.000,0,732,0,0
7744,5.184,5.184,4.777,0.084,0.006,0.317,1,0.000,0.000,0.000,0,732,0,0
7745,4.665,4.665,4.304,0.076,0.005,0.280,1,0.000,0.000,0.000,0,732,0,0
7746,4.757,4.757,4.322,0.076,0.003,0.356,1,0.000,0.000,0.000,0,732,0,0
7747,4.483,4.483,4.153,0.076,0.003,0.252,1,0.000,0.000,0.000,0,732,0,0
7748,4.782,4.782,4.400,0.140,0.004,0.238,1,0.000,0.000,0.000,0,732,0,0
7749,4.633,4.633,4.211,0.077,0.004,0.341,1,0.000,0.000,0.000,0,736,0,0
7750,4.421,4.421,4.079,0.076,0.003,0.262,1,0.000,0.000,0.000,0,736,0,0
7751,4.439,4.439,4.110,0.076,0.004,0.248,1,0.000,0.000,0.000,0,736,0,0
7752,4.644,4.644,4.243,0.077,0.003,0.321,1,0.000,0.000,0.000,0,736,0,0
7753,7.168,7.168,6.698,0.118,0.007,0.345,1,0.000,0.000,0.000,0,732,1,0
7754,5.705,5.705,5.332,0.077,0.004,0.292,1,0.000,0.000,0.000,0,732,0,0
7755,6.213,6.213,5.714,0.079,0.006,0.414,1,0.000,0.000,0.000,0,732,0,0
7756,5.419,5.419,5.010,0.078,0.005,0.325,1,0.000,0.000,0.000,0,732,0,0
7757,5.634,5.634,5.226,0.082,0.004,0.323,1,0.000,0.000,0.000,0,732,0,0
7758,5.234,5.234,4.753,0.075,0.004,0.401,1,0.000,0.000,0.000,0,728,0,0
7759,5.417,5.417,4.961,0.076,0.005,0.376,1,0.000,0.000,0.000,0,728,0,0
7760,5.631,5.631,5.155,0.089,0.007,0.380,1,0.000,0.000,0.000,0,728,0,0
7761,5.057,5.057,4.552,0.075,0.004,0.425,1,0.000,0.000,0.000,0,724,0,0
7762,4.642,4.642,4.238,0.075,0.004,0.325,1,0.000,0.000,0.000,0,724,0,0
7763,4.546,4.546,4.173,0.074,0.003,0.296,1,0.000,0.000,0.000,0,724,0,0
7764,4.681,4.681,4.213,0.074,0.003,0.391,1,0.000,0.000,0.000,0,724,0,0
7765,4.505,4.505,4.141,0.074,0.004,0.286,1,0.000,0.000,0.000,0,724,0,0
7766,4.514,4.514,4.142,0.074,0.004,0.295,1,0.000,0.000,0.000,0,724,0,0
7767,5.350,5.350,4.855,0.076,0.007,0.412,1,0.000,0.000,0.000,0,724,0,0
7768,4.713,4.713,4.351,0.076,0.004,0.283,1,0.000,0.000,0.000,0,724,0,0
7769,4.969,4.969,4.579,0.076,0.005,0.308,1,0.000,0.000,0.000,0,724,0,0
7770,4.877,4.877,4.400,0.074,0.004,0.399,1,0.000,0.000,0.000,0,720,0,0
7771,5.331,5.331,4.849,0.075,0.004,0.404,1,0.000,0.000,0.000,0,720,0,0
7772,4.674,4.674,4.219,0.074,0.004,0.376,1,0.000,0.000,0.000,0,720,0,0
7773,4.813,4.813,4.202,0.073,0.003,0.535,1,0.000,0.000,0.000,0,720,0,0
7774,4.547,4.547,4.087,0.073,0.004,0.383,1,0.000,0.000,0.000,0,720,0,0
7775,4.622,4.622,4.151,0.072,0.003,0.395,1,0.000,0.000,0.000,0,720,0,0
7776,4.724,4.724,4.146,0.073,0.003,0.502,1,0.000,0.000,0.000,0,720,0,0
7777,4.567,4.567,4.102,0.073,0.003,0.389,1,0.000,0.000,0.000,0,720,0,0
7778,6.220,6.220,5.733,0.074,0.006,0.407,1,0.000,0.000,0.000,0,716,0,0
7779,5.140,5.140,4.587,0.072,0.004,0.476,1,0.000,0.000,0.000,0,716,0,0
7780,4.828,4.828,4.385,0.072,0.004,0.368,1,0.000,0.000,0.000,0,716,0,0
7781,6.038,6.038,5.592,0.074,0.006,0.367,1,0.000,0.000,0.000,0,716,0,0
7782,6.092,6.092,5.548,0.073,0.004,0.467,1,0.000,0.000,0.000,0,712,0,0
7783,5.533,5.533,5.087,0.074,0.006,0.365,1,0.000,0.000,0.000,0,716,0,0
7784,6.128,6.128,5.729,0.073,0.004,0.322,1,0.000,0.000,0.000,0,716,0,0
7785,5.372,5.372,4.870,0.074,0.006,0.422,1,0.000,0.000,0.000,0,716,0,0
7786,4.731,4.731,4.356,0.075,0.005,0.295,1,0.000,0.000,0.000,0,716,0,0
7787,4.620,4.620,4.249,0.072,0.003,0.297,1,0.000,0.000,0.000,0,716,0,0
7788,4.707,4.707,4.269,0.073,0.004,0.361,1,0.000,0.000,0.000,0,716,0,0
7789,4.462,4.462,4.114,0.072,0.003,0.272,1,0.000,0.000,0.000,0,716,0,0
7790,5.329,5.329,4.993,0.077,0.005,0.253,1,0.000,0.000,0.000,0,712,0,0
7791,5.963,5.963,5.575,0.072,0.005,0.310,1,0.000,0.000,0.000,0,712,0,0
7792,4.941,4.941,4.633,0.072,0.003,0.232,1,0.000,0.000,0.000,0,712,0,0
7793,5.293,5.293,4.916,0.075,0.006,0.296,1,0.000,0.000,0.000,0,712,0,0
7794,4.942,4.942,4.532,0.070,0.005,0.335,1,0.000,0.000,0.000,0,704,0,0
7795,4.476,4.476,4.188,0.070,0.004,0.214,1,0.000,0.000,0.000,0,704,0,0
7796,4.478,4.478,4.171,0.068,0.004,0.235,1,0.000,0.000,0.000,0,700,0,0
7797,4.464,4.464,4.218,0.069,0.003,0.173,1,0.000,0.000,0.000,0,700,0,0
7798,4.345,4.345,4.055,0.069,0.003,0.217,1,0.000,0.000,0.000,0,700,0,0
7799,5.442,5.442,5.093,0.071,0.006,0.273,1,0.000,0.000,0.000,0,700,0,0
7800,5.757,5.757,5.457,0.077,0.003,0.219,1,0.000,0.000,0.000,0,700,0,0
7801,6.173,6.173,5.875,0.073,0.004,0.222,1,0.000,0.000,0.000,0,700,0,0
7802,5.436,5.436,5.026,0.070,0.004,0.336,1,0.000,0.000,0.000,0,696,0,0
7803,5.447,5.447,5.117,0.070,0.007,0.253,1,0.000,0.000,0.000,0,696,0,0
7804,4.717,4.717,4.396,0.070,0.005,0.246,1,0.000,0.000,0.000,0,696,0,0
7805,5.630,5.630,5.252,0.069,0.005,0.304,1,0.000,0.000,0.000,0,696,0,0
7806,5.346,5.346,4.983,0.070,0.007,0.287,1,0.000,0.000,0.000,0,696,0,0
7807,4.791,4.791,4.354,0.068,0.004,0.366,1,0.000,0.000,0.000,0,692,0,0
7808,4.731,4.731,4.236,0.067,0.004,0.423,1,0.000,0.000,0.000,0,692,0,0
7809,4.509,4.509,4.144,0.067,0.004,0.294,1,0.000,0.000,0.000,0,688,0,0
7810,102.130,102.130,5.792,0.067,95.955,0.315,1,1.847,0.000,0.000,0,688,2,0
7811,311.980,311.980,17.162,293.285,1.064,0.468,1,1.847,0.000,0.000,165,36176,2037,0
7812,8.593,8.593,8.208,0.073,0.006,0.305,0,1.847,0.000,0.000,0,688,0,0
7813,5.145,5.145,4.770,0.068,0.006,0.301,0,1.847,0.000,0.000,0,688,0,0
7814,4.969,4.969,4.540,0.067,0.004,0.357,0,1.847,0.000,0.000,0,684,0,0
7815,4.818,4.818,4.465,0.066,0.005,0.281,0,1.847,0.000,0.000,0,684,0,0
7816,5.001,5.001,4.640,0.069,0.004,0.287,0,1.847,0.000,0.000,0,684,0,0
7817,50.956,50.956,35.865,14.411,0.340,0.341,1,21.338,0.605,2.437,179,39123,1342,20985
7818,7.036,7.036,6.682,0.068,0.008,0.279,0,21.338,0.605,2.437,0,684,0,0
7819,4.855,4.855,4.457,0.065,0.005,0.328,0,21.338,0.605,2.437,0,684,0,0
7820,4.875,4.875,4.363,0.066,0.004,0.442,0,21.338,0.605,2.437,0,680,0,0
7821,4.536,4.536,4.135,0.064,0.004,0.334,0,21.338,0.605,2.437,0,676,0,0
7822,4.516,4.516,4.116,0.064,0.004,0.332,0,21.338,0.605,2.437,0,676,0,0
7823,21.132,21.132,12.166,7.964,0.427,0.574,1,21.338,0.605,0.000,178,42995,1709,0
7824,6.330,6.330,5.884,0.069,0.006,0.371,0,21.338,0.605,0.000,0,676,0,0
7825,6.960,6.960,6.419,0.075,0.008,0.458,0,21.338,0.605,0.000,0,676,0,0
7826,6.313,6.313,5.718,0.068,0.006,0.522,0,28.669,6.556,0.000,0,676,0,0
7827,4.806,4.806,4.352,0.064,0.004,0.387,0,28.669,6.556,0.000,0,676,0,0
7828,4.692,4.692,4.239,0.064,0.003,0.386,0,28.669,6.556,0.000,0,676,0,0
7829,17.779,17.779,10.686,5.943,0.518,0.632,1,28.669,6.556,0.000,196,43975,1804,0
7830,5.689,5.689,5.208,0.070,0.008,0.404,0,28.669,6.556,0.000,0,676,0,0
7831,5.127,5.127,4.685,0.066,0.006,0.371,0,28.669,6.556,0.000,0,676,0,0
7832,6.829,6.829,6.341,0.065,0.003,0.420,0,24.047,7.477,0.000,0,676,0,0
7833,6.173,6.173,5.797,0.069,0.008,0.299,0,24.047,7.477,0.000,0,676,0,0
7834,5.004,5.004,4.601,0.066,0.005,0.332,0,24.047,7.477,0.000,0,676,0,0
7835,20.298,20.298,14.486,4.974,0.401,0.438,1,24.047,7.477,0.000,198,44043,1807,0
7836,6.608,6.608,6.241,0.065,0.005,0.296,0,14.350,6.920,0.000,0,676,0,0
7837,5.999,5.999,5.601,0.068,0.007,0.323,0,14.350,6.920,0.000,0,676,0,0
7838,5.998,5.998,5.521,0.066,0.005,0.406,0,14.350,6.920,0.000,0,676,0,0
7839,4.723,4.723,4.357,0.065,0.004,0.297,0,14.350,6.920,0.000,0,676,0,0
7840,5.117,5.117,4.753,0.063,0.004,0.297,0,14.350,6.920,0.000,0,676,0,0
7841,21.349,21.349,13.736,6.728,0.436,0.449,1,14.350,6.920,0.000,198,44043,1809,0
7842,6.256,6.256,5.901,0.066,0.008,0.281,0,15.949,7.580,0.000,0,676,0,0
7843,5.783,5.783,5.454,0.066,0.004,0.259,0,15.949,7.580,0.000,0,676,0,0
7844,5.342,5.342,4.909,0.068,0.007,0.357,0,15.949,7.580,0.000,0,676,0,0
7845,4.722,4.722,4.415,0.064,0.005,0.239,0,15.949,7.580,0.000,0,676,0,0
7846,4.603,4.603,4.299,0.064,0.004,0.236,0,15.949,7.580,0.000,0,676,0,0
7847,20.107,20.107,14.253,4.966,0.496,0.392,1,15.949,7.580,0.000,198,44043,1808,0
7848,6.054,6.054,5.756,0.067,0.006,0.225,0,14.858,6.922,0.000,0,676,0,0
7849,19.225,19.225,13.121,5.551,0.290,0.263,1,14.858,6.922,0.000,198,44043,1809,0
7850,11.158,6.644,6.251,0.066,0.006,0.320,0,14.155,6.546,0.000,0,676,0,0
7851,20.282,20.282,14.231,5.299,0.470,0.282,1,14.155,6.546,0.000,198,44043,1808,0
7852,13.084,7.871,7.530,0.071,0.007,0.263,0,17.066,6.785,0.000,0,676,0,0
7853,18.347,18.347,12.669,5.022,0.347,0.310,1,17.066,6.785,0.000,198,44043,1809,0
7854,15.018,7.121,6.820,0.066,0.007,0.228,0,15.018,7.361,0.000,0,256,0,0
7855,18.028,18.028,12.426,4.880,0.393,0.329,1,15.018,7.361,0.000,196,43623,1784,0
7856,15.334,7.567,7.119,0.066,0.005,0.377,0,15.341,6.548,0.000,0,256,0,0
7857,17.984,17.984,12.520,4.790,0.377,0.298,1,15.341,6.548,0.000,196,43623,1784,0
7858,15.396,7.515,7.174,0.066,0.006,0.269,0,15.601,6.442,0.000,0,260,0,0
7859,21.353,21.353,13.354,7.114,0.461,0.424,1,15.601,6.442,0.000,197,43627,1795,0
7860,12.736,7.267,6.895,0.069,0.007,0.297,0,18.478,6.945,0.000,0,260,0,0
7861,18.364,18.364,12.557,5.155,0.318,0.334,1,18.478,6.945,0.000,197,43627,1794,0
7862,14.299,5.698,5.278,0.065,0.011,0.344,0,17.009,6.662,0.000,0,260,0,0
7863,22.453,22.453,15.592,6.122,0.444,0.295,1,17.009,6.662,0.000,197,43627,1795,0
7864,10.888,7.502,7.181,0.066,0.006,0.248,0,18.559,7.145,0.000,0,260,0,0
7865,18.394,18.394,12.654,5.059,0.286,0.395,1,18.559,7.145,0.000,198,43627,1797,0
7866,14.968,6.948,6.637,0.069,0.006,0.236,0,14.607,7.141,0.000,0,260,0,0
7867,19.730,19.730,13.257,5.637,0.458,0.377,1,14.607,7.141,0.000,197,43627,1796,0
7868,13.644,7.133,6.604,0.071,0.012,0.445,0,17.951,6.798,0.000,0,260,0,0
7869,17.928,17.928,11.847,5.119,0.592,0.370,1,17.951,6.798,0.000,198,43651,1810,0
7870,15.447,6.349,5.885,0.070,0.005,0.389,0,16.739,6.584,0.000,0,308,0,0
7871,20.993,20.993,14.878,5.177,0.416,0.522,1,16.739,6.584,0.000,198,43699,1810,0
7872,12.361,6.506,6.059,0.093,0.006,0.349,0,14.318,6.810,0.000,0,356,0,0
7873,17.999,17.999,11.954,5.074,0.503,0.468,1,14.318,6.810,0.000,198,43747,1810,0
7874,15.367,5.952,5.324,0.072,0.010,0.546,0,17.747,6.833,0.000,0,404,0,0
7875,18.323,18.323,11.827,5.534,0.508,0.454,1,17.747,6.833,0.000,199,43795,1812,0
7876,15.045,5.947,5.444,0.071,0.006,0.427,0,17.825,6.754,0.000,0,452,0,0
7877,16.964,16.964,10.962,5.064,0.330,0.607,1,17.825,6.754,0.000,198,43843,1809,0
7878,16.413,5.864,5.359,0.067,0.007,0.432,0,18.029,6.507,0.000,0,500,0,0
7879,17.129,17.129,11.223,4.959,0.503,0.443,1,18.029,6.507,0.000,198,43891,1811,0
7880,16.244,5.992,5.444,0.068,0.005,0.475,0,17.221,6.945,0.000,0,548,0,0
7881,17.192,17.192,11.256,5.064,0.507,0.365,1,17.221,6.945,0.000,198,43939,1811,0
7882,16.172,5.769,5.368,0.069,0.007,0.324,0,17.008,7.052,0.000,0,596,0,0
7883,16.978,16.978,11.128,4.904,0.454,0.492,1,17.008,7.052,0.000,198,43987,1811,0
7884,16.374,7.503,7.111,0.069,0.009,0.313,0,19.526,7.067,0.000,0,644,0,0
7885,18.364,18.364,12.800,4.898,0.365,0.301,1,19.526,7.067,0.000,198,44035,1810,0
7886,15.041,7.673,7.228,0.069,0.008,0.368,0,19.526,7.067,0.000,0,688,0,0
7887,16.638,11.655,11.296,0.070,0.008,0.282,0,34.670,7.464,0.000,0,688,0,0
7888,25.624,25.624,12.335,12.560,0.415,0.313,1,16.620,1.231,1.992,201,44055,1424,30628
7889,7.745,6.751,6.312,0.074,0.008,0.357,0,16.620,1.231,1.992,0,688,0,0
7890,22.631,22.631,13.897,8.142,0.295,0.296,1,16.720,1.389,0.000,201,44055,1542,34825
7891,10.741,6.567,6.232,0.067,0.007,0.261,0,16.720,1.389,0.000,0,688,0,0
7892,18.774,18.774,12.746,5.168,0.469,0.392,1,16.720,1.389,0.000,199,44055,1823,0
7893,14.593,6.296,5.975,0.069,0.006,0.246,0,17.806,6.781,0.000,0,688,0,0
7894,17.335,17.335,11.550,5.029,0.455,0.300,1,17.806,6.781,0.000,199,44055,1824,0
7895,16.038,6.450,6.050,0.071,0.005,0.323,0,17.018,6.527,0.000,0,688,0,0
7896,19.105,19.105,13.259,5.098,0.459,0.289,1,17.018,6.527,0.000,199,44055,1824,0
7897,14.287,7.359,6.867,0.069,0.006,0.417,0,16.704,7.483,0.000,0,688,0,0
7898,16.821,16.821,10.991,5.106,0.390,0.333,1,16.704,7.483,0.000,199,44055,1824,0
7899,16.536,5.978,5.597,0.070,0.007,0.303,0,18.939,9.390,0.000,0,688,0,0
7900,18.837,18.837,11.142,6.932,0.350,0.413,1,18.939,9.390,0.000,201,44055,1520,35649
7901,14.509,5.655,5.246,0.070,0.011,0.328,0,17.014,1.215,0.000,0,688,0,0
7902,17.690,17.690,11.926,5.041,0.317,0.405,1,17.014,1.215,0.000,199,44055,1823,0
7903,15.678,6.024,5.356,0.070,0.005,0.593,0,16.422,6.501,0.000,0,688,0,0
7904,19.847,19.847,13.722,5.195,0.539,0.391,1,16.422,6.501,0.000,199,44055,1825,0
7905,13.517,7.551,7.172,0.068,0.005,0.305,0,15.789,7.361,0.000,0,688,0,0
7906,19.457,19.457,12.490,5.347,0.512,1.108,1,15.789,7.361,0.000,199,44055,1826,0
7907,13.910,5.773,5.384,0.069,0.007,0.313,0,17.043,6.774,0.000,0,688,0,0
7908,17.406,17.406,11.568,5.072,0.429,0.337,1,17.043,6.774,0.000,199,44055,1826,0
7909,15.961,8.506,7.966,0.147,0.006,0.387,0,15.251,6.555,0.000,0,688,0,0
7910,18.263,18.263,12.171,5.172,0.561,0.360,1,15.251,6.555,0.000,199,44055,1825,0
7911,15.101,9.164,8.797,0.072,0.006,0.289,0,15.340,7.438,0.000,0,688,1,0
7912,18.270,18.270,12.522,5.036,0.296,0.416,1,15.340,7.438,0.000,199,44055,1825,0
7913,15.093,7.130,6.768,0.067,0.006,0.288,0,14.944,6.522,0.000,0,688,0,0
7914,17.953,17.953,12.377,4.863,0.384,0.328,1,14.944,6.522,0.000,199,44055,1827,0
7915,15.417,7.412,6.827,0.067,0.006,0.513,0,14.520,6.338,0.000,0,688,0,0
7916,18.589,18.589,12.400,5.203,0.529,0.457,1,14.520,6.338,0.000,199,44055,1826,0
7917,14.793,5.929,5.447,0.070,0.006,0.406,0,17.482,6.927,0.000,0,688,0,0
7918,17.021,17.021,10.897,5.140,0.371,0.613,1,17.482,6.927,0.000,199,44055,1826,0
7919,16.350,6.091,5.565,0.069,0.006,0.451,0,17.677,6.885,0.000,0,684,0,0
7920,17.393,17.393,11.308,5.135,0.516,0.434,1,17.677,6.885,0.000,198,44051,1812,0
7921,15.974,5.939,5.299,0.068,0.006,0.566,0,17.087,7.133,0.000,0,260,0,0
7922,27.388,27.388,10.720,15.840,0.376,0.452,1,15.960,7.087,0.000,197,43627,1806,0
7923,5.957,5.443,4.964,0.065,0.004,0.410,0,15.960,7.087,0.000,0,260,0,0
7924,16.954,16.954,11.144,4.899,0.274,0.636,1,15.960,7.087,0.000,197,43627,1807,0
7925,16.425,5.399,4.874,0.067,0.006,0.451,0,19.278,7.194,0.000,0,260,0,0
7926,19.484,19.484,12.671,5.838,0.465,0.510,1,19.278,7.194,0.000,197,43627,1806,0
7927,14.343,7.502,6.869,0.068,0.007,0.558,0,20.368,6.719,0.000,0,260,0,0
7928,21.102,21.102,14.695,5.494,0.468,0.445,1,20.368,6.719,0.000,197,43627,1805,0
7929,11.794,6.554,6.137,0.067,0.011,0.340,0,14.186,6.867,0.000,0,260,0,0
7930,17.777,17.777,11.700,5.202,0.370,0.506,1,14.186,6.867,0.000,197,43627,1809,0
7931,15.604,5.804,5.112,0.068,0.007,0.617,0,18.497,7.507,0.000,0,260,0,0
7932,17.928,17.928,11.967,5.002,0.577,0.382,1,18.497,7.507,0.000,197,43627,1809,0
7933,15.440,5.988,5.476,0.071,0.008,0.433,0,16.869,6.724,0.000,0,260,0,0
7934,20.523,20.523,13.824,5.833,0.545,0.321,1,16.869,6.724,0.000,197,43627,1809,0
7935,12.834,5.787,5.448,0.065,0.005,0.269,0,14.358,6.738,0.000,0,260,0,0
7936,16.931,16.931,11.226,5.010,0.299,0.396,1,14.358,6.738,0.000,197,43627,1808,0
7937,16.427,8.613,8.245,0.068,0.005,0.295,0,15.011,6.998,0.000,0,260,0,0
7938,17.670,17.670,12.223,4.773,0.381,0.293,1,15.011,6.998,0.000,197,43627,1809,0
7939,15.695,7.125,6.735,0.069,0.007,0.313,0,14.402,7.058,0.000,0,260,0,0
7940,17.326,17.326,11.880,4.821,0.370,0.255,1,14.402,7.058,0.000,197,43627,1809,0
7941,16.041,6.728,6.432,0.066,0.005,0.225,0,14.354,7.022,0.000,0,260,0,0
7942,18.366,18.366,11.448,6.003,0.483,0.432,1,14.354,7.022,0.000,197,43627,1809,0
7943,15.019,6.806,6.452,0.070,0.008,0.275,0,17.941,6.506,0.000,0,260,0,0
7944,76.700,76.700,15.171,60.823,0.417,0.289,1,17.941,6.506,0.000,230,53887,2077,0
7945,6.951,6.951,6.441,0.082,0.006,0.422,0,17.941,6.506,0.000,0,324,0,0
7946,5.264,5.264,4.867,0.080,0.005,0.312,0,17.941,6.506,0.000,0,324,0,0
7947,5.571,5.571,5.165,0.094,0.008,0.304,0,72.529,8.573,0.000,0,324,0,0
7948,5.481,5.481,5.029,0.077,0.005,0.370,0,72.529,8.573,0.000,0,324,0,0
7949,5.170,5.170,4.774,0.078,0.005,0.312,0,72.529,8.573,0.000,0,324,0,0
7950,29.670,29.670,13.303,15.616,0.403,0.349,1,15.395,1.285,2.219,230,53891,1551,30398
7951,5.801,5.801,5.210,0.081,0.008,0.502,0,15.395,1.285,2.219,0,324,0,0
7952,24.018,24.018,17.423,5.859,0.338,0.397,1,15.395,1.285,0.000,229,53891,2016,0
7953,6.547,6.547,6.148,0.078,0.005,0.316,0,15.847,8.372,0.000,0,324,0,0
7954,21.235,21.235,13.514,6.809,0.430,0.483,1,15.847,8.372,0.000,229,53891,2016,0
7955,7.797,6.375,5.920,0.081,0.008,0.366,0,15.847,8.372,0.000,0,324,0,0
7956,21.263,21.263,14.589,5.935,0.379,0.360,1,17.986,8.488,0.000,230,53895,2034,0
7957,12.090,7.529,7.052,0.082,0.006,0.388,0,16.538,8.764,0.000,0,324,0,0
7958,20.237,20.237,12.554,6.876,0.464,0.343,1,16.538,8.764,0.000,231,53899,2035,0
7959,13.127,6.606,6.235,0.079,0.005,0.287,0,17.390,8.427,0.000,0,324,0,0
7960,21.447,21.447,14.442,6.076,0.518,0.411,1,17.390,8.427,0.000,231,53899,2036,0
7961,11.917,6.179,5.861,0.080,0.006,0.232,0,16.415,8.257,0.000,0,324,0,0
7962,20.897,20.897,14.122,5.995,0.479,0.302,1,16.415,8.257,0.000,231,53899,2035,0
7963,12.477,6.687,6.171,0.083,0.006,0.426,0,16.950,8.233,0.000,0,324,0,0
7964,19.072,19.072,11.732,6.579,0.350,0.411,1,16.950,8.233,0.000,231,53899,2035,0
7965,14.291,7.855,7.431,0.092,0.005,0.327,0,15.717,8.114,0.000,0,324,0,0
7966,20.891,20.891,14.268,5.705,0.457,0.460,1,15.717,8.114,0.000,231,53899,2035,0
7967,12.477,5.537,5.131,0.080,0.005,0.321,0,14.476,7.823,0.000,0,324,0,0
7968,19.635,19.635,13.295,5.569,0.405,0.366,1,14.476,7.823,0.000,231,53899,2036,0
7969,13.730,6.561,5.967,0.080,0.006,0.508,0,15.341,8.352,0.000,0,320,0,0
7970,28.106,28.106,13.950,13.309,0.400,0.447,1,15.341,8.352,0.000,232,53903,2036,0
7971,6.145,6.145,5.668,0.081,0.007,0.389,0,20.953,8.876,0.000,0,324,0,0
7972,25.247,25.247,13.386,10.940,0.371,0.550,1,14.517,3.376,0.000,225,49677,1719,26868
7973,7.229,6.771,6.209,0.080,0.007,0.474,0,14.517,3.376,0.000,0,324,0,0
7974,26.002,26.002,18.300,6.303,0.949,0.450,1,14.517,3.376,0.000,219,49641,1922,0
7975,7.372,5.671,5.147,0.078,0.005,0.441,0,14.622,7.155,0.000,0,324,0,0
7976,21.003,21.003,14.873,5.229,0.495,0.407,1,14.622,7.155,0.000,209,49397,1815,0
7977,12.359,5.799,5.412,0.093,0.006,0.288,0,15.151,7.665,0.000,0,324,0,0
7978,19.988,19.988,12.359,6.645,0.449,0.535,1,15.151,7.665,0.000,208,49301,1809,0
7979,13.377,6.523,6.079,0.083,0.006,0.355,0,16.202,7.522,0.000,0,324,0,0
7980,18.208,18.208,11.085,6.375,0.400,0.347,1,16.202,7.522,0.000,208,49302,1815,0
7981,15.164,5.145,4.848,0.077,0.005,0.216,0,15.055,7.382,0.000,0,320,0,0
7982,19.349,19.349,13.299,5.327,0.524,0.199,1,15.055,7.382,0.000,208,49294,1812,0
7983,14.017,5.596,5.356,0.079,0.005,0.157,0,14.173,7.617,0.000,0,324,0,0
7984,19.589,19.589,13.464,5.354,0.475,0.296,1,14.173,7.617,0.000,209,49298,1818,0
7985,13.778,5.359,5.106,0.080,0.005,0.167,0,15.414,7.388,0.000,0,328,0,0
7986,17.076,17.076,11.080,5.023,0.332,0.640,1,15.414,7.388,0.000,208,49295,1815,0
7987,16.291,6.040,5.743,0.082,0.005,0.210,0,15.118,7.054,0.000,0,328,0,0
7988,19.414,19.414,11.257,7.477,0.482,0.198,1,15.118,7.054,0.000,211,49425,1854,0
7989,13.955,5.939,5.682,0.079,0.005,0.174,0,19.447,7.123,0.000,0,328,0,0
7990,17.884,17.884,11.406,5.927,0.297,0.255,1,19.447,7.123,0.000,241,49527,1980,0
7991,15.492,6.178,5.935,0.082,0.005,0.156,0,15.875,7.280,0.000,0,324,0,0
7992,18.623,18.623,12.665,5.324,0.473,0.161,1,15.875,7.280,0.000,237,49515,1948,0
7993,14.735,6.123,5.865,0.089,0.006,0.163,0,14.959,7.708,0.000,0,324,0,0
7994,18.299,18.299,12.580,5.141,0.419,0.160,1,14.959,7.708,0.000,237,49515,1948,0
7995,15.065,5.411,5.157,0.081,0.005,0.168,0,14.876,7.277,0.000,0,324,0,0
7996,18.097,18.097,12.465,4.972,0.414,0.246,1,14.876,7.277,0.000,237,49515,1949,0
7997,15.263,6.684,6.437,0.082,0.006,0.158,0,15.052,7.766,0.000,0,320,0,0
7998,17.208,17.208,11.384,5.088,0.503,0.233,1,15.052,7.766,0.000,236,49511,1940,0
7999,16.172,5.412,5.182,0.080,0.006,0.144,0,16.236,7.618,0.000,0,320,0,0
8000,26.025,26.025,13.589,11.903,0.352,0.181,1,16.236,7.618,0.000,241,49887,2013,0
8001,7.349,5.861,5.548,0.086,0.005,0.222,0,16.236,7.618,0.000,0,696,0,0
8002,36.094,36.094,13.956,21.499,0.446,0.194,1,25.854,3.514,0.000,213,50127,1728,26520
8003,6.109,6.109,5.834,0.084,0.008,0.182,0,25.854,3.514,0.000,0,696,0,0
8004,7.828,5.539,5.244,0.082,0.005,0.208,0,25.854,3.514,0.000,0,696,0,0
8005,19.275,19.275,11.202,7.393,0.424,0.256,1,25.854,3.514,0.000,216,50127,1699,27070
8006,14.091,6.451,6.115,0.087,0.007,0.242,0,17.666,3.405,0.000,0,696,0,0
8007,16.921,16.921,11.097,5.148,0.336,0.340,1,17.666,3.405,0.000,215,50127,1910,0
8008,16.456,5.565,5.255,0.082,0.006,0.222,0,16.521,7.824,0.000,0,696,0,0
8009,17.356,17.356,11.202,5.427,0.492,0.236,1,16.521,7.824,0.000,215,50127,1909,0
8010,16.015,5.834,5.504,0.084,0.005,0.241,0,15.949,8.031,0.000,0,696,0,0
8011,17.567,17.567,11.066,5.831,0.446,0.223,1,15.949,8.031,0.000,215,50127,1915,0
8012,15.795,5.659,5.362,0.085,0.005,0.207,0,16.842,8.066,0.000,0,696,0,0
8013,17.864,17.864,11.866,5.271,0.426,0.300,1,16.842,8.066,0.000,215,50127,1912,0
8014,15.503,5.567,5.235,0.082,0.006,0.244,0,17.060,7.233,0.000,0,696,0,0
8015,17.351,17.351,11.357,5.222,0.480,0.292,1,17.060,7.233,0.000,215,50127,1911,0
8016,16.012,5.736,5.326,0.084,0.006,0.320,0,16.116,7.352,0.000,0,696,0,0
8017,18.315,18.315,12.539,5.077,0.446,0.253,1,16.116,7.352,0.000,215,50127,1912,0
8018,15.048,5.921,5.614,0.083,0.006,0.218,0,14.539,7.691,0.000,0,696,0,0
8019,20.049,20.049,12.860,6.381,0.501,0.307,1,14.539,7.691,0.000,215,50127,1913,0
8020,13.321,6.362,6.048,0.085,0.005,0.224,0,16.438,7.637,0.000,0,696,0,0
8021,18.432,18.432,12.302,5.505,0.356,0.268,1,16.438,7.637,0.000,215,50127,1912,0
8022,14.944,6.118,5.768,0.084,0.006,0.259,0,16.490,7.367,0.000,0,696,0,0
8023,17.740,17.740,11.177,5.841,0.473,0.250,1,16.490,7.367,0.000,215,50127,1919,0
8024,15.620,5.661,5.380,0.083,0.005,0.192,0,16.768,7.927,0.000,0,696,0,0
8025,17.422,17.422,11.246,5.390,0.480,0.305,1,16.768,7.927,0.000,215,50127,1915,0
8026,15.954,5.652,5.368,0.085,0.006,0.193,0,16.074,8.098,0.000,0,696,0,0
8027,17.337,17.337,11.268,5.387,0.471,0.212,1,16.074,8.098,0.000,215,50127,1915,0
8028,16.019,5.686,5.397,0.090,0.006,0.193,0,15.375,7.983,0.000,0,696,0,0
8029,17.948,17.948,11.476,5.848,0.457,0.167,1,15.375,7.983,0.000,215,50127,1920,0
8030,15.412,6.526,6.283,0.086,0.006,0.152,0,16.142,7.229,0.000,0,696,0,0
8031,18.378,18.378,12.567,5.141,0.460,0.210,1,16.142,7.229,0.000,215,50127,1915,0
8032,14.990,6.415,6.108,0.084,0.006,0.217,0,15.097,7.238,0.000,0,696,0,0
8033,18.754,18.754,12.384,5.601,0.488,0.281,1,15.097,7.238,0.000,215,50127,1915,0
8034,14.626,5.737,5.357,0.086,0.005,0.289,0,15.927,8.390,0.000,0,696,0,0
8035,18.033,18.033,11.384,5.941,0.469,0.239,1,15.927,8.390,0.000,215,50127,1920,0
8036,15.332,5.556,5.281,0.084,0.006,0.185,0,17.179,7.660,0.000,0,696,0,0
8037,19.896,19.896,13.521,5.534,0.541,0.299,1,17.179,7.660,0.000,215,50127,1914,0
8038,13.464,6.737,6.443,0.088,0.007,0.200,0,15.439,7.216,0.000,0,696,0,0
8039,19.786,19.786,12.313,6.739,0.487,0.246,1,15.439,7.216,0.000,215,50127,1915,0
8040,13.581,5.685,5.349,0.086,0.005,0.245,0,16.341,7.342,0.000,0,696,0,0
8041,17.700,17.700,10.969,6.137,0.319,0.275,1,16.341,7.342,0.000,215,50127,1915,0
8042,15.664,6.173,5.873,0.083,0.005,0.212,0,15.287,7.384,0.000,0,696,0,0
8043,17.793,17.793,11.720,5.361,0.414,0.298,1,15.287,7.384,0.000,215,50127,1915,0
8044,15.573,6.035,5.747,0.084,0.005,0.198,0,15.471,7.164,0.000,0,696,0,0
8045,17.741,17.741,11.089,6.034,0.398,0.219,1,15.471,7.164,0.000,215,50127,1915,0
8046,15.636,6.004,5.708,0.082,0.005,0.209,0,15.379,7.127,0.000,0,320,0,0
8047,19.738,19.738,13.479,5.536,0.500,0.222,1,15.379,7.127,0.000,210,49751,1862,0
8048,13.613,6.341,6.091,0.079,0.004,0.166,0,15.177,7.788,0.000,0,320,0,0
8049,18.874,18.874,12.560,5.599,0.452,0.262,1,15.177,7.788,0.000,210,49751,1861,0
8050,14.501,5.439,5.129,0.079,0.007,0.224,0,15.892,8.337,0.000,0,320,0,0
8051,18.056,18.056,12.326,5.042,0.343,0.345,1,15.892,8.337,0.000,210,49751,1861,0
8052,15.326,6.203,5.816,0.078,0.006,0.302,0,13.974,7.817,0.000,0,320,0,0
8053,18.070,18.070,11.309,6.031,0.493,0.238,1,13.974,7.817,0.000,210,49751,1865,0
8054,15.294,5.484,5.198,0.084,0.006,0.197,0,17.455,7.363,0.000,0,320,0,0
8055,21.021,21.021,14.015,6.203,0.512,0.291,1,17.455,7.363,0.000,210,49751,1861,0
8056,12.328,5.399,5.091,0.079,0.006,0.224,0,13.619,7.645,0.000,0,320,0,0
8057,18.275,18.275,12.240,5.297,0.380,0.358,1,13.619,7.645,0.000,211,49751,1863,0
8058,15.102,5.604,5.288,0.082,0.005,0.230,0,15.898,8.345,0.000,0,320,0,0
8059,17.157,17.157,11.352,5.108,0.465,0.231,1,15.898,8.345,0.000,210,49751,1861,0
8060,16.209,5.423,5.151,0.081,0.006,0.186,0,15.310,7.954,0.000,0,320,0,0
8061,17.231,17.231,11.430,5.068,0.442,0.290,1,15.310,7.954,0.000,210,49751,1861,0
8062,16.142,5.392,5.123,0.079,0.006,0.184,0,15.699,7.865,0.000,0,320,0,0
8063,17.148,17.148,11.510,5.001,0.442,0.196,1,15.699,7.865,0.000,210,49751,1861,0
8064,16.209,5.437,5.166,0.079,0.008,0.184,0,15.285,7.954,0.000,0,320,0,0
8065,16.854,16.854,11.405,4.918,0.366,0.165,1,15.285,7.954,0.000,210,49751,1861,0
8066,16.509,6.300,6.075,0.077,0.005,0.143,0,14.331,7.784,0.000,0,320,0,0
8067,18.982,18.982,11.952,6.384,0.422,0.224,1,14.331,7.784,0.000,213,49969,1880,0
8068,14.387,5.513,5.240,0.078,0.007,0.188,0,14.044,7.296,0.000,0,320,0,0
8069,18.513,18.513,12.324,5.489,0.469,0.231,1,14.044,7.296,0.000,213,50010,1874,0
8070,14.857,5.564,5.254,0.082,0.005,0.222,0,16.046,7.940,0.000,0,320,0,0
8071,17.112,17.112,11.378,5.211,0.331,0.191,1,16.046,7.940,0.000,213,49985,1875,0
8072,16.246,6.990,6.771,0.079,0.005,0.136,0,14.399,7.923,0.000,0,320,0,0
8073,17.922,17.922,12.239,5.012,0.468,0.204,1,14.399,7.923,0.000,213,49985,1875,0
8074,15.448,6.270,6.029,0.080,0.005,0.156,0,14.027,7.749,0.000,0,320,0,0
8075,19.318,19.318,13.215,5.447,0.458,0.198,1,14.027,7.749,0.000,213,49985,1876,0
8076,14.046,6.385,6.113,0.079,0.007,0.187,0,14.946,7.799,0.000,0,320,0,0
8077,17.030,17.030,11.209,5.253,0.334,0.234,1,14.946,7.799,0.000,213,49985,1875,0
8078,16.338,6.185,5.338,0.653,0.007,0.186,0,15.177,7.327,0.000,0,320,0,0
8079,20.287,20.287,14.133,5.329,0.507,0.319,1,15.177,7.327,0.000,213,49969,1876,0
8080,13.079,6.067,5.801,0.079,0.008,0.179,0,15.240,7.727,0.000,0,320,0,0
8081,19.820,19.820,12.288,6.847,0.478,0.206,1,15.240,7.727,0.000,242,49751,2020,0
8082,13.553,5.946,5.672,0.078,0.005,0.190,0,15.910,7.639,0.000,0,320,0,0
8083,18.166,18.166,11.024,6.611,0.346,0.185,1,15.910,7.639,0.000,242,49751,2021,0
8084,15.194,7.037,6.753,0.080,0.008,0.196,0,14.853,7.370,0.000,0,320,0,0
8085,24.266,24.266,13.816,9.716,0.457,0.276,1,14.853,7.370,0.000,210,50159,1828,0
8086,9.099,5.654,5.316,0.083,0.005,0.249,0,15.403,8.469,0.000,0,320,0,0
8087,19.509,19.509,13.481,5.350,0.366,0.312,1,15.403,8.469,0.000,209,50159,1816,0
8088,13.862,5.699,5.320,0.079,0.005,0.295,0,16.368,7.503,0.000,0,320,0,0
8089,17.882,17.882,12.077,5.135,0.416,0.254,1,16.368,7.503,0.000,209,50159,1816,0
8090,15.481,5.947,5.677,0.078,0.005,0.187,0,15.070,7.294,0.000,0,320,0,0
8091,17.356,17.356,11.573,5.077,0.460,0.246,1,15.070,7.294,0.000,209,50159,1816,0
8092,16.014,6.069,5.799,0.079,0.005,0.186,0,15.262,7.340,0.000,0,320,0,0
8093,17.312,17.312,10.821,5.793,0.475,0.223,1,15.262,7.340,0.000,210,50159,1816,0
8094,16.058,6.236,5.928,0.086,0.010,0.212,0,15.308,7.199,0.000,0,320,0,0
8095,19.592,19.592,13.541,5.290,0.500,0.261,1,15.308,7.199,0.000,209,50159,1813,0
8096,13.767,6.278,6.001,0.079,0.005,0.194,0,15.033,7.854,0.000,0,320,0,0
8097,19.548,19.548,12.265,6.648,0.457,0.178,1,15.033,7.854,0.000,209,50159,1814,0
8098,13.826,6.057,5.794,0.080,0.005,0.179,0,15.297,7.896,0.000,0,320,0,0
8099,20.274,20.274,14.234,5.241,0.497,0.302,1,15.297,7.896,0.000,209,50159,1814,0
8100,13.090,5.762,5.526,0.080,0.007,0.149,0,15.633,7.617,0.000,0,320,0,0
8101,17.784,17.784,12.311,4.929,0.390,0.153,1,15.633,7.617,0.000,209,50159,1814,0
8102,15.583,7.834,7.576,0.086,0.008,0.163,0,15.360,7.492,0.000,0,320,0,0
8103,20.476,20.476,13.375,6.459,0.487,0.156,1,15.360,7.492,0.000,209,50159,1808,0
8104,12.891,6.369,6.102,0.081,0.006,0.180,0,16.148,7.292,0.000,0,320,0,0
8105,18.651,18.651,12.816,5.201,0.369,0.265,1,16.148,7.292,0.000,209,50159,1808,0
8106,14.715,6.825,6.565,0.081,0.007,0.173,0,13.548,7.420,0.000,0,320,0,0
8107,17.128,17.128,11.442,5.013,0.476,0.197,1,13.548,7.420,0.000,209,50159,1808,0
8108,16.242,6.140,5.871,0.082,0.006,0.182,0,15.253,7.369,0.000,0,320,0,0
8109,19.683,19.683,13.812,5.182,0.483,0.205,1,15.253,7.369,0.000,209,50159,1807,0
8110,13.679,6.586,6.319,0.078,0.005,0.184,0,14.546,8.556,0.000,0,320,0,0
8111,18.090,18.090,12.652,4.922,0.290,0.226,1,14.546,8.556,0.000,209,50159,1808,0
8112,15.292,6.188,5.951,0.079,0.006,0.153,0,13.152,8.116,0.000,0,320,0,0
8113,20.950,20.950,14.981,5.237,0.446,0.286,1,13.152,8.116,0.000,208,50159,1805,0
8114,12.401,6.313,5.970,0.079,0.006,0.257,0,15.251,7.536,0.000,0,320,0,0
8115,19.959,19.959,12.548,6.708,0.481,0.223,1,15.251,7.536,0.000,205,50159,1793,0
8116,13.414,5.675,5.350,0.080,0.006,0.239,0,15.372,7.983,0.000,0,320,0,0
8117,19.691,19.691,13.805,5.237,0.354,0.295,1,15.372,7.983,0.000,205,50159,1793,0
8118,13.675,6.122,5.870,0.078,0.006,0.168,0,14.697,7.458,0.000,0,320,0,0
8119,19.634,19.634,13.684,5.254,0.469,0.227,1,14.697,7.458,0.000,206,50159,1796,0
8120,13.734,5.433,5.154,0.079,0.006,0.195,0,15.554,7.596,0.000,0,320,0,0
8121,17.124,17.124,11.600,4.965,0.360,0.198,1,15.554,7.596,0.000,206,50159,1797,0
8122,16.240,6.222,5.907,0.077,0.005,0.233,0,15.071,7.266,0.000,0,320,0,0
8123,17.236,17.236,11.467,4.979,0.479,0.312,1,15.071,7.266,0.000,206,50159,1798,0
8124,16.131,6.087,5.804,0.081,0.005,0.198,0,15.346,7.243,0.000,0,320,0,0
8125,17.239,17.239,10.958,5.652,0.416,0.213,1,15.346,7.243,0.000,206,50159,1799,0
8126,16.132,6.256,5.935,0.086,0.005,0.229,0,15.207,7.418,0.000,0,320,0,0
8127,17.381,17.043,11.310,5.006,0.529,0.197,1,15.207,7.418,0.000,206,50159,1799,0
8128,15.976,7.952,7.655,0.090,0.009,0.199,0,14.692,8.081,0.000,0,320,0,0
8129,18.017,18.017,12.293,5.001,0.467,0.256,1,14.692,8.081,0.000,206,50159,1799,0
8130,15.352,7.421,7.171,0.079,0.005,0.165,0,14.188,8.031,0.000,0,320,0,0
8131,25.809,25.809,12.786,12.472,0.365,0.186,1,14.188,8.031,0.000,237,49515,1950,0
8132,7.559,6.921,6.590,0.086,0.008,0.237,0,20.977,7.441,0.000,0,324,0,0
8133,22.224,22.224,12.734,9.047,0.261,0.183,1,13.437,4.800,0.000,243,49591,1758,26926
8134,11.145,5.784,5.517,0.082,0.007,0.177,0,13.437,4.800,0.000,0,328,0,0
8135,18.521,18.521,12.888,4.993,0.415,0.225,1,13.437,4.800,0.000,244,49599,1987,0
8136,14.843,6.005,5.790,0.084,0.004,0.126,0,14.302,7.967,0.000,0,328,0,0
8137,27.484,27.484,10.776,16.179,0.373,0.155,1,14.302,7.967,0.000,218,49749,1935,0
8138,5.878,5.733,5.461,0.088,0.008,0.176,0,18.881,7.735,0.000,0,328,0,0
8139,20.257,20.257,13.141,6.614,0.348,0.155,1,18.881,7.735,0.000,226,49937,1999,0
8140,13.118,6.233,5.944,0.085,0.006,0.198,0,17.858,7.433,0.000,0,336,0,0
8141,20.890,20.890,11.018,9.131,0.506,0.235,1,17.858,7.433,0.000,252,51353,2275,0
8142,12.494,5.927,5.682,0.084,0.005,0.156,0,17.858,7.433,0.000,0,336,0,0
8143,26.889,26.889,13.069,13.285,0.380,0.155,1,15.717,2.687,1.550,253,51353,1760,27152
8144,6.453,5.657,5.389,0.081,0.005,0.182,0,15.717,2.687,1.550,0,336,0,0
8145,19.231,19.231,11.848,6.895,0.317,0.171,1,15.717,2.687,0.000,253,51545,2244,0
8146,14.145,5.322,5.072,0.082,0.005,0.164,0,16.409,7.844,0.000,0,336,0,0
8147,18.938,18.938,12.263,6.060,0.416,0.199,1,16.409,7.844,0.000,256,52103,2258,0
8148,14.425,5.324,5.108,0.082,0.006,0.129,0,16.220,7.582,0.000,0,336,0,0
8149,18.797,18.797,11.678,6.407,0.455,0.257,1,16.220,7.582,0.000,260,52118,2272,0
8150,14.574,5.368,5.013,0.087,0.005,0.263,0,17.165,7.623,0.000,0,352,0,0
8151,18.808,18.808,11.285,6.888,0.426,0.208,1,17.165,7.623,0.000,265,52954,2308,0
8152,14.569,5.379,5.087,0.089,0.006,0.197,0,18.760,8.367,0.000,0,364,0,0
8153,22.932,22.932,14.485,7.702,0.488,0.257,1,18.760,8.367,0.000,271,53066,2372,0
8154,10.417,6.565,6.257,0.097,0.008,0.204,0,17.586,8.201,0.000,0,364,0,0
8155,19.122,19.122,11.909,6.611,0.384,0.218,1,17.586,8.201,0.000,271,53066,2362,0
8156,14.244,7.458,7.169,0.088,0.006,0.195,0,17.162,8.663,0.000,0,364,0,0
8157,19.303,19.303,12.283,6.381,0.465,0.173,1,17.162,8.663,0.000,273,53674,2388,0
8158,14.066,6.640,6.363,0.089,0.005,0.184,0,17.207,7.734,0.000,0,364,0,0
8159,21.422,21.422,13.174,7.567,0.405,0.275,1,17.207,7.734,0.000,278,53740,2436,0
8160,11.940,6.419,6.149,0.090,0.006,0.174,0,18.524,8.668,0.000,0,368,0,0
8161,18.361,18.361,11.218,6.603,0.341,0.199,1,18.524,8.668,0.000,280,53956,2453,0
8162,15.016,5.432,5.137,0.089,0.005,0.201,0,18.071,8.733,0.000,0,368,0,0
8163,18.573,18.573,11.455,6.415,0.509,0.194,1,18.071,8.733,0.000,283,53956,2456,0
8164,14.793,5.466,5.213,0.088,0.004,0.160,0,18.210,7.836,0.000,0,368,0,0
8165,19.267,19.267,12.042,6.496,0.488,0.241,1,18.210,7.836,0.000,285,53964,2471,0
8166,14.099,5.461,5.218,0.091,0.005,0.148,0,18.293,7.940,0.000,0,372,0,0
8167,21.041,21.041,13.437,6.891,0.485,0.227,1,18.293,7.940,0.000,291,54106,2532,0
8168,12.319,7.250,6.903,0.094,0.006,0.247,0,17.238,8.523,0.000,0,372,0,0
8169,20.831,20.831,13.406,6.770,0.462,0.193,1,17.238,8.523,0.000,291,54106,2534,0
8170,12.543,6.580,6.226,0.090,0.005,0.259,0,17.025,8.810,0.000,0,372,0,0
8171,20.285,20.285,12.789,6.697,0.568,0.231,1,17.025,8.810,0.000,291,54106,2525,0
8172,13.072,6.461,6.230,0.091,0.006,0.134,0,16.859,8.732,0.000,0,380,0,0
8173,22.404,22.404,11.705,10.177,0.379,0.142,1,16.859,8.732,0.000,292,54110,2531,0
8174,11.114,6.893,6.603,0.094,0.008,0.189,0,22.404,8.015,0.000,0,380,0,0
8175,28.138,28.138,14.665,12.888,0.433,0.152,1,18.455,5.125,1.940,294,54114,2026,28177
8176,6.518,6.518,6.201,0.093,0.007,0.217,0,18.455,5.125,1.940,0,380,0,0
8177,23.633,23.633,13.967,9.138,0.261,0.267,1,17.251,3.572,0.000,296,54122,2204,30327
8178,8.295,6.411,6.125,0.094,0.007,0.185,0,17.251,3.572,0.000,0,380,0,0
8179,21.504,21.504,12.591,8.291,0.435,0.187,1,17.251,3.572,0.000,298,54130,2195,31089
8180,11.867,5.268,4.965,0.092,0.005,0.207,0,16.010,4.077,0.000,0,384,0,0
8181,19.876,19.876,12.656,6.704,0.318,0.198,1,16.010,4.077,0.000,298,54134,2572,0
8182,13.491,7.426,7.122,0.093,0.006,0.205,0,16.149,8.310,0.000,0,384,0,0
8183,21.837,21.837,13.004,8.146,0.418,0.270,1,16.149,8.310,0.000,298,54134,2572,0
8184,11.522,6.073,5.789,0.094,0.004,0.186,0,15.741,7.817,0.000,0,388,0,0
8185,22.198,22.198,14.008,6.969,0.966,0.255,1,15.741,7.817,0.000,300,54142,2580,0
8186,11.174,5.736,5.355,0.093,0.006,0.283,0,15.763,7.934,0.000,0,388,0,0
8187,19.929,19.929,12.380,6.884,0.426,0.238,1,15.763,7.934,0.000,300,54142,2582,0
8188,13.439,6.236,5.878,0.093,0.007,0.258,0,17.505,8.074,0.000,0,388,0,0
8189,21.662,21.662,13.150,7.618,0.527,0.367,1,17.505,8.074,0.000,300,54142,2585,0
8190,11.701,8.072,7.748,0.093,0.009,0.222,0,18.918,8.427,0.000,0,384,0,0
8191,20.547,20.547,12.922,7.033,0.360,0.232,1,18.918,8.427,0.000,299,54138,2575,0
8192,12.817,7.067,6.714,0.092,0.005,0.257,0,16.866,8.075,0.000,0,384,0,0
8193,20.522,20.522,13.059,6.827,0.409,0.227,1,16.866,8.075,0.000,301,54146,2584,0
8194,12.846,7.334,6.897,0.092,0.007,0.338,0,16.945,8.557,0.000,0,384,0,0
8195,19.827,19.827,12.309,6.697,0.567,0.254,1,16.945,8.557,0.000,296,54126,2554,0
8196,13.544,6.527,6.224,0.091,0.006,0.205,0,17.313,7.820,0.000,0,384,0,0
8197,22.199,22.199,12.581,8.950,0.367,0.301,1,17.313,7.820,0.000,296,54126,2556,0
8198,11.167,5.756,5.437,0.094,0.009,0.215,0,19.288,8.305,0.000,0,392,0,0
8199,22.113,22.113,14.231,7.094,0.540,0.248,1,19.288,8.305,0.000,301,54226,2571,0
8200,11.254,6.681,6.333,0.094,0.006,0.247,0,16.832,8.847,0.000,0,396,0,0
8201,19.969,19.969,12.713,6.718,0.330,0.208,1,16.832,8.847,0.000,301,54226,2571,0
8202,13.393,6.668,6.363,0.094,0.008,0.204,0,16.605,8.467,0.000,0,396,0,0
8203,20.391,20.391,12.799,6.859,0.436,0.297,1,16.605,8.467,0.000,303,54234,2582,0
8204,12.974,6.552,6.185,0.096,0.006,0.265,0,17.243,7.742,0.000,0,396,0,0
8205,20.222,20.222,12.906,6.705,0.379,0.232,1,17.243,7.742,0.000,304,54238,2588,0
8206,13.145,6.984,6.625,0.096,0.005,0.258,0,17.457,7.809,0.000,0,396,0,0
8207,30.579,30.579,23.201,6.816,0.391,0.171,1,17.457,7.809,0.000,304,54238,2586,0
8208,7.090,7.090,6.817,0.100,0.006,0.167,0,17.457,7.809,0.000,0,396,0,0
8209,20.931,20.931,13.546,6.863,0.312,0.210,1,16.903,8.649,0.000,306,54254,2597,0
8210,8.150,6.592,6.344,0.096,0.007,0.146,0,16.515,8.690,0.000,0,400,0,0
8211,22.240,22.240,13.653,7.913,0.483,0.192,1,16.515,8.690,0.000,308,54266,2607,0
8212,11.132,6.453,6.070,0.098,0.006,0.279,0,18.095,8.368,0.000,0,396,0,0
8213,41.134,41.134,12.742,27.129,0.485,0.777,1,18.095,8.368,0.000,307,54262,2600,0
8214,5.871,5.871,5.598,0.094,0.008,0.170,0,21.540,10.532,0.000,0,396,0,0
8215,5.679,5.679,5.379,0.093,0.005,0.201,0,21.540,10.532,0.000,0,396,0,0
8216,23.714,23.714,15.587,7.627,0.347,0.152,1,21.540,10.532,0.000,306,54262,2598,0
8217,7.054,6.221,5.942,0.096,0.007,0.175,0,17.904,8.527,0.000,0,396,0,0
8218,22.280,22.280,14.626,7.006,0.341,0.307,1,17.904,8.527,0.000,304,54262,2589,0
8219,11.039,6.829,6.577,0.094,0.007,0.151,0,18.062,8.608,0.000,0,396,0,0
8220,22.538,22.538,14.121,7.846,0.394,0.177,1,18.062,8.608,0.000,304,54262,2591,0
8221,11.613,7.294,6.940,0.095,0.006,0.253,0,17.972,8.517,0.000,0,396,0,0
8222,22.421,22.421,13.321,8.501,0.408,0.192,1,17.972,8.517,0.000,307,54512,2610,0
8223,10.155,6.775,6.502,0.094,0.005,0.174,0,17.715,8.627,0.000,0,396,0,0
8224,20.510,20.510,12.264,7.110,0.894,0.243,1,17.715,8.627,0.000,307,54512,2607,0
8225,12.862,5.432,5.187,0.096,0.005,0.144,0,17.797,8.015,0.000,0,396,0,0
8226,20.597,20.597,13.001,7.086,0.362,0.148,1,17.797,8.015,0.000,305,53688,2586,0
8227,12.797,6.337,6.062,0.095,0.005,0.175,0,18.014,7.873,0.000,0,400,0,0
8228,19.795,19.795,12.164,6.993,0.482,0.156,1,18.014,7.873,0.000,305,53620,2590,0
8229,13.553,5.645,5.415,0.096,0.005,0.129,0,19.875,7.865,0.000,0,404,0,0
8230,19.916,19.916,11.911,7.128,0.522,0.355,1,19.875,7.865,0.000,305,53620,2590,0
8231,13.447,5.645,5.332,0.097,0.007,0.208,0,19.591,8.032,0.000,0,404,0,0
8232,22.470,22.470,12.080,9.649,0.492,0.249,1,19.591,8.032,0.000,307,54204,2606,0
8233,10.917,6.113,5.728,0.099,0.007,0.279,0,19.591,8.032,0.000,0,404,0,0
8234,31.428,31.428,17.436,13.390,0.384,0.218,1,17.118,2.546,1.739,312,54200,2050,29937
8235,6.581,6.581,6.285,0.095,0.005,0.195,0,17.118,2.546,1.739,0,400,0,0
8236,19.557,19.557,12.035,6.907,0.303,0.313,1,17.118,2.546,0.000,304,54125,2571,0
8237,9.174,5.655,5.240,0.097,0.005,0.312,0,17.118,2.546,0.000,0,400,0,0
8238,25.258,25.258,13.709,10.922,0.367,0.261,1,15.906,4.224,0.000,307,53537,2209,29940
8239,8.071,6.492,6.050,0.098,0.007,0.337,0,15.906,4.224,0.000,0,396,0,0
8240,20.480,20.480,13.620,6.375,0.251,0.235,1,15.906,4.224,0.000,285,48585,2401,0
8241,12.896,8.034,7.709,0.103,0.006,0.215,0,16.261,7.307,0.000,0,396,0,0
8242,21.355,21.355,13.722,6.609,0.442,0.582,1,16.261,7.307,0.000,285,48585,2401,0
8243,12.007,5.720,5.416,0.096,0.006,0.202,0,15.861,7.269,0.000,0,396,0,0
8244,18.961,18.961,11.260,7.087,0.396,0.219,1,15.861,7.269,0.000,285,48585,2400,0
8245,14.411,6.212,5.857,0.098,0.006,0.251,0,16.612,7.044,0.000,0,396,0,0
8246,18.417,18.417,11.253,6.547,0.405,0.212,1,16.612,7.044,0.000,282,48449,2384,0
8247,14.953,5.525,5.240,0.094,0.005,0.185,0,17.782,6.957,0.000,0,392,0,0
8248,16.862,16.862,10.651,5.456,0.302,0.453,1,17.782,6.957,0.000,256,35922,2096,0
8249,16.499,5.244,4.930,0.095,0.005,0.214,0,16.306,5.012,0.000,0,392,0,0
8250,19.709,19.709,13.502,5.555,0.406,0.247,1,16.306,5.012,0.000,255,35918,2086,0
8251,13.649,7.506,7.149,0.093,0.005,0.259,0,14.532,5.334,0.000,0,388,0,0
8252,33.552,33.552,11.826,21.066,0.424,0.236,1,14.532,5.334,0.000,256,36824,2136,0
8253,5.652,5.652,5.280,0.189,0.007,0.175,0,23.970,5.497,0.000,0,384,0,0
8254,18.321,18.321,11.449,6.263,0.335,0.274,1,23.970,5.497,0.000,253,36796,2098,0
8255,9.219,5.357,5.045,0.092,0.005,0.215,0,16.076,5.338,0.000,0,384,0,0
8256,17.624,17.624,11.475,5.466,0.433,0.250,1,16.076,5.338,0.000,256,36796,2106,0
8257,15.736,6.316,5.827,0.093,0.010,0.385,0,14.727,5.156,0.000,0,384,0,0
8258,17.781,17.781,11.548,5.480,0.481,0.272,1,14.727,5.156,0.000,254,36784,2096,0
8259,15.586,6.298,5.871,0.093,0.005,0.329,0,14.979,5.154,0.000,0,380,0,0
8260,17.743,17.743,10.749,6.122,0.423,0.449,1,14.979,5.154,0.000,254,36784,2097,0
8261,15.628,6.322,5.857,0.095,0.007,0.363,0,16.098,5.125,0.000,0,380,0,0
8262,17.104,17.104,10.785,5.499,0.449,0.370,1,16.098,5.125,0.000,257,37002,2114,0
8263,16.265,5.579,5.051,0.094,0.005,0.429,0,16.947,5.221,0.000,0,380,0,0
8264,17.047,17.047,10.684,5.646,0.393,0.323,1,16.947,5.221,0.000,257,37043,2112,0
8265,16.323,5.680,5.255,0.091,0.006,0.328,0,16.397,5.150,0.000,0,380,0,0
8266,17.501,17.501,10.901,5.512,0.431,0.657,1,16.397,5.150,0.000,257,37043,2112,0
8267,15.868,5.526,5.036,0.090,0.006,0.393,0,17.989,5.316,0.000,0,380,0,0
8268,17.442,17.442,10.873,5.642,0.482,0.444,1,17.989,5.316,0.000,257,37043,2112,0
8269,15.918,5.756,5.185,0.093,0.005,0.473,0,16.926,5.735,0.000,0,380,0,0
8270,17.693,17.693,11.009,5.584,0.687,0.413,1,16.926,5.735,0.000,257,37043,2113,0
8271,15.673,5.618,5.146,0.091,0.006,0.376,0,16.869,5.926,0.000,0,380,0,0
8272,17.489,17.489,11.035,5.436,0.490,0.528,1,16.869,5.926,0.000,257,37043,2112,0
8273,15.872,8.061,7.579,0.093,0.006,0.382,0,16.277,5.889,0.000,0,380,0,0
8274,18.210,18.210,12.158,5.325,0.372,0.355,1,16.277,5.889,0.000,257,37043,2107,0
8275,15.160,5.727,5.263,0.094,0.005,0.365,0,14.163,5.863,0.000,0,380,0,0
8276,19.483,19.483,12.848,5.811,0.495,0.329,1,14.163,5.863,0.000,257,37043,2104,0
8277,13.883,6.272,5.872,0.099,0.007,0.295,0,16.397,5.641,0.000,0,380,0,0
8278,16.774,16.774,10.645,5.435,0.301,0.393,1,16.397,5.641,0.000,257,37043,2106,0
8279,16.602,5.639,5.258,0.092,0.004,0.284,0,16.728,5.286,0.000,0,380,0,0
8280,20.267,20.267,13.173,6.370,0.449,0.274,1,16.728,5.286,0.000,257,37043,2107,0
8281,13.088,5.953,5.541,0.093,0.006,0.314,0,13.921,5.583,0.000,0,380,0,0
8282,18.213,18.213,11.867,5.622,0.434,0.289,1,13.921,5.583,0.000,248,37007,2064,0
8283,15.165,5.669,5.322,0.092,0.005,0.251,0,16.561,5.524,0.000,0,380,0,0
8284,16.899,16.899,10.691,5.316,0.324,0.567,1,16.561,5.524,0.000,255,36443,2091,0
8285,16.467,5.419,5.070,0.094,0.006,0.249,0,16.480,5.684,0.000,0,380,0,0
8286,16.828,16.828,10.820,5.252,0.437,0.319,1,16.480,5.684,0.000,252,36443,2082,0
8287,16.540,5.545,5.104,0.093,0.005,0.343,0,16.488,5.711,0.000,0,380,0,0
8288,20.717,20.717,14.468,5.494,0.487,0.268,1,16.488,5.711,0.000,253,36443,2083,0
8289,12.637,5.559,5.188,0.122,0.005,0.244,0,13.552,5.474,0.000,0,380,1,0
8290,18.256,18.256,11.912,5.433,0.534,0.377,1,13.552,5.474,0.000,253,36443,2083,0
8291,15.118,5.301,4.999,0.091,0.006,0.205,0,17.416,5.474,0.000,0,380,0,0
8292,20.199,20.199,13.171,6.396,0.386,0.246,1,17.416,5.474,0.000,253,36443,2087,0
8293,13.167,6.433,5.860,0.090,0.005,0.478,0,13.699,5.482,0.000,0,380,0,0
8294,21.384,21.384,13.912,6.680,0.427,0.365,1,13.699,5.482,0.000,253,36443,2086,0
8295,11.977,5.834,5.305,0.091,0.005,0.433,0,14.106,5.520,0.000,0,380,0,0
8296,18.283,18.283,12.233,5.378,0.329,0.343,1,14.106,5.520,0.000,253,36443,2087,0
8297,15.128,5.594,5.169,0.090,0.005,0.329,0,13.786,5.322,0.000,0,380,0,0
8298,22.258,22.258,13.975,7.397,0.402,0.483,1,13.786,5.322,0.000,254,36443,2089,0
8299,11.064,8.117,7.688,0.096,0.007,0.326,0,15.955,5.518,0.000,0,380,0,0
8300,18.628,18.628,12.400,5.518,0.399,0.310,1,15.955,5.518,0.000,253,36443,2086,0
8301,14.741,5.851,5.364,0.091,0.005,0.391,0,14.276,5.825,0.000,0,380,0,0
8302,19.592,19.592,12.603,5.596,1.072,0.321,1,14.276,5.825,0.000,253,36418,2088,0
8303,13.779,5.518,5.118,0.096,0.006,0.297,0,15.812,5.436,0.000,0,380,0,0
8304,17.527,17.527,11.444,5.389,0.339,0.355,1,15.812,5.436,0.000,253,36418,2087,0
8305,15.840,5.949,5.583,0.090,0.005,0.271,0,15.662,5.092,0.000,0,380,0,0
8306,17.649,17.649,11.426,5.480,0.428,0.316,1,15.662,5.092,0.000,253,36443,2087,0
8307,15.714,6.096,5.696,0.096,0.006,0.298,0,14.813,5.075,0.000,0,380,0,0
8308,17.069,17.069,10.972,5.429,0.355,0.312,1,14.813,5.075,0.000,253,36443,2090,0
8309,16.301,5.168,4.864,0.091,0.005,0.209,0,15.339,5.047,0.000,0,380,0,0
8310,19.944,19.944,13.529,5.546,0.540,0.328,1,15.339,5.047,0.000,253,36443,2089,0
8311,13.418,5.633,5.321,0.093,0.006,0.214,0,14.592,5.426,0.000,0,380,0,0
8312,18.951,18.951,12.735,5.607,0.374,0.234,1,14.592,5.426,0.000,250,36184,2078,0
8313,14.422,5.599,5.195,0.091,0.006,0.307,0,16.083,5.355,0.000,0,380,0,0
8314,17.275,17.275,11.318,5.328,0.356,0.274,1,16.083,5.355,0.000,250,36184,2077,0
8315,16.092,6.452,6.117,0.097,0.006,0.232,0,16.308,5.469,0.000,0,380,0,0
8316,18.405,18.405,10.766,6.319,1.011,0.308,1,16.308,5.469,0.000,250,36184,2076,0
8317,14.963,5.339,5.012,0.092,0.006,0.229,0,15.603,5.368,0.000,0,380,0,0
8318,19.786,19.786,13.487,5.654,0.396,0.249,1,15.603,5.368,0.000,250,36184,2077,0
8319,13.577,5.834,5.381,0.091,0.005,0.358,0,14.096,6.024,0.000,0,380,0,0
8320,18.616,18.616,12.697,5.239,0.291,0.389,1,14.096,6.024,0.000,250,36184,2076,0
8321,14.752,5.584,5.142,0.091,0.006,0.345,0,14.467,5.074,0.000,0,380,0,0
8322,18.723,18.723,11.739,6.047,0.423,0.515,1,14.467,5.074,0.000,250,36184,2077,0
8323,14.645,6.582,6.129,0.094,0.007,0.352,0,17.738,5.207,0.000,0,380,0,0
8324,20.384,20.384,13.748,5.829,0.413,0.395,1,17.738,5.207,0.000,250,36184,2078,0
8325,12.977,5.754,5.188,0.095,0.006,0.466,0,14.790,5.262,0.000,0,380,0,0
8326,18.549,18.549,12.340,5.420,0.343,0.446,1,14.790,5.262,0.000,250,36184,2077,0
8327,14.822,5.407,5.036,0.091,0.005,0.274,0,13.828,5.067,0.000,0,380,0,0
8328,18.626,18.626,12.533,5.266,0.411,0.416,1,13.828,5.067,0.000,250,36184,2079,0
8329,14.741,5.586,5.211,0.103,0.007,0.265,0,13.621,5.124,0.000,0,380,0,0
8330,17.567,17.567,11.451,5.377,0.488,0.251,1,13.621,5.124,0.000,250,36184,2078,0
8331,15.805,6.588,6.160,0.094,0.006,0.328,0,16.810,5.030,0.000,0,380,0,0
8332,18.392,18.392,10.911,6.223,1.007,0.251,1,16.810,5.030,0.000,250,36184,2077,0
8333,14.968,5.383,5.038,0.092,0.005,0.249,0,14.977,5.273,0.000,0,380,0,0
8334,16.845,16.845,10.991,5.270,0.275,0.309,1,14.977,5.273,0.000,250,36184,2078,0
8335,16.521,5.910,5.605,0.093,0.007,0.205,0,15.199,4.996,0.000,0,380,0,0
8336,17.062,17.062,11.193,5.294,0.376,0.200,1,15.199,4.996,0.000,250,36184,2077,0
8337,16.307,6.040,5.669,0.093,0.006,0.272,0,14.359,5.188,0.000,0,380,0,0
8338,17.005,17.005,10.349,6.021,0.376,0.259,1,14.359,5.188,0.000,250,36184,2080,0
8339,16.370,6.111,5.775,0.092,0.005,0.239,0,15.156,5.166,0.000,0,380,0,0
8340,20.538,20.538,14.323,5.480,0.396,0.340,1,15.156,5.166,0.000,250,36184,2079,0
8341,12.815,5.647,5.324,0.091,0.005,0.227,0,14.216,6.023,0.000,0,380,0,0
8342,18.445,18.445,12.089,5.541,0.522,0.294,1,14.216,6.023,0.000,250,36184,2078,0
8343,14.927,5.534,5.088,0.092,0.004,0.350,0,16.585,5.469,0.000,0,380,0,0
8344,17.875,17.681,11.774,5.313,0.330,0.264,1,16.585,5.469,0.000,253,36184,2088,0
8345,15.493,6.804,6.465,0.097,0.008,0.233,0,14.870,5.127,0.000,0,380,0,0
8346,19.642,19.642,13.323,5.479,0.466,0.374,1,14.870,5.127,0.000,253,36184,2084,0
8347,13.722,5.664,5.293,0.094,0.005,0.272,0,14.441,6.059,0.000,0,380,0,0
8348,22.935,22.935,12.920,9.261,0.361,0.394,1,14.441,6.059,0.000,248,35258,2031,0
8349,10.431,5.640,5.180,0.092,0.005,0.362,0,14.913,5.403,0.000,0,380,0,0
8350,17.198,17.198,11.239,5.351,0.329,0.279,1,14.913,5.403,0.000,248,35258,2035,0
8351,16.165,6.061,5.687,0.094,0.006,0.274,0,14.548,4.910,0.000,0,380,0,0
8352,16.856,16.856,10.915,5.221,0.354,0.366,1,14.548,4.910,0.000,248,35258,2033,0
8353,16.512,5.955,5.590,0.090,0.006,0.269,0,15.424,4.841,0.000,0,380,0,0
8354,17.755,17.755,10.963,6.127,0.389,0.277,1,15.424,4.841,0.000,248,35258,2037,0
8355,15.612,7.035,6.541,0.091,0.006,0.397,0,14.345,4.898,0.000,0,380,0,0
8356,18.326,18.326,11.839,5.445,0.646,0.395,1,14.345,4.898,0.000,248,35258,2030,0
8357,15.052,5.487,5.057,0.092,0.006,0.333,0,16.587,5.455,0.000,0,380,0,0
8358,16.673,16.605,10.428,5.227,0.294,0.655,1,16.587,5.455,0.000,248,35258,2031,0
8359,16.689,5.254,4.836,0.096,0.005,0.316,0,18.201,4.969,0.000,0,380,0,0
8360,18.657,18.657,12.445,5.433,0.420,0.359,1,18.201,4.969,0.000,248,35258,2031,0
8361,14.704,5.539,5.040,0.093,0.005,0.400,0,13.961,5.108,0.000,0,380,0,0
8362,17.720,17.720,11.581,5.346,0.436,0.356,1,13.961,5.108,0.000,248,35258,2030,0
8363,15.651,6.232,5.842,0.095,0.006,0.289,0,16.333,4.976,0.000,0,380,0,0
8364,18.372,18.372,11.004,5.976,0.425,0.966,1,16.333,4.976,0.000,239,35222,1986,0
8365,14.993,5.314,4.923,0.093,0.005,0.293,0,15.394,5.030,0.000,0,380,0,0
8366,17.231,17.231,10.995,5.523,0.398,0.314,1,15.394,5.030,0.000,247,35258,2026,0
8367,16.134,5.966,5.478,0.091,0.007,0.392,0,14.814,4.938,0.000,0,380,0,0
8368,16.773,16.773,10.833,5.283,0.361,0.296,1,14.814,4.938,0.000,244,35258,2016,0
8369,16.591,5.880,5.497,0.093,0.005,0.285,0,14.818,4.892,0.000,0,380,0,0
8370,17.101,17.101,10.531,5.841,0.370,0.360,1,14.818,4.892,0.000,245,35258,2019,0
8371,16.280,5.791,5.457,0.093,0.007,0.234,0,15.566,4.968,0.000,0,380,0,0
8372,19.562,19.562,13.463,5.480,0.401,0.217,1,15.566,4.968,0.000,245,35258,2018,0
8373,31.137,31.137,30.585,0.095,0.025,0.432,0,14.461,5.282,0.000,0,384,9,0
8374,7.130,7.130,6.648,0.099,0.009,0.375,0,14.461,5.282,0.000,0,384,0,0
8375,9.479,9.479,9.036,0.084,0.006,0.354,0,14.461,5.282,0.000,0,324,0,0
8376,16.099,9.068,8.502,0.079,0.004,0.484,0,14.461,5.282,0.000,0,320,0,0
8377,19.489,19.489,11.991,6.628,0.476,0.395,1,14.461,5.282,0.000,234,44761,1895,0
8378,13.875,7.258,6.806,0.084,0.006,0.362,0,66.990,7.183,0.000,0,320,0,0
8379,22.146,22.146,11.402,9.793,0.422,0.529,1,12.686,1.143,1.868,235,44761,1513,26566
8380,11.218,6.294,5.851,0.077,0.005,0.360,0,12.686,1.143,1.868,0,320,0,0
8381,16.714,16.714,11.050,4.961,0.309,0.393,1,12.686,1.143,0.000,234,44761,1892,0
8382,16.661,5.781,5.272,0.079,0.007,0.422,0,16.116,7.360,0.000,0,320,0,0
8383,17.526,17.526,11.820,4.917,0.442,0.348,1,16.116,7.360,0.000,234,44761,1891,0
8384,15.834,5.531,5.148,0.078,0.004,0.300,0,14.226,6.360,0.000,0,320,0,0
8385,19.324,19.324,12.808,5.663,0.492,0.361,1,14.226,6.360,0.000,234,44761,1890,0
8386,14.045,5.221,4.906,0.079,0.004,0.231,0,15.764,6.755,0.000,0,320,0,0
8387,18.196,18.196,12.640,4.969,0.311,0.275,1,15.764,6.755,0.000,234,44761,1891,0
8388,15.170,5.462,5.113,0.079,0.004,0.265,0,13.603,6.388,0.000,0,320,0,0
8389,19.067,19.067,13.171,5.125,0.523,0.248,1,13.603,6.388,0.000,234,44761,1891,0
8390,14.299,5.268,4.990,0.078,0.005,0.195,0,14.631,6.854,0.000,0,320,0,0
8391,18.415,18.415,12.832,4.902,0.281,0.399,1,14.631,6.854,0.000,234,44761,1892,0
8392,14.953,5.854,5.447,0.079,0.005,0.324,0,12.948,6.457,0.000,0,320,0,0
8393,18.262,18.262,12.214,5.111,0.553,0.385,1,12.948,6.457,0.000,234,44761,1891,0
8394,15.114,5.705,5.156,0.079,0.006,0.464,0,16.434,7.488,0.000,0,320,0,0
8395,18.183,18.030,12.404,4.960,0.312,0.355,1,16.434,7.488,0.000,234,44761,1890,0
8396,15.173,7.383,6.890,0.083,0.007,0.403,0,14.574,6.565,0.000,0,320,0,0
8397,18.757,18.757,13.060,4.880,0.464,0.353,1,14.574,6.565,0.000,234,44761,1891,0
8398,14.606,5.835,5.492,0.081,0.005,0.258,0,13.068,7.372,0.000,0,320,0,0
8399,19.796,19.796,13.256,5.785,0.435,0.320,1,13.068,7.372,0.000,234,44761,1891,0
8400,13.574,5.630,5.311,0.083,0.005,0.231,0,13.456,7.342,0.000,0,320,0,0
8401,20.301,20.301,14.308,5.192,0.503,0.298,1,13.456,7.342,0.000,235,44761,1893,0
8402,13.068,5.448,5.085,0.081,0.005,0.276,0,13.514,6.775,0.000,0,320,0,0
8403,18.296,18.296,12.602,5.066,0.356,0.272,1,13.514,6.775,0.000,234,44761,1890,0
8404,15.071,5.660,5.349,0.080,0.005,0.226,0,14.123,6.632,0.000,0,320,0,0
8405,19.277,19.277,12.064,5.702,0.525,0.986,1,14.123,6.632,0.000,234,44761,1891,0
8406,14.092,5.323,4.990,0.079,0.007,0.247,0,15.318,6.634,0.000,0,320,0,0
8407,22.468,22.468,11.820,10.062,0.349,0.238,1,15.318,6.634,0.000,234,44761,1887,0
8408,10.893,6.013,5.660,0.087,0.007,0.259,0,19.158,6.726,0.000,0,320,0,0
8409,17.253,17.253,11.746,4.970,0.291,0.246,1,19.158,6.726,0.000,234,44761,1882,0
8410,16.114,6.040,5.661,0.080,0.006,0.293,0,14.550,6.764,0.000,0,320,0,0
8411,17.000,17.000,10.621,5.543,0.402,0.434,1,14.550,6.764,0.000,234,44761,1881,0
8412,16.366,5.225,4.792,0.083,0.008,0.341,0,16.101,6.439,0.000,0,320,1,0
8413,18.305,18.157,12.255,5.128,0.420,0.353,1,16.101,6.439,0.000,234,44761,1881,0
8414,15.057,6.950,6.441,0.083,0.009,0.417,0,13.648,7.292,0.000,0,320,0,0
8415,18.811,18.811,12.750,5.206,0.470,0.384,1,13.648,7.292,0.000,234,44761,1882,0
8416,14.560,5.461,5.073,0.078,0.006,0.304,0,15.816,6.604,0.000,0,320,0,0
8417,17.415,17.415,11.728,4.919,0.291,0.477,1,15.816,6.604,0.000,234,44761,1882,0
8418,15.954,5.252,4.898,0.078,0.005,0.270,0,15.503,6.319,0.000,0,320,0,0
8419,16.735,16.735,10.634,5.399,0.406,0.296,1,15.503,6.319,0.000,234,44761,1882,0
8420,16.635,5.987,5.571,0.078,0.006,0.331,0,15.174,6.339,0.000,0,320,0,0
8421,18.924,18.924,13.188,5.015,0.436,0.285,1,15.174,6.339,0.000,234,44761,1884,0
8422,14.437,5.508,5.056,0.077,0.006,0.369,0,13.673,6.799,0.000,0,320,0,0
8423,18.525,18.397,12.742,4.836,0.429,0.389,1,13.673,6.799,0.000,234,44761,1886,0
8424,14.841,6.370,5.998,0.083,0.008,0.281,0,13.771,6.427,0.000,0,320,0,0
8425,17.536,17.536,11.936,4.874,0.410,0.317,1,13.771,6.427,0.000,234,44761,1885,0
8426,15.832,6.015,5.579,0.081,0.005,0.350,0,14.947,6.885,0.000,0,320,0,0
8427,17.037,17.037,10.736,5.576,0.380,0.346,1,14.947,6.885,0.000,234,44761,1885,0
8428,16.333,5.281,4.860,0.082,0.005,0.334,0,15.732,6.457,0.000,0,320,0,0
8429,18.500,18.374,12.499,5.086,0.407,0.382,1,15.732,6.457,0.000,234,44761,1884,0
8430,14.857,6.612,6.249,0.084,0.009,0.270,0,14.324,6.376,0.000,0,320,0,0
8431,18.370,18.370,12.610,4.967,0.505,0.287,1,14.324,6.376,0.000,234,44761,1885,0
8432,15.004,5.277,4.885,0.079,0.006,0.307,0,15.200,6.640,0.000,0,320,0,0
8433,17.249,17.249,11.657,4.862,0.456,0.274,1,15.200,6.640,0.000,234,44761,1884,0
8434,16.119,5.258,4.952,0.078,0.005,0.223,0,14.903,6.349,0.000,0,316,0,0
8435,16.745,16.745,10.626,5.433,0.395,0.291,1,14.903,6.349,0.000,233,44757,1872,0
8436,16.622,5.935,5.600,0.078,0.005,0.252,0,14.510,6.462,0.000,0,316,0,0
8437,28.786,28.786,16.359,11.512,0.531,0.385,1,14.510,6.462,0.000,238,45133,1931,0
8438,5.920,5.920,5.422,0.082,0.005,0.411,0,16.667,7.570,0.000,0,692,0,0
8439,19.743,19.743,12.875,6.101,0.380,0.386,1,16.667,7.570,0.000,209,45373,1833,0
8440,12.283,5.562,5.132,0.085,0.005,0.341,0,15.922,7.052,0.000,0,692,0,0
8441,17.477,17.477,10.885,5.644,0.470,0.479,1,15.922,7.052,0.000,209,45373,1834,0
8442,15.889,6.050,5.652,0.084,0.006,0.308,0,15.896,6.603,0.000,0,692,0,0
8443,17.917,17.917,10.768,6.366,0.453,0.329,1,15.896,6.603,0.000,209,45373,1834,0
8444,15.451,6.199,5.787,0.084,0.005,0.324,0,16.885,6.616,0.000,0,692,0,0
8445,16.770,16.770,11.009,5.097,0.359,0.304,1,16.885,6.616,0.000,209,45373,1828,0
8446,16.604,5.593,5.214,0.082,0.006,0.291,0,15.039,7.374,0.000,0,692,0,0
8447,17.044,17.044,11.348,4.876,0.428,0.392,1,15.039,7.374,0.000,209,45373,1827,0
8448,16.319,5.474,5.125,0.085,0.006,0.257,0,16.509,6.588,0.000,0,692,1,0
8449,19.160,19.160,13.402,4.940,0.493,0.325,1,16.509,6.588,0.000,209,45373,1827,0
8450,14.203,6.747,6.300,0.087,0.006,0.354,0,15.021,6.544,0.000,0,692,0,0
8451,19.246,19.246,13.220,5.189,0.501,0.336,1,15.021,6.544,0.000,209,45373,1828,0
8452,14.120,5.697,5.350,0.083,0.005,0.260,0,14.149,6.748,0.000,0,692,0,0
8453,20.066,20.066,13.017,5.441,1.238,0.371,1,14.149,6.748,0.000,208,45373,1824,0
8454,13.300,5.831,5.433,0.084,0.008,0.306,0,15.548,7.136,0.000,0,692,0,0
8455,18.290,18.290,12.059,5.551,0.333,0.348,1,15.548,7.136,0.000,205,45373,1818,0
8456,15.077,6.411,5.908,0.082,0.005,0.416,0,16.295,6.582,0.000,0,692,0,0
8457,19.778,19.778,13.705,5.189,0.531,0.354,1,16.295,6.582,0.000,205,45373,1812,0
8458,13.596,5.870,5.499,0.082,0.005,0.285,0,15.159,6.708,0.000,0,692,0,0
8459,18.576,18.576,12.998,4.851,0.309,0.419,1,15.159,6.708,0.000,206,45373,1816,0
8460,14.779,5.500,5.127,0.085,0.005,0.283,0,12.925,7.171,0.000,0,692,0,0
8461,19.019,19.019,12.405,5.793,0.456,0.364,1,12.925,7.171,0.000,206,45373,1821,0
8462,14.363,7.891,7.402,0.084,0.008,0.398,0,16.840,7.784,0.000,0,692,0,0
8463,19.770,19.770,13.939,5.003,0.346,0.482,1,16.840,7.784,0.000,206,45373,1819,0
8464,13.608,6.731,6.247,0.090,0.007,0.388,0,15.112,6.659,0.000,0,692,0,0
8465,20.433,20.433,14.044,5.311,0.509,0.568,1,15.112,6.659,0.000,206,45373,1819,0
8466,12.926,5.731,5.208,0.082,0.007,0.434,0,18.080,7.032,0.000,0,692,0,0
8467,21.525,21.525,14.198,6.366,0.492,0.469,1,18.080,7.032,0.000,206,45373,1818,0
8468,11.842,7.856,7.240,0.082,0.008,0.527,0,14.107,7.030,0.000,0,692,0,0
8469,20.245,20.245,13.182,5.354,1.225,0.484,1,14.107,7.030,0.000,206,45373,1819,0
8470,13.110,5.657,5.185,0.081,0.006,0.385,0,16.454,7.086,0.000,0,692,0,0
8471,17.958,17.958,11.932,5.167,0.355,0.504,1,16.454,7.086,0.000,206,45373,1819,0
8472,15.399,8.099,7.609,0.085,0.006,0.399,0,16.294,7.608,0.000,0,692,0,0
8473,17.996,17.996,12.291,4.903,0.436,0.366,1,16.294,7.608,0.000,207,45373,1821,0
8474,15.379,5.907,5.425,0.081,0.007,0.394,0,14.393,6.560,0.000,0,692,0,0
8475,17.755,17.755,12.109,4.915,0.407,0.325,1,14.393,6.560,0.000,206,45373,1818,0
8476,15.607,5.898,5.520,0.083,0.005,0.290,0,13.145,6.501,0.000,0,692,0,0
8477,18.945,18.945,12.834,5.219,0.449,0.443,1,13.145,6.501,0.000,206,45373,1819,0
8478,14.422,7.151,6.785,0.083,0.005,0.277,0,16.125,7.687,0.000,0,692,0,0
8479,16.680,16.680,11.109,4.959,0.317,0.295,1,16.125,7.687,0.000,206,45373,1820,0
8480,16.744,5.775,5.369,0.083,0.005,0.319,0,15.496,7.016,0.000,0,692,0,0
8481,18.718,18.718,12.718,5.163,0.538,0.299,1,15.496,7.016,0.000,206,45373,1820,0
8482,14.601,5.617,5.239,0.082,0.005,0.291,0,17.447,6.591,0.000,0,692,0,0
8483,16.679,16.679,11.111,4.801,0.335,0.432,1,17.447,6.591,0.000,201,44997,1770,0
8484,16.681,7.460,7.081,0.079,0.005,0.294,0,14.328,7.018,0.000,0,316,0,0
8485,18.607,18.607,11.991,5.763,0.501,0.351,1,14.328,7.018,0.000,201,44997,1768,0
8486,14.759,6.253,5.749,0.080,0.005,0.419,0,14.936,7.235,0.000,0,316,0,0
8487,18.330,18.330,12.789,4.848,0.326,0.367,1,14.936,7.235,0.000,201,44997,1769,0
8488,15.038,5.941,5.558,0.078,0.006,0.299,0,12.754,6.598,0.000,0,316,0,0
8489,18.197,18.197,12.042,5.158,0.541,0.454,1,12.754,6.598,0.000,201,44997,1769,0
8490,15.185,5.757,5.328,0.100,0.007,0.322,0,17.187,6.847,0.000,0,316,0,0
8491,20.545,20.545,13.700,5.971,0.519,0.355,1,17.187,6.847,0.000,201,44997,1769,0
8492,12.803,7.091,6.617,0.080,0.007,0.389,0,13.524,6.901,0.000,0,316,0,0
8493,17.594,17.594,11.889,4.933,0.361,0.411,1,13.524,6.901,0.000,201,44997,1768,0
8494,15.780,5.588,5.107,0.080,0.005,0.396,0,15.651,7.751,0.000,0,316,0,0
8495,18.317,18.317,12.836,4.677,0.450,0.354,1,15.651,7.751,0.000,201,44997,1771,0
8496,15.048,5.370,4.990,0.082,0.005,0.294,0,13.414,6.908,0.000,0,316,0,0
8497,19.537,19.537,12.640,5.946,0.466,0.485,1,13.414,6.908,0.000,201,44997,1770,0
8498,13.827,5.409,5.028,0.076,0.005,0.300,0,16.117,6.925,0.000,0,316,0,0
8499,17.194,17.194,11.659,4.839,0.314,0.382,1,16.117,6.925,0.000,201,44997,1771,0
8500,16.171,6.225,5.639,0.077,0.006,0.503,0,15.244,6.599,0.000,0,316,0,0
8501,16.885,16.885,11.289,4.757,0.415,0.424,1,15.244,6.599,0.000,201,44997,1770,0
8502,16.483,6.126,5.678,0.078,0.006,0.364,0,15.326,6.563,0.000,0,316,0,0
8503,17.160,17.160,11.417,4.855,0.405,0.483,1,15.326,6.563,0.000,201,44997,1769,0
8504,16.206,6.030,5.596,0.079,0.005,0.349,0,15.708,6.599,0.000,0,316,0,0
8505,16.933,16.933,10.483,5.635,0.451,0.364,1,15.708,6.599,0.000,202,44997,1772,0
8506,16.793,6.342,5.298,0.077,0.007,0.961,0,14.844,6.484,0.000,0,316,0,0
8507,16.843,16.843,10.548,5.622,0.384,0.289,1,14.844,6.484,0.000,201,44997,1770,0
8508,16.166,5.468,5.093,0.078,0.005,0.292,0,15.275,6.448,0.000,0,316,0,0
8509,17.662,17.662,11.387,5.513,0.389,0.373,1,15.275,6.448,0.000,201,44997,1771,0
8510,15.703,5.448,5.073,0.081,0.006,0.288,0,15.224,6.422,0.000,0,316,0,0
8511,18.797,18.797,12.480,5.672,0.379,0.266,1,15.224,6.422,0.000,201,44997,1770,0
8512,14.571,5.485,5.084,0.077,0.005,0.318,0,12.985,6.478,0.000,0,316,0,0
8513,18.416,18.416,12.523,5.075,0.471,0.346,1,12.985,6.478,0.000,201,44997,1771,0
8514,14.954,5.390,5.032,0.079,0.005,0.274,0,16.325,6.905,0.000,0,316,0,0
8515,18.568,18.375,12.497,4.933,0.326,0.620,1,16.325,6.905,0.000,204,44997,1780,0
8516,14.796,5.632,5.326,0.080,0.006,0.220,0,14.237,6.910,0.000,0,316,0,0
8517,21.169,21.169,14.374,5.875,0.569,0.352,1,14.237,6.910,0.000,236,44997,1940,0
8518,12.197,5.648,5.090,0.077,0.006,0.476,0,13.788,6.877,0.000,0,316,0,0
8519,18.702,18.702,12.487,5.282,0.508,0.425,1,13.788,6.877,0.000,236,44997,1939,0
8520,14.671,5.658,5.208,0.082,0.006,0.363,0,17.311,6.798,0.000,0,316,1,0
8521,24.325,24.325,12.744,10.646,0.335,0.601,1,17.311,6.798,0.000,204,45371,1737,0
8522,9.032,6.122,5.667,0.079,0.007,0.369,0,15.996,6.963,0.000,0,316,0,0
8523,19.780,19.780,14.046,4.933,0.360,0.440,1,15.996,6.963,0.000,204,45371,1740,0
8524,13.588,5.851,5.302,0.083,0.005,0.461,0,14.076,7.462,0.000,0,316,0,0
8525,19.300,19.300,12.801,5.617,0.498,0.384,1,14.076,7.462,0.000,204,45371,1740,0
8526,14.066,6.393,5.311,0.080,0.006,0.995,0,15.885,6.947,0.000,0,316,0,0
8527,20.082,20.082,14.036,5.164,0.468,0.414,1,15.885,6.947,0.000,204,45371,1740,0
8528,13.286,5.488,5.127,0.079,0.005,0.277,0,13.765,6.508,0.000,0,316,0,0
8529,19.956,19.956,14.072,5.038,0.501,0.345,1,13.765,6.508,0.000,204,45371,1739,0
8530,13.426,8.242,7.748,0.078,0.006,0.411,0,14.307,6.698,0.000,0,316,0,0
8531,19.226,19.226,13.437,4.936,0.452,0.401,1,14.307,6.698,0.000,204,45371,1740,0
8532,14.134,6.260,5.874,0.078,0.007,0.302,0,13.742,7.320,0.000,0,316,0,0
8533,19.564,19.564,12.657,5.959,0.508,0.439,1,13.742,7.320,0.000,204,45371,1743,0
8534,13.796,5.535,5.179,0.078,0.004,0.274,0,15.935,7.041,0.000,0,316,0,0
8535,20.208,20.208,13.999,5.015,0.629,0.566,1,15.935,7.041,0.000,204,45371,1744,0
8536,13.159,6.058,5.416,0.077,0.005,0.560,0,14.298,7.499,0.000,0,316,0,0
8537,19.099,19.099,12.875,5.210,0.444,0.570,1,14.298,7.499,0.000,204,45371,1743,0
8538,14.268,6.687,6.131,0.082,0.006,0.468,0,16.589,6.981,0.000,0,316,0,0
8539,19.947,19.947,13.092,5.799,0.441,0.614,1,16.589,6.981,0.000,204,45371,1742,0
8540,13.428,6.601,6.035,0.083,0.006,0.477,0,17.713,7.370,0.000,0,316,0,0
8541,19.936,19.936,14.163,4.874,0.372,0.527,1,17.713,7.370,0.000,204,45371,1743,0
8542,13.440,6.269,5.704,0.082,0.007,0.476,0,13.149,8.010,0.000,0,316,0,0
8543,17.605,17.605,12.136,4.695,0.441,0.332,1,13.149,8.010,0.000,204,45371,1743,0
8544,15.745,5.900,5.461,0.081,0.006,0.352,0,14.069,7.128,0.000,0,316,0,0
8545,18.445,18.445,12.852,4.671,0.433,0.489,1,14.069,7.128,0.000,204,45371,1743,0
8546,14.924,5.589,5.185,0.077,0.006,0.322,0,13.516,6.631,0.000,0,316,0,0
8547,18.017,18.017,12.586,4.671,0.388,0.371,1,13.516,6.631,0.000,204,45371,1742,0
8548,15.348,5.765,5.266,0.077,0.006,0.415,0,13.636,7.069,0.000,0,316,0,0
8549,17.137,17.137,11.300,4.960,0.466,0.411,1,13.636,7.069,0.000,204,45371,1743,0
8550,16.230,7.575,7.165,0.079,0.006,0.326,0,16.547,7.379,0.000,0,316,0,0
8551,19.608,19.608,13.781,4.926,0.507,0.394,1,16.547,7.379,0.000,204,45371,1743,0
8552,13.757,5.623,5.344,0.077,0.006,0.197,0,14.071,7.404,0.000,0,316,0,0
8553,17.706,17.706,12.351,4.767,0.300,0.287,1,14.071,7.404,0.000,204,45371,1743,0
8554,15.656,5.975,5.440,0.077,0.004,0.454,0,14.288,6.531,0.000,0,316,0,0
8555,18.471,18.471,12.899,4.748,0.408,0.416,1,14.288,6.531,0.000,204,45371,1743,0
8556,14.893,5.758,5.315,0.079,0.005,0.359,0,12.800,7.193,0.000,0,316,0,0
8557,19.151,19.151,13.533,4.735,0.402,0.480,1,12.800,7.193,0.000,204,45371,1738,0
8558,14.223,5.399,4.972,0.081,0.005,0.341,0,13.352,7.164,0.000,0,316,0,0
8559,19.426,19.426,13.306,5.207,0.484,0.429,1,13.352,7.164,0.000,204,45371,1739,0
8560,13.939,5.822,5.281,0.078,0.005,0.458,0,15.918,6.987,0.000,0,316,0,0
8561,18.698,18.698,12.834,5.020,0.495,0.349,1,15.918,6.987,0.000,204,45371,1739,0
8562,14.669,6.355,5.954,0.081,0.005,0.314,0,16.591,6.825,0.000,0,316,0,0
8563,18.475,18.475,11.872,5.691,0.482,0.431,1,16.591,6.825,0.000,204,45371,1739,0
8564,14.893,5.545,5.135,0.077,0.005,0.327,0,15.835,6.731,0.000,0,316,0,0
8565,19.776,19.776,13.855,4.994,0.555,0.371,1,15.835,6.731,0.000,204,45371,1738,0
8566,13.591,5.893,5.406,0.079,0.006,0.403,0,14.199,7.413,0.000,0,316,0,0
8567,17.584,17.584,12.164,4.733,0.303,0.383,1,14.199,7.413,0.000,204,45371,1739,0
8568,15.782,6.567,6.177,0.083,0.005,0.303,0,14.120,6.534,0.000,0,320,0,0
8569,22.561,22.561,12.685,9.008,0.421,0.447,1,14.120,6.534,0.000,234,44761,1882,0
8570,10.802,5.259,4.874,0.080,0.005,0.300,0,14.323,6.687,0.000,0,324,0,0
8571,18.356,18.356,12.770,4.902,0.288,0.396,1,14.323,6.687,0.000,237,44829,1894,0
8572,15.012,5.902,5.392,0.079,0.005,0.425,0,12.998,7.115,0.000,0,324,0,0
8573,17.721,17.721,12.227,4.739,0.414,0.342,1,12.998,7.115,0.000,240,44899,1947,0
8574,15.648,5.482,5.080,0.081,0.005,0.316,0,13.623,6.775,0.000,0,324,0,0
8575,17.370,17.370,11.211,5.136,0.537,0.486,1,13.623,6.775,0.000,217,45159,1891,0
8576,15.998,6.547,6.108,0.090,0.008,0.341,0,17.880,6.484,0.000,0,324,0,0
8577,19.450,19.450,13.425,5.188,0.445,0.392,1,17.880,6.484,0.000,223,45187,1922,0
8578,13.917,5.646,5.167,0.082,0.005,0.391,0,14.281,6.776,0.000,0,332,0,0
8579,19.892,19.892,12.235,6.038,1.291,0.329,1,14.281,6.776,0.000,246,46599,2152,0
8580,13.475,6.112,5.677,0.082,0.005,0.349,0,17.697,7.267,0.000,0,332,0,0
8581,23.050,23.050,15.949,5.906,0.558,0.638,1,17.697,7.267,0.000,246,46599,2152,0
8582,10.314,5.608,5.083,0.080,0.005,0.440,0,14.617,7.729,0.000,0,332,0,0
8583,20.382,20.382,13.702,5.782,0.465,0.433,1,14.617,7.729,0.000,250,47349,2171,0
8584,12.985,6.226,5.598,0.081,0.005,0.541,0,14.438,6.725,0.000,0,332,0,0
8585,20.517,20.517,13.226,6.438,0.398,0.454,1,14.438,6.725,0.000,250,47349,2172,0
8586,12.848,6.034,5.548,0.084,0.005,0.397,0,14.168,6.481,0.000,0,344,0,0
8587,20.459,20.459,13.829,5.711,0.400,0.519,1,14.168,6.481,0.000,255,47368,2189,0
8588,12.906,5.515,5.095,0.087,0.005,0.328,0,15.082,7.431,0.000,0,352,0,0
8589,20.153,20.153,12.943,6.378,0.443,0.389,1,15.082,7.431,0.000,268,52774,2340,0
8590,13.215,5.949,5.395,0.088,0.005,0.461,0,15.219,8.407,0.000,0,360,0,0
8591,19.652,19.652,12.597,6.277,0.411,0.366,1,15.219,8.407,0.000,269,52918,2345,0
8592,13.718,6.364,5.941,0.090,0.005,0.327,0,16.539,7.615,0.000,0,360,0,0
8593,19.248,19.248,11.883,6.331,0.533,0.501,1,16.539,7.615,0.000,271,53526,2371,0
8594,14.122,7.054,6.585,0.094,0.006,0.369,0,20.156,7.785,0.000,0,360,0,0
8595,20.938,20.938,11.868,8.145,0.404,0.521,1,20.156,7.785,0.000,276,53732,2420,0
8596,12.426,5.633,5.199,0.092,0.007,0.335,0,18.261,8.139,0.000,0,364,0,0
8597,19.388,19.388,12.050,6.599,0.335,0.404,1,18.261,8.139,0.000,279,53952,2439,0
8598,13.979,9.032,8.445,0.094,0.009,0.485,0,16.767,7.861,0.000,0,364,0,0
8599,21.137,21.137,13.567,6.651,0.546,0.374,1,16.767,7.861,0.000,279,53952,2439,0
8600,12.229,6.657,6.205,0.092,0.006,0.354,0,16.199,8.972,0.000,0,364,1,0
8601,21.711,21.711,14.040,6.746,0.420,0.505,1,16.199,8.972,0.000,279,53952,2440,0
8602,11.961,9.807,9.333,0.092,0.007,0.375,0,17.630,8.206,0.000,0,364,0,0
8603,23.419,23.419,15.852,6.706,0.459,0.402,1,17.630,8.206,0.000,280,53956,2440,0
8604,9.640,5.948,5.392,0.090,0.005,0.461,0,16.953,8.262,0.000,0,368,0,0
8605,20.591,20.591,13.389,6.485,0.344,0.373,1,16.953,8.262,0.000,287,54098,2504,0
8606,12.775,7.133,6.678,0.091,0.006,0.358,0,15.831,9.405,0.000,0,368,0,0
8607,22.030,22.030,14.529,6.405,0.453,0.643,1,15.831,9.405,0.000,286,54098,2502,0
8608,11.335,5.870,5.281,0.089,0.006,0.493,0,16.701,7.769,0.000,0,372,0,0
8609,21.191,21.191,13.189,6.933,0.461,0.608,1,16.701,7.769,0.000,288,54106,2513,0
8610,12.189,6.585,5.816,0.095,0.006,0.668,0,20.825,8.683,0.000,0,376,0,0
8611,23.854,23.854,12.047,10.879,0.391,0.537,1,14.968,4.190,0.000,292,54106,2162,30729
8612,9.501,6.541,5.789,0.092,0.007,0.652,0,14.968,4.190,0.000,0,376,0,0
8613,20.845,20.845,12.530,6.662,0.320,1.333,1,14.968,4.190,0.000,290,54114,2520,0
8614,12.525,8.566,7.947,0.091,0.006,0.522,0,16.581,8.110,0.000,0,376,0,0
8615,21.010,21.010,13.579,6.609,0.406,0.416,1,16.581,8.110,0.000,291,54118,2536,0
8616,12.359,6.308,5.657,0.091,0.005,0.554,0,15.991,8.721,0.000,0,376,0,0
8617,20.951,20.951,13.095,6.992,0.456,0.408,1,15.991,8.721,0.000,295,54122,2546,0
8618,12.413,7.343,6.861,0.095,0.010,0.377,0,17.345,8.648,0.000,0,380,0,0
8619,22.795,22.795,15.013,6.855,0.400,0.526,1,17.345,8.648,0.000,295,54122,2548,0
8620,10.571,6.140,5.680,0.099,0.006,0.356,0,16.725,8.613,0.000,0,380,0,0
8621,21.102,21.102,13.516,6.591,0.559,0.436,1,16.725,8.613,0.000,296,54126,2551,0
8622,12.264,6.883,6.295,0.096,0.005,0.486,0,16.812,8.825,0.000,0,384,0,0
8623,20.443,20.443,13.149,6.524,0.396,0.375,1,16.812,8.825,0.000,296,54126,2555,0
8624,12.921,7.166,6.734,0.098,0.006,0.328,0,17.144,7.949,0.000,0,384,0,0
8625,21.418,21.418,13.299,7.089,0.454,0.576,1,17.144,7.949,0.000,296,54134,2561,0
8626,11.959,5.714,5.173,0.095,0.006,0.440,0,20.631,8.313,0.000,0,384,0,0
8627,21.802,21.802,12.197,8.796,0.362,0.447,1,20.631,8.313,0.000,298,54130,2178,31097
8628,11.558,6.324,5.686,0.093,0.004,0.541,0,18.758,3.481,0.000,0,380,0,0
8629,22.751,22.751,12.546,9.236,0.498,0.470,1,15.763,3.596,0.000,299,54134,2195,30753
8630,10.613,5.664,5.112,0.090,0.006,0.456,0,15.763,3.596,0.000,0,380,0,0
8631,24.878,24.878,16.329,7.071,0.304,1.173,1,15.763,3.596,0.000,299,54138,2569,0
8632,8.496,5.826,5.372,0.091,0.005,0.358,0,16.055,8.211,0.000,0,380,0,0
8633,20.327,20.327,11.976,7.550,0.425,0.376,1,16.055,8.211,0.000,301,54142,2579,0
8634,13.041,6.584,5.999,0.094,0.005,0.487,0,18.118,7.935,0.000,0,380,0,0
8635,23.083,23.083,15.003,7.134,0.501,0.446,1,18.118,7.935,0.000,304,54238,2593,0
8636,10.275,6.265,5.768,0.092,0.007,0.398,0,17.961,8.235,0.000,0,392,0,0
8637,21.979,21.979,14.239,6.846,0.325,0.570,1,17.961,8.235,0.000,306,54246,2602,0
8638,11.389,5.785,5.274,0.095,0.010,0.406,0,17.181,8.523,0.000,0,392,0,0
8639,21.809,21.809,13.926,7.011,0.408,0.463,1,17.181,8.523,0.000,306,54246,2602,0
8640,11.556,5.935,5.281,0.093,0.005,0.556,0,16.581,8.178,0.000,0,392,0,0
8641,24.130,24.130,15.860,7.370,0.449,0.452,1,16.581,8.178,0.000,308,54254,2614,0
8642,9.237,6.167,5.653,0.095,0.006,0.412,0,16.656,8.284,0.000,0,392,0,0
8643,22.846,22.846,14.414,7.323,0.444,0.665,1,16.656,8.284,0.000,308,54254,2612,0
8644,14.288,14.288,13.731,0.095,0.005,0.457,0,19.564,8.335,0.000,0,392,0,0
8645,22.127,22.127,13.878,7.303,0.428,0.518,1,19.564,8.335,0.000,305,54254,2603,0
8646,9.859,9.859,9.120,0.100,0.008,0.632,0,18.487,9.146,0.000,0,392,0,0
8647,23.924,23.924,15.599,7.307,0.411,0.608,1,18.487,9.146,0.000,307,54262,2613,0
8648,7.244,7.244,6.581,0.102,0.006,0.555,0,17.738,8.922,0.000,0,396,0,0
8649,22.213,22.213,13.864,7.176,0.468,0.705,1,17.738,8.922,0.000,306,54258,2606,0
8650,10.980,6.375,5.835,0.093,0.006,0.441,0,19.916,8.170,0.000,0,392,0,0
8651,21.076,21.076,11.593,8.650,0.411,0.422,1,19.916,8.170,0.000,307,54258,2224,30865
8652,12.289,7.389,6.729,0.097,0.007,0.557,0,17.588,3.457,0.000,0,392,0,0
8653,23.412,23.412,14.677,7.858,0.390,0.487,1,17.588,3.457,0.000,306,54258,2609,0
8654,9.945,6.638,6.012,0.095,0.005,0.526,0,15.761,8.228,0.000,0,392,0,0
8655,23.828,23.828,15.809,7.133,0.349,0.537,1,15.761,8.228,0.000,306,54258,2608,0
8656,9.538,5.844,5.385,0.094,0.006,0.359,0,16.116,7.948,0.000,0,392,0,0
8657,21.214,21.214,13.511,6.896,0.345,0.462,1,16.116,7.948,0.000,306,54258,2608,0
8658,12.157,6.553,5.985,0.094,0.007,0.468,0,16.619,8.317,0.000,0,392,0,0
8659,20.822,20.822,13.062,6.979,0.445,0.336,1,16.619,8.317,0.000,309,54508,2623,0
8660,12.546,6.953,6.556,0.098,0.006,0.294,0,16.793,8.560,0.000,0,392,0,0
8661,22.436,22.436,14.363,7.067,0.410,0.596,1,16.793,8.560,0.000,309,54508,2624,0
8662,10.929,6.045,5.485,0.095,0.005,0.460,0,16.561,8.546,0.000,0,392,0,0
8663,21.675,21.675,13.653,7.149,0.405,0.468,1,16.561,8.546,0.000,307,53684,2600,0
8664,11.724,7.023,6.338,0.096,0.004,0.584,0,17.150,7.706,0.000,0,396,0,0
8665,24.387,24.387,16.280,7.200,0.451,0.455,1,17.150,7.706,0.000,308,53688,2610,0
8666,8.945,6.032,5.516,0.096,0.005,0.414,0,17.035,8.128,0.000,0,400,0,0
8667,22.546,22.546,12.917,8.587,0.419,0.622,1,17.035,8.128,0.000,308,53688,2608,0
8668,10.820,9.357,8.826,0.102,0.007,0.421,0,18.576,8.106,0.000,0,400,0,0
8669,22.646,22.646,14.719,7.165,0.327,0.436,1,18.576,8.106,0.000,310,54272,2620,0
8670,10.722,6.522,5.954,0.098,0.005,0.465,0,17.772,8.446,0.000,0,400,0,0
8671,22.717,22.717,13.807,8.154,0.377,0.380,1,17.772,8.446,0.000,310,54272,2618,0
8672,10.660,6.601,6.148,0.097,0.006,0.349,0,19.259,8.282,0.000,0,400,0,0
8673,21.794,21.794,13.083,7.704,0.555,0.451,1,19.259,8.282,0.000,314,54726,2636,0
8674,11.577,5.745,5.297,0.096,0.007,0.345,0,21.429,7.851,0.000,0,404,0,0
8675,24.500,24.500,12.161,11.574,0.378,0.386,1,15.567,3.507,0.000,314,54722,2246,31147
8676,8.850,6.314,5.761,0.094,0.005,0.454,0,15.567,3.507,0.000,0,400,0,0
8677,22.499,22.499,13.593,8.212,0.351,0.342,1,15.567,3.507,0.000,313,54722,2624,0
8678,10.876,5.990,5.570,0.097,0.005,0.317,0,19.277,8.547,0.000,0,400,0,0
8679,20.451,20.451,12.680,6.802,0.417,0.553,1,19.277,8.547,0.000,308,49111,2585,0
8680,12.924,6.385,5.841,0.096,0.006,0.442,0,18.959,7.132,0.000,0,400,0,0
8681,20.885,20.885,12.979,6.895,0.508,0.503,1,18.959,7.132,0.000,307,49108,2581,0
8682,12.473,9.318,8.633,0.097,0.006,0.582,0,19.533,7.374,0.000,0,400,0,0
8683,21.001,21.001,13.376,6.849,0.335,0.442,1,19.533,7.374,0.000,307,49108,2581,0
8684,12.358,6.414,5.901,0.100,0.004,0.410,0,17.346,7.189,0.000,0,400,0,0
8685,22.770,22.770,14.362,7.408,0.420,0.580,1,17.346,7.189,0.000,310,49108,2588,0
8686,10.600,5.728,5.296,0.096,0.010,0.326,0,16.298,7.907,0.000,0,400,0,0
8687,21.544,21.544,13.735,7.085,0.397,0.327,1,16.298,7.907,0.000,309,49036,2570,0
8688,11.821,7.117,6.547,0.098,0.005,0.467,0,17.301,7.177,0.000,0,400,0,0
8689,22.010,22.010,13.916,7.185,0.477,0.432,1,17.301,7.177,0.000,309,49036,2575,0
8690,11.365,5.781,5.329,0.095,0.005,0.352,0,19.619,7.471,0.000,0,400,0,0
8691,20.713,20.713,12.946,6.973,0.311,0.482,1,19.619,7.471,0.000,297,46572,2463,0
8692,12.647,7.512,7.037,0.098,0.005,0.372,0,16.303,6.815,0.000,0,408,0,0
8693,21.271,21.271,13.159,7.273,0.433,0.407,1,16.303,6.815,0.000,301,46656,2485,0
8694,12.109,5.899,5.362,0.099,0.006,0.433,0,20.301,7.634,0.000,0,408,0,0
8695,19.139,19.139,11.762,6.730,0.348,0.299,1,20.301,7.634,0.000,301,46656,2473,0
8696,14.227,5.964,5.431,0.215,0.005,0.314,0,18.531,7.092,0.000,0,408,0,0
8697,19.469,19.469,11.995,6.562,0.492,0.420,1,18.531,7.092,0.000,302,46660,2477,0
8698,13.896,5.788,5.317,0.099,0.005,0.367,0,18.136,7.563,0.000,0,416,0,0
8699,19.836,19.836,11.946,6.829,0.467,0.593,1,18.136,7.563,0.000,305,46668,2485,0
8700,13.532,5.724,5.202,0.104,0.005,0.413,0,20.127,6.878,0.000,0,420,0,0
8701,19.394,19.394,11.690,6.757,0.473,0.475,1,20.127,6.878,0.000,305,46672,2493,0
8702,13.967,6.000,5.292,0.105,0.005,0.599,0,18.486,7.483,0.000,0,424,0,0
8703,21.155,21.155,13.808,6.460,0.417,0.469,1,18.486,7.483,0.000,305,46672,2494,0
8704,12.206,5.996,5.496,0.102,0.005,0.394,0,15.593,7.434,0.000,0,428,0,0
8705,22.063,22.063,13.530,7.567,0.417,0.549,1,15.593,7.434,0.000,304,46672,2483,0
8706,11.313,5.876,5.405,0.103,0.006,0.361,0,20.058,7.184,0.000,0,424,0,0
8707,20.324,20.324,12.333,6.664,0.943,0.384,1,20.058,7.184,0.000,301,46672,2472,0
8708,13.033,5.758,5.221,0.099,0.006,0.431,0,17.782,6.864,0.000,0,424,0,0
8709,19.942,19.942,12.345,6.731,0.451,0.415,1,17.782,6.864,0.000,301,46672,2469,0
8710,13.424,6.337,5.848,0.101,0.006,0.382,0,17.620,6.764,0.000,0,424,0,0
8711,19.860,19.860,11.747,7.233,0.366,0.514,1,17.620,6.764,0.000,302,46672,2469,0
8712,13.514,6.276,5.857,0.101,0.005,0.313,0,18.300,6.707,0.000,0,424,0,0
8713,21.896,21.896,14.190,6.855,0.479,0.372,1,18.300,6.707,0.000,303,46676,2478,0
8714,11.467,6.627,6.065,0.172,0.005,0.384,0,16.107,7.825,0.000,0,428,0,0
8715,20.709,20.709,13.512,6.481,0.295,0.421,1,16.107,7.825,0.000,303,46676,2482,0
8716,12.651,6.716,6.276,0.103,0.004,0.332,0,16.754,6.986,0.000,0,428,0,0
8717,20.468,20.468,12.838,6.655,0.544,0.432,1,16.754,6.986,0.000,300,46596,2472,0
8718,12.899,7.452,7.065,0.104,0.006,0.278,0,19.116,7.001,0.000,0,428,0,0
8719,20.235,20.235,13.102,6.407,0.432,0.293,1,19.116,7.001,0.000,301,46600,2474,0
8720,13.137,7.100,6.635,0.108,0.005,0.352,0,15.791,7.424,0.000,0,432,0,0
8721,21.609,21.609,13.271,7.689,0.356,0.292,1,15.791,7.424,0.000,301,46600,2467,0
8722,11.762,5.813,5.470,0.105,0.006,0.232,0,17.578,7.203,0.000,0,432,0,0
8723,18.821,18.821,11.620,6.535,0.300,0.365,1,17.578,7.203,0.000,301,46600,2467,0
8724,14.551,6.048,5.526,0.108,0.005,0.410,0,18.110,7.527,0.000,0,432,0,0
8725,19.403,19.403,11.762,6.762,0.441,0.438,1,18.110,7.527,0.000,304,46600,2471,0
8726,13.957,10.537,9.897,0.103,0.007,0.531,0,16.951,7.779,0.000,0,428,0,0
8727,22.327,22.327,14.197,7.305,0.395,0.430,1,16.951,7.779,0.000,302,46600,2463,0
8728,11.049,5.876,5.367,0.104,0.005,0.400,0,15.539,6.916,0.000,0,432,0,0
8729,23.748,23.748,15.669,6.918,0.519,0.642,1,15.539,6.916,0.000,301,46596,2460,0
8730,9.600,5.969,5.483,0.104,0.006,0.376,0,17.151,7.040,0.000,0,432,0,0
8731,21.289,21.289,13.963,6.495,0.456,0.375,1,17.151,7.040,0.000,303,46596,2465,0
8732,12.079,7.177,6.635,0.104,0.006,0.432,0,16.700,6.940,0.000,0,432,0,0
8733,20.768,20.768,13.600,6.435,0.351,0.381,1,16.700,6.940,0.000,304,46600,2467,0
8734,12.599,6.901,6.445,0.105,0.005,0.347,0,16.375,6.946,0.000,0,432,0,0
8735,21.788,21.788,12.723,8.106,0.491,0.468,1,16.375,6.946,0.000,304,46600,2470,0
8736,11.593,5.686,5.234,0.103,0.006,0.343,0,19.420,6.941,0.000,0,432,0,0
8737,20.758,20.758,11.896,8.064,0.443,0.354,1,19.420,6.941,0.000,305,46604,2473,0
8738,12.600,5.888,5.380,0.108,0.005,0.395,0,18.003,6.807,0.000,0,436,0,0
8739,19.985,19.985,12.062,6.621,0.281,1.022,1,18.003,6.807,0.000,306,46608,2480,0
8740,13.382,5.657,5.272,0.105,0.006,0.274,0,17.093,6.831,0.000,0,440,0,0
8741,19.745,19.745,12.292,6.633,0.442,0.377,1,17.093,6.831,0.000,307,46608,2493,0
8742,13.620,6.438,5.991,0.106,0.005,0.336,0,17.770,6.721,0.000,0,440,0,0
8743,19.824,19.824,12.231,6.785,0.422,0.386,1,17.770,6.721,0.000,306,46608,2489,0
8744,13.544,6.706,6.133,0.106,0.006,0.461,0,17.583,6.796,0.000,0,440,0,0
8745,20.518,20.518,12.881,6.688,0.514,0.435,1,17.583,6.796,0.000,305,46604,2484,0
8746,12.863,5.735,5.271,0.106,0.005,0.353,0,19.065,7.332,0.000,0,440,0,0
8747,19.031,19.031,11.665,6.507,0.330,0.529,1,19.065,7.332,0.000,305,46604,2494,0
8748,14.332,5.662,5.112,0.106,0.005,0.440,0,18.977,6.864,0.000,0,440,0,0
8749,22.995,22.995,15.393,6.760,0.425,0.417,1,18.977,6.864,0.000,303,46596,2483,0
8750,10.357,6.456,5.886,0.110,0.005,0.455,0,16.880,7.038,0.000,0,440,0,0
8751,22.025,22.025,12.997,8.027,0.514,0.486,1,16.880,7.038,0.000,303,46596,2483,0
8752,11.353,6.549,5.994,0.106,0.010,0.440,0,18.904,6.954,0.000,0,436,0,0
8753,20.499,20.499,12.290,7.262,0.333,0.615,1,18.904,6.954,0.000,301,46588,2487,0
8754,12.867,5.727,5.139,0.103,0.005,0.479,0,18.778,6.857,0.000,0,432,0,0
8755,19.015,19.015,11.591,6.458,0.443,0.524,1,18.778,6.857,0.000,297,46584,2482,0
8756,14.363,6.195,5.487,0.108,0.007,0.594,0,18.819,7.794,0.000,0,432,0,0
8757,18.985,18.985,11.679,6.423,0.423,0.460,1,18.819,7.794,0.000,296,46580,2464,0
8758,14.355,8.692,8.213,0.103,0.010,0.367,0,18.211,6.872,0.000,0,432,0,0
8759,21.154,21.154,13.953,6.326,0.407,0.469,1,18.211,6.872,0.000,297,46584,2464,0
8760,12.215,6.303,5.802,0.102,0.006,0.393,0,16.327,6.907,0.000,0,432,0,0
8761,20.899,20.899,13.790,6.310,0.419,0.380,1,16.327,6.907,0.000,294,46572,2452,0
8762,12.467,6.958,6.380,0.104,0.006,0.468,0,15.765,7.689,0.000,0,428,0,0
8763,23.249,23.249,15.066,7.282,0.489,0.412,1,15.765,7.689,0.000,293,46568,2445,0
8764,10.118,7.157,6.651,0.108,0.007,0.391,0,15.680,6.989,0.000,0,424,0,0
8765,19.503,19.503,12.160,6.457,0.339,0.547,1,15.680,6.989,0.000,293,46428,2442,0
8766,13.877,7.876,7.344,0.172,0.010,0.350,0,19.415,7.607,0.000,0,428,0,0
8767,18.335,18.335,11.483,6.082,0.410,0.360,1,19.415,7.607,0.000,290,41826,2369,0
8768,15.030,5.818,5.204,0.196,0.006,0.412,0,17.625,6.450,0.000,0,432,0,0
8769,18.231,18.231,11.331,6.017,0.495,0.388,1,17.625,6.450,0.000,289,41822,2366,0
8770,15.129,5.668,5.191,0.101,0.005,0.370,0,17.382,6.536,0.000,0,428,0,0
8771,20.844,20.844,13.761,6.092,0.451,0.541,1,17.382,6.536,0.000,288,41818,2362,0
8772,12.520,5.705,5.207,0.101,0.005,0.392,0,15.277,6.584,0.000,0,428,0,0
8773,20.503,20.503,13.232,6.379,0.469,0.422,1,15.277,6.584,0.000,288,41818,2363,0
8774,12.867,6.696,6.008,0.139,0.005,0.544,0,17.743,6.387,0.000,0,428,0,0
8775,20.999,20.999,13.411,6.797,0.346,0.444,1,17.743,6.387,0.000,285,41790,2332,0
8776,12.364,6.360,5.884,0.102,0.006,0.368,0,14.536,6.015,0.000,0,428,0,0
8777,20.386,20.386,13.233,6.134,0.472,0.547,1,14.536,6.015,0.000,285,41790,2329,0
8778,12.994,5.723,5.220,0.103,0.006,0.393,0,19.564,6.167,0.000,0,428,0,0
8779,22.234,22.234,14.922,6.460,0.502,0.350,1,19.564,6.167,0.000,284,41786,2326,0
8780,11.120,6.642,6.111,0.099,0.005,0.427,0,14.986,6.165,0.000,0,424,0,0
8781,20.887,20.887,13.595,6.502,0.345,0.445,1,14.986,6.165,0.000,283,41782,2323,0
8782,12.480,6.289,5.827,0.102,0.006,0.353,0,14.355,5.995,0.000,0,420,0,0
8783,18.647,18.647,11.579,6.074,0.486,0.508,1,14.355,5.995,0.000,285,41858,2330,0
8784,14.729,6.613,6.181,0.106,0.005,0.321,0,18.464,6.380,0.000,0,416,0,0
8785,21.833,21.833,14.276,6.838,0.372,0.347,1,18.464,6.380,0.000,283,41838,2307,0
8786,11.533,6.092,5.575,0.101,0.005,0.411,0,14.730,6.326,0.000,0,416,0,0
8787,25.247,25.247,15.161,9.175,0.478,0.434,1,14.730,6.326,0.000,286,41838,2316,0
8788,8.109,6.166,5.681,0.102,0.009,0.374,0,15.979,6.139,0.000,0,416,0,0
8789,20.552,20.552,13.731,5.947,0.311,0.563,1,15.979,6.139,0.000,286,41777,2292,0
8790,12.816,7.471,6.970,0.103,0.007,0.391,0,16.118,5.905,0.000,0,416,0,0
8791,19.440,19.440,11.570,6.991,0.498,0.380,1,16.118,5.905,0.000,287,41781,2301,0
8792,13.925,8.508,7.868,0.108,0.008,0.523,0,17.335,6.161,0.000,0,420,0,0
8793,20.650,20.650,13.558,6.177,0.553,0.363,1,17.335,6.161,0.000,285,41649,2296,0
8794,12.718,6.290,5.811,0.101,0.005,0.373,0,16.243,6.050,0.000,0,420,0,0
8795,19.348,19.348,12.529,5.969,0.545,0.305,1,16.243,6.050,0.000,285,41649,2295,0
8796,14.018,6.421,6.003,0.100,0.006,0.313,0,14.432,6.603,0.000,0,420,0,0
8797,20.290,20.290,13.191,6.376,0.338,0.385,1,14.432,6.603,0.000,288,42477,2327,0
8798,13.084,5.633,5.238,0.099,0.007,0.290,0,17.971,7.168,0.000,0,420,0,0
8799,19.634,19.634,12.911,6.110,0.302,0.311,1,17.971,7.168,0.000,287,42474,2323,0
8800,13.728,6.355,5.879,0.100,0.005,0.369,0,15.117,6.551,0.000,0,420,0,0
8801,19.954,19.954,13.089,6.138,0.410,0.317,1,15.117,6.551,0.000,287,42474,2326,0
8802,13.414,7.234,6.804,0.102,0.006,0.322,0,15.584,6.780,0.000,0,420,0,0
8803,21.004,21.004,13.161,6.441,0.996,0.406,1,15.584,6.780,0.000,287,42474,2325,0
8804,12.364,5.752,5.387,0.101,0.005,0.259,0,17.532,6.506,0.000,0,424,0,0
8805,19.370,19.370,11.657,6.916,0.332,0.465,1,17.532,6.506,0.000,287,42474,2322,0
8806,13.994,6.467,5.825,0.100,0.005,0.537,0,17.068,6.277,0.000,0,420,0,0
8807,18.951,18.951,11.267,6.764,0.456,0.464,1,17.068,6.277,0.000,286,42471,2317,0
8808,14.419,6.465,5.356,0.664,0.005,0.440,0,17.269,6.147,0.000,0,424,0,0
8809,18.689,18.689,11.377,6.239,0.484,0.589,1,17.269,6.147,0.000,288,42507,2346,0
8810,14.674,5.860,5.372,0.101,0.006,0.381,0,19.940,6.192,0.000,0,424,0,0
8811,18.844,18.844,11.701,6.221,0.487,0.435,1,19.940,6.192,0.000,286,42472,2288,0
8812,14.526,5.711,5.122,0.100,0.005,0.484,0,17.956,6.802,0.000,0,424,0,0
8813,20.187,20.187,12.924,6.433,0.448,0.382,1,17.956,6.802,0.000,286,42918,2294,0
8814,13.180,6.445,5.987,0.101,0.005,0.352,0,16.212,6.163,0.000,0,420,0,0
8815,18.763,18.763,11.775,6.035,0.484,0.469,1,16.212,6.163,0.000,285,42914,2286,0
8816,14.602,7.120,6.653,0.103,0.005,0.358,0,18.840,6.655,0.000,0,420,0,0
8817,21.787,21.787,14.133,6.144,1.091,0.419,1,18.840,6.655,0.000,285,42914,2285,0
8818,11.584,6.585,5.955,0.114,0.007,0.509,0,14.443,6.456,0.000,0,420,0,0
8819,20.578,20.578,12.897,6.234,0.479,0.967,1,14.443,6.456,0.000,282,42858,2275,0
8820,12.786,5.799,5.328,0.098,0.005,0.368,0,17.421,6.541,0.000,0,416,0,0
8821,19.035,19.035,11.929,6.108,0.533,0.465,1,17.421,6.541,0.000,282,42858,2280,0
8822,14.331,6.497,6.046,0.103,0.006,0.342,0,17.920,6.180,0.000,0,412,0,0
8823,19.243,19.243,11.417,6.839,0.456,0.532,1,17.920,6.180,0.000,282,42886,2296,0
8824,14.126,6.841,6.055,0.104,0.007,0.675,0,17.916,6.239,0.000,0,412,0,0
8825,18.299,18.299,11.239,5.965,0.521,0.574,1,17.916,6.239,0.000,280,42850,2271,0
8826,15.061,9.230,8.684,0.099,0.004,0.443,0,18.207,6.123,0.000,0,408,0,0
8827,24.708,24.708,17.594,6.036,0.470,0.608,1,18.207,6.123,0.000,279,42846,2265,0
8828,8.659,5.865,5.322,0.095,0.005,0.442,0,15.758,6.117,0.000,0,396,0,0
8829,19.611,19.611,12.549,6.230,0.384,0.449,1,15.758,6.117,0.000,275,42726,2230,0
8830,13.765,5.754,5.266,0.095,0.006,0.388,0,18.607,6.362,0.000,0,396,0,0
8831,19.085,19.085,12.539,5.795,0.446,0.305,1,18.607,6.362,0.000,273,42228,2227,0
8832,14.288,7.776,7.347,0.096,0.006,0.328,0,14.930,6.753,0.000,0,396,0,0
8833,23.495,23.495,16.334,6.292,0.415,0.453,1,14.930,6.753,0.000,273,42228,2226,0
8834,9.870,6.811,6.375,0.121,0.007,0.308,0,14.668,6.654,0.000,0,396,0,0
8835,19.262,19.262,12.376,6.209,0.299,0.378,1,14.668,6.654,0.000,270,41526,2201,0
8836,14.094,6.339,5.782,0.093,0.006,0.459,0,18.036,6.010,0.000,0,384,0,0
8837,18.346,18.346,11.062,6.488,0.430,0.366,1,18.036,6.010,0.000,265,41380,2179,0
8838,15.019,6.170,5.746,0.090,0.006,0.329,0,16.338,6.002,0.000,0,372,0,0
8839,18.377,18.377,11.029,6.519,0.449,0.380,1,16.338,6.002,0.000,264,41376,2175,0
8840,14.994,6.114,5.758,0.090,0.005,0.261,0,16.449,6.055,0.000,0,364,0,0
8841,17.693,17.693,11.059,5.705,0.522,0.406,1,16.449,6.055,0.000,258,41284,2155,0
8842,15.679,5.705,5.140,0.088,0.005,0.472,0,17.065,5.920,0.000,0,364,0,0
8843,17.148,17.148,10.838,5.403,0.434,0.473,1,17.065,5.920,0.000,253,38792,2099,0
8844,16.216,7.611,7.114,0.088,0.005,0.404,0,17.287,5.325,0.000,0,356,0,0
8845,21.595,21.595,10.926,9.754,0.339,0.576,1,17.287,5.325,0.000,257,39842,2156,0
8846,11.768,5.682,5.199,0.087,0.009,0.388,0,18.581,6.720,0.000,0,352,0,0
8847,18.652,18.652,12.487,5.447,0.306,0.412,1,18.581,6.720,0.000,253,39826,2136,0
8848,14.714,6.129,5.570,0.086,0.004,0.469,0,14.519,6.189,0.000,0,344,0,0
8849,19.835,19.835,12.690,5.678,1.088,0.378,1,14.519,6.189,0.000,250,39814,2122,0
8850,13.532,5.520,5.091,0.085,0.009,0.336,0,16.863,5.979,0.000,0,344,0,0
8851,18.101,18.101,11.762,5.559,0.278,0.502,1,16.863,5.979,0.000,250,39814,2120,0
8852,15.267,6.227,5.738,0.085,0.005,0.400,0,16.851,5.613,0.000,0,344,0,0
8853,17.709,17.709,10.753,6.130,0.395,0.431,1,16.851,5.613,0.000,250,39814,2121,0
8854,15.656,6.622,5.981,0.087,0.007,0.546,0,16.333,5.577,0.000,0,344,0,0
8855,20.546,20.546,13.990,5.596,0.496,0.464,1,16.333,5.577,0.000,250,39814,2119,0
8856,12.817,5.964,5.483,0.092,0.006,0.383,0,15.741,5.888,0.000,0,344,0,0
8857,19.775,19.775,13.512,5.326,0.292,0.646,1,15.741,5.888,0.000,250,39814,2118,0
8858,13.590,5.870,5.398,0.084,0.005,0.382,0,13.573,6.461,0.000,0,344,0,0
8859,18.552,18.552,11.952,5.559,0.487,0.554,1,13.573,6.461,0.000,250,39814,2119,0
8860,14.824,5.802,5.218,0.087,0.005,0.492,0,17.786,6.596,0.000,0,344,0,0
8861,19.657,19.657,13.231,5.587,0.436,0.402,1,17.786,6.596,0.000,250,39814,2121,0
8862,13.704,5.688,5.247,0.085,0.006,0.350,0,14.477,5.633,0.000,0,344,0,0
8863,19.989,19.989,11.982,7.007,0.479,0.521,1,14.477,5.633,0.000,250,39814,2119,0
8864,13.381,5.631,5.164,0.084,0.006,0.377,0,17.431,6.157,0.000,0,344,0,0
8865,17.583,17.583,11.492,5.369,0.284,0.438,1,17.431,6.157,0.000,250,39814,2114,0
8866,15.785,6.182,5.669,0.088,0.005,0.421,0,16.350,5.636,0.000,0,344,0,0
8867,17.579,17.579,11.508,5.348,0.388,0.335,1,16.350,5.636,0.000,250,39814,2114,0
8868,15.785,6.528,5.947,0.089,0.006,0.486,0,15.938,5.558,0.000,0,344,0,0
8869,18.237,18.237,10.836,6.106,0.397,0.898,1,15.938,5.558,0.000,250,39814,2106,0
8870,15.132,6.340,5.599,0.086,0.006,0.650,0,17.964,5.621,0.000,0,344,0,0
8871,17.938,17.938,11.474,5.517,0.390,0.557,1,17.964,5.621,0.000,250,39814,2114,0
8872,15.433,6.612,5.822,0.083,0.005,0.702,0,17.182,5.698,0.000,0,344,0,0
8873,17.024,17.024,10.762,5.271,0.445,0.547,1,17.182,5.698,0.000,249,39214,2101,0
8874,16.344,5.474,4.937,0.083,0.005,0.449,0,16.620,6.323,0.000,0,344,0,0
8875,16.996,16.996,10.737,5.230,0.455,0.574,1,16.620,6.323,0.000,243,39190,2069,0
8876,16.373,5.535,5.016,0.083,0.008,0.427,0,17.828,5.522,0.000,0,344,0,0
8877,20.188,20.188,13.849,5.323,0.518,0.498,1,17.828,5.522,0.000,245,39214,2082,0
8878,13.171,6.873,6.219,0.098,0.006,0.549,0,14.589,5.673,0.000,0,344,0,0
8879,19.491,19.491,12.388,6.152,0.482,0.468,1,14.589,5.673,0.000,245,39214,2082,0
8880,13.873,5.581,5.071,0.085,0.007,0.419,0,16.813,5.770,0.000,0,344,0,0
8881,17.700,17.700,11.517,5.294,0.309,0.580,1,16.813,5.770,0.000,246,39214,2084,0
8882,15.665,6.091,5.575,0.082,0.006,0.427,0,17.015,5.545,0.000,0,344,0,0
8883,17.839,17.839,11.670,5.296,0.409,0.464,1,17.015,5.545,0.000,246,39214,2085,0
8884,15.529,6.260,5.623,0.087,0.007,0.544,0,16.402,5.742,0.000,0,344,0,0
8885,17.641,17.641,10.745,6.058,0.398,0.440,1,16.402,5.742,0.000,246,39214,2088,0
8886,15.725,6.566,6.036,0.086,0.009,0.435,0,17.123,5.494,0.000,0,344,0,0
8887,20.426,20.426,13.418,6.091,0.404,0.512,1,17.123,5.494,0.000,246,39214,2087,0
8888,12.940,6.389,5.885,0.115,0.006,0.383,0,13.663,5.721,0.000,0,344,1,0
8889,18.378,18.378,11.756,5.638,0.507,0.477,1,13.663,5.721,0.000,246,39214,2087,0
8890,14.999,5.736,5.131,0.083,0.006,0.516,0,17.418,5.781,0.000,0,344,0,0
8891,17.124,17.124,10.895,5.359,0.488,0.381,1,17.418,5.781,0.000,246,39214,2088,0
8892,16.246,5.517,5.078,0.084,0.005,0.350,0,16.718,5.486,0.000,0,344,0,0
8893,20.427,20.427,14.013,5.428,0.464,0.521,1,16.718,5.486,0.000,246,39214,2087,0
8894,12.932,6.776,6.295,0.103,0.006,0.371,0,14.257,5.954,0.000,0,344,1,0
8895,19.154,19.154,11.183,6.214,1.065,0.693,1,14.257,5.954,0.000,250,39234,2105,0
8896,14.212,5.504,4.900,0.083,0.006,0.514,0,17.627,5.954,0.000,0,344,0,0
8897,17.860,17.860,11.581,5.378,0.379,0.522,1,17.627,5.954,0.000,247,39234,2095,0
8898,15.504,6.319,5.618,0.085,0.006,0.610,0,16.526,5.623,0.000,0,344,0,0
8899,17.671,17.671,11.386,5.409,0.398,0.478,1,16.526,5.623,0.000,247,39234,2096,0
8900,15.695,6.172,5.627,0.084,0.008,0.454,0,16.770,5.544,0.000,0,344,0,0
8901,17.837,17.837,11.470,5.390,0.389,0.588,1,16.770,5.544,0.000,248,39234,2098,0
8902,15.539,5.958,5.499,0.085,0.005,0.368,0,16.957,5.614,0.000,0,344,0,0
8903,18.156,18.156,11.395,6.016,0.373,0.373,1,16.957,5.614,0.000,248,39234,2099,0
8904,15.206,6.443,5.867,0.082,0.006,0.487,0,16.232,5.524,0.000,0,344,0,0
8905,16.662,16.662,10.622,5.362,0.309,0.369,1,16.232,5.524,0.000,248,39234,2102,0
8906,16.705,5.501,5.081,0.082,0.006,0.332,0,16.114,6.292,0.000,0,344,0,0
8907,16.976,16.976,10.769,5.284,0.444,0.479,1,16.114,6.292,0.000,248,39234,2101,0
8908,16.403,5.453,5.030,0.083,0.005,0.336,0,17.120,5.407,0.000,0,344,0,0
8909,17.709,17.709,11.380,5.472,0.479,0.378,1,17.120,5.407,0.000,248,39234,2102,0
8910,15.650,5.589,5.113,0.083,0.005,0.388,0,16.774,5.620,0.000,0,344,0,0
8911,16.836,16.836,10.748,5.376,0.410,0.302,1,16.774,5.620,0.000,248,39234,2102,0
8912,16.521,5.384,5.029,0.085,0.005,0.266,0,16.414,6.215,0.000,0,344,0,0
8913,17.180,17.180,10.970,5.291,0.420,0.500,1,16.414,6.215,0.000,248,39234,2101,0
8914,16.197,5.403,4.989,0.084,0.006,0.324,0,17.169,6.105,0.000,0,344,0,0
8915,16.944,16.944,10.783,5.397,0.402,0.361,1,17.169,6.105,0.000,248,39234,2102,0
8916,16.422,5.514,5.004,0.083,0.005,0.423,0,17.176,5.544,0.000,0,344,0,0
8917,17.083,17.083,10.942,5.350,0.417,0.373,1,17.176,5.544,0.000,248,39234,2103,0
8918,16.277,5.440,5.031,0.087,0.005,0.317,0,17.482,5.646,0.000,0,344,0,0
8919,18.901,18.901,12.663,5.411,0.388,0.439,1,17.482,5.646,0.000,248,39234,2102,0
8920,14.455,5.633,5.264,0.084,0.011,0.274,0,14.744,5.541,0.000,0,344,0,0
8921,18.581,18.581,12.149,5.568,0.539,0.325,1,14.744,5.541,0.000,248,39234,2105,0
8922,14.802,5.785,5.288,0.084,0.006,0.407,0,16.472,6.375,0.000,0,344,0,0
8923,16.987,16.987,10.738,5.558,0.302,0.390,1,16.472,6.375,0.000,248,39234,2104,0
8924,16.369,5.433,5.039,0.083,0.005,0.306,0,16.500,5.847,0.000,0,344,0,0
8925,16.750,16.750,10.621,5.304,0.441,0.384,1,16.500,5.847,0.000,248,39234,2103,0
8926,16.627,5.460,5.095,0.085,0.007,0.273,0,16.618,6.008,0.000,0,344,0,0
8927,16.773,16.773,10.657,5.405,0.400,0.311,1,16.618,6.008,0.000,247,39230,2099,0
8928,16.581,5.634,5.182,0.090,0.005,0.357,0,16.430,6.039,0.000,0,344,0,0
8929,16.909,16.909,10.853,5.340,0.432,0.284,1,16.430,6.039,0.000,247,39230,2099,0
8930,16.465,5.469,5.125,0.086,0.005,0.252,0,16.241,6.124,0.000,0,344,0,0
8931,17.257,17.257,10.933,5.388,0.444,0.492,1,16.241,6.124,0.000,246,39226,2093,0
8932,16.113,5.359,4.960,0.084,0.006,0.309,0,17.767,5.500,0.000,0,344,0,0
8933,17.420,17.420,11.123,5.452,0.460,0.385,1,17.767,5.500,0.000,246,39226,2094,0
8934,15.949,5.542,5.003,0.084,0.006,0.450,0,17.402,5.477,0.000,0,344,0,0
8935,17.031,17.031,10.843,5.416,0.411,0.361,1,17.402,5.477,0.000,246,39226,2094,0
8936,16.335,5.583,5.161,0.084,0.005,0.333,0,16.513,5.663,0.000,0,344,0,0
8937,16.805,16.805,10.630,5.299,0.406,0.471,1,16.513,5.663,0.000,248,39222,2096,0
8938,16.552,5.256,4.886,0.085,0.006,0.279,0,16.265,6.215,0.000,0,344,0,0
8939,20.126,20.126,13.581,5.729,0.499,0.317,1,16.265,6.215,0.000,249,39226,2104,0
8940,13.246,6.518,6.030,0.085,0.005,0.399,0,14.650,5.776,0.000,0,344,0,0
8941,23.607,23.607,13.922,9.053,0.344,0.288,1,14.650,5.776,0.000,244,38172,2055,0
8942,9.748,5.636,5.273,0.083,0.005,0.275,0,13.699,6.402,0.000,0,344,0,0
8943,19.318,19.318,13.219,5.433,0.305,0.361,1,13.699,6.402,0.000,244,38172,2060,0
8944,14.056,5.633,5.274,0.085,0.007,0.267,0,16.196,5.705,0.000,0,344,0,0
8945,17.319,17.319,11.385,5.268,0.392,0.274,1,16.196,5.705,0.000,244,38172,2062,0
8946,16.046,6.524,6.117,0.084,0.006,0.317,0,15.437,5.354,0.000,0,344,0,0
8947,17.374,17.374,10.673,6.109,0.365,0.227,1,15.437,5.354,0.000,245,38176,2068,0
8948,15.991,6.169,5.880,0.085,0.006,0.197,0,15.089,5.349,0.000,0,344,0,0
8949,17.659,17.659,10.731,6.041,0.371,0.516,1,15.089,5.349,0.000,245,38176,2067,0
8950,15.719,6.290,5.795,0.088,0.007,0.401,0,16.383,5.299,0.000,0,344,0,0
8951,20.592,20.592,13.945,5.667,0.517,0.464,1,16.383,5.299,0.000,245,38176,2069,0
8952,12.758,5.900,5.270,0.084,0.005,0.541,0,15.024,5.696,0.000,0,344,0,0
8953,18.678,18.678,12.022,5.659,0.534,0.462,1,15.024,5.696,0.000,246,38180,2073,0
8954,14.693,5.594,5.093,0.089,0.006,0.406,0,17.095,6.286,0.000,0,344,0,0
8955,20.503,20.503,13.922,5.517,0.476,0.588,1,17.095,6.286,0.000,246,38180,2074,0
8956,12.865,5.459,4.990,0.083,0.005,0.382,0,13.961,5.325,0.000,0,344,0,0
8957,19.342,19.342,12.959,5.596,0.364,0.423,1,13.961,5.325,0.000,249,38180,2084,0
8958,14.024,5.735,5.119,0.082,0.008,0.526,0,16.462,5.555,0.000,0,344,0,0
8959,17.246,17.246,11.225,5.393,0.268,0.359,1,16.462,5.555,0.000,249,38180,2084,0
8960,16.119,6.020,5.590,0.084,0.006,0.340,0,15.726,5.371,0.000,0,344,0,0
8961,17.494,17.494,11.274,5.363,0.390,0.467,1,15.726,5.371,0.000,248,38176,2080,0
8962,15.873,5.942,5.509,0.083,0.008,0.342,0,16.224,5.492,0.000,0,344,0,0
8963,17.603,17.603,10.616,6.208,0.430,0.348,1,16.224,5.492,0.000,248,38176,2079,0
8964,15.765,6.172,5.667,0.084,0.006,0.414,0,15.796,5.235,0.000,0,344,0,0
8965,17.982,17.982,10.430,6.843,0.385,0.323,1,15.796,5.235,0.000,248,38176,2082,0
8966,15.386,6.477,6.091,0.087,0.005,0.293,0,15.715,5.299,0.000,0,348,4,0
8967,19.192,19.192,12.391,5.661,0.525,0.614,1,15.715,5.299,0.000,249,38180,2098,0
8968,14.175,5.429,4.906,0.082,0.005,0.435,0,18.774,5.581,0.000,0,324,0,0
8969,17.178,17.178,11.496,4.896,0.309,0.477,1,18.774,5.581,0.000,218,38120,1753,0
8970,16.200,5.614,4.999,0.081,0.006,0.529,0,18.289,5.816,0.000,0,320,0,0
8971,18.222,18.222,11.895,5.480,0.425,0.421,1,18.289,5.816,0.000,218,38120,1754,0
8972,15.135,5.525,5.065,0.080,0.006,0.374,0,14.995,6.073,0.000,0,320,0,0
8973,19.463,19.463,13.720,4.604,0.611,0.528,1,14.995,6.073,0.000,218,38120,1758,0
8974,13.901,5.362,5.018,0.078,0.006,0.261,0,13.008,5.678,0.000,0,320,0,0
8975,18.395,18.395,13.047,4.608,0.441,0.299,1,13.008,5.678,0.000,218,38120,1758,0
8976,14.975,5.539,5.031,0.079,0.004,0.425,0,14.269,5.579,0.000,0,320,0,0
8977,17.813,17.173,12.093,4.319,0.330,0.432,1,14.269,5.579,0.000,218,38120,1757,0
8978,15.548,6.206,5.814,0.085,0.005,0.302,0,13.593,5.374,0.000,0,320,0,0
8979,17.249,17.249,11.925,4.474,0.391,0.460,1,13.593,5.374,0.000,218,38120,1758,0
8980,16.119,5.740,5.344,0.083,0.006,0.307,0,14.622,5.554,0.000,0,320,0,0
8981,17.315,16.407,11.441,4.288,0.347,0.331,1,14.622,5.554,0.000,218,38120,1758,0
8982,16.046,6.403,5.958,0.083,0.007,0.356,0,12.934,5.189,0.000,0,320,0,0
8983,17.623,17.623,12.301,4.621,0.475,0.226,1,12.934,5.189,0.000,218,38120,1757,0
8984,15.751,5.355,5.050,0.081,0.006,0.219,0,14.006,5.472,0.000,0,320,0,0
8985,17.579,17.579,11.505,5.199,0.383,0.492,1,14.006,5.472,0.000,218,38120,1758,0
8986,15.786,5.147,4.708,0.080,0.005,0.355,0,14.668,5.190,0.000,0,320,0,0
8987,17.886,17.439,11.812,4.277,0.993,0.357,1,14.668,5.190,0.000,218,38120,1758,0
8988,15.479,6.288,5.769,0.083,0.007,0.430,0,12.803,5.186,0.000,0,320,0,0
8989,18.812,18.812,13.437,4.579,0.439,0.356,1,12.803,5.186,0.000,218,38120,1758,0
8990,14.556,6.033,5.573,0.085,0.007,0.369,0,13.294,5.520,0.000,0,320,0,0
8991,18.440,18.440,11.660,5.253,0.451,1.076,1,13.294,5.520,0.000,218,38120,1759,0
8992,14.927,5.236,4.823,0.079,0.008,0.327,0,15.147,5.583,0.000,0,320,0,0
8993,18.109,17.348,12.229,4.312,0.319,0.487,1,15.147,5.583,0.000,218,38120,1760,0
8994,15.255,6.291,5.885,0.081,0.007,0.318,0,13.588,5.361,0.000,0,320,0,0
8995,17.410,17.410,12.305,4.391,0.385,0.329,1,13.588,5.361,0.000,218,38120,1758,0
8996,15.959,6.006,5.541,0.080,0.005,0.381,0,14.087,5.550,0.000,0,320,0,0
8997,17.393,16.550,10.874,5.059,0.290,0.327,1,14.087,5.550,0.000,218,38120,1759,0
8998,15.967,6.237,5.845,0.083,0.007,0.302,0,12.930,5.191,0.000,0,320,0,0
8999,18.962,18.962,13.636,4.498,0.439,0.389,1,12.930,5.191,0.000,218,38120,1759,0
9000,14.409,6.235,5.866,0.079,0.006,0.284,0,13.367,5.423,0.000,0,320,0,0
9001,20.961,20.961,11.785,8.408,0.410,0.358,1,13.367,5.423,0.000,218,38120,1750,0
9002,12.405,6.932,6.416,0.089,0.008,0.419,0,16.593,5.552,0.000,0,320,0,0
9003,16.985,16.985,10.560,5.687,0.296,0.443,1,16.593,5.552,0.000,218,38120,1750,0
9004,16.386,5.318,4.927,0.077,0.005,0.309,0,14.955,5.377,0.000,0,320,0,0
9005,18.361,17.671,12.468,4.363,0.387,0.453,1,14.955,5.377,0.000,218,38120,1751,0
9006,15.007,5.648,5.288,0.079,0.005,0.276,0,13.168,5.209,0.000,0,320,0,0
9007,18.654,18.654,13.249,4.654,0.432,0.319,1,13.168,5.209,0.000,218,38120,1750,0
9008,14.710,5.298,4.863,0.079,0.006,0.350,0,14.353,5.693,0.000,0,320,0,0
9009,17.360,16.405,11.475,4.304,0.313,0.314,1,14.353,5.693,0.000,218,38120,1752,0
9010,16.005,6.101,5.782,0.084,0.007,0.228,0,13.414,5.214,0.000,0,320,0,0
9011,17.535,17.535,12.497,4.318,0.408,0.312,1,13.414,5.214,0.000,218,38120,1750,0
9012,15.833,5.881,5.432,0.083,0.006,0.361,0,14.208,5.415,0.000,0,320,0,0
9013,18.344,18.189,13.018,4.447,0.366,0.357,1,14.208,5.415,0.000,218,38120,1751,0
9014,15.018,5.903,5.369,0.078,0.006,0.450,0,12.667,5.317,0.000,0,320,0,0
9015,17.640,16.724,11.567,4.355,0.441,0.361,1,12.667,5.317,0.000,218,38120,1754,0
9016,15.730,6.709,6.230,0.081,0.008,0.389,0,13.888,5.286,0.000,0,320,0,0
9017,18.123,18.123,12.236,4.977,0.423,0.487,1,13.888,5.286,0.000,218,38120,1753,0
9018,15.246,5.113,4.717,0.078,0.005,0.312,0,15.319,5.392,0.000,0,320,0,0
9019,18.868,18.868,13.565,4.531,0.454,0.317,1,15.319,5.392,0.000,218,38120,1756,0
9020,14.500,5.706,5.284,0.078,0.005,0.338,0,13.359,5.476,0.000,0,320,0,0
9021,18.131,18.131,12.831,4.538,0.408,0.354,1,13.359,5.476,0.000,218,38120,1755,0
9022,15.234,5.944,5.544,0.085,0.007,0.308,0,13.335,5.432,0.000,0,320,0,0
9023,17.611,17.611,12.051,4.713,0.438,0.410,1,13.335,5.432,0.000,218,38120,1754,0
9024,15.757,5.829,5.476,0.079,0.006,0.269,0,14.692,5.572,0.000,0,320,0,0
9025,17.971,17.705,12.601,4.397,0.424,0.283,1,14.692,5.572,0.000,221,38120,1764,0
9026,15.394,6.043,5.579,0.094,0.005,0.366,0,13.208,5.441,0.000,0,320,0,0
9027,17.008,17.008,11.929,4.424,0.361,0.294,1,13.208,5.441,0.000,220,38116,1753,0
9028,16.363,5.904,5.583,0.078,0.006,0.237,0,14.029,5.347,0.000,0,316,0,0
9029,18.228,17.867,12.732,4.358,0.420,0.357,1,14.029,5.347,0.000,220,38116,1752,0
9030,15.169,8.452,7.986,0.084,0.006,0.376,0,13.015,5.189,0.000,0,692,0,0
9031,21.306,21.306,13.109,7.524,0.306,0.367,1,13.015,5.189,0.000,196,38732,1710,0
9032,12.024,6.642,6.073,0.096,0.007,0.466,0,14.382,5.886,0.000,0,692,0,0
9033,17.613,17.613,11.665,5.310,0.288,0.350,1,14.382,5.886,0.000,196,38732,1712,0
9034,15.758,5.484,5.078,0.081,0.006,0.319,0,14.832,5.346,0.000,0,692,0,0
9035,16.980,16.980,11.508,4.552,0.477,0.444,1,14.832,5.346,0.000,196,38732,1710,0
9036,16.388,5.379,4.977,0.082,0.006,0.315,0,15.404,5.242,0.000,0,692,0,0
9037,18.684,18.199,12.628,4.772,0.446,0.353,1,15.404,5.242,0.000,196,38732,1712,0
9038,14.678,6.419,5.905,0.082,0.005,0.427,0,12.782,5.394,0.000,0,692,0,0
9039,17.111,17.111,11.217,4.941,0.427,0.526,1,12.782,5.394,0.000,196,38732,1712,0
9040,16.269,5.583,5.071,0.084,0.006,0.421,0,16.300,6.082,0.000,0,692,0,0
9041,20.173,20.072,14.492,4.554,0.392,0.633,1,16.300,6.082,0.000,196,38732,1711,0
9042,13.179,6.405,5.865,0.084,0.007,0.448,0,13.058,5.953,0.000,0,692,0,0
9043,17.153,17.153,11.626,4.580,0.432,0.514,1,13.058,5.953,0.000,196,38732,1715,0
9044,16.225,5.783,5.085,0.081,0.005,0.612,0,15.816,6.446,0.000,0,692,0,0
9045,18.958,18.750,13.247,4.586,0.417,0.499,1,15.816,6.446,0.000,196,38732,1715,0
9046,14.397,6.504,6.030,0.088,0.007,0.380,0,13.859,5.350,0.000,0,692,0,0
9047,17.503,17.503,11.776,4.794,0.397,0.536,1,13.859,5.350,0.000,196,38732,1714,0
9048,15.878,5.640,5.109,0.087,0.007,0.437,0,15.906,6.186,0.000,0,692,0,0
9049,18.332,17.852,12.386,4.501,0.525,0.440,1,15.906,6.186,0.000,196,38732,1715,0
9050,15.027,6.474,5.862,0.080,0.005,0.526,0,13.636,5.627,0.000,0,692,0,0
9051,18.031,18.031,11.925,5.316,0.382,0.407,1,13.636,5.627,0.000,196,38732,1715,0
9052,15.333,5.550,5.071,0.083,0.007,0.390,0,15.016,5.479,0.000,0,692,0,0
9053,17.137,17.137,11.792,4.547,0.290,0.508,1,15.016,5.479,0.000,196,38732,1714,0
9054,16.230,5.509,5.049,0.087,0.009,0.365,0,14.975,5.300,0.000,0,692,0,0
9055,18.621,18.621,13.407,4.480,0.381,0.353,1,14.975,5.300,0.000,196,38732,1715,0
9056,14.746,5.548,5.046,0.081,0.006,0.415,0,12.428,5.472,0.000,0,692,0,0
9057,16.767,16.767,11.346,4.553,0.403,0.465,1,12.428,5.472,0.000,196,38732,1715,0
9058,16.600,6.017,5.531,0.083,0.005,0.398,0,14.758,5.253,0.000,0,692,0,0
9059,17.073,17.073,10.891,5.258,0.386,0.537,1,14.758,5.253,0.000,196,38732,1714,0
9060,16.293,6.083,5.608,0.083,0.005,0.387,0,15.285,5.261,0.000,0,692,0,0
9061,16.807,16.807,10.861,5.178,0.359,0.409,1,15.285,5.261,0.000,196,38732,1715,0
9062,16.560,5.651,5.030,0.083,0.009,0.530,0,14.448,5.514,0.000,0,692,0,0
9063,18.238,17.601,12.223,4.587,0.373,0.419,1,14.448,5.514,0.000,196,38732,1715,0
9064,15.130,6.314,5.848,0.081,0.005,0.379,0,13.774,5.246,0.000,0,692,0,0
9065,19.642,19.642,14.056,4.622,0.448,0.516,1,13.774,5.246,0.000,196,38732,1714,0
9066,13.722,5.510,5.061,0.083,0.005,0.360,0,14.212,5.440,0.000,0,692,0,0
9067,19.255,19.255,12.038,6.384,0.456,0.377,1,14.212,5.440,0.000,196,38732,1715,0
9068,14.115,5.907,5.268,0.178,0.005,0.456,0,14.943,5.815,0.000,0,692,0,0
9069,18.526,18.382,12.535,5.152,0.323,0.372,1,14.943,5.815,0.000,196,38732,1715,0
9070,14.850,8.718,8.262,0.084,0.008,0.363,0,13.514,5.332,0.000,0,692,0,0
9071,20.341,20.341,13.459,5.984,0.415,0.482,1,13.514,5.332,0.000,196,38732,1714,0
9072,13.815,6.743,6.301,0.082,0.008,0.353,0,18.012,5.670,0.000,0,692,0,0
9073,19.457,19.457,13.362,5.345,0.362,0.388,1,18.012,5.670,0.000,196,38732,1715,0
9074,13.134,6.673,6.105,0.084,0.006,0.478,0,15.017,9.166,0.000,0,692,0,0
9075,19.877,19.877,13.610,5.254,0.464,0.548,1,15.017,9.166,0.000,196,38732,1715,0
9076,13.471,8.386,7.844,0.077,0.009,0.456,0,15.657,6.590,0.000,0,316,0,0
9077,19.312,19.312,13.858,4.487,0.323,0.644,1,15.657,6.590,0.000,191,38356,1663,0
9078,14.046,5.319,4.842,0.077,0.006,0.394,0,13.249,5.507,0.000,0,316,0,0
9079,17.555,17.555,12.314,4.389,0.422,0.429,1,13.249,5.507,0.000,191,38356,1664,0
9080,15.818,5.435,4.849,0.076,0.006,0.503,0,12.286,5.537,0.000,0,316,0,0
9081,18.411,18.016,12.683,4.343,0.534,0.455,1,12.286,5.537,0.000,191,38356,1664,0
9082,14.953,5.425,4.990,0.078,0.006,0.351,0,13.904,5.221,0.000,0,316,0,0
9083,18.271,18.271,12.978,4.375,0.469,0.449,1,13.904,5.221,0.000,191,38356,1663,0
9084,15.094,5.397,4.934,0.077,0.004,0.382,0,13.553,5.203,0.000,0,316,0,0
9085,17.050,17.050,11.947,4.332,0.403,0.367,1,13.553,5.203,0.000,191,38356,1664,0
9086,16.321,5.503,4.983,0.079,0.005,0.436,0,12.527,5.984,0.000,0,316,0,0
9087,17.003,17.003,11.872,4.357,0.421,0.353,1,12.527,5.984,0.000,191,38356,1664,0
9088,16.364,5.388,4.973,0.078,0.005,0.332,0,12.716,5.794,0.000,0,316,0,0
9089,17.774,17.774,12.515,4.361,0.415,0.483,1,12.716,5.794,0.000,191,38356,1663,0
9090,15.591,5.304,4.890,0.078,0.005,0.331,0,12.746,6.034,0.000,0,316,0,0
9091,18.345,18.254,12.999,4.397,0.488,0.370,1,12.746,6.034,0.000,191,38356,1665,0
9092,15.020,8.266,7.753,0.079,0.006,0.427,0,15.195,5.497,0.000,0,316,0,0
9093,18.592,18.592,13.118,4.416,0.471,0.586,1,15.195,5.497,0.000,191,38356,1663,0
9094,14.774,5.619,4.960,0.077,0.006,0.576,0,12.902,5.534,0.000,0,316,0,0
9095,17.890,17.890,12.610,4.392,0.415,0.473,1,12.902,5.534,0.000,191,38356,1662,0
9096,15.479,5.358,4.868,0.078,0.004,0.408,0,12.680,5.368,0.000,0,316,0,0
9097,19.136,19.136,12.625,5.538,0.401,0.572,1,12.680,5.368,0.000,191,38356,1663,0
9098,14.231,5.539,5.043,0.079,0.005,0.411,0,15.533,5.782,0.000,0,316,0,0
9099,16.875,16.875,10.843,4.577,0.272,1.184,1,15.533,5.782,0.000,191,38356,1663,0
9100,16.492,5.519,4.942,0.077,0.005,0.494,0,14.648,5.269,0.000,0,316,0,0
9101,18.531,18.296,12.932,4.459,0.476,0.430,1,14.648,5.269,0.000,191,38356,1662,0
9102,14.831,6.292,5.844,0.081,0.007,0.361,0,13.323,5.212,0.000,0,316,0,0
9103,17.952,17.952,11.972,5.128,0.430,0.421,1,13.323,5.212,0.000,191,38356,1663,0
9104,15.416,6.000,5.618,0.078,0.006,0.299,0,14.713,5.501,0.000,0,316,0,0
9105,17.964,17.365,12.302,4.406,0.294,0.364,1,14.713,5.501,0.000,191,38356,1663,0
9106,15.403,6.564,6.032,0.082,0.008,0.442,0,13.589,5.302,0.000,0,316,0,0
9107,17.661,17.661,12.433,4.436,0.409,0.383,1,13.589,5.302,0.000,191,38356,1662,0
9108,15.707,5.954,5.536,0.078,0.005,0.335,0,14.499,5.483,0.000,0,316,0,0
9109,16.839,16.839,11.593,4.422,0.386,0.437,1,14.499,5.483,0.000,191,38356,1663,0
9110,16.527,5.738,5.270,0.079,0.005,0.383,0,14.553,5.302,0.000,0,316,0,0
9111,21.606,21.606,15.518,4.970,0.444,0.674,1,13.047,5.527,0.000,223,38356,1825,0
9112,11.761,6.675,5.660,0.080,0.007,0.929,0,13.047,5.527,0.000,0,316,0,0
9113,17.082,17.082,11.489,4.576,0.337,0.680,1,13.047,5.527,0.000,223,38356,1822,0
9114,16.288,7.066,6.360,0.078,0.006,0.623,0,17.292,5.450,0.000,0,316,0,0
9115,23.113,23.113,14.251,7.460,0.471,0.930,1,13.657,5.754,0.000,191,38686,1629,0
9116,10.250,6.068,5.420,0.077,0.005,0.565,0,13.657,5.754,0.000,0,316,0,0
9117,19.704,19.565,14.325,4.332,0.283,0.625,1,13.657,5.754,0.000,191,38686,1628,0
9118,13.666,5.706,5.028,0.076,0.005,0.596,0,13.204,6.144,0.000,0,316,0,0
9119,19.484,19.484,13.355,4.606,0.458,1.065,1,13.204,6.144,0.000,191,38686,1627,0
9120,13.883,5.742,5.216,0.078,0.004,0.444,0,15.016,5.905,0.000,0,316,0,0
9121,19.261,19.085,13.729,4.485,0.321,0.550,1,15.016,5.905,0.000,191,38686,1628,0
9122,14.105,6.485,6.001,0.080,0.007,0.398,0,13.549,5.377,0.000,0,316,0,0
9123,17.796,17.796,12.591,4.330,0.414,0.461,1,13.549,5.377,0.000,191,38686,1622,0
9124,15.582,6.364,5.807,0.079,0.006,0.472,0,14.827,5.531,0.000,0,316,0,0
9125,19.826,19.826,14.148,4.503,0.784,0.391,1,14.827,5.531,0.000,191,38686,1621,0
9126,13.525,5.619,5.230,0.079,0.005,0.306,0,14.011,5.664,0.000,0,316,0,0
9127,16.923,16.923,11.887,4.356,0.299,0.381,1,14.011,5.664,0.000,192,38686,1624,0
9128,16.448,5.690,5.294,0.078,0.005,0.314,0,13.759,5.353,0.000,0,316,0,0
9129,18.210,16.939,11.753,4.225,0.397,0.564,1,13.759,5.353,0.000,191,38686,1622,0
9130,15.159,5.768,5.052,0.077,0.005,0.634,0,12.971,5.804,0.000,0,316,0,0
9131,18.186,18.186,13.047,4.220,0.402,0.518,1,12.971,5.804,0.000,191,38686,1621,0
9132,15.181,5.448,4.911,0.077,0.005,0.455,0,13.446,5.276,0.000,0,316,0,0
9133,18.882,18.882,13.476,4.343,0.424,0.639,1,13.446,5.276,0.000,190,38686,1618,0
9134,14.495,5.520,5.049,0.076,0.005,0.389,0,12.987,5.830,0.000,0,316,0,0
9135,22.971,22.971,16.336,5.803,0.399,0.434,1,12.987,5.830,0.000,187,38686,1607,0
9136,10.387,6.072,5.525,0.078,0.005,0.464,0,12.741,5.595,0.000,0,316,0,0
9137,18.442,18.219,13.145,4.315,0.348,0.411,1,12.741,5.595,0.000,187,38686,1606,0
9138,14.922,6.483,6.034,0.079,0.007,0.362,0,13.903,5.462,0.000,0,316,0,0
9139,18.190,18.190,12.559,4.680,0.438,0.513,1,13.903,5.462,0.000,188,38686,1611,0
9140,15.189,6.713,6.258,0.079,0.006,0.370,0,16.715,5.719,0.000,0,316,0,0
9141,17.349,17.349,11.499,5.075,0.409,0.366,1,16.715,5.719,0.000,188,38686,1610,0
9142,16.004,6.318,5.742,0.082,0.005,0.488,0,14.180,5.504,0.000,0,316,0,0
9143,17.214,17.214,12.359,4.187,0.289,0.379,1,14.180,5.504,0.000,188,38686,1612,0
9144,16.155,5.475,5.060,0.077,0.005,0.333,0,12.730,5.694,0.000,0,316,0,0
9145,16.818,16.818,11.471,4.281,0.532,0.534,1,12.730,5.694,0.000,188,38686,1613,0
9146,16.550,7.120,6.682,0.081,0.007,0.350,0,17.135,5.387,0.000,0,316,0,0
9147,19.087,19.087,13.697,4.442,0.486,0.462,1,17.135,5.387,0.000,188,38686,1613,0
9148,14.279,5.805,5.285,0.078,0.005,0.437,0,13.613,5.499,0.000,0,316,0,0
9149,18.256,17.964,12.774,4.246,0.534,0.410,1,13.613,5.499,0.000,188,38686,1610,0
9150,15.107,5.663,5.207,0.078,0.006,0.372,0,13.515,5.978,0.000,0,316,0,0
9151,19.045,19.045,13.685,4.427,0.412,0.521,1,13.515,5.978,0.000,188,38686,1612,0
9152,14.339,5.386,4.935,0.078,0.004,0.368,0,12.848,6.002,0.000,0,316,0,0
9153,18.802,18.802,13.467,4.444,0.441,0.451,1,12.848,6.002,0.000,188,38686,1611,0
9154,14.546,6.507,5.990,0.079,0.007,0.431,0,12.388,5.492,0.000,0,316,0,0
9155,19.062,19.062,13.238,5.080,0.370,0.374,1,12.388,5.492,0.000,188,38686,1610,0
9156,14.310,5.521,4.974,0.076,0.006,0.465,0,12.555,5.398,0.000,0,316,0,0
9157,18.689,18.689,13.363,4.357,0.305,0.664,1,12.555,5.398,0.000,188,38686,1611,0
9158,14.670,5.426,4.911,0.076,0.005,0.434,0,12.786,5.324,0.000,0,316,0,0
9159,17.383,17.383,12.307,4.203,0.423,0.449,1,12.786,5.324,0.000,188,38686,1612,0
9160,15.989,5.589,4.965,0.077,0.005,0.542,0,12.666,5.645,0.000,0,316,0,0
9161,21.531,21.531,13.371,7.317,0.413,0.430,1,12.666,5.645,0.000,218,38120,1749,0
9162,11.853,5.304,4.852,0.077,0.005,0.370,0,13.115,5.809,0.000,0,320,0,0
9163,17.753,17.753,12.534,4.466,0.283,0.469,1,13.115,5.809,0.000,221,38188,1763,0
9164,15.595,5.246,4.858,0.078,0.004,0.306,0,12.955,5.259,0.000,0,324,0,0
9165,17.359,17.359,12.249,4.354,0.364,0.391,1,12.955,5.259,0.000,223,38196,1781,0
9166,16.008,5.340,4.850,0.079,0.005,0.406,0,12.800,5.762,0.000,0,324,0,0
9167,17.446,17.446,12.125,4.647,0.335,0.339,1,12.800,5.762,0.000,198,38350,1719,0
9168,15.921,5.257,4.866,0.080,0.004,0.308,0,12.795,5.996,0.000,0,324,0,0
9169,18.138,18.138,12.687,4.660,0.347,0.444,1,12.795,5.996,0.000,206,38538,1796,0
9170,15.227,6.008,5.604,0.079,0.005,0.320,0,13.326,5.275,0.000,0,332,0,0
9171,19.120,19.120,12.690,5.654,0.412,0.364,1,13.326,5.275,0.000,232,39954,2039,0
9172,14.248,7.021,6.547,0.082,0.005,0.386,0,15.114,5.846,0.000,0,332,0,0
9173,19.478,19.478,13.424,5.311,0.308,0.433,1,15.114,5.846,0.000,233,39958,2046,0
9174,13.885,5.356,4.893,0.095,0.005,0.364,0,13.247,5.497,0.000,0,332,0,0
9175,19.215,19.215,12.872,5.256,0.423,0.664,1,13.247,5.497,0.000,234,40150,2054,0
9176,14.159,5.288,4.874,0.080,0.005,0.329,0,14.005,6.027,0.000,0,332,0,0
9177,18.148,18.148,11.906,5.416,0.433,0.393,1,14.005,6.027,0.000,237,40708,2067,0
9178,15.220,6.195,5.584,0.080,0.005,0.526,0,16.866,6.061,0.000,0,332,0,0
9179,19.302,19.302,12.290,6.255,0.383,0.374,1,16.866,6.061,0.000,241,40723,2080,0
9180,14.063,6.084,5.634,0.087,0.006,0.357,0,17.254,5.969,0.000,0,348,0,0
9181,21.100,21.100,14.264,5.706,0.551,0.579,1,17.254,5.969,0.000,246,41559,2112,0
9182,12.266,5.688,5.219,0.086,0.005,0.379,0,14.729,6.482,0.000,0,360,0,0
9183,20.622,20.622,13.376,6.080,0.361,0.804,1,14.729,6.482,0.000,256,46277,2244,0
9184,12.745,5.878,5.089,0.088,0.006,0.696,0,14.799,7.168,0.000,0,360,0,0
9185,21.440,21.440,14.498,5.984,0.402,0.556,1,14.799,7.168,0.000,258,46285,2260,0
9186,11.924,5.866,5.284,0.088,0.004,0.489,0,14.849,7.120,0.000,0,360,0,0
9187,20.231,20.231,12.796,6.203,0.465,0.767,1,14.849,7.120,0.000,260,47033,2280,0
9188,13.147,5.844,5.278,0.087,0.005,0.474,0,19.670,7.199,0.000,0,360,0,0
9189,18.732,18.732,11.519,6.249,0.479,0.486,1,19.670,7.199,0.000,265,47099,2329,0
9190,14.634,5.657,5.070,0.090,0.005,0.493,0,18.878,7.220,0.000,0,364,0,0
9191,18.610,18.610,11.697,6.029,0.450,0.433,1,18.878,7.220,0.000,266,47311,2335,0
9192,14.745,5.620,5.116,0.087,0.006,0.412,0,18.328,7.332,0.000,0,364,0,0
9193,20.296,20.296,13.226,6.180,0.415,0.476,1,18.328,7.332,0.000,269,47311,2344,0
9194,13.075,5.703,5.256,0.089,0.010,0.348,0,15.321,7.401,0.000,0,364,0,0
9195,20.485,20.485,13.474,6.153,0.390,0.468,1,15.321,7.401,0.000,269,47311,2345,0
9196,12.880,5.581,5.141,0.089,0.005,0.346,0,15.231,6.863,0.000,0,368,0,0
9197,19.592,19.592,12.703,6.126,0.405,0.359,1,15.231,6.863,0.000,276,47457,2408,0
9198,13.774,5.719,5.195,0.090,0.007,0.426,0,15.639,7.221,0.000,0,368,0,0
9199,19.474,19.474,12.425,6.297,0.406,0.346,1,15.639,7.221,0.000,276,47457,2410,0
9200,13.893,5.809,5.401,0.091,0.006,0.312,0,15.410,7.493,0.000,0,368,0,0
9201,21.289,21.289,12.339,7.320,0.491,1.138,1,15.410,7.493,0.000,277,47461,2413,0
9202,12.079,5.712,5.236,0.091,0.006,0.379,0,18.511,7.136,0.000,0,376,0,0
9203,18.783,18.783,11.791,6.248,0.267,0.477,1,18.511,7.136,0.000,278,47465,2419,0
9204,14.590,6.305,5.766,0.091,0.006,0.441,0,17.343,6.667,0.000,0,376,0,0
9205,22.256,22.256,14.793,6.546,0.532,0.384,1,17.343,6.667,0.000,280,47469,2417,0
9206,11.099,5.860,5.436,0.091,0.005,0.327,0,17.105,7.165,0.000,0,376,0,0
9207,21.239,21.239,12.421,7.886,0.473,0.460,1,17.105,7.165,0.000,281,47477,2438,0
9208,12.136,6.276,5.849,0.094,0.005,0.328,0,18.288,7.089,0.000,0,376,0,0
9209,19.908,19.908,11.443,7.712,0.344,0.409,1,18.288,7.089,0.000,283,47485,2453,0
9210,13.457,5.775,5.075,0.091,0.005,0.604,0,17.267,7.088,0.000,0,380,0,0
9211,19.134,19.134,11.666,6.591,0.420,0.457,1,17.267,7.088,0.000,284,47489,2456,0
9212,14.278,5.903,5.341,0.092,0.006,0.465,0,18.834,6.792,0.000,0,380,0,0
9213,23.691,23.691,15.386,7.266,0.455,0.584,1,18.834,6.792,0.000,284,47489,2456,0
9214,9.624,6.204,5.659,0.094,0.005,0.446,0,15.199,6.859,0.000,0,384,0,0
9215,21.517,21.517,12.582,8.111,0.370,0.455,1,15.199,6.859,0.000,283,47485,2444,0
9216,11.853,5.789,5.136,0.091,0.005,0.558,0,18.961,7.327,0.000,0,384,0,0
9217,19.257,19.257,12.129,6.367,0.287,0.474,1,18.961,7.327,0.000,283,47485,2446,0
9218,14.110,6.479,5.958,0.092,0.007,0.422,0,18.004,7.111,0.000,0,384,0,0
9219,19.378,19.378,11.219,7.030,0.382,0.747,1,18.004,7.111,0.000,283,47485,2447,0
9220,13.991,7.221,6.648,0.091,0.006,0.476,0,18.620,6.812,0.000,0,380,0,0
9221,22.914,22.914,15.056,6.616,0.540,0.703,1,18.620,6.812,0.000,282,47481,2444,0
9222,10.442,6.051,5.341,0.093,0.005,0.612,0,16.902,7.086,0.000,0,380,0,0
9223,21.517,21.517,12.614,7.903,0.476,0.524,1,16.902,7.086,0.000,282,47481,2441,0
9224,11.855,6.565,5.942,0.098,0.007,0.517,0,18.592,7.294,0.000,0,380,0,0
9225,19.986,19.986,11.911,7.104,0.273,0.698,1,18.592,7.294,0.000,282,47481,2438,0
9226,13.385,5.512,4.992,0.090,0.004,0.426,0,19.400,6.939,0.000,0,380,0,0
9227,19.254,19.254,11.787,6.484,0.437,0.546,1,19.400,6.939,0.000,282,47481,2436,0
9228,14.109,5.967,5.144,0.092,0.005,0.726,0,19.558,6.824,0.000,0,388,0,0
9229,19.836,19.836,12.525,6.311,0.458,0.542,1,19.558,6.824,0.000,287,47581,2455,0
9230,13.538,5.655,5.053,0.093,0.005,0.503,0,18.047,7.602,0.000,0,392,0,0
9231,18.813,18.813,11.442,6.280,0.410,0.681,1,18.047,7.602,0.000,287,47581,2455,0
9232,14.560,5.709,5.117,0.092,0.006,0.494,0,19.630,7.405,0.000,0,392,0,0
9233,18.731,18.731,11.378,6.427,0.413,0.513,1,19.630,7.405,0.000,287,47581,2453,0
9234,14.634,5.791,5.096,0.097,0.005,0.593,0,18.811,7.439,0.000,0,392,0,0
9235,18.901,18.901,11.637,6.380,0.411,0.473,1,18.811,7.439,0.000,288,47589,2463,0
9236,14.461,5.827,5.351,0.097,0.005,0.375,0,19.358,6.894,0.000,0,392,0,0
9237,23.246,23.246,15.425,6.567,0.487,0.767,1,19.358,6.894,0.000,288,47609,2469,0
9238,10.136,6.114,5.467,0.093,0.005,0.549,0,19.358,6.894,0.000,0,392,0,0
9239,24.173,24.173,16.274,6.927,0.356,0.617,1,20.045,7.542,0.000,289,47617,2474,0
9240,9.164,6.208,5.404,0.098,0.005,0.702,0,17.068,7.328,0.000,0,396,0,0
9241,21.606,21.606,14.094,6.485,0.458,0.568,1,17.068,7.328,0.000,291,47621,2481,0
9242,11.762,5.797,5.187,0.092,0.005,0.514,0,15.733,7.321,0.000,0,392,0,0
9243,23.798,23.798,15.856,6.738,0.437,0.767,1,15.733,7.321,0.000,290,47617,2475,0
9244,9.570,5.869,5.261,0.093,0.006,0.510,0,15.973,6.955,0.000,0,392,0,0
9245,24.752,24.752,15.953,7.856,0.377,0.565,1,15.973,6.955,0.000,290,47617,2479,0
9246,8.615,6.230,5.631,0.094,0.005,0.501,0,17.563,7.165,0.000,0,392,0,0
9247,21.121,21.121,13.020,6.717,1.030,0.353,1,17.563,7.165,0.000,290,47617,2478,0
9248,12.249,5.669,5.232,0.093,0.006,0.338,0,17.830,7.145,0.000,0,392,0,0
9249,19.290,19.290,11.969,6.516,0.318,0.487,1,17.830,7.145,0.000,290,47617,2477,0
9250,14.080,6.238,5.782,0.094,0.005,0.357,0,18.104,6.734,0.000,0,392,0,0
9251,19.371,19.371,12.092,6.490,0.447,0.342,1,18.104,6.734,0.000,290,47617,2478,0
9252,13.994,6.318,5.786,0.096,0.005,0.431,0,17.081,6.987,0.000,0,392,0,0
9253,18.692,18.692,11.432,6.506,0.404,0.350,1,17.081,6.987,0.000,293,47867,2495,0
9254,14.673,5.758,5.347,0.094,0.005,0.313,0,18.162,7.567,0.000,0,392,0,0
9255,22.066,22.066,14.440,6.544,0.422,0.660,1,18.162,7.567,0.000,293,47867,2496,0
9256,11.299,6.075,5.552,0.097,0.005,0.421,0,15.847,8.343,0.000,0,396,0,0
9257,21.481,21.481,12.424,8.119,0.448,0.490,1,15.847,8.343,0.000,291,47043,2474,0
9258,11.890,6.532,5.251,0.096,0.006,1.178,0,18.359,7.119,0.000,0,400,0,0
9259,19.725,19.725,11.208,7.716,0.300,0.501,1,18.359,7.119,0.000,292,47047,2479,0
9260,13.639,5.752,5.232,0.096,0.005,0.418,0,17.858,6.721,0.000,0,400,0,0
9261,20.230,20.230,11.478,7.830,0.386,0.536,1,17.858,6.721,0.000,294,47631,2492,0
9262,13.151,5.630,5.120,0.095,0.006,0.409,0,18.813,6.826,0.000,0,400,0,0
9263,22.576,22.576,14.898,6.731,0.459,0.489,1,18.813,6.826,0.000,294,47631,2492,0
9264,10.779,6.279,5.524,0.096,0.006,0.652,0,16.485,7.742,0.000,0,400,0,0
9265,22.333,22.333,14.516,6.869,0.470,0.478,1,16.485,7.742,0.000,297,48081,2502,0
9266,11.033,6.095,5.580,0.098,0.005,0.411,0,16.997,7.621,0.000,0,404,0,0
9267,21.243,21.243,13.364,6.772,0.514,0.592,1,16.997,7.621,0.000,298,48085,2504,0
9268,12.128,6.582,6.069,0.096,0.005,0.412,0,19.297,7.461,0.000,0,400,0,0
9269,19.032,19.032,11.750,6.518,0.355,0.408,1,19.297,7.461,0.000,297,48081,2498,0
9270,14.339,6.033,5.441,0.096,0.005,0.490,0,18.512,7.641,0.000,0,400,0,0
9271,19.043,19.043,11.653,6.502,0.445,0.443,1,18.512,7.641,0.000,297,48081,2498,0
9272,14.319,5.944,5.467,0.094,0.006,0.377,0,18.986,7.459,0.000,0,400,0,0
9273,21.829,21.829,13.969,6.775,0.373,0.712,1,18.986,7.459,0.000,297,48081,2524,0
9274,11.560,6.051,5.511,0.098,0.007,0.435,0,16.318,7.139,0.000,0,400,0,0
9275,20.140,20.140,12.299,6.845,0.460,0.536,1,16.318,7.139,0.000,297,48081,2525,0
9276,13.204,5.856,5.129,0.097,0.005,0.624,0,19.822,6.981,0.000,0,400,0,0
9277,20.571,20.571,12.827,6.642,0.547,0.555,1,19.822,6.981,0.000,300,48081,2533,0
9278,12.796,6.826,6.222,0.100,0.005,0.498,0,19.417,7.424,0.000,0,400,0,0
9279,22.547,22.547,14.656,6.768,0.476,0.647,1,19.417,7.424,0.000,300,48081,2534,0
9280,10.814,5.671,5.183,0.098,0.005,0.383,0,16.283,7.690,0.000,0,400,0,0
9281,21.722,21.722,13.405,6.857,0.477,0.984,1,16.283,7.690,0.000,300,48081,2537,0
9282,11.645,5.862,5.252,0.099,0.006,0.506,0,18.323,7.257,0.000,0,400,0,0
9283,20.621,20.621,12.415,7.193,0.442,0.571,1,18.323,7.257,0.000,303,50565,2580,0
9284,12.752,6.317,5.844,0.099,0.005,0.369,0,18.532,7.351,0.000,0,404,0,0
9285,19.277,19.277,11.629,6.676,0.360,0.612,1,18.532,7.351,0.000,300,45031,2522,0
9286,14.093,5.572,5.099,0.098,0.017,0.357,0,18.925,7.261,0.000,0,408,0,0
9287,19.273,19.273,11.680,6.762,0.461,0.369,1,18.925,7.261,0.000,303,45111,2531,0
9288,14.094,5.891,5.316,0.098,0.006,0.470,0,18.318,6.506,0.000,0,408,0,0
9289,19.974,19.974,12.288,6.791,0.458,0.437,1,18.318,6.506,0.000,303,45111,2531,0
9290,13.382,5.927,5.412,0.099,0.007,0.409,0,19.663,6.657,0.000,0,412,0,0
9291,21.999,21.999,14.324,6.530,0.495,0.649,1,19.663,6.657,0.000,305,45119,2537,0
9292,11.370,5.685,5.241,0.100,0.006,0.339,0,15.799,7.049,0.000,0,420,0,0
9293,21.924,21.924,14.170,6.935,0.329,0.489,1,15.799,7.049,0.000,306,45123,2535,0
9294,11.444,5.586,5.138,0.100,0.005,0.342,0,18.804,6.964,0.000,0,424,0,0
9295,20.573,20.573,12.544,6.699,0.352,0.977,1,18.804,6.964,0.000,307,45127,2539,0
9296,12.794,5.728,5.156,0.101,0.005,0.467,0,17.708,6.804,0.000,0,424,0,0
9297,19.614,19.614,12.156,6.636,0.459,0.362,1,17.708,6.804,0.000,311,45131,2552,0
9298,13.752,6.317,5.876,0.102,0.007,0.332,0,17.677,6.476,0.000,0,424,0,0
9299,20.247,20.247,12.641,6.698,0.396,0.511,1,17.677,6.476,0.000,310,45127,2553,0
9300,13.125,6.439,5.941,0.101,0.008,0.390,0,18.429,6.627,0.000,0,424,0,0
9301,22.722,22.722,14.920,6.994,0.405,0.404,1,18.429,6.627,0.000,310,45127,2554,0
9302,10.632,6.235,5.608,0.100,0.005,0.522,0,16.225,7.604,0.000,0,424,0,0
9303,21.107,21.107,13.227,7.012,0.414,0.453,1,16.225,7.604,0.000,309,45127,2555,0
9304,12.268,5.779,5.245,0.101,0.006,0.428,0,19.593,6.839,0.000,0,424,0,0
9305,19.046,19.046,11.505,6.629,0.306,0.606,1,19.593,6.839,0.000,306,45127,2542,0
9306,14.320,5.563,5.028,0.102,0.006,0.427,0,19.482,6.818,0.000,0,428,0,0
9307,21.982,21.982,13.271,7.882,0.434,0.396,1,19.482,6.818,0.000,307,45131,2545,0
9308,11.387,5.979,5.363,0.101,0.004,0.511,0,15.496,6.556,0.000,0,428,0,0
9309,21.749,21.749,14.074,6.853,0.385,0.437,1,15.496,6.556,0.000,308,45131,2547,0
9310,11.611,5.884,5.366,0.106,0.009,0.403,0,18.544,6.948,0.000,0,428,0,0
9311,20.271,20.271,12.851,6.611,0.307,0.502,1,18.544,6.948,0.000,308,45131,2555,0
9312,13.100,5.568,5.122,0.103,0.007,0.336,0,18.593,6.546,0.000,0,432,0,0
9313,22.219,22.219,13.140,8.289,0.435,0.355,1,18.593,6.546,0.000,322,51776,2678,0
9314,11.147,6.017,5.496,0.109,0.011,0.401,0,18.506,7.821,0.000,0,432,0,0
9315,20.598,20.598,12.595,7.219,0.459,0.325,1,18.506,7.821,0.000,322,51776,2681,0
9316,12.776,6.784,6.373,0.108,0.005,0.297,0,18.415,7.733,0.000,0,428,0,0
9317,24.352,24.352,15.977,7.403,0.446,0.527,1,18.415,7.733,0.000,318,51692,2660,0
9318,9.023,5.919,5.406,0.102,0.004,0.406,0,18.415,7.733,0.000,0,424,0,0
9319,27.515,27.515,14.991,11.743,0.350,0.430,1,15.977,3.261,0.000,314,51672,2255,31666
9320,6.434,6.434,5.842,0.101,0.005,0.487,0,15.977,3.261,0.000,0,408,0,0
9321,20.441,20.441,12.934,6.763,0.329,0.415,1,15.977,3.261,0.000,297,42547,2476,0
9322,12.337,5.873,5.375,0.098,0.004,0.396,0,18.385,6.296,0.000,0,408,0,0
9323,19.811,19.811,12.391,6.542,0.376,0.502,1,18.385,6.296,0.000,294,42411,2462,0
9324,13.548,5.506,5.032,0.097,0.005,0.372,0,18.361,5.953,0.000,0,392,0,0
9325,19.544,19.544,12.284,6.421,0.403,0.437,1,18.361,5.953,0.000,281,42285,2345,0
9326,13.821,6.016,5.322,0.092,0.006,0.596,0,17.476,5.933,0.000,0,388,0,0
9327,18.636,18.636,11.118,6.654,0.335,0.529,1,17.476,5.933,0.000,276,42265,2312,0
9328,14.730,6.391,5.795,0.095,0.006,0.496,0,17.663,5.978,0.000,0,376,0,0
9329,19.026,19.026,11.844,6.118,0.360,0.704,1,17.663,5.978,0.000,272,42237,2302,0
9330,14.341,6.076,5.439,0.091,0.005,0.541,0,18.452,6.172,0.000,0,372,0,0
9331,18.932,18.932,12.135,5.863,0.400,0.533,1,18.452,6.172,0.000,266,42209,2270,0
9332,14.444,6.416,5.646,0.093,0.006,0.671,0,17.683,6.112,0.000,0,368,0,0
9333,17.849,17.849,11.124,5.728,0.464,0.533,1,17.683,6.112,0.000,263,42189,2252,0
9334,15.521,5.482,4.948,0.087,0.007,0.440,0,18.354,5.935,0.000,0,360,0,0
9335,18.727,18.727,11.614,6.021,0.409,0.683,1,18.354,5.935,0.000,256,41723,2230,0
9336,14.637,5.500,4.957,0.080,0.006,0.456,0,18.925,5.988,0.000,0,332,0,0
9337,18.052,18.052,11.442,5.724,0.421,0.466,1,18.925,5.988,0.000,251,41703,2214,0
9338,15.317,5.680,5.004,0.082,0.007,0.587,0,17.864,6.136,0.000,0,328,0,0
9339,17.815,17.815,11.091,5.785,0.473,0.466,1,17.864,6.136,0.000,250,41700,2181,0
9340,15.551,5.536,5.003,0.082,0.004,0.447,0,17.632,6.467,0.000,0,328,0,0
9341,23.271,23.271,13.408,8.814,0.441,0.607,1,17.632,6.467,0.000,250,41700,2180,0
9342,10.085,5.442,4.919,0.080,0.005,0.437,0,19.121,6.547,0.000,0,328,0,0
9343,19.611,19.611,13.166,5.555,0.448,0.441,1,19.121,6.547,0.000,250,41700,2180,0
9344,13.754,6.064,5.430,0.079,0.006,0.549,0,14.737,6.618,0.000,0,328,0,0
9345,19.986,19.986,13.198,5.845,0.457,0.486,1,14.737,6.618,0.000,250,41700,2179,0
9346,13.393,6.337,5.794,0.081,0.007,0.456,0,17.593,6.551,0.000,0,328,0,0
9347,22.153,22.153,15.246,5.708,0.548,0.651,1,17.593,6.551,0.000,250,41700,2180,0
9348,11.198,5.671,5.155,0.081,0.005,0.429,0,15.907,6.208,0.000,0,328,0,0
9349,19.338,19.338,12.559,5.851,0.398,0.530,1,15.907,6.208,0.000,250,41700,2180,0
9350,14.041,5.709,5.033,0.086,0.005,0.585,0,18.746,6.186,0.000,0,328,0,0
9351,22.187,22.187,15.004,6.333,0.380,0.470,1,18.746,6.186,0.000,250,41700,2179,0
9352,11.167,5.668,5.209,0.080,0.005,0.374,0,14.444,6.308,0.000,0,328,0,0
9353,22.072,22.072,15.255,5.721,0.481,0.615,1,14.444,6.308,0.000,250,41700,2180,0
9354,11.300,5.781,5.352,0.080,0.004,0.344,0,14.690,6.610,0.000,0,328,0,0
9355,20.408,20.408,13.401,6.219,0.417,0.371,1,14.690,6.610,0.000,250,41700,2180,0
9356,12.955,5.716,5.142,0.080,0.008,0.485,0,17.390,6.163,0.000,0,328,0,0
9357,18.179,18.179,11.819,5.608,0.354,0.399,1,17.390,6.163,0.000,250,41700,2180,0
9358,15.190,6.061,5.605,0.080,0.006,0.369,0,16.615,5.931,0.000,0,328,0,0
9359,18.657,18.657,12.096,5.613,0.457,0.490,1,16.615,5.931,0.000,250,41700,2179,0
9360,14.711,6.023,5.575,0.083,0.008,0.358,0,16.992,6.060,0.000,0,328,0,0
9361,18.230,18.230,11.711,5.716,0.422,0.381,1,16.992,6.060,0.000,250,41700,2181,0
9362,15.133,7.820,7.096,0.082,0.005,0.636,0,15.645,5.808,0.000,0,328,0,0
9363,19.079,19.079,12.392,5.720,0.449,0.518,1,15.645,5.808,0.000,250,41700,2180,0
9364,14.301,5.611,5.075,0.083,0.005,0.447,0,19.103,6.199,0.000,0,328,0,0
9365,17.992,17.992,11.373,5.566,0.418,0.634,1,19.103,6.199,0.000,249,41100,2162,0
9366,15.374,5.511,5.008,0.082,0.005,0.416,0,18.678,6.274,0.000,0,328,0,0
9367,17.873,17.873,11.402,5.593,0.417,0.461,1,18.678,6.274,0.000,249,41100,2166,0
9368,15.493,5.576,4.963,0.087,0.005,0.520,0,17.659,6.329,0.000,0,328,0,0
9369,19.919,19.919,13.354,5.586,0.517,0.462,1,17.659,6.329,0.000,249,41100,2166,0
9370,13.439,6.401,5.966,0.085,0.005,0.345,0,15.245,5.828,0.000,0,328,0,0
9371,19.730,19.730,12.537,6.264,0.383,0.546,1,15.245,5.828,0.000,249,41100,2165,0
9372,13.638,5.372,4.951,0.081,0.005,0.335,0,17.531,5.994,0.000,0,328,0,0
9373,18.136,18.136,11.717,5.752,0.338,0.329,1,17.531,5.994,0.000,251,41108,2182,0
9374,15.230,6.123,5.611,0.081,0.005,0.426,0,16.117,5.869,0.000,0,328,0,0
9375,20.772,20.772,14.041,5.862,0.498,0.370,1,16.117,5.869,0.000,251,41108,2175,0
9376,12.595,5.769,5.357,0.081,0.006,0.326,0,15.185,6.746,0.000,0,328,0,0
9377,19.345,19.345,12.925,5.580,0.320,0.520,1,15.185,6.746,0.000,251,41108,2175,0
9378,14.025,5.429,5.052,0.079,0.004,0.294,0,15.193,5.737,0.000,0,328,0,0
9379,20.720,20.720,13.260,6.735,0.419,0.306,1,15.193,5.737,0.000,255,41308,2206,0
9380,12.641,9.324,8.734,0.085,0.008,0.497,0,19.942,6.154,0.000,0,328,0,0
9381,20.870,20.870,13.636,6.452,0.341,0.441,1,19.942,6.154,0.000,255,41312,2198,0
9382,12.495,5.795,5.290,0.080,0.005,0.420,0,15.851,6.088,0.000,0,328,0,0
9383,20.990,20.990,12.232,7.654,0.441,0.663,1,15.851,6.088,0.000,256,41340,2210,0
9384,12.393,6.149,5.603,0.080,0.006,0.461,0,19.812,6.165,0.000,0,328,0,0
9385,19.300,19.300,11.502,7.025,0.312,0.461,1,19.812,6.165,0.000,260,41592,2222,0
9386,14.061,5.849,5.100,0.079,0.006,0.664,0,20.800,6.072,0.000,0,328,0,0
9387,20.747,20.747,13.399,6.413,0.474,0.462,1,20.800,6.072,0.000,260,41672,2217,0
9388,12.613,5.866,5.373,0.080,0.007,0.405,0,16.573,6.628,0.000,0,328,0,0
9389,21.072,21.072,12.580,7.478,0.423,0.590,1,16.573,6.628,0.000,260,41672,2212,0
9390,12.297,5.545,5.092,0.080,0.007,0.366,0,18.340,6.489,0.000,0,328,0,0
9391,18.503,18.503,11.931,5.876,0.316,0.379,1,18.340,6.489,0.000,262,41672,2218,0
9392,14.863,6.461,5.803,0.081,0.006,0.572,0,16.777,6.034,0.000,0,328,0,0
9393,18.392,18.392,11.004,6.488,0.425,0.475,1,16.777,6.034,0.000,262,41672,2217,0
9394,14.988,6.426,5.727,0.082,0.006,0.611,0,17.003,5.875,0.000,0,328,0,0
9395,22.358,22.358,15.144,6.126,0.523,0.565,1,17.003,5.875,0.000,262,41672,2222,0
9396,11.007,5.786,5.262,0.083,0.005,0.436,0,16.224,6.341,0.000,0,328,0,0
9397,21.387,21.387,13.202,7.090,0.448,0.647,1,16.224,6.341,0.000,262,41672,2221,0
9398,11.973,6.635,6.026,0.083,0.006,0.520,0,18.430,6.305,0.000,0,328,0,0
9399,19.310,19.310,12.419,5.911,0.254,0.726,1,18.430,6.305,0.000,262,41672,2220,0
9400,14.054,5.905,4.988,0.079,0.006,0.832,0,18.619,5.951,0.000,0,328,0,0
9401,18.538,18.538,11.407,6.027,0.435,0.668,1,18.619,5.951,0.000,262,41672,2221,0
9402,14.826,6.556,5.958,0.085,0.006,0.507,0,18.966,5.981,0.000,0,584,0,0
9403,24.507,24.507,14.821,8.556,0.446,0.683,1,18.966,5.981,0.000,267,41928,2286,0
9404,8.857,6.499,5.859,0.086,0.005,0.547,0,20.252,6.015,0.000,0,584,0,0
9405,21.087,21.087,13.716,6.553,0.393,0.425,1,20.252,6.015,0.000,276,41964,2321,0
9406,12.284,5.954,5.382,0.084,0.006,0.482,0,18.185,6.302,0.000,0,584,0,0
9407,19.157,19.157,12.285,6.142,0.318,0.412,1,18.185,6.302,0.000,274,41964,2321,0
9408,14.208,6.221,5.744,0.088,0.006,0.383,0,17.277,5.954,0.000,0,584,0,0
9409,19.151,19.151,11.224,6.967,0.458,0.502,1,17.277,5.954,0.000,274,41964,2321,0
9410,14.214,6.242,5.803,0.084,0.008,0.347,0,17.770,5.890,0.000,0,584,0,0
9411,21.362,21.362,14.224,6.381,0.425,0.332,1,17.770,5.890,0.000,277,41968,2334,0
9412,12.010,6.028,5.513,0.084,0.006,0.425,0,17.864,6.276,0.000,0,584,0,0
9413,18.070,18.070,11.163,6.177,0.345,0.384,1,17.864,6.276,0.000,277,41968,2342,0
9414,15.294,5.459,5.075,0.086,0.007,0.291,0,17.968,5.984,0.000,0,584,0,0
9415,19.796,19.796,12.703,6.270,0.461,0.361,1,17.968,5.984,0.000,278,41972,2351,0
9416,13.571,5.905,5.524,0.084,0.006,0.291,0,15.043,6.827,0.000,0,584,0,0
9417,20.227,20.227,12.632,6.781,0.435,0.379,1,15.043,6.827,0.000,278,41972,2350,0
9418,13.144,6.201,5.641,0.084,0.005,0.471,0,18.808,6.241,0.000,0,584,0,0
9419,20.414,20.414,13.265,6.261,0.446,0.441,1,18.808,6.241,0.000,278,41972,2358,0
9420,12.949,6.601,6.098,0.088,0.007,0.409,0,18.762,6.672,0.000,0,584,0,0
9421,20.376,20.376,12.879,6.440,0.471,0.586,1,18.762,6.672,0.000,277,41968,2335,0
9422,12.990,5.669,5.160,0.085,0.006,0.418,0,18.369,6.094,0.000,0,584,0,0
9423,22.343,22.343,14.790,6.636,0.476,0.441,1,18.369,6.094,0.000,275,41960,2325,0
9424,11.023,5.922,5.349,0.084,0.005,0.484,0,15.534,7.085,0.000,0,584,0,0
9425,21.097,21.097,13.566,6.769,0.360,0.402,1,15.534,7.085,0.000,274,41956,2320,0
9426,12.266,5.748,5.304,0.085,0.006,0.353,0,16.241,5.867,0.000,0,584,0,0
9427,20.911,20.911,13.721,6.185,0.510,0.495,1,16.241,5.867,0.000,274,41956,2320,0
9428,12.457,5.762,5.310,0.086,0.005,0.362,0,15.905,5.885,0.000,0,584,0,0
9429,19.560,19.560,12.367,6.357,0.436,0.400,1,15.905,5.885,0.000,272,41948,2318,0
9430,13.811,7.041,6.461,0.088,0.007,0.486,0,18.345,6.007,0.000,0,584,0,0
9431,21.736,21.736,14.811,6.110,0.384,0.431,1,18.345,6.007,0.000,271,41944,2307,0
9432,11.627,5.764,5.329,0.083,0.005,0.347,0,14.777,7.437,0.000,0,584,0,0
9433,20.732,20.732,13.660,6.271,0.301,0.499,1,14.777,7.437,0.000,271,41944,2306,0
9434,12.639,6.249,5.728,0.104,0.009,0.408,0,15.249,6.404,0.000,0,584,0,0
9435,19.961,19.961,13.097,6.019,0.439,0.405,1,15.249,6.404,0.000,269,41936,2289,0
9436,13.428,6.479,5.794,0.084,0.006,0.595,0,15.341,6.396,0.000,0,584,0,0
9437,27.322,27.322,16.067,10.250,0.435,0.570,1,15.341,6.396,0.000,269,41936,2290,0
9438,6.216,6.216,5.726,0.093,0.007,0.391,0,15.437,6.252,0.000,0,584,0,0
9439,21.887,21.887,13.471,6.963,0.921,0.531,1,15.437,6.252,0.000,269,41936,2291,0
9440,11.281,7.947,7.483,0.085,0.006,0.373,0,16.889,6.590,0.000,0,584,0,0
9441,20.905,20.905,13.242,6.831,0.422,0.410,1,16.889,6.590,0.000,269,41936,2290,0
9442,12.464,6.327,5.794,0.085,0.005,0.444,0,14.302,6.063,0.000,0,584,0,0
9443,21.873,21.873,14.761,6.196,0.416,0.500,1,14.302,6.063,0.000,269,41936,2288,0
9444,11.495,6.968,6.266,0.086,0.008,0.608,0,14.315,5.904,0.000,0,584,0,0
9445,24.267,24.267,16.701,6.308,0.434,0.824,1,14.749,6.175,0.000,269,41936,2288,0
9446,9.099,5.711,5.077,0.080,0.005,0.549,0,14.749,6.175,0.000,0,328,0,0
9447,20.667,20.667,13.830,5.908,0.298,0.630,1,14.749,6.175,0.000,264,41680,2238,0
9448,12.696,6.293,5.543,0.079,0.005,0.666,0,14.708,6.600,0.000,0,328,0,0
9449,18.937,18.937,12.108,5.788,0.448,0.593,1,14.708,6.600,0.000,264,41680,2237,0
9450,14.443,6.490,5.931,0.091,0.006,0.463,0,18.911,6.401,0.000,0,328,0,0
9451,23.361,23.361,15.564,6.764,0.449,0.583,1,18.911,6.401,0.000,266,41680,2243,0
9452,9.998,5.723,5.214,0.079,0.006,0.423,0,14.734,6.087,0.000,0,328,0,0
9453,20.548,20.548,12.956,6.093,0.434,1.065,1,14.734,6.087,0.000,265,41680,2239,0
9454,12.817,5.787,5.158,0.079,0.006,0.544,0,17.728,6.232,0.000,0,328,0,0
9455,18.309,18.309,11.626,5.985,0.266,0.432,1,17.728,6.232,0.000,264,41680,2237,0
9456,15.059,6.080,5.589,0.080,0.005,0.405,0,17.021,5.894,0.000,0,328,0,0
9457,23.450,23.450,15.923,6.541,0.393,0.594,1,17.021,5.894,0.000,264,41680,2238,0
9458,9.911,8.046,7.543,0.083,0.007,0.413,0,16.084,6.292,0.000,0,328,0,0
9459,19.785,19.785,13.192,5.842,0.305,0.446,1,16.084,6.292,0.000,264,41680,2238,0
9460,13.585,5.657,5.078,0.080,0.006,0.493,0,15.649,5.998,0.000,0,328,0,0
9461,19.732,19.732,13.042,5.829,0.420,0.441,1,15.649,5.998,0.000,264,41680,2239,0
9462,13.634,6.048,5.502,0.081,0.006,0.460,0,15.004,5.892,0.000,0,328,0,0
9463,18.994,18.994,12.108,5.943,0.428,0.514,1,15.004,5.892,0.000,264,41680,2235,0
9464,14.381,5.482,5.009,0.079,0.006,0.387,0,17.768,5.994,0.000,0,328,0,0
9465,17.565,17.565,10.951,5.855,0.355,0.405,1,17.768,5.994,0.000,262,41600,2232,0
9466,15.808,5.742,5.151,0.081,0.006,0.504,0,17.607,6.350,0.000,0,328,0,0
9467,18.099,18.099,11.087,6.144,0.432,0.436,1,17.607,6.350,0.000,262,41600,2234,0
9468,15.268,5.526,5.072,0.083,0.006,0.366,0,17.642,6.406,0.000,0,328,0,0
9469,18.143,18.143,11.235,5.946,0.397,0.566,1,17.642,6.406,0.000,259,41400,2220,0
9470,15.226,5.892,5.326,0.080,0.006,0.480,0,18.201,6.538,0.000,0,328,0,0
9471,18.003,18.003,11.177,5.748,0.450,0.627,1,18.201,6.538,0.000,259,41400,2221,0
9472,15.349,9.318,8.477,0.080,0.007,0.753,0,18.275,5.887,0.000,0,328,0,0
9473,20.280,20.280,13.131,6.127,0.427,0.596,1,18.275,5.887,0.000,254,41380,2197,0
9474,13.088,6.390,5.748,0.079,0.008,0.555,0,18.108,6.204,0.000,0,328,0,0
9475,18.302,18.302,11.216,5.965,0.277,0.845,1,18.108,6.204,0.000,254,41380,2196,0
9476,15.066,5.558,4.954,0.080,0.006,0.519,0,19.051,5.946,0.000,0,328,0,0
9477,20.221,20.221,13.225,6.061,0.415,0.520,1,19.051,5.946,0.000,254,41380,2195,0
9478,13.140,5.746,5.099,0.079,0.005,0.562,0,14.551,5.814,0.000,0,328,0,0
9479,20.899,20.899,12.724,7.278,0.399,0.499,1,14.551,5.814,0.000,254,41380,2196,0
9480,12.477,5.655,5.167,0.080,0.007,0.400,0,18.222,6.296,0.000,0,328,0,0
9481,19.124,19.124,11.720,6.557,0.294,0.552,1,18.222,6.296,0.000,254,41380,2196,0
9482,14.238,5.508,5.026,0.080,0.007,0.395,0,17.492,5.825,0.000,0,328,0,0
9483,18.957,18.957,11.155,6.336,0.435,1.031,1,17.492,5.825,0.000,254,41380,2194,0
9484,14.409,5.718,5.120,0.080,0.006,0.512,0,16.839,5.772,0.000,0,328,0,0
9485,18.402,18.402,11.758,5.769,0.433,0.442,1,16.839,5.772,0.000,254,41380,2195,0
9486,14.964,6.060,5.594,0.079,0.007,0.379,0,16.957,6.169,0.000,0,328,0,0
9487,18.642,18.642,11.943,5.747,0.443,0.509,1,16.957,6.169,0.000,254,41380,2195,0
9488,14.725,6.328,5.844,0.082,0.005,0.397,0,17.255,5.881,0.000,0,328,0,0
9489,18.408,18.408,11.105,6.457,0.401,0.445,1,17.255,5.881,0.000,254,41380,2195,0
9490,14.963,6.374,5.765,0.083,0.006,0.519,0,16.926,5.950,0.000,0,328,0,0
9491,17.592,17.592,11.104,5.680,0.382,0.426,1,16.926,5.950,0.000,254,41380,2194,0
9492,15.779,5.569,5.075,0.081,0.006,0.408,0,17.417,5.979,0.000,0,328,0,0
9493,18.176,18.176,11.364,5.830,0.390,0.592,1,17.417,5.979,0.000,255,41380,2198,0
9494,15.191,5.512,4.983,0.080,0.007,0.442,0,18.451,5.954,0.000,0,328,0,0
9495,18.230,18.230,11.468,5.711,0.488,0.563,1,18.451,5.954,0.000,255,41380,2199,0
9496,15.139,5.447,4.974,0.080,0.006,0.387,0,18.594,5.869,0.000,0,328,0,0
9497,21.710,21.710,14.618,6.156,0.473,0.463,1,18.594,5.869,0.000,255,41380,2197,0
9498,11.647,5.880,5.311,0.082,0.007,0.481,0,15.177,6.217,0.000,0,328,0,0
9499,20.518,20.518,12.929,6.747,0.433,0.409,1,15.177,6.217,0.000,255,41380,2198,0
9500,12.847,5.529,5.078,0.079,0.005,0.367,0,17.253,6.197,0.000,0,328,0,0
9501,18.399,18.399,11.792,5.749,0.336,0.523,1,17.253,6.197,0.000,255,41380,2198,0
9502,14.967,6.076,5.636,0.080,0.006,0.354,0,17.015,5.870,0.000,0,328,0,0
9503,18.059,18.059,11.561,5.707,0.437,0.354,1,17.015,5.870,0.000,255,41380,2197,0
9504,15.307,6.163,5.648,0.081,0.007,0.427,0,16.155,5.798,0.000,0,328,0,0
9505,18.135,18.135,10.899,6.513,0.380,0.343,1,16.155,5.798,0.000,255,41380,2198,0
9506,15.235,6.309,5.848,0.082,0.005,0.374,0,16.462,5.935,0.000,0,328,0,0
9507,17.779,17.779,11.175,5.663,0.377,0.563,1,16.462,5.935,0.000,255,41380,2199,0
9508,15.586,5.612,5.120,0.081,0.006,0.405,0,18.805,5.908,0.000,0,328,0,0
9509,19.696,19.696,12.958,5.916,0.384,0.437,1,18.805,5.908,0.000,255,41380,2198,0
9510,13.665,6.213,5.636,0.080,0.005,0.492,0,14.504,5.942,0.000,0,328,0,0
9511,20.885,20.885,14.214,5.834,0.402,0.436,1,14.504,5.942,0.000,255,41380,2197,0
9512,12.487,5.688,5.212,0.080,0.005,0.390,0,15.142,5.974,0.000,0,328,0,0
9513,20.466,20.466,12.855,6.626,0.435,0.550,1,15.142,5.974,0.000,255,41380,2198,0
9514,12.899,5.701,5.263,0.081,0.007,0.349,0,17.869,6.118,0.000,0,328,0,0
9515,19.085,19.085,11.201,6.511,0.329,1.044,1,17.869,6.118,0.000,255,41380,2198,0
9516,14.281,5.703,5.143,0.081,0.005,0.473,0,16.734,5.789,0.000,0,328,0,0
9517,18.334,18.334,11.816,5.677,0.472,0.370,1,16.734,5.789,0.000,255,41380,2197,0
9518,15.048,6.195,5.777,0.080,0.007,0.331,0,16.598,5.914,0.000,0,328,0,0
9519,18.542,18.542,11.614,6.013,0.485,0.430,1,16.598,5.914,0.000,255,41380,2198,0
9520,14.824,5.638,5.247,0.080,0.006,0.305,0,17.795,6.695,0.000,0,328,0,0
9521,17.499,17.499,11.121,5.660,0.400,0.318,1,17.795,6.695,0.000,255,41380,2198,0
9522,15.863,5.792,5.296,0.081,0.005,0.410,0,17.616,5.801,0.000,0,328,0,0
9523,19.372,19.372,11.690,6.995,0.369,0.318,1,17.616,5.801,0.000,257,41764,2219,0
9524,13.995,5.973,5.480,0.086,0.005,0.402,0,19.786,6.015,0.000,0,328,0,0
9525,18.219,18.219,11.176,5.907,0.334,0.801,1,19.786,6.015,0.000,257,41764,2213,0
9526,15.151,5.661,5.101,0.080,0.005,0.476,0,18.870,6.002,0.000,0,328,0,0
9527,18.043,18.043,11.394,5.666,0.440,0.543,1,18.870,6.002,0.000,257,41764,2214,0
9528,15.308,5.756,5.060,0.081,0.006,0.610,0,17.999,5.989,0.000,0,328,0,0
9529,20.476,20.476,13.810,5.766,0.382,0.518,1,17.999,5.989,0.000,257,41764,2215,0
9530,12.893,5.738,5.184,0.079,0.004,0.470,0,14.921,6.699,0.000,0,328,0,0
9531,20.797,20.797,12.348,7.339,0.432,0.678,1,14.921,6.699,0.000,257,41764,2213,0
9532,12.570,5.526,4.997,0.080,0.008,0.441,0,18.675,6.209,0.000,0,328,0,0
9533,18.629,18.629,12.039,5.767,0.335,0.487,1,18.675,6.209,0.000,257,41764,2214,0
9534,14.736,6.299,5.662,0.079,0.006,0.551,0,17.188,5.871,0.000,0,328,0,0
9535,18.599,18.599,11.951,5.790,0.437,0.421,1,17.188,5.871,0.000,257,41764,2212,0
9536,14.767,6.235,5.754,0.079,0.007,0.394,0,16.864,5.992,0.000,0,328,0,0
9537,18.625,18.625,11.023,6.673,0.395,0.533,1,16.864,5.992,0.000,257,41764,2212,0
9538,14.744,6.094,5.603,0.082,0.007,0.402,0,17.430,6.018,0.000,0,328,0,0
9539,18.086,18.086,11.237,5.943,0.395,0.510,1,17.430,6.018,0.000,257,41764,2211,0
9540,15.284,5.623,5.052,0.084,0.005,0.481,0,18.241,5.994,0.000,0,328,0,0
9541,19.335,19.335,12.842,5.637,0.478,0.377,1,18.241,5.994,0.000,257,41764,2213,0
9542,14.029,5.820,5.306,0.079,0.004,0.431,0,14.650,6.504,0.000,0,328,0,0
9543,20.952,20.952,13.801,6.004,0.385,0.761,1,14.650,6.504,0.000,259,41772,2227,0
9544,12.421,5.664,5.025,0.080,0.005,0.554,0,19.691,6.282,0.000,0,328,0,0
9545,23.035,23.035,15.932,6.081,0.409,0.613,1,19.691,6.282,0.000,259,41772,2220,0
9546,10.320,6.044,5.298,0.080,0.005,0.661,0,15.709,6.813,0.000,0,328,0,0
9547,20.493,20.493,13.667,5.981,0.289,0.556,1,15.709,6.813,0.000,259,41772,2221,0
9548,12.878,5.654,5.098,0.080,0.005,0.471,0,14.780,6.544,0.000,0,328,0,0
9549,20.574,20.574,13.908,5.636,0.422,0.608,1,14.780,6.544,0.000,259,41772,2221,0
9550,12.792,5.443,4.992,0.080,0.005,0.366,0,14.712,6.465,0.000,0,328,0,0
9551,19.415,19.415,12.226,6.211,0.488,0.489,1,14.712,6.465,0.000,260,41776,2227,0
9552,13.955,6.869,6.222,0.083,0.008,0.557,0,19.534,5.870,0.000,0,328,0,0
9553,21.432,21.432,14.400,6.072,0.501,0.459,1,19.534,5.870,0.000,260,41776,2224,0
9554,11.930,5.727,5.271,0.079,0.005,0.371,0,16.050,6.131,0.000,0,328,0,0
9555,20.374,20.374,12.203,7.235,0.380,0.556,1,16.050,6.131,0.000,260,41776,2224,0
9556,12.998,6.297,5.802,0.082,0.007,0.406,0,18.127,6.267,0.000,0,328,0,0
9557,19.556,19.556,12.598,5.984,0.534,0.441,1,18.127,6.267,0.000,258,41776,2216,0
9558,13.802,8.764,8.235,0.087,0.007,0.435,0,16.492,6.292,0.000,0,328,0,0
9559,20.843,20.843,13.446,6.635,0.449,0.313,1,16.492,6.292,0.000,258,41776,2215,0
9560,12.529,5.796,5.359,0.082,0.005,0.350,0,14.456,5.974,0.000,0,328,0,0
9561,23.379,23.379,15.628,6.684,0.490,0.577,1,14.456,5.974,0.000,260,41776,2222,0
9562,9.986,5.910,5.391,0.080,0.005,0.433,0,14.879,6.102,0.000,0,328,0,0
9563,20.486,20.486,12.181,7.346,0.489,0.470,1,14.879,6.102,0.000,260,41776,2220,0
9564,12.882,5.980,5.331,0.080,0.008,0.560,0,17.746,6.259,0.000,0,328,0,0
9565,18.552,18.552,11.834,5.870,0.290,0.558,1,17.746,6.259,0.000,260,41776,2224,0
9566,14.815,6.142,5.607,0.079,0.007,0.449,0,17.267,5.963,0.000,0,328,0,0
9567,18.383,18.383,11.608,5.779,0.397,0.599,1,17.267,5.963,0.000,260,41776,2225,0
9568,15.000,6.211,5.709,0.082,0.007,0.412,0,17.772,5.929,0.000,0,328,0,0
9569,21.642,21.642,14.577,5.951,0.521,0.594,1,17.772,5.929,0.000,260,41776,2225,0
9570,11.705,5.881,5.272,0.081,0.005,0.523,0,15.937,6.319,0.000,0,328,0,0
9571,21.696,21.696,14.026,6.819,0.407,0.444,1,15.937,6.319,0.000,260,41776,2225,0
9572,11.673,6.778,6.256,0.082,0.007,0.432,0,14.836,6.018,0.000,0,328,0,0
9573,22.494,22.494,15.067,6.444,0.403,0.580,1,14.836,6.018,0.000,260,41776,2224,0
9574,10.871,5.549,5.016,0.080,0.005,0.448,0,14.339,6.238,0.000,0,328,0,0
9575,19.660,19.660,12.962,5.980,0.292,0.426,1,14.339,6.238,0.000,269,41812,2275,0
9576,13.710,5.722,5.129,0.081,0.005,0.507,0,15.099,5.902,0.000,0,328,0,0
9577,19.576,19.576,12.835,5.958,0.389,0.394,1,15.099,5.902,0.000,267,41812,2276,0
9578,13.789,5.738,5.234,0.080,0.005,0.418,0,15.025,6.413,0.000,0,328,0,0
9579,21.324,21.324,14.037,6.299,0.384,0.604,1,15.025,6.413,0.000,267,41812,2274,0
9580,12.045,7.729,7.252,0.081,0.006,0.390,0,15.000,6.566,0.000,0,328,0,0
9581,20.868,20.868,13.966,6.113,0.393,0.396,1,15.000,6.566,0.000,270,41816,2288,0
9582,12.495,5.646,5.087,0.080,0.005,0.474,0,14.470,6.029,0.000,0,328,0,0
9583,20.409,20.409,13.397,6.271,0.330,0.411,1,14.470,6.029,0.000,270,41816,2293,0
9584,12.957,6.926,6.460,0.081,0.007,0.377,0,15.039,5.933,0.000,0,328,0,0
9585,21.366,21.366,13.733,6.788,0.360,0.485,1,15.039,5.933,0.000,271,41820,2302,0
9586,12.001,5.993,5.622,0.080,0.005,0.286,0,14.610,6.060,0.000,0,328,0,0
9587,21.064,21.064,13.100,7.236,0.338,0.390,1,14.610,6.060,0.000,271,41820,2298,0
9588,12.303,5.878,5.289,0.081,0.005,0.503,0,14.475,5.954,0.000,0,328,0,0
9589,19.705,19.705,12.883,6.117,0.287,0.417,1,14.475,5.954,0.000,271,41820,2308,0
9590,13.662,5.707,5.273,0.081,0.005,0.348,0,15.086,6.483,0.000,0,328,0,0
9591,20.582,20.582,13.659,6.025,0.393,0.504,1,15.086,6.483,0.000,270,41816,2286,0
9592,12.788,5.644,5.158,0.081,0.005,0.399,0,14.983,5.958,0.000,0,332,0,0
9593,22.621,22.621,14.398,7.264,0.372,0.587,1,14.983,5.958,0.000,267,41428,2268,0
9594,10.746,5.933,5.460,0.108,0.006,0.359,0,16.972,6.307,0.000,0,332,0,0
9595,19.800,19.800,13.044,6.055,0.313,0.388,1,16.972,6.307,0.000,266,41424,2259,0
9596,13.565,6.005,5.436,0.080,0.005,0.484,0,15.131,6.792,0.000,0,332,0,0
9597,19.462,19.462,12.769,5.916,0.408,0.369,1,15.131,6.792,0.000,266,41424,2260,0
9598,13.905,5.651,5.211,0.082,0.006,0.352,0,15.016,6.465,0.000,0,332,0,0
9599,24.152,24.152,13.267,9.994,0.411,0.480,1,15.016,6.465,0.000,265,41420,2272,0
9600,9.229,6.064,5.638,0.082,0.007,0.336,0,22.187,5.938,0.000,0,336,0,0
9601,21.973,21.973,12.402,8.869,0.280,0.422,1,14.229,1.451,0.000,265,41416,1915,30798
9602,11.372,6.301,5.772,0.082,0.006,0.441,0,14.229,1.451,0.000,0,336,0,0
9603,20.021,20.021,12.076,6.087,1.535,0.323,1,14.229,1.451,0.000,264,41416,2254,0
9604,13.347,6.303,5.902,0.084,0.009,0.308,0,16.360,5.918,0.000,0,336,0,0
9605,19.487,19.487,12.545,6.007,0.419,0.516,1,16.360,5.918,0.000,262,41408,2239,0
9606,13.880,8.118,7.601,0.095,0.009,0.412,0,17.937,5.834,0.000,0,336,0,0
9607,21.082,21.082,13.895,6.226,0.529,0.433,1,17.937,5.834,0.000,262,41408,2239,0
9608,12.295,5.875,5.307,0.085,0.006,0.477,0,15.129,5.976,0.000,0,336,0,0
9609,19.254,19.254,12.721,5.829,0.303,0.401,1,15.129,5.976,0.000,262,41408,2238,0
9610,14.107,5.652,5.195,0.089,0.007,0.361,0,14.894,6.336,0.000,0,360,1,0
9611,23.359,23.359,15.556,6.870,0.390,0.543,1,14.894,6.336,0.000,263,41456,2253,0
9612,10.011,5.644,5.196,0.082,0.006,0.360,0,14.674,6.222,0.000,0,408,0,0
9613,19.900,19.900,13.149,6.054,0.301,0.396,1,14.674,6.222,0.000,263,41504,2251,0
9614,13.464,6.296,5.612,0.083,0.006,0.595,0,15.199,6.521,0.000,0,456,0,0
9615,20.129,20.129,13.355,5.855,0.418,0.502,1,15.199,6.521,0.000,263,41552,2251,0
9616,13.246,5.988,5.421,0.084,0.005,0.478,0,15.607,5.801,0.000,0,500,0,0
9617,24.953,24.953,16.776,6.939,0.450,0.788,1,14.866,6.240,0.000,264,41572,2263,0
9618,8.404,5.735,5.155,0.082,0.004,0.493,0,14.866,6.240,0.000,0,500,0,0
9619,21.923,21.923,14.174,6.825,0.253,0.671,1,14.866,6.240,0.000,264,41572,2264,0
9620,11.439,5.987,5.191,0.101,0.005,0.690,0,14.335,5.832,0.000,0,500,0,0
9621,21.311,21.311,12.600,7.789,0.452,0.469,1,14.335,5.832,0.000,264,41572,2265,0
9622,12.062,6.408,5.918,0.087,0.005,0.397,0,17.849,6.368,0.000,0,500,0,0
9623,18.666,18.666,11.541,6.210,0.304,0.611,1,17.849,6.368,0.000,264,41572,2261,0
9624,14.702,8.391,7.890,0.086,0.004,0.411,0,15.668,5.891,0.000,0,500,0,0
9625,21.046,21.046,12.645,7.564,0.403,0.434,1,15.668,5.891,0.000,264,41572,2264,0
9626,12.320,5.856,5.269,0.084,0.005,0.498,0,17.091,6.179,0.000,0,500,0,0
9627,18.467,18.467,11.740,6.029,0.292,0.406,1,17.091,6.179,0.000,264,41572,2264,0
9628,14.899,6.259,5.781,0.085,0.006,0.387,0,16.812,5.955,0.000,0,500,0,0
9629,22.885,22.885,15.465,6.409,0.475,0.536,1,16.812,5.955,0.000,264,41572,2264,0
9630,10.481,5.782,5.373,0.083,0.005,0.321,0,15.448,6.936,0.000,0,500,0,0
9631,18.661,18.661,11.739,6.286,0.284,0.353,1,15.448,6.936,0.000,264,41572,2263,0
9632,14.719,6.087,5.501,0.083,0.005,0.498,0,18.283,6.017,0.000,0,500,0,0
9633,22.496,22.496,14.771,6.875,0.454,0.396,1,18.283,6.017,0.000,264,41572,2265,0
9634,10.861,6.225,5.797,0.086,0.005,0.338,0,14.405,6.109,0.000,0,500,0,0
9635,21.882,21.882,13.634,7.299,0.474,0.475,1,14.405,6.109,0.000,264,41572,2265,0
9636,11.483,5.688,5.261,0.083,0.006,0.338,0,14.266,5.988,0.000,0,500,0,0
9637,19.570,19.570,12.675,6.093,0.330,0.472,1,14.266,5.988,0.000,264,41572,2264,0
9638,13.798,5.767,5.211,0.084,0.004,0.468,0,15.314,5.924,0.000,0,500,0,0
9639,18.170,18.170,11.430,5.887,0.461,0.392,1,15.314,5.924,0.000,264,41572,2265,0
9640,15.210,6.830,6.400,0.090,0.007,0.333,0,17.573,6.332,0.000,0,500,0,0
9641,23.189,23.189,14.565,7.726,0.385,0.513,1,17.573,6.332,0.000,264,41572,2265,0
9642,10.167,5.597,5.182,0.083,0.005,0.326,0,15.919,6.048,0.000,0,500,0,0
9643,19.564,19.564,12.989,5.904,0.313,0.359,1,15.919,6.048,0.000,259,41552,2241,0
9644,13.799,6.874,6.316,0.091,0.008,0.459,0,15.666,6.381,0.000,0,500,0,0
9645,19.705,19.705,12.096,6.775,0.431,0.403,1,15.666,6.381,0.000,259,41552,2239,0
9646,13.660,7.926,7.457,0.087,0.008,0.375,0,16.339,6.072,0.000,0,500,0,0
9647,20.734,20.734,12.822,7.011,0.395,0.506,1,16.339,6.072,0.000,259,41552,2240,0
9648,12.629,8.670,8.212,0.093,0.007,0.358,0,17.465,6.022,0.000,0,500,0,0
9649,20.446,20.446,13.650,6.001,0.384,0.411,1,17.465,6.022,0.000,258,41548,2227,0
9650,12.921,6.234,5.588,0.085,0.005,0.556,0,15.171,6.471,0.000,0,496,0,0
9651,22.780,22.780,12.831,9.044,0.404,0.501,1,15.171,6.471,0.000,250,41104,2175,0
9652,10.594,5.787,5.180,0.111,0.006,0.490,0,19.015,6.277,0.000,0,332,0,0
9653,21.001,21.001,11.480,8.603,0.286,0.633,1,19.015,6.277,0.000,250,41104,2179,0
9654,12.363,5.767,5.220,0.081,0.005,0.461,0,18.633,6.444,0.000,0,332,0,0
9655,18.429,18.429,11.542,5.897,0.457,0.532,1,18.633,6.444,0.000,251,41107,2214,0
9656,14.943,7.034,6.358,0.084,0.005,0.587,0,18.171,6.261,0.000,0,332,0,0
9657,19.615,19.615,12.384,6.377,0.446,0.409,1,18.171,6.261,0.000,251,41107,2213,0
9658,13.749,5.777,5.330,0.080,0.006,0.361,0,17.144,5.912,0.000,0,332,0,0
9659,18.989,18.989,12.238,5.736,0.482,0.533,1,17.144,5.912,0.000,251,41107,2214,0
9660,14.377,6.272,5.823,0.081,0.006,0.362,0,16.769,5.959,0.000,0,332,0,0
9661,19.937,19.937,13.282,5.864,0.418,0.372,1,16.769,5.959,0.000,251,41107,2209,0
9662,13.424,6.090,5.554,0.081,0.005,0.449,0,13.937,5.888,0.000,0,332,0,0
9663,19.002,19.002,12.266,5.824,0.471,0.441,1,13.937,5.888,0.000,252,41111,2217,0
9664,14.378,5.613,5.121,0.083,0.006,0.404,0,18.470,6.089,0.000,0,336,0,0
9665,22.302,22.302,15.109,6.138,0.462,0.592,1,18.470,6.089,0.000,253,41115,2219,0
9666,11.053,6.379,5.962,0.084,0.006,0.327,0,15.919,6.295,0.000,0,348,0,0
9667,19.701,19.701,12.639,6.312,0.373,0.377,1,15.919,6.295,0.000,255,41123,2227,0
9668,13.664,8.588,7.887,0.088,0.008,0.605,0,16.408,5.965,0.000,0,352,0,0
9669,20.812,20.812,14.050,5.868,0.362,0.532,1,16.408,5.965,0.000,260,41581,2242,0
9670,12.555,6.114,5.561,0.088,0.006,0.459,0,14.913,6.548,0.000,0,360,0,0
9671,20.433,20.433,13.798,5.606,0.430,0.600,1,14.913,6.548,0.000,261,41585,2244,0
9672,12.937,5.418,4.944,0.087,0.005,0.382,0,14.768,6.279,0.000,0,360,0,0
9673,19.268,19.268,12.808,5.629,0.388,0.442,1,14.768,6.279,0.000,262,41589,2248,0
9674,14.098,5.748,5.152,0.089,0.005,0.502,0,14.783,6.465,0.000,0,364,0,0
9675,20.507,20.507,13.101,6.006,0.377,1.023,1,14.783,6.465,0.000,262,41589,2248,0
9676,12.862,5.593,5.127,0.089,0.007,0.371,0,17.440,6.385,0.000,0,364,0,0
9677,19.971,19.971,12.776,6.219,0.453,0.523,1,17.440,6.385,0.000,263,41593,2266,0
9678,13.397,6.150,5.752,0.090,0.006,0.303,0,17.792,6.128,0.000,0,368,0,0
9679,19.866,19.866,14.013,5.073,0.461,0.318,1,17.792,6.128,0.000,181,33188,1513,0
9680,14.390,6.999,6.502,0.082,0.006,0.409,0,13.523,4.683,0.000,0,324,0,0
9681,19.191,19.191,14.291,4.212,0.311,0.377,1,13.523,4.683,0.000,201,33028,1590,0
9682,13.283,6.390,5.940,0.081,0.006,0.362,0,12.887,5.085,0.000,0,324,0,0
9683,18.235,18.235,12.475,4.751,0.478,0.531,1,12.887,5.085,0.000,201,33028,1589,0
9684,15.133,5.213,4.794,0.084,0.006,0.329,0,14.644,4.903,0.000,0,324,0,0
9685,17.061,17.061,12.116,4.092,0.471,0.382,1,14.644,4.903,0.000,201,33028,1591,0
9686,16.304,6.693,5.979,0.084,0.007,0.624,0,14.232,4.980,0.000,0,324,0,0
9687,17.247,17.247,12.169,4.086,0.383,0.609,1,14.232,4.980,0.000,201,33028,1590,0
9688,16.119,5.621,4.962,0.083,0.007,0.570,0,14.425,4.809,0.000,0,324,0,0
9689,19.990,19.639,14.464,4.011,0.391,0.774,1,12.249,4.633,0.000,201,33028,1592,0
9690,13.378,5.304,4.691,0.080,0.005,0.528,0,12.249,4.633,0.000,0,324,0,0
9691,18.793,18.207,13.071,4.170,0.414,0.552,1,12.249,4.633,0.000,202,33028,1593,0
9692,14.572,6.438,5.624,0.082,0.007,0.724,0,12.525,4.608,0.000,0,324,0,0
9693,17.723,17.723,12.731,4.085,0.466,0.441,1,12.525,4.608,0.000,201,33028,1590,0
9694,15.646,5.463,4.903,0.081,0.004,0.475,0,11.996,4.692,0.000,0,324,0,0
9695,16.842,16.842,12.148,3.869,0.400,0.425,1,11.996,4.692,0.000,201,33028,1591,0
9696,16.524,5.174,4.757,0.080,0.005,0.332,0,12.026,4.478,0.000,0,324,0,0
9697,18.708,18.384,13.259,4.125,0.461,0.539,1,12.026,4.478,0.000,201,33028,1590,0
9698,14.653,5.767,5.317,0.079,0.007,0.365,0,12.936,4.579,0.000,0,324,0,0
9699,18.254,18.254,12.745,4.714,0.420,0.375,1,12.936,4.579,0.000,201,33028,1592,0
9700,15.117,5.324,4.804,0.081,0.005,0.434,0,11.579,4.542,0.000,0,324,0,0
9701,16.859,16.531,12.009,3.848,0.317,0.356,1,11.579,4.542,0.000,201,33028,1591,0
9702,16.504,6.743,6.381,0.083,0.006,0.274,0,12.349,4.392,0.000,0,324,0,0
9703,16.924,16.924,12.124,4.057,0.375,0.368,1,12.349,4.392,0.000,201,33028,1592,0
9704,16.449,5.486,4.975,0.081,0.005,0.424,0,12.156,5.195,0.000,0,324,0,0
9705,17.574,17.574,12.828,3.862,0.362,0.522,1,12.156,5.195,0.000,204,33028,1600,0
9706,15.790,5.526,4.799,0.080,0.005,0.642,0,11.955,5.074,0.000,0,324,0,0
9707,16.693,16.693,11.963,3.839,0.395,0.495,1,11.955,5.074,0.000,204,33028,1601,0
9708,16.675,5.201,4.680,0.080,0.005,0.437,0,11.828,4.581,0.000,0,324,0,0
9709,17.612,15.583,10.642,3.943,0.389,0.608,1,11.828,4.581,0.000,204,33028,1601,0
9710,15.754,6.303,5.818,0.081,0.007,0.397,0,12.775,4.481,0.000,0,324,0,0
9711,20.848,20.848,14.393,5.492,0.529,0.434,1,12.775,4.481,0.000,204,33028,1592,0
9712,12.518,6.419,5.760,0.082,0.007,0.570,0,13.325,4.633,0.000,0,324,0,0
9713,18.792,18.434,13.447,4.144,0.358,0.486,1,13.325,4.633,0.000,204,33028,1594,0
9714,14.572,6.195,5.627,0.087,0.009,0.472,0,12.827,4.844,0.000,0,324,0,0
9715,17.650,17.650,12.611,4.051,0.354,0.634,1,12.827,4.844,0.000,204,33028,1592,0
9716,15.724,5.268,4.744,0.080,0.005,0.439,0,15.567,4.685,0.000,0,324,0,0
9717,18.134,16.513,11.799,3.947,0.297,0.470,1,15.567,4.685,0.000,204,33028,1594,0
9718,15.229,6.347,5.659,0.081,0.007,0.599,0,12.207,4.501,0.000,0,324,0,0
9719,18.343,18.343,13.540,3.914,0.412,0.477,1,12.207,4.501,0.000,204,33028,1593,0
9720,15.026,5.431,4.965,0.078,0.004,0.384,0,12.649,4.701,0.000,0,324,0,0
9721,17.393,17.393,12.140,4.288,0.427,0.538,1,12.649,4.701,0.000,204,33028,1594,0
9722,15.973,8.266,7.733,0.085,0.007,0.441,0,13.257,4.877,0.000,0,324,0,0
9723,17.803,17.803,12.905,4.130,0.338,0.430,1,13.257,4.877,0.000,204,33028,1597,0
9724,15.565,5.542,4.909,0.080,0.005,0.548,0,12.329,5.291,0.000,0,324,0,0
9725,17.471,17.471,12.179,4.452,0.380,0.461,1,12.329,5.291,0.000,204,33028,1599,0
9726,15.894,5.187,4.703,0.078,0.005,0.400,0,12.128,4.461,0.000,0,324,0,0
9727,17.276,17.276,12.433,3.919,0.371,0.553,1,12.128,4.461,0.000,204,33028,1600,0
9728,16.092,5.114,4.649,0.079,0.005,0.381,0,11.767,4.505,0.000,0,324,0,0
9729,18.232,17.799,11.721,5.152,0.500,0.426,1,11.767,4.505,0.000,204,33028,1599,0
9730,15.129,6.168,5.663,0.078,0.006,0.421,0,13.112,4.367,0.000,0,324,0,0
9731,18.531,18.171,12.933,4.201,0.523,0.514,1,13.112,4.367,0.000,204,33028,1600,0
9732,14.841,5.348,4.841,0.078,0.006,0.423,0,13.073,4.603,0.000,0,324,0,0
9733,18.863,18.863,13.251,4.508,0.516,0.588,1,13.073,4.603,0.000,204,33028,1599,0
9734,14.503,5.769,5.253,0.081,0.007,0.428,0,12.180,4.536,0.000,0,324,0,0
9735,17.388,17.388,11.750,4.191,0.430,1.017,1,12.180,4.536,0.000,204,33028,1600,0
9736,15.980,5.323,4.752,0.079,0.004,0.487,0,13.707,4.929,0.000,0,324,0,0
9737,18.731,17.514,12.822,3.952,0.309,0.431,1,13.707,4.929,0.000,204,33028,1600,0
9738,14.641,5.612,5.152,0.080,0.006,0.373,0,17.028,4.651,0.000,0,320,0,0
9739,16.957,16.957,11.920,4.165,0.392,0.481,1,17.028,4.651,0.000,203,33024,1588,0
9740,16.403,5.926,5.473,0.078,0.007,0.369,0,14.344,4.884,0.000,0,320,0,0
9741,24.209,24.209,14.012,9.386,0.394,0.416,1,14.344,4.884,0.000,208,33400,1648,0
9742,9.158,5.741,5.152,0.086,0.005,0.498,0,17.021,4.744,0.000,0,696,0,0
9743,18.149,17.552,11.879,4.944,0.324,0.406,1,17.021,4.744,0.000,179,33640,1545,0
9744,15.211,6.122,5.685,0.091,0.006,0.341,0,12.327,4.704,0.000,0,696,0,0
9745,17.087,17.087,11.942,4.301,0.386,0.458,1,12.327,4.704,0.000,179,33640,1546,0
9746,16.287,5.483,5.063,0.082,0.005,0.333,0,15.136,4.763,0.000,0,696,0,0
9747,18.879,18.879,13.368,4.618,0.484,0.408,1,15.136,4.763,0.000,179,33640,1546,0
9748,14.486,5.660,5.220,0.082,0.006,0.353,0,12.835,5.337,0.000,0,696,0,0
9749,17.842,17.842,11.941,4.918,0.528,0.454,1,12.835,5.337,0.000,179,33640,1545,0
9750,15.535,5.995,5.457,0.090,0.006,0.442,0,15.258,5.057,0.000,0,696,0,0
9751,19.496,18.625,13.586,4.146,0.296,0.597,1,15.258,5.057,0.000,179,33640,1546,0
9752,13.855,6.278,5.745,0.086,0.007,0.440,0,12.502,5.192,0.000,0,696,0,0
9753,19.214,18.886,13.783,4.184,0.427,0.491,1,12.502,5.192,0.000,179,33640,1545,0
9754,14.155,6.444,5.774,0.086,0.007,0.577,0,12.482,5.344,0.000,0,696,0,0
9755,18.465,18.052,13.066,4.139,0.398,0.450,1,12.482,5.344,0.000,179,33640,1546,0
9756,14.908,6.944,6.439,0.087,0.006,0.411,0,12.562,5.415,0.000,0,696,0,0
9757,19.256,19.256,14.154,4.127,0.416,0.560,1,12.562,5.415,0.000,179,33640,1545,0
9758,14.107,5.792,5.216,0.083,0.006,0.487,0,12.646,4.856,0.000,0,696,0,0
9759,18.018,18.018,12.632,4.451,0.431,0.504,1,12.646,4.856,0.000,179,33640,1546,0
9760,15.345,6.462,5.753,0.098,0.008,0.604,0,14.462,4.874,0.000,0,696,0,0
9761,18.016,16.877,11.883,4.181,0.299,0.513,1,14.462,4.874,0.000,179,33640,1544,0
9762,15.358,8.655,8.108,0.084,0.007,0.456,0,12.958,4.634,0.000,0,696,0,0
9763,19.123,19.123,13.725,4.308,0.484,0.608,1,12.958,4.634,0.000,179,33640,1545,0
9764,14.240,5.502,5.012,0.083,0.005,0.402,0,13.111,4.906,0.000,0,696,0,0
9765,17.564,17.564,12.611,4.088,0.440,0.425,1,13.111,4.906,0.000,179,33640,1546,0
9766,15.804,5.607,5.082,0.082,0.004,0.439,0,12.580,4.592,0.000,0,696,0,0
9767,18.511,18.511,11.972,5.073,1.026,0.441,1,12.580,4.592,0.000,179,33640,1545,0
9768,14.856,5.698,5.178,0.084,0.005,0.432,0,14.583,4.939,0.000,0,696,0,0
9769,19.435,19.087,13.870,4.378,0.269,0.570,1,14.583,4.939,0.000,179,33640,1546,0
9770,13.927,6.386,5.859,0.085,0.007,0.434,0,12.749,4.655,0.000,0,696,0,0
9771,16.881,16.881,11.866,4.199,0.388,0.427,1,12.749,4.655,0.000,179,33640,1545,0
9772,16.487,6.373,5.776,0.082,0.005,0.510,0,14.006,4.749,0.000,0,696,0,0
9773,18.091,17.361,11.593,4.834,0.461,0.473,1,14.006,4.749,0.000,179,33640,1546,0
9774,15.275,6.612,6.143,0.085,0.007,0.377,0,12.026,4.476,0.000,0,696,0,0
9775,19.250,19.250,13.696,4.594,0.453,0.507,1,12.026,4.476,0.000,179,33640,1546,0
9776,14.117,5.748,5.254,0.083,0.005,0.406,0,12.721,4.996,0.000,0,696,0,0
9777,17.478,17.478,11.914,4.483,0.562,0.519,1,12.721,4.996,0.000,179,33640,1545,0
9778,15.896,5.940,5.216,0.083,0.006,0.636,0,15.664,4.860,0.000,0,696,0,0
9779,17.556,17.556,12.183,4.428,0.428,0.517,1,15.664,4.860,0.000,179,33640,1546,0
9780,15.805,5.760,5.214,0.083,0.006,0.456,0,14.652,4.606,0.000,0,696,0,0
9781,18.444,18.444,13.218,4.184,0.369,0.674,1,14.652,4.606,0.000,179,33640,1545,0
9782,14.925,5.451,4.975,0.083,0.005,0.388,0,12.237,4.537,0.000,0,696,0,0
9783,18.382,18.382,12.524,4.343,0.478,1.037,1,12.237,4.537,0.000,179,33640,1546,0
9784,14.983,5.709,5.167,0.083,0.006,0.453,0,14.482,5.017,0.000,0,696,0,0
9785,16.805,16.805,11.557,4.382,0.420,0.446,1,14.482,5.017,0.000,179,33640,1546,0
9786,16.563,6.068,5.570,0.084,0.007,0.406,0,13.983,5.173,0.000,0,696,0,0
9787,19.198,18.804,13.939,3.985,0.323,0.558,1,13.983,5.173,0.000,174,33264,1491,0
9788,14.164,6.113,5.597,0.081,0.007,0.428,0,11.739,4.692,0.000,0,320,0,0
9789,17.086,17.086,11.479,4.835,0.354,0.418,1,11.739,4.692,0.000,174,33264,1495,0
9790,16.292,6.119,4.908,0.709,0.007,0.495,0,14.119,4.870,0.000,0,320,0,0
9791,19.160,19.160,13.413,4.996,0.369,0.383,1,14.119,4.870,0.000,174,33264,1493,0
9792,14.194,5.424,4.983,0.078,0.005,0.358,0,11.802,4.756,0.000,0,320,0,0
9793,17.186,17.186,11.704,4.469,0.484,0.530,1,11.802,4.756,0.000,174,33264,1492,0
9794,16.186,5.572,5.065,0.082,0.004,0.421,0,15.534,4.877,0.000,0,320,0,0
9795,17.106,17.106,11.410,4.722,0.388,0.586,1,15.534,4.877,0.000,174,33264,1491,0
9796,16.275,5.265,4.773,0.079,0.005,0.407,0,14.782,4.606,0.000,0,320,0,0
9797,16.654,16.654,11.459,4.235,0.508,0.453,1,14.782,4.606,0.000,174,33264,1492,0
9798,16.697,5.620,5.052,0.080,0.005,0.483,0,14.912,4.875,0.000,0,320,0,0
9799,17.708,16.096,11.412,3.955,0.298,0.431,1,14.912,4.875,0.000,174,33264,1492,0
9800,15.656,6.238,5.771,0.082,0.007,0.378,0,12.066,5.134,0.000,0,320,0,0
9801,19.190,18.940,14.116,3.943,0.405,0.476,1,12.066,5.134,0.000,174,33264,1491,0
9802,14.177,6.013,5.625,0.081,0.006,0.301,0,12.647,5.336,0.000,0,320,0,0
9803,16.798,16.798,11.876,4.125,0.433,0.364,1,12.647,5.336,0.000,174,33264,1486,0
9804,16.571,6.097,5.558,0.084,0.004,0.450,0,13.401,4.853,0.000,0,320,0,0
9805,18.132,17.664,12.158,4.775,0.361,0.371,1,13.401,4.853,0.000,174,33264,1484,0
9806,15.239,6.112,5.664,0.082,0.006,0.360,0,11.983,4.708,0.000,0,320,0,0
9807,18.056,18.056,13.002,4.119,0.463,0.472,1,11.983,4.708,0.000,174,33264,1485,0
9808,15.301,5.445,5.046,0.078,0.005,0.316,0,12.055,4.745,0.000,0,320,0,0
9809,16.831,16.831,11.778,4.215,0.465,0.371,1,12.055,4.745,0.000,174,33264,1484,0
9810,16.545,5.522,5.010,0.081,0.004,0.427,0,14.566,5.032,0.000,0,320,0,0
9811,16.676,16.622,12.035,3.878,0.349,0.361,1,14.566,5.032,0.000,174,33264,1485,0
9812,16.686,5.467,4.930,0.077,0.005,0.455,0,12.380,4.598,0.000,0,320,0,0
9813,17.019,17.019,11.737,4.140,0.498,0.644,1,12.380,4.598,0.000,173,33264,1481,0
9814,16.356,5.576,5.026,0.081,0.006,0.462,0,15.958,5.117,0.000,0,320,0,0
9815,17.968,16.585,11.836,3.874,0.283,0.592,1,15.958,5.117,0.000,170,33264,1469,0
9816,15.390,5.753,5.099,0.077,0.005,0.572,0,12.436,5.118,0.000,0,320,0,0
9817,17.453,17.453,12.416,4.117,0.471,0.450,1,12.436,5.118,0.000,170,33264,1471,0
9818,15.912,6.136,5.638,0.078,0.005,0.415,0,14.208,4.980,0.000,0,320,0,0
9819,18.979,18.354,13.624,3.906,0.283,0.540,1,14.208,4.980,0.000,171,33264,1472,0
9820,14.385,6.129,5.674,0.081,0.007,0.366,0,11.848,4.553,0.000,0,320,0,0
9821,16.897,16.897,12.125,3.939,0.389,0.444,1,11.848,4.553,0.000,203,33264,1635,0
9822,16.776,6.443,5.173,0.079,0.007,1.184,0,14.128,4.733,0.000,0,320,0,0
9823,16.804,16.804,11.817,4.118,0.421,0.448,1,14.128,4.733,0.000,203,33264,1638,0
9824,16.255,5.339,4.812,0.078,0.005,0.445,0,14.571,4.732,0.000,0,320,0,0
9825,19.718,19.718,11.940,6.805,0.398,0.575,1,14.571,4.732,0.000,171,33612,1442,0
9826,13.652,5.666,5.167,0.078,0.006,0.415,0,15.146,4.824,0.000,0,320,0,0
9827,16.963,15.074,10.430,3.915,0.291,0.437,1,15.146,4.824,0.000,171,33612,1443,0
9828,16.405,5.549,4.964,0.079,0.005,0.502,0,12.039,4.588,0.000,0,320,0,0
9829,17.605,17.605,12.979,3.806,0.403,0.417,1,12.039,4.588,0.000,171,33612,1442,0
9830,15.761,5.629,5.105,0.077,0.005,0.441,0,12.363,4.558,0.000,0,320,0,0
9831,20.719,20.719,14.337,4.751,0.450,1.182,1,12.026,5.020,0.000,171,33612,1443,0
9832,12.644,6.026,5.516,0.079,0.007,0.424,0,12.026,5.020,0.000,0,320,0,0
9833,17.902,17.021,12.176,4.101,0.318,0.427,1,12.026,5.020,0.000,171,33612,1442,0
9834,15.463,6.952,6.374,0.082,0.007,0.489,0,12.256,5.506,0.000,0,320,0,0
9835,18.811,18.811,13.726,4.310,0.415,0.360,1,12.256,5.506,0.000,171,33612,1443,0
9836,14.559,5.552,5.151,0.078,0.004,0.318,0,11.551,4.873,0.000,0,320,0,0
9837,17.488,17.488,12.402,4.254,0.423,0.409,1,11.551,4.873,0.000,171,33612,1443,0
9838,15.890,5.986,5.617,0.106,0.006,0.258,0,14.293,4.975,0.000,0,320,0,0
9839,17.715,17.715,12.832,4.172,0.373,0.338,1,14.293,4.975,0.000,171,33612,1443,0
9840,15.638,6.111,5.634,0.078,0.006,0.392,0,13.743,4.953,0.000,0,320,0,0
9841,17.193,17.193,12.076,4.291,0.485,0.342,1,13.743,4.953,0.000,171,33612,1444,0
9842,16.176,5.351,4.986,0.078,0.005,0.282,0,14.561,5.050,0.000,0,320,0,0
9843,16.685,14.757,10.191,3.898,0.277,0.392,1,14.561,5.050,0.000,171,33612,1443,0
9844,16.683,5.228,4.899,0.079,0.005,0.244,0,12.093,4.583,0.000,0,320,0,0
9845,16.947,16.947,12.073,4.080,0.506,0.287,1,12.093,4.583,0.000,171,33612,1445,0
9846,16.425,5.563,5.146,0.078,0.004,0.334,0,14.595,5.393,0.000,0,320,0,0
9847,16.706,15.282,10.742,3.995,0.274,0.271,1,14.595,5.393,0.000,171,33612,1443,0
9848,16.650,7.390,6.915,0.081,0.007,0.387,0,12.306,5.218,0.000,0,320,0,0
9849,19.577,19.108,14.171,3.911,0.442,0.583,1,12.306,5.218,0.000,171,33612,1444,0
9850,13.790,6.093,5.601,0.083,0.005,0.405,0,12.130,5.427,0.000,0,320,0,0
9851,18.108,17.323,12.596,3.878,0.390,0.459,1,12.130,5.427,0.000,171,33612,1444,0
9852,15.257,5.978,5.363,0.079,0.005,0.530,0,13.717,4.741,0.000,0,320,0,0
9853,17.794,16.750,12.083,3.827,0.412,0.428,1,13.717,4.741,0.000,171,33612,1443,0
9854,15.576,6.604,6.108,0.081,0.007,0.409,0,12.738,4.642,0.000,0,320,0,0
9855,18.880,18.556,13.462,4.133,0.460,0.501,1,12.738,4.642,0.000,171,33612,1445,0
9856,14.484,6.519,6.080,0.081,0.006,0.352,0,11.992,5.518,0.000,0,320,0,0
9857,16.806,16.806,11.891,4.075,0.428,0.412,1,11.992,5.518,0.000,171,33612,1444,0
9858,16.569,5.665,5.180,0.079,0.005,0.401,0,14.103,5.527,0.000,0,320,0,0
9859,18.663,18.663,13.744,4.169,0.402,0.347,1,14.103,5.527,0.000,171,33612,1447,0
9860,14.696,5.612,5.222,0.093,0.005,0.293,0,11.951,4.923,0.000,0,320,0,0
9861,16.776,16.776,11.663,4.168,0.488,0.458,1,11.951,4.923,0.000,171,33612,1444,0
9862,16.601,5.516,5.122,0.081,0.006,0.306,0,15.191,4.922,0.000,0,320,0,0
9863,18.123,18.123,12.572,4.754,0.469,0.328,1,15.191,4.922,0.000,171,33612,1443,0
9864,15.238,5.512,5.040,0.079,0.005,0.388,0,13.471,4.927,0.000,0,320,0,0
9865,16.990,15.669,11.057,3.935,0.351,0.326,1,13.471,4.927,0.000,171,33612,1444,0
9866,16.375,6.519,6.064,0.080,0.007,0.369,0,13.009,4.623,0.000,0,320,0,0
9867,16.853,16.853,11.928,4.011,0.434,0.478,1,13.009,4.623,0.000,171,33612,1443,0
9868,16.516,5.928,5.486,0.081,0.007,0.354,0,14.410,4.816,0.000,0,320,0,0
9869,17.230,15.913,10.638,4.574,0.327,0.373,1,14.410,4.816,0.000,171,33612,1445,0
9870,16.130,6.399,5.866,0.081,0.007,0.446,0,12.233,4.596,0.000,0,320,0,0
9871,17.395,17.395,11.768,4.875,0.392,0.359,1,12.233,4.596,0.000,171,33612,1444,0
9872,15.975,6.722,6.273,0.081,0.005,0.363,0,13.909,4.820,0.000,0,324,0,0
9873,20.215,20.215,12.614,6.859,0.356,0.387,1,13.909,4.820,0.000,201,33028,1584,0
9874,13.152,5.584,5.228,0.080,0.007,0.269,0,14.148,4.931,0.000,0,328,0,0
9875,16.970,15.365,10.481,4.174,0.307,0.404,1,14.148,4.931,0.000,209,33104,1623,0
9876,16.400,5.448,4.901,0.080,0.005,0.461,0,12.365,4.580,0.000,0,328,0,0
9877,18.822,18.822,13.545,4.305,0.536,0.435,1,12.365,4.580,0.000,212,33174,1680,0
9878,14.545,5.367,4.909,0.081,0.005,0.372,0,12.905,4.929,0.000,0,328,0,0
9879,18.853,18.853,12.340,4.982,0.447,1.084,1,12.905,4.929,0.000,191,33442,1633,0
9880,14.512,5.340,4.902,0.083,0.005,0.349,0,15.058,5.049,0.000,0,328,0,0
9881,18.293,17.949,12.836,4.367,0.290,0.456,1,15.058,5.049,0.000,194,33454,1647,0
9882,15.074,6.219,5.683,0.084,0.007,0.445,0,13.046,4.706,0.000,0,336,0,0
9883,19.127,19.127,13.077,5.167,0.535,0.349,1,13.046,4.706,0.000,217,34858,1879,0
9884,14.246,5.820,5.391,0.086,0.006,0.337,0,14.279,5.119,0.000,0,336,0,0
9885,18.783,18.783,12.751,5.143,0.404,0.485,1,14.279,5.119,0.000,219,34866,1889,0
9886,14.575,5.954,5.508,0.086,0.006,0.354,0,15.691,5.357,0.000,0,336,0,0
9887,19.876,19.876,13.897,5.172,0.428,0.379,1,15.691,5.357,0.000,223,35616,1911,0
9888,13.491,5.468,5.003,0.082,0.005,0.378,0,13.540,5.270,0.000,0,336,0,0
9889,19.047,19.047,11.809,6.528,0.402,0.309,1,13.540,5.270,0.000,223,35616,1910,0
9890,14.324,5.304,4.893,0.085,0.005,0.320,0,15.001,5.185,0.000,0,348,0,0
9891,18.889,18.889,13.210,4.965,0.348,0.366,1,15.001,5.185,0.000,228,35635,1925,0
9892,14.476,6.167,5.844,0.089,0.006,0.228,0,13.842,4.888,0.000,0,356,0,0
9893,21.012,21.012,14.425,5.624,0.472,0.491,1,13.842,4.888,0.000,241,41041,2078,0
9894,12.359,6.195,5.734,0.091,0.006,0.363,0,14.820,6.461,0.000,0,364,0,0
9895,19.943,19.943,13.437,5.689,0.426,0.391,1,14.820,6.461,0.000,242,41185,2081,0
9896,13.421,5.725,5.171,0.087,0.006,0.462,0,14.516,6.674,0.000,0,364,0,0
9897,21.797,21.797,15.298,5.702,0.426,0.371,1,14.516,6.674,0.000,244,41793,2106,0
9898,11.567,5.683,5.275,0.089,0.006,0.314,0,14.251,6.327,0.000,0,364,0,0
9899,19.587,19.587,12.684,5.929,0.495,0.479,1,14.251,6.327,0.000,249,41999,2158,0
9900,13.784,5.753,5.352,0.091,0.006,0.306,0,17.975,7.098,0.000,0,368,0,0
9901,17.864,17.864,11.232,5.856,0.324,0.453,1,17.975,7.098,0.000,252,42219,2178,0
9902,15.506,5.916,5.219,0.087,0.006,0.605,0,17.749,6.032,0.000,0,368,0,0
9903,17.661,17.661,11.088,5.661,0.425,0.487,1,17.749,6.032,0.000,252,42219,2178,0
9904,15.704,5.516,4.998,0.090,0.004,0.423,0,17.437,6.069,0.000,0,368,0,0
9905,18.186,18.186,11.317,5.828,0.393,0.648,1,17.437,6.069,0.000,252,42219,2171,0
9906,15.179,5.435,4.948,0.087,0.005,0.394,0,18.577,6.918,0.000,0,368,0,0
9907,19.580,19.580,13.018,5.706,0.424,0.432,1,18.577,6.918,0.000,253,42223,2172,0
9908,13.786,6.125,5.460,0.099,0.007,0.558,0,14.564,6.045,0.000,0,372,0,0
9909,20.055,20.055,12.672,6.573,0.431,0.378,1,14.564,6.045,0.000,259,42365,2235,0
9910,13.311,5.631,5.187,0.088,0.005,0.351,0,17.287,6.378,0.000,0,372,0,0
9911,22.039,22.039,15.075,5.906,0.370,0.687,1,17.287,6.378,0.000,259,42365,2233,0
9912,11.329,5.837,5.335,0.091,0.005,0.405,0,15.148,6.960,0.000,0,376,0,0
9913,20.673,20.673,13.206,5.980,1.021,0.467,1,15.148,6.960,0.000,261,42373,2243,0
9914,12.690,5.874,5.182,0.093,0.006,0.593,0,17.593,6.333,0.000,0,380,0,0
9915,17.949,17.949,11.517,5.708,0.301,0.424,1,17.593,6.333,0.000,260,42373,2233,0
9916,15.419,6.132,5.633,0.091,0.005,0.403,0,16.715,5.984,0.000,0,380,0,0
9917,18.413,18.413,10.907,6.486,0.433,0.586,1,16.715,5.984,0.000,259,42381,2234,0
9918,14.958,6.072,5.592,0.092,0.005,0.383,0,17.341,6.011,0.000,0,380,0,0
9919,17.816,17.816,11.141,5.852,0.408,0.415,1,17.341,6.011,0.000,260,42385,2249,0
9920,15.550,5.788,5.137,0.091,0.005,0.555,0,17.834,6.083,0.000,0,380,0,0
9921,19.173,19.173,12.575,5.775,0.373,0.450,1,17.834,6.083,0.000,262,42389,2255,0
9922,14.191,5.575,5.077,0.092,0.004,0.402,0,14.600,6.469,0.000,0,384,0,0
9923,21.378,21.378,14.475,5.879,0.418,0.606,1,14.600,6.469,0.000,262,42389,2254,0
9924,11.983,5.808,5.350,0.092,0.004,0.361,0,15.263,6.209,0.000,0,384,0,0
9925,20.636,20.636,13.539,6.277,0.409,0.410,1,15.263,6.209,0.000,263,42393,2259,0
9926,12.734,5.868,5.263,0.094,0.005,0.506,0,17.107,6.296,0.000,0,388,0,0
9927,18.827,18.827,10.864,6.681,0.332,0.950,1,17.107,6.296,0.000,263,42393,2260,0
9928,14.540,5.543,5.089,0.096,0.005,0.352,0,16.256,6.082,0.000,0,388,0,0
9929,19.006,19.006,11.969,5.994,0.402,0.641,1,16.256,6.082,0.000,263,42393,2260,0
9930,14.362,6.274,5.699,0.093,0.006,0.476,0,17.789,6.117,0.000,0,388,0,0
9931,18.443,18.443,11.629,5.899,0.401,0.514,1,17.789,6.117,0.000,262,42389,2255,0
9932,14.929,5.742,5.028,0.091,0.005,0.618,0,17.698,5.979,0.000,0,384,0,0
9933,17.682,17.682,11.019,5.787,0.418,0.457,1,17.698,5.979,0.000,262,42389,2255,0
9934,15.686,5.481,4.962,0.093,0.009,0.417,0,18.039,6.103,0.000,0,384,0,0
9935,18.420,18.420,11.438,5.920,0.481,0.581,1,18.039,6.103,0.000,262,42389,2262,0
9936,14.942,5.468,4.945,0.092,0.007,0.425,0,18.508,6.123,0.000,0,384,0,0
9937,19.379,19.379,12.630,5.911,0.447,0.390,1,18.508,6.123,0.000,262,42389,2262,0
9938,13.984,5.872,5.228,0.094,0.005,0.544,0,15.278,6.009,0.000,0,384,0,0
9939,19.620,19.620,12.395,6.242,0.465,0.519,1,15.278,6.009,0.000,268,42497,2290,0
9940,13.752,5.593,5.049,0.095,0.005,0.444,0,18.683,6.568,0.000,0,396,0,0
9941,18.933,18.933,11.812,5.962,0.507,0.652,1,18.683,6.568,0.000,270,42509,2302,0
9942,14.428,6.388,5.905,0.100,0.007,0.376,0,18.719,6.604,0.000,0,396,0,0
9943,18.968,18.968,11.831,6.278,0.451,0.409,1,18.719,6.604,0.000,272,42521,2316,0
9944,14.410,5.916,5.206,0.095,0.005,0.610,0,17.935,6.880,0.000,0,396,0,0
9945,18.884,18.884,11.881,6.133,0.468,0.402,1,17.935,6.880,0.000,272,42521,2315,0
9946,14.479,5.630,5.194,0.095,0.006,0.335,0,17.584,6.969,0.000,0,396,0,0
9947,18.653,18.653,11.468,6.202,0.442,0.541,1,17.584,6.969,0.000,273,42525,2313,0
9948,14.703,8.076,7.587,0.094,0.006,0.390,0,18.047,6.155,0.000,0,396,0,0
9949,23.833,23.833,16.837,6.012,0.441,0.543,1,18.047,6.155,0.000,272,42521,2306,0
9950,9.533,6.096,5.444,0.095,0.006,0.551,0,15.286,6.746,0.000,0,392,0,0
9951,19.984,19.984,13.074,6.214,0.298,0.398,1,15.286,6.746,0.000,272,42521,2307,0
9952,13.390,5.805,5.332,0.094,0.007,0.372,0,18.678,6.424,0.000,0,392,0,0
9953,17.921,17.921,11.000,5.901,0.512,0.509,1,18.678,6.424,0.000,269,41693,2278,0
9954,15.449,5.390,4.967,0.092,0.005,0.326,0,18.475,5.981,0.000,0,384,0,0
9955,18.726,18.726,11.933,6.059,0.358,0.376,1,18.475,5.981,0.000,266,41682,2267,0
9956,14.635,5.934,5.213,0.091,0.006,0.624,0,16.379,6.668,0.000,0,384,0,0
9957,21.134,21.134,14.320,5.913,0.393,0.508,1,16.379,6.668,0.000,269,41682,2277,0
9958,12.234,5.723,5.163,0.092,0.005,0.463,0,14.493,6.344,0.000,0,384,0,0
9959,21.082,21.082,13.056,6.957,0.405,0.663,1,14.493,6.344,0.000,267,41674,2268,0
9960,12.286,5.983,5.441,0.093,0.006,0.443,0,18.507,6.411,0.000,0,384,0,0
9961,18.059,18.059,11.585,5.756,0.258,0.459,1,18.507,6.411,0.000,258,41558,2226,0
9962,15.305,6.460,5.780,0.092,0.005,0.584,0,16.874,5.886,0.000,0,380,0,0
9963,18.122,18.122,10.902,6.365,0.438,0.417,1,16.874,5.886,0.000,255,41546,2212,0
9964,15.245,6.167,5.677,0.091,0.008,0.391,0,16.635,6.125,0.000,0,376,0,0
9965,18.656,18.656,11.203,6.434,0.414,0.604,1,16.635,6.125,0.000,251,41390,2176,0
9966,14.705,8.358,7.791,0.093,0.008,0.466,0,17.212,6.268,0.000,0,376,0,0
9967,24.590,24.590,13.481,10.242,0.368,0.499,1,17.212,6.268,0.000,251,42366,2161,0
9968,8.800,6.331,5.606,0.094,0.005,0.626,0,16.443,6.547,0.000,0,372,0,0
9969,19.467,19.467,12.819,5.883,0.312,0.454,1,16.443,6.547,0.000,249,42354,2152,0
9970,13.904,5.638,5.096,0.086,0.005,0.451,0,17.760,6.455,0.000,0,360,0,0
9971,22.063,22.063,15.169,5.790,0.490,0.614,1,17.760,6.455,0.000,245,42330,2128,0
9972,11.297,7.310,6.816,0.089,0.007,0.398,0,14.754,6.497,0.000,0,360,0,0
9973,23.678,23.678,16.779,5.973,0.456,0.471,1,14.754,6.497,0.000,245,42330,2122,0
9974,9.692,7.561,6.738,0.094,0.009,0.720,0,14.359,6.496,0.000,0,360,0,0
9975,21.250,21.250,14.444,6.007,0.310,0.489,1,14.359,6.496,0.000,245,42330,2121,0
9976,12.114,6.690,6.101,0.090,0.006,0.493,0,18.395,7.155,0.000,0,360,0,0
9977,22.482,22.482,13.114,6.095,0.392,2.881,1,18.395,7.155,0.000,245,42330,2123,0
9978,11.510,11.510,10.997,0.090,0.007,0.417,0,19.093,6.554,0.000,0,360,0,0
9979,37.197,37.197,14.756,21.590,0.416,0.435,1,19.093,6.554,0.000,245,42330,2122,0
9980,7.118,7.118,6.470,0.088,0.005,0.554,0,14.356,6.035,0.000,0,360,0,0
9981,5.098,4.959,4.542,0.087,0.004,0.325,0,14.356,6.035,0.000,0,360,0,0
9982,31.696,31.696,12.890,17.957,0.506,0.343,1,14.356,6.035,0.000,236,42294,2079,0
9983,7.860,7.860,7.268,0.101,0.007,0.485,0,14.356,6.035,0.000,0,360,0,0
9984,42.518,42.518,20.129,21.515,0.467,0.406,1,23.669,5.968,0.000,244,42330,2121,0
9985,7.350,7.350,6.909,0.092,0.006,0.344,0,23.669,5.968,0.000,0,360,0,0
9986,5.303,5.303,4.780,0.088,0.005,0.430,0,21.772,5.899,0.000,0,360,0,0
9987,5.357,5.357,4.946,0.089,0.004,0.317,0,21.772,5.899,0.000,0,360,0,0
9988,35.118,35.118,13.858,19.991,0.967,0.301,1,17.300,6.173,0.000,244,42338,2129,0
9989,7.827,7.827,7.350,0.086,0.005,0.385,0,17.300,6.173,0.000,0,360,0,0
9990,7.108,6.309,5.950,0.086,0.003,0.269,0,17.300,6.173,0.000,0,360,0,0
9991,22.577,22.577,13.522,8.291,0.451,0.313,1,17.300,6.173,0.000,244,42338,2130,0
9992,11.880,11.880,11.231,0.088,0.005,0.555,0,18.158,6.291,0.000,0,360,0,0
9993,31.346,31.346,13.900,16.034,0.485,0.926,1,18.158,6.291,0.000,244,42338,2131,0
9994,13.041,13.041,12.343,0.096,0.006,0.596,0,15.341,14.152,0.000,0,360,0,0
9995,6.157,6.157,5.619,0.089,0.007,0.443,0,15.341,14.152,0.000,0,360,0,0
9996,22.186,22.186,14.516,6.704,0.524,0.443,1,15.341,14.152,0.000,243,41738,2118,0
9997,9.609,8.688,8.048,0.095,0.004,0.541,0,13.666,6.170,0.000,0,360,0,0
9998,18.681,18.681,11.721,6.120,0.354,0.486,1,13.666,6.170,0.000,243,41738,2118,0
9999,14.686,9.719,9.227,0.092,0.008,0.392,0,19.131,5.833,0.000,0,360,0,0
10000,32.172,32.172,24.368,6.390,0.886,0.528,1,20.205,5.781,0.000,243,41738,2118,0
10001,5.881,5.881,5.406,0.089,0.007,0.380,0,20.205,5.781,0.000,0,360,0,0
10002,20.477,20.477,13.536,6.121,0.410,0.410,1,20.205,5.781,0.000,243,41738,2117,0
10003,9.495,9.495,8.959,0.090,0.005,0.442,0,15.657,6.197,0.000,0,360,0,0
10004,24.891,24.891,16.652,7.544,0.346,0.349,1,15.657,6.197,0.000,244,41738,2120,0
10005,8.029,6.807,6.368,0.089,0.008,0.341,0,16.161,9.543,0.000,0,360,0,0
10006,30.974,30.974,19.336,10.832,0.356,0.450,1,16.161,9.543,0.000,244,41742,2123,0
10007,8.597,8.597,8.156,0.088,0.007,0.346,0,15.629,10.139,0.000,0,360,0,0
10008,17.693,17.693,11.232,5.766,0.352,0.343,1,15.629,10.139,0.000,244,41742,2123,0
10009,11.190,11.190,10.688,0.088,0.005,0.410,0,16.899,6.700,0.000,0,360,0,0
10010,25.290,25.290,16.631,7.714,0.487,0.459,1,16.899,6.700,0.000,244,41742,2124,0
10011,5.598,5.598,5.139,0.086,0.006,0.367,0,14.150,6.155,0.000,0,360,0,0
10012,21.534,21.534,15.223,5.475,0.305,0.532,1,14.150,6.155,0.000,244,41742,2124,0
10013,11.739,5.573,5.152,0.086,0.004,0.330,0,14.493,5.912,0.000,0,360,0,0
10014,19.290,19.290,12.971,5.551,0.418,0.349,1,14.493,5.912,0.000,245,41742,2126,0
10015,14.074,5.778,5.258,0.089,0.006,0.425,0,14.543,6.527,0.000,0,360,0,0
10016,18.775,18.775,12.640,5.338,0.430,0.367,1,14.543,6.527,0.000,244,41742,2123,0
10017,14.594,5.492,5.133,0.086,0.007,0.266,0,14.451,6.487,0.000,0,360,0,0
10018,19.178,19.178,13.035,5.373,0.409,0.361,1,14.451,6.487,0.000,244,41742,2124,0
10019,14.188,6.480,5.986,0.096,0.008,0.390,0,15.675,5.778,0.000,0,360,0,0
10020,41.656,41.656,30.962,9.855,0.470,0.369,1,16.749,7.275,0.000,244,41742,2124,0
10021,8.800,8.800,8.245,0.086,0.006,0.463,0,16.749,7.275,0.000,0,360,0,0
10022,7.166,7.166,6.736,0.088,0.006,0.337,0,16.749,7.275,0.000,0,360,0,0
10023,19.263,19.263,12.764,5.631,0.489,0.379,1,16.749,7.275,0.000,244,41742,2123,0
10024,6.741,6.741,6.191,0.089,0.020,0.441,0,16.284,6.724,0.000,0,360,0,0
10025,20.459,20.459,14.186,5.630,0.285,0.359,1,16.284,6.724,0.000,244,41742,2125,0
10026,12.698,5.714,5.301,0.088,0.005,0.320,0,14.909,6.761,0.000,0,360,0,0
10027,20.551,20.551,14.205,5.503,0.432,0.411,1,14.909,6.761,0.000,244,41742,2126,0
10028,12.814,6.179,5.736,0.087,0.004,0.351,0,13.789,6.116,0.000,0,360,0,0
10029,19.636,19.636,12.555,6.275,0.426,0.380,1,13.789,6.116,0.000,244,41742,2126,0
10030,13.731,6.447,5.885,0.091,0.007,0.464,0,13.914,5.883,0.000,0,360,0,0
10031,19.805,19.805,11.964,7.094,0.430,0.315,1,13.914,5.883,0.000,244,41742,2124,0
10032,13.560,6.180,5.815,0.095,0.007,0.264,0,15.871,6.318,0.000,0,360,0,0
10033,20.922,20.922,14.248,5.682,0.598,0.394,1,15.871,6.318,0.000,244,41742,2125,0
10034,12.446,6.510,6.077,0.157,0.007,0.269,0,15.814,6.511,0.000,0,360,0,0
10035,18.026,18.026,11.510,5.689,0.577,0.250,1,15.814,6.511,0.000,244,41742,2125,0
10036,15.356,5.657,5.273,0.087,0.006,0.291,0,16.394,6.296,0.000,0,360,0,0
10037,21.745,21.745,13.947,7.026,0.382,0.390,1,16.394,6.296,0.000,244,41742,2124,0
10038,11.641,5.607,5.178,0.088,0.005,0.337,0,13.856,6.319,0.000,0,360,0,0
10039,21.035,21.035,13.403,6.730,0.406,0.495,1,13.856,6.319,0.000,244,41742,2127,0
10040,12.306,7.493,7.031,0.090,0.006,0.367,0,17.456,6.004,0.000,0,360,0,0
10041,46.408,46.408,23.039,22.067,0.963,0.339,1,17.603,6.588,0.000,244,41742,2126,0
10042,5.584,5.584,5.075,0.087,0.005,0.417,0,17.603,6.588,0.000,0,360,0,0
10043,5.506,5.506,5.093,0.090,0.005,0.318,0,17.603,6.588,0.000,0,360,0,0
10044,52.962,52.962,19.377,32.789,0.460,0.336,1,14.279,6.915,0.000,247,41742,2135,0
10045,7.069,7.069,6.553,0.090,0.007,0.419,0,14.279,6.915,0.000,0,360,0,0
10046,5.123,5.123,4.559,0.086,0.005,0.473,0,14.279,6.915,0.000,0,360,0,0
10047,5.430,5.430,4.932,0.084,0.004,0.409,0,14.279,6.915,0.000,0,360,0,0
10048,5.393,5.073,4.432,0.084,0.004,0.554,0,14.279,6.915,0.000,0,360,0,0
10049,21.077,21.077,13.410,6.759,0.457,0.451,1,14.279,6.915,0.000,247,41742,2133,0
10050,12.275,9.986,7.366,2.215,0.007,0.398,0,16.559,6.419,0.000,0,360,0,0
10051,24.930,24.930,15.084,8.978,0.337,0.531,1,16.559,6.419,0.000,247,41742,2136,0
10052,8.457,6.669,6.191,0.090,0.006,0.383,0,16.917,5.942,0.000,0,360,0,0
10053,19.576,19.576,12.558,6.386,0.281,0.350,1,16.917,5.942,0.000,247,41742,2137,0
10054,13.793,5.826,5.331,0.088,0.006,0.401,0,16.383,6.151,0.000,0,360,0,0
10055,17.693,17.693,11.297,5.521,0.446,0.429,1,16.383,6.151,0.000,247,41742,2132,0
10056,15.659,5.763,5.316,0.090,0.005,0.352,0,18.090,6.610,0.000,0,360,0,0
10057,32.433,32.433,17.973,6.673,7.290,0.497,1,14.462,5.960,0.000,247,41742,2134,0
10058,5.959,5.959,5.511,0.091,0.007,0.350,0,14.462,5.960,0.000,0,360,0,0
10059,36.768,36.768,13.173,22.849,0.400,0.347,1,16.189,6.472,0.000,247,41742,2134,0
10060,6.821,6.821,6.298,0.089,0.007,0.427,0,16.189,6.472,0.000,0,360,0,0
10061,5.003,5.003,4.592,0.085,0.005,0.321,0,16.189,6.472,0.000,0,360,0,0
10062,26.720,26.720,16.207,9.716,0.479,0.318,1,16.189,6.472,0.000,242,40688,2081,0
10063,6.375,6.375,5.870,0.087,0.006,0.412,0,16.161,5.869,0.000,0,360,0,0
10064,21.339,21.339,11.451,9.182,0.280,0.426,1,16.161,5.869,0.000,239,40676,2063,0
10065,8.744,7.112,6.605,0.088,0.005,0.414,0,15.632,5.838,0.000,0,360,0,0
10066,19.632,19.632,11.681,7.012,0.398,0.541,1,15.632,5.838,0.000,239,40676,2064,0
10067,13.730,11.975,11.453,0.090,0.006,0.426,0,16.808,5.796,0.000,0,360,0,0
10068,20.673,20.673,13.668,6.197,0.430,0.378,1,16.808,5.796,0.000,239,40676,2064,0
10069,12.700,7.767,7.221,0.086,0.006,0.453,0,13.998,5.832,0.000,0,360,0,0
10070,22.993,22.993,13.608,8.443,0.507,0.434,1,13.998,5.832,0.000,239,40676,2063,0
10071,10.385,9.973,9.430,0.092,0.005,0.446,0,13.998,5.832,0.000,0,360,0,0
10072,20.189,20.189,13.146,6.216,0.381,0.446,1,20.251,5.746,0.000,239,40676,2064,0
10073,14.063,12.663,12.080,0.092,0.008,0.483,0,17.894,5.938,0.000,0,360,0,0
10074,29.257,29.257,13.272,15.094,0.437,0.454,1,17.894,5.938,0.000,239,40676,2064,0
10075,5.839,5.839,5.201,0.088,0.005,0.546,0,17.894,5.938,0.000,0,360,0,0
10076,26.201,26.201,18.017,7.412,0.346,0.426,1,19.493,7.090,0.000,239,40676,2063,0
10077,5.555,5.555,5.128,0.087,0.005,0.336,0,14.711,6.448,0.000,0,360,0,0
10078,17.660,17.660,11.282,5.300,0.424,0.654,1,14.711,6.448,0.000,239,40676,2065,0
10079,14.667,11.684,11.183,0.092,0.007,0.402,0,15.414,6.264,0.000,0,360,0,0
10080,28.314,28.314,16.743,10.749,0.435,0.387,1,15.414,6.264,0.000,239,40676,2064,0
10081,6.014,6.014,5.509,0.086,0.006,0.413,0,15.414,6.264,0.000,0,360,0,0
10082,45.128,45.128,20.607,23.780,0.326,0.415,1,21.564,6.011,0.000,239,40676,2064,0
10083,6.761,6.761,6.283,0.087,0.007,0.383,0,12.725,5.858,0.000,0,360,0,0
10084,9.414,9.414,8.823,0.088,0.004,0.499,0,12.725,5.858,0.000,0,360,0,0
10085,5.759,5.759,5.359,0.087,0.004,0.309,0,12.725,5.858,0.000,0,360,0,0
10086,19.028,19.028,12.601,5.689,0.426,0.312,1,12.725,5.858,0.000,247,40712,2106,0
10087,13.064,6.396,5.873,0.090,0.007,0.426,0,15.767,6.167,0.000,0,360,0,0
10088,18.427,18.427,11.581,6.205,0.302,0.339,1,15.767,6.167,0.000,245,40716,2114,0
10089,14.949,5.376,5.029,0.087,0.006,0.255,0,15.965,5.765,0.000,0,364,0,0
10090,20.354,20.354,13.530,6.079,0.347,0.398,1,15.965,5.765,0.000,246,40716,2117,0
10091,13.008,5.557,5.078,0.090,0.005,0.384,0,17.838,6.100,0.000,0,364,0,0
10092,20.504,20.504,13.346,6.250,0.418,0.490,1,17.838,6.100,0.000,246,40716,2116,0
10093,12.877,5.693,5.250,0.088,0.005,0.350,0,17.835,6.158,0.000,0,364,0,0
10094,23.711,23.711,17.054,5.950,0.362,0.345,1,17.835,6.158,0.000,246,40716,2119,0
10095,9.633,5.527,5.058,0.089,0.007,0.373,0,17.300,10.087,0.000,0,364,0,0
10096,17.499,17.499,11.296,5.581,0.329,0.293,1,17.300,10.087,0.000,246,40716,2120,0
10097,15.877,5.588,5.199,0.090,0.006,0.293,0,16.384,6.534,0.000,0,364,0,0
10098,18.886,18.886,12.359,5.671,0.454,0.402,1,16.384,6.534,0.000,246,40716,2119,0
10099,14.467,6.611,6.194,0.093,0.005,0.319,0,16.284,6.186,0.000,0,364,0,0
10100,18.331,18.331,11.175,6.277,0.384,0.495,1,16.284,6.186,0.000,246,40716,2120,0
10101,15.041,6.286,5.591,0.107,0.005,0.583,0,17.035,5.769,0.000,0,364,0,0
10102,17.499,17.499,10.763,5.824,0.424,0.488,1,17.035,5.769,0.000,246,40716,2121,0
10103,15.894,5.452,4.913,0.088,0.007,0.444,0,17.279,5.763,0.000,0,364,0,0
10104,18.005,18.005,11.386,5.599,0.427,0.593,1,17.279,5.763,0.000,246,40716,2120,0
10105,15.345,5.701,5.061,0.088,0.008,0.544,0,20.776,5.890,0.000,0,364,0,0
10106,20.375,20.375,13.747,5.678,0.458,0.492,1,20.776,5.890,0.000,246,40716,2119,0
10107,12.984,6.430,5.830,0.090,0.005,0.505,0,14.857,6.016,0.000,0,364,0,0
10108,20.402,20.402,13.150,6.461,0.409,0.382,1,14.857,6.016,0.000,246,40716,2120,0
10109,12.956,5.755,5.199,0.093,0.007,0.456,0,16.366,6.068,0.000,0,364,0,0
10110,18.945,18.945,12.263,5.722,0.313,0.646,1,16.366,6.068,0.000,246,40716,2120,0
10111,14.424,5.599,5.053,0.087,0.009,0.450,0,17.512,6.040,0.000,0,360,0,0
10112,20.986,20.986,14.306,5.715,0.468,0.497,1,17.512,6.040,0.000,243,40704,2106,0
10113,12.380,5.741,5.146,0.084,0.004,0.506,0,14.468,6.746,0.000,0,344,0,0
10114,16.778,16.778,10.668,5.402,0.313,0.395,1,14.468,6.746,0.000,241,40692,2100,0
10115,16.594,5.562,5.114,0.085,0.005,0.358,0,17.385,5.696,0.000,0,344,0,0
10116,17.347,17.347,10.964,5.503,0.409,0.471,1,17.385,5.696,0.000,239,40688,2092,0
10117,16.022,5.581,5.145,0.083,0.006,0.347,0,17.750,5.790,0.000,0,344,0,0
10118,16.994,16.994,10.706,5.440,0.384,0.464,1,17.750,5.790,0.000,238,40684,2088,0
10119,16.368,5.832,5.251,0.083,0.006,0.493,0,16.881,5.731,0.000,0,340,0,0
10120,16.756,16.756,10.575,5.334,0.449,0.398,1,16.881,5.731,0.000,236,40672,2084,0
10121,16.612,5.356,4.875,0.106,0.005,0.370,0,16.725,5.831,0.000,0,336,0,0
10122,20.010,20.010,13.375,5.646,0.497,0.492,1,16.725,5.831,0.000,235,40668,2077,0
10123,13.354,6.314,5.900,0.084,0.006,0.325,0,14.777,5.740,0.000,0,336,0,0
10124,18.977,18.977,12.666,5.558,0.418,0.334,1,14.777,5.740,0.000,233,40656,2052,0
10125,14.387,5.595,5.173,0.084,0.005,0.333,0,14.288,6.516,0.000,0,336,0,0
10126,17.859,17.859,11.951,5.174,0.443,0.292,1,14.288,6.516,0.000,230,40632,2033,0
10127,15.520,5.584,5.138,0.086,0.007,0.353,0,13.855,6.365,0.000,0,332,0,0
10128,20.549,20.549,14.398,5.311,0.421,0.418,1,13.855,6.365,0.000,228,40624,2027,0
10129,12.806,5.440,5.011,0.081,0.006,0.343,0,13.531,5.811,0.000,0,332,0,0
10130,18.680,18.680,12.116,5.839,0.413,0.312,1,13.531,5.811,0.000,227,40616,2018,0
10131,14.686,6.095,5.566,0.080,0.005,0.444,0,13.318,5.748,0.000,0,332,0,0
10132,18.118,18.118,12.037,5.323,0.466,0.292,1,13.318,5.748,0.000,227,40616,2015,0
10133,15.260,5.486,5.140,0.057,0.005,0.284,0,16.994,6.112,0.000,0,220,0,0
10134,17.271,17.271,10.619,5.708,0.600,0.345,1,16.994,6.112,0.000,184,43655,1736,0
10135,16.097,5.886,5.588,0.060,0.009,0.229,0,16.613,6.533,0.000,0,220,0,0
10136,18.671,18.671,13.033,4.699,0.484,0.455,1,16.613,6.533,0.000,184,43655,1741,0
10137,14.688,7.777,7.226,0.062,0.006,0.483,0,15.331,6.527,0.000,0,220,0,0
10138,19.122,19.122,12.822,5.486,0.424,0.391,1,15.331,6.527,0.000,184,43655,1740,0
10139,14.241,6.376,5.959,0.057,0.006,0.355,0,14.231,6.571,0.000,0,220,0,0
10140,17.835,17.835,11.983,4.771,0.534,0.547,1,14.231,6.571,0.000,184,43655,1739,0
10141,15.538,6.787,6.297,0.063,0.007,0.420,0,18.151,6.473,0.000,0,220,0,0
10142,18.799,18.799,13.117,4.841,0.407,0.434,1,18.151,6.473,0.000,184,43655,1740,0
10143,14.564,6.908,6.407,0.059,0.006,0.435,0,14.240,7.255,0.000,0,220,0,0
10144,18.489,18.489,12.680,4.988,0.450,0.372,1,14.240,7.255,0.000,184,43655,1740,0
10145,14.879,6.399,5.980,0.059,0.006,0.354,0,16.821,6.855,0.000,0,220,0,0
10146,17.318,17.318,11.710,4.774,0.422,0.412,1,16.821,6.855,0.000,184,43655,1740,0
10147,16.057,6.411,6.051,0.060,0.008,0.293,0,16.212,6.514,0.000,0,220,0,0
10148,18.858,18.858,13.196,4.874,0.458,0.330,1,16.212,6.514,0.000,184,43655,1739,0
10149,14.497,7.678,7.199,0.082,0.007,0.390,0,15.240,6.784,0.000,0,220,0,0
10150,19.040,19.040,13.577,4.765,0.392,0.307,1,15.240,6.784,0.000,184,43655,1740,0
10151,14.325,6.072,5.339,0.056,0.006,0.671,0,13.711,6.509,0.000,0,220,0,0
10152,17.781,17.781,11.979,4.942,0.448,0.411,1,13.711,6.509,0.000,184,43655,1740,0
10153,15.600,5.815,5.444,0.058,0.007,0.306,0,17.166,6.890,0.000,0,220,0,0
10154,18.318,18.183,12.459,4.863,0.471,0.390,1,17.166,6.890,0.000,184,43655,1740,0
10155,15.038,8.454,7.967,0.061,0.008,0.418,0,15.579,7.082,0.000,0,220,0,0
10156,18.448,18.448,12.822,4.871,0.387,0.368,1,15.579,7.082,0.000,184,43655,1739,0
10157,14.916,11.174,10.737,0.059,0.005,0.372,0,15.631,6.766,0.000,0,216,0,0
10158,19.443,19.443,13.502,5.031,0.439,0.471,1,15.631,6.766,0.000,183,43651,1741,0
10159,13.928,5.668,5.262,0.059,0.009,0.338,0,16.752,7.230,0.000,0,216,0,0
10160,17.724,17.724,12.067,4.798,0.473,0.386,1,16.752,7.230,0.000,183,43651,1740,0
10161,15.642,6.247,5.807,0.057,0.006,0.376,0,15.811,6.650,0.000,0,216,0,0
10162,17.261,17.261,11.190,5.411,0.346,0.313,1,15.811,6.650,0.000,183,43651,1740,0
10163,16.112,6.284,5.805,0.065,0.008,0.406,0,15.536,6.527,0.000,0,216,0,0
10164,20.204,20.204,14.256,4.907,0.469,0.570,1,15.536,6.527,0.000,183,43651,1739,0
10165,13.152,6.357,5.951,0.056,0.006,0.345,0,15.277,6.744,0.000,0,216,0,0
10166,18.492,18.492,13.140,4.599,0.369,0.384,1,15.277,6.744,0.000,183,43651,1740,0
10167,14.872,6.997,6.477,0.056,0.005,0.459,0,14.695,6.467,0.000,0,216,0,0
10168,17.788,17.788,12.014,4.900,0.460,0.414,1,14.695,6.467,0.000,183,43651,1741,0
10169,15.586,6.045,5.388,0.057,0.010,0.590,0,16.933,6.869,0.000,0,216,0,0
10170,18.501,18.261,12.780,4.674,0.308,0.499,1,16.933,6.869,0.000,183,43651,1740,0
10171,14.863,6.965,6.602,0.057,0.006,0.300,0,14.403,6.935,0.000,0,216,0,0
10172,19.176,19.176,12.011,5.545,1.191,0.428,1,14.403,6.935,0.000,183,43651,1739,0
10173,14.195,5.767,5.254,0.057,0.006,0.449,0,16.365,6.795,0.000,0,216,0,0
10174,17.041,17.041,11.562,4.761,0.377,0.342,1,16.365,6.795,0.000,183,43651,1740,0
10175,16.321,6.294,5.898,0.061,0.005,0.330,0,15.891,6.495,0.000,0,220,0,0
10176,17.985,17.985,11.356,5.720,0.492,0.417,1,15.891,6.495,0.000,184,43655,1753,0
10177,15.391,5.550,5.180,0.057,0.010,0.303,0,18.608,6.554,0.000,0,220,0,0
10178,16.770,16.770,11.294,4.708,0.442,0.326,1,18.608,6.554,0.000,184,43655,1749,0
10179,16.599,7.113,6.733,0.057,0.007,0.316,0,16.133,7.286,0.000,0,220,0,0
10180,17.978,17.978,12.647,4.709,0.332,0.289,1,16.133,7.286,0.000,184,43655,1747,0
10181,15.374,7.722,7.252,0.063,0.006,0.400,0,15.019,6.666,0.000,0,220,0,0
10182,16.914,16.914,11.183,4.597,0.533,0.601,1,15.019,6.666,0.000,184,43655,1748,0
10183,16.468,6.912,6.440,0.072,0.009,0.391,0,18.473,6.502,0.000,0,220,0,0
10184,17.938,17.938,12.278,4.821,0.425,0.413,1,18.473,6.502,0.000,184,43655,1746,0
10185,15.424,5.915,5.364,0.059,0.007,0.485,0,16.350,6.801,0.000,0,220,0,0
10186,17.814,17.814,12.237,4.728,0.461,0.389,1,16.350,6.801,0.000,184,43655,1746,0
10187,15.567,5.770,5.344,0.059,0.006,0.361,0,15.948,6.520,0.000,0,220,0,0
10188,18.840,18.840,12.417,5.511,0.422,0.490,1,15.948,6.520,0.000,184,43655,1745,0
10189,14.509,5.940,5.441,0.138,0.006,0.355,0,16.629,6.667,0.000,0,220,0,0
10190,17.922,17.922,12.180,4.756,0.410,0.576,1,16.629,6.667,0.000,184,43655,1746,0
10191,15.448,6.588,5.902,0.062,0.005,0.619,0,16.687,6.555,0.000,0,220,0,0
10192,17.278,17.278,10.941,5.406,0.471,0.461,1,16.687,6.555,0.000,184,43655,1746,0
10193,16.087,6.448,5.835,0.060,0.009,0.543,0,16.151,6.561,0.000,0,220,0,0
10194,17.333,17.333,11.020,5.511,0.397,0.406,1,16.151,6.561,0.000,184,43655,1739,0
10195,16.038,6.347,5.887,0.063,0.009,0.388,0,15.895,6.550,0.000,0,220,0,0
10196,17.891,17.891,11.488,5.451,0.421,0.531,1,15.895,6.550,0.000,184,43655,1738,0
10197,15.472,6.318,5.264,0.058,0.010,0.987,0,16.574,6.467,0.000,0,220,0,0
10198,16.767,16.767,11.352,4.587,0.459,0.369,1,16.574,6.467,0.000,184,43655,1739,0
10199,16.600,6.221,5.447,0.059,0.008,0.707,0,16.760,6.517,0.000,0,220,0,0
10200,16.921,16.921,11.289,4.670,0.536,0.425,1,16.760,6.517,0.000,184,43655,1740,0
10201,16.451,7.142,6.668,0.064,0.012,0.398,0,17.363,6.494,0.000,0,220,0,0
10202,17.105,17.105,11.326,4.847,0.421,0.511,1,17.363,6.494,0.000,184,43655,1739,0
10203,16.265,5.337,4.936,0.058,0.006,0.336,0,17.197,7.181,0.000,0,220,0,0
10204,16.702,16.702,11.123,4.792,0.412,0.376,1,17.197,7.181,0.000,184,43655,1738,0
10205,16.661,7.635,7.124,0.056,0.006,0.449,0,15.765,7.127,0.000,0,220,0,0
10206,18.235,18.056,12.711,4.589,0.386,0.371,1,15.765,7.127,0.000,182,43655,1731,0
10207,15.122,7.987,7.530,0.060,0.014,0.383,0,14.709,7.149,0.000,0,220,0,0
10208,17.611,17.611,11.457,5.119,0.413,0.623,1,14.709,7.149,0.000,182,43655,1731,0
10209,15.774,5.447,4.975,0.057,0.006,0.409,0,17.331,7.433,0.000,0,220,0,0
10210,16.860,16.860,11.396,4.623,0.401,0.440,1,17.331,7.433,0.000,184,43655,1737,0
10211,16.489,5.913,5.359,0.059,0.004,0.491,0,16.608,6.540,0.000,0,220,0,0
10212,16.805,16.805,11.421,4.592,0.413,0.379,1,16.608,6.540,0.000,184,43655,1736,0
10213,16.568,5.635,5.224,0.060,0.006,0.345,0,16.823,6.600,0.000,0,220,0,0
10214,19.006,19.006,13.524,4.606,0.389,0.488,1,16.823,6.600,0.000,184,43655,1740,0
10215,14.357,5.857,5.510,0.056,0.006,0.286,0,14.088,6.702,0.000,0,220,0,0
10216,18.349,18.349,13.002,4.586,0.439,0.322,1,14.088,6.702,0.000,184,43655,1740,0
10217,15.018,6.119,5.511,0.059,0.007,0.543,0,13.778,6.410,0.000,0,220,0,0
10218,18.996,18.996,12.541,5.530,0.506,0.419,1,13.778,6.410,0.000,184,43655,1740,0
10219,14.371,5.793,5.348,0.061,0.008,0.375,0,16.546,6.857,0.000,0,220,0,0
10220,17.417,17.417,11.215,5.282,0.314,0.606,1,16.546,6.857,0.000,184,43655,1739,0
10221,15.949,6.016,5.602,0.058,0.009,0.347,0,16.322,6.561,0.000,0,220,0,0
10222,17.143,17.143,10.984,5.375,0.418,0.366,1,16.322,6.561,0.000,184,43655,1741,0
10223,16.223,6.506,5.994,0.059,0.006,0.448,0,15.750,6.521,0.000,0,220,0,0
10224,16.964,16.964,11.493,4.707,0.425,0.339,1,15.750,6.521,0.000,184,43655,1740,0
10225,16.404,6.765,6.274,0.065,0.006,0.420,0,15.740,6.455,0.000,0,220,0,0
10226,17.297,17.297,11.512,4.786,0.415,0.584,1,15.740,6.455,0.000,184,43655,1740,0
10227,16.072,6.181,5.729,0.058,0.009,0.385,0,16.649,6.495,0.000,0,220,0,0
10228,19.565,19.565,13.695,5.002,0.439,0.429,1,16.649,6.495,0.000,184,43655,1739,0
10229,13.795,7.148,6.609,0.058,0.007,0.473,0,15.406,6.748,0.000,0,220,0,0
10230,17.568,17.568,12.099,4.663,0.367,0.439,1,15.406,6.748,0.000,184,43655,1741,0
10231,15.803,7.294,6.919,0.059,0.005,0.311,0,14.627,6.692,0.000,0,220,0,0
10232,17.989,17.989,12.495,4.667,0.412,0.416,1,14.627,6.692,0.000,184,43655,1741,0
10233,15.370,6.762,6.459,0.057,0.004,0.240,0,14.043,6.373,0.000,0,220,0,0
10234,17.353,17.353,12.015,4.687,0.372,0.279,1,14.043,6.373,0.000,184,43655,1741,0
10235,16.013,7.841,7.289,0.103,0.006,0.443,0,14.283,6.878,0.000,0,220,0,0
10236,18.554,18.554,13.150,4.705,0.368,0.331,1,14.283,6.878,0.000,184,43655,1739,0
10237,14.816,6.323,5.958,0.056,0.005,0.304,0,13.729,6.978,0.000,0,220,0,0
10238,17.750,17.750,11.986,4.843,0.457,0.464,1,13.729,6.978,0.000,184,43655,1741,0
10239,15.616,9.095,8.708,0.059,0.009,0.320,0,15.737,7.420,0.000,0,220,0,0
10240,17.642,17.642,12.274,4.669,0.378,0.321,1,15.737,7.420,0.000,184,43655,1741,0
10241,15.726,7.451,7.033,0.056,0.006,0.356,0,14.073,7.119,0.000,0,220,0,0
10242,17.076,16.437,11.101,4.569,0.463,0.304,1,14.073,7.119,0.000,184,43655,1741,0
10243,16.287,9.247,8.847,0.070,0.007,0.323,0,15.861,6.482,0.000,0,220,0,0
10244,17.926,17.926,11.827,4.954,0.418,0.726,1,15.861,6.482,0.000,184,43655,1740,0
10245,15.448,5.535,5.017,0.060,0.006,0.451,0,18.139,6.827,0.000,0,220,0,0
10246,18.481,18.481,12.992,4.583,0.443,0.463,1,18.139,6.827,0.000,184,43655,1742,0
10247,14.880,6.145,5.534,0.061,0.005,0.545,0,14.121,6.457,0.000,0,220,0,0
10248,19.429,19.429,13.612,4.963,0.395,0.459,1,14.121,6.457,0.000,184,43655,1742,0
10249,13.941,5.651,5.160,0.059,0.010,0.422,0,17.571,6.822,0.000,0,220,0,0
10250,18.475,18.475,11.402,5.428,1.080,0.565,1,17.571,6.822,0.000,184,43655,1743,0
10251,14.892,5.434,5.008,0.059,0.008,0.360,0,16.985,6.560,0.000,0,220,0,0
10252,17.575,17.575,11.976,4.827,0.354,0.418,1,16.985,6.560,0.000,184,43655,1741,0
10253,15.792,6.500,5.796,0.057,0.008,0.639,0,16.039,6.547,0.000,0,220,0,0
10254,17.417,17.417,11.782,4.750,0.397,0.487,1,16.039,6.547,0.000,185,43655,1744,0
10255,15.951,6.501,5.973,0.061,0.008,0.458,0,16.384,6.654,0.000,0,220,0,0
10256,17.634,17.634,11.889,4.687,0.409,0.650,1,16.384,6.654,0.000,184,43655,1740,0
10257,15.732,6.246,5.719,0.064,0.010,0.452,0,17.022,6.639,0.000,0,224,0,0
10258,19.711,19.711,10.850,7.934,0.489,0.438,1,17.022,6.639,0.000,185,43659,1755,0
10259,13.666,7.006,6.431,0.061,0.006,0.507,0,20.595,6.753,0.000,0,224,0,0
10260,17.131,17.131,11.440,4.936,0.329,0.426,1,20.595,6.753,0.000,185,43659,1750,0
10261,16.228,5.859,5.360,0.063,0.007,0.430,0,17.334,6.613,0.000,0,224,0,0
10262,16.866,16.866,11.112,4.706,0.430,0.618,1,17.334,6.613,0.000,185,43659,1751,0
10263,16.508,5.440,5.001,0.059,0.006,0.374,0,17.261,6.518,0.000,0,224,0,0
10264,17.382,17.382,11.617,4.826,0.519,0.419,1,17.261,6.518,0.000,185,43659,1752,0
10265,15.969,8.946,8.430,0.059,0.005,0.451,0,16.075,6.499,0.000,0,224,0,0
10266,19.187,19.187,13.098,5.362,0.394,0.333,1,16.075,6.499,0.000,185,43659,1751,0
10267,14.181,5.741,5.385,0.059,0.005,0.292,0,13.693,6.437,0.000,0,224,0,0
10268,17.809,17.809,12.028,4.859,0.447,0.475,1,13.693,6.437,0.000,185,43659,1750,0
10269,15.558,7.151,6.844,0.062,0.006,0.239,0,16.677,7.379,0.000,0,224,0,0
10270,18.831,18.831,13.183,4.918,0.447,0.283,1,16.677,7.379,0.000,185,43659,1751,0
10271,14.540,6.667,6.122,0.060,0.008,0.477,0,16.890,6.844,0.000,0,224,0,0
10272,17.220,17.220,11.749,4.800,0.321,0.351,1,16.890,6.844,0.000,185,43659,1751,0
10273,16.145,6.335,5.952,0.059,0.010,0.315,0,15.885,6.591,0.000,0,224,0,0
10274,17.442,17.442,11.822,4.769,0.409,0.442,1,15.885,6.591,0.000,186,43659,1753,0
10275,15.935,6.145,5.081,0.056,0.006,1.002,0,16.315,6.590,0.000,0,224,0,0
10276,18.170,18.170,12.682,4.676,0.486,0.326,1,16.315,6.590,0.000,185,43659,1750,0
10277,15.182,8.001,7.584,0.064,0.008,0.346,0,14.716,7.264,0.000,0,224,0,0
10278,16.685,16.685,11.096,4.914,0.403,0.272,1,14.716,7.264,0.000,185,43659,1753,0
10279,16.692,5.965,5.639,0.059,0.006,0.261,0,16.077,6.652,0.000,0,224,0,0
10280,21.012,21.012,14.557,5.318,0.454,0.684,1,16.077,6.652,0.000,185,43659,1753,0
10281,12.364,6.355,5.905,0.059,0.006,0.384,0,14.837,6.808,0.000,0,224,0,0
10282,19.507,19.507,11.914,6.748,0.424,0.422,1,14.837,6.808,0.000,185,43659,1753,0
10283,13.862,6.156,5.553,0.059,0.007,0.537,0,16.971,6.848,0.000,0,224,0,0
10284,18.856,18.856,11.856,5.617,0.282,1.102,1,16.971,6.848,0.000,185,43659,1752,0
10285,14.495,5.954,5.476,0.060,0.007,0.411,0,16.794,6.816,0.000,0,224,0,0
10286,17.907,17.907,11.850,5.032,0.438,0.588,1,16.794,6.816,0.000,185,43659,1753,0
10287,15.671,6.349,5.889,0.060,0.008,0.391,0,17.546,6.669,0.000,0,224,0,0
10288,20.294,20.294,14.315,5.021,0.420,0.538,1,17.546,6.669,0.000,185,43659,1753,0
10289,12.859,7.086,6.549,0.059,0.005,0.473,0,14.758,7.459,0.000,0,224,0,0
10290,18.796,18.796,12.838,5.138,0.435,0.386,1,14.758,7.459,0.000,185,43659,1753,0
10291,14.573,6.523,6.059,0.064,0.006,0.395,0,16.634,6.940,0.000,0,224,0,0
10292,20.035,20.035,14.135,4.875,0.513,0.513,1,16.634,6.940,0.000,185,43659,1752,0
10293,13.326,6.382,5.956,0.058,0.006,0.363,0,15.088,6.814,0.000,0,224,0,0
10294,20.881,20.881,14.852,5.025,0.441,0.563,1,15.088,6.814,0.000,185,43659,1753,0
10295,12.486,7.309,6.842,0.060,0.007,0.399,0,15.741,6.808,0.000,0,224,0,0
10296,18.662,18.662,11.447,6.349,0.435,0.431,1,15.741,6.808,0.000,185,43659,1753,0
10297,14.713,6.339,5.691,0.058,0.009,0.581,0,17.456,6.702,0.000,0,224,0,0
10298,19.711,19.711,13.812,4.851,0.573,0.475,1,17.456,6.702,0.000,185,43659,1753,0
10299,13.650,6.541,6.073,0.058,0.004,0.405,0,14.418,7.294,0.000,0,224,0,0
10300,19.291,19.291,13.587,4.704,0.427,0.574,1,14.418,7.294,0.000,185,43659,1756,0
10301,14.074,6.116,5.636,0.057,0.006,0.417,0,14.211,7.162,0.000,0,224,0,0
10302,18.082,18.082,12.722,4.652,0.320,0.388,1,14.211,7.162,0.000,185,43659,1755,0
10303,15.284,7.218,6.698,0.058,0.005,0.456,0,14.089,7.124,0.000,0,224,0,0
10304,17.530,17.530,11.202,5.406,0.458,0.464,1,14.089,7.124,0.000,185,43659,1756,0
10305,15.839,6.901,6.519,0.065,0.008,0.309,0,17.156,7.228,0.000,0,224,0,0
10306,19.987,19.987,14.033,4.965,0.448,0.541,1,17.156,7.228,0.000,186,43659,1758,0
10307,13.375,6.302,5.873,0.056,0.008,0.365,0,15.170,6.677,0.000,0,224,0,0
10308,18.373,18.373,12.924,4.690,0.374,0.384,1,15.170,6.677,0.000,185,43659,1756,0
10309,15.010,7.203,6.669,0.058,0.006,0.470,0,14.019,6.695,0.000,0,224,0,0
10310,19.549,19.549,12.785,5.863,0.456,0.446,1,14.019,6.695,0.000,185,43659,1755,0
10311,13.808,5.713,5.227,0.058,0.007,0.422,0,17.112,6.834,0.000,0,224,0,0
10312,20.510,20.510,14.630,4.848,0.319,0.712,1,17.112,6.834,0.000,185,43659,1756,0
10313,12.853,5.987,5.539,0.059,0.007,0.383,0,14.862,6.763,0.000,0,224,0,0
10314,18.658,18.658,13.191,4.680,0.395,0.392,1,14.862,6.763,0.000,185,43659,1756,0
10315,14.707,7.314,6.756,0.058,0.005,0.495,0,14.346,7.082,0.000,0,224,0,0
10316,19.302,19.302,12.752,5.617,0.450,0.483,1,14.346,7.082,0.000,185,43659,1756,0
10317,14.066,5.876,5.362,0.065,0.007,0.443,0,17.044,6.799,0.000,0,224,0,0
10318,17.441,17.441,10.857,5.532,0.427,0.625,1,17.044,6.799,0.000,185,43659,1761,0
10319,15.926,6.506,6.000,0.065,0.008,0.433,0,17.174,6.518,0.000,0,224,0,0
10320,17.346,17.346,11.714,4.846,0.371,0.416,1,17.174,6.518,0.000,185,43659,1762,0
10321,16.020,6.519,5.933,0.062,0.005,0.519,0,16.336,6.575,0.000,0,224,0,0
10322,17.356,17.356,10.937,5.576,0.410,0.433,1,16.336,6.575,0.000,185,43659,1762,0
10323,16.009,7.233,6.819,0.066,0.005,0.343,0,16.148,6.500,0.000,0,228,0,0
10324,22.938,22.938,10.702,10.935,0.735,0.567,1,16.148,6.500,0.000,186,43663,1776,0
10325,10.428,10.320,9.758,0.064,0.008,0.490,0,16.148,6.500,0.000,0,228,0,0
10326,24.301,24.301,12.949,10.474,0.384,0.495,1,14.324,1.661,1.863,187,43663,1441,25854
10327,9.062,6.640,5.931,0.059,0.007,0.644,0,14.324,1.661,1.863,0,228,0,0
10328,17.966,17.966,12.332,4.731,0.360,0.543,1,14.324,1.661,0.000,186,43663,1770,0
10329,15.409,7.313,6.731,0.066,0.009,0.506,0,18.799,6.657,0.000,0,228,0,0
10330,18.788,18.788,11.533,5.551,1.110,0.595,1,18.799,6.657,0.000,186,43663,1772,0
10331,14.577,5.696,5.197,0.061,0.007,0.432,0,17.073,6.663,0.000,0,228,0,0
10332,19.609,19.609,13.642,4.978,0.527,0.461,1,17.073,6.663,0.000,186,43663,1771,0
10333,13.755,6.910,6.222,0.058,0.005,0.625,0,14.684,7.320,0.000,0,228,0,0
10334,18.941,18.941,12.751,5.142,0.441,0.608,1,14.684,7.320,0.000,186,43663,1771,0
10335,14.428,6.480,5.910,0.059,0.008,0.503,0,17.506,7.035,0.000,0,228,0,0
10336,17.817,17.817,11.879,4.790,0.458,0.691,1,17.506,7.035,0.000,186,43663,1770,0
10337,15.557,6.263,5.665,0.062,0.005,0.531,0,17.235,6.773,0.000,0,228,0,0
10338,18.082,18.082,12.151,4.935,0.470,0.527,1,17.235,6.773,0.000,186,43663,1771,0
10339,15.279,6.004,5.309,0.061,0.005,0.629,0,17.749,6.773,0.000,0,228,0,0
10340,17.736,17.736,11.859,4.828,0.509,0.539,1,17.749,6.773,0.000,186,43663,1772,0
10341,15.646,5.690,5.191,0.063,0.011,0.425,0,18.551,6.601,0.000,0,228,0,0
10342,20.868,20.868,14.890,4.884,0.438,0.656,1,18.551,6.601,0.000,186,43663,1771,0
10343,12.479,8.515,7.993,0.059,0.006,0.456,0,14.680,6.673,0.000,0,228,0,0
10344,18.745,18.745,13.091,4.804,0.395,0.455,1,14.680,6.673,0.000,186,43663,1770,0
10345,14.625,6.815,6.179,0.057,0.005,0.574,0,14.466,7.105,0.000,0,228,0,0
10346,19.425,19.425,12.561,5.861,0.500,0.503,1,14.466,7.105,0.000,186,43663,1771,0
10347,13.943,5.681,5.205,0.061,0.007,0.409,0,16.980,6.838,0.000,0,228,0,0
10348,17.566,17.566,11.792,4.792,0.326,0.656,1,16.980,6.838,0.000,186,43663,1771,0
10349,15.801,6.274,5.771,0.062,0.008,0.432,0,16.902,6.569,0.000,0,228,0,0
10350,17.445,17.445,11.774,4.824,0.438,0.408,1,16.902,6.569,0.000,186,43663,1771,0
10351,15.920,6.791,6.185,0.058,0.009,0.538,0,16.294,6.556,0.000,0,228,0,0
10352,19.936,19.936,13.850,5.120,0.479,0.487,1,16.294,6.556,0.000,186,43663,1770,0
10353,13.439,6.655,6.161,0.059,0.006,0.431,0,14.712,7.530,0.000,0,228,0,0
10354,24.764,24.764,13.456,10.192,0.511,0.606,1,14.712,7.530,0.000,194,43803,1895,0
10355,8.672,8.624,8.131,0.067,0.006,0.420,0,14.712,7.530,0.000,0,368,0,0
10356,30.679,30.679,12.640,17.192,0.438,0.410,1,16.156,1.521,1.531,195,43803,1562,25629
10357,6.216,6.216,5.635,0.064,0.006,0.510,0,16.156,1.521,1.531,0,368,0,0
10358,16.966,16.966,10.841,5.357,0.316,0.452,1,16.156,1.521,0.000,194,43803,1871,0
10359,12.798,7.482,7.040,0.069,0.007,0.366,0,17.458,6.665,0.000,0,368,0,0
10360,19.200,19.200,13.148,5.073,0.427,0.553,1,17.458,6.665,0.000,194,43803,1871,0
10361,14.162,6.301,5.796,0.066,0.007,0.431,0,14.425,6.976,0.000,0,368,0,0
10362,19.289,19.289,13.456,5.021,0.357,0.457,1,14.425,6.976,0.000,194,43803,1870,0
10363,14.078,6.898,6.276,0.066,0.004,0.552,0,14.461,7.060,0.000,0,368,0,0
10364,20.009,20.009,13.097,5.935,0.471,0.506,1,14.461,7.060,0.000,194,43803,1865,0
10365,13.358,5.935,5.412,0.072,0.005,0.446,0,17.246,6.848,0.000,0,368,0,0
10366,17.735,17.735,11.742,5.068,0.292,0.633,1,17.246,6.848,0.000,194,43803,1864,0
10367,15.630,6.369,5.828,0.067,0.008,0.466,0,17.259,6.524,0.000,0,368,0,0
10368,17.555,17.555,11.656,5.017,0.400,0.482,1,17.259,6.524,0.000,194,43803,1864,0
10369,15.819,6.978,6.265,0.072,0.005,0.635,0,16.773,6.504,0.000,0,368,0,0
10370,20.772,20.772,14.484,5.226,0.538,0.523,1,16.773,6.504,0.000,194,43803,1863,0
10371,12.589,8.158,7.628,0.065,0.006,0.459,0,15.371,6.806,0.000,0,368,0,0
10372,19.819,19.819,13.961,4.936,0.287,0.636,1,15.371,6.806,0.000,194,43803,1864,0
10373,13.542,5.856,5.387,0.066,0.005,0.397,0,15.106,6.551,0.000,0,368,0,0
10374,18.467,18.467,12.317,5.169,0.538,0.442,1,15.106,6.551,0.000,194,43803,1865,0
10375,14.898,9.265,8.637,0.067,0.006,0.556,0,17.538,6.775,0.000,0,368,0,0
10376,18.215,18.215,12.467,4.989,0.294,0.464,1,17.538,6.775,0.000,192,43803,1856,0
10377,15.158,7.163,6.772,0.066,0.005,0.319,0,14.324,6.953,0.000,0,368,0,0
10378,23.050,23.050,15.492,6.602,0.382,0.574,1,14.324,6.953,0.000,192,43803,1855,0
10379,10.311,6.382,5.890,0.065,0.006,0.422,0,14.265,7.014,0.000,0,368,0,0
10380,17.022,17.022,11.255,4.964,0.355,0.448,1,14.265,7.014,0.000,194,43803,1862,0
10381,16.355,6.932,6.277,0.068,0.006,0.582,0,16.552,6.489,0.000,0,368,0,0
10382,17.612,17.612,11.054,5.691,0.427,0.440,1,16.552,6.489,0.000,194,43803,1862,0
10383,15.750,6.596,6.146,0.069,0.007,0.374,0,16.269,6.588,0.000,0,368,0,0
10384,17.885,17.885,11.850,5.054,0.408,0.572,1,16.269,6.588,0.000,195,43803,1867,0
10385,15.491,6.469,6.023,0.070,0.006,0.369,0,16.985,6.503,0.000,0,368,0,0
10386,20.005,20.005,13.822,5.219,0.549,0.415,1,16.985,6.503,0.000,194,43803,1865,0
10387,13.348,7.147,6.570,0.071,0.006,0.500,0,15.814,6.798,0.000,0,368,0,0
10388,18.713,18.713,12.314,5.333,0.540,0.526,1,15.814,6.798,0.000,194,43803,1864,0
10389,14.662,5.782,5.249,0.065,0.005,0.462,0,18.208,6.866,0.000,0,368,0,0
10390,17.237,17.237,11.234,5.006,0.318,0.680,1,18.208,6.866,0.000,194,43803,1865,0
10391,16.130,5.535,4.989,0.066,0.005,0.476,0,18.075,6.518,0.000,0,368,0,0
10392,18.404,18.404,12.106,5.217,0.437,0.644,1,18.075,6.518,0.000,194,43803,1865,0
10393,14.972,5.796,5.298,0.067,0.005,0.426,0,18.160,6.629,0.000,0,368,0,0
10394,17.456,17.456,11.130,5.382,0.486,0.459,1,18.160,6.629,0.000,194,43803,1866,0
10395,15.912,5.892,5.322,0.068,0.007,0.496,0,17.323,7.020,0.000,0,368,0,0
10396,17.205,17.205,11.205,5.074,0.449,0.476,1,17.323,7.020,0.000,194,43803,1864,0
10397,16.156,5.699,5.124,0.066,0.006,0.504,0,17.317,7.118,0.000,0,368,0,0
10398,20.913,20.913,14.463,5.298,0.508,0.643,1,17.317,7.118,0.000,194,43803,1865,0
10399,12.446,5.897,5.406,0.067,0.005,0.419,0,16.837,6.806,0.000,0,368,0,0
10400,16.772,16.772,10.874,5.085,0.313,0.500,1,16.837,6.806,0.000,194,43803,1866,0
10401,16.610,5.869,5.289,0.067,0.006,0.506,0,16.789,7.294,0.000,0,368,0,0
10402,17.026,17.026,10.918,5.216,0.477,0.415,1,16.789,7.294,0.000,194,43803,1866,0
10403,16.342,5.791,5.310,0.067,0.008,0.406,0,17.238,6.616,0.000,0,368,0,0
10404,17.195,17.195,11.115,5.136,0.406,0.538,1,17.238,6.616,0.000,194,43803,1865,0
10405,16.160,5.900,5.391,0.068,0.005,0.435,0,18.021,6.665,0.000,0,368,0,0
10406,18.751,18.751,12.868,5.021,0.418,0.444,1,18.021,6.665,0.000,194,43803,1867,0
10407,14.612,6.492,5.864,0.074,0.006,0.549,0,14.499,6.578,0.000,0,368,0,0
10408,18.249,18.249,12.165,5.155,0.473,0.457,1,14.499,6.578,0.000,194,43803,1866,0
10409,15.123,7.245,6.774,0.075,0.011,0.386,0,18.250,6.544,0.000,0,368,0,0
10410,19.821,19.821,13.583,5.280,0.495,0.463,1,18.250,6.544,0.000,194,43803,1866,0
10411,13.539,6.380,5.945,0.064,0.005,0.365,0,14.760,7.213,0.000,0,368,0,0
10412,19.567,19.567,13.274,5.357,0.496,0.440,1,14.760,7.213,0.000,194,43803,1865,0
10413,13.801,5.899,5.414,0.069,0.007,0.408,0,16.731,6.897,0.000,0,368,0,0
10414,17.639,17.639,11.835,5.064,0.359,0.381,1,16.731,6.897,0.000,194,43803,1866,0
10415,15.730,6.330,5.947,0.065,0.005,0.313,0,16.214,6.751,0.000,0,368,0,0
10416,20.394,20.394,14.146,5.245,0.550,0.454,1,16.214,6.751,0.000,194,43803,1868,0
10417,12.968,6.577,6.194,0.066,0.007,0.310,0,15.009,7.505,0.000,0,368,0,0
10418,18.192,18.192,12.562,5.011,0.302,0.317,1,15.009,7.505,0.000,194,43803,1867,0
10419,15.172,7.678,7.231,0.066,0.007,0.373,0,15.181,6.506,0.000,0,368,0,0
10420,17.481,17.481,11.909,4.863,0.412,0.296,1,15.181,6.506,0.000,194,43803,1867,0
10421,15.887,7.199,6.836,0.067,0.007,0.288,0,14.398,6.408,0.000,0,368,0,0
10422,18.349,18.349,12.533,5.065,0.370,0.381,1,14.398,6.408,0.000,194,43803,1867,0
10423,15.021,6.856,6.451,0.067,0.005,0.334,0,14.473,6.535,0.000,0,368,0,0
10424,19.633,19.633,12.133,6.494,0.504,0.502,1,14.473,6.535,0.000,194,43803,1867,0
10425,13.737,6.093,5.405,0.068,0.006,0.613,0,17.404,6.776,0.000,0,368,0,0
10426,18.084,18.084,12.238,5.050,0.344,0.453,1,17.404,6.776,0.000,194,43803,1868,0
10427,15.280,5.881,5.332,0.065,0.006,0.477,0,16.577,6.549,0.000,0,368,0,0
10428,19.614,19.614,13.478,5.007,0.441,0.688,1,16.577,6.549,0.000,194,43803,1866,0
10429,13.753,6.693,6.169,0.066,0.006,0.451,0,15.641,6.501,0.000,0,368,0,0
10430,18.873,18.873,12.145,5.413,0.536,0.779,1,15.641,6.501,0.000,194,43803,1868,0
10431,14.553,6.276,5.660,0.070,0.013,0.533,0,17.733,7.488,0.000,0,368,0,0
10432,17.895,17.895,11.536,5.427,0.465,0.466,1,17.733,7.488,0.000,194,43803,1868,0
10433,15.424,5.765,5.325,0.073,0.005,0.363,0,17.579,7.403,0.000,0,368,0,0
10434,17.188,17.188,11.234,5.040,0.420,0.495,1,17.579,7.403,0.000,194,43803,1868,0
10435,16.180,6.009,5.492,0.137,0.006,0.374,0,17.545,6.613,0.000,0,368,0,0
10436,17.410,17.410,11.359,5.181,0.487,0.383,1,17.545,6.613,0.000,194,43803,1867,0
10437,15.954,6.320,5.598,0.070,0.008,0.644,0,17.044,6.592,0.000,0,368,0,0
10438,16.832,16.832,10.937,5.033,0.422,0.439,1,17.044,6.592,0.000,194,43803,1869,0
10439,16.525,6.071,5.614,0.068,0.006,0.383,0,17.330,6.491,0.000,0,368,0,0
10440,18.324,18.324,11.487,5.807,0.535,0.495,1,17.330,6.491,0.000,194,43803,1868,0
10441,15.044,6.085,5.613,0.066,0.006,0.400,0,16.791,6.525,0.000,0,368,0,0
10442,20.308,20.308,13.943,5.349,0.547,0.469,1,16.791,6.525,0.000,194,43803,1868,0
10443,13.055,6.427,5.834,0.067,0.006,0.520,0,14.922,7.492,0.000,0,368,0,0
10444,19.688,19.688,13.408,5.352,0.451,0.476,1,14.922,7.492,0.000,194,43803,1867,0
10445,13.680,5.932,5.425,0.069,0.007,0.430,0,17.347,6.805,0.000,0,368,0,0
10446,17.630,17.630,10.939,5.783,0.299,0.608,1,17.347,6.805,0.000,194,43803,1868,0
10447,15.739,6.428,5.942,0.067,0.006,0.413,0,16.885,6.571,0.000,0,368,0,0
10448,17.836,17.836,11.081,5.864,0.461,0.430,1,16.885,6.571,0.000,194,43803,1871,0
10449,15.528,6.483,6.020,0.070,0.006,0.386,0,16.305,6.533,0.000,0,368,0,0
10450,20.324,20.324,14.137,5.238,0.550,0.399,1,16.305,6.533,0.000,194,43803,1870,0
10451,13.040,6.691,6.253,0.070,0.005,0.364,0,15.637,6.823,0.000,0,368,0,0
10452,19.585,19.585,13.641,5.074,0.375,0.494,1,15.637,6.823,0.000,194,43803,1869,0
10453,13.781,7.020,6.611,0.074,0.005,0.329,0,15.506,6.609,0.000,0,368,0,0
10454,18.766,18.766,13.078,4.951,0.370,0.367,1,15.506,6.609,0.000,194,43803,1868,0
10455,14.600,6.693,6.163,0.068,0.005,0.456,0,14.346,6.547,0.000,0,368,0,0
10456,19.706,19.706,12.249,6.686,0.391,0.380,1,14.346,6.547,0.000,194,43803,1870,0
10457,13.664,5.749,5.334,0.070,0.007,0.339,0,16.530,6.838,0.000,0,368,0,0
10458,17.557,17.557,11.406,5.415,0.290,0.446,1,16.530,6.838,0.000,195,43803,1872,0
10459,15.810,6.556,6.134,0.068,0.007,0.347,0,16.474,6.572,0.000,0,368,0,0
10460,17.688,17.688,11.606,5.228,0.410,0.443,1,16.474,6.572,0.000,194,43803,1870,0
10461,15.678,6.570,5.976,0.065,0.005,0.523,0,16.505,6.541,0.000,0,368,0,0
10462,20.045,20.045,13.691,5.381,0.545,0.428,1,16.505,6.541,0.000,194,43803,1869,0
10463,13.321,6.694,6.282,0.070,0.005,0.337,0,14.933,7.483,0.000,0,368,0,0
10464,19.330,19.330,12.949,5.397,0.516,0.469,1,14.933,7.483,0.000,194,43803,1870,0
10465,14.045,6.589,6.200,0.069,0.010,0.310,0,17.104,6.846,0.000,0,368,0,0
10466,19.806,19.806,13.546,5.215,0.686,0.358,1,17.104,6.846,0.000,194,43803,1870,0
10467,13.548,7.083,6.692,0.067,0.006,0.318,0,15.591,6.754,0.000,0,368,0,0
10468,18.462,18.462,12.187,5.380,0.530,0.365,1,15.591,6.754,0.000,194,43803,1871,0
10469,14.918,5.943,5.457,0.070,0.007,0.409,0,17.183,6.798,0.000,0,368,0,0
10470,21.055,21.055,14.689,5.234,0.558,0.575,1,17.183,6.798,0.000,194,43803,1872,0
10471,12.298,6.163,5.693,0.067,0.005,0.399,0,14.920,6.750,0.000,0,368,0,0
10472,19.744,19.744,12.839,6.110,0.388,0.407,1,14.920,6.750,0.000,194,43803,1872,0
10473,13.627,6.040,5.487,0.072,0.009,0.472,0,16.793,6.812,0.000,0,368,0,0
10474,17.327,17.327,11.480,5.159,0.321,0.366,1,16.793,6.812,0.000,194,43803,1873,0
10475,16.041,6.902,6.469,0.067,0.007,0.359,0,16.383,6.538,0.000,0,424,0,0
10476,17.651,17.651,10.941,5.795,0.421,0.494,1,16.383,6.538,0.000,194,43859,1873,0
10477,15.718,6.759,6.252,0.067,0.005,0.434,0,17.041,6.575,0.000,0,424,0,0
10478,17.895,17.895,11.714,5.202,0.434,0.545,1,17.041,6.575,0.000,194,43859,1872,0
10479,15.471,6.660,5.961,0.066,0.006,0.626,0,16.974,6.560,0.000,0,424,0,0
10480,17.691,17.691,11.647,5.105,0.421,0.519,1,16.974,6.560,0.000,194,43859,1874,0
10481,15.683,6.712,6.174,0.075,0.006,0.458,0,16.824,6.490,0.000,0,420,0,0
10482,17.034,17.034,11.010,4.989,0.416,0.619,1,16.824,6.490,0.000,193,43855,1861,0
10483,16.334,5.922,5.405,0.069,0.008,0.440,0,17.900,6.483,0.000,0,420,0,0
10484,16.980,16.980,11.069,4.995,0.432,0.483,1,17.900,6.483,0.000,193,43855,1861,0
10485,16.389,5.933,5.405,0.072,0.007,0.450,0,17.223,6.540,0.000,0,420,0,0
10486,17.332,17.332,11.335,5.089,0.474,0.435,1,17.223,6.540,0.000,193,43855,1860,0
10487,16.033,5.807,5.289,0.066,0.006,0.446,0,16.393,6.533,0.000,0,424,0,0
10488,17.295,17.295,11.125,5.134,0.486,0.550,1,16.393,6.533,0.000,194,43859,1873,0
10489,16.064,5.766,5.289,0.067,0.006,0.404,0,17.407,6.986,0.000,0,424,0,0
10490,18.520,18.520,12.453,5.169,0.380,0.518,1,17.407,6.986,0.000,194,43859,1874,0
10491,14.844,5.806,5.268,0.069,0.004,0.465,0,15.644,6.490,0.000,0,424,0,0
10492,17.498,17.498,10.661,5.961,0.406,0.470,1,15.644,6.490,0.000,194,43859,1873,0
10493,15.885,6.664,6.100,0.066,0.006,0.492,0,16.442,6.742,0.000,0,420,0,0
10494,17.360,17.360,11.164,5.315,0.487,0.395,1,16.442,6.742,0.000,193,43855,1860,0
10495,16.006,6.077,5.601,0.068,0.006,0.401,0,17.123,7.281,0.000,0,420,0,0
10496,17.483,17.483,11.262,5.139,0.471,0.611,1,17.123,7.281,0.000,193,43855,1861,0
10497,15.882,5.669,5.136,0.065,0.006,0.462,0,17.738,7.229,0.000,0,420,0,0
10498,17.214,17.214,11.132,5.189,0.420,0.474,1,17.738,7.229,0.000,193,43855,1861,0
10499,16.141,6.286,5.671,0.070,0.006,0.539,0,17.967,6.523,0.000,0,424,0,0
10500,18.235,18.235,12.444,4.991,0.396,0.404,1,17.967,6.523,0.000,194,43859,1873,0
10501,15.129,7.029,6.596,0.068,0.005,0.360,0,14.759,6.462,0.000,0,424,0,0
10502,18.820,18.820,12.434,5.260,0.547,0.579,1,14.759,6.462,0.000,194,43859,1872,0
10503,14.558,6.087,5.398,0.067,0.006,0.616,0,17.777,6.793,0.000,0,424,0,0
10504,17.323,17.323,11.104,5.407,0.314,0.498,1,17.777,6.793,0.000,194,43859,1873,0
10505,16.043,5.896,5.209,0.067,0.007,0.613,0,17.372,7.044,0.000,0,420,0,0
10506,16.956,16.956,10.887,5.118,0.477,0.474,1,17.372,7.044,0.000,193,43855,1861,0
