frame,wall_ms,work_ms,game_ms,gx_ms,present_ms,aud_ms,drawn,rt_ms,dec_ms,gdec_ms,calls,verts,recs,vchit
0,1.394,1.394,1.394,0.000,0.000,0.000,1,0.000,0.000,0.000,0,0,1,0
1,0.329,0.329,0.329,0.000,0.000,0.000,1,0.000,0.000,0.000,0,0,0,0
2,0.004,0.004,0.004,0.000,0.000,0.000,1,0.000,0.000,0.000,0,0,0,0
3,15.947,15.947,15.904,0.000,0.000,0.043,1,0.000,0.000,0.000,0,0,0,0
4,1.881,1.881,1.871,0.000,0.000,0.010,1,0.000,0.000,0.000,0,0,0,0
5,32.009,32.009,31.983,0.000,0.000,0.026,1,0.000,0.000,0.000,0,0,0,0
6,1.310,1.310,0.977,0.049,0.260,0.023,1,0.000,0.000,0.000,0,4,0,0
7,7.792,7.792,7.722,0.016,0.039,0.016,1,0.000,0.000,0.000,0,4,0,0
8,5.801,5.801,5.778,0.009,0.005,0.010,1,0.000,0.000,0.000,0,8,0,0
9,0.576,0.576,0.558,0.007,0.003,0.008,1,0.000,0.000,0.000,0,8,0,0
10,0.381,0.381,0.371,0.004,0.002,0.004,1,0.000,0.000,0.000,0,8,0,0
11,0.455,0.455,0.444,0.004,0.002,0.005,1,0.000,0.000,0.000,0,8,0,0
12,0.406,0.406,0.395,0.004,0.002,0.005,1,0.000,0.000,0.000,0,8,0,0
13,0.365,0.365,0.355,0.004,0.002,0.005,1,0.000,0.000,0.000,0,8,0,0
14,0.437,0.437,0.427,0.003,0.002,0.005,1,0.000,0.000,0.000,0,8,0,0
15,16.552,16.552,16.504,0.014,0.010,0.023,1,0.000,0.000,0.000,0,8,0,0
16,0.488,0.488,0.466,0.011,0.006,0.006,1,0.000,0.000,0.000,0,8,0,0
17,0.634,0.634,0.606,0.004,0.009,0.014,1,0.000,0.000,0.000,0,8,0,0
18,0.697,0.697,0.680,0.009,0.003,0.005,1,0.000,0.000,0.000,0,8,0,0
19,0.374,0.374,0.362,0.004,0.004,0.004,1,0.000,0.000,0.000,0,8,0,0
20,0.434,0.434,0.423,0.004,0.002,0.005,1,0.000,0.000,0.000,0,8,0,0
21,0.348,0.348,0.338,0.004,0.002,0.004,1,0.000,0.000,0.000,0,8,0,0
22,0.373,0.373,0.364,0.003,0.002,0.004,1,0.000,0.000,0.000,0,8,0,0
23,0.391,0.391,0.380,0.003,0.002,0.006,1,0.000,0.000,0.000,0,8,0,0
24,0.372,0.372,0.362,0.004,0.002,0.004,1,0.000,0.000,0.000,0,8,0,0
25,0.340,0.340,0.330,0.003,0.002,0.004,1,0.000,0.000,0.000,0,8,0,0
26,0.411,0.411,0.400,0.003,0.002,0.005,1,0.000,0.000,0.000,0,8,0,0
27,0.337,0.337,0.327,0.004,0.002,0.004,1,0.000,0.000,0.000,0,8,0,0
28,0.775,0.775,0.765,0.004,0.002,0.004,1,0.000,0.000,0.000,0,8,0,0
29,0.382,0.382,0.371,0.004,0.002,0.005,1,0.000,0.000,0.000,0,8,0,0
30,0.366,0.366,0.356,0.004,0.002,0.004,1,0.000,0.000,0.000,0,8,0,0
31,0.340,0.340,0.329,0.004,0.002,0.004,1,0.000,0.000,0.000,0,8,0,0
32,0.408,0.408,0.397,0.004,0.002,0.005,1,0.000,0.000,0.000,0,8,0,0
33,0.337,0.337,0.328,0.004,0.002,0.004,1,0.000,0.000,0.000,0,8,0,0
34,0.364,0.364,0.355,0.003,0.002,0.004,1,0.000,0.000,0.000,0,8,0,0
35,0.985,0.985,0.945,0.012,0.008,0.020,1,0.000,0.000,0.000,0,8,0,0
36,1.100,1.100,1.082,0.004,0.007,0.008,1,0.000,0.000,0.000,0,8,0,0
37,0.559,0.559,0.544,0.007,0.003,0.006,1,0.000,0.000,0.000,0,8,0,0
38,0.408,0.408,0.396,0.005,0.002,0.005,1,0.000,0.000,0.000,0,8,0,0
39,243.783,243.783,243.738,0.014,0.011,0.021,1,0.000,0.000,0.000,0,4,0,0
40,1.033,1.033,1.016,0.005,0.004,0.008,1,0.000,0.000,0.000,0,4,0,0
41,0.582,0.582,0.570,0.003,0.003,0.006,1,0.000,0.000,0.000,0,4,0,0
42,0.468,0.468,0.458,0.003,0.003,0.005,1,0.000,0.000,0.000,0,4,0,0
43,0.487,0.487,0.478,0.003,0.002,0.004,1,0.000,0.000,0.000,0,4,0,0
44,0.502,0.502,0.492,0.003,0.002,0.005,1,0.000,0.000,0.000,0,4,0,0
45,0.487,0.487,0.478,0.003,0.002,0.004,1,0.000,0.000,0.000,0,4,0,0
46,0.453,0.453,0.443,0.003,0.002,0.004,1,0.000,0.000,0.000,0,4,0,0
47,0.538,0.538,0.528,0.003,0.002,0.005,1,0.000,0.000,0.000,0,4,0,0
48,0.451,0.451,0.442,0.003,0.002,0.004,1,0.000,0.000,0.000,0,4,0,0
49,0.470,0.470,0.461,0.003,0.002,0.004,1,0.000,0.000,0.000,0,4,0,0
50,0.484,0.484,0.474,0.003,0.002,0.006,1,0.000,0.000,0.000,0,4,0,0
51,0.471,0.471,0.462,0.003,0.002,0.004,1,0.000,0.000,0.000,0,4,0,0
52,3.357,3.357,3.348,0.003,0.002,0.005,1,0.000,0.000,0.000,0,4,0,0
53,1.036,1.036,1.026,0.003,0.002,0.005,1,0.000,0.000,0.000,0,4,0,0
54,0.497,0.497,0.484,0.003,0.002,0.007,1,0.000,0.000,0.000,0,4,0,0
55,0.480,0.480,0.470,0.003,0.003,0.004,1,0.000,0.000,0.000,0,4,0,0
56,0.519,0.519,0.509,0.003,0.002,0.005,1,0.000,0.000,0.000,0,4,0,0
57,0.443,0.443,0.433,0.003,0.002,0.004,1,0.000,0.000,0.000,0,4,0,0
58,0.435,0.435,0.426,0.003,0.002,0.004,1,0.000,0.000,0.000,0,4,0,0
59,0.769,0.769,0.758,0.003,0.002,0.006,1,0.000,0.000,0.000,0,4,0,0
60,1.221,1.221,1.172,0.015,0.011,0.023,1,0.000,0.000,0.000,0,4,0,0
61,0.343,0.343,0.331,0.004,0.002,0.006,1,0.000,0.000,0.000,0,4,0,0
62,0.286,0.286,0.274,0.003,0.002,0.006,1,0.000,0.000,0.000,0,4,0,0
63,0.622,0.622,0.612,0.003,0.002,0.006,1,0.000,0.000,0.000,0,4,0,0
64,0.594,0.594,0.585,0.002,0.002,0.004,1,0.000,0.000,0.000,0,4,0,0
65,0.544,0.544,0.531,0.003,0.003,0.007,1,0.000,0.000,0.000,0,4,0,0
66,0.459,0.459,0.449,0.003,0.002,0.004,1,0.000,0.000,0.000,0,4,0,0
67,0.773,0.773,0.745,0.008,0.009,0.012,1,0.000,0.000,0.000,0,4,0,0
68,0.315,0.315,0.303,0.003,0.003,0.007,1,0.000,0.000,0.000,0,4,0,0
69,0.635,0.635,0.617,0.002,0.006,0.008,1,0.000,0.000,0.000,0,4,0,0
70,0.738,0.738,0.724,0.006,0.003,0.005,1,0.000,0.000,0.000,0,4,0,0
71,0.543,0.543,0.532,0.003,0.002,0.006,1,0.000,0.000,0.000,0,4,0,0
72,0.502,0.502,0.493,0.003,0.002,0.004,1,0.000,0.000,0.000,0,4,0,0
73,0.463,0.463,0.454,0.003,0.002,0.004,1,0.000,0.000,0.000,0,4,0,0
74,0.634,0.634,0.625,0.002,0.002,0.005,1,0.000,0.000,0.000,0,4,0,0
75,2.114,2.114,2.103,0.003,0.002,0.006,1,0.000,0.000,0.000,0,4,0,0
76,0.698,0.698,0.682,0.004,0.003,0.009,1,0.000,0.000,0.000,0,4,0,0
77,0.518,0.518,0.507,0.003,0.002,0.006,1,0.000,0.000,0.000,0,4,0,0
78,0.489,0.489,0.480,0.003,0.002,0.004,1,0.000,0.000,0.000,0,4,0,0
79,0.480,0.480,0.471,0.003,0.002,0.005,1,0.000,0.000,0.000,0,4,0,0
80,3.421,3.421,3.397,0.003,0.002,0.019,1,0.000,0.000,0.000,0,4,0,0
81,0.704,0.704,0.685,0.005,0.004,0.011,1,0.000,0.000,0.000,0,4,0,0
82,0.501,0.501,0.491,0.003,0.002,0.004,1,0.000,0.000,0.000,0,4,0,0
83,0.544,0.544,0.533,0.003,0.002,0.005,1,0.000,0.000,0.000,0,4,0,0
84,0.502,0.502,0.492,0.003,0.002,0.004,1,0.000,0.000,0.000,0,4,0,0
85,0.427,0.427,0.417,0.003,0.002,0.004,1,0.000,0.000,0.000,0,4,0,0
86,0.295,0.295,0.284,0.003,0.002,0.007,1,0.000,0.000,0.000,0,4,0,0
87,0.476,0.476,0.467,0.002,0.002,0.004,1,0.000,0.000,0.000,0,4,0,0
88,0.726,0.726,0.701,0.003,0.011,0.012,1,0.000,0.000,0.000,0,4,0,0
89,1.123,1.123,1.100,0.013,0.003,0.007,1,0.000,0.000,0.000,0,4,0,0
90,0.535,0.535,0.523,0.003,0.003,0.005,1,0.000,0.000,0.000,0,4,0,0
91,0.519,0.519,0.510,0.003,0.002,0.004,1,0.000,0.000,0.000,0,4,0,0
92,0.518,0.518,0.508,0.003,0.002,0.005,1,0.000,0.000,0.000,0,4,0,0
93,0.511,0.511,0.502,0.003,0.002,0.004,1,0.000,0.000,0.000,0,4,0,0
94,0.462,0.462,0.453,0.003,0.002,0.004,1,0.000,0.000,0.000,0,4,0,0
95,0.541,0.541,0.531,0.003,0.002,0.005,1,0.000,0.000,0.000,0,4,0,0
96,0.454,0.454,0.445,0.003,0.002,0.004,1,0.000,0.000,0.000,0,4,0,0
97,0.477,0.477,0.468,0.003,0.002,0.004,1,0.000,0.000,0.000,0,4,0,0
98,0.492,0.492,0.482,0.003,0.002,0.005,1,0.000,0.000,0.000,0,4,0,0
99,0.472,0.472,0.462,0.003,0.003,0.004,1,0.000,0.000,0.000,0,4,0,0
100,0.472,0.472,0.462,0.003,0.002,0.005,1,0.000,0.000,0.000,0,4,0,0
101,0.514,0.514,0.505,0.003,0.002,0.005,1,0.000,0.000,0.000,0,4,0,0
102,0.440,0.440,0.430,0.003,0.002,0.005,1,0.000,0.000,0.000,0,4,0,0
103,0.511,0.511,0.501,0.003,0.002,0.005,1,0.000,0.000,0.000,0,4,0,0
104,0.474,0.474,0.463,0.003,0.002,0.005,1,0.000,0.000,0.000,0,4,0,0
105,0.449,0.449,0.439,0.003,0.002,0.005,1,0.000,0.000,0.000,0,4,0,0
106,0.620,0.620,0.610,0.003,0.002,0.005,1,0.000,0.000,0.000,0,4,0,0
107,1.277,1.277,1.237,0.013,0.009,0.018,1,0.000,0.000,0.000,0,4,0,0
108,3.103,3.103,3.091,0.004,0.002,0.006,1,0.000,0.000,0.000,0,4,0,0
109,0.574,0.574,0.562,0.003,0.002,0.006,1,0.000,0.000,0.000,0,4,0,0
110,0.523,0.523,0.513,0.003,0.002,0.005,1,0.000,0.000,0.000,0,4,0,0
111,0.496,0.496,0.486,0.003,0.003,0.004,1,0.000,0.000,0.000,0,4,0,0
112,0.826,0.826,0.793,0.010,0.007,0.014,1,0.000,0.000,0.000,0,4,0,0
113,0.661,0.661,0.645,0.003,0.006,0.007,1,0.000,0.000,0.000,0,4,0,0
114,0.724,0.724,0.711,0.005,0.002,0.005,1,0.000,0.000,0.000,0,4,0,0
115,0.530,0.530,0.518,0.003,0.002,0.006,1,0.000,0.000,0.000,0,4,0,0
116,0.497,0.497,0.488,0.003,0.002,0.004,1,0.000,0.000,0.000,0,4,0,0
117,0.458,0.458,0.448,0.003,0.002,0.005,1,0.000,0.000,0.000,0,4,0,0
118,0.492,0.492,0.482,0.003,0.002,0.005,1,0.000,0.000,0.000,0,4,0,0
119,0.693,0.693,0.684,0.003,0.002,0.005,1,0.000,0.000,0.000,0,4,0,0
120,0.470,0.470,0.459,0.003,0.003,0.005,1,0.000,0.000,0.000,0,4,0,0
121,0.495,0.495,0.484,0.003,0.002,0.005,1,0.000,0.000,0.000,0,4,0,0
122,0.442,0.442,0.433,0.003,0.002,0.004,1,0.000,0.000,0.000,0,4,0,0
123,0.442,0.442,0.433,0.003,0.002,0.004,1,0.000,0.000,0.000,0,4,0,0
124,0.634,0.634,0.488,0.139,0.002,0.005,1,0.000,0.000,0.000,0,4,0,0
125,0.451,0.451,0.442,0.003,0.002,0.004,1,0.000,0.000,0.000,0,4,0,0
126,0.448,0.448,0.439,0.003,0.003,0.004,1,0.000,0.000,0.000,0,4,0,0
127,0.485,0.485,0.475,0.003,0.002,0.005,1,0.000,0.000,0.000,0,4,0,0
128,0.436,0.436,0.427,0.003,0.002,0.004,1,0.000,0.000,0.000,0,4,0,0
129,0.439,0.439,0.429,0.003,0.002,0.004,1,0.000,0.000,0.000,0,4,0,0
130,0.481,0.481,0.471,0.003,0.002,0.005,1,0.000,0.000,0.000,0,4,0,0
131,0.522,0.522,0.512,0.003,0.002,0.005,1,0.000,0.000,0.000,0,4,0,0
132,2.581,2.581,2.572,0.003,0.002,0.005,1,0.000,0.000,0.000,0,4,0,0
133,0.491,0.491,0.481,0.003,0.002,0.005,1,0.000,0.000,0.000,0,4,0,0
134,0.443,0.443,0.434,0.003,0.002,0.004,1,0.000,0.000,0.000,0,4,0,0
135,0.436,0.436,0.427,0.003,0.002,0.004,1,0.000,0.000,0.000,0,4,0,0
136,0.477,0.477,0.468,0.003,0.002,0.005,1,0.000,0.000,0.000,0,4,0,0
137,0.433,0.433,0.424,0.003,0.002,0.004,1,0.000,0.000,0.000,0,4,0,0
138,0.432,0.432,0.423,0.003,0.002,0.004,1,0.000,0.000,0.000,0,4,0,0
139,0.474,0.474,0.463,0.003,0.002,0.005,1,0.000,0.000,0.000,0,4,0,0
140,0.431,0.431,0.422,0.003,0.002,0.004,1,0.000,0.000,0.000,0,4,0,0
141,0.437,0.437,0.428,0.003,0.002,0.004,1,0.000,0.000,0.000,0,4,0,0
142,0.474,0.474,0.465,0.003,0.002,0.005,1,0.000,0.000,0.000,0,4,0,0
143,1.260,1.260,1.249,0.003,0.002,0.005,1,0.000,0.000,0.000,0,4,0,0
144,0.522,0.522,0.509,0.004,0.003,0.006,1,0.000,0.000,0.000,0,4,0,0
145,0.500,0.500,0.489,0.003,0.002,0.005,1,0.000,0.000,0.000,0,4,0,0
146,0.440,0.440,0.431,0.003,0.002,0.004,1,0.000,0.000,0.000,0,4,0,0
147,0.436,0.436,0.427,0.003,0.002,0.004,1,0.000,0.000,0.000,0,4,0,0
148,0.474,0.474,0.464,0.003,0.002,0.005,1,0.000,0.000,0.000,0,4,0,0
149,0.431,0.431,0.422,0.003,0.002,0.004,1,0.000,0.000,0.000,0,4,0,0
150,0.431,0.431,0.422,0.003,0.002,0.004,1,0.000,0.000,0.000,0,4,0,0
151,0.472,0.472,0.463,0.003,0.002,0.005,1,0.000,0.000,0.000,0,4,0,0
152,0.427,0.427,0.418,0.003,0.002,0.004,1,0.000,0.000,0.000,0,4,0,0
153,2.982,2.982,2.966,0.003,0.002,0.011,1,0.000,0.000,0.000,0,4,0,0
154,0.635,0.635,0.619,0.005,0.004,0.006,1,0.000,0.000,0.000,0,4,0,0
155,0.454,0.454,0.444,0.003,0.003,0.004,1,0.000,0.000,0.000,0,4,0,0
156,0.439,0.439,0.430,0.003,0.002,0.004,1,0.000,0.000,0.000,0,4,0,0
157,0.607,0.607,0.597,0.003,0.002,0.005,1,0.000,0.000,0.000,0,4,0,0
158,0.457,0.457,0.446,0.003,0.002,0.005,1,0.000,0.000,0.000,0,4,0,0
159,0.440,0.440,0.431,0.003,0.002,0.004,1,0.000,0.000,0.000,0,4,0,0
160,0.474,0.474,0.465,0.003,0.002,0.005,1,0.000,0.000,0.000,0,4,0,0
161,0.972,0.972,0.960,0.004,0.003,0.006,1,0.000,0.000,0.000,0,4,0,0
162,0.502,0.502,0.492,0.003,0.002,0.005,1,0.000,0.000,0.000,0,4,0,0
163,0.488,0.488,0.478,0.003,0.002,0.005,1,0.000,0.000,0.000,0,4,0,0
164,0.453,0.453,0.444,0.003,0.002,0.004,1,0.000,0.000,0.000,0,4,0,0
165,0.288,0.288,0.278,0.003,0.002,0.005,1,0.000,0.000,0.000,0,4,0,0
166,0.270,0.270,0.260,0.003,0.002,0.006,1,0.000,0.000,0.000,0,4,0,0
167,0.801,0.801,0.761,0.002,0.016,0.021,1,0.000,0.000,0.000,0,4,0,0
168,1.071,1.071,1.050,0.013,0.003,0.005,1,0.000,0.000,0.000,0,4,0,0
169,0.574,0.574,0.560,0.005,0.003,0.007,1,0.000,0.000,0.000,0,4,0,0
170,0.479,0.479,0.470,0.003,0.002,0.004,1,0.000,0.000,0.000,0,4,0,0
171,0.466,0.466,0.457,0.003,0.002,0.004,1,0.000,0.000,0.000,0,4,0,0
172,0.509,0.509,0.499,0.003,0.002,0.005,1,0.000,0.000,0.000,0,4,0,0
173,0.450,0.450,0.440,0.003,0.002,0.004,1,0.000,0.000,0.000,0,4,0,0
174,0.443,0.443,0.434,0.003,0.002,0.004,1,0.000,0.000,0.000,0,4,0,0
175,0.483,0.483,0.473,0.003,0.002,0.005,1,0.000,0.000,0.000,0,4,0,0
176,0.428,0.428,0.419,0.003,0.002,0.004,1,0.000,0.000,0.000,0,4,0,0
177,0.428,0.428,0.420,0.003,0.002,0.004,1,0.000,0.000,0.000,0,4,0,0
178,0.470,0.470,0.459,0.003,0.002,0.005,1,0.000,0.000,0.000,0,4,0,0
179,2.194,2.194,2.183,0.003,0.002,0.006,1,0.000,0.000,0.000,0,4,0,0
180,0.463,0.463,0.454,0.003,0.002,0.005,1,0.000,0.000,0.000,0,4,0,0
181,0.484,0.484,0.474,0.003,0.002,0.005,1,0.000,0.000,0.000,0,4,0,0
182,0.432,0.432,0.423,0.003,0.002,0.004,1,0.000,0.000,0.000,0,4,0,0
183,0.438,0.438,0.429,0.003,0.002,0.005,1,0.000,0.000,0.000,0,4,0,0
184,0.471,0.471,0.461,0.003,0.002,0.005,1,0.000,0.000,0.000,0,4,0,0
185,0.428,0.428,0.420,0.002,0.002,0.004,1,0.000,0.000,0.000,0,4,0,0
186,0.428,0.428,0.419,0.002,0.002,0.004,1,0.000,0.000,0.000,0,4,0,0
187,0.469,0.469,0.460,0.003,0.002,0.005,1,0.000,0.000,0.000,0,4,0,0
188,0.432,0.432,0.423,0.003,0.002,0.004,1,0.000,0.000,0.000,0,4,0,0
189,0.425,0.425,0.416,0.003,0.002,0.004,1,0.000,0.000,0.000,0,4,0,0
190,0.467,0.467,0.457,0.003,0.002,0.005,1,0.000,0.000,0.000,0,4,0,0
191,0.430,0.430,0.421,0.003,0.002,0.004,1,0.000,0.000,0.000,0,4,0,0
192,0.427,0.427,0.418,0.003,0.002,0.004,1,0.000,0.000,0.000,0,4,0,0
193,0.469,0.469,0.459,0.003,0.002,0.005,1,0.000,0.000,0.000,0,4,0,0
194,0.425,0.425,0.416,0.003,0.002,0.004,1,0.000,0.000,0.000,0,4,0,0
195,0.426,0.426,0.416,0.003,0.002,0.004,1,0.000,0.000,0.000,0,4,0,0
196,3.759,3.759,3.750,0.003,0.002,0.005,1,0.000,0.000,0.000,0,4,0,0
197,1.831,1.831,1.787,0.013,0.012,0.019,1,0.000,0.000,0.000,0,4,0,0
198,0.363,0.363,0.351,0.003,0.002,0.005,1,0.000,0.000,0.000,0,4,0,0
199,0.282,0.282,0.271,0.003,0.002,0.007,1,0.000,0.000,0.000,0,4,0,0
200,0.264,0.264,0.254,0.002,0.002,0.006,1,0.000,0.000,0.000,0,4,0,0
201,0.259,0.259,0.250,0.003,0.002,0.005,1,0.000,0.000,0.000,0,4,0,0
202,0.262,0.262,0.251,0.002,0.002,0.007,1,0.000,0.000,0.000,0,4,0,0
203,0.254,0.254,0.245,0.003,0.002,0.005,1,0.000,0.000,0.000,0,4,0,0
204,0.260,0.260,0.249,0.002,0.002,0.007,1,0.000,0.000,0.000,0,4,0,0
205,0.256,0.256,0.246,0.002,0.002,0.005,1,0.000,0.000,0.000,0,4,0,0
206,0.253,0.253,0.244,0.003,0.002,0.005,1,0.000,0.000,0.000,0,4,0,0
207,0.334,0.334,0.323,0.003,0.002,0.007,1,0.000,0.000,0.000,0,4,0,0
208,0.261,0.261,0.251,0.003,0.002,0.005,1,0.000,0.000,0.000,0,4,0,0
209,0.256,0.256,0.247,0.003,0.002,0.005,1,0.000,0.000,0.000,0,4,0,0
210,0.260,0.260,0.249,0.002,0.002,0.007,1,0.000,0.000,0.000,0,4,0,0
211,0.254,0.254,0.244,0.002,0.002,0.005,1,0.000,0.000,0.000,0,4,0,0
212,0.266,0.266,0.257,0.002,0.002,0.005,1,0.000,0.000,0.000,0,4,0,0
213,0.260,0.260,0.249,0.002,0.002,0.006,1,0.000,0.000,0.000,0,4,0,0
214,0.256,0.256,0.247,0.002,0.002,0.005,1,0.000,0.000,0.000,0,4,0,0
215,0.255,0.255,0.245,0.003,0.002,0.005,1,0.000,0.000,0.000,0,4,0,0
216,0.257,0.257,0.246,0.002,0.002,0.006,1,0.000,0.000,0.000,0,4,0,0
217,0.255,0.255,0.246,0.002,0.002,0.005,1,0.000,0.000,0.000,0,4,0,0
218,0.253,0.253,0.244,0.002,0.002,0.005,1,0.000,0.000,0.000,0,4,0,0
219,0.274,0.274,0.262,0.003,0.002,0.006,1,0.000,0.000,0.000,0,8,0,0
220,0.263,0.263,0.252,0.004,0.002,0.005,1,0.000,0.000,0.000,0,8,0,0
221,0.261,0.261,0.251,0.003,0.002,0.005,1,0.000,0.000,0.000,0,8,0,0
222,0.266,0.266,0.255,0.003,0.002,0.006,1,0.000,0.000,0.000,0,8,0,0
223,0.261,0.261,0.251,0.003,0.002,0.005,1,0.000,0.000,0.000,0,8,0,0
224,0.259,0.259,0.249,0.003,0.002,0.005,1,0.000,0.000,0.000,0,8,0,0
225,0.271,0.271,0.259,0.003,0.002,0.008,1,0.000,0.000,0.000,0,8,0,0
226,0.260,0.260,0.250,0.003,0.002,0.005,1,0.000,0.000,0.000,0,8,0,0
227,0.260,0.260,0.250,0.003,0.002,0.005,1,0.000,0.000,0.000,0,8,0,0
228,0.265,0.265,0.253,0.003,0.002,0.007,1,0.000,0.000,0.000,0,8,0,0
229,0.261,0.261,0.251,0.003,0.002,0.005,1,0.000,0.000,0.000,0,8,0,0
230,0.261,0.261,0.251,0.003,0.002,0.005,1,0.000,0.000,0.000,0,8,0,0
231,0.277,0.277,0.265,0.004,0.002,0.006,1,0.000,0.000,0.000,0,8,0,0
232,0.261,0.261,0.251,0.003,0.002,0.005,1,0.000,0.000,0.000,0,8,0,0
233,0.261,0.261,0.250,0.003,0.002,0.005,1,0.000,0.000,0.000,0,8,0,0
234,0.269,0.269,0.257,0.004,0.002,0.006,1,0.000,0.000,0.000,0,8,0,0
235,1.108,1.108,1.094,0.003,0.003,0.007,1,0.000,0.000,0.000,0,8,0,0
236,0.347,0.347,0.334,0.005,0.002,0.005,1,0.000,0.000,0.000,0,8,0,0
237,0.289,0.289,0.277,0.003,0.002,0.007,1,0.000,0.000,0.000,0,8,0,0
238,0.271,0.271,0.261,0.004,0.002,0.005,1,0.000,0.000,0.000,0,8,0,0
239,0.368,0.368,0.356,0.004,0.002,0.006,1,0.000,0.000,0.000,0,8,0,0
240,0.277,0.277,0.266,0.003,0.002,0.006,1,0.000,0.000,0.000,0,8,0,0
241,0.266,0.266,0.256,0.003,0.002,0.005,1,0.000,0.000,0.000,0,8,0,0
242,0.262,0.262,0.252,0.003,0.002,0.005,1,0.000,0.000,0.000,0,8,0,0
243,0.268,0.268,0.256,0.003,0.002,0.007,1,0.000,0.000,0.000,0,8,0,0
244,0.260,0.260,0.251,0.003,0.002,0.005,1,0.000,0.000,0.000,0,8,0,0
245,0.261,0.261,0.250,0.003,0.002,0.005,1,0.000,0.000,0.000,0,8,0,0
246,0.267,0.267,0.255,0.003,0.002,0.007,1,0.000,0.000,0.000,0,8,0,0
247,0.261,0.261,0.251,0.003,0.002,0.005,1,0.000,0.000,0.000,0,8,0,0
248,0.263,0.263,0.253,0.004,0.002,0.005,1,0.000,0.000,0.000,0,8,0,0
249,0.264,0.264,0.253,0.003,0.002,0.006,1,0.000,0.000,0.000,0,8,0,0
250,0.265,0.265,0.255,0.003,0.002,0.005,1,0.000,0.000,0.000,0,8,0,0
251,0.260,0.260,0.249,0.003,0.002,0.005,1,0.000,0.000,0.000,0,8,0,0
252,0.263,0.263,0.252,0.003,0.002,0.006,1,0.000,0.000,0.000,0,8,0,0
253,0.260,0.260,0.250,0.003,0.002,0.005,1,0.000,0.000,0.000,0,8,0,0
254,0.258,0.258,0.248,0.003,0.002,0.005,1,0.000,0.000,0.000,0,8,0,0
255,0.266,0.266,0.254,0.003,0.002,0.007,1,0.000,0.000,0.000,0,8,0,0
256,0.259,0.259,0.249,0.003,0.002,0.005,1,0.000,0.000,0.000,0,8,0,0
257,0.259,0.259,0.249,0.003,0.002,0.005,1,0.000,0.000,0.000,0,8,0,0
258,0.262,0.262,0.251,0.003,0.002,0.006,1,0.000,0.000,0.000,0,8,0,0
259,0.259,0.259,0.249,0.003,0.002,0.006,1,0.000,0.000,0.000,0,8,0,0
260,0.257,0.257,0.247,0.003,0.002,0.005,1,0.000,0.000,0.000,0,8,0,0
261,0.263,0.263,0.252,0.003,0.002,0.006,1,0.000,0.000,0.000,0,8,0,0
262,0.277,0.277,0.266,0.003,0.002,0.005,1,0.000,0.000,0.000,0,8,0,0
263,0.268,0.268,0.257,0.004,0.002,0.005,1,0.000,0.000,0.000,0,8,0,0
264,0.388,0.388,0.374,0.004,0.002,0.008,1,0.000,0.000,0.000,0,8,0,0
265,0.273,0.273,0.262,0.003,0.002,0.006,1,0.000,0.000,0.000,0,8,0,0
266,0.261,0.261,0.251,0.003,0.002,0.005,1,0.000,0.000,0.000,0,8,0,0
267,0.265,0.265,0.254,0.003,0.002,0.006,1,0.000,0.000,0.000,0,8,0,0
268,0.262,0.262,0.252,0.003,0.002,0.005,1,0.000,0.000,0.000,0,8,0,0
269,0.257,0.257,0.247,0.003,0.002,0.005,1,0.000,0.000,0.000,0,8,0,0
270,0.498,0.498,0.488,0.003,0.002,0.005,1,0.000,0.000,0.000,0,8,0,0
271,0.338,0.338,0.327,0.004,0.002,0.006,1,0.000,0.000,0.000,0,8,0,0
272,0.453,0.453,0.439,0.004,0.003,0.007,1,0.000,0.000,0.000,0,8,0,0
273,0.300,0.300,0.287,0.004,0.002,0.007,1,0.000,0.000,0.000,0,8,0,0
274,0.770,0.770,0.756,0.005,0.002,0.007,1,0.000,0.000,0.000,0,8,0,0
275,0.300,0.300,0.289,0.004,0.002,0.005,1,0.000,0.000,0.000,0,8,0,0
276,0.277,0.277,0.266,0.004,0.002,0.006,1,0.000,0.000,0.000,0,8,0,0
277,0.344,0.344,0.332,0.004,0.002,0.006,1,0.000,0.000,0.000,0,8,0,0
278,0.277,0.277,0.267,0.004,0.002,0.005,1,0.000,0.000,0.000,0,8,0,0
279,0.272,0.272,0.261,0.003,0.002,0.006,1,0.000,0.000,0.000,0,8,0,0
280,0.598,0.598,0.588,0.003,0.002,0.005,1,0.000,0.000,0.000,0,8,0,0
281,0.478,0.478,0.467,0.004,0.002,0.005,1,0.000,0.000,0.000,0,8,0,0
282,0.520,0.520,0.509,0.004,0.002,0.006,1,0.000,0.000,0.000,0,8,0,0
283,0.463,0.463,0.453,0.004,0.002,0.005,1,0.000,0.000,0.000,0,8,0,0
284,0.474,0.474,0.464,0.004,0.002,0.004,1,0.000,0.000,0.000,0,8,0,0
285,0.519,0.519,0.509,0.004,0.002,0.005,1,0.000,0.000,0.000,0,8,0,0
286,0.393,0.393,0.383,0.004,0.002,0.004,1,0.000,0.000,0.000,0,8,0,0
287,1.100,1.100,1.055,0.016,0.013,0.016,1,0.000,0.000,0.000,0,8,0,0
288,0.341,0.341,0.327,0.005,0.002,0.007,1,0.000,0.000,0.000,0,8,0,0
289,0.281,0.281,0.270,0.004,0.002,0.005,1,0.000,0.000,0.000,0,8,0,0
290,0.268,0.268,0.258,0.004,0.002,0.005,1,0.000,0.000,0.000,0,8,0,0
291,0.268,0.268,0.256,0.003,0.002,0.007,1,0.000,0.000,0.000,0,8,0,0
292,0.262,0.262,0.252,0.004,0.002,0.005,1,0.000,0.000,0.000,0,8,0,0
293,0.261,0.261,0.250,0.003,0.002,0.005,1,0.000,0.000,0.000,0,8,0,0
294,0.263,0.263,0.251,0.003,0.002,0.006,1,0.000,0.000,0.000,0,8,0,0
295,0.260,0.260,0.250,0.003,0.002,0.005,1,0.000,0.000,0.000,0,8,0,0
296,0.257,0.257,0.247,0.003,0.002,0.005,1,0.000,0.000,0.000,0,8,0,0
297,0.263,0.263,0.252,0.003,0.002,0.006,1,0.000,0.000,0.000,0,8,0,0
298,0.259,0.259,0.249,0.003,0.002,0.005,1,0.000,0.000,0.000,0,8,0,0
299,0.506,0.506,0.493,0.004,0.002,0.006,1,0.000,0.000,0.000,0,8,0,0
300,0.283,0.283,0.271,0.004,0.002,0.006,1,0.000,0.000,0.000,0,8,0,0
301,0.467,0.467,0.453,0.005,0.002,0.007,1,0.000,0.000,0.000,0,8,0,0
302,0.297,0.297,0.285,0.004,0.002,0.006,1,0.000,0.000,0.000,0,8,0,0
303,0.272,0.272,0.261,0.004,0.002,0.006,1,0.000,0.000,0.000,0,8,0,0
304,0.262,0.262,0.251,0.003,0.002,0.005,1,0.000,0.000,0.000,0,8,0,0
305,0.487,0.487,0.476,0.003,0.002,0.005,1,0.000,0.000,0.000,0,8,0,0
306,0.636,0.636,0.611,0.003,0.011,0.010,1,0.000,0.000,0.000,0,8,0,0
307,0.800,0.800,0.784,0.007,0.003,0.005,1,0.000,0.000,0.000,0,8,0,0
308,2.161,2.161,2.148,0.004,0.002,0.007,1,0.000,0.000,0.000,0,8,0,0
309,0.447,0.447,0.437,0.004,0.002,0.004,1,0.000,0.000,0.000,0,8,0,0
310,0.438,0.438,0.429,0.004,0.002,0.004,1,0.000,0.000,0.000,0,8,0,0
311,0.487,0.487,0.476,0.004,0.002,0.005,1,0.000,0.000,0.000,0,8,0,0
312,0.439,0.439,0.429,0.004,0.002,0.004,1,0.000,0.000,0.000,0,8,0,0
313,0.445,0.445,0.435,0.004,0.002,0.004,1,0.000,0.000,0.000,0,8,0,0
314,0.488,0.488,0.478,0.004,0.002,0.005,1,0.000,0.000,0.000,0,8,0,0
315,0.438,0.438,0.427,0.004,0.002,0.004,1,0.000,0.000,0.000,0,8,0,0
316,0.443,0.443,0.433,0.004,0.002,0.004,1,0.000,0.000,0.000,0,8,0,0
317,0.480,0.480,0.469,0.004,0.002,0.005,1,0.000,0.000,0.000,0,8,0,0
318,0.465,0.465,0.455,0.004,0.002,0.004,1,0.000,0.000,0.000,0,8,0,0
319,0.439,0.439,0.430,0.004,0.002,0.004,1,0.000,0.000,0.000,0,8,0,0
320,0.476,0.476,0.466,0.004,0.002,0.005,1,0.000,0.000,0.000,0,8,0,0
321,0.432,0.432,0.422,0.004,0.002,0.004,1,0.000,0.000,0.000,0,8,0,0
322,0.432,0.432,0.422,0.004,0.002,0.004,1,0.000,0.000,0.000,0,8,0,0
323,0.476,0.476,0.465,0.004,0.002,0.005,1,0.000,0.000,0.000,0,8,0,0
324,0.434,0.434,0.424,0.004,0.002,0.004,1,0.000,0.000,0.000,0,8,0,0
325,2.742,2.742,2.730,0.004,0.003,0.005,1,0.000,0.000,0.000,0,8,0,0
326,0.511,0.511,0.499,0.004,0.002,0.006,1,0.000,0.000,0.000,0,8,0,0
327,0.441,0.441,0.431,0.004,0.002,0.004,1,0.000,0.000,0.000,0,8,0,0
328,0.437,0.437,0.427,0.004,0.002,0.004,1,0.000,0.000,0.000,0,8,0,0
329,0.475,0.475,0.464,0.004,0.002,0.005,1,0.000,0.000,0.000,0,8,0,0
330,0.433,0.433,0.423,0.004,0.002,0.004,1,0.000,0.000,0.000,0,8,0,0
331,0.434,0.434,0.424,0.004,0.002,0.004,1,0.000,0.000,0.000,0,8,0,0
332,0.479,0.479,0.468,0.004,0.002,0.005,1,0.000,0.000,0.000,0,8,0,0
333,0.435,0.435,0.425,0.004,0.002,0.004,1,0.000,0.000,0.000,0,8,0,0
334,0.434,0.434,0.424,0.004,0.002,0.004,1,0.000,0.000,0.000,0,8,0,0
335,0.479,0.479,0.467,0.004,0.002,0.005,1,0.000,0.000,0.000,0,8,0,0
336,0.435,0.435,0.425,0.004,0.002,0.004,1,0.000,0.000,0.000,0,8,0,0
337,0.431,0.431,0.421,0.004,0.002,0.004,1,0.000,0.000,0.000,0,8,0,0
338,0.475,0.475,0.464,0.004,0.002,0.005,1,0.000,0.000,0.000,0,8,0,0
339,0.430,0.430,0.421,0.004,0.002,0.004,1,0.000,0.000,0.000,0,8,0,0
340,0.433,0.433,0.423,0.004,0.002,0.004,1,0.000,0.000,0.000,0,8,0,0
341,0.474,0.474,0.464,0.004,0.002,0.005,1,0.000,0.000,0.000,0,8,0,0
342,53.590,53.590,53.540,0.016,0.013,0.021,1,0.000,0.000,0.000,0,4,0,0
343,0.473,0.473,0.455,0.006,0.003,0.009,1,0.000,0.000,0.000,0,4,0,0
344,0.291,0.291,0.279,0.003,0.002,0.007,1,0.000,0.000,0.000,0,4,0,0
345,0.267,0.267,0.257,0.003,0.002,0.006,1,0.000,0.000,0.000,0,4,0,0
346,0.265,0.265,0.255,0.002,0.002,0.006,1,0.000,0.000,0.000,0,4,0,0
347,0.262,0.262,0.252,0.003,0.002,0.006,1,0.000,0.000,0.000,0,4,0,0
348,0.255,0.255,0.246,0.003,0.002,0.005,1,0.000,0.000,0.000,0,4,0,0
349,0.256,0.256,0.247,0.003,0.002,0.005,1,0.000,0.000,0.000,0,4,0,0
350,0.259,0.259,0.249,0.002,0.002,0.007,1,0.000,0.000,0.000,0,4,0,0
351,0.605,0.605,0.595,0.002,0.003,0.005,1,0.000,0.000,0.000,0,4,0,0
352,0.480,0.480,0.471,0.003,0.002,0.004,1,0.000,0.000,0.000,0,4,0,0
353,0.529,0.529,0.518,0.003,0.002,0.006,1,0.000,0.000,0.000,0,4,0,0
354,0.480,0.480,0.471,0.003,0.002,0.004,1,0.000,0.000,0.000,0,4,0,0
355,0.465,0.465,0.456,0.003,0.002,0.004,1,0.000,0.000,0.000,0,4,0,0
356,0.534,0.534,0.524,0.003,0.002,0.005,1,0.000,0.000,0.000,0,4,0,0
357,0.462,0.462,0.453,0.003,0.002,0.004,1,0.000,0.000,0.000,0,4,0,0
358,0.720,0.720,0.711,0.003,0.002,0.004,1,0.000,0.000,0.000,0,4,0,0
359,0.625,0.625,0.609,0.006,0.003,0.007,1,0.000,0.000,0.000,0,4,0,0
360,0.289,0.289,0.279,0.003,0.002,0.005,1,0.000,0.000,0.000,0,4,0,0
361,0.264,0.264,0.255,0.002,0.002,0.005,1,0.000,0.000,0.000,0,4,0,0
362,0.264,0.264,0.253,0.003,0.002,0.007,1,0.000,0.000,0.000,0,4,0,0
363,0.692,0.692,0.651,0.002,0.018,0.020,1,0.000,0.000,0.000,0,4,0,0
364,1.122,1.122,1.096,0.016,0.004,0.005,1,0.000,0.000,0.000,0,4,0,0
365,0.589,0.589,0.575,0.003,0.004,0.006,1,0.000,0.000,0.000,0,4,0,0
366,0.500,0.500,0.490,0.004,0.002,0.004,1,0.000,0.000,0.000,0,4,0,0
367,1.902,1.902,1.891,0.003,0.002,0.006,1,0.000,0.000,0.000,0,4,0,0
368,0.549,0.549,0.538,0.003,0.002,0.005,1,0.000,0.000,0.000,0,4,0,0
369,0.453,0.453,0.444,0.003,0.002,0.005,1,0.000,0.000,0.000,0,4,0,0
370,0.432,0.432,0.423,0.003,0.002,0.004,1,0.000,0.000,0.000,0,4,0,0
371,0.478,0.478,0.468,0.002,0.002,0.005,1,0.000,0.000,0.000,0,4,0,0
372,0.432,0.432,0.423,0.003,0.002,0.004,1,0.000,0.000,0.000,0,4,0,0
373,0.429,0.429,0.420,0.003,0.002,0.004,1,0.000,0.000,0.000,0,4,0,0
374,0.471,0.471,0.462,0.002,0.002,0.005,1,0.000,0.000,0.000,0,4,0,0
375,0.427,0.427,0.418,0.003,0.002,0.004,1,0.000,0.000,0.000,0,4,0,0
376,0.445,0.445,0.436,0.003,0.002,0.004,1,0.000,0.000,0.000,0,4,0,0
377,0.477,0.477,0.468,0.003,0.002,0.004,1,0.000,0.000,0.000,0,4,0,0
378,0.429,0.429,0.420,0.003,0.002,0.004,1,0.000,0.000,0.000,0,4,0,0
379,0.433,0.433,0.425,0.002,0.002,0.004,1,0.000,0.000,0.000,0,4,0,0
380,0.474,0.474,0.464,0.003,0.002,0.005,1,0.000,0.000,0.000,0,4,0,0
381,0.428,0.428,0.419,0.003,0.002,0.004,1,0.000,0.000,0.000,0,4,0,0
382,0.425,0.425,0.416,0.003,0.002,0.004,1,0.000,0.000,0.000,0,4,0,0
383,0.471,0.471,0.462,0.002,0.002,0.005,1,0.000,0.000,0.000,0,4,0,0
384,0.428,0.428,0.420,0.003,0.002,0.004,1,0.000,0.000,0.000,0,4,0,0
385,0.426,0.426,0.417,0.003,0.002,0.004,1,0.000,0.000,0.000,0,4,0,0
386,0.471,0.471,0.461,0.003,0.002,0.005,1,0.000,0.000,0.000,0,4,0,0
387,1.673,1.673,1.664,0.003,0.002,0.004,1,0.000,0.000,0.000,0,4,0,0
388,0.429,0.429,0.420,0.003,0.002,0.004,1,0.000,0.000,0.000,0,4,0,0
389,0.468,0.468,0.458,0.003,0.002,0.005,1,0.000,0.000,0.000,0,4,0,0
390,0.433,0.433,0.424,0.003,0.002,0.004,1,0.000,0.000,0.000,0,4,0,0
391,0.424,0.424,0.415,0.003,0.002,0.004,1,0.000,0.000,0.000,0,4,0,0
392,0.465,0.465,0.455,0.003,0.002,0.005,1,0.000,0.000,0.000,0,4,0,0
393,0.425,0.425,0.416,0.003,0.002,0.004,1,0.000,0.000,0.000,0,4,0,0
394,0.424,0.424,0.416,0.003,0.002,0.004,1,0.000,0.000,0.000,0,4,0,0
395,0.467,0.467,0.457,0.003,0.002,0.005,1,0.000,0.000,0.000,0,4,0,0
396,1.334,1.334,1.325,0.003,0.002,0.004,1,0.000,0.000,0.000,0,4,0,0
397,0.551,0.551,0.538,0.004,0.003,0.006,1,0.000,0.000,0.000,0,4,0,0
398,0.501,0.501,0.490,0.003,0.002,0.006,1,0.000,0.000,0.000,0,4,0,0
399,0.441,0.441,0.432,0.003,0.002,0.004,1,0.000,0.000,0.000,0,4,0,0
400,0.538,0.538,0.528,0.003,0.002,0.005,1,0.000,0.000,0.000,0,4,0,0
401,0.490,0.490,0.481,0.003,0.002,0.005,1,0.000,0.000,0.000,0,4,0,0
402,0.433,0.433,0.424,0.003,0.002,0.004,1,0.000,0.000,0.000,0,4,0,0
403,1.528,1.528,1.518,0.002,0.002,0.005,1,0.000,0.000,0.000,0,4,0,0
404,0.468,0.468,0.458,0.003,0.002,0.004,1,0.000,0.000,0.000,0,4,0,0
405,0.435,0.435,0.426,0.003,0.002,0.004,1,0.000,0.000,0.000,0,4,0,0
406,0.472,0.472,0.462,0.003,0.002,0.005,1,0.000,0.000,0.000,0,4,0,0
407,0.426,0.426,0.418,0.003,0.002,0.004,1,0.000,0.000,0.000,0,4,0,0
408,0.425,0.425,0.416,0.003,0.002,0.004,1,0.000,0.000,0.000,0,4,0,0
409,0.474,0.474,0.465,0.003,0.002,0.005,1,0.000,0.000,0.000,0,4,0,0
410,0.475,0.475,0.466,0.003,0.002,0.004,1,0.000,0.000,0.000,0,4,0,0
411,0.440,0.440,0.430,0.003,0.002,0.004,1,0.000,0.000,0.000,0,4,0,0
412,0.472,0.472,0.462,0.003,0.002,0.005,1,0.000,0.000,0.000,0,4,0,0
413,0.430,0.430,0.421,0.003,0.002,0.004,1,0.000,0.000,0.000,0,4,0,0
414,0.428,0.428,0.419,0.003,0.002,0.004,1,0.000,0.000,0.000,0,4,0,0
415,0.469,0.469,0.459,0.003,0.002,0.005,1,0.000,0.000,0.000,0,4,0,0
416,0.424,0.424,0.415,0.003,0.002,0.004,1,0.000,0.000,0.000,0,4,0,0
417,0.426,0.426,0.417,0.003,0.002,0.004,1,0.000,0.000,0.000,0,4,0,0
418,0.474,0.474,0.464,0.003,0.002,0.004,1,0.000,0.000,0.000,0,4,0,0
419,0.648,0.648,0.638,0.003,0.002,0.005,1,0.000,0.000,0.000,0,4,0,0
420,0.439,0.439,0.429,0.003,0.002,0.004,1,0.000,0.000,0.000,0,4,0,0
421,0.486,0.486,0.476,0.003,0.002,0.005,1,0.000,0.000,0.000,0,4,0,0
422,1.402,1.402,1.391,0.003,0.002,0.006,1,0.000,0.000,0.000,0,4,0,0
423,0.510,0.510,0.498,0.005,0.002,0.005,1,0.000,0.000,0.000,0,4,0,0
424,0.489,0.489,0.478,0.003,0.002,0.006,1,0.000,0.000,0.000,0,4,0,0
425,0.436,0.436,0.427,0.003,0.002,0.004,1,0.000,0.000,0.000,0,4,0,0
426,0.423,0.423,0.414,0.003,0.002,0.004,1,0.000,0.000,0.000,0,4,0,0
427,0.287,0.287,0.277,0.003,0.002,0.006,1,0.000,0.000,0.000,0,4,0,0
428,0.796,0.796,0.736,0.003,0.016,0.041,1,0.000,0.000,0.000,0,4,0,0
429,1.125,1.125,1.102,0.013,0.004,0.006,1,0.000,0.000,0.000,0,4,0,0
430,0.589,0.589,0.576,0.004,0.002,0.006,1,0.000,0.000,0.000,0,4,0,0
431,0.568,0.568,0.558,0.003,0.003,0.005,1,0.000,0.000,0.000,0,4,0,0
432,0.469,0.469,0.460,0.003,0.002,0.005,1,0.000,0.000,0.000,0,4,0,0
433,0.611,0.611,0.600,0.004,0.002,0.006,1,0.000,0.000,0.000,0,4,0,0
434,1.520,1.520,1.510,0.003,0.002,0.005,1,0.000,0.000,0.000,0,4,0,0
435,0.455,0.455,0.445,0.003,0.002,0.004,1,0.000,0.000,0.000,0,4,0,0
436,0.493,0.493,0.483,0.003,0.002,0.005,1,0.000,0.000,0.000,0,4,0,0
437,0.444,0.444,0.435,0.003,0.002,0.004,1,0.000,0.000,0.000,0,4,0,0
438,0.431,0.431,0.422,0.003,0.002,0.004,1,0.000,0.000,0.000,0,4,0,0
439,0.472,0.472,0.463,0.003,0.002,0.005,1,0.000,0.000,0.000,0,4,0,0
440,0.548,0.548,0.540,0.002,0.002,0.004,1,0.000,0.000,0.000,0,4,0,0
441,0.944,0.944,0.904,0.012,0.011,0.017,1,0.000,0.000,0.000,0,4,0,0
442,0.323,0.323,0.309,0.004,0.003,0.007,1,0.000,0.000,0.000,0,4,0,0
443,0.277,0.277,0.266,0.002,0.002,0.005,1,0.000,0.000,0.000,0,4,0,0
444,0.265,0.265,0.255,0.003,0.002,0.006,1,0.000,0.000,0.000,0,4,0,0
445,0.265,0.265,0.254,0.002,0.002,0.006,1,0.000,0.000,0.000,0,4,0,0
446,0.258,0.258,0.249,0.002,0.002,0.005,1,0.000,0.000,0.000,0,4,0,0
447,0.255,0.255,0.246,0.002,0.002,0.005,1,0.000,0.000,0.000,0,4,0,0
448,0.259,0.259,0.248,0.003,0.002,0.006,1,0.000,0.000,0.000,0,4,0,0
449,0.257,0.257,0.248,0.002,0.002,0.005,1,0.000,0.000,0.000,0,4,0,0
450,0.255,0.255,0.245,0.002,0.002,0.005,1,0.000,0.000,0.000,0,4,0,0
451,0.258,0.258,0.248,0.002,0.002,0.006,1,0.000,0.000,0.000,0,4,0,0
452,0.252,0.252,0.243,0.002,0.002,0.005,1,0.000,0.000,0.000,0,4,0,0
453,0.251,0.251,0.242,0.002,0.002,0.005,1,0.000,0.000,0.000,0,4,0,0
454,0.262,0.262,0.252,0.002,0.002,0.006,1,0.000,0.000,0.000,0,4,0,0
455,0.627,0.627,0.603,0.003,0.010,0.012,1,0.000,0.000,0.000,0,4,0,0
456,0.751,0.751,0.733,0.009,0.003,0.006,1,0.000,0.000,0.000,0,4,0,0
457,0.510,0.510,0.499,0.003,0.002,0.006,1,0.000,0.000,0.000,0,4,0,0
458,1.249,1.249,1.239,0.003,0.002,0.004,1,0.000,0.000,0.000,0,4,0,0
459,0.434,0.434,0.426,0.003,0.002,0.004,1,0.000,0.000,0.000,0,4,0,0
460,0.473,0.473,0.463,0.003,0.002,0.005,1,0.000,0.000,0.000,0,4,0,0
461,0.525,0.525,0.516,0.003,0.002,0.005,1,0.000,0.000,0.000,0,4,0,0
462,0.445,0.445,0.436,0.003,0.002,0.004,1,0.000,0.000,0.000,0,4,0,0
463,0.479,0.479,0.470,0.003,0.002,0.005,1,0.000,0.000,0.000,0,4,0,0
464,0.431,0.431,0.422,0.002,0.002,0.004,1,0.000,0.000,0.000,0,4,0,0
465,0.429,0.429,0.420,0.003,0.002,0.004,1,0.000,0.000,0.000,0,4,0,0
466,0.636,0.636,0.625,0.003,0.003,0.005,1,0.000,0.000,0.000,0,4,0,0
467,1.032,1.032,1.020,0.004,0.003,0.005,1,0.000,0.000,0.000,0,4,0,0
468,0.464,0.464,0.455,0.003,0.002,0.005,1,0.000,0.000,0.000,0,4,0,0
469,1.497,1.497,1.487,0.003,0.002,0.005,1,0.000,0.000,0.000,0,4,0,0
470,0.437,0.437,0.428,0.003,0.002,0.004,1,0.000,0.000,0.000,0,4,0,0
471,0.446,0.446,0.436,0.003,0.002,0.004,1,0.000,0.000,0.000,0,4,0,0
472,0.470,0.470,0.461,0.003,0.002,0.005,1,0.000,0.000,0.000,0,4,0,0
473,0.428,0.428,0.419,0.003,0.002,0.004,1,0.000,0.000,0.000,0,4,0,0
474,0.429,0.429,0.419,0.003,0.002,0.004,1,0.000,0.000,0.000,0,4,0,0
475,0.468,0.468,0.459,0.003,0.002,0.005,1,0.000,0.000,0.000,0,4,0,0
476,0.428,0.428,0.419,0.003,0.002,0.004,1,0.000,0.000,0.000,0,4,0,0
477,0.425,0.425,0.416,0.003,0.002,0.004,1,0.000,0.000,0.000,0,4,0,0
478,0.469,0.469,0.460,0.002,0.002,0.005,1,0.000,0.000,0.000,0,4,0,0
479,1.190,1.190,1.180,0.003,0.002,0.006,1,0.000,0.000,0.000,0,4,0,0
480,0.471,0.471,0.461,0.003,0.002,0.005,1,0.000,0.000,0.000,0,4,0,0
481,0.479,0.479,0.469,0.003,0.002,0.005,1,0.000,0.000,0.000,0,4,0,0
482,0.431,0.431,0.422,0.003,0.002,0.004,1,0.000,0.000,0.000,0,4,0,0
483,0.426,0.426,0.417,0.002,0.002,0.004,1,0.000,0.000,0.000,0,4,0,0
484,0.469,0.469,0.460,0.003,0.002,0.005,1,0.000,0.000,0.000,0,4,0,0
485,0.429,0.429,0.420,0.003,0.002,0.004,1,0.000,0.000,0.000,0,4,0,0
486,0.424,0.424,0.416,0.003,0.002,0.004,1,0.000,0.000,0.000,0,4,0,0
487,1.123,1.123,1.091,0.003,0.002,0.027,1,0.000,0.000,0.000,0,4,0,0
488,0.891,0.891,0.861,0.012,0.010,0.008,1,0.000,0.000,0.000,0,4,0,0
489,0.317,0.317,0.305,0.004,0.003,0.006,1,0.000,0.000,0.000,0,4,0,0
490,0.350,0.350,0.338,0.003,0.003,0.007,1,0.000,0.000,0.000,0,4,0,0
491,0.274,0.274,0.264,0.003,0.002,0.005,1,0.000,0.000,0.000,0,4,0,0
492,0.267,0.267,0.258,0.003,0.002,0.005,1,0.000,0.000,0.000,0,4,0,0
493,0.260,0.260,0.249,0.003,0.002,0.006,1,0.000,0.000,0.000,0,4,0,0
494,0.255,0.255,0.246,0.002,0.002,0.005,1,0.000,0.000,0.000,0,4,0,0
495,0.323,0.323,0.313,0.003,0.002,0.005,1,0.000,0.000,0.000,0,4,0,0
496,0.267,0.267,0.255,0.002,0.002,0.008,1,0.000,0.000,0.000,0,4,0,0
497,0.555,0.555,0.546,0.002,0.002,0.004,1,0.000,0.000,0.000,0,4,0,0
498,0.666,0.666,0.644,0.003,0.009,0.011,1,0.000,0.000,0.000,0,4,0,0
499,0.865,0.865,0.847,0.009,0.003,0.006,1,0.000,0.000,0.000,0,4,0,0
500,0.471,0.471,0.461,0.003,0.002,0.004,1,0.000,0.000,0.000,0,4,0,0
501,3.230,3.230,3.213,0.005,0.003,0.009,1,0.000,0.000,0.000,0,4,0,0
502,0.557,0.557,0.547,0.003,0.003,0.005,1,0.000,0.000,0.000,0,4,0,0
503,1.087,1.087,1.054,0.009,0.008,0.016,1,0.000,0.000,0.000,0,4,0,0
504,0.336,0.336,0.322,0.004,0.002,0.007,1,0.000,0.000,0.000,0,4,0,0
505,0.538,0.538,0.528,0.003,0.003,0.004,1,0.000,0.000,0.000,0,4,0,0
506,0.279,0.279,0.270,0.003,0.002,0.005,1,0.000,0.000,0.000,0,4,0,0
507,0.264,0.264,0.254,0.002,0.002,0.005,1,0.000,0.000,0.000,0,4,0,0
508,0.258,0.258,0.249,0.002,0.002,0.005,1,0.000,0.000,0.000,0,4,0,0
509,0.254,0.254,0.244,0.002,0.002,0.005,1,0.000,0.000,0.000,0,4,0,0
510,0.257,0.257,0.247,0.002,0.002,0.006,1,0.000,0.000,0.000,0,4,0,0
511,0.255,0.255,0.246,0.002,0.002,0.005,1,0.000,0.000,0.000,0,4,0,0
512,0.254,0.254,0.245,0.002,0.002,0.005,1,0.000,0.000,0.000,0,4,0,0
513,0.258,0.258,0.248,0.002,0.002,0.006,1,0.000,0.000,0.000,0,4,0,0
514,0.670,0.670,0.660,0.002,0.002,0.006,1,0.000,0.000,0.000,0,4,0,0
515,0.473,0.473,0.464,0.003,0.002,0.005,1,0.000,0.000,0.000,0,4,0,0
516,0.627,0.627,0.617,0.003,0.002,0.005,1,0.000,0.000,0.000,0,4,0,0
517,0.463,0.463,0.454,0.002,0.002,0.004,1,0.000,0.000,0.000,0,4,0,0
518,0.464,0.464,0.455,0.003,0.002,0.004,1,0.000,0.000,0.000,0,4,0,0
519,0.508,0.508,0.498,0.003,0.002,0.005,1,0.000,0.000,0.000,0,4,0,0
520,0.440,0.440,0.431,0.003,0.002,0.004,1,0.000,0.000,0.000,0,4,0,0
521,0.291,0.291,0.280,0.002,0.002,0.006,1,0.000,0.000,0.000,0,4,0,0
522,0.287,0.287,0.276,0.004,0.002,0.006,1,0.000,0.000,0.000,0,8,0,0
523,0.269,0.269,0.258,0.003,0.002,0.005,1,0.000,0.000,0.000,0,8,0,0
524,0.263,0.263,0.253,0.003,0.002,0.005,1,0.000,0.000,0.000,0,8,0,0
525,0.266,0.266,0.255,0.004,0.002,0.006,1,0.000,0.000,0.000,0,8,0,0
526,0.832,0.832,0.802,0.003,0.011,0.015,1,0.000,0.000,0.000,0,8,0,0
527,0.952,0.952,0.935,0.008,0.003,0.006,1,0.000,0.000,0.000,0,8,0,0
528,0.736,0.736,0.724,0.005,0.003,0.006,1,0.000,0.000,0.000,0,8,0,0
529,0.634,0.634,0.623,0.004,0.002,0.004,1,0.000,0.000,0.000,0,8,0,0
530,0.459,0.459,0.449,0.004,0.002,0.005,1,0.000,0.000,0.000,0,8,0,0
531,1.094,1.094,1.084,0.004,0.002,0.005,1,0.000,0.000,0.000,0,8,0,0
532,0.513,0.513,0.500,0.005,0.003,0.006,1,0.000,0.000,0.000,0,8,0,0
533,0.465,0.465,0.454,0.004,0.002,0.004,1,0.000,0.000,0.000,0,8,0,0
534,0.645,0.645,0.634,0.004,0.002,0.005,1,0.000,0.000,0.000,0,8,0,0
535,0.445,0.445,0.435,0.004,0.002,0.004,1,0.000,0.000,0.000,0,8,0,0
536,0.594,0.594,0.584,0.004,0.002,0.004,1,0.000,0.000,0.000,0,8,0,0
537,0.483,0.483,0.473,0.004,0.002,0.005,1,0.000,0.000,0.000,0,8,0,0
538,0.435,0.435,0.425,0.004,0.002,0.004,1,0.000,0.000,0.000,0,8,0,0
539,0.694,0.694,0.683,0.004,0.002,0.005,1,0.000,0.000,0.000,0,8,0,0
540,0.495,0.495,0.485,0.004,0.002,0.005,1,0.000,0.000,0.000,0,8,0,0
541,0.442,0.442,0.432,0.004,0.002,0.004,1,0.000,0.000,0.000,0,8,0,0
542,0.440,0.440,0.430,0.004,0.002,0.004,1,0.000,0.000,0.000,0,8,0,0
543,1.135,1.135,1.125,0.004,0.002,0.005,1,0.000,0.000,0.000,0,8,0,0
544,0.435,0.435,0.425,0.004,0.002,0.004,1,0.000,0.000,0.000,0,8,0,0
545,0.434,0.434,0.424,0.004,0.002,0.004,1,0.000,0.000,0.000,0,8,0,0
546,0.476,0.476,0.466,0.004,0.002,0.005,1,0.000,0.000,0.000,0,8,0,0
547,0.434,0.434,0.424,0.004,0.002,0.004,1,0.000,0.000,0.000,0,8,0,0
548,0.436,0.436,0.426,0.004,0.002,0.004,1,0.000,0.000,0.000,0,8,0,0
549,0.491,0.491,0.480,0.004,0.002,0.005,1,0.000,0.000,0.000,0,8,0,0
550,0.660,0.660,0.648,0.005,0.003,0.005,1,0.000,0.000,0.000,0,8,0,0
551,1.103,1.103,1.081,0.004,0.002,0.016,1,0.000,0.000,0.000,0,8,0,0
552,0.422,0.422,0.406,0.005,0.002,0.009,1,0.000,0.000,0.000,0,8,0,0
553,10.514,10.514,10.467,0.017,0.012,0.019,1,0.000,0.000,0.000,0,8,0,0
554,2.242,2.242,2.199,0.016,0.011,0.016,1,0.000,0.000,0.000,0,8,0,0
555,0.480,0.480,0.464,0.006,0.004,0.007,1,0.000,0.000,0.000,0,8,0,0
556,0.288,0.288,0.277,0.004,0.002,0.005,1,0.000,0.000,0.000,0,8,0,0
557,0.292,0.292,0.282,0.004,0.002,0.005,1,0.000,0.000,0.000,0,8,0,0
558,0.297,0.297,0.284,0.004,0.002,0.007,1,0.000,0.000,0.000,0,8,0,0
559,0.361,0.361,0.348,0.004,0.002,0.007,1,0.000,0.000,0.000,0,8,0,0
560,0.273,0.273,0.261,0.004,0.002,0.006,1,0.000,0.000,0.000,0,8,0,0
561,0.271,0.271,0.260,0.003,0.002,0.007,1,0.000,0.000,0.000,0,8,0,0
562,0.262,0.262,0.251,0.003,0.002,0.005,1,0.000,0.000,0.000,0,8,0,0
563,0.264,0.264,0.254,0.003,0.002,0.005,1,0.000,0.000,0.000,0,8,0,0
564,0.270,0.270,0.258,0.004,0.002,0.006,1,0.000,0.000,0.000,0,8,0,0
565,0.262,0.262,0.252,0.003,0.002,0.005,1,0.000,0.000,0.000,0,8,0,0
566,0.261,0.261,0.251,0.003,0.002,0.005,1,0.000,0.000,0.000,0,8,0,0
567,0.272,0.272,0.260,0.003,0.002,0.007,1,0.000,0.000,0.000,0,8,0,0
568,0.608,0.608,0.595,0.003,0.004,0.006,1,0.000,0.000,0.000,0,8,0,0
569,0.320,0.320,0.308,0.004,0.002,0.006,1,0.000,0.000,0.000,0,8,0,0
570,0.374,0.374,0.287,0.078,0.002,0.007,1,0.000,0.000,0.000,0,8,0,0
571,0.279,0.279,0.268,0.004,0.002,0.005,1,0.000,0.000,0.000,0,8,0,0
572,0.270,0.270,0.260,0.003,0.002,0.005,1,0.000,0.000,0.000,0,8,0,0
573,0.266,0.266,0.255,0.003,0.002,0.006,1,0.000,0.000,0.000,0,8,0,0
574,0.261,0.261,0.251,0.003,0.002,0.005,1,0.000,0.000,0.000,0,8,0,0
575,0.263,0.263,0.253,0.003,0.002,0.005,1,0.000,0.000,0.000,0,8,0,0
576,0.266,0.266,0.254,0.003,0.002,0.007,1,0.000,0.000,0.000,0,8,0,0
577,0.261,0.261,0.251,0.003,0.002,0.005,1,0.000,0.000,0.000,0,8,0,0
578,0.260,0.260,0.249,0.003,0.002,0.005,1,0.000,0.000,0.000,0,8,0,0
579,0.266,0.266,0.254,0.003,0.002,0.006,1,0.000,0.000,0.000,0,8,0,0
580,0.260,0.260,0.249,0.004,0.002,0.006,1,0.000,0.000,0.000,0,8,0,0
581,0.260,0.260,0.250,0.003,0.002,0.005,1,0.000,0.000,0.000,0,8,0,0
582,0.264,0.264,0.253,0.003,0.002,0.006,1,0.000,0.000,0.000,0,8,0,0
583,0.260,0.260,0.250,0.003,0.002,0.005,1,0.000,0.000,0.000,0,8,0,0
584,0.261,0.261,0.250,0.003,0.002,0.005,1,0.000,0.000,0.000,0,8,0,0
585,0.265,0.265,0.253,0.003,0.002,0.007,1,0.000,0.000,0.000,0,8,0,0
586,0.260,0.260,0.250,0.004,0.002,0.005,1,0.000,0.000,0.000,0,8,0,0
587,1.518,1.518,1.502,0.003,0.004,0.009,1,0.000,0.000,0.000,0,8,0,0
588,0.396,0.396,0.382,0.005,0.003,0.007,1,0.000,0.000,0.000,0,8,0,0
589,0.286,0.286,0.275,0.004,0.002,0.005,1,0.000,0.000,0.000,0,8,0,0
590,0.271,0.271,0.260,0.004,0.002,0.005,1,0.000,0.000,0.000,0,8,0,0
591,0.271,0.271,0.259,0.003,0.002,0.006,1,0.000,0.000,0.000,0,8,0,0
592,0.263,0.263,0.253,0.003,0.002,0.005,1,0.000,0.000,0.000,0,8,0,0
593,0.262,0.262,0.251,0.003,0.002,0.005,1,0.000,0.000,0.000,0,8,0,0
594,0.264,0.264,0.252,0.003,0.002,0.007,1,0.000,0.000,0.000,0,8,0,0
595,0.262,0.262,0.252,0.003,0.002,0.006,1,0.000,0.000,0.000,0,8,0,0
596,0.261,0.261,0.251,0.004,0.002,0.005,1,0.000,0.000,0.000,0,8,0,0
597,0.265,0.265,0.254,0.003,0.002,0.006,1,0.000,0.000,0.000,0,8,0,0
598,0.258,0.258,0.248,0.003,0.002,0.005,1,0.000,0.000,0.000,0,8,0,0
599,0.367,0.367,0.354,0.004,0.003,0.006,1,0.000,0.000,0.000,0,8,0,0
600,0.282,0.282,0.271,0.004,0.002,0.006,1,0.000,0.000,0.000,0,8,0,0
601,0.328,0.328,0.317,0.004,0.002,0.006,1,0.000,0.000,0.000,0,8,0,0
602,0.276,0.276,0.263,0.004,0.002,0.007,1,0.000,0.000,0.000,0,8,0,0
603,0.263,0.263,0.253,0.004,0.002,0.005,1,0.000,0.000,0.000,0,8,0,0
604,0.264,0.264,0.254,0.003,0.002,0.005,1,0.000,0.000,0.000,0,8,0,0
605,0.266,0.266,0.254,0.003,0.002,0.007,1,0.000,0.000,0.000,0,8,0,0
606,0.263,0.263,0.252,0.003,0.002,0.005,1,0.000,0.000,0.000,0,8,0,0
607,0.264,0.264,0.254,0.003,0.002,0.005,1,0.000,0.000,0.000,0,8,0,0
608,0.266,0.266,0.254,0.003,0.002,0.006,1,0.000,0.000,0.000,0,8,0,0
609,0.260,0.260,0.250,0.003,0.002,0.005,1,0.000,0.000,0.000,0,8,0,0
610,0.261,0.261,0.251,0.003,0.002,0.005,1,0.000,0.000,0.000,0,8,0,0
611,0.267,0.267,0.255,0.003,0.002,0.007,1,0.000,0.000,0.000,0,8,0,0
612,0.262,0.262,0.252,0.003,0.002,0.005,1,0.000,0.000,0.000,0,8,0,0
613,0.894,0.894,0.879,0.005,0.003,0.008,1,0.000,0.000,0.000,0,8,0,0
614,0.339,0.339,0.325,0.005,0.002,0.007,1,0.000,0.000,0.000,0,8,0,0
615,0.298,0.298,0.287,0.004,0.002,0.006,1,0.000,0.000,0.000,0,8,0,0
616,0.289,0.289,0.278,0.004,0.002,0.005,1,0.000,0.000,0.000,0,8,0,0
617,0.303,0.303,0.291,0.004,0.002,0.006,1,0.000,0.000,0.000,0,8,0,0
618,0.302,0.302,0.291,0.004,0.002,0.006,1,0.000,0.000,0.000,0,8,0,0
619,0.305,0.305,0.295,0.003,0.002,0.005,1,0.000,0.000,0.000,0,8,0,0
620,0.317,0.317,0.304,0.004,0.002,0.007,1,0.000,0.000,0.000,0,8,0,0
621,0.666,0.666,0.655,0.004,0.002,0.005,1,0.000,0.000,0.000,0,8,0,0
622,0.528,0.528,0.517,0.004,0.002,0.005,1,0.000,0.000,0.000,0,8,0,0
623,0.634,0.634,0.622,0.004,0.002,0.006,1,0.000,0.000,0.000,0,8,0,0
624,0.508,0.508,0.498,0.004,0.002,0.004,1,0.000,0.000,0.000,0,8,0,0
625,0.628,0.628,0.617,0.004,0.003,0.004,1,0.000,0.000,0.000,0,8,0,0
626,0.569,0.569,0.558,0.004,0.002,0.005,1,0.000,0.000,0.000,0,8,0,0
627,3.293,3.293,3.282,0.004,0.002,0.005,1,0.000,0.000,0.000,0,8,0,0
628,0.758,0.758,0.737,0.007,0.003,0.011,1,0.000,0.000,0.000,0,8,0,0
629,0.570,0.570,0.557,0.004,0.002,0.006,1,0.000,0.000,0.000,0,8,0,0
630,0.503,0.503,0.492,0.004,0.002,0.004,1,0.000,0.000,0.000,0,8,0,0
631,0.486,0.486,0.476,0.004,0.002,0.004,1,0.000,0.000,0.000,0,8,0,0
632,0.520,0.520,0.510,0.004,0.002,0.005,1,0.000,0.000,0.000,0,8,0,0
633,0.472,0.472,0.462,0.004,0.002,0.004,1,0.000,0.000,0.000,0,8,0,0
634,0.528,0.528,0.518,0.004,0.002,0.004,1,0.000,0.000,0.000,0,8,0,0
635,0.525,0.525,0.514,0.004,0.002,0.005,1,0.000,0.000,0.000,0,8,0,0
636,0.478,0.478,0.468,0.004,0.002,0.004,1,0.000,0.000,0.000,0,8,0,0
637,5.589,5.589,5.575,0.004,0.002,0.008,1,0.000,0.000,0.000,0,8,0,0
638,0.915,0.915,0.879,0.012,0.008,0.016,1,0.000,0.000,0.000,0,8,0,0
639,0.358,0.358,0.347,0.004,0.002,0.005,1,0.000,0.000,0.000,0,8,0,0
640,0.312,0.312,0.302,0.004,0.002,0.005,1,0.000,0.000,0.000,0,8,0,0
641,0.305,0.305,0.294,0.004,0.002,0.006,1,0.000,0.000,0.000,0,8,0,0
642,0.296,0.296,0.285,0.004,0.002,0.005,1,0.000,0.000,0.000,0,8,0,0
643,0.294,0.294,0.284,0.004,0.002,0.005,1,0.000,0.000,0.000,0,8,0,0
644,0.295,0.295,0.284,0.004,0.002,0.006,1,0.000,0.000,0.000,0,8,0,0
645,0.256,0.256,0.247,0.003,0.002,0.005,1,0.000,0.000,0.000,0,8,0,0
646,0.254,0.254,0.244,0.003,0.002,0.005,1,0.000,0.000,0.000,0,8,0,0
647,0.257,0.257,0.246,0.003,0.002,0.006,1,0.000,0.000,0.000,0,8,0,0
648,0.253,0.253,0.243,0.003,0.002,0.005,1,0.000,0.000,0.000,0,8,0,0
649,0.253,0.253,0.244,0.003,0.002,0.004,1,0.000,0.000,0.000,0,8,0,0
650,0.255,0.255,0.245,0.003,0.002,0.005,1,0.000,0.000,0.000,0,8,0,0
651,0.252,0.252,0.242,0.003,0.002,0.005,1,0.000,0.000,0.000,0,8,0,0
652,0.260,0.260,0.250,0.004,0.002,0.005,1,0.000,0.000,0.000,0,8,0,0
653,0.257,0.257,0.247,0.003,0.002,0.006,1,0.000,0.000,0.000,0,8,0,0
654,0.253,0.253,0.243,0.003,0.002,0.005,1,0.000,0.000,0.000,0,8,0,0
655,0.255,0.255,0.244,0.004,0.002,0.005,1,0.000,0.000,0.000,0,8,0,0
656,0.257,0.257,0.246,0.003,0.002,0.006,1,0.000,0.000,0.000,0,8,0,0
657,0.252,0.252,0.242,0.003,0.002,0.005,1,0.000,0.000,0.000,0,8,0,0
658,0.689,0.689,0.670,0.008,0.004,0.006,1,0.000,0.000,0.000,0,8,0,0
659,0.460,0.460,0.448,0.004,0.002,0.005,1,0.000,0.000,0.000,0,8,0,0
660,0.438,0.438,0.422,0.005,0.004,0.007,1,0.000,0.000,0.000,0,8,0,0
661,0.346,0.346,0.336,0.003,0.002,0.005,1,0.000,0.000,0.000,0,4,0,0
662,0.259,0.259,0.249,0.002,0.002,0.006,1,0.000,0.000,0.000,0,4,0,0
663,0.240,0.240,0.231,0.002,0.002,0.005,1,0.000,0.000,0.000,0,4,0,0
664,0.232,0.232,0.224,0.002,0.002,0.004,1,0.000,0.000,0.000,0,4,0,0
665,0.235,0.235,0.225,0.002,0.002,0.006,1,0.000,0.000,0.000,0,4,0,0
666,0.231,0.231,0.222,0.002,0.002,0.005,1,0.000,0.000,0.000,0,4,0,0
667,0.230,0.230,0.222,0.002,0.002,0.004,1,0.000,0.000,0.000,0,4,0,0
668,0.234,0.234,0.225,0.002,0.002,0.005,1,0.000,0.000,0.000,0,4,0,0
669,0.230,0.230,0.221,0.002,0.002,0.005,1,0.000,0.000,0.000,0,4,0,0
670,0.242,0.242,0.234,0.002,0.002,0.004,1,0.000,0.000,0.000,0,4,0,0
671,0.236,0.236,0.226,0.002,0.002,0.005,1,0.000,0.000,0.000,0,4,0,0
672,0.232,0.232,0.223,0.002,0.002,0.005,1,0.000,0.000,0.000,0,4,0,0
673,0.230,0.230,0.221,0.002,0.002,0.005,1,0.000,0.000,0.000,0,4,0,0
674,0.235,0.235,0.225,0.002,0.002,0.006,1,0.000,0.000,0.000,0,4,0,0
675,0.231,0.231,0.223,0.002,0.002,0.004,1,0.000,0.000,0.000,0,4,0,0
676,0.228,0.228,0.219,0.002,0.002,0.005,1,0.000,0.000,0.000,0,4,0,0
677,0.233,0.233,0.224,0.002,0.002,0.005,1,0.000,0.000,0.000,0,4,0,0
678,0.229,0.229,0.221,0.002,0.002,0.005,1,0.000,0.000,0.000,0,4,0,0
679,0.229,0.229,0.221,0.003,0.002,0.005,1,0.000,0.000,0.000,0,4,0,0
680,0.234,0.234,0.225,0.002,0.002,0.005,1,0.000,0.000,0.000,0,4,0,0
681,0.230,0.230,0.222,0.002,0.002,0.004,1,0.000,0.000,0.000,0,4,0,0
682,0.228,0.228,0.219,0.002,0.002,0.005,1,0.000,0.000,0.000,0,4,0,0
683,0.232,0.232,0.222,0.002,0.002,0.006,1,0.000,0.000,0.000,0,4,0,0
684,0.230,0.230,0.221,0.002,0.002,0.004,1,0.000,0.000,0.000,0,4,0,0
685,0.229,0.229,0.220,0.002,0.002,0.004,1,0.000,0.000,0.000,0,4,0,0
686,0.233,0.233,0.223,0.002,0.002,0.005,1,0.000,0.000,0.000,0,4,0,0
687,0.314,0.314,0.291,0.017,0.002,0.005,1,0.000,0.000,0.000,0,4,0,0
688,0.239,0.239,0.230,0.002,0.002,0.005,1,0.000,0.000,0.000,0,4,0,0
689,0.238,0.238,0.228,0.002,0.002,0.006,1,0.000,0.000,0.000,0,4,0,0
690,0.234,0.234,0.226,0.002,0.002,0.004,1,0.000,0.000,0.000,0,4,0,0
691,0.232,0.232,0.223,0.003,0.002,0.005,1,0.000,0.000,0.000,0,4,0,0
692,0.235,0.235,0.225,0.002,0.002,0.006,1,0.000,0.000,0.000,0,4,0,0
693,0.231,0.231,0.222,0.002,0.002,0.005,1,0.000,0.000,0.000,0,4,0,0
694,0.251,0.251,0.243,0.002,0.002,0.004,1,0.000,0.000,0.000,0,4,0,0
695,0.237,0.237,0.228,0.002,0.002,0.005,1,0.000,0.000,0.000,0,4,0,0
696,0.233,0.233,0.224,0.002,0.002,0.005,1,0.000,0.000,0.000,0,4,0,0
697,0.231,0.231,0.223,0.002,0.002,0.004,1,0.000,0.000,0.000,0,4,0,0
698,0.235,0.235,0.226,0.002,0.002,0.005,1,0.000,0.000,0.000,0,4,0,0
699,0.229,0.229,0.221,0.002,0.002,0.004,1,0.000,0.000,0.000,0,4,0,0
700,0.229,0.229,0.221,0.002,0.002,0.005,1,0.000,0.000,0.000,0,4,0,0
701,0.235,0.235,0.225,0.002,0.002,0.006,1,0.000,0.000,0.000,0,4,0,0
702,0.230,0.230,0.221,0.002,0.002,0.005,1,0.000,0.000,0.000,0,4,0,0
703,0.530,0.530,0.516,0.004,0.003,0.006,1,0.000,0.000,0.000,0,4,0,0
704,0.377,0.377,0.364,0.004,0.003,0.006,1,0.000,0.000,0.000,0,4,0,0
705,0.257,0.257,0.248,0.003,0.002,0.005,1,0.000,0.000,0.000,0,4,0,0
706,0.246,0.246,0.236,0.003,0.002,0.005,1,0.000,0.000,0.000,0,4,0,0
707,0.235,0.235,0.227,0.002,0.002,0.004,1,0.000,0.000,0.000,0,4,0,0
708,0.233,0.233,0.224,0.002,0.002,0.005,1,0.000,0.000,0.000,0,4,0,0
709,0.236,0.236,0.226,0.002,0.002,0.006,1,0.000,0.000,0.000,0,4,0,0
710,0.231,0.231,0.223,0.002,0.002,0.004,1,0.000,0.000,0.000,0,4,0,0
711,0.230,0.230,0.221,0.002,0.002,0.004,1,0.000,0.000,0.000,0,4,0,0
712,0.235,0.235,0.226,0.002,0.002,0.005,1,0.000,0.000,0.000,0,4,0,0
713,0.229,0.229,0.221,0.002,0.002,0.005,1,0.000,0.000,0.000,0,4,0,0
714,0.229,0.229,0.220,0.002,0.002,0.005,1,0.000,0.000,0.000,0,4,0,0
715,0.233,0.233,0.224,0.002,0.002,0.005,1,0.000,0.000,0.000,0,4,0,0
716,0.230,0.230,0.222,0.002,0.002,0.005,1,0.000,0.000,0.000,0,4,0,0
717,0.229,0.229,0.220,0.002,0.002,0.004,1,0.000,0.000,0.000,0,4,0,0
718,0.234,0.234,0.225,0.002,0.002,0.006,1,0.000,0.000,0.000,0,4,0,0
719,0.396,0.396,0.385,0.003,0.002,0.005,1,0.000,0.000,0.000,0,4,0,0
720,0.245,0.245,0.236,0.003,0.002,0.005,1,0.000,0.000,0.000,0,4,0,0
721,0.242,0.242,0.232,0.003,0.002,0.005,1,0.000,0.000,0.000,0,4,0,0
722,0.235,0.235,0.226,0.002,0.002,0.005,1,0.000,0.000,0.000,0,4,0,0
723,2.691,2.691,2.666,0.011,0.005,0.010,1,0.000,0.000,0.000,0,12,0,0
724,1.423,1.423,1.252,0.008,0.003,0.159,1,0.000,0.000,0.000,0,12,0,0
725,1.443,1.443,1.383,0.010,0.004,0.046,1,0.000,0.000,0.000,0,12,0,0
726,1.062,1.062,1.011,0.007,0.003,0.041,1,0.000,0.000,0.000,0,12,0,0
727,1.179,1.179,1.113,0.007,0.003,0.056,1,0.000,0.000,0.000,0,12,0,0
728,1.365,1.365,1.307,0.009,0.004,0.045,1,0.000,0.000,0.000,0,12,0,0
729,1.101,1.101,1.046,0.008,0.004,0.044,1,0.000,0.000,0.000,0,12,0,0
730,0.955,0.955,0.895,0.006,0.002,0.052,1,0.000,0.000,0.000,0,12,0,0
731,0.915,0.915,0.867,0.006,0.002,0.040,1,0.000,0.000,0.000,0,12,0,0
732,1.000,1.000,0.900,0.006,0.002,0.092,1,0.000,0.000,0.000,0,12,0,0
733,1.437,1.437,1.368,0.006,0.002,0.060,1,0.000,0.000,0.000,0,12,0,0
734,1.609,1.609,1.555,0.009,0.004,0.041,1,0.000,0.000,0.000,0,12,0,0
735,1.210,1.210,1.148,0.012,0.004,0.045,1,0.000,0.000,0.000,0,12,0,0
736,1.175,1.175,1.100,0.020,0.003,0.053,1,0.000,0.000,0.000,0,12,0,0
737,0.934,0.934,0.885,0.006,0.002,0.040,1,0.000,0.000,0.000,0,12,0,0
738,0.918,0.918,0.869,0.006,0.002,0.040,1,0.000,0.000,0.000,0,12,0,0
739,0.927,0.927,0.866,0.006,0.002,0.052,1,0.000,0.000,0.000,0,12,0,0
740,0.910,0.910,0.861,0.006,0.002,0.040,1,0.000,0.000,0.000,0,12,0,0
741,0.913,0.913,0.864,0.006,0.002,0.040,1,0.000,0.000,0.000,0,12,0,0
742,0.924,0.924,0.864,0.006,0.002,0.052,1,0.000,0.000,0.000,0,12,0,0
743,0.908,0.908,0.859,0.006,0.002,0.040,1,0.000,0.000,0.000,0,12,0,0
744,0.907,0.907,0.858,0.006,0.002,0.040,1,0.000,0.000,0.000,0,12,0,0
745,0.924,0.924,0.863,0.006,0.002,0.052,1,0.000,0.000,0.000,0,12,0,0
746,0.910,0.910,0.862,0.006,0.002,0.040,1,0.000,0.000,0.000,0,12,0,0
747,0.923,0.923,0.874,0.006,0.002,0.040,1,0.000,0.000,0.000,0,12,0,0
748,0.930,0.930,0.870,0.006,0.002,0.052,1,0.000,0.000,0.000,0,12,0,0
749,0.908,0.908,0.860,0.006,0.002,0.040,1,0.000,0.000,0.000,0,12,0,0
750,0.909,0.909,0.860,0.006,0.002,0.040,1,0.000,0.000,0.000,0,12,0,0
751,0.985,0.985,0.924,0.006,0.002,0.052,1,0.000,0.000,0.000,0,12,0,0
752,0.914,0.914,0.865,0.006,0.002,0.040,1,0.000,0.000,0.000,0,12,0,0
753,0.910,0.910,0.862,0.006,0.002,0.040,1,0.000,0.000,0.000,0,12,0,0
754,0.926,0.926,0.866,0.005,0.002,0.053,1,0.000,0.000,0.000,0,12,0,0
755,0.908,0.908,0.860,0.006,0.002,0.040,1,0.000,0.000,0.000,0,12,0,0
756,0.910,0.910,0.861,0.006,0.002,0.040,1,0.000,0.000,0.000,0,12,0,0
757,0.915,0.915,0.855,0.006,0.002,0.052,1,0.000,0.000,0.000,0,12,0,0
758,0.929,0.929,0.881,0.006,0.002,0.040,1,0.000,0.000,0.000,0,12,0,0
759,0.911,0.911,0.862,0.006,0.002,0.040,1,0.000,0.000,0.000,0,12,0,0
760,0.922,0.922,0.862,0.006,0.002,0.052,1,0.000,0.000,0.000,0,12,0,0
761,0.910,0.910,0.862,0.006,0.002,0.041,1,0.000,0.000,0.000,0,12,0,0
762,0.906,0.906,0.859,0.006,0.002,0.040,1,0.000,0.000,0.000,0,12,0,0
763,0.923,0.923,0.863,0.006,0.002,0.052,1,0.000,0.000,0.000,0,12,0,0
764,0.906,0.906,0.858,0.006,0.002,0.040,1,0.000,0.000,0.000,0,12,0,0
765,0.907,0.907,0.859,0.006,0.002,0.040,1,0.000,0.000,0.000,0,12,0,0
766,0.921,0.921,0.861,0.006,0.002,0.052,1,0.000,0.000,0.000,0,12,0,0
767,0.908,0.908,0.860,0.006,0.002,0.040,1,0.000,0.000,0.000,0,12,0,0
768,0.907,0.907,0.858,0.006,0.002,0.040,1,0.000,0.000,0.000,0,12,0,0
769,0.936,0.936,0.876,0.006,0.002,0.052,1,0.000,0.000,0.000,0,12,0,0
770,0.907,0.907,0.859,0.006,0.002,0.040,1,0.000,0.000,0.000,0,12,0,0
771,0.906,0.906,0.858,0.006,0.002,0.040,1,0.000,0.000,0.000,0,12,0,0
772,0.923,0.923,0.862,0.006,0.002,0.053,1,0.000,0.000,0.000,0,12,0,0
773,0.906,0.906,0.858,0.006,0.002,0.040,1,0.000,0.000,0.000,0,12,0,0
774,0.908,0.908,0.859,0.006,0.002,0.040,1,0.000,0.000,0.000,0,12,0,0
775,0.923,0.923,0.863,0.006,0.002,0.052,1,0.000,0.000,0.000,0,12,0,0
776,0.906,0.906,0.858,0.006,0.002,0.040,1,0.000,0.000,0.000,0,12,0,0
777,0.909,0.909,0.861,0.006,0.002,0.040,1,0.000,0.000,0.000,0,12,0,0
778,0.923,0.923,0.864,0.005,0.002,0.052,1,0.000,0.000,0.000,0,12,0,0
779,1.588,1.588,1.529,0.010,0.004,0.044,1,0.000,0.000,0.000,0,12,0,0
780,1.080,1.080,1.025,0.008,0.004,0.043,1,0.000,0.000,0.000,0,12,0,0
781,0.948,0.948,0.887,0.006,0.002,0.052,1,0.000,0.000,0.000,0,12,0,0
782,0.916,0.916,0.867,0.006,0.002,0.040,1,0.000,0.000,0.000,0,12,0,0
783,0.914,0.914,0.866,0.005,0.002,0.040,1,0.000,0.000,0.000,0,12,0,0
784,1.643,1.643,1.533,0.006,0.002,0.101,1,0.000,0.000,0.000,0,12,0,0
785,1.947,1.947,1.887,0.010,0.003,0.046,1,0.000,0.000,0.000,0,12,0,0
786,1.025,1.025,0.975,0.006,0.003,0.041,1,0.000,0.000,0.000,0,12,0,0
787,0.954,0.954,0.893,0.006,0.002,0.052,1,0.000,0.000,0.000,0,12,0,0
788,1.325,1.325,1.264,0.010,0.005,0.046,1,0.000,0.000,0.000,0,12,0,0
789,1.022,1.022,0.970,0.007,0.003,0.042,1,0.000,0.000,0.000,0,12,0,0
790,0.938,0.938,0.877,0.006,0.002,0.053,1,0.000,0.000,0.000,0,12,0,0
791,0.913,0.913,0.865,0.006,0.002,0.041,1,0.000,0.000,0.000,0,12,0,0
792,0.912,0.912,0.864,0.006,0.002,0.040,1,0.000,0.000,0.000,0,12,0,0
793,0.924,0.924,0.864,0.006,0.002,0.052,1,0.000,0.000,0.000,0,12,0,0
794,0.909,0.909,0.861,0.006,0.002,0.040,1,0.000,0.000,0.000,0,12,0,0
795,0.911,0.911,0.863,0.006,0.002,0.040,1,0.000,0.000,0.000,0,12,0,0
796,1.462,1.462,1.395,0.009,0.004,0.054,1,0.000,0.000,0.000,0,12,0,0
797,1.071,1.071,1.017,0.008,0.003,0.043,1,0.000,0.000,0.000,0,12,0,0
798,0.947,0.947,0.898,0.006,0.002,0.040,1,0.000,0.000,0.000,0,12,0,0
799,0.933,0.933,0.872,0.006,0.002,0.052,1,0.000,0.000,0.000,0,12,0,0
800,0.911,0.911,0.863,0.006,0.002,0.040,1,0.000,0.000,0.000,0,12,0,0
801,0.911,0.911,0.863,0.006,0.002,0.040,1,0.000,0.000,0.000,0,12,0,0
802,0.925,0.925,0.865,0.006,0.002,0.052,1,0.000,0.000,0.000,0,12,0,0
803,0.907,0.907,0.859,0.006,0.002,0.040,1,0.000,0.000,0.000,0,12,0,0
804,0.929,0.929,0.868,0.007,0.002,0.052,1,0.000,0.000,0.000,0,16,0,0
805,0.918,0.918,0.869,0.007,0.002,0.040,1,0.000,0.000,0.000,0,16,0,0
806,0.916,0.916,0.867,0.007,0.002,0.040,1,0.000,0.000,0.000,0,16,0,0
807,1.411,1.411,1.347,0.007,0.002,0.056,1,0.000,0.000,0.000,0,16,0,0
808,1.199,1.199,1.143,0.009,0.004,0.044,1,0.000,0.000,0.000,0,16,0,0
809,0.952,0.952,0.902,0.007,0.002,0.040,1,0.000,0.000,0.000,0,16,0,0
810,0.943,0.943,0.882,0.007,0.002,0.052,1,0.000,0.000,0.000,0,16,0,0
811,0.922,0.922,0.872,0.007,0.002,0.040,1,0.000,0.000,0.000,0,16,0,0
812,0.943,0.943,0.893,0.007,0.002,0.040,1,0.000,0.000,0.000,0,16,0,0
813,0.933,0.933,0.872,0.007,0.002,0.052,1,0.000,0.000,0.000,0,16,0,0
814,0.918,0.918,0.869,0.007,0.002,0.040,1,0.000,0.000,0.000,0,16,0,0
815,0.916,0.916,0.867,0.007,0.002,0.040,1,0.000,0.000,0.000,0,16,0,0
816,0.976,0.976,0.915,0.007,0.002,0.052,1,0.000,0.000,0.000,0,16,0,0
817,0.933,0.933,0.883,0.007,0.002,0.041,1,0.000,0.000,0.000,0,16,0,0
818,0.935,0.935,0.886,0.007,0.002,0.040,1,0.000,0.000,0.000,0,16,0,0
819,0.961,0.961,0.900,0.007,0.002,0.052,1,0.000,0.000,0.000,0,16,0,0
820,1.024,1.024,0.973,0.007,0.002,0.043,1,0.000,0.000,0.000,0,16,0,0
821,0.960,0.960,0.909,0.007,0.002,0.042,1,0.000,0.000,0.000,0,16,0,0
822,1.033,1.033,0.969,0.007,0.002,0.054,1,0.000,0.000,0.000,0,16,0,0
823,0.939,0.939,0.889,0.007,0.002,0.041,1,0.000,0.000,0.000,0,16,0,0
824,0.934,0.934,0.883,0.007,0.002,0.042,1,0.000,0.000,0.000,0,16,0,0
825,0.945,0.945,0.883,0.007,0.002,0.053,1,0.000,0.000,0.000,0,16,0,0
826,0.930,0.930,0.881,0.007,0.002,0.040,1,0.000,0.000,0.000,0,16,0,0
827,0.926,0.926,0.876,0.007,0.002,0.041,1,0.000,0.000,0.000,0,16,0,0
828,0.956,0.956,0.894,0.007,0.002,0.053,1,0.000,0.000,0.000,0,16,0,0
829,0.930,0.930,0.881,0.007,0.002,0.040,1,0.000,0.000,0.000,0,16,0,0
830,0.964,0.964,0.914,0.007,0.002,0.041,1,0.000,0.000,0.000,0,16,0,0
831,0.957,0.957,0.895,0.007,0.002,0.053,1,0.000,0.000,0.000,0,16,0,0
832,0.928,0.928,0.878,0.007,0.002,0.041,1,0.000,0.000,0.000,0,16,0,0
833,1.068,1.068,1.017,0.007,0.003,0.042,1,0.000,0.000,0.000,0,16,0,0
834,1.520,1.520,1.439,0.013,0.007,0.061,1,0.000,0.000,0.000,0,16,0,0
835,1.088,1.088,1.033,0.008,0.004,0.043,1,0.000,0.000,0.000,0,16,0,0
836,0.942,0.942,0.893,0.007,0.002,0.040,1,0.000,0.000,0.000,0,16,0,0
837,0.940,0.940,0.879,0.007,0.002,0.052,1,0.000,0.000,0.000,0,16,0,0
838,0.919,0.919,0.869,0.007,0.002,0.040,1,0.000,0.000,0.000,0,16,0,0
839,1.009,1.009,0.959,0.007,0.002,0.040,1,0.000,0.000,0.000,0,16,0,0
840,0.937,0.937,0.876,0.007,0.002,0.052,1,0.000,0.000,0.000,0,16,0,0
841,0.924,0.924,0.875,0.007,0.002,0.040,1,0.000,0.000,0.000,0,16,0,0
842,0.918,0.918,0.869,0.007,0.002,0.040,1,0.000,0.000,0.000,0,16,0,0
843,0.946,0.946,0.883,0.007,0.002,0.053,1,0.000,0.000,0.000,0,16,0,0
844,1.437,1.437,1.389,0.007,0.002,0.040,1,0.000,0.000,0.000,0,16,0,0
845,0.986,0.986,0.937,0.007,0.002,0.039,1,0.000,0.000,0.000,0,16,0,0
846,0.969,0.969,0.908,0.007,0.002,0.052,1,0.000,0.000,0.000,0,16,0,0
847,0.927,0.927,0.877,0.007,0.002,0.040,1,0.000,0.000,0.000,0,16,0,0
848,0.920,0.920,0.871,0.006,0.002,0.040,1,0.000,0.000,0.000,0,16,0,0
849,1.555,1.555,1.334,0.010,0.004,0.207,1,0.000,0.000,0.000,0,16,0,0
850,2.378,2.378,2.233,0.011,0.003,0.132,1,0.000,0.000,0.000,0,16,0,0
851,1.288,1.288,1.153,0.007,0.003,0.125,1,0.000,0.000,0.000,0,16,0,0
852,1.843,1.843,1.615,0.012,0.003,0.213,1,0.000,0.000,0.000,0,16,0,0
853,1.195,1.195,1.059,0.007,0.003,0.126,1,0.000,0.000,0.000,0,16,0,0
854,1.050,1.050,0.917,0.007,0.002,0.124,1,0.000,0.000,0.000,0,16,0,0
855,1.107,1.107,0.938,0.008,0.002,0.160,1,0.000,0.000,0.000,0,16,0,0
856,1.177,1.177,1.042,0.007,0.002,0.125,1,0.000,0.000,0.000,0,16,0,0
857,1.038,1.038,0.905,0.007,0.002,0.124,1,0.000,0.000,0.000,0,16,0,0
858,1.076,1.076,0.907,0.007,0.002,0.159,1,0.000,0.000,0.000,0,16,0,0
859,1.192,1.192,1.058,0.007,0.002,0.125,1,0.000,0.000,0.000,0,16,0,0
860,1.036,1.036,0.902,0.007,0.002,0.125,1,0.000,0.000,0.000,0,16,0,0
861,1.098,1.098,0.919,0.007,0.002,0.169,1,0.000,0.000,0.000,0,16,0,0
862,1.485,1.485,1.348,0.008,0.003,0.127,1,0.000,0.000,0.000,0,16,0,0
863,1.046,1.046,0.912,0.007,0.002,0.125,1,0.000,0.000,0.000,0,16,0,0
864,1.077,1.077,0.907,0.007,0.002,0.160,1,0.000,0.000,0.000,0,16,0,0
865,1.146,1.146,1.012,0.007,0.002,0.124,1,0.000,0.000,0.000,0,16,0,0
866,1.155,1.155,1.020,0.008,0.003,0.125,1,0.000,0.000,0.000,0,16,0,0
867,1.088,1.088,0.919,0.007,0.002,0.159,1,0.000,0.000,0.000,0,16,0,0
868,1.142,1.142,1.008,0.007,0.002,0.125,1,0.000,0.000,0.000,0,16,0,0
869,1.035,1.035,0.902,0.007,0.002,0.124,1,0.000,0.000,0.000,0,16,0,0
870,1.093,1.093,0.916,0.007,0.002,0.168,1,0.000,0.000,0.000,0,16,0,0
871,1.144,1.144,1.011,0.007,0.002,0.124,1,0.000,0.000,0.000,0,16,0,0
872,1.476,1.476,1.339,0.008,0.003,0.126,1,0.000,0.000,0.000,0,16,0,0
873,1.088,1.088,0.919,0.007,0.002,0.160,1,0.000,0.000,0.000,0,16,0,0
874,1.145,1.145,1.012,0.007,0.002,0.124,1,0.000,0.000,0.000,0,16,0,0
875,1.035,1.035,0.902,0.007,0.002,0.124,1,0.000,0.000,0.000,0,16,0,0
876,1.211,1.211,0.988,0.007,0.002,0.214,1,0.000,0.000,0.000,0,16,0,0
877,1.140,1.140,1.001,0.007,0.003,0.129,1,0.000,0.000,0.000,0,16,0,0
878,1.075,1.075,0.938,0.007,0.002,0.127,1,0.000,0.000,0.000,0,16,0,0
879,1.057,1.057,0.925,0.007,0.002,0.123,1,0.000,0.000,0.000,0,16,0,0
880,0.995,0.995,0.904,0.007,0.002,0.082,1,0.000,0.000,0.000,0,16,0,0
881,3.106,3.106,2.974,0.005,0.029,0.099,1,0.000,0.000,0.000,0,4,0,0
882,27.742,27.742,27.618,0.015,0.010,0.099,1,0.000,0.000,0.000,0,4,0,0
883,9.564,9.564,9.406,0.010,0.128,0.020,1,0.000,0.000,0.000,0,4,0,0
884,45.269,45.269,45.170,0.018,0.009,0.072,1,0.000,0.000,0.000,0,32,0,0
885,0.739,0.739,0.660,0.011,0.004,0.064,1,0.000,0.000,0.000,0,32,0,0
886,0.912,0.912,0.867,0.010,0.003,0.032,1,0.000,0.000,0.000,0,32,0,0
887,0.848,0.848,0.783,0.010,0.016,0.039,1,0.000,0.000,0.000,0,32,0,0
888,1.485,1.485,1.421,0.021,0.004,0.039,1,0.000,0.000,0.000,0,32,0,0
889,0.635,0.635,0.595,0.010,0.003,0.026,1,0.000,0.000,0.000,0,32,0,0
890,0.584,0.584,0.548,0.010,0.002,0.024,1,0.000,0.000,0.000,0,32,0,0
891,0.645,0.645,0.604,0.010,0.002,0.029,1,0.000,0.000,0.000,0,32,0,0
892,0.573,0.573,0.538,0.010,0.002,0.024,1,0.000,0.000,0.000,0,32,0,0
893,0.581,0.581,0.545,0.009,0.002,0.024,1,0.000,0.000,0.000,0,32,0,0
894,0.632,0.632,0.591,0.009,0.002,0.029,1,0.000,0.000,0.000,0,32,0,0
895,0.647,0.647,0.611,0.009,0.002,0.024,1,0.000,0.000,0.000,0,32,0,0
896,0.573,0.573,0.535,0.010,0.002,0.026,1,0.000,0.000,0.000,0,32,0,0
897,0.789,0.789,0.745,0.010,0.002,0.032,1,0.000,0.000,0.000,0,32,0,0
898,0.654,0.654,0.617,0.011,0.002,0.024,1,0.000,0.000,0.000,0,32,0,0
899,0.709,0.709,0.671,0.010,0.003,0.025,1,0.000,0.000,0.000,0,32,0,0
900,0.635,0.635,0.595,0.010,0.002,0.029,1,0.000,0.000,0.000,0,32,0,0
901,0.555,0.555,0.520,0.009,0.002,0.024,1,0.000,0.000,0.000,0,32,0,0
902,0.623,0.623,0.583,0.009,0.002,0.029,1,0.000,0.000,0.000,0,32,0,0
903,0.550,0.550,0.514,0.009,0.002,0.024,1,0.000,0.000,0.000,0,32,0,0
904,0.544,0.544,0.508,0.010,0.002,0.024,1,0.000,0.000,0.000,0,32,0,0
905,0.629,0.629,0.587,0.009,0.002,0.031,1,0.000,0.000,0.000,0,32,0,0
906,0.548,0.548,0.513,0.009,0.002,0.024,1,0.000,0.000,0.000,0,32,0,0
907,0.548,0.548,0.512,0.009,0.002,0.024,1,0.000,0.000,0.000,0,32,0,0
908,1.676,1.676,1.635,0.009,0.002,0.030,1,0.000,0.000,0.000,0,32,0,0
909,0.851,0.851,0.774,0.017,0.008,0.052,1,0.000,0.000,0.000,0,32,0,0
910,0.333,0.333,0.295,0.010,0.002,0.026,1,0.000,0.000,0.000,0,32,0,0
911,0.371,0.371,0.328,0.009,0.002,0.031,1,0.000,0.000,0.000,0,32,0,0
912,0.374,0.374,0.338,0.009,0.002,0.025,1,0.000,0.000,0.000,0,32,0,0
913,0.314,0.314,0.278,0.009,0.002,0.025,1,0.000,0.000,0.000,0,32,0,0
914,0.328,0.328,0.285,0.009,0.002,0.032,1,0.000,0.000,0.000,0,32,0,0
915,1.269,1.269,1.227,0.008,0.003,0.031,1,0.000,0.000,0.000,0,24,0,0
916,0.694,0.694,0.650,0.011,0.003,0.031,1,0.000,0.000,0.000,0,24,0,0
917,0.406,0.406,0.363,0.008,0.002,0.032,1,0.000,0.000,0.000,0,24,0,0
918,0.427,0.427,0.390,0.008,0.002,0.027,1,0.000,0.000,0.000,0,24,0,0
919,0.363,0.363,0.327,0.008,0.002,0.026,1,0.000,0.000,0.000,0,24,0,0
920,0.609,0.609,0.565,0.008,0.002,0.034,1,0.000,0.000,0.000,0,24,0,0
921,0.609,0.609,0.561,0.011,0.004,0.033,1,0.000,0.000,0.000,0,24,0,0
922,0.386,0.386,0.349,0.008,0.002,0.027,1,0.000,0.000,0.000,0,24,0,0
923,0.383,0.383,0.338,0.008,0.002,0.034,1,0.000,0.000,0.000,0,24,0,0
924,0.386,0.386,0.351,0.007,0.002,0.026,1,0.000,0.000,0.000,0,24,0,0
925,0.653,0.653,0.497,0.008,0.002,0.146,1,0.000,0.000,0.000,0,24,0,0
926,0.912,0.912,0.715,0.008,0.002,0.186,1,0.000,0.000,0.000,0,24,0,0
927,1.291,1.291,1.141,0.008,0.002,0.140,1,0.000,0.000,0.000,0,24,0,0
928,1.040,1.040,0.889,0.008,0.002,0.141,1,0.000,0.000,0.000,0,24,0,0
929,1.090,1.090,0.895,0.007,0.002,0.185,1,0.000,0.000,0.000,0,24,0,0
930,1.285,1.285,1.133,0.008,0.002,0.141,1,0.000,0.000,0.000,0,24,0,0
931,1.238,1.238,1.080,0.009,0.004,0.146,1,0.000,0.000,0.000,0,24,0,0
932,1.142,1.142,0.935,0.009,0.003,0.195,1,0.000,0.000,0.000,0,24,0,0
933,1.249,1.249,1.098,0.008,0.002,0.141,1,0.000,0.000,0.000,0,24,0,0
934,1.008,1.008,0.856,0.009,0.002,0.142,1,0.000,0.000,0.000,0,24,0,0
935,1.062,1.062,0.867,0.008,0.002,0.185,1,0.000,0.000,0.000,0,24,0,0
936,1.263,1.263,1.110,0.009,0.002,0.141,1,0.000,0.000,0.000,0,168,0,0
937,1.016,1.016,0.857,0.014,0.002,0.142,1,0.000,0.000,0.000,0,684,0,0
938,1.131,1.131,0.929,0.014,0.003,0.186,1,0.000,0.000,0.000,0,684,0,0
939,1.267,1.267,1.109,0.014,0.002,0.142,1,0.000,0.000,0.000,0,684,0,0
940,1.297,1.297,1.128,0.014,0.004,0.150,1,0.000,0.000,0.000,0,684,0,0
941,1.633,1.633,1.426,0.015,0.003,0.190,1,0.000,0.000,0.000,0,684,0,0
942,1.331,1.331,1.173,0.014,0.002,0.142,1,0.000,0.000,0.000,0,684,0,0
943,1.056,1.056,0.898,0.013,0.002,0.142,1,0.000,0.000,0.000,0,684,0,0
944,1.119,1.119,0.917,0.014,0.002,0.186,1,0.000,0.000,0.000,0,684,0,0
945,1.600,1.600,1.305,0.014,0.003,0.279,1,0.000,0.000,0.000,0,684,0,0
946,1.456,1.456,1.207,0.014,0.002,0.233,1,0.000,0.000,0.000,0,684,0,0
947,1.915,1.915,1.498,0.014,0.002,0.401,1,0.000,0.000,0.000,0,684,0,0
948,2.004,2.004,1.747,0.014,0.002,0.240,1,0.000,0.000,0.000,0,684,0,0
949,1.815,1.815,1.546,0.014,0.002,0.252,1,0.000,0.000,0.000,0,684,0,0
950,1.906,1.906,1.562,0.014,0.007,0.322,1,0.000,0.000,0.000,0,684,0,0
951,3.332,3.332,3.065,0.016,0.005,0.247,1,0.000,0.000,0.000,0,684,0,0
952,1.388,1.388,1.131,0.018,0.005,0.234,1,0.000,0.000,0.000,0,684,0,0
953,1.690,1.690,1.341,0.018,0.004,0.327,1,0.000,0.000,0.000,0,684,0,0
954,2.114,2.114,1.857,0.014,0.005,0.238,1,0.000,0.000,0.000,0,684,0,0
955,1.669,1.669,1.388,0.015,0.004,0.263,1,0.000,0.000,0.000,0,684,0,0
956,1.750,1.750,1.400,0.013,0.002,0.334,1,0.000,0.000,0.000,0,684,0,0
957,2.150,2.150,1.881,0.013,0.002,0.253,1,0.000,0.000,0.000,0,684,0,0
958,1.685,1.685,1.417,0.013,0.002,0.252,1,0.000,0.000,0.000,0,684,0,0
959,1.803,1.803,1.448,0.015,0.003,0.338,1,0.000,0.000,0.000,0,684,0,0
960,2.291,2.291,2.019,0.014,0.004,0.254,1,0.000,0.000,0.000,0,684,0,0
961,1.682,1.682,1.406,0.014,0.003,0.259,1,0.000,0.000,0.000,0,684,0,0
962,1.794,1.794,1.449,0.014,0.003,0.328,1,0.000,0.000,0.000,0,684,0,0
963,2.114,2.114,1.850,0.013,0.002,0.248,1,0.000,0.000,0.000,0,684,0,0
964,1.680,1.680,1.418,0.013,0.002,0.247,1,0.000,0.000,0.000,0,684,0,0
965,1.862,1.862,1.571,0.013,0.002,0.276,1,0.000,0.000,0.000,0,684,0,0
966,1.709,1.709,1.538,0.014,0.003,0.154,1,0.000,0.000,0.000,0,684,0,0
967,1.369,1.369,1.190,0.018,0.003,0.157,1,0.000,0.000,0.000,0,684,0,0
968,1.180,1.180,0.960,0.013,0.002,0.204,1,0.000,0.000,0.000,0,684,0,0
969,1.398,1.398,1.231,0.013,0.002,0.152,1,0.000,0.000,0.000,0,684,0,0
970,1.116,1.116,0.947,0.014,0.003,0.153,1,0.000,0.000,0.000,0,684,0,0
971,1.169,1.169,0.952,0.013,0.002,0.201,1,0.000,0.000,0.000,0,684,0,0
972,1.390,1.390,1.222,0.013,0.002,0.153,1,0.000,0.000,0.000,0,684,0,0
973,1.109,1.109,0.941,0.013,0.002,0.152,1,0.000,0.000,0.000,0,684,0,0
974,1.181,1.181,0.965,0.013,0.003,0.200,1,0.000,0.000,0.000,0,684,0,0
975,1.441,1.441,1.257,0.013,0.002,0.169,1,0.000,0.000,0.000,0,684,0,0
976,1.358,1.358,1.167,0.017,0.003,0.172,1,0.000,0.000,0.000,0,684,0,0
977,1.291,1.291,1.049,0.013,0.002,0.226,1,0.000,0.000,0.000,0,684,0,0
978,1.786,1.786,1.590,0.015,0.005,0.177,1,0.000,0.000,0.000,0,684,0,0
979,1.477,1.477,1.278,0.016,0.006,0.177,1,0.000,0.000,0.000,0,684,0,0
980,1.416,1.416,1.167,0.014,0.004,0.231,1,0.000,0.000,0.000,0,684,0,0
981,1.529,1.529,1.363,0.014,0.002,0.150,1,0.000,0.000,0.000,0,684,0,0
982,1.151,1.151,0.988,0.013,0.003,0.147,1,0.000,0.000,0.000,0,684,0,0
983,2.674,2.674,2.451,0.014,0.004,0.205,1,0.000,0.000,0.000,0,684,0,0
984,1.271,1.271,1.079,0.016,0.005,0.171,1,0.000,0.000,0.000,0,684,0,0
985,1.412,1.412,1.172,0.017,0.005,0.218,1,0.000,0.000,0.000,0,684,0,0
986,1.249,1.249,1.045,0.014,0.003,0.187,1,0.000,0.000,0.000,0,684,0,0
987,1.263,1.263,1.108,0.014,0.003,0.139,1,0.000,0.000,0.000,0,684,0,0
988,1.014,1.014,0.860,0.013,0.003,0.139,1,0.000,0.000,0.000,0,684,0,0
989,1.074,1.074,0.877,0.014,0.002,0.182,1,0.000,0.000,0.000,0,684,0,0
990,1.289,1.289,1.136,0.013,0.002,0.138,1,0.000,0.000,0.000,0,684,0,0
991,1.077,1.077,0.918,0.014,0.002,0.143,1,0.000,0.000,0.000,0,684,0,0
992,1.110,1.110,0.912,0.013,0.002,0.182,1,0.000,0.000,0.000,0,684,0,0
993,1.325,1.325,1.163,0.016,0.003,0.143,1,0.000,0.000,0.000,0,684,0,0
994,1.010,1.010,0.854,0.014,0.003,0.140,1,0.000,0.000,0.000,0,684,0,0
995,1.107,1.107,0.907,0.014,0.003,0.183,1,0.000,0.000,0.000,0,684,0,0
996,1.203,1.203,1.069,0.013,0.002,0.118,1,0.000,0.000,0.000,0,684,0,0
997,0.877,0.877,0.744,0.013,0.002,0.117,1,0.000,0.000,0.000,0,684,0,0
998,0.986,0.986,0.801,0.013,0.002,0.170,1,0.000,0.000,0.000,0,684,0,0
999,1.226,1.226,1.067,0.013,0.002,0.143,1,0.000,0.000,0.000,0,684,0,0
1000,1.027,1.027,0.883,0.013,0.002,0.128,1,0.000,0.000,0.000,0,684,0,0
1001,0.936,0.936,0.787,0.014,0.002,0.133,1,0.000,0.000,0.000,0,684,0,0
1002,0.967,0.967,0.843,0.014,0.002,0.108,1,0.000,0.000,0.000,0,684,0,0
1003,1.122,1.122,0.944,0.015,0.002,0.161,1,0.000,0.000,0.000,0,684,0,0
1004,1.274,1.274,1.148,0.014,0.003,0.108,1,0.000,0.000,0.000,0,684,0,0
1005,1.013,1.013,0.827,0.014,0.002,0.170,1,0.000,0.000,0.000,0,684,0,0
1006,1.280,1.280,1.016,0.014,0.002,0.248,1,0.000,0.000,0.000,0,684,0,0
1007,1.651,1.651,1.447,0.014,0.002,0.188,1,0.000,0.000,0.000,0,684,0,0
1008,1.308,1.308,1.106,0.013,0.002,0.187,1,0.000,0.000,0.000,0,684,0,0
1009,1.379,1.379,1.117,0.013,0.002,0.247,1,0.000,0.000,0.000,0,684,0,0
1010,1.641,1.641,1.438,0.013,0.002,0.188,1,0.000,0.000,0.000,0,684,0,0
1011,1.307,1.307,1.104,0.013,0.002,0.188,1,0.000,0.000,0.000,0,684,0,0
1012,1.570,1.570,1.290,0.013,0.005,0.262,1,0.000,0.000,0.000,0,684,0,0
1013,1.680,1.680,1.475,0.015,0.003,0.187,1,0.000,0.000,0.000,0,684,0,0
1014,1.251,1.251,1.068,0.014,0.002,0.166,1,0.000,0.000,0.000,0,684,0,0
1015,1.314,1.314,1.077,0.013,0.002,0.222,1,0.000,0.000,0.000,0,684,0,0
1016,1.485,1.485,1.319,0.013,0.002,0.151,1,0.000,0.000,0.000,0,684,0,0
1017,1.097,1.097,0.932,0.013,0.002,0.149,1,0.000,0.000,0.000,0,684,0,0
1018,1.171,1.171,0.956,0.013,0.002,0.200,1,0.000,0.000,0.000,0,684,0,0
1019,2.128,2.128,1.950,0.013,0.005,0.160,1,0.000,0.000,0.000,0,684,0,0
1020,1.331,1.331,1.043,0.015,0.004,0.269,1,0.000,0.000,0.000,0,684,0,0
1021,2.530,2.530,2.297,0.016,0.004,0.214,1,0.000,0.000,0.000,0,684,0,0
1022,1.042,1.042,0.862,0.017,0.003,0.160,1,0.000,0.000,0.000,0,684,0,0
1023,1.308,1.308,1.102,0.017,0.004,0.184,1,0.000,0.000,0.000,0,684,0,0
1024,1.380,1.380,1.184,0.014,0.002,0.180,1,0.000,0.000,0.000,0,684,0,0
1025,1.372,1.372,1.125,0.013,0.002,0.232,1,0.000,0.000,0.000,0,684,0,0
1026,1.757,1.757,1.514,0.013,0.004,0.226,1,0.000,0.000,0.000,0,684,0,0
1027,1.680,1.680,1.366,0.015,0.002,0.296,1,0.000,0.000,0.000,0,684,0,0
1028,2.366,2.366,2.126,0.014,0.003,0.223,1,0.000,0.000,0.000,0,684,0,0
1029,1.523,1.523,1.285,0.013,0.002,0.222,1,0.000,0.000,0.000,0,684,0,0
1030,1.613,1.613,1.301,0.014,0.002,0.296,1,0.000,0.000,0.000,0,684,0,0
1031,1.951,1.951,1.710,0.014,0.003,0.224,1,0.000,0.000,0.000,0,684,0,0
1032,1.581,1.581,1.344,0.013,0.003,0.220,1,0.000,0.000,0.000,0,684,0,0
1033,1.608,1.608,1.300,0.013,0.002,0.292,1,0.000,0.000,0.000,0,684,0,0
1034,1.994,1.994,1.752,0.013,0.003,0.225,1,0.000,0.000,0.000,0,684,0,0
1035,1.592,1.592,1.337,0.014,0.003,0.239,1,0.000,0.000,0.000,0,684,0,0
1036,1.697,1.697,1.367,0.014,0.003,0.313,1,0.000,0.000,0.000,0,684,0,0
1037,2.032,2.032,1.779,0.013,0.002,0.238,1,0.000,0.000,0.000,0,684,0,0
1038,1.613,1.613,1.360,0.013,0.002,0.238,1,0.000,0.000,0.000,0,684,0,0
1039,1.759,1.759,1.434,0.014,0.002,0.309,1,0.000,0.000,0.000,0,684,0,0
1040,2.273,2.273,1.999,0.014,0.002,0.258,1,0.000,0.000,0.000,0,684,0,0
1041,1.558,1.558,1.290,0.017,0.004,0.247,1,0.000,0.000,0.000,0,684,0,0
1042,1.735,1.735,1.409,0.013,0.002,0.310,1,0.000,0.000,0.000,0,684,0,0
1043,2.216,2.216,1.949,0.013,0.002,0.251,1,0.000,0.000,0.000,0,684,0,0
1044,1.655,1.655,1.397,0.014,0.003,0.241,1,0.000,0.000,0.000,0,684,0,0
1045,1.818,1.818,1.536,0.014,0.002,0.266,1,0.000,0.000,0.000,0,684,0,0
1046,1.903,1.903,1.726,0.014,0.005,0.159,1,0.000,0.000,0.000,0,684,0,0
1047,1.498,1.498,1.308,0.021,0.004,0.165,1,0.000,0.000,0.000,0,684,0,0
1048,1.177,1.177,0.963,0.014,0.002,0.197,1,0.000,0.000,0.000,0,684,0,0
1049,1.391,1.391,1.228,0.014,0.002,0.147,1,0.000,0.000,0.000,0,684,0,0
1050,1.215,1.215,1.002,0.013,0.002,0.198,1,0.000,0.000,0.000,0,684,0,0
1051,2.272,2.272,2.071,0.013,0.004,0.184,1,0.000,0.000,0.000,0,684,0,0
1052,1.034,1.034,0.873,0.016,0.003,0.143,1,0.000,0.000,0.000,0,684,0,0
1053,1.148,1.148,0.969,0.016,0.004,0.159,1,0.000,0.000,0.000,0,684,0,0
1054,1.971,1.971,1.193,0.580,0.003,0.196,1,0.000,0.000,0.000,0,684,1,0
1055,1.822,1.822,1.581,0.016,0.004,0.221,1,0.000,0.000,0.000,0,684,0,0
1056,1.472,1.472,1.277,0.019,0.002,0.174,1,0.000,0.000,0.000,0,684,0,0
1057,1.333,1.333,1.086,0.015,0.004,0.229,1,0.000,0.000,0.000,0,684,0,0
1058,1.548,1.548,1.370,0.013,0.002,0.163,1,0.000,0.000,0.000,0,684,0,0
1059,1.224,1.224,1.043,0.014,0.002,0.164,1,0.000,0.000,0.000,0,684,0,0
1060,1.343,1.343,1.107,0.014,0.002,0.220,1,0.000,0.000,0.000,0,684,0,0
1061,1.519,1.519,1.354,0.013,0.002,0.149,1,0.000,0.000,0.000,0,684,0,0
1062,1.139,1.139,0.972,0.014,0.003,0.150,1,0.000,0.000,0.000,0,684,0,0
1063,1.586,1.586,1.363,0.015,0.005,0.203,1,0.000,0.000,0.000,0,684,0,0
1064,1.383,1.383,1.233,0.015,0.003,0.131,1,0.000,0.000,0.000,0,684,0,0
1065,1.119,1.119,0.935,0.015,0.003,0.166,1,0.000,0.000,0.000,0,684,0,0
1066,1.232,1.232,0.992,0.013,0.002,0.225,1,0.000,0.000,0.000,0,684,0,0
1067,1.521,1.521,1.345,0.014,0.002,0.160,1,0.000,0.000,0.000,0,684,0,0
1068,1.184,1.184,1.008,0.014,0.002,0.160,1,0.000,0.000,0.000,0,684,0,0
1069,1.251,1.251,1.024,0.013,0.002,0.211,1,0.000,0.000,0.000,0,684,0,0
1070,1.487,1.487,1.311,0.013,0.002,0.160,1,0.000,0.000,0.000,0,684,0,0
1071,1.204,1.204,1.028,0.014,0.002,0.160,1,0.000,0.000,0.000,0,684,0,0
1072,1.353,1.353,1.122,0.014,0.003,0.214,1,0.000,0.000,0.000,0,684,0,0
1073,1.473,1.473,1.295,0.013,0.002,0.162,1,0.000,0.000,0.000,0,684,0,0
1074,1.159,1.159,0.982,0.013,0.002,0.161,1,0.000,0.000,0.000,0,684,0,0
1075,1.266,1.266,1.033,0.013,0.002,0.218,1,0.000,0.000,0.000,0,684,0,0
1076,1.429,1.429,1.268,0.013,0.002,0.146,1,0.000,0.000,0.000,0,684,0,0
1077,1.055,1.055,0.895,0.013,0.002,0.144,1,0.000,0.000,0.000,0,684,0,0
1078,1.112,1.112,0.906,0.013,0.002,0.191,1,0.000,0.000,0.000,0,684,0,0
1079,1.358,1.358,1.188,0.013,0.003,0.155,1,0.000,0.000,0.000,0,684,0,0
1080,1.135,1.135,0.956,0.013,0.003,0.164,1,0.000,0.000,0.000,0,684,0,0
1081,1.356,1.356,1.135,0.016,0.003,0.203,1,0.000,0.000,0.000,0,684,0,0
1082,1.364,1.364,1.203,0.013,0.002,0.146,1,0.000,0.000,0.000,0,684,0,0
1083,1.635,1.635,1.450,0.014,0.007,0.164,1,0.000,0.000,0.000,0,684,0,0
1084,1.226,1.226,0.995,0.014,0.005,0.211,1,0.000,0.000,0.000,0,684,0,0
1085,1.464,1.464,1.203,0.014,0.003,0.245,1,0.000,0.000,0.000,0,684,0,0
1086,1.596,1.596,1.359,0.013,0.003,0.221,1,0.000,0.000,0.000,0,684,0,0
1087,2.761,2.761,2.434,0.013,0.005,0.308,1,0.000,0.000,0.000,0,684,0,0
1088,1.330,1.330,1.093,0.022,0.003,0.212,1,0.000,0.000,0.000,0,684,0,0
1089,1.589,1.589,1.331,0.015,0.005,0.238,1,0.000,0.000,0.000,0,684,0,0
1090,1.611,1.611,1.302,0.014,0.003,0.292,1,0.000,0.000,0.000,0,684,0,0
1091,1.911,1.911,1.674,0.013,0.002,0.221,1,0.000,0.000,0.000,0,684,0,0
1092,1.558,1.558,1.322,0.014,0.002,0.220,1,0.000,0.000,0.000,0,684,0,0
1093,1.592,1.592,1.276,0.013,0.002,0.301,1,0.000,0.000,0.000,0,684,0,0
1094,1.923,1.923,1.687,0.013,0.002,0.220,1,0.000,0.000,0.000,0,684,0,0
1095,1.593,1.593,1.339,0.013,0.003,0.237,1,0.000,0.000,0.000,0,684,0,0
1096,1.683,1.683,1.366,0.014,0.002,0.300,1,0.000,0.000,0.000,0,684,0,0
1097,1.944,1.944,1.709,0.014,0.002,0.220,1,0.000,0.000,0.000,0,684,0,0
1098,1.504,1.504,1.271,0.013,0.002,0.219,1,0.000,0.000,0.000,0,684,0,0
1099,1.632,1.632,1.334,0.013,0.002,0.282,1,0.000,0.000,0.000,0,684,0,0
1100,1.865,1.865,1.628,0.014,0.002,0.221,1,0.000,0.000,0.000,0,684,0,0
1101,1.590,1.590,1.288,0.014,0.002,0.286,1,0.000,0.000,0.000,0,684,0,0
1102,1.922,1.922,1.688,0.016,0.003,0.216,1,0.000,0.000,0.000,0,684,0,0
1103,1.506,1.506,1.274,0.014,0.002,0.216,1,0.000,0.000,0.000,0,684,0,0
1104,1.717,1.717,1.420,0.013,0.002,0.281,1,0.000,0.000,0.000,0,684,0,0
1105,1.888,1.888,1.631,0.014,0.003,0.241,1,0.000,0.000,0.000,0,684,0,0
1106,1.556,1.556,1.332,0.013,0.002,0.208,1,0.000,0.000,0.000,0,684,0,0
1107,1.726,1.726,1.427,0.014,0.005,0.281,1,0.000,0.000,0.000,0,684,0,0
1108,1.894,1.894,1.664,0.015,0.002,0.212,1,0.000,0.000,0.000,0,684,0,0
1109,1.698,1.698,1.474,0.014,0.002,0.208,1,0.000,0.000,0.000,0,684,0,0
1110,1.543,1.543,1.250,0.013,0.002,0.277,1,0.000,0.000,0.000,0,684,0,0
1111,1.835,1.835,1.611,0.013,0.002,0.208,1,0.000,0.000,0.000,0,684,0,0
1112,1.570,1.570,1.344,0.013,0.002,0.211,1,0.000,0.000,0.000,0,684,0,0
1113,1.751,1.751,1.439,0.013,0.008,0.291,1,0.000,0.000,0.000,0,684,0,0
1114,1.905,1.905,1.667,0.015,0.004,0.219,1,0.000,0.000,0.000,0,684,0,0
1115,1.727,1.727,1.472,0.015,0.005,0.235,1,0.000,0.000,0.000,0,684,0,0
1116,2.601,2.601,2.287,0.027,0.003,0.285,1,0.000,0.000,0.000,0,684,0,0
1117,1.429,1.429,1.163,0.017,0.005,0.244,1,0.000,0.000,0.000,0,684,0,0
1118,1.548,1.548,1.305,0.015,0.003,0.226,1,0.000,0.000,0.000,0,684,0,0
1119,1.687,1.687,1.379,0.013,0.002,0.293,1,0.000,0.000,0.000,0,684,0,0
1120,1.912,1.912,1.689,0.013,0.002,0.208,1,0.000,0.000,0.000,0,684,0,0
1121,1.619,1.619,1.407,0.014,0.004,0.194,1,0.000,0.000,0.000,0,684,0,0
1122,2.006,2.006,1.739,0.016,0.003,0.248,1,0.000,0.000,0.000,0,684,0,0
1123,1.711,1.711,1.507,0.013,0.002,0.188,1,0.000,0.000,0.000,0,684,0,0
1124,1.363,1.363,1.160,0.013,0.002,0.187,1,0.000,0.000,0.000,0,684,0,0
1125,1.561,1.561,1.304,0.013,0.002,0.242,1,0.000,0.000,0.000,0,684,0,0
1126,1.483,1.483,1.335,0.014,0.002,0.132,1,0.000,0.000,0.000,0,684,0,0
1127,1.011,1.011,0.862,0.013,0.002,0.133,1,0.000,0.000,0.000,0,684,0,0
1128,1.276,1.276,1.074,0.013,0.005,0.184,1,0.000,0.000,0.000,0,684,0,0
1129,1.310,1.310,1.160,0.015,0.003,0.132,1,0.000,0.000,0.000,0,684,0,0
1130,1.257,1.257,1.107,0.014,0.003,0.134,1,0.000,0.000,0.000,0,684,0,0
1131,1.071,1.071,0.884,0.014,0.002,0.172,1,0.000,0.000,0.000,0,684,0,0
1132,1.280,1.280,1.134,0.013,0.002,0.131,1,0.000,0.000,0.000,0,684,0,0
1133,1.135,1.135,0.975,0.013,0.002,0.144,1,0.000,0.000,0.000,0,684,0,0
1134,1.115,1.115,0.924,0.013,0.002,0.176,1,0.000,0.000,0.000,0,684,0,0
1135,1.271,1.271,1.121,0.014,0.002,0.135,1,0.000,0.000,0.000,0,684,0,0
1136,0.979,0.979,0.847,0.013,0.002,0.117,1,0.000,0.000,0.000,0,684,0,0
1137,0.968,0.968,0.799,0.013,0.002,0.154,1,0.000,0.000,0.000,0,684,0,0
1138,1.242,1.242,1.056,0.013,0.003,0.170,1,0.000,0.000,0.000,0,684,0,0
1139,1.034,1.034,0.896,0.014,0.003,0.121,1,0.000,0.000,0.000,0,684,0,0
1140,1.391,1.391,1.211,0.019,0.003,0.157,1,0.000,0.000,0.000,0,684,0,0
1141,1.124,1.124,0.999,0.015,0.003,0.106,1,0.000,0.000,0.000,0,684,0,0
1142,0.809,0.809,0.694,0.014,0.002,0.099,1,0.000,0.000,0.000,0,684,0,0
1143,0.850,0.850,0.716,0.013,0.002,0.119,1,0.000,0.000,0.000,0,684,0,0
1144,0.990,0.990,0.917,0.014,0.002,0.057,1,0.000,0.000,0.000,0,684,0,0
1145,0.814,0.814,0.638,0.013,0.002,0.161,1,0.000,0.000,0.000,0,684,0,0
1146,1.158,1.158,0.943,0.013,0.002,0.199,1,0.000,0.000,0.000,0,684,0,0
1147,1.345,1.345,1.180,0.013,0.002,0.150,1,0.000,0.000,0.000,0,684,0,0
1148,1.260,1.260,0.932,0.013,0.002,0.313,1,0.000,0.000,0.000,0,684,0,0
1149,1.505,1.505,1.276,0.014,0.005,0.210,1,0.000,0.000,0.000,0,684,0,0
1150,1.250,1.250,1.094,0.015,0.003,0.139,1,0.000,0.000,0.000,0,684,0,0
1151,1.171,1.171,0.990,0.015,0.004,0.163,1,0.000,0.000,0.000,0,684,0,0
1152,1.186,1.186,0.962,0.014,0.003,0.208,1,0.000,0.000,0.000,0,684,0,0
1153,1.384,1.384,1.214,0.015,0.002,0.153,1,0.000,0.000,0.000,0,684,0,0
1154,2.222,2.222,2.041,0.017,0.003,0.161,1,0.000,0.000,0.000,0,684,0,0
1155,1.193,1.193,0.952,0.016,0.004,0.221,1,0.000,0.000,0.000,0,684,0,0
1156,1.330,1.330,1.179,0.014,0.003,0.135,1,0.000,0.000,0.000,0,684,0,0
1157,1.247,1.247,1.089,0.015,0.003,0.140,1,0.000,0.000,0.000,0,684,0,0
1158,1.119,1.119,0.908,0.014,0.002,0.194,1,0.000,0.000,0.000,0,684,0,0
1159,1.968,1.968,1.775,0.012,0.003,0.178,1,0.000,0.000,0.000,0,536,0,0
1160,1.236,1.236,1.045,0.013,0.002,0.176,1,0.000,0.000,0.000,0,536,0,0
1161,1.325,1.325,1.090,0.012,0.002,0.221,1,0.000,0.000,0.000,0,536,0,0
1162,1.592,1.592,1.410,0.011,0.002,0.169,1,0.000,0.000,0.000,0,536,0,0
1163,1.249,1.249,1.066,0.011,0.002,0.169,1,0.000,0.000,0.000,0,536,0,0
1164,1.462,1.462,1.222,0.012,0.003,0.226,1,0.000,0.000,0.000,0,536,0,0
1165,1.735,1.735,1.474,0.012,0.002,0.246,1,0.000,0.000,0.000,0,536,0,0
1166,1.887,1.887,1.614,0.012,0.009,0.252,1,0.000,0.000,0.000,0,536,0,0
1167,1.742,1.742,1.409,0.013,0.004,0.317,1,0.000,0.000,0.000,0,536,0,0
1168,2.039,2.039,1.790,0.013,0.003,0.233,1,0.000,0.000,0.000,0,536,0,0
1169,1.617,1.617,1.371,0.012,0.002,0.232,1,0.000,0.000,0.000,0,536,0,0
1170,1.697,1.697,1.376,0.012,0.002,0.306,1,0.000,0.000,0.000,0,536,0,0
1171,2.260,2.260,1.991,0.012,0.004,0.253,1,0.000,0.000,0.000,0,536,0,0
1172,1.710,1.710,1.452,0.015,0.002,0.240,1,0.000,0.000,0.000,0,536,0,0
1173,2.174,2.174,1.866,0.012,0.003,0.293,1,0.000,0.000,0.000,0,536,0,0
1174,2.007,2.007,1.783,0.012,0.002,0.210,1,0.000,0.000,0.000,0,536,0,0
1175,1.547,1.547,1.304,0.012,0.002,0.229,1,0.000,0.000,0.000,0,536,0,0
1176,1.752,1.752,1.436,0.013,0.002,0.301,1,0.000,0.000,0.000,0,536,0,0
1177,2.043,2.043,1.802,0.012,0.002,0.227,1,0.000,0.000,0.000,0,536,0,0
1178,1.624,1.624,1.384,0.012,0.002,0.227,1,0.000,0.000,0.000,0,536,0,0
1179,2.108,2.108,1.775,0.012,0.006,0.316,1,0.000,0.000,0.000,0,536,0,0
1180,2.205,2.205,1.925,0.014,0.004,0.262,1,0.000,0.000,0.000,0,536,0,0
1181,1.740,1.740,1.478,0.012,0.003,0.247,1,0.000,0.000,0.000,0,536,0,0
1182,2.023,2.023,1.671,0.011,0.004,0.335,1,0.000,0.000,0.000,0,536,0,0
1183,3.089,3.089,2.840,0.013,0.005,0.231,1,0.000,0.000,0.000,0,536,0,0
1184,1.060,1.060,0.822,0.014,0.005,0.218,1,0.000,0.000,0.000,0,536,0,0
1185,2.007,2.007,1.661,0.012,0.002,0.332,1,0.000,0.000,0.000,0,536,0,0
1186,2.142,2.142,1.895,0.012,0.002,0.233,1,0.000,0.000,0.000,0,536,0,0
1187,1.620,1.620,1.375,0.012,0.002,0.231,1,0.000,0.000,0.000,0,536,0,0
1188,1.991,1.991,0.908,0.725,0.003,0.355,1,0.000,0.000,0.000,0,536,1,0
1189,2.043,2.043,1.794,0.013,0.005,0.231,1,0.000,0.000,0.000,0,536,0,0
1190,2.151,2.151,1.879,0.014,0.003,0.255,1,0.000,0.000,0.000,0,536,0,0
1191,1.429,1.429,1.086,0.014,0.004,0.325,1,0.000,0.000,0.000,0,536,0,0
1192,2.086,2.086,1.842,0.012,0.002,0.230,1,0.000,0.000,0.000,0,536,0,0
1193,1.597,1.597,1.351,0.012,0.002,0.232,1,0.000,0.000,0.000,0,536,0,0
1194,1.736,1.736,1.418,0.011,0.002,0.304,1,0.000,0.000,0.000,0,536,0,0
1195,2.041,2.041,1.777,0.011,0.002,0.250,1,0.000,0.000,0.000,0,536,0,0
1196,1.719,1.719,1.458,0.012,0.002,0.248,1,0.000,0.000,0.000,0,536,0,0
1197,1.825,1.825,1.042,0.452,0.003,0.329,1,0.000,0.000,0.000,0,536,0,0
1198,2.166,2.166,1.905,0.011,0.002,0.248,1,0.000,0.000,0.000,0,536,0,0
1199,1.735,1.735,1.471,0.012,0.003,0.250,1,0.000,0.000,0.000,0,536,0,0
1200,3.309,3.309,2.935,0.053,0.003,0.317,1,0.000,0.000,0.000,0,224,0,0
1201,2.023,2.023,1.755,0.052,0.003,0.213,1,0.000,0.000,0.000,0,224,0,0
1202,1.730,1.730,1.390,0.053,0.004,0.282,1,0.000,0.000,0.000,0,224,0,0
1203,1.929,1.929,1.652,0.053,0.003,0.220,1,0.000,0.000,0.000,0,224,0,0
1204,1.636,1.636,1.371,0.053,0.002,0.209,1,0.000,0.000,0.000,0,224,0,0
1205,2.129,2.129,1.828,0.052,0.005,0.244,1,0.000,0.000,0.000,0,224,0,0
1206,1.256,1.256,0.947,0.121,0.004,0.184,1,0.000,0.000,0.000,0,224,0,0
1207,1.178,1.178,0.972,0.052,0.002,0.152,1,0.000,0.000,0.000,0,224,0,0
1208,1.200,1.200,0.945,0.052,0.002,0.201,1,0.000,0.000,0.000,0,224,0,0
1209,1.430,1.430,1.226,0.052,0.003,0.149,1,0.000,0.000,0.000,0,224,0,0
1210,2.738,2.738,2.517,0.058,0.003,0.159,1,0.000,0.000,0.000,0,224,0,0
1211,1.261,1.261,0.992,0.054,0.004,0.210,1,0.000,0.000,0.000,0,224,0,0
1212,1.443,1.443,1.237,0.053,0.003,0.151,1,0.000,0.000,0.000,0,224,0,0
1213,1.131,1.131,0.928,0.052,0.002,0.149,1,0.000,0.000,0.000,0,224,0,0
1214,1.249,1.249,0.999,0.052,0.002,0.196,1,0.000,0.000,0.000,0,224,0,0
1215,1.424,1.424,1.214,0.052,0.002,0.155,1,0.000,0.000,0.000,0,224,0,0
1216,1.223,1.223,1.032,0.052,0.004,0.136,1,0.000,0.000,0.000,0,224,0,0
1217,1.062,1.062,0.846,0.052,0.004,0.160,1,0.000,0.000,0.000,0,224,0,0
1218,1.430,1.430,1.258,0.053,0.003,0.116,1,0.000,0.000,0.000,0,224,0,0
1219,0.931,0.931,0.762,0.052,0.002,0.114,1,0.000,0.000,0.000,0,224,0,0
1220,0.920,0.920,0.715,0.053,0.002,0.150,1,0.000,0.000,0.000,0,224,0,0
1221,1.066,1.066,0.911,0.054,0.002,0.099,1,0.000,0.000,0.000,0,444,0,0
1222,0.962,0.962,0.806,0.054,0.002,0.099,1,0.000,0.000,0.000,0,444,0,0
1223,1.059,1.059,0.853,0.052,0.002,0.151,1,0.000,0.000,0.000,0,440,0,0
1224,1.174,1.174,1.014,0.054,0.002,0.104,1,0.000,0.000,0.000,0,440,0,0
1225,1.317,1.317,1.099,0.058,0.002,0.158,1,0.000,0.000,0.000,0,792,0,0
1226,1.255,1.255,0.998,0.058,0.002,0.198,1,0.000,0.000,0.000,0,792,0,0
1227,1.338,1.338,1.130,0.058,0.002,0.147,1,0.000,0.000,0.000,0,792,0,0
1228,1.684,1.684,1.472,0.060,0.003,0.148,1,0.000,0.000,0.000,0,792,0,0
1229,1.255,1.255,1.001,0.058,0.002,0.193,1,0.000,0.000,0.000,0,792,0,0
1230,1.361,1.361,1.151,0.058,0.002,0.149,1,0.000,0.000,0.000,0,792,0,0
1231,1.288,1.288,1.039,0.101,0.002,0.146,1,0.000,0.000,0.000,0,792,0,0
1232,1.236,1.236,1.007,0.059,0.002,0.169,1,0.000,0.000,0.000,0,792,0,0
1233,1.194,1.194,1.004,0.058,0.003,0.130,1,0.000,0.000,0.000,0,792,0,0
1234,1.186,1.186,0.997,0.058,0.002,0.130,1,0.000,0.000,0.000,0,792,0,0
1235,1.214,1.214,0.987,0.057,0.002,0.168,1,0.000,0.000,0.000,0,792,0,0
1236,1.148,1.148,0.976,0.057,0.002,0.113,1,0.000,0.000,0.000,0,792,0,0
1237,1.638,1.638,1.453,0.063,0.004,0.119,1,0.000,0.000,0.000,0,792,0,0
1238,1.330,1.330,1.113,0.058,0.003,0.155,1,0.000,0.000,0.000,0,792,0,0
1239,1.197,1.197,1.023,0.059,0.002,0.113,1,0.000,0.000,0.000,0,792,0,0
1240,1.156,1.156,0.962,0.058,0.003,0.134,1,0.000,0.000,0.000,0,792,0,0
1241,1.205,1.205,0.965,0.057,0.002,0.181,1,0.000,0.000,0.000,0,792,0,0
1242,1.203,1.203,1.012,0.057,0.002,0.132,1,0.000,0.000,0.000,0,792,0,0
1243,1.147,1.147,0.958,0.058,0.002,0.130,1,0.000,0.000,0.000,0,792,0,0
1244,1.863,1.863,1.505,0.057,0.003,0.299,1,0.000,0.000,0.000,0,792,0,0
1245,1.815,1.815,1.434,0.060,0.003,0.318,1,0.000,0.000,0.000,0,792,0,0
1246,1.842,1.842,1.508,0.059,0.004,0.272,1,0.000,0.000,0.000,0,792,0,0
1247,3.336,3.336,2.920,0.057,0.006,0.354,1,0.000,0.000,0.000,0,792,0,0
1248,1.530,1.530,1.192,0.062,0.004,0.272,1,0.000,0.000,0.000,0,792,0,0
1249,1.741,1.741,1.425,0.058,0.002,0.256,1,0.000,0.000,0.000,0,792,0,0
1250,1.850,1.850,1.450,0.059,0.002,0.339,1,0.000,0.000,0.000,0,792,0,0
1251,2.304,2.304,1.981,0.061,0.003,0.260,1,0.000,0.000,0.000,0,792,0,0
1252,1.836,1.836,1.508,0.057,0.003,0.268,1,0.000,0.000,0.000,0,792,0,0
1253,1.844,1.844,1.442,0.058,0.002,0.341,1,0.000,0.000,0.000,0,792,0,0
1254,2.222,2.222,1.906,0.058,0.002,0.255,1,0.000,0.000,0.000,0,792,0,0
1255,1.756,1.756,1.423,0.057,0.002,0.273,1,0.000,0.000,0.000,0,792,0,0
1256,2.029,2.029,1.516,0.058,0.002,0.452,1,0.000,0.000,0.000,0,792,0,0
1257,2.325,2.325,1.989,0.061,0.002,0.273,1,0.000,0.000,0.000,0,792,0,0
1258,1.809,1.809,1.478,0.058,0.002,0.271,1,0.000,0.000,0.000,0,792,0,0
1259,1.985,1.985,1.567,0.057,0.003,0.358,1,0.000,0.000,0.000,0,792,0,0
1260,2.483,2.483,2.137,0.058,0.005,0.283,1,0.000,0.000,0.000,0,792,0,0
1261,1.885,1.885,1.548,0.059,0.003,0.275,1,0.000,0.000,0.000,0,792,0,0
1262,1.983,1.983,1.566,0.058,0.003,0.355,1,0.000,0.000,0.000,0,792,0,0
1263,2.260,2.260,1.968,0.058,0.002,0.231,1,0.000,0.000,0.000,0,792,0,0
1264,1.756,1.756,1.477,0.058,0.003,0.219,1,0.000,0.000,0.000,0,792,0,0
1265,1.738,1.738,1.293,0.057,0.003,0.385,1,0.000,0.000,0.000,0,792,0,0
1266,2.438,2.438,2.102,0.058,0.002,0.276,1,0.000,0.000,0.000,0,792,0,0
1267,1.891,1.891,1.554,0.057,0.003,0.276,1,0.000,0.000,0.000,0,792,0,0
1268,2.406,2.406,1.809,0.057,0.005,0.536,1,0.000,0.000,0.000,0,792,0,0
1269,2.340,2.340,1.978,0.060,0.006,0.297,1,0.000,0.000,0.000,0,792,0,0
1270,1.869,1.869,1.529,0.058,0.003,0.279,1,0.000,0.000,0.000,0,792,0,0
1271,3.657,3.657,3.155,0.121,0.004,0.377,1,0.000,0.000,0.000,0,792,0,0
1272,1.650,1.650,1.321,0.065,0.002,0.262,1,0.000,0.000,0.000,0,792,0,0
1273,2.015,2.015,1.656,0.061,0.004,0.294,1,0.000,0.000,0.000,0,792,0,0
1274,2.061,2.061,1.620,0.059,0.003,0.380,1,0.000,0.000,0.000,0,792,0,0
1275,2.447,2.447,2.043,0.057,0.003,0.344,1,0.000,0.000,0.000,0,792,0,0
1276,2.432,2.432,2.025,0.058,0.004,0.345,1,0.000,0.000,0.000,0,792,0,0
1277,2.504,2.504,1.947,0.060,0.002,0.494,1,0.000,0.000,0.000,0,792,0,0
1278,3.080,3.080,2.664,0.058,0.005,0.353,1,0.000,0.000,0.000,0,792,0,0
1279,2.269,2.269,1.884,0.060,0.002,0.323,1,0.000,0.000,0.000,0,792,0,0
1280,2.276,2.276,1.781,0.058,0.002,0.434,1,0.000,0.000,0.000,0,792,0,0
1281,2.673,2.673,2.222,0.130,0.003,0.319,1,0.000,0.000,0.000,0,792,0,0
1282,2.146,2.146,1.769,0.058,0.002,0.317,1,0.000,0.000,0.000,0,792,0,0
1283,2.245,2.245,1.760,0.059,0.003,0.424,1,0.000,0.000,0.000,0,792,0,0
1284,2.945,2.945,2.512,0.058,0.003,0.373,1,0.000,0.000,0.000,0,792,0,0
1285,2.125,2.125,1.764,0.058,0.003,0.301,1,0.000,0.000,0.000,0,792,0,0
1286,1.955,1.955,1.558,0.058,0.002,0.337,1,0.000,0.000,0.000,0,792,0,0
1287,2.273,2.273,1.941,0.053,0.003,0.275,1,0.000,0.000,0.000,0,600,0,0
1288,2.683,2.683,2.331,0.060,0.003,0.288,1,0.000,0.000,0.000,0,604,0,0
1289,2.749,2.749,2.106,0.055,0.003,0.585,1,0.000,0.000,0.000,0,604,0,0
1290,2.168,2.168,1.826,0.055,0.003,0.284,1,0.000,0.000,0.000,0,604,0,0
1291,1.909,1.909,1.563,0.054,0.002,0.290,1,0.000,0.000,0.000,0,604,0,0
1292,4.132,4.132,3.664,0.053,0.003,0.411,1,0.000,0.000,0.000,0,604,0,0
1293,1.582,1.582,1.243,0.057,0.004,0.278,1,0.000,0.000,0.000,0,604,0,0
1294,1.997,1.997,1.650,0.059,0.004,0.284,1,0.000,0.000,0.000,0,604,0,0
1295,1.940,1.940,1.513,0.056,0.003,0.368,1,0.000,0.000,0.000,0,604,0,0
1296,2.386,2.386,2.053,0.054,0.002,0.276,1,0.000,0.000,0.000,0,604,0,0
1297,2.298,2.298,1.947,0.053,0.003,0.295,1,0.000,0.000,0.000,0,604,0,0
1298,1.850,1.850,1.404,0.058,0.004,0.384,1,0.000,0.000,0.000,0,604,0,0
1299,2.466,2.466,2.135,0.055,0.002,0.274,1,0.000,0.000,0.000,0,772,0,0
1300,1.927,1.927,1.595,0.056,0.002,0.274,1,0.000,0.000,0.000,0,772,0,0
1301,2.143,2.143,1.746,0.054,0.004,0.339,1,0.000,0.000,0.000,0,772,0,0
1302,2.267,2.267,1.955,0.057,0.002,0.253,1,0.000,0.000,0.000,0,772,0,0
1303,2.312,2.312,1.920,0.055,0.002,0.334,1,0.000,0.000,0.000,0,772,0,0
1304,2.348,2.348,2.034,0.055,0.002,0.257,1,0.000,0.000,0.000,0,772,0,0
1305,1.771,1.771,1.426,0.055,0.003,0.288,1,0.000,0.000,0.000,0,772,0,0
1306,2.004,2.004,1.584,0.056,0.002,0.363,1,0.000,0.000,0.000,0,772,0,0
1307,2.360,2.360,2.022,0.055,0.002,0.280,1,0.000,0.000,0.000,0,772,0,0
1308,2.013,2.013,1.668,0.055,0.006,0.284,1,0.000,0.000,0.000,0,772,0,0
1309,2.126,2.126,1.711,0.062,0.003,0.351,1,0.000,0.000,0.000,0,772,0,0
1310,2.326,2.326,2.012,0.055,0.002,0.256,1,0.000,0.000,0.000,0,772,0,0
1311,1.769,1.769,1.477,0.054,0.002,0.235,1,0.000,0.000,0.000,0,772,0,0
1312,1.767,1.767,1.399,0.056,0.003,0.310,1,0.000,0.000,0.000,0,772,0,0
1313,2.255,2.255,1.944,0.055,0.007,0.249,1,0.000,0.000,0.000,0,772,0,0
1314,1.928,1.928,1.632,0.063,0.003,0.229,1,0.000,0.000,0.000,0,772,0,0
1315,3.175,3.175,2.791,0.056,0.006,0.323,1,0.000,0.000,0.000,0,772,0,0
1316,1.445,1.445,1.158,0.057,0.005,0.226,1,0.000,0.000,0.000,0,772,0,0
1317,1.527,1.527,1.261,0.055,0.002,0.208,1,0.000,0.000,0.000,0,772,0,0
1318,1.653,1.653,1.293,0.056,0.002,0.301,1,0.000,0.000,0.000,0,772,0,0
1319,2.054,2.054,1.761,0.055,0.003,0.235,1,0.000,0.000,0.000,0,772,0,0
1320,1.813,1.813,1.545,0.059,0.003,0.207,1,0.000,0.000,0.000,0,772,0,0
1321,1.523,1.523,1.210,0.055,0.002,0.255,1,0.000,0.000,0.000,0,772,0,0
1322,1.986,1.986,1.688,0.081,0.006,0.211,1,0.000,0.000,0.000,0,772,1,0
1323,1.365,1.365,1.098,0.057,0.003,0.206,1,0.000,0.000,0.000,0,772,0,0
1324,1.693,1.693,1.339,0.055,0.002,0.296,1,0.000,0.000,0.000,0,772,0,0
1325,1.958,1.958,1.644,0.055,0.002,0.257,1,0.000,0.000,0.000,0,772,0,0
1326,2.239,2.239,1.849,0.122,0.003,0.264,1,0.000,0.000,0.000,0,772,0,0
1327,1.697,1.697,1.296,0.057,0.004,0.339,1,0.000,0.000,0.000,0,772,0,0
1328,2.202,2.202,1.895,0.056,0.003,0.248,1,0.000,0.000,0.000,0,772,0,0
1329,1.758,1.758,1.451,0.055,0.002,0.249,1,0.000,0.000,0.000,0,772,0,0
1330,1.861,1.861,1.475,0.056,0.003,0.327,1,0.000,0.000,0.000,0,772,0,0
1331,2.213,2.213,1.900,0.056,0.003,0.255,1,0.000,0.000,0.000,0,772,0,0
1332,2.087,2.087,1.760,0.055,0.005,0.266,1,0.000,0.000,0.000,0,772,0,0
1333,1.867,1.867,1.492,0.055,0.003,0.317,1,0.000,0.000,0.000,0,772,0,0
1334,2.122,2.122,1.829,0.056,0.003,0.234,1,0.000,0.000,0.000,0,772,0,0
1335,1.657,1.657,1.379,0.055,0.002,0.220,1,0.000,0.000,0.000,0,772,0,0
1336,1.651,1.651,1.316,0.055,0.002,0.278,1,0.000,0.000,0.000,0,772,0,0
1337,1.927,1.927,1.660,0.055,0.002,0.209,1,0.000,0.000,0.000,0,772,0,0
1338,1.549,1.549,1.264,0.056,0.002,0.227,1,0.000,0.000,0.000,0,772,0,0
1339,2.042,2.042,1.680,0.055,0.003,0.304,1,0.000,0.000,0.000,0,772,0,0
1340,2.036,2.036,1.763,0.055,0.004,0.214,1,0.000,0.000,0.000,0,772,0,0
1341,1.603,1.603,1.359,0.055,0.002,0.187,1,0.000,0.000,0.000,0,772,0,0
1342,3.013,3.013,2.682,0.055,0.007,0.268,1,0.000,0.000,0.000,0,772,0,0
1343,1.587,1.587,1.351,0.058,0.003,0.174,1,0.000,0.000,0.000,0,772,0,0
1344,2.003,2.003,1.756,0.058,0.005,0.183,1,0.000,0.000,0.000,0,772,0,0
1345,1.720,1.720,1.331,0.057,0.003,0.329,1,0.000,0.000,0.000,0,772,0,0
1346,2.000,2.000,1.720,0.055,0.002,0.222,1,0.000,0.000,0.000,0,772,0,0
1347,1.558,1.558,1.288,0.056,0.002,0.212,1,0.000,0.000,0.000,0,772,0,0
1348,1.732,1.732,1.342,0.056,0.002,0.331,1,0.000,0.000,0.000,0,772,0,0
1349,1.913,1.913,1.635,0.055,0.003,0.221,1,0.000,0.000,0.000,0,772,0,0
1350,1.544,1.544,1.274,0.056,0.002,0.212,1,0.000,0.000,0.000,0,772,0,0
1351,1.815,1.815,1.468,0.059,0.003,0.285,1,0.000,0.000,0.000,0,772,0,0
1352,1.971,1.971,1.704,0.056,0.003,0.208,1,0.000,0.000,0.000,0,772,0,0
1353,1.494,1.494,1.226,0.054,0.002,0.212,1,0.000,0.000,0.000,0,772,0,0
1354,1.667,1.667,1.322,0.056,0.002,0.286,1,0.000,0.000,0.000,0,772,0,0
1355,1.934,1.934,1.649,0.055,0.002,0.228,1,0.000,0.000,0.000,0,772,0,0
1356,1.727,1.727,1.425,0.056,0.002,0.244,1,0.000,0.000,0.000,0,772,0,0
1357,2.124,2.124,1.740,0.055,0.002,0.326,1,0.000,0.000,0.000,0,772,0,0
1358,1.817,1.817,1.511,0.058,0.004,0.244,1,0.000,0.000,0.000,0,772,0,0
1359,1.687,1.687,1.407,0.056,0.002,0.222,1,0.000,0.000,0.000,0,772,0,0
1360,1.713,1.713,1.367,0.055,0.002,0.288,1,0.000,0.000,0.000,0,772,0,0
1361,1.876,1.876,1.613,0.055,0.002,0.205,1,0.000,0.000,0.000,0,772,0,0
1362,1.492,1.492,1.230,0.055,0.002,0.205,1,0.000,0.000,0.000,0,772,0,0
1363,8.131,8.131,7.739,0.069,0.006,0.317,1,0.000,0.000,0.000,0,604,0,0
1364,2.803,2.803,2.515,0.054,0.006,0.228,1,0.000,0.000,0.000,0,604,0,0
1365,1.984,1.984,1.627,0.056,0.005,0.297,1,0.000,0.000,0.000,0,604,0,0
1366,2.401,2.401,2.077,0.055,0.005,0.264,1,0.000,0.000,0.000,0,604,0,0
1367,2.181,2.181,1.916,0.056,0.006,0.203,1,0.000,0.000,0.000,0,604,0,0
1368,6.400,6.400,6.109,0.055,0.011,0.225,1,0.000,0.000,0.000,0,604,0,0
1369,2.628,2.628,2.294,0.067,0.004,0.263,1,0.000,0.000,0.000,0,604,0,0
1370,2.205,2.205,1.801,0.059,0.008,0.336,1,0.000,0.000,0.000,0,604,0,0
1371,2.820,2.820,2.549,0.064,0.004,0.203,1,0.000,0.000,0.000,0,604,0,0
1372,1.504,1.504,1.206,0.054,0.002,0.241,1,0.000,0.000,0.000,0,604,0,0
1373,1.788,1.788,1.447,0.128,0.006,0.208,1,0.000,0.000,0.000,0,604,0,0
1374,1.431,1.431,1.184,0.053,0.003,0.190,1,0.000,0.000,0.000,0,600,0,0
1375,1.752,1.752,1.407,0.054,0.005,0.285,1,0.000,0.000,0.000,0,600,0,0
1376,1.866,1.866,1.588,0.054,0.004,0.221,1,0.000,0.000,0.000,0,600,0,0
1377,1.481,1.481,1.217,0.053,0.002,0.209,1,0.000,0.000,0.000,0,600,0,0
1378,1.542,1.542,1.210,0.053,0.002,0.276,1,0.000,0.000,0.000,0,600,0,0
1379,1.926,1.926,1.654,0.054,0.003,0.216,1,0.000,0.000,0.000,0,600,0,0
1380,1.468,1.468,1.209,0.054,0.002,0.202,1,0.000,0.000,0.000,0,600,0,0
1381,1.507,1.507,1.195,0.053,0.002,0.256,1,0.000,0.000,0.000,0,600,0,0
1382,1.839,1.839,1.586,0.053,0.005,0.196,1,0.000,0.000,0.000,0,600,0,0
1383,1.383,1.383,1.126,0.054,0.003,0.199,1,0.000,0.000,0.000,0,600,0,0
1384,1.566,1.566,1.270,0.054,0.002,0.239,1,0.000,0.000,0.000,0,600,0,0
1385,1.713,1.713,1.447,0.056,0.003,0.206,1,0.000,0.000,0.000,0,600,0,0
1386,1.605,1.605,1.344,0.054,0.003,0.203,1,0.000,0.000,0.000,0,600,0,0
1387,1.445,1.445,1.138,0.054,0.002,0.251,1,0.000,0.000,0.000,0,600,0,0
1388,1.680,1.680,1.437,0.053,0.002,0.188,1,0.000,0.000,0.000,0,600,0,0
1389,1.618,1.618,1.361,0.054,0.005,0.197,1,0.000,0.000,0.000,0,600,0,0
1390,1.856,1.856,1.549,0.055,0.003,0.248,1,0.000,0.000,0.000,0,600,0,0
1391,1.711,1.711,1.466,0.055,0.002,0.188,1,0.000,0.000,0.000,0,600,0,0
1392,1.477,1.477,1.226,0.055,0.003,0.194,1,0.000,0.000,0.000,0,600,0,0
1393,1.663,1.663,1.341,0.053,0.007,0.261,1,0.000,0.000,0.000,0,600,0,0
1394,1.766,1.766,1.499,0.054,0.004,0.209,1,0.000,0.000,0.000,0,600,0,0
1395,1.360,1.360,1.121,0.053,0.003,0.183,1,0.000,0.000,0.000,0,224,0,0
1396,1.377,1.377,1.093,0.052,0.002,0.230,1,0.000,0.000,0.000,0,224,0,0
1397,2.519,2.519,2.299,0.052,0.003,0.166,1,0.000,0.000,0.000,0,224,0,0
1398,1.187,1.187,0.967,0.052,0.002,0.166,1,0.000,0.000,0.000,0,224,0,0
1399,1.421,1.421,1.138,0.052,0.002,0.229,1,0.000,0.000,0.000,0,224,0,0
1400,1.532,1.532,1.317,0.052,0.002,0.161,1,0.000,0.000,0.000,0,224,0,0
1401,2.547,2.547,2.267,0.052,0.006,0.223,1,0.000,0.000,0.000,0,224,0,0
1402,1.241,1.241,1.030,0.056,0.002,0.152,1,0.000,0.000,0.000,0,224,0,0
1403,1.232,1.232,0.999,0.055,0.005,0.174,1,0.000,0.000,0.000,0,224,0,0
1404,1.971,1.971,1.676,0.052,0.005,0.238,1,0.000,0.000,0.000,0,224,0,0
1405,1.520,1.520,1.295,0.052,0.003,0.171,1,0.000,0.000,0.000,0,224,0,0
1406,1.266,1.266,1.054,0.052,0.003,0.156,1,0.000,0.000,0.000,0,220,0,0
1407,1.253,1.253,0.986,0.051,0.003,0.213,1,0.000,0.000,0.000,0,220,0,0
1408,1.405,1.405,1.197,0.051,0.002,0.155,1,0.000,0.000,0.000,0,220,0,0
1409,1.506,1.506,1.271,0.058,0.003,0.174,1,0.000,0.000,0.000,0,220,0,0
1410,1.305,1.305,1.015,0.052,0.004,0.234,1,0.000,0.000,0.000,0,220,0,0
1411,1.513,1.513,1.241,0.095,0.003,0.175,1,0.000,0.000,0.000,0,220,0,0
1412,1.671,1.671,1.446,0.052,0.002,0.171,1,0.000,0.000,0.000,0,220,0,0
1413,1.274,1.274,0.990,0.052,0.002,0.230,1,0.000,0.000,0.000,0,220,0,0
1414,1.534,1.534,1.306,0.052,0.002,0.175,1,0.000,0.000,0.000,0,220,0,0
1415,1.180,1.180,0.965,0.052,0.002,0.162,1,0.000,0.000,0.000,0,220,0,0
1416,1.176,1.176,0.921,0.051,0.002,0.202,1,0.000,0.000,0.000,0,220,0,0
1417,1.352,1.352,1.145,0.050,0.002,0.154,1,0.000,0.000,0.000,0,220,0,0
1418,1.085,1.085,0.878,0.051,0.003,0.154,1,0.000,0.000,0.000,0,220,0,0
1419,1.209,1.209,0.957,0.051,0.002,0.199,1,0.000,0.000,0.000,0,220,0,0
1420,1.608,1.608,1.395,0.058,0.003,0.151,1,0.000,0.000,0.000,0,220,0,0
1421,1.251,1.251,1.032,0.051,0.004,0.164,1,0.000,0.000,0.000,0,220,0,0
1422,1.187,1.187,0.930,0.052,0.002,0.202,1,0.000,0.000,0.000,0,220,0,0
1423,1.503,1.503,1.287,0.051,0.004,0.160,1,0.000,0.000,0.000,0,220,0,0
1424,1.621,1.621,1.395,0.051,0.007,0.168,1,0.000,0.000,0.000,0,220,0,0
1425,1.303,1.303,0.982,0.052,0.006,0.263,1,0.000,0.000,0.000,0,220,0,0
1426,1.613,1.613,1.389,0.051,0.004,0.169,1,0.000,0.000,0.000,0,220,0,0
1427,2.222,2.222,1.984,0.051,0.007,0.180,1,0.000,0.000,0.000,0,220,0,0
1428,2.183,2.183,1.920,0.054,0.003,0.206,1,0.000,0.000,0.000,0,220,0,0
1429,1.436,1.436,1.182,0.054,0.006,0.194,1,0.000,0.000,0.000,0,220,0,0
1430,1.217,1.217,1.001,0.053,0.003,0.161,1,0.000,0.000,0.000,0,220,0,0
1431,1.476,1.476,1.205,0.051,0.004,0.216,1,0.000,0.000,0.000,0,220,0,0
1432,1.667,1.667,1.426,0.053,0.008,0.181,1,0.000,0.000,0.000,0,220,0,0
1433,1.205,1.205,0.979,0.052,0.004,0.170,1,0.000,0.000,0.000,0,220,0,0
1434,1.278,1.278,1.001,0.053,0.003,0.222,1,0.000,0.000,0.000,0,220,0,0
1435,3.028,3.028,2.776,0.059,0.004,0.189,1,0.000,0.000,0.000,0,220,0,0
1436,1.253,1.253,1.031,0.051,0.003,0.169,1,0.000,0.000,0.000,0,220,0,0
1437,1.413,1.413,1.109,0.053,0.004,0.247,1,0.000,0.000,0.000,0,220,0,0
1438,1.586,1.586,1.354,0.052,0.003,0.177,1,0.000,0.000,0.000,0,220,0,0
1439,1.338,1.338,1.108,0.052,0.003,0.176,1,0.000,0.000,0.000,0,220,0,0
1440,1.324,1.324,1.033,0.053,0.002,0.236,1,0.000,0.000,0.000,0,220,0,0
1441,1.579,1.579,1.354,0.051,0.002,0.172,1,0.000,0.000,0.000,0,220,0,0
1442,1.261,1.261,1.036,0.052,0.002,0.171,1,0.000,0.000,0.000,0,220,0,0
1443,1.592,1.592,1.307,0.054,0.003,0.229,1,0.000,0.000,0.000,0,220,0,0
1444,1.746,1.746,1.495,0.052,0.002,0.197,1,0.000,0.000,0.000,0,220,0,0
1445,1.376,1.376,1.126,0.051,0.002,0.196,1,0.000,0.000,0.000,0,220,0,0
1446,1.488,1.488,1.189,0.051,0.002,0.246,1,0.000,0.000,0.000,0,220,0,0
1447,1.918,1.918,1.666,0.052,0.005,0.196,1,0.000,0.000,0.000,0,220,0,0
1448,1.468,1.468,1.223,0.052,0.003,0.190,1,0.000,0.000,0.000,0,220,0,0
1449,1.492,1.492,1.188,0.051,0.002,0.250,1,0.000,0.000,0.000,0,220,0,0
1450,1.930,1.930,1.682,0.051,0.005,0.192,1,0.000,0.000,0.000,0,220,0,0
1451,1.483,1.483,1.214,0.052,0.003,0.214,1,0.000,0.000,0.000,0,220,0,0
1452,1.570,1.570,1.242,0.052,0.002,0.273,1,0.000,0.000,0.000,0,220,0,0
1453,1.887,1.887,1.609,0.070,0.002,0.206,1,0.000,0.000,0.000,0,220,0,0
1454,1.580,1.580,1.311,0.052,0.002,0.215,1,0.000,0.000,0.000,0,220,0,0
1455,1.724,1.724,1.374,0.051,0.003,0.296,1,0.000,0.000,0.000,0,220,0,0
1456,2.017,2.017,1.736,0.052,0.002,0.226,1,0.000,0.000,0.000,0,220,0,0
1457,1.621,1.621,1.337,0.054,0.003,0.228,1,0.000,0.000,0.000,0,220,0,0
1458,1.693,1.693,1.341,0.051,0.002,0.298,1,0.000,0.000,0.000,0,220,0,0
1459,2.061,2.061,1.775,0.052,0.002,0.232,1,0.000,0.000,0.000,0,220,0,0
1460,1.585,1.585,1.316,0.051,0.002,0.216,1,0.000,0.000,0.000,0,220,0,0
1461,1.618,1.618,1.291,0.051,0.002,0.273,1,0.000,0.000,0.000,0,220,0,0
1462,2.069,2.069,1.794,0.051,0.004,0.219,1,0.000,0.000,0.000,0,220,0,0
1463,1.860,1.860,1.577,0.052,0.004,0.227,1,0.000,0.000,0.000,0,220,0,0
1464,1.660,1.660,1.336,0.054,0.003,0.267,1,0.000,0.000,0.000,0,220,0,0
1465,2.917,2.917,2.612,0.052,0.005,0.247,1,0.000,0.000,0.000,0,220,0,0
1466,1.307,1.307,1.008,0.054,0.004,0.241,1,0.000,0.000,0.000,0,220,0,0
1467,1.673,1.673,1.322,0.051,0.002,0.297,1,0.000,0.000,0.000,0,220,0,0
1468,1.962,1.962,1.687,0.051,0.003,0.222,1,0.000,0.000,0.000,0,220,0,0
1469,1.553,1.553,1.278,0.051,0.002,0.222,1,0.000,0.000,0.000,0,220,0,0
1470,1.937,1.937,1.576,0.058,0.004,0.299,1,0.000,0.000,0.000,0,220,0,0
1471,2.035,2.035,1.752,0.051,0.003,0.230,1,0.000,0.000,0.000,0,220,0,0
1472,1.591,1.591,1.319,0.051,0.002,0.219,1,0.000,0.000,0.000,0,220,0,0
1473,1.627,1.627,1.281,0.051,0.003,0.293,1,0.000,0.000,0.000,0,220,0,0
1474,2.027,2.027,1.746,0.051,0.002,0.229,1,0.000,0.000,0.000,0,220,0,0
1475,1.564,1.564,1.294,0.051,0.002,0.216,1,0.000,0.000,0.000,0,220,0,0
1476,1.752,1.752,1.407,0.051,0.005,0.288,1,0.000,0.000,0.000,0,220,0,0
1477,1.918,1.918,1.647,0.053,0.003,0.215,1,0.000,0.000,0.000,0,220,0,0
1478,1.532,1.532,1.247,0.052,0.002,0.230,1,0.000,0.000,0.000,0,220,0,0
1479,1.729,1.729,1.373,0.052,0.002,0.302,1,0.000,0.000,0.000,0,220,0,0
1480,1.926,1.926,1.660,0.051,0.002,0.213,1,0.000,0.000,0.000,0,220,0,0
1481,1.475,1.475,1.217,0.051,0.003,0.204,1,0.000,0.000,0.000,0,220,0,0
1482,1.510,1.510,1.187,0.052,0.002,0.269,1,0.000,0.000,0.000,0,220,0,0
1483,1.812,1.812,1.548,0.053,0.003,0.208,1,0.000,0.000,0.000,0,220,0,0
1484,1.590,1.590,1.317,0.052,0.002,0.219,1,0.000,0.000,0.000,0,220,0,0
1485,1.656,1.656,1.280,0.051,0.002,0.323,1,0.000,0.000,0.000,0,220,0,0
1486,2.051,2.051,1.767,0.051,0.002,0.231,1,0.000,0.000,0.000,0,220,0,0
1487,1.859,1.859,1.535,0.051,0.003,0.270,1,0.000,0.000,0.000,0,220,0,0
1488,1.812,1.812,1.455,0.052,0.003,0.303,1,0.000,0.000,0.000,0,220,0,0
1489,2.799,2.799,2.491,0.054,0.006,0.248,1,0.000,0.000,0.000,0,220,0,0
1490,1.345,1.345,1.040,0.053,0.004,0.247,1,0.000,0.000,0.000,0,220,0,0
1491,1.756,1.756,1.396,0.052,0.002,0.306,1,0.000,0.000,0.000,0,220,0,0
1492,3.343,3.343,3.058,0.051,0.003,0.231,1,0.000,0.000,0.000,0,220,0,0
1493,1.465,1.465,1.188,0.053,0.004,0.219,1,0.000,0.000,0.000,0,220,0,0
1494,1.713,1.713,1.344,0.054,0.004,0.310,1,0.000,0.000,0.000,0,220,0,0
1495,1.944,1.944,1.666,0.055,0.003,0.220,1,0.000,0.000,0.000,0,220,0,0
1496,1.516,1.516,1.253,0.052,0.002,0.208,1,0.000,0.000,0.000,0,220,0,0
1497,1.562,1.562,1.234,0.051,0.002,0.275,1,0.000,0.000,0.000,0,220,0,0
1498,1.857,1.857,1.596,0.051,0.003,0.208,1,0.000,0.000,0.000,0,220,0,0
1499,1.560,1.560,1.286,0.052,0.004,0.219,1,0.000,0.000,0.000,0,220,0,0
1500,1.621,1.621,1.260,0.052,0.003,0.307,1,0.000,0.000,0.000,0,220,0,0
1501,1.980,1.980,1.701,0.051,0.002,0.226,1,0.000,0.000,0.000,0,220,0,0
1502,1.714,1.714,1.355,0.053,0.003,0.304,1,0.000,0.000,0.000,0,220,0,0
1503,1.936,1.936,1.700,0.052,0.002,0.181,1,0.000,0.000,0.000,0,220,0,0
1504,1.478,1.478,1.212,0.051,0.002,0.213,1,0.000,0.000,0.000,0,220,0,0
1505,1.633,1.633,1.282,0.052,0.003,0.296,1,0.000,0.000,0.000,0,220,0,0
1506,1.939,1.939,1.670,0.052,0.003,0.214,1,0.000,0.000,0.000,0,220,0,0
1507,1.495,1.495,1.230,0.051,0.002,0.212,1,0.000,0.000,0.000,0,220,0,0
1508,1.565,1.565,1.231,0.052,0.002,0.281,1,0.000,0.000,0.000,0,220,0,0
1509,1.993,1.993,1.668,0.052,0.003,0.270,1,0.000,0.000,0.000,0,220,0,0
1510,1.507,1.507,1.230,0.052,0.003,0.223,1,0.000,0.000,0.000,0,220,0,0
1511,1.613,1.613,1.282,0.051,0.002,0.277,1,0.000,0.000,0.000,0,220,0,0
1512,1.837,1.837,1.567,0.051,0.002,0.216,1,0.000,0.000,0.000,0,220,0,0
1513,1.481,1.481,1.214,0.052,0.002,0.212,1,0.000,0.000,0.000,0,220,0,0
1514,1.614,1.614,1.266,0.051,0.002,0.295,1,0.000,0.000,0.000,0,220,0,0
1515,2.193,2.193,1.893,0.051,0.002,0.246,1,0.000,0.000,0.000,0,220,0,0
1516,1.537,1.537,1.238,0.053,0.004,0.242,1,0.000,0.000,0.000,0,220,0,0
1517,1.717,1.717,1.360,0.051,0.002,0.303,1,0.000,0.000,0.000,0,220,0,0
1518,2.250,2.250,1.954,0.052,0.005,0.240,1,0.000,0.000,0.000,0,220,0,0
1519,1.739,1.739,1.439,0.052,0.004,0.244,1,0.000,0.000,0.000,0,220,0,0
1520,1.619,1.619,1.299,0.052,0.003,0.265,1,0.000,0.000,0.000,0,220,0,0
1521,3.200,3.200,2.939,0.055,0.004,0.202,1,0.000,0.000,0.000,0,220,0,0
1522,1.335,1.335,1.070,0.054,0.004,0.208,1,0.000,0.000,0.000,0,220,0,0
1523,1.538,1.538,1.230,0.052,0.002,0.253,1,0.000,0.000,0.000,0,220,0,0
1524,1.912,1.912,1.661,0.051,0.002,0.198,1,0.000,0.000,0.000,0,220,0,0
1525,1.296,1.296,1.103,0.051,0.003,0.140,1,0.000,0.000,0.000,0,220,0,0
1526,1.130,1.130,0.904,0.051,0.002,0.172,1,0.000,0.000,0.000,0,220,0,0
1527,1.289,1.289,1.102,0.052,0.002,0.134,1,0.000,0.000,0.000,0,220,0,0
1528,1.040,1.040,0.853,0.051,0.002,0.133,1,0.000,0.000,0.000,0,220,0,0
1529,1.534,1.534,1.305,0.051,0.002,0.175,1,0.000,0.000,0.000,0,220,0,0
1530,1.056,1.056,0.868,0.052,0.003,0.133,1,0.000,0.000,0.000,0,220,0,0
1531,1.037,1.037,0.851,0.051,0.002,0.132,1,0.000,0.000,0.000,0,220,0,0
1532,1.089,1.089,0.863,0.051,0.002,0.172,1,0.000,0.000,0.000,0,220,0,0
1533,1.256,1.256,1.071,0.051,0.002,0.132,1,0.000,0.000,0.000,0,220,0,0
1534,1.070,1.070,0.880,0.052,0.002,0.136,1,0.000,0.000,0.000,0,220,0,0
1535,1.062,1.062,0.849,0.052,0.002,0.159,1,0.000,0.000,0.000,0,220,0,0
1536,1.185,1.185,1.015,0.051,0.002,0.117,1,0.000,0.000,0.000,0,220,0,0
1537,0.983,0.983,0.813,0.051,0.002,0.117,1,0.000,0.000,0.000,0,220,0,0
1538,1.031,1.031,0.815,0.051,0.002,0.163,1,0.000,0.000,0.000,0,220,0,0
1539,1.204,1.204,1.028,0.051,0.002,0.123,1,0.000,0.000,0.000,0,220,0,0
1540,1.435,1.435,1.270,0.053,0.002,0.109,1,0.000,0.000,0.000,0,220,0,0
1541,1.032,1.032,0.848,0.051,0.002,0.131,1,0.000,0.000,0.000,0,220,0,0
1542,1.017,1.017,0.863,0.052,0.002,0.100,1,0.000,0.000,0.000,0,220,0,0
1543,0.953,0.953,0.801,0.051,0.002,0.099,1,0.000,0.000,0.000,0,220,0,0
1544,1.104,1.104,0.923,0.052,0.002,0.127,1,0.000,0.000,0.000,0,220,0,0
1545,0.984,0.984,0.800,0.051,0.003,0.130,1,0.000,0.000,0.000,0,220,0,0
1546,1.003,1.003,0.819,0.051,0.002,0.130,1,0.000,0.000,0.000,0,220,0,0
1547,1.044,1.044,0.819,0.051,0.002,0.172,1,0.000,0.000,0.000,0,220,0,0
1548,1.223,1.223,1.040,0.052,0.002,0.128,1,0.000,0.000,0.000,0,220,0,0
1549,0.994,0.994,0.812,0.052,0.002,0.127,1,0.000,0.000,0.000,0,220,0,0
1550,1.537,1.537,1.223,0.052,0.002,0.260,1,0.000,0.000,0.000,0,220,0,0
1551,1.288,1.288,1.092,0.054,0.003,0.138,1,0.000,0.000,0.000,0,220,0,0
1552,1.026,1.026,0.844,0.052,0.002,0.128,1,0.000,0.000,0.000,0,220,0,0
1553,1.072,1.072,0.848,0.052,0.002,0.170,1,0.000,0.000,0.000,0,220,0,0
1554,1.333,1.333,1.144,0.051,0.002,0.136,1,0.000,0.000,0.000,0,220,0,0
1555,1.014,1.014,0.837,0.051,0.002,0.124,1,0.000,0.000,0.000,0,220,0,0
1556,1.689,1.689,1.481,0.051,0.002,0.155,1,0.000,0.000,0.000,0,220,0,0
1557,1.310,1.310,1.130,0.053,0.004,0.124,1,0.000,0.000,0.000,0,220,0,0
1558,0.998,0.998,0.830,0.052,0.002,0.115,1,0.000,0.000,0.000,0,220,0,0
1559,1.218,1.218,0.996,0.051,0.002,0.169,1,0.000,0.000,0.000,0,220,0,0
1560,1.671,1.671,1.488,0.051,0.003,0.129,1,0.000,0.000,0.000,0,220,0,0
1561,2.226,2.226,1.870,0.206,0.005,0.145,1,0.000,0.000,0.000,0,220,0,0
1562,1.292,1.292,1.074,0.052,0.003,0.164,1,0.000,0.000,0.000,0,220,0,0
1563,1.308,1.308,1.105,0.053,0.004,0.145,1,0.000,0.000,0.000,0,220,0,0
1564,1.233,1.233,1.000,0.052,0.002,0.178,1,0.000,0.000,0.000,0,220,0,0
1565,1.404,1.404,1.021,0.081,0.002,0.300,1,0.000,0.000,0.000,0,220,1,0
1566,2.118,2.118,1.844,0.051,0.004,0.219,1,0.000,0.000,0.000,0,220,0,0
1567,1.820,1.820,1.536,0.056,0.004,0.224,1,0.000,0.000,0.000,0,220,0,0
1568,1.589,1.589,1.267,0.051,0.003,0.268,1,0.000,0.000,0.000,0,220,0,0
1569,1.951,1.951,1.670,0.051,0.003,0.226,1,0.000,0.000,0.000,0,220,0,0
1570,1.521,1.521,1.208,0.096,0.003,0.214,1,0.000,0.000,0.000,0,220,0,0
1571,1.639,1.639,1.309,0.051,0.002,0.276,1,0.000,0.000,0.000,0,220,0,0
1572,1.942,1.942,1.653,0.052,0.002,0.235,1,0.000,0.000,0.000,0,220,0,0
1573,1.623,1.623,1.335,0.051,0.002,0.234,1,0.000,0.000,0.000,0,220,0,0
1574,1.829,1.829,1.445,0.052,0.003,0.330,1,0.000,0.000,0.000,0,220,0,0
1575,2.142,2.142,1.841,0.051,0.002,0.248,1,0.000,0.000,0.000,0,220,0,0
1576,1.891,1.891,1.529,0.051,0.003,0.308,1,0.000,0.000,0.000,0,220,0,0
1577,1.894,1.894,1.495,0.052,0.003,0.345,1,0.000,0.000,0.000,0,220,0,0
1578,2.177,2.177,1.876,0.051,0.002,0.247,1,0.000,0.000,0.000,0,220,0,0
1579,2.252,2.252,1.949,0.051,0.002,0.250,1,0.000,0.000,0.000,0,220,0,0
1580,1.620,1.620,1.223,0.053,0.004,0.340,1,0.000,0.000,0.000,0,220,0,0
1581,2.233,2.233,1.928,0.051,0.003,0.251,1,0.000,0.000,0.000,0,220,0,0
1582,1.789,1.789,1.496,0.051,0.003,0.240,1,0.000,0.000,0.000,0,220,0,0
1583,1.755,1.755,1.427,0.051,0.003,0.273,1,0.000,0.000,0.000,0,220,0,0
1584,2.052,2.052,1.771,0.051,0.003,0.228,1,0.000,0.000,0.000,0,220,0,0
1585,2.465,2.465,2.136,0.051,0.005,0.273,1,0.000,0.000,0.000,0,220,0,0
1586,1.432,1.432,1.026,0.053,0.004,0.349,1,0.000,0.000,0.000,0,220,0,0
1587,2.261,2.261,1.953,0.052,0.003,0.254,1,0.000,0.000,0.000,0,220,0,0
1588,3.334,3.334,2.963,0.052,0.005,0.314,1,0.000,0.000,0.000,0,220,0,0
1589,1.464,1.464,1.083,0.053,0.003,0.324,1,0.000,0.000,0.000,0,220,0,0
1590,2.726,2.726,2.394,0.054,0.004,0.274,1,0.000,0.000,0.000,0,220,0,0
1591,1.347,1.347,1.033,0.051,0.003,0.260,1,0.000,0.000,0.000,0,220,0,0
1592,1.936,1.936,1.543,0.051,0.003,0.340,1,0.000,0.000,0.000,0,220,0,0
1593,2.189,2.189,1.881,0.051,0.003,0.254,1,0.000,0.000,0.000,0,220,0,0
1594,1.836,1.836,1.518,0.052,0.002,0.264,1,0.000,0.000,0.000,0,220,0,0
1595,1.914,1.914,1.498,0.051,0.002,0.362,1,0.000,0.000,0.000,0,220,0,0
1596,2.509,2.509,2.173,0.052,0.005,0.279,1,0.000,0.000,0.000,0,220,0,0
1597,1.936,1.936,1.597,0.052,0.003,0.284,1,0.000,0.000,0.000,0,220,0,0
1598,1.989,1.989,1.576,0.051,0.003,0.359,1,0.000,0.000,0.000,0,220,0,0
1599,2.377,2.377,2.067,0.051,0.002,0.256,1,0.000,0.000,0.000,0,220,0,0
1600,1.759,1.759,1.450,0.051,0.002,0.255,1,0.000,0.000,0.000,0,220,0,0
1601,1.891,1.891,1.492,0.051,0.007,0.341,1,0.000,0.000,0.000,0,220,0,0
1602,2.312,2.312,1.999,0.051,0.004,0.258,1,0.000,0.000,0.000,0,220,0,0
1603,1.898,1.898,1.505,0.053,0.003,0.338,1,0.000,0.000,0.000,0,224,0,0
1604,2.411,2.411,2.097,0.052,0.002,0.259,1,0.000,0.000,0.000,0,224,0,0
1605,1.680,1.680,1.436,0.052,0.002,0.189,1,0.000,0.000,0.000,0,224,0,0
1606,1.465,1.465,1.161,0.052,0.002,0.250,1,0.000,0.000,0.000,0,224,0,0
1607,1.753,1.753,1.507,0.052,0.002,0.191,1,0.000,0.000,0.000,0,224,0,0
1608,1.670,1.670,1.421,0.052,0.002,0.194,1,0.000,0.000,0.000,0,224,0,0
1609,1.487,1.487,1.161,0.054,0.004,0.268,1,0.000,0.000,0.000,0,224,0,0
1610,2.107,2.107,1.851,0.053,0.004,0.199,1,0.000,0.000,0.000,0,224,0,0
1611,1.332,1.332,1.074,0.053,0.004,0.201,1,0.000,0.000,0.000,0,224,0,0
1612,1.505,1.505,1.201,0.052,0.002,0.250,1,0.000,0.000,0.000,0,224,0,0
1613,1.778,1.778,1.536,0.052,0.003,0.188,1,0.000,0.000,0.000,0,224,0,0
1614,2.628,2.628,2.375,0.057,0.003,0.192,1,0.000,0.000,0.000,0,476,0,0
1615,2.126,2.126,1.332,0.547,0.003,0.243,1,0.000,0.000,0.000,0,476,0,0
1616,1.858,1.858,1.584,0.056,0.004,0.214,1,0.000,0.000,0.000,0,476,0,0
1617,1.433,1.433,1.183,0.055,0.003,0.193,1,0.000,0.000,0.000,0,476,0,0
1618,1.503,1.503,1.191,0.054,0.002,0.255,1,0.000,0.000,0.000,0,476,0,0
1619,1.871,1.871,1.614,0.054,0.003,0.199,1,0.000,0.000,0.000,0,476,0,0
1620,1.405,1.405,1.178,0.054,0.003,0.170,1,0.000,0.000,0.000,0,476,0,0
1621,1.340,1.340,1.059,0.055,0.002,0.225,1,0.000,0.000,0.000,0,476,0,0
1622,1.764,1.764,1.534,0.056,0.003,0.171,1,0.000,0.000,0.000,0,476,0,0
1623,1.284,1.284,1.055,0.055,0.003,0.171,1,0.000,0.000,0.000,0,476,0,0
1624,1.517,1.517,1.200,0.054,0.002,0.260,1,0.000,0.000,0.000,0,476,0,0
1625,1.739,1.739,1.494,0.054,0.002,0.189,1,0.000,0.000,0.000,0,476,0,0
1626,1.353,1.353,1.107,0.054,0.002,0.189,1,0.000,0.000,0.000,0,476,0,0
1627,1.460,1.460,1.152,0.054,0.002,0.252,1,0.000,0.000,0.000,0,476,0,0
1628,1.693,1.693,1.449,0.054,0.002,0.188,1,0.000,0.000,0.000,0,476,0,0
1629,1.660,1.660,1.414,0.054,0.002,0.189,1,0.000,0.000,0.000,0,476,0,0
1630,1.608,1.608,1.290,0.057,0.004,0.257,1,0.000,0.000,0.000,0,476,0,0
1631,1.799,1.799,1.554,0.055,0.003,0.188,1,0.000,0.000,0.000,0,476,0,0
1632,1.385,1.385,1.139,0.054,0.002,0.190,1,0.000,0.000,0.000,0,476,0,0
1633,1.537,1.537,1.234,0.054,0.002,0.247,1,0.000,0.000,0.000,0,476,0,0
1634,1.795,1.795,1.545,0.054,0.002,0.193,1,0.000,0.000,0.000,0,476,0,0
1635,1.373,1.373,1.149,0.054,0.003,0.168,1,0.000,0.000,0.000,0,476,0,0
1636,2.069,2.069,1.769,0.054,0.006,0.241,1,0.000,0.000,0.000,0,476,0,0
1637,1.533,1.533,1.286,0.055,0.005,0.187,1,0.000,0.000,0.000,0,476,0,0
1638,1.510,1.510,1.249,0.054,0.003,0.204,1,0.000,0.000,0.000,0,476,0,0
1639,3.133,3.133,2.815,0.054,0.008,0.256,1,0.000,0.000,0.000,0,476,0,0
1640,2.482,2.482,2.235,0.063,0.008,0.177,1,0.000,0.000,0.000,0,476,0,0
1641,1.446,1.446,1.231,0.054,0.003,0.158,1,0.000,0.000,0.000,0,476,0,0
1642,3.911,3.911,3.586,0.102,0.009,0.214,1,0.000,0.000,0.000,0,476,0,0
1643,1.647,1.647,1.347,0.056,0.004,0.239,1,0.000,0.000,0.000,0,476,0,0
1644,1.453,1.453,1.197,0.054,0.002,0.199,1,0.000,0.000,0.000,0,476,0,0
1645,1.482,1.482,1.144,0.054,0.003,0.281,1,0.000,0.000,0.000,0,476,0,0
1646,1.900,1.900,1.636,0.054,0.002,0.207,1,0.000,0.000,0.000,0,476,0,0
1647,1.523,1.523,1.260,0.054,0.002,0.207,1,0.000,0.000,0.000,0,476,0,0
1648,1.921,1.921,1.581,0.054,0.007,0.279,1,0.000,0.000,0.000,0,476,0,0
1649,1.955,1.955,1.685,0.057,0.003,0.210,1,0.000,0.000,0.000,0,476,0,0
1650,1.511,1.511,1.246,0.055,0.003,0.207,1,0.000,0.000,0.000,0,476,0,0
1651,1.640,1.640,1.311,0.054,0.002,0.272,1,0.000,0.000,0.000,0,476,0,0
1652,1.905,1.905,1.639,0.054,0.002,0.209,1,0.000,0.000,0.000,0,476,0,0
1653,1.469,1.469,1.226,0.054,0.002,0.187,1,0.000,0.000,0.000,0,476,0,0
1654,1.775,1.775,1.448,0.054,0.005,0.268,1,0.000,0.000,0.000,0,476,0,0
1655,2.276,2.276,2.046,0.057,0.003,0.170,1,0.000,0.000,0.000,0,476,0,0
1656,1.295,1.295,1.069,0.054,0.002,0.170,1,0.000,0.000,0.000,0,476,0,0
1657,1.397,1.397,1.119,0.054,0.002,0.222,1,0.000,0.000,0.000,0,476,0,0
1658,1.629,1.629,1.404,0.054,0.002,0.169,1,0.000,0.000,0.000,0,476,0,0
1659,1.450,1.450,1.213,0.054,0.002,0.181,1,0.000,0.000,0.000,0,476,0,0
1660,1.437,1.437,1.137,0.054,0.003,0.243,1,0.000,0.000,0.000,0,476,0,0
1661,1.790,1.790,1.541,0.054,0.003,0.192,1,0.000,0.000,0.000,0,476,0,0
1662,2.064,2.064,1.815,0.054,0.004,0.191,1,0.000,0.000,0.000,0,476,0,0
1663,1.474,1.474,1.194,0.055,0.003,0.223,1,0.000,0.000,0.000,0,476,0,0
1664,1.744,1.744,1.484,0.054,0.002,0.203,1,0.000,0.000,0.000,0,476,0,0
1665,1.416,1.416,1.141,0.054,0.003,0.219,1,0.000,0.000,0.000,0,476,0,0
1666,1.650,1.650,1.315,0.053,0.003,0.279,1,0.000,0.000,0.000,0,476,0,0
1667,2.088,2.088,1.672,0.054,0.003,0.360,1,0.000,0.000,0.000,0,476,0,0
1668,2.145,2.145,1.852,0.054,0.007,0.232,1,0.000,0.000,0.000,0,476,0,0
1669,1.615,1.615,1.271,0.056,0.003,0.285,1,0.000,0.000,0.000,0,476,0,0
1670,1.952,1.952,1.680,0.055,0.002,0.215,1,0.000,0.000,0.000,0,476,0,0
1671,3.004,3.004,2.719,0.052,0.003,0.230,1,0.000,0.000,0.000,0,472,0,0
1672,1.417,1.417,1.056,0.054,0.002,0.305,1,0.000,0.000,0.000,0,472,0,0
1673,2.121,2.121,1.813,0.056,0.005,0.247,1,0.000,0.000,0.000,0,476,0,0
1674,1.814,1.814,1.512,0.055,0.004,0.243,1,0.000,0.000,0.000,0,476,0,0
1675,1.838,1.838,1.439,0.055,0.004,0.340,1,0.000,0.000,0.000,0,476,0,0
1676,2.383,2.383,2.076,0.054,0.004,0.248,1,0.000,0.000,0.000,0,476,0,0
1677,1.804,1.804,1.499,0.056,0.002,0.247,1,0.000,0.000,0.000,0,476,0,0
1678,1.835,1.835,1.454,0.054,0.002,0.324,1,0.000,0.000,0.000,0,476,0,0
1679,2.402,2.402,2.103,0.054,0.002,0.242,1,0.000,0.000,0.000,0,476,0,0
1680,2.198,2.198,1.899,0.055,0.005,0.239,1,0.000,0.000,0.000,0,476,0,0
1681,1.760,1.760,1.397,0.056,0.003,0.305,1,0.000,0.000,0.000,0,476,0,0
1682,2.057,2.057,1.776,0.055,0.002,0.224,1,0.000,0.000,0.000,0,476,0,0
1683,1.610,1.610,1.330,0.054,0.002,0.223,1,0.000,0.000,0.000,0,476,0,0
1684,1.870,1.870,1.517,0.058,0.003,0.291,1,0.000,0.000,0.000,0,900,0,0
1685,1.922,1.922,1.691,0.059,0.002,0.169,1,0.000,0.000,0.000,0,900,0,0
1686,1.871,1.871,1.629,0.065,0.004,0.174,1,0.000,0.000,0.000,0,900,0,0
1687,1.708,1.708,1.417,0.060,0.003,0.228,1,0.000,0.000,0.000,0,900,0,0
1688,1.618,1.618,1.387,0.059,0.003,0.170,1,0.000,0.000,0.000,0,900,0,0
1689,1.401,1.401,1.170,0.059,0.002,0.169,1,0.000,0.000,0.000,0,900,0,0
1690,1.446,1.446,1.160,0.058,0.002,0.226,1,0.000,0.000,0.000,0,900,0,0
1691,1.626,1.626,1.397,0.059,0.002,0.168,1,0.000,0.000,0.000,0,900,0,0
1692,1.407,1.407,1.177,0.059,0.002,0.168,1,0.000,0.000,0.000,0,900,0,0
1693,1.829,1.829,1.522,0.058,0.002,0.246,1,0.000,0.000,0.000,0,900,0,0
1694,1.795,1.795,1.534,0.060,0.004,0.197,1,0.000,0.000,0.000,0,900,0,0
1695,1.438,1.438,1.187,0.059,0.002,0.189,1,0.000,0.000,0.000,0,900,0,0
1696,1.828,1.828,1.342,0.058,0.005,0.422,1,0.000,0.000,0.000,0,900,0,0
1697,1.878,1.878,1.621,0.059,0.003,0.195,1,0.000,0.000,0.000,0,900,0,0
1698,2.658,2.658,2.408,0.058,0.003,0.189,1,0.000,0.000,0.000,0,900,0,0
1699,2.028,2.028,1.692,0.058,0.002,0.275,1,0.000,0.000,0.000,0,900,0,0
1700,1.776,1.776,1.526,0.062,0.004,0.184,1,0.000,0.000,0.000,0,900,0,0
1701,1.500,1.500,1.213,0.060,0.002,0.225,1,0.000,0.000,0.000,0,900,0,0
1702,1.651,1.651,1.419,0.059,0.003,0.169,1,0.000,0.000,0.000,0,900,0,0
1703,1.397,1.397,1.168,0.059,0.002,0.169,1,0.000,0.000,0.000,0,900,0,0
1704,1.584,1.584,1.297,0.058,0.002,0.227,1,0.000,0.000,0.000,0,900,0,0
1705,1.643,1.643,1.387,0.059,0.002,0.195,1,0.000,0.000,0.000,0,900,0,0
1706,1.998,1.998,1.735,0.059,0.003,0.202,1,0.000,0.000,0.000,0,900,0,0
1707,1.566,1.566,1.250,0.060,0.002,0.254,1,0.000,0.000,0.000,0,900,0,0
1708,1.727,1.727,1.484,0.059,0.003,0.182,1,0.000,0.000,0.000,0,900,0,0
1709,1.409,1.409,1.168,0.058,0.002,0.180,1,0.000,0.000,0.000,0,900,0,0
1710,1.443,1.443,1.144,0.059,0.002,0.238,1,0.000,0.000,0.000,0,900,0,0
1711,1.710,1.710,1.466,0.059,0.003,0.182,1,0.000,0.000,0.000,0,900,0,0
1712,1.400,1.400,1.158,0.058,0.002,0.181,1,0.000,0.000,0.000,0,900,0,0
1713,1.536,1.536,1.236,0.059,0.002,0.239,1,0.000,0.000,0.000,0,900,0,0
1714,1.973,1.973,1.716,0.060,0.002,0.195,1,0.000,0.000,0.000,0,900,0,0
1715,1.411,1.411,1.181,0.060,0.002,0.168,1,0.000,0.000,0.000,0,900,0,0
1716,1.452,1.452,1.167,0.059,0.002,0.224,1,0.000,0.000,0.000,0,900,0,0
1717,1.578,1.578,1.350,0.059,0.003,0.166,1,0.000,0.000,0.000,0,900,0,0
1718,1.374,1.374,1.147,0.059,0.003,0.166,1,0.000,0.000,0.000,0,900,0,0
1719,1.510,1.510,1.215,0.059,0.002,0.234,1,0.000,0.000,0.000,0,900,0,0
1720,1.628,1.628,1.391,0.059,0.002,0.176,1,0.000,0.000,0.000,0,900,0,0
1721,1.549,1.549,1.321,0.059,0.003,0.166,1,0.000,0.000,0.000,0,900,0,0
1722,1.753,1.753,1.459,0.060,0.004,0.230,1,0.000,0.000,0.000,0,900,0,0
1723,1.593,1.593,1.364,0.058,0.002,0.167,1,0.000,0.000,0.000,0,900,0,0
1724,1.665,1.665,1.373,0.059,0.003,0.230,1,0.000,0.000,0.000,0,900,0,0
1725,2.070,2.070,1.613,0.059,0.009,0.389,1,0.000,0.000,0.000,0,900,0,0
1726,2.353,2.353,2.046,0.059,0.004,0.243,1,0.000,0.000,0.000,0,900,0,0
1727,2.185,2.185,1.862,0.059,0.003,0.262,1,0.000,0.000,0.000,0,900,0,0
1728,2.004,2.004,1.589,0.060,0.004,0.351,1,0.000,0.000,0.000,0,900,0,0
1729,3.336,3.336,3.046,0.059,0.003,0.229,1,0.000,0.000,0.000,0,900,0,0
1730,2.004,2.004,1.686,0.060,0.007,0.251,1,0.000,0.000,0.000,0,900,0,0
1731,1.921,1.921,1.539,0.061,0.003,0.319,1,0.000,0.000,0.000,0,900,0,0
1732,2.584,2.584,1.894,0.086,0.349,0.255,1,0.000,0.000,0.000,0,900,1,0
1733,1.858,1.858,1.552,0.060,0.003,0.244,1,0.000,0.000,0.000,0,900,0,0
1734,1.870,1.870,1.472,0.059,0.003,0.337,1,0.000,0.000,0.000,0,900,0,0
1735,2.300,2.300,1.969,0.060,0.003,0.268,1,0.000,0.000,0.000,0,900,0,0
1736,2.172,2.172,1.837,0.059,0.005,0.271,1,0.000,0.000,0.000,0,900,0,0
1737,2.034,2.034,1.628,0.061,0.002,0.343,1,0.000,0.000,0.000,0,900,0,0
1738,2.346,2.346,1.580,0.503,0.003,0.260,1,0.000,0.000,0.000,0,900,0,0
1739,1.956,1.956,1.635,0.059,0.003,0.260,1,0.000,0.000,0.000,0,900,0,0
1740,1.901,1.901,1.512,0.059,0.003,0.327,1,0.000,0.000,0.000,0,900,0,0
1741,2.248,2.248,1.948,0.059,0.002,0.238,1,0.000,0.000,0.000,0,900,0,0
1742,2.062,2.062,1.738,0.067,0.004,0.252,1,0.000,0.000,0.000,0,900,0,0
1743,1.923,1.923,1.542,0.059,0.002,0.319,1,0.000,0.000,0.000,0,900,0,0
1744,2.571,2.571,2.244,0.059,0.002,0.265,1,0.000,0.000,0.000,0,900,0,0
1745,1.956,1.956,1.608,0.059,0.002,0.287,1,0.000,0.000,0.000,0,900,0,0
1746,1.791,1.791,1.419,0.059,0.002,0.310,1,0.000,0.000,0.000,0,900,0,0
1747,2.121,2.121,1.831,0.059,0.002,0.229,1,0.000,0.000,0.000,0,900,0,0
1748,1.747,1.747,1.446,0.059,0.003,0.238,1,0.000,0.000,0.000,0,900,0,0
1749,2.436,2.436,2.060,0.059,0.007,0.310,1,0.000,0.000,0.000,0,900,0,0
1750,2.150,2.150,1.841,0.059,0.004,0.246,1,0.000,0.000,0.000,0,900,0,0
1751,2.811,2.811,2.507,0.062,0.003,0.239,1,0.000,0.000,0.000,0,900,0,0
1752,1.919,1.919,1.523,0.060,0.004,0.332,1,0.000,0.000,0.000,0,900,0,0
1753,2.110,2.110,1.817,0.059,0.002,0.231,1,0.000,0.000,0.000,0,900,0,0
1754,1.792,1.792,1.331,0.213,0.003,0.246,1,0.000,0.000,0.000,0,900,0,0
1755,1.876,1.876,1.492,0.059,0.003,0.323,1,0.000,0.000,0.000,0,900,0,0
1756,2.224,2.224,1.923,0.054,0.002,0.245,1,0.000,0.000,0.000,0,228,0,0
1757,1.785,1.785,1.483,0.053,0.002,0.246,1,0.000,0.000,0.000,0,228,0,0
1758,1.865,1.865,1.487,0.053,0.002,0.323,1,0.000,0.000,0.000,0,228,0,0
1759,2.268,2.268,1.978,0.053,0.002,0.234,1,0.000,0.000,0.000,0,228,0,0
1760,1.890,1.890,1.597,0.053,0.007,0.233,1,0.000,0.000,0.000,0,228,0,0
1761,1.818,1.818,1.466,0.054,0.004,0.294,1,0.000,0.000,0.000,0,228,0,0
1762,1.966,1.966,1.701,0.053,0.003,0.209,1,0.000,0.000,0.000,0,228,0,0
1763,1.566,1.566,1.303,0.053,0.002,0.208,1,0.000,0.000,0.000,0,228,0,0
1764,1.787,1.787,1.463,0.053,0.002,0.269,1,0.000,0.000,0.000,0,228,0,0
1765,1.824,1.824,1.617,0.053,0.002,0.152,1,0.000,0.000,0.000,0,228,0,0
1766,1.216,1.216,1.001,0.061,0.002,0.152,1,0.000,0.000,0.000,0,228,0,0
1767,1.746,1.746,1.481,0.058,0.004,0.203,1,0.000,0.000,0.000,0,224,0,0
1768,1.592,1.592,1.374,0.053,0.003,0.162,1,0.000,0.000,0.000,0,224,0,0
1769,1.262,1.262,1.054,0.052,0.003,0.153,1,0.000,0.000,0.000,0,224,0,0
1770,1.353,1.353,1.095,0.052,0.003,0.204,1,0.000,0.000,0.000,0,220,0,0
1771,1.535,1.535,1.330,0.052,0.002,0.152,1,0.000,0.000,0.000,0,220,0,0
1772,1.224,1.224,1.019,0.052,0.002,0.151,1,0.000,0.000,0.000,0,220,0,0
1773,1.472,1.472,1.216,0.052,0.004,0.201,1,0.000,0.000,0.000,0,220,0,0
1774,1.664,1.664,1.446,0.053,0.003,0.161,1,0.000,0.000,0.000,0,220,0,0
1775,1.899,1.899,1.697,0.052,0.005,0.144,1,0.000,0.000,0.000,0,220,0,0
1776,1.270,1.270,1.027,0.052,0.004,0.187,1,0.000,0.000,0.000,0,220,0,0
1777,1.410,1.410,1.218,0.051,0.002,0.138,1,0.000,0.000,0.000,0,220,0,0
1778,1.138,1.138,0.947,0.051,0.002,0.137,1,0.000,0.000,0.000,0,220,0,0
1779,1.341,1.341,1.094,0.051,0.002,0.194,1,0.000,0.000,0.000,0,220,0,0
1780,1.412,1.412,1.240,0.051,0.002,0.119,1,0.000,0.000,0.000,0,220,0,0
1781,1.680,1.680,1.503,0.052,0.002,0.122,1,0.000,0.000,0.000,0,220,0,0
1782,1.283,1.283,1.070,0.054,0.002,0.157,1,0.000,0.000,0.000,0,220,0,0
1783,1.683,1.683,1.524,0.063,0.003,0.093,1,0.000,0.000,0.000,0,220,0,0
1784,1.356,1.356,1.170,0.051,0.002,0.133,1,0.000,0.000,0.000,0,220,0,0
1785,1.183,1.183,0.906,0.052,0.002,0.224,1,0.000,0.000,0.000,0,220,0,0
1786,1.644,1.644,1.419,0.051,0.002,0.171,1,0.000,0.000,0.000,0,220,0,0
1787,1.318,1.318,1.092,0.051,0.002,0.172,1,0.000,0.000,0.000,0,220,0,0
1788,1.424,1.424,1.142,0.051,0.002,0.229,1,0.000,0.000,0.000,0,220,0,0
1789,1.657,1.657,1.434,0.051,0.002,0.169,1,0.000,0.000,0.000,0,220,0,0
1790,1.321,1.321,1.096,0.051,0.002,0.171,1,0.000,0.000,0.000,0,220,0,0
1791,1.758,1.758,1.459,0.057,0.004,0.237,1,0.000,0.000,0.000,0,220,0,0
1792,1.688,1.688,1.453,0.053,0.003,0.179,1,0.000,0.000,0.000,0,220,0,0
1793,1.299,1.299,1.075,0.051,0.003,0.170,1,0.000,0.000,0.000,0,220,0,0
1794,1.057,1.057,0.819,0.052,0.002,0.184,1,0.000,0.000,0.000,0,220,0,0
1795,0.920,0.920,0.822,0.051,0.002,0.045,1,0.000,0.000,0.000,0,220,0,0
1796,0.877,0.877,0.779,0.051,0.002,0.044,1,0.000,0.000,0.000,0,220,0,0
1797,0.884,0.884,0.776,0.051,0.002,0.055,1,0.000,0.000,0.000,0,220,0,0
1798,0.830,0.830,0.757,0.052,0.002,0.019,1,0.000,0.000,0.000,0,220,0,0
1799,0.907,0.907,0.847,0.052,0.002,0.005,1,0.000,0.000,0.000,0,220,0,0
1800,0.827,0.827,0.767,0.052,0.002,0.006,1,0.000,0.000,0.000,0,220,0,0
1801,0.804,0.804,0.746,0.051,0.002,0.005,1,0.000,0.000,0.000,0,220,0,0
1802,1.007,1.007,0.927,0.071,0.002,0.006,1,0.000,0.000,0.000,0,220,0,0
1803,1.098,1.098,1.032,0.054,0.003,0.008,1,0.000,0.000,0.000,0,220,0,0
1804,0.835,0.835,0.775,0.052,0.002,0.006,1,0.000,0.000,0.000,0,220,0,0
1805,0.813,0.813,0.753,0.051,0.002,0.007,1,0.000,0.000,0.000,0,220,0,0
1806,0.802,0.802,0.744,0.051,0.002,0.005,1,0.000,0.000,0.000,0,220,0,0
1807,0.818,0.818,0.759,0.051,0.002,0.005,1,0.000,0.000,0.000,0,220,0,0
1808,0.803,0.803,0.744,0.051,0.002,0.006,1,0.000,0.000,0.000,0,220,0,0
1809,0.796,0.796,0.738,0.051,0.002,0.005,1,0.000,0.000,0.000,0,220,0,0
1810,0.797,0.797,0.739,0.051,0.002,0.005,1,0.000,0.000,0.000,0,220,0,0
1811,0.996,0.996,0.934,0.053,0.002,0.007,1,0.000,0.000,0.000,0,220,0,0
1812,1.187,1.187,1.121,0.055,0.005,0.007,1,0.000,0.000,0.000,0,220,0,0
1813,0.980,0.980,0.918,0.052,0.004,0.007,1,0.000,0.000,0.000,0,220,0,0
1814,0.827,0.827,0.767,0.051,0.002,0.007,1,0.000,0.000,0.000,0,220,0,0
1815,0.838,0.838,0.779,0.052,0.002,0.005,1,0.000,0.000,0.000,0,220,0,0
1816,0.800,0.800,0.743,0.051,0.002,0.005,1,0.000,0.000,0.000,0,220,0,0
1817,0.803,0.803,0.744,0.051,0.002,0.006,1,0.000,0.000,0.000,0,220,0,0
1818,0.799,0.799,0.741,0.051,0.002,0.005,1,0.000,0.000,0.000,0,220,0,0
1819,0.795,0.795,0.737,0.051,0.002,0.005,1,0.000,0.000,0.000,0,220,0,0
1820,0.800,0.800,0.742,0.051,0.002,0.006,1,0.000,0.000,0.000,0,220,0,0
1821,0.799,0.799,0.740,0.051,0.002,0.005,1,0.000,0.000,0.000,0,220,0,0
1822,0.795,0.795,0.737,0.051,0.002,0.005,1,0.000,0.000,0.000,0,220,0,0
1823,0.837,0.837,0.777,0.051,0.002,0.007,1,0.000,0.000,0.000,0,220,0,0
1824,0.802,0.802,0.743,0.051,0.002,0.006,1,0.000,0.000,0.000,0,220,0,0
1825,0.798,0.798,0.740,0.051,0.002,0.006,1,0.000,0.000,0.000,0,220,0,0
1826,0.803,0.803,0.743,0.052,0.002,0.006,1,0.000,0.000,0.000,0,220,0,0
1827,1.061,1.061,0.998,0.053,0.003,0.007,1,0.000,0.000,0.000,0,220,0,0
1828,1.742,1.742,1.679,0.055,0.003,0.005,1,0.000,0.000,0.000,0,220,0,0
1829,1.043,1.043,0.981,0.053,0.002,0.006,1,0.000,0.000,0.000,0,220,0,0
1830,1.179,1.179,1.115,0.057,0.003,0.004,1,0.000,0.000,0.000,0,220,0,0
1831,0.959,0.959,0.895,0.052,0.004,0.008,1,0.000,0.000,0.000,0,220,0,0
1832,0.837,0.837,0.776,0.052,0.002,0.007,1,0.000,0.000,0.000,0,220,0,0
1833,0.812,0.812,0.753,0.052,0.002,0.005,1,0.000,0.000,0.000,0,220,0,0
1834,0.801,0.801,0.743,0.052,0.002,0.005,1,0.000,0.000,0.000,0,220,0,0
1835,0.801,0.801,0.743,0.051,0.002,0.006,1,0.000,0.000,0.000,0,220,0,0
1836,0.796,0.796,0.738,0.051,0.002,0.005,1,0.000,0.000,0.000,0,220,0,0
1837,0.805,0.805,0.747,0.051,0.002,0.005,1,0.000,0.000,0.000,0,220,0,0
1838,0.817,0.817,0.758,0.051,0.002,0.006,1,0.000,0.000,0.000,0,220,0,0
1839,0.805,0.805,0.746,0.051,0.002,0.005,1,0.000,0.000,0.000,0,220,0,0
1840,0.798,0.798,0.740,0.051,0.002,0.005,1,0.000,0.000,0.000,0,220,0,0
1841,0.828,0.828,0.750,0.070,0.002,0.007,1,0.000,0.000,0.000,0,220,0,0
1842,0.803,0.803,0.745,0.052,0.002,0.005,1,0.000,0.000,0.000,0,220,0,0
1843,0.802,0.802,0.743,0.051,0.002,0.005,1,0.000,0.000,0.000,0,220,0,0
1844,0.802,0.802,0.743,0.051,0.002,0.006,1,0.000,0.000,0.000,0,220,0,0
1845,0.798,0.798,0.740,0.051,0.002,0.005,1,0.000,0.000,0.000,0,220,0,0
1846,0.800,0.800,0.742,0.051,0.002,0.005,1,0.000,0.000,0.000,0,220,0,0
1847,0.806,0.806,0.747,0.051,0.002,0.006,1,0.000,0.000,0.000,0,220,0,0
1848,0.800,0.800,0.741,0.051,0.002,0.005,1,0.000,0.000,0.000,0,220,0,0
1849,0.800,0.800,0.742,0.051,0.002,0.005,1,0.000,0.000,0.000,0,220,0,0
1850,0.818,0.818,0.758,0.052,0.002,0.007,1,0.000,0.000,0.000,0,220,0,0
1851,0.796,0.796,0.738,0.051,0.002,0.005,1,0.000,0.000,0.000,0,220,0,0
1852,0.796,0.796,0.739,0.051,0.002,0.005,1,0.000,0.000,0.000,0,220,0,0
1853,0.804,0.804,0.744,0.052,0.002,0.006,1,0.000,0.000,0.000,0,220,0,0
1854,0.798,0.798,0.740,0.051,0.002,0.005,1,0.000,0.000,0.000,0,220,0,0
1855,0.797,0.797,0.739,0.051,0.002,0.005,1,0.000,0.000,0.000,0,220,0,0
1856,0.803,0.803,0.744,0.051,0.002,0.006,1,0.000,0.000,0.000,0,220,0,0
1857,0.798,0.798,0.740,0.052,0.002,0.005,1,0.000,0.000,0.000,0,220,0,0
1858,0.794,0.794,0.736,0.051,0.002,0.005,1,0.000,0.000,0.000,0,220,0,0
1859,0.936,0.936,0.876,0.051,0.002,0.007,1,0.000,0.000,0.000,0,220,0,0
1860,0.805,0.805,0.747,0.051,0.002,0.005,1,0.000,0.000,0.000,0,220,0,0
1861,0.799,0.799,0.740,0.052,0.002,0.005,1,0.000,0.000,0.000,0,220,0,0
1862,0.829,0.829,0.769,0.052,0.002,0.006,1,0.000,0.000,0.000,0,220,0,0
1863,0.803,0.803,0.744,0.051,0.002,0.005,1,0.000,0.000,0.000,0,220,0,0
1864,0.798,0.798,0.740,0.051,0.002,0.005,1,0.000,0.000,0.000,0,220,0,0
1865,0.801,0.801,0.742,0.051,0.002,0.006,1,0.000,0.000,0.000,0,220,0,0
1866,0.798,0.798,0.739,0.052,0.002,0.005,1,0.000,0.000,0.000,0,220,0,0
1867,0.799,0.799,0.741,0.051,0.002,0.005,1,0.000,0.000,0.000,0,220,0,0
1868,0.807,0.807,0.747,0.051,0.002,0.007,1,0.000,0.000,0.000,0,220,0,0
1869,0.801,0.801,0.742,0.051,0.002,0.005,1,0.000,0.000,0.000,0,220,0,0
1870,0.803,0.803,0.744,0.051,0.002,0.005,1,0.000,0.000,0.000,0,220,0,0
1871,0.818,0.818,0.759,0.051,0.002,0.006,1,0.000,0.000,0.000,0,220,0,0
1872,0.795,0.795,0.738,0.051,0.002,0.005,1,0.000,0.000,0.000,0,220,0,0
1873,0.798,0.798,0.740,0.051,0.002,0.005,1,0.000,0.000,0.000,0,220,0,0
1874,0.798,0.798,0.740,0.051,0.002,0.006,1,0.000,0.000,0.000,0,220,0,0
1875,0.796,0.796,0.738,0.051,0.002,0.005,1,0.000,0.000,0.000,0,220,0,0
1876,0.799,0.799,0.740,0.052,0.002,0.005,1,0.000,0.000,0.000,0,220,0,0
1877,1.025,1.025,0.955,0.057,0.005,0.008,1,0.000,0.000,0.000,0,220,0,0
1878,0.904,0.904,0.843,0.052,0.003,0.006,1,0.000,0.000,0.000,0,220,0,0
1879,0.838,0.838,0.762,0.051,0.002,0.023,1,0.000,0.000,0.000,0,220,0,0
1880,1.302,1.302,1.232,0.060,0.004,0.007,1,0.000,0.000,0.000,0,220,0,0
1881,0.991,0.991,0.928,0.053,0.003,0.007,1,0.000,0.000,0.000,0,220,0,0
1882,0.829,0.829,0.770,0.052,0.002,0.005,1,0.000,0.000,0.000,0,220,0,0
1883,0.814,0.814,0.755,0.051,0.002,0.006,1,0.000,0.000,0.000,0,220,0,0
1884,0.799,0.799,0.741,0.051,0.002,0.005,1,0.000,0.000,0.000,0,220,0,0
1885,0.796,0.796,0.738,0.051,0.002,0.005,1,0.000,0.000,0.000,0,220,0,0
1886,1.019,1.019,0.952,0.057,0.003,0.008,1,0.000,0.000,0.000,0,220,0,0
1887,1.169,1.169,1.106,0.055,0.003,0.004,1,0.000,0.000,0.000,0,220,0,0
1888,1.211,1.211,1.151,0.052,0.002,0.005,1,0.000,0.000,0.000,0,220,0,0
1889,0.886,0.886,0.827,0.052,0.002,0.005,1,0.000,0.000,0.000,0,220,0,0
1890,1.081,1.081,1.017,0.052,0.004,0.008,1,0.000,0.000,0.000,0,220,0,0
1891,0.833,0.833,0.774,0.051,0.002,0.006,1,0.000,0.000,0.000,0,220,0,0
1892,0.824,0.824,0.765,0.051,0.002,0.006,1,0.000,0.000,0.000,0,220,0,0
1893,0.824,0.824,0.765,0.051,0.002,0.005,1,0.000,0.000,0.000,0,220,0,0
1894,0.811,0.811,0.753,0.050,0.002,0.006,1,0.000,0.000,0.000,0,220,0,0
1895,0.818,0.818,0.759,0.051,0.002,0.007,1,0.000,0.000,0.000,0,220,0,0
1896,0.822,0.822,0.764,0.051,0.002,0.005,1,0.000,0.000,0.000,0,220,0,0
1897,0.817,0.817,0.758,0.051,0.002,0.005,1,0.000,0.000,0.000,0,220,0,0
1898,0.825,0.825,0.758,0.059,0.002,0.006,1,0.000,0.000,0.000,0,220,0,0
1899,0.812,0.812,0.753,0.051,0.002,0.005,1,0.000,0.000,0.000,0,220,0,0
1900,1.047,1.047,0.982,0.056,0.003,0.006,1,0.000,0.000,0.000,0,220,0,0
1901,1.433,1.433,1.333,0.092,0.003,0.005,1,0.000,0.000,0.000,0,220,0,0
1902,1.005,1.005,0.945,0.052,0.003,0.006,1,0.000,0.000,0.000,0,220,0,0
1903,0.844,0.844,0.783,0.052,0.002,0.007,1,0.000,0.000,0.000,0,220,0,0
1904,0.819,0.819,0.761,0.051,0.002,0.005,1,0.000,0.000,0.000,0,220,0,0
1905,0.811,0.811,0.753,0.051,0.002,0.005,1,0.000,0.000,0.000,0,220,0,0
1906,0.812,0.812,0.753,0.051,0.002,0.006,1,0.000,0.000,0.000,0,220,0,0
1907,0.823,0.823,0.765,0.051,0.002,0.005,1,0.000,0.000,0.000,0,220,0,0
1908,0.815,0.815,0.757,0.051,0.002,0.005,1,0.000,0.000,0.000,0,220,0,0
1909,0.851,0.851,0.792,0.051,0.002,0.006,1,0.000,0.000,0.000,0,220,0,0
1910,0.814,0.814,0.757,0.051,0.002,0.005,1,0.000,0.000,0.000,0,220,0,0
1911,0.814,0.814,0.756,0.051,0.002,0.005,1,0.000,0.000,0.000,0,220,0,0
1912,0.832,0.832,0.773,0.051,0.002,0.006,1,0.000,0.000,0.000,0,220,0,0
1913,0.809,0.809,0.751,0.051,0.002,0.005,1,0.000,0.000,0.000,0,220,0,0
1914,0.813,0.813,0.755,0.051,0.002,0.005,1,0.000,0.000,0.000,0,220,0,0
1915,0.817,0.817,0.758,0.051,0.002,0.006,1,0.000,0.000,0.000,0,220,0,0
1916,0.814,0.814,0.755,0.051,0.002,0.005,1,0.000,0.000,0.000,0,220,0,0
1917,1.173,1.173,1.106,0.054,0.004,0.008,1,0.000,0.000,0.000,0,220,0,0
1918,0.950,0.950,0.888,0.052,0.003,0.007,1,0.000,0.000,0.000,0,220,0,0
1919,1.571,1.571,1.509,0.054,0.002,0.006,1,0.000,0.000,0.000,0,220,0,0
1920,1.151,1.151,1.031,0.110,0.004,0.007,1,0.000,0.000,0.000,0,220,0,0
1921,1.020,1.020,0.959,0.052,0.003,0.007,1,0.000,0.000,0.000,0,220,0,0
1922,0.828,0.828,0.770,0.051,0.002,0.005,1,0.000,0.000,0.000,0,220,0,0
1923,0.824,0.824,0.765,0.051,0.002,0.005,1,0.000,0.000,0.000,0,220,0,0
1924,0.820,0.820,0.761,0.052,0.002,0.006,1,0.000,0.000,0.000,0,220,0,0
1925,0.810,0.810,0.753,0.051,0.002,0.005,1,0.000,0.000,0.000,0,220,0,0
1926,0.813,0.813,0.754,0.051,0.002,0.005,1,0.000,0.000,0.000,0,220,0,0
1927,0.833,0.833,0.774,0.052,0.002,0.006,1,0.000,0.000,0.000,0,220,0,0
1928,0.816,0.816,0.758,0.051,0.002,0.005,1,0.000,0.000,0.000,0,220,0,0
1929,0.815,0.815,0.756,0.052,0.002,0.005,1,0.000,0.000,0.000,0,220,0,0
1930,0.819,0.819,0.759,0.051,0.002,0.006,1,0.000,0.000,0.000,0,220,0,0
1931,0.811,0.811,0.753,0.051,0.002,0.005,1,0.000,0.000,0.000,0,220,0,0
1932,0.811,0.811,0.752,0.052,0.002,0.005,1,0.000,0.000,0.000,0,220,0,0
1933,0.818,0.818,0.759,0.052,0.002,0.006,1,0.000,0.000,0.000,0,220,0,0
1934,0.814,0.814,0.756,0.051,0.002,0.005,1,0.000,0.000,0.000,0,220,0,0
1935,1.024,1.024,0.963,0.052,0.002,0.007,1,0.000,0.000,0.000,0,220,0,0
1936,1.178,1.178,1.110,0.056,0.004,0.009,1,0.000,0.000,0.000,0,220,0,0
1937,1.098,1.098,1.035,0.056,0.003,0.004,1,0.000,0.000,0.000,0,220,0,0
1938,0.953,0.953,0.892,0.051,0.003,0.007,1,0.000,0.000,0.000,0,220,0,0
1939,0.839,0.839,0.779,0.051,0.002,0.007,1,0.000,0.000,0.000,0,220,0,0
1940,0.822,0.822,0.763,0.052,0.002,0.005,1,0.000,0.000,0.000,0,220,0,0
1941,0.890,0.890,0.831,0.051,0.002,0.005,1,0.000,0.000,0.000,0,220,0,0
1942,1.342,1.342,1.277,0.054,0.004,0.007,1,0.000,0.000,0.000,0,220,0,0
1943,0.992,0.992,0.932,0.052,0.002,0.005,1,0.000,0.000,0.000,0,220,0,0
1944,1.105,1.105,1.040,0.054,0.003,0.008,1,0.000,0.000,0.000,0,220,0,0
1945,0.853,0.853,0.793,0.051,0.002,0.006,1,0.000,0.000,0.000,0,220,0,0
1946,0.839,0.839,0.780,0.051,0.002,0.005,1,0.000,0.000,0.000,0,220,0,0
1947,0.820,0.820,0.762,0.051,0.002,0.005,1,0.000,0.000,0.000,0,220,0,0
1948,0.818,0.818,0.758,0.051,0.002,0.007,1,0.000,0.000,0.000,0,220,0,0
1949,0.810,0.810,0.752,0.051,0.002,0.005,1,0.000,0.000,0.000,0,220,0,0
1950,0.808,0.808,0.751,0.051,0.002,0.005,1,0.000,0.000,0.000,0,220,0,0
1951,0.816,0.816,0.757,0.051,0.002,0.006,1,0.000,0.000,0.000,0,220,0,0
1952,0.813,0.813,0.755,0.051,0.002,0.005,1,0.000,0.000,0.000,0,220,0,0
1953,0.828,0.828,0.768,0.053,0.002,0.005,1,0.000,0.000,0.000,0,224,0,0
1954,0.824,0.824,0.764,0.052,0.002,0.006,1,0.000,0.000,0.000,0,224,0,0
1955,0.840,0.840,0.780,0.053,0.002,0.006,1,0.000,0.000,0.000,0,224,0,0
1956,0.828,0.828,0.769,0.052,0.002,0.005,1,0.000,0.000,0.000,0,224,0,0
1957,0.828,0.828,0.767,0.053,0.002,0.006,1,0.000,0.000,0.000,0,224,0,0
1958,0.832,0.832,0.773,0.052,0.002,0.005,1,0.000,0.000,0.000,0,224,0,0
1959,0.822,0.822,0.762,0.053,0.002,0.005,1,0.000,0.000,0.000,0,224,0,0
1960,0.824,0.824,0.764,0.052,0.002,0.006,1,0.000,0.000,0.000,0,224,0,0
1961,0.822,0.822,0.763,0.052,0.002,0.005,1,0.000,0.000,0.000,0,224,0,0
1962,0.819,0.819,0.760,0.052,0.002,0.005,1,0.000,0.000,0.000,0,224,0,0
1963,0.823,0.823,0.763,0.053,0.002,0.006,1,0.000,0.000,0.000,0,224,0,0
1964,0.912,0.912,0.875,0.003,0.028,0.006,1,0.000,0.000,0.000,0,4,0,0
1965,12.459,12.459,12.387,0.010,0.047,0.015,1,0.000,0.000,0.000,0,4,0,0
1966,119.160,119.160,119.020,0.108,0.012,0.019,1,0.000,0.000,0.000,0,432,0,0
1967,3.318,3.318,3.197,0.107,0.005,0.009,1,0.000,0.000,0.000,0,696,0,0
1968,3.724,3.724,3.589,0.112,0.008,0.015,1,0.000,0.000,0.000,0,696,0,0
1969,2.581,2.581,2.466,0.104,0.004,0.007,1,0.000,0.000,0.000,0,696,0,0
1970,2.490,2.490,2.376,0.105,0.003,0.007,1,0.000,0.000,0.000,0,696,0,0
1971,2.432,2.432,2.319,0.104,0.002,0.006,1,0.000,0.000,0.000,0,696,0,0
1972,2.413,2.413,2.299,0.105,0.002,0.007,1,0.000,0.000,0.000,0,696,0,0
1973,3.182,3.182,3.063,0.105,0.005,0.008,1,0.000,0.000,0.000,0,696,0,0
1974,2.866,2.866,2.750,0.105,0.004,0.008,1,0.000,0.000,0.000,0,696,0,0
1975,2.449,2.449,2.336,0.103,0.003,0.008,1,0.000,0.000,0.000,0,696,0,0
1976,2.451,2.451,2.326,0.116,0.003,0.006,1,0.000,0.000,0.000,0,696,0,0
1977,2.403,2.403,2.292,0.103,0.003,0.006,1,0.000,0.000,0.000,0,696,0,0
1978,2.400,2.400,2.289,0.103,0.002,0.007,1,0.000,0.000,0.000,0,696,0,0
1979,2.508,2.508,2.396,0.104,0.002,0.006,1,0.000,0.000,0.000,0,696,0,0
1980,2.421,2.421,2.309,0.103,0.002,0.006,1,0.000,0.000,0.000,0,696,0,0
1981,2.402,2.402,2.290,0.102,0.002,0.007,1,0.000,0.000,0.000,0,696,0,0
1982,3.102,3.102,2.973,0.116,0.005,0.008,1,0.000,0.000,0.000,0,696,0,0
1983,2.682,2.682,2.566,0.105,0.004,0.008,1,0.000,0.000,0.000,0,696,0,0
1984,2.676,2.676,2.556,0.110,0.003,0.007,1,0.000,0.000,0.000,0,696,0,0
1985,4.558,4.558,4.440,0.106,0.004,0.007,1,0.000,0.000,0.000,0,696,0,0
1986,2.760,2.760,2.648,0.103,0.003,0.007,1,0.000,0.000,0.000,0,696,0,0
1987,2.454,2.454,2.341,0.104,0.003,0.007,1,0.000,0.000,0.000,0,696,0,0
1988,2.426,2.426,2.314,0.103,0.003,0.006,1,0.000,0.000,0.000,0,696,0,0
1989,2.457,2.457,2.346,0.103,0.002,0.006,1,0.000,0.000,0.000,0,696,0,0
1990,2.420,2.420,2.308,0.102,0.003,0.007,1,0.000,0.000,0.000,0,696,0,0
1991,2.395,2.395,2.284,0.103,0.003,0.006,1,0.000,0.000,0.000,0,696,0,0
1992,2.396,2.396,2.286,0.102,0.002,0.006,1,0.000,0.000,0.000,0,696,0,0
1993,2.903,2.903,2.780,0.108,0.005,0.011,1,0.000,0.000,0.000,0,696,0,0
1994,2.626,2.626,2.511,0.104,0.004,0.007,1,0.000,0.000,0.000,0,696,0,0
1995,2.502,2.502,2.361,0.131,0.004,0.006,1,0.000,0.000,0.000,0,696,1,0
1996,2.415,2.415,2.303,0.103,0.003,0.007,1,0.000,0.000,0.000,0,696,0,0
1997,2.396,2.396,2.285,0.103,0.003,0.006,1,0.000,0.000,0.000,0,696,0,0
1998,2.412,2.412,2.301,0.103,0.003,0.006,1,0.000,0.000,0.000,0,696,0,0
1999,2.568,2.568,2.455,0.103,0.003,0.007,1,0.000,0.000,0.000,0,696,0,0
2000,2.559,2.559,2.443,0.105,0.004,0.007,1,0.000,0.000,0.000,0,696,0,0
2001,2.477,2.477,2.364,0.103,0.003,0.007,1,0.000,0.000,0.000,0,696,0,0
2002,2.475,2.475,2.364,0.103,0.002,0.006,1,0.000,0.000,0.000,0,696,0,0
2003,2.454,2.454,2.342,0.103,0.003,0.006,1,0.000,0.000,0.000,0,696,0,0
2004,2.410,2.410,2.299,0.102,0.002,0.006,1,0.000,0.000,0.000,0,696,0,0
2005,2.399,2.399,2.289,0.103,0.002,0.006,1,0.000,0.000,0.000,0,696,0,0
2006,2.390,2.390,2.280,0.102,0.002,0.006,1,0.000,0.000,0.000,0,696,0,0
2007,2.410,2.410,2.296,0.104,0.002,0.007,1,0.000,0.000,0.000,0,696,0,0
2008,2.392,2.392,2.282,0.102,0.003,0.006,1,0.000,0.000,0.000,0,696,0,0
2009,2.416,2.416,2.305,0.103,0.002,0.006,1,0.000,0.000,0.000,0,696,0,0
2010,2.399,2.399,2.286,0.103,0.002,0.007,1,0.000,0.000,0.000,0,696,0,0
2011,2.701,2.701,2.589,0.104,0.003,0.006,1,0.000,0.000,0.000,0,696,0,0
2012,2.534,2.534,2.422,0.104,0.003,0.005,1,0.000,0.000,0.000,0,696,0,0
2013,3.661,3.661,3.526,0.114,0.006,0.014,1,0.000,0.000,0.000,0,696,0,0
2014,2.562,2.562,2.448,0.103,0.004,0.007,1,0.000,0.000,0.000,0,696,0,0
2015,2.464,2.464,2.351,0.104,0.003,0.006,1,0.000,0.000,0.000,0,696,0,0
2016,2.768,2.768,2.649,0.107,0.004,0.008,1,0.000,0.000,0.000,0,696,0,0
2017,2.604,2.604,2.488,0.105,0.004,0.007,1,0.000,0.000,0.000,0,696,0,0
2018,2.413,2.413,2.302,0.103,0.003,0.006,1,0.000,0.000,0.000,0,696,0,0
2019,2.419,2.419,2.305,0.104,0.003,0.007,1,0.000,0.000,0.000,0,696,0,0
2020,2.417,2.417,2.306,0.103,0.003,0.006,1,0.000,0.000,0.000,0,696,0,0
2021,2.420,2.420,2.309,0.104,0.002,0.006,1,0.000,0.000,0.000,0,696,0,0
2022,2.393,2.393,2.281,0.103,0.003,0.007,1,0.000,0.000,0.000,0,696,0,0
2023,2.393,2.393,2.280,0.104,0.003,0.006,1,0.000,0.000,0.000,0,696,0,0
2024,2.889,2.889,2.767,0.110,0.004,0.008,1,0.000,0.000,0.000,0,696,0,0
2025,3.033,3.033,2.916,0.107,0.003,0.006,1,0.000,0.000,0.000,0,696,0,0
2026,2.819,2.819,2.704,0.104,0.004,0.007,1,0.000,0.000,0.000,0,696,0,0
2027,2.989,2.989,2.871,0.107,0.004,0.007,1,0.000,0.000,0.000,0,696,0,0
2028,3.626,3.626,3.459,0.106,0.004,0.057,1,0.000,0.000,0.000,0,696,0,0
2029,3.585,3.585,3.416,0.109,0.005,0.056,1,0.000,0.000,0.000,0,696,0,0
2030,2.880,2.880,2.722,0.106,0.004,0.047,1,0.000,0.000,0.000,0,696,0,0
2031,2.531,2.531,2.372,0.103,0.003,0.053,1,0.000,0.000,0.000,0,696,0,0
2032,2.491,2.491,2.343,0.103,0.003,0.042,1,0.000,0.000,0.000,0,696,0,0
2033,2.465,2.465,2.317,0.104,0.003,0.042,1,0.000,0.000,0.000,0,696,0,0
2034,2.457,2.457,2.298,0.104,0.002,0.053,1,0.000,0.000,0.000,0,696,0,0
2035,2.736,2.736,2.576,0.114,0.004,0.043,1,0.000,0.000,0.000,0,696,0,0
2036,2.625,2.625,2.474,0.104,0.003,0.043,1,0.000,0.000,0.000,0,696,0,0
2037,2.473,2.473,2.312,0.105,0.003,0.054,1,0.000,0.000,0.000,0,696,0,0
2038,2.442,2.442,2.295,0.103,0.003,0.041,1,0.000,0.000,0.000,0,696,0,0
2039,2.555,2.555,2.405,0.105,0.003,0.041,1,0.000,0.000,0.000,0,696,0,0
2040,2.463,2.463,2.305,0.102,0.003,0.053,1,0.000,0.000,0.000,0,696,0,0
2041,2.447,2.447,2.300,0.104,0.002,0.041,1,0.000,0.000,0.000,0,696,0,0
2042,2.433,2.433,2.288,0.102,0.003,0.041,1,0.000,0.000,0.000,0,696,0,0
2043,2.468,2.468,2.309,0.104,0.002,0.053,1,0.000,0.000,0.000,0,696,0,0
2044,2.440,2.440,2.293,0.104,0.002,0.041,1,0.000,0.000,0.000,0,696,0,0
2045,2.433,2.433,2.287,0.102,0.003,0.041,1,0.000,0.000,0.000,0,696,0,0
2046,3.087,3.087,2.918,0.107,0.004,0.058,1,0.000,0.000,0.000,0,696,0,0
2047,2.999,2.999,2.847,0.109,0.003,0.040,1,0.000,0.000,0.000,0,696,0,0
2048,3.571,3.571,3.422,0.103,0.003,0.042,1,0.000,0.000,0.000,0,696,0,0
2049,2.745,2.745,2.585,0.105,0.003,0.052,1,0.000,0.000,0.000,0,696,0,0
2050,3.158,3.158,2.997,0.107,0.005,0.049,1,0.000,0.000,0.000,0,696,0,0
2051,2.572,2.572,2.422,0.106,0.003,0.041,1,0.000,0.000,0.000,0,696,0,0
2052,2.486,2.486,2.327,0.103,0.003,0.054,1,0.000,0.000,0.000,0,696,0,0
2053,2.797,2.797,2.638,0.111,0.003,0.044,1,0.000,0.000,0.000,0,696,0,0
2054,2.603,2.603,2.453,0.104,0.003,0.043,1,0.000,0.000,0.000,0,696,0,0
2055,2.471,2.471,2.313,0.102,0.003,0.053,1,0.000,0.000,0.000,0,696,0,0
2056,2.446,2.446,2.300,0.102,0.002,0.042,1,0.000,0.000,0.000,0,696,0,0
2057,2.450,2.450,2.303,0.103,0.003,0.041,1,0.000,0.000,0.000,0,696,0,0
2058,2.443,2.443,2.283,0.104,0.002,0.053,1,0.000,0.000,0.000,0,696,0,0
2059,2.421,2.421,2.276,0.102,0.003,0.041,1,0.000,0.000,0.000,0,692,0,0
2060,2.515,2.515,2.369,0.102,0.003,0.041,1,0.000,0.000,0.000,0,692,0,0
2061,2.464,2.464,2.307,0.101,0.002,0.053,1,0.000,0.000,0.000,0,692,0,0
2062,2.427,2.427,2.282,0.101,0.002,0.041,1,0.000,0.000,0.000,0,692,0,0
2063,2.499,2.499,2.353,0.101,0.003,0.042,1,0.000,0.000,0.000,0,692,0,0
2064,2.473,2.473,2.315,0.102,0.003,0.053,1,0.000,0.000,0.000,0,692,0,0
2065,3.177,3.177,3.028,0.104,0.003,0.042,1,0.000,0.000,0.000,0,692,0,0
2066,2.876,2.876,2.718,0.107,0.005,0.046,1,0.000,0.000,0.000,0,692,0,0
2067,3.198,3.198,3.038,0.105,0.003,0.052,1,0.000,0.000,0.000,0,692,0,0
2068,3.079,3.079,2.924,0.104,0.005,0.047,1,0.000,0.000,0.000,0,692,0,0
2069,2.521,2.521,2.374,0.102,0.003,0.042,1,0.000,0.000,0.000,0,692,0,0
2070,2.469,2.469,2.311,0.101,0.003,0.054,1,0.000,0.000,0.000,0,692,0,0
2071,2.440,2.440,2.295,0.101,0.003,0.041,1,0.000,0.000,0.000,0,692,0,0
2072,2.544,2.544,2.397,0.102,0.003,0.042,1,0.000,0.000,0.000,0,692,0,0
2073,2.454,2.454,2.297,0.101,0.003,0.053,1,0.000,0.000,0.000,0,692,0,0
2074,3.029,3.029,2.876,0.105,0.004,0.044,1,0.000,0.000,0.000,0,692,0,0
2075,2.842,2.842,2.684,0.110,0.004,0.044,1,0.000,0.000,0.000,0,692,0,0
2076,2.490,2.490,2.332,0.102,0.003,0.053,1,0.000,0.000,0.000,0,692,0,0
2077,2.444,2.444,2.299,0.101,0.003,0.042,1,0.000,0.000,0.000,0,692,0,0
2078,2.436,2.436,2.290,0.102,0.003,0.042,1,0.000,0.000,0.000,0,692,0,0
2079,2.465,2.465,2.307,0.102,0.002,0.054,1,0.000,0.000,0.000,0,692,0,0
2080,2.436,2.436,2.291,0.101,0.003,0.042,1,0.000,0.000,0.000,0,692,0,0
2081,2.427,2.427,2.282,0.101,0.003,0.041,1,0.000,0.000,0.000,0,692,0,0
2082,3.024,3.024,2.856,0.105,0.004,0.058,1,0.000,0.000,0.000,0,692,0,0
2083,3.103,3.103,2.921,0.138,0.003,0.041,1,0.000,0.000,0.000,0,692,0,0
2084,3.135,3.135,2.987,0.105,0.003,0.040,1,0.000,0.000,0.000,0,692,0,0
2085,2.738,2.738,2.576,0.103,0.003,0.056,1,0.000,0.000,0.000,0,692,0,0
2086,2.529,2.529,2.380,0.104,0.003,0.042,1,0.000,0.000,0.000,0,692,0,0
2087,2.444,2.444,2.297,0.102,0.003,0.041,1,0.000,0.000,0.000,0,692,0,0
2088,2.448,2.448,2.291,0.101,0.002,0.053,1,0.000,0.000,0.000,0,692,0,0
2089,2.828,2.828,2.681,0.103,0.002,0.042,1,0.000,0.000,0.000,0,692,0,0
2090,2.565,2.565,2.418,0.102,0.003,0.042,1,0.000,0.000,0.000,0,692,0,0
2091,2.862,2.862,2.679,0.115,0.007,0.062,1,0.000,0.000,0.000,0,692,0,0
2092,2.613,2.613,2.463,0.103,0.004,0.043,1,0.000,0.000,0.000,0,692,0,0
2093,2.457,2.457,2.310,0.103,0.003,0.042,1,0.000,0.000,0.000,0,692,0,0
2094,2.440,2.440,2.282,0.102,0.002,0.053,1,0.000,0.000,0.000,0,692,0,0
2095,2.448,2.448,2.302,0.102,0.002,0.041,1,0.000,0.000,0.000,0,692,0,0
2096,2.450,2.450,2.303,0.103,0.002,0.041,1,0.000,0.000,0.000,0,692,0,0
2097,2.448,2.448,2.291,0.101,0.002,0.053,1,0.000,0.000,0.000,0,692,0,0
2098,2.432,2.432,2.286,0.103,0.003,0.041,1,0.000,0.000,0.000,0,692,0,0
2099,2.597,2.597,2.448,0.102,0.003,0.044,1,0.000,0.000,0.000,0,692,0,0
2100,2.466,2.466,2.307,0.103,0.003,0.054,1,0.000,0.000,0.000,0,692,0,0
2101,2.422,2.422,2.277,0.101,0.002,0.041,1,0.000,0.000,0.000,0,692,0,0
2102,2.462,2.462,2.304,0.102,0.002,0.053,1,0.000,0.000,0.000,0,692,0,0
2103,2.464,2.464,2.318,0.103,0.003,0.041,1,0.000,0.000,0.000,0,692,0,0
2104,2.448,2.448,2.302,0.102,0.002,0.042,1,0.000,0.000,0.000,0,692,0,0
2105,2.459,2.459,2.302,0.101,0.002,0.054,1,0.000,0.000,0.000,0,692,0,0
2106,2.438,2.438,2.293,0.101,0.003,0.041,1,0.000,0.000,0.000,0,692,0,0
2107,2.443,2.443,2.296,0.103,0.002,0.042,1,0.000,0.000,0.000,0,692,0,0
2108,2.447,2.447,2.290,0.101,0.003,0.053,1,0.000,0.000,0.000,0,692,0,0
2109,3.050,3.050,2.887,0.107,0.006,0.051,1,0.000,0.000,0.000,0,692,0,0
2110,2.729,2.729,2.576,0.105,0.004,0.044,1,0.000,0.000,0.000,0,692,0,0
2111,2.482,2.482,2.324,0.103,0.003,0.053,1,0.000,0.000,0.000,0,692,0,0
2112,2.461,2.461,2.314,0.102,0.003,0.042,1,0.000,0.000,0.000,0,692,0,0
2113,2.446,2.446,2.300,0.103,0.002,0.041,1,0.000,0.000,0.000,0,692,0,0
2114,2.476,2.476,2.317,0.103,0.003,0.053,1,0.000,0.000,0.000,0,692,0,0
2115,2.427,2.427,2.282,0.102,0.002,0.041,1,0.000,0.000,0.000,0,692,0,0
2116,2.447,2.447,2.301,0.102,0.002,0.041,1,0.000,0.000,0.000,0,692,0,0
2117,2.470,2.470,2.311,0.102,0.002,0.053,1,0.000,0.000,0.000,0,692,0,0
2118,2.440,2.440,2.293,0.103,0.003,0.041,1,0.000,0.000,0.000,0,692,0,0
2119,3.616,3.616,3.468,0.103,0.003,0.042,1,0.000,0.000,0.000,0,692,0,0
2120,3.365,3.365,3.205,0.103,0.003,0.053,1,0.000,0.000,0.000,0,692,0,0
2121,5.378,5.378,4.695,0.617,0.015,0.050,1,0.000,0.000,0.000,0,692,1,0
2122,3.758,3.758,3.602,0.104,0.004,0.048,1,0.000,0.000,0.000,0,692,0,0
2123,4.030,4.030,3.856,0.112,0.005,0.058,1,0.000,0.000,0.000,0,692,0,0
2124,3.926,3.926,3.769,0.104,0.005,0.048,1,0.000,0.000,0.000,0,692,0,0
2125,4.159,4.159,4.003,0.105,0.005,0.046,1,0.000,0.000,0.000,0,692,0,0
2126,3.506,3.506,3.345,0.104,0.003,0.055,1,0.000,0.000,0.000,0,692,0,0
2127,3.845,3.845,3.695,0.103,0.003,0.045,1,0.000,0.000,0.000,0,692,0,0
2128,3.976,3.976,3.817,0.108,0.004,0.046,1,0.000,0.000,0.000,0,692,0,0
2129,3.469,3.469,3.309,0.102,0.003,0.054,1,0.000,0.000,0.000,0,692,0,0
2130,3.316,3.316,3.169,0.103,0.003,0.042,1,0.000,0.000,0.000,0,692,0,0
2131,3.313,3.313,3.167,0.103,0.003,0.041,1,0.000,0.000,0.000,0,692,0,0
2132,3.316,3.316,3.158,0.102,0.003,0.054,1,0.000,0.000,0.000,0,692,0,0
2133,3.273,3.273,3.128,0.101,0.002,0.042,1,0.000,0.000,0.000,0,692,0,0
2134,3.263,3.263,3.117,0.103,0.003,0.041,1,0.000,0.000,0.000,0,692,0,0
2135,3.296,3.296,3.136,0.103,0.003,0.054,1,0.000,0.000,0.000,0,692,0,0
2136,3.291,3.291,3.144,0.103,0.003,0.041,1,0.000,0.000,0.000,0,692,0,0
2137,3.281,3.281,3.135,0.102,0.003,0.042,1,0.000,0.000,0.000,0,692,0,0
2138,3.656,3.656,3.482,0.110,0.005,0.059,1,0.000,0.000,0.000,0,692,0,0
2139,3.434,3.434,3.284,0.103,0.003,0.043,1,0.000,0.000,0.000,0,692,0,0
2140,3.280,3.280,3.132,0.103,0.003,0.042,1,0.000,0.000,0.000,0,692,0,0
2141,3.299,3.299,3.141,0.102,0.003,0.053,1,0.000,0.000,0.000,0,692,0,0
2142,3.587,3.587,3.432,0.107,0.004,0.043,1,0.000,0.000,0.000,0,692,0,0
2143,3.454,3.454,3.303,0.104,0.004,0.044,1,0.000,0.000,0.000,0,692,0,0
2144,3.706,3.706,3.539,0.108,0.004,0.055,1,0.000,0.000,0.000,0,692,0,0
2145,3.607,3.607,3.453,0.105,0.004,0.045,1,0.000,0.000,0.000,0,692,0,0
2146,3.314,3.314,3.168,0.101,0.003,0.042,1,0.000,0.000,0.000,0,692,0,0
2147,3.308,3.308,3.151,0.102,0.002,0.053,1,0.000,0.000,0.000,0,692,0,0
2148,3.328,3.328,3.180,0.103,0.002,0.042,1,0.000,0.000,0.000,0,692,0,0
2149,3.663,3.663,3.515,0.102,0.003,0.043,1,0.000,0.000,0.000,0,692,0,0
2150,3.417,3.417,3.258,0.103,0.003,0.054,1,0.000,0.000,0.000,0,692,0,0
2151,3.321,3.321,3.173,0.103,0.003,0.042,1,0.000,0.000,0.000,0,692,0,0
2152,4.144,4.144,3.989,0.105,0.005,0.044,1,0.000,0.000,0.000,0,692,0,0
2153,3.774,3.774,3.610,0.104,0.004,0.056,1,0.000,0.000,0.000,0,692,0,0
2154,3.355,3.355,3.209,0.102,0.003,0.041,1,0.000,0.000,0.000,0,692,0,0
2155,3.560,3.560,3.400,0.113,0.004,0.043,1,0.000,0.000,0.000,0,692,0,0
2156,3.518,3.518,3.359,0.103,0.007,0.049,1,0.000,0.000,0.000,0,692,0,0
2157,3.334,3.334,3.184,0.103,0.004,0.044,1,0.000,0.000,0.000,0,692,0,0
2158,3.301,3.301,3.154,0.103,0.003,0.042,1,0.000,0.000,0.000,0,692,0,0
2159,3.450,3.450,3.291,0.103,0.003,0.053,1,0.000,0.000,0.000,0,692,0,0
2160,3.272,3.272,3.126,0.102,0.003,0.041,1,0.000,0.000,0.000,0,692,0,0
2161,3.293,3.293,3.146,0.102,0.003,0.042,1,0.000,0.000,0.000,0,692,0,0
2162,3.308,3.308,3.149,0.103,0.003,0.053,1,0.000,0.000,0.000,0,692,0,0
2163,3.584,3.584,3.425,0.109,0.004,0.046,1,0.000,0.000,0.000,0,692,0,0
2164,3.460,3.460,3.308,0.103,0.004,0.044,1,0.000,0.000,0.000,0,692,0,0
2165,3.300,3.300,3.143,0.102,0.003,0.053,1,0.000,0.000,0.000,0,692,0,0
2166,3.405,3.405,3.257,0.103,0.003,0.042,1,0.000,0.000,0.000,0,692,0,0
2167,3.286,3.286,3.139,0.103,0.002,0.041,1,0.000,0.000,0.000,0,692,0,0
2168,3.285,3.285,3.127,0.102,0.002,0.053,1,0.000,0.000,0.000,0,692,0,0
2169,4.353,4.353,4.195,0.105,0.006,0.047,1,0.000,0.000,0.000,0,692,0,0
2170,3.509,3.509,3.359,0.104,0.003,0.042,1,0.000,0.000,0.000,0,692,0,0
2171,4.360,4.360,4.196,0.105,0.004,0.056,1,0.000,0.000,0.000,0,692,0,0
2172,3.669,3.669,3.515,0.104,0.004,0.046,1,0.000,0.000,0.000,0,692,0,0
2173,3.368,3.368,3.221,0.102,0.003,0.043,1,0.000,0.000,0.000,0,692,0,0
2174,3.379,3.379,3.218,0.104,0.003,0.054,1,0.000,0.000,0.000,0,692,0,0
2175,3.319,3.319,3.170,0.103,0.003,0.042,1,0.000,0.000,0.000,0,692,0,0
2176,3.264,3.264,3.118,0.101,0.003,0.042,1,0.000,0.000,0.000,0,692,0,0
2177,3.295,3.295,3.135,0.104,0.003,0.053,1,0.000,0.000,0.000,0,692,0,0
2178,3.933,3.933,3.776,0.106,0.004,0.047,1,0.000,0.000,0.000,0,692,0,0
2179,3.652,3.652,3.504,0.107,0.002,0.039,1,0.000,0.000,0.000,0,692,0,0
2180,4.609,4.609,4.435,0.107,0.006,0.061,1,0.000,0.000,0.000,0,692,0,0
2181,3.733,3.733,3.585,0.103,0.003,0.043,1,0.000,0.000,0.000,0,692,0,0
2182,3.350,3.350,3.203,0.101,0.003,0.042,1,0.000,0.000,0.000,0,692,0,0
2183,3.743,3.743,3.577,0.110,0.003,0.054,1,0.000,0.000,0.000,0,692,0,0
2184,3.422,3.422,3.275,0.102,0.003,0.042,1,0.000,0.000,0.000,0,692,0,0
2185,3.285,3.285,3.138,0.102,0.003,0.042,1,0.000,0.000,0.000,0,692,0,0
2186,3.309,3.309,3.150,0.103,0.004,0.053,1,0.000,0.000,0.000,0,692,0,0
2187,3.277,3.277,3.130,0.103,0.003,0.042,1,0.000,0.000,0.000,0,692,0,0
2188,3.281,3.281,3.135,0.102,0.003,0.041,1,0.000,0.000,0.000,0,692,0,0
2189,3.291,3.291,3.131,0.104,0.003,0.054,1,0.000,0.000,0.000,0,692,0,0
2190,3.459,3.459,3.208,0.102,0.003,0.146,1,0.000,0.000,0.000,0,692,0,0
2191,3.374,3.374,3.226,0.103,0.003,0.043,1,0.000,0.000,0.000,0,692,0,0
2192,3.907,3.907,3.731,0.114,0.005,0.057,1,0.000,0.000,0.000,0,692,0,0
2193,3.816,3.816,3.661,0.112,0.003,0.039,1,0.000,0.000,0.000,0,692,0,0
2194,4.474,4.474,4.324,0.106,0.003,0.041,1,0.000,0.000,0.000,0,692,0,0
2195,3.967,3.967,3.797,0.105,0.005,0.060,1,0.000,0.000,0.000,0,692,0,0
2196,3.423,3.423,3.274,0.103,0.003,0.043,1,0.000,0.000,0.000,0,692,0,0
2197,3.336,3.336,3.188,0.103,0.003,0.042,1,0.000,0.000,0.000,0,692,0,0
2198,3.298,3.298,3.140,0.101,0.003,0.054,1,0.000,0.000,0.000,0,692,0,0
2199,3.326,3.326,3.179,0.102,0.003,0.042,1,0.000,0.000,0.000,0,692,0,0
2200,4.099,4.099,3.931,0.107,0.004,0.056,1,0.000,0.000,0.000,0,692,0,0
2201,3.793,3.793,3.639,0.105,0.004,0.044,1,0.000,0.000,0.000,0,692,0,0
2202,3.393,3.393,3.244,0.104,0.003,0.042,1,0.000,0.000,0.000,0,692,0,0
2203,3.350,3.350,3.189,0.104,0.003,0.054,1,0.000,0.000,0.000,0,692,0,0
2204,3.279,3.279,3.131,0.103,0.003,0.042,1,0.000,0.000,0.000,0,692,0,0
2205,3.253,3.253,3.107,0.102,0.003,0.042,1,0.000,0.000,0.000,0,692,0,0
2206,3.915,3.915,3.747,0.106,0.005,0.057,1,0.000,0.000,0.000,0,692,0,0
2207,4.050,4.050,3.899,0.109,0.003,0.040,1,0.000,0.000,0.000,0,692,0,0
2208,4.510,4.510,4.340,0.105,0.006,0.060,1,0.000,0.000,0.000,0,692,0,0
2209,4.047,4.047,3.886,0.103,0.003,0.055,1,0.000,0.000,0.000,0,692,0,0
2210,3.518,3.518,3.368,0.104,0.003,0.042,1,0.000,0.000,0.000,0,692,0,0
2211,3.677,3.677,3.522,0.105,0.005,0.045,1,0.000,0.000,0.000,0,692,0,0
2212,3.494,3.494,3.331,0.103,0.004,0.055,1,0.000,0.000,0.000,0,692,0,0
2213,3.303,3.303,3.156,0.103,0.003,0.041,1,0.000,0.000,0.000,0,692,0,0
2214,3.294,3.294,3.147,0.102,0.003,0.042,1,0.000,0.000,0.000,0,692,0,0
2215,3.312,3.312,3.133,0.122,0.002,0.054,1,0.000,0.000,0.000,0,692,0,0
2216,3.286,3.286,3.140,0.103,0.003,0.041,1,0.000,0.000,0.000,0,692,0,0
2217,3.298,3.298,3.149,0.103,0.003,0.043,1,0.000,0.000,0.000,0,692,0,0
2218,3.281,3.281,3.123,0.102,0.003,0.053,1,0.000,0.000,0.000,0,692,0,0
2219,3.435,3.435,3.287,0.103,0.003,0.042,1,0.000,0.000,0.000,0,692,0,0
2220,3.911,3.911,3.756,0.105,0.004,0.045,1,0.000,0.000,0.000,0,692,0,0
2221,4.232,4.232,4.072,0.106,0.004,0.051,1,0.000,0.000,0.000,0,692,0,0
2222,4.367,4.367,4.218,0.104,0.003,0.042,1,0.000,0.000,0.000,0,692,0,0
2223,4.100,4.100,3.944,0.105,0.005,0.047,1,0.000,0.000,0.000,0,692,0,0
2224,3.968,3.968,3.801,0.104,0.005,0.058,1,0.000,0.000,0.000,0,692,0,0
2225,3.662,3.662,3.513,0.102,0.003,0.043,1,0.000,0.000,0.000,0,692,0,0
2226,4.059,4.059,3.904,0.105,0.004,0.046,1,0.000,0.000,0.000,0,692,0,0
2227,3.389,3.389,3.230,0.102,0.003,0.054,1,0.000,0.000,0.000,0,692,0,0
2228,3.372,3.372,3.222,0.103,0.004,0.042,1,0.000,0.000,0.000,0,692,0,0
2229,4.068,4.068,3.915,0.104,0.004,0.045,1,0.000,0.000,0.000,0,692,0,0
2230,3.832,3.832,3.667,0.104,0.004,0.057,1,0.000,0.000,0.000,0,692,0,0
2231,3.365,3.365,3.217,0.103,0.003,0.042,1,0.000,0.000,0.000,0,692,0,0
2232,3.332,3.332,3.185,0.103,0.003,0.041,1,0.000,0.000,0.000,0,692,0,0
2233,4.261,4.261,4.094,0.105,0.005,0.057,1,0.000,0.000,0.000,0,692,0,0
2234,4.084,4.084,3.937,0.103,0.003,0.041,1,0.000,0.000,0.000,0,692,0,0
2235,4.686,4.686,4.527,0.113,0.004,0.043,1,0.000,0.000,0.000,0,692,0,0
2236,4.125,4.125,3.956,0.105,0.005,0.059,1,0.000,0.000,0.000,0,692,0,0
2237,3.522,3.522,3.373,0.104,0.003,0.043,1,0.000,0.000,0.000,0,692,0,0
2238,4.042,4.042,3.890,0.105,0.004,0.043,1,0.000,0.000,0.000,0,692,0,0
2239,3.622,3.622,3.458,0.104,0.004,0.056,1,0.000,0.000,0.000,0,692,0,0
2240,3.323,3.323,3.176,0.102,0.003,0.042,1,0.000,0.000,0.000,0,692,0,0
2241,3.299,3.299,3.153,0.101,0.003,0.041,1,0.000,0.000,0.000,0,692,0,0
2242,3.343,3.343,3.183,0.103,0.002,0.054,1,0.000,0.000,0.000,0,692,0,0
2243,3.271,3.271,3.124,0.103,0.003,0.042,1,0.000,0.000,0.000,0,692,0,0
2244,3.310,3.310,3.163,0.102,0.003,0.041,1,0.000,0.000,0.000,0,692,0,0
2245,3.309,3.309,3.150,0.103,0.003,0.053,1,0.000,0.000,0.000,0,692,0,0
2246,3.263,3.263,3.117,0.102,0.002,0.042,1,0.000,0.000,0.000,0,692,0,0
2247,3.676,3.676,3.510,0.115,0.005,0.047,1,0.000,0.000,0.000,0,692,0,0
2248,4.680,4.680,4.471,0.144,0.007,0.058,1,0.000,0.000,0.000,0,692,1,0
2249,4.222,4.222,4.068,0.105,0.004,0.045,1,0.000,0.000,0.000,0,692,0,0
2250,3.904,3.904,3.749,0.106,0.004,0.044,1,0.000,0.000,0.000,0,692,0,0
2251,3.635,3.635,3.468,0.104,0.005,0.058,1,0.000,0.000,0.000,0,692,0,0
2252,3.350,3.350,3.202,0.103,0.003,0.042,1,0.000,0.000,0.000,0,692,0,0
2253,3.993,3.993,3.841,0.104,0.004,0.044,1,0.000,0.000,0.000,0,692,0,0
2254,3.823,3.823,3.663,0.104,0.003,0.053,1,0.000,0.000,0.000,0,692,0,0
2255,3.881,3.881,3.726,0.104,0.004,0.046,1,0.000,0.000,0.000,0,692,0,0
2256,3.370,3.370,3.220,0.104,0.003,0.043,1,0.000,0.000,0.000,0,692,0,0
2257,4.190,4.190,4.028,0.103,0.004,0.055,1,0.000,0.000,0.000,0,692,0,0
2258,3.853,3.853,3.701,0.104,0.004,0.044,1,0.000,0.000,0.000,0,692,0,0
2259,3.359,3.359,3.210,0.103,0.003,0.042,1,0.000,0.000,0.000,0,692,0,0
2260,4.115,4.115,3.952,0.105,0.004,0.054,1,0.000,0.000,0.000,0,692,0,0
2261,4.035,4.035,3.883,0.108,0.003,0.041,1,0.000,0.000,0.000,0,692,0,0
2262,4.389,4.389,4.224,0.104,0.007,0.052,1,0.000,0.000,0.000,0,692,0,0
2263,3.686,3.686,3.520,0.105,0.004,0.057,1,0.000,0.000,0.000,0,692,0,0
2264,3.364,3.364,3.216,0.103,0.003,0.042,1,0.000,0.000,0.000,0,692,0,0
2265,3.350,3.350,3.202,0.103,0.003,0.043,1,0.000,0.000,0.000,0,692,0,0
2266,3.321,3.321,3.163,0.103,0.003,0.053,1,0.000,0.000,0.000,0,692,0,0
2267,3.616,3.616,3.461,0.106,0.004,0.043,1,0.000,0.000,0.000,0,692,0,0
2268,3.446,3.446,3.296,0.103,0.003,0.044,1,0.000,0.000,0.000,0,692,0,0
2269,3.701,3.701,3.539,0.103,0.003,0.056,1,0.000,0.000,0.000,0,692,0,0
2270,3.446,3.446,3.297,0.103,0.003,0.042,1,0.000,0.000,0.000,0,692,0,0
2271,2.886,2.886,2.737,0.103,0.003,0.042,1,0.000,0.000,0.000,0,692,0,0
2272,3.135,3.135,2.965,0.110,0.004,0.057,1,0.000,0.000,0.000,0,692,0,0
2273,3.774,3.774,3.621,0.103,0.004,0.046,1,0.000,0.000,0.000,0,692,0,0
2274,2.916,2.916,2.770,0.103,0.003,0.040,1,0.000,0.000,0.000,0,692,0,0
2275,4.171,4.171,4.012,0.105,0.003,0.051,1,0.000,0.000,0.000,0,692,0,0
2276,4.017,4.017,3.859,0.105,0.005,0.048,1,0.000,0.000,0.000,0,692,0,0
2277,3.082,3.082,2.933,0.103,0.003,0.043,1,0.000,0.000,0.000,0,692,0,0
2278,2.845,2.845,2.687,0.101,0.003,0.054,1,0.000,0.000,0.000,0,692,0,0
2279,3.206,3.206,3.058,0.104,0.003,0.041,1,0.000,0.000,0.000,0,692,0,0
2280,3.517,3.517,3.359,0.104,0.005,0.048,1,0.000,0.000,0.000,0,692,0,0
2281,2.966,2.966,2.808,0.101,0.003,0.054,1,0.000,0.000,0.000,0,692,0,0
2282,2.825,2.825,2.679,0.101,0.003,0.042,1,0.000,0.000,0.000,0,692,0,0
2283,2.853,2.853,2.706,0.103,0.003,0.041,1,0.000,0.000,0.000,0,692,0,0
2284,2.840,2.840,2.683,0.102,0.003,0.053,1,0.000,0.000,0.000,0,692,0,0
2285,2.800,2.800,2.655,0.102,0.003,0.041,1,0.000,0.000,0.000,0,692,0,0
2286,2.792,2.792,2.646,0.102,0.003,0.041,1,0.000,0.000,0.000,0,692,0,0
2287,2.806,2.806,2.648,0.102,0.003,0.053,1,0.000,0.000,0.000,0,692,0,0
2288,2.791,2.791,2.645,0.102,0.003,0.041,1,0.000,0.000,0.000,0,692,0,0
2289,2.774,2.774,2.627,0.102,0.003,0.042,1,0.000,0.000,0.000,0,692,0,0
2290,3.557,3.557,3.392,0.105,0.004,0.056,1,0.000,0.000,0.000,0,692,0,0
2291,3.265,3.265,3.115,0.107,0.003,0.040,1,0.000,0.000,0.000,0,692,0,0
2292,3.206,3.206,3.051,0.103,0.005,0.048,1,0.000,0.000,0.000,0,692,0,0
2293,2.889,2.889,2.730,0.102,0.003,0.054,1,0.000,0.000,0.000,0,692,0,0
2294,2.790,2.790,2.644,0.103,0.002,0.041,1,0.000,0.000,0.000,0,692,0,0
2295,2.788,2.788,2.643,0.102,0.002,0.041,1,0.000,0.000,0.000,0,692,0,0
2296,2.824,2.824,2.665,0.103,0.003,0.053,1,0.000,0.000,0.000,0,692,0,0
2297,3.736,3.736,3.579,0.106,0.005,0.047,1,0.000,0.000,0.000,0,692,0,0
2298,2.986,2.986,2.838,0.103,0.003,0.042,1,0.000,0.000,0.000,0,692,0,0
2299,2.901,2.901,2.742,0.102,0.003,0.053,1,0.000,0.000,0.000,0,692,0,0
2300,2.838,2.838,2.692,0.103,0.003,0.041,1,0.000,0.000,0.000,0,692,0,0
2301,2.814,2.814,2.656,0.101,0.003,0.053,1,0.000,0.000,0.000,0,692,0,0
2302,3.026,3.026,2.872,0.108,0.003,0.042,1,0.000,0.000,0.000,0,692,0,0
2303,3.406,3.406,3.251,0.105,0.005,0.045,1,0.000,0.000,0.000,0,692,0,0
2304,3.412,3.412,3.251,0.104,0.003,0.053,1,0.000,0.000,0.000,0,692,0,0
2305,3.347,3.347,3.194,0.103,0.004,0.045,1,0.000,0.000,0.000,0,692,0,0
2306,3.074,3.074,2.926,0.102,0.003,0.043,1,0.000,0.000,0.000,0,692,0,0
2307,3.671,3.671,3.506,0.105,0.004,0.056,1,0.000,0.000,0.000,0,692,0,0
2308,3.253,3.253,3.106,0.103,0.003,0.040,1,0.000,0.000,0.000,0,692,0,0
2309,3.498,3.498,3.342,0.105,0.005,0.046,1,0.000,0.000,0.000,0,692,0,0
2310,2.919,2.919,2.759,0.102,0.003,0.054,1,0.000,0.000,0.000,0,692,0,0
2311,3.446,3.446,3.293,0.105,0.004,0.043,1,0.000,0.000,0.000,0,692,0,0
2312,3.003,3.003,2.855,0.103,0.003,0.042,1,0.000,0.000,0.000,0,692,0,0
2313,2.896,2.896,2.716,0.123,0.003,0.055,1,0.000,0.000,0.000,0,692,0,0
2314,3.819,3.819,3.665,0.106,0.004,0.044,1,0.000,0.000,0.000,0,692,0,0
2315,3.354,3.354,3.201,0.105,0.003,0.045,1,0.000,0.000,0.000,0,692,0,0
2316,2.875,2.875,2.695,0.102,0.002,0.075,1,0.000,0.000,0.000,0,692,0,0
2317,2.972,2.972,2.823,0.103,0.003,0.044,1,0.000,0.000,0.000,0,692,0,0
2318,2.898,2.898,2.750,0.103,0.003,0.042,1,0.000,0.000,0.000,0,692,0,0
2319,2.971,2.971,2.810,0.103,0.003,0.055,1,0.000,0.000,0.000,0,692,0,0
2320,2.812,2.812,2.665,0.103,0.003,0.042,1,0.000,0.000,0.000,0,692,0,0
2321,2.819,2.819,2.673,0.102,0.003,0.041,1,0.000,0.000,0.000,0,692,0,0
2322,2.852,2.852,2.694,0.102,0.002,0.053,1,0.000,0.000,0.000,0,692,0,0
2323,2.780,2.780,2.634,0.102,0.002,0.042,1,0.000,0.000,0.000,0,692,0,0
2324,2.792,2.792,2.645,0.102,0.003,0.043,1,0.000,0.000,0.000,0,692,0,0
2325,3.279,3.279,3.119,0.104,0.003,0.054,1,0.000,0.000,0.000,0,692,0,0
2326,2.807,2.807,2.662,0.101,0.003,0.041,1,0.000,0.000,0.000,0,692,0,0
2327,2.779,2.779,2.634,0.101,0.003,0.041,1,0.000,0.000,0.000,0,692,0,0
2328,3.510,3.510,3.351,0.103,0.002,0.053,1,0.000,0.000,0.000,0,692,0,0
2329,2.924,2.924,2.778,0.102,0.003,0.040,1,0.000,0.000,0.000,0,692,0,0
2330,2.825,2.825,2.679,0.102,0.003,0.041,1,0.000,0.000,0.000,0,692,0,0
2331,2.809,2.809,2.652,0.102,0.002,0.053,1,0.000,0.000,0.000,0,692,0,0
2332,3.299,3.299,3.127,0.116,0.007,0.049,1,0.000,0.000,0.000,0,692,0,0
2333,3.171,3.171,3.019,0.104,0.003,0.045,1,0.000,0.000,0.000,0,692,0,0
2334,3.850,3.850,3.681,0.105,0.005,0.059,1,0.000,0.000,0.000,0,692,0,0
2335,2.992,2.992,2.843,0.103,0.003,0.043,1,0.000,0.000,0.000,0,692,0,0
2336,2.896,2.896,2.746,0.105,0.003,0.042,1,0.000,0.000,0.000,0,692,0,0
2337,2.820,2.820,2.662,0.103,0.003,0.053,1,0.000,0.000,0.000,0,692,0,0
2338,3.876,3.876,3.718,0.104,0.005,0.049,1,0.000,0.000,0.000,0,692,0,0
2339,3.223,3.223,3.077,0.103,0.003,0.040,1,0.000,0.000,0.000,0,692,0,0
2340,3.514,3.514,3.356,0.103,0.003,0.052,1,0.000,0.000,0.000,0,692,0,0
2341,3.548,3.548,3.389,0.105,0.006,0.048,1,0.000,0.000,0.000,0,692,0,0
2342,2.911,2.911,2.765,0.102,0.003,0.041,1,0.000,0.000,0.000,0,692,0,0
2343,2.924,2.924,2.763,0.104,0.003,0.053,1,0.000,0.000,0.000,0,692,0,0
2344,2.831,2.831,2.685,0.102,0.002,0.042,1,0.000,0.000,0.000,0,692,0,0
2345,2.788,2.788,2.643,0.101,0.003,0.041,1,0.000,0.000,0.000,0,692,0,0
2346,3.136,3.136,2.972,0.105,0.004,0.055,1,0.000,0.000,0.000,0,692,0,0
2347,2.999,2.999,2.838,0.114,0.003,0.044,1,0.000,0.000,0.000,0,692,0,0
2348,2.821,2.821,2.674,0.103,0.003,0.042,1,0.000,0.000,0.000,0,692,0,0
2349,2.811,2.811,2.637,0.102,0.003,0.070,1,0.000,0.000,0.000,0,692,0,0
2350,2.793,2.793,2.647,0.102,0.002,0.042,1,0.000,0.000,0.000,0,692,0,0
2351,2.823,2.823,2.675,0.104,0.002,0.041,1,0.000,0.000,0.000,0,692,0,0
2352,2.800,2.800,2.642,0.102,0.002,0.053,1,0.000,0.000,0.000,0,692,0,0
2353,2.790,2.790,2.643,0.103,0.003,0.042,1,0.000,0.000,0.000,0,692,0,0
2354,2.807,2.807,2.662,0.102,0.003,0.041,1,0.000,0.000,0.000,0,692,0,0
2355,3.069,3.069,2.910,0.103,0.003,0.054,1,0.000,0.000,0.000,0,692,0,0
2356,2.800,2.800,2.654,0.101,0.003,0.041,1,0.000,0.000,0.000,0,692,0,0
2357,2.785,2.785,2.639,0.102,0.002,0.041,1,0.000,0.000,0.000,0,692,0,0
2358,3.606,3.606,3.440,0.105,0.004,0.057,1,0.000,0.000,0.000,0,692,0,0
2359,3.234,3.234,3.082,0.103,0.004,0.045,1,0.000,0.000,0.000,0,692,0,0
2360,2.831,2.831,2.685,0.102,0.003,0.042,1,0.000,0.000,0.000,0,692,0,0
2361,3.289,3.289,3.128,0.104,0.003,0.054,1,0.000,0.000,0.000,0,692,0,0
2362,3.500,3.500,3.352,0.103,0.003,0.041,1,0.000,0.000,0.000,0,692,0,0
2363,3.174,3.174,3.025,0.103,0.003,0.044,1,0.000,0.000,0.000,0,692,0,0
2364,2.933,2.933,2.775,0.102,0.003,0.053,1,0.000,0.000,0.000,0,692,0,0
2365,3.545,3.545,3.391,0.105,0.004,0.045,1,0.000,0.000,0.000,0,692,0,0
2366,3.340,3.340,3.188,0.104,0.003,0.045,1,0.000,0.000,0.000,0,692,0,0
2367,2.941,2.941,2.781,0.103,0.003,0.055,1,0.000,0.000,0.000,0,692,0,0
2368,3.128,3.128,2.978,0.105,0.003,0.043,1,0.000,0.000,0.000,0,692,0,0
2369,3.736,3.736,3.583,0.104,0.004,0.045,1,0.000,0.000,0.000,0,692,0,0
2370,3.455,3.455,3.292,0.104,0.004,0.056,1,0.000,0.000,0.000,0,692,0,0
2371,3.006,3.006,2.859,0.103,0.003,0.041,1,0.000,0.000,0.000,0,692,0,0
2372,3.531,3.531,3.317,0.163,0.005,0.046,1,0.000,0.000,0.000,0,692,0,0
2373,3.987,3.987,3.820,0.104,0.005,0.058,1,0.000,0.000,0.000,0,692,0,0
2374,3.430,3.430,3.241,0.139,0.005,0.045,1,0.000,0.000,0.000,0,692,1,0
2375,2.981,2.981,2.833,0.103,0.003,0.042,1,0.000,0.000,0.000,0,692,0,0
2376,2.897,2.897,2.738,0.102,0.003,0.054,1,0.000,0.000,0.000,0,692,0,0
2377,2.800,2.800,2.655,0.101,0.003,0.041,1,0.000,0.000,0.000,0,692,0,0
2378,3.294,3.294,3.137,0.109,0.004,0.044,1,0.000,0.000,0.000,0,692,0,0
2379,3.035,3.035,2.873,0.103,0.003,0.056,1,0.000,0.000,0.000,0,692,0,0
2380,2.839,2.839,2.694,0.102,0.002,0.042,1,0.000,0.000,0.000,0,692,0,0
2381,2.843,2.843,2.696,0.103,0.002,0.041,1,0.000,0.000,0.000,0,692,0,0
2382,2.975,2.975,2.787,0.103,0.003,0.082,1,0.000,0.000,0.000,0,692,0,0
2383,2.872,2.872,2.705,0.101,0.003,0.063,1,0.000,0.000,0.000,0,692,0,0
2384,2.861,2.861,2.694,0.102,0.003,0.063,1,0.000,0.000,0.000,0,692,0,0
2385,2.892,2.892,2.714,0.102,0.003,0.073,1,0.000,0.000,0.000,0,692,0,0
2386,2.981,2.981,2.832,0.102,0.003,0.043,1,0.000,0.000,0.000,0,692,0,0
2387,2.946,2.946,2.799,0.102,0.003,0.041,1,0.000,0.000,0.000,0,692,0,0
2388,8.351,8.351,4.954,3.323,0.007,0.067,1,0.000,0.000,0.000,0,692,0,0
2389,4.073,4.073,3.919,0.105,0.004,0.046,1,0.000,0.000,0.000,0,692,0,0
2390,3.734,3.734,3.565,0.103,0.012,0.053,1,0.000,0.000,0.000,0,692,0,0
2391,3.827,3.827,3.658,0.107,0.004,0.058,1,0.000,0.000,0.000,0,692,0,0
2392,3.011,3.011,2.863,0.102,0.003,0.043,1,0.000,0.000,0.000,0,692,0,0
2393,3.199,3.199,3.047,0.104,0.004,0.044,1,0.000,0.000,0.000,0,692,0,0
2394,3.072,3.072,2.910,0.103,0.004,0.056,1,0.000,0.000,0.000,0,692,0,0
2395,2.919,2.919,2.772,0.103,0.002,0.043,1,0.000,0.000,0.000,0,692,0,0
2396,2.931,2.931,2.785,0.103,0.003,0.041,1,0.000,0.000,0.000,0,692,0,0
2397,2.888,2.888,2.731,0.101,0.003,0.053,1,0.000,0.000,0.000,0,692,0,0
2398,2.875,2.875,2.731,0.101,0.003,0.041,1,0.000,0.000,0.000,0,692,0,0
2399,2.977,2.977,2.831,0.102,0.002,0.041,1,0.000,0.000,0.000,0,692,0,0
2400,3.234,3.234,3.069,0.105,0.004,0.057,1,0.000,0.000,0.000,0,692,0,0
2401,3.151,3.151,2.995,0.104,0.005,0.047,1,0.000,0.000,0.000,0,692,0,0
2402,2.924,2.924,2.765,0.102,0.003,0.054,1,0.000,0.000,0.000,0,692,0,0
2403,2.932,2.932,2.786,0.103,0.003,0.042,1,0.000,0.000,0.000,0,692,0,0
2404,2.872,2.872,2.726,0.102,0.003,0.041,1,0.000,0.000,0.000,0,692,0,0
2405,2.878,2.878,2.721,0.101,0.003,0.053,1,0.000,0.000,0.000,0,692,0,0
2406,2.855,2.855,2.710,0.101,0.002,0.041,1,0.000,0.000,0.000,0,692,0,0
2407,2.905,2.905,2.758,0.103,0.002,0.042,1,0.000,0.000,0.000,0,692,0,0
2408,2.876,2.876,2.718,0.102,0.003,0.053,1,0.000,0.000,0.000,0,692,0,0
2409,3.366,3.366,3.207,0.111,0.004,0.043,1,0.000,0.000,0.000,0,692,0,0
2410,2.901,2.901,2.754,0.104,0.003,0.042,1,0.000,0.000,0.000,0,692,0,0
2411,2.809,2.809,2.650,0.102,0.003,0.054,1,0.000,0.000,0.000,0,692,0,0
2412,2.773,2.773,2.628,0.102,0.003,0.041,1,0.000,0.000,0.000,0,692,0,0
2413,2.811,2.811,2.663,0.103,0.003,0.042,1,0.000,0.000,0.000,0,692,0,0
2414,2.795,2.795,2.636,0.103,0.002,0.053,1,0.000,0.000,0.000,0,692,0,0
2415,2.781,2.781,2.635,0.102,0.003,0.041,1,0.000,0.000,0.000,0,692,0,0
2416,2.794,2.794,2.634,0.117,0.003,0.041,1,0.000,0.000,0.000,0,692,0,0
2417,2.791,2.791,2.633,0.102,0.003,0.053,1,0.000,0.000,0.000,0,692,0,0
2418,2.802,2.802,2.656,0.103,0.003,0.041,1,0.000,0.000,0.000,0,692,0,0
2419,2.783,2.783,2.637,0.102,0.003,0.042,1,0.000,0.000,0.000,0,692,0,0
2420,2.834,2.834,2.675,0.103,0.002,0.054,1,0.000,0.000,0.000,0,692,0,0
2421,3.496,3.496,3.341,0.110,0.003,0.042,1,0.000,0.000,0.000,0,692,0,0
2422,2.906,2.906,2.759,0.103,0.002,0.042,1,0.000,0.000,0.000,0,692,0,0
2423,2.814,2.814,2.657,0.101,0.003,0.053,1,0.000,0.000,0.000,0,692,0,0
2424,2.818,2.818,2.671,0.104,0.003,0.041,1,0.000,0.000,0.000,0,692,0,0
2425,3.534,3.534,3.375,0.106,0.006,0.047,1,0.000,0.000,0.000,0,692,0,0
2426,4.074,4.074,3.904,0.105,0.004,0.061,1,0.000,0.000,0.000,0,696,0,0
2427,3.648,3.648,3.487,0.106,0.005,0.050,1,0.000,0.000,0.000,0,696,0,0
2428,2.993,2.993,2.840,0.105,0.003,0.044,1,0.000,0.000,0.000,0,696,0,0
2429,2.961,2.961,2.799,0.103,0.003,0.056,1,0.000,0.000,0.000,0,696,0,0
2430,2.847,2.847,2.698,0.103,0.003,0.042,1,0.000,0.000,0.000,0,696,0,0
2431,3.480,3.480,3.302,0.127,0.004,0.047,1,0.000,0.000,0.000,0,696,0,0
2432,3.507,3.507,3.321,0.127,0.004,0.055,1,0.000,0.000,0.000,0,696,0,0
2433,3.418,3.418,3.263,0.104,0.005,0.046,1,0.000,0.000,0.000,0,696,0,0
2434,3.838,3.838,3.682,0.106,0.004,0.046,1,0.000,0.000,0.000,0,696,0,0
2435,4.403,4.403,4.181,0.106,0.003,0.112,1,0.000,0.000,0.000,0,696,0,0
2436,3.460,3.460,3.263,0.105,0.003,0.090,1,0.000,0.000,0.000,0,696,0,0
2437,3.775,3.775,3.539,0.105,0.005,0.126,1,0.000,0.000,0.000,0,696,0,0
2438,3.179,3.179,2.884,0.105,0.003,0.187,1,0.000,0.000,0.000,0,696,0,0
2439,3.683,3.683,3.409,0.105,0.003,0.166,1,0.000,0.000,0.000,0,696,0,0
2440,3.081,3.081,2.784,0.104,0.003,0.191,1,0.000,0.000,0.000,0,696,0,0
2441,4.758,4.758,4.350,0.105,0.003,0.300,1,0.000,0.000,0.000,0,696,0,0
2442,4.079,4.079,3.723,0.104,0.004,0.248,1,0.000,0.000,0.000,0,696,0,0
2443,3.436,3.436,3.023,0.105,0.003,0.304,1,0.000,0.000,0.000,0,720,0,0
2444,3.436,3.436,2.968,0.105,0.003,0.360,1,0.000,0.000,0.000,0,744,0,0
2445,3.796,3.796,3.391,0.105,0.003,0.297,1,0.000,0.000,0.000,0,768,0,0
2446,3.297,3.297,2.905,0.104,0.003,0.285,1,0.000,0.000,0.000,0,792,0,0
2447,3.963,3.963,3.443,0.108,0.006,0.407,1,0.000,0.000,0.000,0,816,0,0
2448,5.237,5.237,4.903,0.108,0.003,0.223,1,0.000,0.000,0.000,0,840,0,0
2449,4.370,4.370,4.023,0.106,0.003,0.237,1,0.000,0.000,0.000,0,860,0,0
2450,4.367,4.367,3.964,0.107,0.005,0.291,1,0.000,0.000,0.000,0,860,0,0
2451,3.916,3.916,3.578,0.109,0.005,0.225,1,0.000,0.000,0.000,0,860,0,0
2452,3.657,3.657,3.363,0.107,0.004,0.182,1,0.000,0.000,0.000,0,860,0,0
2453,3.962,3.962,3.582,0.107,0.003,0.270,1,0.000,0.000,0.000,0,860,0,0
2454,3.882,3.882,3.553,0.107,0.004,0.218,1,0.000,0.000,0.000,0,860,0,0
2455,3.370,3.370,3.050,0.106,0.003,0.211,1,0.000,0.000,0.000,0,860,0,0
2456,3.337,3.337,2.973,0.105,0.003,0.256,1,0.000,0.000,0.000,0,860,0,0
2457,3.831,3.831,3.527,0.106,0.003,0.194,1,0.000,0.000,0.000,0,860,0,0
2458,4.529,4.529,4.234,0.106,0.004,0.185,1,0.000,0.000,0.000,0,860,0,0
2459,4.259,4.259,3.854,0.107,0.003,0.295,1,0.000,0.000,0.000,0,860,0,0
2460,4.292,4.292,3.965,0.109,0.004,0.214,1,0.000,0.000,0.000,0,860,0,0
2461,3.968,3.968,3.649,0.108,0.003,0.207,1,0.000,0.000,0.000,0,860,0,0
2462,3.873,3.873,3.472,0.106,0.006,0.289,1,0.000,0.000,0.000,0,860,0,0
2463,3.510,3.510,3.189,0.105,0.004,0.212,1,0.000,0.000,0.000,0,860,0,0
2464,3.757,3.757,3.277,0.107,0.005,0.368,1,0.000,0.000,0.000,0,860,0,0
2465,3.818,3.818,3.010,0.106,0.003,0.699,1,0.000,0.000,0.000,0,860,0,0
2466,4.577,4.577,4.039,0.106,0.003,0.429,1,0.000,0.000,0.000,0,860,0,0
2467,3.444,3.444,2.922,0.104,0.003,0.415,1,0.000,0.000,0.000,0,860,0,0
2468,3.542,3.542,2.857,0.105,0.003,0.577,1,0.000,0.000,0.000,0,860,0,0
2469,3.552,3.552,3.021,0.106,0.006,0.421,1,0.000,0.000,0.000,0,860,0,0
2470,3.433,3.433,2.893,0.106,0.003,0.432,1,0.000,0.000,0.000,0,860,0,0
2471,3.743,3.743,3.013,0.105,0.003,0.622,1,0.000,0.000,0.000,0,860,0,0
2472,4.518,4.518,3.989,0.110,0.004,0.416,1,0.000,0.000,0.000,0,860,0,0
2473,3.657,3.657,3.141,0.105,0.004,0.407,1,0.000,0.000,0.000,0,860,0,0
2474,3.602,3.602,2.952,0.105,0.003,0.542,1,0.000,0.000,0.000,0,860,0,0
2475,5.064,5.064,4.551,0.106,0.004,0.404,1,0.000,0.000,0.000,0,860,0,0
2476,3.432,3.432,2.926,0.105,0.003,0.399,1,0.000,0.000,0.000,0,860,0,0
2477,3.951,3.951,3.292,0.104,0.002,0.553,1,0.000,0.000,0.000,0,860,0,0
2478,4.257,4.257,3.739,0.108,0.007,0.404,1,0.000,0.000,0.000,0,860,0,0
2479,3.702,3.702,3.220,0.106,0.003,0.373,1,0.000,0.000,0.000,0,860,0,0
2480,3.597,3.597,2.985,0.105,0.003,0.504,1,0.000,0.000,0.000,0,860,0,0
2481,3.331,3.331,2.864,0.106,0.003,0.359,1,0.000,0.000,0.000,0,860,0,0
2482,3.280,3.280,2.841,0.104,0.003,0.331,1,0.000,0.000,0.000,0,860,0,0
2483,3.429,3.429,2.879,0.106,0.003,0.442,1,0.000,0.000,0.000,0,860,0,0
2484,4.384,4.384,3.943,0.107,0.003,0.332,1,0.000,0.000,0.000,0,860,0,0
2485,3.273,3.273,2.833,0.105,0.003,0.331,1,0.000,0.000,0.000,0,860,0,0
2486,4.187,4.187,3.610,0.107,0.005,0.465,1,0.000,0.000,0.000,0,860,0,0
2487,4.288,4.288,3.803,0.106,0.004,0.375,1,0.000,0.000,0.000,0,860,0,0
2488,3.366,3.366,2.920,0.105,0.003,0.338,1,0.000,0.000,0.000,0,860,0,0
2489,3.427,3.427,2.876,0.104,0.003,0.444,1,0.000,0.000,0.000,0,860,0,0
2490,3.843,3.843,3.386,0.134,0.003,0.320,1,0.000,0.000,0.000,0,860,1,0
2491,3.292,3.292,2.877,0.105,0.003,0.307,1,0.000,0.000,0.000,0,860,0,0
2492,3.398,3.398,2.899,0.104,0.003,0.392,1,0.000,0.000,0.000,0,860,0,0
2493,3.793,3.793,3.399,0.108,0.003,0.284,1,0.000,0.000,0.000,0,860,0,0
2494,3.571,3.571,3.216,0.106,0.003,0.246,1,0.000,0.000,0.000,0,860,0,0
2495,3.372,3.372,2.876,0.106,0.003,0.387,1,0.000,0.000,0.000,0,860,0,0
2496,3.233,3.233,2.866,0.105,0.003,0.259,1,0.000,0.000,0.000,0,860,0,0
2497,3.657,3.657,3.303,0.104,0.003,0.246,1,0.000,0.000,0.000,0,860,0,0
2498,3.251,3.251,2.821,0.104,0.003,0.324,1,0.000,0.000,0.000,0,860,0,0
2499,3.157,3.157,2.805,0.105,0.002,0.245,1,0.000,0.000,0.000,0,860,0,0
2500,3.302,3.302,2.870,0.105,0.003,0.325,1,0.000,0.000,0.000,0,860,0,0
2501,3.158,3.158,2.806,0.105,0.003,0.244,1,0.000,0.000,0.000,0,860,0,0
2502,4.007,4.007,3.631,0.105,0.003,0.267,1,0.000,0.000,0.000,0,860,0,0
2503,3.414,3.414,2.969,0.105,0.003,0.336,1,0.000,0.000,0.000,0,856,0,0
2504,3.180,3.180,2.822,0.104,0.003,0.251,1,0.000,0.000,0.000,0,856,0,0
2505,3.190,3.190,2.819,0.103,0.003,0.266,1,0.000,0.000,0.000,0,696,0,0
2506,3.388,3.388,2.951,0.103,0.003,0.332,1,0.000,0.000,0.000,0,696,0,0
2507,3.195,3.195,2.833,0.104,0.003,0.255,1,0.000,0.000,0.000,0,696,0,0
2508,3.145,3.145,2.788,0.103,0.003,0.251,1,0.000,0.000,0.000,0,696,0,0
2509,3.404,3.404,2.934,0.118,0.003,0.348,1,0.000,0.000,0.000,0,696,0,0
2510,3.249,3.249,2.828,0.104,0.003,0.314,1,0.000,0.000,0.000,0,696,0,0
2511,3.198,3.198,2.791,0.104,0.003,0.299,1,0.000,0.000,0.000,0,696,0,0
2512,3.310,3.310,2.830,0.104,0.003,0.374,1,0.000,0.000,0.000,0,696,0,0
2513,3.268,3.268,2.882,0.103,0.003,0.280,1,0.000,0.000,0.000,0,696,0,0
2514,3.189,3.189,2.803,0.103,0.003,0.280,1,0.000,0.000,0.000,0,696,0,0
2515,3.258,3.258,2.783,0.102,0.003,0.370,1,0.000,0.000,0.000,0,696,0,0
2516,3.189,3.189,2.802,0.104,0.003,0.281,1,0.000,0.000,0.000,0,696,0,0
2517,3.233,3.233,2.853,0.104,0.003,0.273,1,0.000,0.000,0.000,0,696,0,0
2518,3.264,3.264,2.790,0.103,0.002,0.367,1,0.000,0.000,0.000,0,696,0,0
2519,3.282,3.282,2.909,0.104,0.003,0.267,1,0.000,0.000,0.000,0,696,0,0
2520,3.116,3.116,2.742,0.103,0.003,0.269,1,0.000,0.000,0.000,0,696,0,0
2521,3.203,3.203,2.753,0.104,0.003,0.343,1,0.000,0.000,0.000,0,696,0,0
2522,3.055,3.055,2.728,0.104,0.003,0.220,1,0.000,0.000,0.000,0,696,0,0
2523,5.848,5.848,5.562,0.109,0.003,0.174,1,0.000,0.000,0.000,0,696,0,0
2524,3.513,3.513,3.208,0.105,0.003,0.197,1,0.000,0.000,0.000,0,696,0,0
2525,3.124,3.124,2.786,0.103,0.003,0.232,1,0.000,0.000,0.000,0,696,0,0
2526,3.021,3.021,2.708,0.104,0.003,0.207,1,0.000,0.000,0.000,0,696,0,0
2527,3.082,3.082,2.703,0.102,0.003,0.274,1,0.000,0.000,0.000,0,696,0,0
2528,3.026,3.026,2.698,0.103,0.003,0.222,1,0.000,0.000,0.000,0,696,0,0
2529,3.002,3.002,2.689,0.103,0.003,0.207,1,0.000,0.000,0.000,0,696,0,0
2530,3.135,3.135,2.748,0.101,0.003,0.284,1,0.000,0.000,0.000,0,696,0,0
2531,3.026,3.026,2.709,0.102,0.002,0.212,1,0.000,0.000,0.000,0,696,0,0
2532,3.058,3.058,2.770,0.103,0.003,0.183,1,0.000,0.000,0.000,0,696,0,0
2533,4.514,4.514,4.122,0.106,0.007,0.279,1,0.000,0.000,0.000,0,696,0,0
2534,3.440,3.440,3.127,0.105,0.004,0.204,1,0.000,0.000,0.000,0,696,0,0
2535,3.354,3.354,3.042,0.104,0.006,0.201,1,0.000,0.000,0.000,0,696,0,0
2536,3.251,3.251,2.882,0.103,0.004,0.262,1,0.000,0.000,0.000,0,696,0,0
2537,3.069,3.069,2.775,0.102,0.004,0.189,1,0.000,0.000,0.000,0,696,0,0
2538,3.006,3.006,2.723,0.102,0.003,0.178,1,0.000,0.000,0.000,0,696,0,0
2539,3.067,3.067,2.739,0.104,0.003,0.222,1,0.000,0.000,0.000,0,696,0,0
2540,3.785,3.785,3.426,0.115,0.004,0.240,1,0.000,0.000,0.000,0,720,0,0
2541,3.342,3.342,2.992,0.104,0.004,0.241,1,0.000,0.000,0.000,0,744,0,0
2542,4.075,4.075,3.611,0.105,0.003,0.356,1,0.000,0.000,0.000,0,768,0,0
2543,3.351,3.351,3.016,0.105,0.003,0.228,1,0.000,0.000,0.000,0,792,0,0
2544,3.189,3.189,2.864,0.103,0.003,0.219,1,0.000,0.000,0.000,0,816,0,0
2545,3.271,3.271,2.875,0.104,0.003,0.290,1,0.000,0.000,0.000,0,840,0,0
2546,3.796,3.796,3.467,0.105,0.003,0.221,1,0.000,0.000,0.000,0,868,0,0
2547,3.350,3.350,3.035,0.104,0.003,0.208,1,0.000,0.000,0.000,0,892,0,0
2548,3.437,3.437,2.996,0.105,0.003,0.333,1,0.000,0.000,0.000,0,916,0,0
2549,3.308,3.308,2.958,0.106,0.003,0.242,1,0.000,0.000,0.000,0,940,0,0
2550,3.295,3.295,2.947,0.104,0.003,0.241,1,0.000,0.000,0.000,0,964,0,0
2551,3.396,3.396,2.968,0.104,0.003,0.321,1,0.000,0.000,0.000,0,988,0,0
2552,4.440,4.440,4.083,0.107,0.003,0.248,1,0.000,0.000,0.000,0,1012,0,0
2553,4.349,4.349,3.971,0.108,0.005,0.265,1,0.000,0.000,0.000,0,1028,0,0
2554,3.700,3.700,3.246,0.115,0.003,0.336,1,0.000,0.000,0.000,0,1028,0,0
2555,4.081,4.081,3.725,0.105,0.004,0.247,1,0.000,0.000,0.000,0,1028,0,0
2556,3.408,3.408,3.031,0.104,0.003,0.269,1,0.000,0.000,0.000,0,1028,0,0
2557,3.448,3.448,2.983,0.105,0.003,0.358,1,0.000,0.000,0.000,0,1028,0,0
2558,3.909,3.909,3.539,0.106,0.003,0.261,1,0.000,0.000,0.000,0,1028,0,0
2559,3.698,3.698,3.262,0.170,0.004,0.263,1,0.000,0.000,0.000,0,1028,0,0
2560,3.622,3.622,3.159,0.106,0.004,0.354,1,0.000,0.000,0.000,0,1028,0,0
2561,4.785,4.785,4.416,0.106,0.003,0.261,1,0.000,0.000,0.000,0,1028,0,0
2562,3.292,3.292,2.920,0.106,0.003,0.262,1,0.000,0.000,0.000,0,1028,0,0
2563,4.022,4.022,3.555,0.110,0.005,0.353,1,0.000,0.000,0.000,0,1068,0,0
2564,4.966,4.966,4.642,0.111,0.003,0.210,1,0.000,0.000,0.000,0,1072,0,0
2565,3.807,3.807,3.495,0.110,0.003,0.198,1,0.000,0.000,0.000,0,1072,0,0
2566,3.647,3.647,3.241,0.108,0.005,0.293,1,0.000,0.000,0.000,0,1072,0,0
2567,3.988,3.988,3.646,0.109,0.004,0.230,1,0.000,0.000,0.000,0,1072,0,0
2568,3.321,3.321,2.983,0.106,0.003,0.229,1,0.000,0.000,0.000,0,1028,0,0
2569,3.756,3.756,3.247,0.174,0.003,0.331,1,0.000,0.000,0.000,0,1028,0,0
2570,4.147,4.147,3.761,0.107,0.004,0.275,1,0.000,0.000,0.000,0,1028,0,0
2571,3.462,3.462,3.013,0.106,0.003,0.340,1,0.000,0.000,0.000,0,1028,0,0
2572,3.531,3.531,2.997,0.106,0.003,0.425,1,0.000,0.000,0.000,0,1028,0,0
2573,3.875,3.875,3.447,0.106,0.003,0.319,1,0.000,0.000,0.000,0,1028,0,0
2574,3.372,3.372,2.947,0.104,0.003,0.318,1,0.000,0.000,0.000,0,1028,0,0
2575,3.455,3.455,2.927,0.106,0.003,0.419,1,0.000,0.000,0.000,0,1028,0,0
2576,4.388,4.388,3.956,0.108,0.004,0.320,1,0.000,0.000,0.000,0,1028,0,0
2577,3.485,3.485,3.048,0.106,0.003,0.329,1,0.000,0.000,0.000,0,1028,0,0
2578,4.695,4.695,4.168,0.107,0.003,0.417,1,0.000,0.000,0.000,0,1028,0,0
2579,4.125,4.125,3.746,0.107,0.003,0.268,1,0.000,0.000,0.000,0,1028,0,0
2580,3.412,3.412,3.037,0.105,0.003,0.267,1,0.000,0.000,0.000,0,1028,0,0
2581,3.492,3.492,2.991,0.105,0.003,0.394,1,0.000,0.000,0.000,0,1028,0,0
2582,3.840,3.840,3.428,0.112,0.006,0.294,1,0.000,0.000,0.000,0,1028,0,0
2583,3.515,3.515,3.108,0.106,0.004,0.296,1,0.000,0.000,0.000,0,1028,0,0
2584,3.485,3.485,2.991,0.105,0.003,0.386,1,0.000,0.000,0.000,0,1028,0,0
2585,3.446,3.446,3.058,0.106,0.003,0.279,1,0.000,0.000,0.000,0,1028,0,0
2586,3.373,3.373,2.907,0.103,0.003,0.360,1,0.000,0.000,0.000,0,696,0,0
2587,3.893,3.893,3.253,0.111,0.005,0.525,1,0.000,0.000,0.000,0,696,0,0
2588,3.493,3.493,2.933,0.104,0.004,0.452,1,0.000,0.000,0.000,0,696,0,0
2589,3.300,3.300,2.770,0.103,0.003,0.424,1,0.000,0.000,0.000,0,696,0,0
2590,3.471,3.471,2.815,0.104,0.004,0.550,1,0.000,0.000,0.000,0,696,0,0
2591,5.317,5.317,4.772,0.103,0.009,0.433,1,0.000,0.000,0.000,0,696,0,0
2592,4.199,4.199,3.679,0.107,0.004,0.409,1,0.000,0.000,0.000,0,696,0,0
2593,3.695,3.695,3.016,0.137,0.003,0.539,1,0.000,0.000,0.000,0,696,1,0
2594,3.742,3.742,3.224,0.104,0.011,0.403,1,0.000,0.000,0.000,0,696,0,0
2595,3.390,3.390,2.893,0.104,0.004,0.388,1,0.000,0.000,0.000,0,696,0,0
2596,4.488,4.488,3.902,0.104,0.003,0.479,1,0.000,0.000,0.000,0,696,0,0
2597,3.808,3.808,3.342,0.104,0.003,0.358,1,0.000,0.000,0.000,0,696,0,0
2598,4.142,4.142,3.692,0.109,0.003,0.337,1,0.000,0.000,0.000,0,696,0,0
2599,3.651,3.651,3.045,0.104,0.004,0.498,1,0.000,0.000,0.000,0,696,0,0
2600,3.754,3.754,3.264,0.107,0.003,0.380,1,0.000,0.000,0.000,0,696,0,0
2601,4.182,4.182,3.590,0.111,0.003,0.478,1,0.000,0.000,0.000,0,696,0,0
2602,3.492,3.492,3.037,0.103,0.004,0.347,1,0.000,0.000,0.000,0,696,0,0
2603,3.338,3.338,2.890,0.106,0.004,0.339,1,0.000,0.000,0.000,0,696,0,0
2604,6.035,6.035,5.490,0.104,0.005,0.436,1,0.000,0.000,0.000,0,692,0,0
2605,4.037,4.037,3.570,0.104,0.005,0.358,1,0.000,0.000,0.000,0,692,0,0
2606,3.729,3.729,3.266,0.125,0.003,0.334,1,0.000,0.000,0.000,0,692,0,0
2607,3.649,3.649,3.096,0.105,0.004,0.444,1,0.000,0.000,0.000,0,692,0,0
2608,3.291,3.291,2.895,0.102,0.003,0.291,1,0.000,0.000,0.000,0,692,0,0
2609,4.224,4.224,3.754,0.109,0.006,0.354,1,0.000,0.000,0.000,0,692,0,0
2610,3.754,3.754,3.215,0.104,0.006,0.429,1,0.000,0.000,0.000,0,692,0,0
2611,3.251,3.251,2.841,0.103,0.003,0.304,1,0.000,0.000,0.000,0,692,0,0
2612,3.574,3.574,3.146,0.103,0.003,0.322,1,0.000,0.000,0.000,0,692,0,0
2613,4.404,4.404,3.876,0.107,0.006,0.414,1,0.000,0.000,0.000,0,692,0,0
2614,3.349,3.349,2.933,0.102,0.003,0.310,1,0.000,0.000,0.000,0,692,0,0
2615,3.731,3.731,3.304,0.104,0.003,0.321,1,0.000,0.000,0.000,0,692,0,0
2616,6.034,6.034,5.448,0.111,0.005,0.470,1,0.000,0.000,0.000,0,692,0,0
2617,3.664,3.664,3.222,0.106,0.005,0.331,1,0.000,0.000,0.000,0,692,0,0
2618,3.915,3.915,3.506,0.104,0.004,0.301,1,0.000,0.000,0.000,0,692,0,0
2619,3.564,3.564,3.052,0.104,0.004,0.403,1,0.000,0.000,0.000,0,692,0,0
2620,3.176,3.176,2.775,0.103,0.003,0.294,1,0.000,0.000,0.000,0,692,0,0
2621,3.979,3.979,3.469,0.103,0.003,0.404,1,0.000,0.000,0.000,0,692,0,0
2622,3.305,3.305,2.798,0.103,0.003,0.401,1,0.000,0.000,0.000,0,692,0,0
2623,3.173,3.173,2.781,0.102,0.003,0.286,1,0.000,0.000,0.000,0,692,0,0
2624,3.518,3.518,3.103,0.112,0.004,0.299,1,0.000,0.000,0.000,0,692,0,0
2625,4.331,4.331,3.847,0.103,0.004,0.377,1,0.000,0.000,0.000,0,692,0,0
2626,3.302,3.302,2.915,0.105,0.003,0.279,1,0.000,0.000,0.000,0,692,0,0
2627,3.158,3.158,2.765,0.103,0.003,0.287,1,0.000,0.000,0.000,0,692,0,0
2628,3.827,3.827,3.323,0.124,0.004,0.376,1,0.000,0.000,0.000,0,692,0,0
2629,3.144,3.144,2.759,0.103,0.003,0.279,1,0.000,0.000,0.000,0,692,0,0
2630,3.173,3.173,2.789,0.102,0.003,0.279,1,0.000,0.000,0.000,0,692,0,0
2631,4.443,4.443,3.969,0.114,0.003,0.356,1,0.000,0.000,0.000,0,692,0,0
2632,3.991,3.991,3.537,0.104,0.006,0.345,1,0.000,0.000,0.000,0,692,0,0
2633,3.291,3.291,2.871,0.104,0.003,0.313,1,0.000,0.000,0.000,0,692,0,0
2634,3.320,3.320,2.801,0.103,0.003,0.412,1,0.000,0.000,0.000,0,692,0,0
2635,3.303,3.303,2.887,0.104,0.003,0.309,1,0.000,0.000,0.000,0,692,0,0
2636,3.164,3.164,2.750,0.103,0.003,0.309,1,0.000,0.000,0.000,0,692,0,0
2637,3.239,3.239,2.723,0.102,0.003,0.412,1,0.000,0.000,0.000,0,692,0,0
2638,3.143,3.143,2.727,0.103,0.003,0.310,1,0.000,0.000,0.000,0,692,0,0
2639,3.384,3.384,2.974,0.103,0.003,0.305,1,0.000,0.000,0.000,0,692,0,0
2640,3.243,3.243,2.750,0.103,0.003,0.387,1,0.000,0.000,0.000,0,692,0,0
2641,4.171,4.171,3.786,0.103,0.003,0.279,1,0.000,0.000,0.000,0,692,0,0
2642,3.599,3.599,3.204,0.105,0.005,0.285,1,0.000,0.000,0.000,0,692,0,0
2643,4.265,4.265,3.786,0.104,0.004,0.371,1,0.000,0.000,0.000,0,692,0,0
2644,3.974,3.974,3.003,0.683,0.004,0.285,1,0.000,0.000,0.000,0,692,0,0
2645,3.671,3.671,3.284,0.103,0.003,0.280,1,0.000,0.000,0.000,0,692,0,0
2646,3.279,3.279,2.876,0.102,0.003,0.299,1,0.000,0.000,0.000,0,692,0,0
2647,3.493,3.493,3.179,0.102,0.003,0.209,1,0.000,0.000,0.000,0,692,0,0
2648,3.791,3.791,3.538,0.105,0.005,0.143,1,0.000,0.000,0.000,0,692,0,0
2649,3.119,3.119,2.838,0.104,0.003,0.174,1,0.000,0.000,0.000,0,692,0,0
2650,4.617,4.617,4.370,0.110,0.003,0.135,1,0.000,0.000,0.000,0,692,0,0
2651,3.297,3.297,3.050,0.104,0.004,0.140,1,0.000,0.000,0.000,0,692,0,0
2652,3.029,3.029,2.752,0.102,0.003,0.172,1,0.000,0.000,0.000,0,692,0,0
2653,2.936,2.936,2.717,0.101,0.003,0.115,1,0.000,0.000,0.000,0,692,0,0
2654,3.028,3.028,2.811,0.104,0.003,0.111,1,0.000,0.000,0.000,0,692,0,0
2655,2.958,2.958,2.717,0.102,0.003,0.136,1,0.000,0.000,0.000,0,692,0,0
2656,2.879,2.879,2.676,0.102,0.003,0.097,1,0.000,0.000,0.000,0,692,0,0
2657,2.891,2.891,2.688,0.102,0.003,0.098,1,0.000,0.000,0.000,0,692,0,0
2658,3.813,3.813,3.576,0.103,0.004,0.130,1,0.000,0.000,0.000,0,692,0,0
2659,3.598,3.598,3.379,0.106,0.005,0.107,1,0.000,0.000,0.000,0,692,0,0
2660,3.493,3.493,3.288,0.104,0.003,0.097,1,0.000,0.000,0.000,0,692,0,0
2661,3.596,3.596,3.355,0.105,0.005,0.131,1,0.000,0.000,0.000,0,692,0,0
2662,3.181,3.181,2.941,0.103,0.003,0.134,1,0.000,0.000,0.000,0,692,0,0
2663,2.968,2.968,2.755,0.102,0.003,0.109,1,0.000,0.000,0.000,0,692,0,0
2664,2.981,2.981,2.733,0.103,0.003,0.142,1,0.000,0.000,0.000,0,692,0,0
2665,2.906,2.906,2.693,0.103,0.003,0.107,1,0.000,0.000,0.000,0,692,0,0
2666,3.349,3.349,3.132,0.103,0.003,0.110,1,0.000,0.000,0.000,0,696,0,0
2667,3.003,3.003,2.755,0.103,0.003,0.142,1,0.000,0.000,0.000,0,696,0,0
2668,2.929,2.929,2.714,0.104,0.003,0.109,1,0.000,0.000,0.000,0,696,0,0
2669,2.985,2.985,2.783,0.102,0.003,0.098,1,0.000,0.000,0.000,0,696,0,0
2670,3.558,3.558,3.303,0.108,0.004,0.143,1,0.000,0.000,0.000,0,696,0,0
2671,3.149,3.149,2.961,0.104,0.004,0.080,1,0.000,0.000,0.000,0,696,0,0
2672,2.938,2.938,2.755,0.103,0.003,0.077,1,0.000,0.000,0.000,0,696,0,0
2673,3.907,3.907,3.691,0.106,0.006,0.103,1,0.000,0.000,0.000,0,696,0,0
2674,4.016,4.016,3.832,0.106,0.003,0.074,1,0.000,0.000,0.000,0,696,0,0
2675,3.965,3.965,3.755,0.104,0.003,0.102,1,0.000,0.000,0.000,0,696,0,0
2676,3.713,3.713,3.493,0.106,0.006,0.109,1,0.000,0.000,0.000,0,696,0,0
2677,3.105,3.105,2.922,0.103,0.003,0.077,1,0.000,0.000,0.000,0,696,0,0
2678,2.973,2.973,2.768,0.103,0.003,0.099,1,0.000,0.000,0.000,0,696,0,0
2679,3.236,3.236,3.006,0.104,0.004,0.123,1,0.000,0.000,0.000,0,696,0,0
2680,2.934,2.934,2.734,0.104,0.003,0.092,1,0.000,0.000,0.000,0,696,0,0
2681,2.871,2.871,2.674,0.103,0.003,0.092,1,0.000,0.000,0.000,0,696,0,0
2682,3.577,3.577,3.341,0.106,0.004,0.126,1,0.000,0.000,0.000,0,696,0,0
2683,4.093,4.093,3.871,0.105,0.004,0.113,1,0.000,0.000,0.000,0,696,0,0
2684,3.463,3.463,3.249,0.104,0.004,0.106,1,0.000,0.000,0.000,0,696,0,0
2685,3.245,3.245,3.018,0.105,0.003,0.119,1,0.000,0.000,0.000,0,720,0,0
2686,3.122,3.122,2.931,0.105,0.003,0.083,1,0.000,0.000,0.000,0,744,0,0
2687,3.061,3.061,2.871,0.104,0.003,0.083,1,0.000,0.000,0.000,0,768,0,0
2688,3.103,3.103,2.888,0.104,0.003,0.108,1,0.000,0.000,0.000,0,792,0,0
2689,3.079,3.079,2.876,0.118,0.003,0.082,1,0.000,0.000,0.000,0,816,0,0
2690,3.108,3.108,2.917,0.104,0.003,0.084,1,0.000,0.000,0.000,0,840,0,0
2691,3.082,3.082,2.871,0.105,0.003,0.104,1,0.000,0.000,0.000,0,864,0,0
2692,3.182,3.182,3.005,0.105,0.003,0.070,1,0.000,0.000,0.000,0,888,0,0
2693,4.042,4.042,3.761,0.108,0.006,0.167,1,0.000,0.000,0.000,0,912,0,0
2694,3.679,3.679,3.388,0.107,0.004,0.181,1,0.000,0.000,0.000,0,936,0,0
2695,3.226,3.226,2.968,0.104,0.003,0.151,1,0.000,0.000,0.000,0,960,0,0
2696,3.687,3.687,3.416,0.106,0.003,0.163,1,0.000,0.000,0.000,0,980,0,0
2697,3.987,3.987,3.683,0.108,0.004,0.192,1,0.000,0.000,0.000,0,980,0,0
2698,3.297,3.297,3.055,0.106,0.003,0.133,1,0.000,0.000,0.000,0,980,0,0
2699,3.354,3.354,3.111,0.105,0.003,0.134,1,0.000,0.000,0.000,0,980,0,0
2700,3.948,3.948,3.647,0.106,0.003,0.193,1,0.000,0.000,0.000,0,980,0,0
2701,3.131,3.131,2.941,0.106,0.003,0.082,1,0.000,0.000,0.000,0,980,0,0
2702,3.110,3.110,2.898,0.105,0.003,0.104,1,0.000,0.000,0.000,0,980,0,0
2703,4.085,4.085,3.881,0.108,0.005,0.091,1,0.000,0.000,0.000,0,980,0,0
2704,3.762,3.762,3.567,0.108,0.004,0.082,1,0.000,0.000,0.000,0,980,0,0
2705,3.967,3.967,3.671,0.107,0.005,0.184,1,0.000,0.000,0.000,0,980,0,0
2706,3.300,3.300,3.055,0.106,0.003,0.136,1,0.000,0.000,0.000,0,980,0,0
2707,3.358,3.358,3.084,0.105,0.003,0.166,1,0.000,0.000,0.000,0,980,0,0
2708,4.025,4.025,3.478,0.115,0.004,0.428,1,0.000,0.000,0.000,0,980,0,0
2709,4.240,4.240,3.816,0.108,0.004,0.312,1,0.000,0.000,0.000,0,980,0,0
2710,4.075,4.075,3.675,0.114,0.003,0.283,1,0.000,0.000,0.000,0,980,0,0
2711,3.739,3.739,3.187,0.139,0.004,0.409,1,0.000,0.000,0.000,0,980,1,0
2712,3.396,3.396,2.984,0.107,0.003,0.302,1,0.000,0.000,0.000,0,980,0,0
2713,3.305,3.305,2.897,0.104,0.003,0.301,1,0.000,0.000,0.000,0,980,0,0
2714,3.421,3.421,2.915,0.105,0.003,0.397,1,0.000,0.000,0.000,0,980,0,0
2715,3.348,3.348,2.959,0.104,0.003,0.283,1,0.000,0.000,0.000,0,980,0,0
2716,3.341,3.341,2.941,0.106,0.003,0.291,1,0.000,0.000,0.000,0,980,0,0
2717,3.389,3.389,2.910,0.105,0.003,0.371,1,0.000,0.000,0.000,0,980,0,0
2718,3.323,3.323,2.934,0.105,0.003,0.282,1,0.000,0.000,0.000,0,980,0,0
2719,3.305,3.305,2.912,0.104,0.003,0.285,1,0.000,0.000,0.000,0,980,0,0
2720,3.446,3.446,2.968,0.104,0.003,0.372,1,0.000,0.000,0.000,0,980,0,0
2721,3.269,3.269,2.879,0.105,0.003,0.283,1,0.000,0.000,0.000,0,980,0,0
2722,3.252,3.252,2.862,0.104,0.002,0.283,1,0.000,0.000,0.000,0,980,0,0
2723,3.554,3.554,3.029,0.105,0.003,0.417,1,0.000,0.000,0.000,0,980,0,0
2724,3.260,3.260,2.880,0.104,0.003,0.274,1,0.000,0.000,0.000,0,980,0,0
2725,3.250,3.250,2.871,0.104,0.003,0.272,1,0.000,0.000,0.000,0,980,0,0
2726,3.387,3.387,2.918,0.107,0.003,0.359,1,0.000,0.000,0.000,0,980,0,0
2727,3.277,3.277,2.896,0.105,0.003,0.273,1,0.000,0.000,0.000,0,980,0,0
2728,3.303,3.303,2.899,0.105,0.003,0.296,1,0.000,0.000,0.000,0,980,0,0
2729,3.955,3.955,3.427,0.113,0.006,0.409,1,0.000,0.000,0.000,0,980,0,0
2730,3.589,3.589,3.188,0.107,0.004,0.290,1,0.000,0.000,0.000,0,980,0,0
2731,3.379,3.379,2.962,0.106,0.003,0.308,1,0.000,0.000,0.000,0,980,0,0
2732,3.638,3.638,3.150,0.106,0.004,0.378,1,0.000,0.000,0.000,0,980,0,0
2733,4.434,4.434,4.031,0.110,0.005,0.287,1,0.000,0.000,0.000,0,980,0,0
2734,3.519,3.519,3.120,0.106,0.004,0.288,1,0.000,0.000,0.000,0,980,0,0
2735,3.503,3.503,3.041,0.105,0.003,0.353,1,0.000,0.000,0.000,0,980,0,0
2736,5.428,5.428,5.046,0.111,0.003,0.269,1,0.000,0.000,0.000,0,980,0,0
2737,4.363,4.363,3.976,0.112,0.005,0.270,1,0.000,0.000,0.000,0,980,0,0
2738,4.369,4.369,3.888,0.108,0.005,0.368,1,0.000,0.000,0.000,0,980,0,0
2739,3.683,3.683,3.309,0.112,0.003,0.258,1,0.000,0.000,0.000,0,980,0,0
2740,3.457,3.457,3.059,0.106,0.004,0.288,1,0.000,0.000,0.000,0,980,0,0
2741,3.469,3.469,2.997,0.107,0.004,0.362,1,0.000,0.000,0.000,0,980,0,0
2742,3.244,3.244,2.866,0.105,0.003,0.270,1,0.000,0.000,0.000,0,980,0,0
2743,3.300,3.300,2.921,0.106,0.003,0.271,1,0.000,0.000,0.000,0,980,0,0
2744,3.367,3.367,2.901,0.105,0.003,0.358,1,0.000,0.000,0.000,0,980,0,0
2745,3.234,3.234,2.864,0.105,0.003,0.263,1,0.000,0.000,0.000,0,980,0,0
2746,3.649,3.649,3.254,0.111,0.004,0.280,1,0.000,0.000,0.000,0,980,0,0
2747,3.500,3.500,3.042,0.106,0.004,0.348,1,0.000,0.000,0.000,0,980,0,0
2748,3.839,3.839,3.459,0.108,0.005,0.267,1,0.000,0.000,0.000,0,980,0,0
2749,3.769,3.769,3.411,0.108,0.003,0.247,1,0.000,0.000,0.000,0,980,0,0
2750,3.903,3.903,3.449,0.107,0.004,0.344,1,0.000,0.000,0.000,0,980,0,0
2751,3.355,3.355,2.960,0.134,0.003,0.258,1,0.000,0.000,0.000,0,980,0,0
2752,3.266,3.266,2.901,0.105,0.003,0.257,1,0.000,0.000,0.000,0,980,0,0
2753,3.479,3.479,3.010,0.104,0.003,0.363,1,0.000,0.000,0.000,0,980,0,0
2754,3.434,3.434,3.008,0.107,0.003,0.316,1,0.000,0.000,0.000,0,980,0,0
2755,3.302,3.302,2.886,0.104,0.003,0.309,1,0.000,0.000,0.000,0,980,0,0
2756,4.552,4.552,4.032,0.106,0.003,0.411,1,0.000,0.000,0.000,0,980,0,0
2757,3.331,3.331,2.913,0.105,0.003,0.309,1,0.000,0.000,0.000,0,980,0,0
2758,3.274,3.274,2.857,0.105,0.003,0.309,1,0.000,0.000,0.000,0,980,0,0
2759,3.688,3.688,3.139,0.104,0.003,0.442,1,0.000,0.000,0.000,0,976,0,0
2760,3.336,3.336,2.899,0.104,0.003,0.330,1,0.000,0.000,0.000,0,976,0,0
2761,4.222,4.222,3.752,0.110,0.003,0.357,1,0.000,0.000,0.000,0,1352,0,0
2762,3.900,3.900,3.337,0.109,0.003,0.450,1,0.000,0.000,0.000,0,1528,0,0
2763,3.688,3.688,3.241,0.108,0.003,0.336,1,0.000,0.000,0.000,0,1528,0,0
2764,4.574,4.574,3.394,0.109,0.003,1.068,1,0.000,0.000,0.000,0,1528,0,0
2765,3.866,3.866,3.300,0.109,0.003,0.455,1,0.000,0.000,0.000,0,1528,0,0
2766,3.694,3.694,3.218,0.109,0.003,0.364,1,0.000,0.000,0.000,0,1528,0,0
2767,3.673,3.673,3.263,0.108,0.003,0.299,1,0.000,0.000,0.000,0,1528,0,0
2768,3.646,3.646,3.307,0.109,0.003,0.227,1,0.000,0.000,0.000,0,1528,0,0
2769,3.539,3.539,3.206,0.108,0.003,0.222,1,0.000,0.000,0.000,0,1528,0,0
2770,3.517,3.517,3.209,0.108,0.003,0.198,1,0.000,0.000,0.000,0,1528,0,0
2771,3.505,3.505,3.199,0.108,0.003,0.194,1,0.000,0.000,0.000,0,1528,0,0
2772,3.419,3.419,3.159,0.109,0.003,0.148,1,0.000,0.000,0.000,0,1528,0,0
2773,4.459,4.459,4.136,0.109,0.003,0.211,1,0.000,0.000,0.000,0,1528,0,0
2774,4.095,4.095,3.782,0.119,0.006,0.187,1,0.000,0.000,0.000,0,1528,0,0
2775,3.685,3.685,3.432,0.109,0.004,0.140,1,0.000,0.000,0.000,0,1528,0,0
2776,3.491,3.491,3.250,0.108,0.003,0.130,1,0.000,0.000,0.000,0,1528,0,0
2777,3.455,3.455,3.182,0.108,0.003,0.163,1,0.000,0.000,0.000,0,1528,0,0
2778,3.357,3.357,3.131,0.108,0.003,0.115,1,0.000,0.000,0.000,0,1528,0,0
2779,3.385,3.385,3.158,0.110,0.003,0.115,1,0.000,0.000,0.000,0,1528,0,0
2780,3.395,3.395,3.133,0.108,0.003,0.150,1,0.000,0.000,0.000,0,1528,0,0
2781,3.330,3.330,3.105,0.108,0.003,0.114,1,0.000,0.000,0.000,0,1528,0,0
2782,3.355,3.355,3.128,0.109,0.003,0.114,1,0.000,0.000,0.000,0,1528,0,0
2783,4.243,4.243,4.003,0.109,0.004,0.127,1,0.000,0.000,0.000,0,1528,0,0
2784,3.731,3.731,3.481,0.109,0.003,0.138,1,0.000,0.000,0.000,0,1528,0,0
2785,3.423,3.423,3.203,0.108,0.003,0.109,1,0.000,0.000,0.000,0,1528,0,0
2786,3.445,3.445,3.160,0.141,0.003,0.141,1,0.000,0.000,0.000,0,1528,1,0
2787,3.338,3.338,3.120,0.108,0.003,0.107,1,0.000,0.000,0.000,0,1528,0,0
2788,3.333,3.333,3.115,0.108,0.003,0.107,1,0.000,0.000,0.000,0,1528,0,0
2789,3.373,3.373,3.120,0.110,0.003,0.141,1,0.000,0.000,0.000,0,1528,0,0
2790,3.336,3.336,3.117,0.109,0.003,0.107,1,0.000,0.000,0.000,0,1528,0,0
2791,3.574,3.574,3.362,0.108,0.003,0.100,1,0.000,0.000,0.000,0,1528,0,0
2792,3.457,3.457,3.188,0.107,0.003,0.159,1,0.000,0.000,0.000,0,1528,0,0
2793,3.314,3.314,3.115,0.109,0.003,0.087,1,0.000,0.000,0.000,0,1528,0,0
2794,4.212,4.212,4.008,0.113,0.006,0.085,1,0.000,0.000,0.000,0,1528,0,0
2795,3.766,3.766,3.549,0.109,0.004,0.104,1,0.000,0.000,0.000,0,1528,0,0
2796,3.373,3.373,3.172,0.121,0.003,0.077,1,0.000,0.000,0.000,0,1528,0,0
2797,3.306,3.306,3.116,0.110,0.003,0.078,1,0.000,0.000,0.000,0,1528,0,0
2798,3.349,3.349,3.136,0.110,0.003,0.100,1,0.000,0.000,0.000,0,1528,0,0
2799,3.532,3.532,3.324,0.108,0.003,0.097,1,0.000,0.000,0.000,0,1528,0,0
2800,3.373,3.373,3.135,0.109,0.003,0.126,1,0.000,0.000,0.000,0,1528,0,0
2801,3.327,3.327,3.124,0.108,0.003,0.092,1,0.000,0.000,0.000,0,1528,0,0
2802,3.964,3.964,3.758,0.112,0.004,0.091,1,0.000,0.000,0.000,0,1528,0,0
2803,3.972,3.972,3.722,0.120,0.005,0.124,1,0.000,0.000,0.000,0,1528,0,0
2804,3.531,3.531,3.325,0.111,0.004,0.091,1,0.000,0.000,0.000,0,1528,0,0
2805,3.325,3.325,3.138,0.109,0.003,0.075,1,0.000,0.000,0.000,0,1528,0,0
2806,3.419,3.419,3.231,0.109,0.003,0.076,1,0.000,0.000,0.000,0,1528,0,0
2807,3.311,3.311,3.120,0.111,0.003,0.078,1,0.000,0.000,0.000,0,1528,0,0
2808,3.272,3.272,3.101,0.109,0.003,0.059,1,0.000,0.000,0.000,0,1528,0,0
2809,3.923,3.923,3.717,0.117,0.006,0.083,1,0.000,0.000,0.000,0,1528,0,0
2810,3.592,3.592,3.413,0.110,0.004,0.066,1,0.000,0.000,0.000,0,1528,0,0
2811,3.332,3.332,3.160,0.110,0.003,0.059,1,0.000,0.000,0.000,0,1528,0,0
2812,3.341,3.341,3.153,0.109,0.003,0.077,1,0.000,0.000,0.000,0,1528,0,0
2813,3.413,3.413,3.242,0.109,0.003,0.059,1,0.000,0.000,0.000,0,1528,0,0
2814,3.665,3.665,3.397,0.109,0.003,0.156,1,0.000,0.000,0.000,0,1528,0,0
2815,3.482,3.482,3.204,0.110,0.003,0.165,1,0.000,0.000,0.000,0,1528,0,0
2816,3.367,3.367,3.142,0.109,0.003,0.112,1,0.000,0.000,0.000,0,1528,0,0
2817,3.325,3.325,3.102,0.108,0.003,0.111,1,0.000,0.000,0.000,0,1528,0,0
2818,4.024,4.024,3.690,0.179,0.004,0.151,1,0.000,0.000,0.000,0,1528,0,0
2819,3.649,3.649,3.421,0.111,0.003,0.114,1,0.000,0.000,0.000,0,1528,0,0
2820,3.390,3.390,3.167,0.109,0.003,0.111,1,0.000,0.000,0.000,0,1528,0,0
2821,3.466,3.466,3.217,0.109,0.003,0.137,1,0.000,0.000,0.000,0,1528,0,0
2822,3.448,3.448,3.216,0.109,0.003,0.120,1,0.000,0.000,0.000,0,1528,0,0
2823,3.387,3.387,3.196,0.109,0.003,0.080,1,0.000,0.000,0.000,0,1528,0,0
2824,3.369,3.369,3.154,0.108,0.003,0.105,1,0.000,0.000,0.000,0,1528,0,0
2825,3.708,3.708,3.496,0.113,0.006,0.093,1,0.000,0.000,0.000,0,1528,0,0
2826,3.204,3.204,2.985,0.104,0.003,0.112,1,0.000,0.000,0.000,0,696,0,0
2827,3.027,3.027,2.772,0.103,0.003,0.149,1,0.000,0.000,0.000,0,696,0,0
2828,3.014,3.014,2.793,0.102,0.002,0.116,1,0.000,0.000,0.000,0,696,0,0
2829,3.048,3.048,2.796,0.102,0.003,0.148,1,0.000,0.000,0.000,0,696,0,0
2830,3.164,3.164,2.768,0.103,0.003,0.291,1,0.000,0.000,0.000,0,696,0,0
2831,4.582,4.582,4.254,0.107,0.005,0.217,1,0.000,0.000,0.000,0,696,0,0
2832,3.554,3.554,3.218,0.104,0.005,0.227,1,0.000,0.000,0.000,0,696,0,0
2833,3.195,3.195,2.818,0.103,0.003,0.271,1,0.000,0.000,0.000,0,696,0,0
2834,3.057,3.057,2.744,0.104,0.003,0.206,1,0.000,0.000,0.000,0,696,0,0
2835,3.069,3.069,2.755,0.102,0.003,0.209,1,0.000,0.000,0.000,0,696,0,0
2836,3.109,3.109,2.734,0.102,0.003,0.270,1,0.000,0.000,0.000,0,696,0,0
2837,3.190,3.190,2.892,0.104,0.003,0.192,1,0.000,0.000,0.000,0,696,0,0
2838,3.038,3.038,2.735,0.102,0.003,0.199,1,0.000,0.000,0.000,0,696,0,0
2839,3.093,3.093,2.733,0.103,0.002,0.253,1,0.000,0.000,0.000,0,696,0,0
2840,3.028,3.028,2.732,0.103,0.003,0.189,1,0.000,0.000,0.000,0,696,0,0
2841,3.001,3.001,2.707,0.103,0.002,0.189,1,0.000,0.000,0.000,0,696,0,0
2842,3.074,3.074,2.720,0.102,0.003,0.250,1,0.000,0.000,0.000,0,696,0,0
2843,3.015,3.015,2.720,0.103,0.003,0.190,1,0.000,0.000,0.000,0,696,0,0
2844,3.023,3.023,2.729,0.103,0.003,0.188,1,0.000,0.000,0.000,0,692,0,0
2845,3.302,3.302,2.927,0.102,0.003,0.270,1,0.000,0.000,0.000,0,692,0,0
2846,2.997,2.997,2.725,0.102,0.003,0.166,1,0.000,0.000,0.000,0,692,0,0
2847,2.980,2.980,2.710,0.102,0.003,0.165,1,0.000,0.000,0.000,0,692,0,0
2848,3.089,3.089,2.765,0.102,0.003,0.219,1,0.000,0.000,0.000,0,692,0,0
2849,2.994,2.994,2.706,0.102,0.003,0.184,1,0.000,0.000,0.000,0,692,0,0
2850,2.980,2.980,2.695,0.102,0.003,0.181,1,0.000,0.000,0.000,0,692,0,0
2851,3.093,3.093,2.750,0.102,0.003,0.238,1,0.000,0.000,0.000,0,692,0,0
2852,4.513,4.513,4.198,0.106,0.006,0.203,1,0.000,0.000,0.000,0,692,0,0
2853,3.273,3.273,2.973,0.103,0.004,0.193,1,0.000,0.000,0.000,0,692,0,0
2854,3.078,3.078,2.754,0.102,0.003,0.220,1,0.000,0.000,0.000,0,692,0,0
2855,3.003,3.003,2.728,0.103,0.003,0.169,1,0.000,0.000,0.000,0,692,0,0
2856,2.971,2.971,2.698,0.101,0.003,0.169,1,0.000,0.000,0.000,0,692,0,0
2857,3.157,3.157,2.762,0.101,0.003,0.291,1,0.000,0.000,0.000,0,692,0,0
2858,3.007,3.007,2.728,0.103,0.003,0.173,1,0.000,0.000,0.000,0,692,0,0
2859,2.974,2.974,2.702,0.102,0.003,0.167,1,0.000,0.000,0.000,0,692,0,0
2860,3.127,3.127,2.794,0.103,0.003,0.228,1,0.000,0.000,0.000,0,692,0,0
2861,3.019,3.019,2.733,0.101,0.003,0.182,1,0.000,0.000,0.000,0,692,0,0
2862,2.994,2.994,2.706,0.103,0.003,0.183,1,0.000,0.000,0.000,0,692,0,0
2863,3.061,3.061,2.717,0.101,0.003,0.240,1,0.000,0.000,0.000,0,692,0,0
2864,3.057,3.057,2.737,0.130,0.003,0.188,1,0.000,0.000,0.000,0,692,1,0
2865,2.994,2.994,2.705,0.102,0.003,0.184,1,0.000,0.000,0.000,0,692,0,0
2866,3.611,3.611,3.229,0.111,0.006,0.264,1,0.000,0.000,0.000,0,692,0,0
2867,3.448,3.448,3.145,0.104,0.004,0.195,1,0.000,0.000,0.000,0,692,0,0
2868,3.066,3.066,2.774,0.103,0.003,0.186,1,0.000,0.000,0.000,0,692,0,0
2869,3.083,3.083,2.757,0.103,0.003,0.220,1,0.000,0.000,0.000,0,692,0,0
2870,3.018,3.018,2.745,0.103,0.003,0.168,1,0.000,0.000,0.000,0,692,0,0
2871,2.961,2.961,2.690,0.102,0.002,0.167,1,0.000,0.000,0.000,0,692,0,0
2872,3.039,3.039,2.714,0.103,0.003,0.219,1,0.000,0.000,0.000,0,692,0,0
2873,3.513,3.513,3.220,0.106,0.004,0.183,1,0.000,0.000,0.000,0,692,0,0
2874,4.118,4.118,3.834,0.104,0.004,0.175,1,0.000,0.000,0.000,0,692,0,0
2875,3.531,3.531,3.173,0.104,0.003,0.251,1,0.000,0.000,0.000,0,692,0,0
2876,3.459,3.459,3.119,0.104,0.004,0.232,1,0.000,0.000,0.000,0,692,0,0
2877,4.053,4.053,3.708,0.111,0.005,0.230,1,0.000,0.000,0.000,0,692,0,0
2878,3.483,3.483,3.085,0.102,0.003,0.292,1,0.000,0.000,0.000,0,692,0,0
2879,4.040,4.040,3.551,0.107,0.005,0.377,1,0.000,0.000,0.000,0,692,0,0
2880,3.821,3.821,3.493,0.106,0.005,0.218,1,0.000,0.000,0.000,0,692,0,0
2881,4.238,4.238,3.847,0.106,0.003,0.282,1,0.000,0.000,0.000,0,692,0,0
2882,3.971,3.971,3.646,0.103,0.004,0.217,1,0.000,0.000,0.000,0,692,0,0
2883,4.296,4.296,3.929,0.105,0.005,0.256,1,0.000,0.000,0.000,0,692,0,0
2884,3.600,3.600,3.198,0.104,0.004,0.294,1,0.000,0.000,0.000,0,692,0,0
2885,3.353,3.353,3.011,0.103,0.004,0.235,1,0.000,0.000,0.000,0,692,0,0
2886,3.901,3.901,3.590,0.104,0.003,0.204,1,0.000,0.000,0.000,0,692,0,0
2887,3.663,3.663,3.241,0.104,0.004,0.315,1,0.000,0.000,0.000,0,692,0,0
2888,3.097,3.097,2.802,0.102,0.003,0.190,1,0.000,0.000,0.000,0,692,0,0
2889,3.035,3.035,2.778,0.104,0.003,0.150,1,0.000,0.000,0.000,0,692,0,0
2890,3.086,3.086,2.806,0.101,0.003,0.176,1,0.000,0.000,0.000,0,692,0,0
2891,3.124,3.124,2.829,0.103,0.003,0.190,1,0.000,0.000,0.000,0,692,0,0
2892,2.969,2.969,2.697,0.102,0.003,0.168,1,0.000,0.000,0.000,0,692,0,0
2893,3.261,3.261,2.936,0.103,0.003,0.219,1,0.000,0.000,0.000,0,692,0,0
2894,3.684,3.684,3.404,0.105,0.004,0.171,1,0.000,0.000,0.000,0,692,0,0
2895,4.492,4.492,4.215,0.108,0.003,0.165,1,0.000,0.000,0.000,0,692,0,0
2896,3.746,3.746,3.450,0.103,0.004,0.190,1,0.000,0.000,0.000,0,692,0,0
2897,3.683,3.683,3.416,0.104,0.005,0.158,1,0.000,0.000,0.000,0,692,0,0
2898,3.188,3.188,2.918,0.120,0.003,0.147,1,0.000,0.000,0.000,0,692,0,0
2899,3.125,3.125,2.833,0.105,0.003,0.183,1,0.000,0.000,0.000,0,692,0,0
2900,3.184,3.184,2.941,0.104,0.003,0.136,1,0.000,0.000,0.000,0,692,0,0
2901,4.318,4.318,4.033,0.103,0.004,0.178,1,0.000,0.000,0.000,0,692,0,0
2902,2.997,2.997,2.759,0.102,0.003,0.133,1,0.000,0.000,0.000,0,692,0,0
2903,2.977,2.977,2.739,0.104,0.002,0.132,1,0.000,0.000,0.000,0,692,0,0
2904,3.710,3.710,3.409,0.111,0.007,0.184,1,0.000,0.000,0.000,0,692,0,0
2905,3.277,3.277,3.042,0.103,0.004,0.129,1,0.000,0.000,0.000,0,692,0,0
2906,3.122,3.122,2.827,0.102,0.002,0.190,1,0.000,0.000,0.000,0,692,0,0
2907,3.066,3.066,2.746,0.103,0.003,0.214,1,0.000,0.000,0.000,0,692,0,0
2908,3.631,3.631,3.357,0.106,0.005,0.164,1,0.000,0.000,0.000,0,692,0,0
2909,3.266,3.266,3.012,0.104,0.003,0.148,1,0.000,0.000,0.000,0,692,0,0
2910,4.820,4.820,4.493,0.103,0.004,0.221,1,0.000,0.000,0.000,0,692,0,0
2911,4.038,4.038,3.750,0.105,0.007,0.176,1,0.000,0.000,0.000,0,692,0,0
2912,3.140,3.140,2.873,0.102,0.003,0.162,1,0.000,0.000,0.000,0,692,0,0
2913,4.041,4.041,3.726,0.106,0.004,0.205,1,0.000,0.000,0.000,0,692,0,0
2914,3.263,3.263,2.990,0.104,0.004,0.165,1,0.000,0.000,0.000,0,692,0,0
2915,2.988,2.988,2.754,0.102,0.003,0.129,1,0.000,0.000,0.000,0,692,0,0
2916,3.130,3.130,2.856,0.102,0.003,0.169,1,0.000,0.000,0.000,0,692,0,0
2917,2.958,2.958,2.722,0.105,0.003,0.129,1,0.000,0.000,0.000,0,700,0,0
2918,2.947,2.947,2.710,0.105,0.003,0.129,1,0.000,0.000,0.000,0,700,0,0
2919,3.135,3.135,2.792,0.104,0.002,0.236,1,0.000,0.000,0.000,0,700,0,0
2920,3.424,3.424,3.180,0.107,0.003,0.135,1,0.000,0.000,0.000,0,700,0,0
2921,3.907,3.907,3.638,0.107,0.004,0.158,1,0.000,0.000,0.000,0,700,0,0
2922,3.179,3.179,2.873,0.106,0.003,0.197,1,0.000,0.000,0.000,0,700,0,0
2923,3.102,3.102,2.828,0.127,0.003,0.144,1,0.000,0.000,0.000,0,700,0,0
2924,2.960,2.960,2.709,0.104,0.003,0.143,1,0.000,0.000,0.000,0,700,0,0
2925,3.026,3.026,2.731,0.104,0.003,0.188,1,0.000,0.000,0.000,0,700,0,0
2926,2.976,2.976,2.725,0.104,0.003,0.144,1,0.000,0.000,0.000,0,700,0,0
2927,2.922,2.922,2.689,0.104,0.003,0.126,1,0.000,0.000,0.000,0,700,0,0
2928,3.029,3.029,2.757,0.105,0.003,0.166,1,0.000,0.000,0.000,0,700,0,0
2929,2.952,2.952,2.716,0.104,0.003,0.129,1,0.000,0.000,0.000,0,700,0,0
2930,2.909,2.909,2.692,0.104,0.003,0.110,1,0.000,0.000,0.000,0,700,0,0
2931,2.954,2.954,2.702,0.104,0.003,0.146,1,0.000,0.000,0.000,0,700,0,0
2932,2.912,2.912,2.694,0.104,0.003,0.111,1,0.000,0.000,0.000,0,700,0,0
2933,2.903,2.903,2.684,0.104,0.002,0.112,1,0.000,0.000,0.000,0,700,0,0
2934,2.986,2.986,2.731,0.106,0.003,0.147,1,0.000,0.000,0.000,0,700,0,0
2935,2.913,2.913,2.694,0.104,0.003,0.111,1,0.000,0.000,0.000,0,700,0,0
2936,3.052,3.052,2.819,0.105,0.002,0.126,1,0.000,0.000,0.000,0,700,0,0
2937,3.083,3.083,2.747,0.104,0.003,0.229,1,0.000,0.000,0.000,0,700,0,0
2938,2.972,2.972,2.701,0.104,0.002,0.164,1,0.000,0.000,0.000,0,700,0,0
2939,3.473,3.473,3.202,0.105,0.003,0.163,1,0.000,0.000,0.000,0,700,0,0
2940,3.983,3.983,3.659,0.114,0.003,0.207,1,0.000,0.000,0.000,0,700,0,0
2941,4.782,4.782,4.513,0.105,0.003,0.161,1,0.000,0.000,0.000,0,700,0,0
2942,3.673,3.673,3.406,0.105,0.003,0.159,1,0.000,0.000,0.000,0,700,0,0
2943,3.868,3.868,3.561,0.108,0.003,0.196,1,0.000,0.000,0.000,0,700,0,0
2944,3.482,3.482,3.214,0.105,0.004,0.159,1,0.000,0.000,0.000,0,700,0,0
2945,3.638,3.638,3.421,0.106,0.003,0.108,1,0.000,0.000,0.000,0,700,0,0
2946,3.543,3.543,3.268,0.105,0.006,0.163,1,0.000,0.000,0.000,0,700,0,0
2947,3.052,3.052,2.831,0.105,0.003,0.113,1,0.000,0.000,0.000,0,700,0,0
2948,3.526,3.526,3.284,0.106,0.003,0.133,1,0.000,0.000,0.000,0,700,0,0
2949,3.454,3.454,3.186,0.106,0.005,0.156,1,0.000,0.000,0.000,0,700,0,0
2950,2.970,2.970,2.771,0.104,0.003,0.093,1,0.000,0.000,0.000,0,700,0,0
2951,3.493,3.493,3.314,0.108,0.003,0.068,1,0.000,0.000,0.000,0,700,0,0
2952,3.941,3.941,3.430,0.105,0.004,0.402,1,0.000,0.000,0.000,0,700,0,0
2953,4.150,4.150,3.706,0.113,0.003,0.328,1,0.000,0.000,0.000,0,700,0,0
2954,5.277,5.277,4.843,0.109,0.003,0.322,1,0.000,0.000,0.000,0,700,0,0
2955,3.931,3.931,3.382,0.105,0.004,0.441,1,0.000,0.000,0.000,0,700,0,0
2956,3.943,3.943,3.474,0.106,0.005,0.357,1,0.000,0.000,0.000,0,700,0,0
2957,3.400,3.400,2.950,0.106,0.004,0.341,1,0.000,0.000,0.000,0,700,0,0
2958,3.367,3.367,2.807,0.105,0.003,0.451,1,0.000,0.000,0.000,0,700,0,0
2959,4.043,4.043,3.584,0.104,0.003,0.352,1,0.000,0.000,0.000,0,700,0,0
2960,3.602,3.602,3.089,0.105,0.003,0.405,1,0.000,0.000,0.000,0,700,0,0
2961,4.057,4.057,3.520,0.107,0.004,0.425,1,0.000,0.000,0.000,0,700,0,0
2962,3.433,3.433,3.002,0.105,0.003,0.323,1,0.000,0.000,0.000,0,700,0,0
2963,3.214,3.214,2.786,0.103,0.003,0.321,1,0.000,0.000,0.000,0,700,0,0
2964,3.282,3.282,2.749,0.103,0.003,0.426,1,0.000,0.000,0.000,0,700,0,0
2965,3.203,3.203,2.776,0.104,0.003,0.321,1,0.000,0.000,0.000,0,700,0,0
2966,3.184,3.184,2.765,0.104,0.003,0.314,1,0.000,0.000,0.000,0,700,0,0
2967,3.454,3.454,2.925,0.105,0.003,0.422,1,0.000,0.000,0.000,0,700,0,0
2968,3.204,3.204,2.792,0.105,0.003,0.305,1,0.000,0.000,0.000,0,700,0,0
2969,5.255,5.255,4.840,0.105,0.004,0.306,1,0.000,0.000,0.000,0,700,0,0
2970,4.393,4.393,3.869,0.108,0.005,0.411,1,0.000,0.000,0.000,0,700,0,0
2971,3.316,3.316,2.908,0.105,0.003,0.300,1,0.000,0.000,0.000,0,700,0,0
2972,3.208,3.208,2.803,0.104,0.003,0.298,1,0.000,0.000,0.000,0,700,0,0
2973,3.744,3.744,3.227,0.107,0.004,0.406,1,0.000,0.000,0.000,0,700,0,0
2974,3.616,3.616,3.176,0.107,0.004,0.329,1,0.000,0.000,0.000,0,700,0,0
2975,3.252,3.252,2.828,0.104,0.003,0.317,1,0.000,0.000,0.000,0,700,0,0
2976,3.341,3.341,2.835,0.105,0.003,0.399,1,0.000,0.000,0.000,0,700,0,0
2977,3.685,3.685,3.274,0.106,0.003,0.302,1,0.000,0.000,0.000,0,700,0,0
2978,3.981,3.981,3.565,0.107,0.003,0.306,1,0.000,0.000,0.000,0,700,0,0
2979,3.531,3.531,3.015,0.105,0.004,0.407,1,0.000,0.000,0.000,0,700,0,0
2980,3.808,3.808,3.390,0.106,0.004,0.308,1,0.000,0.000,0.000,0,700,0,0
2981,3.191,3.191,2.783,0.104,0.003,0.301,1,0.000,0.000,0.000,0,700,0,0
2982,3.436,3.436,2.913,0.104,0.003,0.417,1,0.000,0.000,0.000,0,700,0,0
2983,3.710,3.710,3.280,0.107,0.003,0.320,1,0.000,0.000,0.000,0,700,0,0
2984,3.230,3.230,2.804,0.104,0.003,0.318,1,0.000,0.000,0.000,0,700,0,0
2985,3.293,3.293,2.764,0.104,0.003,0.421,1,0.000,0.000,0.000,0,700,0,0
2986,3.192,3.192,2.767,0.104,0.003,0.318,1,0.000,0.000,0.000,0,700,0,0
2987,4.258,4.258,3.808,0.105,0.009,0.336,1,0.000,0.000,0.000,0,700,0,0
2988,3.383,3.383,2.841,0.104,0.004,0.434,1,0.000,0.000,0.000,0,700,0,0
2989,3.246,3.246,2.831,0.104,0.003,0.307,1,0.000,0.000,0.000,0,700,0,0
2990,4.355,4.355,3.822,0.138,0.004,0.390,1,0.000,0.000,0.000,0,704,1,0
2991,3.422,3.422,2.889,0.106,0.003,0.424,1,0.000,0.000,0.000,0,704,0,0
2992,3.182,3.182,2.773,0.106,0.003,0.300,1,0.000,0.000,0.000,0,704,0,0
2993,3.728,3.728,3.308,0.108,0.004,0.308,1,0.000,0.000,0.000,0,704,0,0
2994,3.515,3.515,2.995,0.106,0.004,0.410,1,0.000,0.000,0.000,0,704,0,0
2995,3.237,3.237,2.826,0.105,0.003,0.303,1,0.000,0.000,0.000,0,704,0,0
2996,3.741,3.741,3.323,0.113,0.003,0.302,1,0.000,0.000,0.000,0,704,0,0
2997,4.536,4.536,4.009,0.106,0.003,0.418,1,0.000,0.000,0.000,0,704,0,0
2998,3.252,3.252,2.786,0.105,0.003,0.358,1,0.000,0.000,0.000,0,704,0,0
2999,3.897,3.897,3.315,0.107,0.003,0.472,1,0.000,0.000,0.000,0,704,0,0
3000,3.242,3.242,2.781,0.105,0.003,0.353,1,0.000,0.000,0.000,0,704,0,0
3001,3.228,3.228,2.767,0.105,0.003,0.353,1,0.000,0.000,0.000,0,704,0,0
3002,3.341,3.341,2.765,0.105,0.003,0.468,1,0.000,0.000,0.000,0,704,0,0
3003,3.362,3.362,2.899,0.105,0.003,0.355,1,0.000,0.000,0.000,0,704,0,0
3004,3.192,3.192,2.730,0.105,0.003,0.353,1,0.000,0.000,0.000,0,704,0,0
3005,3.620,3.620,3.012,0.106,0.003,0.499,1,0.000,0.000,0.000,0,704,0,0
3006,4.357,4.357,3.879,0.114,0.005,0.359,1,0.000,0.000,0.000,0,704,0,0
3007,3.512,3.512,3.005,0.106,0.003,0.397,1,0.000,0.000,0.000,0,704,0,0
3008,3.587,3.587,2.963,0.107,0.003,0.514,1,0.000,0.000,0.000,0,728,0,0
3009,3.690,3.690,3.187,0.106,0.003,0.394,1,0.000,0.000,0.000,0,752,0,0
3010,4.503,4.503,3.977,0.105,0.003,0.418,1,0.000,0.000,0.000,0,776,0,0
3011,3.704,3.704,3.032,0.106,0.003,0.563,1,0.000,0.000,0.000,0,800,0,0
3012,4.353,4.353,3.846,0.112,0.005,0.390,1,0.000,0.000,0.000,0,824,0,0
3013,4.329,4.329,3.844,0.109,0.004,0.373,1,0.000,0.000,0.000,0,848,0,0
3014,3.693,3.693,3.137,0.106,0.003,0.447,1,0.000,0.000,0.000,0,872,0,0
3015,4.081,4.081,3.624,0.107,0.004,0.346,1,0.000,0.000,0.000,0,896,0,0
3016,3.447,3.447,3.034,0.106,0.003,0.305,1,0.000,0.000,0.000,0,920,0,0
3017,3.528,3.528,3.018,0.107,0.003,0.401,1,0.000,0.000,0.000,0,944,0,0
3018,4.224,4.224,3.803,0.108,0.005,0.309,1,0.000,0.000,0.000,0,968,0,0
3019,3.614,3.614,3.210,0.108,0.004,0.292,1,0.000,0.000,0.000,0,992,0,0
3020,3.560,3.560,3.139,0.106,0.003,0.312,1,0.000,0.000,0.000,0,1016,0,0
3021,4.114,4.114,3.769,0.108,0.003,0.234,1,0.000,0.000,0.000,0,1040,0,0
3022,3.418,3.418,3.078,0.105,0.003,0.232,1,0.000,0.000,0.000,0,1064,0,0
3023,4.230,4.230,3.811,0.107,0.004,0.308,1,0.000,0.000,0.000,0,1080,0,0
3024,5.212,5.212,4.852,0.117,0.003,0.240,1,0.000,0.000,0.000,0,1456,0,0
3025,3.930,3.930,3.527,0.111,0.006,0.286,1,0.000,0.000,0.000,0,1456,0,0
3026,3.821,3.821,3.357,0.112,0.003,0.349,1,0.000,0.000,0.000,0,1456,0,0
3027,3.719,3.719,3.361,0.110,0.004,0.245,1,0.000,0.000,0.000,0,1456,0,0
3028,3.725,3.725,3.315,0.111,0.003,0.296,1,0.000,0.000,0.000,0,1456,0,0
3029,4.460,4.460,3.995,0.124,0.004,0.337,1,0.000,0.000,0.000,0,1456,0,0
3030,4.737,4.737,4.365,0.111,0.004,0.257,1,0.000,0.000,0.000,0,1456,0,0
3031,4.140,4.140,3.759,0.119,0.004,0.258,1,0.000,0.000,0.000,0,1456,0,0
3032,3.914,3.914,3.458,0.112,0.004,0.340,1,0.000,0.000,0.000,0,1456,0,0
3033,4.429,4.429,3.833,0.302,0.004,0.290,1,0.000,0.000,0.000,0,1456,0,0
3034,3.912,3.912,3.517,0.112,0.003,0.281,1,0.000,0.000,0.000,0,1456,0,0
3035,6.030,6.030,5.498,0.115,0.005,0.412,1,0.000,0.000,0.000,0,1456,0,0
3036,3.827,3.827,3.425,0.110,0.003,0.289,1,0.000,0.000,0.000,0,1456,0,0
3037,4.588,4.588,4.188,0.118,0.004,0.278,1,0.000,0.000,0.000,0,1456,0,0
3038,3.977,3.977,3.484,0.112,0.004,0.377,1,0.000,0.000,0.000,0,1456,0,0
3039,4.673,4.673,4.277,0.114,0.003,0.279,1,0.000,0.000,0.000,0,1456,0,0
3040,3.850,3.850,3.446,0.113,0.004,0.287,1,0.000,0.000,0.000,0,1456,0,0
3041,3.693,3.693,3.217,0.110,0.003,0.363,1,0.000,0.000,0.000,0,1456,0,0
3042,3.643,3.643,3.249,0.111,0.003,0.279,1,0.000,0.000,0.000,0,1456,0,0
3043,3.692,3.692,3.278,0.110,0.003,0.301,1,0.000,0.000,0.000,0,1456,0,0
3044,3.679,3.679,3.175,0.110,0.003,0.392,1,0.000,0.000,0.000,0,1456,0,0
3045,4.059,4.059,3.623,0.133,0.005,0.299,1,0.000,0.000,0.000,0,1456,0,0
3046,4.078,4.078,3.679,0.114,0.003,0.282,1,0.000,0.000,0.000,0,1456,0,0
3047,5.291,5.291,4.810,0.111,0.003,0.367,1,0.000,0.000,0.000,0,1456,0,0
3048,4.285,4.285,3.867,0.113,0.006,0.298,1,0.000,0.000,0.000,0,1456,0,0
3049,4.310,4.310,3.924,0.112,0.004,0.269,1,0.000,0.000,0.000,0,1456,0,0
3050,3.787,3.787,3.337,0.125,0.003,0.321,1,0.000,0.000,0.000,0,1456,0,0
3051,3.518,3.518,3.178,0.111,0.004,0.226,1,0.000,0.000,0.000,0,1456,0,0
3052,4.446,4.446,4.102,0.113,0.004,0.227,1,0.000,0.000,0.000,0,1456,0,0
3053,4.049,4.049,3.683,0.112,0.003,0.251,1,0.000,0.000,0.000,0,1456,0,0
3054,3.522,3.522,3.247,0.111,0.003,0.161,1,0.000,0.000,0.000,0,1456,0,0
3055,4.470,4.470,4.181,0.114,0.004,0.172,1,0.000,0.000,0.000,0,1456,0,0
3056,4.118,4.118,3.786,0.114,0.003,0.214,1,0.000,0.000,0.000,0,1456,0,0
3057,4.211,4.211,3.738,0.295,0.003,0.174,1,0.000,0.000,0.000,0,1456,0,0
3058,3.946,3.946,3.623,0.112,0.005,0.206,1,0.000,0.000,0.000,0,1456,0,0
3059,4.160,4.160,3.725,0.112,0.004,0.319,1,0.000,0.000,0.000,0,1456,0,0
3060,5.789,5.789,5.423,0.129,0.007,0.231,1,0.000,0.000,0.000,0,1456,0,0
3061,5.613,5.613,5.307,0.113,0.005,0.189,1,0.000,0.000,0.000,0,1456,0,0
3062,5.505,5.505,5.144,0.113,0.005,0.243,1,0.000,0.000,0.000,0,1456,0,0
3063,5.077,5.077,4.736,0.121,0.008,0.212,1,0.000,0.000,0.000,0,1456,0,0
3064,3.666,3.666,3.362,0.111,0.004,0.189,1,0.000,0.000,0.000,0,1456,0,0
3065,5.240,5.240,4.847,0.147,0.005,0.242,1,0.000,0.000,0.000,0,1456,1,0
3066,3.672,3.672,3.347,0.111,0.003,0.210,1,0.000,0.000,0.000,0,1456,0,0
3067,4.266,4.266,4.010,0.115,0.003,0.138,1,0.000,0.000,0.000,0,1456,0,0
3068,3.676,3.676,3.381,0.112,0.004,0.179,1,0.000,0.000,0.000,0,1456,0,0
3069,3.472,3.472,3.221,0.111,0.005,0.135,1,0.000,0.000,0.000,0,1456,0,0
3070,3.980,3.980,3.222,0.111,0.004,0.644,1,0.000,0.000,0.000,0,1456,0,0
3071,3.716,3.716,3.421,0.111,0.004,0.180,1,0.000,0.000,0.000,0,1456,0,0
3072,3.465,3.465,3.173,0.111,0.003,0.177,1,0.000,0.000,0.000,0,1456,0,0
3073,3.641,3.641,3.351,0.110,0.003,0.176,1,0.000,0.000,0.000,0,1456,0,0
3074,4.139,4.139,3.669,0.112,0.004,0.355,1,0.000,0.000,0.000,0,1456,0,0
3075,3.790,3.790,3.337,0.110,0.003,0.340,1,0.000,0.000,0.000,0,1456,0,0
3076,3.497,3.497,3.127,0.126,0.003,0.241,1,0.000,0.000,0.000,0,1456,0,0
3077,4.084,4.084,3.658,0.111,0.003,0.311,1,0.000,0.000,0.000,0,1456,0,0
3078,3.475,3.475,3.126,0.111,0.004,0.235,1,0.000,0.000,0.000,0,1456,0,0
3079,4.103,4.103,3.694,0.125,0.009,0.276,1,0.000,0.000,0.000,0,1456,0,0
3080,4.006,4.006,3.533,0.106,0.004,0.363,1,0.000,0.000,0.000,0,704,0,0
3081,3.240,3.240,2.882,0.106,0.003,0.249,1,0.000,0.000,0.000,0,704,0,0
3082,3.150,3.150,2.805,0.106,0.003,0.236,1,0.000,0.000,0.000,0,704,0,0
3083,3.243,3.243,2.818,0.105,0.003,0.317,1,0.000,0.000,0.000,0,704,0,0
3084,3.281,3.281,2.841,0.105,0.003,0.332,1,0.000,0.000,0.000,0,704,0,0
3085,3.111,3.111,2.760,0.105,0.003,0.244,1,0.000,0.000,0.000,0,704,0,0
3086,3.158,3.158,2.741,0.104,0.003,0.310,1,0.000,0.000,0.000,0,704,0,0
3087,3.141,3.141,2.795,0.105,0.003,0.238,1,0.000,0.000,0.000,0,704,0,0
3088,3.129,3.129,2.793,0.105,0.003,0.227,1,0.000,0.000,0.000,0,704,0,0
3089,3.747,3.747,3.281,0.105,0.006,0.355,1,0.000,0.000,0.000,0,704,0,0
3090,3.182,3.182,2.835,0.104,0.003,0.239,1,0.000,0.000,0.000,0,704,0,0
3091,4.300,4.300,3.874,0.110,0.003,0.313,1,0.000,0.000,0.000,0,704,0,0
3092,3.806,3.806,3.389,0.114,0.004,0.299,1,0.000,0.000,0.000,0,704,0,0
3093,3.500,3.500,3.149,0.106,0.005,0.241,1,0.000,0.000,0.000,0,704,0,0
3094,3.165,3.165,2.827,0.106,0.003,0.229,1,0.000,0.000,0.000,0,704,0,0
3095,3.176,3.176,2.769,0.105,0.003,0.299,1,0.000,0.000,0.000,0,704,0,0
3096,4.728,4.728,3.841,0.108,0.004,0.775,1,0.000,0.000,0.000,0,704,0,0
3097,3.622,3.622,3.255,0.108,0.004,0.255,1,0.000,0.000,0.000,0,704,0,0
3098,4.586,4.586,4.146,0.104,0.003,0.332,1,0.000,0.000,0.000,0,700,0,0
3099,4.514,4.514,4.151,0.108,0.005,0.251,1,0.000,0.000,0.000,0,704,0,0
3100,3.335,3.335,2.919,0.107,0.003,0.306,1,0.000,0.000,0.000,0,704,0,0
3101,3.146,3.146,2.807,0.105,0.003,0.231,1,0.000,0.000,0.000,0,704,0,0
3102,3.827,3.827,3.473,0.112,0.004,0.238,1,0.000,0.000,0.000,0,704,0,0
3103,3.541,3.541,3.123,0.106,0.004,0.308,1,0.000,0.000,0.000,0,704,0,0
3104,3.199,3.199,2.814,0.107,0.003,0.276,1,0.000,0.000,0.000,0,704,0,0
3105,3.391,3.391,3.028,0.109,0.004,0.251,1,0.000,0.000,0.000,0,704,0,0
3106,4.211,4.211,3.777,0.107,0.003,0.324,1,0.000,0.000,0.000,0,704,0,0
3107,3.642,3.642,3.262,0.106,0.005,0.268,1,0.000,0.000,0.000,0,704,0,0
3108,3.186,3.186,2.830,0.106,0.003,0.247,1,0.000,0.000,0.000,0,704,0,0
3109,3.240,3.240,2.806,0.106,0.003,0.326,1,0.000,0.000,0.000,0,704,0,0
3110,3.723,3.723,3.345,0.118,0.004,0.256,1,0.000,0.000,0.000,0,704,0,0
3111,4.628,4.628,4.296,0.108,0.003,0.221,1,0.000,0.000,0.000,0,704,0,0
3112,3.690,3.690,3.238,0.107,0.005,0.339,1,0.000,0.000,0.000,0,704,0,0
3113,3.196,3.196,2.853,0.106,0.003,0.235,1,0.000,0.000,0.000,0,704,0,0
3114,3.097,3.097,2.755,0.105,0.003,0.234,1,0.000,0.000,0.000,0,704,0,0
3115,3.177,3.177,2.761,0.105,0.003,0.308,1,0.000,0.000,0.000,0,704,0,0
3116,3.276,3.276,2.920,0.106,0.003,0.247,1,0.000,0.000,0.000,0,728,0,0
3117,4.167,4.167,3.793,0.109,0.005,0.260,1,0.000,0.000,0.000,0,752,0,0
3118,3.829,3.829,3.390,0.121,0.003,0.315,1,0.000,0.000,0.000,0,768,0,0
3119,4.891,4.891,4.467,0.108,0.004,0.312,1,0.000,0.000,0.000,0,792,0,0
3120,3.960,3.960,3.542,0.107,0.005,0.305,1,0.000,0.000,0.000,0,816,0,0
3121,3.639,3.639,3.125,0.106,0.004,0.404,1,0.000,0.000,0.000,0,840,0,0
3122,3.361,3.361,2.946,0.107,0.003,0.306,1,0.000,0.000,0.000,0,864,0,0
3123,3.550,3.550,3.134,0.107,0.003,0.306,1,0.000,0.000,0.000,0,888,0,0
3124,3.499,3.499,2.985,0.107,0.003,0.405,1,0.000,0.000,0.000,0,912,0,0
3125,3.353,3.353,2.941,0.107,0.003,0.303,1,0.000,0.000,0.000,0,936,0,0
3126,4.635,4.635,4.149,0.106,0.003,0.376,1,0.000,0.000,0.000,0,960,0,0
3127,3.652,3.652,3.104,0.106,0.003,0.438,1,0.000,0.000,0.000,0,984,0,0
3128,3.451,3.451,3.007,0.133,0.003,0.307,1,0.000,0.000,0.000,0,1008,0,0
3129,3.412,3.412,2.995,0.107,0.003,0.307,1,0.000,0.000,0.000,0,1032,0,0
3130,3.563,3.563,3.038,0.108,0.003,0.415,1,0.000,0.000,0.000,0,1036,0,0
3131,3.382,3.382,2.923,0.107,0.003,0.349,1,0.000,0.000,0.000,0,1036,0,0
3132,3.382,3.382,2.966,0.107,0.003,0.306,1,0.000,0.000,0.000,0,1036,0,0
3133,3.430,3.430,2.936,0.107,0.003,0.384,1,0.000,0.000,0.000,0,1036,0,0
3134,3.467,3.467,3.090,0.106,0.003,0.268,1,0.000,0.000,0.000,0,1036,0,0
3135,4.427,4.427,4.005,0.108,0.003,0.310,1,0.000,0.000,0.000,0,1036,0,0
3136,3.494,3.494,2.992,0.107,0.003,0.392,1,0.000,0.000,0.000,0,1036,0,0
3137,3.990,3.990,3.564,0.107,0.006,0.313,1,0.000,0.000,0.000,0,1036,0,0
3138,3.637,3.637,3.219,0.108,0.007,0.304,1,0.000,0.000,0.000,0,1036,0,0
3139,3.496,3.496,3.019,0.106,0.003,0.368,1,0.000,0.000,0.000,0,1036,0,0
3140,3.326,3.326,2.940,0.107,0.003,0.276,1,0.000,0.000,0.000,0,1036,0,0
3141,3.841,3.841,3.464,0.107,0.003,0.267,1,0.000,0.000,0.000,0,1036,0,0
3142,3.543,3.543,3.094,0.107,0.003,0.339,1,0.000,0.000,0.000,0,1036,0,0
3143,3.345,3.345,2.975,0.105,0.003,0.262,1,0.000,0.000,0.000,0,1032,0,0
3144,4.068,4.068,3.689,0.108,0.003,0.268,1,0.000,0.000,0.000,0,1032,0,0
3145,3.525,3.525,3.067,0.105,0.003,0.349,1,0.000,0.000,0.000,0,1032,0,0
3146,4.627,4.627,4.195,0.129,0.005,0.298,1,0.000,0.000,0.000,0,1416,0,0
3147,4.469,4.469,4.048,0.113,0.005,0.304,1,0.000,0.000,0.000,0,1520,0,0
3148,3.816,3.816,3.320,0.113,0.004,0.380,1,0.000,0.000,0.000,0,1520,0,0
3149,4.538,4.538,4.127,0.139,0.004,0.269,1,0.000,0.000,0.000,0,1520,0,0
3150,4.083,4.083,3.615,0.114,0.004,0.350,1,0.000,0.000,0.000,0,1520,0,0
3151,3.986,3.986,3.488,0.112,0.004,0.383,1,0.000,0.000,0.000,0,1520,0,0
3152,4.739,4.739,4.341,0.122,0.004,0.271,1,0.000,0.000,0.000,0,1520,0,0
3153,4.417,4.417,4.010,0.112,0.004,0.291,1,0.000,0.000,0.000,0,1520,0,0
3154,4.030,4.030,3.536,0.141,0.003,0.350,1,0.000,0.000,0.000,0,1520,1,0
3155,3.675,3.675,3.296,0.112,0.003,0.264,1,0.000,0.000,0.000,0,1520,0,0
3156,3.643,3.643,3.265,0.112,0.003,0.263,1,0.000,0.000,0.000,0,1520,0,0
3157,3.867,3.867,3.381,0.113,0.003,0.370,1,0.000,0.000,0.000,0,1520,0,0
3158,3.649,3.649,3.295,0.111,0.003,0.239,1,0.000,0.000,0.000,0,1520,0,0
3159,3.595,3.595,3.246,0.112,0.003,0.234,1,0.000,0.000,0.000,0,1520,0,0
3160,3.634,3.634,3.205,0.112,0.003,0.314,1,0.000,0.000,0.000,0,1520,0,0
3161,3.639,3.639,3.258,0.111,0.003,0.267,1,0.000,0.000,0.000,0,1520,0,0
3162,3.558,3.558,3.158,0.111,0.003,0.286,1,0.000,0.000,0.000,0,1520,0,0
3163,4.391,4.391,3.896,0.123,0.005,0.367,1,0.000,0.000,0.000,0,1520,0,0
3164,4.570,4.570,4.205,0.122,0.003,0.240,1,0.000,0.000,0.000,0,1520,0,0
3165,4.096,4.096,3.691,0.114,0.005,0.286,1,0.000,0.000,0.000,0,1520,0,0
3166,3.716,3.716,3.267,0.113,0.003,0.332,1,0.000,0.000,0.000,0,1520,0,0
3167,3.570,3.570,3.207,0.112,0.003,0.248,1,0.000,0.000,0.000,0,1520,0,0
3168,3.512,3.512,3.166,0.112,0.003,0.232,1,0.000,0.000,0.000,0,1520,0,0
3169,3.608,3.608,3.186,0.112,0.003,0.308,1,0.000,0.000,0.000,0,1520,0,0
3170,3.519,3.519,3.175,0.112,0.003,0.229,1,0.000,0.000,0.000,0,1520,0,0
3171,3.684,3.684,3.365,0.114,0.003,0.202,1,0.000,0.000,0.000,0,1520,0,0
3172,3.705,3.705,3.335,0.114,0.003,0.254,1,0.000,0.000,0.000,0,1520,0,0
3173,3.473,3.473,3.178,0.111,0.003,0.180,1,0.000,0.000,0.000,0,1520,0,0
3174,3.440,3.440,3.153,0.112,0.003,0.173,1,0.000,0.000,0.000,0,1520,0,0
3175,3.464,3.464,3.120,0.113,0.003,0.229,1,0.000,0.000,0.000,0,1520,0,0
3176,4.364,4.364,4.053,0.117,0.007,0.185,1,0.000,0.000,0.000,0,1520,0,0
3177,4.772,4.772,4.470,0.114,0.005,0.183,1,0.000,0.000,0.000,0,1520,0,0
3178,4.430,4.430,4.073,0.122,0.004,0.231,1,0.000,0.000,0.000,0,1520,0,0
3179,4.080,4.080,3.787,0.113,0.004,0.177,1,0.000,0.000,0.000,0,1520,0,0
3180,3.659,3.659,3.348,0.113,0.003,0.195,1,0.000,0.000,0.000,0,1520,0,0
3181,3.657,3.657,3.240,0.112,0.003,0.302,1,0.000,0.000,0.000,0,1520,0,0
3182,3.474,3.474,3.155,0.113,0.003,0.203,1,0.000,0.000,0.000,0,1520,0,0
3183,3.450,3.450,3.134,0.113,0.003,0.201,1,0.000,0.000,0.000,0,1520,0,0
3184,3.615,3.615,3.210,0.113,0.003,0.290,1,0.000,0.000,0.000,0,1520,0,0
3185,3.470,3.470,3.136,0.113,0.003,0.219,1,0.000,0.000,0.000,0,1520,0,0
3186,3.456,3.456,3.122,0.113,0.003,0.219,1,0.000,0.000,0.000,0,1520,0,0
3187,4.185,4.185,3.752,0.115,0.006,0.313,1,0.000,0.000,0.000,0,1520,0,0
3188,3.772,3.772,3.412,0.113,0.004,0.243,1,0.000,0.000,0.000,0,1520,0,0
3189,3.774,3.774,3.489,0.113,0.004,0.169,1,0.000,0.000,0.000,0,1520,0,0
3190,3.619,3.619,3.275,0.114,0.004,0.227,1,0.000,0.000,0.000,0,1520,0,0
3191,3.453,3.453,3.174,0.111,0.003,0.165,1,0.000,0.000,0.000,0,1520,0,0
3192,3.687,3.687,3.402,0.113,0.003,0.168,1,0.000,0.000,0.000,0,1520,0,0
3193,3.506,3.506,3.170,0.113,0.003,0.220,1,0.000,0.000,0.000,0,1520,0,0
3194,3.404,3.404,3.123,0.112,0.003,0.167,1,0.000,0.000,0.000,0,1520,0,0
3195,3.612,3.612,3.329,0.112,0.003,0.168,1,0.000,0.000,0.000,0,1520,0,0
3196,4.020,4.020,3.568,0.123,0.006,0.323,1,0.000,0.000,0.000,0,1520,0,0
3197,3.651,3.651,3.304,0.112,0.004,0.231,1,0.000,0.000,0.000,0,1520,0,0
3198,4.248,4.248,3.871,0.116,0.004,0.256,1,0.000,0.000,0.000,0,1520,0,0
3199,4.113,4.113,3.578,0.114,0.005,0.416,1,0.000,0.000,0.000,0,1520,0,0
3200,3.628,3.628,3.213,0.112,0.003,0.301,1,0.000,0.000,0.000,0,1520,0,0
3201,3.736,3.736,3.225,0.112,0.003,0.397,1,0.000,0.000,0.000,0,1520,0,0
3202,3.591,3.591,3.172,0.112,0.003,0.304,1,0.000,0.000,0.000,0,1520,0,0
3203,3.626,3.626,3.217,0.111,0.003,0.296,1,0.000,0.000,0.000,0,1520,0,0
3204,4.385,4.385,3.309,0.112,0.003,0.962,1,0.000,0.000,0.000,0,1520,0,0
3205,4.828,4.828,4.415,0.112,0.004,0.297,1,0.000,0.000,0.000,0,1520,0,0
3206,3.599,3.599,3.201,0.112,0.003,0.283,1,0.000,0.000,0.000,0,1520,0,0
3207,3.800,3.800,3.283,0.115,0.003,0.399,1,0.000,0.000,0.000,0,1528,0,0
3208,4.079,4.079,3.656,0.115,0.004,0.304,1,0.000,0.000,0.000,0,1480,0,0
3209,3.591,3.591,3.170,0.114,0.003,0.304,1,0.000,0.000,0.000,0,1480,0,0
3210,3.818,3.818,3.295,0.112,0.003,0.408,1,0.000,0.000,0.000,0,1480,0,0
3211,3.645,3.645,3.180,0.147,0.004,0.314,1,0.000,0.000,0.000,0,1480,1,0
3212,3.546,3.546,3.149,0.114,0.003,0.280,1,0.000,0.000,0.000,0,1480,0,0
3213,4.604,4.604,4.083,0.124,0.005,0.392,1,0.000,0.000,0.000,0,1480,0,0
3214,3.740,3.740,3.315,0.115,0.004,0.306,1,0.000,0.000,0.000,0,1480,0,0
3215,4.290,4.290,3.856,0.134,0.004,0.297,1,0.000,0.000,0.000,0,1480,0,0
3216,5.776,5.776,5.275,0.121,0.003,0.376,1,0.000,0.000,0.000,0,1480,0,0
3217,4.474,4.474,4.057,0.117,0.004,0.297,1,0.000,0.000,0.000,0,1480,0,0
3218,4.249,4.249,3.844,0.115,0.006,0.285,1,0.000,0.000,0.000,0,1480,0,0
3219,3.740,3.740,3.288,0.115,0.004,0.334,1,0.000,0.000,0.000,0,1480,0,0
3220,3.830,3.830,3.459,0.118,0.004,0.248,1,0.000,0.000,0.000,0,1480,0,0
3221,3.980,3.980,3.600,0.142,0.003,0.234,1,0.000,0.000,0.000,0,1480,0,0
3222,4.023,4.023,3.593,0.119,0.003,0.309,1,0.000,0.000,0.000,0,1480,0,0
3223,3.746,3.746,3.370,0.115,0.005,0.257,1,0.000,0.000,0.000,0,1480,0,0
3224,3.682,3.682,3.320,0.115,0.003,0.245,1,0.000,0.000,0.000,0,1480,0,0
3225,3.701,3.701,3.273,0.113,0.003,0.311,1,0.000,0.000,0.000,0,1480,0,0
3226,3.557,3.557,3.145,0.113,0.003,0.296,1,0.000,0.000,0.000,0,1480,0,0
3227,4.211,4.211,3.819,0.115,0.004,0.272,1,0.000,0.000,0.000,0,1480,0,0
3228,4.062,4.062,3.457,0.114,0.003,0.488,1,0.000,0.000,0.000,0,1480,0,0
3229,3.746,3.746,3.288,0.113,0.003,0.342,1,0.000,0.000,0.000,0,1480,0,0
3230,5.075,5.075,4.610,0.121,0.005,0.339,1,0.000,0.000,0.000,0,1480,0,0
3231,3.871,3.871,3.309,0.114,0.004,0.443,1,0.000,0.000,0.000,0,1480,0,0
3232,3.606,3.606,3.168,0.113,0.003,0.323,1,0.000,0.000,0.000,0,1480,0,0
3233,3.675,3.675,3.257,0.114,0.003,0.302,1,0.000,0.000,0.000,0,1480,0,0
3234,3.703,3.703,3.162,0.114,0.003,0.424,1,0.000,0.000,0.000,0,1480,0,0
3235,3.576,3.576,3.153,0.113,0.003,0.306,1,0.000,0.000,0.000,0,1480,0,0
3236,3.580,3.580,3.156,0.114,0.004,0.307,1,0.000,0.000,0.000,0,1480,0,0
3237,3.774,3.774,3.251,0.114,0.003,0.405,1,0.000,0.000,0.000,0,1480,0,0
3238,3.924,3.924,3.474,0.122,0.005,0.324,1,0.000,0.000,0.000,0,1480,0,0
3239,4.085,4.085,3.664,0.119,0.003,0.299,1,0.000,0.000,0.000,0,1480,0,0
3240,3.992,3.992,3.439,0.117,0.004,0.431,1,0.000,0.000,0.000,0,1480,0,0
3241,3.867,3.867,3.388,0.115,0.004,0.361,1,0.000,0.000,0.000,0,1480,0,0
3242,4.326,4.326,3.827,0.124,0.005,0.370,1,0.000,0.000,0.000,0,1480,0,0
3243,3.965,3.965,3.356,0.115,0.004,0.491,1,0.000,0.000,0.000,0,1480,0,0
3244,3.668,3.668,3.191,0.114,0.003,0.360,1,0.000,0.000,0.000,0,1480,0,0
3245,3.761,3.761,3.297,0.115,0.003,0.346,1,0.000,0.000,0.000,0,1480,0,0
3246,3.706,3.706,3.163,0.113,0.003,0.428,1,0.000,0.000,0.000,0,1480,0,0
3247,4.739,4.739,4.273,0.115,0.003,0.348,1,0.000,0.000,0.000,0,1480,0,0
3248,3.645,3.645,3.187,0.114,0.003,0.341,1,0.000,0.000,0.000,0,1480,0,0
3249,4.041,4.041,3.444,0.114,0.003,0.481,1,0.000,0.000,0.000,0,1480,0,0
3250,3.658,3.658,3.197,0.115,0.003,0.343,1,0.000,0.000,0.000,0,1480,0,0
3251,3.661,3.661,3.194,0.114,0.003,0.350,1,0.000,0.000,0.000,0,1480,0,0
3252,3.735,3.735,3.167,0.117,0.003,0.448,1,0.000,0.000,0.000,0,1480,0,0
3253,3.703,3.703,3.251,0.115,0.003,0.334,1,0.000,0.000,0.000,0,1480,0,0
3254,3.640,3.640,3.174,0.113,0.003,0.349,1,0.000,0.000,0.000,0,1480,0,0
3255,4.470,4.470,3.870,0.114,0.003,0.482,1,0.000,0.000,0.000,0,1480,0,0
3256,3.963,3.963,3.494,0.114,0.003,0.351,1,0.000,0.000,0.000,0,1480,0,0
3257,3.743,3.743,3.252,0.113,0.003,0.374,1,0.000,0.000,0.000,0,1480,0,0
3258,3.833,3.833,3.228,0.114,0.003,0.488,1,0.000,0.000,0.000,0,1480,0,0
3259,3.658,3.658,3.234,0.115,0.003,0.307,1,0.000,0.000,0.000,0,1480,0,0
3260,3.568,3.568,3.144,0.113,0.003,0.308,1,0.000,0.000,0.000,0,1480,0,0
3261,3.705,3.705,3.182,0.114,0.003,0.405,1,0.000,0.000,0.000,0,1480,0,0
3262,3.605,3.605,3.196,0.114,0.003,0.292,1,0.000,0.000,0.000,0,1480,0,0
3263,4.071,4.071,3.568,0.197,0.005,0.302,1,0.000,0.000,0.000,0,1480,0,0
3264,4.135,4.135,3.641,0.124,0.003,0.366,1,0.000,0.000,0.000,0,1480,0,0
3265,3.762,3.762,3.352,0.114,0.005,0.291,1,0.000,0.000,0.000,0,1480,0,0
3266,4.313,4.313,3.911,0.120,0.004,0.279,1,0.000,0.000,0.000,0,1480,0,0
3267,3.753,3.753,3.264,0.116,0.003,0.371,1,0.000,0.000,0.000,0,1480,0,0
3268,3.657,3.657,3.248,0.114,0.003,0.292,1,0.000,0.000,0.000,0,1480,0,0
3269,3.619,3.619,3.198,0.116,0.003,0.302,1,0.000,0.000,0.000,0,1480,0,0
3270,3.809,3.809,3.257,0.146,0.003,0.403,1,0.000,0.000,0.000,0,1480,1,0
3271,3.735,3.735,3.320,0.113,0.003,0.299,1,0.000,0.000,0.000,0,1480,0,0
3272,4.143,4.143,3.650,0.114,0.003,0.375,1,0.000,0.000,0.000,0,1408,0,0
3273,4.928,4.928,4.362,0.117,0.003,0.446,1,0.000,0.000,0.000,0,1536,0,0
3274,3.670,3.670,3.233,0.116,0.003,0.318,1,0.000,0.000,0.000,0,1536,0,0
3275,5.756,5.756,5.278,0.138,0.005,0.336,1,0.000,0.000,0.000,0,1536,0,0
3276,6.622,6.622,6.072,0.117,0.005,0.428,1,0.000,0.000,0.000,0,1536,0,0
3277,5.132,5.132,4.645,0.119,0.007,0.361,1,0.000,0.000,0.000,0,1536,0,0
3278,3.872,3.872,3.429,0.116,0.004,0.323,1,0.000,0.000,0.000,0,1536,0,0
3279,5.218,5.218,4.653,0.116,0.003,0.445,1,0.000,0.000,0.000,0,1536,0,0
3280,3.831,3.831,3.400,0.119,0.004,0.308,1,0.000,0.000,0.000,0,1536,0,0
3281,3.656,3.656,3.237,0.115,0.003,0.300,1,0.000,0.000,0.000,0,1536,0,0
3282,3.747,3.747,3.231,0.116,0.003,0.397,1,0.000,0.000,0.000,0,1536,0,0
3283,3.597,3.597,3.176,0.116,0.003,0.303,1,0.000,0.000,0.000,0,1536,0,0
3284,3.645,3.645,3.224,0.116,0.003,0.302,1,0.000,0.000,0.000,0,1536,0,0
3285,6.710,6.710,6.188,0.117,0.004,0.401,1,0.000,0.000,0.000,0,1536,0,0
3286,4.985,4.985,4.586,0.116,0.003,0.280,1,0.000,0.000,0.000,0,1536,0,0
3287,5.496,5.496,5.023,0.123,0.007,0.344,1,0.000,0.000,0.000,0,1536,0,0
3288,4.575,4.575,3.597,0.117,0.004,0.857,1,0.000,0.000,0.000,0,1536,0,0
3289,3.861,3.861,3.420,0.117,0.004,0.320,1,0.000,0.000,0.000,0,1536,0,0
3290,4.251,4.251,3.811,0.117,0.004,0.319,1,0.000,0.000,0.000,0,1536,0,0
3291,3.997,3.997,3.480,0.117,0.004,0.397,1,0.000,0.000,0.000,0,1536,0,0
3292,3.628,3.628,3.217,0.115,0.003,0.294,1,0.000,0.000,0.000,0,1536,0,0
3293,4.144,4.144,3.779,0.117,0.003,0.244,1,0.000,0.000,0.000,0,1536,0,0
3294,3.668,3.668,3.316,0.116,0.003,0.233,1,0.000,0.000,0.000,0,1536,0,0
3295,3.520,3.520,3.216,0.116,0.003,0.184,1,0.000,0.000,0.000,0,1536,0,0
3296,4.196,4.196,3.913,0.117,0.004,0.162,1,0.000,0.000,0.000,0,1536,0,0
3297,5.445,5.445,5.104,0.119,0.005,0.217,1,0.000,0.000,0.000,0,1536,0,0
3298,4.928,4.928,4.644,0.118,0.004,0.161,1,0.000,0.000,0.000,0,1536,0,0
3299,5.033,5.033,4.710,0.116,0.003,0.204,1,0.000,0.000,0.000,0,1536,0,0
3300,4.385,4.385,4.108,0.116,0.003,0.157,1,0.000,0.000,0.000,0,1536,0,0
3301,4.425,4.425,4.149,0.116,0.003,0.157,1,0.000,0.000,0.000,0,1536,0,0
3302,6.238,6.238,5.845,0.119,0.003,0.272,1,0.000,0.000,0.000,0,1536,0,0
3303,4.754,4.754,4.428,0.116,0.003,0.207,1,0.000,0.000,0.000,0,1536,0,0
3304,4.657,4.657,4.340,0.117,0.003,0.197,1,0.000,0.000,0.000,0,1536,0,0
3305,5.210,5.210,4.829,0.135,0.004,0.243,1,0.000,0.000,0.000,0,1536,0,0
3306,4.611,4.611,4.310,0.116,0.003,0.182,1,0.000,0.000,0.000,0,1536,0,0
3307,3.972,3.972,3.672,0.116,0.003,0.181,1,0.000,0.000,0.000,0,1536,0,0
3308,5.862,5.862,5.494,0.123,0.004,0.241,1,0.000,0.000,0.000,0,1536,0,0
3309,5.906,5.906,5.615,0.117,0.004,0.169,1,0.000,0.000,0.000,0,1536,0,0
3310,4.643,4.643,4.333,0.117,0.003,0.190,1,0.000,0.000,0.000,0,1536,0,0
3311,4.557,4.557,4.264,0.116,0.003,0.174,1,0.000,0.000,0.000,0,1536,0,0
3312,3.850,3.850,3.603,0.115,0.003,0.129,1,0.000,0.000,0.000,0,1536,0,0
3313,4.315,4.315,4.035,0.119,0.006,0.155,1,0.000,0.000,0.000,0,1536,0,0
3314,3.671,3.671,3.375,0.117,0.003,0.176,1,0.000,0.000,0.000,0,1536,0,0
3315,3.986,3.986,3.232,0.116,0.003,0.634,1,0.000,0.000,0.000,0,1536,0,0
3316,3.517,3.517,3.259,0.116,0.003,0.138,1,0.000,0.000,0.000,0,1536,0,0
3317,3.745,3.745,3.407,0.116,0.003,0.219,1,0.000,0.000,0.000,0,1536,0,0
3318,3.525,3.525,3.228,0.115,0.003,0.179,1,0.000,0.000,0.000,0,1536,0,0
3319,5.356,5.356,4.940,0.116,0.004,0.297,1,0.000,0.000,0.000,0,1536,0,0
3320,4.369,4.369,4.014,0.118,0.004,0.233,1,0.000,0.000,0.000,0,1536,0,0
3321,4.771,4.771,4.463,0.118,0.005,0.185,1,0.000,0.000,0.000,0,1536,0,0
3322,3.628,3.628,3.311,0.115,0.003,0.198,1,0.000,0.000,0.000,0,1536,0,0
3323,3.591,3.591,3.246,0.115,0.003,0.227,1,0.000,0.000,0.000,0,1536,0,0
3324,4.047,4.047,3.761,0.118,0.004,0.164,1,0.000,0.000,0.000,0,1536,0,0
3325,3.623,3.623,3.332,0.116,0.003,0.172,1,0.000,0.000,0.000,0,1536,0,0
3326,3.563,3.563,3.239,0.116,0.003,0.205,1,0.000,0.000,0.000,0,1536,0,0
3327,4.769,4.769,4.009,0.592,0.004,0.164,1,0.000,0.000,0.000,0,1536,1,0
3328,3.566,3.566,3.287,0.115,0.003,0.161,1,0.000,0.000,0.000,0,1536,0,0
3329,3.536,3.536,3.210,0.116,0.003,0.207,1,0.000,0.000,0.000,0,1536,0,0
3330,4.022,4.022,3.733,0.127,0.003,0.159,1,0.000,0.000,0.000,0,1536,0,0
3331,3.526,3.526,3.251,0.116,0.003,0.156,1,0.000,0.000,0.000,0,1536,0,0
3332,3.701,3.701,3.361,0.115,0.003,0.222,1,0.000,0.000,0.000,0,1536,0,0
3333,5.580,5.580,5.267,0.119,0.004,0.190,1,0.000,0.000,0.000,0,1536,0,0
3334,3.566,3.566,3.304,0.114,0.003,0.144,1,0.000,0.000,0.000,0,1536,0,0
3335,3.656,3.656,3.334,0.117,0.003,0.203,1,0.000,0.000,0.000,0,1544,0,0
3336,6.961,6.961,6.669,0.128,0.005,0.160,1,0.000,0.000,0.000,0,1496,0,0
3337,3.708,3.708,3.436,0.118,0.004,0.151,1,0.000,0.000,0.000,0,1496,0,0
3338,4.183,4.183,3.818,0.119,0.004,0.242,1,0.000,0.000,0.000,0,1496,0,0
3339,3.557,3.557,3.290,0.118,0.003,0.147,1,0.000,0.000,0.000,0,1496,0,0
3340,3.612,3.612,3.343,0.117,0.003,0.150,1,0.000,0.000,0.000,0,1496,0,0
3341,4.752,4.752,4.404,0.120,0.010,0.219,1,0.000,0.000,0.000,0,1496,0,0
3342,4.291,4.291,4.022,0.124,0.005,0.139,1,0.000,0.000,0.000,0,1496,0,0
3343,4.125,4.125,3.868,0.119,0.004,0.134,1,0.000,0.000,0.000,0,1496,0,0
3344,4.361,4.361,4.061,0.118,0.005,0.178,1,0.000,0.000,0.000,0,1496,0,0
3345,3.898,3.898,3.633,0.119,0.004,0.142,1,0.000,0.000,0.000,0,1496,0,0
3346,3.498,3.498,3.243,0.118,0.003,0.135,1,0.000,0.000,0.000,0,1496,0,0
3347,4.736,4.736,4.441,0.121,0.004,0.170,1,0.000,0.000,0.000,0,1496,0,0
3348,4.777,4.777,4.490,0.121,0.003,0.163,1,0.000,0.000,0.000,0,1496,0,0
3349,4.132,4.132,3.823,0.143,0.005,0.161,1,0.000,0.000,0.000,0,1496,0,0
3350,3.611,3.611,3.297,0.119,0.003,0.193,1,0.000,0.000,0.000,0,1496,0,0
3351,3.523,3.523,3.256,0.118,0.004,0.145,1,0.000,0.000,0.000,0,1496,0,0
3352,3.454,3.454,3.187,0.118,0.003,0.146,1,0.000,0.000,0.000,0,1496,0,0
3353,3.494,3.494,3.182,0.119,0.003,0.190,1,0.000,0.000,0.000,0,1496,0,0
3354,3.405,3.405,3.136,0.118,0.003,0.149,1,0.000,0.000,0.000,0,1496,0,0
3355,3.513,3.513,3.244,0.118,0.003,0.149,1,0.000,0.000,0.000,0,1496,0,0
3356,3.514,3.514,3.210,0.118,0.003,0.183,1,0.000,0.000,0.000,0,1496,0,0
3357,3.393,3.393,3.140,0.118,0.003,0.131,1,0.000,0.000,0.000,0,1496,0,0
3358,3.409,3.409,3.158,0.118,0.003,0.131,1,0.000,0.000,0.000,0,1496,0,0
3359,3.759,3.759,3.465,0.118,0.003,0.173,1,0.000,0.000,0.000,0,1496,0,0
3360,4.098,4.098,3.710,0.243,0.005,0.141,1,0.000,0.000,0.000,0,1496,0,0
3361,3.759,3.759,3.510,0.124,0.003,0.122,1,0.000,0.000,0.000,0,1496,0,0
3362,5.298,5.298,5.011,0.120,0.004,0.163,1,0.000,0.000,0.000,0,1496,0,0
3363,4.255,4.255,3.934,0.120,0.006,0.195,1,0.000,0.000,0.000,0,1496,0,0
3364,3.701,3.701,3.379,0.130,0.003,0.189,1,0.000,0.000,0.000,0,1496,0,0
3365,3.587,3.587,3.220,0.116,0.004,0.246,1,0.000,0.000,0.000,0,1496,0,0
3366,3.470,3.470,3.151,0.116,0.003,0.200,1,0.000,0.000,0.000,0,1496,0,0
3367,3.555,3.555,3.240,0.117,0.003,0.196,1,0.000,0.000,0.000,0,1496,0,0
3368,3.600,3.600,3.210,0.117,0.003,0.270,1,0.000,0.000,0.000,0,1496,0,0
3369,3.521,3.521,3.195,0.118,0.003,0.205,1,0.000,0.000,0.000,0,1496,0,0
3370,3.592,3.592,3.261,0.116,0.003,0.212,1,0.000,0.000,0.000,0,1496,0,0
3371,4.129,4.129,3.684,0.123,0.004,0.317,1,0.000,0.000,0.000,0,1496,0,0
3372,3.963,3.963,3.613,0.120,0.004,0.226,1,0.000,0.000,0.000,0,1496,0,0
3373,4.215,4.215,3.871,0.122,0.004,0.219,1,0.000,0.000,0.000,0,1496,0,0
3374,4.652,4.652,4.202,0.119,0.005,0.326,1,0.000,0.000,0.000,0,1496,0,0
3375,4.487,4.487,4.085,0.130,0.006,0.267,1,0.000,0.000,0.000,0,1496,0,0
3376,4.476,4.476,4.098,0.120,0.004,0.254,1,0.000,0.000,0.000,0,1496,0,0
3377,4.086,4.086,3.501,0.119,0.004,0.462,1,0.000,0.000,0.000,0,1496,0,0
3378,3.813,3.813,3.373,0.119,0.003,0.318,1,0.000,0.000,0.000,0,1496,0,0
3379,3.800,3.800,3.307,0.118,0.004,0.371,1,0.000,0.000,0.000,0,1496,0,0
3380,3.773,3.773,3.213,0.118,0.003,0.439,1,0.000,0.000,0.000,0,1496,0,0
3381,3.652,3.652,3.195,0.118,0.003,0.336,1,0.000,0.000,0.000,0,1496,0,0
3382,3.640,3.640,3.184,0.118,0.003,0.336,1,0.000,0.000,0.000,0,1496,0,0
3383,3.750,3.750,3.196,0.117,0.003,0.435,1,0.000,0.000,0.000,0,1496,0,0
3384,4.994,4.994,4.545,0.120,0.005,0.325,1,0.000,0.000,0.000,0,1496,0,0
3385,3.873,3.873,3.383,0.154,0.004,0.331,1,0.000,0.000,0.000,0,1496,1,0
3386,3.852,3.852,3.323,0.118,0.003,0.409,1,0.000,0.000,0.000,0,1496,0,0
3387,3.632,3.632,3.212,0.117,0.003,0.301,1,0.000,0.000,0.000,0,1496,0,0
3388,3.578,3.578,3.158,0.117,0.003,0.301,1,0.000,0.000,0.000,0,1496,0,0
3389,3.730,3.730,3.216,0.117,0.003,0.395,1,0.000,0.000,0.000,0,1496,0,0
3390,3.603,3.603,3.153,0.116,0.003,0.331,1,0.000,0.000,0.000,0,1496,0,0
3391,3.604,3.604,3.158,0.117,0.003,0.327,1,0.000,0.000,0.000,0,1496,0,0
3392,4.188,4.188,3.584,0.123,0.006,0.475,1,0.000,0.000,0.000,0,1496,0,0
3393,3.896,3.896,3.462,0.118,0.004,0.313,1,0.000,0.000,0.000,0,1496,0,0
3394,3.702,3.702,3.230,0.118,0.003,0.352,1,0.000,0.000,0.000,0,1496,0,0
3395,3.848,3.848,3.307,0.118,0.003,0.421,1,0.000,0.000,0.000,0,1496,0,0
3396,3.622,3.622,3.187,0.117,0.002,0.316,1,0.000,0.000,0.000,0,1496,0,0
3397,3.852,3.852,3.409,0.119,0.003,0.320,1,0.000,0.000,0.000,0,1496,0,0
3398,3.860,3.860,3.319,0.118,0.003,0.420,1,0.000,0.000,0.000,0,1496,0,0
3399,3.741,3.741,3.273,0.118,0.003,0.347,1,0.000,0.000,0.000,0,1496,0,0
3400,4.364,4.364,3.755,0.118,0.003,0.487,1,0.000,0.000,0.000,0,1424,0,0
3401,4.931,4.931,4.435,0.119,0.003,0.374,1,0.000,0.000,0.000,0,1520,0,0
3402,3.715,3.715,3.249,0.119,0.003,0.344,1,0.000,0.000,0.000,0,1520,0,0
3403,3.816,3.816,3.224,0.118,0.003,0.471,1,0.000,0.000,0.000,0,1520,0,0
3404,3.656,3.656,3.191,0.118,0.003,0.344,1,0.000,0.000,0.000,0,1520,0,0
3405,3.652,3.652,3.187,0.119,0.003,0.343,1,0.000,0.000,0.000,0,1520,0,0
3406,4.334,4.334,3.697,0.157,0.006,0.474,1,0.000,0.000,0.000,0,1520,0,0
3407,3.926,3.926,3.440,0.120,0.004,0.361,1,0.000,0.000,0.000,0,1520,0,0
3408,3.776,3.776,3.330,0.119,0.003,0.324,1,0.000,0.000,0.000,0,1520,0,0
3409,4.643,4.643,4.018,0.132,0.003,0.490,1,0.000,0.000,0.000,0,1520,0,0
3410,4.083,4.083,3.599,0.120,0.004,0.360,1,0.000,0.000,0.000,0,1520,0,0
3411,5.872,5.872,5.368,0.130,0.009,0.365,1,0.000,0.000,0.000,0,1520,0,0
3412,9.941,9.941,9.365,0.123,0.006,0.447,1,0.000,0.000,0.000,0,1520,0,0
3413,5.907,5.907,5.441,0.124,0.004,0.338,1,0.000,0.000,0.000,0,1520,0,0
3414,5.334,5.334,4.909,0.119,0.004,0.302,1,0.000,0.000,0.000,0,1520,0,0
3415,5.785,5.785,5.297,0.121,0.003,0.364,1,0.000,0.000,0.000,0,1520,0,0
3416,5.152,5.152,4.762,0.120,0.003,0.267,1,0.000,0.000,0.000,0,1520,0,0
3417,3.672,3.672,3.275,0.120,0.003,0.274,1,0.000,0.000,0.000,0,1520,0,0
3418,3.688,3.688,3.209,0.118,0.003,0.358,1,0.000,0.000,0.000,0,1520,0,0
3419,3.870,3.870,3.468,0.128,0.003,0.272,1,0.000,0.000,0.000,0,1520,0,0
3420,3.613,3.613,3.219,0.119,0.003,0.271,1,0.000,0.000,0.000,0,1520,0,0
3421,6.396,6.396,5.880,0.121,0.013,0.381,1,0.000,0.000,0.000,0,1520,0,0
3422,9.405,9.405,8.991,0.129,0.005,0.279,1,0.000,0.000,0.000,0,1520,0,0
3423,4.437,4.437,4.030,0.122,0.004,0.281,1,0.000,0.000,0.000,0,1520,0,0
3424,7.670,7.670,7.130,0.125,0.004,0.412,1,0.000,0.000,0.000,0,1520,0,0
3425,4.121,4.121,3.682,0.121,0.004,0.314,1,0.000,0.000,0.000,0,1520,0,0
3426,4.610,4.610,4.150,0.122,0.007,0.330,1,0.000,0.000,0.000,0,1520,0,0
3427,3.975,3.975,3.448,0.122,0.004,0.402,1,0.000,0.000,0.000,0,1520,0,0
3428,3.711,3.711,3.289,0.120,0.003,0.299,1,0.000,0.000,0.000,0,1520,0,0
3429,3.610,3.610,3.192,0.118,0.003,0.297,1,0.000,0.000,0.000,0,1520,0,0
3430,3.760,3.760,3.247,0.119,0.003,0.392,1,0.000,0.000,0.000,0,1520,0,0
3431,3.763,3.763,3.358,0.117,0.003,0.284,1,0.000,0.000,0.000,0,1520,0,0
3432,3.826,3.826,3.408,0.120,0.003,0.295,1,0.000,0.000,0.000,0,1520,0,0
3433,3.647,3.647,3.210,0.119,0.003,0.316,1,0.000,0.000,0.000,0,1520,0,0
3434,3.565,3.565,3.223,0.119,0.003,0.220,1,0.000,0.000,0.000,0,1520,0,0
3435,3.834,3.834,3.498,0.119,0.003,0.214,1,0.000,0.000,0.000,0,1520,0,0
3436,4.073,4.073,3.529,0.119,0.004,0.421,1,0.000,0.000,0.000,0,1520,0,0
3437,3.702,3.702,3.361,0.120,0.004,0.218,1,0.000,0.000,0.000,0,1520,0,0
3438,3.794,3.794,3.405,0.121,0.003,0.265,1,0.000,0.000,0.000,0,1520,0,0
3439,4.099,4.099,3.530,0.120,0.003,0.446,1,0.000,0.000,0.000,0,1520,0,0
3440,6.200,6.200,5.663,0.121,0.004,0.412,1,0.000,0.000,0.000,0,1520,0,0
3441,4.018,4.018,3.490,0.120,0.004,0.404,1,0.000,0.000,0.000,0,1520,0,0
3442,3.959,3.959,3.298,0.119,0.003,0.539,1,0.000,0.000,0.000,0,1520,0,0
3443,4.324,4.324,3.307,0.602,0.004,0.411,1,0.000,0.000,0.000,0,1520,1,0
3444,3.822,3.822,3.281,0.118,0.003,0.420,1,0.000,0.000,0.000,0,1520,0,0
3445,3.949,3.949,3.264,0.119,0.003,0.564,1,0.000,0.000,0.000,0,1520,0,0
3446,3.794,3.794,3.258,0.119,0.003,0.413,1,0.000,0.000,0.000,0,1520,0,0
3447,3.845,3.845,3.308,0.119,0.003,0.414,1,0.000,0.000,0.000,0,1520,0,0
3448,3.900,3.900,3.224,0.119,0.003,0.554,1,0.000,0.000,0.000,0,1520,0,0
3449,3.775,3.775,3.242,0.119,0.003,0.410,1,0.000,0.000,0.000,0,1520,0,0
3450,3.746,3.746,3.225,0.120,0.003,0.399,1,0.000,0.000,0.000,0,1520,0,0
3451,4.041,4.041,3.385,0.121,0.003,0.532,1,0.000,0.000,0.000,0,1520,0,0
3452,3.719,3.719,3.226,0.117,0.003,0.374,1,0.000,0.000,0.000,0,1520,0,0
3453,3.763,3.763,3.260,0.119,0.003,0.381,1,0.000,0.000,0.000,0,1520,0,0
3454,3.994,3.994,3.354,0.119,0.003,0.518,1,0.000,0.000,0.000,0,1520,0,0
3455,3.771,3.771,3.281,0.119,0.003,0.367,1,0.000,0.000,0.000,0,1520,0,0
3456,3.869,3.869,3.241,0.120,0.003,0.504,1,0.000,0.000,0.000,0,1520,0,0
3457,6.538,6.538,5.963,0.132,0.005,0.437,1,0.000,0.000,0.000,0,1520,0,0
3458,6.043,6.043,5.590,0.123,0.005,0.326,1,0.000,0.000,0.000,0,1520,0,0
3459,6.180,6.180,4.284,0.123,0.005,1.767,1,0.000,0.000,0.000,0,1520,0,0
3460,5.369,5.369,4.766,0.121,0.004,0.478,1,0.000,0.000,0.000,0,1520,0,0
3461,3.863,3.863,3.375,0.119,0.004,0.366,1,0.000,0.000,0.000,0,1520,0,0
3462,3.879,3.879,3.390,0.120,0.003,0.365,1,0.000,0.000,0.000,0,1520,0,0
3463,4.053,4.053,3.436,0.123,0.004,0.490,1,0.000,0.000,0.000,0,1528,0,0
3464,4.245,4.245,3.799,0.121,0.004,0.321,1,0.000,0.000,0.000,0,1512,0,0
3465,3.709,3.709,3.246,0.122,0.003,0.339,1,0.000,0.000,0.000,0,1512,0,0
3466,3.908,3.908,3.341,0.122,0.004,0.442,1,0.000,0.000,0.000,0,1512,0,0
3467,3.678,3.678,3.236,0.121,0.003,0.318,1,0.000,0.000,0.000,0,1512,0,0
3468,6.582,6.582,6.063,0.130,0.005,0.384,1,0.000,0.000,0.000,0,1512,0,0
3469,6.625,6.625,6.102,0.121,0.004,0.399,1,0.000,0.000,0.000,0,1512,0,0
3470,6.169,6.169,5.689,0.122,0.004,0.354,1,0.000,0.000,0.000,0,1512,0,0
3471,5.642,5.642,5.120,0.185,0.004,0.333,1,0.000,0.000,0.000,0,1512,0,0
3472,5.454,5.454,4.886,0.122,0.003,0.443,1,0.000,0.000,0.000,0,1512,0,0
3473,5.824,5.824,5.371,0.125,0.003,0.325,1,0.000,0.000,0.000,0,1512,0,0
3474,6.575,6.575,6.094,0.124,0.006,0.351,1,0.000,0.000,0.000,0,1512,0,0
3475,5.634,5.634,5.067,0.122,0.003,0.442,1,0.000,0.000,0.000,0,1512,0,0
3476,4.640,4.640,4.170,0.123,0.005,0.342,1,0.000,0.000,0.000,0,1512,0,0
3477,3.885,3.885,3.461,0.121,0.003,0.300,1,0.000,0.000,0.000,0,1512,0,0
3478,4.405,4.405,3.422,0.124,0.003,0.855,1,0.000,0.000,0.000,0,1512,0,0
3479,3.873,3.873,3.454,0.122,0.005,0.292,1,0.000,0.000,0.000,0,1512,0,0
3480,4.714,4.714,3.261,0.120,0.003,1.330,1,0.000,0.000,0.000,0,1512,0,0
3481,4.382,4.382,3.826,0.124,0.003,0.429,1,0.000,0.000,0.000,0,1512,0,0
3482,3.792,3.792,3.343,0.122,0.004,0.323,1,0.000,0.000,0.000,0,1512,0,0
3483,3.826,3.826,3.379,0.122,0.004,0.321,1,0.000,0.000,0.000,0,1512,0,0
3484,4.471,4.471,3.862,0.122,0.004,0.483,1,0.000,0.000,0.000,0,1512,0,0
3485,3.901,3.901,3.391,0.122,0.003,0.385,1,0.000,0.000,0.000,0,1512,0,0
3486,3.809,3.809,3.283,0.121,0.003,0.401,1,0.000,0.000,0.000,0,1512,0,0
3487,4.463,4.463,3.816,0.123,0.004,0.520,1,0.000,0.000,0.000,0,1512,0,0
3488,4.367,4.367,3.780,0.121,0.003,0.463,1,0.000,0.000,0.000,0,1512,0,0
3489,3.796,3.796,3.274,0.122,0.003,0.397,1,0.000,0.000,0.000,0,1512,0,0
3490,4.443,4.443,3.805,0.122,0.003,0.514,1,0.000,0.000,0.000,0,1512,0,0
3491,3.804,3.804,3.310,0.121,0.003,0.370,1,0.000,0.000,0.000,0,1512,0,0
3492,6.851,6.851,6.326,0.125,0.013,0.386,1,0.000,0.000,0.000,0,1512,0,0
3493,7.294,7.294,6.609,0.154,0.006,0.524,1,0.000,0.000,0.000,0,1512,0,0
3494,7.174,7.174,6.610,0.128,0.006,0.430,1,0.000,0.000,0.000,0,1512,0,0
3495,5.079,5.079,4.542,0.129,0.007,0.401,1,0.000,0.000,0.000,0,1512,0,0
3496,4.743,4.743,4.137,0.123,0.005,0.479,1,0.000,0.000,0.000,0,1512,0,0
3497,6.345,6.345,5.795,0.126,0.004,0.420,1,0.000,0.000,0.000,0,1512,0,0
3498,6.045,6.045,5.633,0.123,0.004,0.285,1,0.000,0.000,0.000,0,1512,0,0
3499,5.529,5.529,5.069,0.122,0.003,0.334,1,0.000,0.000,0.000,0,1512,0,0
3500,5.617,5.617,5.227,0.123,0.003,0.264,1,0.000,0.000,0.000,0,1512,0,0
3501,3.952,3.952,3.389,0.162,0.003,0.398,1,0.000,0.000,0.000,0,1512,1,0
3502,4.211,4.211,3.764,0.141,0.003,0.303,1,0.000,0.000,0.000,0,1512,0,0
3503,3.872,3.872,3.443,0.121,0.003,0.304,1,0.000,0.000,0.000,0,1512,0,0
3504,3.862,3.862,3.360,0.121,0.003,0.378,1,0.000,0.000,0.000,0,1512,0,0
3505,4.215,4.215,3.338,0.584,0.003,0.289,1,0.000,0.000,0.000,0,1512,0,0
3506,3.703,3.703,3.313,0.122,0.003,0.265,1,0.000,0.000,0.000,0,1512,0,0
3507,3.738,3.738,3.305,0.120,0.003,0.310,1,0.000,0.000,0.000,0,1512,0,0
3508,6.540,6.540,6.169,0.145,0.003,0.223,1,0.000,0.000,0.000,0,1512,0,0
3509,4.804,4.804,4.477,0.122,0.003,0.202,1,0.000,0.000,0.000,0,1512,0,0
3510,5.752,5.752,5.351,0.124,0.003,0.273,1,0.000,0.000,0.000,0,1512,0,0
3511,4.688,4.688,4.377,0.121,0.004,0.185,1,0.000,0.000,0.000,0,1512,0,0
3512,3.789,3.789,3.347,0.121,0.004,0.317,1,0.000,0.000,0.000,0,1512,0,0
3513,7.259,7.259,6.855,0.127,0.006,0.271,1,0.000,0.000,0.000,0,1512,0,0
3514,4.714,4.714,4.395,0.122,0.003,0.194,1,0.000,0.000,0.000,0,1512,0,0
3515,5.949,5.949,5.614,0.120,0.004,0.211,1,0.000,0.000,0.000,0,1512,0,0
3516,4.339,4.339,3.941,0.122,0.003,0.273,1,0.000,0.000,0.000,0,1512,0,0
3517,5.210,5.210,4.906,0.125,0.004,0.175,1,0.000,0.000,0.000,0,1512,0,0
3518,4.286,4.286,3.975,0.134,0.004,0.173,1,0.000,0.000,0.000,0,1512,0,0
3519,4.623,4.623,4.280,0.125,0.004,0.215,1,0.000,0.000,0.000,0,1512,0,0
3520,3.687,3.687,3.389,0.121,0.004,0.172,1,0.000,0.000,0.000,0,1512,0,0
3521,7.343,7.343,7.017,0.127,0.005,0.194,1,0.000,0.000,0.000,0,1512,0,0
3522,4.014,4.014,3.639,0.122,0.004,0.249,1,0.000,0.000,0.000,0,1512,0,0
3523,3.726,3.726,3.389,0.121,0.003,0.212,1,0.000,0.000,0.000,0,1512,0,0
3524,4.221,4.221,3.904,0.125,0.003,0.188,1,0.000,0.000,0.000,0,1512,0,0
3525,3.735,3.735,3.355,0.122,0.003,0.255,1,0.000,0.000,0.000,0,1512,0,0
3526,3.607,3.607,3.282,0.122,0.003,0.201,1,0.000,0.000,0.000,0,1512,0,0
3527,3.808,3.808,3.461,0.116,0.003,0.228,1,0.000,0.000,0.000,0,752,0,0
3528,3.331,3.331,2.946,0.116,0.003,0.266,1,0.000,0.000,0.000,0,752,0,0
3529,3.170,3.170,2.851,0.114,0.003,0.202,1,0.000,0.000,0.000,0,752,0,0
3530,4.808,4.808,4.498,0.116,0.003,0.191,1,0.000,0.000,0.000,0,752,0,0
3531,4.907,4.907,4.512,0.117,0.003,0.274,1,0.000,0.000,0.000,0,752,0,0
3532,4.270,4.270,3.915,0.118,0.005,0.232,1,0.000,0.000,0.000,0,752,0,0
3533,5.948,5.948,5.607,0.117,0.005,0.219,1,0.000,0.000,0.000,0,752,0,0
3534,3.450,3.450,3.056,0.115,0.003,0.275,1,0.000,0.000,0.000,0,752,0,0
3535,3.255,3.255,2.935,0.115,0.003,0.202,1,0.000,0.000,0.000,0,752,0,0
3536,3.242,3.242,2.919,0.117,0.003,0.204,1,0.000,0.000,0.000,0,752,0,0
3537,3.236,3.236,2.877,0.115,0.003,0.241,1,0.000,0.000,0.000,0,752,0,0
3538,4.316,4.316,4.051,0.119,0.003,0.143,1,0.000,0.000,0.000,0,752,0,0
3539,4.404,4.404,4.143,0.116,0.004,0.141,1,0.000,0.000,0.000,0,752,0,0
3540,4.023,4.023,3.717,0.118,0.004,0.184,1,0.000,0.000,0.000,0,752,0,0
3541,3.294,3.294,2.997,0.117,0.003,0.177,1,0.000,0.000,0.000,0,752,0,0
3542,3.781,3.781,3.454,0.115,0.004,0.209,1,0.000,0.000,0.000,0,752,0,0
3543,3.316,3.316,2.923,0.115,0.003,0.274,1,0.000,0.000,0.000,0,752,0,0
3544,3.184,3.184,2.863,0.115,0.003,0.202,1,0.000,0.000,0.000,0,752,0,0
3545,3.685,3.685,2.887,0.124,0.003,0.671,1,0.000,0.000,0.000,0,748,0,0
3546,3.548,3.548,3.084,0.115,0.003,0.346,1,0.000,0.000,0.000,0,748,0,0
3547,3.343,3.343,2.933,0.114,0.003,0.293,1,0.000,0.000,0.000,0,748,0,0
3548,3.217,3.217,2.836,0.114,0.003,0.264,1,0.000,0.000,0.000,0,748,0,0
3549,3.830,3.830,3.392,0.116,0.003,0.319,1,0.000,0.000,0.000,0,748,0,0
3550,3.379,3.379,2.988,0.114,0.003,0.274,1,0.000,0.000,0.000,0,748,0,0
3551,3.307,3.307,2.900,0.115,0.004,0.289,1,0.000,0.000,0.000,0,748,0,0
3552,3.885,3.885,3.408,0.119,0.004,0.354,1,0.000,0.000,0.000,0,748,0,0
3553,3.360,3.360,2.977,0.114,0.003,0.266,1,0.000,0.000,0.000,0,748,0,0
3554,3.204,3.204,2.838,0.114,0.003,0.250,1,0.000,0.000,0.000,0,748,0,0
3555,3.752,3.752,2.907,0.125,0.003,0.717,1,0.000,0.000,0.000,0,748,0,0
3556,3.229,3.229,2.893,0.114,0.003,0.219,1,0.000,0.000,0.000,0,748,0,0
3557,3.225,3.225,2.915,0.115,0.003,0.193,1,0.000,0.000,0.000,0,748,0,0
3558,3.380,3.380,3.015,0.116,0.003,0.246,1,0.000,0.000,0.000,0,748,0,0
3559,3.653,3.653,3.330,0.115,0.003,0.205,1,0.000,0.000,0.000,0,748,0,0
3560,3.168,3.168,2.847,0.115,0.003,0.204,1,0.000,0.000,0.000,0,748,0,0
3561,3.586,3.586,3.133,0.114,0.003,0.336,1,0.000,0.000,0.000,0,748,0,0
3562,3.390,3.390,2.971,0.116,0.003,0.300,1,0.000,0.000,0.000,0,748,0,0
3563,3.270,3.270,2.845,0.115,0.003,0.307,1,0.000,0.000,0.000,0,748,0,0
3564,3.364,3.364,2.851,0.113,0.003,0.398,1,0.000,0.000,0.000,0,748,0,0
3565,3.292,3.292,2.884,0.116,0.003,0.290,1,0.000,0.000,0.000,0,748,0,0
3566,4.503,4.503,4.069,0.115,0.003,0.315,1,0.000,0.000,0.000,0,748,0,0
3567,3.778,3.778,3.225,0.125,0.003,0.425,1,0.000,0.000,0.000,0,748,0,0
3568,3.305,3.305,2.890,0.115,0.003,0.298,1,0.000,0.000,0.000,0,748,0,0
3569,3.256,3.256,2.841,0.115,0.003,0.297,1,0.000,0.000,0.000,0,748,0,0
3570,3.339,3.339,2.849,0.115,0.003,0.372,1,0.000,0.000,0.000,0,748,0,0
3571,3.236,3.236,2.838,0.114,0.003,0.280,1,0.000,0.000,0.000,0,748,0,0
3572,3.229,3.229,2.856,0.113,0.003,0.258,1,0.000,0.000,0.000,0,748,0,0
3573,3.303,3.303,2.835,0.113,0.003,0.352,1,0.000,0.000,0.000,0,748,0,0
3574,3.170,3.170,2.795,0.116,0.003,0.257,1,0.000,0.000,0.000,0,748,0,0
3575,3.166,3.166,2.792,0.113,0.003,0.258,1,0.000,0.000,0.000,0,748,0,0
3576,3.421,3.421,2.963,0.114,0.003,0.341,1,0.000,0.000,0.000,0,748,0,0
3577,3.176,3.176,2.841,0.114,0.003,0.218,1,0.000,0.000,0.000,0,748,0,0
3578,4.482,4.482,4.170,0.127,0.004,0.182,1,0.000,0.000,0.000,0,748,0,0
3579,3.872,3.872,3.537,0.124,0.003,0.208,1,0.000,0.000,0.000,0,748,0,0
3580,4.015,4.015,3.737,0.118,0.003,0.157,1,0.000,0.000,0.000,0,748,0,0
3581,3.922,3.922,3.618,0.116,0.007,0.181,1,0.000,0.000,0.000,0,748,0,0
3582,3.578,3.578,3.211,0.116,0.003,0.247,1,0.000,0.000,0.000,0,748,0,0
3583,3.280,3.280,2.954,0.115,0.003,0.208,1,0.000,0.000,0.000,0,748,0,0
3584,3.274,3.274,2.942,0.113,0.003,0.216,1,0.000,0.000,0.000,0,748,0,0
3585,3.251,3.251,2.881,0.115,0.003,0.253,1,0.000,0.000,0.000,0,748,0,0
3586,3.227,3.227,2.934,0.114,0.003,0.176,1,0.000,0.000,0.000,0,748,0,0
3587,3.123,3.123,2.809,0.114,0.002,0.198,1,0.000,0.000,0.000,0,748,0,0
3588,3.287,3.287,2.908,0.115,0.003,0.261,1,0.000,0.000,0.000,0,748,0,0
3589,3.101,3.101,2.814,0.113,0.003,0.171,1,0.000,0.000,0.000,0,748,0,0
3590,3.091,3.091,2.810,0.115,0.003,0.163,1,0.000,0.000,0.000,0,748,0,0
3591,3.197,3.197,2.903,0.115,0.003,0.177,1,0.000,0.000,0.000,0,748,0,0
3592,3.500,3.500,3.125,0.184,0.004,0.187,1,0.000,0.000,0.000,0,748,1,0
3593,4.440,4.440,4.154,0.116,0.003,0.167,1,0.000,0.000,0.000,0,748,0,0
3594,3.447,3.447,3.106,0.114,0.003,0.224,1,0.000,0.000,0.000,0,748,0,0
3595,3.188,3.188,2.900,0.115,0.004,0.168,1,0.000,0.000,0.000,0,748,0,0
3596,3.693,3.693,3.406,0.115,0.003,0.169,1,0.000,0.000,0.000,0,748,0,0
3597,3.247,3.247,2.905,0.115,0.003,0.224,1,0.000,0.000,0.000,0,748,0,0
3598,3.105,3.105,2.835,0.113,0.003,0.153,1,0.000,0.000,0.000,0,748,0,0
3599,3.362,3.362,3.080,0.117,0.004,0.162,1,0.000,0.000,0.000,0,748,0,0
3600,3.044,3.044,2.814,0.115,0.003,0.111,1,0.000,0.000,0.000,0,748,0,0
3601,3.071,3.071,2.842,0.115,0.003,0.110,1,0.000,0.000,0.000,0,748,0,0
3602,3.107,3.107,2.818,0.115,0.003,0.171,1,0.000,0.000,0.000,0,748,0,0
3603,3.108,3.108,2.843,0.115,0.003,0.146,1,0.000,0.000,0.000,0,748,0,0
3604,3.051,3.051,2.786,0.115,0.003,0.148,1,0.000,0.000,0.000,0,748,0,0
3605,3.223,3.223,2.909,0.115,0.003,0.196,1,0.000,0.000,0.000,0,748,0,0
3606,3.129,3.129,2.883,0.104,0.003,0.139,1,0.000,0.000,0.000,0,700,0,0
3607,3.177,3.177,2.827,0.110,0.003,0.238,1,0.000,0.000,0.000,0,724,0,0
3608,3.266,3.266,2.854,0.109,0.003,0.300,1,0.000,0.000,0.000,0,724,0,0
3609,3.123,3.123,2.811,0.110,0.003,0.200,1,0.000,0.000,0.000,0,724,0,0
3610,3.083,3.083,2.770,0.109,0.003,0.201,1,0.000,0.000,0.000,0,724,0,0
3611,3.200,3.200,2.826,0.109,0.003,0.263,1,0.000,0.000,0.000,0,724,0,0
3612,3.108,3.108,2.795,0.110,0.003,0.201,1,0.000,0.000,0.000,0,724,0,0
3613,3.079,3.079,2.774,0.110,0.003,0.192,1,0.000,0.000,0.000,0,724,0,0
3614,3.248,3.248,2.878,0.110,0.003,0.257,1,0.000,0.000,0.000,0,724,0,0
3615,3.092,3.092,2.781,0.110,0.003,0.198,1,0.000,0.000,0.000,0,724,0,0
3616,3.124,3.124,2.826,0.110,0.003,0.185,1,0.000,0.000,0.000,0,724,0,0
3617,4.815,4.815,4.452,0.115,0.003,0.246,1,0.000,0.000,0.000,0,724,0,0
3618,3.361,3.361,3.086,0.109,0.003,0.163,1,0.000,0.000,0.000,0,724,0,0
3619,3.033,3.033,2.795,0.109,0.003,0.126,1,0.000,0.000,0.000,0,724,0,0
3620,3.062,3.062,2.782,0.110,0.002,0.168,1,0.000,0.000,0.000,0,724,0,0
3621,3.008,3.008,2.779,0.110,0.003,0.117,1,0.000,0.000,0.000,0,724,0,0
3622,3.106,3.106,2.844,0.109,0.003,0.150,1,0.000,0.000,0.000,0,724,0,0
3623,3.155,3.155,2.829,0.109,0.003,0.214,1,0.000,0.000,0.000,0,724,0,0
3624,3.074,3.074,2.795,0.109,0.003,0.167,1,0.000,0.000,0.000,0,724,0,0
3625,3.046,3.046,2.768,0.108,0.003,0.167,1,0.000,0.000,0.000,0,724,0,0
3626,3.158,3.158,2.824,0.110,0.003,0.221,1,0.000,0.000,0.000,0,724,0,0
3627,4.505,4.505,4.182,0.113,0.006,0.204,1,0.000,0.000,0.000,0,724,0,0
3628,3.540,3.540,3.230,0.110,0.004,0.196,1,0.000,0.000,0.000,0,724,0,0
3629,3.196,3.196,2.892,0.110,0.003,0.191,1,0.000,0.000,0.000,0,724,0,0
3630,3.053,3.053,2.787,0.110,0.003,0.153,1,0.000,0.000,0.000,0,724,0,0
3631,3.078,3.078,2.828,0.109,0.003,0.138,1,0.000,0.000,0.000,0,724,0,0
3632,3.112,3.112,2.811,0.110,0.003,0.189,1,0.000,0.000,0.000,0,724,0,0
3633,3.032,3.032,2.789,0.110,0.003,0.130,1,0.000,0.000,0.000,0,724,0,0
3634,2.993,2.993,2.745,0.108,0.003,0.137,1,0.000,0.000,0.000,0,724,0,0
3635,3.050,3.050,2.756,0.109,0.003,0.181,1,0.000,0.000,0.000,0,724,0,0
3636,2.992,2.992,2.743,0.109,0.002,0.137,1,0.000,0.000,0.000,0,724,0,0
3637,3.143,3.143,2.877,0.110,0.003,0.153,1,0.000,0.000,0.000,0,724,0,0
3638,3.127,3.127,2.812,0.109,0.003,0.203,1,0.000,0.000,0.000,0,724,0,0
3639,3.025,3.025,2.792,0.109,0.004,0.120,1,0.000,0.000,0.000,0,724,0,0
3640,2.966,2.966,2.746,0.108,0.003,0.109,1,0.000,0.000,0.000,0,724,0,0
3641,3.032,3.032,2.774,0.108,0.003,0.147,1,0.000,0.000,0.000,0,724,0,0
3642,3.012,3.012,2.782,0.109,0.003,0.118,1,0.000,0.000,0.000,0,724,0,0
3643,3.030,3.030,2.790,0.110,0.003,0.128,1,0.000,0.000,0.000,0,724,0,0
3644,3.391,3.391,2.841,0.352,0.003,0.194,1,0.000,0.000,0.000,0,724,0,0
3645,4.862,4.862,4.574,0.113,0.005,0.170,1,0.000,0.000,0.000,0,724,0,0
3646,5.645,5.645,5.388,0.113,0.004,0.140,1,0.000,0.000,0.000,0,724,0,0
3647,5.521,5.521,5.196,0.115,0.006,0.204,1,0.000,0.000,0.000,0,724,0,0
3648,4.304,4.304,4.040,0.112,0.004,0.148,1,0.000,0.000,0.000,0,724,0,0
3649,3.975,3.975,3.715,0.109,0.003,0.147,1,0.000,0.000,0.000,0,724,0,0
3650,3.892,3.892,3.603,0.119,0.003,0.167,1,0.000,0.000,0.000,0,724,0,0
3651,4.818,4.818,4.525,0.115,0.007,0.171,1,0.000,0.000,0.000,0,724,0,0
3652,4.917,4.917,4.634,0.115,0.004,0.164,1,0.000,0.000,0.000,0,724,0,0
3653,5.039,5.039,4.639,0.113,0.007,0.280,1,0.000,0.000,0.000,0,724,0,0
3654,4.603,4.603,4.302,0.111,0.004,0.186,1,0.000,0.000,0.000,0,724,0,0
3655,3.219,3.219,2.914,0.109,0.003,0.193,1,0.000,0.000,0.000,0,724,0,0
3656,3.840,3.840,3.467,0.113,0.003,0.256,1,0.000,0.000,0.000,0,724,0,0
3657,3.265,3.265,2.950,0.110,0.003,0.202,1,0.000,0.000,0.000,0,724,0,0
3658,3.134,3.134,2.814,0.109,0.003,0.209,1,0.000,0.000,0.000,0,724,0,0
3659,3.442,3.442,3.100,0.110,0.003,0.229,1,0.000,0.000,0.000,0,724,0,0
3660,3.754,3.754,3.475,0.113,0.004,0.163,1,0.000,0.000,0.000,0,724,0,0
3661,3.102,3.102,2.835,0.109,0.003,0.155,1,0.000,0.000,0.000,0,724,0,0
3662,3.167,3.167,2.844,0.108,0.003,0.212,1,0.000,0.000,0.000,0,724,0,0
3663,3.613,3.613,3.296,0.113,0.004,0.199,1,0.000,0.000,0.000,0,724,0,0
3664,3.166,3.166,2.852,0.109,0.003,0.202,1,0.000,0.000,0.000,0,724,0,0
3665,3.208,3.208,2.823,0.109,0.003,0.273,1,0.000,0.000,0.000,0,724,0,0
3666,3.108,3.108,2.805,0.110,0.003,0.190,1,0.000,0.000,0.000,0,724,0,0
3667,3.663,3.663,3.364,0.110,0.003,0.186,1,0.000,0.000,0.000,0,724,0,0
3668,3.847,3.847,3.391,0.110,0.003,0.342,1,0.000,0.000,0.000,0,728,0,0
3669,3.269,3.269,2.878,0.110,0.003,0.279,1,0.000,0.000,0.000,0,728,0,0
3670,3.716,3.716,3.382,0.110,0.003,0.221,1,0.000,0.000,0.000,0,728,0,0
3671,3.281,3.281,2.883,0.110,0.003,0.285,1,0.000,0.000,0.000,0,728,0,0
3672,3.117,3.117,2.799,0.110,0.003,0.206,1,0.000,0.000,0.000,0,728,0,0
3673,6.045,6.045,5.710,0.115,0.006,0.215,1,0.000,0.000,0.000,0,728,0,0
3674,4.995,4.995,4.655,0.112,0.005,0.223,1,0.000,0.000,0.000,0,728,0,0
3675,4.295,4.295,4.011,0.112,0.003,0.169,1,0.000,0.000,0.000,0,728,0,0
3676,5.600,5.600,5.355,0.111,0.003,0.131,1,0.000,0.000,0.000,0,728,0,0
3677,4.257,4.257,3.986,0.111,0.005,0.156,1,0.000,0.000,0.000,0,728,0,0
3678,3.932,3.932,3.699,0.112,0.004,0.117,1,0.000,0.000,0.000,0,728,0,0
3679,3.769,3.769,3.547,0.111,0.003,0.109,1,0.000,0.000,0.000,0,728,0,0
3680,3.963,3.963,3.705,0.111,0.003,0.144,1,0.000,0.000,0.000,0,728,0,0
3681,3.716,3.716,3.492,0.111,0.003,0.110,1,0.000,0.000,0.000,0,728,0,0
3682,3.802,3.802,3.557,0.111,0.003,0.132,1,0.000,0.000,0.000,0,728,0,0
3683,5.149,5.149,4.732,0.111,0.003,0.303,1,0.000,0.000,0.000,0,728,0,0
3684,4.460,4.460,3.958,0.117,0.006,0.379,1,0.000,0.000,0.000,0,728,0,0
3685,6.259,6.259,5.788,0.113,0.004,0.353,1,0.000,0.000,0.000,0,728,0,0
3686,6.868,6.868,6.255,0.112,0.004,0.497,1,0.000,0.000,0.000,0,752,0,0
3687,5.937,5.937,5.420,0.113,0.004,0.399,1,0.000,0.000,0.000,0,776,0,0
3688,3.772,3.772,3.277,0.113,0.003,0.380,1,0.000,0.000,0.000,0,800,0,0
3689,3.707,3.707,3.089,0.114,0.003,0.502,1,0.000,0.000,0.000,0,824,0,0
3690,3.535,3.535,3.044,0.111,0.003,0.377,1,0.000,0.000,0.000,0,848,0,0
3691,3.469,3.469,2.973,0.110,0.003,0.383,1,0.000,0.000,0.000,0,872,0,0
3692,3.595,3.595,3.007,0.111,0.003,0.475,1,0.000,0.000,0.000,0,896,0,0
3693,3.430,3.430,2.954,0.110,0.003,0.363,1,0.000,0.000,0.000,0,920,0,0
3694,3.416,3.416,2.941,0.110,0.003,0.362,1,0.000,0.000,0.000,0,944,0,0
3695,3.696,3.696,3.097,0.113,0.004,0.482,1,0.000,0.000,0.000,0,964,0,0
3696,6.293,6.293,5.816,0.112,0.008,0.357,1,0.000,0.000,0.000,0,964,0,0
3697,6.145,6.145,5.685,0.116,0.004,0.340,1,0.000,0.000,0.000,0,964,0,0
3698,5.258,5.258,4.714,0.115,0.003,0.426,1,0.000,0.000,0.000,0,964,0,0
3699,3.643,3.643,3.212,0.113,0.004,0.314,1,0.000,0.000,0.000,0,964,0,0
3700,3.552,3.552,3.042,0.113,0.003,0.394,1,0.000,0.000,0.000,0,964,0,0
3701,3.391,3.391,2.974,0.113,0.003,0.302,1,0.000,0.000,0.000,0,964,0,0
3702,3.872,3.872,3.452,0.113,0.003,0.304,1,0.000,0.000,0.000,0,964,0,0
3703,4.557,4.557,4.039,0.113,0.003,0.401,1,0.000,0.000,0.000,0,964,0,0
3704,3.377,3.377,2.965,0.111,0.003,0.299,1,0.000,0.000,0.000,0,964,0,0
3705,3.905,3.905,3.488,0.114,0.003,0.300,1,0.000,0.000,0.000,0,964,0,0
3706,3.574,3.574,3.035,0.113,0.003,0.424,1,0.000,0.000,0.000,0,964,0,0
3707,4.136,4.136,3.002,0.819,0.003,0.312,1,0.000,0.000,0.000,0,964,1,0
3708,3.921,3.921,3.516,0.113,0.004,0.288,1,0.000,0.000,0.000,0,964,0,0
3709,3.541,3.541,3.030,0.113,0.003,0.394,1,0.000,0.000,0.000,0,964,0,0
3710,3.327,3.327,2.912,0.111,0.003,0.301,1,0.000,0.000,0.000,0,964,0,0
3711,3.825,3.825,3.420,0.114,0.003,0.289,1,0.000,0.000,0.000,0,964,0,0
3712,4.775,4.775,4.039,0.113,0.003,0.620,1,0.000,0.000,0.000,0,964,0,0
3713,4.637,4.637,4.213,0.126,0.006,0.293,1,0.000,0.000,0.000,0,964,0,0
3714,6.033,6.033,5.597,0.118,0.003,0.315,1,0.000,0.000,0.000,0,964,0,0
3715,6.206,6.206,3.884,0.116,0.006,2.200,1,0.000,0.000,0.000,0,964,0,0
3716,3.813,3.813,3.378,0.116,0.004,0.315,1,0.000,0.000,0.000,0,964,0,0
3717,3.503,3.503,3.076,0.113,0.003,0.310,1,0.000,0.000,0.000,0,964,0,0
3718,4.245,4.245,2.986,0.112,0.003,1.144,1,0.000,0.000,0.000,0,964,0,0
3719,5.783,5.783,5.285,0.124,0.006,0.368,1,0.000,0.000,0.000,0,960,0,0
3720,4.302,4.302,3.835,0.113,0.004,0.349,1,0.000,0.000,0.000,0,960,0,0
3721,4.581,4.581,4.020,0.116,0.004,0.440,1,0.000,0.000,0.000,0,1336,0,0
3722,3.750,3.750,3.317,0.116,0.003,0.313,1,0.000,0.000,0.000,0,1336,0,0
3723,3.653,3.653,3.231,0.115,0.003,0.304,1,0.000,0.000,0.000,0,1336,0,0
3724,6.277,6.277,5.694,0.116,0.016,0.451,1,0.000,0.000,0.000,0,1336,0,0
3725,6.425,6.425,5.966,0.117,0.007,0.334,1,0.000,0.000,0.000,0,1336,0,0
3726,3.930,3.930,3.501,0.115,0.005,0.308,1,0.000,0.000,0.000,0,1336,0,0
3727,3.792,3.792,3.270,0.117,0.003,0.403,1,0.000,0.000,0.000,0,1336,0,0
3728,3.814,3.814,3.414,0.117,0.003,0.280,1,0.000,0.000,0.000,0,1336,0,0
3729,3.796,3.796,3.304,0.116,0.003,0.373,1,0.000,0.000,0.000,0,1336,0,0
3730,4.479,4.479,3.830,0.119,0.004,0.527,1,0.000,0.000,0.000,0,1336,0,0
3731,3.832,3.832,3.345,0.116,0.003,0.368,1,0.000,0.000,0.000,0,1336,0,0
3732,3.676,3.676,3.208,0.116,0.003,0.349,1,0.000,0.000,0.000,0,1336,0,0
3733,3.746,3.746,3.181,0.116,0.003,0.447,1,0.000,0.000,0.000,0,1336,0,0
3734,4.169,4.169,3.712,0.116,0.003,0.338,1,0.000,0.000,0.000,0,1336,0,0
3735,3.594,3.594,3.148,0.115,0.003,0.327,1,0.000,0.000,0.000,0,1336,0,0
3736,5.917,5.917,5.253,0.144,0.004,0.517,1,0.000,0.000,0.000,0,1336,0,0
3737,6.284,6.284,5.838,0.122,0.007,0.318,1,0.000,0.000,0.000,0,1336,0,0
3738,4.247,4.247,3.803,0.118,0.006,0.320,1,0.000,0.000,0.000,0,1336,0,0
3739,3.769,3.769,3.245,0.116,0.003,0.405,1,0.000,0.000,0.000,0,1336,0,0
3740,3.544,3.544,3.128,0.115,0.003,0.298,1,0.000,0.000,0.000,0,1336,0,0
3741,3.471,3.471,3.086,0.115,0.003,0.267,1,0.000,0.000,0.000,0,1336,0,0
3742,3.558,3.558,3.154,0.118,0.003,0.282,1,0.000,0.000,0.000,0,1348,0,0
3743,3.396,3.396,3.085,0.119,0.003,0.190,1,0.000,0.000,0.000,0,1348,0,0
3744,3.582,3.582,3.219,0.119,0.004,0.240,1,0.000,0.000,0.000,0,1348,0,0
3745,3.585,3.585,3.137,0.119,0.003,0.325,1,0.000,0.000,0.000,0,1348,0,0
3746,3.453,3.453,3.089,0.118,0.003,0.243,1,0.000,0.000,0.000,0,1348,0,0
3747,3.440,3.440,3.076,0.118,0.003,0.243,1,0.000,0.000,0.000,0,1348,0,0
3748,4.262,4.262,3.806,0.131,0.005,0.320,1,0.000,0.000,0.000,0,1348,0,0
3749,4.678,4.678,4.347,0.120,0.004,0.207,1,0.000,0.000,0.000,0,1348,0,0
3750,3.841,3.841,3.461,0.119,0.004,0.258,1,0.000,0.000,0.000,0,1348,0,0
3751,4.092,4.092,3.720,0.120,0.003,0.249,1,0.000,0.000,0.000,0,1348,0,0
3752,3.529,3.529,3.197,0.122,0.003,0.206,1,0.000,0.000,0.000,0,1348,0,0
3753,3.545,3.545,3.234,0.120,0.003,0.188,1,0.000,0.000,0.000,0,1348,0,0
3754,3.492,3.492,3.106,0.135,0.004,0.247,1,0.000,0.000,0.000,0,1348,0,0
3755,3.923,3.923,3.609,0.121,0.003,0.189,1,0.000,0.000,0.000,0,1348,0,0
3756,3.409,3.409,3.099,0.119,0.003,0.188,1,0.000,0.000,0.000,0,1348,0,0
3757,3.483,3.483,3.124,0.120,0.003,0.237,1,0.000,0.000,0.000,0,1348,0,0
3758,3.763,3.763,3.449,0.122,0.003,0.189,1,0.000,0.000,0.000,0,1820,0,0
3759,4.887,4.887,4.478,0.121,0.003,0.285,1,0.000,0.000,0.000,0,1820,0,0
3760,4.201,4.201,3.743,0.131,0.005,0.323,1,0.000,0.000,0.000,0,1820,0,0
3761,5.566,5.566,5.184,0.124,0.005,0.253,1,0.000,0.000,0.000,0,1820,0,0
3762,4.372,4.372,4.027,0.125,0.003,0.216,1,0.000,0.000,0.000,0,1820,0,0
3763,4.299,4.299,3.868,0.122,0.005,0.305,1,0.000,0.000,0.000,0,1820,0,0
3764,3.780,3.780,3.438,0.120,0.003,0.220,1,0.000,0.000,0.000,0,1820,0,0
3765,3.687,3.687,3.344,0.120,0.003,0.219,1,0.000,0.000,0.000,0,1820,0,0
3766,3.761,3.761,3.356,0.120,0.003,0.282,1,0.000,0.000,0.000,0,1820,0,0
3767,3.875,3.875,3.502,0.121,0.003,0.248,1,0.000,0.000,0.000,0,1820,0,0
3768,3.733,3.733,3.368,0.121,0.003,0.241,1,0.000,0.000,0.000,0,1820,0,0
3769,4.735,4.735,4.258,0.143,0.004,0.330,1,0.000,0.000,0.000,0,1820,0,0
3770,3.960,3.960,3.591,0.121,0.003,0.244,1,0.000,0.000,0.000,0,1820,0,0
3771,4.081,4.081,3.649,0.182,0.004,0.246,1,0.000,0.000,0.000,0,1820,1,0
3772,4.815,4.815,4.378,0.124,0.003,0.310,1,0.000,0.000,0.000,0,1820,0,0
3773,4.610,4.610,4.225,0.126,0.005,0.253,1,0.000,0.000,0.000,0,1820,0,0
3774,5.128,5.128,4.705,0.139,0.005,0.279,1,0.000,0.000,0.000,0,1820,0,0
3775,4.073,4.073,3.578,0.121,0.003,0.372,1,0.000,0.000,0.000,0,1820,0,0
3776,4.148,4.148,3.746,0.129,0.005,0.268,1,0.000,0.000,0.000,0,1820,0,0
3777,4.375,4.375,3.998,0.123,0.003,0.251,1,0.000,0.000,0.000,0,1820,0,0
3778,4.135,4.135,3.650,0.123,0.005,0.358,1,0.000,0.000,0.000,0,1820,0,0
3779,3.908,3.908,3.522,0.120,0.004,0.262,1,0.000,0.000,0.000,0,1820,0,0
3780,4.252,4.252,3.867,0.121,0.003,0.261,1,0.000,0.000,0.000,0,1820,0,0
3781,3.838,3.838,3.374,0.121,0.003,0.341,1,0.000,0.000,0.000,0,1820,0,0
3782,3.836,3.836,3.465,0.121,0.003,0.246,1,0.000,0.000,0.000,0,1820,0,0
3783,3.852,3.852,3.490,0.116,0.004,0.243,1,0.000,0.000,0.000,0,740,0,0
3784,3.325,3.325,2.902,0.115,0.003,0.305,1,0.000,0.000,0.000,0,740,0,0
3785,3.174,3.174,2.829,0.114,0.003,0.228,1,0.000,0.000,0.000,0,740,0,0
3786,3.685,3.685,3.310,0.129,0.006,0.240,1,0.000,0.000,0.000,0,740,0,0
3787,4.378,4.378,3.960,0.118,0.003,0.296,1,0.000,0.000,0.000,0,740,0,0
3788,3.918,3.918,3.532,0.116,0.005,0.264,1,0.000,0.000,0.000,0,740,0,0
3789,4.241,4.241,3.858,0.116,0.004,0.264,1,0.000,0.000,0.000,0,740,0,0
3790,3.922,3.922,3.388,0.115,0.004,0.415,1,0.000,0.000,0.000,0,740,0,0
3791,3.372,3.372,2.917,0.115,0.003,0.338,1,0.000,0.000,0.000,0,740,0,0
3792,4.173,4.173,3.719,0.122,0.004,0.328,1,0.000,0.000,0.000,0,740,0,0
3793,3.592,3.592,3.031,0.115,0.004,0.443,1,0.000,0.000,0.000,0,740,0,0
3794,3.307,3.307,2.874,0.114,0.003,0.317,1,0.000,0.000,0.000,0,740,0,0
3795,3.796,3.796,3.355,0.116,0.004,0.322,1,0.000,0.000,0.000,0,740,0,0
3796,3.714,3.714,3.158,0.116,0.004,0.436,1,0.000,0.000,0.000,0,740,0,0
3797,3.426,3.426,3.002,0.115,0.003,0.306,1,0.000,0.000,0.000,0,740,0,0
3798,3.332,3.332,2.921,0.115,0.003,0.293,1,0.000,0.000,0.000,0,740,0,0
3799,3.389,3.389,2.928,0.116,0.003,0.342,1,0.000,0.000,0.000,0,740,0,0
3800,3.356,3.356,2.890,0.114,0.003,0.349,1,0.000,0.000,0.000,0,740,0,0
3801,4.820,4.820,4.312,0.115,0.004,0.389,1,0.000,0.000,0.000,0,736,0,0
3802,3.301,3.301,2.901,0.113,0.003,0.284,1,0.000,0.000,0.000,0,736,0,0
3803,3.275,3.275,2.876,0.114,0.003,0.282,1,0.000,0.000,0.000,0,736,0,0
3804,3.368,3.368,2.883,0.114,0.003,0.369,1,0.000,0.000,0.000,0,736,0,0
3805,3.401,3.401,2.923,0.114,0.003,0.361,1,0.000,0.000,0.000,0,736,0,0
3806,3.375,3.375,2.872,0.114,0.002,0.386,1,0.000,0.000,0.000,0,736,0,0
3807,3.576,3.576,2.903,0.114,0.003,0.556,1,0.000,0.000,0.000,0,736,0,0
3808,4.332,4.332,3.756,0.119,0.006,0.451,1,0.000,0.000,0.000,0,736,0,0
3809,4.039,4.039,3.485,0.114,0.004,0.436,1,0.000,0.000,0.000,0,736,0,0
3810,3.919,3.919,3.229,0.118,0.004,0.568,1,0.000,0.000,0.000,0,736,0,0
3811,4.165,4.165,3.612,0.116,0.005,0.433,1,0.000,0.000,0.000,0,736,0,0
3812,3.543,3.543,3.023,0.113,0.003,0.404,1,0.000,0.000,0.000,0,736,0,0
3813,3.596,3.596,2.954,0.115,0.003,0.524,1,0.000,0.000,0.000,0,736,0,0
3814,3.892,3.892,3.394,0.115,0.003,0.380,1,0.000,0.000,0.000,0,736,0,0
3815,4.889,4.889,4.391,0.114,0.003,0.381,1,0.000,0.000,0.000,0,736,0,0
3816,3.510,3.510,2.923,0.112,0.003,0.472,1,0.000,0.000,0.000,0,736,0,0
3817,3.880,3.880,3.402,0.114,0.003,0.360,1,0.000,0.000,0.000,0,736,0,0
3818,3.312,3.312,2.838,0.113,0.003,0.358,1,0.000,0.000,0.000,0,736,0,0
3819,3.709,3.709,3.043,0.115,0.003,0.549,1,0.000,0.000,0.000,0,736,0,0
3820,3.958,3.958,3.472,0.114,0.003,0.370,1,0.000,0.000,0.000,0,736,0,0
3821,3.327,3.327,2.868,0.114,0.004,0.342,1,0.000,0.000,0.000,0,736,0,0
3822,3.432,3.432,2.876,0.112,0.003,0.441,1,0.000,0.000,0.000,0,736,0,0
3823,3.412,3.412,2.974,0.114,0.004,0.320,1,0.000,0.000,0.000,0,736,0,0
3824,3.240,3.240,2.797,0.113,0.003,0.327,1,0.000,0.000,0.000,0,736,0,0
3825,3.380,3.380,2.815,0.129,0.003,0.434,1,0.000,0.000,0.000,0,736,0,0
3826,3.966,3.966,3.497,0.127,0.005,0.337,1,0.000,0.000,0.000,0,736,0,0
3827,4.526,4.526,4.080,0.116,0.004,0.326,1,0.000,0.000,0.000,0,736,0,0
3828,4.779,4.779,4.221,0.117,0.005,0.436,1,0.000,0.000,0.000,0,736,0,0
3829,3.566,3.566,3.135,0.114,0.004,0.313,1,0.000,0.000,0.000,0,736,0,0
3830,3.297,3.297,2.884,0.114,0.003,0.296,1,0.000,0.000,0.000,0,736,0,0
3831,3.321,3.321,2.813,0.113,0.003,0.392,1,0.000,0.000,0.000,0,736,0,0
3832,3.252,3.252,2.839,0.115,0.003,0.296,1,0.000,0.000,0.000,0,736,0,0
3833,3.208,3.208,2.797,0.113,0.003,0.295,1,0.000,0.000,0.000,0,736,0,0
3834,3.644,3.644,3.077,0.166,0.005,0.396,1,0.000,0.000,0.000,0,736,0,0
3835,3.499,3.499,3.058,0.115,0.003,0.323,1,0.000,0.000,0.000,0,736,0,0
3836,3.279,3.279,2.835,0.114,0.003,0.327,1,0.000,0.000,0.000,0,736,0,0
3837,4.153,4.153,3.566,0.116,0.003,0.469,1,0.000,0.000,0.000,0,736,0,0
3838,3.478,3.478,3.059,0.128,0.003,0.286,1,0.000,0.000,0.000,0,736,0,0
3839,3.991,3.991,3.562,0.115,0.005,0.310,1,0.000,0.000,0.000,0,736,0,0
3840,3.452,3.452,2.944,0.113,0.003,0.392,1,0.000,0.000,0.000,0,736,0,0
3841,3.254,3.254,2.840,0.113,0.003,0.297,1,0.000,0.000,0.000,0,736,0,0
3842,3.207,3.207,2.799,0.112,0.003,0.294,1,0.000,0.000,0.000,0,736,0,0
3843,3.913,3.913,3.406,0.117,0.005,0.384,1,0.000,0.000,0.000,0,736,0,0
3844,3.923,3.923,3.518,0.114,0.004,0.288,1,0.000,0.000,0.000,0,736,0,0
3845,3.356,3.356,2.955,0.114,0.003,0.283,1,0.000,0.000,0.000,0,736,0,0
3846,4.839,4.839,3.774,0.619,0.003,0.443,1,0.000,0.000,0.000,0,736,0,0
3847,3.281,3.281,2.899,0.115,0.003,0.264,1,0.000,0.000,0.000,0,736,0,0
3848,3.172,3.172,2.788,0.114,0.003,0.267,1,0.000,0.000,0.000,0,736,0,0
3849,3.807,3.807,3.347,0.115,0.003,0.342,1,0.000,0.000,0.000,0,736,0,0
3850,3.307,3.307,2.940,0.114,0.002,0.251,1,0.000,0.000,0.000,0,736,0,0
3851,3.299,3.299,2.857,0.112,0.003,0.327,1,0.000,0.000,0.000,0,736,0,0
3852,3.402,3.402,2.872,0.115,0.003,0.412,1,0.000,0.000,0.000,0,736,0,0
3853,3.214,3.214,2.790,0.112,0.003,0.309,1,0.000,0.000,0.000,0,736,0,0
3854,3.477,3.477,3.049,0.114,0.003,0.310,1,0.000,0.000,0.000,0,736,0,0
3855,3.384,3.384,2.846,0.114,0.003,0.421,1,0.000,0.000,0.000,0,736,0,0
3856,4.298,4.298,3.856,0.113,0.007,0.323,1,0.000,0.000,0.000,0,736,0,0
3857,4.086,4.086,3.649,0.117,0.004,0.315,1,0.000,0.000,0.000,0,736,0,0
3858,3.958,3.958,3.369,0.178,0.003,0.407,1,0.000,0.000,0.000,0,736,0,0
3859,3.547,3.547,3.102,0.115,0.004,0.326,1,0.000,0.000,0.000,0,736,0,0
3860,3.245,3.245,2.850,0.114,0.003,0.277,1,0.000,0.000,0.000,0,736,0,0
3861,3.292,3.292,2.808,0.114,0.003,0.367,1,0.000,0.000,0.000,0,736,0,0
3862,3.700,3.700,3.304,0.114,0.003,0.279,1,0.000,0.000,0.000,0,736,0,0
3863,3.238,3.238,2.843,0.114,0.003,0.278,1,0.000,0.000,0.000,0,736,0,0
3864,3.284,3.284,2.799,0.114,0.003,0.368,1,0.000,0.000,0.000,0,736,0,0
3865,3.735,3.735,3.362,0.119,0.005,0.250,1,0.000,0.000,0.000,0,736,0,0
3866,3.403,3.403,3.065,0.114,0.004,0.220,1,0.000,0.000,0.000,0,736,0,0
3867,3.139,3.139,2.835,0.114,0.003,0.188,1,0.000,0.000,0.000,0,736,0,0
3868,3.645,3.645,3.375,0.133,0.003,0.134,1,0.000,0.000,0.000,0,736,0,0
3869,3.234,3.234,2.980,0.114,0.003,0.137,1,0.000,0.000,0.000,0,736,0,0
3870,3.415,3.415,3.125,0.113,0.003,0.174,1,0.000,0.000,0.000,0,736,0,0
3871,3.035,3.035,2.788,0.113,0.003,0.131,1,0.000,0.000,0.000,0,736,0,0
3872,3.154,3.154,2.847,0.113,0.003,0.191,1,0.000,0.000,0.000,0,736,0,0
3873,3.523,3.523,3.191,0.180,0.005,0.147,1,0.000,0.000,0.000,0,736,1,0
3874,3.191,3.191,2.962,0.114,0.004,0.113,1,0.000,0.000,0.000,0,736,0,0
3875,3.013,3.013,2.798,0.114,0.003,0.098,1,0.000,0.000,0.000,0,736,0,0
3876,4.167,4.167,3.912,0.116,0.005,0.135,1,0.000,0.000,0.000,0,736,0,0
3877,3.498,3.498,3.259,0.115,0.003,0.121,1,0.000,0.000,0.000,0,736,0,0
3878,3.197,3.197,2.959,0.114,0.003,0.121,1,0.000,0.000,0.000,0,736,0,0
3879,3.251,3.251,2.980,0.114,0.003,0.155,1,0.000,0.000,0.000,0,736,0,0
3880,3.126,3.126,2.886,0.114,0.003,0.123,1,0.000,0.000,0.000,0,736,0,0
3881,3.225,3.225,2.982,0.112,0.003,0.128,1,0.000,0.000,0.000,0,736,0,0
3882,3.302,3.302,2.991,0.114,0.004,0.192,1,0.000,0.000,0.000,0,736,0,0
3883,3.138,3.138,2.893,0.113,0.003,0.129,1,0.000,0.000,0.000,0,736,0,0
3884,3.126,3.126,2.880,0.114,0.003,0.129,1,0.000,0.000,0.000,0,736,0,0
3885,3.215,3.215,2.927,0.114,0.004,0.171,1,0.000,0.000,0.000,0,736,0,0
3886,3.338,3.338,3.090,0.114,0.003,0.130,1,0.000,0.000,0.000,0,736,0,0
3887,3.148,3.148,2.902,0.113,0.003,0.131,1,0.000,0.000,0.000,0,736,0,0
3888,3.254,3.254,2.980,0.113,0.003,0.158,1,0.000,0.000,0.000,0,736,0,0
3889,3.148,3.148,2.895,0.114,0.002,0.137,1,0.000,0.000,0.000,0,736,0,0
3890,3.081,3.081,2.868,0.112,0.003,0.098,1,0.000,0.000,0.000,0,736,0,0
3891,3.109,3.109,2.863,0.113,0.003,0.130,1,0.000,0.000,0.000,0,736,0,0
3892,3.043,3.043,2.829,0.115,0.003,0.096,1,0.000,0.000,0.000,0,736,0,0
3893,2.999,2.999,2.787,0.112,0.003,0.096,1,0.000,0.000,0.000,0,736,0,0
3894,3.060,3.060,2.818,0.113,0.002,0.126,1,0.000,0.000,0.000,0,736,0,0
3895,3.003,3.003,2.791,0.112,0.003,0.096,1,0.000,0.000,0.000,0,736,0,0
3896,3.086,3.086,2.895,0.113,0.003,0.076,1,0.000,0.000,0.000,0,736,0,0
3897,3.093,3.093,2.810,0.114,0.003,0.166,1,0.000,0.000,0.000,0,736,0,0
3898,3.261,3.261,3.010,0.114,0.003,0.133,1,0.000,0.000,0.000,0,736,0,0
3899,3.626,3.626,3.312,0.113,0.007,0.193,1,0.000,0.000,0.000,0,736,0,0
3900,3.959,3.959,3.701,0.121,0.003,0.135,1,0.000,0.000,0.000,0,736,0,0
3901,3.624,3.624,3.377,0.117,0.004,0.126,1,0.000,0.000,0.000,0,736,0,0
3902,3.224,3.224,2.964,0.114,0.003,0.144,1,0.000,0.000,0.000,0,736,0,0
3903,3.046,3.046,2.833,0.114,0.003,0.096,1,0.000,0.000,0.000,0,736,0,0
3904,3.088,3.088,2.878,0.114,0.003,0.093,1,0.000,0.000,0.000,0,736,0,0
3905,3.065,3.065,2.844,0.114,0.003,0.103,1,0.000,0.000,0.000,0,736,0,0
3906,3.021,3.021,2.821,0.113,0.003,0.084,1,0.000,0.000,0.000,0,736,0,0
3907,2.979,2.979,2.781,0.114,0.003,0.081,1,0.000,0.000,0.000,0,736,0,0
3908,3.033,3.033,2.811,0.114,0.003,0.107,1,0.000,0.000,0.000,0,736,0,0
3909,2.994,2.994,2.799,0.112,0.003,0.080,1,0.000,0.000,0.000,0,736,0,0
3910,3.042,3.042,2.846,0.113,0.003,0.080,1,0.000,0.000,0.000,0,736,0,0
3911,3.132,3.132,2.907,0.113,0.003,0.108,1,0.000,0.000,0.000,0,736,0,0
3912,3.133,3.133,2.867,0.114,0.003,0.149,1,0.000,0.000,0.000,0,736,0,0
3913,3.918,3.918,3.653,0.115,0.005,0.144,1,0.000,0.000,0.000,0,736,0,0
3914,3.508,3.508,3.214,0.115,0.003,0.176,1,0.000,0.000,0.000,0,736,0,0
3915,3.822,3.822,3.546,0.128,0.003,0.144,1,0.000,0.000,0.000,0,736,0,0
3916,3.985,3.985,3.640,0.183,0.006,0.156,1,0.000,0.000,0.000,0,736,0,0
3917,3.345,3.345,3.038,0.114,0.004,0.189,1,0.000,0.000,0.000,0,736,0,0
3918,3.138,3.138,2.887,0.113,0.003,0.135,1,0.000,0.000,0.000,0,736,0,0
3919,3.272,3.272,3.014,0.115,0.003,0.140,1,0.000,0.000,0.000,0,736,0,0
3920,3.118,3.118,2.860,0.112,0.003,0.143,1,0.000,0.000,0.000,0,736,0,0
3921,2.995,2.995,2.799,0.113,0.003,0.080,1,0.000,0.000,0.000,0,736,0,0
3922,3.078,3.078,2.884,0.112,0.003,0.079,1,0.000,0.000,0.000,0,736,0,0
3923,3.041,3.041,2.821,0.114,0.003,0.103,1,0.000,0.000,0.000,0,736,0,0
3924,3.124,3.124,2.882,0.115,0.003,0.124,1,0.000,0.000,0.000,0,736,0,0
3925,3.134,3.134,2.867,0.115,0.003,0.150,1,0.000,0.000,0.000,0,736,0,0
3926,3.327,3.327,2.989,0.113,0.003,0.222,1,0.000,0.000,0.000,0,736,0,0
3927,3.298,3.298,2.866,0.114,0.003,0.314,1,0.000,0.000,0.000,0,736,0,0
3928,3.213,3.213,2.820,0.114,0.003,0.276,1,0.000,0.000,0.000,0,736,0,0
3929,3.318,3.318,2.836,0.114,0.003,0.366,1,0.000,0.000,0.000,0,736,0,0
3930,3.295,3.295,2.903,0.113,0.003,0.276,1,0.000,0.000,0.000,0,736,0,0
3931,3.243,3.243,2.849,0.113,0.003,0.280,1,0.000,0.000,0.000,0,736,0,0
3932,3.365,3.365,2.883,0.114,0.003,0.366,1,0.000,0.000,0.000,0,736,0,0
3933,3.214,3.214,2.822,0.112,0.003,0.276,1,0.000,0.000,0.000,0,736,0,0
3934,3.229,3.229,2.860,0.112,0.003,0.254,1,0.000,0.000,0.000,0,736,0,0
3935,3.283,3.283,2.804,0.112,0.003,0.364,1,0.000,0.000,0.000,0,736,0,0
3936,3.183,3.183,2.807,0.113,0.003,0.261,1,0.000,0.000,0.000,0,736,0,0
3937,3.815,3.815,3.412,0.123,0.003,0.277,1,0.000,0.000,0.000,0,736,0,0
3938,3.413,3.413,2.928,0.113,0.003,0.370,1,0.000,0.000,0.000,0,736,0,0
3939,3.255,3.255,2.856,0.115,0.003,0.281,1,0.000,0.000,0.000,0,736,0,0
3940,3.184,3.184,2.806,0.114,0.003,0.261,1,0.000,0.000,0.000,0,736,0,0
3941,3.616,3.616,3.135,0.119,0.006,0.356,1,0.000,0.000,0.000,0,736,0,0
3942,3.482,3.482,3.062,0.113,0.003,0.304,1,0.000,0.000,0.000,0,736,0,0
3943,3.451,3.451,3.067,0.115,0.003,0.265,1,0.000,0.000,0.000,0,736,0,0
3944,3.392,3.392,2.925,0.124,0.003,0.340,1,0.000,0.000,0.000,0,736,0,0
3945,3.396,3.396,3.020,0.115,0.004,0.257,1,0.000,0.000,0.000,0,736,0,0
3946,3.288,3.288,2.868,0.160,0.003,0.256,1,0.000,0.000,0.000,0,736,0,0
3947,4.486,4.486,4.001,0.114,0.003,0.367,1,0.000,0.000,0.000,0,736,0,0
3948,3.286,3.286,2.893,0.115,0.003,0.275,1,0.000,0.000,0.000,0,736,0,0
3949,3.242,3.242,2.867,0.114,0.002,0.259,1,0.000,0.000,0.000,0,736,0,0
3950,3.359,3.359,2.883,0.112,0.003,0.362,1,0.000,0.000,0.000,0,736,0,0
3951,3.178,3.178,2.806,0.114,0.003,0.255,1,0.000,0.000,0.000,0,736,0,0
3952,3.164,3.164,2.791,0.114,0.003,0.256,1,0.000,0.000,0.000,0,736,0,0
3953,3.264,3.264,2.808,0.113,0.003,0.340,1,0.000,0.000,0.000,0,736,0,0
3954,3.194,3.194,2.810,0.114,0.003,0.268,1,0.000,0.000,0.000,0,736,0,0
3955,3.143,3.143,2.772,0.113,0.003,0.255,1,0.000,0.000,0.000,0,736,0,0
3956,3.233,3.233,2.778,0.113,0.003,0.338,1,0.000,0.000,0.000,0,736,0,0
3957,4.992,4.992,4.562,0.124,0.008,0.298,1,0.000,0.000,0.000,0,736,0,0
3958,4.237,4.237,3.821,0.122,0.005,0.288,1,0.000,0.000,0.000,0,736,0,0
3959,5.277,5.277,4.126,0.118,0.005,1.029,1,0.000,0.000,0.000,0,736,0,0
3960,3.829,3.829,3.437,0.114,0.005,0.273,1,0.000,0.000,0.000,0,736,0,0
3961,3.385,3.385,2.996,0.114,0.003,0.272,1,0.000,0.000,0.000,0,736,0,0
3962,3.830,3.830,3.325,0.114,0.003,0.388,1,0.000,0.000,0.000,0,736,0,0
3963,4.180,4.180,3.768,0.117,0.006,0.289,1,0.000,0.000,0.000,0,736,0,0
3964,3.537,3.537,3.126,0.114,0.003,0.294,1,0.000,0.000,0.000,0,736,0,0
3965,5.114,5.114,4.615,0.114,0.004,0.380,1,0.000,0.000,0.000,0,736,0,0
3966,3.858,3.858,3.448,0.114,0.004,0.292,1,0.000,0.000,0.000,0,736,0,0
3967,3.600,3.600,3.214,0.122,0.003,0.260,1,0.000,0.000,0.000,0,736,0,0
3968,4.061,4.061,3.609,0.116,0.003,0.333,1,0.000,0.000,0.000,0,736,0,0
3969,3.496,3.496,3.122,0.114,0.003,0.258,1,0.000,0.000,0.000,0,736,0,0
3970,3.281,3.281,2.910,0.113,0.003,0.255,1,0.000,0.000,0.000,0,736,0,0
3971,3.411,3.411,2.951,0.114,0.003,0.343,1,0.000,0.000,0.000,0,736,0,0
3972,3.372,3.372,3.010,0.113,0.003,0.246,1,0.000,0.000,0.000,0,736,0,0
3973,3.434,3.434,2.986,0.113,0.003,0.333,1,0.000,0.000,0.000,0,736,0,0
3974,3.411,3.411,2.885,0.114,0.003,0.408,1,0.000,0.000,0.000,0,736,0,0
3975,3.217,3.217,2.794,0.113,0.003,0.308,1,0.000,0.000,0.000,0,736,0,0
3976,3.229,3.229,2.780,0.112,0.003,0.334,1,0.000,0.000,0.000,0,736,0,0
3977,3.339,3.339,2.814,0.113,0.003,0.409,1,0.000,0.000,0.000,0,736,0,0
3978,3.222,3.222,2.795,0.114,0.003,0.311,1,0.000,0.000,0.000,0,736,0,0
3979,3.204,3.204,2.780,0.112,0.003,0.309,1,0.000,0.000,0.000,0,736,0,0
3980,3.443,3.443,2.904,0.115,0.003,0.422,1,0.000,0.000,0.000,0,736,0,0
3981,3.222,3.222,2.806,0.114,0.003,0.300,1,0.000,0.000,0.000,0,736,0,0
3982,3.214,3.214,2.804,0.113,0.003,0.295,1,0.000,0.000,0.000,0,736,0,0
3983,3.421,3.421,2.913,0.113,0.003,0.391,1,0.000,0.000,0.000,0,736,0,0
3984,3.666,3.666,3.232,0.114,0.003,0.318,1,0.000,0.000,0.000,0,736,0,0
3985,3.256,3.256,2.832,0.113,0.003,0.308,1,0.000,0.000,0.000,0,736,0,0
3986,3.323,3.323,2.846,0.114,0.003,0.360,1,0.000,0.000,0.000,0,736,0,0
3987,3.136,3.136,2.843,0.114,0.002,0.177,1,0.000,0.000,0.000,0,736,0,0
3988,3.193,3.193,2.871,0.113,0.003,0.206,1,0.000,0.000,0.000,0,736,0,0
3989,3.192,3.192,2.814,0.113,0.002,0.263,1,0.000,0.000,0.000,0,736,0,0
3990,3.026,3.026,2.762,0.113,0.003,0.148,1,0.000,0.000,0.000,0,736,0,0
3991,3.111,3.111,2.815,0.144,0.003,0.150,1,0.000,0.000,0.000,0,736,1,0
3992,3.147,3.147,2.836,0.114,0.003,0.194,1,0.000,0.000,0.000,0,736,0,0
3993,3.070,3.070,2.813,0.113,0.003,0.141,1,0.000,0.000,0.000,0,736,0,0
3994,3.593,3.593,3.313,0.123,0.006,0.150,1,0.000,0.000,0.000,0,736,0,0
3995,3.326,3.326,3.041,0.115,0.003,0.167,1,0.000,0.000,0.000,0,736,0,0
3996,3.118,3.118,2.878,0.114,0.003,0.123,1,0.000,0.000,0.000,0,736,0,0
3997,3.024,3.024,2.791,0.115,0.003,0.115,1,0.000,0.000,0.000,0,736,0,0
3998,3.053,3.053,2.784,0.115,0.003,0.151,1,0.000,0.000,0.000,0,736,0,0
3999,3.005,3.005,2.774,0.113,0.003,0.114,1,0.000,0.000,0.000,0,736,0,0
4000,3.070,3.070,2.805,0.113,0.003,0.150,1,0.000,0.000,0.000,0,736,0,0
4001,3.010,3.010,2.778,0.114,0.003,0.115,1,0.000,0.000,0.000,0,736,0,0
4002,2.994,2.994,2.774,0.113,0.002,0.105,1,0.000,0.000,0.000,0,736,0,0
4003,3.165,3.165,2.895,0.113,0.003,0.154,1,0.000,0.000,0.000,0,736,0,0
4004,3.034,3.034,2.810,0.114,0.003,0.107,1,0.000,0.000,0.000,0,736,0,0
4005,3.832,3.832,3.594,0.118,0.005,0.116,1,0.000,0.000,0.000,0,736,0,0
4006,3.469,3.469,3.203,0.114,0.003,0.148,1,0.000,0.000,0.000,0,736,0,0
4007,3.087,3.087,2.862,0.114,0.003,0.108,1,0.000,0.000,0.000,0,736,0,0
4008,3.054,3.054,2.830,0.113,0.003,0.108,1,0.000,0.000,0.000,0,736,0,0
4009,3.068,3.068,2.811,0.113,0.003,0.140,1,0.000,0.000,0.000,0,736,0,0
4010,3.074,3.074,2.863,0.113,0.002,0.096,1,0.000,0.000,0.000,0,736,0,0
4011,3.067,3.067,2.824,0.114,0.003,0.126,1,0.000,0.000,0.000,0,736,0,0
4012,3.029,3.029,2.796,0.113,0.003,0.116,1,0.000,0.000,0.000,0,736,0,0
4013,2.968,2.968,2.776,0.114,0.003,0.076,1,0.000,0.000,0.000,0,736,0,0
4014,2.992,2.992,2.798,0.115,0.003,0.076,1,0.000,0.000,0.000,0,736,0,0
4015,3.013,3.013,2.795,0.114,0.003,0.101,1,0.000,0.000,0.000,0,736,0,0
4016,2.965,2.965,2.774,0.112,0.002,0.076,1,0.000,0.000,0.000,0,736,0,0
4017,2.949,2.949,2.758,0.113,0.002,0.076,1,0.000,0.000,0.000,0,736,0,0
4018,3.094,3.094,2.881,0.113,0.003,0.096,1,0.000,0.000,0.000,0,736,0,0
4019,3.236,3.236,3.021,0.114,0.003,0.098,1,0.000,0.000,0.000,0,736,0,0
4020,3.030,3.030,2.820,0.112,0.004,0.094,1,0.000,0.000,0.000,0,736,0,0
4021,3.030,3.030,2.794,0.113,0.003,0.120,1,0.000,0.000,0.000,0,736,0,0
4022,3.008,3.008,2.799,0.114,0.003,0.092,1,0.000,0.000,0.000,0,736,0,0
4023,2.993,2.993,2.788,0.113,0.002,0.090,1,0.000,0.000,0.000,0,736,0,0
4024,2.988,2.988,2.775,0.114,0.003,0.098,1,0.000,0.000,0.000,0,736,0,0
4025,2.966,2.966,2.778,0.112,0.003,0.073,1,0.000,0.000,0.000,0,736,0,0
4026,3.018,3.018,2.831,0.113,0.003,0.072,1,0.000,0.000,0.000,0,736,0,0
4027,2.981,2.981,2.790,0.113,0.003,0.076,1,0.000,0.000,0.000,0,736,0,0
4028,2.932,2.932,2.758,0.113,0.003,0.059,1,0.000,0.000,0.000,0,736,0,0
4029,2.941,2.941,2.764,0.114,0.003,0.059,1,0.000,0.000,0.000,0,736,0,0
4030,2.955,2.955,2.765,0.112,0.002,0.076,1,0.000,0.000,0.000,0,736,0,0
4031,2.926,2.926,2.751,0.114,0.003,0.059,1,0.000,0.000,0.000,0,736,0,0
4032,2.940,2.940,2.751,0.128,0.003,0.059,1,0.000,0.000,0.000,0,736,0,0
4033,3.085,3.085,2.878,0.113,0.003,0.092,1,0.000,0.000,0.000,0,736,0,0
4034,3.015,3.015,2.775,0.112,0.003,0.125,1,0.000,0.000,0.000,0,736,0,0
4035,3.006,3.006,2.762,0.114,0.002,0.128,1,0.000,0.000,0.000,0,736,0,0
4036,3.035,3.035,2.773,0.113,0.003,0.147,1,0.000,0.000,0.000,0,736,0,0
4037,3.022,3.022,2.793,0.114,0.003,0.112,1,0.000,0.000,0.000,0,736,0,0
4038,4.394,4.394,4.149,0.117,0.006,0.122,1,0.000,0.000,0.000,0,736,0,0
4039,3.617,3.617,3.342,0.116,0.004,0.155,1,0.000,0.000,0.000,0,736,0,0
4040,3.104,3.104,2.874,0.113,0.003,0.113,1,0.000,0.000,0.000,0,736,0,0
4041,3.760,3.760,3.525,0.116,0.003,0.116,1,0.000,0.000,0.000,0,736,0,0
4042,3.081,3.081,2.861,0.114,0.003,0.104,1,0.000,0.000,0.000,0,736,0,0
4043,2.971,2.971,2.795,0.115,0.003,0.058,1,0.000,0.000,0.000,0,736,0,0
4044,2.976,2.976,2.801,0.114,0.003,0.059,1,0.000,0.000,0.000,0,736,0,0
4045,3.113,3.113,2.894,0.113,0.003,0.104,1,0.000,0.000,0.000,0,736,0,0
4046,2.982,2.982,2.773,0.114,0.003,0.093,1,0.000,0.000,0.000,0,736,0,0
4047,3.052,3.052,2.845,0.112,0.003,0.093,1,0.000,0.000,0.000,0,736,0,0
4048,3.234,3.234,2.965,0.112,0.002,0.153,1,0.000,0.000,0.000,0,736,0,0
4049,3.141,3.141,2.825,0.113,0.003,0.200,1,0.000,0.000,0.000,0,736,0,0
4050,3.064,3.064,2.766,0.113,0.003,0.183,1,0.000,0.000,0.000,0,736,0,0
4051,3.174,3.174,2.815,0.114,0.003,0.242,1,0.000,0.000,0.000,0,736,0,0
4052,3.086,3.086,2.788,0.113,0.002,0.182,1,0.000,0.000,0.000,0,736,0,0
4053,3.057,3.057,2.759,0.112,0.003,0.183,1,0.000,0.000,0.000,0,736,0,0
4054,3.153,3.153,2.795,0.113,0.003,0.242,1,0.000,0.000,0.000,0,736,0,0
4055,3.073,3.073,2.774,0.114,0.003,0.183,1,0.000,0.000,0.000,0,736,0,0
4056,3.364,3.364,3.083,0.114,0.003,0.164,1,0.000,0.000,0.000,0,736,0,0
4057,3.216,3.216,2.855,0.114,0.003,0.243,1,0.000,0.000,0.000,0,736,0,0
4058,3.136,3.136,2.849,0.115,0.003,0.169,1,0.000,0.000,0.000,0,736,0,0
4059,3.091,3.091,2.806,0.114,0.003,0.168,1,0.000,0.000,0.000,0,736,0,0
4060,3.113,3.113,2.774,0.113,0.003,0.223,1,0.000,0.000,0.000,0,736,0,0
4061,3.057,3.057,2.773,0.113,0.003,0.168,1,0.000,0.000,0.000,0,736,0,0
4062,3.064,3.064,2.779,0.113,0.003,0.168,1,0.000,0.000,0.000,0,736,0,0
4063,3.156,3.156,2.818,0.114,0.003,0.223,1,0.000,0.000,0.000,0,736,0,0
4064,3.210,3.210,2.891,0.113,0.002,0.203,1,0.000,0.000,0.000,0,736,0,0
4065,3.084,3.084,2.815,0.114,0.003,0.153,1,0.000,0.000,0.000,0,736,0,0
4066,3.082,3.082,2.779,0.112,0.003,0.188,1,0.000,0.000,0.000,0,736,0,0
4067,3.038,3.038,2.778,0.114,0.003,0.144,1,0.000,0.000,0.000,0,736,0,0
4068,3.553,3.553,3.258,0.121,0.006,0.168,1,0.000,0.000,0.000,0,736,0,0
4069,3.313,3.313,2.976,0.114,0.004,0.220,1,0.000,0.000,0.000,0,736,0,0
4070,3.071,3.071,2.796,0.112,0.003,0.160,1,0.000,0.000,0.000,0,736,0,0
4071,3.096,3.096,2.826,0.114,0.003,0.153,1,0.000,0.000,0.000,0,736,0,0
4072,3.214,3.214,2.883,0.112,0.003,0.216,1,0.000,0.000,0.000,0,736,0,0
4073,3.081,3.081,2.815,0.113,0.003,0.150,1,0.000,0.000,0.000,0,736,0,0
4074,3.207,3.207,2.945,0.112,0.002,0.147,1,0.000,0.000,0.000,0,736,0,0
4075,4.182,4.182,3.854,0.117,0.006,0.205,1,0.000,0.000,0.000,0,736,0,0
4076,3.223,3.223,2.958,0.113,0.003,0.149,1,0.000,0.000,0.000,0,736,0,0
4077,3.449,3.449,3.180,0.117,0.004,0.149,1,0.000,0.000,0.000,0,736,0,0
4078,3.954,3.954,3.635,0.114,0.004,0.200,1,0.000,0.000,0.000,0,736,0,0
4079,4.174,4.174,3.892,0.117,0.004,0.161,1,0.000,0.000,0.000,0,736,0,0
4080,3.582,3.582,3.281,0.115,0.004,0.182,1,0.000,0.000,0.000,0,736,0,0
4081,4.014,4.014,3.673,0.122,0.003,0.215,1,0.000,0.000,0.000,0,768,0,0
4082,3.175,3.175,2.889,0.121,0.003,0.162,1,0.000,0.000,0.000,0,768,0,0
4083,3.128,3.128,2.844,0.121,0.003,0.161,1,0.000,0.000,0.000,0,768,0,0
4084,3.441,3.441,3.104,0.120,0.003,0.213,1,0.000,0.000,0.000,0,768,0,0
4085,3.816,3.816,3.337,0.307,0.004,0.167,1,0.000,0.000,0.000,0,768,0,0
4086,3.425,3.425,3.129,0.121,0.004,0.170,1,0.000,0.000,0.000,0,768,0,0
4087,4.407,4.407,4.056,0.130,0.004,0.216,1,0.000,0.000,0.000,0,768,0,0
4088,3.924,3.924,3.655,0.124,0.003,0.142,1,0.000,0.000,0.000,0,768,0,0
4089,3.650,3.650,3.364,0.123,0.005,0.158,1,0.000,0.000,0.000,0,768,0,0
4090,3.273,3.273,2.956,0.121,0.003,0.194,1,0.000,0.000,0.000,0,768,0,0
4091,3.150,3.150,2.880,0.121,0.003,0.147,1,0.000,0.000,0.000,0,768,0,0
4092,3.120,3.120,2.849,0.121,0.003,0.147,1,0.000,0.000,0.000,0,768,0,0
4093,3.158,3.158,2.842,0.121,0.002,0.193,1,0.000,0.000,0.000,0,768,0,0
4094,3.212,3.212,2.963,0.119,0.003,0.127,1,0.000,0.000,0.000,0,768,0,0
4095,3.811,3.811,3.458,0.125,0.003,0.224,1,0.000,0.000,0.000,0,768,0,0
4096,3.685,3.685,3.306,0.121,0.007,0.251,1,0.000,0.000,0.000,0,768,0,0
4097,3.415,3.415,3.069,0.129,0.005,0.212,1,0.000,0.000,0.000,0,768,0,0
4098,3.496,3.496,3.095,0.133,0.003,0.264,1,0.000,0.000,0.000,0,768,0,0
4099,3.362,3.362,3.036,0.120,0.003,0.203,1,0.000,0.000,0.000,0,768,0,0
4100,3.854,3.854,3.516,0.123,0.005,0.210,1,0.000,0.000,0.000,0,768,0,0
4101,4.205,4.205,3.817,0.126,0.003,0.258,1,0.000,0.000,0.000,0,768,0,0
4102,3.969,3.969,3.612,0.123,0.005,0.229,1,0.000,0.000,0.000,0,768,0,0
4103,3.347,3.347,3.029,0.121,0.004,0.194,1,0.000,0.000,0.000,0,768,0,0
4104,3.430,3.430,3.039,0.121,0.003,0.266,1,0.000,0.000,0.000,0,768,0,0
4105,3.193,3.193,2.879,0.120,0.003,0.191,1,0.000,0.000,0.000,0,768,0,0
4106,3.146,3.146,2.837,0.121,0.003,0.185,1,0.000,0.000,0.000,0,768,0,0
4107,3.645,3.645,3.257,0.123,0.004,0.260,1,0.000,0.000,0.000,0,768,0,0
4108,3.329,3.329,3.048,0.121,0.004,0.156,1,0.000,0.000,0.000,0,768,0,0
4109,3.437,3.437,3.116,0.178,0.003,0.140,1,0.000,0.000,0.000,0,768,1,0
4110,3.785,3.785,3.433,0.122,0.004,0.226,1,0.000,0.000,0.000,0,768,0,0
4111,3.281,3.281,2.985,0.121,0.003,0.171,1,0.000,0.000,0.000,0,768,0,0
4112,3.139,3.139,2.850,0.120,0.002,0.166,1,0.000,0.000,0.000,0,768,0,0
4113,3.203,3.203,2.852,0.120,0.003,0.229,1,0.000,0.000,0.000,0,768,0,0
4114,3.283,3.283,2.994,0.121,0.003,0.165,1,0.000,0.000,0.000,0,768,0,0
4115,3.115,3.115,2.844,0.121,0.003,0.147,1,0.000,0.000,0.000,0,768,0,0
4116,3.195,3.195,2.863,0.133,0.003,0.196,1,0.000,0.000,0.000,0,768,0,0
4117,3.809,3.809,3.522,0.127,0.005,0.155,1,0.000,0.000,0.000,0,768,0,0
4118,3.417,3.417,3.143,0.122,0.004,0.149,1,0.000,0.000,0.000,0,768,0,0
4119,3.216,3.216,2.916,0.123,0.003,0.175,1,0.000,0.000,0.000,0,768,0,0
4120,3.109,3.109,2.854,0.120,0.003,0.132,1,0.000,0.000,0.000,0,768,0,0
4121,3.128,3.128,2.873,0.120,0.003,0.133,1,0.000,0.000,0.000,0,768,0,0
4122,3.126,3.126,2.828,0.121,0.003,0.174,1,0.000,0.000,0.000,0,768,0,0
4123,3.067,3.067,2.812,0.120,0.003,0.132,1,0.000,0.000,0.000,0,768,0,0
4124,3.610,3.610,3.343,0.122,0.005,0.140,1,0.000,0.000,0.000,0,768,0,0
4125,3.652,3.652,3.298,0.122,0.004,0.229,1,0.000,0.000,0.000,0,768,0,0
4126,3.179,3.179,2.893,0.120,0.003,0.164,1,0.000,0.000,0.000,0,768,0,0
4127,3.185,3.185,2.900,0.121,0.003,0.160,1,0.000,0.000,0.000,0,768,0,0
4128,3.232,3.232,2.898,0.121,0.003,0.210,1,0.000,0.000,0.000,0,768,0,0
4129,3.125,3.125,2.821,0.121,0.003,0.180,1,0.000,0.000,0.000,0,768,0,0
4130,3.130,3.130,2.847,0.121,0.003,0.159,1,0.000,0.000,0.000,0,768,0,0
4131,3.188,3.188,2.853,0.120,0.003,0.212,1,0.000,0.000,0.000,0,768,0,0
4132,3.170,3.170,2.908,0.119,0.002,0.140,1,0.000,0.000,0.000,0,768,0,0
4133,3.153,3.153,2.855,0.121,0.003,0.174,1,0.000,0.000,0.000,0,768,0,0
4134,3.266,3.266,2.973,0.120,0.003,0.170,1,0.000,0.000,0.000,0,768,0,0
4135,3.117,3.117,2.865,0.121,0.003,0.129,1,0.000,0.000,0.000,0,768,0,0
4136,3.069,3.069,2.817,0.121,0.003,0.129,1,0.000,0.000,0.000,0,768,0,0
4137,3.125,3.125,2.833,0.121,0.002,0.169,1,0.000,0.000,0.000,0,768,0,0
4138,4.996,4.996,4.735,0.126,0.003,0.132,1,0.000,0.000,0.000,0,768,0,0
4139,3.718,3.718,3.451,0.121,0.005,0.140,1,0.000,0.000,0.000,0,768,0,0
4140,3.401,3.401,3.084,0.121,0.003,0.194,1,0.000,0.000,0.000,0,768,0,0
4141,3.394,3.394,3.109,0.119,0.004,0.161,1,0.000,0.000,0.000,0,768,0,0
4142,5.083,5.083,4.797,0.131,0.005,0.150,1,0.000,0.000,0.000,0,772,0,0
4143,3.767,3.767,3.441,0.121,0.006,0.199,1,0.000,0.000,0.000,0,772,0,0
4144,3.732,3.732,3.440,0.121,0.003,0.168,1,0.000,0.000,0.000,0,772,0,0
4145,3.952,3.952,3.665,0.124,0.004,0.158,1,0.000,0.000,0.000,0,772,0,0
4146,3.722,3.722,3.409,0.124,0.005,0.184,1,0.000,0.000,0.000,0,772,0,0
4147,3.917,3.917,3.667,0.123,0.004,0.123,1,0.000,0.000,0.000,0,772,0,0
4148,3.913,3.913,3.652,0.123,0.004,0.133,1,0.000,0.000,0.000,0,772,0,0
4149,3.233,3.233,2.962,0.120,0.003,0.148,1,0.000,0.000,0.000,0,772,0,0
4150,3.119,3.119,2.884,0.122,0.003,0.111,1,0.000,0.000,0.000,0,772,0,0
4151,3.108,3.108,2.872,0.121,0.003,0.111,1,0.000,0.000,0.000,0,772,0,0
4152,3.104,3.104,2.835,0.120,0.003,0.146,1,0.000,0.000,0.000,0,772,0,0
4153,3.058,3.058,2.822,0.121,0.003,0.112,1,0.000,0.000,0.000,0,772,0,0
4154,3.071,3.071,2.834,0.121,0.003,0.112,1,0.000,0.000,0.000,0,772,0,0
4155,3.267,3.267,2.982,0.121,0.003,0.162,1,0.000,0.000,0.000,0,772,0,0
4156,3.166,3.166,2.866,0.121,0.003,0.176,1,0.000,0.000,0.000,0,772,0,0
4157,3.145,3.145,2.856,0.122,0.003,0.164,1,0.000,0.000,0.000,0,772,0,0
4158,3.962,3.962,3.617,0.122,0.003,0.219,1,0.000,0.000,0.000,0,772,0,0
4159,4.622,4.622,4.296,0.127,0.004,0.194,1,0.000,0.000,0.000,0,772,0,0
4160,4.009,4.009,3.679,0.123,0.003,0.204,1,0.000,0.000,0.000,0,796,0,0
4161,4.132,4.132,3.743,0.125,0.005,0.259,1,0.000,0.000,0.000,0,820,0,0
4162,3.398,3.398,3.085,0.122,0.003,0.188,1,0.000,0.000,0.000,0,844,0,0
4163,3.474,3.474,3.163,0.122,0.003,0.187,1,0.000,0.000,0.000,0,868,0,0
4164,3.364,3.364,3.045,0.121,0.003,0.194,1,0.000,0.000,0.000,0,892,0,0
4165,3.270,3.270,3.006,0.123,0.003,0.137,1,0.000,0.000,0.000,0,916,0,0
4166,3.331,3.331,3.053,0.139,0.003,0.137,1,0.000,0.000,0.000,0,940,0,0
4167,3.343,3.343,3.037,0.122,0.003,0.180,1,0.000,0.000,0.000,0,964,0,0
4168,3.280,3.280,3.021,0.122,0.003,0.134,1,0.000,0.000,0.000,0,968,0,0
4169,3.280,3.280,3.028,0.123,0.003,0.126,1,0.000,0.000,0.000,0,968,0,0
4170,4.128,4.128,3.871,0.127,0.004,0.126,1,0.000,0.000,0.000,0,968,0,0
4171,4.467,4.467,4.006,0.124,0.004,0.333,1,0.000,0.000,0.000,0,968,0,0
4172,3.793,3.793,3.287,0.124,0.004,0.379,1,0.000,0.000,0.000,0,968,0,0
4173,4.981,4.981,4.329,0.130,0.004,0.518,1,0.000,0.000,0.000,0,968,0,0
4174,5.260,5.260,4.768,0.128,0.003,0.360,1,0.000,0.000,0.000,0,968,0,0
4175,3.831,3.831,3.319,0.125,0.003,0.384,1,0.000,0.000,0.000,0,968,0,0
4176,3.669,3.669,3.062,0.122,0.003,0.482,1,0.000,0.000,0.000,0,968,0,0
4177,3.831,3.831,3.326,0.128,0.006,0.370,1,0.000,0.000,0.000,0,968,0,0
4178,3.716,3.716,3.220,0.123,0.004,0.370,1,0.000,0.000,0.000,0,968,0,0
4179,3.637,3.637,3.050,0.123,0.003,0.462,1,0.000,0.000,0.000,0,968,0,0
4180,3.516,3.516,3.048,0.123,0.003,0.343,1,0.000,0.000,0.000,0,968,0,0
4181,3.446,3.446,2.978,0.123,0.003,0.342,1,0.000,0.000,0.000,0,968,0,0
4182,3.670,3.670,3.073,0.123,0.003,0.470,1,0.000,0.000,0.000,0,968,0,0
4183,3.767,3.767,3.296,0.123,0.003,0.345,1,0.000,0.000,0.000,0,968,0,0
4184,3.485,3.485,3.016,0.122,0.003,0.344,1,0.000,0.000,0.000,0,968,0,0
4185,3.606,3.606,3.035,0.124,0.002,0.444,1,0.000,0.000,0.000,0,968,0,0
4186,3.684,3.684,3.204,0.124,0.004,0.352,1,0.000,0.000,0.000,0,968,0,0
4187,5.514,5.514,5.062,0.124,0.004,0.325,1,0.000,0.000,0.000,0,968,0,0
4188,3.863,3.863,3.313,0.124,0.003,0.424,1,0.000,0.000,0.000,0,968,0,0
4189,3.528,3.528,3.081,0.124,0.003,0.321,1,0.000,0.000,0.000,0,968,0,0
4190,3.462,3.462,3.017,0.123,0.003,0.319,1,0.000,0.000,0.000,0,968,0,0
4191,4.132,4.132,3.533,0.131,0.005,0.464,1,0.000,0.000,0.000,0,968,0,0
4192,3.735,3.735,3.264,0.125,0.004,0.341,1,0.000,0.000,0.000,0,968,0,0
4193,3.605,3.605,3.165,0.123,0.003,0.315,1,0.000,0.000,0.000,0,968,0,0
4194,4.082,4.082,3.480,0.129,0.004,0.469,1,0.000,0.000,0.000,0,968,0,0
4195,3.696,3.696,3.231,0.124,0.004,0.336,1,0.000,0.000,0.000,0,968,0,0
4196,3.464,3.464,3.017,0.123,0.003,0.322,1,0.000,0.000,0.000,0,968,0,0
4197,3.614,3.614,3.062,0.124,0.003,0.425,1,0.000,0.000,0.000,0,968,0,0
4198,4.494,4.494,3.937,0.228,0.003,0.326,1,0.000,0.000,0.000,0,968,0,0
4199,5.883,5.883,5.330,0.128,0.004,0.421,1,0.000,0.000,0.000,0,968,0,0
4200,4.340,4.340,3.899,0.127,0.003,0.311,1,0.000,0.000,0.000,0,968,0,0
4201,4.083,4.083,3.600,0.125,0.005,0.353,1,0.000,0.000,0.000,0,968,0,0
4202,3.828,3.828,3.234,0.125,0.003,0.466,1,0.000,0.000,0.000,0,968,0,0
4203,4.072,4.072,3.602,0.124,0.004,0.342,1,0.000,0.000,0.000,0,968,0,0
4204,3.586,3.586,3.119,0.123,0.003,0.341,1,0.000,0.000,0.000,0,968,0,0
4205,3.644,3.644,3.046,0.123,0.003,0.473,1,0.000,0.000,0.000,0,968,0,0
4206,3.984,3.984,3.514,0.124,0.003,0.343,1,0.000,0.000,0.000,0,968,0,0
4207,3.508,3.508,3.043,0.124,0.003,0.339,1,0.000,0.000,0.000,0,968,0,0
4208,4.491,4.491,3.920,0.125,0.004,0.442,1,0.000,0.000,0.000,0,968,0,0
4209,4.594,4.594,3.988,0.272,0.004,0.330,1,0.000,0.000,0.000,0,968,0,0
4210,3.915,3.915,3.387,0.124,0.005,0.399,1,0.000,0.000,0.000,0,968,0,0
4211,5.183,5.183,4.601,0.160,0.004,0.419,1,0.000,0.000,0.000,0,968,1,0
4212,4.218,4.218,3.764,0.125,0.005,0.323,1,0.000,0.000,0.000,0,968,0,0
4213,3.591,3.591,3.131,0.123,0.003,0.334,1,0.000,0.000,0.000,0,968,0,0
4214,3.651,3.651,3.124,0.125,0.003,0.400,1,0.000,0.000,0.000,0,968,0,0
4215,3.401,3.401,2.976,0.122,0.003,0.300,1,0.000,0.000,0.000,0,968,0,0
4216,3.594,3.594,3.173,0.123,0.003,0.295,1,0.000,0.000,0.000,0,968,0,0
4217,3.643,3.643,3.029,0.123,0.003,0.487,1,0.000,0.000,0.000,0,968,0,0
4218,3.620,3.620,3.136,0.126,0.003,0.354,1,0.000,0.000,0.000,0,968,0,0
4219,3.552,3.552,3.071,0.123,0.003,0.354,1,0.000,0.000,0.000,0,968,0,0
4220,3.603,3.603,3.007,0.123,0.003,0.470,1,0.000,0.000,0.000,0,968,0,0
4221,3.464,3.464,2.983,0.123,0.003,0.355,1,0.000,0.000,0.000,0,968,0,0
4222,3.668,3.668,3.031,0.125,0.003,0.509,1,0.000,0.000,0.000,0,968,0,0
4223,3.649,3.649,3.052,0.123,0.003,0.471,1,0.000,0.000,0.000,0,968,0,0
4224,3.594,3.594,3.102,0.123,0.003,0.366,1,0.000,0.000,0.000,0,968,0,0
4225,3.953,3.953,3.445,0.133,0.005,0.371,1,0.000,0.000,0.000,0,968,0,0
4226,3.852,3.852,3.229,0.124,0.004,0.495,1,0.000,0.000,0.000,0,968,0,0
4227,3.556,3.556,3.066,0.124,0.003,0.363,1,0.000,0.000,0.000,0,968,0,0
4228,3.535,3.535,3.048,0.124,0.002,0.361,1,0.000,0.000,0.000,0,968,0,0
4229,3.674,3.674,3.023,0.123,0.003,0.525,1,0.000,0.000,0.000,0,968,0,0
4230,3.871,3.871,3.326,0.123,0.006,0.417,1,0.000,0.000,0.000,0,968,0,0
4231,4.467,4.467,3.939,0.123,0.003,0.402,1,0.000,0.000,0.000,0,964,0,0
4232,3.837,3.837,3.231,0.121,0.003,0.482,1,0.000,0.000,0.000,0,964,0,0
4233,6.249,6.249,5.762,0.133,0.003,0.351,1,0.000,0.000,0.000,0,1356,0,0
4234,4.582,4.582,4.024,0.131,0.003,0.423,1,0.000,0.000,0.000,0,1436,0,0
4235,5.074,5.074,4.486,0.141,0.006,0.442,1,0.000,0.000,0.000,0,1436,0,0
4236,4.036,4.036,3.592,0.130,0.004,0.311,1,0.000,0.000,0.000,0,1436,0,0
4237,3.890,3.890,3.449,0.130,0.003,0.308,1,0.000,0.000,0.000,0,1436,0,0
4238,4.478,4.478,3.951,0.130,0.003,0.393,1,0.000,0.000,0.000,0,1436,0,0
4239,5.015,5.015,4.622,0.134,0.007,0.252,1,0.000,0.000,0.000,0,1436,0,0
4240,4.218,4.218,3.822,0.139,0.004,0.254,1,0.000,0.000,0.000,0,1436,0,0
4241,4.562,4.562,4.148,0.141,0.003,0.270,1,0.000,0.000,0.000,0,1436,0,0
4242,3.954,3.954,3.596,0.131,0.004,0.223,1,0.000,0.000,0.000,0,1436,0,0
4243,3.867,3.867,3.498,0.153,0.003,0.213,1,0.000,0.000,0.000,0,1436,0,0
4244,3.782,3.782,3.331,0.129,0.003,0.319,1,0.000,0.000,0.000,0,1436,0,0
4245,3.696,3.696,3.328,0.129,0.003,0.237,1,0.000,0.000,0.000,0,1436,0,0
4246,3.674,3.674,3.304,0.130,0.003,0.237,1,0.000,0.000,0.000,0,1436,0,0
4247,3.941,3.941,3.467,0.129,0.003,0.341,1,0.000,0.000,0.000,0,1436,0,0
4248,3.607,3.607,3.246,0.130,0.003,0.228,1,0.000,0.000,0.000,0,1436,0,0
4249,4.721,4.721,3.283,0.129,0.003,1.306,1,0.000,0.000,0.000,0,1436,0,0
4250,4.259,4.259,3.812,0.134,0.004,0.308,1,0.000,0.000,0.000,0,1436,0,0
4251,3.857,3.857,3.488,0.130,0.004,0.236,1,0.000,0.000,0.000,0,1436,0,0
4252,3.803,3.803,3.433,0.131,0.004,0.235,1,0.000,0.000,0.000,0,1436,0,0
4253,3.816,3.816,3.304,0.130,0.003,0.378,1,0.000,0.000,0.000,0,1436,0,0
4254,3.720,3.720,3.339,0.130,0.003,0.248,1,0.000,0.000,0.000,0,1436,0,0
4255,3.685,3.685,3.247,0.130,0.003,0.304,1,0.000,0.000,0.000,0,1436,0,0
4256,3.729,3.729,3.260,0.129,0.003,0.337,1,0.000,0.000,0.000,0,1436,0,0
4257,3.601,3.601,3.214,0.131,0.003,0.254,1,0.000,0.000,0.000,0,1436,0,0
4258,4.337,4.337,3.931,0.137,0.005,0.264,1,0.000,0.000,0.000,0,1436,0,0
4259,4.197,4.197,3.712,0.132,0.004,0.350,1,0.000,0.000,0.000,0,1436,0,0
4260,3.765,3.765,3.375,0.130,0.003,0.257,1,0.000,0.000,0.000,0,1436,0,0
4261,3.667,3.667,3.279,0.131,0.003,0.254,1,0.000,0.000,0.000,0,1436,0,0
4262,4.038,4.038,3.478,0.130,0.003,0.427,1,0.000,0.000,0.000,0,1436,0,0
4263,3.758,3.758,3.339,0.131,0.003,0.284,1,0.000,0.000,0.000,0,1436,0,0
4264,3.719,3.719,3.313,0.132,0.003,0.271,1,0.000,0.000,0.000,0,1436,0,0
4265,3.778,3.778,3.278,0.131,0.003,0.366,1,0.000,0.000,0.000,0,1436,0,0
4266,3.670,3.670,3.279,0.132,0.003,0.256,1,0.000,0.000,0.000,0,1436,0,0
4267,4.778,4.778,4.388,0.131,0.003,0.256,1,0.000,0.000,0.000,0,1436,0,0
4268,3.765,3.765,3.309,0.130,0.003,0.323,1,0.000,0.000,0.000,0,1436,0,0
4269,3.706,3.706,3.354,0.130,0.003,0.219,1,0.000,0.000,0.000,0,1436,0,0
4270,3.666,3.666,3.325,0.130,0.003,0.208,1,0.000,0.000,0.000,0,1436,0,0
4271,3.757,3.757,3.368,0.131,0.003,0.256,1,0.000,0.000,0.000,0,1436,0,0
4272,3.542,3.542,3.249,0.130,0.003,0.160,1,0.000,0.000,0.000,0,1436,0,0
4273,3.515,3.515,3.241,0.129,0.003,0.142,1,0.000,0.000,0.000,0,1436,0,0
4274,3.549,3.549,3.232,0.129,0.003,0.185,1,0.000,0.000,0.000,0,1436,0,0
4275,4.214,4.214,3.924,0.138,0.005,0.147,1,0.000,0.000,0.000,0,1436,0,0
4276,3.693,3.693,3.391,0.130,0.004,0.167,1,0.000,0.000,0.000,0,1436,0,0
4277,3.818,3.818,3.454,0.130,0.003,0.231,1,0.000,0.000,0.000,0,1436,0,0
4278,3.622,3.622,3.272,0.130,0.003,0.218,1,0.000,0.000,0.000,0,1436,0,0
4279,3.638,3.638,3.257,0.166,0.003,0.212,1,0.000,0.000,0.000,0,1436,1,0
4280,3.617,3.617,3.236,0.129,0.003,0.249,1,0.000,0.000,0.000,0,1436,0,0
4281,3.515,3.515,3.198,0.131,0.003,0.184,1,0.000,0.000,0.000,0,1436,0,0
4282,3.541,3.541,3.223,0.131,0.003,0.184,1,0.000,0.000,0.000,0,1436,0,0
4283,3.630,3.630,3.249,0.131,0.003,0.246,1,0.000,0.000,0.000,0,1436,0,0
4284,4.299,4.299,3.973,0.129,0.006,0.191,1,0.000,0.000,0.000,0,1436,0,0
4285,3.776,3.776,3.435,0.130,0.004,0.207,1,0.000,0.000,0.000,0,1436,0,0
4286,3.624,3.624,3.302,0.131,0.004,0.187,1,0.000,0.000,0.000,0,1436,0,0
4287,3.488,3.488,3.223,0.130,0.003,0.132,1,0.000,0.000,0.000,0,1436,0,0
4288,3.446,3.446,3.183,0.129,0.003,0.131,1,0.000,0.000,0.000,0,1436,0,0
4289,3.536,3.536,3.231,0.130,0.003,0.172,1,0.000,0.000,0.000,0,1436,0,0
4290,3.476,3.476,3.211,0.130,0.003,0.132,1,0.000,0.000,0.000,0,1436,0,0
4291,3.591,3.591,3.299,0.130,0.003,0.158,1,0.000,0.000,0.000,0,1436,0,0
4292,3.914,3.914,3.486,0.131,0.004,0.293,1,0.000,0.000,0.000,0,1436,0,0
4293,6.206,6.206,5.772,0.138,0.004,0.292,1,0.000,0.000,0.000,0,1436,0,0
4294,4.116,4.116,3.729,0.129,0.003,0.254,1,0.000,0.000,0.000,0,1436,0,0
4295,4.251,4.251,3.694,0.196,0.006,0.354,1,0.000,0.000,0.000,0,1436,0,0
4296,3.917,3.917,3.516,0.131,0.004,0.266,1,0.000,0.000,0.000,0,1452,0,0
4297,3.652,3.652,3.260,0.130,0.003,0.258,1,0.000,0.000,0.000,0,1452,0,0
4298,3.742,3.742,3.269,0.131,0.003,0.339,1,0.000,0.000,0.000,0,1452,0,0
4299,3.650,3.650,3.258,0.131,0.003,0.258,1,0.000,0.000,0.000,0,1452,0,0
4300,4.091,4.091,3.603,0.139,0.004,0.345,1,0.000,0.000,0.000,0,1452,0,0
4301,4.775,4.775,4.396,0.131,0.004,0.243,1,0.000,0.000,0.000,0,1452,0,0
4302,3.722,3.722,3.331,0.130,0.003,0.258,1,0.000,0.000,0.000,0,1452,0,0
4303,3.902,3.902,3.445,0.131,0.004,0.322,1,0.000,0.000,0.000,0,1452,0,0
4304,3.645,3.645,3.265,0.131,0.003,0.246,1,0.000,0.000,0.000,0,1452,0,0
4305,3.635,3.635,3.263,0.130,0.003,0.239,1,0.000,0.000,0.000,0,1452,0,0
4306,4.173,4.173,3.692,0.138,0.006,0.336,1,0.000,0.000,0.000,0,1452,0,0
4307,3.921,3.921,3.538,0.132,0.005,0.246,1,0.000,0.000,0.000,0,1452,0,0
4308,3.790,3.790,3.378,0.130,0.003,0.279,1,0.000,0.000,0.000,0,1452,0,0
4309,3.839,3.839,3.366,0.130,0.003,0.339,1,0.000,0.000,0.000,0,1452,0,0
4310,4.668,4.668,4.306,0.135,0.003,0.224,1,0.000,0.000,0.000,0,1452,0,0
4311,4.229,4.229,3.824,0.133,0.005,0.268,1,0.000,0.000,0.000,0,1452,0,0
4312,3.876,3.876,3.434,0.132,0.003,0.307,1,0.000,0.000,0.000,0,1452,0,0
4313,3.630,3.630,3.264,0.131,0.003,0.232,1,0.000,0.000,0.000,0,1452,0,0
4314,3.590,3.590,3.226,0.130,0.003,0.231,1,0.000,0.000,0.000,0,1452,0,0
4315,3.826,3.826,3.373,0.130,0.003,0.320,1,0.000,0.000,0.000,0,1452,0,0
4316,4.267,4.267,3.860,0.145,0.004,0.257,1,0.000,0.000,0.000,0,1452,0,0
4317,3.790,3.790,3.413,0.130,0.004,0.243,1,0.000,0.000,0.000,0,1452,0,0
4318,3.727,3.727,3.275,0.130,0.003,0.320,1,0.000,0.000,0.000,0,1452,0,0
4319,3.727,3.727,3.358,0.131,0.003,0.236,1,0.000,0.000,0.000,0,1452,0,0
4320,3.609,3.609,3.243,0.130,0.003,0.233,1,0.000,0.000,0.000,0,1452,0,0
4321,3.781,3.781,3.340,0.129,0.003,0.309,1,0.000,0.000,0.000,0,1452,0,0
4322,3.588,3.588,3.222,0.129,0.003,0.235,1,0.000,0.000,0.000,0,1452,0,0
4323,3.679,3.679,3.296,0.131,0.003,0.248,1,0.000,0.000,0.000,0,1452,0,0
4324,3.718,3.718,3.249,0.130,0.003,0.337,1,0.000,0.000,0.000,0,1452,0,0
4325,3.703,3.703,3.317,0.130,0.003,0.253,1,0.000,0.000,0.000,0,1452,0,0
4326,3.596,3.596,3.209,0.131,0.003,0.253,1,0.000,0.000,0.000,0,1452,0,0
4327,4.252,4.252,3.736,0.141,0.006,0.369,1,0.000,0.000,0.000,0,1452,0,0
4328,3.889,3.889,3.492,0.131,0.004,0.262,1,0.000,0.000,0.000,0,1452,0,0
4329,3.663,3.663,3.276,0.135,0.003,0.250,1,0.000,0.000,0.000,0,1452,0,0
4330,3.795,3.795,3.327,0.141,0.003,0.324,1,0.000,0.000,0.000,0,1452,0,0
4331,3.646,3.646,3.261,0.131,0.003,0.252,1,0.000,0.000,0.000,0,1452,0,0
4332,4.149,4.149,3.765,0.132,0.005,0.247,1,0.000,0.000,0.000,0,1452,0,0
4333,4.452,4.452,3.966,0.186,0.003,0.298,1,0.000,0.000,0.000,0,1452,0,0
4334,4.360,4.360,3.979,0.132,0.003,0.245,1,0.000,0.000,0.000,0,1452,0,0
4335,3.714,3.714,3.340,0.130,0.004,0.240,1,0.000,0.000,0.000,0,1452,0,0
4336,3.798,3.798,3.346,0.130,0.003,0.319,1,0.000,0.000,0.000,0,1452,0,0
4337,3.602,3.602,3.236,0.129,0.003,0.234,1,0.000,0.000,0.000,0,1452,0,0
4338,3.748,3.748,3.361,0.130,0.003,0.255,1,0.000,0.000,0.000,0,1452,0,0
4339,3.877,3.877,3.318,0.159,0.003,0.397,1,0.000,0.000,0.000,0,1452,1,0
4340,3.682,3.682,3.261,0.130,0.003,0.287,1,0.000,0.000,0.000,0,1452,0,0
4341,3.883,3.883,3.451,0.129,0.006,0.297,1,0.000,0.000,0.000,0,1452,0,0
4342,4.454,4.454,3.931,0.144,0.004,0.375,1,0.000,0.000,0.000,0,1452,0,0
4343,4.574,4.574,4.113,0.183,0.003,0.275,1,0.000,0.000,0.000,0,1452,0,0
4344,4.164,4.164,3.711,0.132,0.005,0.316,1,0.000,0.000,0.000,0,1452,0,0
4345,3.966,3.966,3.440,0.133,0.003,0.389,1,0.000,0.000,0.000,0,1452,0,0
4346,3.829,3.829,3.381,0.130,0.003,0.315,1,0.000,0.000,0.000,0,1452,0,0
4347,3.653,3.653,3.229,0.130,0.003,0.291,1,0.000,0.000,0.000,0,1452,0,0
4348,3.759,3.759,3.244,0.130,0.003,0.382,1,0.000,0.000,0.000,0,1452,0,0
4349,4.013,4.013,3.576,0.136,0.004,0.296,1,0.000,0.000,0.000,0,1452,0,0
4350,3.863,3.863,3.397,0.131,0.004,0.332,1,0.000,0.000,0.000,0,1452,0,0
4351,3.838,3.838,3.303,0.130,0.003,0.402,1,0.000,0.000,0.000,0,1452,0,0
4352,3.673,3.673,3.244,0.131,0.003,0.295,1,0.000,0.000,0.000,0,1452,0,0
4353,3.769,3.769,3.412,0.130,0.003,0.225,1,0.000,0.000,0.000,0,1452,0,0
4354,3.849,3.849,3.310,0.131,0.003,0.405,1,0.000,0.000,0.000,0,1452,0,0
4355,4.255,4.255,3.821,0.142,0.004,0.288,1,0.000,0.000,0.000,0,1452,0,0
4356,5.308,5.308,4.879,0.136,0.004,0.289,1,0.000,0.000,0.000,0,1452,0,0
4357,5.085,5.085,4.581,0.137,0.005,0.362,1,0.000,0.000,0.000,0,1452,0,0
4358,4.140,4.140,3.737,0.133,0.004,0.266,1,0.000,0.000,0.000,0,1452,0,0
4359,4.058,4.058,3.653,0.136,0.003,0.265,1,0.000,0.000,0.000,0,1452,0,0
4360,4.883,4.883,4.347,0.131,0.004,0.400,1,0.000,0.000,0.000,0,1340,0,0
4361,3.713,3.713,3.335,0.130,0.003,0.245,1,0.000,0.000,0.000,0,1340,0,0
4362,3.658,3.658,3.281,0.132,0.004,0.242,1,0.000,0.000,0.000,0,1340,0,0
4363,3.670,3.670,3.213,0.147,0.003,0.308,1,0.000,0.000,0.000,0,1340,0,0
4364,3.521,3.521,3.160,0.129,0.003,0.229,1,0.000,0.000,0.000,0,1340,0,0
4365,3.583,3.583,3.207,0.130,0.003,0.243,1,0.000,0.000,0.000,0,1340,0,0
4366,3.725,3.725,3.248,0.131,0.003,0.343,1,0.000,0.000,0.000,0,1340,0,0
4367,3.685,3.685,3.293,0.130,0.003,0.259,1,0.000,0.000,0.000,0,1340,0,0
4368,3.583,3.583,3.210,0.129,0.003,0.241,1,0.000,0.000,0.000,0,1340,0,0
4369,4.380,4.380,3.860,0.137,0.006,0.377,1,0.000,0.000,0.000,0,1340,0,0
4370,3.772,3.772,3.367,0.132,0.003,0.269,1,0.000,0.000,0.000,0,1340,0,0
4371,3.640,3.640,3.255,0.130,0.003,0.252,1,0.000,0.000,0.000,0,1340,0,0
4372,3.760,3.760,3.295,0.130,0.003,0.332,1,0.000,0.000,0.000,0,1340,0,0
4373,3.574,3.574,3.194,0.130,0.003,0.247,1,0.000,0.000,0.000,0,1340,0,0
4374,3.659,3.659,3.277,0.131,0.003,0.248,1,0.000,0.000,0.000,0,1340,0,0
4375,3.665,3.665,3.204,0.130,0.004,0.327,1,0.000,0.000,0.000,0,1340,0,0
4376,3.689,3.689,3.305,0.129,0.003,0.252,1,0.000,0.000,0.000,0,1340,0,0
4377,3.579,3.579,3.206,0.130,0.003,0.241,1,0.000,0.000,0.000,0,1340,0,0
4378,3.971,3.971,3.533,0.137,0.004,0.299,1,0.000,0.000,0.000,0,1340,0,0
4379,4.583,4.583,4.086,0.132,0.004,0.361,1,0.000,0.000,0.000,0,1340,0,0
4380,3.879,3.879,3.488,0.130,0.005,0.256,1,0.000,0.000,0.000,0,1340,0,0
4381,4.558,4.558,4.059,0.137,0.004,0.358,1,0.000,0.000,0.000,0,1340,0,0
4382,4.134,4.134,3.727,0.131,0.005,0.270,1,0.000,0.000,0.000,0,1340,0,0
4383,3.714,3.714,3.326,0.130,0.003,0.256,1,0.000,0.000,0.000,0,1340,0,0
4384,3.826,3.826,3.345,0.131,0.003,0.347,1,0.000,0.000,0.000,0,1340,0,0
4385,3.739,3.739,3.273,0.129,0.003,0.335,1,0.000,0.000,0.000,0,1340,0,0
4386,3.630,3.630,3.219,0.131,0.003,0.277,1,0.000,0.000,0.000,0,1340,0,0
4387,4.719,4.719,4.247,0.130,0.003,0.340,1,0.000,0.000,0.000,0,1340,0,0
4388,3.613,3.613,3.223,0.131,0.003,0.256,1,0.000,0.000,0.000,0,1340,0,0
4389,3.563,3.563,3.176,0.130,0.003,0.254,1,0.000,0.000,0.000,0,1340,0,0
4390,3.982,3.982,3.540,0.134,0.004,0.303,1,0.000,0.000,0.000,0,1340,0,0
4391,3.847,3.847,3.450,0.131,0.004,0.262,1,0.000,0.000,0.000,0,1340,0,0
4392,3.543,3.543,3.193,0.130,0.003,0.217,1,0.000,0.000,0.000,0,1340,0,0
4393,4.270,4.270,3.872,0.134,0.004,0.260,1,0.000,0.000,0.000,0,1340,0,0
4394,4.758,4.758,4.430,0.135,0.003,0.190,1,0.000,0.000,0.000,0,1340,0,0
4395,4.119,4.119,3.793,0.135,0.003,0.189,1,0.000,0.000,0.000,0,1340,0,0
4396,4.288,4.288,3.896,0.132,0.004,0.256,1,0.000,0.000,0.000,0,1340,0,0
4397,3.747,3.747,3.414,0.131,0.003,0.199,1,0.000,0.000,0.000,0,1340,0,0
4398,3.661,3.661,3.267,0.131,0.003,0.260,1,0.000,0.000,0.000,0,1340,0,0
4399,3.707,3.707,3.359,0.130,0.003,0.215,1,0.000,0.000,0.000,0,1340,0,0
4400,3.591,3.591,3.205,0.131,0.003,0.253,1,0.000,0.000,0.000,0,1340,0,0
4401,3.824,3.824,3.389,0.130,0.004,0.302,1,0.000,0.000,0.000,0,1340,0,0
4402,3.539,3.539,3.186,0.130,0.003,0.221,1,0.000,0.000,0.000,0,1340,0,0
4403,3.656,3.656,3.252,0.162,0.003,0.239,1,0.000,0.000,0.000,0,1340,1,0
4404,4.652,4.652,4.205,0.131,0.003,0.313,1,0.000,0.000,0.000,0,1340,0,0
4405,4.682,4.682,4.308,0.136,0.004,0.235,1,0.000,0.000,0.000,0,1340,0,0
4406,5.115,5.115,4.747,0.133,0.003,0.232,1,0.000,0.000,0.000,0,1340,0,0
4407,4.438,4.438,3.980,0.131,0.004,0.323,1,0.000,0.000,0.000,0,1340,0,0
4408,4.207,4.207,3.859,0.132,0.007,0.209,1,0.000,0.000,0.000,0,1340,0,0
4409,3.798,3.798,3.469,0.131,0.003,0.195,1,0.000,0.000,0.000,0,1340,0,0
4410,4.233,4.233,3.841,0.132,0.004,0.255,1,0.000,0.000,0.000,0,1340,0,0
4411,3.644,3.644,3.316,0.131,0.003,0.194,1,0.000,0.000,0.000,0,1340,0,0
4412,3.638,3.638,3.313,0.131,0.004,0.190,1,0.000,0.000,0.000,0,1340,0,0
4413,4.224,4.224,3.832,0.132,0.005,0.255,1,0.000,0.000,0.000,0,1340,0,0
4414,3.753,3.753,3.436,0.130,0.003,0.184,1,0.000,0.000,0.000,0,1340,0,0
4415,3.678,3.678,3.256,0.148,0.003,0.270,1,0.000,0.000,0.000,0,1340,0,0
4416,3.645,3.645,3.186,0.130,0.003,0.325,1,0.000,0.000,0.000,0,1340,0,0
4417,4.266,4.266,3.837,0.143,0.004,0.282,1,0.000,0.000,0.000,0,1340,0,0
4418,4.003,4.003,3.524,0.132,0.004,0.343,1,0.000,0.000,0.000,0,1340,0,0
4419,6.330,6.330,5.732,0.135,0.023,0.439,1,0.000,0.000,0.000,0,1340,0,0
4420,4.849,4.849,4.307,0.132,0.005,0.405,1,0.000,0.000,0.000,0,1340,0,0
4421,4.334,4.334,3.872,0.132,0.005,0.327,1,0.000,0.000,0.000,0,1340,0,0
4422,3.958,3.958,3.416,0.131,0.003,0.409,1,0.000,0.000,0.000,0,1340,0,0
4423,3.945,3.945,3.501,0.132,0.003,0.309,1,0.000,0.000,0.000,0,1340,0,0
4424,3.740,3.740,3.299,0.130,0.003,0.308,1,0.000,0.000,0.000,0,1460,0,0
4425,3.836,3.836,3.294,0.131,0.004,0.408,1,0.000,0.000,0.000,0,1460,0,0
4426,3.676,3.676,3.238,0.129,0.003,0.305,1,0.000,0.000,0.000,0,1460,0,0
4427,3.655,3.655,3.217,0.130,0.003,0.304,1,0.000,0.000,0.000,0,1460,0,0
4428,3.825,3.825,3.289,0.129,0.003,0.404,1,0.000,0.000,0.000,0,1460,0,0
4429,3.813,3.813,3.379,0.130,0.003,0.301,1,0.000,0.000,0.000,0,1460,0,0
4430,3.747,3.747,3.274,0.132,0.003,0.340,1,0.000,0.000,0.000,0,1460,0,0
4431,3.799,3.799,3.290,0.131,0.003,0.375,1,0.000,0.000,0.000,0,1460,0,0
4432,3.634,3.634,3.221,0.131,0.002,0.280,1,0.000,0.000,0.000,0,1460,0,0
4433,3.675,3.675,3.247,0.130,0.003,0.295,1,0.000,0.000,0.000,0,1460,0,0
4434,3.785,3.785,3.259,0.129,0.003,0.394,1,0.000,0.000,0.000,0,1460,0,0
4435,3.646,3.646,3.216,0.131,0.003,0.297,1,0.000,0.000,0.000,0,1460,0,0
4436,3.647,3.647,3.221,0.129,0.003,0.294,1,0.000,0.000,0.000,0,1460,0,0
4437,4.950,4.950,4.458,0.130,0.003,0.357,1,0.000,0.000,0.000,0,1460,0,0
4438,3.646,3.646,3.256,0.130,0.003,0.258,1,0.000,0.000,0.000,0,1460,0,0
4439,3.749,3.749,3.370,0.129,0.003,0.247,1,0.000,0.000,0.000,0,1460,0,0
4440,3.666,3.666,3.212,0.130,0.003,0.322,1,0.000,0.000,0.000,0,1460,0,0
4441,3.587,3.587,3.208,0.130,0.003,0.246,1,0.000,0.000,0.000,0,1460,0,0
4442,3.608,3.608,3.226,0.130,0.002,0.250,1,0.000,0.000,0.000,0,1460,0,0
4443,3.703,3.703,3.240,0.131,0.003,0.330,1,0.000,0.000,0.000,0,1460,0,0
4444,3.613,3.613,3.231,0.130,0.003,0.249,1,0.000,0.000,0.000,0,1460,0,0
4445,4.311,4.311,3.911,0.132,0.004,0.265,1,0.000,0.000,0.000,0,1460,0,0
4446,4.755,4.755,4.214,0.206,0.003,0.332,1,0.000,0.000,0.000,0,1460,0,0
4447,4.244,4.244,3.762,0.176,0.003,0.303,1,0.000,0.000,0.000,0,1460,0,0
4448,4.036,4.036,3.548,0.132,0.006,0.350,1,0.000,0.000,0.000,0,1460,0,0
4449,3.895,3.895,3.329,0.131,0.003,0.432,1,0.000,0.000,0.000,0,1460,0,0
4450,3.792,3.792,3.302,0.147,0.005,0.339,1,0.000,0.000,0.000,0,1460,0,0
4451,3.728,3.728,3.265,0.130,0.003,0.329,1,0.000,0.000,0.000,0,1460,0,0
4452,3.881,3.881,3.334,0.129,0.003,0.415,1,0.000,0.000,0.000,0,1460,0,0
4453,4.802,4.802,4.338,0.130,0.003,0.331,1,0.000,0.000,0.000,0,1460,0,0
4454,5.209,5.209,4.405,0.133,0.007,0.664,1,0.000,0.000,0.000,0,1460,0,0
4455,4.184,4.184,3.549,0.132,0.005,0.498,1,0.000,0.000,0.000,0,1460,0,0
4456,5.844,5.844,5.393,0.135,0.004,0.311,1,0.000,0.000,0.000,0,1460,0,0
4457,4.271,4.271,3.831,0.133,0.003,0.304,1,0.000,0.000,0.000,0,1460,0,0
4458,4.012,4.012,3.469,0.131,0.003,0.409,1,0.000,0.000,0.000,0,1460,0,0
4459,3.700,3.700,3.257,0.129,0.003,0.311,1,0.000,0.000,0.000,0,1460,0,0
4460,3.813,3.813,3.351,0.131,0.003,0.328,1,0.000,0.000,0.000,0,1460,0,0
4461,5.024,5.024,4.367,0.136,0.005,0.516,1,0.000,0.000,0.000,0,1460,0,0
4462,4.115,4.115,3.598,0.133,0.004,0.380,1,0.000,0.000,0.000,0,1460,0,0
4463,3.804,3.804,3.307,0.131,0.003,0.363,1,0.000,0.000,0.000,0,1460,0,0
4464,4.449,4.449,3.818,0.161,0.003,0.467,1,0.000,0.000,0.000,0,1460,1,0
4465,3.730,3.730,3.270,0.129,0.003,0.328,1,0.000,0.000,0.000,0,1460,0,0
4466,3.794,3.794,3.323,0.130,0.003,0.338,1,0.000,0.000,0.000,0,1460,0,0
4467,4.399,4.399,3.807,0.131,0.003,0.457,1,0.000,0.000,0.000,0,1460,0,0
4468,3.885,3.885,3.387,0.130,0.003,0.365,1,0.000,0.000,0.000,0,1460,0,0
4469,5.136,5.136,4.638,0.132,0.003,0.363,1,0.000,0.000,0.000,0,1460,0,0
4470,3.995,3.995,3.370,0.131,0.003,0.492,1,0.000,0.000,0.000,0,1460,0,0
4471,3.828,3.828,3.328,0.130,0.003,0.367,1,0.000,0.000,0.000,0,1460,0,0
4472,3.730,3.730,3.244,0.130,0.002,0.354,1,0.000,0.000,0.000,0,1460,0,0
4473,3.894,3.894,3.261,0.130,0.003,0.500,1,0.000,0.000,0.000,0,1460,0,0
4474,3.772,3.772,3.263,0.131,0.003,0.376,1,0.000,0.000,0.000,0,1460,0,0
4475,3.830,3.830,3.358,0.131,0.003,0.339,1,0.000,0.000,0.000,0,1460,0,0
4476,3.965,3.965,3.307,0.131,0.003,0.523,1,0.000,0.000,0.000,0,1460,0,0
4477,4.447,4.447,3.896,0.137,0.005,0.408,1,0.000,0.000,0.000,0,1460,0,0
4478,3.894,3.894,3.411,0.130,0.003,0.349,1,0.000,0.000,0.000,0,1460,0,0
4479,3.928,3.928,3.347,0.130,0.003,0.448,1,0.000,0.000,0.000,0,1460,0,0
4480,3.740,3.740,3.276,0.130,0.003,0.330,1,0.000,0.000,0.000,0,1460,0,0
4481,3.678,3.678,3.229,0.129,0.003,0.317,1,0.000,0.000,0.000,0,1460,0,0
4482,3.833,3.833,3.288,0.130,0.003,0.412,1,0.000,0.000,0.000,0,1460,0,0
4483,3.754,3.754,3.311,0.131,0.003,0.309,1,0.000,0.000,0.000,0,1460,0,0
4484,4.056,4.056,3.607,0.140,0.005,0.304,1,0.000,0.000,0.000,0,1460,0,0
4485,6.526,6.526,5.982,0.139,0.005,0.400,1,0.000,0.000,0.000,0,1460,0,0
4486,4.194,4.194,3.724,0.132,0.006,0.333,1,0.000,0.000,0.000,0,1460,0,0
4487,3.847,3.847,3.411,0.131,0.003,0.302,1,0.000,0.000,0.000,0,1460,0,0
4488,3.853,3.853,3.280,0.132,0.003,0.438,1,0.000,0.000,0.000,0,1356,0,0
4489,3.692,3.692,3.235,0.132,0.003,0.322,1,0.000,0.000,0.000,0,1356,0,0
4490,3.656,3.656,3.212,0.131,0.003,0.311,1,0.000,0.000,0.000,0,1356,0,0
4491,4.204,4.204,3.573,0.155,0.003,0.472,1,0.000,0.000,0.000,0,1368,0,0
4492,3.817,3.817,3.336,0.135,0.004,0.342,1,0.000,0.000,0.000,0,1368,0,0
4493,3.847,3.847,3.375,0.136,0.003,0.332,1,0.000,0.000,0.000,0,1368,0,0
4494,5.320,5.320,4.774,0.135,0.003,0.408,1,0.000,0.000,0.000,0,1368,0,0
4495,4.669,4.669,4.161,0.159,0.006,0.343,1,0.000,0.000,0.000,0,1368,0,0
4496,4.505,4.505,4.046,0.151,0.003,0.305,1,0.000,0.000,0.000,0,1368,0,0
4497,4.247,4.247,3.663,0.136,0.005,0.444,1,0.000,0.000,0.000,0,1368,0,0
4498,3.904,3.904,3.428,0.137,0.003,0.336,1,0.000,0.000,0.000,0,1368,0,0
4499,4.328,4.328,3.702,0.203,0.004,0.419,1,0.000,0.000,0.000,0,1368,0,0
4500,4.226,4.226,3.790,0.144,0.003,0.289,1,0.000,0.000,0.000,0,1368,0,0
4501,4.000,4.000,3.538,0.136,0.004,0.321,1,0.000,0.000,0.000,0,1368,0,0
4502,3.810,3.810,3.275,0.134,0.003,0.398,1,0.000,0.000,0.000,0,1368,0,0
4503,3.729,3.729,3.283,0.135,0.003,0.308,1,0.000,0.000,0.000,0,1368,0,0
4504,3.726,3.726,3.283,0.136,0.003,0.304,1,0.000,0.000,0.000,0,1368,0,0
4505,3.744,3.744,3.215,0.135,0.003,0.390,1,0.000,0.000,0.000,0,1368,0,0
4506,3.781,3.781,3.308,0.136,0.003,0.334,1,0.000,0.000,0.000,0,1368,0,0
4507,4.330,4.330,3.561,0.135,0.003,0.631,1,0.000,0.000,0.000,0,1368,0,0
4508,6.159,6.159,5.525,0.146,0.004,0.483,1,0.000,0.000,0.000,0,1368,0,0
4509,4.323,4.323,3.858,0.145,0.004,0.315,1,0.000,0.000,0.000,0,1368,0,0
4510,3.954,3.954,3.496,0.135,0.005,0.318,1,0.000,0.000,0.000,0,1368,0,0
4511,3.826,3.826,3.316,0.135,0.003,0.372,1,0.000,0.000,0.000,0,1368,0,0
4512,3.616,3.616,3.237,0.134,0.003,0.241,1,0.000,0.000,0.000,0,1368,0,0
4513,3.564,3.564,3.261,0.134,0.002,0.166,1,0.000,0.000,0.000,0,1368,0,0
4514,3.942,3.942,3.528,0.140,0.003,0.272,1,0.000,0.000,0.000,0,1368,0,0
4515,3.661,3.661,3.362,0.136,0.004,0.159,1,0.000,0.000,0.000,0,1368,0,0
4516,3.769,3.769,3.463,0.140,0.003,0.162,1,0.000,0.000,0.000,0,1368,0,0
4517,3.709,3.709,3.357,0.135,0.004,0.214,1,0.000,0.000,0.000,0,1368,0,0
4518,3.525,3.525,3.213,0.149,0.003,0.160,1,0.000,0.000,0.000,0,1368,0,0
4519,3.487,3.487,3.191,0.134,0.003,0.159,1,0.000,0.000,0.000,0,1368,0,0
4520,4.447,4.447,4.082,0.143,0.004,0.218,1,0.000,0.000,0.000,0,1368,0,0
4521,4.740,4.740,4.419,0.139,0.004,0.178,1,0.000,0.000,0.000,0,1368,0,0
4522,4.066,4.066,3.681,0.137,0.005,0.243,1,0.000,0.000,0.000,0,1368,0,0
4523,3.728,3.728,3.312,0.135,0.003,0.279,1,0.000,0.000,0.000,0,1368,0,0
4524,3.586,3.586,3.260,0.135,0.003,0.188,1,0.000,0.000,0.000,0,1368,0,0
4525,3.534,3.534,3.209,0.135,0.003,0.188,1,0.000,0.000,0.000,0,1368,0,0
4526,3.577,3.577,3.195,0.135,0.003,0.245,1,0.000,0.000,0.000,0,1368,0,0
4527,5.499,5.499,5.123,0.176,0.004,0.196,1,0.000,0.000,0.000,0,1368,1,0
4528,4.134,4.134,3.792,0.136,0.005,0.202,1,0.000,0.000,0.000,0,1368,0,0
4529,4.062,4.062,3.670,0.134,0.003,0.253,1,0.000,0.000,0.000,0,1368,0,0
4530,4.211,4.211,3.921,0.136,0.005,0.149,1,0.000,0.000,0.000,0,1368,0,0
4531,3.573,3.573,3.296,0.136,0.003,0.137,1,0.000,0.000,0.000,0,1368,0,0
4532,3.998,3.998,3.663,0.140,0.005,0.190,1,0.000,0.000,0.000,0,1368,0,0
4533,3.771,3.771,3.481,0.135,0.005,0.149,1,0.000,0.000,0.000,0,1368,0,0
4534,3.525,3.525,3.254,0.134,0.003,0.134,1,0.000,0.000,0.000,0,1368,0,0
4535,3.555,3.555,3.241,0.136,0.004,0.175,1,0.000,0.000,0.000,0,1368,0,0
4536,4.182,4.182,3.898,0.135,0.003,0.146,1,0.000,0.000,0.000,0,1368,0,0
4537,3.575,3.575,3.231,0.134,0.003,0.208,1,0.000,0.000,0.000,0,1368,0,0
4538,4.390,4.390,4.013,0.143,0.004,0.231,1,0.000,0.000,0.000,0,1368,0,0
4539,3.755,3.755,3.431,0.137,0.004,0.183,1,0.000,0.000,0.000,0,1368,0,0
4540,3.517,3.517,3.205,0.135,0.004,0.173,1,0.000,0.000,0.000,0,1368,0,0
4541,3.583,3.583,3.216,0.135,0.003,0.229,1,0.000,0.000,0.000,0,1368,0,0
4542,3.998,3.998,3.688,0.135,0.004,0.172,1,0.000,0.000,0.000,0,1368,0,0
4543,3.506,3.506,3.199,0.134,0.003,0.170,1,0.000,0.000,0.000,0,1368,0,0
4544,5.087,5.087,4.724,0.138,0.005,0.221,1,0.000,0.000,0.000,0,1368,0,0
4545,4.137,4.137,3.832,0.136,0.005,0.164,1,0.000,0.000,0.000,0,1368,0,0
4546,3.572,3.572,3.276,0.134,0.004,0.158,1,0.000,0.000,0.000,0,1368,0,0
4547,3.831,3.831,3.484,0.136,0.003,0.208,1,0.000,0.000,0.000,0,1368,0,0
4548,4.397,4.397,4.080,0.136,0.005,0.176,1,0.000,0.000,0.000,0,1368,0,0
4549,3.678,3.678,3.380,0.135,0.003,0.160,1,0.000,0.000,0.000,0,1368,0,0
4550,3.632,3.632,3.291,0.135,0.003,0.204,1,0.000,0.000,0.000,0,1368,0,0
4551,3.614,3.614,3.340,0.127,0.003,0.144,1,0.000,0.000,0.000,0,1332,0,0
4552,3.794,3.794,3.440,0.125,0.004,0.225,1,0.000,0.000,0.000,0,796,0,0
4553,3.520,3.520,3.167,0.123,0.005,0.225,1,0.000,0.000,0.000,0,820,0,0
4554,3.268,3.268,2.974,0.123,0.003,0.168,1,0.000,0.000,0.000,0,844,0,0
4555,3.222,3.222,2.930,0.122,0.003,0.167,1,0.000,0.000,0.000,0,868,0,0
4556,3.268,3.268,2.927,0.121,0.003,0.217,1,0.000,0.000,0.000,0,892,0,0
4557,3.240,3.240,2.945,0.124,0.003,0.168,1,0.000,0.000,0.000,0,916,0,0
4558,4.717,4.717,4.395,0.134,0.005,0.184,1,0.000,0.000,0.000,0,928,0,0
4559,3.931,3.931,3.568,0.125,0.005,0.233,1,0.000,0.000,0.000,0,928,0,0
4560,4.686,4.686,4.384,0.128,0.004,0.171,1,0.000,0.000,0.000,0,928,0,0
4561,3.917,3.917,3.642,0.126,0.003,0.146,1,0.000,0.000,0.000,0,928,0,0
4562,3.746,3.746,3.402,0.125,0.006,0.214,1,0.000,0.000,0.000,0,928,0,0
4563,3.356,3.356,3.075,0.124,0.003,0.154,1,0.000,0.000,0.000,0,928,0,0
4564,3.252,3.252,2.974,0.123,0.003,0.152,1,0.000,0.000,0.000,0,928,0,0
4565,3.284,3.284,2.961,0.122,0.003,0.199,1,0.000,0.000,0.000,0,928,0,0
4566,3.604,3.604,3.313,0.128,0.004,0.160,1,0.000,0.000,0.000,0,928,0,0
4567,3.613,3.613,3.295,0.124,0.004,0.190,1,0.000,0.000,0.000,0,928,0,0
4568,3.407,3.407,3.053,0.124,0.003,0.228,1,0.000,0.000,0.000,0,928,0,0
4569,3.276,3.276,2.978,0.127,0.003,0.167,1,0.000,0.000,0.000,0,928,0,0
4570,3.812,3.812,3.515,0.124,0.003,0.170,1,0.000,0.000,0.000,0,928,0,0
4571,3.345,3.345,3.000,0.123,0.003,0.219,1,0.000,0.000,0.000,0,928,0,0
4572,3.925,3.925,3.609,0.127,0.004,0.185,1,0.000,0.000,0.000,0,928,0,0
4573,5.222,5.222,4.923,0.125,0.004,0.170,1,0.000,0.000,0.000,0,928,0,0
4574,3.734,3.734,3.411,0.122,0.004,0.197,1,0.000,0.000,0.000,0,928,0,0
4575,3.764,3.764,3.444,0.140,0.004,0.176,1,0.000,0.000,0.000,0,968,0,0
4576,3.430,3.430,3.145,0.125,0.003,0.157,1,0.000,0.000,0.000,0,972,0,0
4577,3.332,3.332,2.999,0.126,0.003,0.204,1,0.000,0.000,0.000,0,972,0,0
4578,3.264,3.264,2.983,0.125,0.003,0.153,1,0.000,0.000,0.000,0,972,0,0
4579,3.258,3.258,2.976,0.126,0.003,0.154,1,0.000,0.000,0.000,0,972,0,0
4580,3.306,3.306,2.981,0.124,0.003,0.198,1,0.000,0.000,0.000,0,972,0,0
4581,3.262,3.262,2.983,0.124,0.003,0.152,1,0.000,0.000,0.000,0,972,0,0
4582,3.389,3.389,3.085,0.124,0.003,0.177,1,0.000,0.000,0.000,0,972,0,0
4583,3.398,3.398,2.994,0.125,0.003,0.276,1,0.000,0.000,0.000,0,972,0,0
4584,3.708,3.708,3.346,0.135,0.005,0.222,1,0.000,0.000,0.000,0,972,0,0
4585,3.508,3.508,3.162,0.126,0.004,0.216,1,0.000,0.000,0.000,0,972,0,0
4586,3.487,3.487,3.069,0.127,0.003,0.288,1,0.000,0.000,0.000,0,972,0,0
4587,3.387,3.387,3.032,0.125,0.003,0.227,1,0.000,0.000,0.000,0,972,0,0
4588,3.428,3.428,3.074,0.124,0.003,0.227,1,0.000,0.000,0.000,0,972,0,0
4589,4.136,4.136,3.679,0.136,0.005,0.316,1,0.000,0.000,0.000,0,972,0,0
4590,3.584,3.584,3.180,0.126,0.004,0.274,1,0.000,0.000,0.000,0,972,0,0
4591,3.472,3.472,3.111,0.126,0.003,0.232,1,0.000,0.000,0.000,0,972,0,0
4592,3.439,3.439,3.007,0.125,0.003,0.305,1,0.000,0.000,0.000,0,972,0,0
4593,3.767,3.767,3.359,0.131,0.004,0.273,1,0.000,0.000,0.000,0,972,0,0
4594,3.604,3.604,3.179,0.126,0.004,0.295,1,0.000,0.000,0.000,0,972,0,0
4595,3.628,3.628,3.144,0.126,0.003,0.355,1,0.000,0.000,0.000,0,972,0,0
4596,3.527,3.527,3.033,0.125,0.003,0.365,1,0.000,0.000,0.000,0,972,0,0
4597,3.513,3.513,3.076,0.124,0.003,0.310,1,0.000,0.000,0.000,0,972,0,0
4598,4.000,4.000,3.339,0.124,0.004,0.533,1,0.000,0.000,0.000,0,972,0,0
4599,3.667,3.667,3.172,0.124,0.003,0.368,1,0.000,0.000,0.000,0,972,0,0
4600,3.646,3.646,3.049,0.125,0.003,0.469,1,0.000,0.000,0.000,0,972,0,0
4601,5.970,5.970,5.401,0.127,0.003,0.439,1,0.000,0.000,0.000,0,972,0,0
4602,3.916,3.916,3.410,0.125,0.005,0.375,1,0.000,0.000,0.000,0,972,0,0
4603,3.703,3.703,3.120,0.125,0.003,0.454,1,0.000,0.000,0.000,0,972,0,0
4604,3.505,3.505,3.052,0.125,0.003,0.325,1,0.000,0.000,0.000,0,972,0,0
4605,3.512,3.512,3.066,0.125,0.002,0.317,1,0.000,0.000,0.000,0,972,0,0
4606,3.538,3.538,3.010,0.125,0.003,0.400,1,0.000,0.000,0.000,0,972,0,0
4607,4.558,4.558,4.125,0.124,0.003,0.305,1,0.000,0.000,0.000,0,972,0,0
4608,3.491,3.491,3.027,0.157,0.003,0.304,1,0.000,0.000,0.000,0,972,1,0
4609,3.604,3.604,3.045,0.124,0.003,0.432,1,0.000,0.000,0.000,0,972,0,0
4610,3.552,3.552,3.091,0.126,0.003,0.331,1,0.000,0.000,0.000,0,972,0,0
4611,3.430,3.430,2.971,0.124,0.003,0.333,1,0.000,0.000,0.000,0,972,0,0
4612,3.651,3.651,3.107,0.125,0.002,0.416,1,0.000,0.000,0.000,0,972,0,0
4613,4.033,4.033,3.535,0.139,0.003,0.355,1,0.000,0.000,0.000,0,972,0,0
4614,4.462,4.462,3.983,0.133,0.006,0.340,1,0.000,0.000,0.000,0,972,0,0
4615,4.486,4.486,3.938,0.128,0.004,0.416,1,0.000,0.000,0.000,0,972,0,0
4616,3.608,3.608,3.134,0.125,0.005,0.345,1,0.000,0.000,0.000,0,928,0,0
4617,3.470,3.470,3.022,0.122,0.003,0.323,1,0.000,0.000,0.000,0,928,0,0
4618,3.620,3.620,3.040,0.122,0.003,0.455,1,0.000,0.000,0.000,0,928,0,0
4619,3.587,3.587,3.115,0.124,0.003,0.345,1,0.000,0.000,0.000,0,928,0,0
4620,3.519,3.519,3.043,0.123,0.003,0.350,1,0.000,0.000,0.000,0,928,0,0
4621,3.584,3.584,2.993,0.123,0.003,0.464,1,0.000,0.000,0.000,0,928,0,0
4622,3.405,3.405,2.951,0.123,0.003,0.329,1,0.000,0.000,0.000,0,928,0,0
4623,3.405,3.405,2.951,0.124,0.003,0.328,1,0.000,0.000,0.000,0,928,0,0
4624,3.538,3.538,2.978,0.124,0.003,0.434,1,0.000,0.000,0.000,0,928,0,0
4625,4.457,4.457,4.002,0.123,0.003,0.329,1,0.000,0.000,0.000,0,928,0,0
4626,3.985,3.985,3.508,0.134,0.005,0.338,1,0.000,0.000,0.000,0,928,0,0
4627,5.255,5.255,4.643,0.190,0.004,0.417,1,0.000,0.000,0.000,0,928,0,0
4628,4.658,4.658,4.174,0.127,0.003,0.354,1,0.000,0.000,0.000,0,928,0,0
4629,3.820,3.820,3.315,0.124,0.004,0.376,1,0.000,0.000,0.000,0,928,0,0
4630,3.674,3.674,3.083,0.126,0.003,0.461,1,0.000,0.000,0.000,0,928,0,0
4631,3.430,3.430,2.978,0.123,0.003,0.326,1,0.000,0.000,0.000,0,928,0,0
4632,3.973,3.973,3.515,0.125,0.004,0.329,1,0.000,0.000,0.000,0,928,0,0
4633,3.537,3.537,2.997,0.124,0.003,0.412,1,0.000,0.000,0.000,0,928,0,0
4634,3.320,3.320,2.895,0.122,0.003,0.301,1,0.000,0.000,0.000,0,772,0,0
4635,4.301,4.301,3.897,0.125,0.004,0.274,1,0.000,0.000,0.000,0,772,0,0
4636,3.645,3.645,3.133,0.122,0.003,0.387,1,0.000,0.000,0.000,0,772,0,0
4637,3.425,3.425,2.958,0.122,0.003,0.342,1,0.000,0.000,0.000,0,772,0,0
4638,4.106,4.106,3.706,0.126,0.004,0.271,1,0.000,0.000,0.000,0,772,0,0
4639,4.124,4.124,3.645,0.125,0.003,0.351,1,0.000,0.000,0.000,0,772,0,0
4640,4.908,4.908,4.518,0.132,0.003,0.256,1,0.000,0.000,0.000,0,772,0,0
4641,4.245,4.245,3.823,0.130,0.005,0.286,1,0.000,0.000,0.000,0,772,0,0
4642,3.776,3.776,3.294,0.120,0.003,0.359,1,0.000,0.000,0.000,0,772,0,0
4643,3.709,3.709,3.248,0.122,0.003,0.336,1,0.000,0.000,0.000,0,772,0,0
4644,3.377,3.377,2.925,0.122,0.003,0.327,1,0.000,0.000,0.000,0,772,0,0
4645,3.413,3.413,2.892,0.121,0.003,0.396,1,0.000,0.000,0.000,0,772,0,0
4646,3.305,3.305,2.884,0.120,0.003,0.299,1,0.000,0.000,0.000,0,772,0,0
4647,3.272,3.272,2.849,0.121,0.003,0.298,1,0.000,0.000,0.000,0,772,0,0
4648,3.375,3.375,2.856,0.121,0.003,0.395,1,0.000,0.000,0.000,0,772,0,0
4649,3.277,3.277,2.858,0.121,0.003,0.295,1,0.000,0.000,0.000,0,772,0,0
4650,3.292,3.292,2.884,0.120,0.003,0.286,1,0.000,0.000,0.000,0,772,0,0
4651,4.659,4.659,4.139,0.126,0.004,0.390,1,0.000,0.000,0.000,0,772,0,0
4652,3.924,3.924,3.561,0.126,0.003,0.234,1,0.000,0.000,0.000,0,768,0,0
4653,5.374,5.374,4.946,0.122,0.053,0.252,1,0.000,0.000,0.000,0,768,0,0
4654,4.292,4.292,3.867,0.133,0.005,0.288,1,0.000,0.000,0.000,0,768,0,0
4655,3.861,3.861,3.521,0.121,0.003,0.216,1,0.000,0.000,0.000,0,768,0,0
4656,3.335,3.335,2.981,0.141,0.003,0.211,1,0.000,0.000,0.000,0,768,0,0
4657,3.431,3.431,2.974,0.120,0.003,0.334,1,0.000,0.000,0.000,0,768,0,0
4658,3.470,3.470,3.033,0.121,0.003,0.313,1,0.000,0.000,0.000,0,768,0,0
4659,3.582,3.582,3.042,0.120,0.003,0.417,1,0.000,0.000,0.000,0,768,0,0
4660,3.982,3.982,3.323,0.125,0.005,0.530,1,0.000,0.000,0.000,0,768,0,0
4661,3.620,3.620,3.112,0.121,0.005,0.383,1,0.000,0.000,0.000,0,768,0,0
4662,4.193,4.193,3.666,0.122,0.003,0.402,1,0.000,0.000,0.000,0,768,0,0
4663,3.913,3.913,3.241,0.121,0.003,0.547,1,0.000,0.000,0.000,0,768,0,0
4664,3.493,3.493,2.947,0.120,0.003,0.423,1,0.000,0.000,0.000,0,768,0,0
4665,3.697,3.697,3.120,0.122,0.004,0.451,1,0.000,0.000,0.000,0,768,0,0
4666,3.761,3.761,3.066,0.136,0.003,0.556,1,0.000,0.000,0.000,0,768,0,0
4667,3.989,3.989,3.412,0.121,0.012,0.443,1,0.000,0.000,0.000,0,768,0,0
4668,4.779,4.779,4.255,0.127,0.004,0.394,1,0.000,0.000,0.000,0,768,0,0
4669,4.052,4.052,3.370,0.121,0.004,0.556,1,0.000,0.000,0.000,0,768,0,0
4670,3.537,3.537,3.004,0.121,0.003,0.409,1,0.000,0.000,0.000,0,768,0,0
4671,4.101,4.101,3.592,0.123,0.004,0.382,1,0.000,0.000,0.000,0,768,0,0
4672,4.286,4.286,3.668,0.120,0.003,0.494,1,0.000,0.000,0.000,0,768,0,0
4673,3.767,3.767,3.269,0.121,0.003,0.374,1,0.000,0.000,0.000,0,768,0,0
4674,3.505,3.505,2.970,0.120,0.003,0.411,1,0.000,0.000,0.000,0,768,0,0
4675,3.524,3.524,2.946,0.121,0.003,0.455,1,0.000,0.000,0.000,0,768,0,0
4676,3.333,3.333,2.856,0.121,0.003,0.352,1,0.000,0.000,0.000,0,768,0,0
4677,3.436,3.436,2.988,0.121,0.003,0.324,1,0.000,0.000,0.000,0,768,0,0
4678,3.545,3.545,3.007,0.120,0.003,0.414,1,0.000,0.000,0.000,0,768,0,0
4679,4.050,4.050,3.577,0.136,0.004,0.333,1,0.000,0.000,0.000,0,768,0,0
4680,4.069,4.069,3.594,0.122,0.007,0.345,1,0.000,0.000,0.000,0,768,0,0
4681,4.398,4.398,3.809,0.124,0.004,0.461,1,0.000,0.000,0.000,0,768,0,0
4682,3.441,3.441,3.004,0.121,0.003,0.312,1,0.000,0.000,0.000,0,768,0,0
4683,3.405,3.405,2.978,0.121,0.004,0.302,1,0.000,0.000,0.000,0,768,0,0
4684,3.464,3.464,2.922,0.120,0.003,0.418,1,0.000,0.000,0.000,0,768,0,0
4685,4.413,4.413,3.968,0.121,0.003,0.321,1,0.000,0.000,0.000,0,768,0,0
4686,3.779,3.779,3.339,0.124,0.004,0.312,1,0.000,0.000,0.000,0,768,0,0
4687,3.747,3.747,3.207,0.123,0.004,0.413,1,0.000,0.000,0.000,0,768,0,0
4688,3.353,3.353,2.936,0.122,0.003,0.291,1,0.000,0.000,0.000,0,768,0,0
4689,3.426,3.426,2.979,0.120,0.003,0.324,1,0.000,0.000,0.000,0,768,0,0
4690,3.994,3.994,3.452,0.121,0.003,0.418,1,0.000,0.000,0.000,0,768,0,0
4691,4.066,4.066,3.368,0.119,0.003,0.576,1,0.000,0.000,0.000,0,768,0,0
4692,3.540,3.540,3.087,0.122,0.004,0.326,1,0.000,0.000,0.000,0,768,0,0
4693,5.573,5.573,5.031,0.123,0.003,0.416,1,0.000,0.000,0.000,0,768,0,0
4694,4.177,4.177,3.706,0.123,0.005,0.344,1,0.000,0.000,0.000,0,768,0,0
4695,3.535,3.535,3.097,0.124,0.003,0.311,1,0.000,0.000,0.000,0,768,0,0
4696,3.490,3.490,2.989,0.121,0.003,0.378,1,0.000,0.000,0.000,0,768,0,0
4697,3.341,3.341,2.944,0.120,0.003,0.275,1,0.000,0.000,0.000,0,768,0,0
4698,3.391,3.391,2.912,0.121,0.004,0.355,1,0.000,0.000,0.000,0,768,0,0
4699,3.301,3.301,2.892,0.120,0.003,0.286,1,0.000,0.000,0.000,0,768,0,0
4700,3.316,3.316,2.897,0.120,0.002,0.297,1,0.000,0.000,0.000,0,768,0,0
4701,3.396,3.396,2.870,0.121,0.002,0.402,1,0.000,0.000,0.000,0,768,0,0
4702,3.296,3.296,2.870,0.121,0.003,0.302,1,0.000,0.000,0.000,0,768,0,0
4703,4.029,4.029,3.572,0.121,0.003,0.333,1,0.000,0.000,0.000,0,768,0,0
4704,3.693,3.693,3.084,0.121,0.003,0.486,1,0.000,0.000,0.000,0,768,0,0
4705,3.855,3.855,3.209,0.121,0.003,0.522,1,0.000,0.000,0.000,0,768,0,0
4706,4.086,4.086,3.599,0.129,0.005,0.354,1,0.000,0.000,0.000,0,768,0,0
4707,3.898,3.898,3.278,0.122,0.005,0.493,1,0.000,0.000,0.000,0,768,0,0
4708,3.496,3.496,3.009,0.122,0.004,0.361,1,0.000,0.000,0.000,0,768,0,0
4709,3.424,3.424,2.936,0.120,0.003,0.365,1,0.000,0.000,0.000,0,768,0,0
4710,3.537,3.537,2.941,0.119,0.003,0.473,1,0.000,0.000,0.000,0,768,0,0
4711,3.546,3.546,3.070,0.122,0.003,0.350,1,0.000,0.000,0.000,0,768,0,0
4712,3.835,3.835,3.325,0.120,0.004,0.386,1,0.000,0.000,0.000,0,768,0,0
4713,6.196,6.196,5.596,0.122,0.005,0.473,1,0.000,0.000,0.000,0,768,0,0
4714,3.346,3.346,2.870,0.120,0.003,0.353,1,0.000,0.000,0.000,0,768,0,0
4715,2.938,2.938,2.481,0.119,0.003,0.335,1,0.000,0.000,0.000,0,768,0,0
4716,3.040,3.040,2.464,0.151,0.003,0.423,1,0.000,0.000,0.000,0,768,1,0
4717,4.116,4.116,3.687,0.122,0.004,0.302,1,0.000,0.000,0.000,0,768,0,0
4718,3.604,3.604,3.245,0.128,0.003,0.227,1,0.000,0.000,0.000,0,768,0,0
4719,3.746,3.746,3.305,0.126,0.003,0.313,1,0.000,0.000,0.000,0,768,0,0
4720,3.526,3.526,3.105,0.121,0.004,0.297,1,0.000,0.000,0.000,0,768,0,0
4721,4.124,4.124,3.720,0.124,0.003,0.278,1,0.000,0.000,0.000,0,768,0,0
4722,3.461,3.461,2.942,0.119,0.006,0.393,1,0.000,0.000,0.000,0,768,0,0
4723,2.964,2.964,2.565,0.121,0.003,0.275,1,0.000,0.000,0.000,0,768,0,0
4724,3.442,3.442,3.052,0.123,0.004,0.263,1,0.000,0.000,0.000,0,768,0,0
4725,3.222,3.222,2.758,0.122,0.004,0.338,1,0.000,0.000,0.000,0,768,0,0
4726,2.820,2.820,2.470,0.120,0.003,0.226,1,0.000,0.000,0.000,0,768,0,0
4727,2.839,2.839,2.514,0.120,0.003,0.202,1,0.000,0.000,0.000,0,768,0,0
4728,3.293,3.293,2.913,0.122,0.003,0.255,1,0.000,0.000,0.000,0,768,0,0
4729,2.928,2.928,2.609,0.120,0.004,0.195,1,0.000,0.000,0.000,0,768,0,0
4730,2.773,2.773,2.463,0.120,0.003,0.186,1,0.000,0.000,0.000,0,768,0,0
4731,2.823,2.823,2.449,0.120,0.003,0.250,1,0.000,0.000,0.000,0,768,0,0
4732,3.197,3.197,2.890,0.121,0.003,0.183,1,0.000,0.000,0.000,0,768,0,0
4733,2.664,2.664,2.368,0.120,0.003,0.173,1,0.000,0.000,0.000,0,768,0,0
4734,3.998,3.998,3.587,0.119,0.002,0.290,1,0.000,0.000,0.000,0,768,0,0
4735,4.506,4.506,4.148,0.125,0.004,0.230,1,0.000,0.000,0.000,0,768,0,0
4736,3.332,3.332,2.988,0.123,0.005,0.215,1,0.000,0.000,0.000,0,768,0,0
4737,2.794,2.794,2.480,0.121,0.003,0.191,1,0.000,0.000,0.000,0,768,0,0
4738,3.451,3.451,3.177,0.127,0.003,0.144,1,0.000,0.000,0.000,0,768,0,0
4739,3.258,3.258,2.993,0.127,0.003,0.135,1,0.000,0.000,0.000,0,768,0,0
4740,2.938,2.938,2.588,0.122,0.004,0.224,1,0.000,0.000,0.000,0,768,0,0
4741,2.724,2.724,2.425,0.121,0.003,0.175,1,0.000,0.000,0.000,0,768,0,0
4742,2.828,2.828,2.534,0.119,0.003,0.173,1,0.000,0.000,0.000,0,768,0,0
4743,2.731,2.731,2.381,0.121,0.003,0.227,1,0.000,0.000,0.000,0,768,0,0
4744,2.674,2.674,2.388,0.119,0.003,0.163,1,0.000,0.000,0.000,0,768,0,0
4745,2.644,2.644,2.336,0.121,0.003,0.185,1,0.000,0.000,0.000,0,768,0,0
4746,2.793,2.793,2.420,0.120,0.003,0.250,1,0.000,0.000,0.000,0,768,0,0
4747,2.616,2.616,2.328,0.121,0.002,0.164,1,0.000,0.000,0.000,0,768,0,0
4748,2.640,2.640,2.353,0.121,0.003,0.164,1,0.000,0.000,0.000,0,768,0,0
4749,2.763,2.763,2.434,0.120,0.003,0.206,1,0.000,0.000,0.000,0,768,0,0
4750,2.912,2.912,2.589,0.122,0.003,0.199,1,0.000,0.000,0.000,0,768,0,0
4751,3.738,3.738,3.427,0.127,0.004,0.180,1,0.000,0.000,0.000,0,768,0,0
4752,3.229,3.229,2.850,0.122,0.005,0.252,1,0.000,0.000,0.000,0,768,0,0
4753,3.857,3.857,3.522,0.126,0.003,0.205,1,0.000,0.000,0.000,0,768,0,0
4754,3.121,3.121,2.808,0.121,0.003,0.189,1,0.000,0.000,0.000,0,768,0,0
4755,2.832,2.832,2.468,0.120,0.003,0.241,1,0.000,0.000,0.000,0,768,0,0
4756,2.681,2.681,2.390,0.119,0.003,0.169,1,0.000,0.000,0.000,0,768,0,0
4757,2.668,2.668,2.424,0.120,0.002,0.121,1,0.000,0.000,0.000,0,768,0,0
4758,2.632,2.632,2.348,0.121,0.003,0.160,1,0.000,0.000,0.000,0,768,0,0
4759,2.571,2.571,2.336,0.121,0.002,0.111,1,0.000,0.000,0.000,0,768,0,0
4760,2.618,2.618,2.350,0.121,0.003,0.144,1,0.000,0.000,0.000,0,768,0,0
4761,2.838,2.838,2.469,0.121,0.003,0.245,1,0.000,0.000,0.000,0,768,0,0
4762,2.681,2.681,2.356,0.121,0.003,0.202,1,0.000,0.000,0.000,0,768,0,0
4763,2.682,2.682,2.354,0.120,0.003,0.205,1,0.000,0.000,0.000,0,768,0,0
4764,2.773,2.773,2.402,0.121,0.003,0.247,1,0.000,0.000,0.000,0,768,0,0
4765,3.782,3.782,3.394,0.128,0.005,0.254,1,0.000,0.000,0.000,0,768,0,0
4766,5.738,5.738,5.345,0.124,0.004,0.265,1,0.000,0.000,0.000,0,768,0,0
4767,3.981,3.981,3.495,0.137,0.006,0.342,1,0.000,0.000,0.000,0,768,0,0
4768,2.897,2.897,2.547,0.122,0.003,0.225,1,0.000,0.000,0.000,0,768,0,0
4769,20.705,20.705,20.270,0.152,0.009,0.273,1,0.000,0.000,0.000,0,768,0,0
4770,3.926,3.926,3.442,0.122,0.005,0.356,1,0.000,0.000,0.000,0,768,0,0
4771,3.648,3.648,3.276,0.121,0.004,0.247,1,0.000,0.000,0.000,0,768,0,0
4772,2.911,2.911,2.540,0.137,0.003,0.231,1,0.000,0.000,0.000,0,768,0,0
4773,3.074,3.074,2.618,0.119,0.003,0.334,1,0.000,0.000,0.000,0,768,0,0
4774,2.851,2.851,2.519,0.120,0.003,0.210,1,0.000,0.000,0.000,0,768,0,0
4775,3.391,3.391,3.011,0.131,0.008,0.242,1,0.000,0.000,0.000,0,768,0,0
4776,3.673,3.673,3.294,0.141,0.004,0.234,1,0.000,0.000,0.000,0,768,0,0
4777,4.351,4.351,4.063,0.129,0.003,0.156,1,0.000,0.000,0.000,0,768,0,0
4778,3.610,3.610,3.294,0.122,0.004,0.189,1,0.000,0.000,0.000,0,768,0,0
4779,2.939,2.939,2.576,0.122,0.003,0.238,1,0.000,0.000,0.000,0,768,0,0
4780,2.954,2.954,2.616,0.120,0.003,0.215,1,0.000,0.000,0.000,0,768,0,0
4781,2.941,2.941,2.533,0.120,0.003,0.286,1,0.000,0.000,0.000,0,768,0,0
4782,2.974,2.974,2.466,0.120,0.003,0.385,1,0.000,0.000,0.000,0,768,0,0
4783,2.907,2.907,2.502,0.120,0.003,0.282,1,0.000,0.000,0.000,0,768,0,0
4784,2.750,2.750,2.357,0.120,0.003,0.270,1,0.000,0.000,0.000,0,768,0,0
4785,3.012,3.012,2.517,0.122,0.003,0.370,1,0.000,0.000,0.000,0,768,0,0
4786,2.818,2.818,2.399,0.120,0.003,0.296,1,0.000,0.000,0.000,0,768,0,0
4787,2.747,2.747,2.330,0.120,0.002,0.295,1,0.000,0.000,0.000,0,768,0,0
4788,2.877,2.877,2.393,0.121,0.002,0.361,1,0.000,0.000,0.000,0,768,0,0
4789,3.024,3.024,2.428,0.336,0.003,0.258,1,0.000,0.000,0.000,0,768,0,0
4790,3.731,3.731,3.326,0.124,0.006,0.276,1,0.000,0.000,0.000,0,768,0,0
4791,2.979,2.979,2.530,0.121,0.003,0.325,1,0.000,0.000,0.000,0,768,0,0
4792,3.512,3.512,3.050,0.127,0.004,0.331,1,0.000,0.000,0.000,0,768,0,0
4793,3.470,3.470,3.080,0.122,0.004,0.264,1,0.000,0.000,0.000,0,768,0,0
4794,2.891,2.891,2.444,0.122,0.003,0.322,1,0.000,0.000,0.000,0,768,0,0
4795,2.854,2.854,2.514,0.120,0.002,0.218,1,0.000,0.000,0.000,0,768,0,0
4796,3.107,3.107,2.732,0.121,0.003,0.251,1,0.000,0.000,0.000,0,768,0,0
4797,3.634,3.634,3.274,0.123,0.005,0.231,1,0.000,0.000,0.000,0,768,0,0
4798,2.715,2.715,2.451,0.120,0.003,0.141,1,0.000,0.000,0.000,0,768,0,0
4799,2.814,2.814,2.504,0.121,0.003,0.186,1,0.000,0.000,0.000,0,768,0,0
4800,3.193,3.193,2.927,0.121,0.003,0.141,1,0.000,0.000,0.000,0,772,0,0
4801,3.725,3.725,3.428,0.122,0.005,0.171,1,0.000,0.000,0.000,0,772,0,0
4802,3.199,3.199,2.828,0.123,0.004,0.244,1,0.000,0.000,0.000,0,772,0,0
4803,2.828,2.828,2.509,0.122,0.003,0.195,1,0.000,0.000,0.000,0,772,0,0
4804,2.675,2.675,2.380,0.121,0.003,0.171,1,0.000,0.000,0.000,0,772,0,0
4805,2.737,2.737,2.407,0.121,0.003,0.206,1,0.000,0.000,0.000,0,772,0,0
4806,2.627,2.627,2.330,0.121,0.002,0.174,1,0.000,0.000,0.000,0,772,0,0
4807,2.672,2.672,2.370,0.120,0.003,0.178,1,0.000,0.000,0.000,0,772,0,0
4808,2.888,2.888,2.369,0.121,0.003,0.396,1,0.000,0.000,0.000,0,772,0,0
4809,3.074,3.074,2.784,0.130,0.004,0.155,1,0.000,0.000,0.000,0,772,0,0
4810,4.320,4.320,4.057,0.124,0.003,0.137,1,0.000,0.000,0.000,0,772,0,0
4811,3.708,3.708,3.334,0.122,0.006,0.245,1,0.000,0.000,0.000,0,772,0,0
4812,3.442,3.442,3.146,0.123,0.004,0.169,1,0.000,0.000,0.000,0,772,0,0
4813,2.750,2.750,2.459,0.121,0.003,0.168,1,0.000,0.000,0.000,0,772,0,0
4814,2.734,2.734,2.390,0.122,0.002,0.221,1,0.000,0.000,0.000,0,772,0,0
4815,2.704,2.704,2.412,0.123,0.003,0.166,1,0.000,0.000,0.000,0,772,0,0
4816,2.681,2.681,2.360,0.121,0.003,0.198,1,0.000,0.000,0.000,0,772,0,0
4817,2.891,2.891,2.539,0.122,0.003,0.228,1,0.000,0.000,0.000,0,796,0,0
4818,2.798,2.798,2.532,0.122,0.003,0.141,1,0.000,0.000,0.000,0,820,0,0
4819,2.753,2.753,2.489,0.123,0.002,0.137,1,0.000,0.000,0.000,0,844,0,0
4820,2.783,2.783,2.488,0.123,0.003,0.170,1,0.000,0.000,0.000,0,868,0,0
4821,2.770,2.770,2.500,0.122,0.003,0.145,1,0.000,0.000,0.000,0,892,0,0
4822,2.822,2.822,2.537,0.123,0.003,0.158,1,0.000,0.000,0.000,0,916,0,0
4823,3.346,3.346,2.970,0.131,0.007,0.239,1,0.000,0.000,0.000,0,936,0,0
4824,3.310,3.310,3.010,0.122,0.003,0.175,1,0.000,0.000,0.000,0,936,0,0
4825,3.074,3.074,2.759,0.122,0.003,0.190,1,0.000,0.000,0.000,0,936,0,0
4826,5.256,5.256,4.824,0.130,0.003,0.300,1,0.000,0.000,0.000,0,936,0,0
4827,3.227,3.227,2.859,0.124,0.004,0.240,1,0.000,0.000,0.000,0,936,0,0
4828,2.979,2.979,2.593,0.154,0.003,0.229,1,0.000,0.000,0.000,0,936,1,0
4829,3.002,3.002,2.585,0.124,0.003,0.290,1,0.000,0.000,0.000,0,936,0,0
4830,2.874,2.874,2.529,0.123,0.003,0.220,1,0.000,0.000,0.000,0,936,0,0
4831,2.887,2.887,2.534,0.123,0.003,0.227,1,0.000,0.000,0.000,0,936,0,0
4832,2.899,2.899,2.497,0.123,0.003,0.277,1,0.000,0.000,0.000,0,936,0,0
4833,2.875,2.875,2.534,0.123,0.003,0.215,1,0.000,0.000,0.000,0,936,0,0
4834,2.810,2.810,2.445,0.124,0.003,0.238,1,0.000,0.000,0.000,0,936,0,0
4835,2.860,2.860,2.458,0.123,0.003,0.277,1,0.000,0.000,0.000,0,936,0,0
4836,2.815,2.815,2.477,0.123,0.003,0.213,1,0.000,0.000,0.000,0,936,0,0
4837,2.776,2.776,2.463,0.123,0.003,0.188,1,0.000,0.000,0.000,0,936,0,0
4838,2.768,2.768,2.447,0.122,0.003,0.197,1,0.000,0.000,0.000,0,936,0,0
4839,2.685,2.685,2.423,0.122,0.002,0.137,1,0.000,0.000,0.000,0,936,0,0
4840,2.689,2.689,2.424,0.124,0.003,0.138,1,0.000,0.000,0.000,0,936,0,0
4841,2.889,2.889,2.550,0.122,0.003,0.215,1,0.000,0.000,0.000,0,936,0,0
4842,2.774,2.774,2.469,0.123,0.002,0.179,1,0.000,0.000,0.000,0,936,0,0
4843,2.793,2.793,2.453,0.124,0.003,0.214,1,0.000,0.000,0.000,0,936,0,0
4844,4.514,4.514,4.107,0.128,0.006,0.274,1,0.000,0.000,0.000,0,936,0,0
4845,4.196,4.196,3.871,0.123,0.004,0.198,1,0.000,0.000,0.000,0,936,0,0
4846,2.901,2.901,2.560,0.135,0.002,0.203,1,0.000,0.000,0.000,0,936,0,0
4847,2.988,2.988,2.595,0.124,0.003,0.266,1,0.000,0.000,0.000,0,936,0,0
4848,2.858,2.858,2.551,0.122,0.003,0.182,1,0.000,0.000,0.000,0,936,0,0
4849,2.782,2.782,2.489,0.122,0.003,0.168,1,0.000,0.000,0.000,0,936,0,0
4850,2.785,2.785,2.453,0.122,0.003,0.207,1,0.000,0.000,0.000,0,936,0,0
4851,2.744,2.744,2.438,0.123,0.003,0.180,1,0.000,0.000,0.000,0,936,0,0
4852,2.721,2.721,2.444,0.123,0.003,0.152,1,0.000,0.000,0.000,0,936,0,0
4853,2.784,2.784,2.443,0.123,0.002,0.216,1,0.000,0.000,0.000,0,936,0,0
4854,2.700,2.700,2.416,0.123,0.002,0.158,1,0.000,0.000,0.000,0,936,0,0
4855,2.719,2.719,2.434,0.124,0.003,0.158,1,0.000,0.000,0.000,0,936,0,0
4856,2.932,2.932,2.583,0.124,0.002,0.222,1,0.000,0.000,0.000,0,936,0,0
4857,2.758,2.758,2.453,0.123,0.003,0.179,1,0.000,0.000,0.000,0,936,0,0
4858,3.378,3.378,3.073,0.137,0.004,0.164,1,0.000,0.000,0.000,0,936,0,0
4859,4.400,4.400,4.108,0.126,0.003,0.163,1,0.000,0.000,0.000,0,936,0,0
4860,3.455,3.455,3.191,0.125,0.003,0.135,1,0.000,0.000,0.000,0,936,0,0
4861,3.427,3.427,3.146,0.125,0.005,0.151,1,0.000,0.000,0.000,0,936,0,0
4862,2.924,2.924,2.588,0.123,0.003,0.210,1,0.000,0.000,0.000,0,936,0,0
4863,2.760,2.760,2.462,0.124,0.003,0.171,1,0.000,0.000,0.000,0,936,0,0
4864,2.827,2.827,2.540,0.124,0.003,0.161,1,0.000,0.000,0.000,0,936,0,0
4865,2.797,2.797,2.458,0.123,0.003,0.214,1,0.000,0.000,0.000,0,936,0,0
4866,2.745,2.745,2.466,0.123,0.003,0.153,1,0.000,0.000,0.000,0,936,0,0
4867,2.731,2.731,2.432,0.122,0.003,0.174,1,0.000,0.000,0.000,0,936,0,0
4868,2.852,2.852,2.502,0.124,0.003,0.224,1,0.000,0.000,0.000,0,936,0,0
4869,2.695,2.695,2.416,0.124,0.003,0.153,1,0.000,0.000,0.000,0,936,0,0
4870,2.824,2.824,2.537,0.122,0.003,0.163,1,0.000,0.000,0.000,0,936,0,0
4871,2.934,2.934,2.574,0.121,0.002,0.236,1,0.000,0.000,0.000,0,932,0,0
4872,2.762,2.762,2.426,0.122,0.003,0.211,1,0.000,0.000,0.000,0,932,0,0
4873,3.264,3.264,2.917,0.139,0.005,0.203,1,0.000,0.000,0.000,0,772,0,0
4874,3.478,3.478,3.075,0.122,0.003,0.278,1,0.000,0.000,0.000,0,772,0,0
4875,2.775,2.775,2.436,0.122,0.003,0.214,1,0.000,0.000,0.000,0,772,0,0
4876,2.805,2.805,2.465,0.121,0.002,0.217,1,0.000,0.000,0.000,0,772,0,0
4877,3.781,3.781,3.347,0.121,0.003,0.310,1,0.000,0.000,0.000,0,772,0,0
4878,4.336,4.336,3.983,0.125,0.005,0.224,1,0.000,0.000,0.000,0,772,0,0
4879,3.310,3.310,3.010,0.133,0.003,0.164,1,0.000,0.000,0.000,0,772,0,0
4880,3.042,3.042,2.687,0.123,0.005,0.227,1,0.000,0.000,0.000,0,772,0,0
4881,2.705,2.705,2.425,0.122,0.003,0.155,1,0.000,0.000,0.000,0,772,0,0
4882,2.691,2.691,2.381,0.120,0.003,0.187,1,0.000,0.000,0.000,0,772,0,0
4883,2.784,2.784,2.398,0.120,0.003,0.263,1,0.000,0.000,0.000,0,772,0,0
4884,2.738,2.738,2.400,0.123,0.003,0.212,1,0.000,0.000,0.000,0,772,0,0
4885,2.655,2.655,2.341,0.120,0.003,0.191,1,0.000,0.000,0.000,0,772,0,0
4886,2.726,2.726,2.359,0.120,0.003,0.245,1,0.000,0.000,0.000,0,772,0,0
4887,2.833,2.833,2.469,0.122,0.003,0.239,1,0.000,0.000,0.000,0,772,0,0
4888,2.775,2.775,2.402,0.120,0.003,0.250,1,0.000,0.000,0.000,0,772,0,0
4889,3.036,3.036,2.604,0.120,0.003,0.308,1,0.000,0.000,0.000,0,772,0,0
4890,3.589,3.589,3.209,0.123,0.004,0.253,1,0.000,0.000,0.000,0,772,0,0
4891,2.903,2.903,2.557,0.121,0.003,0.222,1,0.000,0.000,0.000,0,768,0,0
4892,3.041,3.041,2.643,0.123,0.003,0.272,1,0.000,0.000,0.000,0,768,0,0
4893,4.621,4.621,4.309,0.122,0.005,0.185,1,0.000,0.000,0.000,0,768,0,0
4894,3.380,3.380,3.080,0.122,0.004,0.173,1,0.000,0.000,0.000,0,768,0,0
4895,2.880,2.880,2.550,0.121,0.003,0.205,1,0.000,0.000,0.000,0,768,0,0
4896,2.621,2.621,2.379,0.121,0.003,0.118,1,0.000,0.000,0.000,0,768,0,0
4897,2.621,2.621,2.382,0.120,0.003,0.117,1,0.000,0.000,0.000,0,768,0,0
4898,2.672,2.672,2.399,0.119,0.003,0.151,1,0.000,0.000,0.000,0,768,0,0
4899,2.585,2.585,2.348,0.120,0.002,0.115,1,0.000,0.000,0.000,0,768,0,0
4900,3.196,3.196,2.915,0.122,0.004,0.155,1,0.000,0.000,0.000,0,768,0,0
4901,2.949,2.949,2.688,0.126,0.003,0.132,1,0.000,0.000,0.000,0,768,0,0
4902,3.087,3.087,2.743,0.120,0.003,0.220,1,0.000,0.000,0.000,0,768,0,0
4903,3.053,3.053,2.480,0.120,0.003,0.449,1,0.000,0.000,0.000,0,768,0,0
4904,3.281,3.281,2.799,0.122,0.003,0.357,1,0.000,0.000,0.000,0,768,0,0
4905,2.860,2.860,2.381,0.120,0.003,0.356,1,0.000,0.000,0.000,0,768,0,0
4906,3.162,3.162,2.552,0.119,0.003,0.489,1,0.000,0.000,0.000,0,768,0,0
4907,3.649,3.649,3.151,0.122,0.007,0.369,1,0.000,0.000,0.000,0,768,0,0
4908,4.862,4.862,4.353,0.121,0.004,0.384,1,0.000,0.000,0.000,0,768,0,0
4909,3.365,3.365,2.757,0.122,0.003,0.483,1,0.000,0.000,0.000,0,768,0,0
4910,4.637,4.637,4.139,0.124,0.004,0.370,1,0.000,0.000,0.000,0,768,0,0
4911,3.367,3.367,2.899,0.122,0.003,0.343,1,0.000,0.000,0.000,0,768,0,0
4912,3.040,3.040,2.466,0.121,0.003,0.451,1,0.000,0.000,0.000,0,768,0,0
4913,3.339,3.339,2.847,0.123,0.003,0.367,1,0.000,0.000,0.000,0,768,0,0
4914,3.451,3.451,2.967,0.121,0.005,0.358,1,0.000,0.000,0.000,0,768,0,0
4915,3.015,3.015,2.457,0.120,0.003,0.435,1,0.000,0.000,0.000,0,768,0,0
4916,2.803,2.803,2.359,0.120,0.003,0.322,1,0.000,0.000,0.000,0,768,0,0
4917,2.944,2.944,2.534,0.120,0.003,0.288,1,0.000,0.000,0.000,0,768,0,0
4918,2.900,2.900,2.383,0.119,0.003,0.396,1,0.000,0.000,0.000,0,768,0,0
4919,2.929,2.929,2.528,0.120,0.003,0.279,1,0.000,0.000,0.000,0,768,0,0
4920,2.739,2.739,2.331,0.121,0.002,0.285,1,0.000,0.000,0.000,0,768,0,0
4921,3.102,3.102,2.593,0.120,0.003,0.386,1,0.000,0.000,0.000,0,768,0,0
4922,3.149,3.149,2.727,0.121,0.006,0.295,1,0.000,0.000,0.000,0,768,0,0
4923,3.081,3.081,2.612,0.122,0.004,0.344,1,0.000,0.000,0.000,0,768,0,0
4924,4.706,4.706,4.211,0.125,0.004,0.366,1,0.000,0.000,0.000,0,768,0,0
4925,3.495,3.495,3.045,0.125,0.004,0.321,1,0.000,0.000,0.000,0,768,0,0
4926,2.870,2.870,2.463,0.120,0.003,0.284,1,0.000,0.000,0.000,0,768,0,0
4927,2.846,2.846,2.374,0.120,0.003,0.350,1,0.000,0.000,0.000,0,768,0,0
4928,3.012,3.012,2.531,0.209,0.004,0.269,1,0.000,0.000,0.000,0,768,0,0
4929,2.934,2.934,2.535,0.121,0.003,0.275,1,0.000,0.000,0.000,0,768,0,0
4930,2.802,2.802,2.329,0.121,0.003,0.350,1,0.000,0.000,0.000,0,768,0,0
4931,3.340,3.340,2.948,0.119,0.003,0.270,1,0.000,0.000,0.000,0,768,0,0
4932,3.397,3.397,2.925,0.149,0.003,0.320,1,0.000,0.000,0.000,0,768,1,0
4933,3.265,3.265,2.633,0.121,0.004,0.507,1,0.000,0.000,0.000,0,768,0,0
4934,3.088,3.088,2.614,0.120,0.003,0.351,1,0.000,0.000,0.000,0,768,0,0
4935,2.801,2.801,2.333,0.119,0.003,0.346,1,0.000,0.000,0.000,0,768,0,0
4936,3.469,3.469,2.890,0.120,0.003,0.455,1,0.000,0.000,0.000,0,768,0,0
4937,3.656,3.656,3.166,0.119,0.006,0.363,1,0.000,0.000,0.000,0,768,0,0
4938,3.073,3.073,2.585,0.120,0.005,0.363,1,0.000,0.000,0.000,0,768,0,0
4939,4.451,4.451,3.779,0.197,0.004,0.472,1,0.000,0.000,0.000,0,768,0,0
4940,3.546,3.546,3.089,0.122,0.004,0.331,1,0.000,0.000,0.000,0,768,0,0
4941,3.153,3.153,2.689,0.121,0.003,0.340,1,0.000,0.000,0.000,0,768,0,0
4942,3.193,3.193,2.602,0.122,0.003,0.466,1,0.000,0.000,0.000,0,768,0,0
4943,2.899,2.899,2.447,0.121,0.003,0.329,1,0.000,0.000,0.000,0,768,0,0
4944,2.815,2.815,2.365,0.120,0.003,0.328,1,0.000,0.000,0.000,0,768,0,0
4945,2.880,2.880,2.325,0.120,0.003,0.432,1,0.000,0.000,0.000,0,768,0,0
4946,3.542,3.542,3.066,0.128,0.005,0.343,1,0.000,0.000,0.000,0,768,0,0
4947,3.390,3.390,2.932,0.121,0.003,0.334,1,0.000,0.000,0.000,0,768,0,0
4948,3.175,3.175,2.559,0.119,0.003,0.493,1,0.000,0.000,0.000,0,768,0,0
4949,3.183,3.183,2.678,0.119,0.003,0.383,1,0.000,0.000,0.000,0,768,0,0
4950,3.420,3.420,2.890,0.121,0.003,0.406,1,0.000,0.000,0.000,0,768,0,0
4951,4.062,4.062,3.408,0.129,0.004,0.520,1,0.000,0.000,0.000,0,768,0,0
4952,3.702,3.702,3.220,0.123,0.004,0.356,1,0.000,0.000,0.000,0,768,0,0
4953,3.859,3.859,3.366,0.123,0.003,0.367,1,0.000,0.000,0.000,0,768,0,0
4954,5.372,5.372,4.623,0.121,0.003,0.624,1,0.000,0.000,0.000,0,768,0,0
4955,3.821,3.821,3.300,0.121,0.006,0.395,1,0.000,0.000,0.000,0,768,0,0
4956,3.495,3.495,2.933,0.122,0.004,0.435,1,0.000,0.000,0.000,0,768,0,0
4957,3.051,3.051,2.443,0.121,0.003,0.484,1,0.000,0.000,0.000,0,768,0,0
4958,3.194,3.194,2.700,0.121,0.003,0.370,1,0.000,0.000,0.000,0,768,0,0
4959,3.445,3.445,2.947,0.121,0.003,0.375,1,0.000,0.000,0.000,0,768,0,0
4960,3.683,3.683,3.108,0.120,0.003,0.451,1,0.000,0.000,0.000,0,768,0,0
4961,2.848,2.848,2.441,0.119,0.003,0.286,1,0.000,0.000,0.000,0,768,0,0
4962,2.714,2.714,2.337,0.119,0.002,0.256,1,0.000,0.000,0.000,0,768,0,0
4963,3.490,3.490,2.985,0.120,0.003,0.382,1,0.000,0.000,0.000,0,768,0,0
4964,2.818,2.818,2.383,0.121,0.003,0.311,1,0.000,0.000,0.000,0,768,0,0
4965,2.768,2.768,2.338,0.120,0.002,0.307,1,0.000,0.000,0.000,0,768,0,0
4966,4.355,4.355,3.795,0.121,0.003,0.437,1,0.000,0.000,0.000,0,768,0,0
4967,3.497,3.497,3.031,0.122,0.006,0.338,1,0.000,0.000,0.000,0,768,0,0
4968,4.553,4.553,4.144,0.123,0.003,0.283,1,0.000,0.000,0.000,0,768,0,0
4969,4.461,4.461,3.823,0.146,0.004,0.488,1,0.000,0.000,0.000,0,768,0,0
4970,3.171,3.171,2.776,0.121,0.004,0.270,1,0.000,0.000,0.000,0,768,0,0
4971,2.869,2.869,2.482,0.121,0.003,0.263,1,0.000,0.000,0.000,0,768,0,0
4972,2.903,2.903,2.427,0.121,0.003,0.352,1,0.000,0.000,0.000,0,768,0,0
4973,2.785,2.785,2.391,0.120,0.003,0.271,1,0.000,0.000,0.000,0,768,0,0
4974,2.753,2.753,2.357,0.121,0.003,0.272,1,0.000,0.000,0.000,0,768,0,0
4975,2.815,2.815,2.337,0.120,0.003,0.355,1,0.000,0.000,0.000,0,768,0,0
4976,2.749,2.749,2.360,0.119,0.003,0.267,1,0.000,0.000,0.000,0,768,0,0
4977,2.700,2.700,2.324,0.120,0.003,0.253,1,0.000,0.000,0.000,0,768,0,0
4978,3.013,3.013,2.530,0.120,0.003,0.361,1,0.000,0.000,0.000,0,768,0,0
4979,2.971,2.971,2.542,0.120,0.003,0.305,1,0.000,0.000,0.000,0,768,0,0
4980,2.766,2.766,2.366,0.121,0.002,0.277,1,0.000,0.000,0.000,0,768,0,0
4981,3.436,3.436,2.947,0.120,0.003,0.366,1,0.000,0.000,0.000,0,768,0,0
4982,3.275,3.275,2.833,0.123,0.003,0.316,1,0.000,0.000,0.000,0,768,0,0
4983,3.150,3.150,2.722,0.134,0.004,0.291,1,0.000,0.000,0.000,0,768,0,0
4984,4.017,4.017,3.501,0.128,0.006,0.381,1,0.000,0.000,0.000,0,768,0,0
4985,3.108,3.108,2.688,0.122,0.004,0.293,1,0.000,0.000,0.000,0,768,0,0
4986,2.953,2.953,2.550,0.120,0.003,0.280,1,0.000,0.000,0.000,0,768,0,0
4987,2.977,2.977,2.457,0.120,0.002,0.398,1,0.000,0.000,0.000,0,768,0,0
4988,3.532,3.532,3.108,0.124,0.004,0.296,1,0.000,0.000,0.000,0,768,0,0
4989,3.235,3.235,2.822,0.121,0.003,0.289,1,0.000,0.000,0.000,0,768,0,0
4990,2.951,2.951,2.447,0.121,0.003,0.380,1,0.000,0.000,0.000,0,768,0,0
4991,3.609,3.609,3.170,0.122,0.003,0.314,1,0.000,0.000,0.000,0,768,0,0
4992,3.415,3.415,2.985,0.121,0.005,0.304,1,0.000,0.000,0.000,0,768,0,0
4993,3.008,3.008,2.515,0.120,0.003,0.370,1,0.000,0.000,0.000,0,768,0,0
4994,2.864,2.864,2.399,0.120,0.003,0.343,1,0.000,0.000,0.000,0,768,0,0
4995,2.824,2.824,2.367,0.146,0.003,0.308,1,0.000,0.000,0.000,0,768,0,0
4996,2.915,2.915,2.391,0.120,0.003,0.402,1,0.000,0.000,0.000,0,768,0,0
4997,2.769,2.769,2.358,0.122,0.003,0.287,1,0.000,0.000,0.000,0,768,0,0
4998,2.863,2.863,2.381,0.121,0.002,0.358,1,0.000,0.000,0.000,0,768,0,0
4999,3.511,3.511,3.089,0.120,0.009,0.293,1,0.000,0.000,0.000,0,768,0,0
5000,3.048,3.048,2.633,0.122,0.004,0.289,1,0.000,0.000,0.000,0,768,0,0
5001,2.965,2.965,2.499,0.120,0.003,0.343,1,0.000,0.000,0.000,0,768,0,0
5002,3.441,3.441,3.062,0.127,0.004,0.248,1,0.000,0.000,0.000,0,768,0,0
5003,3.706,3.706,3.357,0.122,0.003,0.224,1,0.000,0.000,0.000,0,768,0,0
5004,3.012,3.012,2.592,0.121,0.003,0.297,1,0.000,0.000,0.000,0,768,0,0
5005,3.781,3.781,3.407,0.126,0.005,0.244,1,0.000,0.000,0.000,0,768,0,0
5006,3.179,3.179,2.814,0.121,0.006,0.237,1,0.000,0.000,0.000,0,768,0,0
5007,3.014,3.014,2.580,0.121,0.003,0.311,1,0.000,0.000,0.000,0,768,0,0
5008,2.807,2.807,2.433,0.120,0.004,0.250,1,0.000,0.000,0.000,0,768,0,0
5009,2.908,2.908,2.475,0.120,0.003,0.310,1,0.000,0.000,0.000,0,768,0,0
5010,2.926,2.926,2.395,0.119,0.003,0.409,1,0.000,0.000,0.000,0,768,0,0
5011,2.804,2.804,2.370,0.120,0.003,0.312,1,0.000,0.000,0.000,0,768,0,0
5012,2.809,2.809,2.361,0.119,0.003,0.326,1,0.000,0.000,0.000,0,768,0,0
5013,4.072,4.072,3.503,0.121,0.003,0.445,1,0.000,0.000,0.000,0,768,0,0
5014,3.179,3.179,2.740,0.120,0.003,0.315,1,0.000,0.000,0.000,0,768,0,0
5015,2.849,2.849,2.410,0.121,0.003,0.315,1,0.000,0.000,0.000,0,768,0,0
5016,2.976,2.976,2.456,0.119,0.002,0.398,1,0.000,0.000,0.000,0,768,0,0
5017,2.790,2.790,2.384,0.119,0.003,0.284,1,0.000,0.000,0.000,0,768,0,0
5018,2.749,2.749,2.372,0.120,0.003,0.254,1,0.000,0.000,0.000,0,768,0,0
5019,3.360,3.360,2.732,0.122,0.003,0.503,1,0.000,0.000,0.000,0,768,0,0
5020,3.476,3.476,3.062,0.125,0.005,0.285,1,0.000,0.000,0.000,0,768,0,0
5021,4.974,4.974,4.533,0.121,0.006,0.314,1,0.000,0.000,0.000,0,768,0,0
5022,4.402,4.402,3.877,0.121,0.006,0.399,1,0.000,0.000,0.000,0,768,0,0
5023,2.889,2.889,2.480,0.121,0.003,0.285,1,0.000,0.000,0.000,0,768,0,0
5024,3.001,3.001,2.562,0.121,0.003,0.315,1,0.000,0.000,0.000,0,768,0,0
5025,3.102,3.102,2.471,0.122,0.003,0.507,1,0.000,0.000,0.000,0,768,0,0
5026,3.265,3.265,2.726,0.120,0.003,0.416,1,0.000,0.000,0.000,0,768,0,0
5027,2.976,2.976,2.406,0.122,0.003,0.446,1,0.000,0.000,0.000,0,768,0,0
5028,3.437,3.437,2.755,0.122,0.003,0.557,1,0.000,0.000,0.000,0,768,0,0
5029,3.537,3.537,2.988,0.121,0.003,0.425,1,0.000,0.000,0.000,0,768,0,0
5030,2.939,2.939,2.392,0.119,0.003,0.425,1,0.000,0.000,0.000,0,768,0,0
5031,3.150,3.150,2.461,0.120,0.003,0.567,1,0.000,0.000,0.000,0,768,0,0
5032,3.545,3.545,3.002,0.121,0.003,0.419,1,0.000,0.000,0.000,0,768,0,0
5033,3.875,3.875,3.363,0.121,0.003,0.389,1,0.000,0.000,0.000,0,768,0,0
5034,3.527,3.527,2.742,0.122,0.003,0.660,1,0.000,0.000,0.000,0,768,0,0
5035,4.038,4.038,3.519,0.123,0.005,0.392,1,0.000,0.000,0.000,0,768,0,0
5036,3.024,3.024,2.521,0.121,0.003,0.380,1,0.000,0.000,0.000,0,768,0,0
5037,3.071,3.071,2.449,0.120,0.003,0.499,1,0.000,0.000,0.000,0,768,0,0
5038,3.491,3.491,2.997,0.127,0.003,0.364,1,0.000,0.000,0.000,0,768,0,0
5039,3.165,3.165,2.668,0.123,0.003,0.372,1,0.000,0.000,0.000,0,768,0,0
5040,3.081,3.081,2.481,0.119,0.003,0.478,1,0.000,0.000,0.000,0,768,0,0
5041,3.031,3.031,2.574,0.119,0.003,0.335,1,0.000,0.000,0.000,0,768,0,0
5042,3.375,3.375,2.928,0.121,0.003,0.323,1,0.000,0.000,0.000,0,768,0,0
5043,3.357,3.357,2.798,0.120,0.003,0.436,1,0.000,0.000,0.000,0,768,0,0
5044,2.810,2.810,2.336,0.120,0.003,0.352,1,0.000,0.000,0.000,0,768,0,0
5045,3.066,3.066,2.594,0.119,0.003,0.350,1,0.000,0.000,0.000,0,768,0,0
5046,3.763,3.763,3.161,0.161,0.005,0.435,1,0.000,0.000,0.000,0,768,1,0
5047,3.053,3.053,2.600,0.121,0.003,0.329,1,0.000,0.000,0.000,0,768,0,0
5048,3.018,3.018,2.590,0.121,0.004,0.303,1,0.000,0.000,0.000,0,768,0,0
5049,3.543,3.543,3.036,0.123,0.003,0.382,1,0.000,0.000,0.000,0,768,0,0
5050,5.069,5.069,4.361,0.121,0.005,0.582,1,0.000,0.000,0.000,0,768,0,0
5051,3.391,3.391,2.957,0.122,0.004,0.306,1,0.000,0.000,0.000,0,768,0,0
5052,4.196,4.196,3.653,0.125,0.007,0.411,1,0.000,0.000,0.000,0,768,0,0
5053,2.864,2.864,2.441,0.121,0.003,0.298,1,0.000,0.000,0.000,0,768,0,0
5054,2.901,2.901,2.492,0.120,0.003,0.287,1,0.000,0.000,0.000,0,768,0,0
5055,3.215,3.215,2.652,0.121,0.003,0.440,1,0.000,0.000,0.000,0,768,0,0
5056,2.795,2.795,2.366,0.119,0.003,0.306,1,0.000,0.000,0.000,0,768,0,0
5057,2.780,2.780,2.361,0.120,0.003,0.296,1,0.000,0.000,0.000,0,768,0,0
5058,2.997,2.997,2.469,0.122,0.003,0.403,1,0.000,0.000,0.000,0,768,0,0
5059,2.777,2.777,2.360,0.119,0.003,0.295,1,0.000,0.000,0.000,0,768,0,0
5060,2.766,2.766,2.350,0.120,0.003,0.294,1,0.000,0.000,0.000,0,768,0,0
5061,2.988,2.988,2.400,0.120,0.002,0.465,1,0.000,0.000,0.000,0,768,0,0
5062,2.866,2.866,2.456,0.120,0.003,0.287,1,0.000,0.000,0.000,0,768,0,0
5063,2.745,2.745,2.335,0.120,0.003,0.287,1,0.000,0.000,0.000,0,768,0,0
5064,3.600,3.600,2.939,0.119,0.003,0.538,1,0.000,0.000,0.000,0,768,0,0
5065,2.895,2.895,2.478,0.121,0.003,0.293,1,0.000,0.000,0.000,0,768,0,0
5066,2.738,2.738,2.331,0.122,0.003,0.282,1,0.000,0.000,0.000,0,768,0,0
5067,3.886,3.886,3.343,0.141,0.005,0.398,1,0.000,0.000,0.000,0,768,0,0
5068,4.281,4.281,3.824,0.188,0.003,0.266,1,0.000,0.000,0.000,0,768,0,0
5069,3.272,3.272,2.874,0.121,0.003,0.274,1,0.000,0.000,0.000,0,768,0,0
5070,3.696,3.696,3.203,0.122,0.005,0.367,1,0.000,0.000,0.000,0,768,0,0
5071,3.230,3.230,3.063,0.125,0.005,0.037,1,0.000,0.000,0.000,0,768,0,0
5072,3.092,3.092,2.937,0.122,0.003,0.030,1,0.000,0.000,0.000,0,768,0,0
5073,3.522,3.522,3.350,0.135,0.003,0.035,1,0.000,0.000,0.000,0,772,0,0
5074,2.719,2.719,2.551,0.134,0.003,0.030,1,0.000,0.000,0.000,0,772,0,0
5075,3.101,3.101,2.923,0.125,0.007,0.047,1,0.000,0.000,0.000,0,772,0,0
5076,3.671,3.671,3.498,0.126,0.003,0.044,1,0.000,0.000,0.000,0,772,0,0
5077,2.963,2.963,2.807,0.121,0.003,0.031,1,0.000,0.000,0.000,0,772,0,0
5078,2.545,2.545,2.392,0.122,0.003,0.028,1,0.000,0.000,0.000,0,772,0,0
5079,3.338,3.338,3.154,0.127,0.006,0.051,1,0.000,0.000,0.000,0,772,0,0
5080,3.105,3.105,2.940,0.131,0.003,0.031,1,0.000,0.000,0.000,0,772,0,0
5081,2.774,2.774,2.611,0.122,0.004,0.037,1,0.000,0.000,0.000,0,772,0,0
5082,3.355,3.355,3.182,0.125,0.004,0.044,1,0.000,0.000,0.000,0,772,0,0
5083,2.812,2.812,2.656,0.122,0.003,0.031,1,0.000,0.000,0.000,0,772,0,0
5084,3.144,3.144,2.947,0.147,0.005,0.045,1,0.000,0.000,0.000,0,772,0,0
5085,3.058,3.058,2.889,0.124,0.003,0.041,1,0.000,0.000,0.000,0,772,0,0
5086,2.932,2.932,2.769,0.123,0.004,0.035,1,0.000,0.000,0.000,0,772,0,0
5087,2.484,2.484,2.330,0.121,0.003,0.030,1,0.000,0.000,0.000,0,772,0,0
5088,2.439,2.439,2.280,0.121,0.003,0.036,1,0.000,0.000,0.000,0,772,0,0
5089,2.826,2.826,2.669,0.123,0.003,0.030,1,0.000,0.000,0.000,0,772,0,0
5090,2.651,2.651,2.496,0.121,0.003,0.031,1,0.000,0.000,0.000,0,772,0,0
5091,2.440,2.440,2.282,0.120,0.002,0.035,1,0.000,0.000,0.000,0,772,0,0
5092,2.422,2.422,2.268,0.123,0.003,0.029,1,0.000,0.000,0.000,0,772,0,0
5093,2.428,2.428,2.274,0.122,0.003,0.030,1,0.000,0.000,0.000,0,772,0,0
5094,2.458,2.458,2.297,0.121,0.003,0.037,1,0.000,0.000,0.000,0,772,0,0
5095,2.407,2.407,2.252,0.123,0.003,0.029,1,0.000,0.000,0.000,0,772,0,0
5096,2.403,2.403,2.249,0.122,0.003,0.029,1,0.000,0.000,0.000,0,772,0,0
5097,2.753,2.753,2.585,0.127,0.003,0.038,1,0.000,0.000,0.000,0,772,0,0
5098,2.602,2.602,2.443,0.123,0.004,0.033,1,0.000,0.000,0.000,0,772,0,0
5099,3.344,3.344,3.173,0.126,0.004,0.041,1,0.000,0.000,0.000,0,772,0,0
5100,2.839,2.839,2.684,0.127,0.003,0.025,1,0.000,0.000,0.000,0,772,0,0
5101,3.218,3.218,3.060,0.124,0.003,0.030,1,0.000,0.000,0.000,0,772,0,0
5102,3.022,3.022,2.844,0.122,0.005,0.050,1,0.000,0.000,0.000,0,772,0,0
5103,2.490,2.490,2.335,0.122,0.003,0.030,1,0.000,0.000,0.000,0,772,0,0
5104,2.921,2.921,2.765,0.121,0.004,0.030,1,0.000,0.000,0.000,0,772,0,0
5105,36.204,36.204,36.080,0.013,0.045,0.065,1,0.000,0.000,0.000,0,4,0,0
5106,10.841,10.841,10.738,0.010,0.039,0.054,1,0.000,0.000,0.000,0,4,0,0
5107,0.731,0.731,0.665,0.011,0.008,0.047,1,0.000,0.000,0.000,0,4,0,0
5108,328.841,328.841,328.686,0.083,0.008,0.063,1,0.000,0.000,0.000,0,324,0,0
5109,5.998,5.998,5.840,0.077,0.009,0.072,1,0.000,0.000,0.000,0,288,0,0
5110,4.327,4.327,4.218,0.069,0.004,0.036,1,0.000,0.000,0.000,0,288,0,0
5111,4.072,4.072,3.960,0.068,0.003,0.041,1,0.000,0.000,0.000,0,288,0,0
5112,4.064,4.064,3.960,0.068,0.004,0.031,1,0.000,0.000,0.000,0,288,0,0
5113,3.585,3.585,3.480,0.068,0.004,0.033,1,0.000,0.000,0.000,0,288,0,0
5114,3.553,3.553,3.393,0.121,0.003,0.036,1,0.000,0.000,0.000,0,536,0,0
5115,3.424,3.424,3.270,0.121,0.003,0.030,1,0.000,0.000,0.000,0,536,0,0
5116,4.294,4.294,4.120,0.126,0.006,0.042,1,0.000,0.000,0.000,0,536,0,0
5117,4.704,4.704,4.529,0.125,0.005,0.044,1,0.000,0.000,0.000,0,536,0,0
5118,3.706,3.706,3.549,0.123,0.004,0.030,1,0.000,0.000,0.000,0,536,0,0
5119,3.450,3.450,3.295,0.121,0.003,0.031,1,0.000,0.000,0.000,0,536,0,0
5120,3.482,3.482,3.318,0.120,0.004,0.040,1,0.000,0.000,0.000,0,536,0,0
5121,3.401,3.401,3.247,0.121,0.003,0.030,1,0.000,0.000,0.000,0,536,0,0
5122,3.367,3.367,3.214,0.120,0.003,0.029,1,0.000,0.000,0.000,0,536,0,0
5123,3.383,3.383,3.224,0.120,0.003,0.035,1,0.000,0.000,0.000,0,536,0,0
5124,3.373,3.373,3.222,0.120,0.003,0.029,1,0.000,0.000,0.000,0,536,0,0
5125,4.642,4.642,4.472,0.122,0.007,0.040,1,0.000,0.000,0.000,0,536,0,0
5126,4.416,4.416,4.237,0.128,0.005,0.046,1,0.000,0.000,0.000,0,536,0,0
5127,3.627,3.627,3.469,0.122,0.004,0.032,1,0.000,0.000,0.000,0,536,0,0
5128,3.442,3.442,3.287,0.121,0.004,0.030,1,0.000,0.000,0.000,0,536,0,0
5129,3.404,3.404,3.242,0.120,0.003,0.039,1,0.000,0.000,0.000,0,536,0,0
5130,3.396,3.396,3.242,0.120,0.003,0.030,1,0.000,0.000,0.000,0,536,0,0
5131,3.370,3.370,3.218,0.120,0.003,0.029,1,0.000,0.000,0.000,0,536,0,0
5132,3.391,3.391,3.232,0.120,0.003,0.036,1,0.000,0.000,0.000,0,536,0,0
5133,3.384,3.384,3.231,0.121,0.003,0.029,1,0.000,0.000,0.000,0,536,0,0
5134,3.829,3.829,3.666,0.125,0.005,0.033,1,0.000,0.000,0.000,0,536,0,0
5135,4.174,4.174,4.010,0.128,0.003,0.032,1,0.000,0.000,0.000,0,536,0,0
5136,4.634,4.634,4.473,0.123,0.004,0.034,1,0.000,0.000,0.000,0,536,0,0
5137,4.412,4.412,4.261,0.123,0.004,0.024,1,0.000,0.000,0.000,0,536,0,0
5138,4.132,4.132,3.968,0.123,0.004,0.038,1,0.000,0.000,0.000,0,536,0,0
5139,5.895,5.895,5.718,0.124,0.006,0.047,1,0.000,0.000,0.000,0,536,0,0
5140,3.635,3.635,3.449,0.121,0.004,0.062,1,0.000,0.000,0.000,0,536,0,0
5141,3.594,3.594,3.387,0.122,0.003,0.083,1,0.000,0.000,0.000,0,536,0,0
5142,3.463,3.463,3.273,0.122,0.003,0.064,1,0.000,0.000,0.000,0,536,0,0
5143,3.864,3.864,3.653,0.139,0.005,0.068,1,0.000,0.000,0.000,0,536,0,0
5144,4.477,4.477,4.220,0.155,0.005,0.097,1,0.000,0.000,0.000,0,536,0,0
5145,4.061,4.061,3.865,0.122,0.003,0.071,1,0.000,0.000,0.000,0,536,0,0
5146,3.901,3.901,3.705,0.124,0.005,0.068,1,0.000,0.000,0.000,0,536,0,0
5147,4.061,4.061,3.847,0.122,0.003,0.089,1,0.000,0.000,0.000,0,536,0,0
5148,4.153,4.153,3.954,0.132,0.004,0.064,1,0.000,0.000,0.000,0,536,0,0
5149,3.995,3.995,3.809,0.121,0.003,0.062,1,0.000,0.000,0.000,0,536,0,0
5150,4.739,4.739,4.505,0.123,0.005,0.106,1,0.000,0.000,0.000,0,536,0,0
5151,3.679,3.679,3.485,0.122,0.004,0.068,1,0.000,0.000,0.000,0,536,0,0
5152,3.497,3.497,3.308,0.121,0.004,0.065,1,0.000,0.000,0.000,0,536,0,0
5153,3.536,3.536,3.329,0.121,0.003,0.083,1,0.000,0.000,0.000,0,536,0,0
5154,3.418,3.418,3.231,0.121,0.003,0.064,1,0.000,0.000,0.000,0,536,0,0
5155,3.417,3.417,3.230,0.120,0.003,0.063,1,0.000,0.000,0.000,0,536,0,0
5156,3.472,3.472,3.253,0.133,0.003,0.083,1,0.000,0.000,0.000,0,536,0,0
5157,3.430,3.430,3.221,0.143,0.003,0.063,1,0.000,0.000,0.000,0,536,0,0
5158,3.435,3.435,3.248,0.121,0.003,0.063,1,0.000,0.000,0.000,0,536,0,0
5159,3.731,3.731,3.523,0.122,0.003,0.083,1,0.000,0.000,0.000,0,536,0,0
5160,3.420,3.420,3.233,0.120,0.003,0.064,1,0.000,0.000,0.000,0,536,0,0
5161,4.236,4.236,4.033,0.123,0.005,0.075,1,0.000,0.000,0.000,0,536,0,0
5162,3.907,3.907,3.693,0.121,0.004,0.088,1,0.000,0.000,0.000,0,536,0,0
5163,3.505,3.505,3.315,0.121,0.003,0.066,1,0.000,0.000,0.000,0,536,0,0
5164,3.480,3.480,3.291,0.122,0.003,0.065,1,0.000,0.000,0.000,0,536,0,0
5165,3.663,3.663,3.443,0.120,0.008,0.093,1,0.000,0.000,0.000,0,536,0,0
5166,3.580,3.580,3.387,0.121,0.004,0.069,1,0.000,0.000,0.000,0,536,0,0
5167,3.473,3.473,3.285,0.121,0.003,0.064,1,0.000,0.000,0.000,0,536,0,0
5168,3.472,3.472,3.267,0.120,0.003,0.082,1,0.000,0.000,0.000,0,536,0,0
5169,3.409,3.409,3.223,0.120,0.003,0.063,1,0.000,0.000,0.000,0,536,0,0
5170,3.431,3.431,3.242,0.121,0.004,0.064,1,0.000,0.000,0.000,0,536,0,0
5171,3.451,3.451,3.227,0.140,0.003,0.081,1,0.000,0.000,0.000,0,536,0,0
5172,4.229,4.229,4.028,0.125,0.005,0.071,1,0.000,0.000,0.000,0,536,0,0
5173,3.839,3.839,3.641,0.123,0.005,0.071,1,0.000,0.000,0.000,0,536,0,0
5174,3.513,3.513,3.306,0.120,0.003,0.084,1,0.000,0.000,0.000,0,536,0,0
5175,3.878,3.878,3.685,0.122,0.004,0.067,1,0.000,0.000,0.000,0,536,0,0
5176,3.792,3.792,3.596,0.122,0.005,0.069,1,0.000,0.000,0.000,0,536,0,0
5177,3.544,3.544,3.332,0.122,0.005,0.084,1,0.000,0.000,0.000,0,536,0,0
5178,3.483,3.483,3.294,0.122,0.003,0.064,1,0.000,0.000,0.000,0,536,0,0
5179,4.007,4.007,3.817,0.122,0.003,0.065,1,0.000,0.000,0.000,0,536,0,0
5180,3.593,3.593,3.386,0.121,0.003,0.083,1,0.000,0.000,0.000,0,536,0,0
5181,3.441,3.441,3.254,0.122,0.003,0.063,1,0.000,0.000,0.000,0,536,0,0
5182,3.451,3.451,3.263,0.121,0.003,0.064,1,0.000,0.000,0.000,0,536,0,0
5183,3.433,3.433,3.227,0.121,0.003,0.082,1,0.000,0.000,0.000,0,536,0,0
5184,3.448,3.448,3.261,0.121,0.003,0.063,1,0.000,0.000,0.000,0,536,0,0
5185,3.424,3.424,3.237,0.121,0.003,0.063,1,0.000,0.000,0.000,0,536,0,0
5186,3.425,3.425,3.220,0.120,0.003,0.082,1,0.000,0.000,0.000,0,536,0,0
5187,3.416,3.416,3.229,0.121,0.003,0.063,1,0.000,0.000,0.000,0,536,0,0
5188,3.421,3.421,3.222,0.134,0.003,0.063,1,0.000,0.000,0.000,0,536,0,0
5189,5.208,5.208,4.946,0.159,0.007,0.097,1,0.000,0.000,0.000,0,536,1,0
5190,4.087,4.087,3.887,0.122,0.004,0.074,1,0.000,0.000,0.000,0,536,0,0
5191,4.158,4.158,3.877,0.206,0.004,0.071,1,0.000,0.000,0.000,0,536,0,0
5192,3.668,3.668,3.449,0.121,0.005,0.093,1,0.000,0.000,0.000,0,536,0,0
5193,3.457,3.457,3.269,0.120,0.004,0.064,1,0.000,0.000,0.000,0,536,0,0
5194,3.478,3.478,3.289,0.121,0.003,0.064,1,0.000,0.000,0.000,0,536,0,0
5195,3.436,3.436,3.232,0.120,0.003,0.081,1,0.000,0.000,0.000,0,536,0,0
5196,3.407,3.407,3.219,0.121,0.003,0.064,1,0.000,0.000,0.000,0,536,0,0
5197,3.486,3.486,3.278,0.123,0.003,0.081,1,0.000,0.000,0.000,0,536,0,0
5198,3.405,3.405,3.218,0.121,0.003,0.063,1,0.000,0.000,0.000,0,536,0,0
5199,4.031,4.031,3.826,0.130,0.004,0.071,1,0.000,0.000,0.000,0,536,0,0
5200,3.733,3.733,3.519,0.122,0.005,0.088,1,0.000,0.000,0.000,0,536,0,0
5201,4.201,4.201,4.005,0.124,0.004,0.068,1,0.000,0.000,0.000,0,536,0,0
5202,3.698,3.698,3.505,0.122,0.005,0.067,1,0.000,0.000,0.000,0,536,0,0
5203,4.535,4.535,4.319,0.123,0.005,0.089,1,0.000,0.000,0.000,0,536,0,0
5204,4.472,4.472,4.269,0.124,0.006,0.072,1,0.000,0.000,0.000,0,536,0,0
5205,3.690,3.690,3.499,0.122,0.004,0.066,1,0.000,0.000,0.000,0,536,0,0
5206,4.322,4.322,4.102,0.123,0.006,0.090,1,0.000,0.000,0.000,0,536,0,0
5207,3.904,3.904,3.707,0.121,0.005,0.071,1,0.000,0.000,0.000,0,536,0,0
5208,3.511,3.511,3.321,0.121,0.003,0.065,1,0.000,0.000,0.000,0,536,0,0
5209,3.952,3.952,3.726,0.137,0.004,0.086,1,0.000,0.000,0.000,0,536,0,0
5210,3.752,3.752,3.558,0.121,0.004,0.069,1,0.000,0.000,0.000,0,536,0,0
5211,3.473,3.473,3.285,0.121,0.003,0.065,1,0.000,0.000,0.000,0,536,0,0
5212,3.469,3.469,3.263,0.121,0.003,0.083,1,0.000,0.000,0.000,0,536,0,0
5213,4.160,4.160,3.967,0.122,0.004,0.067,1,0.000,0.000,0.000,0,536,0,0
5214,3.870,3.870,3.674,0.121,0.004,0.070,1,0.000,0.000,0.000,0,536,0,0
5215,4.565,4.565,4.319,0.150,0.005,0.090,1,0.000,0.000,0.000,0,536,0,0
5216,3.797,3.797,3.601,0.121,0.004,0.070,1,0.000,0.000,0.000,0,536,0,0
5217,3.616,3.616,3.427,0.121,0.003,0.065,1,0.000,0.000,0.000,0,536,0,0
5218,3.512,3.512,3.303,0.121,0.003,0.085,1,0.000,0.000,0.000,0,536,0,0
5219,4.060,4.060,3.869,0.121,0.003,0.067,1,0.000,0.000,0.000,0,536,0,0
5220,3.440,3.440,3.253,0.121,0.003,0.063,1,0.000,0.000,0.000,0,536,0,0
5221,3.444,3.444,3.240,0.120,0.003,0.081,1,0.000,0.000,0.000,0,536,0,0
5222,3.444,3.444,3.257,0.121,0.003,0.064,1,0.000,0.000,0.000,0,536,0,0
5223,3.400,3.400,3.213,0.121,0.003,0.063,1,0.000,0.000,0.000,0,536,0,0
5224,3.456,3.456,3.250,0.121,0.003,0.081,1,0.000,0.000,0.000,0,536,0,0
5225,3.404,3.404,3.218,0.120,0.003,0.063,1,0.000,0.000,0.000,0,536,0,0
5226,3.398,3.398,3.213,0.119,0.003,0.063,1,0.000,0.000,0.000,0,536,0,0
5227,4.298,4.298,4.075,0.122,0.006,0.095,1,0.000,0.000,0.000,0,536,0,0
5228,3.814,3.814,3.622,0.121,0.005,0.067,1,0.000,0.000,0.000,0,536,0,0
5229,4.091,4.091,3.892,0.130,0.003,0.066,1,0.000,0.000,0.000,0,536,0,0
5230,3.645,3.645,3.438,0.121,0.004,0.082,1,0.000,0.000,0.000,0,536,0,0
5231,3.488,3.488,3.300,0.121,0.003,0.064,1,0.000,0.000,0.000,0,536,0,0
5232,3.448,3.448,3.262,0.120,0.003,0.063,1,0.000,0.000,0.000,0,536,0,0
5233,3.435,3.435,3.230,0.121,0.003,0.081,1,0.000,0.000,0.000,0,536,0,0
5234,3.407,3.407,3.222,0.120,0.003,0.063,1,0.000,0.000,0.000,0,536,0,0
5235,3.423,3.423,3.237,0.120,0.003,0.063,1,0.000,0.000,0.000,0,536,0,0
5236,3.405,3.405,3.199,0.120,0.003,0.083,1,0.000,0.000,0.000,0,536,0,0
5237,3.389,3.389,3.203,0.120,0.003,0.063,1,0.000,0.000,0.000,0,536,0,0
5238,3.414,3.414,3.227,0.121,0.003,0.063,1,0.000,0.000,0.000,0,536,0,0
5239,3.424,3.424,3.219,0.120,0.003,0.081,1,0.000,0.000,0.000,0,536,0,0
5240,3.395,3.395,3.207,0.121,0.003,0.063,1,0.000,0.000,0.000,0,536,0,0
5241,4.102,4.102,3.899,0.126,0.006,0.072,1,0.000,0.000,0.000,0,536,0,0
5242,3.844,3.844,3.633,0.128,0.003,0.080,1,0.000,0.000,0.000,0,536,0,0
5243,3.853,3.853,3.652,0.121,0.005,0.074,1,0.000,0.000,0.000,0,536,0,0
5244,3.628,3.628,3.437,0.122,0.003,0.066,1,0.000,0.000,0.000,0,536,0,0
5245,4.032,4.032,3.826,0.121,0.004,0.081,1,0.000,0.000,0.000,0,536,0,0
5246,4.198,4.198,3.996,0.123,0.006,0.074,1,0.000,0.000,0.000,0,536,0,0
5247,3.663,3.663,3.470,0.121,0.004,0.067,1,0.000,0.000,0.000,0,536,0,0
5248,3.531,3.531,3.324,0.121,0.003,0.083,1,0.000,0.000,0.000,0,536,0,0
5249,3.448,3.448,3.260,0.121,0.003,0.064,1,0.000,0.000,0.000,0,536,0,0
5250,4.378,4.378,4.166,0.140,0.003,0.068,1,0.000,0.000,0.000,0,536,0,0
5251,3.995,3.995,3.781,0.123,0.004,0.087,1,0.000,0.000,0.000,0,536,0,0
5252,3.723,3.723,3.533,0.121,0.003,0.065,1,0.000,0.000,0.000,0,536,0,0
5253,3.819,3.819,3.627,0.121,0.004,0.066,1,0.000,0.000,0.000,0,536,0,0
5254,4.267,4.267,4.031,0.127,0.007,0.103,1,0.000,0.000,0.000,0,536,0,0
5255,3.622,3.622,3.431,0.122,0.004,0.066,1,0.000,0.000,0.000,0,536,0,0
5256,3.882,3.882,3.688,0.123,0.004,0.066,1,0.000,0.000,0.000,0,536,0,0
5257,4.841,4.841,4.630,0.129,0.003,0.079,1,0.000,0.000,0.000,0,536,0,0
5258,3.831,3.831,3.643,0.122,0.003,0.063,1,0.000,0.000,0.000,0,536,0,0
5259,4.398,4.398,4.209,0.122,0.003,0.063,1,0.000,0.000,0.000,0,536,0,0
5260,4.068,4.068,3.832,0.128,0.007,0.101,1,0.000,0.000,0.000,0,536,0,0
5261,4.312,4.312,4.115,0.122,0.004,0.070,1,0.000,0.000,0.000,0,536,0,0
5262,3.698,3.698,3.506,0.122,0.004,0.066,1,0.000,0.000,0.000,0,536,0,0
5263,3.669,3.669,3.459,0.121,0.004,0.085,1,0.000,0.000,0.000,0,536,0,0
5264,3.479,3.479,3.291,0.121,0.003,0.063,1,0.000,0.000,0.000,0,536,0,0
5265,4.084,4.084,3.889,0.122,0.005,0.069,1,0.000,0.000,0.000,0,536,0,0
5266,3.997,3.997,3.783,0.122,0.005,0.087,1,0.000,0.000,0.000,0,536,0,0
5267,3.538,3.538,3.349,0.121,0.003,0.065,1,0.000,0.000,0.000,0,536,0,0
5268,4.524,4.524,4.324,0.123,0.005,0.072,1,0.000,0.000,0.000,0,536,0,0
5269,3.789,3.789,3.583,0.121,0.003,0.082,1,0.000,0.000,0.000,0,536,0,0
5270,4.065,4.065,3.868,0.131,0.003,0.062,1,0.000,0.000,0.000,0,536,0,0
5271,3.741,3.741,3.556,0.121,0.003,0.061,1,0.000,0.000,0.000,0,536,0,0
5272,4.178,4.178,3.948,0.123,0.006,0.100,1,0.000,0.000,0.000,0,536,0,0
5273,3.630,3.630,3.439,0.122,0.003,0.066,1,0.000,0.000,0.000,0,536,0,0
5274,3.522,3.522,3.333,0.121,0.003,0.065,1,0.000,0.000,0.000,0,536,0,0
5275,3.455,3.455,3.249,0.120,0.003,0.082,1,0.000,0.000,0.000,0,536,0,0
5276,3.443,3.443,3.255,0.121,0.003,0.063,1,0.000,0.000,0.000,0,536,0,0
5277,3.577,3.577,3.387,0.123,0.003,0.065,1,0.000,0.000,0.000,0,536,0,0
5278,3.924,3.924,3.704,0.131,0.004,0.085,1,0.000,0.000,0.000,0,536,0,0
5279,3.964,3.964,3.770,0.122,0.005,0.068,1,0.000,0.000,0.000,0,536,0,0
5280,3.474,3.474,3.286,0.121,0.003,0.064,1,0.000,0.000,0.000,0,536,0,0
5281,3.450,3.450,3.242,0.121,0.003,0.083,1,0.000,0.000,0.000,0,536,0,0
5282,4.324,4.324,4.126,0.123,0.004,0.070,1,0.000,0.000,0.000,0,536,0,0
5283,4.297,4.297,4.063,0.170,0.003,0.061,1,0.000,0.000,0.000,0,536,0,0
5284,4.051,4.051,3.843,0.122,0.004,0.082,1,0.000,0.000,0.000,0,536,0,0
5285,4.173,4.173,3.968,0.124,0.006,0.075,1,0.000,0.000,0.000,0,536,0,0
5286,3.874,3.874,3.681,0.122,0.004,0.068,1,0.000,0.000,0.000,0,536,0,0
5287,3.555,3.555,3.348,0.121,0.004,0.082,1,0.000,0.000,0.000,0,536,0,0
5288,3.444,3.444,3.256,0.121,0.003,0.064,1,0.000,0.000,0.000,0,536,0,0
5289,4.010,4.010,3.816,0.121,0.004,0.068,1,0.000,0.000,0.000,0,536,0,0
5290,3.919,3.919,3.701,0.122,0.005,0.091,1,0.000,0.000,0.000,0,536,0,0
5291,3.532,3.532,3.343,0.121,0.003,0.065,1,0.000,0.000,0.000,0,536,0,0
5292,3.482,3.482,3.292,0.121,0.003,0.065,1,0.000,0.000,0.000,0,536,0,0
5293,3.433,3.433,3.228,0.121,0.003,0.081,1,0.000,0.000,0.000,0,536,0,0
5294,3.867,3.867,3.671,0.124,0.004,0.068,1,0.000,0.000,0.000,0,536,0,0
5295,3.969,3.969,3.772,0.123,0.005,0.069,1,0.000,0.000,0.000,0,536,0,0
5296,3.493,3.493,3.288,0.121,0.003,0.081,1,0.000,0.000,0.000,0,536,0,0
5297,3.446,3.446,3.259,0.121,0.003,0.063,1,0.000,0.000,0.000,0,536,0,0
5298,3.433,3.433,3.225,0.121,0.003,0.084,1,0.000,0.000,0.000,0,536,0,0
5299,3.423,3.423,3.235,0.122,0.003,0.063,1,0.000,0.000,0.000,0,536,0,0
5300,3.437,3.437,3.250,0.121,0.003,0.063,1,0.000,0.000,0.000,0,536,0,0
5301,3.427,3.427,3.222,0.122,0.003,0.081,1,0.000,0.000,0.000,0,536,0,0
5302,3.392,3.392,3.205,0.121,0.003,0.063,1,0.000,0.000,0.000,0,536,0,0
5303,4.138,4.138,3.886,0.182,0.004,0.065,1,0.000,0.000,0.000,0,536,0,0
5304,3.566,3.566,3.363,0.120,0.003,0.079,1,0.000,0.000,0.000,0,536,0,0
5305,4.215,4.215,4.012,0.123,0.004,0.075,1,0.000,0.000,0.000,0,536,0,0
5306,3.564,3.564,3.373,0.123,0.004,0.065,1,0.000,0.000,0.000,0,536,0,0
5307,4.384,4.384,4.166,0.122,0.004,0.091,1,0.000,0.000,0.000,0,536,0,0
5308,3.967,3.967,3.771,0.121,0.004,0.070,1,0.000,0.000,0.000,0,536,0,0
5309,3.539,3.539,3.333,0.138,0.003,0.065,1,0.000,0.000,0.000,0,536,0,0
5310,4.679,4.679,4.466,0.123,0.004,0.086,1,0.000,0.000,0.000,0,536,0,0
5311,4.314,4.314,4.109,0.125,0.005,0.075,1,0.000,0.000,0.000,0,536,0,0
5312,3.946,3.946,3.755,0.122,0.004,0.066,1,0.000,0.000,0.000,0,536,0,0
5313,3.905,3.905,3.679,0.124,0.005,0.097,1,0.000,0.000,0.000,0,536,0,0
5314,3.685,3.685,3.494,0.122,0.003,0.066,1,0.000,0.000,0.000,0,536,0,0
5315,3.458,3.458,3.269,0.121,0.004,0.064,1,0.000,0.000,0.000,0,536,0,0
5316,3.478,3.478,3.270,0.121,0.003,0.084,1,0.000,0.000,0.000,0,536,0,0
5317,3.405,3.405,3.219,0.120,0.003,0.063,1,0.000,0.000,0.000,0,536,0,0
5318,3.401,3.401,3.215,0.120,0.003,0.063,1,0.000,0.000,0.000,0,536,0,0
5319,3.441,3.441,3.236,0.121,0.003,0.081,1,0.000,0.000,0.000,0,536,0,0
5320,3.394,3.394,3.207,0.121,0.003,0.064,1,0.000,0.000,0.000,0,536,0,0
5321,3.812,3.812,3.624,0.120,0.003,0.065,1,0.000,0.000,0.000,0,536,0,0
5322,4.367,4.367,4.146,0.124,0.006,0.091,1,0.000,0.000,0.000,0,536,0,0
5323,4.769,4.769,4.558,0.141,0.004,0.067,1,0.000,0.000,0.000,0,536,0,0
5324,4.000,4.000,3.809,0.122,0.004,0.065,1,0.000,0.000,0.000,0,536,0,0
5325,4.180,4.180,3.957,0.122,0.006,0.096,1,0.000,0.000,0.000,0,536,0,0
5326,3.562,3.562,3.373,0.121,0.004,0.064,1,0.000,0.000,0.000,0,536,0,0
5327,3.566,3.566,3.376,0.121,0.004,0.065,1,0.000,0.000,0.000,0,536,0,0
5328,3.884,3.884,3.667,0.129,0.004,0.084,1,0.000,0.000,0.000,0,536,0,0
5329,3.721,3.721,3.529,0.122,0.004,0.067,1,0.000,0.000,0.000,0,536,0,0
5330,3.473,3.473,3.285,0.121,0.003,0.064,1,0.000,0.000,0.000,0,536,0,0
5331,3.465,3.465,3.258,0.121,0.003,0.082,1,0.000,0.000,0.000,0,536,0,0
5332,3.398,3.398,3.211,0.120,0.003,0.064,1,0.000,0.000,0.000,0,536,0,0
5333,3.397,3.397,3.209,0.121,0.003,0.064,1,0.000,0.000,0.000,0,536,0,0
5334,3.431,3.431,3.226,0.120,0.003,0.082,1,0.000,0.000,0.000,0,536,0,0
5335,4.142,4.142,3.917,0.152,0.004,0.069,1,0.000,0.000,0.000,0,536,0,0
5336,3.783,3.783,3.594,0.124,0.003,0.062,1,0.000,0.000,0.000,0,536,0,0
5337,4.325,4.325,4.120,0.121,0.003,0.081,1,0.000,0.000,0.000,0,536,0,0
5338,4.402,4.402,4.196,0.124,0.006,0.076,1,0.000,0.000,0.000,0,536,0,0
5339,4.116,4.116,3.926,0.122,0.003,0.064,1,0.000,0.000,0.000,0,536,0,0
5340,4.092,4.092,3.874,0.123,0.005,0.090,1,0.000,0.000,0.000,0,536,0,0
5341,4.083,4.083,3.860,0.121,0.003,0.098,1,0.000,0.000,0.000,0,536,0,0
5342,4.084,4.084,3.882,0.124,0.006,0.072,1,0.000,0.000,0.000,0,536,0,0
5343,3.545,3.545,3.337,0.121,0.003,0.084,1,0.000,0.000,0.000,0,536,0,0
5344,3.859,3.859,3.644,0.122,0.003,0.091,1,0.000,0.000,0.000,0,536,0,0
5345,3.833,3.833,3.648,0.121,0.003,0.062,1,0.000,0.000,0.000,0,536,0,0
5346,3.865,3.865,3.650,0.122,0.005,0.089,1,0.000,0.000,0.000,0,536,0,0
5347,4.105,4.105,3.911,0.121,0.004,0.068,1,0.000,0.000,0.000,0,536,0,0
5348,3.579,3.579,3.393,0.120,0.003,0.063,1,0.000,0.000,0.000,0,536,0,0
5349,4.487,4.487,4.285,0.120,0.003,0.079,1,0.000,0.000,0.000,0,536,0,0
5350,3.632,3.632,3.447,0.121,0.003,0.062,1,0.000,0.000,0.000,0,536,0,0
5351,4.241,4.241,4.033,0.122,0.006,0.080,1,0.000,0.000,0.000,0,536,0,0
5352,3.694,3.694,3.445,0.158,0.003,0.088,1,0.000,0.000,0.000,0,536,1,0
5353,3.574,3.574,3.385,0.122,0.003,0.064,1,0.000,0.000,0.000,0,536,0,0
5354,3.438,3.438,3.251,0.121,0.003,0.064,1,0.000,0.000,0.000,0,536,0,0
5355,3.447,3.447,3.242,0.120,0.003,0.081,1,0.000,0.000,0.000,0,536,0,0
5356,3.445,3.445,3.258,0.120,0.003,0.063,1,0.000,0.000,0.000,0,536,0,0
5357,3.428,3.428,3.240,0.121,0.003,0.063,1,0.000,0.000,0.000,0,536,0,0
5358,3.415,3.415,3.211,0.120,0.003,0.081,1,0.000,0.000,0.000,0,536,0,0
5359,3.417,3.417,3.231,0.120,0.003,0.063,1,0.000,0.000,0.000,0,536,0,0
5360,3.370,3.370,3.190,0.120,0.003,0.057,1,0.000,0.000,0.000,0,536,0,0
5361,4.163,4.163,3.974,0.126,0.005,0.058,1,0.000,0.000,0.000,0,536,0,0
5362,3.737,3.737,3.569,0.126,0.003,0.039,1,0.000,0.000,0.000,0,536,0,0
5363,4.669,4.669,4.500,0.124,0.004,0.041,1,0.000,0.000,0.000,0,536,0,0
5364,4.045,4.045,3.857,0.122,0.005,0.061,1,0.000,0.000,0.000,0,536,0,0
5365,3.497,3.497,3.331,0.121,0.004,0.042,1,0.000,0.000,0.000,0,536,0,0
5366,3.440,3.440,3.273,0.121,0.003,0.042,1,0.000,0.000,0.000,0,536,0,0
5367,3.386,3.386,3.209,0.121,0.003,0.053,1,0.000,0.000,0.000,0,536,0,0
5368,3.358,3.358,3.194,0.120,0.003,0.042,1,0.000,0.000,0.000,0,536,0,0
5369,3.381,3.381,3.216,0.121,0.003,0.041,1,0.000,0.000,0.000,0,536,0,0
5370,3.375,3.375,3.198,0.120,0.003,0.053,1,0.000,0.000,0.000,0,536,0,0
5371,3.393,3.393,3.227,0.121,0.003,0.042,1,0.000,0.000,0.000,0,536,0,0
5372,3.560,3.560,3.394,0.120,0.003,0.043,1,0.000,0.000,0.000,0,536,0,0
5373,3.402,3.402,3.225,0.121,0.003,0.053,1,0.000,0.000,0.000,0,536,0,0
5374,3.382,3.382,3.217,0.121,0.003,0.041,1,0.000,0.000,0.000,0,536,0,0
5375,4.088,4.088,3.793,0.244,0.004,0.046,1,0.000,0.000,0.000,0,536,0,0
5376,3.749,3.749,3.570,0.123,0.003,0.053,1,0.000,0.000,0.000,0,536,0,0
5377,4.129,4.129,3.963,0.122,0.003,0.041,1,0.000,0.000,0.000,0,536,0,0
5378,4.028,4.028,3.855,0.121,0.005,0.047,1,0.000,0.000,0.000,0,536,0,0
5379,3.514,3.514,3.334,0.122,0.004,0.055,1,0.000,0.000,0.000,0,536,0,0
5380,3.462,3.462,3.296,0.121,0.003,0.042,1,0.000,0.000,0.000,0,536,0,0
5381,3.742,3.742,3.574,0.121,0.003,0.043,1,0.000,0.000,0.000,0,536,0,0
5382,3.512,3.512,3.333,0.121,0.003,0.055,1,0.000,0.000,0.000,0,536,0,0
5383,3.874,3.874,3.701,0.125,0.004,0.044,1,0.000,0.000,0.000,0,536,0,0
5384,3.701,3.701,3.531,0.122,0.004,0.045,1,0.000,0.000,0.000,0,536,0,0
5385,3.466,3.466,3.288,0.122,0.003,0.054,1,0.000,0.000,0.000,0,536,0,0
5386,3.394,3.394,3.230,0.120,0.003,0.042,1,0.000,0.000,0.000,0,536,0,0
5387,3.371,3.371,3.207,0.121,0.003,0.041,1,0.000,0.000,0.000,0,536,0,0
5388,3.405,3.405,3.228,0.121,0.003,0.054,1,0.000,0.000,0.000,0,536,0,0
5389,4.311,4.311,4.138,0.122,0.005,0.046,1,0.000,0.000,0.000,0,536,0,0
5390,4.125,4.125,3.961,0.121,0.004,0.040,1,0.000,0.000,0.000,0,536,0,0
5391,3.964,3.964,3.783,0.122,0.004,0.054,1,0.000,0.000,0.000,0,536,0,0
5392,4.031,4.031,3.862,0.123,0.003,0.043,1,0.000,0.000,0.000,0,536,0,0
5393,3.459,3.459,3.293,0.121,0.003,0.042,1,0.000,0.000,0.000,0,536,0,0
5394,3.426,3.426,3.247,0.122,0.003,0.053,1,0.000,0.000,0.000,0,536,0,0
5395,3.409,3.409,3.244,0.121,0.003,0.041,1,0.000,0.000,0.000,0,536,0,0
5396,3.361,3.361,3.197,0.120,0.003,0.041,1,0.000,0.000,0.000,0,536,0,0
5397,3.937,3.937,3.739,0.132,0.006,0.059,1,0.000,0.000,0.000,0,536,0,0
5398,3.654,3.654,3.484,0.121,0.004,0.045,1,0.000,0.000,0.000,0,536,0,0
5399,3.961,3.961,3.779,0.123,0.004,0.055,1,0.000,0.000,0.000,0,536,0,0
5400,3.747,3.747,3.577,0.121,0.004,0.045,1,0.000,0.000,0.000,0,536,0,0
5401,3.425,3.425,3.259,0.122,0.003,0.042,1,0.000,0.000,0.000,0,536,0,0
5402,3.408,3.408,3.228,0.123,0.003,0.054,1,0.000,0.000,0.000,0,536,0,0
5403,3.400,3.400,3.234,0.122,0.003,0.041,1,0.000,0.000,0.000,0,536,0,0
5404,3.370,3.370,3.204,0.121,0.003,0.042,1,0.000,0.000,0.000,0,536,0,0
5405,3.915,3.915,3.722,0.128,0.005,0.059,1,0.000,0.000,0.000,0,536,0,0
5406,3.732,3.732,3.568,0.121,0.003,0.039,1,0.000,0.000,0.000,0,536,0,0
5407,3.699,3.699,3.530,0.122,0.004,0.044,1,0.000,0.000,0.000,0,536,0,0
5408,3.445,3.445,3.267,0.120,0.003,0.055,1,0.000,0.000,0.000,0,536,0,0
5409,3.376,3.376,3.210,0.121,0.003,0.042,1,0.000,0.000,0.000,0,536,0,0
5410,3.780,3.780,3.607,0.125,0.004,0.044,1,0.000,0.000,0.000,0,536,0,0
5411,4.301,4.301,4.123,0.121,0.004,0.053,1,0.000,0.000,0.000,0,536,0,0
5412,3.991,3.991,3.817,0.123,0.005,0.047,1,0.000,0.000,0.000,0,536,0,0
5413,3.693,3.693,3.517,0.130,0.004,0.043,1,0.000,0.000,0.000,0,536,0,0
5414,3.615,3.615,3.430,0.122,0.005,0.059,1,0.000,0.000,0.000,0,536,0,0
5415,3.513,3.513,3.348,0.121,0.003,0.042,1,0.000,0.000,0.000,0,536,0,0
5416,3.432,3.432,3.267,0.121,0.003,0.041,1,0.000,0.000,0.000,0,536,0,0
5417,3.394,3.394,3.217,0.121,0.004,0.053,1,0.000,0.000,0.000,0,536,0,0
5418,3.382,3.382,3.217,0.120,0.003,0.041,1,0.000,0.000,0.000,0,536,0,0
5419,3.379,3.379,3.199,0.134,0.003,0.042,1,0.000,0.000,0.000,0,536,0,0
5420,3.383,3.383,3.205,0.120,0.003,0.054,1,0.000,0.000,0.000,0,536,0,0
5421,3.373,3.373,3.208,0.121,0.003,0.041,1,0.000,0.000,0.000,0,536,0,0
5422,3.371,3.371,3.205,0.121,0.003,0.042,1,0.000,0.000,0.000,0,536,0,0
5423,3.363,3.363,3.186,0.120,0.003,0.054,1,0.000,0.000,0.000,0,536,0,0
5424,3.450,3.450,3.283,0.121,0.003,0.042,1,0.000,0.000,0.000,0,536,0,0
5425,3.364,3.364,3.199,0.120,0.003,0.042,1,0.000,0.000,0.000,0,536,0,0
5426,3.382,3.382,3.205,0.120,0.003,0.054,1,0.000,0.000,0.000,0,536,0,0
5427,3.368,3.368,3.204,0.120,0.003,0.041,1,0.000,0.000,0.000,0,536,0,0
5428,3.340,3.340,3.176,0.121,0.003,0.041,1,0.000,0.000,0.000,0,536,0,0
5429,3.354,3.354,3.177,0.120,0.003,0.053,1,0.000,0.000,0.000,0,536,0,0
5430,4.965,4.965,4.789,0.129,0.005,0.044,1,0.000,0.000,0.000,0,536,0,0
5431,3.946,3.946,3.778,0.123,0.003,0.043,1,0.000,0.000,0.000,0,536,0,0
5432,4.270,4.270,4.083,0.121,0.006,0.060,1,0.000,0.000,0.000,0,536,0,0
5433,4.136,4.136,3.960,0.123,0.005,0.048,1,0.000,0.000,0.000,0,536,0,0
5434,3.511,3.511,3.344,0.122,0.003,0.042,1,0.000,0.000,0.000,0,536,0,0
5435,3.474,3.474,3.284,0.133,0.003,0.054,1,0.000,0.000,0.000,0,536,0,0
5436,3.385,3.385,3.219,0.121,0.003,0.042,1,0.000,0.000,0.000,0,536,0,0
5437,3.370,3.370,3.206,0.120,0.003,0.041,1,0.000,0.000,0.000,0,536,0,0
5438,3.415,3.415,3.221,0.134,0.003,0.055,1,0.000,0.000,0.000,0,536,0,0
5439,3.533,3.533,3.368,0.120,0.003,0.041,1,0.000,0.000,0.000,0,536,0,0
5440,4.143,4.143,3.971,0.122,0.004,0.045,1,0.000,0.000,0.000,0,536,0,0
5441,4.250,4.250,4.069,0.125,0.002,0.053,1,0.000,0.000,0.000,0,532,0,0
5442,3.634,3.634,3.461,0.121,0.005,0.047,1,0.000,0.000,0.000,0,532,0,0
5443,3.455,3.455,3.290,0.120,0.003,0.042,1,0.000,0.000,0.000,0,532,0,0
5444,4.427,4.427,4.239,0.122,0.006,0.060,1,0.000,0.000,0.000,0,532,0,0
5445,4.101,4.101,3.936,0.121,0.003,0.041,1,0.000,0.000,0.000,0,532,0,0
5446,4.043,4.043,3.867,0.122,0.006,0.048,1,0.000,0.000,0.000,0,532,0,0
5447,3.515,3.515,3.337,0.120,0.004,0.055,1,0.000,0.000,0.000,0,532,0,0
5448,3.438,3.438,3.272,0.120,0.003,0.042,1,0.000,0.000,0.000,0,532,0,0
5449,3.398,3.398,3.233,0.120,0.003,0.042,1,0.000,0.000,0.000,0,532,0,0
5450,3.967,3.967,3.784,0.121,0.005,0.057,1,0.000,0.000,0.000,0,532,0,0
5451,3.729,3.729,3.560,0.120,0.004,0.044,1,0.000,0.000,0.000,0,532,0,0
5452,3.422,3.422,3.255,0.120,0.003,0.044,1,0.000,0.000,0.000,0,532,0,0
5453,3.406,3.406,3.230,0.119,0.003,0.054,1,0.000,0.000,0.000,0,532,0,0
5454,3.354,3.354,3.190,0.120,0.003,0.041,1,0.000,0.000,0.000,0,532,0,0
5455,3.357,3.357,3.192,0.120,0.003,0.042,1,0.000,0.000,0.000,0,532,0,0
5456,3.364,3.364,3.189,0.120,0.003,0.053,1,0.000,0.000,0.000,0,532,0,0
5457,4.038,4.038,3.865,0.125,0.004,0.044,1,0.000,0.000,0.000,0,532,0,0
5458,4.250,4.250,4.065,0.120,0.004,0.061,1,0.000,0.000,0.000,0,532,0,0
5459,4.347,4.347,4.160,0.122,0.005,0.061,1,0.000,0.000,0.000,0,532,0,0
5460,3.533,3.533,3.366,0.121,0.004,0.042,1,0.000,0.000,0.000,0,532,0,0
5461,3.854,3.854,3.660,0.120,0.003,0.071,1,0.000,0.000,0.000,0,532,0,0
5462,4.248,4.248,4.058,0.124,0.005,0.060,1,0.000,0.000,0.000,0,532,0,0
5463,3.525,3.525,3.358,0.120,0.004,0.043,1,0.000,0.000,0.000,0,532,0,0
5464,3.828,3.828,3.659,0.120,0.004,0.045,1,0.000,0.000,0.000,0,532,0,0
5465,3.813,3.813,3.629,0.122,0.004,0.057,1,0.000,0.000,0.000,0,532,0,0
5466,3.646,3.646,3.473,0.126,0.004,0.043,1,0.000,0.000,0.000,0,532,0,0
5467,3.550,3.550,3.382,0.120,0.004,0.044,1,0.000,0.000,0.000,0,532,0,0
5468,4.241,4.241,4.058,0.120,0.005,0.057,1,0.000,0.000,0.000,0,532,0,0
5469,3.855,3.855,3.684,0.122,0.004,0.045,1,0.000,0.000,0.000,0,532,0,0
5470,4.145,4.145,3.972,0.124,0.005,0.045,1,0.000,0.000,0.000,0,532,0,0
5471,3.729,3.729,3.550,0.126,0.003,0.051,1,0.000,0.000,0.000,0,532,0,0
5472,4.259,4.259,4.092,0.122,0.004,0.041,1,0.000,0.000,0.000,0,532,0,0
5473,4.384,4.384,4.215,0.124,0.003,0.042,1,0.000,0.000,0.000,0,532,0,0
5474,3.760,3.760,3.574,0.120,0.006,0.060,1,0.000,0.000,0.000,0,532,0,0
5475,3.477,3.477,3.310,0.120,0.004,0.043,1,0.000,0.000,0.000,0,532,0,0
5476,3.397,3.397,3.232,0.120,0.003,0.042,1,0.000,0.000,0.000,0,532,0,0
5477,3.362,3.362,3.185,0.120,0.003,0.053,1,0.000,0.000,0.000,0,532,0,0
5478,3.770,3.770,3.525,0.198,0.004,0.044,1,0.000,0.000,0.000,0,532,0,0
5479,3.623,3.623,3.455,0.120,0.004,0.044,1,0.000,0.000,0.000,0,532,0,0
5480,3.381,3.381,3.204,0.120,0.003,0.054,1,0.000,0.000,0.000,0,532,0,0
5481,3.351,3.351,3.187,0.120,0.003,0.041,1,0.000,0.000,0.000,0,532,0,0
5482,3.314,3.314,3.150,0.120,0.003,0.041,1,0.000,0.000,0.000,0,532,0,0
5483,3.368,3.368,3.191,0.121,0.003,0.053,1,0.000,0.000,0.000,0,532,0,0
5484,3.981,3.981,3.807,0.126,0.004,0.045,1,0.000,0.000,0.000,0,532,0,0
5485,3.615,3.615,3.446,0.121,0.003,0.045,1,0.000,0.000,0.000,0,532,0,0
5486,3.422,3.422,3.231,0.133,0.003,0.055,1,0.000,0.000,0.000,0,532,0,0
5487,3.341,3.341,3.177,0.119,0.003,0.042,1,0.000,0.000,0.000,0,532,0,0
5488,3.317,3.317,3.153,0.120,0.003,0.041,1,0.000,0.000,0.000,0,532,0,0
5489,3.601,3.601,3.420,0.123,0.003,0.055,1,0.000,0.000,0.000,0,532,0,0
5490,3.492,3.492,3.324,0.119,0.004,0.045,1,0.000,0.000,0.000,0,532,0,0
5491,3.348,3.348,3.184,0.120,0.003,0.042,1,0.000,0.000,0.000,0,532,0,0
5492,3.400,3.400,3.222,0.120,0.003,0.056,1,0.000,0.000,0.000,0,532,0,0
5493,3.539,3.539,3.365,0.127,0.003,0.043,1,0.000,0.000,0.000,0,532,0,0
5494,3.424,3.424,3.255,0.120,0.004,0.045,1,0.000,0.000,0.000,0,532,0,0
5495,3.355,3.355,3.179,0.119,0.003,0.054,1,0.000,0.000,0.000,0,532,0,0
5496,3.339,3.339,3.174,0.121,0.003,0.042,1,0.000,0.000,0.000,0,532,0,0
5497,3.311,3.311,3.135,0.119,0.003,0.053,1,0.000,0.000,0.000,0,532,0,0
5498,3.299,3.299,3.135,0.120,0.003,0.041,1,0.000,0.000,0.000,0,532,0,0
5499,3.319,3.319,3.155,0.120,0.003,0.042,1,0.000,0.000,0.000,0,532,0,0
5500,4.070,4.070,3.890,0.120,0.003,0.056,1,0.000,0.000,0.000,0,532,0,0
5501,3.442,3.442,3.277,0.120,0.003,0.042,1,0.000,0.000,0.000,0,532,0,0
5502,4.192,4.192,4.016,0.123,0.006,0.047,1,0.000,0.000,0.000,0,532,0,0
5503,3.997,3.997,3.815,0.120,0.004,0.057,1,0.000,0.000,0.000,0,532,0,0
5504,3.415,3.415,3.249,0.121,0.003,0.043,1,0.000,0.000,0.000,0,532,0,0
5505,3.349,3.349,3.184,0.120,0.003,0.043,1,0.000,0.000,0.000,0,532,0,0
5506,3.345,3.345,3.168,0.120,0.003,0.053,1,0.000,0.000,0.000,0,532,0,0
5507,3.309,3.309,3.144,0.119,0.003,0.042,1,0.000,0.000,0.000,0,532,0,0
5508,3.837,3.837,3.664,0.122,0.005,0.046,1,0.000,0.000,0.000,0,532,0,0
5509,3.620,3.620,3.439,0.120,0.004,0.057,1,0.000,0.000,0.000,0,532,0,0
5510,3.359,3.359,3.195,0.120,0.003,0.041,1,0.000,0.000,0.000,0,532,0,0
5511,3.348,3.348,3.182,0.119,0.003,0.043,1,0.000,0.000,0.000,0,532,0,0
5512,4.076,4.076,3.894,0.121,0.004,0.057,1,0.000,0.000,0.000,0,532,0,0
5513,3.912,3.912,3.744,0.124,0.003,0.040,1,0.000,0.000,0.000,0,532,0,0
5514,3.998,3.998,3.832,0.120,0.003,0.042,1,0.000,0.000,0.000,0,532,0,0
5515,3.993,3.993,3.808,0.121,0.006,0.058,1,0.000,0.000,0.000,0,532,0,0
5516,3.499,3.499,3.302,0.151,0.004,0.043,1,0.000,0.000,0.000,0,532,1,0
5517,3.411,3.411,3.246,0.120,0.003,0.041,1,0.000,0.000,0.000,0,532,0,0
5518,3.329,3.329,3.153,0.120,0.003,0.053,1,0.000,0.000,0.000,0,532,0,0
5519,3.530,3.530,3.363,0.122,0.003,0.042,1,0.000,0.000,0.000,0,532,0,0
5520,3.833,3.833,3.650,0.132,0.005,0.046,1,0.000,0.000,0.000,0,532,0,0
5521,3.633,3.633,3.435,0.120,0.005,0.073,1,0.000,0.000,0.000,0,532,0,0
5522,3.384,3.384,3.220,0.119,0.003,0.042,1,0.000,0.000,0.000,0,532,0,0
5523,3.301,3.301,3.136,0.120,0.003,0.042,1,0.000,0.000,0.000,0,532,0,0
5524,3.286,3.286,3.110,0.120,0.003,0.054,1,0.000,0.000,0.000,0,532,0,0
5525,3.289,3.289,3.125,0.119,0.003,0.042,1,0.000,0.000,0.000,0,532,0,0
5526,5.251,5.251,5.072,0.125,0.006,0.049,1,0.000,0.000,0.000,0,532,0,0
5527,4.380,4.380,4.198,0.123,0.004,0.055,1,0.000,0.000,0.000,0,532,0,0
5528,3.569,3.569,3.404,0.121,0.003,0.041,1,0.000,0.000,0.000,0,532,0,0
5529,4.301,4.301,4.118,0.125,0.007,0.052,1,0.000,0.000,0.000,0,532,0,0
5530,3.745,3.745,3.563,0.121,0.004,0.057,1,0.000,0.000,0.000,0,532,0,0
5531,3.447,3.447,3.279,0.121,0.004,0.043,1,0.000,0.000,0.000,0,532,0,0
5532,3.295,3.295,3.131,0.119,0.003,0.042,1,0.000,0.000,0.000,0,532,0,0
5533,3.281,3.281,3.105,0.121,0.003,0.053,1,0.000,0.000,0.000,0,532,0,0
5534,3.260,3.260,3.096,0.120,0.003,0.042,1,0.000,0.000,0.000,0,532,0,0
5535,3.278,3.278,3.112,0.121,0.003,0.041,1,0.000,0.000,0.000,0,532,0,0
5536,3.262,3.262,3.085,0.120,0.003,0.054,1,0.000,0.000,0.000,0,532,0,0
5537,3.265,3.265,3.100,0.121,0.003,0.041,1,0.000,0.000,0.000,0,532,0,0
5538,3.824,3.824,3.651,0.124,0.004,0.045,1,0.000,0.000,0.000,0,532,0,0
5539,3.635,3.635,3.452,0.122,0.004,0.057,1,0.000,0.000,0.000,0,532,0,0
5540,4.164,4.164,3.992,0.122,0.005,0.045,1,0.000,0.000,0.000,0,532,0,0
5541,4.041,4.041,3.874,0.122,0.003,0.043,1,0.000,0.000,0.000,0,532,0,0
5542,3.616,3.616,3.440,0.121,0.003,0.053,1,0.000,0.000,0.000,0,532,0,0
5543,4.021,4.021,3.842,0.123,0.006,0.049,1,0.000,0.000,0.000,0,532,0,0
5544,3.463,3.463,3.295,0.122,0.003,0.042,1,0.000,0.000,0.000,0,532,0,0
5545,3.303,3.303,3.125,0.121,0.003,0.053,1,0.000,0.000,0.000,0,532,0,0
5546,3.256,3.256,3.090,0.121,0.003,0.041,1,0.000,0.000,0.000,0,532,0,0
5547,3.246,3.246,3.080,0.121,0.003,0.042,1,0.000,0.000,0.000,0,532,0,0
5548,4.096,4.096,3.915,0.121,0.004,0.056,1,0.000,0.000,0.000,0,532,0,0
5549,3.650,3.650,3.477,0.121,0.005,0.046,1,0.000,0.000,0.000,0,532,0,0
5550,3.280,3.280,3.115,0.121,0.003,0.042,1,0.000,0.000,0.000,0,532,0,0
5551,3.365,3.365,3.187,0.120,0.003,0.055,1,0.000,0.000,0.000,0,532,0,0
5552,3.228,3.228,3.062,0.122,0.003,0.042,1,0.000,0.000,0.000,0,532,0,0
5553,3.211,3.211,3.046,0.121,0.003,0.041,1,0.000,0.000,0.000,0,532,0,0
5554,4.178,4.178,3.990,0.123,0.005,0.060,1,0.000,0.000,0.000,0,532,0,0
5555,3.987,3.987,3.823,0.121,0.003,0.040,1,0.000,0.000,0.000,0,532,0,0
5556,4.074,4.074,3.898,0.124,0.005,0.047,1,0.000,0.000,0.000,0,532,0,0
5557,3.505,3.505,3.324,0.123,0.004,0.055,1,0.000,0.000,0.000,0,532,0,0
5558,3.285,3.285,3.119,0.120,0.004,0.042,1,0.000,0.000,0.000,0,532,0,0
5559,3.243,3.243,3.078,0.121,0.003,0.041,1,0.000,0.000,0.000,0,532,0,0
5560,3.873,3.873,3.697,0.120,0.003,0.053,1,0.000,0.000,0.000,0,532,0,0
5561,3.345,3.345,3.181,0.120,0.003,0.041,1,0.000,0.000,0.000,0,532,0,0
5562,3.255,3.255,3.090,0.121,0.003,0.041,1,0.000,0.000,0.000,0,532,0,0
5563,3.239,3.239,3.063,0.121,0.003,0.052,1,0.000,0.000,0.000,0,532,0,0
5564,3.195,3.195,3.031,0.120,0.003,0.041,1,0.000,0.000,0.000,0,532,0,0
5565,3.810,3.810,3.636,0.123,0.006,0.046,1,0.000,0.000,0.000,0,532,0,0
5566,3.534,3.534,3.353,0.121,0.004,0.056,1,0.000,0.000,0.000,0,532,0,0
5567,3.975,3.975,3.798,0.125,0.004,0.048,1,0.000,0.000,0.000,0,532,0,0
5568,4.153,4.153,3.980,0.122,0.005,0.046,1,0.000,0.000,0.000,0,532,0,0
5569,3.442,3.442,3.264,0.120,0.003,0.055,1,0.000,0.000,0.000,0,528,0,0
5570,3.254,3.254,3.089,0.119,0.003,0.042,1,0.000,0.000,0.000,0,528,0,0
5571,4.070,4.070,3.898,0.120,0.006,0.047,1,0.000,0.000,0.000,0,528,0,0
5572,3.659,3.659,3.477,0.122,0.004,0.057,1,0.000,0.000,0.000,0,528,0,0
5573,3.248,3.248,3.083,0.121,0.003,0.042,1,0.000,0.000,0.000,0,528,0,0
5574,3.246,3.246,3.083,0.119,0.003,0.041,1,0.000,0.000,0.000,0,528,0,0
5575,3.280,3.280,3.101,0.118,0.005,0.055,1,0.000,0.000,0.000,0,528,0,0
5576,3.220,3.220,3.056,0.116,0.004,0.044,1,0.000,0.000,0.000,0,520,0,0
5577,3.168,3.168,3.006,0.117,0.003,0.042,1,0.000,0.000,0.000,0,520,0,0
5578,3.854,3.854,3.677,0.118,0.004,0.055,1,0.000,0.000,0.000,0,516,0,0
5579,3.613,3.613,3.449,0.117,0.003,0.044,1,0.000,0.000,0.000,0,516,0,0
5580,3.174,3.174,3.016,0.115,0.003,0.041,1,0.000,0.000,0.000,0,512,0,0
5581,3.142,3.142,2.972,0.114,0.003,0.053,1,0.000,0.000,0.000,0,512,0,0
5582,3.167,3.167,2.986,0.136,0.003,0.042,1,0.000,0.000,0.000,0,504,0,0
5583,3.118,3.118,2.962,0.112,0.003,0.041,1,0.000,0.000,0.000,0,496,0,0
5584,3.092,3.092,2.922,0.112,0.003,0.054,1,0.000,0.000,0.000,0,496,0,0
5585,3.110,3.110,2.954,0.112,0.003,0.041,1,0.000,0.000,0.000,0,496,0,0
5586,3.681,3.681,3.503,0.126,0.006,0.046,1,0.000,0.000,0.000,0,496,0,0
5587,3.407,3.407,3.237,0.110,0.004,0.056,1,0.000,0.000,0.000,0,484,0,0
5588,3.132,3.132,2.980,0.108,0.003,0.041,1,0.000,0.000,0.000,0,476,0,0
5589,3.099,3.099,2.947,0.109,0.003,0.041,1,0.000,0.000,0.000,0,476,0,0
5590,3.056,3.056,2.894,0.106,0.003,0.053,1,0.000,0.000,0.000,0,468,0,0
5591,3.039,3.039,2.890,0.105,0.003,0.041,1,0.000,0.000,0.000,0,460,0,0
5592,3.035,3.035,2.889,0.103,0.003,0.041,1,0.000,0.000,0.000,0,456,0,0
5593,3.064,3.064,2.905,0.102,0.003,0.054,1,0.000,0.000,0.000,0,448,0,0
5594,3.005,3.005,2.861,0.100,0.003,0.041,1,0.000,0.000,0.000,0,440,0,0
5595,3.657,3.657,3.510,0.100,0.004,0.044,1,0.000,0.000,0.000,0,428,0,0
5596,3.437,3.437,3.275,0.099,0.005,0.058,1,0.000,0.000,0.000,0,428,0,0
5597,3.088,3.088,2.946,0.098,0.003,0.042,1,0.000,0.000,0.000,0,428,0,0
5598,3.055,3.055,2.901,0.097,0.003,0.053,1,0.000,0.000,0.000,0,424,0,0
5599,3.008,3.008,2.869,0.095,0.003,0.041,1,0.000,0.000,0.000,0,416,0,0
5600,2.973,2.973,2.834,0.095,0.003,0.041,1,0.000,0.000,0.000,0,416,0,0
5601,2.992,2.992,2.840,0.095,0.003,0.054,1,0.000,0.000,0.000,0,416,0,0
5602,2.942,2.942,2.805,0.093,0.003,0.041,1,0.000,0.000,0.000,0,408,0,0
5603,2.922,2.922,2.785,0.093,0.003,0.041,1,0.000,0.000,0.000,0,408,0,0
5604,3.805,3.805,3.645,0.095,0.005,0.060,1,0.000,0.000,0.000,0,408,0,0
5605,3.338,3.338,3.197,0.093,0.004,0.043,1,0.000,0.000,0.000,0,404,0,0
5606,2.963,2.963,2.824,0.093,0.003,0.042,1,0.000,0.000,0.000,0,404,0,0
5607,2.976,2.976,2.828,0.091,0.003,0.054,1,0.000,0.000,0.000,0,396,0,0
5608,2.898,2.898,2.764,0.090,0.003,0.042,1,0.000,0.000,0.000,0,396,0,0
5609,3.348,3.348,3.201,0.099,0.004,0.043,1,0.000,0.000,0.000,0,392,0,0
5610,3.187,3.187,3.036,0.090,0.004,0.056,1,0.000,0.000,0.000,0,392,0,0
5611,2.915,2.915,2.782,0.088,0.003,0.042,1,0.000,0.000,0.000,0,384,0,0
5612,2.884,2.884,2.752,0.087,0.003,0.043,1,0.000,0.000,0.000,0,380,0,0
5613,2.869,2.869,2.727,0.085,0.003,0.053,1,0.000,0.000,0.000,0,372,0,0
5614,2.918,2.918,2.770,0.104,0.002,0.042,1,0.000,0.000,0.000,0,372,0,0
5615,2.937,2.937,2.807,0.085,0.003,0.042,1,0.000,0.000,0.000,0,368,0,0
5616,2.894,2.894,2.755,0.083,0.004,0.053,1,0.000,0.000,0.000,0,364,0,0
5617,3.210,3.210,3.072,0.087,0.004,0.046,1,0.000,0.000,0.000,0,364,0,0
5618,3.461,3.461,3.327,0.090,0.003,0.040,1,0.000,0.000,0.000,0,360,0,0
5619,3.742,3.742,3.599,0.083,0.004,0.055,1,0.000,0.000,0.000,0,356,0,0
5620,3.911,3.911,3.779,0.082,0.005,0.045,1,0.000,0.000,0.000,0,348,0,0
5621,3.012,3.012,2.888,0.080,0.003,0.041,1,0.000,0.000,0.000,0,344,0,0
5622,2.875,2.875,2.741,0.077,0.003,0.054,1,0.000,0.000,0.000,0,336,0,0
5623,3.373,3.373,3.244,0.077,0.004,0.047,1,0.000,0.000,0.000,0,332,0,0
5624,3.169,3.169,3.040,0.085,0.004,0.041,1,0.000,0.000,0.000,0,332,0,0
5625,3.130,3.130,2.998,0.076,0.003,0.054,1,0.000,0.000,0.000,0,328,0,0
5626,2.838,2.838,2.719,0.075,0.003,0.041,1,0.000,0.000,0.000,0,328,0,0
5627,2.794,2.794,2.674,0.076,0.003,0.041,1,0.000,0.000,0.000,0,328,0,0
5628,2.809,2.809,2.678,0.075,0.003,0.054,1,0.000,0.000,0.000,0,324,0,0
5629,3.756,3.756,3.630,0.077,0.004,0.045,1,0.000,0.000,0.000,0,324,0,0
5630,3.202,3.202,3.078,0.075,0.004,0.044,1,0.000,0.000,0.000,0,320,0,0
5631,2.838,2.838,2.709,0.073,0.003,0.054,1,0.000,0.000,0.000,0,316,0,0
5632,2.818,2.818,2.700,0.074,0.002,0.041,1,0.000,0.000,0.000,0,316,0,0
5633,2.764,2.764,2.647,0.073,0.003,0.041,1,0.000,0.000,0.000,0,316,0,0
5634,2.761,2.761,2.633,0.072,0.003,0.053,1,0.000,0.000,0.000,0,312,0,0
5635,2.773,2.773,2.658,0.071,0.003,0.041,1,0.000,0.000,0.000,0,308,0,0
5636,2.774,2.774,2.659,0.071,0.003,0.041,1,0.000,0.000,0.000,0,308,0,0
5637,2.731,2.731,2.604,0.071,0.003,0.053,1,0.000,0.000,0.000,0,308,0,0
5638,2.707,2.707,2.594,0.069,0.003,0.041,1,0.000,0.000,0.000,0,300,0,0
5639,2.818,2.818,2.691,0.083,0.003,0.041,1,0.000,0.000,0.000,0,296,0,0
5640,3.402,3.402,3.264,0.077,0.005,0.057,1,0.000,0.000,0.000,0,296,0,0
5641,2.834,2.834,2.718,0.070,0.004,0.044,1,0.000,0.000,0.000,0,296,0,0
5642,2.750,2.750,2.638,0.067,0.003,0.042,1,0.000,0.000,0.000,0,288,0,0
5643,2.698,2.698,2.578,0.065,0.003,0.053,1,0.000,0.000,0.000,0,280,0,0
5644,2.689,2.689,2.581,0.064,0.002,0.042,1,0.000,0.000,0.000,0,276,0,0
5645,2.661,2.661,2.554,0.064,0.002,0.041,1,0.000,0.000,0.000,0,272,0,0
5646,3.185,3.185,3.061,0.064,0.004,0.056,1,0.000,0.000,0.000,0,268,0,0
5647,2.982,2.982,2.871,0.063,0.004,0.043,1,0.000,0.000,0.000,0,268,0,0
5648,2.708,2.708,2.602,0.062,0.002,0.041,1,0.000,0.000,0.000,0,264,0,0
5649,2.677,2.677,2.560,0.061,0.003,0.053,1,0.000,0.000,0.000,0,264,0,0
5650,3.958,3.958,3.842,0.066,0.005,0.045,1,0.000,0.000,0.000,0,264,0,0
5651,3.393,3.393,3.273,0.064,0.005,0.051,1,0.000,0.000,0.000,0,264,0,0
5652,2.802,2.802,2.683,0.062,0.003,0.054,1,0.000,0.000,0.000,0,264,0,0
5653,2.734,2.734,2.628,0.061,0.003,0.042,1,0.000,0.000,0.000,0,260,0,0
5654,2.663,2.663,2.559,0.060,0.003,0.041,1,0.000,0.000,0.000,0,256,0,0
5655,2.655,2.655,2.540,0.059,0.002,0.053,1,0.000,0.000,0.000,0,256,0,0
5656,3.023,3.023,2.912,0.062,0.004,0.045,1,0.000,0.000,0.000,0,256,0,0
5657,2.902,2.902,2.794,0.059,0.004,0.045,1,0.000,0.000,0.000,0,248,0,0
5658,2.692,2.692,2.578,0.058,0.002,0.054,1,0.000,0.000,0.000,0,248,0,0
5659,3.088,3.088,2.982,0.059,0.004,0.043,1,0.000,0.000,0.000,0,248,0,0
5660,3.120,3.120,3.014,0.058,0.004,0.044,1,0.000,0.000,0.000,0,244,0,0
5661,2.691,2.691,2.578,0.057,0.003,0.054,1,0.000,0.000,0.000,0,236,0,0
5662,2.621,2.621,2.522,0.056,0.003,0.041,1,0.000,0.000,0.000,0,236,0,0
5663,3.186,3.186,3.072,0.058,0.004,0.052,1,0.000,0.000,0.000,0,236,0,0
5664,3.961,3.961,3.843,0.057,0.004,0.057,1,0.000,0.000,0.000,0,236,0,0
5665,3.352,3.352,3.244,0.057,0.004,0.047,1,0.000,0.000,0.000,0,236,0,0
5666,3.384,3.384,3.284,0.056,0.003,0.042,1,0.000,0.000,0.000,0,232,0,0
5667,2.832,2.832,2.722,0.055,0.003,0.052,1,0.000,0.000,0.000,0,232,0,0
5668,3.425,3.425,3.314,0.057,0.006,0.048,1,0.000,0.000,0.000,0,228,0,0
5669,2.724,2.724,2.626,0.053,0.003,0.041,1,0.000,0.000,0.000,0,224,0,0
5670,2.652,2.652,2.542,0.053,0.003,0.053,1,0.000,0.000,0.000,0,224,0,0
5671,2.635,2.635,2.538,0.052,0.003,0.041,1,0.000,0.000,0.000,0,224,0,0
5672,2.609,2.609,2.511,0.053,0.004,0.041,1,0.000,0.000,0.000,0,224,0,0
5673,2.608,2.608,2.499,0.053,0.003,0.053,1,0.000,0.000,0.000,0,224,0,0
5674,2.590,2.590,2.493,0.053,0.003,0.041,1,0.000,0.000,0.000,0,224,0,0
5675,2.595,2.595,2.499,0.052,0.003,0.041,1,0.000,0.000,0.000,0,220,0,0
5676,2.696,2.696,2.580,0.051,0.003,0.061,1,0.000,0.000,0.000,0,216,0,0
5677,3.007,3.007,2.910,0.051,0.003,0.044,1,0.000,0.000,0.000,0,216,0,0
5678,3.227,3.227,3.125,0.053,0.004,0.045,1,0.000,0.000,0.000,0,216,0,0
5679,3.214,3.214,3.103,0.052,0.004,0.056,1,0.000,0.000,0.000,0,216,0,0
5680,3.720,3.720,3.617,0.055,0.004,0.045,1,0.000,0.000,0.000,0,216,0,0
5681,2.823,2.823,2.727,0.051,0.003,0.042,1,0.000,0.000,0.000,0,208,0,0
5682,3.965,3.965,3.820,0.053,0.005,0.087,1,0.000,0.000,0.000,0,208,0,0
5683,6.593,6.593,6.468,0.052,0.005,0.068,1,0.000,0.000,0.000,0,208,0,0
5684,4.350,4.350,4.201,0.057,0.009,0.082,1,0.000,0.000,0.000,0,208,0,0
5685,4.259,4.259,3.963,0.204,0.008,0.084,1,0.000,0.000,0.000,0,208,0,0
5686,3.209,3.209,3.081,0.052,0.006,0.070,1,0.000,0.000,0.000,0,212,0,0
5687,2.836,2.836,2.726,0.052,0.004,0.054,1,0.000,0.000,0.000,0,212,0,0
5688,2.669,2.669,2.552,0.050,0.003,0.064,1,0.000,0.000,0.000,0,212,0,0
5689,2.617,2.617,2.511,0.051,0.002,0.052,1,0.000,0.000,0.000,0,212,0,0
5690,2.667,2.667,2.557,0.055,0.003,0.052,1,0.000,0.000,0.000,0,212,0,0
5691,2.644,2.644,2.521,0.051,0.003,0.070,1,0.000,0.000,0.000,0,212,0,0
5692,2.699,2.699,2.503,0.051,0.002,0.143,1,0.000,0.000,0.000,0,212,0,0
5693,2.825,2.825,2.717,0.051,0.003,0.054,1,0.000,0.000,0.000,0,212,0,0
5694,2.655,2.655,2.538,0.051,0.003,0.063,1,0.000,0.000,0.000,0,212,0,0
5695,2.651,2.651,2.546,0.050,0.003,0.052,1,0.000,0.000,0.000,0,212,0,0
5696,2.608,2.608,2.505,0.049,0.003,0.051,1,0.000,0.000,0.000,0,208,0,0
5697,2.621,2.621,2.505,0.049,0.003,0.064,1,0.000,0.000,0.000,0,208,0,0
5698,2.587,2.587,2.483,0.050,0.003,0.051,1,0.000,0.000,0.000,0,208,0,0
5699,2.767,2.767,2.645,0.049,0.003,0.069,1,0.000,0.000,0.000,0,208,0,0
5700,3.703,3.703,3.569,0.055,0.007,0.071,1,0.000,0.000,0.000,0,208,0,0
5701,2.969,2.969,2.861,0.050,0.003,0.053,1,0.000,0.000,0.000,0,208,0,0
5702,2.695,2.695,2.575,0.053,0.003,0.063,1,0.000,0.000,0.000,0,208,0,0
5703,2.575,2.575,2.473,0.048,0.003,0.051,1,0.000,0.000,0.000,0,204,0,0
5704,2.576,2.576,2.473,0.049,0.003,0.051,1,0.000,0.000,0.000,0,204,0,0
5705,2.578,2.578,2.465,0.048,0.003,0.063,1,0.000,0.000,0.000,0,204,0,0
5706,3.448,3.448,3.335,0.050,0.004,0.058,1,0.000,0.000,0.000,0,204,0,0
5707,3.162,3.162,3.057,0.049,0.004,0.052,1,0.000,0.000,0.000,0,204,0,0
5708,3.169,3.169,3.033,0.051,0.007,0.078,1,0.000,0.000,0.000,0,204,0,0
5709,2.786,2.786,2.618,0.050,0.003,0.115,1,0.000,0.000,0.000,0,204,0,0
5710,2.862,2.862,2.750,0.057,0.004,0.051,1,0.000,0.000,0.000,0,204,0,0
5711,2.748,2.748,2.625,0.049,0.004,0.070,1,0.000,0.000,0.000,0,204,0,0
5712,2.586,2.586,2.484,0.047,0.003,0.052,1,0.000,0.000,0.000,0,196,0,0
5713,2.592,2.592,2.491,0.046,0.003,0.052,1,0.000,0.000,0.000,0,196,0,0
5714,2.604,2.604,2.491,0.047,0.003,0.063,1,0.000,0.000,0.000,0,196,0,0
5715,2.567,2.567,2.466,0.047,0.003,0.051,1,0.000,0.000,0.000,0,196,0,0
5716,2.589,2.589,2.487,0.048,0.003,0.052,1,0.000,0.000,0.000,0,196,0,0
5717,2.602,2.602,2.484,0.046,0.003,0.069,1,0.000,0.000,0.000,0,192,0,0
5718,2.666,2.666,2.495,0.044,0.003,0.124,1,0.000,0.000,0.000,0,184,0,0
5719,2.670,2.670,2.568,0.044,0.003,0.055,1,0.000,0.000,0.000,0,180,0,0
5720,2.561,2.561,2.454,0.041,0.003,0.063,1,0.000,0.000,0.000,0,176,0,0
5721,2.561,2.561,2.466,0.041,0.003,0.052,1,0.000,0.000,0.000,0,176,0,0
5722,3.395,3.395,3.287,0.044,0.005,0.059,1,0.000,0.000,0.000,0,176,0,0
5723,2.962,2.962,2.850,0.042,0.004,0.066,1,0.000,0.000,0.000,0,176,0,0
5724,2.578,2.578,2.482,0.041,0.003,0.051,1,0.000,0.000,0.000,0,176,0,0
5725,2.559,2.559,2.464,0.042,0.003,0.051,1,0.000,0.000,0.000,0,176,0,0
5726,2.580,2.580,2.468,0.041,0.003,0.069,1,0.000,0.000,0.000,0,176,0,0
5727,2.577,2.577,2.482,0.042,0.003,0.051,1,0.000,0.000,0.000,0,176,0,0
5728,2.534,2.534,2.440,0.041,0.003,0.050,1,0.000,0.000,0.000,0,176,0,0
5729,2.549,2.549,2.443,0.041,0.002,0.063,1,0.000,0.000,0.000,0,176,0,0
5730,2.584,2.584,2.489,0.041,0.003,0.051,1,0.000,0.000,0.000,0,176,0,0
5731,3.139,3.139,3.030,0.049,0.004,0.056,1,0.000,0.000,0.000,0,176,0,0
5732,3.754,3.754,3.636,0.044,0.004,0.070,1,0.000,0.000,0.000,0,176,0,0
5733,3.210,3.210,3.101,0.045,0.006,0.059,1,0.000,0.000,0.000,0,176,0,0
5734,3.157,3.157,3.051,0.043,0.004,0.059,1,0.000,0.000,0.000,0,176,0,0
5735,3.917,3.917,3.790,0.043,0.006,0.078,1,0.000,0.000,0.000,0,176,0,0
5736,3.277,3.277,3.167,0.044,0.005,0.061,1,0.000,0.000,0.000,0,176,0,0
5737,2.714,2.714,2.615,0.042,0.003,0.053,1,0.000,0.000,0.000,0,176,0,0
5738,2.691,2.691,2.580,0.042,0.003,0.065,1,0.000,0.000,0.000,0,176,0,0
5739,2.640,2.640,2.544,0.041,0.003,0.052,1,0.000,0.000,0.000,0,176,0,0
5740,3.136,3.136,3.040,0.041,0.003,0.051,1,0.000,0.000,0.000,0,176,0,0
5741,2.752,2.752,2.644,0.042,0.003,0.063,1,0.000,0.000,0.000,0,176,0,0
5742,2.652,2.652,2.557,0.042,0.003,0.051,1,0.000,0.000,0.000,0,176,0,0
5743,3.334,3.334,3.225,0.045,0.004,0.059,1,0.000,0.000,0.000,0,180,0,0
5744,3.032,3.032,2.917,0.044,0.003,0.067,1,0.000,0.000,0.000,0,180,0,0
5745,3.068,3.068,2.961,0.044,0.005,0.058,1,0.000,0.000,0.000,0,180,0,0
5746,2.706,2.706,2.607,0.044,0.003,0.052,1,0.000,0.000,0.000,0,180,0,0
5747,2.688,2.688,2.578,0.044,0.003,0.063,1,0.000,0.000,0.000,0,184,0,0
5748,2.613,2.613,2.515,0.044,0.003,0.051,1,0.000,0.000,0.000,0,184,0,0
5749,3.380,3.380,3.274,0.046,0.004,0.056,1,0.000,0.000,0.000,0,184,0,0
5750,3.138,3.138,3.024,0.052,0.003,0.059,1,0.000,0.000,0.000,0,184,0,0
5751,3.878,3.878,3.777,0.045,0.003,0.052,1,0.000,0.000,0.000,0,184,0,0
5752,3.295,3.295,3.180,0.046,0.005,0.064,1,0.000,0.000,0.000,0,184,0,0
5753,2.811,2.811,2.691,0.045,0.003,0.072,1,0.000,0.000,0.000,0,184,0,0
5754,3.225,3.225,3.092,0.072,0.003,0.057,1,0.000,0.000,0.000,0,192,0,0
5755,3.091,3.091,2.981,0.049,0.004,0.058,1,0.000,0.000,0.000,0,196,0,0
5756,2.708,2.708,2.591,0.048,0.003,0.066,1,0.000,0.000,0.000,0,196,0,0
5757,2.678,2.678,2.573,0.050,0.003,0.052,1,0.000,0.000,0.000,0,204,0,0
5758,3.056,3.056,2.925,0.049,0.003,0.079,1,0.000,0.000,0.000,0,204,0,0
5759,3.440,3.440,3.314,0.051,0.004,0.070,1,0.000,0.000,0.000,0,204,0,0
5760,2.730,2.730,2.625,0.049,0.003,0.052,1,0.000,0.000,0.000,0,204,0,0
5761,2.649,2.649,2.547,0.049,0.003,0.051,1,0.000,0.000,0.000,0,204,0,0
5762,2.768,2.768,2.646,0.050,0.003,0.069,1,0.000,0.000,0.000,0,208,0,0
5763,3.209,3.209,3.095,0.052,0.004,0.059,1,0.000,0.000,0.000,0,208,0,0
5764,3.088,3.088,2.977,0.055,0.003,0.053,1,0.000,0.000,0.000,0,208,0,0
5765,3.260,3.260,3.143,0.051,0.003,0.062,1,0.000,0.000,0.000,0,208,0,0
5766,3.283,3.283,3.167,0.051,0.005,0.059,1,0.000,0.000,0.000,0,208,0,0
5767,3.651,3.651,3.533,0.054,0.004,0.060,1,0.000,0.000,0.000,0,212,0,0
5768,2.907,2.907,2.789,0.051,0.003,0.063,1,0.000,0.000,0.000,0,212,0,0
5769,3.305,3.305,3.184,0.053,0.005,0.063,1,0.000,0.000,0.000,0,212,0,0
5770,2.746,2.746,2.639,0.050,0.003,0.054,1,0.000,0.000,0.000,0,212,0,0
5771,2.696,2.696,2.572,0.050,0.003,0.070,1,0.000,0.000,0.000,0,212,0,0
5772,2.609,2.609,2.505,0.050,0.003,0.052,1,0.000,0.000,0.000,0,212,0,0
5773,2.596,2.596,2.492,0.051,0.002,0.051,1,0.000,0.000,0.000,0,212,0,0
5774,2.621,2.621,2.506,0.050,0.002,0.063,1,0.000,0.000,0.000,0,212,0,0
5775,2.592,2.592,2.489,0.050,0.003,0.051,1,0.000,0.000,0.000,0,212,0,0
5776,2.587,2.587,2.485,0.050,0.002,0.050,1,0.000,0.000,0.000,0,212,0,0
5777,2.616,2.616,2.500,0.050,0.003,0.063,1,0.000,0.000,0.000,0,212,0,0
5778,2.678,2.678,2.573,0.050,0.003,0.051,1,0.000,0.000,0.000,0,212,0,0
5779,2.620,2.620,2.516,0.050,0.003,0.051,1,0.000,0.000,0.000,0,212,0,0
5780,2.624,2.624,2.502,0.050,0.003,0.068,1,0.000,0.000,0.000,0,212,0,0
5781,2.607,2.607,2.504,0.050,0.003,0.051,1,0.000,0.000,0.000,0,212,0,0
5782,3.170,3.170,3.020,0.086,0.004,0.059,1,0.000,0.000,0.000,0,212,1,0
5783,3.738,3.738,3.615,0.051,0.004,0.068,1,0.000,0.000,0.000,0,212,0,0
5784,2.821,2.821,2.715,0.051,0.003,0.052,1,0.000,0.000,0.000,0,212,0,0
5785,2.686,2.686,2.580,0.052,0.003,0.052,1,0.000,0.000,0.000,0,216,0,0
5786,3.058,3.058,2.939,0.051,0.003,0.066,1,0.000,0.000,0.000,0,212,0,0
5787,3.576,3.576,3.452,0.052,0.005,0.066,1,0.000,0.000,0.000,0,212,0,0
5788,2.869,2.869,2.762,0.050,0.003,0.054,1,0.000,0.000,0.000,0,212,0,0
5789,2.723,2.723,2.597,0.051,0.004,0.071,1,0.000,0.000,0.000,0,212,0,0
5790,2.687,2.687,2.581,0.051,0.003,0.052,1,0.000,0.000,0.000,0,212,0,0
5791,2.615,2.615,2.511,0.050,0.003,0.051,1,0.000,0.000,0.000,0,212,0,0
5792,2.620,2.620,2.505,0.050,0.003,0.063,1,0.000,0.000,0.000,0,212,0,0
5793,2.746,2.746,2.636,0.049,0.005,0.056,1,0.000,0.000,0.000,0,212,0,0
5794,2.671,2.671,2.561,0.050,0.004,0.055,1,0.000,0.000,0.000,0,212,0,0
5795,2.661,2.661,2.545,0.050,0.003,0.064,1,0.000,0.000,0.000,0,212,0,0
5796,2.636,2.636,2.532,0.050,0.003,0.051,1,0.000,0.000,0.000,0,212,0,0
5797,2.637,2.637,2.502,0.063,0.003,0.070,1,0.000,0.000,0.000,0,212,0,0
5798,2.591,2.591,2.488,0.050,0.003,0.051,1,0.000,0.000,0.000,0,212,0,0
5799,3.360,3.360,3.248,0.055,0.003,0.054,1,0.000,0.000,0.000,0,212,0,0
5800,3.681,3.681,3.554,0.052,0.004,0.071,1,0.000,0.000,0.000,0,212,0,0
5801,2.811,2.811,2.702,0.051,0.003,0.054,1,0.000,0.000,0.000,0,212,0,0
5802,2.735,2.735,2.626,0.050,0.004,0.055,1,0.000,0.000,0.000,0,212,0,0
5803,2.682,2.682,2.566,0.050,0.003,0.063,1,0.000,0.000,0.000,0,212,0,0
5804,2.620,2.620,2.515,0.051,0.003,0.052,1,0.000,0.000,0.000,0,212,0,0
5805,2.614,2.614,2.510,0.050,0.002,0.051,1,0.000,0.000,0.000,0,212,0,0
5806,2.651,2.651,2.518,0.050,0.002,0.080,1,0.000,0.000,0.000,0,212,0,0
5807,2.789,2.789,2.683,0.050,0.003,0.053,1,0.000,0.000,0.000,0,212,0,0
5808,2.617,2.617,2.511,0.051,0.003,0.052,1,0.000,0.000,0.000,0,212,0,0
5809,2.632,2.632,2.517,0.050,0.002,0.063,1,0.000,0.000,0.000,0,212,0,0
5810,2.638,2.638,2.532,0.051,0.003,0.051,1,0.000,0.000,0.000,0,216,0,0
5811,2.645,2.645,2.539,0.051,0.003,0.052,1,0.000,0.000,0.000,0,216,0,0
5812,2.626,2.626,2.509,0.051,0.003,0.063,1,0.000,0.000,0.000,0,216,0,0
5813,2.643,2.643,2.537,0.052,0.003,0.052,1,0.000,0.000,0.000,0,220,0,0
5814,2.626,2.626,2.518,0.053,0.003,0.051,1,0.000,0.000,0.000,0,228,0,0
5815,3.249,3.249,3.100,0.063,0.005,0.080,1,0.000,0.000,0.000,0,232,0,0
5816,3.618,3.618,3.501,0.058,0.004,0.055,1,0.000,0.000,0.000,0,240,0,0
5817,2.792,2.792,2.678,0.059,0.004,0.052,1,0.000,0.000,0.000,0,248,0,0
5818,3.352,3.352,3.100,0.176,0.005,0.071,1,0.000,0.000,0.000,0,260,0,0
5819,3.137,3.137,2.961,0.064,0.004,0.107,1,0.000,0.000,0.000,0,272,0,0
5820,3.506,3.506,3.383,0.067,0.004,0.053,1,0.000,0.000,0.000,0,276,0,0
5821,3.144,3.144,3.012,0.066,0.003,0.063,1,0.000,0.000,0.000,0,284,0,0
5822,3.200,3.200,3.078,0.069,0.003,0.049,1,0.000,0.000,0.000,0,296,0,0
5823,3.212,3.212,3.073,0.071,0.005,0.063,1,0.000,0.000,0.000,0,296,0,0
5824,2.902,2.902,2.759,0.069,0.004,0.071,1,0.000,0.000,0.000,0,296,0,0
5825,2.832,2.832,2.709,0.068,0.003,0.052,1,0.000,0.000,0.000,0,296,0,0
5826,11.062,11.062,10.927,0.071,0.004,0.059,1,0.000,0.000,0.000,0,296,0,0
5827,4.543,4.543,4.391,0.069,0.006,0.078,1,0.000,0.000,0.000,0,296,0,0
5828,4.151,4.151,4.026,0.068,0.003,0.054,1,0.000,0.000,0.000,0,296,0,0
5829,4.469,4.469,4.334,0.072,0.004,0.059,1,0.000,0.000,0.000,0,296,0,0
5830,5.149,5.149,5.002,0.070,0.005,0.072,1,0.000,0.000,0.000,0,296,0,0
5831,5.080,5.080,4.943,0.070,0.005,0.062,1,0.000,0.000,0.000,0,296,0,0
5832,4.861,4.861,4.730,0.071,0.004,0.056,1,0.000,0.000,0.000,0,296,0,0
5833,5.044,5.044,4.880,0.073,0.006,0.085,1,0.000,0.000,0.000,0,296,0,0
5834,4.318,4.318,4.148,0.071,0.005,0.094,1,0.000,0.000,0.000,0,296,0,0
5835,4.857,4.857,4.665,0.074,0.004,0.115,1,0.000,0.000,0.000,0,296,0,0
5836,4.776,4.776,4.517,0.069,0.004,0.186,1,0.000,0.000,0.000,0,296,0,0
5837,4.654,4.654,4.433,0.075,0.003,0.144,1,0.000,0.000,0.000,0,296,0,0
5838,4.454,4.454,4.210,0.069,0.005,0.170,1,0.000,0.000,0.000,0,296,0,0
5839,4.317,4.317,4.055,0.070,0.004,0.188,1,0.000,0.000,0.000,0,296,0,0
5840,4.128,4.128,3.957,0.069,0.003,0.098,1,0.000,0.000,0.000,0,296,0,0
5841,5.201,5.201,5.001,0.070,0.005,0.125,1,0.000,0.000,0.000,0,296,0,0
5842,5.730,5.730,5.503,0.071,0.005,0.152,1,0.000,0.000,0.000,0,296,0,0
5843,6.562,6.562,6.361,0.071,0.006,0.124,1,0.000,0.000,0.000,0,296,0,0
5844,4.429,4.429,4.252,0.070,0.004,0.103,1,0.000,0.000,0.000,0,296,0,0
5845,4.248,4.248,4.036,0.070,0.003,0.139,1,0.000,0.000,0.000,0,296,0,0
5846,4.155,4.155,3.956,0.068,0.004,0.127,1,0.000,0.000,0.000,0,296,0,0
5847,4.114,4.114,3.904,0.069,0.003,0.138,1,0.000,0.000,0.000,0,296,0,0
5848,4.505,4.505,4.137,0.069,0.003,0.296,1,0.000,0.000,0.000,0,296,0,0
5849,4.219,4.219,3.908,0.068,0.003,0.239,1,0.000,0.000,0.000,0,296,0,0
5850,4.196,4.196,3.886,0.069,0.003,0.238,1,0.000,0.000,0.000,0,296,0,0
5851,5.350,5.350,4.958,0.069,0.004,0.319,1,0.000,0.000,0.000,0,296,0,0
5852,6.025,6.025,5.690,0.073,0.007,0.255,1,0.000,0.000,0.000,0,296,0,0
5853,5.081,5.081,4.749,0.071,0.006,0.256,1,0.000,0.000,0.000,0,296,0,0
5854,4.501,4.501,4.114,0.069,0.004,0.314,1,0.000,0.000,0.000,0,296,0,0
5855,4.348,4.348,4.037,0.069,0.003,0.239,1,0.000,0.000,0.000,0,296,0,0
5856,4.375,4.375,3.984,0.069,0.003,0.319,1,0.000,0.000,0.000,0,296,0,0
5857,4.612,4.612,4.215,0.068,0.004,0.325,1,0.000,0.000,0.000,0,296,0,0
5858,4.818,4.818,4.380,0.069,0.003,0.365,1,0.000,0.000,0.000,0,296,0,0
5859,4.596,4.596,4.225,0.069,0.003,0.299,1,0.000,0.000,0.000,0,296,0,0
5860,6.370,6.370,5.893,0.068,0.004,0.405,1,0.000,0.000,0.000,0,296,0,0
5861,5.754,5.754,5.361,0.072,0.005,0.316,1,0.000,0.000,0.000,0,296,0,0
5862,6.043,6.043,5.675,0.070,0.003,0.295,1,0.000,0.000,0.000,0,296,0,0
5863,6.061,6.061,5.473,0.072,0.006,0.511,1,0.000,0.000,0.000,0,296,0,0
5864,4.690,4.690,4.290,0.070,0.004,0.325,1,0.000,0.000,0.000,0,296,0,0
5865,4.543,4.543,4.160,0.070,0.003,0.310,1,0.000,0.000,0.000,0,296,0,0
5866,4.478,4.478,4.037,0.069,0.003,0.369,1,0.000,0.000,0.000,0,296,0,0
5867,4.300,4.300,3.953,0.070,0.003,0.275,1,0.000,0.000,0.000,0,296,0,0
5868,4.325,4.325,3.993,0.069,0.003,0.260,1,0.000,0.000,0.000,0,296,0,0
5869,4.494,4.494,4.074,0.069,0.003,0.348,1,0.000,0.000,0.000,0,296,0,0
5870,4.553,4.553,4.229,0.070,0.004,0.251,1,0.000,0.000,0.000,0,296,0,0
5871,4.727,4.727,4.370,0.069,0.003,0.284,1,0.000,0.000,0.000,0,296,0,0
5872,7.044,7.044,6.638,0.073,0.006,0.328,1,0.000,0.000,0.000,0,296,0,0
5873,5.378,5.378,5.042,0.072,0.004,0.259,1,0.000,0.000,0.000,0,296,0,0
5874,5.070,5.070,4.749,0.070,0.004,0.247,1,0.000,0.000,0.000,0,296,0,0
5875,5.166,5.166,4.719,0.070,0.004,0.372,1,0.000,0.000,0.000,0,296,0,0
5876,4.715,4.715,4.364,0.070,0.003,0.278,1,0.000,0.000,0.000,0,296,0,0
5877,4.532,4.532,4.182,0.070,0.004,0.276,1,0.000,0.000,0.000,0,296,0,0
5878,5.100,5.100,4.607,0.073,0.006,0.415,1,0.000,0.000,0.000,0,296,0,0
5879,4.719,4.719,4.335,0.071,0.005,0.308,1,0.000,0.000,0.000,0,296,0,0
5880,4.392,4.392,4.026,0.071,0.003,0.292,1,0.000,0.000,0.000,0,296,0,0
5881,4.486,4.486,4.050,0.071,0.003,0.361,1,0.000,0.000,0.000,0,296,0,0
5882,5.786,5.786,5.417,0.070,0.003,0.296,1,0.000,0.000,0.000,0,296,0,0
5883,4.461,4.461,4.106,0.069,0.004,0.281,1,0.000,0.000,0.000,0,296,0,0
5884,5.931,5.931,5.418,0.073,0.006,0.434,1,0.000,0.000,0.000,0,296,0,0
5885,5.089,5.089,4.741,0.072,0.005,0.272,1,0.000,0.000,0.000,0,296,0,0
5886,4.386,4.386,4.078,0.070,0.004,0.234,1,0.000,0.000,0.000,0,296,0,0
5887,4.728,4.728,4.371,0.070,0.003,0.284,1,0.000,0.000,0.000,0,296,0,0
5888,4.522,4.522,4.155,0.069,0.003,0.294,1,0.000,0.000,0.000,0,296,0,0
5889,4.533,4.533,4.184,0.070,0.003,0.276,1,0.000,0.000,0.000,0,296,0,0
5890,4.538,4.538,4.137,0.070,0.003,0.328,1,0.000,0.000,0.000,0,296,0,0
5891,5.362,5.362,5.029,0.072,0.005,0.257,1,0.000,0.000,0.000,0,296,0,0
5892,5.252,5.252,4.928,0.070,0.005,0.249,1,0.000,0.000,0.000,0,296,0,0
5893,5.820,5.820,5.228,0.070,0.005,0.516,1,0.000,0.000,0.000,0,296,0,0
5894,5.342,5.342,4.916,0.071,0.004,0.351,1,0.000,0.000,0.000,0,296,0,0
5895,4.637,4.637,4.219,0.070,0.003,0.344,1,0.000,0.000,0.000,0,296,0,0
5896,4.605,4.605,4.076,0.069,0.003,0.456,1,0.000,0.000,0.000,0,296,0,0
5897,4.491,4.491,4.052,0.070,0.004,0.366,1,0.000,0.000,0.000,0,296,0,0
5898,4.516,4.516,4.032,0.069,0.003,0.411,1,0.000,0.000,0.000,0,296,0,0
5899,5.568,5.568,5.164,0.071,0.005,0.328,1,0.000,0.000,0.000,0,296,0,0
5900,5.061,5.061,4.688,0.071,0.004,0.298,1,0.000,0.000,0.000,0,296,0,0
5901,4.762,4.762,4.312,0.070,0.003,0.377,1,0.000,0.000,0.000,0,296,0,0
5902,4.655,4.655,4.293,0.069,0.003,0.290,1,0.000,0.000,0.000,0,296,0,0
5903,5.009,5.009,4.602,0.074,0.009,0.324,1,0.000,0.000,0.000,0,296,0,0
5904,4.879,4.879,4.448,0.071,0.006,0.354,1,0.000,0.000,0.000,0,296,0,0
5905,4.543,4.543,4.232,0.070,0.004,0.237,1,0.000,0.000,0.000,0,296,0,0
5906,4.466,4.466,4.158,0.070,0.004,0.235,1,0.000,0.000,0.000,0,296,0,0
5907,5.718,5.718,5.250,0.070,0.005,0.393,1,0.000,0.000,0.000,0,296,0,0
5908,4.885,4.885,4.442,0.071,0.004,0.368,1,0.000,0.000,0.000,0,296,0,0
5909,4.419,4.419,4.061,0.070,0.004,0.284,1,0.000,0.000,0.000,0,296,0,0
5910,4.667,4.667,4.214,0.075,0.004,0.374,1,0.000,0.000,0.000,0,296,0,0
5911,5.350,5.350,4.983,0.070,0.004,0.293,1,0.000,0.000,0.000,0,296,0,0
5912,5.920,5.920,5.437,0.072,0.005,0.406,1,0.000,0.000,0.000,0,296,0,0
5913,5.964,5.964,5.523,0.070,0.004,0.366,1,0.000,0.000,0.000,0,296,0,0
5914,4.478,4.478,4.132,0.070,0.003,0.273,1,0.000,0.000,0.000,0,296,0,0
5915,4.447,4.447,4.103,0.070,0.003,0.271,1,0.000,0.000,0.000,0,296,0,0
5916,4.417,4.417,3.982,0.069,0.003,0.363,1,0.000,0.000,0.000,0,296,0,0
5917,4.609,4.609,4.232,0.071,0.003,0.303,1,0.000,0.000,0.000,0,296,0,0
5918,4.583,4.583,4.191,0.070,0.004,0.319,1,0.000,0.000,0.000,0,296,0,0
5919,5.599,5.599,5.076,0.072,0.007,0.444,1,0.000,0.000,0.000,0,296,0,0
5920,7.052,7.052,6.658,0.071,0.004,0.319,1,0.000,0.000,0.000,0,296,0,0
5921,5.449,5.449,4.932,0.183,0.005,0.328,1,0.000,0.000,0.000,0,296,0,0
5922,6.795,6.795,6.284,0.070,0.003,0.438,1,0.000,0.000,0.000,0,296,0,0
5923,5.214,5.214,4.809,0.073,0.006,0.325,1,0.000,0.000,0.000,0,296,0,0
5924,5.189,5.189,4.840,0.071,0.004,0.274,1,0.000,0.000,0.000,0,296,0,0
5925,4.976,4.976,4.540,0.070,0.004,0.362,1,0.000,0.000,0.000,0,296,0,0
5926,4.738,4.738,4.382,0.069,0.005,0.282,1,0.000,0.000,0.000,0,296,0,0
5927,4.449,4.449,4.103,0.070,0.003,0.273,1,0.000,0.000,0.000,0,296,0,0
5928,5.169,5.169,4.726,0.072,0.005,0.366,1,0.000,0.000,0.000,0,296,0,0
5929,4.735,4.735,4.377,0.071,0.005,0.283,1,0.000,0.000,0.000,0,296,0,0
5930,4.724,4.724,4.372,0.070,0.004,0.277,1,0.000,0.000,0.000,0,296,0,0
5931,5.725,5.725,5.363,0.073,0.005,0.284,1,0.000,0.000,0.000,0,296,0,0
5932,5.410,5.410,5.052,0.129,0.004,0.225,1,0.000,0.000,0.000,0,296,0,0
5933,5.263,5.263,4.942,0.073,0.006,0.242,1,0.000,0.000,0.000,0,296,0,0
5934,4.714,4.714,4.331,0.071,0.004,0.309,1,0.000,0.000,0.000,0,296,0,0
5935,4.508,4.508,4.212,0.070,0.004,0.222,1,0.000,0.000,0.000,0,296,0,0
5936,4.400,4.400,4.107,0.069,0.004,0.220,1,0.000,0.000,0.000,0,296,0,0
5937,5.084,5.084,4.703,0.071,0.005,0.306,1,0.000,0.000,0.000,0,296,0,0
5938,5.341,5.341,5.024,0.071,0.004,0.242,1,0.000,0.000,0.000,0,296,0,0
5939,4.848,4.848,4.524,0.071,0.004,0.250,1,0.000,0.000,0.000,0,296,0,0
5940,4.491,4.491,4.119,0.070,0.003,0.299,1,0.000,0.000,0.000,0,296,0,0
5941,4.323,4.323,4.027,0.070,0.003,0.223,1,0.000,0.000,0.000,0,296,0,0
5942,4.334,4.334,4.029,0.069,0.003,0.232,1,0.000,0.000,0.000,0,296,0,0
5943,4.434,4.434,4.052,0.069,0.004,0.309,1,0.000,0.000,0.000,0,296,0,0
5944,5.033,5.033,4.717,0.077,0.006,0.234,1,0.000,0.000,0.000,0,296,0,0
5945,4.616,4.616,4.253,0.070,0.004,0.288,1,0.000,0.000,0.000,0,296,0,0
5946,4.439,4.439,4.049,0.071,0.004,0.316,1,0.000,0.000,0.000,0,296,0,0
5947,4.582,4.582,4.235,0.069,0.003,0.275,1,0.000,0.000,0.000,0,296,0,0
5948,4.517,4.517,4.162,0.070,0.004,0.282,1,0.000,0.000,0.000,0,296,0,0
5949,5.329,5.329,4.870,0.072,0.005,0.382,1,0.000,0.000,0.000,0,296,0,0
5950,5.182,5.182,4.856,0.071,0.004,0.252,1,0.000,0.000,0.000,0,296,0,0
5951,5.174,5.174,4.839,0.071,0.004,0.259,1,0.000,0.000,0.000,0,296,0,0
5952,5.489,5.489,5.000,0.070,0.004,0.416,1,0.000,0.000,0.000,0,296,0,0
5953,4.776,4.776,4.358,0.070,0.003,0.344,1,0.000,0.000,0.000,0,296,0,0
5954,4.458,4.458,4.048,0.070,0.004,0.336,1,0.000,0.000,0.000,0,296,0,0
5955,4.552,4.552,4.036,0.070,0.003,0.443,1,0.000,0.000,0.000,0,296,0,0
5956,4.391,4.391,3.982,0.069,0.003,0.337,1,0.000,0.000,0.000,0,296,0,0
5957,4.498,4.498,4.033,0.069,0.004,0.392,1,0.000,0.000,0.000,0,296,0,0
5958,5.299,5.299,4.715,0.079,0.004,0.501,1,0.000,0.000,0.000,0,296,0,0
5959,4.856,4.856,4.427,0.070,0.006,0.353,1,0.000,0.000,0.000,0,296,0,0
5960,5.724,5.724,5.349,0.070,0.005,0.300,1,0.000,0.000,0.000,0,296,0,0
5961,19.893,19.893,19.478,0.071,0.005,0.340,1,0.000,0.000,0.000,0,296,0,0
5962,6.504,6.504,6.156,0.071,0.004,0.274,1,0.000,0.000,0.000,0,296,0,0
5963,5.169,5.169,4.833,0.071,0.004,0.261,1,0.000,0.000,0.000,0,296,0,0
5964,4.544,4.544,4.124,0.069,0.004,0.347,1,0.000,0.000,0.000,0,296,0,0
5965,4.341,4.341,4.005,0.069,0.003,0.265,1,0.000,0.000,0.000,0,296,0,0
5966,5.723,5.723,5.357,0.072,0.007,0.287,1,0.000,0.000,0.000,0,296,0,0
5967,5.282,5.282,4.723,0.071,0.003,0.484,1,0.000,0.000,0.000,0,296,0,0
5968,5.709,5.709,5.310,0.071,0.007,0.322,1,0.000,0.000,0.000,0,296,0,0
5969,4.722,4.722,4.344,0.071,0.003,0.304,1,0.000,0.000,0.000,0,296,0,0
5970,5.850,5.850,5.359,0.075,0.005,0.411,1,0.000,0.000,0.000,0,296,0,0
5971,5.040,5.040,4.641,0.071,0.005,0.323,1,0.000,0.000,0.000,0,296,0,0
5972,4.597,4.597,4.238,0.070,0.004,0.285,1,0.000,0.000,0.000,0,296,0,0
5973,4.568,4.568,4.121,0.070,0.004,0.373,1,0.000,0.000,0.000,0,296,0,0
5974,4.656,4.656,4.317,0.073,0.004,0.262,1,0.000,0.000,0.000,0,296,0,0
5975,5.582,5.582,5.250,0.070,0.004,0.258,1,0.000,0.000,0.000,0,296,0,0
5976,4.610,4.610,4.208,0.070,0.003,0.329,1,0.000,0.000,0.000,0,296,0,0
5977,4.516,4.516,4.174,0.069,0.003,0.270,1,0.000,0.000,0.000,0,296,0,0
5978,4.350,4.350,4.022,0.070,0.003,0.254,1,0.000,0.000,0.000,0,296,0,0
5979,5.876,5.876,5.389,0.071,0.005,0.411,1,0.000,0.000,0.000,0,296,0,0
5980,5.964,5.964,5.615,0.072,0.004,0.273,1,0.000,0.000,0.000,0,304,0,0
5981,4.897,4.897,4.570,0.072,0.004,0.251,1,0.000,0.000,0.000,0,304,0,0
5982,4.763,4.763,4.348,0.072,0.003,0.340,1,0.000,0.000,0.000,0,304,0,0
5983,4.307,4.307,4.042,0.071,0.003,0.191,1,0.000,0.000,0.000,0,304,0,0
5984,4.262,4.262,3.998,0.072,0.003,0.190,1,0.000,0.000,0.000,0,304,0,0
5985,4.287,4.287,3.962,0.070,0.003,0.251,1,0.000,0.000,0.000,0,304,0,0
5986,4.211,4.211,3.947,0.071,0.003,0.190,1,0.000,0.000,0.000,0,304,0,0
5987,4.220,4.220,3.955,0.071,0.003,0.192,1,0.000,0.000,0.000,0,304,0,0
5988,4.322,4.322,4.029,0.071,0.003,0.219,1,0.000,0.000,0.000,0,304,0,0
5989,5.764,5.764,5.365,0.219,0.005,0.176,1,0.000,0.000,0.000,0,304,0,0
5990,6.031,6.031,5.751,0.073,0.010,0.198,1,0.000,0.000,0.000,0,304,0,0
5991,5.235,5.235,4.981,0.074,0.005,0.174,1,0.000,0.000,0.000,0,304,0,0
5992,5.182,5.182,4.904,0.073,0.007,0.199,1,0.000,0.000,0.000,0,304,0,0
5993,4.519,4.519,4.258,0.073,0.004,0.185,1,0.000,0.000,0.000,0,304,0,0
5994,4.487,4.487,4.140,0.072,0.004,0.271,1,0.000,0.000,0.000,0,304,0,0
5995,4.289,4.289,4.003,0.072,0.003,0.211,1,0.000,0.000,0.000,0,304,0,0
5996,4.507,4.507,4.157,0.071,0.003,0.275,1,0.000,0.000,0.000,0,304,0,0
5997,4.278,4.278,3.976,0.071,0.003,0.228,1,0.000,0.000,0.000,0,304,0,0
5998,4.242,4.242,3.944,0.071,0.003,0.223,1,0.000,0.000,0.000,0,304,0,0
5999,5.311,5.311,4.947,0.073,0.005,0.286,1,0.000,0.000,0.000,0,304,0,0
6000,4.999,4.999,4.725,0.072,0.004,0.198,1,0.000,0.000,0.000,0,304,0,0
6001,5.077,5.077,4.778,0.073,0.004,0.223,1,0.000,0.000,0.000,0,328,0,0
6002,5.353,5.353,4.908,0.074,0.008,0.363,1,0.000,0.000,0.000,0,352,0,0
6003,4.651,4.651,4.351,0.073,0.004,0.223,1,0.000,0.000,0.000,0,376,0,0
6004,5.092,5.092,4.784,0.072,0.004,0.232,1,0.000,0.000,0.000,0,400,0,0
6005,4.483,4.483,4.112,0.072,0.003,0.296,1,0.000,0.000,0.000,0,424,0,0
6006,5.126,5.126,4.818,0.073,0.005,0.230,1,0.000,0.000,0.000,0,448,0,0
6007,4.905,4.905,4.526,0.073,0.005,0.301,1,0.000,0.000,0.000,0,472,0,0
6008,4.691,4.691,4.267,0.074,0.004,0.347,1,0.000,0.000,0.000,0,496,0,0
6009,4.444,4.444,4.127,0.074,0.003,0.240,1,0.000,0.000,0.000,0,520,0,0
6010,5.306,5.306,4.978,0.074,0.004,0.250,1,0.000,0.000,0.000,0,544,0,0
6011,5.582,5.582,5.175,0.074,0.005,0.328,1,0.000,0.000,0.000,0,568,0,0
6012,5.063,5.063,4.639,0.074,0.004,0.346,1,0.000,0.000,0.000,0,592,0,0
6013,4.655,4.655,4.295,0.072,0.004,0.284,1,0.000,0.000,0.000,0,616,0,0
6014,5.407,5.407,4.939,0.075,0.006,0.386,1,0.000,0.000,0.000,0,640,0,0
6015,4.938,4.938,4.566,0.074,0.004,0.294,1,0.000,0.000,0.000,0,664,0,0
6016,4.654,4.654,4.292,0.073,0.003,0.285,1,0.000,0.000,0.000,0,688,0,0
6017,4.831,4.831,4.380,0.073,0.003,0.375,1,0.000,0.000,0.000,0,712,0,0
6018,4.581,4.581,4.213,0.073,0.004,0.292,1,0.000,0.000,0.000,0,736,0,0
6019,4.523,4.523,4.178,0.073,0.003,0.269,1,0.000,0.000,0.000,0,760,0,0
6020,4.668,4.668,4.247,0.072,0.003,0.346,1,0.000,0.000,0.000,0,784,0,0
6021,4.747,4.747,4.409,0.072,0.003,0.263,1,0.000,0.000,0.000,0,808,0,0
6022,4.911,4.911,4.540,0.084,0.005,0.282,1,0.000,0.000,0.000,0,832,0,0
6023,5.793,5.793,5.380,0.073,0.005,0.335,1,0.000,0.000,0.000,0,856,0,0
6024,5.645,5.645,5.304,0.074,0.005,0.261,1,0.000,0.000,0.000,0,880,0,0
6025,5.396,5.396,5.075,0.074,0.004,0.242,1,0.000,0.000,0.000,0,904,0,0
6026,5.134,5.134,4.680,0.072,0.003,0.378,1,0.000,0.000,0.000,0,928,0,0
6027,5.410,5.410,5.029,0.073,0.004,0.303,1,0.000,0.000,0.000,0,952,0,0
6028,5.091,5.091,4.757,0.075,0.005,0.254,1,0.000,0.000,0.000,0,976,0,0
6029,5.538,5.538,5.139,0.075,0.004,0.320,1,0.000,0.000,0.000,0,996,0,0
6030,5.250,5.250,4.922,0.075,0.005,0.248,1,0.000,0.000,0.000,0,996,0,0
6031,4.858,4.858,4.558,0.075,0.003,0.222,1,0.000,0.000,0.000,0,996,0,0
6032,4.745,4.745,4.403,0.073,0.003,0.266,1,0.000,0.000,0.000,0,996,0,0
6033,4.617,4.617,4.336,0.073,0.004,0.205,1,0.000,0.000,0.000,0,996,0,0
6034,4.726,4.726,4.439,0.073,0.003,0.211,1,0.000,0.000,0.000,0,996,0,0
6035,4.682,4.682,4.322,0.073,0.004,0.283,1,0.000,0.000,0.000,0,996,0,0
6036,4.754,4.754,4.406,0.107,0.003,0.237,1,0.000,0.000,0.000,0,996,1,0
6037,4.680,4.680,4.371,0.073,0.004,0.232,1,0.000,0.000,0.000,0,996,0,0
6038,4.662,4.662,4.278,0.072,0.003,0.308,1,0.000,0.000,0.000,0,996,0,0
6039,4.576,4.576,4.281,0.072,0.003,0.220,1,0.000,0.000,0.000,0,996,0,0
6040,4.661,4.661,4.365,0.073,0.003,0.219,1,0.000,0.000,0.000,0,996,0,0
6041,4.910,4.910,4.509,0.072,0.004,0.325,1,0.000,0.000,0.000,0,996,0,0
6042,4.552,4.552,4.308,0.074,0.003,0.167,1,0.000,0.000,0.000,0,996,0,0
6043,4.712,4.712,4.487,0.075,0.003,0.146,1,0.000,0.000,0.000,0,996,0,0
6044,4.671,4.671,4.405,0.074,0.004,0.188,1,0.000,0.000,0.000,0,996,0,0
6045,4.485,4.485,4.269,0.073,0.004,0.139,1,0.000,0.000,0.000,0,996,0,0
6046,4.462,4.462,4.262,0.073,0.003,0.124,1,0.000,0.000,0.000,0,996,0,0
6047,5.892,5.892,5.626,0.078,0.007,0.182,1,0.000,0.000,0.000,0,996,0,0
6048,4.998,4.998,4.809,0.073,0.005,0.112,1,0.000,0.000,0.000,0,996,0,0
6049,4.691,4.691,4.410,0.073,0.003,0.205,1,0.000,0.000,0.000,0,996,0,0
6050,4.625,4.625,4.303,0.073,0.003,0.246,1,0.000,0.000,0.000,0,996,0,0
6051,4.737,4.737,4.448,0.073,0.003,0.212,1,0.000,0.000,0.000,0,996,0,0
6052,4.675,4.675,4.371,0.074,0.003,0.227,1,0.000,0.000,0.000,0,996,0,0
6053,4.714,4.714,4.309,0.073,0.003,0.328,1,0.000,0.000,0.000,0,996,0,0
6054,4.586,4.586,4.273,0.073,0.003,0.236,1,0.000,0.000,0.000,0,996,0,0
6055,4.579,4.579,4.267,0.073,0.003,0.236,1,0.000,0.000,0.000,0,996,0,0
6056,4.749,4.749,4.323,0.072,0.003,0.350,1,0.000,0.000,0.000,0,996,0,0
6057,4.659,4.659,4.302,0.073,0.003,0.281,1,0.000,0.000,0.000,0,996,0,0
6058,5.642,5.642,5.263,0.076,0.007,0.296,1,0.000,0.000,0.000,0,996,0,0
6059,5.280,5.280,4.844,0.075,0.005,0.356,1,0.000,0.000,0.000,0,996,0,0
6060,5.045,5.045,4.677,0.073,0.003,0.292,1,0.000,0.000,0.000,0,996,0,0
6061,5.940,5.940,5.578,0.074,0.004,0.285,1,0.000,0.000,0.000,0,996,0,0
6062,6.448,6.448,5.937,0.073,0.004,0.434,1,0.000,0.000,0.000,0,992,0,0
6063,5.956,5.956,5.527,0.076,0.006,0.347,1,0.000,0.000,0.000,0,992,0,0
6064,4.941,4.941,4.476,0.072,0.005,0.388,1,0.000,0.000,0.000,0,304,0,0
6065,5.378,5.378,4.880,0.073,0.007,0.418,1,0.000,0.000,0.000,0,304,0,0
6066,4.710,4.710,4.277,0.072,0.003,0.358,1,0.000,0.000,0.000,0,304,0,0
6067,5.085,5.085,4.698,0.072,0.003,0.311,1,0.000,0.000,0.000,0,304,0,0
6068,4.541,4.541,4.076,0.071,0.003,0.390,1,0.000,0.000,0.000,0,304,0,0
6069,4.372,4.372,4.022,0.072,0.003,0.274,1,0.000,0.000,0.000,0,304,0,0
6070,4.331,4.331,3.987,0.070,0.004,0.270,1,0.000,0.000,0.000,0,304,0,0
6071,4.705,4.705,4.221,0.072,0.004,0.409,1,0.000,0.000,0.000,0,304,0,0
6072,4.438,4.438,4.140,0.072,0.004,0.221,1,0.000,0.000,0.000,0,304,0,0
6073,4.812,4.812,4.541,0.072,0.004,0.195,1,0.000,0.000,0.000,0,304,0,0
6074,4.371,4.371,4.040,0.071,0.004,0.256,1,0.000,0.000,0.000,0,304,0,0
6075,4.237,4.237,3.970,0.070,0.003,0.194,1,0.000,0.000,0.000,0,304,0,0
6076,4.364,4.364,4.064,0.071,0.003,0.227,1,0.000,0.000,0.000,0,304,0,0
6077,4.427,4.427,4.033,0.071,0.004,0.319,1,0.000,0.000,0.000,0,304,0,0
6078,4.309,4.309,3.995,0.071,0.003,0.239,1,0.000,0.000,0.000,0,304,0,0
6079,4.223,4.223,3.946,0.072,0.003,0.202,1,0.000,0.000,0.000,0,304,0,0
6080,5.857,5.857,5.510,0.072,0.007,0.269,1,0.000,0.000,0.000,0,296,0,0
6081,5.387,5.387,5.022,0.073,0.005,0.287,1,0.000,0.000,0.000,0,304,0,0
6082,5.503,5.503,5.174,0.073,0.005,0.251,1,0.000,0.000,0.000,0,304,0,0
6083,4.621,4.621,4.237,0.071,0.004,0.309,1,0.000,0.000,0.000,0,304,0,0
6084,5.374,5.374,5.055,0.075,0.005,0.240,1,0.000,0.000,0.000,0,304,0,0
6085,4.799,4.799,4.481,0.072,0.005,0.241,1,0.000,0.000,0.000,0,304,0,0
6086,5.072,5.072,4.544,0.070,0.004,0.453,1,0.000,0.000,0.000,0,304,0,0
6087,4.454,4.454,4.104,0.072,0.004,0.275,1,0.000,0.000,0.000,0,304,0,0
6088,4.358,4.358,4.005,0.071,0.004,0.278,1,0.000,0.000,0.000,0,304,0,0
6089,4.399,4.399,3.977,0.071,0.003,0.348,1,0.000,0.000,0.000,0,304,0,0
6090,4.265,4.265,3.943,0.072,0.003,0.247,1,0.000,0.000,0.000,0,304,0,0
6091,5.024,5.024,4.694,0.079,0.003,0.248,1,0.000,0.000,0.000,0,304,0,0
6092,4.679,4.679,4.283,0.072,0.003,0.321,1,0.000,0.000,0.000,0,304,0,0
6093,4.454,4.454,4.166,0.072,0.003,0.214,1,0.000,0.000,0.000,0,304,0,0
6094,4.245,4.245,3.970,0.072,0.003,0.200,1,0.000,0.000,0.000,0,304,0,0
6095,4.479,4.479,4.131,0.072,0.004,0.273,1,0.000,0.000,0.000,0,304,0,0
6096,4.377,4.377,4.086,0.072,0.003,0.217,1,0.000,0.000,0.000,0,304,0,0
6097,4.339,4.339,4.018,0.071,0.003,0.247,1,0.000,0.000,0.000,0,304,0,0
6098,4.236,4.236,3.943,0.071,0.004,0.219,1,0.000,0.000,0.000,0,304,0,0
6099,5.125,5.125,4.835,0.076,0.006,0.208,1,0.000,0.000,0.000,0,304,0,0
6100,5.014,5.014,4.659,0.074,0.005,0.277,1,0.000,0.000,0.000,0,304,0,0
6101,4.498,4.498,4.113,0.071,0.004,0.309,1,0.000,0.000,0.000,0,304,0,0
6102,5.007,5.007,4.663,0.074,0.005,0.266,1,0.000,0.000,0.000,0,328,0,0
6103,4.473,4.473,4.057,0.072,0.004,0.339,1,0.000,0.000,0.000,0,352,0,0
6104,4.943,4.943,4.608,0.074,0.004,0.258,1,0.000,0.000,0.000,0,376,0,0
6105,4.368,4.368,4.048,0.072,0.003,0.245,1,0.000,0.000,0.000,0,400,0,0
6106,4.460,4.460,4.071,0.072,0.004,0.313,1,0.000,0.000,0.000,0,424,0,0
6107,4.924,4.924,4.616,0.073,0.004,0.231,1,0.000,0.000,0.000,0,448,0,0
6108,4.482,4.482,4.177,0.072,0.003,0.230,1,0.000,0.000,0.000,0,472,0,0
6109,4.978,4.978,4.585,0.078,0.005,0.310,1,0.000,0.000,0.000,0,496,0,0
6110,4.673,4.673,4.378,0.073,0.005,0.217,1,0.000,0.000,0.000,0,520,0,0
6111,4.517,4.517,4.131,0.087,0.003,0.296,1,0.000,0.000,0.000,0,544,0,0
6112,4.641,4.641,4.166,0.073,0.003,0.399,1,0.000,0.000,0.000,0,568,0,0
6113,4.575,4.575,4.163,0.074,0.004,0.335,1,0.000,0.000,0.000,0,592,0,0
6114,10.008,10.008,9.584,0.094,0.009,0.323,1,0.000,0.000,0.000,0,616,0,0
6115,5.868,5.868,5.356,0.076,0.007,0.429,1,0.000,0.000,0.000,0,640,0,0
6116,4.834,4.834,4.453,0.073,0.004,0.305,1,0.000,0.000,0.000,0,664,0,0
6117,4.899,4.899,4.523,0.081,0.004,0.291,1,0.000,0.000,0.000,0,688,0,0
6118,5.833,5.833,5.383,0.073,0.005,0.372,1,0.000,0.000,0.000,0,712,0,0
6119,5.764,5.764,5.402,0.075,0.006,0.281,1,0.000,0.000,0.000,0,736,0,0
6120,5.670,5.670,5.323,0.074,0.005,0.269,1,0.000,0.000,0.000,0,760,0,0
6121,4.995,4.995,4.495,0.072,0.003,0.425,1,0.000,0.000,0.000,0,784,0,0
6122,6.061,6.061,5.715,0.074,0.005,0.267,1,0.000,0.000,0.000,0,808,0,0
6123,5.458,5.458,5.130,0.073,0.004,0.251,1,0.000,0.000,0.000,0,832,0,0
6124,5.627,5.627,5.285,0.082,0.004,0.257,1,0.000,0.000,0.000,0,856,0,0
6125,5.513,5.513,5.235,0.073,0.005,0.201,1,0.000,0.000,0.000,0,880,0,0
6126,4.952,4.952,4.632,0.074,0.004,0.242,1,0.000,0.000,0.000,0,884,0,0
6127,4.729,4.729,4.381,0.073,0.003,0.272,1,0.000,0.000,0.000,0,884,0,0
6128,4.783,4.783,4.454,0.073,0.003,0.252,1,0.000,0.000,0.000,0,884,0,0
6129,4.560,4.560,4.297,0.073,0.004,0.185,1,0.000,0.000,0.000,0,884,0,0
6130,4.894,4.894,4.515,0.072,0.003,0.303,1,0.000,0.000,0.000,0,884,0,0
6131,5.466,5.466,5.088,0.073,0.005,0.301,1,0.000,0.000,0.000,0,884,0,0
6132,6.806,6.806,6.473,0.076,0.003,0.254,1,0.000,0.000,0.000,0,884,0,0
6133,5.205,5.205,4.787,0.073,0.004,0.342,1,0.000,0.000,0.000,0,884,0,0
6134,5.598,5.598,5.206,0.074,0.007,0.312,1,0.000,0.000,0.000,0,884,0,0
6135,5.419,5.419,5.069,0.075,0.004,0.271,1,0.000,0.000,0.000,0,884,0,0
6136,5.381,5.381,4.933,0.075,0.005,0.369,1,0.000,0.000,0.000,0,884,0,0
6137,5.375,5.375,5.007,0.074,0.005,0.289,1,0.000,0.000,0.000,0,884,0,0
6138,4.755,4.755,4.435,0.073,0.004,0.242,1,0.000,0.000,0.000,0,884,0,0
6139,4.722,4.722,4.298,0.104,0.004,0.317,1,0.000,0.000,0.000,0,884,0,0
6140,4.742,4.742,4.395,0.072,0.004,0.271,1,0.000,0.000,0.000,0,884,0,0
6141,6.214,6.214,5.841,0.075,0.005,0.293,1,0.000,0.000,0.000,0,884,0,0
6142,5.422,5.422,4.993,0.075,0.004,0.350,1,0.000,0.000,0.000,0,884,0,0
6143,5.346,5.346,5.003,0.082,0.005,0.256,1,0.000,0.000,0.000,0,884,0,0
6144,5.475,5.475,5.137,0.075,0.005,0.258,1,0.000,0.000,0.000,0,884,0,0
6145,5.133,5.133,4.655,0.075,0.003,0.399,1,0.000,0.000,0.000,0,884,0,0
6146,5.286,5.286,4.891,0.074,0.005,0.317,1,0.000,0.000,0.000,0,884,0,0
6147,4.697,4.697,4.348,0.074,0.004,0.272,1,0.000,0.000,0.000,0,884,0,0
6148,5.339,5.339,4.896,0.075,0.004,0.362,1,0.000,0.000,0.000,0,884,0,0
6149,5.047,5.047,4.686,0.074,0.005,0.282,1,0.000,0.000,0.000,0,884,0,0
6150,5.857,5.857,5.510,0.076,0.004,0.268,1,0.000,0.000,0.000,0,884,0,0
6151,4.852,4.852,4.429,0.073,0.004,0.346,1,0.000,0.000,0.000,0,884,0,0
6152,5.017,5.017,4.675,0.081,0.005,0.256,1,0.000,0.000,0.000,0,884,0,0
6153,6.083,6.083,5.726,0.075,0.004,0.279,1,0.000,0.000,0.000,0,884,0,0
6154,4.980,4.980,4.549,0.074,0.004,0.353,1,0.000,0.000,0.000,0,884,0,0
6155,5.547,5.547,5.178,0.074,0.004,0.292,1,0.000,0.000,0.000,0,884,0,0
6156,4.839,4.839,4.501,0.074,0.004,0.261,1,0.000,0.000,0.000,0,884,0,0
6157,5.545,5.545,5.109,0.074,0.005,0.356,1,0.000,0.000,0.000,0,884,0,0
6158,5.093,5.093,4.752,0.075,0.004,0.261,1,0.000,0.000,0.000,0,884,0,0
6159,4.891,4.891,4.541,0.074,0.003,0.272,1,0.000,0.000,0.000,0,880,0,0
6160,5.700,5.700,5.189,0.074,0.004,0.433,1,0.000,0.000,0.000,0,344,0,0
6161,6.019,6.019,5.684,0.073,0.003,0.258,1,0.000,0.000,0.000,0,368,0,0
6162,5.279,5.279,4.924,0.077,0.006,0.272,1,0.000,0.000,0.000,0,392,0,0
6163,4.729,4.729,4.306,0.073,0.005,0.345,1,0.000,0.000,0.000,0,416,0,0
6164,4.467,4.467,4.143,0.072,0.004,0.248,1,0.000,0.000,0.000,0,440,0,0
6165,4.417,4.417,4.092,0.072,0.004,0.249,1,0.000,0.000,0.000,0,464,0,0
6166,4.540,4.540,4.157,0.072,0.004,0.307,1,0.000,0.000,0.000,0,488,0,0
6167,4.458,4.458,4.194,0.071,0.003,0.190,1,0.000,0.000,0.000,0,512,0,0
6168,4.432,4.432,4.101,0.102,0.004,0.226,1,0.000,0.000,0.000,0,536,1,0
6169,4.378,4.378,4.083,0.072,0.004,0.220,1,0.000,0.000,0.000,0,560,0,0
6170,4.750,4.750,4.434,0.073,0.004,0.239,1,0.000,0.000,0.000,0,584,0,0
6171,5.343,5.343,5.027,0.073,0.006,0.237,1,0.000,0.000,0.000,0,608,0,0
6172,5.114,5.114,4.694,0.075,0.005,0.341,1,0.000,0.000,0.000,0,632,0,0
6173,4.605,4.605,4.291,0.073,0.004,0.237,1,0.000,0.000,0.000,0,656,0,0
6174,4.475,4.475,4.165,0.073,0.004,0.234,1,0.000,0.000,0.000,0,680,0,0
6175,4.598,4.598,4.217,0.072,0.003,0.306,1,0.000,0.000,0.000,0,704,0,0
6176,4.471,4.471,4.178,0.073,0.003,0.218,1,0.000,0.000,0.000,0,728,0,0
6177,5.057,5.057,4.763,0.082,0.003,0.209,1,0.000,0.000,0.000,0,752,0,0
6178,4.821,4.821,4.488,0.073,0.003,0.257,1,0.000,0.000,0.000,0,776,0,0
6179,4.825,4.825,4.554,0.072,0.003,0.196,1,0.000,0.000,0.000,0,800,0,0
6180,4.571,4.571,4.290,0.072,0.003,0.206,1,0.000,0.000,0.000,0,824,0,0
6181,4.847,4.847,4.492,0.076,0.004,0.274,1,0.000,0.000,0.000,0,848,0,0
6182,4.650,4.650,4.381,0.073,0.003,0.193,1,0.000,0.000,0.000,0,872,0,0
6183,5.019,5.019,4.683,0.073,0.003,0.261,1,0.000,0.000,0.000,0,896,0,0
6184,5.881,5.881,5.503,0.075,0.007,0.296,1,0.000,0.000,0.000,0,916,0,0
6185,5.120,5.120,4.776,0.075,0.003,0.265,1,0.000,0.000,0.000,0,916,0,0
6186,4.744,4.744,4.430,0.073,0.005,0.236,1,0.000,0.000,0.000,0,916,0,0
6187,4.729,4.729,4.367,0.073,0.004,0.286,1,0.000,0.000,0.000,0,916,0,0
6188,5.594,5.594,5.305,0.075,0.004,0.210,1,0.000,0.000,0.000,0,916,0,0
6189,4.865,4.865,4.586,0.073,0.004,0.202,1,0.000,0.000,0.000,0,916,0,0
6190,5.424,5.424,4.943,0.074,0.004,0.403,1,0.000,0.000,0.000,0,916,0,0
6191,4.745,4.745,4.376,0.073,0.004,0.293,1,0.000,0.000,0.000,0,916,0,0
6192,4.703,4.703,4.339,0.074,0.004,0.287,1,0.000,0.000,0.000,0,916,0,0
6193,4.709,4.709,4.253,0.073,0.003,0.379,1,0.000,0.000,0.000,0,916,0,0
6194,4.607,4.607,4.245,0.073,0.003,0.286,1,0.000,0.000,0.000,0,916,0,0
6195,4.592,4.592,4.226,0.073,0.003,0.289,1,0.000,0.000,0.000,0,916,0,0
6196,4.771,4.771,4.320,0.072,0.003,0.375,1,0.000,0.000,0.000,0,916,0,0
6197,4.558,4.558,4.241,0.072,0.003,0.242,1,0.000,0.000,0.000,0,916,0,0
6198,5.544,5.544,5.148,0.075,0.006,0.314,1,0.000,0.000,0.000,0,916,0,0
6199,4.941,4.941,4.625,0.074,0.005,0.238,1,0.000,0.000,0.000,0,916,0,0
6200,4.784,4.784,4.433,0.073,0.004,0.274,1,0.000,0.000,0.000,0,916,0,0
6201,4.767,4.767,4.369,0.074,0.003,0.321,1,0.000,0.000,0.000,0,916,0,0
6202,6.024,6.024,5.679,0.075,0.005,0.264,1,0.000,0.000,0.000,0,916,0,0
6203,5.366,5.366,5.014,0.075,0.005,0.271,1,0.000,0.000,0.000,0,916,0,0
6204,5.143,5.143,4.724,0.073,0.004,0.342,1,0.000,0.000,0.000,0,916,0,0
6205,4.794,4.794,4.340,0.074,0.004,0.376,1,0.000,0.000,0.000,0,916,0,0
6206,4.641,4.641,4.293,0.073,0.003,0.273,1,0.000,0.000,0.000,0,916,0,0
6207,5.355,5.355,4.912,0.075,0.004,0.364,1,0.000,0.000,0.000,0,916,0,0
6208,4.958,4.958,4.597,0.075,0.005,0.281,1,0.000,0.000,0.000,0,916,0,0
6209,4.666,4.666,4.319,0.073,0.003,0.270,1,0.000,0.000,0.000,0,916,0,0
6210,4.717,4.717,4.308,0.073,0.003,0.333,1,0.000,0.000,0.000,0,916,0,0
6211,5.721,5.721,5.380,0.075,0.005,0.262,1,0.000,0.000,0.000,0,916,0,0
6212,6.465,6.465,6.166,0.075,0.005,0.219,1,0.000,0.000,0.000,0,916,0,0
6213,5.690,5.690,5.314,0.076,0.005,0.295,1,0.000,0.000,0.000,0,916,0,0
6214,4.854,4.854,4.570,0.074,0.004,0.206,1,0.000,0.000,0.000,0,916,0,0
6215,4.705,4.705,4.395,0.074,0.004,0.232,1,0.000,0.000,0.000,0,916,0,0
6216,5.112,5.112,4.726,0.076,0.005,0.305,1,0.000,0.000,0.000,0,916,0,0
6217,4.892,4.892,4.556,0.073,0.004,0.259,1,0.000,0.000,0.000,0,912,0,0
6218,4.414,4.414,4.085,0.073,0.003,0.252,1,0.000,0.000,0.000,0,328,0,0
6219,4.605,4.605,4.193,0.072,0.004,0.336,1,0.000,0.000,0.000,0,352,0,0
6220,4.961,4.961,4.573,0.078,0.004,0.305,1,0.000,0.000,0.000,0,376,0,0
6221,4.708,4.708,4.374,0.073,0.005,0.256,1,0.000,0.000,0.000,0,400,0,0
6222,5.807,5.807,5.424,0.075,0.005,0.304,1,0.000,0.000,0.000,0,424,0,0
6223,4.985,4.985,4.685,0.071,0.004,0.225,1,0.000,0.000,0.000,0,448,0,0
6224,4.999,4.999,4.662,0.074,0.006,0.257,1,0.000,0.000,0.000,0,472,0,0
6225,5.626,5.626,5.247,0.073,0.004,0.302,1,0.000,0.000,0.000,0,496,0,0
6226,5.040,5.040,4.775,0.075,0.006,0.184,1,0.000,0.000,0.000,0,516,0,0
6227,4.725,4.725,4.456,0.074,0.004,0.192,1,0.000,0.000,0.000,0,516,0,0
6228,4.443,4.443,4.142,0.073,0.003,0.225,1,0.000,0.000,0.000,0,516,0,0
6229,4.453,4.453,4.224,0.073,0.003,0.152,1,0.000,0.000,0.000,0,516,0,0
6230,4.393,4.393,4.082,0.073,0.004,0.235,1,0.000,0.000,0.000,0,516,0,0
6231,5.501,5.501,5.104,0.074,0.005,0.319,1,0.000,0.000,0.000,0,516,0,0
6232,6.177,6.177,5.860,0.075,0.004,0.238,1,0.000,0.000,0.000,0,516,0,0
6233,4.812,4.812,4.488,0.074,0.004,0.246,1,0.000,0.000,0.000,0,516,0,0
6234,4.696,4.696,4.296,0.073,0.004,0.323,1,0.000,0.000,0.000,0,516,0,0
6235,4.804,4.804,4.493,0.078,0.006,0.227,1,0.000,0.000,0.000,0,516,0,0
6236,5.502,5.502,5.033,0.073,0.004,0.392,1,0.000,0.000,0.000,0,516,0,0
6237,4.577,4.577,4.205,0.079,0.004,0.289,1,0.000,0.000,0.000,0,516,0,0
6238,4.358,4.358,4.080,0.072,0.003,0.203,1,0.000,0.000,0.000,0,516,0,0
6239,4.547,4.547,4.270,0.072,0.003,0.202,1,0.000,0.000,0.000,0,516,0,0
6240,4.502,4.502,4.143,0.072,0.003,0.284,1,0.000,0.000,0.000,0,516,0,0
6241,4.358,4.358,4.096,0.073,0.003,0.185,1,0.000,0.000,0.000,0,516,0,0
6242,4.490,4.490,4.191,0.073,0.005,0.221,1,0.000,0.000,0.000,0,516,0,0
6243,4.418,4.418,4.056,0.072,0.004,0.286,1,0.000,0.000,0.000,0,516,0,0
6244,6.040,6.040,5.700,0.076,0.006,0.258,1,0.000,0.000,0.000,0,516,0,0
6245,5.237,5.237,4.889,0.076,0.005,0.268,1,0.000,0.000,0.000,0,516,0,0
6246,6.005,6.005,5.611,0.077,0.005,0.313,1,0.000,0.000,0.000,0,516,0,0
6247,5.728,5.728,5.418,0.077,0.007,0.226,1,0.000,0.000,0.000,0,516,0,0
6248,4.654,4.654,4.366,0.074,0.004,0.210,1,0.000,0.000,0.000,0,516,0,0
6249,4.851,4.851,4.434,0.073,0.004,0.339,1,0.000,0.000,0.000,0,516,0,0
6250,5.701,5.701,5.282,0.074,0.004,0.340,1,0.000,0.000,0.000,0,516,0,0
6251,6.747,6.747,6.387,0.078,0.002,0.280,1,0.000,0.000,0.000,0,516,0,0
6252,5.174,5.174,4.695,0.074,0.006,0.399,1,0.000,0.000,0.000,0,516,0,0
6253,4.593,4.593,4.222,0.074,0.004,0.293,1,0.000,0.000,0.000,0,516,0,0
6254,4.512,4.512,4.140,0.074,0.004,0.295,1,0.000,0.000,0.000,0,516,0,0
6255,4.647,4.647,4.181,0.073,0.003,0.390,1,0.000,0.000,0.000,0,516,0,0
6256,5.089,5.089,4.692,0.073,0.006,0.319,1,0.000,0.000,0.000,0,516,0,0
6257,4.723,4.723,4.383,0.078,0.003,0.259,1,0.000,0.000,0.000,0,516,0,0
6258,4.676,4.676,4.244,0.072,0.005,0.355,1,0.000,0.000,0.000,0,516,0,0
6259,4.644,4.644,4.263,0.072,0.003,0.305,1,0.000,0.000,0.000,0,512,0,0
6260,4.543,4.543,4.172,0.072,0.003,0.296,1,0.000,0.000,0.000,0,512,0,0
6261,4.510,4.510,4.053,0.072,0.003,0.381,1,0.000,0.000,0.000,0,304,0,0
6262,4.342,4.342,3.991,0.071,0.003,0.277,1,0.000,0.000,0.000,0,304,0,0
6263,4.310,4.310,3.965,0.071,0.003,0.271,1,0.000,0.000,0.000,0,304,0,0
6264,4.858,4.858,4.247,0.070,0.003,0.537,1,0.000,0.000,0.000,0,304,0,0
6265,5.738,5.738,5.379,0.074,0.006,0.280,1,0.000,0.000,0.000,0,304,0,0
6266,4.930,4.930,4.587,0.072,0.004,0.266,1,0.000,0.000,0.000,0,304,0,0
6267,4.630,4.630,4.217,0.072,0.004,0.338,1,0.000,0.000,0.000,0,304,0,0
6268,4.640,4.640,4.320,0.072,0.003,0.245,1,0.000,0.000,0.000,0,304,0,0
6269,4.428,4.428,4.123,0.072,0.004,0.230,1,0.000,0.000,0.000,0,304,0,0
6270,5.661,5.661,5.169,0.073,0.003,0.417,1,0.000,0.000,0.000,0,304,0,0
6271,5.950,5.950,4.273,0.071,0.005,1.602,1,0.000,0.000,0.000,0,304,0,0
6272,6.334,6.334,6.019,0.076,0.008,0.232,1,0.000,0.000,0.000,0,304,0,0
6273,5.058,5.058,4.688,0.073,0.006,0.291,1,0.000,0.000,0.000,0,304,0,0
6274,4.546,4.546,4.252,0.072,0.004,0.218,1,0.000,0.000,0.000,0,304,0,0
6275,4.361,4.361,4.092,0.072,0.004,0.194,1,0.000,0.000,0.000,0,304,0,0
6276,4.394,4.394,4.033,0.070,0.004,0.287,1,0.000,0.000,0.000,0,304,0,0
6277,19.906,19.906,19.602,0.072,0.006,0.227,1,0.000,0.000,0.000,0,296,0,0
6278,5.773,5.773,5.503,0.070,0.005,0.195,1,0.000,0.000,0.000,0,296,0,0
6279,5.818,5.818,5.360,0.070,0.004,0.384,1,0.000,0.000,0.000,0,296,0,0
6280,5.325,5.325,5.002,0.076,0.005,0.241,1,0.000,0.000,0.000,0,296,0,0
6281,5.258,5.258,4.965,0.072,0.004,0.218,1,0.000,0.000,0.000,0,296,0,0
6282,4.744,4.744,4.377,0.071,0.004,0.292,1,0.000,0.000,0.000,0,296,0,0
6283,4.338,4.338,4.045,0.069,0.003,0.221,1,0.000,0.000,0.000,0,296,0,0
6284,4.312,4.312,4.019,0.069,0.003,0.221,1,0.000,0.000,0.000,0,296,0,0
6285,4.497,4.497,4.121,0.069,0.003,0.304,1,0.000,0.000,0.000,0,296,0,0
6286,4.322,4.322,4.043,0.069,0.003,0.208,1,0.000,0.000,0.000,0,296,0,0
6287,4.299,4.299,4.042,0.069,0.003,0.185,1,0.000,0.000,0.000,0,296,0,0
6288,5.348,5.348,5.029,0.071,0.006,0.242,1,0.000,0.000,0.000,0,296,0,0
6289,4.862,4.862,4.598,0.070,0.004,0.191,1,0.000,0.000,0.000,0,296,0,0
6290,5.043,5.043,4.766,0.069,0.004,0.204,1,0.000,0.000,0.000,0,296,0,0
6291,5.119,5.119,4.710,0.071,0.006,0.332,1,0.000,0.000,0.000,0,296,0,0
6292,4.609,4.609,4.294,0.070,0.004,0.241,1,0.000,0.000,0.000,0,296,0,0
6293,4.417,4.417,4.105,0.069,0.003,0.241,1,0.000,0.000,0.000,0,296,0,0
6294,4.973,4.973,4.575,0.070,0.005,0.324,1,0.000,0.000,0.000,0,296,0,0
6295,4.961,4.961,4.640,0.072,0.004,0.245,1,0.000,0.000,0.000,0,364,0,0
6296,4.564,4.564,4.157,0.073,0.004,0.331,1,0.000,0.000,0.000,0,364,0,0
6297,4.428,4.428,4.118,0.071,0.004,0.236,1,0.000,0.000,0.000,0,364,0,0
6298,4.484,4.484,4.169,0.072,0.003,0.239,1,0.000,0.000,0.000,0,364,0,0
6299,5.199,5.199,4.838,0.072,0.004,0.285,1,0.000,0.000,0.000,0,364,0,0
6300,5.778,5.778,5.509,0.075,0.006,0.188,1,0.000,0.000,0.000,0,364,0,0
6301,4.982,4.982,4.730,0.073,0.003,0.176,1,0.000,0.000,0.000,0,364,0,0
6302,5.495,5.495,5.134,0.073,0.004,0.284,1,0.000,0.000,0.000,0,364,0,0
6303,4.752,4.752,4.430,0.073,0.004,0.244,1,0.000,0.000,0.000,0,364,0,0
6304,4.638,4.638,4.266,0.072,0.003,0.297,1,0.000,0.000,0.000,0,364,0,0
6305,5.340,5.340,4.838,0.102,0.003,0.396,1,0.000,0.000,0.000,0,364,0,0
6306,5.110,5.110,4.706,0.075,0.006,0.323,1,0.000,0.000,0.000,0,364,0,0
6307,4.710,4.710,4.325,0.073,0.004,0.308,1,0.000,0.000,0.000,0,364,0,0
6308,5.106,5.106,4.606,0.073,0.004,0.423,1,0.000,0.000,0.000,0,364,0,0
6309,4.682,4.682,4.211,0.073,0.003,0.394,1,0.000,0.000,0.000,0,364,0,0
6310,4.606,4.606,4.178,0.072,0.003,0.352,1,0.000,0.000,0.000,0,364,0,0
6311,4.652,4.652,4.107,0.072,0.003,0.471,1,0.000,0.000,0.000,0,364,0,0
6312,4.503,4.503,4.077,0.072,0.003,0.351,1,0.000,0.000,0.000,0,364,0,0
6313,4.472,4.472,4.051,0.073,0.003,0.345,1,0.000,0.000,0.000,0,364,0,0
6314,4.775,4.775,4.215,0.073,0.003,0.484,1,0.000,0.000,0.000,0,364,0,0
6315,4.539,4.539,4.101,0.072,0.003,0.362,1,0.000,0.000,0.000,0,364,0,0
6316,4.548,4.548,4.131,0.072,0.003,0.341,1,0.000,0.000,0.000,0,364,0,0
6317,4.554,4.554,4.099,0.073,0.003,0.379,1,0.000,0.000,0.000,0,364,0,0
6318,4.893,4.893,4.496,0.082,0.005,0.310,1,0.000,0.000,0.000,0,364,0,0
6319,5.884,5.884,5.484,0.075,0.005,0.321,1,0.000,0.000,0.000,0,364,0,0
6320,5.696,5.696,5.223,0.074,0.006,0.393,1,0.000,0.000,0.000,0,364,0,0
6321,6.110,6.110,5.689,0.148,0.003,0.269,1,0.000,0.000,0.000,0,364,0,0
6322,4.928,4.928,4.525,0.074,0.006,0.323,1,0.000,0.000,0.000,0,364,0,0
6323,5.440,5.440,5.004,0.074,0.005,0.357,1,0.000,0.000,0.000,0,364,0,0
6324,4.605,4.605,4.214,0.073,0.004,0.315,1,0.000,0.000,0.000,0,364,0,0
6325,5.071,5.071,4.709,0.072,0.004,0.285,1,0.000,0.000,0.000,0,364,0,0
6326,5.042,5.042,4.641,0.073,0.004,0.323,1,0.000,0.000,0.000,0,364,0,0
6327,4.661,4.661,4.343,0.074,0.004,0.240,1,0.000,0.000,0.000,0,364,0,0
6328,4.935,4.935,4.640,0.075,0.004,0.215,1,0.000,0.000,0.000,0,364,0,0
6329,5.305,5.305,4.925,0.073,0.004,0.303,1,0.000,0.000,0.000,0,364,0,0
6330,6.122,6.122,5.793,0.074,0.006,0.250,1,0.000,0.000,0.000,0,364,0,0
6331,5.452,5.452,5.128,0.075,0.006,0.243,1,0.000,0.000,0.000,0,364,0,0
6332,5.667,5.667,5.253,0.108,0.005,0.301,1,0.000,0.000,0.000,0,364,1,0
6333,4.807,4.807,4.515,0.073,0.004,0.214,1,0.000,0.000,0.000,0,364,0,0
6334,4.664,4.664,4.320,0.073,0.004,0.266,1,0.000,0.000,0.000,0,364,0,0
6335,5.117,5.117,4.671,0.076,0.005,0.364,1,0.000,0.000,0.000,0,364,0,0
6336,4.895,4.895,4.567,0.075,0.003,0.251,1,0.000,0.000,0.000,0,364,0,0
6337,4.973,4.973,4.621,0.073,0.004,0.274,1,0.000,0.000,0.000,0,364,0,0
6338,5.130,5.130,4.591,0.072,0.004,0.463,1,0.000,0.000,0.000,0,364,0,0
6339,5.607,5.607,5.184,0.073,0.004,0.345,1,0.000,0.000,0.000,0,364,0,0
6340,4.862,4.862,4.432,0.072,0.003,0.354,1,0.000,0.000,0.000,0,364,0,0
6341,5.479,5.479,4.931,0.073,0.004,0.471,1,0.000,0.000,0.000,0,364,0,0
6342,4.766,4.766,4.339,0.072,0.003,0.351,1,0.000,0.000,0.000,0,364,0,0
6343,4.764,4.764,4.338,0.072,0.004,0.350,1,0.000,0.000,0.000,0,364,0,0
6344,4.894,4.894,4.356,0.072,0.004,0.461,1,0.000,0.000,0.000,0,364,0,0
6345,5.250,5.250,4.741,0.072,0.003,0.434,1,0.000,0.000,0.000,0,364,0,0
6346,5.860,5.860,5.434,0.075,0.007,0.344,1,0.000,0.000,0.000,0,364,0,0
6347,5.101,5.101,4.634,0.076,0.004,0.387,1,0.000,0.000,0.000,0,364,0,0
6348,6.232,6.232,5.869,0.074,0.004,0.285,1,0.000,0.000,0.000,0,364,0,0
6349,6.127,6.127,5.730,0.074,0.004,0.318,1,0.000,0.000,0.000,0,364,0,0
6350,5.885,5.885,5.337,0.075,0.006,0.467,1,0.000,0.000,0.000,0,364,0,0
6351,5.699,5.699,5.304,0.074,0.004,0.316,1,0.000,0.000,0.000,0,364,0,0
6352,4.944,4.944,4.550,0.073,0.004,0.317,1,0.000,0.000,0.000,0,364,0,0
6353,5.210,5.210,4.627,0.073,0.004,0.506,1,0.000,0.000,0.000,0,364,0,0
6354,6.010,6.010,5.539,0.073,0.005,0.393,1,0.000,0.000,0.000,0,364,0,0
6355,5.509,5.509,5.074,0.074,0.005,0.357,1,0.000,0.000,0.000,0,364,0,0
6356,6.477,6.477,5.761,0.074,0.005,0.638,1,0.000,0.000,0.000,0,364,0,0
6357,5.594,5.594,5.137,0.074,0.005,0.378,1,0.000,0.000,0.000,0,364,0,0
6358,5.075,5.075,4.658,0.073,0.004,0.341,1,0.000,0.000,0.000,0,364,0,0
6359,5.787,5.787,5.282,0.074,0.005,0.425,1,0.000,0.000,0.000,0,364,0,0
6360,5.740,5.740,5.345,0.090,0.004,0.301,1,0.000,0.000,0.000,0,364,0,0
6361,5.213,5.213,4.840,0.073,0.004,0.296,1,0.000,0.000,0.000,0,364,0,0
6362,5.375,5.375,4.835,0.072,0.003,0.464,1,0.000,0.000,0.000,0,364,0,0
6363,4.987,4.987,4.534,0.072,0.004,0.378,1,0.000,0.000,0.000,0,364,0,0
6364,4.944,4.944,4.466,0.073,0.003,0.402,1,0.000,0.000,0.000,0,364,0,0
6365,5.069,5.069,4.431,0.072,0.003,0.563,1,0.000,0.000,0.000,0,364,0,0
6366,5.563,5.563,4.914,0.189,0.006,0.454,1,0.000,0.000,0.000,0,364,0,0
6367,5.795,5.795,5.332,0.072,0.004,0.387,1,0.000,0.000,0.000,0,364,0,0
6368,6.119,6.119,5.366,0.074,0.006,0.673,1,0.000,0.000,0.000,0,364,0,0
6369,5.164,5.164,4.695,0.074,0.004,0.391,1,0.000,0.000,0.000,0,364,0,0
6370,4.950,4.950,4.503,0.073,0.004,0.371,1,0.000,0.000,0.000,0,364,0,0
6371,6.060,6.060,5.377,0.072,0.003,0.608,1,0.000,0.000,0.000,0,364,0,0
6372,4.987,4.987,4.515,0.072,0.003,0.397,1,0.000,0.000,0.000,0,364,0,0
6373,6.006,6.006,5.519,0.075,0.003,0.409,1,0.000,0.000,0.000,0,364,0,0
6374,5.732,5.732,5.106,0.077,0.004,0.545,1,0.000,0.000,0.000,0,364,0,0
6375,5.797,5.797,5.294,0.079,0.005,0.419,1,0.000,0.000,0.000,0,364,0,0
6376,6.211,6.211,5.762,0.073,0.004,0.372,1,0.000,0.000,0.000,0,364,0,0
6377,6.226,6.226,5.707,0.074,0.003,0.443,1,0.000,0.000,0.000,0,364,0,0
6378,5.670,5.670,5.211,0.076,0.006,0.377,1,0.000,0.000,0.000,0,364,0,0
6379,7.381,7.381,6.952,0.075,0.005,0.350,1,0.000,0.000,0.000,0,364,0,0
6380,5.583,5.583,5.079,0.075,0.005,0.423,1,0.000,0.000,0.000,0,364,0,0
6381,4.866,4.866,4.528,0.074,0.004,0.260,1,0.000,0.000,0.000,0,364,0,0
6382,4.818,4.818,4.489,0.072,0.004,0.253,1,0.000,0.000,0.000,0,364,0,0
6383,5.897,5.897,5.433,0.076,0.007,0.381,1,0.000,0.000,0.000,0,364,0,0
6384,7.047,7.047,6.696,0.077,0.003,0.271,1,0.000,0.000,0.000,0,364,0,0
6385,6.222,6.222,5.793,0.073,0.006,0.350,1,0.000,0.000,0.000,0,364,0,0
6386,5.702,5.702,5.220,0.074,0.007,0.401,1,0.000,0.000,0.000,0,364,0,0
6387,5.053,5.053,4.712,0.074,0.004,0.263,1,0.000,0.000,0.000,0,364,0,0
6388,4.851,4.851,4.514,0.073,0.003,0.261,1,0.000,0.000,0.000,0,364,0,0
6389,6.496,6.496,6.061,0.078,0.003,0.355,1,0.000,0.000,0.000,0,364,0,0
6390,5.294,5.294,4.954,0.073,0.004,0.263,1,0.000,0.000,0.000,0,364,0,0
6391,4.973,4.973,4.634,0.073,0.005,0.262,1,0.000,0.000,0.000,0,364,0,0
6392,4.971,4.971,4.549,0.073,0.004,0.345,1,0.000,0.000,0.000,0,364,0,0
6393,4.923,4.923,4.553,0.073,0.004,0.294,1,0.000,0.000,0.000,0,364,0,0
6394,5.016,5.016,4.626,0.074,0.003,0.312,1,0.000,0.000,0.000,0,364,0,0
6395,4.917,4.917,4.511,0.073,0.003,0.329,1,0.000,0.000,0.000,0,364,0,0
6396,4.750,4.750,4.434,0.073,0.003,0.240,1,0.000,0.000,0.000,0,364,0,0
6397,5.195,5.195,4.780,0.077,0.007,0.331,1,0.000,0.000,0.000,0,364,0,0
6398,6.466,6.466,6.077,0.091,0.004,0.294,1,0.000,0.000,0.000,0,364,0,0
6399,5.436,5.436,5.123,0.074,0.005,0.234,1,0.000,0.000,0.000,0,364,0,0
6400,6.725,6.725,6.306,0.075,0.005,0.339,1,0.000,0.000,0.000,0,364,0,0
6401,5.187,5.187,4.849,0.074,0.004,0.261,1,0.000,0.000,0.000,0,364,0,0
6402,7.738,7.738,7.374,0.075,0.006,0.283,1,0.000,0.000,0.000,0,364,0,0
6403,6.079,6.079,5.639,0.075,0.005,0.360,1,0.000,0.000,0.000,0,364,0,0
6404,5.307,5.307,4.986,0.074,0.004,0.243,1,0.000,0.000,0.000,0,364,0,0
6405,4.917,4.917,4.635,0.074,0.003,0.204,1,0.000,0.000,0.000,0,364,0,0
6406,4.821,4.821,4.511,0.074,0.003,0.233,1,0.000,0.000,0.000,0,364,0,0
6407,5.816,5.816,5.534,0.076,0.005,0.200,1,0.000,0.000,0.000,0,364,0,0
6408,6.149,6.149,5.887,0.074,0.005,0.183,1,0.000,0.000,0.000,0,364,0,0
6409,5.353,5.353,5.024,0.074,0.005,0.249,1,0.000,0.000,0.000,0,364,0,0
6410,5.627,5.627,5.364,0.074,0.004,0.184,1,0.000,0.000,0.000,0,364,0,0
6411,4.962,4.962,4.700,0.073,0.004,0.185,1,0.000,0.000,0.000,0,364,0,0
6412,5.681,5.681,5.360,0.074,0.004,0.243,1,0.000,0.000,0.000,0,364,0,0
6413,6.312,6.312,5.938,0.075,0.007,0.292,1,0.000,0.000,0.000,0,364,0,0
6414,6.343,6.343,6.032,0.075,0.005,0.231,1,0.000,0.000,0.000,0,364,0,0
6415,5.356,5.356,4.989,0.074,0.004,0.289,1,0.000,0.000,0.000,0,364,0,0
6416,5.630,5.630,5.332,0.074,0.004,0.220,1,0.000,0.000,0.000,0,364,0,0
6417,4.988,4.988,4.694,0.072,0.003,0.219,1,0.000,0.000,0.000,0,364,0,0
6418,5.106,5.106,4.743,0.072,0.003,0.288,1,0.000,0.000,0.000,0,364,0,0
6419,5.667,5.667,5.359,0.073,0.004,0.232,1,0.000,0.000,0.000,0,364,0,0
6420,6.601,6.601,6.292,0.092,0.004,0.213,1,0.000,0.000,0.000,0,364,0,0
6421,5.949,5.949,5.570,0.076,0.006,0.297,1,0.000,0.000,0.000,0,364,0,0
6422,5.097,5.097,4.820,0.071,0.004,0.201,1,0.000,0.000,0.000,0,296,0,0
6423,5.020,5.020,4.582,0.072,0.004,0.362,1,0.000,0.000,0.000,0,296,0,0
6424,4.984,4.984,4.494,0.071,0.003,0.416,1,0.000,0.000,0.000,0,296,0,0
6425,6.128,6.128,5.755,0.072,0.006,0.295,1,0.000,0.000,0.000,0,296,0,0
6426,5.283,5.283,4.907,0.071,0.004,0.301,1,0.000,0.000,0.000,0,296,0,0
6427,5.062,5.062,4.590,0.071,0.004,0.397,1,0.000,0.000,0.000,0,296,0,0
6428,5.794,5.794,5.306,0.079,0.007,0.402,1,0.000,0.000,0.000,0,296,0,0
6429,6.476,6.476,6.123,0.072,0.004,0.277,1,0.000,0.000,0.000,0,296,0,0
6430,5.757,5.757,5.293,0.071,0.003,0.389,1,0.000,0.000,0.000,0,296,0,0
6431,6.204,6.204,5.852,0.071,0.004,0.277,1,0.000,0.000,0.000,0,296,0,0
6432,4.925,4.925,4.572,0.071,0.004,0.278,1,0.000,0.000,0.000,0,296,0,0
6433,4.884,4.884,4.412,0.092,0.004,0.376,1,0.000,0.000,0.000,0,296,0,0
6434,5.023,5.023,4.646,0.071,0.004,0.302,1,0.000,0.000,0.000,0,296,0,0
6435,4.843,4.843,4.507,0.072,0.004,0.260,1,0.000,0.000,0.000,0,296,0,0
6436,4.804,4.804,4.419,0.071,0.003,0.311,1,0.000,0.000,0.000,0,296,0,0
6437,6.164,6.164,5.824,0.088,0.004,0.248,1,0.000,0.000,0.000,0,296,0,0
6438,6.311,6.311,5.936,0.075,0.007,0.293,1,0.000,0.000,0.000,0,296,0,0
6439,5.254,5.254,4.869,0.071,0.005,0.309,1,0.000,0.000,0.000,0,296,0,0
6440,4.884,4.884,4.602,0.072,0.003,0.207,1,0.000,0.000,0.000,0,296,0,0
6441,4.796,4.796,4.518,0.071,0.004,0.204,1,0.000,0.000,0.000,0,296,0,0
6442,4.791,4.791,4.437,0.071,0.003,0.280,1,0.000,0.000,0.000,0,296,0,0
6443,5.308,5.308,4.922,0.070,0.005,0.310,1,0.000,0.000,0.000,0,296,0,0
6444,5.251,5.251,4.912,0.072,0.004,0.263,1,0.000,0.000,0.000,0,296,0,0
6445,5.836,5.836,5.161,0.071,0.006,0.598,1,0.000,0.000,0.000,0,296,0,0
6446,4.841,4.841,4.548,0.071,0.004,0.218,1,0.000,0.000,0.000,0,296,0,0
6447,4.671,4.671,4.351,0.094,0.004,0.223,1,0.000,0.000,0.000,0,296,0,0
6448,5.951,5.951,5.608,0.073,0.005,0.265,1,0.000,0.000,0.000,0,296,0,0
6449,5.472,5.472,5.198,0.072,0.005,0.197,1,0.000,0.000,0.000,0,296,0,0
6450,6.170,6.170,5.931,0.071,0.004,0.164,1,0.000,0.000,0.000,0,296,0,0
6451,5.422,5.422,5.126,0.073,0.005,0.217,1,0.000,0.000,0.000,0,296,0,0
6452,4.808,4.808,4.558,0.072,0.003,0.175,1,0.000,0.000,0.000,0,296,0,0
6453,11.696,11.696,11.422,0.072,0.004,0.198,1,0.000,0.000,0.000,0,296,0,0
6454,5.367,5.367,5.033,0.074,0.003,0.258,1,0.000,0.000,0.000,0,296,0,0
6455,7.347,7.347,7.080,0.071,0.004,0.193,1,0.000,0.000,0.000,0,300,0,0
6456,5.306,5.306,5.043,0.071,0.004,0.187,1,0.000,0.000,0.000,0,300,0,0
6457,5.975,5.975,5.561,0.075,0.006,0.332,1,0.000,0.000,0.000,0,300,0,0
6458,4.998,4.998,4.654,0.072,0.003,0.269,1,0.000,0.000,0.000,0,300,0,0
6459,4.783,4.783,4.474,0.071,0.004,0.234,1,0.000,0.000,0.000,0,300,0,0
6460,6.143,6.143,5.784,0.072,0.004,0.283,1,0.000,0.000,0.000,0,300,0,0
6461,5.264,5.264,4.987,0.071,0.003,0.202,1,0.000,0.000,0.000,0,300,0,0
6462,5.178,5.178,4.875,0.073,0.005,0.225,1,0.000,0.000,0.000,0,300,0,0
6463,4.844,4.844,4.493,0.073,0.003,0.275,1,0.000,0.000,0.000,0,300,0,0
6464,6.033,6.033,5.729,0.072,0.004,0.227,1,0.000,0.000,0.000,0,300,0,0
6465,5.181,5.181,4.922,0.071,0.005,0.182,1,0.000,0.000,0.000,0,300,0,0
6466,5.688,5.688,5.366,0.075,0.006,0.241,1,0.000,0.000,0.000,0,324,0,0
6467,6.055,6.055,5.796,0.073,0.004,0.183,1,0.000,0.000,0.000,0,348,0,0
6468,4.741,4.741,4.504,0.073,0.004,0.161,1,0.000,0.000,0.000,0,372,0,0
6469,4.678,4.678,4.376,0.072,0.004,0.227,1,0.000,0.000,0.000,0,396,0,0
6470,5.353,5.353,5.108,0.073,0.005,0.167,1,0.000,0.000,0.000,0,420,0,0
6471,5.235,5.235,4.984,0.075,0.005,0.172,1,0.000,0.000,0.000,0,428,0,0
6472,5.594,5.594,5.253,0.072,0.004,0.264,1,0.000,0.000,0.000,0,452,0,0
6473,5.269,5.269,4.976,0.073,0.004,0.217,1,0.000,0.000,0.000,0,476,0,0
6474,6.406,6.406,6.134,0.078,0.003,0.191,1,0.000,0.000,0.000,0,488,0,0
6475,5.602,5.602,5.258,0.073,0.004,0.267,1,0.000,0.000,0.000,0,488,0,0
6476,5.820,5.820,5.550,0.077,0.006,0.187,1,0.000,0.000,0.000,0,488,0,0
6477,4.869,4.869,4.642,0.075,0.004,0.148,1,0.000,0.000,0.000,0,488,0,0
6478,4.934,4.934,4.657,0.074,0.003,0.200,1,0.000,0.000,0.000,0,488,0,0
6479,5.453,5.453,5.229,0.074,0.005,0.145,1,0.000,0.000,0.000,0,488,0,0
6480,5.322,5.322,5.084,0.074,0.004,0.160,1,0.000,0.000,0.000,0,488,0,0
6481,5.415,5.415,5.064,0.075,0.004,0.273,1,0.000,0.000,0.000,0,488,0,0
6482,4.866,4.866,4.575,0.074,0.004,0.214,1,0.000,0.000,0.000,0,488,0,0
6483,5.921,5.921,5.605,0.074,0.005,0.237,1,0.000,0.000,0.000,0,488,0,0
6484,6.403,6.403,6.000,0.074,0.004,0.325,1,0.000,0.000,0.000,0,488,0,0
6485,5.877,5.877,5.576,0.073,0.004,0.223,1,0.000,0.000,0.000,0,488,0,0
6486,5.504,5.504,5.174,0.075,0.005,0.249,1,0.000,0.000,0.000,0,488,0,0
6487,5.461,5.461,5.021,0.074,0.005,0.362,1,0.000,0.000,0.000,0,488,0,0
6488,5.315,5.315,5.006,0.074,0.004,0.231,1,0.000,0.000,0.000,0,488,0,0
6489,5.336,5.336,5.056,0.074,0.004,0.203,1,0.000,0.000,0.000,0,488,0,0
6490,5.464,5.464,5.096,0.074,0.006,0.288,1,0.000,0.000,0.000,0,488,0,0
6491,5.950,5.950,5.653,0.074,0.004,0.219,1,0.000,0.000,0.000,0,488,0,0
6492,6.470,6.470,6.192,0.076,0.003,0.199,1,0.000,0.000,0.000,0,488,0,0
6493,6.038,6.038,5.642,0.075,0.006,0.314,1,0.000,0.000,0.000,0,488,0,0
6494,5.012,5.012,4.731,0.074,0.004,0.203,1,0.000,0.000,0.000,0,488,0,0
6495,5.611,5.611,5.343,0.074,0.005,0.189,1,0.000,0.000,0.000,0,488,0,0
6496,5.332,5.332,5.025,0.074,0.005,0.228,1,0.000,0.000,0.000,0,488,0,0
6497,5.533,5.533,5.271,0.074,0.004,0.183,1,0.000,0.000,0.000,0,488,0,0
6498,5.459,5.459,5.167,0.075,0.005,0.212,1,0.000,0.000,0.000,0,488,0,0
6499,4.748,4.748,4.556,0.074,0.003,0.114,1,0.000,0.000,0.000,0,488,0,0
6500,6.084,6.084,5.885,0.083,0.004,0.112,1,0.000,0.000,0.000,0,488,0,0
6501,5.398,5.398,5.175,0.076,0.004,0.144,1,0.000,0.000,0.000,0,488,0,0
6502,5.875,5.875,5.573,0.075,0.005,0.222,1,0.000,0.000,0.000,0,488,0,0
6503,5.656,5.656,5.343,0.073,0.006,0.233,1,0.000,0.000,0.000,0,488,0,0
6504,5.898,5.898,5.535,0.074,0.005,0.284,1,0.000,0.000,0.000,0,488,0,0
6505,4.835,4.835,4.528,0.074,0.003,0.230,1,0.000,0.000,0.000,0,488,0,0
6506,5.424,5.424,5.130,0.075,0.005,0.214,1,0.000,0.000,0.000,0,488,0,0
6507,5.388,5.388,5.006,0.073,0.004,0.304,1,0.000,0.000,0.000,0,484,0,0
6508,4.870,4.870,4.557,0.072,0.003,0.237,1,0.000,0.000,0.000,0,484,0,0
6509,5.410,5.410,5.105,0.072,0.004,0.229,1,0.000,0.000,0.000,0,296,0,0
6510,5.369,5.369,4.987,0.071,0.004,0.307,1,0.000,0.000,0.000,0,296,0,0
6511,4.895,4.895,4.603,0.071,0.003,0.218,1,0.000,0.000,0.000,0,296,0,0
6512,4.829,4.829,4.526,0.070,0.003,0.230,1,0.000,0.000,0.000,0,296,0,0
6513,5.043,5.043,4.638,0.071,0.004,0.331,1,0.000,0.000,0.000,0,296,0,0
6514,4.753,4.753,4.436,0.070,0.004,0.244,1,0.000,0.000,0.000,0,296,0,0
6515,4.751,4.751,4.437,0.070,0.003,0.240,1,0.000,0.000,0.000,0,296,0,0
6516,5.960,5.960,5.575,0.073,0.006,0.306,1,0.000,0.000,0.000,0,296,0,0
6517,5.204,5.204,4.842,0.071,0.004,0.287,1,0.000,0.000,0.000,0,296,0,0
6518,4.691,4.691,4.418,0.072,0.003,0.198,1,0.000,0.000,0.000,0,296,0,0
6519,6.457,6.457,6.081,0.098,0.005,0.273,1,0.000,0.000,0.000,0,296,0,0
6520,6.298,6.298,6.036,0.071,0.004,0.188,1,0.000,0.000,0.000,0,296,0,0
6521,5.462,5.462,5.195,0.071,0.004,0.192,1,0.000,0.000,0.000,0,296,0,0
6522,5.309,5.309,4.985,0.070,0.004,0.250,1,0.000,0.000,0.000,0,296,0,0
6523,5.779,5.779,5.472,0.075,0.007,0.225,1,0.000,0.000,0.000,0,296,0,0
6524,4.868,4.868,4.599,0.071,0.004,0.194,1,0.000,0.000,0.000,0,296,0,0
6525,5.194,5.194,4.885,0.073,0.004,0.232,1,0.000,0.000,0.000,0,296,0,0
6526,5.795,5.795,5.546,0.071,0.004,0.173,1,0.000,0.000,0.000,0,296,0,0
6527,4.834,4.834,4.580,0.071,0.003,0.180,1,0.000,0.000,0.000,0,296,0,0
6528,4.742,4.742,4.509,0.070,0.005,0.159,1,0.000,0.000,0.000,0,296,0,0
6529,4.473,4.473,4.301,0.070,0.003,0.099,1,0.000,0.000,0.000,0,296,0,0
6530,4.394,4.394,4.222,0.070,0.003,0.099,1,0.000,0.000,0.000,0,296,0,0
6531,4.460,4.460,4.257,0.070,0.003,0.130,1,0.000,0.000,0.000,0,296,0,0
6532,4.362,4.362,4.116,0.070,0.003,0.173,1,0.000,0.000,0.000,0,296,0,0
6533,4.321,4.321,4.124,0.070,0.003,0.124,1,0.000,0.000,0.000,0,296,0,0
6534,4.371,4.371,4.135,0.070,0.003,0.163,1,0.000,0.000,0.000,0,296,0,0
6535,4.287,4.287,4.089,0.070,0.003,0.125,1,0.000,0.000,0.000,0,296,0,0
6536,5.756,5.756,5.559,0.069,0.003,0.125,1,0.000,0.000,0.000,0,296,0,0
6537,4.707,4.707,4.469,0.070,0.003,0.165,1,0.000,0.000,0.000,0,296,0,0
6538,4.462,4.462,4.256,0.071,0.003,0.132,1,0.000,0.000,0.000,0,296,0,0
6539,4.555,4.555,4.352,0.070,0.003,0.129,1,0.000,0.000,0.000,0,296,0,0
6540,5.386,5.386,5.171,0.073,0.007,0.135,1,0.000,0.000,0.000,0,296,0,0
6541,5.877,5.877,5.719,0.070,0.004,0.084,1,0.000,0.000,0.000,0,296,0,0
6542,5.600,5.600,5.283,0.074,0.006,0.237,1,0.000,0.000,0.000,0,296,0,0
6543,4.860,4.860,4.481,0.070,0.004,0.304,1,0.000,0.000,0.000,0,296,0,0
6544,4.573,4.573,4.281,0.071,0.003,0.217,1,0.000,0.000,0.000,0,296,0,0
6545,4.456,4.456,4.166,0.070,0.004,0.217,1,0.000,0.000,0.000,0,296,0,0
6546,4.744,4.744,4.357,0.070,0.003,0.314,1,0.000,0.000,0.000,0,296,0,0
6547,4.599,4.599,4.194,0.070,0.004,0.331,1,0.000,0.000,0.000,0,296,0,0
6548,4.464,4.464,4.124,0.070,0.003,0.267,1,0.000,0.000,0.000,0,296,0,0
6549,5.415,5.415,4.712,0.071,0.003,0.629,1,0.000,0.000,0.000,0,296,0,0
6550,4.752,4.752,4.338,0.069,0.005,0.340,1,0.000,0.000,0.000,0,296,0,0
6551,6.324,6.324,5.905,0.080,0.005,0.334,1,0.000,0.000,0.000,0,296,0,0
6552,5.685,5.685,5.161,0.070,0.005,0.450,1,0.000,0.000,0.000,0,296,0,0
6553,5.072,5.072,4.628,0.071,0.005,0.369,1,0.000,0.000,0.000,0,296,0,0
6554,4.724,4.724,4.322,0.071,0.003,0.328,1,0.000,0.000,0.000,0,296,0,0
6555,5.634,5.634,5.004,0.070,0.004,0.557,1,0.000,0.000,0.000,0,296,0,0
6556,5.760,5.760,5.365,0.075,0.006,0.315,1,0.000,0.000,0.000,0,296,0,0
6557,5.314,5.314,4.901,0.071,0.004,0.337,1,0.000,0.000,0.000,0,296,0,0
6558,5.183,5.183,4.724,0.073,0.005,0.381,1,0.000,0.000,0.000,0,296,0,0
6559,5.511,5.511,5.172,0.071,0.004,0.265,1,0.000,0.000,0.000,0,296,0,0
6560,5.321,5.321,4.974,0.070,0.004,0.273,1,0.000,0.000,0.000,0,296,0,0
6561,6.208,6.208,5.655,0.073,0.006,0.474,1,0.000,0.000,0.000,0,296,0,0
6562,4.772,4.772,4.414,0.071,0.004,0.283,1,0.000,0.000,0.000,0,296,0,0
6563,5.111,5.111,4.812,0.071,0.003,0.225,1,0.000,0.000,0.000,0,296,0,0
6564,4.523,4.523,4.192,0.070,0.004,0.258,1,0.000,0.000,0.000,0,296,0,0
6565,4.410,4.410,4.150,0.070,0.003,0.187,1,0.000,0.000,0.000,0,296,0,0
6566,4.365,4.365,4.106,0.070,0.003,0.187,1,0.000,0.000,0.000,0,296,0,0
6567,4.466,4.466,4.183,0.070,0.003,0.210,1,0.000,0.000,0.000,0,296,0,0
6568,4.343,4.343,4.124,0.070,0.003,0.146,1,0.000,0.000,0.000,0,296,0,0
6569,5.875,5.875,5.655,0.071,0.005,0.144,1,0.000,0.000,0.000,0,296,0,0
6570,5.148,5.148,4.866,0.071,0.005,0.206,1,0.000,0.000,0.000,0,296,0,0
6571,4.583,4.583,4.345,0.072,0.003,0.163,1,0.000,0.000,0.000,0,296,0,0
6572,4.500,4.500,4.233,0.071,0.003,0.192,1,0.000,0.000,0.000,0,296,0,0
6573,4.485,4.485,4.144,0.070,0.003,0.267,1,0.000,0.000,0.000,0,296,0,0
6574,4.327,4.327,4.075,0.070,0.003,0.179,1,0.000,0.000,0.000,0,296,0,0
6575,4.439,4.439,4.186,0.069,0.004,0.179,1,0.000,0.000,0.000,0,296,0,0
6576,6.053,6.053,5.692,0.069,0.003,0.288,1,0.000,0.000,0.000,0,296,0,0
6577,5.396,5.396,4.943,0.072,0.004,0.377,1,0.000,0.000,0.000,0,296,0,0
6578,4.617,4.617,4.337,0.070,0.004,0.207,1,0.000,0.000,0.000,0,296,0,0
6579,4.520,4.520,4.184,0.070,0.003,0.263,1,0.000,0.000,0.000,0,296,0,0
6580,4.704,4.704,4.358,0.138,0.005,0.202,1,0.000,0.000,0.000,0,296,0,0
6581,6.397,6.397,6.087,0.108,0.004,0.198,1,0.000,0.000,0.000,0,296,1,0
6582,5.625,5.625,5.263,0.085,0.005,0.272,1,0.000,0.000,0.000,0,296,0,0
6583,4.792,4.792,4.517,0.070,0.004,0.199,1,0.000,0.000,0.000,0,296,0,0
6584,4.458,4.458,4.209,0.070,0.003,0.175,1,0.000,0.000,0.000,0,296,0,0
6585,4.553,4.553,4.210,0.069,0.003,0.270,1,0.000,0.000,0.000,0,296,0,0
6586,4.547,4.547,4.252,0.069,0.004,0.222,1,0.000,0.000,0.000,0,296,0,0
6587,4.463,4.463,4.167,0.069,0.003,0.224,1,0.000,0.000,0.000,0,296,0,0
6588,4.535,4.535,4.166,0.069,0.003,0.297,1,0.000,0.000,0.000,0,296,0,0
6589,6.039,6.039,5.719,0.075,0.007,0.238,1,0.000,0.000,0.000,0,296,0,0
6590,6.230,6.230,5.944,0.071,0.006,0.209,1,0.000,0.000,0.000,0,296,0,0
6591,5.337,5.337,4.902,0.070,0.004,0.360,1,0.000,0.000,0.000,0,296,0,0
6592,5.533,5.533,5.167,0.073,0.006,0.287,1,0.000,0.000,0.000,0,296,0,0
6593,4.765,4.765,4.413,0.071,0.004,0.277,1,0.000,0.000,0.000,0,296,0,0
6594,4.753,4.753,4.316,0.070,0.004,0.363,1,0.000,0.000,0.000,0,296,0,0
6595,5.012,5.012,4.693,0.076,0.005,0.238,1,0.000,0.000,0.000,0,296,0,0
6596,5.072,5.072,4.704,0.071,0.005,0.292,1,0.000,0.000,0.000,0,296,0,0
6597,5.022,5.022,4.707,0.071,0.005,0.239,1,0.000,0.000,0.000,0,296,0,0
6598,4.555,4.555,4.243,0.071,0.004,0.238,1,0.000,0.000,0.000,0,296,0,0
6599,5.696,5.696,5.300,0.072,0.004,0.320,1,0.000,0.000,0.000,0,296,0,0
6600,5.896,5.896,5.535,0.072,0.006,0.282,1,0.000,0.000,0.000,0,296,0,0
6601,4.904,4.904,4.501,0.071,0.004,0.328,1,0.000,0.000,0.000,0,296,0,0
6602,5.109,5.109,4.520,0.072,0.004,0.514,1,0.000,0.000,0.000,0,296,0,0
6603,4.663,4.663,4.199,0.070,0.003,0.390,1,0.000,0.000,0.000,0,296,0,0
6604,4.607,4.607,4.152,0.070,0.003,0.381,1,0.000,0.000,0.000,0,296,0,0
6605,5.510,5.510,4.916,0.071,0.006,0.517,1,0.000,0.000,0.000,0,296,0,0
6606,5.188,5.188,4.662,0.072,0.004,0.450,1,0.000,0.000,0.000,0,296,0,0
6607,4.669,4.669,4.228,0.070,0.003,0.368,1,0.000,0.000,0.000,0,296,0,0
6608,5.106,5.106,4.547,0.070,0.004,0.484,1,0.000,0.000,0.000,0,296,0,0
6609,4.768,4.768,4.319,0.069,0.005,0.374,1,0.000,0.000,0.000,0,296,0,0
6610,4.653,4.653,4.206,0.070,0.003,0.374,1,0.000,0.000,0.000,0,296,0,0
6611,4.681,4.681,4.135,0.070,0.003,0.473,1,0.000,0.000,0.000,0,296,0,0
6612,4.620,4.620,4.182,0.069,0.004,0.365,1,0.000,0.000,0.000,0,296,0,0
6613,4.589,4.589,4.167,0.070,0.003,0.348,1,0.000,0.000,0.000,0,296,0,0
6614,5.723,5.723,5.247,0.073,0.006,0.398,1,0.000,0.000,0.000,0,296,0,0
6615,5.576,5.576,5.175,0.071,0.004,0.326,1,0.000,0.000,0.000,0,296,0,0
6616,4.859,4.859,4.519,0.070,0.003,0.266,1,0.000,0.000,0.000,0,296,0,0
6617,4.692,4.692,4.295,0.069,0.004,0.324,1,0.000,0.000,0.000,0,296,0,0
6618,4.521,4.521,4.218,0.069,0.003,0.231,1,0.000,0.000,0.000,0,296,0,0
6619,5.561,5.561,5.235,0.072,0.006,0.248,1,0.000,0.000,0.000,0,296,0,0
6620,5.339,5.339,5.048,0.072,0.004,0.215,1,0.000,0.000,0.000,0,296,0,0
6621,5.391,5.391,5.062,0.072,0.005,0.252,1,0.000,0.000,0.000,0,296,0,0
6622,5.886,5.886,5.600,0.071,0.005,0.210,1,0.000,0.000,0.000,0,296,0,0
6623,5.200,5.200,4.846,0.071,0.005,0.278,1,0.000,0.000,0.000,0,296,0,0
6624,4.609,4.609,4.315,0.070,0.004,0.220,1,0.000,0.000,0.000,0,296,0,0
6625,4.463,4.463,4.164,0.070,0.004,0.224,1,0.000,0.000,0.000,0,296,0,0
6626,4.553,4.553,4.182,0.069,0.003,0.299,1,0.000,0.000,0.000,0,296,0,0
6627,4.570,4.570,4.258,0.069,0.004,0.239,1,0.000,0.000,0.000,0,296,0,0
6628,4.483,4.483,4.178,0.070,0.003,0.232,1,0.000,0.000,0.000,0,296,0,0
6629,6.774,6.774,6.385,0.072,0.007,0.310,1,0.000,0.000,0.000,0,296,0,0
6630,5.954,5.954,5.617,0.070,0.005,0.262,1,0.000,0.000,0.000,0,296,0,0
6631,5.395,5.395,4.978,0.073,0.006,0.338,1,0.000,0.000,0.000,0,296,0,0
6632,4.961,4.961,4.425,0.072,0.004,0.460,1,0.000,0.000,0.000,0,296,0,0
6633,4.605,4.605,4.195,0.071,0.003,0.336,1,0.000,0.000,0.000,0,296,0,0
6634,4.679,4.679,4.269,0.070,0.003,0.337,1,0.000,0.000,0.000,0,296,0,0
6635,5.479,5.479,4.877,0.071,0.004,0.528,1,0.000,0.000,0.000,0,300,0,0
6636,4.684,4.684,4.228,0.072,0.003,0.381,1,0.000,0.000,0.000,0,300,0,0
6637,4.501,4.501,4.134,0.071,0.003,0.293,1,0.000,0.000,0.000,0,300,0,0
6638,4.591,4.591,4.133,0.070,0.003,0.385,1,0.000,0.000,0.000,0,300,0,0
6639,5.716,5.716,5.339,0.073,0.005,0.299,1,0.000,0.000,0.000,0,300,0,0
6640,5.303,5.303,4.944,0.072,0.004,0.283,1,0.000,0.000,0.000,0,300,0,0
6641,6.186,6.186,5.686,0.084,0.007,0.408,1,0.000,0.000,0.000,0,300,0,0
6642,4.889,4.889,4.500,0.071,0.004,0.313,1,0.000,0.000,0.000,0,300,0,0
6643,4.682,4.682,4.310,0.072,0.003,0.296,1,0.000,0.000,0.000,0,300,0,0
6644,5.216,5.216,4.777,0.071,0.004,0.363,1,0.000,0.000,0.000,0,300,0,0
6645,4.705,4.705,4.336,0.070,0.004,0.295,1,0.000,0.000,0.000,0,300,0,0
6646,4.698,4.698,4.306,0.071,0.003,0.317,1,0.000,0.000,0.000,0,324,0,0
6647,4.643,4.643,4.218,0.072,0.004,0.349,1,0.000,0.000,0.000,0,348,0,0
6648,5.962,5.962,5.616,0.073,0.004,0.269,1,0.000,0.000,0.000,0,372,0,0
6649,5.238,5.238,4.889,0.073,0.006,0.271,1,0.000,0.000,0.000,0,396,0,0
6650,5.733,5.733,5.295,0.082,0.005,0.353,1,0.000,0.000,0.000,0,416,0,0
6651,5.207,5.207,4.763,0.074,0.005,0.365,1,0.000,0.000,0.000,0,416,0,0
6652,4.718,4.718,4.351,0.074,0.004,0.290,1,0.000,0.000,0.000,0,416,0,0
6653,5.308,5.308,4.866,0.073,0.004,0.365,1,0.000,0.000,0.000,0,416,0,0
6654,4.584,4.584,4.235,0.073,0.003,0.273,1,0.000,0.000,0.000,0,416,0,0
6655,4.671,4.671,4.322,0.073,0.004,0.272,1,0.000,0.000,0.000,0,416,0,0
6656,4.693,4.693,4.258,0.072,0.003,0.360,1,0.000,0.000,0.000,0,416,0,0
6657,4.596,4.596,4.234,0.074,0.003,0.285,1,0.000,0.000,0.000,0,416,0,0
6658,4.483,4.483,4.148,0.073,0.003,0.259,1,0.000,0.000,0.000,0,416,0,0
6659,7.701,7.701,7.298,0.079,0.005,0.318,1,0.000,0.000,0.000,0,416,0,0
6660,5.835,5.835,5.498,0.075,0.004,0.256,1,0.000,0.000,0.000,0,416,0,0
6661,6.189,6.189,5.837,0.075,0.007,0.270,1,0.000,0.000,0.000,0,416,0,0
6662,5.436,5.436,4.998,0.075,0.005,0.357,1,0.000,0.000,0.000,0,416,0,0
6663,4.699,4.699,4.386,0.073,0.003,0.236,1,0.000,0.000,0.000,0,416,0,0
6664,5.156,5.156,4.843,0.074,0.004,0.235,1,0.000,0.000,0.000,0,416,0,0
6665,4.992,4.992,4.569,0.074,0.004,0.346,1,0.000,0.000,0.000,0,416,0,0
6666,4.602,4.602,4.281,0.074,0.003,0.244,1,0.000,0.000,0.000,0,416,0,0
6667,4.491,4.491,4.272,0.074,0.004,0.142,1,0.000,0.000,0.000,0,416,0,0
6668,5.364,5.364,4.998,0.077,0.005,0.285,1,0.000,0.000,0.000,0,416,0,0
6669,6.169,6.169,5.889,0.073,0.004,0.202,1,0.000,0.000,0.000,0,416,0,0
6670,5.503,5.503,5.198,0.076,0.006,0.223,1,0.000,0.000,0.000,0,416,0,0
6671,5.438,5.438,5.071,0.073,0.004,0.289,1,0.000,0.000,0.000,0,416,0,0
6672,5.083,5.083,4.763,0.074,0.005,0.241,1,0.000,0.000,0.000,0,416,0,0
6673,5.462,5.462,5.170,0.073,0.004,0.216,1,0.000,0.000,0.000,0,416,0,0
6674,4.667,4.667,4.347,0.073,0.004,0.244,1,0.000,0.000,0.000,0,416,0,0
6675,4.609,4.609,4.331,0.073,0.004,0.202,1,0.000,0.000,0.000,0,416,0,0
6676,4.947,4.947,4.679,0.074,0.005,0.189,1,0.000,0.000,0.000,0,416,0,0
6677,5.314,5.314,4.978,0.076,0.005,0.255,1,0.000,0.000,0.000,0,416,0,0
6678,5.734,5.734,5.437,0.125,0.004,0.167,1,0.000,0.000,0.000,0,416,0,0
6679,5.866,5.866,5.618,0.076,0.006,0.165,1,0.000,0.000,0.000,0,416,0,0
6680,5.324,5.324,4.998,0.074,0.004,0.249,1,0.000,0.000,0.000,0,416,0,0
6681,5.448,5.448,5.116,0.076,0.007,0.249,1,0.000,0.000,0.000,0,416,0,0
6682,5.418,5.418,5.090,0.074,0.005,0.249,1,0.000,0.000,0.000,0,416,0,0
6683,5.088,5.088,4.655,0.072,0.004,0.357,1,0.000,0.000,0.000,0,412,0,0
6684,5.534,5.534,5.167,0.073,0.003,0.291,1,0.000,0.000,0.000,0,412,0,0
6685,4.981,4.981,4.625,0.071,0.004,0.282,1,0.000,0.000,0.000,0,296,0,0
6686,5.963,5.963,5.430,0.075,0.005,0.453,1,0.000,0.000,0.000,0,296,0,0
6687,5.308,5.308,4.996,0.072,0.006,0.234,1,0.000,0.000,0.000,0,296,0,0
6688,5.415,5.415,5.119,0.071,0.004,0.220,1,0.000,0.000,0.000,0,296,0,0
6689,4.743,4.743,4.381,0.070,0.004,0.288,1,0.000,0.000,0.000,0,296,0,0
6690,4.717,4.717,4.413,0.070,0.003,0.231,1,0.000,0.000,0.000,0,296,0,0
6691,4.626,4.626,4.310,0.069,0.004,0.243,1,0.000,0.000,0.000,0,296,0,0
6692,4.685,4.685,4.283,0.070,0.003,0.330,1,0.000,0.000,0.000,0,296,0,0
6693,4.474,4.474,4.152,0.070,0.003,0.248,1,0.000,0.000,0.000,0,296,0,0
6694,4.444,4.444,4.121,0.071,0.003,0.249,1,0.000,0.000,0.000,0,296,0,0
6695,4.706,4.706,4.269,0.070,0.003,0.365,1,0.000,0.000,0.000,0,296,0,0
6696,4.560,4.560,4.241,0.070,0.003,0.246,1,0.000,0.000,0.000,0,296,0,0
6697,4.664,4.664,4.232,0.070,0.004,0.358,1,0.000,0.000,0.000,0,296,0,0
6698,4.553,4.553,4.179,0.070,0.004,0.300,1,0.000,0.000,0.000,0,296,0,0
6699,4.478,4.478,4.106,0.069,0.003,0.300,1,0.000,0.000,0.000,0,296,0,0
6700,4.628,4.628,4.156,0.070,0.004,0.398,1,0.000,0.000,0.000,0,296,0,0
6701,4.532,4.532,4.151,0.070,0.003,0.308,1,0.000,0.000,0.000,0,296,0,0
6702,4.478,4.478,4.092,0.070,0.004,0.313,1,0.000,0.000,0.000,0,296,0,0
6703,4.624,4.624,4.192,0.070,0.003,0.360,1,0.000,0.000,0.000,0,296,0,0
6704,5.347,5.347,4.996,0.072,0.007,0.272,1,0.000,0.000,0.000,0,296,0,0
6705,4.975,4.975,4.621,0.070,0.004,0.280,1,0.000,0.000,0.000,0,296,0,0
6706,4.714,4.714,4.292,0.071,0.004,0.347,1,0.000,0.000,0.000,0,296,0,0
6707,4.517,4.517,4.186,0.070,0.003,0.259,1,0.000,0.000,0.000,0,296,0,0
6708,4.461,4.461,4.135,0.069,0.004,0.253,1,0.000,0.000,0.000,0,296,0,0
6709,4.631,4.631,4.202,0.069,0.003,0.356,1,0.000,0.000,0.000,0,296,0,0
6710,4.685,4.685,4.263,0.071,0.004,0.347,1,0.000,0.000,0.000,0,296,0,0
6711,4.536,4.536,4.145,0.069,0.003,0.319,1,0.000,0.000,0.000,0,296,0,0
6712,4.615,4.615,4.132,0.070,0.003,0.410,1,0.000,0.000,0.000,0,296,0,0
6713,5.831,5.831,5.417,0.072,0.006,0.335,1,0.000,0.000,0.000,0,296,0,0
6714,5.236,5.236,4.840,0.071,0.004,0.321,1,0.000,0.000,0.000,0,296,0,0
6715,5.022,5.022,4.535,0.070,0.004,0.412,1,0.000,0.000,0.000,0,296,0,0
6716,5.687,5.687,5.336,0.071,0.005,0.275,1,0.000,0.000,0.000,0,296,0,0
6717,5.112,5.112,4.774,0.071,0.005,0.262,1,0.000,0.000,0.000,0,296,0,0
6718,4.884,4.884,4.412,0.070,0.004,0.398,1,0.000,0.000,0.000,0,296,0,0
6719,6.596,6.596,6.275,0.071,0.004,0.246,1,0.000,0.000,0.000,0,296,0,0
6720,5.356,5.356,4.978,0.080,0.003,0.296,1,0.000,0.000,0.000,0,296,0,0
6721,5.638,5.638,5.066,0.073,0.006,0.492,1,0.000,0.000,0.000,0,296,0,0
6722,4.854,4.854,4.434,0.071,0.005,0.344,1,0.000,0.000,0.000,0,296,0,0
6723,5.512,5.512,5.053,0.080,0.004,0.375,1,0.000,0.000,0.000,0,296,0,0
6724,5.062,5.062,4.551,0.072,0.003,0.436,1,0.000,0.000,0.000,0,296,0,0
6725,5.165,5.165,4.683,0.071,0.006,0.405,1,0.000,0.000,0.000,0,296,0,0
6726,5.933,5.933,5.468,0.070,0.004,0.391,1,0.000,0.000,0.000,0,296,0,0
6727,5.755,5.755,5.265,0.072,0.005,0.414,1,0.000,0.000,0.000,0,296,0,0
6728,6.448,6.448,6.066,0.071,0.004,0.308,1,0.000,0.000,0.000,0,296,0,0
6729,5.538,5.538,5.108,0.072,0.007,0.352,1,0.000,0.000,0.000,0,296,0,0
6730,5.529,5.529,5.027,0.072,0.004,0.426,1,0.000,0.000,0.000,0,296,0,0
6731,5.658,5.658,5.244,0.070,0.004,0.340,1,0.000,0.000,0.000,0,296,0,0
6732,5.643,5.643,5.260,0.071,0.004,0.308,1,0.000,0.000,0.000,0,296,0,0
6733,5.358,5.358,4.920,0.073,0.003,0.362,1,0.000,0.000,0.000,0,296,0,0
6734,5.374,5.374,5.005,0.070,0.006,0.294,1,0.000,0.000,0.000,0,296,0,0
6735,4.764,4.764,4.397,0.070,0.004,0.293,1,0.000,0.000,0.000,0,296,0,0
6736,5.691,5.691,5.245,0.070,0.004,0.372,1,0.000,0.000,0.000,0,296,0,0
6737,6.117,6.117,5.780,0.070,0.004,0.262,1,0.000,0.000,0.000,0,296,0,0
6738,5.275,5.275,4.947,0.070,0.004,0.254,1,0.000,0.000,0.000,0,296,0,0
6739,5.373,5.373,4.985,0.073,0.006,0.310,1,0.000,0.000,0.000,0,296,0,0
6740,5.318,5.318,4.907,0.092,0.004,0.314,1,0.000,0.000,0.000,0,296,0,0
6741,5.254,5.254,4.883,0.071,0.005,0.294,1,0.000,0.000,0.000,0,296,0,0
6742,5.174,5.174,4.689,0.070,0.004,0.412,1,0.000,0.000,0.000,0,296,0,0
6743,5.469,5.469,5.117,0.072,0.005,0.275,1,0.000,0.000,0.000,0,296,0,0
6744,4.691,4.691,4.335,0.070,0.003,0.282,1,0.000,0.000,0.000,0,296,0,0
6745,5.336,5.336,4.914,0.071,0.004,0.347,1,0.000,0.000,0.000,0,296,0,0
6746,4.708,4.708,4.362,0.071,0.003,0.273,1,0.000,0.000,0.000,0,296,0,0
6747,4.612,4.612,4.284,0.070,0.003,0.254,1,0.000,0.000,0.000,0,296,0,0
6748,4.576,4.576,4.171,0.070,0.003,0.333,1,0.000,0.000,0.000,0,296,0,0
6749,4.519,4.519,4.190,0.070,0.004,0.255,1,0.000,0.000,0.000,0,296,0,0
6750,4.469,4.469,4.105,0.070,0.004,0.291,1,0.000,0.000,0.000,0,296,0,0
6751,4.667,4.667,4.191,0.070,0.003,0.403,1,0.000,0.000,0.000,0,296,0,0
6752,6.026,6.026,5.661,0.070,0.004,0.291,1,0.000,0.000,0.000,0,296,0,0
6753,4.724,4.724,4.379,0.070,0.004,0.271,1,0.000,0.000,0.000,0,296,0,0
6754,4.794,4.794,4.381,0.071,0.003,0.339,1,0.000,0.000,0.000,0,296,0,0
6755,4.520,4.520,4.152,0.070,0.004,0.294,1,0.000,0.000,0.000,0,296,0,0
6756,4.448,4.448,4.146,0.070,0.003,0.230,1,0.000,0.000,0.000,0,296,0,0
6757,4.490,4.490,4.129,0.069,0.003,0.289,1,0.000,0.000,0.000,0,296,0,0
6758,4.383,4.383,4.097,0.070,0.003,0.213,1,0.000,0.000,0.000,0,296,0,0
6759,4.674,4.674,4.387,0.069,0.004,0.214,1,0.000,0.000,0.000,0,296,0,0
6760,4.506,4.506,4.152,0.069,0.003,0.282,1,0.000,0.000,0.000,0,296,0,0
6761,4.465,4.465,4.174,0.070,0.003,0.218,1,0.000,0.000,0.000,0,296,0,0
6762,4.367,4.367,4.100,0.069,0.003,0.195,1,0.000,0.000,0.000,0,296,0,0
6763,4.401,4.401,4.101,0.069,0.003,0.227,1,0.000,0.000,0.000,0,296,0,0
6764,4.462,4.462,4.211,0.071,0.003,0.177,1,0.000,0.000,0.000,0,296,0,0
6765,4.332,4.332,4.087,0.071,0.003,0.171,1,0.000,0.000,0.000,0,296,0,0
6766,4.440,4.440,4.163,0.070,0.004,0.202,1,0.000,0.000,0.000,0,296,0,0
6767,4.402,4.402,4.186,0.070,0.003,0.143,1,0.000,0.000,0.000,0,296,0,0
6768,4.359,4.359,4.143,0.070,0.003,0.144,1,0.000,0.000,0.000,0,296,0,0
6769,4.514,4.514,4.216,0.071,0.003,0.224,1,0.000,0.000,0.000,0,296,0,0
6770,4.382,4.382,4.111,0.070,0.003,0.197,1,0.000,0.000,0.000,0,296,0,0
6771,4.318,4.318,4.076,0.069,0.003,0.169,1,0.000,0.000,0.000,0,296,0,0
6772,4.376,4.376,4.080,0.070,0.003,0.223,1,0.000,0.000,0.000,0,296,0,0
6773,6.845,6.845,6.506,0.075,0.007,0.257,1,0.000,0.000,0.000,0,296,0,0
6774,5.680,5.680,5.440,0.071,0.004,0.165,1,0.000,0.000,0.000,0,296,0,0
6775,5.311,5.311,4.998,0.071,0.005,0.236,1,0.000,0.000,0.000,0,296,0,0
6776,4.627,4.627,4.354,0.070,0.004,0.199,1,0.000,0.000,0.000,0,296,0,0
6777,5.407,5.407,5.161,0.070,0.004,0.172,1,0.000,0.000,0.000,0,296,0,0
6778,5.089,5.089,4.825,0.071,0.003,0.190,1,0.000,0.000,0.000,0,296,0,0
6779,5.356,5.356,5.106,0.069,0.004,0.177,1,0.000,0.000,0.000,0,296,0,0
6780,4.760,4.760,4.421,0.070,0.003,0.265,1,0.000,0.000,0.000,0,296,0,0
6781,4.723,4.723,4.306,0.070,0.004,0.344,1,0.000,0.000,0.000,0,296,0,0
6782,4.475,4.475,4.150,0.070,0.003,0.251,1,0.000,0.000,0.000,0,296,0,0
6783,4.699,4.699,4.376,0.070,0.003,0.250,1,0.000,0.000,0.000,0,296,0,0
6784,4.792,4.792,4.314,0.069,0.004,0.405,1,0.000,0.000,0.000,0,296,0,0
6785,4.593,4.593,4.212,0.070,0.003,0.307,1,0.000,0.000,0.000,0,296,0,0
6786,4.478,4.478,4.135,0.070,0.004,0.269,1,0.000,0.000,0.000,0,296,0,0
6787,4.556,4.556,4.140,0.069,0.003,0.344,1,0.000,0.000,0.000,0,296,0,0
6788,4.451,4.451,4.119,0.070,0.003,0.259,1,0.000,0.000,0.000,0,296,0,0
6789,4.497,4.497,4.162,0.070,0.003,0.261,1,0.000,0.000,0.000,0,296,0,0
6790,4.609,4.609,4.175,0.070,0.003,0.361,1,0.000,0.000,0.000,0,296,0,0
6791,4.415,4.415,4.080,0.070,0.003,0.262,1,0.000,0.000,0.000,0,296,0,0
6792,4.392,4.392,4.086,0.070,0.003,0.233,1,0.000,0.000,0.000,0,296,0,0
6793,4.505,4.505,4.124,0.069,0.003,0.308,1,0.000,0.000,0.000,0,296,0,0
6794,5.228,5.228,4.826,0.075,0.008,0.319,1,0.000,0.000,0.000,0,296,0,0
6795,4.730,4.730,4.413,0.070,0.005,0.243,1,0.000,0.000,0.000,0,296,0,0
6796,4.599,4.599,4.220,0.071,0.004,0.304,1,0.000,0.000,0.000,0,296,0,0
6797,4.475,4.475,4.167,0.070,0.004,0.234,1,0.000,0.000,0.000,0,296,0,0
6798,4.623,4.623,4.228,0.069,0.003,0.322,1,0.000,0.000,0.000,0,296,0,0
6799,8.762,8.762,8.357,0.079,0.008,0.318,1,0.000,0.000,0.000,0,296,0,0
6800,5.504,5.504,5.107,0.073,0.004,0.319,1,0.000,0.000,0.000,0,296,0,0
6801,5.013,5.013,4.574,0.072,0.004,0.363,1,0.000,0.000,0.000,0,296,0,0
6802,4.640,4.640,4.321,0.094,0.004,0.221,1,0.000,0.000,0.000,0,296,0,0
6803,5.255,5.255,4.830,0.072,0.005,0.348,1,0.000,0.000,0.000,0,296,0,0
6804,4.940,4.940,4.570,0.132,0.005,0.233,1,0.000,0.000,0.000,0,296,0,0
6805,4.742,4.742,4.396,0.070,0.005,0.272,1,0.000,0.000,0.000,0,296,0,0
6806,4.552,4.552,4.306,0.071,0.005,0.171,1,0.000,0.000,0.000,0,296,0,0
6807,5.709,5.709,4.315,1.163,0.004,0.227,1,0.000,0.000,0.000,0,296,0,0
6808,4.648,4.648,4.383,0.071,0.003,0.191,1,0.000,0.000,0.000,0,296,0,0
6809,4.628,4.628,4.330,0.070,0.004,0.224,1,0.000,0.000,0.000,0,296,0,0
6810,4.749,4.749,4.331,0.070,0.006,0.342,1,0.000,0.000,0.000,0,296,0,0
6811,5.820,5.820,5.458,0.077,0.008,0.278,1,0.000,0.000,0.000,0,296,0,0
6812,5.986,5.986,5.633,0.072,0.005,0.276,1,0.000,0.000,0.000,0,296,0,0
6813,6.161,6.161,5.700,0.073,0.007,0.382,1,0.000,0.000,0.000,0,296,0,0
6814,5.468,5.468,5.050,0.077,0.005,0.336,1,0.000,0.000,0.000,0,296,0,0
6815,5.714,5.714,5.288,0.072,0.005,0.350,1,0.000,0.000,0.000,0,296,0,0
6816,5.197,5.197,4.659,0.070,0.004,0.464,1,0.000,0.000,0.000,0,296,0,0
6817,4.689,4.689,4.273,0.071,0.004,0.341,1,0.000,0.000,0.000,0,296,0,0
6818,4.694,4.694,4.278,0.070,0.004,0.343,1,0.000,0.000,0.000,0,296,0,0
6819,4.673,4.673,4.146,0.071,0.003,0.453,1,0.000,0.000,0.000,0,296,0,0
6820,6.019,6.019,5.568,0.072,0.006,0.374,1,0.000,0.000,0.000,0,296,0,0
6821,5.593,5.593,5.190,0.071,0.004,0.328,1,0.000,0.000,0.000,0,296,0,0
6822,5.036,5.036,4.558,0.071,0.004,0.404,1,0.000,0.000,0.000,0,296,0,0
6823,5.805,5.805,5.416,0.072,0.007,0.311,1,0.000,0.000,0.000,0,296,0,0
6824,5.747,5.747,5.402,0.069,0.004,0.272,1,0.000,0.000,0.000,0,296,0,0
6825,5.588,5.588,5.130,0.073,0.006,0.379,1,0.000,0.000,0.000,0,296,0,0
6826,5.287,5.287,4.937,0.073,0.005,0.272,1,0.000,0.000,0.000,0,300,0,0
6827,4.706,4.706,4.366,0.071,0.004,0.265,1,0.000,0.000,0.000,0,300,0,0
6828,4.636,4.636,4.218,0.070,0.004,0.345,1,0.000,0.000,0.000,0,300,0,0
6829,4.778,4.778,4.350,0.070,0.003,0.355,1,0.000,0.000,0.000,0,300,0,0
6830,4.604,4.604,4.203,0.070,0.003,0.327,1,0.000,0.000,0.000,0,300,0,0
6831,4.749,4.749,4.247,0.071,0.003,0.428,1,0.000,0.000,0.000,0,300,0,0
6832,4.523,4.523,4.127,0.070,0.004,0.321,1,0.000,0.000,0.000,0,300,0,0
6833,5.687,5.687,5.317,0.079,0.007,0.284,1,0.000,0.000,0.000,0,300,0,0
6834,6.207,6.207,5.680,0.079,0.006,0.442,1,0.000,0.000,0.000,0,300,0,0
6835,6.076,6.076,5.718,0.071,0.005,0.282,1,0.000,0.000,0.000,0,300,0,0
6836,5.549,5.549,5.206,0.072,0.005,0.266,1,0.000,0.000,0.000,0,300,0,0
6837,5.401,5.401,4.919,0.090,0.004,0.388,1,0.000,0.000,0.000,0,324,0,0
6838,5.956,5.956,5.537,0.076,0.006,0.337,1,0.000,0.000,0.000,0,348,0,0
6839,6.939,6.939,6.493,0.075,0.005,0.366,1,0.000,0.000,0.000,0,372,0,0
6840,5.217,5.217,4.632,0.073,0.004,0.508,1,0.000,0.000,0.000,0,396,0,0
6841,4.790,4.790,4.335,0.073,0.003,0.378,1,0.000,0.000,0.000,0,408,0,0
6842,4.890,4.890,4.436,0.073,0.003,0.378,1,0.000,0.000,0.000,0,408,0,0
6843,5.051,5.051,4.459,0.073,0.003,0.516,1,0.000,0.000,0.000,0,408,0,0
6844,4.890,4.890,4.390,0.072,0.004,0.424,1,0.000,0.000,0.000,0,408,0,0
6845,6.495,6.495,6.074,0.076,0.006,0.339,1,0.000,0.000,0.000,0,408,0,0
6846,5.181,5.181,4.672,0.072,0.005,0.432,1,0.000,0.000,0.000,0,408,0,0
6847,4.691,4.691,4.299,0.072,0.003,0.317,1,0.000,0.000,0.000,0,408,0,0
6848,4.708,4.708,4.317,0.073,0.003,0.314,1,0.000,0.000,0.000,0,408,0,0
6849,4.709,4.709,4.239,0.072,0.003,0.394,1,0.000,0.000,0.000,0,408,0,0
6850,4.624,4.624,4.248,0.073,0.003,0.301,1,0.000,0.000,0.000,0,408,0,0
6851,5.621,5.621,5.189,0.081,0.004,0.347,1,0.000,0.000,0.000,0,408,0,0
6852,5.543,5.543,5.107,0.082,0.003,0.351,1,0.000,0.000,0.000,0,408,0,0
6853,5.070,5.070,4.699,0.074,0.004,0.293,1,0.000,0.000,0.000,0,408,0,0
6854,5.404,5.404,4.982,0.113,0.009,0.299,1,0.000,0.000,0.000,0,408,1,0
6855,5.151,5.151,4.718,0.074,0.005,0.354,1,0.000,0.000,0.000,0,408,0,0
6856,4.586,4.586,4.323,0.073,0.004,0.187,1,0.000,0.000,0.000,0,408,0,0
6857,4.468,4.468,4.214,0.072,0.003,0.179,1,0.000,0.000,0.000,0,408,0,0
6858,4.704,4.704,4.387,0.073,0.004,0.239,1,0.000,0.000,0.000,0,408,0,0
6859,4.588,4.588,4.241,0.073,0.003,0.271,1,0.000,0.000,0.000,0,408,0,0
6860,4.506,4.506,4.185,0.072,0.003,0.246,1,0.000,0.000,0.000,0,408,0,0
6861,5.605,5.605,5.206,0.074,0.006,0.320,1,0.000,0.000,0.000,0,408,0,0
6862,5.123,5.123,4.789,0.074,0.005,0.255,1,0.000,0.000,0.000,0,408,0,0
6863,5.274,5.274,4.956,0.073,0.004,0.241,1,0.000,0.000,0.000,0,408,0,0
6864,4.695,4.695,4.302,0.073,0.003,0.317,1,0.000,0.000,0.000,0,408,0,0
6865,6.386,6.386,6.045,0.076,0.006,0.261,1,0.000,0.000,0.000,0,408,0,0
6866,5.190,5.190,4.864,0.075,0.005,0.246,1,0.000,0.000,0.000,0,408,0,0
6867,5.107,5.107,4.662,0.073,0.003,0.369,1,0.000,0.000,0.000,0,408,0,0
6868,5.711,5.711,5.363,0.075,0.006,0.267,1,0.000,0.000,0.000,0,408,0,0
6869,4.830,4.830,4.455,0.075,0.004,0.296,1,0.000,0.000,0.000,0,408,0,0
6870,5.562,5.562,5.059,0.073,0.003,0.426,1,0.000,0.000,0.000,0,408,0,0
6871,5.591,5.591,5.153,0.084,0.005,0.349,1,0.000,0.000,0.000,0,408,0,0
6872,6.011,6.011,5.578,0.072,0.005,0.355,1,0.000,0.000,0.000,0,408,0,0
6873,5.835,5.835,5.269,0.076,0.006,0.485,1,0.000,0.000,0.000,0,408,0,0
6874,5.589,5.589,5.114,0.073,0.005,0.397,1,0.000,0.000,0.000,0,404,0,0
6875,4.848,4.848,4.419,0.073,0.004,0.352,1,0.000,0.000,0.000,0,404,0,0
6876,5.161,5.161,4.599,0.070,0.004,0.489,1,0.000,0.000,0.000,0,296,0,0
6877,4.832,4.832,4.407,0.070,0.004,0.351,1,0.000,0.000,0.000,0,296,0,0
6878,4.792,4.792,4.368,0.069,0.003,0.352,1,0.000,0.000,0.000,0,296,0,0
6879,4.929,4.929,4.391,0.069,0.004,0.465,1,0.000,0.000,0.000,0,296,0,0
6880,4.756,4.756,4.336,0.070,0.004,0.346,1,0.000,0.000,0.000,0,296,0,0
6881,6.466,6.466,6.051,0.072,0.005,0.337,1,0.000,0.000,0.000,0,296,0,0
6882,6.308,6.308,5.819,0.092,0.005,0.393,1,0.000,0.000,0.000,0,296,0,0
6883,5.406,5.406,5.073,0.070,0.003,0.260,1,0.000,0.000,0.000,0,296,0,0
6884,5.481,5.481,5.079,0.073,0.006,0.324,1,0.000,0.000,0.000,0,296,0,0
6885,5.632,5.632,5.181,0.071,0.004,0.377,1,0.000,0.000,0.000,0,296,0,0
6886,4.843,4.843,4.433,0.070,0.004,0.336,1,0.000,0.000,0.000,0,296,0,0
6887,4.733,4.733,4.423,0.070,0.003,0.237,1,0.000,0.000,0.000,0,296,0,0
6888,4.784,4.784,4.382,0.069,0.004,0.329,1,0.000,0.000,0.000,0,296,0,0
6889,4.613,4.613,4.252,0.070,0.004,0.287,1,0.000,0.000,0.000,0,296,0,0
6890,5.334,5.334,4.720,0.330,0.007,0.277,1,0.000,0.000,0.000,0,296,0,0
6891,6.005,6.005,5.123,0.070,0.004,0.808,1,0.000,0.000,0.000,0,296,0,0
6892,5.306,5.306,4.967,0.072,0.006,0.262,1,0.000,0.000,0.000,0,296,0,0
6893,4.710,4.710,4.389,0.072,0.004,0.245,1,0.000,0.000,0.000,0,296,0,0
6894,4.759,4.759,4.365,0.070,0.003,0.321,1,0.000,0.000,0.000,0,296,0,0
6895,4.633,4.633,4.313,0.070,0.003,0.247,1,0.000,0.000,0.000,0,296,0,0
6896,4.951,4.951,4.562,0.072,0.004,0.313,1,0.000,0.000,0.000,0,296,0,0
6897,4.746,4.746,4.442,0.071,0.004,0.229,1,0.000,0.000,0.000,0,296,0,0
6898,4.648,4.648,4.323,0.079,0.004,0.242,1,0.000,0.000,0.000,0,296,0,0
6899,5.319,5.319,4.867,0.077,0.004,0.371,1,0.000,0.000,0.000,0,296,0,0
6900,5.576,5.576,5.239,0.070,0.004,0.263,1,0.000,0.000,0.000,0,296,0,0
6901,5.917,5.917,5.564,0.071,0.004,0.279,1,0.000,0.000,0.000,0,296,0,0
6902,5.102,5.102,4.658,0.071,0.004,0.369,1,0.000,0.000,0.000,0,296,0,0
6903,5.720,5.720,5.310,0.071,0.005,0.335,1,0.000,0.000,0.000,0,296,0,0
6904,4.784,4.784,4.417,0.070,0.003,0.293,1,0.000,0.000,0.000,0,296,0,0
6905,4.863,4.863,4.405,0.070,0.003,0.384,1,0.000,0.000,0.000,0,296,0,0
6906,4.577,4.577,4.215,0.070,0.003,0.288,1,0.000,0.000,0.000,0,296,0,0
6907,4.576,4.576,4.204,0.079,0.004,0.289,1,0.000,0.000,0.000,0,296,0,0
6908,4.629,4.629,4.175,0.070,0.003,0.381,1,0.000,0.000,0.000,0,296,0,0
6909,4.590,4.590,4.220,0.069,0.003,0.298,1,0.000,0.000,0.000,0,296,0,0
6910,4.616,4.616,4.255,0.071,0.003,0.287,1,0.000,0.000,0.000,0,296,0,0
6911,4.607,4.607,4.185,0.070,0.003,0.349,1,0.000,0.000,0.000,0,296,0,0
6912,6.341,6.341,5.982,0.070,0.005,0.284,1,0.000,0.000,0.000,0,296,0,0
6913,4.743,4.743,4.397,0.070,0.004,0.272,1,0.000,0.000,0.000,0,296,0,0
6914,4.769,4.769,4.327,0.069,0.003,0.369,1,0.000,0.000,0.000,0,296,0,0
6915,4.586,4.586,4.231,0.070,0.004,0.282,1,0.000,0.000,0.000,0,296,0,0
6916,5.293,5.293,4.863,0.069,0.003,0.357,1,0.000,0.000,0.000,0,296,0,0
6917,4.735,4.735,4.322,0.069,0.003,0.340,1,0.000,0.000,0.000,0,296,0,0
6918,4.724,4.724,4.343,0.070,0.003,0.308,1,0.000,0.000,0.000,0,296,0,0
6919,4.641,4.641,4.281,0.071,0.003,0.286,1,0.000,0.000,0.000,0,296,0,0
6920,5.387,5.387,4.986,0.077,0.007,0.318,1,0.000,0.000,0.000,0,296,0,0
6921,5.895,5.895,5.580,0.072,0.004,0.238,1,0.000,0.000,0.000,0,296,0,0
6922,5.410,5.410,5.097,0.070,0.004,0.239,1,0.000,0.000,0.000,0,296,0,0
6923,4.701,4.701,4.388,0.070,0.003,0.239,1,0.000,0.000,0.000,0,296,0,0
6924,5.409,5.409,5.133,0.072,0.006,0.198,1,0.000,0.000,0.000,0,296,0,0
6925,4.845,4.845,4.570,0.070,0.005,0.200,1,0.000,0.000,0.000,0,296,0,0
6926,4.618,4.618,4.295,0.070,0.003,0.250,1,0.000,0.000,0.000,0,296,0,0
6927,4.547,4.547,4.265,0.070,0.003,0.209,1,0.000,0.000,0.000,0,296,0,0
6928,5.302,5.302,4.983,0.071,0.005,0.243,1,0.000,0.000,0.000,0,296,0,0
6929,6.511,6.511,6.046,0.075,0.004,0.385,1,0.000,0.000,0.000,0,296,0,0
6930,5.328,5.328,5.018,0.070,0.005,0.235,1,0.000,0.000,0.000,0,296,0,0
6931,5.886,5.886,5.574,0.070,0.005,0.237,1,0.000,0.000,0.000,0,296,0,0
6932,5.580,5.580,5.199,0.073,0.006,0.301,1,0.000,0.000,0.000,0,296,0,0
6933,5.593,5.593,5.219,0.071,0.005,0.299,1,0.000,0.000,0.000,0,296,0,0
6934,4.788,4.788,4.454,0.072,0.004,0.259,1,0.000,0.000,0.000,0,296,0,0
6935,6.160,6.160,5.554,0.090,0.004,0.513,1,0.000,0.000,0.000,0,296,0,0
6936,5.296,5.296,4.902,0.071,0.004,0.319,1,0.000,0.000,0.000,0,296,0,0
6937,5.281,5.281,4.894,0.070,0.005,0.312,1,0.000,0.000,0.000,0,296,0,0
6938,5.276,5.276,4.777,0.070,0.005,0.423,1,0.000,0.000,0.000,0,296,0,0
6939,5.427,5.427,5.023,0.070,0.004,0.330,1,0.000,0.000,0.000,0,296,0,0
6940,4.756,4.756,4.345,0.071,0.003,0.337,1,0.000,0.000,0.000,0,296,0,0
6941,5.494,5.494,4.995,0.071,0.006,0.421,1,0.000,0.000,0.000,0,296,0,0
6942,6.225,6.225,5.851,0.071,0.004,0.299,1,0.000,0.000,0.000,0,296,0,0
6943,5.087,5.087,4.696,0.070,0.004,0.317,1,0.000,0.000,0.000,0,296,0,0
6944,4.833,4.833,4.384,0.070,0.004,0.376,1,0.000,0.000,0.000,0,296,0,0
6945,4.550,4.550,4.236,0.069,0.003,0.241,1,0.000,0.000,0.000,0,296,0,0
6946,4.461,4.461,4.157,0.070,0.004,0.231,1,0.000,0.000,0.000,0,296,0,0
6947,4.595,4.595,4.215,0.069,0.004,0.308,1,0.000,0.000,0.000,0,296,0,0
6948,4.680,4.680,4.292,0.070,0.004,0.315,1,0.000,0.000,0.000,0,296,0,0
6949,5.643,5.643,5.302,0.070,0.005,0.265,1,0.000,0.000,0.000,0,296,0,0
6950,5.573,5.573,5.067,0.070,0.004,0.432,1,0.000,0.000,0.000,0,296,0,0
6951,5.313,5.313,5.005,0.072,0.006,0.229,1,0.000,0.000,0.000,0,296,0,0
6952,4.659,4.659,4.348,0.072,0.023,0.216,1,0.000,0.000,0.000,0,296,0,0
6953,5.462,5.462,5.139,0.071,0.005,0.247,1,0.000,0.000,0.000,0,296,0,0
6954,5.230,5.230,4.956,0.072,0.005,0.198,1,0.000,0.000,0.000,0,296,0,0
6955,5.454,5.454,5.182,0.071,0.004,0.197,1,0.000,0.000,0.000,0,296,0,0
6956,5.063,5.063,4.721,0.071,0.005,0.266,1,0.000,0.000,0.000,0,296,0,0
6957,4.603,4.603,4.335,0.070,0.004,0.194,1,0.000,0.000,0.000,0,296,0,0
6958,4.683,4.683,4.369,0.071,0.004,0.240,1,0.000,0.000,0.000,0,296,0,0
6959,4.933,4.933,4.485,0.071,0.003,0.374,1,0.000,0.000,0.000,0,296,0,0
6960,4.561,4.561,4.223,0.070,0.004,0.266,1,0.000,0.000,0.000,0,296,0,0
6961,4.505,4.505,4.171,0.069,0.003,0.262,1,0.000,0.000,0.000,0,296,0,0
6962,6.474,6.474,6.038,0.072,0.005,0.359,1,0.000,0.000,0.000,0,296,0,0
6963,5.250,5.250,4.808,0.071,0.005,0.366,1,0.000,0.000,0.000,0,296,0,0
6964,4.754,4.754,4.394,0.071,0.004,0.285,1,0.000,0.000,0.000,0,296,0,0
6965,4.687,4.687,4.266,0.070,0.004,0.347,1,0.000,0.000,0.000,0,296,0,0
6966,4.519,4.519,4.202,0.071,0.004,0.242,1,0.000,0.000,0.000,0,296,0,0
6967,4.526,4.526,4.211,0.069,0.004,0.243,1,0.000,0.000,0.000,0,296,0,0
6968,4.591,4.591,4.196,0.069,0.003,0.322,1,0.000,0.000,0.000,0,296,0,0
6969,4.561,4.561,4.219,0.069,0.003,0.269,1,0.000,0.000,0.000,0,296,0,0
6970,4.539,4.539,4.198,0.070,0.004,0.267,1,0.000,0.000,0.000,0,296,0,0
6971,4.539,4.539,4.135,0.070,0.004,0.330,1,0.000,0.000,0.000,0,296,0,0
6972,4.582,4.582,4.252,0.070,0.003,0.257,1,0.000,0.000,0.000,0,296,0,0
6973,4.498,4.498,4.141,0.070,0.004,0.284,1,0.000,0.000,0.000,0,296,0,0
6974,4.711,4.711,4.307,0.069,0.003,0.332,1,0.000,0.000,0.000,0,296,0,0
6975,4.442,4.442,4.140,0.069,0.004,0.229,1,0.000,0.000,0.000,0,296,0,0
6976,4.500,4.500,4.205,0.072,0.003,0.220,1,0.000,0.000,0.000,0,296,0,0
6977,4.575,4.575,4.268,0.069,0.003,0.235,1,0.000,0.000,0.000,0,296,0,0
6978,4.468,4.468,4.160,0.070,0.003,0.234,1,0.000,0.000,0.000,0,296,0,0
6979,4.407,4.407,4.140,0.070,0.004,0.194,1,0.000,0.000,0.000,0,296,0,0
6980,4.703,4.703,4.304,0.070,0.003,0.326,1,0.000,0.000,0.000,0,296,0,0
6981,5.909,5.909,5.571,0.075,0.007,0.256,1,0.000,0.000,0.000,0,296,0,0
6982,6.730,6.730,6.347,0.072,0.006,0.306,1,0.000,0.000,0.000,0,296,0,0
6983,5.126,5.126,4.746,0.070,0.004,0.306,1,0.000,0.000,0.000,0,296,0,0
6984,5.246,5.246,4.927,0.070,0.003,0.246,1,0.000,0.000,0.000,0,296,0,0
6985,4.621,4.621,4.310,0.070,0.004,0.237,1,0.000,0.000,0.000,0,296,0,0
6986,4.682,4.682,4.284,0.070,0.003,0.325,1,0.000,0.000,0.000,0,296,0,0
6987,4.708,4.708,4.375,0.069,0.004,0.259,1,0.000,0.000,0.000,0,296,0,0
6988,4.563,4.563,4.200,0.069,0.003,0.290,1,0.000,0.000,0.000,0,296,0,0
6989,6.259,6.259,5.769,0.078,0.006,0.406,1,0.000,0.000,0.000,0,296,0,0
6990,6.025,6.025,5.076,0.070,0.005,0.873,1,0.000,0.000,0.000,0,296,0,0
6991,6.507,6.507,6.115,0.072,0.005,0.315,1,0.000,0.000,0.000,0,296,0,0
6992,5.204,5.204,4.704,0.071,0.004,0.425,1,0.000,0.000,0.000,0,296,0,0
6993,4.744,4.744,4.322,0.070,0.004,0.348,1,0.000,0.000,0.000,0,296,0,0
6994,4.618,4.618,4.204,0.070,0.003,0.341,1,0.000,0.000,0.000,0,296,0,0
6995,4.773,4.773,4.245,0.093,0.004,0.432,1,0.000,0.000,0.000,0,296,0,0
6996,4.618,4.618,4.247,0.070,0.003,0.298,1,0.000,0.000,0.000,0,296,0,0
6997,6.116,6.116,5.634,0.074,0.006,0.401,1,0.000,0.000,0.000,0,300,0,0
6998,5.261,5.261,4.874,0.072,0.005,0.309,1,0.000,0.000,0.000,0,300,0,0
6999,5.511,5.511,5.133,0.071,0.004,0.303,1,0.000,0.000,0.000,0,300,0,0
7000,5.922,5.922,5.477,0.071,0.004,0.371,1,0.000,0.000,0.000,0,300,0,0
7001,5.806,5.806,5.396,0.102,0.007,0.301,1,0.000,0.000,0.000,0,300,0,0
7002,5.020,5.020,4.643,0.071,0.004,0.302,1,0.000,0.000,0.000,0,300,0,0
7003,4.887,4.887,4.444,0.071,0.004,0.369,1,0.000,0.000,0.000,0,300,0,0
7004,4.590,4.590,4.317,0.071,0.004,0.197,1,0.000,0.000,0.000,0,300,0,0
7005,5.255,5.255,4.966,0.072,0.005,0.213,1,0.000,0.000,0.000,0,300,0,0
7006,4.988,4.988,4.663,0.071,0.004,0.249,1,0.000,0.000,0.000,0,300,0,0
7007,5.005,5.005,4.713,0.071,0.003,0.219,1,0.000,0.000,0.000,0,300,0,0
7008,5.248,5.248,4.953,0.073,0.004,0.219,1,0.000,0.000,0.000,0,324,0,0
7009,4.688,4.688,4.395,0.072,0.004,0.218,1,0.000,0.000,0.000,0,348,0,0
7010,4.549,4.549,4.330,0.072,0.003,0.144,1,0.000,0.000,0.000,0,372,0,0
7011,4.805,4.805,4.569,0.081,0.006,0.150,1,0.000,0.000,0.000,0,396,0,0
7012,4.681,4.681,4.392,0.074,0.004,0.211,1,0.000,0.000,0.000,0,416,0,0
7013,4.589,4.589,4.333,0.072,0.003,0.181,1,0.000,0.000,0.000,0,416,0,0
7014,4.529,4.529,4.233,0.072,0.003,0.220,1,0.000,0.000,0.000,0,416,0,0
7015,4.657,4.657,4.303,0.073,0.003,0.277,1,0.000,0.000,0.000,0,416,0,0
7016,4.494,4.494,4.222,0.072,0.003,0.196,1,0.000,0.000,0.000,0,416,0,0
7017,4.647,4.647,4.333,0.073,0.003,0.238,1,0.000,0.000,0.000,0,416,0,0
7018,5.463,5.463,4.986,0.076,0.005,0.396,1,0.000,0.000,0.000,0,416,0,0
7019,5.040,5.040,4.671,0.072,0.004,0.292,1,0.000,0.000,0.000,0,416,0,0
7020,5.643,5.643,5.294,0.083,0.006,0.260,1,0.000,0.000,0.000,0,416,0,0
7021,5.109,5.109,4.707,0.074,0.005,0.323,1,0.000,0.000,0.000,0,416,0,0
7022,4.995,4.995,4.628,0.073,0.004,0.290,1,0.000,0.000,0.000,0,416,0,0
7023,4.706,4.706,4.405,0.074,0.003,0.223,1,0.000,0.000,0.000,0,416,0,0
7024,5.101,5.101,4.555,0.072,0.004,0.470,1,0.000,0.000,0.000,0,416,0,0
7025,4.751,4.751,4.369,0.073,0.004,0.305,1,0.000,0.000,0.000,0,416,0,0
7026,4.573,4.573,4.233,0.072,0.004,0.264,1,0.000,0.000,0.000,0,416,0,0
7027,4.806,4.806,4.356,0.072,0.004,0.374,1,0.000,0.000,0.000,0,416,0,0
7028,4.624,4.624,4.293,0.072,0.003,0.255,1,0.000,0.000,0.000,0,416,0,0
7029,6.511,6.511,6.169,0.077,0.007,0.257,1,0.000,0.000,0.000,0,416,0,0
7030,5.640,5.640,5.279,0.073,0.004,0.283,1,0.000,0.000,0.000,0,416,0,0
7031,5.237,5.237,4.944,0.073,0.004,0.215,1,0.000,0.000,0.000,0,416,0,0
7032,5.236,5.236,4.860,0.073,0.005,0.299,1,0.000,0.000,0.000,0,416,0,0
7033,4.888,4.888,4.484,0.072,0.004,0.328,1,0.000,0.000,0.000,0,416,0,0
7034,4.686,4.686,4.350,0.072,0.004,0.260,1,0.000,0.000,0.000,0,416,0,0
7035,5.537,5.537,5.170,0.077,0.007,0.284,1,0.000,0.000,0.000,0,416,0,0
7036,5.211,5.211,4.756,0.073,0.004,0.377,1,0.000,0.000,0.000,0,416,0,0
7037,5.589,5.589,5.148,0.073,0.005,0.363,1,0.000,0.000,0.000,0,416,0,0
7038,6.594,6.594,6.159,0.075,0.005,0.355,1,0.000,0.000,0.000,0,416,0,0
7039,5.582,5.582,5.057,0.074,0.004,0.447,1,0.000,0.000,0.000,0,416,0,0
7040,5.562,5.562,5.142,0.077,0.006,0.337,1,0.000,0.000,0.000,0,416,0,0
7041,5.939,5.939,5.544,0.075,0.004,0.315,1,0.000,0.000,0.000,0,416,0,0
7042,5.450,5.450,4.953,0.075,0.005,0.418,1,0.000,0.000,0.000,0,416,0,0
7043,4.865,4.865,4.515,0.073,0.004,0.272,1,0.000,0.000,0.000,0,416,0,0
7044,4.705,4.705,4.340,0.074,0.003,0.288,1,0.000,0.000,0.000,0,416,0,0
7045,4.831,4.831,4.343,0.072,0.004,0.413,1,0.000,0.000,0.000,0,412,0,0
7046,4.623,4.623,4.239,0.072,0.003,0.309,1,0.000,0.000,0.000,0,412,0,0
7047,6.533,6.533,6.123,0.076,0.004,0.329,1,0.000,0.000,0.000,0,296,0,0
7048,7.568,7.568,7.107,0.074,0.003,0.384,1,0.000,0.000,0.000,0,296,0,0
7049,5.589,5.589,5.244,0.071,0.004,0.270,1,0.000,0.000,0.000,0,296,0,0
7050,6.198,6.198,5.823,0.073,0.006,0.296,1,0.000,0.000,0.000,0,296,0,0
7051,5.744,5.744,5.330,0.072,0.005,0.337,1,0.000,0.000,0.000,0,296,0,0
7052,5.115,5.115,4.709,0.071,0.004,0.332,1,0.000,0.000,0.000,0,296,0,0
7053,7.004,7.004,6.617,0.071,0.005,0.312,1,0.000,0.000,0.000,0,296,0,0
7054,5.282,5.282,4.814,0.071,0.004,0.392,1,0.000,0.000,0.000,0,296,0,0
7055,4.923,4.923,4.556,0.070,0.004,0.293,1,0.000,0.000,0.000,0,296,0,0
7056,5.661,5.661,5.294,0.071,0.006,0.290,1,0.000,0.000,0.000,0,296,0,0
7057,5.887,5.887,5.450,0.070,0.004,0.363,1,0.000,0.000,0.000,0,296,0,0
7058,4.958,4.958,4.583,0.070,0.004,0.302,1,0.000,0.000,0.000,0,296,0,0
7059,6.780,6.780,6.412,0.080,0.003,0.284,1,0.000,0.000,0.000,0,296,0,0
7060,5.279,5.279,4.841,0.070,0.004,0.364,1,0.000,0.000,0.000,0,296,0,0
7061,5.317,5.317,4.971,0.069,0.004,0.273,1,0.000,0.000,0.000,0,296,0,0
7062,4.800,4.800,4.419,0.070,0.003,0.308,1,0.000,0.000,0.000,0,296,0,0
7063,4.870,4.870,4.412,0.069,0.003,0.386,1,0.000,0.000,0.000,0,296,0,0
7064,4.570,4.570,4.241,0.070,0.003,0.256,1,0.000,0.000,0.000,0,296,0,0
7065,5.383,5.383,5.040,0.079,0.004,0.260,1,0.000,0.000,0.000,0,296,0,0
7066,5.196,5.196,4.753,0.070,0.004,0.369,1,0.000,0.000,0.000,0,296,0,0
7067,4.875,4.875,4.426,0.071,0.003,0.375,1,0.000,0.000,0.000,0,296,0,0
7068,4.653,4.653,4.267,0.070,0.003,0.313,1,0.000,0.000,0.000,0,296,0,0
7069,4.956,4.956,4.394,0.070,0.003,0.489,1,0.000,0.000,0.000,0,296,0,0
7070,4.632,4.632,4.279,0.069,0.003,0.280,1,0.000,0.000,0.000,0,296,0,0
7071,4.530,4.530,4.207,0.070,0.004,0.249,1,0.000,0.000,0.000,0,296,0,0
7072,5.329,5.329,4.918,0.075,0.003,0.333,1,0.000,0.000,0.000,0,296,0,0
7073,4.887,4.887,4.539,0.069,0.003,0.276,1,0.000,0.000,0.000,0,296,0,0
7074,4.632,4.632,4.278,0.070,0.004,0.280,1,0.000,0.000,0.000,0,296,0,0
7075,4.812,4.812,4.334,0.070,0.003,0.405,1,0.000,0.000,0.000,0,296,0,0
7076,4.729,4.729,4.316,0.069,0.003,0.341,1,0.000,0.000,0.000,0,296,0,0
7077,4.702,4.702,4.279,0.070,0.003,0.350,1,0.000,0.000,0.000,0,296,0,0
7078,4.809,4.809,4.278,0.069,0.003,0.458,1,0.000,0.000,0.000,0,296,0,0
7079,6.496,6.496,6.095,0.071,0.004,0.326,1,0.000,0.000,0.000,0,296,0,0
7080,5.830,5.830,5.392,0.073,0.007,0.359,1,0.000,0.000,0.000,0,296,0,0
7081,5.265,5.265,4.746,0.071,0.005,0.442,1,0.000,0.000,0.000,0,296,0,0
7082,5.468,5.468,5.009,0.071,0.004,0.384,1,0.000,0.000,0.000,0,296,0,0
7083,4.720,4.720,4.332,0.070,0.003,0.315,1,0.000,0.000,0.000,0,296,0,0
7084,5.522,5.522,5.035,0.071,0.004,0.411,1,0.000,0.000,0.000,0,296,0,0
7085,6.106,6.106,5.742,0.070,0.003,0.291,1,0.000,0.000,0.000,0,296,0,0
7086,5.162,5.162,4.802,0.069,0.003,0.287,1,0.000,0.000,0.000,0,296,0,0
7087,5.786,5.786,5.288,0.073,0.006,0.420,1,0.000,0.000,0.000,0,296,0,0
7088,5.008,5.008,4.587,0.071,0.004,0.347,1,0.000,0.000,0.000,0,296,0,0
7089,4.729,4.729,4.327,0.070,0.004,0.328,1,0.000,0.000,0.000,0,296,0,0
7090,4.772,4.772,4.299,0.069,0.004,0.400,1,0.000,0.000,0.000,0,296,0,0
7091,5.300,5.300,4.921,0.071,0.004,0.304,1,0.000,0.000,0.000,0,296,0,0
7092,5.073,5.073,4.651,0.070,0.005,0.347,1,0.000,0.000,0.000,0,296,0,0
7093,4.878,4.878,4.421,0.070,0.004,0.383,1,0.000,0.000,0.000,0,296,0,0
7094,4.800,4.800,4.485,0.079,0.003,0.233,1,0.000,0.000,0.000,0,296,0,0
7095,5.102,5.102,4.698,0.070,0.005,0.329,1,0.000,0.000,0.000,0,296,0,0
7096,4.844,4.844,4.469,0.069,0.004,0.302,1,0.000,0.000,0.000,0,296,0,0
7097,4.789,4.789,4.325,0.071,0.004,0.389,1,0.000,0.000,0.000,0,296,0,0
7098,6.092,6.092,5.546,0.072,0.005,0.469,1,0.000,0.000,0.000,0,296,0,0
7099,5.199,5.199,4.781,0.071,0.004,0.342,1,0.000,0.000,0.000,0,296,0,0
7100,4.810,4.810,4.418,0.070,0.004,0.318,1,0.000,0.000,0.000,0,296,0,0
7101,4.768,4.768,4.294,0.070,0.004,0.400,1,0.000,0.000,0.000,0,296,0,0
7102,5.640,5.640,5.254,0.071,0.004,0.311,1,0.000,0.000,0.000,0,296,0,0
7103,6.105,6.105,5.675,0.077,0.005,0.348,1,0.000,0.000,0.000,0,296,0,0
7104,5.590,5.590,5.065,0.076,0.004,0.444,1,0.000,0.000,0.000,0,296,0,0
7105,5.872,5.872,5.436,0.069,0.006,0.362,1,0.000,0.000,0.000,0,296,0,0
7106,5.754,5.754,5.300,0.072,0.006,0.376,1,0.000,0.000,0.000,0,296,0,0
7107,5.109,5.109,4.613,0.072,0.004,0.420,1,0.000,0.000,0.000,0,296,0,0
7108,4.740,4.740,4.365,0.071,0.004,0.300,1,0.000,0.000,0.000,0,296,0,0
7109,5.445,5.445,5.096,0.076,0.003,0.270,1,0.000,0.000,0.000,0,296,0,0
7110,5.483,5.483,5.045,0.070,0.003,0.365,1,0.000,0.000,0.000,0,296,0,0
7111,5.358,5.358,4.936,0.070,0.005,0.346,1,0.000,0.000,0.000,0,296,0,0
7112,5.181,5.181,4.776,0.070,0.004,0.331,1,0.000,0.000,0.000,0,296,0,0
7113,5.286,5.286,4.818,0.070,0.003,0.394,1,0.000,0.000,0.000,0,296,0,0
7114,5.173,5.173,4.861,0.069,0.003,0.239,1,0.000,0.000,0.000,0,296,0,0
7115,5.792,5.792,5.501,0.070,0.004,0.217,1,0.000,0.000,0.000,0,296,0,0
7116,5.388,5.388,5.026,0.075,0.003,0.284,1,0.000,0.000,0.000,0,296,0,0
7117,5.426,5.426,5.137,0.075,0.003,0.211,1,0.000,0.000,0.000,0,296,0,0
7118,5.131,5.131,4.779,0.071,0.007,0.274,1,0.000,0.000,0.000,0,296,0,0
7119,5.033,5.033,4.641,0.070,0.005,0.318,1,0.000,0.000,0.000,0,296,0,0
7120,4.560,4.560,4.312,0.070,0.004,0.175,1,0.000,0.000,0.000,0,296,0,0
7121,4.616,4.616,4.382,0.070,0.003,0.161,1,0.000,0.000,0.000,0,296,0,0
7122,4.611,4.611,4.295,0.069,0.003,0.243,1,0.000,0.000,0.000,0,296,0,0
7123,5.521,5.521,5.244,0.072,0.005,0.199,1,0.000,0.000,0.000,0,296,0,0
7124,5.866,5.866,5.650,0.071,0.004,0.141,1,0.000,0.000,0.000,0,296,0,0
7125,5.240,5.240,4.976,0.071,0.004,0.188,1,0.000,0.000,0.000,0,296,0,0
7126,5.756,5.756,5.420,0.111,0.008,0.217,1,0.000,0.000,0.000,0,296,1,0
7127,4.745,4.745,4.476,0.071,0.004,0.194,1,0.000,0.000,0.000,0,296,0,0
7128,4.606,4.606,4.297,0.069,0.004,0.235,1,0.000,0.000,0.000,0,296,0,0
7129,5.450,5.450,5.123,0.069,0.003,0.254,1,0.000,0.000,0.000,0,296,0,0
7130,4.620,4.620,4.362,0.070,0.004,0.185,1,0.000,0.000,0.000,0,296,0,0
7131,4.529,4.529,4.209,0.069,0.004,0.247,1,0.000,0.000,0.000,0,296,0,0
7132,4.510,4.510,4.258,0.070,0.004,0.178,1,0.000,0.000,0.000,0,296,0,0
7133,5.397,5.397,5.119,0.071,0.004,0.203,1,0.000,0.000,0.000,0,296,0,0
7134,6.199,6.199,5.861,0.088,0.003,0.247,1,0.000,0.000,0.000,0,296,0,0
7135,5.195,5.195,4.948,0.070,0.004,0.174,1,0.000,0.000,0.000,0,296,0,0
7136,5.482,5.482,5.187,0.072,0.006,0.217,1,0.000,0.000,0.000,0,296,0,0
7137,4.912,4.912,4.557,0.072,0.004,0.279,1,0.000,0.000,0.000,0,296,0,0
7138,4.523,4.523,4.284,0.070,0.004,0.166,1,0.000,0.000,0.000,0,296,0,0
7139,4.625,4.625,4.392,0.070,0.004,0.158,1,0.000,0.000,0.000,0,296,0,0
7140,4.624,4.624,4.298,0.069,0.003,0.253,1,0.000,0.000,0.000,0,296,0,0
7141,4.805,4.805,4.474,0.070,0.003,0.258,1,0.000,0.000,0.000,0,296,0,0
7142,4.614,4.614,4.324,0.070,0.004,0.216,1,0.000,0.000,0.000,0,296,0,0
7143,5.298,5.298,4.938,0.076,0.005,0.279,1,0.000,0.000,0.000,0,296,0,0
7144,6.144,6.144,5.851,0.072,0.006,0.215,1,0.000,0.000,0.000,0,296,0,0
7145,5.262,5.262,4.968,0.072,0.006,0.216,1,0.000,0.000,0.000,0,296,0,0
7146,4.826,4.826,4.483,0.071,0.003,0.269,1,0.000,0.000,0.000,0,296,0,0
7147,4.624,4.624,4.330,0.070,0.004,0.220,1,0.000,0.000,0.000,0,296,0,0
7148,4.547,4.547,4.242,0.070,0.003,0.232,1,0.000,0.000,0.000,0,296,0,0
7149,5.409,5.409,4.982,0.069,0.003,0.354,1,0.000,0.000,0.000,0,296,0,0
7150,4.575,4.575,4.297,0.070,0.003,0.205,1,0.000,0.000,0.000,0,296,0,0
7151,4.618,4.618,4.314,0.070,0.004,0.230,1,0.000,0.000,0.000,0,296,0,0
7152,4.639,4.639,4.300,0.069,0.004,0.266,1,0.000,0.000,0.000,0,296,0,0
7153,5.299,5.299,5.025,0.075,0.004,0.195,1,0.000,0.000,0.000,0,296,0,0
7154,5.236,5.236,4.979,0.070,0.004,0.182,1,0.000,0.000,0.000,0,296,0,0
7155,5.429,5.429,5.109,0.070,0.004,0.246,1,0.000,0.000,0.000,0,296,0,0
7156,5.689,5.689,5.326,0.071,0.006,0.285,1,0.000,0.000,0.000,0,296,0,0
7157,5.145,5.145,4.782,0.071,0.005,0.287,1,0.000,0.000,0.000,0,296,0,0
7158,4.989,4.989,4.601,0.070,0.004,0.314,1,0.000,0.000,0.000,0,296,0,0
7159,4.565,4.565,4.260,0.070,0.004,0.231,1,0.000,0.000,0.000,0,296,0,0
7160,4.564,4.564,4.275,0.069,0.003,0.217,1,0.000,0.000,0.000,0,296,0,0
7161,4.563,4.563,4.205,0.070,0.003,0.284,1,0.000,0.000,0.000,0,296,0,0
7162,4.561,4.561,4.246,0.070,0.003,0.242,1,0.000,0.000,0.000,0,296,0,0
7163,4.716,4.716,4.384,0.070,0.004,0.258,1,0.000,0.000,0.000,0,296,0,0
7164,4.603,4.603,4.217,0.070,0.004,0.313,1,0.000,0.000,0.000,0,296,0,0
7165,4.499,4.499,4.196,0.070,0.003,0.231,1,0.000,0.000,0.000,0,296,0,0
7166,6.232,6.232,5.884,0.072,0.006,0.270,1,0.000,0.000,0.000,0,296,0,0
7167,6.323,6.323,5.916,0.070,0.004,0.334,1,0.000,0.000,0.000,0,296,0,0
7168,6.400,6.400,6.087,0.073,0.005,0.235,1,0.000,0.000,0.000,0,304,0,0
7169,5.885,5.885,5.614,0.072,0.004,0.196,1,0.000,0.000,0.000,0,304,0,0
7170,5.929,5.929,5.580,0.073,0.005,0.271,1,0.000,0.000,0.000,0,304,0,0
7171,5.395,5.395,5.095,0.074,0.004,0.222,1,0.000,0.000,0.000,0,304,0,0
7172,5.823,5.823,5.599,0.076,0.005,0.143,1,0.000,0.000,0.000,0,304,0,0
7173,6.189,6.189,5.939,0.074,0.004,0.172,1,0.000,0.000,0.000,0,304,0,0
7174,5.914,5.914,5.702,0.073,0.006,0.133,1,0.000,0.000,0.000,0,304,0,0
7175,5.056,5.056,4.853,0.072,0.004,0.127,1,0.000,0.000,0.000,0,304,0,0
7176,4.894,4.894,4.657,0.074,0.005,0.158,1,0.000,0.000,0.000,0,304,0,0
7177,4.466,4.466,4.255,0.072,0.004,0.134,1,0.000,0.000,0.000,0,304,0,0
7178,5.200,5.200,4.970,0.072,0.005,0.154,1,0.000,0.000,0.000,0,304,0,0
7179,4.709,4.709,4.438,0.073,0.004,0.194,1,0.000,0.000,0.000,0,304,0,0
7180,4.479,4.479,4.263,0.071,0.003,0.141,1,0.000,0.000,0.000,0,304,0,0
7181,4.355,4.355,4.079,0.071,0.003,0.201,1,0.000,0.000,0.000,0,304,0,0
7182,5.654,5.654,5.338,0.073,0.004,0.239,1,0.000,0.000,0.000,0,304,0,0
7183,4.461,4.461,4.237,0.072,0.004,0.148,1,0.000,0.000,0.000,0,304,0,0
7184,4.306,4.306,4.084,0.072,0.003,0.148,1,0.000,0.000,0.000,0,304,0,0
7185,4.425,4.425,4.154,0.071,0.004,0.196,1,0.000,0.000,0.000,0,304,0,0
7186,4.340,4.340,4.034,0.073,0.004,0.230,1,0.000,0.000,0.000,0,304,0,0
7187,4.344,4.344,4.076,0.071,0.003,0.194,1,0.000,0.000,0.000,0,304,0,0
7188,4.472,4.472,4.078,0.071,0.003,0.320,1,0.000,0.000,0.000,0,304,0,0
7189,5.274,5.274,4.946,0.075,0.006,0.248,1,0.000,0.000,0.000,0,328,0,0
7190,4.895,4.895,4.570,0.074,0.004,0.247,1,0.000,0.000,0.000,0,352,0,0
7191,4.787,4.787,4.409,0.081,0.004,0.294,1,0.000,0.000,0.000,0,376,0,0
7192,4.686,4.686,4.350,0.073,0.006,0.258,1,0.000,0.000,0.000,0,400,0,0
7193,4.462,4.462,4.134,0.072,0.003,0.253,1,0.000,0.000,0.000,0,424,0,0
7194,4.510,4.510,4.137,0.073,0.003,0.296,1,0.000,0.000,0.000,0,448,0,0
7195,4.506,4.506,4.206,0.072,0.003,0.225,1,0.000,0.000,0.000,0,472,0,0
7196,4.569,4.569,4.210,0.072,0.004,0.284,1,0.000,0.000,0.000,0,496,0,0
7197,4.374,4.374,4.123,0.073,0.003,0.176,1,0.000,0.000,0.000,0,520,0,0
7198,4.684,4.684,4.435,0.081,0.005,0.162,1,0.000,0.000,0.000,0,544,0,0
7199,4.705,4.705,4.404,0.073,0.004,0.223,1,0.000,0.000,0.000,0,568,0,0
7200,4.546,4.546,4.274,0.073,0.003,0.196,1,0.000,0.000,0.000,0,592,0,0
7201,4.589,4.589,4.316,0.072,0.004,0.197,1,0.000,0.000,0.000,0,616,0,0
7202,4.592,4.592,4.239,0.073,0.004,0.276,1,0.000,0.000,0.000,0,640,0,0
7203,4.529,4.529,4.236,0.073,0.004,0.216,1,0.000,0.000,0.000,0,664,0,0
7204,4.602,4.602,4.311,0.074,0.003,0.214,1,0.000,0.000,0.000,0,688,0,0
7205,5.255,5.255,4.841,0.081,0.005,0.328,1,0.000,0.000,0.000,0,708,0,0
7206,4.928,4.928,4.538,0.075,0.004,0.311,1,0.000,0.000,0.000,0,708,0,0
7207,4.710,4.710,4.342,0.074,0.003,0.291,1,0.000,0.000,0.000,0,708,0,0
7208,5.309,5.309,4.905,0.074,0.004,0.327,1,0.000,0.000,0.000,0,708,0,0
7209,4.638,4.638,4.319,0.074,0.003,0.241,1,0.000,0.000,0.000,0,708,0,0
7210,4.789,4.789,4.493,0.074,0.004,0.218,1,0.000,0.000,0.000,0,708,0,0
7211,4.686,4.686,4.293,0.074,0.003,0.316,1,0.000,0.000,0.000,0,708,0,0
7212,4.711,4.711,4.383,0.074,0.003,0.250,1,0.000,0.000,0.000,0,708,0,0
7213,4.595,4.595,4.286,0.073,0.003,0.233,1,0.000,0.000,0.000,0,708,0,0
7214,4.617,4.617,4.253,0.074,0.003,0.288,1,0.000,0.000,0.000,0,708,0,0
7215,4.978,4.978,4.656,0.075,0.003,0.244,1,0.000,0.000,0.000,0,708,0,0
7216,4.687,4.687,4.365,0.073,0.004,0.245,1,0.000,0.000,0.000,0,708,0,0
7217,4.710,4.710,4.367,0.074,0.003,0.266,1,0.000,0.000,0.000,0,708,0,0
7218,4.469,4.469,4.229,0.073,0.004,0.163,1,0.000,0.000,0.000,0,708,0,0
7219,4.480,4.480,4.242,0.073,0.003,0.163,1,0.000,0.000,0.000,0,708,0,0
7220,4.609,4.609,4.298,0.072,0.003,0.236,1,0.000,0.000,0.000,0,708,0,0
7221,4.648,4.648,4.380,0.075,0.004,0.189,1,0.000,0.000,0.000,0,708,0,0
7222,4.618,4.618,4.319,0.075,0.003,0.220,1,0.000,0.000,0.000,0,708,0,0
7223,4.626,4.626,4.273,0.089,0.003,0.260,1,0.000,0.000,0.000,0,708,0,0
7224,4.491,4.491,4.208,0.074,0.003,0.206,1,0.000,0.000,0.000,0,708,0,0
7225,6.738,6.738,6.408,0.081,0.004,0.244,1,0.000,0.000,0.000,0,708,0,0
7226,5.251,5.251,4.831,0.075,0.004,0.342,1,0.000,0.000,0.000,0,708,0,0
7227,4.712,4.712,4.420,0.074,0.003,0.215,1,0.000,0.000,0.000,0,708,0,0
7228,4.543,4.543,4.274,0.074,0.004,0.192,1,0.000,0.000,0.000,0,708,0,0
7229,4.601,4.601,4.280,0.074,0.003,0.243,1,0.000,0.000,0.000,0,708,0,0
7230,4.629,4.629,4.342,0.074,0.004,0.210,1,0.000,0.000,0.000,0,708,0,0
7231,4.595,4.595,4.327,0.091,0.004,0.173,1,0.000,0.000,0.000,0,708,0,0
7232,4.702,4.702,4.363,0.074,0.004,0.262,1,0.000,0.000,0.000,0,708,0,0
7233,4.492,4.492,4.222,0.074,0.003,0.193,1,0.000,0.000,0.000,0,708,0,0
7234,5.385,5.385,5.068,0.083,0.011,0.223,1,0.000,0.000,0.000,0,708,0,0
7235,5.121,5.121,4.777,0.075,0.004,0.265,1,0.000,0.000,0.000,0,708,0,0
7236,4.645,4.645,4.421,0.074,0.003,0.147,1,0.000,0.000,0.000,0,708,0,0
7237,4.479,4.479,4.288,0.074,0.004,0.112,1,0.000,0.000,0.000,0,708,0,0
7238,4.551,4.551,4.318,0.073,0.004,0.156,1,0.000,0.000,0.000,0,704,0,0
7239,4.535,4.535,4.342,0.073,0.004,0.115,1,0.000,0.000,0.000,0,704,0,0
7240,4.457,4.457,4.227,0.072,0.004,0.155,1,0.000,0.000,0.000,0,304,0,0
7241,4.473,4.473,4.177,0.071,0.003,0.222,1,0.000,0.000,0.000,0,304,0,0
7242,4.330,4.330,4.086,0.071,0.003,0.170,1,0.000,0.000,0.000,0,304,0,0
7243,4.337,4.337,4.085,0.071,0.003,0.178,1,0.000,0.000,0.000,0,304,0,0
7244,4.473,4.473,4.123,0.071,0.003,0.275,1,0.000,0.000,0.000,0,304,0,0
7245,4.530,4.530,4.153,0.071,0.004,0.303,1,0.000,0.000,0.000,0,304,0,0
7246,6.704,6.704,6.205,0.076,0.008,0.415,1,0.000,0.000,0.000,0,304,0,0
7247,5.193,5.193,4.783,0.073,0.004,0.333,1,0.000,0.000,0.000,0,304,0,0
7248,4.533,4.533,4.188,0.072,0.003,0.269,1,0.000,0.000,0.000,0,304,0,0
7249,4.453,4.453,4.102,0.071,0.004,0.276,1,0.000,0.000,0.000,0,304,0,0
7250,4.495,4.495,4.081,0.071,0.003,0.339,1,0.000,0.000,0.000,0,304,0,0
7251,4.379,4.379,4.062,0.072,0.003,0.242,1,0.000,0.000,0.000,0,304,0,0
7252,5.391,5.391,4.952,0.071,0.003,0.364,1,0.000,0.000,0.000,0,304,0,0
7253,4.552,4.552,4.108,0.071,0.003,0.370,1,0.000,0.000,0.000,0,304,0,0
7254,4.439,4.439,4.103,0.071,0.003,0.262,1,0.000,0.000,0.000,0,304,0,0
7255,4.441,4.441,4.071,0.071,0.003,0.296,1,0.000,0.000,0.000,0,304,0,0
7256,4.712,4.712,4.226,0.070,0.005,0.411,1,0.000,0.000,0.000,0,296,0,0
7257,4.375,4.375,4.035,0.070,0.003,0.268,1,0.000,0.000,0.000,0,296,0,0
7258,4.367,4.367,4.039,0.069,0.003,0.255,1,0.000,0.000,0.000,0,296,0,0
7259,4.639,4.639,4.234,0.070,0.003,0.332,1,0.000,0.000,0.000,0,296,0,0
7260,5.617,5.617,5.196,0.070,0.004,0.348,1,0.000,0.000,0.000,0,296,0,0
7261,4.495,4.495,4.138,0.070,0.003,0.284,1,0.000,0.000,0.000,0,296,0,0
7262,4.505,4.505,4.098,0.070,0.004,0.333,1,0.000,0.000,0.000,0,296,0,0
7263,4.447,4.447,4.123,0.070,0.003,0.251,1,0.000,0.000,0.000,0,296,0,0
7264,4.404,4.404,4.046,0.071,0.004,0.283,1,0.000,0.000,0.000,0,296,0,0
7265,4.559,4.559,4.121,0.069,0.003,0.366,1,0.000,0.000,0.000,0,296,0,0
7266,4.364,4.364,4.040,0.069,0.003,0.252,1,0.000,0.000,0.000,0,296,0,0
7267,5.151,5.151,4.831,0.071,0.004,0.245,1,0.000,0.000,0.000,0,296,0,0
7268,4.650,4.650,4.258,0.070,0.004,0.318,1,0.000,0.000,0.000,0,296,0,0
7269,4.448,4.448,4.169,0.069,0.003,0.206,1,0.000,0.000,0.000,0,296,0,0
7270,4.280,4.280,4.043,0.069,0.003,0.165,1,0.000,0.000,0.000,0,296,0,0
7271,4.425,4.425,4.111,0.070,0.003,0.241,1,0.000,0.000,0.000,0,296,0,0
7272,4.259,4.259,4.004,0.070,0.003,0.183,1,0.000,0.000,0.000,0,296,0,0
7273,4.263,4.263,4.013,0.069,0.003,0.178,1,0.000,0.000,0.000,0,296,0,0
7274,5.300,5.300,5.008,0.086,0.004,0.201,1,0.000,0.000,0.000,0,296,0,0
7275,4.835,4.835,4.402,0.070,0.004,0.358,1,0.000,0.000,0.000,0,296,0,0
7276,4.532,4.532,4.121,0.070,0.003,0.338,1,0.000,0.000,0.000,0,296,0,0
7277,4.564,4.564,4.044,0.070,0.003,0.447,1,0.000,0.000,0.000,0,296,0,0
7278,4.464,4.464,4.054,0.070,0.004,0.336,1,0.000,0.000,0.000,0,296,0,0
7279,4.405,4.405,4.013,0.070,0.003,0.320,1,0.000,0.000,0.000,0,296,0,0
7280,4.530,4.530,4.039,0.070,0.003,0.418,1,0.000,0.000,0.000,0,296,0,0
7281,5.438,5.438,4.981,0.070,0.003,0.385,1,0.000,0.000,0.000,0,296,0,0
7282,4.454,4.454,4.062,0.070,0.004,0.318,1,0.000,0.000,0.000,0,296,0,0
7283,4.529,4.529,4.061,0.070,0.003,0.395,1,0.000,0.000,0.000,0,296,0,0
7284,4.475,4.475,4.103,0.069,0.003,0.300,1,0.000,0.000,0.000,0,296,0,0
7285,4.407,4.407,4.024,0.070,0.003,0.310,1,0.000,0.000,0.000,0,296,0,0
7286,4.507,4.507,4.051,0.069,0.003,0.384,1,0.000,0.000,0.000,0,296,0,0
7287,4.451,4.451,4.059,0.070,0.003,0.319,1,0.000,0.000,0.000,0,296,0,0
7288,4.392,4.392,4.001,0.069,0.004,0.319,1,0.000,0.000,0.000,0,296,0,0
7289,6.247,6.247,5.771,0.071,0.004,0.401,1,0.000,0.000,0.000,0,296,0,0
7290,4.909,4.909,4.474,0.070,0.004,0.361,1,0.000,0.000,0.000,0,296,0,0
7291,4.498,4.498,4.123,0.070,0.004,0.301,1,0.000,0.000,0.000,0,296,0,0
7292,4.528,4.528,4.060,0.069,0.004,0.396,1,0.000,0.000,0.000,0,296,0,0
7293,4.408,4.408,4.038,0.070,0.003,0.297,1,0.000,0.000,0.000,0,296,0,0
7294,5.320,5.320,4.931,0.073,0.008,0.308,1,0.000,0.000,0.000,0,296,0,0
7295,5.670,5.670,5.155,0.071,0.004,0.440,1,0.000,0.000,0.000,0,296,0,0
7296,4.833,4.833,4.487,0.070,0.004,0.272,1,0.000,0.000,0.000,0,296,0,0
7297,5.831,5.831,5.386,0.073,0.006,0.366,1,0.000,0.000,0.000,0,296,0,0
7298,5.081,5.081,4.742,0.077,0.004,0.258,1,0.000,0.000,0.000,0,296,0,0
7299,5.839,5.839,5.535,0.070,0.004,0.231,1,0.000,0.000,0.000,0,296,0,0
7300,5.866,5.866,5.364,0.070,0.004,0.428,1,0.000,0.000,0.000,0,296,0,0
7301,5.952,5.952,5.554,0.074,0.003,0.321,1,0.000,0.000,0.000,0,296,0,0
7302,4.891,4.891,4.471,0.070,0.006,0.343,1,0.000,0.000,0.000,0,296,0,0
7303,5.302,5.302,4.814,0.070,0.004,0.414,1,0.000,0.000,0.000,0,296,0,0
7304,4.576,4.576,4.194,0.070,0.003,0.309,1,0.000,0.000,0.000,0,296,0,0
7305,4.547,4.547,4.175,0.070,0.004,0.299,1,0.000,0.000,0.000,0,296,0,0
7306,4.849,4.849,4.390,0.076,0.004,0.380,1,0.000,0.000,0.000,0,296,0,0
7307,4.480,4.480,4.140,0.070,0.003,0.267,1,0.000,0.000,0.000,0,296,0,0
7308,4.504,4.504,4.127,0.084,0.003,0.289,1,0.000,0.000,0.000,0,296,0,0
7309,5.645,5.645,5.168,0.072,0.005,0.400,1,0.000,0.000,0.000,0,296,0,0
7310,7.423,7.423,7.049,0.072,0.004,0.300,1,0.000,0.000,0.000,0,296,0,0
7311,5.278,5.278,4.887,0.079,0.005,0.307,1,0.000,0.000,0.000,0,296,0,0
7312,5.684,5.684,5.262,0.070,0.005,0.346,1,0.000,0.000,0.000,0,296,0,0
7313,4.538,4.538,4.280,0.071,0.003,0.183,1,0.000,0.000,0.000,0,296,0,0
7314,4.502,4.502,4.247,0.069,0.004,0.182,1,0.000,0.000,0.000,0,296,0,0
7315,4.515,4.515,4.162,0.070,0.003,0.280,1,0.000,0.000,0.000,0,296,0,0
7316,4.304,4.304,4.046,0.070,0.003,0.185,1,0.000,0.000,0.000,0,296,0,0
7317,4.258,4.258,4.027,0.069,0.003,0.159,1,0.000,0.000,0.000,0,296,0,0
7318,4.876,4.876,4.423,0.089,0.004,0.360,1,0.000,0.000,0.000,0,296,0,0
7319,4.874,4.874,4.563,0.070,0.003,0.237,1,0.000,0.000,0.000,0,296,0,0
7320,4.549,4.549,4.144,0.069,0.003,0.332,1,0.000,0.000,0.000,0,296,0,0
7321,4.539,4.539,4.052,0.069,0.004,0.414,1,0.000,0.000,0.000,0,296,0,0
7322,4.454,4.454,4.055,0.070,0.003,0.326,1,0.000,0.000,0.000,0,296,0,0
7323,4.441,4.441,4.038,0.069,0.004,0.329,1,0.000,0.000,0.000,0,296,0,0
7324,4.532,4.532,4.025,0.069,0.003,0.435,1,0.000,0.000,0.000,0,296,0,0
7325,4.474,4.474,4.071,0.070,0.003,0.330,1,0.000,0.000,0.000,0,296,0,0
7326,5.282,5.282,4.853,0.073,0.007,0.350,1,0.000,0.000,0.000,0,296,0,0
7327,5.992,5.992,5.513,0.071,0.005,0.403,1,0.000,0.000,0.000,0,296,0,0
7328,4.834,4.834,4.435,0.070,0.004,0.325,1,0.000,0.000,0.000,0,296,0,0
7329,8.360,8.360,7.940,0.071,0.005,0.344,1,0.000,0.000,0.000,0,296,0,0
7330,5.586,5.586,5.068,0.072,0.006,0.440,1,0.000,0.000,0.000,0,296,0,0
7331,5.500,5.500,5.105,0.082,0.005,0.308,1,0.000,0.000,0.000,0,296,0,0
7332,4.786,4.786,4.436,0.071,0.003,0.276,1,0.000,0.000,0.000,0,296,0,0
7333,4.619,4.619,4.185,0.070,0.003,0.360,1,0.000,0.000,0.000,0,296,0,0
7334,4.750,4.750,4.344,0.070,0.003,0.332,1,0.000,0.000,0.000,0,296,0,0
7335,4.524,4.524,4.142,0.070,0.003,0.309,1,0.000,0.000,0.000,0,296,0,0
7336,4.555,4.555,4.109,0.070,0.003,0.374,1,0.000,0.000,0.000,0,296,0,0
7337,4.412,4.412,4.049,0.071,0.003,0.289,1,0.000,0.000,0.000,0,296,0,0
7338,5.707,5.707,5.330,0.070,0.004,0.303,1,0.000,0.000,0.000,0,296,0,0
7339,7.108,7.108,6.675,0.070,0.003,0.360,1,0.000,0.000,0.000,0,296,0,0
7340,4.968,4.968,4.628,0.069,0.003,0.268,1,0.000,0.000,0.000,0,296,0,0
7341,5.065,5.065,4.737,0.074,0.003,0.251,1,0.000,0.000,0.000,0,296,0,0
7342,5.222,5.222,4.791,0.070,0.003,0.358,1,0.000,0.000,0.000,0,296,0,0
7343,5.341,5.341,4.950,0.072,0.006,0.312,1,0.000,0.000,0.000,0,296,0,0
7344,4.973,4.973,4.611,0.071,0.004,0.287,1,0.000,0.000,0.000,0,296,0,0
7345,4.670,4.670,4.233,0.070,0.004,0.363,1,0.000,0.000,0.000,0,296,0,0
7346,4.436,4.436,4.084,0.069,0.004,0.280,1,0.000,0.000,0.000,0,296,0,0
7347,4.418,4.418,4.079,0.069,0.003,0.268,1,0.000,0.000,0.000,0,296,0,0
7348,5.054,5.054,4.623,0.070,0.003,0.357,1,0.000,0.000,0.000,0,296,0,0
7349,6.147,6.147,5.730,0.074,0.008,0.335,1,0.000,0.000,0.000,0,296,0,0
7350,5.402,5.402,5.047,0.081,0.005,0.269,1,0.000,0.000,0.000,0,312,0,0
7351,4.849,4.849,4.421,0.074,0.006,0.348,1,0.000,0.000,0.000,0,312,0,0
7352,4.499,4.499,4.150,0.073,0.003,0.273,1,0.000,0.000,0.000,0,312,0,0
7353,4.436,4.436,4.104,0.073,0.003,0.256,1,0.000,0.000,0.000,0,312,0,0
7354,4.527,4.527,4.099,0.074,0.004,0.352,1,0.000,0.000,0.000,0,312,0,0
7355,4.477,4.477,4.160,0.072,0.003,0.240,1,0.000,0.000,0.000,0,312,0,0
7356,4.515,4.515,4.238,0.073,0.003,0.200,1,0.000,0.000,0.000,0,312,0,0
7357,5.325,5.325,4.931,0.074,0.004,0.316,1,0.000,0.000,0.000,0,312,0,0
7358,5.205,5.205,4.937,0.074,0.004,0.190,1,0.000,0.000,0.000,0,312,0,0
7359,5.298,5.298,4.979,0.072,0.004,0.243,1,0.000,0.000,0.000,0,312,0,0
7360,5.320,5.320,4.896,0.101,0.003,0.319,1,0.000,0.000,0.000,0,312,1,0
7361,6.086,6.086,5.745,0.076,0.005,0.260,1,0.000,0.000,0.000,0,312,0,0
7362,5.561,5.561,5.232,0.075,0.005,0.250,1,0.000,0.000,0.000,0,312,0,0
7363,5.340,5.340,4.952,0.072,0.004,0.311,1,0.000,0.000,0.000,0,312,0,0
7364,5.170,5.170,4.831,0.073,0.003,0.263,1,0.000,0.000,0.000,0,312,0,0
7365,4.648,4.648,4.352,0.073,0.003,0.220,1,0.000,0.000,0.000,0,312,0,0
7366,4.645,4.645,4.291,0.073,0.003,0.278,1,0.000,0.000,0.000,0,312,0,0
7367,4.596,4.596,4.324,0.073,0.003,0.197,1,0.000,0.000,0.000,0,312,0,0
7368,6.230,6.230,5.952,0.073,0.004,0.201,1,0.000,0.000,0.000,0,312,0,0
7369,4.994,4.994,4.612,0.096,0.004,0.282,1,0.000,0.000,0.000,0,312,0,0
7370,4.687,4.687,4.404,0.073,0.004,0.206,1,0.000,0.000,0.000,0,312,0,0
7371,4.766,4.766,4.454,0.072,0.004,0.236,1,0.000,0.000,0.000,0,312,0,0
7372,5.267,5.267,4.798,0.074,0.004,0.392,1,0.000,0.000,0.000,0,312,0,0
7373,6.027,6.027,5.620,0.077,0.006,0.324,1,0.000,0.000,0.000,0,312,0,0
7374,5.719,5.719,5.293,0.075,0.004,0.347,1,0.000,0.000,0.000,0,312,0,0
7375,5.421,5.421,4.876,0.079,0.004,0.462,1,0.000,0.000,0.000,0,312,0,0
7376,5.676,5.676,5.307,0.073,0.004,0.291,1,0.000,0.000,0.000,0,312,0,0
7377,5.519,5.519,5.126,0.075,0.005,0.312,1,0.000,0.000,0.000,0,312,0,0
7378,5.089,5.089,4.628,0.074,0.003,0.383,1,0.000,0.000,0.000,0,312,0,0
7379,5.129,5.129,4.639,0.074,0.003,0.413,1,0.000,0.000,0.000,0,312,0,0
7380,4.851,4.851,4.387,0.073,0.003,0.388,1,0.000,0.000,0.000,0,312,0,0
7381,5.175,5.175,4.483,0.073,0.004,0.616,1,0.000,0.000,0.000,0,312,0,0
7382,4.860,4.860,4.380,0.073,0.003,0.404,1,0.000,0.000,0.000,0,312,0,0
7383,4.753,4.753,4.270,0.072,0.003,0.407,1,0.000,0.000,0.000,0,312,0,0
7384,4.906,4.906,4.309,0.072,0.003,0.522,1,0.000,0.000,0.000,0,312,0,0
7385,4.821,4.821,4.357,0.073,0.003,0.388,1,0.000,0.000,0.000,0,312,0,0
7386,4.741,4.741,4.315,0.073,0.004,0.350,1,0.000,0.000,0.000,0,312,0,0
7387,5.465,5.465,4.961,0.077,0.006,0.420,1,0.000,0.000,0.000,0,312,0,0
7388,5.449,5.449,5.090,0.074,0.004,0.281,1,0.000,0.000,0.000,0,312,0,0
7389,5.692,5.692,5.260,0.076,0.006,0.351,1,0.000,0.000,0.000,0,312,0,0
7390,5.089,5.089,4.617,0.073,0.003,0.395,1,0.000,0.000,0.000,0,312,0,0
7391,4.813,4.813,4.423,0.074,0.004,0.312,1,0.000,0.000,0.000,0,312,0,0
7392,4.712,4.712,4.325,0.072,0.004,0.311,1,0.000,0.000,0.000,0,312,0,0
7393,5.056,5.056,4.557,0.073,0.003,0.423,1,0.000,0.000,0.000,0,312,0,0
7394,5.149,5.149,4.599,0.130,0.004,0.417,1,0.000,0.000,0.000,0,312,0,0
7395,4.926,4.926,4.435,0.073,0.005,0.413,1,0.000,0.000,0.000,0,312,0,0
7396,4.722,4.722,4.339,0.073,0.004,0.306,1,0.000,0.000,0.000,0,312,0,0
7397,5.480,5.480,5.086,0.075,0.004,0.315,1,0.000,0.000,0.000,0,312,0,0
7398,5.534,5.534,5.070,0.074,0.003,0.386,1,0.000,0.000,0.000,0,312,0,0
7399,5.919,5.919,5.544,0.075,0.005,0.295,1,0.000,0.000,0.000,0,312,0,0
7400,6.678,6.678,6.297,0.073,0.004,0.303,1,0.000,0.000,0.000,0,312,0,0
7401,5.718,5.718,5.281,0.075,0.005,0.357,1,0.000,0.000,0.000,0,312,0,0
7402,5.194,5.194,4.890,0.078,0.004,0.222,1,0.000,0.000,0.000,0,312,0,0
7403,5.725,5.725,5.411,0.075,0.005,0.234,1,0.000,0.000,0.000,0,312,0,0
7404,4.927,4.927,4.533,0.073,0.004,0.318,1,0.000,0.000,0.000,0,312,0,0
7405,5.271,5.271,4.928,0.074,0.004,0.265,1,0.000,0.000,0.000,0,312,0,0
7406,6.643,6.643,6.300,0.079,0.004,0.260,1,0.000,0.000,0.000,0,312,0,0
7407,6.593,6.593,6.183,0.075,0.004,0.331,1,0.000,0.000,0.000,0,312,0,0
7408,6.364,6.364,5.989,0.076,0.006,0.292,1,0.000,0.000,0.000,0,312,0,0
7409,5.593,5.593,5.208,0.075,0.005,0.305,1,0.000,0.000,0.000,0,312,0,0
7410,4.900,4.900,4.522,0.074,0.004,0.299,1,0.000,0.000,0.000,0,312,0,0
7411,5.384,5.384,5.081,0.074,0.004,0.225,1,0.000,0.000,0.000,0,312,0,0
7412,4.693,4.693,4.390,0.073,0.004,0.227,1,0.000,0.000,0.000,0,312,0,0
7413,4.750,4.750,4.396,0.073,0.003,0.278,1,0.000,0.000,0.000,0,312,0,0
7414,4.602,4.602,4.328,0.073,0.003,0.197,1,0.000,0.000,0.000,0,312,0,0
7415,4.576,4.576,4.334,0.073,0.003,0.166,1,0.000,0.000,0.000,0,312,0,0
7416,4.816,4.816,4.432,0.074,0.004,0.307,1,0.000,0.000,0.000,0,312,0,0
7417,4.579,4.579,4.277,0.073,0.004,0.225,1,0.000,0.000,0.000,0,312,0,0
7418,4.866,4.866,4.549,0.085,0.004,0.227,1,0.000,0.000,0.000,0,312,0,0
7419,5.677,5.677,5.200,0.072,0.007,0.399,1,0.000,0.000,0.000,0,312,0,0
7420,5.313,5.313,4.936,0.074,0.004,0.298,1,0.000,0.000,0.000,0,312,0,0
7421,5.266,5.266,4.881,0.075,0.004,0.306,1,0.000,0.000,0.000,0,312,0,0
7422,4.954,4.954,4.483,0.074,0.004,0.394,1,0.000,0.000,0.000,0,312,0,0
7423,4.902,4.902,4.525,0.075,0.004,0.298,1,0.000,0.000,0.000,0,312,0,0
7424,4.794,4.794,4.431,0.075,0.004,0.283,1,0.000,0.000,0.000,0,312,0,0
7425,6.061,6.061,5.633,0.073,0.004,0.351,1,0.000,0.000,0.000,0,312,0,0
7426,4.685,4.685,4.381,0.073,0.004,0.228,1,0.000,0.000,0.000,0,312,0,0
7427,4.580,4.580,4.276,0.073,0.004,0.227,1,0.000,0.000,0.000,0,312,0,0
7428,4.687,4.687,4.298,0.073,0.003,0.313,1,0.000,0.000,0.000,0,312,0,0
7429,4.626,4.626,4.314,0.073,0.004,0.236,1,0.000,0.000,0.000,0,312,0,0
7430,4.505,4.505,4.217,0.073,0.003,0.211,1,0.000,0.000,0.000,0,312,0,0
7431,4.695,4.695,4.339,0.073,0.003,0.280,1,0.000,0.000,0.000,0,312,0,0
7432,6.796,6.796,6.509,0.078,0.007,0.202,1,0.000,0.000,0.000,0,312,0,0
7433,5.354,5.354,5.057,0.074,0.005,0.218,1,0.000,0.000,0.000,0,312,0,0
7434,4.840,4.840,4.504,0.074,0.004,0.258,1,0.000,0.000,0.000,0,312,0,0
7435,4.643,4.643,4.386,0.073,0.003,0.180,1,0.000,0.000,0.000,0,312,0,0
7436,4.543,4.543,4.308,0.073,0.003,0.159,1,0.000,0.000,0.000,0,312,0,0
7437,4.592,4.592,4.310,0.074,0.003,0.204,1,0.000,0.000,0.000,0,312,0,0
7438,5.573,5.573,5.187,0.147,0.006,0.233,1,0.000,0.000,0.000,0,312,0,0
7439,6.400,6.400,6.018,0.075,0.005,0.301,1,0.000,0.000,0.000,0,312,0,0
7440,5.163,5.163,4.718,0.073,0.004,0.367,1,0.000,0.000,0.000,0,312,0,0
7441,5.385,5.385,5.029,0.073,0.005,0.278,1,0.000,0.000,0.000,0,312,0,0
7442,4.809,4.809,4.438,0.073,0.003,0.295,1,0.000,0.000,0.000,0,312,0,0
7443,5.298,5.298,4.819,0.077,0.004,0.397,1,0.000,0.000,0.000,0,312,0,0
7444,5.131,5.131,4.770,0.079,0.003,0.280,1,0.000,0.000,0.000,0,312,0,0
7445,7.335,7.335,6.957,0.074,0.004,0.300,1,0.000,0.000,0.000,0,312,0,0
7446,5.379,5.379,4.948,0.074,0.004,0.354,1,0.000,0.000,0.000,0,312,0,0
7447,5.781,5.781,5.393,0.093,0.006,0.288,1,0.000,0.000,0.000,0,312,0,0
7448,5.038,5.038,4.658,0.075,0.004,0.301,1,0.000,0.000,0.000,0,312,0,0
7449,5.012,5.012,4.532,0.074,0.004,0.403,1,0.000,0.000,0.000,0,312,0,0
7450,5.146,5.146,4.754,0.076,0.005,0.310,1,0.000,0.000,0.000,0,312,0,0
7451,4.984,4.984,4.604,0.074,0.005,0.300,1,0.000,0.000,0.000,0,312,0,0
7452,4.832,4.832,4.376,0.074,0.003,0.379,1,0.000,0.000,0.000,0,312,0,0
7453,4.945,4.945,4.510,0.073,0.003,0.360,1,0.000,0.000,0.000,0,312,0,0
7454,5.561,5.561,5.282,0.074,0.005,0.200,1,0.000,0.000,0.000,0,312,0,0
7455,5.724,5.724,5.367,0.077,0.006,0.274,1,0.000,0.000,0.000,0,312,0,0
7456,5.016,5.016,4.758,0.074,0.004,0.180,1,0.000,0.000,0.000,0,312,0,0
7457,4.731,4.731,4.474,0.073,0.004,0.180,1,0.000,0.000,0.000,0,312,0,0
7458,4.654,4.654,4.360,0.074,0.004,0.217,1,0.000,0.000,0.000,0,312,0,0
7459,4.577,4.577,4.333,0.073,0.003,0.168,1,0.000,0.000,0.000,0,312,0,0
7460,4.548,4.548,4.305,0.073,0.004,0.166,1,0.000,0.000,0.000,0,312,0,0
7461,4.598,4.598,4.289,0.073,0.003,0.233,1,0.000,0.000,0.000,0,312,0,0
7462,5.333,5.333,5.063,0.075,0.006,0.190,1,0.000,0.000,0.000,0,312,0,0
7463,5.051,5.051,4.777,0.074,0.004,0.196,1,0.000,0.000,0.000,0,312,0,0
7464,5.991,5.991,5.691,0.075,0.004,0.221,1,0.000,0.000,0.000,0,312,0,0
7465,6.347,6.347,6.092,0.075,0.006,0.174,1,0.000,0.000,0.000,0,312,0,0
7466,5.017,5.017,4.788,0.074,0.004,0.151,1,0.000,0.000,0.000,0,312,0,0
7467,4.781,4.781,4.512,0.074,0.003,0.191,1,0.000,0.000,0.000,0,312,0,0
7468,5.642,5.642,5.324,0.075,0.006,0.236,1,0.000,0.000,0.000,0,312,0,0
7469,5.072,5.072,4.762,0.074,0.005,0.231,1,0.000,0.000,0.000,0,312,0,0
7470,5.049,5.049,4.692,0.074,0.003,0.281,1,0.000,0.000,0.000,0,312,0,0
7471,5.576,5.576,5.262,0.075,0.005,0.233,1,0.000,0.000,0.000,0,312,0,0
7472,5.716,5.716,5.417,0.074,0.004,0.221,1,0.000,0.000,0.000,0,312,0,0
7473,5.373,5.373,4.953,0.073,0.004,0.343,1,0.000,0.000,0.000,0,312,0,0
7474,5.926,5.926,5.635,0.073,0.005,0.213,1,0.000,0.000,0.000,0,312,0,0
7475,5.692,5.692,5.421,0.077,0.007,0.187,1,0.000,0.000,0.000,0,312,0,0
7476,5.970,5.970,5.539,0.074,0.004,0.352,1,0.000,0.000,0.000,0,312,0,0
7477,5.290,5.290,4.973,0.075,0.005,0.237,1,0.000,0.000,0.000,0,312,0,0
7478,5.469,5.469,5.101,0.075,0.004,0.289,1,0.000,0.000,0.000,0,312,0,0
7479,5.410,5.410,4.893,0.075,0.005,0.438,1,0.000,0.000,0.000,0,312,0,0
7480,4.830,4.830,4.438,0.074,0.003,0.314,1,0.000,0.000,0.000,0,312,0,0
7481,4.700,4.700,4.312,0.072,0.004,0.313,1,0.000,0.000,0.000,0,312,0,0
7482,5.758,5.758,5.041,0.077,0.003,0.637,1,0.000,0.000,0.000,0,312,0,0
7483,6.223,6.223,5.814,0.075,0.005,0.328,1,0.000,0.000,0.000,0,312,0,0
7484,5.408,5.408,5.003,0.075,0.006,0.323,1,0.000,0.000,0.000,0,312,0,0
7485,5.121,5.121,4.573,0.153,0.004,0.391,1,0.000,0.000,0.000,0,312,0,0
7486,4.788,4.788,4.410,0.073,0.005,0.300,1,0.000,0.000,0.000,0,312,0,0
7487,4.653,4.653,4.289,0.073,0.004,0.287,1,0.000,0.000,0.000,0,312,0,0
7488,4.856,4.856,4.349,0.073,0.004,0.431,1,0.000,0.000,0.000,0,312,0,0
7489,4.737,4.737,4.366,0.073,0.004,0.294,1,0.000,0.000,0.000,0,312,0,0
7490,4.703,4.703,4.325,0.072,0.003,0.302,1,0.000,0.000,0.000,0,312,0,0
7491,5.423,5.423,4.944,0.080,0.005,0.393,1,0.000,0.000,0.000,0,312,0,0
7492,5.547,5.547,5.213,0.074,0.003,0.257,1,0.000,0.000,0.000,0,312,0,0
7493,5.736,5.736,5.352,0.073,0.005,0.307,1,0.000,0.000,0.000,0,312,0,0
7494,5.655,5.655,5.178,0.076,0.007,0.393,1,0.000,0.000,0.000,0,312,0,0
7495,6.258,6.258,5.908,0.074,0.004,0.273,1,0.000,0.000,0.000,0,312,0,0
7496,5.431,5.431,5.010,0.075,0.004,0.342,1,0.000,0.000,0.000,0,312,0,0
7497,4.975,4.975,4.649,0.072,0.003,0.250,1,0.000,0.000,0.000,0,312,0,0
7498,4.752,4.752,4.320,0.073,0.004,0.355,1,0.000,0.000,0.000,0,312,0,0
7499,4.801,4.801,4.442,0.074,0.003,0.282,1,0.000,0.000,0.000,0,312,0,0
7500,4.489,4.489,4.225,0.073,0.004,0.187,1,0.000,0.000,0.000,0,312,0,0
7501,4.938,4.938,4.663,0.081,0.005,0.189,1,0.000,0.000,0.000,0,312,0,0
7502,4.872,4.872,4.546,0.073,0.004,0.248,1,0.000,0.000,0.000,0,312,0,0
7503,4.597,4.597,4.314,0.074,0.020,0.188,1,0.000,0.000,0.000,0,312,0,0
7504,4.537,4.537,4.262,0.073,0.003,0.199,1,0.000,0.000,0.000,0,312,0,0
7505,4.540,4.540,4.240,0.073,0.004,0.222,1,0.000,0.000,0.000,0,312,0,0
7506,4.408,4.408,4.191,0.072,0.003,0.141,1,0.000,0.000,0.000,0,312,0,0
7507,4.499,4.499,4.282,0.073,0.003,0.141,1,0.000,0.000,0.000,0,312,0,0
7508,4.604,4.604,4.268,0.073,0.003,0.261,1,0.000,0.000,0.000,0,312,0,0
7509,4.444,4.444,4.191,0.073,0.003,0.177,1,0.000,0.000,0.000,0,312,0,0
7510,5.574,5.574,5.313,0.075,0.005,0.181,1,0.000,0.000,0.000,0,312,0,0
7511,5.004,5.004,4.709,0.078,0.003,0.214,1,0.000,0.000,0.000,0,312,0,0
7512,5.199,5.199,4.938,0.075,0.005,0.181,1,0.000,0.000,0.000,0,312,0,0
7513,4.796,4.796,4.333,0.074,0.003,0.385,1,0.000,0.000,0.000,0,312,0,0
7514,4.846,4.846,4.330,0.073,0.003,0.440,1,0.000,0.000,0.000,0,312,0,0
7515,4.641,4.641,4.243,0.073,0.003,0.321,1,0.000,0.000,0.000,0,312,0,0
7516,4.618,4.618,4.226,0.074,0.003,0.315,1,0.000,0.000,0.000,0,312,0,0
7517,4.691,4.691,4.225,0.073,0.003,0.390,1,0.000,0.000,0.000,0,312,0,0
7518,5.464,5.464,5.079,0.075,0.005,0.305,1,0.000,0.000,0.000,0,312,0,0
7519,4.994,4.994,4.621,0.073,0.004,0.295,1,0.000,0.000,0.000,0,312,0,0
7520,5.594,5.594,5.163,0.075,0.005,0.352,1,0.000,0.000,0.000,0,312,0,0
7521,5.002,5.002,4.690,0.073,0.004,0.234,1,0.000,0.000,0.000,0,312,0,0
7522,6.251,6.251,5.918,0.075,0.005,0.253,1,0.000,0.000,0.000,0,312,0,0
7523,5.916,5.916,5.469,0.076,0.005,0.366,1,0.000,0.000,0.000,0,312,0,0
7524,6.148,6.148,5.793,0.075,0.005,0.275,1,0.000,0.000,0.000,0,312,0,0
7525,4.952,4.952,4.596,0.091,0.004,0.261,1,0.000,0.000,0.000,0,312,0,0
7526,4.747,4.747,4.328,0.073,0.004,0.342,1,0.000,0.000,0.000,0,312,0,0
7527,4.812,4.812,4.422,0.073,0.004,0.312,1,0.000,0.000,0.000,0,312,0,0
7528,4.882,4.882,4.526,0.073,0.004,0.279,1,0.000,0.000,0.000,0,312,0,0
7529,4.676,4.676,4.280,0.073,0.004,0.319,1,0.000,0.000,0.000,0,312,0,0
7530,4.547,4.547,4.231,0.072,0.003,0.240,1,0.000,0.000,0.000,0,312,0,0
7531,5.027,5.027,4.679,0.076,0.011,0.261,1,0.000,0.000,0.000,0,312,0,0
7532,4.856,4.856,4.468,0.073,0.005,0.310,1,0.000,0.000,0.000,0,312,0,0
7533,5.729,5.729,5.417,0.079,0.005,0.228,1,0.000,0.000,0.000,0,312,0,0
7534,5.269,5.269,4.967,0.075,0.005,0.222,1,0.000,0.000,0.000,0,312,0,0
7535,5.672,5.672,5.269,0.089,0.005,0.310,1,0.000,0.000,0.000,0,312,0,0
7536,5.033,5.033,4.763,0.081,0.004,0.186,1,0.000,0.000,0.000,0,312,0,0
7537,5.216,5.216,4.867,0.102,0.005,0.243,1,0.000,0.000,0.000,0,312,0,0
7538,4.871,4.871,4.456,0.074,0.004,0.336,1,0.000,0.000,0.000,0,312,0,0
7539,4.658,4.658,4.290,0.073,0.004,0.292,1,0.000,0.000,0.000,0,312,0,0
7540,5.548,5.548,5.195,0.074,0.003,0.276,1,0.000,0.000,0.000,0,312,0,0
7541,6.063,6.063,5.483,0.081,0.003,0.495,1,0.000,0.000,0.000,0,312,0,0
7542,6.402,6.402,6.028,0.075,0.003,0.296,1,0.000,0.000,0.000,0,312,0,0
7543,6.015,6.015,5.578,0.075,0.006,0.356,1,0.000,0.000,0.000,0,312,0,0
7544,5.583,5.583,5.087,0.075,0.005,0.416,1,0.000,0.000,0.000,0,312,0,0
7545,5.089,5.089,4.718,0.076,0.004,0.290,1,0.000,0.000,0.000,0,312,0,0
7546,5.492,5.492,5.110,0.074,0.005,0.302,1,0.000,0.000,0.000,0,312,0,0
7547,4.934,4.934,4.461,0.074,0.004,0.396,1,0.000,0.000,0.000,0,312,0,0
7548,5.279,5.279,4.901,0.074,0.003,0.300,1,0.000,0.000,0.000,0,312,0,0
7549,4.645,4.645,4.290,0.074,0.004,0.277,1,0.000,0.000,0.000,0,312,0,0
7550,4.818,4.818,4.413,0.073,0.003,0.329,1,0.000,0.000,0.000,0,312,0,0
7551,4.485,4.485,4.225,0.073,0.004,0.183,1,0.000,0.000,0.000,0,312,0,0
7552,4.666,4.666,4.372,0.073,0.003,0.218,1,0.000,0.000,0.000,0,312,0,0
7553,4.651,4.651,4.259,0.073,0.003,0.316,1,0.000,0.000,0.000,0,312,0,0
7554,5.399,5.399,5.094,0.077,0.006,0.221,1,0.000,0.000,0.000,0,312,0,0
7555,5.035,5.035,4.747,0.075,0.005,0.208,1,0.000,0.000,0.000,0,312,0,0
7556,4.672,4.672,4.334,0.073,0.003,0.261,1,0.000,0.000,0.000,0,312,0,0
7557,4.833,4.833,4.471,0.074,0.003,0.285,1,0.000,0.000,0.000,0,312,0,0
7558,5.309,5.309,4.916,0.074,0.004,0.316,1,0.000,0.000,0.000,0,312,0,0
7559,5.954,5.954,5.485,0.076,0.004,0.390,1,0.000,0.000,0.000,0,320,0,0
7560,5.326,5.326,4.950,0.075,0.004,0.297,1,0.000,0.000,0.000,0,320,0,0
7561,5.444,5.444,5.069,0.075,0.004,0.296,1,0.000,0.000,0.000,0,320,0,0
7562,5.392,5.392,4.906,0.075,0.004,0.407,1,0.000,0.000,0.000,0,320,0,0
7563,5.263,5.263,4.883,0.076,0.003,0.301,1,0.000,0.000,0.000,0,320,0,0
7564,5.211,5.211,4.842,0.076,0.003,0.289,1,0.000,0.000,0.000,0,320,0,0
7565,5.246,5.246,4.814,0.076,0.004,0.352,1,0.000,0.000,0.000,0,320,0,0
7566,4.480,4.480,4.137,0.075,0.003,0.265,1,0.000,0.000,0.000,0,320,0,0
7567,5.296,5.296,4.912,0.079,0.006,0.299,1,0.000,0.000,0.000,0,320,0,0
7568,4.905,4.905,4.473,0.076,0.005,0.352,1,0.000,0.000,0.000,0,320,0,0
7569,4.487,4.487,4.164,0.075,0.004,0.244,1,0.000,0.000,0.000,0,320,0,0
7570,4.545,4.545,4.228,0.075,0.004,0.238,1,0.000,0.000,0.000,0,320,0,0
7571,4.580,4.580,4.178,0.076,0.004,0.322,1,0.000,0.000,0.000,0,320,0,0
7572,4.799,4.799,4.351,0.076,0.004,0.367,1,0.000,0.000,0.000,0,320,0,0
7573,4.461,4.461,4.086,0.074,0.003,0.297,1,0.000,0.000,0.000,0,320,0,0
7574,4.590,4.590,4.124,0.075,0.003,0.387,1,0.000,0.000,0.000,0,320,0,0
7575,4.475,4.475,4.102,0.075,0.004,0.294,1,0.000,0.000,0.000,0,320,0,0
7576,7.815,7.815,7.425,0.078,0.007,0.305,1,0.000,0.000,0.000,0,320,0,0
7577,5.589,5.589,5.121,0.078,0.005,0.385,1,0.000,0.000,0.000,0,320,0,0
7578,5.328,5.328,4.964,0.076,0.005,0.283,1,0.000,0.000,0.000,0,320,0,0
7579,4.591,4.591,4.245,0.075,0.003,0.267,1,0.000,0.000,0.000,0,320,0,0
7580,5.902,5.902,5.430,0.080,0.005,0.387,1,0.000,0.000,0.000,0,344,0,0
7581,5.719,5.719,5.366,0.077,0.003,0.273,1,0.000,0.000,0.000,0,368,0,0
7582,5.594,5.594,5.155,0.079,0.006,0.354,1,0.000,0.000,0.000,0,392,0,0
7583,4.976,4.976,4.474,0.077,0.004,0.420,1,0.000,0.000,0.000,0,416,0,0
7584,4.667,4.667,4.282,0.077,0.004,0.304,1,0.000,0.000,0.000,0,440,0,0
7585,4.559,4.559,4.177,0.076,0.004,0.302,1,0.000,0.000,0.000,0,464,0,0
7586,5.817,5.817,5.337,0.076,0.004,0.399,1,0.000,0.000,0.000,0,488,0,0
7587,4.798,4.798,4.395,0.076,0.004,0.323,1,0.000,0.000,0.000,0,512,0,0
7588,4.510,4.510,4.220,0.076,0.004,0.211,1,0.000,0.000,0.000,0,536,0,0
7589,4.578,4.578,4.218,0.076,0.003,0.281,1,0.000,0.000,0.000,0,560,0,0
7590,5.602,5.602,5.300,0.078,0.005,0.219,1,0.000,0.000,0.000,0,580,0,0
7591,5.628,5.628,5.338,0.080,0.004,0.205,1,0.000,0.000,0.000,0,580,0,0
7592,5.293,5.293,4.952,0.082,0.003,0.256,1,0.000,0.000,0.000,0,580,0,0
7593,4.964,4.964,4.667,0.077,0.006,0.214,1,0.000,0.000,0.000,0,580,0,0
7594,4.747,4.747,4.510,0.079,0.005,0.154,1,0.000,0.000,0.000,0,580,0,0
7595,4.552,4.552,4.270,0.078,0.004,0.200,1,0.000,0.000,0.000,0,580,0,0
7596,4.407,4.407,4.213,0.077,0.004,0.113,1,0.000,0.000,0.000,0,580,0,0
7597,5.143,5.143,4.851,0.078,0.004,0.209,1,0.000,0.000,0.000,0,580,0,0
7598,5.376,5.376,5.102,0.109,0.004,0.161,1,0.000,0.000,0.000,0,580,0,0
7599,4.990,4.990,4.757,0.078,0.004,0.152,1,0.000,0.000,0.000,0,580,0,0
7600,5.847,5.847,5.568,0.076,0.004,0.199,1,0.000,0.000,0.000,0,580,0,0
7601,4.611,4.611,4.380,0.078,0.003,0.150,1,0.000,0.000,0.000,0,580,0,0
7602,4.510,4.510,4.255,0.077,0.003,0.175,1,0.000,0.000,0.000,0,580,0,0
7603,4.539,4.539,4.210,0.077,0.004,0.249,1,0.000,0.000,0.000,0,580,0,0
7604,4.443,4.443,4.203,0.076,0.003,0.160,1,0.000,0.000,0.000,0,580,0,0
7605,4.396,4.396,4.165,0.077,0.004,0.150,1,0.000,0.000,0.000,0,580,0,0
7606,4.526,4.526,4.247,0.077,0.003,0.199,1,0.000,0.000,0.000,0,580,0,0
7607,5.384,5.384,5.118,0.080,0.006,0.181,1,0.000,0.000,0.000,0,580,0,0
7608,4.965,4.965,4.717,0.078,0.005,0.166,1,0.000,0.000,0.000,0,580,0,0
7609,4.743,4.743,4.399,0.077,0.003,0.264,1,0.000,0.000,0.000,0,580,0,0
7610,4.598,4.598,4.278,0.078,0.003,0.237,1,0.000,0.000,0.000,0,580,0,0
7611,4.655,4.655,4.337,0.077,0.003,0.238,1,0.000,0.000,0.000,0,580,0,0
7612,5.359,5.359,4.816,0.081,0.005,0.457,1,0.000,0.000,0.000,0,580,0,0
7613,6.297,6.297,5.868,0.084,0.004,0.341,1,0.000,0.000,0.000,0,580,0,0
7614,5.287,5.287,4.845,0.115,0.006,0.321,1,0.000,0.000,0.000,0,580,1,0
7615,5.472,5.472,4.993,0.078,0.005,0.396,1,0.000,0.000,0.000,0,580,0,0
7616,4.944,4.944,4.576,0.077,0.004,0.288,1,0.000,0.000,0.000,0,580,0,0
7617,4.835,4.835,4.357,0.078,0.004,0.397,1,0.000,0.000,0.000,0,580,0,0
7618,5.221,5.221,4.731,0.080,0.004,0.406,1,0.000,0.000,0.000,0,580,0,0
7619,5.502,5.502,5.120,0.078,0.004,0.299,1,0.000,0.000,0.000,0,580,0,0
7620,6.669,6.669,6.267,0.081,0.004,0.318,1,0.000,0.000,0.000,0,580,0,0
7621,4.998,4.998,4.500,0.079,0.004,0.415,1,0.000,0.000,0.000,0,580,0,0
7622,4.758,4.758,4.368,0.077,0.004,0.308,1,0.000,0.000,0.000,0,580,0,0
7623,4.765,4.765,4.367,0.076,0.003,0.319,1,0.000,0.000,0.000,0,576,0,0
7624,4.744,4.744,4.299,0.077,0.003,0.364,1,0.000,0.000,0.000,0,576,0,0
7625,4.425,4.425,4.081,0.075,0.003,0.266,1,0.000,0.000,0.000,0,320,0,0
7626,5.127,5.127,4.748,0.076,0.004,0.299,1,0.000,0.000,0.000,0,320,0,0
7627,4.654,4.654,4.248,0.074,0.004,0.328,1,0.000,0.000,0.000,0,320,0,0
7628,4.447,4.447,4.140,0.074,0.003,0.230,1,0.000,0.000,0.000,0,320,0,0
7629,4.396,4.396,4.094,0.075,0.003,0.223,1,0.000,0.000,0.000,0,320,0,0
7630,4.478,4.478,4.105,0.075,0.003,0.294,1,0.000,0.000,0.000,0,320,0,0
7631,5.673,5.673,5.325,0.092,0.004,0.251,1,0.000,0.000,0.000,0,320,0,0
7632,4.848,4.848,4.422,0.075,0.003,0.347,1,0.000,0.000,0.000,0,320,0,0
7633,4.638,4.638,4.204,0.076,0.004,0.354,1,0.000,0.000,0.000,0,320,0,0
7634,4.477,4.477,4.135,0.075,0.003,0.265,1,0.000,0.000,0.000,0,320,0,0
7635,4.440,4.440,4.096,0.075,0.004,0.265,1,0.000,0.000,0.000,0,320,0,0
7636,4.488,4.488,4.072,0.075,0.003,0.338,1,0.000,0.000,0.000,0,320,0,0
7637,4.448,4.448,4.123,0.076,0.003,0.246,1,0.000,0.000,0.000,0,320,0,0
7638,5.360,5.360,5.016,0.077,0.008,0.259,1,0.000,0.000,0.000,0,320,0,0
7639,4.885,4.885,4.530,0.076,0.004,0.276,1,0.000,0.000,0.000,0,320,0,0
7640,5.956,5.956,5.602,0.077,0.005,0.272,1,0.000,0.000,0.000,0,320,0,0
7641,5.769,5.769,5.481,0.076,0.005,0.206,1,0.000,0.000,0.000,0,316,0,0
7642,5.523,5.523,5.068,0.076,0.005,0.374,1,0.000,0.000,0.000,0,316,0,0
7643,5.308,5.308,4.923,0.075,0.004,0.305,1,0.000,0.000,0.000,0,316,0,0
7644,4.578,4.578,4.211,0.074,0.003,0.290,1,0.000,0.000,0.000,0,316,0,0
7645,5.258,5.258,4.796,0.074,0.004,0.384,1,0.000,0.000,0.000,0,316,0,0
7646,4.728,4.728,4.338,0.074,0.003,0.312,1,0.000,0.000,0.000,0,316,0,0
7647,4.561,4.561,4.245,0.076,0.003,0.237,1,0.000,0.000,0.000,0,316,0,0
7648,4.445,4.445,4.117,0.075,0.003,0.250,1,0.000,0.000,0.000,0,316,0,0
7649,4.369,4.369,4.100,0.075,0.004,0.190,1,0.000,0.000,0.000,0,316,0,0
7650,4.333,4.333,4.065,0.074,0.003,0.190,1,0.000,0.000,0.000,0,316,0,0
7651,5.527,5.527,5.178,0.077,0.006,0.265,1,0.000,0.000,0.000,0,316,0,0
7652,4.861,4.861,4.592,0.076,0.005,0.189,1,0.000,0.000,0.000,0,316,0,0
7653,4.394,4.394,4.169,0.075,0.004,0.146,1,0.000,0.000,0.000,0,316,0,0
7654,5.385,5.385,5.026,0.076,0.004,0.279,1,0.000,0.000,0.000,0,316,0,0
7655,4.800,4.800,4.509,0.076,0.003,0.211,1,0.000,0.000,0.000,0,316,0,0
7656,4.616,4.616,4.310,0.075,0.003,0.228,1,0.000,0.000,0.000,0,316,0,0
7657,4.585,4.585,4.220,0.075,0.003,0.286,1,0.000,0.000,0.000,0,316,0,0
7658,4.456,4.456,4.147,0.074,0.003,0.231,1,0.000,0.000,0.000,0,316,0,0
7659,4.399,4.399,4.090,0.074,0.004,0.231,1,0.000,0.000,0.000,0,316,0,0
7660,4.545,4.545,4.160,0.074,0.003,0.307,1,0.000,0.000,0.000,0,316,0,0
7661,5.336,5.336,4.994,0.078,0.006,0.257,1,0.000,0.000,0.000,0,316,0,0
7662,4.881,4.881,4.540,0.075,0.005,0.262,1,0.000,0.000,0.000,0,316,0,0
7663,4.791,4.791,4.384,0.074,0.003,0.328,1,0.000,0.000,0.000,0,316,0,0
7664,5.656,5.656,5.341,0.074,0.004,0.237,1,0.000,0.000,0.000,0,316,0,0
7665,6.276,6.276,5.899,0.077,0.005,0.294,1,0.000,0.000,0.000,0,316,0,0
7666,6.188,6.188,5.773,0.077,0.005,0.333,1,0.000,0.000,0.000,0,316,0,0
7667,5.700,5.700,5.358,0.077,0.006,0.259,1,0.000,0.000,0.000,0,316,0,0
7668,4.790,4.790,4.501,0.076,0.005,0.208,1,0.000,0.000,0.000,0,316,0,0
7669,4.608,4.608,4.200,0.075,0.003,0.330,1,0.000,0.000,0.000,0,316,0,0
7670,4.142,4.142,4.018,0.073,0.004,0.048,1,0.000,0.000,0.000,0,312,0,0
7671,5.004,5.004,4.916,0.073,0.005,0.011,1,0.000,0.000,0.000,0,300,0,0
7672,4.664,4.664,4.576,0.072,0.005,0.011,1,0.000,0.000,0.000,0,304,0,0
7673,4.364,4.364,4.279,0.074,0.004,0.008,1,0.000,0.000,0.000,0,304,0,0
7674,5.267,5.267,5.175,0.075,0.005,0.012,1,0.000,0.000,0.000,0,304,0,0
7675,4.952,4.952,4.636,0.075,0.005,0.237,1,0.000,0.000,0.000,0,300,0,0
7676,5.957,5.957,5.676,0.073,0.006,0.201,1,0.000,0.000,0.000,0,300,0,0
7677,4.952,4.952,4.658,0.072,0.005,0.217,1,0.000,0.000,0.000,0,296,0,0
7678,4.489,4.489,4.161,0.069,0.003,0.255,1,0.000,0.000,0.000,0,296,0,0
7679,4.405,4.405,4.140,0.069,0.003,0.193,1,0.000,0.000,0.000,0,292,0,0
7680,4.284,4.284,4.017,0.069,0.004,0.194,1,0.000,0.000,0.000,0,292,0,0
7681,4.325,4.325,4.000,0.068,0.003,0.253,1,0.000,0.000,0.000,0,288,0,0
7682,4.184,4.184,3.923,0.066,0.003,0.192,1,0.000,0.000,0.000,0,280,0,0
7683,4.231,4.231,3.970,0.066,0.003,0.192,1,0.000,0.000,0.000,0,280,0,0
7684,4.405,4.405,4.050,0.067,0.003,0.284,1,0.000,0.000,0.000,0,280,0,0
7685,5.326,5.326,5.040,0.067,0.006,0.214,1,0.000,0.000,0.000,0,276,0,0
7686,5.571,5.571,5.296,0.066,0.004,0.205,1,0.000,0.000,0.000,0,276,0,0
7687,4.938,4.938,4.483,0.068,0.004,0.383,1,0.000,0.000,0.000,0,276,0,0
7688,5.172,5.172,4.796,0.066,0.004,0.306,1,0.000,0.000,0.000,0,276,0,0
7689,4.499,4.499,4.101,0.066,0.003,0.329,1,0.000,0.000,0.000,0,276,0,0
7690,5.394,5.394,4.764,0.067,0.007,0.556,1,0.000,0.000,0.000,0,276,0,0
7691,4.830,4.830,4.425,0.067,0.004,0.334,1,0.000,0.000,0.000,0,276,0,0
7692,4.551,4.551,4.150,0.066,0.003,0.332,1,0.000,0.000,0.000,0,276,0,0
7693,5.245,5.245,4.674,0.066,0.004,0.502,1,0.000,0.000,0.000,0,276,0,0
7694,4.474,4.474,4.052,0.066,0.004,0.353,1,0.000,0.000,0.000,0,276,0,0
7695,6.209,6.209,5.668,0.066,0.004,0.471,1,0.000,0.000,0.000,0,276,0,0
7696,4.600,4.600,4.089,0.066,0.004,0.441,1,0.000,0.000,0.000,0,276,0,0
7697,4.577,4.577,4.140,0.067,0.004,0.366,1,0.000,0.000,0.000,0,276,0,0
7698,4.656,4.656,4.109,0.087,0.003,0.457,1,0.000,0.000,0.000,0,276,0,0
7699,4.366,4.366,3.993,0.065,0.003,0.305,1,0.000,0.000,0.000,0,276,0,0
7700,4.307,4.307,3.971,0.065,0.003,0.268,1,0.000,0.000,0.000,0,276,0,0
7701,4.449,4.449,4.049,0.065,0.003,0.332,1,0.000,0.000,0.000,0,276,0,0
7702,4.361,4.361,3.978,0.086,0.004,0.293,1,0.000,0.000,0.000,0,276,0,0
7703,4.261,4.261,3.927,0.065,0.003,0.266,1,0.000,0.000,0.000,0,276,0,0
7704,4.408,4.408,3.986,0.065,0.003,0.354,1,0.000,0.000,0.000,0,276,0,0
7705,4.246,4.246,3.922,0.065,0.003,0.256,1,0.000,0.000,0.000,0,276,0,0
7706,4.361,4.361,4.029,0.065,0.003,0.264,1,0.000,0.000,0.000,0,276,0,0
7707,4.374,4.374,3.946,0.066,0.003,0.359,1,0.000,0.000,0.000,0,276,0,0
7708,4.267,4.267,3.917,0.083,0.003,0.264,1,0.000,0.000,0.000,0,276,0,0
7709,4.247,4.247,3.917,0.065,0.003,0.262,1,0.000,0.000,0.000,0,276,0,0
7710,6.954,6.954,6.517,0.071,0.007,0.360,1,0.000,0.000,0.000,0,276,0,0
7711,4.980,4.980,4.636,0.066,0.004,0.273,1,0.000,0.000,0.000,0,276,0,0
7712,4.736,4.736,4.364,0.065,0.088,0.220,1,0.000,0.000,0.000,0,272,0,0
7713,6.427,6.427,6.030,0.079,0.006,0.312,1,0.000,0.000,0.000,0,276,0,0
7714,5.750,5.750,5.186,0.069,0.007,0.488,1,0.000,0.000,0.000,0,276,0,0
7715,4.846,4.846,4.531,0.067,0.005,0.243,1,0.000,0.000,0.000,0,276,0,0
7716,9.013,9.013,8.615,0.085,0.005,0.309,1,0.000,0.000,0.000,0,276,0,0
7717,5.347,5.347,5.029,0.067,0.005,0.246,1,0.000,0.000,0.000,0,276,0,0
7718,5.437,5.437,5.133,0.066,0.006,0.232,1,0.000,0.000,0.000,0,276,0,0
7719,6.799,6.799,6.423,0.065,0.005,0.306,1,0.000,0.000,0.000,0,276,0,0
7720,6.466,6.466,6.166,0.066,0.004,0.231,1,0.000,0.000,0.000,0,276,0,0
7721,7.566,7.566,7.251,0.073,0.007,0.235,1,0.000,0.000,0.000,0,280,0,0
7722,5.775,5.775,5.396,0.069,0.006,0.304,1,0.000,0.000,0.000,0,280,0,0
7723,6.380,6.380,5.965,0.075,0.009,0.332,1,0.000,0.000,0.000,0,280,0,0
7724,4.956,4.956,4.579,0.068,0.003,0.305,1,0.000,0.000,0.000,0,304,0,0
7725,4.644,4.644,4.187,0.068,0.004,0.384,1,0.000,0.000,0.000,0,328,0,0
7726,4.465,4.465,4.114,0.068,0.003,0.279,1,0.000,0.000,0.000,0,356,0,0
7727,7.520,7.520,7.152,0.076,0.005,0.288,1,0.000,0.000,0.000,0,380,0,0
7728,5.780,5.780,5.304,0.072,0.007,0.398,1,0.000,0.000,0.000,0,404,0,0
7729,4.725,4.725,4.362,0.068,0.004,0.291,1,0.000,0.000,0.000,0,428,0,0
7730,4.598,4.598,4.258,0.067,0.004,0.269,1,0.000,0.000,0.000,0,452,0,0
7731,4.546,4.546,4.144,0.068,0.003,0.331,1,0.000,0.000,0.000,0,476,0,0
7732,4.436,4.436,4.117,0.068,0.003,0.248,1,0.000,0.000,0.000,0,500,0,0
7733,4.546,4.546,4.216,0.067,0.003,0.260,1,0.000,0.000,0.000,0,524,0,0
7734,4.615,4.615,4.223,0.067,0.003,0.322,1,0.000,0.000,0.000,0,548,0,0
7735,4.530,4.530,4.145,0.068,0.003,0.313,1,0.000,0.000,0.000,0,572,0,0
7736,4.541,4.541,4.170,0.069,0.003,0.299,1,0.000,0.000,0.000,0,596,0,0
7737,7.897,7.897,7.384,0.070,0.008,0.435,1,0.000,0.000,0.000,0,612,0,0
7738,5.713,5.713,5.253,0.069,0.006,0.384,1,0.000,0.000,0.000,0,612,0,0
7739,5.755,5.755,5.329,0.071,0.005,0.351,1,0.000,0.000,0.000,0,612,0,0
7740,5.243,5.243,4.695,0.070,0.005,0.473,1,0.000,0.000,0.000,0,612,0,0
7741,4.777,4.777,4.342,0.069,0.004,0.362,1,0.000,0.000,0.000,0,616,0,0
7742,4.746,4.746,4.300,0.070,0.003,0.372,1,0.000,0.000,0.000,0,616,0,0
7743,4.780,4.780,4.210,0.070,0.004,0.496,1,0.000,0.000,0.000,0,620,0,0
7744,4.607,4.607,4.165,0.070,0.004,0.369,1,0.000,0.000,0.000,0,620,0,0
7745,4.592,4.592,4.149,0.070,0.003,0.370,1,0.000,0.000,0.000,0,620,0,0
7746,6.424,6.424,5.836,0.071,0.005,0.511,1,0.000,0.000,0.000,0,620,0,0
7747,6.763,6.763,6.323,0.071,0.004,0.365,1,0.000,0.000,0.000,0,620,0,0
7748,5.802,5.802,5.412,0.072,0.004,0.314,1,0.000,0.000,0.000,0,620,0,0
7749,4.955,4.955,4.493,0.070,0.004,0.388,1,0.000,0.000,0.000,0,620,0,0
7750,4.672,4.672,4.319,0.070,0.003,0.280,1,0.000,0.000,0.000,0,620,0,0
7751,4.926,4.926,4.541,0.077,0.005,0.302,1,0.000,0.000,0.000,0,620,0,0
7752,4.845,4.845,4.394,0.070,0.004,0.377,1,0.000,0.000,0.000,0,620,0,0
7753,4.949,4.949,4.587,0.079,0.007,0.276,1,0.000,0.000,0.000,0,620,0,0
7754,4.771,4.771,4.458,0.071,0.004,0.238,1,0.000,0.000,0.000,0,624,0,0
7755,4.737,4.737,4.363,0.071,0.003,0.300,1,0.000,0.000,0.000,0,620,0,0
7756,4.539,4.539,4.226,0.071,0.003,0.240,1,0.000,0.000,0.000,0,620,0,0
7757,4.493,4.493,4.206,0.070,0.003,0.213,1,0.000,0.000,0.000,0,620,0,0
7758,5.457,5.457,5.081,0.071,0.006,0.299,1,0.000,0.000,0.000,0,620,0,0
7759,4.839,4.839,4.565,0.070,0.003,0.202,1,0.000,0.000,0.000,0,620,0,0
7760,5.305,5.305,5.040,0.071,0.004,0.190,1,0.000,0.000,0.000,0,624,0,0
7761,5.586,5.586,5.238,0.072,0.006,0.270,1,0.000,0.000,0.000,0,624,0,0
7762,4.719,4.719,4.449,0.072,0.004,0.194,1,0.000,0.000,0.000,0,624,0,0
7763,4.497,4.497,4.232,0.071,0.003,0.192,1,0.000,0.000,0.000,0,624,0,0
7764,4.654,4.654,4.324,0.072,0.003,0.255,1,0.000,0.000,0.000,0,628,0,0
7765,4.548,4.548,4.206,0.072,0.003,0.267,1,0.000,0.000,0.000,0,628,0,0
7766,6.091,6.091,5.751,0.081,0.004,0.255,1,0.000,0.000,0.000,0,628,0,0
7767,6.837,6.837,6.424,0.072,0.005,0.336,1,0.000,0.000,0.000,0,628,0,0
7768,5.740,5.740,5.298,0.075,0.007,0.360,1,0.000,0.000,0.000,0,628,0,0
7769,4.800,4.800,4.462,0.072,0.004,0.262,1,0.000,0.000,0.000,0,628,0,0
7770,5.021,5.021,4.613,0.080,0.004,0.325,1,0.000,0.000,0.000,0,628,0,0
7771,5.619,5.619,5.238,0.072,0.004,0.306,1,0.000,0.000,0.000,0,628,0,0
7772,6.039,6.039,5.667,0.072,0.004,0.296,1,0.000,0.000,0.000,0,628,0,0
7773,5.806,5.806,5.355,0.085,0.005,0.361,1,0.000,0.000,0.000,0,632,0,0
7774,5.150,5.150,4.768,0.073,0.006,0.303,1,0.000,0.000,0.000,0,632,0,0
7775,5.163,5.163,4.840,0.073,0.004,0.246,1,0.000,0.000,0.000,0,632,0,0
7776,4.705,4.705,4.303,0.073,0.004,0.325,1,0.000,0.000,0.000,0,632,0,0
7777,4.511,4.511,4.197,0.073,0.003,0.237,1,0.000,0.000,0.000,0,628,0,0
7778,4.514,4.514,4.198,0.071,0.003,0.242,1,0.000,0.000,0.000,0,628,0,0
7779,4.509,4.509,4.110,0.072,0.003,0.324,1,0.000,0.000,0.000,0,628,0,0
7780,4.368,4.368,4.055,0.071,0.003,0.240,1,0.000,0.000,0.000,0,628,0,0
7781,4.340,4.340,4.027,0.071,0.004,0.239,1,0.000,0.000,0.000,0,628,0,0
7782,4.640,4.640,4.242,0.071,0.003,0.324,1,0.000,0.000,0.000,0,628,0,0
7783,4.518,4.518,4.095,0.072,0.003,0.348,1,0.000,0.000,0.000,0,628,0,0
7784,4.543,4.543,4.146,0.073,0.003,0.322,1,0.000,0.000,0.000,0,632,0,0
7785,4.877,4.877,4.356,0.073,0.003,0.445,1,0.000,0.000,0.000,0,632,0,0
7786,4.610,4.610,4.200,0.074,0.003,0.333,1,0.000,0.000,0.000,0,632,0,0
7787,4.610,4.610,4.189,0.073,0.003,0.345,1,0.000,0.000,0.000,0,632,0,0
7788,4.661,4.661,4.154,0.072,0.003,0.432,1,0.000,0.000,0.000,0,632,0,0
7789,4.513,4.513,4.101,0.072,0.004,0.337,1,0.000,0.000,0.000,0,632,0,0
7790,4.530,4.530,4.120,0.072,0.003,0.335,1,0.000,0.000,0.000,0,628,0,0
7791,4.758,4.758,4.265,0.072,0.003,0.418,1,0.000,0.000,0.000,0,628,0,0
7792,4.493,4.493,4.091,0.072,0.003,0.327,1,0.000,0.000,0.000,0,628,0,0
7793,4.476,4.476,4.099,0.071,0.004,0.302,1,0.000,0.000,0.000,0,628,0,0
7794,4.678,4.678,4.198,0.073,0.003,0.405,1,0.000,0.000,0.000,0,628,0,0
7795,4.449,4.449,4.089,0.072,0.004,0.284,1,0.000,0.000,0.000,0,632,0,0
7796,5.030,5.030,4.573,0.082,0.010,0.366,1,0.000,0.000,0.000,0,632,0,0
7797,6.381,6.381,6.047,0.073,0.005,0.257,1,0.000,0.000,0.000,0,632,0,0
7798,5.035,5.035,4.729,0.072,0.004,0.231,1,0.000,0.000,0.000,0,632,0,0
7799,5.431,5.431,5.044,0.084,0.002,0.301,1,0.000,0.000,0.000,0,632,0,0
7800,5.213,5.213,4.892,0.074,0.006,0.240,1,0.000,0.000,0.000,0,632,0,0
7801,4.648,4.648,4.330,0.073,0.004,0.241,1,0.000,0.000,0.000,0,632,0,0
7802,4.618,4.618,4.290,0.074,0.004,0.250,1,0.000,0.000,0.000,0,636,0,0
7803,4.485,4.485,4.221,0.074,0.004,0.187,1,0.000,0.000,0.000,0,636,0,0
7804,5.185,5.185,4.912,0.075,0.004,0.193,1,0.000,0.000,0.000,0,636,0,0
7805,5.131,5.131,4.775,0.074,0.005,0.277,1,0.000,0.000,0.000,0,636,0,0
7806,6.222,6.222,5.954,0.074,0.006,0.188,1,0.000,0.000,0.000,0,636,0,0
7807,4.998,4.998,4.767,0.074,0.004,0.153,1,0.000,0.000,0.000,0,636,0,0
7808,5.357,5.357,5.096,0.077,0.006,0.178,1,0.000,0.000,0.000,0,640,0,0
7809,5.500,5.500,5.299,0.078,0.003,0.120,1,0.000,0.000,0.000,0,640,0,0
7810,99.537,99.537,5.640,0.148,93.564,0.185,1,1.776,0.000,0.000,0,640,3,0
7811,248.241,248.241,17.260,229.845,0.886,0.249,1,1.776,0.000,0.000,316,47685,2436,7164
7812,9.587,9.587,9.327,0.090,0.006,0.163,0,1.776,0.000,0.000,0,636,0,0
7813,5.241,5.241,4.966,0.075,0.007,0.193,0,1.776,0.000,0.000,0,636,0,0
7814,5.902,5.902,5.545,0.079,0.007,0.272,0,1.776,0.000,0.000,0,636,0,0
7815,4.739,4.739,4.475,0.074,0.004,0.186,0,1.776,0.000,0.000,0,636,0,0
7816,5.077,5.077,4.259,0.076,0.005,0.737,0,1.776,0.000,0.000,0,640,0,0
7817,47.163,47.163,29.639,16.336,0.929,0.259,1,227.692,7.071,2.510,323,47786,1613,26641
7818,7.852,7.852,7.549,0.078,0.007,0.219,0,23.097,0.966,2.510,0,644,0,0
7819,5.599,5.599,5.186,0.079,0.005,0.329,0,23.097,0.966,2.510,0,644,0,0
7820,4.905,4.905,4.466,0.075,0.005,0.359,0,23.097,0.966,2.510,0,644,0,0
7821,4.669,4.669,4.324,0.076,0.004,0.266,0,23.097,0.966,2.510,0,644,0,0
7822,4.492,4.492,4.171,0.075,0.004,0.243,0,23.097,0.966,2.510,0,640,0,0
7823,19.684,19.684,11.856,6.993,0.450,0.384,1,23.097,0.966,0.000,308,47796,2218,0
7824,5.435,5.435,5.109,0.075,0.005,0.245,0,23.097,0.966,0.000,0,632,0,0
7825,5.031,5.031,4.713,0.074,0.004,0.240,0,23.097,0.966,0.000,0,632,0,0
7826,4.679,4.679,4.316,0.072,0.005,0.286,0,23.097,0.966,0.000,0,632,0,0
7827,4.603,4.603,4.313,0.072,0.003,0.215,0,27.017,7.603,0.000,0,632,0,0
7828,4.395,4.395,4.100,0.074,0.003,0.218,0,27.017,7.603,0.000,0,632,0,0
7829,32.765,32.765,10.463,21.112,0.355,0.835,1,20.620,7.520,0.000,309,47811,2265,0
7830,5.203,5.203,4.918,0.074,0.005,0.207,0,20.620,7.520,0.000,0,632,0,0
7831,4.640,4.640,4.293,0.073,0.004,0.271,0,20.620,7.520,0.000,0,632,0,0
7832,5.357,5.357,4.909,0.073,0.004,0.371,0,20.620,7.520,0.000,0,632,0,0
7833,5.952,5.952,5.572,0.076,0.008,0.297,0,20.620,7.520,0.000,0,628,0,0
7834,5.961,5.961,5.593,0.073,0.004,0.290,0,20.620,7.520,0.000,0,628,0,0
7835,19.368,19.368,11.475,6.939,0.465,0.489,1,20.620,7.520,0.000,308,47807,2223,0
7836,5.627,5.627,5.224,0.074,0.006,0.322,0,20.620,7.520,0.000,0,628,0,0
7837,4.913,4.913,4.479,0.072,0.004,0.357,0,20.620,7.520,0.000,0,624,0,0
7838,5.470,5.470,4.942,0.072,0.005,0.452,0,23.879,6.980,0.000,0,620,0,0
7839,4.604,4.604,4.197,0.070,0.003,0.333,0,23.879,6.980,0.000,0,620,0,0
7840,5.817,5.817,5.385,0.074,0.008,0.350,0,23.879,6.980,0.000,0,620,0,0
7841,19.948,19.948,11.345,7.011,0.441,1.151,1,23.879,6.980,0.000,310,47918,2256,0
7842,11.464,6.089,5.668,0.072,0.006,0.344,0,23.879,6.980,0.000,0,620,0,0
7843,25.705,25.705,14.608,10.363,0.380,0.353,1,18.174,1.474,0.000,323,47962,1766,37960
7844,7.178,6.197,5.767,0.071,0.004,0.354,0,18.174,1.474,0.000,0,620,0,0
7845,19.080,19.080,11.752,6.678,0.385,0.265,1,18.174,1.474,0.000,308,47962,2252,0
7846,14.294,5.493,5.119,0.075,0.005,0.294,0,19.968,7.777,0.000,0,620,0,0
7847,19.322,19.322,11.663,6.840,0.457,0.361,1,19.968,7.777,0.000,312,48244,2279,0
7848,14.047,5.550,5.212,0.074,0.007,0.257,0,21.447,7.126,0.000,0,620,0,0
7849,21.658,21.658,12.639,8.433,0.323,0.263,1,21.447,7.126,0.000,326,48240,1745,38265
7850,11.698,6.374,5.904,0.073,0.008,0.389,0,16.600,1.449,0.000,0,616,0,0
7851,22.686,22.686,11.795,10.204,0.405,0.282,1,16.600,1.449,0.000,312,48252,2261,0
7852,10.739,5.626,5.259,0.073,0.008,0.285,0,16.600,1.449,0.000,0,616,0,0
7853,25.480,25.480,15.070,9.650,0.392,0.369,1,16.605,1.084,1.061,327,48252,1669,38505
7854,7.831,6.438,6.115,0.074,0.007,0.242,0,16.605,1.084,1.061,0,616,0,0
7855,19.876,19.876,10.930,8.409,0.295,0.242,1,16.605,1.084,0.000,328,48255,1766,38607
7856,13.492,5.322,5.006,0.071,0.005,0.240,0,18.333,1.389,0.000,0,616,0,0
7857,18.847,18.847,10.390,7.901,0.358,0.199,1,18.333,1.389,0.000,328,48255,1784,38610
7858,14.519,5.785,5.505,0.077,0.008,0.196,0,17.202,1.340,0.000,0,616,0,0
7859,18.534,18.534,11.531,6.263,0.433,0.306,1,17.202,1.340,0.000,313,48255,2302,0
7860,14.844,5.347,5.097,0.071,0.005,0.175,0,21.490,6.935,0.000,0,612,0,0
7861,19.794,19.794,11.151,8.042,0.379,0.222,1,21.490,6.935,0.000,325,48199,1749,38558
7862,13.562,5.357,5.025,0.069,0.007,0.256,0,17.099,1.440,0.000,0,612,0,0
7863,17.617,17.617,10.830,6.253,0.344,0.191,1,17.099,1.440,0.000,310,48199,2236,0
7864,15.758,5.370,5.092,0.071,0.005,0.202,0,19.538,6.895,0.000,0,612,0,0
7865,20.959,20.959,11.866,8.438,0.419,0.237,1,19.538,6.895,0.000,312,48231,2309,0
7866,12.407,5.725,5.466,0.070,0.006,0.183,0,22.133,6.924,0.000,0,612,0,0
7867,29.619,29.619,11.425,17.466,0.471,0.257,1,22.919,1.399,0.000,329,48339,1855,38558
7868,6.616,6.616,6.181,0.078,0.008,0.349,0,22.919,1.399,0.000,0,612,0,0
7869,22.780,22.780,13.279,9.028,0.250,0.223,1,22.919,1.399,0.000,329,48339,1862,38650
7870,7.711,5.811,5.516,0.071,0.005,0.219,0,19.837,1.447,0.000,0,612,0,0
7871,23.300,23.300,13.643,8.902,0.428,0.328,1,19.837,1.447,0.000,329,48339,1866,38698
7872,10.092,5.748,5.430,0.072,0.007,0.238,0,19.837,1.447,0.000,0,608,0,0
7873,16.660,11.288,10.956,0.086,0.005,0.241,0,37.543,1.649,0.000,0,608,0,0
7874,23.439,23.439,12.469,10.302,0.395,0.273,1,17.287,0.678,1.301,330,48341,1749,38698
7875,9.922,5.843,5.587,0.070,0.005,0.181,0,17.287,0.678,1.301,0,608,0,0
7876,21.316,21.316,11.647,9.161,0.295,0.213,1,17.287,0.678,0.000,330,48341,1870,38704
7877,12.056,6.065,5.706,0.071,0.007,0.280,0,17.986,1.421,0.000,0,608,0,0
7878,22.005,22.005,11.667,9.733,0.377,0.227,1,17.986,1.421,0.000,333,48449,1894,38704
7879,11.360,5.718,5.381,0.067,0.005,0.265,0,19.548,1.388,0.000,0,604,0,0
7880,20.192,20.192,11.286,8.266,0.277,0.363,1,19.548,1.388,0.000,333,48448,1879,38748
7881,13.176,6.620,6.261,0.073,0.008,0.279,0,18.171,1.391,0.000,0,604,0,0
7882,18.838,18.838,11.643,6.466,0.374,0.356,1,18.171,1.391,0.000,320,48455,2418,0
7883,14.537,6.347,5.865,0.072,0.005,0.405,0,20.939,7.026,0.000,0,604,0,0
7884,19.081,19.081,11.555,6.712,0.466,0.348,1,20.939,7.026,0.000,319,48451,2415,0
7885,14.285,5.507,5.100,0.071,0.006,0.331,0,21.974,7.101,0.000,0,604,0,0
7886,20.613,20.613,11.266,8.502,0.347,0.499,1,21.974,7.101,0.000,334,48451,1883,38751
7887,12.748,5.691,5.280,0.070,0.006,0.335,0,19.092,1.645,0.000,0,604,0,0
7888,22.472,22.472,12.480,9.293,0.334,0.365,1,19.092,1.645,0.000,336,48477,1899,38754
7889,10.890,6.415,5.855,0.072,0.008,0.481,0,18.340,1.451,0.000,0,604,0,0
7890,21.003,21.003,11.668,8.601,0.349,0.385,1,18.340,1.451,0.000,336,48477,1883,38780
7891,12.364,5.487,5.075,0.069,0.004,0.340,0,18.977,1.470,0.000,0,600,0,0
7892,22.126,22.126,13.124,8.151,0.454,0.398,1,16.922,1.479,0.000,336,48476,1855,38780
7893,11.240,5.910,5.585,0.070,0.006,0.249,0,16.922,1.479,0.000,0,600,0,0
7894,19.045,19.045,11.711,6.445,0.590,0.300,1,16.922,1.479,0.000,321,48476,2393,0
7895,14.332,5.890,5.439,0.069,0.006,0.375,0,20.182,7.842,0.000,0,600,0,0
7896,20.889,20.889,11.202,8.974,0.445,0.268,1,14.940,1.439,0.000,336,48476,1854,38783
7897,12.470,5.751,5.378,0.067,0.006,0.300,0,14.940,1.439,0.000,0,600,0,0
7898,19.096,19.096,11.737,6.625,0.317,0.417,1,14.940,1.439,0.000,321,48476,2361,0
7899,14.282,6.239,5.927,0.072,0.006,0.235,0,19.038,6.999,0.000,0,600,0,0
7900,18.801,18.801,11.502,6.524,0.423,0.352,1,19.038,6.999,0.000,321,48476,2360,0
7901,14.556,5.381,5.092,0.068,0.006,0.214,0,19.996,6.923,0.000,0,600,0,0
7902,19.253,19.253,12.066,6.515,0.422,0.250,1,19.996,6.923,0.000,320,48472,2347,0
7903,14.107,7.244,6.927,0.071,0.007,0.239,0,18.396,6.852,0.000,0,600,0,0
7904,19.497,19.497,12.463,6.380,0.429,0.225,1,18.396,6.852,0.000,321,48475,2359,0
7905,13.873,6.568,6.312,0.067,0.005,0.183,0,17.832,7.486,0.000,0,596,0,0
7906,20.963,20.963,13.042,7.284,0.372,0.264,1,17.832,7.486,0.000,320,48471,2356,0
7907,12.405,6.531,6.267,0.069,0.007,0.188,0,16.957,6.937,0.000,0,596,0,0
7908,20.878,20.878,12.771,6.884,1.019,0.204,1,16.957,6.937,0.000,320,48471,2362,0
7909,12.490,7.141,6.725,0.068,0.004,0.344,0,17.074,6.991,0.000,0,596,0,0
7910,19.914,19.914,12.422,6.685,0.527,0.281,1,17.074,6.991,0.000,320,48471,2366,0
7911,13.469,5.511,5.182,0.070,0.008,0.251,0,20.042,7.990,0.000,0,596,0,0
7912,21.080,21.080,11.138,9.204,0.380,0.358,1,15.636,1.457,0.000,334,48467,1829,38775
7913,12.269,6.670,6.312,0.070,0.007,0.281,0,15.636,1.457,0.000,0,596,0,0
7914,20.101,20.101,12.582,6.710,0.545,0.264,1,15.636,1.457,0.000,320,48470,2371,0
7915,13.267,6.430,5.943,0.066,0.005,0.416,0,19.662,7.051,0.000,0,588,0,0
7916,18.860,18.860,11.464,6.659,0.411,0.326,1,19.662,7.051,0.000,318,48462,2369,0
7917,14.501,7.022,6.684,0.067,0.006,0.265,0,19.857,6.973,0.000,0,588,0,0
7918,20.181,20.181,12.752,6.588,0.454,0.388,1,19.857,6.973,0.000,317,48458,2367,0
7919,13.190,7.082,6.774,0.064,0.004,0.239,0,18.176,6.881,0.000,0,584,0,0
7920,19.886,19.886,12.664,6.505,0.447,0.270,1,18.176,6.881,0.000,316,48454,2355,0
7921,13.483,7.319,6.942,0.066,0.008,0.303,0,18.507,7.471,0.000,0,584,0,0
7922,20.233,20.233,13.001,6.499,0.431,0.303,1,18.507,7.471,0.000,316,48454,2329,0
7923,13.135,6.988,6.680,0.066,0.006,0.237,0,17.781,7.511,0.000,0,584,0,0
7924,22.080,22.080,14.587,6.612,0.530,0.350,1,17.781,7.511,0.000,315,48450,2323,0
7925,11.279,8.732,8.410,0.070,0.007,0.245,0,18.709,7.899,0.000,0,584,0,0
7926,21.657,21.657,13.707,7.211,0.458,0.281,1,18.709,7.899,0.000,315,48450,2297,0
7927,11.718,6.592,6.074,0.065,0.006,0.447,0,17.078,7.008,0.000,0,584,0,0
7928,19.979,19.979,12.523,6.597,0.487,0.372,1,17.078,7.008,0.000,314,48446,2329,0
7929,13.385,8.233,7.816,0.066,0.009,0.342,0,19.374,7.928,0.000,0,584,0,0
7930,20.259,20.259,13.150,6.287,0.355,0.467,1,19.374,7.928,0.000,310,48164,2316,0
7931,13.118,7.783,7.367,0.065,0.004,0.346,0,18.374,6.920,0.000,0,580,0,0
7932,20.326,20.326,13.158,6.317,0.508,0.344,1,18.374,6.920,0.000,308,48156,2307,0
7933,13.072,7.827,7.312,0.064,0.006,0.445,0,18.374,6.920,0.000,0,580,0,0
7934,28.572,28.572,16.045,11.673,0.507,0.348,1,15.191,0.618,1.138,323,48156,1668,38480
7935,5.469,5.469,5.069,0.064,0.005,0.332,0,15.191,0.618,1.138,0,580,0,0
7936,23.526,23.526,14.417,8.215,0.373,0.522,1,15.191,0.618,0.000,307,48152,2304,0
7937,9.121,6.586,6.184,0.064,0.005,0.333,0,17.684,7.145,0.000,0,572,0,0
7938,21.584,21.584,14.391,6.353,0.457,0.383,1,17.684,7.145,0.000,306,48148,2277,0
7939,11.787,6.454,5.978,0.064,0.005,0.408,0,17.000,7.002,0.000,0,572,0,0
7940,21.371,21.371,13.295,7.283,0.424,0.368,1,17.000,7.002,0.000,305,48144,2270,0
7941,12.001,5.696,5.337,0.066,0.005,0.288,0,19.919,7.167,0.000,0,572,0,0
7942,18.810,18.810,11.054,7.084,0.284,0.389,1,19.919,7.167,0.000,304,48048,2274,0
7943,14.547,9.676,9.331,0.063,0.006,0.276,0,17.486,7.081,0.000,0,572,0,0
7944,19.773,19.773,12.821,6.231,0.439,0.282,1,17.486,7.081,0.000,304,48048,2274,0
7945,13.598,7.922,7.520,0.063,0.007,0.333,0,16.973,6.759,0.000,0,572,0,0
7946,19.422,19.422,12.571,6.220,0.399,0.232,1,16.973,6.759,0.000,302,47948,2292,0
7947,13.938,7.326,7.045,0.062,0.005,0.214,0,16.776,6.732,0.000,0,568,0,0
7948,18.967,18.967,11.933,6.199,0.519,0.315,1,16.776,6.732,0.000,299,45616,2260,0
7949,14.401,6.885,6.558,0.060,0.004,0.263,0,17.791,6.503,0.000,0,568,0,0
7950,18.218,18.218,11.634,5.897,0.450,0.237,1,17.791,6.503,0.000,299,45616,2259,0
7951,15.147,6.865,6.559,0.060,0.007,0.239,0,17.124,6.362,0.000,0,568,0,0
7952,19.150,19.150,11.300,7.277,0.384,0.189,1,17.124,6.362,0.000,299,45616,2240,0
7953,14.222,6.554,6.319,0.062,0.005,0.167,0,17.191,6.362,0.000,0,568,0,0
7954,21.850,21.850,13.986,7.051,0.491,0.322,1,17.191,6.362,0.000,299,45616,2264,0
7955,11.512,6.532,6.252,0.060,0.005,0.214,0,17.187,6.770,0.000,0,568,0,0
7956,18.882,18.882,11.736,6.437,0.381,0.328,1,17.187,6.770,0.000,299,45616,2266,0
7957,14.489,5.563,5.183,0.065,0.008,0.308,0,19.650,7.302,0.000,0,568,0,0
7958,20.524,20.524,13.173,6.270,0.530,0.550,1,19.650,7.302,0.000,299,45616,2269,0
7959,12.839,7.096,6.791,0.062,0.009,0.234,0,18.024,7.331,0.000,0,568,0,0
7960,18.933,18.933,12.204,6.033,0.367,0.329,1,18.024,7.331,0.000,299,45616,2269,0
7961,14.432,6.732,6.419,0.067,0.006,0.241,0,17.105,7.107,0.000,0,568,0,0
7962,18.484,18.484,11.819,5.929,0.465,0.271,1,17.105,7.107,0.000,299,45616,2270,0
7963,14.881,7.885,7.389,0.063,0.005,0.428,0,17.767,6.323,0.000,0,568,0,0
7964,18.785,18.785,12.094,5.942,0.434,0.314,1,17.767,6.323,0.000,299,45616,2273,0
7965,14.583,6.852,6.523,0.063,0.005,0.261,0,17.721,6.460,0.000,0,568,0,0
7966,19.087,19.087,12.348,5.919,0.448,0.371,1,17.721,6.460,0.000,299,45616,2273,0
7967,14.291,7.075,6.730,0.061,0.005,0.279,0,17.693,6.494,0.000,0,568,0,0
7968,20.304,20.304,12.397,7.107,0.512,0.288,1,17.693,6.494,0.000,299,45616,2272,0
7969,13.055,9.123,8.705,0.068,0.014,0.337,0,19.501,6.811,0.000,0,568,0,0
7970,19.942,19.942,11.515,7.718,0.448,0.260,1,19.501,6.811,0.000,299,45616,2273,0
7971,13.433,5.655,5.345,0.064,0.006,0.240,0,19.196,6.667,0.000,0,568,0,0
7972,17.537,17.537,10.773,6.092,0.354,0.318,1,19.196,6.667,0.000,299,45616,2274,0
7973,15.840,5.378,5.126,0.063,0.007,0.182,0,19.207,7.195,0.000,0,568,0,0
7974,20.798,20.798,13.808,6.300,0.455,0.235,1,19.207,7.195,0.000,299,45616,2273,0
7975,12.554,5.870,5.453,0.064,0.006,0.347,0,17.754,6.588,0.000,0,568,0,0
7976,18.384,18.384,11.527,6.163,0.378,0.317,1,17.754,6.588,0.000,299,45616,2273,0
7977,14.993,6.212,5.865,0.061,0.007,0.278,0,18.943,6.340,0.000,0,568,0,0
7978,18.724,18.724,11.698,6.256,0.389,0.381,1,18.943,6.340,0.000,299,45616,2272,0
7979,14.642,6.411,6.041,0.067,0.006,0.296,0,19.299,6.679,0.000,0,568,0,0
7980,18.110,18.110,11.245,6.092,0.449,0.324,1,19.299,6.679,0.000,299,45616,2273,0
7981,15.248,5.560,5.031,0.064,0.005,0.461,0,20.084,6.454,0.000,0,568,0,0
7982,19.136,19.136,12.275,6.033,0.484,0.344,1,20.084,6.454,0.000,299,45616,2274,0
7983,14.235,7.253,6.878,0.064,0.007,0.304,0,17.912,6.499,0.000,0,568,0,0
7984,20.060,20.060,13.008,6.153,0.464,0.434,1,17.912,6.499,0.000,299,45616,2273,0
7985,13.304,7.345,6.954,0.063,0.005,0.323,0,17.254,6.911,0.000,0,568,0,0
7986,20.215,20.215,12.199,6.607,0.493,0.916,1,17.254,6.911,0.000,297,45284,2248,0
7987,13.144,7.137,6.719,0.063,0.005,0.350,0,16.574,6.553,0.000,0,236,0,0
7988,17.376,17.376,10.547,6.081,0.492,0.256,1,16.574,6.553,0.000,297,45284,2247,0
7989,15.996,5.942,5.638,0.061,0.007,0.236,0,18.418,6.411,0.000,0,236,0,0
7990,18.592,18.592,11.055,6.804,0.380,0.353,1,18.418,6.411,0.000,298,45288,2259,0
7991,14.775,5.866,5.588,0.060,0.004,0.214,0,19.015,6.412,0.000,0,240,0,0
7992,18.414,18.414,11.569,6.174,0.440,0.230,1,19.015,6.412,0.000,298,45288,2259,0
7993,14.970,6.090,5.754,0.062,0.007,0.268,0,19.019,6.688,0.000,0,240,0,0
7994,20.009,20.009,12.858,6.382,0.511,0.259,1,19.019,6.688,0.000,298,45288,2259,0
7995,13.336,7.079,6.739,0.061,0.007,0.272,0,18.053,6.651,0.000,0,240,0,0
7996,17.827,17.827,11.264,5.994,0.349,0.220,1,18.053,6.651,0.000,298,45288,2258,0
7997,15.541,6.509,6.244,0.062,0.006,0.198,0,16.980,6.340,0.000,0,240,0,0
7998,17.763,17.763,11.000,5.953,0.491,0.319,1,16.980,6.340,0.000,298,45288,2259,0
7999,15.614,6.795,6.491,0.068,0.013,0.224,0,19.308,6.442,0.000,0,240,0,0
8000,19.263,19.263,12.401,6.151,0.518,0.193,1,19.308,6.442,0.000,298,45288,2259,0
8001,14.093,8.168,7.855,0.066,0.012,0.236,0,18.551,7.044,0.000,0,264,0,0
8002,19.121,19.121,10.705,7.067,1.058,0.290,1,18.551,7.044,0.000,299,45336,2274,0
8003,14.261,6.713,6.426,0.069,0.012,0.205,0,19.225,6.487,0.000,0,312,0,0
8004,20.832,20.832,13.339,6.190,0.430,0.873,1,19.225,6.487,0.000,299,45384,2273,0
8005,12.520,6.374,6.135,0.061,0.007,0.171,0,16.957,6.508,0.000,0,360,0,0
8006,18.968,18.968,12.191,6.207,0.385,0.186,1,16.957,6.508,0.000,299,45432,2272,0
8007,14.397,7.487,7.181,0.061,0.004,0.241,0,16.645,6.392,0.000,0,408,0,0
8008,18.707,18.707,11.833,6.244,0.421,0.210,1,16.645,6.392,0.000,299,45480,2273,0
8009,14.658,7.234,6.987,0.063,0.005,0.179,0,16.720,6.486,0.000,0,456,0,0
8010,19.669,19.669,12.492,6.351,0.499,0.326,1,16.720,6.486,0.000,299,45528,2273,0
8011,13.710,5.414,5.080,0.064,0.010,0.260,0,20.513,6.783,0.000,0,504,0,0
8012,17.905,17.905,10.976,6.113,0.377,0.440,1,20.513,6.783,0.000,300,45576,2275,0
8013,15.461,5.449,5.070,0.066,0.004,0.309,0,19.517,6.449,0.000,0,552,0,0
8014,17.999,17.999,10.946,6.267,0.525,0.262,1,19.517,6.449,0.000,299,45624,2272,0
8015,15.377,5.384,5.079,0.066,0.008,0.231,0,19.373,6.476,0.000,0,600,0,0
8016,18.503,18.503,11.450,6.253,0.433,0.367,1,19.373,6.476,0.000,299,45672,2273,0
8017,14.855,5.315,5.040,0.064,0.006,0.205,0,19.572,6.951,0.000,0,648,0,0
8018,21.229,21.229,13.507,7.049,0.468,0.205,1,19.572,6.951,0.000,299,45720,2273,0
8019,12.128,7.034,6.726,0.062,0.010,0.236,0,17.163,6.742,0.000,0,696,0,0
8020,18.690,18.690,11.445,6.739,0.314,0.193,1,17.163,6.742,0.000,299,45768,2273,0
8021,14.677,7.306,7.040,0.060,0.005,0.201,0,16.573,6.665,0.000,0,744,0,0
8022,19.783,19.783,12.504,6.547,0.450,0.282,1,16.573,6.665,0.000,300,45796,2291,0
8023,13.587,6.190,5.890,0.061,0.006,0.233,0,18.515,6.322,0.000,0,748,0,0
8024,18.561,18.561,11.724,6.149,0.398,0.291,1,18.515,6.322,0.000,300,45796,2285,0
8025,14.808,6.438,5.996,0.067,0.007,0.367,0,19.022,6.408,0.000,0,748,0,0
8026,19.052,19.052,12.031,6.302,0.394,0.325,1,19.022,6.408,0.000,300,45796,2286,0
8027,14.320,6.239,5.883,0.065,0.006,0.286,0,18.888,6.468,0.000,0,748,0,0
8028,20.789,20.789,13.507,6.363,0.496,0.422,1,18.888,6.468,0.000,300,45796,2286,0
8029,12.572,6.382,6.010,0.066,0.006,0.300,0,19.072,6.686,0.000,0,748,0,0
8030,20.755,20.755,13.522,6.291,0.564,0.379,1,19.072,6.686,0.000,300,45796,2286,0
8031,12.604,8.022,7.548,0.063,0.004,0.407,0,18.431,6.547,0.000,0,748,0,0
8032,20.100,20.100,13.061,6.134,0.542,0.363,1,18.431,6.547,0.000,301,45796,2288,0
8033,13.270,7.600,7.198,0.064,0.008,0.329,0,17.827,6.971,0.000,0,748,0,0
8034,21.327,21.327,13.121,6.748,0.400,1.058,1,17.827,6.971,0.000,300,45796,2285,0
8035,12.040,6.104,5.769,0.067,0.005,0.263,0,16.611,6.466,0.000,0,748,0,0
8036,19.991,19.991,12.993,6.343,0.398,0.257,1,16.611,6.466,0.000,300,45796,2286,0
8037,13.377,7.243,6.893,0.062,0.005,0.283,0,16.840,6.403,0.000,0,748,0,0
8038,18.936,18.936,11.837,6.322,0.516,0.260,1,16.840,6.403,0.000,300,45796,2286,0
8039,14.425,9.929,9.571,0.073,0.013,0.273,0,19.510,7.396,0.000,0,748,0,0
8040,19.450,19.450,12.022,6.616,0.511,0.302,1,19.510,7.396,0.000,300,45796,2286,0
8041,13.932,6.898,6.627,0.065,0.006,0.201,0,20.097,7.098,0.000,0,748,0,0
8042,19.970,19.970,12.893,6.342,0.529,0.206,1,20.097,7.098,0.000,301,45796,2288,0
8043,13.389,7.512,7.158,0.067,0.007,0.279,0,18.860,6.540,0.000,0,748,0,0
8044,19.439,19.439,12.524,6.213,0.497,0.205,1,18.860,6.540,0.000,300,45796,2285,0
8045,13.920,6.676,6.439,0.064,0.005,0.167,0,18.219,6.488,0.000,0,748,0,0
8046,18.903,18.903,11.997,6.105,0.541,0.260,1,18.219,6.488,0.000,300,45796,2286,0
8047,14.465,6.309,6.115,0.062,0.008,0.124,0,17.253,6.419,0.000,0,748,0,0
8048,19.536,19.536,11.593,7.435,0.329,0.178,1,17.253,6.419,0.000,300,45796,2286,0
8049,13.830,6.643,6.383,0.067,0.005,0.188,0,16.761,6.462,0.000,0,748,0,0
8050,19.186,19.186,11.847,6.725,0.454,0.160,1,16.761,6.462,0.000,300,45796,2286,0
8051,14.184,6.284,6.072,0.065,0.005,0.142,0,16.601,6.390,0.000,0,748,0,0
8052,19.897,19.897,12.453,6.694,0.495,0.255,1,16.601,6.390,0.000,300,45796,2285,0
8053,13.479,6.764,6.474,0.061,0.004,0.225,0,16.700,6.427,0.000,0,748,0,0
8054,19.502,19.502,12.574,6.302,0.396,0.231,1,16.700,6.427,0.000,301,45796,2288,0
8055,13.855,8.162,7.782,0.061,0.005,0.314,0,17.067,6.550,0.000,0,744,0,0
8056,19.154,19.154,12.297,6.209,0.380,0.268,1,17.067,6.550,0.000,299,45792,2273,0
8057,14.210,7.536,7.200,0.061,0.006,0.269,0,16.661,6.363,0.000,0,240,0,0
8058,32.519,32.519,11.954,19.809,0.398,0.358,1,16.661,6.363,0.000,298,45288,2266,0
8059,5.805,5.805,5.436,0.063,0.006,0.300,0,16.661,6.363,0.000,0,240,0,0
8060,21.499,21.499,14.511,6.391,0.258,0.338,1,20.565,6.706,0.000,298,45288,2266,0
8061,7.035,5.920,5.490,0.060,0.007,0.363,0,20.565,6.706,0.000,0,240,0,0
8062,16.560,9.959,9.645,0.062,0.007,0.244,0,19.557,7.294,0.000,0,240,0,0
8063,19.294,19.294,12.424,6.071,0.540,0.258,1,19.557,7.294,0.000,298,45288,2265,0
8064,14.071,7.066,6.749,0.061,0.005,0.251,0,17.552,7.266,0.000,0,240,0,0
8065,19.686,19.686,12.560,6.487,0.428,0.211,1,17.552,7.266,0.000,299,45288,2268,0
8066,13.698,6.425,6.139,0.062,0.009,0.214,0,18.813,6.727,0.000,0,240,0,0
8067,17.345,17.345,10.668,6.030,0.375,0.272,1,18.813,6.727,0.000,298,45288,2266,0
8068,16.005,9.768,9.464,0.073,0.012,0.219,0,18.932,6.394,0.000,0,240,0,0
8069,18.636,18.636,11.786,6.076,0.558,0.216,1,18.932,6.394,0.000,298,45288,2266,0
8070,14.742,7.612,7.241,0.060,0.004,0.306,0,18.359,6.558,0.000,0,240,0,0
8071,19.865,19.865,12.619,6.453,0.472,0.321,1,18.359,6.558,0.000,298,45288,2265,0
8072,13.492,9.100,8.729,0.063,0.009,0.298,0,19.190,6.656,0.000,0,240,0,0
8073,18.307,18.307,11.328,6.171,0.379,0.429,1,19.190,6.656,0.000,298,45288,2266,0
8074,15.065,6.701,6.321,0.072,0.010,0.298,0,20.293,7.171,0.000,0,240,0,0
8075,20.661,20.661,13.547,6.333,0.450,0.332,1,20.293,7.171,0.000,298,45288,2267,0
8076,12.702,6.801,6.373,0.060,0.006,0.361,0,16.879,6.481,0.000,0,240,0,0
8077,19.672,19.672,11.623,7.311,0.419,0.319,1,16.879,6.481,0.000,298,45288,2266,0
8078,13.698,6.035,5.672,0.063,0.006,0.295,0,19.406,6.946,0.000,0,240,0,0
8079,18.701,18.701,11.880,6.084,0.295,0.442,1,19.406,6.946,0.000,298,45288,2266,0
8080,14.675,6.569,6.154,0.080,0.006,0.330,0,19.684,6.392,0.000,0,316,0,0
8081,91.596,91.596,13.449,77.409,0.403,0.335,1,19.684,6.392,0.000,355,62770,2748,0
8082,6.701,6.701,6.194,0.079,0.006,0.422,0,72.207,9.543,0.000,0,324,0,0
8083,6.075,6.075,5.690,0.082,0.008,0.295,0,72.207,9.543,0.000,0,324,0,0
8084,4.975,4.975,4.610,0.078,0.005,0.282,0,72.207,9.543,0.000,0,324,0,0
8085,5.349,5.349,4.946,0.077,0.005,0.322,0,72.207,9.543,0.000,0,324,0,0
8086,5.486,5.486,5.154,0.078,0.004,0.250,0,72.207,9.543,0.000,0,324,0,0
8087,29.658,29.658,11.589,17.330,0.471,0.267,1,19.174,1.500,2.303,376,62918,1968,38432
8088,7.190,7.190,6.736,0.080,0.008,0.366,0,19.174,1.500,2.303,0,324,0,0
8089,5.114,5.114,4.817,0.077,0.004,0.216,0,19.174,1.500,2.303,0,324,0,0
8090,5.500,5.500,5.191,0.080,0.006,0.223,0,19.174,1.500,2.303,0,324,0,0
8091,26.415,26.415,17.568,8.042,0.480,0.325,1,19.174,1.500,0.000,361,62918,2748,0
8092,7.042,7.042,6.745,0.081,0.005,0.211,0,19.174,1.500,0.000,0,324,0,0
8093,15.770,9.336,9.020,0.077,0.003,0.235,0,26.600,9.277,0.000,0,324,0,0
8094,21.257,21.257,13.136,7.392,0.429,0.300,1,26.600,9.277,0.000,361,62918,2746,0
8095,12.121,6.653,6.405,0.078,0.005,0.166,0,20.081,10.678,0.000,0,324,0,0
8096,26.789,26.789,13.077,13.123,0.360,0.230,1,18.227,3.552,0.000,376,62918,2206,39067
8097,6.712,6.712,6.406,0.080,0.007,0.219,0,18.227,3.552,0.000,0,324,0,0
8098,30.138,30.138,16.300,13.254,0.349,0.236,1,18.227,3.552,0.000,376,62918,2197,39367
8099,5.587,5.587,5.223,0.079,0.005,0.281,0,19.058,3.434,0.000,0,324,0,0
8100,20.836,20.836,11.140,9.083,0.357,0.256,1,19.058,3.434,0.000,361,62918,2746,0
8101,10.056,5.448,5.120,0.079,0.005,0.244,0,19.058,3.434,0.000,0,324,0,0
8102,26.291,26.291,14.262,11.214,0.459,0.356,1,16.866,3.516,0.800,376,62918,2081,39367
8103,7.048,5.916,5.564,0.081,0.007,0.264,0,16.866,3.516,0.800,0,324,0,0
8104,21.919,21.919,10.944,10.416,0.280,0.278,1,16.866,3.516,0.000,376,62918,2197,39367
8105,11.445,6.511,6.064,0.079,0.005,0.364,0,18.879,3.562,0.000,0,320,0,0
8106,30.089,30.089,13.333,15.707,0.692,0.357,1,18.879,3.562,0.000,376,62918,2193,39367
8107,7.736,7.736,7.266,0.082,0.008,0.380,0,21.572,4.205,0.000,0,320,0,0
8108,23.383,23.383,13.290,9.385,0.249,0.459,1,21.572,4.205,0.000,369,62768,2112,39221
8109,5.529,5.419,5.027,0.077,0.005,0.310,0,19.834,3.683,0.000,0,320,0,0
8110,21.566,21.566,11.878,9.025,0.336,0.327,1,19.834,3.683,0.000,362,62399,2044,38852
8111,11.798,5.942,5.435,0.078,0.005,0.425,0,18.243,3.565,0.000,0,320,0,0
8112,22.212,22.212,12.805,8.604,0.471,0.333,1,18.243,3.565,0.000,361,62387,2041,38840
8113,11.160,5.280,4.927,0.075,0.005,0.273,0,17.052,3.486,0.000,0,320,0,0
8114,24.087,24.087,12.951,10.396,0.330,0.410,1,16.879,3.692,0.000,359,62285,2036,38738
8115,9.293,5.584,5.214,0.076,0.005,0.289,0,16.879,3.692,0.000,0,320,0,0
8116,21.771,21.771,10.872,10.456,0.310,0.134,1,16.879,3.692,0.000,358,62282,2029,38735
8117,11.578,5.200,4.969,0.077,0.004,0.150,0,17.556,3.593,0.000,0,320,0,0
8118,20.296,20.296,10.419,9.353,0.346,0.178,1,17.556,3.593,0.000,352,62246,1998,38703
8119,13.073,5.563,5.315,0.076,0.004,0.168,0,17.317,3.526,0.000,0,316,0,0
8120,20.618,20.618,10.669,9.381,0.330,0.238,1,17.317,3.526,0.000,350,62227,1984,38680
8121,12.746,5.611,5.336,0.078,0.005,0.192,0,17.661,3.475,0.000,0,320,0,0
8122,19.755,19.755,10.565,8.641,0.329,0.221,1,17.661,3.475,0.000,349,62223,1982,38680
8123,13.611,4.985,4.683,0.073,0.005,0.224,0,17.795,3.394,0.000,0,304,0,0
8124,19.077,19.077,10.315,8.214,0.340,0.208,1,17.795,3.394,0.000,344,62099,1934,39004
8125,14.288,5.005,4.761,0.073,0.005,0.166,0,18.266,3.494,0.000,0,304,0,0
8126,19.102,19.102,10.221,8.274,0.344,0.262,1,18.266,3.494,0.000,340,61449,1929,38354
8127,14.266,5.116,4.820,0.075,0.009,0.213,0,17.997,4.365,0.000,0,304,0,0
8128,19.260,19.260,10.382,8.323,0.330,0.226,1,17.997,4.365,0.000,340,61449,1928,38354
8129,14.106,5.070,4.717,0.073,0.005,0.274,0,17.926,3.933,0.000,0,304,0,0
8130,18.980,18.980,9.984,8.406,0.354,0.235,1,17.926,3.933,0.000,340,61449,1928,38354
8131,14.391,5.054,4.768,0.074,0.005,0.206,0,19.006,3.460,0.000,0,304,0,0
8132,22.729,22.729,12.017,10.023,0.349,0.341,1,16.516,3.539,0.000,340,61449,1929,38354
8133,10.633,5.920,5.534,0.134,0.007,0.245,0,16.516,3.539,0.000,0,300,0,0
8134,19.976,19.976,10.810,8.600,0.320,0.246,1,16.516,3.539,0.000,339,61445,1917,38354
8135,13.393,6.606,6.132,0.072,0.005,0.397,0,17.738,3.570,0.000,0,300,0,0
8136,32.906,32.906,15.788,16.467,0.380,0.271,1,17.738,3.570,0.000,344,61821,2006,37918
8137,6.187,6.187,5.826,0.088,0.008,0.265,0,22.520,3.988,0.000,0,676,0,0
8138,35.942,35.942,13.501,21.700,0.422,0.319,1,22.520,3.988,0.000,347,62061,2081,37918
8139,6.438,6.438,6.100,0.077,0.010,0.251,0,28.857,4.108,0.000,0,676,0,0
8140,5.165,5.165,4.853,0.078,0.006,0.228,0,28.857,4.108,0.000,0,676,0,0
8141,23.128,23.128,11.365,11.079,0.365,0.319,1,28.857,4.108,0.000,347,62061,2058,38134
8142,7.016,6.430,6.160,0.077,0.004,0.188,0,19.742,3.762,0.000,0,676,0,0
8143,23.200,23.200,12.296,9.805,0.269,0.831,1,19.742,3.762,0.000,347,62061,2052,38158
8144,10.166,5.473,5.068,0.076,0.005,0.325,0,18.827,3.665,0.000,0,676,0,0
8145,23.572,23.572,13.617,9.154,0.523,0.278,1,18.827,3.665,0.000,347,62061,2051,38158
8146,9.796,5.562,5.201,0.077,0.006,0.277,0,18.578,3.728,0.000,0,676,0,0
8147,23.646,23.646,12.542,10.308,0.435,0.362,1,18.578,3.728,0.000,348,62061,2059,38158
8148,9.722,6.089,5.751,0.078,0.005,0.255,0,20.301,3.699,0.000,0,676,0,0
8149,21.400,21.400,11.426,9.454,0.250,0.270,1,20.301,3.699,0.000,347,62061,2051,38158
8150,11.963,5.679,5.213,0.076,0.005,0.384,0,17.953,3.679,0.000,0,676,0,0
8151,23.018,23.018,13.452,8.919,0.376,0.270,1,17.953,3.679,0.000,347,62061,2051,38158
8152,10.349,5.571,5.280,0.077,0.006,0.208,0,17.793,3.720,0.000,0,676,0,0
8153,23.819,23.819,12.603,10.532,0.358,0.326,1,17.793,3.720,0.000,347,62061,2057,38158
8154,9.552,5.386,5.071,0.077,0.005,0.233,0,20.266,3.832,0.000,0,676,0,0
8155,21.546,21.546,10.797,10.248,0.245,0.256,1,20.266,3.832,0.000,347,62061,2051,38158
8156,11.820,5.766,5.227,0.078,0.004,0.457,0,18.212,3.552,0.000,0,676,0,0
8157,21.423,21.423,11.225,9.479,0.333,0.386,1,18.212,3.552,0.000,347,62061,2052,38158
8158,11.942,5.419,5.007,0.077,0.005,0.330,0,18.136,3.516,0.000,0,676,0,0
8159,25.325,25.325,11.998,12.509,0.385,0.434,1,17.466,3.415,0.000,347,62061,2056,38158
8160,8.039,5.449,5.042,0.076,0.005,0.326,0,17.466,3.415,0.000,0,676,0,0
8161,25.893,25.893,13.495,11.535,0.534,0.329,1,18.257,3.571,0.000,347,62061,2051,38158
8162,7.474,5.646,5.180,0.078,0.005,0.384,0,18.257,3.571,0.000,0,676,0,0
8163,22.821,22.821,12.490,9.708,0.279,0.343,1,18.257,3.571,0.000,347,62061,2052,38158
8164,10.547,6.140,5.767,0.080,0.006,0.287,0,18.923,3.725,0.000,0,676,0,0
8165,21.452,21.452,11.379,9.392,0.343,0.339,1,18.923,3.725,0.000,347,62061,2051,38158
8166,11.913,5.696,5.353,0.078,0.005,0.260,0,18.286,3.709,0.000,0,676,0,0
8167,22.882,22.882,13.139,8.996,0.378,0.368,1,18.286,3.709,0.000,347,62061,2051,38158
8168,10.484,5.725,5.349,0.078,0.006,0.292,0,17.921,3.663,0.000,0,676,0,0
8169,23.356,23.356,12.812,9.894,0.381,0.268,1,17.921,3.663,0.000,347,62061,2053,38158
8170,10.016,5.815,5.474,0.084,0.007,0.250,0,18.557,3.718,0.000,0,676,0,0
8171,21.747,21.747,11.559,9.504,0.285,0.399,1,18.557,3.718,0.000,347,62061,2051,38158
8172,11.618,5.266,4.943,0.077,0.004,0.243,0,18.810,3.542,0.000,0,676,0,0
8173,21.289,21.289,11.298,9.393,0.338,0.259,1,18.810,3.542,0.000,347,62061,2052,38158
8174,12.078,5.443,5.012,0.077,0.005,0.349,0,17.881,3.498,0.000,0,676,0,0
8175,20.750,20.750,10.638,9.462,0.323,0.326,1,17.881,3.498,0.000,347,62061,2051,38158
8176,12.635,6.219,5.827,0.084,0.005,0.303,0,18.379,3.500,0.000,0,676,0,0
8177,24.378,24.378,14.010,9.606,0.378,0.385,1,18.379,3.500,0.000,347,62061,2053,38158
8178,8.970,5.568,5.233,0.078,0.005,0.252,0,19.223,3.808,0.000,0,676,0,0
8179,23.120,23.120,13.320,9.163,0.360,0.277,1,19.223,3.808,0.000,347,62061,2038,38594
8180,10.245,6.612,6.152,0.081,0.007,0.372,0,18.629,3.624,0.000,0,676,0,0
8181,21.628,21.628,11.750,9.248,0.236,0.395,1,18.629,3.624,0.000,347,62061,2037,38594
8182,11.738,5.764,5.284,0.072,0.009,0.399,0,18.536,3.505,0.000,0,300,0,0
8183,24.879,24.879,14.262,9.588,0.533,0.496,1,18.403,3.704,0.000,342,61685,2003,38158
8184,8.492,5.481,4.987,0.073,0.005,0.415,0,18.403,3.704,0.000,0,300,0,0
8185,22.968,22.968,12.380,9.756,0.361,0.471,1,18.403,3.704,0.000,342,61685,1997,38158
8186,10.398,5.559,4.917,0.071,0.005,0.564,0,19.170,3.806,0.000,0,300,0,0
8187,21.463,21.463,10.656,10.129,0.233,0.445,1,19.170,3.806,0.000,342,61685,1997,38158
8188,11.905,5.261,4.763,0.071,0.004,0.423,0,18.855,3.755,0.000,0,300,0,0
8189,20.702,20.702,10.523,9.271,0.323,0.585,1,18.855,3.755,0.000,342,61685,1999,38158
8190,12.665,5.802,5.330,0.073,0.005,0.394,0,19.135,3.284,0.000,0,300,0,0
8191,20.471,20.471,10.434,9.267,0.364,0.405,1,19.135,3.284,0.000,342,61685,1997,38158
8192,12.891,6.082,5.509,0.072,0.005,0.495,0,18.470,3.508,0.000,0,300,0,0
8193,19.851,19.851,10.512,8.547,0.421,0.372,1,18.470,3.508,0.000,342,61685,1998,38158
8194,13.518,5.736,5.129,0.074,0.005,0.528,0,19.326,3.533,0.000,0,300,0,0
8195,20.335,20.335,10.536,8.984,0.353,0.463,1,19.326,3.533,0.000,342,61685,2002,38158
8196,13.031,5.366,4.863,0.073,0.005,0.425,0,21.365,3.497,0.000,0,300,0,0
8197,21.253,21.253,11.450,8.778,0.440,0.586,1,21.365,3.497,0.000,342,61685,1997,38158
8198,12.117,5.360,4.918,0.073,0.005,0.364,0,20.287,3.499,0.000,0,300,0,0
8199,20.135,20.135,10.600,8.764,0.375,0.397,1,20.287,3.499,0.000,342,61685,1998,38158
8200,13.232,6.739,6.185,0.072,0.005,0.478,0,17.267,3.531,0.000,0,300,0,0
8201,22.505,22.505,12.712,9.011,0.371,0.412,1,17.267,3.531,0.000,342,61685,2002,38158
8202,10.874,5.454,5.055,0.072,0.005,0.322,0,18.499,3.492,0.000,0,300,0,0
8203,23.642,23.642,12.456,10.418,0.372,0.396,1,18.499,3.492,0.000,345,61903,2018,38158
8204,9.710,5.247,4.914,0.072,0.005,0.256,0,20.393,3.771,0.000,0,300,0,0
8205,23.218,23.218,13.387,9.226,0.330,0.275,1,20.393,3.771,0.000,345,61944,2010,38158
8206,10.151,5.703,5.345,0.072,0.006,0.280,0,18.376,3.571,0.000,0,300,0,0
8207,22.988,22.988,12.341,9.826,0.405,0.416,1,18.376,3.571,0.000,345,61919,2011,38158
8208,10.372,5.365,4.928,0.072,0.006,0.359,0,19.719,3.552,0.000,0,300,0,0
8209,23.599,23.599,12.571,10.147,0.372,0.508,1,16.748,3.602,0.000,345,61919,2007,38264
8210,9.770,6.574,6.114,0.082,0.007,0.371,0,16.748,3.602,0.000,0,300,0,0
8211,20.707,20.707,11.332,8.726,0.286,0.363,1,16.748,3.602,0.000,345,61919,2003,38392
8212,12.658,7.163,6.680,0.072,0.004,0.407,0,17.461,3.531,0.000,0,300,0,0
8213,23.185,23.185,12.274,10.208,0.362,0.341,1,17.461,3.531,0.000,345,61919,2009,38392
8214,10.184,6.041,5.662,0.073,0.005,0.301,0,20.575,3.631,0.000,0,300,0,0
8215,23.669,23.669,13.639,9.171,0.377,0.482,1,20.575,3.631,0.000,346,61903,2012,38179
8216,9.697,5.528,5.180,0.072,0.007,0.269,0,17.443,4.215,0.000,0,300,0,0
8217,22.728,22.728,11.924,10.139,0.356,0.309,1,17.443,4.215,0.000,342,61685,1990,38158
8218,10.642,5.406,4.970,0.073,0.005,0.358,0,18.263,3.778,0.000,0,300,0,0
8219,21.404,21.404,11.510,9.323,0.237,0.334,1,18.263,3.778,0.000,342,61685,1991,38158
8220,11.963,7.008,6.530,0.073,0.005,0.400,0,17.278,3.438,0.000,0,300,0,0
8221,28.328,28.328,12.188,15.124,0.454,0.562,1,17.438,3.605,0.000,342,62059,1971,37918
8222,6.542,6.542,6.084,0.079,0.005,0.374,0,17.438,3.605,0.000,0,300,0,0
8223,24.541,24.541,11.706,12.119,0.316,0.400,1,16.468,3.499,0.000,342,62059,1946,38550
8224,7.318,6.508,5.949,0.076,0.007,0.476,0,16.468,3.499,0.000,0,300,0,0
8225,20.148,20.148,12.344,6.971,0.415,0.419,1,16.468,3.499,0.000,328,62059,2456,0
8226,13.239,6.569,6.081,0.078,0.008,0.402,0,20.796,9.216,0.000,0,300,0,0
8227,23.477,23.477,13.016,9.619,0.363,0.479,1,20.796,9.216,0.955,342,62059,1806,38568
8228,9.873,5.877,5.480,0.074,0.004,0.319,0,19.288,3.345,0.955,0,300,0,0
8229,21.004,21.004,11.972,8.423,0.290,0.320,1,19.288,3.345,0.000,342,62059,1944,38568
8230,12.367,5.442,5.031,0.072,0.004,0.335,0,18.127,3.480,0.000,0,300,0,0
8231,20.886,20.886,10.711,9.583,0.332,0.260,1,18.127,3.480,0.000,342,62059,1944,38568
8232,12.476,5.469,5.071,0.104,0.004,0.289,0,17.675,3.547,0.000,0,300,1,0
8233,23.777,23.777,14.075,8.812,0.403,0.488,1,17.561,3.560,0.000,342,62059,1944,38568
8234,10.295,7.939,7.464,0.080,0.007,0.387,0,17.561,3.560,0.000,0,300,0,0
8235,22.345,22.345,11.935,9.603,0.427,0.381,1,17.561,3.560,0.000,342,62059,1958,38132
8236,10.356,5.673,5.144,0.074,0.004,0.451,0,18.758,3.750,0.000,0,300,0,0
8237,22.424,22.424,11.243,9.793,1.026,0.362,1,18.758,3.750,0.000,342,62059,1959,38132
8238,10.905,5.513,5.091,0.075,0.005,0.343,0,18.557,3.700,0.000,0,300,0,0
8239,20.685,20.685,11.398,8.540,0.271,0.476,1,18.557,3.700,0.000,342,62059,1958,38132
8240,12.676,6.513,6.117,0.088,0.008,0.300,0,18.753,3.605,0.000,0,300,0,0
8241,20.019,20.019,10.759,8.521,0.447,0.292,1,18.753,3.605,0.000,342,62059,1959,38132
8242,13.351,5.400,4.999,0.072,0.007,0.322,0,19.009,3.581,0.000,0,300,0,0
8243,24.021,24.021,14.213,9.160,0.355,0.294,1,16.723,4.035,0.000,342,62059,1958,38132
8244,9.344,5.325,5.012,0.074,0.005,0.235,0,16.723,4.035,0.000,0,300,0,0
8245,24.306,24.306,14.650,8.870,0.375,0.411,1,16.723,4.035,0.000,342,62059,1958,38132
8246,9.061,5.405,5.037,0.073,0.004,0.290,0,17.454,3.693,0.000,0,300,0,0
8247,22.656,22.656,13.162,8.793,0.415,0.286,1,17.454,3.693,0.000,342,62059,1959,38132
8248,10.711,6.488,6.040,0.075,0.007,0.366,0,16.734,4.490,0.000,0,300,0,0
8249,21.403,21.403,11.525,9.242,0.348,0.289,1,16.734,4.490,0.000,342,62059,1958,38132
8250,11.966,5.260,4.932,0.072,0.004,0.252,0,17.921,3.673,0.000,0,300,0,0
8251,23.756,23.756,14.058,8.812,0.504,0.382,1,17.921,3.673,0.000,342,62059,1959,38132
8252,9.613,5.496,5.185,0.073,0.005,0.232,0,18.015,3.708,0.000,0,300,0,0
8253,22.751,22.751,13.103,8.978,0.422,0.248,1,18.015,3.708,0.000,342,62059,1958,38132
8254,10.614,5.451,5.133,0.073,0.004,0.241,0,18.431,3.802,0.000,0,300,0,0
8255,20.195,20.195,11.108,8.578,0.276,0.233,1,18.431,3.802,0.000,342,62059,1958,38132
8256,13.164,5.746,5.486,0.072,0.005,0.182,0,17.530,3.591,0.000,0,300,0,0
8257,20.164,20.164,10.924,8.570,0.363,0.307,1,17.530,3.591,0.000,342,62059,1959,38132
8258,13.206,6.630,6.232,0.072,0.005,0.321,0,16.775,3.569,0.000,0,300,0,0
8259,22.921,22.921,12.948,9.240,0.363,0.370,1,16.775,3.569,0.000,342,62059,1958,38132
8260,10.446,6.523,6.014,0.080,0.006,0.423,0,18.846,3.841,0.000,0,300,0,0
8261,23.277,23.277,13.718,8.835,0.349,0.375,1,18.846,3.841,0.000,342,62059,1959,38132
8262,10.088,5.427,5.062,0.071,0.004,0.290,0,17.556,3.662,0.000,0,300,0,0
8263,23.458,23.458,13.864,8.787,0.390,0.416,1,17.556,3.662,0.000,342,62059,1958,38132
8264,9.910,5.616,5.257,0.074,0.005,0.280,0,16.535,4.349,0.000,0,300,0,0
8265,22.967,22.967,12.002,10.213,0.374,0.378,1,16.535,4.349,0.000,342,62059,1958,38132
8266,10.402,5.373,4.949,0.073,0.005,0.347,0,18.493,3.793,0.000,0,300,0,0
8267,30.027,30.027,14.115,15.239,0.394,0.279,1,18.493,3.793,0.000,340,61449,1946,37918
8268,6.111,6.111,5.813,0.074,0.005,0.218,0,21.927,3.706,0.000,0,304,0,0
8269,21.182,21.182,11.272,9.380,0.247,0.283,1,21.927,3.706,0.000,340,61449,1939,37918
8270,9.424,5.333,5.051,0.075,0.005,0.202,0,17.868,3.643,0.000,0,304,0,0
8271,22.876,22.876,13.421,8.737,0.380,0.338,1,17.868,3.643,0.000,341,61453,1943,37918
8272,10.477,5.320,4.895,0.075,0.004,0.345,0,17.895,3.759,0.000,0,316,0,0
8273,23.301,23.301,12.776,9.883,0.349,0.292,1,16.541,3.844,0.000,348,62115,1958,38568
8274,10.068,5.209,4.862,0.078,0.005,0.264,0,16.541,3.844,0.000,0,324,0,0
8275,21.791,21.791,12.408,8.660,0.346,0.377,1,16.541,3.844,0.000,349,62119,1961,38568
8276,11.573,5.954,5.575,0.086,0.007,0.285,0,17.424,3.540,0.000,0,324,0,0
8277,22.569,22.569,12.789,9.091,0.328,0.361,1,16.046,3.357,0.000,350,62123,1951,39004
8278,10.800,6.177,5.633,0.099,0.007,0.438,0,16.046,3.357,0.000,0,328,0,0
8279,22.230,22.230,13.926,7.551,0.421,0.332,1,16.046,3.357,0.000,335,62123,2461,0
8280,11.135,7.756,7.423,0.081,0.006,0.246,0,18.899,8.958,0.000,0,340,0,0
8281,21.571,21.571,12.756,7.437,0.311,1.066,1,18.899,8.958,0.000,338,62135,2470,0
8282,11.796,7.018,6.665,0.081,0.005,0.267,0,18.376,9.109,0.000,0,340,0,0
8283,21.650,21.650,13.374,7.506,0.424,0.346,1,18.376,9.109,0.000,340,62247,2497,0
8284,11.720,7.599,7.144,0.085,0.006,0.364,0,18.289,8.985,0.000,0,340,0,0
8285,21.134,21.134,13.457,6.960,0.407,0.310,1,18.289,8.985,0.000,341,62250,2502,0
8286,12.254,8.089,7.675,0.082,0.005,0.327,0,18.413,9.050,0.000,0,340,0,0
8287,21.840,21.840,13.791,7.151,0.430,0.468,1,18.413,9.050,0.000,341,62250,2502,0
8288,11.501,7.960,7.551,0.084,0.005,0.320,0,18.304,9.559,0.000,0,344,0,0
8289,21.752,21.752,13.363,7.617,0.411,0.362,1,18.304,9.559,0.000,345,62264,2517,0
8290,11.619,8.784,8.275,0.086,0.005,0.418,0,18.406,9.070,0.000,0,348,0,0
8291,21.579,21.579,12.610,8.232,0.399,0.339,1,18.406,9.070,0.000,345,62264,2516,0
8292,11.789,7.917,7.560,0.087,0.005,0.265,0,18.293,9.094,0.000,0,348,0,0
8293,22.471,22.471,13.584,8.046,0.452,0.388,1,18.293,9.094,0.000,346,62864,2533,0
8294,10.891,7.574,7.261,0.087,0.005,0.220,0,19.556,9.144,0.000,0,348,0,0
8295,25.434,25.434,12.409,12.311,0.382,0.332,1,17.401,3.531,0.000,361,62864,2019,38689
8296,7.932,6.505,6.093,0.091,0.007,0.314,0,17.401,3.531,0.000,0,352,0,0
8297,25.758,25.758,11.818,13.117,0.451,0.372,1,16.922,3.644,0.000,362,62868,2023,38689
8298,7.669,7.357,6.758,0.089,0.008,0.502,0,16.922,3.644,0.000,0,352,0,0
8299,25.746,25.746,14.686,10.304,0.281,0.475,1,17.185,3.704,0.000,362,62868,2022,38689
8300,7.569,5.438,4.992,0.084,0.005,0.357,0,17.185,3.704,0.000,0,352,0,0
8301,23.751,23.751,14.026,8.823,0.388,0.514,1,17.185,3.704,0.000,362,62868,2024,38689
8302,9.619,5.366,4.926,0.084,0.005,0.352,0,17.948,3.641,0.000,0,352,0,0
8303,22.115,22.115,12.710,8.645,0.397,0.363,1,17.948,3.641,0.000,362,62868,2030,38689
8304,11.242,5.421,4.947,0.084,0.005,0.384,0,17.092,3.568,0.000,0,352,0,0
8305,21.720,21.720,12.089,8.961,0.358,0.312,1,17.092,3.568,0.000,362,62868,2030,38689
8306,11.648,6.340,5.941,0.084,0.005,0.310,0,19.053,3.994,0.000,0,352,0,0
8307,22.215,22.215,11.447,9.906,0.425,0.437,1,19.053,3.994,0.000,362,62868,2031,38689
8308,11.155,5.431,5.025,0.085,0.005,0.315,0,18.403,3.827,0.000,0,356,0,0
8309,27.385,27.385,14.783,11.718,0.436,0.449,1,18.403,3.827,0.000,363,62872,2043,38689
8310,6.693,6.693,6.083,0.097,0.004,0.509,0,22.754,3.466,0.000,0,356,0,0
8311,24.552,24.552,14.288,9.547,0.296,0.421,1,22.754,3.466,0.000,363,62872,2044,38689
8312,8.099,5.561,5.102,0.086,0.004,0.369,0,17.920,4.165,0.000,0,356,0,0
8313,25.605,25.605,13.407,11.358,0.351,0.489,1,17.920,4.165,0.000,369,63014,2097,38689
8314,7.765,6.403,5.944,0.088,0.007,0.363,0,21.545,4.088,0.000,0,356,0,0
8315,24.252,24.252,13.347,10.162,0.370,0.372,1,17.491,3.650,0.000,409,63206,2301,38831
8316,9.117,6.370,5.830,0.087,0.007,0.447,0,17.491,3.650,0.000,0,356,0,0
8317,22.798,22.798,12.166,9.303,0.329,1.000,1,17.491,3.650,0.000,409,63206,2300,39023
8318,10.575,6.616,6.202,0.086,0.005,0.324,0,20.720,3.546,0.000,0,356,0,0
8319,22.531,22.531,11.618,10.158,0.363,0.393,1,20.720,3.546,0.000,411,63210,2307,39023
8320,10.827,8.077,7.727,0.090,0.007,0.254,0,18.894,3.706,0.000,0,360,0,0
8321,29.889,29.889,13.401,15.676,0.491,0.320,1,22.519,3.516,0.000,375,63286,2146,39459
8322,6.959,6.959,6.299,0.089,0.007,0.564,0,22.519,3.516,0.000,0,360,0,0
8323,23.984,23.984,12.229,10.354,1.023,0.380,1,22.519,3.516,0.000,376,63310,2165,39511
8324,5.964,5.964,5.499,0.088,0.005,0.372,0,21.652,3.525,0.000,0,364,0,0
8325,40.063,40.063,14.804,23.811,0.338,1.109,1,32.373,3.682,0.000,400,64718,2423,39559
8326,5.924,5.924,5.437,0.088,0.007,0.392,0,32.373,3.682,0.000,0,360,0,0
8327,5.542,5.542,5.079,0.087,0.005,0.370,0,32.373,3.682,0.000,0,360,0,0
8328,27.018,27.018,15.815,10.302,0.370,0.531,1,32.373,3.682,0.000,399,64714,2351,40481
8329,6.613,6.613,6.150,0.088,0.007,0.368,0,20.947,3.609,0.000,0,360,0,0
8330,24.612,24.612,14.237,9.612,0.418,0.345,1,20.947,3.609,0.000,400,64906,2336,40963
8331,6.950,6.129,5.607,0.091,0.007,0.424,0,18.969,3.589,0.000,0,360,0,0
8332,24.111,24.111,13.804,9.732,0.262,0.314,1,18.969,3.589,0.000,403,65464,2363,40719
8333,9.251,5.788,5.380,0.095,0.008,0.305,0,18.717,4.174,0.000,0,360,0,0
8334,24.365,24.365,13.703,9.835,0.337,0.491,1,18.717,4.174,0.000,404,65468,2364,41277
8335,9.005,6.428,5.927,0.091,0.007,0.402,0,18.443,3.971,0.000,0,364,0,0
8336,24.493,24.493,12.720,11.043,0.321,0.408,1,18.009,3.684,0.000,404,65468,2364,41277
8337,8.871,6.215,5.652,0.087,0.005,0.471,0,18.009,3.684,0.000,0,364,0,0
8338,23.062,23.062,12.011,10.302,0.349,0.400,1,18.009,3.684,0.000,408,65572,2427,41277
8339,10.314,7.067,6.586,0.088,0.006,0.387,0,22.503,4.179,0.000,0,364,0,0
8340,25.997,25.997,13.093,12.054,0.362,0.488,1,22.503,4.179,0.000,413,65642,2467,41305
8341,7.366,6.272,5.783,0.088,0.005,0.396,0,24.795,3.726,0.000,0,364,0,0
8342,26.036,26.036,14.705,10.713,0.256,0.362,1,24.795,3.726,0.000,415,65858,2477,41369
8343,16.237,16.237,15.751,0.087,0.005,0.394,0,21.009,3.619,0.000,0,364,0,0
8344,7.775,6.865,6.428,0.089,0.007,0.340,0,21.009,3.619,0.000,0,364,0,0
8345,26.271,26.271,15.072,10.423,0.449,0.327,1,18.538,3.598,0.000,416,65862,2470,41579
8346,7.096,6.221,5.759,0.091,0.007,0.365,0,18.538,3.598,0.000,0,368,0,0
8347,23.296,23.296,11.649,11.020,0.285,0.342,1,18.538,3.598,0.000,423,66008,2537,41603
8348,10.072,5.597,5.253,0.088,0.005,0.251,0,21.858,3.737,0.000,0,372,0,0
8349,30.476,30.476,11.530,18.225,0.357,0.365,1,21.028,4.134,0.000,417,66008,2716,36980
8350,6.307,6.307,5.943,0.095,0.007,0.262,0,21.028,4.134,0.000,0,380,0,0
8351,26.609,26.609,12.189,13.753,0.404,0.263,1,21.028,4.134,0.000,411,66146,2746,12455
8352,6.099,6.099,5.708,0.091,0.005,0.295,0,21.028,4.134,0.000,0,376,0,0
8353,25.357,25.357,14.976,9.817,0.300,0.265,1,25.058,8.708,0.000,409,66012,2481,43107
8354,5.717,5.717,5.348,0.093,0.005,0.270,0,21.020,3.522,0.000,0,376,0,0
8355,21.609,21.609,10.911,9.990,0.358,0.351,1,21.020,3.522,0.000,411,66020,2490,43239
8356,11.299,5.511,5.191,0.091,0.006,0.223,0,22.780,3.957,0.000,0,380,0,0
8357,28.531,28.531,14.082,13.706,0.502,0.240,1,20.122,3.336,0.000,413,66028,2511,43243
8358,6.096,6.096,5.701,0.093,0.007,0.296,0,20.122,3.336,0.000,0,380,0,0
8359,28.387,28.387,14.828,12.891,0.390,0.279,1,19.203,3.429,0.000,413,66028,2499,43251
8360,7.055,7.055,6.580,0.097,0.008,0.371,0,19.203,3.429,0.000,0,388,0,0
8361,23.582,23.582,12.446,10.248,0.300,0.588,1,19.203,3.429,0.000,415,66036,2507,43251
8362,6.446,5.664,5.194,0.093,0.005,0.372,0,22.628,4.172,0.000,0,388,0,0
8363,26.104,26.104,14.519,10.810,0.376,0.400,1,22.628,4.172,0.000,415,66036,2506,43251
8364,7.258,6.670,6.054,0.092,0.006,0.518,0,19.531,3.756,0.000,0,388,0,0
8365,24.705,24.705,13.026,10.743,0.544,0.391,1,19.531,3.756,0.000,414,65964,2505,43179
8366,8.665,6.181,5.719,0.096,0.005,0.361,0,22.126,3.370,0.000,0,392,0,0
8367,24.276,24.276,11.862,10.973,0.362,1.079,1,22.126,3.370,0.000,415,65968,2507,43179
8368,9.088,5.494,5.058,0.093,0.004,0.339,0,21.227,3.325,0.000,0,392,0,0
8369,25.313,25.313,13.722,10.857,0.358,0.376,1,21.227,3.325,0.000,414,65965,2507,43176
8370,8.053,6.119,5.594,0.094,0.004,0.427,0,19.966,3.362,0.000,0,392,0,0
8371,24.187,24.187,13.325,10.058,0.475,0.329,1,19.966,3.362,0.000,415,65969,2511,43176
8372,9.180,5.605,5.205,0.093,0.004,0.303,0,19.075,3.969,0.000,0,396,0,0
8373,25.360,25.360,14.304,10.201,0.355,0.499,1,19.075,3.969,0.000,416,65905,2500,43104
8374,8.008,5.668,5.237,0.097,0.005,0.329,0,19.358,3.493,0.000,0,404,0,0
8375,25.029,25.029,12.758,11.517,0.381,0.374,1,19.358,3.493,0.000,415,65902,2469,43101
8376,8.337,5.715,5.167,0.097,0.005,0.446,0,20.691,3.391,0.000,0,408,0,0
8377,21.606,21.606,11.225,9.808,0.242,0.332,1,20.691,3.391,0.000,414,65854,2457,43485
8378,11.795,6.766,6.319,0.096,0.006,0.345,0,20.930,3.339,0.000,0,404,0,0
8379,22.867,22.867,12.414,9.580,0.364,0.508,1,20.930,3.339,0.000,399,60950,2300,43433
8380,10.543,5.796,5.315,0.102,0.006,0.373,0,21.861,2.728,0.000,0,408,0,0
8381,22.084,22.084,11.718,9.641,0.366,0.359,1,21.861,2.728,0.000,400,60954,2322,42997
8382,11.229,5.760,5.210,0.098,0.005,0.447,0,20.840,2.722,0.000,0,408,0,0
8383,21.870,21.870,11.418,9.742,0.371,0.339,1,20.840,2.722,0.000,400,60954,2347,42997
8384,11.490,7.462,7.039,0.098,0.005,0.320,0,20.513,2.608,0.000,0,408,0,0
8385,24.439,24.439,13.943,9.518,0.481,0.497,1,18.276,3.340,0.000,399,60951,2341,42994
8386,8.943,6.992,6.523,0.099,0.004,0.367,0,18.276,3.340,0.000,0,412,0,0
8387,24.905,24.905,14.319,9.822,0.363,0.402,1,18.276,3.340,0.000,400,60955,2349,42994
8388,8.429,5.842,5.272,0.098,0.004,0.468,0,18.830,2.736,0.000,0,412,0,0
8389,21.090,21.090,11.437,9.054,0.259,0.341,1,18.830,2.736,0.000,396,55417,2277,42994
8390,12.275,7.566,7.095,0.104,0.009,0.358,0,19.131,2.276,0.000,0,416,0,0
8391,21.714,21.714,11.575,9.276,0.419,0.443,1,16.299,0.888,0.000,383,48776,2156,42862
8392,11.656,5.215,4.801,0.098,0.004,0.312,0,16.299,0.888,0.000,0,416,0,0
8393,21.288,21.288,12.932,7.606,0.404,0.346,1,16.299,0.888,0.000,383,48776,2801,0
8394,12.118,6.937,6.524,0.103,0.007,0.304,0,16.299,0.888,0.000,0,416,0,0
8395,22.648,22.648,12.961,9.029,0.417,0.241,1,22.218,7.968,0.278,383,48776,2111,42862
8396,10.679,6.360,5.952,0.100,0.007,0.300,0,17.978,0.831,0.278,0,416,0,0
8397,21.313,21.313,11.693,8.935,0.443,0.242,1,16.159,0.854,0.000,383,48776,2134,42862
8398,12.053,6.705,6.259,0.101,0.007,0.338,0,16.159,0.854,0.000,0,416,0,0
8399,21.029,21.029,12.974,7.195,0.394,0.467,1,16.159,0.854,0.000,384,48780,2783,0
8400,12.339,10.256,9.791,0.108,0.010,0.347,0,21.059,7.132,0.000,0,420,0,0
8401,21.804,21.804,12.273,8.777,0.370,0.384,1,16.708,0.870,0.000,384,48780,2138,42862
8402,11.559,6.248,5.697,0.102,0.007,0.442,0,16.708,0.870,0.000,0,424,0,0
8403,20.620,20.620,12.179,7.636,0.483,0.322,1,16.708,0.870,0.000,384,48780,2782,0
8404,12.760,5.751,5.344,0.101,0.005,0.301,0,21.842,7.056,0.000,0,416,0,0
8405,21.798,21.798,12.240,8.755,0.422,0.382,1,15.955,0.871,0.000,383,48776,2133,42862
8406,11.557,5.249,4.866,0.097,0.005,0.282,0,15.955,0.871,0.000,0,416,0,0
8407,22.610,22.610,13.128,8.728,0.424,0.330,1,15.955,0.871,0.000,383,48776,2776,0
8408,10.764,6.565,6.162,0.100,0.005,0.297,0,21.561,7.226,0.000,0,416,0,0
8409,20.999,20.999,11.836,8.551,0.389,0.224,1,21.561,7.226,0.000,383,48776,2150,42862
8410,12.365,5.222,4.963,0.096,0.005,0.158,0,17.448,0.864,0.000,0,412,0,0
8411,20.531,20.531,12.597,7.081,0.408,0.445,1,17.448,0.864,0.000,382,48772,2792,0
8412,12.830,7.180,6.795,0.099,0.006,0.280,0,18.992,7.743,0.000,0,416,0,0
8413,20.253,20.253,12.411,7.055,0.457,0.330,1,18.992,7.743,0.000,383,48776,2802,0
8414,13.116,8.118,7.580,0.101,0.004,0.433,0,19.636,6.861,0.000,0,416,0,0
8415,20.228,20.228,12.293,7.115,0.443,0.378,1,19.636,6.861,0.000,383,48776,2802,0
8416,13.151,7.123,6.630,0.113,0.007,0.372,0,19.818,7.492,0.000,0,416,0,0
8417,21.889,21.889,13.758,7.143,0.461,0.527,1,19.818,7.492,0.000,383,48776,2802,0
8418,11.468,7.441,7.001,0.098,0.005,0.337,0,19.874,6.987,0.000,0,412,0,0
8419,20.229,20.229,12.218,7.191,0.472,0.348,1,19.874,6.987,0.000,382,48768,2799,0
8420,13.135,7.946,7.434,0.099,0.005,0.407,0,20.076,6.854,0.000,0,408,0,0
8421,24.371,24.371,15.096,8.480,0.469,0.326,1,20.076,6.854,0.000,381,48768,2791,0
8422,9.520,7.363,6.965,0.098,0.005,0.295,0,20.076,6.854,0.000,0,404,0,0
8423,24.856,24.856,14.332,9.692,0.422,0.410,1,16.970,0.731,0.243,383,48776,2098,42862
8424,7.984,6.250,5.771,0.111,0.004,0.364,0,16.970,0.731,0.243,0,416,0,0
8425,22.759,22.759,13.546,7.864,0.290,1.059,1,16.970,0.731,0.000,383,48776,2792,0
8426,10.614,7.818,7.278,0.101,0.005,0.434,0,19.079,7.269,0.000,0,420,0,0
8427,21.843,21.843,13.876,7.191,0.411,0.365,1,19.079,7.269,0.000,384,48780,2795,0
8428,11.522,7.439,7.006,0.100,0.006,0.326,0,18.595,6.949,0.000,0,420,0,0
8429,21.684,21.684,13.612,7.211,0.417,0.444,1,18.595,6.949,0.000,382,48772,2789,0
8430,11.684,7.740,7.294,0.097,0.006,0.343,0,18.578,6.807,0.000,0,404,0,0
8431,21.379,21.379,12.856,7.684,0.480,0.359,1,18.578,6.807,0.000,380,48764,2779,0
8432,11.985,10.378,9.869,0.099,0.008,0.402,0,20.947,7.223,0.000,0,404,0,0
8433,22.012,22.012,11.734,9.471,0.491,0.315,1,16.760,0.847,0.000,380,48764,2140,42862
8434,11.355,6.037,5.641,0.099,0.007,0.290,0,16.760,0.847,0.000,0,404,0,0
8435,20.845,20.845,11.543,8.466,0.455,0.380,1,16.760,0.847,0.000,380,48764,2785,0
8436,12.529,6.691,6.232,0.097,0.010,0.352,0,21.373,7.004,0.000,0,404,0,0
8437,23.266,23.266,13.065,9.358,0.414,0.429,1,17.252,1.456,0.000,380,48764,2118,42862
8438,10.093,6.339,5.700,0.100,0.008,0.530,0,17.252,1.456,0.000,0,404,0,0
8439,20.377,20.377,10.845,8.738,0.290,0.504,1,17.252,1.456,0.000,380,48764,2116,42862
8440,12.991,5.314,4.851,0.097,0.004,0.362,0,19.653,0.867,0.000,0,404,0,0
8441,19.616,19.616,10.303,8.439,0.366,0.509,1,19.653,0.867,0.000,381,48768,2119,42862
8442,13.754,5.441,4.991,0.096,0.004,0.351,0,19.491,0.832,0.000,0,408,0,0
8443,19.712,19.712,10.375,8.548,0.389,0.401,1,19.491,0.832,0.000,381,48768,2119,42862
8444,13.651,5.406,4.905,0.098,0.005,0.399,0,18.830,0.839,0.000,0,408,0,0
8445,19.488,19.488,10.364,8.463,0.349,0.312,1,18.830,0.839,0.000,380,48764,2116,42862
8446,13.880,5.161,4.772,0.095,0.004,0.290,0,17.698,0.823,0.000,0,404,0,0
8447,18.570,18.570,10.554,7.031,0.543,0.443,1,17.698,0.823,0.000,380,48764,2761,0
8448,14.801,5.437,5.046,0.096,0.004,0.291,0,21.624,6.942,0.000,0,400,0,0
8449,21.773,21.773,12.660,8.416,0.331,0.366,1,16.408,0.847,0.000,379,48760,2114,42862
8450,11.590,6.788,6.227,0.099,0.007,0.454,0,16.408,0.847,0.000,0,408,0,0
8451,23.469,23.469,11.295,11.345,0.477,0.351,1,16.408,0.847,0.000,381,48768,2778,0
8452,9.910,5.914,5.503,0.100,0.006,0.305,0,16.408,0.847,0.000,0,408,0,0
8453,16.667,9.748,9.242,0.097,0.005,0.404,0,28.183,7.174,0.000,0,408,0,0
8454,20.875,20.875,10.660,9.429,0.471,0.315,1,28.183,7.174,0.537,381,48768,2065,42862
8455,12.496,5.551,5.167,0.097,0.004,0.283,0,19.650,0.591,0.537,0,408,0,0
8456,19.625,19.625,10.476,8.390,0.259,0.501,1,19.650,0.591,0.000,381,48768,2128,42862
8457,13.740,5.221,4.874,0.097,0.004,0.246,0,18.378,0.846,0.000,0,408,0,0
8458,20.540,20.540,11.641,8.299,0.349,0.251,1,15.976,0.823,0.000,381,48768,2128,42862
8459,12.826,6.408,5.940,0.099,0.044,0.324,0,15.976,0.823,0.000,0,408,0,0
8460,21.756,21.756,13.960,7.206,0.378,0.212,1,15.976,0.823,0.000,381,48768,2773,0
8461,11.626,6.512,6.219,0.099,0.006,0.188,0,19.970,7.129,0.000,0,432,0,0
8462,22.693,22.693,14.286,7.450,0.517,0.441,1,19.970,7.129,0.000,382,48816,2787,0
8463,10.660,7.427,7.044,0.100,0.005,0.279,0,19.255,8.427,0.000,0,480,0,0
8464,20.347,20.347,12.345,7.228,0.369,0.406,1,19.255,8.427,0.000,382,48864,2787,0
8465,13.033,7.994,7.512,0.098,0.005,0.379,0,19.754,7.580,0.000,0,528,0,0
8466,21.891,21.891,12.134,8.247,1.174,0.337,1,19.754,7.580,0.000,382,48944,2786,0
8467,11.481,7.829,7.387,0.104,0.011,0.328,0,21.898,7.288,0.000,0,588,0,0
8468,22.766,22.766,11.417,9.928,0.364,1.058,1,17.650,0.875,0.000,383,48948,2161,42862
8469,10.582,6.136,5.697,0.102,0.007,0.330,0,17.650,0.875,0.000,0,588,0,0
8470,22.151,22.151,14.193,7.274,0.341,0.343,1,17.650,0.875,0.000,383,48948,2799,0
8471,11.213,8.411,7.969,0.099,0.006,0.337,0,19.295,7.188,0.000,0,588,0,0
8472,20.835,20.835,12.307,7.899,0.407,0.222,1,19.295,7.188,0.000,383,48948,2801,0
8473,12.531,7.286,6.997,0.102,0.005,0.181,0,18.560,6.919,0.000,0,588,0,0
8474,20.345,20.345,12.270,7.234,0.569,0.273,1,18.560,6.919,0.000,383,48948,2798,0
8475,13.022,7.174,6.813,0.101,0.004,0.257,0,19.649,6.867,0.000,0,588,0,0
8476,20.257,20.257,12.359,7.160,0.423,0.315,1,19.649,6.867,0.000,383,48948,2800,0
8477,13.122,7.939,7.452,0.098,0.005,0.383,0,20.152,7.401,0.000,0,588,0,0
8478,25.428,25.428,17.455,7.193,0.441,0.338,1,20.152,7.401,0.000,383,48948,2800,0
8479,7.926,7.862,7.411,0.102,0.006,0.342,0,20.152,7.401,0.000,0,588,0,0
8480,22.593,22.593,12.935,8.958,0.284,0.417,1,17.375,0.862,0.000,383,48948,2155,42862
8481,10.776,5.856,5.398,0.099,0.004,0.356,0,17.375,0.862,0.000,0,588,0,0
8482,22.096,22.096,13.066,7.543,1.093,0.393,1,17.375,0.862,0.000,384,48948,2802,0
8483,11.298,5.950,5.418,0.099,0.005,0.428,0,17.375,0.862,0.000,0,588,0,0
8484,24.065,24.065,14.171,9.187,0.393,0.314,1,17.825,0.744,0.360,383,48948,2097,42862
8485,9.273,5.585,5.206,0.098,0.004,0.276,0,17.825,0.744,0.360,0,588,0,0
8486,19.814,19.814,10.610,8.502,0.262,0.441,1,17.825,0.744,0.000,383,48948,2155,42862
8487,13.558,7.762,7.296,0.107,0.005,0.355,0,17.275,0.837,0.000,0,588,0,0
8488,20.185,20.185,12.032,7.358,0.405,0.391,1,17.275,0.837,0.000,383,48948,2800,0
8489,13.191,6.773,5.523,0.754,0.005,0.490,0,21.268,7.063,0.000,0,588,0,0
8490,22.180,22.180,12.446,8.882,0.425,0.427,1,16.788,0.944,0.000,383,48948,2155,42862
8491,11.173,5.822,5.338,0.098,0.004,0.382,0,16.788,0.944,0.000,0,588,0,0
8492,19.212,19.212,11.061,7.258,0.329,0.565,1,16.788,0.944,0.000,383,48948,2799,0
8493,14.155,12.740,12.201,0.110,0.008,0.422,0,20.998,7.347,0.000,0,588,0,0
8494,22.403,22.403,12.409,9.016,0.443,0.535,1,16.063,0.894,0.000,383,48948,2154,42862
8495,10.969,6.156,5.627,0.102,0.007,0.421,0,16.063,0.894,0.000,0,588,0,0
8496,21.121,21.121,12.120,8.147,0.466,0.389,1,16.063,0.894,0.000,383,48948,2799,0
8497,12.248,5.857,5.302,0.102,0.005,0.448,0,21.605,7.058,0.000,0,588,0,0
8498,22.657,22.657,11.192,10.696,0.442,0.328,1,16.295,0.841,0.000,383,48948,2154,42862
8499,10.703,5.549,5.130,0.099,0.007,0.314,0,16.295,0.841,0.000,0,588,0,0
8500,44.247,44.247,15.074,28.158,0.401,0.614,1,16.295,0.841,0.000,387,51861,2853,0
8501,6.429,6.429,5.816,0.095,0.009,0.509,0,34.073,7.456,0.000,0,396,0,0
8502,5.378,5.378,4.790,0.092,0.006,0.490,0,34.073,7.456,0.000,0,396,0,0
8503,23.985,23.985,11.276,11.498,0.439,0.772,1,17.373,1.009,0.390,389,51299,2110,42858
8504,6.206,6.206,5.615,0.091,0.005,0.495,0,17.373,1.009,0.390,0,388,0,0
8505,20.499,20.499,12.002,7.617,0.338,0.541,1,17.373,1.009,0.000,388,51294,2846,0
8506,10.362,6.875,5.945,0.094,0.006,0.830,0,17.373,1.009,0.000,0,388,0,0
8507,16.360,10.005,9.417,0.090,0.005,0.492,0,22.546,8.708,0.000,0,384,0,0
8508,23.674,23.674,12.019,10.703,0.479,0.473,1,17.098,2.082,0.414,394,53735,2204,42904
8509,9.693,7.097,6.405,0.096,0.007,0.589,0,17.098,2.082,0.414,0,384,0,0
8510,31.866,31.866,13.595,17.387,0.395,0.489,1,23.210,2.160,0.000,411,57104,2450,43024
8511,6.512,6.512,6.006,0.088,0.004,0.414,0,23.210,2.160,0.000,0,380,0,0
8512,27.671,27.671,14.678,11.400,1.008,0.584,1,18.901,2.110,0.000,413,57115,2452,43196
8513,6.942,6.942,6.219,0.091,0.007,0.624,0,18.901,2.110,0.000,0,372,0,0
8514,28.915,28.915,14.697,13.264,0.395,0.559,1,19.701,2.314,0.000,417,57382,2481,43247
8515,7.204,7.204,6.404,0.089,0.007,0.704,0,19.701,2.314,0.000,0,364,0,0
8516,7.671,6.310,5.759,0.087,0.006,0.459,0,19.701,2.314,0.000,0,364,0,0
8517,27.985,27.985,15.527,11.605,0.399,0.454,1,19.350,3.174,0.000,422,62208,2569,43394
8518,6.741,6.741,6.122,0.085,0.005,0.529,0,19.350,3.174,0.000,0,364,0,0
8519,26.675,26.675,13.056,12.789,0.358,0.472,1,17.968,2.562,0.000,417,59868,2505,44013
8520,6.729,6.729,6.217,0.087,0.008,0.418,0,17.968,2.562,0.000,0,360,0,0
8521,26.945,26.945,15.448,10.708,0.284,0.506,1,19.348,2.637,0.000,416,59864,2524,44009
8522,6.604,6.604,6.099,0.086,0.007,0.411,0,19.348,2.637,0.000,0,348,0,0
8523,25.361,25.361,13.348,11.257,0.360,0.396,1,17.856,2.542,0.000,412,59848,2508,44005
8524,6.708,6.708,6.101,0.086,0.007,0.514,0,17.856,2.542,0.000,0,348,0,0
8525,25.878,25.878,13.893,11.254,0.340,0.391,1,17.858,2.559,0.000,412,59848,2509,44005
8526,7.212,6.581,6.007,0.083,0.007,0.482,0,17.858,2.559,0.000,0,340,0,0
8527,25.139,25.139,13.436,10.349,0.308,1.046,1,17.858,2.559,0.000,406,59764,2491,43933
8528,8.229,5.875,5.401,0.080,0.005,0.389,0,21.391,2.546,0.000,0,336,0,0
8529,25.147,25.147,14.286,10.032,0.412,0.417,1,18.642,2.493,0.000,406,59764,2490,43933
8530,8.218,6.447,5.823,0.082,0.007,0.534,0,18.642,2.493,0.000,0,336,0,0
8531,25.812,25.812,14.170,10.842,0.365,0.435,1,18.230,2.693,0.000,406,59764,2506,43433
8532,7.552,6.268,5.750,0.080,0.005,0.434,0,18.230,2.693,0.000,0,336,0,0
8533,24.844,24.844,12.657,11.201,0.421,0.564,1,17.860,2.738,0.000,406,59764,2506,43433
8534,8.524,6.565,6.047,0.087,0.008,0.424,0,17.860,2.738,0.000,0,336,0,0
8535,22.767,22.767,11.747,10.317,0.277,0.425,1,17.860,2.738,0.000,406,59764,2507,43433
8536,10.629,6.242,5.521,0.080,0.004,0.637,0,21.683,2.525,0.000,0,336,0,0
8537,23.520,23.520,12.343,10.393,0.368,0.416,1,21.683,2.525,0.000,406,59764,2506,43433
8538,9.848,6.536,5.786,0.082,0.006,0.662,0,21.404,2.659,0.000,0,336,0,0
8539,26.142,26.142,14.993,10.131,0.345,0.672,1,18.989,2.579,0.000,406,59764,2508,43433
8540,7.583,7.053,6.444,0.085,0.019,0.506,0,18.989,2.579,0.000,0,336,0,0
8541,25.512,25.512,14.949,9.779,0.316,0.467,1,18.989,2.579,0.000,406,59764,2509,43433
8542,7.464,6.126,5.487,0.080,0.004,0.555,0,19.224,2.445,0.000,0,336,0,0
8543,23.251,23.251,12.690,9.791,0.321,0.450,1,19.224,2.445,0.000,406,59764,2508,43433
8544,10.118,7.119,6.656,0.082,0.005,0.377,0,20.314,2.557,0.000,0,336,0,0
8545,24.561,24.561,13.765,9.874,0.368,0.554,1,17.903,2.543,0.000,406,59764,2508,43433
8546,8.817,7.472,7.021,0.081,0.005,0.364,0,17.903,2.543,0.000,0,336,0,0
8547,24.670,24.670,13.951,10.007,0.339,0.373,1,17.903,2.543,0.000,406,59764,2508,43433
8548,8.684,6.009,5.456,0.081,0.004,0.468,0,17.870,3.748,0.000,0,336,0,0
8549,24.424,24.424,13.748,9.913,0.360,0.404,1,17.870,3.748,0.000,406,59764,2509,43433
8550,8.942,5.753,5.317,0.081,0.004,0.351,0,19.151,2.514,0.000,0,336,0,0
8551,25.702,25.702,14.875,9.928,0.321,0.578,1,18.862,2.527,0.000,406,59764,2508,43433
8552,7.673,6.690,6.210,0.083,0.007,0.390,0,18.862,2.527,0.000,0,336,0,0
8553,25.370,25.370,13.969,10.571,0.412,0.418,1,18.862,2.527,0.000,406,59764,2508,43433
8554,7.985,7.151,6.498,0.083,0.007,0.563,0,22.232,2.604,0.000,0,336,0,0
8555,25.160,25.160,13.612,10.761,0.387,0.400,1,22.232,2.604,0.000,406,59764,2509,43433
8556,8.222,6.070,5.605,0.080,0.008,0.377,0,21.260,2.531,0.000,0,336,0,0
8557,25.249,25.249,13.073,11.233,0.406,0.537,1,21.260,2.531,0.000,406,59764,2508,43433
8558,8.109,6.229,5.752,0.082,0.006,0.389,0,22.028,2.706,0.000,0,336,0,0
8559,22.236,22.236,11.840,9.824,0.284,0.287,1,22.028,2.706,0.000,406,59764,2508,43433
8560,11.128,7.219,6.978,0.098,0.008,0.135,0,19.542,2.651,0.000,0,336,0,0
8561,22.303,22.303,12.123,9.690,0.371,0.119,1,19.542,2.651,0.000,406,59764,2508,43433
8562,11.062,5.644,5.469,0.083,0.005,0.087,0,18.096,2.653,0.000,0,336,0,0
8563,22.596,22.596,11.868,10.272,0.352,0.104,1,18.096,2.653,0.000,406,59764,2496,43433
8564,10.772,5.615,5.457,0.081,0.005,0.072,0,17.652,3.304,0.000,0,336,0,0
8565,23.253,23.253,12.353,10.428,0.383,0.090,1,17.652,3.304,0.000,407,60364,2506,43433
8566,10.118,5.717,5.554,0.082,0.004,0.078,0,18.682,2.616,0.000,0,336,0,0
8567,22.011,22.011,11.868,9.730,0.346,0.067,1,18.682,2.616,0.000,407,60364,2506,43433
8568,11.358,5.555,5.415,0.081,0.005,0.054,0,18.648,2.654,0.000,0,336,0,0
8569,22.186,22.186,12.028,9.741,0.335,0.082,1,18.648,2.654,0.000,407,60364,2506,43433
8570,11.179,5.411,5.272,0.081,0.005,0.053,0,18.819,2.622,0.000,0,336,0,0
8571,22.562,22.562,11.962,10.194,0.328,0.078,1,18.819,2.622,0.000,407,60364,2507,43433
8572,10.801,5.405,5.252,0.081,0.005,0.067,0,19.231,2.589,0.000,0,336,0,0
8573,22.490,22.490,11.892,10.155,0.376,0.067,1,19.231,2.589,0.000,407,60364,2504,43433
8574,10.876,5.444,5.303,0.083,0.005,0.052,0,18.821,2.682,0.000,0,336,0,0
8575,22.652,22.652,12.134,10.077,0.360,0.081,1,18.821,2.682,0.000,407,60364,2490,43933
8576,10.714,5.446,5.291,0.093,0.006,0.056,0,18.322,2.634,0.000,0,336,0,0
8577,22.724,22.724,12.131,10.132,0.369,0.093,1,18.322,2.634,0.000,407,60364,2490,43933
8578,10.642,5.519,5.340,0.080,0.005,0.094,0,18.175,2.711,0.000,0,336,0,0
8579,22.821,22.821,12.118,10.259,0.356,0.089,1,18.175,2.711,0.000,407,60364,2507,43433
8580,10.545,5.472,5.310,0.081,0.007,0.074,0,18.403,3.276,0.000,0,336,0,0
8581,22.658,22.658,11.848,10.353,0.332,0.126,1,18.403,3.276,0.000,407,60364,2506,43433
8582,10.714,5.402,5.246,0.082,0.005,0.069,0,18.578,2.723,0.000,0,336,0,0
8583,21.999,21.999,11.881,9.704,0.330,0.084,1,18.578,2.723,0.000,407,60364,2506,43433
8584,11.367,5.517,5.345,0.082,0.005,0.085,0,18.809,2.746,0.000,0,336,0,0
8585,21.861,21.861,11.786,9.617,0.365,0.093,1,18.809,2.746,0.000,407,60364,2506,43433
8586,11.509,6.381,6.231,0.084,0.006,0.061,0,19.696,2.725,0.000,0,336,0,0
8587,24.723,24.723,13.373,10.908,0.342,0.100,1,19.696,2.725,0.000,407,60364,2507,43433
8588,8.638,5.590,5.449,0.082,0.005,0.054,0,20.372,2.894,0.000,0,336,0,0
8589,24.315,24.315,12.963,10.965,0.271,0.116,1,20.372,2.894,0.000,407,60364,2506,43433
8590,9.053,5.848,5.697,0.083,0.005,0.064,0,17.988,2.769,0.000,0,336,0,0
8591,34.339,34.339,14.101,19.717,0.448,0.073,1,17.988,2.769,0.000,409,60372,2552,43433
8592,6.323,6.323,6.164,0.090,0.007,0.062,0,27.581,3.311,0.000,0,344,0,0
8593,23.844,23.844,13.234,10.217,0.287,0.106,1,27.581,3.311,0.000,409,60372,2543,43433
8594,5.740,5.740,5.580,0.083,0.004,0.073,0,19.783,2.777,0.000,0,344,0,0
8595,23.370,23.370,13.039,9.847,0.372,0.113,1,19.783,2.777,0.000,409,60372,2542,43433
8596,6.481,6.010,5.727,0.083,0.004,0.195,0,18.165,3.313,0.000,0,344,0,0
8597,23.964,23.964,13.688,9.721,0.246,0.309,1,18.165,3.313,0.000,409,60372,2542,43433
8598,9.404,5.826,5.364,0.084,0.004,0.374,0,18.523,2.669,0.000,0,344,0,0
8599,22.508,22.508,11.579,10.274,0.343,0.312,1,18.523,2.669,0.000,409,60372,2542,43433
8600,10.863,5.746,5.372,0.082,0.005,0.287,0,20.811,2.706,0.000,0,344,0,0
8601,25.880,25.880,13.394,11.745,0.361,0.380,1,18.731,2.810,0.000,409,60372,2543,43433
8602,7.485,6.023,5.662,0.082,0.005,0.274,0,18.731,2.810,0.000,0,344,0,0
8603,24.677,24.677,14.084,9.925,0.272,0.395,1,18.731,2.810,0.000,409,60372,2542,43433
8604,8.688,5.902,5.382,0.083,0.005,0.432,0,19.058,2.600,0.000,0,344,0,0
8605,24.484,24.484,13.900,9.886,0.348,0.350,1,19.058,2.600,0.000,409,60372,2542,43433
8606,8.915,5.767,5.369,0.083,0.005,0.310,0,18.368,3.427,0.000,0,344,0,0
8607,26.390,26.390,13.848,11.124,1.022,0.396,1,18.368,3.427,0.000,409,60372,2543,43433
8608,6.946,5.814,5.448,0.083,0.005,0.278,0,20.863,2.805,0.000,0,344,0,0
8609,22.388,22.388,11.739,10.049,0.250,0.349,1,20.863,2.805,0.000,409,60372,2542,43433
8610,10.977,6.850,6.402,0.087,0.006,0.356,0,19.999,2.762,0.000,0,344,0,0
8611,22.040,22.040,11.495,9.917,0.360,0.269,1,19.999,2.762,0.000,409,60372,2542,43433
8612,11.328,5.988,5.627,0.087,0.005,0.269,0,19.447,2.721,0.000,0,368,0,0
8613,22.401,22.401,11.550,10.093,0.323,0.435,1,19.447,2.721,0.000,410,60420,2558,43433
8614,10.968,6.005,5.633,0.086,0.004,0.282,0,21.152,2.689,0.000,0,416,0,0
8615,24.372,24.372,12.666,11.023,0.347,0.336,1,21.152,2.689,0.000,410,60468,2559,43433
8616,8.991,5.892,5.383,0.084,0.004,0.420,0,19.811,2.645,0.000,0,464,0,0
8617,23.892,23.892,12.424,10.825,0.325,0.318,1,19.811,2.645,0.000,410,60516,2558,43433
8618,9.476,5.735,5.356,0.083,0.004,0.291,0,19.432,2.578,0.000,0,512,0,0
8619,23.624,23.624,11.764,10.461,0.999,0.400,1,19.432,2.578,0.000,410,60564,2542,43933
8620,9.742,5.714,5.336,0.083,0.033,0.262,0,19.790,2.638,0.000,0,560,0,0
8621,22.326,22.326,11.909,9.717,0.419,0.281,1,19.790,2.638,0.000,410,60612,2543,43933
8622,11.041,7.960,7.342,0.088,0.007,0.524,0,20.708,2.575,0.000,0,608,0,0
8623,23.562,23.562,12.643,10.133,0.358,0.428,1,20.708,2.575,0.000,410,60660,2542,43933
8624,9.804,7.082,6.579,0.084,0.005,0.414,0,20.979,2.826,0.000,0,656,0,0
8625,25.205,25.205,13.831,10.406,0.393,0.575,1,18.302,2.539,0.000,410,60708,2542,43933
8626,8.163,6.776,6.250,0.088,0.007,0.432,0,18.302,2.539,0.000,0,704,0,0
8627,26.260,26.260,13.874,11.557,0.409,0.419,1,18.232,2.666,0.000,410,60756,2542,43933
8628,7.107,7.081,6.379,0.087,0.007,0.608,0,18.232,2.666,0.000,0,752,0,0
8629,26.213,26.213,14.874,10.487,0.352,0.501,1,18.428,2.744,0.000,410,60804,2543,43933
8630,7.152,6.520,6.025,0.091,0.004,0.400,0,18.428,2.744,0.000,0,800,0,0
8631,25.728,25.728,14.197,10.562,0.378,0.591,1,18.323,2.664,0.000,410,61084,2558,43433
8632,7.637,6.463,5.975,0.085,0.004,0.398,0,18.323,2.664,0.000,0,1060,0,0
8633,25.624,25.624,14.698,10.184,0.341,0.401,1,18.323,2.664,0.000,411,61088,2566,43433
8634,7.747,6.513,5.905,0.098,0.005,0.505,0,19.430,2.805,0.000,0,1060,0,0
8635,26.846,26.846,14.268,11.723,0.366,0.490,1,19.430,2.805,0.000,411,61088,2566,43433
8636,6.517,6.409,5.900,0.085,0.006,0.419,0,21.807,2.953,0.000,0,1060,0,0
8637,28.404,28.404,16.618,10.867,0.388,0.531,1,20.478,2.686,0.000,411,61088,2567,43433
8638,6.744,6.744,6.206,0.088,0.007,0.442,0,20.478,2.686,0.000,0,1060,0,0
8639,25.410,25.410,14.225,10.371,0.384,0.431,1,20.478,2.686,0.000,411,61088,2566,43433
8640,7.123,7.123,6.530,0.091,0.005,0.496,0,22.303,2.646,0.000,0,1060,0,0
8641,26.337,26.337,13.605,11.916,0.347,0.469,1,18.445,2.748,0.000,411,61088,2566,43433
8642,6.550,6.550,6.059,0.091,0.007,0.393,0,18.445,2.748,0.000,0,1060,0,0
8643,27.349,27.349,15.364,10.999,0.434,0.552,1,19.363,3.345,0.000,411,61088,2566,43433
8644,6.722,6.722,6.255,0.085,0.005,0.377,0,19.363,3.345,0.000,0,1060,0,0
8645,25.421,25.421,14.782,9.863,0.386,0.390,1,19.363,3.345,0.000,411,61088,2567,43433
8646,6.772,6.331,5.763,0.086,0.004,0.477,0,19.261,2.718,0.000,0,1060,0,0
8647,26.167,26.167,14.560,10.778,0.393,0.436,1,19.261,2.718,0.000,410,60488,2554,43433
8648,7.202,6.625,6.084,0.086,0.005,0.450,0,21.816,2.813,0.000,0,1060,0,0
8649,26.140,26.140,13.809,11.413,0.367,0.550,1,18.557,2.656,0.000,410,60488,2554,43433
8650,7.231,6.842,6.341,0.087,0.006,0.408,0,18.557,2.656,0.000,0,1060,0,0
8651,25.822,25.822,15.229,9.870,0.298,0.424,1,18.476,2.532,0.000,411,60488,2557,43433
8652,7.558,6.902,6.294,0.087,0.007,0.515,0,18.476,2.532,0.000,0,1060,0,0
8653,24.795,24.795,13.564,9.850,0.402,0.979,1,18.476,2.532,0.000,410,60488,2554,43433
8654,8.565,6.172,5.662,0.084,0.006,0.421,0,20.211,2.659,0.000,0,1060,0,0
8655,24.431,24.431,12.919,10.618,0.410,0.484,1,20.211,2.659,0.000,410,60488,2554,43433
8656,8.925,6.398,5.880,0.085,0.082,0.351,0,21.721,3.352,0.000,0,1060,0,0
8657,22.644,22.644,12.206,9.785,0.270,0.384,1,21.721,3.352,0.000,410,60488,2555,43433
8658,10.809,6.256,5.693,0.085,0.005,0.473,0,20.143,3.627,0.000,0,1060,0,0
8659,22.490,22.490,11.982,9.782,0.390,0.337,1,20.143,3.627,0.000,410,60488,2554,43433
8660,10.790,6.644,6.159,0.086,0.004,0.395,0,20.488,2.550,0.000,0,1060,0,0
8661,23.178,23.178,12.180,10.074,0.369,0.555,1,20.488,2.550,0.000,410,60488,2554,43433
8662,10.190,6.112,5.654,0.085,0.005,0.369,0,22.038,2.568,0.000,0,1060,0,0
8663,23.965,23.965,12.030,11.194,0.336,0.406,1,17.555,2.549,0.000,410,60488,2554,43433
8664,9.402,6.225,5.586,0.084,0.004,0.551,0,17.555,2.549,0.000,0,1060,0,0
8665,24.133,24.133,12.230,11.124,0.358,0.421,1,17.522,2.631,0.000,408,59772,2531,43433
8666,9.232,5.704,5.240,0.083,0.005,0.376,0,17.522,2.631,0.000,0,344,0,0
8667,23.914,23.914,12.078,10.704,0.575,0.557,1,17.387,2.714,0.000,408,59772,2530,43433
8668,9.475,7.016,6.458,0.082,0.097,0.379,0,17.387,2.714,0.000,0,344,0,0
8669,26.382,26.382,15.285,10.321,0.419,0.358,1,17.387,2.714,0.000,408,59772,2530,43433
8670,6.960,6.051,5.533,0.082,0.005,0.431,0,19.076,3.245,0.000,0,344,0,0
8671,24.204,24.204,13.046,10.404,0.411,0.343,1,19.076,3.245,0.000,408,59772,2530,43433
8672,9.166,5.868,5.469,0.087,0.006,0.306,0,20.713,3.568,0.000,0,344,0,0
8673,22.582,22.582,11.890,9.834,0.264,0.593,1,20.713,3.568,0.000,408,59772,2515,43933
8674,10.788,5.795,5.311,0.083,0.005,0.395,0,20.960,3.642,0.000,0,344,0,0
8675,25.407,25.407,13.659,10.947,0.398,0.403,1,18.316,2.714,0.000,408,59772,2514,43933
8676,7.957,6.753,6.117,0.085,0.007,0.545,0,18.316,2.714,0.000,0,344,0,0
8677,23.039,23.039,11.702,10.631,0.288,0.419,1,18.316,2.714,0.000,408,59772,2514,43933
8678,10.330,6.008,5.499,0.083,0.004,0.421,0,21.446,2.676,0.000,0,344,0,0
8679,23.682,23.682,11.719,11.041,0.339,0.583,1,17.285,2.444,0.000,409,59772,2517,43933
8680,9.684,5.717,5.203,0.081,0.005,0.429,0,17.285,2.444,0.000,0,344,0,0
8681,33.236,33.236,16.374,16.034,0.430,0.398,1,17.285,2.444,0.000,407,59768,2524,43433
8682,6.511,6.511,5.941,0.083,0.006,0.480,0,23.254,2.522,0.000,0,340,0,0
8683,25.266,25.266,14.359,10.219,0.265,0.422,1,23.254,2.522,0.000,407,59768,2519,43433
8684,5.838,5.838,5.405,0.081,0.005,0.347,0,18.757,3.205,0.000,0,340,0,0
8685,25.277,25.277,13.389,10.980,0.383,0.525,1,18.195,2.681,0.000,407,59768,2519,43433
8686,5.938,5.938,5.447,0.081,0.005,0.404,0,18.195,2.681,0.000,0,340,0,0
8687,24.235,24.235,12.834,10.185,0.300,0.917,1,18.195,2.681,0.000,407,59768,2520,43433
8688,7.164,5.845,5.368,0.082,0.006,0.389,0,20.056,2.594,0.000,0,340,0,0
8689,23.717,23.717,12.210,10.806,0.365,0.335,1,20.056,2.594,0.000,407,59768,2519,43433
8690,9.649,5.665,5.237,0.082,0.005,0.341,0,19.163,2.723,0.000,0,340,0,0
8691,22.116,22.116,11.519,9.839,0.253,0.504,1,19.163,2.723,0.000,407,59768,2519,43433
8692,11.254,5.901,5.464,0.082,0.005,0.350,0,21.007,2.601,0.000,0,340,0,0
8693,38.535,38.535,18.885,18.736,0.428,0.485,1,21.007,2.601,0.000,409,59776,2543,43433
8694,6.580,6.580,5.995,0.084,0.005,0.496,0,28.425,2.739,0.000,0,348,0,0
8695,6.720,6.720,6.252,0.087,0.008,0.374,0,28.425,2.739,0.000,0,348,0,0
8696,25.997,25.997,13.690,10.836,0.980,0.491,1,18.230,2.767,0.000,409,59776,2539,43433
8697,5.676,5.676,5.272,0.082,0.005,0.317,0,18.230,2.767,0.000,0,348,0,0
8698,23.936,23.936,11.610,11.678,0.279,0.369,1,17.265,2.515,0.000,409,59776,2538,43433
8699,9.340,6.483,5.882,0.083,0.005,0.513,0,17.265,2.515,0.000,0,348,0,0
8700,25.712,25.712,12.780,12.193,0.363,0.376,1,18.525,2.808,0.000,409,59776,2538,43433
8701,7.649,6.479,6.049,0.085,0.007,0.338,0,18.525,2.808,0.000,0,348,0,0
8702,23.380,23.380,11.897,10.682,0.278,0.522,1,18.525,2.808,0.000,409,59776,2538,43433
8703,9.993,5.975,5.550,0.084,0.004,0.336,0,21.971,2.608,0.000,0,348,0,0
8704,24.671,24.671,11.859,12.008,0.449,0.355,1,17.628,2.483,0.000,409,59776,2539,43433
8705,8.696,5.923,5.349,0.084,0.005,0.485,0,17.628,2.483,0.000,0,348,0,0
8706,24.238,24.238,12.305,11.251,0.322,0.359,1,17.817,2.560,0.000,409,59776,2538,43433
8707,9.123,6.224,5.831,0.097,0.005,0.291,0,17.817,2.560,0.000,0,348,0,0
8708,26.287,26.287,14.903,10.546,0.406,0.432,1,17.817,2.560,0.000,410,59780,2551,43433
8709,7.084,5.810,5.473,0.085,0.005,0.248,0,19.699,3.237,0.000,0,352,0,0
8710,24.042,24.042,13.006,10.359,0.410,0.266,1,19.699,3.237,0.000,410,59780,2547,43433
8711,9.326,6.080,5.645,0.084,0.006,0.345,0,21.000,2.706,0.000,0,352,0,0
8712,22.664,22.664,11.900,10.077,0.275,0.412,1,21.000,2.706,0.000,410,59780,2548,43433
8713,10.701,5.770,5.410,0.084,0.005,0.272,0,20.746,2.614,0.000,0,352,0,0
8714,29.862,29.862,14.287,14.783,0.408,0.384,1,20.746,2.614,0.000,419,61592,2666,43433
8715,7.083,7.083,6.664,0.100,0.008,0.312,0,23.727,3.195,0.000,0,1780,0,0
8716,23.753,23.753,12.666,10.486,0.264,0.337,1,23.727,3.195,0.000,419,61592,2655,43757
8717,6.769,6.769,6.267,0.094,0.005,0.404,0,21.842,2.712,0.000,0,1780,0,0
8718,23.212,23.212,12.458,10.008,0.344,0.402,1,21.842,2.712,0.000,419,61592,2638,44317
8719,9.420,7.561,7.096,0.108,0.009,0.348,0,21.982,2.488,0.000,0,1780,0,0
8720,24.831,24.831,12.914,10.977,0.444,0.497,1,18.325,2.439,0.000,419,61592,2637,44317
8721,8.540,6.841,6.412,0.099,0.007,0.323,0,18.325,2.439,0.000,0,1780,0,0
8722,24.659,24.659,13.715,10.187,0.433,0.324,1,18.311,2.516,0.000,419,61592,2637,44317
8723,8.704,6.369,5.951,0.091,0.005,0.322,0,18.311,2.516,0.000,0,1780,0,0
8724,26.279,26.279,15.076,10.527,0.391,0.285,1,18.311,2.516,0.000,419,61592,2638,44317
8725,7.084,6.713,6.264,0.092,0.005,0.351,0,19.858,3.228,0.000,0,1780,0,0
8726,25.997,25.997,14.899,10.276,0.410,0.412,1,19.858,3.228,0.000,419,61592,2637,44317
8727,7.511,7.511,7.012,0.095,0.007,0.397,0,19.811,2.706,0.000,0,1780,0,0
8728,26.075,26.075,15.358,10.069,0.355,0.293,1,18.458,2.595,0.000,419,61592,2637,44317
8729,7.996,7.996,7.535,0.096,0.009,0.356,0,18.458,2.595,0.000,0,1780,0,0
8730,26.586,26.586,15.074,10.877,0.355,0.280,1,18.786,2.699,0.000,419,61592,2654,43817
8731,7.353,7.353,6.940,0.091,0.006,0.316,0,18.786,2.699,0.000,0,1780,0,0
8732,25.181,25.181,12.704,11.631,0.387,0.458,1,18.623,2.537,0.000,419,61592,2653,43817
8733,6.981,6.981,6.555,0.099,0.007,0.319,0,18.623,2.537,0.000,0,1780,0,0
8734,26.870,26.870,14.672,11.464,0.397,0.337,1,19.019,2.709,0.000,419,61592,2653,43817
8735,6.879,6.879,6.384,0.092,0.005,0.397,0,19.019,2.709,0.000,0,1780,0,0
8736,23.718,23.718,12.736,10.367,0.271,0.344,1,19.019,2.709,0.000,419,61592,2653,43817
8737,9.354,9.354,8.917,0.096,0.009,0.331,0,20.402,2.584,0.000,0,1780,0,0
8738,26.341,26.341,13.805,11.580,0.445,0.511,1,18.794,2.482,0.000,419,61592,2655,43817
8739,7.018,7.018,6.544,0.095,0.007,0.373,0,18.794,2.482,0.000,0,1780,0,0
8740,26.005,26.005,14.564,10.720,0.357,0.364,1,18.794,2.482,0.000,419,61592,2653,43817
8741,7.237,7.237,6.680,0.093,0.006,0.458,0,22.201,2.542,0.000,0,1780,0,0
8742,25.814,25.814,14.436,10.652,0.364,0.361,1,18.466,2.747,0.000,419,61592,2653,43817
8743,7.388,6.405,5.977,0.092,0.005,0.330,0,18.466,2.747,0.000,0,1780,0,0
8744,27.171,27.171,15.512,10.742,0.369,0.549,1,19.715,2.677,0.000,419,61592,2654,43817
8745,6.939,6.939,6.486,0.106,0.007,0.339,0,19.715,2.677,0.000,0,1780,0,0
8746,27.135,27.135,15.113,11.278,0.397,0.347,1,19.096,2.741,0.000,419,61592,2653,43817
8747,7.280,7.280,6.724,0.095,0.007,0.454,0,19.096,2.741,0.000,0,1780,0,0
8748,26.176,26.176,14.178,11.361,0.313,0.324,1,18.772,2.568,0.000,419,61592,2653,43817
8749,7.153,7.153,6.717,0.103,0.007,0.326,0,18.772,2.568,0.000,0,1780,0,0
8750,26.678,26.678,15.840,10.091,0.239,0.509,1,19.550,2.686,0.000,419,61592,2654,43817
8751,6.565,6.565,6.115,0.092,0.005,0.353,0,19.550,2.686,0.000,0,1780,0,0
8752,26.384,26.384,15.442,10.180,0.387,0.375,1,19.550,2.686,0.000,419,61592,2653,43817
8753,6.743,6.743,6.189,0.092,0.005,0.457,0,19.836,2.560,0.000,0,1780,0,0
8754,26.409,26.409,15.280,10.369,0.374,0.385,1,19.836,2.560,0.000,419,61592,2653,43817
8755,6.612,6.612,6.195,0.091,0.004,0.322,0,19.815,2.569,0.000,0,1780,0,0
8756,25.464,25.464,14.319,10.332,0.349,0.464,1,19.815,2.569,0.000,419,61592,2654,43817
8757,7.179,7.179,6.686,0.095,0.005,0.392,0,22.373,2.508,0.000,0,1780,0,0
8758,26.180,26.180,13.316,11.509,0.384,0.971,1,18.446,2.845,0.000,419,61592,2653,43817
8759,7.025,7.025,6.318,0.091,0.005,0.611,0,18.446,2.845,0.000,0,1780,0,0
8760,25.983,25.983,14.423,10.740,0.375,0.445,1,18.485,2.676,0.000,419,61592,2653,43817
8761,7.223,6.826,6.393,0.091,0.005,0.336,0,18.485,2.676,0.000,0,1780,0,0
8762,26.128,26.128,14.473,10.810,0.352,0.494,1,18.491,2.717,0.000,419,61592,2653,43817
8763,7.907,7.907,7.345,0.094,0.007,0.461,0,18.491,2.717,0.000,0,1780,0,0
8764,27.403,27.403,15.483,11.155,0.364,0.400,1,19.856,2.761,0.000,420,61592,2656,43817
8765,6.598,6.598,6.035,0.092,0.005,0.466,0,19.856,2.761,0.000,0,1780,0,0
8766,26.534,26.534,13.938,11.790,0.397,0.409,1,19.856,2.761,0.000,419,61592,2653,43817
8767,8.034,8.034,7.578,0.092,0.005,0.359,0,22.099,2.605,0.000,0,1780,0,0
8768,27.212,27.212,13.708,12.642,0.392,0.470,1,18.880,2.621,0.000,419,61592,2653,43817
8769,7.213,7.213,6.741,0.094,0.007,0.371,0,18.880,2.621,0.000,0,1780,0,0
8770,26.153,26.153,15.176,10.158,0.351,0.468,1,18.627,2.702,0.000,419,61592,2653,43817
8771,6.974,6.974,6.426,0.095,0.005,0.449,0,18.627,2.702,0.000,0,1780,0,0
8772,25.458,25.458,14.322,10.309,0.413,0.413,1,18.627,2.702,0.000,419,61592,2638,44317
8773,7.408,7.408,6.918,0.092,0.005,0.393,0,22.385,2.377,0.000,0,1780,0,0
8774,26.578,26.578,15.449,10.438,0.282,0.409,1,22.385,2.377,0.000,419,61592,2637,44317
8775,6.379,6.379,5.993,0.091,0.005,0.290,0,19.777,2.421,0.000,0,1780,0,0
8776,27.069,27.069,16.222,9.982,0.390,0.475,1,19.267,2.474,0.000,419,61592,2637,44317
8777,7.300,7.300,6.615,0.094,0.007,0.584,0,19.267,2.474,0.000,0,1780,0,0
8778,26.699,26.699,16.046,9.898,0.323,0.431,1,19.267,2.474,0.000,419,61592,2638,44317
8779,7.488,7.488,6.926,0.093,0.007,0.462,0,19.864,2.519,0.000,0,1780,0,0
8780,25.335,25.335,13.566,10.726,0.411,0.632,1,19.864,2.519,0.000,419,61592,2653,43817
8781,6.627,6.627,6.089,0.092,0.005,0.440,0,22.835,3.386,0.000,0,1780,0,0
8782,23.540,23.540,12.498,10.258,0.315,0.469,1,22.835,3.386,0.000,419,61592,2653,43817
8783,7.004,6.969,6.239,0.092,0.005,0.634,0,21.778,2.701,0.000,0,1780,0,0
8784,23.221,23.221,12.375,10.051,0.349,0.446,1,21.778,2.701,0.000,419,61592,2654,43817
8785,10.145,8.278,7.785,0.093,0.005,0.395,0,20.251,2.517,0.000,0,1780,0,0
8786,26.581,26.581,14.232,11.311,0.486,0.551,1,19.077,2.692,0.000,419,61592,2653,43817
8787,6.781,6.398,5.938,0.090,0.005,0.364,0,19.077,2.692,0.000,0,1780,0,0
8788,26.732,26.732,14.978,11.025,0.335,0.392,1,19.077,2.692,0.000,419,61592,2653,43817
8789,7.693,7.693,7.058,0.096,0.007,0.532,0,22.475,2.592,0.000,0,1780,0,0
8790,29.340,29.340,17.503,10.987,0.495,0.355,1,20.789,2.718,0.000,419,61592,2654,43817
8791,6.565,6.565,6.148,0.092,0.007,0.318,0,20.789,2.718,0.000,0,1776,0,0
8792,28.038,28.038,16.606,10.632,0.366,0.434,1,20.112,2.652,0.000,418,61588,2645,43817
8793,6.548,6.548,6.129,0.091,0.004,0.323,0,20.112,2.652,0.000,0,820,0,0
8794,26.453,26.453,15.652,10.010,0.336,0.455,1,20.112,2.652,0.000,410,60632,2571,43817
8795,6.205,6.205,5.749,0.082,0.004,0.370,0,19.444,2.405,0.000,0,820,0,0
8796,24.325,24.325,12.977,10.551,0.428,0.369,1,19.444,2.405,0.000,410,60632,2571,43817
8797,6.387,6.387,5.864,0.084,0.005,0.434,0,22.182,2.751,0.000,0,820,0,0
8798,22.615,22.615,11.848,10.080,0.317,0.371,1,22.182,2.751,0.000,410,60632,2572,43817
8799,9.305,6.478,6.025,0.105,0.009,0.340,0,20.981,2.545,0.000,0,820,0,0
8800,24.076,24.076,11.998,11.289,0.347,0.442,1,17.716,2.562,0.000,410,60632,2571,43817
8801,9.286,5.948,5.559,0.088,0.005,0.295,0,17.716,2.562,0.000,0,820,0,0
8802,23.974,23.974,12.517,10.126,0.926,0.406,1,17.516,2.712,0.000,410,60632,2571,43817
8803,9.390,6.496,5.989,0.103,0.008,0.397,0,17.516,2.712,0.000,0,820,0,0
8804,22.656,22.656,11.840,9.993,0.506,0.318,1,17.516,2.712,0.000,410,60632,2572,43817
8805,10.714,6.150,5.721,0.084,0.004,0.341,0,20.741,3.285,0.000,0,820,0,0
8806,22.400,22.400,11.706,9.860,0.382,0.452,1,20.741,3.285,0.000,410,60632,2571,43817
8807,10.967,5.994,5.572,0.084,0.005,0.333,0,21.364,2.618,0.000,0,820,0,0
8808,29.087,29.087,18.042,10.159,0.470,0.416,1,21.364,2.618,0.000,407,60144,2538,43817
8809,6.153,6.153,5.600,0.080,0.004,0.468,0,21.402,2.565,0.000,0,332,0,0
8810,22.183,22.183,11.538,10.000,0.255,0.390,1,21.402,2.565,0.000,407,60144,2538,43817
8811,9.308,6.242,5.803,0.081,0.007,0.351,0,20.861,2.823,0.000,0,332,0,0
8812,25.163,25.163,12.648,11.749,0.364,0.402,1,20.861,2.823,0.000,407,60144,2539,43817
8813,8.202,5.764,5.400,0.081,0.007,0.277,0,21.302,2.708,0.000,0,332,0,0
8814,22.003,22.003,11.507,9.955,0.250,0.290,1,21.302,2.708,0.000,407,60144,2538,43817
8815,11.365,6.068,5.608,0.082,0.004,0.374,0,20.465,2.542,0.000,0,332,0,0
8816,22.191,22.191,11.774,9.746,0.420,0.251,1,20.465,2.542,0.000,407,60144,2522,44317
8817,11.177,5.700,5.404,0.079,0.005,0.212,0,20.199,2.441,0.000,0,332,0,0
8818,21.848,21.848,11.480,9.654,0.360,0.354,1,20.199,2.441,0.000,408,60144,2525,44317
8819,11.516,7.845,7.516,0.084,0.005,0.240,0,18.622,3.067,0.000,0,332,0,0
8820,23.649,23.649,12.767,10.244,0.384,0.255,1,18.622,3.067,0.000,407,60144,2522,44317
8821,9.719,6.055,5.572,0.081,0.005,0.396,0,17.949,2.467,0.000,0,332,0,0
8822,24.066,24.066,13.221,10.196,0.377,0.271,1,17.949,2.467,0.000,407,60144,2522,44317
8823,9.299,5.638,5.287,0.080,0.004,0.267,0,18.054,2.529,0.000,0,332,0,0
8824,31.773,31.773,12.070,18.930,0.376,0.397,1,20.387,3.597,0.000,408,60144,2760,39155
8825,6.223,6.223,5.872,0.082,0.008,0.262,0,20.387,3.597,0.000,0,332,0,0
8826,29.073,29.073,13.455,14.990,0.326,0.302,1,20.387,3.597,0.000,407,60144,2789,12740
8827,6.049,6.049,5.583,0.082,0.006,0.378,0,21.114,7.065,0.000,0,332,0,0
8828,24.539,24.539,12.011,11.239,0.266,1.023,1,17.312,2.694,0.000,407,60144,2538,43817
8829,5.782,5.782,5.311,0.080,0.005,0.386,0,17.312,2.694,0.000,0,332,0,0
8830,24.143,24.143,11.406,11.832,0.374,0.531,1,17.277,2.615,0.000,407,60144,2538,43817
8831,6.406,6.406,5.927,0.082,0.007,0.389,0,17.277,2.615,0.000,0,332,0,0
8832,25.650,25.650,14.453,10.542,0.276,0.378,1,17.277,2.615,0.000,407,60144,2538,43817
8833,7.213,6.148,5.590,0.080,0.005,0.473,0,19.690,2.691,0.000,0,332,0,0
8834,26.076,26.076,14.134,11.067,0.356,0.519,1,18.777,2.609,0.000,407,60144,2539,43817
8835,7.279,6.362,5.852,0.083,0.007,0.420,0,18.777,2.609,0.000,0,332,0,0
8836,24.855,24.855,14.162,9.782,0.247,0.664,1,18.777,2.609,0.000,407,60144,2538,43817
8837,8.510,6.330,5.826,0.081,0.005,0.418,0,20.203,2.551,0.000,0,332,0,0
8838,24.629,24.629,13.965,9.849,0.406,0.409,1,17.946,2.558,0.000,407,60144,2538,43817
8839,8.736,6.604,6.010,0.083,0.007,0.504,0,17.946,2.558,0.000,0,332,0,0
8840,26.006,26.006,14.298,10.819,0.446,0.442,1,17.890,2.757,0.000,407,60144,2538,43817
8841,7.372,7.037,6.549,0.084,0.011,0.392,0,17.890,2.757,0.000,0,332,0,0
8842,26.890,26.890,14.005,12.063,0.350,0.472,1,18.562,2.726,0.000,407,60144,2539,43817
8843,7.085,7.085,6.609,0.084,0.008,0.384,0,18.562,2.726,0.000,0,332,0,0
8844,27.035,27.035,15.851,10.435,0.376,0.373,1,18.562,2.726,0.000,407,60144,2538,43817
8845,6.613,6.613,6.087,0.079,0.006,0.441,0,19.697,2.691,0.000,0,332,0,0
8846,26.094,26.094,14.260,11.114,0.393,0.327,1,18.800,2.627,0.000,407,60144,2538,43817
8847,6.482,6.482,6.008,0.083,0.008,0.383,0,18.800,2.627,0.000,0,332,0,0
8848,23.145,23.145,12.249,10.179,0.286,0.431,1,18.800,2.627,0.000,407,60144,2538,43817
8849,10.114,5.957,5.524,0.081,0.006,0.345,0,21.668,2.544,0.000,0,332,0,0
8850,22.418,22.418,11.701,9.949,0.396,0.372,1,21.668,2.544,0.000,408,60144,2541,43817
8851,10.965,5.907,5.359,0.080,0.005,0.463,0,20.106,3.159,0.000,0,332,0,0
8852,23.134,23.134,12.342,10.051,0.393,0.349,1,20.106,3.159,0.000,407,60144,2538,43817
8853,10.212,6.041,5.558,0.083,0.005,0.395,0,20.345,3.340,0.000,0,332,0,0
8854,26.079,26.079,14.797,10.312,0.473,0.496,1,19.174,2.741,0.000,407,60144,2538,43817
8855,7.288,5.773,5.368,0.080,0.005,0.321,0,19.174,2.741,0.000,0,332,0,0
8856,25.229,25.229,12.754,11.736,0.369,0.370,1,19.174,2.741,0.000,407,60144,2539,43817
8857,8.136,6.927,6.375,0.082,0.007,0.462,0,20.363,2.798,0.000,0,332,0,0
8858,23.723,23.723,12.568,10.445,0.274,0.436,1,20.363,2.798,0.000,405,59760,2504,43433
8859,9.648,5.789,5.354,0.080,0.006,0.349,0,19.806,2.730,0.000,0,332,0,0
8860,22.338,22.338,11.727,9.693,0.357,0.561,1,19.806,2.730,0.000,405,59760,2504,43433
8861,11.029,5.811,5.330,0.082,0.008,0.391,0,21.584,2.531,0.000,0,332,0,0
8862,22.080,22.080,11.543,9.857,0.322,0.358,1,21.584,2.531,0.000,405,59760,2504,43433
8863,11.287,5.768,5.232,0.083,0.005,0.448,0,20.366,2.539,0.000,0,332,0,0
8864,23.723,23.723,13.146,9.903,0.320,0.354,1,20.366,2.539,0.000,405,59760,2505,43433
8865,9.652,5.677,5.269,0.080,0.005,0.323,0,18.473,2.560,0.000,0,332,0,0
8866,24.961,24.961,14.077,9.980,0.371,0.533,1,17.900,3.161,0.000,405,59760,2504,43433
8867,8.397,6.449,5.938,0.082,0.007,0.422,0,17.900,3.161,0.000,0,332,0,0
8868,22.686,22.686,11.660,10.258,0.365,0.404,1,17.900,3.161,0.000,405,59760,2504,43433
8869,10.684,6.058,5.460,0.081,0.005,0.512,0,20.644,3.380,0.000,0,332,0,0
8870,23.888,23.888,13.454,9.687,0.320,0.428,1,20.644,3.380,0.000,405,59760,2502,43433
8871,9.475,5.665,5.219,0.080,0.005,0.362,0,18.012,2.652,0.000,0,332,0,0
8872,24.845,24.845,14.387,9.646,0.330,0.483,1,18.012,2.652,0.000,405,59760,2489,43933
8873,8.520,5.750,5.318,0.080,0.005,0.347,0,17.490,3.703,0.000,0,332,0,0
8874,23.761,23.761,13.507,9.620,0.316,0.318,1,17.490,3.703,0.000,405,59760,2488,43933
8875,9.606,5.946,5.444,0.080,0.006,0.417,0,18.656,2.654,0.000,0,332,0,0
8876,23.762,23.762,13.397,9.736,0.325,0.305,1,18.656,2.654,0.000,405,59760,2504,43433
8877,9.610,5.722,5.372,0.081,0.004,0.264,0,18.821,2.627,0.000,0,332,0,0
8878,25.101,25.101,13.404,10.993,0.365,0.339,1,18.821,2.627,0.000,405,59760,2505,43433
8879,8.262,6.135,5.651,0.079,0.005,0.400,0,20.275,2.707,0.000,0,332,0,0
8880,23.614,23.614,12.268,10.678,0.266,0.402,1,17.343,2.559,0.000,405,59760,2504,43433
8881,9.763,5.721,5.182,0.080,0.006,0.454,0,17.343,2.559,0.000,0,332,0,0
8882,24.337,24.337,12.889,10.137,0.368,0.942,1,17.329,2.686,0.000,405,59760,2504,43433
8883,9.017,5.830,5.287,0.080,0.004,0.458,0,17.329,2.686,0.000,0,332,0,0
8884,22.512,22.512,11.567,10.111,0.278,0.557,1,17.329,2.686,0.000,405,59760,2504,43433
8885,10.858,8.067,7.569,0.091,0.008,0.399,0,20.122,2.636,0.000,0,332,0,0
8886,24.280,24.280,13.257,10.321,0.365,0.338,1,20.122,2.636,0.000,407,60144,2539,43817
8887,9.089,6.588,6.011,0.089,0.008,0.480,0,18.508,2.634,0.000,0,332,0,0
8888,22.786,22.786,11.815,10.199,0.369,0.403,1,18.508,2.634,0.000,407,60144,2538,43817
8889,10.576,7.620,7.167,0.083,0.007,0.362,0,20.720,2.575,0.000,0,332,0,0
8890,25.851,25.851,14.209,10.770,0.415,0.457,1,18.954,2.647,0.000,407,60144,2538,43817
8891,7.515,6.614,6.187,0.082,0.007,0.338,0,18.954,2.647,0.000,0,332,0,0
8892,25.486,25.486,13.636,11.131,0.341,0.377,1,18.221,2.520,0.000,407,60144,2537,43817
8893,7.884,6.541,6.037,0.082,0.007,0.415,0,18.221,2.520,0.000,0,332,0,0
8894,25.530,25.530,14.501,10.419,0.322,0.288,1,18.409,2.449,0.000,407,60144,2538,43817
8895,7.838,5.862,5.378,0.079,0.005,0.400,0,18.409,2.449,0.000,0,332,0,0
8896,23.945,23.945,13.574,9.738,0.290,0.343,1,18.409,2.449,0.000,407,60144,2537,43817
8897,9.443,5.675,5.279,0.078,0.005,0.313,0,18.619,2.485,0.000,0,332,0,0
8898,26.098,26.098,14.187,11.002,0.346,0.563,1,18.382,2.682,0.000,407,60144,2537,43817
8899,7.255,6.312,5.838,0.083,0.007,0.384,0,18.382,2.682,0.000,0,332,0,0
8900,25.397,25.397,14.603,10.082,0.268,0.443,1,17.888,2.506,0.000,407,60144,2537,43817
8901,7.958,6.558,5.938,0.082,0.007,0.531,0,17.888,2.506,0.000,0,332,0,0
8902,24.007,24.007,12.619,10.344,0.709,0.335,1,17.888,2.506,0.000,407,60144,2538,43817
8903,9.365,6.425,6.032,0.082,0.008,0.303,0,20.790,2.637,0.000,0,332,0,0
8904,23.024,23.024,11.986,10.212,0.363,0.461,1,20.790,2.637,0.000,407,60144,2537,43817
8905,10.341,6.175,5.755,0.082,0.005,0.332,0,21.606,3.348,0.000,0,332,0,0
8906,21.860,21.860,11.527,9.696,0.331,0.306,1,21.606,3.348,0.000,407,60144,2537,43817
8907,11.509,5.944,5.456,0.081,0.006,0.402,0,20.691,2.576,0.000,0,332,0,0
8908,23.311,23.311,12.069,10.559,0.354,0.328,1,20.691,2.576,0.000,407,60144,2537,43817
8909,10.053,5.647,5.249,0.080,0.005,0.313,0,19.327,2.619,0.000,0,332,0,0
8910,23.657,23.657,12.195,10.616,0.410,0.435,1,19.327,2.619,0.000,407,60144,2539,43817
8911,9.710,6.097,5.529,0.160,0.007,0.401,0,20.313,2.525,0.000,0,332,0,0
8912,26.395,26.395,15.581,10.050,0.388,0.377,1,19.799,2.550,0.000,407,60144,2537,43817
8913,6.969,6.833,6.296,0.080,0.006,0.451,0,19.799,2.550,0.000,0,332,0,0
8914,25.341,25.341,13.918,10.588,0.438,0.398,1,19.799,2.550,0.000,407,60144,2537,43817
8915,8.030,6.447,6.086,0.082,0.005,0.273,0,21.608,2.515,0.000,0,332,0,0
8916,23.118,23.118,12.293,10.166,0.246,0.413,1,21.608,2.515,0.000,407,60144,2522,44317
8917,10.244,8.244,7.660,0.079,0.006,0.500,0,18.694,3.195,0.000,0,332,0,0
8918,23.697,23.697,13.223,9.732,0.399,0.345,1,18.694,3.195,0.000,407,60144,2521,44317
8919,9.669,5.751,5.299,0.079,0.005,0.367,0,18.029,2.541,0.000,0,332,0,0
8920,23.751,23.751,13.478,9.621,0.325,0.326,1,18.029,2.541,0.000,407,60144,2521,44317
8921,9.615,5.675,5.286,0.080,0.005,0.304,0,17.784,3.092,0.000,0,332,0,0
8922,24.330,24.330,13.716,9.878,0.325,0.410,1,17.784,3.092,0.000,407,60144,2521,44317
8923,9.040,6.555,6.114,0.090,0.007,0.344,0,18.535,2.519,0.000,0,332,0,0
8924,23.570,23.570,12.465,10.344,0.356,0.405,1,18.535,2.519,0.000,407,60144,2522,44317
8925,9.799,5.939,5.427,0.079,0.004,0.429,0,21.708,2.578,0.000,0,332,0,0
8926,23.302,23.302,11.530,11.090,0.350,0.331,1,21.708,2.578,0.000,407,60144,2522,44317
8927,10.062,5.616,5.228,0.080,0.004,0.304,0,19.058,2.439,0.000,0,332,0,0
8928,23.680,23.680,13.013,9.992,0.325,0.350,1,17.435,2.547,0.000,407,60144,2538,43817
8929,9.681,5.977,5.621,0.090,0.007,0.259,0,17.435,2.547,0.000,0,332,0,0
8930,25.740,25.740,14.764,10.203,0.416,0.358,1,17.435,2.547,0.000,407,60144,2538,43817
8931,7.629,6.053,5.559,0.079,0.005,0.410,0,18.977,3.246,0.000,0,332,0,0
8932,23.957,23.957,13.041,10.181,0.410,0.325,1,18.977,3.246,0.000,405,59760,2505,43433
8933,9.413,6.834,6.461,0.080,0.005,0.288,0,19.976,3.364,0.000,0,332,0,0
8934,25.119,25.119,12.941,11.324,0.407,0.446,1,19.976,3.364,0.000,406,59764,2517,43433
8935,8.250,6.353,5.972,0.083,0.006,0.292,0,23.719,2.766,0.000,0,336,0,0
8936,22.167,22.167,11.849,9.741,0.252,0.325,1,23.719,2.766,0.000,406,59764,2512,43433
8937,11.200,6.327,5.724,0.083,0.006,0.513,0,20.705,2.631,0.000,0,336,0,0
8938,23.870,23.870,13.485,9.651,0.372,0.363,1,20.705,2.631,0.000,406,59764,2514,43433
8939,9.490,6.951,6.451,0.086,0.007,0.406,0,19.117,2.762,0.000,0,336,0,0
8940,23.379,23.379,12.256,10.239,0.367,0.518,1,19.117,2.762,0.000,406,59764,2512,43433
8941,9.995,6.031,5.596,0.081,0.006,0.348,0,22.275,2.641,0.000,0,336,0,0
8942,24.014,24.014,13.339,9.962,0.355,0.358,1,17.470,2.547,0.000,406,59764,2512,43433
8943,9.352,6.949,6.307,0.084,0.007,0.551,0,17.470,2.547,0.000,0,336,0,0
8944,25.077,25.077,13.372,10.937,0.376,0.392,1,18.376,2.748,0.000,406,59764,2512,43433
8945,8.285,5.729,5.264,0.081,0.005,0.380,0,18.376,2.748,0.000,0,336,0,0
8946,27.100,27.100,15.410,10.794,0.362,0.534,1,19.380,3.272,0.000,406,59764,2513,43433
8947,6.264,6.252,5.816,0.080,0.005,0.352,0,19.380,3.272,0.000,0,336,0,0
8948,25.180,25.180,14.176,10.225,0.393,0.385,1,18.266,2.681,0.000,406,59764,2512,43433
8949,8.187,6.134,5.539,0.081,0.004,0.511,0,18.266,2.681,0.000,0,336,0,0
8950,24.227,24.227,12.706,10.655,0.421,0.446,1,18.266,2.681,0.000,406,59764,2512,43433
8951,9.143,6.072,5.619,0.081,0.005,0.366,0,21.940,2.754,0.000,0,336,0,0
8952,22.173,22.173,11.735,9.680,0.250,0.508,1,21.940,2.754,0.000,406,59764,2512,43433
8953,11.196,5.833,5.389,0.082,0.009,0.353,0,21.233,2.652,0.000,0,336,0,0
8954,23.844,23.844,13.331,9.788,0.375,0.350,1,21.233,2.652,0.000,406,59764,2513,43433
8955,9.518,6.090,5.574,0.080,0.005,0.430,0,18.500,2.590,0.000,0,336,0,0
8956,25.351,25.351,13.397,11.108,0.392,0.454,1,18.500,2.590,0.000,406,59764,2512,43433
8957,8.016,6.181,5.748,0.081,0.005,0.347,0,20.857,2.806,0.000,0,336,0,0
8958,25.142,25.142,13.353,10.941,0.385,0.463,1,20.857,2.806,0.000,406,59764,2512,43433
8959,8.226,5.821,5.369,0.081,0.004,0.366,0,20.986,2.683,0.000,0,336,0,0
8960,23.449,23.449,11.641,10.571,0.272,0.965,1,20.986,2.683,0.000,406,59764,2512,43433
8961,9.917,5.792,5.281,0.081,0.005,0.425,0,19.615,2.602,0.000,0,336,0,0
8962,21.994,21.994,11.616,9.659,0.339,0.379,1,19.615,2.602,0.000,406,59764,2513,43433
8963,11.376,5.819,5.416,0.080,0.005,0.318,0,20.615,2.712,0.000,0,336,0,0
8964,21.856,21.856,11.450,9.694,0.320,0.392,1,20.615,2.712,0.000,406,59764,2512,43433
8965,11.511,5.846,5.445,0.082,0.005,0.314,0,20.954,2.767,0.000,0,336,0,0
8966,23.432,23.432,12.989,9.806,0.338,0.299,1,20.954,2.767,0.000,406,59764,2512,43433
8967,9.933,5.830,5.391,0.082,0.004,0.353,0,18.828,2.882,0.000,0,336,0,0
8968,21.927,21.927,11.697,9.567,0.357,0.306,1,18.828,2.882,0.000,406,59764,2514,43433
8969,11.446,5.877,5.365,0.080,0.005,0.428,0,20.279,2.602,0.000,0,336,0,0
8970,23.462,23.462,12.307,10.300,0.359,0.497,1,20.279,2.602,0.000,406,59764,2496,43933
8971,9.900,5.669,5.236,0.080,0.004,0.349,0,20.238,2.489,0.000,0,336,0,0
8972,23.436,23.436,12.369,10.247,0.415,0.404,1,20.238,2.489,0.000,406,59764,2496,43933
8973,9.933,6.400,5.826,0.088,0.007,0.479,0,20.013,2.477,0.000,0,336,0,0
8974,24.708,24.708,13.514,10.429,0.369,0.396,1,17.826,2.479,0.000,406,59764,2496,43933
8975,8.658,6.700,6.195,0.083,0.007,0.414,0,17.826,2.479,0.000,0,336,0,0
8976,24.538,24.538,14.436,9.433,0.231,0.438,1,17.826,2.479,0.000,406,59764,2497,43933
8977,8.825,6.495,6.022,0.148,0.006,0.319,0,19.195,2.418,0.000,0,336,0,0
8978,23.625,23.625,12.658,10.115,0.473,0.379,1,19.195,2.418,0.000,406,59764,2512,43433
8979,9.741,6.015,5.577,0.082,0.005,0.352,0,20.834,3.296,0.000,0,336,0,0
8980,21.755,21.755,11.405,9.717,0.250,0.383,1,20.834,3.296,0.000,406,59764,2512,43433
8981,11.611,6.023,5.660,0.081,0.005,0.277,0,20.204,2.625,0.000,0,336,0,0
8982,22.226,22.226,11.445,9.845,0.341,0.595,1,20.204,2.625,0.000,406,59764,2512,43433
8983,11.147,7.473,6.966,0.112,0.008,0.387,0,20.698,3.083,0.000,0,336,1,0
8984,25.731,25.731,13.928,10.980,0.426,0.397,1,18.420,2.802,0.000,406,59764,2512,43433
8985,7.632,6.865,6.212,0.083,0.007,0.563,0,18.420,2.802,0.000,0,336,0,0
8986,22.694,22.694,11.754,10.227,0.273,0.440,1,18.420,2.802,0.000,406,59764,2512,43433
8987,10.686,6.165,5.643,0.083,0.006,0.433,0,21.571,2.625,0.000,0,336,0,0
8988,26.031,26.031,15.098,9.887,0.358,0.686,1,18.966,2.669,0.000,406,59764,2512,43433
8989,7.509,6.589,6.076,0.081,0.007,0.426,0,18.966,2.669,0.000,0,336,0,0
8990,22.620,22.620,11.920,9.878,0.374,0.449,1,18.966,2.669,0.000,406,59764,2513,43433
8991,11.447,7.206,6.488,0.082,0.008,0.628,0,21.558,2.582,0.000,0,336,0,0
8992,25.717,25.717,14.774,10.034,0.458,0.451,1,21.558,2.582,0.000,406,59764,2512,43433
8993,8.002,8.002,7.360,0.086,0.006,0.549,0,19.419,2.658,0.000,0,336,0,0
8994,24.779,24.779,13.443,10.456,0.378,0.501,1,19.419,2.658,0.000,406,59764,2512,43433
8995,7.933,6.656,6.164,0.080,0.005,0.407,0,21.259,2.660,0.000,0,336,0,0
8996,27.358,27.358,15.949,10.488,0.426,0.495,1,19.586,2.795,0.000,406,59764,2512,43433
8997,6.005,6.005,5.574,0.080,0.005,0.346,0,19.586,2.795,0.000,0,336,0,0
8998,25.677,25.677,14.887,10.077,0.327,0.386,1,17.885,2.618,0.000,406,59764,2513,43433
8999,7.106,6.575,6.006,0.079,0.005,0.485,0,17.885,2.618,0.000,0,336,0,0
9000,25.354,25.354,14.422,10.167,0.374,0.391,1,17.734,2.694,0.000,406,59764,2512,43433
9001,8.012,6.147,5.622,0.080,0.004,0.442,0,17.734,2.694,0.000,0,336,0,0
9002,25.581,25.581,15.145,9.668,0.247,0.520,1,18.540,2.559,0.000,406,59764,2512,43433
9003,7.788,5.676,5.229,0.081,0.005,0.360,0,18.540,2.559,0.000,0,336,0,0
9004,24.408,24.408,13.700,9.949,0.392,0.367,1,18.540,2.559,0.000,406,59764,2513,43433
9005,8.966,6.337,5.826,0.086,0.007,0.417,0,18.933,2.597,0.000,0,336,0,0
9006,24.220,24.220,13.358,10.212,0.333,0.317,1,18.933,2.597,0.000,406,59764,2512,43433
9007,9.142,6.509,6.051,0.085,0.007,0.365,0,19.039,2.571,0.000,0,336,0,0
9008,25.261,25.261,14.329,10.077,0.367,0.488,1,18.168,3.123,0.000,406,59764,2512,43433
9009,8.103,5.624,5.223,0.080,0.005,0.315,0,18.168,3.123,0.000,0,336,0,0
9010,24.462,24.462,13.580,10.151,0.373,0.358,1,18.168,3.123,0.000,408,59788,2519,43433
9011,8.905,6.208,5.683,0.082,0.005,0.438,0,18.152,3.163,0.000,0,340,0,0
9012,25.239,25.239,13.979,10.496,0.378,0.386,1,18.259,2.682,0.000,411,60440,2541,43453
9013,8.127,6.837,6.379,0.086,0.007,0.365,0,18.259,2.682,0.000,0,348,0,0
9014,25.728,25.728,14.706,10.076,0.367,0.578,1,18.504,2.653,0.000,413,60448,2527,44005
9015,7.640,7.001,6.374,0.215,0.007,0.405,0,18.504,2.653,0.000,0,348,0,0
9016,26.027,26.027,14.255,11.024,0.329,0.420,1,18.119,2.841,0.000,417,60464,2545,44005
9017,7.344,6.799,6.199,0.088,0.006,0.506,0,18.119,2.841,0.000,0,360,0,0
9018,25.920,25.920,14.331,10.928,0.322,0.338,1,18.220,2.690,0.000,418,60468,2525,44009
9019,7.445,6.567,6.129,0.089,0.007,0.342,0,18.220,2.690,0.000,0,364,0,0
9020,25.576,25.576,14.282,10.446,0.352,0.496,1,17.928,2.167,0.000,417,57977,2478,44013
9021,7.790,6.489,6.051,0.091,0.007,0.340,0,17.928,2.167,0.000,0,364,0,0
9022,25.342,25.342,13.515,11.141,0.377,0.309,1,17.928,2.167,0.000,418,57982,2451,44014
9023,8.027,6.085,5.603,0.087,0.004,0.390,0,20.972,2.285,0.000,0,372,0,0
9024,25.570,25.570,14.748,10.057,0.344,0.422,1,19.165,2.133,0.000,412,57627,2417,43659
9025,7.793,6.396,5.958,0.091,0.007,0.339,0,19.165,2.133,0.000,0,376,0,0
9026,23.786,23.786,13.565,9.276,0.389,0.555,1,17.928,1.596,0.000,402,54578,2339,43603
9027,9.580,7.006,6.516,0.093,0.007,0.390,0,17.928,1.596,0.000,0,380,0,0
9028,22.783,22.783,13.325,8.747,0.362,0.349,1,17.196,1.310,0.000,390,51998,2195,43015
9029,10.584,6.561,6.058,0.095,0.006,0.402,0,17.196,1.310,0.000,0,388,0,0
9030,21.897,21.897,12.685,8.384,0.472,0.355,1,17.196,1.310,0.000,389,51894,2844,0
9031,11.483,6.665,6.255,0.101,0.007,0.302,0,17.196,1.310,0.000,0,396,0,0
9032,23.221,23.221,12.677,9.739,0.442,0.363,1,16.540,1.334,0.000,388,51876,2170,42881
9033,10.131,5.881,5.338,0.094,0.004,0.445,0,16.540,1.334,0.000,0,396,0,0
9034,29.693,29.693,21.481,7.379,0.394,0.438,1,16.540,1.334,0.000,387,51873,2802,0
9035,7.428,7.428,6.839,0.097,0.005,0.487,0,21.462,8.118,0.000,0,396,0,0
9036,23.856,23.856,13.177,9.778,0.371,0.530,1,16.524,1.517,0.000,387,51873,2156,42878
9037,6.589,6.589,6.100,0.096,0.007,0.387,0,16.524,1.517,0.000,0,396,0,0
9038,23.508,23.508,14.988,7.566,0.424,0.530,1,16.524,1.517,0.000,388,51877,2805,0
9039,9.044,8.789,8.263,0.096,0.005,0.425,0,20.162,8.266,0.000,0,400,0,0
9040,22.160,22.160,12.489,8.785,0.411,0.475,1,16.730,1.284,0.000,388,51877,2159,42878
9041,11.192,7.516,6.812,0.101,0.006,0.597,0,16.730,1.284,0.000,0,400,0,0
9042,20.952,20.952,12.251,7.692,0.515,0.494,1,16.730,1.284,0.000,386,51857,2790,0
9043,12.427,6.593,5.947,0.098,0.006,0.542,0,16.730,1.284,0.000,0,400,0,0
9044,23.617,23.617,13.121,9.370,0.410,0.717,1,17.123,1.123,0.522,387,51861,2067,42858
9045,9.737,7.391,6.734,0.098,0.007,0.552,0,17.123,1.123,0.522,0,404,0,0
9046,21.971,21.971,12.039,8.851,0.342,0.740,1,17.123,1.123,0.000,387,51861,2793,0
9047,11.425,7.228,6.429,0.099,0.007,0.694,0,17.123,1.123,0.000,0,404,0,0
9048,23.891,23.891,13.690,9.232,0.478,0.491,1,17.663,1.166,0.428,387,51861,2077,42858
9049,9.447,6.821,6.211,0.099,0.006,0.505,0,17.663,1.166,0.428,0,404,0,0
9050,22.054,22.054,11.514,9.490,0.391,0.660,1,17.663,1.166,0.000,387,51861,2150,42858
9051,11.314,5.776,5.240,0.096,0.005,0.436,0,21.406,1.261,0.000,0,404,0,0
9052,20.750,20.750,11.294,8.601,0.386,0.468,1,21.406,1.261,0.000,387,51861,2150,42858
9053,12.617,6.079,5.375,0.097,0.005,0.601,0,19.656,1.242,0.000,0,404,0,0
9054,20.528,20.528,10.925,8.764,0.359,0.480,1,19.656,1.242,0.000,387,51861,2150,42858
9055,12.842,7.570,7.069,0.096,0.005,0.401,0,18.047,1.253,0.000,0,404,0,0
9056,22.583,22.583,13.913,7.599,0.445,0.627,1,18.047,1.253,0.000,387,51861,2793,0
9057,10.804,6.718,6.188,0.101,0.007,0.422,0,18.047,1.253,0.000,0,404,0,0
9058,24.941,24.941,14.726,9.305,0.481,0.429,1,16.362,1.196,0.487,387,51861,2075,42858
9059,8.406,7.022,6.295,0.098,0.007,0.624,0,16.362,1.196,0.487,0,404,0,0
9060,22.976,22.976,14.936,7.292,0.320,0.428,1,16.362,1.196,0.000,387,51861,2795,0
9061,10.387,8.548,8.064,0.097,0.005,0.382,0,19.701,8.241,0.000,0,404,0,0
9062,22.717,22.717,14.445,7.203,0.476,0.593,1,19.701,8.241,0.000,387,51861,2796,0
9063,10.650,8.042,7.561,0.095,0.006,0.380,0,19.606,7.935,0.000,0,404,0,0
9064,21.816,21.816,13.579,7.402,0.435,0.399,1,19.606,7.935,0.000,387,51861,2795,0
9065,11.548,8.903,8.269,0.095,0.004,0.535,0,19.759,8.074,0.000,0,404,0,0
9066,21.446,21.446,13.361,7.323,0.377,0.385,1,19.759,8.074,0.000,387,51861,2795,0
9067,11.942,7.663,7.194,0.097,0.005,0.366,0,20.122,8.190,0.000,0,404,0,0
9068,22.999,22.999,13.255,8.810,0.415,0.519,1,17.652,1.350,0.000,387,51861,2150,42858
9069,10.346,5.550,5.251,0.097,0.005,0.198,0,17.652,1.350,0.000,0,404,0,0
9070,20.099,20.099,12.220,7.362,0.331,0.187,1,17.652,1.350,0.000,387,51861,2795,0
9071,13.270,7.254,6.910,0.100,0.006,0.238,0,19.850,7.591,0.000,0,404,0,0
9072,21.786,21.786,13.370,7.614,0.501,0.301,1,19.850,7.591,0.000,387,51861,2794,0
9073,11.604,6.934,6.596,0.098,0.006,0.234,0,21.145,8.160,0.000,0,404,0,0
9074,22.934,22.934,12.938,9.214,0.459,0.322,1,17.113,1.319,0.000,388,51861,2155,42858
9075,10.409,6.239,5.878,0.098,0.006,0.257,0,17.113,1.319,0.000,0,404,0,0
9076,19.753,19.753,11.576,7.505,0.421,0.251,1,17.113,1.319,0.000,387,51861,2794,0
9077,13.621,5.896,5.519,0.096,0.006,0.275,0,21.533,7.419,0.000,0,404,0,0
9078,23.557,23.557,12.815,10.008,0.483,0.251,1,16.823,1.417,0.000,387,51861,2153,42858
9079,9.799,5.951,5.597,0.113,0.005,0.236,0,16.823,1.417,0.000,0,404,0,0
9080,20.974,20.974,12.238,8.096,0.294,0.346,1,16.823,1.417,0.000,387,51861,2794,0
9081,12.418,5.974,5.530,0.098,0.005,0.340,0,21.323,7.393,0.000,0,404,0,0
9082,23.443,23.443,12.344,10.339,0.439,0.321,1,16.596,1.400,0.000,387,51861,2153,42858
9083,9.906,6.144,5.664,0.103,0.004,0.374,0,16.596,1.400,0.000,0,404,0,0
9084,20.986,20.986,12.245,8.042,0.333,0.366,1,16.596,1.400,0.000,387,51861,2795,0
9085,12.421,7.947,7.505,0.097,0.006,0.338,0,16.596,1.400,0.000,0,404,0,0
9086,25.049,25.049,14.876,9.322,0.385,0.465,1,18.489,1.196,0.341,387,51861,2101,42858
9087,8.289,6.162,5.686,0.096,0.008,0.371,0,18.489,1.196,0.341,0,404,0,0
9088,25.803,25.803,13.418,11.668,0.356,0.361,1,18.938,1.437,0.000,387,51861,2154,42858
9089,8.149,6.879,6.409,0.098,0.008,0.364,0,18.938,1.437,0.000,0,404,0,0
9090,26.387,26.387,13.265,12.393,0.472,0.257,1,19.906,1.437,0.000,387,51861,2154,42858
9091,6.389,6.163,5.825,0.096,0.004,0.238,0,19.906,1.437,0.000,0,404,0,0
9092,28.868,28.868,13.288,14.880,0.436,0.265,1,18.979,1.300,0.000,387,51861,2154,42858
9093,6.078,6.078,5.803,0.098,0.006,0.172,0,18.979,1.300,0.000,0,404,0,0
9094,24.664,24.664,15.341,8.631,0.363,0.328,1,18.979,1.300,0.000,387,51261,2809,0
9095,7.450,7.450,7.134,0.095,0.005,0.216,0,18.979,1.300,0.000,0,404,0,0
9096,23.393,23.393,15.154,7.382,0.530,0.327,1,21.243,7.747,0.000,386,51261,2811,0
9097,11.769,11.769,11.323,0.104,0.007,0.335,0,21.243,7.747,0.000,0,408,0,0
9098,31.710,31.710,16.564,14.482,0.407,0.257,1,16.405,0.821,0.298,381,48768,2092,42858
9099,5.904,5.904,5.568,0.097,0.005,0.234,0,16.405,0.821,0.298,0,408,0,0
9100,28.477,28.477,14.628,13.043,0.419,0.387,1,16.405,0.821,0.000,380,48764,2771,0
9101,7.120,7.120,6.681,0.101,0.009,0.329,0,16.405,0.821,0.000,0,408,0,0
9102,8.071,6.923,6.584,0.096,0.005,0.238,0,21.845,6.929,0.000,0,404,0,0
9103,27.691,27.691,19.196,7.623,0.539,0.332,1,21.845,6.929,0.000,380,48764,2773,0
9104,11.209,11.209,10.905,0.096,0.005,0.203,0,21.845,6.929,0.000,0,404,0,0
9105,29.105,29.105,16.303,12.111,0.431,0.260,1,16.423,0.510,0.594,380,48764,2074,42862
9106,5.483,5.483,5.025,0.095,0.005,0.358,0,16.423,0.510,0.594,0,404,0,0
9107,22.248,22.248,11.495,10.093,0.316,0.344,1,16.423,0.510,0.000,387,48906,2824,0
9108,9.669,9.669,9.251,0.096,0.007,0.315,0,16.423,0.510,0.000,0,404,0,0
9109,12.036,12.036,11.493,0.098,0.007,0.438,0,28.211,6.981,0.000,0,404,0,0
9110,28.934,28.934,14.582,13.562,0.430,0.361,1,17.404,0.528,0.294,439,49098,2382,42862
9111,7.237,7.237,6.822,0.097,0.006,0.312,0,17.404,0.528,0.294,0,404,0,0
9112,28.429,28.429,11.976,15.642,0.362,0.449,1,17.404,0.528,0.000,439,49098,3113,0
9113,5.566,5.566,5.148,0.097,0.005,0.316,0,17.404,0.528,0.000,0,404,0,0
9114,24.519,24.519,14.796,9.022,0.375,0.326,1,22.978,7.636,0.000,390,49174,2935,0
9115,9.719,9.719,9.191,0.099,0.007,0.422,0,22.978,7.636,0.000,0,404,0,0
9116,40.181,40.181,18.849,20.608,0.412,0.313,1,22.698,0.670,0.312,393,49202,2237,43196
9117,5.690,5.690,5.319,0.097,0.005,0.270,0,22.698,0.670,0.312,0,408,0,0
9118,5.418,5.418,4.980,0.095,0.004,0.340,0,22.698,0.670,0.312,0,408,0,0
9119,26.482,26.482,15.278,10.256,0.591,0.356,1,22.698,0.670,0.000,416,50606,3175,0
9120,8.888,8.888,8.461,0.100,0.006,0.320,0,22.698,0.670,0.000,0,404,0,0
9121,61.895,61.895,30.252,30.750,0.429,0.464,1,20.832,0.695,0.605,415,50602,2393,43708
9122,5.690,5.690,5.292,0.095,0.005,0.298,0,20.832,0.695,0.605,0,400,0,0
9123,5.550,5.550,5.173,0.095,0.004,0.279,0,20.832,0.695,0.605,0,400,0,0
9124,4.828,4.828,4.348,0.117,0.003,0.360,0,20.832,0.695,0.605,0,404,0,0
9125,5.167,5.167,4.808,0.094,0.004,0.261,0,20.832,0.695,0.605,0,404,0,0
9126,26.262,26.262,11.667,9.153,5.143,0.299,1,20.832,0.695,0.000,416,50794,3137,0
9127,6.790,6.790,6.334,0.102,0.007,0.347,0,20.832,0.695,0.000,0,408,0,0
9128,34.470,34.470,20.858,13.045,0.311,0.256,1,22.886,7.502,0.000,417,50798,3169,0
9129,6.235,6.235,5.868,0.098,0.006,0.262,0,22.886,7.502,0.000,0,408,0,0
9130,5.695,5.695,5.328,0.096,0.005,0.267,0,22.886,7.502,0.000,0,400,0,0
9131,29.064,29.064,14.638,13.770,0.419,0.238,1,18.083,0.618,0.272,413,50782,2395,44214
9132,6.482,6.482,6.144,0.094,0.007,0.237,0,18.083,0.618,0.272,0,392,0,0
9133,21.666,21.666,12.674,8.241,0.425,0.327,1,18.083,0.618,0.000,413,50782,3151,0
9134,6.078,6.078,5.732,0.097,0.005,0.244,0,18.083,0.618,0.000,0,396,0,0
9135,16.194,10.132,9.774,0.093,0.005,0.260,0,25.607,8.331,0.000,0,396,0,0
9136,28.946,28.946,14.259,14.003,0.375,0.310,1,25.607,8.331,0.323,412,50778,2384,44884
9137,5.444,5.444,5.117,0.094,0.004,0.228,0,23.857,0.735,0.323,0,396,0,0
9138,32.356,32.356,13.898,17.668,0.498,0.292,1,23.857,0.735,0.000,411,50774,2427,44880
9139,7.419,7.419,6.975,0.114,0.009,0.322,0,23.857,0.735,0.000,0,400,0,0
9140,10.619,10.619,10.318,0.096,0.005,0.200,0,27.303,0.762,0.000,0,400,0,0
9141,25.082,25.082,12.190,12.269,0.414,0.210,1,19.133,0.895,0.000,418,50920,2495,44880
9142,6.897,6.851,6.516,0.096,0.005,0.234,0,19.133,0.895,0.000,0,404,0,0
9143,34.180,34.180,25.777,7.764,0.344,0.295,1,19.133,0.895,0.000,419,50924,3207,0
9144,18.191,18.191,17.832,0.098,0.006,0.254,0,40.723,7.061,0.000,0,404,0,0
9145,7.882,7.882,7.424,0.098,0.007,0.353,0,40.723,7.061,0.000,0,404,0,0
9146,6.476,6.327,5.976,0.095,0.006,0.251,0,40.723,7.061,0.000,0,404,0,0
9147,24.097,24.097,13.039,10.465,0.321,0.272,1,40.723,7.061,0.816,419,50924,2414,45022
9148,9.394,7.279,6.829,0.099,0.006,0.346,0,25.528,0.397,0.816,0,404,0,0
9149,23.076,23.076,12.516,9.817,0.443,0.300,1,17.181,0.900,0.000,419,50924,2478,45022
9150,10.194,6.021,5.126,0.637,0.004,0.254,0,17.181,0.900,0.000,0,408,0,0
9151,22.557,22.557,11.009,10.885,0.316,0.346,1,16.888,0.863,0.000,420,50928,2481,45022
9152,10.810,5.449,5.089,0.098,0.006,0.256,0,16.888,0.863,0.000,0,412,0,0
9153,23.585,23.585,14.366,8.351,0.553,0.315,1,16.888,0.863,0.000,419,50880,3198,0
9154,9.779,8.042,7.669,0.099,0.006,0.269,0,16.888,0.863,0.000,0,412,0,0
9155,27.757,27.757,16.958,10.247,0.319,0.233,1,22.167,7.441,0.253,418,50876,2459,44970
9156,7.048,7.048,6.749,0.098,0.005,0.196,0,22.782,0.826,0.253,0,408,0,0
9157,22.439,22.439,11.234,10.641,0.285,0.280,1,22.782,0.826,0.000,417,50872,2467,44970
9158,10.015,10.015,9.662,0.097,0.007,0.249,0,20.752,0.886,0.000,0,400,0,0
9159,28.190,28.190,17.814,9.673,0.397,0.305,1,21.558,0.941,0.000,415,50820,2464,44918
9160,7.998,7.998,7.560,0.096,0.006,0.336,0,21.558,0.941,0.000,0,404,0,0
9161,23.037,23.037,12.223,10.131,0.385,0.298,1,21.558,0.941,0.000,415,50820,2463,44918
9162,8.556,8.556,8.160,0.097,0.007,0.292,0,26.074,0.862,0.000,0,404,0,0
9163,22.955,22.955,12.809,9.471,0.309,0.367,1,16.590,0.897,0.000,415,50820,2463,44918
9164,8.815,8.270,7.826,0.101,0.007,0.335,0,16.590,0.897,0.000,0,404,0,0
9165,32.689,32.689,12.530,19.442,0.398,0.319,1,16.590,0.897,0.000,416,50824,3183,0
9166,5.903,5.903,5.452,0.098,0.006,0.347,0,16.590,0.897,0.000,0,408,0,0
9167,40.957,40.957,20.422,19.686,0.463,0.386,1,23.313,7.178,0.000,416,50824,3180,0
9168,7.276,7.276,6.932,0.098,0.007,0.239,0,23.313,7.178,0.000,0,408,0,0
9169,6.873,6.873,6.470,0.096,0.004,0.303,0,21.349,7.738,0.000,0,408,0,0
9170,6.812,6.330,5.408,0.659,0.004,0.259,0,21.349,7.738,0.000,0,408,1,0
9171,32.873,32.873,14.398,17.739,0.414,0.321,1,21.349,7.738,0.000,416,50824,3183,0
9172,7.610,7.610,7.156,0.098,0.006,0.350,0,28.240,7.460,0.000,0,408,0,0
9173,26.470,26.470,14.177,11.644,0.356,0.293,1,18.980,1.027,0.000,416,50824,2448,44918
9174,6.029,6.029,5.650,0.099,0.007,0.273,0,18.980,1.027,0.000,0,408,0,0
9175,27.216,27.216,18.691,7.819,0.282,0.424,1,18.980,1.027,0.000,416,50824,3162,0
9176,6.444,6.444,6.066,0.101,0.006,0.271,0,20.845,8.048,0.000,0,408,0,0
9177,27.673,27.673,13.822,13.219,0.340,0.292,1,17.765,0.822,0.000,414,50178,2445,44268
9178,7.494,7.494,7.088,0.098,0.005,0.303,0,17.765,0.822,0.000,0,412,0,0
9179,7.930,6.583,6.273,0.097,0.005,0.209,0,17.765,0.822,0.000,0,412,0,0
9180,66.031,66.031,25.543,39.866,0.352,0.268,1,21.389,7.927,0.000,418,50282,3197,0
9181,6.537,6.537,6.165,0.100,0.007,0.265,0,21.389,7.927,0.000,0,412,0,0
9182,4.828,4.828,4.572,0.097,0.004,0.156,0,21.389,7.927,0.000,0,412,0,0
9183,6.872,6.872,6.592,0.100,0.005,0.175,0,21.389,7.927,0.000,0,408,0,0
9184,5.976,5.976,5.627,0.098,0.004,0.247,0,21.389,7.927,0.000,0,404,0,0
9185,25.340,25.340,15.276,8.638,1.176,0.249,1,21.389,7.927,0.000,416,50274,3178,0
9186,6.385,6.385,6.078,0.100,0.010,0.197,0,21.389,7.927,0.000,0,404,0,0
9187,12.879,12.879,12.510,0.097,0.007,0.265,0,25.838,8.024,0.000,0,404,0,0
9188,23.260,23.260,12.359,9.964,0.492,0.445,1,25.838,8.024,0.000,416,50274,3178,0
9189,17.658,17.658,17.347,0.098,0.007,0.206,0,22.772,7.530,0.000,0,404,0,0
9190,7.778,5.237,4.869,0.095,0.004,0.269,0,22.772,7.530,0.000,0,404,0,0
9191,25.906,25.906,14.519,10.721,0.422,0.244,1,22.772,7.530,0.000,416,50274,3179,0
9192,7.454,6.677,6.406,0.097,0.005,0.169,0,22.772,7.530,0.000,0,408,0,0
9193,23.850,23.850,15.345,7.931,0.315,0.259,1,20.487,7.381,0.000,416,50274,3180,0
9194,9.507,7.260,6.989,0.097,0.006,0.168,0,20.065,7.256,0.000,0,408,0,0
9195,21.783,21.783,13.035,7.988,0.399,0.361,1,20.065,7.256,0.000,416,50274,3179,0
9196,15.394,15.394,14.941,0.100,0.005,0.348,0,25.017,7.699,0.000,0,408,0,0
9197,23.190,23.190,12.434,10.040,0.382,0.335,1,18.049,0.788,0.370,416,50274,2412,44264
9198,7.807,7.807,7.269,0.109,0.007,0.422,0,18.049,0.788,0.370,0,408,0,0
9199,25.506,25.506,12.965,11.788,0.365,0.387,1,18.349,1.464,0.000,416,50274,2471,44292
9200,6.412,5.940,5.492,0.115,0.007,0.327,0,18.349,1.464,0.000,0,408,0,0
9201,24.729,24.729,14.308,9.685,0.287,0.450,1,18.635,0.912,0.000,415,50270,2461,44304
9202,9.421,9.421,8.990,0.096,0.005,0.329,0,18.635,0.912,0.000,0,404,0,0
9203,23.563,23.563,13.627,9.229,0.360,0.347,1,18.635,0.912,0.000,413,50262,2455,44304
9204,9.025,5.754,5.251,0.094,0.005,0.404,0,18.301,0.850,0.000,0,396,0,0
9205,21.221,21.221,11.441,9.182,0.255,0.344,1,18.301,0.850,0.000,413,50262,2455,44304
9206,12.150,6.236,5.854,0.094,0.005,0.283,0,17.828,0.877,0.000,0,396,0,0
9207,20.921,20.921,12.121,7.979,0.426,0.395,1,17.828,0.877,0.000,412,50258,3162,0
9208,12.460,8.460,8.065,0.102,0.008,0.285,0,17.828,0.877,0.000,0,392,0,0
9209,22.853,22.853,12.741,9.374,0.393,0.345,1,17.343,0.824,0.239,402,49546,2324,43664
9210,10.492,6.218,5.702,0.093,0.007,0.416,0,17.343,0.824,0.239,0,372,0,0
9211,21.407,21.407,13.264,7.467,0.354,0.323,1,17.343,0.824,0.000,397,49526,3020,0
9212,11.963,7.249,6.743,0.095,0.005,0.406,0,20.605,7.155,0.000,0,372,0,0
9213,22.220,22.220,12.835,8.495,0.464,0.425,1,20.605,7.155,0.000,396,49522,3040,0
9214,11.173,6.506,6.104,0.093,0.007,0.302,0,20.605,7.155,0.000,0,368,0,0
9215,22.075,22.075,13.327,8.167,0.280,0.301,1,22.455,7.239,0.000,356,47694,2022,41832
9216,11.262,5.437,5.017,0.086,0.005,0.330,0,17.072,0.936,0.000,0,360,0,0
9217,21.211,21.211,12.891,7.603,0.425,0.291,1,17.072,0.936,0.000,345,47532,2602,0
9218,12.176,5.578,5.281,0.084,0.005,0.207,0,20.285,7.098,0.000,0,344,0,0
9219,18.615,18.615,11.235,6.673,0.382,0.325,1,20.285,7.098,0.000,342,47456,2536,0
9220,14.741,7.043,6.723,0.081,0.004,0.234,0,20.076,6.813,0.000,0,336,0,0
9221,20.252,20.252,12.726,6.818,0.471,0.237,1,20.076,6.813,0.000,334,47374,2467,0
9222,13.123,6.193,5.823,0.082,0.005,0.283,0,18.805,6.694,0.000,0,320,0,0
9223,20.479,20.479,13.052,6.552,0.572,0.303,1,18.805,6.694,0.000,331,47362,2458,0
9224,12.868,6.902,6.571,0.081,0.005,0.245,0,19.147,6.940,0.000,0,320,0,0
9225,19.387,19.387,12.371,6.290,0.340,0.387,1,19.147,6.940,0.000,331,47362,2458,0
9226,13.982,9.141,8.799,0.078,0.006,0.258,0,18.738,6.671,0.000,0,320,0,0
9227,21.379,21.379,11.815,8.823,0.445,0.295,1,18.738,6.671,0.000,331,47362,2458,0
9228,11.998,7.528,7.100,0.078,0.006,0.344,0,19.828,6.623,0.000,0,320,0,0
9229,19.624,19.624,12.569,6.431,0.349,0.275,1,19.828,6.623,0.000,331,47362,2457,0
9230,13.733,6.719,6.402,0.077,0.005,0.235,0,18.014,7.247,0.000,0,320,0,0
9231,20.556,20.556,12.757,6.364,1.105,0.329,1,18.014,7.247,0.000,331,47362,2458,0
9232,12.813,6.692,6.379,0.079,0.005,0.229,0,17.557,6.607,0.000,0,320,0,0
9233,19.464,19.464,12.370,6.351,0.471,0.271,1,17.557,6.607,0.000,331,47362,2458,0
9234,13.907,5.680,5.285,0.078,0.006,0.312,0,18.796,6.612,0.000,0,320,0,0
9235,18.603,18.603,11.425,6.414,0.494,0.269,1,18.796,6.612,0.000,331,47362,2459,0
9236,14.764,6.136,5.800,0.080,0.005,0.251,0,19.779,6.716,0.000,0,320,0,0
9237,18.634,18.634,11.400,6.401,0.473,0.360,1,19.779,6.716,0.000,331,47362,2458,0
9238,14.744,6.073,5.733,0.078,0.008,0.254,0,19.938,6.607,0.000,0,320,0,0
9239,18.909,18.909,11.596,6.516,0.506,0.290,1,19.938,6.607,0.000,331,47362,2457,0
9240,14.461,5.530,5.135,0.078,0.005,0.313,0,20.609,7.088,0.000,0,320,0,0
9241,18.319,18.319,11.121,6.403,0.505,0.290,1,20.609,7.088,0.000,331,47362,2458,0
9242,15.047,5.434,5.098,0.078,0.005,0.253,0,20.240,6.780,0.000,0,320,0,0
9243,18.129,18.129,10.859,6.429,0.524,0.317,1,20.240,6.780,0.000,331,47362,2458,0
9244,15.240,5.365,5.085,0.077,0.006,0.197,0,20.093,6.722,0.000,0,320,0,0
9245,21.653,21.653,12.968,7.939,0.492,0.254,1,20.093,6.722,0.000,331,47362,2459,0
9246,11.694,7.778,7.392,0.078,0.005,0.303,0,18.174,6.887,0.000,0,320,0,0
9247,20.665,20.665,13.166,6.931,0.250,0.319,1,18.174,6.887,0.000,331,47362,2458,0
9248,12.703,7.161,6.811,0.083,0.006,0.259,0,17.628,6.615,0.000,0,320,0,0
9249,19.046,19.046,11.478,6.522,0.590,0.455,1,17.628,6.615,0.000,330,46762,2445,0
9250,14.328,5.595,5.226,0.079,0.006,0.283,0,21.050,7.560,0.000,0,320,0,0
9251,21.671,21.671,12.542,8.414,0.412,0.303,1,16.508,0.789,0.000,330,46762,1851,41544
9252,11.689,5.866,5.380,0.079,0.007,0.401,0,16.508,0.789,0.000,0,320,0,0
9253,18.923,18.923,11.684,6.519,0.373,0.347,1,16.508,0.789,0.000,330,46762,2446,0
9254,14.450,6.121,5.765,0.078,0.005,0.273,0,19.829,6.558,0.000,0,320,0,0
9255,21.146,21.146,13.671,6.496,0.580,0.399,1,19.829,6.558,0.000,330,46762,2446,0
9256,12.227,5.716,5.410,0.079,0.005,0.221,0,19.855,6.794,0.000,0,320,0,0
9257,17.716,17.716,10.664,6.367,0.372,0.312,1,19.855,6.794,0.000,330,46762,2446,0
9258,15.646,5.453,5.085,0.078,0.008,0.281,0,19.879,6.571,0.000,0,320,0,0
9259,18.314,18.314,11.096,6.457,0.497,0.264,1,19.879,6.571,0.000,330,46762,2446,0
9260,15.058,5.391,5.095,0.077,0.005,0.214,0,18.949,7.293,0.000,0,320,0,0
9261,18.434,18.434,10.939,6.667,0.510,0.317,1,18.949,7.293,0.000,330,46762,2445,0
9262,14.939,5.320,5.038,0.077,0.006,0.200,0,19.959,6.991,0.000,0,320,0,0
9263,18.255,18.255,10.947,6.541,0.536,0.231,1,19.959,6.991,0.000,330,46762,2446,0
9264,15.107,5.404,5.099,0.078,0.008,0.220,0,19.612,7.193,0.000,0,320,0,0
9265,19.055,19.055,10.961,7.473,0.443,0.179,1,19.612,7.193,0.000,333,46962,2475,0
9266,14.310,5.615,5.345,0.079,0.006,0.185,0,22.040,7.264,0.000,0,320,0,0
9267,20.378,20.378,11.133,8.592,0.392,0.262,1,22.040,7.264,0.000,333,46962,1870,41544
9268,12.973,5.876,5.630,0.083,0.007,0.156,0,18.323,0.789,0.000,0,320,0,0
9269,18.515,18.515,10.527,7.424,0.352,0.213,1,18.323,0.789,0.000,336,47162,2490,0
9270,14.873,5.460,5.164,0.078,0.004,0.213,0,22.287,6.691,0.000,0,320,0,0
9271,21.178,21.178,11.144,9.417,0.409,0.208,1,22.287,6.691,0.000,340,47322,1904,41720
9272,12.167,6.159,5.870,0.086,0.007,0.195,0,20.047,0.863,0.000,0,320,0,0
9273,19.112,19.112,10.421,7.949,0.304,0.438,1,20.047,0.863,0.000,340,47322,1886,42032
9274,14.259,5.291,4.904,0.077,0.004,0.306,0,17.777,0.825,0.000,0,320,0,0
9275,18.805,18.805,10.327,7.846,0.375,0.256,1,17.777,0.825,0.000,340,47322,2493,0
9276,14.567,5.725,5.307,0.078,0.005,0.336,0,19.896,6.588,0.000,0,320,0,0
9277,18.374,18.374,11.059,6.541,0.484,0.289,1,19.896,6.588,0.000,340,47322,2493,0
9278,15.005,5.407,5.064,0.080,0.007,0.256,0,20.116,7.199,0.000,0,320,0,0
9279,18.681,18.681,11.286,6.617,0.430,0.348,1,20.116,7.199,0.000,340,47322,2492,0
9280,14.692,5.502,5.165,0.079,0.005,0.252,0,21.269,7.350,0.000,0,320,0,0
9281,19.552,19.552,10.774,8.123,0.391,0.264,1,21.269,7.350,0.000,340,47322,1881,42104
9282,13.790,5.229,4.860,0.076,0.005,0.288,0,18.237,0.810,0.000,0,320,0,0
9283,17.542,17.542,10.368,6.575,0.350,0.250,1,18.237,0.810,0.000,340,47322,2492,0
9284,15.835,5.316,4.982,0.077,0.008,0.248,0,19.977,7.367,0.000,0,320,0,0
9285,18.910,18.910,11.271,6.614,0.565,0.460,1,19.977,7.367,0.000,340,47322,2494,0
9286,14.464,5.393,4.991,0.078,0.005,0.318,0,21.560,6.677,0.000,0,320,0,0
9287,27.334,27.334,14.794,11.843,0.368,0.329,1,21.560,6.677,0.000,345,47578,1945,42104
9288,6.016,5.663,5.182,0.083,0.005,0.393,0,20.366,0.832,0.000,0,576,0,0
9289,20.969,20.969,11.926,8.376,0.322,0.345,1,20.366,0.832,0.000,345,47578,1930,42104
9290,12.394,5.539,5.148,0.083,0.004,0.304,0,18.899,0.865,0.000,0,576,0,0
9291,18.902,18.902,10.279,7.762,0.424,0.438,1,18.899,0.865,0.000,345,47578,1930,42104
9292,14.466,5.246,4.866,0.081,0.005,0.294,0,17.869,1.105,0.000,0,576,0,0
9293,18.846,18.846,10.161,7.894,0.417,0.375,1,17.869,1.105,0.000,345,47578,1930,42104
9294,14.519,5.252,4.911,0.083,0.004,0.254,0,17.980,0.763,0.000,0,576,0,0
9295,19.507,19.507,10.859,8.000,0.403,0.244,1,17.980,0.763,0.000,345,47578,1929,42104
9296,13.858,5.201,4.858,0.081,0.004,0.258,0,17.495,0.793,0.000,0,576,0,0
9297,17.855,17.855,10.547,6.615,0.359,0.334,1,17.495,0.793,0.000,345,47578,2541,0
9298,15.535,5.676,5.322,0.086,0.006,0.263,0,20.113,7.394,0.000,0,576,0,0
9299,21.342,21.342,13.001,7.568,0.492,0.282,1,20.113,7.394,0.000,345,47578,2542,0
9300,12.011,5.851,5.525,0.082,0.005,0.239,0,20.089,7.020,0.000,0,576,0,0
9301,19.069,19.069,11.729,6.761,0.298,0.281,1,20.089,7.020,0.000,345,47578,2542,0
9302,14.307,6.444,6.031,0.084,0.005,0.324,0,19.886,6.661,0.000,0,576,0,0
9303,18.521,18.521,11.017,6.742,0.475,0.286,1,19.886,6.661,0.000,345,47578,2543,0
9304,14.834,5.516,5.183,0.083,0.006,0.244,0,19.699,7.323,0.000,0,576,0,0
9305,19.619,19.619,12.290,6.575,0.420,0.334,1,19.699,7.323,0.000,345,47578,2542,0
9306,13.747,6.915,6.601,0.083,0.005,0.226,0,18.853,6.687,0.000,0,576,0,0
9307,19.605,19.605,12.213,6.686,0.437,0.269,1,18.853,6.687,0.000,345,47578,2541,0
9308,19.687,13.394,12.993,0.085,0.005,0.311,0,20.126,7.140,0.000,0,576,1,0
9309,36.026,36.026,14.562,20.722,0.470,0.272,1,20.126,7.140,0.000,345,47578,2541,0
9310,7.090,7.090,6.744,0.083,0.006,0.256,0,20.773,8.961,0.000,0,576,0,0
9311,5.560,5.560,4.991,0.081,0.006,0.483,0,20.773,8.961,0.000,0,576,0,0
9312,24.315,24.315,15.883,7.369,0.565,0.498,1,20.773,8.961,0.000,345,47578,2542,0
9313,7.813,7.813,7.349,0.095,0.006,0.362,0,20.773,8.961,0.000,0,576,0,0
9314,25.214,25.214,15.240,9.080,0.400,0.494,1,15.244,0.741,0.229,345,47578,1894,42104
9315,5.360,5.360,4.910,0.081,0.005,0.365,0,15.244,0.741,0.229,0,576,0,0
9316,19.757,19.757,10.827,8.195,0.315,0.420,1,15.244,0.741,0.000,345,47578,2542,0
9317,13.104,5.771,5.211,0.084,0.005,0.471,0,21.473,6.585,0.000,0,576,0,0
9318,22.032,22.032,13.247,7.968,0.415,0.402,1,17.083,0.753,0.000,345,47578,1915,42540
9319,11.318,5.645,5.252,0.082,0.005,0.306,0,17.083,0.753,0.000,0,576,0,0
9320,20.005,20.005,11.799,7.455,0.299,0.452,1,17.083,0.753,0.000,345,47578,2542,0
9321,13.375,5.695,5.313,0.085,0.004,0.292,0,20.921,6.712,0.000,0,576,0,0
9322,22.730,22.730,13.557,7.772,0.487,0.914,1,20.921,6.712,0.000,345,47578,2542,0
9323,10.623,7.066,6.628,0.084,0.006,0.348,0,18.296,7.109,0.000,0,576,0,0
9324,20.796,20.796,13.412,6.721,0.302,0.362,1,18.296,7.109,0.000,345,47578,2542,0
9325,12.573,7.661,7.289,0.083,0.005,0.283,0,17.862,6.629,0.000,0,576,0,0
9326,21.331,21.331,12.964,7.581,0.392,0.395,1,17.862,6.629,0.000,345,47578,2542,0
9327,12.032,7.476,7.133,0.084,0.005,0.254,0,18.005,6.578,0.000,0,576,0,0
9328,19.797,19.797,12.312,6.676,0.534,0.275,1,18.005,6.578,0.000,346,47578,2545,0
9329,13.569,7.734,7.313,0.086,0.007,0.327,0,19.037,6.602,0.000,0,576,0,0
9330,19.345,19.345,11.922,6.678,0.466,0.278,1,19.037,6.602,0.000,345,47578,2543,0
9331,14.025,6.896,6.579,0.080,0.006,0.232,0,18.239,7.669,0.000,0,320,0,0
9332,19.567,19.567,11.086,7.599,0.563,0.319,1,18.239,7.669,0.000,340,47322,2493,0
9333,13.813,6.638,6.281,0.080,0.007,0.270,0,21.431,7.234,0.000,0,320,0,0
9334,20.636,20.636,11.307,8.697,0.381,0.252,1,21.431,7.234,0.000,340,47322,1880,42104
9335,12.726,5.775,5.396,0.077,0.005,0.297,0,17.911,0.827,0.000,0,320,0,0
9336,21.707,21.707,13.428,6.960,1.051,0.268,1,17.911,0.827,0.000,341,47322,2496,0
9337,11.655,7.070,6.733,0.078,0.004,0.255,0,18.091,7.135,0.000,0,320,0,0
9338,21.831,21.831,14.378,6.550,0.408,0.495,1,18.091,7.135,0.000,341,47322,2496,0
9339,11.530,7.412,6.984,0.078,0.005,0.344,0,17.841,7.532,0.000,0,320,0,0
9340,20.285,20.285,12.984,6.545,0.402,0.354,1,17.841,7.532,0.000,340,47322,2492,0
9341,13.160,7.990,7.429,0.078,0.007,0.476,0,17.747,6.586,0.000,0,320,0,0
9342,20.680,20.680,13.122,6.677,0.493,0.389,1,17.747,6.586,0.000,340,47322,2493,0
9343,12.607,7.542,7.123,0.079,0.005,0.335,0,19.084,6.727,0.000,0,320,0,0
9344,19.861,19.861,12.447,6.499,0.489,0.426,1,19.084,6.727,0.000,340,47322,2493,0
9345,13.504,6.969,6.632,0.080,0.005,0.253,0,18.735,6.659,0.000,0,320,0,0
9346,18.821,18.821,11.601,6.503,0.469,0.248,1,18.735,6.659,0.000,340,47322,2493,0
9347,14.549,7.277,6.908,0.080,0.006,0.283,0,17.362,7.379,0.000,0,320,0,0
9348,20.174,20.174,11.636,7.820,0.428,0.291,1,17.362,7.379,0.000,340,47322,2494,0
9349,13.192,6.732,6.436,0.077,0.006,0.213,0,17.872,6.582,0.000,0,320,0,0
9350,21.020,21.020,12.519,7.762,0.417,0.323,1,17.872,6.582,0.000,338,47242,2485,0
9351,12.347,6.781,6.436,0.078,0.008,0.259,0,17.642,6.579,0.000,0,320,0,0
9352,19.494,19.494,12.107,6.668,0.444,0.276,1,17.642,6.579,0.000,338,47242,2486,0
9353,13.876,5.649,5.183,0.082,0.006,0.378,0,19.354,6.538,0.000,0,320,0,0
9354,19.269,19.269,11.841,6.721,0.396,0.312,1,19.354,6.538,0.000,339,47242,2489,0
9355,14.098,6.209,5.840,0.077,0.007,0.285,0,20.034,6.631,0.000,0,320,0,0
9356,19.335,19.335,11.877,6.658,0.389,0.411,1,20.034,6.631,0.000,339,47242,2489,0
9357,14.041,6.272,5.915,0.081,0.008,0.268,0,20.477,6.912,0.000,0,320,0,0
9358,20.909,20.909,13.293,6.799,0.557,0.259,1,20.477,6.912,0.000,336,47042,2475,0
9359,12.444,7.859,7.494,0.078,0.004,0.283,0,19.300,6.832,0.000,0,320,0,0
9360,17.734,17.734,10.586,6.550,0.366,0.231,1,19.300,6.832,0.000,335,47042,2472,0
9361,15.644,5.456,5.183,0.076,0.007,0.190,0,19.919,6.589,0.000,0,320,0,0
9362,18.549,18.549,11.073,6.541,0.517,0.417,1,19.919,6.589,0.000,335,47042,2473,0
9363,14.826,5.489,5.120,0.080,0.010,0.279,0,19.751,6.624,0.000,0,320,0,0
9364,18.724,18.724,11.336,6.592,0.453,0.343,1,19.751,6.624,0.000,335,47042,2473,0
9365,14.644,5.533,5.078,0.079,0.008,0.368,0,20.125,7.148,0.000,0,320,0,0
9366,18.475,18.475,10.944,6.780,0.461,0.290,1,20.125,7.148,0.000,335,47042,2473,0
9367,14.880,5.609,5.252,0.079,0.005,0.272,0,19.810,7.229,0.000,0,320,0,0
9368,19.998,19.998,12.291,6.829,0.442,0.435,1,19.810,7.229,0.000,335,47042,2473,0
9369,13.373,5.584,5.188,0.079,0.007,0.310,0,20.330,6.691,0.000,0,320,0,0
9370,18.242,18.242,10.750,6.664,0.518,0.310,1,20.330,6.691,0.000,338,47260,2487,0
9371,15.123,5.733,5.319,0.078,0.007,0.329,0,20.140,7.360,0.000,0,320,0,0
9372,18.540,18.540,10.899,6.773,0.545,0.323,1,20.140,7.360,0.000,338,47260,2488,0
9373,14.832,5.851,5.486,0.079,0.005,0.282,0,20.939,6.670,0.000,0,320,0,0
9374,22.205,22.205,14.645,6.744,0.420,0.396,1,20.939,6.670,0.000,338,47276,2487,0
9375,11.148,7.261,6.899,0.079,0.005,0.278,0,18.180,6.921,0.000,0,320,0,0
9376,19.438,19.438,11.900,6.705,0.513,0.322,1,18.180,6.921,0.000,338,47276,2487,0
9377,13.926,5.803,5.331,0.078,0.006,0.387,0,19.924,7.568,0.000,0,320,0,0
9378,19.827,19.827,12.312,6.625,0.564,0.326,1,19.924,7.568,0.000,339,47276,2491,0
9379,13.560,7.269,6.896,0.078,0.004,0.291,0,18.466,6.858,0.000,0,320,0,0
9380,21.143,21.143,12.714,7.587,0.426,0.416,1,18.466,6.858,0.000,339,47276,2489,0
9381,12.216,5.619,5.256,0.081,0.006,0.276,0,21.446,6.799,0.000,0,320,0,0
9382,20.467,20.467,11.707,8.127,0.404,0.230,1,15.557,0.836,0.000,339,47301,1884,41824
9383,12.885,5.075,4.767,0.076,0.005,0.227,0,15.557,0.836,0.000,0,320,0,0
9384,18.328,18.328,10.379,7.387,0.349,0.213,1,15.557,0.836,0.000,339,47260,2491,0
9385,15.045,6.065,5.800,0.079,0.006,0.180,0,19.295,6.877,0.000,0,320,0,0
9386,18.888,18.888,11.636,6.580,0.401,0.271,1,19.295,6.877,0.000,336,47042,2476,0
9387,14.477,6.407,6.067,0.079,0.005,0.257,0,19.820,6.598,0.000,0,320,0,0
9388,20.179,20.179,12.877,6.549,0.417,0.336,1,19.820,6.598,0.000,336,47042,2476,0
9389,13.186,7.934,7.477,0.078,0.007,0.372,0,17.582,6.568,0.000,0,320,0,0
9390,19.553,19.553,11.880,6.791,0.544,0.339,1,17.582,6.568,0.000,336,47042,2477,0
9391,13.820,5.492,5.127,0.078,0.005,0.281,0,21.573,6.903,0.000,0,320,0,0
9392,19.398,19.398,10.717,7.919,0.404,0.358,1,21.573,6.903,0.000,336,47042,1857,42260
9393,13.957,6.279,5.909,0.079,0.007,0.284,0,17.504,0.716,0.000,0,320,0,0
9394,18.317,18.317,10.804,6.654,0.506,0.353,1,17.504,0.716,0.000,336,47042,2476,0
9395,15.074,5.454,5.140,0.081,0.008,0.225,0,20.384,6.691,0.000,0,320,0,0
9396,20.389,20.389,13.049,6.667,0.435,0.238,1,20.384,6.691,0.000,336,47042,2475,0
9397,12.962,5.937,5.544,0.084,0.005,0.303,0,19.848,6.823,0.000,0,320,0,0
9398,20.600,20.600,12.705,6.554,1.092,0.249,1,19.848,6.823,0.000,336,47042,2476,0
9399,12.762,6.582,6.303,0.079,0.006,0.195,0,17.606,6.671,0.000,0,320,0,0
9400,19.808,19.808,12.092,7.025,0.358,0.334,1,17.606,6.671,0.000,336,47042,2476,0
9401,13.563,5.464,5.176,0.078,0.005,0.205,0,19.025,6.567,0.000,0,320,0,0
9402,19.016,19.016,11.826,6.557,0.407,0.226,1,19.025,6.567,0.000,336,47042,2476,0
9403,14.351,6.226,5.874,0.079,0.005,0.268,0,19.743,6.687,0.000,0,320,0,0
9404,19.054,19.054,11.816,6.627,0.388,0.223,1,19.743,6.687,0.000,336,47042,2476,0
9405,14.321,6.102,5.818,0.080,0.007,0.196,0,19.421,6.686,0.000,0,320,0,0
9406,20.980,20.980,13.409,6.766,0.532,0.273,1,19.421,6.686,0.000,336,47042,2475,0
9407,12.374,6.928,6.655,0.080,0.006,0.187,0,19.076,6.854,0.000,0,320,0,0
9408,18.895,18.895,11.597,6.698,0.368,0.232,1,19.076,6.854,0.000,338,47426,2500,0
9409,14.470,6.937,6.620,0.091,0.006,0.220,0,18.789,6.747,0.000,0,320,0,0
9410,18.791,18.791,11.540,6.589,0.456,0.206,1,18.789,6.747,0.000,338,47426,2500,0
9411,14.581,6.249,6.014,0.078,0.006,0.151,0,17.260,7.799,0.000,0,320,0,0
9412,20.597,20.597,12.649,7.260,0.439,0.250,1,17.260,7.799,0.000,338,47426,2501,0
9413,12.767,6.912,6.566,0.079,0.004,0.263,0,17.563,6.687,0.000,0,320,0,0
9414,20.536,20.536,11.983,7.258,0.995,0.300,1,17.563,6.687,0.000,338,47426,2500,0
9415,12.832,6.960,6.545,0.077,0.006,0.332,0,17.945,6.748,0.000,0,320,0,0
9416,18.637,18.637,10.638,7.362,0.363,0.274,1,17.945,6.748,0.000,338,47426,2499,0
9417,14.732,6.120,5.779,0.079,0.005,0.257,0,19.394,6.584,0.000,0,320,0,0
9418,20.555,20.555,13.170,6.643,0.380,0.363,1,19.394,6.584,0.000,338,47426,2500,0
9419,12.807,7.725,7.350,0.110,0.007,0.259,0,17.694,6.636,0.000,0,320,0,0
9420,19.802,19.802,12.552,6.598,0.374,0.278,1,17.694,6.636,0.000,338,47426,2500,0
9421,13.568,7.665,7.265,0.079,0.006,0.316,0,17.936,6.556,0.000,0,320,0,0
9422,17.900,17.900,10.578,6.559,0.465,0.298,1,17.936,6.556,0.000,339,47426,2502,0
9423,15.479,5.460,5.124,0.078,0.007,0.251,0,20.243,6.596,0.000,0,320,0,0
9424,21.649,21.649,13.423,7.433,0.441,0.353,1,20.243,6.596,0.000,338,47426,2500,0
9425,11.706,7.660,7.309,0.080,0.008,0.262,0,17.956,7.007,0.000,0,320,0,0
9426,20.479,20.479,13.058,6.645,0.465,0.311,1,17.956,7.007,0.000,338,47426,2499,0
9427,12.895,6.957,6.496,0.077,0.008,0.377,0,19.809,6.701,0.000,0,320,0,0
9428,18.769,18.769,11.421,6.619,0.487,0.241,1,19.809,6.701,0.000,338,47426,2500,0
9429,14.604,5.376,5.071,0.079,0.008,0.218,0,20.121,7.239,0.000,0,320,0,0
9430,18.318,18.318,10.887,6.571,0.539,0.321,1,20.121,7.239,0.000,338,47426,2500,0
9431,15.046,5.352,5.048,0.081,0.005,0.218,0,20.438,7.366,0.000,0,320,0,0
9432,18.295,18.295,10.900,6.564,0.558,0.273,1,20.438,7.366,0.000,338,47426,2501,0
9433,15.063,5.460,5.143,0.078,0.006,0.233,0,20.010,6.777,0.000,0,320,0,0
9434,18.947,18.947,11.727,6.608,0.439,0.172,1,20.010,6.777,0.000,338,47426,2500,0
9435,14.418,6.244,5.978,0.078,0.005,0.183,0,19.249,6.908,0.000,0,320,0,0
9436,18.962,18.962,11.729,6.609,0.395,0.229,1,19.249,6.908,0.000,338,47426,2499,0
9437,14.406,7.216,6.971,0.083,0.006,0.156,0,19.793,6.650,0.000,0,320,1,0
9438,19.246,19.246,12.047,6.557,0.447,0.195,1,19.793,6.650,0.000,338,47426,2499,0
9439,14.127,7.116,6.785,0.077,0.007,0.247,0,19.522,6.594,0.000,0,320,0,0
9440,19.266,19.266,11.959,6.623,0.450,0.235,1,19.522,6.594,0.000,338,47426,2500,0
9441,14.086,6.604,6.329,0.079,0.005,0.191,0,18.907,6.698,0.000,0,320,0,0
9442,18.819,18.819,11.626,6.367,0.540,0.285,1,18.907,6.698,0.000,338,47426,2500,0
9443,14.552,6.485,6.217,0.079,0.005,0.184,0,18.004,7.254,0.000,0,320,0,0
9444,19.795,19.795,12.048,7.171,0.365,0.212,1,18.004,7.254,0.000,338,47426,2500,0
9445,13.604,6.944,6.630,0.078,0.005,0.232,0,18.209,6.586,0.000,0,320,0,0
9446,19.650,19.650,12.364,6.622,0.444,0.219,1,18.209,6.586,0.000,338,47426,2500,0
9447,13.701,6.535,6.281,0.079,0.005,0.171,0,19.851,7.494,0.000,0,320,0,0
9448,20.155,20.155,12.759,6.607,0.506,0.283,1,19.851,7.494,0.000,338,47426,2499,0
9449,13.209,7.131,6.837,0.087,0.007,0.201,0,20.013,7.573,0.000,0,320,0,0
9450,18.619,18.619,10.999,6.848,0.543,0.229,1,20.013,7.573,0.000,338,47426,2500,0
9451,14.741,5.655,5.260,0.076,0.007,0.311,0,19.994,7.456,0.000,0,320,0,0
9452,18.494,18.494,10.829,6.840,0.539,0.286,1,19.994,7.456,0.000,338,47426,2501,0
9453,14.883,5.470,5.144,0.077,0.005,0.244,0,20.598,6.728,0.000,0,320,0,0
9454,18.768,18.768,11.267,6.686,0.469,0.346,1,20.598,6.728,0.000,338,47426,2500,0
9455,14.587,5.351,5.023,0.079,0.007,0.241,0,20.768,6.731,0.000,0,320,0,0
9456,19.716,19.716,12.383,6.626,0.446,0.260,1,20.768,6.731,0.000,338,47426,2500,0
9457,13.655,6.369,6.004,0.079,0.005,0.282,0,19.115,6.603,0.000,0,320,0,0
9458,19.708,19.708,12.010,6.910,0.516,0.272,1,19.115,6.603,0.000,338,47426,2499,0
9459,13.668,5.522,5.223,0.077,0.007,0.215,0,20.131,7.049,0.000,0,320,0,0
9460,18.955,18.955,11.668,6.565,0.432,0.291,1,20.131,7.049,0.000,338,47426,2500,0
9461,14.409,5.494,5.228,0.081,0.007,0.178,0,20.200,7.215,0.000,0,320,0,0
9462,18.866,18.866,11.441,6.681,0.501,0.243,1,20.200,7.215,0.000,338,47426,2500,0
9463,14.510,5.585,5.221,0.080,0.006,0.278,0,20.293,7.358,0.000,0,320,0,0
9464,19.067,19.067,11.348,6.891,0.542,0.286,1,20.293,7.358,0.000,338,47426,2498,0
9465,14.293,5.444,5.124,0.080,0.005,0.235,0,20.337,7.570,0.000,0,320,0,0
9466,18.792,18.792,11.291,6.606,0.540,0.355,1,20.337,7.570,0.000,338,47426,2500,0
9467,14.574,5.360,5.033,0.078,0.006,0.243,0,20.302,7.450,0.000,0,320,0,0
9468,18.718,18.718,11.075,6.820,0.533,0.290,1,20.302,7.450,0.000,338,47426,2499,0
9469,14.646,5.453,5.049,0.079,0.005,0.320,0,20.679,6.787,0.000,0,320,0,0
9470,20.398,20.398,12.607,6.748,0.485,0.557,1,20.679,6.787,0.000,338,47426,2500,0
9471,12.950,8.963,8.629,0.081,0.008,0.245,0,19.631,6.782,0.000,0,320,0,0
9472,20.716,20.716,11.913,8.015,0.479,0.309,1,19.631,6.782,0.000,338,47426,2501,0
9473,12.670,6.765,6.479,0.081,0.006,0.199,0,21.298,6.913,0.000,0,320,0,0
9474,20.732,20.732,11.179,8.945,0.415,0.192,1,15.285,0.872,0.000,338,47426,1895,41824
9475,12.616,5.208,4.932,0.076,0.005,0.195,0,15.285,0.872,0.000,0,320,0,0
9476,18.866,18.866,11.100,7.271,0.269,0.226,1,15.285,0.872,0.000,338,47426,2500,0
9477,14.512,5.723,5.338,0.079,0.006,0.300,0,19.247,6.771,0.000,0,324,0,0
9478,22.654,22.654,13.734,7.984,0.469,0.467,1,19.247,6.771,0.000,337,47046,2484,0
9479,10.713,9.060,8.654,0.083,0.012,0.312,0,21.881,7.247,0.000,0,324,0,0
9480,20.915,20.915,10.726,8.878,0.374,0.937,1,15.347,0.826,0.000,337,47046,1874,41824
9481,12.443,5.488,4.935,0.077,0.004,0.472,0,15.347,0.826,0.000,0,324,0,0
9482,20.302,20.302,12.983,6.565,0.317,0.438,1,15.347,0.826,0.000,337,47046,2479,0
9483,13.063,7.755,7.335,0.079,0.008,0.333,0,17.502,6.609,0.000,0,324,0,0
9484,22.968,22.968,12.116,9.910,0.507,0.435,1,17.502,6.609,0.000,338,47050,2494,0
9485,10.451,5.828,5.461,0.084,0.006,0.277,0,17.502,6.609,0.000,0,328,0,0
9486,23.566,23.566,14.502,8.346,0.414,0.305,1,25.468,7.144,0.427,338,47050,1824,41824
9487,9.744,5.560,5.101,0.078,0.005,0.375,0,18.905,0.594,0.427,0,328,0,0
9488,18.242,18.242,10.047,7.642,0.285,0.268,1,18.905,0.594,0.000,338,47050,1885,41824
9489,15.126,5.235,4.888,0.078,0.004,0.264,0,16.651,0.770,0.000,0,328,0,0
9490,23.190,23.190,14.880,7.369,0.488,0.454,1,16.651,0.770,0.000,338,47050,2489,0
9491,10.180,6.707,6.330,0.081,0.006,0.290,0,18.250,6.747,0.000,0,328,0,0
9492,19.199,19.199,11.805,6.665,0.414,0.315,1,18.250,6.747,0.000,338,47050,2490,0
9493,14.172,5.650,5.224,0.079,0.006,0.341,0,20.425,7.519,0.000,0,328,0,0
9494,19.655,19.655,11.613,6.673,1.073,0.296,1,20.425,7.519,0.000,338,47050,2490,0
9495,13.715,5.720,5.278,0.084,0.008,0.349,0,19.648,6.651,0.000,0,352,0,0
9496,18.458,18.458,10.870,6.620,0.676,0.292,1,19.648,6.651,0.000,339,47098,2504,0
9497,14.917,5.703,5.357,0.080,0.006,0.260,0,20.154,7.394,0.000,0,400,0,0
9498,19.278,19.278,11.638,6.704,0.617,0.318,1,20.154,7.394,0.000,339,47146,2505,0
9499,14.083,8.667,8.348,0.089,0.010,0.220,0,20.994,6.673,0.000,0,448,0,0
9500,20.679,20.679,13.235,6.693,0.493,0.258,1,20.994,6.673,0.000,339,47194,2503,0
9501,12.688,7.329,6.931,0.084,0.008,0.306,0,20.253,7.060,0.000,0,492,0,0
9502,20.587,20.587,13.161,6.639,0.457,0.329,1,20.253,7.060,0.000,340,47214,2516,0
9503,12.766,7.343,6.983,0.082,0.005,0.273,0,19.130,6.807,0.000,0,492,0,0
9504,19.147,19.147,10.968,7.133,0.547,0.499,1,19.130,6.807,0.000,340,47214,2516,0
9505,16.278,8.618,8.187,0.081,0.008,0.343,0,22.680,6.558,0.000,0,492,0,0
9506,20.801,20.801,11.938,8.126,0.391,0.346,1,15.991,0.791,0.000,340,47214,1911,41824
9507,10.509,6.503,5.931,0.084,0.007,0.481,0,15.991,0.791,0.000,0,492,0,0
9508,22.226,22.226,14.163,7.357,0.313,0.392,1,15.991,0.791,0.000,340,47214,2515,0
9509,11.138,6.992,6.565,0.080,0.005,0.342,0,17.894,6.744,0.000,0,492,0,0
9510,19.413,19.413,11.317,6.627,0.388,1.082,1,17.894,6.744,0.000,340,47214,2517,0
9511,13.970,7.718,7.274,0.088,0.011,0.346,0,21.358,6.581,0.000,0,492,0,0
9512,22.615,22.615,13.888,7.811,0.545,0.371,1,21.358,6.581,0.000,340,47214,2516,0
9513,10.741,6.438,5.936,0.080,0.005,0.416,0,18.078,6.831,0.000,0,492,0,0
9514,20.872,20.872,13.276,6.837,0.431,0.329,1,18.078,6.831,0.000,340,47214,2515,0
9515,12.494,7.524,7.086,0.083,0.006,0.349,0,17.689,6.602,0.000,0,492,0,0
9516,21.663,21.663,14.011,6.791,0.380,0.481,1,17.689,6.602,0.000,340,47214,2517,0
9517,11.710,7.669,7.166,0.086,0.008,0.409,0,18.639,6.783,0.000,0,492,0,0
9518,20.787,20.787,13.177,6.768,0.458,0.383,1,18.639,6.783,0.000,340,47214,2517,0
9519,12.571,8.144,7.638,0.082,0.004,0.419,0,19.020,6.790,0.000,0,492,0,0
9520,19.699,19.699,12.169,6.678,0.485,0.367,1,19.020,6.790,0.000,340,47214,2517,0
9521,13.668,7.338,6.926,0.083,0.005,0.324,0,18.616,6.590,0.000,0,492,0,0
9522,19.753,19.753,11.079,7.668,0.550,0.456,1,18.616,6.590,0.000,340,47214,2517,0
9523,13.632,6.589,6.206,0.082,0.006,0.295,0,22.221,7.093,0.000,0,492,0,0
9524,21.117,21.117,12.054,8.421,0.375,0.267,1,22.221,7.093,0.000,340,47214,1912,41824
9525,12.241,6.233,5.832,0.083,0.006,0.311,0,18.141,0.771,0.000,0,492,0,0
9526,20.019,20.019,11.323,7.402,1.037,0.258,1,18.141,0.771,0.000,340,47214,2517,0
9527,13.351,5.825,5.506,0.083,0.006,0.231,0,19.904,6.831,0.000,0,492,0,0
9528,23.199,23.199,15.320,6.929,0.528,0.422,1,19.904,6.831,0.000,340,47214,2516,0
9529,10.159,6.414,6.058,0.084,0.005,0.267,0,18.173,6.957,0.000,0,492,0,0
9530,20.219,20.219,12.875,6.634,0.298,0.413,1,18.173,6.957,0.000,340,47214,2517,0
9531,13.148,7.913,7.454,0.109,0.010,0.340,0,17.623,6.535,0.000,0,492,0,0
9532,20.354,20.354,12.908,6.778,0.387,0.282,1,17.623,6.535,0.000,340,47214,2518,0
9533,13.005,7.563,7.236,0.083,0.005,0.240,0,17.551,6.672,0.000,0,492,0,0
9534,20.107,20.107,12.800,6.494,0.436,0.377,1,17.551,6.672,0.000,339,47210,2504,0
9535,13.275,6.959,6.645,0.082,0.005,0.228,0,19.408,6.542,0.000,0,488,0,0
9536,22.184,22.184,12.527,8.915,0.501,0.241,1,19.408,6.542,0.000,331,46766,2450,0
9537,11.188,5.902,5.529,0.085,0.005,0.283,0,20.971,6.842,0.000,0,324,0,0
9538,20.945,20.945,11.359,8.904,0.440,0.241,1,20.971,6.842,0.000,331,46766,2452,0
9539,12.413,6.040,5.756,0.085,0.005,0.195,0,19.908,7.265,0.000,0,324,0,0
9540,19.415,19.415,12.369,6.326,0.392,0.329,1,19.908,7.265,0.000,331,46766,2453,0
9541,13.954,7.092,6.772,0.086,0.004,0.231,0,18.453,7.263,0.000,0,324,0,0
9542,19.049,19.049,11.964,6.294,0.508,0.283,1,18.453,7.263,0.000,331,46766,2454,0
9543,14.306,7.237,6.877,0.079,0.005,0.276,0,17.929,7.221,0.000,0,328,0,0
9544,18.685,18.685,11.751,6.218,0.469,0.247,1,17.929,7.221,0.000,333,46774,2459,0
9545,14.682,6.909,6.612,0.079,0.006,0.212,0,17.966,7.154,0.000,0,332,0,0
9546,18.607,18.607,11.635,6.192,0.454,0.326,1,17.966,7.154,0.000,334,46778,2462,0
9547,14.779,6.818,6.504,0.082,0.005,0.227,0,19.417,6.554,0.000,0,336,0,0
9548,17.780,17.780,10.560,6.470,0.484,0.266,1,19.417,6.554,0.000,334,46778,2461,0
9549,15.571,5.384,5.043,0.083,0.007,0.251,0,19.784,6.604,0.000,0,336,0,0
9550,18.428,18.428,11.392,6.266,0.447,0.323,1,19.784,6.604,0.000,336,46790,2472,0
9551,14.948,6.403,6.141,0.083,0.005,0.174,0,18.728,6.534,0.000,0,340,0,0
9552,19.407,19.407,12.115,6.572,0.456,0.265,1,18.728,6.534,0.000,340,46852,2526,0
9553,13.958,7.035,6.685,0.082,0.004,0.263,0,18.250,7.351,0.000,0,340,0,0
9554,19.555,19.555,12.222,6.559,0.473,0.300,1,18.250,7.351,0.000,342,46860,2532,0
9555,13.802,7.326,6.924,0.086,0.007,0.310,0,18.142,7.079,0.000,0,348,0,0
9556,20.037,20.037,12.196,6.489,1.073,0.280,1,18.142,7.079,0.000,342,46860,2532,0
9557,13.326,6.669,6.343,0.083,0.005,0.238,0,17.816,6.526,0.000,0,348,0,0
9558,19.368,19.368,12.009,6.557,0.464,0.338,1,17.816,6.526,0.000,342,46860,2531,0
9559,14.004,5.330,4.990,0.086,0.004,0.250,0,19.285,6.550,0.000,0,348,0,0
9560,19.087,19.087,11.067,7.347,0.397,0.277,1,19.285,6.550,0.000,343,46880,2563,0
9561,14.279,6.176,5.778,0.086,0.005,0.308,0,19.712,6.812,0.000,0,348,0,0
9562,19.627,19.627,12.141,6.817,0.437,0.233,1,19.712,6.812,0.000,344,46884,2591,0
9563,13.782,6.229,5.943,0.090,0.007,0.189,0,19.712,6.812,0.000,0,352,0,0
9564,16.694,10.426,10.138,0.079,0.008,0.201,0,19.712,6.812,0.000,0,308,0,0
9565,16.667,11.224,10.950,0.082,0.009,0.182,0,19.712,6.812,0.000,0,308,0,0
9566,16.655,10.267,9.995,0.086,0.008,0.179,0,70.167,6.945,0.000,0,308,0,0
9567,24.627,24.627,11.096,12.879,0.368,0.285,1,17.650,1.195,2.046,322,56703,1685,38680
9568,8.728,5.032,4.768,0.074,0.005,0.186,0,17.650,1.195,2.046,0,308,0,0
9569,20.207,20.207,10.155,9.579,0.259,0.215,1,17.650,1.195,0.000,322,56703,1842,39060
9570,13.161,5.805,5.455,0.075,0.005,0.270,0,17.211,2.499,0.000,0,308,0,0
9571,20.552,20.552,12.826,6.824,0.607,0.295,1,17.211,2.499,0.000,322,56703,2376,0
9572,12.820,6.417,6.069,0.077,0.006,0.266,0,20.518,8.386,0.000,0,308,0,0
9573,19.748,19.748,10.996,7.904,0.475,0.373,1,20.518,8.386,0.000,322,56703,1829,39496
9574,13.611,5.140,4.834,0.076,0.007,0.223,0,18.456,2.660,0.000,0,308,0,0
9575,18.525,18.525,10.304,7.565,0.390,0.266,1,18.456,2.660,0.000,322,56703,1842,39060
9576,14.842,5.020,4.649,0.076,0.005,0.290,0,17.592,2.498,0.000,0,308,0,0
9577,20.493,20.493,12.016,7.688,0.533,0.255,1,17.592,2.498,0.000,322,56703,2376,0
9578,12.892,6.129,5.776,0.101,0.007,0.245,0,21.625,8.241,0.000,0,308,0,0
9579,19.718,19.718,10.824,7.997,0.502,0.395,1,21.625,8.241,0.000,322,56703,1842,39060
9580,13.631,5.208,4.866,0.076,0.004,0.262,0,18.430,2.666,0.000,0,308,0,0
9581,18.742,18.742,10.304,7.656,0.481,0.300,1,18.430,2.666,0.000,322,56703,1842,39060
9582,14.624,5.250,4.809,0.076,0.005,0.361,0,18.060,2.531,0.000,0,308,0,0
9583,18.743,18.743,10.230,7.846,0.363,0.304,1,18.060,2.531,0.000,322,56703,1844,39060
9584,14.624,5.123,4.760,0.074,0.004,0.285,0,18.119,2.485,0.000,0,308,0,0
9585,21.763,21.763,12.357,8.596,0.369,0.441,1,18.119,2.485,0.000,322,56703,1842,39060
9586,11.612,6.174,5.829,0.077,0.006,0.262,0,18.720,2.581,0.000,0,308,0,0
9587,20.371,20.371,10.999,8.760,0.356,0.256,1,18.720,2.581,0.000,322,56703,1842,39060
9588,12.986,5.983,5.619,0.083,0.005,0.277,0,17.236,2.581,0.000,0,308,0,0
9589,18.018,18.018,10.874,6.518,0.321,0.305,1,17.236,2.581,0.000,322,56703,2376,0
9590,15.361,5.301,5.047,0.075,0.008,0.172,0,20.209,8.489,0.000,0,308,0,0
9591,19.501,19.501,10.790,7.901,0.531,0.279,1,20.209,8.489,0.000,322,56703,1843,39060
9592,13.860,5.011,4.702,0.075,0.004,0.230,0,18.283,2.528,0.000,0,308,0,0
9593,20.010,20.010,11.627,7.611,0.450,0.322,1,18.283,2.528,0.000,322,56703,1842,39060
9594,13.353,4.993,4.722,0.074,0.004,0.192,0,16.144,2.610,0.000,0,308,0,0
9595,20.684,20.684,13.117,6.857,0.476,0.233,1,16.144,2.610,0.000,322,56703,2376,0
9596,12.710,8.382,7.981,0.077,0.006,0.319,0,20.319,8.314,0.000,0,308,0,0
9597,27.508,27.508,12.606,14.247,0.400,0.255,1,21.410,2.689,0.000,322,56703,1838,39060
9598,7.271,7.271,6.983,0.077,0.005,0.205,0,21.410,2.689,0.000,0,308,0,0
9599,21.156,21.156,12.857,7.843,0.271,0.186,1,21.410,2.689,0.000,322,56703,1833,39060
9600,11.233,5.851,5.652,0.078,0.005,0.116,0,17.867,2.795,0.000,0,308,0,0
9601,21.793,21.793,12.883,8.171,0.585,0.154,1,17.867,2.795,0.000,322,56703,1834,39060
9602,11.151,5.626,5.391,0.077,0.005,0.152,0,18.215,2.628,0.000,0,308,0,0
9603,24.998,24.998,12.174,8.077,4.604,0.142,1,16.750,2.753,0.000,322,56703,1833,39060
9604,8.327,7.726,7.343,0.077,0.007,0.299,0,16.750,2.753,0.000,0,308,0,0
9605,20.033,20.033,12.506,6.768,0.341,0.418,1,16.750,2.753,0.000,322,56703,2367,0
9606,13.342,10.753,10.381,0.083,0.010,0.279,0,20.853,8.306,0.000,0,308,0,0
9607,22.104,22.104,13.211,8.251,0.376,0.267,1,15.617,2.653,0.000,322,56703,1833,39060
9608,11.258,5.983,5.548,0.079,0.007,0.349,0,15.617,2.653,0.000,0,308,0,0
9609,19.862,19.862,12.626,6.522,0.336,0.378,1,15.617,2.653,0.000,322,56703,2367,0
9610,13.516,5.328,4.979,0.075,0.005,0.268,0,19.898,8.328,0.000,0,308,0,0
9611,21.581,21.581,12.728,8.127,0.360,0.367,1,15.497,2.468,0.000,322,56703,1823,39496
9612,11.772,5.607,5.300,0.080,0.004,0.222,0,15.497,2.468,0.000,0,308,0,0
9613,21.354,21.354,12.656,7.249,1.189,0.261,1,15.497,2.468,0.000,322,56703,2370,0
9614,12.014,7.537,7.096,0.085,0.005,0.351,0,18.119,8.142,0.000,0,308,0,0
9615,19.812,19.812,12.026,7.045,0.404,0.336,1,18.119,8.142,0.000,322,56703,2370,0
9616,13.554,7.486,7.162,0.075,0.006,0.244,0,17.710,7.902,0.000,0,308,0,0
9617,20.770,20.770,13.456,6.391,0.500,0.423,1,17.710,7.902,0.000,322,56703,2370,0
9618,12.601,7.757,7.380,0.077,0.005,0.295,0,18.081,7.870,0.000,0,308,0,0
9619,20.115,20.115,12.777,6.537,0.465,0.336,1,18.081,7.870,0.000,322,56703,2370,0
9620,13.244,8.376,7.907,0.081,0.006,0.381,0,17.955,8.071,0.000,0,308,0,0
9621,20.843,20.843,13.030,7.022,0.472,0.320,1,17.955,8.071,0.000,322,56703,2370,0
9622,12.528,7.698,7.332,0.078,0.006,0.282,0,18.295,7.834,0.000,0,308,0,0
9623,21.201,21.201,13.178,7.136,0.496,0.391,1,18.295,7.834,0.000,321,56699,2358,0
9624,12.164,7.425,6.474,0.702,0.004,0.245,0,17.906,8.126,0.000,0,304,0,0
9625,20.331,20.331,13.078,6.522,0.455,0.275,1,17.906,8.126,0.000,321,56699,2359,0
9626,13.036,9.089,8.660,0.082,0.011,0.336,0,18.190,8.205,0.000,0,680,0,0
9627,26.430,26.430,12.413,13.160,0.548,0.310,1,18.190,8.205,0.000,329,57315,2489,0
9628,7.207,6.003,5.700,0.079,0.006,0.218,0,18.190,8.205,0.000,0,680,0,0
9629,27.296,27.296,15.067,11.514,0.355,0.360,1,24.053,9.591,0.929,329,57315,1790,39060
9630,6.399,6.399,6.002,0.082,0.008,0.307,0,19.157,2.106,0.929,0,680,0,0
9631,21.850,21.850,11.072,10.190,0.269,0.320,1,19.157,2.106,0.000,329,57315,1946,39300
9632,10.916,6.560,6.055,0.082,0.007,0.415,0,18.907,2.581,0.000,0,680,0,0
9633,22.061,22.061,13.100,8.281,0.370,0.311,1,18.907,2.581,0.000,329,57315,1945,39300
9634,11.320,5.434,5.056,0.078,0.005,0.295,0,18.095,2.513,0.000,0,680,0,0
9635,23.422,23.422,14.077,8.562,0.357,0.426,1,16.901,2.822,0.000,329,57315,1945,39300
9636,9.930,5.391,5.013,0.078,0.005,0.295,0,16.901,2.822,0.000,0,680,0,0
9637,20.572,20.572,12.333,7.336,0.546,0.358,1,16.901,2.822,0.000,329,57315,2484,0
9638,12.820,5.815,5.337,0.081,0.006,0.392,0,21.485,8.807,0.000,0,680,0,0
9639,21.265,21.265,11.361,9.238,0.364,0.302,1,21.485,8.807,1.095,329,57315,1787,39300
9640,12.081,5.489,5.145,0.078,0.005,0.260,0,19.003,2.086,1.095,0,680,0,0
9641,19.058,19.058,10.379,7.946,0.413,0.320,1,19.003,2.086,0.000,329,57315,1945,39300
9642,14.306,5.340,5.020,0.080,0.005,0.235,0,18.234,2.566,0.000,0,680,0,0
9643,18.863,18.863,10.518,7.697,0.390,0.258,1,18.234,2.566,0.000,329,57315,1945,39300
9644,14.504,5.406,5.006,0.079,0.005,0.316,0,18.046,2.638,0.000,0,680,0,0
9645,18.921,18.921,10.479,7.741,0.407,0.295,1,18.046,2.638,0.000,329,57315,1946,39300
9646,14.570,5.445,5.112,0.079,0.004,0.250,0,18.537,2.550,0.000,0,680,0,0
9647,20.365,20.365,11.431,8.152,0.410,0.371,1,18.537,2.550,0.000,329,57315,1945,39300
9648,12.879,5.427,5.096,0.079,0.007,0.245,0,19.283,2.672,0.000,0,680,0,0
9649,19.202,19.202,10.546,7.881,0.519,0.255,1,19.283,2.672,0.000,329,57315,1945,39300
9650,14.161,7.670,7.248,0.083,0.007,0.331,0,17.849,2.563,0.000,0,680,0,0
9651,22.279,22.279,12.652,9.048,0.348,0.231,1,16.003,2.595,0.000,329,57315,1946,39300
9652,11.089,6.004,5.714,0.081,0.007,0.203,0,16.003,2.595,0.000,0,680,0,0
9653,20.770,20.770,12.240,7.662,0.590,0.278,1,16.003,2.595,0.000,329,57315,2483,0
9654,12.606,6.529,6.240,0.088,0.005,0.196,0,20.861,8.064,0.000,0,680,1,0
9655,22.291,22.291,13.305,8.348,0.362,0.276,1,17.008,2.623,0.000,329,57315,1945,39300
9656,11.069,6.100,5.709,0.087,0.007,0.297,0,17.008,2.623,0.000,0,680,0,0
9657,21.024,21.024,13.385,6.897,0.419,0.322,1,17.008,2.623,0.000,329,57315,2484,0
9658,12.350,7.161,6.835,0.080,0.007,0.238,0,20.902,8.332,0.000,0,680,0,0
9659,21.762,21.762,12.970,8.074,0.373,0.344,1,20.902,8.332,0.000,329,57315,1945,39300
9660,11.600,5.480,5.143,0.079,0.005,0.254,0,16.814,2.823,0.000,0,680,0,0
9661,21.852,21.852,12.336,8.760,0.471,0.285,1,16.814,2.823,0.000,329,57315,2484,0
9662,11.527,6.188,5.602,0.080,0.005,0.501,0,20.757,8.281,0.000,0,680,0,0
9663,19.784,19.784,11.049,8.233,0.254,0.248,1,20.757,8.281,0.000,329,57315,1945,39300
9664,13.568,6.930,6.622,0.085,0.007,0.216,0,17.385,2.635,0.000,0,680,0,0
9665,20.644,20.644,12.119,7.767,0.430,0.328,1,17.385,2.635,0.000,329,57315,2484,0
9666,12.745,6.996,6.686,0.081,0.007,0.223,0,20.596,8.566,0.000,0,680,0,0
9667,22.562,22.562,12.965,8.745,0.585,0.266,1,16.489,2.620,0.000,329,57315,1946,39300
9668,10.780,5.555,5.205,0.077,0.005,0.269,0,16.489,2.620,0.000,0,680,0,0
9669,18.776,18.776,11.477,6.686,0.347,0.266,1,16.489,2.620,0.000,329,57315,2484,0
9670,14.596,5.785,5.460,0.080,0.006,0.240,0,20.473,8.421,0.000,0,680,0,0
9671,20.005,20.005,11.339,7.975,0.385,0.306,1,20.473,8.421,0.000,329,57315,1945,39300
9672,13.359,5.248,4.942,0.073,0.004,0.228,0,16.981,3.708,0.000,0,304,0,0
9673,19.428,19.428,10.854,7.894,0.427,0.253,1,16.981,3.708,0.000,324,56939,1895,39300
9674,13.937,5.271,4.919,0.072,0.005,0.275,0,17.448,2.597,0.000,0,304,0,0
9675,20.533,20.533,12.085,7.836,0.366,0.246,1,17.448,2.597,0.000,324,56939,1896,39300
9676,12.831,6.049,5.789,0.076,0.005,0.180,0,16.934,2.628,0.000,0,304,0,0
9677,19.099,19.099,11.464,6.805,0.488,0.342,1,16.934,2.628,0.000,324,56939,2434,0
9678,14.287,5.552,5.277,0.075,0.006,0.193,0,20.666,8.961,0.000,0,304,0,0
9679,22.650,22.650,13.845,8.254,0.350,0.202,1,16.358,2.603,0.000,324,56939,1895,39300
9680,10.699,5.808,5.442,0.072,0.004,0.290,0,16.358,2.603,0.000,0,304,0,0
9681,18.751,18.751,11.107,6.932,0.375,0.337,1,16.358,2.603,0.000,324,56939,2434,0
9682,14.637,5.880,5.446,0.077,0.006,0.352,0,20.547,9.024,0.000,0,304,0,0
9683,20.315,20.315,11.549,8.016,0.402,0.348,1,20.547,9.024,0.000,324,56939,1895,39300
9684,13.032,5.267,4.891,0.078,0.005,0.293,0,18.844,2.576,0.000,0,304,0,0
9685,19.276,19.276,10.652,7.987,0.357,0.280,1,18.844,2.576,0.000,324,56939,1895,39300
9686,14.092,5.339,4.901,0.073,0.005,0.360,0,17.547,2.999,0.000,0,304,0,0
9687,20.160,20.160,11.083,8.456,0.324,0.297,1,17.547,2.999,0.000,324,56939,1896,39300
9688,13.207,5.132,4.792,0.073,0.004,0.263,0,16.888,2.564,0.000,0,304,0,0
9689,22.713,22.713,14.865,6.890,0.546,0.412,1,16.888,2.564,0.000,324,56939,2434,0
9690,10.650,7.282,6.967,0.078,0.006,0.231,0,19.328,9.095,0.000,0,304,0,0
9691,22.288,22.288,11.848,9.844,0.353,0.243,1,19.328,9.095,0.000,324,56939,1895,39300
9692,11.080,5.365,4.992,0.075,0.004,0.293,0,16.313,2.590,0.000,0,304,0,0
9693,21.909,21.909,13.960,7.155,0.473,0.322,1,16.313,2.590,0.000,324,56939,2433,0
9694,11.472,6.064,5.554,0.075,0.006,0.430,0,20.880,8.471,0.000,0,304,0,0
9695,22.177,22.177,11.229,10.247,0.355,0.347,1,20.880,8.471,0.000,324,56939,1894,39300
9696,11.177,5.364,4.942,0.073,0.005,0.344,0,19.077,2.482,0.000,0,304,0,0
9697,19.251,19.251,10.460,7.939,0.407,0.445,1,19.077,2.482,0.000,324,56939,1894,39300
9698,14.111,7.128,6.645,0.075,0.004,0.404,0,16.997,2.525,0.000,0,304,0,0
9699,20.158,20.158,12.818,6.545,0.434,0.362,1,16.997,2.525,0.000,325,56939,2435,0
9700,13.213,7.997,7.512,0.074,0.005,0.405,0,18.952,8.104,0.000,0,304,0,0
9701,19.715,19.715,12.354,6.562,0.469,0.331,1,18.952,8.104,0.000,324,56939,2433,0
9702,13.648,7.214,6.823,0.077,0.005,0.308,0,18.967,8.602,0.000,0,304,0,0
9703,19.781,19.781,12.477,6.501,0.418,0.386,1,18.967,8.602,0.000,324,56939,2433,0
9704,13.585,7.106,6.745,0.079,0.006,0.276,0,18.391,9.158,0.000,0,304,0,0
9705,19.821,19.821,12.439,6.604,0.449,0.329,1,18.391,9.158,0.000,324,56939,2433,0
9706,13.550,8.065,7.579,0.076,0.005,0.404,0,18.948,8.067,0.000,0,304,0,0
9707,20.138,20.138,12.755,6.594,0.438,0.351,1,18.948,8.067,0.000,324,56939,2428,0
9708,13.260,7.467,7.080,0.077,0.005,0.305,0,19.850,8.625,0.000,0,304,0,0
9709,20.980,20.980,11.938,8.207,0.416,0.419,1,19.850,8.625,0.000,324,56939,1888,39300
9710,12.354,7.502,7.098,0.078,0.005,0.320,0,19.483,2.685,0.000,0,304,0,0
9711,25.189,25.189,11.493,12.765,0.548,0.383,1,16.416,2.906,0.000,324,57237,1845,39496
9712,8.178,6.372,5.886,0.082,0.004,0.400,0,16.416,2.906,0.000,0,304,0,0
9713,19.258,19.258,11.839,6.599,0.427,0.393,1,16.416,2.906,0.000,324,57237,2392,0
9714,14.121,6.600,6.199,0.104,0.006,0.291,0,20.595,8.167,0.000,0,304,0,0
9715,22.890,22.890,13.597,8.541,0.380,0.371,1,16.592,2.596,0.000,324,57237,1843,39628
9716,10.465,6.837,6.495,0.078,0.006,0.258,0,16.592,2.596,0.000,0,304,0,0
9717,18.600,18.600,11.225,6.656,0.414,0.305,1,16.592,2.596,0.000,324,57237,2392,0
9718,14.783,6.263,5.870,0.079,0.005,0.309,0,20.691,8.733,0.000,0,304,0,0
9719,20.112,20.112,11.454,7.981,0.402,0.275,1,20.691,8.733,0.000,324,57237,1855,39198
9720,13.241,5.495,5.170,0.074,0.005,0.246,0,17.957,3.113,0.000,0,304,0,0
9721,22.790,22.790,13.583,8.206,0.625,0.376,1,16.331,3.279,0.000,324,57237,1856,39198
9722,10.572,5.611,5.244,0.075,0.004,0.288,0,16.331,3.279,0.000,0,304,0,0
9723,22.143,22.143,11.952,9.500,0.380,0.312,1,16.299,2.703,0.000,324,57237,1855,39198
9724,11.225,5.389,4.952,0.074,0.005,0.358,0,16.299,2.703,0.000,0,304,0,0
9725,18.891,18.891,10.864,7.359,0.336,0.332,1,16.299,2.703,0.000,324,57237,2393,0
9726,14.477,8.468,8.098,0.077,0.006,0.287,0,19.429,8.134,0.000,0,304,0,0
9727,21.206,21.206,13.686,6.575,0.499,0.446,1,19.429,8.134,0.000,324,57237,2393,0
9728,12.162,5.811,5.454,0.074,0.007,0.275,0,19.448,8.103,0.000,0,304,0,0
9729,19.716,19.716,11.911,6.989,0.510,0.305,1,19.448,8.103,0.000,324,57237,2393,0
9730,13.664,6.457,6.007,0.077,0.007,0.365,0,20.357,8.194,0.000,0,304,0,0
9731,22.539,22.539,13.776,8.054,0.423,0.286,1,20.357,8.194,0.000,324,57237,1856,39198
9732,10.811,5.558,5.106,0.075,0.004,0.373,0,16.758,2.684,0.000,0,304,0,0
9733,21.881,21.881,13.581,7.206,0.539,0.553,1,16.758,2.684,0.000,324,57237,2394,0
9734,11.515,6.566,6.098,0.074,0.007,0.387,0,16.758,2.684,0.000,0,304,0,0
9735,23.260,23.260,13.361,9.139,0.359,0.401,1,17.282,2.134,1.111,324,57237,1700,39198
9736,10.079,6.384,5.791,0.076,0.006,0.510,0,17.282,2.134,1.111,0,304,0,0
9737,19.750,19.750,10.835,8.125,0.462,0.329,1,17.282,2.134,0.000,324,57237,1857,39198
9738,13.613,5.455,5.078,0.076,0.004,0.297,0,18.681,2.661,0.000,0,304,0,0
9739,21.791,21.791,13.251,7.677,0.453,0.410,1,18.681,2.661,0.000,324,57237,1856,39198
9740,11.582,6.481,6.125,0.077,0.006,0.273,0,16.903,2.613,0.000,0,304,0,0
9741,20.784,20.784,11.803,7.438,1.251,0.293,1,16.903,2.613,0.000,324,57237,2393,0
9742,12.594,5.941,5.570,0.075,0.005,0.290,0,20.606,8.222,0.000,0,304,0,0
9743,19.855,19.855,11.056,8.045,0.539,0.215,1,20.606,8.222,0.000,324,57237,1856,39198
9744,13.499,6.310,6.016,0.091,0.005,0.197,0,18.183,2.598,0.000,0,304,0,0
9745,21.723,21.723,12.042,8.993,0.376,0.312,1,18.183,2.598,0.000,324,57237,1853,39198
9746,11.638,6.373,6.014,0.089,0.007,0.264,0,17.944,2.776,0.000,0,304,0,0
9747,19.042,19.042,10.632,7.831,0.282,0.297,1,17.944,2.776,0.000,324,57237,1852,39198
9748,14.342,5.487,5.119,0.076,0.005,0.286,0,17.705,2.638,0.000,0,304,0,0
9749,20.144,20.144,11.238,8.115,0.555,0.236,1,17.705,2.638,0.000,324,57237,1852,39198
9750,13.213,5.389,5.089,0.075,0.006,0.219,0,17.815,3.185,0.000,0,304,0,0
9751,22.486,22.486,12.451,9.294,0.432,0.309,1,17.815,3.185,0.000,324,57237,1854,39198
9752,10.872,6.140,5.824,0.077,0.006,0.233,0,18.274,2.816,0.000,0,304,0,0
9753,19.120,19.120,10.831,7.800,0.266,0.223,1,18.274,2.816,0.000,324,57237,1852,39198
9754,14.250,5.231,4.928,0.075,0.005,0.224,0,17.402,2.736,0.000,0,304,0,0
9755,24.318,24.318,10.195,13.538,0.370,0.215,1,17.108,2.644,0.000,324,57237,1927,38267
9756,9.049,5.161,4.852,0.075,0.005,0.230,0,17.108,2.644,0.000,0,304,0,0
9757,24.370,24.370,13.613,10.020,0.381,0.356,1,17.108,2.644,0.000,322,56703,2367,0
9758,9.002,5.575,5.225,0.077,0.006,0.267,0,21.001,8.383,0.000,0,308,0,0
9759,25.335,25.335,11.318,13.337,0.380,0.300,1,21.001,8.383,0.000,322,56703,2089,8509
9760,8.030,5.349,4.923,0.074,0.005,0.347,0,17.942,7.057,0.000,0,308,0,0
9761,19.132,19.132,10.935,7.634,0.278,0.286,1,17.942,7.057,0.000,323,56707,1833,39060
9762,14.232,5.119,4.752,0.078,0.005,0.284,0,16.478,2.548,0.000,0,320,0,0
9763,17.836,17.836,10.573,6.437,0.421,0.405,1,16.478,2.548,0.000,329,57369,2391,0
9764,15.548,5.401,5.013,0.080,0.007,0.301,0,21.044,8.312,0.000,0,328,0,0
9765,19.811,19.811,11.060,8.080,0.372,0.299,1,21.044,8.312,0.000,330,57373,1861,39060
9766,13.542,5.232,4.838,0.078,0.005,0.310,0,18.024,3.043,0.000,0,328,0,0
9767,19.983,19.983,11.486,7.950,0.345,0.203,1,18.024,3.043,0.000,331,57377,1857,39710
9768,13.377,5.706,5.414,0.086,0.008,0.199,0,16.296,2.782,0.000,0,332,0,0
9769,22.541,22.541,14.397,7.256,0.541,0.347,1,16.296,2.782,0.000,332,57377,2396,0
9770,10.843,7.866,7.446,0.082,0.006,0.332,0,19.437,9.281,0.000,0,344,0,0
9771,19.991,19.991,11.135,8.103,0.416,0.337,1,19.437,9.281,0.000,334,57389,1863,39710
9772,13.375,5.534,5.016,0.084,0.006,0.428,0,18.685,2.790,0.000,0,344,0,0
9773,19.682,19.682,10.637,8.315,0.392,0.338,1,18.685,2.790,0.000,336,57501,1891,39710
9774,13.670,5.352,4.926,0.083,0.005,0.338,0,18.730,2.575,0.000,0,344,0,0
9775,19.341,19.341,10.456,7.974,0.488,0.423,1,18.730,2.575,0.000,337,57504,1892,39822
9776,14.027,6.200,5.803,0.083,0.005,0.309,0,18.355,2.505,0.000,0,344,0,0
9777,21.423,21.423,11.475,9.247,0.364,0.337,1,18.355,2.505,0.000,337,57504,1890,39825
9778,11.940,6.040,5.585,0.083,0.005,0.367,0,18.108,2.758,0.000,0,348,0,0
9779,19.640,19.640,10.691,8.182,0.300,0.467,1,18.108,2.758,0.000,341,57518,1904,39825
9780,13.727,5.221,4.837,0.088,0.006,0.290,0,18.299,2.500,0.000,0,352,1,0
9781,19.012,19.012,10.295,7.842,0.483,0.392,1,18.299,2.500,0.000,341,57518,1900,39831
9782,14.358,5.446,5.076,0.084,0.004,0.281,0,18.671,2.452,0.000,0,352,0,0
9783,20.790,20.790,11.105,8.897,0.387,0.400,1,18.671,2.452,0.000,342,58118,1912,39831
9784,12.576,5.511,4.963,0.082,0.005,0.460,0,17.604,2.878,0.000,0,352,0,0
9785,19.410,19.410,10.775,8.002,0.237,0.396,1,17.604,2.878,0.000,342,58118,1912,39831
9786,13.953,5.470,5.010,0.088,0.005,0.367,0,18.027,3.459,0.000,0,356,0,0
9787,19.139,19.139,10.394,7.819,0.446,0.480,1,18.027,3.459,0.000,343,58122,1916,39831
9788,14.227,5.447,5.001,0.085,0.005,0.356,0,19.526,2.613,0.000,0,356,0,0
9789,19.237,19.237,10.599,7.912,0.334,0.392,1,19.526,2.613,0.000,343,58122,1915,39831
9790,14.133,7.231,6.716,0.084,0.005,0.426,0,17.058,2.549,0.000,0,356,0,0
9791,20.994,20.994,12.978,7.104,0.549,0.363,1,17.058,2.549,0.000,343,58122,2464,0
9792,12.382,6.450,6.022,0.091,0.007,0.331,0,21.174,8.645,0.000,0,356,0,0
9793,20.175,20.175,11.122,8.320,0.384,0.348,1,21.174,8.645,0.000,343,58122,1923,39831
9794,13.180,5.343,5.012,0.085,0.005,0.241,0,19.279,2.608,0.000,0,356,0,0
9795,19.423,19.423,10.577,8.018,0.419,0.409,1,19.279,2.608,0.000,343,58122,1924,39831
9796,13.944,5.624,5.240,0.085,0.006,0.293,0,18.416,2.656,0.000,0,356,0,0
9797,18.833,18.833,10.239,7.838,0.445,0.310,1,18.416,2.656,0.000,343,58122,1923,39831
9798,14.530,5.377,4.919,0.088,0.005,0.366,0,18.225,2.653,0.000,0,360,0,0
9799,20.714,20.714,11.418,8.595,0.398,0.302,1,18.225,2.653,0.000,344,58126,1931,39831
9800,12.658,5.258,4.892,0.086,0.005,0.276,0,17.465,2.734,0.000,0,360,0,0
9801,23.625,23.625,13.892,8.939,0.386,0.408,1,16.893,3.429,0.000,344,58126,1937,39831
9802,9.737,5.411,5.026,0.086,0.005,0.295,0,16.893,3.429,0.000,0,360,0,0
9803,21.627,21.627,12.620,8.297,0.396,0.315,1,16.893,3.429,0.000,350,58268,1965,39831
9804,11.738,6.046,5.595,0.084,0.007,0.360,0,17.457,2.691,0.000,0,360,0,0
9805,21.967,21.967,12.825,8.372,0.433,0.337,1,17.457,2.691,0.000,390,58460,2194,39973
9806,11.402,6.302,5.824,0.101,0.007,0.371,0,17.793,2.636,0.000,0,360,0,0
9807,22.258,22.258,11.981,9.307,0.432,0.538,1,17.793,2.636,0.000,390,58460,2178,40601
9808,11.110,5.992,5.498,0.086,0.004,0.403,0,19.574,2.720,0.000,0,360,0,0
9809,21.828,21.828,12.157,8.916,0.394,0.361,1,16.020,2.599,0.000,392,58464,2187,40601
9810,11.533,7.022,6.454,0.090,0.007,0.471,0,16.020,2.599,0.000,0,364,0,0
9811,20.420,20.420,12.404,7.150,0.445,0.422,1,16.020,2.599,0.000,355,58540,2598,0
9812,12.964,6.226,5.774,0.089,0.007,0.356,0,16.020,2.599,0.000,0,364,0,0
9813,22.606,22.606,12.130,9.572,0.411,0.492,1,22.827,8.475,1.160,357,58564,1929,40601
9814,10.749,5.678,5.227,0.088,0.005,0.359,0,20.184,2.732,1.160,0,368,0,0
9815,23.565,23.565,13.237,9.562,0.382,0.384,1,18.448,2.762,0.000,381,59972,2276,40701
9816,9.801,5.842,5.304,0.087,0.005,0.446,0,18.448,2.762,0.000,0,364,0,0
9817,20.698,20.698,10.958,9.186,0.285,0.269,1,18.448,2.762,0.000,380,59968,2222,42105
9818,12.671,6.788,6.424,0.099,0.005,0.260,0,18.811,3.224,0.000,0,364,0,0
9819,23.699,23.699,13.724,9.115,0.445,0.415,1,18.811,3.224,0.000,380,59968,2238,41669
9820,9.669,5.623,5.230,0.086,0.005,0.302,0,17.707,3.308,0.000,0,364,0,0
9821,22.950,22.950,12.856,9.293,0.372,0.429,1,17.707,3.308,0.000,384,60718,2257,41669
9822,10.416,5.596,5.047,0.087,0.004,0.457,0,17.951,2.752,0.000,0,364,0,0
9823,22.570,22.570,12.522,9.325,0.338,0.385,1,17.951,2.752,0.000,384,60718,2250,42419
9824,10.798,5.855,5.425,0.087,0.004,0.340,0,18.063,2.623,0.000,0,368,0,0
9825,23.106,23.106,13.185,9.106,0.339,0.477,1,17.337,2.611,0.000,385,60722,2257,42419
9826,10.256,5.361,4.955,0.087,0.004,0.315,0,17.337,2.611,0.000,0,368,0,0
9827,22.382,22.382,12.397,9.190,0.352,0.444,1,17.337,2.611,0.000,385,60722,2257,42419
9828,10.987,5.695,5.143,0.087,0.005,0.461,0,17.243,2.699,0.000,0,368,0,0
9829,24.132,24.132,13.408,9.962,0.393,0.368,1,17.243,2.699,0.000,389,60826,2307,42419
9830,9.237,6.129,5.707,0.088,0.006,0.328,0,20.079,2.759,0.000,0,368,0,0
9831,23.374,23.374,12.754,9.809,0.265,0.547,1,20.079,2.759,0.000,394,60896,2351,42523
9832,10.007,5.963,5.542,0.090,0.005,0.327,0,20.127,2.684,0.000,0,368,0,0
9833,29.370,29.370,19.074,9.563,0.364,0.369,1,20.127,2.684,0.000,396,61112,2359,42593
9834,6.149,6.149,5.494,0.089,0.005,0.561,0,20.486,2.767,0.000,0,368,0,0
9835,21.627,21.627,11.458,9.276,0.467,0.426,1,20.486,2.767,0.000,397,61116,2359,42809
9836,9.575,5.821,5.302,0.090,0.004,0.425,0,20.620,2.640,0.000,0,372,0,0
9837,23.032,23.032,11.130,10.953,0.347,0.602,1,17.536,2.655,0.000,404,61262,2428,42809
9838,10.330,5.434,4.947,0.090,0.005,0.392,0,17.536,2.655,0.000,0,376,0,0
9839,23.051,23.051,11.995,10.288,0.350,0.418,1,17.486,2.538,0.000,404,61262,2415,42951
9840,10.328,5.555,4.968,0.110,0.005,0.471,0,17.486,2.538,0.000,0,384,0,0
9841,24.584,24.584,13.815,9.973,0.423,0.373,1,17.486,2.538,0.000,406,61270,2421,42951
9842,8.768,5.552,5.149,0.091,0.004,0.308,0,19.495,2.818,0.000,0,380,0,0
9843,23.530,23.530,12.628,10.066,0.367,0.469,1,19.495,2.818,0.000,405,61266,2414,42951
9844,9.860,7.206,6.839,0.091,0.005,0.271,0,20.154,2.819,0.000,0,380,0,0
9845,24.611,24.611,13.418,10.529,0.330,0.334,1,20.154,2.819,0.000,407,61274,2421,42951
9846,8.735,6.332,5.855,0.092,0.004,0.380,0,20.073,2.805,0.000,0,384,0,0
9847,24.631,24.631,13.860,10.227,0.269,0.275,1,20.073,2.805,0.000,409,61282,2442,42955
9848,8.732,6.174,5.840,0.093,0.007,0.234,0,18.816,2.748,0.000,0,384,0,0
9849,22.129,22.129,11.433,9.964,0.421,0.312,1,18.816,2.748,0.000,409,61282,2437,42963
9850,11.242,5.451,5.106,0.094,0.005,0.246,0,19.624,3.355,0.000,0,392,0,0
9851,22.843,22.843,11.812,10.388,0.363,0.281,1,17.418,2.692,0.000,411,61290,2443,42963
9852,10.519,5.389,4.987,0.092,0.004,0.306,0,17.418,2.692,0.000,0,392,0,0
9853,22.427,22.427,11.032,10.787,0.344,0.265,1,17.418,2.692,0.000,411,61290,2443,42963
9854,10.942,5.193,4.879,0.093,0.005,0.216,0,18.750,2.557,0.000,0,392,0,0
9855,22.540,22.540,11.658,10.218,0.378,0.286,1,17.414,2.536,0.000,411,61290,2444,42963
9856,10.837,5.290,4.961,0.095,0.005,0.229,0,17.414,2.536,0.000,0,396,0,0
9857,24.673,24.673,13.837,10.188,0.385,0.263,1,17.414,2.536,0.000,412,61294,2446,42963
9858,8.687,5.827,5.423,0.094,0.005,0.305,0,19.550,2.773,0.000,0,396,0,0
9859,24.106,24.106,13.235,10.082,0.377,0.411,1,19.550,2.773,0.000,411,61291,2446,42960
9860,9.257,7.182,6.678,0.097,0.007,0.400,0,19.910,2.813,0.000,0,396,0,0
9861,23.942,23.942,12.936,9.876,0.601,0.528,1,19.910,2.813,0.000,412,61295,2435,43396
9862,9.424,6.286,5.802,0.097,0.005,0.383,0,21.113,2.600,0.000,0,400,0,0
9863,22.841,22.841,11.607,10.396,0.473,0.364,1,21.113,2.600,0.000,414,61303,2443,43396
9864,10.525,6.259,5.739,0.097,0.005,0.419,0,18.893,2.600,0.000,0,408,0,0
9865,22.692,22.692,12.083,9.888,0.362,0.358,1,18.893,2.600,0.000,413,61300,2412,43393
9866,10.674,7.116,6.695,0.097,0.007,0.317,0,19.466,2.678,0.000,0,412,0,0
9867,24.615,24.615,12.525,11.211,0.392,0.487,1,18.334,2.717,0.000,414,61304,2415,43393
9868,8.756,5.352,4.959,0.096,0.005,0.292,0,18.334,2.717,0.000,0,408,0,0
9869,22.113,22.113,12.082,9.471,0.259,0.301,1,16.826,1.760,0.000,407,55686,2349,42885
9870,11.252,5.484,5.061,0.096,0.004,0.322,0,16.826,1.760,0.000,0,412,0,0
9871,20.328,20.328,11.741,7.786,0.540,0.262,1,16.826,1.760,0.000,408,55690,3009,0
9872,13.058,6.460,6.094,0.105,0.007,0.254,0,21.575,8.008,0.000,0,412,0,0
9873,24.359,24.359,13.803,9.804,0.409,0.342,1,21.575,8.008,0.000,408,55690,2381,42885
9874,8.987,5.447,5.133,0.097,0.005,0.212,0,18.723,1.929,0.000,0,412,0,0
9875,22.393,22.393,11.966,9.708,0.439,0.280,1,18.723,1.929,0.000,407,55687,2375,42882
9876,10.976,5.594,5.175,0.100,0.005,0.315,0,20.411,1.929,0.000,0,416,0,0
9877,21.083,21.083,11.139,9.283,0.396,0.266,1,20.411,1.929,0.000,407,55619,2367,42810
9878,12.281,5.533,5.166,0.098,0.006,0.264,0,18.856,2.291,0.000,0,416,0,0
9879,20.593,20.593,10.611,9.228,0.330,0.423,1,18.856,2.291,0.000,408,55623,2370,42810
9880,12.777,5.443,5.057,0.099,0.005,0.281,0,18.956,2.321,0.000,0,420,0,0
9881,21.370,21.370,10.670,10.025,0.347,0.327,1,16.038,1.072,0.000,392,50671,2211,42706
9882,11.994,5.456,4.986,0.099,0.004,0.367,0,16.038,1.072,0.000,0,420,0,0
9883,20.053,20.053,10.815,7.956,1.023,0.259,1,16.038,1.072,0.000,392,50671,2853,0
9884,13.327,5.797,5.430,0.105,0.006,0.256,0,20.765,7.067,0.000,0,420,0,0
9885,19.925,19.925,11.326,7.521,0.525,0.553,1,20.765,7.067,0.000,392,50671,2854,0
9886,13.456,5.923,5.429,0.100,0.007,0.387,0,20.765,7.067,0.000,0,420,0,0
9887,24.552,24.552,12.644,10.997,0.492,0.419,1,16.393,0.898,0.522,392,50671,2128,42706
9888,8.786,6.279,5.683,0.102,0.007,0.487,0,16.393,0.898,0.522,0,420,0,0
9889,19.485,19.485,11.150,7.546,0.418,0.371,1,16.393,0.898,0.000,393,50675,2836,0
9890,13.904,5.797,5.353,0.104,0.011,0.329,0,16.393,0.898,0.000,0,424,0,0
9891,22.757,22.757,12.375,9.506,0.429,0.447,1,22.623,7.179,0.516,393,50675,2132,42706
9892,10.604,5.487,5.108,0.100,0.004,0.276,0,19.596,0.968,0.516,0,428,0,0
9893,20.197,20.197,10.698,8.790,0.272,0.437,1,19.596,0.968,0.000,393,50675,2192,42706
9894,13.171,5.633,5.265,0.100,0.007,0.261,0,18.798,1.101,0.000,0,420,0,0
9895,23.162,23.162,12.678,9.794,0.441,0.249,1,16.991,1.080,0.000,392,50671,2185,42706
9896,10.187,6.050,5.671,0.099,0.005,0.276,0,16.991,1.080,0.000,0,420,0,0
9897,20.810,20.810,12.698,7.448,0.344,0.320,1,16.991,1.080,0.000,392,50671,2827,0
9898,12.570,6.188,5.701,0.099,0.006,0.381,0,20.548,7.915,0.000,0,420,0,0
9899,22.987,22.987,13.224,8.846,0.391,0.526,1,20.548,7.915,0.000,392,50671,2203,42706
9900,10.370,5.358,4.945,0.098,0.004,0.310,0,17.605,1.141,0.000,0,416,0,0
9901,18.865,18.865,10.763,7.349,0.327,0.427,1,17.605,1.141,0.000,391,50667,2842,0
9902,14.526,5.857,5.300,0.100,0.006,0.450,0,21.478,7.824,0.000,0,420,0,0
9903,22.880,22.880,11.692,9.745,0.393,1.049,1,16.470,1.113,0.000,392,50671,2212,42706
9904,10.460,6.068,5.594,0.101,0.007,0.367,0,16.470,1.113,0.000,0,420,0,0
9905,19.385,19.385,10.981,7.550,0.432,0.422,1,16.470,1.113,0.000,392,50671,2854,0
9906,13.998,8.781,8.417,0.100,0.006,0.258,0,21.791,7.050,0.000,0,420,0,0
9907,21.965,21.965,12.348,8.864,0.433,0.319,1,21.791,7.050,0.000,392,50671,2198,43142
9908,11.389,5.587,5.164,0.098,0.005,0.320,0,17.073,1.076,0.000,0,416,0,0
9909,22.020,22.020,13.635,7.693,0.410,0.282,1,17.073,1.076,0.000,390,50663,2849,0
9910,11.345,7.539,7.148,0.098,0.006,0.288,0,19.928,7.889,0.000,0,412,0,0
9911,21.085,21.085,13.053,7.279,0.346,0.407,1,19.928,7.889,0.000,390,50663,2845,0
9912,12.279,7.571,7.027,0.209,0.005,0.329,0,19.023,8.444,0.000,0,408,0,0
9913,19.712,19.712,11.460,7.276,0.566,0.410,1,19.023,8.444,0.000,392,50671,2845,0
9914,13.669,7.288,6.732,0.104,0.007,0.444,0,19.023,8.444,0.000,0,420,0,0
9915,23.161,23.161,11.701,10.662,0.484,0.314,1,16.397,0.896,0.480,392,50671,2131,43142
9916,10.196,5.558,5.130,0.100,0.005,0.323,0,16.397,0.896,0.480,0,424,0,0
9917,19.567,19.567,11.457,7.356,0.335,0.419,1,16.397,0.896,0.000,393,50675,2849,0
9918,13.802,8.415,8.036,0.104,0.007,0.268,0,20.724,7.136,0.000,0,424,0,0
9919,20.936,20.936,12.846,7.384,0.460,0.246,1,20.724,7.136,0.000,391,50667,2842,0
9920,12.428,7.902,7.536,0.100,0.005,0.261,0,18.879,7.057,0.000,0,408,0,0
9921,21.008,21.008,12.613,7.694,0.436,0.265,1,18.879,7.057,0.000,389,50659,2830,0
9922,12.377,5.853,5.496,0.099,0.008,0.250,0,18.879,7.057,0.000,0,408,0,0
9923,22.699,22.699,12.751,9.148,0.411,0.389,1,22.372,7.240,0.000,389,50659,2192,42706
9924,10.651,5.504,5.113,0.097,0.005,0.289,0,19.717,1.168,0.000,0,408,0,0
9925,19.612,19.612,10.498,8.547,0.260,0.307,1,19.717,1.168,0.000,389,50659,2192,42706
9926,13.755,6.664,6.135,0.097,0.004,0.428,0,17.799,1.054,0.000,0,408,0,0
9927,20.412,20.412,12.377,7.243,0.454,0.338,1,17.799,1.054,0.000,389,50659,2814,0
9928,12.961,5.986,5.580,0.100,0.004,0.301,0,19.818,7.753,0.000,0,408,0,0
9929,24.469,24.469,14.416,9.078,0.502,0.473,1,19.818,7.753,0.000,389,50659,2812,0
9930,8.894,6.893,6.436,0.106,0.005,0.345,0,19.113,7.397,0.000,0,408,0,0
9931,21.188,21.188,12.697,7.618,0.505,0.368,1,19.113,7.397,0.000,390,50663,2815,0
9932,12.213,6.052,5.548,0.101,0.005,0.398,0,19.113,7.397,0.000,0,412,0,0
9933,22.276,22.276,12.251,9.305,0.451,0.269,1,22.413,8.078,0.482,390,50663,2112,42706
9934,11.052,5.378,5.058,0.096,0.005,0.219,0,18.849,1.060,0.482,0,412,0,0
9935,19.788,19.788,10.453,8.698,0.251,0.386,1,18.849,1.060,0.000,389,50659,2168,42706
9936,13.576,7.139,6.688,0.097,0.004,0.350,0,18.045,1.159,0.000,0,408,0,0
9937,23.393,23.393,12.957,9.652,0.380,0.404,1,17.126,1.842,0.000,393,55265,2243,42706
9938,9.973,5.729,5.119,0.095,0.005,0.510,0,17.126,1.842,0.000,0,404,0,0
9939,22.849,22.849,13.945,8.013,0.457,0.434,1,17.126,1.842,0.000,393,55405,2889,0
9940,10.520,8.423,7.949,0.099,0.007,0.368,0,20.614,7.998,0.000,0,412,0,0
9941,29.660,29.660,15.122,13.636,0.391,0.511,1,22.489,1.868,0.000,395,55413,2262,42850
9942,6.331,6.331,5.845,0.102,0.008,0.377,0,22.489,1.868,0.000,0,412,0,0
9943,23.709,23.709,13.940,9.080,0.278,0.410,1,22.489,1.868,0.000,395,55413,2256,42994
9944,7.030,5.850,5.343,0.097,0.004,0.406,0,18.245,1.879,0.000,0,412,0,0
9945,23.682,23.682,13.094,9.845,0.394,0.349,1,17.496,1.909,0.000,395,55413,2255,42994
9946,9.685,6.262,5.884,0.099,0.007,0.272,0,17.496,1.909,0.000,0,412,0,0
9947,22.845,22.845,12.918,9.350,0.268,0.308,1,17.496,1.909,0.000,395,55413,2255,42994
9948,10.528,5.703,5.374,0.097,0.005,0.227,0,18.711,1.895,0.000,0,412,0,0
9949,23.679,23.679,12.039,10.900,0.382,0.358,1,17.376,1.801,0.000,395,55413,2255,42994
9950,9.686,6.037,5.621,0.100,0.007,0.309,0,17.376,1.801,0.000,0,412,0,0
9951,21.551,21.551,13.066,7.961,0.274,0.250,1,17.376,1.801,0.000,396,55437,2918,0
9952,11.830,6.489,6.157,0.102,0.008,0.222,0,20.770,8.317,0.000,0,460,0,0
9953,23.629,23.629,13.444,9.464,0.396,0.324,1,20.770,8.317,0.000,396,55485,2269,42994
9954,9.750,5.954,5.620,0.104,0.005,0.225,0,18.598,1.896,0.000,0,508,0,0
9955,23.271,23.271,13.408,9.277,0.356,0.230,1,18.598,1.896,0.000,396,55533,2270,42994
9956,10.067,5.595,5.221,0.098,0.004,0.271,0,17.989,1.864,0.000,0,588,0,0
9957,23.183,23.183,12.982,9.557,0.379,0.264,1,17.989,1.864,0.000,397,55593,2282,42994
9958,10.179,5.647,5.345,0.101,0.005,0.195,0,18.254,1.903,0.000,0,592,0,0
9959,20.719,20.719,11.013,9.013,0.371,0.322,1,18.254,1.903,0.000,397,55593,2279,42994
9960,12.650,5.566,5.231,0.101,0.005,0.229,0,18.735,2.383,0.000,0,592,0,0
9961,20.227,20.227,10.744,8.804,0.347,0.333,1,18.735,2.383,0.000,397,55593,2268,43430
9962,13.139,5.703,5.226,0.100,0.005,0.373,0,19.384,1.730,0.000,0,592,0,0
9963,22.397,22.397,12.535,9.148,0.421,0.292,1,19.384,1.730,0.000,397,55593,2268,43430
9964,10.974,6.151,5.772,0.098,0.006,0.275,0,18.341,1.724,0.000,0,592,0,0
9965,21.009,21.009,11.120,9.158,0.362,0.369,1,18.341,1.724,0.000,397,55593,2283,42994
9966,12.353,5.604,5.230,0.101,0.008,0.264,0,20.480,1.828,0.000,0,592,0,0
9967,20.515,20.515,10.739,9.133,0.337,0.306,1,20.480,1.828,0.000,397,55593,2282,42994
9968,12.854,5.958,5.496,0.102,0.004,0.357,0,19.369,1.817,0.000,0,592,0,0
9969,20.359,20.359,10.722,9.014,0.328,0.295,1,19.369,1.817,0.000,397,55593,2282,42994
9970,13.006,5.567,5.226,0.100,0.005,0.237,0,19.260,1.815,0.000,0,592,0,0
9971,20.414,20.414,10.671,9.012,0.391,0.341,1,19.260,1.815,0.000,397,55593,2282,42994
9972,12.954,5.447,5.126,0.099,0.006,0.216,0,18.789,1.853,0.000,0,592,0,0
9973,20.269,20.269,10.683,9.022,0.336,0.228,1,18.789,1.853,0.000,397,55593,2282,42994
9974,13.102,5.753,5.361,0.100,0.005,0.286,0,18.273,1.716,0.000,0,592,0,0
9975,21.694,21.694,10.736,10.357,0.355,0.245,1,18.273,1.716,0.000,397,55593,2283,42994
9976,11.671,5.268,4.945,0.098,0.005,0.219,0,17.793,1.808,0.000,0,592,0,0
9977,21.837,21.837,10.777,10.386,0.350,0.324,1,16.356,1.708,0.000,397,55593,2282,42994
9978,11.529,5.389,5.028,0.116,0.004,0.241,0,16.356,1.708,0.000,0,592,0,0
9979,21.010,21.010,11.676,8.689,0.411,0.235,1,16.356,1.708,0.000,397,55593,2931,0
9980,12.361,6.085,5.591,0.103,0.005,0.386,0,21.404,8.076,0.000,0,592,0,0
9981,22.598,22.598,11.313,10.618,0.361,0.307,1,21.404,8.076,0.000,397,55593,2282,42994
9982,10.766,6.674,6.304,0.103,0.007,0.261,0,17.238,1.746,0.000,0,592,0,0
9983,19.983,19.983,11.280,7.957,0.413,0.333,1,17.238,1.746,0.000,397,55593,2930,0
9984,13.405,7.168,6.821,0.101,0.008,0.238,0,17.238,1.746,0.000,0,592,0,0
9985,25.274,25.274,13.782,10.197,1.019,0.275,1,17.419,1.664,0.644,397,55593,2188,42994
9986,8.070,6.239,5.799,0.101,0.007,0.332,0,17.419,1.664,0.644,0,592,0,0
9987,21.132,21.132,11.061,9.404,0.291,0.376,1,17.419,1.664,0.000,397,55593,2282,42994
9988,12.233,5.709,5.318,0.102,0.004,0.286,0,20.469,1.873,0.000,0,592,0,0
9989,21.253,21.253,10.838,9.598,0.377,0.441,1,20.469,1.873,0.000,397,55593,2283,42994
9990,12.114,8.571,8.098,0.098,0.004,0.370,0,19.453,1.775,0.000,0,408,0,0
9991,21.987,21.987,11.438,9.767,0.357,0.425,1,19.453,1.775,0.000,401,58518,2326,42990
9992,11.381,5.961,5.360,0.093,0.004,0.505,0,20.408,2.209,0.000,0,400,0,0
9993,23.370,23.370,11.429,11.125,0.380,0.437,1,16.883,2.282,0.000,402,58256,2324,42722
9994,9.996,5.846,5.274,0.092,0.005,0.475,0,16.883,2.282,0.000,0,392,0,0
9995,21.524,21.524,12.448,8.385,0.314,0.376,1,16.883,2.282,0.000,398,53789,2910,0
9996,11.857,6.023,5.596,0.096,0.005,0.327,0,21.663,7.730,0.000,0,392,0,0
9997,25.289,25.289,13.303,11.168,0.401,0.418,1,17.171,1.917,0.000,402,55628,2321,42748
9998,8.066,6.402,5.982,0.093,0.007,0.320,0,17.171,1.917,0.000,0,384,0,0
9999,23.268,23.268,13.389,8.428,0.406,1.045,1,17.171,1.917,0.000,413,55880,3084,0
10000,10.103,6.261,5.668,0.092,0.005,0.496,0,17.171,1.917,0.000,0,384,0,0
10001,27.803,27.803,14.744,12.255,0.398,0.405,1,19.501,2.180,0.705,423,59026,2418,42862
10002,6.201,6.201,5.749,0.103,0.004,0.345,0,19.501,2.180,0.705,0,376,0,0
10003,26.875,26.875,14.866,11.179,0.254,0.576,1,19.338,2.324,0.000,426,59277,2526,43067
10004,6.441,6.441,5.991,0.088,0.004,0.358,0,19.338,2.324,0.000,0,376,0,0
10005,25.578,25.578,14.177,10.662,0.333,0.407,1,18.651,2.208,0.000,425,59272,2528,43858
10006,7.195,6.784,6.148,0.090,0.007,0.538,0,18.651,2.208,0.000,0,368,0,0
10007,26.692,26.692,13.020,12.933,0.372,0.368,1,18.651,2.208,0.000,431,64103,2601,43861
10008,6.673,6.472,6.065,0.087,0.006,0.314,0,21.472,2.953,0.000,0,368,0,0
10009,25.087,25.087,13.341,11.029,0.265,0.452,1,18.116,2.661,0.000,426,61763,2557,43857
10010,8.280,6.221,5.852,0.087,0.004,0.278,0,18.116,2.661,0.000,0,364,0,0
10011,23.360,23.360,11.936,10.498,0.598,0.328,1,18.116,2.661,0.000,423,61707,2575,43801
10012,10.009,6.488,5.857,0.089,0.005,0.537,0,20.946,2.712,0.000,0,352,0,0
10013,24.070,24.070,12.578,10.638,0.383,0.471,1,20.946,2.712,0.000,419,61691,2558,43797
10014,9.618,6.292,5.786,0.084,0.004,0.418,0,20.537,2.562,0.000,0,352,0,0
10015,24.382,24.382,12.540,10.830,0.436,0.576,1,20.537,2.562,0.000,417,61639,2555,43681
10016,8.675,6.051,5.535,0.086,0.006,0.425,0,21.096,2.750,0.000,0,344,0,0
10017,23.026,23.026,12.232,9.964,0.368,0.462,1,21.096,2.750,0.000,413,61607,2553,43225
10018,10.338,7.920,7.269,0.082,0.005,0.563,0,19.297,2.883,0.000,0,340,0,0
10019,26.677,26.677,15.347,10.467,0.391,0.473,1,18.548,2.960,0.000,413,61607,2554,43225
10020,6.678,6.496,5.923,0.100,0.007,0.467,0,18.548,2.960,0.000,0,340,0,0
10021,27.465,27.465,15.312,11.137,0.417,0.599,1,18.512,2.863,0.000,413,61607,2553,43225
10022,5.899,5.846,5.367,0.082,0.005,0.393,0,18.512,2.863,0.000,0,340,0,0
10023,26.026,26.026,14.939,10.418,0.269,0.401,1,18.512,2.863,0.000,413,61607,2553,43225
10024,7.340,6.290,5.740,0.082,0.005,0.464,0,19.327,3.578,0.000,0,340,0,0
10025,26.306,26.306,14.842,10.646,0.347,0.470,1,19.327,3.578,0.000,413,61607,2555,43225
10026,7.062,6.059,5.550,0.083,0.005,0.421,0,18.494,3.403,0.000,0,340,0,0
10027,26.289,26.289,15.452,9.944,0.325,0.567,1,18.494,3.403,0.000,413,61607,2553,43225
10028,7.077,5.910,5.405,0.081,0.005,0.418,0,19.033,2.774,0.000,0,340,0,0
10029,25.465,25.465,14.522,10.181,0.322,0.440,1,19.033,2.774,0.000,413,61607,2555,43225
10030,7.907,6.176,5.533,0.082,0.005,0.555,0,18.197,2.910,0.000,0,340,0,0
10031,25.623,25.623,14.978,9.822,0.368,0.454,1,18.197,2.910,0.000,413,61607,2556,43225
10032,7.738,5.872,5.366,0.083,0.005,0.418,0,18.989,2.831,0.000,0,340,0,0
10033,25.441,25.441,14.720,9.767,0.407,0.547,1,18.989,2.831,0.000,413,61607,2555,43225
10034,7.929,5.743,5.332,0.082,0.004,0.325,0,18.039,3.590,0.000,0,340,0,0
10035,24.182,24.182,12.307,11.113,0.407,0.355,1,18.039,3.590,0.000,413,61607,2555,43225
10036,9.189,6.835,6.297,0.081,0.005,0.452,0,20.667,2.885,0.000,0,340,0,0
10037,24.026,24.026,12.782,10.542,0.379,0.322,1,20.667,2.885,0.000,413,61607,2556,43225
10038,9.338,6.697,6.219,0.083,0.005,0.390,0,19.791,2.822,0.000,0,340,0,0
10039,24.211,24.211,12.453,10.713,0.407,0.638,1,19.791,2.822,0.000,413,61607,2555,43225
10040,9.154,5.888,5.443,0.081,0.004,0.360,0,20.829,2.739,0.000,0,340,0,0
10041,22.435,22.435,11.656,10.051,0.250,0.479,1,20.829,2.739,0.000,413,61607,2555,43225
10042,10.937,5.957,5.411,0.083,0.006,0.457,0,20.992,2.723,0.000,0,340,0,0
10043,23.626,23.626,12.264,10.617,0.366,0.378,1,20.992,2.723,0.000,413,61607,2555,43225
10044,9.738,5.727,5.314,0.080,0.005,0.329,0,19.881,2.804,0.000,0,340,0,0
10045,23.690,23.690,12.751,10.180,0.315,0.444,1,19.881,2.804,0.000,413,61607,2556,43225
10046,9.680,5.625,5.243,0.081,0.005,0.296,0,19.855,2.799,0.000,0,340,0,0
10047,23.411,23.411,12.240,9.916,0.376,0.880,1,19.855,2.799,0.000,413,61607,2555,43225
10048,9.949,5.889,5.407,0.082,0.006,0.394,0,19.128,2.798,0.000,0,340,0,0
10049,22.603,22.603,11.953,10.004,0.494,0.152,1,19.128,2.798,0.000,413,61607,2555,43225
10050,10.771,8.813,8.590,0.092,0.011,0.119,0,20.323,3.466,0.000,0,340,0,0
10051,27.276,27.276,14.043,12.650,0.446,0.136,1,20.323,3.466,0.000,413,61607,2556,43225
10052,6.639,6.639,6.466,0.083,0.006,0.084,0,20.323,3.466,0.000,0,340,0,0
10053,23.150,23.150,12.709,9.973,0.371,0.098,1,19.462,8.546,0.000,413,61607,2541,43225
10054,9.664,5.752,5.576,0.081,0.005,0.090,0,18.123,2.844,0.000,0,340,0,0
10055,22.302,22.302,12.040,9.827,0.340,0.095,1,18.123,2.844,0.000,414,62207,2553,43225
10056,11.067,5.772,5.617,0.084,0.005,0.065,0,18.273,3.380,0.000,0,340,0,0
10057,22.842,22.842,11.971,10.317,0.464,0.090,1,18.273,3.380,0.000,414,62207,2554,43225
10058,10.525,5.569,5.429,0.082,0.005,0.054,0,18.836,2.846,0.000,0,340,0,0
10059,22.699,22.699,11.592,10.482,0.540,0.085,1,18.836,2.846,0.000,414,62207,2537,43725
10060,10.669,6.489,6.289,0.090,0.007,0.104,0,19.803,2.712,0.000,0,340,0,0
10061,23.831,23.831,12.421,10.872,0.414,0.123,1,19.803,2.712,0.000,414,62207,2537,43725
10062,9.545,5.416,5.277,0.082,0.004,0.053,0,19.087,2.819,0.000,0,340,0,0
10063,23.696,23.696,12.875,10.266,0.464,0.092,1,19.087,2.819,0.000,414,62207,2538,43725
10064,9.658,5.709,5.564,0.083,0.005,0.058,0,20.346,3.416,0.000,0,340,0,0
10065,22.001,22.001,11.390,10.142,0.384,0.085,1,20.346,3.416,0.000,414,62207,2537,43725
10066,11.368,5.580,5.422,0.084,0.004,0.069,0,19.627,2.739,0.000,0,340,0,0
10067,21.973,21.973,11.182,10.210,0.504,0.076,1,19.627,2.739,0.000,414,62207,2553,43225
10068,11.389,5.763,5.600,0.083,0.009,0.070,0,18.877,2.855,0.000,0,340,0,0
10069,21.671,21.671,11.348,9.905,0.341,0.078,1,18.877,2.855,0.000,414,62207,2553,43225
10070,11.704,5.667,5.487,0.118,0.005,0.057,0,19.708,2.964,0.000,0,340,1,0
10071,23.110,23.110,11.999,10.539,0.498,0.074,1,19.708,2.964,0.000,414,62207,2553,43225
10072,10.256,5.516,5.365,0.081,0.004,0.067,0,18.986,2.826,0.000,0,340,0,0
10073,25.501,25.501,12.657,12.405,0.363,0.077,1,18.986,2.826,0.000,414,62207,2553,43225
10074,7.858,6.309,6.149,0.085,0.007,0.069,0,19.698,2.961,0.000,0,340,0,0
10075,23.545,23.545,12.509,10.696,0.254,0.087,1,19.698,2.961,0.000,414,62207,2553,43225
10076,9.886,5.864,5.718,0.082,0.004,0.059,0,18.994,3.079,0.000,0,340,0,0
10077,23.978,23.978,13.069,10.424,0.393,0.092,1,18.994,3.079,0.000,414,62207,2554,43225
10078,9.331,6.723,6.502,0.098,0.007,0.115,0,20.504,2.939,0.000,0,340,0,0
10079,22.798,22.798,12.248,9.999,0.464,0.086,1,20.504,2.939,0.000,414,62207,2553,43225
10080,10.569,5.938,5.800,0.081,0.004,0.053,0,19.371,3.540,0.000,0,340,0,0
10081,34.013,34.013,15.355,18.152,0.428,0.078,1,19.371,3.540,0.000,416,62215,2594,43225
10082,6.235,6.235,6.079,0.087,0.005,0.063,0,28.633,3.526,0.000,0,348,0,0
10083,22.790,22.790,12.181,10.234,0.301,0.074,1,28.633,3.526,0.000,416,62215,2590,43225
10084,5.740,5.740,5.577,0.086,0.005,0.072,0,20.035,2.948,0.000,0,348,0,0
10085,22.742,22.742,12.059,10.099,0.506,0.079,1,20.035,2.948,0.000,416,62215,2589,43225
10086,8.581,5.950,5.734,0.084,0.004,0.128,0,20.013,2.901,0.000,0,348,0,0
10087,22.369,22.369,11.735,10.022,0.246,0.367,1,20.013,2.901,0.000,416,62215,2589,43225
10088,10.994,7.201,6.837,0.084,0.007,0.274,0,18.989,3.452,0.000,0,348,0,0
10089,25.280,25.280,12.739,11.828,0.403,0.310,1,18.989,3.452,0.000,416,62215,2590,43225
10090,8.086,5.892,5.442,0.084,0.005,0.361,0,20.929,2.955,0.000,0,348,0,0
10091,22.126,22.126,11.594,9.991,0.251,0.290,1,20.929,2.955,0.000,416,62215,2589,43225
10092,11.243,5.994,5.515,0.085,0.005,0.390,0,20.904,2.860,0.000,0,348,0,0
10093,22.650,22.650,11.964,9.881,0.416,0.389,1,20.904,2.860,0.000,416,62215,2588,43225
10094,10.714,5.787,5.361,0.083,0.009,0.334,0,21.174,2.854,0.000,0,348,0,0
10095,22.069,22.069,11.301,9.953,0.336,0.480,1,21.174,2.854,0.000,416,62215,2589,43225
10096,11.301,5.779,5.362,0.085,0.005,0.328,0,22.228,3.005,0.000,0,348,0,0
10097,22.661,22.661,11.882,9.966,0.513,0.300,1,22.228,3.005,0.000,416,62215,2588,43225
10098,10.703,5.858,5.403,0.084,0.005,0.366,0,20.856,2.963,0.000,0,348,0,0
10099,22.284,22.284,11.625,9.892,0.388,0.380,1,20.856,2.963,0.000,416,62215,2588,43225
10100,11.082,6.070,5.664,0.085,0.006,0.316,0,21.205,2.964,0.000,0,348,0,0
10101,23.134,23.134,12.185,10.283,0.334,0.331,1,21.205,2.964,0.000,416,62215,2588,43225
10102,10.232,6.243,5.875,0.086,0.005,0.276,0,21.008,3.519,0.000,0,372,0,0
10103,22.001,22.001,11.419,9.877,0.407,0.298,1,21.008,3.519,0.000,417,62263,2589,43725
10104,11.368,5.846,5.373,0.089,0.006,0.378,0,20.224,3.381,0.000,0,420,0,0
10105,23.807,23.807,11.709,11.369,0.392,0.337,1,20.224,3.381,0.000,417,62311,2588,43725
10106,9.559,5.798,5.387,0.085,0.004,0.322,0,20.034,2.693,0.000,0,468,0,0
10107,24.239,24.239,13.712,9.859,0.256,0.413,1,20.034,2.693,0.000,417,62359,2588,43725
10108,9.129,6.386,5.953,0.094,0.007,0.332,0,18.889,2.960,0.000,0,516,0,0
10109,25.323,25.323,13.596,11.056,0.343,0.328,1,18.889,2.960,0.000,417,62407,2589,43725
10110,8.053,6.076,5.639,0.086,0.005,0.347,0,20.471,2.972,0.000,0,564,0,0
10111,25.300,25.300,14.384,10.255,0.365,0.296,1,20.471,2.972,0.000,417,62455,2588,43725
10112,8.051,6.420,5.975,0.085,0.006,0.355,0,19.802,3.477,0.000,0,612,0,0
10113,24.600,24.600,12.997,10.561,0.458,0.584,1,19.802,3.477,0.000,417,62503,2588,43725
10114,8.772,6.254,5.735,0.087,0.006,0.426,0,22.587,3.456,0.000,0,660,0,0
10115,22.520,22.520,11.695,10.008,0.272,0.545,1,22.587,3.456,0.000,417,62551,2589,43725
10116,10.850,6.277,5.628,0.086,0.005,0.559,0,22.251,2.870,0.000,0,708,0,0
10117,22.588,22.588,11.624,10.013,0.355,0.595,1,22.251,2.870,0.000,417,62599,2604,43225
10118,10.775,6.336,5.791,0.086,0.004,0.456,0,21.880,2.992,0.000,0,756,0,0
10119,26.464,26.464,14.131,11.286,0.418,0.628,1,19.243,2.829,0.000,417,62647,2604,43225
10120,6.901,6.730,6.190,0.089,0.007,0.444,0,19.243,2.829,0.000,0,804,0,0
10121,23.813,23.813,12.382,10.514,0.392,0.524,1,19.243,2.829,0.000,417,62927,2605,43225
10122,9.557,6.357,5.698,0.088,0.005,0.566,0,22.177,2.868,0.000,0,1064,0,0
10123,24.410,24.410,12.616,11.003,0.376,0.414,1,22.177,2.868,0.000,418,62931,2612,43225
10124,8.954,6.736,6.237,0.093,0.007,0.398,0,20.474,2.922,0.000,0,1064,0,0
10125,24.637,24.637,12.859,10.807,0.379,0.592,1,20.474,2.922,0.000,418,62931,2613,43225
10126,8.755,6.297,5.780,0.085,0.004,0.428,0,21.513,2.884,0.000,0,1064,0,0
10127,25.172,25.172,13.199,11.201,0.356,0.415,1,21.513,2.884,0.000,418,62931,2614,43225
10128,8.168,6.401,5.769,0.087,0.004,0.541,0,20.615,2.825,0.000,0,1064,0,0
10129,27.576,27.576,15.136,11.679,0.349,0.412,1,19.450,3.033,0.000,418,62931,2613,43225
10130,6.672,6.672,6.186,0.089,0.007,0.390,0,19.450,3.033,0.000,0,1064,0,0
10131,26.825,26.825,15.713,10.248,0.280,0.584,1,18.794,2.997,0.000,418,62931,2613,43225
10132,6.798,6.798,6.292,0.089,0.007,0.410,0,18.794,2.997,0.000,0,1064,0,0
10133,27.051,27.051,14.977,11.293,0.345,0.436,1,18.776,2.844,0.000,418,62931,2614,43225
10134,7.168,7.168,6.532,0.088,0.008,0.540,0,18.776,2.844,0.000,0,1064,0,0
10135,28.368,28.368,15.195,12.374,0.397,0.401,1,19.243,3.244,0.000,418,62931,2613,43225
10136,6.666,6.666,6.169,0.089,0.007,0.402,0,19.243,3.244,0.000,0,1064,0,0
10137,26.446,26.446,14.472,11.106,0.325,0.544,1,18.269,2.840,0.000,417,62331,2601,43225
10138,7.594,7.594,7.003,0.091,0.009,0.491,0,18.269,2.840,0.000,0,1064,0,0
10139,27.370,27.370,15.199,11.369,0.380,0.422,1,18.675,2.864,0.000,417,62331,2602,43225
10140,7.238,7.238,6.659,0.086,0.005,0.488,0,18.675,2.864,0.000,0,1064,0,0
10141,25.236,25.236,13.487,10.909,0.417,0.423,1,18.675,2.864,0.000,417,62331,2601,43225
10142,7.660,7.660,7.175,0.089,0.008,0.387,0,20.791,2.786,0.000,0,1064,0,0
10143,26.634,26.634,15.267,10.373,0.297,0.698,1,20.791,2.786,0.000,417,62331,2601,43225
10144,6.416,6.416,5.909,0.086,0.005,0.416,0,18.997,3.425,0.000,0,1064,0,0
10145,26.300,26.300,15.413,10.034,0.476,0.377,1,18.997,3.425,0.000,417,62331,2602,43225
10146,6.550,6.550,6.025,0.086,0.006,0.433,0,19.278,2.950,0.000,0,1064,0,0
10147,27.103,27.103,15.100,11.284,0.355,0.365,1,19.107,2.838,0.000,417,62331,2601,43225
10148,6.695,6.695,6.249,0.087,0.007,0.353,0,19.107,2.838,0.000,0,1064,0,0
10149,26.043,26.043,14.514,10.725,0.362,0.442,1,18.265,2.795,0.000,417,62331,2601,43225
10150,6.994,6.994,6.485,0.087,0.007,0.414,0,18.265,2.795,0.000,0,1064,0,0
10151,25.731,25.731,13.541,10.813,0.379,0.999,1,18.265,2.795,0.000,418,62331,2604,43225
10152,6.757,6.757,6.175,0.087,0.004,0.490,0,20.698,2.887,0.000,0,1064,0,0
10153,26.533,26.533,14.331,11.344,0.435,0.422,1,17.882,2.828,0.000,417,62331,2601,43225
10154,6.924,6.924,6.379,0.089,0.007,0.449,0,17.882,2.828,0.000,0,1064,0,0
10155,25.833,25.833,14.392,10.570,0.327,0.544,1,18.145,2.695,0.000,415,61615,2577,43225
10156,6.562,6.562,6.072,0.087,0.007,0.396,0,18.145,2.695,0.000,0,348,0,0
10157,25.839,25.839,13.610,11.436,0.374,0.420,1,18.104,2.737,0.000,415,61615,2574,43225
10158,6.652,6.652,6.096,0.086,0.007,0.463,0,18.104,2.737,0.000,0,348,0,0
10159,25.965,25.965,14.221,11.090,0.251,0.404,1,18.244,2.790,0.000,415,61615,2562,43725
10160,6.448,6.448,5.993,0.086,0.007,0.362,0,18.244,2.790,0.000,0,348,0,0
10161,26.632,26.632,15.925,9.895,0.373,0.439,1,18.595,2.642,0.000,415,61615,2561,43725
10162,5.977,5.977,5.571,0.084,0.006,0.316,0,18.595,2.642,0.000,0,348,0,0
10163,27.062,27.062,15.607,10.664,0.395,0.395,1,18.853,2.972,0.000,415,61615,2577,43225
10164,6.586,6.586,5.946,0.085,0.007,0.548,0,18.853,2.972,0.000,0,348,0,0
10165,26.537,26.537,15.247,10.579,0.323,0.387,1,18.853,2.972,0.000,415,61615,2578,43225
10166,6.523,6.015,5.566,0.085,0.005,0.359,0,18.309,3.235,0.000,0,348,0,0
10167,25.913,25.913,15.070,10.042,0.271,0.530,1,18.309,3.235,0.000,415,61615,2577,43225
10168,7.452,6.012,5.540,0.083,0.005,0.384,0,19.221,2.712,0.000,0,348,0,0
10169,25.115,25.115,14.216,10.096,0.363,0.440,1,19.221,2.712,0.000,415,61615,2577,43225
10170,8.252,6.176,5.527,0.085,0.004,0.559,0,18.767,2.795,0.000,0,348,0,0
10171,25.118,25.118,13.785,10.385,0.531,0.417,1,18.767,2.795,0.000,414,61611,2567,43225
10172,8.247,7.679,7.175,0.083,0.009,0.412,0,20.456,2.797,0.000,0,344,0,0
10173,25.889,25.889,14.816,10.168,0.296,0.609,1,20.456,2.797,0.000,414,61611,2566,43225
10174,7.480,5.905,5.472,0.081,0.005,0.346,0,19.042,2.920,0.000,0,344,0,0
10175,25.040,25.040,14.276,9.895,0.502,0.367,1,19.042,2.920,0.000,414,61611,2566,43225
10176,8.327,6.216,5.624,0.100,0.005,0.486,0,19.163,2.768,0.000,0,344,0,0
10177,24.298,24.298,12.989,10.329,0.597,0.382,1,19.163,2.768,0.000,414,61611,2567,43225
10178,9.069,5.885,5.495,0.083,0.005,0.301,0,21.577,3.524,0.000,0,344,0,0
10179,22.081,22.081,11.415,9.921,0.291,0.454,1,21.577,3.524,0.000,414,61611,2566,43225
10180,11.288,6.130,5.677,0.084,0.005,0.363,0,20.643,3.408,0.000,0,344,0,0
10181,21.906,21.906,11.385,9.804,0.350,0.366,1,20.643,3.408,0.000,414,61611,2566,43225
10182,11.461,6.184,5.629,0.084,0.006,0.465,0,20.786,2.818,0.000,0,344,0,0
10183,37.261,37.261,17.996,18.402,0.402,0.460,1,20.786,2.818,0.000,416,61619,2591,43225
10184,6.253,6.253,5.793,0.084,0.004,0.372,0,27.126,3.319,0.000,0,352,0,0
10185,6.861,6.861,6.211,0.088,0.008,0.553,0,27.126,3.319,0.000,0,352,0,0
10186,25.534,25.534,14.345,10.267,0.515,0.408,1,27.126,3.319,0.000,416,61619,2585,43225
10187,7.506,5.957,5.557,0.084,0.005,0.311,0,19.810,2.891,0.000,0,352,0,0
10188,25.777,25.777,14.649,10.309,0.343,0.476,1,19.810,2.891,0.000,416,61619,2585,43225
10189,7.589,6.101,5.610,0.084,0.005,0.402,0,18.285,3.431,0.000,0,352,0,0
10190,25.788,25.788,12.629,12.427,0.356,0.376,1,18.285,3.431,0.000,416,61619,2585,43225
10191,7.581,6.060,5.556,0.083,0.006,0.415,0,20.954,2.963,0.000,0,352,0,0
10192,26.224,26.224,13.328,12.183,0.346,0.368,1,18.919,3.001,0.000,416,61619,2586,43225
10193,7.142,6.546,5.977,0.088,0.007,0.474,0,18.919,3.001,0.000,0,352,0,0
10194,25.330,25.330,14.071,10.521,0.263,0.476,1,18.264,2.772,0.000,416,61619,2585,43225
10195,8.049,6.649,6.157,0.087,0.007,0.397,0,18.264,2.772,0.000,0,352,0,0
10196,25.017,25.017,12.750,11.476,0.336,0.455,1,18.264,2.772,0.000,416,61619,2585,43225
10197,8.347,5.697,5.305,0.084,0.006,0.302,0,20.996,2.722,0.000,0,352,0,0
10198,31.688,31.688,13.060,17.858,0.437,0.333,1,20.314,2.779,0.000,417,61623,2595,43225
10199,6.778,6.778,6.334,0.086,0.006,0.352,0,20.314,2.779,0.000,0,356,0,0
10200,22.777,22.777,11.873,10.318,0.275,0.311,1,20.314,2.779,0.000,417,61623,2594,43225
10201,5.972,5.972,5.644,0.085,0.004,0.239,0,20.855,2.785,0.000,0,356,0,0
10202,28.211,28.211,17.341,9.886,0.462,0.522,1,20.855,2.785,0.000,417,61623,2578,43725
10203,7.392,7.392,7.010,0.090,0.007,0.285,0,26.138,2.956,0.000,0,356,0,0
10204,34.630,34.630,17.646,16.285,0.402,0.298,1,23.131,3.114,0.000,426,63427,2688,43725
10205,8.154,8.154,7.668,0.092,0.005,0.389,0,23.131,3.114,0.000,0,1776,0,0
10206,6.099,6.099,5.690,0.091,0.004,0.313,0,23.131,3.114,0.000,0,1776,0,0
10207,36.810,36.810,18.441,17.606,0.427,0.336,1,21.568,2.947,0.000,426,63427,2684,44109
10208,6.900,6.900,6.324,0.092,0.005,0.480,0,21.568,2.947,0.000,0,1776,0,0
10209,5.870,5.870,5.459,0.091,0.004,0.316,0,21.568,2.947,0.000,0,1776,0,0
10210,22.617,22.617,12.800,8.984,0.484,0.349,1,21.568,2.947,0.000,426,63427,3385,0
10211,9.671,6.972,6.464,0.096,0.006,0.405,0,21.568,2.947,0.000,0,1776,0,0
10212,16.668,10.504,10.112,0.092,0.005,0.294,0,24.733,10.161,0.000,0,1776,0,0
10213,25.599,25.599,13.959,10.942,0.439,0.258,1,24.733,10.161,0.602,426,63427,2614,43609
10214,7.767,6.772,6.344,0.095,0.004,0.329,0,20.054,2.623,0.602,0,1776,0,0
10215,26.397,26.397,15.098,10.366,0.435,0.497,1,20.054,2.623,0.000,426,63427,2701,43609
10216,6.971,6.573,6.164,0.105,0.005,0.299,0,19.520,3.367,0.000,0,1776,0,0
10217,26.531,26.531,15.400,10.254,0.492,0.385,1,19.520,3.367,0.000,426,63427,2700,43609
10218,6.835,6.525,6.164,0.093,0.005,0.265,0,19.824,2.780,0.000,0,1776,0,0
10219,25.465,25.465,13.776,10.986,0.414,0.289,1,19.824,2.780,0.000,426,63427,2700,43609
10220,7.907,7.780,7.315,0.094,0.006,0.364,0,22.044,2.804,0.000,0,1776,0,0
10221,26.763,26.763,14.640,11.396,0.386,0.341,1,22.044,2.804,0.000,426,63427,2701,43609
10222,6.845,6.845,6.435,0.092,0.006,0.313,0,22.194,2.830,0.000,0,1776,0,0
10223,26.087,26.087,14.514,10.743,0.384,0.446,1,22.194,2.830,0.000,426,63427,2700,43609
10224,7.035,6.695,6.243,0.093,0.005,0.353,0,21.247,2.842,0.000,0,1776,0,0
10225,27.656,27.656,15.402,10.981,0.919,0.355,1,19.539,3.009,0.000,426,63427,2700,43609
10226,7.095,7.095,6.575,0.096,0.007,0.416,0,19.539,3.009,0.000,0,1776,0,0
10227,27.023,27.023,16.070,10.330,0.305,0.318,1,18.916,2.904,0.000,427,63427,2703,43609
10228,7.172,7.172,6.704,0.094,0.006,0.368,0,18.916,2.904,0.000,0,1776,0,0
10229,27.027,27.027,15.206,11.005,0.346,0.470,1,19.067,2.926,0.000,426,63427,2700,43609
10230,7.148,7.148,6.700,0.094,0.007,0.347,0,19.067,2.926,0.000,0,1776,0,0
10231,37.744,37.744,15.497,20.977,0.888,0.383,1,21.745,3.039,0.000,426,63187,2706,43225
10232,9.004,9.004,8.458,0.098,0.006,0.442,0,21.745,3.039,0.000,0,1616,0,0
10233,6.780,6.780,6.346,0.092,0.005,0.336,0,21.745,3.039,0.000,0,1616,0,0
10234,22.836,22.836,12.845,9.005,0.537,0.449,1,21.745,3.039,0.000,426,63187,3384,0
10235,7.379,7.379,6.797,0.099,0.006,0.478,0,21.745,3.039,0.000,0,1616,0,0
10236,14.259,14.259,13.809,0.103,0.012,0.335,0,26.021,9.864,0.000,0,1616,0,0
10237,31.999,31.999,14.077,17.157,0.431,0.333,1,26.021,9.864,0.000,426,63187,2700,43481
10238,8.073,8.073,7.548,0.094,0.007,0.424,0,21.571,2.818,0.000,0,1616,0,0
10239,23.436,23.436,13.836,8.892,0.322,0.386,1,21.571,2.818,0.000,426,63187,3383,0
10240,9.754,9.754,9.259,0.097,0.008,0.390,0,21.571,2.818,0.000,0,1616,0,0
10241,11.366,11.366,10.759,0.095,0.007,0.504,0,26.158,9.200,0.000,0,1616,0,0
10242,27.511,27.511,15.317,11.392,0.419,0.384,1,26.158,9.200,0.699,426,63187,2600,43529
10243,6.543,6.543,6.107,0.093,0.005,0.338,0,20.306,2.482,0.699,0,1616,0,0
10244,27.103,27.103,15.738,10.458,0.356,0.552,1,20.306,2.482,0.000,426,63187,2699,43529
10245,6.485,6.485,6.075,0.092,0.005,0.313,0,19.336,3.496,0.000,0,1616,0,0
10246,26.301,26.301,15.001,10.469,0.505,0.326,1,19.336,3.496,0.000,426,63187,2698,43529
10247,6.883,6.883,6.300,0.093,0.006,0.484,0,19.984,2.773,0.000,0,1616,0,0
10248,26.408,26.408,15.257,10.297,0.506,0.348,1,19.984,2.773,0.000,426,63187,2698,43529
10249,6.559,6.559,6.093,0.091,0.005,0.369,0,19.911,2.765,0.000,0,1616,0,0
10250,27.415,27.415,16.146,10.396,0.370,0.504,1,19.911,2.765,0.000,426,63187,2699,43529
10251,6.456,6.456,6.013,0.093,0.005,0.345,0,19.170,3.422,0.000,0,1616,0,0
10252,27.394,27.394,14.092,12.528,0.353,0.421,1,19.170,3.422,0.000,426,63187,2698,43529
10253,6.987,6.987,6.342,0.093,0.005,0.548,0,21.739,2.928,0.000,0,1616,0,0
10254,26.173,26.173,13.718,11.013,0.406,1.037,1,21.739,2.928,0.000,426,63187,2698,43529
10255,7.302,7.302,6.842,0.101,0.005,0.355,0,21.048,2.751,0.000,0,1616,0,0
10256,28.227,28.227,15.808,11.525,0.390,0.504,1,21.048,2.751,0.000,426,63187,2696,43529
10257,6.583,6.583,6.119,0.107,0.005,0.353,0,20.730,2.929,0.000,0,1616,0,0
10258,27.245,27.245,15.531,10.993,0.347,0.373,1,18.907,2.565,0.000,426,63187,2682,44029
10259,8.343,8.343,7.749,0.098,0.008,0.488,0,18.907,2.565,0.000,0,1616,0,0
10260,27.311,27.311,14.621,11.186,1.015,0.490,1,19.334,2.738,0.000,426,63187,2682,44029
10261,6.398,6.398,5.954,0.093,0.005,0.346,0,19.334,2.738,0.000,0,1616,0,0
10262,24.904,24.904,12.890,10.967,0.348,0.700,1,19.334,2.738,0.000,426,63187,2699,43529
10263,8.755,8.755,8.292,0.096,0.007,0.359,0,20.771,2.789,0.000,0,1616,0,0
10264,8.296,6.260,5.867,0.092,0.006,0.295,0,20.771,2.789,0.000,0,1616,0,0
10265,24.142,24.142,12.847,10.496,0.388,0.411,1,20.771,2.789,0.000,426,63187,2698,43529
10266,9.229,6.932,6.388,0.093,0.005,0.446,0,22.597,2.755,0.000,0,1616,0,0
10267,25.148,25.148,13.104,11.236,0.346,0.462,1,22.597,2.755,0.000,426,63187,2698,43529
10268,8.217,6.578,5.929,0.093,0.005,0.551,0,21.218,2.798,0.000,0,1616,0,0
10269,26.540,26.540,14.523,11.105,0.414,0.498,1,21.218,2.798,0.000,426,63187,2699,43529
10270,7.493,7.493,6.916,0.102,0.007,0.468,0,23.667,2.877,0.000,0,1616,0,0
10271,26.418,26.418,14.803,10.589,0.399,0.628,1,23.667,2.877,0.000,426,63187,2698,43529
10272,7.357,7.357,6.818,0.093,0.005,0.442,0,23.017,3.518,0.000,0,1616,0,0
10273,26.131,26.131,13.790,10.851,0.928,0.562,1,23.017,3.518,0.000,426,63187,2698,43529
10274,7.722,7.722,7.056,0.095,0.007,0.564,0,22.165,2.885,0.000,0,1616,0,0
10275,27.359,27.359,15.722,10.807,0.399,0.431,1,22.165,2.885,0.000,426,63187,2699,43529
10276,6.602,6.602,6.116,0.092,0.005,0.390,0,20.236,2.921,0.000,0,1616,0,0
10277,26.994,26.994,15.091,11.001,0.409,0.493,1,18.668,2.824,0.000,426,63187,2698,43529
10278,6.442,6.442,5.973,0.094,0.006,0.370,0,18.668,2.824,0.000,0,1616,0,0
10279,25.625,25.625,12.764,11.881,0.350,0.630,1,18.668,2.824,0.000,426,63187,2698,43529
10280,7.151,7.151,6.627,0.093,0.004,0.427,0,21.266,2.891,0.000,0,1616,0,0
10281,25.071,25.071,13.044,11.297,0.408,0.323,1,21.266,2.891,0.000,426,63187,2699,43529
10282,6.658,6.430,6.037,0.093,0.004,0.296,0,20.395,2.937,0.000,0,1616,0,0
10283,23.250,23.250,12.238,10.178,0.337,0.497,1,20.395,2.937,0.000,426,63187,2698,43529
10284,10.121,6.541,6.103,0.094,0.005,0.340,0,22.230,2.841,0.000,0,1616,0,0
10285,23.613,23.613,12.351,10.480,0.388,0.394,1,22.230,2.841,0.000,426,63187,2698,43529
10286,9.755,6.703,6.137,0.095,0.004,0.466,0,21.821,2.815,0.000,0,1612,0,0
10287,23.154,23.154,12.244,10.191,0.359,0.360,1,21.821,2.815,0.000,425,63183,2691,43529
10288,10.212,6.259,5.820,0.085,0.005,0.349,0,21.544,2.813,0.000,0,664,0,0
10289,22.660,22.660,11.699,9.978,0.513,0.470,1,21.544,2.813,0.000,417,62235,2615,43529
10290,10.705,6.006,5.602,0.096,0.005,0.303,0,21.586,2.875,0.000,0,664,0,0
10291,22.526,22.526,11.612,10.256,0.329,0.328,1,21.586,2.875,0.000,417,62235,2615,43529
10292,10.834,6.632,6.003,0.086,0.005,0.539,0,21.719,2.802,0.000,0,664,0,0
10293,22.476,22.476,11.666,10.085,0.386,0.339,1,21.719,2.802,0.000,417,62235,2616,43529
10294,10.900,6.044,5.536,0.083,0.006,0.419,0,20.281,3.377,0.000,0,664,0,0
10295,24.137,24.137,11.997,11.394,0.360,0.385,1,20.281,3.377,0.000,417,62235,2615,43529
10296,9.228,5.864,5.409,0.096,0.005,0.355,0,20.281,2.769,0.000,0,664,0,0
10297,24.675,24.675,12.834,11.016,0.340,0.485,1,20.281,2.769,0.000,417,62235,2615,43529
10298,8.691,5.966,5.510,0.084,0.005,0.366,0,20.876,2.668,0.000,0,664,0,0
10299,23.897,23.897,13.064,10.155,0.343,0.335,1,20.876,2.668,0.000,417,62235,2616,43529
10300,9.479,6.000,5.453,0.086,0.005,0.456,0,19.982,2.757,0.000,0,664,0,0
10301,26.685,26.685,15.407,10.478,0.442,0.358,1,19.982,2.757,0.000,417,62235,2599,44029
10302,6.671,6.612,6.224,0.083,0.007,0.298,0,19.807,3.354,0.000,0,664,0,0
10303,29.600,29.600,18.798,10.018,0.382,0.401,1,19.807,3.354,0.000,414,61907,2566,44029
10304,6.013,6.013,5.648,0.082,0.005,0.279,0,19.232,2.805,0.000,0,336,0,0
10305,25.616,25.616,13.803,11.026,0.439,0.347,1,19.232,2.805,0.000,414,61907,2567,44029
10306,5.915,5.915,5.536,0.082,0.005,0.293,0,20.691,2.746,0.000,0,336,0,0
10307,25.140,25.140,13.596,10.919,0.396,0.230,1,20.691,2.746,0.000,414,61907,2569,44029
10308,7.820,6.646,6.292,0.083,0.007,0.264,0,19.653,2.783,0.000,0,336,0,0
10309,25.018,25.018,13.973,10.347,0.381,0.316,1,19.653,2.783,0.000,414,61907,2569,44029
10310,8.344,5.873,5.543,0.085,0.004,0.241,0,20.700,2.753,0.000,0,336,0,0
10311,21.968,21.968,11.483,9.902,0.245,0.339,1,20.700,2.753,0.000,414,61907,2569,44029
10312,11.397,6.143,5.720,0.085,0.006,0.333,0,20.717,2.634,0.000,0,336,0,0
10313,21.873,21.873,11.224,10.011,0.336,0.303,1,20.717,2.634,0.000,414,61907,2570,44029
10314,11.496,5.873,5.503,0.080,0.005,0.285,0,20.459,2.906,0.000,0,336,0,0
10315,22.587,22.587,11.431,10.336,0.451,0.369,1,20.459,2.906,0.000,414,61907,2585,43529
10316,10.782,5.757,5.442,0.081,0.006,0.227,0,21.148,2.706,0.000,0,336,0,0
10317,22.506,22.506,11.429,10.308,0.507,0.261,1,21.148,2.706,0.000,414,61907,2585,43529
10318,10.861,6.307,5.706,0.083,0.006,0.512,0,20.718,2.747,0.000,0,336,0,0
10319,22.720,22.720,11.810,10.110,0.361,0.439,1,20.718,2.747,0.000,414,61907,2583,43529
10320,10.677,5.835,5.366,0.080,0.005,0.383,0,21.993,2.894,0.000,0,336,0,0
10321,26.620,26.620,14.779,10.897,0.412,0.532,1,18.860,2.777,0.000,414,61907,2582,43529
10322,6.712,5.788,5.230,0.080,0.005,0.472,0,18.860,2.777,0.000,0,336,0,0
10323,26.067,26.067,14.209,10.957,0.500,0.401,1,18.860,2.777,0.000,414,61907,2582,43529
10324,7.301,6.265,5.617,0.082,0.005,0.561,0,19.261,2.787,0.000,0,336,0,0
10325,25.964,25.964,12.883,12.321,0.334,0.425,1,19.261,2.787,0.000,414,61907,2582,43529
10326,7.403,5.880,5.389,0.080,0.004,0.406,0,21.357,2.845,0.000,0,336,0,0
10327,22.693,22.693,11.802,10.022,0.285,0.584,1,21.357,2.845,0.000,414,61907,2583,43529
10328,10.680,5.772,5.288,0.080,0.005,0.399,0,22.347,2.887,0.000,0,336,0,0
10329,23.899,23.899,12.227,10.827,0.452,0.392,1,22.347,2.887,0.000,414,61907,2582,43529
10330,9.467,6.484,5.871,0.093,0.008,0.512,0,20.157,2.722,0.000,0,336,0,0
10331,23.715,23.715,12.850,10.062,0.379,0.424,1,20.157,2.722,0.000,414,61907,2582,43529
10332,9.663,5.813,5.381,0.080,0.005,0.346,0,20.154,2.758,0.000,0,336,0,0
10333,26.814,26.814,15.222,10.683,0.405,0.504,1,20.154,2.758,0.000,414,61907,2583,43529
10334,6.539,5.877,5.461,0.081,0.005,0.330,0,19.924,3.533,0.000,0,336,0,0
10335,24.515,24.515,13.610,9.976,0.560,0.369,1,19.924,3.533,0.000,414,61907,2582,43529
10336,8.850,6.065,5.576,0.081,0.004,0.403,0,19.268,2.903,0.000,0,336,0,0
10337,24.510,24.510,12.990,10.549,0.582,0.391,1,19.268,2.903,0.000,414,61907,2582,43529
10338,8.861,5.980,5.578,0.081,0.007,0.314,0,22.253,2.953,0.000,0,336,0,0
10339,24.220,24.220,13.434,10.040,0.282,0.463,1,22.253,2.953,0.000,414,61907,2583,43529
10340,9.139,6.616,6.181,0.081,0.005,0.350,0,20.653,2.761,0.000,0,336,0,0
10341,26.356,26.356,13.251,12.388,0.366,0.352,1,19.163,2.885,0.000,414,61907,2582,43529
10342,7.030,6.368,5.829,0.082,0.007,0.450,0,19.163,2.885,0.000,0,336,0,0
10343,26.677,26.677,14.010,11.861,0.396,0.410,1,18.824,2.669,0.000,414,61907,2582,43529
10344,6.673,6.370,5.921,0.084,0.007,0.358,0,18.824,2.669,0.000,0,336,0,0
10345,25.517,25.517,13.937,10.752,0.367,0.461,1,18.824,2.669,0.000,414,61907,2584,43529
10346,7.851,5.817,5.399,0.080,0.004,0.334,0,21.218,2.779,0.000,0,336,0,0
10347,23.813,23.813,12.803,10.360,0.272,0.378,1,21.218,2.779,0.000,414,61907,2582,43529
10348,9.578,5.833,5.291,0.081,0.006,0.456,0,19.807,2.663,0.000,0,336,0,0
10349,23.935,23.935,13.111,10.010,0.411,0.402,1,19.807,2.663,0.000,414,61907,2582,43529
10350,9.409,5.755,5.259,0.081,0.005,0.410,0,19.605,2.741,0.000,0,336,0,0
10351,25.723,25.723,14.872,9.951,0.393,0.508,1,19.605,2.741,0.000,414,61907,2582,43529
10352,7.821,7.821,7.393,0.087,0.007,0.334,0,19.657,2.779,0.000,0,336,0,0
10353,27.065,27.065,15.796,10.392,0.460,0.416,1,19.657,2.779,0.000,414,61907,2583,43529
10354,7.213,7.213,6.584,0.190,0.006,0.433,0,19.146,9.081,0.000,0,336,0,0
10355,25.392,25.392,14.530,10.097,0.385,0.381,1,19.146,9.081,0.000,414,61907,2579,43529
10356,6.879,6.043,5.558,0.080,0.005,0.400,0,19.129,2.910,0.000,0,336,0,0
10357,25.832,25.832,15.080,9.944,0.241,0.568,1,19.129,2.910,0.000,414,61907,2566,44029
10358,7.533,6.089,5.627,0.082,0.004,0.376,0,19.303,2.653,0.000,0,336,0,0
10359,25.446,25.446,14.023,10.620,0.366,0.437,1,19.303,2.653,0.000,414,61907,2567,44029
10360,7.920,6.010,5.313,0.081,0.006,0.610,0,18.646,2.686,0.000,0,336,0,0
10361,26.482,26.482,14.659,10.947,0.475,0.401,1,18.646,2.686,0.000,414,61907,2582,43529
10362,6.886,6.051,5.625,0.082,0.005,0.339,0,19.226,2.724,0.000,0,336,0,0
10363,24.007,24.007,12.908,10.170,0.380,0.549,1,19.226,2.724,0.000,414,61907,2582,43529
10364,9.365,6.886,6.454,0.088,0.007,0.337,0,21.700,3.019,0.000,0,336,0,0
10365,24.788,24.788,12.815,10.547,1.067,0.358,1,21.700,3.019,0.000,414,61907,2583,43529
10366,8.578,5.923,5.414,0.081,0.005,0.423,0,20.377,2.794,0.000,0,336,0,0
10367,22.335,22.335,11.664,9.940,0.353,0.378,1,20.377,2.794,0.000,414,61907,2582,43529
10368,11.029,8.615,8.243,0.084,0.007,0.281,0,19.305,2.830,0.000,0,336,0,0
10369,24.675,24.675,12.490,11.293,0.380,0.512,1,19.305,2.830,0.000,414,61907,2582,43529
10370,8.691,7.641,7.210,0.086,0.007,0.338,0,20.985,3.010,0.000,0,336,0,0
10371,24.843,24.843,13.135,10.768,0.530,0.411,1,20.985,3.010,0.000,414,61907,2582,43529
10372,8.526,7.148,6.586,0.082,0.005,0.475,0,21.157,3.804,0.000,0,336,0,0
10373,25.801,25.801,14.824,10.108,0.464,0.405,1,21.157,3.804,0.000,414,61907,2583,43529
10374,7.563,6.000,5.557,0.082,0.006,0.356,0,19.777,2.881,0.000,0,336,0,0
10375,26.300,26.300,15.031,10.289,0.415,0.566,1,18.936,2.874,0.000,414,61907,2582,43529
10376,7.064,5.991,5.584,0.081,0.005,0.322,0,18.936,2.874,0.000,0,336,0,0
10377,24.567,24.567,12.722,10.852,0.549,0.444,1,18.936,2.874,0.000,414,61907,2582,43529
10378,8.807,6.848,6.255,0.085,0.006,0.502,0,22.071,2.644,0.000,0,336,0,0
10379,25.047,25.047,13.406,10.912,0.350,0.379,1,22.071,2.644,0.000,414,61907,2583,43529
10380,8.322,6.356,5.924,0.081,0.005,0.345,0,22.080,2.750,0.000,0,336,0,0
10381,29.040,29.040,13.913,14.238,0.408,0.481,1,22.080,2.750,0.000,414,61907,2582,43529
10382,6.575,6.575,6.104,0.082,0.006,0.383,0,21.928,2.941,0.000,0,336,0,0
10383,32.267,32.267,13.491,18.010,0.378,0.388,1,21.293,3.416,0.000,414,61907,2824,37797
10384,6.630,6.630,6.140,0.084,0.009,0.398,0,21.293,3.416,0.000,0,336,0,0
10385,27.018,27.018,12.111,14.181,0.365,0.361,1,21.293,3.416,0.000,414,61907,2823,13310
10386,7.595,7.595,7.169,0.082,0.005,0.339,0,21.339,7.842,0.000,0,336,0,0
10387,7.778,5.995,5.474,0.081,0.004,0.436,0,21.339,7.842,0.000,0,336,0,0
10388,23.962,23.962,13.078,10.044,0.394,0.446,1,21.339,7.842,0.000,412,61603,2551,43225
10389,9.280,5.953,5.471,0.081,0.005,0.396,0,20.159,2.856,0.000,0,336,0,0
10390,21.944,21.944,11.344,9.788,0.258,0.555,1,20.159,2.856,0.000,412,61603,2551,43225
10391,11.430,5.866,5.402,0.081,0.005,0.378,0,22.023,2.812,0.000,0,336,0,0
10392,22.178,22.178,11.539,9.760,0.399,0.480,1,22.023,2.812,0.000,412,61603,2551,43225
10393,11.181,7.766,7.368,0.081,0.005,0.312,0,19.489,2.868,0.000,0,336,0,0
10394,24.698,24.698,14.036,9.941,0.360,0.362,1,19.489,2.868,0.000,412,61603,2552,43225
10395,8.670,5.949,5.359,0.080,0.005,0.505,0,18.040,3.435,0.000,0,336,0,0
10396,25.331,25.331,12.702,11.850,0.454,0.325,1,18.040,3.435,0.000,412,61603,2551,43225
10397,8.035,5.856,5.467,0.081,0.005,0.303,0,20.759,2.932,0.000,0,336,0,0
10398,25.381,25.381,14.104,10.447,0.327,0.503,1,20.759,2.932,0.000,412,61603,2551,43225
10399,7.984,6.309,5.931,0.081,0.005,0.293,0,19.363,2.806,0.000,0,336,0,0
10400,23.945,23.945,12.886,10.345,0.395,0.319,1,19.363,2.806,0.000,412,61603,2537,43725
10401,9.428,6.522,5.967,0.081,0.005,0.469,0,21.092,2.814,0.000,0,336,0,0
10402,24.650,24.650,12.562,11.311,0.419,0.357,1,21.092,2.814,0.000,412,61603,2535,43725
10403,8.721,5.698,5.277,0.081,0.005,0.336,0,20.093,2.868,0.000,0,336,0,0
10404,23.926,23.926,12.512,10.055,0.299,1.061,1,20.093,2.868,0.000,412,61603,2535,43725
10405,9.428,6.249,5.899,0.085,0.007,0.258,0,20.178,2.809,0.000,0,336,0,0
10406,22.101,22.101,11.551,9.894,0.365,0.290,1,20.178,2.809,0.000,412,61603,2536,43725
10407,11.271,6.030,5.470,0.080,0.004,0.475,0,20.569,2.657,0.000,0,336,0,0
10408,22.307,22.307,11.674,9.800,0.510,0.324,1,20.569,2.657,0.000,412,61603,2535,43725
10409,11.060,5.770,5.418,0.083,0.004,0.265,0,20.691,2.698,0.000,0,336,0,0
10410,21.934,21.934,11.352,9.854,0.319,0.409,1,20.691,2.698,0.000,412,61603,2535,43725
10411,11.433,5.759,5.362,0.082,0.005,0.310,0,20.800,2.643,0.000,0,336,0,0
10412,23.451,23.451,12.932,9.808,0.332,0.381,1,20.800,2.643,0.000,412,61603,2536,43725
10413,9.912,6.129,5.644,0.082,0.007,0.396,0,18.179,3.269,0.000,0,336,0,0
10414,25.400,25.400,14.204,10.382,0.423,0.391,1,18.179,3.269,0.000,412,61603,2551,43225
10415,7.970,5.800,5.411,0.081,0.005,0.303,0,21.179,2.759,0.000,0,336,0,0
10416,22.117,22.117,11.431,10.029,0.250,0.407,1,21.179,2.759,0.000,414,61907,2582,43529
10417,11.253,7.090,6.717,0.081,0.005,0.287,0,20.296,2.742,0.000,0,336,0,0
10418,24.530,24.530,13.334,10.506,0.437,0.254,1,20.296,2.742,0.000,414,61907,2582,43529
10419,8.840,6.224,5.700,0.080,0.005,0.439,0,20.428,2.782,0.000,0,336,0,0
10420,24.252,24.252,13.100,10.390,0.411,0.351,1,20.428,2.782,0.000,414,61907,2583,43529
10421,9.108,5.655,5.289,0.080,0.004,0.282,0,19.888,2.941,0.000,0,336,0,0
10422,22.543,22.543,11.737,9.932,0.487,0.387,1,19.888,2.941,0.000,414,61907,2582,43529
10423,10.825,7.409,7.033,0.089,0.007,0.280,0,21.258,2.836,0.000,0,336,0,0
10424,23.961,23.961,12.173,11.095,0.425,0.269,1,21.258,2.836,0.000,414,61907,2582,43529
10425,9.401,7.307,6.899,0.084,0.007,0.317,0,20.495,2.868,0.000,0,336,0,0
10426,24.850,24.850,13.637,10.492,0.438,0.284,1,20.495,2.868,0.000,414,61907,2583,43529
10427,8.518,5.863,5.441,0.080,0.005,0.338,0,18.901,2.884,0.000,0,336,0,0
10428,24.555,24.555,13.707,9.995,0.437,0.416,1,18.901,2.884,0.000,414,61907,2582,43529
10429,8.809,6.514,6.095,0.092,0.007,0.320,0,18.194,3.374,0.000,0,336,0,0
10430,25.238,25.238,12.823,11.698,0.372,0.346,1,18.116,2.881,0.000,414,61907,2582,43529
10431,8.132,6.564,6.080,0.083,0.007,0.394,0,18.116,2.881,0.000,0,336,0,0
10432,25.819,25.819,13.740,11.443,0.340,0.295,1,18.248,2.793,0.000,414,61907,2583,43529
10433,7.546,6.637,6.175,0.083,0.007,0.372,0,18.248,2.793,0.000,0,336,0,0
10434,25.905,25.905,14.581,10.601,0.316,0.407,1,18.249,2.687,0.000,414,61907,2582,43529
10435,7.914,6.976,6.538,0.083,0.007,0.349,0,18.249,2.687,0.000,0,336,0,0
10436,25.478,25.478,14.685,10.000,0.422,0.371,1,18.249,2.687,0.000,414,61907,2582,43529
10437,7.436,6.051,5.550,0.082,0.005,0.414,0,19.544,2.689,0.000,0,336,0,0
10438,26.221,26.221,14.751,10.758,0.355,0.357,1,18.104,2.706,0.000,414,61907,2583,43529
10439,7.141,6.245,5.826,0.081,0.005,0.334,0,18.104,2.706,0.000,0,336,0,0
10440,25.972,25.972,13.759,11.254,0.334,0.625,1,17.963,2.763,0.000,414,61907,2582,43529
10441,7.415,6.687,6.261,0.085,0.008,0.334,0,17.963,2.763,0.000,0,336,0,0
10442,25.900,25.900,13.092,12.085,0.391,0.332,1,17.963,2.763,0.000,414,61907,2582,43529
10443,8.256,8.256,7.728,0.083,0.007,0.438,0,19.581,2.805,0.000,0,336,0,0
10444,26.484,26.484,14.842,10.949,0.366,0.326,1,18.100,2.876,0.000,414,61907,2582,43529
10445,6.469,6.469,6.062,0.083,0.007,0.317,0,18.100,2.876,0.000,0,336,0,0
10446,25.950,25.950,13.864,11.184,0.398,0.503,1,18.100,2.876,0.000,414,61907,2583,43529
10447,8.030,8.030,7.635,0.081,0.004,0.310,0,20.914,2.762,0.000,0,336,0,0
10448,25.778,25.778,14.223,10.780,0.445,0.331,1,20.914,2.762,0.000,414,61907,2582,43529
10449,6.585,6.036,5.525,0.081,0.005,0.424,0,18.887,3.373,0.000,0,336,0,0
10450,24.885,24.885,14.180,10.175,0.242,0.288,1,18.887,3.373,0.000,414,61907,2582,43529
10451,8.497,5.788,5.426,0.080,0.005,0.276,0,19.141,2.883,0.000,0,336,0,0
10452,26.218,26.218,13.479,11.943,0.362,0.435,1,19.141,2.883,0.000,414,61907,2583,43529
10453,7.197,7.197,6.813,0.082,0.007,0.295,0,20.705,2.887,0.000,0,336,0,0
10454,25.559,25.559,14.514,10.363,0.409,0.273,1,20.705,2.887,0.000,414,61907,2579,43529
10455,7.746,6.045,5.624,0.082,0.005,0.333,0,19.779,2.844,0.000,0,336,0,0
10456,23.340,23.340,12.775,9.834,0.446,0.284,1,19.779,2.844,0.000,414,61907,2566,44029
10457,10.027,5.689,5.359,0.083,0.005,0.243,0,18.265,2.754,0.000,0,336,0,0
10458,24.214,24.214,13.469,10.039,0.347,0.358,1,18.265,2.754,0.000,414,61907,2567,44029
10459,9.150,5.945,5.475,0.082,0.005,0.383,0,19.038,2.643,0.000,0,336,0,0
10460,24.193,24.193,13.680,9.848,0.343,0.321,1,19.038,2.643,0.000,414,61907,2582,43529
10461,9.176,5.982,5.491,0.080,0.005,0.407,0,18.654,3.343,0.000,0,336,0,0
10462,24.233,24.233,13.724,9.817,0.329,0.363,1,18.654,3.343,0.000,412,61603,2551,43225
10463,9.135,5.784,5.386,0.081,0.005,0.312,0,18.906,2.759,0.000,0,336,0,0
10464,27.954,27.954,14.480,12.543,0.430,0.500,1,18.906,2.759,0.000,413,61607,2564,43225
10465,6.526,6.526,6.035,0.081,0.005,0.405,0,23.828,3.005,0.000,0,340,0,0
10466,22.381,22.381,11.686,10.022,0.293,0.380,1,23.828,3.005,0.000,413,61607,2560,43225
10467,9.873,6.209,5.636,0.081,0.009,0.482,0,21.143,2.830,0.000,0,340,0,0
10468,22.302,22.302,11.682,9.808,0.433,0.379,1,21.143,2.830,0.000,413,61607,2559,43225
10469,11.067,7.069,6.701,0.081,0.006,0.280,0,19.927,2.745,0.000,0,340,0,0
10470,24.157,24.157,13.478,9.923,0.356,0.400,1,19.927,2.745,0.000,413,61607,2559,43225
10471,9.206,6.665,6.257,0.085,0.008,0.315,0,18.810,2.879,0.000,0,340,0,0
10472,25.689,25.689,13.741,11.135,0.345,0.467,1,17.673,2.855,0.000,413,61607,2560,43225
10473,7.680,6.755,6.123,0.086,0.007,0.540,0,17.673,2.855,0.000,0,340,0,0
10474,25.141,25.141,13.445,10.863,0.373,0.459,1,17.673,2.855,0.000,413,61607,2559,43225
10475,8.225,6.382,5.851,0.085,0.005,0.441,0,21.867,2.877,0.000,0,340,0,0
10476,26.196,26.196,13.525,11.604,0.452,0.614,1,18.498,2.764,0.000,413,61607,2559,43225
10477,7.169,6.627,6.086,0.083,0.007,0.451,0,18.498,2.764,0.000,0,340,0,0
10478,25.940,25.940,14.497,10.604,0.307,0.533,1,18.135,2.768,0.000,414,61607,2562,43225
10479,7.428,6.808,6.094,0.084,0.007,0.623,0,18.135,2.768,0.000,0,340,0,0
10480,25.904,25.904,14.302,10.780,0.337,0.486,1,18.202,2.684,0.000,413,61607,2559,43225
10481,7.459,6.797,6.229,0.089,0.004,0.475,0,18.202,2.684,0.000,0,340,0,0
10482,26.182,26.182,15.406,9.813,0.237,0.726,1,18.202,2.684,0.000,413,61607,2559,43225
10483,7.184,6.448,5.931,0.081,0.005,0.431,0,19.061,2.806,0.000,0,340,0,0
10484,26.041,26.041,15.335,9.896,0.333,0.477,1,19.061,2.806,0.000,413,61607,2560,43225
10485,7.325,6.257,5.574,0.080,0.004,0.599,0,19.056,2.719,0.000,0,340,0,0
10486,25.327,25.327,14.712,9.862,0.365,0.389,1,19.056,2.719,0.000,413,61607,2559,43225
10487,8.042,6.068,5.612,0.081,0.004,0.370,0,18.449,3.481,0.000,0,340,0,0
10488,25.109,25.109,14.315,9.802,0.263,0.729,1,17.745,3.448,0.000,413,61607,2559,43225
10489,8.257,5.972,5.470,0.093,0.006,0.403,0,17.745,3.448,0.000,0,340,0,0
10490,22.023,22.023,11.531,9.713,0.349,0.430,1,17.745,3.448,0.000,413,61607,2559,43225
10491,11.348,8.216,7.492,0.089,0.007,0.628,0,21.600,2.725,0.000,0,340,0,0
10492,25.929,25.929,14.034,11.066,0.377,0.453,1,18.067,3.010,0.000,413,61607,2559,43225
10493,7.437,6.793,6.126,0.084,0.007,0.575,0,18.067,3.010,0.000,0,340,0,0
10494,25.944,25.944,14.128,11.071,0.342,0.404,1,18.186,2.731,0.000,413,61607,2558,43225
10495,7.416,6.076,5.675,0.082,0.004,0.314,0,18.186,2.731,0.000,0,340,0,0
10496,24.546,24.546,13.487,10.049,0.535,0.476,1,18.186,2.731,0.000,413,61607,2558,43225
10497,8.828,6.846,6.360,0.083,0.005,0.398,0,22.161,2.766,0.000,0,340,0,0
10498,24.288,24.288,12.983,10.518,0.374,0.413,1,22.161,2.766,0.000,413,61607,2559,43225
10499,9.070,8.371,7.781,0.083,0.007,0.500,0,18.619,3.067,0.000,0,340,0,0
10500,26.236,26.236,15.263,10.089,0.473,0.411,1,18.619,3.067,0.000,413,61607,2542,43725
10501,7.135,6.763,6.267,0.083,0.007,0.407,0,18.985,3.347,0.000,0,340,0,0
10502,30.386,30.386,15.987,13.537,0.328,0.534,1,18.985,3.347,0.000,413,61607,2542,43725
10503,7.030,7.030,6.530,0.084,0.007,0.409,0,22.558,2.968,0.000,0,340,0,0
10504,26.125,26.125,14.953,10.374,0.333,0.466,1,18.359,2.586,0.000,413,61607,2543,43725
10505,7.286,7.286,6.647,0.084,0.007,0.548,0,18.359,2.586,0.000,0,340,0,0
10506,24.701,24.701,13.710,10.175,0.382,0.434,1,18.359,2.586,0.000,413,61607,2542,43725
