frame,wall_ms,work_ms,game_ms,gx_ms,present_ms,aud_ms,drawn,rt_ms,dec_ms,gdec_ms,calls,verts,recs,vchit
0,16.328,0.420,0.420,0.000,0.000,0.000,0,1.453,0.000,0.000,0,0,2,0
1,16.681,1.434,1.434,0.000,0.000,0.000,1,1.453,0.000,0.000,0,0,6,0
2,17.171,1.890,1.890,0.000,0.000,0.000,0,1.453,0.000,0.000,0,0,0,0
3,21.419,21.419,21.379,0.000,0.000,0.040,1,1.453,0.000,0.000,0,0,0,0
4,11.467,0.332,0.326,0.000,0.000,0.006,0,1.453,0.000,0.000,0,0,0,0
5,26.674,26.674,26.650,0.000,0.000,0.024,1,1.453,0.000,0.000,0,0,0,0
6,6.689,1.105,0.904,0.059,0.134,0.008,0,1.453,0.000,0.000,0,4,1,0
7,19.319,19.319,11.975,5.721,1.607,0.016,1,4.377,0.000,0.000,1,4,74,0
8,14.050,3.976,3.951,0.010,0.005,0.010,0,4.377,0.000,0.000,0,8,0,0
9,66.550,66.550,24.625,41.397,0.507,0.021,1,4.377,0.000,0.000,2,8,108,0
10,27.926,27.926,27.879,0.013,0.014,0.019,0,56.589,0.000,0.000,0,8,0,0
11,1.012,1.012,0.989,0.011,0.003,0.009,0,56.589,0.000,0.000,0,8,0,0
12,0.686,0.686,0.653,0.011,0.010,0.013,0,56.589,0.000,0.000,0,8,0,0
13,0.634,0.634,0.615,0.004,0.006,0.008,0,56.589,0.000,0.000,0,8,0,0
14,3.311,0.613,0.598,0.007,0.003,0.006,0,56.589,0.000,0.000,0,8,0,0
15,16.663,4.655,3.335,0.239,1.071,0.010,1,3.756,0.000,0.000,2,8,103,0
16,16.679,0.387,0.366,0.007,0.004,0.011,0,3.756,0.000,0.000,0,8,0,0
17,16.688,1.409,0.920,0.188,0.286,0.015,1,0.939,0.000,0.000,2,8,103,0
18,16.679,0.347,0.332,0.006,0.003,0.006,0,0.939,0.000,0.000,0,8,0,0
19,16.685,0.901,0.576,0.116,0.201,0.009,1,0.747,0.000,0.000,2,8,103,0
20,16.683,0.346,0.329,0.006,0.004,0.007,0,0.747,0.000,0.000,0,8,0,0
21,16.684,1.158,0.605,0.174,0.365,0.015,1,1.122,0.000,0.000,2,8,103,0
22,16.670,0.353,0.332,0.007,0.005,0.009,0,1.122,0.000,0.000,0,8,0,0
23,16.694,2.354,0.726,0.610,1.009,0.009,1,0.807,0.000,0.000,2,8,103,0
24,16.674,0.390,0.370,0.007,0.005,0.008,0,0.807,0.000,0.000,0,8,0,0
25,16.690,1.141,0.763,0.134,0.231,0.014,1,0.606,0.000,0.000,2,8,103,0
26,16.674,0.302,0.286,0.006,0.003,0.007,0,0.606,0.000,0.000,0,8,0,0
27,16.688,0.855,0.529,0.104,0.215,0.006,1,0.334,0.000,0.000,2,8,103,0
28,16.708,0.300,0.286,0.005,0.003,0.005,0,0.334,0.000,0.000,0,8,0,0
29,16.669,3.779,1.294,1.730,0.744,0.012,1,0.534,0.000,0.000,2,8,103,0
30,16.670,0.347,0.326,0.007,0.005,0.008,0,0.534,0.000,0.000,0,8,0,0
31,16.690,1.167,0.787,0.156,0.212,0.012,1,0.596,0.000,0.000,2,8,103,0
32,16.678,0.303,0.288,0.005,0.003,0.007,0,0.596,0.000,0.000,0,8,0,0
33,16.687,0.884,0.556,0.104,0.217,0.007,1,0.466,0.000,0.000,2,8,103,0
34,16.678,0.269,0.256,0.005,0.002,0.005,0,0.466,0.000,0.000,0,8,0,0
35,16.687,0.863,0.594,0.095,0.167,0.006,1,0.355,0.000,0.000,2,8,103,0
36,16.684,0.255,0.243,0.004,0.003,0.005,0,0.355,0.000,0.000,0,8,0,0
37,16.683,0.929,0.488,0.145,0.286,0.011,1,0.796,0.000,0.000,2,8,103,0
38,16.679,0.242,0.228,0.005,0.003,0.006,0,0.796,0.000,0.000,0,8,0,0
39,129.131,129.131,127.482,1.152,0.482,0.015,1,1.340,0.000,0.000,1,4,83,0
40,0.741,0.741,0.724,0.008,0.003,0.006,0,1.340,0.000,0.000,0,4,0,0
41,0.797,0.797,0.761,0.011,0.008,0.017,0,1.340,0.000,0.000,0,4,0,0
42,0.291,0.291,0.280,0.004,0.002,0.005,0,1.340,0.000,0.000,0,4,0,0
43,0.249,0.249,0.240,0.003,0.002,0.005,0,1.340,0.000,0.000,0,4,0,0
44,0.244,0.244,0.234,0.002,0.002,0.005,0,1.340,0.000,0.000,0,4,0,0
45,0.872,0.872,0.330,0.190,0.344,0.008,1,1.340,0.000,0.000,1,4,83,0
46,1.154,0.350,0.336,0.004,0.003,0.008,0,1.114,0.000,0.000,0,4,0,0
47,16.677,0.555,0.340,0.076,0.130,0.009,1,0.630,0.000,0.000,1,4,83,0
48,16.691,0.354,0.341,0.004,0.002,0.006,0,0.630,0.000,0.000,0,4,0,0
49,16.675,1.278,0.839,0.131,0.298,0.010,1,0.537,0.000,0.000,1,4,83,0
50,16.683,0.385,0.372,0.003,0.003,0.006,0,0.537,0.000,0.000,0,4,0,0
51,16.684,0.972,0.560,0.117,0.287,0.010,1,0.500,0.000,0.000,1,4,83,0
52,16.680,0.345,0.333,0.004,0.002,0.006,0,0.500,0.000,0.000,0,4,0,0
53,16.687,0.614,0.352,0.078,0.177,0.008,1,0.257,0.000,0.000,1,4,83,0
54,16.679,0.332,0.319,0.004,0.003,0.006,0,0.257,0.000,0.000,0,4,0,0
55,16.686,0.575,0.334,0.073,0.162,0.006,1,0.251,0.000,0.000,1,4,83,0
56,16.681,0.489,0.473,0.003,0.005,0.008,0,0.251,0.000,0.000,0,4,0,0
57,16.685,0.659,0.416,0.072,0.164,0.007,1,0.276,0.000,0.000,1,4,83,0
58,16.681,0.320,0.309,0.003,0.002,0.006,0,0.276,0.000,0.000,0,4,0,0
59,16.687,0.772,0.490,0.111,0.164,0.008,1,0.248,0.000,0.000,1,4,83,0
60,16.680,0.328,0.315,0.004,0.003,0.006,0,0.248,0.000,0.000,0,4,0,0
61,16.695,0.678,0.342,0.168,0.161,0.007,1,0.242,0.000,0.000,1,4,83,0
62,16.677,0.689,0.675,0.004,0.002,0.007,0,0.242,0.000,0.000,0,4,0,0
63,16.683,1.019,0.607,0.123,0.278,0.011,1,0.537,0.000,0.000,1,4,83,0
64,16.683,0.343,0.331,0.003,0.003,0.006,0,0.537,0.000,0.000,0,4,0,0
65,16.682,0.598,0.343,0.076,0.172,0.007,1,0.278,0.000,0.000,1,4,83,0
66,16.683,0.319,0.307,0.003,0.002,0.006,0,0.278,0.000,0.000,0,4,0,0
67,16.683,0.565,0.328,0.072,0.159,0.006,1,0.247,0.000,0.000,1,4,83,0
68,16.684,0.321,0.308,0.004,0.002,0.007,0,0.247,0.000,0.000,0,4,0,0
69,16.683,0.565,0.331,0.072,0.155,0.006,1,0.243,0.000,0.000,1,4,83,0
70,16.684,0.318,0.306,0.004,0.002,0.006,0,0.243,0.000,0.000,0,4,0,0
71,16.682,0.564,0.331,0.072,0.155,0.007,1,0.258,0.000,0.000,1,4,83,0
72,16.684,0.323,0.310,0.004,0.002,0.006,0,0.258,0.000,0.000,0,4,0,0
73,16.684,0.561,0.327,0.074,0.155,0.006,1,0.245,0.000,0.000,1,4,83,0
74,16.683,0.324,0.312,0.003,0.002,0.007,0,0.245,0.000,0.000,0,4,0,0
75,16.684,0.565,0.328,0.070,0.161,0.006,1,0.241,0.000,0.000,1,4,83,0
76,16.683,0.321,0.309,0.003,0.002,0.006,0,0.241,0.000,0.000,0,4,0,0
77,16.683,0.562,0.329,0.069,0.157,0.008,1,0.259,0.000,0.000,1,4,83,0
78,16.684,0.629,0.617,0.004,0.002,0.006,0,0.259,0.000,0.000,0,4,0,0
79,16.689,0.840,0.600,0.070,0.164,0.006,1,0.287,0.000,0.000,1,4,83,0
80,16.703,0.645,0.631,0.004,0.003,0.007,0,0.287,0.000,0.000,0,4,0,0
81,16.656,1.362,0.881,0.154,0.313,0.014,1,0.588,0.000,0.000,1,4,83,0
82,16.690,0.579,0.565,0.004,0.003,0.006,0,0.588,0.000,0.000,0,4,0,0
83,16.676,0.996,0.678,0.092,0.216,0.010,1,0.434,0.000,0.000,1,4,83,0
84,16.687,0.510,0.499,0.004,0.003,0.005,0,0.434,0.000,0.000,0,4,0,0
85,16.680,0.831,0.578,0.077,0.169,0.007,1,0.312,0.000,0.000,1,4,83,0
86,16.684,0.537,0.525,0.003,0.002,0.006,0,0.312,0.000,0.000,0,4,0,0
87,16.686,0.771,0.539,0.069,0.158,0.005,1,0.278,0.000,0.000,1,4,83,0
88,16.687,0.493,0.483,0.003,0.002,0.005,0,0.278,0.000,0.000,0,4,0,0
89,16.679,0.868,0.620,0.076,0.165,0.007,1,0.269,0.000,0.000,1,4,83,0
90,16.686,0.508,0.496,0.004,0.003,0.005,0,0.269,0.000,0.000,0,4,0,0
91,16.676,0.793,0.548,0.074,0.166,0.006,1,0.270,0.000,0.000,1,4,83,0
92,16.690,0.530,0.519,0.003,0.002,0.005,0,0.270,0.000,0.000,0,4,0,0
93,16.676,0.882,0.606,0.081,0.188,0.006,1,0.351,0.000,0.000,1,4,83,0
94,16.682,0.487,0.476,0.004,0.003,0.004,0,0.351,0.000,0.000,0,4,0,0
95,16.684,0.801,0.568,0.069,0.157,0.006,1,0.266,0.000,0.000,1,4,83,0
96,16.692,0.365,0.355,0.003,0.002,0.004,0,0.266,0.000,0.000,0,4,0,0
97,16.682,1.433,0.872,0.170,0.376,0.015,1,0.716,0.000,0.000,1,4,83,0
98,16.679,0.382,0.367,0.004,0.003,0.007,0,0.716,0.000,0.000,0,4,0,0
99,16.682,0.664,0.380,0.087,0.190,0.007,1,0.312,0.000,0.000,1,4,83,0
100,16.686,0.330,0.317,0.004,0.002,0.006,0,0.312,0.000,0.000,0,4,0,0
101,16.683,0.597,0.347,0.075,0.167,0.007,1,0.269,0.000,0.000,1,4,83,0
102,16.680,0.319,0.307,0.004,0.002,0.005,0,0.269,0.000,0.000,0,4,0,0
103,16.686,0.569,0.333,0.072,0.156,0.008,1,0.241,0.000,0.000,1,4,83,0
104,16.682,0.323,0.311,0.003,0.003,0.006,0,0.241,0.000,0.000,0,4,0,0
105,16.685,0.568,0.332,0.072,0.157,0.006,1,0.279,0.000,0.000,1,4,83,0
106,16.681,0.322,0.309,0.003,0.003,0.007,0,0.279,0.000,0.000,0,4,0,0
107,16.686,0.559,0.329,0.071,0.153,0.006,1,0.241,0.000,0.000,1,4,83,0
108,16.686,0.319,0.307,0.004,0.003,0.006,0,0.241,0.000,0.000,0,4,0,0
109,16.705,1.590,1.288,0.094,0.198,0.010,1,0.487,0.000,0.000,1,4,83,0
110,16.660,1.049,1.027,0.007,0.005,0.011,0,0.487,0.000,0.000,0,4,0,0
111,16.685,1.509,1.025,0.119,0.346,0.018,1,0.590,0.000,0.000,1,4,83,0
112,16.685,0.832,0.814,0.008,0.003,0.007,0,0.590,0.000,0.000,0,4,0,0
113,16.689,0.972,0.612,0.132,0.220,0.007,1,0.311,0.000,0.000,1,4,83,0
114,16.675,0.567,0.555,0.004,0.003,0.005,0,0.311,0.000,0.000,0,4,0,0
115,16.680,0.865,0.593,0.081,0.184,0.007,1,0.284,0.000,0.000,1,4,83,0
116,16.685,0.522,0.512,0.003,0.002,0.005,0,0.284,0.000,0.000,0,4,0,0
117,16.686,0.737,0.506,0.070,0.157,0.005,1,0.270,0.000,0.000,1,4,83,0
118,16.680,0.533,0.521,0.003,0.002,0.006,0,0.270,0.000,0.000,0,4,0,0
119,16.683,0.880,0.628,0.089,0.158,0.005,1,0.272,0.000,0.000,1,4,83,0
120,16.683,0.495,0.484,0.003,0.003,0.005,0,0.272,0.000,0.000,0,4,0,0
121,16.693,0.789,0.549,0.071,0.163,0.006,1,0.307,0.000,0.000,1,4,83,0
122,16.692,0.502,0.486,0.005,0.004,0.007,0,0.307,0.000,0.000,0,4,0,0
123,16.669,1.282,0.749,0.158,0.359,0.017,1,0.804,0.000,0.000,1,4,83,0
124,16.678,0.490,0.469,0.006,0.004,0.011,0,0.804,0.000,0.000,0,4,0,0
125,16.687,1.575,1.221,0.111,0.236,0.008,1,0.518,0.000,0.000,1,4,83,0
126,16.684,0.401,0.386,0.005,0.003,0.007,0,0.518,0.000,0.000,0,4,0,0
127,16.687,0.722,0.424,0.086,0.203,0.009,1,0.550,0.000,0.000,1,4,83,0
128,16.674,0.339,0.326,0.004,0.003,0.006,0,0.550,0.000,0.000,0,4,0,0
129,16.686,1.367,1.107,0.084,0.171,0.006,1,0.382,0.000,0.000,1,4,83,0
130,16.684,0.357,0.342,0.004,0.003,0.008,0,0.382,0.000,0.000,0,4,0,0
131,16.686,0.626,0.369,0.076,0.175,0.007,1,0.438,0.000,0.000,1,4,83,0
132,16.698,0.341,0.329,0.003,0.003,0.006,0,0.438,0.000,0.000,0,4,0,0
133,16.671,1.498,0.990,0.166,0.328,0.014,1,0.382,0.000,0.000,1,4,83,0
134,16.678,0.528,0.515,0.004,0.004,0.005,0,0.382,0.000,0.000,0,4,0,0
135,16.690,0.839,0.563,0.083,0.187,0.006,1,0.266,0.000,0.000,1,4,83,0
136,16.676,0.451,0.434,0.005,0.004,0.007,0,0.266,0.000,0.000,0,4,0,0
137,16.685,0.896,0.552,0.109,0.221,0.014,1,0.604,0.000,0.000,1,4,83,0
138,16.683,0.360,0.346,0.004,0.003,0.006,0,0.604,0.000,0.000,0,4,0,0
139,16.685,0.610,0.348,0.078,0.176,0.009,1,0.380,0.000,0.000,1,4,83,0
140,16.682,0.327,0.314,0.004,0.003,0.006,0,0.380,0.000,0.000,0,4,0,0
141,16.685,0.575,0.337,0.073,0.159,0.006,1,0.283,0.000,0.000,1,4,83,0
142,16.683,0.383,0.368,0.005,0.003,0.007,0,0.283,0.000,0.000,0,4,0,0
143,16.685,0.723,0.419,0.088,0.208,0.008,1,0.529,0.000,0.000,1,4,83,0
144,16.682,0.395,0.383,0.004,0.002,0.006,0,0.529,0.000,0.000,0,4,0,0
145,16.701,1.225,0.716,0.150,0.346,0.013,1,0.492,0.000,0.000,1,4,83,0
146,16.682,0.680,0.652,0.009,0.006,0.013,0,0.492,0.000,0.000,0,4,0,0
147,16.674,1.131,0.605,0.176,0.336,0.014,1,0.773,0.000,0.000,1,4,83,0
148,16.677,0.438,0.419,0.005,0.004,0.010,0,0.773,0.000,0.000,0,4,0,0
149,16.682,0.712,0.366,0.094,0.243,0.008,1,0.632,0.000,0.000,1,4,83,0
150,16.679,0.335,0.322,0.004,0.003,0.006,0,0.632,0.000,0.000,0,4,0,0
151,16.694,0.577,0.332,0.074,0.164,0.008,1,0.398,0.000,0.000,1,4,83,0
152,16.693,0.476,0.455,0.006,0.005,0.010,0,0.398,0.000,0.000,0,4,0,0
153,16.676,1.123,0.636,0.152,0.322,0.013,1,0.575,0.000,0.000,1,4,83,0
154,16.674,0.392,0.376,0.005,0.003,0.008,0,0.575,0.000,0.000,0,4,0,0
155,16.685,0.629,0.345,0.083,0.195,0.006,1,0.324,0.000,0.000,1,4,83,0
156,16.685,0.345,0.332,0.004,0.003,0.006,0,0.324,0.000,0.000,0,4,0,0
157,16.687,1.577,1.296,0.089,0.183,0.009,1,0.567,0.000,0.000,1,4,83,0
158,16.683,0.386,0.371,0.004,0.003,0.007,0,0.567,0.000,0.000,0,4,0,0
159,16.678,0.660,0.378,0.087,0.189,0.007,1,0.328,0.000,0.000,1,4,83,0
160,16.681,0.357,0.342,0.005,0.003,0.007,0,0.328,0.000,0.000,0,4,0,0
161,16.691,1.424,1.150,0.090,0.177,0.007,1,0.412,0.000,0.000,1,4,83,0
162,16.680,0.356,0.343,0.004,0.003,0.006,0,0.412,0.000,0.000,0,4,0,0
163,16.685,1.414,0.958,0.092,0.348,0.015,1,0.397,0.000,0.000,1,4,83,0
164,16.707,0.412,0.396,0.004,0.004,0.008,0,0.397,0.000,0.000,0,4,0,0
165,16.662,0.946,0.522,0.118,0.296,0.011,1,0.454,0.000,0.000,1,4,83,0
166,16.675,0.409,0.392,0.005,0.004,0.008,0,0.454,0.000,0.000,0,4,0,0
167,16.683,0.660,0.353,0.084,0.216,0.007,1,0.364,0.000,0.000,1,4,83,0
168,16.682,0.310,0.297,0.004,0.003,0.005,0,0.364,0.000,0.000,0,4,0,0
169,16.684,0.538,0.308,0.068,0.155,0.007,1,0.282,0.000,0.000,1,4,83,0
170,16.682,0.296,0.285,0.003,0.002,0.005,0,0.282,0.000,0.000,0,4,0,0
171,16.687,0.525,0.302,0.066,0.151,0.006,1,0.321,0.000,0.000,1,4,83,0
172,16.681,0.305,0.293,0.003,0.002,0.006,0,0.321,0.000,0.000,0,4,0,0
173,16.683,0.517,0.297,0.062,0.152,0.006,1,0.275,0.000,0.000,1,4,83,0
174,16.682,0.295,0.284,0.003,0.002,0.005,0,0.275,0.000,0.000,0,4,0,0
175,16.688,0.526,0.307,0.066,0.145,0.007,1,0.315,0.000,0.000,1,4,83,0
176,16.680,0.289,0.279,0.003,0.002,0.005,0,0.315,0.000,0.000,0,4,0,0
177,16.684,0.522,0.301,0.066,0.149,0.006,1,0.275,0.000,0.000,1,4,83,0
178,16.682,0.295,0.283,0.003,0.002,0.006,0,0.275,0.000,0.000,0,4,0,0
179,16.687,0.716,0.466,0.096,0.147,0.006,1,0.381,0.000,0.000,1,4,83,0
180,16.680,0.313,0.301,0.004,0.003,0.006,0,0.381,0.000,0.000,0,4,0,0
181,16.687,0.631,0.403,0.068,0.153,0.007,1,0.663,0.000,0.000,1,4,83,0
182,16.680,0.304,0.293,0.003,0.002,0.006,0,0.663,0.000,0.000,0,4,0,0
183,16.687,0.531,0.306,0.068,0.151,0.006,1,0.329,0.000,0.000,1,4,83,0
184,16.681,0.301,0.289,0.003,0.002,0.006,0,0.329,0.000,0.000,0,4,0,0
185,16.685,0.513,0.298,0.061,0.148,0.005,1,0.314,0.000,0.000,1,4,83,0
186,16.680,0.294,0.283,0.003,0.002,0.005,0,0.314,0.000,0.000,0,4,0,0
187,16.685,0.522,0.306,0.065,0.145,0.007,1,0.268,0.000,0.000,1,4,83,0
188,16.682,0.291,0.281,0.003,0.002,0.005,0,0.268,0.000,0.000,0,4,0,0
189,16.687,0.516,0.301,0.065,0.144,0.006,1,0.308,0.000,0.000,1,4,83,0
190,16.680,0.296,0.284,0.003,0.002,0.006,0,0.308,0.000,0.000,0,4,0,0
191,16.684,0.533,0.312,0.067,0.148,0.006,1,0.264,0.000,0.000,1,4,83,0
192,16.685,0.299,0.288,0.003,0.002,0.005,0,0.264,0.000,0.000,0,4,0,0
193,16.682,0.562,0.329,0.069,0.157,0.007,1,0.262,0.000,0.000,1,4,83,0
194,16.683,0.297,0.286,0.003,0.002,0.005,0,0.262,0.000,0.000,0,4,0,0
195,16.684,0.527,0.307,0.066,0.148,0.006,1,0.255,0.000,0.000,1,4,83,0
196,16.682,0.298,0.286,0.004,0.002,0.006,0,0.255,0.000,0.000,0,4,0,0
197,16.688,0.716,0.500,0.065,0.145,0.006,1,0.347,0.000,0.000,1,4,83,0
198,16.680,0.303,0.291,0.003,0.002,0.005,0,0.347,0.000,0.000,0,4,0,0
199,16.684,0.530,0.305,0.068,0.151,0.007,1,0.277,0.000,0.000,1,4,83,0
200,16.682,0.294,0.283,0.003,0.003,0.005,0,0.277,0.000,0.000,0,4,0,0
201,16.708,0.545,0.326,0.066,0.147,0.006,1,0.261,0.000,0.000,1,4,83,0
202,16.663,0.498,0.476,0.006,0.005,0.011,0,0.261,0.000,0.000,0,4,0,0
203,16.681,0.728,0.349,0.104,0.268,0.007,1,0.388,0.000,0.000,1,4,83,0
204,16.681,0.322,0.310,0.004,0.002,0.006,0,0.388,0.000,0.000,0,4,0,0
205,16.686,0.553,0.317,0.072,0.159,0.006,1,0.285,0.000,0.000,1,4,83,0
206,16.681,0.296,0.286,0.004,0.002,0.005,0,0.285,0.000,0.000,0,4,0,0
207,16.691,0.594,0.366,0.068,0.153,0.007,1,0.265,0.000,0.000,1,4,83,0
208,16.679,0.349,0.337,0.003,0.002,0.006,0,0.265,0.000,0.000,0,4,0,0
209,16.687,0.645,0.380,0.079,0.179,0.007,1,0.260,0.000,0.000,1,4,83,0
210,16.682,0.350,0.336,0.004,0.003,0.007,0,0.260,0.000,0.000,0,4,0,0
211,16.682,0.593,0.338,0.079,0.170,0.006,1,0.239,0.000,0.000,1,4,83,0
212,16.684,0.318,0.306,0.003,0.002,0.005,0,0.239,0.000,0.000,0,4,0,0
213,16.684,1.445,0.822,0.257,0.347,0.019,1,0.655,0.000,0.000,1,4,83,0
214,16.684,0.627,0.611,0.007,0.004,0.006,0,0.655,0.000,0.000,0,4,0,0
215,16.684,0.856,0.525,0.102,0.219,0.009,1,0.585,0.000,0.000,1,4,83,0
216,16.682,0.389,0.377,0.004,0.003,0.006,0,0.585,0.000,0.000,0,4,0,0
217,16.679,0.932,0.559,0.134,0.230,0.009,1,0.437,0.000,0.000,1,4,83,0
218,16.681,0.325,0.314,0.004,0.003,0.005,0,0.437,0.000,0.000,0,4,0,0
219,16.688,0.606,0.341,0.097,0.160,0.008,1,0.417,0.000,0.000,2,8,103,0
220,16.700,0.335,0.322,0.005,0.002,0.005,0,0.417,0.000,0.000,0,8,0,0
221,16.668,1.508,1.005,0.173,0.316,0.014,1,0.754,0.000,0.000,2,8,103,0
222,16.681,0.377,0.362,0.005,0.003,0.006,0,0.754,0.000,0.000,0,8,0,0
223,16.683,0.631,0.349,0.095,0.181,0.006,1,0.424,0.000,0.000,2,8,103,0
224,16.681,0.314,0.302,0.005,0.002,0.005,0,0.424,0.000,0.000,0,8,0,0
225,16.687,0.584,0.327,0.094,0.156,0.007,1,0.376,0.000,0.000,2,8,103,0
226,16.681,0.311,0.299,0.005,0.002,0.005,0,0.376,0.000,0.000,0,8,0,0
227,16.687,0.611,0.352,0.094,0.159,0.007,1,0.379,0.000,0.000,2,8,103,0
228,16.681,0.318,0.304,0.004,0.003,0.007,0,0.379,0.000,0.000,0,8,0,0
229,16.683,0.814,0.561,0.093,0.154,0.006,1,0.703,0.000,0.000,2,8,103,0
230,16.692,0.381,0.369,0.005,0.002,0.005,0,0.703,0.000,0.000,0,8,0,0
231,16.681,1.346,0.786,0.185,0.359,0.016,1,0.730,0.000,0.000,2,8,103,0
232,16.682,0.399,0.383,0.006,0.003,0.007,0,0.730,0.000,0.000,0,8,0,0
233,16.682,0.719,0.414,0.107,0.192,0.007,1,0.317,0.000,0.000,2,8,103,0
234,16.683,0.343,0.329,0.005,0.002,0.007,0,0.317,0.000,0.000,0,8,0,0
235,16.683,0.643,0.377,0.094,0.166,0.006,1,0.302,0.000,0.000,2,8,103,0
236,16.684,0.330,0.317,0.005,0.003,0.006,0,0.302,0.000,0.000,0,8,0,0
237,16.684,0.640,0.376,0.093,0.163,0.007,1,0.288,0.000,0.000,2,8,103,0
238,16.680,0.323,0.310,0.004,0.002,0.006,0,0.288,0.000,0.000,0,8,0,0
239,16.687,0.810,0.521,0.124,0.157,0.007,1,0.448,0.000,0.000,2,8,103,0
240,16.682,0.343,0.330,0.005,0.003,0.007,0,0.448,0.000,0.000,0,8,0,0
241,16.682,0.660,0.386,0.099,0.168,0.007,1,0.333,0.000,0.000,2,8,103,0
242,16.684,0.321,0.309,0.005,0.002,0.006,0,0.333,0.000,0.000,0,8,0,0
243,16.684,0.613,0.348,0.097,0.161,0.007,1,0.310,0.000,0.000,2,8,103,0
244,16.683,0.326,0.312,0.005,0.003,0.006,0,0.310,0.000,0.000,0,8,0,0
245,16.683,1.162,0.436,0.093,0.624,0.009,1,0.289,0.000,0.000,2,8,103,0
246,16.682,0.360,0.345,0.005,0.003,0.008,0,0.289,0.000,0.000,0,8,0,0
247,16.686,0.630,0.351,0.095,0.177,0.006,1,0.430,0.000,0.000,2,8,103,0
248,16.682,0.330,0.317,0.005,0.003,0.006,0,0.430,0.000,0.000,0,8,0,0
249,16.685,0.656,0.393,0.096,0.160,0.007,1,0.320,0.000,0.000,2,8,103,0
250,16.683,0.329,0.316,0.005,0.003,0.006,0,0.320,0.000,0.000,0,8,0,0
251,40.223,40.223,13.873,25.868,0.464,0.018,1,0.320,0.000,0.000,2,8,108,0
252,0.632,0.632,0.613,0.008,0.003,0.008,0,0.320,0.000,0.000,0,8,0,0
253,9.244,4.373,4.361,0.004,0.002,0.006,0,0.320,0.000,0.000,0,8,0,0
254,16.644,4.889,4.848,0.014,0.007,0.020,0,33.794,0.000,0.000,0,8,0,0
255,16.676,1.030,0.569,0.186,0.263,0.012,1,0.819,0.000,0.000,2,8,103,0
256,16.682,0.372,0.357,0.006,0.003,0.007,0,0.819,0.000,0.000,0,8,0,0
257,16.681,0.757,0.399,0.103,0.247,0.008,1,0.443,0.000,0.000,2,8,103,0
258,16.686,0.336,0.322,0.005,0.003,0.007,0,0.443,0.000,0.000,0,8,0,0
259,16.684,0.663,0.389,0.095,0.173,0.006,1,0.308,0.000,0.000,2,8,103,0
260,16.683,0.327,0.314,0.005,0.002,0.006,0,0.308,0.000,0.000,0,8,0,0
261,16.711,0.635,0.378,0.094,0.157,0.007,1,0.316,0.000,0.000,2,8,103,0
262,16.666,0.765,0.742,0.010,0.004,0.009,0,0.316,0.000,0.000,0,8,0,0
263,16.671,1.090,0.662,0.138,0.283,0.008,1,0.524,0.000,0.000,2,8,103,0
264,16.692,0.401,0.387,0.005,0.002,0.006,0,0.524,0.000,0.000,0,8,0,0
265,16.679,1.424,0.833,0.196,0.379,0.016,1,0.724,0.000,0.000,2,8,103,0
266,16.681,0.400,0.382,0.006,0.004,0.007,0,0.724,0.000,0.000,0,8,0,0
267,16.688,0.716,0.410,0.109,0.189,0.008,1,0.312,0.000,0.000,2,8,103,0
268,16.679,0.532,0.515,0.006,0.004,0.007,0,0.312,0.000,0.000,0,8,0,0
269,16.682,0.785,0.494,0.119,0.164,0.008,1,0.381,0.000,0.000,2,8,103,0
270,16.682,0.342,0.328,0.005,0.003,0.007,0,0.381,0.000,0.000,0,8,0,0
271,16.687,0.730,0.455,0.100,0.168,0.007,1,0.301,0.000,0.000,2,8,103,0
272,16.680,0.328,0.315,0.005,0.003,0.006,0,0.301,0.000,0.000,0,8,0,0
273,16.685,0.646,0.380,0.097,0.160,0.008,1,0.282,0.000,0.000,2,8,103,0
274,16.683,0.328,0.316,0.004,0.002,0.006,0,0.282,0.000,0.000,0,8,0,0
275,16.685,0.635,0.376,0.094,0.158,0.006,1,0.283,0.000,0.000,2,8,103,0
276,16.681,0.326,0.313,0.004,0.002,0.006,0,0.283,0.000,0.000,0,8,0,0
277,16.684,0.657,0.398,0.094,0.159,0.006,1,0.304,0.000,0.000,2,8,103,0
278,16.682,0.327,0.314,0.004,0.002,0.006,0,0.304,0.000,0.000,0,8,0,0
279,16.685,0.632,0.378,0.092,0.154,0.007,1,0.282,0.000,0.000,2,8,103,0
280,16.682,0.323,0.310,0.005,0.002,0.006,0,0.282,0.000,0.000,0,8,0,0
281,16.687,0.706,0.406,0.111,0.182,0.006,1,0.403,0.000,0.000,2,8,103,0
282,16.683,0.372,0.355,0.006,0.003,0.008,0,0.403,0.000,0.000,0,8,0,0
283,16.694,0.701,0.414,0.099,0.181,0.007,1,0.307,0.000,0.000,2,8,103,0
284,16.675,0.618,0.604,0.005,0.003,0.006,0,0.307,0.000,0.000,0,8,0,0
285,16.679,1.094,0.637,0.159,0.285,0.014,1,0.708,0.000,0.000,2,8,103,0
286,16.685,0.365,0.350,0.005,0.003,0.006,0,0.708,0.000,0.000,0,8,0,0
287,16.684,0.698,0.406,0.100,0.185,0.006,1,0.339,0.000,0.000,2,8,103,0
288,16.683,0.343,0.328,0.005,0.002,0.007,0,0.339,0.000,0.000,0,8,0,0
289,16.683,0.662,0.388,0.097,0.171,0.006,1,0.302,0.000,0.000,2,8,103,0
290,16.683,0.329,0.316,0.005,0.002,0.006,0,0.302,0.000,0.000,0,8,0,0
291,16.684,0.661,0.391,0.097,0.165,0.008,1,0.303,0.000,0.000,2,8,103,0
292,16.682,0.327,0.314,0.005,0.003,0.006,0,0.303,0.000,0.000,0,8,0,0
293,16.684,0.640,0.383,0.093,0.158,0.006,1,0.306,0.000,0.000,2,8,103,0
294,16.680,0.329,0.315,0.005,0.002,0.007,0,0.306,0.000,0.000,0,8,0,0
295,16.687,0.631,0.379,0.092,0.154,0.006,1,0.296,0.000,0.000,2,8,103,0
296,16.680,0.337,0.323,0.005,0.002,0.006,0,0.296,0.000,0.000,0,8,0,0
297,16.685,0.621,0.369,0.093,0.153,0.007,1,0.283,0.000,0.000,2,8,103,0
298,16.682,0.320,0.307,0.004,0.003,0.006,0,0.283,0.000,0.000,0,8,0,0
299,16.685,0.785,0.485,0.133,0.161,0.007,1,0.366,0.000,0.000,2,8,103,0
300,16.685,0.613,0.598,0.004,0.003,0.007,0,0.366,0.000,0.000,0,8,0,0
301,16.683,1.032,0.615,0.146,0.261,0.011,1,0.549,0.000,0.000,2,8,103,0
302,16.681,0.353,0.337,0.005,0.003,0.007,0,0.549,0.000,0.000,0,8,0,0
303,16.686,0.671,0.391,0.098,0.175,0.006,1,0.306,0.000,0.000,2,8,103,0
304,16.680,0.328,0.314,0.005,0.002,0.006,0,0.306,0.000,0.000,0,8,0,0
305,16.686,0.654,0.394,0.093,0.160,0.007,1,0.305,0.000,0.000,2,8,103,0
306,16.683,0.321,0.308,0.005,0.002,0.006,0,0.305,0.000,0.000,0,8,0,0
307,16.684,0.637,0.380,0.092,0.159,0.006,1,0.290,0.000,0.000,2,8,103,0
308,16.683,0.328,0.314,0.004,0.002,0.007,0,0.290,0.000,0.000,0,8,0,0
309,16.683,0.629,0.372,0.093,0.158,0.006,1,0.283,0.000,0.000,2,8,103,0
310,16.681,0.332,0.319,0.005,0.003,0.006,0,0.283,0.000,0.000,0,8,0,0
311,16.683,0.640,0.379,0.094,0.160,0.007,1,0.287,0.000,0.000,2,8,103,0
312,16.686,0.329,0.316,0.005,0.002,0.006,0,0.287,0.000,0.000,0,8,0,0
313,16.682,0.620,0.367,0.092,0.155,0.006,1,0.276,0.000,0.000,2,8,103,0
314,16.682,0.330,0.317,0.005,0.002,0.007,0,0.276,0.000,0.000,0,8,0,0
315,16.683,0.626,0.369,0.093,0.157,0.006,1,0.278,0.000,0.000,2,8,103,0
316,16.681,0.599,0.586,0.005,0.003,0.006,0,0.278,0.000,0.000,0,8,0,0
317,16.684,0.844,0.582,0.095,0.160,0.007,1,0.328,0.000,0.000,2,8,103,0
318,16.690,0.361,0.349,0.005,0.003,0.004,0,0.328,0.000,0.000,0,8,0,0
319,16.680,1.013,0.604,0.144,0.253,0.011,1,0.546,0.000,0.000,2,8,103,0
320,16.682,0.355,0.339,0.006,0.002,0.007,0,0.546,0.000,0.000,0,8,0,0
321,16.686,0.703,0.421,0.101,0.174,0.007,1,0.316,0.000,0.000,2,8,103,0
322,16.690,0.338,0.325,0.004,0.002,0.006,0,0.316,0.000,0.000,0,8,0,0
323,16.676,1.006,0.571,0.150,0.274,0.011,1,0.474,0.000,0.000,2,8,103,0
324,16.679,0.341,0.327,0.005,0.003,0.006,0,0.474,0.000,0.000,0,8,0,0
325,16.686,0.590,0.323,0.089,0.171,0.007,1,0.405,0.000,0.000,2,8,103,0
326,16.682,0.322,0.308,0.005,0.002,0.007,0,0.405,0.000,0.000,0,8,0,0
327,16.685,0.607,0.343,0.092,0.166,0.006,1,0.401,0.000,0.000,2,8,103,0
328,16.684,0.321,0.309,0.004,0.003,0.005,0,0.401,0.000,0.000,0,8,0,0
329,16.682,0.608,0.344,0.093,0.164,0.007,1,0.327,0.000,0.000,2,8,103,0
330,16.682,0.313,0.302,0.004,0.002,0.005,0,0.327,0.000,0.000,0,8,0,0
331,16.689,0.558,0.315,0.084,0.153,0.006,1,0.385,0.000,0.000,2,8,103,0
332,16.999,0.653,0.639,0.005,0.003,0.006,0,0.385,0.000,0.000,0,8,0,0
333,16.369,1.191,0.694,0.158,0.323,0.015,1,0.799,0.000,0.000,2,8,103,0
334,16.690,0.381,0.367,0.006,0.003,0.006,0,0.799,0.000,0.000,0,8,0,0
335,16.675,0.732,0.434,0.105,0.183,0.009,1,0.328,0.000,0.000,2,8,103,0
336,16.684,0.332,0.319,0.004,0.003,0.006,0,0.328,0.000,0.000,0,8,0,0
337,16.683,0.678,0.405,0.098,0.168,0.007,1,0.296,0.000,0.000,2,8,103,0
338,16.682,0.343,0.329,0.005,0.002,0.007,0,0.296,0.000,0.000,0,8,0,0
339,16.683,0.652,0.385,0.097,0.164,0.006,1,0.289,0.000,0.000,2,8,103,0
340,16.681,0.324,0.312,0.004,0.003,0.006,0,0.289,0.000,0.000,0,8,0,0
341,16.686,0.648,0.383,0.095,0.163,0.007,1,0.290,0.000,0.000,2,8,103,0
342,39.634,39.634,39.594,0.012,0.010,0.018,0,0.290,0.000,0.000,0,4,0,0
343,0.376,0.376,0.365,0.004,0.003,0.005,0,0.290,0.000,0.000,0,4,0,0
344,10.042,1.928,1.251,0.172,0.480,0.024,1,0.960,0.000,0.000,1,4,83,0
345,16.688,0.441,0.427,0.004,0.003,0.006,0,0.960,0.000,0.000,0,4,0,0
346,16.679,1.200,0.658,0.189,0.337,0.015,1,0.845,0.000,0.000,1,4,83,0
347,16.677,0.357,0.344,0.004,0.003,0.007,0,0.845,0.000,0.000,0,4,0,0
348,16.688,0.636,0.319,0.072,0.238,0.006,1,0.733,0.000,0.000,1,4,83,0
349,16.683,0.382,0.371,0.003,0.003,0.005,0,0.733,0.000,0.000,0,4,0,0
350,16.683,0.994,0.582,0.119,0.281,0.011,1,0.492,0.000,0.000,1,4,83,0
351,16.682,0.345,0.333,0.004,0.003,0.006,0,0.492,0.000,0.000,0,4,0,0
352,16.685,0.594,0.341,0.075,0.171,0.007,1,0.263,0.000,0.000,1,4,83,0
353,16.682,0.375,0.362,0.004,0.003,0.007,0,0.263,0.000,0.000,0,4,0,0
354,16.686,0.916,0.556,0.113,0.239,0.008,1,0.466,0.000,0.000,1,4,83,0
355,16.680,0.343,0.330,0.004,0.003,0.006,0,0.466,0.000,0.000,0,4,0,0
356,16.683,0.574,0.321,0.075,0.172,0.007,1,0.291,0.000,0.000,1,4,83,0
357,16.683,0.303,0.293,0.003,0.002,0.005,0,0.291,0.000,0.000,0,4,0,0
358,16.685,0.526,0.303,0.064,0.154,0.006,1,0.272,0.000,0.000,1,4,83,0
359,16.682,0.441,0.429,0.003,0.003,0.006,0,0.272,0.000,0.000,0,4,0,0
360,16.686,0.530,0.304,0.063,0.157,0.006,1,0.333,0.000,0.000,1,4,83,0
361,16.681,0.295,0.285,0.003,0.002,0.005,0,0.333,0.000,0.000,0,4,0,0
362,16.683,0.535,0.309,0.067,0.151,0.008,1,0.267,0.000,0.000,1,4,83,0
363,16.682,0.294,0.283,0.003,0.002,0.005,0,0.267,0.000,0.000,0,4,0,0
364,16.688,0.527,0.310,0.066,0.146,0.006,1,0.264,0.000,0.000,1,4,83,0
365,16.682,0.348,0.333,0.004,0.003,0.008,0,0.264,0.000,0.000,0,4,0,0
366,16.685,0.596,0.340,0.081,0.169,0.006,1,0.243,0.000,0.000,1,4,83,0
367,16.682,0.327,0.315,0.004,0.003,0.006,0,0.243,0.000,0.000,0,4,0,0
368,16.684,0.576,0.335,0.073,0.162,0.007,1,0.232,0.000,0.000,1,4,83,0
369,16.684,0.323,0.311,0.004,0.002,0.006,0,0.232,0.000,0.000,0,4,0,0
370,16.686,0.577,0.335,0.071,0.165,0.006,1,0.231,0.000,0.000,1,4,83,0
371,16.678,0.565,0.545,0.006,0.004,0.010,0,0.231,0.000,0.000,0,4,0,0
372,16.688,0.752,0.489,0.090,0.165,0.007,1,0.302,0.000,0.000,1,4,83,0
373,16.681,0.322,0.310,0.004,0.003,0.006,0,0.302,0.000,0.000,0,4,0,0
374,16.681,0.572,0.334,0.071,0.159,0.008,1,0.237,0.000,0.000,1,4,83,0
375,16.683,0.313,0.302,0.003,0.002,0.006,0,0.237,0.000,0.000,0,4,0,0
376,16.686,0.569,0.333,0.071,0.158,0.007,1,0.240,0.000,0.000,1,4,83,0
377,16.682,0.323,0.310,0.004,0.002,0.007,0,0.240,0.000,0.000,0,4,0,0
378,16.684,0.567,0.331,0.071,0.158,0.007,1,0.228,0.000,0.000,1,4,83,0
379,16.684,0.319,0.306,0.004,0.002,0.006,0,0.228,0.000,0.000,0,4,0,0
380,16.683,0.563,0.329,0.069,0.157,0.007,1,0.223,0.000,0.000,1,4,83,0
381,16.685,0.324,0.312,0.003,0.003,0.005,0,0.223,0.000,0.000,0,4,0,0
382,16.683,0.565,0.332,0.072,0.155,0.006,1,0.228,0.000,0.000,1,4,83,0
383,16.685,0.439,0.422,0.005,0.003,0.009,0,0.228,0.000,0.000,0,4,0,0
384,16.682,0.702,0.366,0.098,0.231,0.007,1,0.557,0.000,0.000,1,4,83,0
385,16.679,0.347,0.335,0.004,0.003,0.006,0,0.557,0.000,0.000,0,4,0,0
386,16.693,0.602,0.348,0.076,0.171,0.008,1,0.279,0.000,0.000,1,4,83,0
387,16.678,0.633,0.608,0.008,0.006,0.011,0,0.279,0.000,0.000,0,4,0,0
388,16.685,0.744,0.479,0.091,0.166,0.007,1,0.338,0.000,0.000,1,4,83,0
389,16.681,0.329,0.315,0.003,0.002,0.008,0,0.338,0.000,0.000,0,4,0,0
390,16.681,0.581,0.341,0.073,0.161,0.006,1,0.275,0.000,0.000,1,4,83,0
391,16.686,0.323,0.311,0.004,0.002,0.006,0,0.275,0.000,0.000,0,4,0,0
392,16.683,0.573,0.334,0.071,0.162,0.007,1,0.234,0.000,0.000,1,4,83,0
393,16.684,0.315,0.303,0.004,0.002,0.006,0,0.234,0.000,0.000,0,4,0,0
394,16.683,0.575,0.339,0.071,0.159,0.006,1,0.241,0.000,0.000,1,4,83,0
395,16.681,0.316,0.304,0.003,0.003,0.006,0,0.241,0.000,0.000,0,4,0,0
396,16.688,0.554,0.326,0.069,0.153,0.006,1,0.228,0.000,0.000,1,4,83,0
397,16.677,0.317,0.306,0.003,0.002,0.005,0,0.228,0.000,0.000,0,4,0,0
398,16.684,0.539,0.311,0.064,0.157,0.007,1,0.283,0.000,0.000,1,4,83,0
399,16.683,0.299,0.288,0.003,0.002,0.005,0,0.283,0.000,0.000,0,4,0,0
400,16.687,0.534,0.309,0.068,0.151,0.006,1,0.331,0.000,0.000,1,4,83,0
401,16.679,0.306,0.294,0.003,0.002,0.006,0,0.331,0.000,0.000,0,4,0,0
402,16.685,0.520,0.301,0.061,0.153,0.006,1,0.270,0.000,0.000,1,4,83,0
403,16.686,0.301,0.290,0.003,0.002,0.006,0,0.270,0.000,0.000,0,4,0,0
404,16.681,0.740,0.514,0.067,0.152,0.005,1,0.255,0.000,0.000,1,4,83,0
405,16.691,0.362,0.352,0.003,0.002,0.005,0,0.255,0.000,0.000,0,4,0,0
406,16.680,1.203,0.688,0.159,0.342,0.014,1,0.638,0.000,0.000,1,4,83,0
407,16.679,0.356,0.343,0.004,0.003,0.006,0,0.638,0.000,0.000,0,4,0,0
408,16.686,0.618,0.349,0.082,0.180,0.007,1,0.258,0.000,0.000,1,4,83,0
409,16.683,0.326,0.313,0.004,0.003,0.006,0,0.258,0.000,0.000,0,4,0,0
410,16.684,0.598,0.349,0.077,0.166,0.006,1,0.242,0.000,0.000,1,4,83,0
411,16.683,0.319,0.307,0.004,0.003,0.006,0,0.242,0.000,0.000,0,4,0,0
412,16.681,0.581,0.336,0.072,0.165,0.007,1,0.243,0.000,0.000,1,4,83,0
413,16.682,0.301,0.290,0.003,0.002,0.005,0,0.243,0.000,0.000,0,4,0,0
414,16.688,0.542,0.313,0.069,0.154,0.006,1,0.336,0.000,0.000,1,4,83,0
415,16.679,0.302,0.290,0.003,0.002,0.006,0,0.336,0.000,0.000,0,4,0,0
416,16.687,0.533,0.311,0.068,0.148,0.006,1,0.345,0.000,0.000,1,4,83,0
417,16.679,0.295,0.284,0.003,0.002,0.005,0,0.345,0.000,0.000,0,4,0,0
418,16.687,0.520,0.301,0.061,0.151,0.006,1,0.275,0.000,0.000,1,4,83,0
419,16.683,0.436,0.423,0.004,0.003,0.006,0,0.275,0.000,0.000,0,4,0,0
420,16.681,0.749,0.510,0.071,0.163,0.005,1,0.279,0.000,0.000,1,4,83,0
421,16.689,0.362,0.350,0.003,0.002,0.006,0,0.279,0.000,0.000,0,4,0,0
422,16.683,0.999,0.601,0.117,0.271,0.011,1,0.482,0.000,0.000,1,4,83,0
423,16.679,0.343,0.330,0.004,0.003,0.006,0,0.482,0.000,0.000,0,4,0,0
424,16.686,0.621,0.364,0.079,0.171,0.008,1,0.247,0.000,0.000,1,4,83,0
425,16.682,0.321,0.309,0.004,0.003,0.006,0,0.247,0.000,0.000,0,4,0,0
426,16.686,0.577,0.339,0.073,0.158,0.007,1,0.232,0.000,0.000,1,4,83,0
427,16.682,0.335,0.322,0.004,0.003,0.007,0,0.232,0.000,0.000,0,4,0,0
428,16.680,0.570,0.332,0.073,0.158,0.006,1,0.234,0.000,0.000,1,4,83,0
429,16.686,0.326,0.314,0.004,0.002,0.006,0,0.234,0.000,0.000,0,4,0,0
430,16.681,0.564,0.330,0.072,0.155,0.007,1,0.231,0.000,0.000,1,4,83,0
431,16.687,0.382,0.370,0.004,0.003,0.006,0,0.231,0.000,0.000,0,4,0,0
432,16.683,0.571,0.329,0.072,0.163,0.006,1,0.227,0.000,0.000,1,4,83,0
433,16.682,0.330,0.317,0.004,0.003,0.007,0,0.227,0.000,0.000,0,4,0,0
434,16.683,0.559,0.328,0.070,0.155,0.006,1,0.227,0.000,0.000,1,4,83,0
435,16.682,0.605,0.578,0.003,0.003,0.021,0,0.227,0.000,0.000,0,4,0,0
436,16.682,0.811,0.573,0.070,0.161,0.006,1,0.272,0.000,0.000,1,4,83,0
437,16.688,0.351,0.341,0.003,0.002,0.005,0,0.272,0.000,0.000,0,4,0,0
438,16.690,0.936,0.574,0.110,0.242,0.010,1,0.483,0.000,0.000,1,4,83,0
439,16.677,0.484,0.467,0.004,0.005,0.007,0,0.483,0.000,0.000,0,4,0,0
440,16.684,0.753,0.483,0.094,0.168,0.007,1,0.317,0.000,0.000,1,4,83,0
441,16.683,0.324,0.311,0.004,0.003,0.006,0,0.317,0.000,0.000,0,4,0,0
442,16.700,0.604,0.361,0.073,0.162,0.008,1,0.245,0.000,0.000,1,4,83,0
443,16.671,0.503,0.483,0.006,0.005,0.009,0,0.245,0.000,0.000,0,4,0,0
444,16.679,0.800,0.403,0.107,0.282,0.008,1,0.386,0.000,0.000,1,4,83,0
445,16.680,0.333,0.321,0.003,0.003,0.007,0,0.386,0.000,0.000,0,4,0,0
446,16.686,0.560,0.318,0.074,0.162,0.006,1,0.295,0.000,0.000,1,4,83,0
447,16.680,0.302,0.291,0.003,0.002,0.006,0,0.295,0.000,0.000,0,4,0,0
448,16.694,0.545,0.317,0.069,0.153,0.007,1,0.326,0.000,0.000,1,4,83,0
449,16.673,0.615,0.594,0.007,0.006,0.009,0,0.326,0.000,0.000,0,4,0,0
450,16.685,0.687,0.439,0.076,0.163,0.008,1,0.320,0.000,0.000,1,4,83,0
451,16.683,0.311,0.299,0.003,0.002,0.007,0,0.320,0.000,0.000,0,4,0,0
452,16.686,0.597,0.351,0.075,0.164,0.007,1,0.267,0.000,0.000,1,4,83,0
453,16.681,0.322,0.310,0.004,0.002,0.006,0,0.267,0.000,0.000,0,4,0,0
454,16.686,0.620,0.381,0.071,0.161,0.007,1,0.244,0.000,0.000,1,4,83,0
455,16.680,0.331,0.319,0.004,0.003,0.006,0,0.244,0.000,0.000,0,4,0,0
456,16.686,0.577,0.336,0.074,0.161,0.006,1,0.231,0.000,0.000,1,4,83,0
457,16.682,0.323,0.310,0.004,0.002,0.007,0,0.231,0.000,0.000,0,4,0,0
458,16.684,0.568,0.331,0.070,0.160,0.006,1,0.254,0.000,0.000,1,4,83,0
459,16.681,0.316,0.304,0.003,0.003,0.006,0,0.254,0.000,0.000,0,4,0,0
460,16.692,0.699,0.451,0.087,0.153,0.008,1,0.238,0.000,0.000,1,4,83,0
461,16.677,0.350,0.336,0.004,0.003,0.006,0,0.238,0.000,0.000,0,4,0,0
462,16.685,0.600,0.340,0.076,0.178,0.006,1,0.239,0.000,0.000,1,4,83,0
463,16.680,0.324,0.311,0.003,0.003,0.007,0,0.239,0.000,0.000,0,4,0,0
464,16.685,0.565,0.333,0.071,0.155,0.006,1,0.221,0.000,0.000,1,4,83,0
465,16.681,0.313,0.302,0.003,0.002,0.005,0,0.221,0.000,0.000,0,4,0,0
466,16.685,0.573,0.336,0.072,0.157,0.007,1,0.223,0.000,0.000,1,4,83,0
467,16.681,0.309,0.298,0.003,0.003,0.006,0,0.223,0.000,0.000,0,4,0,0
468,16.686,0.561,0.329,0.072,0.153,0.006,1,0.221,0.000,0.000,1,4,83,0
469,16.681,0.313,0.301,0.004,0.002,0.007,0,0.221,0.000,0.000,0,4,0,0
470,16.684,0.558,0.329,0.070,0.153,0.007,1,0.221,0.000,0.000,1,4,83,0
471,16.684,0.315,0.303,0.003,0.003,0.006,0,0.221,0.000,0.000,0,4,0,0
472,16.686,0.586,0.349,0.072,0.158,0.007,1,0.221,0.000,0.000,1,4,83,0
473,16.688,0.318,0.307,0.003,0.002,0.006,0,0.221,0.000,0.000,0,4,0,0
474,16.678,1.289,0.830,0.138,0.310,0.011,1,0.644,0.000,0.000,1,4,83,0
475,16.682,0.377,0.365,0.003,0.003,0.006,0,0.644,0.000,0.000,0,4,0,0
476,16.685,0.861,0.532,0.108,0.212,0.009,1,0.388,0.000,0.000,1,4,83,0
477,16.680,0.336,0.323,0.004,0.003,0.006,0,0.388,0.000,0.000,0,4,0,0
478,16.684,0.587,0.340,0.075,0.165,0.008,1,0.264,0.000,0.000,1,4,83,0
479,16.683,0.451,0.439,0.004,0.002,0.006,0,0.264,0.000,0.000,0,4,0,0
480,16.684,0.574,0.333,0.072,0.162,0.006,1,0.255,0.000,0.000,1,4,83,0
481,16.685,0.320,0.308,0.003,0.002,0.006,0,0.255,0.000,0.000,0,4,0,0
482,16.682,0.556,0.323,0.069,0.158,0.006,1,0.230,0.000,0.000,1,4,83,0
483,16.682,0.318,0.307,0.003,0.003,0.006,0,0.230,0.000,0.000,0,4,0,0
484,16.683,0.567,0.332,0.071,0.156,0.007,1,0.226,0.000,0.000,1,4,83,0
485,16.686,0.315,0.303,0.003,0.003,0.006,0,0.226,0.000,0.000,0,4,0,0
486,16.681,0.555,0.326,0.070,0.153,0.006,1,0.221,0.000,0.000,1,4,83,0
487,16.686,0.319,0.306,0.003,0.002,0.007,0,0.221,0.000,0.000,0,4,0,0
488,16.683,0.569,0.336,0.070,0.156,0.006,1,0.222,0.000,0.000,1,4,83,0
489,16.686,0.314,0.302,0.003,0.002,0.006,0,0.222,0.000,0.000,0,4,0,0
490,16.677,1.119,0.768,0.098,0.243,0.010,1,0.456,0.000,0.000,1,4,83,0
491,16.688,0.362,0.351,0.003,0.003,0.005,0,0.456,0.000,0.000,0,4,0,0
492,16.682,0.814,0.502,0.103,0.200,0.009,1,0.366,0.000,0.000,1,4,83,0
493,16.681,0.335,0.322,0.004,0.003,0.007,0,0.366,0.000,0.000,0,4,0,0
494,16.685,0.589,0.347,0.075,0.161,0.006,1,0.235,0.000,0.000,1,4,83,0
495,16.681,0.374,0.361,0.003,0.003,0.006,0,0.235,0.000,0.000,0,4,0,0
496,16.686,0.580,0.338,0.073,0.161,0.008,1,0.226,0.000,0.000,1,4,83,0
497,16.681,0.319,0.307,0.004,0.003,0.006,0,0.226,0.000,0.000,0,4,0,0
498,16.685,0.564,0.327,0.073,0.158,0.006,1,0.232,0.000,0.000,1,4,83,0
499,16.681,0.324,0.311,0.004,0.003,0.006,0,0.232,0.000,0.000,0,4,0,0
500,16.687,0.570,0.335,0.072,0.157,0.006,1,0.224,0.000,0.000,1,4,83,0
501,16.681,0.312,0.300,0.004,0.002,0.006,0,0.224,0.000,0.000,0,4,0,0
502,16.719,0.607,0.373,0.070,0.158,0.007,1,0.223,0.000,0.000,1,4,83,0
503,16.672,0.414,0.400,0.004,0.003,0.008,0,0.223,0.000,0.000,0,4,0,0
504,16.672,0.977,0.578,0.147,0.241,0.011,1,0.400,0.000,0.000,1,4,83,0
505,16.684,0.459,0.442,0.005,0.004,0.008,0,0.400,0.000,0.000,0,4,0,0
506,16.671,1.372,0.901,0.127,0.332,0.013,1,0.632,0.000,0.000,1,4,83,0
507,16.683,0.388,0.376,0.003,0.003,0.006,0,0.632,0.000,0.000,0,4,0,0
508,16.686,0.997,0.577,0.128,0.281,0.011,1,0.498,0.000,0.000,1,4,83,0
509,16.681,0.382,0.368,0.005,0.003,0.006,0,0.498,0.000,0.000,0,4,0,0
510,16.687,0.634,0.356,0.082,0.188,0.008,1,0.297,0.000,0.000,1,4,83,0
511,16.679,0.343,0.329,0.004,0.003,0.007,0,0.297,0.000,0.000,0,4,0,0
512,16.686,0.583,0.334,0.076,0.167,0.006,1,0.257,0.000,0.000,1,4,83,0
513,16.684,0.327,0.314,0.004,0.003,0.007,0,0.257,0.000,0.000,0,4,0,0
514,16.682,0.572,0.331,0.072,0.162,0.007,1,0.232,0.000,0.000,1,4,83,0
515,16.682,0.313,0.301,0.003,0.003,0.006,0,0.232,0.000,0.000,0,4,0,0
516,16.687,0.592,0.355,0.074,0.156,0.007,1,0.225,0.000,0.000,1,4,83,0
517,16.679,0.318,0.306,0.004,0.002,0.006,0,0.225,0.000,0.000,0,4,0,0
518,16.683,0.567,0.332,0.073,0.156,0.006,1,0.251,0.000,0.000,1,4,83,0
519,16.683,0.322,0.309,0.004,0.002,0.007,0,0.251,0.000,0.000,0,4,0,0
520,16.736,0.617,0.383,0.071,0.156,0.006,1,0.423,0.000,0.000,1,4,83,0
521,16.638,0.673,0.645,0.008,0.007,0.012,0,0.423,0.000,0.000,0,4,0,0
522,16.683,1.408,0.899,0.174,0.321,0.014,1,0.788,0.000,0.000,2,8,103,0
523,16.677,0.374,0.359,0.006,0.003,0.006,0,0.788,0.000,0.000,0,8,0,0
524,16.686,0.655,0.363,0.105,0.180,0.008,1,0.410,0.000,0.000,2,8,103,0
525,16.680,0.337,0.323,0.005,0.003,0.007,0,0.410,0.000,0.000,0,8,0,0
526,16.688,0.652,0.386,0.093,0.166,0.007,1,0.294,0.000,0.000,2,8,103,0
527,16.679,0.343,0.330,0.005,0.002,0.006,0,0.294,0.000,0.000,0,8,0,0
528,16.686,0.651,0.379,0.096,0.168,0.008,1,0.300,0.000,0.000,2,8,103,0
529,16.683,0.333,0.319,0.005,0.003,0.006,0,0.300,0.000,0.000,0,8,0,0
530,16.681,0.630,0.369,0.093,0.162,0.006,1,0.286,0.000,0.000,2,8,103,0
531,16.687,0.331,0.317,0.004,0.002,0.007,0,0.286,0.000,0.000,0,8,0,0
532,16.681,0.645,0.385,0.093,0.161,0.006,1,0.283,0.000,0.000,2,8,103,0
533,16.683,0.327,0.315,0.005,0.002,0.006,0,0.283,0.000,0.000,0,8,0,0
534,16.686,0.653,0.386,0.096,0.164,0.008,1,0.284,0.000,0.000,2,8,103,0
535,16.680,0.325,0.313,0.005,0.002,0.006,0,0.284,0.000,0.000,0,8,0,0
536,16.686,0.634,0.378,0.095,0.154,0.006,1,0.277,0.000,0.000,2,8,103,0
537,16.682,0.328,0.314,0.005,0.002,0.007,0,0.277,0.000,0.000,0,8,0,0
538,16.688,1.600,1.010,0.200,0.372,0.019,1,0.744,0.000,0.000,2,8,103,0
539,16.679,0.789,0.775,0.006,0.003,0.005,0,0.744,0.000,0.000,0,8,0,0
540,16.685,0.955,0.588,0.136,0.217,0.014,1,0.560,0.000,0.000,2,8,103,0
541,16.684,0.353,0.340,0.005,0.003,0.006,0,0.560,0.000,0.000,0,8,0,0
542,16.682,0.652,0.379,0.098,0.168,0.006,1,0.296,0.000,0.000,2,8,103,0
543,16.682,0.331,0.318,0.005,0.002,0.006,0,0.296,0.000,0.000,0,8,0,0
544,16.686,0.646,0.382,0.097,0.161,0.006,1,0.303,0.000,0.000,2,8,103,0
545,16.683,0.327,0.314,0.005,0.002,0.006,0,0.303,0.000,0.000,0,8,0,0
546,16.684,0.633,0.375,0.092,0.158,0.007,1,0.282,0.000,0.000,2,8,103,0
547,16.680,0.320,0.308,0.005,0.002,0.005,0,0.282,0.000,0.000,0,8,0,0
548,16.686,0.628,0.375,0.092,0.154,0.006,1,0.286,0.000,0.000,2,8,103,0
549,16.682,0.322,0.308,0.005,0.003,0.007,0,0.286,0.000,0.000,0,8,0,0
550,16.684,0.732,0.387,0.182,0.155,0.006,1,0.304,0.000,0.000,2,8,103,0
551,16.684,0.324,0.312,0.005,0.002,0.006,0,0.304,0.000,0.000,0,8,0,0
552,16.684,0.630,0.376,0.092,0.155,0.008,1,0.279,0.000,0.000,2,8,103,0
553,16.687,7.698,7.664,0.012,0.007,0.015,0,0.279,0.000,0.000,0,8,0,0
554,16.680,1.177,0.604,0.174,0.391,0.008,1,0.412,0.000,0.000,2,8,103,0
555,16.680,0.394,0.378,0.006,0.003,0.007,0,0.412,0.000,0.000,0,8,0,0
556,16.683,0.703,0.406,0.106,0.186,0.007,1,0.334,0.000,0.000,2,8,103,0
557,16.681,0.316,0.303,0.004,0.003,0.005,0,0.334,0.000,0.000,0,8,0,0
558,16.685,0.626,0.373,0.092,0.153,0.007,1,0.317,0.000,0.000,2,8,103,0
559,16.682,0.375,0.363,0.004,0.002,0.006,0,0.317,0.000,0.000,0,8,0,0
560,16.687,0.623,0.373,0.091,0.154,0.006,1,0.313,0.000,0.000,2,8,103,0
561,16.682,0.316,0.303,0.004,0.002,0.007,0,0.313,0.000,0.000,0,8,0,0
562,16.687,0.570,0.324,0.090,0.150,0.007,1,0.472,0.000,0.000,2,8,103,0
563,16.685,0.323,0.311,0.004,0.002,0.005,0,0.472,0.000,0.000,0,8,0,0
564,16.684,1.000,0.577,0.150,0.259,0.014,1,0.661,0.000,0.000,2,8,103,0
565,16.680,0.340,0.327,0.005,0.003,0.005,0,0.661,0.000,0.000,0,8,0,0
566,16.684,0.640,0.362,0.101,0.170,0.007,1,0.424,0.000,0.000,2,8,103,0
567,16.679,0.327,0.313,0.005,0.002,0.007,0,0.424,0.000,0.000,0,8,0,0
568,16.689,0.592,0.334,0.093,0.158,0.006,1,0.393,0.000,0.000,2,8,103,0
569,16.680,0.329,0.316,0.005,0.003,0.006,0,0.393,0.000,0.000,0,8,0,0
570,16.684,0.879,0.619,0.093,0.160,0.007,1,0.725,0.000,0.000,2,8,103,0
571,16.693,0.379,0.367,0.005,0.002,0.005,0,0.725,0.000,0.000,0,8,0,0
572,16.679,1.362,0.813,0.184,0.346,0.019,1,0.881,0.000,0.000,2,8,103,0
573,16.682,0.403,0.387,0.006,0.003,0.008,0,0.881,0.000,0.000,0,8,0,0
574,16.683,0.719,0.416,0.106,0.190,0.007,1,0.343,0.000,0.000,2,8,103,0
575,16.683,0.344,0.331,0.005,0.002,0.006,0,0.343,0.000,0.000,0,8,0,0
576,16.690,0.663,0.389,0.096,0.170,0.007,1,0.294,0.000,0.000,2,8,103,0
577,16.677,0.562,0.542,0.006,0.006,0.007,0,0.294,0.000,0.000,0,8,0,0
578,16.691,0.788,0.500,0.117,0.164,0.007,1,0.379,0.000,0.000,2,8,103,0
579,16.675,0.497,0.481,0.005,0.004,0.008,0,0.379,0.000,0.000,0,8,0,0
580,16.681,0.786,0.483,0.130,0.166,0.008,1,0.365,0.000,0.000,2,8,103,0
581,16.687,0.334,0.320,0.004,0.003,0.006,0,0.365,0.000,0.000,0,8,0,0
582,16.683,0.669,0.400,0.097,0.164,0.008,1,0.303,0.000,0.000,2,8,103,0
583,16.681,0.330,0.317,0.005,0.002,0.006,0,0.303,0.000,0.000,0,8,0,0
584,16.684,0.650,0.390,0.096,0.158,0.006,1,0.306,0.000,0.000,2,8,103,0
585,16.684,0.329,0.315,0.005,0.002,0.007,0,0.306,0.000,0.000,0,8,0,0
586,16.682,1.126,0.427,0.093,0.596,0.009,1,0.286,0.000,0.000,2,8,103,0
587,16.684,0.357,0.343,0.005,0.003,0.006,0,0.286,0.000,0.000,0,8,0,0
588,16.684,0.676,0.404,0.094,0.171,0.007,1,0.318,0.000,0.000,2,8,103,0
589,16.683,0.380,0.367,0.005,0.003,0.006,0,0.318,0.000,0.000,0,8,0,0
590,16.684,1.025,0.604,0.161,0.251,0.009,1,0.677,0.000,0.000,2,8,103,0
591,16.680,0.346,0.332,0.005,0.003,0.006,0,0.677,0.000,0.000,0,8,0,0
592,16.684,0.602,0.332,0.097,0.164,0.008,1,0.422,0.000,0.000,2,8,103,0
593,16.682,0.317,0.305,0.004,0.003,0.005,0,0.422,0.000,0.000,0,8,0,0
594,16.683,0.674,0.404,0.095,0.167,0.008,1,0.351,0.000,0.000,2,8,103,0
595,16.682,0.311,0.299,0.004,0.002,0.005,0,0.351,0.000,0.000,0,8,0,0
596,16.688,0.566,0.318,0.090,0.151,0.007,1,0.396,0.000,0.000,2,8,103,0
597,16.679,0.314,0.301,0.004,0.002,0.006,0,0.396,0.000,0.000,0,8,0,0
598,16.689,0.572,0.323,0.091,0.151,0.007,1,0.407,0.000,0.000,2,8,103,0
599,16.681,0.439,0.427,0.004,0.003,0.006,0,0.407,0.000,0.000,0,8,0,0
600,16.685,0.621,0.355,0.095,0.163,0.008,1,0.410,0.000,0.000,2,8,103,0
601,16.679,0.365,0.352,0.005,0.002,0.006,0,0.410,0.000,0.000,0,8,0,0
602,16.687,0.579,0.326,0.091,0.154,0.008,1,0.387,0.000,0.000,2,8,103,0
603,16.687,0.371,0.359,0.004,0.002,0.005,0,0.387,0.000,0.000,0,8,0,0
604,16.681,1.019,0.603,0.144,0.261,0.010,1,0.513,0.000,0.000,2,8,103,0
605,16.684,0.384,0.368,0.006,0.003,0.008,0,0.513,0.000,0.000,0,8,0,0
606,16.683,0.690,0.395,0.103,0.186,0.006,1,0.320,0.000,0.000,2,8,103,0
607,16.684,0.338,0.325,0.005,0.002,0.006,0,0.320,0.000,0.000,0,8,0,0
608,16.688,0.653,0.383,0.096,0.167,0.007,1,0.285,0.000,0.000,2,8,103,0
609,16.678,0.526,0.509,0.006,0.004,0.007,0,0.285,0.000,0.000,0,8,0,0
610,16.682,0.734,0.469,0.097,0.161,0.007,1,0.352,0.000,0.000,2,8,103,0
611,16.686,0.333,0.319,0.005,0.002,0.007,0,0.352,0.000,0.000,0,8,0,0
612,16.683,0.649,0.391,0.093,0.159,0.006,1,0.311,0.000,0.000,2,8,103,0
613,16.683,0.824,0.789,0.004,0.025,0.006,0,0.311,0.000,0.000,0,4,0,0
614,575.342,575.342,497.363,77.505,0.457,0.017,1,0.311,0.000,0.000,135,11280,917,9896
615,4.052,4.052,4.021,0.009,0.008,0.014,0,0.311,0.000,0.000,0,8,0,0
616,1.196,1.196,1.179,0.008,0.003,0.006,0,0.311,0.000,0.000,0,8,0,0
617,1.057,1.057,1.043,0.006,0.003,0.006,0,0.311,0.000,0.000,0,8,0,0
618,1.001,1.001,0.988,0.005,0.002,0.005,0,0.311,0.000,0.000,0,8,0,0
619,0.988,0.988,0.975,0.005,0.002,0.005,0,0.311,0.000,0.000,0,8,0,0
620,6.903,6.903,3.903,2.765,0.225,0.010,1,76.245,0.270,0.000,135,11280,1065,0
621,1.152,1.152,1.137,0.007,0.003,0.006,0,76.245,0.270,0.000,0,8,0,0
622,1.009,1.009,0.996,0.005,0.002,0.005,0,6.042,1.323,0.000,0,8,0,0
623,0.932,0.932,0.919,0.005,0.002,0.005,0,6.042,1.323,0.000,0,8,0,0
624,1.619,1.619,1.587,0.011,0.007,0.014,0,6.042,1.323,0.000,0,8,0,0
625,0.858,0.858,0.843,0.005,0.003,0.006,0,6.042,1.323,0.000,0,8,0,0
626,5.373,5.373,2.618,2.581,0.165,0.009,1,6.042,1.323,0.000,135,11280,1065,0
627,1.564,1.564,1.548,0.007,0.003,0.007,0,5.152,1.223,0.000,0,8,0,0
628,0.829,0.829,0.817,0.005,0.002,0.005,0,5.152,1.223,0.000,0,8,0,0
629,0.937,0.937,0.923,0.005,0.003,0.006,0,5.152,1.223,0.000,0,8,0,0
630,0.763,0.763,0.751,0.005,0.002,0.005,0,5.152,1.223,0.000,0,8,0,0
631,0.736,0.736,0.723,0.005,0.002,0.006,0,5.152,1.223,0.000,0,8,0,0
632,4.724,4.724,1.942,2.551,0.224,0.008,1,5.152,1.223,0.000,135,11280,1065,0
633,0.814,0.814,0.800,0.006,0.002,0.006,0,5.152,1.223,0.000,0,8,0,0
634,0.755,0.755,0.741,0.005,0.002,0.007,0,5.152,1.223,0.000,0,8,0,0
635,1.661,1.661,1.631,0.011,0.007,0.012,0,5.404,1.210,0.000,0,8,0,0
636,1.006,1.006,0.989,0.007,0.003,0.007,0,5.404,1.210,0.000,0,8,0,0
637,0.757,0.757,0.745,0.005,0.002,0.006,0,5.404,1.210,0.000,0,8,0,0
638,4.524,4.524,1.882,2.484,0.150,0.008,1,5.404,1.210,0.000,135,11280,1065,0
639,0.804,0.804,0.790,0.005,0.003,0.006,0,5.404,1.210,0.000,0,8,0,0
640,0.846,0.846,0.832,0.006,0.002,0.006,0,5.404,1.210,0.000,0,8,0,0
641,0.760,0.760,0.747,0.005,0.002,0.006,0,5.404,1.210,0.000,0,8,0,0
642,0.741,0.741,0.729,0.005,0.002,0.005,0,5.695,1.218,0.000,0,8,0,0
643,0.731,0.731,0.719,0.005,0.002,0.005,0,5.695,1.218,0.000,0,8,0,0
644,6.195,6.195,2.770,3.128,0.279,0.019,1,5.695,1.218,0.000,135,11280,1066,0
645,1.334,1.334,1.315,0.007,0.005,0.007,0,5.695,1.218,0.000,0,8,0,0
646,0.866,0.866,0.852,0.006,0.002,0.005,0,5.572,1.287,0.000,0,8,0,0
647,1.327,1.327,1.300,0.009,0.005,0.012,0,5.572,1.287,0.000,0,8,0,0
648,0.794,0.794,0.780,0.006,0.002,0.006,0,5.572,1.287,0.000,0,8,0,0
649,0.761,0.761,0.748,0.005,0.003,0.005,0,5.572,1.287,0.000,0,8,0,0
650,5.885,5.885,2.518,3.170,0.186,0.011,1,5.572,1.287,0.000,135,11280,1065,0
651,1.124,1.124,1.110,0.007,0.003,0.006,0,4.942,1.241,0.000,0,8,0,0
652,7.937,0.861,0.849,0.005,0.002,0.005,0,4.942,1.241,0.000,0,8,0,0
653,16.681,5.545,2.609,2.561,0.361,0.014,1,5.258,1.237,0.000,135,11280,1065,0
654,16.681,0.995,0.976,0.007,0.003,0.009,0,5.258,1.237,0.000,0,8,0,0
655,16.685,4.884,2.029,2.596,0.250,0.009,1,5.093,1.214,0.000,135,11280,1065,0
656,16.680,0.963,0.943,0.007,0.004,0.009,0,5.093,1.214,0.000,0,8,0,0
657,16.687,6.024,2.703,2.938,0.368,0.015,1,4.903,1.303,0.000,135,11280,1065,0
658,16.682,1.040,1.024,0.007,0.004,0.006,0,4.903,1.303,0.000,0,8,0,0
659,16.685,6.330,3.271,2.665,0.376,0.017,1,5.069,1.233,0.000,135,11280,1065,0
660,16.678,0.953,0.935,0.007,0.004,0.008,0,5.069,1.233,0.000,0,8,0,0
661,16.688,5.321,2.064,3.007,0.241,0.009,1,4.930,1.209,0.000,135,11280,1066,0
662,16.680,0.925,0.906,0.006,0.004,0.008,0,4.930,1.209,0.000,0,8,0,0
663,16.685,5.286,2.025,2.522,0.731,0.008,1,4.860,1.196,0.000,135,11280,1065,0
664,16.683,0.919,0.901,0.007,0.004,0.007,0,4.860,1.196,0.000,0,8,0,0
665,16.685,4.817,1.973,2.607,0.227,0.010,1,4.977,1.202,0.000,135,11280,1065,0
666,16.682,0.941,0.923,0.007,0.004,0.007,0,4.977,1.202,0.000,0,8,0,0
667,16.684,4.858,1.999,2.615,0.233,0.011,1,4.944,1.203,0.000,135,11280,1065,0
668,16.678,0.948,0.927,0.007,0.004,0.009,0,4.944,1.203,0.000,0,8,0,0
669,16.687,4.847,1.966,2.565,0.308,0.008,1,4.943,1.204,0.000,135,11280,1065,0
670,16.683,0.958,0.937,0.008,0.005,0.008,0,4.943,1.204,0.000,0,8,0,0
671,16.686,4.823,1.983,2.577,0.253,0.010,1,4.988,1.226,0.000,135,11280,1066,0
672,16.679,0.974,0.954,0.008,0.004,0.009,0,4.988,1.226,0.000,0,8,0,0
673,16.688,6.417,2.922,3.088,0.392,0.015,1,4.945,1.319,0.000,135,11280,1065,0
674,16.681,1.079,1.061,0.007,0.004,0.008,0,4.945,1.319,0.000,0,8,0,0
675,16.684,6.209,2.639,3.188,0.365,0.017,1,4.979,1.233,0.000,135,11280,1065,0
676,16.680,1.070,1.054,0.005,0.004,0.007,0,4.979,1.233,0.000,0,4,0,0
677,16.688,5.435,2.046,3.139,0.242,0.009,1,4.864,1.195,0.000,134,11276,1040,0
678,16.681,0.917,0.900,0.005,0.004,0.008,0,4.864,1.195,0.000,0,4,0,0
679,16.690,4.805,2.017,2.559,0.221,0.008,1,5.226,1.196,0.000,134,11276,1040,0
680,16.682,1.015,0.998,0.005,0.004,0.008,0,5.226,1.196,0.000,0,4,0,0
681,16.685,5.887,2.796,2.699,0.378,0.013,1,5.287,1.264,0.000,134,11276,1041,0
682,16.675,0.961,0.944,0.006,0.003,0.008,0,5.287,1.264,0.000,0,4,0,0
683,16.726,4.775,2.005,2.468,0.293,0.009,1,5.007,1.212,0.000,134,11276,1040,0
684,16.650,1.180,1.158,0.007,0.005,0.010,0,5.007,1.212,0.000,0,4,0,0
685,16.687,5.060,2.203,2.519,0.326,0.012,1,5.277,1.232,0.000,134,11276,1040,0
686,16.670,0.973,0.956,0.004,0.004,0.009,0,5.277,1.232,0.000,0,4,0,0
687,16.693,4.854,2.120,2.478,0.248,0.008,1,5.554,1.206,0.000,134,11276,1040,0
688,16.674,0.954,0.936,0.005,0.004,0.009,0,5.554,1.206,0.000,0,4,0,0
689,16.688,4.804,2.093,2.468,0.232,0.010,1,5.688,1.213,0.000,134,11276,1040,0
690,16.676,0.965,0.948,0.005,0.004,0.009,0,5.688,1.213,0.000,0,4,0,0
691,16.697,4.747,1.964,2.526,0.246,0.011,1,5.069,1.681,0.000,134,11276,1041,0
692,16.670,1.480,1.453,0.005,0.008,0.014,0,5.069,1.681,0.000,0,4,0,0
693,16.686,5.973,3.164,2.524,0.272,0.012,1,5.042,1.268,0.000,134,11276,1040,0
694,16.684,0.946,0.930,0.005,0.004,0.007,0,5.042,1.268,0.000,0,4,0,0
695,16.694,4.659,2.020,2.458,0.172,0.009,1,4.824,1.198,0.000,134,11276,1040,0
696,16.672,1.480,1.454,0.009,0.006,0.011,0,4.824,1.198,0.000,0,4,0,0
697,16.688,5.047,2.387,2.434,0.213,0.013,1,5.216,1.222,0.000,134,11276,1040,0
698,16.675,0.951,0.936,0.004,0.003,0.008,0,5.216,1.222,0.000,0,4,0,0
699,16.690,4.790,2.084,2.473,0.225,0.009,1,4.939,1.238,0.000,134,11276,1040,0
700,16.678,0.945,0.928,0.005,0.004,0.008,0,4.939,1.238,0.000,0,4,0,0
701,16.687,4.754,2.019,2.483,0.243,0.009,1,5.050,1.209,0.000,134,11276,1041,0
702,16.679,0.938,0.922,0.005,0.004,0.007,0,5.050,1.209,0.000,0,4,0,0
703,16.688,4.697,1.991,2.459,0.238,0.009,1,4.978,1.211,0.000,134,11276,1040,0
704,16.681,0.933,0.917,0.005,0.003,0.008,0,4.978,1.211,0.000,0,4,0,0
705,16.688,4.778,2.016,2.520,0.233,0.009,1,5.219,1.239,0.000,134,11276,1040,0
706,16.676,1.166,1.144,0.009,0.004,0.009,0,5.219,1.239,0.000,0,16,0,0
707,16.722,14.024,3.030,10.635,0.348,0.012,1,5.219,1.239,0.000,137,11288,1106,0
708,16.649,1.718,1.682,0.016,0.007,0.013,0,14.118,1.230,0.000,0,16,0,0
709,16.684,5.973,2.255,3.401,0.302,0.014,1,5.376,1.271,0.000,137,11288,1091,0
710,16.683,1.029,1.007,0.010,0.004,0.008,0,5.376,1.271,0.000,0,16,0,0
711,16.691,5.626,2.128,2.709,0.780,0.010,1,5.437,1.310,0.000,137,11288,1092,0
712,16.675,1.539,1.507,0.013,0.007,0.012,0,5.437,1.310,0.000,0,16,0,0
713,16.682,5.621,2.636,2.733,0.242,0.010,1,5.393,1.225,0.000,137,11288,1091,0
714,16.682,0.980,0.960,0.008,0.004,0.008,0,5.393,1.225,0.000,0,16,0,0
715,16.693,4.853,1.973,2.626,0.246,0.009,1,5.248,1.201,0.000,137,11288,1091,0
716,16.674,0.981,0.962,0.008,0.004,0.007,0,5.248,1.201,0.000,0,16,0,0
717,20.026,20.026,8.620,10.987,0.405,0.014,1,5.248,1.201,0.000,142,11940,1162,0
718,13.350,8.989,8.939,0.015,0.013,0.022,0,25.410,1.210,0.000,0,668,0,0
719,16.678,6.784,3.553,2.884,0.329,0.018,1,5.291,1.281,0.000,142,11940,1142,0
720,16.685,1.346,1.322,0.013,0.003,0.006,0,5.291,1.281,0.000,0,668,0,0
721,16.690,6.486,3.248,2.859,0.363,0.016,1,6.178,1.267,0.000,143,11940,1145,0
722,16.669,1.321,1.296,0.013,0.004,0.007,0,6.178,1.267,0.000,0,668,0,0
723,16.696,5.363,2.368,2.729,0.257,0.008,1,6.014,1.217,0.000,142,11940,1142,0
724,16.671,1.305,1.279,0.013,0.004,0.008,0,6.014,1.217,0.000,0,668,0,0
725,16.695,5.375,2.331,2.788,0.246,0.009,1,5.225,1.721,0.000,142,11940,1142,0
726,16.672,1.297,1.272,0.013,0.004,0.008,0,5.225,1.721,0.000,0,668,0,0
727,16.683,5.657,2.632,2.786,0.230,0.009,1,5.592,1.243,0.000,142,11940,1142,0
728,16.689,1.262,1.241,0.013,0.003,0.005,0,5.592,1.243,0.000,0,668,0,0
729,16.684,7.191,3.769,2.967,0.436,0.018,1,5.482,1.331,0.000,142,11940,1142,0
730,16.679,1.303,1.279,0.014,0.003,0.008,0,5.482,1.331,0.000,0,668,0,0
731,16.688,5.351,2.349,2.723,0.270,0.008,1,5.334,1.201,0.000,142,11940,1143,0
732,16.680,1.308,1.280,0.014,0.004,0.009,0,5.334,1.201,0.000,0,668,0,0
733,16.685,5.343,2.394,2.733,0.204,0.011,1,5.095,1.198,0.000,142,11940,1142,0
734,16.681,1.286,1.262,0.013,0.004,0.008,0,5.095,1.198,0.000,0,668,0,0
735,16.684,5.489,2.496,2.735,0.250,0.009,1,5.164,1.210,0.000,142,11940,1142,0
736,16.683,1.297,1.272,0.013,0.004,0.008,0,5.164,1.210,0.000,0,668,0,0
737,16.685,5.906,2.436,3.205,0.255,0.010,1,5.111,1.201,0.000,142,11940,1142,0
738,16.684,1.279,1.255,0.013,0.003,0.008,0,5.111,1.201,0.000,0,668,0,0
739,16.683,5.973,2.843,2.851,0.269,0.011,1,5.075,1.211,0.000,142,11940,1142,0
740,16.679,1.810,1.770,0.020,0.007,0.012,0,5.075,1.211,0.000,0,668,0,0
741,16.684,6.220,2.753,3.201,0.252,0.014,1,5.391,1.212,0.000,142,11940,1143,0
742,16.685,1.267,1.241,0.013,0.004,0.010,0,5.391,1.212,0.000,0,668,0,0
743,16.688,5.824,2.333,2.791,0.690,0.010,1,5.085,1.196,0.000,142,11940,1142,0
744,16.693,1.302,1.278,0.014,0.004,0.007,0,5.085,1.196,0.000,0,668,0,0
745,16.673,6.015,2.761,2.899,0.340,0.015,1,5.543,1.230,0.000,142,11940,1142,0
746,16.702,1.335,1.310,0.013,0.004,0.008,0,5.543,1.230,0.000,0,668,0,0
747,16.684,6.031,2.765,2.908,0.343,0.015,1,5.535,1.221,0.000,142,11940,1142,0
748,16.668,1.537,1.503,0.017,0.006,0.012,0,5.535,1.221,0.000,0,668,0,0
749,16.694,6.030,2.738,2.951,0.327,0.014,1,6.958,1.294,0.000,142,11940,1142,0
750,16.671,1.490,1.457,0.016,0.006,0.010,0,6.958,1.294,0.000,0,668,0,0
751,16.682,5.773,2.604,2.840,0.315,0.014,1,5.858,1.283,0.000,142,11940,1143,0
752,16.681,1.357,1.329,0.014,0.005,0.009,0,5.858,1.283,0.000,0,668,0,0
753,16.685,5.919,2.421,3.197,0.287,0.014,1,5.283,1.280,0.000,142,11940,1142,0
754,16.678,1.288,1.261,0.013,0.004,0.009,0,5.283,1.280,0.000,0,668,0,0
755,16.684,5.830,2.826,2.739,0.256,0.009,1,5.364,1.234,0.000,142,11940,1142,0
756,16.684,1.275,1.252,0.013,0.003,0.008,0,5.364,1.234,0.000,0,668,0,0
757,16.687,5.828,2.800,2.761,0.256,0.010,1,5.213,1.215,0.000,142,11940,1142,0
758,16.680,1.277,1.251,0.013,0.003,0.008,0,5.213,1.215,0.000,0,668,0,0
759,16.688,5.316,2.358,2.714,0.235,0.009,1,5.567,1.211,0.000,142,11940,1142,0
760,16.683,1.379,1.352,0.014,0.004,0.008,0,5.567,1.211,0.000,0,668,0,0
761,16.684,6.775,3.320,2.976,0.461,0.018,1,5.858,1.256,0.000,142,11940,1143,0
762,16.684,1.387,1.362,0.013,0.004,0.008,0,5.858,1.256,0.000,0,668,0,0
763,16.681,6.250,3.058,2.822,0.351,0.019,1,5.450,1.319,0.000,142,11940,1142,0
764,16.680,1.326,1.301,0.013,0.004,0.008,0,5.450,1.319,0.000,0,668,0,0
765,16.685,5.475,2.457,2.753,0.256,0.008,1,5.397,1.206,0.000,142,11940,1142,0
766,16.683,1.298,1.272,0.013,0.004,0.008,0,5.397,1.206,0.000,0,668,0,0
767,16.686,5.400,2.402,2.732,0.259,0.007,1,5.237,1.211,0.000,142,11940,1142,0
768,16.680,1.294,1.268,0.014,0.004,0.008,0,5.237,1.211,0.000,0,668,0,0
769,16.686,5.916,2.458,3.185,0.260,0.013,1,5.069,1.201,0.000,142,11940,1143,0
770,16.679,1.257,1.234,0.013,0.003,0.007,0,5.069,1.201,0.000,0,668,0,0
771,16.688,5.860,2.397,3.191,0.263,0.010,1,5.131,1.194,0.000,142,11940,1142,0
772,16.678,1.255,1.231,0.013,0.003,0.008,0,5.131,1.194,0.000,0,668,0,0
773,16.688,5.995,2.401,3.329,0.254,0.011,1,5.169,1.203,0.000,142,11940,1142,0
774,16.681,1.271,1.246,0.013,0.004,0.007,0,5.169,1.203,0.000,0,668,0,0
775,16.688,5.403,2.454,2.719,0.220,0.009,1,5.438,1.214,0.000,142,11940,1142,0
776,16.684,1.335,1.311,0.013,0.004,0.007,0,5.438,1.214,0.000,0,668,0,0
777,16.678,7.459,3.949,3.040,0.455,0.016,1,5.277,1.275,0.000,142,11940,1142,0
778,16.682,1.296,1.271,0.014,0.003,0.008,0,5.277,1.275,0.000,0,668,0,0
779,16.688,5.416,2.487,2.738,0.179,0.012,1,5.410,1.204,0.000,142,11940,1143,0
780,16.678,1.326,1.299,0.014,0.004,0.009,0,5.410,1.204,0.000,0,668,0,0
781,16.687,5.371,2.362,2.738,0.260,0.010,1,5.155,1.206,0.000,142,11940,1142,0
782,16.679,1.285,1.260,0.014,0.004,0.008,0,5.155,1.206,0.000,0,668,0,0
783,16.695,5.405,2.329,2.821,0.244,0.012,1,5.265,1.220,0.000,142,11940,1142,0
784,16.672,1.268,1.242,0.014,0.004,0.008,0,5.265,1.220,0.000,0,668,0,0
785,16.698,5.338,2.391,2.717,0.221,0.010,1,5.335,1.599,0.000,142,11940,1142,0
786,16.670,1.291,1.265,0.013,0.004,0.008,0,5.335,1.599,0.000,0,668,0,0
787,16.693,5.337,2.366,2.725,0.235,0.011,1,5.720,1.217,0.000,142,11940,1142,0
788,16.673,1.757,1.716,0.021,0.007,0.012,0,5.720,1.217,0.000,0,668,0,0
789,16.691,5.687,2.601,2.824,0.252,0.011,1,5.948,1.227,0.000,142,11940,1143,0
790,16.676,1.305,1.279,0.014,0.004,0.009,0,5.948,1.227,0.000,0,668,0,0
791,16.689,5.328,2.310,2.773,0.237,0.008,1,5.332,1.212,0.000,142,11940,1142,0
792,16.678,1.278,1.254,0.013,0.003,0.007,0,5.332,1.212,0.000,0,668,0,0
793,16.692,5.320,2.317,2.766,0.228,0.009,1,5.300,1.208,0.000,142,11940,1142,0
794,16.675,1.735,1.696,0.020,0.007,0.011,0,5.300,1.208,0.000,0,668,0,0
795,16.689,5.715,2.715,2.742,0.246,0.012,1,5.311,1.227,0.000,142,11940,1142,0
796,16.676,1.279,1.253,0.013,0.003,0.010,0,5.311,1.227,0.000,0,668,0,0
797,16.690,5.230,2.296,2.692,0.235,0.007,1,5.198,1.204,0.000,142,11940,1142,0
798,16.677,1.263,1.240,0.012,0.003,0.008,0,5.198,1.204,0.000,0,668,0,0
799,16.693,5.398,2.318,2.833,0.238,0.009,1,5.305,1.212,0.000,142,11940,1143,0
800,16.677,1.405,1.375,0.014,0.005,0.011,0,5.305,1.212,0.000,0,668,0,0
801,16.687,5.587,2.414,2.877,0.284,0.012,1,5.634,1.686,0.000,142,11940,1142,0
802,16.676,1.333,1.306,0.014,0.005,0.009,0,5.634,1.686,0.000,0,668,0,0
803,16.695,5.383,2.404,2.723,0.249,0.007,1,5.367,1.676,0.000,142,11940,1142,0
804,16.682,1.306,1.279,0.013,0.004,0.010,0,5.367,1.676,0.000,0,668,0,0
805,16.679,6.720,2.809,3.566,0.331,0.013,1,5.548,1.297,0.000,142,11940,1142,0
806,16.677,1.291,1.266,0.014,0.003,0.008,0,5.548,1.297,0.000,0,668,0,0
807,16.688,5.454,2.430,2.842,0.171,0.010,1,5.245,1.220,0.000,142,11940,1142,0
808,16.679,1.293,1.244,0.038,0.004,0.007,0,5.245,1.220,0.000,0,668,1,0
809,16.686,5.301,2.312,2.772,0.210,0.007,1,5.158,1.222,0.000,142,11940,1142,0
810,16.683,1.278,1.253,0.013,0.004,0.009,0,5.158,1.222,0.000,0,668,0,0
811,16.690,5.476,2.401,2.825,0.243,0.008,1,5.321,1.296,0.000,142,11940,1142,0
812,16.675,1.270,1.245,0.014,0.003,0.007,0,5.321,1.296,0.000,0,668,0,0
813,16.694,5.528,2.453,2.824,0.238,0.013,1,5.284,1.235,0.000,142,11940,1142,0
814,16.672,1.267,1.243,0.014,0.003,0.007,0,5.284,1.235,0.000,0,668,0,0
815,16.697,5.261,2.314,2.705,0.234,0.008,1,5.294,1.207,0.000,142,11940,1142,0
816,16.670,1.281,1.255,0.013,0.003,0.009,0,5.294,1.207,0.000,0,668,0,0
817,16.689,5.329,2.352,2.721,0.243,0.012,1,5.357,1.672,0.000,142,11940,1143,0
818,16.676,1.306,1.280,0.013,0.005,0.008,0,5.357,1.672,0.000,0,668,0,0
819,16.693,5.308,2.334,2.712,0.253,0.009,1,5.806,1.208,0.000,142,11940,1142,0
820,16.674,1.293,1.268,0.014,0.004,0.007,0,5.806,1.208,0.000,0,668,0,0
821,16.702,5.377,2.344,2.786,0.237,0.010,1,6.231,1.245,0.000,142,11940,1142,0
822,16.676,1.669,1.631,0.018,0.006,0.013,0,6.231,1.245,0.000,0,668,0,0
823,16.685,6.646,2.887,2.832,0.913,0.013,1,5.689,1.232,0.000,142,11940,1142,0
824,16.671,1.390,1.364,0.014,0.004,0.008,0,5.689,1.232,0.000,0,668,0,0
825,16.691,5.456,2.355,2.836,0.254,0.010,1,5.365,1.248,0.000,142,11940,1142,0
826,16.676,1.281,1.257,0.013,0.003,0.007,0,5.365,1.248,0.000,0,668,0,0
827,16.695,5.362,2.395,2.723,0.236,0.008,1,5.258,1.213,0.000,142,11940,1143,0
828,16.672,1.264,1.237,0.013,0.004,0.010,0,5.258,1.213,0.000,0,668,0,0
829,16.695,5.305,2.353,2.707,0.234,0.011,1,5.182,1.215,0.000,142,11940,1142,0
830,16.675,1.256,1.231,0.014,0.003,0.007,0,5.182,1.215,0.000,0,668,0,0
831,16.687,5.414,2.371,2.798,0.236,0.009,1,5.220,1.222,0.000,142,11940,1142,0
832,16.677,1.259,1.235,0.013,0.004,0.007,0,5.220,1.222,0.000,0,668,0,0
833,16.695,5.548,2.523,2.767,0.251,0.007,1,5.404,1.611,0.000,142,11940,1142,0
834,16.671,1.307,1.280,0.013,0.004,0.009,0,5.404,1.611,0.000,0,668,0,0
835,16.698,5.296,2.334,2.708,0.245,0.008,1,5.829,1.218,0.000,142,11940,1142,0
836,16.670,1.770,1.729,0.021,0.007,0.013,0,5.829,1.218,0.000,0,668,0,0
837,16.690,5.776,2.693,2.831,0.240,0.012,1,5.959,1.234,0.000,142,11940,1144,0
838,16.678,1.299,1.274,0.014,0.004,0.008,0,5.959,1.234,0.000,0,668,0,0
839,16.686,5.472,2.449,2.773,0.243,0.007,1,5.430,1.218,0.000,142,11940,1142,0
840,16.677,1.276,1.251,0.013,0.004,0.008,0,5.430,1.218,0.000,0,668,0,0
841,16.691,5.328,2.312,2.707,0.301,0.008,1,5.280,1.207,0.000,142,11940,1142,0
842,16.678,1.419,1.386,0.013,0.008,0.011,0,5.280,1.207,0.000,0,668,0,0
843,16.688,5.438,2.466,2.723,0.239,0.011,1,5.214,1.257,0.000,142,11940,1142,0
844,16.678,1.266,1.242,0.013,0.004,0.008,0,5.214,1.257,0.000,0,668,0,0
845,16.687,5.292,2.341,2.708,0.237,0.007,1,5.291,1.204,0.000,142,11940,1142,0
846,16.679,1.282,1.257,0.013,0.003,0.009,0,5.291,1.204,0.000,0,668,0,0
847,16.690,5.369,2.326,2.801,0.233,0.009,1,5.278,1.233,0.000,142,11940,1143,0
848,16.676,1.269,1.244,0.013,0.003,0.008,0,5.278,1.233,0.000,0,668,0,0
849,16.692,5.328,2.394,2.697,0.225,0.012,1,5.737,1.274,0.000,142,11940,1142,0
850,16.673,1.321,1.294,0.014,0.004,0.009,0,5.737,1.274,0.000,0,668,0,0
851,16.694,5.383,2.396,2.734,0.245,0.009,1,5.769,1.197,0.000,142,11940,1142,0
852,16.674,1.271,1.246,0.013,0.004,0.008,0,5.769,1.197,0.000,0,668,0,0
853,16.697,5.296,2.364,2.702,0.220,0.009,1,5.789,1.221,0.000,142,11940,1142,0
854,16.670,1.310,1.282,0.014,0.004,0.010,0,5.789,1.221,0.000,0,668,0,0
855,16.690,5.683,2.407,3.015,0.251,0.011,1,5.450,1.300,0.000,142,11940,1143,0
856,16.685,1.363,1.338,0.013,0.004,0.008,0,5.450,1.300,0.000,0,668,0,0
857,16.687,6.632,3.213,2.943,0.453,0.022,1,5.626,1.274,0.000,142,11940,1142,0
858,16.673,1.320,1.294,0.013,0.004,0.009,0,5.626,1.274,0.000,0,668,0,0
859,16.693,5.400,2.361,2.790,0.241,0.008,1,5.433,1.258,0.000,142,11940,1142,0
860,16.673,1.287,1.263,0.013,0.004,0.007,0,5.433,1.258,0.000,0,668,0,0
861,16.689,5.344,2.374,2.708,0.252,0.011,1,5.238,1.285,0.000,142,11940,1142,0
862,16.677,1.281,1.255,0.013,0.004,0.008,0,5.238,1.285,0.000,0,668,0,0
863,16.693,5.247,2.305,2.691,0.243,0.009,1,5.340,1.209,0.000,142,11940,1142,0
864,16.734,1.336,1.311,0.013,0.003,0.008,0,5.340,1.209,0.000,0,668,0,0
865,16.637,6.042,2.885,2.814,0.328,0.014,1,5.930,1.733,0.000,142,11940,1143,0
866,16.671,1.347,1.320,0.014,0.004,0.009,0,5.930,1.733,0.000,0,668,0,0
867,16.693,5.480,2.370,2.840,0.260,0.012,1,5.961,1.241,0.000,142,11940,1142,0
868,16.672,1.297,1.271,0.014,0.004,0.008,0,5.961,1.241,0.000,0,668,0,0
869,16.692,5.376,2.410,2.720,0.236,0.009,1,5.808,1.217,0.000,142,11940,1142,0
870,16.674,1.299,1.271,0.014,0.005,0.010,0,5.808,1.217,0.000,0,668,0,0
871,16.691,5.289,2.321,2.713,0.247,0.008,1,5.302,1.214,0.000,142,11940,1142,0
872,16.676,1.298,1.272,0.014,0.004,0.008,0,5.302,1.214,0.000,0,668,0,0
873,16.694,5.388,2.344,2.799,0.234,0.010,1,5.314,1.236,0.000,142,11940,1142,0
874,16.673,1.278,1.253,0.014,0.004,0.007,0,5.314,1.236,0.000,0,668,0,0
875,16.687,5.336,2.360,2.728,0.240,0.008,1,5.203,1.245,0.000,142,11940,1143,0
876,16.682,1.266,1.241,0.013,0.004,0.008,0,5.203,1.245,0.000,0,668,0,0
877,16.686,5.373,2.348,2.783,0.234,0.009,1,5.226,1.211,0.000,142,11940,1142,0
878,16.678,1.723,1.683,0.021,0.007,0.012,0,5.226,1.211,0.000,0,668,0,0
879,16.690,5.603,2.561,2.781,0.249,0.012,1,5.513,1.237,0.000,142,11940,1142,0
880,16.675,1.298,1.273,0.013,0.004,0.008,0,5.513,1.237,0.000,0,668,0,0
881,16.690,5.409,2.423,2.728,0.252,0.007,1,5.784,1.194,0.000,142,11940,1142,0
882,16.676,1.286,1.260,0.013,0.003,0.009,0,5.784,1.194,0.000,0,668,0,0
883,16.690,5.350,2.371,2.729,0.243,0.007,1,5.783,1.332,0.000,142,11940,1142,0
884,16.679,1.670,1.631,0.020,0.007,0.012,0,5.783,1.332,0.000,0,668,0,0
885,16.688,5.575,2.614,2.714,0.235,0.012,1,5.991,1.236,0.000,142,11940,1143,0
886,16.678,1.313,1.287,0.014,0.004,0.008,0,5.991,1.236,0.000,0,668,0,0
887,16.687,5.306,2.336,2.710,0.253,0.007,1,5.294,1.201,0.000,142,11940,1142,0
888,16.686,1.410,1.384,0.013,0.004,0.008,0,5.294,1.201,0.000,0,668,0,0
889,16.684,6.622,3.166,2.974,0.463,0.019,1,5.487,1.269,0.000,142,11940,1142,0
890,16.675,1.306,1.282,0.013,0.004,0.007,0,5.487,1.269,0.000,0,668,0,0
891,16.693,5.394,2.354,2.733,0.298,0.009,1,5.362,1.209,0.000,142,11940,1142,0
892,16.673,1.267,1.243,0.013,0.004,0.007,0,5.362,1.209,0.000,0,668,0,0
893,16.690,5.436,2.469,2.718,0.241,0.008,1,5.451,1.210,0.000,142,11940,1142,0
894,16.675,1.284,1.258,0.013,0.004,0.009,0,5.451,1.210,0.000,0,668,0,0
895,16.695,5.296,2.360,2.690,0.237,0.009,1,5.794,1.194,0.000,142,11940,1143,0
896,16.674,1.823,1.783,0.020,0.008,0.012,0,5.794,1.194,0.000,0,668,0,0
897,16.693,5.725,2.707,2.758,0.248,0.013,1,5.516,1.706,0.000,142,11940,1142,0
898,16.672,1.298,1.272,0.013,0.004,0.008,0,5.516,1.706,0.000,0,668,0,0
899,16.688,5.618,2.634,2.716,0.259,0.008,1,5.882,1.203,0.000,142,11940,1142,0
900,16.680,1.288,1.261,0.013,0.004,0.009,0,5.882,1.203,0.000,0,668,0,0
901,16.701,5.700,2.695,2.760,0.234,0.011,1,5.825,1.213,0.000,142,11940,1142,0
902,16.665,1.297,1.270,0.014,0.004,0.010,0,5.825,1.213,0.000,0,668,0,0
903,16.695,5.378,2.314,2.819,0.237,0.008,1,5.323,1.326,0.000,142,11940,1143,0
904,16.680,1.492,1.467,0.013,0.004,0.008,0,5.323,1.326,0.000,0,668,0,0
905,16.687,6.864,3.269,2.921,0.653,0.021,1,5.396,1.257,0.000,142,11940,1142,0
906,16.673,1.319,1.293,0.014,0.003,0.008,0,5.396,1.257,0.000,0,668,0,0
907,16.694,5.459,2.413,2.741,0.297,0.008,1,5.231,1.214,0.000,142,11940,1142,0
908,16.673,1.280,1.253,0.014,0.003,0.009,0,5.231,1.214,0.000,0,668,0,0
909,16.694,5.504,2.449,2.821,0.227,0.007,1,5.240,1.235,0.000,142,11940,1142,0
910,16.675,1.264,1.239,0.013,0.003,0.008,0,5.240,1.235,0.000,0,668,0,0
911,16.692,5.462,2.519,2.701,0.231,0.010,1,5.730,1.193,0.000,142,11940,1142,0
912,16.672,1.288,1.263,0.013,0.004,0.008,0,5.730,1.193,0.000,0,668,0,0
913,16.695,5.387,2.416,2.722,0.241,0.008,1,5.298,1.637,0.000,142,11940,1143,0
914,16.672,1.844,1.803,0.020,0.007,0.014,0,5.298,1.637,0.000,0,668,0,0
915,16.691,5.877,2.886,2.737,0.242,0.012,1,5.345,1.735,0.000,142,11940,1142,0
916,16.678,1.289,1.264,0.014,0.003,0.008,0,5.345,1.735,0.000,0,668,0,0
917,16.692,5.762,2.698,2.801,0.251,0.013,1,5.748,1.199,0.000,142,11940,1142,0
918,16.672,1.267,1.243,0.013,0.004,0.008,0,5.748,1.199,0.000,0,668,0,0
919,16.693,5.346,2.397,2.709,0.232,0.008,1,5.248,1.201,0.000,142,11940,1142,0
920,16.701,1.289,1.264,0.014,0.003,0.008,0,5.248,1.201,0.000,0,668,0,0
921,16.670,6.691,3.345,2.907,0.421,0.018,1,5.716,1.283,0.000,142,11940,1142,0
922,16.671,1.329,1.303,0.014,0.004,0.008,0,5.716,1.283,0.000,0,668,0,0
923,16.694,5.400,2.355,2.745,0.290,0.011,1,5.385,1.207,0.000,142,11940,1143,0
924,16.671,1.283,1.258,0.013,0.004,0.008,0,5.385,1.207,0.000,0,668,0,0
925,16.693,5.239,2.325,2.698,0.208,0.008,1,5.214,1.203,0.000,142,11940,1142,0
926,16.679,1.406,1.376,0.015,0.005,0.011,0,5.214,1.203,0.000,0,668,0,0
927,16.687,6.028,2.444,3.273,0.303,0.008,1,5.556,1.257,0.000,142,11940,1142,0
928,16.678,1.306,1.282,0.014,0.004,0.007,0,5.556,1.257,0.000,0,668,0,0
929,16.686,5.919,2.441,3.191,0.274,0.013,1,5.151,1.217,0.000,142,11940,1142,0
930,16.678,1.259,1.234,0.014,0.004,0.008,0,5.151,1.217,0.000,0,668,0,0
931,16.687,5.824,2.380,3.192,0.242,0.010,1,5.129,1.201,0.000,142,11940,1142,0
932,16.683,1.748,1.707,0.021,0.007,0.014,0,5.129,1.201,0.000,0,668,0,0
933,16.694,6.110,3.060,2.788,0.253,0.009,1,5.524,1.210,0.000,142,11940,1143,0
934,16.672,1.783,1.752,0.016,0.005,0.011,0,5.524,1.210,0.000,0,668,0,0
935,16.685,5.854,2.847,2.762,0.230,0.015,1,5.530,1.234,0.000,142,11940,1142,0
936,16.684,1.296,1.269,0.014,0.004,0.009,0,5.530,1.234,0.000,0,668,0,0
937,16.677,5.597,2.635,2.722,0.233,0.007,1,4.943,1.202,0.000,142,11940,1142,0
938,16.691,1.261,1.239,0.013,0.002,0.007,0,4.943,1.202,0.000,0,668,0,0
939,16.684,6.791,3.323,3.032,0.420,0.016,1,5.532,1.265,0.000,142,11940,1142,0
940,16.679,1.343,1.316,0.014,0.004,0.009,0,5.532,1.265,0.000,0,668,0,0
941,16.687,5.384,2.445,2.743,0.186,0.010,1,5.244,1.206,0.000,142,11940,1142,0
942,16.680,1.288,1.262,0.013,0.004,0.009,0,5.244,1.206,0.000,0,668,0,0
943,16.685,5.834,2.795,2.753,0.277,0.009,1,5.193,1.189,0.000,142,11940,1143,0
944,16.682,1.284,1.257,0.014,0.003,0.010,0,5.193,1.189,0.000,0,668,0,0
945,16.684,5.967,2.426,3.256,0.275,0.010,1,5.047,1.232,0.000,142,11940,1142,0
946,16.680,1.255,1.230,0.014,0.004,0.007,0,5.047,1.232,0.000,0,668,0,0
947,16.687,5.779,2.364,3.150,0.254,0.011,1,5.075,1.193,0.000,142,11940,1142,0
948,16.681,1.255,1.231,0.012,0.004,0.008,0,5.075,1.193,0.000,0,668,0,0
949,16.695,5.831,2.394,2.733,0.693,0.012,1,4.971,1.198,0.000,142,11940,1142,0
950,16.675,1.891,1.852,0.018,0.007,0.014,0,4.971,1.198,0.000,0,668,0,0
951,16.681,5.935,2.873,2.823,0.228,0.012,1,5.545,1.245,0.000,142,11940,1143,0
952,16.679,1.266,1.240,0.014,0.004,0.008,0,5.545,1.245,0.000,0,668,0,0
953,16.695,5.384,2.336,2.808,0.230,0.010,1,5.300,1.217,0.000,142,11940,1142,0
954,16.676,1.267,1.242,0.013,0.004,0.008,0,5.300,1.217,0.000,0,668,0,0
955,16.690,5.552,2.519,2.791,0.233,0.008,1,5.221,1.209,0.000,142,11940,1142,0
956,16.672,1.261,1.235,0.014,0.004,0.008,0,5.221,1.209,0.000,0,668,0,0
957,16.691,6.896,3.492,2.917,0.469,0.018,1,5.175,1.329,0.000,142,11940,1142,0
958,16.683,1.347,1.323,0.013,0.004,0.007,0,5.175,1.329,0.000,0,668,0,0
959,16.689,6.447,3.227,2.887,0.319,0.014,1,6.005,1.240,0.000,142,11940,1142,0
960,16.671,1.312,1.285,0.013,0.004,0.009,0,6.005,1.240,0.000,0,668,0,0
961,16.691,5.357,2.317,2.718,0.313,0.009,1,5.591,1.212,0.000,142,11940,1143,0
962,16.675,1.311,1.284,0.014,0.004,0.009,0,5.591,1.212,0.000,0,668,0,0
963,16.696,5.479,2.445,2.770,0.256,0.009,1,5.263,1.708,0.000,142,11940,1142,0
964,16.671,1.286,1.260,0.013,0.005,0.008,0,5.263,1.708,0.000,0,668,0,0
965,16.690,5.580,2.609,2.709,0.255,0.008,1,5.617,1.212,0.000,142,11940,1142,0
966,16.684,1.349,1.322,0.014,0.004,0.008,0,5.617,1.212,0.000,0,668,0,0
967,16.683,6.581,3.241,2.878,0.443,0.019,1,5.450,1.274,0.000,142,11940,1142,0
968,16.678,1.289,1.263,0.013,0.004,0.009,0,5.450,1.274,0.000,0,668,0,0
969,16.686,5.387,2.370,2.724,0.286,0.008,1,5.218,1.300,0.000,142,11940,1142,0
970,16.682,1.303,1.277,0.014,0.004,0.008,0,5.218,1.300,0.000,0,668,0,0
971,16.686,5.395,2.369,2.757,0.259,0.009,1,5.263,1.200,0.000,142,11940,1143,0
972,16.683,1.586,1.543,0.025,0.007,0.010,0,5.263,1.200,0.000,0,668,0,0
973,16.683,5.559,2.507,2.801,0.241,0.010,1,5.344,1.214,0.000,142,11940,1142,0
974,16.684,1.293,1.267,0.013,0.004,0.009,0,5.344,1.214,0.000,0,668,0,0
975,16.684,5.903,2.474,3.175,0.245,0.009,1,5.242,1.199,0.000,142,11940,1142,0
976,16.681,1.269,1.245,0.014,0.004,0.007,0,5.242,1.199,0.000,0,668,0,0
977,16.685,5.804,2.768,2.759,0.266,0.010,1,5.011,1.213,0.000,142,11940,1142,0
978,16.682,1.247,1.223,0.013,0.004,0.007,0,5.011,1.213,0.000,0,668,0,0
979,16.684,5.805,2.367,3.189,0.237,0.011,1,5.140,1.204,0.000,142,11940,1142,0
980,16.681,1.583,1.536,0.027,0.007,0.013,0,5.140,1.204,0.000,0,668,0,0
981,16.690,5.941,2.471,2.757,0.698,0.014,1,5.202,1.298,0.000,142,11940,1143,0
982,16.674,1.302,1.277,0.014,0.004,0.007,0,5.202,1.298,0.000,0,668,0,0
983,16.689,5.281,2.354,2.698,0.220,0.009,1,5.357,1.216,0.000,142,11940,1142,0
984,16.683,1.292,1.268,0.013,0.003,0.007,0,5.357,1.216,0.000,0,668,0,0
985,16.689,6.658,3.198,2.979,0.460,0.022,1,5.556,1.264,0.000,142,11940,1142,0
986,16.675,1.442,1.413,0.014,0.005,0.010,0,5.556,1.264,0.000,0,668,0,0
987,16.688,5.599,2.462,2.863,0.266,0.008,1,5.544,1.240,0.000,142,11940,1142,0
988,16.681,1.288,1.263,0.013,0.004,0.008,0,5.544,1.240,0.000,0,668,0,0
989,16.689,5.431,2.457,2.729,0.236,0.009,1,5.327,1.209,0.000,142,11940,1143,0
990,16.673,1.275,1.250,0.014,0.003,0.008,0,5.327,1.209,0.000,0,668,0,0
991,16.690,5.336,2.394,2.712,0.221,0.009,1,5.756,1.203,0.000,142,11940,1142,0
992,16.677,1.298,1.271,0.015,0.004,0.009,0,5.756,1.203,0.000,0,668,0,0
993,16.691,5.464,2.387,2.818,0.251,0.008,1,5.767,1.229,0.000,142,11940,1142,0
994,16.676,1.288,1.263,0.013,0.004,0.008,0,5.767,1.229,0.000,0,668,0,0
995,16.692,5.313,2.368,2.702,0.231,0.012,1,5.900,1.220,0.000,142,11940,1142,0
996,16.674,1.895,1.854,0.020,0.008,0.012,0,5.900,1.220,0.000,0,668,0,0
997,16.684,5.969,3.004,2.715,0.241,0.010,1,5.573,1.290,0.000,142,11940,1142,0
998,16.690,1.281,1.259,0.012,0.003,0.006,0,5.573,1.290,0.000,0,668,0,0
999,16.683,6.578,3.113,3.035,0.413,0.017,1,5.691,1.255,0.000,142,11940,1143,0
1000,16.680,1.743,1.707,0.019,0.006,0.011,0,5.691,1.255,0.000,0,668,0,0
1001,16.686,5.871,2.837,2.761,0.259,0.014,1,5.541,1.225,0.000,142,11940,1142,0
1002,16.679,1.303,1.277,0.014,0.003,0.009,0,5.541,1.225,0.000,0,668,0,0
1003,16.682,5.915,2.866,2.776,0.261,0.012,1,5.224,1.261,0.000,142,11940,1142,0
1004,16.688,1.315,1.293,0.013,0.003,0.006,0,5.224,1.261,0.000,0,668,0,0
1005,16.686,6.642,3.316,2.884,0.424,0.017,1,5.580,1.262,0.000,142,11940,1142,0
1006,16.674,1.327,1.301,0.013,0.004,0.009,0,5.580,1.262,0.000,0,668,0,0
1007,16.696,5.356,2.359,2.744,0.245,0.007,1,5.883,1.200,0.000,142,11940,1142,0
1008,16.671,1.814,1.777,0.020,0.006,0.011,0,5.883,1.200,0.000,0,668,0,0
1009,16.695,5.632,2.678,2.732,0.206,0.016,1,5.528,1.679,0.000,142,11940,1143,0
1010,16.672,1.302,1.276,0.014,0.005,0.008,0,5.528,1.679,0.000,0,668,0,0
1011,16.694,5.822,2.553,2.991,0.267,0.010,1,5.864,1.234,0.000,142,11940,1142,0
1012,16.670,1.297,1.272,0.013,0.004,0.008,0,5.864,1.234,0.000,0,668,0,0
1013,16.694,5.389,2.416,2.724,0.242,0.007,1,5.526,1.205,0.000,142,11940,1142,0
1014,16.681,1.330,1.306,0.013,0.004,0.007,0,5.526,1.205,0.000,0,668,0,0
1015,16.685,6.602,3.243,2.900,0.436,0.023,1,5.451,1.266,0.000,142,11940,1142,0
1016,16.674,1.318,1.293,0.014,0.004,0.007,0,5.451,1.266,0.000,0,668,0,0
1017,16.693,5.401,2.368,2.728,0.297,0.008,1,5.341,1.227,0.000,142,11940,1142,0
1018,16.672,1.270,1.243,0.014,0.004,0.009,0,5.341,1.227,0.000,0,668,0,0
1019,16.698,5.458,2.499,2.704,0.248,0.008,1,5.362,1.218,0.000,142,11940,1143,0
1020,16.985,1.589,1.565,0.013,0.004,0.008,0,5.362,1.218,0.000,0,668,0,0
1021,16.381,8.222,4.294,3.624,0.292,0.012,1,5.923,1.418,0.000,142,11940,1142,0
1022,16.671,1.360,1.333,0.014,0.004,0.009,0,5.923,1.418,0.000,0,668,0,0
1023,16.690,5.412,2.405,2.798,0.200,0.010,1,5.655,1.630,0.000,142,11940,1142,0
1024,16.676,1.299,1.273,0.013,0.005,0.008,0,5.655,1.630,0.000,0,668,0,0
1025,16.688,5.305,2.321,2.711,0.267,0.007,1,5.295,1.670,0.000,142,11940,1142,0
1026,16.679,1.304,1.280,0.013,0.003,0.008,0,5.295,1.670,0.000,0,668,0,0
1027,16.695,5.272,2.310,2.699,0.253,0.009,1,5.850,1.226,0.000,142,11940,1142,0
1028,16.671,1.329,1.300,0.015,0.005,0.008,0,5.850,1.226,0.000,0,668,0,0
1029,16.692,5.419,2.361,2.800,0.251,0.008,1,5.586,1.221,0.000,142,11940,1143,0
1030,16.683,1.379,1.353,0.014,0.003,0.009,0,5.586,1.221,0.000,0,668,0,0
1031,16.681,6.656,3.284,2.896,0.458,0.018,1,5.462,1.274,0.000,142,11940,1142,0
1032,16.678,1.311,1.286,0.014,0.004,0.008,0,5.462,1.274,0.000,0,668,0,0
1033,16.688,5.366,2.350,2.712,0.294,0.010,1,5.276,1.268,0.000,142,11940,1142,0
1034,16.680,1.292,1.267,0.013,0.004,0.008,0,5.276,1.268,0.000,0,668,0,0
1035,16.687,5.380,2.337,2.826,0.208,0.009,1,5.168,1.221,0.000,142,11940,1142,0
1036,16.679,1.265,1.240,0.013,0.003,0.008,0,5.168,1.221,0.000,0,668,0,0
1037,16.690,5.336,2.379,2.707,0.242,0.007,1,5.234,1.200,0.000,142,11940,1143,0
1038,16.689,1.271,1.246,0.013,0.004,0.009,0,5.234,1.200,0.000,0,668,0,0
1039,16.677,6.667,2.969,3.435,0.251,0.012,1,5.484,1.265,0.000,142,11940,1142,0
1040,16.680,1.344,1.319,0.014,0.004,0.007,0,5.484,1.265,0.000,0,668,0,0
1041,16.686,5.368,2.382,2.802,0.175,0.010,1,5.277,1.661,0.000,142,11940,1142,0
1042,16.677,1.291,1.266,0.013,0.003,0.009,0,5.277,1.661,0.000,0,668,0,0
1043,16.692,5.270,2.311,2.702,0.245,0.011,1,5.925,1.201,0.000,142,11940,1142,0
1044,16.677,1.285,1.259,0.014,0.004,0.008,0,5.925,1.201,0.000,0,668,0,0
1045,16.724,5.389,2.376,2.751,0.252,0.009,1,5.216,1.276,0.000,142,11940,1142,0
1046,16.653,2.378,2.336,0.018,0.008,0.016,0,5.216,1.276,0.000,0,668,0,0
1047,16.683,6.583,3.145,3.035,0.386,0.017,1,5.672,1.231,0.000,142,11940,1143,0
1048,16.672,1.352,1.324,0.014,0.004,0.010,0,5.672,1.231,0.000,0,668,0,0
1049,16.694,5.445,2.395,2.746,0.294,0.009,1,5.249,1.208,0.000,142,11940,1142,0
1050,16.674,1.261,1.236,0.013,0.004,0.008,0,5.249,1.208,0.000,0,668,0,0
1051,16.696,5.439,2.457,2.725,0.246,0.011,1,5.275,1.200,0.000,142,11940,1142,0
1052,16.670,1.262,1.236,0.014,0.004,0.008,0,5.275,1.200,0.000,0,668,0,0
1053,16.695,5.435,2.433,2.753,0.241,0.008,1,5.281,1.205,0.000,142,11940,1142,0
1054,16.671,1.277,1.252,0.013,0.003,0.009,0,5.281,1.205,0.000,0,668,0,0
1055,16.690,5.329,2.379,2.710,0.233,0.007,1,5.715,1.187,0.000,142,11940,1142,0
1056,16.677,1.291,1.266,0.014,0.004,0.007,0,5.715,1.187,0.000,0,668,0,0
1057,16.689,5.350,2.338,2.763,0.240,0.009,1,5.457,1.688,0.000,142,11940,1143,0
1058,16.677,1.307,1.280,0.014,0.005,0.009,0,5.457,1.688,0.000,0,668,0,0
1059,16.690,5.421,2.397,2.773,0.243,0.008,1,5.949,1.213,0.000,142,11940,1142,0
1060,16.678,1.319,1.292,0.014,0.004,0.009,0,5.949,1.213,0.000,0,668,0,0
1061,16.688,5.602,2.360,2.974,0.259,0.009,1,5.248,1.210,0.000,142,11940,1142,0
1062,16.677,1.262,1.239,0.013,0.003,0.007,0,5.248,1.210,0.000,0,668,0,0
1063,16.694,5.327,2.378,2.714,0.227,0.009,1,5.320,1.219,0.000,142,11940,1142,0
1064,16.675,1.273,1.250,0.013,0.003,0.007,0,5.320,1.219,0.000,0,668,0,0
1065,16.687,5.413,2.428,2.752,0.223,0.010,1,5.166,1.210,0.000,142,11940,1142,0
1066,16.679,1.265,1.240,0.013,0.003,0.009,0,5.166,1.210,0.000,0,668,0,0
1067,16.693,5.383,2.416,2.724,0.235,0.008,1,5.207,1.206,0.000,142,11940,1143,0
1068,16.672,1.253,1.229,0.013,0.003,0.008,0,5.207,1.206,0.000,0,668,0,0
1069,16.694,5.338,2.327,2.778,0.224,0.009,1,5.191,1.202,0.000,142,11940,1142,0
1070,16.675,1.265,1.240,0.013,0.004,0.008,0,5.191,1.202,0.000,0,668,0,0
1071,16.694,5.406,2.357,2.810,0.232,0.007,1,5.693,1.199,0.000,142,11940,1142,0
1072,16.671,1.285,1.258,0.013,0.004,0.010,0,5.693,1.199,0.000,0,668,0,0
1073,16.695,5.555,2.477,2.787,0.281,0.009,1,5.420,1.667,0.000,142,11940,1142,0
1074,16.672,1.322,1.296,0.014,0.004,0.008,0,5.420,1.667,0.000,0,668,0,0
1075,16.690,5.379,2.329,2.795,0.244,0.011,1,5.902,1.203,0.000,142,11940,1142,0
1076,16.681,1.637,1.592,0.026,0.007,0.012,0,5.902,1.203,0.000,0,668,0,0
1077,16.682,5.626,2.541,2.828,0.245,0.012,1,5.301,1.209,0.000,142,11940,1143,0
1078,16.682,1.311,1.287,0.013,0.003,0.008,0,5.301,1.209,0.000,0,668,0,0
1079,16.686,5.496,2.533,2.713,0.243,0.008,1,5.312,1.213,0.000,142,11940,1142,0
1080,16.677,1.267,1.242,0.014,0.004,0.007,0,5.312,1.213,0.000,0,668,0,0
1081,16.689,5.357,2.392,2.719,0.236,0.010,1,5.124,1.212,0.000,142,11940,1142,0
1082,16.679,1.254,1.230,0.013,0.004,0.007,0,5.124,1.212,0.000,0,668,0,0
1083,16.688,5.386,2.320,2.836,0.223,0.007,1,5.104,1.216,0.000,142,11940,1142,0
1084,16.678,1.272,1.246,0.013,0.003,0.009,0,5.104,1.216,0.000,0,668,0,0
1085,16.691,5.290,2.357,2.692,0.234,0.007,1,5.334,1.203,0.000,142,11940,1143,0
1086,16.677,1.285,1.260,0.014,0.004,0.008,0,5.334,1.203,0.000,0,668,0,0
1087,16.690,5.351,2.393,2.715,0.233,0.010,1,5.322,1.615,0.000,142,11940,1142,0
1088,16.675,1.292,1.267,0.013,0.004,0.007,0,5.322,1.615,0.000,0,668,0,0
1089,16.691,5.662,2.432,2.973,0.248,0.009,1,5.764,1.234,0.000,142,11940,1142,0
1090,16.676,1.305,1.278,0.013,0.004,0.009,0,5.764,1.234,0.000,0,668,0,0
1091,16.692,5.416,2.386,2.778,0.242,0.009,1,5.918,1.204,0.000,142,11940,1142,0
1092,16.674,1.272,1.247,0.013,0.004,0.008,0,5.918,1.204,0.000,0,668,0,0
1093,16.688,5.334,2.376,2.715,0.234,0.009,1,5.337,1.258,0.000,142,11940,1142,0
1094,16.686,1.520,1.493,0.015,0.004,0.008,0,5.337,1.258,0.000,0,668,0,0
1095,16.685,6.662,3.236,2.975,0.432,0.019,1,5.738,1.309,0.000,142,11940,1143,0
1096,16.675,1.317,1.291,0.014,0.004,0.008,0,5.738,1.309,0.000,0,668,0,0
1097,16.695,5.362,2.351,2.748,0.256,0.008,1,5.314,1.286,0.000,142,11940,1142,0
1098,16.672,1.275,1.249,0.015,0.003,0.008,0,5.314,1.286,0.000,0,668,0,0
1099,16.694,5.289,2.343,2.728,0.207,0.011,1,5.229,1.215,0.000,142,11940,1142,0
1100,16.672,1.242,1.218,0.014,0.004,0.007,0,5.229,1.215,0.000,0,668,0,0
1101,16.698,5.404,2.368,2.790,0.236,0.009,1,5.465,1.226,0.000,142,11940,1142,0
1102,16.670,1.281,1.256,0.013,0.004,0.008,0,5.465,1.226,0.000,0,668,0,0
1103,16.696,5.374,2.420,2.713,0.231,0.010,1,5.775,1.203,0.000,142,11940,1142,0
1104,16.670,1.294,1.268,0.014,0.004,0.009,0,5.775,1.203,0.000,0,668,0,0
1105,16.692,5.291,2.313,2.727,0.242,0.008,1,5.781,1.178,0.000,142,11940,1143,0
1106,16.684,1.327,1.300,0.015,0.004,0.008,0,5.781,1.178,0.000,0,668,0,0
1107,16.683,6.448,3.182,2.912,0.335,0.018,1,5.537,1.237,0.000,142,11940,1142,0
1108,16.680,1.293,1.269,0.013,0.004,0.007,0,5.537,1.237,0.000,0,668,0,0
1109,16.686,5.375,2.353,2.716,0.297,0.008,1,5.343,1.210,0.000,142,11940,1142,0
1110,16.685,1.407,1.382,0.013,0.003,0.009,0,5.343,1.210,0.000,0,668,0,0
1111,16.683,6.644,3.295,2.891,0.441,0.017,1,5.769,1.364,0.000,142,11940,1142,0
1112,16.676,1.333,1.307,0.013,0.004,0.008,0,5.769,1.364,0.000,0,668,0,0
1113,16.695,5.400,2.350,2.746,0.294,0.010,1,5.315,1.294,0.000,142,11940,1142,0
1114,16.672,1.286,1.261,0.013,0.004,0.008,0,5.315,1.294,0.000,0,668,0,0
1115,16.689,5.249,2.317,2.725,0.200,0.008,1,5.184,1.209,0.000,142,11940,1143,0
1116,16.679,1.277,1.250,0.013,0.004,0.009,0,5.184,1.209,0.000,0,668,0,0
1117,16.687,5.432,2.381,2.785,0.256,0.009,1,5.710,1.231,0.000,142,11940,1142,0
1118,16.678,1.283,1.258,0.013,0.004,0.008,0,5.710,1.231,0.000,0,668,0,0
1119,16.691,5.469,2.477,2.734,0.247,0.012,1,5.798,1.224,0.000,142,11940,1142,0
1120,16.677,1.293,1.267,0.014,0.004,0.009,0,5.798,1.224,0.000,0,668,0,0
1121,16.694,5.320,2.351,2.716,0.244,0.009,1,5.836,1.300,0.000,142,11940,1142,0
1122,16.687,1.473,1.443,0.015,0.005,0.010,0,5.836,1.300,0.000,0,668,0,0
1123,16.686,6.037,2.810,2.888,0.323,0.016,1,6.575,1.242,0.000,142,11940,1142,0
1124,16.668,1.769,1.699,0.050,0.008,0.013,0,6.575,1.242,0.000,0,668,1,0
1125,16.688,5.762,2.656,2.840,0.254,0.012,1,5.464,1.258,0.000,142,11940,1142,0
1126,16.683,1.495,1.470,0.014,0.004,0.008,0,5.464,1.258,0.000,0,668,0,0
1127,16.685,6.536,3.143,2.910,0.468,0.014,1,5.492,1.254,0.000,142,11940,1142,0
1128,16.675,1.510,1.479,0.014,0.007,0.010,0,5.492,1.254,0.000,0,668,0,0
1129,16.694,5.499,2.470,2.765,0.255,0.010,1,5.350,1.212,0.000,142,11940,1142,0
1130,16.674,1.718,1.681,0.021,0.005,0.010,0,5.350,1.212,0.000,0,668,0,0
1131,16.692,5.698,2.662,2.776,0.246,0.015,1,5.540,1.228,0.000,142,11940,1142,0
1132,16.671,1.275,1.250,0.013,0.004,0.008,0,5.540,1.228,0.000,0,668,0,0
1133,16.692,5.316,2.319,2.754,0.235,0.008,1,5.845,1.193,0.000,142,11940,1143,0
1134,16.677,1.304,1.276,0.014,0.004,0.010,0,5.845,1.193,0.000,0,668,0,0
1135,16.695,5.383,2.328,2.794,0.252,0.009,1,5.749,1.245,0.000,142,11940,1142,0
1136,16.671,1.291,1.266,0.013,0.004,0.008,0,5.749,1.245,0.000,0,668,0,0
1137,16.690,5.300,2.345,2.704,0.241,0.009,1,5.707,1.270,0.000,142,11940,1142,0
1138,16.678,1.288,1.262,0.013,0.005,0.008,0,5.707,1.270,0.000,0,668,0,0
1139,16.696,5.683,2.641,2.792,0.241,0.008,1,5.965,1.241,0.000,142,11940,1142,0
1140,16.669,1.316,1.290,0.014,0.004,0.009,0,5.965,1.241,0.000,0,668,0,0
1141,16.690,5.287,2.315,2.718,0.247,0.008,1,5.371,1.217,0.000,142,11940,1142,0
1142,16.676,1.550,1.525,0.014,0.003,0.008,0,5.371,1.217,0.000,0,668,0,0
1143,16.684,5.609,2.581,2.786,0.233,0.009,1,4.992,1.208,0.000,142,11940,1143,0
1144,16.692,1.243,1.223,0.013,0.003,0.005,0,4.992,1.208,0.000,0,668,0,0
1145,16.680,6.753,3.257,3.023,0.447,0.026,1,5.617,1.250,0.000,142,11940,1142,0
1146,16.682,1.342,1.315,0.013,0.004,0.010,0,5.617,1.250,0.000,0,668,0,0
1147,16.683,5.516,2.446,2.761,0.300,0.009,1,5.139,1.198,0.000,142,11940,1142,0
1148,16.683,1.289,1.263,0.014,0.004,0.009,0,5.139,1.198,0.000,0,668,0,0
1149,16.687,5.981,2.409,3.320,0.243,0.010,1,5.167,1.223,0.000,142,11940,1142,0
1150,16.678,1.275,1.250,0.014,0.004,0.008,0,5.167,1.223,0.000,0,668,0,0
1151,16.687,5.952,2.521,3.168,0.254,0.009,1,4.977,1.208,0.000,142,11940,1142,0
1152,16.679,1.236,1.211,0.013,0.004,0.007,0,4.977,1.208,0.000,0,668,0,0
1153,16.688,5.903,2.396,3.255,0.244,0.009,1,5.062,1.196,0.000,142,11940,1143,0
1154,16.681,1.819,1.780,0.019,0.007,0.012,0,5.062,1.196,0.000,0,668,0,0
1155,16.690,6.259,3.194,2.805,0.248,0.013,1,5.179,1.224,0.000,142,11940,1142,0
1156,16.674,1.768,1.736,0.016,0.006,0.010,0,5.179,1.224,0.000,0,668,0,0
1157,16.686,5.806,2.807,2.764,0.219,0.016,1,5.516,1.216,0.000,142,11940,1142,0
1158,16.683,1.285,1.259,0.014,0.003,0.009,0,5.516,1.216,0.000,0,668,0,0
1159,16.686,5.452,2.469,2.741,0.231,0.011,1,5.199,1.206,0.000,142,11940,1142,0
1160,16.680,1.281,1.255,0.014,0.004,0.008,0,5.199,1.206,0.000,0,668,0,0
1161,16.687,5.450,2.476,2.729,0.236,0.010,1,5.112,1.211,0.000,142,11940,1142,0
1162,16.679,1.301,1.275,0.014,0.004,0.008,0,5.112,1.211,0.000,0,668,0,0
1163,16.686,5.448,2.417,2.792,0.231,0.009,1,5.098,1.211,0.000,142,11940,1143,0
1164,16.679,1.286,1.258,0.015,0.004,0.009,0,5.098,1.211,0.000,0,668,0,0
1165,16.685,5.797,2.372,3.177,0.240,0.008,1,5.109,1.269,0.000,142,11940,1142,0
1166,16.699,1.831,1.794,0.018,0.008,0.012,0,5.109,1.269,0.000,0,668,0,0
1167,16.674,6.772,3.520,2.912,0.325,0.015,1,5.805,1.258,0.000,142,11940,1142,0
1168,16.681,1.309,1.283,0.014,0.004,0.008,0,5.805,1.258,0.000,0,668,0,0
1169,16.683,5.960,2.845,2.829,0.276,0.010,1,5.122,1.224,0.000,142,11940,1142,0
1170,16.682,1.248,1.224,0.013,0.003,0.008,0,5.122,1.224,0.000,0,668,0,0
1171,16.695,5.860,2.855,2.740,0.256,0.009,1,5.037,1.204,0.000,142,11940,1143,0
1172,16.670,1.871,1.836,0.017,0.007,0.012,0,5.037,1.204,0.000,0,668,0,0
1173,16.689,5.897,2.906,2.756,0.222,0.012,1,5.496,1.236,0.000,142,11940,1142,0
1174,16.675,1.264,1.240,0.013,0.004,0.008,0,5.496,1.236,0.000,0,668,0,0
1175,16.688,5.273,2.321,2.721,0.221,0.009,1,5.415,1.219,0.000,142,11940,1142,0
1176,16.679,1.282,1.257,0.013,0.004,0.008,0,5.415,1.219,0.000,0,668,0,0
1177,16.688,5.299,2.324,2.732,0.234,0.009,1,5.266,1.217,0.000,142,11940,1142,0
1178,16.679,1.271,1.247,0.013,0.003,0.008,0,5.266,1.217,0.000,0,668,0,0
1179,16.692,5.397,2.324,2.831,0.233,0.008,1,5.145,1.223,0.000,142,11940,1142,0
1180,16.675,1.249,1.225,0.013,0.004,0.007,0,5.145,1.223,0.000,0,668,0,0
1181,16.693,5.338,2.411,2.690,0.230,0.007,1,5.719,1.208,0.000,142,11940,1143,0
1182,16.673,1.288,1.262,0.013,0.004,0.009,0,5.719,1.208,0.000,0,668,0,0
1183,16.690,5.427,2.348,2.832,0.239,0.008,1,5.356,1.635,0.000,142,11940,1142,0
1184,16.677,1.291,1.265,0.013,0.004,0.009,0,5.356,1.635,0.000,0,668,0,0
1185,16.695,5.462,2.342,2.863,0.246,0.011,1,5.356,1.706,0.000,142,11940,1142,0
1186,16.672,1.284,1.260,0.013,0.004,0.008,0,5.356,1.706,0.000,0,668,0,0
1187,16.690,5.337,2.361,2.716,0.251,0.009,1,5.726,1.216,0.000,142,11940,1142,0
1188,16.686,1.357,1.332,0.013,0.004,0.008,0,5.726,1.216,0.000,0,668,0,0
1189,16.676,7.441,3.249,3.164,1.014,0.014,1,5.320,1.248,0.000,142,11940,1142,0
1190,16.685,1.291,1.269,0.013,0.003,0.007,0,5.320,1.248,0.000,0,668,0,0
1191,16.686,5.785,2.700,2.900,0.174,0.012,1,4.917,1.211,0.000,142,11940,1143,0
1192,16.683,1.272,1.250,0.013,0.003,0.006,0,4.917,1.211,0.000,0,668,0,0
1193,16.690,6.489,3.207,2.870,0.396,0.017,1,5.792,1.256,0.000,142,11940,1142,0
1194,16.670,1.311,1.284,0.015,0.004,0.008,0,5.792,1.256,0.000,0,668,0,0
1195,16.694,5.479,2.411,2.823,0.234,0.011,1,5.332,1.228,0.000,142,11940,1142,0
1196,16.674,1.278,1.253,0.013,0.004,0.008,0,5.332,1.228,0.000,0,668,0,0
1197,16.695,5.434,2.384,2.809,0.232,0.009,1,5.410,1.578,0.000,142,11940,1142,0
1198,16.670,1.599,1.559,0.021,0.007,0.012,0,5.410,1.578,0.000,0,668,0,0
1199,16.697,5.553,2.587,2.704,0.249,0.013,1,6.001,1.232,0.000,142,11940,1142,0
1200,16.672,1.327,1.301,0.014,0.004,0.009,0,6.001,1.232,0.000,0,668,0,0
1201,16.689,5.479,2.465,2.739,0.265,0.009,1,5.919,1.212,0.000,142,11940,1143,0
1202,16.677,1.303,1.277,0.012,0.004,0.009,0,5.919,1.212,0.000,0,668,0,0
1203,16.689,5.365,2.394,2.730,0.233,0.008,1,5.671,1.278,0.000,142,11940,1142,0
1204,16.684,1.325,1.301,0.013,0.004,0.007,0,5.671,1.278,0.000,0,668,0,0
1205,16.688,6.638,3.211,2.971,0.435,0.021,1,5.547,1.244,0.000,142,11940,1142,0
1206,16.675,1.316,1.291,0.014,0.003,0.007,0,5.547,1.244,0.000,0,668,0,0
1207,16.685,5.332,2.336,2.718,0.270,0.008,1,5.307,1.218,0.000,142,11940,1142,0
1208,16.680,1.308,1.280,0.013,0.005,0.010,0,5.307,1.218,0.000,0,668,0,0
1209,16.685,5.324,2.358,2.744,0.213,0.009,1,5.157,1.291,0.000,142,11940,1142,0
1210,16.682,1.293,1.267,0.014,0.004,0.008,0,5.157,1.291,0.000,0,668,0,0
1211,16.687,5.492,2.349,2.886,0.248,0.009,1,5.120,1.204,0.000,142,11940,1143,0
1212,16.681,1.277,1.251,0.014,0.004,0.008,0,5.120,1.204,0.000,0,668,0,0
1213,16.685,5.794,2.360,3.171,0.254,0.009,1,5.195,1.218,0.000,142,11940,1142,0
1214,16.680,1.269,1.243,0.013,0.004,0.009,0,5.195,1.218,0.000,0,668,0,0
1215,16.686,5.900,2.425,3.200,0.266,0.009,1,5.186,1.204,0.000,142,11940,1142,0
1216,16.682,1.247,1.223,0.013,0.004,0.007,0,5.186,1.204,0.000,0,668,0,0
1217,16.685,6.047,2.587,3.193,0.256,0.011,1,5.079,1.202,0.000,142,11940,1142,0
1218,16.679,1.236,1.212,0.013,0.003,0.007,0,5.079,1.202,0.000,0,668,0,0
1219,16.688,5.276,2.354,2.690,0.224,0.008,1,5.125,1.202,0.000,142,11940,1143,0
1220,16.679,1.243,1.202,0.013,0.020,0.008,0,5.125,1.202,0.000,0,668,0,0
1221,16.691,5.279,2.293,2.765,0.214,0.007,1,5.198,1.212,0.000,142,11940,1142,0
1222,16.674,1.257,1.233,0.013,0.004,0.007,0,5.198,1.212,0.000,0,668,0,0
1223,16.689,5.317,2.304,2.770,0.234,0.009,1,5.142,1.213,0.000,142,11940,1142,0
1224,16.677,1.253,1.230,0.013,0.003,0.007,0,5.142,1.213,0.000,0,668,0,0
1225,16.688,5.272,2.308,2.730,0.227,0.007,1,5.256,1.217,0.000,142,11940,1142,0
1226,16.689,1.284,1.257,0.014,0.003,0.009,0,5.256,1.217,0.000,0,668,0,0
1227,16.684,5.542,2.494,2.770,0.269,0.008,1,5.613,1.222,0.000,142,11940,1142,0
1228,16.675,1.429,1.400,0.014,0.005,0.010,0,5.613,1.222,0.000,0,668,0,0
1229,16.689,5.712,2.594,2.833,0.273,0.012,1,5.558,1.632,0.000,142,11940,1143,0
1230,16.677,1.325,1.301,0.013,0.003,0.007,0,5.558,1.632,0.000,0,668,0,0
1231,16.690,5.417,2.415,2.747,0.248,0.008,1,5.398,1.641,0.000,142,11940,1142,0
1232,16.678,1.302,1.275,0.013,0.004,0.009,0,5.398,1.641,0.000,0,668,0,0
1233,16.691,5.414,2.405,2.740,0.260,0.009,1,5.260,1.725,0.000,142,11940,1142,0
1234,16.676,1.323,1.297,0.013,0.004,0.009,0,5.260,1.725,0.000,0,668,0,0
1235,16.688,5.358,2.332,2.761,0.254,0.011,1,5.327,1.212,0.000,142,11940,1142,0
1236,16.677,1.279,1.254,0.013,0.004,0.008,0,5.327,1.212,0.000,0,668,0,0
1237,16.689,5.263,2.293,2.730,0.233,0.008,1,5.308,1.217,0.000,142,11940,1142,0
1238,16.678,1.265,1.240,0.013,0.003,0.009,0,5.308,1.217,0.000,0,668,0,0
1239,16.692,5.436,2.444,2.750,0.233,0.008,1,5.313,1.204,0.000,142,11940,1143,0
1240,16.675,1.258,1.233,0.013,0.004,0.008,0,5.313,1.204,0.000,0,668,0,0
1241,16.694,5.367,2.386,2.736,0.237,0.009,1,5.286,1.229,0.000,142,11940,1142,0
1242,16.673,1.268,1.243,0.012,0.004,0.008,0,5.286,1.229,0.000,0,668,0,0
1243,16.690,5.308,2.371,2.698,0.229,0.009,1,5.299,1.209,0.000,142,11940,1142,0
1244,16.677,1.266,1.240,0.013,0.004,0.009,0,5.299,1.209,0.000,0,668,0,0
1245,16.694,5.582,2.365,2.966,0.242,0.009,1,5.849,1.283,0.000,142,11940,1142,0
1246,16.670,1.275,1.252,0.013,0.003,0.007,0,5.849,1.283,0.000,0,668,0,0
1247,16.699,5.478,2.505,2.722,0.242,0.010,1,5.293,1.215,0.000,142,11940,1142,0
1248,16.670,1.286,1.262,0.013,0.004,0.008,0,5.293,1.215,0.000,0,668,0,0
1249,16.690,5.342,2.374,2.699,0.259,0.009,1,5.946,1.212,0.000,142,11940,1143,0
1250,16.682,1.319,1.292,0.014,0.004,0.009,0,5.946,1.212,0.000,0,668,0,0
1251,16.689,5.430,2.435,2.733,0.254,0.009,1,5.394,1.208,0.000,142,11940,1142,0
1252,16.674,1.275,1.251,0.013,0.004,0.007,0,5.394,1.208,0.000,0,668,0,0
1253,16.688,5.295,2.321,2.714,0.251,0.008,1,5.282,1.210,0.000,142,11940,1142,0
1254,16.678,1.283,1.260,0.013,0.003,0.007,0,5.282,1.210,0.000,0,668,0,0
1255,16.694,5.284,2.324,2.708,0.244,0.008,1,5.268,1.205,0.000,142,11940,1142,0
1256,16.675,1.266,1.241,0.014,0.003,0.008,0,5.268,1.205,0.000,0,668,0,0
1257,16.696,5.332,2.374,2.707,0.242,0.009,1,5.371,1.209,0.000,142,11940,1142,0
1258,16.669,1.278,1.253,0.013,0.004,0.008,0,5.371,1.209,0.000,0,668,0,0
1259,16.694,5.521,2.486,2.790,0.237,0.009,1,5.314,1.215,0.000,142,11940,1143,0
1260,16.674,1.288,1.262,0.014,0.004,0.009,0,5.314,1.215,0.000,0,668,0,0
1261,16.691,5.369,2.401,2.720,0.239,0.009,1,5.762,1.191,0.000,142,11940,1142,0
1262,16.675,1.317,1.291,0.013,0.003,0.009,0,5.762,1.191,0.000,0,668,0,0
1263,16.693,5.503,2.408,2.830,0.256,0.008,1,5.778,1.248,0.000,142,11940,1142,0
1264,16.673,1.290,1.264,0.014,0.004,0.008,0,5.778,1.248,0.000,0,668,0,0
1265,16.697,5.476,2.460,2.770,0.238,0.008,1,5.810,1.204,0.000,142,11940,1142,0
1266,16.670,1.295,1.271,0.013,0.004,0.007,0,5.810,1.204,0.000,0,668,0,0
1267,16.693,5.535,2.547,2.735,0.244,0.009,1,5.534,1.204,0.000,142,11940,1143,0
1268,16.681,1.546,1.511,0.013,0.008,0.013,0,5.534,1.204,0.000,0,668,0,0
1269,16.687,6.568,3.109,2.969,0.477,0.014,1,5.653,1.270,0.000,142,11940,1142,0
1270,16.671,1.314,1.290,0.013,0.004,0.007,0,5.653,1.270,0.000,0,668,0,0
1271,16.689,5.342,2.347,2.713,0.273,0.010,1,5.917,1.190,0.000,142,11940,1142,0
1272,16.676,1.296,1.268,0.014,0.004,0.009,0,5.917,1.190,0.000,0,668,0,0
1273,21.732,10.371,7.367,2.750,0.245,0.008,1,5.290,1.222,0.000,142,11940,1142,0
1274,11.994,2.480,2.435,0.019,0.008,0.019,0,5.290,1.222,0.000,0,668,0,0
1275,16.346,7.473,3.826,3.176,0.446,0.025,1,6.068,1.348,0.000,142,11940,1142,0
1276,16.676,2.149,2.109,0.020,0.006,0.014,0,6.068,1.348,0.000,0,668,0,0
1277,16.678,6.346,2.995,3.075,0.264,0.012,1,6.068,1.388,0.000,142,11940,1143,0
1278,16.693,1.325,1.303,0.013,0.003,0.006,0,6.068,1.388,0.000,0,668,0,0
1279,17.662,8.822,5.294,3.071,0.439,0.019,1,6.271,1.406,0.000,142,11940,1142,0
1280,15.695,1.873,1.840,0.020,0.005,0.009,0,6.271,1.406,0.000,0,668,0,0
1281,16.689,5.888,2.706,2.927,0.238,0.017,1,6.259,1.259,0.000,142,11940,1142,0
1282,16.672,1.322,1.297,0.013,0.004,0.008,0,6.259,1.259,0.000,0,668,0,0
1283,16.690,5.355,2.327,2.731,0.287,0.009,1,5.348,1.212,0.000,142,11940,1142,0
1284,16.676,1.306,1.282,0.013,0.003,0.008,0,5.348,1.212,0.000,0,668,0,0
1285,16.686,5.362,2.322,2.776,0.255,0.008,1,5.232,1.212,0.000,142,11940,1142,0
1286,16.680,1.231,1.208,0.013,0.004,0.007,0,5.232,1.212,0.000,0,668,0,0
1287,16.702,5.382,2.330,2.835,0.208,0.009,1,5.211,1.216,0.000,142,11940,1143,0
1288,16.668,1.397,1.368,0.015,0.004,0.010,0,5.211,1.216,0.000,0,668,0,0
1289,16.689,5.645,2.521,2.833,0.281,0.010,1,5.561,1.285,0.000,142,11940,1142,0
1290,16.675,1.300,1.276,0.013,0.004,0.008,0,5.561,1.285,0.000,0,668,0,0
1291,16.690,5.433,2.425,2.755,0.245,0.008,1,5.405,1.209,0.000,142,11940,1142,0
1292,16.677,1.282,1.256,0.013,0.004,0.008,0,5.405,1.209,0.000,0,668,0,0
1293,16.690,5.456,2.479,2.729,0.239,0.009,1,5.835,1.255,0.000,142,11940,1142,0
1294,16.677,1.302,1.278,0.013,0.003,0.008,0,5.835,1.255,0.000,0,668,0,0
1295,16.690,5.677,2.626,2.797,0.244,0.010,1,5.248,1.657,0.000,142,11940,1142,0
1296,16.677,1.287,1.261,0.013,0.004,0.009,0,5.248,1.657,0.000,0,668,0,0
1297,16.688,5.337,2.314,2.782,0.233,0.009,1,5.828,1.212,0.000,142,11940,1143,0
1298,16.678,1.240,1.216,0.013,0.003,0.008,0,5.828,1.212,0.000,0,668,0,0
1299,16.693,5.342,2.297,2.819,0.216,0.009,1,5.262,1.238,0.000,142,11940,1142,0
1300,16.676,1.277,1.253,0.013,0.003,0.008,0,5.262,1.238,0.000,0,668,0,0
1301,16.693,5.427,2.392,2.791,0.235,0.010,1,5.223,1.209,0.000,142,11940,1142,0
1302,16.674,1.267,1.242,0.013,0.004,0.008,0,5.223,1.209,0.000,0,668,0,0
1303,16.687,5.300,2.356,2.699,0.237,0.008,1,5.211,1.209,0.000,142,11940,1142,0
1304,16.677,1.261,1.236,0.013,0.004,0.008,0,5.211,1.209,0.000,0,668,0,0
1305,16.689,5.324,2.319,2.767,0.229,0.008,1,5.286,1.200,0.000,142,11940,1143,0
1306,16.685,1.284,1.260,0.013,0.003,0.008,0,5.286,1.200,0.000,0,668,0,0
1307,16.678,6.073,3.125,2.725,0.215,0.008,1,4.893,1.232,0.000,142,11940,1142,0
1308,16.687,1.235,1.214,0.013,0.003,0.005,0,4.893,1.232,0.000,0,668,0,0
1309,16.685,7.182,3.757,2.979,0.426,0.020,1,5.519,1.268,0.000,142,11940,1142,0
1310,16.682,1.314,1.289,0.013,0.004,0.008,0,5.519,1.268,0.000,0,668,0,0
1311,16.684,6.009,2.923,2.794,0.280,0.012,1,5.246,1.206,0.000,142,11940,1142,0
1312,16.680,1.268,1.243,0.013,0.003,0.009,0,5.246,1.206,0.000,0,668,0,0
1313,16.686,5.842,2.825,2.759,0.249,0.010,1,5.109,1.215,0.000,142,11940,1142,0
1314,16.681,1.269,1.245,0.013,0.004,0.008,0,5.109,1.215,0.000,0,668,0,0
1315,16.689,5.315,2.348,2.737,0.220,0.010,1,5.353,1.209,0.000,142,11940,1143,0
1316,16.674,1.408,1.375,0.013,0.004,0.017,0,5.353,1.209,0.000,0,668,0,0
1317,16.688,5.338,2.370,2.724,0.229,0.014,1,5.389,1.213,0.000,142,11940,1142,0
1318,16.679,1.273,1.247,0.013,0.004,0.009,0,5.389,1.213,0.000,0,668,0,0
1319,16.694,5.435,2.490,2.697,0.240,0.008,1,5.300,1.216,0.000,142,11940,1142,0
1320,16.673,1.257,1.231,0.013,0.004,0.009,0,5.300,1.216,0.000,0,668,0,0
1321,16.692,5.316,2.367,2.706,0.234,0.008,1,5.132,1.218,0.000,142,11940,1142,0
1322,16.675,1.258,1.233,0.013,0.004,0.007,0,5.132,1.218,0.000,0,668,0,0
1323,16.693,5.371,2.419,2.717,0.227,0.008,1,5.704,1.209,0.000,142,11940,1142,0
1324,16.677,1.283,1.257,0.013,0.004,0.009,0,5.704,1.209,0.000,0,668,0,0
1325,16.680,5.578,2.612,2.718,0.240,0.008,1,5.376,1.295,0.000,142,11940,1143,0
1326,16.691,1.255,1.234,0.012,0.003,0.005,0,5.376,1.295,0.000,0,668,0,0
1327,16.680,7.176,3.311,3.459,0.385,0.020,1,5.268,1.260,0.000,142,11940,1142,0
1328,16.683,1.279,1.255,0.014,0.003,0.006,0,5.268,1.260,0.000,0,668,0,0
1329,16.685,6.100,2.520,3.311,0.255,0.013,1,5.135,1.208,0.000,142,11940,1142,0
1330,16.680,1.285,1.258,0.014,0.004,0.010,0,5.135,1.208,0.000,0,668,0,0
1331,16.683,5.362,2.401,2.717,0.235,0.009,1,5.222,1.205,0.000,142,11940,1142,0
1332,16.686,1.394,1.369,0.014,0.003,0.008,0,5.222,1.205,0.000,0,668,0,0
1333,16.688,6.548,3.160,2.953,0.416,0.020,1,5.528,1.292,0.000,142,11940,1142,0
1334,16.674,1.316,1.291,0.013,0.004,0.008,0,5.528,1.292,0.000,0,668,0,0
1335,16.694,5.378,2.329,2.726,0.316,0.007,1,5.506,1.287,0.000,142,11940,1143,0
1336,16.672,1.280,1.255,0.013,0.004,0.008,0,5.506,1.287,0.000,0,668,0,0
1337,16.694,5.257,2.300,2.698,0.251,0.008,1,5.191,1.323,0.000,142,11940,1142,0
1338,16.673,1.267,1.242,0.013,0.004,0.008,0,5.191,1.323,0.000,0,668,0,0
1339,16.693,5.307,2.356,2.711,0.230,0.009,1,5.822,1.189,0.000,142,11940,1142,0
1340,16.673,1.310,1.284,0.014,0.004,0.008,0,5.822,1.189,0.000,0,668,0,0
1341,16.696,5.333,2.327,2.728,0.271,0.007,1,5.419,1.714,0.000,142,11940,1142,0
1342,16.670,1.299,1.271,0.014,0.004,0.009,0,5.419,1.714,0.000,0,668,0,0
1343,16.697,5.294,2.327,2.704,0.255,0.008,1,5.746,1.313,0.000,142,11940,1142,0
1344,16.670,1.296,1.271,0.014,0.003,0.008,0,5.746,1.313,0.000,0,668,0,0
1345,16.695,5.747,2.516,2.956,0.264,0.010,1,5.822,1.208,0.000,142,11940,1143,0
1346,16.672,1.290,1.266,0.014,0.003,0.007,0,5.822,1.208,0.000,0,668,0,0
1347,17.027,5.750,2.784,2.717,0.240,0.008,1,5.572,1.258,0.000,142,11940,1142,0
1348,16.354,1.763,1.725,0.016,0.007,0.016,0,5.572,1.258,0.000,0,668,0,0
1349,16.696,5.748,2.599,2.812,0.323,0.013,1,5.840,1.319,0.000,142,11940,1142,0
1350,16.685,1.586,1.550,0.017,0.009,0.011,0,5.840,1.319,0.000,0,668,0,0
1351,16.675,6.235,2.935,2.937,0.338,0.025,1,5.984,1.297,0.000,142,11940,1142,0
1352,16.666,1.562,1.529,0.016,0.006,0.011,0,5.984,1.297,0.000,0,668,0,0
1353,16.692,5.598,2.432,2.823,0.334,0.009,1,5.870,1.281,0.000,142,11940,1143,0
1354,16.673,1.332,1.306,0.014,0.004,0.009,0,5.870,1.281,0.000,0,668,0,0
1355,16.691,5.352,2.365,2.726,0.251,0.010,1,5.899,1.218,0.000,142,11940,1142,0
1356,16.676,1.287,1.261,0.014,0.004,0.008,0,5.899,1.218,0.000,0,668,0,0
1357,16.689,5.400,2.441,2.711,0.236,0.012,1,5.444,1.640,0.000,142,11940,1142,0
1358,16.677,1.320,1.293,0.014,0.005,0.008,0,5.444,1.640,0.000,0,668,0,0
1359,16.694,5.487,2.333,2.712,0.434,0.008,1,5.363,1.746,0.000,142,11940,1142,0
1360,16.673,1.310,1.282,0.014,0.004,0.010,0,5.363,1.746,0.000,0,668,0,0
1361,16.699,6.401,3.198,2.712,0.476,0.015,1,5.777,1.349,0.000,142,11940,1142,0
1362,16.666,1.353,1.326,0.013,0.004,0.009,0,5.777,1.349,0.000,0,668,0,0
1363,16.692,5.429,2.367,2.739,0.313,0.009,1,5.362,1.218,0.000,142,11940,1143,0
1364,16.681,1.363,1.338,0.013,0.004,0.008,0,5.362,1.218,0.000,0,668,0,0
1365,16.679,5.577,2.602,2.722,0.245,0.008,1,5.128,1.204,0.000,142,11940,1142,0
1366,16.690,1.249,1.227,0.012,0.003,0.006,0,5.128,1.204,0.000,0,668,0,0
1367,16.683,6.662,3.257,2.988,0.402,0.015,1,5.488,1.269,0.000,142,11940,1142,0
1368,16.679,1.349,1.324,0.013,0.004,0.008,0,5.488,1.269,0.000,0,668,0,0
1369,16.684,5.424,2.379,2.723,0.310,0.011,1,5.250,1.208,0.000,142,11940,1142,0
1370,16.685,1.348,1.319,0.014,0.005,0.011,0,5.250,1.208,0.000,0,668,0,0
1371,16.683,7.013,3.284,3.359,0.354,0.016,1,5.347,1.275,0.000,142,11940,1142,0
1372,16.684,1.415,1.392,0.013,0.003,0.007,0,5.347,1.275,0.000,0,668,0,0
1373,16.682,6.979,3.130,3.487,0.349,0.013,1,5.400,1.274,0.000,142,11940,1143,0
1374,16.681,1.312,1.288,0.014,0.004,0.007,0,5.400,1.274,0.000,0,668,0,0
1375,16.685,5.928,2.815,2.778,0.324,0.010,1,5.072,1.204,0.000,142,11940,1142,0
1376,16.682,1.258,1.234,0.013,0.004,0.007,0,5.072,1.204,0.000,0,668,0,0
1377,16.691,5.940,2.469,3.222,0.239,0.009,1,4.967,1.201,0.000,142,11940,1142,0
1378,16.676,1.827,1.791,0.017,0.006,0.013,0,4.967,1.201,0.000,0,668,0,0
1379,16.687,6.073,2.997,2.840,0.228,0.008,1,5.617,1.237,0.000,142,11940,1142,0
1380,16.680,1.262,1.238,0.013,0.004,0.007,0,5.617,1.237,0.000,0,668,0,0
1381,16.683,5.351,2.381,2.714,0.245,0.010,1,5.204,1.211,0.000,142,11940,1142,0
1382,16.686,1.239,1.214,0.013,0.004,0.007,0,5.204,1.211,0.000,0,668,0,0
1383,16.684,5.448,2.400,2.814,0.226,0.008,1,5.133,1.198,0.000,142,11940,1143,0
1384,16.682,1.290,1.264,0.013,0.004,0.009,0,5.133,1.198,0.000,0,668,0,0
1385,16.686,5.484,2.411,2.838,0.225,0.010,1,5.085,1.200,0.000,142,11940,1142,0
1386,16.680,1.286,1.262,0.013,0.003,0.008,0,5.085,1.200,0.000,0,668,0,0
1387,16.683,5.914,2.475,3.180,0.250,0.010,1,5.135,1.212,0.000,142,11940,1142,0
1388,16.684,1.273,1.247,0.014,0.004,0.007,0,5.135,1.212,0.000,0,668,0,0
1389,16.684,6.083,2.493,3.325,0.255,0.009,1,4.951,1.199,0.000,142,11940,1142,0
1390,16.681,1.263,1.238,0.013,0.004,0.008,0,4.951,1.199,0.000,0,668,0,0
1391,16.687,5.816,2.816,2.737,0.255,0.008,1,5.048,1.197,0.000,142,11940,1142,0
1392,16.679,1.242,1.216,0.014,0.004,0.008,0,5.048,1.197,0.000,0,668,0,0
1393,16.698,5.801,2.436,2.702,0.653,0.010,1,4.989,1.191,0.000,142,11940,1143,0
1394,16.668,1.871,1.834,0.018,0.007,0.013,0,4.989,1.191,0.000,0,668,0,0
1395,16.691,6.106,3.035,2.808,0.252,0.011,1,5.505,1.220,0.000,142,11940,1142,0
1396,16.679,1.274,1.249,0.014,0.004,0.009,0,5.505,1.220,0.000,0,668,0,0
1397,16.686,5.544,2.550,2.753,0.233,0.008,1,5.177,1.208,0.000,142,11940,1142,0
1398,16.679,1.270,1.245,0.013,0.003,0.008,0,5.177,1.208,0.000,0,668,0,0
1399,16.688,5.399,2.437,2.717,0.236,0.009,1,5.182,1.200,0.000,142,11940,1142,0
1400,16.680,1.277,1.252,0.014,0.003,0.008,0,5.182,1.200,0.000,0,668,0,0
1401,16.685,5.337,2.357,2.720,0.250,0.009,1,5.356,1.200,0.000,142,11940,1143,0
1402,16.681,1.296,1.270,0.014,0.004,0.008,0,5.356,1.200,0.000,0,668,0,0
1403,16.685,7.239,3.278,3.494,0.452,0.015,1,5.311,1.271,0.000,142,11940,1142,0
1404,16.686,1.426,1.402,0.013,0.003,0.007,0,5.311,1.271,0.000,0,668,0,0
1405,16.683,6.801,3.588,2.871,0.331,0.012,1,5.355,1.237,0.000,142,11940,1142,0
1406,16.680,1.279,1.255,0.013,0.004,0.007,0,5.355,1.237,0.000,0,668,0,0
1407,16.686,5.983,2.422,3.300,0.248,0.013,1,5.211,1.228,0.000,142,11940,1142,0
1408,16.685,1.588,1.550,0.021,0.006,0.010,0,5.211,1.228,0.000,0,668,0,0
1409,16.685,6.346,2.741,3.286,0.299,0.020,1,5.552,1.258,0.000,142,11940,1142,0
1410,16.673,1.366,1.341,0.014,0.003,0.008,0,5.552,1.258,0.000,0,668,0,0
1411,16.690,5.317,2.352,2.722,0.235,0.009,1,5.335,1.227,0.000,142,11940,1143,0
1412,16.677,1.351,1.326,0.014,0.003,0.008,0,5.335,1.227,0.000,0,668,0,0
1413,16.694,5.392,2.345,2.794,0.243,0.010,1,5.268,1.253,0.000,142,11940,1142,0
1414,16.673,1.257,1.233,0.014,0.003,0.007,0,5.268,1.253,0.000,0,668,0,0
1415,16.691,5.454,2.374,2.848,0.223,0.008,1,5.188,1.218,0.000,142,11940,1142,0
1416,16.685,1.298,1.274,0.013,0.003,0.008,0,5.188,1.218,0.000,0,668,0,0
1417,16.680,6.782,3.394,2.958,0.410,0.020,1,5.421,1.365,0.000,142,11940,1142,0
1418,16.680,1.340,1.314,0.015,0.004,0.007,0,5.421,1.365,0.000,0,668,0,0
1419,16.682,6.155,2.909,2.954,0.279,0.013,1,5.233,1.215,0.000,142,11940,1142,0
1420,16.685,1.291,1.266,0.013,0.004,0.008,0,5.233,1.215,0.000,0,668,0,0
1421,16.686,5.850,2.384,3.221,0.235,0.008,1,5.264,1.215,0.000,142,11940,1143,0
1422,16.751,1.337,1.312,0.013,0.003,0.009,0,5.264,1.215,0.000,0,668,0,0
1423,16.619,6.845,3.003,3.476,0.354,0.013,1,5.811,1.210,0.000,142,11940,1142,0
1424,16.679,1.413,1.385,0.015,0.005,0.009,0,5.811,1.210,0.000,0,668,0,0
1425,16.688,6.356,2.535,3.506,0.300,0.016,1,5.636,1.251,0.000,142,11940,1142,0
1426,16.672,1.340,1.313,0.014,0.004,0.009,0,5.636,1.251,0.000,0,668,0,0
1427,16.695,5.328,2.325,2.700,0.294,0.008,1,5.280,1.212,0.000,142,11940,1142,0
1428,16.671,1.271,1.246,0.013,0.004,0.008,0,5.280,1.212,0.000,0,668,0,0
1429,16.690,5.310,2.296,2.772,0.234,0.008,1,5.266,1.229,0.000,142,11940,1142,0
1430,16.677,1.221,1.199,0.013,0.003,0.007,0,5.266,1.229,0.000,0,668,0,0
1431,16.696,5.370,2.384,2.759,0.216,0.010,1,5.227,1.207,0.000,142,11940,1143,0
1432,16.672,1.243,1.220,0.013,0.004,0.007,0,5.227,1.207,0.000,0,668,0,0
1433,16.693,5.221,2.293,2.692,0.227,0.008,1,5.322,1.255,0.000,142,11940,1142,0
1434,16.674,1.268,1.243,0.013,0.004,0.008,0,5.322,1.255,0.000,0,668,0,0
1435,16.690,5.342,2.360,2.715,0.259,0.007,1,5.401,1.636,0.000,142,11940,1142,0
1436,16.677,1.292,1.265,0.015,0.004,0.008,0,5.401,1.636,0.000,0,668,0,0
1437,16.688,5.378,2.396,2.731,0.242,0.010,1,5.863,1.214,0.000,142,11940,1142,0
1438,16.678,1.281,1.254,0.014,0.004,0.009,0,5.863,1.214,0.000,0,668,0,0
1439,16.695,5.504,2.532,2.722,0.239,0.011,1,5.457,1.692,0.000,142,11940,1142,0
1440,16.671,1.360,1.302,0.040,0.007,0.012,0,5.457,1.692,0.000,0,668,1,0
1441,16.695,5.391,2.400,2.736,0.248,0.008,1,5.419,1.212,0.000,142,11940,1142,0
1442,16.679,1.339,1.315,0.014,0.004,0.007,0,5.419,1.212,0.000,0,668,0,0
1443,16.686,6.705,3.293,2.918,0.465,0.028,1,5.639,1.254,0.000,142,11940,1142,0
1444,16.677,1.302,1.278,0.013,0.003,0.007,0,5.639,1.254,0.000,0,668,0,0
1445,16.688,5.350,2.341,2.725,0.276,0.009,1,5.352,1.212,0.000,142,11940,1142,0
1446,16.679,1.307,1.281,0.013,0.004,0.009,0,5.352,1.212,0.000,0,668,0,0
1447,16.686,5.329,2.348,2.757,0.215,0.009,1,5.179,1.209,0.000,142,11940,1142,0
1448,16.682,1.283,1.259,0.013,0.004,0.007,0,5.179,1.209,0.000,0,668,0,0
1449,16.685,5.606,2.481,2.862,0.254,0.010,1,5.110,1.210,0.000,142,11940,1143,0
1450,16.682,1.263,1.237,0.014,0.004,0.008,0,5.110,1.210,0.000,0,668,0,0
1451,16.684,5.847,2.385,3.205,0.245,0.011,1,5.033,1.212,0.000,142,11940,1142,0
1452,16.686,1.276,1.249,0.013,0.004,0.009,0,5.033,1.212,0.000,0,668,0,0
1453,16.681,5.844,2.822,2.753,0.259,0.009,1,5.012,1.208,0.000,142,11940,1142,0
1454,16.682,1.242,1.218,0.013,0.004,0.007,0,5.012,1.208,0.000,0,668,0,0
1455,16.685,5.926,2.474,3.202,0.241,0.010,1,5.268,1.200,0.000,142,11940,1142,0
1456,16.681,1.257,1.232,0.014,0.004,0.007,0,5.268,1.200,0.000,0,668,0,0
1457,16.681,5.885,2.822,2.826,0.228,0.009,1,5.143,1.215,0.000,142,11940,1142,0
1458,16.681,1.230,1.207,0.013,0.003,0.007,0,5.143,1.215,0.000,0,668,0,0
1459,16.695,5.212,2.322,2.676,0.206,0.008,1,5.219,1.210,0.000,142,11940,1143,0
1460,16.674,1.281,1.256,0.013,0.003,0.009,0,5.219,1.210,0.000,0,668,0,0
1461,16.692,5.334,2.325,2.770,0.229,0.009,1,5.345,1.200,0.000,142,11940,1142,0
1462,16.675,1.265,1.242,0.013,0.004,0.006,0,5.345,1.200,0.000,0,668,0,0
1463,16.693,5.320,2.337,2.737,0.238,0.008,1,5.274,1.210,0.000,142,11940,1142,0
1464,16.672,1.266,1.241,0.013,0.003,0.009,0,5.274,1.210,0.000,0,668,0,0
1465,16.694,5.287,2.334,2.712,0.233,0.008,1,5.179,1.268,0.000,142,11940,1142,0
1466,16.673,1.264,1.239,0.014,0.004,0.008,0,5.179,1.268,0.000,0,668,0,0
1467,16.689,5.389,2.345,2.786,0.248,0.011,1,5.336,1.612,0.000,142,11940,1142,0
1468,16.700,1.306,1.281,0.014,0.003,0.008,0,5.336,1.612,0.000,0,668,0,0
1469,16.669,6.697,3.439,2.889,0.354,0.015,1,5.439,1.313,0.000,142,11940,1143,0
1470,16.680,1.315,1.289,0.013,0.003,0.009,0,5.439,1.313,0.000,0,668,0,0
1471,16.685,5.889,2.798,2.794,0.287,0.010,1,5.338,1.211,0.000,142,11940,1142,0
1472,16.682,1.279,1.253,0.014,0.004,0.008,0,5.338,1.211,0.000,0,668,0,0
1473,16.685,5.434,2.366,2.820,0.239,0.008,1,5.200,1.362,0.000,142,11940,1142,0
1474,16.676,1.240,1.217,0.013,0.003,0.007,0,5.200,1.362,0.000,0,668,0,0
1475,16.691,5.399,2.429,2.758,0.204,0.008,1,5.132,1.227,0.000,142,11940,1142,0
1476,16.677,1.269,1.243,0.013,0.004,0.009,0,5.132,1.227,0.000,0,668,0,0
1477,16.689,5.364,2.322,2.796,0.239,0.007,1,5.367,1.208,0.000,142,11940,1142,0
1478,16.680,1.214,1.191,0.013,0.003,0.007,0,5.367,1.208,0.000,0,668,0,0
1479,16.691,5.574,2.578,2.769,0.218,0.010,1,5.333,1.219,0.000,142,11940,1143,0
1480,16.673,1.258,1.233,0.014,0.004,0.007,0,5.333,1.219,0.000,0,668,0,0
1481,16.695,5.359,2.328,2.786,0.237,0.007,1,5.251,1.200,0.000,142,11940,1142,0
1482,16.672,1.261,1.236,0.014,0.004,0.008,0,5.251,1.200,0.000,0,668,0,0
1483,16.692,5.335,2.400,2.693,0.233,0.008,1,5.354,1.643,0.000,142,11940,1142,0
1484,16.677,1.284,1.260,0.013,0.004,0.007,0,5.354,1.643,0.000,0,668,0,0
1485,16.696,5.518,2.444,2.819,0.244,0.012,1,5.458,1.296,0.000,142,11940,1142,0
1486,16.675,1.293,1.267,0.014,0.004,0.008,0,5.458,1.296,0.000,0,668,0,0
1487,16.688,5.386,2.417,2.713,0.248,0.009,1,5.821,1.218,0.000,142,11940,1143,0
1488,16.674,1.306,1.280,0.013,0.003,0.009,0,5.821,1.218,0.000,0,668,0,0
1489,16.691,5.369,2.331,2.795,0.234,0.008,1,5.272,1.208,0.000,142,11940,1142,0
1490,16.674,1.263,1.239,0.013,0.004,0.007,0,5.272,1.208,0.000,0,668,0,0
1491,16.695,5.335,2.371,2.721,0.232,0.010,1,5.334,1.218,0.000,142,11940,1142,0
1492,16.673,1.267,1.242,0.014,0.004,0.008,0,5.334,1.218,0.000,0,668,0,0
1493,16.693,5.467,2.486,2.734,0.238,0.010,1,5.173,1.244,0.000,142,11940,1142,0
1494,16.674,1.262,1.236,0.014,0.004,0.009,0,5.173,1.244,0.000,0,668,0,0
1495,16.693,5.315,2.309,2.769,0.228,0.007,1,5.189,1.292,0.000,142,11940,1142,0
1496,16.675,1.288,1.263,0.013,0.004,0.008,0,5.189,1.292,0.000,0,668,0,0
1497,16.687,5.399,2.425,2.726,0.239,0.009,1,5.236,1.266,0.000,142,11940,1143,0
1498,16.679,1.275,1.250,0.013,0.003,0.008,0,5.236,1.266,0.000,0,668,0,0
1499,16.696,5.544,2.508,2.782,0.246,0.008,1,5.392,1.624,0.000,142,11940,1142,0
1500,16.671,1.292,1.267,0.013,0.004,0.008,0,5.392,1.624,0.000,0,668,0,0
1501,16.695,5.372,2.398,2.714,0.252,0.008,1,5.956,1.215,0.000,142,11940,1142,0
1502,16.671,1.298,1.269,0.013,0.004,0.011,0,5.956,1.215,0.000,0,668,0,0
1503,16.694,5.401,2.417,2.723,0.254,0.007,1,5.774,1.273,0.000,142,11940,1142,0
1504,16.672,1.289,1.263,0.014,0.004,0.007,0,5.774,1.273,0.000,0,668,0,0
1505,16.693,5.411,2.333,2.826,0.243,0.009,1,5.319,1.262,0.000,142,11940,1142,0
1506,16.677,1.278,1.254,0.013,0.004,0.008,0,5.319,1.262,0.000,0,668,0,0
1507,16.686,5.313,2.348,2.715,0.242,0.008,1,5.283,1.215,0.000,142,11940,1143,0
1508,16.686,1.290,1.263,0.014,0.004,0.009,0,5.283,1.215,0.000,0,668,0,0
1509,16.681,6.832,3.300,3.046,0.463,0.024,1,5.563,1.341,0.000,142,11940,1142,0
1510,16.680,1.343,1.318,0.014,0.003,0.008,0,5.563,1.341,0.000,0,668,0,0
1511,16.680,5.626,2.688,2.741,0.185,0.012,1,5.006,1.285,0.000,142,11940,1142,0
1512,16.688,1.268,1.246,0.013,0.003,0.006,0,5.006,1.285,0.000,0,668,0,0
1513,16.687,6.428,3.133,2.875,0.402,0.017,1,5.491,1.252,0.000,142,11940,1142,0
1514,16.674,1.317,1.289,0.014,0.004,0.010,0,5.491,1.252,0.000,0,668,0,0
1515,16.691,5.538,2.353,2.927,0.250,0.008,1,5.995,1.220,0.000,142,11940,1142,0
1516,16.675,1.298,1.273,0.013,0.004,0.007,0,5.995,1.220,0.000,0,668,0,0
1517,16.690,5.374,2.393,2.725,0.247,0.009,1,5.748,1.215,0.000,142,11940,1143,0
1518,16.676,1.289,1.263,0.014,0.004,0.008,0,5.748,1.215,0.000,0,668,0,0
1519,16.697,5.481,2.474,2.729,0.267,0.011,1,5.907,1.232,0.000,142,11940,1142,0
1520,16.669,1.299,1.271,0.013,0.004,0.010,0,5.907,1.232,0.000,0,668,0,0
1521,16.689,5.464,2.356,2.855,0.245,0.009,1,5.237,1.254,0.000,142,11940,1142,0
1522,16.679,1.264,1.240,0.013,0.004,0.007,0,5.237,1.254,0.000,0,668,0,0
1523,16.690,5.315,2.368,2.710,0.228,0.009,1,5.244,1.217,0.000,142,11940,1142,0
1524,16.678,1.228,1.206,0.012,0.003,0.006,0,5.244,1.217,0.000,0,668,0,0
1525,16.687,5.164,2.261,2.674,0.221,0.009,1,5.234,1.217,0.000,142,11940,1142,0
1526,16.679,1.229,1.205,0.013,0.003,0.008,0,5.234,1.217,0.000,0,668,0,0
1527,16.689,5.312,2.390,2.708,0.206,0.009,1,5.253,1.226,0.000,142,11940,1143,0
1528,16.689,1.280,1.255,0.014,0.004,0.007,0,5.253,1.226,0.000,0,668,0,0
1529,16.688,6.398,2.802,3.272,0.309,0.016,1,5.800,1.225,0.000,142,11940,1142,0
1530,16.668,1.360,1.332,0.015,0.005,0.008,0,5.800,1.225,0.000,0,668,0,0
1531,16.695,5.523,2.384,2.873,0.257,0.009,1,5.366,1.663,0.000,142,11940,1142,0
1532,16.671,1.302,1.275,0.014,0.004,0.009,0,5.366,1.663,0.000,0,668,0,0
1533,16.695,5.436,2.466,2.727,0.236,0.008,1,5.781,1.288,0.000,142,11940,1142,0
1534,16.671,1.298,1.274,0.013,0.004,0.007,0,5.781,1.288,0.000,0,668,0,0
1535,16.689,5.494,2.480,2.747,0.258,0.009,1,5.457,1.216,0.000,142,11940,1143,0
1536,16.676,1.298,1.273,0.013,0.004,0.008,0,5.457,1.216,0.000,0,668,0,0
1537,16.689,5.512,2.338,2.917,0.247,0.010,1,5.320,1.294,0.000,142,11940,1142,0
1538,16.677,1.282,1.256,0.013,0.004,0.008,0,5.320,1.294,0.000,0,668,0,0
1539,16.690,5.482,2.463,2.775,0.236,0.008,1,5.358,1.200,0.000,142,11940,1142,0
1540,16.678,1.270,1.246,0.014,0.004,0.007,0,5.358,1.200,0.000,0,668,0,0
1541,16.695,5.519,2.357,2.914,0.240,0.009,1,5.227,1.226,0.000,142,11940,1142,0
1542,16.670,1.258,1.232,0.014,0.004,0.007,0,5.227,1.226,0.000,0,668,0,0
1543,16.691,5.301,2.356,2.709,0.228,0.008,1,5.216,1.210,0.000,142,11940,1142,0
1544,16.676,1.272,1.246,0.014,0.004,0.008,0,5.216,1.210,0.000,0,668,0,0
1545,16.691,5.403,2.336,2.823,0.236,0.008,1,5.617,1.317,0.000,142,11940,1143,0
1546,16.675,1.228,1.205,0.013,0.003,0.006,0,5.617,1.317,0.000,0,668,0,0
1547,16.698,5.408,2.349,2.830,0.218,0.011,1,5.274,1.674,0.000,142,11940,1142,0
1548,16.671,1.275,1.250,0.013,0.004,0.007,0,5.274,1.674,0.000,0,668,0,0
1549,16.691,5.291,2.339,2.708,0.236,0.008,1,5.789,1.234,0.000,142,11940,1142,0
1550,16.675,1.308,1.280,0.014,0.005,0.009,0,5.789,1.234,0.000,0,668,0,0
1551,16.695,5.528,2.404,2.868,0.246,0.010,1,5.982,1.225,0.000,142,11940,1142,0
1552,16.672,1.306,1.281,0.013,0.004,0.008,0,5.982,1.225,0.000,0,668,0,0
1553,16.692,5.363,2.377,2.738,0.239,0.009,1,5.282,1.217,0.000,142,11940,1142,0
1554,16.683,1.383,1.359,0.013,0.004,0.007,0,5.282,1.217,0.000,0,668,0,0
1555,16.685,6.636,3.244,2.902,0.474,0.016,1,5.459,1.316,0.000,142,11940,1143,0
1556,16.676,1.345,1.317,0.014,0.003,0.010,0,5.459,1.316,0.000,0,668,0,0
1557,16.692,5.444,2.413,2.749,0.274,0.009,1,5.439,1.211,0.000,142,11940,1142,0
1558,16.672,1.289,1.264,0.013,0.003,0.008,0,5.439,1.211,0.000,0,668,0,0
1559,16.692,5.495,2.529,2.721,0.233,0.012,1,5.257,1.205,0.000,142,11940,1142,0
1560,16.674,1.262,1.237,0.014,0.003,0.008,0,5.257,1.205,0.000,0,668,0,0
1561,16.694,5.328,2.380,2.707,0.234,0.007,1,5.679,1.193,0.000,142,11940,1142,0
1562,16.675,1.280,1.255,0.013,0.004,0.008,0,5.679,1.193,0.000,0,668,0,0
1563,16.692,5.412,2.391,2.772,0.238,0.011,1,5.825,1.260,0.000,142,11940,1142,0
1564,16.674,1.295,1.268,0.014,0.004,0.009,0,5.825,1.260,0.000,0,668,0,0
1565,16.697,5.396,2.430,2.717,0.241,0.009,1,5.358,1.245,0.000,142,11940,1143,0
1566,16.670,1.285,1.259,0.014,0.004,0.008,0,5.358,1.245,0.000,0,668,0,0
1567,16.688,5.668,2.710,2.711,0.236,0.011,1,5.752,1.211,0.000,142,11940,1142,0
1568,16.678,1.281,1.254,0.013,0.004,0.010,0,5.752,1.211,0.000,0,668,0,0
1569,16.693,5.377,2.364,2.776,0.229,0.008,1,5.338,1.351,0.000,142,11940,1142,0
1570,16.679,1.285,1.261,0.013,0.003,0.008,0,5.338,1.351,0.000,0,668,0,0
1571,16.683,5.565,2.603,2.698,0.256,0.007,1,5.124,1.253,0.000,142,11940,1142,0
1572,16.686,1.273,1.252,0.012,0.003,0.006,0,5.124,1.253,0.000,0,668,0,0
1573,16.682,6.773,3.363,2.941,0.448,0.021,1,5.572,1.254,0.000,142,11940,1142,0
1574,16.680,1.353,1.327,0.014,0.004,0.009,0,5.572,1.254,0.000,0,668,0,0
1575,16.686,5.618,2.505,2.852,0.252,0.010,1,5.383,1.215,0.000,142,11940,1143,0
1576,16.682,1.306,1.280,0.014,0.004,0.008,0,5.383,1.215,0.000,0,668,0,0
1577,16.684,6.994,3.627,2.942,0.407,0.019,1,5.250,1.325,0.000,142,11940,1142,0
1578,16.687,1.402,1.380,0.013,0.003,0.006,0,5.250,1.325,0.000,0,668,0,0
1579,16.682,6.974,3.747,2.873,0.341,0.013,1,5.314,1.230,0.000,142,11940,1142,0
1580,16.682,1.296,1.270,0.014,0.004,0.008,0,5.314,1.230,0.000,0,668,0,0
1581,16.685,6.015,2.419,3.315,0.271,0.010,1,5.211,1.189,0.000,142,11940,1142,0
1582,16.678,1.251,1.227,0.013,0.003,0.007,0,5.211,1.189,0.000,0,668,0,0
1583,16.696,5.886,2.874,2.738,0.264,0.011,1,5.106,1.210,0.000,142,11940,1143,0
1584,16.675,1.803,1.766,0.017,0.007,0.012,0,5.106,1.210,0.000,0,668,0,0
1585,16.684,5.851,2.881,2.731,0.227,0.011,1,5.404,1.229,0.000,142,11940,1142,0
1586,16.681,1.579,1.554,0.013,0.003,0.009,0,5.404,1.229,0.000,0,668,0,0
1587,16.688,6.424,3.123,2.875,0.409,0.016,1,5.541,1.278,0.000,142,11940,1142,0
1588,16.679,1.350,1.323,0.014,0.004,0.009,0,5.541,1.278,0.000,0,668,0,0
1589,16.688,5.496,2.478,2.756,0.250,0.011,1,5.675,1.203,0.000,142,11940,1142,0
1590,16.680,1.374,1.348,0.014,0.004,0.009,0,5.675,1.203,0.000,0,668,0,0
1591,16.684,5.454,2.402,2.767,0.276,0.009,1,5.552,1.233,0.000,142,11940,1142,0
1592,16.680,1.321,1.294,0.013,0.004,0.009,0,5.552,1.233,0.000,0,668,0,0
1593,16.685,5.889,2.391,3.238,0.252,0.008,1,5.140,1.220,0.000,142,11940,1143,0
1594,16.684,1.279,1.254,0.013,0.004,0.008,0,5.140,1.220,0.000,0,668,0,0
1595,16.685,5.886,2.425,3.181,0.269,0.013,1,5.012,1.287,0.000,142,11940,1142,0
1596,16.681,1.281,1.256,0.013,0.005,0.007,0,5.012,1.287,0.000,0,668,0,0
1597,16.684,6.001,2.511,3.236,0.245,0.010,1,5.149,1.217,0.000,142,11940,1142,0
1598,16.679,1.244,1.218,0.014,0.004,0.009,0,5.149,1.217,0.000,0,668,0,0
1599,16.697,5.917,2.497,3.183,0.228,0.009,1,5.122,1.270,0.000,142,11940,1142,0
1600,16.671,1.881,1.844,0.018,0.007,0.012,0,5.122,1.270,0.000,0,668,0,0
1601,16.691,5.819,2.869,2.713,0.226,0.011,1,5.703,1.218,0.000,142,11940,1142,0
1602,16.678,1.288,1.263,0.013,0.004,0.008,0,5.703,1.218,0.000,0,668,0,0
1603,16.685,5.379,2.391,2.733,0.244,0.011,1,5.327,1.215,0.000,142,11940,1143,0
1604,16.682,1.297,1.272,0.013,0.004,0.008,0,5.327,1.215,0.000,0,668,0,0
1605,16.725,5.596,2.538,2.807,0.239,0.011,1,5.239,1.206,0.000,142,11940,1142,0
1606,16.640,1.798,1.762,0.016,0.007,0.013,0,5.239,1.206,0.000,0,668,0,0
1607,16.686,5.878,2.882,2.755,0.229,0.012,1,5.480,1.225,0.000,142,11940,1142,0
1608,16.682,1.294,1.268,0.013,0.004,0.008,0,5.480,1.225,0.000,0,668,0,0
1609,16.683,5.860,2.788,2.818,0.242,0.012,1,5.128,1.215,0.000,142,11940,1142,0
1610,16.683,1.279,1.253,0.014,0.004,0.008,0,5.128,1.215,0.000,0,668,0,0
1611,16.684,5.837,2.376,3.203,0.248,0.010,1,5.116,1.205,0.000,142,11940,1142,0
1612,16.683,1.258,1.234,0.013,0.004,0.008,0,5.116,1.205,0.000,0,668,0,0
1613,16.685,5.816,2.401,3.166,0.240,0.009,1,5.166,1.204,0.000,142,11940,1143,0
1614,16.681,1.266,1.241,0.013,0.004,0.008,0,5.166,1.204,0.000,0,668,0,0
1615,16.693,5.781,2.383,2.708,0.679,0.012,1,5.125,1.199,0.000,142,11940,1142,0
1616,16.673,1.857,1.821,0.017,0.007,0.012,0,5.125,1.199,0.000,0,668,0,0
1617,16.685,5.814,2.845,2.740,0.220,0.009,1,5.525,1.219,0.000,142,11940,1142,0
1618,16.682,1.319,1.292,0.014,0.004,0.009,0,5.525,1.219,0.000,0,668,0,0
1619,16.685,5.573,2.529,2.783,0.249,0.011,1,5.324,1.204,0.000,142,11940,1142,0
1620,16.682,1.297,1.272,0.013,0.004,0.008,0,5.324,1.204,0.000,0,668,0,0
1621,16.685,5.343,2.362,2.718,0.253,0.009,1,5.296,1.206,0.000,142,11940,1142,0
1622,16.682,1.294,1.244,0.039,0.004,0.007,0,5.296,1.206,0.000,0,668,1,0
1623,16.685,5.478,2.490,2.741,0.239,0.008,1,4.983,1.264,0.000,142,11940,1142,0
1624,16.682,1.269,1.244,0.013,0.004,0.008,0,4.983,1.264,0.000,0,668,0,0
1625,16.682,5.868,2.793,2.833,0.234,0.008,1,5.216,1.219,0.000,142,11940,1142,0
1626,16.685,1.282,1.257,0.014,0.004,0.007,0,5.216,1.219,0.000,0,668,0,0
1627,16.685,6.038,2.919,2.835,0.270,0.014,1,5.056,1.201,0.000,142,11940,1142,0
1628,16.681,1.251,1.227,0.013,0.004,0.007,0,5.056,1.201,0.000,0,668,0,0
1629,16.684,6.158,2.549,3.351,0.249,0.009,1,5.157,1.215,0.000,142,11940,1142,0
1630,16.680,1.257,1.232,0.013,0.004,0.008,0,5.157,1.215,0.000,0,668,0,0
1631,16.690,5.797,2.351,2.736,0.701,0.009,1,5.041,1.199,0.000,142,11940,1143,0
1632,16.675,1.286,1.261,0.013,0.004,0.007,0,5.041,1.199,0.000,0,668,0,0
1633,16.690,5.267,2.332,2.707,0.220,0.009,1,5.323,1.214,0.000,142,11940,1142,0
1634,16.678,1.265,1.240,0.013,0.003,0.008,0,5.323,1.214,0.000,0,668,0,0
1635,16.692,5.556,2.389,2.918,0.243,0.007,1,5.167,1.209,0.000,142,11940,1142,0
1636,16.675,1.259,1.233,0.013,0.004,0.008,0,5.167,1.209,0.000,0,668,0,0
1637,16.694,5.320,2.380,2.705,0.229,0.007,1,5.259,1.214,0.000,142,11940,1142,0
1638,16.677,1.272,1.248,0.013,0.004,0.008,0,5.259,1.214,0.000,0,668,0,0
1639,16.688,5.364,2.394,2.714,0.245,0.010,1,5.318,1.208,0.000,142,11940,1142,0
1640,16.674,1.268,1.242,0.015,0.004,0.007,0,5.318,1.208,0.000,0,668,0,0
1641,16.695,5.523,2.446,2.821,0.248,0.008,1,5.441,1.599,0.000,142,11940,1143,0
1642,16.671,1.301,1.274,0.013,0.004,0.009,0,5.441,1.599,0.000,0,668,0,0
1643,16.695,5.356,2.382,2.718,0.248,0.008,1,5.740,1.203,0.000,142,11940,1142,0
1644,16.672,1.288,1.264,0.013,0.004,0.008,0,5.740,1.203,0.000,0,668,0,0
1645,16.690,5.303,2.319,2.735,0.240,0.009,1,5.717,1.197,0.000,142,11940,1142,0
1646,16.677,1.305,1.280,0.013,0.004,0.009,0,5.717,1.197,0.000,0,668,0,0
1647,16.687,5.507,2.452,2.792,0.255,0.008,1,5.588,1.212,0.000,142,11940,1142,0
1648,16.689,1.377,1.352,0.014,0.003,0.008,0,5.588,1.212,0.000,0,668,0,0
1649,16.697,6.593,3.248,2.879,0.441,0.026,1,5.467,1.333,0.000,142,11940,1142,0
1650,16.667,1.535,1.503,0.016,0.006,0.011,0,5.467,1.333,0.000,0,668,0,0
1651,16.684,5.644,2.489,2.815,0.327,0.013,1,5.559,1.217,0.000,142,11940,1143,0
1652,16.680,1.333,1.307,0.014,0.004,0.008,0,5.559,1.217,0.000,0,668,0,0
1653,16.686,5.414,2.386,2.754,0.265,0.010,1,5.379,1.204,0.000,142,11940,1142,0
1654,16.680,1.308,1.279,0.014,0.004,0.010,0,5.379,1.204,0.000,0,668,0,0
1655,16.686,5.493,2.375,2.872,0.236,0.009,1,5.163,1.214,0.000,142,11940,1142,0
1656,16.680,1.283,1.258,0.014,0.004,0.008,0,5.163,1.214,0.000,0,668,0,0
1657,16.686,5.904,2.903,2.752,0.236,0.012,1,5.248,1.218,0.000,142,11940,1142,0
1658,16.680,1.276,1.250,0.013,0.004,0.009,0,5.248,1.218,0.000,0,668,0,0
1659,16.686,5.835,2.415,3.173,0.237,0.009,1,5.280,1.213,0.000,142,11940,1142,0
1660,16.678,1.267,1.241,0.015,0.004,0.008,0,5.280,1.213,0.000,0,668,0,0
1661,16.689,5.869,2.386,3.215,0.256,0.012,1,5.145,1.198,0.000,142,11940,1143,0
1662,16.682,1.256,1.232,0.013,0.004,0.007,0,5.145,1.198,0.000,0,668,0,0
1663,16.685,5.306,2.330,2.736,0.230,0.009,1,5.229,1.213,0.000,142,11940,1142,0
1664,16.676,1.225,1.204,0.012,0.003,0.006,0,5.229,1.213,0.000,0,668,0,0
1665,16.694,5.373,2.352,2.801,0.211,0.009,1,5.292,1.224,0.000,142,11940,1142,0
1666,16.678,1.614,1.568,0.026,0.007,0.013,0,5.292,1.224,0.000,0,668,0,0
1667,16.684,5.476,2.466,2.750,0.249,0.010,1,5.357,1.209,0.000,142,11940,1142,0
1668,16.682,1.292,1.267,0.014,0.004,0.007,0,5.357,1.209,0.000,0,668,0,0
1669,16.684,5.377,2.403,2.725,0.239,0.010,1,5.215,1.209,0.000,142,11940,1143,0
1670,16.684,1.282,1.256,0.014,0.003,0.008,0,5.215,1.209,0.000,0,668,0,0
1671,16.683,5.439,2.363,2.826,0.241,0.009,1,5.317,1.205,0.000,142,11940,1142,0
1672,16.682,1.293,1.267,0.013,0.004,0.009,0,5.317,1.205,0.000,0,668,0,0
1673,16.685,5.931,2.892,2.776,0.255,0.008,1,5.084,1.211,0.000,142,11940,1142,0
1674,16.682,1.278,1.252,0.013,0.005,0.008,0,5.084,1.211,0.000,0,668,0,0
1675,16.685,5.853,2.825,2.773,0.245,0.010,1,5.192,1.209,0.000,142,11940,1142,0
1676,16.682,1.268,1.245,0.013,0.003,0.007,0,5.192,1.209,0.000,0,668,0,0
1677,16.685,5.867,2.461,3.153,0.245,0.008,1,5.139,1.250,0.000,142,11940,1142,0
1678,16.678,1.239,1.215,0.013,0.003,0.008,0,5.139,1.250,0.000,0,668,0,0
1679,16.690,5.964,3.001,2.718,0.233,0.012,1,5.367,1.208,0.000,142,11940,1143,0
1680,16.675,1.302,1.278,0.014,0.004,0.007,0,5.367,1.208,0.000,0,668,0,0
1681,16.695,5.288,2.334,2.712,0.233,0.009,1,5.248,1.226,0.000,142,11940,1142,0
1682,16.672,1.258,1.232,0.014,0.004,0.009,0,5.248,1.226,0.000,0,668,0,0
1683,16.696,5.298,2.322,2.735,0.232,0.010,1,5.277,1.208,0.000,142,11940,1142,0
1684,16.673,1.262,1.237,0.013,0.004,0.009,0,5.277,1.208,0.000,0,668,0,0
1685,16.693,5.403,2.411,2.729,0.254,0.008,1,5.231,1.215,0.000,142,11940,1142,0
1686,16.671,1.273,1.247,0.013,0.005,0.008,0,5.231,1.215,0.000,0,668,0,0
1687,16.695,5.329,2.377,2.710,0.233,0.009,1,5.234,1.204,0.000,142,11940,1142,0
1688,16.672,1.259,1.235,0.013,0.004,0.007,0,5.234,1.204,0.000,0,668,0,0
1689,16.697,5.475,2.497,2.736,0.234,0.008,1,5.365,1.617,0.000,142,11940,1143,0
1690,16.670,1.281,1.256,0.013,0.004,0.008,0,5.365,1.617,0.000,0,668,0,0
1691,16.695,5.327,2.377,2.711,0.232,0.007,1,5.723,1.208,0.000,142,11940,1142,0
1692,16.672,1.274,1.249,0.014,0.004,0.008,0,5.723,1.208,0.000,0,668,0,0
1693,16.694,5.303,2.324,2.731,0.239,0.009,1,5.796,1.213,0.000,142,11940,1142,0
1694,16.674,1.282,1.256,0.014,0.004,0.008,0,5.796,1.213,0.000,0,668,0,0
1695,16.692,5.379,2.402,2.717,0.251,0.009,1,5.347,1.210,0.000,142,11940,1142,0
1696,16.674,1.267,1.242,0.013,0.004,0.008,0,5.347,1.210,0.000,0,668,0,0
1697,16.694,5.345,2.378,2.719,0.239,0.009,1,5.193,1.225,0.000,142,11940,1142,0
1698,16.672,1.287,1.263,0.013,0.004,0.007,0,5.193,1.225,0.000,0,668,0,0
1699,16.695,5.363,2.335,2.787,0.231,0.009,1,5.158,1.209,0.000,142,11940,1143,0
1700,16.672,1.533,1.495,0.026,0.004,0.008,0,5.158,1.209,0.000,0,668,0,0
1701,16.695,5.385,2.380,2.758,0.239,0.009,1,5.295,1.221,0.000,142,11940,1142,0
1702,16.672,1.261,1.236,0.013,0.003,0.009,0,5.295,1.221,0.000,0,668,0,0
1703,16.689,5.260,2.325,2.693,0.234,0.008,1,5.238,1.218,0.000,142,11940,1142,0
1704,16.678,1.264,1.238,0.013,0.004,0.008,0,5.238,1.218,0.000,0,668,0,0
1705,16.688,5.270,2.313,2.727,0.222,0.008,1,5.372,1.612,0.000,142,11940,1142,0
1706,16.680,1.279,1.255,0.013,0.004,0.008,0,5.372,1.612,0.000,0,668,0,0
1707,16.690,7.643,3.617,3.606,0.400,0.019,1,5.125,1.247,0.000,142,11940,1142,0
1708,16.678,1.356,1.332,0.014,0.003,0.007,0,5.125,1.247,0.000,0,668,0,0
1709,16.703,6.122,2.977,2.820,0.309,0.016,1,6.107,1.256,0.000,142,11940,1143,0
1710,16.682,1.657,1.618,0.016,0.005,0.017,0,6.107,1.256,0.000,0,668,0,0
1711,16.678,5.934,2.750,2.816,0.355,0.013,1,5.940,1.244,0.000,142,11940,1142,0
1712,16.707,1.435,1.409,0.014,0.004,0.008,0,5.940,1.244,0.000,0,668,0,0
1713,16.650,6.575,3.168,2.961,0.427,0.019,1,5.600,1.279,0.000,142,11940,1142,0
1714,16.679,1.310,1.285,0.014,0.003,0.009,0,5.600,1.279,0.000,0,668,0,0
1715,16.687,5.357,2.326,2.720,0.303,0.008,1,5.354,1.213,0.000,142,11940,1142,0
1716,16.679,1.244,1.219,0.013,0.004,0.008,0,5.354,1.213,0.000,0,668,0,0
1717,16.688,5.193,2.296,2.692,0.198,0.008,1,5.185,1.211,0.000,142,11940,1143,0
1718,16.677,1.219,1.196,0.013,0.003,0.007,0,5.185,1.211,0.000,0,668,0,0
1719,16.691,5.425,2.420,2.766,0.231,0.008,1,5.210,1.224,0.000,142,11940,1142,0
1720,16.678,1.257,1.234,0.013,0.004,0.007,0,5.210,1.224,0.000,0,668,0,0
1721,16.694,5.397,2.331,2.817,0.240,0.009,1,5.374,1.614,0.000,142,11940,1142,0
1722,16.675,1.305,1.277,0.014,0.004,0.009,0,5.374,1.614,0.000,0,668,0,0
1723,16.691,5.359,2.395,2.717,0.238,0.009,1,5.266,1.686,0.000,142,11940,1142,0
1724,16.686,1.589,1.555,0.018,0.005,0.011,0,5.266,1.686,0.000,0,668,0,0
1725,16.677,6.862,3.050,3.406,0.386,0.021,1,5.714,1.265,0.000,142,11940,1142,0
1726,16.678,1.313,1.288,0.014,0.004,0.008,0,5.714,1.265,0.000,0,668,0,0
1727,16.692,5.299,2.369,2.736,0.187,0.008,1,5.413,1.201,0.000,142,11940,1143,0
1728,16.671,1.303,1.275,0.016,0.004,0.009,0,5.413,1.201,0.000,0,668,0,0
1729,16.690,5.290,2.317,2.709,0.254,0.010,1,5.292,1.201,0.000,142,11940,1142,0
1730,16.686,1.363,1.338,0.014,0.004,0.008,0,5.292,1.201,0.000,0,668,0,0
1731,16.682,6.731,3.260,2.990,0.459,0.022,1,5.466,1.267,0.000,142,11940,1142,0
1732,16.679,1.327,1.303,0.013,0.003,0.007,0,5.466,1.267,0.000,0,668,0,0
1733,16.686,5.419,2.387,2.754,0.267,0.011,1,5.429,1.213,0.000,142,11940,1142,0
1734,16.690,1.308,1.281,0.014,0.004,0.009,0,5.429,1.213,0.000,0,668,0,0
1735,16.677,6.544,3.324,2.846,0.352,0.022,1,5.111,1.241,0.000,142,11940,1142,0
1736,16.681,1.304,1.282,0.013,0.003,0.006,0,5.111,1.241,0.000,0,668,0,0
1737,16.686,6.935,3.636,2.914,0.368,0.017,1,5.454,1.241,0.000,142,11940,1143,0
1738,16.680,1.307,1.281,0.014,0.004,0.008,0,5.454,1.241,0.000,0,668,0,0
1739,16.685,6.069,3.000,2.780,0.276,0.013,1,5.194,1.205,0.000,142,11940,1142,0
1740,16.682,1.630,1.592,0.020,0.006,0.012,0,5.194,1.205,0.000,0,668,0,0
1741,16.685,6.106,3.102,2.750,0.241,0.012,1,5.238,1.225,0.000,142,11940,1142,0
1742,16.682,1.260,1.236,0.013,0.003,0.007,0,5.238,1.225,0.000,0,668,0,0
1743,16.688,5.347,2.399,2.713,0.224,0.011,1,5.223,1.209,0.000,142,11940,1142,0
1744,16.674,1.244,1.219,0.013,0.004,0.007,0,5.223,1.209,0.000,0,668,0,0
1745,16.696,5.301,2.376,2.689,0.229,0.008,1,5.177,1.281,0.000,142,11940,1142,0
1746,16.671,1.287,1.261,0.014,0.004,0.008,0,5.177,1.281,0.000,0,668,0,0
1747,16.694,5.278,2.299,2.742,0.229,0.008,1,5.265,1.225,0.000,142,11940,1143,0
1748,16.672,1.260,1.237,0.013,0.003,0.007,0,5.265,1.225,0.000,0,668,0,0
1749,16.696,5.300,2.356,2.701,0.234,0.009,1,5.265,1.218,0.000,142,11940,1142,0
1750,16.671,1.274,1.251,0.013,0.003,0.007,0,5.265,1.218,0.000,0,668,0,0
1751,16.693,5.365,2.348,2.773,0.237,0.007,1,5.556,1.205,0.000,142,11940,1142,0
1752,16.672,1.263,1.238,0.013,0.003,0.009,0,5.556,1.205,0.000,0,668,0,0
1753,16.697,5.329,2.327,2.756,0.237,0.009,1,5.281,1.196,0.000,142,11940,1142,0
1754,16.672,1.280,1.254,0.014,0.004,0.008,0,5.281,1.196,0.000,0,668,0,0
1755,16.694,5.369,2.332,2.791,0.236,0.011,1,5.368,1.685,0.000,142,11940,1142,0
1756,16.673,1.284,1.258,0.014,0.004,0.008,0,5.368,1.685,0.000,0,668,0,0
1757,16.693,5.532,2.338,2.932,0.253,0.010,1,5.825,1.216,0.000,142,11940,1143,0
1758,16.673,1.285,1.259,0.013,0.005,0.008,0,5.825,1.216,0.000,0,668,0,0
1759,16.687,5.300,2.320,2.718,0.250,0.012,1,5.394,1.203,0.000,142,11940,1142,0
1760,16.677,1.291,1.266,0.013,0.004,0.007,0,5.394,1.203,0.000,0,668,0,0
1761,16.694,5.328,2.333,2.738,0.248,0.009,1,5.264,1.213,0.000,142,11940,1142,0
1762,16.675,1.251,1.226,0.013,0.004,0.007,0,5.264,1.213,0.000,0,668,0,0
1763,16.694,5.336,2.382,2.707,0.237,0.010,1,5.190,1.224,0.000,142,11940,1142,0
1764,16.674,1.267,1.242,0.013,0.003,0.008,0,5.190,1.224,0.000,0,668,0,0
1765,16.690,5.243,2.308,2.701,0.227,0.007,1,5.224,1.283,0.000,142,11940,1143,0
1766,16.676,1.277,1.252,0.014,0.003,0.008,0,5.224,1.283,0.000,0,668,0,0
1767,16.691,5.363,2.338,2.792,0.223,0.010,1,5.730,1.201,0.000,142,11940,1142,0
1768,16.677,1.289,1.263,0.014,0.004,0.008,0,5.730,1.201,0.000,0,668,0,0
1769,16.696,5.374,2.346,2.782,0.237,0.008,1,5.344,1.683,0.000,142,11940,1142,0
1770,16.687,1.306,1.281,0.013,0.004,0.008,0,5.344,1.683,0.000,0,668,0,0
1771,16.683,6.018,2.762,2.905,0.337,0.014,1,6.145,1.263,0.000,142,11940,1142,0
1772,16.667,1.334,1.306,0.014,0.005,0.009,0,6.145,1.263,0.000,0,668,0,0
1773,16.694,5.520,2.516,2.738,0.256,0.009,1,5.443,1.202,0.000,142,11940,1142,0
1774,16.670,1.299,1.273,0.014,0.004,0.008,0,5.443,1.202,0.000,0,668,0,0
1775,16.693,5.683,2.715,2.744,0.210,0.014,1,5.337,1.224,0.000,142,11940,1143,0
1776,16.681,1.367,1.341,0.013,0.004,0.009,0,5.337,1.224,0.000,0,668,0,0
1777,16.685,6.761,3.342,2.929,0.468,0.022,1,5.517,1.255,0.000,142,11940,1142,0
1778,16.675,1.315,1.289,0.013,0.004,0.008,0,5.517,1.255,0.000,0,668,0,0
1779,16.690,5.327,2.393,2.735,0.187,0.012,1,5.253,1.211,0.000,142,11940,1142,0
1780,16.678,1.289,1.264,0.014,0.004,0.007,0,5.253,1.211,0.000,0,668,0,0
1781,16.694,5.326,2.350,2.709,0.260,0.007,1,5.177,1.208,0.000,142,11940,1142,0
1782,16.672,1.277,1.252,0.013,0.004,0.009,0,5.177,1.208,0.000,0,668,0,0
1783,16.693,5.349,2.342,2.765,0.234,0.008,1,5.672,1.205,0.000,142,11940,1142,0
1784,16.673,1.772,1.732,0.021,0.007,0.012,0,5.672,1.205,0.000,0,668,0,0
1785,16.695,5.937,2.888,2.787,0.252,0.010,1,5.953,1.204,0.000,142,11940,1143,0
1786,16.671,1.296,1.271,0.014,0.004,0.007,0,5.953,1.204,0.000,0,668,0,0
1787,16.696,5.393,2.419,2.728,0.237,0.009,1,5.763,1.188,0.000,142,11940,1142,0
1788,16.670,1.293,1.268,0.013,0.003,0.009,0,5.763,1.188,0.000,0,668,0,0
1789,16.693,5.627,2.598,2.781,0.239,0.008,1,5.673,1.239,0.000,142,11940,1142,0
1790,16.674,1.266,1.241,0.014,0.004,0.007,0,5.673,1.239,0.000,0,668,0,0
1791,16.684,6.825,2.721,2.738,1.356,0.009,1,5.714,1.204,0.000,142,11940,1142,0
1792,16.682,1.475,1.451,0.013,0.004,0.006,0,5.714,1.204,0.000,0,668,0,0
1793,16.684,5.511,2.564,2.718,0.221,0.007,1,4.807,1.205,0.000,142,11940,1142,0
1794,16.691,1.262,1.240,0.012,0.003,0.007,0,4.807,1.205,0.000,0,668,0,0
1795,16.683,6.672,3.282,2.930,0.446,0.014,1,5.786,1.272,0.000,142,11940,1143,0
1796,16.679,1.334,1.308,0.014,0.004,0.008,0,5.786,1.272,0.000,0,668,0,0
1797,16.684,5.799,2.681,2.818,0.290,0.010,1,5.035,1.206,0.000,142,11940,1142,0
1798,16.684,1.290,1.268,0.013,0.003,0.006,0,5.035,1.206,0.000,0,668,0,0
1799,16.687,6.544,3.258,2.913,0.356,0.017,1,5.620,1.276,0.000,142,11940,1142,0
1800,16.674,1.325,1.299,0.013,0.004,0.009,0,5.620,1.276,0.000,0,668,0,0
1801,16.690,5.358,2.325,2.718,0.306,0.009,1,5.826,1.227,0.000,142,11940,1142,0
1802,16.676,1.322,1.295,0.013,0.005,0.009,0,5.826,1.227,0.000,0,668,0,0
1803,16.692,5.418,2.357,2.794,0.259,0.009,1,5.724,1.211,0.000,142,11940,1143,0
1804,16.677,1.288,1.262,0.013,0.004,0.009,0,5.724,1.211,0.000,0,668,0,0
1805,16.695,6.334,3.142,2.725,0.450,0.018,1,5.754,1.234,0.000,142,11940,1142,0
1806,16.669,1.325,1.299,0.013,0.004,0.009,0,5.754,1.234,0.000,0,668,0,0
1807,16.690,5.575,2.545,2.730,0.290,0.009,1,5.300,1.207,0.000,142,11940,1142,0
1808,16.684,1.552,1.526,0.013,0.003,0.010,0,5.300,1.207,0.000,0,668,0,0
1809,16.687,6.444,3.172,2.879,0.377,0.017,1,5.618,1.264,0.000,142,11940,1142,0
1810,16.673,1.316,1.289,0.014,0.004,0.009,0,5.618,1.264,0.000,0,668,0,0
1811,16.693,5.380,2.403,2.729,0.237,0.011,1,5.350,1.217,0.000,142,11940,1142,0
1812,16.673,1.274,1.249,0.014,0.004,0.008,0,5.350,1.217,0.000,0,668,0,0
1813,16.693,5.340,2.317,2.782,0.234,0.007,1,5.341,1.223,0.000,142,11940,1143,0
1814,16.672,1.282,1.256,0.013,0.003,0.010,0,5.341,1.223,0.000,0,668,0,0
1815,16.698,5.326,2.370,2.718,0.230,0.008,1,5.480,1.572,0.000,142,11940,1142,0
1816,16.671,1.282,1.257,0.014,0.004,0.007,0,5.480,1.572,0.000,0,668,0,0
1817,16.696,5.319,2.321,2.748,0.241,0.009,1,5.824,1.206,0.000,142,11940,1142,0
1818,16.675,1.280,1.255,0.013,0.004,0.008,0,5.824,1.206,0.000,0,668,0,0
1819,16.678,5.564,2.558,2.743,0.255,0.008,1,5.445,1.238,0.000,142,11940,1142,0
1820,16.691,1.260,1.237,0.013,0.003,0.007,0,5.445,1.238,0.000,0,668,0,0
1821,16.692,7.205,3.768,3.049,0.373,0.014,1,5.492,1.280,0.000,142,11940,1142,0
1822,16.669,1.675,1.645,0.015,0.006,0.010,0,5.492,1.280,0.000,0,668,0,0
1823,16.690,5.853,2.928,2.732,0.180,0.013,1,5.509,1.219,0.000,142,11940,1143,0
1824,16.678,1.297,1.271,0.014,0.005,0.007,0,5.509,1.219,0.000,0,668,0,0
1825,16.681,5.501,2.524,2.711,0.259,0.007,1,4.866,1.208,0.000,142,11940,1142,0
1826,16.691,1.253,1.231,0.012,0.003,0.007,0,4.866,1.208,0.000,0,668,0,0
1827,16.782,6.584,3.232,2.916,0.420,0.016,1,5.794,1.246,0.000,142,11940,1142,0
1828,16.583,1.640,1.611,0.014,0.005,0.010,0,5.794,1.246,0.000,0,668,0,0
1829,16.682,6.133,3.008,2.811,0.300,0.014,1,5.569,1.240,0.000,142,11940,1142,0
1830,16.702,1.352,1.325,0.014,0.005,0.008,0,5.569,1.240,0.000,0,668,0,0
1831,16.665,7.420,3.521,3.452,0.430,0.017,1,5.571,1.284,0.000,142,11940,1142,0
1832,16.687,1.417,1.394,0.013,0.003,0.008,0,5.571,1.284,0.000,0,668,0,0
1833,16.680,6.977,3.640,2.915,0.407,0.015,1,5.450,1.257,0.000,142,11940,1143,0
1834,16.680,1.290,1.266,0.014,0.003,0.007,0,5.450,1.257,0.000,0,668,0,0
1835,16.687,6.250,2.890,3.106,0.243,0.011,1,5.472,1.205,0.000,142,11940,1142,0
1836,16.679,1.268,1.243,0.013,0.004,0.008,0,5.472,1.205,0.000,0,668,0,0
1837,16.696,5.803,2.829,2.741,0.218,0.014,1,5.220,1.208,0.000,142,11940,1142,0
1838,16.675,1.816,1.781,0.016,0.007,0.012,0,5.220,1.208,0.000,0,668,0,0
1839,16.689,5.796,2.836,2.716,0.232,0.012,1,5.493,1.229,0.000,142,11940,1142,0
1840,16.678,1.274,1.249,0.013,0.003,0.009,0,5.493,1.229,0.000,0,668,0,0
1841,16.685,5.390,2.387,2.756,0.235,0.012,1,5.361,1.201,0.000,142,11940,1142,0
1842,16.681,1.288,1.261,0.014,0.004,0.008,0,5.361,1.201,0.000,0,668,0,0
1843,16.686,5.539,2.387,2.880,0.262,0.010,1,5.350,1.212,0.000,142,11940,1143,0
1844,16.681,1.294,1.267,0.013,0.004,0.009,0,5.350,1.212,0.000,0,668,0,0
1845,16.684,5.358,2.384,2.717,0.249,0.008,1,5.341,1.196,0.000,142,11940,1142,0
1846,16.683,1.311,1.286,0.013,0.004,0.008,0,5.341,1.196,0.000,0,668,0,0
1847,16.684,5.845,2.798,2.794,0.242,0.010,1,5.264,1.219,0.000,142,11940,1142,0
1848,16.682,1.273,1.249,0.013,0.004,0.008,0,5.264,1.219,0.000,0,668,0,0
1849,16.683,5.876,2.408,3.199,0.261,0.009,1,5.102,1.201,0.000,142,11940,1142,0
1850,16.683,1.258,1.232,0.014,0.003,0.009,0,5.102,1.201,0.000,0,668,0,0
1851,16.685,5.819,2.361,3.201,0.248,0.008,1,5.167,1.201,0.000,142,11940,1143,0
1852,16.681,1.253,1.230,0.013,0.004,0.007,0,5.167,1.201,0.000,0,668,0,0
1853,16.689,5.785,2.381,2.701,0.692,0.011,1,5.136,1.206,0.000,142,11940,1142,0
1854,16.674,1.291,1.266,0.014,0.004,0.007,0,5.136,1.206,0.000,0,668,0,0
1855,16.694,5.215,2.309,2.684,0.213,0.010,1,5.283,1.215,0.000,142,11940,1142,0
1856,16.674,1.268,1.243,0.013,0.003,0.009,0,5.283,1.215,0.000,0,668,0,0
1857,16.689,5.237,2.310,2.687,0.231,0.008,1,5.355,1.249,0.000,142,11940,1142,0
1858,16.677,1.250,1.226,0.013,0.004,0.007,0,5.355,1.249,0.000,0,668,0,0
1859,16.690,5.367,2.430,2.693,0.236,0.009,1,5.262,1.230,0.000,142,11940,1142,0
1860,16.678,1.268,1.244,0.013,0.003,0.008,0,5.262,1.230,0.000,0,668,0,0
1861,16.695,5.269,2.310,2.710,0.239,0.009,1,5.271,1.217,0.000,142,11940,1143,0
1862,16.670,1.267,1.243,0.013,0.003,0.008,0,5.271,1.217,0.000,0,668,0,0
1863,16.695,5.240,2.300,2.685,0.247,0.007,1,5.963,1.260,0.000,142,11940,1142,0
1864,16.671,1.290,1.264,0.014,0.004,0.008,0,5.963,1.260,0.000,0,668,0,0
1865,16.697,5.293,2.320,2.713,0.250,0.011,1,5.823,1.206,0.000,142,11940,1142,0
1866,16.672,1.297,1.272,0.014,0.005,0.007,0,5.823,1.206,0.000,0,668,0,0
1867,16.695,5.460,2.441,2.769,0.242,0.008,1,5.918,1.284,0.000,142,11940,1142,0
1868,16.671,1.314,1.287,0.014,0.004,0.009,0,5.918,1.284,0.000,0,668,0,0
1869,16.694,5.612,2.638,2.724,0.242,0.008,1,5.634,1.342,0.000,142,11940,1142,0
1870,16.682,1.372,1.348,0.013,0.004,0.007,0,5.634,1.342,0.000,0,668,0,0
1871,16.681,6.644,3.212,2.926,0.476,0.030,1,5.639,1.247,0.000,142,11940,1143,0
1872,16.678,1.283,1.260,0.013,0.003,0.007,0,5.639,1.247,0.000,0,668,0,0
1873,16.688,5.382,2.341,2.731,0.297,0.013,1,5.171,1.213,0.000,142,11940,1142,0
1874,16.678,1.445,1.418,0.014,0.003,0.010,0,5.171,1.213,0.000,0,668,0,0
1875,16.688,5.469,2.407,2.808,0.246,0.009,1,5.118,1.193,0.000,142,11940,1142,0
1876,16.679,1.277,1.252,0.013,0.004,0.007,0,5.118,1.193,0.000,0,668,0,0
1877,16.686,5.369,2.374,2.744,0.240,0.010,1,5.272,1.204,0.000,142,11940,1142,0
1878,16.683,1.820,1.782,0.019,0.007,0.012,0,5.272,1.204,0.000,0,668,0,0
1879,16.686,6.156,2.691,3.182,0.273,0.010,1,5.224,1.291,0.000,142,11940,1142,0
1880,16.678,1.313,1.285,0.015,0.004,0.009,0,5.224,1.291,0.000,0,668,0,0
1881,16.686,5.874,2.434,3.181,0.246,0.014,1,5.103,1.198,0.000,142,11940,1143,0
1882,16.680,1.250,1.225,0.013,0.004,0.008,0,5.103,1.198,0.000,0,668,0,0
1883,16.687,5.844,2.388,3.196,0.250,0.011,1,4.995,1.198,0.000,142,11940,1142,0
1884,16.681,1.240,1.216,0.013,0.004,0.007,0,4.995,1.198,0.000,0,668,0,0
1885,16.685,5.799,2.833,2.744,0.214,0.009,1,5.211,1.403,0.000,142,11940,1142,0
1886,16.675,1.280,1.254,0.013,0.003,0.010,0,5.211,1.403,0.000,0,668,0,0
1887,16.690,5.321,2.330,2.758,0.224,0.009,1,5.126,1.217,0.000,142,11940,1142,0
1888,16.687,1.299,1.276,0.013,0.003,0.007,0,5.126,1.217,0.000,0,668,0,0
1889,16.682,6.657,3.231,2.985,0.420,0.022,1,5.494,1.269,0.000,142,11940,1142,0
1890,16.701,1.355,1.329,0.014,0.003,0.009,0,5.494,1.269,0.000,0,668,0,0
1891,16.668,5.858,2.669,2.873,0.301,0.015,1,5.674,1.208,0.000,142,11940,1143,0
1892,16.679,1.334,1.307,0.014,0.004,0.009,0,5.674,1.208,0.000,0,668,0,0
1893,16.684,5.703,2.689,2.751,0.255,0.009,1,5.052,1.217,0.000,142,11940,1142,0
1894,16.686,1.834,1.797,0.018,0.007,0.013,0,5.052,1.217,0.000,0,668,0,0
1895,16.687,6.013,2.627,3.004,0.372,0.011,1,5.951,1.630,0.000,142,11940,1142,0
1896,16.673,1.339,1.312,0.014,0.004,0.009,0,5.951,1.630,0.000,0,668,0,0
1897,16.688,5.393,2.404,2.739,0.241,0.009,1,5.874,1.215,0.000,142,11940,1142,0
1898,16.678,1.299,1.272,0.014,0.003,0.010,0,5.874,1.215,0.000,0,668,0,0
1899,16.691,5.368,2.372,2.735,0.253,0.008,1,5.867,1.206,0.000,142,11940,1143,0
1900,16.675,1.288,1.262,0.013,0.004,0.009,0,5.867,1.206,0.000,0,668,0,0
1901,16.689,5.299,2.341,2.701,0.248,0.010,1,5.331,1.208,0.000,142,11940,1142,0
1902,16.686,1.305,1.280,0.013,0.004,0.008,0,5.331,1.208,0.000,0,668,0,0
1903,16.679,5.479,2.439,2.799,0.231,0.010,1,5.220,1.317,0.000,142,11940,1142,0
1904,16.679,1.271,1.246,0.013,0.003,0.008,0,5.220,1.317,0.000,0,668,0,0
1905,16.690,5.342,2.384,2.720,0.231,0.008,1,5.217,1.216,0.000,142,11940,1142,0
1906,16.678,1.265,1.240,0.013,0.004,0.008,0,5.217,1.216,0.000,0,668,0,0
1907,16.689,5.260,2.332,2.684,0.236,0.008,1,5.287,1.204,0.000,142,11940,1142,0
1908,16.678,1.265,1.241,0.013,0.004,0.008,0,5.287,1.204,0.000,0,668,0,0
1909,16.692,5.269,2.312,2.711,0.236,0.009,1,5.400,1.225,0.000,142,11940,1143,0
1910,16.674,1.227,1.205,0.012,0.003,0.007,0,5.400,1.225,0.000,0,668,0,0
1911,16.698,5.231,2.330,2.666,0.229,0.007,1,5.370,1.271,0.000,142,11940,1142,0
1912,16.670,1.289,1.263,0.013,0.004,0.009,0,5.370,1.271,0.000,0,668,0,0
1913,16.695,5.674,2.592,2.821,0.250,0.010,1,5.320,1.755,0.000,142,11940,1142,0
1914,16.672,1.280,1.255,0.013,0.003,0.009,0,5.320,1.755,0.000,0,668,0,0
1915,16.695,5.364,2.353,2.770,0.232,0.009,1,5.912,1.201,0.000,142,11940,1142,0
1916,16.670,1.295,1.271,0.013,0.004,0.007,0,5.912,1.201,0.000,0,668,0,0
1917,16.689,5.313,2.342,2.727,0.235,0.010,1,5.397,1.212,0.000,142,11940,1142,0
1918,16.681,1.288,1.261,0.014,0.003,0.009,0,5.397,1.212,0.000,0,668,0,0
1919,16.689,5.991,2.671,3.041,0.263,0.016,1,5.645,1.256,0.000,142,11940,1143,0
1920,16.675,1.329,1.301,0.014,0.005,0.009,0,5.645,1.256,0.000,0,668,0,0
1921,16.691,5.349,2.341,2.729,0.268,0.010,1,5.369,1.204,0.000,142,11940,1142,0
1922,16.676,1.231,1.207,0.013,0.004,0.007,0,5.369,1.204,0.000,0,668,0,0
1923,16.694,5.194,2.280,2.691,0.215,0.008,1,5.159,1.276,0.000,142,11940,1142,0
1924,16.677,1.274,1.249,0.013,0.003,0.008,0,5.159,1.276,0.000,0,668,0,0
1925,16.690,5.324,2.368,2.699,0.248,0.009,1,5.282,1.212,0.000,142,11940,1142,0
1926,16.671,1.271,1.247,0.012,0.004,0.008,0,5.282,1.212,0.000,0,668,0,0
1927,16.696,5.358,2.334,2.776,0.240,0.009,1,5.765,1.199,0.000,142,11940,1142,0
1928,16.672,1.292,1.266,0.013,0.004,0.009,0,5.765,1.199,0.000,0,668,0,0
1929,16.693,5.285,2.330,2.698,0.249,0.007,1,5.299,1.718,0.000,142,11940,1143,0
1930,16.674,1.289,1.262,0.014,0.004,0.009,0,5.299,1.718,0.000,0,668,0,0
1931,16.696,5.371,2.394,2.728,0.238,0.011,1,5.826,1.244,0.000,142,11940,1142,0
1932,16.672,1.292,1.267,0.013,0.004,0.008,0,5.826,1.244,0.000,0,668,0,0
1933,16.691,5.278,2.307,2.708,0.255,0.009,1,5.383,1.206,0.000,142,11940,1142,0
1934,16.674,1.268,1.244,0.013,0.004,0.008,0,5.383,1.206,0.000,0,668,0,0
1935,16.695,5.599,2.459,2.730,0.399,0.010,1,5.230,1.224,0.000,142,11940,1142,0
1936,16.673,1.275,1.250,0.013,0.004,0.008,0,5.230,1.224,0.000,0,668,0,0
1937,16.691,5.308,2.359,2.704,0.235,0.010,1,5.260,1.213,0.000,142,11940,1142,0
1938,16.676,1.319,1.263,0.039,0.006,0.011,0,5.260,1.213,0.000,0,668,1,0
1939,16.697,5.376,2.325,2.808,0.233,0.010,1,5.212,1.245,0.000,142,11940,1142,0
1940,16.673,1.268,1.244,0.013,0.004,0.007,0,5.212,1.245,0.000,0,668,0,0
1941,16.692,5.337,2.371,2.716,0.241,0.010,1,5.293,1.210,0.000,142,11940,1142,0
1942,16.672,1.287,1.261,0.014,0.004,0.008,0,5.293,1.210,0.000,0,668,0,0
1943,16.691,5.320,2.377,2.710,0.225,0.007,1,5.362,1.610,0.000,142,11940,1142,0
1944,16.676,1.285,1.259,0.014,0.004,0.008,0,5.362,1.610,0.000,0,668,0,0
1945,16.687,5.288,2.340,2.708,0.231,0.008,1,5.718,1.223,0.000,142,11940,1142,0
1946,16.678,1.216,1.194,0.012,0.003,0.007,0,5.718,1.223,0.000,0,668,0,0
1947,16.691,5.253,2.281,2.758,0.207,0.007,1,5.794,1.218,0.000,142,11940,1143,0
1948,16.677,1.293,1.265,0.015,0.004,0.009,0,5.794,1.218,0.000,0,668,0,0
1949,16.689,5.343,2.309,2.787,0.239,0.008,1,5.253,1.215,0.000,142,11940,1142,0
1950,16.676,1.269,1.245,0.013,0.004,0.007,0,5.253,1.215,0.000,0,668,0,0
1951,16.710,5.419,2.467,2.720,0.221,0.010,1,5.485,1.208,0.000,142,11940,1142,0
1952,16.672,1.815,1.775,0.019,0.007,0.014,0,5.485,1.208,0.000,0,668,0,0
1953,16.681,6.089,2.838,2.897,0.340,0.013,1,6.221,1.282,0.000,142,11940,1142,0
1954,16.680,1.454,1.424,0.015,0.005,0.011,0,6.221,1.282,0.000,0,668,0,0
1955,16.680,6.007,2.851,2.875,0.266,0.015,1,5.629,1.397,0.000,142,11940,1142,0
1956,16.691,1.335,1.309,0.014,0.004,0.008,0,5.629,1.397,0.000,0,668,0,0
1957,16.677,7.147,3.706,2.910,0.510,0.021,1,5.372,1.336,0.000,142,11940,1143,0
1958,16.682,1.360,1.335,0.013,0.004,0.007,0,5.372,1.336,0.000,0,668,0,0
1959,16.684,7.023,3.173,3.368,0.466,0.017,1,5.492,1.266,0.000,142,11940,1142,0
1960,16.685,1.309,1.283,0.014,0.004,0.008,0,5.492,1.266,0.000,0,668,0,0
1961,16.682,6.197,2.491,3.431,0.265,0.010,1,5.326,1.215,0.000,142,11940,1142,0
1962,16.682,1.270,1.244,0.014,0.004,0.008,0,5.326,1.215,0.000,0,668,0,0
1963,16.684,5.977,2.832,2.833,0.302,0.010,1,5.350,1.222,0.000,142,11940,1142,0
1964,16.679,1.271,1.246,0.014,0.004,0.007,0,5.350,1.222,0.000,0,668,0,0
1965,16.691,5.449,2.422,2.787,0.232,0.007,1,5.182,1.226,0.000,142,11940,1142,0
1966,16.674,1.260,1.234,0.014,0.003,0.009,0,5.182,1.226,0.000,0,668,0,0
1967,16.689,5.238,2.310,2.694,0.227,0.007,1,5.320,1.206,0.000,142,11940,1143,0
1968,16.680,1.265,1.239,0.014,0.004,0.008,0,5.320,1.206,0.000,0,668,0,0
1969,16.695,5.318,2.341,2.718,0.249,0.009,1,5.337,1.211,0.000,142,11940,1142,0
1970,16.670,1.272,1.249,0.013,0.003,0.007,0,5.337,1.211,0.000,0,668,0,0
1971,16.693,5.262,2.313,2.706,0.235,0.008,1,5.174,1.265,0.000,142,11940,1142,0
1972,16.673,1.259,1.235,0.013,0.004,0.008,0,5.174,1.265,0.000,0,668,0,0
1973,16.696,5.360,2.348,2.779,0.223,0.009,1,5.675,1.204,0.000,142,11940,1142,0
1974,16.671,1.273,1.247,0.013,0.004,0.008,0,5.675,1.204,0.000,0,668,0,0
1975,16.695,5.422,2.339,2.829,0.244,0.010,1,5.360,1.646,0.000,142,11940,1142,0
1976,16.671,1.281,1.254,0.013,0.005,0.008,0,5.360,1.646,0.000,0,668,0,0
1977,16.692,5.341,2.396,2.708,0.228,0.008,1,5.799,1.225,0.000,142,11940,1143,0
1978,16.676,1.296,1.269,0.014,0.004,0.009,0,5.799,1.225,0.000,0,668,0,0
1979,16.693,5.401,2.445,2.693,0.253,0.009,1,5.819,1.289,0.000,142,11940,1142,0
1980,16.674,1.324,1.297,0.014,0.004,0.009,0,5.819,1.289,0.000,0,668,0,0
1981,16.694,5.329,2.341,2.716,0.263,0.010,1,5.431,1.208,0.000,142,11940,1142,0
1982,16.674,1.277,1.253,0.013,0.003,0.008,0,5.431,1.208,0.000,0,668,0,0
1983,16.692,5.373,2.342,2.786,0.238,0.007,1,5.231,1.231,0.000,142,11940,1142,0
1984,16.675,1.262,1.236,0.014,0.003,0.010,0,5.231,1.231,0.000,0,668,0,0
1985,16.692,5.290,2.332,2.710,0.241,0.008,1,5.309,1.217,0.000,142,11940,1143,0
1986,16.673,1.276,1.249,0.014,0.004,0.009,0,5.309,1.217,0.000,0,668,0,0
1987,16.694,5.356,2.323,2.784,0.239,0.009,1,5.251,1.217,0.000,142,11940,1142,0
1988,16.672,1.257,1.233,0.013,0.004,0.007,0,5.251,1.217,0.000,0,668,0,0
1989,16.695,5.296,2.345,2.703,0.239,0.009,1,5.652,1.272,0.000,142,11940,1142,0
1990,16.674,1.295,1.268,0.013,0.004,0.009,0,5.652,1.272,0.000,0,668,0,0
1991,16.693,5.456,2.467,2.737,0.242,0.010,1,5.743,1.239,0.000,142,11940,1142,0
1992,16.673,1.294,1.269,0.013,0.003,0.008,0,5.743,1.239,0.000,0,668,0,0
1993,16.689,5.443,2.405,2.720,0.310,0.008,1,5.462,1.198,0.000,142,11940,1142,0
1994,16.675,1.307,1.282,0.014,0.004,0.007,0,5.462,1.198,0.000,0,668,0,0
1995,16.693,5.478,2.456,2.771,0.243,0.008,1,5.809,1.212,0.000,142,11940,1143,0
1996,16.675,1.291,1.265,0.014,0.004,0.009,0,5.809,1.212,0.000,0,668,0,0
1997,16.687,5.371,2.399,2.723,0.238,0.010,1,5.279,1.221,0.000,142,11940,1142,0
1998,16.686,1.375,1.351,0.013,0.003,0.008,0,5.279,1.221,0.000,0,668,0,0
1999,16.680,6.703,3.283,2.918,0.478,0.024,1,5.523,1.264,0.000,142,11940,1142,0
2000,16.677,1.312,1.288,0.013,0.003,0.009,0,5.523,1.264,0.000,0,668,0,0
2001,16.688,5.235,2.336,2.712,0.176,0.010,1,5.315,1.217,0.000,142,11940,1142,0
2002,16.679,1.269,1.243,0.013,0.004,0.008,0,5.315,1.217,0.000,0,668,0,0
2003,16.694,5.270,2.302,2.704,0.254,0.008,1,5.219,1.215,0.000,142,11940,1142,0
2004,16.671,1.271,1.244,0.014,0.004,0.008,0,5.219,1.215,0.000,0,668,0,0
2005,16.697,5.415,2.337,2.788,0.282,0.008,1,5.813,1.207,0.000,142,11940,1143,0
2006,16.672,1.282,1.254,0.014,0.005,0.009,0,5.813,1.207,0.000,0,668,0,0
2007,16.693,5.435,2.464,2.723,0.239,0.009,1,5.816,1.204,0.000,142,11940,1142,0
2008,16.674,1.819,1.780,0.020,0.008,0.011,0,5.816,1.204,0.000,0,668,0,0
2009,16.689,5.692,2.700,2.725,0.254,0.013,1,5.478,1.775,0.000,142,11940,1142,0
2010,16.677,1.321,1.293,0.013,0.004,0.010,0,5.478,1.775,0.000,0,668,0,0
2011,16.703,5.603,2.563,2.781,0.252,0.008,1,5.863,1.214,0.000,142,11940,1142,0
2012,16.677,1.477,1.447,0.014,0.005,0.011,0,5.863,1.214,0.000,0,668,0,0
2013,16.682,5.915,2.669,2.905,0.326,0.015,1,5.760,1.434,0.000,142,11940,1142,0
2014,16.681,1.472,1.447,0.013,0.004,0.008,0,5.760,1.434,0.000,0,668,0,0
2015,16.683,7.065,3.362,3.278,0.406,0.019,1,5.526,1.269,0.000,142,11940,1143,0
2016,16.675,1.314,1.289,0.013,0.004,0.008,0,5.526,1.269,0.000,0,668,0,0
2017,16.688,5.285,2.357,2.750,0.169,0.009,1,5.303,1.218,0.000,142,11940,1142,0
2018,16.680,1.239,1.216,0.013,0.003,0.007,0,5.303,1.218,0.000,0,668,0,0
2019,16.687,5.260,2.328,2.685,0.239,0.009,1,5.083,1.207,0.000,142,11940,1142,0
2020,16.678,1.184,1.162,0.013,0.003,0.007,0,5.083,1.207,0.000,0,668,0,0
2021,16.698,5.237,2.298,2.724,0.207,0.008,1,5.716,1.203,0.000,142,11940,1142,0
2022,16.671,1.310,1.283,0.014,0.004,0.008,0,5.716,1.203,0.000,0,668,0,0
2023,16.692,5.322,2.368,2.703,0.244,0.007,1,5.810,1.212,0.000,142,11940,1142,0
2024,16.686,1.315,1.290,0.013,0.004,0.008,0,5.810,1.212,0.000,0,668,0,0
2025,16.690,6.176,2.944,2.877,0.342,0.013,1,5.884,1.835,0.000,142,11940,1143,0
2026,16.666,1.355,1.327,0.015,0.004,0.009,0,5.884,1.835,0.000,0,668,0,0
2027,16.693,5.722,2.688,2.758,0.264,0.012,1,5.794,1.218,0.000,142,11940,1142,0
2028,16.673,1.303,1.277,0.013,0.004,0.010,0,5.794,1.218,0.000,0,668,0,0
2029,16.693,5.458,2.422,2.796,0.231,0.009,1,5.319,1.207,0.000,142,11940,1142,0
2030,16.675,1.270,1.246,0.013,0.004,0.007,0,5.319,1.207,0.000,0,668,0,0
2031,16.682,5.594,2.621,2.726,0.239,0.007,1,4.907,1.219,0.000,142,11940,1142,0
2032,16.692,1.250,1.229,0.012,0.003,0.006,0,4.907,1.219,0.000,0,668,0,0
2033,16.683,6.739,3.267,2.997,0.450,0.024,1,5.690,1.256,0.000,142,11940,1143,0
2034,16.679,1.342,1.314,0.014,0.004,0.010,0,5.690,1.256,0.000,0,668,0,0
2035,16.685,5.316,2.358,2.727,0.223,0.009,1,5.312,1.200,0.000,142,11940,1142,0
2036,16.683,1.327,1.302,0.014,0.004,0.007,0,5.312,1.200,0.000,0,668,0,0
2037,16.682,7.098,3.306,3.351,0.421,0.020,1,5.285,1.287,0.000,142,11940,1142,0
2038,16.685,1.810,1.774,0.019,0.006,0.011,0,5.285,1.287,0.000,0,668,0,0
2039,16.685,6.605,3.301,2.915,0.378,0.011,1,5.207,1.222,0.000,142,11940,1142,0
2040,16.680,1.485,1.457,0.013,0.006,0.010,0,5.207,1.222,0.000,0,668,0,0
2041,16.686,6.212,2.551,3.381,0.269,0.011,1,5.242,1.217,0.000,142,11940,1142,0
2042,16.679,1.271,1.247,0.013,0.003,0.007,0,5.242,1.217,0.000,0,668,0,0
2043,16.692,5.759,2.350,3.159,0.240,0.010,1,5.148,1.191,0.000,142,11940,1143,0
2044,16.675,1.802,1.769,0.017,0.006,0.011,0,5.148,1.191,0.000,0,668,0,0
2045,16.687,5.847,2.878,2.730,0.229,0.011,1,5.437,1.220,0.000,142,11940,1142,0
2046,16.681,1.269,1.244,0.013,0.003,0.009,0,5.437,1.220,0.000,0,668,0,0
2047,16.684,5.429,2.456,2.729,0.233,0.010,1,5.394,1.203,0.000,142,11940,1142,0
2048,16.682,1.288,1.262,0.014,0.004,0.009,0,5.394,1.203,0.000,0,668,0,0
2049,16.686,5.406,2.433,2.723,0.235,0.015,1,5.174,1.202,0.000,142,11940,1142,0
2050,16.682,1.296,1.271,0.013,0.004,0.008,0,5.174,1.202,0.000,0,668,0,0
2051,16.683,5.317,2.323,2.749,0.237,0.008,1,5.211,1.210,0.000,142,11940,1142,0
2052,16.685,1.293,1.268,0.013,0.004,0.008,0,5.211,1.210,0.000,0,668,0,0
2053,16.684,7.372,3.773,3.154,0.430,0.015,1,5.500,1.282,0.000,142,11940,1143,0
2054,16.682,1.425,1.402,0.014,0.003,0.006,0,5.500,1.282,0.000,0,668,0,0
2055,16.683,6.825,3.549,2.921,0.337,0.018,1,5.461,1.238,0.000,142,11940,1142,0
2056,16.682,1.294,1.269,0.013,0.004,0.007,0,5.461,1.238,0.000,0,668,0,0
2057,16.685,5.900,2.869,2.753,0.269,0.009,1,5.114,1.181,0.000,142,11940,1142,0
2058,16.682,1.254,1.229,0.013,0.004,0.009,0,5.114,1.181,0.000,0,668,0,0
2059,16.694,5.906,2.896,2.760,0.240,0.009,1,5.167,1.200,0.000,142,11940,1142,0
2060,16.671,1.846,1.813,0.017,0.005,0.011,0,5.167,1.200,0.000,0,668,0,0
2061,16.689,5.841,2.872,2.735,0.222,0.013,1,5.492,1.208,0.000,142,11940,1142,0
2062,16.681,1.269,1.243,0.014,0.004,0.007,0,5.492,1.208,0.000,0,668,0,0
2063,16.682,6.952,3.341,2.958,0.637,0.016,1,5.141,1.241,0.000,142,11940,1143,0
2064,16.682,1.326,1.301,0.013,0.004,0.008,0,5.141,1.241,0.000,0,668,0,0
2065,16.688,6.448,3.216,2.851,0.364,0.017,1,5.559,1.248,0.000,142,11940,1142,0
2066,16.679,1.314,1.287,0.014,0.004,0.008,0,5.559,1.248,0.000,0,668,0,0
2067,16.686,5.517,2.415,2.836,0.253,0.012,1,5.492,1.219,0.000,142,11940,1142,0
2068,16.682,1.286,1.261,0.014,0.004,0.008,0,5.492,1.219,0.000,0,668,0,0
2069,16.682,5.856,2.365,3.228,0.253,0.010,1,5.034,1.236,0.000,142,11940,1142,0
2070,16.684,1.273,1.247,0.014,0.004,0.009,0,5.034,1.236,0.000,0,668,0,0
2071,16.684,5.829,2.399,3.154,0.267,0.009,1,5.050,1.206,0.000,142,11940,1142,0
2072,16.685,1.252,1.228,0.013,0.004,0.007,0,5.050,1.206,0.000,0,668,0,0
2073,16.683,6.576,2.893,3.306,0.361,0.016,1,5.479,1.204,0.000,142,11940,1143,0
2074,16.677,1.302,1.277,0.013,0.003,0.008,0,5.479,1.204,0.000,0,668,0,0
2075,16.690,6.335,2.986,3.080,0.259,0.010,1,5.193,1.220,0.000,142,11940,1142,0
2076,16.675,1.301,1.278,0.012,0.003,0.008,0,5.193,1.220,0.000,0,668,0,0
2077,16.694,5.272,2.332,2.702,0.231,0.007,1,5.366,1.214,0.000,142,11940,1142,0
2078,16.672,1.261,1.238,0.013,0.003,0.007,0,5.366,1.214,0.000,0,668,0,0
2079,16.696,5.379,2.343,2.785,0.242,0.009,1,5.289,1.209,0.000,142,11940,1142,0
2080,16.671,1.284,1.258,0.014,0.004,0.008,0,5.289,1.209,0.000,0,668,0,0
2081,16.693,5.319,2.308,2.770,0.233,0.008,1,5.249,1.219,0.000,142,11940,1143,0
2082,16.673,1.262,1.237,0.013,0.003,0.008,0,5.249,1.219,0.000,0,668,0,0
2083,16.696,5.307,2.314,2.761,0.224,0.009,1,5.368,1.209,0.000,142,11940,1142,0
2084,16.671,1.262,1.239,0.013,0.003,0.008,0,5.368,1.209,0.000,0,668,0,0
2085,16.692,5.433,2.457,2.740,0.226,0.010,1,5.508,1.623,0.000,142,11940,1142,0
2086,16.675,1.336,1.310,0.014,0.003,0.009,0,5.508,1.623,0.000,0,668,0,0
2087,16.693,5.354,2.348,2.743,0.253,0.009,1,5.779,1.200,0.000,142,11940,1142,0
2088,16.673,1.287,1.260,0.014,0.004,0.009,0,5.779,1.200,0.000,0,668,0,0
2089,16.689,5.440,2.420,2.765,0.246,0.008,1,5.760,1.227,0.000,142,11940,1142,0
2090,16.676,1.282,1.258,0.013,0.004,0.007,0,5.760,1.227,0.000,0,668,0,0
2091,16.691,6.764,3.325,2.984,0.428,0.028,1,5.679,1.197,0.000,142,11940,1143,0
2092,16.683,1.935,1.905,0.019,0.004,0.007,0,5.679,1.197,0.000,0,668,0,0
2093,16.683,5.963,2.861,2.798,0.287,0.017,1,5.458,1.214,0.000,142,11940,1142,0
2094,16.679,1.287,1.263,0.013,0.004,0.008,0,5.458,1.214,0.000,0,668,0,0
2095,16.692,5.336,2.383,2.703,0.242,0.008,1,5.197,1.202,0.000,142,11940,1142,0
2096,16.677,1.248,1.224,0.014,0.003,0.008,0,5.197,1.202,0.000,0,668,0,0
2097,16.685,5.434,2.399,2.794,0.232,0.009,1,5.176,1.207,0.000,142,11940,1142,0
2098,16.680,1.253,1.229,0.014,0.003,0.007,0,5.176,1.207,0.000,0,668,0,0
2099,16.687,5.481,2.483,2.754,0.236,0.009,1,5.295,1.204,0.000,142,11940,1142,0
2100,16.679,1.280,1.253,0.013,0.003,0.009,0,5.295,1.204,0.000,0,668,0,0
2101,16.691,5.421,2.387,2.792,0.233,0.009,1,5.505,1.591,0.000,142,11940,1143,0
2102,16.676,1.249,1.224,0.013,0.004,0.008,0,5.505,1.591,0.000,0,668,0,0
2103,16.696,5.409,2.441,2.716,0.243,0.009,1,5.787,1.200,0.000,142,11940,1142,0
2104,16.670,1.302,1.275,0.014,0.004,0.009,0,5.787,1.200,0.000,0,668,0,0
2105,16.697,5.387,2.320,2.814,0.242,0.011,1,5.802,1.213,0.000,142,11940,1142,0
2106,16.673,1.288,1.262,0.014,0.005,0.008,0,5.802,1.213,0.000,0,668,0,0
2107,16.690,5.653,2.677,2.714,0.254,0.008,1,5.469,1.251,0.000,142,11940,1142,0
2108,16.683,1.364,1.338,0.013,0.003,0.009,0,5.469,1.251,0.000,0,668,0,0
2109,16.684,6.672,3.257,2.920,0.478,0.016,1,5.623,1.278,0.000,142,11940,1142,0
2110,16.680,1.298,1.273,0.014,0.004,0.008,0,5.623,1.278,0.000,0,668,0,0
2111,16.685,5.405,2.361,2.734,0.299,0.011,1,5.225,1.218,0.000,142,11940,1143,0
2112,16.682,1.295,1.270,0.013,0.004,0.008,0,5.225,1.218,0.000,0,668,0,0
2113,16.686,5.409,2.393,2.753,0.253,0.010,1,5.305,1.205,0.000,142,11940,1142,0
2114,16.680,1.306,1.279,0.014,0.005,0.009,0,5.305,1.205,0.000,0,668,0,0
2115,16.684,5.421,2.370,2.800,0.241,0.010,1,5.130,1.199,0.000,142,11940,1142,0
2116,16.683,1.275,1.250,0.013,0.004,0.008,0,5.130,1.199,0.000,0,668,0,0
2117,16.684,5.834,2.804,2.764,0.253,0.012,1,5.134,1.198,0.000,142,11940,1142,0
2118,16.683,1.276,1.251,0.013,0.004,0.008,0,5.134,1.198,0.000,0,668,0,0
2119,16.685,6.120,2.433,3.410,0.267,0.010,1,5.039,1.199,0.000,142,11940,1142,0
2120,16.682,1.316,1.263,0.038,0.004,0.011,0,5.039,1.199,0.000,0,668,1,0
2121,16.684,5.880,2.435,3.200,0.236,0.009,1,4.929,1.200,0.000,142,11940,1142,0
2122,16.682,1.227,1.204,0.013,0.003,0.007,0,4.929,1.200,0.000,0,668,0,0
2123,16.686,5.291,2.337,2.723,0.222,0.009,1,5.193,1.208,0.000,142,11940,1142,0
2124,16.680,1.234,1.211,0.013,0.003,0.007,0,5.193,1.208,0.000,0,668,0,0
2125,16.692,5.258,2.350,2.691,0.211,0.007,1,5.294,1.208,0.000,142,11940,1142,0
2126,16.672,1.292,1.265,0.014,0.004,0.009,0,5.294,1.208,0.000,0,668,0,0
2127,16.689,5.414,2.424,2.742,0.239,0.009,1,5.219,1.268,0.000,142,11940,1142,0
2128,16.687,1.273,1.251,0.013,0.004,0.006,0,5.219,1.268,0.000,0,668,0,0
2129,16.681,6.701,3.269,2.985,0.425,0.022,1,5.557,1.258,0.000,142,11940,1143,0
2130,16.682,1.339,1.313,0.015,0.004,0.008,0,5.557,1.258,0.000,0,668,0,0
2131,16.685,5.427,2.402,2.742,0.275,0.008,1,5.370,1.204,0.000,142,11940,1142,0
2132,16.692,1.314,1.286,0.014,0.004,0.010,0,5.370,1.204,0.000,0,668,0,0
2133,16.674,7.489,3.999,3.054,0.420,0.016,1,5.482,1.315,0.000,142,11940,1142,0
2134,16.688,1.817,1.779,0.019,0.007,0.012,0,5.482,1.315,0.000,0,668,0,0
2135,16.681,6.558,3.287,2.893,0.366,0.011,1,5.361,1.220,0.000,142,11940,1142,0
2136,16.680,1.304,1.278,0.013,0.004,0.008,0,5.361,1.220,0.000,0,668,0,0
2137,16.686,6.004,2.847,2.869,0.274,0.014,1,5.190,1.211,0.000,142,11940,1142,0
2138,16.680,1.278,1.253,0.014,0.003,0.009,0,5.190,1.211,0.000,0,668,0,0
2139,16.686,5.435,2.370,2.827,0.229,0.009,1,5.186,1.250,0.000,142,11940,1143,0
2140,16.678,1.238,1.216,0.013,0.003,0.007,0,5.186,1.250,0.000,0,668,0,0
2141,16.693,5.330,2.448,2.674,0.200,0.008,1,5.253,1.212,0.000,142,11940,1142,0
2142,16.672,1.281,1.256,0.014,0.004,0.008,0,5.253,1.212,0.000,0,668,0,0
2143,16.690,5.263,2.318,2.704,0.234,0.007,1,5.185,1.203,0.000,142,11940,1142,0
2144,16.680,1.280,1.253,0.013,0.004,0.010,0,5.185,1.203,0.000,0,668,0,0
2145,16.688,5.361,2.373,2.724,0.255,0.009,1,5.250,1.276,0.000,142,11940,1142,0
2146,16.676,1.272,1.248,0.013,0.004,0.007,0,5.250,1.276,0.000,0,668,0,0
2147,16.694,5.273,2.318,2.696,0.250,0.010,1,5.209,1.279,0.000,142,11940,1142,0
2148,16.672,1.245,1.220,0.014,0.004,0.007,0,5.209,1.279,0.000,0,668,0,0
2149,16.690,5.261,2.305,2.699,0.248,0.010,1,5.805,1.242,0.000,142,11940,1143,0
2150,16.678,1.299,1.271,0.014,0.005,0.009,0,5.805,1.242,0.000,0,668,0,0
2151,16.689,5.291,2.332,2.708,0.244,0.008,1,5.099,1.709,0.000,142,11940,1142,0
2152,16.688,1.261,1.240,0.013,0.003,0.005,0,5.099,1.709,0.000,0,668,0,0
2153,16.679,7.281,3.914,2.975,0.374,0.017,1,5.520,1.254,0.000,142,11940,1142,0
2154,16.681,1.295,1.270,0.013,0.004,0.008,0,5.520,1.254,0.000,0,668,0,0
2155,16.686,5.406,2.433,2.787,0.178,0.008,1,5.205,1.291,0.000,142,11940,1142,0
2156,16.677,1.272,1.248,0.014,0.003,0.008,0,5.205,1.291,0.000,0,668,0,0
2157,16.696,5.310,2.373,2.698,0.231,0.008,1,5.251,1.214,0.000,142,11940,1142,0
2158,16.672,1.304,1.278,0.014,0.004,0.008,0,5.251,1.214,0.000,0,668,0,0
2159,16.688,5.585,2.567,2.765,0.244,0.010,1,5.249,1.219,0.000,142,11940,1143,0
2160,16.677,1.265,1.241,0.013,0.004,0.007,0,5.249,1.219,0.000,0,668,0,0
2161,16.694,5.376,2.350,2.791,0.223,0.011,1,5.194,1.211,0.000,142,11940,1142,0
2162,16.672,1.265,1.240,0.013,0.003,0.008,0,5.194,1.211,0.000,0,668,0,0
2163,16.692,5.327,2.310,2.775,0.234,0.008,1,5.200,1.209,0.000,142,11940,1142,0
2164,16.676,1.270,1.246,0.013,0.004,0.007,0,5.200,1.209,0.000,0,668,0,0
2165,16.696,5.315,2.362,2.702,0.243,0.008,1,5.423,1.619,0.000,142,11940,1142,0
2166,16.670,1.276,1.250,0.013,0.004,0.009,0,5.423,1.619,0.000,0,668,0,0
2167,16.694,5.367,2.332,2.784,0.243,0.010,1,5.320,1.657,0.000,142,11940,1143,0
2168,16.673,1.290,1.263,0.014,0.004,0.009,0,5.320,1.657,0.000,0,668,0,0
2169,16.696,5.371,2.349,2.759,0.255,0.008,1,5.984,1.208,0.000,142,11940,1142,0
2170,16.672,1.292,1.266,0.013,0.004,0.008,0,5.984,1.208,0.000,0,668,0,0
2171,16.690,5.356,2.345,2.744,0.257,0.010,1,5.354,1.213,0.000,142,11940,1142,0
2172,16.745,1.333,1.308,0.013,0.004,0.007,0,5.354,1.213,0.000,0,668,0,0
2173,16.613,5.625,2.566,2.808,0.245,0.007,1,4.986,1.208,0.000,142,11940,1142,0
2174,16.693,1.272,1.250,0.013,0.003,0.006,0,4.986,1.208,0.000,0,668,0,0
2175,16.682,6.729,3.355,2.900,0.456,0.017,1,5.574,1.269,0.000,142,11940,1142,0
2176,16.679,1.335,1.308,0.014,0.004,0.009,0,5.574,1.269,0.000,0,668,0,0
2177,16.685,5.603,2.436,2.892,0.264,0.011,1,5.352,1.344,0.000,142,11940,1143,0
2178,16.689,1.306,1.282,0.013,0.004,0.008,0,5.352,1.344,0.000,0,668,0,0
2179,16.678,6.608,3.305,2.867,0.416,0.021,1,5.189,1.258,0.000,142,11940,1142,0
2180,16.686,1.310,1.286,0.013,0.003,0.007,0,5.189,1.258,0.000,0,668,0,0
2181,16.682,6.830,3.081,3.378,0.356,0.015,1,5.384,1.233,0.000,142,11940,1142,0
2182,16.681,1.635,1.603,0.018,0.006,0.009,0,5.384,1.233,0.000,0,668,0,0
2183,16.685,6.082,2.610,3.187,0.267,0.018,1,5.310,1.211,0.000,142,11940,1142,0
2184,16.682,1.275,1.251,0.013,0.004,0.007,0,5.310,1.211,0.000,0,668,0,0
2185,16.685,5.918,2.456,3.200,0.252,0.009,1,5.071,1.204,0.000,142,11940,1142,0
2186,16.680,1.249,1.224,0.013,0.003,0.008,0,5.071,1.204,0.000,0,668,0,0
2187,16.688,5.401,2.329,2.834,0.231,0.007,1,5.472,1.219,0.000,142,11940,1143,0
2188,16.677,1.262,1.238,0.013,0.004,0.007,0,5.472,1.219,0.000,0,668,0,0
2189,16.690,5.334,2.376,2.712,0.238,0.008,1,5.264,1.206,0.000,142,11940,1142,0
2190,16.676,1.253,1.229,0.013,0.003,0.007,0,5.264,1.206,0.000,0,668,0,0
2191,16.689,5.328,2.379,2.704,0.236,0.009,1,5.203,1.268,0.000,142,11940,1142,0
2192,16.702,1.306,1.281,0.014,0.004,0.008,0,5.203,1.268,0.000,0,668,0,0
2193,16.671,5.756,2.656,2.776,0.311,0.012,1,5.788,1.227,0.000,142,11940,1142,0
2194,16.672,1.305,1.281,0.013,0.004,0.008,0,5.788,1.227,0.000,0,668,0,0
2195,16.694,5.313,2.346,2.710,0.248,0.009,1,5.871,1.215,0.000,142,11940,1142,0
2196,16.674,1.305,1.279,0.013,0.003,0.009,0,5.871,1.215,0.000,0,668,0,0
2197,16.689,5.428,2.435,2.715,0.268,0.009,1,6.088,1.246,0.000,142,11940,1143,0
2198,16.677,1.268,1.242,0.014,0.004,0.009,0,6.088,1.246,0.000,0,668,0,0
2199,16.694,5.449,2.387,2.810,0.245,0.008,1,5.837,1.217,0.000,142,11940,1142,0
2200,16.672,1.297,1.270,0.014,0.004,0.009,0,5.837,1.217,0.000,0,668,0,0
2201,16.695,5.331,2.376,2.711,0.238,0.007,1,5.860,1.207,0.000,142,11940,1142,0
2202,16.673,1.645,1.601,0.024,0.007,0.013,0,5.860,1.207,0.000,0,668,0,0
2203,16.694,5.588,2.597,2.735,0.245,0.011,1,5.444,1.219,0.000,142,11940,1142,0
2204,16.676,1.286,1.261,0.013,0.004,0.007,0,5.444,1.219,0.000,0,668,0,0
2205,16.680,5.600,2.611,2.736,0.246,0.008,1,5.007,1.240,0.000,142,11940,1142,0
2206,16.690,1.253,1.230,0.013,0.003,0.007,0,5.007,1.240,0.000,0,668,0,0
2207,16.683,6.751,3.329,2.949,0.451,0.022,1,5.611,1.252,0.000,142,11940,1143,0
2208,16.677,1.342,1.314,0.016,0.004,0.009,0,5.611,1.252,0.000,0,668,0,0
2209,16.688,5.448,2.413,2.762,0.263,0.009,1,5.440,1.246,0.000,142,11940,1142,0
2210,16.682,1.311,1.287,0.013,0.003,0.008,0,5.440,1.246,0.000,0,668,0,0
2211,16.687,6.655,3.446,2.860,0.333,0.015,1,5.222,1.244,0.000,142,11940,1142,0
2212,16.684,1.405,1.380,0.013,0.003,0.007,0,5.222,1.244,0.000,0,668,0,0
2213,16.683,6.795,3.061,3.389,0.332,0.013,1,5.272,1.238,0.000,142,11940,1142,0
2214,16.680,1.293,1.268,0.014,0.004,0.008,0,5.272,1.238,0.000,0,668,0,0
2215,16.686,5.883,2.404,3.211,0.257,0.012,1,5.244,1.206,0.000,142,11940,1143,0
2216,16.681,1.266,1.242,0.013,0.004,0.007,0,5.244,1.206,0.000,0,668,0,0
2217,16.686,5.829,2.385,3.191,0.242,0.011,1,5.214,1.246,0.000,142,11940,1142,0
2218,16.681,1.271,1.246,0.013,0.004,0.008,0,5.214,1.246,0.000,0,668,0,0
2219,16.683,5.537,2.477,2.818,0.233,0.009,1,5.570,1.208,0.000,142,11940,1142,0
2220,16.679,1.297,1.272,0.014,0.003,0.008,0,5.570,1.208,0.000,0,668,0,0
2221,16.695,5.373,2.387,2.744,0.232,0.010,1,5.303,1.210,0.000,142,11940,1142,0
2222,16.672,1.274,1.250,0.013,0.004,0.007,0,5.303,1.210,0.000,0,668,0,0
2223,16.695,5.282,2.323,2.722,0.229,0.009,1,5.278,1.214,0.000,142,11940,1142,0
2224,16.674,1.265,1.239,0.013,0.003,0.009,0,5.278,1.214,0.000,0,668,0,0
2225,16.694,5.318,2.372,2.701,0.238,0.007,1,5.319,1.223,0.000,142,11940,1143,0
2226,16.669,1.257,1.233,0.013,0.003,0.008,0,5.319,1.223,0.000,0,668,0,0
2227,16.697,5.298,2.323,2.733,0.233,0.009,1,5.772,1.202,0.000,142,11940,1142,0
2228,16.671,1.283,1.259,0.013,0.004,0.007,0,5.772,1.202,0.000,0,668,0,0
2229,16.698,5.348,2.357,2.740,0.241,0.010,1,5.858,1.210,0.000,142,11940,1142,0
2230,16.671,1.321,1.293,0.014,0.004,0.009,0,5.858,1.210,0.000,0,668,0,0
2231,16.689,5.430,2.391,2.774,0.257,0.008,1,5.784,1.233,0.000,142,11940,1142,0
2232,16.681,1.332,1.304,0.014,0.004,0.009,0,5.784,1.233,0.000,0,668,0,0
2233,16.686,6.090,2.440,3.327,0.310,0.013,1,5.222,1.222,0.000,142,11940,1142,0
2234,16.680,1.270,1.246,0.013,0.003,0.008,0,5.222,1.222,0.000,0,668,0,0
2235,16.683,5.312,2.358,2.713,0.233,0.008,1,5.320,1.209,0.000,142,11940,1143,0
2236,16.682,1.278,1.252,0.013,0.004,0.008,0,5.320,1.209,0.000,0,668,0,0
2237,16.681,5.499,2.524,2.728,0.241,0.007,1,4.964,1.202,0.000,142,11940,1142,0
2238,16.689,1.253,1.232,0.012,0.003,0.006,0,4.964,1.202,0.000,0,668,0,0
2239,16.683,6.821,3.304,3.048,0.448,0.020,1,5.553,1.256,0.000,142,11940,1142,0
2240,16.679,1.327,1.300,0.014,0.004,0.009,0,5.553,1.256,0.000,0,668,0,0
2241,16.686,5.374,2.429,2.738,0.198,0.010,1,5.296,1.205,0.000,142,11940,1142,0
2242,16.681,1.311,1.283,0.013,0.004,0.010,0,5.296,1.205,0.000,0,668,0,0
2243,16.685,6.966,3.235,3.307,0.406,0.018,1,5.245,1.260,0.000,142,11940,1142,0
2244,16.681,1.398,1.376,0.013,0.003,0.006,0,5.245,1.260,0.000,0,668,0,0
2245,16.685,6.883,3.562,2.863,0.375,0.082,1,5.538,1.230,0.000,142,11940,1143,0
2246,16.679,1.297,1.272,0.014,0.004,0.008,0,5.538,1.230,0.000,0,668,0,0
2247,16.688,6.270,2.962,3.055,0.242,0.011,1,5.163,1.219,0.000,142,11940,1142,0
2248,16.681,1.253,1.229,0.013,0.003,0.008,0,5.163,1.219,0.000,0,668,0,0
2249,16.690,5.991,2.840,2.893,0.249,0.010,1,5.292,1.217,0.000,142,11940,1142,0
2250,16.675,1.805,1.771,0.016,0.006,0.012,0,5.292,1.217,0.000,0,668,0,0
2251,16.688,5.920,2.877,2.806,0.225,0.012,1,5.531,1.223,0.000,142,11940,1142,0
2252,16.684,1.543,1.517,0.014,0.004,0.009,0,5.531,1.223,0.000,0,668,0,0
2253,16.695,6.369,3.067,2.877,0.409,0.016,1,5.696,1.240,0.000,142,11940,1142,0
2254,16.670,1.545,1.512,0.016,0.006,0.011,0,5.696,1.240,0.000,0,668,0,0
2255,16.681,5.821,2.619,2.864,0.327,0.011,1,5.614,1.207,0.000,142,11940,1143,0
2256,16.683,1.328,1.303,0.013,0.004,0.008,0,5.614,1.207,0.000,0,668,0,0
2257,16.685,5.487,2.440,2.779,0.254,0.013,1,5.282,1.211,0.000,142,11940,1142,0
2258,16.680,1.293,1.267,0.014,0.004,0.008,0,5.282,1.211,0.000,0,668,0,0
2259,16.686,7.268,3.421,3.418,0.410,0.019,1,5.354,1.291,0.000,142,11940,1142,0
2260,16.683,1.436,1.412,0.013,0.003,0.008,0,5.354,1.291,0.000,0,668,0,0
2261,16.686,6.805,3.099,3.325,0.362,0.020,1,5.384,1.257,0.000,142,11940,1142,0
2262,16.677,1.285,1.261,0.013,0.003,0.007,0,5.384,1.257,0.000,0,668,0,0
2263,16.689,5.906,2.395,3.216,0.285,0.010,1,5.137,1.192,0.000,142,11940,1143,0
2264,16.681,1.254,1.231,0.013,0.003,0.007,0,5.137,1.192,0.000,0,668,0,0
2265,16.692,5.789,2.804,2.737,0.236,0.011,1,5.151,1.222,0.000,142,11940,1142,0
2266,16.673,1.834,1.797,0.017,0.007,0.013,0,5.151,1.222,0.000,0,668,0,0
2267,16.690,5.834,2.867,2.721,0.235,0.011,1,5.536,1.215,0.000,142,11940,1142,0
2268,16.678,1.273,1.248,0.013,0.003,0.008,0,5.536,1.215,0.000,0,668,0,0
2269,16.684,5.569,2.589,2.743,0.229,0.009,1,5.236,1.201,0.000,142,11940,1142,0
2270,16.687,1.310,1.286,0.013,0.004,0.007,0,5.236,1.201,0.000,0,668,0,0
2271,16.682,6.598,3.216,2.906,0.456,0.021,1,5.468,1.254,0.000,142,11940,1142,0
2272,16.680,1.337,1.309,0.014,0.004,0.009,0,5.468,1.254,0.000,0,668,0,0
2273,16.686,5.440,2.366,2.744,0.320,0.011,1,5.264,1.207,0.000,142,11940,1143,0
2274,16.683,1.288,1.261,0.013,0.005,0.009,0,5.264,1.207,0.000,0,668,0,0
2275,16.682,7.166,3.312,3.430,0.405,0.020,1,5.252,1.272,0.000,142,11940,1142,0
2276,16.689,1.402,1.379,0.014,0.003,0.006,0,5.252,1.272,0.000,0,668,0,0
2277,16.681,6.809,3.531,2.925,0.341,0.012,1,5.362,1.235,0.000,142,11940,1142,0
2278,16.681,1.565,1.533,0.017,0.005,0.010,0,5.362,1.235,0.000,0,668,0,0
2279,16.684,6.201,2.744,3.190,0.251,0.015,1,5.379,1.209,0.000,142,11940,1142,0
2280,16.681,1.277,1.252,0.013,0.004,0.008,0,5.379,1.209,0.000,0,668,0,0
2281,16.697,6.079,2.562,3.244,0.260,0.013,1,5.078,1.211,0.000,142,11940,1142,0
2282,16.671,1.802,1.770,0.016,0.006,0.011,0,5.078,1.211,0.000,0,668,0,0
2283,16.687,5.799,2.785,2.770,0.228,0.015,1,5.426,1.219,0.000,142,11940,1143,0
2284,16.683,1.274,1.249,0.013,0.003,0.008,0,5.426,1.219,0.000,0,668,0,0
2285,16.681,5.416,2.445,2.727,0.236,0.008,1,5.276,1.212,0.000,142,11940,1142,0
2286,16.685,1.586,1.542,0.027,0.006,0.011,0,5.276,1.212,0.000,0,668,0,0
2287,16.682,5.573,2.514,2.799,0.244,0.016,1,5.260,1.196,0.000,142,11940,1142,0
2288,16.683,1.286,1.261,0.013,0.004,0.007,0,5.260,1.196,0.000,0,668,0,0
2289,16.685,5.419,2.443,2.722,0.247,0.008,1,5.207,1.200,0.000,142,11940,1142,0
2290,16.680,1.297,1.271,0.013,0.004,0.009,0,5.207,1.200,0.000,0,668,0,0
2291,16.691,5.883,2.412,3.219,0.243,0.009,1,5.073,1.223,0.000,142,11940,1142,0
2292,16.676,1.287,1.262,0.013,0.004,0.008,0,5.073,1.223,0.000,0,668,0,0
2293,16.685,5.966,2.888,2.810,0.259,0.010,1,4.978,1.199,0.000,142,11940,1143,0
2294,16.680,1.247,1.222,0.013,0.004,0.008,0,4.978,1.199,0.000,0,668,0,0
2295,16.688,5.965,2.957,2.753,0.245,0.010,1,5.000,1.191,0.000,142,11940,1142,0
2296,16.681,1.254,1.229,0.013,0.003,0.010,0,5.000,1.191,0.000,0,668,0,0
2297,16.683,6.084,2.591,3.254,0.230,0.010,1,5.050,1.200,0.000,142,11940,1142,0
2298,16.678,1.271,1.247,0.014,0.003,0.007,0,5.050,1.200,0.000,0,668,0,0
2299,16.689,5.359,2.437,2.712,0.199,0.011,1,5.336,1.222,0.000,142,11940,1142,0
2300,16.683,1.263,1.236,0.014,0.005,0.008,0,5.336,1.222,0.000,0,668,0,0
2301,16.685,5.420,2.349,2.823,0.238,0.010,1,5.043,1.204,0.000,142,11940,1143,0
2302,16.682,1.270,1.245,0.014,0.004,0.008,0,5.043,1.204,0.000,0,668,0,0
2303,16.686,5.467,2.490,2.733,0.235,0.009,1,5.105,1.203,0.000,142,11940,1142,0
2304,16.680,1.291,1.265,0.014,0.004,0.009,0,5.105,1.203,0.000,0,668,0,0
2305,16.687,5.419,2.400,2.774,0.236,0.009,1,5.073,1.210,0.000,142,11940,1142,0
2306,16.681,1.274,1.248,0.014,0.004,0.009,0,5.073,1.210,0.000,0,668,0,0
2307,16.686,5.960,2.818,2.885,0.247,0.010,1,5.102,1.216,0.000,142,11940,1142,0
2308,16.677,1.264,1.239,0.014,0.003,0.008,0,5.102,1.216,0.000,0,668,0,0
2309,16.689,5.990,2.887,2.827,0.266,0.010,1,4.992,1.206,0.000,142,11940,1142,0
2310,16.678,1.255,1.231,0.013,0.003,0.008,0,4.992,1.206,0.000,0,668,0,0
2311,16.687,5.797,2.808,2.731,0.249,0.009,1,4.977,1.183,0.000,142,11940,1143,0
2312,16.683,1.248,1.224,0.013,0.004,0.007,0,4.977,1.183,0.000,0,668,0,0
2313,16.692,5.863,2.444,2.709,0.700,0.010,1,5.070,1.206,0.000,142,11940,1142,0
2314,16.676,1.948,1.921,0.014,0.005,0.008,0,5.070,1.206,0.000,0,668,0,0
2315,16.687,5.548,2.426,2.834,0.279,0.008,1,5.563,1.235,0.000,142,11940,1142,0
2316,16.674,1.299,1.274,0.013,0.003,0.009,0,5.563,1.235,0.000,0,668,0,0
2317,16.695,5.414,2.373,2.795,0.236,0.011,1,5.200,1.209,0.000,142,11940,1142,0
2318,16.672,1.249,1.225,0.013,0.004,0.007,0,5.200,1.209,0.000,0,668,0,0
2319,16.688,5.517,2.547,2.734,0.227,0.008,1,5.111,1.215,0.000,142,11940,1142,0
2320,16.679,1.279,1.255,0.013,0.003,0.007,0,5.111,1.215,0.000,0,668,0,0
2321,16.696,5.360,2.395,2.718,0.239,0.007,1,5.189,1.206,0.000,142,11940,1143,0
2322,16.671,1.260,1.235,0.013,0.004,0.009,0,5.189,1.206,0.000,0,668,0,0
2323,16.690,5.313,2.322,2.751,0.233,0.008,1,5.726,1.196,0.000,142,11940,1142,0
2324,16.712,1.310,1.287,0.013,0.004,0.006,0,5.726,1.196,0.000,0,668,0,0
2325,16.676,6.419,3.155,2.903,0.347,0.014,1,6.476,1.199,0.000,142,11940,1142,0
2326,16.658,1.940,1.897,0.023,0.007,0.013,0,6.476,1.199,0.000,0,668,0,0
2327,16.688,6.110,2.903,2.861,0.333,0.013,1,6.252,1.307,0.000,142,11940,1142,0
2328,16.678,1.355,1.326,0.014,0.005,0.011,0,6.252,1.307,0.000,0,668,0,0
2329,16.686,5.466,2.391,2.821,0.245,0.010,1,5.547,1.224,0.000,142,11940,1142,0
2330,16.688,1.357,1.332,0.014,0.003,0.008,0,5.547,1.224,0.000,0,668,0,0
2331,16.687,6.496,3.195,2.885,0.398,0.017,1,5.655,1.277,0.000,142,11940,1143,0
2332,16.671,1.312,1.287,0.013,0.004,0.009,0,5.655,1.277,0.000,0,668,0,0
2333,16.695,5.388,2.377,2.764,0.239,0.009,1,5.397,1.222,0.000,142,11940,1142,0
2334,16.672,1.282,1.257,0.013,0.004,0.008,0,5.397,1.222,0.000,0,668,0,0
2335,16.695,5.304,2.336,2.712,0.247,0.009,1,5.228,1.216,0.000,142,11940,1142,0
2336,16.671,1.252,1.228,0.013,0.004,0.008,0,5.228,1.216,0.000,0,668,0,0
2337,16.695,5.245,2.301,2.700,0.236,0.009,1,5.259,1.213,0.000,142,11940,1142,0
2338,16.673,1.261,1.236,0.014,0.003,0.008,0,5.259,1.213,0.000,0,668,0,0
2339,16.691,5.409,2.454,2.707,0.240,0.007,1,5.459,1.598,0.000,142,11940,1142,0
2340,16.676,1.285,1.259,0.014,0.004,0.009,0,5.459,1.598,0.000,0,668,0,0
2341,16.695,5.270,2.307,2.701,0.252,0.010,1,5.898,1.257,0.000,142,11940,1143,0
2342,16.672,1.307,1.281,0.013,0.005,0.008,0,5.898,1.257,0.000,0,668,0,0
2343,16.695,5.271,2.313,2.709,0.239,0.010,1,5.810,1.209,0.000,142,11940,1142,0
2344,16.670,1.301,1.276,0.014,0.004,0.008,0,5.810,1.209,0.000,0,668,0,0
2345,16.693,5.309,2.341,2.713,0.245,0.009,1,5.487,1.313,0.000,142,11940,1142,0
2346,16.681,1.345,1.321,0.013,0.004,0.008,0,5.487,1.313,0.000,0,668,0,0
2347,16.679,7.466,3.445,3.041,0.432,0.549,1,5.195,1.270,0.000,142,11940,1142,0
2348,16.683,1.307,1.282,0.014,0.004,0.007,0,5.195,1.270,0.000,0,668,0,0
2349,16.683,5.371,2.438,2.749,0.174,0.009,1,5.237,1.212,0.000,142,11940,1143,0
2350,16.685,1.318,1.293,0.014,0.004,0.008,0,5.237,1.212,0.000,0,668,0,0
2351,16.680,6.618,3.363,2.833,0.405,0.016,1,5.114,1.238,0.000,142,11940,1142,0
2352,16.689,1.312,1.289,0.013,0.003,0.007,0,5.114,1.238,0.000,0,668,0,0
2353,16.685,6.423,3.150,2.867,0.387,0.019,1,5.430,1.228,0.000,142,11940,1142,0
2354,16.677,1.304,1.278,0.014,0.004,0.009,0,5.430,1.228,0.000,0,668,0,0
2355,16.687,5.962,2.893,2.775,0.279,0.015,1,5.104,1.207,0.000,142,11940,1142,0
2356,16.678,1.273,1.248,0.014,0.004,0.007,0,5.104,1.207,0.000,0,668,0,0
2357,16.687,5.942,2.532,3.151,0.250,0.009,1,4.961,1.205,0.000,142,11940,1142,0
2358,16.681,1.248,1.222,0.014,0.003,0.009,0,4.961,1.205,0.000,0,668,0,0
2359,16.689,5.817,2.406,3.157,0.243,0.010,1,5.008,1.206,0.000,142,11940,1143,0
2360,16.681,1.723,1.684,0.020,0.007,0.012,0,5.008,1.206,0.000,0,668,0,0
2361,16.687,6.097,3.153,2.713,0.216,0.015,1,5.189,1.214,0.000,142,11940,1142,0
2362,16.675,1.296,1.271,0.014,0.004,0.008,0,5.189,1.214,0.000,0,668,0,0
2363,16.689,5.292,2.302,2.761,0.221,0.008,1,5.156,1.208,0.000,142,11940,1142,0
2364,16.677,1.266,1.239,0.014,0.004,0.009,0,5.156,1.208,0.000,0,668,0,0
2365,16.696,5.384,2.417,2.734,0.225,0.007,1,5.121,1.214,0.000,142,11940,1142,0
2366,16.673,1.261,1.238,0.013,0.003,0.007,0,5.121,1.214,0.000,0,668,0,0
2367,16.691,5.442,2.381,2.828,0.223,0.010,1,5.170,1.213,0.000,142,11940,1142,0
2368,16.673,1.251,1.228,0.013,0.003,0.007,0,5.170,1.213,0.000,0,668,0,0
2369,16.689,5.318,2.373,2.703,0.234,0.008,1,5.243,1.211,0.000,142,11940,1143,0
2370,16.676,1.247,1.222,0.013,0.004,0.008,0,5.243,1.211,0.000,0,668,0,0
2371,16.695,5.278,2.361,2.694,0.214,0.009,1,5.665,1.208,0.000,142,11940,1142,0
2372,16.672,1.277,1.251,0.014,0.003,0.009,0,5.665,1.208,0.000,0,668,0,0
2373,16.698,5.357,2.322,2.780,0.246,0.010,1,5.722,1.212,0.000,142,11940,1142,0
2374,16.675,1.548,1.518,0.015,0.005,0.010,0,5.722,1.212,0.000,0,668,0,0
2375,16.685,5.852,2.708,2.838,0.292,0.014,1,5.618,1.774,0.000,142,11940,1142,0
2376,16.676,1.321,1.294,0.013,0.003,0.010,0,5.618,1.774,0.000,0,668,0,0
2377,16.686,5.421,2.425,2.743,0.244,0.009,1,5.239,1.218,0.000,142,11940,1142,0
2378,16.680,1.273,1.249,0.013,0.004,0.007,0,5.239,1.218,0.000,0,668,0,0
2379,16.689,5.396,2.411,2.734,0.240,0.010,1,5.229,1.220,0.000,142,11940,1143,0
2380,16.681,1.278,1.253,0.013,0.004,0.008,0,5.229,1.220,0.000,0,668,0,0
2381,16.690,5.391,2.413,2.736,0.234,0.008,1,5.208,1.201,0.000,142,11940,1142,0
2382,16.674,1.261,1.236,0.013,0.004,0.008,0,5.208,1.201,0.000,0,668,0,0
2383,16.688,5.302,2.368,2.696,0.230,0.008,1,5.349,1.211,0.000,142,11940,1142,0
2384,16.679,1.272,1.249,0.012,0.003,0.007,0,5.349,1.211,0.000,0,668,0,0
2385,16.687,5.336,2.319,2.768,0.239,0.010,1,5.175,1.211,0.000,142,11940,1142,0
2386,16.680,1.205,1.183,0.012,0.003,0.006,0,5.175,1.211,0.000,0,668,0,0
2387,16.690,5.311,2.382,2.695,0.224,0.009,1,5.701,1.207,0.000,142,11940,1142,0
2388,16.676,1.285,1.260,0.014,0.003,0.009,0,5.701,1.207,0.000,0,668,0,0
2389,16.692,5.431,2.361,2.827,0.235,0.008,1,5.789,1.218,0.000,142,11940,1143,0
2390,16.675,1.256,1.232,0.013,0.003,0.007,0,5.789,1.218,0.000,0,668,0,0
2391,16.692,5.358,2.404,2.715,0.230,0.009,1,5.730,1.219,0.000,142,11940,1142,0
2392,16.676,1.311,1.286,0.014,0.004,0.007,0,5.730,1.219,0.000,0,668,0,0
2393,16.694,5.447,2.377,2.817,0.245,0.007,1,5.274,1.199,0.000,142,11940,1142,0
2394,16.673,1.268,1.242,0.013,0.003,0.009,0,5.274,1.199,0.000,0,668,0,0
2395,16.694,5.388,2.317,2.834,0.229,0.008,1,5.253,1.216,0.000,142,11940,1142,0
2396,16.676,1.257,1.234,0.013,0.004,0.007,0,5.253,1.216,0.000,0,668,0,0
2397,16.689,5.438,2.390,2.804,0.235,0.009,1,5.386,1.236,0.000,142,11940,1143,0
2398,16.675,1.267,1.242,0.014,0.003,0.007,0,5.386,1.236,0.000,0,668,0,0
