Mario Party 4 -- native port, PowerPC Edition 0.9.16 (milestone M48)
port> machine: model PowerMac3,5, 2 CPUs at 1000 MHz, 7450 (G4), AltiVec yes, 1536 MB RAM, Mac OS X 10.5.4
port> machine: GL ATI Technologies Inc. / ATI Radeon 9000 OpenGL Engine / 1.3 ATI-1.5.28, VRAM 64 MB, 6 texture units, max texture 2048
port> machine:   GL_ARB_multitexture                  present  required
port> machine:   GL_ARB_texture_env_combine           present  required
port> machine:   GL_ARB_texture_env_crossbar          present  required
port> machine:   GL_ATI_texture_env_combine3          present  required
port> machine:   GL_EXT_secondary_color               present  required
port> machine:   GL_ARB_vertex_program                present  degraded without
port> machine:   GL_APPLE_vertex_array_range          present  degraded without
port> machine:   GL_APPLE_fence                       present  degraded without
port> machine:   GL_EXT_multi_draw_arrays             present  degraded without
port> machine:   GL_EXT_blend_subtract                present  degraded without
port> machine:   GL_EXT_gpu_program_parameters        present  optional
port> machine:   GL_EXT_fog_coord                     present  optional
port> machine:   GL_EXT_texture_compression_s3tc      present  optional
port> machine:   GL_ARB_depth_texture                 MISSING  optional
port> machine:   GL_ATI_text_fragment_shader          present  not used
port> machine: verdict ok
port> machine:   - every probe within the G4's envelope
port> machine: tier: the reference class (dual 1 GHz G4, 64 MB Radeon 9000 or better), whose promise is 30 fps everywhere: 75 of 82 screens there today (0.9.16, docs/fps-scoreboard.md)
port> machine: applying --resident 256 (1536 MB of RAM; 0 under 768 MB, 128 at 1 GB, 256 at 1.5 GB+, 584 MB kept for the OS and the game)
port> machine: the roulette prefetch is on (every machine; --noprefetch)
port> machine: coroutine stacks x2 over the game's sizes (the default since M31; --stackmul N)
port> DVD: disc image /Users/zach/MarioParty4/mp4.nkit.iso, 357 files in the FST
port> GL: ATI Radeon 9000 OpenGL Engine / 1.3 ATI-1.5.28, 6 texture units
port> GL feature set used: combine3 1, crossbar 1, s3tc 1, blend_subtract 1, depth_texture 0, text_fragment_shader 1, 6 units
---- vprog probe ----
GL_ARB_vertex_program                     present
MAX_PROGRAM_INSTRUCTIONS            262144
MAX_PROGRAM_NATIVE_INSTRUCTIONS        128
MAX_PROGRAM_PARAMETERS                1024
MAX_PROGRAM_NATIVE_PARAMETERS          192
MAX_PROGRAM_TEMPORARIES              65535
MAX_PROGRAM_NATIVE_TEMPORARIES          12
MAX_PROGRAM_ATTRIBS                     32
MAX_PROGRAM_NATIVE_ATTRIBS              16
MAX_PROGRAM_ADDRESS_REGISTERS            2
MAX_PROGRAM_ENV_PARAMETERS             256
MAX_PROGRAM_LOCAL_PARAMETERS          1024
GL_EXT_gpu_program_parameters       present (one call per palette upload)
trivial program            loaded, 6 instructions (6 native), under native limits: YES
palette program (ARL)      loaded, 10 instructions (15 native), under native limits: YES
matrix palette             18 slots of 6 params from env[82]
---- end vprog probe ----
port> cpu: 2 cores (hw.ncpu); workers ON
port> loader: prefetch on (a thread); resident set 256 MB: 73 of the list's 73 files fit (103.1 of 103.1 MB), filling on the thread
port> vertex ring: 8192 KB in 4 chunks (+8192 KB static-geometry cache), vertex_array_range on, multi_draw_arrays yes
port> render thread: on, overlapped (the join at the gate) (--renderthread 3); stream 16384 KB
port> render thread: the display-list decode split per drawn frame between the two threads (auto, M33) (--rtdecode 3)
port> options: Mario Party 4 PowerPC Edition 0.9.16 (M48), the effective options
port> options: machine       ok: PowerMac3,5, 2 x 1000 MHz 7450 (G4), 1536 MB RAM, ATI Radeon 9000 OpenGL Engine, 64 MB VRAM, 6 units, OS 10.5.4
port> options: disc image    /Users/zach/MarioParty4/mp4.nkit.iso
port> options: data folder   /Users/zach/Library/Application Support/MarioParty4  (card image, config, log)
port> options: log           (stdout only)
port> options: fullscreen    0  (--noconfig: not remembered)
port> options: cores         2; workers on (--threads -1); render thread mode 3 (--renderthread -1: 0 direct, 1 inline twin, 2 joined, 3 overlapped); decode on it 3 (--rtdecode; 3 = auto)
port> options: pacing        realtime (deterministic clock); stack multiplier x2; texture budget 40 MB; resampler linear, depop on
port> options: loading       roulette prefetch on (--noprefetch); resident set 256 MB (--resident MB; the machine check's rule by the installed RAM)
port> options: every field of PortOptions (0/NULL = off or unset):
port> options:   image=/Users/zach/MarioParty4/mp4.nkit.iso  log=NULL  gxlog=0  deterministic=1  
port> options:   stub_trace=0  max_frames=20000  turbo=0  watchdog=0  verbose=0  reldir=NULL  gxdemo=0  
port> options:   reltest=0  memmap=0  guardtest=NULL  relzerobss=0  nodatareset=0  noaudio=0  glcheck=0  
port> options:   glinfo=0  seed=3838914000000000  perf=1  gxsplit=0  drawlog=0  dumptex=0  texhash_full=0  
port> options:   gxwarn=0  headless=0  dumpframe=NULL  shotdir=/Users/zach/fps-board-m48/m460  scale=0  
port> options:   drawlog_frame=0  nocard=0  reldlclose=0  nopad=0  pad_debug=0  kbport=0  
port> options:   pad_play=board-start-com4.play  pad_record=NULL  scenelog=NULL  ovllog=1  nanwatch=0  
port> options:   wav=NULL  mute=0  audiolog=0  rtc=1041472800  rtc_set=1  rtc_seen=1  rtc_offset=0  
port> options:   card=NULL  freshcard=1  minigame=m460  com4=1  cast=NULL  dvdheap=0  turns=1  status=1  
port> options:   stuckwatch=0  soak=0  depop=1  resample4=0  clickstat=0  dlcache=0  vcache=3  
port> options:   vcache_mb=8  vcache_fit=28  vcache_vbo=0  cardwait=0  synclog=0  noaicb=0  olddecode=0  
port> options:   perfwin=NULL  nodraw=1  ffto=14000  ffto_warm=1  snap_every=0  snap_keep=3  
port> options:   snap_dir=NULL  restore=NULL  snap_now=0  snapdiff=0  vprobe=0  cpuxf=0  vprogstats=0  
port> options:   vproglog=0  oldtev=0  tevstats=0  oldnulltev=0  tlutlog=0  oldsubmit=0  novar=0  
port> options:   batchmax=0  segrebase=0  gltrace=0  endlog=NULL  nomerge=0  nomultidraw=0  noindexed=1  
port> options:   nohilite=0  noenvbulk=0  nofixbase=0  submitstats=0  nohilitetex=0  nocopyhalf=0  
port> options:   copylog=0  noefbflip=0  oldfirsthash=0  norekey=0  dumpcopy=0  notint=0  tintlog=0  
port> options:   texdecodelog=0  threads=-1  nomixthread=0  renderthread=-1  rtsplit=0  rtgate_ms=4  
port> options:   stackmul=2  rtdecode=-1  rtauto_fit_ms=30  rtauto_max=0.75  fake_machine=NULL  
port> options:   machinecheck=0  force=0  mgdump=300,1200  mgend=1800  viewtexgen=0  nrmfrac0=0  
port> options:   vtxdivide=0  mghold=0  fullscreen=0  fullscreen_set=0  noconfig=1  print_defaults=0  
port> options:   print_keys=0  texbudget_set=0  predecode=0  predecodelog=0  regfix2dbg=0  lazyflush=0  
port> options:   premerge_max=0  cmpmask=8191  oldkonst=0  tfs=0  tfsprobe=0  tfslog=0  tfsdbg=0  
port> options:   tfsnorebind=0  tfscopycpu=0  tfssqcopy=0  tfsmtx=0  tfsforcebind=0  tfsenvreset=0  
port> options:   tfsdump=0  tfsall=0  oldspec0=0  nolitalpha=0  oldczero=0  clrasclr=0  nohoistmtx=0  
port> options:   nofastconcat=0  nostripes=0  nounitmemo=0  norotmemo=0  nopacklights=0  nofastsin=0  
port> options:   nomtxmemo=0  norotl=0  nowb=0  notexskip=0  nostripepool=0  giveitem=NULL  waterlook=1  
port> options:   pondlook=0  pondmix=0  wavegain=0  rgbcopy=0  novcposoff=1  nowaterpt=0  affinetex=0  
port> options:   halfwatch=0  presentdump=NULL  motlog=0  nolights=0  nopendlast=0  noskindecode=1  
port> options:   skinverify=0  oldvcskin=1  fullskinsig=0  noskindcbz=0  skinfree=0  oldwake=0  
port> options:   skinround=0  skinvec=0  dcbtdist=1  keytest=NULL  oldscissor=0  readbacktest=0  nodcbz=0  
port> options:   novpgen=0  notevdirty=0  noattrmemo=0  nowordhash=0  water=-1  watergrid=1  
port> options:   norastermemo=0  novcpos=0  wbpart=1  oldvtxjoin=0  rtgx=0  rtgx_fit=29  texmtxlog=0  
port> options:   maxbatchverts=0  skinreadwatch=0  nocompiled=1  compiled_mode=1  nocompiledpf=0  
port> options:   compiled_mb=8  glists=0  glists_mb=8  pmc=0  nomotionexec=0  nodirtyfilter=0  nodirty=0  
port> options:   oldakonst=0  mdposonly=0  mdmax=0  nospot=0  oldfog=0  noregchain=0  nocarry=0  
port> options:   forceobj=NULL  forceobj_flags=0  skipobj=NULL  zprepass=1  probeverts=0  skipverts=0  
port> options:   probeobj=NULL  nolinewidth=0  noregfix=0  realtime=1  lockstep=0  maxskip=0  
port> options:   perfdump=/Users/zach/fps-board-m48/m460.csv  mpgl=0  olddecode2=0  altivec=0  nodcbt=0  
port> options:   olddecode3=0  decodestats=0  audiolead_set=0  audiolead=100  cpuskin=0  palette=0  
port> options:   nopalette=0  skinstats=0  palsize=0  palnoarl=0  palnofog=0  noskinlifetime=0  
port> options:   restore_lax=0  skindeferall=0  mixtrace=NULL  mixcheck=0  nosincos=0  snapsync=0  
port> options:   nomatwalk=0  nocurvememo=1  nosparsemtx=0  nofastsqrt=1  nodraw_user=0  noprefetch=0  
port> options:   resident=256  dvdlog=0  nomovies=1  thpyuv=0  gotoovl=NULL  board=0  boardcycle=0  
port> options:   boarddump=NULL  foldxbar=0  foldcap=0  thplog=0  nothpslice=0  thpguard_set=0  
port> options:   thpguard=60  
port> audio: 32000 Hz, 2 ch, 512-frame buffer, 256 KB ring (2048 ms)
port> --minigame m460: parking the roulette on m460dll (mg 460, type 7)
port> --com4: all four players are CPU; instDll will dismiss its own instruction screen (src/REL/instDll/main.c:294)
port> --nodraw: the GX command streams are consumed and nothing is drawn
port> --ffto 14000: drawing is off until frame 14000 (warm-up 1)
port> frame mode: --realtime (retrace at 60 Hz on the wall clock, present at most every 2nd retrace, at least every 6th; --lockstep for the old gate)
port> audio: 100 ms of lead queued ahead of the mix (--audiolead)
port> entering the game's own main()

port> OSInit: MEM1 24 MB [0x3970000, 0x5170000), ARAM 16 MB, bus 162 MHz
port> OSInit: RTC pinned to 1041472800 (2003-01-02T02:00:00Z), OSGetTime origin 3838914000000000 ticks
port> DVDInit
port> VIInit
port> controls: a scripted run (--play/--record/--soak/--noconfig/--com4/--nopad): PowerPCube's controls file and gamecontrollerdb.txt are not read
port> PADInit: controller 1 = keyboard
port> PADInit: rumble not available on controller 1
port> PADInit: controllers 2-4 unplugged (reference config: CPU players)
port> pad: --play: board-start-com4.play -> /Users/zach/mp4-m48final.app/Contents/Resources/movies/board-start-com4.play
port> pad: --play board-start-com4.play: 460 directives, 0 marks
port> OSCreateHeap 0: 0x3a9c000..0x5170000 (23375 KB)
port> VIConfigure: 640x480 xfb, 640x480 efb, tv mode 0
port> GXInit: FIFO 0x3a9c00c, 1048576 bytes (the port keeps no FIFO; the write-gather writers are ordinary calls under TARGET_PC)
port> frame 1: overlay 0 (next 0) event 0
port> loader: list sound/mpgcsnd.msm 36823392 bytes in 395 ms, resident (asked at frame 0, done at 1)
port> roulette: frame 1 dealt mg 401 (m401dll, type 0)  -- overridden by --minigame
port> OSCreateThread 0x259448 func 0x4210c (the soft-reset watcher; polled once per retrace, not run on a thread)
HuMem> left memory space 2383KB(2441120)
port> ARInit: 16 MB of ARAM
port> MusyX SAL: 32000 Hz, 4 x 640-byte AI buffers (20 ms), 32-sample sub-frame
port> musyx_mix: CPU mixer up, 50 voices, 1 studios, 32000 Hz
port> MusyX SAL: mixing started
port> musyx_aram: region [0x000000, 0x800000) zero_buf [0x000000, 0x000500) sample heap starts at 0x000500
port> AI: DMA callback registered (one call per 160-sample DSP frame)
port> CARD: --freshcard with no --card: using the scratch image /Users/zach/Library/Application Support/MarioParty4/scratch-slot-a.raw
            rather than formatting the save file next to it
port> CARD: slot A = /Users/zach/Library/Application Support/MarioParty4/scratch-slot-a.raw (--freshcard: formatted, 59 free blocks)
port> workers: the game thread's FPSCR control bits are 0x00 at job 0 (NI 0, RN 0)
DLL DBG OUT
objman>Call New Ovl 1(1)
port> frame 2: overlay -1 (next 1) event 0
++++++++++++++++++++ Start New OVL 1 (EVT:0 STAT:0x00000000) ++++++++++++++++++
======== HuMem heap dump 03b9c018 ========
MCB-----+Size----+MG+FL+Prev----+Next----+UNum----+Body----+Call----
03b9c018 0000a020 a5 01 03baa1f8 03ba6038 ffffff00 03b9c038 000088c4
03ba6038 000041c0 a5 01 03b9c018 03baa1f8 ffffff00 03ba6058 0003c558
03baa1f8 00231e20 cd 00 03ba6038 03b9c018 00000000 03baa218 0003c558
MCB:3(2/1) MEM:00240000(0000e1e0/00231e20)
======== HuMem heap dump 03b9c018 end =====
======== HuMem heap dump 03f1c030 ========
MCB-----+Size----+MG+FL+Prev----+Next----+UNum----+Body----+Call----
03f1c030 00a80000 cd 00 03f1c030 03f1c030 ffffff00 03f1c050 cdcdcdcd
MCB:1(0/1) MEM:00a80000(00000000/00a80000)
======== HuMem heap dump 03f1c030 end =====
======== HuMem heap dump 0499c03c ========
MCB-----+Size----+MG+FL+Prev----+Next----+UNum----+Body----+Call----
0499c03c 00580000 cd 00 0499c03c 0499c03c ffffff00 0499c05c cdcdcdcd
MCB:1(0/1) MEM:00580000(00000000/00580000)
======== HuMem heap dump 0499c03c end =====
objman>Used Memory Size:0000e1e0
objman>Used Memory Cnt:2
objman>Init esp
objman>Call objectsetup
DLLStart 1 0
Search:dll/bootdll.rel
objdll>Link DLL:dll/bootdll.rel
Rest Memory 580000
port> REL bundles: 99 in /Users/zach/mp4-m48final.app/Contents/MacOS/rels
===== DLL Module Info dump ====
                   ID:0x00000001
             LinkPrev:0x00000000
             LinkNext:0x00000000
          Section num:14
Section info tbl ofst:0x00000048
           nameOffset:0x00000000
             nameSize:47
              version:0x00000002
===============================
==== DLL Module Header dump ====
          bss Size:0x0000005c
        rel Offset:0x00005c9d
        imp Offset:0x00007a4d
    prolog Section:1
    epilog Section:1
unresolved Section:0
       prolog func:0x00000000
       epilog func:0x00000054
   unresolved func:0x00000000
================================
objdll>LinkOK 03baa578 30100000
objdll> dll/bootdll.rel prolog start
******* Boot ObjectSetup *********
objman>InitObjMan start
objman>InitObjMan end
objdll> dll/bootdll.rel prolog end
objman>ObjectSetup end
port> frame 3: overlay 1 (next -1) event 0
DLL DBG OUT
Rest Memory 57d540
ARAM Trans 808000
Rest Memory 55d020
ARAM Trans 80aaa0
Rest Memory 506400
ARAM Trans 82da60
Rest Memory 564f40
ARAM Trans 8a7640
Rest Memory 5395a0
data num 74000b
port> dvdheap: 3733270 bytes mode 1 num 10000000  caller 0x10fa8  caller2 0xeb4c
Rest Memory 1f08c0
port> stall: frame 35 took 181 ms (game 181 gx 0 present 0 aud 0) tex: 0 decoded (0 KB -> 0 KB) dec 0 up 0 hash 0 ms, 0 re-keyed; staged 0 (0 ms saved) claimed 0 unstaged 0; frees 9, dll 0 ms
port> status f60      bootdll      board 0 turn 0/1  mg 460 (m460dll)  coins/stars 0/0c 0/0c 0/0c 0/0c  aud 0.01 ms  0.0 fps
port> status f120     bootdll      board 0 turn 0/1  mg 460 (m460dll)  coins/stars 0/0c 0/0c 0/0c 0/0c  aud 0.01 ms  1773.6 fps
port> status f180     bootdll      board 0 turn 0/1  mg 460 (m460dll)  coins/stars 0/0c 0/0c 0/0c 0/0c  aud 0.00 ms  2110.1 fps
port> status f240     bootdll      board 0 turn 0/1  mg 460 (m460dll)  coins/stars 0/0c 0/0c 0/0c 0/0c  aud 0.01 ms  2309.6 fps
port> status f300     bootdll      board 0 turn 0/1  mg 460 (m460dll)  coins/stars 0/0c 0/0c 0/0c 0/0c  aud 0.01 ms  3519.7 fps
port> status f360     bootdll      board 0 turn 0/1  mg 460 (m460dll)  coins/stars 0/0c 0/0c 0/0c 0/0c  aud 0.01 ms  1006.7 fps
port> status f420     bootdll      board 0 turn 0/1  mg 460 (m460dll)  coins/stars 0/0c 0/0c 0/0c 0/0c  aud 0.01 ms  2768.4 fps
port> status f480     bootdll      board 0 turn 0/1  mg 460 (m460dll)  coins/stars 0/0c 0/0c 0/0c 0/0c  aud 0.01 ms  3392.5 fps
port> status f540     bootdll      board 0 turn 0/1  mg 460 (m460dll)  coins/stars 0/0c 0/0c 0/0c 0/0c  aud 0.01 ms  3693.4 fps
0
GroupSet 0
***********GroupSet Error 0
port> status f600     bootdll      board 0 turn 0/1  mg 460 (m460dll)  coins/stars 0/0c 0/0c 0/0c 0/0c  aud 0.01 ms  2297.7 fps
port> THP: movie/opmov_a00.thp skipped (--nomovies)
port> HuSprBegin: group 3 slot 0 names sprite 7, which is not a live sprite (data 0x0, attr 0010, data NULL) -- dropped [1/32]
port> HuSprBegin: audit: group 4 slot 0 sprite 8 bg 0x42764d0 fails counts -- drawn anyway [1/32]
port> HuSprBegin: audit: group 4 slot 0 sprite 8 bg 0x42764d0 fails counts -- drawn anyway [2/32]
port> HuSprBegin: audit: group 4 slot 0 sprite 8 bg 0x42764d0 fails counts -- drawn anyway [3/32]
port> HuSprBegin: audit: group 4 slot 0 sprite 8 bg 0x42764d0 fails counts -- drawn anyway [4/32]
port> HuSprBegin: audit: group 4 slot 0 sprite 8 bg 0x42764d0 fails counts -- drawn anyway [5/32]
port> HuSprBegin: audit: group 4 slot 0 sprite 8 bg 0x42764d0 fails counts -- drawn anyway [6/32]
port> HuSprBegin: audit: group 4 slot 0 sprite 8 bg 0x42764d0 fails counts -- drawn anyway [7/32]
port> HuSprBegin: audit: group 4 slot 0 sprite 8 bg 0x42764d0 fails counts -- drawn anyway [8/32]
port> HuSprBegin: audit: group 4 slot 0 sprite 8 bg 0x42764d0 fails counts -- drawn anyway [9/32]
port> HuSprBegin: audit: group 4 slot 0 sprite 8 bg 0x42764d0 fails counts -- drawn anyway [10/32]
port> HuSprBegin: audit: group 4 slot 0 sprite 8 bg 0x42764d0 fails counts -- drawn anyway [11/32]
port> HuSprBegin: audit: group 4 slot 0 sprite 8 bg 0x42764d0 fails counts -- drawn anyway [12/32]
port> HuSprBegin: audit: group 4 slot 0 sprite 8 bg 0x42764d0 fails counts -- drawn anyway [13/32]
port> HuSprBegin: audit: group 4 slot 0 sprite 8 bg 0x42764d0 fails counts -- drawn anyway [14/32]
port> HuSprBegin: audit: group 4 slot 0 sprite 8 bg 0x42764d0 fails counts -- drawn anyway [15/32]
port> HuSprBegin: audit: group 4 slot 0 sprite 8 bg 0x42764d0 fails counts -- drawn anyway [16/32]
port> HuSprBegin: audit: group 4 slot 0 sprite 8 bg 0x42764d0 fails counts -- drawn anyway [17/32]
port> HuSprBegin: audit: group 4 slot 0 sprite 8 bg 0x42764d0 fails counts -- drawn anyway [18/32]
port> HuSprBegin: audit: group 4 slot 0 sprite 8 bg 0x42764d0 fails counts -- drawn anyway [19/32]
port> HuSprBegin: audit: group 4 slot 0 sprite 8 bg 0x42764d0 fails counts -- drawn anyway [20/32]
port> HuSprBegin: audit: group 4 slot 0 sprite 8 bg 0x42764d0 fails counts -- drawn anyway [21/32]
port> HuSprBegin: audit: group 4 slot 0 sprite 8 bg 0x42764d0 fails counts -- drawn anyway [22/32]
port> HuSprBegin: audit: group 4 slot 0 sprite 8 bg 0x42764d0 fails counts -- drawn anyway [23/32]
port> HuSprBegin: audit: group 4 slot 0 sprite 8 bg 0x42764d0 fails counts -- drawn anyway [24/32]
port> HuSprBegin: audit: group 4 slot 0 sprite 8 bg 0x42764d0 fails counts -- drawn anyway [25/32]
port> HuSprBegin: audit: group 4 slot 0 sprite 8 bg 0x42764d0 fails counts -- drawn anyway [26/32]
port> HuSprBegin: audit: group 4 slot 0 sprite 8 bg 0x42764d0 fails counts -- drawn anyway [27/32]
port> HuSprBegin: audit: group 4 slot 0 sprite 8 bg 0x42764d0 fails counts -- drawn anyway [28/32]
port> HuSprBegin: audit: group 4 slot 0 sprite 8 bg 0x42764d0 fails counts -- drawn anyway [29/32]
port> HuSprBegin: audit: group 4 slot 0 sprite 8 bg 0x42764d0 fails counts -- drawn anyway [30/32]
port> HuSprBegin: audit: group 4 slot 0 sprite 8 bg 0x42764d0 fails counts -- drawn anyway [31/32]
port> HuSprBegin: audit: group 4 slot 0 sprite 8 bg 0x42764d0 fails counts -- drawn anyway [32/32]
port> status f660     bootdll      board 0 turn 0/1  mg 460 (m460dll)  coins/stars 0/0c 0/0c 0/0c 0/0c  aud 0.01 ms  2737.8 fps
port> status f720     bootdll      board 0 turn 0/1  mg 460 (m460dll)  coins/stars 0/0c 0/0c 0/0c 0/0c  aud 0.01 ms  3727.4 fps
>>>>>>>>MSM_SE_SEL_01 0
>>>>>>>>SE Num 0
port> audio: first non-silent sample at retrace 726 (12.03 s of mixed audio)
port> status f780     bootdll      board 0 turn 0/1  mg 460 (m460dll)  coins/stars 0/0c 0/0c 0/0c 0/0c  aud 0.04 ms  1006.4 fps
port> status f840     bootdll      board 0 turn 0/1  mg 460 (m460dll)  coins/stars 0/0c 0/0c 0/0c 0/0c  aud 0.05 ms  964.7 fps
objman>Call New Ovl 74(1)
OvlKill 1
objdll>omDLLNumEnd 1 1
Search:dll/bootdll.rel
+++++++++++ Find0: dll/bootdll.rel
objdll>omDLLEnd 0 1
objdll>End DLL:dll/bootdll.rel
odjdll>Unlink DLL:dll/bootdll.rel
objdll>Unlink DLL epilog
objdll>Unlink DLL epilog finish
objdll>End DLL finish
port> frame 877: overlay -1 (next 74) event 0
objman>Destory ObjMan
++++++++++++++++++++ Start New OVL 74 (EVT:0 STAT:0x00000000) ++++++++++++++++++
======== HuMem heap dump 03b9c018 ========
MCB-----+Size----+MG+FL+Prev----+Next----+UNum----+Body----+Call----
03b9c018 0000a020 a5 01 03bc21d8 03ba6038 ffffff00 03b9c038 000088c4
03ba6038 000041c0 a5 01 03b9c018 03baa1f8 ffffff00 03ba6058 0003c558
03baa1f8 00017640 cd 00 03ba6038 03bc1838 ffffff00 03baa218 0003ce8c
03bc1838 00000100 a5 01 03baa1f8 03bc1938 ffffff00 03bc1858 000375dc
03bc1938 00000400 a5 01 03bc1838 03bc1d38 ffffff00 03bc1958 0003762c
03bc1d38 00000400 a5 01 03bc1938 03bc2138 ffffff00 03bc1d58 00037678
03bc2138 00000060 a5 01 03bc1d38 03bc2198 ffffff00 03bc2158 000376c4
03bc2198 00000040 a5 01 03bc2138 03bc21d8 ffffff00 03bc21b8 00037710
03bc21d8 00219e40 cd 00 03bc2198 03b9c018 ffffff00 03bc21f8 0003ce8c
MCB:9(7/2) MEM:00240000(0000eb80/00231480)
======== HuMem heap dump 03b9c018 end =====
======== HuMem heap dump 03f1c030 ========
MCB-----+Size----+MG+FL+Prev----+Next----+UNum----+Body----+Call----
03f1c030 00a80000 cd 00 03f1c030 03f1c030 ffffff00 03f1c050 00040064
MCB:1(0/1) MEM:00a80000(00000000/00a80000)
======== HuMem heap dump 03f1c030 end =====
======== HuMem heap dump 0499c03c ========
MCB-----+Size----+MG+FL+Prev----+Next----+UNum----+Body----+Call----
0499c03c 00580000 cd 00 0499c03c 0499c03c 10000000 0499c05c 0000ff14
MCB:1(0/1) MEM:00580000(00000000/00580000)
======== HuMem heap dump 0499c03c end =====
objman>Used Memory Size:0000eb80
objman>Used Memory Cnt:7
objman>Init esp
objman>Call objectsetup
############CharGrpSet
Del Group OK
SOUND ##########################
500
Timed Out! Mus 0:SE 1
GroupSet 0
***********GroupSet Error 0
Change AUX 0,1
##########################
DLLStart 74 0
Search:dll/modeseldll.rel
objdll>Link DLL:dll/modeseldll.rel
Rest Memory 580000
===== DLL Module Info dump ====
                   ID:0x00000001
             LinkPrev:0x00000000
             LinkNext:0x00000000
          Section num:15
Section info tbl ofst:0x00000048
           nameOffset:0x00000000
             nameSize:53
              version:0x00000002
===============================
==== DLL Module Header dump ====
          bss Size:0x000001ca
        rel Offset:0x0000d154
        imp Offset:0x0001664c
    prolog Section:1
    epilog Section:1
unresolved Section:0
       prolog func:0x00000000
       epilog func:0x00000054
   unresolved func:0x00000000
================================
objdll>LinkOK 03baa578 34700000
objdll> dll/modeseldll.rel prolog start
******* MS ObjectSetup *********
objman>InitObjMan start
objman>InitObjMan end
Rest Memory 5395a0
objdll> dll/modeseldll.rel prolog end
objman>ObjectSetup end
port> frame 879: overlay 74 (next -1) event 0
DLL DBG OUT
data num 630000
port> dvdheap: 1303268 bytes mode 1 num 10000000  caller 0x10fa8  caller2 0xeb4c
Rest Memory 441ce0
port> status f900     modeseldll   board 0 turn 0/1  mg 460 (m460dll)  coins/stars 0/0c 0/0c 0/0c 0/0c  aud 0.09 ms  416.5 fps
port> status f960     modeseldll   board 0 turn 0/1  mg 460 (m460dll)  coins/stars 0/0c 0/0c 0/0c 0/0c  aud 0.13 ms  986.9 fps
port> status f1020    modeseldll   board 0 turn 0/1  mg 460 (m460dll)  coins/stars 0/0c 0/0c 0/0c 0/0c  aud 0.19 ms  705.8 fps
port> status f1080    modeseldll   board 0 turn 0/1  mg 460 (m460dll)  coins/stars 0/0c 0/0c 0/0c 0/0c  aud 0.21 ms  658.3 fps
port> status f1140    modeseldll   board 0 turn 0/1  mg 460 (m460dll)  coins/stars 0/0c 0/0c 0/0c 0/0c  aud 0.22 ms  629.1 fps
port> status f1200    modeseldll   board 0 turn 0/1  mg 460 (m460dll)  coins/stars 0/0c 0/0c 0/0c 0/0c  aud 0.22 ms  623.2 fps
Init
port> status f1260    modeseldll   board 0 turn 0/1  mg 460 (m460dll)  coins/stars 0/0c 0/0c 0/0c 0/0c  aud 0.20 ms  630.5 fps
ARAM data num 86001f
port> status f1320    modeseldll   board 0 turn 0/1  mg 460 (m460dll)  coins/stars 0/0c 0/0c 0/0c 0/0c  aud 0.31 ms  461.8 fps
port> CARD: created "MARIPA4BOX0", 16384 bytes (2 blocks)
port> status f1380    modeseldll   board 0 turn 0/1  mg 460 (m460dll)  coins/stars 0/0c 0/0c 0/0c 0/0c  aud 0.26 ms  484.6 fps
port> THP: movie/opmov_s00.thp skipped (--nomovies)
port> HuSprBegin: group 1 slot 0 names sprite 12, which is not a live sprite (data 0x0, attr 0010, data NULL) -- dropped [2/32]
port> status f1440    modeseldll   board 0 turn 0/1  mg 460 (m460dll)  coins/stars 0/0c 0/0c 0/0c 0/0c  aud 0.19 ms  678.6 fps
port> status f1500    modeseldll   board 0 turn 0/1  mg 460 (m460dll)  coins/stars 0/0c 0/0c 0/0c 0/0c  aud 0.24 ms  577.7 fps
port> status f1560    modeseldll   board 0 turn 0/1  mg 460 (m460dll)  coins/stars 0/0c 0/0c 0/0c 0/0c  aud 0.18 ms  689.6 fps
port> status f1620    modeseldll   board 0 turn 0/1  mg 460 (m460dll)  coins/stars 0/0c 0/0c 0/0c 0/0c  aud 0.25 ms  533.4 fps
port> status f1680    modeseldll   board 0 turn 0/1  mg 460 (m460dll)  coins/stars 0/0c 0/0c 0/0c 0/0c  aud 0.22 ms  559.4 fps
port> status f1740    modeseldll   board 0 turn 0/1  mg 460 (m460dll)  coins/stars 0/0c 0/0c 0/0c 0/0c  aud 0.23 ms  554.2 fps
port> THP: movie/opmov_c00.thp skipped (--nomovies)
port> HuSprBegin: group 2 slot 0 names sprite 14, which is not a live sprite (data 0x0, attr 0010, data NULL) -- dropped [3/32]
port> status f1800    modeseldll   board 0 turn 0/1  mg 460 (m460dll)  coins/stars 0/0c 0/0c 0/0c 0/0c  aud 0.20 ms  592.7 fps
port> status f1860    modeseldll   board 0 turn 0/1  mg 460 (m460dll)  coins/stars 0/0c 0/0c 0/0c 0/0c  aud 0.01 ms  1183.2 fps
port> status f1920    modeseldll   board 0 turn 0/1  mg 460 (m460dll)  coins/stars 0/0c 0/0c 0/0c 0/0c  aud 0.01 ms  1186.2 fps
objman>Call New Ovl 70(1)
OvlKill 1
objdll>omDLLNumEnd 74 1
Search:dll/modeseldll.rel
+++++++++++ Find0: dll/modeseldll.rel
objdll>omDLLEnd 0 1
objdll>End DLL:dll/modeseldll.rel
odjdll>Unlink DLL:dll/modeseldll.rel
objdll>Unlink DLL epilog
objdll>Unlink DLL epilog finish
objdll>End DLL finish
port> frame 1960: overlay -1 (next 70) event 0
objman>Destory ObjMan
++++++++++++++++++++ Start New OVL 70 (EVT:0 STAT:0x00000000) ++++++++++++++++++
======== HuMem heap dump 03b9c018 ========
MCB-----+Size----+MG+FL+Prev----+Next----+UNum----+Body----+Call----
03b9c018 0000a020 a5 01 03bc21d8 03ba6038 ffffff00 03b9c038 000088c4
03ba6038 000041c0 a5 01 03b9c018 03baa1f8 ffffff00 03ba6058 0003c558
03baa1f8 00017640 cd 00 03ba6038 03bc1838 ffffff00 03baa218 0003879c
03bc1838 00000100 a5 01 03baa1f8 03bc1938 ffffff00 03bc1858 000375dc
03bc1938 00000400 a5 01 03bc1838 03bc1d38 ffffff00 03bc1958 0003762c
03bc1d38 00000400 a5 01 03bc1938 03bc2138 ffffff00 03bc1d58 00037678
03bc2138 00000060 a5 01 03bc1d38 03bc2198 ffffff00 03bc2158 000376c4
03bc2198 00000040 a5 01 03bc2138 03bc21d8 ffffff00 03bc21b8 00037710
03bc21d8 00219e40 cd 00 03bc2198 03b9c018 ffffff00 03bc21f8 0003ce8c
MCB:9(7/2) MEM:00240000(0000eb80/00231480)
======== HuMem heap dump 03b9c018 end =====
======== HuMem heap dump 03f1c030 ========
MCB-----+Size----+MG+FL+Prev----+Next----+UNum----+Body----+Call----
03f1c030 00a80000 cd 00 03f1c030 03f1c030 ffffff00 03f1c050 00039248
MCB:1(0/1) MEM:00a80000(00000000/00a80000)
======== HuMem heap dump 03f1c030 end =====
======== HuMem heap dump 0499c03c ========
MCB-----+Size----+MG+FL+Prev----+Next----+UNum----+Body----+Call----
0499c03c 00580000 cd 00 0499c03c 0499c03c 10000000 0499c05c 0000ff14
MCB:1(0/1) MEM:00580000(00000000/00580000)
======== HuMem heap dump 0499c03c end =====
objman>Used Memory Size:0000eb80
objman>Used Memory Cnt:7
objman>Init esp
objman>Call objectsetup
DLLStart 70 0
Search:dll/mentdll.rel
objdll>Link DLL:dll/mentdll.rel
Rest Memory 580000
===== DLL Module Info dump ====
                   ID:0x00000001
             LinkPrev:0x00000000
             LinkNext:0x00000000
          Section num:15
Section info tbl ofst:0x00000048
           nameOffset:0x00000000
             nameSize:47
              version:0x00000002
===============================
==== DLL Module Header dump ====
          bss Size:0x000036c4
        rel Offset:0x000246f8
        imp Offset:0x00036a90
    prolog Section:1
    epilog Section:1
unresolved Section:0
       prolog func:0x000000a4
       epilog func:0x000000f8
   unresolved func:0x00000000
================================
objdll>LinkOK 03bc21f8 34300000
objdll> dll/mentdll.rel prolog start
objman>InitObjMan start
objman>InitObjMan end
Rest Memory 5395a0
0
GroupSet 7
***********GroupSet Error 0
objdll> dll/mentdll.rel prolog end
objman>ObjectSetup end
port> frame 1961: overlay 70 (next -1) event 0
DLL DBG OUT
data num 600008
port> dvdheap: 4008196 bytes mode 1 num 10000000  caller 0x10fa8  caller2 0xeb4c
Rest Memory 1ad6c0
ARAM data num 120006
port> stall: frame 1962 took 118 ms (game 118 gx 0 present 0 aud 0) tex: 0 decoded (0 KB -> 0 KB) dec 0 up 0 hash 0 ms, 0 re-keyed; staged 0 (0 ms saved) claimed 0 unstaged 0; frees 21, dll 0 ms
port> status f1980    mentdll      board 0 turn 0/1  mg 460 (m460dll)  coins/stars 0/0c 0/0c 0/0c 0/0c  aud 0.01 ms  286.2 fps
########### ME_MainProcFunc000
port> status f2040    mentdll      board 0 turn 0/1  mg 460 (m460dll)  coins/stars 0/0c 0/0c 0/0c 0/0c  aud 0.01 ms  379.2 fps
port> status f2100    mentdll      board 0 turn 0/1  mg 460 (m460dll)  coins/stars 0/0c 0/0c 0/0c 0/0c  aud 0.05 ms  368.4 fps
port> status f2160    mentdll      board 0 turn 0/1  mg 460 (m460dll)  coins/stars 0/0c 0/0c 0/0c 0/0c  aud 0.05 ms  290.3 fps
port> status f2220    mentdll      board 0 turn 0/1  mg 460 (m460dll)  coins/stars 0/0c 0/0c 0/0c 0/0c  aud 0.05 ms  267.0 fps
port> status f2280    mentdll      board 0 turn 0/1  mg 460 (m460dll)  coins/stars 0/0c 0/0c 0/0c 0/0c  aud 0.05 ms  289.6 fps
port> status f2340    mentdll      board 0 turn 0/1  mg 460 (m460dll)  coins/stars 0/0c 0/0c 0/0c 0/0c  aud 0.05 ms  323.9 fps
port> status f2400    mentdll      board 0 turn 0/1  mg 460 (m460dll)  coins/stars 0/0c 0/0c 0/0c 0/0c  aud 0.05 ms  317.9 fps
port> status f2460    mentdll      board 0 turn 0/1  mg 460 (m460dll)  coins/stars 0/0c 0/0c 0/0c 0/0c  aud 0.12 ms  310.3 fps
port> status f2520    mentdll      board 0 turn 0/1  mg 460 (m460dll)  coins/stars 0/0c 0/0c 0/0c 0/0c  aud 0.36 ms  278.0 fps
port> status f2580    mentdll      board 0 turn 0/1  mg 460 (m460dll)  coins/stars 0/0c 0/0c 0/0c 0/0c  aud 0.27 ms  276.5 fps
port> status f2640    mentdll      board 0 turn 0/1  mg 460 (m460dll)  coins/stars 0/0c 0/0c 0/0c 0/0c  aud 0.37 ms  279.3 fps
port> status f2700    mentdll      board 0 turn 0/1  mg 460 (m460dll)  coins/stars 0/0c 0/0c 0/0c 0/0c  aud 0.14 ms  302.0 fps
port> status f2760    mentdll      board 0 turn 0/1  mg 460 (m460dll)  coins/stars 0/0c 0/0c 0/0c 0/0c  aud 0.29 ms  274.9 fps
port> status f2820    mentdll      board 0 turn 0/1  mg 460 (m460dll)  coins/stars 0/0c 0/0c 0/0c 0/0c  aud 0.16 ms  270.5 fps
port> status f2880    mentdll      board 0 turn 0/1  mg 460 (m460dll)  coins/stars 0/0c 0/0c 0/0c 0/0c  aud 0.19 ms  298.6 fps
port> status f2940    mentdll      board 0 turn 0/1  mg 460 (m460dll)  coins/stars 0/0c 0/0c 0/0c 0/0c  aud 0.17 ms  309.3 fps
port> status f3000    mentdll      board 0 turn 0/1  mg 460 (m460dll)  coins/stars 0/0c 0/0c 0/0c 0/0c  aud 0.31 ms  284.0 fps
port> status f3060    mentdll      board 0 turn 0/1  mg 460 (m460dll)  coins/stars 0/0c 0/0c 0/0c 0/0c  aud 0.32 ms  261.0 fps
port> status f3120    mentdll      board 0 turn 0/1  mg 460 (m460dll)  coins/stars 0/0c 0/0c 0/0c 0/0c  aud 0.26 ms  276.6 fps
port> status f3180    mentdll      board 0 turn 0/1  mg 460 (m460dll)  coins/stars 0/0c 0/0c 0/0c 0/0c  aud 0.30 ms  250.4 fps
port> status f3240    mentdll      board 0 turn 0/1  mg 460 (m460dll)  coins/stars 0/0c 0/0c 0/0c 0/0c  aud 0.31 ms  255.0 fps
port> status f3300    mentdll      board 0 turn 0/1  mg 460 (m460dll)  coins/stars 0/0c 0/0c 0/0c 0/0c  aud 0.34 ms  253.3 fps
port> status f3360    mentdll      board 0 turn 0/1  mg 460 (m460dll)  coins/stars 0/0c 0/0c 0/0c 0/0c  aud 0.18 ms  258.1 fps
port> status f3420    mentdll      board 0 turn 0/1  mg 460 (m460dll)  coins/stars 0/0c 0/0c 0/0c 0/0c  aud 0.33 ms  251.8 fps
port> status f3480    mentdll      board 0 turn 0/1  mg 460 (m460dll)  coins/stars 0/0c 0/0c 0/0c 0/0c  aud 0.37 ms  245.4 fps
port> status f3540    mentdll      board 0 turn 0/1  mg 460 (m460dll)  coins/stars 0/0c 0/0c 0/0c 0/0c  aud 0.30 ms  264.7 fps
port> status f3600    mentdll      board 0 turn 0/1  mg 460 (m460dll)  coins/stars 0/0c 0/0c 0/0c 0/0c  aud 0.25 ms  279.1 fps
port> status f3660    mentdll      board 0 turn 0/1  mg 460 (m460dll)  coins/stars 0/0c 0/0c 0/0c 0/0c  aud 0.18 ms  306.2 fps
port> status f3720    mentdll      board 0 turn 0/1  mg 460 (m460dll)  coins/stars 0/0c 0/0c 0/0c 0/0c  aud 0.29 ms  275.6 fps
port> status f3780    mentdll      board 0 turn 0/1  mg 460 (m460dll)  coins/stars 0/0c 0/0c 0/0c 0/0c  aud 0.30 ms  251.1 fps
port> status f3840    mentdll      board 0 turn 0/1  mg 460 (m460dll)  coins/stars 0/0c 0/0c 0/0c 0/0c  aud 0.36 ms  270.1 fps
port> status f3900    mentdll      board 0 turn 0/1  mg 460 (m460dll)  coins/stars 0/0c 0/0c 0/0c 0/0c  aud 0.22 ms  282.8 fps
port> status f3960    mentdll      board 0 turn 0/1  mg 460 (m460dll)  coins/stars 0/0c 0/0c 0/0c 0/0c  aud 0.22 ms  305.2 fps
port> status f4020    mentdll      board 0 turn 0/1  mg 460 (m460dll)  coins/stars 0/0c 0/0c 0/0c 0/0c  aud 0.22 ms  292.7 fps
port> status f4080    mentdll      board 0 turn 0/1  mg 460 (m460dll)  coins/stars 0/0c 0/0c 0/0c 0/0c  aud 0.14 ms  304.0 fps
port> status f4140    mentdll      board 0 turn 0/1  mg 460 (m460dll)  coins/stars 0/0c 0/0c 0/0c 0/0c  aud 0.18 ms  284.7 fps
port> status f4200    mentdll      board 0 turn 0/1  mg 460 (m460dll)  coins/stars 0/0c 0/0c 0/0c 0/0c  aud 0.26 ms  268.3 fps
port> status f4260    mentdll      board 0 turn 0/1  mg 460 (m460dll)  coins/stars 0/0c 0/0c 0/0c 0/0c  aud 0.35 ms  253.9 fps
port> status f4320    mentdll      board 0 turn 0/1  mg 460 (m460dll)  coins/stars 0/0c 0/0c 0/0c 0/0c  aud 0.24 ms  261.1 fps
port> status f4380    mentdll      board 0 turn 0/1  mg 460 (m460dll)  coins/stars 0/0c 0/0c 0/0c 0/0c  aud 0.29 ms  257.3 fps
port> status f4440    mentdll      board 0 turn 0/1  mg 460 (m460dll)  coins/stars 0/0c 0/0c 0/0c 0/0c  aud 0.30 ms  245.7 fps
port> status f4500    mentdll      board 0 turn 0/1  mg 460 (m460dll)  coins/stars 0/0c 0/0c 0/0c 0/0c  aud 0.38 ms  240.2 fps
port> status f4560    mentdll      board 0 turn 0/1  mg 460 (m460dll)  coins/stars 0/0c 0/0c 0/0c 0/0c  aud 0.22 ms  263.6 fps
port> status f4620    mentdll      board 0 turn 0/1  mg 460 (m460dll)  coins/stars 0/0c 0/0c 0/0c 0/0c  aud 0.28 ms  271.8 fps
port> status f4680    mentdll      board 0 turn 0/1  mg 460 (m460dll)  coins/stars 0/0c 0/0c 0/0c 0/0c  aud 0.37 ms  263.6 fps
port> status f4740    mentdll      board 0 turn 1/1  mg 460 (m460dll)  coins/stars 0/0c 0/0c 0/0c 0/0c  aud 0.33 ms  280.1 fps
port> dvdheap: 1615946 bytes mode 0 num 0  caller 0xf224  caller2 0x34303aa0
Rest Memory 3f5780
port> dvdheap: 1438648 bytes mode 0 num 0  caller 0xf224  caller2 0x34303b68
Rest Memory 420c20
port> status f4800    mentdll      board 0 turn 1/1  mg 460 (m460dll)  coins/stars 0/0c 0/0c 0/0c 0/0c  aud 0.23 ms  284.7 fps
port> status f4860    mentdll      board 0 turn 1/1  mg 460 (m460dll)  coins/stars 0/0c 0/0c 0/0c 0/0c  aud 0.20 ms  330.6 fps
port> status f4920    mentdll      board 0 turn 1/1  mg 460 (m460dll)  coins/stars 0/0c 0/0c 0/0c 0/0c  aud 0.25 ms  320.5 fps
port> status f4980    mentdll      board 0 turn 1/1  mg 460 (m460dll)  coins/stars 0/0c 0/0c 0/0c 0/0c  aud 0.36 ms  320.1 fps
port> status f5040    mentdll      board 0 turn 1/1  mg 460 (m460dll)  coins/stars 0/0c 0/0c 0/0c 0/0c  aud 0.36 ms  311.0 fps
port> status f5100    mentdll      board 0 turn 1/1  mg 460 (m460dll)  coins/stars 0/0c 0/0c 0/0c 0/0c  aud 0.20 ms  349.8 fps
port> dvdheap: 1301598 bytes mode 0 num 0  caller 0x10f10  caller2 0xef70
Rest Memory 2e2fa0
ARAM Trans a4cf40
port> dvdheap: 1336948 bytes mode 0 num 0  caller 0x10f10  caller2 0xef70
Rest Memory 2da580
ARAM Trans b8aba0
port> dvdheap: 1260022 bytes mode 0 num 0  caller 0x10f10  caller2 0xef70
Rest Memory 2ed200
ARAM Trans cd1220
port> dvdheap: 1413496 bytes mode 0 num 0  caller 0x10f10  caller2 0xef70
Rest Memory 2c7a80
ARAM Trans e04c20
objman>Call New Ovl 89(1)
OvlKill 1
objdll>omDLLNumEnd 70 1
Search:dll/mentdll.rel
+++++++++++ Find0: dll/mentdll.rel
objdll>omDLLEnd 0 1
objdll>End DLL:dll/mentdll.rel
odjdll>Unlink DLL:dll/mentdll.rel
objdll>Unlink DLL epilog
objdll>Unlink DLL epilog finish
objdll>End DLL finish
port> frame 5101: overlay -1 (next 89) event 0
objman>Destory ObjMan
++++++++++++++++++++ Start New OVL 89 (EVT:0 STAT:0x00000000) ++++++++++++++++++
======== HuMem heap dump 03b9c018 ========
MCB-----+Size----+MG+FL+Prev----+Next----+UNum----+Body----+Call----
03b9c018 0000a020 a5 01 03c8f178 03ba6038 ffffff00 03b9c038 000088c4
03ba6038 000041c0 a5 01 03b9c018 03baa1f8 ffffff00 03ba6058 0003c558
03baa1f8 00016c80 cd 00 03ba6038 03bc0e78 ffffff00 03baa218 0003ce8c
03bc0e78 00000260 a5 01 03baa1f8 03bc10d8 ffffff00 03bc0e98 000090d8
03bc10d8 00000260 a5 01 03bc0e78 03bc1338 ffffff00 03bc10f8 000090d8
03bc1338 000002c0 a5 01 03bc10d8 03bc15f8 ffffff00 03bc1358 000090d8
03bc15f8 00000240 cd 00 03bc1338 03bc1838 10000000 03bc1618 00039228
03bc1838 00000100 a5 01 03bc15f8 03bc1938 ffffff00 03bc1858 000375dc
03bc1938 00000400 a5 01 03bc1838 03bc1d38 ffffff00 03bc1958 0003762c
03bc1d38 00000400 a5 01 03bc1938 03bc2138 ffffff00 03bc1d58 00037678
03bc2138 00000060 a5 01 03bc1d38 03bc2198 ffffff00 03bc2158 000376c4
03bc2198 00000040 a5 01 03bc2138 03bc21d8 ffffff00 03bc21b8 00037710
03bc21d8 000befc0 cd 00 03bc2198 03c81198 ffffff00 03bc21f8 0003ce8c
03c81198 00002100 a5 01 03bc21d8 03c83298 ffffff00 03c811b8 000090d8
03c83298 00000f80 a5 01 03c81198 03c84218 ffffff00 03c832b8 000090d8
03c84218 000041c0 a5 01 03c83298 03c883d8 ffffff00 03c84238 000090d8
03c883d8 000041c0 a5 01 03c84218 03c8c598 ffffff00 03c883f8 000090d8
03c8c598 00002be0 a5 01 03c883d8 03c8f178 ffffff00 03c8c5b8 000090d8
03c8f178 0014cea0 cd 00 03c8c598 03b9c018 ffffff00 03c8f198 0003ce8c
MCB:19(15/4) MEM:00240000(0001d2e0/00222d20)
======== HuMem heap dump 03b9c018 end =====
======== HuMem heap dump 03f1c030 ========
MCB-----+Size----+MG+FL+Prev----+Next----+UNum----+Body----+Call----
03f1c030 00a80000 cd 00 03f1c030 03f1c030 ffffff00 03f1c050 00040064
MCB:1(0/1) MEM:00a80000(00000000/00a80000)
======== HuMem heap dump 03f1c030 end =====
======== HuMem heap dump 0499c03c ========
MCB-----+Size----+MG+FL+Prev----+Next----+UNum----+Body----+Call----
0499c03c 0015f3e0 a5 01 04afb41c 04afb41c ffffff00 0499c05c 00010b1c
04afb41c 00420c20 cd 00 0499c03c 0499c03c ffffff00 04afb43c 0000ff14
MCB:2(1/1) MEM:00580000(0015f3e0/00420c20)
======== HuMem heap dump 0499c03c end =====
objman>Used Memory Size:0001d2e0
objman>Used Memory Cnt:15
objman>Init esp
objman>Call objectsetup
SOUND ##########################
0
GroupSet 9
***********GroupSet Error 0
##########################
DLLStart 89 0
Search:dll/w01dll.rel
objdll>Link DLL:dll/w01dll.rel
Rest Memory 420c20
===== DLL Module Info dump ====
                   ID:0x00000001
             LinkPrev:0x00000000
             LinkNext:0x00000000
          Section num:16
Section info tbl ofst:0x00000048
           nameOffset:0x00000000
             nameSize:45
              version:0x00000002
===============================
==== DLL Module Header dump ====
          bss Size:0x0000081c
        rel Offset:0x00012e34
        imp Offset:0x0001f174
    prolog Section:1
    epilog Section:1
unresolved Section:0
       prolog func:0x00000030
       epilog func:0x00000094
   unresolved func:0x00000000
================================
objdll>LinkOK 03bc21f8 35600000
objdll> dll/w01dll.rel prolog start
objman>InitObjMan start
objman>InitObjMan end
objdll> dll/w01dll.rel prolog end
objman>ObjectSetup end
port> frame 5102: overlay 89 (next -1) event 0
DLL DBG OUT
Rest Memory 37b3c0
Rest Memory 334960
data num 5e0000
Rest Memory 31dea0
ARAM data num 120006
data num 190000
Rest Memory 322ae0
data num 6c0000
Rest Memory 302e20
data num 890000
Rest Memory 31a860
ARAM data num 7001d
data num 50000
Rest Memory 136ce0
data num 90000
Rest Memory 1424a0
port> stall: frame 5104 took 339 ms (game 339 gx 0 present 0 aud 0) tex: 0 decoded (0 KB -> 0 KB) dec 0 up 0 hash 0 ms, 0 re-keyed; staged 0 (0 ms saved) claimed 0 unstaged 0; frees 113, dll 0 ms
port> loader: mg_next dealt mg 460 (m460dll) at frame 5105 -- prefetching its module and data
port> status f5160    w01dll       board 0 turn 1/1  mg 460 (m460dll)  coins/stars 0/0c 0/0c 0/0c 0/0c  aud 0.05 ms  96.8 fps
port> status f5220    w01dll       board 0 turn 1/1  mg 460 (m460dll)  coins/stars 0/0c 0/0c 0/0c 0/0c  aud 0.08 ms  251.7 fps
port> status f5280    w01dll       board 0 turn 1/1  mg 460 (m460dll)  coins/stars 0/0c 0/0c 0/0c 0/0c  aud 0.07 ms  247.8 fps
port> status f5340    w01dll       board 0 turn 1/1  mg 460 (m460dll)  coins/stars 0/0c 0/0c 0/0c 0/0c  aud 0.08 ms  244.0 fps
port> status f5400    w01dll       board 0 turn 1/1  mg 460 (m460dll)  coins/stars 0/0c 0/0c 0/0c 0/0c  aud 0.06 ms  251.0 fps
port> status f5460    w01dll       board 0 turn 1/1  mg 460 (m460dll)  coins/stars 0/0c 0/0c 0/0c 0/0c  aud 0.05 ms  255.1 fps
port> status f5520    w01dll       board 0 turn 1/1  mg 460 (m460dll)  coins/stars 0/0c 0/0c 0/0c 0/0c  aud 0.05 ms  269.9 fps
port> status f5580    w01dll       board 0 turn 1/1  mg 460 (m460dll)  coins/stars 0/0c 0/0c 0/0c 0/0c  aud 0.05 ms  279.1 fps
port> status f5640    w01dll       board 0 turn 1/1  mg 460 (m460dll)  coins/stars 0/0c 0/0c 0/0c 0/0c  aud 0.05 ms  303.2 fps
port> status f5700    w01dll       board 0 turn 1/1  mg 460 (m460dll)  coins/stars 0/0c 0/0c 0/0c 0/0c  aud 0.05 ms  350.9 fps
port> status f5760    w01dll       board 0 turn 1/1  mg 460 (m460dll)  coins/stars 0/0c 0/0c 0/0c 0/0c  aud 0.06 ms  345.9 fps
port> status f5820    w01dll       board 0 turn 1/1  mg 460 (m460dll)  coins/stars 0/0c 0/0c 0/0c 0/0c  aud 0.06 ms  335.2 fps
port> status f5880    w01dll       board 0 turn 1/1  mg 460 (m460dll)  coins/stars 0/0c 0/0c 0/0c 0/0c  aud 0.20 ms  211.1 fps
port> status f5940    w01dll       board 0 turn 1/1  mg 460 (m460dll)  coins/stars 0/0c 0/0c 0/0c 0/0c  aud 0.32 ms  200.3 fps
port> status f6000    w01dll       board 0 turn 1/1  mg 460 (m460dll)  coins/stars 0/0c 0/0c 0/0c 0/0c  aud 0.29 ms  193.9 fps
port> status f6060    w01dll       board 0 turn 1/1  mg 460 (m460dll)  coins/stars 0/0c 0/0c 0/0c 0/0c  aud 0.28 ms  203.4 fps
port> status f6120    w01dll       board 0 turn 1/1  mg 460 (m460dll)  coins/stars 0/0c 0/0c 0/0c 0/0c  aud 0.29 ms  206.5 fps
port> status f6180    w01dll       board 0 turn 1/1  mg 460 (m460dll)  coins/stars 0/0c 0/0c 0/0c 0/0c  aud 0.28 ms  191.4 fps
port> status f6240    w01dll       board 0 turn 1/1  mg 460 (m460dll)  coins/stars 0/0c 0/0c 0/0c 0/0c  aud 0.27 ms  201.4 fps
#########SE Entry Error<SE 770:ErrorNo -33>
#########SE Entry Error<SE 770:ErrorNo -33>
#########SE Entry Error<SE 770:ErrorNo -33>
port> status f6300    w01dll       board 0 turn 1/1  mg 460 (m460dll)  coins/stars 0/0c 0/0c 0/0c 0/0c  aud 0.28 ms  184.3 fps
#########SE Entry Error<SE 771:ErrorNo -33>
port> status f6360    w01dll       board 0 turn 1/1  mg 460 (m460dll)  coins/stars 0/0c 0/0c 0/0c 0/0c  aud 0.36 ms  187.0 fps
port> status f6420    w01dll       board 0 turn 1/1  mg 460 (m460dll)  coins/stars 0/0c 0/0c 0/0c 0/0c  aud 0.30 ms  189.2 fps
port> status f6480    w01dll       board 0 turn 1/1  mg 460 (m460dll)  coins/stars 0/0c 0/0c 0/0c 0/0c  aud 0.25 ms  185.0 fps
port> status f6540    w01dll       board 0 turn 1/1  mg 460 (m460dll)  coins/stars 0/0c 0/0c 0/0c 0/0c  aud 0.22 ms  190.0 fps
port> status f6600    w01dll       board 0 turn 1/1  mg 460 (m460dll)  coins/stars 0/0c 0/0c 0/0c 0/0c  aud 0.26 ms  208.7 fps
port> status f6660    w01dll       board 0 turn 1/1  mg 460 (m460dll)  coins/stars 0/0c 0/0c 0/0c 0/0c  aud 0.32 ms  190.6 fps
port> status f6720    w01dll       board 0 turn 1/1  mg 460 (m460dll)  coins/stars 0/0c 0/0c 0/0c 0/0c  aud 0.29 ms  191.5 fps
port> status f6780    w01dll       board 0 turn 1/1  mg 460 (m460dll)  coins/stars 0/0c 0/0c 0/0c 0/0c  aud 0.28 ms  200.9 fps
port> status f6840    w01dll       board 0 turn 1/1  mg 460 (m460dll)  coins/stars 0/0c 0/0c 0/0c 0/0c  aud 0.30 ms  195.2 fps
port> status f6900    w01dll       board 0 turn 1/1  mg 460 (m460dll)  coins/stars 0/0c 0/0c 0/0c 0/0c  aud 0.36 ms  191.1 fps
port> status f6960    w01dll       board 0 turn 1/1  mg 460 (m460dll)  coins/stars 0/0c 0/0c 0/0c 0/0c  aud 0.28 ms  194.2 fps
port> status f7020    w01dll       board 0 turn 1/1  mg 460 (m460dll)  coins/stars 0/0c 0/0c 0/0c 0/0c  aud 0.28 ms  198.4 fps
port> status f7080    w01dll       board 0 turn 1/1  mg 460 (m460dll)  coins/stars 0/0c 0/0c 0/0c 0/0c  aud 0.31 ms  190.1 fps
port> status f7140    w01dll       board 0 turn 1/1  mg 460 (m460dll)  coins/stars 0/0c 0/0c 0/0c 0/0c  aud 0.30 ms  187.9 fps
port> status f7200    w01dll       board 0 turn 1/1  mg 460 (m460dll)  coins/stars 0/0c 0/0c 0/0c 0/0c  aud 0.23 ms  201.3 fps
port> status f7260    w01dll       board 0 turn 1/1  mg 460 (m460dll)  coins/stars 0/0c 0/0c 0/0c 0/0c  aud 0.25 ms  197.0 fps
port> status f7320    w01dll       board 0 turn 1/1  mg 460 (m460dll)  coins/stars 9/0c 9/0c 9/0c 9/0c  aud 0.33 ms  194.2 fps
port> status f7380    w01dll       board 0 turn 1/1  mg 460 (m460dll)  coins/stars 10/0c 10/0c 10/0c 10/0c  aud 0.33 ms  190.7 fps
port> status f7440    w01dll       board 0 turn 1/1  mg 460 (m460dll)  coins/stars 10/0c 10/0c 10/0c 10/0c  aud 0.28 ms  198.6 fps
port> status f7500    w01dll       board 0 turn 1/1  mg 460 (m460dll)  coins/stars 10/0c 10/0c 10/0c 10/0c  aud 0.28 ms  203.4 fps
port> status f7560    w01dll       board 0 turn 1/1  mg 460 (m460dll)  coins/stars 10/0c 10/0c 10/0c 10/0c  aud 0.27 ms  202.9 fps
port> status f7620    w01dll       board 0 turn 1/1  mg 460 (m460dll)  coins/stars 10/0c 10/0c 10/0c 10/0c  aud 0.28 ms  202.1 fps
port> status f7680    w01dll       board 0 turn 1/1  mg 460 (m460dll)  coins/stars 10/0c 10/0c 10/0c 10/0c  aud 0.28 ms  201.2 fps
port> status f7740    w01dll       board 0 turn 1/1  mg 460 (m460dll)  coins/stars 10/0c 10/0c 10/0c 10/0c  aud 0.31 ms  190.7 fps
port> status f7800    w01dll       board 0 turn 1/1  mg 460 (m460dll)  coins/stars 10/0c 10/0c 10/0c 10/0c  aud 0.28 ms  195.5 fps
port> status f7860    w01dll       board 0 turn 1/1  mg 460 (m460dll)  coins/stars 10/0c 10/0c 10/0c 10/0c  aud 0.28 ms  187.0 fps
port> status f7920    w01dll       board 0 turn 1/1  mg 460 (m460dll)  coins/stars 10/0c 10/0c 10/0c 10/0c  aud 0.29 ms  190.3 fps
port> status f7980    w01dll       board 0 turn 1/1  mg 460 (m460dll)  coins/stars 10/0c 10/0c 10/0c 10/0c  aud 0.25 ms  201.1 fps
port> status f8040    w01dll       board 0 turn 1/1  mg 460 (m460dll)  coins/stars 10/0c 10/0c 10/0c 10/0c  aud 0.25 ms  193.0 fps
data num 60017
Rest Memory 1960c0
port> status f8100    w01dll       board 0 turn 1/1  mg 460 (m460dll)  coins/stars 10/0c 10/0c 10/0c 10/0c  aud 0.22 ms  215.3 fps
port> status f8160    w01dll       board 0 turn 1/1  mg 460 (m460dll)  coins/stars 10/0c 10/0c 10/0c 10/0c  aud 0.32 ms  239.9 fps
port> status f8220    w01dll       board 0 turn 1/1  mg 460 (m460dll)  coins/stars 10/0c 10/0c 10/0c 10/0c  aud 0.32 ms  232.4 fps
port> status f8280    w01dll       board 0 turn 1/1  mg 460 (m460dll)  coins/stars 10/0c 10/0c 10/0c 10/0c  aud 0.27 ms  239.4 fps
port> status f8340    w01dll       board 0 turn 1/1  mg 460 (m460dll)  coins/stars 10/0c 10/0c 10/0c 10/0c  aud 0.24 ms  255.1 fps
port> status f8400    w01dll       board 0 turn 1/1  mg 460 (m460dll)  coins/stars 10/0c 10/0c 10/0c 10/0c  aud 0.23 ms  262.6 fps
port> status f8460    w01dll       board 0 turn 1/1  mg 460 (m460dll)  coins/stars 10/0c 10/0c 10/0c 10/0c  aud 0.24 ms  268.0 fps
port> status f8520    w01dll       board 0 turn 1/1  mg 460 (m460dll)  coins/stars 10/0c 10/0c 10/0c 10/0c  aud 0.23 ms  253.6 fps
port> status f8580    w01dll       board 0 turn 1/1  mg 460 (m460dll)  coins/stars 10/0c 10/0c 10/0c 10/0c  aud 0.28 ms  258.8 fps
port> status f8640    w01dll       board 0 turn 1/1  mg 460 (m460dll)  coins/stars 10/0c 10/0c 10/0c 10/0c  aud 0.27 ms  259.1 fps
port> status f8700    w01dll       board 0 turn 1/1  mg 460 (m460dll)  coins/stars 10/0c 10/0c 10/0c 10/0c  aud 0.22 ms  259.6 fps
port> status f8760    w01dll       board 0 turn 1/1  mg 460 (m460dll)  coins/stars 10/0c 10/0c 10/0c 10/0c  aud 0.19 ms  264.9 fps
port> status f8820    w01dll       board 0 turn 1/1  mg 460 (m460dll)  coins/stars 10/0c 10/0c 10/0c 10/0c  aud 0.19 ms  257.9 fps
port> status f8880    w01dll       board 0 turn 1/1  mg 460 (m460dll)  coins/stars 10/0c 10/0c 10/0c 10/0c  aud 0.18 ms  269.8 fps
port> status f8940    w01dll       board 0 turn 1/1  mg 460 (m460dll)  coins/stars 10/0c 10/0c 10/0c 10/0c  aud 0.16 ms  238.9 fps
port> status f9000    w01dll       board 0 turn 1/1  mg 460 (m460dll)  coins/stars 10/0c 10/0c 10/0c 10/0c  aud 0.17 ms  248.0 fps
port> status f9060    w01dll       board 0 turn 1/1  mg 460 (m460dll)  coins/stars 10/0c 10/0c 10/0c 10/0c  aud 0.22 ms  238.2 fps
port> status f9120    w01dll       board 0 turn 1/1  mg 460 (m460dll)  coins/stars 10/0c 10/0c 10/0c 10/0c  aud 0.28 ms  229.6 fps
port> status f9180    w01dll       board 0 turn 1/1  mg 460 (m460dll)  coins/stars 10/0c 10/0c 10/0c 10/0c  aud 0.23 ms  237.9 fps
port> status f9240    w01dll       board 0 turn 1/1  mg 460 (m460dll)  coins/stars 10/0c 10/0c 10/0c 10/0c  aud 0.25 ms  236.1 fps
port> status f9300    w01dll       board 0 turn 1/1  mg 460 (m460dll)  coins/stars 10/0c 10/0c 10/0c 10/0c  aud 0.23 ms  237.7 fps
port> status f9360    w01dll       board 0 turn 1/1  mg 460 (m460dll)  coins/stars 10/0c 10/0c 10/0c 10/0c  aud 0.17 ms  233.5 fps
port> status f9420    w01dll       board 0 turn 1/1  mg 460 (m460dll)  coins/stars 10/0c 10/0c 10/0c 10/0c  aud 0.22 ms  236.7 fps
port> status f9480    w01dll       board 0 turn 1/1  mg 460 (m460dll)  coins/stars 10/0c 10/0c 10/0c 10/0c  aud 0.25 ms  252.2 fps
port> status f9540    w01dll       board 0 turn 1/1  mg 460 (m460dll)  coins/stars 10/0c 10/0c 10/0c 10/0c  aud 0.27 ms  238.7 fps
port> status f9600    w01dll       board 0 turn 1/1  mg 460 (m460dll)  coins/stars 10/0c 10/0c 10/0c 10/0c  aud 0.24 ms  255.0 fps
port> status f9660    w01dll       board 0 turn 1/1  mg 460 (m460dll)  coins/stars 10/0c 10/0c 10/0c 10/0c  aud 0.24 ms  225.6 fps
port> status f9720    w01dll       board 0 turn 1/1  mg 460 (m460dll)  coins/stars 10/0c 10/0c 10/0c 10/0c  aud 0.03 ms  224.9 fps
port> status f9780    w01dll       board 0 turn 1/1  mg 460 (m460dll)  coins/stars 10/0c 10/0c 10/0c 10/0c  aud 0.22 ms  196.2 fps
port> status f9840    w01dll       board 0 turn 1/1  mg 460 (m460dll)  coins/stars 10/0c 10/0c 10/0c 10/0c  aud 0.27 ms  202.5 fps
port> status f9900    w01dll       board 0 turn 1/1  mg 460 (m460dll)  coins/stars 10/0c 10/0c 10/0c 10/0c  aud 0.22 ms  209.4 fps
port> status f9960    w01dll       board 0 turn 1/1  mg 460 (m460dll)  coins/stars 10/0c 10/0c 10/0c 10/0c  aud 0.24 ms  187.6 fps
port> status f10020   w01dll       board 0 turn 1/1  mg 460 (m460dll)  coins/stars 10/0c 10/0c 10/0c 10/0c  aud 0.26 ms  195.3 fps
port> status f10080   w01dll       board 0 turn 1/1  mg 460 (m460dll)  coins/stars 10/0c 10/0c 10/0c 10/0c  aud 0.30 ms  192.7 fps
port> status f10140   w01dll       board 0 turn 1/1  mg 460 (m460dll)  coins/stars 10/0c 10/0c 10/0c 10/0c  aud 0.33 ms  201.3 fps
port> status f10200   w01dll       board 0 turn 1/1  mg 460 (m460dll)  coins/stars 10/0c 10/0c 10/0c 10/0c  aud 0.26 ms  195.5 fps
port> status f10260   w01dll       board 0 turn 1/1  mg 460 (m460dll)  coins/stars 10/0c 10/0c 10/0c 10/0c  aud 0.27 ms  182.0 fps
port> status f10320   w01dll       board 0 turn 1/1  mg 460 (m460dll)  coins/stars 10/0c 10/0c 10/0c 10/0c  aud 0.34 ms  188.3 fps
port> status f10380   w01dll       board 0 turn 1/1  mg 460 (m460dll)  coins/stars 10/0c 10/0c 10/0c 10/0c  aud 0.26 ms  196.2 fps
port> status f10440   w01dll       board 0 turn 1/1  mg 460 (m460dll)  coins/stars 10/0c 10/0c 10/0c 10/0c  aud 0.23 ms  198.6 fps
port> status f10500   w01dll       board 0 turn 1/1  mg 460 (m460dll)  coins/stars 10/0c 10/0c 10/0c 10/0c  aud 0.23 ms  199.1 fps
port> status f10560   w01dll       board 0 turn 1/1  mg 460 (m460dll)  coins/stars 10/0c 10/0c 10/0c 10/0c  aud 0.26 ms  183.6 fps
port> status f10620   w01dll       board 0 turn 1/1  mg 460 (m460dll)  coins/stars 13/0c 10/0c 10/0c 10/0c  aud 0.27 ms  191.6 fps
port> status f10680   w01dll       board 0 turn 1/1  mg 460 (m460dll)  coins/stars 13/0c 10/0c 10/0c 10/0c  aud 0.22 ms  196.4 fps
port> status f10740   w01dll       board 0 turn 1/1  mg 460 (m460dll)  coins/stars 13/0c 10/0c 10/0c 10/0c  aud 0.13 ms  225.3 fps
port> status f10800   w01dll       board 0 turn 1/1  mg 460 (m460dll)  coins/stars 13/0c 10/0c 10/0c 10/0c  aud 0.16 ms  224.5 fps
port> status f10860   w01dll       board 0 turn 1/1  mg 460 (m460dll)  coins/stars 13/0c 10/0c 10/0c 10/0c  aud 0.22 ms  210.3 fps
port> status f10920   w01dll       board 0 turn 1/1  mg 460 (m460dll)  coins/stars 13/0c 10/0c 10/0c 10/0c  aud 0.20 ms  225.8 fps
port> status f10980   w01dll       board 0 turn 1/1  mg 460 (m460dll)  coins/stars 13/0c 10/0c 10/0c 10/0c  aud 0.22 ms  188.5 fps
port> status f11040   w01dll       board 0 turn 1/1  mg 460 (m460dll)  coins/stars 13/0c 10/0c 10/0c 10/0c  aud 0.20 ms  201.4 fps
port> status f11100   w01dll       board 0 turn 1/1  mg 460 (m460dll)  coins/stars 13/0c 10/0c 10/0c 10/0c  aud 0.23 ms  195.3 fps
port> status f11160   w01dll       board 0 turn 1/1  mg 460 (m460dll)  coins/stars 13/0c 10/0c 10/0c 10/0c  aud 0.30 ms  198.0 fps
port> status f11220   w01dll       board 0 turn 1/1  mg 460 (m460dll)  coins/stars 13/0c 10/0c 10/0c 10/0c  aud 0.24 ms  189.7 fps
port> status f11280   w01dll       board 0 turn 1/1  mg 460 (m460dll)  coins/stars 13/0c 10/0c 10/0c 10/0c  aud 0.24 ms  200.9 fps
port> status f11340   w01dll       board 0 turn 1/1  mg 460 (m460dll)  coins/stars 13/0c 10/0c 10/0c 10/0c  aud 0.33 ms  184.2 fps
port> status f11400   w01dll       board 0 turn 1/1  mg 460 (m460dll)  coins/stars 13/0c 10/0c 10/0c 10/0c  aud 0.38 ms  183.2 fps
port> status f11460   w01dll       board 0 turn 1/1  mg 460 (m460dll)  coins/stars 13/0c 10/0c 10/0c 10/0c  aud 0.33 ms  193.3 fps
port> status f11520   w01dll       board 0 turn 1/1  mg 460 (m460dll)  coins/stars 13/0c 10/0c 10/0c 10/0c  aud 0.24 ms  200.1 fps
port> status f11580   w01dll       board 0 turn 1/1  mg 460 (m460dll)  coins/stars 13/0c 10/0c 10/0c 10/0c  aud 0.29 ms  204.0 fps
port> status f11640   w01dll       board 0 turn 1/1  mg 460 (m460dll)  coins/stars 13/0c 10/0c 10/0c 10/0c  aud 0.21 ms  207.5 fps
port> status f11700   w01dll       board 0 turn 1/1  mg 460 (m460dll)  coins/stars 13/0c 10/0c 10/0c 10/0c  aud 0.31 ms  194.8 fps
port> status f11760   w01dll       board 0 turn 1/1  mg 460 (m460dll)  coins/stars 13/0c 10/0c 10/0c 10/0c  aud 0.22 ms  205.9 fps
port> status f11820   w01dll       board 0 turn 1/1  mg 460 (m460dll)  coins/stars 13/0c 10/0c 10/0c 10/0c  aud 0.26 ms  198.8 fps
port> status f11880   w01dll       board 0 turn 1/1  mg 460 (m460dll)  coins/stars 13/0c 10/0c 10/0c 10/0c  aud 0.31 ms  203.4 fps
port> status f11940   w01dll       board 0 turn 1/1  mg 460 (m460dll)  coins/stars 13/0c 10/0c 10/0c 10/0c  aud 0.26 ms  196.7 fps
port> status f12000   w01dll       board 0 turn 1/1  mg 460 (m460dll)  coins/stars 13/0c 10/0c 10/0c 10/0c  aud 0.32 ms  194.3 fps
port> status f12060   w01dll       board 0 turn 1/1  mg 460 (m460dll)  coins/stars 13/0c 10/0c 10/0c 10/0c  aud 0.27 ms  215.7 fps
port> status f12120   w01dll       board 0 turn 1/1  mg 460 (m460dll)  coins/stars 13/0c 10/0c 10/0c 10/0c  aud 0.27 ms  215.7 fps
port> status f12180   w01dll       board 0 turn 1/1  mg 460 (m460dll)  coins/stars 13/0c 10/0c 10/0c 10/0c  aud 0.25 ms  212.0 fps
port> status f12240   w01dll       board 0 turn 1/1  mg 460 (m460dll)  coins/stars 13/0c 10/0c 10/0c 10/0c  aud 0.24 ms  211.8 fps
port> status f12300   w01dll       board 0 turn 1/1  mg 460 (m460dll)  coins/stars 13/0c 10/0c 10/0c 10/0c  aud 0.27 ms  200.1 fps
port> status f12360   w01dll       board 0 turn 1/1  mg 460 (m460dll)  coins/stars 13/0c 10/0c 10/0c 10/0c  aud 0.30 ms  190.7 fps
port> status f12420   w01dll       board 0 turn 1/1  mg 460 (m460dll)  coins/stars 13/0c 10/0c 10/0c 10/0c  aud 0.23 ms  203.0 fps
port> status f12480   w01dll       board 0 turn 1/1  mg 460 (m460dll)  coins/stars 13/0c 10/0c 10/0c 10/0c  aud 0.35 ms  185.4 fps
port> status f12540   w01dll       board 0 turn 1/1  mg 460 (m460dll)  coins/stars 13/0c 10/0c 10/0c 10/0c  aud 0.37 ms  186.9 fps
port> status f12600   w01dll       board 0 turn 1/1  mg 460 (m460dll)  coins/stars 13/0c 10/0c 10/0c 10/0c  aud 0.26 ms  188.8 fps
port> status f12660   w01dll       board 0 turn 1/1  mg 460 (m460dll)  coins/stars 13/0c 10/0c 10/0c 10/0c  aud 0.30 ms  196.7 fps
port> status f12720   w01dll       board 0 turn 1/1  mg 460 (m460dll)  coins/stars 13/0c 10/0c 10/0c 10/0c  aud 0.27 ms  198.1 fps
port> status f12780   w01dll       board 0 turn 1/1  mg 460 (m460dll)  coins/stars 13/0c 10/0c 10/0c 10/0c  aud 0.27 ms  195.8 fps
port> status f12840   w01dll       board 0 turn 1/1  mg 460 (m460dll)  coins/stars 13/0c 10/0c 10/0c 10/0c  aud 0.29 ms  199.0 fps
port> status f12900   w01dll       board 0 turn 1/1  mg 460 (m460dll)  coins/stars 13/0c 10/0c 10/0c 10/0c  aud 0.27 ms  194.7 fps
port> status f12960   w01dll       board 0 turn 1/1  mg 460 (m460dll)  coins/stars 13/0c 10/0c 10/0c 10/0c  aud 0.26 ms  195.8 fps
port> status f13020   w01dll       board 0 turn 1/1  mg 460 (m460dll)  coins/stars 13/0c 10/0c 10/0c 10/0c  aud 0.27 ms  189.0 fps
port> status f13080   w01dll       board 0 turn 1/1  mg 460 (m460dll)  coins/stars 13/0c 10/0c 10/0c 10/0c  aud 0.31 ms  189.7 fps
port> status f13140   w01dll       board 0 turn 1/1  mg 460 (m460dll)  coins/stars 13/0c 10/0c 10/0c 10/0c  aud 0.21 ms  196.4 fps
port> status f13200   w01dll       board 0 turn 1/1  mg 460 (m460dll)  coins/stars 13/0c 10/0c 10/0c 10/0c  aud 0.19 ms  211.3 fps
port> status f13260   w01dll       board 0 turn 1/1  mg 460 (m460dll)  coins/stars 13/0c 10/0c 10/0c 10/0c  aud 0.26 ms  204.7 fps
port> status f13320   w01dll       board 0 turn 1/1  mg 460 (m460dll)  coins/stars 13/0c 10/0c 10/0c 10/0c  aud 0.31 ms  203.1 fps
port> status f13380   w01dll       board 0 turn 1/1  mg 460 (m460dll)  coins/stars 13/0c 10/0c 10/0c 10/0c  aud 0.28 ms  207.4 fps
port> status f13440   w01dll       board 0 turn 1/1  mg 460 (m460dll)  coins/stars 13/0c 10/0c 10/0c 10/0c  aud 0.30 ms  182.3 fps
port> status f13500   w01dll       board 0 turn 1/1  mg 460 (m460dll)  coins/stars 13/0c 10/0c 10/0c 13/0c  aud 0.31 ms  195.9 fps
port> status f13560   w01dll       board 0 turn 1/1  mg 460 (m460dll)  coins/stars 13/0c 10/0c 10/0c 13/0c  aud 0.24 ms  190.0 fps
port> status f13620   w01dll       board 0 turn 1/1  mg 460 (m460dll)  coins/stars 13/0c 10/0c 10/0c 13/0c  aud 0.26 ms  197.5 fps
port> status f13680   w01dll       board 0 turn 1/1  mg 460 (m460dll)  coins/stars 13/0c 10/0c 10/0c 13/0c  aud 0.27 ms  178.2 fps
port> status f13740   w01dll       board 0 turn 1/1  mg 460 (m460dll)  coins/stars 13/0c 10/0c 10/0c 13/0c  aud 0.35 ms  186.9 fps
port> status f13800   w01dll       board 0 turn 1/1  mg 460 (m460dll)  coins/stars 13/0c 10/0c 10/0c 13/0c  aud 0.34 ms  172.1 fps
port> status f13860   w01dll       board 0 turn 1/1  mg 460 (m460dll)  coins/stars 13/0c 10/0c 10/0c 13/0c  aud 0.35 ms  187.7 fps
port> status f13920   w01dll       board 0 turn 1/1  mg 460 (m460dll)  coins/stars 13/0c 10/0c 10/0c 13/0c  aud 0.29 ms  193.9 fps
port> loader: roulette dealt mg 422 (m422dll) at frame 13953 -- prefetching its module and data
port> status f13980   w01dll       board 0 turn 1/1  mg 460 (m460dll)  coins/stars 13/0c 10/0c 10/0c 13/0c  aud 0.26 ms  202.4 fps
port> ffto: reached frame 14000 in 57.0 s (13997 frames, 245.4 fps, drawing back on at frame 13999)
port> stall: frame 13998 took 107 ms (game 5 gx 0 present 101 aud 0) tex: 0 decoded (0 KB -> 0 KB) dec 0 up 0 hash 0 ms, 0 re-keyed; staged 0 (0 ms saved) claimed 0 unstaged 0; frees 0, dll 0 ms
port> lazy flush: off; premerge: off (max 0 vertices an object) -- both measured and off by default, PLAN.md 37
port> matrix palette: off (opt-in: --palette; PLAN.md 33.2)
port> stall: frame 13999 took 370 ms (game 16 gx 353 present 1 aud 0) tex: 125 decoded (968 KB -> 5716 KB) dec 70 up 47 hash 4 ms, 0 re-keyed; staged 0 (0 ms saved) claimed 0 unstaged 0; frees 0, dll 0 ms
port> status f14040   w01dll       board 0 turn 1/1  mg 460 (m460dll)  coins/stars 13/0c 10/0c 10/0c 13/0c  aud 0.30 ms  speed 66%  6.6 fps presented  tex 126/9453 KB  rss 204 MB  res 112/256 MB  cpu 2  rt 15.6 ms dec 5.1+0.0  machine ok  ur 20
port> status f14100   w01dll       board 0 turn 1/1  mg 460 (m460dll)  coins/stars 13/0c 10/0c 10/0c 13/0c  aud 0.31 ms  speed 110%  29.7 fps presented  tex 126/9453 KB  rss 204 MB  res 112/256 MB  cpu 2  rt 16.2 ms dec 4.9+0.0  machine ok  ur 20
port> dvdheap: 1529578 bytes mode 0 num 0  caller 0xf224  caller2 0x70f78
Rest Memory 40a8e0
port> roulette: frame 14140 dealt mg 422 (m422dll, type 1)  -- overridden by --minigame
objman>Call New Ovl 3(1)
OvlKill 1
objdll>omDLLNumEnd 89 1
Search:dll/w01dll.rel
+++++++++++ Find0: dll/w01dll.rel
objdll>omDLLEnd 0 1
objdll>End DLL:dll/w01dll.rel
odjdll>Unlink DLL:dll/w01dll.rel
objdll>Unlink DLL epilog
objdll>Unlink DLL epilog finish
objdll>End DLL finish
port> frame 14135: overlay -1 (next 3) event 0
objman>Destory ObjMan
++++++++++++++++++++ Start New OVL 3 (EVT:0 STAT:0x00000000) ++++++++++++++++++
======== HuMem heap dump 03b9c018 ========
MCB-----+Size----+MG+FL+Prev----+Next----+UNum----+Body----+Call----
03b9c018 0000a020 a5 01 03c8f178 03ba6038 ffffff00 03b9c038 000088c4
03ba6038 000041c0 a5 01 03b9c018 03baa1f8 ffffff00 03ba6058 0003c558
03baa1f8 00016c80 cd 00 03ba6038 03bc0e78 ffffff00 03baa218 0003ce8c
03bc0e78 00000260 a5 01 03baa1f8 03bc10d8 ffffff00 03bc0e98 000090d8
03bc10d8 00000260 a5 01 03bc0e78 03bc1338 ffffff00 03bc10f8 000090d8
03bc1338 000002c0 a5 01 03bc10d8 03bc15f8 ffffff00 03bc1358 000090d8
03bc15f8 00000240 cd 00 03bc1338 03bc1838 10000000 03bc1618 0007dd34
03bc1838 00000100 a5 01 03bc15f8 03bc1938 ffffff00 03bc1858 000375dc
03bc1938 00000400 a5 01 03bc1838 03bc1d38 ffffff00 03bc1958 0003762c
03bc1d38 00000400 a5 01 03bc1938 03bc2138 ffffff00 03bc1d58 00037678
03bc2138 00000060 a5 01 03bc1d38 03bc2198 ffffff00 03bc2158 000376c4
03bc2198 00000040 a5 01 03bc2138 03bc21d8 ffffff00 03bc21b8 00037710
03bc21d8 000befc0 cd 00 03bc2198 03c81198 ffffff00 03bc21f8 0003ce8c
03c81198 00002100 a5 01 03bc21d8 03c83298 ffffff00 03c811b8 000090d8
03c83298 00000f80 a5 01 03c81198 03c84218 ffffff00 03c832b8 000090d8
03c84218 000041c0 a5 01 03c83298 03c883d8 ffffff00 03c84238 000090d8
03c883d8 000041c0 a5 01 03c84218 03c8c598 ffffff00 03c883f8 000090d8
03c8c598 00002be0 a5 01 03c883d8 03c8f178 ffffff00 03c8c5b8 000090d8
03c8f178 0014cea0 cd 00 03c8c598 03b9c018 ffffff00 03c8f198 0003ce8c
MCB:19(15/4) MEM:00240000(0001d2e0/00222d20)
======== HuMem heap dump 03b9c018 end =====
======== HuMem heap dump 03f1c030 ========
MCB-----+Size----+MG+FL+Prev----+Next----+UNum----+Body----+Call----
03f1c030 00a80000 cd 00 03f1c030 03f1c030 10000000 03f1c050 00028070
MCB:1(0/1) MEM:00a80000(00000000/00a80000)
======== HuMem heap dump 03f1c030 end =====
======== HuMem heap dump 0499c03c ========
MCB-----+Size----+MG+FL+Prev----+Next----+UNum----+Body----+Call----
0499c03c 00175720 a5 01 04b1175c 04b1175c ffffff00 0499c05c 00010b1c
04b1175c 0040a8e0 cd 00 0499c03c 0499c03c bdbe92cf 04b1177c 00010b1c
MCB:2(1/1) MEM:00580000(00175720/0040a8e0)
======== HuMem heap dump 0499c03c end =====
objman>Used Memory Size:0001d2e0
objman>Used Memory Cnt:15
objman>Init esp
objman>Call objectsetup
DLLStart 3 0
Search:dll/instdll.rel
objdll>Link DLL:dll/instdll.rel
Rest Memory 40a8e0
===== DLL Module Info dump ====
                   ID:0x00000001
             LinkPrev:0x00000000
             LinkNext:0x00000000
          Section num:15
Section info tbl ofst:0x00000048
           nameOffset:0x00000000
             nameSize:47
              version:0x00000002
===============================
==== DLL Module Header dump ====
          bss Size:0x00000064
        rel Offset:0x00006aa8
        imp Offset:0x0000ad98
    prolog Section:1
    epilog Section:1
unresolved Section:0
       prolog func:0x00000000
       epilog func:0x00000054
   unresolved func:0x00000000
================================
objdll>LinkOK 03baa578 30200000
objdll> dll/instdll.rel prolog start
******* INST ObjectSetup *********
objman>InitObjMan start
objman>InitObjMan end
0
GroupSet 75
***********GroupSet Error 0
Rest Memory 3c3e80
objdll> dll/instdll.rel prolog end
objman>ObjectSetup end
port> frame 14136: overlay 3 (next -1) event 0
DLL DBG OUT
data num 890000
Rest Memory 3a9d80
ARAM data num 120006
data num 190000
Rest Memory 3b2000
data num 6c0000
Rest Memory 392340
data num 5e0000
Rest Memory 3ad3c0
port> stall: frame 14137 took 289 ms (game 128 gx 160 present 1 aud 0) tex: 48 decoded (853 KB -> 3647 KB) dec 61 up 21 hash 4 ms, 3 re-keyed; staged 0 (0 ms saved) claimed 0 unstaged 0; frees 38, dll 0 ms
port> status f14160   instdll      board 0 turn 1/1  mg 460 (m460dll)  coins/stars 13/0c 10/0c 10/0c 13/0c  aud 0.21 ms  speed 92%  22.0 fps presented  tex 178/15416 KB  rss 210 MB  res 112/256 MB  cpu 2  rt 10.9 ms dec 4.4+0.0  machine ok  ur 20
port> status f14220   instdll      board 0 turn 1/1  mg 460 (m460dll)  coins/stars 13/0c 10/0c 10/0c 13/0c  aud 0.21 ms  speed 110%  30.7 fps presented  tex 178/15416 KB  rss 211 MB  res 112/256 MB  cpu 2  rt 6.1 ms dec 3.9+0.0  machine ok  ur 20
port> status f14280   instdll      board 0 turn 1/1  mg 460 (m460dll)  coins/stars 13/0c 10/0c 10/0c 13/0c  aud 0.28 ms  speed 100%  29.0 fps presented  tex 183/16456 KB  rss 213 MB  res 112/256 MB  cpu 2  rt 9.0 ms dec 4.1+0.0  machine ok  ur 20
Rest Memory 4d4fa0
port> status f14340   instdll      board 0 turn 1/1  mg 460 (m460dll)  coins/stars 13/0c 10/0c 10/0c 13/0c  aud 0.27 ms  speed 100%  30.0 fps presented  tex 184/16460 KB  rss 213 MB  res 112/256 MB  cpu 2  rt 7.8 ms dec 4.2+0.0  machine ok  ur 20
port> status f14400   instdll      board 0 turn 1/1  mg 460 (m460dll)  coins/stars 13/0c 10/0c 10/0c 13/0c  aud 0.33 ms  speed 100%  30.0 fps presented  tex 184/16460 KB  rss 213 MB  res 112/256 MB  cpu 2  rt 6.1 ms dec 4.0+0.0  machine ok  ur 20
port> status f14460   instdll      board 0 turn 1/1  mg 460 (m460dll)  coins/stars 13/0c 10/0c 10/0c 13/0c  aud 0.31 ms  speed 100%  30.0 fps presented  tex 184/16460 KB  rss 213 MB  res 112/256 MB  cpu 2  rt 6.2 ms dec 4.0+0.0  machine ok  ur 20
objman>Call New Ovl 66(1)
OvlKill 1
objdll>omDLLNumEnd 3 1
Search:dll/instdll.rel
+++++++++++ Find0: dll/instdll.rel
objdll>omDLLEnd 0 1
objdll>End DLL:dll/instdll.rel
odjdll>Unlink DLL:dll/instdll.rel
objdll>Unlink DLL epilog
objdll>Unlink DLL epilog finish
objdll>End DLL finish
port> frame 14470: overlay -1 (next 66) event 0
objman>Destory ObjMan
++++++++++++++++++++ Start New OVL 66 (EVT:0 STAT:0x00000000) ++++++++++++++++++
======== HuMem heap dump 03b9c018 ========
MCB-----+Size----+MG+FL+Prev----+Next----+UNum----+Body----+Call----
03b9c018 0000a020 a5 01 03c8f178 03ba6038 ffffff00 03b9c038 000088c4
03ba6038 000041c0 a5 01 03b9c018 03baa1f8 ffffff00 03ba6058 0003c558
03baa1f8 00016c80 cd 00 03ba6038 03bc0e78 ffffff00 03baa218 0003ce8c
03bc0e78 00000260 a5 01 03baa1f8 03bc10d8 ffffff00 03bc0e98 000090d8
03bc10d8 00000260 a5 01 03bc0e78 03bc1338 ffffff00 03bc10f8 000090d8
03bc1338 000002c0 a5 01 03bc10d8 03bc15f8 ffffff00 03bc1358 000090d8
03bc15f8 00000240 cd 00 03bc1338 03bc1838 10000000 03bc1618 0004465c
03bc1838 00000100 a5 01 03bc15f8 03bc1938 ffffff00 03bc1858 000375dc
03bc1938 00000400 a5 01 03bc1838 03bc1d38 ffffff00 03bc1958 0003762c
03bc1d38 00000400 a5 01 03bc1938 03bc2138 ffffff00 03bc1d58 00037678
03bc2138 00000060 a5 01 03bc1d38 03bc2198 ffffff00 03bc2158 000376c4
03bc2198 00000040 a5 01 03bc2138 03bc21d8 ffffff00 03bc21b8 00037710
03bc21d8 000befc0 cd 00 03bc2198 03c81198 ffffff00 03bc21f8 0003ce8c
03c81198 00002100 a5 01 03bc21d8 03c83298 ffffff00 03c811b8 000090d8
03c83298 00000f80 a5 01 03c81198 03c84218 ffffff00 03c832b8 000090d8
03c84218 000041c0 a5 01 03c83298 03c883d8 ffffff00 03c84238 000090d8
03c883d8 000041c0 a5 01 03c84218 03c8c598 ffffff00 03c883f8 000090d8
03c8c598 00002be0 a5 01 03c883d8 03c8f178 ffffff00 03c8c5b8 000090d8
03c8f178 0014cea0 cd 00 03c8c598 03b9c018 ffffff00 03c8f198 00044628
MCB:19(15/4) MEM:00240000(0001d2e0/00222d20)
======== HuMem heap dump 03b9c018 end =====
======== HuMem heap dump 03f1c030 ========
MCB-----+Size----+MG+FL+Prev----+Next----+UNum----+Body----+Call----
03f1c030 00a80000 cd 00 03f1c030 03f1c030 10000000 03f1c050 00039248
MCB:1(0/1) MEM:00a80000(00000000/00a80000)
======== HuMem heap dump 03f1c030 end =====
======== HuMem heap dump 0499c03c ========
MCB-----+Size----+MG+FL+Prev----+Next----+UNum----+Body----+Call----
0499c03c 000ab060 a5 01 04a4709c 04a4709c ffffff00 0499c05c 00010b1c
04a4709c 004d4fa0 cd 00 0499c03c 0499c03c c090bfc0 04a470bc 00010b1c
MCB:2(1/1) MEM:00580000(000ab060/004d4fa0)
======== HuMem heap dump 0499c03c end =====
objman>Used Memory Size:0001d2e0
objman>Used Memory Cnt:15
objman>Init esp
objman>Call objectsetup
SOUND ##########################
##########################
DLLStart 66 0
Search:dll/m460dll.rel
objdll>Link DLL:dll/m460dll.rel
Rest Memory 4d4fa0
===== DLL Module Info dump ====
                   ID:0x00000001
             LinkPrev:0x00000000
             LinkNext:0x00000000
          Section num:15
Section info tbl ofst:0x00000048
           nameOffset:0x00000000
             nameSize:47
              version:0x00000002
===============================
==== DLL Module Header dump ====
          bss Size:0x00000058
        rel Offset:0x00009c14
        imp Offset:0x0000e184
    prolog Section:1
    epilog Section:1
unresolved Section:0
       prolog func:0x00000000
       epilog func:0x00000054
   unresolved func:0x00000000
================================
objdll>LinkOK 03baa578 33f00000
objdll> dll/m460dll.rel prolog start
//////////////////////////////////
sndDist 10000.000000
sndSpeed 566.666687
startDis 0.000000
frontSurDis 300.000000
backSurDis 300.000000
//////////////////////////////////
objman>InitObjMan start
objman>InitObjMan end
objdll> dll/m460dll.rel prolog end
objman>ObjectSetup end
port> frame 14471: overlay 66 (next -1) event 0
port> mgdump: entered minigame m460dll (mg 460) at frame 14477; dumping 14777,15677; the run ends at 16277
DLL DBG OUT
data num 590024
port> dvdheap: 1453842 bytes mode 1 num 10000000  caller 0x10fa8  caller2 0xeb4c
Rest Memory 372060
ARAM data num 610037
data num 5e0000
Rest Memory 314b40
ARAM data num 120006
port> stall: frame 14472 took 150 ms (game 149 gx 0 present 0 aud 0) [consumed] tex: 0 decoded (0 KB -> 0 KB) dec 0 up 0 hash 0 ms, 0 re-keyed; staged 0 (0 ms saved) claimed 0 unstaged 0; frees 23, dll 0 ms
port> status f14520   m460dll      board 0 turn 1/1  mg 460 (m460dll)  coins/stars 13/0c 10/0c 10/0c 13/0c  aud 0.28 ms  speed 100%  24.0 fps presented  tex 212/20564 KB  rss 214 MB  res 112/256 MB  cpu 2  rt 6.4 ms dec 2.4+0.0  machine ok  ur 20
port> status f14580   m460dll      board 0 turn 1/1  mg 460 (m460dll)  coins/stars 13/0c 10/0c 10/0c 13/0c  aud 0.10 ms  speed 100%  30.0 fps presented  tex 212/20564 KB  rss 214 MB  res 112/256 MB  cpu 2  rt 11.5 ms dec 4.3+0.0  machine ok  ur 20
port> status f14640   m460dll      board 0 turn 1/1  mg 460 (m460dll)  coins/stars 13/0c 10/0c 10/0c 13/0c  aud 0.11 ms  speed 100%  30.0 fps presented  tex 218/20660 KB  rss 214 MB  res 112/256 MB  cpu 2  rt 6.8 ms dec 3.0+0.0  machine ok  ur 20
port> status f14700   m460dll      board 0 turn 1/1  mg 460 (m460dll)  coins/stars 13/0c 10/0c 10/0c 13/0c  aud 0.17 ms  speed 100%  30.0 fps presented  tex 218/20660 KB  rss 214 MB  res 112/256 MB  cpu 2  rt 6.6 ms dec 2.8+0.0  machine ok  ur 20
port> status f14760   m460dll      board 0 turn 1/1  mg 460 (m460dll)  coins/stars 13/0c 10/0c 10/0c 13/0c  aud 0.23 ms  speed 100%  30.0 fps presented  tex 218/20660 KB  rss 214 MB  res 112/256 MB  cpu 2  rt 6.7 ms dec 2.4+0.0  machine ok  ur 20
port> --dumpframe: wrote /Users/zach/fps-board-m48/m460/frame-14777.ppm
port> status f14820   m460dll      board 0 turn 1/1  mg 460 (m460dll)  coins/stars 13/0c 10/0c 10/0c 13/0c  aud 0.20 ms  speed 100%  27.0 fps presented  tex 218/20660 KB  rss 217 MB  res 112/256 MB  cpu 2  rt 7.2 ms dec 2.6+0.0  machine ok  ur 20
port> status f14880   m460dll      board 0 turn 1/1  mg 460 (m460dll)  coins/stars 13/0c 10/0c 10/0c 13/0c  aud 0.26 ms  speed 100%  30.0 fps presented  tex 222/20952 KB  rss 218 MB  res 112/256 MB  cpu 2  rt 9.3 ms dec 5.2+0.0  machine ok  ur 20
port> status f14940   m460dll      board 0 turn 1/1  mg 460 (m460dll)  coins/stars 13/0c 10/0c 10/0c 13/0c  aud 0.24 ms  speed 100%  30.0 fps presented  tex 222/20952 KB  rss 218 MB  res 112/256 MB  cpu 2  rt 9.2 ms dec 5.0+0.0  machine ok  ur 20
port> status f15000   m460dll      board 0 turn 1/1  mg 460 (m460dll)  coins/stars 13/0c 10/0c 10/0c 13/0c  aud 0.18 ms  speed 100%  30.0 fps presented  tex 226/21016 KB  rss 218 MB  res 112/256 MB  cpu 2  rt 9.8 ms dec 4.7+0.0  machine ok  ur 20
port> status f15060   m460dll      board 0 turn 1/1  mg 460 (m460dll)  coins/stars 13/0c 10/0c 10/0c 13/0c  aud 0.11 ms  speed 100%  30.0 fps presented  tex 226/21016 KB  rss 218 MB  res 112/256 MB  cpu 2  rt 9.7 ms dec 5.3+0.0  machine ok  ur 20
port> status f15120   m460dll      board 0 turn 1/1  mg 460 (m460dll)  coins/stars 13/0c 10/0c 10/0c 13/0c  aud 0.08 ms  speed 100%  30.0 fps presented  tex 226/21016 KB  rss 218 MB  res 112/256 MB  cpu 2  rt 9.2 ms dec 4.8+0.0  machine ok  ur 20
port> status f15180   m460dll      board 0 turn 1/1  mg 460 (m460dll)  coins/stars 13/0c 10/0c 10/0c 13/0c  aud 0.09 ms  speed 100%  30.0 fps presented  tex 226/21016 KB  rss 218 MB  res 112/256 MB  cpu 2  rt 9.2 ms dec 5.1+0.0  machine ok  ur 20
port> status f15240   m460dll      board 0 turn 1/1  mg 460 (m460dll)  coins/stars 13/0c 10/0c 10/0c 13/0c  aud 0.09 ms  speed 100%  30.0 fps presented  tex 226/21016 KB  rss 218 MB  res 112/256 MB  cpu 2  rt 9.6 ms dec 5.2+0.0  machine ok  ur 20
port> status f15300   m460dll      board 0 turn 1/1  mg 460 (m460dll)  coins/stars 13/0c 10/0c 10/0c 13/0c  aud 0.09 ms  speed 100%  30.0 fps presented  tex 226/21016 KB  rss 218 MB  res 112/256 MB  cpu 2  rt 10.2 ms dec 5.1+0.0  machine ok  ur 20
port> status f15360   m460dll      board 0 turn 1/1  mg 460 (m460dll)  coins/stars 13/0c 10/0c 10/0c 13/0c  aud 0.12 ms  speed 100%  30.0 fps presented  tex 226/21016 KB  rss 218 MB  res 112/256 MB  cpu 2  rt 9.1 ms dec 5.4+0.0  machine ok  ur 20
objman>Ovl Return 1=4(1)
OvlKill 1
objdll>omDLLNumEnd 66 1
Search:dll/m460dll.rel
+++++++++++ Find0: dll/m460dll.rel
objdll>omDLLEnd 0 1
objdll>End DLL:dll/m460dll.rel
odjdll>Unlink DLL:dll/m460dll.rel
objdll>Unlink DLL epilog
objdll>Unlink DLL epilog finish
objdll>End DLL finish
port> frame 15374: overlay -1 (next 84) event 0
port> mgdump: left minigame m460dll at frame 15380 (entry +903)
port> mgdump: results frame 15420 added
objman>Destory ObjMan
++++++++++++++++++++ Start New OVL 84 (EVT:0 STAT:0x00000000) ++++++++++++++++++
======== HuMem heap dump 03b9c018 ========
MCB-----+Size----+MG+FL+Prev----+Next----+UNum----+Body----+Call----
03b9c018 0000a020 a5 01 03c8f178 03ba6038 ffffff00 03b9c038 000088c4
03ba6038 000041c0 a5 01 03b9c018 03baa1f8 ffffff00 03ba6058 0003c558
03baa1f8 00016c80 cd 00 03ba6038 03bc0e78 ffffff00 03baa218 0003ce8c
03bc0e78 00000260 a5 01 03baa1f8 03bc10d8 ffffff00 03bc0e98 000090d8
03bc10d8 00000260 a5 01 03bc0e78 03bc1338 ffffff00 03bc10f8 000090d8
03bc1338 000002c0 a5 01 03bc10d8 03bc15f8 ffffff00 03bc1358 000090d8
03bc15f8 00000240 cd 00 03bc1338 03bc1838 10000000 03bc1618 00039228
03bc1838 00000100 a5 01 03bc15f8 03bc1938 ffffff00 03bc1858 000375dc
03bc1938 00000400 a5 01 03bc1838 03bc1d38 ffffff00 03bc1958 0003762c
03bc1d38 00000400 a5 01 03bc1938 03bc2138 ffffff00 03bc1d58 00037678
03bc2138 00000060 a5 01 03bc1d38 03bc2198 ffffff00 03bc2158 000376c4
03bc2198 00000040 a5 01 03bc2138 03bc21d8 ffffff00 03bc21b8 00037710
03bc21d8 000befc0 cd 00 03bc2198 03c81198 10000000 03bc21f8 0003ce8c
03c81198 00002100 a5 01 03bc21d8 03c83298 ffffff00 03c811b8 000090d8
03c83298 00000f80 a5 01 03c81198 03c84218 ffffff00 03c832b8 000090d8
03c84218 000041c0 a5 01 03c83298 03c883d8 ffffff00 03c84238 000090d8
03c883d8 000041c0 a5 01 03c84218 03c8c598 ffffff00 03c883f8 000090d8
03c8c598 00002be0 a5 01 03c883d8 03c8f178 ffffff00 03c8c5b8 000090d8
03c8f178 0014cea0 cd 00 03c8c598 03b9c018 ffffff00 03c8f198 00044628
MCB:19(15/4) MEM:00240000(0001d2e0/00222d20)
======== HuMem heap dump 03b9c018 end =====
======== HuMem heap dump 03f1c030 ========
MCB-----+Size----+MG+FL+Prev----+Next----+UNum----+Body----+Call----
03f1c030 00a80000 cd 00 03f1c030 03f1c030 ffffff00 03f1c050 00025c44
MCB:1(0/1) MEM:00a80000(00000000/00a80000)
======== HuMem heap dump 03f1c030 end =====
======== HuMem heap dump 0499c03c ========
MCB-----+Size----+MG+FL+Prev----+Next----+UNum----+Body----+Call----
0499c03c 000ab060 a5 01 04a4709c 04a4709c ffffff00 0499c05c 00010b1c
04a4709c 004d4fa0 cd 00 0499c03c 0499c03c 10000000 04a470bc 0000ff14
MCB:2(1/1) MEM:00580000(000ab060/004d4fa0)
======== HuMem heap dump 0499c03c end =====
objman>Used Memory Size:0001d2e0
objman>Used Memory Cnt:15
objman>Init esp
objman>Call objectsetup
DLLStart 84 0
Search:dll/resultdll.rel
objdll>Link DLL:dll/resultdll.rel
Rest Memory 4d4fa0
===== DLL Module Info dump ====
                   ID:0x00000001
             LinkPrev:0x00000000
             LinkNext:0x00000000
          Section num:14
Section info tbl ofst:0x00000048
           nameOffset:0x00000000
             nameSize:51
              version:0x00000002
===============================
==== DLL Module Header dump ====
          bss Size:0x00001adc
        rel Offset:0x0000a038
        imp Offset:0x0000fa50
    prolog Section:1
    epilog Section:1
unresolved Section:0
       prolog func:0x00000000
       epilog func:0x00000054
   unresolved func:0x00000000
================================
objdll>LinkOK 03baa578 35100000
objdll> dll/resultdll.rel prolog start
******* RESULT ObjectSetup *********
objman>InitObjMan start
objman>InitObjMan end
Rest Memory 5395a0
objdll> dll/resultdll.rel prolog end
objman>ObjectSetup end
port> frame 15375: overlay 84 (next -1) event 0
DLL DBG OUT
data num 6f0000
Rest Memory 498d80
data.c: Data Number Error(1036831949)
ARAM data num 70000
port> dvdheap: 1438648 bytes mode 0 num 0  caller 0xf224  caller2 0x35101590
Rest Memory 420c20
port> status f15420   resultdll    board 0 turn 1/1  mg 460 (m460dll)  coins/stars 13/0c 10/0c 10/0c 13/0c  aud 0.10 ms  speed 100%  28.0 fps presented  tex 261/23654 KB  rss 221 MB  res 112/256 MB  cpu 2  rt 2.5 ms dec 0.3+0.0  machine ok  ur 20
port> --dumpframe: wrote /Users/zach/fps-board-m48/m460/frame-15420.ppm
port> status f15480   resultdll    board 0 turn 1/1  mg 460 (m460dll)  coins/stars 13/0c 10/0c 10/0c 13/0c  aud 0.18 ms  speed 100%  30.0 fps presented  tex 262/23658 KB  rss 221 MB  res 112/256 MB  cpu 2  rt 2.4 ms dec 0.3+0.0  machine ok  ur 20
port> status f15540   resultdll    board 0 turn 1/1  mg 460 (m460dll)  coins/stars 13/0c 10/0c 10/0c 13/0c  aud 0.17 ms  speed 100%  30.0 fps presented  tex 262/23658 KB  rss 221 MB  res 112/256 MB  cpu 2  rt 2.8 ms dec 0.3+0.0  machine ok  ur 20
port> status f15600   resultdll    board 0 turn 1/1  mg 460 (m460dll)  coins/stars 13/0c 10/0c 10/0c 13/0c  aud 0.20 ms  speed 100%  30.0 fps presented  tex 262/23658 KB  rss 221 MB  res 112/256 MB  cpu 2  rt 2.2 ms dec 0.3+0.0  machine ok  ur 20
ARAM data num 860020
port> status f15660   resultdll    board 0 turn 1/1  mg 460 (m460dll)  coins/stars 13/0c 10/0c 10/0c 13/0c  aud 0.12 ms  speed 100%  29.0 fps presented  tex 263/25706 KB  rss 223 MB  res 112/256 MB  cpu 2  rt 0.9 ms dec 0.0+0.0  machine ok  ur 20
port> --dumpframe: wrote /Users/zach/fps-board-m48/m460/frame-15677.ppm
port> status f15720   resultdll    board 0 turn 1/1  mg 460 (m460dll)  coins/stars 13/0c 10/0c 10/0c 13/0c  aud 0.01 ms  speed 100%  29.0 fps presented  tex 263/25706 KB  rss 223 MB  res 112/256 MB  cpu 2  rt 0.5 ms dec 0.0+0.0  machine ok  ur 20
port> status f15780   resultdll    board 0 turn 1/1  mg 460 (m460dll)  coins/stars 13/0c 10/0c 10/0c 13/0c  aud 0.01 ms  speed 100%  30.0 fps presented  tex 263/25706 KB  rss 223 MB  res 112/256 MB  cpu 2  rt 0.3 ms dec 0.0+0.0  machine ok  ur 20
objman>Ovl Return 1=3(1)
OvlKill 1
objdll>omDLLNumEnd 84 1
Search:dll/resultdll.rel
+++++++++++ Find0: dll/resultdll.rel
objdll>omDLLEnd 0 1
objdll>End DLL:dll/resultdll.rel
odjdll>Unlink DLL:dll/resultdll.rel
objdll>Unlink DLL epilog
objdll>Unlink DLL epilog finish
objdll>End DLL finish
port> frame 15781: overlay -1 (next 89) event 0
objman>Destory ObjMan
++++++++++++++++++++ Start New OVL 89 (EVT:0 STAT:0x00000000) ++++++++++++++++++
======== HuMem heap dump 03b9c018 ========
MCB-----+Size----+MG+FL+Prev----+Next----+UNum----+Body----+Call----
03b9c018 0000a020 a5 01 03c8f178 03ba6038 ffffff00 03b9c038 000088c4
03ba6038 000041c0 a5 01 03b9c018 03baa1f8 ffffff00 03ba6058 0003c558
03baa1f8 00016c80 cd 00 03ba6038 03bc0e78 ffffff00 03baa218 0003ce8c
03bc0e78 00000260 a5 01 03baa1f8 03bc10d8 ffffff00 03bc0e98 000090d8
03bc10d8 00000260 a5 01 03bc0e78 03bc1338 ffffff00 03bc10f8 000090d8
03bc1338 000002c0 a5 01 03bc10d8 03bc15f8 ffffff00 03bc1358 000090d8
03bc15f8 00000240 cd 00 03bc1338 03bc1838 10000000 03bc1618 00039228
03bc1838 00000100 a5 01 03bc15f8 03bc1938 ffffff00 03bc1858 000375dc
03bc1938 00000400 a5 01 03bc1838 03bc1d38 ffffff00 03bc1958 0003762c
03bc1d38 00000400 a5 01 03bc1938 03bc2138 ffffff00 03bc1d58 00037678
03bc2138 00000060 a5 01 03bc1d38 03bc2198 ffffff00 03bc2158 000376c4
03bc2198 00000040 a5 01 03bc2138 03bc21d8 ffffff00 03bc21b8 00037710
03bc21d8 000befc0 cd 00 03bc2198 03c81198 ffffff00 03bc21f8 0003ce8c
03c81198 00002100 a5 01 03bc21d8 03c83298 ffffff00 03c811b8 000090d8
03c83298 00000f80 a5 01 03c81198 03c84218 ffffff00 03c832b8 000090d8
03c84218 000041c0 a5 01 03c83298 03c883d8 ffffff00 03c84238 000090d8
03c883d8 000041c0 a5 01 03c84218 03c8c598 ffffff00 03c883f8 000090d8
03c8c598 00002be0 a5 01 03c883d8 03c8f178 ffffff00 03c8c5b8 000090d8
03c8f178 0014cea0 cd 00 03c8c598 03b9c018 ffffff00 03c8f198 00044628
MCB:19(15/4) MEM:00240000(0001d2e0/00222d20)
======== HuMem heap dump 03b9c018 end =====
======== HuMem heap dump 03f1c030 ========
MCB-----+Size----+MG+FL+Prev----+Next----+UNum----+Body----+Call----
03f1c030 00a80000 cd 00 03f1c030 03f1c030 10000000 03f1c050 00039248
MCB:1(0/1) MEM:00a80000(00000000/00a80000)
======== HuMem heap dump 03f1c030 end =====
======== HuMem heap dump 0499c03c ========
MCB-----+Size----+MG+FL+Prev----+Next----+UNum----+Body----+Call----
0499c03c 0015f3e0 a5 01 04afb41c 04afb41c ffffff00 0499c05c 00010b1c
04afb41c 00420c20 cd 00 0499c03c 0499c03c 10000000 04afb43c 0000ff14
MCB:2(1/1) MEM:00580000(0015f3e0/00420c20)
======== HuMem heap dump 0499c03c end =====
objman>Used Memory Size:0001d2e0
objman>Used Memory Cnt:15
objman>Init esp
objman>Call objectsetup
SOUND ##########################
0
GroupSet 9
***********GroupSet Error 0
##########################
DLLStart 89 0
Search:dll/w01dll.rel
objdll>Link DLL:dll/w01dll.rel
Rest Memory 420c20
port> w01dll: dlclose did not unload it; zeroed 2186 bytes of bss by hand
===== DLL Module Info dump ====
                   ID:0x00000001
             LinkPrev:0x00000000
             LinkNext:0x00000000
          Section num:16
Section info tbl ofst:0x00000048
           nameOffset:0x00000000
             nameSize:45
              version:0x00000002
===============================
==== DLL Module Header dump ====
          bss Size:0x0000081c
        rel Offset:0x00012e34
        imp Offset:0x0001f174
    prolog Section:1
    epilog Section:1
unresolved Section:0
       prolog func:0x00000030
       epilog func:0x00000094
   unresolved func:0x00000000
================================
objdll>LinkOK 03bc21f8 35600000
objdll> dll/w01dll.rel prolog start
objman>InitObjMan start
objman>InitObjMan end
objdll> dll/w01dll.rel prolog end
objman>ObjectSetup end
port> frame 15782: overlay 89 (next -1) event 0
DLL DBG OUT
objman>Ovl Return 1=2(1)
OvlKill 1
objdll>omDLLNumEnd 89 1
Search:dll/w01dll.rel
+++++++++++ Find0: dll/w01dll.rel
objdll>omDLLEnd 0 1
objdll>End DLL:dll/w01dll.rel
odjdll>Unlink DLL:dll/w01dll.rel
objdll>Unlink DLL epilog
objdll>Unlink DLL epilog finish
objdll>End DLL finish
port> frame 15785: overlay -1 (next 78) event 0
objman>Destory ObjMan
++++++++++++++++++++ Start New OVL 78 (EVT:0 STAT:0x00000000) ++++++++++++++++++
======== HuMem heap dump 03b9c018 ========
MCB-----+Size----+MG+FL+Prev----+Next----+UNum----+Body----+Call----
03b9c018 0000a020 a5 01 03c8f178 03ba6038 ffffff00 03b9c038 000088c4
03ba6038 000041c0 a5 01 03b9c018 03baa1f8 ffffff00 03ba6058 0003c558
03baa1f8 00016c80 cd 00 03ba6038 03bc0e78 ffffff00 03baa218 0003ce8c
03bc0e78 00000260 a5 01 03baa1f8 03bc10d8 ffffff00 03bc0e98 000090d8
03bc10d8 00000260 a5 01 03bc0e78 03bc1338 ffffff00 03bc10f8 000090d8
03bc1338 000002c0 a5 01 03bc10d8 03bc15f8 ffffff00 03bc1358 000090d8
03bc15f8 00000240 cd 00 03bc1338 03bc1838 10000000 03bc1618 00039228
03bc1838 00000100 a5 01 03bc15f8 03bc1938 ffffff00 03bc1858 000375dc
03bc1938 00000400 a5 01 03bc1838 03bc1d38 ffffff00 03bc1958 0003762c
03bc1d38 00000400 a5 01 03bc1938 03bc2138 ffffff00 03bc1d58 00037678
03bc2138 00000060 a5 01 03bc1d38 03bc2198 ffffff00 03bc2158 000376c4
03bc2198 00000040 a5 01 03bc2138 03bc21d8 ffffff00 03bc21b8 00037710
03bc21d8 000befc0 cd 00 03bc2198 03c81198 ffffff00 03bc21f8 000386a0
03c81198 00002100 a5 01 03bc21d8 03c83298 ffffff00 03c811b8 000090d8
03c83298 00000f80 a5 01 03c81198 03c84218 ffffff00 03c832b8 000090d8
03c84218 000041c0 a5 01 03c83298 03c883d8 ffffff00 03c84238 000090d8
03c883d8 000041c0 a5 01 03c84218 03c8c598 ffffff00 03c883f8 000090d8
03c8c598 00002be0 a5 01 03c883d8 03c8f178 ffffff00 03c8c5b8 000090d8
03c8f178 0014cea0 cd 00 03c8c598 03b9c018 ffffff00 03c8f198 00044628
MCB:19(15/4) MEM:00240000(0001d2e0/00222d20)
======== HuMem heap dump 03b9c018 end =====
======== HuMem heap dump 03f1c030 ========
MCB-----+Size----+MG+FL+Prev----+Next----+UNum----+Body----+Call----
03f1c030 00a80000 cd 00 03f1c030 03f1c030 ffffff00 03f1c050 00008120
MCB:1(0/1) MEM:00a80000(00000000/00a80000)
======== HuMem heap dump 03f1c030 end =====
======== HuMem heap dump 0499c03c ========
MCB-----+Size----+MG+FL+Prev----+Next----+UNum----+Body----+Call----
0499c03c 00580000 cd 00 0499c03c 0499c03c ffffff00 0499c05c 0000ff14
MCB:1(0/1) MEM:00580000(00000000/00580000)
======== HuMem heap dump 0499c03c end =====
objman>Used Memory Size:0001d2e0
objman>Used Memory Cnt:15
objman>Init esp
objman>Call objectsetup
SOUND ##########################
0
GroupSet 8
***********GroupSet Error 0
##########################
DLLStart 78 0
Search:dll/mstory3dll.rel
objdll>Link DLL:dll/mstory3dll.rel
Rest Memory 580000
===== DLL Module Info dump ====
                   ID:0x00000001
             LinkPrev:0x00000000
             LinkNext:0x00000000
          Section num:16
Section info tbl ofst:0x00000048
           nameOffset:0x00000000
             nameSize:53
              version:0x00000002
===============================
==== DLL Module Header dump ====
          bss Size:0x00001d50
        rel Offset:0x000202db
        imp Offset:0x0003060b
    prolog Section:1
    epilog Section:1
unresolved Section:0
       prolog func:0x0000036c
       epilog func:0x000003c0
   unresolved func:0x00000000
================================
objdll>LinkOK 03bc21f8 34b00000
objdll> dll/mstory3dll.rel prolog start
objman>InitObjMan start
objman>InitObjMan end
Rest Memory 5395a0
objdll> dll/mstory3dll.rel prolog end
objman>ObjectSetup end
port> frame 15786: overlay 78 (next -1) event 0
DLL DBG OUT
data num 5e0001
Rest Memory 522ae0
ARAM data num 120006
data num 67000c
port> dvdheap: 3592284 bytes mode 1 num 10000000  caller 0x10fa8  caller2 0xeb4c
Rest Memory 1b5a60
data num 6c0001
Rest Memory 13d4c0
data num 190001
Rest Memory e4be0
data num 890001
Rest Memory 84080
port> stall: frame 15787 took 194 ms (game 194 gx 0 present 0 aud 0) [consumed] tex: 0 decoded (0 KB -> 0 KB) dec 0 up 0 hash 0 ms, 0 re-keyed; staged 0 (0 ms saved) claimed 0 unstaged 0; frees 76, dll 0 ms
port> stall: frame 15792 took 128 ms (game 10 gx 116 present 2 aud 0) tex: 32 decoded (612 KB -> 2041 KB) dec 34 up 1 hash 3 ms, 7 re-keyed; staged 0 (0 ms saved) claimed 0 unstaged 0; frees 0, dll 0 ms
port> status f15840   mstory3dll   board 0 turn 1/1  mg 460 (m460dll)  coins/stars 13/0c 10/0c 10/0c 13/0c  aud 0.18 ms  speed 100%  21.0 fps presented  tex 295/27775 KB  rss 227 MB  res 112/256 MB  cpu 2  rt 8.1 ms dec 6.2+0.0  machine ok  ur 20
port> status f15900   mstory3dll   board 0 turn 1/1  mg 460 (m460dll)  coins/stars 13/0c 10/0c 10/0c 13/0c  aud 0.31 ms  speed 100%  30.0 fps presented  tex 295/27775 KB  rss 227 MB  res 112/256 MB  cpu 2  rt 9.0 ms dec 6.4+0.0  machine ok  ur 20
port> status f15960   mstory3dll   board 0 turn 1/1  mg 460 (m460dll)  coins/stars 13/0c 10/0c 10/0c 13/0c  aud 0.30 ms  speed 100%  30.0 fps presented  tex 296/27791 KB  rss 227 MB  res 112/256 MB  cpu 2  rt 9.4 ms dec 7.0+0.0  machine ok  ur 20
port> status f16020   mstory3dll   board 0 turn 1/1  mg 460 (m460dll)  coins/stars 13/0c 10/0c 10/0c 13/0c  aud 0.32 ms  speed 100%  30.0 fps presented  tex 296/27791 KB  rss 227 MB  res 112/256 MB  cpu 2  rt 9.0 ms dec 6.8+0.0  machine ok  ur 20
port> status f16080   mstory3dll   board 0 turn 1/1  mg 460 (m460dll)  coins/stars 13/0c 10/0c 10/0c 13/0c  aud 0.37 ms  speed 100%  30.0 fps presented  tex 296/27791 KB  rss 227 MB  res 112/256 MB  cpu 2  rt 8.7 ms dec 7.1+0.0  machine ok  ur 20
port> status f16140   mstory3dll   board 0 turn 1/1  mg 460 (m460dll)  coins/stars 13/0c 10/0c 10/0c 13/0c  aud 0.32 ms  speed 100%  30.0 fps presented  tex 296/27791 KB  rss 227 MB  res 112/256 MB  cpu 2  rt 9.8 ms dec 7.3+0.0  machine ok  ur 20
port> status f16200   mstory3dll   board 0 turn 1/1  mg 460 (m460dll)  coins/stars 13/0c 10/0c 10/0c 13/0c  aud 0.33 ms  speed 100%  30.0 fps presented  tex 312/27903 KB  rss 228 MB  res 112/256 MB  cpu 2  rt 10.6 ms dec 7.0+0.0  machine ok  ur 20
port> status f16260   mstory3dll   board 0 turn 1/1  mg 460 (m460dll)  coins/stars 13/0c 10/0c 10/0c 13/0c  aud 0.24 ms  speed 100%  30.0 fps presented  tex 320/28172 KB  rss 228 MB  res 112/256 MB  cpu 2  rt 14.2 ms dec 7.0+0.0  machine ok  ur 20

port> --frames 16277 reached: 16277 retraces in 94.69 s wall (game clock 271.55 s)
port> tev: konst collision (two constants in one stage): 0 of 97581 draws carry one, in 0 distinct configs (PLAN.md 31.4)
port> tev: 941 hilite stage emissions folded into the specular colour sum (PLAN.md 36)
port> tev: 2360 unit emissions of the M22 register shapes (the mask/reflect triple, the lerp-by-konst pair; 0 tinted pairs had the tint dropped, 0 drawn tinted with K_c = 1, M23) (PLAN.md 37)
port> tev: 9288 unit emissions through the register rewrite (PLAN.md 31.3), 0 stage emissions still folding a register write to PREV
port> --perfdump: 16276 frames written to /Users/zach/fps-board-m48/m460.csv

---- --perf: 16276 frames ----
  game     mean   3.85  median   4.06  p95   6.02  worst 338.93 ms
  gx       mean   0.35  median   0.07  p95   2.52  worst 352.61 ms
  present  mean   0.04  median   0.00  p95   0.31  worst 101.21 ms
  aud      mean   0.22  median   0.23  p95   0.41  worst   1.49 ms
  frame    mean   4.46  median   4.39  p95   7.78  worst 369.55 ms
  budget   16.68 ms/frame at 59.94 Hz; 107 of 16276 frames over it (0.7%)
  clocks   game 271.54 s vs wall 95.06 s -- ratio 0.350  (keeping up)
  fps      171.2 effective

---- --realtime: 2273 paced retraces ----
  clocks   game 37.92 s vs wall 38.34 s -- speed 98.9%
  present  1090 drawn of 2273 (52.0% skipped), 28.4 presented fps, 18 forced by the skip cap, 3 by --dumpframe
  late     worst 358.5 ms behind the schedule; 0 resync(s) dropping 0.00 s of game time
  rt       2 frame(s) consumed because the render thread was still busy past --rtgate 4 ms

port> MusyX: 54297 frames of 160 samples mixed (271.49 s of audio) over 16273 retraces
port> audio: first sound at retrace 726; Dolphin's own DSP dump of the same boot starts at 10.95 s = retrace ~656
port> musyx_mix: 54297 frames mixed, 11837 voices started, 8358 voices ended, peak |sample| 32768 (near full scale), 0 clamped ARAM reads, 27 max concurrent voices (of 50 allocated)
port> musyx_mix: resampler linear, depop on; 4686 voice(s) cut mid-frame
port> musyx_mix: 765 start(s) refused by start_voice_init (a zero-length one-shot, an envelope done at once, an unreadable sample); the slot's entry cleared on both halves (M25)
port> musyx_mix: --perf: mean 343.5 us/frame, worst 2629.4 us/frame, over 54297 timed frames
port> musyx_mix: split frames: 54297 control halves on the game thread, 54297 value halves (18650 ms), 16289 joins, 0 position mismatches
port> audio: M24 mixer job: 16273 ticks split (162891 steps), 0 ticks fused for a MEM1/vsample voice, 0 poisoned mid-tick, 0 out of pool, 0 jobs run at submit, 26 jobs finished mid-tick (ARAM writes)
port> musyx_aram: samples stored 764 (11612 KB), removed 281, refused 0
port> musyx_aram: region=[0x000000,0x800000) (8388608 bytes) zero_buf=[0x000000,0x000500) initialized=1
port> musyx_aram: sample heap write=0x6297a0 high_water=0x6de860 (7201632 bytes at peak), stream cursor=0x7ee200
port> musyx_aram: stream buffers active=2 peak=2 of 64 slots
port> musyx_aram: bytes uploaded=13144928 -- rejected: store=0 stream=0 upload=0, remove mismatches=0
port> audio out: 96.61 s queued, 5941 callbacks, peak L 32768 R 32768 (of 32767)
port> audio out: 20 underrun(s) totalling 316.0 ms, 174878.0 ms dropped to overrun
port> audio out: (the ring tracks the frame rate: audio is paced by the
port>             retrace, so under 60 fps it starves and under --turbo it
port>             overruns.  --wav is written before the ring and is whole.)
port> OS clock: 10986975000 ticks in 95.48 s = 115.068 MHz (console 40.500)  *** WRONG
port> decode jobs (M43): 32100816 vertices; specialised 100.0%, the walker's by pick_fast's first failed test:
port> vcache (M40, auto): 4116 list calls (0 left to the ring as animated), 4116 primitives, 364994 vertices; 821 hits (52624 vertices, 14.4%; per drawn frame 16.2% over 11 frames)
port> vcache (M44): 15 positions refreshes (339 vertices): stored runs whose position array alone had moved, copied and their positions decoded again
port> vcache (M45): on the frames the auto keyed off, 0 lists looked up refresh-only, 0 refreshes served there (--novcposoff)
port> vcache: misses -- new 1291 (106540 v), plan changed 281 (27457 v), arrays changed 1708 (178034 v), list bytes changed 0 lists; ineligible 0 (0 v, skinned/palette/premerge); not stored (region full this frame) 0 (0 v); stored 249204 v
port> vcache: auto keyed 11 drawn frame(s), left 991 to the decode (fit 28.0 ms); 218 list hash(es) memoised, 186373 memo end(s) leaving module code
port> vcache (M47): the skin body named its arrays 0 times (0 scans), 0 array memos ended by them (--oldvcskin: every memo, the epoch)
port> vcache: hashed 1.3 MB of lists and 7.7 MB of arrays (2.2 KB a list call); 144 ms keying on the game thread (sampled 1 in 8: lists 84, hits 2, misses 58); region 8192 KB, peak 7925 KB, 0 reset(s), 0 cooldown(s); 1291 entries, 686 arrays live, 0 clear(s)
port> GX draw: 1491401 primitives, 40239430 vertices, 147078 glDrawArrays, 1325176 display lists replayed
port> GX draw: M44 layout memo: 241526 primitives kept the last one's, 1249875 settled anew
port> GX draw: 32268258 vertices through the specialised decode loops (80.2%)
port> GX draw: M29: 277877 display-list runs (32100816 vertices, 79.8%) handed to the render thread's decode, 0 runs decoded here instead, 2291 kept here by --rtdecode auto (M33)
port> GX draw: 0 primitive(s) off-world (|position matrix translation| over 10000)
port> skin: deferred CPU skinning; EnvelopeProc 85768 calls: 85768 deferred, 0 run by the game; 30 HSFs registered (0 rebuilt); 4954 deferred bodies run at the draw (0 of them at the array bind), 663848 syncs skipped on consumed frames; palette: 85768 bone syncs, 0 pose builds
port> skin: lifetime: 25 entries dropped by the game's frees, 0 guard hits (must be 0); signatures: 354 full, 85414 by the pointers alone (M47)
port> GL state: 550246 calls emitted, 2600673 elided (82.5% of 3150919)
port> texture cache: 80101 hits, 322 misses, 1 re-uploads, 322 entries, 17513 KB decoded, 113 padded to a power of two, 28180 KB held by GL
port> texture budget: 40 MB; 0 evictions (0 KB) to stay under it
port> texture decode (M23): 320 decodes, 230 ms decoding, 97 ms uploading, 271 ms hashing; 5 frames over 20 ms of it; 27 re-keyed by content (3782 KB not decoded again)
port> texture dirty ranges (M35): 255776 DC store/flush calls, 267 entries marked, 0 hashed clean, 1 decoded again; 198926 calls touched no texture page (M41)
port> texture hash: 11267 KB hashed in full, 35327 KB sampled, 46070 revalidations (of 80424 binds)
port> EFB copies: 1734 colour copies into the cache (on consumed frames from the front buffer: 459 whole-screen, 0 region; 886 clear-after copies kept from the last drawn frame, M21; 833 half-scale copies kept at source size, M23)
port> indirect tiling: 13 composed backgrounds, 983 cache hits

port> render thread: mode 3 (thread, overlapped)
  stream   1300847 records, 70349 KB (55 B/record); 1092 frames presented, peak 173 KB a frame; 0 KB of payload copies; 335 names handed out; 336 owned uploads freed
  replay   9487 ms in all; per presented frame mean 8.69 ms, worst 356.5 ms (1092 frames); present tail (swap executed - swap recorded) mean 4.1 ms, worst 55.2 ms
  decode   277877 runs recorded, 277877 decoded ahead by the decode cursor, 0 by the replay (late); 32100816 vertices; 4369 ms in all, per presented frame mean 4.00 ms, worst 8.5 ms (--rtdecode 3)
  auto     15094 drawn frames planned, 8 split (share mean 0.73, max 0.75); 167442 vertices decoded on the game thread (24 ms) vs 32100816 on the render thread; last plan: game 14.1 + consumed 3.3 vs replay 11.5 + decode 7.2 -> 0.0 ms moved (--rtdecode auto, fit 30 ms, max share 0.75)
  gate     1065 drained, 2 waited (7 ms, worst 3.8 ms), 2 busy (the frame was consumed instead)
  ring     0 reuse waits for the issue, 0 for the GPU (0 ms, worst 0.0 ms); stream full 0 times (0 ms); reader slept 4371 times, woken 6353
  join     retrace                  16277 (259 ms, worst 23.7 ms)
  join     ClusterProc range        513 (0 ms, worst 0.0 ms)
  join     call                     37 (431 ms, worst 72.8 ms)
  join     gate (forced frame)      23 (60 ms, worst 37.2 ms)
  join     skin body                4611 (12 ms, worst 8.3 ms)
  join     skin free                9 (0 ms, worst 0.0 ms)
  join     glReadPixels             3 (109 ms, worst 60.0 ms)
  join     shutdown                 1 (0 ms, worst 0.0 ms)
  rewrite  513 buffer range(s) named by ClusterProc/ShapeProc (M43): 0 free at once, 513 waited for their pages' records; 610 record array(s) outside MEM1
  fences   the ring's chunks by epoch: the writer waited 0 time(s) for the GPU (the `ring' line above); the reader tests pending fences after every present, every 256 records and while idle
port> DVD: 191 reads, 52319970 bytes, 74 ms in reads, 0 over 100 ms

port> loader (M36): prefetch on, 100 jobs, 95 files read ahead (5 skipped as resident), 112.7 MB in 1175 ms off the game thread (worst 395 ms); 0 inline slices on one CPU (0 ms)
port> loader: disk reads after a prefetch of the same file: 0, 0 of them over 100 ms
port> loader: resident set 256 MB: 85 files held (112 MB, 73 of them from the list), 185 reads (47.8 MB) served from memory, 6 (2.1 MB, 74 ms) from the disk, 5 adopted from the game's own reads, 0 evicted (0.0 MB); mlock allowed (112 MB locked)
port> THP: 3 movie(s) skipped, first movie/opmov_a00.thp
port> CARD: 0 reads, 2 writes, 1 files created, 0 deleted, 5 image flushes, 57 of 59 blocks free
port> CARD: flushes on a thread (M29): 11 ms on the game thread in all, 127 ms behind it (worst 50 ms); 0 flush(es) waited for the previous one (0 ms)
port> CARD: M40: 3 flush(es) found the writer busy and left their image for it (1 replaced by a newer one before it started)
port> REL bundles: 9 loads, 8 unloads, 0 re-entries, 0 modules dlclose would not unload
port> REL .data: 1 re-opens of a kept module, 0 of them with .data the last play had changed (reset)

port> cpu 2: workers on
port> workers: the game thread's FPSCR adopted 14514 time(s) (the GL driver's FPU mode, for the reverb's floats)
port> worker mixer   16263 jobs: 16258 finished by the worker, 5 late (run inline by the game thread, 1 ms), 769 waited for (365 ms, worst 1.5 ms); 19572 ms of work on the second core
port> sincos memo: 8010651 hits, 2755567 misses (74.4% hit)
port> fast sin/cos (M42): 2753533 pairs without libm, 2034 through libm
port> rotation memo (M42): mtxRot 87406 hits / 34012 misses, mtxRotCat 781416 hits / 234320 misses
port> motion exec (M42): 273892 calls through the port's body
port> vertex rewriters (M43): 513 ClusterProc, 0 ShapeProc calls, 513 ranges named; the joins are the render thread's report (precise)
port> write barrier (M42, --wbpart: the ends' partial pages too): 930 pages armed in 525 calls, 465 faults (189 pages hot), 333 disarmed by kernel writes/frees; arrays clean 2277 (743 by their ends' hash) / written 89, 3.1 MB of hashing skipped
port> material walk on consumed frames: skipped; 9860008 faces skipped, 2074834 material changes (1761755 Hu3DLightSet, 3135 Hu3DAnimSet kept)
port> sparse concats (bone walk): 15333425 sparse, 0 general
port> sqrtf: 0 through frsqrte, 9795401 through libm (--nofastsqrt)
port> soft-reset watcher: running, body polled 16273 times

---- SDK surface hit at boot: 0 distinct stubs, in first-call order ----
---- 0 stub calls total ----
